timestamp,p_yes,p_no,edge,vol,mispricing,q_yes,q_no,imbalance,cost_yes,cost_no,exposure,locked_profit,profit_if_up,profit_if_down,worst_case_pnl,decision_side,decision_usd,act,reason,scale_cooldown,order_in_flight
1765567802.494358,0.52,0.49000000000000005,-0.010000000000000009,0.02999999999999997,0.010000000000000009,0.0,0.0,0.0,2.9975000000000005,0.0,0.0,-0.0,0.0,0.0,0.0,BUY_YES,3.0,BUY_YES,enter:cheap_yes e=-0.0100,0,0
1765567804.6880229,0.54,0.4699999999999999,-0.010000000000000009,0.07000000000000012,0.010000000000000009,5.45,0.0,5.45,2.9975000000000005,0.0,2.9975000000000005,-2.9975000000000005,2.4524999999999997,-2.9975000000000005,-2.9975000000000005,HOLD,0.0,HOLD,hold:cooldown_live,0,0
1765567806.9339964,0.57,0.45000000000000007,-0.020000000000000018,0.11999999999999988,0.020000000000000018,5.45,6.12,0.6699999999999999,2.9975000000000005,2.9988,5.996300000000001,-0.5463000000000005,-0.5463000000000005,0.12369999999999948,-0.5463000000000005,HOLD,0.0,HOLD,hold:scale_blocked:edge_too_low(-0.020<-0.015) e=-0.0200,0,0
1765567808.9432118,0.55,0.46,-0.010000000000000009,0.09000000000000002,0.010000000000000009,5.45,6.12,0.6699999999999999,2.9975000000000005,2.9988,5.996300000000001,-0.5463000000000005,-0.5463000000000005,0.12369999999999948,-0.5463000000000005,HOLD,0.0,HOLD,hold:scale_risk_too_high (worst:-6.05),0,0
1765567811.0039341,0.57,0.45000000000000007,-0.020000000000000018,0.11999999999999988,0.020000000000000018,5.45,6.12,0.6699999999999999,2.9975000000000005,2.9988,5.996300000000001,-0.5463000000000005,-0.5463000000000005,0.12369999999999948,-0.5463000000000005,HOLD,0.0,HOLD,hold:scale_blocked:edge_too_low(-0.020<-0.015) e=-0.0200,0,0
1765567813.0176682,0.57,0.45000000000000007,-0.020000000000000018,0.11999999999999988,0.020000000000000018,5.45,6.12,0.6699999999999999,2.9975000000000005,2.9988,5.996300000000001,-0.5463000000000005,-0.5463000000000005,0.12369999999999948,-0.5463000000000005,HOLD,0.0,HOLD,hold:scale_blocked:edge_too_low(-0.020<-0.015) e=-0.0200,0,0
1765567815.025707,0.58,0.43,-0.010000000000000009,0.14999999999999997,0.010000000000000009,5.45,6.12,0.6699999999999999,2.9975000000000005,2.9988,5.996300000000001,-0.5463000000000005,-0.5463000000000005,0.12369999999999948,-0.5463000000000005,HOLD,0.0,HOLD,hold:scale_risk_too_high (worst:-6.05),0,0
1765567817.0421479,0.6,0.4289134193376779,-0.02891341933767788,0.17108658066232207,0.02891341933767788,5.45,6.12,0.6699999999999999,2.9975000000000005,2.9988,5.996300000000001,-0.5463000000000005,-0.5463000000000005,0.12369999999999948,-0.5463000000000005,HOLD,0.0,HOLD,hold:scale_blocked:edge_too_low(-0.029<-0.015) e=-0.0289,0,0
1765567819.0521128,0.58,0.44,-0.020000000000000018,0.13999999999999996,0.020000000000000018,5.45,6.12,0.6699999999999999,2.9975000000000005,2.9988,5.996300000000001,-0.5463000000000005,-0.5463000000000005,0.12369999999999948,-0.5463000000000005,HOLD,0.0,HOLD,hold:scale_blocked:edge_too_low(-0.020<-0.015) e=-0.0200,0,0
1765567821.0617166,0.57,0.44,-0.010000000000000009,0.12999999999999995,0.010000000000000009,5.45,6.12,0.6699999999999999,2.9975000000000005,2.9988,5.996300000000001,-0.5463000000000005,-0.5463000000000005,0.12369999999999948,-0.5463000000000005,HOLD,0.0,HOLD,hold:scale_risk_too_high (worst:-6.05),0,0
1765567823.0700185,0.57,0.44,-0.010000000000000009,0.12999999999999995,0.010000000000000009,5.45,6.12,0.6699999999999999,2.9975000000000005,2.9988,5.996300000000001,-0.5463000000000005,-0.5463000000000005,0.12369999999999948,-0.5463000000000005,HOLD,0.0,HOLD,hold:scale_risk_too_high (worst:-6.05),0,0
1765567825.0815377,0.57,0.44,-0.010000000000000009,0.12999999999999995,0.010000000000000009,5.45,6.12,0.6699999999999999,2.9975000000000005,2.9988,5.996300000000001,-0.5463000000000005,-0.5463000000000005,0.12369999999999948,-0.5463000000000005,HOLD,0.0,HOLD,hold:scale_risk_too_high (worst:-6.05),0,0
1765567827.092188,0.62,0.39,-0.010000000000000009,0.22999999999999998,0.010000000000000009,5.45,6.12,0.6699999999999999,2.9975000000000005,2.9988,5.996300000000001,-0.5463000000000005,-0.5463000000000005,0.12369999999999948,-0.5463000000000005,HOLD,0.0,HOLD,hold:scale_risk_too_high (worst:-6.05),0,0
1765567829.100966,0.61,0.4,-0.010000000000000009,0.20999999999999996,0.010000000000000009,5.45,6.12,0.6699999999999999,2.9975000000000005,2.9988,5.996300000000001,-0.5463000000000005,-0.5463000000000005,0.12369999999999948,-0.5463000000000005,HOLD,0.0,HOLD,hold:scale_risk_too_high (worst:-6.05),0,0
1765567831.1378434,0.62,0.4,-0.020000000000000018,0.21999999999999997,0.020000000000000018,5.45,6.12,0.6699999999999999,2.9975000000000005,2.9988,5.996300000000001,-0.5463000000000005,-0.5463000000000005,0.12369999999999948,-0.5463000000000005,HOLD,0.0,HOLD,hold:scale_blocked:edge_too_low(-0.020<-0.015) e=-0.0200,0,0
1765567833.1505344,0.61,0.41,-0.020000000000000018,0.2,0.020000000000000018,5.45,6.12,0.6699999999999999,2.9975000000000005,2.9988,5.996300000000001,-0.5463000000000005,-0.5463000000000005,0.12369999999999948,-0.5463000000000005,HOLD,0.0,HOLD,hold:scale_blocked:edge_too_low(-0.020<-0.015) e=-0.0200,0,0
1765567835.1599743,0.59,0.42,-0.010000000000000009,0.16999999999999998,0.010000000000000009,5.45,6.12,0.6699999999999999,2.9975000000000005,2.9988,5.996300000000001,-0.5463000000000005,-0.5463000000000005,0.12369999999999948,-0.5463000000000005,HOLD,0.0,HOLD,hold:scale_risk_too_high (worst:-6.05),0,0
1765567837.1695294,0.58,0.43,-0.010000000000000009,0.14999999999999997,0.010000000000000009,5.45,6.12,0.6699999999999999,2.9975000000000005,2.9988,5.996300000000001,-0.5463000000000005,-0.5463000000000005,0.12369999999999948,-0.5463000000000005,HOLD,0.0,HOLD,hold:scale_risk_too_high (worst:-6.05),0,0
1765567839.2002957,0.59,0.43,-0.020000000000000018,0.15999999999999998,0.020000000000000018,5.45,6.12,0.6699999999999999,2.9975000000000005,2.9988,5.996300000000001,-0.5463000000000005,-0.5463000000000005,0.12369999999999948,-0.5463000000000005,HOLD,0.0,HOLD,hold:scale_blocked:edge_too_low(-0.020<-0.015) e=-0.0200,0,0
1765567841.2092457,0.59,0.42,-0.010000000000000009,0.16999999999999998,0.010000000000000009,5.45,6.12,0.6699999999999999,2.9975000000000005,2.9988,5.996300000000001,-0.5463000000000005,-0.5463000000000005,0.12369999999999948,-0.5463000000000005,HOLD,0.0,HOLD,hold:scale_risk_too_high (worst:-6.05),0,0
1765567843.2186842,0.6,0.41,-0.010000000000000009,0.19,0.010000000000000009,5.45,6.12,0.6699999999999999,2.9975000000000005,2.9988,5.996300000000001,-0.5463000000000005,-0.5463000000000005,0.12369999999999948,-0.5463000000000005,HOLD,0.0,HOLD,hold:scale_risk_too_high (worst:-6.05),0,0
1765567845.2320704,0.5606557377049181,0.45000000000000007,-0.010655737704918122,0.11065573770491799,0.010655737704918122,5.45,6.12,0.6699999999999999,2.9975000000000005,2.9988,5.996300000000001,-0.5463000000000005,-0.5463000000000005,0.12369999999999948,-0.5463000000000005,HOLD,0.0,HOLD,hold:scale_risk_too_high (worst:-6.05),0,0
1765567847.2421532,0.55,0.46,-0.010000000000000009,0.09000000000000002,0.010000000000000009,5.45,6.12,0.6699999999999999,2.9975000000000005,2.9988,5.996300000000001,-0.5463000000000005,-0.5463000000000005,0.12369999999999948,-0.5463000000000005,HOLD,0.0,HOLD,hold:scale_risk_too_high (worst:-6.05),0,0
1765567849.2538614,0.5508196721311476,0.4699999999999999,-0.02081967213114755,0.08081967213114766,0.02081967213114755,5.45,6.12,0.6699999999999999,2.9975000000000005,2.9988,5.996300000000001,-0.5463000000000005,-0.5463000000000005,0.12369999999999948,-0.5463000000000005,HOLD,0.0,HOLD,hold:scale_blocked:edge_too_low(-0.021<-0.015) e=-0.0208,0,0
1765567851.2640176,0.55,0.4699999999999999,-0.020000000000000018,0.08000000000000013,0.020000000000000018,5.45,6.12,0.6699999999999999,2.9975000000000005,2.9988,5.996300000000001,-0.5463000000000005,-0.5463000000000005,0.12369999999999948,-0.5463000000000005,HOLD,0.0,HOLD,hold:scale_blocked:edge_too_low(-0.020<-0.015) e=-0.0200,0,0
1765567853.285557,0.55,0.4699999999999999,-0.020000000000000018,0.08000000000000013,0.020000000000000018,5.45,6.12,0.6699999999999999,2.9975000000000005,2.9988,5.996300000000001,-0.5463000000000005,-0.5463000000000005,0.12369999999999948,-0.5463000000000005,HOLD,0.0,HOLD,hold:scale_blocked:edge_too_low(-0.020<-0.015) e=-0.0200,0,0
1765567855.3125546,0.56,0.4699999999999999,-0.030000000000000027,0.09000000000000014,0.030000000000000027,5.45,6.12,0.6699999999999999,2.9975000000000005,2.9988,5.996300000000001,-0.5463000000000005,-0.5463000000000005,0.12369999999999948,-0.5463000000000005,HOLD,0.0,HOLD,hold:scale_blocked:edge_too_low(-0.030<-0.015) e=-0.0300,0,0
1765567857.32272,0.58,0.4357442313405737,-0.015744231340573567,0.14425576865942624,0.015744231340573567,5.45,6.12,0.6699999999999999,2.9975000000000005,2.9988,5.996300000000001,-0.5463000000000005,-0.5463000000000005,0.12369999999999948,-0.5463000000000005,HOLD,0.0,HOLD,hold:scale_blocked:edge_too_low(-0.016<-0.015) e=-0.0157,0,0
1765567859.3319392,0.58,0.43,-0.010000000000000009,0.14999999999999997,0.010000000000000009,5.45,6.12,0.6699999999999999,2.9975000000000005,2.9988,5.996300000000001,-0.5463000000000005,-0.5463000000000005,0.12369999999999948,-0.5463000000000005,HOLD,0.0,HOLD,hold:scale_risk_too_high (worst:-6.05),0,0
1765567861.3433886,0.6,0.42,-0.020000000000000018,0.18,0.020000000000000018,5.45,6.12,0.6699999999999999,2.9975000000000005,2.9988,5.996300000000001,-0.5463000000000005,-0.5463000000000005,0.12369999999999948,-0.5463000000000005,HOLD,0.0,HOLD,hold:scale_blocked:edge_too_low(-0.020<-0.015) e=-0.0200,0,0
1765567863.371951,0.56,0.48,-0.040000000000000036,0.08000000000000007,0.040000000000000036,5.45,6.12,0.6699999999999999,2.9975000000000005,2.9988,5.996300000000001,-0.5463000000000005,-0.5463000000000005,0.12369999999999948,-0.5463000000000005,HOLD,0.0,HOLD,hold:scale_blocked:edge_too_low(-0.040<-0.015) e=-0.0400,0,0
1765567865.3817644,0.56,0.4699999999999999,-0.030000000000000027,0.09000000000000014,0.030000000000000027,5.45,6.12,0.6699999999999999,2.9975000000000005,2.9988,5.996300000000001,-0.5463000000000005,-0.5463000000000005,0.12369999999999948,-0.5463000000000005,HOLD,0.0,HOLD,hold:scale_blocked:edge_too_low(-0.030<-0.015) e=-0.0300,0,0
1765567867.3904202,0.58,0.44,-0.020000000000000018,0.13999999999999996,0.020000000000000018,5.45,6.12,0.6699999999999999,2.9975000000000005,2.9988,5.996300000000001,-0.5463000000000005,-0.5463000000000005,0.12369999999999948,-0.5463000000000005,HOLD,0.0,HOLD,hold:scale_blocked:edge_too_low(-0.020<-0.015) e=-0.0200,0,0
1765567869.3996189,0.6,0.43,-0.030000000000000027,0.16999999999999998,0.030000000000000027,5.45,6.12,0.6699999999999999,2.9975000000000005,2.9988,5.996300000000001,-0.5463000000000005,-0.5463000000000005,0.12369999999999948,-0.5463000000000005,HOLD,0.0,HOLD,hold:scale_blocked:edge_too_low(-0.030<-0.015) e=-0.0300,0,0
1765567871.4080374,0.57,0.44,-0.010000000000000009,0.12999999999999995,0.010000000000000009,5.45,6.12,0.6699999999999999,2.9975000000000005,2.9988,5.996300000000001,-0.5463000000000005,-0.5463000000000005,0.12369999999999948,-0.5463000000000005,HOLD,0.0,HOLD,hold:scale_risk_too_high (worst:-6.05),0,0
1765567873.4173098,0.62,0.39,-0.010000000000000009,0.22999999999999998,0.010000000000000009,5.45,6.12,0.6699999999999999,2.9975000000000005,2.9988,5.996300000000001,-0.5463000000000005,-0.5463000000000005,0.12369999999999948,-0.5463000000000005,HOLD,0.0,HOLD,hold:scale_risk_too_high (worst:-6.05),0,0
1765567875.4258208,0.65,0.36,-0.010000000000000009,0.29000000000000004,0.010000000000000009,5.45,6.12,0.6699999999999999,2.9975000000000005,2.9988,5.996300000000001,-0.5463000000000005,-0.5463000000000005,0.12369999999999948,-0.5463000000000005,HOLD,0.0,HOLD,hold:scale_risk_too_high (worst:-6.05),0,0
1765567877.435777,0.66,0.36,-0.020000000000000018,0.30000000000000004,0.020000000000000018,5.45,6.12,0.6699999999999999,2.9975000000000005,2.9988,5.996300000000001,-0.5463000000000005,-0.5463000000000005,0.12369999999999948,-0.5463000000000005,HOLD,0.0,HOLD,hold:scale_blocked:edge_too_low(-0.020<-0.015) e=-0.0200,0,0
1765567879.4457107,0.65,0.37,-0.020000000000000018,0.28,0.020000000000000018,5.45,6.12,0.6699999999999999,2.9975000000000005,2.9988,5.996300000000001,-0.5463000000000005,-0.5463000000000005,0.12369999999999948,-0.5463000000000005,HOLD,0.0,HOLD,hold:scale_blocked:edge_too_low(-0.020<-0.015) e=-0.0200,0,0
1765567881.4549987,0.66,0.36,-0.020000000000000018,0.30000000000000004,0.020000000000000018,5.45,6.12,0.6699999999999999,2.9975000000000005,2.9988,5.996300000000001,-0.5463000000000005,-0.5463000000000005,0.12369999999999948,-0.5463000000000005,HOLD,0.0,HOLD,hold:scale_blocked:edge_too_low(-0.020<-0.015) e=-0.0200,0,0
1765567883.4634602,0.66,0.37,-0.030000000000000027,0.29000000000000004,0.030000000000000027,5.45,6.12,0.6699999999999999,2.9975000000000005,2.9988,5.996300000000001,-0.5463000000000005,-0.5463000000000005,0.12369999999999948,-0.5463000000000005,HOLD,0.0,HOLD,hold:scale_blocked:edge_too_low(-0.030<-0.015) e=-0.0300,0,0
1765567885.4727583,0.65,0.37,-0.020000000000000018,0.28,0.020000000000000018,5.45,6.12,0.6699999999999999,2.9975000000000005,2.9988,5.996300000000001,-0.5463000000000005,-0.5463000000000005,0.12369999999999948,-0.5463000000000005,HOLD,0.0,HOLD,hold:scale_blocked:edge_too_low(-0.020<-0.015) e=-0.0200,0,0
1765567887.4808185,0.65,0.37,-0.020000000000000018,0.28,0.020000000000000018,5.45,6.12,0.6699999999999999,2.9975000000000005,2.9988,5.996300000000001,-0.5463000000000005,-0.5463000000000005,0.12369999999999948,-0.5463000000000005,HOLD,0.0,HOLD,hold:scale_blocked:edge_too_low(-0.020<-0.015) e=-0.0200,0,0
1765567889.4893315,0.66,0.36393442622950817,-0.023934426229508254,0.29606557377049186,0.023934426229508254,5.45,6.12,0.6699999999999999,2.9975000000000005,2.9988,5.996300000000001,-0.5463000000000005,-0.5463000000000005,0.12369999999999948,-0.5463000000000005,HOLD,0.0,HOLD,hold:scale_blocked:edge_too_low(-0.024<-0.015) e=-0.0239,0,0
1765567891.4977715,0.66,0.35000000000000003,-0.010000000000000009,0.31,0.010000000000000009,5.45,6.12,0.6699999999999999,2.9975000000000005,2.9988,5.996300000000001,-0.5463000000000005,-0.5463000000000005,0.12369999999999948,-0.5463000000000005,HOLD,0.0,HOLD,hold:scale_risk_too_high (worst:-6.05),0,0
1765567893.506706,0.67,0.35409836065573774,-0.02409836065573767,0.3159016393442623,0.02409836065573767,5.45,6.12,0.6699999999999999,2.9975000000000005,2.9988,5.996300000000001,-0.5463000000000005,-0.5463000000000005,0.12369999999999948,-0.5463000000000005,HOLD,0.0,HOLD,hold:scale_blocked:edge_too_low(-0.024<-0.015) e=-0.0241,0,0
1765567895.515292,0.65,0.36,-0.010000000000000009,0.29000000000000004,0.010000000000000009,5.45,6.12,0.6699999999999999,2.9975000000000005,2.9988,5.996300000000001,-0.5463000000000005,-0.5463000000000005,0.12369999999999948,-0.5463000000000005,HOLD,0.0,HOLD,hold:scale_risk_too_high (worst:-6.05),0,0
1765567897.5247872,0.66,0.36,-0.020000000000000018,0.30000000000000004,0.020000000000000018,5.45,6.12,0.6699999999999999,2.9975000000000005,2.9988,5.996300000000001,-0.5463000000000005,-0.5463000000000005,0.12369999999999948,-0.5463000000000005,HOLD,0.0,HOLD,hold:scale_blocked:edge_too_low(-0.020<-0.015) e=-0.0200,0,0
1765567899.5334234,0.66,0.36,-0.020000000000000018,0.30000000000000004,0.020000000000000018,5.45,6.12,0.6699999999999999,2.9975000000000005,2.9988,5.996300000000001,-0.5463000000000005,-0.5463000000000005,0.12369999999999948,-0.5463000000000005,HOLD,0.0,HOLD,hold:scale_blocked:edge_too_low(-0.020<-0.015) e=-0.0200,0,0
1765567901.5415683,0.66,0.35000000000000003,-0.010000000000000009,0.31,0.010000000000000009,5.45,6.12,0.6699999999999999,2.9975000000000005,2.9988,5.996300000000001,-0.5463000000000005,-0.5463000000000005,0.12369999999999948,-0.5463000000000005,HOLD,0.0,HOLD,hold:scale_risk_too_high (worst:-6.05),0,0
1765567903.5514996,0.66,0.35000000000000003,-0.010000000000000009,0.31,0.010000000000000009,5.45,6.12,0.6699999999999999,2.9975000000000005,2.9988,5.996300000000001,-0.5463000000000005,-0.5463000000000005,0.12369999999999948,-0.5463000000000005,HOLD,0.0,HOLD,hold:scale_risk_too_high (worst:-6.05),0,0
1765567905.5603712,0.66,0.35000000000000003,-0.010000000000000009,0.31,0.010000000000000009,5.45,6.12,0.6699999999999999,2.9975000000000005,2.9988,5.996300000000001,-0.5463000000000005,-0.5463000000000005,0.12369999999999948,-0.5463000000000005,HOLD,0.0,HOLD,hold:scale_risk_too_high (worst:-6.05),0,0
1765567907.5685644,0.66,0.35000000000000003,-0.010000000000000009,0.31,0.010000000000000009,5.45,6.12,0.6699999999999999,2.9975000000000005,2.9988,5.996300000000001,-0.5463000000000005,-0.5463000000000005,0.12369999999999948,-0.5463000000000005,HOLD,0.0,HOLD,hold:scale_risk_too_high (worst:-6.05),0,0
1765567909.5777535,0.66,0.3509341998375305,-0.010934199837530523,0.30906580016246954,0.010934199837530523,5.45,6.12,0.6699999999999999,2.9975000000000005,2.9988,5.996300000000001,-0.5463000000000005,-0.5463000000000005,0.12369999999999948,-0.5463000000000005,HOLD,0.0,HOLD,hold:scale_risk_too_high (worst:-6.05),0,0
1765567911.5878594,0.66,0.3509341998375305,-0.010934199837530523,0.30906580016246954,0.010934199837530523,5.45,6.12,0.6699999999999999,2.9975000000000005,2.9988,5.996300000000001,-0.5463000000000005,-0.5463000000000005,0.12369999999999948,-0.5463000000000005,HOLD,0.0,HOLD,hold:scale_risk_too_high (worst:-6.05),0,0
1765567913.5976815,0.65,0.36,-0.010000000000000009,0.29000000000000004,0.010000000000000009,5.45,6.12,0.6699999999999999,2.9975000000000005,2.9988,5.996300000000001,-0.5463000000000005,-0.5463000000000005,0.12369999999999948,-0.5463000000000005,HOLD,0.0,HOLD,hold:scale_risk_too_high (worst:-6.05),0,0
1765567915.606875,0.65,0.36,-0.010000000000000009,0.29000000000000004,0.010000000000000009,5.45,6.12,0.6699999999999999,2.9975000000000005,2.9988,5.996300000000001,-0.5463000000000005,-0.5463000000000005,0.12369999999999948,-0.5463000000000005,HOLD,0.0,HOLD,hold:scale_risk_too_high (worst:-6.05),0,0
1765567917.6153953,0.66,0.35000000000000003,-0.010000000000000009,0.31,0.010000000000000009,5.45,6.12,0.6699999999999999,2.9975000000000005,2.9988,5.996300000000001,-0.5463000000000005,-0.5463000000000005,0.12369999999999948,-0.5463000000000005,HOLD,0.0,HOLD,hold:scale_risk_too_high (worst:-6.05),0,0
1765567919.624035,0.68,0.33,-0.010000000000000009,0.35000000000000003,0.010000000000000009,5.45,6.12,0.6699999999999999,2.9975000000000005,2.9988,5.996300000000001,-0.5463000000000005,-0.5463000000000005,0.12369999999999948,-0.5463000000000005,HOLD,0.0,HOLD,hold:scale_risk_too_high (worst:-6.05),0,0
1765567921.6349816,0.67,0.35000000000000003,-0.020000000000000018,0.32,0.020000000000000018,5.45,6.12,0.6699999999999999,2.9975000000000005,2.9988,5.996300000000001,-0.5463000000000005,-0.5463000000000005,0.12369999999999948,-0.5463000000000005,HOLD,0.0,HOLD,hold:scale_blocked:edge_too_low(-0.020<-0.015) e=-0.0200,0,0
1765567923.6451745,0.66,0.35000000000000003,-0.010000000000000009,0.31,0.010000000000000009,5.45,6.12,0.6699999999999999,2.9975000000000005,2.9988,5.996300000000001,-0.5463000000000005,-0.5463000000000005,0.12369999999999948,-0.5463000000000005,HOLD,0.0,HOLD,hold:scale_risk_too_high (worst:-6.05),0,0
1765567925.6601033,0.68,0.3322908522283034,-0.012290852228303395,0.34770914777169665,0.012290852228303395,5.45,6.12,0.6699999999999999,2.9975000000000005,2.9988,5.996300000000001,-0.5463000000000005,-0.5463000000000005,0.12369999999999948,-0.5463000000000005,HOLD,0.0,HOLD,hold:scale_risk_too_high (worst:-6.05),0,0
1765567927.668289,0.64,0.37,-0.010000000000000009,0.27,0.010000000000000009,5.45,6.12,0.6699999999999999,2.9975000000000005,2.9988,5.996300000000001,-0.5463000000000005,-0.5463000000000005,0.12369999999999948,-0.5463000000000005,HOLD,0.0,HOLD,hold:scale_risk_too_high (worst:-6.05),0,0
1765567929.6767309,0.64,0.37,-0.010000000000000009,0.27,0.010000000000000009,5.45,6.12,0.6699999999999999,2.9975000000000005,2.9988,5.996300000000001,-0.5463000000000005,-0.5463000000000005,0.12369999999999948,-0.5463000000000005,HOLD,0.0,HOLD,hold:scale_risk_too_high (worst:-6.05),0,0
1765567931.6854823,0.62,0.39,-0.010000000000000009,0.22999999999999998,0.010000000000000009,5.45,6.12,0.6699999999999999,2.9975000000000005,2.9988,5.996300000000001,-0.5463000000000005,-0.5463000000000005,0.12369999999999948,-0.5463000000000005,HOLD,0.0,HOLD,hold:scale_risk_too_high (worst:-6.05),0,0
1765567933.6949193,0.61,0.4,-0.010000000000000009,0.20999999999999996,0.010000000000000009,5.45,6.12,0.6699999999999999,2.9975000000000005,2.9988,5.996300000000001,-0.5463000000000005,-0.5463000000000005,0.12369999999999948,-0.5463000000000005,HOLD,0.0,HOLD,hold:scale_risk_too_high (worst:-6.05),0,0
1765567935.7037,0.62,0.39344262295081966,-0.013442622950819771,0.22655737704918033,0.013442622950819771,5.45,6.12,0.6699999999999999,2.9975000000000005,2.9988,5.996300000000001,-0.5463000000000005,-0.5463000000000005,0.12369999999999948,-0.5463000000000005,HOLD,0.0,HOLD,hold:scale_risk_too_high (worst:-6.05),0,0
1765567937.7123535,0.61,0.40327868852459015,-0.013278688524590132,0.20672131147540984,0.013278688524590132,5.45,6.12,0.6699999999999999,2.9975000000000005,2.9988,5.996300000000001,-0.5463000000000005,-0.5463000000000005,0.12369999999999948,-0.5463000000000005,HOLD,0.0,HOLD,hold:scale_risk_too_high (worst:-6.05),0,0
1765567939.720723,0.58,0.43,-0.010000000000000009,0.14999999999999997,0.010000000000000009,5.45,6.12,0.6699999999999999,2.9975000000000005,2.9988,5.996300000000001,-0.5463000000000005,-0.5463000000000005,0.12369999999999948,-0.5463000000000005,HOLD,0.0,HOLD,hold:scale_risk_too_high (worst:-6.05),0,0
1765567941.729047,0.58,0.43,-0.010000000000000009,0.14999999999999997,0.010000000000000009,5.45,6.12,0.6699999999999999,2.9975000000000005,2.9988,5.996300000000001,-0.5463000000000005,-0.5463000000000005,0.12369999999999948,-0.5463000000000005,HOLD,0.0,HOLD,hold:scale_risk_too_high (worst:-6.05),0,0
1765567943.7385635,0.58,0.44,-0.020000000000000018,0.13999999999999996,0.020000000000000018,5.45,6.12,0.6699999999999999,2.9975000000000005,2.9988,5.996300000000001,-0.5463000000000005,-0.5463000000000005,0.12369999999999948,-0.5463000000000005,HOLD,0.0,HOLD,hold:scale_blocked:edge_too_low(-0.020<-0.015) e=-0.0200,0,0
1765567945.7455018,0.61,0.43,-0.040000000000000036,0.18,0.040000000000000036,5.45,6.12,0.6699999999999999,2.9975000000000005,2.9988,5.996300000000001,-0.5463000000000005,-0.5463000000000005,0.12369999999999948,-0.5463000000000005,HOLD,0.0,HOLD,hold:scale_blocked:edge_too_low(-0.040<-0.015) e=-0.0400,0,0
1765567947.7549362,0.64,0.38,-0.020000000000000018,0.26,0.020000000000000018,5.45,6.12,0.6699999999999999,2.9975000000000005,2.9988,5.996300000000001,-0.5463000000000005,-0.5463000000000005,0.12369999999999948,-0.5463000000000005,HOLD,0.0,HOLD,hold:scale_blocked:edge_too_low(-0.020<-0.015) e=-0.0200,0,0
1765567949.7623582,0.64,0.38,-0.020000000000000018,0.26,0.020000000000000018,5.45,6.12,0.6699999999999999,2.9975000000000005,2.9988,5.996300000000001,-0.5463000000000005,-0.5463000000000005,0.12369999999999948,-0.5463000000000005,HOLD,0.0,HOLD,hold:scale_blocked:edge_too_low(-0.020<-0.015) e=-0.0200,0,0
1765567951.7707949,0.63,0.39,-0.020000000000000018,0.24,0.020000000000000018,5.45,6.12,0.6699999999999999,2.9975000000000005,2.9988,5.996300000000001,-0.5463000000000005,-0.5463000000000005,0.12369999999999948,-0.5463000000000005,HOLD,0.0,HOLD,hold:scale_blocked:edge_too_low(-0.020<-0.015) e=-0.0200,0,0
1765567953.779774,0.62,0.39,-0.010000000000000009,0.22999999999999998,0.010000000000000009,5.45,6.12,0.6699999999999999,2.9975000000000005,2.9988,5.996300000000001,-0.5463000000000005,-0.5463000000000005,0.12369999999999948,-0.5463000000000005,HOLD,0.0,HOLD,hold:scale_risk_too_high (worst:-6.05),0,0
1765567955.7922683,0.6,0.42,-0.020000000000000018,0.18,0.020000000000000018,5.45,6.12,0.6699999999999999,2.9975000000000005,2.9988,5.996300000000001,-0.5463000000000005,-0.5463000000000005,0.12369999999999948,-0.5463000000000005,HOLD,0.0,HOLD,hold:scale_blocked:edge_too_low(-0.020<-0.015) e=-0.0200,0,0
1765567957.8014476,0.61,0.42,-0.030000000000000027,0.19,0.030000000000000027,5.45,6.12,0.6699999999999999,2.9975000000000005,2.9988,5.996300000000001,-0.5463000000000005,-0.5463000000000005,0.12369999999999948,-0.5463000000000005,HOLD,0.0,HOLD,hold:scale_blocked:edge_too_low(-0.030<-0.015) e=-0.0300,0,0
1765567959.808647,0.6,0.42,-0.020000000000000018,0.18,0.020000000000000018,5.45,6.12,0.6699999999999999,2.9975000000000005,2.9988,5.996300000000001,-0.5463000000000005,-0.5463000000000005,0.12369999999999948,-0.5463000000000005,HOLD,0.0,HOLD,hold:scale_blocked:edge_too_low(-0.020<-0.015) e=-0.0200,0,0
1765567961.8188777,0.6,0.42,-0.020000000000000018,0.18,0.020000000000000018,5.45,6.12,0.6699999999999999,2.9975000000000005,2.9988,5.996300000000001,-0.5463000000000005,-0.5463000000000005,0.12369999999999948,-0.5463000000000005,HOLD,0.0,HOLD,hold:scale_blocked:edge_too_low(-0.020<-0.015) e=-0.0200,0,0
1765567963.827731,0.59,0.43,-0.020000000000000018,0.15999999999999998,0.020000000000000018,5.45,6.12,0.6699999999999999,2.9975000000000005,2.9988,5.996300000000001,-0.5463000000000005,-0.5463000000000005,0.12369999999999948,-0.5463000000000005,HOLD,0.0,HOLD,hold:scale_blocked:edge_too_low(-0.020<-0.015) e=-0.0200,0,0
1765567965.8351932,0.56,0.46,-0.020000000000000018,0.10000000000000003,0.020000000000000018,5.45,6.12,0.6699999999999999,2.9975000000000005,2.9988,5.996300000000001,-0.5463000000000005,-0.5463000000000005,0.12369999999999948,-0.5463000000000005,HOLD,0.0,HOLD,hold:scale_blocked:edge_too_low(-0.020<-0.015) e=-0.0200,0,0
1765567967.846203,0.55,0.4699999999999999,-0.020000000000000018,0.08000000000000013,0.020000000000000018,5.45,6.12,0.6699999999999999,2.9975000000000005,2.9988,5.996300000000001,-0.5463000000000005,-0.5463000000000005,0.12369999999999948,-0.5463000000000005,HOLD,0.0,HOLD,hold:scale_blocked:edge_too_low(-0.020<-0.015) e=-0.0200,0,0
1765567969.855519,0.56,0.4509803921568628,-0.010980392156862973,0.10901960784313725,0.010980392156862973,5.45,6.12,0.6699999999999999,2.9975000000000005,2.9988,5.996300000000001,-0.5463000000000005,-0.5463000000000005,0.12369999999999948,-0.5463000000000005,HOLD,0.0,HOLD,hold:scale_risk_too_high (worst:-6.05),0,0
1765567971.8646154,0.56,0.45000000000000007,-0.010000000000000231,0.10999999999999999,0.010000000000000231,5.45,6.12,0.6699999999999999,2.9975000000000005,2.9988,5.996300000000001,-0.5463000000000005,-0.5463000000000005,0.12369999999999948,-0.5463000000000005,HOLD,0.0,HOLD,hold:scale_risk_too_high (worst:-6.05),0,0
1765567973.8732355,0.53,0.5,-0.030000000000000027,0.030000000000000027,0.030000000000000027,5.45,6.12,0.6699999999999999,2.9975000000000005,2.9988,5.996300000000001,-0.5463000000000005,-0.5463000000000005,0.12369999999999948,-0.5463000000000005,HOLD,0.0,HOLD,hold:scale_blocked:edge_too_low(-0.030<-0.015) e=-0.0300,0,0
1765567975.8826094,0.52,0.5,-0.020000000000000018,0.020000000000000018,0.020000000000000018,5.45,6.12,0.6699999999999999,2.9975000000000005,2.9988,5.996300000000001,-0.5463000000000005,-0.5463000000000005,0.12369999999999948,-0.5463000000000005,HOLD,0.0,HOLD,hold:scale_blocked:edge_too_low(-0.020<-0.015) e=-0.0200,0,0
1765567977.8912897,0.52,0.5,-0.020000000000000018,0.020000000000000018,0.020000000000000018,5.45,6.12,0.6699999999999999,2.9975000000000005,2.9988,5.996300000000001,-0.5463000000000005,-0.5463000000000005,0.12369999999999948,-0.5463000000000005,HOLD,0.0,HOLD,hold:scale_blocked:edge_too_low(-0.020<-0.015) e=-0.0200,0,0
1765567979.9003985,0.52,0.5,-0.020000000000000018,0.020000000000000018,0.020000000000000018,5.45,6.12,0.6699999999999999,2.9975000000000005,2.9988,5.996300000000001,-0.5463000000000005,-0.5463000000000005,0.12369999999999948,-0.5463000000000005,HOLD,0.0,HOLD,hold:scale_blocked:edge_too_low(-0.020<-0.015) e=-0.0200,0,0
1765567981.9101188,0.5,0.51,-0.010000000000000009,0.010000000000000009,0.010000000000000009,5.45,6.12,0.6699999999999999,2.9975000000000005,2.9988,5.996300000000001,-0.5463000000000005,-0.5463000000000005,0.12369999999999948,-0.5463000000000005,HOLD,0.0,HOLD,hold:scale_risk_too_high (worst:-5.38),0,0
1765567983.9199336,0.55,0.46,-0.010000000000000009,0.09000000000000002,0.010000000000000009,5.45,6.12,0.6699999999999999,2.9975000000000005,2.9988,5.996300000000001,-0.5463000000000005,-0.5463000000000005,0.12369999999999948,-0.5463000000000005,HOLD,0.0,HOLD,hold:scale_risk_too_high (worst:-6.05),0,0
1765567985.9283752,0.57,0.46,-0.030000000000000027,0.10999999999999993,0.030000000000000027,5.45,6.12,0.6699999999999999,2.9975000000000005,2.9988,5.996300000000001,-0.5463000000000005,-0.5463000000000005,0.12369999999999948,-0.5463000000000005,HOLD,0.0,HOLD,hold:scale_blocked:edge_too_low(-0.030<-0.015) e=-0.0300,0,0
1765567987.938335,0.57,0.45245901639344266,-0.02245901639344261,0.11754098360655729,0.02245901639344261,5.45,6.12,0.6699999999999999,2.9975000000000005,2.9988,5.996300000000001,-0.5463000000000005,-0.5463000000000005,0.12369999999999948,-0.5463000000000005,HOLD,0.0,HOLD,hold:scale_blocked:edge_too_low(-0.022<-0.015) e=-0.0225,0,0
1765567989.9464855,0.6,0.41,-0.010000000000000009,0.19,0.010000000000000009,5.45,6.12,0.6699999999999999,2.9975000000000005,2.9988,5.996300000000001,-0.5463000000000005,-0.5463000000000005,0.12369999999999948,-0.5463000000000005,HOLD,0.0,HOLD,hold:scale_risk_too_high (worst:-6.05),0,0
1765567991.9542747,0.6,0.4131147540983606,-0.013114754098360493,0.18688524590163935,0.013114754098360493,5.45,6.12,0.6699999999999999,2.9975000000000005,2.9988,5.996300000000001,-0.5463000000000005,-0.5463000000000005,0.12369999999999948,-0.5463000000000005,HOLD,0.0,HOLD,hold:scale_risk_too_high (worst:-6.05),0,0
1765567993.9634688,0.61,0.41,-0.020000000000000018,0.2,0.020000000000000018,5.45,6.12,0.6699999999999999,2.9975000000000005,2.9988,5.996300000000001,-0.5463000000000005,-0.5463000000000005,0.12369999999999948,-0.5463000000000005,HOLD,0.0,HOLD,hold:scale_blocked:edge_too_low(-0.020<-0.015) e=-0.0200,0,0
1765567995.9732957,0.62,0.39,-0.010000000000000009,0.22999999999999998,0.010000000000000009,5.45,6.12,0.6699999999999999,2.9975000000000005,2.9988,5.996300000000001,-0.5463000000000005,-0.5463000000000005,0.12369999999999948,-0.5463000000000005,HOLD,0.0,HOLD,hold:scale_risk_too_high (worst:-6.05),0,0
1765567997.9825945,0.61,0.42,-0.030000000000000027,0.19,0.030000000000000027,5.45,6.12,0.6699999999999999,2.9975000000000005,2.9988,5.996300000000001,-0.5463000000000005,-0.5463000000000005,0.12369999999999948,-0.5463000000000005,HOLD,0.0,HOLD,hold:scale_blocked:edge_too_low(-0.030<-0.015) e=-0.0300,0,0
1765567999.9912508,0.62,0.4,-0.020000000000000018,0.21999999999999997,0.020000000000000018,5.45,6.12,0.6699999999999999,2.9975000000000005,2.9988,5.996300000000001,-0.5463000000000005,-0.5463000000000005,0.12369999999999948,-0.5463000000000005,HOLD,0.0,HOLD,hold:scale_blocked:edge_too_low(-0.020<-0.015) e=-0.0200,0,0
1765568002.0000124,0.62,0.39344262295081966,-0.013442622950819771,0.22655737704918033,0.013442622950819771,5.45,6.12,0.6699999999999999,2.9975000000000005,2.9988,5.996300000000001,-0.5463000000000005,-0.5463000000000005,0.12369999999999948,-0.5463000000000005,HOLD,0.0,HOLD,hold:scale_risk_too_high (worst:-6.05),0,0
1765568004.0101833,0.6211996713229252,0.41,-0.031199671322925226,0.21119967132292522,0.031199671322925226,5.45,6.12,0.6699999999999999,2.9975000000000005,2.9988,5.996300000000001,-0.5463000000000005,-0.5463000000000005,0.12369999999999948,-0.5463000000000005,HOLD,0.0,HOLD,hold:scale_blocked:edge_too_low(-0.031<-0.015) e=-0.0312,0,0
1765568006.01907,0.61,0.42,-0.030000000000000027,0.19,0.030000000000000027,5.45,6.12,0.6699999999999999,2.9975000000000005,2.9988,5.996300000000001,-0.5463000000000005,-0.5463000000000005,0.12369999999999948,-0.5463000000000005,HOLD,0.0,HOLD,hold:scale_blocked:edge_too_low(-0.030<-0.015) e=-0.0300,0,0
1765568008.0272548,0.65,0.37,-0.020000000000000018,0.28,0.020000000000000018,5.45,6.12,0.6699999999999999,2.9975000000000005,2.9988,5.996300000000001,-0.5463000000000005,-0.5463000000000005,0.12369999999999948,-0.5463000000000005,HOLD,0.0,HOLD,hold:scale_blocked:edge_too_low(-0.020<-0.015) e=-0.0200,0,0
1765568010.0353048,0.64,0.37,-0.010000000000000009,0.27,0.010000000000000009,5.45,6.12,0.6699999999999999,2.9975000000000005,2.9988,5.996300000000001,-0.5463000000000005,-0.5463000000000005,0.12369999999999948,-0.5463000000000005,HOLD,0.0,HOLD,hold:scale_risk_too_high (worst:-6.05),0,0
1765568012.04481,0.6,0.41,-0.010000000000000009,0.19,0.010000000000000009,5.45,6.12,0.6699999999999999,2.9975000000000005,2.9988,5.996300000000001,-0.5463000000000005,-0.5463000000000005,0.12369999999999948,-0.5463000000000005,HOLD,0.0,HOLD,hold:scale_risk_too_high (worst:-6.05),0,0
1765568014.0538094,0.64,0.38,-0.020000000000000018,0.26,0.020000000000000018,5.45,6.12,0.6699999999999999,2.9975000000000005,2.9988,5.996300000000001,-0.5463000000000005,-0.5463000000000005,0.12369999999999948,-0.5463000000000005,HOLD,0.0,HOLD,hold:scale_blocked:edge_too_low(-0.020<-0.015) e=-0.0200,0,0
1765568016.0617151,0.64,0.38,-0.020000000000000018,0.26,0.020000000000000018,5.45,6.12,0.6699999999999999,2.9975000000000005,2.9988,5.996300000000001,-0.5463000000000005,-0.5463000000000005,0.12369999999999948,-0.5463000000000005,HOLD,0.0,HOLD,hold:scale_blocked:edge_too_low(-0.020<-0.015) e=-0.0200,0,0
1765568018.069924,0.63,0.39,-0.020000000000000018,0.24,0.020000000000000018,5.45,6.12,0.6699999999999999,2.9975000000000005,2.9988,5.996300000000001,-0.5463000000000005,-0.5463000000000005,0.12369999999999948,-0.5463000000000005,HOLD,0.0,HOLD,hold:scale_blocked:edge_too_low(-0.020<-0.015) e=-0.0200,0,0
1765568020.0791268,0.64,0.38,-0.020000000000000018,0.26,0.020000000000000018,5.45,6.12,0.6699999999999999,2.9975000000000005,2.9988,5.996300000000001,-0.5463000000000005,-0.5463000000000005,0.12369999999999948,-0.5463000000000005,HOLD,0.0,HOLD,hold:scale_blocked:edge_too_low(-0.020<-0.015) e=-0.0200,0,0
1765568022.086066,0.64,0.38,-0.020000000000000018,0.26,0.020000000000000018,5.45,6.12,0.6699999999999999,2.9975000000000005,2.9988,5.996300000000001,-0.5463000000000005,-0.5463000000000005,0.12369999999999948,-0.5463000000000005,HOLD,0.0,HOLD,hold:scale_blocked:edge_too_low(-0.020<-0.015) e=-0.0200,0,0
1765568024.0962358,0.64,0.38,-0.020000000000000018,0.26,0.020000000000000018,5.45,6.12,0.6699999999999999,2.9975000000000005,2.9988,5.996300000000001,-0.5463000000000005,-0.5463000000000005,0.12369999999999948,-0.5463000000000005,HOLD,0.0,HOLD,hold:scale_blocked:edge_too_low(-0.020<-0.015) e=-0.0200,0,0
1765568026.1047766,0.65,0.36,-0.010000000000000009,0.29000000000000004,0.010000000000000009,5.45,6.12,0.6699999999999999,2.9975000000000005,2.9988,5.996300000000001,-0.5463000000000005,-0.5463000000000005,0.12369999999999948,-0.5463000000000005,HOLD,0.0,HOLD,hold:scale_risk_too_high (worst:-6.05),0,0
1765568028.11482,0.65,0.36,-0.010000000000000009,0.29000000000000004,0.010000000000000009,5.45,6.12,0.6699999999999999,2.9975000000000005,2.9988,5.996300000000001,-0.5463000000000005,-0.5463000000000005,0.12369999999999948,-0.5463000000000005,HOLD,0.0,HOLD,hold:scale_risk_too_high (worst:-6.05),0,0
1765568030.1249006,0.64,0.38,-0.020000000000000018,0.26,0.020000000000000018,5.45,6.12,0.6699999999999999,2.9975000000000005,2.9988,5.996300000000001,-0.5463000000000005,-0.5463000000000005,0.12369999999999948,-0.5463000000000005,HOLD,0.0,HOLD,hold:scale_blocked:edge_too_low(-0.020<-0.015) e=-0.0200,0,0
1765568032.1341898,0.64,0.37,-0.010000000000000009,0.27,0.010000000000000009,5.45,6.12,0.6699999999999999,2.9975000000000005,2.9988,5.996300000000001,-0.5463000000000005,-0.5463000000000005,0.12369999999999948,-0.5463000000000005,HOLD,0.0,HOLD,hold:scale_risk_too_high (worst:-6.05),0,0
1765568034.1423225,0.64,0.37,-0.010000000000000009,0.27,0.010000000000000009,5.45,6.12,0.6699999999999999,2.9975000000000005,2.9988,5.996300000000001,-0.5463000000000005,-0.5463000000000005,0.12369999999999948,-0.5463000000000005,HOLD,0.0,HOLD,hold:scale_risk_too_high (worst:-6.05),0,0
1765568036.1512907,0.65,0.36393442622950817,-0.013934426229508245,0.28606557377049185,0.013934426229508245,5.45,6.12,0.6699999999999999,2.9975000000000005,2.9988,5.996300000000001,-0.5463000000000005,-0.5463000000000005,0.12369999999999948,-0.5463000000000005,HOLD,0.0,HOLD,hold:scale_risk_too_high (worst:-6.05),0,0
1765568038.1597753,0.65,0.36,-0.010000000000000009,0.29000000000000004,0.010000000000000009,5.45,6.12,0.6699999999999999,2.9975000000000005,2.9988,5.996300000000001,-0.5463000000000005,-0.5463000000000005,0.12369999999999948,-0.5463000000000005,HOLD,0.0,HOLD,hold:scale_risk_too_high (worst:-6.05),0,0
1765568040.1699147,0.65,0.37,-0.020000000000000018,0.28,0.020000000000000018,5.45,6.12,0.6699999999999999,2.9975000000000005,2.9988,5.996300000000001,-0.5463000000000005,-0.5463000000000005,0.12369999999999948,-0.5463000000000005,HOLD,0.0,HOLD,hold:scale_blocked:edge_too_low(-0.020<-0.015) e=-0.0200,0,0
1765568042.179612,0.7000000000000001,0.32,-0.020000000000000018,0.38000000000000006,0.020000000000000018,5.45,6.12,0.6699999999999999,2.9975000000000005,2.9988,5.996300000000001,-0.5463000000000005,-0.5463000000000005,0.12369999999999948,-0.5463000000000005,HOLD,0.0,HOLD,hold:scale_blocked:edge_too_low(-0.020<-0.015) e=-0.0200,0,0
1765568044.1904058,0.7000000000000001,0.32,-0.020000000000000018,0.38000000000000006,0.020000000000000018,5.45,6.12,0.6699999999999999,2.9975000000000005,2.9988,5.996300000000001,-0.5463000000000005,-0.5463000000000005,0.12369999999999948,-0.5463000000000005,HOLD,0.0,HOLD,hold:scale_blocked:edge_too_low(-0.020<-0.015) e=-0.0200,0,0
1765568046.1980312,0.7000000000000001,0.31,-0.010000000000000009,0.39000000000000007,0.010000000000000009,5.45,6.12,0.6699999999999999,2.9975000000000005,2.9988,5.996300000000001,-0.5463000000000005,-0.5463000000000005,0.12369999999999948,-0.5463000000000005,HOLD,0.0,HOLD,hold:scale_risk_too_high (worst:-6.05),0,0
1765568048.2064662,0.72,0.31,-0.030000000000000027,0.41,0.030000000000000027,5.45,6.12,0.6699999999999999,2.9975000000000005,2.9988,5.996300000000001,-0.5463000000000005,-0.5463000000000005,0.12369999999999948,-0.5463000000000005,HOLD,0.0,HOLD,hold:scale_blocked:edge_too_low(-0.030<-0.015) e=-0.0300,0,0
1765568050.2152596,0.72,0.29032258064516125,-0.010322580645161228,0.4296774193548387,0.010322580645161228,5.45,6.12,0.6699999999999999,2.9975000000000005,2.9988,5.996300000000001,-0.5463000000000005,-0.5463000000000005,0.12369999999999948,-0.5463000000000005,HOLD,0.0,HOLD,hold:scale_risk_too_high (worst:-6.05),0,0
1765568052.224648,0.7099999999999999,0.3,-0.009999999999999787,0.40999999999999986,0.009999999999999787,5.45,6.12,0.6699999999999999,2.9975000000000005,2.9988,5.996300000000001,-0.5463000000000005,-0.5463000000000005,0.12369999999999948,-0.5463000000000005,HOLD,0.0,HOLD,hold:scale_risk_too_high (worst:-6.05),0,0
1765568054.2333343,0.7000000000000001,0.32,-0.020000000000000018,0.38000000000000006,0.020000000000000018,5.45,6.12,0.6699999999999999,2.9975000000000005,2.9988,5.996300000000001,-0.5463000000000005,-0.5463000000000005,0.12369999999999948,-0.5463000000000005,HOLD,0.0,HOLD,hold:scale_blocked:edge_too_low(-0.020<-0.015) e=-0.0200,0,0
1765568056.2428582,0.68,0.33,-0.010000000000000009,0.35000000000000003,0.010000000000000009,5.45,6.12,0.6699999999999999,2.9975000000000005,2.9988,5.996300000000001,-0.5463000000000005,-0.5463000000000005,0.12369999999999948,-0.5463000000000005,HOLD,0.0,HOLD,hold:scale_risk_too_high (worst:-6.05),0,0
1765568058.2523847,0.7000000000000001,0.31,-0.010000000000000009,0.39000000000000007,0.010000000000000009,5.45,6.12,0.6699999999999999,2.9975000000000005,2.9988,5.996300000000001,-0.5463000000000005,-0.5463000000000005,0.12369999999999948,-0.5463000000000005,HOLD,0.0,HOLD,hold:scale_risk_too_high (worst:-6.05),0,0
1765568060.2597938,0.7000000000000001,0.31,-0.010000000000000009,0.39000000000000007,0.010000000000000009,5.45,6.12,0.6699999999999999,2.9975000000000005,2.9988,5.996300000000001,-0.5463000000000005,-0.5463000000000005,0.12369999999999948,-0.5463000000000005,HOLD,0.0,HOLD,hold:scale_risk_too_high (worst:-6.05),0,0
1765568062.2672348,0.7000000000000001,0.31,-0.010000000000000009,0.39000000000000007,0.010000000000000009,5.45,6.12,0.6699999999999999,2.9975000000000005,2.9988,5.996300000000001,-0.5463000000000005,-0.5463000000000005,0.12369999999999948,-0.5463000000000005,HOLD,0.0,HOLD,hold:scale_risk_too_high (worst:-6.05),0,0
1765568064.2762477,0.69,0.32,-0.010000000000000009,0.36999999999999994,0.010000000000000009,5.45,6.12,0.6699999999999999,2.9975000000000005,2.9988,5.996300000000001,-0.5463000000000005,-0.5463000000000005,0.12369999999999948,-0.5463000000000005,HOLD,0.0,HOLD,hold:scale_risk_too_high (worst:-6.05),0,0
1765568066.2861073,0.7000000000000001,0.31,-0.010000000000000009,0.39000000000000007,0.010000000000000009,5.45,6.12,0.6699999999999999,2.9975000000000005,2.9988,5.996300000000001,-0.5463000000000005,-0.5463000000000005,0.12369999999999948,-0.5463000000000005,HOLD,0.0,HOLD,hold:scale_risk_too_high (worst:-6.05),0,0
1765568068.2954967,0.65,0.36,-0.010000000000000009,0.29000000000000004,0.010000000000000009,5.45,6.12,0.6699999999999999,2.9975000000000005,2.9988,5.996300000000001,-0.5463000000000005,-0.5463000000000005,0.12369999999999948,-0.5463000000000005,HOLD,0.0,HOLD,hold:scale_risk_too_high (worst:-6.05),0,0
1765568070.3285453,0.62,0.41,-0.030000000000000027,0.21000000000000002,0.030000000000000027,5.45,6.12,0.6699999999999999,2.9975000000000005,2.9988,5.996300000000001,-0.5463000000000005,-0.5463000000000005,0.12369999999999948,-0.5463000000000005,HOLD,0.0,HOLD,hold:scale_blocked:edge_too_low(-0.030<-0.015) e=-0.0300,0,0
1765568072.339537,0.62,0.4,-0.020000000000000018,0.21999999999999997,0.020000000000000018,5.45,6.12,0.6699999999999999,2.9975000000000005,2.9988,5.996300000000001,-0.5463000000000005,-0.5463000000000005,0.12369999999999948,-0.5463000000000005,HOLD,0.0,HOLD,hold:scale_blocked:edge_too_low(-0.020<-0.015) e=-0.0200,0,0
1765568074.3489668,0.62,0.4,-0.020000000000000018,0.21999999999999997,0.020000000000000018,5.45,6.12,0.6699999999999999,2.9975000000000005,2.9988,5.996300000000001,-0.5463000000000005,-0.5463000000000005,0.12369999999999948,-0.5463000000000005,HOLD,0.0,HOLD,hold:scale_blocked:edge_too_low(-0.020<-0.015) e=-0.0200,0,0
1765568076.3570192,0.63,0.39,-0.020000000000000018,0.24,0.020000000000000018,5.45,6.12,0.6699999999999999,2.9975000000000005,2.9988,5.996300000000001,-0.5463000000000005,-0.5463000000000005,0.12369999999999948,-0.5463000000000005,HOLD,0.0,HOLD,hold:scale_blocked:edge_too_low(-0.020<-0.015) e=-0.0200,0,0
1765568078.3678982,0.63,0.38360655737704913,-0.013606557377049189,0.24639344262295088,0.013606557377049189,5.45,6.12,0.6699999999999999,2.9975000000000005,2.9988,5.996300000000001,-0.5463000000000005,-0.5463000000000005,0.12369999999999948,-0.5463000000000005,HOLD,0.0,HOLD,hold:scale_risk_too_high (worst:-6.05),0,0
1765568080.3775866,0.63,0.38,-0.010000000000000009,0.25,0.010000000000000009,5.45,6.12,0.6699999999999999,2.9975000000000005,2.9988,5.996300000000001,-0.5463000000000005,-0.5463000000000005,0.12369999999999948,-0.5463000000000005,HOLD,0.0,HOLD,hold:scale_risk_too_high (worst:-6.05),0,0
1765568082.3863153,0.61,0.4,-0.010000000000000009,0.20999999999999996,0.010000000000000009,5.45,6.12,0.6699999999999999,2.9975000000000005,2.9988,5.996300000000001,-0.5463000000000005,-0.5463000000000005,0.12369999999999948,-0.5463000000000005,HOLD,0.0,HOLD,hold:scale_risk_too_high (worst:-6.05),0,0
1765568084.3953793,0.61,0.4,-0.010000000000000009,0.20999999999999996,0.010000000000000009,5.45,6.12,0.6699999999999999,2.9975000000000005,2.9988,5.996300000000001,-0.5463000000000005,-0.5463000000000005,0.12369999999999948,-0.5463000000000005,HOLD,0.0,HOLD,hold:scale_risk_too_high (worst:-6.05),0,0
1765568086.4031653,0.61,0.41,-0.020000000000000018,0.2,0.020000000000000018,5.45,6.12,0.6699999999999999,2.9975000000000005,2.9988,5.996300000000001,-0.5463000000000005,-0.5463000000000005,0.12369999999999948,-0.5463000000000005,HOLD,0.0,HOLD,hold:scale_blocked:edge_too_low(-0.020<-0.015) e=-0.0200,0,0
1765568088.4133317,0.62,0.4,-0.020000000000000018,0.21999999999999997,0.020000000000000018,5.45,6.12,0.6699999999999999,2.9975000000000005,2.9988,5.996300000000001,-0.5463000000000005,-0.5463000000000005,0.12369999999999948,-0.5463000000000005,HOLD,0.0,HOLD,hold:scale_blocked:edge_too_low(-0.020<-0.015) e=-0.0200,0,0
1765568090.4216292,0.62,0.4,-0.020000000000000018,0.21999999999999997,0.020000000000000018,5.45,6.12,0.6699999999999999,2.9975000000000005,2.9988,5.996300000000001,-0.5463000000000005,-0.5463000000000005,0.12369999999999948,-0.5463000000000005,HOLD,0.0,HOLD,hold:scale_blocked:edge_too_low(-0.020<-0.015) e=-0.0200,0,0
1765568092.429573,0.6,0.41,-0.010000000000000009,0.19,0.010000000000000009,5.45,6.12,0.6699999999999999,2.9975000000000005,2.9988,5.996300000000001,-0.5463000000000005,-0.5463000000000005,0.12369999999999948,-0.5463000000000005,HOLD,0.0,HOLD,hold:scale_risk_too_high (worst:-6.05),0,0
1765568094.4372077,0.6,0.41,-0.010000000000000009,0.19,0.010000000000000009,5.45,6.12,0.6699999999999999,2.9975000000000005,2.9988,5.996300000000001,-0.5463000000000005,-0.5463000000000005,0.12369999999999948,-0.5463000000000005,HOLD,0.0,HOLD,hold:scale_risk_too_high (worst:-6.05),0,0
1765568096.445302,0.59,0.42,-0.010000000000000009,0.16999999999999998,0.010000000000000009,5.45,6.12,0.6699999999999999,2.9975000000000005,2.9988,5.996300000000001,-0.5463000000000005,-0.5463000000000005,0.12369999999999948,-0.5463000000000005,HOLD,0.0,HOLD,hold:scale_risk_too_high (worst:-6.05),0,0
1765568098.4563777,0.59,0.43,-0.020000000000000018,0.15999999999999998,0.020000000000000018,5.45,6.12,0.6699999999999999,2.9975000000000005,2.9988,5.996300000000001,-0.5463000000000005,-0.5463000000000005,0.12369999999999948,-0.5463000000000005,HOLD,0.0,HOLD,hold:scale_blocked:edge_too_low(-0.020<-0.015) e=-0.0200,0,0
1765568100.4650984,0.55,0.46,-0.010000000000000009,0.09000000000000002,0.010000000000000009,5.45,6.12,0.6699999999999999,2.9975000000000005,2.9988,5.996300000000001,-0.5463000000000005,-0.5463000000000005,0.12369999999999948,-0.5463000000000005,HOLD,0.0,HOLD,hold:scale_risk_too_high (worst:-6.05),0,0
1765568102.4757395,0.54,0.48,-0.020000000000000018,0.06000000000000005,0.020000000000000018,5.45,6.12,0.6699999999999999,2.9975000000000005,2.9988,5.996300000000001,-0.5463000000000005,-0.5463000000000005,0.12369999999999948,-0.5463000000000005,HOLD,0.0,HOLD,hold:scale_blocked:edge_too_low(-0.020<-0.015) e=-0.0200,0,0
1765568104.4853296,0.549560351718625,0.4699999999999999,-0.019560351718624913,0.07956035171862513,0.019560351718624913,5.45,6.12,0.6699999999999999,2.9975000000000005,2.9988,5.996300000000001,-0.5463000000000005,-0.5463000000000005,0.12369999999999948,-0.5463000000000005,HOLD,0.0,HOLD,hold:scale_blocked:edge_too_low(-0.020<-0.015) e=-0.0196,0,0
1765568106.494212,0.56,0.4699999999999999,-0.030000000000000027,0.09000000000000014,0.030000000000000027,5.45,6.12,0.6699999999999999,2.9975000000000005,2.9988,5.996300000000001,-0.5463000000000005,-0.5463000000000005,0.12369999999999948,-0.5463000000000005,HOLD,0.0,HOLD,hold:scale_blocked:edge_too_low(-0.030<-0.015) e=-0.0300,0,0
1765568108.5047498,0.56,0.46562314246086783,-0.025623142460867943,0.09437685753913222,0.025623142460867943,5.45,6.12,0.6699999999999999,2.9975000000000005,2.9988,5.996300000000001,-0.5463000000000005,-0.5463000000000005,0.12369999999999948,-0.5463000000000005,HOLD,0.0,HOLD,hold:scale_blocked:edge_too_low(-0.026<-0.015) e=-0.0256,0,0
1765568110.517641,0.6,0.43,-0.030000000000000027,0.16999999999999998,0.030000000000000027,5.45,6.12,0.6699999999999999,2.9975000000000005,2.9988,5.996300000000001,-0.5463000000000005,-0.5463000000000005,0.12369999999999948,-0.5463000000000005,HOLD,0.0,HOLD,hold:scale_blocked:edge_too_low(-0.030<-0.015) e=-0.0300,0,0
1765568112.5267646,0.63,0.38,-0.010000000000000009,0.25,0.010000000000000009,5.45,6.12,0.6699999999999999,2.9975000000000005,2.9988,5.996300000000001,-0.5463000000000005,-0.5463000000000005,0.12369999999999948,-0.5463000000000005,HOLD,0.0,HOLD,hold:scale_risk_too_high (worst:-6.05),0,0
1765568114.5375986,0.67,0.34,-0.010000000000000009,0.33,0.010000000000000009,5.45,6.12,0.6699999999999999,2.9975000000000005,2.9988,5.996300000000001,-0.5463000000000005,-0.5463000000000005,0.12369999999999948,-0.5463000000000005,HOLD,0.0,HOLD,hold:scale_risk_too_high (worst:-6.05),0,0
1765568116.546814,0.67,0.34,-0.010000000000000009,0.33,0.010000000000000009,5.45,6.12,0.6699999999999999,2.9975000000000005,2.9988,5.996300000000001,-0.5463000000000005,-0.5463000000000005,0.12369999999999948,-0.5463000000000005,HOLD,0.0,HOLD,hold:scale_risk_too_high (worst:-6.05),0,0
1765568118.5672867,0.67,0.35000000000000003,-0.020000000000000018,0.32,0.020000000000000018,5.45,6.12,0.6699999999999999,2.9975000000000005,2.9988,5.996300000000001,-0.5463000000000005,-0.5463000000000005,0.12369999999999948,-0.5463000000000005,HOLD,0.0,HOLD,hold:scale_blocked:edge_too_low(-0.020<-0.015) e=-0.0200,0,0
1765568120.576738,0.67,0.35000000000000003,-0.020000000000000018,0.32,0.020000000000000018,5.45,6.12,0.6699999999999999,2.9975000000000005,2.9988,5.996300000000001,-0.5463000000000005,-0.5463000000000005,0.12369999999999948,-0.5463000000000005,HOLD,0.0,HOLD,hold:scale_blocked:edge_too_low(-0.020<-0.015) e=-0.0200,0,0
1765568122.5860033,0.67,0.35000000000000003,-0.020000000000000018,0.32,0.020000000000000018,5.45,6.12,0.6699999999999999,2.9975000000000005,2.9988,5.996300000000001,-0.5463000000000005,-0.5463000000000005,0.12369999999999948,-0.5463000000000005,HOLD,0.0,HOLD,hold:scale_blocked:edge_too_low(-0.020<-0.015) e=-0.0200,0,0
1765568124.6000588,0.66,0.36,-0.020000000000000018,0.30000000000000004,0.020000000000000018,5.45,6.12,0.6699999999999999,2.9975000000000005,2.9988,5.996300000000001,-0.5463000000000005,-0.5463000000000005,0.12369999999999948,-0.5463000000000005,HOLD,0.0,HOLD,hold:scale_blocked:edge_too_low(-0.020<-0.015) e=-0.0200,0,0
1765568126.6097093,0.67,0.34,-0.010000000000000009,0.33,0.010000000000000009,5.45,6.12,0.6699999999999999,2.9975000000000005,2.9988,5.996300000000001,-0.5463000000000005,-0.5463000000000005,0.12369999999999948,-0.5463000000000005,HOLD,0.0,HOLD,hold:scale_risk_too_high (worst:-6.05),0,0
1765568128.6241636,0.68,0.33,-0.010000000000000009,0.35000000000000003,0.010000000000000009,5.45,6.12,0.6699999999999999,2.9975000000000005,2.9988,5.996300000000001,-0.5463000000000005,-0.5463000000000005,0.12369999999999948,-0.5463000000000005,HOLD,0.0,HOLD,hold:scale_risk_too_high (worst:-6.05),0,0
1765568130.6633291,0.68,0.33,-0.010000000000000009,0.35000000000000003,0.010000000000000009,5.45,6.12,0.6699999999999999,2.9975000000000005,2.9988,5.996300000000001,-0.5463000000000005,-0.5463000000000005,0.12369999999999948,-0.5463000000000005,HOLD,0.0,HOLD,hold:scale_risk_too_high (worst:-6.05),0,0
1765568132.672795,0.68,0.34,-0.020000000000000018,0.34,0.020000000000000018,5.45,6.12,0.6699999999999999,2.9975000000000005,2.9988,5.996300000000001,-0.5463000000000005,-0.5463000000000005,0.12369999999999948,-0.5463000000000005,HOLD,0.0,HOLD,hold:scale_blocked:edge_too_low(-0.020<-0.015) e=-0.0200,0,0
1765568134.6864264,0.68,0.34,-0.020000000000000018,0.34,0.020000000000000018,5.45,6.12,0.6699999999999999,2.9975000000000005,2.9988,5.996300000000001,-0.5463000000000005,-0.5463000000000005,0.12369999999999948,-0.5463000000000005,HOLD,0.0,HOLD,hold:scale_blocked:edge_too_low(-0.020<-0.015) e=-0.0200,0,0
1765568136.702291,0.68,0.3344262295081968,-0.01442622950819672,0.34557377049180327,0.01442622950819672,5.45,6.12,0.6699999999999999,2.9975000000000005,2.9988,5.996300000000001,-0.5463000000000005,-0.5463000000000005,0.12369999999999948,-0.5463000000000005,HOLD,0.0,HOLD,hold:scale_risk_too_high (worst:-6.05),0,0
1765568138.7096033,0.67,0.36,-0.030000000000000027,0.31000000000000005,0.030000000000000027,5.45,6.12,0.6699999999999999,2.9975000000000005,2.9988,5.996300000000001,-0.5463000000000005,-0.5463000000000005,0.12369999999999948,-0.5463000000000005,HOLD,0.0,HOLD,hold:scale_blocked:edge_too_low(-0.030<-0.015) e=-0.0300,0,0
1765568140.7192247,0.66,0.36,-0.020000000000000018,0.30000000000000004,0.020000000000000018,5.45,6.12,0.6699999999999999,2.9975000000000005,2.9988,5.996300000000001,-0.5463000000000005,-0.5463000000000005,0.12369999999999948,-0.5463000000000005,HOLD,0.0,HOLD,hold:scale_blocked:edge_too_low(-0.020<-0.015) e=-0.0200,0,0
1765568142.7482302,0.66,0.36,-0.020000000000000018,0.30000000000000004,0.020000000000000018,5.45,6.12,0.6699999999999999,2.9975000000000005,2.9988,5.996300000000001,-0.5463000000000005,-0.5463000000000005,0.12369999999999948,-0.5463000000000005,HOLD,0.0,HOLD,hold:scale_blocked:edge_too_low(-0.020<-0.015) e=-0.0200,0,0
1765568144.75726,0.64,0.37,-0.010000000000000009,0.27,0.010000000000000009,5.45,6.12,0.6699999999999999,2.9975000000000005,2.9988,5.996300000000001,-0.5463000000000005,-0.5463000000000005,0.12369999999999948,-0.5463000000000005,HOLD,0.0,HOLD,hold:scale_risk_too_high (worst:-6.05),0,0
1765568146.7668893,0.6435643564356435,0.37,-0.013564356435643354,0.2735643564356435,0.013564356435643354,5.45,6.12,0.6699999999999999,2.9975000000000005,2.9988,5.996300000000001,-0.5463000000000005,-0.5463000000000005,0.12369999999999948,-0.5463000000000005,HOLD,0.0,HOLD,hold:scale_risk_too_high (worst:-6.05),0,0
1765568148.8008013,0.63,0.38,-0.010000000000000009,0.25,0.010000000000000009,5.45,6.12,0.6699999999999999,2.9975000000000005,2.9988,5.996300000000001,-0.5463000000000005,-0.5463000000000005,0.12369999999999948,-0.5463000000000005,HOLD,0.0,HOLD,hold:scale_risk_too_high (worst:-6.05),0,0
1765568150.811361,0.62,0.4,-0.020000000000000018,0.21999999999999997,0.020000000000000018,5.45,6.12,0.6699999999999999,2.9975000000000005,2.9988,5.996300000000001,-0.5463000000000005,-0.5463000000000005,0.12369999999999948,-0.5463000000000005,HOLD,0.0,HOLD,hold:scale_blocked:edge_too_low(-0.020<-0.015) e=-0.0200,0,0
1765568152.8206627,0.62,0.4,-0.020000000000000018,0.21999999999999997,0.020000000000000018,5.45,6.12,0.6699999999999999,2.9975000000000005,2.9988,5.996300000000001,-0.5463000000000005,-0.5463000000000005,0.12369999999999948,-0.5463000000000005,HOLD,0.0,HOLD,hold:scale_blocked:edge_too_low(-0.020<-0.015) e=-0.0200,0,0
1765568154.8310483,0.61,0.41,-0.020000000000000018,0.2,0.020000000000000018,5.45,6.12,0.6699999999999999,2.9975000000000005,2.9988,5.996300000000001,-0.5463000000000005,-0.5463000000000005,0.12369999999999948,-0.5463000000000005,HOLD,0.0,HOLD,hold:scale_blocked:edge_too_low(-0.020<-0.015) e=-0.0200,0,0
1765568156.841454,0.61,0.41,-0.020000000000000018,0.2,0.020000000000000018,5.45,6.12,0.6699999999999999,2.9975000000000005,2.9988,5.996300000000001,-0.5463000000000005,-0.5463000000000005,0.12369999999999948,-0.5463000000000005,HOLD,0.0,HOLD,hold:scale_blocked:edge_too_low(-0.020<-0.015) e=-0.0200,0,0
1765568158.8513207,0.6,0.41,-0.010000000000000009,0.19,0.010000000000000009,5.45,6.12,0.6699999999999999,2.9975000000000005,2.9988,5.996300000000001,-0.5463000000000005,-0.5463000000000005,0.12369999999999948,-0.5463000000000005,HOLD,0.0,HOLD,hold:scale_risk_too_high (worst:-6.05),0,0
1765568160.8594172,0.6,0.41,-0.010000000000000009,0.19,0.010000000000000009,5.45,6.12,0.6699999999999999,2.9975000000000005,2.9988,5.996300000000001,-0.5463000000000005,-0.5463000000000005,0.12369999999999948,-0.5463000000000005,HOLD,0.0,HOLD,hold:scale_risk_too_high (worst:-6.05),0,0
1765568162.9362347,0.5581668625146887,0.46,-0.018166862514688686,0.0981668625146887,0.018166862514688686,5.45,6.12,0.6699999999999999,2.9975000000000005,2.9988,5.996300000000001,-0.5463000000000005,-0.5463000000000005,0.12369999999999948,-0.5463000000000005,HOLD,0.0,HOLD,hold:scale_blocked:edge_too_low(-0.018<-0.015) e=-0.0182,0,0
1765568164.9442937,0.5581395348837209,0.46,-0.018139534883720998,0.0981395348837209,0.018139534883720998,5.45,6.12,0.6699999999999999,2.9975000000000005,2.9988,5.996300000000001,-0.5463000000000005,-0.5463000000000005,0.12369999999999948,-0.5463000000000005,HOLD,0.0,HOLD,hold:scale_blocked:edge_too_low(-0.018<-0.015) e=-0.0181,0,0
1765568166.9525099,0.53,0.49000000000000005,-0.020000000000000018,0.03999999999999998,0.020000000000000018,5.45,6.12,0.6699999999999999,2.9975000000000005,2.9988,5.996300000000001,-0.5463000000000005,-0.5463000000000005,0.12369999999999948,-0.5463000000000005,HOLD,0.0,HOLD,hold:scale_blocked:edge_too_low(-0.020<-0.015) e=-0.0200,0,0
1765568168.975322,0.5,0.51,-0.010000000000000009,0.010000000000000009,0.010000000000000009,5.45,6.12,0.6699999999999999,2.9975000000000005,2.9988,5.996300000000001,-0.5463000000000005,-0.5463000000000005,0.12369999999999948,-0.5463000000000005,HOLD,0.0,HOLD,hold:scale_risk_too_high (worst:-5.38),0,0
1765568170.983346,0.51,0.5,-0.010000000000000009,0.010000000000000009,0.010000000000000009,5.45,6.12,0.6699999999999999,2.9975000000000005,2.9988,5.996300000000001,-0.5463000000000005,-0.5463000000000005,0.12369999999999948,-0.5463000000000005,HOLD,0.0,HOLD,hold:scale_risk_too_high (worst:-6.05),0,0
1765568172.9925168,0.5016393442622951,0.51,-0.01163934426229507,0.008360655737704947,0.01163934426229507,5.45,6.12,0.6699999999999999,2.9975000000000005,2.9988,5.996300000000001,-0.5463000000000005,-0.5463000000000005,0.12369999999999948,-0.5463000000000005,HOLD,0.0,HOLD,hold:scale_risk_too_high (worst:-5.38),0,0
1765568175.0017185,0.49000000000000005,0.52,-0.010000000000000009,0.02999999999999997,0.010000000000000009,5.45,6.12,0.6699999999999999,2.9975000000000005,2.9988,5.996300000000001,-0.5463000000000005,-0.5463000000000005,0.12369999999999948,-0.5463000000000005,HOLD,0.0,HOLD,hold:scale_risk_too_high (worst:-5.38),0,0
1765568177.0145304,0.4897388059701492,0.53,-0.019738805970149098,0.040261194029850844,0.019738805970149098,5.45,6.12,0.6699999999999999,2.9975000000000005,2.9988,5.996300000000001,-0.5463000000000005,-0.5463000000000005,0.12369999999999948,-0.5463000000000005,HOLD,0.0,HOLD,hold:scale_blocked:edge_too_low(-0.020<-0.015) e=-0.0197,0,0
1765568179.025999,0.5,0.52,-0.020000000000000018,0.020000000000000018,0.020000000000000018,5.45,6.12,0.6699999999999999,2.9975000000000005,2.9988,5.996300000000001,-0.5463000000000005,-0.5463000000000005,0.12369999999999948,-0.5463000000000005,HOLD,0.0,HOLD,hold:scale_blocked:edge_too_low(-0.020<-0.015) e=-0.0200,0,0
1765568181.0340645,0.4699999999999999,0.54,-0.010000000000000009,0.07000000000000012,0.010000000000000009,5.45,6.12,0.6699999999999999,2.9975000000000005,2.9988,5.996300000000001,-0.5463000000000005,-0.5463000000000005,0.12369999999999948,-0.5463000000000005,HOLD,0.0,HOLD,hold:scale_risk_too_high (worst:-5.38),0,0
1765568183.04299,0.4699999999999999,0.54,-0.010000000000000009,0.07000000000000012,0.010000000000000009,5.45,6.12,0.6699999999999999,2.9975000000000005,2.9988,5.996300000000001,-0.5463000000000005,-0.5463000000000005,0.12369999999999948,-0.5463000000000005,HOLD,0.0,HOLD,hold:scale_risk_too_high (worst:-5.38),0,0
1765568185.0528915,0.46,0.55,-0.010000000000000009,0.09000000000000002,0.010000000000000009,5.45,6.12,0.6699999999999999,2.9975000000000005,2.9988,5.996300000000001,-0.5463000000000005,-0.5463000000000005,0.12369999999999948,-0.5463000000000005,HOLD,0.0,HOLD,hold:scale_risk_too_high (worst:-5.38),0,0
1765568187.0611439,0.46,0.55,-0.010000000000000009,0.09000000000000002,0.010000000000000009,5.45,6.12,0.6699999999999999,2.9975000000000005,2.9988,5.996300000000001,-0.5463000000000005,-0.5463000000000005,0.12369999999999948,-0.5463000000000005,HOLD,0.0,HOLD,hold:scale_risk_too_high (worst:-5.38),0,0
1765568189.070016,0.46,0.55,-0.010000000000000009,0.09000000000000002,0.010000000000000009,5.45,6.12,0.6699999999999999,2.9975000000000005,2.9988,5.996300000000001,-0.5463000000000005,-0.5463000000000005,0.12369999999999948,-0.5463000000000005,HOLD,0.0,HOLD,hold:scale_risk_too_high (worst:-5.38),0,0
1765568191.0818374,0.52,0.51,-0.030000000000000027,0.010000000000000009,0.030000000000000027,5.45,6.12,0.6699999999999999,2.9975000000000005,2.9988,5.996300000000001,-0.5463000000000005,-0.5463000000000005,0.12369999999999948,-0.5463000000000005,HOLD,0.0,HOLD,hold:scale_blocked:edge_too_low(-0.030<-0.015) e=-0.0300,0,0
1765568193.091964,0.5,0.51,-0.010000000000000009,0.010000000000000009,0.010000000000000009,5.45,6.12,0.6699999999999999,2.9975000000000005,2.9988,5.996300000000001,-0.5463000000000005,-0.5463000000000005,0.12369999999999948,-0.5463000000000005,HOLD,0.0,HOLD,hold:scale_risk_too_high (worst:-5.38),0,0
1765568195.1002,0.51,0.5,-0.010000000000000009,0.010000000000000009,0.010000000000000009,5.45,6.12,0.6699999999999999,2.9975000000000005,2.9988,5.996300000000001,-0.5463000000000005,-0.5463000000000005,0.12369999999999948,-0.5463000000000005,HOLD,0.0,HOLD,hold:scale_risk_too_high (worst:-6.05),0,0
1765568197.1103013,0.52,0.5,-0.020000000000000018,0.020000000000000018,0.020000000000000018,5.45,6.12,0.6699999999999999,2.9975000000000005,2.9988,5.996300000000001,-0.5463000000000005,-0.5463000000000005,0.12369999999999948,-0.5463000000000005,HOLD,0.0,HOLD,hold:scale_blocked:edge_too_low(-0.020<-0.015) e=-0.0200,0,0
1765568199.1178956,0.51,0.5,-0.010000000000000009,0.010000000000000009,0.010000000000000009,5.45,6.12,0.6699999999999999,2.9975000000000005,2.9988,5.996300000000001,-0.5463000000000005,-0.5463000000000005,0.12369999999999948,-0.5463000000000005,HOLD,0.0,HOLD,hold:scale_risk_too_high (worst:-6.05),0,0
1765568201.126798,0.5,0.53,-0.030000000000000027,0.030000000000000027,0.030000000000000027,5.45,6.12,0.6699999999999999,2.9975000000000005,2.9988,5.996300000000001,-0.5463000000000005,-0.5463000000000005,0.12369999999999948,-0.5463000000000005,HOLD,0.0,HOLD,hold:scale_blocked:edge_too_low(-0.030<-0.015) e=-0.0300,0,0
1765568203.1349955,0.48728743328803,0.53,-0.017287433288029952,0.042712566711970046,0.017287433288029952,5.45,6.12,0.6699999999999999,2.9975000000000005,2.9988,5.996300000000001,-0.5463000000000005,-0.5463000000000005,0.12369999999999948,-0.5463000000000005,HOLD,0.0,HOLD,hold:scale_blocked:edge_too_low(-0.017<-0.015) e=-0.0173,0,0
1765568205.1456363,0.46562314246086783,0.55,-0.015623142460867934,0.08437685753913221,0.015623142460867934,5.45,6.12,0.6699999999999999,2.9975000000000005,2.9988,5.996300000000001,-0.5463000000000005,-0.5463000000000005,0.12369999999999948,-0.5463000000000005,HOLD,0.0,HOLD,hold:scale_blocked:edge_too_low(-0.016<-0.015) e=-0.0156,0,0
1765568207.155641,0.46,0.56,-0.020000000000000018,0.10000000000000003,0.020000000000000018,5.45,6.12,0.6699999999999999,2.9975000000000005,2.9988,5.996300000000001,-0.5463000000000005,-0.5463000000000005,0.12369999999999948,-0.5463000000000005,HOLD,0.0,HOLD,hold:scale_blocked:edge_too_low(-0.020<-0.015) e=-0.0200,0,0
1765568209.1735547,0.46,0.56,-0.020000000000000018,0.10000000000000003,0.020000000000000018,5.45,6.12,0.6699999999999999,2.9975000000000005,2.9988,5.996300000000001,-0.5463000000000005,-0.5463000000000005,0.12369999999999948,-0.5463000000000005,HOLD,0.0,HOLD,hold:scale_blocked:edge_too_low(-0.020<-0.015) e=-0.0200,0,0
1765568211.1831691,0.4699999999999999,0.55,-0.020000000000000018,0.08000000000000013,0.020000000000000018,5.45,6.12,0.6699999999999999,2.9975000000000005,2.9988,5.996300000000001,-0.5463000000000005,-0.5463000000000005,0.12369999999999948,-0.5463000000000005,HOLD,0.0,HOLD,hold:scale_blocked:edge_too_low(-0.020<-0.015) e=-0.0200,0,0
1765568213.1926422,0.45000000000000007,0.5679742252632278,-0.017974225263227783,0.11797422526322776,0.017974225263227783,5.45,6.12,0.6699999999999999,2.9975000000000005,2.9988,5.996300000000001,-0.5463000000000005,-0.5463000000000005,0.12369999999999948,-0.5463000000000005,HOLD,0.0,HOLD,hold:scale_blocked:edge_too_low(-0.018<-0.015) e=-0.0180,0,0
1765568215.206344,0.45000000000000007,0.57,-0.020000000000000018,0.11999999999999988,0.020000000000000018,5.45,6.12,0.6699999999999999,2.9975000000000005,2.9988,5.996300000000001,-0.5463000000000005,-0.5463000000000005,0.12369999999999948,-0.5463000000000005,HOLD,0.0,HOLD,hold:scale_blocked:edge_too_low(-0.020<-0.015) e=-0.0200,0,0
1765568217.229912,0.45000000000000007,0.57,-0.020000000000000018,0.11999999999999988,0.020000000000000018,5.45,6.12,0.6699999999999999,2.9975000000000005,2.9988,5.996300000000001,-0.5463000000000005,-0.5463000000000005,0.12369999999999948,-0.5463000000000005,HOLD,0.0,HOLD,hold:scale_blocked:edge_too_low(-0.020<-0.015) e=-0.0200,0,0
1765568219.240437,0.42,0.6,-0.020000000000000018,0.18,0.020000000000000018,5.45,6.12,0.6699999999999999,2.9975000000000005,2.9988,5.996300000000001,-0.5463000000000005,-0.5463000000000005,0.12369999999999948,-0.5463000000000005,HOLD,0.0,HOLD,hold:scale_blocked:edge_too_low(-0.020<-0.015) e=-0.0200,0,0
1765568221.2506616,0.42,0.6,-0.020000000000000018,0.18,0.020000000000000018,5.45,6.12,0.6699999999999999,2.9975000000000005,2.9988,5.996300000000001,-0.5463000000000005,-0.5463000000000005,0.12369999999999948,-0.5463000000000005,HOLD,0.0,HOLD,hold:scale_blocked:edge_too_low(-0.020<-0.015) e=-0.0200,0,0
1765568223.2811444,0.39,0.63,-0.020000000000000018,0.24,0.020000000000000018,5.45,6.12,0.6699999999999999,2.9975000000000005,2.9988,5.996300000000001,-0.5463000000000005,-0.5463000000000005,0.12369999999999948,-0.5463000000000005,HOLD,0.0,HOLD,hold:scale_blocked:edge_too_low(-0.020<-0.015) e=-0.0200,0,0
1765568225.2903218,0.41,0.62,-0.030000000000000027,0.21000000000000002,0.030000000000000027,5.45,6.12,0.6699999999999999,2.9975000000000005,2.9988,5.996300000000001,-0.5463000000000005,-0.5463000000000005,0.12369999999999948,-0.5463000000000005,HOLD,0.0,HOLD,hold:scale_blocked:edge_too_low(-0.030<-0.015) e=-0.0300,0,0
1765568227.299443,0.45000000000000007,0.56,-0.010000000000000231,0.10999999999999999,0.010000000000000231,5.45,6.12,0.6699999999999999,2.9975000000000005,2.9988,5.996300000000001,-0.5463000000000005,-0.5463000000000005,0.12369999999999948,-0.5463000000000005,HOLD,0.0,HOLD,hold:scale_risk_too_high (worst:-5.38),0,0
1765568229.312432,0.46,0.58,-0.040000000000000036,0.11999999999999994,0.040000000000000036,5.45,6.12,0.6699999999999999,2.9975000000000005,2.9988,5.996300000000001,-0.5463000000000005,-0.5463000000000005,0.12369999999999948,-0.5463000000000005,HOLD,0.0,HOLD,hold:scale_blocked:edge_too_low(-0.040<-0.015) e=-0.0400,0,0
1765568231.3216827,0.44,0.57,-0.010000000000000009,0.12999999999999995,0.010000000000000009,5.45,6.12,0.6699999999999999,2.9975000000000005,2.9988,5.996300000000001,-0.5463000000000005,-0.5463000000000005,0.12369999999999948,-0.5463000000000005,HOLD,0.0,HOLD,hold:scale_risk_too_high (worst:-5.38),0,0
1765568233.3317556,0.41,0.5901639344262294,-0.00016393442622941734,0.1801639344262294,0.00016393442622941734,5.45,6.12,0.6699999999999999,2.9975000000000005,2.9988,5.996300000000001,-0.5463000000000005,-0.5463000000000005,0.12369999999999948,-0.5463000000000005,HOLD,0.0,HOLD,hold:scale_risk_too_high (worst:-5.38),0,0
1765568235.3435817,0.42,0.6,-0.020000000000000018,0.18,0.020000000000000018,5.45,6.12,0.6699999999999999,2.9975000000000005,2.9988,5.996300000000001,-0.5463000000000005,-0.5463000000000005,0.12369999999999948,-0.5463000000000005,HOLD,0.0,HOLD,hold:scale_blocked:edge_too_low(-0.020<-0.015) e=-0.0200,0,0
1765568237.3522635,0.37,0.64,-0.010000000000000009,0.27,0.010000000000000009,5.45,6.12,0.6699999999999999,2.9975000000000005,2.9988,5.996300000000001,-0.5463000000000005,-0.5463000000000005,0.12369999999999948,-0.5463000000000005,HOLD,0.0,HOLD,hold:scale_risk_too_high (worst:-5.38),0,0
1765568239.361803,0.38,0.63,-0.010000000000000009,0.25,0.010000000000000009,5.45,6.12,0.6699999999999999,2.9975000000000005,2.9988,5.996300000000001,-0.5463000000000005,-0.5463000000000005,0.12369999999999948,-0.5463000000000005,HOLD,0.0,HOLD,hold:scale_risk_too_high (worst:-5.38),0,0
1765568241.3783386,0.38,0.63,-0.010000000000000009,0.25,0.010000000000000009,5.45,6.12,0.6699999999999999,2.9975000000000005,2.9988,5.996300000000001,-0.5463000000000005,-0.5463000000000005,0.12369999999999948,-0.5463000000000005,HOLD,0.0,HOLD,hold:scale_risk_too_high (worst:-5.38),0,0
1765568243.390961,0.44,0.59,-0.030000000000000027,0.14999999999999997,0.030000000000000027,5.45,6.12,0.6699999999999999,2.9975000000000005,2.9988,5.996300000000001,-0.5463000000000005,-0.5463000000000005,0.12369999999999948,-0.5463000000000005,HOLD,0.0,HOLD,hold:scale_blocked:edge_too_low(-0.030<-0.015) e=-0.0300,0,0
1765568245.4004018,0.42580645161290326,0.6,-0.02580645161290329,0.17419354838709672,0.02580645161290329,5.45,6.12,0.6699999999999999,2.9975000000000005,2.9988,5.996300000000001,-0.5463000000000005,-0.5463000000000005,0.12369999999999948,-0.5463000000000005,HOLD,0.0,HOLD,hold:scale_blocked:edge_too_low(-0.026<-0.015) e=-0.0258,0,0
1765568247.41393,0.46,0.55,-0.010000000000000009,0.09000000000000002,0.010000000000000009,5.45,6.12,0.6699999999999999,2.9975000000000005,2.9988,5.996300000000001,-0.5463000000000005,-0.5463000000000005,0.12369999999999948,-0.5463000000000005,HOLD,0.0,HOLD,hold:scale_risk_too_high (worst:-5.38),0,0
1765568249.4245539,0.45000000000000007,0.580327868852459,-0.030327868852459083,0.13032786885245895,0.030327868852459083,5.45,6.12,0.6699999999999999,2.9975000000000005,2.9988,5.996300000000001,-0.5463000000000005,-0.5463000000000005,0.12369999999999948,-0.5463000000000005,HOLD,0.0,HOLD,hold:scale_blocked:edge_too_low(-0.030<-0.015) e=-0.0303,0,0
1765568251.4397395,0.45000000000000007,0.57,-0.020000000000000018,0.11999999999999988,0.020000000000000018,5.45,6.12,0.6699999999999999,2.9975000000000005,2.9988,5.996300000000001,-0.5463000000000005,-0.5463000000000005,0.12369999999999948,-0.5463000000000005,HOLD,0.0,HOLD,hold:scale_blocked:edge_too_low(-0.020<-0.015) e=-0.0200,0,0
1765568253.4504712,0.45000000000000007,0.5606557377049181,-0.010655737704918122,0.11065573770491799,0.010655737704918122,5.45,6.12,0.6699999999999999,2.9975000000000005,2.9988,5.996300000000001,-0.5463000000000005,-0.5463000000000005,0.12369999999999948,-0.5463000000000005,HOLD,0.0,HOLD,hold:scale_risk_too_high (worst:-5.38),0,0
1765568255.4592202,0.43,0.58,-0.010000000000000009,0.14999999999999997,0.010000000000000009,5.45,6.12,0.6699999999999999,2.9975000000000005,2.9988,5.996300000000001,-0.5463000000000005,-0.5463000000000005,0.12369999999999948,-0.5463000000000005,HOLD,0.0,HOLD,hold:scale_risk_too_high (worst:-5.38),0,0
1765568257.4685237,0.45000000000000007,0.58,-0.030000000000000027,0.1299999999999999,0.030000000000000027,5.45,6.12,0.6699999999999999,2.9975000000000005,2.9988,5.996300000000001,-0.5463000000000005,-0.5463000000000005,0.12369999999999948,-0.5463000000000005,HOLD,0.0,HOLD,hold:scale_blocked:edge_too_low(-0.030<-0.015) e=-0.0300,0,0
1765568259.4759912,0.4334548320362526,0.58,-0.01345483203625264,0.14654516796374734,0.01345483203625264,5.45,6.12,0.6699999999999999,2.9975000000000005,2.9988,5.996300000000001,-0.5463000000000005,-0.5463000000000005,0.12369999999999948,-0.5463000000000005,HOLD,0.0,HOLD,hold:scale_risk_too_high (worst:-5.38),0,0
1765568261.4863412,0.45000000000000007,0.5704918032786885,-0.020491803278688714,0.12049180327868847,0.020491803278688714,5.45,6.12,0.6699999999999999,2.9975000000000005,2.9988,5.996300000000001,-0.5463000000000005,-0.5463000000000005,0.12369999999999948,-0.5463000000000005,HOLD,0.0,HOLD,hold:scale_blocked:edge_too_low(-0.020<-0.015) e=-0.0205,0,0
1765568263.4957564,0.45000000000000007,0.57,-0.020000000000000018,0.11999999999999988,0.020000000000000018,5.45,6.12,0.6699999999999999,2.9975000000000005,2.9988,5.996300000000001,-0.5463000000000005,-0.5463000000000005,0.12369999999999948,-0.5463000000000005,HOLD,0.0,HOLD,hold:scale_blocked:edge_too_low(-0.020<-0.015) e=-0.0200,0,0
1765568265.5045726,0.45000000000000007,0.56,-0.010000000000000231,0.10999999999999999,0.010000000000000231,5.45,6.12,0.6699999999999999,2.9975000000000005,2.9988,5.996300000000001,-0.5463000000000005,-0.5463000000000005,0.12369999999999948,-0.5463000000000005,HOLD,0.0,HOLD,hold:scale_risk_too_high (worst:-5.38),0,0
1765568267.5262053,0.45000000000000007,0.59,-0.040000000000000036,0.1399999999999999,0.040000000000000036,5.45,6.12,0.6699999999999999,2.9975000000000005,2.9988,5.996300000000001,-0.5463000000000005,-0.5463000000000005,0.12369999999999948,-0.5463000000000005,HOLD,0.0,HOLD,hold:scale_blocked:edge_too_low(-0.040<-0.015) e=-0.0400,0,0
1765568269.5387037,0.3919391187902146,0.62,-0.011939118790214476,0.2280608812097854,0.011939118790214476,5.45,6.12,0.6699999999999999,2.9975000000000005,2.9988,5.996300000000001,-0.5463000000000005,-0.5463000000000005,0.12369999999999948,-0.5463000000000005,HOLD,0.0,HOLD,hold:scale_risk_too_high (worst:-5.38),0,0
1765568271.5476842,0.40327868852459015,0.61,-0.013278688524590132,0.20672131147540984,0.013278688524590132,5.45,6.12,0.6699999999999999,2.9975000000000005,2.9988,5.996300000000001,-0.5463000000000005,-0.5463000000000005,0.12369999999999948,-0.5463000000000005,HOLD,0.0,HOLD,hold:scale_risk_too_high (worst:-5.38),0,0
1765568273.5575445,0.41,0.6,-0.010000000000000009,0.19,0.010000000000000009,5.45,6.12,0.6699999999999999,2.9975000000000005,2.9988,5.996300000000001,-0.5463000000000005,-0.5463000000000005,0.12369999999999948,-0.5463000000000005,HOLD,0.0,HOLD,hold:scale_risk_too_high (worst:-5.38),0,0
1765568275.5675108,0.4,0.61,-0.010000000000000009,0.20999999999999996,0.010000000000000009,5.45,6.12,0.6699999999999999,2.9975000000000005,2.9988,5.996300000000001,-0.5463000000000005,-0.5463000000000005,0.12369999999999948,-0.5463000000000005,HOLD,0.0,HOLD,hold:scale_risk_too_high (worst:-5.38),0,0
1765568277.5770023,0.4,0.62,-0.020000000000000018,0.21999999999999997,0.020000000000000018,5.45,6.12,0.6699999999999999,2.9975000000000005,2.9988,5.996300000000001,-0.5463000000000005,-0.5463000000000005,0.12369999999999948,-0.5463000000000005,HOLD,0.0,HOLD,hold:scale_blocked:edge_too_low(-0.020<-0.015) e=-0.0200,0,0
1765568279.5911024,0.4072847682119205,0.61,-0.017284768211920376,0.2027152317880795,0.017284768211920376,5.45,6.12,0.6699999999999999,2.9975000000000005,2.9988,5.996300000000001,-0.5463000000000005,-0.5463000000000005,0.12369999999999948,-0.5463000000000005,HOLD,0.0,HOLD,hold:scale_blocked:edge_too_low(-0.017<-0.015) e=-0.0173,0,0
1765568281.6013968,0.44,0.57,-0.010000000000000009,0.12999999999999995,0.010000000000000009,5.45,6.12,0.6699999999999999,2.9975000000000005,2.9988,5.996300000000001,-0.5463000000000005,-0.5463000000000005,0.12369999999999948,-0.5463000000000005,HOLD,0.0,HOLD,hold:scale_risk_too_high (worst:-5.38),0,0
1765568283.6126893,0.46,0.5508196721311476,-0.01081967213114754,0.09081967213114756,0.01081967213114754,5.45,6.12,0.6699999999999999,2.9975000000000005,2.9988,5.996300000000001,-0.5463000000000005,-0.5463000000000005,0.12369999999999948,-0.5463000000000005,HOLD,0.0,HOLD,hold:scale_risk_too_high (worst:-5.38),0,0
1765568285.6227746,0.44,0.58,-0.020000000000000018,0.13999999999999996,0.020000000000000018,5.45,6.12,0.6699999999999999,2.9975000000000005,2.9988,5.996300000000001,-0.5463000000000005,-0.5463000000000005,0.12369999999999948,-0.5463000000000005,HOLD,0.0,HOLD,hold:scale_blocked:edge_too_low(-0.020<-0.015) e=-0.0200,0,0
1765568287.6319644,0.44,0.58,-0.020000000000000018,0.13999999999999996,0.020000000000000018,5.45,6.12,0.6699999999999999,2.9975000000000005,2.9988,5.996300000000001,-0.5463000000000005,-0.5463000000000005,0.12369999999999948,-0.5463000000000005,HOLD,0.0,HOLD,hold:scale_blocked:edge_too_low(-0.020<-0.015) e=-0.0200,0,0
1765568289.6406162,0.46,0.55,-0.010000000000000009,0.09000000000000002,0.010000000000000009,5.45,6.12,0.6699999999999999,2.9975000000000005,2.9988,5.996300000000001,-0.5463000000000005,-0.5463000000000005,0.12369999999999948,-0.5463000000000005,HOLD,0.0,HOLD,hold:scale_risk_too_high (worst:-5.38),0,0
1765568291.6494098,0.4699999999999999,0.54,-0.010000000000000009,0.07000000000000012,0.010000000000000009,5.45,6.12,0.6699999999999999,2.9975000000000005,2.9988,5.996300000000001,-0.5463000000000005,-0.5463000000000005,0.12369999999999948,-0.5463000000000005,HOLD,0.0,HOLD,hold:scale_risk_too_high (worst:-5.38),0,0
1765568293.6588464,0.52,0.49000000000000005,-0.010000000000000009,0.02999999999999997,0.010000000000000009,5.45,6.12,0.6699999999999999,2.9975000000000005,2.9988,5.996300000000001,-0.5463000000000005,-0.5463000000000005,0.12369999999999948,-0.5463000000000005,HOLD,0.0,HOLD,hold:scale_risk_too_high (worst:-6.05),0,0
1765568295.6672373,0.54,0.4699999999999999,-0.010000000000000009,0.07000000000000012,0.010000000000000009,5.45,6.12,0.6699999999999999,2.9975000000000005,2.9988,5.996300000000001,-0.5463000000000005,-0.5463000000000005,0.12369999999999948,-0.5463000000000005,HOLD,0.0,HOLD,hold:scale_risk_too_high (worst:-6.05),0,0
1765568297.6749165,0.52,0.5016393442622951,-0.02163934426229508,0.018360655737704956,0.02163934426229508,5.45,6.12,0.6699999999999999,2.9975000000000005,2.9988,5.996300000000001,-0.5463000000000005,-0.5463000000000005,0.12369999999999948,-0.5463000000000005,HOLD,0.0,HOLD,hold:scale_blocked:edge_too_low(-0.022<-0.015) e=-0.0216,0,0
1765568299.6850927,0.49000000000000005,0.52,-0.010000000000000009,0.02999999999999997,0.010000000000000009,5.45,6.12,0.6699999999999999,2.9975000000000005,2.9988,5.996300000000001,-0.5463000000000005,-0.5463000000000005,0.12369999999999948,-0.5463000000000005,HOLD,0.0,HOLD,hold:scale_risk_too_high (worst:-5.38),0,0
1765568301.6934514,0.52,0.49000000000000005,-0.010000000000000009,0.02999999999999997,0.010000000000000009,5.45,6.12,0.6699999999999999,2.9975000000000005,2.9988,5.996300000000001,-0.5463000000000005,-0.5463000000000005,0.12369999999999948,-0.5463000000000005,HOLD,0.0,HOLD,hold:scale_risk_too_high (worst:-6.05),0,0
1765568303.7015843,0.51,0.53,-0.040000000000000036,0.020000000000000018,0.040000000000000036,5.45,6.12,0.6699999999999999,2.9975000000000005,2.9988,5.996300000000001,-0.5463000000000005,-0.5463000000000005,0.12369999999999948,-0.5463000000000005,HOLD,0.0,HOLD,hold:scale_blocked:edge_too_low(-0.040<-0.015) e=-0.0400,0,0
1765568305.710392,0.4699999999999999,0.55,-0.020000000000000018,0.08000000000000013,0.020000000000000018,5.45,6.12,0.6699999999999999,2.9975000000000005,2.9988,5.996300000000001,-0.5463000000000005,-0.5463000000000005,0.12369999999999948,-0.5463000000000005,HOLD,0.0,HOLD,hold:scale_blocked:edge_too_low(-0.020<-0.015) e=-0.0200,0,0
1765568307.7242446,0.48,0.53,-0.010000000000000009,0.050000000000000044,0.010000000000000009,5.45,6.12,0.6699999999999999,2.9975000000000005,2.9988,5.996300000000001,-0.5463000000000005,-0.5463000000000005,0.12369999999999948,-0.5463000000000005,HOLD,0.0,HOLD,hold:scale_risk_too_high (worst:-5.38),0,0
1765568309.7324822,0.51,0.52,-0.030000000000000027,0.010000000000000009,0.030000000000000027,5.45,6.12,0.6699999999999999,2.9975000000000005,2.9988,5.996300000000001,-0.5463000000000005,-0.5463000000000005,0.12369999999999948,-0.5463000000000005,HOLD,0.0,HOLD,hold:scale_blocked:edge_too_low(-0.030<-0.015) e=-0.0300,0,0
1765568311.740634,0.55,0.49000000000000005,-0.040000000000000036,0.06,0.040000000000000036,5.45,6.12,0.6699999999999999,2.9975000000000005,2.9988,5.996300000000001,-0.5463000000000005,-0.5463000000000005,0.12369999999999948,-0.5463000000000005,HOLD,0.0,HOLD,hold:scale_blocked:edge_too_low(-0.040<-0.015) e=-0.0400,0,0
1765568313.7520974,0.54,0.4897551224387806,-0.029755122438780646,0.050244877561219425,0.029755122438780646,5.45,6.12,0.6699999999999999,2.9975000000000005,2.9988,5.996300000000001,-0.5463000000000005,-0.5463000000000005,0.12369999999999948,-0.5463000000000005,HOLD,0.0,HOLD,hold:scale_blocked:edge_too_low(-0.030<-0.015) e=-0.0298,0,0
1765568315.761533,0.54,0.49000000000000005,-0.030000000000000027,0.04999999999999999,0.030000000000000027,5.45,6.12,0.6699999999999999,2.9975000000000005,2.9988,5.996300000000001,-0.5463000000000005,-0.5463000000000005,0.12369999999999948,-0.5463000000000005,HOLD,0.0,HOLD,hold:scale_blocked:edge_too_low(-0.030<-0.015) e=-0.0300,0,0
1765568317.7714763,0.49000000000000005,0.52,-0.010000000000000009,0.02999999999999997,0.010000000000000009,5.45,6.12,0.6699999999999999,2.9975000000000005,2.9988,5.996300000000001,-0.5463000000000005,-0.5463000000000005,0.12369999999999948,-0.5463000000000005,HOLD,0.0,HOLD,hold:scale_risk_too_high (worst:-5.38),0,0
1765568319.7817605,0.49000000000000005,0.52,-0.010000000000000009,0.02999999999999997,0.010000000000000009,5.45,6.12,0.6699999999999999,2.9975000000000005,2.9988,5.996300000000001,-0.5463000000000005,-0.5463000000000005,0.12369999999999948,-0.5463000000000005,HOLD,0.0,HOLD,hold:scale_risk_too_high (worst:-5.38),0,0
1765568321.795886,0.48,0.53,-0.010000000000000009,0.050000000000000044,0.010000000000000009,5.45,6.12,0.6699999999999999,2.9975000000000005,2.9988,5.996300000000001,-0.5463000000000005,-0.5463000000000005,0.12369999999999948,-0.5463000000000005,HOLD,0.0,HOLD,hold:scale_risk_too_high (worst:-5.38),0,0
1765568323.8053901,0.48,0.53,-0.010000000000000009,0.050000000000000044,0.010000000000000009,5.45,6.12,0.6699999999999999,2.9975000000000005,2.9988,5.996300000000001,-0.5463000000000005,-0.5463000000000005,0.12369999999999948,-0.5463000000000005,HOLD,0.0,HOLD,hold:scale_risk_too_high (worst:-5.38),0,0
1765568325.8195298,0.48,0.53,-0.010000000000000009,0.050000000000000044,0.010000000000000009,5.45,6.12,0.6699999999999999,2.9975000000000005,2.9988,5.996300000000001,-0.5463000000000005,-0.5463000000000005,0.12369999999999948,-0.5463000000000005,HOLD,0.0,HOLD,hold:scale_risk_too_high (worst:-5.38),0,0
1765568327.830702,0.48,0.54,-0.020000000000000018,0.06000000000000005,0.020000000000000018,5.45,6.12,0.6699999999999999,2.9975000000000005,2.9988,5.996300000000001,-0.5463000000000005,-0.5463000000000005,0.12369999999999948,-0.5463000000000005,HOLD,0.0,HOLD,hold:scale_blocked:edge_too_low(-0.020<-0.015) e=-0.0200,0,0
1765568329.8427134,0.49000000000000005,0.54,-0.030000000000000027,0.04999999999999999,0.030000000000000027,5.45,6.12,0.6699999999999999,2.9975000000000005,2.9988,5.996300000000001,-0.5463000000000005,-0.5463000000000005,0.12369999999999948,-0.5463000000000005,HOLD,0.0,HOLD,hold:scale_blocked:edge_too_low(-0.030<-0.015) e=-0.0300,0,0
1765568331.853443,0.48,0.5328947368421052,-0.012894736842105292,0.05289473684210522,0.012894736842105292,5.45,6.12,0.6699999999999999,2.9975000000000005,2.9988,5.996300000000001,-0.5463000000000005,-0.5463000000000005,0.12369999999999948,-0.5463000000000005,HOLD,0.0,HOLD,hold:scale_risk_too_high (worst:-5.38),0,0
1765568333.8633096,0.48,0.54,-0.020000000000000018,0.06000000000000005,0.020000000000000018,5.45,6.12,0.6699999999999999,2.9975000000000005,2.9988,5.996300000000001,-0.5463000000000005,-0.5463000000000005,0.12369999999999948,-0.5463000000000005,HOLD,0.0,HOLD,hold:scale_blocked:edge_too_low(-0.020<-0.015) e=-0.0200,0,0
1765568335.8725908,0.5,0.51,-0.010000000000000009,0.010000000000000009,0.010000000000000009,5.45,6.12,0.6699999999999999,2.9975000000000005,2.9988,5.996300000000001,-0.5463000000000005,-0.5463000000000005,0.12369999999999948,-0.5463000000000005,HOLD,0.0,HOLD,hold:scale_risk_too_high (worst:-5.38),0,0
1765568337.8815386,0.52,0.49000000000000005,-0.010000000000000009,0.02999999999999997,0.010000000000000009,5.45,6.12,0.6699999999999999,2.9975000000000005,2.9988,5.996300000000001,-0.5463000000000005,-0.5463000000000005,0.12369999999999948,-0.5463000000000005,HOLD,0.0,HOLD,hold:scale_risk_too_high (worst:-6.05),0,0
1765568339.8907864,0.52,0.49000000000000005,-0.010000000000000009,0.02999999999999997,0.010000000000000009,5.45,6.12,0.6699999999999999,2.9975000000000005,2.9988,5.996300000000001,-0.5463000000000005,-0.5463000000000005,0.12369999999999948,-0.5463000000000005,HOLD,0.0,HOLD,hold:scale_risk_too_high (worst:-6.05),0,0
1765568341.900256,0.61,0.41,-0.020000000000000018,0.2,0.020000000000000018,5.45,6.12,0.6699999999999999,2.9975000000000005,2.9988,5.996300000000001,-0.5463000000000005,-0.5463000000000005,0.12369999999999948,-0.5463000000000005,HOLD,0.0,HOLD,hold:scale_blocked:edge_too_low(-0.020<-0.015) e=-0.0200,0,0
1765568343.9104676,0.59,0.42,-0.010000000000000009,0.16999999999999998,0.010000000000000009,5.45,6.12,0.6699999999999999,2.9975000000000005,2.9988,5.996300000000001,-0.5463000000000005,-0.5463000000000005,0.12369999999999948,-0.5463000000000005,HOLD,0.0,HOLD,hold:scale_risk_too_high (worst:-6.05),0,0
1765568345.9506283,0.6,0.42,-0.020000000000000018,0.18,0.020000000000000018,5.45,6.12,0.6699999999999999,2.9975000000000005,2.9988,5.996300000000001,-0.5463000000000005,-0.5463000000000005,0.12369999999999948,-0.5463000000000005,HOLD,0.0,HOLD,hold:scale_blocked:edge_too_low(-0.020<-0.015) e=-0.0200,0,0
1765568347.960019,0.62,0.39,-0.010000000000000009,0.22999999999999998,0.010000000000000009,5.45,6.12,0.6699999999999999,2.9975000000000005,2.9988,5.996300000000001,-0.5463000000000005,-0.5463000000000005,0.12369999999999948,-0.5463000000000005,HOLD,0.0,HOLD,hold:scale_risk_too_high (worst:-6.05),0,0
1765568349.9754887,0.6,0.43,-0.030000000000000027,0.16999999999999998,0.030000000000000027,5.45,6.12,0.6699999999999999,2.9975000000000005,2.9988,5.996300000000001,-0.5463000000000005,-0.5463000000000005,0.12369999999999948,-0.5463000000000005,HOLD,0.0,HOLD,hold:scale_blocked:edge_too_low(-0.030<-0.015) e=-0.0300,0,0
1765568352.004861,0.55,0.48,-0.030000000000000027,0.07000000000000006,0.030000000000000027,5.45,6.12,0.6699999999999999,2.9975000000000005,2.9988,5.996300000000001,-0.5463000000000005,-0.5463000000000005,0.12369999999999948,-0.5463000000000005,HOLD,0.0,HOLD,hold:scale_blocked:edge_too_low(-0.030<-0.015) e=-0.0300,0,0
1765568354.0167758,0.5016393442622951,0.51,-0.01163934426229507,0.008360655737704947,0.01163934426229507,5.45,6.12,0.6699999999999999,2.9975000000000005,2.9988,5.996300000000001,-0.5463000000000005,-0.5463000000000005,0.12369999999999948,-0.5463000000000005,HOLD,0.0,HOLD,hold:scale_risk_too_high (worst:-5.38),0,0
1765568356.0260847,0.5,0.51,-0.010000000000000009,0.010000000000000009,0.010000000000000009,5.45,6.12,0.6699999999999999,2.9975000000000005,2.9988,5.996300000000001,-0.5463000000000005,-0.5463000000000005,0.12369999999999948,-0.5463000000000005,HOLD,0.0,HOLD,hold:scale_risk_too_high (worst:-5.38),0,0
1765568358.0348682,0.5114754098360655,0.5,-0.011475409836065431,0.011475409836065542,0.011475409836065431,5.45,6.12,0.6699999999999999,2.9975000000000005,2.9988,5.996300000000001,-0.5463000000000005,-0.5463000000000005,0.12369999999999948,-0.5463000000000005,HOLD,0.0,HOLD,hold:scale_risk_too_high (worst:-6.05),0,0
1765568360.043236,0.54,0.5,-0.040000000000000036,0.040000000000000036,0.040000000000000036,5.45,6.12,0.6699999999999999,2.9975000000000005,2.9988,5.996300000000001,-0.5463000000000005,-0.5463000000000005,0.12369999999999948,-0.5463000000000005,HOLD,0.0,HOLD,hold:scale_blocked:edge_too_low(-0.040<-0.015) e=-0.0400,0,0
1765568362.0518222,0.53,0.49000000000000005,-0.020000000000000018,0.03999999999999998,0.020000000000000018,5.45,6.12,0.6699999999999999,2.9975000000000005,2.9988,5.996300000000001,-0.5463000000000005,-0.5463000000000005,0.12369999999999948,-0.5463000000000005,HOLD,0.0,HOLD,hold:scale_blocked:edge_too_low(-0.020<-0.015) e=-0.0200,0,0
1765568364.0609064,0.53,0.49000000000000005,-0.020000000000000018,0.03999999999999998,0.020000000000000018,5.45,6.12,0.6699999999999999,2.9975000000000005,2.9988,5.996300000000001,-0.5463000000000005,-0.5463000000000005,0.12369999999999948,-0.5463000000000005,HOLD,0.0,HOLD,hold:scale_blocked:edge_too_low(-0.020<-0.015) e=-0.0200,0,0
1765568366.0709984,0.5346534653465347,0.49000000000000005,-0.024653465346534675,0.04465346534653464,0.024653465346534675,5.45,6.12,0.6699999999999999,2.9975000000000005,2.9988,5.996300000000001,-0.5463000000000005,-0.5463000000000005,0.12369999999999948,-0.5463000000000005,HOLD,0.0,HOLD,hold:scale_blocked:edge_too_low(-0.025<-0.015) e=-0.0247,0,0
1765568368.0803638,0.48,0.54,-0.020000000000000018,0.06000000000000005,0.020000000000000018,5.45,6.12,0.6699999999999999,2.9975000000000005,2.9988,5.996300000000001,-0.5463000000000005,-0.5463000000000005,0.12369999999999948,-0.5463000000000005,HOLD,0.0,HOLD,hold:scale_blocked:edge_too_low(-0.020<-0.015) e=-0.0200,0,0
1765568370.0891652,0.49000000000000005,0.53,-0.020000000000000018,0.03999999999999998,0.020000000000000018,5.45,6.12,0.6699999999999999,2.9975000000000005,2.9988,5.996300000000001,-0.5463000000000005,-0.5463000000000005,0.12369999999999948,-0.5463000000000005,HOLD,0.0,HOLD,hold:scale_blocked:edge_too_low(-0.020<-0.015) e=-0.0200,0,0
1765568372.0999618,0.49000000000000005,0.53,-0.020000000000000018,0.03999999999999998,0.020000000000000018,5.45,6.12,0.6699999999999999,2.9975000000000005,2.9988,5.996300000000001,-0.5463000000000005,-0.5463000000000005,0.12369999999999948,-0.5463000000000005,HOLD,0.0,HOLD,hold:scale_blocked:edge_too_low(-0.020<-0.015) e=-0.0200,0,0
1765568374.1090353,0.49000000000000005,0.53,-0.020000000000000018,0.03999999999999998,0.020000000000000018,5.45,6.12,0.6699999999999999,2.9975000000000005,2.9988,5.996300000000001,-0.5463000000000005,-0.5463000000000005,0.12369999999999948,-0.5463000000000005,HOLD,0.0,HOLD,hold:scale_blocked:edge_too_low(-0.020<-0.015) e=-0.0200,0,0
1765568376.1180558,0.51,0.52,-0.030000000000000027,0.010000000000000009,0.030000000000000027,5.45,6.12,0.6699999999999999,2.9975000000000005,2.9988,5.996300000000001,-0.5463000000000005,-0.5463000000000005,0.12369999999999948,-0.5463000000000005,HOLD,0.0,HOLD,hold:scale_blocked:edge_too_low(-0.030<-0.015) e=-0.0300,0,0
1765568378.127418,0.51,0.5066225165562913,-0.016622516556291433,0.0033774834437086954,0.016622516556291433,5.45,6.12,0.6699999999999999,2.9975000000000005,2.9988,5.996300000000001,-0.5463000000000005,-0.5463000000000005,0.12369999999999948,-0.5463000000000005,HOLD,0.0,HOLD,hold:scale_blocked:edge_too_low(-0.017<-0.015) e=-0.0166,0,0
1765568380.1361108,0.51,0.53,-0.040000000000000036,0.020000000000000018,0.040000000000000036,5.45,6.12,0.6699999999999999,2.9975000000000005,2.9988,5.996300000000001,-0.5463000000000005,-0.5463000000000005,0.12369999999999948,-0.5463000000000005,HOLD,0.0,HOLD,hold:scale_blocked:edge_too_low(-0.040<-0.015) e=-0.0400,0,0
1765568382.145617,0.46,0.55,-0.010000000000000009,0.09000000000000002,0.010000000000000009,5.45,6.12,0.6699999999999999,2.9975000000000005,2.9988,5.996300000000001,-0.5463000000000005,-0.5463000000000005,0.12369999999999948,-0.5463000000000005,HOLD,0.0,HOLD,hold:scale_risk_too_high (worst:-5.38),0,0
1765568384.153991,0.4699999999999999,0.54,-0.010000000000000009,0.07000000000000012,0.010000000000000009,5.45,6.12,0.6699999999999999,2.9975000000000005,2.9988,5.996300000000001,-0.5463000000000005,-0.5463000000000005,0.12369999999999948,-0.5463000000000005,HOLD,0.0,HOLD,hold:scale_risk_too_high (worst:-5.38),0,0
1765568386.1632848,0.4,0.61,-0.010000000000000009,0.20999999999999996,0.010000000000000009,5.45,6.12,0.6699999999999999,2.9975000000000005,2.9988,5.996300000000001,-0.5463000000000005,-0.5463000000000005,0.12369999999999948,-0.5463000000000005,HOLD,0.0,HOLD,hold:scale_risk_too_high (worst:-5.38),0,0
1765568388.1844416,0.42,0.61,-0.030000000000000027,0.19,0.030000000000000027,5.45,6.12,0.6699999999999999,2.9975000000000005,2.9988,5.996300000000001,-0.5463000000000005,-0.5463000000000005,0.12369999999999948,-0.5463000000000005,HOLD,0.0,HOLD,hold:scale_blocked:edge_too_low(-0.030<-0.015) e=-0.0300,0,0
1765568390.1949468,0.4,0.62,-0.020000000000000018,0.21999999999999997,0.020000000000000018,5.45,6.12,0.6699999999999999,2.9975000000000005,2.9988,5.996300000000001,-0.5463000000000005,-0.5463000000000005,0.12369999999999948,-0.5463000000000005,HOLD,0.0,HOLD,hold:scale_blocked:edge_too_low(-0.020<-0.015) e=-0.0200,0,0
1765568392.2043262,0.41,0.6134362323142376,-0.023436232314237637,0.20343623231423763,0.023436232314237637,5.45,6.12,0.6699999999999999,2.9975000000000005,2.9988,5.996300000000001,-0.5463000000000005,-0.5463000000000005,0.12369999999999948,-0.5463000000000005,HOLD,0.0,HOLD,hold:scale_blocked:edge_too_low(-0.023<-0.015) e=-0.0234,0,0
1765568394.2121174,0.41,0.6,-0.010000000000000009,0.19,0.010000000000000009,5.45,6.12,0.6699999999999999,2.9975000000000005,2.9988,5.996300000000001,-0.5463000000000005,-0.5463000000000005,0.12369999999999948,-0.5463000000000005,HOLD,0.0,HOLD,hold:scale_risk_too_high (worst:-5.38),0,0
1765568396.2200482,0.37,0.65,-0.020000000000000018,0.28,0.020000000000000018,5.45,6.12,0.6699999999999999,2.9975000000000005,2.9988,5.996300000000001,-0.5463000000000005,-0.5463000000000005,0.12369999999999948,-0.5463000000000005,HOLD,0.0,HOLD,hold:scale_blocked:edge_too_low(-0.020<-0.015) e=-0.0200,0,0
1765568398.230259,0.34426229508196726,0.68,-0.02426229508196731,0.3357377049180328,0.02426229508196731,5.45,6.12,0.6699999999999999,2.9975000000000005,2.9988,5.996300000000001,-0.5463000000000005,-0.5463000000000005,0.12369999999999948,-0.5463000000000005,HOLD,0.0,HOLD,hold:scale_blocked:edge_too_low(-0.024<-0.015) e=-0.0243,0,0
1765568400.2400122,0.35000000000000003,0.66,-0.010000000000000009,0.31,0.010000000000000009,5.45,6.12,0.6699999999999999,2.9975000000000005,2.9988,5.996300000000001,-0.5463000000000005,-0.5463000000000005,0.12369999999999948,-0.5463000000000005,HOLD,0.0,HOLD,hold:scale_risk_too_high (worst:-5.38),0,0
1765568402.2516124,0.4,0.62,-0.020000000000000018,0.21999999999999997,0.020000000000000018,5.45,6.12,0.6699999999999999,2.9975000000000005,2.9988,5.996300000000001,-0.5463000000000005,-0.5463000000000005,0.12369999999999948,-0.5463000000000005,HOLD,0.0,HOLD,hold:scale_blocked:edge_too_low(-0.020<-0.015) e=-0.0200,0,0
1765568404.2597299,0.41,0.61,-0.020000000000000018,0.2,0.020000000000000018,5.45,6.12,0.6699999999999999,2.9975000000000005,2.9988,5.996300000000001,-0.5463000000000005,-0.5463000000000005,0.12369999999999948,-0.5463000000000005,HOLD,0.0,HOLD,hold:scale_blocked:edge_too_low(-0.020<-0.015) e=-0.0200,0,0
1765568406.2702563,0.48,0.55,-0.030000000000000027,0.07000000000000006,0.030000000000000027,5.45,6.12,0.6699999999999999,2.9975000000000005,2.9988,5.996300000000001,-0.5463000000000005,-0.5463000000000005,0.12369999999999948,-0.5463000000000005,HOLD,0.0,HOLD,hold:scale_blocked:edge_too_low(-0.030<-0.015) e=-0.0300,0,0
1765568408.2786703,0.52,0.5,-0.020000000000000018,0.020000000000000018,0.020000000000000018,5.45,6.12,0.6699999999999999,2.9975000000000005,2.9988,5.996300000000001,-0.5463000000000005,-0.5463000000000005,0.12369999999999948,-0.5463000000000005,HOLD,0.0,HOLD,hold:scale_blocked:edge_too_low(-0.020<-0.015) e=-0.0200,0,0
1765568410.2912774,0.54,0.48,-0.020000000000000018,0.06000000000000005,0.020000000000000018,5.45,6.12,0.6699999999999999,2.9975000000000005,2.9988,5.996300000000001,-0.5463000000000005,-0.5463000000000005,0.12369999999999948,-0.5463000000000005,HOLD,0.0,HOLD,hold:scale_blocked:edge_too_low(-0.020<-0.015) e=-0.0200,0,0
1765568412.2992454,0.53,0.49000000000000005,-0.020000000000000018,0.03999999999999998,0.020000000000000018,5.45,6.12,0.6699999999999999,2.9975000000000005,2.9988,5.996300000000001,-0.5463000000000005,-0.5463000000000005,0.12369999999999948,-0.5463000000000005,HOLD,0.0,HOLD,hold:scale_blocked:edge_too_low(-0.020<-0.015) e=-0.0200,0,0
1765568414.3288157,0.55,0.46229508196721314,-0.012295081967213184,0.0877049180327869,0.012295081967213184,5.45,6.12,0.6699999999999999,2.9975000000000005,2.9988,5.996300000000001,-0.5463000000000005,-0.5463000000000005,0.12369999999999948,-0.5463000000000005,HOLD,0.0,HOLD,hold:scale_risk_too_high (worst:-6.05),0,0
1765568416.3571131,0.53,0.48,-0.010000000000000009,0.050000000000000044,0.010000000000000009,5.45,6.12,0.6699999999999999,2.9975000000000005,2.9988,5.996300000000001,-0.5463000000000005,-0.5463000000000005,0.12369999999999948,-0.5463000000000005,HOLD,0.0,HOLD,hold:scale_risk_too_high (worst:-6.05),0,0
1765568418.4040236,0.52,0.49000000000000005,-0.010000000000000009,0.02999999999999997,0.010000000000000009,5.45,6.12,0.6699999999999999,2.9975000000000005,2.9988,5.996300000000001,-0.5463000000000005,-0.5463000000000005,0.12369999999999948,-0.5463000000000005,HOLD,0.0,HOLD,hold:scale_risk_too_high (worst:-6.05),0,0
1765568420.417339,0.43,0.59,-0.020000000000000018,0.15999999999999998,0.020000000000000018,5.45,6.12,0.6699999999999999,2.9975000000000005,2.9988,5.996300000000001,-0.5463000000000005,-0.5463000000000005,0.12369999999999948,-0.5463000000000005,HOLD,0.0,HOLD,hold:scale_blocked:edge_too_low(-0.020<-0.015) e=-0.0200,0,0
1765568422.427837,0.44,0.58,-0.020000000000000018,0.13999999999999996,0.020000000000000018,5.45,6.12,0.6699999999999999,2.9975000000000005,2.9988,5.996300000000001,-0.5463000000000005,-0.5463000000000005,0.12369999999999948,-0.5463000000000005,HOLD,0.0,HOLD,hold:scale_blocked:edge_too_low(-0.020<-0.015) e=-0.0200,0,0
1765568424.437799,0.43,0.59,-0.020000000000000018,0.15999999999999998,0.020000000000000018,5.45,6.12,0.6699999999999999,2.9975000000000005,2.9988,5.996300000000001,-0.5463000000000005,-0.5463000000000005,0.12369999999999948,-0.5463000000000005,HOLD,0.0,HOLD,hold:scale_blocked:edge_too_low(-0.020<-0.015) e=-0.0200,0,0
1765568426.4471004,0.44,0.58,-0.020000000000000018,0.13999999999999996,0.020000000000000018,5.45,6.12,0.6699999999999999,2.9975000000000005,2.9988,5.996300000000001,-0.5463000000000005,-0.5463000000000005,0.12369999999999948,-0.5463000000000005,HOLD,0.0,HOLD,hold:scale_blocked:edge_too_low(-0.020<-0.015) e=-0.0200,0,0
1765568428.4559286,0.4699999999999999,0.56,-0.030000000000000027,0.09000000000000014,0.030000000000000027,5.45,6.12,0.6699999999999999,2.9975000000000005,2.9988,5.996300000000001,-0.5463000000000005,-0.5463000000000005,0.12369999999999948,-0.5463000000000005,HOLD,0.0,HOLD,hold:scale_blocked:edge_too_low(-0.030<-0.015) e=-0.0300,0,0
1765568430.4638612,0.56,0.48,-0.040000000000000036,0.08000000000000007,0.040000000000000036,5.45,6.12,0.6699999999999999,2.9975000000000005,2.9988,5.996300000000001,-0.5463000000000005,-0.5463000000000005,0.12369999999999948,-0.5463000000000005,HOLD,0.0,HOLD,hold:scale_blocked:edge_too_low(-0.040<-0.015) e=-0.0400,0,0
1765568432.4731843,0.55,0.46,-0.010000000000000009,0.09000000000000002,0.010000000000000009,5.45,6.12,0.6699999999999999,2.9975000000000005,2.9988,5.996300000000001,-0.5463000000000005,-0.5463000000000005,0.12369999999999948,-0.5463000000000005,HOLD,0.0,HOLD,hold:scale_risk_too_high (worst:-6.05),0,0
1765568434.4815228,0.56,0.4699999999999999,-0.030000000000000027,0.09000000000000014,0.030000000000000027,5.45,6.12,0.6699999999999999,2.9975000000000005,2.9988,5.996300000000001,-0.5463000000000005,-0.5463000000000005,0.12369999999999948,-0.5463000000000005,HOLD,0.0,HOLD,hold:scale_blocked:edge_too_low(-0.030<-0.015) e=-0.0300,0,0
1765568436.4901583,0.57,0.45000000000000007,-0.020000000000000018,0.11999999999999988,0.020000000000000018,5.45,6.12,0.6699999999999999,2.9975000000000005,2.9988,5.996300000000001,-0.5463000000000005,-0.5463000000000005,0.12369999999999948,-0.5463000000000005,HOLD,0.0,HOLD,hold:scale_blocked:edge_too_low(-0.020<-0.015) e=-0.0200,0,0
1765568438.4994261,0.58,0.45000000000000007,-0.030000000000000027,0.1299999999999999,0.030000000000000027,5.45,6.12,0.6699999999999999,2.9975000000000005,2.9988,5.996300000000001,-0.5463000000000005,-0.5463000000000005,0.12369999999999948,-0.5463000000000005,HOLD,0.0,HOLD,hold:scale_blocked:edge_too_low(-0.030<-0.015) e=-0.0300,0,0
1765568440.5092378,0.61,0.41,-0.020000000000000018,0.2,0.020000000000000018,5.45,6.12,0.6699999999999999,2.9975000000000005,2.9988,5.996300000000001,-0.5463000000000005,-0.5463000000000005,0.12369999999999948,-0.5463000000000005,HOLD,0.0,HOLD,hold:scale_blocked:edge_too_low(-0.020<-0.015) e=-0.0200,0,0
1765568442.5208194,0.63,0.38,-0.010000000000000009,0.25,0.010000000000000009,5.45,6.12,0.6699999999999999,2.9975000000000005,2.9988,5.996300000000001,-0.5463000000000005,-0.5463000000000005,0.12369999999999948,-0.5463000000000005,HOLD,0.0,HOLD,hold:scale_risk_too_high (worst:-6.05),0,0
1765568444.5297678,0.6,0.41,-0.010000000000000009,0.19,0.010000000000000009,5.45,6.12,0.6699999999999999,2.9975000000000005,2.9988,5.996300000000001,-0.5463000000000005,-0.5463000000000005,0.12369999999999948,-0.5463000000000005,HOLD,0.0,HOLD,hold:scale_risk_too_high (worst:-6.05),0,0
1765568446.5369663,0.56,0.46,-0.020000000000000018,0.10000000000000003,0.020000000000000018,5.45,6.12,0.6699999999999999,2.9975000000000005,2.9988,5.996300000000001,-0.5463000000000005,-0.5463000000000005,0.12369999999999948,-0.5463000000000005,HOLD,0.0,HOLD,hold:scale_blocked:edge_too_low(-0.020<-0.015) e=-0.0200,0,0
1765568448.546096,0.56,0.46,-0.020000000000000018,0.10000000000000003,0.020000000000000018,5.45,6.12,0.6699999999999999,2.9975000000000005,2.9988,5.996300000000001,-0.5463000000000005,-0.5463000000000005,0.12369999999999948,-0.5463000000000005,HOLD,0.0,HOLD,hold:scale_blocked:edge_too_low(-0.020<-0.015) e=-0.0200,0,0
1765568450.5554957,0.55,0.46,-0.010000000000000009,0.09000000000000002,0.010000000000000009,5.45,6.12,0.6699999999999999,2.9975000000000005,2.9988,5.996300000000001,-0.5463000000000005,-0.5463000000000005,0.12369999999999948,-0.5463000000000005,HOLD,0.0,HOLD,hold:scale_risk_too_high (worst:-6.05),0,0
1765568452.5654776,0.52,0.5,-0.020000000000000018,0.020000000000000018,0.020000000000000018,5.45,6.12,0.6699999999999999,2.9975000000000005,2.9988,5.996300000000001,-0.5463000000000005,-0.5463000000000005,0.12369999999999948,-0.5463000000000005,HOLD,0.0,HOLD,hold:scale_blocked:edge_too_low(-0.020<-0.015) e=-0.0200,0,0
1765568454.574816,0.52,0.5,-0.020000000000000018,0.020000000000000018,0.020000000000000018,5.45,6.12,0.6699999999999999,2.9975000000000005,2.9988,5.996300000000001,-0.5463000000000005,-0.5463000000000005,0.12369999999999948,-0.5463000000000005,HOLD,0.0,HOLD,hold:scale_blocked:edge_too_low(-0.020<-0.015) e=-0.0200,0,0
1765568456.584081,0.53,0.5,-0.030000000000000027,0.030000000000000027,0.030000000000000027,5.45,6.12,0.6699999999999999,2.9975000000000005,2.9988,5.996300000000001,-0.5463000000000005,-0.5463000000000005,0.12369999999999948,-0.5463000000000005,HOLD,0.0,HOLD,hold:scale_blocked:edge_too_low(-0.030<-0.015) e=-0.0300,0,0
1765568458.596153,0.53,0.5,-0.030000000000000027,0.030000000000000027,0.030000000000000027,5.45,6.12,0.6699999999999999,2.9975000000000005,2.9988,5.996300000000001,-0.5463000000000005,-0.5463000000000005,0.12369999999999948,-0.5463000000000005,HOLD,0.0,HOLD,hold:scale_blocked:edge_too_low(-0.030<-0.015) e=-0.0300,0,0
1765568460.6053228,0.6,0.41,-0.010000000000000009,0.19,0.010000000000000009,5.45,6.12,0.6699999999999999,2.9975000000000005,2.9988,5.996300000000001,-0.5463000000000005,-0.5463000000000005,0.12369999999999948,-0.5463000000000005,HOLD,0.0,HOLD,hold:scale_risk_too_high (worst:-6.05),0,0
1765568462.6146982,0.7326732673267327,0.32,-0.05267326732673272,0.41267326732673265,0.05267326732673272,5.45,6.12,0.6699999999999999,2.9975000000000005,2.9988,5.996300000000001,-0.5463000000000005,-0.5463000000000005,0.12369999999999948,-0.5463000000000005,HOLD,0.0,HOLD,hold:scale_blocked:edge_too_low(-0.053<-0.015) e=-0.0527,0,0
1765568464.6232562,0.7299999999999999,0.28,-0.009999999999999787,0.44999999999999984,0.009999999999999787,5.45,6.12,0.6699999999999999,2.9975000000000005,2.9988,5.996300000000001,-0.5463000000000005,-0.5463000000000005,0.12369999999999948,-0.5463000000000005,HOLD,0.0,HOLD,hold:scale_risk_too_high (worst:-6.05),0,0
1765568466.633287,0.74,0.3,-0.040000000000000036,0.44,0.040000000000000036,5.45,6.12,0.6699999999999999,2.9975000000000005,2.9988,5.996300000000001,-0.5463000000000005,-0.5463000000000005,0.12369999999999948,-0.5463000000000005,HOLD,0.0,HOLD,hold:scale_blocked:edge_too_low(-0.040<-0.015) e=-0.0400,0,0
1765568468.6424944,0.72,0.3,-0.020000000000000018,0.42,0.020000000000000018,5.45,6.12,0.6699999999999999,2.9975000000000005,2.9988,5.996300000000001,-0.5463000000000005,-0.5463000000000005,0.12369999999999948,-0.5463000000000005,HOLD,0.0,HOLD,hold:scale_blocked:edge_too_low(-0.020<-0.015) e=-0.0200,0,0
1765568470.6550732,0.76,0.25,-0.010000000000000009,0.51,0.010000000000000009,5.45,6.12,0.6699999999999999,2.9975000000000005,2.9988,5.996300000000001,-0.5463000000000005,-0.5463000000000005,0.12369999999999948,-0.5463000000000005,HOLD,0.0,HOLD,hold:scale_risk_too_high (worst:-6.05),0,0
1765568472.6653528,0.72,0.30293159609120524,-0.022931596091205098,0.41706840390879474,0.022931596091205098,5.45,6.12,0.6699999999999999,2.9975000000000005,2.9988,5.996300000000001,-0.5463000000000005,-0.5463000000000005,0.12369999999999948,-0.5463000000000005,HOLD,0.0,HOLD,hold:scale_blocked:edge_too_low(-0.023<-0.015) e=-0.0229,0,0
1765568474.6752863,0.68,0.3300970873786408,-0.01009708737864079,0.34990291262135925,0.01009708737864079,5.45,6.12,0.6699999999999999,2.9975000000000005,2.9988,5.996300000000001,-0.5463000000000005,-0.5463000000000005,0.12369999999999948,-0.5463000000000005,HOLD,0.0,HOLD,hold:scale_risk_too_high (worst:-6.05),0,0
1765568476.6832964,0.69,0.34,-0.030000000000000027,0.3499999999999999,0.030000000000000027,5.45,6.12,0.6699999999999999,2.9975000000000005,2.9988,5.996300000000001,-0.5463000000000005,-0.5463000000000005,0.12369999999999948,-0.5463000000000005,HOLD,0.0,HOLD,hold:scale_blocked:edge_too_low(-0.030<-0.015) e=-0.0300,0,0
1765568478.6943111,0.7299999999999999,0.29,-0.019999999999999796,0.4399999999999999,0.019999999999999796,5.45,6.12,0.6699999999999999,2.9975000000000005,2.9988,5.996300000000001,-0.5463000000000005,-0.5463000000000005,0.12369999999999948,-0.5463000000000005,HOLD,0.0,HOLD,hold:scale_blocked:edge_too_low(-0.020<-0.015) e=-0.0200,0,0
1765568480.7030463,0.72,0.3,-0.020000000000000018,0.42,0.020000000000000018,5.45,6.12,0.6699999999999999,2.9975000000000005,2.9988,5.996300000000001,-0.5463000000000005,-0.5463000000000005,0.12369999999999948,-0.5463000000000005,HOLD,0.0,HOLD,hold:scale_blocked:edge_too_low(-0.020<-0.015) e=-0.0200,0,0
1765568482.7127128,0.7000000000000001,0.31,-0.010000000000000009,0.39000000000000007,0.010000000000000009,5.45,6.12,0.6699999999999999,2.9975000000000005,2.9988,5.996300000000001,-0.5463000000000005,-0.5463000000000005,0.12369999999999948,-0.5463000000000005,HOLD,0.0,HOLD,hold:scale_risk_too_high (worst:-6.05),0,0
1765568484.7298043,0.7000000000000001,0.33,-0.030000000000000027,0.37000000000000005,0.030000000000000027,5.45,6.12,0.6699999999999999,2.9975000000000005,2.9988,5.996300000000001,-0.5463000000000005,-0.5463000000000005,0.12369999999999948,-0.5463000000000005,HOLD,0.0,HOLD,hold:scale_blocked:edge_too_low(-0.030<-0.015) e=-0.0300,0,0
1765568486.7394688,0.7000000000000001,0.31475409836065577,-0.014754098360655776,0.3852459016393443,0.014754098360655776,5.45,6.12,0.6699999999999999,2.9975000000000005,2.9988,5.996300000000001,-0.5463000000000005,-0.5463000000000005,0.12369999999999948,-0.5463000000000005,HOLD,0.0,HOLD,hold:scale_risk_too_high (worst:-6.05),0,0
1765568488.750119,0.65,0.36,-0.010000000000000009,0.29000000000000004,0.010000000000000009,5.45,6.12,0.6699999999999999,2.9975000000000005,2.9988,5.996300000000001,-0.5463000000000005,-0.5463000000000005,0.12369999999999948,-0.5463000000000005,HOLD,0.0,HOLD,hold:scale_risk_too_high (worst:-6.05),0,0
1765568490.7617247,0.65,0.38,-0.030000000000000027,0.27,0.030000000000000027,5.45,6.12,0.6699999999999999,2.9975000000000005,2.9988,5.996300000000001,-0.5463000000000005,-0.5463000000000005,0.12369999999999948,-0.5463000000000005,HOLD,0.0,HOLD,hold:scale_blocked:edge_too_low(-0.030<-0.015) e=-0.0300,0,0
1765568492.7719486,0.7099999999999999,0.3,-0.009999999999999787,0.40999999999999986,0.009999999999999787,5.45,6.12,0.6699999999999999,2.9975000000000005,2.9988,5.996300000000001,-0.5463000000000005,-0.5463000000000005,0.12369999999999948,-0.5463000000000005,HOLD,0.0,HOLD,hold:scale_risk_too_high (worst:-6.05),0,0
1765568494.781286,0.7299999999999999,0.2871287128712871,-0.017128712871286922,0.44287128712871277,0.017128712871286922,5.45,6.12,0.6699999999999999,2.9975000000000005,2.9988,5.996300000000001,-0.5463000000000005,-0.5463000000000005,0.12369999999999948,-0.5463000000000005,HOLD,0.0,HOLD,hold:scale_blocked:edge_too_low(-0.017<-0.015) e=-0.0171,0,0
1765568496.791002,0.7299999999999999,0.29,-0.019999999999999796,0.4399999999999999,0.019999999999999796,5.45,6.12,0.6699999999999999,2.9975000000000005,2.9988,5.996300000000001,-0.5463000000000005,-0.5463000000000005,0.12369999999999948,-0.5463000000000005,HOLD,0.0,HOLD,hold:scale_blocked:edge_too_low(-0.020<-0.015) e=-0.0200,0,0
1765568498.8068292,0.82,0.21,-0.030000000000000027,0.61,0.030000000000000027,5.45,6.12,0.6699999999999999,2.9975000000000005,2.9988,5.996300000000001,-0.5463000000000005,-0.5463000000000005,0.12369999999999948,-0.5463000000000005,HOLD,0.0,HOLD,hold:scale_blocked:edge_too_low(-0.030<-0.015) e=-0.0300,0,0
1765568500.8155074,0.82,0.19,-0.010000000000000009,0.6299999999999999,0.010000000000000009,5.45,6.12,0.6699999999999999,2.9975000000000005,2.9988,5.996300000000001,-0.5463000000000005,-0.5463000000000005,0.12369999999999948,-0.5463000000000005,HOLD,0.0,HOLD,hold:scale_risk_too_high (worst:-6.05),0,0
1765568502.8264966,0.81,0.2,-0.010000000000000009,0.6100000000000001,0.010000000000000009,5.45,6.12,0.6699999999999999,2.9975000000000005,2.9988,5.996300000000001,-0.5463000000000005,-0.5463000000000005,0.12369999999999948,-0.5463000000000005,HOLD,0.0,HOLD,hold:scale_risk_too_high (worst:-6.05),0,0
1765568504.836621,0.81,0.2,-0.010000000000000009,0.6100000000000001,0.010000000000000009,5.45,6.12,0.6699999999999999,2.9975000000000005,2.9988,5.996300000000001,-0.5463000000000005,-0.5463000000000005,0.12369999999999948,-0.5463000000000005,HOLD,0.0,HOLD,hold:scale_risk_too_high (worst:-6.05),0,0
1765568506.845068,0.83,0.19,-0.020000000000000018,0.6399999999999999,0.020000000000000018,5.45,6.12,0.6699999999999999,2.9975000000000005,2.9988,5.996300000000001,-0.5463000000000005,-0.5463000000000005,0.12369999999999948,-0.5463000000000005,HOLD,0.0,HOLD,hold:scale_blocked:edge_too_low(-0.020<-0.015) e=-0.0200,0,0
1765568508.8550339,0.83,0.2,-0.030000000000000027,0.6299999999999999,0.030000000000000027,5.45,6.12,0.6699999999999999,2.9975000000000005,2.9988,5.996300000000001,-0.5463000000000005,-0.5463000000000005,0.12369999999999948,-0.5463000000000005,HOLD,0.0,HOLD,hold:scale_blocked:edge_too_low(-0.030<-0.015) e=-0.0300,0,0
1765568510.8821578,0.83,0.1920860545524395,-0.022086054552439505,0.6379139454475604,0.022086054552439505,5.45,6.12,0.6699999999999999,2.9975000000000005,2.9988,5.996300000000001,-0.5463000000000005,-0.5463000000000005,0.12369999999999948,-0.5463000000000005,HOLD,0.0,HOLD,hold:scale_blocked:edge_too_low(-0.022<-0.015) e=-0.0221,0,0
1765568512.893367,0.83,0.19,-0.020000000000000018,0.6399999999999999,0.020000000000000018,5.45,6.12,0.6699999999999999,2.9975000000000005,2.9988,5.996300000000001,-0.5463000000000005,-0.5463000000000005,0.12369999999999948,-0.5463000000000005,HOLD,0.0,HOLD,hold:scale_blocked:edge_too_low(-0.020<-0.015) e=-0.0200,0,0
1765568514.9026625,0.83,0.1935483870967742,-0.023548387096774093,0.6364516129032258,0.023548387096774093,5.45,6.12,0.6699999999999999,2.9975000000000005,2.9988,5.996300000000001,-0.5463000000000005,-0.5463000000000005,0.12369999999999948,-0.5463000000000005,HOLD,0.0,HOLD,hold:scale_blocked:edge_too_low(-0.024<-0.015) e=-0.0235,0,0
1765568516.9136543,0.83,0.19,-0.020000000000000018,0.6399999999999999,0.020000000000000018,5.45,6.12,0.6699999999999999,2.9975000000000005,2.9988,5.996300000000001,-0.5463000000000005,-0.5463000000000005,0.12369999999999948,-0.5463000000000005,HOLD,0.0,HOLD,hold:scale_blocked:edge_too_low(-0.020<-0.015) e=-0.0200,0,0
1765568518.9250114,0.82,0.22,-0.040000000000000036,0.6,0.040000000000000036,5.45,6.12,0.6699999999999999,2.9975000000000005,2.9988,5.996300000000001,-0.5463000000000005,-0.5463000000000005,0.12369999999999948,-0.5463000000000005,HOLD,0.0,HOLD,hold:scale_blocked:edge_too_low(-0.040<-0.015) e=-0.0400,0,0
1765568520.9357743,0.77,0.27,-0.040000000000000036,0.5,0.040000000000000036,5.45,6.12,0.6699999999999999,2.9975000000000005,2.9988,5.996300000000001,-0.5463000000000005,-0.5463000000000005,0.12369999999999948,-0.5463000000000005,HOLD,0.0,HOLD,hold:scale_blocked:edge_too_low(-0.040<-0.015) e=-0.0400,0,0
1765568522.9462087,0.77,0.28,-0.050000000000000044,0.49,0.050000000000000044,5.45,6.12,0.6699999999999999,2.9975000000000005,2.9988,5.996300000000001,-0.5463000000000005,-0.5463000000000005,0.12369999999999948,-0.5463000000000005,HOLD,0.0,HOLD,hold:scale_blocked:edge_too_low(-0.050<-0.015) e=-0.0500,0,0
1765568524.9549131,0.72,0.3,-0.020000000000000018,0.42,0.020000000000000018,5.45,6.12,0.6699999999999999,2.9975000000000005,2.9988,5.996300000000001,-0.5463000000000005,-0.5463000000000005,0.12369999999999948,-0.5463000000000005,HOLD,0.0,HOLD,hold:scale_blocked:edge_too_low(-0.020<-0.015) e=-0.0200,0,0
1765568526.9659114,0.7299999999999999,0.3,-0.029999999999999805,0.4299999999999999,0.029999999999999805,5.45,6.12,0.6699999999999999,2.9975000000000005,2.9988,5.996300000000001,-0.5463000000000005,-0.5463000000000005,0.12369999999999948,-0.5463000000000005,HOLD,0.0,HOLD,hold:scale_blocked:edge_too_low(-0.030<-0.015) e=-0.0300,0,0
1765568528.9768374,0.7000000000000001,0.31,-0.010000000000000009,0.39000000000000007,0.010000000000000009,5.45,6.12,0.6699999999999999,2.9975000000000005,2.9988,5.996300000000001,-0.5463000000000005,-0.5463000000000005,0.12369999999999948,-0.5463000000000005,HOLD,0.0,HOLD,hold:scale_risk_too_high (worst:-6.05),0,0
1765568530.9943278,0.67,0.34,-0.010000000000000009,0.33,0.010000000000000009,5.45,6.12,0.6699999999999999,2.9975000000000005,2.9988,5.996300000000001,-0.5463000000000005,-0.5463000000000005,0.12369999999999948,-0.5463000000000005,HOLD,0.0,HOLD,hold:scale_risk_too_high (worst:-6.05),0,0
1765568533.0040803,0.67,0.34,-0.010000000000000009,0.33,0.010000000000000009,5.45,6.12,0.6699999999999999,2.9975000000000005,2.9988,5.996300000000001,-0.5463000000000005,-0.5463000000000005,0.12369999999999948,-0.5463000000000005,HOLD,0.0,HOLD,hold:scale_risk_too_high (worst:-6.05),0,0
1765568535.0129943,0.6,0.41,-0.010000000000000009,0.19,0.010000000000000009,5.45,6.12,0.6699999999999999,2.9975000000000005,2.9988,5.996300000000001,-0.5463000000000005,-0.5463000000000005,0.12369999999999948,-0.5463000000000005,HOLD,0.0,HOLD,hold:scale_risk_too_high (worst:-6.05),0,0
1765568537.033833,0.53,0.49893560404470466,-0.028935604044704633,0.031064395955295365,0.028935604044704633,5.45,6.12,0.6699999999999999,2.9975000000000005,2.9988,5.996300000000001,-0.5463000000000005,-0.5463000000000005,0.12369999999999948,-0.5463000000000005,HOLD,0.0,HOLD,hold:scale_blocked:edge_too_low(-0.029<-0.015) e=-0.0289,0,0
1765568539.0438309,0.55,0.48,-0.030000000000000027,0.07000000000000006,0.030000000000000027,5.45,6.12,0.6699999999999999,2.9975000000000005,2.9988,5.996300000000001,-0.5463000000000005,-0.5463000000000005,0.12369999999999948,-0.5463000000000005,HOLD,0.0,HOLD,hold:scale_blocked:edge_too_low(-0.030<-0.015) e=-0.0300,0,0
1765568541.0528376,0.5409836065573771,0.49000000000000005,-0.030983606557377197,0.05098360655737705,0.030983606557377197,5.45,6.12,0.6699999999999999,2.9975000000000005,2.9988,5.996300000000001,-0.5463000000000005,-0.5463000000000005,0.12369999999999948,-0.5463000000000005,HOLD,0.0,HOLD,hold:scale_blocked:edge_too_low(-0.031<-0.015) e=-0.0310,0,0
1765568543.0606935,0.54,0.48387096774193544,-0.023870967741935534,0.05612903225806459,0.023870967741935534,5.45,6.12,0.6699999999999999,2.9975000000000005,2.9988,5.996300000000001,-0.5463000000000005,-0.5463000000000005,0.12369999999999948,-0.5463000000000005,HOLD,0.0,HOLD,hold:scale_blocked:edge_too_low(-0.024<-0.015) e=-0.0239,0,0
1765568545.0692658,0.53,0.49180327868852464,-0.02180327868852472,0.03819672131147539,0.02180327868852472,5.45,6.12,0.6699999999999999,2.9975000000000005,2.9988,5.996300000000001,-0.5463000000000005,-0.5463000000000005,0.12369999999999948,-0.5463000000000005,HOLD,0.0,HOLD,hold:scale_blocked:edge_too_low(-0.022<-0.015) e=-0.0218,0,0
1765568547.0788023,0.51,0.5114754098360655,-0.021475409836065662,0.0014754098360655332,0.021475409836065662,5.45,6.12,0.6699999999999999,2.9975000000000005,2.9988,5.996300000000001,-0.5463000000000005,-0.5463000000000005,0.12369999999999948,-0.5463000000000005,HOLD,0.0,HOLD,hold:scale_blocked:edge_too_low(-0.021<-0.015) e=-0.0215,0,0
1765568549.0878098,0.51,0.5114754098360655,-0.021475409836065662,0.0014754098360655332,0.021475409836065662,5.45,6.12,0.6699999999999999,2.9975000000000005,2.9988,5.996300000000001,-0.5463000000000005,-0.5463000000000005,0.12369999999999948,-0.5463000000000005,HOLD,0.0,HOLD,hold:scale_blocked:edge_too_low(-0.021<-0.015) e=-0.0215,0,0
1765568551.1019168,0.49000000000000005,0.57,-0.06000000000000005,0.0799999999999999,0.06000000000000005,5.45,6.12,0.6699999999999999,2.9975000000000005,2.9988,5.996300000000001,-0.5463000000000005,-0.5463000000000005,0.12369999999999948,-0.5463000000000005,HOLD,0.0,HOLD,hold:scale_blocked:edge_too_low(-0.060<-0.015) e=-0.0600,0,0
1765568553.111104,0.48,0.56,-0.040000000000000036,0.08000000000000007,0.040000000000000036,5.45,6.12,0.6699999999999999,2.9975000000000005,2.9988,5.996300000000001,-0.5463000000000005,-0.5463000000000005,0.12369999999999948,-0.5463000000000005,HOLD,0.0,HOLD,hold:scale_blocked:edge_too_low(-0.040<-0.015) e=-0.0400,0,0
1765568555.1210885,0.4699999999999999,0.56,-0.030000000000000027,0.09000000000000014,0.030000000000000027,5.45,6.12,0.6699999999999999,2.9975000000000005,2.9988,5.996300000000001,-0.5463000000000005,-0.5463000000000005,0.12369999999999948,-0.5463000000000005,HOLD,0.0,HOLD,hold:scale_blocked:edge_too_low(-0.030<-0.015) e=-0.0300,0,0
1765568557.1313336,0.4699999999999999,0.5508196721311476,-0.02081967213114755,0.08081967213114766,0.02081967213114755,5.45,6.12,0.6699999999999999,2.9975000000000005,2.9988,5.996300000000001,-0.5463000000000005,-0.5463000000000005,0.12369999999999948,-0.5463000000000005,HOLD,0.0,HOLD,hold:scale_blocked:edge_too_low(-0.021<-0.015) e=-0.0208,0,0
1765568559.140235,0.4699999999999999,0.5508196721311476,-0.02081967213114755,0.08081967213114766,0.02081967213114755,5.45,6.12,0.6699999999999999,2.9975000000000005,2.9988,5.996300000000001,-0.5463000000000005,-0.5463000000000005,0.12369999999999948,-0.5463000000000005,HOLD,0.0,HOLD,hold:scale_blocked:edge_too_low(-0.021<-0.015) e=-0.0208,0,0
1765568561.1492503,0.39,0.65,-0.040000000000000036,0.26,0.040000000000000036,5.45,6.12,0.6699999999999999,2.9975000000000005,2.9988,5.996300000000001,-0.5463000000000005,-0.5463000000000005,0.12369999999999948,-0.5463000000000005,HOLD,0.0,HOLD,hold:scale_blocked:edge_too_low(-0.040<-0.015) e=-0.0400,0,0
1765568563.1597457,0.39,0.63,-0.020000000000000018,0.24,0.020000000000000018,5.45,6.12,0.6699999999999999,2.9975000000000005,2.9988,5.996300000000001,-0.5463000000000005,-0.5463000000000005,0.12369999999999948,-0.5463000000000005,HOLD,0.0,HOLD,hold:scale_blocked:edge_too_low(-0.020<-0.015) e=-0.0200,0,0
1765568565.1695807,0.35000000000000003,0.66,-0.010000000000000009,0.31,0.010000000000000009,5.45,6.12,0.6699999999999999,2.9975000000000005,2.9988,5.996300000000001,-0.5463000000000005,-0.5463000000000005,0.12369999999999948,-0.5463000000000005,HOLD,0.0,HOLD,hold:scale_risk_too_high (worst:-5.38),0,0
1765568567.1794908,0.36393442622950817,0.66,-0.023934426229508254,0.29606557377049186,0.023934426229508254,5.45,6.12,0.6699999999999999,2.9975000000000005,2.9988,5.996300000000001,-0.5463000000000005,-0.5463000000000005,0.12369999999999948,-0.5463000000000005,HOLD,0.0,HOLD,hold:scale_blocked:edge_too_low(-0.024<-0.015) e=-0.0239,0,0
1765568569.202608,0.37,0.65,-0.020000000000000018,0.28,0.020000000000000018,5.45,6.12,0.6699999999999999,2.9975000000000005,2.9988,5.996300000000001,-0.5463000000000005,-0.5463000000000005,0.12369999999999948,-0.5463000000000005,HOLD,0.0,HOLD,hold:scale_blocked:edge_too_low(-0.020<-0.015) e=-0.0200,0,0
1765568571.2121098,0.34,0.69,-0.030000000000000027,0.3499999999999999,0.030000000000000027,5.45,6.12,0.6699999999999999,2.9975000000000005,2.9988,5.996300000000001,-0.5463000000000005,-0.5463000000000005,0.12369999999999948,-0.5463000000000005,HOLD,0.0,HOLD,hold:scale_blocked:edge_too_low(-0.030<-0.015) e=-0.0300,0,0
1765568573.222185,0.24,0.77,-0.010000000000000009,0.53,0.010000000000000009,5.45,6.12,0.6699999999999999,2.9975000000000005,2.9988,5.996300000000001,-0.5463000000000005,-0.5463000000000005,0.12369999999999948,-0.5463000000000005,HOLD,0.0,HOLD,hold:scale_risk_too_high (worst:-5.38),0,0
1765568575.2315686,0.16190476190476188,0.87,-0.03190476190476188,0.7080952380952381,0.03190476190476188,5.45,6.12,0.6699999999999999,2.9975000000000005,2.9988,5.996300000000001,-0.5463000000000005,-0.5463000000000005,0.12369999999999948,-0.5463000000000005,HOLD,0.0,HOLD,hold:scale_blocked:edge_too_low(-0.032<-0.015) e=-0.0319,0,0
1765568577.2421467,0.14754098360655737,0.87,-0.017540983606557425,0.7224590163934426,0.017540983606557425,5.45,6.12,0.6699999999999999,2.9975000000000005,2.9988,5.996300000000001,-0.5463000000000005,-0.5463000000000005,0.12369999999999948,-0.5463000000000005,HOLD,0.0,HOLD,hold:scale_blocked:edge_too_low(-0.018<-0.015) e=-0.0175,0,0
1765568579.2519069,0.15158213857133837,0.88,-0.0315821385713384,0.7284178614286616,0.0315821385713384,5.45,6.12,0.6699999999999999,2.9975000000000005,2.9988,5.996300000000001,-0.5463000000000005,-0.5463000000000005,0.12369999999999948,-0.5463000000000005,HOLD,0.0,HOLD,hold:scale_blocked:edge_too_low(-0.032<-0.015) e=-0.0316,0,0
1765568581.2615101,0.15,0.87,-0.020000000000000018,0.72,0.020000000000000018,5.45,6.12,0.6699999999999999,2.9975000000000005,2.9988,5.996300000000001,-0.5463000000000005,-0.5463000000000005,0.12369999999999948,-0.5463000000000005,HOLD,0.0,HOLD,hold:scale_blocked:edge_too_low(-0.020<-0.015) e=-0.0200,0,0
1765568583.2701013,0.09697439875872771,0.92,-0.016974398758727638,0.8230256012412723,0.016974398758727638,5.45,6.12,0.6699999999999999,2.9975000000000005,2.9988,5.996300000000001,-0.5463000000000005,-0.5463000000000005,0.12369999999999948,-0.5463000000000005,HOLD,0.0,HOLD,hold:scale_blocked:edge_too_low(-0.017<-0.015) e=-0.0170,0,0
1765568585.2885423,0.1,0.91,-0.010000000000000009,0.81,0.010000000000000009,5.45,6.12,0.6699999999999999,2.9975000000000005,2.9988,5.996300000000001,-0.5463000000000005,-0.5463000000000005,0.12369999999999948,-0.5463000000000005,HOLD,0.0,HOLD,hold:scale_risk_too_high (worst:-5.38),0,0
1765568587.299165,0.1,0.91,-0.010000000000000009,0.81,0.010000000000000009,5.45,6.12,0.6699999999999999,2.9975000000000005,2.9988,5.996300000000001,-0.5463000000000005,-0.5463000000000005,0.12369999999999948,-0.5463000000000005,HOLD,0.0,HOLD,hold:scale_risk_too_high (worst:-5.38),0,0
1765568589.3091466,0.09090909090909091,0.93,-0.020909090909090988,0.8390909090909091,0.020909090909090988,5.45,6.12,0.6699999999999999,2.9975000000000005,2.9988,5.996300000000001,-0.5463000000000005,-0.5463000000000005,0.12369999999999948,-0.5463000000000005,HOLD,0.0,HOLD,hold:scale_blocked:edge_too_low(-0.021<-0.015) e=-0.0209,0,0
1765568591.3191261,0.09,0.9399999999999998,-0.029999999999999805,0.8499999999999999,0.029999999999999805,5.45,6.12,0.6699999999999999,2.9975000000000005,2.9988,5.996300000000001,-0.5463000000000005,-0.5463000000000005,0.12369999999999948,-0.5463000000000005,HOLD,0.0,HOLD,hold:scale_blocked:edge_too_low(-0.030<-0.015) e=-0.0300,0,0
1765568593.3284738,0.09,0.9399999999999998,-0.029999999999999805,0.8499999999999999,0.029999999999999805,5.45,6.12,0.6699999999999999,2.9975000000000005,2.9988,5.996300000000001,-0.5463000000000005,-0.5463000000000005,0.12369999999999948,-0.5463000000000005,HOLD,0.0,HOLD,hold:scale_blocked:edge_too_low(-0.030<-0.015) e=-0.0300,0,0
1765568595.337211,0.11,0.9399999999999998,-0.04999999999999982,0.8299999999999998,0.04999999999999982,5.45,6.12,0.6699999999999999,2.9975000000000005,2.9988,5.996300000000001,-0.5463000000000005,-0.5463000000000005,0.12369999999999948,-0.5463000000000005,HOLD,0.0,HOLD,hold:scale_blocked:edge_too_low(-0.050<-0.015) e=-0.0500,0,0
1765568597.348703,0.12688703800104112,0.89,-0.016887038001041077,0.763112961998959,0.016887038001041077,5.45,6.12,0.6699999999999999,2.9975000000000005,2.9988,5.996300000000001,-0.5463000000000005,-0.5463000000000005,0.12369999999999948,-0.5463000000000005,HOLD,0.0,HOLD,hold:scale_blocked:edge_too_low(-0.017<-0.015) e=-0.0169,0,0
1765568599.355835,0.16,0.85,-0.010000000000000009,0.69,0.010000000000000009,5.45,6.12,0.6699999999999999,2.9975000000000005,2.9988,5.996300000000001,-0.5463000000000005,-0.5463000000000005,0.12369999999999948,-0.5463000000000005,HOLD,0.0,HOLD,hold:scale_risk_too_high (worst:-5.38),0,0
1765568601.3662298,0.16,0.91,-0.07000000000000006,0.75,0.07000000000000006,5.45,6.12,0.6699999999999999,2.9975000000000005,2.9988,5.996300000000001,-0.5463000000000005,-0.5463000000000005,0.12369999999999948,-0.5463000000000005,HOLD,0.0,HOLD,hold:scale_blocked:edge_too_low(-0.070<-0.015) e=-0.0700,0,0
1765568603.3806553,0.15483870967741936,0.88,-0.03483870967741942,0.7251612903225806,0.03483870967741942,5.45,6.12,0.6699999999999999,2.9975000000000005,2.9988,5.996300000000001,-0.5463000000000005,-0.5463000000000005,0.12369999999999948,-0.5463000000000005,HOLD,0.0,HOLD,hold:scale_blocked:edge_too_low(-0.035<-0.015) e=-0.0348,0,0
1765568605.3891149,0.18,0.87,-0.050000000000000044,0.69,0.050000000000000044,5.45,6.12,0.6699999999999999,2.9975000000000005,2.9988,5.996300000000001,-0.5463000000000005,-0.5463000000000005,0.12369999999999948,-0.5463000000000005,HOLD,0.0,HOLD,hold:scale_blocked:edge_too_low(-0.050<-0.015) e=-0.0500,0,0
1765568607.400088,0.17,0.87,-0.040000000000000036,0.7,0.040000000000000036,5.45,6.12,0.6699999999999999,2.9975000000000005,2.9988,5.996300000000001,-0.5463000000000005,-0.5463000000000005,0.12369999999999948,-0.5463000000000005,HOLD,0.0,HOLD,hold:scale_blocked:edge_too_low(-0.040<-0.015) e=-0.0400,0,0
1765568609.409674,0.17,0.88,-0.050000000000000044,0.71,0.050000000000000044,5.45,6.12,0.6699999999999999,2.9975000000000005,2.9988,5.996300000000001,-0.5463000000000005,-0.5463000000000005,0.12369999999999948,-0.5463000000000005,HOLD,0.0,HOLD,hold:scale_blocked:edge_too_low(-0.050<-0.015) e=-0.0500,0,0
1765568611.4202578,0.15,0.88,-0.030000000000000027,0.73,0.030000000000000027,5.45,6.12,0.6699999999999999,2.9975000000000005,2.9988,5.996300000000001,-0.5463000000000005,-0.5463000000000005,0.12369999999999948,-0.5463000000000005,HOLD,0.0,HOLD,hold:scale_blocked:edge_too_low(-0.030<-0.015) e=-0.0300,0,0
1765568613.4305105,0.10396975425330812,0.92,-0.023969754253308162,0.8160302457466919,0.023969754253308162,5.45,6.12,0.6699999999999999,2.9975000000000005,2.9988,5.996300000000001,-0.5463000000000005,-0.5463000000000005,0.12369999999999948,-0.5463000000000005,HOLD,0.0,HOLD,hold:scale_blocked:edge_too_low(-0.024<-0.015) e=-0.0240,0,0
1765568615.44081,0.11,0.91,-0.020000000000000018,0.8,0.020000000000000018,5.45,6.12,0.6699999999999999,2.9975000000000005,2.9988,5.996300000000001,-0.5463000000000005,-0.5463000000000005,0.12369999999999948,-0.5463000000000005,HOLD,0.0,HOLD,hold:scale_blocked:edge_too_low(-0.020<-0.015) e=-0.0200,0,0
1765568617.4509003,0.13548387096774195,0.89,-0.02548387096774185,0.7545161290322581,0.02548387096774185,5.45,6.12,0.6699999999999999,2.9975000000000005,2.9988,5.996300000000001,-0.5463000000000005,-0.5463000000000005,0.12369999999999948,-0.5463000000000005,HOLD,0.0,HOLD,hold:scale_blocked:edge_too_low(-0.025<-0.015) e=-0.0255,0,0
1765568619.4613624,0.14,0.89,-0.030000000000000027,0.75,0.030000000000000027,5.45,6.12,0.6699999999999999,2.9975000000000005,2.9988,5.996300000000001,-0.5463000000000005,-0.5463000000000005,0.12369999999999948,-0.5463000000000005,HOLD,0.0,HOLD,hold:scale_blocked:edge_too_low(-0.030<-0.015) e=-0.0300,0,0
1765568621.470549,0.14754098360655737,0.88,-0.027540983606557434,0.7324590163934426,0.027540983606557434,5.45,6.12,0.6699999999999999,2.9975000000000005,2.9988,5.996300000000001,-0.5463000000000005,-0.5463000000000005,0.12369999999999948,-0.5463000000000005,HOLD,0.0,HOLD,hold:scale_blocked:edge_too_low(-0.028<-0.015) e=-0.0275,0,0
1765568623.4815445,0.1204744841220808,0.91,-0.03047448412208076,0.7895255158779192,0.03047448412208076,5.45,6.12,0.6699999999999999,2.9975000000000005,2.9988,5.996300000000001,-0.5463000000000005,-0.5463000000000005,0.12369999999999948,-0.5463000000000005,HOLD,0.0,HOLD,hold:scale_blocked:edge_too_low(-0.030<-0.015) e=-0.0305,0,0
1765568625.4919567,0.17,0.9000000000000001,-0.07000000000000006,0.7300000000000001,0.07000000000000006,5.45,6.12,0.6699999999999999,2.9975000000000005,2.9988,5.996300000000001,-0.5463000000000005,-0.5463000000000005,0.12369999999999948,-0.5463000000000005,HOLD,0.0,HOLD,hold:scale_blocked:edge_too_low(-0.070<-0.015) e=-0.0700,0,0
1765568627.5008838,0.09854158454867955,0.93,-0.02854158454867961,0.8314584154513205,0.02854158454867961,5.45,6.12,0.6699999999999999,2.9975000000000005,2.9988,5.996300000000001,-0.5463000000000005,-0.5463000000000005,0.12369999999999948,-0.5463000000000005,HOLD,0.0,HOLD,hold:scale_blocked:edge_too_low(-0.029<-0.015) e=-0.0285,0,0
1765568629.509541,0.09,0.9399999999999998,-0.029999999999999805,0.8499999999999999,0.029999999999999805,5.45,6.12,0.6699999999999999,2.9975000000000005,2.9988,5.996300000000001,-0.5463000000000005,-0.5463000000000005,0.12369999999999948,-0.5463000000000005,HOLD,0.0,HOLD,hold:scale_blocked:edge_too_low(-0.030<-0.015) e=-0.0300,0,0
1765568631.5195956,0.1,0.93,-0.030000000000000027,0.8300000000000001,0.030000000000000027,5.45,6.12,0.6699999999999999,2.9975000000000005,2.9988,5.996300000000001,-0.5463000000000005,-0.5463000000000005,0.12369999999999948,-0.5463000000000005,HOLD,0.0,HOLD,hold:scale_blocked:edge_too_low(-0.030<-0.015) e=-0.0300,0,0
1765568633.5309048,0.1,0.93,-0.030000000000000027,0.8300000000000001,0.030000000000000027,5.45,6.12,0.6699999999999999,2.9975000000000005,2.9988,5.996300000000001,-0.5463000000000005,-0.5463000000000005,0.12369999999999948,-0.5463000000000005,HOLD,0.0,HOLD,hold:scale_blocked:edge_too_low(-0.030<-0.015) e=-0.0300,0,0
1765568635.5392866,0.1,0.93,-0.030000000000000027,0.8300000000000001,0.030000000000000027,5.45,6.12,0.6699999999999999,2.9975000000000005,2.9988,5.996300000000001,-0.5463000000000005,-0.5463000000000005,0.12369999999999948,-0.5463000000000005,HOLD,0.0,HOLD,hold:scale_blocked:edge_too_low(-0.030<-0.015) e=-0.0300,0,0
1765568637.5487564,0.09,0.93,-0.020000000000000018,0.8400000000000001,0.020000000000000018,5.45,6.12,0.6699999999999999,2.9975000000000005,2.9988,5.996300000000001,-0.5463000000000005,-0.5463000000000005,0.12369999999999948,-0.5463000000000005,HOLD,0.0,HOLD,hold:scale_blocked:edge_too_low(-0.020<-0.015) e=-0.0200,0,0
1765568639.5577376,0.08,0.93,-0.010000000000000009,0.8500000000000001,0.010000000000000009,5.45,6.12,0.6699999999999999,2.9975000000000005,2.9988,5.996300000000001,-0.5463000000000005,-0.5463000000000005,0.12369999999999948,-0.5463000000000005,HOLD,0.0,HOLD,hold:scale_risk_too_high (worst:-5.38),0,0
1765568641.5763085,0.09945960282465273,0.92,-0.019459602824652755,0.8205403971753473,0.019459602824652755,5.45,6.12,0.6699999999999999,2.9975000000000005,2.9988,5.996300000000001,-0.5463000000000005,-0.5463000000000005,0.12369999999999948,-0.5463000000000005,HOLD,0.0,HOLD,hold:scale_blocked:edge_too_low(-0.019<-0.015) e=-0.0195,0,0
1765568643.6276348,0.09836065573770493,0.93,-0.028360655737704965,0.8316393442622951,0.028360655737704965,5.45,6.12,0.6699999999999999,2.9975000000000005,2.9988,5.996300000000001,-0.5463000000000005,-0.5463000000000005,0.12369999999999948,-0.5463000000000005,HOLD,0.0,HOLD,hold:scale_blocked:edge_too_low(-0.028<-0.015) e=-0.0284,0,0
1765568645.637561,0.11,0.9399999999999998,-0.04999999999999982,0.8299999999999998,0.04999999999999982,5.45,6.12,0.6699999999999999,2.9975000000000005,2.9988,5.996300000000001,-0.5463000000000005,-0.5463000000000005,0.12369999999999948,-0.5463000000000005,HOLD,0.0,HOLD,hold:scale_blocked:edge_too_low(-0.050<-0.015) e=-0.0500,0,0
1765568647.6468174,0.07,0.95,-0.020000000000000018,0.8799999999999999,0.020000000000000018,5.45,6.12,0.6699999999999999,2.9975000000000005,2.9988,5.996300000000001,-0.5463000000000005,-0.5463000000000005,0.12369999999999948,-0.5463000000000005,HOLD,0.0,HOLD,hold:scale_blocked:edge_too_low(-0.020<-0.015) e=-0.0200,0,0
1765568649.6545393,0.06,0.95,-0.010000000000000009,0.8899999999999999,0.010000000000000009,5.45,6.12,0.6699999999999999,2.9975000000000005,2.9988,5.996300000000001,-0.5463000000000005,-0.5463000000000005,0.12369999999999948,-0.5463000000000005,HOLD,0.0,HOLD,hold:scale_risk_too_high (worst:-5.38),0,0
1765568651.6637278,0.06,0.95,-0.010000000000000009,0.8899999999999999,0.010000000000000009,5.45,6.12,0.6699999999999999,2.9975000000000005,2.9988,5.996300000000001,-0.5463000000000005,-0.5463000000000005,0.12369999999999948,-0.5463000000000005,HOLD,0.0,HOLD,hold:scale_risk_too_high (worst:-5.38),0,0
1765568653.6732736,0.06131744919411352,0.95,-0.011317449194113482,0.8886825508058864,0.011317449194113482,5.45,6.12,0.6699999999999999,2.9975000000000005,2.9988,5.996300000000001,-0.5463000000000005,-0.5463000000000005,0.12369999999999948,-0.5463000000000005,HOLD,0.0,HOLD,hold:scale_risk_too_high (worst:-5.38),0,0
1765568655.695363,0.06131744919411352,0.95,-0.011317449194113482,0.8886825508058864,0.011317449194113482,5.45,6.12,0.6699999999999999,2.9975000000000005,2.9988,5.996300000000001,-0.5463000000000005,-0.5463000000000005,0.12369999999999948,-0.5463000000000005,HOLD,0.0,HOLD,hold:scale_risk_too_high (worst:-5.38),0,0
1765568657.704622,0.05,0.96,-0.010000000000000009,0.9099999999999999,0.010000000000000009,5.45,6.12,0.6699999999999999,2.9975000000000005,2.9988,5.996300000000001,-0.5463000000000005,-0.5463000000000005,0.12369999999999948,-0.5463000000000005,HOLD,0.0,HOLD,hold:scale_risk_too_high (worst:-5.38),0,0
1765568659.713637,0.06,0.97,-0.030000000000000027,0.9099999999999999,0.030000000000000027,5.45,6.12,0.6699999999999999,2.9975000000000005,2.9988,5.996300000000001,-0.5463000000000005,-0.5463000000000005,0.12369999999999948,-0.5463000000000005,HOLD,0.0,HOLD,hold:scale_blocked:edge_too_low(-0.030<-0.015) e=-0.0300,0,0
1765568661.7223256,0.04,0.9800000000000001,-0.020000000000000018,0.9400000000000001,0.020000000000000018,5.45,6.12,0.6699999999999999,2.9975000000000005,2.9988,5.996300000000001,-0.5463000000000005,-0.5463000000000005,0.12369999999999948,-0.5463000000000005,HOLD,0.0,HOLD,hold:scale_blocked:edge_too_low(-0.020<-0.015) e=-0.0200,0,0
1765568663.7316236,0.03,0.9800000000000001,-0.010000000000000009,0.9500000000000001,0.010000000000000009,5.45,6.12,0.6699999999999999,2.9975000000000005,2.9988,5.996300000000001,-0.5463000000000005,-0.5463000000000005,0.12369999999999948,-0.5463000000000005,HOLD,0.0,HOLD,hold:scale_risk_too_high (worst:-5.38),0,0
1765568665.7418504,0.03,0.9800000000000001,-0.010000000000000009,0.9500000000000001,0.010000000000000009,5.45,6.12,0.6699999999999999,2.9975000000000005,2.9988,5.996300000000001,-0.5463000000000005,-0.5463000000000005,0.12369999999999948,-0.5463000000000005,HOLD,0.0,HOLD,hold:scale_risk_too_high (worst:-5.38),0,0
1765568667.7522883,0.036585365853658534,0.9800000000000001,-0.01658536585365855,0.9434146341463415,0.01658536585365855,5.45,6.12,0.6699999999999999,2.9975000000000005,2.9988,5.996300000000001,-0.5463000000000005,-0.5463000000000005,0.12369999999999948,-0.5463000000000005,HOLD,0.0,HOLD,hold:scale_blocked:edge_too_low(-0.017<-0.015) e=-0.0166,0,0
1765568669.7624454,0.05,0.9800000000000001,-0.030000000000000027,0.93,0.030000000000000027,5.45,6.12,0.6699999999999999,2.9975000000000005,2.9988,5.996300000000001,-0.5463000000000005,-0.5463000000000005,0.12369999999999948,-0.5463000000000005,HOLD,0.0,HOLD,hold:scale_blocked:edge_too_low(-0.030<-0.015) e=-0.0300,0,0
1765568671.7739615,0.03231783513595036,0.9800000000000001,-0.012317835135950528,0.9476821648640498,0.012317835135950528,5.45,6.12,0.6699999999999999,2.9975000000000005,2.9988,5.996300000000001,-0.5463000000000005,-0.5463000000000005,0.12369999999999948,-0.5463000000000005,HOLD,0.0,HOLD,hold:scale_risk_too_high (worst:-5.38),0,0
1765568673.7995558,0.03,0.9800000000000001,-0.010000000000000009,0.9500000000000001,0.010000000000000009,5.45,6.12,0.6699999999999999,2.9975000000000005,2.9988,5.996300000000001,-0.5463000000000005,-0.5463000000000005,0.12369999999999948,-0.5463000000000005,HOLD,0.0,HOLD,hold:scale_risk_too_high (worst:-5.38),0,0
1765568675.808513,0.0332409972299169,0.9800000000000001,-0.013240997229917006,0.9467590027700832,0.013240997229917006,5.45,6.12,0.6699999999999999,2.9975000000000005,2.9988,5.996300000000001,-0.5463000000000005,-0.5463000000000005,0.12369999999999948,-0.5463000000000005,HOLD,0.0,HOLD,hold:scale_risk_too_high (worst:-5.38),0,0
1765568677.818092,0.02884892778151745,0.99,-0.018848927781517366,0.9611510722184825,0.018848927781517366,5.45,6.12,0.6699999999999999,2.9975000000000005,2.9988,5.996300000000001,-0.5463000000000005,-0.5463000000000005,0.12369999999999948,-0.5463000000000005,HOLD,0.0,HOLD,hold:scale_blocked:edge_too_low(-0.019<-0.015) e=-0.0188,0,0
1765568679.832119,0.02354972917811445,0.99,-0.013549729178114367,0.9664502708218855,0.013549729178114367,5.45,6.12,0.6699999999999999,2.9975000000000005,2.9988,5.996300000000001,-0.5463000000000005,-0.5463000000000005,0.12369999999999948,-0.5463000000000005,HOLD,0.0,HOLD,hold:scale_risk_too_high (worst:-5.38),0,0
1765568681.841342,0.02,0.99,-0.010000000000000009,0.97,0.010000000000000009,5.45,6.12,0.6699999999999999,2.9975000000000005,2.9988,5.996300000000001,-0.5463000000000005,-0.5463000000000005,0.12369999999999948,-0.5463000000000005,HOLD,0.0,HOLD,hold:scale_risk_too_high (worst:-5.38),0,0
1765568683.8494732,0.02,0.99,-0.010000000000000009,0.97,0.010000000000000009,5.45,6.12,0.6699999999999999,2.9975000000000005,2.9988,5.996300000000001,-0.5463000000000005,-0.5463000000000005,0.12369999999999948,-0.5463000000000005,HOLD,0.0,HOLD,hold:scale_risk_too_high (worst:-5.38),0,0
1765568685.8580966,0.02,0.99,-0.010000000000000009,0.97,0.010000000000000009,5.45,6.12,0.6699999999999999,2.9975000000000005,2.9988,5.996300000000001,-0.5463000000000005,-0.5463000000000005,0.12369999999999948,-0.5463000000000005,HOLD,0.0,HOLD,hold:scale_risk_too_high (worst:-5.38),0,0
