timestamp,p_yes,p_no,edge,vol,mispricing,q_yes,q_no,imbalance,cost_yes,cost_no,exposure,locked_profit,profit_if_up,profit_if_down,worst_case_pnl,decision_side,decision_usd,act,reason,scale_cooldown,order_in_flight
1765562430.5199914,0.48,0.53,-0.010000000000000009,0.050000000000000044,0.010000000000000009,0.0,0.0,0.0,0.0,0.0,0.0,-0.0,0.0,0.0,0.0,HOLD,0.0,HOLD,hold:no_signal e=-0.0100,0,0
1765562434.1963458,0.4699999999999999,0.54,-0.010000000000000009,0.07000000000000012,0.010000000000000009,5.0,0.0,5.0,2.4999999999999996,0.0,2.4999999999999996,-2.4999999999999996,2.5000000000000004,-2.4999999999999996,-2.4999999999999996,HOLD,0.0,HOLD,hold:cooldown_live,0,0
1765562438.2091415,0.5,0.51,-0.010000000000000009,0.010000000000000009,0.010000000000000009,5.0,5.0,0.0,2.4999999999999996,2.7,5.199999999999999,-0.1999999999999993,-0.1999999999999993,-0.1999999999999993,-0.1999999999999993,HOLD,0.0,HOLD,hold:scale_blocked:edge_too_low e=-0.0100,0,0
1765562440.2226734,0.4699999999999999,0.54,-0.010000000000000009,0.07000000000000012,0.010000000000000009,5.0,5.0,0.0,2.4999999999999996,2.7,5.199999999999999,-0.1999999999999993,-0.1999999999999993,-0.1999999999999993,-0.1999999999999993,HOLD,0.0,HOLD,hold:scale_blocked:edge_too_low e=-0.0100,0,0
1765562442.234237,0.4699999999999999,0.5451481811874318,-0.015148181187431664,0.07514818118743188,0.015148181187431664,5.0,5.0,0.0,2.4999999999999996,2.7,5.199999999999999,-0.1999999999999993,-0.1999999999999993,-0.1999999999999993,-0.1999999999999993,HOLD,0.0,HOLD,hold:scale_blocked:edge_too_low e=-0.0151,0,0
1765562444.2443833,0.4797281540460406,0.55,-0.029728154046040567,0.07027184595395947,0.029728154046040567,5.0,5.0,0.0,2.4999999999999996,2.7,5.199999999999999,-0.1999999999999993,-0.1999999999999993,-0.1999999999999993,-0.1999999999999993,HOLD,0.0,HOLD,hold:scale_blocked:edge_too_low e=-0.0297,0,0
1765562446.2531483,0.46,0.55,-0.010000000000000009,0.09000000000000002,0.010000000000000009,5.0,5.0,0.0,2.4999999999999996,2.7,5.199999999999999,-0.1999999999999993,-0.1999999999999993,-0.1999999999999993,-0.1999999999999993,HOLD,0.0,HOLD,hold:scale_blocked:edge_too_low e=-0.0100,0,0
1765562448.2639139,0.46229508196721314,0.55,-0.012295081967213184,0.0877049180327869,0.012295081967213184,5.0,5.0,0.0,2.4999999999999996,2.7,5.199999999999999,-0.1999999999999993,-0.1999999999999993,-0.1999999999999993,-0.1999999999999993,HOLD,0.0,HOLD,hold:scale_blocked:edge_too_low e=-0.0123,0,0
1765562450.2741158,0.45000000000000007,0.56,-0.010000000000000231,0.10999999999999999,0.010000000000000231,5.0,5.0,0.0,2.4999999999999996,2.7,5.199999999999999,-0.1999999999999993,-0.1999999999999993,-0.1999999999999993,-0.1999999999999993,HOLD,0.0,HOLD,hold:scale_blocked:edge_too_low e=-0.0100,0,0
1765562452.2835343,0.43,0.58,-0.010000000000000009,0.14999999999999997,0.010000000000000009,5.0,5.0,0.0,2.4999999999999996,2.7,5.199999999999999,-0.1999999999999993,-0.1999999999999993,-0.1999999999999993,-0.1999999999999993,HOLD,0.0,HOLD,hold:scale_blocked:edge_too_low e=-0.0100,0,0
1765562454.2930264,0.4357442313405737,0.58,-0.015744231340573567,0.14425576865942624,0.015744231340573567,5.0,5.0,0.0,2.4999999999999996,2.7,5.199999999999999,-0.1999999999999993,-0.1999999999999993,-0.1999999999999993,-0.1999999999999993,HOLD,0.0,HOLD,hold:scale_blocked:edge_too_low e=-0.0157,0,0
1765562456.308386,0.46576317236471837,0.57,-0.035763172364718265,0.10423682763528158,0.035763172364718265,5.0,5.0,0.0,2.4999999999999996,2.7,5.199999999999999,-0.1999999999999993,-0.1999999999999993,-0.1999999999999993,-0.1999999999999993,HOLD,0.0,HOLD,hold:scale_blocked:edge_too_low e=-0.0358,0,0
1765562458.3197763,0.48,0.53,-0.010000000000000009,0.050000000000000044,0.010000000000000009,5.0,5.0,0.0,2.4999999999999996,2.7,5.199999999999999,-0.1999999999999993,-0.1999999999999993,-0.1999999999999993,-0.1999999999999993,HOLD,0.0,HOLD,hold:scale_blocked:edge_too_low e=-0.0100,0,0
1765562460.3311822,0.52,0.49000000000000005,-0.010000000000000009,0.02999999999999997,0.010000000000000009,5.0,5.0,0.0,2.4999999999999996,2.7,5.199999999999999,-0.1999999999999993,-0.1999999999999993,-0.1999999999999993,-0.1999999999999993,HOLD,0.0,HOLD,hold:scale_blocked:edge_too_low e=-0.0100,0,0
1765562462.342748,0.55,0.46,-0.010000000000000009,0.09000000000000002,0.010000000000000009,5.0,5.0,0.0,2.4999999999999996,2.7,5.199999999999999,-0.1999999999999993,-0.1999999999999993,-0.1999999999999993,-0.1999999999999993,HOLD,0.0,HOLD,hold:scale_blocked:edge_too_low e=-0.0100,0,0
1765562464.3592527,0.59,0.43,-0.020000000000000018,0.15999999999999998,0.020000000000000018,5.0,5.0,0.0,2.4999999999999996,2.7,5.199999999999999,-0.1999999999999993,-0.1999999999999993,-0.1999999999999993,-0.1999999999999993,HOLD,0.0,HOLD,hold:scale_blocked:edge_too_low e=-0.0200,0,0
1765562466.368784,0.59,0.42,-0.010000000000000009,0.16999999999999998,0.010000000000000009,5.0,5.0,0.0,2.4999999999999996,2.7,5.199999999999999,-0.1999999999999993,-0.1999999999999993,-0.1999999999999993,-0.1999999999999993,HOLD,0.0,HOLD,hold:scale_blocked:edge_too_low e=-0.0100,0,0
1765562468.3774226,0.53,0.48,-0.010000000000000009,0.050000000000000044,0.010000000000000009,5.0,5.0,0.0,2.4999999999999996,2.7,5.199999999999999,-0.1999999999999993,-0.1999999999999993,-0.1999999999999993,-0.1999999999999993,HOLD,0.0,HOLD,hold:scale_blocked:edge_too_low e=-0.0100,0,0
1765562470.4059834,0.53,0.48,-0.010000000000000009,0.050000000000000044,0.010000000000000009,5.0,5.0,0.0,2.4999999999999996,2.7,5.199999999999999,-0.1999999999999993,-0.1999999999999993,-0.1999999999999993,-0.1999999999999993,HOLD,0.0,HOLD,hold:scale_blocked:edge_too_low e=-0.0100,0,0
1765562472.4150636,0.52,0.5,-0.020000000000000018,0.020000000000000018,0.020000000000000018,5.0,5.0,0.0,2.4999999999999996,2.7,5.199999999999999,-0.1999999999999993,-0.1999999999999993,-0.1999999999999993,-0.1999999999999993,HOLD,0.0,HOLD,hold:scale_blocked:edge_too_low e=-0.0200,0,0
1765562474.4256659,0.53,0.4897551224387806,-0.019755122438780637,0.040244877561219417,0.019755122438780637,5.0,5.0,0.0,2.4999999999999996,2.7,5.199999999999999,-0.1999999999999993,-0.1999999999999993,-0.1999999999999993,-0.1999999999999993,HOLD,0.0,HOLD,hold:scale_blocked:edge_too_low e=-0.0198,0,0
1765562476.4389608,0.52,0.49000000000000005,-0.010000000000000009,0.02999999999999997,0.010000000000000009,5.0,5.0,0.0,2.4999999999999996,2.7,5.199999999999999,-0.1999999999999993,-0.1999999999999993,-0.1999999999999993,-0.1999999999999993,HOLD,0.0,HOLD,hold:scale_blocked:edge_too_low e=-0.0100,0,0
1765562478.4569526,0.51,0.5,-0.010000000000000009,0.010000000000000009,0.010000000000000009,5.0,5.0,0.0,2.4999999999999996,2.7,5.199999999999999,-0.1999999999999993,-0.1999999999999993,-0.1999999999999993,-0.1999999999999993,HOLD,0.0,HOLD,hold:scale_blocked:edge_too_low e=-0.0100,0,0
1765562480.4731123,0.5,0.52,-0.020000000000000018,0.020000000000000018,0.020000000000000018,5.0,5.0,0.0,2.4999999999999996,2.7,5.199999999999999,-0.1999999999999993,-0.1999999999999993,-0.1999999999999993,-0.1999999999999993,HOLD,0.0,HOLD,hold:scale_blocked:edge_too_low e=-0.0200,0,0
1765562482.4816897,0.5,0.51,-0.010000000000000009,0.010000000000000009,0.010000000000000009,5.0,5.0,0.0,2.4999999999999996,2.7,5.199999999999999,-0.1999999999999993,-0.1999999999999993,-0.1999999999999993,-0.1999999999999993,HOLD,0.0,HOLD,hold:scale_blocked:edge_too_low e=-0.0100,0,0
1765562484.4913073,0.5,0.52,-0.020000000000000018,0.020000000000000018,0.020000000000000018,5.0,5.0,0.0,2.4999999999999996,2.7,5.199999999999999,-0.1999999999999993,-0.1999999999999993,-0.1999999999999993,-0.1999999999999993,HOLD,0.0,HOLD,hold:scale_blocked:edge_too_low e=-0.0200,0,0
1765562486.5002756,0.49000000000000005,0.53,-0.020000000000000018,0.03999999999999998,0.020000000000000018,5.0,5.0,0.0,2.4999999999999996,2.7,5.199999999999999,-0.1999999999999993,-0.1999999999999993,-0.1999999999999993,-0.1999999999999993,HOLD,0.0,HOLD,hold:scale_blocked:edge_too_low e=-0.0200,0,0
1765562488.5104978,0.48,0.53,-0.010000000000000009,0.050000000000000044,0.010000000000000009,5.0,5.0,0.0,2.4999999999999996,2.7,5.199999999999999,-0.1999999999999993,-0.1999999999999993,-0.1999999999999993,-0.1999999999999993,HOLD,0.0,HOLD,hold:scale_blocked:edge_too_low e=-0.0100,0,0
1765562490.5197594,0.49000000000000005,0.52,-0.010000000000000009,0.02999999999999997,0.010000000000000009,5.0,5.0,0.0,2.4999999999999996,2.7,5.199999999999999,-0.1999999999999993,-0.1999999999999993,-0.1999999999999993,-0.1999999999999993,HOLD,0.0,HOLD,hold:scale_blocked:edge_too_low e=-0.0100,0,0
1765562492.528156,0.4721311475409835,0.54,-0.012131147540983545,0.06786885245901653,0.012131147540983545,5.0,5.0,0.0,2.4999999999999996,2.7,5.199999999999999,-0.1999999999999993,-0.1999999999999993,-0.1999999999999993,-0.1999999999999993,HOLD,0.0,HOLD,hold:scale_blocked:edge_too_low e=-0.0121,0,0
1765562494.539469,0.45000000000000007,0.5606557377049181,-0.010655737704918122,0.11065573770491799,0.010655737704918122,5.0,5.0,0.0,2.4999999999999996,2.7,5.199999999999999,-0.1999999999999993,-0.1999999999999993,-0.1999999999999993,-0.1999999999999993,HOLD,0.0,HOLD,hold:scale_blocked:edge_too_low e=-0.0107,0,0
1765562496.5500228,0.45000000000000007,0.57,-0.020000000000000018,0.11999999999999988,0.020000000000000018,5.0,5.0,0.0,2.4999999999999996,2.7,5.199999999999999,-0.1999999999999993,-0.1999999999999993,-0.1999999999999993,-0.1999999999999993,HOLD,0.0,HOLD,hold:scale_blocked:edge_too_low e=-0.0200,0,0
1765562498.558693,0.44,0.57,-0.010000000000000009,0.12999999999999995,0.010000000000000009,5.0,5.0,0.0,2.4999999999999996,2.7,5.199999999999999,-0.1999999999999993,-0.1999999999999993,-0.1999999999999993,-0.1999999999999993,HOLD,0.0,HOLD,hold:scale_blocked:edge_too_low e=-0.0100,0,0
1765562500.6047056,0.46,0.55,-0.010000000000000009,0.09000000000000002,0.010000000000000009,5.0,5.0,0.0,2.4999999999999996,2.7,5.199999999999999,-0.1999999999999993,-0.1999999999999993,-0.1999999999999993,-0.1999999999999993,HOLD,0.0,HOLD,hold:scale_blocked:edge_too_low e=-0.0100,0,0
1765562502.6126516,0.46,0.55,-0.010000000000000009,0.09000000000000002,0.010000000000000009,5.0,5.0,0.0,2.4999999999999996,2.7,5.199999999999999,-0.1999999999999993,-0.1999999999999993,-0.1999999999999993,-0.1999999999999993,HOLD,0.0,HOLD,hold:scale_blocked:edge_too_low e=-0.0100,0,0
1765562504.6206033,0.4426229508196722,0.57,-0.01262295081967224,0.12737704918032777,0.01262295081967224,5.0,5.0,0.0,2.4999999999999996,2.7,5.199999999999999,-0.1999999999999993,-0.1999999999999993,-0.1999999999999993,-0.1999999999999993,HOLD,0.0,HOLD,hold:scale_blocked:edge_too_low e=-0.0126,0,0
1765562506.631694,0.45000000000000007,0.5606557377049181,-0.010655737704918122,0.11065573770491799,0.010655737704918122,5.0,5.0,0.0,2.4999999999999996,2.7,5.199999999999999,-0.1999999999999993,-0.1999999999999993,-0.1999999999999993,-0.1999999999999993,HOLD,0.0,HOLD,hold:scale_blocked:edge_too_low e=-0.0107,0,0
1765562508.6429107,0.46,0.56,-0.020000000000000018,0.10000000000000003,0.020000000000000018,5.0,5.0,0.0,2.4999999999999996,2.7,5.199999999999999,-0.1999999999999993,-0.1999999999999993,-0.1999999999999993,-0.1999999999999993,HOLD,0.0,HOLD,hold:scale_blocked:edge_too_low e=-0.0200,0,0
1765562510.6553898,0.46,0.56,-0.020000000000000018,0.10000000000000003,0.020000000000000018,5.0,5.0,0.0,2.4999999999999996,2.7,5.199999999999999,-0.1999999999999993,-0.1999999999999993,-0.1999999999999993,-0.1999999999999993,HOLD,0.0,HOLD,hold:scale_blocked:edge_too_low e=-0.0200,0,0
1765562512.664218,0.45000000000000007,0.56,-0.010000000000000231,0.10999999999999999,0.010000000000000231,5.0,5.0,0.0,2.4999999999999996,2.7,5.199999999999999,-0.1999999999999993,-0.1999999999999993,-0.1999999999999993,-0.1999999999999993,HOLD,0.0,HOLD,hold:scale_blocked:edge_too_low e=-0.0100,0,0
1765562514.6733804,0.45000000000000007,0.56,-0.010000000000000231,0.10999999999999999,0.010000000000000231,5.0,5.0,0.0,2.4999999999999996,2.7,5.199999999999999,-0.1999999999999993,-0.1999999999999993,-0.1999999999999993,-0.1999999999999993,HOLD,0.0,HOLD,hold:scale_blocked:edge_too_low e=-0.0100,0,0
1765562516.6824412,0.48,0.53,-0.010000000000000009,0.050000000000000044,0.010000000000000009,5.0,5.0,0.0,2.4999999999999996,2.7,5.199999999999999,-0.1999999999999993,-0.1999999999999993,-0.1999999999999993,-0.1999999999999993,HOLD,0.0,HOLD,hold:scale_blocked:edge_too_low e=-0.0100,0,0
1765562518.69226,0.5,0.51,-0.010000000000000009,0.010000000000000009,0.010000000000000009,5.0,5.0,0.0,2.4999999999999996,2.7,5.199999999999999,-0.1999999999999993,-0.1999999999999993,-0.1999999999999993,-0.1999999999999993,HOLD,0.0,HOLD,hold:scale_blocked:edge_too_low e=-0.0100,0,0
1765562520.7007663,0.51,0.5,-0.010000000000000009,0.010000000000000009,0.010000000000000009,5.0,5.0,0.0,2.4999999999999996,2.7,5.199999999999999,-0.1999999999999993,-0.1999999999999993,-0.1999999999999993,-0.1999999999999993,HOLD,0.0,HOLD,hold:scale_blocked:edge_too_low e=-0.0100,0,0
1765562522.70993,0.5484278401914512,0.4699999999999999,-0.01842784019145105,0.07842784019145127,0.01842784019145105,5.0,5.0,0.0,2.4999999999999996,2.7,5.199999999999999,-0.1999999999999993,-0.1999999999999993,-0.1999999999999993,-0.1999999999999993,HOLD,0.0,HOLD,hold:scale_blocked:edge_too_low e=-0.0184,0,0
1765562524.7188573,0.54,0.4721311475409835,-0.012131147540983545,0.06786885245901653,0.012131147540983545,5.0,5.0,0.0,2.4999999999999996,2.7,5.199999999999999,-0.1999999999999993,-0.1999999999999993,-0.1999999999999993,-0.1999999999999993,HOLD,0.0,HOLD,hold:scale_blocked:edge_too_low e=-0.0121,0,0
1765562526.7499866,0.54,0.4699999999999999,-0.010000000000000009,0.07000000000000012,0.010000000000000009,5.0,5.0,0.0,2.4999999999999996,2.7,5.199999999999999,-0.1999999999999993,-0.1999999999999993,-0.1999999999999993,-0.1999999999999993,HOLD,0.0,HOLD,hold:scale_blocked:edge_too_low e=-0.0100,0,0
1765562528.762975,0.5443029623276374,0.4699999999999999,-0.014302962327637392,0.0743029623276375,0.014302962327637392,5.0,5.0,0.0,2.4999999999999996,2.7,5.199999999999999,-0.1999999999999993,-0.1999999999999993,-0.1999999999999993,-0.1999999999999993,HOLD,0.0,HOLD,hold:scale_blocked:edge_too_low e=-0.0143,0,0
1765562530.7735772,0.54,0.48,-0.020000000000000018,0.06000000000000005,0.020000000000000018,5.0,5.0,0.0,2.4999999999999996,2.7,5.199999999999999,-0.1999999999999993,-0.1999999999999993,-0.1999999999999993,-0.1999999999999993,HOLD,0.0,HOLD,hold:scale_blocked:edge_too_low e=-0.0200,0,0
1765562532.781193,0.53,0.48,-0.010000000000000009,0.050000000000000044,0.010000000000000009,5.0,5.0,0.0,2.4999999999999996,2.7,5.199999999999999,-0.1999999999999993,-0.1999999999999993,-0.1999999999999993,-0.1999999999999993,HOLD,0.0,HOLD,hold:scale_blocked:edge_too_low e=-0.0100,0,0
1765562534.790417,0.55,0.46,-0.010000000000000009,0.09000000000000002,0.010000000000000009,5.0,5.0,0.0,2.4999999999999996,2.7,5.199999999999999,-0.1999999999999993,-0.1999999999999993,-0.1999999999999993,-0.1999999999999993,HOLD,0.0,HOLD,hold:scale_blocked:edge_too_low e=-0.0100,0,0
1765562536.8033519,0.49000000000000005,0.53,-0.020000000000000018,0.03999999999999998,0.020000000000000018,5.0,5.0,0.0,2.4999999999999996,2.7,5.199999999999999,-0.1999999999999993,-0.1999999999999993,-0.1999999999999993,-0.1999999999999993,HOLD,0.0,HOLD,hold:scale_blocked:edge_too_low e=-0.0200,0,0
1765562538.8155153,0.5,0.52,-0.020000000000000018,0.020000000000000018,0.020000000000000018,5.0,5.0,0.0,2.4999999999999996,2.7,5.199999999999999,-0.1999999999999993,-0.1999999999999993,-0.1999999999999993,-0.1999999999999993,HOLD,0.0,HOLD,hold:scale_blocked:edge_too_low e=-0.0200,0,0
1765562540.827412,0.53,0.5,-0.030000000000000027,0.030000000000000027,0.030000000000000027,5.0,5.0,0.0,2.4999999999999996,2.7,5.199999999999999,-0.1999999999999993,-0.1999999999999993,-0.1999999999999993,-0.1999999999999993,HOLD,0.0,HOLD,hold:scale_blocked:edge_too_low e=-0.0300,0,0
1765562542.836582,0.56,0.45000000000000007,-0.010000000000000231,0.10999999999999999,0.010000000000000231,5.0,5.0,0.0,2.4999999999999996,2.7,5.199999999999999,-0.1999999999999993,-0.1999999999999993,-0.1999999999999993,-0.1999999999999993,HOLD,0.0,HOLD,hold:scale_blocked:edge_too_low e=-0.0100,0,0
1765562544.8492794,0.57,0.44712350544828267,-0.01712350544828256,0.12287649455171729,0.01712350544828256,5.0,5.0,0.0,2.4999999999999996,2.7,5.199999999999999,-0.1999999999999993,-0.1999999999999993,-0.1999999999999993,-0.1999999999999993,HOLD,0.0,HOLD,hold:scale_blocked:edge_too_low e=-0.0171,0,0
1765562546.857909,0.51,0.5,-0.010000000000000009,0.010000000000000009,0.010000000000000009,5.0,5.0,0.0,2.4999999999999996,2.7,5.199999999999999,-0.1999999999999993,-0.1999999999999993,-0.1999999999999993,-0.1999999999999993,HOLD,0.0,HOLD,hold:scale_blocked:edge_too_low e=-0.0100,0,0
1765562548.870194,0.51,0.5,-0.010000000000000009,0.010000000000000009,0.010000000000000009,5.0,5.0,0.0,2.4999999999999996,2.7,5.199999999999999,-0.1999999999999993,-0.1999999999999993,-0.1999999999999993,-0.1999999999999993,HOLD,0.0,HOLD,hold:scale_blocked:edge_too_low e=-0.0100,0,0
1765562550.881548,0.53,0.48,-0.010000000000000009,0.050000000000000044,0.010000000000000009,5.0,5.0,0.0,2.4999999999999996,2.7,5.199999999999999,-0.1999999999999993,-0.1999999999999993,-0.1999999999999993,-0.1999999999999993,HOLD,0.0,HOLD,hold:scale_blocked:edge_too_low e=-0.0100,0,0
1765562552.89377,0.54,0.48,-0.020000000000000018,0.06000000000000005,0.020000000000000018,5.0,5.0,0.0,2.4999999999999996,2.7,5.199999999999999,-0.1999999999999993,-0.1999999999999993,-0.1999999999999993,-0.1999999999999993,HOLD,0.0,HOLD,hold:scale_blocked:edge_too_low e=-0.0200,0,0
1765562554.9060302,0.55,0.4699999999999999,-0.020000000000000018,0.08000000000000013,0.020000000000000018,5.0,5.0,0.0,2.4999999999999996,2.7,5.199999999999999,-0.1999999999999993,-0.1999999999999993,-0.1999999999999993,-0.1999999999999993,HOLD,0.0,HOLD,hold:scale_blocked:edge_too_low e=-0.0200,0,0
1765562556.917228,0.53,0.48196721311475405,-0.011967213114754127,0.04803278688524598,0.011967213114754127,5.0,5.0,0.0,2.4999999999999996,2.7,5.199999999999999,-0.1999999999999993,-0.1999999999999993,-0.1999999999999993,-0.1999999999999993,HOLD,0.0,HOLD,hold:scale_blocked:edge_too_low e=-0.0120,0,0
1765562558.9278474,0.52,0.5,-0.020000000000000018,0.020000000000000018,0.020000000000000018,5.0,5.0,0.0,2.4999999999999996,2.7,5.199999999999999,-0.1999999999999993,-0.1999999999999993,-0.1999999999999993,-0.1999999999999993,HOLD,0.0,HOLD,hold:scale_blocked:edge_too_low e=-0.0200,0,0
1765562560.9376726,0.51,0.5,-0.010000000000000009,0.010000000000000009,0.010000000000000009,5.0,5.0,0.0,2.4999999999999996,2.7,5.199999999999999,-0.1999999999999993,-0.1999999999999993,-0.1999999999999993,-0.1999999999999993,HOLD,0.0,HOLD,hold:scale_blocked:edge_too_low e=-0.0100,0,0
1765562562.9497802,0.5187894911872298,0.5,-0.018789491187229945,0.018789491187229834,0.018789491187229945,5.0,5.0,0.0,2.4999999999999996,2.7,5.199999999999999,-0.1999999999999993,-0.1999999999999993,-0.1999999999999993,-0.1999999999999993,HOLD,0.0,HOLD,hold:scale_blocked:edge_too_low e=-0.0188,0,0
1765562564.9603562,0.5409836065573771,0.4699999999999999,-0.010983606557376957,0.07098360655737718,0.010983606557376957,5.0,5.0,0.0,2.4999999999999996,2.7,5.199999999999999,-0.1999999999999993,-0.1999999999999993,-0.1999999999999993,-0.1999999999999993,HOLD,0.0,HOLD,hold:scale_blocked:edge_too_low e=-0.0110,0,0
1765562566.9728525,0.58,0.45000000000000007,-0.030000000000000027,0.1299999999999999,0.030000000000000027,5.0,5.0,0.0,2.4999999999999996,2.7,5.199999999999999,-0.1999999999999993,-0.1999999999999993,-0.1999999999999993,-0.1999999999999993,HOLD,0.0,HOLD,hold:scale_blocked:edge_too_low e=-0.0300,0,0
1765562568.9891922,0.6,0.41,-0.010000000000000009,0.19,0.010000000000000009,5.0,5.0,0.0,2.4999999999999996,2.7,5.199999999999999,-0.1999999999999993,-0.1999999999999993,-0.1999999999999993,-0.1999999999999993,HOLD,0.0,HOLD,hold:scale_blocked:edge_too_low e=-0.0100,0,0
1765562570.9977705,0.5999800006666445,0.42,-0.019980000666644404,0.1799800006666445,0.019980000666644404,5.0,5.0,0.0,2.4999999999999996,2.7,5.199999999999999,-0.1999999999999993,-0.1999999999999993,-0.1999999999999993,-0.1999999999999993,HOLD,0.0,HOLD,hold:scale_blocked:edge_too_low e=-0.0200,0,0
1765562573.0079358,0.6,0.42,-0.020000000000000018,0.18,0.020000000000000018,5.0,5.0,0.0,2.4999999999999996,2.7,5.199999999999999,-0.1999999999999993,-0.1999999999999993,-0.1999999999999993,-0.1999999999999993,HOLD,0.0,HOLD,hold:scale_blocked:edge_too_low e=-0.0200,0,0
1765562575.018993,0.6,0.42,-0.020000000000000018,0.18,0.020000000000000018,5.0,5.0,0.0,2.4999999999999996,2.7,5.199999999999999,-0.1999999999999993,-0.1999999999999993,-0.1999999999999993,-0.1999999999999993,HOLD,0.0,HOLD,hold:scale_blocked:edge_too_low e=-0.0200,0,0
1765562577.0291314,0.6,0.42,-0.020000000000000018,0.18,0.020000000000000018,5.0,5.0,0.0,2.4999999999999996,2.7,5.199999999999999,-0.1999999999999993,-0.1999999999999993,-0.1999999999999993,-0.1999999999999993,HOLD,0.0,HOLD,hold:scale_blocked:edge_too_low e=-0.0200,0,0
1765562579.037319,0.6,0.42,-0.020000000000000018,0.18,0.020000000000000018,5.0,5.0,0.0,2.4999999999999996,2.7,5.199999999999999,-0.1999999999999993,-0.1999999999999993,-0.1999999999999993,-0.1999999999999993,HOLD,0.0,HOLD,hold:scale_blocked:edge_too_low e=-0.0200,0,0
1765562581.0469925,0.6,0.42,-0.020000000000000018,0.18,0.020000000000000018,5.0,5.0,0.0,2.4999999999999996,2.7,5.199999999999999,-0.1999999999999993,-0.1999999999999993,-0.1999999999999993,-0.1999999999999993,HOLD,0.0,HOLD,hold:scale_blocked:edge_too_low e=-0.0200,0,0
1765562583.0558894,0.6,0.42,-0.020000000000000018,0.18,0.020000000000000018,5.0,5.0,0.0,2.4999999999999996,2.7,5.199999999999999,-0.1999999999999993,-0.1999999999999993,-0.1999999999999993,-0.1999999999999993,HOLD,0.0,HOLD,hold:scale_blocked:edge_too_low e=-0.0200,0,0
1765562585.0646644,0.6,0.42,-0.020000000000000018,0.18,0.020000000000000018,5.0,5.0,0.0,2.4999999999999996,2.7,5.199999999999999,-0.1999999999999993,-0.1999999999999993,-0.1999999999999993,-0.1999999999999993,HOLD,0.0,HOLD,hold:scale_blocked:edge_too_low e=-0.0200,0,0
1765562587.0747871,0.6,0.42,-0.020000000000000018,0.18,0.020000000000000018,5.0,5.0,0.0,2.4999999999999996,2.7,5.199999999999999,-0.1999999999999993,-0.1999999999999993,-0.1999999999999993,-0.1999999999999993,HOLD,0.0,HOLD,hold:scale_blocked:edge_too_low e=-0.0200,0,0
1765562589.0938432,0.6,0.42,-0.020000000000000018,0.18,0.020000000000000018,5.0,5.0,0.0,2.4999999999999996,2.7,5.199999999999999,-0.1999999999999993,-0.1999999999999993,-0.1999999999999993,-0.1999999999999993,HOLD,0.0,HOLD,hold:scale_blocked:edge_too_low e=-0.0200,0,0
1765562591.1025293,0.6,0.42,-0.020000000000000018,0.18,0.020000000000000018,5.0,5.0,0.0,2.4999999999999996,2.7,5.199999999999999,-0.1999999999999993,-0.1999999999999993,-0.1999999999999993,-0.1999999999999993,HOLD,0.0,HOLD,hold:scale_blocked:edge_too_low e=-0.0200,0,0
1765562593.1126275,0.6,0.42,-0.020000000000000018,0.18,0.020000000000000018,5.0,5.0,0.0,2.4999999999999996,2.7,5.199999999999999,-0.1999999999999993,-0.1999999999999993,-0.1999999999999993,-0.1999999999999993,HOLD,0.0,HOLD,hold:scale_blocked:edge_too_low e=-0.0200,0,0
1765562595.1222188,0.6,0.42,-0.020000000000000018,0.18,0.020000000000000018,5.0,5.0,0.0,2.4999999999999996,2.7,5.199999999999999,-0.1999999999999993,-0.1999999999999993,-0.1999999999999993,-0.1999999999999993,HOLD,0.0,HOLD,hold:scale_blocked:edge_too_low e=-0.0200,0,0
1765562597.1336343,0.6,0.42,-0.020000000000000018,0.18,0.020000000000000018,5.0,5.0,0.0,2.4999999999999996,2.7,5.199999999999999,-0.1999999999999993,-0.1999999999999993,-0.1999999999999993,-0.1999999999999993,HOLD,0.0,HOLD,hold:scale_blocked:edge_too_low e=-0.0200,0,0
1765562599.1427636,0.6,0.42,-0.020000000000000018,0.18,0.020000000000000018,5.0,5.0,0.0,2.4999999999999996,2.7,5.199999999999999,-0.1999999999999993,-0.1999999999999993,-0.1999999999999993,-0.1999999999999993,HOLD,0.0,HOLD,hold:scale_blocked:edge_too_low e=-0.0200,0,0
1765562601.1544223,0.6,0.42,-0.020000000000000018,0.18,0.020000000000000018,5.0,5.0,0.0,2.4999999999999996,2.7,5.199999999999999,-0.1999999999999993,-0.1999999999999993,-0.1999999999999993,-0.1999999999999993,HOLD,0.0,HOLD,hold:scale_blocked:edge_too_low e=-0.0200,0,0
1765562603.1629684,0.6,0.42,-0.020000000000000018,0.18,0.020000000000000018,5.0,5.0,0.0,2.4999999999999996,2.7,5.199999999999999,-0.1999999999999993,-0.1999999999999993,-0.1999999999999993,-0.1999999999999993,HOLD,0.0,HOLD,hold:scale_blocked:edge_too_low e=-0.0200,0,0
1765562605.174047,0.6,0.42,-0.020000000000000018,0.18,0.020000000000000018,5.0,5.0,0.0,2.4999999999999996,2.7,5.199999999999999,-0.1999999999999993,-0.1999999999999993,-0.1999999999999993,-0.1999999999999993,HOLD,0.0,HOLD,hold:scale_blocked:edge_too_low e=-0.0200,0,0
1765562607.1841216,0.6,0.42,-0.020000000000000018,0.18,0.020000000000000018,5.0,5.0,0.0,2.4999999999999996,2.7,5.199999999999999,-0.1999999999999993,-0.1999999999999993,-0.1999999999999993,-0.1999999999999993,HOLD,0.0,HOLD,hold:scale_blocked:edge_too_low e=-0.0200,0,0
1765562609.1926193,0.6,0.42,-0.020000000000000018,0.18,0.020000000000000018,5.0,5.0,0.0,2.4999999999999996,2.7,5.199999999999999,-0.1999999999999993,-0.1999999999999993,-0.1999999999999993,-0.1999999999999993,HOLD,0.0,HOLD,hold:scale_blocked:edge_too_low e=-0.0200,0,0
1765562611.200348,0.6,0.42,-0.020000000000000018,0.18,0.020000000000000018,5.0,5.0,0.0,2.4999999999999996,2.7,5.199999999999999,-0.1999999999999993,-0.1999999999999993,-0.1999999999999993,-0.1999999999999993,HOLD,0.0,HOLD,hold:scale_blocked:edge_too_low e=-0.0200,0,0
1765562613.2090378,0.6,0.42,-0.020000000000000018,0.18,0.020000000000000018,5.0,5.0,0.0,2.4999999999999996,2.7,5.199999999999999,-0.1999999999999993,-0.1999999999999993,-0.1999999999999993,-0.1999999999999993,HOLD,0.0,HOLD,hold:scale_blocked:edge_too_low e=-0.0200,0,0
1765562615.2195375,0.6,0.42,-0.020000000000000018,0.18,0.020000000000000018,5.0,5.0,0.0,2.4999999999999996,2.7,5.199999999999999,-0.1999999999999993,-0.1999999999999993,-0.1999999999999993,-0.1999999999999993,HOLD,0.0,HOLD,hold:scale_blocked:edge_too_low e=-0.0200,0,0
1765562617.2295268,0.6,0.42,-0.020000000000000018,0.18,0.020000000000000018,5.0,5.0,0.0,2.4999999999999996,2.7,5.199999999999999,-0.1999999999999993,-0.1999999999999993,-0.1999999999999993,-0.1999999999999993,HOLD,0.0,HOLD,hold:scale_blocked:edge_too_low e=-0.0200,0,0
1765562619.2379513,0.6,0.42,-0.020000000000000018,0.18,0.020000000000000018,5.0,5.0,0.0,2.4999999999999996,2.7,5.199999999999999,-0.1999999999999993,-0.1999999999999993,-0.1999999999999993,-0.1999999999999993,HOLD,0.0,HOLD,hold:scale_blocked:edge_too_low e=-0.0200,0,0
1765562621.247862,0.6,0.42,-0.020000000000000018,0.18,0.020000000000000018,5.0,5.0,0.0,2.4999999999999996,2.7,5.199999999999999,-0.1999999999999993,-0.1999999999999993,-0.1999999999999993,-0.1999999999999993,HOLD,0.0,HOLD,hold:scale_blocked:edge_too_low e=-0.0200,0,0
1765562623.2572684,0.6,0.42,-0.020000000000000018,0.18,0.020000000000000018,5.0,5.0,0.0,2.4999999999999996,2.7,5.199999999999999,-0.1999999999999993,-0.1999999999999993,-0.1999999999999993,-0.1999999999999993,HOLD,0.0,HOLD,hold:scale_blocked:edge_too_low e=-0.0200,0,0
1765562625.2671576,0.6,0.42,-0.020000000000000018,0.18,0.020000000000000018,5.0,5.0,0.0,2.4999999999999996,2.7,5.199999999999999,-0.1999999999999993,-0.1999999999999993,-0.1999999999999993,-0.1999999999999993,HOLD,0.0,HOLD,hold:scale_blocked:edge_too_low e=-0.0200,0,0
1765562627.2784507,0.6,0.42,-0.020000000000000018,0.18,0.020000000000000018,5.0,5.0,0.0,2.4999999999999996,2.7,5.199999999999999,-0.1999999999999993,-0.1999999999999993,-0.1999999999999993,-0.1999999999999993,HOLD,0.0,HOLD,hold:scale_blocked:edge_too_low e=-0.0200,0,0
1765562629.3138022,0.6,0.42,-0.020000000000000018,0.18,0.020000000000000018,5.0,5.0,0.0,2.4999999999999996,2.7,5.199999999999999,-0.1999999999999993,-0.1999999999999993,-0.1999999999999993,-0.1999999999999993,HOLD,0.0,HOLD,hold:scale_blocked:edge_too_low e=-0.0200,0,0
1765562631.3335652,0.6,0.42,-0.020000000000000018,0.18,0.020000000000000018,5.0,5.0,0.0,2.4999999999999996,2.7,5.199999999999999,-0.1999999999999993,-0.1999999999999993,-0.1999999999999993,-0.1999999999999993,HOLD,0.0,HOLD,hold:scale_blocked:edge_too_low e=-0.0200,0,0
1765562633.3429246,0.6,0.42,-0.020000000000000018,0.18,0.020000000000000018,5.0,5.0,0.0,2.4999999999999996,2.7,5.199999999999999,-0.1999999999999993,-0.1999999999999993,-0.1999999999999993,-0.1999999999999993,HOLD,0.0,HOLD,hold:scale_blocked:edge_too_low e=-0.0200,0,0
1765562635.3657327,0.6,0.42,-0.020000000000000018,0.18,0.020000000000000018,5.0,5.0,0.0,2.4999999999999996,2.7,5.199999999999999,-0.1999999999999993,-0.1999999999999993,-0.1999999999999993,-0.1999999999999993,HOLD,0.0,HOLD,hold:scale_blocked:edge_too_low e=-0.0200,0,0
1765562637.3759782,0.6,0.42,-0.020000000000000018,0.18,0.020000000000000018,5.0,5.0,0.0,2.4999999999999996,2.7,5.199999999999999,-0.1999999999999993,-0.1999999999999993,-0.1999999999999993,-0.1999999999999993,HOLD,0.0,HOLD,hold:scale_blocked:edge_too_low e=-0.0200,0,0
1765562639.386132,0.6,0.42,-0.020000000000000018,0.18,0.020000000000000018,5.0,5.0,0.0,2.4999999999999996,2.7,5.199999999999999,-0.1999999999999993,-0.1999999999999993,-0.1999999999999993,-0.1999999999999993,HOLD,0.0,HOLD,hold:scale_blocked:edge_too_low e=-0.0200,0,0
1765562641.3992863,0.69,0.33,-0.020000000000000018,0.35999999999999993,0.020000000000000018,5.0,5.0,0.0,2.4999999999999996,2.7,5.199999999999999,-0.1999999999999993,-0.1999999999999993,-0.1999999999999993,-0.1999999999999993,HOLD,0.0,HOLD,hold:scale_blocked:edge_too_low e=-0.0200,0,0
1765562643.4096546,0.61,0.41,-0.020000000000000018,0.2,0.020000000000000018,5.0,5.0,0.0,2.4999999999999996,2.7,5.199999999999999,-0.1999999999999993,-0.1999999999999993,-0.1999999999999993,-0.1999999999999993,HOLD,0.0,HOLD,hold:scale_blocked:edge_too_low e=-0.0200,0,0
1765562645.4335797,0.62,0.39,-0.010000000000000009,0.22999999999999998,0.010000000000000009,5.0,5.0,0.0,2.4999999999999996,2.7,5.199999999999999,-0.1999999999999993,-0.1999999999999993,-0.1999999999999993,-0.1999999999999993,HOLD,0.0,HOLD,hold:scale_blocked:edge_too_low e=-0.0100,0,0
1765562647.4444306,0.63,0.4,-0.030000000000000027,0.22999999999999998,0.030000000000000027,5.0,5.0,0.0,2.4999999999999996,2.7,5.199999999999999,-0.1999999999999993,-0.1999999999999993,-0.1999999999999993,-0.1999999999999993,HOLD,0.0,HOLD,hold:scale_blocked:edge_too_low e=-0.0300,0,0
1765562649.4558833,0.61,0.4,-0.010000000000000009,0.20999999999999996,0.010000000000000009,5.0,5.0,0.0,2.4999999999999996,2.7,5.199999999999999,-0.1999999999999993,-0.1999999999999993,-0.1999999999999993,-0.1999999999999993,HOLD,0.0,HOLD,hold:scale_blocked:edge_too_low e=-0.0100,0,0
1765562651.4964898,0.61,0.4,-0.010000000000000009,0.20999999999999996,0.010000000000000009,5.0,5.0,0.0,2.4999999999999996,2.7,5.199999999999999,-0.1999999999999993,-0.1999999999999993,-0.1999999999999993,-0.1999999999999993,HOLD,0.0,HOLD,hold:scale_blocked:edge_too_low e=-0.0100,0,0
1765562653.505457,0.63,0.4,-0.030000000000000027,0.22999999999999998,0.030000000000000027,5.0,5.0,0.0,2.4999999999999996,2.7,5.199999999999999,-0.1999999999999993,-0.1999999999999993,-0.1999999999999993,-0.1999999999999993,HOLD,0.0,HOLD,hold:scale_blocked:edge_too_low e=-0.0300,0,0
1765562655.5122652,0.63,0.38,-0.010000000000000009,0.25,0.010000000000000009,5.0,5.0,0.0,2.4999999999999996,2.7,5.199999999999999,-0.1999999999999993,-0.1999999999999993,-0.1999999999999993,-0.1999999999999993,HOLD,0.0,HOLD,hold:scale_blocked:edge_too_low e=-0.0100,0,0
1765562657.525828,0.63,0.38,-0.010000000000000009,0.25,0.010000000000000009,5.0,5.0,0.0,2.4999999999999996,2.7,5.199999999999999,-0.1999999999999993,-0.1999999999999993,-0.1999999999999993,-0.1999999999999993,HOLD,0.0,HOLD,hold:scale_blocked:edge_too_low e=-0.0100,0,0
1765562659.5433662,0.6,0.42,-0.020000000000000018,0.18,0.020000000000000018,5.0,5.0,0.0,2.4999999999999996,2.7,5.199999999999999,-0.1999999999999993,-0.1999999999999993,-0.1999999999999993,-0.1999999999999993,HOLD,0.0,HOLD,hold:scale_blocked:edge_too_low e=-0.0200,0,0
1765562661.552117,0.6,0.41,-0.010000000000000009,0.19,0.010000000000000009,5.0,5.0,0.0,2.4999999999999996,2.7,5.199999999999999,-0.1999999999999993,-0.1999999999999993,-0.1999999999999993,-0.1999999999999993,HOLD,0.0,HOLD,hold:scale_blocked:edge_too_low e=-0.0100,0,0
1765562663.562208,0.6,0.42,-0.020000000000000018,0.18,0.020000000000000018,5.0,5.0,0.0,2.4999999999999996,2.7,5.199999999999999,-0.1999999999999993,-0.1999999999999993,-0.1999999999999993,-0.1999999999999993,HOLD,0.0,HOLD,hold:scale_blocked:edge_too_low e=-0.0200,0,0
1765562665.5715525,0.6,0.42,-0.020000000000000018,0.18,0.020000000000000018,5.0,5.0,0.0,2.4999999999999996,2.7,5.199999999999999,-0.1999999999999993,-0.1999999999999993,-0.1999999999999993,-0.1999999999999993,HOLD,0.0,HOLD,hold:scale_blocked:edge_too_low e=-0.0200,0,0
1765562667.5822692,0.6,0.42,-0.020000000000000018,0.18,0.020000000000000018,5.0,5.0,0.0,2.4999999999999996,2.7,5.199999999999999,-0.1999999999999993,-0.1999999999999993,-0.1999999999999993,-0.1999999999999993,HOLD,0.0,HOLD,hold:scale_blocked:edge_too_low e=-0.0200,0,0
1765562669.5904367,0.61,0.4,-0.010000000000000009,0.20999999999999996,0.010000000000000009,5.0,5.0,0.0,2.4999999999999996,2.7,5.199999999999999,-0.1999999999999993,-0.1999999999999993,-0.1999999999999993,-0.1999999999999993,HOLD,0.0,HOLD,hold:scale_blocked:edge_too_low e=-0.0100,0,0
1765562671.5997214,0.6,0.42,-0.020000000000000018,0.18,0.020000000000000018,5.0,5.0,0.0,2.4999999999999996,2.7,5.199999999999999,-0.1999999999999993,-0.1999999999999993,-0.1999999999999993,-0.1999999999999993,HOLD,0.0,HOLD,hold:scale_blocked:edge_too_low e=-0.0200,0,0
1765562673.6084316,0.6,0.41,-0.010000000000000009,0.19,0.010000000000000009,5.0,5.0,0.0,2.4999999999999996,2.7,5.199999999999999,-0.1999999999999993,-0.1999999999999993,-0.1999999999999993,-0.1999999999999993,HOLD,0.0,HOLD,hold:scale_blocked:edge_too_low e=-0.0100,0,0
1765562675.6180465,0.6,0.42,-0.020000000000000018,0.18,0.020000000000000018,5.0,5.0,0.0,2.4999999999999996,2.7,5.199999999999999,-0.1999999999999993,-0.1999999999999993,-0.1999999999999993,-0.1999999999999993,HOLD,0.0,HOLD,hold:scale_blocked:edge_too_low e=-0.0200,0,0
1765562677.627661,0.59,0.43,-0.020000000000000018,0.15999999999999998,0.020000000000000018,5.0,5.0,0.0,2.4999999999999996,2.7,5.199999999999999,-0.1999999999999993,-0.1999999999999993,-0.1999999999999993,-0.1999999999999993,HOLD,0.0,HOLD,hold:scale_blocked:edge_too_low e=-0.0200,0,0
1765562679.6380682,0.6,0.41,-0.010000000000000009,0.19,0.010000000000000009,5.0,5.0,0.0,2.4999999999999996,2.7,5.199999999999999,-0.1999999999999993,-0.1999999999999993,-0.1999999999999993,-0.1999999999999993,HOLD,0.0,HOLD,hold:scale_blocked:edge_too_low e=-0.0100,0,0
1765562681.6477253,0.6,0.41,-0.010000000000000009,0.19,0.010000000000000009,5.0,5.0,0.0,2.4999999999999996,2.7,5.199999999999999,-0.1999999999999993,-0.1999999999999993,-0.1999999999999993,-0.1999999999999993,HOLD,0.0,HOLD,hold:scale_blocked:edge_too_low e=-0.0100,0,0
1765562683.6586154,0.62,0.41,-0.030000000000000027,0.21000000000000002,0.030000000000000027,5.0,5.0,0.0,2.4999999999999996,2.7,5.199999999999999,-0.1999999999999993,-0.1999999999999993,-0.1999999999999993,-0.1999999999999993,HOLD,0.0,HOLD,hold:scale_blocked:edge_too_low e=-0.0300,0,0
1765562685.666677,0.61,0.405004939084623,-0.01500493908462297,0.204995060915377,0.01500493908462297,5.0,5.0,0.0,2.4999999999999996,2.7,5.199999999999999,-0.1999999999999993,-0.1999999999999993,-0.1999999999999993,-0.1999999999999993,HOLD,0.0,HOLD,hold:scale_blocked:edge_too_low e=-0.0150,0,0
1765562687.6750758,0.6,0.4131147540983606,-0.013114754098360493,0.18688524590163935,0.013114754098360493,5.0,5.0,0.0,2.4999999999999996,2.7,5.199999999999999,-0.1999999999999993,-0.1999999999999993,-0.1999999999999993,-0.1999999999999993,HOLD,0.0,HOLD,hold:scale_blocked:edge_too_low e=-0.0131,0,0
1765562689.6838884,0.63,0.38,-0.010000000000000009,0.25,0.010000000000000009,5.0,5.0,0.0,2.4999999999999996,2.7,5.199999999999999,-0.1999999999999993,-0.1999999999999993,-0.1999999999999993,-0.1999999999999993,HOLD,0.0,HOLD,hold:scale_blocked:edge_too_low e=-0.0100,0,0
1765562691.6926,0.65,0.37,-0.020000000000000018,0.28,0.020000000000000018,5.0,5.0,0.0,2.4999999999999996,2.7,5.199999999999999,-0.1999999999999993,-0.1999999999999993,-0.1999999999999993,-0.1999999999999993,HOLD,0.0,HOLD,hold:scale_blocked:edge_too_low e=-0.0200,0,0
1765562693.7014058,0.63,0.39,-0.020000000000000018,0.24,0.020000000000000018,5.0,5.0,0.0,2.4999999999999996,2.7,5.199999999999999,-0.1999999999999993,-0.1999999999999993,-0.1999999999999993,-0.1999999999999993,HOLD,0.0,HOLD,hold:scale_blocked:edge_too_low e=-0.0200,0,0
1765562695.7173822,0.62,0.39,-0.010000000000000009,0.22999999999999998,0.010000000000000009,5.0,5.0,0.0,2.4999999999999996,2.7,5.199999999999999,-0.1999999999999993,-0.1999999999999993,-0.1999999999999993,-0.1999999999999993,HOLD,0.0,HOLD,hold:scale_blocked:edge_too_low e=-0.0100,0,0
1765562697.72694,0.62,0.4,-0.020000000000000018,0.21999999999999997,0.020000000000000018,5.0,5.0,0.0,2.4999999999999996,2.7,5.199999999999999,-0.1999999999999993,-0.1999999999999993,-0.1999999999999993,-0.1999999999999993,HOLD,0.0,HOLD,hold:scale_blocked:edge_too_low e=-0.0200,0,0
1765562699.7347758,0.62,0.4,-0.020000000000000018,0.21999999999999997,0.020000000000000018,5.0,5.0,0.0,2.4999999999999996,2.7,5.199999999999999,-0.1999999999999993,-0.1999999999999993,-0.1999999999999993,-0.1999999999999993,HOLD,0.0,HOLD,hold:scale_blocked:edge_too_low e=-0.0200,0,0
1765562701.7466066,0.6,0.43278688524590164,-0.032786885245901676,0.16721311475409834,0.032786885245901676,5.0,5.0,0.0,2.4999999999999996,2.7,5.199999999999999,-0.1999999999999993,-0.1999999999999993,-0.1999999999999993,-0.1999999999999993,HOLD,0.0,HOLD,hold:scale_blocked:edge_too_low e=-0.0328,0,0
1765562703.754921,0.59,0.42,-0.010000000000000009,0.16999999999999998,0.010000000000000009,5.0,5.0,0.0,2.4999999999999996,2.7,5.199999999999999,-0.1999999999999993,-0.1999999999999993,-0.1999999999999993,-0.1999999999999993,HOLD,0.0,HOLD,hold:scale_blocked:edge_too_low e=-0.0100,0,0
1765562705.7659333,0.61,0.41,-0.020000000000000018,0.2,0.020000000000000018,5.0,5.0,0.0,2.4999999999999996,2.7,5.199999999999999,-0.1999999999999993,-0.1999999999999993,-0.1999999999999993,-0.1999999999999993,HOLD,0.0,HOLD,hold:scale_blocked:edge_too_low e=-0.0200,0,0
1765562707.7750905,0.63,0.39,-0.020000000000000018,0.24,0.020000000000000018,5.0,5.0,0.0,2.4999999999999996,2.7,5.199999999999999,-0.1999999999999993,-0.1999999999999993,-0.1999999999999993,-0.1999999999999993,HOLD,0.0,HOLD,hold:scale_blocked:edge_too_low e=-0.0200,0,0
1765562709.7831094,0.63,0.39752211216748934,-0.027522112167489343,0.23247788783251067,0.027522112167489343,5.0,5.0,0.0,2.4999999999999996,2.7,5.199999999999999,-0.1999999999999993,-0.1999999999999993,-0.1999999999999993,-0.1999999999999993,HOLD,0.0,HOLD,hold:scale_blocked:edge_too_low e=-0.0275,0,0
1765562711.7932782,0.66,0.36,-0.020000000000000018,0.30000000000000004,0.020000000000000018,5.0,5.0,0.0,2.4999999999999996,2.7,5.199999999999999,-0.1999999999999993,-0.1999999999999993,-0.1999999999999993,-0.1999999999999993,HOLD,0.0,HOLD,hold:scale_blocked:edge_too_low e=-0.0200,0,0
1765562713.8021731,0.66,0.35000000000000003,-0.010000000000000009,0.31,0.010000000000000009,5.0,5.0,0.0,2.4999999999999996,2.7,5.199999999999999,-0.1999999999999993,-0.1999999999999993,-0.1999999999999993,-0.1999999999999993,HOLD,0.0,HOLD,hold:scale_blocked:edge_too_low e=-0.0100,0,0
1765562715.8097844,0.68,0.33,-0.010000000000000009,0.35000000000000003,0.010000000000000009,5.0,5.0,0.0,2.4999999999999996,2.7,5.199999999999999,-0.1999999999999993,-0.1999999999999993,-0.1999999999999993,-0.1999999999999993,HOLD,0.0,HOLD,hold:scale_blocked:edge_too_low e=-0.0100,0,0
1765562717.8192434,0.7000000000000001,0.32,-0.020000000000000018,0.38000000000000006,0.020000000000000018,5.0,5.0,0.0,2.4999999999999996,2.7,5.199999999999999,-0.1999999999999993,-0.1999999999999993,-0.1999999999999993,-0.1999999999999993,HOLD,0.0,HOLD,hold:scale_blocked:edge_too_low e=-0.0200,0,0
1765562719.82901,0.69,0.32,-0.010000000000000009,0.36999999999999994,0.010000000000000009,5.0,5.0,0.0,2.4999999999999996,2.7,5.199999999999999,-0.1999999999999993,-0.1999999999999993,-0.1999999999999993,-0.1999999999999993,HOLD,0.0,HOLD,hold:scale_blocked:edge_too_low e=-0.0100,0,0
1765562721.838151,0.69,0.32459016393442625,-0.014590163934426137,0.3654098360655737,0.014590163934426137,5.0,5.0,0.0,2.4999999999999996,2.7,5.199999999999999,-0.1999999999999993,-0.1999999999999993,-0.1999999999999993,-0.1999999999999993,HOLD,0.0,HOLD,hold:scale_blocked:edge_too_low e=-0.0146,0,0
1765562723.8486965,0.7000000000000001,0.33,-0.030000000000000027,0.37000000000000005,0.030000000000000027,5.0,5.0,0.0,2.4999999999999996,2.7,5.199999999999999,-0.1999999999999993,-0.1999999999999993,-0.1999999999999993,-0.1999999999999993,HOLD,0.0,HOLD,hold:scale_blocked:edge_too_low e=-0.0300,0,0
1765562725.8575644,0.7091726319294157,0.31,-0.01917263192941565,0.3991726319294157,0.01917263192941565,5.0,5.0,0.0,2.4999999999999996,2.7,5.199999999999999,-0.1999999999999993,-0.1999999999999993,-0.1999999999999993,-0.1999999999999993,HOLD,0.0,HOLD,hold:scale_blocked:edge_too_low e=-0.0192,0,0
1765562727.8667529,0.6929778247096093,0.32,-0.012977824709609287,0.37297782470960933,0.012977824709609287,5.0,5.0,0.0,2.4999999999999996,2.7,5.199999999999999,-0.1999999999999993,-0.1999999999999993,-0.1999999999999993,-0.1999999999999993,HOLD,0.0,HOLD,hold:scale_blocked:edge_too_low e=-0.0130,0,0
1765562729.8745186,0.7299999999999999,0.29,-0.019999999999999796,0.4399999999999999,0.019999999999999796,5.0,5.0,0.0,2.4999999999999996,2.7,5.199999999999999,-0.1999999999999993,-0.1999999999999993,-0.1999999999999993,-0.1999999999999993,HOLD,0.0,HOLD,hold:scale_blocked:edge_too_low e=-0.0200,0,0
1765562731.882624,0.74,0.27,-0.010000000000000009,0.47,0.010000000000000009,5.0,5.0,0.0,2.4999999999999996,2.7,5.199999999999999,-0.1999999999999993,-0.1999999999999993,-0.1999999999999993,-0.1999999999999993,HOLD,0.0,HOLD,hold:scale_blocked:edge_too_low e=-0.0100,0,0
1765562733.8918006,0.74,0.27,-0.010000000000000009,0.47,0.010000000000000009,5.0,5.0,0.0,2.4999999999999996,2.7,5.199999999999999,-0.1999999999999993,-0.1999999999999993,-0.1999999999999993,-0.1999999999999993,HOLD,0.0,HOLD,hold:scale_blocked:edge_too_low e=-0.0100,0,0
1765562735.902565,0.69,0.3344262295081968,-0.02442622950819673,0.35557377049180316,0.02442622950819673,5.0,5.0,0.0,2.4999999999999996,2.7,5.199999999999999,-0.1999999999999993,-0.1999999999999993,-0.1999999999999993,-0.1999999999999993,HOLD,0.0,HOLD,hold:scale_blocked:edge_too_low e=-0.0244,0,0
1765562737.9131463,0.69,0.33,-0.020000000000000018,0.35999999999999993,0.020000000000000018,5.0,5.0,0.0,2.4999999999999996,2.7,5.199999999999999,-0.1999999999999993,-0.1999999999999993,-0.1999999999999993,-0.1999999999999993,HOLD,0.0,HOLD,hold:scale_blocked:edge_too_low e=-0.0200,0,0
1765562739.9253266,0.67,0.35000000000000003,-0.020000000000000018,0.32,0.020000000000000018,5.0,5.0,0.0,2.4999999999999996,2.7,5.199999999999999,-0.1999999999999993,-0.1999999999999993,-0.1999999999999993,-0.1999999999999993,HOLD,0.0,HOLD,hold:scale_blocked:edge_too_low e=-0.0200,0,0
1765562741.9340334,0.68,0.35000000000000003,-0.030000000000000027,0.33,0.030000000000000027,5.0,5.0,0.0,2.4999999999999996,2.7,5.199999999999999,-0.1999999999999993,-0.1999999999999993,-0.1999999999999993,-0.1999999999999993,HOLD,0.0,HOLD,hold:scale_blocked:edge_too_low e=-0.0300,0,0
1765562743.9429944,0.6819978914074856,0.33,-0.011997891407485639,0.35199789140748555,0.011997891407485639,5.0,5.0,0.0,2.4999999999999996,2.7,5.199999999999999,-0.1999999999999993,-0.1999999999999993,-0.1999999999999993,-0.1999999999999993,HOLD,0.0,HOLD,hold:scale_blocked:edge_too_low e=-0.0120,0,0
1765562745.9529872,0.69,0.33,-0.020000000000000018,0.35999999999999993,0.020000000000000018,5.0,5.0,0.0,2.4999999999999996,2.7,5.199999999999999,-0.1999999999999993,-0.1999999999999993,-0.1999999999999993,-0.1999999999999993,HOLD,0.0,HOLD,hold:scale_blocked:edge_too_low e=-0.0200,0,0
1765562747.9692514,0.69,0.33,-0.020000000000000018,0.35999999999999993,0.020000000000000018,5.0,5.0,0.0,2.4999999999999996,2.7,5.199999999999999,-0.1999999999999993,-0.1999999999999993,-0.1999999999999993,-0.1999999999999993,HOLD,0.0,HOLD,hold:scale_blocked:edge_too_low e=-0.0200,0,0
1765562749.9850445,0.69,0.34,-0.030000000000000027,0.3499999999999999,0.030000000000000027,5.0,5.0,0.0,2.4999999999999996,2.7,5.199999999999999,-0.1999999999999993,-0.1999999999999993,-0.1999999999999993,-0.1999999999999993,HOLD,0.0,HOLD,hold:scale_blocked:edge_too_low e=-0.0300,0,0
1765562751.9951134,0.6873194541288973,0.33,-0.017319454128897238,0.35731945412889726,0.017319454128897238,5.0,5.0,0.0,2.4999999999999996,2.7,5.199999999999999,-0.1999999999999993,-0.1999999999999993,-0.1999999999999993,-0.1999999999999993,HOLD,0.0,HOLD,hold:scale_blocked:edge_too_low e=-0.0173,0,0
1765562754.0071554,0.6873194541288973,0.33,-0.017319454128897238,0.35731945412889726,0.017319454128897238,5.0,5.0,0.0,2.4999999999999996,2.7,5.199999999999999,-0.1999999999999993,-0.1999999999999993,-0.1999999999999993,-0.1999999999999993,HOLD,0.0,HOLD,hold:scale_blocked:edge_too_low e=-0.0173,0,0
1765562756.0166905,0.68,0.34,-0.020000000000000018,0.34,0.020000000000000018,5.0,5.0,0.0,2.4999999999999996,2.7,5.199999999999999,-0.1999999999999993,-0.1999999999999993,-0.1999999999999993,-0.1999999999999993,HOLD,0.0,HOLD,hold:scale_blocked:edge_too_low e=-0.0200,0,0
1765562758.0279295,0.64,0.38,-0.020000000000000018,0.26,0.020000000000000018,5.0,5.0,0.0,2.4999999999999996,2.7,5.199999999999999,-0.1999999999999993,-0.1999999999999993,-0.1999999999999993,-0.1999999999999993,HOLD,0.0,HOLD,hold:scale_blocked:edge_too_low e=-0.0200,0,0
1765562760.0374532,0.67,0.35000000000000003,-0.020000000000000018,0.32,0.020000000000000018,5.0,5.0,0.0,2.4999999999999996,2.7,5.199999999999999,-0.1999999999999993,-0.1999999999999993,-0.1999999999999993,-0.1999999999999993,HOLD,0.0,HOLD,hold:scale_blocked:edge_too_low e=-0.0200,0,0
1765562762.0469167,0.67,0.35000000000000003,-0.020000000000000018,0.32,0.020000000000000018,5.0,5.0,0.0,2.4999999999999996,2.7,5.199999999999999,-0.1999999999999993,-0.1999999999999993,-0.1999999999999993,-0.1999999999999993,HOLD,0.0,HOLD,hold:scale_blocked:edge_too_low e=-0.0200,0,0
1765562764.0545282,0.69,0.32,-0.010000000000000009,0.36999999999999994,0.010000000000000009,5.0,5.0,0.0,2.4999999999999996,2.7,5.199999999999999,-0.1999999999999993,-0.1999999999999993,-0.1999999999999993,-0.1999999999999993,HOLD,0.0,HOLD,hold:scale_blocked:edge_too_low e=-0.0100,0,0
1765562766.0671358,0.7000000000000001,0.31,-0.010000000000000009,0.39000000000000007,0.010000000000000009,5.0,5.0,0.0,2.4999999999999996,2.7,5.199999999999999,-0.1999999999999993,-0.1999999999999993,-0.1999999999999993,-0.1999999999999993,HOLD,0.0,HOLD,hold:scale_blocked:edge_too_low e=-0.0100,0,0
1765562768.0838869,0.69,0.32,-0.010000000000000009,0.36999999999999994,0.010000000000000009,5.0,5.0,0.0,2.4999999999999996,2.7,5.199999999999999,-0.1999999999999993,-0.1999999999999993,-0.1999999999999993,-0.1999999999999993,HOLD,0.0,HOLD,hold:scale_blocked:edge_too_low e=-0.0100,0,0
1765562770.093009,0.66,0.35000000000000003,-0.010000000000000009,0.31,0.010000000000000009,5.0,5.0,0.0,2.4999999999999996,2.7,5.199999999999999,-0.1999999999999993,-0.1999999999999993,-0.1999999999999993,-0.1999999999999993,HOLD,0.0,HOLD,hold:scale_blocked:edge_too_low e=-0.0100,0,0
1765562772.1029212,0.66,0.36,-0.020000000000000018,0.30000000000000004,0.020000000000000018,5.0,5.0,0.0,2.4999999999999996,2.7,5.199999999999999,-0.1999999999999993,-0.1999999999999993,-0.1999999999999993,-0.1999999999999993,HOLD,0.0,HOLD,hold:scale_blocked:edge_too_low e=-0.0200,0,0
1765562774.113167,0.72,0.3,-0.020000000000000018,0.42,0.020000000000000018,5.0,5.0,0.0,2.4999999999999996,2.7,5.199999999999999,-0.1999999999999993,-0.1999999999999993,-0.1999999999999993,-0.1999999999999993,HOLD,0.0,HOLD,hold:scale_blocked:edge_too_low e=-0.0200,0,0
1765562776.1235423,0.72,0.31,-0.030000000000000027,0.41,0.030000000000000027,5.0,5.0,0.0,2.4999999999999996,2.7,5.199999999999999,-0.1999999999999993,-0.1999999999999993,-0.1999999999999993,-0.1999999999999993,HOLD,0.0,HOLD,hold:scale_blocked:edge_too_low e=-0.0300,0,0
1765562778.1325288,0.72,0.2950819672131147,-0.015081967213114611,0.4249180327868853,0.015081967213114611,5.0,5.0,0.0,2.4999999999999996,2.7,5.199999999999999,-0.1999999999999993,-0.1999999999999993,-0.1999999999999993,-0.1999999999999993,HOLD,0.0,HOLD,hold:scale_blocked:edge_too_low e=-0.0151,0,0
1765562780.1404877,0.75,0.26,-0.010000000000000009,0.49,0.010000000000000009,5.0,5.0,0.0,2.4999999999999996,2.7,5.199999999999999,-0.1999999999999993,-0.1999999999999993,-0.1999999999999993,-0.1999999999999993,HOLD,0.0,HOLD,hold:scale_blocked:edge_too_low e=-0.0100,0,0
1765562782.1508734,0.75,0.26,-0.010000000000000009,0.49,0.010000000000000009,5.0,5.0,0.0,2.4999999999999996,2.7,5.199999999999999,-0.1999999999999993,-0.1999999999999993,-0.1999999999999993,-0.1999999999999993,HOLD,0.0,HOLD,hold:scale_blocked:edge_too_low e=-0.0100,0,0
1765562784.159735,0.76,0.26,-0.020000000000000018,0.5,0.020000000000000018,5.0,5.0,0.0,2.4999999999999996,2.7,5.199999999999999,-0.1999999999999993,-0.1999999999999993,-0.1999999999999993,-0.1999999999999993,HOLD,0.0,HOLD,hold:scale_blocked:edge_too_low e=-0.0200,0,0
1765562786.1694105,0.76,0.2551855002290126,-0.01518550022901266,0.5048144997709874,0.01518550022901266,5.0,5.0,0.0,2.4999999999999996,2.7,5.199999999999999,-0.1999999999999993,-0.1999999999999993,-0.1999999999999993,-0.1999999999999993,HOLD,0.0,HOLD,hold:scale_blocked:edge_too_low e=-0.0152,0,0
1765562788.1775546,0.74,0.27,-0.010000000000000009,0.47,0.010000000000000009,5.0,5.0,0.0,2.4999999999999996,2.7,5.199999999999999,-0.1999999999999993,-0.1999999999999993,-0.1999999999999993,-0.1999999999999993,HOLD,0.0,HOLD,hold:scale_blocked:edge_too_low e=-0.0100,0,0
1765562790.1854043,0.7299999999999999,0.28158984981874674,-0.011589849818746556,0.44841015018125313,0.011589849818746556,5.0,5.0,0.0,2.4999999999999996,2.7,5.199999999999999,-0.1999999999999993,-0.1999999999999993,-0.1999999999999993,-0.1999999999999993,HOLD,0.0,HOLD,hold:scale_blocked:edge_too_low e=-0.0116,0,0
1765562792.2014804,0.7299999999999999,0.29,-0.019999999999999796,0.4399999999999999,0.019999999999999796,5.0,5.0,0.0,2.4999999999999996,2.7,5.199999999999999,-0.1999999999999993,-0.1999999999999993,-0.1999999999999993,-0.1999999999999993,HOLD,0.0,HOLD,hold:scale_blocked:edge_too_low e=-0.0200,0,0
1765562794.2126155,0.7099999999999999,0.303129074315515,-0.0131290743155148,0.40687092568448485,0.0131290743155148,5.0,5.0,0.0,2.4999999999999996,2.7,5.199999999999999,-0.1999999999999993,-0.1999999999999993,-0.1999999999999993,-0.1999999999999993,HOLD,0.0,HOLD,hold:scale_blocked:edge_too_low e=-0.0131,0,0
1765562796.2228374,0.7000000000000001,0.31,-0.010000000000000009,0.39000000000000007,0.010000000000000009,5.0,5.0,0.0,2.4999999999999996,2.7,5.199999999999999,-0.1999999999999993,-0.1999999999999993,-0.1999999999999993,-0.1999999999999993,HOLD,0.0,HOLD,hold:scale_blocked:edge_too_low e=-0.0100,0,0
1765562798.2315955,0.7000000000000001,0.31,-0.010000000000000009,0.39000000000000007,0.010000000000000009,5.0,5.0,0.0,2.4999999999999996,2.7,5.199999999999999,-0.1999999999999993,-0.1999999999999993,-0.1999999999999993,-0.1999999999999993,HOLD,0.0,HOLD,hold:scale_blocked:edge_too_low e=-0.0100,0,0
1765562800.2404294,0.7000000000000001,0.31,-0.010000000000000009,0.39000000000000007,0.010000000000000009,5.0,5.0,0.0,2.4999999999999996,2.7,5.199999999999999,-0.1999999999999993,-0.1999999999999993,-0.1999999999999993,-0.1999999999999993,HOLD,0.0,HOLD,hold:scale_blocked:edge_too_low e=-0.0100,0,0
1765562802.2495964,0.7000000000000001,0.31,-0.010000000000000009,0.39000000000000007,0.010000000000000009,5.0,5.0,0.0,2.4999999999999996,2.7,5.199999999999999,-0.1999999999999993,-0.1999999999999993,-0.1999999999999993,-0.1999999999999993,HOLD,0.0,HOLD,hold:scale_blocked:edge_too_low e=-0.0100,0,0
1765562804.2591047,0.72,0.29,-0.010000000000000009,0.43,0.010000000000000009,5.0,5.0,0.0,2.4999999999999996,2.7,5.199999999999999,-0.1999999999999993,-0.1999999999999993,-0.1999999999999993,-0.1999999999999993,HOLD,0.0,HOLD,hold:scale_blocked:edge_too_low e=-0.0100,0,0
1765562806.2682426,0.72,0.3,-0.020000000000000018,0.42,0.020000000000000018,5.0,5.0,0.0,2.4999999999999996,2.7,5.199999999999999,-0.1999999999999993,-0.1999999999999993,-0.1999999999999993,-0.1999999999999993,HOLD,0.0,HOLD,hold:scale_blocked:edge_too_low e=-0.0200,0,0
1765562808.2770612,0.72,0.3,-0.020000000000000018,0.42,0.020000000000000018,5.0,5.0,0.0,2.4999999999999996,2.7,5.199999999999999,-0.1999999999999993,-0.1999999999999993,-0.1999999999999993,-0.1999999999999993,HOLD,0.0,HOLD,hold:scale_blocked:edge_too_low e=-0.0200,0,0
1765562810.2869442,0.7299999999999999,0.3,-0.029999999999999805,0.4299999999999999,0.029999999999999805,5.0,5.0,0.0,2.4999999999999996,2.7,5.199999999999999,-0.1999999999999993,-0.1999999999999993,-0.1999999999999993,-0.1999999999999993,HOLD,0.0,HOLD,hold:scale_blocked:edge_too_low e=-0.0300,0,0
1765562812.305024,0.7299999999999999,0.29,-0.019999999999999796,0.4399999999999999,0.019999999999999796,5.0,5.0,0.0,2.4999999999999996,2.7,5.199999999999999,-0.1999999999999993,-0.1999999999999993,-0.1999999999999993,-0.1999999999999993,HOLD,0.0,HOLD,hold:scale_blocked:edge_too_low e=-0.0200,0,0
1765562814.3158927,0.75,0.26129032258064516,-0.011290322580645107,0.48870967741935484,0.011290322580645107,5.0,5.0,0.0,2.4999999999999996,2.7,5.199999999999999,-0.1999999999999993,-0.1999999999999993,-0.1999999999999993,-0.1999999999999993,HOLD,0.0,HOLD,hold:scale_blocked:edge_too_low e=-0.0113,0,0
1765562816.3258421,0.78,0.2394811242308332,-0.019481124230833258,0.5405188757691668,0.019481124230833258,5.0,5.0,0.0,2.4999999999999996,2.7,5.199999999999999,-0.1999999999999993,-0.1999999999999993,-0.1999999999999993,-0.1999999999999993,HOLD,0.0,HOLD,hold:scale_blocked:edge_too_low e=-0.0195,0,0
1765562818.334199,0.76,0.25,-0.010000000000000009,0.51,0.010000000000000009,5.0,5.0,0.0,2.4999999999999996,2.7,5.199999999999999,-0.1999999999999993,-0.1999999999999993,-0.1999999999999993,-0.1999999999999993,HOLD,0.0,HOLD,hold:scale_blocked:edge_too_low e=-0.0100,0,0
1765562820.3436582,0.76,0.25161290322580643,-0.011612903225806548,0.5083870967741936,0.011612903225806548,5.0,5.0,0.0,2.4999999999999996,2.7,5.199999999999999,-0.1999999999999993,-0.1999999999999993,-0.1999999999999993,-0.1999999999999993,HOLD,0.0,HOLD,hold:scale_blocked:edge_too_low e=-0.0116,0,0
1765562822.354133,0.77,0.2446423329092866,-0.014642332909286626,0.5253576670907134,0.014642332909286626,5.0,5.0,0.0,2.4999999999999996,2.7,5.199999999999999,-0.1999999999999993,-0.1999999999999993,-0.1999999999999993,-0.1999999999999993,HOLD,0.0,HOLD,hold:scale_blocked:edge_too_low e=-0.0146,0,0
1765562824.3622203,0.77,0.24,-0.010000000000000009,0.53,0.010000000000000009,5.0,5.0,0.0,2.4999999999999996,2.7,5.199999999999999,-0.1999999999999993,-0.1999999999999993,-0.1999999999999993,-0.1999999999999993,HOLD,0.0,HOLD,hold:scale_blocked:edge_too_low e=-0.0100,0,0
1765562826.3726418,0.78,0.23,-0.010000000000000009,0.55,0.010000000000000009,5.0,5.0,0.0,2.4999999999999996,2.7,5.199999999999999,-0.1999999999999993,-0.1999999999999993,-0.1999999999999993,-0.1999999999999993,HOLD,0.0,HOLD,hold:scale_blocked:edge_too_low e=-0.0100,0,0
1765562828.3815017,0.77,0.25,-0.020000000000000018,0.52,0.020000000000000018,5.0,5.0,0.0,2.4999999999999996,2.7,5.199999999999999,-0.1999999999999993,-0.1999999999999993,-0.1999999999999993,-0.1999999999999993,HOLD,0.0,HOLD,hold:scale_blocked:edge_too_low e=-0.0200,0,0
1765562830.390962,0.74,0.28,-0.020000000000000018,0.45999999999999996,0.020000000000000018,5.0,5.0,0.0,2.4999999999999996,2.7,5.199999999999999,-0.1999999999999993,-0.1999999999999993,-0.1999999999999993,-0.1999999999999993,HOLD,0.0,HOLD,hold:scale_blocked:edge_too_low e=-0.0200,0,0
1765562832.403247,0.75,0.26,-0.010000000000000009,0.49,0.010000000000000009,5.0,5.0,0.0,2.4999999999999996,2.7,5.199999999999999,-0.1999999999999993,-0.1999999999999993,-0.1999999999999993,-0.1999999999999993,HOLD,0.0,HOLD,hold:scale_blocked:edge_too_low e=-0.0100,0,0
1765562834.4141097,0.75,0.26,-0.010000000000000009,0.49,0.010000000000000009,5.0,5.0,0.0,2.4999999999999996,2.7,5.199999999999999,-0.1999999999999993,-0.1999999999999993,-0.1999999999999993,-0.1999999999999993,HOLD,0.0,HOLD,hold:scale_blocked:edge_too_low e=-0.0100,0,0
1765562836.4290774,0.75,0.26129032258064516,-0.011290322580645107,0.48870967741935484,0.011290322580645107,5.0,5.0,0.0,2.4999999999999996,2.7,5.199999999999999,-0.1999999999999993,-0.1999999999999993,-0.1999999999999993,-0.1999999999999993,HOLD,0.0,HOLD,hold:scale_blocked:edge_too_low e=-0.0113,0,0
1765562838.4400034,0.77,0.26,-0.030000000000000027,0.51,0.030000000000000027,5.0,5.0,0.0,2.4999999999999996,2.7,5.199999999999999,-0.1999999999999993,-0.1999999999999993,-0.1999999999999993,-0.1999999999999993,HOLD,0.0,HOLD,hold:scale_blocked:edge_too_low e=-0.0300,0,0
1765562840.4505882,0.78,0.23225806451612904,-0.012258064516128986,0.547741935483871,0.012258064516128986,5.0,5.0,0.0,2.4999999999999996,2.7,5.199999999999999,-0.1999999999999993,-0.1999999999999993,-0.1999999999999993,-0.1999999999999993,HOLD,0.0,HOLD,hold:scale_blocked:edge_too_low e=-0.0123,0,0
1765562842.467935,0.78,0.24,-0.020000000000000018,0.54,0.020000000000000018,5.0,5.0,0.0,2.4999999999999996,2.7,5.199999999999999,-0.1999999999999993,-0.1999999999999993,-0.1999999999999993,-0.1999999999999993,HOLD,0.0,HOLD,hold:scale_blocked:edge_too_low e=-0.0200,0,0
1765562844.49004,0.76,0.25161290322580643,-0.011612903225806548,0.5083870967741936,0.011612903225806548,5.0,5.0,0.0,2.4999999999999996,2.7,5.199999999999999,-0.1999999999999993,-0.1999999999999993,-0.1999999999999993,-0.1999999999999993,HOLD,0.0,HOLD,hold:scale_blocked:edge_too_low e=-0.0116,0,0
1765562846.4993813,0.77,0.25,-0.020000000000000018,0.52,0.020000000000000018,5.0,5.0,0.0,2.4999999999999996,2.7,5.199999999999999,-0.1999999999999993,-0.1999999999999993,-0.1999999999999993,-0.1999999999999993,HOLD,0.0,HOLD,hold:scale_blocked:edge_too_low e=-0.0200,0,0
1765562848.5099037,0.78,0.24,-0.020000000000000018,0.54,0.020000000000000018,5.0,5.0,0.0,2.4999999999999996,2.7,5.199999999999999,-0.1999999999999993,-0.1999999999999993,-0.1999999999999993,-0.1999999999999993,HOLD,0.0,HOLD,hold:scale_blocked:edge_too_low e=-0.0200,0,0
1765562850.5206153,0.77,0.25,-0.020000000000000018,0.52,0.020000000000000018,5.0,5.0,0.0,2.4999999999999996,2.7,5.199999999999999,-0.1999999999999993,-0.1999999999999993,-0.1999999999999993,-0.1999999999999993,HOLD,0.0,HOLD,hold:scale_blocked:edge_too_low e=-0.0200,0,0
1765562852.5304198,0.74,0.3,-0.040000000000000036,0.44,0.040000000000000036,5.0,5.0,0.0,2.4999999999999996,2.7,5.199999999999999,-0.1999999999999993,-0.1999999999999993,-0.1999999999999993,-0.1999999999999993,HOLD,0.0,HOLD,hold:scale_blocked:edge_too_low e=-0.0400,0,0
1765562854.5391476,0.74,0.28524590163934427,-0.02524590163934426,0.4547540983606557,0.02524590163934426,5.0,5.0,0.0,2.4999999999999996,2.7,5.199999999999999,-0.1999999999999993,-0.1999999999999993,-0.1999999999999993,-0.1999999999999993,HOLD,0.0,HOLD,hold:scale_blocked:edge_too_low e=-0.0252,0,0
1765562856.5484831,0.7299999999999999,0.2950819672131147,-0.02508196721311462,0.4349180327868852,0.02508196721311462,5.0,5.0,0.0,2.4999999999999996,2.7,5.199999999999999,-0.1999999999999993,-0.1999999999999993,-0.1999999999999993,-0.1999999999999993,HOLD,0.0,HOLD,hold:scale_blocked:edge_too_low e=-0.0251,0,0
1765562858.5582898,0.72,0.29,-0.010000000000000009,0.43,0.010000000000000009,5.0,5.0,0.0,2.4999999999999996,2.7,5.199999999999999,-0.1999999999999993,-0.1999999999999993,-0.1999999999999993,-0.1999999999999993,HOLD,0.0,HOLD,hold:scale_blocked:edge_too_low e=-0.0100,0,0
1765562860.5694406,0.72,0.29,-0.010000000000000009,0.43,0.010000000000000009,5.0,5.0,0.0,2.4999999999999996,2.7,5.199999999999999,-0.1999999999999993,-0.1999999999999993,-0.1999999999999993,-0.1999999999999993,HOLD,0.0,HOLD,hold:scale_blocked:edge_too_low e=-0.0100,0,0
1765562862.5784597,0.7299999999999999,0.3,-0.029999999999999805,0.4299999999999999,0.029999999999999805,5.0,5.0,0.0,2.4999999999999996,2.7,5.199999999999999,-0.1999999999999993,-0.1999999999999993,-0.1999999999999993,-0.1999999999999993,HOLD,0.0,HOLD,hold:scale_blocked:edge_too_low e=-0.0300,0,0
1765562864.587397,0.74,0.28,-0.020000000000000018,0.45999999999999996,0.020000000000000018,5.0,5.0,0.0,2.4999999999999996,2.7,5.199999999999999,-0.1999999999999993,-0.1999999999999993,-0.1999999999999993,-0.1999999999999993,HOLD,0.0,HOLD,hold:scale_blocked:edge_too_low e=-0.0200,0,0
1765562866.5955193,0.75,0.27,-0.020000000000000018,0.48,0.020000000000000018,5.0,5.0,0.0,2.4999999999999996,2.7,5.199999999999999,-0.1999999999999993,-0.1999999999999993,-0.1999999999999993,-0.1999999999999993,HOLD,0.0,HOLD,hold:scale_blocked:edge_too_low e=-0.0200,0,0
1765562868.6086972,0.75,0.27,-0.020000000000000018,0.48,0.020000000000000018,5.0,5.0,0.0,2.4999999999999996,2.7,5.199999999999999,-0.1999999999999993,-0.1999999999999993,-0.1999999999999993,-0.1999999999999993,HOLD,0.0,HOLD,hold:scale_blocked:edge_too_low e=-0.0200,0,0
1765562870.6179006,0.76,0.26,-0.020000000000000018,0.5,0.020000000000000018,5.0,5.0,0.0,2.4999999999999996,2.7,5.199999999999999,-0.1999999999999993,-0.1999999999999993,-0.1999999999999993,-0.1999999999999993,HOLD,0.0,HOLD,hold:scale_blocked:edge_too_low e=-0.0200,0,0
1765562872.626777,0.75,0.27,-0.020000000000000018,0.48,0.020000000000000018,5.0,5.0,0.0,2.4999999999999996,2.7,5.199999999999999,-0.1999999999999993,-0.1999999999999993,-0.1999999999999993,-0.1999999999999993,HOLD,0.0,HOLD,hold:scale_blocked:edge_too_low e=-0.0200,0,0
1765562874.6365347,0.74,0.28,-0.020000000000000018,0.45999999999999996,0.020000000000000018,5.0,5.0,0.0,2.4999999999999996,2.7,5.199999999999999,-0.1999999999999993,-0.1999999999999993,-0.1999999999999993,-0.1999999999999993,HOLD,0.0,HOLD,hold:scale_blocked:edge_too_low e=-0.0200,0,0
1765562876.6472862,0.72,0.29,-0.010000000000000009,0.43,0.010000000000000009,5.0,5.0,0.0,2.4999999999999996,2.7,5.199999999999999,-0.1999999999999993,-0.1999999999999993,-0.1999999999999993,-0.1999999999999993,HOLD,0.0,HOLD,hold:scale_blocked:edge_too_low e=-0.0100,0,0
1765562878.6589808,0.7099999999999999,0.3,-0.009999999999999787,0.40999999999999986,0.009999999999999787,5.0,5.0,0.0,2.4999999999999996,2.7,5.199999999999999,-0.1999999999999993,-0.1999999999999993,-0.1999999999999993,-0.1999999999999993,HOLD,0.0,HOLD,hold:scale_blocked:edge_too_low e=-0.0100,0,0
1765562880.6679997,0.68,0.33,-0.010000000000000009,0.35000000000000003,0.010000000000000009,5.0,5.0,0.0,2.4999999999999996,2.7,5.199999999999999,-0.1999999999999993,-0.1999999999999993,-0.1999999999999993,-0.1999999999999993,HOLD,0.0,HOLD,hold:scale_blocked:edge_too_low e=-0.0100,0,0
1765562882.6769571,0.66,0.37,-0.030000000000000027,0.29000000000000004,0.030000000000000027,5.0,5.0,0.0,2.4999999999999996,2.7,5.199999999999999,-0.1999999999999993,-0.1999999999999993,-0.1999999999999993,-0.1999999999999993,HOLD,0.0,HOLD,hold:scale_blocked:edge_too_low e=-0.0300,0,0
1765562884.6894994,0.65,0.38,-0.030000000000000027,0.27,0.030000000000000027,5.0,5.0,0.0,2.4999999999999996,2.7,5.199999999999999,-0.1999999999999993,-0.1999999999999993,-0.1999999999999993,-0.1999999999999993,HOLD,0.0,HOLD,hold:scale_blocked:edge_too_low e=-0.0300,0,0
1765562886.7089822,0.67,0.35000000000000003,-0.020000000000000018,0.32,0.020000000000000018,5.0,5.0,0.0,2.4999999999999996,2.7,5.199999999999999,-0.1999999999999993,-0.1999999999999993,-0.1999999999999993,-0.1999999999999993,HOLD,0.0,HOLD,hold:scale_blocked:edge_too_low e=-0.0200,0,0
1765562888.7220204,0.66,0.35000000000000003,-0.010000000000000009,0.31,0.010000000000000009,5.0,5.0,0.0,2.4999999999999996,2.7,5.199999999999999,-0.1999999999999993,-0.1999999999999993,-0.1999999999999993,-0.1999999999999993,HOLD,0.0,HOLD,hold:scale_blocked:edge_too_low e=-0.0100,0,0
1765562890.7927809,0.68,0.33,-0.010000000000000009,0.35000000000000003,0.010000000000000009,5.0,5.0,0.0,2.4999999999999996,2.7,5.199999999999999,-0.1999999999999993,-0.1999999999999993,-0.1999999999999993,-0.1999999999999993,HOLD,0.0,HOLD,hold:scale_blocked:edge_too_low e=-0.0100,0,0
1765562892.8055618,0.67,0.34,-0.010000000000000009,0.33,0.010000000000000009,5.0,5.0,0.0,2.4999999999999996,2.7,5.199999999999999,-0.1999999999999993,-0.1999999999999993,-0.1999999999999993,-0.1999999999999993,HOLD,0.0,HOLD,hold:scale_blocked:edge_too_low e=-0.0100,0,0
1765562894.81465,0.69,0.34,-0.030000000000000027,0.3499999999999999,0.030000000000000027,5.0,5.0,0.0,2.4999999999999996,2.7,5.199999999999999,-0.1999999999999993,-0.1999999999999993,-0.1999999999999993,-0.1999999999999993,HOLD,0.0,HOLD,hold:scale_blocked:edge_too_low e=-0.0300,0,0
1765562896.8247561,0.66,0.38,-0.040000000000000036,0.28,0.040000000000000036,5.0,5.0,0.0,2.4999999999999996,2.7,5.199999999999999,-0.1999999999999993,-0.1999999999999993,-0.1999999999999993,-0.1999999999999993,HOLD,0.0,HOLD,hold:scale_blocked:edge_too_low e=-0.0400,0,0
1765562898.833269,0.63,0.39,-0.020000000000000018,0.24,0.020000000000000018,5.0,5.0,0.0,2.4999999999999996,2.7,5.199999999999999,-0.1999999999999993,-0.1999999999999993,-0.1999999999999993,-0.1999999999999993,HOLD,0.0,HOLD,hold:scale_blocked:edge_too_low e=-0.0200,0,0
1765562900.842149,0.61,0.42295081967213116,-0.03295081967213109,0.18704918032786882,0.03295081967213109,5.0,5.0,0.0,2.4999999999999996,2.7,5.199999999999999,-0.1999999999999993,-0.1999999999999993,-0.1999999999999993,-0.1999999999999993,HOLD,0.0,HOLD,hold:scale_blocked:edge_too_low e=-0.0330,0,0
1765562902.852181,0.5704356948496868,0.44,-0.010435694849686872,0.1304356948496868,0.010435694849686872,5.0,5.0,0.0,2.4999999999999996,2.7,5.199999999999999,-0.1999999999999993,-0.1999999999999993,-0.1999999999999993,-0.1999999999999993,HOLD,0.0,HOLD,hold:scale_blocked:edge_too_low e=-0.0104,0,0
1765562904.8608894,0.58,0.44,-0.020000000000000018,0.13999999999999996,0.020000000000000018,5.0,5.0,0.0,2.4999999999999996,2.7,5.199999999999999,-0.1999999999999993,-0.1999999999999993,-0.1999999999999993,-0.1999999999999993,HOLD,0.0,HOLD,hold:scale_blocked:edge_too_low e=-0.0200,0,0
1765562906.8692696,0.62,0.39,-0.010000000000000009,0.22999999999999998,0.010000000000000009,5.0,5.0,0.0,2.4999999999999996,2.7,5.199999999999999,-0.1999999999999993,-0.1999999999999993,-0.1999999999999993,-0.1999999999999993,HOLD,0.0,HOLD,hold:scale_blocked:edge_too_low e=-0.0100,0,0
1765562908.8792427,0.65,0.36,-0.010000000000000009,0.29000000000000004,0.010000000000000009,5.0,5.0,0.0,2.4999999999999996,2.7,5.199999999999999,-0.1999999999999993,-0.1999999999999993,-0.1999999999999993,-0.1999999999999993,HOLD,0.0,HOLD,hold:scale_blocked:edge_too_low e=-0.0100,0,0
1765562910.8887,0.66,0.35000000000000003,-0.010000000000000009,0.31,0.010000000000000009,5.0,5.0,0.0,2.4999999999999996,2.7,5.199999999999999,-0.1999999999999993,-0.1999999999999993,-0.1999999999999993,-0.1999999999999993,HOLD,0.0,HOLD,hold:scale_blocked:edge_too_low e=-0.0100,0,0
1765562912.8982642,0.66,0.36,-0.020000000000000018,0.30000000000000004,0.020000000000000018,5.0,5.0,0.0,2.4999999999999996,2.7,5.199999999999999,-0.1999999999999993,-0.1999999999999993,-0.1999999999999993,-0.1999999999999993,HOLD,0.0,HOLD,hold:scale_blocked:edge_too_low e=-0.0200,0,0
1765562914.9075317,0.66,0.37,-0.030000000000000027,0.29000000000000004,0.030000000000000027,5.0,5.0,0.0,2.4999999999999996,2.7,5.199999999999999,-0.1999999999999993,-0.1999999999999993,-0.1999999999999993,-0.1999999999999993,HOLD,0.0,HOLD,hold:scale_blocked:edge_too_low e=-0.0300,0,0
1765562916.9179137,0.6325569136493923,0.38,-0.012556913649392154,0.25255691364939226,0.012556913649392154,5.0,5.0,0.0,2.4999999999999996,2.7,5.199999999999999,-0.1999999999999993,-0.1999999999999993,-0.1999999999999993,-0.1999999999999993,HOLD,0.0,HOLD,hold:scale_blocked:edge_too_low e=-0.0126,0,0
1765562918.9272606,0.66,0.35000000000000003,-0.010000000000000009,0.31,0.010000000000000009,5.0,5.0,0.0,2.4999999999999996,2.7,5.199999999999999,-0.1999999999999993,-0.1999999999999993,-0.1999999999999993,-0.1999999999999993,HOLD,0.0,HOLD,hold:scale_blocked:edge_too_low e=-0.0100,0,0
1765562920.9369447,0.61,0.42,-0.030000000000000027,0.19,0.030000000000000027,5.0,5.0,0.0,2.4999999999999996,2.7,5.199999999999999,-0.1999999999999993,-0.1999999999999993,-0.1999999999999993,-0.1999999999999993,HOLD,0.0,HOLD,hold:scale_blocked:edge_too_low e=-0.0300,0,0
1765562922.946495,0.61,0.42,-0.030000000000000027,0.19,0.030000000000000027,5.0,5.0,0.0,2.4999999999999996,2.7,5.199999999999999,-0.1999999999999993,-0.1999999999999993,-0.1999999999999993,-0.1999999999999993,HOLD,0.0,HOLD,hold:scale_blocked:edge_too_low e=-0.0300,0,0
1765562924.9549603,0.61,0.41,-0.020000000000000018,0.2,0.020000000000000018,5.0,5.0,0.0,2.4999999999999996,2.7,5.199999999999999,-0.1999999999999993,-0.1999999999999993,-0.1999999999999993,-0.1999999999999993,HOLD,0.0,HOLD,hold:scale_blocked:edge_too_low e=-0.0200,0,0
1765562926.966348,0.6,0.41,-0.010000000000000009,0.19,0.010000000000000009,5.0,5.0,0.0,2.4999999999999996,2.7,5.199999999999999,-0.1999999999999993,-0.1999999999999993,-0.1999999999999993,-0.1999999999999993,HOLD,0.0,HOLD,hold:scale_blocked:edge_too_low e=-0.0100,0,0
1765562928.9749775,0.6,0.41,-0.010000000000000009,0.19,0.010000000000000009,5.0,5.0,0.0,2.4999999999999996,2.7,5.199999999999999,-0.1999999999999993,-0.1999999999999993,-0.1999999999999993,-0.1999999999999993,HOLD,0.0,HOLD,hold:scale_blocked:edge_too_low e=-0.0100,0,0
1765562930.984997,0.61,0.41,-0.020000000000000018,0.2,0.020000000000000018,5.0,5.0,0.0,2.4999999999999996,2.7,5.199999999999999,-0.1999999999999993,-0.1999999999999993,-0.1999999999999993,-0.1999999999999993,HOLD,0.0,HOLD,hold:scale_blocked:edge_too_low e=-0.0200,0,0
1765562932.9952312,0.62,0.41,-0.030000000000000027,0.21000000000000002,0.030000000000000027,5.0,5.0,0.0,2.4999999999999996,2.7,5.199999999999999,-0.1999999999999993,-0.1999999999999993,-0.1999999999999993,-0.1999999999999993,HOLD,0.0,HOLD,hold:scale_blocked:edge_too_low e=-0.0300,0,0
1765562935.0039427,0.66,0.35000000000000003,-0.010000000000000009,0.31,0.010000000000000009,5.0,5.0,0.0,2.4999999999999996,2.7,5.199999999999999,-0.1999999999999993,-0.1999999999999993,-0.1999999999999993,-0.1999999999999993,HOLD,0.0,HOLD,hold:scale_blocked:edge_too_low e=-0.0100,0,0
1765562937.0142515,0.69,0.32,-0.010000000000000009,0.36999999999999994,0.010000000000000009,5.0,5.0,0.0,2.4999999999999996,2.7,5.199999999999999,-0.1999999999999993,-0.1999999999999993,-0.1999999999999993,-0.1999999999999993,HOLD,0.0,HOLD,hold:scale_blocked:edge_too_low e=-0.0100,0,0
1765562939.0240538,0.7000000000000001,0.31499163303474753,-0.014991633034747487,0.38500836696525254,0.014991633034747487,5.0,5.0,0.0,2.4999999999999996,2.7,5.199999999999999,-0.1999999999999993,-0.1999999999999993,-0.1999999999999993,-0.1999999999999993,HOLD,0.0,HOLD,hold:scale_blocked:edge_too_low e=-0.0150,0,0
1765562941.0341926,0.74,0.2709677419354839,-0.010967741935483888,0.4690322580645161,0.010967741935483888,5.0,5.0,0.0,2.4999999999999996,2.7,5.199999999999999,-0.1999999999999993,-0.1999999999999993,-0.1999999999999993,-0.1999999999999993,HOLD,0.0,HOLD,hold:scale_blocked:edge_too_low e=-0.0110,0,0
1765562943.0452807,0.7299999999999999,0.28,-0.009999999999999787,0.44999999999999984,0.009999999999999787,5.0,5.0,0.0,2.4999999999999996,2.7,5.199999999999999,-0.1999999999999993,-0.1999999999999993,-0.1999999999999993,-0.1999999999999993,HOLD,0.0,HOLD,hold:scale_blocked:edge_too_low e=-0.0100,0,0
1765562945.056931,0.76,0.25,-0.010000000000000009,0.51,0.010000000000000009,5.0,5.0,0.0,2.4999999999999996,2.7,5.199999999999999,-0.1999999999999993,-0.1999999999999993,-0.1999999999999993,-0.1999999999999993,HOLD,0.0,HOLD,hold:scale_blocked:edge_too_low e=-0.0100,0,0
1765562947.0695884,0.77,0.24,-0.010000000000000009,0.53,0.010000000000000009,5.0,5.0,0.0,2.4999999999999996,2.7,5.199999999999999,-0.1999999999999993,-0.1999999999999993,-0.1999999999999993,-0.1999999999999993,HOLD,0.0,HOLD,hold:scale_blocked:edge_too_low e=-0.0100,0,0
1765562949.0793402,0.76,0.25,-0.010000000000000009,0.51,0.010000000000000009,5.0,5.0,0.0,2.4999999999999996,2.7,5.199999999999999,-0.1999999999999993,-0.1999999999999993,-0.1999999999999993,-0.1999999999999993,HOLD,0.0,HOLD,hold:scale_blocked:edge_too_low e=-0.0100,0,0
1765562951.0891993,0.7680542625349115,0.25,-0.01805426253491138,0.5180542625349115,0.01805426253491138,5.0,5.0,0.0,2.4999999999999996,2.7,5.199999999999999,-0.1999999999999993,-0.1999999999999993,-0.1999999999999993,-0.1999999999999993,HOLD,0.0,HOLD,hold:scale_blocked:edge_too_low e=-0.0181,0,0
1765562953.0973845,0.78,0.23,-0.010000000000000009,0.55,0.010000000000000009,5.0,5.0,0.0,2.4999999999999996,2.7,5.199999999999999,-0.1999999999999993,-0.1999999999999993,-0.1999999999999993,-0.1999999999999993,HOLD,0.0,HOLD,hold:scale_blocked:edge_too_low e=-0.0100,0,0
1765562955.1056325,0.76,0.25,-0.010000000000000009,0.51,0.010000000000000009,5.0,5.0,0.0,2.4999999999999996,2.7,5.199999999999999,-0.1999999999999993,-0.1999999999999993,-0.1999999999999993,-0.1999999999999993,HOLD,0.0,HOLD,hold:scale_blocked:edge_too_low e=-0.0100,0,0
1765562957.114394,0.76,0.25,-0.010000000000000009,0.51,0.010000000000000009,5.0,5.0,0.0,2.4999999999999996,2.7,5.199999999999999,-0.1999999999999993,-0.1999999999999993,-0.1999999999999993,-0.1999999999999993,HOLD,0.0,HOLD,hold:scale_blocked:edge_too_low e=-0.0100,0,0
1765562959.1234605,0.79,0.22,-0.010000000000000009,0.5700000000000001,0.010000000000000009,5.0,5.0,0.0,2.4999999999999996,2.7,5.199999999999999,-0.1999999999999993,-0.1999999999999993,-0.1999999999999993,-0.1999999999999993,HOLD,0.0,HOLD,hold:scale_blocked:edge_too_low e=-0.0100,0,0
1765562961.1379018,0.77,0.24,-0.010000000000000009,0.53,0.010000000000000009,5.0,5.0,0.0,2.4999999999999996,2.7,5.199999999999999,-0.1999999999999993,-0.1999999999999993,-0.1999999999999993,-0.1999999999999993,HOLD,0.0,HOLD,hold:scale_blocked:edge_too_low e=-0.0100,0,0
1765562963.1481085,0.74,0.29,-0.030000000000000027,0.45,0.030000000000000027,5.0,5.0,0.0,2.4999999999999996,2.7,5.199999999999999,-0.1999999999999993,-0.1999999999999993,-0.1999999999999993,-0.1999999999999993,HOLD,0.0,HOLD,hold:scale_blocked:edge_too_low e=-0.0300,0,0
1765562965.1563778,0.78,0.24,-0.020000000000000018,0.54,0.020000000000000018,5.0,5.0,0.0,2.4999999999999996,2.7,5.199999999999999,-0.1999999999999993,-0.1999999999999993,-0.1999999999999993,-0.1999999999999993,HOLD,0.0,HOLD,hold:scale_blocked:edge_too_low e=-0.0200,0,0
1765562967.1633658,0.78,0.24,-0.020000000000000018,0.54,0.020000000000000018,5.0,5.0,0.0,2.4999999999999996,2.7,5.199999999999999,-0.1999999999999993,-0.1999999999999993,-0.1999999999999993,-0.1999999999999993,HOLD,0.0,HOLD,hold:scale_blocked:edge_too_low e=-0.0200,0,0
1765562969.1724863,0.79,0.24,-0.030000000000000027,0.55,0.030000000000000027,5.0,5.0,0.0,2.4999999999999996,2.7,5.199999999999999,-0.1999999999999993,-0.1999999999999993,-0.1999999999999993,-0.1999999999999993,HOLD,0.0,HOLD,hold:scale_blocked:edge_too_low e=-0.0300,0,0
1765562971.1812363,0.79,0.24,-0.030000000000000027,0.55,0.030000000000000027,5.0,5.0,0.0,2.4999999999999996,2.7,5.199999999999999,-0.1999999999999993,-0.1999999999999993,-0.1999999999999993,-0.1999999999999993,HOLD,0.0,HOLD,hold:scale_blocked:edge_too_low e=-0.0300,0,0
1765562973.1903405,0.76,0.26,-0.020000000000000018,0.5,0.020000000000000018,5.0,5.0,0.0,2.4999999999999996,2.7,5.199999999999999,-0.1999999999999993,-0.1999999999999993,-0.1999999999999993,-0.1999999999999993,HOLD,0.0,HOLD,hold:scale_blocked:edge_too_low e=-0.0200,0,0
1765562975.1996567,0.77,0.25,-0.020000000000000018,0.52,0.020000000000000018,5.0,5.0,0.0,2.4999999999999996,2.7,5.199999999999999,-0.1999999999999993,-0.1999999999999993,-0.1999999999999993,-0.1999999999999993,HOLD,0.0,HOLD,hold:scale_blocked:edge_too_low e=-0.0200,0,0
1765562977.2072248,0.8,0.21,-0.010000000000000009,0.5900000000000001,0.010000000000000009,5.0,5.0,0.0,2.4999999999999996,2.7,5.199999999999999,-0.1999999999999993,-0.1999999999999993,-0.1999999999999993,-0.1999999999999993,HOLD,0.0,HOLD,hold:scale_blocked:edge_too_low e=-0.0100,0,0
1765562979.2155623,0.81,0.21,-0.020000000000000018,0.6000000000000001,0.020000000000000018,5.0,5.0,0.0,2.4999999999999996,2.7,5.199999999999999,-0.1999999999999993,-0.1999999999999993,-0.1999999999999993,-0.1999999999999993,HOLD,0.0,HOLD,hold:scale_blocked:edge_too_low e=-0.0200,0,0
1765562981.2249398,0.79,0.23,-0.020000000000000018,0.56,0.020000000000000018,5.0,5.0,0.0,2.4999999999999996,2.7,5.199999999999999,-0.1999999999999993,-0.1999999999999993,-0.1999999999999993,-0.1999999999999993,HOLD,0.0,HOLD,hold:scale_blocked:edge_too_low e=-0.0200,0,0
1765562983.2337532,0.79,0.23,-0.020000000000000018,0.56,0.020000000000000018,5.0,5.0,0.0,2.4999999999999996,2.7,5.199999999999999,-0.1999999999999993,-0.1999999999999993,-0.1999999999999993,-0.1999999999999993,HOLD,0.0,HOLD,hold:scale_blocked:edge_too_low e=-0.0200,0,0
1765562985.242824,0.8,0.21,-0.010000000000000009,0.5900000000000001,0.010000000000000009,5.0,5.0,0.0,2.4999999999999996,2.7,5.199999999999999,-0.1999999999999993,-0.1999999999999993,-0.1999999999999993,-0.1999999999999993,HOLD,0.0,HOLD,hold:scale_blocked:edge_too_low e=-0.0100,0,0
1765562987.2747533,0.82,0.2,-0.020000000000000018,0.6199999999999999,0.020000000000000018,5.0,5.0,0.0,2.4999999999999996,2.7,5.199999999999999,-0.1999999999999993,-0.1999999999999993,-0.1999999999999993,-0.1999999999999993,HOLD,0.0,HOLD,hold:scale_blocked:edge_too_low e=-0.0200,0,0
1765562989.2835162,0.82,0.2,-0.020000000000000018,0.6199999999999999,0.020000000000000018,5.0,5.0,0.0,2.4999999999999996,2.7,5.199999999999999,-0.1999999999999993,-0.1999999999999993,-0.1999999999999993,-0.1999999999999993,HOLD,0.0,HOLD,hold:scale_blocked:edge_too_low e=-0.0200,0,0
1765562991.2925136,0.82,0.19672131147540986,-0.016721311475409895,0.6232786885245901,0.016721311475409895,5.0,5.0,0.0,2.4999999999999996,2.7,5.199999999999999,-0.1999999999999993,-0.1999999999999993,-0.1999999999999993,-0.1999999999999993,HOLD,0.0,HOLD,hold:scale_blocked:edge_too_low e=-0.0167,0,0
1765562993.300849,0.82,0.2,-0.020000000000000018,0.6199999999999999,0.020000000000000018,5.0,5.0,0.0,2.4999999999999996,2.7,5.199999999999999,-0.1999999999999993,-0.1999999999999993,-0.1999999999999993,-0.1999999999999993,HOLD,0.0,HOLD,hold:scale_blocked:edge_too_low e=-0.0200,0,0
1765562995.3097937,0.8,0.22,-0.020000000000000018,0.5800000000000001,0.020000000000000018,5.0,5.0,0.0,2.4999999999999996,2.7,5.199999999999999,-0.1999999999999993,-0.1999999999999993,-0.1999999999999993,-0.1999999999999993,HOLD,0.0,HOLD,hold:scale_blocked:edge_too_low e=-0.0200,0,0
1765562997.339069,0.77,0.25,-0.020000000000000018,0.52,0.020000000000000018,5.0,5.0,0.0,2.4999999999999996,2.7,5.199999999999999,-0.1999999999999993,-0.1999999999999993,-0.1999999999999993,-0.1999999999999993,HOLD,0.0,HOLD,hold:scale_blocked:edge_too_low e=-0.0200,0,0
1765562999.3600376,0.76,0.25,-0.010000000000000009,0.51,0.010000000000000009,5.0,5.0,0.0,2.4999999999999996,2.7,5.199999999999999,-0.1999999999999993,-0.1999999999999993,-0.1999999999999993,-0.1999999999999993,HOLD,0.0,HOLD,hold:scale_blocked:edge_too_low e=-0.0100,0,0
1765563001.3690917,0.77,0.26,-0.030000000000000027,0.51,0.030000000000000027,5.0,5.0,0.0,2.4999999999999996,2.7,5.199999999999999,-0.1999999999999993,-0.1999999999999993,-0.1999999999999993,-0.1999999999999993,HOLD,0.0,HOLD,hold:scale_blocked:edge_too_low e=-0.0300,0,0
1765563003.3780084,0.74,0.28,-0.020000000000000018,0.45999999999999996,0.020000000000000018,5.0,5.0,0.0,2.4999999999999996,2.7,5.199999999999999,-0.1999999999999993,-0.1999999999999993,-0.1999999999999993,-0.1999999999999993,HOLD,0.0,HOLD,hold:scale_blocked:edge_too_low e=-0.0200,0,0
1765563005.385964,0.7299999999999999,0.28,-0.009999999999999787,0.44999999999999984,0.009999999999999787,5.0,5.0,0.0,2.4999999999999996,2.7,5.199999999999999,-0.1999999999999993,-0.1999999999999993,-0.1999999999999993,-0.1999999999999993,HOLD,0.0,HOLD,hold:scale_blocked:edge_too_low e=-0.0100,0,0
1765563007.397135,0.7299999999999999,0.28,-0.009999999999999787,0.44999999999999984,0.009999999999999787,5.0,5.0,0.0,2.4999999999999996,2.7,5.199999999999999,-0.1999999999999993,-0.1999999999999993,-0.1999999999999993,-0.1999999999999993,HOLD,0.0,HOLD,hold:scale_blocked:edge_too_low e=-0.0100,0,0
1765563009.4060493,0.7299999999999999,0.28,-0.009999999999999787,0.44999999999999984,0.009999999999999787,5.0,5.0,0.0,2.4999999999999996,2.7,5.199999999999999,-0.1999999999999993,-0.1999999999999993,-0.1999999999999993,-0.1999999999999993,HOLD,0.0,HOLD,hold:scale_blocked:edge_too_low e=-0.0100,0,0
1765563011.4171047,0.7299999999999999,0.28,-0.009999999999999787,0.44999999999999984,0.009999999999999787,5.0,5.0,0.0,2.4999999999999996,2.7,5.199999999999999,-0.1999999999999993,-0.1999999999999993,-0.1999999999999993,-0.1999999999999993,HOLD,0.0,HOLD,hold:scale_blocked:edge_too_low e=-0.0100,0,0
1765563013.4255598,0.72,0.3,-0.020000000000000018,0.42,0.020000000000000018,5.0,5.0,0.0,2.4999999999999996,2.7,5.199999999999999,-0.1999999999999993,-0.1999999999999993,-0.1999999999999993,-0.1999999999999993,HOLD,0.0,HOLD,hold:scale_blocked:edge_too_low e=-0.0200,0,0
1765563015.433472,0.72,0.2950819672131147,-0.015081967213114611,0.4249180327868853,0.015081967213114611,5.0,5.0,0.0,2.4999999999999996,2.7,5.199999999999999,-0.1999999999999993,-0.1999999999999993,-0.1999999999999993,-0.1999999999999993,HOLD,0.0,HOLD,hold:scale_blocked:edge_too_low e=-0.0151,0,0
1765563017.4436467,0.72,0.3,-0.020000000000000018,0.42,0.020000000000000018,5.0,5.0,0.0,2.4999999999999996,2.7,5.199999999999999,-0.1999999999999993,-0.1999999999999993,-0.1999999999999993,-0.1999999999999993,HOLD,0.0,HOLD,hold:scale_blocked:edge_too_low e=-0.0200,0,0
1765563019.455795,0.74,0.2806451612903226,-0.020645161290322456,0.4593548387096774,0.020645161290322456,5.0,5.0,0.0,2.4999999999999996,2.7,5.199999999999999,-0.1999999999999993,-0.1999999999999993,-0.1999999999999993,-0.1999999999999993,HOLD,0.0,HOLD,hold:scale_blocked:edge_too_low e=-0.0206,0,0
1765563021.4672525,0.7299999999999999,0.3,-0.029999999999999805,0.4299999999999999,0.029999999999999805,5.0,5.0,0.0,2.4999999999999996,2.7,5.199999999999999,-0.1999999999999993,-0.1999999999999993,-0.1999999999999993,-0.1999999999999993,HOLD,0.0,HOLD,hold:scale_blocked:edge_too_low e=-0.0300,0,0
1765563023.4769459,0.7299999999999999,0.28,-0.009999999999999787,0.44999999999999984,0.009999999999999787,5.0,5.0,0.0,2.4999999999999996,2.7,5.199999999999999,-0.1999999999999993,-0.1999999999999993,-0.1999999999999993,-0.1999999999999993,HOLD,0.0,HOLD,hold:scale_blocked:edge_too_low e=-0.0100,0,0
1765563025.4862916,0.75,0.26,-0.010000000000000009,0.49,0.010000000000000009,5.0,5.0,0.0,2.4999999999999996,2.7,5.199999999999999,-0.1999999999999993,-0.1999999999999993,-0.1999999999999993,-0.1999999999999993,HOLD,0.0,HOLD,hold:scale_blocked:edge_too_low e=-0.0100,0,0
1765563027.495509,0.78,0.24,-0.020000000000000018,0.54,0.020000000000000018,5.0,5.0,0.0,2.4999999999999996,2.7,5.199999999999999,-0.1999999999999993,-0.1999999999999993,-0.1999999999999993,-0.1999999999999993,HOLD,0.0,HOLD,hold:scale_blocked:edge_too_low e=-0.0200,0,0
1765563029.514826,0.78,0.23,-0.010000000000000009,0.55,0.010000000000000009,5.0,5.0,0.0,2.4999999999999996,2.7,5.199999999999999,-0.1999999999999993,-0.1999999999999993,-0.1999999999999993,-0.1999999999999993,HOLD,0.0,HOLD,hold:scale_blocked:edge_too_low e=-0.0100,0,0
1765563031.5241773,0.83,0.22,-0.050000000000000044,0.61,0.050000000000000044,5.0,5.0,0.0,2.4999999999999996,2.7,5.199999999999999,-0.1999999999999993,-0.1999999999999993,-0.1999999999999993,-0.1999999999999993,HOLD,0.0,HOLD,hold:scale_blocked:edge_too_low e=-0.0500,0,0
1765563033.5344276,0.79,0.22,-0.010000000000000009,0.5700000000000001,0.010000000000000009,5.0,5.0,0.0,2.4999999999999996,2.7,5.199999999999999,-0.1999999999999993,-0.1999999999999993,-0.1999999999999993,-0.1999999999999993,HOLD,0.0,HOLD,hold:scale_blocked:edge_too_low e=-0.0100,0,0
1765563035.5443122,0.82,0.2,-0.020000000000000018,0.6199999999999999,0.020000000000000018,5.0,5.0,0.0,2.4999999999999996,2.7,5.199999999999999,-0.1999999999999993,-0.1999999999999993,-0.1999999999999993,-0.1999999999999993,HOLD,0.0,HOLD,hold:scale_blocked:edge_too_low e=-0.0200,0,0
1765563037.5527313,0.8,0.21,-0.010000000000000009,0.5900000000000001,0.010000000000000009,5.0,5.0,0.0,2.4999999999999996,2.7,5.199999999999999,-0.1999999999999993,-0.1999999999999993,-0.1999999999999993,-0.1999999999999993,HOLD,0.0,HOLD,hold:scale_blocked:edge_too_low e=-0.0100,0,0
1765563039.561068,0.79,0.22,-0.010000000000000009,0.5700000000000001,0.010000000000000009,5.0,5.0,0.0,2.4999999999999996,2.7,5.199999999999999,-0.1999999999999993,-0.1999999999999993,-0.1999999999999993,-0.1999999999999993,HOLD,0.0,HOLD,hold:scale_blocked:edge_too_low e=-0.0100,0,0
1765563041.570016,0.79,0.22,-0.010000000000000009,0.5700000000000001,0.010000000000000009,5.0,5.0,0.0,2.4999999999999996,2.7,5.199999999999999,-0.1999999999999993,-0.1999999999999993,-0.1999999999999993,-0.1999999999999993,HOLD,0.0,HOLD,hold:scale_blocked:edge_too_low e=-0.0100,0,0
1765563043.6081302,0.78,0.23,-0.010000000000000009,0.55,0.010000000000000009,5.0,5.0,0.0,2.4999999999999996,2.7,5.199999999999999,-0.1999999999999993,-0.1999999999999993,-0.1999999999999993,-0.1999999999999993,HOLD,0.0,HOLD,hold:scale_blocked:edge_too_low e=-0.0100,0,0
1765563045.6210718,0.76,0.25343600740812944,-0.013436007408129447,0.5065639925918706,0.013436007408129447,5.0,5.0,0.0,2.4999999999999996,2.7,5.199999999999999,-0.1999999999999993,-0.1999999999999993,-0.1999999999999993,-0.1999999999999993,HOLD,0.0,HOLD,hold:scale_blocked:edge_too_low e=-0.0134,0,0
1765563047.6291218,0.76,0.26,-0.020000000000000018,0.5,0.020000000000000018,5.0,5.0,0.0,2.4999999999999996,2.7,5.199999999999999,-0.1999999999999993,-0.1999999999999993,-0.1999999999999993,-0.1999999999999993,HOLD,0.0,HOLD,hold:scale_blocked:edge_too_low e=-0.0200,0,0
1765563049.638454,0.74,0.27,-0.010000000000000009,0.47,0.010000000000000009,5.0,5.0,0.0,2.4999999999999996,2.7,5.199999999999999,-0.1999999999999993,-0.1999999999999993,-0.1999999999999993,-0.1999999999999993,HOLD,0.0,HOLD,hold:scale_blocked:edge_too_low e=-0.0100,0,0
1765563051.6464374,0.74,0.28,-0.020000000000000018,0.45999999999999996,0.020000000000000018,5.0,5.0,0.0,2.4999999999999996,2.7,5.199999999999999,-0.1999999999999993,-0.1999999999999993,-0.1999999999999993,-0.1999999999999993,HOLD,0.0,HOLD,hold:scale_blocked:edge_too_low e=-0.0200,0,0
1765563053.6558762,0.7413509060955519,0.27,-0.011350906095551894,0.47135090609555186,0.011350906095551894,5.0,5.0,0.0,2.4999999999999996,2.7,5.199999999999999,-0.1999999999999993,-0.1999999999999993,-0.1999999999999993,-0.1999999999999993,HOLD,0.0,HOLD,hold:scale_blocked:edge_too_low e=-0.0114,0,0
1765563055.66506,0.75,0.26,-0.010000000000000009,0.49,0.010000000000000009,5.0,5.0,0.0,2.4999999999999996,2.7,5.199999999999999,-0.1999999999999993,-0.1999999999999993,-0.1999999999999993,-0.1999999999999993,HOLD,0.0,HOLD,hold:scale_blocked:edge_too_low e=-0.0100,0,0
1765563057.6749017,0.75,0.2655737704918033,-0.015573770491803307,0.4844262295081967,0.015573770491803307,5.0,5.0,0.0,2.4999999999999996,2.7,5.199999999999999,-0.1999999999999993,-0.1999999999999993,-0.1999999999999993,-0.1999999999999993,HOLD,0.0,HOLD,hold:scale_blocked:edge_too_low e=-0.0156,0,0
1765563059.6839666,0.78,0.24,-0.020000000000000018,0.54,0.020000000000000018,5.0,5.0,0.0,2.4999999999999996,2.7,5.199999999999999,-0.1999999999999993,-0.1999999999999993,-0.1999999999999993,-0.1999999999999993,HOLD,0.0,HOLD,hold:scale_blocked:edge_too_low e=-0.0200,0,0
1765563061.695158,0.8070408502158751,0.21,-0.017040850215875203,0.5970408502158752,0.017040850215875203,5.0,5.0,0.0,2.4999999999999996,2.7,5.199999999999999,-0.1999999999999993,-0.1999999999999993,-0.1999999999999993,-0.1999999999999993,HOLD,0.0,HOLD,hold:scale_blocked:edge_too_low e=-0.0170,0,0
1765563063.7026312,0.8097031088600847,0.22,-0.02970310886008476,0.5897031088600847,0.02970310886008476,5.0,5.0,0.0,2.4999999999999996,2.7,5.199999999999999,-0.1999999999999993,-0.1999999999999993,-0.1999999999999993,-0.1999999999999993,HOLD,0.0,HOLD,hold:scale_blocked:edge_too_low e=-0.0297,0,0
1765563065.7121663,0.76,0.26,-0.020000000000000018,0.5,0.020000000000000018,5.0,5.0,0.0,2.4999999999999996,2.7,5.199999999999999,-0.1999999999999993,-0.1999999999999993,-0.1999999999999993,-0.1999999999999993,HOLD,0.0,HOLD,hold:scale_blocked:edge_too_low e=-0.0200,0,0
1765563067.722095,0.74,0.27,-0.010000000000000009,0.47,0.010000000000000009,5.0,5.0,0.0,2.4999999999999996,2.7,5.199999999999999,-0.1999999999999993,-0.1999999999999993,-0.1999999999999993,-0.1999999999999993,HOLD,0.0,HOLD,hold:scale_blocked:edge_too_low e=-0.0100,0,0
1765563069.7689672,0.75,0.26,-0.010000000000000009,0.49,0.010000000000000009,5.0,5.0,0.0,2.4999999999999996,2.7,5.199999999999999,-0.1999999999999993,-0.1999999999999993,-0.1999999999999993,-0.1999999999999993,HOLD,0.0,HOLD,hold:scale_blocked:edge_too_low e=-0.0100,0,0
1765563071.7803235,0.76,0.26,-0.020000000000000018,0.5,0.020000000000000018,5.0,5.0,0.0,2.4999999999999996,2.7,5.199999999999999,-0.1999999999999993,-0.1999999999999993,-0.1999999999999993,-0.1999999999999993,HOLD,0.0,HOLD,hold:scale_blocked:edge_too_low e=-0.0200,0,0
1765563073.7906828,0.76,0.26,-0.020000000000000018,0.5,0.020000000000000018,5.0,5.0,0.0,2.4999999999999996,2.7,5.199999999999999,-0.1999999999999993,-0.1999999999999993,-0.1999999999999993,-0.1999999999999993,HOLD,0.0,HOLD,hold:scale_blocked:edge_too_low e=-0.0200,0,0
1765563075.8030493,0.78,0.26,-0.040000000000000036,0.52,0.040000000000000036,5.0,5.0,0.0,2.4999999999999996,2.7,5.199999999999999,-0.1999999999999993,-0.1999999999999993,-0.1999999999999993,-0.1999999999999993,HOLD,0.0,HOLD,hold:scale_blocked:edge_too_low e=-0.0400,0,0
1765563077.8122222,0.82,0.21,-0.030000000000000027,0.61,0.030000000000000027,5.0,5.0,0.0,2.4999999999999996,2.7,5.199999999999999,-0.1999999999999993,-0.1999999999999993,-0.1999999999999993,-0.1999999999999993,HOLD,0.0,HOLD,hold:scale_blocked:edge_too_low e=-0.0300,0,0
1765563079.8225398,0.81,0.20655737704918034,-0.016557377049180477,0.6034426229508197,0.016557377049180477,5.0,5.0,0.0,2.4999999999999996,2.7,5.199999999999999,-0.1999999999999993,-0.1999999999999993,-0.1999999999999993,-0.1999999999999993,HOLD,0.0,HOLD,hold:scale_blocked:edge_too_low e=-0.0166,0,0
1765563081.831908,0.81,0.2,-0.010000000000000009,0.6100000000000001,0.010000000000000009,5.0,5.0,0.0,2.4999999999999996,2.7,5.199999999999999,-0.1999999999999993,-0.1999999999999993,-0.1999999999999993,-0.1999999999999993,HOLD,0.0,HOLD,hold:scale_blocked:edge_too_low e=-0.0100,0,0
1765563083.8407187,0.83,0.2,-0.030000000000000027,0.6299999999999999,0.030000000000000027,5.0,5.0,0.0,2.4999999999999996,2.7,5.199999999999999,-0.1999999999999993,-0.1999999999999993,-0.1999999999999993,-0.1999999999999993,HOLD,0.0,HOLD,hold:scale_blocked:edge_too_low e=-0.0300,0,0
1765563085.8495767,0.89,0.16,-0.050000000000000044,0.73,0.050000000000000044,5.0,5.0,0.0,2.4999999999999996,2.7,5.199999999999999,-0.1999999999999993,-0.1999999999999993,-0.1999999999999993,-0.1999999999999993,HOLD,0.0,HOLD,hold:scale_blocked:edge_too_low e=-0.0500,0,0
1765563087.8589556,0.87,0.15,-0.020000000000000018,0.72,0.020000000000000018,5.0,5.0,0.0,2.4999999999999996,2.7,5.199999999999999,-0.1999999999999993,-0.1999999999999993,-0.1999999999999993,-0.1999999999999993,HOLD,0.0,HOLD,hold:scale_blocked:edge_too_low e=-0.0200,0,0
1765563089.8722832,0.88,0.15,-0.030000000000000027,0.73,0.030000000000000027,5.0,5.0,0.0,2.4999999999999996,2.7,5.199999999999999,-0.1999999999999993,-0.1999999999999993,-0.1999999999999993,-0.1999999999999993,HOLD,0.0,HOLD,hold:scale_blocked:edge_too_low e=-0.0300,0,0
1765563091.8824215,0.82,0.2,-0.020000000000000018,0.6199999999999999,0.020000000000000018,5.0,5.0,0.0,2.4999999999999996,2.7,5.199999999999999,-0.1999999999999993,-0.1999999999999993,-0.1999999999999993,-0.1999999999999993,HOLD,0.0,HOLD,hold:scale_blocked:edge_too_low e=-0.0200,0,0
1765563093.890493,0.8,0.21,-0.010000000000000009,0.5900000000000001,0.010000000000000009,5.0,5.0,0.0,2.4999999999999996,2.7,5.199999999999999,-0.1999999999999993,-0.1999999999999993,-0.1999999999999993,-0.1999999999999993,HOLD,0.0,HOLD,hold:scale_blocked:edge_too_low e=-0.0100,0,0
1765563095.9010122,0.8,0.22,-0.020000000000000018,0.5800000000000001,0.020000000000000018,5.0,5.0,0.0,2.4999999999999996,2.7,5.199999999999999,-0.1999999999999993,-0.1999999999999993,-0.1999999999999993,-0.1999999999999993,HOLD,0.0,HOLD,hold:scale_blocked:edge_too_low e=-0.0200,0,0
1765563097.911772,0.81,0.22,-0.030000000000000027,0.5900000000000001,0.030000000000000027,5.0,5.0,0.0,2.4999999999999996,2.7,5.199999999999999,-0.1999999999999993,-0.1999999999999993,-0.1999999999999993,-0.1999999999999993,HOLD,0.0,HOLD,hold:scale_blocked:edge_too_low e=-0.0300,0,0
1765563099.920569,0.77,0.24,-0.010000000000000009,0.53,0.010000000000000009,5.0,5.0,0.0,2.4999999999999996,2.7,5.199999999999999,-0.1999999999999993,-0.1999999999999993,-0.1999999999999993,-0.1999999999999993,HOLD,0.0,HOLD,hold:scale_blocked:edge_too_low e=-0.0100,0,0
1765563101.9313736,0.8,0.24,-0.040000000000000036,0.56,0.040000000000000036,5.0,5.0,0.0,2.4999999999999996,2.7,5.199999999999999,-0.1999999999999993,-0.1999999999999993,-0.1999999999999993,-0.1999999999999993,HOLD,0.0,HOLD,hold:scale_blocked:edge_too_low e=-0.0400,0,0
1765563103.9400842,0.82,0.21,-0.030000000000000027,0.61,0.030000000000000027,5.0,5.0,0.0,2.4999999999999996,2.7,5.199999999999999,-0.1999999999999993,-0.1999999999999993,-0.1999999999999993,-0.1999999999999993,HOLD,0.0,HOLD,hold:scale_blocked:edge_too_low e=-0.0300,0,0
1765563105.9504876,0.82,0.21,-0.030000000000000027,0.61,0.030000000000000027,5.0,5.0,0.0,2.4999999999999996,2.7,5.199999999999999,-0.1999999999999993,-0.1999999999999993,-0.1999999999999993,-0.1999999999999993,HOLD,0.0,HOLD,hold:scale_blocked:edge_too_low e=-0.0300,0,0
1765563107.9587014,0.81,0.22,-0.030000000000000027,0.5900000000000001,0.030000000000000027,5.0,5.0,0.0,2.4999999999999996,2.7,5.199999999999999,-0.1999999999999993,-0.1999999999999993,-0.1999999999999993,-0.1999999999999993,HOLD,0.0,HOLD,hold:scale_blocked:edge_too_low e=-0.0300,0,0
1765563109.9671698,0.81,0.22,-0.030000000000000027,0.5900000000000001,0.030000000000000027,5.0,5.0,0.0,2.4999999999999996,2.7,5.199999999999999,-0.1999999999999993,-0.1999999999999993,-0.1999999999999993,-0.1999999999999993,HOLD,0.0,HOLD,hold:scale_blocked:edge_too_low e=-0.0300,0,0
1765563111.978282,0.81,0.21639344262295082,-0.026393442622950847,0.5936065573770493,0.026393442622950847,5.0,5.0,0.0,2.4999999999999996,2.7,5.199999999999999,-0.1999999999999993,-0.1999999999999993,-0.1999999999999993,-0.1999999999999993,HOLD,0.0,HOLD,hold:scale_blocked:edge_too_low e=-0.0264,0,0
1765563113.989158,0.83,0.18,-0.010000000000000009,0.6499999999999999,0.010000000000000009,5.0,5.0,0.0,2.4999999999999996,2.7,5.199999999999999,-0.1999999999999993,-0.1999999999999993,-0.1999999999999993,-0.1999999999999993,HOLD,0.0,HOLD,hold:scale_blocked:edge_too_low e=-0.0100,0,0
1765563115.99797,0.84,0.17,-0.010000000000000009,0.6699999999999999,0.010000000000000009,5.0,5.0,0.0,2.4999999999999996,2.7,5.199999999999999,-0.1999999999999993,-0.1999999999999993,-0.1999999999999993,-0.1999999999999993,HOLD,0.0,HOLD,hold:scale_blocked:edge_too_low e=-0.0100,0,0
1765563118.0080147,0.85,0.17,-0.020000000000000018,0.6799999999999999,0.020000000000000018,5.0,5.0,0.0,2.4999999999999996,2.7,5.199999999999999,-0.1999999999999993,-0.1999999999999993,-0.1999999999999993,-0.1999999999999993,HOLD,0.0,HOLD,hold:scale_blocked:edge_too_low e=-0.0200,0,0
1765563120.018176,0.84,0.18,-0.020000000000000018,0.6599999999999999,0.020000000000000018,5.0,5.0,0.0,2.4999999999999996,2.7,5.199999999999999,-0.1999999999999993,-0.1999999999999993,-0.1999999999999993,-0.1999999999999993,HOLD,0.0,HOLD,hold:scale_blocked:edge_too_low e=-0.0200,0,0
1765563122.028829,0.95,0.06,-0.010000000000000009,0.8899999999999999,0.010000000000000009,5.0,5.0,0.0,2.4999999999999996,2.7,5.199999999999999,-0.1999999999999993,-0.1999999999999993,-0.1999999999999993,-0.1999999999999993,HOLD,0.0,HOLD,hold:scale_blocked:edge_too_low e=-0.0100,0,0
1765563124.0393178,0.97,0.04390243902439025,-0.013902439024390256,0.9260975609756097,0.013902439024390256,5.0,5.0,0.0,2.4999999999999996,2.7,5.199999999999999,-0.1999999999999993,-0.1999999999999993,-0.1999999999999993,-0.1999999999999993,HOLD,0.0,HOLD,hold:scale_blocked:edge_too_low e=-0.0139,0,0
1765563126.0500393,0.9800000000000001,0.03,-0.010000000000000009,0.9500000000000001,0.010000000000000009,5.0,5.0,0.0,2.4999999999999996,2.7,5.199999999999999,-0.1999999999999993,-0.1999999999999993,-0.1999999999999993,-0.1999999999999993,HOLD,0.0,HOLD,hold:scale_blocked:edge_too_low e=-0.0100,0,0
1765563128.0590038,0.9800000000000001,0.03,-0.010000000000000009,0.9500000000000001,0.010000000000000009,5.0,5.0,0.0,2.4999999999999996,2.7,5.199999999999999,-0.1999999999999993,-0.1999999999999993,-0.1999999999999993,-0.1999999999999993,HOLD,0.0,HOLD,hold:scale_blocked:edge_too_low e=-0.0100,0,0
1765563130.0673094,0.9800000000000001,0.03,-0.010000000000000009,0.9500000000000001,0.010000000000000009,5.0,5.0,0.0,2.4999999999999996,2.7,5.199999999999999,-0.1999999999999993,-0.1999999999999993,-0.1999999999999993,-0.1999999999999993,HOLD,0.0,HOLD,hold:scale_blocked:edge_too_low e=-0.0100,0,0
1765563132.0773427,0.9800000000000001,0.03,-0.010000000000000009,0.9500000000000001,0.010000000000000009,5.0,5.0,0.0,2.4999999999999996,2.7,5.199999999999999,-0.1999999999999993,-0.1999999999999993,-0.1999999999999993,-0.1999999999999993,HOLD,0.0,HOLD,hold:scale_blocked:edge_too_low e=-0.0100,0,0
1765563134.0902987,0.99,0.03,-0.020000000000000018,0.96,0.020000000000000018,5.0,5.0,0.0,2.4999999999999996,2.7,5.199999999999999,-0.1999999999999993,-0.1999999999999993,-0.1999999999999993,-0.1999999999999993,HOLD,0.0,HOLD,hold:scale_blocked:edge_too_low e=-0.0200,0,0
1765563136.1026876,0.99,0.02,-0.010000000000000009,0.97,0.010000000000000009,5.0,5.0,0.0,2.4999999999999996,2.7,5.199999999999999,-0.1999999999999993,-0.1999999999999993,-0.1999999999999993,-0.1999999999999993,HOLD,0.0,HOLD,hold:scale_blocked:edge_too_low e=-0.0100,0,0
1765563138.112671,0.99,0.02,-0.010000000000000009,0.97,0.010000000000000009,5.0,5.0,0.0,2.4999999999999996,2.7,5.199999999999999,-0.1999999999999993,-0.1999999999999993,-0.1999999999999993,-0.1999999999999993,HOLD,0.0,HOLD,hold:scale_blocked:edge_too_low e=-0.0100,0,0
1765563140.1221392,0.99,0.02,-0.010000000000000009,0.97,0.010000000000000009,5.0,5.0,0.0,2.4999999999999996,2.7,5.199999999999999,-0.1999999999999993,-0.1999999999999993,-0.1999999999999993,-0.1999999999999993,HOLD,0.0,HOLD,hold:scale_blocked:edge_too_low e=-0.0100,0,0
1765563142.1311164,0.99,0.02,-0.010000000000000009,0.97,0.010000000000000009,5.0,5.0,0.0,2.4999999999999996,2.7,5.199999999999999,-0.1999999999999993,-0.1999999999999993,-0.1999999999999993,-0.1999999999999993,HOLD,0.0,HOLD,hold:scale_blocked:edge_too_low e=-0.0100,0,0
1765563144.1394958,0.99,0.02,-0.010000000000000009,0.97,0.010000000000000009,5.0,5.0,0.0,2.4999999999999996,2.7,5.199999999999999,-0.1999999999999993,-0.1999999999999993,-0.1999999999999993,-0.1999999999999993,HOLD,0.0,HOLD,hold:scale_blocked:edge_too_low e=-0.0100,0,0
1765563146.1485686,0.99,0.02,-0.010000000000000009,0.97,0.010000000000000009,5.0,5.0,0.0,2.4999999999999996,2.7,5.199999999999999,-0.1999999999999993,-0.1999999999999993,-0.1999999999999993,-0.1999999999999993,HOLD,0.0,HOLD,hold:scale_blocked:edge_too_low e=-0.0100,0,0
