2025-12-14 15:18:42,947 [INFO] --- GABAGOOL LITE INITIALIZATION ---
2025-12-14 15:18:42,947 [ERROR] Failed to init client: Toutes les clés d'authentification sont requises pour le live trading
2025-12-14 15:21:17,884 [INFO] --- GABAGOOL LITE INITIALIZATION ---
2025-12-14 15:21:17,884 [ERROR] Failed to init client: Toutes les clés d'authentification sont requises pour le live trading
2025-12-14 15:21:31,636 [INFO] --- GABAGOOL LITE INITIALIZATION ---
2025-12-14 15:21:31,637 [ERROR] Failed to init client: Toutes les clés d'authentification sont requises pour le live trading
2025-12-14 15:21:59,941 [INFO] --- GABAGOOL LITE INITIALIZATION ---
2025-12-14 15:21:59,942 [ERROR] Failed to init client: Toutes les clés d'authentification sont requises pour le live trading
2025-12-14 15:24:20,518 [INFO] --- GABAGOOL LITE INITIALIZATION ---
2025-12-14 15:24:20,518 [ERROR] Failed to init client: Toutes les clés d'authentification sont requises pour le live trading
2025-12-14 15:25:41,689 [INFO] --- GABAGOOL LITE INITIALIZATION ---
2025-12-14 15:25:41,689 [ERROR] Failed to init client: ClobClient.__init__() got an unexpected keyword argument 'secret'
2025-12-14 15:27:23,326 [INFO] --- GABAGOOL LITE INITIALIZATION ---
2025-12-14 15:27:23,376 [WARNING] MODE LIVE - ORDRES RÉELS POSSIBLES
2025-12-14 15:27:23,376 [INFO] API Client Authenticated.
2025-12-14 15:27:23,376 [INFO] Scanning for active markets...
2025-12-14 15:28:03,528 [INFO] --- GABAGOOL LITE INITIALIZATION ---
2025-12-14 15:28:03,532 [INFO] [ALERT] CLOB client authentifié initialisé sur https://clob.polymarket.com
2025-12-14 15:28:03,532 [WARNING] MODE LIVE - ORDRES RÉELS POSSIBLES
2025-12-14 15:28:03,532 [INFO] API Client Authenticated.
2025-12-14 15:28:03,532 [INFO] Scanning for active markets...
2025-12-14 15:28:06,498 [INFO] Tracking: btc-updown-15m-1765721700
2025-12-14 15:28:06,498 [INFO] Tracking: eth-updown-15m-1765721700
2025-12-14 15:28:06,498 [INFO] Tracking: sol-updown-15m-1765721700
2025-12-14 15:28:06,498 [INFO] Tracking: xrp-updown-15m-1765721700
2025-12-14 15:28:06,498 [INFO] Orchestrator initialized with 4 markets.
2025-12-14 15:28:06,498 [ERROR] Pos fetch error: 'ClobClient' object has no attribute 'get_positions'
2025-12-14 15:28:06,938 [INFO] HTTP Request: GET https://clob.polymarket.com/book?token_id=46679816185945077014913661023491876467711904282286595479933481346456389386885 "HTTP/2 200 OK"
2025-12-14 15:28:07,155 [INFO] HTTP Request: GET https://clob.polymarket.com/book?token_id=46679816185945077014913661023491876467711904282286595479933481346456389386885 "HTTP/2 200 OK"
2025-12-14 15:28:07,377 [INFO] HTTP Request: GET https://clob.polymarket.com/book?token_id=4792224800677570320576973261889244329428750092921083395006163963440792360493 "HTTP/2 200 OK"
2025-12-14 15:28:07,593 [INFO] HTTP Request: GET https://clob.polymarket.com/book?token_id=44316503305605435709510739784276208173255173127838816335321094807646610063642 "HTTP/2 200 OK"
2025-12-14 15:28:07,802 [INFO] HTTP Request: GET https://clob.polymarket.com/book?token_id=44316503305605435709510739784276208173255173127838816335321094807646610063642 "HTTP/2 200 OK"
2025-12-14 15:28:08,035 [INFO] HTTP Request: GET https://clob.polymarket.com/book?token_id=49722100013097957872893225423595747429530673517995056560681762844294183456166 "HTTP/2 200 OK"
2025-12-14 15:28:08,246 [INFO] HTTP Request: GET https://clob.polymarket.com/book?token_id=64043476157580755954217119116553475411220354894386988551726693580514850568057 "HTTP/2 200 OK"
2025-12-14 15:28:08,474 [INFO] HTTP Request: GET https://clob.polymarket.com/book?token_id=64043476157580755954217119116553475411220354894386988551726693580514850568057 "HTTP/2 200 OK"
2025-12-14 15:28:08,710 [INFO] HTTP Request: GET https://clob.polymarket.com/book?token_id=49679805062045305473020917967713139815326885854649709885045546752573760157666 "HTTP/2 200 OK"
2025-12-14 15:28:08,930 [INFO] HTTP Request: GET https://clob.polymarket.com/book?token_id=36254606176279867786519964882562103031616815374351153388858084664953569258194 "HTTP/2 200 OK"
2025-12-14 15:28:09,143 [INFO] HTTP Request: GET https://clob.polymarket.com/book?token_id=36254606176279867786519964882562103031616815374351153388858084664953569258194 "HTTP/2 200 OK"
2025-12-14 15:28:09,351 [INFO] HTTP Request: GET https://clob.polymarket.com/book?token_id=94145368637400137377529205986687461890556397376675217840867215401350248112202 "HTTP/2 200 OK"
2025-12-14 15:28:09,351 [ERROR] [btc-updown-15m-1765721700] Failed to fetch orders: ClobClient.get_orders() got an unexpected keyword argument 'token_id'
2025-12-14 15:28:09,352 [ERROR] [eth-updown-15m-1765721700] Failed to fetch orders: ClobClient.get_orders() got an unexpected keyword argument 'token_id'
2025-12-14 15:28:09,352 [INFO] [eth-updown-15m-1765721700] IDLE | T-111s
  YES: bid=0.000 ask=0.990 | NO: bid=0.010 ask=0.000
  q_yes=0.00 q_no=0.00 | avg_yes=0.000 avg_no=0.000
  exposure=$0.00 | mtm_pnl=$+0.00 | locked=$-0.00
  exposure=$0.00 | mtm_pnl=$+0.00 | locked=$-0.00
  orders: 0 | fills: 0 ()
2025-12-14 15:28:09,352 [ERROR] [sol-updown-15m-1765721700] Failed to fetch orders: ClobClient.get_orders() got an unexpected keyword argument 'token_id'
2025-12-14 15:28:09,352 [ERROR] [xrp-updown-15m-1765721700] Failed to fetch orders: ClobClient.get_orders() got an unexpected keyword argument 'token_id'
2025-12-14 15:28:09,453 [ERROR] Pos fetch error: 'ClobClient' object has no attribute 'get_positions'
2025-12-14 15:28:09,661 [INFO] HTTP Request: GET https://clob.polymarket.com/book?token_id=46679816185945077014913661023491876467711904282286595479933481346456389386885 "HTTP/2 200 OK"
2025-12-14 15:28:09,876 [INFO] HTTP Request: GET https://clob.polymarket.com/book?token_id=46679816185945077014913661023491876467711904282286595479933481346456389386885 "HTTP/2 200 OK"
2025-12-14 15:28:10,104 [INFO] HTTP Request: GET https://clob.polymarket.com/book?token_id=4792224800677570320576973261889244329428750092921083395006163963440792360493 "HTTP/2 200 OK"
2025-12-14 15:28:10,341 [INFO] HTTP Request: GET https://clob.polymarket.com/book?token_id=44316503305605435709510739784276208173255173127838816335321094807646610063642 "HTTP/2 200 OK"
2025-12-14 15:28:10,556 [INFO] HTTP Request: GET https://clob.polymarket.com/book?token_id=44316503305605435709510739784276208173255173127838816335321094807646610063642 "HTTP/2 200 OK"
2025-12-14 15:28:10,774 [INFO] HTTP Request: GET https://clob.polymarket.com/book?token_id=49722100013097957872893225423595747429530673517995056560681762844294183456166 "HTTP/2 200 OK"
2025-12-14 15:28:11,004 [INFO] HTTP Request: GET https://clob.polymarket.com/book?token_id=64043476157580755954217119116553475411220354894386988551726693580514850568057 "HTTP/2 200 OK"
2025-12-14 15:28:11,269 [INFO] HTTP Request: GET https://clob.polymarket.com/book?token_id=64043476157580755954217119116553475411220354894386988551726693580514850568057 "HTTP/2 200 OK"
2025-12-14 15:28:11,535 [INFO] HTTP Request: GET https://clob.polymarket.com/book?token_id=49679805062045305473020917967713139815326885854649709885045546752573760157666 "HTTP/2 200 OK"
2025-12-14 15:28:11,797 [INFO] HTTP Request: GET https://clob.polymarket.com/book?token_id=36254606176279867786519964882562103031616815374351153388858084664953569258194 "HTTP/2 200 OK"
2025-12-14 15:28:12,034 [INFO] HTTP Request: GET https://clob.polymarket.com/book?token_id=36254606176279867786519964882562103031616815374351153388858084664953569258194 "HTTP/2 200 OK"
2025-12-14 15:28:12,361 [INFO] HTTP Request: GET https://clob.polymarket.com/book?token_id=94145368637400137377529205986687461890556397376675217840867215401350248112202 "HTTP/2 200 OK"
2025-12-14 15:28:12,362 [ERROR] [btc-updown-15m-1765721700] Failed to fetch orders: ClobClient.get_orders() got an unexpected keyword argument 'token_id'
2025-12-14 15:28:12,362 [ERROR] [eth-updown-15m-1765721700] Failed to fetch orders: ClobClient.get_orders() got an unexpected keyword argument 'token_id'
2025-12-14 15:28:12,362 [INFO] [eth-updown-15m-1765721700] IDLE | T-109s
  YES: bid=0.000 ask=0.990 | NO: bid=0.010 ask=0.000
  q_yes=0.00 q_no=0.00 | avg_yes=0.000 avg_no=0.000
  exposure=$0.00 | mtm_pnl=$+0.00 | locked=$-0.00
  exposure=$0.00 | mtm_pnl=$+0.00 | locked=$-0.00
  orders: 0 | fills: 0 ()
2025-12-14 15:28:12,362 [ERROR] [sol-updown-15m-1765721700] Failed to fetch orders: ClobClient.get_orders() got an unexpected keyword argument 'token_id'
2025-12-14 15:28:12,362 [ERROR] [xrp-updown-15m-1765721700] Failed to fetch orders: ClobClient.get_orders() got an unexpected keyword argument 'token_id'
2025-12-14 15:28:12,464 [ERROR] Pos fetch error: 'ClobClient' object has no attribute 'get_positions'
2025-12-14 15:28:12,686 [INFO] HTTP Request: GET https://clob.polymarket.com/book?token_id=46679816185945077014913661023491876467711904282286595479933481346456389386885 "HTTP/2 200 OK"
2025-12-14 15:28:12,893 [INFO] HTTP Request: GET https://clob.polymarket.com/book?token_id=46679816185945077014913661023491876467711904282286595479933481346456389386885 "HTTP/2 200 OK"
2025-12-14 15:28:13,106 [INFO] HTTP Request: GET https://clob.polymarket.com/book?token_id=4792224800677570320576973261889244329428750092921083395006163963440792360493 "HTTP/2 200 OK"
2025-12-14 15:28:13,339 [INFO] HTTP Request: GET https://clob.polymarket.com/book?token_id=44316503305605435709510739784276208173255173127838816335321094807646610063642 "HTTP/2 200 OK"
2025-12-14 15:28:13,552 [INFO] HTTP Request: GET https://clob.polymarket.com/book?token_id=44316503305605435709510739784276208173255173127838816335321094807646610063642 "HTTP/2 200 OK"
2025-12-14 15:28:13,778 [INFO] HTTP Request: GET https://clob.polymarket.com/book?token_id=49722100013097957872893225423595747429530673517995056560681762844294183456166 "HTTP/2 200 OK"
2025-12-14 15:28:13,994 [INFO] Stopping...
2025-12-14 15:44:27,423 [INFO] --- GABAGOOL LITE INITIALIZATION ---
2025-12-14 15:44:27,428 [INFO] [ALERT] CLOB client authentifié initialisé sur https://clob.polymarket.com
2025-12-14 15:44:27,428 [WARNING] MODE LIVE - ORDRES RÉELS POSSIBLES
2025-12-14 15:44:27,428 [INFO] API Client Authenticated.
2025-12-14 15:44:27,428 [INFO] Scanning for active markets...
2025-12-14 15:44:30,275 [INFO] No active markets found matching criteria. Exiting or Sleeping.
2025-12-14 15:44:30,275 [WARNING] No markets to track.
2025-12-14 15:44:30,275 [INFO] Orchestrator initialized with 0 markets.
2025-12-14 15:46:35,210 [INFO] Stopping...
2025-12-14 15:46:38,768 [INFO] --- GABAGOOL LITE INITIALIZATION ---
2025-12-14 15:46:38,776 [INFO] [ALERT] CLOB client authentifié initialisé sur https://clob.polymarket.com
2025-12-14 15:46:38,777 [WARNING] MODE LIVE - ORDRES RÉELS POSSIBLES
2025-12-14 15:46:38,777 [INFO] API Client Authenticated.
2025-12-14 15:46:38,777 [INFO] Scanning for active markets...
2025-12-14 15:46:41,650 [INFO] Tracking: btc-updown-15m-1765723500
2025-12-14 15:46:41,650 [INFO] Tracking: eth-updown-15m-1765723500
2025-12-14 15:46:41,650 [INFO] Tracking: sol-updown-15m-1765723500
2025-12-14 15:46:41,650 [INFO] Tracking: xrp-updown-15m-1765723500
2025-12-14 15:46:41,650 [INFO] Orchestrator initialized with 4 markets.
2025-12-14 15:46:43,584 [INFO] HTTP Request: GET https://clob.polymarket.com/book?token_id=77243236906416049869043566297134824687303844164367902993296851763607777592220 "HTTP/2 200 OK"
2025-12-14 15:46:43,803 [INFO] HTTP Request: GET https://clob.polymarket.com/book?token_id=77243236906416049869043566297134824687303844164367902993296851763607777592220 "HTTP/2 200 OK"
2025-12-14 15:46:44,013 [INFO] HTTP Request: GET https://clob.polymarket.com/book?token_id=102271776739002922387302520897392780202746953166909992143877811806820400162211 "HTTP/2 200 OK"
2025-12-14 15:46:44,230 [INFO] HTTP Request: GET https://clob.polymarket.com/book?token_id=107474419038673603849800670279000916540716028665802856285392525030775949461986 "HTTP/2 200 OK"
2025-12-14 15:46:44,445 [INFO] HTTP Request: GET https://clob.polymarket.com/book?token_id=107474419038673603849800670279000916540716028665802856285392525030775949461986 "HTTP/2 200 OK"
2025-12-14 15:46:44,662 [INFO] HTTP Request: GET https://clob.polymarket.com/book?token_id=9633632247941176152464339384549857559957774472748597838676006213128820056478 "HTTP/2 200 OK"
2025-12-14 15:46:44,875 [INFO] HTTP Request: GET https://clob.polymarket.com/book?token_id=44410744464795342604146987039840213828327646592280221544574558413620428629079 "HTTP/2 200 OK"
2025-12-14 15:46:45,122 [INFO] HTTP Request: GET https://clob.polymarket.com/book?token_id=44410744464795342604146987039840213828327646592280221544574558413620428629079 "HTTP/2 200 OK"
2025-12-14 15:46:45,340 [INFO] HTTP Request: GET https://clob.polymarket.com/book?token_id=103877861258276977451506477270585022955154752874926634132024495049123040864356 "HTTP/2 200 OK"
2025-12-14 15:46:45,550 [INFO] HTTP Request: GET https://clob.polymarket.com/book?token_id=17150652716844970732161818333828858969361962186670600132025641813786939973134 "HTTP/2 200 OK"
2025-12-14 15:46:45,768 [INFO] HTTP Request: GET https://clob.polymarket.com/book?token_id=17150652716844970732161818333828858969361962186670600132025641813786939973134 "HTTP/2 200 OK"
2025-12-14 15:46:45,976 [INFO] HTTP Request: GET https://clob.polymarket.com/book?token_id=67394965320952472989832989862187533402770179936362231673399252707503316471940 "HTTP/2 200 OK"
2025-12-14 15:46:46,190 [INFO] HTTP Request: GET https://clob.polymarket.com/data/orders "HTTP/2 200 OK"
2025-12-14 15:46:46,408 [INFO] HTTP Request: GET https://clob.polymarket.com/data/orders "HTTP/2 200 OK"
2025-12-14 15:46:46,621 [INFO] HTTP Request: GET https://clob.polymarket.com/data/orders "HTTP/2 200 OK"
2025-12-14 15:46:46,839 [INFO] HTTP Request: GET https://clob.polymarket.com/data/orders "HTTP/2 200 OK"
2025-12-14 15:46:48,625 [INFO] HTTP Request: GET https://clob.polymarket.com/book?token_id=77243236906416049869043566297134824687303844164367902993296851763607777592220 "HTTP/2 200 OK"
2025-12-14 15:46:48,846 [INFO] HTTP Request: GET https://clob.polymarket.com/book?token_id=77243236906416049869043566297134824687303844164367902993296851763607777592220 "HTTP/2 200 OK"
2025-12-14 15:46:49,066 [INFO] HTTP Request: GET https://clob.polymarket.com/book?token_id=102271776739002922387302520897392780202746953166909992143877811806820400162211 "HTTP/2 200 OK"
2025-12-14 15:46:49,294 [INFO] HTTP Request: GET https://clob.polymarket.com/book?token_id=107474419038673603849800670279000916540716028665802856285392525030775949461986 "HTTP/2 200 OK"
2025-12-14 15:46:49,517 [INFO] HTTP Request: GET https://clob.polymarket.com/book?token_id=107474419038673603849800670279000916540716028665802856285392525030775949461986 "HTTP/2 200 OK"
2025-12-14 15:46:49,761 [INFO] HTTP Request: GET https://clob.polymarket.com/book?token_id=9633632247941176152464339384549857559957774472748597838676006213128820056478 "HTTP/2 200 OK"
2025-12-14 15:46:50,019 [INFO] HTTP Request: GET https://clob.polymarket.com/book?token_id=44410744464795342604146987039840213828327646592280221544574558413620428629079 "HTTP/2 200 OK"
2025-12-14 15:46:50,233 [INFO] HTTP Request: GET https://clob.polymarket.com/book?token_id=44410744464795342604146987039840213828327646592280221544574558413620428629079 "HTTP/2 200 OK"
2025-12-14 15:46:50,493 [INFO] HTTP Request: GET https://clob.polymarket.com/book?token_id=103877861258276977451506477270585022955154752874926634132024495049123040864356 "HTTP/2 200 OK"
2025-12-14 15:46:50,706 [INFO] HTTP Request: GET https://clob.polymarket.com/book?token_id=17150652716844970732161818333828858969361962186670600132025641813786939973134 "HTTP/2 200 OK"
2025-12-14 15:46:50,921 [INFO] HTTP Request: GET https://clob.polymarket.com/book?token_id=17150652716844970732161818333828858969361962186670600132025641813786939973134 "HTTP/2 200 OK"
2025-12-14 15:46:51,220 [INFO] HTTP Request: GET https://clob.polymarket.com/book?token_id=67394965320952472989832989862187533402770179936362231673399252707503316471940 "HTTP/2 200 OK"
2025-12-14 15:46:51,458 [INFO] HTTP Request: GET https://clob.polymarket.com/data/orders "HTTP/2 200 OK"
2025-12-14 15:46:51,696 [INFO] HTTP Request: GET https://clob.polymarket.com/data/orders "HTTP/2 200 OK"
2025-12-14 15:46:51,910 [INFO] HTTP Request: GET https://clob.polymarket.com/data/orders "HTTP/2 200 OK"
2025-12-14 15:46:52,125 [INFO] HTTP Request: GET https://clob.polymarket.com/data/orders "HTTP/2 200 OK"
2025-12-14 15:46:53,850 [INFO] HTTP Request: GET https://clob.polymarket.com/book?token_id=77243236906416049869043566297134824687303844164367902993296851763607777592220 "HTTP/2 200 OK"
2025-12-14 15:46:54,066 [INFO] HTTP Request: GET https://clob.polymarket.com/book?token_id=77243236906416049869043566297134824687303844164367902993296851763607777592220 "HTTP/2 200 OK"
2025-12-14 15:46:54,276 [INFO] HTTP Request: GET https://clob.polymarket.com/book?token_id=102271776739002922387302520897392780202746953166909992143877811806820400162211 "HTTP/2 200 OK"
2025-12-14 15:46:54,501 [INFO] HTTP Request: GET https://clob.polymarket.com/book?token_id=107474419038673603849800670279000916540716028665802856285392525030775949461986 "HTTP/2 200 OK"
2025-12-14 15:46:54,713 [INFO] HTTP Request: GET https://clob.polymarket.com/book?token_id=107474419038673603849800670279000916540716028665802856285392525030775949461986 "HTTP/2 200 OK"
2025-12-14 15:46:54,930 [INFO] HTTP Request: GET https://clob.polymarket.com/book?token_id=9633632247941176152464339384549857559957774472748597838676006213128820056478 "HTTP/2 200 OK"
2025-12-14 15:46:55,149 [INFO] HTTP Request: GET https://clob.polymarket.com/book?token_id=44410744464795342604146987039840213828327646592280221544574558413620428629079 "HTTP/2 200 OK"
2025-12-14 15:46:55,395 [INFO] HTTP Request: GET https://clob.polymarket.com/book?token_id=44410744464795342604146987039840213828327646592280221544574558413620428629079 "HTTP/2 200 OK"
2025-12-14 15:46:55,633 [INFO] HTTP Request: GET https://clob.polymarket.com/book?token_id=103877861258276977451506477270585022955154752874926634132024495049123040864356 "HTTP/2 200 OK"
2025-12-14 15:46:55,902 [INFO] HTTP Request: GET https://clob.polymarket.com/book?token_id=17150652716844970732161818333828858969361962186670600132025641813786939973134 "HTTP/2 200 OK"
2025-12-14 15:46:56,156 [INFO] HTTP Request: GET https://clob.polymarket.com/book?token_id=17150652716844970732161818333828858969361962186670600132025641813786939973134 "HTTP/2 200 OK"
2025-12-14 15:46:56,368 [INFO] HTTP Request: GET https://clob.polymarket.com/book?token_id=67394965320952472989832989862187533402770179936362231673399252707503316471940 "HTTP/2 200 OK"
2025-12-14 15:46:56,579 [INFO] HTTP Request: GET https://clob.polymarket.com/data/orders "HTTP/2 200 OK"
2025-12-14 15:46:56,791 [INFO] HTTP Request: GET https://clob.polymarket.com/data/orders "HTTP/2 200 OK"
2025-12-14 15:46:57,011 [INFO] HTTP Request: GET https://clob.polymarket.com/data/orders "HTTP/2 200 OK"
2025-12-14 15:46:57,236 [INFO] HTTP Request: GET https://clob.polymarket.com/data/orders "HTTP/2 200 OK"
2025-12-14 15:46:58,984 [INFO] HTTP Request: GET https://clob.polymarket.com/book?token_id=77243236906416049869043566297134824687303844164367902993296851763607777592220 "HTTP/2 200 OK"
2025-12-14 15:46:59,225 [INFO] HTTP Request: GET https://clob.polymarket.com/book?token_id=77243236906416049869043566297134824687303844164367902993296851763607777592220 "HTTP/2 200 OK"
2025-12-14 15:46:59,441 [INFO] HTTP Request: GET https://clob.polymarket.com/book?token_id=102271776739002922387302520897392780202746953166909992143877811806820400162211 "HTTP/2 200 OK"
2025-12-14 15:46:59,656 [INFO] HTTP Request: GET https://clob.polymarket.com/book?token_id=107474419038673603849800670279000916540716028665802856285392525030775949461986 "HTTP/2 200 OK"
2025-12-14 15:46:59,884 [INFO] HTTP Request: GET https://clob.polymarket.com/book?token_id=107474419038673603849800670279000916540716028665802856285392525030775949461986 "HTTP/2 200 OK"
2025-12-14 15:47:00,117 [INFO] HTTP Request: GET https://clob.polymarket.com/book?token_id=9633632247941176152464339384549857559957774472748597838676006213128820056478 "HTTP/2 200 OK"
2025-12-14 15:47:00,329 [INFO] HTTP Request: GET https://clob.polymarket.com/book?token_id=44410744464795342604146987039840213828327646592280221544574558413620428629079 "HTTP/2 200 OK"
2025-12-14 15:47:00,555 [INFO] HTTP Request: GET https://clob.polymarket.com/book?token_id=44410744464795342604146987039840213828327646592280221544574558413620428629079 "HTTP/2 200 OK"
2025-12-14 15:47:00,781 [INFO] HTTP Request: GET https://clob.polymarket.com/book?token_id=103877861258276977451506477270585022955154752874926634132024495049123040864356 "HTTP/2 200 OK"
2025-12-14 15:47:01,004 [INFO] HTTP Request: GET https://clob.polymarket.com/book?token_id=17150652716844970732161818333828858969361962186670600132025641813786939973134 "HTTP/2 200 OK"
2025-12-14 15:47:01,238 [INFO] HTTP Request: GET https://clob.polymarket.com/book?token_id=17150652716844970732161818333828858969361962186670600132025641813786939973134 "HTTP/2 200 OK"
2025-12-14 15:47:01,462 [INFO] HTTP Request: GET https://clob.polymarket.com/book?token_id=67394965320952472989832989862187533402770179936362231673399252707503316471940 "HTTP/2 200 OK"
2025-12-14 15:47:01,671 [INFO] HTTP Request: GET https://clob.polymarket.com/data/orders "HTTP/2 200 OK"
2025-12-14 15:47:01,887 [INFO] HTTP Request: GET https://clob.polymarket.com/data/orders "HTTP/2 200 OK"
2025-12-14 15:47:02,099 [INFO] HTTP Request: GET https://clob.polymarket.com/data/orders "HTTP/2 200 OK"
2025-12-14 15:47:02,307 [INFO] HTTP Request: GET https://clob.polymarket.com/data/orders "HTTP/2 200 OK"
2025-12-14 15:47:04,070 [INFO] HTTP Request: GET https://clob.polymarket.com/book?token_id=77243236906416049869043566297134824687303844164367902993296851763607777592220 "HTTP/2 200 OK"
2025-12-14 15:47:04,304 [INFO] HTTP Request: GET https://clob.polymarket.com/book?token_id=77243236906416049869043566297134824687303844164367902993296851763607777592220 "HTTP/2 200 OK"
2025-12-14 15:47:04,532 [INFO] HTTP Request: GET https://clob.polymarket.com/book?token_id=102271776739002922387302520897392780202746953166909992143877811806820400162211 "HTTP/2 200 OK"
2025-12-14 15:47:04,757 [INFO] HTTP Request: GET https://clob.polymarket.com/book?token_id=107474419038673603849800670279000916540716028665802856285392525030775949461986 "HTTP/2 200 OK"
2025-12-14 15:47:04,967 [INFO] HTTP Request: GET https://clob.polymarket.com/book?token_id=107474419038673603849800670279000916540716028665802856285392525030775949461986 "HTTP/2 200 OK"
2025-12-14 15:47:05,178 [INFO] HTTP Request: GET https://clob.polymarket.com/book?token_id=9633632247941176152464339384549857559957774472748597838676006213128820056478 "HTTP/2 200 OK"
2025-12-14 15:47:05,422 [INFO] HTTP Request: GET https://clob.polymarket.com/book?token_id=44410744464795342604146987039840213828327646592280221544574558413620428629079 "HTTP/2 200 OK"
2025-12-14 15:47:05,669 [INFO] HTTP Request: GET https://clob.polymarket.com/book?token_id=44410744464795342604146987039840213828327646592280221544574558413620428629079 "HTTP/2 200 OK"
2025-12-14 15:47:05,882 [INFO] HTTP Request: GET https://clob.polymarket.com/book?token_id=103877861258276977451506477270585022955154752874926634132024495049123040864356 "HTTP/2 200 OK"
2025-12-14 15:47:06,096 [INFO] HTTP Request: GET https://clob.polymarket.com/book?token_id=17150652716844970732161818333828858969361962186670600132025641813786939973134 "HTTP/2 200 OK"
2025-12-14 15:47:06,322 [INFO] HTTP Request: GET https://clob.polymarket.com/book?token_id=17150652716844970732161818333828858969361962186670600132025641813786939973134 "HTTP/2 200 OK"
2025-12-14 15:47:06,549 [INFO] HTTP Request: GET https://clob.polymarket.com/book?token_id=67394965320952472989832989862187533402770179936362231673399252707503316471940 "HTTP/2 200 OK"
2025-12-14 15:47:06,766 [INFO] HTTP Request: GET https://clob.polymarket.com/data/orders "HTTP/2 200 OK"
2025-12-14 15:47:06,981 [INFO] HTTP Request: GET https://clob.polymarket.com/data/orders "HTTP/2 200 OK"
2025-12-14 15:47:07,205 [INFO] HTTP Request: GET https://clob.polymarket.com/data/orders "HTTP/2 200 OK"
2025-12-14 15:47:07,454 [INFO] HTTP Request: GET https://clob.polymarket.com/data/orders "HTTP/2 200 OK"
2025-12-14 15:47:11,249 [INFO] HTTP Request: GET https://clob.polymarket.com/book?token_id=77243236906416049869043566297134824687303844164367902993296851763607777592220 "HTTP/2 200 OK"
2025-12-14 15:47:11,465 [INFO] HTTP Request: GET https://clob.polymarket.com/book?token_id=77243236906416049869043566297134824687303844164367902993296851763607777592220 "HTTP/2 200 OK"
2025-12-14 15:47:11,680 [INFO] HTTP Request: GET https://clob.polymarket.com/book?token_id=102271776739002922387302520897392780202746953166909992143877811806820400162211 "HTTP/2 200 OK"
2025-12-14 15:47:11,891 [INFO] HTTP Request: GET https://clob.polymarket.com/book?token_id=107474419038673603849800670279000916540716028665802856285392525030775949461986 "HTTP/2 200 OK"
2025-12-14 15:47:12,106 [INFO] HTTP Request: GET https://clob.polymarket.com/book?token_id=107474419038673603849800670279000916540716028665802856285392525030775949461986 "HTTP/2 200 OK"
2025-12-14 15:47:12,321 [INFO] HTTP Request: GET https://clob.polymarket.com/book?token_id=9633632247941176152464339384549857559957774472748597838676006213128820056478 "HTTP/2 200 OK"
2025-12-14 15:47:12,534 [INFO] HTTP Request: GET https://clob.polymarket.com/book?token_id=44410744464795342604146987039840213828327646592280221544574558413620428629079 "HTTP/2 200 OK"
2025-12-14 15:47:12,759 [INFO] HTTP Request: GET https://clob.polymarket.com/book?token_id=44410744464795342604146987039840213828327646592280221544574558413620428629079 "HTTP/2 200 OK"
2025-12-14 15:47:13,019 [INFO] HTTP Request: GET https://clob.polymarket.com/book?token_id=103877861258276977451506477270585022955154752874926634132024495049123040864356 "HTTP/2 200 OK"
2025-12-14 15:47:13,298 [INFO] HTTP Request: GET https://clob.polymarket.com/book?token_id=17150652716844970732161818333828858969361962186670600132025641813786939973134 "HTTP/2 200 OK"
2025-12-14 15:47:13,528 [INFO] HTTP Request: GET https://clob.polymarket.com/book?token_id=17150652716844970732161818333828858969361962186670600132025641813786939973134 "HTTP/2 200 OK"
2025-12-14 15:47:13,750 [INFO] HTTP Request: GET https://clob.polymarket.com/book?token_id=67394965320952472989832989862187533402770179936362231673399252707503316471940 "HTTP/2 200 OK"
2025-12-14 15:47:14,094 [INFO] HTTP Request: GET https://clob.polymarket.com/data/orders "HTTP/2 200 OK"
2025-12-14 15:47:14,422 [INFO] HTTP Request: GET https://clob.polymarket.com/data/orders "HTTP/2 200 OK"
2025-12-14 15:47:14,680 [INFO] HTTP Request: GET https://clob.polymarket.com/data/orders "HTTP/2 200 OK"
2025-12-14 15:47:14,915 [INFO] HTTP Request: GET https://clob.polymarket.com/data/orders "HTTP/2 200 OK"
2025-12-14 15:47:16,635 [INFO] HTTP Request: GET https://clob.polymarket.com/book?token_id=77243236906416049869043566297134824687303844164367902993296851763607777592220 "HTTP/2 200 OK"
2025-12-14 15:47:16,868 [INFO] HTTP Request: GET https://clob.polymarket.com/book?token_id=77243236906416049869043566297134824687303844164367902993296851763607777592220 "HTTP/2 200 OK"
2025-12-14 15:47:17,105 [INFO] HTTP Request: GET https://clob.polymarket.com/book?token_id=102271776739002922387302520897392780202746953166909992143877811806820400162211 "HTTP/2 200 OK"
2025-12-14 15:47:17,408 [INFO] HTTP Request: GET https://clob.polymarket.com/book?token_id=107474419038673603849800670279000916540716028665802856285392525030775949461986 "HTTP/2 200 OK"
2025-12-14 15:47:18,103 [INFO] HTTP Request: GET https://clob.polymarket.com/book?token_id=107474419038673603849800670279000916540716028665802856285392525030775949461986 "HTTP/2 200 OK"
2025-12-14 15:47:18,361 [INFO] HTTP Request: GET https://clob.polymarket.com/book?token_id=9633632247941176152464339384549857559957774472748597838676006213128820056478 "HTTP/2 200 OK"
2025-12-14 15:47:18,589 [INFO] HTTP Request: GET https://clob.polymarket.com/book?token_id=44410744464795342604146987039840213828327646592280221544574558413620428629079 "HTTP/2 200 OK"
2025-12-14 15:47:18,804 [INFO] HTTP Request: GET https://clob.polymarket.com/book?token_id=44410744464795342604146987039840213828327646592280221544574558413620428629079 "HTTP/2 200 OK"
2025-12-14 15:47:19,021 [INFO] HTTP Request: GET https://clob.polymarket.com/book?token_id=103877861258276977451506477270585022955154752874926634132024495049123040864356 "HTTP/2 200 OK"
2025-12-14 15:47:19,237 [INFO] HTTP Request: GET https://clob.polymarket.com/book?token_id=17150652716844970732161818333828858969361962186670600132025641813786939973134 "HTTP/2 200 OK"
2025-12-14 15:47:19,461 [INFO] HTTP Request: GET https://clob.polymarket.com/book?token_id=17150652716844970732161818333828858969361962186670600132025641813786939973134 "HTTP/2 200 OK"
2025-12-14 15:47:19,674 [INFO] HTTP Request: GET https://clob.polymarket.com/book?token_id=67394965320952472989832989862187533402770179936362231673399252707503316471940 "HTTP/2 200 OK"
2025-12-14 15:47:19,890 [INFO] HTTP Request: GET https://clob.polymarket.com/data/orders "HTTP/2 200 OK"
2025-12-14 15:47:20,107 [INFO] HTTP Request: GET https://clob.polymarket.com/data/orders "HTTP/2 200 OK"
2025-12-14 15:47:20,316 [INFO] HTTP Request: GET https://clob.polymarket.com/data/orders "HTTP/2 200 OK"
2025-12-14 15:47:20,529 [INFO] HTTP Request: GET https://clob.polymarket.com/data/orders "HTTP/2 200 OK"
2025-12-14 15:47:22,285 [INFO] HTTP Request: GET https://clob.polymarket.com/book?token_id=77243236906416049869043566297134824687303844164367902993296851763607777592220 "HTTP/2 200 OK"
2025-12-14 15:47:22,512 [INFO] HTTP Request: GET https://clob.polymarket.com/book?token_id=77243236906416049869043566297134824687303844164367902993296851763607777592220 "HTTP/2 200 OK"
2025-12-14 15:47:22,758 [INFO] HTTP Request: GET https://clob.polymarket.com/book?token_id=102271776739002922387302520897392780202746953166909992143877811806820400162211 "HTTP/2 200 OK"
2025-12-14 15:47:22,973 [INFO] HTTP Request: GET https://clob.polymarket.com/book?token_id=107474419038673603849800670279000916540716028665802856285392525030775949461986 "HTTP/2 200 OK"
2025-12-14 15:47:23,194 [INFO] HTTP Request: GET https://clob.polymarket.com/book?token_id=107474419038673603849800670279000916540716028665802856285392525030775949461986 "HTTP/2 200 OK"
2025-12-14 15:47:23,417 [INFO] HTTP Request: GET https://clob.polymarket.com/book?token_id=9633632247941176152464339384549857559957774472748597838676006213128820056478 "HTTP/2 200 OK"
2025-12-14 15:47:23,635 [INFO] HTTP Request: GET https://clob.polymarket.com/book?token_id=44410744464795342604146987039840213828327646592280221544574558413620428629079 "HTTP/2 200 OK"
2025-12-14 15:47:23,867 [INFO] HTTP Request: GET https://clob.polymarket.com/book?token_id=44410744464795342604146987039840213828327646592280221544574558413620428629079 "HTTP/2 200 OK"
2025-12-14 15:47:24,087 [INFO] HTTP Request: GET https://clob.polymarket.com/book?token_id=103877861258276977451506477270585022955154752874926634132024495049123040864356 "HTTP/2 200 OK"
2025-12-14 15:47:24,335 [INFO] HTTP Request: GET https://clob.polymarket.com/book?token_id=17150652716844970732161818333828858969361962186670600132025641813786939973134 "HTTP/2 200 OK"
2025-12-14 15:47:24,550 [INFO] HTTP Request: GET https://clob.polymarket.com/book?token_id=17150652716844970732161818333828858969361962186670600132025641813786939973134 "HTTP/2 200 OK"
2025-12-14 15:47:24,774 [INFO] HTTP Request: GET https://clob.polymarket.com/book?token_id=67394965320952472989832989862187533402770179936362231673399252707503316471940 "HTTP/2 200 OK"
2025-12-14 15:47:24,979 [INFO] HTTP Request: GET https://clob.polymarket.com/data/orders "HTTP/2 200 OK"
2025-12-14 15:47:25,194 [INFO] HTTP Request: GET https://clob.polymarket.com/data/orders "HTTP/2 200 OK"
2025-12-14 15:47:25,414 [INFO] HTTP Request: GET https://clob.polymarket.com/data/orders "HTTP/2 200 OK"
2025-12-14 15:47:25,620 [INFO] HTTP Request: GET https://clob.polymarket.com/data/orders "HTTP/2 200 OK"
2025-12-14 15:47:27,535 [INFO] HTTP Request: GET https://clob.polymarket.com/book?token_id=77243236906416049869043566297134824687303844164367902993296851763607777592220 "HTTP/2 200 OK"
2025-12-14 15:47:27,747 [INFO] HTTP Request: GET https://clob.polymarket.com/book?token_id=77243236906416049869043566297134824687303844164367902993296851763607777592220 "HTTP/2 200 OK"
2025-12-14 15:47:27,962 [INFO] HTTP Request: GET https://clob.polymarket.com/book?token_id=102271776739002922387302520897392780202746953166909992143877811806820400162211 "HTTP/2 200 OK"
2025-12-14 15:47:28,171 [INFO] HTTP Request: GET https://clob.polymarket.com/book?token_id=107474419038673603849800670279000916540716028665802856285392525030775949461986 "HTTP/2 200 OK"
2025-12-14 15:47:28,415 [INFO] HTTP Request: GET https://clob.polymarket.com/book?token_id=107474419038673603849800670279000916540716028665802856285392525030775949461986 "HTTP/2 200 OK"
2025-12-14 15:47:28,629 [INFO] HTTP Request: GET https://clob.polymarket.com/book?token_id=9633632247941176152464339384549857559957774472748597838676006213128820056478 "HTTP/2 200 OK"
2025-12-14 15:47:28,856 [INFO] HTTP Request: GET https://clob.polymarket.com/book?token_id=44410744464795342604146987039840213828327646592280221544574558413620428629079 "HTTP/2 200 OK"
2025-12-14 15:47:29,087 [INFO] HTTP Request: GET https://clob.polymarket.com/book?token_id=44410744464795342604146987039840213828327646592280221544574558413620428629079 "HTTP/2 200 OK"
2025-12-14 15:47:29,303 [INFO] HTTP Request: GET https://clob.polymarket.com/book?token_id=103877861258276977451506477270585022955154752874926634132024495049123040864356 "HTTP/2 200 OK"
2025-12-14 15:47:29,527 [INFO] HTTP Request: GET https://clob.polymarket.com/book?token_id=17150652716844970732161818333828858969361962186670600132025641813786939973134 "HTTP/2 200 OK"
2025-12-14 15:47:29,739 [INFO] HTTP Request: GET https://clob.polymarket.com/book?token_id=17150652716844970732161818333828858969361962186670600132025641813786939973134 "HTTP/2 200 OK"
2025-12-14 15:47:29,964 [INFO] HTTP Request: GET https://clob.polymarket.com/book?token_id=67394965320952472989832989862187533402770179936362231673399252707503316471940 "HTTP/2 200 OK"
2025-12-14 15:47:30,181 [INFO] HTTP Request: GET https://clob.polymarket.com/data/orders "HTTP/2 200 OK"
2025-12-14 15:47:30,411 [INFO] HTTP Request: GET https://clob.polymarket.com/data/orders "HTTP/2 200 OK"
2025-12-14 15:47:30,647 [INFO] HTTP Request: GET https://clob.polymarket.com/data/orders "HTTP/2 200 OK"
2025-12-14 15:47:30,875 [INFO] HTTP Request: GET https://clob.polymarket.com/data/orders "HTTP/2 200 OK"
2025-12-14 15:47:32,624 [INFO] HTTP Request: GET https://clob.polymarket.com/book?token_id=77243236906416049869043566297134824687303844164367902993296851763607777592220 "HTTP/2 200 OK"
2025-12-14 15:47:32,845 [INFO] HTTP Request: GET https://clob.polymarket.com/book?token_id=77243236906416049869043566297134824687303844164367902993296851763607777592220 "HTTP/2 200 OK"
2025-12-14 15:47:33,157 [INFO] HTTP Request: GET https://clob.polymarket.com/book?token_id=102271776739002922387302520897392780202746953166909992143877811806820400162211 "HTTP/2 200 OK"
2025-12-14 15:47:33,382 [INFO] HTTP Request: GET https://clob.polymarket.com/book?token_id=107474419038673603849800670279000916540716028665802856285392525030775949461986 "HTTP/2 200 OK"
2025-12-14 15:47:33,592 [INFO] HTTP Request: GET https://clob.polymarket.com/book?token_id=107474419038673603849800670279000916540716028665802856285392525030775949461986 "HTTP/2 200 OK"
2025-12-14 15:47:33,802 [INFO] HTTP Request: GET https://clob.polymarket.com/book?token_id=9633632247941176152464339384549857559957774472748597838676006213128820056478 "HTTP/2 200 OK"
2025-12-14 15:47:34,027 [INFO] HTTP Request: GET https://clob.polymarket.com/book?token_id=44410744464795342604146987039840213828327646592280221544574558413620428629079 "HTTP/2 200 OK"
2025-12-14 15:47:34,325 [INFO] HTTP Request: GET https://clob.polymarket.com/book?token_id=44410744464795342604146987039840213828327646592280221544574558413620428629079 "HTTP/2 200 OK"
2025-12-14 15:47:34,538 [INFO] HTTP Request: GET https://clob.polymarket.com/book?token_id=103877861258276977451506477270585022955154752874926634132024495049123040864356 "HTTP/2 200 OK"
2025-12-14 15:47:34,758 [INFO] HTTP Request: GET https://clob.polymarket.com/book?token_id=17150652716844970732161818333828858969361962186670600132025641813786939973134 "HTTP/2 200 OK"
2025-12-14 15:47:34,988 [INFO] HTTP Request: GET https://clob.polymarket.com/book?token_id=17150652716844970732161818333828858969361962186670600132025641813786939973134 "HTTP/2 200 OK"
2025-12-14 15:47:35,200 [INFO] HTTP Request: GET https://clob.polymarket.com/book?token_id=67394965320952472989832989862187533402770179936362231673399252707503316471940 "HTTP/2 200 OK"
2025-12-14 15:47:35,412 [INFO] HTTP Request: GET https://clob.polymarket.com/data/orders "HTTP/2 200 OK"
2025-12-14 15:47:35,626 [INFO] HTTP Request: GET https://clob.polymarket.com/data/orders "HTTP/2 200 OK"
2025-12-14 15:47:35,837 [INFO] HTTP Request: GET https://clob.polymarket.com/data/orders "HTTP/2 200 OK"
2025-12-14 15:47:36,061 [INFO] HTTP Request: GET https://clob.polymarket.com/data/orders "HTTP/2 200 OK"
2025-12-14 15:47:37,761 [INFO] HTTP Request: GET https://clob.polymarket.com/book?token_id=77243236906416049869043566297134824687303844164367902993296851763607777592220 "HTTP/2 200 OK"
2025-12-14 15:47:37,969 [INFO] HTTP Request: GET https://clob.polymarket.com/book?token_id=77243236906416049869043566297134824687303844164367902993296851763607777592220 "HTTP/2 200 OK"
2025-12-14 15:47:38,178 [INFO] HTTP Request: GET https://clob.polymarket.com/book?token_id=102271776739002922387302520897392780202746953166909992143877811806820400162211 "HTTP/2 200 OK"
2025-12-14 15:47:38,469 [INFO] HTTP Request: GET https://clob.polymarket.com/book?token_id=107474419038673603849800670279000916540716028665802856285392525030775949461986 "HTTP/2 200 OK"
2025-12-14 15:47:38,689 [INFO] HTTP Request: GET https://clob.polymarket.com/book?token_id=107474419038673603849800670279000916540716028665802856285392525030775949461986 "HTTP/2 200 OK"
2025-12-14 15:47:38,913 [INFO] HTTP Request: GET https://clob.polymarket.com/book?token_id=9633632247941176152464339384549857559957774472748597838676006213128820056478 "HTTP/2 200 OK"
2025-12-14 15:47:39,130 [INFO] HTTP Request: GET https://clob.polymarket.com/book?token_id=44410744464795342604146987039840213828327646592280221544574558413620428629079 "HTTP/2 200 OK"
2025-12-14 15:47:39,339 [INFO] HTTP Request: GET https://clob.polymarket.com/book?token_id=44410744464795342604146987039840213828327646592280221544574558413620428629079 "HTTP/2 200 OK"
2025-12-14 15:47:39,547 [INFO] HTTP Request: GET https://clob.polymarket.com/book?token_id=103877861258276977451506477270585022955154752874926634132024495049123040864356 "HTTP/2 200 OK"
2025-12-14 15:47:39,765 [INFO] HTTP Request: GET https://clob.polymarket.com/book?token_id=17150652716844970732161818333828858969361962186670600132025641813786939973134 "HTTP/2 200 OK"
2025-12-14 15:47:39,973 [INFO] HTTP Request: GET https://clob.polymarket.com/book?token_id=17150652716844970732161818333828858969361962186670600132025641813786939973134 "HTTP/2 200 OK"
2025-12-14 15:47:40,186 [INFO] HTTP Request: GET https://clob.polymarket.com/book?token_id=67394965320952472989832989862187533402770179936362231673399252707503316471940 "HTTP/2 200 OK"
2025-12-14 15:47:40,399 [INFO] HTTP Request: GET https://clob.polymarket.com/data/orders "HTTP/2 200 OK"
2025-12-14 15:47:40,626 [INFO] HTTP Request: GET https://clob.polymarket.com/data/orders "HTTP/2 200 OK"
2025-12-14 15:47:40,850 [INFO] HTTP Request: GET https://clob.polymarket.com/data/orders "HTTP/2 200 OK"
2025-12-14 15:47:41,067 [INFO] HTTP Request: GET https://clob.polymarket.com/data/orders "HTTP/2 200 OK"
2025-12-14 15:47:42,786 [INFO] HTTP Request: GET https://clob.polymarket.com/book?token_id=77243236906416049869043566297134824687303844164367902993296851763607777592220 "HTTP/2 200 OK"
2025-12-14 15:47:43,030 [INFO] HTTP Request: GET https://clob.polymarket.com/book?token_id=77243236906416049869043566297134824687303844164367902993296851763607777592220 "HTTP/2 200 OK"
2025-12-14 15:47:43,250 [INFO] HTTP Request: GET https://clob.polymarket.com/book?token_id=102271776739002922387302520897392780202746953166909992143877811806820400162211 "HTTP/2 200 OK"
2025-12-14 15:47:43,477 [INFO] HTTP Request: GET https://clob.polymarket.com/book?token_id=107474419038673603849800670279000916540716028665802856285392525030775949461986 "HTTP/2 200 OK"
2025-12-14 15:47:43,697 [INFO] HTTP Request: GET https://clob.polymarket.com/book?token_id=107474419038673603849800670279000916540716028665802856285392525030775949461986 "HTTP/2 200 OK"
2025-12-14 15:47:43,919 [INFO] HTTP Request: GET https://clob.polymarket.com/book?token_id=9633632247941176152464339384549857559957774472748597838676006213128820056478 "HTTP/2 200 OK"
2025-12-14 15:47:44,133 [INFO] HTTP Request: GET https://clob.polymarket.com/book?token_id=44410744464795342604146987039840213828327646592280221544574558413620428629079 "HTTP/2 200 OK"
2025-12-14 15:47:44,364 [INFO] HTTP Request: GET https://clob.polymarket.com/book?token_id=44410744464795342604146987039840213828327646592280221544574558413620428629079 "HTTP/2 200 OK"
2025-12-14 15:47:44,589 [INFO] HTTP Request: GET https://clob.polymarket.com/book?token_id=103877861258276977451506477270585022955154752874926634132024495049123040864356 "HTTP/2 200 OK"
2025-12-14 15:47:44,811 [INFO] HTTP Request: GET https://clob.polymarket.com/book?token_id=17150652716844970732161818333828858969361962186670600132025641813786939973134 "HTTP/2 200 OK"
2025-12-14 15:47:45,031 [INFO] HTTP Request: GET https://clob.polymarket.com/book?token_id=17150652716844970732161818333828858969361962186670600132025641813786939973134 "HTTP/2 200 OK"
2025-12-14 15:47:45,249 [INFO] HTTP Request: GET https://clob.polymarket.com/book?token_id=67394965320952472989832989862187533402770179936362231673399252707503316471940 "HTTP/2 200 OK"
2025-12-14 15:47:45,473 [INFO] HTTP Request: GET https://clob.polymarket.com/data/orders "HTTP/2 200 OK"
2025-12-14 15:47:45,686 [INFO] HTTP Request: GET https://clob.polymarket.com/data/orders "HTTP/2 200 OK"
2025-12-14 15:47:45,940 [INFO] HTTP Request: GET https://clob.polymarket.com/data/orders "HTTP/2 200 OK"
2025-12-14 15:47:46,168 [INFO] HTTP Request: GET https://clob.polymarket.com/data/orders "HTTP/2 200 OK"
2025-12-14 15:47:47,890 [INFO] HTTP Request: GET https://clob.polymarket.com/book?token_id=77243236906416049869043566297134824687303844164367902993296851763607777592220 "HTTP/2 200 OK"
2025-12-14 15:47:48,115 [INFO] HTTP Request: GET https://clob.polymarket.com/book?token_id=77243236906416049869043566297134824687303844164367902993296851763607777592220 "HTTP/2 200 OK"
2025-12-14 15:47:48,328 [INFO] HTTP Request: GET https://clob.polymarket.com/book?token_id=102271776739002922387302520897392780202746953166909992143877811806820400162211 "HTTP/2 200 OK"
2025-12-14 15:47:48,544 [INFO] HTTP Request: GET https://clob.polymarket.com/book?token_id=107474419038673603849800670279000916540716028665802856285392525030775949461986 "HTTP/2 200 OK"
2025-12-14 15:47:48,776 [INFO] HTTP Request: GET https://clob.polymarket.com/book?token_id=107474419038673603849800670279000916540716028665802856285392525030775949461986 "HTTP/2 200 OK"
2025-12-14 15:47:48,997 [INFO] HTTP Request: GET https://clob.polymarket.com/book?token_id=9633632247941176152464339384549857559957774472748597838676006213128820056478 "HTTP/2 200 OK"
2025-12-14 15:47:49,216 [INFO] HTTP Request: GET https://clob.polymarket.com/book?token_id=44410744464795342604146987039840213828327646592280221544574558413620428629079 "HTTP/2 200 OK"
2025-12-14 15:47:49,427 [INFO] HTTP Request: GET https://clob.polymarket.com/book?token_id=44410744464795342604146987039840213828327646592280221544574558413620428629079 "HTTP/2 200 OK"
2025-12-14 15:47:49,660 [INFO] HTTP Request: GET https://clob.polymarket.com/book?token_id=103877861258276977451506477270585022955154752874926634132024495049123040864356 "HTTP/2 200 OK"
2025-12-14 15:47:49,893 [INFO] HTTP Request: GET https://clob.polymarket.com/book?token_id=17150652716844970732161818333828858969361962186670600132025641813786939973134 "HTTP/2 200 OK"
2025-12-14 15:47:50,120 [INFO] HTTP Request: GET https://clob.polymarket.com/book?token_id=17150652716844970732161818333828858969361962186670600132025641813786939973134 "HTTP/2 200 OK"
2025-12-14 15:47:50,352 [INFO] HTTP Request: GET https://clob.polymarket.com/book?token_id=67394965320952472989832989862187533402770179936362231673399252707503316471940 "HTTP/2 200 OK"
2025-12-14 15:47:50,579 [INFO] HTTP Request: GET https://clob.polymarket.com/data/orders "HTTP/2 200 OK"
2025-12-14 15:47:50,826 [INFO] HTTP Request: GET https://clob.polymarket.com/data/orders "HTTP/2 200 OK"
2025-12-14 15:47:51,040 [INFO] HTTP Request: GET https://clob.polymarket.com/data/orders "HTTP/2 200 OK"
2025-12-14 15:47:51,249 [INFO] HTTP Request: GET https://clob.polymarket.com/data/orders "HTTP/2 200 OK"
2025-12-14 15:47:51,724 [INFO] Stopping...
2025-12-14 15:48:53,278 [INFO] --- GABAGOOL LITE INITIALIZATION ---
2025-12-14 15:48:53,282 [INFO] [ALERT] CLOB client authentifié initialisé sur https://clob.polymarket.com
2025-12-14 15:48:53,282 [WARNING] MODE LIVE - ORDRES RÉELS POSSIBLES
2025-12-14 15:48:53,282 [INFO] API Client Authenticated.
2025-12-14 15:48:53,282 [INFO] Scanning for active markets...
2025-12-14 15:48:56,206 [INFO] Tracking: btc-updown-15m-1765723500
2025-12-14 15:48:56,207 [INFO] Tracking: eth-updown-15m-1765723500
2025-12-14 15:48:56,207 [INFO] Tracking: sol-updown-15m-1765723500
2025-12-14 15:48:56,207 [INFO] Tracking: xrp-updown-15m-1765723500
2025-12-14 15:48:56,207 [INFO] Orchestrator initialized with 4 markets.
2025-12-14 15:50:46,589 [INFO] Stopping...
2025-12-14 15:50:48,769 [INFO] --- GABAGOOL LITE INITIALIZATION ---
2025-12-14 15:50:48,772 [INFO] [ALERT] CLOB client authentifié initialisé sur https://clob.polymarket.com
2025-12-14 15:50:48,772 [WARNING] MODE LIVE - ORDRES RÉELS POSSIBLES
2025-12-14 15:50:48,772 [INFO] API Client Authenticated.
2025-12-14 15:50:48,772 [INFO] Scanning for active markets...
2025-12-14 15:50:51,650 [INFO] Tracking: btc-updown-15m-1765723500
2025-12-14 15:50:51,650 [INFO] Tracking: eth-updown-15m-1765723500
2025-12-14 15:50:51,650 [INFO] Tracking: sol-updown-15m-1765723500
2025-12-14 15:50:51,650 [INFO] Tracking: xrp-updown-15m-1765723500
2025-12-14 15:50:51,652 [INFO] Orchestrator initialized with 4 markets.
2025-12-14 15:50:56,943 [CRITICAL] Crash: name 'elapsed' is not defined
Traceback (most recent call last):
  File "E:\Cursor Project\Polymarket_bot_arbitrage\live_gabagool_lite.py", line 215, in main
    logger.info(f"--- HEARTBEAT (Cycle {elapsed:.2f}s) ---")
                                        ^^^^^^^
NameError: name 'elapsed' is not defined
2025-12-14 15:51:51,590 [INFO] --- GABAGOOL LITE INITIALIZATION ---
2025-12-14 15:51:51,596 [INFO] [ALERT] CLOB client authentifié initialisé sur https://clob.polymarket.com
2025-12-14 15:51:51,596 [WARNING] MODE LIVE - ORDRES RÉELS POSSIBLES
2025-12-14 15:51:51,596 [INFO] API Client Authenticated.
2025-12-14 15:51:51,596 [INFO] Scanning for active markets...
2025-12-14 15:51:54,428 [INFO] Tracking: btc-updown-15m-1765723500
2025-12-14 15:51:54,428 [INFO] Tracking: eth-updown-15m-1765723500
2025-12-14 15:51:54,429 [INFO] Tracking: sol-updown-15m-1765723500
2025-12-14 15:51:54,429 [INFO] Tracking: xrp-updown-15m-1765723500
2025-12-14 15:51:54,429 [INFO] Orchestrator initialized with 4 markets.
2025-12-14 15:51:59,530 [INFO] --- HEARTBEAT (Cycle 5.10s) ---
2025-12-14 15:51:59,530 [INFO]    [btc-updown-15m-1765723500] IDLE | Rem: N/A | Orders: 0
2025-12-14 15:51:59,531 [INFO]    [eth-updown-15m-1765723500] IDLE | Rem: N/A | Orders: 0
2025-12-14 15:51:59,531 [INFO]    [sol-updown-15m-1765723500] IDLE | Rem: N/A | Orders: 0
2025-12-14 15:51:59,531 [INFO]    [xrp-updown-15m-1765723500] IDLE | Rem: N/A | Orders: 0
2025-12-14 15:52:14,424 [INFO] --- HEARTBEAT (Cycle 4.82s) ---
2025-12-14 15:52:14,424 [INFO]    [btc-updown-15m-1765723500] IDLE | Rem: N/A | Orders: 0
2025-12-14 15:52:14,424 [INFO]    [eth-updown-15m-1765723500] IDLE | Rem: N/A | Orders: 0
2025-12-14 15:52:14,424 [INFO]    [sol-updown-15m-1765723500] IDLE | Rem: N/A | Orders: 0
2025-12-14 15:52:14,425 [INFO]    [xrp-updown-15m-1765723500] IDLE | Rem: N/A | Orders: 0
2025-12-14 15:52:29,324 [INFO] --- HEARTBEAT (Cycle 4.91s) ---
2025-12-14 15:52:29,324 [INFO]    [btc-updown-15m-1765723500] IDLE | Rem: N/A | Orders: 0
2025-12-14 15:52:29,324 [INFO]    [eth-updown-15m-1765723500] IDLE | Rem: N/A | Orders: 0
2025-12-14 15:52:29,325 [INFO]    [sol-updown-15m-1765723500] IDLE | Rem: N/A | Orders: 0
2025-12-14 15:52:29,325 [INFO]    [xrp-updown-15m-1765723500] IDLE | Rem: N/A | Orders: 0
2025-12-14 15:52:39,620 [INFO] --- HEARTBEAT (Cycle 4.88s) ---
2025-12-14 15:52:39,620 [INFO]    [btc-updown-15m-1765723500] IDLE | Rem: N/A | Orders: 0
2025-12-14 15:52:39,621 [INFO]    [eth-updown-15m-1765723500] IDLE | Rem: N/A | Orders: 0
2025-12-14 15:52:39,621 [INFO]    [sol-updown-15m-1765723500] IDLE | Rem: N/A | Orders: 0
2025-12-14 15:52:39,621 [INFO]    [xrp-updown-15m-1765723500] IDLE | Rem: N/A | Orders: 0
2025-12-14 15:52:49,705 [INFO] --- HEARTBEAT (Cycle 4.87s) ---
2025-12-14 15:52:49,705 [INFO]    [btc-updown-15m-1765723500] IDLE | Rem: N/A | Orders: 0
2025-12-14 15:52:49,705 [INFO]    [eth-updown-15m-1765723500] IDLE | Rem: N/A | Orders: 0
2025-12-14 15:52:49,705 [INFO]    [sol-updown-15m-1765723500] IDLE | Rem: N/A | Orders: 0
2025-12-14 15:52:49,705 [INFO]    [xrp-updown-15m-1765723500] IDLE | Rem: N/A | Orders: 0
2025-12-14 15:52:59,937 [INFO] --- HEARTBEAT (Cycle 5.11s) ---
2025-12-14 15:52:59,938 [INFO]    [btc-updown-15m-1765723500] IDLE | Rem: N/A | Orders: 0
2025-12-14 15:52:59,938 [INFO]    [eth-updown-15m-1765723500] IDLE | Rem: N/A | Orders: 0
2025-12-14 15:52:59,938 [INFO]    [sol-updown-15m-1765723500] IDLE | Rem: N/A | Orders: 0
2025-12-14 15:52:59,938 [INFO]    [xrp-updown-15m-1765723500] IDLE | Rem: N/A | Orders: 0
2025-12-14 15:53:10,514 [INFO] --- HEARTBEAT (Cycle 5.01s) ---
2025-12-14 15:53:10,515 [INFO]    [btc-updown-15m-1765723500] IDLE | Rem: N/A | Orders: 0
2025-12-14 15:53:10,515 [INFO]    [eth-updown-15m-1765723500] IDLE | Rem: N/A | Orders: 0
2025-12-14 15:53:10,515 [INFO]    [sol-updown-15m-1765723500] IDLE | Rem: N/A | Orders: 0
2025-12-14 15:53:10,515 [INFO]    [xrp-updown-15m-1765723500] IDLE | Rem: N/A | Orders: 0
2025-12-14 15:53:21,187 [INFO] --- HEARTBEAT (Cycle 5.14s) ---
2025-12-14 15:53:21,187 [INFO]    [btc-updown-15m-1765723500] IDLE | Rem: N/A | Orders: 0
2025-12-14 15:53:21,188 [INFO]    [eth-updown-15m-1765723500] IDLE | Rem: N/A | Orders: 0
2025-12-14 15:53:21,188 [INFO]    [sol-updown-15m-1765723500] IDLE | Rem: N/A | Orders: 0
2025-12-14 15:53:21,188 [INFO]    [xrp-updown-15m-1765723500] IDLE | Rem: N/A | Orders: 0
2025-12-14 15:53:29,548 [INFO] Stopping...
2025-12-14 15:53:33,302 [INFO] --- GABAGOOL LITE INITIALIZATION ---
2025-12-14 15:53:33,305 [INFO] [ALERT] CLOB client authentifié initialisé sur https://clob.polymarket.com
2025-12-14 15:53:33,306 [WARNING] MODE LIVE - ORDRES RÉELS POSSIBLES
2025-12-14 15:53:33,306 [INFO] API Client Authenticated.
2025-12-14 15:53:33,306 [INFO] Scanning for active markets...
2025-12-14 15:53:36,234 [INFO] Tracking: btc-updown-15m-1765723500
2025-12-14 15:53:36,235 [INFO] Tracking: eth-updown-15m-1765723500
2025-12-14 15:53:36,235 [INFO] Tracking: sol-updown-15m-1765723500
2025-12-14 15:53:36,235 [INFO] Tracking: xrp-updown-15m-1765723500
2025-12-14 15:53:36,235 [INFO] Orchestrator initialized with 4 markets.
2025-12-14 15:53:41,471 [INFO] --- HEARTBEAT (Cycle 5.24s) ---
2025-12-14 15:53:41,472 [INFO]    [btc-updown-15m-1765723500] IDLE | Rem: 381s | Orders: 0
2025-12-14 15:53:41,472 [INFO]    [eth-updown-15m-1765723500] IDLE | Rem: 381s | Orders: 0
2025-12-14 15:53:41,472 [INFO]    [sol-updown-15m-1765723500] IDLE | Rem: 380s | Orders: 0
2025-12-14 15:53:41,472 [INFO]    [xrp-updown-15m-1765723500] IDLE | Rem: 379s | Orders: 0
2025-12-14 15:53:51,547 [INFO] --- HEARTBEAT (Cycle 5.02s) ---
2025-12-14 15:53:51,547 [INFO]    [btc-updown-15m-1765723500] IDLE | Rem: 371s | Orders: 0
2025-12-14 15:53:51,547 [INFO]    [eth-updown-15m-1765723500] IDLE | Rem: 371s | Orders: 0
2025-12-14 15:53:51,552 [INFO]    [sol-updown-15m-1765723500] IDLE | Rem: 370s | Orders: 0
2025-12-14 15:53:51,552 [INFO]    [xrp-updown-15m-1765723500] IDLE | Rem: 369s | Orders: 0
2025-12-14 15:54:01,710 [INFO] --- HEARTBEAT (Cycle 4.90s) ---
2025-12-14 15:54:01,710 [INFO]    [btc-updown-15m-1765723500] IDLE | Rem: 361s | Orders: 0
2025-12-14 15:54:01,711 [INFO]    [eth-updown-15m-1765723500] IDLE | Rem: 360s | Orders: 0
2025-12-14 15:54:01,711 [INFO]    [sol-updown-15m-1765723500] IDLE | Rem: 360s | Orders: 0
2025-12-14 15:54:01,711 [INFO]    [xrp-updown-15m-1765723500] IDLE | Rem: 359s | Orders: 0
2025-12-14 15:54:12,417 [INFO] --- HEARTBEAT (Cycle 5.52s) ---
2025-12-14 15:54:12,417 [INFO]    [btc-updown-15m-1765723500] IDLE | Rem: 351s | Orders: 0
2025-12-14 15:54:12,418 [INFO]    [eth-updown-15m-1765723500] IDLE | Rem: 350s | Orders: 0
2025-12-14 15:54:12,418 [INFO]    [sol-updown-15m-1765723500] IDLE | Rem: 349s | Orders: 0
2025-12-14 15:54:12,418 [INFO]    [xrp-updown-15m-1765723500] IDLE | Rem: 348s | Orders: 0
2025-12-14 15:54:22,446 [INFO] --- HEARTBEAT (Cycle 4.98s) ---
2025-12-14 15:54:22,446 [INFO]    [btc-updown-15m-1765723500] IDLE | Rem: 340s | Orders: 0
2025-12-14 15:54:22,446 [INFO]    [eth-updown-15m-1765723500] IDLE | Rem: 340s | Orders: 0
2025-12-14 15:54:22,446 [INFO]    [sol-updown-15m-1765723500] IDLE | Rem: 339s | Orders: 0
2025-12-14 15:54:22,447 [INFO]    [xrp-updown-15m-1765723500] IDLE | Rem: 338s | Orders: 0
2025-12-14 15:54:32,874 [INFO] --- HEARTBEAT (Cycle 5.26s) ---
2025-12-14 15:54:32,874 [INFO]    [btc-updown-15m-1765723500] IDLE | Rem: 330s | Orders: 0
2025-12-14 15:54:32,874 [INFO]    [eth-updown-15m-1765723500] IDLE | Rem: 329s | Orders: 0
2025-12-14 15:54:32,874 [INFO]    [sol-updown-15m-1765723500] IDLE | Rem: 329s | Orders: 0
2025-12-14 15:54:32,875 [INFO]    [xrp-updown-15m-1765723500] IDLE | Rem: 328s | Orders: 0
2025-12-14 15:54:47,654 [INFO] --- HEARTBEAT (Cycle 4.83s) ---
2025-12-14 15:54:47,654 [INFO]    [btc-updown-15m-1765723500] IDLE | Rem: 315s | Orders: 0
2025-12-14 15:54:47,654 [INFO]    [eth-updown-15m-1765723500] IDLE | Rem: 314s | Orders: 0
2025-12-14 15:54:47,654 [INFO]    [sol-updown-15m-1765723500] IDLE | Rem: 314s | Orders: 0
2025-12-14 15:54:47,654 [INFO]    [xrp-updown-15m-1765723500] IDLE | Rem: 313s | Orders: 0
2025-12-14 15:54:50,488 [INFO] Stopping...
2025-12-14 15:56:21,320 [INFO] --- GABAGOOL LITE INITIALIZATION ---
2025-12-14 15:56:21,323 [INFO] [ALERT] CLOB client authentifié initialisé sur https://clob.polymarket.com
2025-12-14 15:56:21,323 [WARNING] MODE LIVE - ORDRES RÉELS POSSIBLES
2025-12-14 15:56:21,323 [INFO] API Client Authenticated.
2025-12-14 15:56:21,323 [INFO] Scanning for active markets...
2025-12-14 15:56:24,359 [INFO] Tracking: btc-updown-15m-1765723500
2025-12-14 15:56:24,359 [INFO] Tracking: eth-updown-15m-1765723500
2025-12-14 15:56:24,359 [INFO] Tracking: sol-updown-15m-1765723500
2025-12-14 15:56:24,359 [INFO] Tracking: xrp-updown-15m-1765723500
2025-12-14 15:56:24,359 [INFO] Orchestrator initialized with 4 markets.
2025-12-14 15:56:29,445 [INFO] --- HEARTBEAT (Cycle 5.09s) ---
2025-12-14 15:56:29,445 [INFO]    [btc-updown-15m-1765723500] IDLE | Rem: 213s | Orders: 0
2025-12-14 15:56:29,445 [INFO]    [eth-updown-15m-1765723500] IDLE | Rem: 213s | Orders: 0
2025-12-14 15:56:29,445 [INFO]    [sol-updown-15m-1765723500] IDLE | Rem: 212s | Orders: 0
2025-12-14 15:56:29,446 [INFO]    [xrp-updown-15m-1765723500] IDLE | Rem: 211s | Orders: 0
2025-12-14 15:56:39,706 [INFO] --- HEARTBEAT (Cycle 4.88s) ---
2025-12-14 15:56:39,707 [INFO]    [btc-updown-15m-1765723500] IDLE | Rem: 203s | Orders: 0
2025-12-14 15:56:39,707 [INFO]    [eth-updown-15m-1765723500] IDLE | Rem: 203s | Orders: 0
2025-12-14 15:56:39,707 [INFO]    [sol-updown-15m-1765723500] IDLE | Rem: 202s | Orders: 0
2025-12-14 15:56:39,707 [INFO]    [xrp-updown-15m-1765723500] IDLE | Rem: 201s | Orders: 0
2025-12-14 15:56:49,797 [INFO] --- HEARTBEAT (Cycle 4.95s) ---
2025-12-14 15:56:49,797 [INFO]    [btc-updown-15m-1765723500] IDLE | Rem: 193s | Orders: 0
2025-12-14 15:56:49,797 [INFO]    [eth-updown-15m-1765723500] IDLE | Rem: 192s | Orders: 0
2025-12-14 15:56:49,798 [INFO]    [sol-updown-15m-1765723500] IDLE | Rem: 192s | Orders: 0
2025-12-14 15:56:49,798 [INFO]    [xrp-updown-15m-1765723500] IDLE | Rem: 191s | Orders: 0
2025-12-14 15:57:04,712 [INFO] --- HEARTBEAT (Cycle 4.95s) ---
2025-12-14 15:57:04,712 [INFO]    [btc-updown-15m-1765723500] IDLE | Rem: 178s | Orders: 0
2025-12-14 15:57:04,712 [INFO]    [eth-updown-15m-1765723500] IDLE | Rem: 177s | Orders: 0
2025-12-14 15:57:04,712 [INFO]    [sol-updown-15m-1765723500] IDLE | Rem: 177s | Orders: 0
2025-12-14 15:57:04,712 [INFO]    [xrp-updown-15m-1765723500] IDLE | Rem: 176s | Orders: 0
2025-12-14 15:57:14,886 [INFO] --- HEARTBEAT (Cycle 5.03s) ---
2025-12-14 15:57:14,887 [INFO]    [btc-updown-15m-1765723500] IDLE | Rem: 168s | Orders: 0
2025-12-14 15:57:14,887 [INFO]    [eth-updown-15m-1765723500] IDLE | Rem: 167s | Orders: 0
2025-12-14 15:57:14,887 [INFO]    [sol-updown-15m-1765723500] IDLE | Rem: 167s | Orders: 0
2025-12-14 15:57:14,887 [INFO]    [xrp-updown-15m-1765723500] IDLE | Rem: 166s | Orders: 0
2025-12-14 15:57:24,889 [INFO] --- HEARTBEAT (Cycle 4.94s) ---
2025-12-14 15:57:24,889 [INFO]    [btc-updown-15m-1765723500] IDLE | Rem: 158s | Orders: 0
2025-12-14 15:57:24,889 [INFO]    [eth-updown-15m-1765723500] IDLE | Rem: 157s | Orders: 0
2025-12-14 15:57:24,889 [INFO]    [sol-updown-15m-1765723500] IDLE | Rem: 157s | Orders: 0
2025-12-14 15:57:24,889 [INFO]    [xrp-updown-15m-1765723500] IDLE | Rem: 156s | Orders: 0
2025-12-14 15:57:35,253 [INFO] --- HEARTBEAT (Cycle 5.01s) ---
2025-12-14 15:57:35,253 [INFO]    [btc-updown-15m-1765723500] IDLE | Rem: 148s | Orders: 0
2025-12-14 15:57:35,253 [INFO]    [eth-updown-15m-1765723500] IDLE | Rem: 147s | Orders: 0
2025-12-14 15:57:35,253 [INFO]    [sol-updown-15m-1765723500] IDLE | Rem: 146s | Orders: 0
2025-12-14 15:57:35,253 [INFO]    [xrp-updown-15m-1765723500] IDLE | Rem: 146s | Orders: 0
2025-12-14 15:57:39,761 [INFO] [eth-updown-15m-1765723500] IDLE | T-141s
  YES: bid=0.010 ask=0.000 | NO: bid=0.000 ask=0.990
  q_yes=0.00 q_no=0.00 | avg_yes=0.000 avg_no=0.000
  exposure=$0.00 | mtm_pnl=$+0.00 | locked=$-0.00
  exposure=$0.00 | mtm_pnl=$+0.00 | locked=$-0.00
  orders: 0 | fills: 0 ()
2025-12-14 15:57:44,864 [INFO] [eth-updown-15m-1765723500] IDLE | T-136s
  YES: bid=0.010 ask=0.000 | NO: bid=0.000 ask=0.990
  q_yes=0.00 q_no=0.00 | avg_yes=0.000 avg_no=0.000
  exposure=$0.00 | mtm_pnl=$+0.00 | locked=$-0.00
  exposure=$0.00 | mtm_pnl=$+0.00 | locked=$-0.00
  orders: 0 | fills: 0 ()
2025-12-14 15:57:45,318 [INFO] --- HEARTBEAT (Cycle 5.03s) ---
2025-12-14 15:57:45,318 [INFO]    [btc-updown-15m-1765723500] IDLE | Rem: 138s | Orders: 0
2025-12-14 15:57:45,318 [INFO]    [eth-updown-15m-1765723500] IDLE | Rem: 137s | Orders: 0
2025-12-14 15:57:45,318 [INFO]    [sol-updown-15m-1765723500] IDLE | Rem: 136s | Orders: 0
2025-12-14 15:57:45,319 [INFO]    [xrp-updown-15m-1765723500] IDLE | Rem: 136s | Orders: 0
2025-12-14 15:57:49,817 [INFO] [eth-updown-15m-1765723500] IDLE | T-131s
  YES: bid=0.010 ask=0.000 | NO: bid=0.000 ask=0.990
  q_yes=0.00 q_no=0.00 | avg_yes=0.000 avg_no=0.000
  exposure=$0.00 | mtm_pnl=$+0.00 | locked=$-0.00
  exposure=$0.00 | mtm_pnl=$+0.00 | locked=$-0.00
  orders: 0 | fills: 0 ()
2025-12-14 15:57:54,935 [INFO] [eth-updown-15m-1765723500] IDLE | T-126s
  YES: bid=0.010 ask=0.000 | NO: bid=0.000 ask=0.990
  q_yes=0.00 q_no=0.00 | avg_yes=0.000 avg_no=0.000
  exposure=$0.00 | mtm_pnl=$+0.00 | locked=$-0.00
  exposure=$0.00 | mtm_pnl=$+0.00 | locked=$-0.00
  orders: 0 | fills: 0 ()
2025-12-14 15:57:55,362 [INFO] --- HEARTBEAT (Cycle 5.01s) ---
2025-12-14 15:57:55,363 [INFO]    [btc-updown-15m-1765723500] IDLE | Rem: 127s | Orders: 0
2025-12-14 15:57:55,363 [INFO]    [eth-updown-15m-1765723500] IDLE | Rem: 127s | Orders: 0
2025-12-14 15:57:55,363 [INFO]    [sol-updown-15m-1765723500] IDLE | Rem: 126s | Orders: 0
2025-12-14 15:57:55,363 [INFO]    [xrp-updown-15m-1765723500] IDLE | Rem: 126s | Orders: 0
2025-12-14 15:57:59,911 [INFO] [eth-updown-15m-1765723500] IDLE | T-121s
  YES: bid=0.010 ask=0.000 | NO: bid=0.000 ask=0.990
  q_yes=0.00 q_no=0.00 | avg_yes=0.000 avg_no=0.000
  exposure=$0.00 | mtm_pnl=$+0.00 | locked=$-0.00
  exposure=$0.00 | mtm_pnl=$+0.00 | locked=$-0.00
  orders: 0 | fills: 0 ()
2025-12-14 15:58:05,261 [INFO] [eth-updown-15m-1765723500] IDLE | T-116s
  YES: bid=0.010 ask=0.000 | NO: bid=0.000 ask=0.990
  q_yes=0.00 q_no=0.00 | avg_yes=0.000 avg_no=0.000
  exposure=$0.00 | mtm_pnl=$+0.00 | locked=$-0.00
  exposure=$0.00 | mtm_pnl=$+0.00 | locked=$-0.00
  orders: 0 | fills: 0 ()
2025-12-14 15:58:05,705 [INFO] --- HEARTBEAT (Cycle 5.25s) ---
2025-12-14 15:58:05,705 [INFO]    [btc-updown-15m-1765723500] IDLE | Rem: 117s | Orders: 0
2025-12-14 15:58:05,706 [INFO]    [eth-updown-15m-1765723500] IDLE | Rem: 117s | Orders: 0
2025-12-14 15:58:05,706 [INFO]    [sol-updown-15m-1765723500] IDLE | Rem: 116s | Orders: 0
2025-12-14 15:58:05,706 [INFO]    [xrp-updown-15m-1765723500] IDLE | Rem: 115s | Orders: 0
2025-12-14 15:58:10,264 [INFO] [eth-updown-15m-1765723500] IDLE | T-111s
  YES: bid=0.010 ask=0.000 | NO: bid=0.000 ask=0.990
  q_yes=0.00 q_no=0.00 | avg_yes=0.000 avg_no=0.000
  exposure=$0.00 | mtm_pnl=$+0.00 | locked=$-0.00
  exposure=$0.00 | mtm_pnl=$+0.00 | locked=$-0.00
  orders: 0 | fills: 0 ()
2025-12-14 15:58:15,295 [INFO] [eth-updown-15m-1765723500] IDLE | T-106s
  YES: bid=0.010 ask=0.000 | NO: bid=0.000 ask=0.990
  q_yes=0.00 q_no=0.00 | avg_yes=0.000 avg_no=0.000
  exposure=$0.00 | mtm_pnl=$+0.00 | locked=$-0.00
  exposure=$0.00 | mtm_pnl=$+0.00 | locked=$-0.00
  orders: 0 | fills: 0 ()
2025-12-14 15:58:15,717 [INFO] --- HEARTBEAT (Cycle 4.91s) ---
2025-12-14 15:58:15,717 [INFO]    [btc-updown-15m-1765723500] IDLE | Rem: 107s | Orders: 0
2025-12-14 15:58:15,718 [INFO]    [eth-updown-15m-1765723500] IDLE | Rem: 106s | Orders: 0
2025-12-14 15:58:15,718 [INFO]    [sol-updown-15m-1765723500] IDLE | Rem: 106s | Orders: 0
2025-12-14 15:58:15,718 [INFO]    [xrp-updown-15m-1765723500] IDLE | Rem: 105s | Orders: 0
2025-12-14 15:58:20,287 [INFO] [eth-updown-15m-1765723500] IDLE | T-101s
  YES: bid=0.010 ask=0.000 | NO: bid=0.000 ask=0.990
  q_yes=0.00 q_no=0.00 | avg_yes=0.000 avg_no=0.000
  exposure=$0.00 | mtm_pnl=$+0.00 | locked=$-0.00
  exposure=$0.00 | mtm_pnl=$+0.00 | locked=$-0.00
  orders: 0 | fills: 0 ()
2025-12-14 15:58:25,614 [INFO] [eth-updown-15m-1765723500] IDLE | T-96s
  YES: bid=0.010 ask=0.000 | NO: bid=0.000 ask=0.990
  q_yes=0.00 q_no=0.00 | avg_yes=0.000 avg_no=0.000
  exposure=$0.00 | mtm_pnl=$+0.00 | locked=$-0.00
  exposure=$0.00 | mtm_pnl=$+0.00 | locked=$-0.00
  orders: 0 | fills: 0 ()
2025-12-14 15:58:26,075 [INFO] --- HEARTBEAT (Cycle 5.26s) ---
2025-12-14 15:58:26,075 [INFO]    [btc-updown-15m-1765723500] IDLE | Rem: 97s | Orders: 0
2025-12-14 15:58:26,075 [INFO]    [eth-updown-15m-1765723500] IDLE | Rem: 96s | Orders: 0
2025-12-14 15:58:26,075 [INFO]    [sol-updown-15m-1765723500] IDLE | Rem: 96s | Orders: 0
2025-12-14 15:58:26,076 [INFO]    [xrp-updown-15m-1765723500] IDLE | Rem: 95s | Orders: 0
2025-12-14 15:58:30,689 [INFO] [btc-updown-15m-1765723500] IDLE | T-91s
  YES: bid=0.010 ask=0.000 | NO: bid=0.000 ask=0.990
  q_yes=0.00 q_no=0.00 | avg_yes=0.000 avg_no=0.000
  exposure=$0.00 | mtm_pnl=$+0.00 | locked=$-0.00
  exposure=$0.00 | mtm_pnl=$+0.00 | locked=$-0.00
  orders: 0 | fills: 0 ()
2025-12-14 15:58:33,141 [INFO] Stopping...
2025-12-14 16:03:14,737 [INFO] --- GABAGOOL LITE INITIALIZATION ---
2025-12-14 16:03:14,742 [INFO] [ALERT] CLOB client authentifié initialisé sur https://clob.polymarket.com
2025-12-14 16:03:14,742 [WARNING] MODE LIVE - ORDRES RÉELS POSSIBLES
2025-12-14 16:03:14,742 [INFO] API Client Authenticated.
2025-12-14 16:03:14,742 [INFO] Scanning for active markets...
2025-12-14 16:03:17,595 [INFO] Tracking: btc-updown-15m-1765724400
2025-12-14 16:03:17,595 [INFO] Tracking: eth-updown-15m-1765724400
2025-12-14 16:03:17,595 [INFO] Tracking: sol-updown-15m-1765724400
2025-12-14 16:03:17,596 [INFO] Tracking: xrp-updown-15m-1765724400
2025-12-14 16:03:17,596 [INFO] Orchestrator initialized with 4 markets.
2025-12-14 16:03:22,114 [CRITICAL] Crash: 'MarketMetrics' object has no attribute 'lockable_pnl'
Traceback (most recent call last):
  File "E:\Cursor Project\Polymarket_bot_arbitrage\live_gabagool_lite.py", line 209, in main
    orchestrator.tick()
  File "E:\Cursor Project\Polymarket_bot_arbitrage\gabagool_lite\orchestrator.py", line 71, in tick
    self.csv_logger.log_tick(strat)
  File "E:\Cursor Project\Polymarket_bot_arbitrage\gabagool_lite\csv_logger.py", line 76, in log_tick
    "lock_pnl": round(metrics.lockable_pnl, 2),
                      ^^^^^^^^^^^^^^^^^^^^
AttributeError: 'MarketMetrics' object has no attribute 'lockable_pnl'. Did you mean: 'locked_pnl'?
2025-12-14 16:04:57,573 [INFO] --- GABAGOOL LITE INITIALIZATION ---
2025-12-14 16:04:57,577 [INFO] [ALERT] CLOB client authentifié initialisé sur https://clob.polymarket.com
2025-12-14 16:04:57,577 [WARNING] MODE LIVE - ORDRES RÉELS POSSIBLES
2025-12-14 16:04:57,578 [INFO] API Client Authenticated.
2025-12-14 16:04:57,578 [INFO] Scanning for active markets...
2025-12-14 16:05:00,519 [INFO] Tracking: btc-updown-15m-1765724400
2025-12-14 16:05:00,519 [INFO] Tracking: eth-updown-15m-1765724400
2025-12-14 16:05:00,519 [INFO] Tracking: sol-updown-15m-1765724400
2025-12-14 16:05:00,519 [INFO] Tracking: xrp-updown-15m-1765724400
2025-12-14 16:05:00,519 [INFO] Orchestrator initialized with 4 markets.
2025-12-14 16:05:05,805 [INFO] --- HEARTBEAT (Cycle 5.29s) ---
2025-12-14 16:05:05,806 [INFO]    [btc-updown-15m-1765724400] IDLE | Rem: 597s | Orders: 0
2025-12-14 16:05:05,806 [INFO]    [eth-updown-15m-1765724400] IDLE | Rem: 596s | Orders: 0
2025-12-14 16:05:05,806 [INFO]    [sol-updown-15m-1765724400] IDLE | Rem: 596s | Orders: 0
2025-12-14 16:05:05,806 [INFO]    [xrp-updown-15m-1765724400] IDLE | Rem: 595s | Orders: 0
2025-12-14 16:05:20,610 [INFO] --- HEARTBEAT (Cycle 4.74s) ---
2025-12-14 16:05:20,610 [INFO]    [btc-updown-15m-1765724400] IDLE | Rem: 582s | Orders: 0
2025-12-14 16:05:20,610 [INFO]    [eth-updown-15m-1765724400] IDLE | Rem: 581s | Orders: 0
2025-12-14 16:05:20,611 [INFO]    [sol-updown-15m-1765724400] IDLE | Rem: 581s | Orders: 0
2025-12-14 16:05:20,611 [INFO]    [xrp-updown-15m-1765724400] IDLE | Rem: 580s | Orders: 0
2025-12-14 16:05:35,512 [INFO] --- HEARTBEAT (Cycle 4.98s) ---
2025-12-14 16:05:35,513 [INFO]    [btc-updown-15m-1765724400] IDLE | Rem: 567s | Orders: 0
2025-12-14 16:05:35,513 [INFO]    [eth-updown-15m-1765724400] IDLE | Rem: 567s | Orders: 0
2025-12-14 16:05:35,513 [INFO]    [sol-updown-15m-1765724400] IDLE | Rem: 566s | Orders: 0
2025-12-14 16:05:35,513 [INFO]    [xrp-updown-15m-1765724400] IDLE | Rem: 565s | Orders: 0
2025-12-14 16:05:50,291 [INFO] --- HEARTBEAT (Cycle 4.85s) ---
2025-12-14 16:05:50,291 [INFO]    [btc-updown-15m-1765724400] IDLE | Rem: 553s | Orders: 0
2025-12-14 16:05:50,291 [INFO]    [eth-updown-15m-1765724400] IDLE | Rem: 552s | Orders: 0
2025-12-14 16:05:50,291 [INFO]    [sol-updown-15m-1765724400] IDLE | Rem: 551s | Orders: 0
2025-12-14 16:05:50,291 [INFO]    [xrp-updown-15m-1765724400] IDLE | Rem: 551s | Orders: 0
2025-12-14 16:06:00,307 [INFO] --- HEARTBEAT (Cycle 4.90s) ---
2025-12-14 16:06:00,307 [INFO]    [btc-updown-15m-1765724400] IDLE | Rem: 542s | Orders: 0
2025-12-14 16:06:00,308 [INFO]    [eth-updown-15m-1765724400] IDLE | Rem: 542s | Orders: 0
2025-12-14 16:06:00,308 [INFO]    [sol-updown-15m-1765724400] IDLE | Rem: 541s | Orders: 0
2025-12-14 16:06:00,308 [INFO]    [xrp-updown-15m-1765724400] IDLE | Rem: 541s | Orders: 0
2025-12-14 16:06:09,504 [INFO] Stopping...
2025-12-14 16:08:13,765 [INFO] --- GABAGOOL LITE INITIALIZATION ---
2025-12-14 16:08:13,769 [INFO] [ALERT] CLOB client authentifié initialisé sur https://clob.polymarket.com
2025-12-14 16:08:13,769 [WARNING] MODE LIVE - ORDRES RÉELS POSSIBLES
2025-12-14 16:08:13,769 [INFO] API Client Authenticated.
2025-12-14 16:08:13,769 [INFO] Scanning for active markets...
2025-12-14 16:08:16,857 [INFO] Tracking: btc-updown-15m-1765724400
2025-12-14 16:08:16,857 [INFO] Tracking: eth-updown-15m-1765724400
2025-12-14 16:08:16,857 [INFO] Tracking: sol-updown-15m-1765724400
2025-12-14 16:08:16,857 [INFO] Tracking: xrp-updown-15m-1765724400
2025-12-14 16:08:16,859 [INFO] Orchestrator initialized with 4 markets.
2025-12-14 16:08:21,937 [INFO] [xrp-updown-15m-1765724400] Skip Accum: AskY=0.670 (Req<0.3) AskN=0.350 (Req<0.3)
2025-12-14 16:08:22,155 [INFO] [xrp-updown-15m-1765724400] IDLE | T-398s
  YES: bid=0.650 ask=0.670 | NO: bid=0.330 ask=0.350
  q_yes=0.00 q_no=0.00 | avg_yes=0.000 avg_no=0.000
  exposure=$0.00 | mtm_pnl=$+0.00 | locked=$-0.00
  exposure=$0.00 | mtm_pnl=$+0.00 | locked=$-0.00
  orders: 0 | fills: 0 ()
2025-12-14 16:08:22,156 [INFO] --- HEARTBEAT (Cycle 5.30s) ---
2025-12-14 16:08:22,156 [INFO]    [btc-updown-15m-1765724400] IDLE | Rem: 401s | Orders: 0
2025-12-14 16:08:22,156 [INFO]    [eth-updown-15m-1765724400] IDLE | Rem: 400s | Orders: 0
2025-12-14 16:08:22,156 [INFO]    [sol-updown-15m-1765724400] IDLE | Rem: 399s | Orders: 0
2025-12-14 16:08:22,156 [INFO]    [xrp-updown-15m-1765724400] IDLE | Rem: 399s | Orders: 0
2025-12-14 16:08:26,766 [INFO] [xrp-updown-15m-1765724400] Skip Accum: AskY=0.660 (Req<0.3) AskN=0.360 (Req<0.3)
2025-12-14 16:08:26,980 [INFO] [xrp-updown-15m-1765724400] IDLE | T-393s
  YES: bid=0.640 ask=0.660 | NO: bid=0.340 ask=0.360
  q_yes=0.00 q_no=0.00 | avg_yes=0.000 avg_no=0.000
  exposure=$0.00 | mtm_pnl=$+0.00 | locked=$-0.00
  exposure=$0.00 | mtm_pnl=$+0.00 | locked=$-0.00
  orders: 0 | fills: 0 ()
2025-12-14 16:08:31,355 [INFO] [eth-updown-15m-1765724400] IDLE -> ACCUMULATE (Signal YES 0.29)
2025-12-14 16:08:31,563 [INFO] [eth-updown-15m-1765724400] Reconcile: Cancel 0, Create 2
2025-12-14 16:08:32,725 [INFO] [eth-updown-15m-1765724400] IDLE | T-390s
  YES: bid=0.270 ask=0.290 | NO: bid=0.720 ask=0.730
  q_yes=0.00 q_no=0.00 | avg_yes=0.000 avg_no=0.000
  exposure=$0.00 | mtm_pnl=$+0.00 | locked=$-0.00
  exposure=$0.00 | mtm_pnl=$+0.00 | locked=$-0.00
  orders: 0 | fills: 0 ()
2025-12-14 16:08:33,163 [INFO] --- HEARTBEAT (Cycle 6.08s) ---
2025-12-14 16:08:33,164 [INFO]    [btc-updown-15m-1765724400] IDLE | Rem: 391s | Orders: 0
2025-12-14 16:08:33,164 [INFO]    [eth-updown-15m-1765724400] ACCUMULATE | Rem: 390s | Orders: 0
2025-12-14 16:08:33,164 [INFO]    [sol-updown-15m-1765724400] IDLE | Rem: 390s | Orders: 0
2025-12-14 16:08:33,164 [INFO]    [xrp-updown-15m-1765724400] IDLE | Rem: 389s | Orders: 0
2025-12-14 16:08:37,713 [INFO] [eth-updown-15m-1765724400] Reconcile: Cancel 1, Create 1
2025-12-14 16:08:38,363 [INFO] [eth-updown-15m-1765724400] ACCUMULATE | T-384s
  YES: bid=0.280 ask=0.290 | NO: bid=0.710 ask=0.720
  q_yes=0.00 q_no=0.00 | avg_yes=0.000 avg_no=0.000
  exposure=$0.00 | mtm_pnl=$+0.00 | locked=$-0.00
  exposure=$0.00 | mtm_pnl=$+0.00 | locked=$-0.00
  orders: 0 | fills: 0 ()
2025-12-14 16:08:43,356 [INFO] [eth-updown-15m-1765724400] ACCUMULATE -> IDLE (Price runaway, empty bag)
2025-12-14 16:08:43,568 [INFO] [eth-updown-15m-1765724400] Reconcile: Cancel 2, Create 0
2025-12-14 16:08:44,194 [INFO] [eth-updown-15m-1765724400] ACCUMULATE | T-378s
  YES: bid=0.340 ask=0.360 | NO: bid=0.640 ask=0.660
  q_yes=0.00 q_no=0.00 | avg_yes=0.000 avg_no=0.000
  exposure=$0.00 | mtm_pnl=$+0.00 | locked=$-0.00
  exposure=$0.00 | mtm_pnl=$+0.00 | locked=$-0.00
  orders: 0 | fills: 0 ()
2025-12-14 16:08:44,624 [INFO] --- HEARTBEAT (Cycle 5.73s) ---
2025-12-14 16:08:44,624 [INFO]    [btc-updown-15m-1765724400] IDLE | Rem: 379s | Orders: 0
2025-12-14 16:08:44,624 [INFO]    [eth-updown-15m-1765724400] IDLE | Rem: 378s | Orders: 0
2025-12-14 16:08:44,624 [INFO]    [sol-updown-15m-1765724400] IDLE | Rem: 378s | Orders: 0
2025-12-14 16:08:44,625 [INFO]    [xrp-updown-15m-1765724400] IDLE | Rem: 377s | Orders: 0
2025-12-14 16:08:49,109 [INFO] [eth-updown-15m-1765724400] Skip Accum: AskY=0.370 (Req<0.3) AskN=0.640 (Req<0.3)
2025-12-14 16:08:49,322 [INFO] [eth-updown-15m-1765724400] IDLE | T-372s
  YES: bid=0.360 ask=0.370 | NO: bid=0.630 ask=0.640
  q_yes=0.00 q_no=0.00 | avg_yes=0.000 avg_no=0.000
  exposure=$0.00 | mtm_pnl=$+0.00 | locked=$-0.00
  exposure=$0.00 | mtm_pnl=$+0.00 | locked=$-0.00
  orders: 0 | fills: 0 ()
2025-12-14 16:08:54,108 [INFO] [eth-updown-15m-1765724400] Skip Accum: AskY=0.370 (Req<0.3) AskN=0.650 (Req<0.3)
2025-12-14 16:08:54,329 [INFO] [eth-updown-15m-1765724400] IDLE | T-367s
  YES: bid=0.350 ask=0.370 | NO: bid=0.630 ask=0.650
  q_yes=0.00 q_no=0.00 | avg_yes=0.000 avg_no=0.000
  exposure=$0.00 | mtm_pnl=$+0.00 | locked=$-0.00
  exposure=$0.00 | mtm_pnl=$+0.00 | locked=$-0.00
  orders: 0 | fills: 0 ()
2025-12-14 16:08:54,774 [INFO] --- HEARTBEAT (Cycle 4.94s) ---
2025-12-14 16:08:54,775 [INFO]    [btc-updown-15m-1765724400] IDLE | Rem: 368s | Orders: 0
2025-12-14 16:08:54,775 [INFO]    [eth-updown-15m-1765724400] IDLE | Rem: 367s | Orders: 0
2025-12-14 16:08:54,775 [INFO]    [sol-updown-15m-1765724400] IDLE | Rem: 367s | Orders: 0
2025-12-14 16:08:54,775 [INFO]    [xrp-updown-15m-1765724400] IDLE | Rem: 366s | Orders: 0
2025-12-14 16:08:59,127 [INFO] [eth-updown-15m-1765724400] Skip Accum: AskY=0.350 (Req<0.3) AskN=0.670 (Req<0.3)
2025-12-14 16:08:59,345 [INFO] [eth-updown-15m-1765724400] IDLE | T-362s
  YES: bid=0.330 ask=0.350 | NO: bid=0.640 ask=0.670
  q_yes=0.00 q_no=0.00 | avg_yes=0.000 avg_no=0.000
  exposure=$0.00 | mtm_pnl=$+0.00 | locked=$-0.00
  exposure=$0.00 | mtm_pnl=$+0.00 | locked=$-0.00
  orders: 0 | fills: 0 ()
2025-12-14 16:09:04,155 [INFO] [eth-updown-15m-1765724400] IDLE -> ACCUMULATE (Signal YES 0.3)
2025-12-14 16:09:04,374 [INFO] [eth-updown-15m-1765724400] Reconcile: Cancel 0, Create 2
2025-12-14 16:09:05,908 [INFO] [eth-updown-15m-1765724400] IDLE | T-357s
  YES: bid=0.270 ask=0.300 | NO: bid=0.720 ask=0.740
  q_yes=0.00 q_no=0.00 | avg_yes=0.000 avg_no=0.000
  exposure=$0.00 | mtm_pnl=$+0.00 | locked=$-0.00
  exposure=$0.00 | mtm_pnl=$+0.00 | locked=$-0.00
  orders: 0 | fills: 0 ()
2025-12-14 16:09:06,324 [INFO] --- HEARTBEAT (Cycle 6.45s) ---
2025-12-14 16:09:06,324 [INFO]    [btc-updown-15m-1765724400] IDLE | Rem: 358s | Orders: 0
2025-12-14 16:09:06,324 [INFO]    [eth-updown-15m-1765724400] ACCUMULATE | Rem: 357s | Orders: 0
2025-12-14 16:09:06,324 [INFO]    [sol-updown-15m-1765724400] IDLE | Rem: 357s | Orders: 0
2025-12-14 16:09:06,324 [INFO]    [xrp-updown-15m-1765724400] IDLE | Rem: 356s | Orders: 0
2025-12-14 16:09:10,911 [INFO] [eth-updown-15m-1765724400] Reconcile: Cancel 0, Create 2
2025-12-14 16:09:11,381 [INFO] [eth-updown-15m-1765724400] ACCUMULATE | T-350s
  YES: bid=0.230 ask=0.250 | NO: bid=0.760 ask=0.770
  q_yes=0.00 q_no=0.00 | avg_yes=0.000 avg_no=0.000
  exposure=$0.00 | mtm_pnl=$+0.00 | locked=$-0.00
  exposure=$0.00 | mtm_pnl=$+0.00 | locked=$-0.00
  orders: 0 | fills: 0 ()
2025-12-14 16:09:16,370 [INFO] [eth-updown-15m-1765724400] Reconcile: Cancel 0, Create 1
2025-12-14 16:09:17,119 [INFO] [eth-updown-15m-1765724400] ACCUMULATE | T-345s
  YES: bid=0.230 ask=0.240 | NO: bid=0.760 ask=0.770
  q_yes=0.00 q_no=0.00 | avg_yes=0.000 avg_no=0.000
  exposure=$0.00 | mtm_pnl=$+0.00 | locked=$-0.00
  exposure=$0.00 | mtm_pnl=$+0.00 | locked=$-0.00
  orders: 0 | fills: 0 ()
2025-12-14 16:09:17,542 [INFO] --- HEARTBEAT (Cycle 5.61s) ---
2025-12-14 16:09:17,543 [INFO]    [btc-updown-15m-1765724400] IDLE | Rem: 346s | Orders: 0
2025-12-14 16:09:17,543 [INFO]    [eth-updown-15m-1765724400] ACCUMULATE | Rem: 345s | Orders: 0
2025-12-14 16:09:17,543 [INFO]    [sol-updown-15m-1765724400] IDLE | Rem: 345s | Orders: 0
2025-12-14 16:09:17,543 [INFO]    [xrp-updown-15m-1765724400] IDLE | Rem: 344s | Orders: 0
2025-12-14 16:09:21,761 [INFO] [btc-updown-15m-1765724400] IDLE -> ACCUMULATE (Signal YES 0.18)
2025-12-14 16:09:21,978 [INFO] [btc-updown-15m-1765724400] Reconcile: Cancel 0, Create 2
2025-12-14 16:09:23,584 [INFO] [btc-updown-15m-1765724400] IDLE | T-340s
  YES: bid=0.170 ask=0.180 | NO: bid=0.830 ask=0.840
  q_yes=0.00 q_no=0.00 | avg_yes=0.000 avg_no=0.000
  exposure=$0.00 | mtm_pnl=$+0.00 | locked=$-0.00
  exposure=$0.00 | mtm_pnl=$+0.00 | locked=$-0.00
  orders: 0 | fills: 0 ()
2025-12-14 16:09:23,796 [INFO] [eth-updown-15m-1765724400] Reconcile: Cancel 0, Create 2
2025-12-14 16:09:25,288 [INFO] [eth-updown-15m-1765724400] ACCUMULATE | T-339s
  YES: bid=0.170 ask=0.180 | NO: bid=0.820 ask=0.830
  q_yes=0.00 q_no=0.00 | avg_yes=0.000 avg_no=0.000
  exposure=$0.00 | mtm_pnl=$+0.00 | locked=$-0.00
  exposure=$0.00 | mtm_pnl=$+0.00 | locked=$-0.00
  orders: 0 | fills: 0 ()
2025-12-14 16:09:30,134 [INFO] [btc-updown-15m-1765724400] Reconcile: Cancel 0, Create 2
2025-12-14 16:09:30,590 [INFO] [btc-updown-15m-1765724400] ACCUMULATE | T-332s
  YES: bid=0.140 ask=0.150 | NO: bid=0.840 ask=0.860
  q_yes=0.00 q_no=0.00 | avg_yes=0.000 avg_no=0.000
  exposure=$0.00 | mtm_pnl=$+0.00 | locked=$-0.00
  exposure=$0.00 | mtm_pnl=$+0.00 | locked=$-0.00
  orders: 0 | fills: 0 ()
2025-12-14 16:09:30,849 [INFO] [eth-updown-15m-1765724400] Reconcile: Cancel 0, Create 2
2025-12-14 16:09:31,303 [INFO] [eth-updown-15m-1765724400] ACCUMULATE | T-331s
  YES: bid=0.130 ask=0.150 | NO: bid=0.850 ask=0.870
  q_yes=0.00 q_no=0.00 | avg_yes=0.000 avg_no=0.000
  exposure=$0.00 | mtm_pnl=$+0.00 | locked=$-0.00
  exposure=$0.00 | mtm_pnl=$+0.00 | locked=$-0.00
  orders: 0 | fills: 0 ()
2025-12-14 16:09:31,735 [INFO] --- HEARTBEAT (Cycle 5.93s) ---
2025-12-14 16:09:31,735 [INFO]    [btc-updown-15m-1765724400] ACCUMULATE | Rem: 332s | Orders: 0
2025-12-14 16:09:31,735 [INFO]    [eth-updown-15m-1765724400] ACCUMULATE | Rem: 331s | Orders: 0
2025-12-14 16:09:31,736 [INFO]    [sol-updown-15m-1765724400] IDLE | Rem: 331s | Orders: 0
2025-12-14 16:09:31,736 [INFO]    [xrp-updown-15m-1765724400] IDLE | Rem: 330s | Orders: 0
2025-12-14 16:09:36,065 [INFO] [btc-updown-15m-1765724400] Reconcile: Cancel 0, Create 2
2025-12-14 16:09:37,043 [INFO] [btc-updown-15m-1765724400] ACCUMULATE | T-326s
  YES: bid=0.110 ask=0.120 | NO: bid=0.880 ask=0.890
  q_yes=0.00 q_no=0.00 | avg_yes=0.000 avg_no=0.000
  exposure=$0.00 | mtm_pnl=$+0.00 | locked=$-0.00
  exposure=$0.00 | mtm_pnl=$+0.00 | locked=$-0.00
  orders: 0 | fills: 0 ()
2025-12-14 16:09:37,264 [INFO] [eth-updown-15m-1765724400] Reconcile: Cancel 0, Create 1
2025-12-14 16:09:37,484 [INFO] [eth-updown-15m-1765724400] ACCUMULATE | T-325s
  YES: bid=0.120 ask=0.130 | NO: bid=0.880 ask=0.890
  q_yes=0.00 q_no=0.00 | avg_yes=0.000 avg_no=0.000
  exposure=$0.00 | mtm_pnl=$+0.00 | locked=$-0.00
  exposure=$0.00 | mtm_pnl=$+0.00 | locked=$-0.00
  orders: 0 | fills: 0 ()
2025-12-14 16:09:42,451 [INFO] [btc-updown-15m-1765724400] Reconcile: Cancel 0, Create 2
2025-12-14 16:09:42,905 [INFO] [btc-updown-15m-1765724400] ACCUMULATE | T-319s
  YES: bid=0.070 ask=0.090 | NO: bid=0.920 ask=0.930
  q_yes=0.00 q_no=0.00 | avg_yes=0.000 avg_no=0.000
  exposure=$0.00 | mtm_pnl=$+0.00 | locked=$-0.00
  exposure=$0.00 | mtm_pnl=$+0.00 | locked=$-0.00
  orders: 0 | fills: 0 ()
2025-12-14 16:09:43,119 [INFO] [eth-updown-15m-1765724400] Reconcile: Cancel 0, Create 2
2025-12-14 16:09:43,572 [INFO] [eth-updown-15m-1765724400] ACCUMULATE | T-319s
  YES: bid=0.100 ask=0.110 | NO: bid=0.890 ask=0.900
  q_yes=0.00 q_no=0.00 | avg_yes=0.000 avg_no=0.000
  exposure=$0.00 | mtm_pnl=$+0.00 | locked=$-0.00
  exposure=$0.00 | mtm_pnl=$+0.00 | locked=$-0.00
  orders: 0 | fills: 0 ()
2025-12-14 16:09:44,005 [INFO] --- HEARTBEAT (Cycle 5.98s) ---
2025-12-14 16:09:44,005 [INFO]    [btc-updown-15m-1765724400] ACCUMULATE | Rem: 320s | Orders: 0
2025-12-14 16:09:44,005 [INFO]    [eth-updown-15m-1765724400] ACCUMULATE | Rem: 319s | Orders: 0
2025-12-14 16:09:44,005 [INFO]    [sol-updown-15m-1765724400] IDLE | Rem: 318s | Orders: 0
2025-12-14 16:09:44,005 [INFO]    [xrp-updown-15m-1765724400] IDLE | Rem: 318s | Orders: 0
2025-12-14 16:09:48,363 [INFO] [btc-updown-15m-1765724400] Reconcile: Cancel 1, Create 1
2025-12-14 16:09:49,004 [INFO] [btc-updown-15m-1765724400] ACCUMULATE | T-313s
  YES: bid=0.060 ask=0.080 | NO: bid=0.930 ask=0.940
  q_yes=0.00 q_no=0.00 | avg_yes=0.000 avg_no=0.000
  exposure=$0.00 | mtm_pnl=$+0.00 | locked=$-0.00
  exposure=$0.00 | mtm_pnl=$+0.00 | locked=$-0.00
  orders: 0 | fills: 0 ()
2025-12-14 16:09:49,267 [INFO] [eth-updown-15m-1765724400] Reconcile: Cancel 0, Create 1
2025-12-14 16:09:49,500 [INFO] [eth-updown-15m-1765724400] ACCUMULATE | T-313s
  YES: bid=0.090 ask=0.100 | NO: bid=0.900 ask=0.910
  q_yes=0.00 q_no=0.00 | avg_yes=0.000 avg_no=0.000
  exposure=$0.00 | mtm_pnl=$+0.00 | locked=$-0.00
  exposure=$0.00 | mtm_pnl=$+0.00 | locked=$-0.00
  orders: 0 | fills: 0 ()
2025-12-14 16:09:54,315 [INFO] [btc-updown-15m-1765724400] Reconcile: Cancel 1, Create 1
2025-12-14 16:09:54,993 [INFO] [btc-updown-15m-1765724400] ACCUMULATE | T-307s
  YES: bid=0.050 ask=0.060 | NO: bid=0.940 ask=0.950
  q_yes=0.00 q_no=0.00 | avg_yes=0.000 avg_no=0.000
  exposure=$0.00 | mtm_pnl=$+0.00 | locked=$-0.00
  exposure=$0.00 | mtm_pnl=$+0.00 | locked=$-0.00
  orders: 0 | fills: 0 ()
2025-12-14 16:09:55,204 [INFO] [eth-updown-15m-1765724400] Reconcile: Cancel 0, Create 2
2025-12-14 16:09:55,652 [INFO] [eth-updown-15m-1765724400] ACCUMULATE | T-307s
  YES: bid=0.080 ask=0.090 | NO: bid=0.910 ask=0.920
  q_yes=0.00 q_no=0.00 | avg_yes=0.000 avg_no=0.000
  exposure=$0.00 | mtm_pnl=$+0.00 | locked=$-0.00
  exposure=$0.00 | mtm_pnl=$+0.00 | locked=$-0.00
  orders: 0 | fills: 0 ()
2025-12-14 16:09:56,079 [INFO] --- HEARTBEAT (Cycle 6.04s) ---
2025-12-14 16:09:56,079 [INFO]    [btc-updown-15m-1765724400] ACCUMULATE | Rem: 308s | Orders: 0
2025-12-14 16:09:56,079 [INFO]    [eth-updown-15m-1765724400] ACCUMULATE | Rem: 307s | Orders: 0
2025-12-14 16:09:56,079 [INFO]    [sol-updown-15m-1765724400] IDLE | Rem: 307s | Orders: 0
2025-12-14 16:09:56,079 [INFO]    [xrp-updown-15m-1765724400] IDLE | Rem: 306s | Orders: 0
2025-12-14 16:10:00,403 [INFO] [btc-updown-15m-1765724400] Reconcile: Cancel 1, Create 1
2025-12-14 16:10:01,036 [INFO] [btc-updown-15m-1765724400] ACCUMULATE | T-301s
  YES: bid=0.060 ask=0.070 | NO: bid=0.940 ask=0.950
  q_yes=0.00 q_no=0.00 | avg_yes=0.000 avg_no=0.000
  exposure=$0.00 | mtm_pnl=$+0.00 | locked=$-0.00
  exposure=$0.00 | mtm_pnl=$+0.00 | locked=$-0.00
  orders: 0 | fills: 0 ()
2025-12-14 16:10:01,250 [INFO] [eth-updown-15m-1765724400] Reconcile: Cancel 1, Create 2
2025-12-14 16:10:02,171 [INFO] [eth-updown-15m-1765724400] ACCUMULATE | T-301s
  YES: bid=0.060 ask=0.070 | NO: bid=0.930 ask=0.940
  q_yes=0.00 q_no=0.00 | avg_yes=0.000 avg_no=0.000
  exposure=$0.00 | mtm_pnl=$+0.00 | locked=$-0.00
  exposure=$0.00 | mtm_pnl=$+0.00 | locked=$-0.00
  orders: 0 | fills: 0 ()
2025-12-14 16:10:06,987 [INFO] [btc-updown-15m-1765724400] Reconcile: Cancel 1, Create 1
2025-12-14 16:10:07,634 [INFO] [btc-updown-15m-1765724400] ACCUMULATE | T-295s
  YES: bid=0.070 ask=0.080 | NO: bid=0.920 ask=0.930
  q_yes=0.00 q_no=0.00 | avg_yes=0.000 avg_no=0.000
  exposure=$0.00 | mtm_pnl=$+0.00 | locked=$-0.00
  exposure=$0.00 | mtm_pnl=$+0.00 | locked=$-0.00
  orders: 0 | fills: 0 ()
2025-12-14 16:10:07,859 [INFO] [eth-updown-15m-1765724400] Reconcile: Cancel 2, Create 2
2025-12-14 16:10:09,073 [INFO] [eth-updown-15m-1765724400] ACCUMULATE | T-294s
  YES: bid=0.090 ask=0.100 | NO: bid=0.900 ask=0.910
  q_yes=0.00 q_no=0.00 | avg_yes=0.000 avg_no=0.000
  exposure=$0.00 | mtm_pnl=$+0.00 | locked=$-0.00
  exposure=$0.00 | mtm_pnl=$+0.00 | locked=$-0.00
  orders: 0 | fills: 0 ()
2025-12-14 16:10:09,506 [INFO] --- HEARTBEAT (Cycle 6.81s) ---
2025-12-14 16:10:09,506 [INFO]    [btc-updown-15m-1765724400] ACCUMULATE | Rem: 295s | Orders: 0
2025-12-14 16:10:09,506 [INFO]    [eth-updown-15m-1765724400] ACCUMULATE | Rem: 295s | Orders: 0
2025-12-14 16:10:09,506 [INFO]    [sol-updown-15m-1765724400] IDLE | Rem: 294s | Orders: 0
2025-12-14 16:10:09,508 [INFO]    [xrp-updown-15m-1765724400] IDLE | Rem: 293s | Orders: 0
2025-12-14 16:10:13,897 [INFO] [btc-updown-15m-1765724400] Reconcile: Cancel 2, Create 2
2025-12-14 16:10:15,117 [INFO] [btc-updown-15m-1765724400] ACCUMULATE | T-288s
  YES: bid=0.110 ask=0.130 | NO: bid=0.870 ask=0.890
  q_yes=0.00 q_no=0.00 | avg_yes=0.000 avg_no=0.000
  exposure=$0.00 | mtm_pnl=$+0.00 | locked=$-0.00
  exposure=$0.00 | mtm_pnl=$+0.00 | locked=$-0.00
  orders: 0 | fills: 0 ()
2025-12-14 16:10:15,339 [INFO] [eth-updown-15m-1765724400] Reconcile: Cancel 2, Create 2
2025-12-14 16:10:17,470 [INFO] [eth-updown-15m-1765724400] ACCUMULATE | T-287s
  YES: bid=0.110 ask=0.120 | NO: bid=0.880 ask=0.890
  q_yes=0.00 q_no=0.00 | avg_yes=0.000 avg_no=0.000
  exposure=$0.00 | mtm_pnl=$+0.00 | locked=$-0.00
  exposure=$0.00 | mtm_pnl=$+0.00 | locked=$-0.00
  orders: 0 | fills: 0 ()
2025-12-14 16:10:22,899 [INFO] [btc-updown-15m-1765724400] Reconcile: Cancel 0, Create 2
2025-12-14 16:10:23,370 [INFO] [btc-updown-15m-1765724400] ACCUMULATE | T-279s
  YES: bid=0.090 ask=0.100 | NO: bid=0.900 ask=0.910
  q_yes=0.00 q_no=0.00 | avg_yes=0.000 avg_no=0.000
  exposure=$0.00 | mtm_pnl=$+0.00 | locked=$-0.00
  exposure=$0.00 | mtm_pnl=$+0.00 | locked=$-0.00
  orders: 0 | fills: 0 ()
2025-12-14 16:10:23,585 [INFO] [eth-updown-15m-1765724400] Reconcile: Cancel 0, Create 2
2025-12-14 16:10:24,585 [INFO] [eth-updown-15m-1765724400] ACCUMULATE | T-278s
  YES: bid=0.060 ask=0.070 | NO: bid=0.930 ask=0.940
  q_yes=0.00 q_no=0.00 | avg_yes=0.000 avg_no=0.000
  exposure=$0.00 | mtm_pnl=$+0.00 | locked=$-0.00
  exposure=$0.00 | mtm_pnl=$+0.00 | locked=$-0.00
  orders: 0 | fills: 0 ()
2025-12-14 16:10:25,003 [INFO] --- HEARTBEAT (Cycle 6.96s) ---
2025-12-14 16:10:25,003 [INFO]    [btc-updown-15m-1765724400] ACCUMULATE | Rem: 279s | Orders: 0
2025-12-14 16:10:25,003 [INFO]    [eth-updown-15m-1765724400] ACCUMULATE | Rem: 279s | Orders: 0
2025-12-14 16:10:25,003 [INFO]    [sol-updown-15m-1765724400] IDLE | Rem: 278s | Orders: 0
2025-12-14 16:10:25,003 [INFO]    [xrp-updown-15m-1765724400] IDLE | Rem: 277s | Orders: 0
2025-12-14 16:10:29,357 [INFO] [btc-updown-15m-1765724400] Reconcile: Cancel 0, Create 2
2025-12-14 16:10:29,816 [INFO] [btc-updown-15m-1765724400] ACCUMULATE | T-272s
  YES: bid=0.070 ask=0.080 | NO: bid=0.920 ask=0.930
  q_yes=0.00 q_no=0.00 | avg_yes=0.000 avg_no=0.000
  exposure=$0.00 | mtm_pnl=$+0.00 | locked=$-0.00
  exposure=$0.00 | mtm_pnl=$+0.00 | locked=$-0.00
  orders: 0 | fills: 0 ()
2025-12-14 16:10:30,032 [INFO] [eth-updown-15m-1765724400] Reconcile: Cancel 1, Create 2
2025-12-14 16:10:30,911 [INFO] [eth-updown-15m-1765724400] ACCUMULATE | T-272s
  YES: bid=0.040 ask=0.050 | NO: bid=0.950 ask=0.960
  q_yes=0.00 q_no=0.00 | avg_yes=0.000 avg_no=0.000
  exposure=$0.00 | mtm_pnl=$+0.00 | locked=$-0.00
  exposure=$0.00 | mtm_pnl=$+0.00 | locked=$-0.00
  orders: 0 | fills: 0 ()
2025-12-14 16:10:35,799 [INFO] [btc-updown-15m-1765724400] Reconcile: Cancel 1, Create 1
2025-12-14 16:10:36,434 [INFO] [btc-updown-15m-1765724400] ACCUMULATE | T-266s
  YES: bid=0.060 ask=0.080 | NO: bid=0.920 ask=0.940
  q_yes=0.00 q_no=0.00 | avg_yes=0.000 avg_no=0.000
  exposure=$0.00 | mtm_pnl=$+0.00 | locked=$-0.00
  exposure=$0.00 | mtm_pnl=$+0.00 | locked=$-0.00
  orders: 0 | fills: 0 ()
2025-12-14 16:10:36,671 [INFO] [eth-updown-15m-1765724400] Reconcile: Cancel 1, Create 0
2025-12-14 16:10:37,095 [INFO] [eth-updown-15m-1765724400] ACCUMULATE | T-265s
  YES: bid=0.030 ask=0.050 | NO: bid=0.950 ask=0.970
  q_yes=0.00 q_no=0.00 | avg_yes=0.000 avg_no=0.000
  exposure=$0.00 | mtm_pnl=$+0.00 | locked=$-0.00
  exposure=$0.00 | mtm_pnl=$+0.00 | locked=$-0.00
  orders: 0 | fills: 0 ()
2025-12-14 16:10:37,551 [INFO] --- HEARTBEAT (Cycle 5.98s) ---
2025-12-14 16:10:37,551 [INFO]    [btc-updown-15m-1765724400] ACCUMULATE | Rem: 266s | Orders: 0
2025-12-14 16:10:37,551 [INFO]    [eth-updown-15m-1765724400] ACCUMULATE | Rem: 266s | Orders: 0
2025-12-14 16:10:37,551 [INFO]    [sol-updown-15m-1765724400] IDLE | Rem: 265s | Orders: 0
2025-12-14 16:10:37,551 [INFO]    [xrp-updown-15m-1765724400] IDLE | Rem: 264s | Orders: 0
2025-12-14 16:10:41,945 [INFO] [btc-updown-15m-1765724400] ACCUMULATE | T-260s
  YES: bid=0.060 ask=0.070 | NO: bid=0.930 ask=0.940
  q_yes=0.00 q_no=0.00 | avg_yes=0.000 avg_no=0.000
  exposure=$0.00 | mtm_pnl=$+0.00 | locked=$-0.00
  exposure=$0.00 | mtm_pnl=$+0.00 | locked=$-0.00
  orders: 0 | fills: 0 ()
2025-12-14 16:10:42,163 [INFO] [eth-updown-15m-1765724400] ACCUMULATE | T-259s
  YES: bid=0.030 ask=0.040 | NO: bid=0.950 ask=0.970
  q_yes=0.00 q_no=0.00 | avg_yes=0.000 avg_no=0.000
  exposure=$0.00 | mtm_pnl=$+0.00 | locked=$-0.00
  exposure=$0.00 | mtm_pnl=$+0.00 | locked=$-0.00
  orders: 0 | fills: 0 ()
2025-12-14 16:10:47,240 [INFO] [btc-updown-15m-1765724400] Reconcile: Cancel 1, Create 1
2025-12-14 16:10:47,934 [INFO] [btc-updown-15m-1765724400] ACCUMULATE | T-255s
  YES: bid=0.070 ask=0.080 | NO: bid=0.920 ask=0.930
  q_yes=0.00 q_no=0.00 | avg_yes=0.000 avg_no=0.000
  exposure=$0.00 | mtm_pnl=$+0.00 | locked=$-0.00
  exposure=$0.00 | mtm_pnl=$+0.00 | locked=$-0.00
  orders: 0 | fills: 0 ()
2025-12-14 16:10:48,148 [INFO] [eth-updown-15m-1765724400] ACCUMULATE | T-254s
  YES: bid=0.030 ask=0.050 | NO: bid=0.940 ask=0.970
  q_yes=0.00 q_no=0.00 | avg_yes=0.000 avg_no=0.000
  exposure=$0.00 | mtm_pnl=$+0.00 | locked=$-0.00
  exposure=$0.00 | mtm_pnl=$+0.00 | locked=$-0.00
  orders: 0 | fills: 0 ()
2025-12-14 16:10:48,587 [INFO] --- HEARTBEAT (Cycle 5.87s) ---
2025-12-14 16:10:48,587 [INFO]    [btc-updown-15m-1765724400] ACCUMULATE | Rem: 255s | Orders: 0
2025-12-14 16:10:48,588 [INFO]    [eth-updown-15m-1765724400] ACCUMULATE | Rem: 254s | Orders: 0
2025-12-14 16:10:48,588 [INFO]    [sol-updown-15m-1765724400] IDLE | Rem: 254s | Orders: 0
2025-12-14 16:10:48,588 [INFO]    [xrp-updown-15m-1765724400] IDLE | Rem: 253s | Orders: 0
2025-12-14 16:10:51,673 [INFO] Stopping...
2025-12-14 19:29:18,712 [WARNING] [93m==================================================
2025-12-14 19:29:18,721 [WARNING] !!! RUNNING IN DRY RUN / SIMULATION MODE !!!
2025-12-14 19:29:18,721 [WARNING] No real orders will be placed.
2025-12-14 19:29:18,721 [WARNING] All generated orders will be IMMEIDATELY FILLED (Simulated).
2025-12-14 19:29:18,721 [WARNING] ==================================================[0m
2025-12-14 19:29:18,721 [INFO] --- GABAGOOL LITE INITIALIZATION ---
2025-12-14 19:29:18,724 [INFO] [ALERT] CLOB client authentifié initialisé sur https://clob.polymarket.com
2025-12-14 19:29:18,725 [WARNING] MODE LIVE - ORDRES RÉELS POSSIBLES
2025-12-14 19:29:18,725 [INFO] API Client Authenticated.
2025-12-14 19:29:18,725 [INFO] Scanning for active markets (['BTC'])...
2025-12-14 19:29:19,508 [INFO] No active markets found matching criteria. Exiting or Sleeping.
2025-12-14 19:29:19,509 [WARNING] No markets to track.
2025-12-14 19:29:19,509 [INFO] Orchestrator initialized with 0 markets. Dry Run: True
2025-12-14 19:29:21,730 [INFO] --- HEARTBEAT (Cycle 2.22s) ---
2025-12-14 19:29:32,496 [INFO] --- HEARTBEAT (Cycle 2.01s) ---
2025-12-14 19:29:43,206 [INFO] --- HEARTBEAT (Cycle 2.02s) ---
2025-12-14 19:29:54,717 [INFO] --- HEARTBEAT (Cycle 2.18s) ---
2025-12-14 19:30:06,603 [INFO] --- HEARTBEAT (Cycle 2.19s) ---
2025-12-14 19:30:17,763 [INFO] --- HEARTBEAT (Cycle 2.14s) ---
2025-12-14 19:30:29,141 [INFO] --- HEARTBEAT (Cycle 2.29s) ---
2025-12-14 19:30:40,274 [INFO] --- HEARTBEAT (Cycle 2.22s) ---
2025-12-14 19:30:51,904 [INFO] --- HEARTBEAT (Cycle 2.34s) ---
2025-12-14 19:31:02,970 [INFO] --- HEARTBEAT (Cycle 2.10s) ---
2025-12-14 19:31:14,122 [INFO] --- HEARTBEAT (Cycle 2.13s) ---
2025-12-14 19:31:18,614 [INFO] Stopping...
2025-12-14 19:31:21,788 [WARNING] [93m==================================================
2025-12-14 19:31:21,788 [WARNING] !!! RUNNING IN DRY RUN / SIMULATION MODE !!!
2025-12-14 19:31:21,788 [WARNING] No real orders will be placed.
2025-12-14 19:31:21,788 [WARNING] All generated orders will be IMMEIDATELY FILLED (Simulated).
2025-12-14 19:31:21,788 [WARNING] ==================================================[0m
2025-12-14 19:31:21,788 [INFO] --- GABAGOOL LITE INITIALIZATION ---
2025-12-14 19:31:21,793 [INFO] [ALERT] CLOB client authentifié initialisé sur https://clob.polymarket.com
2025-12-14 19:31:21,793 [WARNING] MODE LIVE - ORDRES RÉELS POSSIBLES
2025-12-14 19:31:21,793 [INFO] API Client Authenticated.
2025-12-14 19:31:21,793 [INFO] Scanning for active markets (['BTC'])...
2025-12-14 19:31:22,610 [INFO] Tracking: btc-updown-15m-1765737000
2025-12-14 19:31:22,611 [INFO] Orchestrator initialized with 1 markets. Dry Run: True
2025-12-14 19:31:25,538 [INFO] [btc-updown-15m-1765737000] Skip Accum: AskY=0.600 (Req<0.3) AskN=0.410 (Req<0.3)
2025-12-14 19:31:25,538 [INFO] [btc-updown-15m-1765737000] IDLE | T-815s
  YES: bid=0.590 ask=0.600 | NO: bid=0.400 ask=0.410
  q_yes=0.00 q_no=0.00 | avg_yes=0.000 avg_no=0.000
  exposure=$0.00 | mtm_pnl=$+0.00 | locked=$+0.00
  exposure=$0.00 | mtm_pnl=$+0.00 | locked=$+0.00
  orders: 0 | fills: 0 ()
2025-12-14 19:31:25,539 [INFO] --- HEARTBEAT (Cycle 2.93s) ---
2025-12-14 19:31:25,539 [INFO]    [btc-updown-15m-1765737000] IDLE | Rem: 815s | Orders: 0
2025-12-14 19:31:28,466 [INFO] [btc-updown-15m-1765737000] Skip Accum: AskY=0.580 (Req<0.3) AskN=0.430 (Req<0.3)
2025-12-14 19:31:28,466 [INFO] [btc-updown-15m-1765737000] IDLE | T-812s
  YES: bid=0.570 ask=0.580 | NO: bid=0.420 ask=0.430
  q_yes=0.00 q_no=0.00 | avg_yes=0.000 avg_no=0.000
  exposure=$0.00 | mtm_pnl=$+0.00 | locked=$+0.00
  exposure=$0.00 | mtm_pnl=$+0.00 | locked=$+0.00
  orders: 0 | fills: 0 ()
2025-12-14 19:31:31,398 [INFO] [btc-updown-15m-1765737000] Skip Accum: AskY=0.590 (Req<0.3) AskN=0.420 (Req<0.3)
2025-12-14 19:31:31,399 [INFO] [btc-updown-15m-1765737000] IDLE | T-809s
  YES: bid=0.570 ask=0.590 | NO: bid=0.410 ask=0.420
  q_yes=0.00 q_no=0.00 | avg_yes=0.000 avg_no=0.000
  exposure=$0.00 | mtm_pnl=$+0.00 | locked=$+0.00
  exposure=$0.00 | mtm_pnl=$+0.00 | locked=$+0.00
  orders: 0 | fills: 0 ()
2025-12-14 19:31:34,304 [INFO] [btc-updown-15m-1765737000] Skip Accum: AskY=0.600 (Req<0.3) AskN=0.410 (Req<0.3)
2025-12-14 19:31:34,304 [INFO] [btc-updown-15m-1765737000] IDLE | T-806s
  YES: bid=0.590 ask=0.600 | NO: bid=0.390 ask=0.410
  q_yes=0.00 q_no=0.00 | avg_yes=0.000 avg_no=0.000
  exposure=$0.00 | mtm_pnl=$+0.00 | locked=$+0.00
  exposure=$0.00 | mtm_pnl=$+0.00 | locked=$+0.00
  orders: 0 | fills: 0 ()
2025-12-14 19:31:37,277 [INFO] [btc-updown-15m-1765737000] Skip Accum: AskY=0.620 (Req<0.3) AskN=0.390 (Req<0.3)
2025-12-14 19:31:37,277 [INFO] [btc-updown-15m-1765737000] IDLE | T-803s
  YES: bid=0.610 ask=0.620 | NO: bid=0.380 ask=0.390
  q_yes=0.00 q_no=0.00 | avg_yes=0.000 avg_no=0.000
  exposure=$0.00 | mtm_pnl=$+0.00 | locked=$+0.00
  exposure=$0.00 | mtm_pnl=$+0.00 | locked=$+0.00
  orders: 0 | fills: 0 ()
2025-12-14 19:31:37,278 [INFO] --- HEARTBEAT (Cycle 2.87s) ---
2025-12-14 19:31:37,278 [INFO]    [btc-updown-15m-1765737000] IDLE | Rem: 803s | Orders: 0
2025-12-14 19:31:40,118 [INFO] [btc-updown-15m-1765737000] Skip Accum: AskY=0.640 (Req<0.3) AskN=0.380 (Req<0.3)
2025-12-14 19:31:40,118 [INFO] [btc-updown-15m-1765737000] IDLE | T-800s
  YES: bid=0.630 ask=0.640 | NO: bid=0.360 ask=0.380
  q_yes=0.00 q_no=0.00 | avg_yes=0.000 avg_no=0.000
  exposure=$0.00 | mtm_pnl=$+0.00 | locked=$+0.00
  exposure=$0.00 | mtm_pnl=$+0.00 | locked=$+0.00
  orders: 0 | fills: 0 ()
2025-12-14 19:31:43,050 [INFO] [btc-updown-15m-1765737000] Skip Accum: AskY=0.640 (Req<0.3) AskN=0.380 (Req<0.3)
2025-12-14 19:31:43,050 [INFO] [btc-updown-15m-1765737000] IDLE | T-797s
  YES: bid=0.620 ask=0.640 | NO: bid=0.360 ask=0.380
  q_yes=0.00 q_no=0.00 | avg_yes=0.000 avg_no=0.000
  exposure=$0.00 | mtm_pnl=$+0.00 | locked=$+0.00
  exposure=$0.00 | mtm_pnl=$+0.00 | locked=$+0.00
  orders: 0 | fills: 0 ()
2025-12-14 19:31:46,083 [INFO] [btc-updown-15m-1765737000] Skip Accum: AskY=0.650 (Req<0.3) AskN=0.380 (Req<0.3)
2025-12-14 19:31:46,083 [INFO] [btc-updown-15m-1765737000] IDLE | T-794s
  YES: bid=0.620 ask=0.650 | NO: bid=0.350 ask=0.380
  q_yes=0.00 q_no=0.00 | avg_yes=0.000 avg_no=0.000
  exposure=$0.00 | mtm_pnl=$+0.00 | locked=$+0.00
  exposure=$0.00 | mtm_pnl=$+0.00 | locked=$+0.00
  orders: 0 | fills: 0 ()
2025-12-14 19:31:48,980 [INFO] [btc-updown-15m-1765737000] Skip Accum: AskY=0.570 (Req<0.3) AskN=0.440 (Req<0.3)
2025-12-14 19:31:48,981 [INFO] [btc-updown-15m-1765737000] IDLE | T-791s
  YES: bid=0.560 ask=0.570 | NO: bid=0.430 ask=0.440
  q_yes=0.00 q_no=0.00 | avg_yes=0.000 avg_no=0.000
  exposure=$0.00 | mtm_pnl=$+0.00 | locked=$+0.00
  exposure=$0.00 | mtm_pnl=$+0.00 | locked=$+0.00
  orders: 0 | fills: 0 ()
2025-12-14 19:31:48,981 [INFO] --- HEARTBEAT (Cycle 2.80s) ---
2025-12-14 19:31:48,981 [INFO]    [btc-updown-15m-1765737000] IDLE | Rem: 792s | Orders: 0
2025-12-14 19:31:51,835 [INFO] [btc-updown-15m-1765737000] Skip Accum: AskY=0.580 (Req<0.3) AskN=0.430 (Req<0.3)
2025-12-14 19:31:51,835 [INFO] [btc-updown-15m-1765737000] IDLE | T-788s
  YES: bid=0.570 ask=0.580 | NO: bid=0.420 ask=0.430
  q_yes=0.00 q_no=0.00 | avg_yes=0.000 avg_no=0.000
  exposure=$0.00 | mtm_pnl=$+0.00 | locked=$+0.00
  exposure=$0.00 | mtm_pnl=$+0.00 | locked=$+0.00
  orders: 0 | fills: 0 ()
2025-12-14 19:31:54,837 [INFO] [btc-updown-15m-1765737000] Skip Accum: AskY=0.600 (Req<0.3) AskN=0.410 (Req<0.3)
2025-12-14 19:31:54,837 [INFO] [btc-updown-15m-1765737000] IDLE | T-785s
  YES: bid=0.590 ask=0.600 | NO: bid=0.400 ask=0.410
  q_yes=0.00 q_no=0.00 | avg_yes=0.000 avg_no=0.000
  exposure=$0.00 | mtm_pnl=$+0.00 | locked=$+0.00
  exposure=$0.00 | mtm_pnl=$+0.00 | locked=$+0.00
  orders: 0 | fills: 0 ()
2025-12-14 19:31:57,735 [INFO] [btc-updown-15m-1765737000] Skip Accum: AskY=0.610 (Req<0.3) AskN=0.400 (Req<0.3)
2025-12-14 19:31:57,735 [INFO] [btc-updown-15m-1765737000] IDLE | T-782s
  YES: bid=0.600 ask=0.610 | NO: bid=0.390 ask=0.400
  q_yes=0.00 q_no=0.00 | avg_yes=0.000 avg_no=0.000
  exposure=$0.00 | mtm_pnl=$+0.00 | locked=$+0.00
  exposure=$0.00 | mtm_pnl=$+0.00 | locked=$+0.00
  orders: 0 | fills: 0 ()
2025-12-14 19:32:00,693 [INFO] [btc-updown-15m-1765737000] Skip Accum: AskY=0.610 (Req<0.3) AskN=0.400 (Req<0.3)
2025-12-14 19:32:00,693 [INFO] [btc-updown-15m-1765737000] IDLE | T-780s
  YES: bid=0.600 ask=0.610 | NO: bid=0.390 ask=0.400
  q_yes=0.00 q_no=0.00 | avg_yes=0.000 avg_no=0.000
  exposure=$0.00 | mtm_pnl=$+0.00 | locked=$+0.00
  exposure=$0.00 | mtm_pnl=$+0.00 | locked=$+0.00
  orders: 0 | fills: 0 ()
2025-12-14 19:32:00,694 [INFO] --- HEARTBEAT (Cycle 2.86s) ---
2025-12-14 19:32:00,694 [INFO]    [btc-updown-15m-1765737000] IDLE | Rem: 780s | Orders: 0
2025-12-14 19:32:03,624 [INFO] [btc-updown-15m-1765737000] Skip Accum: AskY=0.610 (Req<0.3) AskN=0.400 (Req<0.3)
2025-12-14 19:32:03,624 [INFO] [btc-updown-15m-1765737000] IDLE | T-777s
  YES: bid=0.600 ask=0.610 | NO: bid=0.390 ask=0.400
  q_yes=0.00 q_no=0.00 | avg_yes=0.000 avg_no=0.000
  exposure=$0.00 | mtm_pnl=$+0.00 | locked=$+0.00
  exposure=$0.00 | mtm_pnl=$+0.00 | locked=$+0.00
  orders: 0 | fills: 0 ()
2025-12-14 19:32:06,539 [INFO] [btc-updown-15m-1765737000] Skip Accum: AskY=0.610 (Req<0.3) AskN=0.400 (Req<0.3)
2025-12-14 19:32:06,539 [INFO] [btc-updown-15m-1765737000] IDLE | T-774s
  YES: bid=0.600 ask=0.610 | NO: bid=0.390 ask=0.400
  q_yes=0.00 q_no=0.00 | avg_yes=0.000 avg_no=0.000
  exposure=$0.00 | mtm_pnl=$+0.00 | locked=$+0.00
  exposure=$0.00 | mtm_pnl=$+0.00 | locked=$+0.00
  orders: 0 | fills: 0 ()
2025-12-14 19:32:09,472 [INFO] [btc-updown-15m-1765737000] Skip Accum: AskY=0.610 (Req<0.3) AskN=0.370 (Req<0.3)
2025-12-14 19:32:09,473 [INFO] [btc-updown-15m-1765737000] IDLE | T-771s
  YES: bid=0.600 ask=0.610 | NO: bid=0.360 ask=0.370
  q_yes=0.00 q_no=0.00 | avg_yes=0.000 avg_no=0.000
  exposure=$0.00 | mtm_pnl=$+0.00 | locked=$+0.00
  exposure=$0.00 | mtm_pnl=$+0.00 | locked=$+0.00
  orders: 0 | fills: 0 ()
2025-12-14 19:32:12,329 [INFO] [btc-updown-15m-1765737000] Skip Accum: AskY=0.640 (Req<0.3) AskN=0.370 (Req<0.3)
2025-12-14 19:32:12,330 [INFO] [btc-updown-15m-1765737000] IDLE | T-768s
  YES: bid=0.630 ask=0.640 | NO: bid=0.360 ask=0.370
  q_yes=0.00 q_no=0.00 | avg_yes=0.000 avg_no=0.000
  exposure=$0.00 | mtm_pnl=$+0.00 | locked=$+0.00
  exposure=$0.00 | mtm_pnl=$+0.00 | locked=$+0.00
  orders: 0 | fills: 0 ()
2025-12-14 19:32:12,330 [INFO] --- HEARTBEAT (Cycle 2.76s) ---
2025-12-14 19:32:12,330 [INFO]    [btc-updown-15m-1765737000] IDLE | Rem: 768s | Orders: 0
2025-12-14 19:32:15,204 [INFO] [btc-updown-15m-1765737000] Skip Accum: AskY=0.630 (Req<0.3) AskN=0.380 (Req<0.3)
2025-12-14 19:32:15,205 [INFO] [btc-updown-15m-1765737000] IDLE | T-765s
  YES: bid=0.620 ask=0.630 | NO: bid=0.370 ask=0.380
  q_yes=0.00 q_no=0.00 | avg_yes=0.000 avg_no=0.000
  exposure=$0.00 | mtm_pnl=$+0.00 | locked=$+0.00
  exposure=$0.00 | mtm_pnl=$+0.00 | locked=$+0.00
  orders: 0 | fills: 0 ()
2025-12-14 19:32:18,309 [INFO] [btc-updown-15m-1765737000] Skip Accum: AskY=0.620 (Req<0.3) AskN=0.390 (Req<0.3)
2025-12-14 19:32:18,310 [INFO] [btc-updown-15m-1765737000] IDLE | T-762s
  YES: bid=0.610 ask=0.620 | NO: bid=0.380 ask=0.390
  q_yes=0.00 q_no=0.00 | avg_yes=0.000 avg_no=0.000
  exposure=$0.00 | mtm_pnl=$+0.00 | locked=$+0.00
  exposure=$0.00 | mtm_pnl=$+0.00 | locked=$+0.00
  orders: 0 | fills: 0 ()
2025-12-14 19:32:21,402 [INFO] [btc-updown-15m-1765737000] Skip Accum: AskY=0.610 (Req<0.3) AskN=0.400 (Req<0.3)
2025-12-14 19:32:21,402 [INFO] [btc-updown-15m-1765737000] IDLE | T-759s
  YES: bid=0.600 ask=0.610 | NO: bid=0.390 ask=0.400
  q_yes=0.00 q_no=0.00 | avg_yes=0.000 avg_no=0.000
  exposure=$0.00 | mtm_pnl=$+0.00 | locked=$+0.00
  exposure=$0.00 | mtm_pnl=$+0.00 | locked=$+0.00
  orders: 0 | fills: 0 ()
2025-12-14 19:32:24,334 [INFO] [btc-updown-15m-1765737000] Skip Accum: AskY=0.620 (Req<0.3) AskN=0.390 (Req<0.3)
2025-12-14 19:32:24,334 [INFO] [btc-updown-15m-1765737000] IDLE | T-756s
  YES: bid=0.610 ask=0.620 | NO: bid=0.380 ask=0.390
  q_yes=0.00 q_no=0.00 | avg_yes=0.000 avg_no=0.000
  exposure=$0.00 | mtm_pnl=$+0.00 | locked=$+0.00
  exposure=$0.00 | mtm_pnl=$+0.00 | locked=$+0.00
  orders: 0 | fills: 0 ()
2025-12-14 19:32:24,335 [INFO] --- HEARTBEAT (Cycle 2.83s) ---
2025-12-14 19:32:24,335 [INFO]    [btc-updown-15m-1765737000] IDLE | Rem: 756s | Orders: 0
2025-12-14 19:32:27,177 [INFO] [btc-updown-15m-1765737000] Skip Accum: AskY=0.620 (Req<0.3) AskN=0.400 (Req<0.3)
2025-12-14 19:32:27,177 [INFO] [btc-updown-15m-1765737000] IDLE | T-753s
  YES: bid=0.610 ask=0.620 | NO: bid=0.380 ask=0.400
  q_yes=0.00 q_no=0.00 | avg_yes=0.000 avg_no=0.000
  exposure=$0.00 | mtm_pnl=$+0.00 | locked=$+0.00
  exposure=$0.00 | mtm_pnl=$+0.00 | locked=$+0.00
  orders: 0 | fills: 0 ()
2025-12-14 19:32:30,162 [INFO] [btc-updown-15m-1765737000] Skip Accum: AskY=0.630 (Req<0.3) AskN=0.380 (Req<0.3)
2025-12-14 19:32:30,162 [INFO] [btc-updown-15m-1765737000] IDLE | T-750s
  YES: bid=0.620 ask=0.630 | NO: bid=0.370 ask=0.380
  q_yes=0.00 q_no=0.00 | avg_yes=0.000 avg_no=0.000
  exposure=$0.00 | mtm_pnl=$+0.00 | locked=$+0.00
  exposure=$0.00 | mtm_pnl=$+0.00 | locked=$+0.00
  orders: 0 | fills: 0 ()
2025-12-14 19:32:33,052 [INFO] [btc-updown-15m-1765737000] Skip Accum: AskY=0.610 (Req<0.3) AskN=0.400 (Req<0.3)
2025-12-14 19:32:33,053 [INFO] [btc-updown-15m-1765737000] IDLE | T-747s
  YES: bid=0.600 ask=0.610 | NO: bid=0.390 ask=0.400
  q_yes=0.00 q_no=0.00 | avg_yes=0.000 avg_no=0.000
  exposure=$0.00 | mtm_pnl=$+0.00 | locked=$+0.00
  exposure=$0.00 | mtm_pnl=$+0.00 | locked=$+0.00
  orders: 0 | fills: 0 ()
2025-12-14 19:32:36,091 [INFO] [btc-updown-15m-1765737000] Skip Accum: AskY=0.610 (Req<0.3) AskN=0.400 (Req<0.3)
2025-12-14 19:32:36,092 [INFO] [btc-updown-15m-1765737000] IDLE | T-744s
  YES: bid=0.600 ask=0.610 | NO: bid=0.390 ask=0.400
  q_yes=0.00 q_no=0.00 | avg_yes=0.000 avg_no=0.000
  exposure=$0.00 | mtm_pnl=$+0.00 | locked=$+0.00
  exposure=$0.00 | mtm_pnl=$+0.00 | locked=$+0.00
  orders: 0 | fills: 0 ()
2025-12-14 19:32:36,092 [INFO] --- HEARTBEAT (Cycle 2.94s) ---
2025-12-14 19:32:36,093 [INFO]    [btc-updown-15m-1765737000] IDLE | Rem: 745s | Orders: 0
2025-12-14 19:32:38,985 [INFO] [btc-updown-15m-1765737000] Skip Accum: AskY=0.610 (Req<0.3) AskN=0.410 (Req<0.3)
2025-12-14 19:32:38,986 [INFO] [btc-updown-15m-1765737000] IDLE | T-741s
  YES: bid=0.590 ask=0.610 | NO: bid=0.390 ask=0.410
  q_yes=0.00 q_no=0.00 | avg_yes=0.000 avg_no=0.000
  exposure=$0.00 | mtm_pnl=$+0.00 | locked=$+0.00
  exposure=$0.00 | mtm_pnl=$+0.00 | locked=$+0.00
  orders: 0 | fills: 0 ()
2025-12-14 19:32:41,864 [INFO] [btc-updown-15m-1765737000] Skip Accum: AskY=0.590 (Req<0.3) AskN=0.410 (Req<0.3)
2025-12-14 19:32:41,864 [INFO] [btc-updown-15m-1765737000] IDLE | T-738s
  YES: bid=0.580 ask=0.590 | NO: bid=0.390 ask=0.410
  q_yes=0.00 q_no=0.00 | avg_yes=0.000 avg_no=0.000
  exposure=$0.00 | mtm_pnl=$+0.00 | locked=$+0.00
  exposure=$0.00 | mtm_pnl=$+0.00 | locked=$+0.00
  orders: 0 | fills: 0 ()
2025-12-14 19:32:44,786 [INFO] [btc-updown-15m-1765737000] Skip Accum: AskY=0.600 (Req<0.3) AskN=0.410 (Req<0.3)
2025-12-14 19:32:44,786 [INFO] [btc-updown-15m-1765737000] IDLE | T-735s
  YES: bid=0.590 ask=0.600 | NO: bid=0.400 ask=0.410
  q_yes=0.00 q_no=0.00 | avg_yes=0.000 avg_no=0.000
  exposure=$0.00 | mtm_pnl=$+0.00 | locked=$+0.00
  exposure=$0.00 | mtm_pnl=$+0.00 | locked=$+0.00
  orders: 0 | fills: 0 ()
2025-12-14 19:32:47,605 [INFO] [btc-updown-15m-1765737000] Skip Accum: AskY=0.610 (Req<0.3) AskN=0.410 (Req<0.3)
2025-12-14 19:32:47,606 [INFO] [btc-updown-15m-1765737000] IDLE | T-733s
  YES: bid=0.580 ask=0.610 | NO: bid=0.390 ask=0.410
  q_yes=0.00 q_no=0.00 | avg_yes=0.000 avg_no=0.000
  exposure=$0.00 | mtm_pnl=$+0.00 | locked=$+0.00
  exposure=$0.00 | mtm_pnl=$+0.00 | locked=$+0.00
  orders: 0 | fills: 0 ()
2025-12-14 19:32:47,606 [INFO] --- HEARTBEAT (Cycle 2.72s) ---
2025-12-14 19:32:47,606 [INFO]    [btc-updown-15m-1765737000] IDLE | Rem: 733s | Orders: 0
2025-12-14 19:32:50,477 [INFO] [btc-updown-15m-1765737000] Skip Accum: AskY=0.610 (Req<0.3) AskN=0.400 (Req<0.3)
2025-12-14 19:32:50,477 [INFO] [btc-updown-15m-1765737000] IDLE | T-730s
  YES: bid=0.600 ask=0.610 | NO: bid=0.390 ask=0.400
  q_yes=0.00 q_no=0.00 | avg_yes=0.000 avg_no=0.000
  exposure=$0.00 | mtm_pnl=$+0.00 | locked=$+0.00
  exposure=$0.00 | mtm_pnl=$+0.00 | locked=$+0.00
  orders: 0 | fills: 0 ()
2025-12-14 19:32:54,002 [INFO] [btc-updown-15m-1765737000] Skip Accum: AskY=0.610 (Req<0.3) AskN=0.400 (Req<0.3)
2025-12-14 19:32:54,002 [INFO] [btc-updown-15m-1765737000] IDLE | T-727s
  YES: bid=0.600 ask=0.610 | NO: bid=0.390 ask=0.400
  q_yes=0.00 q_no=0.00 | avg_yes=0.000 avg_no=0.000
  exposure=$0.00 | mtm_pnl=$+0.00 | locked=$+0.00
  exposure=$0.00 | mtm_pnl=$+0.00 | locked=$+0.00
  orders: 0 | fills: 0 ()
2025-12-14 19:32:56,883 [INFO] [btc-updown-15m-1765737000] Skip Accum: AskY=0.610 (Req<0.3) AskN=0.410 (Req<0.3)
2025-12-14 19:32:56,884 [INFO] [btc-updown-15m-1765737000] IDLE | T-723s
  YES: bid=0.590 ask=0.610 | NO: bid=0.400 ask=0.410
  q_yes=0.00 q_no=0.00 | avg_yes=0.000 avg_no=0.000
  exposure=$0.00 | mtm_pnl=$+0.00 | locked=$+0.00
  exposure=$0.00 | mtm_pnl=$+0.00 | locked=$+0.00
  orders: 0 | fills: 0 ()
2025-12-14 19:32:59,704 [INFO] [btc-updown-15m-1765737000] Skip Accum: AskY=0.600 (Req<0.3) AskN=0.410 (Req<0.3)
2025-12-14 19:32:59,704 [INFO] [btc-updown-15m-1765737000] IDLE | T-721s
  YES: bid=0.590 ask=0.600 | NO: bid=0.400 ask=0.410
  q_yes=0.00 q_no=0.00 | avg_yes=0.000 avg_no=0.000
  exposure=$0.00 | mtm_pnl=$+0.00 | locked=$+0.00
  exposure=$0.00 | mtm_pnl=$+0.00 | locked=$+0.00
  orders: 0 | fills: 0 ()
2025-12-14 19:32:59,704 [INFO] --- HEARTBEAT (Cycle 2.72s) ---
2025-12-14 19:32:59,704 [INFO]    [btc-updown-15m-1765737000] IDLE | Rem: 721s | Orders: 0
2025-12-14 19:33:02,607 [INFO] [btc-updown-15m-1765737000] Skip Accum: AskY=0.590 (Req<0.3) AskN=0.420 (Req<0.3)
2025-12-14 19:33:02,607 [INFO] [btc-updown-15m-1765737000] IDLE | T-718s
  YES: bid=0.580 ask=0.590 | NO: bid=0.410 ask=0.420
  q_yes=0.00 q_no=0.00 | avg_yes=0.000 avg_no=0.000
  exposure=$0.00 | mtm_pnl=$+0.00 | locked=$+0.00
  exposure=$0.00 | mtm_pnl=$+0.00 | locked=$+0.00
  orders: 0 | fills: 0 ()
2025-12-14 19:33:05,596 [INFO] [btc-updown-15m-1765737000] Skip Accum: AskY=0.580 (Req<0.3) AskN=0.420 (Req<0.3)
2025-12-14 19:33:05,596 [INFO] [btc-updown-15m-1765737000] IDLE | T-715s
  YES: bid=0.570 ask=0.580 | NO: bid=0.410 ask=0.420
  q_yes=0.00 q_no=0.00 | avg_yes=0.000 avg_no=0.000
  exposure=$0.00 | mtm_pnl=$+0.00 | locked=$+0.00
  exposure=$0.00 | mtm_pnl=$+0.00 | locked=$+0.00
  orders: 0 | fills: 0 ()
2025-12-14 19:33:08,457 [INFO] [btc-updown-15m-1765737000] Skip Accum: AskY=0.580 (Req<0.3) AskN=0.430 (Req<0.3)
2025-12-14 19:33:08,457 [INFO] [btc-updown-15m-1765737000] IDLE | T-712s
  YES: bid=0.570 ask=0.580 | NO: bid=0.420 ask=0.430
  q_yes=0.00 q_no=0.00 | avg_yes=0.000 avg_no=0.000
  exposure=$0.00 | mtm_pnl=$+0.00 | locked=$+0.00
  exposure=$0.00 | mtm_pnl=$+0.00 | locked=$+0.00
  orders: 0 | fills: 0 ()
2025-12-14 19:33:11,374 [INFO] [btc-updown-15m-1765737000] Skip Accum: AskY=0.580 (Req<0.3) AskN=0.440 (Req<0.3)
2025-12-14 19:33:11,374 [INFO] [btc-updown-15m-1765737000] IDLE | T-709s
  YES: bid=0.560 ask=0.580 | NO: bid=0.420 ask=0.440
  q_yes=0.00 q_no=0.00 | avg_yes=0.000 avg_no=0.000
  exposure=$0.00 | mtm_pnl=$+0.00 | locked=$+0.00
  exposure=$0.00 | mtm_pnl=$+0.00 | locked=$+0.00
  orders: 0 | fills: 0 ()
2025-12-14 19:33:11,374 [INFO] --- HEARTBEAT (Cycle 2.82s) ---
2025-12-14 19:33:11,374 [INFO]    [btc-updown-15m-1765737000] IDLE | Rem: 709s | Orders: 0
2025-12-14 19:33:14,331 [INFO] [btc-updown-15m-1765737000] Skip Accum: AskY=0.580 (Req<0.3) AskN=0.440 (Req<0.3)
2025-12-14 19:33:14,331 [INFO] [btc-updown-15m-1765737000] IDLE | T-706s
  YES: bid=0.560 ask=0.580 | NO: bid=0.420 ask=0.440
  q_yes=0.00 q_no=0.00 | avg_yes=0.000 avg_no=0.000
  exposure=$0.00 | mtm_pnl=$+0.00 | locked=$+0.00
  exposure=$0.00 | mtm_pnl=$+0.00 | locked=$+0.00
  orders: 0 | fills: 0 ()
2025-12-14 19:33:17,237 [INFO] [btc-updown-15m-1765737000] Skip Accum: AskY=0.570 (Req<0.3) AskN=0.450 (Req<0.3)
2025-12-14 19:33:17,237 [INFO] [btc-updown-15m-1765737000] IDLE | T-703s
  YES: bid=0.560 ask=0.570 | NO: bid=0.440 ask=0.450
  q_yes=0.00 q_no=0.00 | avg_yes=0.000 avg_no=0.000
  exposure=$0.00 | mtm_pnl=$+0.00 | locked=$+0.00
  exposure=$0.00 | mtm_pnl=$+0.00 | locked=$+0.00
  orders: 0 | fills: 0 ()
2025-12-14 19:33:20,281 [INFO] [btc-updown-15m-1765737000] Skip Accum: AskY=0.560 (Req<0.3) AskN=0.460 (Req<0.3)
2025-12-14 19:33:20,281 [INFO] [btc-updown-15m-1765737000] IDLE | T-700s
  YES: bid=0.530 ask=0.560 | NO: bid=0.440 ask=0.460
  q_yes=0.00 q_no=0.00 | avg_yes=0.000 avg_no=0.000
  exposure=$0.00 | mtm_pnl=$+0.00 | locked=$+0.00
  exposure=$0.00 | mtm_pnl=$+0.00 | locked=$+0.00
  orders: 0 | fills: 0 ()
2025-12-14 19:33:23,163 [INFO] [btc-updown-15m-1765737000] Skip Accum: AskY=0.580 (Req<0.3) AskN=0.430 (Req<0.3)
2025-12-14 19:33:23,164 [INFO] [btc-updown-15m-1765737000] IDLE | T-697s
  YES: bid=0.570 ask=0.580 | NO: bid=0.420 ask=0.430
  q_yes=0.00 q_no=0.00 | avg_yes=0.000 avg_no=0.000
  exposure=$0.00 | mtm_pnl=$+0.00 | locked=$+0.00
  exposure=$0.00 | mtm_pnl=$+0.00 | locked=$+0.00
  orders: 0 | fills: 0 ()
2025-12-14 19:33:23,164 [INFO] --- HEARTBEAT (Cycle 2.78s) ---
2025-12-14 19:33:23,164 [INFO]    [btc-updown-15m-1765737000] IDLE | Rem: 698s | Orders: 0
2025-12-14 19:33:26,015 [INFO] [btc-updown-15m-1765737000] Skip Accum: AskY=0.590 (Req<0.3) AskN=0.420 (Req<0.3)
2025-12-14 19:33:26,015 [INFO] [btc-updown-15m-1765737000] IDLE | T-694s
  YES: bid=0.580 ask=0.590 | NO: bid=0.410 ask=0.420
  q_yes=0.00 q_no=0.00 | avg_yes=0.000 avg_no=0.000
  exposure=$0.00 | mtm_pnl=$+0.00 | locked=$+0.00
  exposure=$0.00 | mtm_pnl=$+0.00 | locked=$+0.00
  orders: 0 | fills: 0 ()
2025-12-14 19:33:28,932 [INFO] [btc-updown-15m-1765737000] Skip Accum: AskY=0.630 (Req<0.3) AskN=0.380 (Req<0.3)
2025-12-14 19:33:28,932 [INFO] [btc-updown-15m-1765737000] IDLE | T-691s
  YES: bid=0.620 ask=0.630 | NO: bid=0.370 ask=0.380
  q_yes=0.00 q_no=0.00 | avg_yes=0.000 avg_no=0.000
  exposure=$0.00 | mtm_pnl=$+0.00 | locked=$+0.00
  exposure=$0.00 | mtm_pnl=$+0.00 | locked=$+0.00
  orders: 0 | fills: 0 ()
2025-12-14 19:33:31,919 [INFO] [btc-updown-15m-1765737000] Skip Accum: AskY=0.630 (Req<0.3) AskN=0.400 (Req<0.3)
2025-12-14 19:33:31,921 [INFO] [btc-updown-15m-1765737000] IDLE | T-688s
  YES: bid=0.600 ask=0.630 | NO: bid=0.380 ask=0.400
  q_yes=0.00 q_no=0.00 | avg_yes=0.000 avg_no=0.000
  exposure=$0.00 | mtm_pnl=$+0.00 | locked=$+0.00
  exposure=$0.00 | mtm_pnl=$+0.00 | locked=$+0.00
  orders: 0 | fills: 0 ()
2025-12-14 19:33:34,896 [INFO] [btc-updown-15m-1765737000] Skip Accum: AskY=0.630 (Req<0.3) AskN=0.390 (Req<0.3)
2025-12-14 19:33:34,896 [INFO] [btc-updown-15m-1765737000] IDLE | T-685s
  YES: bid=0.620 ask=0.630 | NO: bid=0.370 ask=0.390
  q_yes=0.00 q_no=0.00 | avg_yes=0.000 avg_no=0.000
  exposure=$0.00 | mtm_pnl=$+0.00 | locked=$+0.00
  exposure=$0.00 | mtm_pnl=$+0.00 | locked=$+0.00
  orders: 0 | fills: 0 ()
2025-12-14 19:33:34,897 [INFO] --- HEARTBEAT (Cycle 2.88s) ---
2025-12-14 19:33:34,897 [INFO]    [btc-updown-15m-1765737000] IDLE | Rem: 686s | Orders: 0
2025-12-14 19:33:37,915 [INFO] [btc-updown-15m-1765737000] Skip Accum: AskY=0.630 (Req<0.3) AskN=0.380 (Req<0.3)
2025-12-14 19:33:37,915 [INFO] [btc-updown-15m-1765737000] IDLE | T-682s
  YES: bid=0.620 ask=0.630 | NO: bid=0.360 ask=0.380
  q_yes=0.00 q_no=0.00 | avg_yes=0.000 avg_no=0.000
  exposure=$0.00 | mtm_pnl=$+0.00 | locked=$+0.00
  exposure=$0.00 | mtm_pnl=$+0.00 | locked=$+0.00
  orders: 0 | fills: 0 ()
2025-12-14 19:33:40,826 [INFO] [btc-updown-15m-1765737000] Skip Accum: AskY=0.620 (Req<0.3) AskN=0.390 (Req<0.3)
2025-12-14 19:33:40,826 [INFO] [btc-updown-15m-1765737000] IDLE | T-679s
  YES: bid=0.610 ask=0.620 | NO: bid=0.380 ask=0.390
  q_yes=0.00 q_no=0.00 | avg_yes=0.000 avg_no=0.000
  exposure=$0.00 | mtm_pnl=$+0.00 | locked=$+0.00
  exposure=$0.00 | mtm_pnl=$+0.00 | locked=$+0.00
  orders: 0 | fills: 0 ()
2025-12-14 19:33:43,787 [INFO] [btc-updown-15m-1765737000] Skip Accum: AskY=0.620 (Req<0.3) AskN=0.390 (Req<0.3)
2025-12-14 19:33:43,788 [INFO] [btc-updown-15m-1765737000] IDLE | T-676s
  YES: bid=0.610 ask=0.620 | NO: bid=0.380 ask=0.390
  q_yes=0.00 q_no=0.00 | avg_yes=0.000 avg_no=0.000
  exposure=$0.00 | mtm_pnl=$+0.00 | locked=$+0.00
  exposure=$0.00 | mtm_pnl=$+0.00 | locked=$+0.00
  orders: 0 | fills: 0 ()
2025-12-14 19:33:46,625 [INFO] [btc-updown-15m-1765737000] Skip Accum: AskY=0.620 (Req<0.3) AskN=0.390 (Req<0.3)
2025-12-14 19:33:46,625 [INFO] [btc-updown-15m-1765737000] IDLE | T-674s
  YES: bid=0.610 ask=0.620 | NO: bid=0.380 ask=0.390
  q_yes=0.00 q_no=0.00 | avg_yes=0.000 avg_no=0.000
  exposure=$0.00 | mtm_pnl=$+0.00 | locked=$+0.00
  exposure=$0.00 | mtm_pnl=$+0.00 | locked=$+0.00
  orders: 0 | fills: 0 ()
2025-12-14 19:33:46,625 [INFO] --- HEARTBEAT (Cycle 2.74s) ---
2025-12-14 19:33:46,626 [INFO]    [btc-updown-15m-1765737000] IDLE | Rem: 674s | Orders: 0
2025-12-14 19:33:49,474 [INFO] [btc-updown-15m-1765737000] Skip Accum: AskY=0.630 (Req<0.3) AskN=0.380 (Req<0.3)
2025-12-14 19:33:49,474 [INFO] [btc-updown-15m-1765737000] IDLE | T-671s
  YES: bid=0.620 ask=0.630 | NO: bid=0.360 ask=0.380
  q_yes=0.00 q_no=0.00 | avg_yes=0.000 avg_no=0.000
  exposure=$0.00 | mtm_pnl=$+0.00 | locked=$+0.00
  exposure=$0.00 | mtm_pnl=$+0.00 | locked=$+0.00
  orders: 0 | fills: 0 ()
2025-12-14 19:33:52,389 [INFO] [btc-updown-15m-1765737000] Skip Accum: AskY=0.650 (Req<0.3) AskN=0.360 (Req<0.3)
2025-12-14 19:33:52,390 [INFO] [btc-updown-15m-1765737000] IDLE | T-668s
  YES: bid=0.640 ask=0.650 | NO: bid=0.350 ask=0.360
  q_yes=0.00 q_no=0.00 | avg_yes=0.000 avg_no=0.000
  exposure=$0.00 | mtm_pnl=$+0.00 | locked=$+0.00
  exposure=$0.00 | mtm_pnl=$+0.00 | locked=$+0.00
  orders: 0 | fills: 0 ()
2025-12-14 19:33:55,297 [INFO] [btc-updown-15m-1765737000] Skip Accum: AskY=0.650 (Req<0.3) AskN=0.360 (Req<0.3)
2025-12-14 19:33:55,297 [INFO] [btc-updown-15m-1765737000] IDLE | T-665s
  YES: bid=0.640 ask=0.650 | NO: bid=0.350 ask=0.360
  q_yes=0.00 q_no=0.00 | avg_yes=0.000 avg_no=0.000
  exposure=$0.00 | mtm_pnl=$+0.00 | locked=$+0.00
  exposure=$0.00 | mtm_pnl=$+0.00 | locked=$+0.00
  orders: 0 | fills: 0 ()
2025-12-14 19:33:58,286 [INFO] [btc-updown-15m-1765737000] Skip Accum: AskY=0.650 (Req<0.3) AskN=0.370 (Req<0.3)
2025-12-14 19:33:58,287 [INFO] [btc-updown-15m-1765737000] IDLE | T-662s
  YES: bid=0.630 ask=0.650 | NO: bid=0.350 ask=0.370
  q_yes=0.00 q_no=0.00 | avg_yes=0.000 avg_no=0.000
  exposure=$0.00 | mtm_pnl=$+0.00 | locked=$+0.00
  exposure=$0.00 | mtm_pnl=$+0.00 | locked=$+0.00
  orders: 0 | fills: 0 ()
2025-12-14 19:33:58,287 [INFO] --- HEARTBEAT (Cycle 2.89s) ---
2025-12-14 19:33:58,287 [INFO]    [btc-updown-15m-1765737000] IDLE | Rem: 662s | Orders: 0
2025-12-14 19:34:01,082 [INFO] [btc-updown-15m-1765737000] Skip Accum: AskY=0.640 (Req<0.3) AskN=0.380 (Req<0.3)
2025-12-14 19:34:01,082 [INFO] [btc-updown-15m-1765737000] IDLE | T-659s
  YES: bid=0.620 ask=0.640 | NO: bid=0.360 ask=0.380
  q_yes=0.00 q_no=0.00 | avg_yes=0.000 avg_no=0.000
  exposure=$0.00 | mtm_pnl=$+0.00 | locked=$+0.00
  exposure=$0.00 | mtm_pnl=$+0.00 | locked=$+0.00
  orders: 0 | fills: 0 ()
2025-12-14 19:34:03,879 [INFO] [btc-updown-15m-1765737000] Skip Accum: AskY=0.640 (Req<0.3) AskN=0.380 (Req<0.3)
2025-12-14 19:34:03,879 [INFO] [btc-updown-15m-1765737000] IDLE | T-656s
  YES: bid=0.620 ask=0.640 | NO: bid=0.350 ask=0.380
  q_yes=0.00 q_no=0.00 | avg_yes=0.000 avg_no=0.000
  exposure=$0.00 | mtm_pnl=$+0.00 | locked=$+0.00
  exposure=$0.00 | mtm_pnl=$+0.00 | locked=$+0.00
  orders: 0 | fills: 0 ()
2025-12-14 19:34:06,744 [INFO] [btc-updown-15m-1765737000] Skip Accum: AskY=0.630 (Req<0.3) AskN=0.380 (Req<0.3)
2025-12-14 19:34:06,744 [INFO] [btc-updown-15m-1765737000] IDLE | T-653s
  YES: bid=0.620 ask=0.630 | NO: bid=0.370 ask=0.380
  q_yes=0.00 q_no=0.00 | avg_yes=0.000 avg_no=0.000
  exposure=$0.00 | mtm_pnl=$+0.00 | locked=$+0.00
  exposure=$0.00 | mtm_pnl=$+0.00 | locked=$+0.00
  orders: 0 | fills: 0 ()
2025-12-14 19:34:09,705 [INFO] [btc-updown-15m-1765737000] Skip Accum: AskY=0.650 (Req<0.3) AskN=0.360 (Req<0.3)
2025-12-14 19:34:09,705 [INFO] [btc-updown-15m-1765737000] IDLE | T-650s
  YES: bid=0.640 ask=0.650 | NO: bid=0.350 ask=0.360
  q_yes=0.00 q_no=0.00 | avg_yes=0.000 avg_no=0.000
  exposure=$0.00 | mtm_pnl=$+0.00 | locked=$+0.00
  exposure=$0.00 | mtm_pnl=$+0.00 | locked=$+0.00
  orders: 0 | fills: 0 ()
2025-12-14 19:34:09,705 [INFO] --- HEARTBEAT (Cycle 2.86s) ---
2025-12-14 19:34:09,705 [INFO]    [btc-updown-15m-1765737000] IDLE | Rem: 651s | Orders: 0
2025-12-14 19:34:10,589 [INFO] Stopping...
2025-12-14 19:34:12,656 [WARNING] [93m==================================================
2025-12-14 19:34:12,656 [WARNING] !!! RUNNING IN DRY RUN / SIMULATION MODE !!!
2025-12-14 19:34:12,656 [WARNING] No real orders will be placed.
2025-12-14 19:34:12,656 [WARNING] All generated orders will be IMMEIDATELY FILLED (Simulated).
2025-12-14 19:34:12,656 [WARNING] ==================================================[0m
2025-12-14 19:34:12,656 [INFO] --- GABAGOOL LITE INITIALIZATION ---
2025-12-14 19:34:12,659 [INFO] [ALERT] CLOB client authentifié initialisé sur https://clob.polymarket.com
2025-12-14 19:34:12,661 [WARNING] MODE LIVE - ORDRES RÉELS POSSIBLES
2025-12-14 19:34:12,661 [INFO] API Client Authenticated.
2025-12-14 19:34:12,661 [INFO] Scanning for active markets (['BTC'])...
2025-12-14 19:34:13,346 [INFO] Tracking: btc-updown-15m-1765737000
2025-12-14 19:34:13,346 [INFO] Orchestrator initialized with 1 markets. Dry Run: True
2025-12-14 19:34:16,397 [INFO] [btc-updown-15m-1765737000] IDLE -> ACCUMULATE (Signal NO 0.34)
2025-12-14 19:34:16,397 [INFO] [FILL APPLIED] btc-updown-15m-1765737000 | BUY NO 4.69 @ 0.320 | Inv: Y=0.0 N=4.7 Exp=$1.50
2025-12-14 19:34:16,397 [INFO] [DRY RUN] [93mSIMULATED FILL[0m: BUY NO 4.69 @ 0.32
2025-12-14 19:34:16,398 [INFO] [FILL APPLIED] btc-updown-15m-1765737000 | BUY NO 4.84 @ 0.310 | Inv: Y=0.0 N=9.5 Exp=$3.00
2025-12-14 19:34:16,398 [INFO] [DRY RUN] [93mSIMULATED FILL[0m: BUY NO 4.84 @ 0.31
2025-12-14 19:34:16,398 [INFO] [btc-updown-15m-1765737000] IDLE | T-644s
  YES: bid=0.660 ask=0.670 | NO: bid=0.330 ask=0.340
  q_yes=0.00 q_no=0.00 | avg_yes=0.000 avg_no=0.000
  exposure=$0.00 | mtm_pnl=$+0.00 | locked=$+0.00
  exposure=$0.00 | mtm_pnl=$+0.00 | locked=$+0.00
  orders: 0 | fills: 0 ()
2025-12-14 19:34:16,399 [INFO] --- HEARTBEAT (Cycle 3.05s) ---
2025-12-14 19:34:16,399 [INFO]    [btc-updown-15m-1765737000] ACCUMULATE | Rem: 644s | Orders: 0
2025-12-14 19:34:19,245 [INFO] [FILL APPLIED] btc-updown-15m-1765737000 | BUY NO 5.17 @ 0.290 | Inv: Y=0.0 N=14.7 Exp=$4.50
2025-12-14 19:34:19,245 [INFO] [DRY RUN] [93mSIMULATED FILL[0m: BUY NO 5.17 @ 0.29
2025-12-14 19:34:19,245 [INFO] [DRY RUN] [93mSIMULATED FILL[0m: BUY NO 5.36 @ 0.28
2025-12-14 19:34:19,245 [INFO] [btc-updown-15m-1765737000] IDLE | T-641s
  YES: bid=0.670 ask=0.700 | NO: bid=0.300 ask=0.330
  q_yes=0.00 q_no=9.53 | avg_yes=0.000 avg_no=0.315
  exposure=$3.00 | mtm_pnl=$-0.14 | locked=$+0.00
  exposure=$3.00 | mtm_pnl=$-0.14 | locked=$+0.00
  orders: 0 | fills: 0 ()
2025-12-14 19:34:22,074 [INFO] [FILL APPLIED] btc-updown-15m-1765737000 | BUY NO 4.69 @ 0.320 | Inv: Y=0.0 N=19.4 Exp=$6.00
2025-12-14 19:34:22,074 [INFO] [DRY RUN] [93mSIMULATED FILL[0m: BUY NO 4.69 @ 0.32
2025-12-14 19:34:22,075 [INFO] [FILL APPLIED] btc-updown-15m-1765737000 | BUY NO 4.84 @ 0.310 | Inv: Y=0.0 N=24.2 Exp=$7.50
2025-12-14 19:34:22,075 [INFO] [DRY RUN] [93mSIMULATED FILL[0m: BUY NO 4.84 @ 0.31
2025-12-14 19:34:22,075 [INFO] [btc-updown-15m-1765737000] IDLE | T-638s
  YES: bid=0.660 ask=0.670 | NO: bid=0.330 ask=0.340
  q_yes=0.00 q_no=14.70 | avg_yes=0.000 avg_no=0.306
  exposure=$4.50 | mtm_pnl=$+0.35 | locked=$+1.00
  exposure=$4.50 | mtm_pnl=$+0.35 | locked=$+1.00
  orders: 0 | fills: 0 ()
2025-12-14 19:34:24,975 [INFO] [FILL APPLIED] btc-updown-15m-1765737000 | BUY NO 4.84 @ 0.310 | Inv: Y=0.0 N=29.1 Exp=$9.00
2025-12-14 19:34:24,975 [INFO] [DRY RUN] [93mSIMULATED FILL[0m: BUY NO 4.84 @ 0.31
2025-12-14 19:34:24,975 [INFO] [DRY RUN] [93mSIMULATED FILL[0m: BUY NO 5.0 @ 0.3
2025-12-14 19:34:24,975 [INFO] [btc-updown-15m-1765737000] IDLE | T-635s
  YES: bid=0.660 ask=0.680 | NO: bid=0.320 ask=0.330
  q_yes=0.00 q_no=24.23 | avg_yes=0.000 avg_no=0.310
  exposure=$7.50 | mtm_pnl=$+0.25 | locked=$+1.00
  exposure=$7.50 | mtm_pnl=$+0.25 | locked=$+1.00
  orders: 0 | fills: 0 ()
2025-12-14 19:34:27,899 [INFO] [FILL APPLIED] btc-updown-15m-1765737000 | BUY NO 5.36 @ 0.280 | Inv: Y=0.0 N=34.4 Exp=$10.50
2025-12-14 19:34:27,899 [INFO] [DRY RUN] [93mSIMULATED FILL[0m: BUY NO 5.36 @ 0.28
2025-12-14 19:34:27,899 [INFO] [DRY RUN] [93mSIMULATED FILL[0m: BUY NO 5.56 @ 0.27
2025-12-14 19:34:27,901 [INFO] [btc-updown-15m-1765737000] IDLE | T-632s
  YES: bid=0.700 ask=0.710 | NO: bid=0.290 ask=0.300
  q_yes=0.00 q_no=29.07 | avg_yes=0.000 avg_no=0.310
  exposure=$9.00 | mtm_pnl=$-0.57 | locked=$+0.00
  exposure=$9.00 | mtm_pnl=$-0.57 | locked=$+0.00
  orders: 0 | fills: 0 ()
2025-12-14 19:34:27,901 [INFO] --- HEARTBEAT (Cycle 2.82s) ---
2025-12-14 19:34:27,901 [INFO]    [btc-updown-15m-1765737000] ACCUMULATE | Rem: 633s | Orders: 0
2025-12-14 19:34:30,746 [INFO] [FILL APPLIED] btc-updown-15m-1765737000 | BUY NO 5.36 @ 0.280 | Inv: Y=0.0 N=39.8 Exp=$12.00
2025-12-14 19:34:30,747 [INFO] [DRY RUN] [93mSIMULATED FILL[0m: BUY NO 5.36 @ 0.28
2025-12-14 19:34:30,747 [INFO] [FILL APPLIED] btc-updown-15m-1765737000 | BUY NO 5.56 @ 0.270 | Inv: Y=0.0 N=45.4 Exp=$13.50
2025-12-14 19:34:30,747 [INFO] [DRY RUN] [93mSIMULATED FILL[0m: BUY NO 5.56 @ 0.27
2025-12-14 19:34:30,747 [INFO] [btc-updown-15m-1765737000] IDLE | T-629s
  YES: bid=0.700 ask=0.710 | NO: bid=0.290 ask=0.300
  q_yes=0.00 q_no=34.43 | avg_yes=0.000 avg_no=0.305
  exposure=$10.50 | mtm_pnl=$-0.52 | locked=$+0.00
  exposure=$10.50 | mtm_pnl=$-0.52 | locked=$+0.00
  orders: 0 | fills: 0 ()
2025-12-14 19:34:33,583 [INFO] [FILL APPLIED] btc-updown-15m-1765737000 | BUY NO 5.77 @ 0.260 | Inv: Y=0.0 N=51.1 Exp=$15.01
2025-12-14 19:34:33,583 [INFO] [DRY RUN] [93mSIMULATED FILL[0m: BUY NO 5.77 @ 0.26
2025-12-14 19:34:33,583 [INFO] [DRY RUN] [93mSIMULATED FILL[0m: BUY NO 6.0 @ 0.25
2025-12-14 19:34:33,583 [INFO] [btc-updown-15m-1765737000] IDLE | T-627s
  YES: bid=0.720 ask=0.730 | NO: bid=0.270 ask=0.280
  q_yes=0.00 q_no=45.35 | avg_yes=0.000 avg_no=0.298
  exposure=$13.50 | mtm_pnl=$-1.26 | locked=$+0.00
  exposure=$13.50 | mtm_pnl=$-1.26 | locked=$+0.00
  orders: 0 | fills: 0 ()
2025-12-14 19:34:36,497 [INFO] [FILL APPLIED] btc-updown-15m-1765737000 | BUY NO 5.77 @ 0.260 | Inv: Y=0.0 N=56.9 Exp=$16.51
2025-12-14 19:34:36,497 [INFO] [DRY RUN] [93mSIMULATED FILL[0m: BUY NO 5.77 @ 0.26
2025-12-14 19:34:36,497 [INFO] [DRY RUN] [93mSIMULATED FILL[0m: BUY NO 6.0 @ 0.25
2025-12-14 19:34:36,497 [INFO] [btc-updown-15m-1765737000] IDLE | T-624s
  YES: bid=0.720 ask=0.730 | NO: bid=0.270 ask=0.280
  q_yes=0.00 q_no=51.12 | avg_yes=0.000 avg_no=0.294
  exposure=$15.01 | mtm_pnl=$-1.20 | locked=$+0.00
  exposure=$15.01 | mtm_pnl=$-1.20 | locked=$+0.00
  orders: 0 | fills: 0 ()
2025-12-14 19:34:39,751 [INFO] [FILL APPLIED] btc-updown-15m-1765737000 | BUY NO 5.56 @ 0.270 | Inv: Y=0.0 N=62.5 Exp=$18.01
2025-12-14 19:34:39,752 [INFO] [DRY RUN] [93mSIMULATED FILL[0m: BUY NO 5.56 @ 0.27
2025-12-14 19:34:39,752 [INFO] [FILL APPLIED] btc-updown-15m-1765737000 | BUY NO 5.77 @ 0.260 | Inv: Y=0.0 N=68.2 Exp=$19.51
2025-12-14 19:34:39,752 [INFO] [DRY RUN] [93mSIMULATED FILL[0m: BUY NO 5.77 @ 0.26
2025-12-14 19:34:39,752 [INFO] [btc-updown-15m-1765737000] IDLE | T-621s
  YES: bid=0.710 ask=0.720 | NO: bid=0.280 ask=0.290
  q_yes=0.00 q_no=56.89 | avg_yes=0.000 avg_no=0.290
  exposure=$16.51 | mtm_pnl=$-0.58 | locked=$+0.00
  exposure=$16.51 | mtm_pnl=$-0.58 | locked=$+0.00
  orders: 0 | fills: 0 ()
2025-12-14 19:34:39,752 [INFO] --- HEARTBEAT (Cycle 3.15s) ---
2025-12-14 19:34:39,752 [INFO]    [btc-updown-15m-1765737000] ACCUMULATE | Rem: 621s | Orders: 0
2025-12-14 19:34:41,896 [CRITICAL] [btc-updown-15m-1765737000] DIVERGENCE: Ledger(Y=0.0, N=68.2) vs API(Y=0.0, N=0.0)
2025-12-14 19:34:41,896 [CRITICAL] !!! EMERGENCY STOP: INVENTORY DIVERGENCE !!!
2025-12-14 19:34:42,877 [INFO] [FILL APPLIED] btc-updown-15m-1765737000 | SELL NO 68.22 @ 0.280 | Inv: Y=0.0 N=0.0 Exp=$0.00
2025-12-14 19:34:42,877 [INFO] [DRY RUN] [93mSIMULATED FILL[0m: SELL NO 68.22 @ 0.28
2025-12-14 19:34:51,473 [INFO] --- HEARTBEAT (Cycle 2.70s) ---
2025-12-14 19:34:51,473 [INFO]    [btc-updown-15m-1765737000] STOPPED | Rem: 609s | Orders: 0
2025-12-14 19:35:03,596 [INFO] --- HEARTBEAT (Cycle 3.10s) ---
2025-12-14 19:35:03,597 [INFO]    [btc-updown-15m-1765737000] STOPPED | Rem: 597s | Orders: 0
2025-12-14 19:35:15,471 [INFO] --- HEARTBEAT (Cycle 2.93s) ---
2025-12-14 19:35:15,471 [INFO]    [btc-updown-15m-1765737000] STOPPED | Rem: 585s | Orders: 0
2025-12-14 19:35:26,911 [INFO] --- HEARTBEAT (Cycle 2.71s) ---
2025-12-14 19:35:26,911 [INFO]    [btc-updown-15m-1765737000] STOPPED | Rem: 574s | Orders: 0
2025-12-14 19:35:38,487 [INFO] Stopping...
2025-12-14 19:36:50,351 [WARNING] [93m==================================================
2025-12-14 19:36:50,351 [WARNING] !!! RUNNING IN DRY RUN / SIMULATION MODE !!!
2025-12-14 19:36:50,352 [WARNING] No real orders will be placed.
2025-12-14 19:36:50,352 [WARNING] All generated orders will be IMMEIDATELY FILLED (Simulated).
2025-12-14 19:36:50,352 [WARNING] ==================================================[0m
2025-12-14 19:36:50,352 [INFO] --- GABAGOOL LITE INITIALIZATION ---
2025-12-14 19:36:50,357 [INFO] [ALERT] CLOB client authentifié initialisé sur https://clob.polymarket.com
2025-12-14 19:36:50,357 [WARNING] MODE LIVE - ORDRES RÉELS POSSIBLES
2025-12-14 19:36:50,358 [INFO] API Client Authenticated.
2025-12-14 19:36:50,358 [INFO] Scanning for active markets (['BTC'])...
2025-12-14 19:36:51,069 [INFO] Tracking: btc-updown-15m-1765737000
2025-12-14 19:36:51,069 [INFO] Orchestrator initialized with 1 markets. Dry Run: True
2025-12-14 19:36:54,081 [INFO] [btc-updown-15m-1765737000] IDLE -> ACCUMULATE (Signal NO 0.17)
2025-12-14 19:36:54,081 [INFO] [FILL APPLIED] btc-updown-15m-1765737000 | BUY NO 10.00 @ 0.150 | Inv: Y=0.0 N=10.0 Exp=$1.50
2025-12-14 19:36:54,082 [INFO] [DRY RUN] [93mSIMULATED FILL[0m: BUY NO 10.0 @ 0.15
2025-12-14 19:36:54,082 [INFO] [FILL APPLIED] btc-updown-15m-1765737000 | BUY NO 10.71 @ 0.140 | Inv: Y=0.0 N=20.7 Exp=$3.00
2025-12-14 19:36:54,082 [INFO] [DRY RUN] [93mSIMULATED FILL[0m: BUY NO 10.71 @ 0.14
2025-12-14 19:36:54,083 [INFO] [btc-updown-15m-1765737000] IDLE | T-486s
  YES: bid=0.830 ask=0.840 | NO: bid=0.160 ask=0.170
  q_yes=0.00 q_no=0.00 | avg_yes=0.000 avg_no=0.000
  exposure=$0.00 | mtm_pnl=$+0.00 | locked=$+0.00
  exposure=$0.00 | mtm_pnl=$+0.00 | locked=$+0.00
  orders: 0 | fills: 0 ()
2025-12-14 19:36:54,083 [INFO] --- HEARTBEAT (Cycle 3.01s) ---
2025-12-14 19:36:54,083 [INFO]    [btc-updown-15m-1765737000] ACCUMULATE | Rem: 487s | Orders: 0
2025-12-14 19:36:56,986 [INFO] [FILL APPLIED] btc-updown-15m-1765737000 | BUY NO 10.71 @ 0.140 | Inv: Y=0.0 N=31.4 Exp=$4.50
2025-12-14 19:36:56,986 [INFO] [DRY RUN] [93mSIMULATED FILL[0m: BUY NO 10.71 @ 0.14
2025-12-14 19:36:56,986 [INFO] [DRY RUN] [93mSIMULATED FILL[0m: BUY NO 11.54 @ 0.13
2025-12-14 19:36:56,986 [INFO] [btc-updown-15m-1765737000] IDLE | T-483s
  YES: bid=0.840 ask=0.850 | NO: bid=0.150 ask=0.160
  q_yes=0.00 q_no=20.71 | avg_yes=0.000 avg_no=0.145
  exposure=$3.00 | mtm_pnl=$+0.11 | locked=$+1.00
  exposure=$3.00 | mtm_pnl=$+0.11 | locked=$+1.00
  orders: 0 | fills: 0 ()
2025-12-14 19:37:00,027 [INFO] [FILL APPLIED] btc-updown-15m-1765737000 | BUY NO 10.71 @ 0.140 | Inv: Y=0.0 N=42.1 Exp=$6.00
2025-12-14 19:37:00,027 [INFO] [DRY RUN] [93mSIMULATED FILL[0m: BUY NO 10.71 @ 0.14
2025-12-14 19:37:00,027 [INFO] [DRY RUN] [93mSIMULATED FILL[0m: BUY NO 11.54 @ 0.13
2025-12-14 19:37:00,028 [INFO] [btc-updown-15m-1765737000] IDLE | T-480s
  YES: bid=0.840 ask=0.850 | NO: bid=0.150 ask=0.160
  q_yes=0.00 q_no=31.42 | avg_yes=0.000 avg_no=0.143
  exposure=$4.50 | mtm_pnl=$+0.21 | locked=$+1.00
  exposure=$4.50 | mtm_pnl=$+0.21 | locked=$+1.00
  orders: 0 | fills: 0 ()
2025-12-14 19:37:02,888 [INFO] [FILL APPLIED] btc-updown-15m-1765737000 | BUY NO 10.00 @ 0.150 | Inv: Y=0.0 N=52.1 Exp=$7.50
2025-12-14 19:37:02,888 [INFO] [DRY RUN] [93mSIMULATED FILL[0m: BUY NO 10.0 @ 0.15
2025-12-14 19:37:02,888 [INFO] [DRY RUN] [93mSIMULATED FILL[0m: BUY NO 10.71 @ 0.14
2025-12-14 19:37:02,888 [INFO] [btc-updown-15m-1765737000] IDLE | T-477s
  YES: bid=0.830 ask=0.840 | NO: bid=0.160 ask=0.170
  q_yes=0.00 q_no=42.13 | avg_yes=0.000 avg_no=0.142
  exposure=$6.00 | mtm_pnl=$+0.74 | locked=$+1.00
  exposure=$6.00 | mtm_pnl=$+0.74 | locked=$+1.00
  orders: 0 | fills: 0 ()
2025-12-14 19:37:05,826 [INFO] [FILL APPLIED] btc-updown-15m-1765737000 | BUY NO 9.38 @ 0.160 | Inv: Y=0.0 N=61.5 Exp=$9.00
2025-12-14 19:37:05,826 [INFO] [DRY RUN] [93mSIMULATED FILL[0m: BUY NO 9.38 @ 0.16
2025-12-14 19:37:05,827 [INFO] [FILL APPLIED] btc-updown-15m-1765737000 | BUY NO 10.00 @ 0.150 | Inv: Y=0.0 N=71.5 Exp=$10.50
2025-12-14 19:37:05,827 [INFO] [DRY RUN] [93mSIMULATED FILL[0m: BUY NO 10.0 @ 0.15
2025-12-14 19:37:05,827 [INFO] [btc-updown-15m-1765737000] IDLE | T-474s
  YES: bid=0.810 ask=0.830 | NO: bid=0.170 ask=0.180
  q_yes=0.00 q_no=52.13 | avg_yes=0.000 avg_no=0.144
  exposure=$7.50 | mtm_pnl=$+1.36 | locked=$+1.00
  exposure=$7.50 | mtm_pnl=$+1.36 | locked=$+1.00
  orders: 0 | fills: 0 ()
2025-12-14 19:37:05,827 [INFO] --- HEARTBEAT (Cycle 2.84s) ---
2025-12-14 19:37:05,827 [INFO]    [btc-updown-15m-1765737000] ACCUMULATE | Rem: 475s | Orders: 0
2025-12-14 19:37:08,673 [INFO] [FILL APPLIED] btc-updown-15m-1765737000 | BUY NO 11.54 @ 0.130 | Inv: Y=0.0 N=83.1 Exp=$12.00
2025-12-14 19:37:08,673 [INFO] [DRY RUN] [93mSIMULATED FILL[0m: BUY NO 11.54 @ 0.13
2025-12-14 19:37:08,673 [INFO] [DRY RUN] [93mSIMULATED FILL[0m: BUY NO 12.5 @ 0.12
2025-12-14 19:37:08,674 [INFO] [btc-updown-15m-1765737000] IDLE | T-472s
  YES: bid=0.840 ask=0.850 | NO: bid=0.140 ask=0.160
  q_yes=0.00 q_no=71.51 | avg_yes=0.000 avg_no=0.147
  exposure=$10.50 | mtm_pnl=$-0.49 | locked=$+1.00
  exposure=$10.50 | mtm_pnl=$-0.49 | locked=$+1.00
  orders: 0 | fills: 0 ()
2025-12-14 19:37:11,545 [INFO] [FILL APPLIED] btc-updown-15m-1765737000 | BUY NO 10.71 @ 0.140 | Inv: Y=0.0 N=93.8 Exp=$13.50
2025-12-14 19:37:11,547 [INFO] [DRY RUN] [93mSIMULATED FILL[0m: BUY NO 10.71 @ 0.14
2025-12-14 19:37:11,547 [INFO] [FILL APPLIED] btc-updown-15m-1765737000 | BUY NO 11.54 @ 0.130 | Inv: Y=0.0 N=105.3 Exp=$15.00
2025-12-14 19:37:11,547 [INFO] [DRY RUN] [93mSIMULATED FILL[0m: BUY NO 11.54 @ 0.13
2025-12-14 19:37:11,547 [INFO] [btc-updown-15m-1765737000] IDLE | T-469s
  YES: bid=0.840 ask=0.860 | NO: bid=0.150 ask=0.160
  q_yes=0.00 q_no=83.05 | avg_yes=0.000 avg_no=0.144
  exposure=$12.00 | mtm_pnl=$+0.46 | locked=$+0.00
  exposure=$12.00 | mtm_pnl=$+0.46 | locked=$+0.00
  orders: 0 | fills: 0 ()
2025-12-14 19:37:14,397 [INFO] [FILL APPLIED] btc-updown-15m-1765737000 | BUY NO 12.50 @ 0.120 | Inv: Y=0.0 N=117.8 Exp=$16.50
2025-12-14 19:37:14,398 [INFO] [DRY RUN] [93mSIMULATED FILL[0m: BUY NO 12.5 @ 0.12
2025-12-14 19:37:14,398 [INFO] [FILL APPLIED] btc-updown-15m-1765737000 | BUY NO 13.64 @ 0.110 | Inv: Y=0.0 N=131.4 Exp=$18.00
2025-12-14 19:37:14,398 [INFO] [DRY RUN] [93mSIMULATED FILL[0m: BUY NO 13.64 @ 0.11
2025-12-14 19:37:14,398 [INFO] [btc-updown-15m-1765737000] IDLE | T-466s
  YES: bid=0.850 ask=0.860 | NO: bid=0.130 ask=0.160
  q_yes=0.00 q_no=105.30 | avg_yes=0.000 avg_no=0.142
  exposure=$15.00 | mtm_pnl=$-1.31 | locked=$+0.00
  exposure=$15.00 | mtm_pnl=$-1.31 | locked=$+0.00
  orders: 0 | fills: 0 ()
2025-12-14 19:37:17,182 [INFO] [FILL APPLIED] btc-updown-15m-1765737000 | BUY NO 9.38 @ 0.160 | Inv: Y=0.0 N=140.8 Exp=$19.50
2025-12-14 19:37:17,183 [INFO] [DRY RUN] [93mSIMULATED FILL[0m: BUY NO 9.38 @ 0.16
2025-12-14 19:37:17,183 [INFO] [FILL APPLIED] btc-updown-15m-1765737000 | BUY NO 10.00 @ 0.150 | Inv: Y=0.0 N=150.8 Exp=$21.00
2025-12-14 19:37:17,183 [INFO] [DRY RUN] [93mSIMULATED FILL[0m: BUY NO 10.0 @ 0.15
2025-12-14 19:37:17,183 [INFO] [btc-updown-15m-1765737000] IDLE | T-463s
  YES: bid=0.810 ask=0.820 | NO: bid=0.170 ask=0.190
  q_yes=0.00 q_no=131.44 | avg_yes=0.000 avg_no=0.137
  exposure=$18.00 | mtm_pnl=$+4.35 | locked=$+1.00
  exposure=$18.00 | mtm_pnl=$+4.35 | locked=$+1.00
  orders: 0 | fills: 0 ()
2025-12-14 19:37:17,183 [INFO] --- HEARTBEAT (Cycle 2.68s) ---
2025-12-14 19:37:17,183 [INFO]    [btc-updown-15m-1765737000] ACCUMULATE | Rem: 464s | Orders: 0
2025-12-14 19:37:19,971 [INFO] [FILL APPLIED] btc-updown-15m-1765737000 | BUY NO 8.82 @ 0.170 | Inv: Y=0.0 N=159.6 Exp=$22.50
2025-12-14 19:37:19,971 [INFO] [DRY RUN] [93mSIMULATED FILL[0m: BUY NO 8.82 @ 0.17
2025-12-14 19:37:19,971 [INFO] [DRY RUN] [93mSIMULATED FILL[0m: BUY NO 9.38 @ 0.16
2025-12-14 19:37:19,971 [INFO] [btc-updown-15m-1765737000] IDLE | T-460s
  YES: bid=0.810 ask=0.820 | NO: bid=0.180 ask=0.190
  q_yes=0.00 q_no=150.82 | avg_yes=0.000 avg_no=0.139
  exposure=$21.00 | mtm_pnl=$+6.15 | locked=$+1.00
  exposure=$21.00 | mtm_pnl=$+6.15 | locked=$+1.00
  orders: 0 | fills: 0 ()
2025-12-14 19:37:22,843 [INFO] [FILL APPLIED] btc-updown-15m-1765737000 | BUY NO 9.38 @ 0.160 | Inv: Y=0.0 N=169.0 Exp=$24.00
2025-12-14 19:37:22,843 [INFO] [DRY RUN] [93mSIMULATED FILL[0m: BUY NO 9.38 @ 0.16
2025-12-14 19:37:22,843 [INFO] [DRY RUN] [93mSIMULATED FILL[0m: BUY NO 10.0 @ 0.15
2025-12-14 19:37:22,844 [INFO] [btc-updown-15m-1765737000] IDLE | T-457s
  YES: bid=0.810 ask=0.830 | NO: bid=0.170 ask=0.190
  q_yes=0.00 q_no=159.64 | avg_yes=0.000 avg_no=0.141
  exposure=$22.50 | mtm_pnl=$+4.64 | locked=$+1.00
  exposure=$22.50 | mtm_pnl=$+4.64 | locked=$+1.00
  orders: 0 | fills: 0 ()
2025-12-14 19:37:25,748 [INFO] [FILL APPLIED] btc-updown-15m-1765737000 | BUY NO 10.00 @ 0.150 | Inv: Y=0.0 N=179.0 Exp=$25.50
2025-12-14 19:37:25,748 [INFO] [DRY RUN] [93mSIMULATED FILL[0m: BUY NO 10.0 @ 0.15
2025-12-14 19:37:25,749 [INFO] [FILL APPLIED] btc-updown-15m-1765737000 | BUY NO 10.71 @ 0.140 | Inv: Y=0.0 N=189.7 Exp=$27.00
2025-12-14 19:37:25,749 [INFO] [DRY RUN] [93mSIMULATED FILL[0m: BUY NO 10.71 @ 0.14
2025-12-14 19:37:25,749 [INFO] [btc-updown-15m-1765737000] IDLE | T-454s
  YES: bid=0.820 ask=0.840 | NO: bid=0.160 ask=0.180
  q_yes=0.00 q_no=169.02 | avg_yes=0.000 avg_no=0.142
  exposure=$24.00 | mtm_pnl=$+3.04 | locked=$+1.00
  exposure=$24.00 | mtm_pnl=$+3.04 | locked=$+1.00
  orders: 0 | fills: 0 ()
2025-12-14 19:37:28,732 [INFO] [FILL APPLIED] btc-updown-15m-1765737000 | BUY NO 8.82 @ 0.170 | Inv: Y=0.0 N=198.5 Exp=$28.50
2025-12-14 19:37:28,732 [INFO] [DRY RUN] [93mSIMULATED FILL[0m: BUY NO 8.82 @ 0.17
2025-12-14 19:37:28,733 [INFO] [FILL APPLIED] btc-updown-15m-1765737000 | BUY NO 9.38 @ 0.160 | Inv: Y=0.0 N=207.9 Exp=$30.00
2025-12-14 19:37:28,733 [INFO] [DRY RUN] [93mSIMULATED FILL[0m: BUY NO 9.38 @ 0.16
2025-12-14 19:37:28,733 [INFO] [btc-updown-15m-1765737000] IDLE | T-451s
  YES: bid=0.800 ask=0.810 | NO: bid=0.180 ask=0.190
  q_yes=0.00 q_no=189.73 | avg_yes=0.000 avg_no=0.142
  exposure=$27.00 | mtm_pnl=$+7.15 | locked=$+1.00
  exposure=$27.00 | mtm_pnl=$+7.15 | locked=$+1.00
  orders: 0 | fills: 0 ()
2025-12-14 19:37:28,733 [INFO] --- HEARTBEAT (Cycle 2.88s) ---
2025-12-14 19:37:28,733 [INFO]    [btc-updown-15m-1765737000] ACCUMULATE | Rem: 452s | Orders: 0
2025-12-14 19:37:31,707 [INFO] [FILL APPLIED] btc-updown-15m-1765737000 | BUY NO 8.82 @ 0.170 | Inv: Y=0.0 N=216.7 Exp=$31.50
2025-12-14 19:37:31,708 [INFO] [DRY RUN] [93mSIMULATED FILL[0m: BUY NO 8.82 @ 0.17
2025-12-14 19:37:31,708 [INFO] [FILL APPLIED] btc-updown-15m-1765737000 | BUY NO 9.38 @ 0.160 | Inv: Y=0.0 N=226.1 Exp=$33.00
2025-12-14 19:37:31,708 [INFO] [DRY RUN] [93mSIMULATED FILL[0m: BUY NO 9.38 @ 0.16
2025-12-14 19:37:31,708 [INFO] [btc-updown-15m-1765737000] IDLE | T-448s
  YES: bid=0.800 ask=0.820 | NO: bid=0.180 ask=0.200
  q_yes=0.00 q_no=207.93 | avg_yes=0.000 avg_no=0.144
  exposure=$30.00 | mtm_pnl=$+7.43 | locked=$+1.00
  exposure=$30.00 | mtm_pnl=$+7.43 | locked=$+1.00
  orders: 0 | fills: 0 ()
2025-12-14 19:37:34,553 [INFO] [FILL APPLIED] btc-updown-15m-1765737000 | BUY NO 9.38 @ 0.160 | Inv: Y=0.0 N=235.5 Exp=$34.50
2025-12-14 19:37:34,553 [INFO] [DRY RUN] [93mSIMULATED FILL[0m: BUY NO 9.38 @ 0.16
2025-12-14 19:37:34,553 [INFO] [DRY RUN] [93mSIMULATED FILL[0m: BUY NO 10.0 @ 0.15
2025-12-14 19:37:34,554 [INFO] [btc-updown-15m-1765737000] IDLE | T-446s
  YES: bid=0.820 ask=0.830 | NO: bid=0.170 ask=0.180
  q_yes=0.00 q_no=226.13 | avg_yes=0.000 avg_no=0.146
  exposure=$33.00 | mtm_pnl=$+5.44 | locked=$+1.00
  exposure=$33.00 | mtm_pnl=$+5.44 | locked=$+1.00
  orders: 0 | fills: 0 ()
2025-12-14 19:37:37,427 [INFO] [FILL APPLIED] btc-updown-15m-1765737000 | BUY NO 9.38 @ 0.160 | Inv: Y=0.0 N=244.9 Exp=$36.00
2025-12-14 19:37:37,427 [INFO] [DRY RUN] [93mSIMULATED FILL[0m: BUY NO 9.38 @ 0.16
2025-12-14 19:37:37,427 [INFO] [DRY RUN] [93mSIMULATED FILL[0m: BUY NO 10.0 @ 0.15
2025-12-14 19:37:37,428 [INFO] [btc-updown-15m-1765737000] IDLE | T-443s
  YES: bid=0.820 ask=0.830 | NO: bid=0.170 ask=0.180
  q_yes=0.00 q_no=235.51 | avg_yes=0.000 avg_no=0.146
  exposure=$34.50 | mtm_pnl=$+5.54 | locked=$+1.00
  exposure=$34.50 | mtm_pnl=$+5.54 | locked=$+1.00
  orders: 0 | fills: 0 ()
2025-12-14 19:37:40,232 [INFO] [FILL APPLIED] btc-updown-15m-1765737000 | BUY NO 10.00 @ 0.150 | Inv: Y=0.0 N=254.9 Exp=$37.50
2025-12-14 19:37:40,232 [INFO] [DRY RUN] [93mSIMULATED FILL[0m: BUY NO 10.0 @ 0.15
2025-12-14 19:37:40,233 [INFO] [FILL APPLIED] btc-updown-15m-1765737000 | BUY NO 10.71 @ 0.140 | Inv: Y=0.0 N=265.6 Exp=$39.00
2025-12-14 19:37:40,233 [INFO] [DRY RUN] [93mSIMULATED FILL[0m: BUY NO 10.71 @ 0.14
2025-12-14 19:37:40,233 [INFO] [btc-updown-15m-1765737000] IDLE | T-440s
  YES: bid=0.820 ask=0.840 | NO: bid=0.160 ask=0.180
  q_yes=0.00 q_no=244.89 | avg_yes=0.000 avg_no=0.147
  exposure=$36.00 | mtm_pnl=$+3.18 | locked=$+1.00
  exposure=$36.00 | mtm_pnl=$+3.18 | locked=$+1.00
  orders: 0 | fills: 0 ()
2025-12-14 19:37:40,233 [INFO] --- HEARTBEAT (Cycle 2.70s) ---
2025-12-14 19:37:40,233 [INFO]    [btc-updown-15m-1765737000] ACCUMULATE | Rem: 440s | Orders: 0
2025-12-14 19:37:43,133 [INFO] [FILL APPLIED] btc-updown-15m-1765737000 | BUY NO 10.00 @ 0.150 | Inv: Y=0.0 N=275.6 Exp=$40.50
2025-12-14 19:37:43,133 [INFO] [DRY RUN] [93mSIMULATED FILL[0m: BUY NO 10.0 @ 0.15
2025-12-14 19:37:43,134 [INFO] [FILL APPLIED] btc-updown-15m-1765737000 | BUY NO 10.71 @ 0.140 | Inv: Y=0.0 N=286.3 Exp=$42.00
2025-12-14 19:37:43,134 [INFO] [DRY RUN] [93mSIMULATED FILL[0m: BUY NO 10.71 @ 0.14
2025-12-14 19:37:43,134 [INFO] [btc-updown-15m-1765737000] IDLE | T-437s
  YES: bid=0.820 ask=0.830 | NO: bid=0.160 ask=0.180
  q_yes=0.00 q_no=265.60 | avg_yes=0.000 avg_no=0.147
  exposure=$39.00 | mtm_pnl=$+3.49 | locked=$+1.00
  exposure=$39.00 | mtm_pnl=$+3.49 | locked=$+1.00
  orders: 0 | fills: 0 ()
2025-12-14 19:37:45,942 [INFO] [FILL APPLIED] btc-updown-15m-1765737000 | BUY NO 9.38 @ 0.160 | Inv: Y=0.0 N=295.7 Exp=$43.50
2025-12-14 19:37:45,942 [INFO] [DRY RUN] [93mSIMULATED FILL[0m: BUY NO 9.38 @ 0.16
2025-12-14 19:37:45,942 [INFO] [DRY RUN] [93mSIMULATED FILL[0m: BUY NO 10.0 @ 0.15
2025-12-14 19:37:45,942 [INFO] [btc-updown-15m-1765737000] IDLE | T-434s
  YES: bid=0.820 ask=0.840 | NO: bid=0.170 ask=0.180
  q_yes=0.00 q_no=286.31 | avg_yes=0.000 avg_no=0.147
  exposure=$42.00 | mtm_pnl=$+6.67 | locked=$+1.00
  exposure=$42.00 | mtm_pnl=$+6.67 | locked=$+1.00
  orders: 0 | fills: 0 ()
2025-12-14 19:37:48,806 [INFO] [FILL APPLIED] btc-updown-15m-1765737000 | BUY NO 9.38 @ 0.160 | Inv: Y=0.0 N=305.1 Exp=$45.00
2025-12-14 19:37:48,807 [INFO] [DRY RUN] [93mSIMULATED FILL[0m: BUY NO 9.38 @ 0.16
2025-12-14 19:37:48,807 [INFO] [FILL APPLIED] btc-updown-15m-1765737000 | BUY NO 10.00 @ 0.150 | Inv: Y=0.0 N=315.1 Exp=$46.50
2025-12-14 19:37:48,807 [INFO] [DRY RUN] [93mSIMULATED FILL[0m: BUY NO 10.0 @ 0.15
2025-12-14 19:37:48,807 [INFO] [btc-updown-15m-1765737000] IDLE | T-431s
  YES: bid=0.820 ask=0.830 | NO: bid=0.170 ask=0.190
  q_yes=0.00 q_no=295.69 | avg_yes=0.000 avg_no=0.147
  exposure=$43.50 | mtm_pnl=$+6.77 | locked=$+1.00
  exposure=$43.50 | mtm_pnl=$+6.77 | locked=$+1.00
  orders: 0 | fills: 0 ()
2025-12-14 19:37:51,656 [INFO] [FILL APPLIED] btc-updown-15m-1765737000 | BUY NO 7.14 @ 0.210 | Inv: Y=0.0 N=322.2 Exp=$48.00
2025-12-14 19:37:51,656 [INFO] [DRY RUN] [93mSIMULATED FILL[0m: BUY NO 7.14 @ 0.21
2025-12-14 19:37:51,656 [INFO] [DRY RUN] [93mSIMULATED FILL[0m: BUY NO 7.5 @ 0.2
2025-12-14 19:37:51,656 [INFO] [btc-updown-15m-1765737000] IDLE | T-429s
  YES: bid=0.770 ask=0.780 | NO: bid=0.220 ask=0.240
  q_yes=0.00 q_no=315.07 | avg_yes=0.000 avg_no=0.148
  exposure=$46.50 | mtm_pnl=$+22.81 | locked=$+1.00
  exposure=$46.50 | mtm_pnl=$+22.81 | locked=$+1.00
  orders: 0 | fills: 0 ()
2025-12-14 19:37:51,656 [INFO] --- HEARTBEAT (Cycle 2.75s) ---
2025-12-14 19:37:51,656 [INFO]    [btc-updown-15m-1765737000] ACCUMULATE | Rem: 429s | Orders: 0
2025-12-14 19:37:54,525 [INFO] [FILL APPLIED] btc-updown-15m-1765737000 | BUY NO 7.50 @ 0.200 | Inv: Y=0.0 N=329.7 Exp=$49.50
2025-12-14 19:37:54,526 [INFO] [DRY RUN] [93mSIMULATED FILL[0m: BUY NO 7.5 @ 0.2
2025-12-14 19:37:54,526 [INFO] [FILL APPLIED] btc-updown-15m-1765737000 | BUY NO 7.89 @ 0.190 | Inv: Y=0.0 N=337.6 Exp=$51.00
2025-12-14 19:37:54,526 [INFO] [DRY RUN] [93mSIMULATED FILL[0m: BUY NO 7.89 @ 0.19
2025-12-14 19:37:54,526 [INFO] [btc-updown-15m-1765737000] IDLE | T-426s
  YES: bid=0.770 ask=0.780 | NO: bid=0.210 ask=0.230
  q_yes=0.00 q_no=322.21 | avg_yes=0.000 avg_no=0.149
  exposure=$48.00 | mtm_pnl=$+19.66 | locked=$+1.00
  exposure=$48.00 | mtm_pnl=$+19.66 | locked=$+1.00
  orders: 0 | fills: 0 ()
2025-12-14 19:37:57,423 [INFO] [FILL APPLIED] btc-updown-15m-1765737000 | BUY NO 7.50 @ 0.200 | Inv: Y=0.0 N=345.1 Exp=$52.50
2025-12-14 19:37:57,423 [INFO] [DRY RUN] [93mSIMULATED FILL[0m: BUY NO 7.5 @ 0.2
2025-12-14 19:37:57,423 [INFO] [DRY RUN] [93mSIMULATED FILL[0m: BUY NO 7.89 @ 0.19
2025-12-14 19:37:57,424 [INFO] [btc-updown-15m-1765737000] IDLE | T-423s
  YES: bid=0.780 ask=0.790 | NO: bid=0.210 ask=0.220
  q_yes=0.00 q_no=337.60 | avg_yes=0.000 avg_no=0.151
  exposure=$51.00 | mtm_pnl=$+19.90 | locked=$+1.00
  exposure=$51.00 | mtm_pnl=$+19.90 | locked=$+1.00
  orders: 0 | fills: 0 ()
2025-12-14 19:38:00,254 [INFO] [FILL APPLIED] btc-updown-15m-1765737000 | BUY NO 7.50 @ 0.200 | Inv: Y=0.0 N=352.6 Exp=$54.00
2025-12-14 19:38:00,254 [INFO] [DRY RUN] [93mSIMULATED FILL[0m: BUY NO 7.5 @ 0.2
2025-12-14 19:38:00,254 [INFO] [DRY RUN] [93mSIMULATED FILL[0m: BUY NO 7.89 @ 0.19
2025-12-14 19:38:00,254 [INFO] [btc-updown-15m-1765737000] IDLE | T-420s
  YES: bid=0.770 ask=0.780 | NO: bid=0.210 ask=0.220
  q_yes=0.00 q_no=345.10 | avg_yes=0.000 avg_no=0.152
  exposure=$52.50 | mtm_pnl=$+19.97 | locked=$+1.00
  exposure=$52.50 | mtm_pnl=$+19.97 | locked=$+1.00
  orders: 0 | fills: 0 ()
2025-12-14 19:38:03,105 [INFO] [FILL APPLIED] btc-updown-15m-1765737000 | BUY NO 7.89 @ 0.190 | Inv: Y=0.0 N=360.5 Exp=$55.50
2025-12-14 19:38:03,105 [INFO] [DRY RUN] [93mSIMULATED FILL[0m: BUY NO 7.89 @ 0.19
2025-12-14 19:38:03,106 [INFO] [FILL APPLIED] btc-updown-15m-1765737000 | BUY NO 8.33 @ 0.180 | Inv: Y=0.0 N=368.8 Exp=$57.00
2025-12-14 19:38:03,106 [INFO] [DRY RUN] [93mSIMULATED FILL[0m: BUY NO 8.33 @ 0.18
2025-12-14 19:38:03,106 [INFO] [btc-updown-15m-1765737000] IDLE | T-417s
  YES: bid=0.790 ask=0.800 | NO: bid=0.200 ask=0.210
  q_yes=0.00 q_no=352.60 | avg_yes=0.000 avg_no=0.153
  exposure=$54.00 | mtm_pnl=$+16.52 | locked=$+1.00
  exposure=$54.00 | mtm_pnl=$+16.52 | locked=$+1.00
  orders: 0 | fills: 0 ()
2025-12-14 19:38:03,106 [INFO] --- HEARTBEAT (Cycle 2.75s) ---
2025-12-14 19:38:03,106 [INFO]    [btc-updown-15m-1765737000] ACCUMULATE | Rem: 418s | Orders: 0
2025-12-14 19:38:05,953 [INFO] [FILL APPLIED] btc-updown-15m-1765737000 | BUY NO 9.38 @ 0.160 | Inv: Y=0.0 N=378.2 Exp=$58.50
2025-12-14 19:38:05,953 [INFO] [DRY RUN] [93mSIMULATED FILL[0m: BUY NO 9.38 @ 0.16
2025-12-14 19:38:05,954 [INFO] [FILL APPLIED] btc-updown-15m-1765737000 | BUY NO 10.00 @ 0.150 | Inv: Y=0.0 N=388.2 Exp=$60.00
2025-12-14 19:38:05,954 [INFO] [DRY RUN] [93mSIMULATED FILL[0m: BUY NO 10.0 @ 0.15
2025-12-14 19:38:05,954 [INFO] [btc-updown-15m-1765737000] IDLE | T-414s
  YES: bid=0.820 ask=0.830 | NO: bid=0.170 ask=0.180
  q_yes=0.00 q_no=368.82 | avg_yes=0.000 avg_no=0.155
  exposure=$57.00 | mtm_pnl=$+5.70 | locked=$+1.00
  exposure=$57.00 | mtm_pnl=$+5.70 | locked=$+1.00
  orders: 0 | fills: 0 ()
2025-12-14 19:38:08,891 [INFO] [FILL APPLIED] btc-updown-15m-1765737000 | BUY NO 10.71 @ 0.140 | Inv: Y=0.0 N=398.9 Exp=$61.50
2025-12-14 19:38:08,891 [INFO] [DRY RUN] [93mSIMULATED FILL[0m: BUY NO 10.71 @ 0.14
2025-12-14 19:38:08,891 [INFO] [DRY RUN] [93mSIMULATED FILL[0m: BUY NO 11.54 @ 0.13
2025-12-14 19:38:08,891 [INFO] [btc-updown-15m-1765737000] IDLE | T-411s
  YES: bid=0.840 ask=0.850 | NO: bid=0.150 ask=0.160
  q_yes=0.00 q_no=388.20 | avg_yes=0.000 avg_no=0.155
  exposure=$60.00 | mtm_pnl=$-1.77 | locked=$+0.00
  exposure=$60.00 | mtm_pnl=$-1.77 | locked=$+0.00
  orders: 0 | fills: 0 ()
2025-12-14 19:38:11,717 [INFO] [FILL APPLIED] btc-updown-15m-1765737000 | BUY NO 7.89 @ 0.190 | Inv: Y=0.0 N=406.8 Exp=$63.00
2025-12-14 19:38:11,717 [INFO] [DRY RUN] [93mSIMULATED FILL[0m: BUY NO 7.89 @ 0.19
2025-12-14 19:38:11,718 [INFO] [FILL APPLIED] btc-updown-15m-1765737000 | BUY NO 8.33 @ 0.180 | Inv: Y=0.0 N=415.1 Exp=$64.50
2025-12-14 19:38:11,718 [INFO] [DRY RUN] [93mSIMULATED FILL[0m: BUY NO 8.33 @ 0.18
2025-12-14 19:38:11,718 [INFO] [btc-updown-15m-1765737000] IDLE | T-408s
  YES: bid=0.790 ask=0.810 | NO: bid=0.200 ask=0.210
  q_yes=0.00 q_no=398.91 | avg_yes=0.000 avg_no=0.154
  exposure=$61.50 | mtm_pnl=$+18.28 | locked=$+1.00
  exposure=$61.50 | mtm_pnl=$+18.28 | locked=$+1.00
  orders: 0 | fills: 0 ()
2025-12-14 19:38:14,562 [INFO] [FILL APPLIED] btc-updown-15m-1765737000 | BUY NO 8.33 @ 0.180 | Inv: Y=0.0 N=423.5 Exp=$66.00
2025-12-14 19:38:14,562 [INFO] [DRY RUN] [93mSIMULATED FILL[0m: BUY NO 8.33 @ 0.18
2025-12-14 19:38:14,562 [INFO] [DRY RUN] [93mSIMULATED FILL[0m: BUY NO 8.82 @ 0.17
2025-12-14 19:38:14,562 [INFO] [btc-updown-15m-1765737000] IDLE | T-406s
  YES: bid=0.800 ask=0.810 | NO: bid=0.190 ask=0.200
  q_yes=0.00 q_no=415.13 | avg_yes=0.000 avg_no=0.155
  exposure=$64.50 | mtm_pnl=$+14.38 | locked=$+1.00
  exposure=$64.50 | mtm_pnl=$+14.38 | locked=$+1.00
  orders: 0 | fills: 0 ()
2025-12-14 19:38:14,562 [INFO] --- HEARTBEAT (Cycle 2.74s) ---
2025-12-14 19:38:14,562 [INFO]    [btc-updown-15m-1765737000] ACCUMULATE | Rem: 406s | Orders: 0
2025-12-14 19:38:17,372 [INFO] [FILL APPLIED] btc-updown-15m-1765737000 | BUY NO 8.33 @ 0.180 | Inv: Y=0.0 N=431.8 Exp=$67.50
2025-12-14 19:38:17,372 [INFO] [DRY RUN] [93mSIMULATED FILL[0m: BUY NO 8.33 @ 0.18
2025-12-14 19:38:17,372 [INFO] [DRY RUN] [93mSIMULATED FILL[0m: BUY NO 8.82 @ 0.17
2025-12-14 19:38:17,373 [INFO] [btc-updown-15m-1765737000] IDLE | T-403s
  YES: bid=0.800 ask=0.810 | NO: bid=0.190 ask=0.200
  q_yes=0.00 q_no=423.46 | avg_yes=0.000 avg_no=0.156
  exposure=$66.00 | mtm_pnl=$+14.46 | locked=$+1.00
  exposure=$66.00 | mtm_pnl=$+14.46 | locked=$+1.00
  orders: 0 | fills: 0 ()
2025-12-14 19:38:20,266 [INFO] [FILL APPLIED] btc-updown-15m-1765737000 | BUY NO 8.82 @ 0.170 | Inv: Y=0.0 N=440.6 Exp=$69.00
2025-12-14 19:38:20,266 [INFO] [DRY RUN] [93mSIMULATED FILL[0m: BUY NO 8.82 @ 0.17
2025-12-14 19:38:20,266 [INFO] [DRY RUN] [93mSIMULATED FILL[0m: BUY NO 9.38 @ 0.16
2025-12-14 19:38:20,266 [INFO] [btc-updown-15m-1765737000] IDLE | T-400s
  YES: bid=0.800 ask=0.820 | NO: bid=0.180 ask=0.200
  q_yes=0.00 q_no=431.79 | avg_yes=0.000 avg_no=0.156
  exposure=$67.50 | mtm_pnl=$+10.23 | locked=$+1.00
  exposure=$67.50 | mtm_pnl=$+10.23 | locked=$+1.00
  orders: 0 | fills: 0 ()
2025-12-14 19:38:23,004 [INFO] [FILL APPLIED] btc-updown-15m-1765737000 | BUY NO 8.82 @ 0.170 | Inv: Y=0.0 N=449.4 Exp=$70.50
2025-12-14 19:38:23,004 [INFO] [DRY RUN] [93mSIMULATED FILL[0m: BUY NO 8.82 @ 0.17
2025-12-14 19:38:23,004 [INFO] [DRY RUN] [93mSIMULATED FILL[0m: BUY NO 9.38 @ 0.16
2025-12-14 19:38:23,004 [INFO] [btc-updown-15m-1765737000] IDLE | T-397s
  YES: bid=0.810 ask=0.820 | NO: bid=0.180 ask=0.190
  q_yes=0.00 q_no=440.61 | avg_yes=0.000 avg_no=0.157
  exposure=$69.00 | mtm_pnl=$+10.31 | locked=$+1.00
  exposure=$69.00 | mtm_pnl=$+10.31 | locked=$+1.00
  orders: 0 | fills: 0 ()
2025-12-14 19:38:25,784 [INFO] [FILL APPLIED] btc-updown-15m-1765737000 | BUY NO 8.82 @ 0.170 | Inv: Y=0.0 N=458.2 Exp=$71.99
2025-12-14 19:38:25,784 [INFO] [DRY RUN] [93mSIMULATED FILL[0m: BUY NO 8.82 @ 0.17
2025-12-14 19:38:25,784 [INFO] [DRY RUN] [93mSIMULATED FILL[0m: BUY NO 9.38 @ 0.16
2025-12-14 19:38:25,784 [INFO] [btc-updown-15m-1765737000] IDLE | T-394s
  YES: bid=0.800 ask=0.810 | NO: bid=0.180 ask=0.200
  q_yes=0.00 q_no=449.43 | avg_yes=0.000 avg_no=0.157
  exposure=$70.50 | mtm_pnl=$+10.40 | locked=$+1.00
  exposure=$70.50 | mtm_pnl=$+10.40 | locked=$+1.00
  orders: 0 | fills: 0 ()
2025-12-14 19:38:25,785 [INFO] --- HEARTBEAT (Cycle 2.68s) ---
2025-12-14 19:38:25,785 [INFO]    [btc-updown-15m-1765737000] ACCUMULATE | Rem: 395s | Orders: 0
2025-12-14 19:38:28,619 [INFO] [FILL APPLIED] btc-updown-15m-1765737000 | BUY NO 9.38 @ 0.160 | Inv: Y=0.0 N=467.6 Exp=$73.50
2025-12-14 19:38:28,620 [INFO] [DRY RUN] [93mSIMULATED FILL[0m: BUY NO 9.38 @ 0.16
2025-12-14 19:38:28,620 [INFO] [FILL APPLIED] btc-updown-15m-1765737000 | BUY NO 10.00 @ 0.150 | Inv: Y=0.0 N=477.6 Exp=$75.00
2025-12-14 19:38:28,620 [INFO] [DRY RUN] [93mSIMULATED FILL[0m: BUY NO 10.0 @ 0.15
2025-12-14 19:38:28,621 [INFO] [btc-updown-15m-1765737000] IDLE | T-392s
  YES: bid=0.810 ask=0.830 | NO: bid=0.170 ask=0.190
  q_yes=0.00 q_no=458.25 | avg_yes=0.000 avg_no=0.157
  exposure=$71.99 | mtm_pnl=$+5.91 | locked=$+1.00
  exposure=$71.99 | mtm_pnl=$+5.91 | locked=$+1.00
  orders: 0 | fills: 0 ()
2025-12-14 19:38:31,541 [INFO] [FILL APPLIED] btc-updown-15m-1765737000 | BUY NO 10.00 @ 0.150 | Inv: Y=0.0 N=487.6 Exp=$76.50
2025-12-14 19:38:31,541 [INFO] [DRY RUN] [93mSIMULATED FILL[0m: BUY NO 10.0 @ 0.15
2025-12-14 19:38:31,541 [INFO] [DRY RUN] [93mSIMULATED FILL[0m: BUY NO 10.71 @ 0.14
2025-12-14 19:38:31,541 [INFO] [btc-updown-15m-1765737000] IDLE | T-389s
  YES: bid=0.820 ask=0.840 | NO: bid=0.160 ask=0.180
  q_yes=0.00 q_no=477.63 | avg_yes=0.000 avg_no=0.157
  exposure=$75.00 | mtm_pnl=$+1.43 | locked=$+1.00
  exposure=$75.00 | mtm_pnl=$+1.43 | locked=$+1.00
  orders: 0 | fills: 0 ()
2025-12-14 19:38:34,437 [INFO] [FILL APPLIED] btc-updown-15m-1765737000 | BUY NO 11.54 @ 0.130 | Inv: Y=0.0 N=499.2 Exp=$78.00
2025-12-14 19:38:34,437 [INFO] [DRY RUN] [93mSIMULATED FILL[0m: BUY NO 11.54 @ 0.13
2025-12-14 19:38:34,437 [INFO] [FILL APPLIED] btc-updown-15m-1765737000 | BUY NO 12.50 @ 0.120 | Inv: Y=0.0 N=511.7 Exp=$79.50
2025-12-14 19:38:34,437 [INFO] [DRY RUN] [93mSIMULATED FILL[0m: BUY NO 12.5 @ 0.12
2025-12-14 19:38:34,437 [INFO] [btc-updown-15m-1765737000] IDLE | T-386s
  YES: bid=0.840 ask=0.860 | NO: bid=0.140 ask=0.150
  q_yes=0.00 q_no=487.63 | avg_yes=0.000 avg_no=0.157
  exposure=$76.50 | mtm_pnl=$-8.23 | locked=$+0.00
  exposure=$76.50 | mtm_pnl=$-8.23 | locked=$+0.00
  orders: 0 | fills: 0 ()
2025-12-14 19:38:37,324 [INFO] [FILL APPLIED] btc-updown-15m-1765737000 | BUY NO 12.50 @ 0.120 | Inv: Y=0.0 N=524.2 Exp=$81.00
2025-12-14 19:38:37,324 [INFO] [DRY RUN] [93mSIMULATED FILL[0m: BUY NO 12.5 @ 0.12
2025-12-14 19:38:37,325 [INFO] [FILL APPLIED] btc-updown-15m-1765737000 | BUY NO 13.64 @ 0.110 | Inv: Y=0.0 N=537.8 Exp=$82.50
2025-12-14 19:38:37,325 [INFO] [DRY RUN] [93mSIMULATED FILL[0m: BUY NO 13.64 @ 0.11
2025-12-14 19:38:37,325 [INFO] [btc-updown-15m-1765737000] IDLE | T-383s
  YES: bid=0.860 ask=0.870 | NO: bid=0.130 ask=0.150
  q_yes=0.00 q_no=511.67 | avg_yes=0.000 avg_no=0.155
  exposure=$79.50 | mtm_pnl=$-12.98 | locked=$+0.00
  exposure=$79.50 | mtm_pnl=$-12.98 | locked=$+0.00
  orders: 0 | fills: 0 ()
2025-12-14 19:38:37,325 [INFO] --- HEARTBEAT (Cycle 2.79s) ---
2025-12-14 19:38:37,325 [INFO]    [btc-updown-15m-1765737000] ACCUMULATE | Rem: 383s | Orders: 0
2025-12-14 19:38:40,216 [INFO] [FILL APPLIED] btc-updown-15m-1765737000 | BUY NO 16.67 @ 0.090 | Inv: Y=0.0 N=554.5 Exp=$84.00
2025-12-14 19:38:40,216 [INFO] [DRY RUN] [93mSIMULATED FILL[0m: BUY NO 16.67 @ 0.09
2025-12-14 19:38:40,216 [INFO] [DRY RUN] [93mSIMULATED FILL[0m: BUY NO 18.75 @ 0.08
2025-12-14 19:38:40,216 [INFO] [btc-updown-15m-1765737000] IDLE | T-380s
  YES: bid=0.890 ask=0.900 | NO: bid=0.100 ask=0.110
  q_yes=0.00 q_no=537.81 | avg_yes=0.000 avg_no=0.153
  exposure=$82.50 | mtm_pnl=$-28.72 | locked=$+0.00
  exposure=$82.50 | mtm_pnl=$-28.72 | locked=$+0.00
  orders: 0 | fills: 0 ()
2025-12-14 19:38:43,096 [INFO] [FILL APPLIED] btc-updown-15m-1765737000 | BUY NO 18.75 @ 0.080 | Inv: Y=0.0 N=573.2 Exp=$85.50
2025-12-14 19:38:43,096 [INFO] [DRY RUN] [93mSIMULATED FILL[0m: BUY NO 18.75 @ 0.08
2025-12-14 19:38:43,096 [INFO] [DRY RUN] [93mSIMULATED FILL[0m: BUY NO 21.43 @ 0.07
2025-12-14 19:38:43,096 [INFO] [btc-updown-15m-1765737000] IDLE | T-377s
  YES: bid=0.890 ask=0.900 | NO: bid=0.090 ask=0.100
  q_yes=0.00 q_no=554.48 | avg_yes=0.000 avg_no=0.151
  exposure=$84.00 | mtm_pnl=$-34.09 | locked=$+0.00
  exposure=$84.00 | mtm_pnl=$-34.09 | locked=$+0.00
  orders: 0 | fills: 0 ()
2025-12-14 19:38:46,018 [INFO] [FILL APPLIED] btc-updown-15m-1765737000 | BUY NO 18.75 @ 0.080 | Inv: Y=0.0 N=592.0 Exp=$87.00
2025-12-14 19:38:46,018 [INFO] [DRY RUN] [93mSIMULATED FILL[0m: BUY NO 18.75 @ 0.08
2025-12-14 19:38:46,018 [INFO] [DRY RUN] [93mSIMULATED FILL[0m: BUY NO 21.43 @ 0.07
2025-12-14 19:38:46,018 [INFO] [btc-updown-15m-1765737000] IDLE | T-374s
  YES: bid=0.900 ask=0.910 | NO: bid=0.090 ask=0.100
  q_yes=0.00 q_no=573.23 | avg_yes=0.000 avg_no=0.149
  exposure=$85.50 | mtm_pnl=$-33.91 | locked=$+0.00
  exposure=$85.50 | mtm_pnl=$-33.91 | locked=$+0.00
  orders: 0 | fills: 0 ()
2025-12-14 19:38:48,875 [INFO] [FILL APPLIED] btc-updown-15m-1765737000 | BUY NO 18.75 @ 0.080 | Inv: Y=0.0 N=610.7 Exp=$88.50
2025-12-14 19:38:48,876 [INFO] [DRY RUN] [93mSIMULATED FILL[0m: BUY NO 18.75 @ 0.08
2025-12-14 19:38:48,876 [INFO] [FILL APPLIED] btc-updown-15m-1765737000 | BUY NO 21.43 @ 0.070 | Inv: Y=0.0 N=632.2 Exp=$90.00
2025-12-14 19:38:48,876 [INFO] [DRY RUN] [93mSIMULATED FILL[0m: BUY NO 21.43 @ 0.07
2025-12-14 19:38:48,876 [INFO] [btc-updown-15m-1765737000] IDLE | T-371s
  YES: bid=0.900 ask=0.910 | NO: bid=0.090 ask=0.100
  q_yes=0.00 q_no=591.98 | avg_yes=0.000 avg_no=0.147
  exposure=$87.00 | mtm_pnl=$-33.72 | locked=$+0.00
  exposure=$87.00 | mtm_pnl=$-33.72 | locked=$+0.00
  orders: 0 | fills: 0 ()
2025-12-14 19:38:48,877 [INFO] --- HEARTBEAT (Cycle 2.76s) ---
2025-12-14 19:38:48,877 [INFO]    [btc-updown-15m-1765737000] ACCUMULATE | Rem: 372s | Orders: 0
2025-12-14 19:38:51,754 [INFO] [FILL APPLIED] btc-updown-15m-1765737000 | BUY NO 18.75 @ 0.080 | Inv: Y=0.0 N=650.9 Exp=$91.50
2025-12-14 19:38:51,754 [INFO] [DRY RUN] [93mSIMULATED FILL[0m: BUY NO 18.75 @ 0.08
2025-12-14 19:38:51,755 [INFO] [FILL APPLIED] btc-updown-15m-1765737000 | BUY NO 21.43 @ 0.070 | Inv: Y=0.0 N=672.3 Exp=$93.00
2025-12-14 19:38:51,755 [INFO] [DRY RUN] [93mSIMULATED FILL[0m: BUY NO 21.43 @ 0.07
2025-12-14 19:38:51,755 [INFO] [btc-updown-15m-1765737000] IDLE | T-368s
  YES: bid=0.900 ask=0.910 | NO: bid=0.090 ask=0.100
  q_yes=0.00 q_no=632.16 | avg_yes=0.000 avg_no=0.142
  exposure=$90.00 | mtm_pnl=$-33.10 | locked=$+0.00
  exposure=$90.00 | mtm_pnl=$-33.10 | locked=$+0.00
  orders: 0 | fills: 0 ()
2025-12-14 19:38:54,651 [INFO] [FILL APPLIED] btc-updown-15m-1765737000 | BUY NO 18.75 @ 0.080 | Inv: Y=0.0 N=691.1 Exp=$94.50
2025-12-14 19:38:54,652 [INFO] [DRY RUN] [93mSIMULATED FILL[0m: BUY NO 18.75 @ 0.08
2025-12-14 19:38:54,652 [INFO] [FILL APPLIED] btc-updown-15m-1765737000 | BUY NO 21.43 @ 0.070 | Inv: Y=0.0 N=712.5 Exp=$96.00
2025-12-14 19:38:54,652 [INFO] [DRY RUN] [93mSIMULATED FILL[0m: BUY NO 21.43 @ 0.07
2025-12-14 19:38:54,652 [INFO] [btc-updown-15m-1765737000] IDLE | T-366s
  YES: bid=0.900 ask=0.910 | NO: bid=0.090 ask=0.100
  q_yes=0.00 q_no=672.34 | avg_yes=0.000 avg_no=0.138
  exposure=$93.00 | mtm_pnl=$-32.49 | locked=$+0.00
  exposure=$93.00 | mtm_pnl=$-32.49 | locked=$+0.00
  orders: 0 | fills: 0 ()
2025-12-14 19:38:57,504 [INFO] [FILL APPLIED] btc-updown-15m-1765737000 | BUY NO 18.75 @ 0.080 | Inv: Y=0.0 N=731.3 Exp=$97.50
2025-12-14 19:38:57,505 [INFO] [DRY RUN] [93mSIMULATED FILL[0m: BUY NO 18.75 @ 0.08
2025-12-14 19:38:57,505 [INFO] [FILL APPLIED] btc-updown-15m-1765737000 | BUY NO 21.43 @ 0.070 | Inv: Y=0.0 N=752.7 Exp=$99.00
2025-12-14 19:38:57,505 [INFO] [DRY RUN] [93mSIMULATED FILL[0m: BUY NO 21.43 @ 0.07
2025-12-14 19:38:57,505 [INFO] [btc-updown-15m-1765737000] IDLE | T-363s
  YES: bid=0.900 ask=0.910 | NO: bid=0.090 ask=0.100
  q_yes=0.00 q_no=712.52 | avg_yes=0.000 avg_no=0.135
  exposure=$96.00 | mtm_pnl=$-31.87 | locked=$+0.00
  exposure=$96.00 | mtm_pnl=$-31.87 | locked=$+0.00
  orders: 0 | fills: 0 ()
2025-12-14 19:39:00,378 [INFO] [FILL APPLIED] btc-updown-15m-1765737000 | BUY NO 21.43 @ 0.070 | Inv: Y=0.0 N=774.1 Exp=$100.50
2025-12-14 19:39:00,378 [INFO] [DRY RUN] [93mSIMULATED FILL[0m: BUY NO 21.43 @ 0.07
2025-12-14 19:39:00,379 [INFO] [FILL APPLIED] btc-updown-15m-1765737000 | BUY NO 25.00 @ 0.060 | Inv: Y=0.0 N=799.1 Exp=$102.00
2025-12-14 19:39:00,379 [INFO] [DRY RUN] [93mSIMULATED FILL[0m: BUY NO 25.0 @ 0.06
2025-12-14 19:39:00,379 [INFO] [btc-updown-15m-1765737000] IDLE | T-360s
  YES: bid=0.900 ask=0.920 | NO: bid=0.080 ask=0.100
  q_yes=0.00 q_no=752.70 | avg_yes=0.000 avg_no=0.132
  exposure=$99.00 | mtm_pnl=$-38.78 | locked=$+0.00
  exposure=$99.00 | mtm_pnl=$-38.78 | locked=$+0.00
  orders: 0 | fills: 0 ()
2025-12-14 19:39:00,380 [INFO] --- HEARTBEAT (Cycle 2.77s) ---
2025-12-14 19:39:00,380 [INFO]    [btc-updown-15m-1765737000] ACCUMULATE | Rem: 360s | Orders: 0
2025-12-14 19:39:03,402 [INFO] [FILL APPLIED] btc-updown-15m-1765737000 | BUY NO 21.43 @ 0.070 | Inv: Y=0.0 N=820.6 Exp=$103.50
2025-12-14 19:39:03,402 [INFO] [DRY RUN] [93mSIMULATED FILL[0m: BUY NO 21.43 @ 0.07
2025-12-14 19:39:03,402 [INFO] [DRY RUN] [93mSIMULATED FILL[0m: BUY NO 25.0 @ 0.06
2025-12-14 19:39:03,402 [INFO] [btc-updown-15m-1765737000] IDLE | T-357s
  YES: bid=0.910 ask=0.920 | NO: bid=0.080 ask=0.090
  q_yes=0.00 q_no=799.13 | avg_yes=0.000 avg_no=0.128
  exposure=$102.00 | mtm_pnl=$-38.07 | locked=$+0.00
  exposure=$102.00 | mtm_pnl=$-38.07 | locked=$+0.00
  orders: 0 | fills: 0 ()
2025-12-14 19:39:06,376 [INFO] [FILL APPLIED] btc-updown-15m-1765737000 | BUY NO 18.75 @ 0.080 | Inv: Y=0.0 N=839.3 Exp=$105.00
2025-12-14 19:39:06,377 [INFO] [DRY RUN] [93mSIMULATED FILL[0m: BUY NO 18.75 @ 0.08
2025-12-14 19:39:06,377 [INFO] [FILL APPLIED] btc-updown-15m-1765737000 | BUY NO 21.43 @ 0.070 | Inv: Y=0.0 N=860.7 Exp=$106.50
2025-12-14 19:39:06,377 [INFO] [DRY RUN] [93mSIMULATED FILL[0m: BUY NO 21.43 @ 0.07
2025-12-14 19:39:06,377 [INFO] [btc-updown-15m-1765737000] IDLE | T-354s
  YES: bid=0.900 ask=0.910 | NO: bid=0.090 ask=0.100
  q_yes=0.00 q_no=820.56 | avg_yes=0.000 avg_no=0.126
  exposure=$103.50 | mtm_pnl=$-29.65 | locked=$+0.00
  exposure=$103.50 | mtm_pnl=$-29.65 | locked=$+0.00
  orders: 0 | fills: 0 ()
2025-12-14 19:39:09,289 [INFO] [FILL APPLIED] btc-updown-15m-1765737000 | BUY NO 18.75 @ 0.080 | Inv: Y=0.0 N=879.5 Exp=$108.00
2025-12-14 19:39:09,290 [INFO] [DRY RUN] [93mSIMULATED FILL[0m: BUY NO 18.75 @ 0.08
2025-12-14 19:39:09,290 [INFO] [FILL APPLIED] btc-updown-15m-1765737000 | BUY NO 21.43 @ 0.070 | Inv: Y=0.0 N=900.9 Exp=$109.50
2025-12-14 19:39:09,291 [INFO] [DRY RUN] [93mSIMULATED FILL[0m: BUY NO 21.43 @ 0.07
2025-12-14 19:39:09,291 [INFO] [btc-updown-15m-1765737000] IDLE | T-351s
  YES: bid=0.900 ask=0.910 | NO: bid=0.090 ask=0.100
  q_yes=0.00 q_no=860.74 | avg_yes=0.000 avg_no=0.124
  exposure=$106.50 | mtm_pnl=$-29.03 | locked=$+0.00
  exposure=$106.50 | mtm_pnl=$-29.03 | locked=$+0.00
  orders: 0 | fills: 0 ()
2025-12-14 19:39:12,312 [INFO] [FILL APPLIED] btc-updown-15m-1765737000 | BUY NO 21.43 @ 0.070 | Inv: Y=0.0 N=922.3 Exp=$111.00
2025-12-14 19:39:12,312 [INFO] [DRY RUN] [93mSIMULATED FILL[0m: BUY NO 21.43 @ 0.07
2025-12-14 19:39:12,312 [INFO] [DRY RUN] [93mSIMULATED FILL[0m: BUY NO 25.0 @ 0.06
2025-12-14 19:39:12,312 [INFO] [btc-updown-15m-1765737000] IDLE | T-348s
  YES: bid=0.910 ask=0.920 | NO: bid=0.080 ask=0.090
  q_yes=0.00 q_no=900.92 | avg_yes=0.000 avg_no=0.122
  exposure=$109.50 | mtm_pnl=$-37.42 | locked=$+0.00
  exposure=$109.50 | mtm_pnl=$-37.42 | locked=$+0.00
  orders: 0 | fills: 0 ()
2025-12-14 19:39:12,312 [INFO] --- HEARTBEAT (Cycle 2.92s) ---
2025-12-14 19:39:12,312 [INFO]    [btc-updown-15m-1765737000] ACCUMULATE | Rem: 348s | Orders: 0
2025-12-14 19:39:15,272 [INFO] [FILL APPLIED] btc-updown-15m-1765737000 | BUY NO 21.43 @ 0.070 | Inv: Y=0.0 N=943.8 Exp=$112.50
2025-12-14 19:39:15,273 [INFO] [DRY RUN] [93mSIMULATED FILL[0m: BUY NO 21.43 @ 0.07
2025-12-14 19:39:15,273 [INFO] [FILL APPLIED] btc-updown-15m-1765737000 | BUY NO 25.00 @ 0.060 | Inv: Y=0.0 N=968.8 Exp=$114.00
2025-12-14 19:39:15,273 [INFO] [DRY RUN] [93mSIMULATED FILL[0m: BUY NO 25.0 @ 0.06
2025-12-14 19:39:15,273 [INFO] [btc-updown-15m-1765737000] IDLE | T-345s
  YES: bid=0.910 ask=0.920 | NO: bid=0.080 ask=0.090
  q_yes=0.00 q_no=922.35 | avg_yes=0.000 avg_no=0.120
  exposure=$111.00 | mtm_pnl=$-37.21 | locked=$+0.00
  exposure=$111.00 | mtm_pnl=$-37.21 | locked=$+0.00
  orders: 0 | fills: 0 ()
2025-12-14 19:39:18,179 [INFO] [FILL APPLIED] btc-updown-15m-1765737000 | BUY NO 21.43 @ 0.070 | Inv: Y=0.0 N=990.2 Exp=$115.50
2025-12-14 19:39:18,179 [INFO] [DRY RUN] [93mSIMULATED FILL[0m: BUY NO 21.43 @ 0.07
2025-12-14 19:39:18,179 [INFO] [DRY RUN] [93mSIMULATED FILL[0m: BUY NO 25.0 @ 0.06
2025-12-14 19:39:18,179 [INFO] [btc-updown-15m-1765737000] IDLE | T-342s
  YES: bid=0.910 ask=0.920 | NO: bid=0.080 ask=0.090
  q_yes=0.00 q_no=968.78 | avg_yes=0.000 avg_no=0.118
  exposure=$114.00 | mtm_pnl=$-36.50 | locked=$+0.00
  exposure=$114.00 | mtm_pnl=$-36.50 | locked=$+0.00
  orders: 0 | fills: 0 ()
2025-12-14 19:39:21,066 [INFO] [FILL APPLIED] btc-updown-15m-1765737000 | BUY NO 21.43 @ 0.070 | Inv: Y=0.0 N=1011.6 Exp=$117.00
2025-12-14 19:39:21,066 [INFO] [DRY RUN] [93mSIMULATED FILL[0m: BUY NO 21.43 @ 0.07
2025-12-14 19:39:21,066 [INFO] [DRY RUN] [93mSIMULATED FILL[0m: BUY NO 25.0 @ 0.06
2025-12-14 19:39:21,066 [INFO] [btc-updown-15m-1765737000] IDLE | T-339s
  YES: bid=0.910 ask=0.920 | NO: bid=0.080 ask=0.090
  q_yes=0.00 q_no=990.21 | avg_yes=0.000 avg_no=0.117
  exposure=$115.50 | mtm_pnl=$-36.28 | locked=$+0.00
  exposure=$115.50 | mtm_pnl=$-36.28 | locked=$+0.00
  orders: 0 | fills: 0 ()
2025-12-14 19:39:23,927 [INFO] [FILL APPLIED] btc-updown-15m-1765737000 | BUY NO 21.43 @ 0.070 | Inv: Y=0.0 N=1033.1 Exp=$118.50
2025-12-14 19:39:23,932 [INFO] [DRY RUN] [93mSIMULATED FILL[0m: BUY NO 21.43 @ 0.07
2025-12-14 19:39:23,932 [INFO] [FILL APPLIED] btc-updown-15m-1765737000 | BUY NO 25.00 @ 0.060 | Inv: Y=0.0 N=1058.1 Exp=$120.00
2025-12-14 19:39:23,933 [INFO] [DRY RUN] [93mSIMULATED FILL[0m: BUY NO 25.0 @ 0.06
2025-12-14 19:39:23,933 [INFO] [btc-updown-15m-1765737000] IDLE | T-336s
  YES: bid=0.900 ask=0.920 | NO: bid=0.080 ask=0.100
  q_yes=0.00 q_no=1011.64 | avg_yes=0.000 avg_no=0.116
  exposure=$117.00 | mtm_pnl=$-36.07 | locked=$+0.00
  exposure=$117.00 | mtm_pnl=$-36.07 | locked=$+0.00
  orders: 0 | fills: 0 ()
2025-12-14 19:39:23,933 [INFO] --- HEARTBEAT (Cycle 2.77s) ---
2025-12-14 19:39:23,933 [INFO]    [btc-updown-15m-1765737000] ACCUMULATE | Rem: 337s | Orders: 0
2025-12-14 19:39:26,797 [INFO] [FILL APPLIED] btc-updown-15m-1765737000 | BUY NO 25.00 @ 0.060 | Inv: Y=0.0 N=1083.1 Exp=$121.50
2025-12-14 19:39:26,798 [INFO] [DRY RUN] [93mSIMULATED FILL[0m: BUY NO 25.0 @ 0.06
2025-12-14 19:39:26,798 [INFO] [FILL APPLIED] btc-updown-15m-1765737000 | BUY NO 30.00 @ 0.050 | Inv: Y=0.0 N=1113.1 Exp=$123.00
2025-12-14 19:39:26,798 [INFO] [DRY RUN] [93mSIMULATED FILL[0m: BUY NO 30.0 @ 0.05
2025-12-14 19:39:26,798 [INFO] [btc-updown-15m-1765737000] IDLE | T-333s
  YES: bid=0.920 ask=0.930 | NO: bid=0.070 ask=0.080
  q_yes=0.00 q_no=1058.07 | avg_yes=0.000 avg_no=0.113
  exposure=$120.00 | mtm_pnl=$-45.93 | locked=$+0.00
  exposure=$120.00 | mtm_pnl=$-45.93 | locked=$+0.00
  orders: 0 | fills: 0 ()
2025-12-14 19:39:29,794 [INFO] [FILL APPLIED] btc-updown-15m-1765737000 | BUY NO 30.00 @ 0.050 | Inv: Y=0.0 N=1143.1 Exp=$124.50
2025-12-14 19:39:29,794 [INFO] [DRY RUN] [93mSIMULATED FILL[0m: BUY NO 30.0 @ 0.05
2025-12-14 19:39:29,794 [INFO] [DRY RUN] [93mSIMULATED FILL[0m: BUY NO 37.5 @ 0.04
2025-12-14 19:39:29,796 [INFO] [btc-updown-15m-1765737000] IDLE | T-330s
  YES: bid=0.930 ask=0.940 | NO: bid=0.060 ask=0.070
  q_yes=0.00 q_no=1113.07 | avg_yes=0.000 avg_no=0.111
  exposure=$123.00 | mtm_pnl=$-56.21 | locked=$+0.00
  exposure=$123.00 | mtm_pnl=$-56.21 | locked=$+0.00
  orders: 0 | fills: 0 ()
2025-12-14 19:39:32,637 [INFO] [FILL APPLIED] btc-updown-15m-1765737000 | BUY NO 30.00 @ 0.050 | Inv: Y=0.0 N=1173.1 Exp=$126.00
2025-12-14 19:39:32,637 [INFO] [DRY RUN] [93mSIMULATED FILL[0m: BUY NO 30.0 @ 0.05
2025-12-14 19:39:32,637 [INFO] [DRY RUN] [93mSIMULATED FILL[0m: BUY NO 37.5 @ 0.04
2025-12-14 19:39:32,637 [INFO] [btc-updown-15m-1765737000] IDLE | T-328s
  YES: bid=0.930 ask=0.940 | NO: bid=0.060 ask=0.070
  q_yes=0.00 q_no=1143.07 | avg_yes=0.000 avg_no=0.109
  exposure=$124.50 | mtm_pnl=$-55.91 | locked=$+0.00
  exposure=$124.50 | mtm_pnl=$-55.91 | locked=$+0.00
  orders: 0 | fills: 0 ()
2025-12-14 19:39:35,439 [INFO] [FILL APPLIED] btc-updown-15m-1765737000 | BUY NO 37.50 @ 0.040 | Inv: Y=0.0 N=1210.6 Exp=$127.50
2025-12-14 19:39:35,439 [INFO] [DRY RUN] [93mSIMULATED FILL[0m: BUY NO 37.5 @ 0.04
2025-12-14 19:39:35,439 [INFO] [DRY RUN] [93mSIMULATED FILL[0m: BUY NO 50.0 @ 0.03
2025-12-14 19:39:35,440 [INFO] [btc-updown-15m-1765737000] IDLE | T-325s
  YES: bid=0.930 ask=0.950 | NO: bid=0.050 ask=0.070
  q_yes=0.00 q_no=1173.07 | avg_yes=0.000 avg_no=0.107
  exposure=$126.00 | mtm_pnl=$-67.34 | locked=$+0.00
  exposure=$126.00 | mtm_pnl=$-67.34 | locked=$+0.00
  orders: 0 | fills: 0 ()
2025-12-14 19:39:35,440 [INFO] --- HEARTBEAT (Cycle 2.70s) ---
2025-12-14 19:39:35,440 [INFO]    [btc-updown-15m-1765737000] ACCUMULATE | Rem: 325s | Orders: 0
2025-12-14 19:39:38,331 [INFO] [FILL APPLIED] btc-updown-15m-1765737000 | BUY NO 37.50 @ 0.040 | Inv: Y=0.0 N=1248.1 Exp=$129.00
2025-12-14 19:39:38,331 [INFO] [DRY RUN] [93mSIMULATED FILL[0m: BUY NO 37.5 @ 0.04
2025-12-14 19:39:38,332 [INFO] [DRY RUN] [93mSIMULATED FILL[0m: BUY NO 50.0 @ 0.03
2025-12-14 19:39:38,332 [INFO] [btc-updown-15m-1765737000] IDLE | T-322s
  YES: bid=0.940 ask=0.950 | NO: bid=0.050 ask=0.060
  q_yes=0.00 q_no=1210.57 | avg_yes=0.000 avg_no=0.105
  exposure=$127.50 | mtm_pnl=$-66.97 | locked=$+0.00
  exposure=$127.50 | mtm_pnl=$-66.97 | locked=$+0.00
  orders: 0 | fills: 0 ()
2025-12-14 19:39:41,151 [INFO] [FILL APPLIED] btc-updown-15m-1765737000 | BUY NO 37.50 @ 0.040 | Inv: Y=0.0 N=1285.6 Exp=$130.50
2025-12-14 19:39:41,151 [INFO] [DRY RUN] [93mSIMULATED FILL[0m: BUY NO 37.5 @ 0.04
2025-12-14 19:39:41,151 [INFO] [DRY RUN] [93mSIMULATED FILL[0m: BUY NO 50.0 @ 0.03
2025-12-14 19:39:41,151 [INFO] [btc-updown-15m-1765737000] IDLE | T-319s
  YES: bid=0.940 ask=0.950 | NO: bid=0.050 ask=0.060
  q_yes=0.00 q_no=1248.07 | avg_yes=0.000 avg_no=0.103
  exposure=$129.00 | mtm_pnl=$-66.59 | locked=$+0.00
  exposure=$129.00 | mtm_pnl=$-66.59 | locked=$+0.00
  orders: 0 | fills: 0 ()
2025-12-14 19:39:44,045 [INFO] [FILL APPLIED] btc-updown-15m-1765737000 | BUY NO 37.50 @ 0.040 | Inv: Y=0.0 N=1323.1 Exp=$132.00
2025-12-14 19:39:44,045 [INFO] [DRY RUN] [93mSIMULATED FILL[0m: BUY NO 37.5 @ 0.04
2025-12-14 19:39:44,045 [INFO] [FILL APPLIED] btc-updown-15m-1765737000 | BUY NO 50.00 @ 0.030 | Inv: Y=0.0 N=1373.1 Exp=$133.50
2025-12-14 19:39:44,045 [INFO] [DRY RUN] [93mSIMULATED FILL[0m: BUY NO 50.0 @ 0.03
2025-12-14 19:39:44,045 [INFO] [btc-updown-15m-1765737000] IDLE | T-316s
  YES: bid=0.940 ask=0.950 | NO: bid=0.050 ask=0.060
  q_yes=0.00 q_no=1285.57 | avg_yes=0.000 avg_no=0.102
  exposure=$130.50 | mtm_pnl=$-66.22 | locked=$+0.00
  exposure=$130.50 | mtm_pnl=$-66.22 | locked=$+0.00
  orders: 0 | fills: 0 ()
2025-12-14 19:39:47,036 [INFO] [FILL APPLIED] btc-updown-15m-1765737000 | BUY NO 37.50 @ 0.040 | Inv: Y=0.0 N=1410.6 Exp=$135.00
2025-12-14 19:39:47,037 [INFO] [DRY RUN] [93mSIMULATED FILL[0m: BUY NO 37.5 @ 0.04
2025-12-14 19:39:47,037 [INFO] [FILL APPLIED] btc-updown-15m-1765737000 | BUY NO 50.00 @ 0.030 | Inv: Y=0.0 N=1460.6 Exp=$136.50
2025-12-14 19:39:47,037 [INFO] [DRY RUN] [93mSIMULATED FILL[0m: BUY NO 50.0 @ 0.03
2025-12-14 19:39:47,037 [INFO] [btc-updown-15m-1765737000] IDLE | T-313s
  YES: bid=0.940 ask=0.950 | NO: bid=0.050 ask=0.060
  q_yes=0.00 q_no=1373.07 | avg_yes=0.000 avg_no=0.097
  exposure=$133.50 | mtm_pnl=$-64.84 | locked=$+0.00
  exposure=$133.50 | mtm_pnl=$-64.84 | locked=$+0.00
  orders: 0 | fills: 0 ()
2025-12-14 19:39:47,037 [INFO] --- HEARTBEAT (Cycle 2.89s) ---
2025-12-14 19:39:47,037 [INFO]    [btc-updown-15m-1765737000] ACCUMULATE | Rem: 314s | Orders: 0
2025-12-14 19:39:49,934 [INFO] [FILL APPLIED] btc-updown-15m-1765737000 | BUY NO 37.50 @ 0.040 | Inv: Y=0.0 N=1498.1 Exp=$138.00
2025-12-14 19:39:49,935 [INFO] [DRY RUN] [93mSIMULATED FILL[0m: BUY NO 37.5 @ 0.04
2025-12-14 19:39:49,935 [INFO] [FILL APPLIED] btc-updown-15m-1765737000 | BUY NO 50.00 @ 0.030 | Inv: Y=0.0 N=1548.1 Exp=$139.50
2025-12-14 19:39:49,935 [INFO] [DRY RUN] [93mSIMULATED FILL[0m: BUY NO 50.0 @ 0.03
2025-12-14 19:39:49,935 [INFO] [btc-updown-15m-1765737000] IDLE | T-310s
  YES: bid=0.940 ask=0.950 | NO: bid=0.050 ask=0.060
  q_yes=0.00 q_no=1460.57 | avg_yes=0.000 avg_no=0.093
  exposure=$136.50 | mtm_pnl=$-63.47 | locked=$+0.00
  exposure=$136.50 | mtm_pnl=$-63.47 | locked=$+0.00
  orders: 0 | fills: 0 ()
2025-12-14 19:39:52,883 [INFO] [FILL APPLIED] btc-updown-15m-1765737000 | BUY NO 50.00 @ 0.030 | Inv: Y=0.0 N=1598.1 Exp=$141.00
2025-12-14 19:39:52,883 [INFO] [DRY RUN] [93mSIMULATED FILL[0m: BUY NO 50.0 @ 0.03
2025-12-14 19:39:52,883 [INFO] [DRY RUN] [93mSIMULATED FILL[0m: BUY NO 75.0 @ 0.02
2025-12-14 19:39:52,883 [INFO] [btc-updown-15m-1765737000] IDLE | T-307s
  YES: bid=0.950 ask=0.960 | NO: bid=0.040 ask=0.050
  q_yes=0.00 q_no=1548.07 | avg_yes=0.000 avg_no=0.090
  exposure=$139.50 | mtm_pnl=$-77.57 | locked=$+0.00
  exposure=$139.50 | mtm_pnl=$-77.57 | locked=$+0.00
  orders: 0 | fills: 0 ()
2025-12-14 19:39:55,817 [INFO] [FILL APPLIED] btc-updown-15m-1765737000 | BUY NO 50.00 @ 0.030 | Inv: Y=0.0 N=1648.1 Exp=$142.50
2025-12-14 19:39:55,817 [INFO] [DRY RUN] [93mSIMULATED FILL[0m: BUY NO 50.0 @ 0.03
2025-12-14 19:39:55,817 [INFO] [DRY RUN] [93mSIMULATED FILL[0m: BUY NO 75.0 @ 0.02
2025-12-14 19:39:55,817 [INFO] [btc-updown-15m-1765737000] IDLE | T-304s
  YES: bid=0.950 ask=0.960 | NO: bid=0.040 ask=0.050
  q_yes=0.00 q_no=1598.07 | avg_yes=0.000 avg_no=0.088
  exposure=$141.00 | mtm_pnl=$-77.07 | locked=$+0.00
  exposure=$141.00 | mtm_pnl=$-77.07 | locked=$+0.00
  orders: 0 | fills: 0 ()
2025-12-14 19:39:58,923 [WARNING] [btc-updown-15m-1765737000] STOP TRIGGER: MtM PnL -93.06 < 80.0
2025-12-14 19:39:58,924 [INFO] [btc-updown-15m-1765737000] ACCUMULATE -> STOPPED (Stop loss hit)
2025-12-14 19:39:58,924 [INFO] [btc-updown-15m-1765737000] IDLE | T-301s
  YES: bid=0.950 ask=0.970 | NO: bid=0.030 ask=0.050
  q_yes=0.00 q_no=1648.07 | avg_yes=0.000 avg_no=0.086
  exposure=$142.50 | mtm_pnl=$-93.06 | locked=$+0.00
  exposure=$142.50 | mtm_pnl=$-93.06 | locked=$+0.00
  orders: 0 | fills: 0 ()
2025-12-14 19:39:58,924 [INFO] --- HEARTBEAT (Cycle 3.01s) ---
2025-12-14 19:39:58,924 [INFO]    [btc-updown-15m-1765737000] STOPPED | Rem: 302s | Orders: 0
2025-12-14 19:40:01,765 [WARNING] [btc-updown-15m-1765737000] STOP TRIGGER: MtM PnL -93.06 < 80.0
2025-12-14 19:40:04,636 [WARNING] [btc-updown-15m-1765737000] STOP TRIGGER: MtM PnL -93.06 < 80.0
2025-12-14 19:40:07,550 [WARNING] [btc-updown-15m-1765737000] STOP TRIGGER: MtM PnL -93.06 < 80.0
2025-12-14 19:40:10,478 [WARNING] [btc-updown-15m-1765737000] STOP TRIGGER: MtM PnL -93.06 < 80.0
2025-12-14 19:40:10,479 [INFO] --- HEARTBEAT (Cycle 2.83s) ---
2025-12-14 19:40:10,479 [INFO]    [btc-updown-15m-1765737000] STOPPED | Rem: 290s | Orders: 0
2025-12-14 19:40:13,559 [INFO] [FILL APPLIED] btc-updown-15m-1765737000 | SELL NO 1648.07 @ 0.040 | Inv: Y=0.0 N=0.0 Exp=$0.00
2025-12-14 19:40:13,560 [INFO] [DRY RUN] [93mSIMULATED FILL[0m: SELL NO 1648.0699999999993 @ 0.04
2025-12-14 19:40:22,136 [INFO] --- HEARTBEAT (Cycle 2.70s) ---
2025-12-14 19:40:22,136 [INFO]    [btc-updown-15m-1765737000] STOPPED | Rem: 279s | Orders: 0
2025-12-14 19:40:33,729 [INFO] --- HEARTBEAT (Cycle 2.90s) ---
2025-12-14 19:40:33,729 [INFO]    [btc-updown-15m-1765737000] STOPPED | Rem: 267s | Orders: 0
2025-12-14 19:40:45,469 [INFO] --- HEARTBEAT (Cycle 2.77s) ---
2025-12-14 19:40:45,471 [INFO]    [btc-updown-15m-1765737000] STOPPED | Rem: 255s | Orders: 0
2025-12-14 19:40:57,059 [INFO] --- HEARTBEAT (Cycle 2.70s) ---
2025-12-14 19:40:57,059 [INFO]    [btc-updown-15m-1765737000] STOPPED | Rem: 244s | Orders: 0
2025-12-14 19:41:08,771 [INFO] --- HEARTBEAT (Cycle 2.83s) ---
2025-12-14 19:41:08,771 [INFO]    [btc-updown-15m-1765737000] STOPPED | Rem: 232s | Orders: 0
2025-12-14 19:41:20,461 [INFO] --- HEARTBEAT (Cycle 2.79s) ---
2025-12-14 19:41:20,461 [INFO]    [btc-updown-15m-1765737000] STOPPED | Rem: 220s | Orders: 0
2025-12-14 19:41:24,729 [INFO] Stopping...
2025-12-14 19:45:09,946 [WARNING] [93m==================================================
2025-12-14 19:45:09,946 [WARNING] !!! RUNNING IN DRY RUN / SIMULATION MODE !!!
2025-12-14 19:45:09,946 [WARNING] No real orders will be placed.
2025-12-14 19:45:09,946 [WARNING] All generated orders will be IMMEIDATELY FILLED (Simulated).
2025-12-14 19:45:09,946 [WARNING] ==================================================[0m
2025-12-14 19:45:09,946 [INFO] --- GABAGOOL LITE INITIALIZATION ---
2025-12-14 19:45:09,952 [INFO] [ALERT] CLOB client authentifié initialisé sur https://clob.polymarket.com
2025-12-14 19:45:09,952 [WARNING] MODE LIVE - ORDRES RÉELS POSSIBLES
2025-12-14 19:45:09,952 [INFO] API Client Authenticated.
2025-12-14 19:45:09,952 [INFO] >>> STARTING ROTATION CYCLE: Scanning for active BTC market... <<<
2025-12-14 19:45:10,721 [INFO] No active markets found (gap window?). Sleeping 10s and retrying...
2025-12-14 19:45:20,722 [INFO] >>> STARTING ROTATION CYCLE: Scanning for active BTC market... <<<
2025-12-14 19:45:21,419 [INFO] Tracking Market: btc-updown-15m-1765737900
2025-12-14 19:45:21,421 [INFO] Orchestrator initialized. Dry Run: True
2025-12-14 19:45:24,515 [ERROR] Market update error btc-updown-15m-1765737900: 'end_date_iso'
2025-12-14 19:45:25,293 [CRITICAL] Crash: 'NoneType' object has no attribute 'best_ask'
Traceback (most recent call last):
  File "E:\Cursor Project\Polymarket_bot_arbitrage\live_gabagool_lite.py", line 224, in main
    orchestrator.tick()
  File "E:\Cursor Project\Polymarket_bot_arbitrage\gabagool_lite\orchestrator.py", line 63, in tick
    self.active_market_slug = self._select_active_market()
                              ^^^^^^^^^^^^^^^^^^^^^^^^^^^^
  File "E:\Cursor Project\Polymarket_bot_arbitrage\gabagool_lite\orchestrator.py", line 111, in _select_active_market
    p_yes = strat.metrics.book_yes.best_ask
            ^^^^^^^^^^^^^^^^^^^^^^^^^^^^^^^
AttributeError: 'NoneType' object has no attribute 'best_ask'
2025-12-14 19:45:30,296 [INFO] >>> STARTING ROTATION CYCLE: Scanning for active BTC market... <<<
2025-12-14 19:45:31,094 [INFO] Tracking Market: btc-updown-15m-1765737900
2025-12-14 19:45:31,094 [INFO] Orchestrator initialized. Dry Run: True
2025-12-14 19:45:33,182 [ERROR] Market update error btc-updown-15m-1765737900: 'end_date_iso'
2025-12-14 19:45:34,074 [CRITICAL] Crash: 'NoneType' object has no attribute 'best_ask'
Traceback (most recent call last):
  File "E:\Cursor Project\Polymarket_bot_arbitrage\live_gabagool_lite.py", line 224, in main
    orchestrator.tick()
  File "E:\Cursor Project\Polymarket_bot_arbitrage\gabagool_lite\orchestrator.py", line 63, in tick
    self.active_market_slug = self._select_active_market()
                              ^^^^^^^^^^^^^^^^^^^^^^^^^^^^
  File "E:\Cursor Project\Polymarket_bot_arbitrage\gabagool_lite\orchestrator.py", line 111, in _select_active_market
    p_yes = strat.metrics.book_yes.best_ask
            ^^^^^^^^^^^^^^^^^^^^^^^^^^^^^^^
AttributeError: 'NoneType' object has no attribute 'best_ask'
2025-12-14 19:45:39,078 [INFO] >>> STARTING ROTATION CYCLE: Scanning for active BTC market... <<<
2025-12-14 19:46:34,388 [WARNING] [93m==================================================
2025-12-14 19:46:34,388 [WARNING] !!! RUNNING IN DRY RUN / SIMULATION MODE !!!
2025-12-14 19:46:34,389 [WARNING] No real orders will be placed.
2025-12-14 19:46:34,389 [WARNING] All generated orders will be IMMEIDATELY FILLED (Simulated).
2025-12-14 19:46:34,389 [WARNING] ==================================================[0m
2025-12-14 19:46:34,389 [INFO] --- GABAGOOL LITE INITIALIZATION ---
2025-12-14 19:46:34,393 [INFO] [ALERT] CLOB client authentifié initialisé sur https://clob.polymarket.com
2025-12-14 19:46:34,393 [WARNING] MODE LIVE - ORDRES RÉELS POSSIBLES
2025-12-14 19:46:34,393 [INFO] API Client Authenticated.
2025-12-14 19:46:34,393 [INFO] >>> STARTING ROTATION CYCLE: Scanning for active BTC market... <<<
2025-12-14 19:46:35,091 [INFO] Tracking Market: btc-updown-15m-1765737900
2025-12-14 19:46:35,091 [INFO] Orchestrator initialized. Dry Run: True
2025-12-14 19:46:37,114 [ERROR] Market update error btc-updown-15m-1765737900: 'end_date_iso'
2025-12-14 19:46:37,792 [INFO] [btc-updown-15m-1765737900] IDLE -> STOPPED (FORCE EXIT (T-0s))
2025-12-14 19:46:37,795 [CRITICAL] Crash: 'NoneType' object has no attribute 'best_bid'
Traceback (most recent call last):
  File "E:\Cursor Project\Polymarket_bot_arbitrage\live_gabagool_lite.py", line 224, in main
    orchestrator.tick()
  File "E:\Cursor Project\Polymarket_bot_arbitrage\gabagool_lite\orchestrator.py", line 86, in tick
    self.csv_logger.log_tick(strat)
  File "E:\Cursor Project\Polymarket_bot_arbitrage\gabagool_lite\csv_logger.py", line 66, in log_tick
    "best_bid_yes": metrics.book_yes.best_bid,
                    ^^^^^^^^^^^^^^^^^^^^^^^^^
AttributeError: 'NoneType' object has no attribute 'best_bid'
2025-12-14 19:46:42,809 [INFO] >>> STARTING ROTATION CYCLE: Scanning for active BTC market... <<<
2025-12-14 19:46:43,489 [INFO] Tracking Market: btc-updown-15m-1765737900
2025-12-14 19:46:43,496 [INFO] Orchestrator initialized. Dry Run: True
2025-12-14 19:46:45,596 [ERROR] Market update error btc-updown-15m-1765737900: 'end_date_iso'
2025-12-14 19:46:46,268 [INFO] [btc-updown-15m-1765737900] IDLE -> STOPPED (FORCE EXIT (T-0s))
2025-12-14 19:46:46,269 [CRITICAL] Crash: 'NoneType' object has no attribute 'best_bid'
Traceback (most recent call last):
  File "E:\Cursor Project\Polymarket_bot_arbitrage\live_gabagool_lite.py", line 224, in main
    orchestrator.tick()
  File "E:\Cursor Project\Polymarket_bot_arbitrage\gabagool_lite\orchestrator.py", line 86, in tick
    self.csv_logger.log_tick(strat)
  File "E:\Cursor Project\Polymarket_bot_arbitrage\gabagool_lite\csv_logger.py", line 66, in log_tick
    "best_bid_yes": metrics.book_yes.best_bid,
                    ^^^^^^^^^^^^^^^^^^^^^^^^^
AttributeError: 'NoneType' object has no attribute 'best_bid'
2025-12-14 19:46:51,271 [INFO] >>> STARTING ROTATION CYCLE: Scanning for active BTC market... <<<
2025-12-14 19:46:51,973 [INFO] Tracking Market: btc-updown-15m-1765737900
2025-12-14 19:46:51,973 [INFO] Orchestrator initialized. Dry Run: True
2025-12-14 19:46:54,676 [ERROR] Market update error btc-updown-15m-1765737900: 'end_date_iso'
2025-12-14 19:46:55,390 [INFO] [btc-updown-15m-1765737900] IDLE -> STOPPED (FORCE EXIT (T-0s))
2025-12-14 19:46:55,391 [CRITICAL] Crash: 'NoneType' object has no attribute 'best_bid'
Traceback (most recent call last):
  File "E:\Cursor Project\Polymarket_bot_arbitrage\live_gabagool_lite.py", line 224, in main
    orchestrator.tick()
  File "E:\Cursor Project\Polymarket_bot_arbitrage\gabagool_lite\orchestrator.py", line 86, in tick
    self.csv_logger.log_tick(strat)
  File "E:\Cursor Project\Polymarket_bot_arbitrage\gabagool_lite\csv_logger.py", line 66, in log_tick
    "best_bid_yes": metrics.book_yes.best_bid,
                    ^^^^^^^^^^^^^^^^^^^^^^^^^
AttributeError: 'NoneType' object has no attribute 'best_bid'
2025-12-14 19:47:00,393 [INFO] >>> STARTING ROTATION CYCLE: Scanning for active BTC market... <<<
2025-12-14 19:47:01,142 [INFO] Tracking Market: btc-updown-15m-1765737900
2025-12-14 19:47:01,143 [INFO] Orchestrator initialized. Dry Run: True
2025-12-14 19:47:03,404 [ERROR] Market update error btc-updown-15m-1765737900: 'end_date_iso'
2025-12-14 19:47:04,204 [INFO] [btc-updown-15m-1765737900] IDLE -> STOPPED (FORCE EXIT (T-0s))
2025-12-14 19:47:04,204 [CRITICAL] Crash: 'NoneType' object has no attribute 'best_bid'
Traceback (most recent call last):
  File "E:\Cursor Project\Polymarket_bot_arbitrage\live_gabagool_lite.py", line 224, in main
    orchestrator.tick()
  File "E:\Cursor Project\Polymarket_bot_arbitrage\gabagool_lite\orchestrator.py", line 86, in tick
    self.csv_logger.log_tick(strat)
  File "E:\Cursor Project\Polymarket_bot_arbitrage\gabagool_lite\csv_logger.py", line 66, in log_tick
    "best_bid_yes": metrics.book_yes.best_bid,
                    ^^^^^^^^^^^^^^^^^^^^^^^^^
AttributeError: 'NoneType' object has no attribute 'best_bid'
2025-12-14 19:47:09,206 [INFO] >>> STARTING ROTATION CYCLE: Scanning for active BTC market... <<<
2025-12-14 19:47:09,930 [INFO] Tracking Market: btc-updown-15m-1765737900
2025-12-14 19:47:09,931 [INFO] Orchestrator initialized. Dry Run: True
2025-12-14 19:47:11,938 [ERROR] Market update error btc-updown-15m-1765737900: 'end_date_iso'
2025-12-14 19:47:12,669 [INFO] [btc-updown-15m-1765737900] IDLE -> STOPPED (FORCE EXIT (T-0s))
2025-12-14 19:47:12,669 [CRITICAL] Crash: 'NoneType' object has no attribute 'best_bid'
Traceback (most recent call last):
  File "E:\Cursor Project\Polymarket_bot_arbitrage\live_gabagool_lite.py", line 224, in main
    orchestrator.tick()
  File "E:\Cursor Project\Polymarket_bot_arbitrage\gabagool_lite\orchestrator.py", line 86, in tick
    self.csv_logger.log_tick(strat)
  File "E:\Cursor Project\Polymarket_bot_arbitrage\gabagool_lite\csv_logger.py", line 66, in log_tick
    "best_bid_yes": metrics.book_yes.best_bid if metrics.book_yes else 0.0,
                    ^^^^^^^^^^^^^^^^^^^^^^^^^
AttributeError: 'NoneType' object has no attribute 'best_bid'
2025-12-14 19:47:17,671 [INFO] >>> STARTING ROTATION CYCLE: Scanning for active BTC market... <<<
2025-12-14 19:47:18,356 [INFO] Tracking Market: btc-updown-15m-1765737900
2025-12-14 19:47:18,356 [INFO] Orchestrator initialized. Dry Run: True
2025-12-14 19:47:20,582 [ERROR] Market update error btc-updown-15m-1765737900: 'end_date_iso'
2025-12-14 19:47:21,257 [INFO] [btc-updown-15m-1765737900] IDLE -> STOPPED (FORCE EXIT (T-0s))
2025-12-14 19:47:21,257 [CRITICAL] Crash: 'NoneType' object has no attribute 'best_bid'
Traceback (most recent call last):
  File "E:\Cursor Project\Polymarket_bot_arbitrage\live_gabagool_lite.py", line 224, in main
    orchestrator.tick()
  File "E:\Cursor Project\Polymarket_bot_arbitrage\gabagool_lite\orchestrator.py", line 86, in tick
    self.csv_logger.log_tick(strat)
  File "E:\Cursor Project\Polymarket_bot_arbitrage\gabagool_lite\csv_logger.py", line 66, in log_tick
    "best_bid_yes": metrics.book_yes.best_bid if metrics.book_yes else 0.0,
                    ^^^^^^^^^^^^^^^^^^^^^^^^^
AttributeError: 'NoneType' object has no attribute 'best_bid'
2025-12-14 19:47:26,259 [INFO] >>> STARTING ROTATION CYCLE: Scanning for active BTC market... <<<
2025-12-14 19:47:26,946 [INFO] Tracking Market: btc-updown-15m-1765737900
2025-12-14 19:47:26,946 [INFO] Orchestrator initialized. Dry Run: True
2025-12-14 19:47:28,974 [ERROR] Market update error btc-updown-15m-1765737900: 'end_date_iso'
2025-12-14 19:47:29,668 [INFO] [btc-updown-15m-1765737900] IDLE -> STOPPED (FORCE EXIT (T-0s))
2025-12-14 19:47:29,668 [CRITICAL] Crash: 'NoneType' object has no attribute 'best_bid'
Traceback (most recent call last):
  File "E:\Cursor Project\Polymarket_bot_arbitrage\live_gabagool_lite.py", line 224, in main
    orchestrator.tick()
  File "E:\Cursor Project\Polymarket_bot_arbitrage\gabagool_lite\orchestrator.py", line 86, in tick
    self.csv_logger.log_tick(strat)
  File "E:\Cursor Project\Polymarket_bot_arbitrage\gabagool_lite\csv_logger.py", line 66, in log_tick
    "best_bid_yes": metrics.book_yes.best_bid if metrics.book_yes else 0.0,
                    ^^^^^^^^^^^^^^^^^^^^^^^^^
AttributeError: 'NoneType' object has no attribute 'best_bid'
2025-12-14 19:47:34,670 [INFO] >>> STARTING ROTATION CYCLE: Scanning for active BTC market... <<<
2025-12-14 19:47:35,383 [INFO] Tracking Market: btc-updown-15m-1765737900
2025-12-14 19:47:35,384 [INFO] Orchestrator initialized. Dry Run: True
2025-12-14 19:47:37,374 [ERROR] Market update error btc-updown-15m-1765737900: 'end_date_iso'
2025-12-14 19:47:38,062 [INFO] [btc-updown-15m-1765737900] IDLE -> STOPPED (FORCE EXIT (T-0s))
2025-12-14 19:47:38,063 [CRITICAL] Crash: 'NoneType' object has no attribute 'best_bid'
Traceback (most recent call last):
  File "E:\Cursor Project\Polymarket_bot_arbitrage\live_gabagool_lite.py", line 224, in main
    orchestrator.tick()
  File "E:\Cursor Project\Polymarket_bot_arbitrage\gabagool_lite\orchestrator.py", line 86, in tick
    self.csv_logger.log_tick(strat)
  File "E:\Cursor Project\Polymarket_bot_arbitrage\gabagool_lite\csv_logger.py", line 66, in log_tick
    "best_bid_yes": metrics.book_yes.best_bid if metrics.book_yes else 0.0,
                    ^^^^^^^^^^^^^^^^^^^^^^^^^
AttributeError: 'NoneType' object has no attribute 'best_bid'
2025-12-14 19:47:43,065 [INFO] >>> STARTING ROTATION CYCLE: Scanning for active BTC market... <<<
2025-12-14 19:47:43,781 [INFO] Tracking Market: btc-updown-15m-1765737900
2025-12-14 19:47:43,782 [INFO] Orchestrator initialized. Dry Run: True
2025-12-14 19:47:45,797 [ERROR] Market update error btc-updown-15m-1765737900: 'end_date_iso'
2025-12-14 19:47:46,577 [INFO] [btc-updown-15m-1765737900] IDLE -> STOPPED (FORCE EXIT (T-0s))
2025-12-14 19:47:46,577 [CRITICAL] Crash: 'NoneType' object has no attribute 'best_bid'
Traceback (most recent call last):
  File "E:\Cursor Project\Polymarket_bot_arbitrage\live_gabagool_lite.py", line 224, in main
    orchestrator.tick()
  File "E:\Cursor Project\Polymarket_bot_arbitrage\gabagool_lite\orchestrator.py", line 86, in tick
    self.csv_logger.log_tick(strat)
  File "E:\Cursor Project\Polymarket_bot_arbitrage\gabagool_lite\csv_logger.py", line 66, in log_tick
    "best_bid_yes": metrics.book_yes.best_bid if metrics.book_yes else 0.0,
                    ^^^^^^^^^^^^^^^^^^^^^^^^^
AttributeError: 'NoneType' object has no attribute 'best_bid'
2025-12-14 19:47:51,579 [INFO] >>> STARTING ROTATION CYCLE: Scanning for active BTC market... <<<
2025-12-14 19:47:52,311 [INFO] Tracking Market: btc-updown-15m-1765737900
2025-12-14 19:47:52,311 [INFO] Orchestrator initialized. Dry Run: True
2025-12-14 19:47:54,422 [ERROR] Market update error btc-updown-15m-1765737900: 'end_date_iso'
2025-12-14 19:47:55,102 [INFO] [btc-updown-15m-1765737900] IDLE -> STOPPED (FORCE EXIT (T-0s))
2025-12-14 19:47:55,103 [CRITICAL] Crash: 'NoneType' object has no attribute 'best_bid'
Traceback (most recent call last):
  File "E:\Cursor Project\Polymarket_bot_arbitrage\live_gabagool_lite.py", line 224, in main
    orchestrator.tick()
  File "E:\Cursor Project\Polymarket_bot_arbitrage\gabagool_lite\orchestrator.py", line 86, in tick
    self.csv_logger.log_tick(strat)
  File "E:\Cursor Project\Polymarket_bot_arbitrage\gabagool_lite\csv_logger.py", line 66, in log_tick
    "best_bid_yes": metrics.book_yes.best_bid if metrics.book_yes else 0.0,
                    ^^^^^^^^^^^^^^^^^^^^^^^^^
AttributeError: 'NoneType' object has no attribute 'best_bid'
2025-12-14 19:48:00,105 [INFO] >>> STARTING ROTATION CYCLE: Scanning for active BTC market... <<<
2025-12-14 19:48:00,816 [INFO] Tracking Market: btc-updown-15m-1765737900
2025-12-14 19:48:00,816 [INFO] Orchestrator initialized. Dry Run: True
2025-12-14 19:48:02,898 [ERROR] Market update error btc-updown-15m-1765737900: 'end_date_iso'
2025-12-14 19:48:03,590 [INFO] [btc-updown-15m-1765737900] IDLE -> STOPPED (FORCE EXIT (T-0s))
2025-12-14 19:48:03,591 [CRITICAL] Crash: 'NoneType' object has no attribute 'best_bid'
Traceback (most recent call last):
  File "E:\Cursor Project\Polymarket_bot_arbitrage\live_gabagool_lite.py", line 224, in main
    orchestrator.tick()
  File "E:\Cursor Project\Polymarket_bot_arbitrage\gabagool_lite\orchestrator.py", line 86, in tick
    self.csv_logger.log_tick(strat)
  File "E:\Cursor Project\Polymarket_bot_arbitrage\gabagool_lite\csv_logger.py", line 66, in log_tick
    "best_bid_yes": metrics.book_yes.best_bid if metrics.book_yes else 0.0,
                    ^^^^^^^^^^^^^^^^^^^^^^^^^
AttributeError: 'NoneType' object has no attribute 'best_bid'
2025-12-14 19:48:08,593 [INFO] >>> STARTING ROTATION CYCLE: Scanning for active BTC market... <<<
2025-12-14 19:48:09,372 [INFO] Tracking Market: btc-updown-15m-1765737900
2025-12-14 19:48:09,372 [INFO] Orchestrator initialized. Dry Run: True
2025-12-14 19:48:11,402 [ERROR] Market update error btc-updown-15m-1765737900: 'end_date_iso'
2025-12-14 19:48:12,162 [INFO] [btc-updown-15m-1765737900] IDLE -> STOPPED (FORCE EXIT (T-0s))
2025-12-14 19:48:12,163 [CRITICAL] Crash: 'NoneType' object has no attribute 'best_bid'
Traceback (most recent call last):
  File "E:\Cursor Project\Polymarket_bot_arbitrage\live_gabagool_lite.py", line 224, in main
    orchestrator.tick()
  File "E:\Cursor Project\Polymarket_bot_arbitrage\gabagool_lite\orchestrator.py", line 86, in tick
    self.csv_logger.log_tick(strat)
  File "E:\Cursor Project\Polymarket_bot_arbitrage\gabagool_lite\csv_logger.py", line 66, in log_tick
    "best_bid_yes": metrics.book_yes.best_bid if metrics.book_yes else 0.0,
                    ^^^^^^^^^^^^^^^^^^^^^^^^^
AttributeError: 'NoneType' object has no attribute 'best_bid'
2025-12-14 19:48:17,164 [INFO] >>> STARTING ROTATION CYCLE: Scanning for active BTC market... <<<
2025-12-14 19:48:17,837 [INFO] Tracking Market: btc-updown-15m-1765737900
2025-12-14 19:48:17,838 [INFO] Orchestrator initialized. Dry Run: True
2025-12-14 19:48:19,898 [ERROR] Market update error btc-updown-15m-1765737900: 'end_date_iso'
2025-12-14 19:48:20,569 [INFO] [btc-updown-15m-1765737900] IDLE -> STOPPED (FORCE EXIT (T-0s))
2025-12-14 19:48:20,569 [CRITICAL] Crash: 'NoneType' object has no attribute 'best_bid'
Traceback (most recent call last):
  File "E:\Cursor Project\Polymarket_bot_arbitrage\live_gabagool_lite.py", line 224, in main
    orchestrator.tick()
  File "E:\Cursor Project\Polymarket_bot_arbitrage\gabagool_lite\orchestrator.py", line 86, in tick
    self.csv_logger.log_tick(strat)
  File "E:\Cursor Project\Polymarket_bot_arbitrage\gabagool_lite\csv_logger.py", line 66, in log_tick
    "best_bid_yes": metrics.book_yes.best_bid if metrics.book_yes else 0.0,
                    ^^^^^^^^^^^^^^^^^^^^^^^^^
AttributeError: 'NoneType' object has no attribute 'best_bid'
2025-12-14 19:48:25,571 [INFO] >>> STARTING ROTATION CYCLE: Scanning for active BTC market... <<<
2025-12-14 19:48:26,281 [INFO] Tracking Market: btc-updown-15m-1765737900
2025-12-14 19:48:26,281 [INFO] Orchestrator initialized. Dry Run: True
2025-12-14 19:48:28,274 [ERROR] Market update error btc-updown-15m-1765737900: 'end_date_iso'
2025-12-14 19:48:28,961 [INFO] [btc-updown-15m-1765737900] IDLE -> STOPPED (FORCE EXIT (T-0s))
2025-12-14 19:48:28,962 [CRITICAL] Crash: 'NoneType' object has no attribute 'best_bid'
Traceback (most recent call last):
  File "E:\Cursor Project\Polymarket_bot_arbitrage\live_gabagool_lite.py", line 224, in main
    orchestrator.tick()
  File "E:\Cursor Project\Polymarket_bot_arbitrage\gabagool_lite\orchestrator.py", line 86, in tick
    self.csv_logger.log_tick(strat)
  File "E:\Cursor Project\Polymarket_bot_arbitrage\gabagool_lite\csv_logger.py", line 66, in log_tick
    "best_bid_yes": metrics.book_yes.best_bid if metrics.book_yes else 0.0,
                    ^^^^^^^^^^^^^^^^^^^^^^^^^
AttributeError: 'NoneType' object has no attribute 'best_bid'
2025-12-14 19:48:33,574 [WARNING] [93m==================================================
2025-12-14 19:48:33,574 [WARNING] !!! RUNNING IN DRY RUN / SIMULATION MODE !!!
2025-12-14 19:48:33,574 [WARNING] No real orders will be placed.
2025-12-14 19:48:33,574 [WARNING] All generated orders will be IMMEIDATELY FILLED (Simulated).
2025-12-14 19:48:33,574 [WARNING] ==================================================[0m
2025-12-14 19:48:33,574 [INFO] --- GABAGOOL LITE INITIALIZATION ---
2025-12-14 19:48:33,579 [INFO] [ALERT] CLOB client authentifié initialisé sur https://clob.polymarket.com
2025-12-14 19:48:33,579 [WARNING] MODE LIVE - ORDRES RÉELS POSSIBLES
2025-12-14 19:48:33,579 [INFO] API Client Authenticated.
2025-12-14 19:48:33,580 [INFO] >>> STARTING ROTATION CYCLE: Scanning for active BTC market... <<<
2025-12-14 19:48:34,279 [INFO] Tracking Market: btc-updown-15m-1765737900
2025-12-14 19:48:34,279 [INFO] Orchestrator initialized. Dry Run: True
2025-12-14 19:48:36,261 [ERROR] Market update error btc-updown-15m-1765737900: 'end_date_iso'
2025-12-14 19:48:36,990 [INFO] [btc-updown-15m-1765737900] IDLE -> STOPPED (FORCE EXIT (T-0s))
2025-12-14 19:48:36,991 [INFO] --- HEARTBEAT (Cycle 2.71s) ---
2025-12-14 19:48:36,991 [INFO]    [btc-updown-15m-1765737900] STOPPED | Rem: 0s | Orders: 0
2025-12-14 19:48:38,955 [ERROR] Market update error btc-updown-15m-1765737900: 'end_date_iso'
2025-12-14 19:48:41,569 [ERROR] Market update error btc-updown-15m-1765737900: 'end_date_iso'
2025-12-14 19:48:44,168 [ERROR] Market update error btc-updown-15m-1765737900: 'end_date_iso'
2025-12-14 19:48:46,761 [ERROR] Market update error btc-updown-15m-1765737900: 'end_date_iso'
2025-12-14 19:48:47,439 [INFO] --- HEARTBEAT (Cycle 2.48s) ---
2025-12-14 19:48:47,439 [INFO]    [btc-updown-15m-1765737900] STOPPED | Rem: 0s | Orders: 0
2025-12-14 19:48:49,362 [ERROR] Market update error btc-updown-15m-1765737900: 'end_date_iso'
2025-12-14 19:48:53,325 [ERROR] Market update error btc-updown-15m-1765737900: 'end_date_iso'
2025-12-14 19:48:56,271 [ERROR] Market update error btc-updown-15m-1765737900: 'end_date_iso'
2025-12-14 19:48:59,815 [ERROR] Market update error btc-updown-15m-1765737900: 'end_date_iso'
2025-12-14 19:49:00,499 [INFO] --- HEARTBEAT (Cycle 3.46s) ---
2025-12-14 19:49:00,499 [INFO]    [btc-updown-15m-1765737900] STOPPED | Rem: 0s | Orders: 0
2025-12-14 19:49:02,493 [ERROR] Market update error btc-updown-15m-1765737900: 'end_date_iso'
2025-12-14 19:49:05,077 [ERROR] Market update error btc-updown-15m-1765737900: 'end_date_iso'
2025-12-14 19:49:07,829 [ERROR] Market update error btc-updown-15m-1765737900: 'end_date_iso'
2025-12-14 19:49:10,444 [ERROR] Market update error btc-updown-15m-1765737900: 'end_date_iso'
2025-12-14 19:49:11,122 [INFO] --- HEARTBEAT (Cycle 2.52s) ---
2025-12-14 19:49:11,123 [INFO]    [btc-updown-15m-1765737900] STOPPED | Rem: 0s | Orders: 0
2025-12-14 19:49:13,010 [ERROR] Market update error btc-updown-15m-1765737900: 'end_date_iso'
2025-12-14 19:49:15,669 [ERROR] Market update error btc-updown-15m-1765737900: 'end_date_iso'
2025-12-14 19:49:18,402 [ERROR] Market update error btc-updown-15m-1765737900: 'end_date_iso'
2025-12-14 19:49:21,347 [ERROR] Market update error btc-updown-15m-1765737900: 'end_date_iso'
2025-12-14 19:49:22,021 [INFO] --- HEARTBEAT (Cycle 2.77s) ---
2025-12-14 19:49:22,021 [INFO]    [btc-updown-15m-1765737900] STOPPED | Rem: 0s | Orders: 0
2025-12-14 19:49:23,919 [ERROR] Market update error btc-updown-15m-1765737900: 'end_date_iso'
2025-12-14 19:49:26,579 [ERROR] Market update error btc-updown-15m-1765737900: 'end_date_iso'
2025-12-14 19:49:29,297 [ERROR] Market update error btc-updown-15m-1765737900: 'end_date_iso'
2025-12-14 19:49:31,959 [ERROR] Market update error btc-updown-15m-1765737900: 'end_date_iso'
2025-12-14 19:49:32,708 [INFO] --- HEARTBEAT (Cycle 2.58s) ---
2025-12-14 19:49:32,708 [INFO]    [btc-updown-15m-1765737900] STOPPED | Rem: 0s | Orders: 0
2025-12-14 19:49:34,822 [ERROR] Market update error btc-updown-15m-1765737900: 'end_date_iso'
2025-12-14 19:49:37,461 [ERROR] Market update error btc-updown-15m-1765737900: 'end_date_iso'
2025-12-14 19:49:40,122 [ERROR] Market update error btc-updown-15m-1765737900: 'end_date_iso'
2025-12-14 19:49:42,775 [ERROR] Market update error btc-updown-15m-1765737900: 'end_date_iso'
2025-12-14 19:49:43,461 [INFO] --- HEARTBEAT (Cycle 2.56s) ---
2025-12-14 19:49:43,461 [INFO]    [btc-updown-15m-1765737900] STOPPED | Rem: 0s | Orders: 0
2025-12-14 19:49:45,358 [ERROR] Market update error btc-updown-15m-1765737900: 'end_date_iso'
2025-12-14 19:49:48,520 [ERROR] Market update error btc-updown-15m-1765737900: 'end_date_iso'
2025-12-14 19:49:51,304 [ERROR] Market update error btc-updown-15m-1765737900: 'end_date_iso'
2025-12-14 19:49:54,015 [ERROR] Market update error btc-updown-15m-1765737900: 'end_date_iso'
2025-12-14 19:49:54,767 [INFO] --- HEARTBEAT (Cycle 2.61s) ---
2025-12-14 19:49:54,767 [INFO]    [btc-updown-15m-1765737900] STOPPED | Rem: 0s | Orders: 0
2025-12-14 19:49:56,807 [ERROR] Market update error btc-updown-15m-1765737900: 'end_date_iso'
2025-12-14 19:49:59,387 [ERROR] Market update error btc-updown-15m-1765737900: 'end_date_iso'
2025-12-14 19:50:02,209 [ERROR] Market update error btc-updown-15m-1765737900: 'end_date_iso'
2025-12-14 19:50:04,847 [ERROR] Market update error btc-updown-15m-1765737900: 'end_date_iso'
2025-12-14 19:50:05,537 [INFO] --- HEARTBEAT (Cycle 2.54s) ---
2025-12-14 19:50:05,538 [INFO]    [btc-updown-15m-1765737900] STOPPED | Rem: 0s | Orders: 0
2025-12-14 19:50:07,489 [ERROR] Market update error btc-updown-15m-1765737900: 'end_date_iso'
2025-12-14 19:50:10,554 [ERROR] Market update error btc-updown-15m-1765737900: 'end_date_iso'
2025-12-14 19:50:13,303 [ERROR] Market update error btc-updown-15m-1765737900: 'end_date_iso'
2025-12-14 19:50:15,899 [ERROR] Market update error btc-updown-15m-1765737900: 'end_date_iso'
2025-12-14 19:50:16,605 [INFO] --- HEARTBEAT (Cycle 2.51s) ---
2025-12-14 19:50:16,605 [INFO]    [btc-updown-15m-1765737900] STOPPED | Rem: 0s | Orders: 0
2025-12-14 19:50:18,585 [ERROR] Market update error btc-updown-15m-1765737900: 'end_date_iso'
2025-12-14 19:50:21,674 [ERROR] Market update error btc-updown-15m-1765737900: 'end_date_iso'
2025-12-14 19:50:24,483 [ERROR] Market update error btc-updown-15m-1765737900: 'end_date_iso'
2025-12-14 19:50:27,242 [ERROR] Market update error btc-updown-15m-1765737900: 'end_date_iso'
2025-12-14 19:50:27,931 [INFO] --- HEARTBEAT (Cycle 2.58s) ---
2025-12-14 19:50:27,931 [INFO]    [btc-updown-15m-1765737900] STOPPED | Rem: 0s | Orders: 0
2025-12-14 19:50:29,899 [ERROR] Market update error btc-updown-15m-1765737900: 'end_date_iso'
2025-12-14 19:50:30,654 [INFO] Stopping...
2025-12-14 19:50:33,006 [WARNING] [93m==================================================
2025-12-14 19:50:33,006 [WARNING] !!! RUNNING IN DRY RUN / SIMULATION MODE !!!
2025-12-14 19:50:33,007 [WARNING] No real orders will be placed.
2025-12-14 19:50:33,007 [WARNING] All generated orders will be IMMEIDATELY FILLED (Simulated).
2025-12-14 19:50:33,007 [WARNING] ==================================================[0m
2025-12-14 19:50:33,007 [INFO] --- GABAGOOL LITE INITIALIZATION ---
2025-12-14 19:50:33,012 [INFO] [ALERT] CLOB client authentifié initialisé sur https://clob.polymarket.com
2025-12-14 19:50:33,012 [WARNING] MODE LIVE - ORDRES RÉELS POSSIBLES
2025-12-14 19:50:33,012 [INFO] API Client Authenticated.
2025-12-14 19:50:33,012 [INFO] >>> STARTING ROTATION CYCLE: Scanning for active BTC market... <<<
2025-12-14 19:50:33,906 [INFO] Tracking Market: btc-updown-15m-1765737900
2025-12-14 19:50:33,906 [INFO] Orchestrator initialized. Dry Run: True
2025-12-14 19:50:36,711 [INFO] [btc-updown-15m-1765737900] IDLE -> ACCUMULATE (Signal NO 0.29)
2025-12-14 19:50:36,711 [INFO] [FILL APPLIED] btc-updown-15m-1765737900 | BUY NO 5.56 @ 0.270 | Inv: Y=0.0 N=5.6 Exp=$1.50
2025-12-14 19:50:36,712 [INFO] [DRY RUN] [93mSIMULATED FILL[0m: BUY NO 5.56 @ 0.27
2025-12-14 19:50:36,712 [INFO] [FILL APPLIED] btc-updown-15m-1765737900 | BUY NO 5.77 @ 0.260 | Inv: Y=0.0 N=11.3 Exp=$3.00
2025-12-14 19:50:36,712 [INFO] [DRY RUN] [93mSIMULATED FILL[0m: BUY NO 5.77 @ 0.26
2025-12-14 19:50:36,712 [INFO] [btc-updown-15m-1765737900] IDLE | T-900s
  YES: bid=0.690 ask=0.720 | NO: bid=0.280 ask=0.290
  q_yes=0.00 q_no=0.00 | avg_yes=0.000 avg_no=0.000
  exposure=$0.00 | mtm_pnl=$+0.00 | locked=$+0.00
  exposure=$0.00 | mtm_pnl=$+0.00 | locked=$+0.00
  orders: 0 | fills: 0 ()
2025-12-14 19:50:36,712 [INFO] --- HEARTBEAT (Cycle 2.80s) ---
2025-12-14 19:50:36,712 [INFO]    [btc-updown-15m-1765737900] ACCUMULATE | Rem: 900s | Orders: 0
2025-12-14 19:50:39,487 [INFO] [FILL APPLIED] btc-updown-15m-1765737900 | BUY NO 5.17 @ 0.290 | Inv: Y=0.0 N=16.5 Exp=$4.50
2025-12-14 19:50:39,487 [INFO] [DRY RUN] [93mSIMULATED FILL[0m: BUY NO 5.17 @ 0.29
2025-12-14 19:50:39,487 [INFO] [DRY RUN] [93mSIMULATED FILL[0m: BUY NO 5.36 @ 0.28
2025-12-14 19:50:39,487 [INFO] [btc-updown-15m-1765737900] IDLE | T-900s
  YES: bid=0.680 ask=0.700 | NO: bid=0.300 ask=0.320
  q_yes=0.00 q_no=11.33 | avg_yes=0.000 avg_no=0.265
  exposure=$3.00 | mtm_pnl=$+0.40 | locked=$+1.00
  exposure=$3.00 | mtm_pnl=$+0.40 | locked=$+1.00
  orders: 0 | fills: 0 ()
2025-12-14 19:50:42,155 [INFO] [FILL APPLIED] btc-updown-15m-1765737900 | BUY NO 5.00 @ 0.300 | Inv: Y=0.0 N=21.5 Exp=$6.00
2025-12-14 19:50:42,155 [INFO] [DRY RUN] [93mSIMULATED FILL[0m: BUY NO 5.0 @ 0.3
2025-12-14 19:50:42,156 [INFO] [DRY RUN] [93mSIMULATED FILL[0m: BUY NO 5.17 @ 0.29
2025-12-14 19:50:42,156 [INFO] [btc-updown-15m-1765737900] IDLE | T-900s
  YES: bid=0.680 ask=0.690 | NO: bid=0.310 ask=0.320
  q_yes=0.00 q_no=16.50 | avg_yes=0.000 avg_no=0.273
  exposure=$4.50 | mtm_pnl=$+0.61 | locked=$+1.00
  exposure=$4.50 | mtm_pnl=$+0.61 | locked=$+1.00
  orders: 0 | fills: 0 ()
2025-12-14 19:50:44,739 [INFO] [FILL APPLIED] btc-updown-15m-1765737900 | BUY NO 5.17 @ 0.290 | Inv: Y=0.0 N=26.7 Exp=$7.50
2025-12-14 19:50:44,739 [INFO] [DRY RUN] [93mSIMULATED FILL[0m: BUY NO 5.17 @ 0.29
2025-12-14 19:50:44,739 [INFO] [DRY RUN] [93mSIMULATED FILL[0m: BUY NO 5.36 @ 0.28
2025-12-14 19:50:44,740 [INFO] [btc-updown-15m-1765737900] IDLE | T-900s
  YES: bid=0.680 ask=0.700 | NO: bid=0.300 ask=0.320
  q_yes=0.00 q_no=21.50 | avg_yes=0.000 avg_no=0.279
  exposure=$6.00 | mtm_pnl=$+0.45 | locked=$+1.00
  exposure=$6.00 | mtm_pnl=$+0.45 | locked=$+1.00
  orders: 0 | fills: 0 ()
2025-12-14 19:50:47,455 [INFO] [FILL APPLIED] btc-updown-15m-1765737900 | BUY NO 5.36 @ 0.280 | Inv: Y=0.0 N=32.0 Exp=$9.00
2025-12-14 19:50:47,455 [INFO] [DRY RUN] [93mSIMULATED FILL[0m: BUY NO 5.36 @ 0.28
2025-12-14 19:50:47,455 [INFO] [DRY RUN] [93mSIMULATED FILL[0m: BUY NO 5.56 @ 0.27
2025-12-14 19:50:47,455 [INFO] [btc-updown-15m-1765737900] IDLE | T-900s
  YES: bid=0.690 ask=0.700 | NO: bid=0.290 ask=0.300
  q_yes=0.00 q_no=26.67 | avg_yes=0.000 avg_no=0.281
  exposure=$7.50 | mtm_pnl=$+0.23 | locked=$+1.00
  exposure=$7.50 | mtm_pnl=$+0.23 | locked=$+1.00
  orders: 0 | fills: 0 ()
2025-12-14 19:50:47,456 [INFO] --- HEARTBEAT (Cycle 2.62s) ---
2025-12-14 19:50:47,456 [INFO]    [btc-updown-15m-1765737900] ACCUMULATE | Rem: 900s | Orders: 0
2025-12-14 19:50:50,018 [INFO] [FILL APPLIED] btc-updown-15m-1765737900 | BUY NO 4.84 @ 0.310 | Inv: Y=0.0 N=36.9 Exp=$10.50
2025-12-14 19:50:50,018 [INFO] [DRY RUN] [93mSIMULATED FILL[0m: BUY NO 4.84 @ 0.31
2025-12-14 19:50:50,018 [INFO] [DRY RUN] [93mSIMULATED FILL[0m: BUY NO 5.0 @ 0.3
2025-12-14 19:50:50,018 [INFO] [btc-updown-15m-1765737900] IDLE | T-900s
  YES: bid=0.650 ask=0.660 | NO: bid=0.320 ask=0.340
  q_yes=0.00 q_no=32.03 | avg_yes=0.000 avg_no=0.281
  exposure=$9.00 | mtm_pnl=$+1.25 | locked=$+1.00
  exposure=$9.00 | mtm_pnl=$+1.25 | locked=$+1.00
  orders: 0 | fills: 0 ()
2025-12-14 19:50:52,811 [INFO] [FILL APPLIED] btc-updown-15m-1765737900 | BUY NO 4.84 @ 0.310 | Inv: Y=0.0 N=41.7 Exp=$12.00
2025-12-14 19:50:52,811 [INFO] [DRY RUN] [93mSIMULATED FILL[0m: BUY NO 4.84 @ 0.31
2025-12-14 19:50:52,812 [INFO] [FILL APPLIED] btc-updown-15m-1765737900 | BUY NO 5.00 @ 0.300 | Inv: Y=0.0 N=46.7 Exp=$13.50
2025-12-14 19:50:52,812 [INFO] [DRY RUN] [93mSIMULATED FILL[0m: BUY NO 5.0 @ 0.3
2025-12-14 19:50:52,812 [INFO] [btc-updown-15m-1765737900] IDLE | T-900s
  YES: bid=0.660 ask=0.680 | NO: bid=0.320 ask=0.330
  q_yes=0.00 q_no=36.87 | avg_yes=0.000 avg_no=0.285
  exposure=$10.50 | mtm_pnl=$+1.30 | locked=$+1.00
  exposure=$10.50 | mtm_pnl=$+1.30 | locked=$+1.00
  orders: 0 | fills: 0 ()
2025-12-14 19:50:55,479 [INFO] [FILL APPLIED] btc-updown-15m-1765737900 | BUY NO 4.84 @ 0.310 | Inv: Y=0.0 N=51.6 Exp=$15.00
2025-12-14 19:50:55,480 [INFO] [DRY RUN] [93mSIMULATED FILL[0m: BUY NO 4.84 @ 0.31
2025-12-14 19:50:55,480 [INFO] [FILL APPLIED] btc-updown-15m-1765737900 | BUY NO 5.00 @ 0.300 | Inv: Y=0.0 N=56.6 Exp=$16.50
2025-12-14 19:50:55,480 [INFO] [DRY RUN] [93mSIMULATED FILL[0m: BUY NO 5.0 @ 0.3
2025-12-14 19:50:55,480 [INFO] [btc-updown-15m-1765737900] IDLE | T-900s
  YES: bid=0.660 ask=0.680 | NO: bid=0.320 ask=0.330
  q_yes=0.00 q_no=46.71 | avg_yes=0.000 avg_no=0.289
  exposure=$13.50 | mtm_pnl=$+1.45 | locked=$+1.00
  exposure=$13.50 | mtm_pnl=$+1.45 | locked=$+1.00
  orders: 0 | fills: 0 ()
2025-12-14 19:50:58,193 [INFO] [FILL APPLIED] btc-updown-15m-1765737900 | BUY NO 5.00 @ 0.300 | Inv: Y=0.0 N=61.6 Exp=$18.00
2025-12-14 19:50:58,194 [INFO] [DRY RUN] [93mSIMULATED FILL[0m: BUY NO 5.0 @ 0.3
2025-12-14 19:50:58,194 [INFO] [FILL APPLIED] btc-updown-15m-1765737900 | BUY NO 5.17 @ 0.290 | Inv: Y=0.0 N=66.7 Exp=$19.50
2025-12-14 19:50:58,194 [INFO] [DRY RUN] [93mSIMULATED FILL[0m: BUY NO 5.17 @ 0.29
2025-12-14 19:50:58,194 [INFO] [btc-updown-15m-1765737900] IDLE | T-900s
  YES: bid=0.670 ask=0.680 | NO: bid=0.310 ask=0.330
  q_yes=0.00 q_no=56.55 | avg_yes=0.000 avg_no=0.292
  exposure=$16.50 | mtm_pnl=$+1.03 | locked=$+1.00
  exposure=$16.50 | mtm_pnl=$+1.03 | locked=$+1.00
  orders: 0 | fills: 0 ()
2025-12-14 19:50:58,194 [INFO] --- HEARTBEAT (Cycle 2.61s) ---
2025-12-14 19:50:58,195 [INFO]    [btc-updown-15m-1765737900] ACCUMULATE | Rem: 900s | Orders: 0
2025-12-14 19:51:01,009 [INFO] [FILL APPLIED] btc-updown-15m-1765737900 | BUY NO 4.84 @ 0.310 | Inv: Y=0.0 N=71.6 Exp=$21.00
2025-12-14 19:51:01,009 [INFO] [DRY RUN] [93mSIMULATED FILL[0m: BUY NO 4.84 @ 0.31
2025-12-14 19:51:01,010 [INFO] [FILL APPLIED] btc-updown-15m-1765737900 | BUY NO 5.00 @ 0.300 | Inv: Y=0.0 N=76.6 Exp=$22.50
2025-12-14 19:51:01,012 [INFO] [DRY RUN] [93mSIMULATED FILL[0m: BUY NO 5.0 @ 0.3
2025-12-14 19:51:01,012 [INFO] [btc-updown-15m-1765737900] IDLE | T-900s
  YES: bid=0.660 ask=0.680 | NO: bid=0.320 ask=0.340
  q_yes=0.00 q_no=66.72 | avg_yes=0.000 avg_no=0.292
  exposure=$19.50 | mtm_pnl=$+1.85 | locked=$+1.00
  exposure=$19.50 | mtm_pnl=$+1.85 | locked=$+1.00
  orders: 0 | fills: 0 ()
2025-12-14 19:51:03,633 [INFO] [FILL APPLIED] btc-updown-15m-1765737900 | BUY NO 5.36 @ 0.280 | Inv: Y=0.0 N=81.9 Exp=$24.00
2025-12-14 19:51:03,633 [INFO] [DRY RUN] [93mSIMULATED FILL[0m: BUY NO 5.36 @ 0.28
2025-12-14 19:51:03,633 [INFO] [DRY RUN] [93mSIMULATED FILL[0m: BUY NO 5.56 @ 0.27
2025-12-14 19:51:03,633 [INFO] [btc-updown-15m-1765737900] IDLE | T-900s
  YES: bid=0.680 ask=0.690 | NO: bid=0.290 ask=0.320
  q_yes=0.00 q_no=76.56 | avg_yes=0.000 avg_no=0.294
  exposure=$22.50 | mtm_pnl=$-0.30 | locked=$+1.00
  exposure=$22.50 | mtm_pnl=$-0.30 | locked=$+1.00
  orders: 0 | fills: 0 ()
2025-12-14 19:51:06,375 [INFO] [FILL APPLIED] btc-updown-15m-1765737900 | BUY NO 5.77 @ 0.260 | Inv: Y=0.0 N=87.7 Exp=$25.50
2025-12-14 19:51:06,375 [INFO] [DRY RUN] [93mSIMULATED FILL[0m: BUY NO 5.77 @ 0.26
2025-12-14 19:51:06,375 [INFO] [DRY RUN] [93mSIMULATED FILL[0m: BUY NO 6.0 @ 0.25
2025-12-14 19:51:06,375 [INFO] [btc-updown-15m-1765737900] IDLE | T-900s
  YES: bid=0.710 ask=0.720 | NO: bid=0.270 ask=0.290
  q_yes=0.00 q_no=81.92 | avg_yes=0.000 avg_no=0.293
  exposure=$24.00 | mtm_pnl=$-1.88 | locked=$+0.00
  exposure=$24.00 | mtm_pnl=$-1.88 | locked=$+0.00
  orders: 0 | fills: 0 ()
2025-12-14 19:51:09,107 [INFO] [FILL APPLIED] btc-updown-15m-1765737900 | BUY NO 5.56 @ 0.270 | Inv: Y=0.0 N=93.3 Exp=$27.00
2025-12-14 19:51:09,107 [INFO] [DRY RUN] [93mSIMULATED FILL[0m: BUY NO 5.56 @ 0.27
2025-12-14 19:51:09,107 [INFO] [DRY RUN] [93mSIMULATED FILL[0m: BUY NO 5.77 @ 0.26
2025-12-14 19:51:09,107 [INFO] [btc-updown-15m-1765737900] IDLE | T-900s
  YES: bid=0.710 ask=0.720 | NO: bid=0.280 ask=0.290
  q_yes=0.00 q_no=87.69 | avg_yes=0.000 avg_no=0.291
  exposure=$25.50 | mtm_pnl=$-0.95 | locked=$+0.00
  exposure=$25.50 | mtm_pnl=$-0.95 | locked=$+0.00
  orders: 0 | fills: 0 ()
2025-12-14 19:51:09,108 [INFO] --- HEARTBEAT (Cycle 2.63s) ---
2025-12-14 19:51:09,108 [INFO]    [btc-updown-15m-1765737900] ACCUMULATE | Rem: 900s | Orders: 0
2025-12-14 19:51:11,830 [INFO] [FILL APPLIED] btc-updown-15m-1765737900 | BUY NO 5.77 @ 0.260 | Inv: Y=0.0 N=99.0 Exp=$28.50
2025-12-14 19:51:11,830 [INFO] [DRY RUN] [93mSIMULATED FILL[0m: BUY NO 5.77 @ 0.26
2025-12-14 19:51:11,830 [INFO] [DRY RUN] [93mSIMULATED FILL[0m: BUY NO 6.0 @ 0.25
2025-12-14 19:51:11,830 [INFO] [btc-updown-15m-1765737900] IDLE | T-900s
  YES: bid=0.720 ask=0.730 | NO: bid=0.270 ask=0.290
  q_yes=0.00 q_no=93.25 | avg_yes=0.000 avg_no=0.290
  exposure=$27.00 | mtm_pnl=$-1.83 | locked=$+0.00
  exposure=$27.00 | mtm_pnl=$-1.83 | locked=$+0.00
  orders: 0 | fills: 0 ()
2025-12-14 19:51:14,482 [INFO] [FILL APPLIED] btc-updown-15m-1765737900 | BUY NO 5.77 @ 0.260 | Inv: Y=0.0 N=104.8 Exp=$30.00
2025-12-14 19:51:14,482 [INFO] [DRY RUN] [93mSIMULATED FILL[0m: BUY NO 5.77 @ 0.26
2025-12-14 19:51:14,482 [INFO] [DRY RUN] [93mSIMULATED FILL[0m: BUY NO 6.0 @ 0.25
2025-12-14 19:51:14,482 [INFO] [btc-updown-15m-1765737900] IDLE | T-900s
  YES: bid=0.720 ask=0.730 | NO: bid=0.270 ask=0.290
  q_yes=0.00 q_no=99.02 | avg_yes=0.000 avg_no=0.288
  exposure=$28.50 | mtm_pnl=$-1.77 | locked=$+0.00
  exposure=$28.50 | mtm_pnl=$-1.77 | locked=$+0.00
  orders: 0 | fills: 0 ()
2025-12-14 19:51:17,492 [INFO] [FILL APPLIED] btc-updown-15m-1765737900 | BUY NO 5.77 @ 0.260 | Inv: Y=0.0 N=110.6 Exp=$31.50
2025-12-14 19:51:17,493 [INFO] [DRY RUN] [93mSIMULATED FILL[0m: BUY NO 5.77 @ 0.26
2025-12-14 19:51:17,493 [INFO] [FILL APPLIED] btc-updown-15m-1765737900 | BUY NO 6.00 @ 0.250 | Inv: Y=0.0 N=116.6 Exp=$33.00
2025-12-14 19:51:17,493 [INFO] [DRY RUN] [93mSIMULATED FILL[0m: BUY NO 6.0 @ 0.25
2025-12-14 19:51:17,493 [INFO] [btc-updown-15m-1765737900] IDLE | T-900s
  YES: bid=0.710 ask=0.730 | NO: bid=0.270 ask=0.290
  q_yes=0.00 q_no=104.79 | avg_yes=0.000 avg_no=0.286
  exposure=$30.00 | mtm_pnl=$-1.71 | locked=$+0.00
  exposure=$30.00 | mtm_pnl=$-1.71 | locked=$+0.00
  orders: 0 | fills: 0 ()
2025-12-14 19:51:20,157 [INFO] [FILL APPLIED] btc-updown-15m-1765737900 | BUY NO 5.56 @ 0.270 | Inv: Y=0.0 N=122.1 Exp=$34.51
2025-12-14 19:51:20,157 [INFO] [DRY RUN] [93mSIMULATED FILL[0m: BUY NO 5.56 @ 0.27
2025-12-14 19:51:20,157 [INFO] [DRY RUN] [93mSIMULATED FILL[0m: BUY NO 5.77 @ 0.26
2025-12-14 19:51:20,157 [INFO] [btc-updown-15m-1765737900] IDLE | T-900s
  YES: bid=0.710 ask=0.720 | NO: bid=0.280 ask=0.290
  q_yes=0.00 q_no=116.56 | avg_yes=0.000 avg_no=0.283
  exposure=$33.00 | mtm_pnl=$-0.37 | locked=$+0.00
  exposure=$33.00 | mtm_pnl=$-0.37 | locked=$+0.00
  orders: 0 | fills: 0 ()
2025-12-14 19:51:20,157 [INFO] --- HEARTBEAT (Cycle 2.56s) ---
2025-12-14 19:51:20,158 [INFO]    [btc-updown-15m-1765737900] ACCUMULATE | Rem: 900s | Orders: 0
2025-12-14 19:51:22,950 [INFO] [FILL APPLIED] btc-updown-15m-1765737900 | BUY NO 5.56 @ 0.270 | Inv: Y=0.0 N=127.7 Exp=$36.01
2025-12-14 19:51:22,950 [INFO] [DRY RUN] [93mSIMULATED FILL[0m: BUY NO 5.56 @ 0.27
2025-12-14 19:51:22,950 [INFO] [DRY RUN] [93mSIMULATED FILL[0m: BUY NO 5.77 @ 0.26
2025-12-14 19:51:22,950 [INFO] [btc-updown-15m-1765737900] IDLE | T-900s
  YES: bid=0.710 ask=0.730 | NO: bid=0.280 ask=0.290
  q_yes=0.00 q_no=122.12 | avg_yes=0.000 avg_no=0.283
  exposure=$34.51 | mtm_pnl=$-0.31 | locked=$+0.00
  exposure=$34.51 | mtm_pnl=$-0.31 | locked=$+0.00
  orders: 0 | fills: 0 ()
2025-12-14 19:51:25,780 [INFO] [FILL APPLIED] btc-updown-15m-1765737900 | BUY NO 5.00 @ 0.300 | Inv: Y=0.0 N=132.7 Exp=$37.51
2025-12-14 19:51:25,780 [INFO] [DRY RUN] [93mSIMULATED FILL[0m: BUY NO 5.0 @ 0.3
2025-12-14 19:51:25,780 [INFO] [DRY RUN] [93mSIMULATED FILL[0m: BUY NO 5.17 @ 0.29
2025-12-14 19:51:25,780 [INFO] [btc-updown-15m-1765737900] IDLE | T-900s
  YES: bid=0.680 ask=0.690 | NO: bid=0.310 ask=0.320
  q_yes=0.00 q_no=127.68 | avg_yes=0.000 avg_no=0.282
  exposure=$36.01 | mtm_pnl=$+3.57 | locked=$+1.00
  exposure=$36.01 | mtm_pnl=$+3.57 | locked=$+1.00
  orders: 0 | fills: 0 ()
2025-12-14 19:51:28,674 [INFO] [FILL APPLIED] btc-updown-15m-1765737900 | BUY NO 5.56 @ 0.270 | Inv: Y=0.0 N=138.2 Exp=$39.01
2025-12-14 19:51:28,674 [INFO] [DRY RUN] [93mSIMULATED FILL[0m: BUY NO 5.56 @ 0.27
2025-12-14 19:51:28,674 [INFO] [DRY RUN] [93mSIMULATED FILL[0m: BUY NO 5.77 @ 0.26
2025-12-14 19:51:28,675 [INFO] [btc-updown-15m-1765737900] IDLE | T-900s
  YES: bid=0.700 ask=0.710 | NO: bid=0.280 ask=0.300
  q_yes=0.00 q_no=132.68 | avg_yes=0.000 avg_no=0.283
  exposure=$37.51 | mtm_pnl=$-0.36 | locked=$+1.00
  exposure=$37.51 | mtm_pnl=$-0.36 | locked=$+1.00
  orders: 0 | fills: 0 ()
2025-12-14 19:51:31,518 [INFO] [FILL APPLIED] btc-updown-15m-1765737900 | BUY NO 5.56 @ 0.270 | Inv: Y=0.0 N=143.8 Exp=$40.51
2025-12-14 19:51:31,518 [INFO] [DRY RUN] [93mSIMULATED FILL[0m: BUY NO 5.56 @ 0.27
2025-12-14 19:51:31,519 [INFO] [FILL APPLIED] btc-updown-15m-1765737900 | BUY NO 5.77 @ 0.260 | Inv: Y=0.0 N=149.6 Exp=$42.01
2025-12-14 19:51:31,519 [INFO] [DRY RUN] [93mSIMULATED FILL[0m: BUY NO 5.77 @ 0.26
2025-12-14 19:51:31,519 [INFO] [btc-updown-15m-1765737900] IDLE | T-900s
  YES: bid=0.700 ask=0.720 | NO: bid=0.280 ask=0.300
  q_yes=0.00 q_no=138.24 | avg_yes=0.000 avg_no=0.282
  exposure=$39.01 | mtm_pnl=$-0.30 | locked=$+0.00
  exposure=$39.01 | mtm_pnl=$-0.30 | locked=$+0.00
  orders: 0 | fills: 0 ()
2025-12-14 19:51:31,519 [INFO] --- HEARTBEAT (Cycle 2.74s) ---
2025-12-14 19:51:31,519 [INFO]    [btc-updown-15m-1765737900] ACCUMULATE | Rem: 900s | Orders: 0
2025-12-14 19:51:34,165 [INFO] [FILL APPLIED] btc-updown-15m-1765737900 | BUY NO 5.77 @ 0.260 | Inv: Y=0.0 N=155.3 Exp=$43.51
2025-12-14 19:51:34,165 [INFO] [DRY RUN] [93mSIMULATED FILL[0m: BUY NO 5.77 @ 0.26
2025-12-14 19:51:34,165 [INFO] [DRY RUN] [93mSIMULATED FILL[0m: BUY NO 6.0 @ 0.25
2025-12-14 19:51:34,165 [INFO] [btc-updown-15m-1765737900] IDLE | T-900s
  YES: bid=0.710 ask=0.730 | NO: bid=0.270 ask=0.290
  q_yes=0.00 q_no=149.57 | avg_yes=0.000 avg_no=0.281
  exposure=$42.01 | mtm_pnl=$-1.63 | locked=$+0.00
  exposure=$42.01 | mtm_pnl=$-1.63 | locked=$+0.00
  orders: 0 | fills: 0 ()
2025-12-14 19:51:36,952 [INFO] [FILL APPLIED] btc-updown-15m-1765737900 | BUY NO 5.56 @ 0.270 | Inv: Y=0.0 N=160.9 Exp=$45.01
2025-12-14 19:51:36,952 [INFO] [DRY RUN] [93mSIMULATED FILL[0m: BUY NO 5.56 @ 0.27
2025-12-14 19:51:36,952 [INFO] [DRY RUN] [93mSIMULATED FILL[0m: BUY NO 5.77 @ 0.26
2025-12-14 19:51:36,953 [INFO] [btc-updown-15m-1765737900] IDLE | T-900s
  YES: bid=0.710 ask=0.720 | NO: bid=0.280 ask=0.290
  q_yes=0.00 q_no=155.34 | avg_yes=0.000 avg_no=0.280
  exposure=$43.51 | mtm_pnl=$-0.01 | locked=$+0.00
  exposure=$43.51 | mtm_pnl=$-0.01 | locked=$+0.00
  orders: 0 | fills: 0 ()
2025-12-14 19:51:39,922 [INFO] [FILL APPLIED] btc-updown-15m-1765737900 | BUY NO 5.00 @ 0.300 | Inv: Y=0.0 N=165.9 Exp=$46.51
2025-12-14 19:51:39,923 [INFO] [DRY RUN] [93mSIMULATED FILL[0m: BUY NO 5.0 @ 0.3
2025-12-14 19:51:39,923 [INFO] [FILL APPLIED] btc-updown-15m-1765737900 | BUY NO 5.17 @ 0.290 | Inv: Y=0.0 N=171.1 Exp=$48.01
2025-12-14 19:51:39,923 [INFO] [DRY RUN] [93mSIMULATED FILL[0m: BUY NO 5.17 @ 0.29
2025-12-14 19:51:39,923 [INFO] [btc-updown-15m-1765737900] IDLE | T-900s
  YES: bid=0.670 ask=0.690 | NO: bid=0.310 ask=0.330
  q_yes=0.00 q_no=160.90 | avg_yes=0.000 avg_no=0.280
  exposure=$45.01 | mtm_pnl=$+4.87 | locked=$+1.00
  exposure=$45.01 | mtm_pnl=$+4.87 | locked=$+1.00
  orders: 0 | fills: 0 ()
2025-12-14 19:51:42,677 [INFO] [FILL APPLIED] btc-updown-15m-1765737900 | BUY NO 5.00 @ 0.300 | Inv: Y=0.0 N=176.1 Exp=$49.51
2025-12-14 19:51:42,677 [INFO] [DRY RUN] [93mSIMULATED FILL[0m: BUY NO 5.0 @ 0.3
2025-12-14 19:51:42,678 [INFO] [FILL APPLIED] btc-updown-15m-1765737900 | BUY NO 5.17 @ 0.290 | Inv: Y=0.0 N=181.2 Exp=$51.01
2025-12-14 19:51:42,678 [INFO] [DRY RUN] [93mSIMULATED FILL[0m: BUY NO 5.17 @ 0.29
2025-12-14 19:51:42,678 [INFO] [btc-updown-15m-1765737900] IDLE | T-900s
  YES: bid=0.670 ask=0.690 | NO: bid=0.310 ask=0.330
  q_yes=0.00 q_no=171.07 | avg_yes=0.000 avg_no=0.281
  exposure=$48.01 | mtm_pnl=$+5.02 | locked=$+1.00
  exposure=$48.01 | mtm_pnl=$+5.02 | locked=$+1.00
  orders: 0 | fills: 0 ()
2025-12-14 19:51:42,678 [INFO] --- HEARTBEAT (Cycle 2.65s) ---
2025-12-14 19:51:42,678 [INFO]    [btc-updown-15m-1765737900] ACCUMULATE | Rem: 900s | Orders: 0
2025-12-14 19:51:45,454 [INFO] [FILL APPLIED] btc-updown-15m-1765737900 | BUY NO 5.00 @ 0.300 | Inv: Y=0.0 N=186.2 Exp=$52.51
2025-12-14 19:51:45,454 [INFO] [DRY RUN] [93mSIMULATED FILL[0m: BUY NO 5.0 @ 0.3
2025-12-14 19:51:45,454 [INFO] [DRY RUN] [93mSIMULATED FILL[0m: BUY NO 5.17 @ 0.29
2025-12-14 19:51:45,455 [INFO] [btc-updown-15m-1765737900] IDLE | T-900s
  YES: bid=0.670 ask=0.690 | NO: bid=0.310 ask=0.330
  q_yes=0.00 q_no=181.24 | avg_yes=0.000 avg_no=0.281
  exposure=$51.01 | mtm_pnl=$+5.17 | locked=$+1.00
  exposure=$51.01 | mtm_pnl=$+5.17 | locked=$+1.00
  orders: 0 | fills: 0 ()
2025-12-14 19:51:48,052 [INFO] [FILL APPLIED] btc-updown-15m-1765737900 | BUY NO 5.00 @ 0.300 | Inv: Y=0.0 N=191.2 Exp=$54.01
2025-12-14 19:51:48,052 [INFO] [DRY RUN] [93mSIMULATED FILL[0m: BUY NO 5.0 @ 0.3
2025-12-14 19:51:48,052 [INFO] [DRY RUN] [93mSIMULATED FILL[0m: BUY NO 5.17 @ 0.29
2025-12-14 19:51:48,052 [INFO] [btc-updown-15m-1765737900] IDLE | T-900s
  YES: bid=0.670 ask=0.680 | NO: bid=0.310 ask=0.330
  q_yes=0.00 q_no=186.24 | avg_yes=0.000 avg_no=0.282
  exposure=$52.51 | mtm_pnl=$+5.22 | locked=$+1.00
  exposure=$52.51 | mtm_pnl=$+5.22 | locked=$+1.00
  orders: 0 | fills: 0 ()
2025-12-14 19:51:51,437 [INFO] [FILL APPLIED] btc-updown-15m-1765737900 | BUY NO 5.36 @ 0.280 | Inv: Y=0.0 N=196.6 Exp=$55.51
2025-12-14 19:51:51,437 [INFO] [DRY RUN] [93mSIMULATED FILL[0m: BUY NO 5.36 @ 0.28
2025-12-14 19:51:51,437 [INFO] [DRY RUN] [93mSIMULATED FILL[0m: BUY NO 5.56 @ 0.27
2025-12-14 19:51:51,437 [INFO] [btc-updown-15m-1765737900] IDLE | T-900s
  YES: bid=0.680 ask=0.700 | NO: bid=0.290 ask=0.300
  q_yes=0.00 q_no=191.24 | avg_yes=0.000 avg_no=0.282
  exposure=$54.01 | mtm_pnl=$+1.45 | locked=$+1.00
  exposure=$54.01 | mtm_pnl=$+1.45 | locked=$+1.00
  orders: 0 | fills: 0 ()
2025-12-14 19:51:54,223 [INFO] [FILL APPLIED] btc-updown-15m-1765737900 | BUY NO 5.17 @ 0.290 | Inv: Y=0.0 N=201.8 Exp=$57.01
2025-12-14 19:51:54,224 [INFO] [DRY RUN] [93mSIMULATED FILL[0m: BUY NO 5.17 @ 0.29
2025-12-14 19:51:54,224 [INFO] [FILL APPLIED] btc-updown-15m-1765737900 | BUY NO 5.36 @ 0.280 | Inv: Y=0.0 N=207.1 Exp=$58.51
2025-12-14 19:51:54,224 [INFO] [DRY RUN] [93mSIMULATED FILL[0m: BUY NO 5.36 @ 0.28
2025-12-14 19:51:54,224 [INFO] [btc-updown-15m-1765737900] IDLE | T-900s
  YES: bid=0.680 ask=0.700 | NO: bid=0.300 ask=0.320
  q_yes=0.00 q_no=196.60 | avg_yes=0.000 avg_no=0.282
  exposure=$55.51 | mtm_pnl=$+3.47 | locked=$+1.00
  exposure=$55.51 | mtm_pnl=$+3.47 | locked=$+1.00
  orders: 0 | fills: 0 ()
2025-12-14 19:51:54,224 [INFO] --- HEARTBEAT (Cycle 2.69s) ---
2025-12-14 19:51:54,225 [INFO]    [btc-updown-15m-1765737900] ACCUMULATE | Rem: 900s | Orders: 0
2025-12-14 19:51:56,877 [INFO] [FILL APPLIED] btc-updown-15m-1765737900 | BUY NO 5.00 @ 0.300 | Inv: Y=0.0 N=212.1 Exp=$60.01
2025-12-14 19:51:56,877 [INFO] [DRY RUN] [93mSIMULATED FILL[0m: BUY NO 5.0 @ 0.3
2025-12-14 19:51:56,877 [INFO] [DRY RUN] [93mSIMULATED FILL[0m: BUY NO 5.17 @ 0.29
2025-12-14 19:51:56,877 [INFO] [btc-updown-15m-1765737900] IDLE | T-900s
  YES: bid=0.680 ask=0.690 | NO: bid=0.310 ask=0.320
  q_yes=0.00 q_no=207.13 | avg_yes=0.000 avg_no=0.282
  exposure=$58.51 | mtm_pnl=$+5.70 | locked=$+1.00
  exposure=$58.51 | mtm_pnl=$+5.70 | locked=$+1.00
  orders: 0 | fills: 0 ()
2025-12-14 19:51:59,473 [INFO] [FILL APPLIED] btc-updown-15m-1765737900 | BUY NO 5.36 @ 0.280 | Inv: Y=0.0 N=217.5 Exp=$61.51
2025-12-14 19:51:59,473 [INFO] [DRY RUN] [93mSIMULATED FILL[0m: BUY NO 5.36 @ 0.28
2025-12-14 19:51:59,473 [INFO] [DRY RUN] [93mSIMULATED FILL[0m: BUY NO 5.56 @ 0.27
2025-12-14 19:51:59,473 [INFO] [btc-updown-15m-1765737900] IDLE | T-900s
  YES: bid=0.690 ask=0.700 | NO: bid=0.290 ask=0.300
  q_yes=0.00 q_no=212.13 | avg_yes=0.000 avg_no=0.283
  exposure=$60.01 | mtm_pnl=$+1.51 | locked=$+1.00
  exposure=$60.01 | mtm_pnl=$+1.51 | locked=$+1.00
  orders: 0 | fills: 0 ()
2025-12-14 19:52:02,138 [INFO] [FILL APPLIED] btc-updown-15m-1765737900 | BUY NO 5.36 @ 0.280 | Inv: Y=0.0 N=222.9 Exp=$63.01
2025-12-14 19:52:02,138 [INFO] [DRY RUN] [93mSIMULATED FILL[0m: BUY NO 5.36 @ 0.28
2025-12-14 19:52:02,138 [INFO] [DRY RUN] [93mSIMULATED FILL[0m: BUY NO 5.56 @ 0.27
2025-12-14 19:52:02,138 [INFO] [btc-updown-15m-1765737900] IDLE | T-900s
  YES: bid=0.700 ask=0.710 | NO: bid=0.290 ask=0.300
  q_yes=0.00 q_no=217.49 | avg_yes=0.000 avg_no=0.283
  exposure=$61.51 | mtm_pnl=$+1.56 | locked=$+1.00
  exposure=$61.51 | mtm_pnl=$+1.56 | locked=$+1.00
  orders: 0 | fills: 0 ()
2025-12-14 19:52:04,748 [INFO] [FILL APPLIED] btc-updown-15m-1765737900 | BUY NO 4.17 @ 0.360 | Inv: Y=0.0 N=227.0 Exp=$64.51
2025-12-14 19:52:04,749 [INFO] [DRY RUN] [93mSIMULATED FILL[0m: BUY NO 4.17 @ 0.36
2025-12-14 19:52:04,749 [INFO] [FILL APPLIED] btc-updown-15m-1765737900 | BUY NO 4.29 @ 0.350 | Inv: Y=0.0 N=231.3 Exp=$66.01
2025-12-14 19:52:04,749 [INFO] [DRY RUN] [93mSIMULATED FILL[0m: BUY NO 4.29 @ 0.35
2025-12-14 19:52:04,749 [INFO] [btc-updown-15m-1765737900] IDLE | T-900s
  YES: bid=0.620 ask=0.630 | NO: bid=0.370 ask=0.380
  q_yes=0.00 q_no=222.85 | avg_yes=0.000 avg_no=0.283
  exposure=$63.01 | mtm_pnl=$+19.44 | locked=$+1.00
  exposure=$63.01 | mtm_pnl=$+19.44 | locked=$+1.00
  orders: 0 | fills: 0 ()
2025-12-14 19:52:04,749 [INFO] --- HEARTBEAT (Cycle 2.51s) ---
2025-12-14 19:52:04,749 [INFO]    [btc-updown-15m-1765737900] ACCUMULATE | Rem: 900s | Orders: 0
2025-12-14 19:52:07,456 [INFO] [FILL APPLIED] btc-updown-15m-1765737900 | BUY NO 6.00 @ 0.250 | Inv: Y=0.0 N=237.3 Exp=$67.51
2025-12-14 19:52:07,456 [INFO] [DRY RUN] [93mSIMULATED FILL[0m: BUY NO 6.0 @ 0.25
2025-12-14 19:52:07,456 [INFO] [DRY RUN] [93mSIMULATED FILL[0m: BUY NO 6.25 @ 0.24
2025-12-14 19:52:07,456 [INFO] [btc-updown-15m-1765737900] IDLE | T-900s
  YES: bid=0.730 ask=0.740 | NO: bid=0.260 ask=0.270
  q_yes=0.00 q_no=231.31 | avg_yes=0.000 avg_no=0.285
  exposure=$66.01 | mtm_pnl=$-5.87 | locked=$+0.00
  exposure=$66.01 | mtm_pnl=$-5.87 | locked=$+0.00
  orders: 0 | fills: 0 ()
2025-12-14 19:52:10,127 [INFO] [FILL APPLIED] btc-updown-15m-1765737900 | BUY NO 6.52 @ 0.230 | Inv: Y=0.0 N=243.8 Exp=$69.01
2025-12-14 19:52:10,127 [INFO] [DRY RUN] [93mSIMULATED FILL[0m: BUY NO 6.52 @ 0.23
2025-12-14 19:52:10,127 [INFO] [DRY RUN] [93mSIMULATED FILL[0m: BUY NO 6.82 @ 0.22
2025-12-14 19:52:10,127 [INFO] [btc-updown-15m-1765737900] IDLE | T-900s
  YES: bid=0.750 ask=0.760 | NO: bid=0.240 ask=0.250
  q_yes=0.00 q_no=237.31 | avg_yes=0.000 avg_no=0.285
  exposure=$67.51 | mtm_pnl=$-10.56 | locked=$+0.00
  exposure=$67.51 | mtm_pnl=$-10.56 | locked=$+0.00
  orders: 0 | fills: 0 ()
2025-12-14 19:52:12,785 [INFO] [FILL APPLIED] btc-updown-15m-1765737900 | BUY NO 6.82 @ 0.220 | Inv: Y=0.0 N=250.7 Exp=$70.51
2025-12-14 19:52:12,785 [INFO] [DRY RUN] [93mSIMULATED FILL[0m: BUY NO 6.82 @ 0.22
2025-12-14 19:52:12,785 [INFO] [DRY RUN] [93mSIMULATED FILL[0m: BUY NO 7.14 @ 0.21
2025-12-14 19:52:12,785 [INFO] [btc-updown-15m-1765737900] IDLE | T-900s
  YES: bid=0.750 ask=0.760 | NO: bid=0.230 ask=0.250
  q_yes=0.00 q_no=243.83 | avg_yes=0.000 avg_no=0.283
  exposure=$69.01 | mtm_pnl=$-12.93 | locked=$+0.00
  exposure=$69.01 | mtm_pnl=$-12.93 | locked=$+0.00
  orders: 0 | fills: 0 ()
2025-12-14 19:52:15,450 [INFO] [FILL APPLIED] btc-updown-15m-1765737900 | BUY NO 6.25 @ 0.240 | Inv: Y=0.0 N=256.9 Exp=$72.01
2025-12-14 19:52:15,450 [INFO] [DRY RUN] [93mSIMULATED FILL[0m: BUY NO 6.25 @ 0.24
2025-12-14 19:52:15,450 [INFO] [FILL APPLIED] btc-updown-15m-1765737900 | BUY NO 6.52 @ 0.230 | Inv: Y=0.0 N=263.4 Exp=$73.51
2025-12-14 19:52:15,450 [INFO] [DRY RUN] [93mSIMULATED FILL[0m: BUY NO 6.52 @ 0.23
2025-12-14 19:52:15,450 [INFO] [btc-updown-15m-1765737900] IDLE | T-900s
  YES: bid=0.730 ask=0.750 | NO: bid=0.250 ask=0.270
  q_yes=0.00 q_no=250.65 | avg_yes=0.000 avg_no=0.281
  exposure=$70.51 | mtm_pnl=$-7.85 | locked=$+0.00
  exposure=$70.51 | mtm_pnl=$-7.85 | locked=$+0.00
  orders: 0 | fills: 0 ()
2025-12-14 19:52:15,450 [INFO] --- HEARTBEAT (Cycle 2.56s) ---
2025-12-14 19:52:15,450 [INFO]    [btc-updown-15m-1765737900] ACCUMULATE | Rem: 900s | Orders: 0
2025-12-14 19:52:18,043 [INFO] [FILL APPLIED] btc-updown-15m-1765737900 | BUY NO 6.00 @ 0.250 | Inv: Y=0.0 N=269.4 Exp=$75.01
2025-12-14 19:52:18,043 [INFO] [DRY RUN] [93mSIMULATED FILL[0m: BUY NO 6.0 @ 0.25
2025-12-14 19:52:18,043 [INFO] [DRY RUN] [93mSIMULATED FILL[0m: BUY NO 6.25 @ 0.24
2025-12-14 19:52:18,043 [INFO] [btc-updown-15m-1765737900] IDLE | T-900s
  YES: bid=0.730 ask=0.740 | NO: bid=0.260 ask=0.270
  q_yes=0.00 q_no=263.42 | avg_yes=0.000 avg_no=0.279
  exposure=$73.51 | mtm_pnl=$-5.03 | locked=$+0.00
  exposure=$73.51 | mtm_pnl=$-5.03 | locked=$+0.00
  orders: 0 | fills: 0 ()
2025-12-14 19:52:21,066 [INFO] [FILL APPLIED] btc-updown-15m-1765737900 | BUY NO 5.77 @ 0.260 | Inv: Y=0.0 N=275.2 Exp=$76.51
2025-12-14 19:52:21,067 [INFO] [DRY RUN] [93mSIMULATED FILL[0m: BUY NO 5.77 @ 0.26
2025-12-14 19:52:21,067 [INFO] [FILL APPLIED] btc-updown-15m-1765737900 | BUY NO 6.00 @ 0.250 | Inv: Y=0.0 N=281.2 Exp=$78.01
2025-12-14 19:52:21,067 [INFO] [DRY RUN] [93mSIMULATED FILL[0m: BUY NO 6.0 @ 0.25
2025-12-14 19:52:21,067 [INFO] [btc-updown-15m-1765737900] IDLE | T-900s
  YES: bid=0.720 ask=0.730 | NO: bid=0.270 ask=0.280
  q_yes=0.00 q_no=269.42 | avg_yes=0.000 avg_no=0.278
  exposure=$75.01 | mtm_pnl=$-2.27 | locked=$+0.00
  exposure=$75.01 | mtm_pnl=$-2.27 | locked=$+0.00
  orders: 0 | fills: 0 ()
2025-12-14 19:52:23,854 [INFO] [FILL APPLIED] btc-updown-15m-1765737900 | BUY NO 5.77 @ 0.260 | Inv: Y=0.0 N=287.0 Exp=$79.51
2025-12-14 19:52:23,857 [INFO] [DRY RUN] [93mSIMULATED FILL[0m: BUY NO 5.77 @ 0.26
2025-12-14 19:52:23,858 [INFO] [FILL APPLIED] btc-updown-15m-1765737900 | BUY NO 6.00 @ 0.250 | Inv: Y=0.0 N=293.0 Exp=$81.01
2025-12-14 19:52:23,859 [INFO] [DRY RUN] [93mSIMULATED FILL[0m: BUY NO 6.0 @ 0.25
2025-12-14 19:52:23,859 [INFO] [btc-updown-15m-1765737900] IDLE | T-900s
  YES: bid=0.720 ask=0.730 | NO: bid=0.270 ask=0.280
  q_yes=0.00 q_no=281.19 | avg_yes=0.000 avg_no=0.277
  exposure=$78.01 | mtm_pnl=$-2.09 | locked=$+0.00
  exposure=$78.01 | mtm_pnl=$-2.09 | locked=$+0.00
  orders: 0 | fills: 0 ()
2025-12-14 19:52:26,618 [INFO] [FILL APPLIED] btc-updown-15m-1765737900 | BUY NO 6.00 @ 0.250 | Inv: Y=0.0 N=299.0 Exp=$82.51
2025-12-14 19:52:26,618 [INFO] [DRY RUN] [93mSIMULATED FILL[0m: BUY NO 6.0 @ 0.25
2025-12-14 19:52:26,619 [INFO] [FILL APPLIED] btc-updown-15m-1765737900 | BUY NO 6.25 @ 0.240 | Inv: Y=0.0 N=305.2 Exp=$84.01
2025-12-14 19:52:26,619 [INFO] [DRY RUN] [93mSIMULATED FILL[0m: BUY NO 6.25 @ 0.24
2025-12-14 19:52:26,619 [INFO] [btc-updown-15m-1765737900] IDLE | T-900s
  YES: bid=0.730 ask=0.750 | NO: bid=0.260 ask=0.270
  q_yes=0.00 q_no=292.96 | avg_yes=0.000 avg_no=0.277
  exposure=$81.01 | mtm_pnl=$-4.85 | locked=$+0.00
  exposure=$81.01 | mtm_pnl=$-4.85 | locked=$+0.00
  orders: 0 | fills: 0 ()
2025-12-14 19:52:26,619 [INFO] --- HEARTBEAT (Cycle 2.66s) ---
2025-12-14 19:52:26,619 [INFO]    [btc-updown-15m-1765737900] ACCUMULATE | Rem: 900s | Orders: 0
2025-12-14 19:52:29,550 [INFO] [FILL APPLIED] btc-updown-15m-1765737900 | BUY NO 7.14 @ 0.210 | Inv: Y=0.0 N=312.3 Exp=$85.51
2025-12-14 19:52:29,551 [INFO] [DRY RUN] [93mSIMULATED FILL[0m: BUY NO 7.14 @ 0.21
2025-12-14 19:52:29,551 [INFO] [FILL APPLIED] btc-updown-15m-1765737900 | BUY NO 7.50 @ 0.200 | Inv: Y=0.0 N=319.8 Exp=$87.01
2025-12-14 19:52:29,551 [INFO] [DRY RUN] [93mSIMULATED FILL[0m: BUY NO 7.5 @ 0.2
2025-12-14 19:52:29,551 [INFO] [btc-updown-15m-1765737900] IDLE | T-900s
  YES: bid=0.770 ask=0.780 | NO: bid=0.220 ask=0.230
  q_yes=0.00 q_no=305.21 | avg_yes=0.000 avg_no=0.275
  exposure=$84.01 | mtm_pnl=$-16.87 | locked=$+0.00
  exposure=$84.01 | mtm_pnl=$-16.87 | locked=$+0.00
  orders: 0 | fills: 0 ()
2025-12-14 19:52:32,885 [INFO] [FILL APPLIED] btc-updown-15m-1765737900 | BUY NO 7.89 @ 0.190 | Inv: Y=0.0 N=327.7 Exp=$88.51
2025-12-14 19:52:32,885 [INFO] [DRY RUN] [93mSIMULATED FILL[0m: BUY NO 7.89 @ 0.19
2025-12-14 19:52:32,885 [INFO] [FILL APPLIED] btc-updown-15m-1765737900 | BUY NO 8.33 @ 0.180 | Inv: Y=0.0 N=336.1 Exp=$90.01
2025-12-14 19:52:32,885 [INFO] [DRY RUN] [93mSIMULATED FILL[0m: BUY NO 8.33 @ 0.18
2025-12-14 19:52:32,885 [INFO] [btc-updown-15m-1765737900] IDLE | T-900s
  YES: bid=0.790 ask=0.800 | NO: bid=0.200 ask=0.210
  q_yes=0.00 q_no=319.85 | avg_yes=0.000 avg_no=0.272
  exposure=$87.01 | mtm_pnl=$-23.04 | locked=$+0.00
  exposure=$87.01 | mtm_pnl=$-23.04 | locked=$+0.00
  orders: 0 | fills: 0 ()
2025-12-14 19:52:35,576 [INFO] [FILL APPLIED] btc-updown-15m-1765737900 | BUY NO 7.89 @ 0.190 | Inv: Y=0.0 N=344.0 Exp=$91.51
2025-12-14 19:52:35,576 [INFO] [DRY RUN] [93mSIMULATED FILL[0m: BUY NO 7.89 @ 0.19
2025-12-14 19:52:35,576 [INFO] [DRY RUN] [93mSIMULATED FILL[0m: BUY NO 8.33 @ 0.18
2025-12-14 19:52:35,576 [INFO] [btc-updown-15m-1765737900] IDLE | T-900s
  YES: bid=0.780 ask=0.800 | NO: bid=0.200 ask=0.220
  q_yes=0.00 q_no=336.07 | avg_yes=0.000 avg_no=0.268
  exposure=$90.01 | mtm_pnl=$-22.80 | locked=$+0.00
  exposure=$90.01 | mtm_pnl=$-22.80 | locked=$+0.00
  orders: 0 | fills: 0 ()
2025-12-14 19:52:38,423 [INFO] [FILL APPLIED] btc-updown-15m-1765737900 | BUY NO 7.89 @ 0.190 | Inv: Y=0.0 N=351.8 Exp=$93.01
2025-12-14 19:52:38,424 [INFO] [DRY RUN] [93mSIMULATED FILL[0m: BUY NO 7.89 @ 0.19
2025-12-14 19:52:38,424 [INFO] [FILL APPLIED] btc-updown-15m-1765737900 | BUY NO 8.33 @ 0.180 | Inv: Y=0.0 N=360.2 Exp=$94.51
2025-12-14 19:52:38,424 [INFO] [DRY RUN] [93mSIMULATED FILL[0m: BUY NO 8.33 @ 0.18
2025-12-14 19:52:38,424 [INFO] [btc-updown-15m-1765737900] IDLE | T-900s
  YES: bid=0.790 ask=0.800 | NO: bid=0.200 ask=0.210
  q_yes=0.00 q_no=343.96 | avg_yes=0.000 avg_no=0.266
  exposure=$91.51 | mtm_pnl=$-22.72 | locked=$+0.00
  exposure=$91.51 | mtm_pnl=$-22.72 | locked=$+0.00
  orders: 0 | fills: 0 ()
2025-12-14 19:52:38,424 [INFO] --- HEARTBEAT (Cycle 2.75s) ---
2025-12-14 19:52:38,425 [INFO]    [btc-updown-15m-1765737900] ACCUMULATE | Rem: 900s | Orders: 0
2025-12-14 19:52:41,259 [INFO] [FILL APPLIED] btc-updown-15m-1765737900 | BUY NO 7.50 @ 0.200 | Inv: Y=0.0 N=367.7 Exp=$96.01
2025-12-14 19:52:41,259 [INFO] [DRY RUN] [93mSIMULATED FILL[0m: BUY NO 7.5 @ 0.2
2025-12-14 19:52:41,259 [INFO] [DRY RUN] [93mSIMULATED FILL[0m: BUY NO 7.89 @ 0.19
2025-12-14 19:52:41,259 [INFO] [btc-updown-15m-1765737900] IDLE | T-900s
  YES: bid=0.780 ask=0.790 | NO: bid=0.210 ask=0.220
  q_yes=0.00 q_no=360.18 | avg_yes=0.000 avg_no=0.262
  exposure=$94.51 | mtm_pnl=$-18.87 | locked=$+0.00
  exposure=$94.51 | mtm_pnl=$-18.87 | locked=$+0.00
  orders: 0 | fills: 0 ()
2025-12-14 19:52:43,985 [INFO] [FILL APPLIED] btc-updown-15m-1765737900 | BUY NO 7.89 @ 0.190 | Inv: Y=0.0 N=375.6 Exp=$97.51
2025-12-14 19:52:43,985 [INFO] [DRY RUN] [93mSIMULATED FILL[0m: BUY NO 7.89 @ 0.19
2025-12-14 19:52:43,985 [INFO] [DRY RUN] [93mSIMULATED FILL[0m: BUY NO 8.33 @ 0.18
2025-12-14 19:52:43,985 [INFO] [btc-updown-15m-1765737900] IDLE | T-900s
  YES: bid=0.790 ask=0.800 | NO: bid=0.200 ask=0.210
  q_yes=0.00 q_no=367.68 | avg_yes=0.000 avg_no=0.261
  exposure=$96.01 | mtm_pnl=$-22.47 | locked=$+0.00
  exposure=$96.01 | mtm_pnl=$-22.47 | locked=$+0.00
  orders: 0 | fills: 0 ()
2025-12-14 19:52:46,743 [INFO] [FILL APPLIED] btc-updown-15m-1765737900 | BUY NO 8.33 @ 0.180 | Inv: Y=0.0 N=383.9 Exp=$99.01
2025-12-14 19:52:46,743 [INFO] [DRY RUN] [93mSIMULATED FILL[0m: BUY NO 8.33 @ 0.18
2025-12-14 19:52:46,743 [INFO] [DRY RUN] [93mSIMULATED FILL[0m: BUY NO 8.82 @ 0.17
2025-12-14 19:52:46,743 [INFO] [btc-updown-15m-1765737900] IDLE | T-900s
  YES: bid=0.800 ask=0.810 | NO: bid=0.190 ask=0.200
  q_yes=0.00 q_no=375.57 | avg_yes=0.000 avg_no=0.260
  exposure=$97.51 | mtm_pnl=$-26.15 | locked=$+0.00
  exposure=$97.51 | mtm_pnl=$-26.15 | locked=$+0.00
  orders: 0 | fills: 0 ()
2025-12-14 19:52:49,371 [INFO] [FILL APPLIED] btc-updown-15m-1765737900 | BUY NO 7.89 @ 0.190 | Inv: Y=0.0 N=391.8 Exp=$100.51
2025-12-14 19:52:49,371 [INFO] [DRY RUN] [93mSIMULATED FILL[0m: BUY NO 7.89 @ 0.19
2025-12-14 19:52:49,371 [INFO] [DRY RUN] [93mSIMULATED FILL[0m: BUY NO 8.33 @ 0.18
2025-12-14 19:52:49,371 [INFO] [btc-updown-15m-1765737900] IDLE | T-900s
  YES: bid=0.790 ask=0.800 | NO: bid=0.200 ask=0.210
  q_yes=0.00 q_no=383.90 | avg_yes=0.000 avg_no=0.258
  exposure=$99.01 | mtm_pnl=$-22.23 | locked=$+0.00
  exposure=$99.01 | mtm_pnl=$-22.23 | locked=$+0.00
  orders: 0 | fills: 0 ()
2025-12-14 19:52:49,372 [INFO] --- HEARTBEAT (Cycle 2.53s) ---
2025-12-14 19:52:49,372 [INFO]    [btc-updown-15m-1765737900] ACCUMULATE | Rem: 900s | Orders: 0
2025-12-14 19:52:51,994 [INFO] [FILL APPLIED] btc-updown-15m-1765737900 | BUY NO 8.33 @ 0.180 | Inv: Y=0.0 N=400.1 Exp=$102.01
2025-12-14 19:52:51,995 [INFO] [DRY RUN] [93mSIMULATED FILL[0m: BUY NO 8.33 @ 0.18
2025-12-14 19:52:51,995 [INFO] [FILL APPLIED] btc-updown-15m-1765737900 | BUY NO 8.82 @ 0.170 | Inv: Y=0.0 N=408.9 Exp=$103.51
2025-12-14 19:52:51,995 [INFO] [DRY RUN] [93mSIMULATED FILL[0m: BUY NO 8.82 @ 0.17
2025-12-14 19:52:51,995 [INFO] [btc-updown-15m-1765737900] IDLE | T-900s
  YES: bid=0.800 ask=0.810 | NO: bid=0.190 ask=0.200
  q_yes=0.00 q_no=391.79 | avg_yes=0.000 avg_no=0.257
  exposure=$100.51 | mtm_pnl=$-26.07 | locked=$+0.00
  exposure=$100.51 | mtm_pnl=$-26.07 | locked=$+0.00
  orders: 0 | fills: 0 ()
2025-12-14 19:52:54,787 [INFO] [FILL APPLIED] btc-updown-15m-1765737900 | BUY NO 8.33 @ 0.180 | Inv: Y=0.0 N=417.3 Exp=$105.01
2025-12-14 19:52:54,787 [INFO] [DRY RUN] [93mSIMULATED FILL[0m: BUY NO 8.33 @ 0.18
2025-12-14 19:52:54,787 [INFO] [DRY RUN] [93mSIMULATED FILL[0m: BUY NO 8.82 @ 0.17
2025-12-14 19:52:54,788 [INFO] [btc-updown-15m-1765737900] IDLE | T-900s
  YES: bid=0.800 ask=0.810 | NO: bid=0.190 ask=0.200
  q_yes=0.00 q_no=408.94 | avg_yes=0.000 avg_no=0.253
  exposure=$103.51 | mtm_pnl=$-25.81 | locked=$+0.00
  exposure=$103.51 | mtm_pnl=$-25.81 | locked=$+0.00
  orders: 0 | fills: 0 ()
2025-12-14 19:52:57,506 [INFO] [FILL APPLIED] btc-updown-15m-1765737900 | BUY NO 8.33 @ 0.180 | Inv: Y=0.0 N=425.6 Exp=$106.51
2025-12-14 19:52:57,506 [INFO] [DRY RUN] [93mSIMULATED FILL[0m: BUY NO 8.33 @ 0.18
2025-12-14 19:52:57,506 [INFO] [DRY RUN] [93mSIMULATED FILL[0m: BUY NO 8.82 @ 0.17
2025-12-14 19:52:57,506 [INFO] [btc-updown-15m-1765737900] IDLE | T-900s
  YES: bid=0.800 ask=0.810 | NO: bid=0.190 ask=0.200
  q_yes=0.00 q_no=417.27 | avg_yes=0.000 avg_no=0.252
  exposure=$105.01 | mtm_pnl=$-25.72 | locked=$+0.00
  exposure=$105.01 | mtm_pnl=$-25.72 | locked=$+0.00
  orders: 0 | fills: 0 ()
2025-12-14 19:53:00,138 [INFO] [FILL APPLIED] btc-updown-15m-1765737900 | BUY NO 8.33 @ 0.180 | Inv: Y=0.0 N=433.9 Exp=$108.00
2025-12-14 19:53:00,139 [INFO] [DRY RUN] [93mSIMULATED FILL[0m: BUY NO 8.33 @ 0.18
2025-12-14 19:53:00,139 [INFO] [FILL APPLIED] btc-updown-15m-1765737900 | BUY NO 8.82 @ 0.170 | Inv: Y=0.0 N=442.7 Exp=$109.50
2025-12-14 19:53:00,139 [INFO] [DRY RUN] [93mSIMULATED FILL[0m: BUY NO 8.82 @ 0.17
2025-12-14 19:53:00,139 [INFO] [btc-updown-15m-1765737900] IDLE | T-900s
  YES: bid=0.790 ask=0.810 | NO: bid=0.190 ask=0.210
  q_yes=0.00 q_no=425.60 | avg_yes=0.000 avg_no=0.250
  exposure=$106.51 | mtm_pnl=$-25.64 | locked=$+0.00
  exposure=$106.51 | mtm_pnl=$-25.64 | locked=$+0.00
  orders: 0 | fills: 0 ()
2025-12-14 19:53:00,139 [INFO] --- HEARTBEAT (Cycle 2.53s) ---
2025-12-14 19:53:00,139 [INFO]    [btc-updown-15m-1765737900] ACCUMULATE | Rem: 900s | Orders: 0
2025-12-14 19:53:03,043 [INFO] [FILL APPLIED] btc-updown-15m-1765737900 | BUY NO 8.33 @ 0.180 | Inv: Y=0.0 N=451.1 Exp=$111.00
2025-12-14 19:53:03,043 [INFO] [DRY RUN] [93mSIMULATED FILL[0m: BUY NO 8.33 @ 0.18
2025-12-14 19:53:03,043 [INFO] [DRY RUN] [93mSIMULATED FILL[0m: BUY NO 8.82 @ 0.17
2025-12-14 19:53:03,043 [INFO] [btc-updown-15m-1765737900] IDLE | T-900s
  YES: bid=0.800 ask=0.810 | NO: bid=0.190 ask=0.200
  q_yes=0.00 q_no=442.75 | avg_yes=0.000 avg_no=0.247
  exposure=$109.50 | mtm_pnl=$-25.38 | locked=$+0.00
  exposure=$109.50 | mtm_pnl=$-25.38 | locked=$+0.00
  orders: 0 | fills: 0 ()
2025-12-14 19:53:05,814 [INFO] [FILL APPLIED] btc-updown-15m-1765737900 | BUY NO 8.33 @ 0.180 | Inv: Y=0.0 N=459.4 Exp=$112.50
2025-12-14 19:53:05,814 [INFO] [DRY RUN] [93mSIMULATED FILL[0m: BUY NO 8.33 @ 0.18
2025-12-14 19:53:05,815 [INFO] [FILL APPLIED] btc-updown-15m-1765737900 | BUY NO 8.82 @ 0.170 | Inv: Y=0.0 N=468.2 Exp=$114.00
2025-12-14 19:53:05,815 [INFO] [DRY RUN] [93mSIMULATED FILL[0m: BUY NO 8.82 @ 0.17
2025-12-14 19:53:05,815 [INFO] [btc-updown-15m-1765737900] IDLE | T-900s
  YES: bid=0.800 ask=0.810 | NO: bid=0.190 ask=0.200
  q_yes=0.00 q_no=451.08 | avg_yes=0.000 avg_no=0.246
  exposure=$111.00 | mtm_pnl=$-25.30 | locked=$+0.00
  exposure=$111.00 | mtm_pnl=$-25.30 | locked=$+0.00
  orders: 0 | fills: 0 ()
2025-12-14 19:53:08,429 [INFO] [FILL APPLIED] btc-updown-15m-1765737900 | BUY NO 8.82 @ 0.170 | Inv: Y=0.0 N=477.0 Exp=$115.50
2025-12-14 19:53:08,429 [INFO] [DRY RUN] [93mSIMULATED FILL[0m: BUY NO 8.82 @ 0.17
2025-12-14 19:53:08,429 [INFO] [DRY RUN] [93mSIMULATED FILL[0m: BUY NO 9.38 @ 0.16
2025-12-14 19:53:08,431 [INFO] [btc-updown-15m-1765737900] IDLE | T-900s
  YES: bid=0.810 ask=0.820 | NO: bid=0.180 ask=0.190
  q_yes=0.00 q_no=468.23 | avg_yes=0.000 avg_no=0.243
  exposure=$114.00 | mtm_pnl=$-29.72 | locked=$+0.00
  exposure=$114.00 | mtm_pnl=$-29.72 | locked=$+0.00
  orders: 0 | fills: 0 ()
2025-12-14 19:53:11,045 [INFO] [FILL APPLIED] btc-updown-15m-1765737900 | BUY NO 8.82 @ 0.170 | Inv: Y=0.0 N=485.9 Exp=$117.00
2025-12-14 19:53:11,045 [INFO] [DRY RUN] [93mSIMULATED FILL[0m: BUY NO 8.82 @ 0.17
2025-12-14 19:53:11,045 [INFO] [FILL APPLIED] btc-updown-15m-1765737900 | BUY NO 9.38 @ 0.160 | Inv: Y=0.0 N=495.2 Exp=$118.50
2025-12-14 19:53:11,045 [INFO] [DRY RUN] [93mSIMULATED FILL[0m: BUY NO 9.38 @ 0.16
2025-12-14 19:53:11,045 [INFO] [btc-updown-15m-1765737900] IDLE | T-900s
  YES: bid=0.810 ask=0.820 | NO: bid=0.180 ask=0.190
  q_yes=0.00 q_no=477.05 | avg_yes=0.000 avg_no=0.242
  exposure=$115.50 | mtm_pnl=$-29.63 | locked=$+0.00
  exposure=$115.50 | mtm_pnl=$-29.63 | locked=$+0.00
  orders: 0 | fills: 0 ()
2025-12-14 19:53:11,046 [INFO] --- HEARTBEAT (Cycle 2.51s) ---
2025-12-14 19:53:11,046 [INFO]    [btc-updown-15m-1765737900] ACCUMULATE | Rem: 900s | Orders: 0
2025-12-14 19:53:13,799 [INFO] [FILL APPLIED] btc-updown-15m-1765737900 | BUY NO 8.82 @ 0.170 | Inv: Y=0.0 N=504.1 Exp=$120.00
2025-12-14 19:53:13,799 [INFO] [DRY RUN] [93mSIMULATED FILL[0m: BUY NO 8.82 @ 0.17
2025-12-14 19:53:13,799 [INFO] [DRY RUN] [93mSIMULATED FILL[0m: BUY NO 9.38 @ 0.16
2025-12-14 19:53:13,799 [INFO] [btc-updown-15m-1765737900] IDLE | T-900s
  YES: bid=0.810 ask=0.820 | NO: bid=0.180 ask=0.190
  q_yes=0.00 q_no=495.25 | avg_yes=0.000 avg_no=0.239
  exposure=$118.50 | mtm_pnl=$-29.36 | locked=$+0.00
  exposure=$118.50 | mtm_pnl=$-29.36 | locked=$+0.00
  orders: 0 | fills: 0 ()
2025-12-14 19:53:16,388 [INFO] [FILL APPLIED] btc-updown-15m-1765737900 | BUY NO 9.38 @ 0.160 | Inv: Y=0.0 N=513.4 Exp=$121.50
2025-12-14 19:53:16,388 [INFO] [DRY RUN] [93mSIMULATED FILL[0m: BUY NO 9.38 @ 0.16
2025-12-14 19:53:16,388 [INFO] [DRY RUN] [93mSIMULATED FILL[0m: BUY NO 10.0 @ 0.15
2025-12-14 19:53:16,390 [INFO] [btc-updown-15m-1765737900] IDLE | T-900s
  YES: bid=0.810 ask=0.830 | NO: bid=0.170 ask=0.180
  q_yes=0.00 q_no=504.07 | avg_yes=0.000 avg_no=0.238
  exposure=$120.00 | mtm_pnl=$-34.31 | locked=$+0.00
  exposure=$120.00 | mtm_pnl=$-34.31 | locked=$+0.00
  orders: 0 | fills: 0 ()
2025-12-14 19:53:19,329 [INFO] [FILL APPLIED] btc-updown-15m-1765737900 | BUY NO 10.00 @ 0.150 | Inv: Y=0.0 N=523.4 Exp=$123.00
2025-12-14 19:53:19,329 [INFO] [DRY RUN] [93mSIMULATED FILL[0m: BUY NO 10.0 @ 0.15
2025-12-14 19:53:19,329 [INFO] [DRY RUN] [93mSIMULATED FILL[0m: BUY NO 10.71 @ 0.14
2025-12-14 19:53:19,329 [INFO] [btc-updown-15m-1765737900] IDLE | T-900s
  YES: bid=0.830 ask=0.840 | NO: bid=0.160 ask=0.170
  q_yes=0.00 q_no=513.45 | avg_yes=0.000 avg_no=0.237
  exposure=$121.50 | mtm_pnl=$-39.35 | locked=$+0.00
  exposure=$121.50 | mtm_pnl=$-39.35 | locked=$+0.00
  orders: 0 | fills: 0 ()
2025-12-14 19:53:21,948 [INFO] [FILL APPLIED] btc-updown-15m-1765737900 | BUY NO 9.38 @ 0.160 | Inv: Y=0.0 N=532.8 Exp=$124.50
2025-12-14 19:53:21,949 [INFO] [DRY RUN] [93mSIMULATED FILL[0m: BUY NO 9.38 @ 0.16
2025-12-14 19:53:21,949 [INFO] [FILL APPLIED] btc-updown-15m-1765737900 | BUY NO 10.00 @ 0.150 | Inv: Y=0.0 N=542.8 Exp=$126.00
2025-12-14 19:53:21,949 [INFO] [DRY RUN] [93mSIMULATED FILL[0m: BUY NO 10.0 @ 0.15
2025-12-14 19:53:21,949 [INFO] [btc-updown-15m-1765737900] IDLE | T-900s
  YES: bid=0.810 ask=0.820 | NO: bid=0.170 ask=0.190
  q_yes=0.00 q_no=523.45 | avg_yes=0.000 avg_no=0.235
  exposure=$123.00 | mtm_pnl=$-34.02 | locked=$+0.00
  exposure=$123.00 | mtm_pnl=$-34.02 | locked=$+0.00
  orders: 0 | fills: 0 ()
2025-12-14 19:53:21,949 [INFO] --- HEARTBEAT (Cycle 2.52s) ---
2025-12-14 19:53:21,949 [INFO]    [btc-updown-15m-1765737900] ACCUMULATE | Rem: 900s | Orders: 0
2025-12-14 19:53:24,601 [INFO] [FILL APPLIED] btc-updown-15m-1765737900 | BUY NO 9.38 @ 0.160 | Inv: Y=0.0 N=552.2 Exp=$127.50
2025-12-14 19:53:24,601 [INFO] [DRY RUN] [93mSIMULATED FILL[0m: BUY NO 9.38 @ 0.16
2025-12-14 19:53:24,601 [INFO] [DRY RUN] [93mSIMULATED FILL[0m: BUY NO 10.0 @ 0.15
2025-12-14 19:53:24,601 [INFO] [btc-updown-15m-1765737900] IDLE | T-900s
  YES: bid=0.820 ask=0.830 | NO: bid=0.170 ask=0.190
  q_yes=0.00 q_no=542.83 | avg_yes=0.000 avg_no=0.232
  exposure=$126.00 | mtm_pnl=$-33.72 | locked=$+0.00
  exposure=$126.00 | mtm_pnl=$-33.72 | locked=$+0.00
  orders: 0 | fills: 0 ()
2025-12-14 19:53:27,763 [INFO] [FILL APPLIED] btc-updown-15m-1765737900 | BUY NO 11.54 @ 0.130 | Inv: Y=0.0 N=563.7 Exp=$129.00
2025-12-14 19:53:27,763 [INFO] [DRY RUN] [93mSIMULATED FILL[0m: BUY NO 11.54 @ 0.13
2025-12-14 19:53:27,764 [INFO] [FILL APPLIED] btc-updown-15m-1765737900 | BUY NO 12.50 @ 0.120 | Inv: Y=0.0 N=576.2 Exp=$130.50
2025-12-14 19:53:27,764 [INFO] [DRY RUN] [93mSIMULATED FILL[0m: BUY NO 12.5 @ 0.12
2025-12-14 19:53:27,764 [INFO] [btc-updown-15m-1765737900] IDLE | T-900s
  YES: bid=0.850 ask=0.860 | NO: bid=0.140 ask=0.150
  q_yes=0.00 q_no=552.21 | avg_yes=0.000 avg_no=0.231
  exposure=$127.50 | mtm_pnl=$-50.19 | locked=$+0.00
  exposure=$127.50 | mtm_pnl=$-50.19 | locked=$+0.00
  orders: 0 | fills: 0 ()
2025-12-14 19:53:30,462 [INFO] [FILL APPLIED] btc-updown-15m-1765737900 | BUY NO 9.38 @ 0.160 | Inv: Y=0.0 N=585.6 Exp=$132.00
2025-12-14 19:53:30,462 [INFO] [DRY RUN] [93mSIMULATED FILL[0m: BUY NO 9.38 @ 0.16
2025-12-14 19:53:30,462 [INFO] [DRY RUN] [93mSIMULATED FILL[0m: BUY NO 10.0 @ 0.15
2025-12-14 19:53:30,462 [INFO] [btc-updown-15m-1765737900] IDLE | T-900s
  YES: bid=0.820 ask=0.830 | NO: bid=0.170 ask=0.180
  q_yes=0.00 q_no=576.25 | avg_yes=0.000 avg_no=0.226
  exposure=$130.50 | mtm_pnl=$-32.54 | locked=$+0.00
  exposure=$130.50 | mtm_pnl=$-32.54 | locked=$+0.00
  orders: 0 | fills: 0 ()
2025-12-14 19:53:33,143 [INFO] [FILL APPLIED] btc-updown-15m-1765737900 | BUY NO 12.50 @ 0.120 | Inv: Y=0.0 N=598.1 Exp=$133.50
2025-12-14 19:53:33,143 [INFO] [DRY RUN] [93mSIMULATED FILL[0m: BUY NO 12.5 @ 0.12
2025-12-14 19:53:33,143 [INFO] [DRY RUN] [93mSIMULATED FILL[0m: BUY NO 13.64 @ 0.11
2025-12-14 19:53:33,143 [INFO] [btc-updown-15m-1765737900] IDLE | T-900s
  YES: bid=0.840 ask=0.850 | NO: bid=0.130 ask=0.150
  q_yes=0.00 q_no=585.63 | avg_yes=0.000 avg_no=0.225
  exposure=$132.00 | mtm_pnl=$-55.87 | locked=$+0.00
  exposure=$132.00 | mtm_pnl=$-55.87 | locked=$+0.00
  orders: 0 | fills: 0 ()
2025-12-14 19:53:33,143 [INFO] --- HEARTBEAT (Cycle 2.58s) ---
2025-12-14 19:53:33,143 [INFO]    [btc-updown-15m-1765737900] ACCUMULATE | Rem: 900s | Orders: 0
2025-12-14 19:53:35,879 [INFO] [FILL APPLIED] btc-updown-15m-1765737900 | BUY NO 13.64 @ 0.110 | Inv: Y=0.0 N=611.8 Exp=$135.01
2025-12-14 19:53:35,879 [INFO] [DRY RUN] [93mSIMULATED FILL[0m: BUY NO 13.64 @ 0.11
2025-12-14 19:53:35,879 [INFO] [DRY RUN] [93mSIMULATED FILL[0m: BUY NO 15.0 @ 0.1
2025-12-14 19:53:35,879 [INFO] [btc-updown-15m-1765737900] IDLE | T-900s
  YES: bid=0.860 ask=0.880 | NO: bid=0.120 ask=0.140
  q_yes=0.00 q_no=598.13 | avg_yes=0.000 avg_no=0.223
  exposure=$133.50 | mtm_pnl=$-61.73 | locked=$+0.00
  exposure=$133.50 | mtm_pnl=$-61.73 | locked=$+0.00
  orders: 0 | fills: 0 ()
2025-12-14 19:53:38,909 [INFO] [FILL APPLIED] btc-updown-15m-1765737900 | BUY NO 15.00 @ 0.100 | Inv: Y=0.0 N=626.8 Exp=$136.51
2025-12-14 19:53:38,910 [INFO] [DRY RUN] [93mSIMULATED FILL[0m: BUY NO 15.0 @ 0.1
2025-12-14 19:53:38,910 [INFO] [FILL APPLIED] btc-updown-15m-1765737900 | BUY NO 16.67 @ 0.090 | Inv: Y=0.0 N=643.4 Exp=$138.01
2025-12-14 19:53:38,910 [INFO] [DRY RUN] [93mSIMULATED FILL[0m: BUY NO 16.67 @ 0.09
2025-12-14 19:53:38,911 [INFO] [btc-updown-15m-1765737900] IDLE | T-900s
  YES: bid=0.880 ask=0.890 | NO: bid=0.110 ask=0.120
  q_yes=0.00 q_no=611.77 | avg_yes=0.000 avg_no=0.221
  exposure=$135.01 | mtm_pnl=$-67.71 | locked=$+0.00
  exposure=$135.01 | mtm_pnl=$-67.71 | locked=$+0.00
  orders: 0 | fills: 0 ()
2025-12-14 19:53:41,573 [INFO] [FILL APPLIED] btc-updown-15m-1765737900 | BUY NO 15.00 @ 0.100 | Inv: Y=0.0 N=658.4 Exp=$139.51
2025-12-14 19:53:41,574 [INFO] [DRY RUN] [93mSIMULATED FILL[0m: BUY NO 15.0 @ 0.1
2025-12-14 19:53:41,574 [INFO] [FILL APPLIED] btc-updown-15m-1765737900 | BUY NO 16.67 @ 0.090 | Inv: Y=0.0 N=675.1 Exp=$141.01
2025-12-14 19:53:41,574 [INFO] [DRY RUN] [93mSIMULATED FILL[0m: BUY NO 16.67 @ 0.09
2025-12-14 19:53:41,574 [INFO] [btc-updown-15m-1765737900] IDLE | T-900s
  YES: bid=0.880 ask=0.890 | NO: bid=0.110 ask=0.120
  q_yes=0.00 q_no=643.44 | avg_yes=0.000 avg_no=0.214
  exposure=$138.01 | mtm_pnl=$-67.23 | locked=$+0.00
  exposure=$138.01 | mtm_pnl=$-67.23 | locked=$+0.00
  orders: 0 | fills: 0 ()
2025-12-14 19:53:44,292 [INFO] [FILL APPLIED] btc-updown-15m-1765737900 | BUY NO 16.67 @ 0.090 | Inv: Y=0.0 N=691.8 Exp=$142.51
2025-12-14 19:53:44,292 [INFO] [DRY RUN] [93mSIMULATED FILL[0m: BUY NO 16.67 @ 0.09
2025-12-14 19:53:44,292 [INFO] [DRY RUN] [93mSIMULATED FILL[0m: BUY NO 18.75 @ 0.08
2025-12-14 19:53:44,292 [INFO] [btc-updown-15m-1765737900] IDLE | T-900s
  YES: bid=0.890 ask=0.900 | NO: bid=0.100 ask=0.110
  q_yes=0.00 q_no=675.11 | avg_yes=0.000 avg_no=0.209
  exposure=$141.01 | mtm_pnl=$-73.49 | locked=$+0.00
  exposure=$141.01 | mtm_pnl=$-73.49 | locked=$+0.00
  orders: 0 | fills: 0 ()
2025-12-14 19:53:44,293 [INFO] --- HEARTBEAT (Cycle 2.62s) ---
2025-12-14 19:53:44,293 [INFO]    [btc-updown-15m-1765737900] ACCUMULATE | Rem: 900s | Orders: 0
2025-12-14 19:53:46,956 [INFO] [FILL APPLIED] btc-updown-15m-1765737900 | BUY NO 16.67 @ 0.090 | Inv: Y=0.0 N=708.4 Exp=$144.01
2025-12-14 19:53:46,956 [INFO] [DRY RUN] [93mSIMULATED FILL[0m: BUY NO 16.67 @ 0.09
2025-12-14 19:53:46,957 [INFO] [FILL APPLIED] btc-updown-15m-1765737900 | BUY NO 18.75 @ 0.080 | Inv: Y=0.0 N=727.2 Exp=$145.51
2025-12-14 19:53:46,957 [INFO] [DRY RUN] [93mSIMULATED FILL[0m: BUY NO 18.75 @ 0.08
2025-12-14 19:53:46,957 [INFO] [btc-updown-15m-1765737900] IDLE | T-900s
  YES: bid=0.880 ask=0.900 | NO: bid=0.100 ask=0.120
  q_yes=0.00 q_no=691.78 | avg_yes=0.000 avg_no=0.206
  exposure=$142.51 | mtm_pnl=$-73.33 | locked=$+0.00
  exposure=$142.51 | mtm_pnl=$-73.33 | locked=$+0.00
  orders: 0 | fills: 0 ()
2025-12-14 19:53:49,643 [WARNING] [btc-updown-15m-1765737900] STOP TRIGGER: MtM PnL -87.33 < 80.0
2025-12-14 19:53:49,644 [INFO] [btc-updown-15m-1765737900] ACCUMULATE -> STOPPED (Stop loss hit)
2025-12-14 19:53:49,644 [INFO] [btc-updown-15m-1765737900] IDLE | T-900s
  YES: bid=0.910 ask=0.920 | NO: bid=0.080 ask=0.090
  q_yes=0.00 q_no=727.20 | avg_yes=0.000 avg_no=0.200
  exposure=$145.51 | mtm_pnl=$-87.33 | locked=$+0.00
  exposure=$145.51 | mtm_pnl=$-87.33 | locked=$+0.00
  orders: 0 | fills: 0 ()
2025-12-14 19:53:52,517 [WARNING] [btc-updown-15m-1765737900] STOP TRIGGER: MtM PnL -94.60 < 80.0
2025-12-14 19:53:56,217 [WARNING] [btc-updown-15m-1765737900] STOP TRIGGER: MtM PnL -94.60 < 80.0
2025-12-14 19:53:56,217 [INFO] --- HEARTBEAT (Cycle 3.60s) ---
2025-12-14 19:53:56,217 [INFO]    [btc-updown-15m-1765737900] STOPPED | Rem: 900s | Orders: 0
2025-12-14 19:53:58,887 [WARNING] [btc-updown-15m-1765737900] STOP TRIGGER: MtM PnL -80.06 < 80.0
2025-12-14 19:54:01,589 [WARNING] [btc-updown-15m-1765737900] STOP TRIGGER: MtM PnL -87.33 < 80.0
2025-12-14 19:54:04,237 [WARNING] [btc-updown-15m-1765737900] STOP TRIGGER: MtM PnL -87.33 < 80.0
2025-12-14 19:54:06,844 [WARNING] [btc-updown-15m-1765737900] STOP TRIGGER: MtM PnL -87.33 < 80.0
2025-12-14 19:54:06,844 [INFO] --- HEARTBEAT (Cycle 2.51s) ---
2025-12-14 19:54:06,845 [INFO]    [btc-updown-15m-1765737900] STOPPED | Rem: 900s | Orders: 0
2025-12-14 19:54:09,459 [WARNING] [btc-updown-15m-1765737900] STOP TRIGGER: MtM PnL -87.33 < 80.0
2025-12-14 19:54:12,099 [WARNING] [btc-updown-15m-1765737900] STOP TRIGGER: MtM PnL -87.33 < 80.0
2025-12-14 19:54:14,675 [WARNING] [btc-updown-15m-1765737900] STOP TRIGGER: MtM PnL -87.33 < 80.0
2025-12-14 19:54:17,578 [WARNING] [btc-updown-15m-1765737900] STOP TRIGGER: MtM PnL -87.33 < 80.0
2025-12-14 19:54:17,578 [INFO] --- HEARTBEAT (Cycle 2.80s) ---
2025-12-14 19:54:17,579 [INFO]    [btc-updown-15m-1765737900] STOPPED | Rem: 900s | Orders: 0
2025-12-14 19:54:20,170 [INFO] [FILL APPLIED] btc-updown-15m-1765737900 | SELL NO 727.20 @ 0.100 | Inv: Y=0.0 N=0.0 Exp=$0.00
2025-12-14 19:54:20,170 [INFO] [DRY RUN] [93mSIMULATED FILL[0m: SELL NO 727.1999999999995 @ 0.1
2025-12-14 19:54:27,973 [INFO] --- HEARTBEAT (Cycle 2.50s) ---
2025-12-14 19:54:27,973 [INFO]    [btc-updown-15m-1765737900] STOPPED | Rem: 900s | Orders: 0
2025-12-14 19:54:38,683 [INFO] --- HEARTBEAT (Cycle 2.47s) ---
2025-12-14 19:54:38,684 [INFO]    [btc-updown-15m-1765737900] STOPPED | Rem: 900s | Orders: 0
2025-12-14 19:54:47,623 [INFO] Stopping...
2025-12-14 19:54:50,001 [WARNING] [93m==================================================
2025-12-14 19:54:50,001 [WARNING] !!! RUNNING IN DRY RUN / SIMULATION MODE !!!
2025-12-14 19:54:50,001 [WARNING] No real orders will be placed.
2025-12-14 19:54:50,001 [WARNING] All generated orders will be IMMEIDATELY FILLED (Simulated).
2025-12-14 19:54:50,001 [WARNING] ==================================================[0m
2025-12-14 19:54:50,001 [INFO] --- GABAGOOL LITE INITIALIZATION ---
2025-12-14 19:54:50,005 [INFO] [ALERT] CLOB client authentifié initialisé sur https://clob.polymarket.com
2025-12-14 19:54:50,006 [WARNING] MODE LIVE - ORDRES RÉELS POSSIBLES
2025-12-14 19:54:50,006 [INFO] API Client Authenticated.
2025-12-14 19:54:50,006 [INFO] >>> STARTING ROTATION CYCLE: Scanning for active BTC market... <<<
2025-12-14 19:54:50,729 [INFO] Tracking Market: btc-updown-15m-1765737900
2025-12-14 19:54:50,730 [INFO] Orchestrator initialized. Dry Run: True
2025-12-14 19:54:53,465 [INFO] [btc-updown-15m-1765737900] IDLE -> ACCUMULATE (Signal NO 0.08)
2025-12-14 19:54:53,465 [INFO] [FILL APPLIED] btc-updown-15m-1765737900 | BUY NO 25.00 @ 0.060 | Inv: Y=0.0 N=25.0 Exp=$1.50
2025-12-14 19:54:53,465 [INFO] [DRY RUN] [93mSIMULATED FILL[0m: BUY NO 25.0 @ 0.06
2025-12-14 19:54:53,465 [INFO] [DRY RUN] [93mSIMULATED FILL[0m: BUY NO 30.0 @ 0.05
2025-12-14 19:54:53,467 [INFO] [btc-updown-15m-1765737900] IDLE | T-307s
  YES: bid=0.920 ask=0.930 | NO: bid=0.070 ask=0.080
  q_yes=0.00 q_no=0.00 | avg_yes=0.000 avg_no=0.000
  exposure=$0.00 | mtm_pnl=$+0.00 | locked=$+0.00
  exposure=$0.00 | mtm_pnl=$+0.00 | locked=$+0.00
  orders: 0 | fills: 0 ()
2025-12-14 19:54:53,467 [INFO] --- HEARTBEAT (Cycle 2.74s) ---
2025-12-14 19:54:53,467 [INFO]    [btc-updown-15m-1765737900] ACCUMULATE | Rem: 307s | Orders: 0
2025-12-14 19:54:55,993 [INFO] [FILL APPLIED] btc-updown-15m-1765737900 | BUY NO 25.00 @ 0.060 | Inv: Y=0.0 N=50.0 Exp=$3.00
2025-12-14 19:54:55,993 [INFO] [DRY RUN] [93mSIMULATED FILL[0m: BUY NO 25.0 @ 0.06
2025-12-14 19:54:55,994 [INFO] [FILL APPLIED] btc-updown-15m-1765737900 | BUY NO 30.00 @ 0.050 | Inv: Y=0.0 N=80.0 Exp=$4.50
2025-12-14 19:54:55,994 [INFO] [DRY RUN] [93mSIMULATED FILL[0m: BUY NO 30.0 @ 0.05
2025-12-14 19:54:55,994 [INFO] [btc-updown-15m-1765737900] IDLE | T-304s
  YES: bid=0.920 ask=0.930 | NO: bid=0.070 ask=0.080
  q_yes=0.00 q_no=25.00 | avg_yes=0.000 avg_no=0.060
  exposure=$1.50 | mtm_pnl=$+0.25 | locked=$+1.00
  exposure=$1.50 | mtm_pnl=$+0.25 | locked=$+1.00
  orders: 0 | fills: 0 ()
2025-12-14 19:54:58,567 [INFO] [FILL APPLIED] btc-updown-15m-1765737900 | BUY NO 25.00 @ 0.060 | Inv: Y=0.0 N=105.0 Exp=$6.00
2025-12-14 19:54:58,567 [INFO] [DRY RUN] [93mSIMULATED FILL[0m: BUY NO 25.0 @ 0.06
2025-12-14 19:54:58,567 [INFO] [DRY RUN] [93mSIMULATED FILL[0m: BUY NO 30.0 @ 0.05
2025-12-14 19:54:58,569 [INFO] [btc-updown-15m-1765737900] IDLE | T-302s
  YES: bid=0.920 ask=0.930 | NO: bid=0.070 ask=0.080
  q_yes=0.00 q_no=80.00 | avg_yes=0.000 avg_no=0.056
  exposure=$4.50 | mtm_pnl=$+1.10 | locked=$+1.00
  exposure=$4.50 | mtm_pnl=$+1.10 | locked=$+1.00
  orders: 0 | fills: 0 ()
2025-12-14 19:55:01,186 [INFO] [FILL APPLIED] btc-updown-15m-1765737900 | BUY NO 37.50 @ 0.040 | Inv: Y=0.0 N=142.5 Exp=$7.50
2025-12-14 19:55:01,187 [INFO] [DRY RUN] [93mSIMULATED FILL[0m: BUY NO 37.5 @ 0.04
2025-12-14 19:55:01,187 [INFO] [FILL APPLIED] btc-updown-15m-1765737900 | BUY NO 50.00 @ 0.030 | Inv: Y=0.0 N=192.5 Exp=$9.00
2025-12-14 19:55:01,187 [INFO] [DRY RUN] [93mSIMULATED FILL[0m: BUY NO 50.0 @ 0.03
2025-12-14 19:55:01,187 [INFO] [btc-updown-15m-1765737900] IDLE | T-299s
  YES: bid=0.940 ask=0.950 | NO: bid=0.050 ask=0.060
  q_yes=0.00 q_no=105.00 | avg_yes=0.000 avg_no=0.057
  exposure=$6.00 | mtm_pnl=$-0.75 | locked=$+0.00
  exposure=$6.00 | mtm_pnl=$-0.75 | locked=$+0.00
  orders: 0 | fills: 0 ()
2025-12-14 19:55:03,944 [INFO] [FILL APPLIED] btc-updown-15m-1765737900 | BUY NO 75.00 @ 0.020 | Inv: Y=0.0 N=267.5 Exp=$10.50
2025-12-14 19:55:03,944 [INFO] [DRY RUN] [93mSIMULATED FILL[0m: BUY NO 75.0 @ 0.02
2025-12-14 19:55:03,944 [INFO] [btc-updown-15m-1765737900] IDLE | T-296s
  YES: bid=0.950 ask=0.970 | NO: bid=0.030 ask=0.050
  q_yes=0.00 q_no=192.50 | avg_yes=0.000 avg_no=0.047
  exposure=$9.00 | mtm_pnl=$-3.23 | locked=$+0.00
  exposure=$9.00 | mtm_pnl=$-3.23 | locked=$+0.00
  orders: 0 | fills: 0 ()
2025-12-14 19:55:03,945 [INFO] --- HEARTBEAT (Cycle 2.66s) ---
2025-12-14 19:55:03,945 [INFO]    [btc-updown-15m-1765737900] ACCUMULATE | Rem: 297s | Orders: 0
2025-12-14 19:55:06,522 [INFO] [FILL APPLIED] btc-updown-15m-1765737900 | BUY NO 75.00 @ 0.020 | Inv: Y=0.0 N=342.5 Exp=$12.00
2025-12-14 19:55:06,522 [INFO] [DRY RUN] [93mSIMULATED FILL[0m: BUY NO 75.0 @ 0.02
2025-12-14 19:55:06,523 [INFO] [btc-updown-15m-1765737900] IDLE | T-294s
  YES: bid=0.950 ask=0.970 | NO: bid=0.030 ask=0.050
  q_yes=0.00 q_no=267.50 | avg_yes=0.000 avg_no=0.039
  exposure=$10.50 | mtm_pnl=$-2.47 | locked=$+0.00
  exposure=$10.50 | mtm_pnl=$-2.47 | locked=$+0.00
  orders: 0 | fills: 0 ()
2025-12-14 19:55:09,226 [INFO] [FILL APPLIED] btc-updown-15m-1765737900 | BUY NO 37.50 @ 0.040 | Inv: Y=0.0 N=380.0 Exp=$13.50
2025-12-14 19:55:09,226 [INFO] [DRY RUN] [93mSIMULATED FILL[0m: BUY NO 37.5 @ 0.04
2025-12-14 19:55:09,226 [INFO] [DRY RUN] [93mSIMULATED FILL[0m: BUY NO 50.0 @ 0.03
2025-12-14 19:55:09,227 [INFO] [btc-updown-15m-1765737900] IDLE | T-291s
  YES: bid=0.950 ask=0.960 | NO: bid=0.050 ask=0.060
  q_yes=0.00 q_no=342.50 | avg_yes=0.000 avg_no=0.035
  exposure=$12.00 | mtm_pnl=$+5.12 | locked=$+1.00
  exposure=$12.00 | mtm_pnl=$+5.12 | locked=$+1.00
  orders: 0 | fills: 0 ()
2025-12-14 19:55:12,012 [INFO] [FILL APPLIED] btc-updown-15m-1765737900 | BUY NO 37.50 @ 0.040 | Inv: Y=0.0 N=417.5 Exp=$15.00
2025-12-14 19:55:12,012 [INFO] [DRY RUN] [93mSIMULATED FILL[0m: BUY NO 37.5 @ 0.04
2025-12-14 19:55:12,012 [INFO] [DRY RUN] [93mSIMULATED FILL[0m: BUY NO 50.0 @ 0.03
2025-12-14 19:55:12,012 [INFO] [btc-updown-15m-1765737900] IDLE | T-288s
  YES: bid=0.940 ask=0.950 | NO: bid=0.050 ask=0.060
  q_yes=0.00 q_no=380.00 | avg_yes=0.000 avg_no=0.036
  exposure=$13.50 | mtm_pnl=$+5.50 | locked=$+1.00
  exposure=$13.50 | mtm_pnl=$+5.50 | locked=$+1.00
  orders: 0 | fills: 0 ()
2025-12-14 19:55:14,652 [INFO] [FILL APPLIED] btc-updown-15m-1765737900 | BUY NO 37.50 @ 0.040 | Inv: Y=0.0 N=455.0 Exp=$16.50
2025-12-14 19:55:14,652 [INFO] [DRY RUN] [93mSIMULATED FILL[0m: BUY NO 37.5 @ 0.04
2025-12-14 19:55:14,652 [INFO] [DRY RUN] [93mSIMULATED FILL[0m: BUY NO 50.0 @ 0.03
2025-12-14 19:55:14,653 [INFO] [btc-updown-15m-1765737900] IDLE | T-286s
  YES: bid=0.940 ask=0.950 | NO: bid=0.050 ask=0.060
  q_yes=0.00 q_no=417.50 | avg_yes=0.000 avg_no=0.036
  exposure=$15.00 | mtm_pnl=$+5.88 | locked=$+1.00
  exposure=$15.00 | mtm_pnl=$+5.88 | locked=$+1.00
  orders: 0 | fills: 0 ()
2025-12-14 19:55:14,653 [INFO] --- HEARTBEAT (Cycle 2.54s) ---
2025-12-14 19:55:14,653 [INFO]    [btc-updown-15m-1765737900] ACCUMULATE | Rem: 286s | Orders: 0
2025-12-14 19:55:17,399 [INFO] [FILL APPLIED] btc-updown-15m-1765737900 | BUY NO 37.50 @ 0.040 | Inv: Y=0.0 N=492.5 Exp=$18.00
2025-12-14 19:55:17,400 [INFO] [DRY RUN] [93mSIMULATED FILL[0m: BUY NO 37.5 @ 0.04
2025-12-14 19:55:17,400 [INFO] [FILL APPLIED] btc-updown-15m-1765737900 | BUY NO 50.00 @ 0.030 | Inv: Y=0.0 N=542.5 Exp=$19.50
2025-12-14 19:55:17,400 [INFO] [DRY RUN] [93mSIMULATED FILL[0m: BUY NO 50.0 @ 0.03
2025-12-14 19:55:17,401 [INFO] [btc-updown-15m-1765737900] IDLE | T-283s
  YES: bid=0.940 ask=0.950 | NO: bid=0.050 ask=0.060
  q_yes=0.00 q_no=455.00 | avg_yes=0.000 avg_no=0.036
  exposure=$16.50 | mtm_pnl=$+6.25 | locked=$+1.00
  exposure=$16.50 | mtm_pnl=$+6.25 | locked=$+1.00
  orders: 0 | fills: 0 ()
2025-12-14 19:55:20,023 [INFO] [FILL APPLIED] btc-updown-15m-1765737900 | BUY NO 50.00 @ 0.030 | Inv: Y=0.0 N=592.5 Exp=$21.00
2025-12-14 19:55:20,023 [INFO] [DRY RUN] [93mSIMULATED FILL[0m: BUY NO 50.0 @ 0.03
2025-12-14 19:55:20,023 [INFO] [DRY RUN] [93mSIMULATED FILL[0m: BUY NO 75.0 @ 0.02
2025-12-14 19:55:20,023 [INFO] [btc-updown-15m-1765737900] IDLE | T-280s
  YES: bid=0.950 ask=0.960 | NO: bid=0.040 ask=0.050
  q_yes=0.00 q_no=542.50 | avg_yes=0.000 avg_no=0.036
  exposure=$19.50 | mtm_pnl=$+2.20 | locked=$+1.00
  exposure=$19.50 | mtm_pnl=$+2.20 | locked=$+1.00
  orders: 0 | fills: 0 ()
2025-12-14 19:55:22,662 [INFO] [FILL APPLIED] btc-updown-15m-1765737900 | BUY NO 50.00 @ 0.030 | Inv: Y=0.0 N=642.5 Exp=$22.50
2025-12-14 19:55:22,662 [INFO] [DRY RUN] [93mSIMULATED FILL[0m: BUY NO 50.0 @ 0.03
2025-12-14 19:55:22,662 [INFO] [DRY RUN] [93mSIMULATED FILL[0m: BUY NO 75.0 @ 0.02
2025-12-14 19:55:22,662 [INFO] [btc-updown-15m-1765737900] IDLE | T-278s
  YES: bid=0.950 ask=0.960 | NO: bid=0.040 ask=0.050
  q_yes=0.00 q_no=592.50 | avg_yes=0.000 avg_no=0.035
  exposure=$21.00 | mtm_pnl=$+2.70 | locked=$+1.00
  exposure=$21.00 | mtm_pnl=$+2.70 | locked=$+1.00
  orders: 0 | fills: 0 ()
2025-12-14 19:55:25,290 [INFO] [FILL APPLIED] btc-updown-15m-1765737900 | BUY NO 50.00 @ 0.030 | Inv: Y=0.0 N=692.5 Exp=$24.00
2025-12-14 19:55:25,292 [INFO] [DRY RUN] [93mSIMULATED FILL[0m: BUY NO 50.0 @ 0.03
2025-12-14 19:55:25,292 [INFO] [FILL APPLIED] btc-updown-15m-1765737900 | BUY NO 75.00 @ 0.020 | Inv: Y=0.0 N=767.5 Exp=$25.50
2025-12-14 19:55:25,292 [INFO] [DRY RUN] [93mSIMULATED FILL[0m: BUY NO 75.0 @ 0.02
2025-12-14 19:55:25,292 [INFO] [btc-updown-15m-1765737900] IDLE | T-275s
  YES: bid=0.950 ask=0.960 | NO: bid=0.040 ask=0.050
  q_yes=0.00 q_no=642.50 | avg_yes=0.000 avg_no=0.035
  exposure=$22.50 | mtm_pnl=$+3.20 | locked=$+1.00
  exposure=$22.50 | mtm_pnl=$+3.20 | locked=$+1.00
  orders: 0 | fills: 0 ()
2025-12-14 19:55:25,293 [INFO] --- HEARTBEAT (Cycle 2.53s) ---
2025-12-14 19:55:25,293 [INFO]    [btc-updown-15m-1765737900] ACCUMULATE | Rem: 275s | Orders: 0
2025-12-14 19:55:27,873 [INFO] [FILL APPLIED] btc-updown-15m-1765737900 | BUY NO 50.00 @ 0.030 | Inv: Y=0.0 N=817.5 Exp=$27.00
2025-12-14 19:55:27,873 [INFO] [DRY RUN] [93mSIMULATED FILL[0m: BUY NO 50.0 @ 0.03
2025-12-14 19:55:27,873 [INFO] [DRY RUN] [93mSIMULATED FILL[0m: BUY NO 75.0 @ 0.02
2025-12-14 19:55:27,873 [INFO] [btc-updown-15m-1765737900] IDLE | T-272s
  YES: bid=0.950 ask=0.960 | NO: bid=0.040 ask=0.050
  q_yes=0.00 q_no=767.50 | avg_yes=0.000 avg_no=0.033
  exposure=$25.50 | mtm_pnl=$+5.20 | locked=$+1.00
  exposure=$25.50 | mtm_pnl=$+5.20 | locked=$+1.00
  orders: 0 | fills: 0 ()
2025-12-14 19:55:30,458 [INFO] [FILL APPLIED] btc-updown-15m-1765737900 | BUY NO 50.00 @ 0.030 | Inv: Y=0.0 N=867.5 Exp=$28.50
2025-12-14 19:55:30,458 [INFO] [DRY RUN] [93mSIMULATED FILL[0m: BUY NO 50.0 @ 0.03
2025-12-14 19:55:30,458 [INFO] [FILL APPLIED] btc-updown-15m-1765737900 | BUY NO 75.00 @ 0.020 | Inv: Y=0.0 N=942.5 Exp=$30.00
2025-12-14 19:55:30,458 [INFO] [DRY RUN] [93mSIMULATED FILL[0m: BUY NO 75.0 @ 0.02
2025-12-14 19:55:30,458 [INFO] [btc-updown-15m-1765737900] IDLE | T-270s
  YES: bid=0.940 ask=0.960 | NO: bid=0.040 ask=0.060
  q_yes=0.00 q_no=817.50 | avg_yes=0.000 avg_no=0.033
  exposure=$27.00 | mtm_pnl=$+5.70 | locked=$+1.00
  exposure=$27.00 | mtm_pnl=$+5.70 | locked=$+1.00
  orders: 0 | fills: 0 ()
2025-12-14 19:55:33,015 [INFO] [FILL APPLIED] btc-updown-15m-1765737900 | BUY NO 50.00 @ 0.030 | Inv: Y=0.0 N=992.5 Exp=$31.50
2025-12-14 19:55:33,015 [INFO] [DRY RUN] [93mSIMULATED FILL[0m: BUY NO 50.0 @ 0.03
2025-12-14 19:55:33,016 [INFO] [FILL APPLIED] btc-updown-15m-1765737900 | BUY NO 75.00 @ 0.020 | Inv: Y=0.0 N=1067.5 Exp=$33.00
2025-12-14 19:55:33,016 [INFO] [DRY RUN] [93mSIMULATED FILL[0m: BUY NO 75.0 @ 0.02
2025-12-14 19:55:33,016 [INFO] [btc-updown-15m-1765737900] IDLE | T-267s
  YES: bid=0.940 ask=0.960 | NO: bid=0.040 ask=0.060
  q_yes=0.00 q_no=942.50 | avg_yes=0.000 avg_no=0.032
  exposure=$30.00 | mtm_pnl=$+7.70 | locked=$+1.00
  exposure=$30.00 | mtm_pnl=$+7.70 | locked=$+1.00
  orders: 0 | fills: 0 ()
2025-12-14 19:55:36,683 [INFO] [FILL APPLIED] btc-updown-15m-1765737900 | BUY NO 75.00 @ 0.020 | Inv: Y=0.0 N=1142.5 Exp=$34.50
2025-12-14 19:55:36,683 [INFO] [DRY RUN] [93mSIMULATED FILL[0m: BUY NO 75.0 @ 0.02
2025-12-14 19:55:36,683 [INFO] [btc-updown-15m-1765737900] IDLE | T-264s
  YES: bid=0.960 ask=0.970 | NO: bid=0.030 ask=0.040
  q_yes=0.00 q_no=1067.50 | avg_yes=0.000 avg_no=0.031
  exposure=$33.00 | mtm_pnl=$-0.98 | locked=$+0.00
  exposure=$33.00 | mtm_pnl=$-0.98 | locked=$+0.00
  orders: 0 | fills: 0 ()
2025-12-14 19:55:36,683 [INFO] --- HEARTBEAT (Cycle 3.57s) ---
2025-12-14 19:55:36,683 [INFO]    [btc-updown-15m-1765737900] ACCUMULATE | Rem: 264s | Orders: 0
2025-12-14 19:55:39,291 [INFO] [FILL APPLIED] btc-updown-15m-1765737900 | BUY NO 75.00 @ 0.020 | Inv: Y=0.0 N=1217.5 Exp=$36.00
2025-12-14 19:55:39,291 [INFO] [DRY RUN] [93mSIMULATED FILL[0m: BUY NO 75.0 @ 0.02
2025-12-14 19:55:39,291 [INFO] [btc-updown-15m-1765737900] IDLE | T-261s
  YES: bid=0.960 ask=0.970 | NO: bid=0.030 ask=0.040
  q_yes=0.00 q_no=1142.50 | avg_yes=0.000 avg_no=0.030
  exposure=$34.50 | mtm_pnl=$-0.23 | locked=$+0.00
  exposure=$34.50 | mtm_pnl=$-0.23 | locked=$+0.00
  orders: 0 | fills: 0 ()
2025-12-14 19:55:42,869 [INFO] [FILL APPLIED] btc-updown-15m-1765737900 | BUY NO 75.00 @ 0.020 | Inv: Y=0.0 N=1292.5 Exp=$37.50
2025-12-14 19:55:42,869 [INFO] [DRY RUN] [93mSIMULATED FILL[0m: BUY NO 75.0 @ 0.02
2025-12-14 19:55:42,869 [INFO] [btc-updown-15m-1765737900] IDLE | T-257s
  YES: bid=0.960 ask=0.970 | NO: bid=0.030 ask=0.050
  q_yes=0.00 q_no=1217.50 | avg_yes=0.000 avg_no=0.030
  exposure=$36.00 | mtm_pnl=$+0.52 | locked=$+1.00
  exposure=$36.00 | mtm_pnl=$+0.52 | locked=$+1.00
  orders: 0 | fills: 0 ()
2025-12-14 19:55:45,451 [INFO] [FILL APPLIED] btc-updown-15m-1765737900 | BUY NO 75.00 @ 0.020 | Inv: Y=0.0 N=1367.5 Exp=$39.00
2025-12-14 19:55:45,451 [INFO] [DRY RUN] [93mSIMULATED FILL[0m: BUY NO 75.0 @ 0.02
2025-12-14 19:55:45,451 [INFO] [btc-updown-15m-1765737900] IDLE | T-255s
  YES: bid=0.960 ask=0.970 | NO: bid=0.030 ask=0.040
  q_yes=0.00 q_no=1292.50 | avg_yes=0.000 avg_no=0.029
  exposure=$37.50 | mtm_pnl=$+1.27 | locked=$+1.00
  exposure=$37.50 | mtm_pnl=$+1.27 | locked=$+1.00
  orders: 0 | fills: 0 ()
2025-12-14 19:55:48,051 [INFO] [FILL APPLIED] btc-updown-15m-1765737900 | BUY NO 50.00 @ 0.030 | Inv: Y=0.0 N=1417.5 Exp=$40.50
2025-12-14 19:55:48,051 [INFO] [DRY RUN] [93mSIMULATED FILL[0m: BUY NO 50.0 @ 0.03
2025-12-14 19:55:48,052 [INFO] [FILL APPLIED] btc-updown-15m-1765737900 | BUY NO 75.00 @ 0.020 | Inv: Y=0.0 N=1492.5 Exp=$42.00
2025-12-14 19:55:48,052 [INFO] [DRY RUN] [93mSIMULATED FILL[0m: BUY NO 75.0 @ 0.02
2025-12-14 19:55:48,052 [INFO] [btc-updown-15m-1765737900] IDLE | T-252s
  YES: bid=0.950 ask=0.960 | NO: bid=0.040 ask=0.050
  q_yes=0.00 q_no=1367.50 | avg_yes=0.000 avg_no=0.029
  exposure=$39.00 | mtm_pnl=$+15.70 | locked=$+1.00
  exposure=$39.00 | mtm_pnl=$+15.70 | locked=$+1.00
  orders: 0 | fills: 0 ()
2025-12-14 19:55:48,052 [INFO] --- HEARTBEAT (Cycle 2.50s) ---
2025-12-14 19:55:48,052 [INFO]    [btc-updown-15m-1765737900] ACCUMULATE | Rem: 253s | Orders: 0
2025-12-14 19:55:50,666 [INFO] [FILL APPLIED] btc-updown-15m-1765737900 | BUY NO 75.00 @ 0.020 | Inv: Y=0.0 N=1567.5 Exp=$43.50
2025-12-14 19:55:50,666 [INFO] [DRY RUN] [93mSIMULATED FILL[0m: BUY NO 75.0 @ 0.02
2025-12-14 19:55:50,666 [INFO] [btc-updown-15m-1765737900] IDLE | T-250s
  YES: bid=0.960 ask=0.970 | NO: bid=0.030 ask=0.040
  q_yes=0.00 q_no=1492.50 | avg_yes=0.000 avg_no=0.028
  exposure=$42.00 | mtm_pnl=$+2.77 | locked=$+1.00
  exposure=$42.00 | mtm_pnl=$+2.77 | locked=$+1.00
  orders: 0 | fills: 0 ()
2025-12-14 19:55:53,272 [INFO] [FILL APPLIED] btc-updown-15m-1765737900 | BUY NO 75.00 @ 0.020 | Inv: Y=0.0 N=1642.5 Exp=$45.00
2025-12-14 19:55:53,272 [INFO] [DRY RUN] [93mSIMULATED FILL[0m: BUY NO 75.0 @ 0.02
2025-12-14 19:55:53,272 [INFO] [btc-updown-15m-1765737900] IDLE | T-247s
  YES: bid=0.960 ask=0.970 | NO: bid=0.030 ask=0.040
  q_yes=0.00 q_no=1567.50 | avg_yes=0.000 avg_no=0.028
  exposure=$43.50 | mtm_pnl=$+3.52 | locked=$+1.00
  exposure=$43.50 | mtm_pnl=$+3.52 | locked=$+1.00
  orders: 0 | fills: 0 ()
2025-12-14 19:55:55,865 [INFO] [FILL APPLIED] btc-updown-15m-1765737900 | BUY NO 75.00 @ 0.020 | Inv: Y=0.0 N=1717.5 Exp=$46.50
2025-12-14 19:55:55,866 [INFO] [DRY RUN] [93mSIMULATED FILL[0m: BUY NO 75.0 @ 0.02
2025-12-14 19:55:55,866 [INFO] [btc-updown-15m-1765737900] IDLE | T-244s
  YES: bid=0.960 ask=0.970 | NO: bid=0.030 ask=0.040
  q_yes=0.00 q_no=1642.50 | avg_yes=0.000 avg_no=0.027
  exposure=$45.00 | mtm_pnl=$+4.27 | locked=$+1.00
  exposure=$45.00 | mtm_pnl=$+4.27 | locked=$+1.00
  orders: 0 | fills: 0 ()
2025-12-14 19:55:58,482 [INFO] [FILL APPLIED] btc-updown-15m-1765737900 | BUY NO 50.00 @ 0.030 | Inv: Y=0.0 N=1767.5 Exp=$48.00
2025-12-14 19:55:58,483 [INFO] [DRY RUN] [93mSIMULATED FILL[0m: BUY NO 50.0 @ 0.03
2025-12-14 19:55:58,483 [INFO] [FILL APPLIED] btc-updown-15m-1765737900 | BUY NO 75.00 @ 0.020 | Inv: Y=0.0 N=1842.5 Exp=$49.50
2025-12-14 19:55:58,483 [INFO] [DRY RUN] [93mSIMULATED FILL[0m: BUY NO 75.0 @ 0.02
2025-12-14 19:55:58,483 [INFO] [btc-updown-15m-1765737900] IDLE | T-242s
  YES: bid=0.940 ask=0.960 | NO: bid=0.040 ask=0.060
  q_yes=0.00 q_no=1717.50 | avg_yes=0.000 avg_no=0.027
  exposure=$46.50 | mtm_pnl=$+22.20 | locked=$+1.00
  exposure=$46.50 | mtm_pnl=$+22.20 | locked=$+1.00
  orders: 0 | fills: 0 ()
2025-12-14 19:55:58,483 [INFO] --- HEARTBEAT (Cycle 2.52s) ---
2025-12-14 19:55:58,483 [INFO]    [btc-updown-15m-1765737900] ACCUMULATE | Rem: 242s | Orders: 0
2025-12-14 19:56:01,040 [INFO] [FILL APPLIED] btc-updown-15m-1765737900 | BUY NO 50.00 @ 0.030 | Inv: Y=0.0 N=1892.5 Exp=$51.00
2025-12-14 19:56:01,040 [INFO] [DRY RUN] [93mSIMULATED FILL[0m: BUY NO 50.0 @ 0.03
2025-12-14 19:56:01,040 [INFO] [DRY RUN] [93mSIMULATED FILL[0m: BUY NO 75.0 @ 0.02
2025-12-14 19:56:01,041 [INFO] [btc-updown-15m-1765737900] IDLE | T-239s
  YES: bid=0.950 ask=0.960 | NO: bid=0.040 ask=0.050
  q_yes=0.00 q_no=1842.50 | avg_yes=0.000 avg_no=0.027
  exposure=$49.50 | mtm_pnl=$+24.20 | locked=$+1.00
  exposure=$49.50 | mtm_pnl=$+24.20 | locked=$+1.00
  orders: 0 | fills: 0 ()
2025-12-14 19:56:03,672 [INFO] [FILL APPLIED] btc-updown-15m-1765737900 | BUY NO 37.50 @ 0.040 | Inv: Y=0.0 N=1930.0 Exp=$52.50
2025-12-14 19:56:03,672 [INFO] [DRY RUN] [93mSIMULATED FILL[0m: BUY NO 37.5 @ 0.04
2025-12-14 19:56:03,672 [INFO] [DRY RUN] [93mSIMULATED FILL[0m: BUY NO 50.0 @ 0.03
2025-12-14 19:56:03,672 [INFO] [btc-updown-15m-1765737900] IDLE | T-237s
  YES: bid=0.940 ask=0.950 | NO: bid=0.050 ask=0.060
  q_yes=0.00 q_no=1892.50 | avg_yes=0.000 avg_no=0.027
  exposure=$51.00 | mtm_pnl=$+43.62 | locked=$+1.00
  exposure=$51.00 | mtm_pnl=$+43.62 | locked=$+1.00
  orders: 0 | fills: 0 ()
2025-12-14 19:56:06,303 [INFO] [FILL APPLIED] btc-updown-15m-1765737900 | BUY NO 75.00 @ 0.020 | Inv: Y=0.0 N=2005.0 Exp=$54.00
2025-12-14 19:56:06,303 [INFO] [DRY RUN] [93mSIMULATED FILL[0m: BUY NO 75.0 @ 0.02
2025-12-14 19:56:06,303 [INFO] [btc-updown-15m-1765737900] IDLE | T-234s
  YES: bid=0.960 ask=0.970 | NO: bid=0.030 ask=0.040
  q_yes=0.00 q_no=1930.00 | avg_yes=0.000 avg_no=0.027
  exposure=$52.50 | mtm_pnl=$+5.40 | locked=$+1.00
  exposure=$52.50 | mtm_pnl=$+5.40 | locked=$+1.00
  orders: 0 | fills: 0 ()
2025-12-14 19:56:09,166 [INFO] [FILL APPLIED] btc-updown-15m-1765737900 | BUY NO 50.00 @ 0.030 | Inv: Y=0.0 N=2055.0 Exp=$55.50
2025-12-14 19:56:09,166 [INFO] [DRY RUN] [93mSIMULATED FILL[0m: BUY NO 50.0 @ 0.03
2025-12-14 19:56:09,166 [INFO] [DRY RUN] [93mSIMULATED FILL[0m: BUY NO 75.0 @ 0.02
2025-12-14 19:56:09,166 [INFO] [btc-updown-15m-1765737900] IDLE | T-231s
  YES: bid=0.950 ask=0.960 | NO: bid=0.040 ask=0.050
  q_yes=0.00 q_no=2005.00 | avg_yes=0.000 avg_no=0.027
  exposure=$54.00 | mtm_pnl=$+26.20 | locked=$+1.00
  exposure=$54.00 | mtm_pnl=$+26.20 | locked=$+1.00
  orders: 0 | fills: 0 ()
2025-12-14 19:56:09,167 [INFO] --- HEARTBEAT (Cycle 2.76s) ---
2025-12-14 19:56:09,167 [INFO]    [btc-updown-15m-1765737900] ACCUMULATE | Rem: 232s | Orders: 0
2025-12-14 19:56:11,758 [INFO] [btc-updown-15m-1765737900] IDLE | T-228s
  YES: bid=0.960 ask=0.970 | NO: bid=0.020 ask=0.030
  q_yes=0.00 q_no=2055.00 | avg_yes=0.000 avg_no=0.027
  exposure=$55.50 | mtm_pnl=$-14.40 | locked=$+1.00
  exposure=$55.50 | mtm_pnl=$-14.40 | locked=$+1.00
  orders: 0 | fills: 0 ()
2025-12-14 19:56:14,428 [INFO] [btc-updown-15m-1765737900] IDLE | T-226s
  YES: bid=0.970 ask=0.980 | NO: bid=0.020 ask=0.030
  q_yes=0.00 q_no=2055.00 | avg_yes=0.000 avg_no=0.027
  exposure=$55.50 | mtm_pnl=$-14.40 | locked=$+0.00
  exposure=$55.50 | mtm_pnl=$-14.40 | locked=$+0.00
  orders: 0 | fills: 0 ()
2025-12-14 19:56:17,016 [INFO] [btc-updown-15m-1765737900] IDLE | T-223s
  YES: bid=0.970 ask=0.980 | NO: bid=0.020 ask=0.030
  q_yes=0.00 q_no=2055.00 | avg_yes=0.000 avg_no=0.027
  exposure=$55.50 | mtm_pnl=$-14.40 | locked=$+0.00
  exposure=$55.50 | mtm_pnl=$-14.40 | locked=$+0.00
  orders: 0 | fills: 0 ()
2025-12-14 19:56:19,610 [INFO] [btc-updown-15m-1765737900] IDLE | T-221s
  YES: bid=0.970 ask=0.980 | NO: bid=0.020 ask=0.030
  q_yes=0.00 q_no=2055.00 | avg_yes=0.000 avg_no=0.027
  exposure=$55.50 | mtm_pnl=$-14.40 | locked=$+0.00
  exposure=$55.50 | mtm_pnl=$-14.40 | locked=$+0.00
  orders: 0 | fills: 0 ()
2025-12-14 19:56:19,610 [INFO] --- HEARTBEAT (Cycle 2.49s) ---
2025-12-14 19:56:19,610 [INFO]    [btc-updown-15m-1765737900] ACCUMULATE | Rem: 221s | Orders: 0
2025-12-14 19:56:22,215 [INFO] [btc-updown-15m-1765737900] IDLE | T-218s
  YES: bid=0.970 ask=0.980 | NO: bid=0.020 ask=0.030
  q_yes=0.00 q_no=2055.00 | avg_yes=0.000 avg_no=0.027
  exposure=$55.50 | mtm_pnl=$-14.40 | locked=$+0.00
  exposure=$55.50 | mtm_pnl=$-14.40 | locked=$+0.00
  orders: 0 | fills: 0 ()
2025-12-14 19:56:24,839 [INFO] [FILL APPLIED] btc-updown-15m-1765737900 | BUY NO 75.00 @ 0.020 | Inv: Y=0.0 N=2130.0 Exp=$57.00
2025-12-14 19:56:24,839 [INFO] [DRY RUN] [93mSIMULATED FILL[0m: BUY NO 75.0 @ 0.02
2025-12-14 19:56:24,839 [INFO] [btc-updown-15m-1765737900] IDLE | T-215s
  YES: bid=0.960 ask=0.970 | NO: bid=0.030 ask=0.040
  q_yes=0.00 q_no=2055.00 | avg_yes=0.000 avg_no=0.027
  exposure=$55.50 | mtm_pnl=$+6.15 | locked=$+1.00
  exposure=$55.50 | mtm_pnl=$+6.15 | locked=$+1.00
  orders: 0 | fills: 0 ()
2025-12-14 19:56:27,523 [INFO] [FILL APPLIED] btc-updown-15m-1765737900 | BUY NO 75.00 @ 0.020 | Inv: Y=0.0 N=2205.0 Exp=$58.50
2025-12-14 19:56:27,523 [INFO] [DRY RUN] [93mSIMULATED FILL[0m: BUY NO 75.0 @ 0.02
2025-12-14 19:56:27,523 [INFO] [btc-updown-15m-1765737900] IDLE | T-213s
  YES: bid=0.960 ask=0.970 | NO: bid=0.030 ask=0.040
  q_yes=0.00 q_no=2130.00 | avg_yes=0.000 avg_no=0.027
  exposure=$57.00 | mtm_pnl=$+6.90 | locked=$+1.00
  exposure=$57.00 | mtm_pnl=$+6.90 | locked=$+1.00
  orders: 0 | fills: 0 ()
2025-12-14 19:56:30,145 [INFO] [FILL APPLIED] btc-updown-15m-1765737900 | BUY NO 75.00 @ 0.020 | Inv: Y=0.0 N=2280.0 Exp=$60.00
2025-12-14 19:56:30,146 [INFO] [DRY RUN] [93mSIMULATED FILL[0m: BUY NO 75.0 @ 0.02
2025-12-14 19:56:30,146 [INFO] [btc-updown-15m-1765737900] IDLE | T-210s
  YES: bid=0.960 ask=0.970 | NO: bid=0.030 ask=0.040
  q_yes=0.00 q_no=2205.00 | avg_yes=0.000 avg_no=0.027
  exposure=$58.50 | mtm_pnl=$+7.65 | locked=$+1.00
  exposure=$58.50 | mtm_pnl=$+7.65 | locked=$+1.00
  orders: 0 | fills: 0 ()
2025-12-14 19:56:30,146 [INFO] --- HEARTBEAT (Cycle 2.52s) ---
2025-12-14 19:56:30,146 [INFO]    [btc-updown-15m-1765737900] ACCUMULATE | Rem: 211s | Orders: 0
2025-12-14 19:56:32,852 [INFO] [FILL APPLIED] btc-updown-15m-1765737900 | BUY NO 75.00 @ 0.020 | Inv: Y=0.0 N=2355.0 Exp=$61.50
2025-12-14 19:56:32,852 [INFO] [DRY RUN] [93mSIMULATED FILL[0m: BUY NO 75.0 @ 0.02
2025-12-14 19:56:32,852 [INFO] [btc-updown-15m-1765737900] IDLE | T-207s
  YES: bid=0.960 ask=0.970 | NO: bid=0.030 ask=0.040
  q_yes=0.00 q_no=2280.00 | avg_yes=0.000 avg_no=0.026
  exposure=$60.00 | mtm_pnl=$+8.40 | locked=$+1.00
  exposure=$60.00 | mtm_pnl=$+8.40 | locked=$+1.00
  orders: 0 | fills: 0 ()
2025-12-14 19:56:35,487 [INFO] [FILL APPLIED] btc-updown-15m-1765737900 | BUY NO 75.00 @ 0.020 | Inv: Y=0.0 N=2430.0 Exp=$63.00
2025-12-14 19:56:35,488 [INFO] [DRY RUN] [93mSIMULATED FILL[0m: BUY NO 75.0 @ 0.02
2025-12-14 19:56:35,488 [INFO] [btc-updown-15m-1765737900] IDLE | T-205s
  YES: bid=0.960 ask=0.970 | NO: bid=0.030 ask=0.040
  q_yes=0.00 q_no=2355.00 | avg_yes=0.000 avg_no=0.026
  exposure=$61.50 | mtm_pnl=$+9.15 | locked=$+1.00
  exposure=$61.50 | mtm_pnl=$+9.15 | locked=$+1.00
  orders: 0 | fills: 0 ()
2025-12-14 19:56:38,047 [INFO] [FILL APPLIED] btc-updown-15m-1765737900 | BUY NO 75.00 @ 0.020 | Inv: Y=0.0 N=2505.0 Exp=$64.50
2025-12-14 19:56:38,047 [INFO] [DRY RUN] [93mSIMULATED FILL[0m: BUY NO 75.0 @ 0.02
2025-12-14 19:56:38,047 [INFO] [btc-updown-15m-1765737900] IDLE | T-202s
  YES: bid=0.960 ask=0.970 | NO: bid=0.030 ask=0.040
  q_yes=0.00 q_no=2430.00 | avg_yes=0.000 avg_no=0.026
  exposure=$63.00 | mtm_pnl=$+9.90 | locked=$+1.00
  exposure=$63.00 | mtm_pnl=$+9.90 | locked=$+1.00
  orders: 0 | fills: 0 ()
2025-12-14 19:56:41,123 [INFO] [FILL APPLIED] btc-updown-15m-1765737900 | BUY NO 75.00 @ 0.020 | Inv: Y=0.0 N=2580.0 Exp=$66.00
2025-12-14 19:56:41,123 [INFO] [DRY RUN] [93mSIMULATED FILL[0m: BUY NO 75.0 @ 0.02
2025-12-14 19:56:41,123 [INFO] [btc-updown-15m-1765737900] IDLE | T-199s
  YES: bid=0.960 ask=0.970 | NO: bid=0.030 ask=0.040
  q_yes=0.00 q_no=2505.00 | avg_yes=0.000 avg_no=0.026
  exposure=$64.50 | mtm_pnl=$+10.65 | locked=$+1.00
  exposure=$64.50 | mtm_pnl=$+10.65 | locked=$+1.00
  orders: 0 | fills: 0 ()
2025-12-14 19:56:41,124 [INFO] --- HEARTBEAT (Cycle 2.98s) ---
2025-12-14 19:56:41,124 [INFO]    [btc-updown-15m-1765737900] ACCUMULATE | Rem: 200s | Orders: 0
2025-12-14 19:56:43,876 [INFO] [btc-updown-15m-1765737900] IDLE | T-196s
  YES: bid=0.960 ask=0.970 | NO: bid=0.020 ask=0.030
  q_yes=0.00 q_no=2580.00 | avg_yes=0.000 avg_no=0.026
  exposure=$66.00 | mtm_pnl=$-14.40 | locked=$+1.00
  exposure=$66.00 | mtm_pnl=$-14.40 | locked=$+1.00
  orders: 0 | fills: 0 ()
2025-12-14 19:56:46,577 [INFO] [btc-updown-15m-1765737900] IDLE | T-194s
  YES: bid=0.970 ask=0.980 | NO: bid=0.020 ask=0.030
  q_yes=0.00 q_no=2580.00 | avg_yes=0.000 avg_no=0.026
  exposure=$66.00 | mtm_pnl=$-14.40 | locked=$+0.00
  exposure=$66.00 | mtm_pnl=$-14.40 | locked=$+0.00
  orders: 0 | fills: 0 ()
2025-12-14 19:56:49,233 [INFO] [btc-updown-15m-1765737900] IDLE | T-191s
  YES: bid=0.970 ask=0.980 | NO: bid=0.020 ask=0.030
  q_yes=0.00 q_no=2580.00 | avg_yes=0.000 avg_no=0.026
  exposure=$66.00 | mtm_pnl=$-14.40 | locked=$+0.00
  exposure=$66.00 | mtm_pnl=$-14.40 | locked=$+0.00
  orders: 0 | fills: 0 ()
2025-12-14 19:56:51,829 [INFO] [btc-updown-15m-1765737900] IDLE | T-188s
  YES: bid=0.970 ask=0.980 | NO: bid=0.020 ask=0.030
  q_yes=0.00 q_no=2580.00 | avg_yes=0.000 avg_no=0.026
  exposure=$66.00 | mtm_pnl=$-14.40 | locked=$+0.00
  exposure=$66.00 | mtm_pnl=$-14.40 | locked=$+0.00
  orders: 0 | fills: 0 ()
2025-12-14 19:56:51,830 [INFO] --- HEARTBEAT (Cycle 2.50s) ---
2025-12-14 19:56:51,830 [INFO]    [btc-updown-15m-1765737900] ACCUMULATE | Rem: 189s | Orders: 0
2025-12-14 19:56:54,519 [INFO] [btc-updown-15m-1765737900] IDLE | T-186s
  YES: bid=0.970 ask=0.980 | NO: bid=0.020 ask=0.030
  q_yes=0.00 q_no=2580.00 | avg_yes=0.000 avg_no=0.026
  exposure=$66.00 | mtm_pnl=$-14.40 | locked=$+0.00
  exposure=$66.00 | mtm_pnl=$-14.40 | locked=$+0.00
  orders: 0 | fills: 0 ()
2025-12-14 19:56:57,271 [INFO] [btc-updown-15m-1765737900] IDLE | T-183s
  YES: bid=0.970 ask=0.980 | NO: bid=0.020 ask=0.030
  q_yes=0.00 q_no=2580.00 | avg_yes=0.000 avg_no=0.026
  exposure=$66.00 | mtm_pnl=$-14.40 | locked=$+0.00
  exposure=$66.00 | mtm_pnl=$-14.40 | locked=$+0.00
  orders: 0 | fills: 0 ()
2025-12-14 19:57:00,123 [INFO] [btc-updown-15m-1765737900] IDLE | T-180s
  YES: bid=0.970 ask=0.980 | NO: bid=0.020 ask=0.030
  q_yes=0.00 q_no=2580.00 | avg_yes=0.000 avg_no=0.026
  exposure=$66.00 | mtm_pnl=$-14.40 | locked=$+0.00
  exposure=$66.00 | mtm_pnl=$-14.40 | locked=$+0.00
  orders: 0 | fills: 0 ()
2025-12-14 19:57:03,056 [INFO] [btc-updown-15m-1765737900] IDLE | T-177s
  YES: bid=0.970 ask=0.980 | NO: bid=0.020 ask=0.030
  q_yes=0.00 q_no=2580.00 | avg_yes=0.000 avg_no=0.026
  exposure=$66.00 | mtm_pnl=$-14.40 | locked=$+0.00
  exposure=$66.00 | mtm_pnl=$-14.40 | locked=$+0.00
  orders: 0 | fills: 0 ()
2025-12-14 19:57:03,056 [INFO] --- HEARTBEAT (Cycle 2.83s) ---
2025-12-14 19:57:03,056 [INFO]    [btc-updown-15m-1765737900] ACCUMULATE | Rem: 178s | Orders: 0
2025-12-14 19:57:05,636 [INFO] [btc-updown-15m-1765737900] IDLE | T-175s
  YES: bid=0.970 ask=0.980 | NO: bid=0.020 ask=0.030
  q_yes=0.00 q_no=2580.00 | avg_yes=0.000 avg_no=0.026
  exposure=$66.00 | mtm_pnl=$-14.40 | locked=$+0.00
  exposure=$66.00 | mtm_pnl=$-14.40 | locked=$+0.00
  orders: 0 | fills: 0 ()
2025-12-14 19:57:08,319 [INFO] [btc-updown-15m-1765737900] IDLE | T-172s
  YES: bid=0.970 ask=0.980 | NO: bid=0.020 ask=0.030
  q_yes=0.00 q_no=2580.00 | avg_yes=0.000 avg_no=0.026
  exposure=$66.00 | mtm_pnl=$-14.40 | locked=$+0.00
  exposure=$66.00 | mtm_pnl=$-14.40 | locked=$+0.00
  orders: 0 | fills: 0 ()
2025-12-14 19:57:11,127 [INFO] [btc-updown-15m-1765737900] IDLE | T-169s
  YES: bid=0.970 ask=0.980 | NO: bid=0.020 ask=0.030
  q_yes=0.00 q_no=2580.00 | avg_yes=0.000 avg_no=0.026
  exposure=$66.00 | mtm_pnl=$-14.40 | locked=$+0.00
  exposure=$66.00 | mtm_pnl=$-14.40 | locked=$+0.00
  orders: 0 | fills: 0 ()
2025-12-14 19:57:13,950 [INFO] [btc-updown-15m-1765737900] IDLE | T-166s
  YES: bid=0.960 ask=0.980 | NO: bid=0.020 ask=0.040
  q_yes=0.00 q_no=2580.00 | avg_yes=0.000 avg_no=0.026
  exposure=$66.00 | mtm_pnl=$-14.40 | locked=$+0.00
  exposure=$66.00 | mtm_pnl=$-14.40 | locked=$+0.00
  orders: 0 | fills: 0 ()
2025-12-14 19:57:13,950 [INFO] --- HEARTBEAT (Cycle 2.72s) ---
2025-12-14 19:57:13,950 [INFO]    [btc-updown-15m-1765737900] ACCUMULATE | Rem: 167s | Orders: 0
2025-12-14 19:57:16,993 [INFO] [btc-updown-15m-1765737900] IDLE | T-164s
  YES: bid=0.960 ask=0.980 | NO: bid=0.020 ask=0.040
  q_yes=0.00 q_no=2580.00 | avg_yes=0.000 avg_no=0.026
  exposure=$66.00 | mtm_pnl=$-14.40 | locked=$+0.00
  exposure=$66.00 | mtm_pnl=$-14.40 | locked=$+0.00
  orders: 0 | fills: 0 ()
2025-12-14 19:57:19,679 [INFO] [btc-updown-15m-1765737900] IDLE | T-161s
  YES: bid=0.960 ask=0.980 | NO: bid=0.020 ask=0.040
  q_yes=0.00 q_no=2580.00 | avg_yes=0.000 avg_no=0.026
  exposure=$66.00 | mtm_pnl=$-14.40 | locked=$+0.00
  exposure=$66.00 | mtm_pnl=$-14.40 | locked=$+0.00
  orders: 0 | fills: 0 ()
2025-12-14 19:57:22,385 [INFO] [btc-updown-15m-1765737900] IDLE | T-158s
  YES: bid=0.960 ask=0.980 | NO: bid=0.020 ask=0.040
  q_yes=0.00 q_no=2580.00 | avg_yes=0.000 avg_no=0.026
  exposure=$66.00 | mtm_pnl=$-14.40 | locked=$+0.00
  exposure=$66.00 | mtm_pnl=$-14.40 | locked=$+0.00
  orders: 0 | fills: 0 ()
2025-12-14 19:57:24,995 [INFO] [btc-updown-15m-1765737900] IDLE | T-155s
  YES: bid=0.960 ask=0.980 | NO: bid=0.020 ask=0.040
  q_yes=0.00 q_no=2580.00 | avg_yes=0.000 avg_no=0.026
  exposure=$66.00 | mtm_pnl=$-14.40 | locked=$+0.00
  exposure=$66.00 | mtm_pnl=$-14.40 | locked=$+0.00
  orders: 0 | fills: 0 ()
2025-12-14 19:57:24,995 [INFO] --- HEARTBEAT (Cycle 2.51s) ---
2025-12-14 19:57:24,995 [INFO]    [btc-updown-15m-1765737900] ACCUMULATE | Rem: 156s | Orders: 0
2025-12-14 19:57:27,688 [INFO] [btc-updown-15m-1765737900] IDLE | T-153s
  YES: bid=0.960 ask=0.980 | NO: bid=0.020 ask=0.040
  q_yes=0.00 q_no=2580.00 | avg_yes=0.000 avg_no=0.026
  exposure=$66.00 | mtm_pnl=$-14.40 | locked=$+0.00
  exposure=$66.00 | mtm_pnl=$-14.40 | locked=$+0.00
  orders: 0 | fills: 0 ()
2025-12-14 19:57:31,436 [INFO] [btc-updown-15m-1765737900] IDLE | T-149s
  YES: bid=0.960 ask=0.980 | NO: bid=0.020 ask=0.040
  q_yes=0.00 q_no=2580.00 | avg_yes=0.000 avg_no=0.026
  exposure=$66.00 | mtm_pnl=$-14.40 | locked=$+0.00
  exposure=$66.00 | mtm_pnl=$-14.40 | locked=$+0.00
  orders: 0 | fills: 0 ()
2025-12-14 19:57:34,153 [INFO] [btc-updown-15m-1765737900] IDLE | T-146s
  YES: bid=0.960 ask=0.980 | NO: bid=0.020 ask=0.040
  q_yes=0.00 q_no=2580.00 | avg_yes=0.000 avg_no=0.026
  exposure=$66.00 | mtm_pnl=$-14.40 | locked=$+0.00
  exposure=$66.00 | mtm_pnl=$-14.40 | locked=$+0.00
  orders: 0 | fills: 0 ()
2025-12-14 19:57:36,810 [INFO] [FILL APPLIED] btc-updown-15m-1765737900 | BUY NO 75.00 @ 0.020 | Inv: Y=0.0 N=2655.0 Exp=$67.50
2025-12-14 19:57:36,810 [INFO] [DRY RUN] [93mSIMULATED FILL[0m: BUY NO 75.0 @ 0.02
2025-12-14 19:57:36,810 [INFO] [btc-updown-15m-1765737900] IDLE | T-143s
  YES: bid=0.960 ask=0.980 | NO: bid=0.030 ask=0.040
  q_yes=0.00 q_no=2580.00 | avg_yes=0.000 avg_no=0.026
  exposure=$66.00 | mtm_pnl=$+11.40 | locked=$+0.00
  exposure=$66.00 | mtm_pnl=$+11.40 | locked=$+0.00
  orders: 0 | fills: 0 ()
2025-12-14 19:57:36,811 [INFO] --- HEARTBEAT (Cycle 2.56s) ---
2025-12-14 19:57:36,811 [INFO]    [btc-updown-15m-1765737900] ACCUMULATE | Rem: 144s | Orders: 0
2025-12-14 19:57:39,577 [INFO] [FILL APPLIED] btc-updown-15m-1765737900 | BUY NO 75.00 @ 0.020 | Inv: Y=0.0 N=2730.0 Exp=$69.00
2025-12-14 19:57:39,578 [INFO] [DRY RUN] [93mSIMULATED FILL[0m: BUY NO 75.0 @ 0.02
2025-12-14 19:57:39,578 [INFO] [btc-updown-15m-1765737900] IDLE | T-141s
  YES: bid=0.960 ask=0.970 | NO: bid=0.030 ask=0.040
  q_yes=0.00 q_no=2655.00 | avg_yes=0.000 avg_no=0.025
  exposure=$67.50 | mtm_pnl=$+12.15 | locked=$+1.00
  exposure=$67.50 | mtm_pnl=$+12.15 | locked=$+1.00
  orders: 0 | fills: 0 ()
2025-12-14 19:57:42,334 [INFO] [FILL APPLIED] btc-updown-15m-1765737900 | BUY NO 75.00 @ 0.020 | Inv: Y=0.0 N=2805.0 Exp=$70.50
2025-12-14 19:57:42,335 [INFO] [DRY RUN] [93mSIMULATED FILL[0m: BUY NO 75.0 @ 0.02
2025-12-14 19:57:42,335 [INFO] [btc-updown-15m-1765737900] IDLE | T-138s
  YES: bid=0.960 ask=0.970 | NO: bid=0.030 ask=0.040
  q_yes=0.00 q_no=2730.00 | avg_yes=0.000 avg_no=0.025
  exposure=$69.00 | mtm_pnl=$+12.90 | locked=$+1.00
  exposure=$69.00 | mtm_pnl=$+12.90 | locked=$+1.00
  orders: 0 | fills: 0 ()
2025-12-14 19:57:44,953 [INFO] [FILL APPLIED] btc-updown-15m-1765737900 | BUY NO 75.00 @ 0.020 | Inv: Y=0.0 N=2880.0 Exp=$72.00
2025-12-14 19:57:44,954 [INFO] [DRY RUN] [93mSIMULATED FILL[0m: BUY NO 75.0 @ 0.02
2025-12-14 19:57:44,954 [INFO] [btc-updown-15m-1765737900] IDLE | T-135s
  YES: bid=0.960 ask=0.970 | NO: bid=0.030 ask=0.040
  q_yes=0.00 q_no=2805.00 | avg_yes=0.000 avg_no=0.025
  exposure=$70.50 | mtm_pnl=$+13.65 | locked=$+1.00
  exposure=$70.50 | mtm_pnl=$+13.65 | locked=$+1.00
  orders: 0 | fills: 0 ()
2025-12-14 19:57:47,581 [INFO] [btc-updown-15m-1765737900] IDLE | T-133s
  YES: bid=0.960 ask=0.980 | NO: bid=0.020 ask=0.040
  q_yes=0.00 q_no=2880.00 | avg_yes=0.000 avg_no=0.025
  exposure=$72.00 | mtm_pnl=$-14.40 | locked=$+0.00
  exposure=$72.00 | mtm_pnl=$-14.40 | locked=$+0.00
  orders: 0 | fills: 0 ()
2025-12-14 19:57:47,581 [INFO] --- HEARTBEAT (Cycle 2.53s) ---
2025-12-14 19:57:47,582 [INFO]    [btc-updown-15m-1765737900] ACCUMULATE | Rem: 133s | Orders: 0
2025-12-14 19:57:50,211 [INFO] [FILL APPLIED] btc-updown-15m-1765737900 | BUY NO 75.00 @ 0.020 | Inv: Y=0.0 N=2955.0 Exp=$73.50
2025-12-14 19:57:50,211 [INFO] [DRY RUN] [93mSIMULATED FILL[0m: BUY NO 75.0 @ 0.02
2025-12-14 19:57:50,211 [INFO] [btc-updown-15m-1765737900] IDLE | T-130s
  YES: bid=0.950 ask=0.960 | NO: bid=0.030 ask=0.040
  q_yes=0.00 q_no=2880.00 | avg_yes=0.000 avg_no=0.025
  exposure=$72.00 | mtm_pnl=$+14.40 | locked=$+1.00
  exposure=$72.00 | mtm_pnl=$+14.40 | locked=$+1.00
  orders: 0 | fills: 0 ()
2025-12-14 19:57:52,874 [INFO] [btc-updown-15m-1765737900] IDLE | T-127s
  YES: bid=0.960 ask=0.980 | NO: bid=0.020 ask=0.040
  q_yes=0.00 q_no=2955.00 | avg_yes=0.000 avg_no=0.025
  exposure=$73.50 | mtm_pnl=$-14.40 | locked=$+0.00
  exposure=$73.50 | mtm_pnl=$-14.40 | locked=$+0.00
  orders: 0 | fills: 0 ()
2025-12-14 19:57:55,864 [INFO] [btc-updown-15m-1765737900] IDLE | T-125s
  YES: bid=0.960 ask=0.980 | NO: bid=0.020 ask=0.040
  q_yes=0.00 q_no=2955.00 | avg_yes=0.000 avg_no=0.025
  exposure=$73.50 | mtm_pnl=$-14.40 | locked=$+0.00
  exposure=$73.50 | mtm_pnl=$-14.40 | locked=$+0.00
  orders: 0 | fills: 0 ()
2025-12-14 19:57:58,516 [INFO] [btc-updown-15m-1765737900] IDLE | T-122s
  YES: bid=0.970 ask=0.980 | NO: bid=0.020 ask=0.030
  q_yes=0.00 q_no=2955.00 | avg_yes=0.000 avg_no=0.025
  exposure=$73.50 | mtm_pnl=$-14.40 | locked=$+0.00
  exposure=$73.50 | mtm_pnl=$-14.40 | locked=$+0.00
  orders: 0 | fills: 0 ()
2025-12-14 19:57:58,516 [INFO] --- HEARTBEAT (Cycle 2.55s) ---
2025-12-14 19:57:58,517 [INFO]    [btc-updown-15m-1765737900] ACCUMULATE | Rem: 122s | Orders: 0
2025-12-14 19:58:01,177 [INFO] [btc-updown-15m-1765737900] IDLE | T-119s
  YES: bid=0.980 ask=0.990 | NO: bid=0.010 ask=0.020
  q_yes=0.00 q_no=2955.00 | avg_yes=0.000 avg_no=0.025
  exposure=$73.50 | mtm_pnl=$-43.95 | locked=$+0.00
  exposure=$73.50 | mtm_pnl=$-43.95 | locked=$+0.00
  orders: 0 | fills: 0 ()
2025-12-14 19:58:03,828 [INFO] [btc-updown-15m-1765737900] IDLE | T-116s
  YES: bid=0.980 ask=0.990 | NO: bid=0.010 ask=0.020
  q_yes=0.00 q_no=2955.00 | avg_yes=0.000 avg_no=0.025
  exposure=$73.50 | mtm_pnl=$-43.95 | locked=$+0.00
  exposure=$73.50 | mtm_pnl=$-43.95 | locked=$+0.00
  orders: 0 | fills: 0 ()
2025-12-14 19:58:06,489 [INFO] [btc-updown-15m-1765737900] IDLE | T-114s
  YES: bid=0.980 ask=0.990 | NO: bid=0.010 ask=0.020
  q_yes=0.00 q_no=2955.00 | avg_yes=0.000 avg_no=0.025
  exposure=$73.50 | mtm_pnl=$-43.95 | locked=$+0.00
  exposure=$73.50 | mtm_pnl=$-43.95 | locked=$+0.00
  orders: 0 | fills: 0 ()
2025-12-14 19:58:09,333 [INFO] [btc-updown-15m-1765737900] IDLE | T-111s
  YES: bid=0.980 ask=0.990 | NO: bid=0.010 ask=0.020
  q_yes=0.00 q_no=2955.00 | avg_yes=0.000 avg_no=0.025
  exposure=$73.50 | mtm_pnl=$-43.95 | locked=$+0.00
  exposure=$73.50 | mtm_pnl=$-43.95 | locked=$+0.00
  orders: 0 | fills: 0 ()
2025-12-14 19:58:09,334 [INFO] --- HEARTBEAT (Cycle 2.74s) ---
2025-12-14 19:58:09,334 [INFO]    [btc-updown-15m-1765737900] ACCUMULATE | Rem: 111s | Orders: 0
2025-12-14 19:58:12,510 [INFO] [btc-updown-15m-1765737900] IDLE | T-108s
  YES: bid=0.980 ask=0.990 | NO: bid=0.010 ask=0.020
  q_yes=0.00 q_no=2955.00 | avg_yes=0.000 avg_no=0.025
  exposure=$73.50 | mtm_pnl=$-43.95 | locked=$+0.00
  exposure=$73.50 | mtm_pnl=$-43.95 | locked=$+0.00
  orders: 0 | fills: 0 ()
2025-12-14 19:58:15,313 [INFO] [btc-updown-15m-1765737900] IDLE | T-105s
  YES: bid=0.980 ask=0.990 | NO: bid=0.010 ask=0.020
  q_yes=0.00 q_no=2955.00 | avg_yes=0.000 avg_no=0.025
  exposure=$73.50 | mtm_pnl=$-43.95 | locked=$+0.00
  exposure=$73.50 | mtm_pnl=$-43.95 | locked=$+0.00
  orders: 0 | fills: 0 ()
2025-12-14 19:58:18,013 [INFO] [btc-updown-15m-1765737900] ACCUMULATE -> HEDGE (Hedging trigger: Need 2955.0 YES)
2025-12-14 19:58:18,013 [INFO] [FILL APPLIED] btc-updown-15m-1765737900 | BUY YES 3.33 @ 0.450 | Inv: Y=3.3 N=2955.0 Exp=$75.00
2025-12-14 19:58:18,013 [INFO] [DRY RUN] [93mSIMULATED FILL[0m: BUY YES 3.33 @ 0.45
2025-12-14 19:58:18,013 [INFO] [btc-updown-15m-1765737900] IDLE | T-102s
  YES: bid=0.990 ask=0.000 | NO: bid=0.000 ask=0.010
  q_yes=0.00 q_no=2955.00 | avg_yes=0.000 avg_no=0.025
  exposure=$73.50 | mtm_pnl=$-73.50 | locked=$+0.00
  exposure=$73.50 | mtm_pnl=$-73.50 | locked=$+0.00
  orders: 0 | fills: 0 ()
2025-12-14 19:58:20,671 [INFO] [FILL APPLIED] btc-updown-15m-1765737900 | BUY YES 3.33 @ 0.450 | Inv: Y=6.7 N=2955.0 Exp=$76.50
2025-12-14 19:58:20,672 [INFO] [DRY RUN] [93mSIMULATED FILL[0m: BUY YES 3.33 @ 0.45
2025-12-14 19:58:20,672 [INFO] [btc-updown-15m-1765737900] IDLE | T-100s
  YES: bid=0.990 ask=0.000 | NO: bid=0.000 ask=0.010
  q_yes=3.33 q_no=2955.00 | avg_yes=0.450 avg_no=0.025
  exposure=$75.00 | mtm_pnl=$-71.70 | locked=$+0.00
  exposure=$75.00 | mtm_pnl=$-71.70 | locked=$+0.00
  orders: 0 | fills: 0 ()
2025-12-14 19:58:20,672 [INFO] --- HEARTBEAT (Cycle 2.56s) ---
2025-12-14 19:58:20,673 [INFO]    [btc-updown-15m-1765737900] HEDGE | Rem: 100s | Orders: 0
2025-12-14 19:58:23,315 [INFO] [FILL APPLIED] btc-updown-15m-1765737900 | BUY YES 3.33 @ 0.450 | Inv: Y=10.0 N=2955.0 Exp=$78.00
2025-12-14 19:58:23,315 [INFO] [DRY RUN] [93mSIMULATED FILL[0m: BUY YES 3.33 @ 0.45
2025-12-14 19:58:23,315 [INFO] [btc-updown-15m-1765737900] IDLE | T-97s
  YES: bid=0.990 ask=0.000 | NO: bid=0.000 ask=0.010
  q_yes=6.66 q_no=2955.00 | avg_yes=0.450 avg_no=0.025
  exposure=$76.50 | mtm_pnl=$-69.90 | locked=$+0.00
  exposure=$76.50 | mtm_pnl=$-69.90 | locked=$+0.00
  orders: 0 | fills: 0 ()
2025-12-14 19:58:25,958 [INFO] [FILL APPLIED] btc-updown-15m-1765737900 | BUY YES 3.33 @ 0.450 | Inv: Y=13.3 N=2955.0 Exp=$79.49
2025-12-14 19:58:25,958 [INFO] [DRY RUN] [93mSIMULATED FILL[0m: BUY YES 3.33 @ 0.45
2025-12-14 19:58:25,958 [INFO] [btc-updown-15m-1765737900] IDLE | T-94s
  YES: bid=0.990 ask=0.000 | NO: bid=0.000 ask=0.010
  q_yes=9.99 q_no=2955.00 | avg_yes=0.450 avg_no=0.025
  exposure=$78.00 | mtm_pnl=$-68.11 | locked=$+0.00
  exposure=$78.00 | mtm_pnl=$-68.11 | locked=$+0.00
  orders: 0 | fills: 0 ()
2025-12-14 19:58:28,674 [INFO] [FILL APPLIED] btc-updown-15m-1765737900 | BUY YES 3.33 @ 0.450 | Inv: Y=16.6 N=2955.0 Exp=$80.99
2025-12-14 19:58:28,674 [INFO] [DRY RUN] [93mSIMULATED FILL[0m: BUY YES 3.33 @ 0.45
2025-12-14 19:58:28,675 [INFO] [btc-updown-15m-1765737900] IDLE | T-92s
  YES: bid=0.990 ask=0.000 | NO: bid=0.000 ask=0.010
  q_yes=13.32 q_no=2955.00 | avg_yes=0.450 avg_no=0.025
  exposure=$79.49 | mtm_pnl=$-66.31 | locked=$+0.00
  exposure=$79.49 | mtm_pnl=$-66.31 | locked=$+0.00
  orders: 0 | fills: 0 ()
2025-12-14 19:58:31,466 [INFO] [FILL APPLIED] btc-updown-15m-1765737900 | BUY YES 3.33 @ 0.450 | Inv: Y=20.0 N=2955.0 Exp=$82.49
2025-12-14 19:58:31,467 [INFO] [DRY RUN] [93mSIMULATED FILL[0m: BUY YES 3.33 @ 0.45
2025-12-14 19:58:31,467 [INFO] [btc-updown-15m-1765737900] IDLE | T-89s
  YES: bid=0.990 ask=0.000 | NO: bid=0.000 ask=0.010
  q_yes=16.65 q_no=2955.00 | avg_yes=0.450 avg_no=0.025
  exposure=$80.99 | mtm_pnl=$-64.51 | locked=$+0.00
  exposure=$80.99 | mtm_pnl=$-64.51 | locked=$+0.00
  orders: 0 | fills: 0 ()
2025-12-14 19:58:31,467 [INFO] --- HEARTBEAT (Cycle 2.69s) ---
2025-12-14 19:58:31,467 [INFO]    [btc-updown-15m-1765737900] HEDGE | Rem: 89s | Orders: 0
2025-12-14 19:58:34,202 [INFO] [FILL APPLIED] btc-updown-15m-1765737900 | BUY YES 3.33 @ 0.450 | Inv: Y=23.3 N=2955.0 Exp=$83.99
2025-12-14 19:58:34,202 [INFO] [DRY RUN] [93mSIMULATED FILL[0m: BUY YES 3.33 @ 0.45
2025-12-14 19:58:34,203 [INFO] [btc-updown-15m-1765737900] IDLE | T-86s
  YES: bid=0.990 ask=0.000 | NO: bid=0.000 ask=0.010
  q_yes=19.98 q_no=2955.00 | avg_yes=0.450 avg_no=0.025
  exposure=$82.49 | mtm_pnl=$-62.71 | locked=$+0.00
  exposure=$82.49 | mtm_pnl=$-62.71 | locked=$+0.00
  orders: 0 | fills: 0 ()
2025-12-14 19:58:36,887 [INFO] [FILL APPLIED] btc-updown-15m-1765737900 | BUY YES 3.33 @ 0.450 | Inv: Y=26.6 N=2955.0 Exp=$85.49
2025-12-14 19:58:36,887 [INFO] [DRY RUN] [93mSIMULATED FILL[0m: BUY YES 3.33 @ 0.45
2025-12-14 19:58:36,887 [INFO] [btc-updown-15m-1765737900] IDLE | T-83s
  YES: bid=0.990 ask=0.000 | NO: bid=0.000 ask=0.010
  q_yes=23.31 q_no=2955.00 | avg_yes=0.450 avg_no=0.025
  exposure=$83.99 | mtm_pnl=$-60.91 | locked=$+0.00
  exposure=$83.99 | mtm_pnl=$-60.91 | locked=$+0.00
  orders: 0 | fills: 0 ()
2025-12-14 19:58:39,625 [INFO] [FILL APPLIED] btc-updown-15m-1765737900 | BUY YES 3.33 @ 0.450 | Inv: Y=30.0 N=2955.0 Exp=$86.99
2025-12-14 19:58:39,626 [INFO] [DRY RUN] [93mSIMULATED FILL[0m: BUY YES 3.33 @ 0.45
2025-12-14 19:58:39,626 [INFO] [btc-updown-15m-1765737900] IDLE | T-81s
  YES: bid=0.990 ask=0.000 | NO: bid=0.000 ask=0.010
  q_yes=26.64 q_no=2955.00 | avg_yes=0.450 avg_no=0.025
  exposure=$85.49 | mtm_pnl=$-59.11 | locked=$+0.00
  exposure=$85.49 | mtm_pnl=$-59.11 | locked=$+0.00
  orders: 0 | fills: 0 ()
2025-12-14 19:58:42,289 [INFO] [FILL APPLIED] btc-updown-15m-1765737900 | BUY YES 3.33 @ 0.450 | Inv: Y=33.3 N=2955.0 Exp=$88.48
2025-12-14 19:58:42,289 [INFO] [DRY RUN] [93mSIMULATED FILL[0m: BUY YES 3.33 @ 0.45
2025-12-14 19:58:42,290 [INFO] [btc-updown-15m-1765737900] IDLE | T-78s
  YES: bid=0.990 ask=0.000 | NO: bid=0.000 ask=0.010
  q_yes=29.97 q_no=2955.00 | avg_yes=0.450 avg_no=0.025
  exposure=$86.99 | mtm_pnl=$-57.32 | locked=$+0.00
  exposure=$86.99 | mtm_pnl=$-57.32 | locked=$+0.00
  orders: 0 | fills: 0 ()
2025-12-14 19:58:42,290 [INFO] --- HEARTBEAT (Cycle 2.56s) ---
2025-12-14 19:58:42,291 [INFO]    [btc-updown-15m-1765737900] HEDGE | Rem: 78s | Orders: 0
2025-12-14 19:58:44,972 [INFO] [FILL APPLIED] btc-updown-15m-1765737900 | BUY YES 3.33 @ 0.450 | Inv: Y=36.6 N=2955.0 Exp=$89.98
2025-12-14 19:58:44,972 [INFO] [DRY RUN] [93mSIMULATED FILL[0m: BUY YES 3.33 @ 0.45
2025-12-14 19:58:44,974 [INFO] [btc-updown-15m-1765737900] IDLE | T-75s
  YES: bid=0.990 ask=0.000 | NO: bid=0.000 ask=0.010
  q_yes=33.30 q_no=2955.00 | avg_yes=0.450 avg_no=0.025
  exposure=$88.48 | mtm_pnl=$-55.52 | locked=$+0.00
  exposure=$88.48 | mtm_pnl=$-55.52 | locked=$+0.00
  orders: 0 | fills: 0 ()
2025-12-14 19:58:47,582 [INFO] [FILL APPLIED] btc-updown-15m-1765737900 | BUY YES 3.33 @ 0.450 | Inv: Y=40.0 N=2955.0 Exp=$91.48
2025-12-14 19:58:47,583 [INFO] [DRY RUN] [93mSIMULATED FILL[0m: BUY YES 3.33 @ 0.45
2025-12-14 19:58:47,583 [INFO] [btc-updown-15m-1765737900] IDLE | T-73s
  YES: bid=0.990 ask=0.000 | NO: bid=0.000 ask=0.010
  q_yes=36.63 q_no=2955.00 | avg_yes=0.450 avg_no=0.025
  exposure=$89.98 | mtm_pnl=$-53.72 | locked=$+0.00
  exposure=$89.98 | mtm_pnl=$-53.72 | locked=$+0.00
  orders: 0 | fills: 0 ()
2025-12-14 19:58:50,365 [INFO] [FILL APPLIED] btc-updown-15m-1765737900 | BUY YES 3.33 @ 0.450 | Inv: Y=43.3 N=2955.0 Exp=$92.98
2025-12-14 19:58:50,366 [INFO] [DRY RUN] [93mSIMULATED FILL[0m: BUY YES 3.33 @ 0.45
2025-12-14 19:58:50,367 [INFO] [btc-updown-15m-1765737900] IDLE | T-70s
  YES: bid=0.990 ask=0.000 | NO: bid=0.000 ask=0.010
  q_yes=39.96 q_no=2955.00 | avg_yes=0.450 avg_no=0.025
  exposure=$91.48 | mtm_pnl=$-51.92 | locked=$+0.00
  exposure=$91.48 | mtm_pnl=$-51.92 | locked=$+0.00
  orders: 0 | fills: 0 ()
2025-12-14 19:58:53,171 [INFO] [FILL APPLIED] btc-updown-15m-1765737900 | BUY YES 3.33 @ 0.450 | Inv: Y=46.6 N=2955.0 Exp=$94.48
2025-12-14 19:58:53,171 [INFO] [DRY RUN] [93mSIMULATED FILL[0m: BUY YES 3.33 @ 0.45
2025-12-14 19:58:53,172 [INFO] [btc-updown-15m-1765737900] IDLE | T-67s
  YES: bid=0.990 ask=0.000 | NO: bid=0.000 ask=0.010
  q_yes=43.29 q_no=2955.00 | avg_yes=0.450 avg_no=0.025
  exposure=$92.98 | mtm_pnl=$-50.12 | locked=$+0.00
  exposure=$92.98 | mtm_pnl=$-50.12 | locked=$+0.00
  orders: 0 | fills: 0 ()
2025-12-14 19:58:53,172 [INFO] --- HEARTBEAT (Cycle 2.70s) ---
2025-12-14 19:58:53,172 [INFO]    [btc-updown-15m-1765737900] HEDGE | Rem: 68s | Orders: 0
2025-12-14 19:58:55,868 [INFO] [FILL APPLIED] btc-updown-15m-1765737900 | BUY YES 3.33 @ 0.450 | Inv: Y=49.9 N=2955.0 Exp=$95.98
2025-12-14 19:58:55,868 [INFO] [DRY RUN] [93mSIMULATED FILL[0m: BUY YES 3.33 @ 0.45
2025-12-14 19:58:55,869 [INFO] [btc-updown-15m-1765737900] IDLE | T-64s
  YES: bid=0.990 ask=0.000 | NO: bid=0.000 ask=0.010
  q_yes=46.62 q_no=2955.00 | avg_yes=0.450 avg_no=0.025
  exposure=$94.48 | mtm_pnl=$-48.33 | locked=$+0.00
  exposure=$94.48 | mtm_pnl=$-48.33 | locked=$+0.00
  orders: 0 | fills: 0 ()
2025-12-14 19:58:58,562 [INFO] [FILL APPLIED] btc-updown-15m-1765737900 | BUY YES 3.33 @ 0.450 | Inv: Y=53.3 N=2955.0 Exp=$97.48
2025-12-14 19:58:58,562 [INFO] [DRY RUN] [93mSIMULATED FILL[0m: BUY YES 3.33 @ 0.45
2025-12-14 19:58:58,563 [INFO] [btc-updown-15m-1765737900] IDLE | T-62s
  YES: bid=0.990 ask=0.000 | NO: bid=0.000 ask=0.010
  q_yes=49.95 q_no=2955.00 | avg_yes=0.450 avg_no=0.025
  exposure=$95.98 | mtm_pnl=$-46.53 | locked=$+0.00
  exposure=$95.98 | mtm_pnl=$-46.53 | locked=$+0.00
  orders: 0 | fills: 0 ()
2025-12-14 19:59:01,240 [INFO] [btc-updown-15m-1765737900] HEDGE -> STOPPED (FORCE EXIT (T-59s))
2025-12-14 19:59:01,240 [INFO] [FILL APPLIED] btc-updown-15m-1765737900 | SELL YES 53.28 @ 0.990 | Inv: Y=0.0 N=2955.0 Exp=$73.50
2025-12-14 19:59:01,240 [INFO] [DRY RUN] [93mSIMULATED FILL[0m: SELL YES 53.27999999999998 @ 0.99
2025-12-14 19:59:01,240 [INFO] [DRY RUN] [93mSIMULATED FILL[0m: SELL NO 2955.0 @ 0.01
2025-12-14 19:59:01,240 [INFO] [btc-updown-15m-1765737900] IDLE | T-59s
  YES: bid=0.990 ask=0.000 | NO: bid=0.000 ask=0.010
  q_yes=53.28 q_no=2955.00 | avg_yes=0.450 avg_no=0.025
  exposure=$97.48 | mtm_pnl=$-44.73 | locked=$+0.00
  exposure=$97.48 | mtm_pnl=$-44.73 | locked=$+0.00
  orders: 0 | fills: 0 ()
2025-12-14 19:59:04,281 [INFO] [FILL APPLIED] btc-updown-15m-1765737900 | SELL NO 2955.00 @ 0.010 | Inv: Y=0.0 N=0.0 Exp=$0.00
2025-12-14 19:59:04,282 [INFO] [DRY RUN] [93mSIMULATED FILL[0m: SELL NO 2955.0 @ 0.01
2025-12-14 19:59:04,282 [INFO] --- HEARTBEAT (Cycle 2.94s) ---
2025-12-14 19:59:04,282 [INFO]    [btc-updown-15m-1765737900] STOPPED | Rem: 56s | Orders: 0
2025-12-14 19:59:15,049 [INFO] --- HEARTBEAT (Cycle 2.54s) ---
2025-12-14 19:59:15,049 [INFO]    [btc-updown-15m-1765737900] STOPPED | Rem: 46s | Orders: 0
2025-12-14 19:59:17,082 [INFO] Market btc-updown-15m-1765737900 ending (T-42s). Triggering Rotation...
2025-12-14 19:59:17,082 [INFO] Rotation: Waiting 5s before scanning new market...
2025-12-14 19:59:22,083 [INFO] >>> STARTING ROTATION CYCLE: Scanning for active BTC market... <<<
2025-12-14 19:59:22,822 [INFO] No active markets found (gap window?). Sleeping 10s and retrying...
2025-12-14 19:59:32,823 [INFO] >>> STARTING ROTATION CYCLE: Scanning for active BTC market... <<<
2025-12-14 19:59:33,738 [INFO] No active markets found (gap window?). Sleeping 10s and retrying...
2025-12-14 19:59:43,739 [INFO] >>> STARTING ROTATION CYCLE: Scanning for active BTC market... <<<
2025-12-14 19:59:44,446 [INFO] No active markets found (gap window?). Sleeping 10s and retrying...
2025-12-14 19:59:54,447 [INFO] >>> STARTING ROTATION CYCLE: Scanning for active BTC market... <<<
2025-12-14 19:59:55,130 [INFO] No active markets found (gap window?). Sleeping 10s and retrying...
2025-12-14 20:00:05,131 [INFO] >>> STARTING ROTATION CYCLE: Scanning for active BTC market... <<<
2025-12-14 20:00:05,818 [INFO] No active markets found (gap window?). Sleeping 10s and retrying...
2025-12-14 20:00:15,819 [INFO] >>> STARTING ROTATION CYCLE: Scanning for active BTC market... <<<
2025-12-14 20:00:16,506 [INFO] No active markets found (gap window?). Sleeping 10s and retrying...
2025-12-14 20:00:26,508 [INFO] >>> STARTING ROTATION CYCLE: Scanning for active BTC market... <<<
2025-12-14 20:00:27,200 [INFO] Tracking Market: btc-updown-15m-1765738800
2025-12-14 20:00:27,201 [INFO] Orchestrator initialized. Dry Run: True
2025-12-14 20:00:30,216 [INFO] [btc-updown-15m-1765738800] IDLE -> ACCUMULATE (Signal YES 0.39)
2025-12-14 20:00:30,217 [INFO] [FILL APPLIED] btc-updown-15m-1765738800 | BUY YES 4.17 @ 0.360 | Inv: Y=4.2 N=0.0 Exp=$1.50
2025-12-14 20:00:30,217 [INFO] [DRY RUN] [93mSIMULATED FILL[0m: BUY YES 4.17 @ 0.36
2025-12-14 20:00:30,217 [INFO] [DRY RUN] [93mSIMULATED FILL[0m: BUY YES 4.29 @ 0.35
2025-12-14 20:00:30,217 [INFO] [btc-updown-15m-1765738800] IDLE | T-870s
  YES: bid=0.370 ask=0.390 | NO: bid=0.610 ask=0.630
  q_yes=0.00 q_no=0.00 | avg_yes=0.000 avg_no=0.000
  exposure=$0.00 | mtm_pnl=$+0.00 | locked=$+0.00
  exposure=$0.00 | mtm_pnl=$+0.00 | locked=$+0.00
  orders: 0 | fills: 0 ()
2025-12-14 20:00:30,218 [INFO] --- HEARTBEAT (Cycle 3.02s) ---
2025-12-14 20:00:30,218 [INFO]    [btc-updown-15m-1765738800] ACCUMULATE | Rem: 870s | Orders: 0
2025-12-14 20:00:32,965 [INFO] [FILL APPLIED] btc-updown-15m-1765738800 | BUY YES 4.05 @ 0.370 | Inv: Y=8.2 N=0.0 Exp=$3.00
2025-12-14 20:00:32,965 [INFO] [DRY RUN] [93mSIMULATED FILL[0m: BUY YES 4.05 @ 0.37
2025-12-14 20:00:32,965 [INFO] [DRY RUN] [93mSIMULATED FILL[0m: BUY YES 4.17 @ 0.36
2025-12-14 20:00:32,965 [INFO] [btc-updown-15m-1765738800] IDLE | T-867s
  YES: bid=0.380 ask=0.390 | NO: bid=0.600 ask=0.610
  q_yes=4.17 q_no=0.00 | avg_yes=0.360 avg_no=0.000
  exposure=$1.50 | mtm_pnl=$+0.08 | locked=$+1.00
  exposure=$1.50 | mtm_pnl=$+0.08 | locked=$+1.00
  orders: 0 | fills: 0 ()
2025-12-14 20:00:35,532 [INFO] [FILL APPLIED] btc-updown-15m-1765738800 | BUY YES 3.95 @ 0.380 | Inv: Y=12.2 N=0.0 Exp=$4.50
2025-12-14 20:00:35,532 [INFO] [DRY RUN] [93mSIMULATED FILL[0m: BUY YES 3.95 @ 0.38
2025-12-14 20:00:35,532 [INFO] [DRY RUN] [93mSIMULATED FILL[0m: BUY YES 4.05 @ 0.37
2025-12-14 20:00:35,532 [INFO] [btc-updown-15m-1765738800] IDLE | T-865s
  YES: bid=0.390 ask=0.400 | NO: bid=0.600 ask=0.610
  q_yes=8.22 q_no=0.00 | avg_yes=0.365 avg_no=0.000
  exposure=$3.00 | mtm_pnl=$+0.21 | locked=$+1.00
  exposure=$3.00 | mtm_pnl=$+0.21 | locked=$+1.00
  orders: 0 | fills: 0 ()
2025-12-14 20:00:38,196 [INFO] [FILL APPLIED] btc-updown-15m-1765738800 | BUY YES 3.95 @ 0.380 | Inv: Y=16.1 N=0.0 Exp=$6.00
2025-12-14 20:00:38,196 [INFO] [DRY RUN] [93mSIMULATED FILL[0m: BUY YES 3.95 @ 0.38
2025-12-14 20:00:38,196 [INFO] [DRY RUN] [93mSIMULATED FILL[0m: BUY YES 4.05 @ 0.37
2025-12-14 20:00:38,197 [INFO] [btc-updown-15m-1765738800] IDLE | T-862s
  YES: bid=0.390 ask=0.400 | NO: bid=0.600 ask=0.610
  q_yes=12.17 q_no=0.00 | avg_yes=0.370 avg_no=0.000
  exposure=$4.50 | mtm_pnl=$+0.25 | locked=$+1.00
  exposure=$4.50 | mtm_pnl=$+0.25 | locked=$+1.00
  orders: 0 | fills: 0 ()
2025-12-14 20:00:40,783 [INFO] [FILL APPLIED] btc-updown-15m-1765738800 | BUY YES 4.05 @ 0.370 | Inv: Y=20.2 N=0.0 Exp=$7.50
2025-12-14 20:00:40,784 [INFO] [DRY RUN] [93mSIMULATED FILL[0m: BUY YES 4.05 @ 0.37
2025-12-14 20:00:40,784 [INFO] [FILL APPLIED] btc-updown-15m-1765738800 | BUY YES 4.17 @ 0.360 | Inv: Y=24.3 N=0.0 Exp=$9.00
2025-12-14 20:00:40,784 [INFO] [DRY RUN] [93mSIMULATED FILL[0m: BUY YES 4.17 @ 0.36
2025-12-14 20:00:40,785 [INFO] [btc-updown-15m-1765738800] IDLE | T-859s
  YES: bid=0.380 ask=0.390 | NO: bid=0.610 ask=0.620
  q_yes=16.12 q_no=0.00 | avg_yes=0.372 avg_no=0.000
  exposure=$6.00 | mtm_pnl=$+0.12 | locked=$+1.00
  exposure=$6.00 | mtm_pnl=$+0.12 | locked=$+1.00
  orders: 0 | fills: 0 ()
2025-12-14 20:00:40,785 [INFO] --- HEARTBEAT (Cycle 2.49s) ---
2025-12-14 20:00:40,786 [INFO]    [btc-updown-15m-1765738800] ACCUMULATE | Rem: 860s | Orders: 0
2025-12-14 20:00:43,353 [INFO] [FILL APPLIED] btc-updown-15m-1765738800 | BUY YES 4.05 @ 0.370 | Inv: Y=28.4 N=0.0 Exp=$10.50
2025-12-14 20:00:43,353 [INFO] [DRY RUN] [93mSIMULATED FILL[0m: BUY YES 4.05 @ 0.37
2025-12-14 20:00:43,353 [INFO] [FILL APPLIED] btc-updown-15m-1765738800 | BUY YES 4.17 @ 0.360 | Inv: Y=32.6 N=0.0 Exp=$12.00
2025-12-14 20:00:43,353 [INFO] [DRY RUN] [93mSIMULATED FILL[0m: BUY YES 4.17 @ 0.36
2025-12-14 20:00:43,353 [INFO] [btc-updown-15m-1765738800] IDLE | T-857s
  YES: bid=0.380 ask=0.390 | NO: bid=0.610 ask=0.620
  q_yes=24.34 q_no=0.00 | avg_yes=0.370 avg_no=0.000
  exposure=$9.00 | mtm_pnl=$+0.25 | locked=$+1.00
  exposure=$9.00 | mtm_pnl=$+0.25 | locked=$+1.00
  orders: 0 | fills: 0 ()
2025-12-14 20:00:45,939 [INFO] [FILL APPLIED] btc-updown-15m-1765738800 | BUY YES 4.05 @ 0.370 | Inv: Y=36.6 N=0.0 Exp=$13.50
2025-12-14 20:00:45,939 [INFO] [DRY RUN] [93mSIMULATED FILL[0m: BUY YES 4.05 @ 0.37
2025-12-14 20:00:45,939 [INFO] [DRY RUN] [93mSIMULATED FILL[0m: BUY YES 4.17 @ 0.36
2025-12-14 20:00:45,939 [INFO] [btc-updown-15m-1765738800] IDLE | T-854s
  YES: bid=0.380 ask=0.390 | NO: bid=0.610 ask=0.620
  q_yes=32.56 q_no=0.00 | avg_yes=0.369 avg_no=0.000
  exposure=$12.00 | mtm_pnl=$+0.37 | locked=$+1.00
  exposure=$12.00 | mtm_pnl=$+0.37 | locked=$+1.00
  orders: 0 | fills: 0 ()
2025-12-14 20:00:48,666 [INFO] [FILL APPLIED] btc-updown-15m-1765738800 | BUY YES 4.55 @ 0.330 | Inv: Y=41.2 N=0.0 Exp=$15.00
2025-12-14 20:00:48,666 [INFO] [DRY RUN] [93mSIMULATED FILL[0m: BUY YES 4.55 @ 0.33
2025-12-14 20:00:48,666 [INFO] [DRY RUN] [93mSIMULATED FILL[0m: BUY YES 4.69 @ 0.32
2025-12-14 20:00:48,666 [INFO] [btc-updown-15m-1765738800] IDLE | T-852s
  YES: bid=0.340 ask=0.350 | NO: bid=0.650 ask=0.660
  q_yes=36.61 q_no=0.00 | avg_yes=0.369 avg_no=0.000
  exposure=$13.50 | mtm_pnl=$-1.05 | locked=$+0.00
  exposure=$13.50 | mtm_pnl=$-1.05 | locked=$+0.00
  orders: 0 | fills: 0 ()
2025-12-14 20:00:51,332 [INFO] [FILL APPLIED] btc-updown-15m-1765738800 | BUY YES 4.41 @ 0.340 | Inv: Y=45.6 N=0.0 Exp=$16.50
2025-12-14 20:00:51,332 [INFO] [DRY RUN] [93mSIMULATED FILL[0m: BUY YES 4.41 @ 0.34
2025-12-14 20:00:51,333 [INFO] [FILL APPLIED] btc-updown-15m-1765738800 | BUY YES 4.55 @ 0.330 | Inv: Y=50.1 N=0.0 Exp=$18.00
2025-12-14 20:00:51,333 [INFO] [DRY RUN] [93mSIMULATED FILL[0m: BUY YES 4.55 @ 0.33
2025-12-14 20:00:51,333 [INFO] [btc-updown-15m-1765738800] IDLE | T-849s
  YES: bid=0.350 ask=0.360 | NO: bid=0.640 ask=0.650
  q_yes=41.16 q_no=0.00 | avg_yes=0.364 avg_no=0.000
  exposure=$15.00 | mtm_pnl=$-0.60 | locked=$+0.00
  exposure=$15.00 | mtm_pnl=$-0.60 | locked=$+0.00
  orders: 0 | fills: 0 ()
2025-12-14 20:00:51,333 [INFO] --- HEARTBEAT (Cycle 2.57s) ---
2025-12-14 20:00:51,333 [INFO]    [btc-updown-15m-1765738800] ACCUMULATE | Rem: 849s | Orders: 0
2025-12-14 20:00:54,121 [INFO] [FILL APPLIED] btc-updown-15m-1765738800 | BUY YES 4.17 @ 0.360 | Inv: Y=54.3 N=0.0 Exp=$19.50
2025-12-14 20:00:54,121 [INFO] [DRY RUN] [93mSIMULATED FILL[0m: BUY YES 4.17 @ 0.36
2025-12-14 20:00:54,121 [INFO] [DRY RUN] [93mSIMULATED FILL[0m: BUY YES 4.29 @ 0.35
2025-12-14 20:00:54,121 [INFO] [btc-updown-15m-1765738800] IDLE | T-846s
  YES: bid=0.370 ask=0.380 | NO: bid=0.600 ask=0.630
  q_yes=50.12 q_no=0.00 | avg_yes=0.359 avg_no=0.000
  exposure=$18.00 | mtm_pnl=$+0.54 | locked=$+1.00
  exposure=$18.00 | mtm_pnl=$+0.54 | locked=$+1.00
  orders: 0 | fills: 0 ()
2025-12-14 20:00:57,400 [INFO] [FILL APPLIED] btc-updown-15m-1765738800 | BUY YES 4.41 @ 0.340 | Inv: Y=58.7 N=0.0 Exp=$21.00
2025-12-14 20:00:57,400 [INFO] [DRY RUN] [93mSIMULATED FILL[0m: BUY YES 4.41 @ 0.34
2025-12-14 20:00:57,400 [INFO] [DRY RUN] [93mSIMULATED FILL[0m: BUY YES 4.55 @ 0.33
2025-12-14 20:00:57,400 [INFO] [btc-updown-15m-1765738800] IDLE | T-843s
  YES: bid=0.350 ask=0.360 | NO: bid=0.640 ask=0.650
  q_yes=54.29 q_no=0.00 | avg_yes=0.359 avg_no=0.000
  exposure=$19.50 | mtm_pnl=$-0.50 | locked=$+0.00
  exposure=$19.50 | mtm_pnl=$-0.50 | locked=$+0.00
  orders: 0 | fills: 0 ()
2025-12-14 20:01:00,160 [INFO] [FILL APPLIED] btc-updown-15m-1765738800 | BUY YES 4.29 @ 0.350 | Inv: Y=63.0 N=0.0 Exp=$22.50
2025-12-14 20:01:00,160 [INFO] [DRY RUN] [93mSIMULATED FILL[0m: BUY YES 4.29 @ 0.35
2025-12-14 20:01:00,160 [INFO] [DRY RUN] [93mSIMULATED FILL[0m: BUY YES 4.41 @ 0.34
2025-12-14 20:01:00,160 [INFO] [btc-updown-15m-1765738800] IDLE | T-840s
  YES: bid=0.360 ask=0.380 | NO: bid=0.620 ask=0.640
  q_yes=58.70 q_no=0.00 | avg_yes=0.358 avg_no=0.000
  exposure=$21.00 | mtm_pnl=$+0.13 | locked=$+1.00
  exposure=$21.00 | mtm_pnl=$+0.13 | locked=$+1.00
  orders: 0 | fills: 0 ()
2025-12-14 20:01:02,780 [INFO] [FILL APPLIED] btc-updown-15m-1765738800 | BUY YES 4.29 @ 0.350 | Inv: Y=67.3 N=0.0 Exp=$24.01
2025-12-14 20:01:02,781 [INFO] [DRY RUN] [93mSIMULATED FILL[0m: BUY YES 4.29 @ 0.35
2025-12-14 20:01:02,781 [INFO] [FILL APPLIED] btc-updown-15m-1765738800 | BUY YES 4.41 @ 0.340 | Inv: Y=71.7 N=0.0 Exp=$25.51
2025-12-14 20:01:02,781 [INFO] [DRY RUN] [93mSIMULATED FILL[0m: BUY YES 4.41 @ 0.34
2025-12-14 20:01:02,781 [INFO] [btc-updown-15m-1765738800] IDLE | T-837s
  YES: bid=0.360 ask=0.370 | NO: bid=0.640 ask=0.650
  q_yes=62.99 q_no=0.00 | avg_yes=0.357 avg_no=0.000
  exposure=$22.50 | mtm_pnl=$+0.17 | locked=$+0.00
  exposure=$22.50 | mtm_pnl=$+0.17 | locked=$+0.00
  orders: 0 | fills: 0 ()
2025-12-14 20:01:02,781 [INFO] --- HEARTBEAT (Cycle 2.52s) ---
2025-12-14 20:01:02,781 [INFO]    [btc-updown-15m-1765738800] ACCUMULATE | Rem: 838s | Orders: 0
2025-12-14 20:01:06,494 [INFO] [FILL APPLIED] btc-updown-15m-1765738800 | BUY YES 4.55 @ 0.330 | Inv: Y=76.2 N=0.0 Exp=$27.01
2025-12-14 20:01:06,495 [INFO] [DRY RUN] [93mSIMULATED FILL[0m: BUY YES 4.55 @ 0.33
2025-12-14 20:01:06,495 [INFO] [FILL APPLIED] btc-updown-15m-1765738800 | BUY YES 4.69 @ 0.320 | Inv: Y=80.9 N=0.0 Exp=$28.51
2025-12-14 20:01:06,495 [INFO] [DRY RUN] [93mSIMULATED FILL[0m: BUY YES 4.69 @ 0.32
2025-12-14 20:01:06,495 [INFO] [btc-updown-15m-1765738800] IDLE | T-834s
  YES: bid=0.340 ask=0.350 | NO: bid=0.650 ask=0.660
  q_yes=71.69 q_no=0.00 | avg_yes=0.356 avg_no=0.000
  exposure=$25.51 | mtm_pnl=$-1.13 | locked=$+0.00
  exposure=$25.51 | mtm_pnl=$-1.13 | locked=$+0.00
  orders: 0 | fills: 0 ()
2025-12-14 20:01:09,126 [INFO] [FILL APPLIED] btc-updown-15m-1765738800 | BUY YES 4.69 @ 0.320 | Inv: Y=85.6 N=0.0 Exp=$30.01
2025-12-14 20:01:09,127 [INFO] [DRY RUN] [93mSIMULATED FILL[0m: BUY YES 4.69 @ 0.32
2025-12-14 20:01:09,127 [INFO] [FILL APPLIED] btc-updown-15m-1765738800 | BUY YES 4.84 @ 0.310 | Inv: Y=90.5 N=0.0 Exp=$31.51
2025-12-14 20:01:09,127 [INFO] [DRY RUN] [93mSIMULATED FILL[0m: BUY YES 4.84 @ 0.31
2025-12-14 20:01:09,127 [INFO] [btc-updown-15m-1765738800] IDLE | T-831s
  YES: bid=0.330 ask=0.350 | NO: bid=0.650 ask=0.670
  q_yes=80.93 q_no=0.00 | avg_yes=0.352 avg_no=0.000
  exposure=$28.51 | mtm_pnl=$-1.80 | locked=$+0.00
  exposure=$28.51 | mtm_pnl=$-1.80 | locked=$+0.00
  orders: 0 | fills: 0 ()
2025-12-14 20:01:11,749 [INFO] [FILL APPLIED] btc-updown-15m-1765738800 | BUY YES 4.69 @ 0.320 | Inv: Y=95.1 N=0.0 Exp=$33.01
2025-12-14 20:01:11,749 [INFO] [DRY RUN] [93mSIMULATED FILL[0m: BUY YES 4.69 @ 0.32
2025-12-14 20:01:11,750 [INFO] [FILL APPLIED] btc-updown-15m-1765738800 | BUY YES 4.84 @ 0.310 | Inv: Y=100.0 N=0.0 Exp=$34.51
2025-12-14 20:01:11,750 [INFO] [DRY RUN] [93mSIMULATED FILL[0m: BUY YES 4.84 @ 0.31
2025-12-14 20:01:11,750 [INFO] [btc-updown-15m-1765738800] IDLE | T-828s
  YES: bid=0.330 ask=0.350 | NO: bid=0.650 ask=0.660
  q_yes=90.46 q_no=0.00 | avg_yes=0.348 avg_no=0.000
  exposure=$31.51 | mtm_pnl=$-1.66 | locked=$+0.00
  exposure=$31.51 | mtm_pnl=$-1.66 | locked=$+0.00
  orders: 0 | fills: 0 ()
2025-12-14 20:01:14,403 [INFO] [FILL APPLIED] btc-updown-15m-1765738800 | BUY YES 4.69 @ 0.320 | Inv: Y=104.7 N=0.0 Exp=$36.01
2025-12-14 20:01:14,403 [INFO] [DRY RUN] [93mSIMULATED FILL[0m: BUY YES 4.69 @ 0.32
2025-12-14 20:01:14,403 [INFO] [DRY RUN] [93mSIMULATED FILL[0m: BUY YES 4.84 @ 0.31
2025-12-14 20:01:14,403 [INFO] [btc-updown-15m-1765738800] IDLE | T-826s
  YES: bid=0.330 ask=0.350 | NO: bid=0.650 ask=0.670
  q_yes=99.99 q_no=0.00 | avg_yes=0.345 avg_no=0.000
  exposure=$34.51 | mtm_pnl=$-1.51 | locked=$+0.00
  exposure=$34.51 | mtm_pnl=$-1.51 | locked=$+0.00
  orders: 0 | fills: 0 ()
2025-12-14 20:01:14,403 [INFO] --- HEARTBEAT (Cycle 2.55s) ---
2025-12-14 20:01:14,404 [INFO]    [btc-updown-15m-1765738800] ACCUMULATE | Rem: 826s | Orders: 0
2025-12-14 20:01:17,018 [INFO] [FILL APPLIED] btc-updown-15m-1765738800 | BUY YES 4.55 @ 0.330 | Inv: Y=109.2 N=0.0 Exp=$37.51
2025-12-14 20:01:17,018 [INFO] [DRY RUN] [93mSIMULATED FILL[0m: BUY YES 4.55 @ 0.33
2025-12-14 20:01:17,018 [INFO] [DRY RUN] [93mSIMULATED FILL[0m: BUY YES 4.69 @ 0.32
2025-12-14 20:01:17,018 [INFO] [btc-updown-15m-1765738800] IDLE | T-823s
  YES: bid=0.340 ask=0.350 | NO: bid=0.650 ask=0.660
  q_yes=104.68 q_no=0.00 | avg_yes=0.344 avg_no=0.000
  exposure=$36.01 | mtm_pnl=$-0.42 | locked=$+0.00
  exposure=$36.01 | mtm_pnl=$-0.42 | locked=$+0.00
  orders: 0 | fills: 0 ()
2025-12-14 20:01:19,718 [INFO] [FILL APPLIED] btc-updown-15m-1765738800 | BUY YES 4.84 @ 0.310 | Inv: Y=114.1 N=0.0 Exp=$39.01
2025-12-14 20:01:19,719 [INFO] [DRY RUN] [93mSIMULATED FILL[0m: BUY YES 4.84 @ 0.31
2025-12-14 20:01:19,719 [INFO] [FILL APPLIED] btc-updown-15m-1765738800 | BUY YES 5.00 @ 0.300 | Inv: Y=119.1 N=0.0 Exp=$40.51
2025-12-14 20:01:19,719 [INFO] [DRY RUN] [93mSIMULATED FILL[0m: BUY YES 5.0 @ 0.3
2025-12-14 20:01:19,719 [INFO] [btc-updown-15m-1765738800] IDLE | T-820s
  YES: bid=0.320 ask=0.330 | NO: bid=0.670 ask=0.680
  q_yes=109.23 q_no=0.00 | avg_yes=0.343 avg_no=0.000
  exposure=$37.51 | mtm_pnl=$-2.56 | locked=$+0.00
  exposure=$37.51 | mtm_pnl=$-2.56 | locked=$+0.00
  orders: 0 | fills: 0 ()
2025-12-14 20:01:22,408 [INFO] [FILL APPLIED] btc-updown-15m-1765738800 | BUY YES 5.77 @ 0.260 | Inv: Y=124.8 N=0.0 Exp=$42.01
2025-12-14 20:01:22,408 [INFO] [DRY RUN] [93mSIMULATED FILL[0m: BUY YES 5.77 @ 0.26
2025-12-14 20:01:22,409 [INFO] [FILL APPLIED] btc-updown-15m-1765738800 | BUY YES 6.00 @ 0.250 | Inv: Y=130.8 N=0.0 Exp=$43.51
2025-12-14 20:01:22,409 [INFO] [DRY RUN] [93mSIMULATED FILL[0m: BUY YES 6.0 @ 0.25
2025-12-14 20:01:22,409 [INFO] [btc-updown-15m-1765738800] IDLE | T-818s
  YES: bid=0.270 ask=0.290 | NO: bid=0.720 ask=0.730
  q_yes=119.07 q_no=0.00 | avg_yes=0.340 avg_no=0.000
  exposure=$40.51 | mtm_pnl=$-8.36 | locked=$+0.00
  exposure=$40.51 | mtm_pnl=$-8.36 | locked=$+0.00
  orders: 0 | fills: 0 ()
2025-12-14 20:01:25,012 [INFO] [FILL APPLIED] btc-updown-15m-1765738800 | BUY YES 5.56 @ 0.270 | Inv: Y=136.4 N=0.0 Exp=$45.01
2025-12-14 20:01:25,012 [INFO] [DRY RUN] [93mSIMULATED FILL[0m: BUY YES 5.56 @ 0.27
2025-12-14 20:01:25,013 [INFO] [FILL APPLIED] btc-updown-15m-1765738800 | BUY YES 5.77 @ 0.260 | Inv: Y=142.2 N=0.0 Exp=$46.51
2025-12-14 20:01:25,013 [INFO] [DRY RUN] [93mSIMULATED FILL[0m: BUY YES 5.77 @ 0.26
2025-12-14 20:01:25,013 [INFO] [btc-updown-15m-1765738800] IDLE | T-815s
  YES: bid=0.280 ask=0.290 | NO: bid=0.700 ask=0.720
  q_yes=130.84 q_no=0.00 | avg_yes=0.333 avg_no=0.000
  exposure=$43.51 | mtm_pnl=$-6.88 | locked=$+0.00
  exposure=$43.51 | mtm_pnl=$-6.88 | locked=$+0.00
  orders: 0 | fills: 0 ()
2025-12-14 20:01:25,013 [INFO] --- HEARTBEAT (Cycle 2.50s) ---
2025-12-14 20:01:25,014 [INFO]    [btc-updown-15m-1765738800] ACCUMULATE | Rem: 816s | Orders: 0
2025-12-14 20:01:27,659 [INFO] [FILL APPLIED] btc-updown-15m-1765738800 | BUY YES 5.36 @ 0.280 | Inv: Y=147.5 N=0.0 Exp=$48.01
2025-12-14 20:01:27,660 [INFO] [DRY RUN] [93mSIMULATED FILL[0m: BUY YES 5.36 @ 0.28
2025-12-14 20:01:27,660 [INFO] [FILL APPLIED] btc-updown-15m-1765738800 | BUY YES 5.56 @ 0.270 | Inv: Y=153.1 N=0.0 Exp=$49.52
2025-12-14 20:01:27,660 [INFO] [DRY RUN] [93mSIMULATED FILL[0m: BUY YES 5.56 @ 0.27
2025-12-14 20:01:27,660 [INFO] [btc-updown-15m-1765738800] IDLE | T-813s
  YES: bid=0.290 ask=0.310 | NO: bid=0.690 ask=0.710
  q_yes=142.17 q_no=0.00 | avg_yes=0.327 avg_no=0.000
  exposure=$46.51 | mtm_pnl=$-5.28 | locked=$+0.00
  exposure=$46.51 | mtm_pnl=$-5.28 | locked=$+0.00
  orders: 0 | fills: 0 ()
2025-12-14 20:01:30,233 [INFO] [FILL APPLIED] btc-updown-15m-1765738800 | BUY YES 5.17 @ 0.290 | Inv: Y=158.3 N=0.0 Exp=$51.02
2025-12-14 20:01:30,234 [INFO] [DRY RUN] [93mSIMULATED FILL[0m: BUY YES 5.17 @ 0.29
2025-12-14 20:01:30,234 [INFO] [FILL APPLIED] btc-updown-15m-1765738800 | BUY YES 5.36 @ 0.280 | Inv: Y=163.6 N=0.0 Exp=$52.52
2025-12-14 20:01:30,234 [INFO] [DRY RUN] [93mSIMULATED FILL[0m: BUY YES 5.36 @ 0.28
2025-12-14 20:01:30,235 [INFO] [btc-updown-15m-1765738800] IDLE | T-810s
  YES: bid=0.300 ask=0.310 | NO: bid=0.680 ask=0.700
  q_yes=153.09 q_no=0.00 | avg_yes=0.323 avg_no=0.000
  exposure=$49.52 | mtm_pnl=$-3.59 | locked=$+0.00
  exposure=$49.52 | mtm_pnl=$-3.59 | locked=$+0.00
  orders: 0 | fills: 0 ()
2025-12-14 20:01:33,299 [INFO] [FILL APPLIED] btc-updown-15m-1765738800 | BUY YES 5.36 @ 0.280 | Inv: Y=169.0 N=0.0 Exp=$54.02
2025-12-14 20:01:33,299 [INFO] [DRY RUN] [93mSIMULATED FILL[0m: BUY YES 5.36 @ 0.28
2025-12-14 20:01:33,299 [INFO] [DRY RUN] [93mSIMULATED FILL[0m: BUY YES 5.56 @ 0.27
2025-12-14 20:01:33,299 [INFO] [btc-updown-15m-1765738800] IDLE | T-807s
  YES: bid=0.290 ask=0.300 | NO: bid=0.700 ask=0.720
  q_yes=163.62 q_no=0.00 | avg_yes=0.321 avg_no=0.000
  exposure=$52.52 | mtm_pnl=$-5.07 | locked=$+0.00
  exposure=$52.52 | mtm_pnl=$-5.07 | locked=$+0.00
  orders: 0 | fills: 0 ()
2025-12-14 20:01:35,993 [INFO] [FILL APPLIED] btc-updown-15m-1765738800 | BUY YES 6.00 @ 0.250 | Inv: Y=175.0 N=0.0 Exp=$55.52
2025-12-14 20:01:35,993 [INFO] [DRY RUN] [93mSIMULATED FILL[0m: BUY YES 6.0 @ 0.25
2025-12-14 20:01:35,993 [INFO] [DRY RUN] [93mSIMULATED FILL[0m: BUY YES 6.25 @ 0.24
2025-12-14 20:01:35,993 [INFO] [btc-updown-15m-1765738800] IDLE | T-804s
  YES: bid=0.260 ask=0.270 | NO: bid=0.730 ask=0.740
  q_yes=168.98 q_no=0.00 | avg_yes=0.320 avg_no=0.000
  exposure=$54.02 | mtm_pnl=$-10.08 | locked=$+0.00
  exposure=$54.02 | mtm_pnl=$-10.08 | locked=$+0.00
  orders: 0 | fills: 0 ()
2025-12-14 20:01:35,995 [INFO] --- HEARTBEAT (Cycle 2.59s) ---
2025-12-14 20:01:35,995 [INFO]    [btc-updown-15m-1765738800] ACCUMULATE | Rem: 805s | Orders: 0
2025-12-14 20:01:38,691 [INFO] [FILL APPLIED] btc-updown-15m-1765738800 | BUY YES 6.25 @ 0.240 | Inv: Y=181.2 N=0.0 Exp=$57.02
2025-12-14 20:01:38,691 [INFO] [DRY RUN] [93mSIMULATED FILL[0m: BUY YES 6.25 @ 0.24
2025-12-14 20:01:38,691 [INFO] [DRY RUN] [93mSIMULATED FILL[0m: BUY YES 6.52 @ 0.23
2025-12-14 20:01:38,691 [INFO] [btc-updown-15m-1765738800] IDLE | T-801s
  YES: bid=0.250 ask=0.260 | NO: bid=0.740 ask=0.750
  q_yes=174.98 q_no=0.00 | avg_yes=0.317 avg_no=0.000
  exposure=$55.52 | mtm_pnl=$-11.77 | locked=$+0.00
  exposure=$55.52 | mtm_pnl=$-11.77 | locked=$+0.00
  orders: 0 | fills: 0 ()
2025-12-14 20:01:41,338 [INFO] [FILL APPLIED] btc-updown-15m-1765738800 | BUY YES 6.82 @ 0.220 | Inv: Y=188.1 N=0.0 Exp=$58.52
2025-12-14 20:01:41,338 [INFO] [DRY RUN] [93mSIMULATED FILL[0m: BUY YES 6.82 @ 0.22
2025-12-14 20:01:41,340 [INFO] [FILL APPLIED] btc-updown-15m-1765738800 | BUY YES 7.14 @ 0.210 | Inv: Y=195.2 N=0.0 Exp=$60.02
2025-12-14 20:01:41,340 [INFO] [DRY RUN] [93mSIMULATED FILL[0m: BUY YES 7.14 @ 0.21
2025-12-14 20:01:41,341 [INFO] [btc-updown-15m-1765738800] IDLE | T-799s
  YES: bid=0.230 ask=0.260 | NO: bid=0.740 ask=0.760
  q_yes=181.23 q_no=0.00 | avg_yes=0.315 avg_no=0.000
  exposure=$57.02 | mtm_pnl=$-15.33 | locked=$+0.00
  exposure=$57.02 | mtm_pnl=$-15.33 | locked=$+0.00
  orders: 0 | fills: 0 ()
2025-12-14 20:01:43,958 [INFO] [FILL APPLIED] btc-updown-15m-1765738800 | BUY YES 6.52 @ 0.230 | Inv: Y=201.7 N=0.0 Exp=$61.52
2025-12-14 20:01:43,958 [INFO] [DRY RUN] [93mSIMULATED FILL[0m: BUY YES 6.52 @ 0.23
2025-12-14 20:01:43,958 [INFO] [DRY RUN] [93mSIMULATED FILL[0m: BUY YES 6.82 @ 0.22
2025-12-14 20:01:43,958 [INFO] [btc-updown-15m-1765738800] IDLE | T-796s
  YES: bid=0.240 ask=0.260 | NO: bid=0.740 ask=0.750
  q_yes=195.19 q_no=0.00 | avg_yes=0.307 avg_no=0.000
  exposure=$60.02 | mtm_pnl=$-13.17 | locked=$+0.00
  exposure=$60.02 | mtm_pnl=$-13.17 | locked=$+0.00
  orders: 0 | fills: 0 ()
2025-12-14 20:01:46,631 [INFO] [FILL APPLIED] btc-updown-15m-1765738800 | BUY YES 6.25 @ 0.240 | Inv: Y=208.0 N=0.0 Exp=$63.02
2025-12-14 20:01:46,632 [INFO] [DRY RUN] [93mSIMULATED FILL[0m: BUY YES 6.25 @ 0.24
2025-12-14 20:01:46,632 [INFO] [FILL APPLIED] btc-updown-15m-1765738800 | BUY YES 6.52 @ 0.230 | Inv: Y=214.5 N=0.0 Exp=$64.52
2025-12-14 20:01:46,632 [INFO] [DRY RUN] [93mSIMULATED FILL[0m: BUY YES 6.52 @ 0.23
2025-12-14 20:01:46,632 [INFO] [btc-updown-15m-1765738800] IDLE | T-794s
  YES: bid=0.250 ask=0.260 | NO: bid=0.740 ask=0.750
  q_yes=201.71 q_no=0.00 | avg_yes=0.305 avg_no=0.000
  exposure=$61.52 | mtm_pnl=$-11.09 | locked=$+0.00
  exposure=$61.52 | mtm_pnl=$-11.09 | locked=$+0.00
  orders: 0 | fills: 0 ()
2025-12-14 20:01:46,632 [INFO] --- HEARTBEAT (Cycle 2.57s) ---
2025-12-14 20:01:46,632 [INFO]    [btc-updown-15m-1765738800] ACCUMULATE | Rem: 794s | Orders: 0
2025-12-14 20:01:49,442 [INFO] [FILL APPLIED] btc-updown-15m-1765738800 | BUY YES 6.25 @ 0.240 | Inv: Y=220.7 N=0.0 Exp=$66.02
2025-12-14 20:01:49,442 [INFO] [DRY RUN] [93mSIMULATED FILL[0m: BUY YES 6.25 @ 0.24
2025-12-14 20:01:49,442 [INFO] [DRY RUN] [93mSIMULATED FILL[0m: BUY YES 6.52 @ 0.23
2025-12-14 20:01:49,442 [INFO] [btc-updown-15m-1765738800] IDLE | T-791s
  YES: bid=0.250 ask=0.260 | NO: bid=0.740 ask=0.750
  q_yes=214.48 q_no=0.00 | avg_yes=0.301 avg_no=0.000
  exposure=$64.52 | mtm_pnl=$-10.90 | locked=$+0.00
  exposure=$64.52 | mtm_pnl=$-10.90 | locked=$+0.00
  orders: 0 | fills: 0 ()
2025-12-14 20:01:51,989 [INFO] [FILL APPLIED] btc-updown-15m-1765738800 | BUY YES 6.52 @ 0.230 | Inv: Y=227.3 N=0.0 Exp=$67.52
2025-12-14 20:01:51,989 [INFO] [DRY RUN] [93mSIMULATED FILL[0m: BUY YES 6.52 @ 0.23
2025-12-14 20:01:51,990 [INFO] [DRY RUN] [93mSIMULATED FILL[0m: BUY YES 6.82 @ 0.22
2025-12-14 20:01:51,990 [INFO] [btc-updown-15m-1765738800] IDLE | T-788s
  YES: bid=0.240 ask=0.250 | NO: bid=0.750 ask=0.760
  q_yes=220.73 q_no=0.00 | avg_yes=0.299 avg_no=0.000
  exposure=$66.02 | mtm_pnl=$-13.04 | locked=$+0.00
  exposure=$66.02 | mtm_pnl=$-13.04 | locked=$+0.00
  orders: 0 | fills: 0 ()
2025-12-14 20:01:54,551 [INFO] [FILL APPLIED] btc-updown-15m-1765738800 | BUY YES 6.25 @ 0.240 | Inv: Y=233.5 N=0.0 Exp=$69.02
2025-12-14 20:01:54,551 [INFO] [DRY RUN] [93mSIMULATED FILL[0m: BUY YES 6.25 @ 0.24
2025-12-14 20:01:54,552 [INFO] [FILL APPLIED] btc-updown-15m-1765738800 | BUY YES 6.52 @ 0.230 | Inv: Y=240.0 N=0.0 Exp=$70.52
2025-12-14 20:01:54,552 [INFO] [DRY RUN] [93mSIMULATED FILL[0m: BUY YES 6.52 @ 0.23
2025-12-14 20:01:54,552 [INFO] [btc-updown-15m-1765738800] IDLE | T-786s
  YES: bid=0.250 ask=0.270 | NO: bid=0.730 ask=0.750
  q_yes=227.25 q_no=0.00 | avg_yes=0.297 avg_no=0.000
  exposure=$67.52 | mtm_pnl=$-10.70 | locked=$+0.00
  exposure=$67.52 | mtm_pnl=$-10.70 | locked=$+0.00
  orders: 0 | fills: 0 ()
2025-12-14 20:01:57,349 [INFO] [FILL APPLIED] btc-updown-15m-1765738800 | BUY YES 6.82 @ 0.220 | Inv: Y=246.8 N=0.0 Exp=$72.02
2025-12-14 20:01:57,349 [INFO] [DRY RUN] [93mSIMULATED FILL[0m: BUY YES 6.82 @ 0.22
2025-12-14 20:01:57,349 [INFO] [DRY RUN] [93mSIMULATED FILL[0m: BUY YES 7.14 @ 0.21
2025-12-14 20:01:57,351 [INFO] [btc-updown-15m-1765738800] IDLE | T-783s
  YES: bid=0.230 ask=0.240 | NO: bid=0.760 ask=0.770
  q_yes=240.02 q_no=0.00 | avg_yes=0.294 avg_no=0.000
  exposure=$70.52 | mtm_pnl=$-15.31 | locked=$+0.00
  exposure=$70.52 | mtm_pnl=$-15.31 | locked=$+0.00
  orders: 0 | fills: 0 ()
2025-12-14 20:01:57,351 [INFO] --- HEARTBEAT (Cycle 2.70s) ---
2025-12-14 20:01:57,351 [INFO]    [btc-updown-15m-1765738800] ACCUMULATE | Rem: 783s | Orders: 0
2025-12-14 20:02:00,460 [INFO] [FILL APPLIED] btc-updown-15m-1765738800 | BUY YES 6.82 @ 0.220 | Inv: Y=253.7 N=0.0 Exp=$73.52
2025-12-14 20:02:00,460 [INFO] [DRY RUN] [93mSIMULATED FILL[0m: BUY YES 6.82 @ 0.22
2025-12-14 20:02:00,460 [INFO] [DRY RUN] [93mSIMULATED FILL[0m: BUY YES 7.14 @ 0.21
2025-12-14 20:02:00,460 [INFO] [btc-updown-15m-1765738800] IDLE | T-780s
  YES: bid=0.230 ask=0.240 | NO: bid=0.770 ask=0.780
  q_yes=246.84 q_no=0.00 | avg_yes=0.292 avg_no=0.000
  exposure=$72.02 | mtm_pnl=$-15.24 | locked=$+0.00
  exposure=$72.02 | mtm_pnl=$-15.24 | locked=$+0.00
  orders: 0 | fills: 0 ()
2025-12-14 20:02:03,125 [INFO] [FILL APPLIED] btc-updown-15m-1765738800 | BUY YES 6.52 @ 0.230 | Inv: Y=260.2 N=0.0 Exp=$75.02
2025-12-14 20:02:03,125 [INFO] [DRY RUN] [93mSIMULATED FILL[0m: BUY YES 6.52 @ 0.23
2025-12-14 20:02:03,126 [INFO] [FILL APPLIED] btc-updown-15m-1765738800 | BUY YES 6.82 @ 0.220 | Inv: Y=267.0 N=0.0 Exp=$76.52
2025-12-14 20:02:03,126 [INFO] [DRY RUN] [93mSIMULATED FILL[0m: BUY YES 6.82 @ 0.22
2025-12-14 20:02:03,126 [INFO] [btc-updown-15m-1765738800] IDLE | T-777s
  YES: bid=0.240 ask=0.250 | NO: bid=0.750 ask=0.760
  q_yes=253.66 q_no=0.00 | avg_yes=0.290 avg_no=0.000
  exposure=$73.52 | mtm_pnl=$-12.64 | locked=$+0.00
  exposure=$73.52 | mtm_pnl=$-12.64 | locked=$+0.00
  orders: 0 | fills: 0 ()
2025-12-14 20:02:05,848 [INFO] [FILL APPLIED] btc-updown-15m-1765738800 | BUY YES 6.82 @ 0.220 | Inv: Y=273.8 N=0.0 Exp=$78.02
2025-12-14 20:02:05,848 [INFO] [DRY RUN] [93mSIMULATED FILL[0m: BUY YES 6.82 @ 0.22
2025-12-14 20:02:05,848 [INFO] [DRY RUN] [93mSIMULATED FILL[0m: BUY YES 7.14 @ 0.21
2025-12-14 20:02:05,849 [INFO] [btc-updown-15m-1765738800] IDLE | T-774s
  YES: bid=0.230 ask=0.240 | NO: bid=0.760 ask=0.770
  q_yes=267.00 q_no=0.00 | avg_yes=0.287 avg_no=0.000
  exposure=$76.52 | mtm_pnl=$-15.11 | locked=$+0.00
  exposure=$76.52 | mtm_pnl=$-15.11 | locked=$+0.00
  orders: 0 | fills: 0 ()
2025-12-14 20:02:08,490 [INFO] [FILL APPLIED] btc-updown-15m-1765738800 | BUY YES 11.54 @ 0.130 | Inv: Y=285.4 N=0.0 Exp=$79.52
2025-12-14 20:02:08,490 [INFO] [DRY RUN] [93mSIMULATED FILL[0m: BUY YES 11.54 @ 0.13
2025-12-14 20:02:08,490 [INFO] [DRY RUN] [93mSIMULATED FILL[0m: BUY YES 12.5 @ 0.12
2025-12-14 20:02:08,491 [INFO] [btc-updown-15m-1765738800] IDLE | T-772s
  YES: bid=0.140 ask=0.150 | NO: bid=0.850 ask=0.860
  q_yes=273.82 q_no=0.00 | avg_yes=0.285 avg_no=0.000
  exposure=$78.02 | mtm_pnl=$-39.68 | locked=$+0.00
  exposure=$78.02 | mtm_pnl=$-39.68 | locked=$+0.00
  orders: 0 | fills: 0 ()
2025-12-14 20:02:08,491 [INFO] --- HEARTBEAT (Cycle 2.54s) ---
2025-12-14 20:02:08,491 [INFO]    [btc-updown-15m-1765738800] ACCUMULATE | Rem: 772s | Orders: 0
2025-12-14 20:02:11,144 [INFO] [FILL APPLIED] btc-updown-15m-1765738800 | BUY YES 10.71 @ 0.140 | Inv: Y=296.1 N=0.0 Exp=$81.02
2025-12-14 20:02:11,144 [INFO] [DRY RUN] [93mSIMULATED FILL[0m: BUY YES 10.71 @ 0.14
2025-12-14 20:02:11,144 [INFO] [DRY RUN] [93mSIMULATED FILL[0m: BUY YES 11.54 @ 0.13
2025-12-14 20:02:11,144 [INFO] [btc-updown-15m-1765738800] IDLE | T-769s
  YES: bid=0.150 ask=0.160 | NO: bid=0.840 ask=0.850
  q_yes=285.36 q_no=0.00 | avg_yes=0.279 avg_no=0.000
  exposure=$79.52 | mtm_pnl=$-36.71 | locked=$+0.00
  exposure=$79.52 | mtm_pnl=$-36.71 | locked=$+0.00
  orders: 0 | fills: 0 ()
2025-12-14 20:02:13,757 [INFO] [FILL APPLIED] btc-updown-15m-1765738800 | BUY YES 12.50 @ 0.120 | Inv: Y=308.6 N=0.0 Exp=$82.52
2025-12-14 20:02:13,758 [INFO] [DRY RUN] [93mSIMULATED FILL[0m: BUY YES 12.5 @ 0.12
2025-12-14 20:02:13,758 [INFO] [FILL APPLIED] btc-updown-15m-1765738800 | BUY YES 13.64 @ 0.110 | Inv: Y=322.2 N=0.0 Exp=$84.02
2025-12-14 20:02:13,758 [INFO] [DRY RUN] [93mSIMULATED FILL[0m: BUY YES 13.64 @ 0.11
2025-12-14 20:02:13,758 [INFO] [btc-updown-15m-1765738800] IDLE | T-766s
  YES: bid=0.130 ask=0.140 | NO: bid=0.860 ask=0.870
  q_yes=296.07 q_no=0.00 | avg_yes=0.274 avg_no=0.000
  exposure=$81.02 | mtm_pnl=$-42.53 | locked=$+0.00
  exposure=$81.02 | mtm_pnl=$-42.53 | locked=$+0.00
  orders: 0 | fills: 0 ()
2025-12-14 20:02:16,437 [INFO] [FILL APPLIED] btc-updown-15m-1765738800 | BUY YES 11.54 @ 0.130 | Inv: Y=333.8 N=0.0 Exp=$85.52
2025-12-14 20:02:16,437 [INFO] [DRY RUN] [93mSIMULATED FILL[0m: BUY YES 11.54 @ 0.13
2025-12-14 20:02:16,437 [INFO] [DRY RUN] [93mSIMULATED FILL[0m: BUY YES 12.5 @ 0.12
2025-12-14 20:02:16,437 [INFO] [btc-updown-15m-1765738800] IDLE | T-764s
  YES: bid=0.140 ask=0.160 | NO: bid=0.840 ask=0.850
  q_yes=322.21 q_no=0.00 | avg_yes=0.261 avg_no=0.000
  exposure=$84.02 | mtm_pnl=$-38.91 | locked=$+0.00
  exposure=$84.02 | mtm_pnl=$-38.91 | locked=$+0.00
  orders: 0 | fills: 0 ()
2025-12-14 20:02:19,054 [INFO] [FILL APPLIED] btc-updown-15m-1765738800 | BUY YES 10.00 @ 0.150 | Inv: Y=343.8 N=0.0 Exp=$87.02
2025-12-14 20:02:19,054 [INFO] [DRY RUN] [93mSIMULATED FILL[0m: BUY YES 10.0 @ 0.15
2025-12-14 20:02:19,054 [INFO] [DRY RUN] [93mSIMULATED FILL[0m: BUY YES 10.71 @ 0.14
2025-12-14 20:02:19,055 [INFO] [btc-updown-15m-1765738800] IDLE | T-761s
  YES: bid=0.160 ask=0.180 | NO: bid=0.830 ask=0.840
  q_yes=333.75 q_no=0.00 | avg_yes=0.256 avg_no=0.000
  exposure=$85.52 | mtm_pnl=$-32.12 | locked=$+0.00
  exposure=$85.52 | mtm_pnl=$-32.12 | locked=$+0.00
  orders: 0 | fills: 0 ()
2025-12-14 20:02:19,055 [INFO] --- HEARTBEAT (Cycle 2.52s) ---
2025-12-14 20:02:19,055 [INFO]    [btc-updown-15m-1765738800] ACCUMULATE | Rem: 762s | Orders: 0
2025-12-14 20:02:21,833 [INFO] [FILL APPLIED] btc-updown-15m-1765738800 | BUY YES 10.00 @ 0.150 | Inv: Y=353.8 N=0.0 Exp=$88.52
2025-12-14 20:02:21,833 [INFO] [DRY RUN] [93mSIMULATED FILL[0m: BUY YES 10.0 @ 0.15
2025-12-14 20:02:21,833 [INFO] [DRY RUN] [93mSIMULATED FILL[0m: BUY YES 10.71 @ 0.14
2025-12-14 20:02:21,833 [INFO] [btc-updown-15m-1765738800] IDLE | T-758s
  YES: bid=0.160 ask=0.180 | NO: bid=0.830 ask=0.840
  q_yes=343.75 q_no=0.00 | avg_yes=0.253 avg_no=0.000
  exposure=$87.02 | mtm_pnl=$-32.02 | locked=$+0.00
  exposure=$87.02 | mtm_pnl=$-32.02 | locked=$+0.00
  orders: 0 | fills: 0 ()
2025-12-14 20:02:24,569 [INFO] [FILL APPLIED] btc-updown-15m-1765738800 | BUY YES 9.38 @ 0.160 | Inv: Y=363.1 N=0.0 Exp=$90.02
2025-12-14 20:02:24,569 [INFO] [DRY RUN] [93mSIMULATED FILL[0m: BUY YES 9.38 @ 0.16
2025-12-14 20:02:24,569 [INFO] [DRY RUN] [93mSIMULATED FILL[0m: BUY YES 10.0 @ 0.15
2025-12-14 20:02:24,570 [INFO] [btc-updown-15m-1765738800] IDLE | T-756s
  YES: bid=0.170 ask=0.180 | NO: bid=0.820 ask=0.830
  q_yes=353.75 q_no=0.00 | avg_yes=0.250 avg_no=0.000
  exposure=$88.52 | mtm_pnl=$-28.38 | locked=$+0.00
  exposure=$88.52 | mtm_pnl=$-28.38 | locked=$+0.00
  orders: 0 | fills: 0 ()
2025-12-14 20:02:27,133 [INFO] [FILL APPLIED] btc-updown-15m-1765738800 | BUY YES 9.38 @ 0.160 | Inv: Y=372.5 N=0.0 Exp=$91.52
2025-12-14 20:02:27,133 [INFO] [DRY RUN] [93mSIMULATED FILL[0m: BUY YES 9.38 @ 0.16
2025-12-14 20:02:27,133 [INFO] [DRY RUN] [93mSIMULATED FILL[0m: BUY YES 10.0 @ 0.15
2025-12-14 20:02:27,133 [INFO] [btc-updown-15m-1765738800] IDLE | T-753s
  YES: bid=0.170 ask=0.180 | NO: bid=0.810 ask=0.820
  q_yes=363.13 q_no=0.00 | avg_yes=0.248 avg_no=0.000
  exposure=$90.02 | mtm_pnl=$-28.29 | locked=$+0.00
  exposure=$90.02 | mtm_pnl=$-28.29 | locked=$+0.00
  orders: 0 | fills: 0 ()
2025-12-14 20:02:29,721 [INFO] [FILL APPLIED] btc-updown-15m-1765738800 | BUY YES 9.38 @ 0.160 | Inv: Y=381.9 N=0.0 Exp=$93.02
2025-12-14 20:02:29,721 [INFO] [DRY RUN] [93mSIMULATED FILL[0m: BUY YES 9.38 @ 0.16
2025-12-14 20:02:29,721 [INFO] [DRY RUN] [93mSIMULATED FILL[0m: BUY YES 10.0 @ 0.15
2025-12-14 20:02:29,721 [INFO] [btc-updown-15m-1765738800] IDLE | T-750s
  YES: bid=0.170 ask=0.180 | NO: bid=0.820 ask=0.830
  q_yes=372.51 q_no=0.00 | avg_yes=0.246 avg_no=0.000
  exposure=$91.52 | mtm_pnl=$-28.19 | locked=$+0.00
  exposure=$91.52 | mtm_pnl=$-28.19 | locked=$+0.00
  orders: 0 | fills: 0 ()
2025-12-14 20:02:29,722 [INFO] --- HEARTBEAT (Cycle 2.49s) ---
2025-12-14 20:02:29,722 [INFO]    [btc-updown-15m-1765738800] ACCUMULATE | Rem: 751s | Orders: 0
2025-12-14 20:02:32,766 [INFO] [FILL APPLIED] btc-updown-15m-1765738800 | BUY YES 10.00 @ 0.150 | Inv: Y=391.9 N=0.0 Exp=$94.52
2025-12-14 20:02:32,766 [INFO] [DRY RUN] [93mSIMULATED FILL[0m: BUY YES 10.0 @ 0.15
2025-12-14 20:02:32,767 [INFO] [FILL APPLIED] btc-updown-15m-1765738800 | BUY YES 10.71 @ 0.140 | Inv: Y=402.6 N=0.0 Exp=$96.02
2025-12-14 20:02:32,767 [INFO] [DRY RUN] [93mSIMULATED FILL[0m: BUY YES 10.71 @ 0.14
2025-12-14 20:02:32,767 [INFO] [btc-updown-15m-1765738800] IDLE | T-747s
  YES: bid=0.160 ask=0.180 | NO: bid=0.830 ask=0.840
  q_yes=381.89 q_no=0.00 | avg_yes=0.244 avg_no=0.000
  exposure=$93.02 | mtm_pnl=$-31.92 | locked=$+0.00
  exposure=$93.02 | mtm_pnl=$-31.92 | locked=$+0.00
  orders: 0 | fills: 0 ()
2025-12-14 20:02:35,362 [INFO] [FILL APPLIED] btc-updown-15m-1765738800 | BUY YES 9.38 @ 0.160 | Inv: Y=412.0 N=0.0 Exp=$97.52
2025-12-14 20:02:35,362 [INFO] [DRY RUN] [93mSIMULATED FILL[0m: BUY YES 9.38 @ 0.16
2025-12-14 20:02:35,363 [INFO] [FILL APPLIED] btc-updown-15m-1765738800 | BUY YES 10.00 @ 0.150 | Inv: Y=422.0 N=0.0 Exp=$99.02
2025-12-14 20:02:35,363 [INFO] [DRY RUN] [93mSIMULATED FILL[0m: BUY YES 10.0 @ 0.15
2025-12-14 20:02:35,363 [INFO] [btc-updown-15m-1765738800] IDLE | T-745s
  YES: bid=0.170 ask=0.190 | NO: bid=0.810 ask=0.820
  q_yes=402.60 q_no=0.00 | avg_yes=0.238 avg_no=0.000
  exposure=$96.02 | mtm_pnl=$-27.58 | locked=$+0.00
  exposure=$96.02 | mtm_pnl=$-27.58 | locked=$+0.00
  orders: 0 | fills: 0 ()
2025-12-14 20:02:38,041 [INFO] [FILL APPLIED] btc-updown-15m-1765738800 | BUY YES 9.38 @ 0.160 | Inv: Y=431.4 N=0.0 Exp=$100.52
2025-12-14 20:02:38,041 [INFO] [DRY RUN] [93mSIMULATED FILL[0m: BUY YES 9.38 @ 0.16
2025-12-14 20:02:38,041 [INFO] [DRY RUN] [93mSIMULATED FILL[0m: BUY YES 10.0 @ 0.15
2025-12-14 20:02:38,041 [INFO] [btc-updown-15m-1765738800] IDLE | T-742s
  YES: bid=0.170 ask=0.180 | NO: bid=0.820 ask=0.830
  q_yes=421.98 q_no=0.00 | avg_yes=0.235 avg_no=0.000
  exposure=$99.02 | mtm_pnl=$-27.28 | locked=$+0.00
  exposure=$99.02 | mtm_pnl=$-27.28 | locked=$+0.00
  orders: 0 | fills: 0 ()
2025-12-14 20:02:40,652 [INFO] [FILL APPLIED] btc-updown-15m-1765738800 | BUY YES 10.00 @ 0.150 | Inv: Y=441.4 N=0.0 Exp=$102.02
2025-12-14 20:02:40,652 [INFO] [DRY RUN] [93mSIMULATED FILL[0m: BUY YES 10.0 @ 0.15
2025-12-14 20:02:40,652 [INFO] [DRY RUN] [93mSIMULATED FILL[0m: BUY YES 10.71 @ 0.14
2025-12-14 20:02:40,652 [INFO] [btc-updown-15m-1765738800] IDLE | T-740s
  YES: bid=0.160 ask=0.170 | NO: bid=0.830 ask=0.840
  q_yes=431.36 q_no=0.00 | avg_yes=0.233 avg_no=0.000
  exposure=$100.52 | mtm_pnl=$-31.50 | locked=$+0.00
  exposure=$100.52 | mtm_pnl=$-31.50 | locked=$+0.00
  orders: 0 | fills: 0 ()
2025-12-14 20:02:40,653 [INFO] --- HEARTBEAT (Cycle 2.51s) ---
2025-12-14 20:02:40,653 [INFO]    [btc-updown-15m-1765738800] ACCUMULATE | Rem: 740s | Orders: 0
2025-12-14 20:02:43,177 [INFO] [FILL APPLIED] btc-updown-15m-1765738800 | BUY YES 10.00 @ 0.150 | Inv: Y=451.4 N=0.0 Exp=$103.52
2025-12-14 20:02:43,177 [INFO] [DRY RUN] [93mSIMULATED FILL[0m: BUY YES 10.0 @ 0.15
2025-12-14 20:02:43,177 [INFO] [DRY RUN] [93mSIMULATED FILL[0m: BUY YES 10.71 @ 0.14
2025-12-14 20:02:43,177 [INFO] [btc-updown-15m-1765738800] IDLE | T-737s
  YES: bid=0.160 ask=0.180 | NO: bid=0.820 ask=0.840
  q_yes=441.36 q_no=0.00 | avg_yes=0.231 avg_no=0.000
  exposure=$102.02 | mtm_pnl=$-31.40 | locked=$+0.00
  exposure=$102.02 | mtm_pnl=$-31.40 | locked=$+0.00
  orders: 0 | fills: 0 ()
2025-12-14 20:02:45,727 [INFO] [FILL APPLIED] btc-updown-15m-1765738800 | BUY YES 10.00 @ 0.150 | Inv: Y=461.4 N=0.0 Exp=$105.02
2025-12-14 20:02:45,727 [INFO] [DRY RUN] [93mSIMULATED FILL[0m: BUY YES 10.0 @ 0.15
2025-12-14 20:02:45,727 [INFO] [DRY RUN] [93mSIMULATED FILL[0m: BUY YES 10.71 @ 0.14
2025-12-14 20:02:45,727 [INFO] [btc-updown-15m-1765738800] IDLE | T-734s
  YES: bid=0.160 ask=0.170 | NO: bid=0.830 ask=0.840
  q_yes=451.36 q_no=0.00 | avg_yes=0.229 avg_no=0.000
  exposure=$103.52 | mtm_pnl=$-31.30 | locked=$+0.00
  exposure=$103.52 | mtm_pnl=$-31.30 | locked=$+0.00
  orders: 0 | fills: 0 ()
2025-12-14 20:02:48,417 [INFO] [FILL APPLIED] btc-updown-15m-1765738800 | BUY YES 8.82 @ 0.170 | Inv: Y=470.2 N=0.0 Exp=$106.52
2025-12-14 20:02:48,417 [INFO] [DRY RUN] [93mSIMULATED FILL[0m: BUY YES 8.82 @ 0.17
2025-12-14 20:02:48,419 [INFO] [FILL APPLIED] btc-updown-15m-1765738800 | BUY YES 9.38 @ 0.160 | Inv: Y=479.6 N=0.0 Exp=$108.02
2025-12-14 20:02:48,419 [INFO] [DRY RUN] [93mSIMULATED FILL[0m: BUY YES 9.38 @ 0.16
2025-12-14 20:02:48,419 [INFO] [btc-updown-15m-1765738800] IDLE | T-732s
  YES: bid=0.180 ask=0.190 | NO: bid=0.810 ask=0.820
  q_yes=461.36 q_no=0.00 | avg_yes=0.228 avg_no=0.000
  exposure=$105.02 | mtm_pnl=$-21.98 | locked=$+0.00
  exposure=$105.02 | mtm_pnl=$-21.98 | locked=$+0.00
  orders: 0 | fills: 0 ()
2025-12-14 20:02:51,167 [INFO] [FILL APPLIED] btc-updown-15m-1765738800 | BUY YES 8.82 @ 0.170 | Inv: Y=488.4 N=0.0 Exp=$109.52
2025-12-14 20:02:51,167 [INFO] [DRY RUN] [93mSIMULATED FILL[0m: BUY YES 8.82 @ 0.17
2025-12-14 20:02:51,167 [INFO] [DRY RUN] [93mSIMULATED FILL[0m: BUY YES 9.38 @ 0.16
2025-12-14 20:02:51,167 [INFO] [btc-updown-15m-1765738800] IDLE | T-729s
  YES: bid=0.180 ask=0.190 | NO: bid=0.800 ask=0.820
  q_yes=479.56 q_no=0.00 | avg_yes=0.225 avg_no=0.000
  exposure=$108.02 | mtm_pnl=$-21.70 | locked=$+0.00
  exposure=$108.02 | mtm_pnl=$-21.70 | locked=$+0.00
  orders: 0 | fills: 0 ()
2025-12-14 20:02:51,167 [INFO] --- HEARTBEAT (Cycle 2.65s) ---
2025-12-14 20:02:51,167 [INFO]    [btc-updown-15m-1765738800] ACCUMULATE | Rem: 730s | Orders: 0
2025-12-14 20:02:53,793 [INFO] [FILL APPLIED] btc-updown-15m-1765738800 | BUY YES 8.82 @ 0.170 | Inv: Y=497.2 N=0.0 Exp=$111.02
2025-12-14 20:02:53,793 [INFO] [DRY RUN] [93mSIMULATED FILL[0m: BUY YES 8.82 @ 0.17
2025-12-14 20:02:53,793 [INFO] [DRY RUN] [93mSIMULATED FILL[0m: BUY YES 9.38 @ 0.16
2025-12-14 20:02:53,793 [INFO] [btc-updown-15m-1765738800] IDLE | T-726s
  YES: bid=0.180 ask=0.190 | NO: bid=0.810 ask=0.820
  q_yes=488.38 q_no=0.00 | avg_yes=0.224 avg_no=0.000
  exposure=$109.52 | mtm_pnl=$-21.61 | locked=$+0.00
  exposure=$109.52 | mtm_pnl=$-21.61 | locked=$+0.00
  orders: 0 | fills: 0 ()
2025-12-14 20:02:56,836 [INFO] [FILL APPLIED] btc-updown-15m-1765738800 | BUY YES 8.82 @ 0.170 | Inv: Y=506.0 N=0.0 Exp=$112.52
2025-12-14 20:02:56,837 [INFO] [DRY RUN] [93mSIMULATED FILL[0m: BUY YES 8.82 @ 0.17
2025-12-14 20:02:56,837 [INFO] [FILL APPLIED] btc-updown-15m-1765738800 | BUY YES 9.38 @ 0.160 | Inv: Y=515.4 N=0.0 Exp=$114.02
2025-12-14 20:02:56,837 [INFO] [DRY RUN] [93mSIMULATED FILL[0m: BUY YES 9.38 @ 0.16
2025-12-14 20:02:56,837 [INFO] [btc-updown-15m-1765738800] IDLE | T-724s
  YES: bid=0.180 ask=0.190 | NO: bid=0.810 ask=0.830
  q_yes=497.20 q_no=0.00 | avg_yes=0.223 avg_no=0.000
  exposure=$111.02 | mtm_pnl=$-21.52 | locked=$+0.00
  exposure=$111.02 | mtm_pnl=$-21.52 | locked=$+0.00
  orders: 0 | fills: 0 ()
2025-12-14 20:02:59,686 [INFO] [FILL APPLIED] btc-updown-15m-1765738800 | BUY YES 9.38 @ 0.160 | Inv: Y=524.8 N=0.0 Exp=$115.52
2025-12-14 20:02:59,686 [INFO] [DRY RUN] [93mSIMULATED FILL[0m: BUY YES 9.38 @ 0.16
2025-12-14 20:02:59,686 [INFO] [DRY RUN] [93mSIMULATED FILL[0m: BUY YES 10.0 @ 0.15
2025-12-14 20:02:59,686 [INFO] [btc-updown-15m-1765738800] IDLE | T-720s
  YES: bid=0.170 ask=0.180 | NO: bid=0.820 ask=0.830
  q_yes=515.40 q_no=0.00 | avg_yes=0.221 avg_no=0.000
  exposure=$114.02 | mtm_pnl=$-26.40 | locked=$+0.00
  exposure=$114.02 | mtm_pnl=$-26.40 | locked=$+0.00
  orders: 0 | fills: 0 ()
2025-12-14 20:03:02,632 [INFO] [FILL APPLIED] btc-updown-15m-1765738800 | BUY YES 10.00 @ 0.150 | Inv: Y=534.8 N=0.0 Exp=$117.02
2025-12-14 20:03:02,632 [INFO] [DRY RUN] [93mSIMULATED FILL[0m: BUY YES 10.0 @ 0.15
2025-12-14 20:03:02,633 [INFO] [FILL APPLIED] btc-updown-15m-1765738800 | BUY YES 10.71 @ 0.140 | Inv: Y=545.5 N=0.0 Exp=$118.52
2025-12-14 20:03:02,633 [INFO] [DRY RUN] [93mSIMULATED FILL[0m: BUY YES 10.71 @ 0.14
2025-12-14 20:03:02,633 [INFO] [btc-updown-15m-1765738800] IDLE | T-718s
  YES: bid=0.160 ask=0.180 | NO: bid=0.820 ask=0.840
  q_yes=524.78 q_no=0.00 | avg_yes=0.220 avg_no=0.000
  exposure=$115.52 | mtm_pnl=$-31.56 | locked=$+0.00
  exposure=$115.52 | mtm_pnl=$-31.56 | locked=$+0.00
  orders: 0 | fills: 0 ()
2025-12-14 20:03:02,633 [INFO] --- HEARTBEAT (Cycle 2.85s) ---
2025-12-14 20:03:02,633 [INFO]    [btc-updown-15m-1765738800] ACCUMULATE | Rem: 718s | Orders: 0
2025-12-14 20:03:05,311 [INFO] [FILL APPLIED] btc-updown-15m-1765738800 | BUY YES 10.00 @ 0.150 | Inv: Y=555.5 N=0.0 Exp=$120.02
2025-12-14 20:03:05,311 [INFO] [DRY RUN] [93mSIMULATED FILL[0m: BUY YES 10.0 @ 0.15
2025-12-14 20:03:05,312 [INFO] [DRY RUN] [93mSIMULATED FILL[0m: BUY YES 10.71 @ 0.14
2025-12-14 20:03:05,312 [INFO] [btc-updown-15m-1765738800] IDLE | T-715s
  YES: bid=0.160 ask=0.170 | NO: bid=0.830 ask=0.840
  q_yes=545.49 q_no=0.00 | avg_yes=0.217 avg_no=0.000
  exposure=$118.52 | mtm_pnl=$-31.24 | locked=$+0.00
  exposure=$118.52 | mtm_pnl=$-31.24 | locked=$+0.00
  orders: 0 | fills: 0 ()
2025-12-14 20:03:07,896 [INFO] [FILL APPLIED] btc-updown-15m-1765738800 | BUY YES 10.00 @ 0.150 | Inv: Y=565.5 N=0.0 Exp=$121.52
2025-12-14 20:03:07,897 [INFO] [DRY RUN] [93mSIMULATED FILL[0m: BUY YES 10.0 @ 0.15
2025-12-14 20:03:07,897 [INFO] [FILL APPLIED] btc-updown-15m-1765738800 | BUY YES 10.71 @ 0.140 | Inv: Y=576.2 N=0.0 Exp=$123.02
2025-12-14 20:03:07,897 [INFO] [DRY RUN] [93mSIMULATED FILL[0m: BUY YES 10.71 @ 0.14
2025-12-14 20:03:07,897 [INFO] [btc-updown-15m-1765738800] IDLE | T-712s
  YES: bid=0.160 ask=0.170 | NO: bid=0.830 ask=0.840
  q_yes=555.49 q_no=0.00 | avg_yes=0.216 avg_no=0.000
  exposure=$120.02 | mtm_pnl=$-31.14 | locked=$+0.00
  exposure=$120.02 | mtm_pnl=$-31.14 | locked=$+0.00
  orders: 0 | fills: 0 ()
2025-12-14 20:03:10,587 [INFO] [FILL APPLIED] btc-updown-15m-1765738800 | BUY YES 8.82 @ 0.170 | Inv: Y=585.0 N=0.0 Exp=$124.52
2025-12-14 20:03:10,587 [INFO] [DRY RUN] [93mSIMULATED FILL[0m: BUY YES 8.82 @ 0.17
2025-12-14 20:03:10,587 [INFO] [DRY RUN] [93mSIMULATED FILL[0m: BUY YES 9.38 @ 0.16
2025-12-14 20:03:10,587 [INFO] [btc-updown-15m-1765738800] IDLE | T-710s
  YES: bid=0.180 ask=0.210 | NO: bid=0.790 ask=0.820
  q_yes=576.20 q_no=0.00 | avg_yes=0.213 avg_no=0.000
  exposure=$123.02 | mtm_pnl=$-19.30 | locked=$+0.00
  exposure=$123.02 | mtm_pnl=$-19.30 | locked=$+0.00
  orders: 0 | fills: 0 ()
2025-12-14 20:03:13,165 [INFO] [FILL APPLIED] btc-updown-15m-1765738800 | BUY YES 8.33 @ 0.180 | Inv: Y=593.4 N=0.0 Exp=$126.02
2025-12-14 20:03:13,165 [INFO] [DRY RUN] [93mSIMULATED FILL[0m: BUY YES 8.33 @ 0.18
2025-12-14 20:03:13,165 [INFO] [DRY RUN] [93mSIMULATED FILL[0m: BUY YES 8.82 @ 0.17
2025-12-14 20:03:13,166 [INFO] [btc-updown-15m-1765738800] IDLE | T-707s
  YES: bid=0.190 ask=0.210 | NO: bid=0.800 ask=0.810
  q_yes=585.02 q_no=0.00 | avg_yes=0.213 avg_no=0.000
  exposure=$124.52 | mtm_pnl=$-13.36 | locked=$+0.00
  exposure=$124.52 | mtm_pnl=$-13.36 | locked=$+0.00
  orders: 0 | fills: 0 ()
2025-12-14 20:03:13,166 [INFO] --- HEARTBEAT (Cycle 2.48s) ---
2025-12-14 20:03:13,166 [INFO]    [btc-updown-15m-1765738800] ACCUMULATE | Rem: 708s | Orders: 0
2025-12-14 20:03:15,919 [INFO] [FILL APPLIED] btc-updown-15m-1765738800 | BUY YES 8.82 @ 0.170 | Inv: Y=602.2 N=0.0 Exp=$127.52
2025-12-14 20:03:15,920 [INFO] [DRY RUN] [93mSIMULATED FILL[0m: BUY YES 8.82 @ 0.17
2025-12-14 20:03:15,920 [INFO] [FILL APPLIED] btc-updown-15m-1765738800 | BUY YES 9.38 @ 0.160 | Inv: Y=611.6 N=0.0 Exp=$129.02
2025-12-14 20:03:15,920 [INFO] [DRY RUN] [93mSIMULATED FILL[0m: BUY YES 9.38 @ 0.16
2025-12-14 20:03:15,920 [INFO] [btc-updown-15m-1765738800] IDLE | T-704s
  YES: bid=0.180 ask=0.190 | NO: bid=0.810 ask=0.820
  q_yes=593.35 q_no=0.00 | avg_yes=0.212 avg_no=0.000
  exposure=$126.02 | mtm_pnl=$-19.21 | locked=$+0.00
  exposure=$126.02 | mtm_pnl=$-19.21 | locked=$+0.00
  orders: 0 | fills: 0 ()
2025-12-14 20:03:18,805 [INFO] [FILL APPLIED] btc-updown-15m-1765738800 | BUY YES 9.38 @ 0.160 | Inv: Y=620.9 N=0.0 Exp=$130.52
2025-12-14 20:03:18,805 [INFO] [DRY RUN] [93mSIMULATED FILL[0m: BUY YES 9.38 @ 0.16
2025-12-14 20:03:18,805 [INFO] [DRY RUN] [93mSIMULATED FILL[0m: BUY YES 10.0 @ 0.15
2025-12-14 20:03:18,805 [INFO] [btc-updown-15m-1765738800] IDLE | T-701s
  YES: bid=0.170 ask=0.180 | NO: bid=0.810 ask=0.830
  q_yes=611.55 q_no=0.00 | avg_yes=0.211 avg_no=0.000
  exposure=$129.02 | mtm_pnl=$-25.05 | locked=$+0.00
  exposure=$129.02 | mtm_pnl=$-25.05 | locked=$+0.00
  orders: 0 | fills: 0 ()
2025-12-14 20:03:21,464 [INFO] [FILL APPLIED] btc-updown-15m-1765738800 | BUY YES 8.82 @ 0.170 | Inv: Y=629.8 N=0.0 Exp=$132.02
2025-12-14 20:03:21,464 [INFO] [DRY RUN] [93mSIMULATED FILL[0m: BUY YES 8.82 @ 0.17
2025-12-14 20:03:21,465 [INFO] [FILL APPLIED] btc-updown-15m-1765738800 | BUY YES 9.38 @ 0.160 | Inv: Y=639.1 N=0.0 Exp=$133.52
2025-12-14 20:03:21,465 [INFO] [DRY RUN] [93mSIMULATED FILL[0m: BUY YES 9.38 @ 0.16
2025-12-14 20:03:21,465 [INFO] [btc-updown-15m-1765738800] IDLE | T-699s
  YES: bid=0.180 ask=0.190 | NO: bid=0.810 ask=0.820
  q_yes=620.93 q_no=0.00 | avg_yes=0.210 avg_no=0.000
  exposure=$130.52 | mtm_pnl=$-18.75 | locked=$+0.00
  exposure=$130.52 | mtm_pnl=$-18.75 | locked=$+0.00
  orders: 0 | fills: 0 ()
2025-12-14 20:03:24,201 [INFO] [FILL APPLIED] btc-updown-15m-1765738800 | BUY YES 8.82 @ 0.170 | Inv: Y=648.0 N=0.0 Exp=$135.02
2025-12-14 20:03:24,201 [INFO] [DRY RUN] [93mSIMULATED FILL[0m: BUY YES 8.82 @ 0.17
2025-12-14 20:03:24,202 [INFO] [FILL APPLIED] btc-updown-15m-1765738800 | BUY YES 9.38 @ 0.160 | Inv: Y=657.3 N=0.0 Exp=$136.52
2025-12-14 20:03:24,202 [INFO] [DRY RUN] [93mSIMULATED FILL[0m: BUY YES 9.38 @ 0.16
2025-12-14 20:03:24,202 [INFO] [btc-updown-15m-1765738800] IDLE | T-696s
  YES: bid=0.180 ask=0.200 | NO: bid=0.800 ask=0.820
  q_yes=639.13 q_no=0.00 | avg_yes=0.209 avg_no=0.000
  exposure=$133.52 | mtm_pnl=$-18.48 | locked=$+0.00
  exposure=$133.52 | mtm_pnl=$-18.48 | locked=$+0.00
  orders: 0 | fills: 0 ()
2025-12-14 20:03:24,202 [INFO] --- HEARTBEAT (Cycle 2.64s) ---
2025-12-14 20:03:24,202 [INFO]    [btc-updown-15m-1765738800] ACCUMULATE | Rem: 696s | Orders: 0
2025-12-14 20:03:26,936 [INFO] [FILL APPLIED] btc-updown-15m-1765738800 | BUY YES 8.82 @ 0.170 | Inv: Y=666.2 N=0.0 Exp=$138.02
2025-12-14 20:03:26,937 [INFO] [DRY RUN] [93mSIMULATED FILL[0m: BUY YES 8.82 @ 0.17
2025-12-14 20:03:26,937 [INFO] [FILL APPLIED] btc-updown-15m-1765738800 | BUY YES 9.38 @ 0.160 | Inv: Y=675.5 N=0.0 Exp=$139.52
2025-12-14 20:03:26,937 [INFO] [DRY RUN] [93mSIMULATED FILL[0m: BUY YES 9.38 @ 0.16
2025-12-14 20:03:26,938 [INFO] [btc-updown-15m-1765738800] IDLE | T-693s
  YES: bid=0.180 ask=0.200 | NO: bid=0.800 ask=0.820
  q_yes=657.33 q_no=0.00 | avg_yes=0.208 avg_no=0.000
  exposure=$136.52 | mtm_pnl=$-18.20 | locked=$+0.00
  exposure=$136.52 | mtm_pnl=$-18.20 | locked=$+0.00
  orders: 0 | fills: 0 ()
2025-12-14 20:03:29,547 [INFO] [FILL APPLIED] btc-updown-15m-1765738800 | BUY YES 9.38 @ 0.160 | Inv: Y=684.9 N=0.0 Exp=$141.02
2025-12-14 20:03:29,547 [INFO] [DRY RUN] [93mSIMULATED FILL[0m: BUY YES 9.38 @ 0.16
2025-12-14 20:03:29,547 [INFO] [DRY RUN] [93mSIMULATED FILL[0m: BUY YES 10.0 @ 0.15
2025-12-14 20:03:29,549 [INFO] [btc-updown-15m-1765738800] IDLE | T-691s
  YES: bid=0.170 ask=0.180 | NO: bid=0.820 ask=0.830
  q_yes=675.53 q_no=0.00 | avg_yes=0.207 avg_no=0.000
  exposure=$139.52 | mtm_pnl=$-24.68 | locked=$+0.00
  exposure=$139.52 | mtm_pnl=$-24.68 | locked=$+0.00
  orders: 0 | fills: 0 ()
2025-12-14 20:03:32,152 [INFO] [FILL APPLIED] btc-updown-15m-1765738800 | BUY YES 9.38 @ 0.160 | Inv: Y=694.3 N=0.0 Exp=$142.52
2025-12-14 20:03:32,152 [INFO] [DRY RUN] [93mSIMULATED FILL[0m: BUY YES 9.38 @ 0.16
2025-12-14 20:03:32,152 [INFO] [DRY RUN] [93mSIMULATED FILL[0m: BUY YES 10.0 @ 0.15
2025-12-14 20:03:32,152 [INFO] [btc-updown-15m-1765738800] IDLE | T-688s
  YES: bid=0.170 ask=0.190 | NO: bid=0.810 ask=0.830
  q_yes=684.91 q_no=0.00 | avg_yes=0.206 avg_no=0.000
  exposure=$141.02 | mtm_pnl=$-24.59 | locked=$+0.00
  exposure=$141.02 | mtm_pnl=$-24.59 | locked=$+0.00
  orders: 0 | fills: 0 ()
2025-12-14 20:03:34,683 [INFO] [FILL APPLIED] btc-updown-15m-1765738800 | BUY YES 8.82 @ 0.170 | Inv: Y=703.1 N=0.0 Exp=$144.02
2025-12-14 20:03:34,683 [INFO] [DRY RUN] [93mSIMULATED FILL[0m: BUY YES 8.82 @ 0.17
2025-12-14 20:03:34,683 [INFO] [DRY RUN] [93mSIMULATED FILL[0m: BUY YES 9.38 @ 0.16
2025-12-14 20:03:34,683 [INFO] [btc-updown-15m-1765738800] IDLE | T-685s
  YES: bid=0.180 ask=0.190 | NO: bid=0.810 ask=0.820
  q_yes=694.29 q_no=0.00 | avg_yes=0.205 avg_no=0.000
  exposure=$142.52 | mtm_pnl=$-17.55 | locked=$+0.00
  exposure=$142.52 | mtm_pnl=$-17.55 | locked=$+0.00
  orders: 0 | fills: 0 ()
2025-12-14 20:03:34,683 [INFO] --- HEARTBEAT (Cycle 2.43s) ---
2025-12-14 20:03:34,683 [INFO]    [btc-updown-15m-1765738800] ACCUMULATE | Rem: 686s | Orders: 0
2025-12-14 20:03:37,539 [INFO] [FILL APPLIED] btc-updown-15m-1765738800 | BUY YES 8.82 @ 0.170 | Inv: Y=711.9 N=0.0 Exp=$145.52
2025-12-14 20:03:37,540 [INFO] [DRY RUN] [93mSIMULATED FILL[0m: BUY YES 8.82 @ 0.17
2025-12-14 20:03:37,540 [INFO] [FILL APPLIED] btc-updown-15m-1765738800 | BUY YES 9.38 @ 0.160 | Inv: Y=721.3 N=0.0 Exp=$147.02
2025-12-14 20:03:37,540 [INFO] [DRY RUN] [93mSIMULATED FILL[0m: BUY YES 9.38 @ 0.16
2025-12-14 20:03:37,540 [INFO] [btc-updown-15m-1765738800] IDLE | T-683s
  YES: bid=0.180 ask=0.190 | NO: bid=0.800 ask=0.820
  q_yes=703.11 q_no=0.00 | avg_yes=0.205 avg_no=0.000
  exposure=$144.02 | mtm_pnl=$-17.46 | locked=$+0.00
  exposure=$144.02 | mtm_pnl=$-17.46 | locked=$+0.00
  orders: 0 | fills: 0 ()
2025-12-14 20:03:40,226 [INFO] [FILL APPLIED] btc-updown-15m-1765738800 | BUY YES 8.82 @ 0.170 | Inv: Y=730.1 N=0.0 Exp=$148.52
2025-12-14 20:03:40,226 [INFO] [DRY RUN] [93mSIMULATED FILL[0m: BUY YES 8.82 @ 0.17
2025-12-14 20:03:40,226 [INFO] [DRY RUN] [93mSIMULATED FILL[0m: BUY YES 9.38 @ 0.16
2025-12-14 20:03:40,227 [INFO] [btc-updown-15m-1765738800] IDLE | T-680s
  YES: bid=0.180 ask=0.190 | NO: bid=0.800 ask=0.820
  q_yes=721.31 q_no=0.00 | avg_yes=0.204 avg_no=0.000
  exposure=$147.02 | mtm_pnl=$-17.18 | locked=$+0.00
  exposure=$147.02 | mtm_pnl=$-17.18 | locked=$+0.00
  orders: 0 | fills: 0 ()
2025-12-14 20:03:43,064 [INFO] [FILL APPLIED] btc-updown-15m-1765738800 | BUY YES 8.82 @ 0.170 | Inv: Y=739.0 N=0.0 Exp=$150.02
2025-12-14 20:03:43,065 [INFO] [DRY RUN] [93mSIMULATED FILL[0m: BUY YES 8.82 @ 0.17
2025-12-14 20:03:43,065 [INFO] [FILL APPLIED] btc-updown-15m-1765738800 | BUY YES 9.38 @ 0.160 | Inv: Y=748.3 N=0.0 Exp=$151.52
2025-12-14 20:03:43,065 [INFO] [DRY RUN] [93mSIMULATED FILL[0m: BUY YES 9.38 @ 0.16
2025-12-14 20:03:43,065 [INFO] [btc-updown-15m-1765738800] IDLE | T-677s
  YES: bid=0.180 ask=0.190 | NO: bid=0.810 ask=0.820
  q_yes=730.13 q_no=0.00 | avg_yes=0.203 avg_no=0.000
  exposure=$148.52 | mtm_pnl=$-17.10 | locked=$+0.00
  exposure=$148.52 | mtm_pnl=$-17.10 | locked=$+0.00
  orders: 0 | fills: 0 ()
2025-12-14 20:03:45,652 [INFO] [FILL APPLIED] btc-updown-15m-1765738800 | BUY YES 9.38 @ 0.160 | Inv: Y=757.7 N=0.0 Exp=$153.02
2025-12-14 20:03:45,652 [INFO] [DRY RUN] [93mSIMULATED FILL[0m: BUY YES 9.38 @ 0.16
2025-12-14 20:03:45,652 [INFO] [DRY RUN] [93mSIMULATED FILL[0m: BUY YES 10.0 @ 0.15
2025-12-14 20:03:45,652 [INFO] [btc-updown-15m-1765738800] IDLE | T-675s
  YES: bid=0.170 ask=0.190 | NO: bid=0.810 ask=0.830
  q_yes=748.33 q_no=0.00 | avg_yes=0.202 avg_no=0.000
  exposure=$151.52 | mtm_pnl=$-24.30 | locked=$+0.00
  exposure=$151.52 | mtm_pnl=$-24.30 | locked=$+0.00
  orders: 0 | fills: 0 ()
2025-12-14 20:03:45,652 [INFO] --- HEARTBEAT (Cycle 2.49s) ---
2025-12-14 20:03:45,653 [INFO]    [btc-updown-15m-1765738800] ACCUMULATE | Rem: 675s | Orders: 0
2025-12-14 20:03:48,234 [INFO] [FILL APPLIED] btc-updown-15m-1765738800 | BUY YES 9.38 @ 0.160 | Inv: Y=767.1 N=0.0 Exp=$154.52
2025-12-14 20:03:48,234 [INFO] [DRY RUN] [93mSIMULATED FILL[0m: BUY YES 9.38 @ 0.16
2025-12-14 20:03:48,235 [INFO] [FILL APPLIED] btc-updown-15m-1765738800 | BUY YES 10.00 @ 0.150 | Inv: Y=777.1 N=0.0 Exp=$156.02
2025-12-14 20:03:48,235 [INFO] [DRY RUN] [93mSIMULATED FILL[0m: BUY YES 10.0 @ 0.15
2025-12-14 20:03:48,235 [INFO] [btc-updown-15m-1765738800] IDLE | T-672s
  YES: bid=0.170 ask=0.190 | NO: bid=0.810 ask=0.830
  q_yes=757.71 q_no=0.00 | avg_yes=0.202 avg_no=0.000
  exposure=$153.02 | mtm_pnl=$-24.21 | locked=$+0.00
  exposure=$153.02 | mtm_pnl=$-24.21 | locked=$+0.00
  orders: 0 | fills: 0 ()
2025-12-14 20:03:50,836 [INFO] [FILL APPLIED] btc-updown-15m-1765738800 | BUY YES 9.38 @ 0.160 | Inv: Y=786.5 N=0.0 Exp=$157.52
2025-12-14 20:03:50,836 [INFO] [DRY RUN] [93mSIMULATED FILL[0m: BUY YES 9.38 @ 0.16
2025-12-14 20:03:50,836 [INFO] [DRY RUN] [93mSIMULATED FILL[0m: BUY YES 10.0 @ 0.15
2025-12-14 20:03:50,836 [INFO] [btc-updown-15m-1765738800] IDLE | T-669s
  YES: bid=0.170 ask=0.190 | NO: bid=0.810 ask=0.830
  q_yes=777.09 q_no=0.00 | avg_yes=0.201 avg_no=0.000
  exposure=$156.02 | mtm_pnl=$-23.92 | locked=$+0.00
  exposure=$156.02 | mtm_pnl=$-23.92 | locked=$+0.00
  orders: 0 | fills: 0 ()
2025-12-14 20:03:53,458 [INFO] [FILL APPLIED] btc-updown-15m-1765738800 | BUY YES 9.38 @ 0.160 | Inv: Y=795.9 N=0.0 Exp=$159.02
2025-12-14 20:03:53,458 [INFO] [DRY RUN] [93mSIMULATED FILL[0m: BUY YES 9.38 @ 0.16
2025-12-14 20:03:53,458 [INFO] [DRY RUN] [93mSIMULATED FILL[0m: BUY YES 10.0 @ 0.15
2025-12-14 20:03:53,458 [INFO] [btc-updown-15m-1765738800] IDLE | T-667s
  YES: bid=0.170 ask=0.190 | NO: bid=0.810 ask=0.830
  q_yes=786.47 q_no=0.00 | avg_yes=0.200 avg_no=0.000
  exposure=$157.52 | mtm_pnl=$-23.82 | locked=$+0.00
  exposure=$157.52 | mtm_pnl=$-23.82 | locked=$+0.00
  orders: 0 | fills: 0 ()
2025-12-14 20:03:56,035 [INFO] [FILL APPLIED] btc-updown-15m-1765738800 | BUY YES 9.38 @ 0.160 | Inv: Y=805.2 N=0.0 Exp=$160.52
2025-12-14 20:03:56,036 [INFO] [DRY RUN] [93mSIMULATED FILL[0m: BUY YES 9.38 @ 0.16
2025-12-14 20:03:56,036 [INFO] [FILL APPLIED] btc-updown-15m-1765738800 | BUY YES 10.00 @ 0.150 | Inv: Y=815.2 N=0.0 Exp=$162.02
2025-12-14 20:03:56,036 [INFO] [DRY RUN] [93mSIMULATED FILL[0m: BUY YES 10.0 @ 0.15
2025-12-14 20:03:56,036 [INFO] [btc-updown-15m-1765738800] IDLE | T-664s
  YES: bid=0.170 ask=0.190 | NO: bid=0.810 ask=0.830
  q_yes=795.85 q_no=0.00 | avg_yes=0.200 avg_no=0.000
  exposure=$159.02 | mtm_pnl=$-23.73 | locked=$+0.00
  exposure=$159.02 | mtm_pnl=$-23.73 | locked=$+0.00
  orders: 0 | fills: 0 ()
2025-12-14 20:03:56,036 [INFO] --- HEARTBEAT (Cycle 2.48s) ---
2025-12-14 20:03:56,036 [INFO]    [btc-updown-15m-1765738800] ACCUMULATE | Rem: 665s | Orders: 0
2025-12-14 20:03:58,601 [INFO] [FILL APPLIED] btc-updown-15m-1765738800 | BUY YES 10.00 @ 0.150 | Inv: Y=825.2 N=0.0 Exp=$163.52
2025-12-14 20:03:58,601 [INFO] [DRY RUN] [93mSIMULATED FILL[0m: BUY YES 10.0 @ 0.15
2025-12-14 20:03:58,601 [INFO] [DRY RUN] [93mSIMULATED FILL[0m: BUY YES 10.71 @ 0.14
2025-12-14 20:03:58,601 [INFO] [btc-updown-15m-1765738800] IDLE | T-662s
  YES: bid=0.160 ask=0.180 | NO: bid=0.820 ask=0.840
  q_yes=815.23 q_no=0.00 | avg_yes=0.199 avg_no=0.000
  exposure=$162.02 | mtm_pnl=$-31.59 | locked=$+0.00
  exposure=$162.02 | mtm_pnl=$-31.59 | locked=$+0.00
  orders: 0 | fills: 0 ()
2025-12-14 20:04:01,162 [INFO] [FILL APPLIED] btc-updown-15m-1765738800 | BUY YES 9.38 @ 0.160 | Inv: Y=834.6 N=0.0 Exp=$165.02
2025-12-14 20:04:01,162 [INFO] [DRY RUN] [93mSIMULATED FILL[0m: BUY YES 9.38 @ 0.16
2025-12-14 20:04:01,162 [INFO] [DRY RUN] [93mSIMULATED FILL[0m: BUY YES 10.0 @ 0.15
2025-12-14 20:04:01,162 [INFO] [btc-updown-15m-1765738800] IDLE | T-659s
  YES: bid=0.170 ask=0.180 | NO: bid=0.820 ask=0.830
  q_yes=825.23 q_no=0.00 | avg_yes=0.198 avg_no=0.000
  exposure=$163.52 | mtm_pnl=$-23.23 | locked=$+0.00
  exposure=$163.52 | mtm_pnl=$-23.23 | locked=$+0.00
  orders: 0 | fills: 0 ()
2025-12-14 20:04:03,732 [INFO] [FILL APPLIED] btc-updown-15m-1765738800 | BUY YES 10.00 @ 0.150 | Inv: Y=844.6 N=0.0 Exp=$166.52
2025-12-14 20:04:03,733 [INFO] [DRY RUN] [93mSIMULATED FILL[0m: BUY YES 10.0 @ 0.15
2025-12-14 20:04:03,733 [INFO] [FILL APPLIED] btc-updown-15m-1765738800 | BUY YES 10.71 @ 0.140 | Inv: Y=855.3 N=0.0 Exp=$168.02
2025-12-14 20:04:03,733 [INFO] [DRY RUN] [93mSIMULATED FILL[0m: BUY YES 10.71 @ 0.14
2025-12-14 20:04:03,733 [INFO] [btc-updown-15m-1765738800] IDLE | T-656s
  YES: bid=0.160 ask=0.180 | NO: bid=0.820 ask=0.840
  q_yes=834.61 q_no=0.00 | avg_yes=0.198 avg_no=0.000
  exposure=$165.02 | mtm_pnl=$-31.49 | locked=$+0.00
  exposure=$165.02 | mtm_pnl=$-31.49 | locked=$+0.00
  orders: 0 | fills: 0 ()
2025-12-14 20:04:06,410 [INFO] [FILL APPLIED] btc-updown-15m-1765738800 | BUY YES 10.00 @ 0.150 | Inv: Y=865.3 N=0.0 Exp=$169.52
2025-12-14 20:04:06,410 [INFO] [DRY RUN] [93mSIMULATED FILL[0m: BUY YES 10.0 @ 0.15
2025-12-14 20:04:06,410 [INFO] [DRY RUN] [93mSIMULATED FILL[0m: BUY YES 10.71 @ 0.14
2025-12-14 20:04:06,410 [INFO] [btc-updown-15m-1765738800] IDLE | T-654s
  YES: bid=0.160 ask=0.170 | NO: bid=0.830 ask=0.840
  q_yes=855.32 q_no=0.00 | avg_yes=0.196 avg_no=0.000
  exposure=$168.02 | mtm_pnl=$-31.17 | locked=$+0.00
  exposure=$168.02 | mtm_pnl=$-31.17 | locked=$+0.00
  orders: 0 | fills: 0 ()
2025-12-14 20:04:06,410 [INFO] --- HEARTBEAT (Cycle 2.58s) ---
2025-12-14 20:04:06,410 [INFO]    [btc-updown-15m-1765738800] ACCUMULATE | Rem: 654s | Orders: 0
2025-12-14 20:04:09,121 [INFO] [FILL APPLIED] btc-updown-15m-1765738800 | BUY YES 10.00 @ 0.150 | Inv: Y=875.3 N=0.0 Exp=$171.02
2025-12-14 20:04:09,121 [INFO] [DRY RUN] [93mSIMULATED FILL[0m: BUY YES 10.0 @ 0.15
2025-12-14 20:04:09,121 [INFO] [DRY RUN] [93mSIMULATED FILL[0m: BUY YES 10.71 @ 0.14
2025-12-14 20:04:09,121 [INFO] [btc-updown-15m-1765738800] IDLE | T-651s
  YES: bid=0.160 ask=0.170 | NO: bid=0.830 ask=0.840
  q_yes=865.32 q_no=0.00 | avg_yes=0.196 avg_no=0.000
  exposure=$169.52 | mtm_pnl=$-31.07 | locked=$+0.00
  exposure=$169.52 | mtm_pnl=$-31.07 | locked=$+0.00
  orders: 0 | fills: 0 ()
2025-12-14 20:04:11,731 [INFO] [FILL APPLIED] btc-updown-15m-1765738800 | BUY YES 11.54 @ 0.130 | Inv: Y=886.9 N=0.0 Exp=$172.52
2025-12-14 20:04:11,732 [INFO] [DRY RUN] [93mSIMULATED FILL[0m: BUY YES 11.54 @ 0.13
2025-12-14 20:04:11,732 [INFO] [FILL APPLIED] btc-updown-15m-1765738800 | BUY YES 12.50 @ 0.120 | Inv: Y=899.4 N=0.0 Exp=$174.02
2025-12-14 20:04:11,732 [INFO] [DRY RUN] [93mSIMULATED FILL[0m: BUY YES 12.5 @ 0.12
2025-12-14 20:04:11,732 [INFO] [btc-updown-15m-1765738800] IDLE | T-648s
  YES: bid=0.140 ask=0.170 | NO: bid=0.830 ask=0.860
  q_yes=875.32 q_no=0.00 | avg_yes=0.195 avg_no=0.000
  exposure=$171.02 | mtm_pnl=$-48.48 | locked=$+0.00
  exposure=$171.02 | mtm_pnl=$-48.48 | locked=$+0.00
  orders: 0 | fills: 0 ()
2025-12-14 20:04:14,408 [INFO] [FILL APPLIED] btc-updown-15m-1765738800 | BUY YES 13.64 @ 0.110 | Inv: Y=913.0 N=0.0 Exp=$175.52
2025-12-14 20:04:14,408 [INFO] [DRY RUN] [93mSIMULATED FILL[0m: BUY YES 13.64 @ 0.11
2025-12-14 20:04:14,408 [INFO] [DRY RUN] [93mSIMULATED FILL[0m: BUY YES 15.0 @ 0.1
2025-12-14 20:04:14,408 [INFO] [btc-updown-15m-1765738800] IDLE | T-646s
  YES: bid=0.120 ask=0.140 | NO: bid=0.870 ask=0.880
  q_yes=899.36 q_no=0.00 | avg_yes=0.193 avg_no=0.000
  exposure=$174.02 | mtm_pnl=$-66.10 | locked=$+0.00
  exposure=$174.02 | mtm_pnl=$-66.10 | locked=$+0.00
  orders: 0 | fills: 0 ()
2025-12-14 20:04:17,125 [INFO] [FILL APPLIED] btc-updown-15m-1765738800 | BUY YES 15.00 @ 0.100 | Inv: Y=928.0 N=0.0 Exp=$177.02
2025-12-14 20:04:17,125 [INFO] [DRY RUN] [93mSIMULATED FILL[0m: BUY YES 15.0 @ 0.1
2025-12-14 20:04:17,125 [INFO] [DRY RUN] [93mSIMULATED FILL[0m: BUY YES 16.67 @ 0.09
2025-12-14 20:04:17,125 [INFO] [btc-updown-15m-1765738800] IDLE | T-643s
  YES: bid=0.110 ask=0.140 | NO: bid=0.860 ask=0.890
  q_yes=913.00 q_no=0.00 | avg_yes=0.192 avg_no=0.000
  exposure=$175.52 | mtm_pnl=$-75.09 | locked=$+0.00
  exposure=$175.52 | mtm_pnl=$-75.09 | locked=$+0.00
  orders: 0 | fills: 0 ()
2025-12-14 20:04:17,125 [INFO] --- HEARTBEAT (Cycle 2.62s) ---
2025-12-14 20:04:17,126 [INFO]    [btc-updown-15m-1765738800] ACCUMULATE | Rem: 644s | Orders: 0
2025-12-14 20:04:19,797 [INFO] [FILL APPLIED] btc-updown-15m-1765738800 | BUY YES 15.00 @ 0.100 | Inv: Y=943.0 N=0.0 Exp=$178.52
2025-12-14 20:04:19,797 [INFO] [DRY RUN] [93mSIMULATED FILL[0m: BUY YES 15.0 @ 0.1
2025-12-14 20:04:19,797 [INFO] [FILL APPLIED] btc-updown-15m-1765738800 | BUY YES 16.67 @ 0.090 | Inv: Y=959.7 N=0.0 Exp=$180.03
2025-12-14 20:04:19,797 [INFO] [DRY RUN] [93mSIMULATED FILL[0m: BUY YES 16.67 @ 0.09
2025-12-14 20:04:19,797 [INFO] [btc-updown-15m-1765738800] IDLE | T-640s
  YES: bid=0.110 ask=0.120 | NO: bid=0.880 ask=0.890
  q_yes=928.00 q_no=0.00 | avg_yes=0.191 avg_no=0.000
  exposure=$177.02 | mtm_pnl=$-74.94 | locked=$+0.00
  exposure=$177.02 | mtm_pnl=$-74.94 | locked=$+0.00
  orders: 0 | fills: 0 ()
2025-12-14 20:04:22,433 [WARNING] [btc-updown-15m-1765738800] STOP TRIGGER: MtM PnL -84.06 < 80.0
2025-12-14 20:04:22,433 [INFO] [btc-updown-15m-1765738800] ACCUMULATE -> STOPPED (Stop loss hit)
2025-12-14 20:04:22,433 [INFO] [btc-updown-15m-1765738800] IDLE | T-638s
  YES: bid=0.100 ask=0.110 | NO: bid=0.890 ask=0.900
  q_yes=959.67 q_no=0.00 | avg_yes=0.188 avg_no=0.000
  exposure=$180.03 | mtm_pnl=$-84.06 | locked=$+0.00
  exposure=$180.03 | mtm_pnl=$-84.06 | locked=$+0.00
  orders: 0 | fills: 0 ()
2025-12-14 20:04:25,051 [INFO] [FILL APPLIED] btc-updown-15m-1765738800 | SELL YES 959.67 @ 0.110 | Inv: Y=0.0 N=0.0 Exp=$0.00
2025-12-14 20:04:25,051 [INFO] [DRY RUN] [93mSIMULATED FILL[0m: SELL YES 959.6700000000004 @ 0.11
2025-12-14 20:04:27,657 [INFO] --- HEARTBEAT (Cycle 2.51s) ---
2025-12-14 20:04:27,658 [INFO]    [btc-updown-15m-1765738800] STOPPED | Rem: 633s | Orders: 0
2025-12-14 20:04:38,558 [INFO] --- HEARTBEAT (Cycle 2.57s) ---
2025-12-14 20:04:38,558 [INFO]    [btc-updown-15m-1765738800] STOPPED | Rem: 622s | Orders: 0
2025-12-14 20:04:49,204 [INFO] --- HEARTBEAT (Cycle 2.66s) ---
2025-12-14 20:04:49,204 [INFO]    [btc-updown-15m-1765738800] STOPPED | Rem: 611s | Orders: 0
2025-12-14 20:04:59,783 [INFO] --- HEARTBEAT (Cycle 2.59s) ---
2025-12-14 20:04:59,783 [INFO]    [btc-updown-15m-1765738800] STOPPED | Rem: 601s | Orders: 0
2025-12-14 20:05:10,381 [INFO] --- HEARTBEAT (Cycle 2.54s) ---
2025-12-14 20:05:10,382 [INFO]    [btc-updown-15m-1765738800] STOPPED | Rem: 590s | Orders: 0
2025-12-14 20:05:20,755 [INFO] --- HEARTBEAT (Cycle 2.47s) ---
2025-12-14 20:05:20,755 [INFO]    [btc-updown-15m-1765738800] STOPPED | Rem: 580s | Orders: 0
2025-12-14 20:05:31,524 [INFO] --- HEARTBEAT (Cycle 2.50s) ---
2025-12-14 20:05:31,524 [INFO]    [btc-updown-15m-1765738800] STOPPED | Rem: 569s | Orders: 0
2025-12-14 20:05:43,071 [INFO] --- HEARTBEAT (Cycle 3.51s) ---
2025-12-14 20:05:43,071 [INFO]    [btc-updown-15m-1765738800] STOPPED | Rem: 559s | Orders: 0
2025-12-14 20:05:54,397 [INFO] --- HEARTBEAT (Cycle 2.50s) ---
2025-12-14 20:05:54,397 [INFO]    [btc-updown-15m-1765738800] STOPPED | Rem: 546s | Orders: 0
2025-12-14 20:06:06,377 [INFO] --- HEARTBEAT (Cycle 2.68s) ---
2025-12-14 20:06:06,377 [INFO]    [btc-updown-15m-1765738800] STOPPED | Rem: 534s | Orders: 0
2025-12-14 20:06:16,973 [INFO] --- HEARTBEAT (Cycle 2.54s) ---
2025-12-14 20:06:16,973 [INFO]    [btc-updown-15m-1765738800] STOPPED | Rem: 524s | Orders: 0
2025-12-14 20:06:27,902 [INFO] --- HEARTBEAT (Cycle 2.45s) ---
2025-12-14 20:06:27,902 [INFO]    [btc-updown-15m-1765738800] STOPPED | Rem: 513s | Orders: 0
2025-12-14 20:06:38,392 [INFO] --- HEARTBEAT (Cycle 2.56s) ---
2025-12-14 20:06:38,392 [INFO]    [btc-updown-15m-1765738800] STOPPED | Rem: 502s | Orders: 0
2025-12-14 20:06:49,602 [INFO] --- HEARTBEAT (Cycle 2.80s) ---
2025-12-14 20:06:49,602 [INFO]    [btc-updown-15m-1765738800] STOPPED | Rem: 491s | Orders: 0
2025-12-14 20:07:00,620 [INFO] --- HEARTBEAT (Cycle 2.57s) ---
2025-12-14 20:07:00,620 [INFO]    [btc-updown-15m-1765738800] STOPPED | Rem: 480s | Orders: 0
2025-12-14 20:07:11,803 [INFO] --- HEARTBEAT (Cycle 2.58s) ---
2025-12-14 20:07:11,804 [INFO]    [btc-updown-15m-1765738800] STOPPED | Rem: 469s | Orders: 0
2025-12-14 20:07:23,253 [INFO] --- HEARTBEAT (Cycle 3.04s) ---
2025-12-14 20:07:23,253 [INFO]    [btc-updown-15m-1765738800] STOPPED | Rem: 457s | Orders: 0
2025-12-14 20:07:35,096 [INFO] --- HEARTBEAT (Cycle 2.56s) ---
2025-12-14 20:07:35,096 [INFO]    [btc-updown-15m-1765738800] STOPPED | Rem: 446s | Orders: 0
2025-12-14 20:07:45,831 [INFO] --- HEARTBEAT (Cycle 2.65s) ---
2025-12-14 20:07:45,831 [INFO]    [btc-updown-15m-1765738800] STOPPED | Rem: 435s | Orders: 0
2025-12-14 20:07:48,762 [INFO] Stopping...
2025-12-14 20:14:13,701 [WARNING] [93m==================================================
2025-12-14 20:14:13,701 [WARNING] !!! RUNNING IN DRY RUN / SIMULATION MODE !!!
2025-12-14 20:14:13,701 [WARNING] No real orders will be placed.
2025-12-14 20:14:13,701 [WARNING] All generated orders will be IMMEIDATELY FILLED (Simulated).
2025-12-14 20:14:13,701 [WARNING] ==================================================[0m
2025-12-14 20:14:13,701 [INFO] --- GABAGOOL LITE INITIALIZATION ---
2025-12-14 20:14:13,706 [INFO] [ALERT] CLOB client authentifié initialisé sur https://clob.polymarket.com
2025-12-14 20:14:13,706 [WARNING] MODE LIVE - ORDRES RÉELS POSSIBLES
2025-12-14 20:14:13,706 [INFO] API Client Authenticated.
2025-12-14 20:14:13,706 [INFO] >>> STARTING ROTATION CYCLE: Scanning for active BTC market... <<<
2025-12-14 20:14:14,449 [INFO] No active markets found (gap window?). Sleeping 10s and retrying...
2025-12-14 20:14:24,450 [INFO] >>> STARTING ROTATION CYCLE: Scanning for active BTC market... <<<
2025-12-14 20:14:25,163 [INFO] No active markets found (gap window?). Sleeping 10s and retrying...
2025-12-14 20:14:35,164 [INFO] >>> STARTING ROTATION CYCLE: Scanning for active BTC market... <<<
2025-12-14 20:14:35,934 [INFO] No active markets found (gap window?). Sleeping 10s and retrying...
2025-12-14 20:14:45,936 [INFO] >>> STARTING ROTATION CYCLE: Scanning for active BTC market... <<<
2025-12-14 20:14:46,652 [INFO] No active markets found (gap window?). Sleeping 10s and retrying...
2025-12-14 20:14:56,652 [INFO] >>> STARTING ROTATION CYCLE: Scanning for active BTC market... <<<
2025-12-14 20:14:57,443 [INFO] No active markets found (gap window?). Sleeping 10s and retrying...
2025-12-14 20:15:07,443 [INFO] >>> STARTING ROTATION CYCLE: Scanning for active BTC market... <<<
2025-12-14 20:15:08,161 [INFO] No active markets found (gap window?). Sleeping 10s and retrying...
2025-12-14 20:15:18,162 [INFO] >>> STARTING ROTATION CYCLE: Scanning for active BTC market... <<<
2025-12-14 20:15:18,862 [INFO] No active markets found (gap window?). Sleeping 10s and retrying...
2025-12-14 20:15:28,864 [INFO] >>> STARTING ROTATION CYCLE: Scanning for active BTC market... <<<
2025-12-14 20:15:29,574 [INFO] Tracking Market: btc-updown-15m-1765739700
2025-12-14 20:15:29,574 [INFO] Orchestrator initialized. Dry Run: True
2025-12-14 20:15:31,674 [ERROR] Market update error btc-updown-15m-1765739700: GabagoolLiteStrategy.update_market_data_prices() got an unexpected keyword argument 'btc_now'
2025-12-14 20:15:33,212 [CRITICAL] Crash: 'InventoryLedger' object has no attribute 'fills'
Traceback (most recent call last):
  File "E:\Cursor Project\Polymarket_bot_arbitrage\live_gabagool_lite.py", line 235, in main
    orchestrator.tick()
  File "E:\Cursor Project\Polymarket_bot_arbitrage\gabagool_lite\orchestrator.py", line 104, in tick
    desired_orders = strat.tick(is_active)
                     ^^^^^^^^^^^^^^^^^^^^^
  File "E:\Cursor Project\Polymarket_bot_arbitrage\gabagool_lite\strategy.py", line 146, in tick
    if self.inventory_ledger and self.inventory_ledger.fills:
                                 ^^^^^^^^^^^^^^^^^^^^^^^^^^^
AttributeError: 'InventoryLedger' object has no attribute 'fills'
2025-12-14 20:15:38,216 [INFO] >>> STARTING ROTATION CYCLE: Scanning for active BTC market... <<<
2025-12-14 20:15:38,927 [INFO] Tracking Market: btc-updown-15m-1765739700
2025-12-14 20:15:38,927 [INFO] Orchestrator initialized. Dry Run: True
2025-12-14 20:15:41,053 [ERROR] Market update error btc-updown-15m-1765739700: GabagoolLiteStrategy.update_market_data_prices() got an unexpected keyword argument 'btc_now'
2025-12-14 20:15:42,406 [CRITICAL] Crash: 'InventoryLedger' object has no attribute 'fills'
Traceback (most recent call last):
  File "E:\Cursor Project\Polymarket_bot_arbitrage\live_gabagool_lite.py", line 235, in main
    orchestrator.tick()
  File "E:\Cursor Project\Polymarket_bot_arbitrage\gabagool_lite\orchestrator.py", line 104, in tick
    desired_orders = strat.tick(is_active)
                     ^^^^^^^^^^^^^^^^^^^^^
  File "E:\Cursor Project\Polymarket_bot_arbitrage\gabagool_lite\strategy.py", line 146, in tick
    if self.inventory_ledger and self.inventory_ledger.fills:
                                 ^^^^^^^^^^^^^^^^^^^^^^^^^^^
AttributeError: 'InventoryLedger' object has no attribute 'fills'
2025-12-14 20:15:47,408 [INFO] >>> STARTING ROTATION CYCLE: Scanning for active BTC market... <<<
2025-12-14 20:15:48,117 [INFO] Tracking Market: btc-updown-15m-1765739700
2025-12-14 20:15:48,118 [INFO] Orchestrator initialized. Dry Run: True
2025-12-14 20:15:51,527 [ERROR] Market update error btc-updown-15m-1765739700: GabagoolLiteStrategy.update_market_data_prices() got an unexpected keyword argument 'btc_now'
2025-12-14 20:15:52,819 [CRITICAL] Crash: 'InventoryLedger' object has no attribute 'fills'
Traceback (most recent call last):
  File "E:\Cursor Project\Polymarket_bot_arbitrage\live_gabagool_lite.py", line 235, in main
    orchestrator.tick()
  File "E:\Cursor Project\Polymarket_bot_arbitrage\gabagool_lite\orchestrator.py", line 104, in tick
    desired_orders = strat.tick(is_active)
                     ^^^^^^^^^^^^^^^^^^^^^
  File "E:\Cursor Project\Polymarket_bot_arbitrage\gabagool_lite\strategy.py", line 146, in tick
    if self.inventory_ledger and self.inventory_ledger.fills:
                                 ^^^^^^^^^^^^^^^^^^^^^^^^^^^
AttributeError: 'InventoryLedger' object has no attribute 'fills'
2025-12-14 20:15:57,821 [INFO] >>> STARTING ROTATION CYCLE: Scanning for active BTC market... <<<
2025-12-14 20:15:58,652 [INFO] Tracking Market: btc-updown-15m-1765739700
2025-12-14 20:15:58,652 [INFO] Orchestrator initialized. Dry Run: True
2025-12-14 20:16:00,842 [ERROR] Market update error btc-updown-15m-1765739700: GabagoolLiteStrategy.update_market_data_prices() got an unexpected keyword argument 'btc_now'
2025-12-14 20:16:02,360 [CRITICAL] Crash: 'InventoryLedger' object has no attribute 'fills'
Traceback (most recent call last):
  File "E:\Cursor Project\Polymarket_bot_arbitrage\live_gabagool_lite.py", line 235, in main
    orchestrator.tick()
  File "E:\Cursor Project\Polymarket_bot_arbitrage\gabagool_lite\orchestrator.py", line 104, in tick
    desired_orders = strat.tick(is_active)
                     ^^^^^^^^^^^^^^^^^^^^^
  File "E:\Cursor Project\Polymarket_bot_arbitrage\gabagool_lite\strategy.py", line 146, in tick
    if self.inventory_ledger and self.inventory_ledger.fills:
                                 ^^^^^^^^^^^^^^^^^^^^^^^^^^^
AttributeError: 'InventoryLedger' object has no attribute 'fills'
2025-12-14 20:16:07,363 [INFO] >>> STARTING ROTATION CYCLE: Scanning for active BTC market... <<<
2025-12-14 20:16:08,125 [INFO] Tracking Market: btc-updown-15m-1765739700
2025-12-14 20:16:08,125 [INFO] Orchestrator initialized. Dry Run: True
2025-12-14 20:16:10,177 [ERROR] Market update error btc-updown-15m-1765739700: GabagoolLiteStrategy.update_market_data_prices() got an unexpected keyword argument 'btc_now'
2025-12-14 20:16:11,530 [CRITICAL] Crash: 'InventoryLedger' object has no attribute 'fills'
Traceback (most recent call last):
  File "E:\Cursor Project\Polymarket_bot_arbitrage\live_gabagool_lite.py", line 235, in main
    orchestrator.tick()
  File "E:\Cursor Project\Polymarket_bot_arbitrage\gabagool_lite\orchestrator.py", line 104, in tick
    desired_orders = strat.tick(is_active)
                     ^^^^^^^^^^^^^^^^^^^^^
  File "E:\Cursor Project\Polymarket_bot_arbitrage\gabagool_lite\strategy.py", line 146, in tick
    if self.inventory_ledger and self.inventory_ledger.fills:
                                 ^^^^^^^^^^^^^^^^^^^^^^^^^^^
AttributeError: 'InventoryLedger' object has no attribute 'fills'
2025-12-14 20:16:16,532 [INFO] >>> STARTING ROTATION CYCLE: Scanning for active BTC market... <<<
2025-12-14 20:16:17,283 [INFO] Tracking Market: btc-updown-15m-1765739700
2025-12-14 20:16:17,284 [INFO] Orchestrator initialized. Dry Run: True
2025-12-14 20:16:19,458 [ERROR] Market update error btc-updown-15m-1765739700: GabagoolLiteStrategy.update_market_data_prices() got an unexpected keyword argument 'btc_now'
2025-12-14 20:16:20,887 [CRITICAL] Crash: 'InventoryLedger' object has no attribute 'fills'
Traceback (most recent call last):
  File "E:\Cursor Project\Polymarket_bot_arbitrage\live_gabagool_lite.py", line 235, in main
    orchestrator.tick()
  File "E:\Cursor Project\Polymarket_bot_arbitrage\gabagool_lite\orchestrator.py", line 104, in tick
    desired_orders = strat.tick(is_active)
                     ^^^^^^^^^^^^^^^^^^^^^
  File "E:\Cursor Project\Polymarket_bot_arbitrage\gabagool_lite\strategy.py", line 146, in tick
    if self.inventory_ledger and self.inventory_ledger.fills:
                                 ^^^^^^^^^^^^^^^^^^^^^^^^^^^
AttributeError: 'InventoryLedger' object has no attribute 'fills'
2025-12-14 20:16:25,889 [INFO] >>> STARTING ROTATION CYCLE: Scanning for active BTC market... <<<
2025-12-14 20:16:26,605 [INFO] Tracking Market: btc-updown-15m-1765739700
2025-12-14 20:16:26,606 [INFO] Orchestrator initialized. Dry Run: True
2025-12-14 20:16:29,081 [ERROR] Market update error btc-updown-15m-1765739700: GabagoolLiteStrategy.update_market_data_prices() got an unexpected keyword argument 'btc_now'
2025-12-14 20:16:30,477 [CRITICAL] Crash: 'InventoryLedger' object has no attribute 'fills'
Traceback (most recent call last):
  File "E:\Cursor Project\Polymarket_bot_arbitrage\live_gabagool_lite.py", line 235, in main
    orchestrator.tick()
  File "E:\Cursor Project\Polymarket_bot_arbitrage\gabagool_lite\orchestrator.py", line 104, in tick
    desired_orders = strat.tick(is_active)
                     ^^^^^^^^^^^^^^^^^^^^^
  File "E:\Cursor Project\Polymarket_bot_arbitrage\gabagool_lite\strategy.py", line 146, in tick
    if self.inventory_ledger and self.inventory_ledger.fills:
                                 ^^^^^^^^^^^^^^^^^^^^^^^^^^^
AttributeError: 'InventoryLedger' object has no attribute 'fills'
2025-12-14 20:16:35,478 [INFO] >>> STARTING ROTATION CYCLE: Scanning for active BTC market... <<<
2025-12-14 20:16:36,158 [INFO] Tracking Market: btc-updown-15m-1765739700
2025-12-14 20:16:36,158 [INFO] Orchestrator initialized. Dry Run: True
2025-12-14 20:16:38,338 [ERROR] Market update error btc-updown-15m-1765739700: GabagoolLiteStrategy.update_market_data_prices() got an unexpected keyword argument 'btc_now'
2025-12-14 20:16:39,598 [CRITICAL] Crash: 'InventoryLedger' object has no attribute 'fills'
Traceback (most recent call last):
  File "E:\Cursor Project\Polymarket_bot_arbitrage\live_gabagool_lite.py", line 235, in main
    orchestrator.tick()
  File "E:\Cursor Project\Polymarket_bot_arbitrage\gabagool_lite\orchestrator.py", line 104, in tick
    desired_orders = strat.tick(is_active)
                     ^^^^^^^^^^^^^^^^^^^^^
  File "E:\Cursor Project\Polymarket_bot_arbitrage\gabagool_lite\strategy.py", line 146, in tick
    if self.inventory_ledger and self.inventory_ledger.fills:
                                 ^^^^^^^^^^^^^^^^^^^^^^^^^^^
AttributeError: 'InventoryLedger' object has no attribute 'fills'
2025-12-14 20:16:44,599 [INFO] >>> STARTING ROTATION CYCLE: Scanning for active BTC market... <<<
2025-12-14 20:16:45,358 [INFO] Tracking Market: btc-updown-15m-1765739700
2025-12-14 20:16:45,358 [INFO] Orchestrator initialized. Dry Run: True
2025-12-14 20:16:47,900 [ERROR] Market update error btc-updown-15m-1765739700: GabagoolLiteStrategy.update_market_data_prices() got an unexpected keyword argument 'btc_now'
2025-12-14 20:16:49,235 [CRITICAL] Crash: 'InventoryLedger' object has no attribute 'fills'
Traceback (most recent call last):
  File "E:\Cursor Project\Polymarket_bot_arbitrage\live_gabagool_lite.py", line 235, in main
    orchestrator.tick()
  File "E:\Cursor Project\Polymarket_bot_arbitrage\gabagool_lite\orchestrator.py", line 104, in tick
    desired_orders = strat.tick(is_active)
                     ^^^^^^^^^^^^^^^^^^^^^
  File "E:\Cursor Project\Polymarket_bot_arbitrage\gabagool_lite\strategy.py", line 146, in tick
    if self.inventory_ledger and self.inventory_ledger.fills:
                                 ^^^^^^^^^^^^^^^^^^^^^^^^^^^
AttributeError: 'InventoryLedger' object has no attribute 'fills'
2025-12-14 20:18:09,782 [WARNING] [93m==================================================
2025-12-14 20:18:09,782 [WARNING] !!! RUNNING IN DRY RUN / SIMULATION MODE !!!
2025-12-14 20:18:09,783 [WARNING] No real orders will be placed.
2025-12-14 20:18:09,783 [WARNING] All generated orders will be IMMEIDATELY FILLED (Simulated).
2025-12-14 20:18:09,783 [WARNING] ==================================================[0m
2025-12-14 20:18:09,783 [INFO] --- GABAGOOL LITE INITIALIZATION ---
2025-12-14 20:18:09,786 [INFO] [ALERT] CLOB client authentifié initialisé sur https://clob.polymarket.com
2025-12-14 20:18:09,786 [WARNING] MODE LIVE - ORDRES RÉELS POSSIBLES
2025-12-14 20:18:09,786 [INFO] API Client Authenticated.
2025-12-14 20:18:09,786 [INFO] >>> STARTING ROTATION CYCLE: Scanning for active BTC market... <<<
2025-12-14 20:18:10,635 [INFO] Tracking Market: btc-updown-15m-1765739700
2025-12-14 20:18:10,635 [INFO] Orchestrator initialized. Dry Run: True
2025-12-14 20:18:14,467 [CRITICAL] Crash: 'MarketMetrics' object has no attribute 'delta_btc'
Traceback (most recent call last):
  File "E:\Cursor Project\Polymarket_bot_arbitrage\live_gabagool_lite.py", line 235, in main
    orchestrator.tick()
  File "E:\Cursor Project\Polymarket_bot_arbitrage\gabagool_lite\orchestrator.py", line 104, in tick
    desired_orders = strat.tick(is_active)
                     ^^^^^^^^^^^^^^^^^^^^^
  File "E:\Cursor Project\Polymarket_bot_arbitrage\gabagool_lite\strategy.py", line 181, in tick
    f"[Hybrid] d={self.metrics.delta_btc:+.1f} conf={self.metrics.conf:.2f} bias={self.metrics.bias} "
                  ^^^^^^^^^^^^^^^^^^^^^^
AttributeError: 'MarketMetrics' object has no attribute 'delta_btc'
2025-12-14 20:18:19,469 [INFO] >>> STARTING ROTATION CYCLE: Scanning for active BTC market... <<<
2025-12-14 20:18:20,199 [INFO] Tracking Market: btc-updown-15m-1765739700
2025-12-14 20:18:20,199 [INFO] Orchestrator initialized. Dry Run: True
2025-12-14 20:18:23,653 [CRITICAL] Crash: 'MarketMetrics' object has no attribute 'delta_btc'
Traceback (most recent call last):
  File "E:\Cursor Project\Polymarket_bot_arbitrage\live_gabagool_lite.py", line 235, in main
    orchestrator.tick()
  File "E:\Cursor Project\Polymarket_bot_arbitrage\gabagool_lite\orchestrator.py", line 104, in tick
    desired_orders = strat.tick(is_active)
                     ^^^^^^^^^^^^^^^^^^^^^
  File "E:\Cursor Project\Polymarket_bot_arbitrage\gabagool_lite\strategy.py", line 181, in tick
    f"[Hybrid] d={self.metrics.delta_btc:+.1f} conf={self.metrics.conf:.2f} bias={self.metrics.bias} "
                  ^^^^^^^^^^^^^^^^^^^^^^
AttributeError: 'MarketMetrics' object has no attribute 'delta_btc'
2025-12-14 20:18:28,655 [INFO] >>> STARTING ROTATION CYCLE: Scanning for active BTC market... <<<
2025-12-14 20:18:29,376 [INFO] Tracking Market: btc-updown-15m-1765739700
2025-12-14 20:18:29,376 [INFO] Orchestrator initialized. Dry Run: True
2025-12-14 20:18:32,803 [CRITICAL] Crash: 'MarketMetrics' object has no attribute 'delta_btc'
Traceback (most recent call last):
  File "E:\Cursor Project\Polymarket_bot_arbitrage\live_gabagool_lite.py", line 235, in main
    orchestrator.tick()
  File "E:\Cursor Project\Polymarket_bot_arbitrage\gabagool_lite\orchestrator.py", line 104, in tick
    desired_orders = strat.tick(is_active)
                     ^^^^^^^^^^^^^^^^^^^^^
  File "E:\Cursor Project\Polymarket_bot_arbitrage\gabagool_lite\strategy.py", line 181, in tick
    f"[Hybrid] d={self.metrics.delta_btc:+.1f} conf={self.metrics.conf:.2f} bias={self.metrics.bias} "
                  ^^^^^^^^^^^^^^^^^^^^^^
AttributeError: 'MarketMetrics' object has no attribute 'delta_btc'
2025-12-14 20:18:37,804 [INFO] >>> STARTING ROTATION CYCLE: Scanning for active BTC market... <<<
2025-12-14 20:18:38,528 [INFO] Tracking Market: btc-updown-15m-1765739700
2025-12-14 20:18:38,528 [INFO] Orchestrator initialized. Dry Run: True
2025-12-14 20:18:41,455 [INFO] Stopping...
2025-12-14 20:19:26,894 [WARNING] [93m==================================================
2025-12-14 20:19:26,894 [WARNING] !!! RUNNING IN DRY RUN / SIMULATION MODE !!!
2025-12-14 20:19:26,894 [WARNING] No real orders will be placed.
2025-12-14 20:19:26,894 [WARNING] All generated orders will be IMMEIDATELY FILLED (Simulated).
2025-12-14 20:19:26,895 [WARNING] ==================================================[0m
2025-12-14 20:19:26,895 [INFO] --- GABAGOOL LITE INITIALIZATION ---
2025-12-14 20:19:26,899 [INFO] [ALERT] CLOB client authentifié initialisé sur https://clob.polymarket.com
2025-12-14 20:19:26,899 [WARNING] MODE LIVE - ORDRES RÉELS POSSIBLES
2025-12-14 20:19:26,899 [INFO] API Client Authenticated.
2025-12-14 20:19:26,899 [INFO] >>> STARTING ROTATION CYCLE: Scanning for active BTC market... <<<
2025-12-14 20:19:27,720 [INFO] Tracking Market: btc-updown-15m-1765739700
2025-12-14 20:19:27,720 [INFO] Orchestrator initialized. Dry Run: True
2025-12-14 20:19:31,199 [INFO] [Hybrid] d=+0.0 conf=0.00 bias=NEUTRAL fair=0.000 ask=0.000 edge=+0.000 state=IDLE
2025-12-14 20:19:31,199 [INFO] [btc-updown-15m-1765739700] IDLE | T-630s
  YES: bid=0.070 ask=0.090 | NO: bid=0.910 ask=0.930
  q_yes=0.00 q_no=0.00 | avg_yes=0.000 avg_no=0.000
  exposure=$0.00 | mtm_pnl=$+0.00 | locked=$+0.00
  exposure=$0.00 | mtm_pnl=$+0.00 | locked=$+0.00
  orders: 0 | fills: 0 ()
2025-12-14 20:19:31,201 [INFO] --- HEARTBEAT (Cycle 3.48s) ---
2025-12-14 20:19:31,201 [INFO]    [btc-updown-15m-1765739700] IDLE | Rem: 630s | Orders: 0
2025-12-14 20:19:33,133 [INFO] [btc-updown-15m-1765739700] Hybrid Tracking Start: BTC T0 = $88539.65
2025-12-14 20:19:33,875 [INFO] [Hybrid] d=+0.0 conf=0.00 bias=YES fair=0.085 ask=0.090 edge=-0.005 state=IDLE
2025-12-14 20:19:33,876 [INFO] [btc-updown-15m-1765739700] IDLE | T-626s
  YES: bid=0.080 ask=0.090 | NO: bid=0.910 ask=0.920
  q_yes=0.00 q_no=0.00 | avg_yes=0.000 avg_no=0.000
  exposure=$0.00 | mtm_pnl=$+0.00 | locked=$+0.00
  exposure=$0.00 | mtm_pnl=$+0.00 | locked=$+0.00
  orders: 0 | fills: 0 ()
2025-12-14 20:19:37,181 [INFO] [Hybrid] d=+0.0 conf=0.00 bias=YES fair=0.090 ask=0.090 edge=-0.000 state=IDLE
2025-12-14 20:19:37,182 [INFO] [btc-updown-15m-1765739700] IDLE | T-624s
  YES: bid=0.080 ask=0.090 | NO: bid=0.910 ask=0.920
  q_yes=0.00 q_no=0.00 | avg_yes=0.000 avg_no=0.000
  exposure=$0.00 | mtm_pnl=$+0.00 | locked=$+0.00
  exposure=$0.00 | mtm_pnl=$+0.00 | locked=$+0.00
  orders: 0 | fills: 0 ()
2025-12-14 20:19:40,121 [INFO] [Hybrid] d=-25.5 conf=0.17 bias=NO fair=0.910 ask=0.920 edge=-0.010 state=IDLE
2025-12-14 20:19:40,121 [INFO] [btc-updown-15m-1765739700] IDLE | T-620s
  YES: bid=0.080 ask=0.090 | NO: bid=0.910 ask=0.920
  q_yes=0.00 q_no=0.00 | avg_yes=0.000 avg_no=0.000
  exposure=$0.00 | mtm_pnl=$+0.00 | locked=$+0.00
  exposure=$0.00 | mtm_pnl=$+0.00 | locked=$+0.00
  orders: 0 | fills: 0 ()
2025-12-14 20:19:43,569 [INFO] [Hybrid] d=-25.5 conf=0.17 bias=NO fair=0.910 ask=0.920 edge=-0.010 state=IDLE
2025-12-14 20:19:43,570 [INFO] [btc-updown-15m-1765739700] IDLE | T-617s
  YES: bid=0.080 ask=0.100 | NO: bid=0.900 ask=0.920
  q_yes=0.00 q_no=0.00 | avg_yes=0.000 avg_no=0.000
  exposure=$0.00 | mtm_pnl=$+0.00 | locked=$+0.00
  exposure=$0.00 | mtm_pnl=$+0.00 | locked=$+0.00
  orders: 0 | fills: 0 ()
2025-12-14 20:19:43,570 [INFO] --- HEARTBEAT (Cycle 3.35s) ---
2025-12-14 20:19:43,570 [INFO]    [btc-updown-15m-1765739700] IDLE | Rem: 618s | Orders: 0
2025-12-14 20:19:46,606 [INFO] [Hybrid] d=-26.3 conf=0.18 bias=NO fair=0.902 ask=0.910 edge=-0.008 state=IDLE
2025-12-14 20:19:46,607 [INFO] [btc-updown-15m-1765739700] IDLE | T-614s
  YES: bid=0.090 ask=0.100 | NO: bid=0.900 ask=0.910
  q_yes=0.00 q_no=0.00 | avg_yes=0.000 avg_no=0.000
  exposure=$0.00 | mtm_pnl=$+0.00 | locked=$+0.00
  exposure=$0.00 | mtm_pnl=$+0.00 | locked=$+0.00
  orders: 0 | fills: 0 ()
2025-12-14 20:19:50,063 [INFO] [Hybrid] d=-26.3 conf=0.18 bias=NO fair=0.888 ask=0.890 edge=-0.002 state=IDLE
2025-12-14 20:19:50,063 [INFO] [btc-updown-15m-1765739700] IDLE | T-611s
  YES: bid=0.090 ask=0.120 | NO: bid=0.870 ask=0.890
  q_yes=0.00 q_no=0.00 | avg_yes=0.000 avg_no=0.000
  exposure=$0.00 | mtm_pnl=$+0.00 | locked=$+0.00
  exposure=$0.00 | mtm_pnl=$+0.00 | locked=$+0.00
  orders: 0 | fills: 0 ()
2025-12-14 20:19:52,785 [INFO] [Hybrid] d=-2.5 conf=0.02 bias=NO fair=0.880 ask=0.890 edge=-0.010 state=IDLE
2025-12-14 20:19:52,786 [INFO] [btc-updown-15m-1765739700] IDLE | T-607s
  YES: bid=0.110 ask=0.120 | NO: bid=0.880 ask=0.890
  q_yes=0.00 q_no=0.00 | avg_yes=0.000 avg_no=0.000
  exposure=$0.00 | mtm_pnl=$+0.00 | locked=$+0.00
  exposure=$0.00 | mtm_pnl=$+0.00 | locked=$+0.00
  orders: 0 | fills: 0 ()
2025-12-14 20:19:56,165 [INFO] [Hybrid] d=-2.5 conf=0.02 bias=NO fair=0.819 ask=0.820 edge=-0.001 state=IDLE
2025-12-14 20:19:56,165 [INFO] [btc-updown-15m-1765739700] IDLE | T-605s
  YES: bid=0.180 ask=0.190 | NO: bid=0.810 ask=0.820
  q_yes=0.00 q_no=0.00 | avg_yes=0.000 avg_no=0.000
  exposure=$0.00 | mtm_pnl=$+0.00 | locked=$+0.00
  exposure=$0.00 | mtm_pnl=$+0.00 | locked=$+0.00
  orders: 0 | fills: 0 ()
2025-12-14 20:19:56,165 [INFO] --- HEARTBEAT (Cycle 3.28s) ---
2025-12-14 20:19:56,165 [INFO]    [btc-updown-15m-1765739700] IDLE | Rem: 605s | Orders: 0
2025-12-14 20:19:58,981 [INFO] [Hybrid] d=+9.2 conf=0.06 bias=YES fair=0.182 ask=0.190 edge=-0.008 state=IDLE
2025-12-14 20:19:58,982 [INFO] [btc-updown-15m-1765739700] IDLE | T-601s
  YES: bid=0.180 ask=0.190 | NO: bid=0.810 ask=0.820
  q_yes=0.00 q_no=0.00 | avg_yes=0.000 avg_no=0.000
  exposure=$0.00 | mtm_pnl=$+0.00 | locked=$+0.00
  exposure=$0.00 | mtm_pnl=$+0.00 | locked=$+0.00
  orders: 0 | fills: 0 ()
2025-12-14 20:20:02,671 [INFO] [Hybrid] d=+9.2 conf=0.06 bias=YES fair=0.167 ask=0.170 edge=-0.003 state=IDLE
2025-12-14 20:20:02,671 [INFO] [btc-updown-15m-1765739700] IDLE | T-598s
  YES: bid=0.150 ask=0.170 | NO: bid=0.830 ask=0.840
  q_yes=0.00 q_no=0.00 | avg_yes=0.000 avg_no=0.000
  exposure=$0.00 | mtm_pnl=$+0.00 | locked=$+0.00
  exposure=$0.00 | mtm_pnl=$+0.00 | locked=$+0.00
  orders: 0 | fills: 0 ()
2025-12-14 20:20:05,447 [INFO] [Hybrid] d=+32.6 conf=0.22 bias=YES fair=0.206 ask=0.210 edge=-0.004 state=IDLE
2025-12-14 20:20:05,448 [INFO] [btc-updown-15m-1765739700] IDLE | T-595s
  YES: bid=0.200 ask=0.210 | NO: bid=0.790 ask=0.800
  q_yes=0.00 q_no=0.00 | avg_yes=0.000 avg_no=0.000
  exposure=$0.00 | mtm_pnl=$+0.00 | locked=$+0.00
  exposure=$0.00 | mtm_pnl=$+0.00 | locked=$+0.00
  orders: 0 | fills: 0 ()
2025-12-14 20:20:08,854 [INFO] [Hybrid] d=+32.6 conf=0.22 bias=YES fair=0.223 ask=0.230 edge=-0.007 state=IDLE
2025-12-14 20:20:08,855 [INFO] [btc-updown-15m-1765739700] IDLE | T-592s
  YES: bid=0.210 ask=0.230 | NO: bid=0.770 ask=0.790
  q_yes=0.00 q_no=0.00 | avg_yes=0.000 avg_no=0.000
  exposure=$0.00 | mtm_pnl=$+0.00 | locked=$+0.00
  exposure=$0.00 | mtm_pnl=$+0.00 | locked=$+0.00
  orders: 0 | fills: 0 ()
2025-12-14 20:20:08,855 [INFO] --- HEARTBEAT (Cycle 3.31s) ---
2025-12-14 20:20:08,855 [INFO]    [btc-updown-15m-1765739700] IDLE | Rem: 593s | Orders: 0
2025-12-14 20:20:11,575 [INFO] [Hybrid] d=+88.6 conf=0.59 bias=YES fair=0.213 ask=0.220 edge=-0.007 state=IDLE
2025-12-14 20:20:11,575 [INFO] [btc-updown-15m-1765739700] IDLE | T-589s
  YES: bid=0.210 ask=0.220 | NO: bid=0.780 ask=0.790
  q_yes=0.00 q_no=0.00 | avg_yes=0.000 avg_no=0.000
  exposure=$0.00 | mtm_pnl=$+0.00 | locked=$+0.00
  exposure=$0.00 | mtm_pnl=$+0.00 | locked=$+0.00
  orders: 0 | fills: 0 ()
2025-12-14 20:20:14,999 [INFO] [Hybrid] d=+88.6 conf=0.59 bias=YES fair=0.215 ask=0.220 edge=-0.005 state=IDLE
2025-12-14 20:20:14,999 [INFO] [btc-updown-15m-1765739700] IDLE | T-586s
  YES: bid=0.210 ask=0.220 | NO: bid=0.780 ask=0.790
  q_yes=0.00 q_no=0.00 | avg_yes=0.000 avg_no=0.000
  exposure=$0.00 | mtm_pnl=$+0.00 | locked=$+0.00
  exposure=$0.00 | mtm_pnl=$+0.00 | locked=$+0.00
  orders: 0 | fills: 0 ()
2025-12-14 20:20:17,705 [INFO] [Hybrid] d=+84.5 conf=0.56 bias=YES fair=0.211 ask=0.220 edge=-0.009 state=IDLE
2025-12-14 20:20:17,705 [INFO] [btc-updown-15m-1765739700] IDLE | T-583s
  YES: bid=0.200 ask=0.220 | NO: bid=0.780 ask=0.800
  q_yes=0.00 q_no=0.00 | avg_yes=0.000 avg_no=0.000
  exposure=$0.00 | mtm_pnl=$+0.00 | locked=$+0.00
  exposure=$0.00 | mtm_pnl=$+0.00 | locked=$+0.00
  orders: 0 | fills: 0 ()
2025-12-14 20:20:21,188 [INFO] [Hybrid] d=+84.5 conf=0.56 bias=YES fair=0.212 ask=0.220 edge=-0.008 state=IDLE
2025-12-14 20:20:21,188 [INFO] [btc-updown-15m-1765739700] IDLE | T-580s
  YES: bid=0.200 ask=0.220 | NO: bid=0.780 ask=0.800
  q_yes=0.00 q_no=0.00 | avg_yes=0.000 avg_no=0.000
  exposure=$0.00 | mtm_pnl=$+0.00 | locked=$+0.00
  exposure=$0.00 | mtm_pnl=$+0.00 | locked=$+0.00
  orders: 0 | fills: 0 ()
2025-12-14 20:20:21,189 [INFO] --- HEARTBEAT (Cycle 3.38s) ---
2025-12-14 20:20:21,189 [INFO]    [btc-updown-15m-1765739700] IDLE | Rem: 580s | Orders: 0
2025-12-14 20:20:24,059 [INFO] [Hybrid] d=+108.4 conf=0.72 bias=YES fair=0.211 ask=0.220 edge=-0.009 state=IDLE
2025-12-14 20:20:24,059 [INFO] [btc-updown-15m-1765739700] IDLE | T-576s
  YES: bid=0.200 ask=0.220 | NO: bid=0.780 ask=0.800
  q_yes=0.00 q_no=0.00 | avg_yes=0.000 avg_no=0.000
  exposure=$0.00 | mtm_pnl=$+0.00 | locked=$+0.00
  exposure=$0.00 | mtm_pnl=$+0.00 | locked=$+0.00
  orders: 0 | fills: 0 ()
2025-12-14 20:20:27,607 [INFO] [Hybrid] d=+108.4 conf=0.72 bias=YES fair=0.205 ask=0.220 edge=-0.015 state=IDLE
2025-12-14 20:20:27,607 [INFO] [btc-updown-15m-1765739700] IDLE | T-573s
  YES: bid=0.200 ask=0.220 | NO: bid=0.790 ask=0.800
  q_yes=0.00 q_no=0.00 | avg_yes=0.000 avg_no=0.000
  exposure=$0.00 | mtm_pnl=$+0.00 | locked=$+0.00
  exposure=$0.00 | mtm_pnl=$+0.00 | locked=$+0.00
  orders: 0 | fills: 0 ()
2025-12-14 20:20:30,414 [INFO] [Hybrid] d=+103.7 conf=0.69 bias=YES fair=0.228 ask=0.230 edge=-0.002 state=IDLE
2025-12-14 20:20:30,415 [INFO] [btc-updown-15m-1765739700] IDLE | T-570s
  YES: bid=0.220 ask=0.230 | NO: bid=0.760 ask=0.780
  q_yes=0.00 q_no=0.00 | avg_yes=0.000 avg_no=0.000
  exposure=$0.00 | mtm_pnl=$+0.00 | locked=$+0.00
  exposure=$0.00 | mtm_pnl=$+0.00 | locked=$+0.00
  orders: 0 | fills: 0 ()
2025-12-14 20:20:34,989 [INFO] [Hybrid] d=+103.7 conf=0.69 bias=YES fair=0.248 ask=0.250 edge=-0.002 state=IDLE
2025-12-14 20:20:34,989 [INFO] [btc-updown-15m-1765739700] IDLE | T-566s
  YES: bid=0.240 ask=0.250 | NO: bid=0.750 ask=0.760
  q_yes=0.00 q_no=0.00 | avg_yes=0.000 avg_no=0.000
  exposure=$0.00 | mtm_pnl=$+0.00 | locked=$+0.00
  exposure=$0.00 | mtm_pnl=$+0.00 | locked=$+0.00
  orders: 0 | fills: 0 ()
2025-12-14 20:20:34,990 [INFO] --- HEARTBEAT (Cycle 4.47s) ---
2025-12-14 20:20:34,990 [INFO]    [btc-updown-15m-1765739700] IDLE | Rem: 566s | Orders: 0
2025-12-14 20:20:37,898 [INFO] [Hybrid] d=+103.2 conf=0.69 bias=YES fair=0.245 ask=0.250 edge=-0.005 state=IDLE
2025-12-14 20:20:37,898 [INFO] [btc-updown-15m-1765739700] IDLE | T-562s
  YES: bid=0.240 ask=0.250 | NO: bid=0.750 ask=0.760
  q_yes=0.00 q_no=0.00 | avg_yes=0.000 avg_no=0.000
  exposure=$0.00 | mtm_pnl=$+0.00 | locked=$+0.00
  exposure=$0.00 | mtm_pnl=$+0.00 | locked=$+0.00
  orders: 0 | fills: 0 ()
2025-12-14 20:20:41,283 [INFO] [Hybrid] d=+103.2 conf=0.69 bias=YES fair=0.240 ask=0.250 edge=-0.010 state=IDLE
2025-12-14 20:20:41,283 [INFO] [btc-updown-15m-1765739700] IDLE | T-560s
  YES: bid=0.240 ask=0.250 | NO: bid=0.760 ask=0.770
  q_yes=0.00 q_no=0.00 | avg_yes=0.000 avg_no=0.000
  exposure=$0.00 | mtm_pnl=$+0.00 | locked=$+0.00
  exposure=$0.00 | mtm_pnl=$+0.00 | locked=$+0.00
  orders: 0 | fills: 0 ()
2025-12-14 20:20:44,029 [INFO] [Hybrid] d=+108.8 conf=0.73 bias=YES fair=0.233 ask=0.240 edge=-0.007 state=IDLE
2025-12-14 20:20:44,029 [INFO] [btc-updown-15m-1765739700] IDLE | T-556s
  YES: bid=0.230 ask=0.240 | NO: bid=0.760 ask=0.770
  q_yes=0.00 q_no=0.00 | avg_yes=0.000 avg_no=0.000
  exposure=$0.00 | mtm_pnl=$+0.00 | locked=$+0.00
  exposure=$0.00 | mtm_pnl=$+0.00 | locked=$+0.00
  orders: 0 | fills: 0 ()
2025-12-14 20:20:47,495 [INFO] [Hybrid] d=+108.8 conf=0.73 bias=YES fair=0.221 ask=0.230 edge=-0.009 state=IDLE
2025-12-14 20:20:47,495 [INFO] [btc-updown-15m-1765739700] IDLE | T-553s
  YES: bid=0.220 ask=0.230 | NO: bid=0.770 ask=0.780
  q_yes=0.00 q_no=0.00 | avg_yes=0.000 avg_no=0.000
  exposure=$0.00 | mtm_pnl=$+0.00 | locked=$+0.00
  exposure=$0.00 | mtm_pnl=$+0.00 | locked=$+0.00
  orders: 0 | fills: 0 ()
2025-12-14 20:20:47,495 [INFO] --- HEARTBEAT (Cycle 3.36s) ---
2025-12-14 20:20:47,496 [INFO]    [btc-updown-15m-1765739700] IDLE | Rem: 554s | Orders: 0
2025-12-14 20:20:50,326 [INFO] [Hybrid] d=+108.8 conf=0.73 bias=YES fair=0.220 ask=0.220 edge=-0.000 state=IDLE
2025-12-14 20:20:50,327 [INFO] [btc-updown-15m-1765739700] IDLE | T-550s
  YES: bid=0.210 ask=0.220 | NO: bid=0.780 ask=0.790
  q_yes=0.00 q_no=0.00 | avg_yes=0.000 avg_no=0.000
  exposure=$0.00 | mtm_pnl=$+0.00 | locked=$+0.00
  exposure=$0.00 | mtm_pnl=$+0.00 | locked=$+0.00
  orders: 0 | fills: 0 ()
2025-12-14 20:20:53,849 [INFO] [Hybrid] d=+108.8 conf=0.73 bias=YES fair=0.200 ask=0.210 edge=-0.010 state=IDLE
2025-12-14 20:20:53,849 [INFO] [btc-updown-15m-1765739700] IDLE | T-547s
  YES: bid=0.190 ask=0.210 | NO: bid=0.790 ask=0.800
  q_yes=0.00 q_no=0.00 | avg_yes=0.000 avg_no=0.000
  exposure=$0.00 | mtm_pnl=$+0.00 | locked=$+0.00
  exposure=$0.00 | mtm_pnl=$+0.00 | locked=$+0.00
  orders: 0 | fills: 0 ()
2025-12-14 20:20:56,732 [INFO] [Hybrid] d=+108.8 conf=0.73 bias=YES fair=0.199 ask=0.200 edge=-0.001 state=IDLE
2025-12-14 20:20:56,732 [INFO] [btc-updown-15m-1765739700] IDLE | T-544s
  YES: bid=0.190 ask=0.200 | NO: bid=0.800 ask=0.810
  q_yes=0.00 q_no=0.00 | avg_yes=0.000 avg_no=0.000
  exposure=$0.00 | mtm_pnl=$+0.00 | locked=$+0.00
  exposure=$0.00 | mtm_pnl=$+0.00 | locked=$+0.00
  orders: 0 | fills: 0 ()
2025-12-14 20:21:00,259 [INFO] [Hybrid] d=+108.8 conf=0.73 bias=YES fair=0.179 ask=0.180 edge=-0.001 state=IDLE
2025-12-14 20:21:00,260 [INFO] [btc-updown-15m-1765739700] IDLE | T-541s
  YES: bid=0.170 ask=0.180 | NO: bid=0.820 ask=0.830
  q_yes=0.00 q_no=0.00 | avg_yes=0.000 avg_no=0.000
  exposure=$0.00 | mtm_pnl=$+0.00 | locked=$+0.00
  exposure=$0.00 | mtm_pnl=$+0.00 | locked=$+0.00
  orders: 0 | fills: 0 ()
2025-12-14 20:21:00,260 [INFO] --- HEARTBEAT (Cycle 3.43s) ---
2025-12-14 20:21:00,261 [INFO]    [btc-updown-15m-1765739700] IDLE | Rem: 541s | Orders: 0
2025-12-14 20:21:03,009 [INFO] [Hybrid] d=+113.6 conf=0.76 bias=YES fair=0.160 ask=0.170 edge=-0.010 state=IDLE
2025-12-14 20:21:03,009 [INFO] [btc-updown-15m-1765739700] IDLE | T-537s
  YES: bid=0.160 ask=0.170 | NO: bid=0.830 ask=0.850
  q_yes=0.00 q_no=0.00 | avg_yes=0.000 avg_no=0.000
  exposure=$0.00 | mtm_pnl=$+0.00 | locked=$+0.00
  exposure=$0.00 | mtm_pnl=$+0.00 | locked=$+0.00
  orders: 0 | fills: 0 ()
2025-12-14 20:21:06,438 [INFO] [Hybrid] d=+113.6 conf=0.76 bias=YES fair=0.161 ask=0.170 edge=-0.009 state=IDLE
2025-12-14 20:21:06,438 [INFO] [btc-updown-15m-1765739700] IDLE | T-534s
  YES: bid=0.150 ask=0.170 | NO: bid=0.830 ask=0.850
  q_yes=0.00 q_no=0.00 | avg_yes=0.000 avg_no=0.000
  exposure=$0.00 | mtm_pnl=$+0.00 | locked=$+0.00
  exposure=$0.00 | mtm_pnl=$+0.00 | locked=$+0.00
  orders: 0 | fills: 0 ()
2025-12-14 20:21:09,202 [INFO] [Hybrid] d=+101.4 conf=0.68 bias=YES fair=0.161 ask=0.170 edge=-0.009 state=IDLE
2025-12-14 20:21:09,202 [INFO] [btc-updown-15m-1765739700] IDLE | T-531s
  YES: bid=0.160 ask=0.170 | NO: bid=0.830 ask=0.840
  q_yes=0.00 q_no=0.00 | avg_yes=0.000 avg_no=0.000
  exposure=$0.00 | mtm_pnl=$+0.00 | locked=$+0.00
  exposure=$0.00 | mtm_pnl=$+0.00 | locked=$+0.00
  orders: 0 | fills: 0 ()
2025-12-14 20:21:12,987 [INFO] [Hybrid] d=+101.4 conf=0.68 bias=YES fair=0.151 ask=0.160 edge=-0.009 state=IDLE
2025-12-14 20:21:12,987 [INFO] [btc-updown-15m-1765739700] IDLE | T-528s
  YES: bid=0.150 ask=0.160 | NO: bid=0.840 ask=0.850
  q_yes=0.00 q_no=0.00 | avg_yes=0.000 avg_no=0.000
  exposure=$0.00 | mtm_pnl=$+0.00 | locked=$+0.00
  exposure=$0.00 | mtm_pnl=$+0.00 | locked=$+0.00
  orders: 0 | fills: 0 ()
2025-12-14 20:21:12,987 [INFO] --- HEARTBEAT (Cycle 3.68s) ---
2025-12-14 20:21:12,987 [INFO]    [btc-updown-15m-1765739700] IDLE | Rem: 529s | Orders: 0
2025-12-14 20:21:15,675 [INFO] [Hybrid] d=+92.8 conf=0.62 bias=YES fair=0.130 ask=0.140 edge=-0.010 state=IDLE
2025-12-14 20:21:15,675 [INFO] [btc-updown-15m-1765739700] IDLE | T-524s
  YES: bid=0.130 ask=0.140 | NO: bid=0.880 ask=0.890
  q_yes=0.00 q_no=0.00 | avg_yes=0.000 avg_no=0.000
  exposure=$0.00 | mtm_pnl=$+0.00 | locked=$+0.00
  exposure=$0.00 | mtm_pnl=$+0.00 | locked=$+0.00
  orders: 0 | fills: 0 ()
2025-12-14 20:21:19,102 [INFO] [Hybrid] d=+92.8 conf=0.62 bias=YES fair=0.107 ask=0.110 edge=-0.003 state=IDLE
2025-12-14 20:21:19,102 [INFO] [btc-updown-15m-1765739700] IDLE | T-522s
  YES: bid=0.100 ask=0.110 | NO: bid=0.890 ask=0.900
  q_yes=0.00 q_no=0.00 | avg_yes=0.000 avg_no=0.000
  exposure=$0.00 | mtm_pnl=$+0.00 | locked=$+0.00
  exposure=$0.00 | mtm_pnl=$+0.00 | locked=$+0.00
  orders: 0 | fills: 0 ()
2025-12-14 20:21:22,204 [INFO] [Hybrid] d=+92.8 conf=0.62 bias=YES fair=0.097 ask=0.100 edge=-0.003 state=IDLE
2025-12-14 20:21:22,204 [INFO] [btc-updown-15m-1765739700] IDLE | T-518s
  YES: bid=0.090 ask=0.100 | NO: bid=0.900 ask=0.910
  q_yes=0.00 q_no=0.00 | avg_yes=0.000 avg_no=0.000
  exposure=$0.00 | mtm_pnl=$+0.00 | locked=$+0.00
  exposure=$0.00 | mtm_pnl=$+0.00 | locked=$+0.00
  orders: 0 | fills: 0 ()
2025-12-14 20:21:26,855 [INFO] [Hybrid] d=+92.8 conf=0.62 bias=YES fair=0.130 ask=0.140 edge=-0.010 state=IDLE
2025-12-14 20:21:26,855 [INFO] [btc-updown-15m-1765739700] IDLE | T-515s
  YES: bid=0.130 ask=0.140 | NO: bid=0.860 ask=0.870
  q_yes=0.00 q_no=0.00 | avg_yes=0.000 avg_no=0.000
  exposure=$0.00 | mtm_pnl=$+0.00 | locked=$+0.00
  exposure=$0.00 | mtm_pnl=$+0.00 | locked=$+0.00
  orders: 0 | fills: 0 ()
2025-12-14 20:21:26,855 [INFO] --- HEARTBEAT (Cycle 4.55s) ---
2025-12-14 20:21:26,855 [INFO]    [btc-updown-15m-1765739700] IDLE | Rem: 516s | Orders: 0
2025-12-14 20:21:29,613 [INFO] [Hybrid] d=+82.1 conf=0.55 bias=YES fair=0.140 ask=0.150 edge=-0.010 state=IDLE
2025-12-14 20:21:29,614 [INFO] [btc-updown-15m-1765739700] IDLE | T-511s
  YES: bid=0.140 ask=0.150 | NO: bid=0.850 ask=0.870
  q_yes=0.00 q_no=0.00 | avg_yes=0.000 avg_no=0.000
  exposure=$0.00 | mtm_pnl=$+0.00 | locked=$+0.00
  exposure=$0.00 | mtm_pnl=$+0.00 | locked=$+0.00
  orders: 0 | fills: 0 ()
2025-12-14 20:21:32,872 [INFO] [Hybrid] d=+82.1 conf=0.55 bias=YES fair=0.130 ask=0.140 edge=-0.010 state=IDLE
2025-12-14 20:21:32,872 [INFO] [btc-updown-15m-1765739700] IDLE | T-508s
  YES: bid=0.130 ask=0.140 | NO: bid=0.860 ask=0.870
  q_yes=0.00 q_no=0.00 | avg_yes=0.000 avg_no=0.000
  exposure=$0.00 | mtm_pnl=$+0.00 | locked=$+0.00
  exposure=$0.00 | mtm_pnl=$+0.00 | locked=$+0.00
  orders: 0 | fills: 0 ()
2025-12-14 20:21:35,625 [INFO] [Hybrid] d=+42.4 conf=0.28 bias=YES fair=0.124 ask=0.130 edge=-0.006 state=IDLE
2025-12-14 20:21:35,626 [INFO] [btc-updown-15m-1765739700] IDLE | T-505s
  YES: bid=0.120 ask=0.130 | NO: bid=0.860 ask=0.880
  q_yes=0.00 q_no=0.00 | avg_yes=0.000 avg_no=0.000
  exposure=$0.00 | mtm_pnl=$+0.00 | locked=$+0.00
  exposure=$0.00 | mtm_pnl=$+0.00 | locked=$+0.00
  orders: 0 | fills: 0 ()
2025-12-14 20:21:38,896 [INFO] [Hybrid] d=+42.4 conf=0.28 bias=YES fair=0.120 ask=0.120 edge=-0.000 state=IDLE
2025-12-14 20:21:38,896 [INFO] [btc-updown-15m-1765739700] IDLE | T-502s
  YES: bid=0.110 ask=0.120 | NO: bid=0.880 ask=0.890
  q_yes=0.00 q_no=0.00 | avg_yes=0.000 avg_no=0.000
  exposure=$0.00 | mtm_pnl=$+0.00 | locked=$+0.00
  exposure=$0.00 | mtm_pnl=$+0.00 | locked=$+0.00
  orders: 0 | fills: 0 ()
2025-12-14 20:21:38,896 [INFO] --- HEARTBEAT (Cycle 3.17s) ---
2025-12-14 20:21:38,896 [INFO]    [btc-updown-15m-1765739700] IDLE | Rem: 502s | Orders: 0
2025-12-14 20:21:41,763 [INFO] [Hybrid] d=+64.6 conf=0.43 bias=YES fair=0.124 ask=0.130 edge=-0.006 state=IDLE
2025-12-14 20:21:41,763 [INFO] [btc-updown-15m-1765739700] IDLE | T-499s
  YES: bid=0.110 ask=0.130 | NO: bid=0.870 ask=0.880
  q_yes=0.00 q_no=0.00 | avg_yes=0.000 avg_no=0.000
  exposure=$0.00 | mtm_pnl=$+0.00 | locked=$+0.00
  exposure=$0.00 | mtm_pnl=$+0.00 | locked=$+0.00
  orders: 0 | fills: 0 ()
2025-12-14 20:21:45,209 [INFO] [Hybrid] d=+64.6 conf=0.43 bias=YES fair=0.130 ask=0.140 edge=-0.010 state=IDLE
2025-12-14 20:21:45,209 [INFO] [btc-updown-15m-1765739700] IDLE | T-496s
  YES: bid=0.120 ask=0.140 | NO: bid=0.860 ask=0.870
  q_yes=0.00 q_no=0.00 | avg_yes=0.000 avg_no=0.000
  exposure=$0.00 | mtm_pnl=$+0.00 | locked=$+0.00
  exposure=$0.00 | mtm_pnl=$+0.00 | locked=$+0.00
  orders: 0 | fills: 0 ()
2025-12-14 20:21:47,839 [INFO] [Hybrid] d=+64.6 conf=0.43 bias=YES fair=0.142 ask=0.150 edge=-0.008 state=IDLE
2025-12-14 20:21:47,839 [INFO] [btc-updown-15m-1765739700] IDLE | T-492s
  YES: bid=0.140 ask=0.150 | NO: bid=0.850 ask=0.860
  q_yes=0.00 q_no=0.00 | avg_yes=0.000 avg_no=0.000
  exposure=$0.00 | mtm_pnl=$+0.00 | locked=$+0.00
  exposure=$0.00 | mtm_pnl=$+0.00 | locked=$+0.00
  orders: 0 | fills: 0 ()
2025-12-14 20:21:51,169 [INFO] [Hybrid] d=+64.6 conf=0.43 bias=YES fair=0.141 ask=0.150 edge=-0.009 state=IDLE
2025-12-14 20:21:51,171 [INFO] [btc-updown-15m-1765739700] IDLE | T-490s
  YES: bid=0.140 ask=0.150 | NO: bid=0.850 ask=0.860
  q_yes=0.00 q_no=0.00 | avg_yes=0.000 avg_no=0.000
  exposure=$0.00 | mtm_pnl=$+0.00 | locked=$+0.00
  exposure=$0.00 | mtm_pnl=$+0.00 | locked=$+0.00
  orders: 0 | fills: 0 ()
2025-12-14 20:21:51,171 [INFO] --- HEARTBEAT (Cycle 3.23s) ---
2025-12-14 20:21:51,171 [INFO]    [btc-updown-15m-1765739700] IDLE | Rem: 490s | Orders: 0
2025-12-14 20:21:54,004 [INFO] [Hybrid] d=+56.0 conf=0.37 bias=YES fair=0.144 ask=0.150 edge=-0.006 state=IDLE
2025-12-14 20:21:54,004 [INFO] [btc-updown-15m-1765739700] IDLE | T-486s
  YES: bid=0.140 ask=0.150 | NO: bid=0.850 ask=0.860
  q_yes=0.00 q_no=0.00 | avg_yes=0.000 avg_no=0.000
  exposure=$0.00 | mtm_pnl=$+0.00 | locked=$+0.00
  exposure=$0.00 | mtm_pnl=$+0.00 | locked=$+0.00
  orders: 0 | fills: 0 ()
2025-12-14 20:21:57,491 [INFO] [Hybrid] d=+56.0 conf=0.37 bias=YES fair=0.141 ask=0.150 edge=-0.009 state=IDLE
2025-12-14 20:21:57,492 [INFO] [btc-updown-15m-1765739700] IDLE | T-483s
  YES: bid=0.130 ask=0.150 | NO: bid=0.850 ask=0.870
  q_yes=0.00 q_no=0.00 | avg_yes=0.000 avg_no=0.000
  exposure=$0.00 | mtm_pnl=$+0.00 | locked=$+0.00
  exposure=$0.00 | mtm_pnl=$+0.00 | locked=$+0.00
  orders: 0 | fills: 0 ()
2025-12-14 20:22:00,425 [INFO] [Hybrid] d=+65.2 conf=0.43 bias=YES fair=0.142 ask=0.160 edge=-0.018 state=IDLE
2025-12-14 20:22:00,425 [INFO] [btc-updown-15m-1765739700] IDLE | T-480s
  YES: bid=0.140 ask=0.160 | NO: bid=0.840 ask=0.860
  q_yes=0.00 q_no=0.00 | avg_yes=0.000 avg_no=0.000
  exposure=$0.00 | mtm_pnl=$+0.00 | locked=$+0.00
  exposure=$0.00 | mtm_pnl=$+0.00 | locked=$+0.00
  orders: 0 | fills: 0 ()
2025-12-14 20:22:04,966 [INFO] [Hybrid] d=+65.2 conf=0.43 bias=YES fair=0.149 ask=0.150 edge=-0.001 state=IDLE
2025-12-14 20:22:04,966 [INFO] [btc-updown-15m-1765739700] IDLE | T-476s
  YES: bid=0.140 ask=0.150 | NO: bid=0.850 ask=0.860
  q_yes=0.00 q_no=0.00 | avg_yes=0.000 avg_no=0.000
  exposure=$0.00 | mtm_pnl=$+0.00 | locked=$+0.00
  exposure=$0.00 | mtm_pnl=$+0.00 | locked=$+0.00
  orders: 0 | fills: 0 ()
2025-12-14 20:22:04,966 [INFO] --- HEARTBEAT (Cycle 4.44s) ---
2025-12-14 20:22:04,967 [INFO]    [btc-updown-15m-1765739700] IDLE | Rem: 476s | Orders: 0
2025-12-14 20:22:07,635 [INFO] [Hybrid] d=+65.2 conf=0.43 bias=YES fair=0.141 ask=0.150 edge=-0.009 state=IDLE
2025-12-14 20:22:07,635 [INFO] [btc-updown-15m-1765739700] IDLE | T-473s
  YES: bid=0.140 ask=0.150 | NO: bid=0.850 ask=0.860
  q_yes=0.00 q_no=0.00 | avg_yes=0.000 avg_no=0.000
  exposure=$0.00 | mtm_pnl=$+0.00 | locked=$+0.00
  exposure=$0.00 | mtm_pnl=$+0.00 | locked=$+0.00
  orders: 0 | fills: 0 ()
2025-12-14 20:22:10,910 [INFO] [Hybrid] d=+65.2 conf=0.43 bias=YES fair=0.139 ask=0.140 edge=-0.001 state=IDLE
2025-12-14 20:22:10,910 [INFO] [btc-updown-15m-1765739700] IDLE | T-470s
  YES: bid=0.130 ask=0.140 | NO: bid=0.860 ask=0.870
  q_yes=0.00 q_no=0.00 | avg_yes=0.000 avg_no=0.000
  exposure=$0.00 | mtm_pnl=$+0.00 | locked=$+0.00
  exposure=$0.00 | mtm_pnl=$+0.00 | locked=$+0.00
  orders: 0 | fills: 0 ()
2025-12-14 20:22:13,541 [INFO] [Hybrid] d=+68.8 conf=0.46 bias=YES fair=0.139 ask=0.140 edge=-0.001 state=IDLE
2025-12-14 20:22:13,541 [INFO] [btc-updown-15m-1765739700] IDLE | T-467s
  YES: bid=0.130 ask=0.140 | NO: bid=0.870 ask=0.880
  q_yes=0.00 q_no=0.00 | avg_yes=0.000 avg_no=0.000
  exposure=$0.00 | mtm_pnl=$+0.00 | locked=$+0.00
  exposure=$0.00 | mtm_pnl=$+0.00 | locked=$+0.00
  orders: 0 | fills: 0 ()
2025-12-14 20:22:16,891 [INFO] [Hybrid] d=+68.8 conf=0.46 bias=YES fair=0.160 ask=0.160 edge=-0.000 state=IDLE
2025-12-14 20:22:16,891 [INFO] [btc-updown-15m-1765739700] IDLE | T-464s
  YES: bid=0.150 ask=0.160 | NO: bid=0.840 ask=0.850
  q_yes=0.00 q_no=0.00 | avg_yes=0.000 avg_no=0.000
  exposure=$0.00 | mtm_pnl=$+0.00 | locked=$+0.00
  exposure=$0.00 | mtm_pnl=$+0.00 | locked=$+0.00
  orders: 0 | fills: 0 ()
2025-12-14 20:22:16,892 [INFO] --- HEARTBEAT (Cycle 3.25s) ---
2025-12-14 20:22:16,892 [INFO]    [btc-updown-15m-1765739700] IDLE | Rem: 464s | Orders: 0
2025-12-14 20:22:19,697 [INFO] [Hybrid] d=+73.9 conf=0.49 bias=YES fair=0.116 ask=0.120 edge=-0.004 state=IDLE
2025-12-14 20:22:19,697 [INFO] [btc-updown-15m-1765739700] IDLE | T-461s
  YES: bid=0.110 ask=0.120 | NO: bid=0.880 ask=0.890
  q_yes=0.00 q_no=0.00 | avg_yes=0.000 avg_no=0.000
  exposure=$0.00 | mtm_pnl=$+0.00 | locked=$+0.00
  exposure=$0.00 | mtm_pnl=$+0.00 | locked=$+0.00
  orders: 0 | fills: 0 ()
2025-12-14 20:22:23,332 [INFO] [Hybrid] d=+73.9 conf=0.49 bias=YES fair=0.112 ask=0.120 edge=-0.008 state=IDLE
2025-12-14 20:22:23,332 [INFO] [btc-updown-15m-1765739700] IDLE | T-458s
  YES: bid=0.110 ask=0.120 | NO: bid=0.880 ask=0.890
  q_yes=0.00 q_no=0.00 | avg_yes=0.000 avg_no=0.000
  exposure=$0.00 | mtm_pnl=$+0.00 | locked=$+0.00
  exposure=$0.00 | mtm_pnl=$+0.00 | locked=$+0.00
  orders: 0 | fills: 0 ()
2025-12-14 20:22:26,017 [INFO] [Hybrid] d=+80.7 conf=0.54 bias=YES fair=0.092 ask=0.100 edge=-0.008 state=IDLE
2025-12-14 20:22:26,018 [INFO] [btc-updown-15m-1765739700] IDLE | T-454s
  YES: bid=0.090 ask=0.100 | NO: bid=0.900 ask=0.910
  q_yes=0.00 q_no=0.00 | avg_yes=0.000 avg_no=0.000
  exposure=$0.00 | mtm_pnl=$+0.00 | locked=$+0.00
  exposure=$0.00 | mtm_pnl=$+0.00 | locked=$+0.00
  orders: 0 | fills: 0 ()
2025-12-14 20:22:29,411 [INFO] [Hybrid] d=+80.7 conf=0.54 bias=YES fair=0.095 ask=0.100 edge=-0.005 state=IDLE
2025-12-14 20:22:29,411 [INFO] [btc-updown-15m-1765739700] IDLE | T-452s
  YES: bid=0.090 ask=0.100 | NO: bid=0.900 ask=0.910
  q_yes=0.00 q_no=0.00 | avg_yes=0.000 avg_no=0.000
  exposure=$0.00 | mtm_pnl=$+0.00 | locked=$+0.00
  exposure=$0.00 | mtm_pnl=$+0.00 | locked=$+0.00
  orders: 0 | fills: 0 ()
2025-12-14 20:22:29,412 [INFO] --- HEARTBEAT (Cycle 3.29s) ---
2025-12-14 20:22:29,412 [INFO]    [btc-updown-15m-1765739700] IDLE | Rem: 452s | Orders: 0
2025-12-14 20:22:32,030 [INFO] [Hybrid] d=+64.6 conf=0.43 bias=YES fair=0.088 ask=0.090 edge=-0.002 state=IDLE
2025-12-14 20:22:32,030 [INFO] [btc-updown-15m-1765739700] IDLE | T-448s
  YES: bid=0.080 ask=0.090 | NO: bid=0.900 ask=0.920
  q_yes=0.00 q_no=0.00 | avg_yes=0.000 avg_no=0.000
  exposure=$0.00 | mtm_pnl=$+0.00 | locked=$+0.00
  exposure=$0.00 | mtm_pnl=$+0.00 | locked=$+0.00
  orders: 0 | fills: 0 ()
2025-12-14 20:22:35,460 [INFO] [Hybrid] d=+64.6 conf=0.43 bias=YES fair=0.072 ask=0.080 edge=-0.008 state=IDLE
2025-12-14 20:22:35,461 [INFO] [btc-updown-15m-1765739700] IDLE | T-446s
  YES: bid=0.070 ask=0.080 | NO: bid=0.920 ask=0.930
  q_yes=0.00 q_no=0.00 | avg_yes=0.000 avg_no=0.000
  exposure=$0.00 | mtm_pnl=$+0.00 | locked=$+0.00
  exposure=$0.00 | mtm_pnl=$+0.00 | locked=$+0.00
  orders: 0 | fills: 0 ()
2025-12-14 20:22:38,138 [INFO] [Hybrid] d=+38.8 conf=0.26 bias=YES fair=0.072 ask=0.080 edge=-0.008 state=IDLE
2025-12-14 20:22:38,138 [INFO] [btc-updown-15m-1765739700] IDLE | T-442s
  YES: bid=0.070 ask=0.080 | NO: bid=0.920 ask=0.930
  q_yes=0.00 q_no=0.00 | avg_yes=0.000 avg_no=0.000
  exposure=$0.00 | mtm_pnl=$+0.00 | locked=$+0.00
  exposure=$0.00 | mtm_pnl=$+0.00 | locked=$+0.00
  orders: 0 | fills: 0 ()
2025-12-14 20:22:41,382 [INFO] [Hybrid] d=+38.8 conf=0.26 bias=YES fair=0.085 ask=0.090 edge=-0.005 state=IDLE
2025-12-14 20:22:41,382 [INFO] [btc-updown-15m-1765739700] IDLE | T-439s
  YES: bid=0.080 ask=0.090 | NO: bid=0.910 ask=0.920
  q_yes=0.00 q_no=0.00 | avg_yes=0.000 avg_no=0.000
  exposure=$0.00 | mtm_pnl=$+0.00 | locked=$+0.00
  exposure=$0.00 | mtm_pnl=$+0.00 | locked=$+0.00
  orders: 0 | fills: 0 ()
2025-12-14 20:22:41,382 [INFO] --- HEARTBEAT (Cycle 3.14s) ---
2025-12-14 20:22:41,383 [INFO]    [btc-updown-15m-1765739700] IDLE | Rem: 440s | Orders: 0
2025-12-14 20:22:43,987 [INFO] [Hybrid] d=+41.2 conf=0.27 bias=YES fair=0.083 ask=0.090 edge=-0.007 state=IDLE
2025-12-14 20:22:43,988 [INFO] [btc-updown-15m-1765739700] IDLE | T-436s
  YES: bid=0.080 ask=0.090 | NO: bid=0.910 ask=0.920
  q_yes=0.00 q_no=0.00 | avg_yes=0.000 avg_no=0.000
  exposure=$0.00 | mtm_pnl=$+0.00 | locked=$+0.00
  exposure=$0.00 | mtm_pnl=$+0.00 | locked=$+0.00
  orders: 0 | fills: 0 ()
2025-12-14 20:22:47,182 [INFO] [Hybrid] d=+41.2 conf=0.27 bias=YES fair=0.073 ask=0.080 edge=-0.007 state=IDLE
2025-12-14 20:22:47,182 [INFO] [btc-updown-15m-1765739700] IDLE | T-434s
  YES: bid=0.070 ask=0.080 | NO: bid=0.910 ask=0.930
  q_yes=0.00 q_no=0.00 | avg_yes=0.000 avg_no=0.000
  exposure=$0.00 | mtm_pnl=$+0.00 | locked=$+0.00
  exposure=$0.00 | mtm_pnl=$+0.00 | locked=$+0.00
  orders: 0 | fills: 0 ()
2025-12-14 20:22:49,868 [INFO] [Hybrid] d=+16.4 conf=0.11 bias=YES fair=0.075 ask=0.080 edge=-0.005 state=IDLE
2025-12-14 20:22:49,869 [INFO] [btc-updown-15m-1765739700] IDLE | T-430s
  YES: bid=0.070 ask=0.080 | NO: bid=0.920 ask=0.930
  q_yes=0.00 q_no=0.00 | avg_yes=0.000 avg_no=0.000
  exposure=$0.00 | mtm_pnl=$+0.00 | locked=$+0.00
  exposure=$0.00 | mtm_pnl=$+0.00 | locked=$+0.00
  orders: 0 | fills: 0 ()
2025-12-14 20:22:53,188 [INFO] [Hybrid] d=+16.4 conf=0.11 bias=YES fair=0.075 ask=0.080 edge=-0.005 state=IDLE
2025-12-14 20:22:53,188 [INFO] [btc-updown-15m-1765739700] IDLE | T-428s
  YES: bid=0.070 ask=0.080 | NO: bid=0.920 ask=0.930
  q_yes=0.00 q_no=0.00 | avg_yes=0.000 avg_no=0.000
  exposure=$0.00 | mtm_pnl=$+0.00 | locked=$+0.00
  exposure=$0.00 | mtm_pnl=$+0.00 | locked=$+0.00
  orders: 0 | fills: 0 ()
2025-12-14 20:22:53,189 [INFO] --- HEARTBEAT (Cycle 3.22s) ---
2025-12-14 20:22:53,189 [INFO]    [btc-updown-15m-1765739700] IDLE | Rem: 428s | Orders: 0
2025-12-14 20:22:55,818 [INFO] [Hybrid] d=+26.9 conf=0.18 bias=YES fair=0.078 ask=0.080 edge=-0.002 state=IDLE
2025-12-14 20:22:55,819 [INFO] [btc-updown-15m-1765739700] IDLE | T-424s
  YES: bid=0.060 ask=0.080 | NO: bid=0.920 ask=0.930
  q_yes=0.00 q_no=0.00 | avg_yes=0.000 avg_no=0.000
  exposure=$0.00 | mtm_pnl=$+0.00 | locked=$+0.00
  exposure=$0.00 | mtm_pnl=$+0.00 | locked=$+0.00
  orders: 0 | fills: 0 ()
2025-12-14 20:22:59,031 [INFO] [Hybrid] d=+26.9 conf=0.18 bias=YES fair=0.073 ask=0.080 edge=-0.007 state=IDLE
2025-12-14 20:22:59,031 [INFO] [btc-updown-15m-1765739700] IDLE | T-422s
  YES: bid=0.070 ask=0.080 | NO: bid=0.920 ask=0.930
  q_yes=0.00 q_no=0.00 | avg_yes=0.000 avg_no=0.000
  exposure=$0.00 | mtm_pnl=$+0.00 | locked=$+0.00
  exposure=$0.00 | mtm_pnl=$+0.00 | locked=$+0.00
  orders: 0 | fills: 0 ()
2025-12-14 20:23:02,906 [INFO] [Hybrid] d=+16.8 conf=0.11 bias=YES fair=0.080 ask=0.080 edge=-0.000 state=IDLE
2025-12-14 20:23:02,906 [INFO] [btc-updown-15m-1765739700] IDLE | T-417s
  YES: bid=0.070 ask=0.080 | NO: bid=0.920 ask=0.930
  q_yes=0.00 q_no=0.00 | avg_yes=0.000 avg_no=0.000
  exposure=$0.00 | mtm_pnl=$+0.00 | locked=$+0.00
  exposure=$0.00 | mtm_pnl=$+0.00 | locked=$+0.00
  orders: 0 | fills: 0 ()
2025-12-14 20:23:06,214 [INFO] [Hybrid] d=+16.8 conf=0.11 bias=YES fair=0.080 ask=0.080 edge=-0.000 state=IDLE
2025-12-14 20:23:06,214 [INFO] [btc-updown-15m-1765739700] IDLE | T-415s
  YES: bid=0.070 ask=0.080 | NO: bid=0.920 ask=0.930
  q_yes=0.00 q_no=0.00 | avg_yes=0.000 avg_no=0.000
  exposure=$0.00 | mtm_pnl=$+0.00 | locked=$+0.00
  exposure=$0.00 | mtm_pnl=$+0.00 | locked=$+0.00
  orders: 0 | fills: 0 ()
2025-12-14 20:23:06,215 [INFO] --- HEARTBEAT (Cycle 3.21s) ---
2025-12-14 20:23:06,215 [INFO]    [btc-updown-15m-1765739700] IDLE | Rem: 415s | Orders: 0
2025-12-14 20:23:08,815 [INFO] [Hybrid] d=+4.8 conf=0.03 bias=YES fair=0.090 ask=0.090 edge=-0.000 state=IDLE
2025-12-14 20:23:08,815 [INFO] [btc-updown-15m-1765739700] IDLE | T-411s
  YES: bid=0.080 ask=0.090 | NO: bid=0.910 ask=0.920
  q_yes=0.00 q_no=0.00 | avg_yes=0.000 avg_no=0.000
  exposure=$0.00 | mtm_pnl=$+0.00 | locked=$+0.00
  exposure=$0.00 | mtm_pnl=$+0.00 | locked=$+0.00
  orders: 0 | fills: 0 ()
2025-12-14 20:23:12,219 [INFO] [Hybrid] d=+4.8 conf=0.03 bias=YES fair=0.090 ask=0.090 edge=-0.000 state=IDLE
2025-12-14 20:23:12,219 [INFO] [btc-updown-15m-1765739700] IDLE | T-409s
  YES: bid=0.080 ask=0.090 | NO: bid=0.910 ask=0.920
  q_yes=0.00 q_no=0.00 | avg_yes=0.000 avg_no=0.000
  exposure=$0.00 | mtm_pnl=$+0.00 | locked=$+0.00
  exposure=$0.00 | mtm_pnl=$+0.00 | locked=$+0.00
  orders: 0 | fills: 0 ()
2025-12-14 20:23:14,893 [INFO] [Hybrid] d=+28.6 conf=0.19 bias=YES fair=0.091 ask=0.100 edge=-0.009 state=IDLE
2025-12-14 20:23:14,894 [INFO] [btc-updown-15m-1765739700] IDLE | T-405s
  YES: bid=0.080 ask=0.100 | NO: bid=0.910 ask=0.920
  q_yes=0.00 q_no=0.00 | avg_yes=0.000 avg_no=0.000
  exposure=$0.00 | mtm_pnl=$+0.00 | locked=$+0.00
  exposure=$0.00 | mtm_pnl=$+0.00 | locked=$+0.00
  orders: 0 | fills: 0 ()
2025-12-14 20:23:18,149 [INFO] [Hybrid] d=+28.6 conf=0.19 bias=YES fair=0.090 ask=0.090 edge=-0.000 state=IDLE
2025-12-14 20:23:18,151 [INFO] [btc-updown-15m-1765739700] IDLE | T-403s
  YES: bid=0.080 ask=0.090 | NO: bid=0.890 ask=0.920
  q_yes=0.00 q_no=0.00 | avg_yes=0.000 avg_no=0.000
  exposure=$0.00 | mtm_pnl=$+0.00 | locked=$+0.00
  exposure=$0.00 | mtm_pnl=$+0.00 | locked=$+0.00
  orders: 0 | fills: 0 ()
2025-12-14 20:23:18,151 [INFO] --- HEARTBEAT (Cycle 3.16s) ---
2025-12-14 20:23:18,151 [INFO]    [btc-updown-15m-1765739700] IDLE | Rem: 403s | Orders: 0
2025-12-14 20:23:20,928 [INFO] [Hybrid] d=+28.6 conf=0.19 bias=YES fair=0.097 ask=0.100 edge=-0.003 state=IDLE
2025-12-14 20:23:20,928 [INFO] [btc-updown-15m-1765739700] IDLE | T-399s
  YES: bid=0.080 ask=0.100 | NO: bid=0.900 ask=0.920
  q_yes=0.00 q_no=0.00 | avg_yes=0.000 avg_no=0.000
  exposure=$0.00 | mtm_pnl=$+0.00 | locked=$+0.00
  exposure=$0.00 | mtm_pnl=$+0.00 | locked=$+0.00
  orders: 0 | fills: 0 ()
2025-12-14 20:23:24,141 [INFO] [Hybrid] d=+28.6 conf=0.19 bias=YES fair=0.096 ask=0.100 edge=-0.004 state=IDLE
2025-12-14 20:23:24,141 [INFO] [btc-updown-15m-1765739700] IDLE | T-397s
  YES: bid=0.080 ask=0.100 | NO: bid=0.900 ask=0.920
  q_yes=0.00 q_no=0.00 | avg_yes=0.000 avg_no=0.000
  exposure=$0.00 | mtm_pnl=$+0.00 | locked=$+0.00
  exposure=$0.00 | mtm_pnl=$+0.00 | locked=$+0.00
  orders: 0 | fills: 0 ()
2025-12-14 20:23:26,752 [INFO] [Hybrid] d=+28.6 conf=0.19 bias=YES fair=0.097 ask=0.100 edge=-0.003 state=IDLE
2025-12-14 20:23:26,752 [INFO] [btc-updown-15m-1765739700] IDLE | T-393s
  YES: bid=0.090 ask=0.100 | NO: bid=0.900 ask=0.910
  q_yes=0.00 q_no=0.00 | avg_yes=0.000 avg_no=0.000
  exposure=$0.00 | mtm_pnl=$+0.00 | locked=$+0.00
  exposure=$0.00 | mtm_pnl=$+0.00 | locked=$+0.00
  orders: 0 | fills: 0 ()
2025-12-14 20:23:30,147 [INFO] [Hybrid] d=+28.6 conf=0.19 bias=YES fair=0.090 ask=0.090 edge=-0.000 state=IDLE
2025-12-14 20:23:30,147 [INFO] [btc-updown-15m-1765739700] IDLE | T-391s
  YES: bid=0.080 ask=0.090 | NO: bid=0.900 ask=0.910
  q_yes=0.00 q_no=0.00 | avg_yes=0.000 avg_no=0.000
  exposure=$0.00 | mtm_pnl=$+0.00 | locked=$+0.00
  exposure=$0.00 | mtm_pnl=$+0.00 | locked=$+0.00
  orders: 0 | fills: 0 ()
2025-12-14 20:23:30,147 [INFO] --- HEARTBEAT (Cycle 3.29s) ---
2025-12-14 20:23:30,147 [INFO]    [btc-updown-15m-1765739700] IDLE | Rem: 391s | Orders: 0
2025-12-14 20:23:32,744 [INFO] [Hybrid] d=+39.5 conf=0.26 bias=YES fair=0.095 ask=0.100 edge=-0.005 state=IDLE
2025-12-14 20:23:32,744 [INFO] [btc-updown-15m-1765739700] IDLE | T-387s
  YES: bid=0.080 ask=0.100 | NO: bid=0.900 ask=0.920
  q_yes=0.00 q_no=0.00 | avg_yes=0.000 avg_no=0.000
  exposure=$0.00 | mtm_pnl=$+0.00 | locked=$+0.00
  exposure=$0.00 | mtm_pnl=$+0.00 | locked=$+0.00
  orders: 0 | fills: 0 ()
2025-12-14 20:23:35,918 [INFO] [Hybrid] d=+39.5 conf=0.26 bias=YES fair=0.090 ask=0.090 edge=-0.000 state=IDLE
2025-12-14 20:23:35,919 [INFO] [btc-updown-15m-1765739700] IDLE | T-385s
  YES: bid=0.080 ask=0.090 | NO: bid=0.900 ask=0.920
  q_yes=0.00 q_no=0.00 | avg_yes=0.000 avg_no=0.000
  exposure=$0.00 | mtm_pnl=$+0.00 | locked=$+0.00
  exposure=$0.00 | mtm_pnl=$+0.00 | locked=$+0.00
  orders: 0 | fills: 0 ()
2025-12-14 20:23:38,482 [INFO] [Hybrid] d=+38.6 conf=0.26 bias=YES fair=0.096 ask=0.100 edge=-0.004 state=IDLE
2025-12-14 20:23:38,482 [INFO] [btc-updown-15m-1765739700] IDLE | T-382s
  YES: bid=0.080 ask=0.100 | NO: bid=0.900 ask=0.920
  q_yes=0.00 q_no=0.00 | avg_yes=0.000 avg_no=0.000
  exposure=$0.00 | mtm_pnl=$+0.00 | locked=$+0.00
  exposure=$0.00 | mtm_pnl=$+0.00 | locked=$+0.00
  orders: 0 | fills: 0 ()
2025-12-14 20:23:41,830 [INFO] [Hybrid] d=+38.6 conf=0.26 bias=YES fair=0.098 ask=0.100 edge=-0.002 state=IDLE
2025-12-14 20:23:41,830 [INFO] [btc-updown-15m-1765739700] IDLE | T-379s
  YES: bid=0.090 ask=0.100 | NO: bid=0.900 ask=0.910
  q_yes=0.00 q_no=0.00 | avg_yes=0.000 avg_no=0.000
  exposure=$0.00 | mtm_pnl=$+0.00 | locked=$+0.00
  exposure=$0.00 | mtm_pnl=$+0.00 | locked=$+0.00
  orders: 0 | fills: 0 ()
2025-12-14 20:23:41,830 [INFO] --- HEARTBEAT (Cycle 3.25s) ---
2025-12-14 20:23:41,830 [INFO]    [btc-updown-15m-1765739700] IDLE | Rem: 380s | Orders: 0
2025-12-14 20:23:45,466 [INFO] [Hybrid] d=+49.5 conf=0.33 bias=YES fair=0.100 ask=0.100 edge=-0.000 state=IDLE
2025-12-14 20:23:45,466 [INFO] [btc-updown-15m-1765739700] IDLE | T-375s
  YES: bid=0.090 ask=0.100 | NO: bid=0.900 ask=0.910
  q_yes=0.00 q_no=0.00 | avg_yes=0.000 avg_no=0.000
  exposure=$0.00 | mtm_pnl=$+0.00 | locked=$+0.00
  exposure=$0.00 | mtm_pnl=$+0.00 | locked=$+0.00
  orders: 0 | fills: 0 ()
2025-12-14 20:23:48,814 [INFO] [Hybrid] d=+49.5 conf=0.33 bias=YES fair=0.100 ask=0.100 edge=-0.000 state=IDLE
2025-12-14 20:23:48,815 [INFO] [btc-updown-15m-1765739700] IDLE | T-372s
  YES: bid=0.090 ask=0.100 | NO: bid=0.900 ask=0.910
  q_yes=0.00 q_no=0.00 | avg_yes=0.000 avg_no=0.000
  exposure=$0.00 | mtm_pnl=$+0.00 | locked=$+0.00
  exposure=$0.00 | mtm_pnl=$+0.00 | locked=$+0.00
  orders: 0 | fills: 0 ()
2025-12-14 20:23:51,502 [INFO] [Hybrid] d=+55.4 conf=0.37 bias=YES fair=0.106 ask=0.110 edge=-0.004 state=IDLE
2025-12-14 20:23:51,502 [INFO] [btc-updown-15m-1765739700] IDLE | T-369s
  YES: bid=0.100 ask=0.110 | NO: bid=0.890 ask=0.900
  q_yes=0.00 q_no=0.00 | avg_yes=0.000 avg_no=0.000
  exposure=$0.00 | mtm_pnl=$+0.00 | locked=$+0.00
  exposure=$0.00 | mtm_pnl=$+0.00 | locked=$+0.00
  orders: 0 | fills: 0 ()
2025-12-14 20:23:54,814 [INFO] [Hybrid] d=+55.4 conf=0.37 bias=YES fair=0.101 ask=0.120 edge=-0.019 state=IDLE
2025-12-14 20:23:54,814 [INFO] [btc-updown-15m-1765739700] IDLE | T-366s
  YES: bid=0.100 ask=0.120 | NO: bid=0.880 ask=0.900
  q_yes=0.00 q_no=0.00 | avg_yes=0.000 avg_no=0.000
  exposure=$0.00 | mtm_pnl=$+0.00 | locked=$+0.00
  exposure=$0.00 | mtm_pnl=$+0.00 | locked=$+0.00
  orders: 0 | fills: 0 ()
2025-12-14 20:23:54,814 [INFO] --- HEARTBEAT (Cycle 3.21s) ---
2025-12-14 20:23:54,814 [INFO]    [btc-updown-15m-1765739700] IDLE | Rem: 367s | Orders: 0
2025-12-14 20:23:57,517 [INFO] [Hybrid] d=+58.2 conf=0.39 bias=YES fair=0.108 ask=0.110 edge=-0.002 state=IDLE
2025-12-14 20:23:57,517 [INFO] [btc-updown-15m-1765739700] IDLE | T-363s
  YES: bid=0.090 ask=0.110 | NO: bid=0.890 ask=0.910
  q_yes=0.00 q_no=0.00 | avg_yes=0.000 avg_no=0.000
  exposure=$0.00 | mtm_pnl=$+0.00 | locked=$+0.00
  exposure=$0.00 | mtm_pnl=$+0.00 | locked=$+0.00
  orders: 0 | fills: 0 ()
2025-12-14 20:24:00,793 [INFO] [Hybrid] d=+58.2 conf=0.39 bias=YES fair=0.107 ask=0.110 edge=-0.003 state=IDLE
2025-12-14 20:24:00,793 [INFO] [btc-updown-15m-1765739700] IDLE | T-360s
  YES: bid=0.090 ask=0.110 | NO: bid=0.890 ask=0.910
  q_yes=0.00 q_no=0.00 | avg_yes=0.000 avg_no=0.000
  exposure=$0.00 | mtm_pnl=$+0.00 | locked=$+0.00
  exposure=$0.00 | mtm_pnl=$+0.00 | locked=$+0.00
  orders: 0 | fills: 0 ()
2025-12-14 20:24:03,410 [INFO] [Hybrid] d=+58.2 conf=0.39 bias=YES fair=0.081 ask=0.090 edge=-0.009 state=IDLE
2025-12-14 20:24:03,410 [INFO] [btc-updown-15m-1765739700] IDLE | T-357s
  YES: bid=0.080 ask=0.090 | NO: bid=0.910 ask=0.920
  q_yes=0.00 q_no=0.00 | avg_yes=0.000 avg_no=0.000
  exposure=$0.00 | mtm_pnl=$+0.00 | locked=$+0.00
  exposure=$0.00 | mtm_pnl=$+0.00 | locked=$+0.00
  orders: 0 | fills: 0 ()
2025-12-14 20:24:06,775 [INFO] [Hybrid] d=+58.2 conf=0.39 bias=YES fair=0.071 ask=0.080 edge=-0.009 state=IDLE
2025-12-14 20:24:06,775 [INFO] [btc-updown-15m-1765739700] IDLE | T-354s
  YES: bid=0.070 ask=0.080 | NO: bid=0.920 ask=0.930
  q_yes=0.00 q_no=0.00 | avg_yes=0.000 avg_no=0.000
  exposure=$0.00 | mtm_pnl=$+0.00 | locked=$+0.00
  exposure=$0.00 | mtm_pnl=$+0.00 | locked=$+0.00
  orders: 0 | fills: 0 ()
2025-12-14 20:24:06,775 [INFO] --- HEARTBEAT (Cycle 3.26s) ---
2025-12-14 20:24:06,775 [INFO]    [btc-updown-15m-1765739700] IDLE | Rem: 355s | Orders: 0
2025-12-14 20:24:09,434 [INFO] [Hybrid] d=+61.1 conf=0.41 bias=YES fair=0.070 ask=0.070 edge=-0.000 state=IDLE
2025-12-14 20:24:09,434 [INFO] [btc-updown-15m-1765739700] IDLE | T-351s
  YES: bid=0.060 ask=0.070 | NO: bid=0.920 ask=0.940
  q_yes=0.00 q_no=0.00 | avg_yes=0.000 avg_no=0.000
  exposure=$0.00 | mtm_pnl=$+0.00 | locked=$+0.00
  exposure=$0.00 | mtm_pnl=$+0.00 | locked=$+0.00
  orders: 0 | fills: 0 ()
2025-12-14 20:24:12,678 [INFO] [Hybrid] d=+61.1 conf=0.41 bias=YES fair=0.079 ask=0.080 edge=-0.001 state=IDLE
2025-12-14 20:24:12,678 [INFO] [btc-updown-15m-1765739700] IDLE | T-348s
  YES: bid=0.070 ask=0.080 | NO: bid=0.920 ask=0.930
  q_yes=0.00 q_no=0.00 | avg_yes=0.000 avg_no=0.000
  exposure=$0.00 | mtm_pnl=$+0.00 | locked=$+0.00
  exposure=$0.00 | mtm_pnl=$+0.00 | locked=$+0.00
  orders: 0 | fills: 0 ()
2025-12-14 20:24:15,682 [INFO] [Hybrid] d=+61.1 conf=0.41 bias=YES fair=0.068 ask=0.070 edge=-0.002 state=IDLE
2025-12-14 20:24:15,682 [INFO] [btc-updown-15m-1765739700] IDLE | T-344s
  YES: bid=0.050 ask=0.070 | NO: bid=0.920 ask=0.940
  q_yes=0.00 q_no=0.00 | avg_yes=0.000 avg_no=0.000
  exposure=$0.00 | mtm_pnl=$+0.00 | locked=$+0.00
  exposure=$0.00 | mtm_pnl=$+0.00 | locked=$+0.00
  orders: 0 | fills: 0 ()
2025-12-14 20:24:18,953 [INFO] [Hybrid] d=+61.1 conf=0.41 bias=YES fair=0.072 ask=0.080 edge=-0.008 state=IDLE
2025-12-14 20:24:18,954 [INFO] [btc-updown-15m-1765739700] IDLE | T-342s
  YES: bid=0.060 ask=0.080 | NO: bid=0.920 ask=0.940
  q_yes=0.00 q_no=0.00 | avg_yes=0.000 avg_no=0.000
  exposure=$0.00 | mtm_pnl=$+0.00 | locked=$+0.00
  exposure=$0.00 | mtm_pnl=$+0.00 | locked=$+0.00
  orders: 0 | fills: 0 ()
2025-12-14 20:24:18,954 [INFO] --- HEARTBEAT (Cycle 3.17s) ---
2025-12-14 20:24:18,954 [INFO]    [btc-updown-15m-1765739700] IDLE | Rem: 342s | Orders: 0
2025-12-14 20:24:21,917 [INFO] [Hybrid] d=+33.3 conf=0.22 bias=YES fair=0.085 ask=0.090 edge=-0.005 state=IDLE
2025-12-14 20:24:21,917 [INFO] [btc-updown-15m-1765739700] IDLE | T-338s
  YES: bid=0.080 ask=0.090 | NO: bid=0.910 ask=0.920
  q_yes=0.00 q_no=0.00 | avg_yes=0.000 avg_no=0.000
  exposure=$0.00 | mtm_pnl=$+0.00 | locked=$+0.00
  exposure=$0.00 | mtm_pnl=$+0.00 | locked=$+0.00
  orders: 0 | fills: 0 ()
2025-12-14 20:24:25,601 [INFO] [Hybrid] d=+33.3 conf=0.22 bias=YES fair=0.086 ask=0.090 edge=-0.004 state=IDLE
2025-12-14 20:24:25,601 [INFO] [btc-updown-15m-1765739700] IDLE | T-335s
  YES: bid=0.080 ask=0.090 | NO: bid=0.910 ask=0.920
  q_yes=0.00 q_no=0.00 | avg_yes=0.000 avg_no=0.000
  exposure=$0.00 | mtm_pnl=$+0.00 | locked=$+0.00
  exposure=$0.00 | mtm_pnl=$+0.00 | locked=$+0.00
  orders: 0 | fills: 0 ()
2025-12-14 20:24:28,253 [INFO] [Hybrid] d=+48.1 conf=0.32 bias=YES fair=0.071 ask=0.090 edge=-0.019 state=IDLE
2025-12-14 20:24:28,254 [INFO] [btc-updown-15m-1765739700] IDLE | T-332s
  YES: bid=0.070 ask=0.090 | NO: bid=0.910 ask=0.930
  q_yes=0.00 q_no=0.00 | avg_yes=0.000 avg_no=0.000
  exposure=$0.00 | mtm_pnl=$+0.00 | locked=$+0.00
  exposure=$0.00 | mtm_pnl=$+0.00 | locked=$+0.00
  orders: 0 | fills: 0 ()
2025-12-14 20:24:31,547 [INFO] [Hybrid] d=+48.1 conf=0.32 bias=YES fair=0.072 ask=0.090 edge=-0.018 state=IDLE
2025-12-14 20:24:31,548 [INFO] [btc-updown-15m-1765739700] IDLE | T-329s
  YES: bid=0.070 ask=0.090 | NO: bid=0.920 ask=0.930
  q_yes=0.00 q_no=0.00 | avg_yes=0.000 avg_no=0.000
  exposure=$0.00 | mtm_pnl=$+0.00 | locked=$+0.00
  exposure=$0.00 | mtm_pnl=$+0.00 | locked=$+0.00
  orders: 0 | fills: 0 ()
2025-12-14 20:24:31,548 [INFO] --- HEARTBEAT (Cycle 3.19s) ---
2025-12-14 20:24:31,548 [INFO]    [btc-updown-15m-1765739700] IDLE | Rem: 330s | Orders: 0
2025-12-14 20:24:34,212 [INFO] [Hybrid] d=+48.1 conf=0.32 bias=YES fair=0.069 ask=0.080 edge=-0.011 state=IDLE
2025-12-14 20:24:34,212 [INFO] [btc-updown-15m-1765739700] IDLE | T-326s
  YES: bid=0.060 ask=0.080 | NO: bid=0.920 ask=0.940
  q_yes=0.00 q_no=0.00 | avg_yes=0.000 avg_no=0.000
  exposure=$0.00 | mtm_pnl=$+0.00 | locked=$+0.00
  exposure=$0.00 | mtm_pnl=$+0.00 | locked=$+0.00
  orders: 0 | fills: 0 ()
2025-12-14 20:24:37,458 [INFO] [Hybrid] d=+48.1 conf=0.32 bias=YES fair=0.063 ask=0.070 edge=-0.007 state=IDLE
2025-12-14 20:24:37,458 [INFO] [btc-updown-15m-1765739700] IDLE | T-323s
  YES: bid=0.060 ask=0.070 | NO: bid=0.930 ask=0.940
  q_yes=0.00 q_no=0.00 | avg_yes=0.000 avg_no=0.000
  exposure=$0.00 | mtm_pnl=$+0.00 | locked=$+0.00
  exposure=$0.00 | mtm_pnl=$+0.00 | locked=$+0.00
  orders: 0 | fills: 0 ()
2025-12-14 20:24:40,296 [INFO] [Hybrid] d=+50.8 conf=0.34 bias=YES fair=0.061 ask=0.070 edge=-0.009 state=IDLE
2025-12-14 20:24:40,297 [INFO] [btc-updown-15m-1765739700] IDLE | T-320s
  YES: bid=0.060 ask=0.070 | NO: bid=0.930 ask=0.950
  q_yes=0.00 q_no=0.00 | avg_yes=0.000 avg_no=0.000
  exposure=$0.00 | mtm_pnl=$+0.00 | locked=$+0.00
  exposure=$0.00 | mtm_pnl=$+0.00 | locked=$+0.00
  orders: 0 | fills: 0 ()
2025-12-14 20:24:43,799 [INFO] [Hybrid] d=+50.8 conf=0.34 bias=YES fair=0.060 ask=0.060 edge=-0.000 state=IDLE
2025-12-14 20:24:43,799 [INFO] [btc-updown-15m-1765739700] IDLE | T-317s
  YES: bid=0.040 ask=0.060 | NO: bid=0.950 ask=0.960
  q_yes=0.00 q_no=0.00 | avg_yes=0.000 avg_no=0.000
  exposure=$0.00 | mtm_pnl=$+0.00 | locked=$+0.00
  exposure=$0.00 | mtm_pnl=$+0.00 | locked=$+0.00
  orders: 0 | fills: 0 ()
2025-12-14 20:24:43,799 [INFO] --- HEARTBEAT (Cycle 3.40s) ---
2025-12-14 20:24:43,800 [INFO]    [btc-updown-15m-1765739700] IDLE | Rem: 318s | Orders: 0
2025-12-14 20:24:46,317 [INFO] [Hybrid] d=+48.3 conf=0.32 bias=YES fair=0.050 ask=0.050 edge=-0.000 state=IDLE
2025-12-14 20:24:46,317 [INFO] [btc-updown-15m-1765739700] IDLE | T-314s
  YES: bid=0.040 ask=0.050 | NO: bid=0.950 ask=0.960
  q_yes=0.00 q_no=0.00 | avg_yes=0.000 avg_no=0.000
  exposure=$0.00 | mtm_pnl=$+0.00 | locked=$+0.00
  exposure=$0.00 | mtm_pnl=$+0.00 | locked=$+0.00
  orders: 0 | fills: 0 ()
2025-12-14 20:24:49,589 [INFO] [Hybrid] d=+48.3 conf=0.32 bias=YES fair=0.049 ask=0.050 edge=-0.001 state=IDLE
2025-12-14 20:24:49,589 [INFO] [btc-updown-15m-1765739700] IDLE | T-311s
  YES: bid=0.040 ask=0.050 | NO: bid=0.950 ask=0.960
  q_yes=0.00 q_no=0.00 | avg_yes=0.000 avg_no=0.000
  exposure=$0.00 | mtm_pnl=$+0.00 | locked=$+0.00
  exposure=$0.00 | mtm_pnl=$+0.00 | locked=$+0.00
  orders: 0 | fills: 0 ()
2025-12-14 20:24:52,206 [INFO] [Hybrid] d=+46.1 conf=0.31 bias=YES fair=0.060 ask=0.060 edge=-0.000 state=IDLE
2025-12-14 20:24:52,206 [INFO] [btc-updown-15m-1765739700] IDLE | T-308s
  YES: bid=0.050 ask=0.060 | NO: bid=0.940 ask=0.950
  q_yes=0.00 q_no=0.00 | avg_yes=0.000 avg_no=0.000
  exposure=$0.00 | mtm_pnl=$+0.00 | locked=$+0.00
  exposure=$0.00 | mtm_pnl=$+0.00 | locked=$+0.00
  orders: 0 | fills: 0 ()
2025-12-14 20:24:55,483 [INFO] [Hybrid] d=+46.1 conf=0.31 bias=YES fair=0.060 ask=0.060 edge=-0.000 state=IDLE
2025-12-14 20:24:55,483 [INFO] [btc-updown-15m-1765739700] IDLE | T-305s
  YES: bid=0.050 ask=0.060 | NO: bid=0.940 ask=0.950
  q_yes=0.00 q_no=0.00 | avg_yes=0.000 avg_no=0.000
  exposure=$0.00 | mtm_pnl=$+0.00 | locked=$+0.00
  exposure=$0.00 | mtm_pnl=$+0.00 | locked=$+0.00
  orders: 0 | fills: 0 ()
2025-12-14 20:24:55,484 [INFO] --- HEARTBEAT (Cycle 3.18s) ---
2025-12-14 20:24:55,485 [INFO]    [btc-updown-15m-1765739700] IDLE | Rem: 306s | Orders: 0
2025-12-14 20:24:58,066 [INFO] [Hybrid] d=+44.1 conf=0.29 bias=YES fair=0.059 ask=0.060 edge=-0.001 state=IDLE
2025-12-14 20:24:58,066 [INFO] [btc-updown-15m-1765739700] IDLE | T-302s
  YES: bid=0.050 ask=0.060 | NO: bid=0.940 ask=0.950
  q_yes=0.00 q_no=0.00 | avg_yes=0.000 avg_no=0.000
  exposure=$0.00 | mtm_pnl=$+0.00 | locked=$+0.00
  exposure=$0.00 | mtm_pnl=$+0.00 | locked=$+0.00
  orders: 0 | fills: 0 ()
2025-12-14 20:25:01,568 [INFO] [Hybrid] d=+44.1 conf=0.29 bias=YES fair=0.059 ask=0.060 edge=-0.001 state=IDLE
2025-12-14 20:25:01,568 [INFO] [btc-updown-15m-1765739700] IDLE | T-299s
  YES: bid=0.050 ask=0.060 | NO: bid=0.940 ask=0.950
  q_yes=0.00 q_no=0.00 | avg_yes=0.000 avg_no=0.000
  exposure=$0.00 | mtm_pnl=$+0.00 | locked=$+0.00
  exposure=$0.00 | mtm_pnl=$+0.00 | locked=$+0.00
  orders: 0 | fills: 0 ()
2025-12-14 20:25:04,192 [INFO] [Hybrid] d=+44.1 conf=0.29 bias=YES fair=0.041 ask=0.050 edge=-0.009 state=IDLE
2025-12-14 20:25:04,192 [INFO] [btc-updown-15m-1765739700] IDLE | T-296s
  YES: bid=0.040 ask=0.050 | NO: bid=0.950 ask=0.960
  q_yes=0.00 q_no=0.00 | avg_yes=0.000 avg_no=0.000
  exposure=$0.00 | mtm_pnl=$+0.00 | locked=$+0.00
  exposure=$0.00 | mtm_pnl=$+0.00 | locked=$+0.00
  orders: 0 | fills: 0 ()
2025-12-14 20:25:07,496 [INFO] [Hybrid] d=+44.1 conf=0.29 bias=YES fair=0.041 ask=0.050 edge=-0.009 state=IDLE
2025-12-14 20:25:07,496 [INFO] [btc-updown-15m-1765739700] IDLE | T-293s
  YES: bid=0.030 ask=0.050 | NO: bid=0.950 ask=0.960
  q_yes=0.00 q_no=0.00 | avg_yes=0.000 avg_no=0.000
  exposure=$0.00 | mtm_pnl=$+0.00 | locked=$+0.00
  exposure=$0.00 | mtm_pnl=$+0.00 | locked=$+0.00
  orders: 0 | fills: 0 ()
2025-12-14 20:25:07,497 [INFO] --- HEARTBEAT (Cycle 3.20s) ---
2025-12-14 20:25:07,497 [INFO]    [btc-updown-15m-1765739700] IDLE | Rem: 294s | Orders: 0
2025-12-14 20:25:10,149 [INFO] [Hybrid] d=+39.0 conf=0.26 bias=YES fair=0.041 ask=0.050 edge=-0.009 state=IDLE
2025-12-14 20:25:10,149 [INFO] [btc-updown-15m-1765739700] IDLE | T-290s
  YES: bid=0.030 ask=0.050 | NO: bid=0.950 ask=0.970
  q_yes=0.00 q_no=0.00 | avg_yes=0.000 avg_no=0.000
  exposure=$0.00 | mtm_pnl=$+0.00 | locked=$+0.00
  exposure=$0.00 | mtm_pnl=$+0.00 | locked=$+0.00
  orders: 0 | fills: 0 ()
2025-12-14 20:25:13,353 [INFO] [Hybrid] d=+39.0 conf=0.26 bias=YES fair=0.040 ask=0.040 edge=-0.000 state=IDLE
2025-12-14 20:25:13,354 [INFO] [btc-updown-15m-1765739700] IDLE | T-287s
  YES: bid=0.030 ask=0.040 | NO: bid=0.960 ask=0.970
  q_yes=0.00 q_no=0.00 | avg_yes=0.000 avg_no=0.000
  exposure=$0.00 | mtm_pnl=$+0.00 | locked=$+0.00
  exposure=$0.00 | mtm_pnl=$+0.00 | locked=$+0.00
  orders: 0 | fills: 0 ()
2025-12-14 20:25:16,013 [INFO] [Hybrid] d=+39.0 conf=0.26 bias=YES fair=0.040 ask=0.050 edge=-0.010 state=IDLE
2025-12-14 20:25:16,014 [INFO] [btc-updown-15m-1765739700] IDLE | T-284s
  YES: bid=0.030 ask=0.050 | NO: bid=0.950 ask=0.970
  q_yes=0.00 q_no=0.00 | avg_yes=0.000 avg_no=0.000
  exposure=$0.00 | mtm_pnl=$+0.00 | locked=$+0.00
  exposure=$0.00 | mtm_pnl=$+0.00 | locked=$+0.00
  orders: 0 | fills: 0 ()
2025-12-14 20:25:19,296 [INFO] [Hybrid] d=+39.0 conf=0.26 bias=YES fair=0.040 ask=0.040 edge=-0.000 state=IDLE
2025-12-14 20:25:19,296 [INFO] [btc-updown-15m-1765739700] IDLE | T-282s
  YES: bid=0.030 ask=0.040 | NO: bid=0.960 ask=0.970
  q_yes=0.00 q_no=0.00 | avg_yes=0.000 avg_no=0.000
  exposure=$0.00 | mtm_pnl=$+0.00 | locked=$+0.00
  exposure=$0.00 | mtm_pnl=$+0.00 | locked=$+0.00
  orders: 0 | fills: 0 ()
2025-12-14 20:25:19,297 [INFO] --- HEARTBEAT (Cycle 3.18s) ---
2025-12-14 20:25:19,297 [INFO]    [btc-updown-15m-1765739700] IDLE | Rem: 282s | Orders: 0
2025-12-14 20:25:21,885 [INFO] [Hybrid] d=+39.0 conf=0.26 bias=YES fair=0.048 ask=0.050 edge=-0.002 state=IDLE
2025-12-14 20:25:21,885 [INFO] [btc-updown-15m-1765739700] IDLE | T-278s
  YES: bid=0.040 ask=0.050 | NO: bid=0.950 ask=0.960
  q_yes=0.00 q_no=0.00 | avg_yes=0.000 avg_no=0.000
  exposure=$0.00 | mtm_pnl=$+0.00 | locked=$+0.00
  exposure=$0.00 | mtm_pnl=$+0.00 | locked=$+0.00
  orders: 0 | fills: 0 ()
2025-12-14 20:25:25,146 [INFO] [Hybrid] d=+39.0 conf=0.26 bias=YES fair=0.048 ask=0.050 edge=-0.002 state=IDLE
2025-12-14 20:25:25,146 [INFO] [btc-updown-15m-1765739700] IDLE | T-276s
  YES: bid=0.040 ask=0.050 | NO: bid=0.950 ask=0.960
  q_yes=0.00 q_no=0.00 | avg_yes=0.000 avg_no=0.000
  exposure=$0.00 | mtm_pnl=$+0.00 | locked=$+0.00
  exposure=$0.00 | mtm_pnl=$+0.00 | locked=$+0.00
  orders: 0 | fills: 0 ()
2025-12-14 20:25:27,823 [INFO] [Hybrid] d=+39.0 conf=0.26 bias=YES fair=0.048 ask=0.050 edge=-0.002 state=IDLE
2025-12-14 20:25:27,823 [INFO] [btc-updown-15m-1765739700] IDLE | T-272s
  YES: bid=0.040 ask=0.050 | NO: bid=0.950 ask=0.960
  q_yes=0.00 q_no=0.00 | avg_yes=0.000 avg_no=0.000
  exposure=$0.00 | mtm_pnl=$+0.00 | locked=$+0.00
  exposure=$0.00 | mtm_pnl=$+0.00 | locked=$+0.00
  orders: 0 | fills: 0 ()
2025-12-14 20:25:31,353 [INFO] [Hybrid] d=+39.0 conf=0.26 bias=YES fair=0.049 ask=0.050 edge=-0.001 state=IDLE
2025-12-14 20:25:31,353 [INFO] [btc-updown-15m-1765739700] IDLE | T-270s
  YES: bid=0.040 ask=0.050 | NO: bid=0.950 ask=0.960
  q_yes=0.00 q_no=0.00 | avg_yes=0.000 avg_no=0.000
  exposure=$0.00 | mtm_pnl=$+0.00 | locked=$+0.00
  exposure=$0.00 | mtm_pnl=$+0.00 | locked=$+0.00
  orders: 0 | fills: 0 ()
2025-12-14 20:25:31,353 [INFO] --- HEARTBEAT (Cycle 3.43s) ---
2025-12-14 20:25:31,353 [INFO]    [btc-updown-15m-1765739700] IDLE | Rem: 270s | Orders: 0
2025-12-14 20:25:33,985 [INFO] [Hybrid] d=+39.0 conf=0.26 bias=YES fair=0.050 ask=0.050 edge=-0.000 state=IDLE
2025-12-14 20:25:33,985 [INFO] [btc-updown-15m-1765739700] IDLE | T-266s
  YES: bid=0.040 ask=0.050 | NO: bid=0.950 ask=0.960
  q_yes=0.00 q_no=0.00 | avg_yes=0.000 avg_no=0.000
  exposure=$0.00 | mtm_pnl=$+0.00 | locked=$+0.00
  exposure=$0.00 | mtm_pnl=$+0.00 | locked=$+0.00
  orders: 0 | fills: 0 ()
2025-12-14 20:25:37,354 [INFO] [Hybrid] d=+39.0 conf=0.26 bias=YES fair=0.049 ask=0.050 edge=-0.001 state=IDLE
2025-12-14 20:25:37,354 [INFO] [btc-updown-15m-1765739700] IDLE | T-263s
  YES: bid=0.040 ask=0.050 | NO: bid=0.950 ask=0.960
  q_yes=0.00 q_no=0.00 | avg_yes=0.000 avg_no=0.000
  exposure=$0.00 | mtm_pnl=$+0.00 | locked=$+0.00
  exposure=$0.00 | mtm_pnl=$+0.00 | locked=$+0.00
  orders: 0 | fills: 0 ()
2025-12-14 20:25:40,108 [INFO] [Hybrid] d=+39.0 conf=0.26 bias=YES fair=0.048 ask=0.050 edge=-0.002 state=IDLE
2025-12-14 20:25:40,108 [INFO] [btc-updown-15m-1765739700] IDLE | T-260s
  YES: bid=0.040 ask=0.050 | NO: bid=0.950 ask=0.960
  q_yes=0.00 q_no=0.00 | avg_yes=0.000 avg_no=0.000
  exposure=$0.00 | mtm_pnl=$+0.00 | locked=$+0.00
  exposure=$0.00 | mtm_pnl=$+0.00 | locked=$+0.00
  orders: 0 | fills: 0 ()
2025-12-14 20:25:43,697 [INFO] [Hybrid] d=+39.0 conf=0.26 bias=YES fair=0.048 ask=0.050 edge=-0.002 state=IDLE
2025-12-14 20:25:43,697 [INFO] [btc-updown-15m-1765739700] IDLE | T-257s
  YES: bid=0.040 ask=0.050 | NO: bid=0.950 ask=0.960
  q_yes=0.00 q_no=0.00 | avg_yes=0.000 avg_no=0.000
  exposure=$0.00 | mtm_pnl=$+0.00 | locked=$+0.00
  exposure=$0.00 | mtm_pnl=$+0.00 | locked=$+0.00
  orders: 0 | fills: 0 ()
2025-12-14 20:25:43,697 [INFO] --- HEARTBEAT (Cycle 3.49s) ---
2025-12-14 20:25:43,697 [INFO]    [btc-updown-15m-1765739700] IDLE | Rem: 258s | Orders: 0
2025-12-14 20:25:46,495 [INFO] [Hybrid] d=+64.4 conf=0.43 bias=YES fair=0.048 ask=0.050 edge=-0.002 state=IDLE
2025-12-14 20:25:46,495 [INFO] [btc-updown-15m-1765739700] IDLE | T-254s
  YES: bid=0.040 ask=0.050 | NO: bid=0.950 ask=0.960
  q_yes=0.00 q_no=0.00 | avg_yes=0.000 avg_no=0.000
  exposure=$0.00 | mtm_pnl=$+0.00 | locked=$+0.00
  exposure=$0.00 | mtm_pnl=$+0.00 | locked=$+0.00
  orders: 0 | fills: 0 ()
2025-12-14 20:25:49,863 [INFO] [Hybrid] d=+64.4 conf=0.43 bias=YES fair=0.050 ask=0.050 edge=-0.000 state=IDLE
2025-12-14 20:25:49,863 [INFO] [btc-updown-15m-1765739700] IDLE | T-251s
  YES: bid=0.040 ask=0.050 | NO: bid=0.950 ask=0.960
  q_yes=0.00 q_no=0.00 | avg_yes=0.000 avg_no=0.000
  exposure=$0.00 | mtm_pnl=$+0.00 | locked=$+0.00
  exposure=$0.00 | mtm_pnl=$+0.00 | locked=$+0.00
  orders: 0 | fills: 0 ()
2025-12-14 20:25:52,457 [INFO] [Hybrid] d=+64.4 conf=0.43 bias=YES fair=0.068 ask=0.070 edge=-0.002 state=IDLE
2025-12-14 20:25:52,458 [INFO] [btc-updown-15m-1765739700] IDLE | T-248s
  YES: bid=0.060 ask=0.070 | NO: bid=0.930 ask=0.940
  q_yes=0.00 q_no=0.00 | avg_yes=0.000 avg_no=0.000
  exposure=$0.00 | mtm_pnl=$+0.00 | locked=$+0.00
  exposure=$0.00 | mtm_pnl=$+0.00 | locked=$+0.00
  orders: 0 | fills: 0 ()
2025-12-14 20:25:55,749 [INFO] [Hybrid] d=+64.4 conf=0.43 bias=YES fair=0.068 ask=0.070 edge=-0.002 state=IDLE
2025-12-14 20:25:55,750 [INFO] [btc-updown-15m-1765739700] IDLE | T-245s
  YES: bid=0.060 ask=0.070 | NO: bid=0.930 ask=0.940
  q_yes=0.00 q_no=0.00 | avg_yes=0.000 avg_no=0.000
  exposure=$0.00 | mtm_pnl=$+0.00 | locked=$+0.00
  exposure=$0.00 | mtm_pnl=$+0.00 | locked=$+0.00
  orders: 0 | fills: 0 ()
2025-12-14 20:25:55,750 [INFO] --- HEARTBEAT (Cycle 3.19s) ---
2025-12-14 20:25:55,750 [INFO]    [btc-updown-15m-1765739700] IDLE | Rem: 246s | Orders: 0
2025-12-14 20:25:58,490 [INFO] [Hybrid] d=+41.5 conf=0.28 bias=YES fair=0.069 ask=0.070 edge=-0.001 state=IDLE
2025-12-14 20:25:58,490 [INFO] [btc-updown-15m-1765739700] IDLE | T-242s
  YES: bid=0.060 ask=0.070 | NO: bid=0.930 ask=0.940
  q_yes=0.00 q_no=0.00 | avg_yes=0.000 avg_no=0.000
  exposure=$0.00 | mtm_pnl=$+0.00 | locked=$+0.00
  exposure=$0.00 | mtm_pnl=$+0.00 | locked=$+0.00
  orders: 0 | fills: 0 ()
2025-12-14 20:26:01,808 [INFO] [Hybrid] d=+41.5 conf=0.28 bias=YES fair=0.068 ask=0.070 edge=-0.002 state=IDLE
2025-12-14 20:26:01,808 [INFO] [btc-updown-15m-1765739700] IDLE | T-239s
  YES: bid=0.060 ask=0.070 | NO: bid=0.930 ask=0.940
  q_yes=0.00 q_no=0.00 | avg_yes=0.000 avg_no=0.000
  exposure=$0.00 | mtm_pnl=$+0.00 | locked=$+0.00
  exposure=$0.00 | mtm_pnl=$+0.00 | locked=$+0.00
  orders: 0 | fills: 0 ()
2025-12-14 20:26:04,415 [INFO] [Hybrid] d=+60.3 conf=0.40 bias=YES fair=0.064 ask=0.070 edge=-0.006 state=IDLE
2025-12-14 20:26:04,416 [INFO] [btc-updown-15m-1765739700] IDLE | T-236s
  YES: bid=0.060 ask=0.070 | NO: bid=0.930 ask=0.940
  q_yes=0.00 q_no=0.00 | avg_yes=0.000 avg_no=0.000
  exposure=$0.00 | mtm_pnl=$+0.00 | locked=$+0.00
  exposure=$0.00 | mtm_pnl=$+0.00 | locked=$+0.00
  orders: 0 | fills: 0 ()
2025-12-14 20:26:07,793 [INFO] [Hybrid] d=+60.3 conf=0.40 bias=YES fair=0.063 ask=0.070 edge=-0.007 state=IDLE
2025-12-14 20:26:07,793 [INFO] [btc-updown-15m-1765739700] IDLE | T-233s
  YES: bid=0.060 ask=0.070 | NO: bid=0.940 ask=0.950
  q_yes=0.00 q_no=0.00 | avg_yes=0.000 avg_no=0.000
  exposure=$0.00 | mtm_pnl=$+0.00 | locked=$+0.00
  exposure=$0.00 | mtm_pnl=$+0.00 | locked=$+0.00
  orders: 0 | fills: 0 ()
2025-12-14 20:26:07,793 [INFO] --- HEARTBEAT (Cycle 3.28s) ---
2025-12-14 20:26:07,793 [INFO]    [btc-updown-15m-1765739700] IDLE | Rem: 234s | Orders: 0
2025-12-14 20:26:10,355 [INFO] [Hybrid] d=+60.3 conf=0.40 bias=YES fair=0.050 ask=0.050 edge=-0.000 state=IDLE
2025-12-14 20:26:10,355 [INFO] [btc-updown-15m-1765739700] IDLE | T-230s
  YES: bid=0.040 ask=0.050 | NO: bid=0.950 ask=0.960
  q_yes=0.00 q_no=0.00 | avg_yes=0.000 avg_no=0.000
  exposure=$0.00 | mtm_pnl=$+0.00 | locked=$+0.00
  exposure=$0.00 | mtm_pnl=$+0.00 | locked=$+0.00
  orders: 0 | fills: 0 ()
2025-12-14 20:26:13,633 [INFO] [Hybrid] d=+60.3 conf=0.40 bias=YES fair=0.057 ask=0.060 edge=-0.003 state=IDLE
2025-12-14 20:26:13,633 [INFO] [btc-updown-15m-1765739700] IDLE | T-227s
  YES: bid=0.050 ask=0.060 | NO: bid=0.940 ask=0.950
  q_yes=0.00 q_no=0.00 | avg_yes=0.000 avg_no=0.000
  exposure=$0.00 | mtm_pnl=$+0.00 | locked=$+0.00
  exposure=$0.00 | mtm_pnl=$+0.00 | locked=$+0.00
  orders: 0 | fills: 0 ()
2025-12-14 20:26:16,160 [INFO] [Hybrid] d=+55.6 conf=0.37 bias=YES fair=0.060 ask=0.060 edge=-0.000 state=IDLE
2025-12-14 20:26:16,160 [INFO] [btc-updown-15m-1765739700] IDLE | T-224s
  YES: bid=0.050 ask=0.060 | NO: bid=0.930 ask=0.950
  q_yes=0.00 q_no=0.00 | avg_yes=0.000 avg_no=0.000
  exposure=$0.00 | mtm_pnl=$+0.00 | locked=$+0.00
  exposure=$0.00 | mtm_pnl=$+0.00 | locked=$+0.00
  orders: 0 | fills: 0 ()
2025-12-14 20:26:19,430 [INFO] [Hybrid] d=+55.6 conf=0.37 bias=YES fair=0.050 ask=0.050 edge=-0.000 state=IDLE
2025-12-14 20:26:19,430 [INFO] [btc-updown-15m-1765739700] IDLE | T-221s
  YES: bid=0.040 ask=0.050 | NO: bid=0.950 ask=0.960
  q_yes=0.00 q_no=0.00 | avg_yes=0.000 avg_no=0.000
  exposure=$0.00 | mtm_pnl=$+0.00 | locked=$+0.00
  exposure=$0.00 | mtm_pnl=$+0.00 | locked=$+0.00
  orders: 0 | fills: 0 ()
2025-12-14 20:26:19,430 [INFO] --- HEARTBEAT (Cycle 3.17s) ---
2025-12-14 20:26:19,430 [INFO]    [btc-updown-15m-1765739700] IDLE | Rem: 222s | Orders: 0
2025-12-14 20:26:22,009 [INFO] [Hybrid] d=+55.6 conf=0.37 bias=YES fair=0.050 ask=0.050 edge=-0.000 state=IDLE
2025-12-14 20:26:22,009 [INFO] [btc-updown-15m-1765739700] IDLE | T-218s
  YES: bid=0.040 ask=0.050 | NO: bid=0.950 ask=0.960
  q_yes=0.00 q_no=0.00 | avg_yes=0.000 avg_no=0.000
  exposure=$0.00 | mtm_pnl=$+0.00 | locked=$+0.00
  exposure=$0.00 | mtm_pnl=$+0.00 | locked=$+0.00
  orders: 0 | fills: 0 ()
2025-12-14 20:26:25,276 [INFO] [Hybrid] d=+55.6 conf=0.37 bias=YES fair=0.060 ask=0.060 edge=-0.000 state=IDLE
2025-12-14 20:26:25,277 [INFO] [btc-updown-15m-1765739700] IDLE | T-216s
  YES: bid=0.040 ask=0.060 | NO: bid=0.940 ask=0.960
  q_yes=0.00 q_no=0.00 | avg_yes=0.000 avg_no=0.000
  exposure=$0.00 | mtm_pnl=$+0.00 | locked=$+0.00
  exposure=$0.00 | mtm_pnl=$+0.00 | locked=$+0.00
  orders: 0 | fills: 0 ()
2025-12-14 20:26:27,915 [INFO] [Hybrid] d=+52.4 conf=0.35 bias=YES fair=0.050 ask=0.050 edge=-0.000 state=IDLE
2025-12-14 20:26:27,916 [INFO] [btc-updown-15m-1765739700] IDLE | T-212s
  YES: bid=0.040 ask=0.050 | NO: bid=0.950 ask=0.960
  q_yes=0.00 q_no=0.00 | avg_yes=0.000 avg_no=0.000
  exposure=$0.00 | mtm_pnl=$+0.00 | locked=$+0.00
  exposure=$0.00 | mtm_pnl=$+0.00 | locked=$+0.00
  orders: 0 | fills: 0 ()
2025-12-14 20:26:31,195 [INFO] [Hybrid] d=+52.4 conf=0.35 bias=YES fair=0.059 ask=0.060 edge=-0.001 state=IDLE
2025-12-14 20:26:31,195 [INFO] [btc-updown-15m-1765739700] IDLE | T-210s
  YES: bid=0.040 ask=0.060 | NO: bid=0.940 ask=0.960
  q_yes=0.00 q_no=0.00 | avg_yes=0.000 avg_no=0.000
  exposure=$0.00 | mtm_pnl=$+0.00 | locked=$+0.00
  exposure=$0.00 | mtm_pnl=$+0.00 | locked=$+0.00
  orders: 0 | fills: 0 ()
2025-12-14 20:26:31,195 [INFO] --- HEARTBEAT (Cycle 3.18s) ---
2025-12-14 20:26:31,196 [INFO]    [btc-updown-15m-1765739700] IDLE | Rem: 210s | Orders: 0
2025-12-14 20:26:33,894 [INFO] [Hybrid] d=+66.6 conf=0.44 bias=YES fair=0.051 ask=0.060 edge=-0.009 state=IDLE
2025-12-14 20:26:33,894 [INFO] [btc-updown-15m-1765739700] IDLE | T-206s
  YES: bid=0.050 ask=0.060 | NO: bid=0.940 ask=0.950
  q_yes=0.00 q_no=0.00 | avg_yes=0.000 avg_no=0.000
  exposure=$0.00 | mtm_pnl=$+0.00 | locked=$+0.00
  exposure=$0.00 | mtm_pnl=$+0.00 | locked=$+0.00
  orders: 0 | fills: 0 ()
2025-12-14 20:26:37,606 [INFO] [Hybrid] d=+66.6 conf=0.44 bias=YES fair=0.051 ask=0.060 edge=-0.009 state=IDLE
2025-12-14 20:26:37,608 [INFO] [btc-updown-15m-1765739700] IDLE | T-203s
  YES: bid=0.050 ask=0.060 | NO: bid=0.940 ask=0.950
  q_yes=0.00 q_no=0.00 | avg_yes=0.000 avg_no=0.000
  exposure=$0.00 | mtm_pnl=$+0.00 | locked=$+0.00
  exposure=$0.00 | mtm_pnl=$+0.00 | locked=$+0.00
  orders: 0 | fills: 0 ()
2025-12-14 20:26:40,179 [INFO] [Hybrid] d=+64.0 conf=0.43 bias=YES fair=0.050 ask=0.050 edge=-0.000 state=IDLE
2025-12-14 20:26:40,179 [INFO] [btc-updown-15m-1765739700] IDLE | T-200s
  YES: bid=0.040 ask=0.050 | NO: bid=0.950 ask=0.960
  q_yes=0.00 q_no=0.00 | avg_yes=0.000 avg_no=0.000
  exposure=$0.00 | mtm_pnl=$+0.00 | locked=$+0.00
  exposure=$0.00 | mtm_pnl=$+0.00 | locked=$+0.00
  orders: 0 | fills: 0 ()
2025-12-14 20:26:43,397 [INFO] [Hybrid] d=+64.0 conf=0.43 bias=YES fair=0.055 ask=0.060 edge=-0.005 state=IDLE
2025-12-14 20:26:43,397 [INFO] [btc-updown-15m-1765739700] IDLE | T-197s
  YES: bid=0.040 ask=0.060 | NO: bid=0.940 ask=0.960
  q_yes=0.00 q_no=0.00 | avg_yes=0.000 avg_no=0.000
  exposure=$0.00 | mtm_pnl=$+0.00 | locked=$+0.00
  exposure=$0.00 | mtm_pnl=$+0.00 | locked=$+0.00
  orders: 0 | fills: 0 ()
2025-12-14 20:26:43,398 [INFO] --- HEARTBEAT (Cycle 3.12s) ---
2025-12-14 20:26:43,398 [INFO]    [btc-updown-15m-1765739700] IDLE | Rem: 198s | Orders: 0
2025-12-14 20:26:46,013 [INFO] [Hybrid] d=+66.6 conf=0.44 bias=YES fair=0.046 ask=0.050 edge=-0.004 state=IDLE
2025-12-14 20:26:46,013 [INFO] [btc-updown-15m-1765739700] IDLE | T-194s
  YES: bid=0.040 ask=0.050 | NO: bid=0.950 ask=0.960
  q_yes=0.00 q_no=0.00 | avg_yes=0.000 avg_no=0.000
  exposure=$0.00 | mtm_pnl=$+0.00 | locked=$+0.00
  exposure=$0.00 | mtm_pnl=$+0.00 | locked=$+0.00
  orders: 0 | fills: 0 ()
2025-12-14 20:26:49,493 [INFO] [Hybrid] d=+66.6 conf=0.44 bias=YES fair=0.046 ask=0.050 edge=-0.004 state=IDLE
2025-12-14 20:26:49,493 [INFO] [btc-updown-15m-1765739700] IDLE | T-191s
  YES: bid=0.040 ask=0.050 | NO: bid=0.950 ask=0.960
  q_yes=0.00 q_no=0.00 | avg_yes=0.000 avg_no=0.000
  exposure=$0.00 | mtm_pnl=$+0.00 | locked=$+0.00
  exposure=$0.00 | mtm_pnl=$+0.00 | locked=$+0.00
  orders: 0 | fills: 0 ()
2025-12-14 20:26:52,038 [INFO] [Hybrid] d=+66.6 conf=0.44 bias=YES fair=0.046 ask=0.050 edge=-0.004 state=IDLE
2025-12-14 20:26:52,038 [INFO] [btc-updown-15m-1765739700] IDLE | T-188s
  YES: bid=0.040 ask=0.050 | NO: bid=0.950 ask=0.960
  q_yes=0.00 q_no=0.00 | avg_yes=0.000 avg_no=0.000
  exposure=$0.00 | mtm_pnl=$+0.00 | locked=$+0.00
  exposure=$0.00 | mtm_pnl=$+0.00 | locked=$+0.00
  orders: 0 | fills: 0 ()
2025-12-14 20:26:55,265 [INFO] [Hybrid] d=+66.6 conf=0.44 bias=YES fair=0.045 ask=0.050 edge=-0.005 state=IDLE
2025-12-14 20:26:55,266 [INFO] [btc-updown-15m-1765739700] IDLE | T-186s
  YES: bid=0.040 ask=0.050 | NO: bid=0.950 ask=0.960
  q_yes=0.00 q_no=0.00 | avg_yes=0.000 avg_no=0.000
  exposure=$0.00 | mtm_pnl=$+0.00 | locked=$+0.00
  exposure=$0.00 | mtm_pnl=$+0.00 | locked=$+0.00
  orders: 0 | fills: 0 ()
2025-12-14 20:26:55,266 [INFO] --- HEARTBEAT (Cycle 3.13s) ---
2025-12-14 20:26:55,266 [INFO]    [btc-updown-15m-1765739700] IDLE | Rem: 186s | Orders: 0
2025-12-14 20:26:57,970 [INFO] [Hybrid] d=+69.1 conf=0.46 bias=YES fair=0.040 ask=0.050 edge=-0.010 state=IDLE
2025-12-14 20:26:57,970 [INFO] [btc-updown-15m-1765739700] IDLE | T-182s
  YES: bid=0.030 ask=0.050 | NO: bid=0.950 ask=0.970
  q_yes=0.00 q_no=0.00 | avg_yes=0.000 avg_no=0.000
  exposure=$0.00 | mtm_pnl=$+0.00 | locked=$+0.00
  exposure=$0.00 | mtm_pnl=$+0.00 | locked=$+0.00
  orders: 0 | fills: 0 ()
2025-12-14 20:27:01,387 [INFO] [Hybrid] d=+69.1 conf=0.46 bias=YES fair=0.040 ask=0.040 edge=-0.000 state=IDLE
2025-12-14 20:27:01,387 [INFO] [btc-updown-15m-1765739700] IDLE | T-180s
  YES: bid=0.030 ask=0.040 | NO: bid=0.960 ask=0.970
  q_yes=0.00 q_no=0.00 | avg_yes=0.000 avg_no=0.000
  exposure=$0.00 | mtm_pnl=$+0.00 | locked=$+0.00
  exposure=$0.00 | mtm_pnl=$+0.00 | locked=$+0.00
  orders: 0 | fills: 0 ()
2025-12-14 20:27:04,173 [INFO] [Hybrid] d=+69.1 conf=0.46 bias=YES fair=0.035 ask=0.040 edge=-0.005 state=IDLE
2025-12-14 20:27:04,173 [INFO] [btc-updown-15m-1765739700] IDLE | T-176s
  YES: bid=0.030 ask=0.040 | NO: bid=0.960 ask=0.970
  q_yes=0.00 q_no=0.00 | avg_yes=0.000 avg_no=0.000
  exposure=$0.00 | mtm_pnl=$+0.00 | locked=$+0.00
  exposure=$0.00 | mtm_pnl=$+0.00 | locked=$+0.00
  orders: 0 | fills: 0 ()
2025-12-14 20:27:07,553 [INFO] [Hybrid] d=+69.1 conf=0.46 bias=YES fair=0.038 ask=0.040 edge=-0.002 state=IDLE
2025-12-14 20:27:07,554 [INFO] [btc-updown-15m-1765739700] IDLE | T-173s
  YES: bid=0.030 ask=0.040 | NO: bid=0.950 ask=0.960
  q_yes=0.00 q_no=0.00 | avg_yes=0.000 avg_no=0.000
  exposure=$0.00 | mtm_pnl=$+0.00 | locked=$+0.00
  exposure=$0.00 | mtm_pnl=$+0.00 | locked=$+0.00
  orders: 0 | fills: 0 ()
2025-12-14 20:27:07,554 [INFO] --- HEARTBEAT (Cycle 3.28s) ---
2025-12-14 20:27:07,554 [INFO]    [btc-updown-15m-1765739700] IDLE | Rem: 174s | Orders: 0
2025-12-14 20:27:10,201 [INFO] [Hybrid] d=+69.1 conf=0.46 bias=YES fair=0.045 ask=0.050 edge=-0.005 state=IDLE
2025-12-14 20:27:10,201 [INFO] [btc-updown-15m-1765739700] IDLE | T-170s
  YES: bid=0.030 ask=0.050 | NO: bid=0.960 ask=0.970
  q_yes=0.00 q_no=0.00 | avg_yes=0.000 avg_no=0.000
  exposure=$0.00 | mtm_pnl=$+0.00 | locked=$+0.00
  exposure=$0.00 | mtm_pnl=$+0.00 | locked=$+0.00
  orders: 0 | fills: 0 ()
2025-12-14 20:27:13,566 [INFO] [Hybrid] d=+69.1 conf=0.46 bias=YES fair=0.064 ask=0.070 edge=-0.006 state=IDLE
2025-12-14 20:27:13,567 [INFO] [btc-updown-15m-1765739700] IDLE | T-167s
  YES: bid=0.050 ask=0.070 | NO: bid=0.930 ask=0.950
  q_yes=0.00 q_no=0.00 | avg_yes=0.000 avg_no=0.000
  exposure=$0.00 | mtm_pnl=$+0.00 | locked=$+0.00
  exposure=$0.00 | mtm_pnl=$+0.00 | locked=$+0.00
  orders: 0 | fills: 0 ()
2025-12-14 20:27:16,293 [INFO] [Hybrid] d=+96.5 conf=0.64 bias=YES fair=0.081 ask=0.090 edge=-0.009 state=IDLE
2025-12-14 20:27:16,293 [INFO] [btc-updown-15m-1765739700] IDLE | T-164s
  YES: bid=0.080 ask=0.090 | NO: bid=0.910 ask=0.920
  q_yes=0.00 q_no=0.00 | avg_yes=0.000 avg_no=0.000
  exposure=$0.00 | mtm_pnl=$+0.00 | locked=$+0.00
  exposure=$0.00 | mtm_pnl=$+0.00 | locked=$+0.00
  orders: 0 | fills: 0 ()
2025-12-14 20:27:19,594 [INFO] [Hybrid] d=+96.5 conf=0.64 bias=YES fair=0.078 ask=0.090 edge=-0.012 state=IDLE
2025-12-14 20:27:19,595 [INFO] [btc-updown-15m-1765739700] IDLE | T-161s
  YES: bid=0.070 ask=0.090 | NO: bid=0.910 ask=0.930
  q_yes=0.00 q_no=0.00 | avg_yes=0.000 avg_no=0.000
  exposure=$0.00 | mtm_pnl=$+0.00 | locked=$+0.00
  exposure=$0.00 | mtm_pnl=$+0.00 | locked=$+0.00
  orders: 0 | fills: 0 ()
2025-12-14 20:27:19,595 [INFO] --- HEARTBEAT (Cycle 3.20s) ---
2025-12-14 20:27:19,595 [INFO]    [btc-updown-15m-1765739700] IDLE | Rem: 162s | Orders: 0
2025-12-14 20:27:22,409 [INFO] [Hybrid] d=+100.5 conf=0.67 bias=YES fair=0.063 ask=0.070 edge=-0.007 state=IDLE
2025-12-14 20:27:22,410 [INFO] [btc-updown-15m-1765739700] IDLE | T-158s
  YES: bid=0.060 ask=0.070 | NO: bid=0.930 ask=0.940
  q_yes=0.00 q_no=0.00 | avg_yes=0.000 avg_no=0.000
  exposure=$0.00 | mtm_pnl=$+0.00 | locked=$+0.00
  exposure=$0.00 | mtm_pnl=$+0.00 | locked=$+0.00
  orders: 0 | fills: 0 ()
2025-12-14 20:27:25,797 [INFO] [Hybrid] d=+100.5 conf=0.67 bias=YES fair=0.064 ask=0.070 edge=-0.006 state=IDLE
2025-12-14 20:27:25,797 [INFO] [btc-updown-15m-1765739700] IDLE | T-155s
  YES: bid=0.060 ask=0.070 | NO: bid=0.930 ask=0.940
  q_yes=0.00 q_no=0.00 | avg_yes=0.000 avg_no=0.000
  exposure=$0.00 | mtm_pnl=$+0.00 | locked=$+0.00
  exposure=$0.00 | mtm_pnl=$+0.00 | locked=$+0.00
  orders: 0 | fills: 0 ()
2025-12-14 20:27:29,041 [INFO] [Hybrid] d=+125.6 conf=0.84 bias=YES fair=0.096 ask=0.100 edge=-0.004 state=IDLE
2025-12-14 20:27:29,041 [INFO] [btc-updown-15m-1765739700] IDLE | T-152s
  YES: bid=0.090 ask=0.100 | NO: bid=0.900 ask=0.910
  q_yes=0.00 q_no=0.00 | avg_yes=0.000 avg_no=0.000
  exposure=$0.00 | mtm_pnl=$+0.00 | locked=$+0.00
  exposure=$0.00 | mtm_pnl=$+0.00 | locked=$+0.00
  orders: 0 | fills: 0 ()
2025-12-14 20:27:32,740 [INFO] [Hybrid] d=+125.6 conf=0.84 bias=YES fair=0.086 ask=0.090 edge=-0.004 state=IDLE
2025-12-14 20:27:32,741 [INFO] [btc-updown-15m-1765739700] IDLE | T-148s
  YES: bid=0.080 ask=0.090 | NO: bid=0.910 ask=0.920
  q_yes=0.00 q_no=0.00 | avg_yes=0.000 avg_no=0.000
  exposure=$0.00 | mtm_pnl=$+0.00 | locked=$+0.00
  exposure=$0.00 | mtm_pnl=$+0.00 | locked=$+0.00
  orders: 0 | fills: 0 ()
2025-12-14 20:27:32,741 [INFO] --- HEARTBEAT (Cycle 3.60s) ---
2025-12-14 20:27:32,741 [INFO]    [btc-updown-15m-1765739700] IDLE | Rem: 149s | Orders: 0
2025-12-14 20:27:35,445 [INFO] [Hybrid] d=+125.6 conf=0.84 bias=YES fair=0.087 ask=0.090 edge=-0.003 state=IDLE
2025-12-14 20:27:35,446 [INFO] [btc-updown-15m-1765739700] IDLE | T-145s
  YES: bid=0.080 ask=0.090 | NO: bid=0.910 ask=0.920
  q_yes=0.00 q_no=0.00 | avg_yes=0.000 avg_no=0.000
  exposure=$0.00 | mtm_pnl=$+0.00 | locked=$+0.00
  exposure=$0.00 | mtm_pnl=$+0.00 | locked=$+0.00
  orders: 0 | fills: 0 ()
2025-12-14 20:27:38,854 [INFO] [Hybrid] d=+125.6 conf=0.84 bias=YES fair=0.083 ask=0.100 edge=-0.017 state=IDLE
2025-12-14 20:27:38,854 [INFO] [btc-updown-15m-1765739700] IDLE | T-142s
  YES: bid=0.070 ask=0.100 | NO: bid=0.900 ask=0.930
  q_yes=0.00 q_no=0.00 | avg_yes=0.000 avg_no=0.000
  exposure=$0.00 | mtm_pnl=$+0.00 | locked=$+0.00
  exposure=$0.00 | mtm_pnl=$+0.00 | locked=$+0.00
  orders: 0 | fills: 0 ()
2025-12-14 20:27:41,729 [INFO] [Hybrid] d=+124.4 conf=0.83 bias=YES fair=0.080 ask=0.090 edge=-0.010 state=IDLE
2025-12-14 20:27:41,732 [INFO] [btc-updown-15m-1765739700] IDLE | T-139s
  YES: bid=0.070 ask=0.090 | NO: bid=0.910 ask=0.930
  q_yes=0.00 q_no=0.00 | avg_yes=0.000 avg_no=0.000
  exposure=$0.00 | mtm_pnl=$+0.00 | locked=$+0.00
  exposure=$0.00 | mtm_pnl=$+0.00 | locked=$+0.00
  orders: 0 | fills: 0 ()
2025-12-14 20:27:45,174 [INFO] [Hybrid] d=+124.4 conf=0.83 bias=YES fair=0.079 ask=0.080 edge=-0.001 state=IDLE
2025-12-14 20:27:45,174 [INFO] [btc-updown-15m-1765739700] IDLE | T-136s
  YES: bid=0.070 ask=0.080 | NO: bid=0.910 ask=0.930
  q_yes=0.00 q_no=0.00 | avg_yes=0.000 avg_no=0.000
  exposure=$0.00 | mtm_pnl=$+0.00 | locked=$+0.00
  exposure=$0.00 | mtm_pnl=$+0.00 | locked=$+0.00
  orders: 0 | fills: 0 ()
2025-12-14 20:27:45,174 [INFO] --- HEARTBEAT (Cycle 3.34s) ---
2025-12-14 20:27:45,174 [INFO]    [btc-updown-15m-1765739700] IDLE | Rem: 136s | Orders: 0
2025-12-14 20:27:47,853 [INFO] [Hybrid] d=+131.9 conf=0.88 bias=YES fair=0.117 ask=0.130 edge=-0.013 state=IDLE
2025-12-14 20:27:47,854 [INFO] [btc-updown-15m-1765739700] IDLE | T-132s
  YES: bid=0.110 ask=0.130 | NO: bid=0.870 ask=0.890
  q_yes=0.00 q_no=0.00 | avg_yes=0.000 avg_no=0.000
  exposure=$0.00 | mtm_pnl=$+0.00 | locked=$+0.00
  exposure=$0.00 | mtm_pnl=$+0.00 | locked=$+0.00
  orders: 0 | fills: 0 ()
2025-12-14 20:27:51,304 [INFO] [Hybrid] d=+131.9 conf=0.88 bias=YES fair=0.119 ask=0.120 edge=-0.001 state=IDLE
2025-12-14 20:27:51,304 [INFO] [btc-updown-15m-1765739700] IDLE | T-130s
  YES: bid=0.110 ask=0.120 | NO: bid=0.880 ask=0.890
  q_yes=0.00 q_no=0.00 | avg_yes=0.000 avg_no=0.000
  exposure=$0.00 | mtm_pnl=$+0.00 | locked=$+0.00
  exposure=$0.00 | mtm_pnl=$+0.00 | locked=$+0.00
  orders: 0 | fills: 0 ()
2025-12-14 20:27:54,076 [INFO] [Hybrid] d=+131.9 conf=0.88 bias=YES fair=0.137 ask=0.150 edge=-0.013 state=IDLE
2025-12-14 20:27:54,076 [INFO] [btc-updown-15m-1765739700] IDLE | T-126s
  YES: bid=0.130 ask=0.150 | NO: bid=0.860 ask=0.870
  q_yes=0.00 q_no=0.00 | avg_yes=0.000 avg_no=0.000
  exposure=$0.00 | mtm_pnl=$+0.00 | locked=$+0.00
  exposure=$0.00 | mtm_pnl=$+0.00 | locked=$+0.00
  orders: 0 | fills: 0 ()
2025-12-14 20:27:57,627 [INFO] [Hybrid] d=+131.9 conf=0.88 bias=YES fair=0.111 ask=0.130 edge=-0.019 state=IDLE
2025-12-14 20:27:57,627 [INFO] [btc-updown-15m-1765739700] IDLE | T-123s
  YES: bid=0.110 ask=0.130 | NO: bid=0.870 ask=0.900
  q_yes=0.00 q_no=0.00 | avg_yes=0.000 avg_no=0.000
  exposure=$0.00 | mtm_pnl=$+0.00 | locked=$+0.00
  exposure=$0.00 | mtm_pnl=$+0.00 | locked=$+0.00
  orders: 0 | fills: 0 ()
2025-12-14 20:27:57,627 [INFO] --- HEARTBEAT (Cycle 3.45s) ---
2025-12-14 20:27:57,627 [INFO]    [btc-updown-15m-1765739700] IDLE | Rem: 124s | Orders: 0
2025-12-14 20:28:00,472 [INFO] [Hybrid] d=+131.9 conf=0.88 bias=YES fair=0.073 ask=0.080 edge=-0.007 state=IDLE
2025-12-14 20:28:00,472 [INFO] [btc-updown-15m-1765739700] IDLE | T-120s
  YES: bid=0.070 ask=0.080 | NO: bid=0.910 ask=0.930
  q_yes=0.00 q_no=0.00 | avg_yes=0.000 avg_no=0.000
  exposure=$0.00 | mtm_pnl=$+0.00 | locked=$+0.00
  exposure=$0.00 | mtm_pnl=$+0.00 | locked=$+0.00
  orders: 0 | fills: 0 ()
2025-12-14 20:28:03,909 [INFO] [Hybrid] d=+131.9 conf=0.88 bias=YES fair=0.069 ask=0.070 edge=-0.001 state=IDLE
2025-12-14 20:28:03,910 [INFO] [btc-updown-15m-1765739700] IDLE | T-117s
  YES: bid=0.050 ask=0.070 | NO: bid=0.930 ask=0.950
  q_yes=0.00 q_no=0.00 | avg_yes=0.000 avg_no=0.000
  exposure=$0.00 | mtm_pnl=$+0.00 | locked=$+0.00
  exposure=$0.00 | mtm_pnl=$+0.00 | locked=$+0.00
  orders: 0 | fills: 0 ()
2025-12-14 20:28:06,609 [INFO] [Hybrid] d=+131.9 conf=0.88 bias=YES fair=0.069 ask=0.090 edge=-0.021 state=IDLE
2025-12-14 20:28:06,610 [INFO] [btc-updown-15m-1765739700] IDLE | T-114s
  YES: bid=0.060 ask=0.090 | NO: bid=0.910 ask=0.930
  q_yes=0.00 q_no=0.00 | avg_yes=0.000 avg_no=0.000
  exposure=$0.00 | mtm_pnl=$+0.00 | locked=$+0.00
  exposure=$0.00 | mtm_pnl=$+0.00 | locked=$+0.00
  orders: 0 | fills: 0 ()
2025-12-14 20:28:10,026 [INFO] [Hybrid] d=+131.9 conf=0.88 bias=YES fair=0.069 ask=0.070 edge=-0.001 state=IDLE
2025-12-14 20:28:10,026 [INFO] [btc-updown-15m-1765739700] IDLE | T-111s
  YES: bid=0.050 ask=0.070 | NO: bid=0.930 ask=0.950
  q_yes=0.00 q_no=0.00 | avg_yes=0.000 avg_no=0.000
  exposure=$0.00 | mtm_pnl=$+0.00 | locked=$+0.00
  exposure=$0.00 | mtm_pnl=$+0.00 | locked=$+0.00
  orders: 0 | fills: 0 ()
2025-12-14 20:28:10,026 [INFO] --- HEARTBEAT (Cycle 3.31s) ---
2025-12-14 20:28:10,026 [INFO]    [btc-updown-15m-1765739700] IDLE | Rem: 111s | Orders: 0
2025-12-14 20:28:12,810 [INFO] [Hybrid] d=+153.0 conf=1.00 bias=YES fair=0.070 ask=0.070 edge=-0.000 state=IDLE
2025-12-14 20:28:12,810 [INFO] [btc-updown-15m-1765739700] IDLE | T-108s
  YES: bid=0.060 ask=0.070 | NO: bid=0.930 ask=0.940
  q_yes=0.00 q_no=0.00 | avg_yes=0.000 avg_no=0.000
  exposure=$0.00 | mtm_pnl=$+0.00 | locked=$+0.00
  exposure=$0.00 | mtm_pnl=$+0.00 | locked=$+0.00
  orders: 0 | fills: 0 ()
2025-12-14 20:28:16,271 [INFO] [Hybrid] d=+153.0 conf=1.00 bias=YES fair=0.072 ask=0.080 edge=-0.008 state=IDLE
2025-12-14 20:28:16,271 [INFO] [btc-updown-15m-1765739700] IDLE | T-105s
  YES: bid=0.060 ask=0.080 | NO: bid=0.920 ask=0.940
  q_yes=0.00 q_no=0.00 | avg_yes=0.000 avg_no=0.000
  exposure=$0.00 | mtm_pnl=$+0.00 | locked=$+0.00
  exposure=$0.00 | mtm_pnl=$+0.00 | locked=$+0.00
  orders: 0 | fills: 0 ()
2025-12-14 20:28:18,957 [INFO] [Hybrid] d=+138.3 conf=0.92 bias=YES fair=0.079 ask=0.080 edge=-0.001 state=IDLE
2025-12-14 20:28:18,958 [INFO] [btc-updown-15m-1765739700] IDLE | T-101s
  YES: bid=0.060 ask=0.080 | NO: bid=0.920 ask=0.940
  q_yes=0.00 q_no=0.00 | avg_yes=0.000 avg_no=0.000
  exposure=$0.00 | mtm_pnl=$+0.00 | locked=$+0.00
  exposure=$0.00 | mtm_pnl=$+0.00 | locked=$+0.00
  orders: 0 | fills: 0 ()
2025-12-14 20:28:22,616 [INFO] [Hybrid] d=+138.3 conf=0.92 bias=YES fair=0.070 ask=0.070 edge=-0.000 state=IDLE
2025-12-14 20:28:22,617 [INFO] [btc-updown-15m-1765739700] IDLE | T-98s
  YES: bid=0.060 ask=0.070 | NO: bid=0.930 ask=0.940
  q_yes=0.00 q_no=0.00 | avg_yes=0.000 avg_no=0.000
  exposure=$0.00 | mtm_pnl=$+0.00 | locked=$+0.00
  exposure=$0.00 | mtm_pnl=$+0.00 | locked=$+0.00
  orders: 0 | fills: 0 ()
2025-12-14 20:28:22,617 [INFO] --- HEARTBEAT (Cycle 3.56s) ---
2025-12-14 20:28:22,617 [INFO]    [btc-updown-15m-1765739700] IDLE | Rem: 99s | Orders: 0
2025-12-14 20:28:25,389 [INFO] [Hybrid] d=+142.2 conf=0.95 bias=YES fair=0.067 ask=0.070 edge=-0.003 state=IDLE
2025-12-14 20:28:25,389 [INFO] [btc-updown-15m-1765739700] IDLE | T-95s
  YES: bid=0.060 ask=0.070 | NO: bid=0.930 ask=0.940
  q_yes=0.00 q_no=0.00 | avg_yes=0.000 avg_no=0.000
  exposure=$0.00 | mtm_pnl=$+0.00 | locked=$+0.00
  exposure=$0.00 | mtm_pnl=$+0.00 | locked=$+0.00
  orders: 0 | fills: 0 ()
2025-12-14 20:28:29,012 [INFO] [Hybrid] d=+142.2 conf=0.95 bias=YES fair=0.061 ask=0.070 edge=-0.009 state=IDLE
2025-12-14 20:28:29,012 [INFO] [btc-updown-15m-1765739700] IDLE | T-92s
  YES: bid=0.060 ask=0.070 | NO: bid=0.940 ask=0.950
  q_yes=0.00 q_no=0.00 | avg_yes=0.000 avg_no=0.000
  exposure=$0.00 | mtm_pnl=$+0.00 | locked=$+0.00
  exposure=$0.00 | mtm_pnl=$+0.00 | locked=$+0.00
  orders: 0 | fills: 0 ()
2025-12-14 20:28:31,794 [INFO] [Hybrid] d=+140.5 conf=0.94 bias=YES fair=0.105 ask=0.110 edge=-0.005 state=IDLE
2025-12-14 20:28:31,794 [INFO] [btc-updown-15m-1765739700] IDLE | T-89s
  YES: bid=0.090 ask=0.110 | NO: bid=0.890 ask=0.910
  q_yes=0.00 q_no=0.00 | avg_yes=0.000 avg_no=0.000
  exposure=$0.00 | mtm_pnl=$+0.00 | locked=$+0.00
  exposure=$0.00 | mtm_pnl=$+0.00 | locked=$+0.00
  orders: 0 | fills: 0 ()
2025-12-14 20:28:35,281 [INFO] [Hybrid] d=+140.5 conf=0.94 bias=YES fair=0.080 ask=0.090 edge=-0.010 state=IDLE
2025-12-14 20:28:35,282 [INFO] [btc-updown-15m-1765739700] IDLE | T-86s
  YES: bid=0.080 ask=0.090 | NO: bid=0.920 ask=0.930
  q_yes=0.00 q_no=0.00 | avg_yes=0.000 avg_no=0.000
  exposure=$0.00 | mtm_pnl=$+0.00 | locked=$+0.00
  exposure=$0.00 | mtm_pnl=$+0.00 | locked=$+0.00
  orders: 0 | fills: 0 ()
2025-12-14 20:28:35,282 [INFO] --- HEARTBEAT (Cycle 3.39s) ---
2025-12-14 20:28:35,282 [INFO]    [btc-updown-15m-1765739700] IDLE | Rem: 86s | Orders: 0
2025-12-14 20:28:38,090 [INFO] [Hybrid] d=+147.7 conf=0.98 bias=YES fair=0.053 ask=0.060 edge=-0.007 state=IDLE
2025-12-14 20:28:38,091 [INFO] [btc-updown-15m-1765739700] IDLE | T-82s
  YES: bid=0.050 ask=0.060 | NO: bid=0.940 ask=0.950
  q_yes=0.00 q_no=0.00 | avg_yes=0.000 avg_no=0.000
  exposure=$0.00 | mtm_pnl=$+0.00 | locked=$+0.00
  exposure=$0.00 | mtm_pnl=$+0.00 | locked=$+0.00
  orders: 0 | fills: 0 ()
2025-12-14 20:28:41,676 [INFO] [Hybrid] d=+147.7 conf=0.98 bias=YES fair=0.053 ask=0.070 edge=-0.017 state=IDLE
2025-12-14 20:28:41,676 [INFO] [btc-updown-15m-1765739700] IDLE | T-79s
  YES: bid=0.050 ask=0.070 | NO: bid=0.930 ask=0.950
  q_yes=0.00 q_no=0.00 | avg_yes=0.000 avg_no=0.000
  exposure=$0.00 | mtm_pnl=$+0.00 | locked=$+0.00
  exposure=$0.00 | mtm_pnl=$+0.00 | locked=$+0.00
  orders: 0 | fills: 0 ()
2025-12-14 20:28:44,432 [INFO] [Hybrid] d=+152.0 conf=1.00 bias=YES fair=0.064 ask=0.070 edge=-0.006 state=IDLE
2025-12-14 20:28:44,433 [INFO] [btc-updown-15m-1765739700] IDLE | T-76s
  YES: bid=0.050 ask=0.070 | NO: bid=0.930 ask=0.950
  q_yes=0.00 q_no=0.00 | avg_yes=0.000 avg_no=0.000
  exposure=$0.00 | mtm_pnl=$+0.00 | locked=$+0.00
  exposure=$0.00 | mtm_pnl=$+0.00 | locked=$+0.00
  orders: 0 | fills: 0 ()
2025-12-14 20:28:47,899 [INFO] [Hybrid] d=+152.0 conf=1.00 bias=YES fair=0.057 ask=0.060 edge=-0.003 state=IDLE
2025-12-14 20:28:47,899 [INFO] [btc-updown-15m-1765739700] IDLE | T-73s
  YES: bid=0.050 ask=0.060 | NO: bid=0.940 ask=0.950
  q_yes=0.00 q_no=0.00 | avg_yes=0.000 avg_no=0.000
  exposure=$0.00 | mtm_pnl=$+0.00 | locked=$+0.00
  exposure=$0.00 | mtm_pnl=$+0.00 | locked=$+0.00
  orders: 0 | fills: 0 ()
2025-12-14 20:28:47,899 [INFO] --- HEARTBEAT (Cycle 3.37s) ---
2025-12-14 20:28:47,899 [INFO]    [btc-updown-15m-1765739700] IDLE | Rem: 74s | Orders: 0
2025-12-14 20:28:50,747 [INFO] [Hybrid] d=+152.0 conf=1.00 bias=YES fair=0.050 ask=0.060 edge=-0.010 state=IDLE
2025-12-14 20:28:50,748 [INFO] [btc-updown-15m-1765739700] IDLE | T-70s
  YES: bid=0.050 ask=0.060 | NO: bid=0.950 ask=0.960
  q_yes=0.00 q_no=0.00 | avg_yes=0.000 avg_no=0.000
  exposure=$0.00 | mtm_pnl=$+0.00 | locked=$+0.00
  exposure=$0.00 | mtm_pnl=$+0.00 | locked=$+0.00
  orders: 0 | fills: 0 ()
2025-12-14 20:28:53,988 [INFO] Stopping...
2025-12-14 20:28:57,717 [WARNING] [93m==================================================
2025-12-14 20:28:57,718 [WARNING] !!! RUNNING IN DRY RUN / SIMULATION MODE !!!
2025-12-14 20:28:57,718 [WARNING] No real orders will be placed.
2025-12-14 20:28:57,718 [WARNING] All generated orders will be IMMEIDATELY FILLED (Simulated).
2025-12-14 20:28:57,718 [WARNING] ==================================================[0m
2025-12-14 20:28:57,718 [INFO] --- GABAGOOL LITE INITIALIZATION ---
2025-12-14 20:28:57,723 [INFO] [ALERT] CLOB client authentifié initialisé sur https://clob.polymarket.com
2025-12-14 20:28:57,723 [WARNING] MODE LIVE - ORDRES RÉELS POSSIBLES
2025-12-14 20:28:57,723 [INFO] API Client Authenticated.
2025-12-14 20:28:57,723 [INFO] >>> STARTING ROTATION CYCLE: Scanning for active BTC market... <<<
2025-12-14 20:28:58,578 [INFO] Tracking Market: btc-updown-15m-1765739700
2025-12-14 20:28:58,578 [INFO] Orchestrator initialized. Dry Run: True
2025-12-14 20:29:01,964 [INFO] [btc-updown-15m-1765739700] IDLE -> STOPPED (FORCE EXIT (T-59s))
2025-12-14 20:29:01,964 [INFO] [Hybrid] d=+0.0 conf=0.00 bias=NEUTRAL fair=0.000 ask=0.000 edge=+0.000 state=STOPPED
2025-12-14 20:29:01,965 [INFO] [btc-updown-15m-1765739700] IDLE | T-59s
  YES: bid=0.040 ask=0.050 | NO: bid=0.940 ask=0.960
  q_yes=0.00 q_no=0.00 | avg_yes=0.000 avg_no=0.000
  exposure=$0.00 | mtm_pnl=$+0.00 | locked=$+0.00
  exposure=$0.00 | mtm_pnl=$+0.00 | locked=$+0.00
  orders: 0 | fills: 0 ()
2025-12-14 20:29:01,965 [INFO] --- HEARTBEAT (Cycle 3.39s) ---
2025-12-14 20:29:01,965 [INFO]    [btc-updown-15m-1765739700] STOPPED | Rem: 59s | Orders: 0
2025-12-14 20:29:03,902 [INFO] [btc-updown-15m-1765739700] Hybrid Tracking Start: BTC T0 = $88693.45
2025-12-14 20:29:14,200 [INFO] --- HEARTBEAT (Cycle 3.33s) ---
2025-12-14 20:29:14,200 [INFO]    [btc-updown-15m-1765739700] STOPPED | Rem: 47s | Orders: 0
2025-12-14 20:29:16,184 [INFO] Market btc-updown-15m-1765739700 ending (T-43s). Triggering Rotation...
2025-12-14 20:29:16,184 [INFO] Rotation: Waiting 5s before scanning new market...
2025-12-14 20:29:21,186 [INFO] >>> STARTING ROTATION CYCLE: Scanning for active BTC market... <<<
2025-12-14 20:29:21,900 [INFO] No active markets found (gap window?). Sleeping 10s and retrying...
2025-12-14 20:29:31,900 [INFO] >>> STARTING ROTATION CYCLE: Scanning for active BTC market... <<<
2025-12-14 20:29:32,617 [INFO] No active markets found (gap window?). Sleeping 10s and retrying...
2025-12-14 20:29:42,618 [INFO] >>> STARTING ROTATION CYCLE: Scanning for active BTC market... <<<
2025-12-14 20:29:43,326 [INFO] No active markets found (gap window?). Sleeping 10s and retrying...
2025-12-14 20:29:53,327 [INFO] >>> STARTING ROTATION CYCLE: Scanning for active BTC market... <<<
2025-12-14 20:29:54,017 [INFO] No active markets found (gap window?). Sleeping 10s and retrying...
2025-12-14 20:30:04,018 [INFO] >>> STARTING ROTATION CYCLE: Scanning for active BTC market... <<<
2025-12-14 20:30:04,758 [INFO] No active markets found (gap window?). Sleeping 10s and retrying...
2025-12-14 20:30:14,759 [INFO] >>> STARTING ROTATION CYCLE: Scanning for active BTC market... <<<
2025-12-14 20:30:15,544 [INFO] No active markets found (gap window?). Sleeping 10s and retrying...
2025-12-14 20:30:25,544 [INFO] >>> STARTING ROTATION CYCLE: Scanning for active BTC market... <<<
2025-12-14 20:30:26,296 [INFO] Tracking Market: btc-updown-15m-1765740600
2025-12-14 20:30:26,297 [INFO] Orchestrator initialized. Dry Run: True
2025-12-14 20:30:29,787 [INFO] [Hybrid] d=+0.0 conf=0.00 bias=NEUTRAL fair=0.000 ask=0.000 edge=+0.000 state=IDLE
2025-12-14 20:30:29,787 [INFO] [btc-updown-15m-1765740600] IDLE | T-871s
  YES: bid=0.600 ask=0.610 | NO: bid=0.390 ask=0.400
  q_yes=0.00 q_no=0.00 | avg_yes=0.000 avg_no=0.000
  exposure=$0.00 | mtm_pnl=$+0.00 | locked=$+0.00
  exposure=$0.00 | mtm_pnl=$+0.00 | locked=$+0.00
  orders: 0 | fills: 0 ()
2025-12-14 20:30:29,787 [INFO] --- HEARTBEAT (Cycle 3.49s) ---
2025-12-14 20:30:29,788 [INFO]    [btc-updown-15m-1765740600] IDLE | Rem: 872s | Orders: 0
2025-12-14 20:30:31,786 [INFO] [btc-updown-15m-1765740600] Hybrid Tracking Start: BTC T0 = $88762.74
2025-12-14 20:30:32,540 [INFO] [Hybrid] d=+0.0 conf=0.00 bias=YES fair=0.612 ask=0.620 edge=-0.008 state=IDLE
2025-12-14 20:30:32,540 [INFO] [btc-updown-15m-1765740600] IDLE | T-868s
  YES: bid=0.610 ask=0.620 | NO: bid=0.390 ask=0.400
  q_yes=0.00 q_no=0.00 | avg_yes=0.000 avg_no=0.000
  exposure=$0.00 | mtm_pnl=$+0.00 | locked=$+0.00
  exposure=$0.00 | mtm_pnl=$+0.00 | locked=$+0.00
  orders: 0 | fills: 0 ()
2025-12-14 20:30:35,990 [INFO] [Hybrid] d=+0.0 conf=0.00 bias=YES fair=0.617 ask=0.620 edge=-0.003 state=IDLE
2025-12-14 20:30:35,990 [INFO] [btc-updown-15m-1765740600] IDLE | T-865s
  YES: bid=0.610 ask=0.620 | NO: bid=0.370 ask=0.380
  q_yes=0.00 q_no=0.00 | avg_yes=0.000 avg_no=0.000
  exposure=$0.00 | mtm_pnl=$+0.00 | locked=$+0.00
  exposure=$0.00 | mtm_pnl=$+0.00 | locked=$+0.00
  orders: 0 | fills: 0 ()
2025-12-14 20:30:38,858 [INFO] [Hybrid] d=-8.7 conf=0.06 bias=NO fair=0.385 ask=0.390 edge=-0.005 state=IDLE
2025-12-14 20:30:38,859 [INFO] [btc-updown-15m-1765740600] IDLE | T-861s
  YES: bid=0.610 ask=0.630 | NO: bid=0.370 ask=0.390
  q_yes=0.00 q_no=0.00 | avg_yes=0.000 avg_no=0.000
  exposure=$0.00 | mtm_pnl=$+0.00 | locked=$+0.00
  exposure=$0.00 | mtm_pnl=$+0.00 | locked=$+0.00
  orders: 0 | fills: 0 ()
2025-12-14 20:30:42,468 [INFO] [Hybrid] d=-8.7 conf=0.06 bias=NO fair=0.380 ask=0.380 edge=-0.000 state=IDLE
2025-12-14 20:30:42,468 [INFO] [btc-updown-15m-1765740600] IDLE | T-859s
  YES: bid=0.620 ask=0.630 | NO: bid=0.370 ask=0.380
  q_yes=0.00 q_no=0.00 | avg_yes=0.000 avg_no=0.000
  exposure=$0.00 | mtm_pnl=$+0.00 | locked=$+0.00
  exposure=$0.00 | mtm_pnl=$+0.00 | locked=$+0.00
  orders: 0 | fills: 0 ()
2025-12-14 20:30:42,469 [INFO] --- HEARTBEAT (Cycle 3.51s) ---
2025-12-14 20:30:42,469 [INFO]    [btc-updown-15m-1765740600] IDLE | Rem: 859s | Orders: 0
2025-12-14 20:30:45,572 [INFO] [Hybrid] d=-2.1 conf=0.01 bias=NO fair=0.379 ask=0.390 edge=-0.011 state=IDLE
2025-12-14 20:30:45,572 [INFO] [btc-updown-15m-1765740600] IDLE | T-855s
  YES: bid=0.610 ask=0.620 | NO: bid=0.370 ask=0.390
  q_yes=0.00 q_no=0.00 | avg_yes=0.000 avg_no=0.000
  exposure=$0.00 | mtm_pnl=$+0.00 | locked=$+0.00
  exposure=$0.00 | mtm_pnl=$+0.00 | locked=$+0.00
  orders: 0 | fills: 0 ()
2025-12-14 20:30:48,991 [INFO] [Hybrid] d=-2.1 conf=0.01 bias=NO fair=0.370 ask=0.390 edge=-0.020 state=IDLE
2025-12-14 20:30:48,991 [INFO] [btc-updown-15m-1765740600] IDLE | T-852s
  YES: bid=0.610 ask=0.640 | NO: bid=0.370 ask=0.390
  q_yes=0.00 q_no=0.00 | avg_yes=0.000 avg_no=0.000
  exposure=$0.00 | mtm_pnl=$+0.00 | locked=$+0.00
  exposure=$0.00 | mtm_pnl=$+0.00 | locked=$+0.00
  orders: 0 | fills: 0 ()
2025-12-14 20:30:52,017 [INFO] [Hybrid] d=-0.6 conf=0.00 bias=NO fair=0.368 ask=0.370 edge=-0.002 state=IDLE
2025-12-14 20:30:52,017 [INFO] [btc-updown-15m-1765740600] IDLE | T-848s
  YES: bid=0.630 ask=0.650 | NO: bid=0.350 ask=0.370
  q_yes=0.00 q_no=0.00 | avg_yes=0.000 avg_no=0.000
  exposure=$0.00 | mtm_pnl=$+0.00 | locked=$+0.00
  exposure=$0.00 | mtm_pnl=$+0.00 | locked=$+0.00
  orders: 0 | fills: 0 ()
2025-12-14 20:30:55,443 [INFO] [Hybrid] d=-0.6 conf=0.00 bias=NO fair=0.368 ask=0.370 edge=-0.002 state=IDLE
2025-12-14 20:30:55,443 [INFO] [btc-updown-15m-1765740600] IDLE | T-846s
  YES: bid=0.630 ask=0.640 | NO: bid=0.360 ask=0.370
  q_yes=0.00 q_no=0.00 | avg_yes=0.000 avg_no=0.000
  exposure=$0.00 | mtm_pnl=$+0.00 | locked=$+0.00
  exposure=$0.00 | mtm_pnl=$+0.00 | locked=$+0.00
  orders: 0 | fills: 0 ()
2025-12-14 20:30:55,444 [INFO] --- HEARTBEAT (Cycle 3.33s) ---
2025-12-14 20:30:55,444 [INFO]    [btc-updown-15m-1765740600] IDLE | Rem: 846s | Orders: 0
2025-12-14 20:30:58,259 [INFO] [Hybrid] d=-0.6 conf=0.00 bias=NO fair=0.350 ask=0.350 edge=-0.000 state=IDLE
2025-12-14 20:30:58,259 [INFO] [btc-updown-15m-1765740600] IDLE | T-842s
  YES: bid=0.650 ask=0.660 | NO: bid=0.340 ask=0.350
  q_yes=0.00 q_no=0.00 | avg_yes=0.000 avg_no=0.000
  exposure=$0.00 | mtm_pnl=$+0.00 | locked=$+0.00
  exposure=$0.00 | mtm_pnl=$+0.00 | locked=$+0.00
  orders: 0 | fills: 0 ()
2025-12-14 20:31:01,632 [INFO] [Hybrid] d=-0.6 conf=0.00 bias=NO fair=0.354 ask=0.370 edge=-0.016 state=IDLE
2025-12-14 20:31:01,633 [INFO] [btc-updown-15m-1765740600] IDLE | T-839s
  YES: bid=0.640 ask=0.650 | NO: bid=0.350 ask=0.370
  q_yes=0.00 q_no=0.00 | avg_yes=0.000 avg_no=0.000
  exposure=$0.00 | mtm_pnl=$+0.00 | locked=$+0.00
  exposure=$0.00 | mtm_pnl=$+0.00 | locked=$+0.00
  orders: 0 | fills: 0 ()
2025-12-14 20:31:04,306 [INFO] [Hybrid] d=+4.0 conf=0.03 bias=YES fair=0.521 ask=0.530 edge=-0.009 state=IDLE
2025-12-14 20:31:04,306 [INFO] [btc-updown-15m-1765740600] IDLE | T-836s
  YES: bid=0.520 ask=0.530 | NO: bid=0.480 ask=0.490
  q_yes=0.00 q_no=0.00 | avg_yes=0.000 avg_no=0.000
  exposure=$0.00 | mtm_pnl=$+0.00 | locked=$+0.00
  exposure=$0.00 | mtm_pnl=$+0.00 | locked=$+0.00
  orders: 0 | fills: 0 ()
2025-12-14 20:31:07,802 [INFO] [Hybrid] d=+4.0 conf=0.03 bias=YES fair=0.510 ask=0.520 edge=-0.010 state=IDLE
2025-12-14 20:31:07,802 [INFO] [btc-updown-15m-1765740600] IDLE | T-833s
  YES: bid=0.510 ask=0.520 | NO: bid=0.500 ask=0.510
  q_yes=0.00 q_no=0.00 | avg_yes=0.000 avg_no=0.000
  exposure=$0.00 | mtm_pnl=$+0.00 | locked=$+0.00
  exposure=$0.00 | mtm_pnl=$+0.00 | locked=$+0.00
  orders: 0 | fills: 0 ()
2025-12-14 20:31:07,802 [INFO] --- HEARTBEAT (Cycle 3.39s) ---
2025-12-14 20:31:07,803 [INFO]    [btc-updown-15m-1765740600] IDLE | Rem: 834s | Orders: 0
2025-12-14 20:31:10,517 [INFO] [Hybrid] d=+6.6 conf=0.04 bias=YES fair=0.472 ask=0.480 edge=-0.008 state=IDLE
2025-12-14 20:31:10,517 [INFO] [btc-updown-15m-1765740600] IDLE | T-830s
  YES: bid=0.450 ask=0.480 | NO: bid=0.520 ask=0.530
  q_yes=0.00 q_no=0.00 | avg_yes=0.000 avg_no=0.000
  exposure=$0.00 | mtm_pnl=$+0.00 | locked=$+0.00
  exposure=$0.00 | mtm_pnl=$+0.00 | locked=$+0.00
  orders: 0 | fills: 0 ()
2025-12-14 20:31:14,004 [INFO] [Hybrid] d=+6.6 conf=0.04 bias=YES fair=0.461 ask=0.480 edge=-0.019 state=IDLE
2025-12-14 20:31:14,004 [INFO] [btc-updown-15m-1765740600] IDLE | T-827s
  YES: bid=0.460 ask=0.480 | NO: bid=0.530 ask=0.550
  q_yes=0.00 q_no=0.00 | avg_yes=0.000 avg_no=0.000
  exposure=$0.00 | mtm_pnl=$+0.00 | locked=$+0.00
  exposure=$0.00 | mtm_pnl=$+0.00 | locked=$+0.00
  orders: 0 | fills: 0 ()
2025-12-14 20:31:16,696 [INFO] [Hybrid] d=-34.1 conf=0.23 bias=NO fair=0.530 ask=0.540 edge=-0.010 state=IDLE
2025-12-14 20:31:16,696 [INFO] [btc-updown-15m-1765740600] IDLE | T-824s
  YES: bid=0.460 ask=0.470 | NO: bid=0.530 ask=0.540
  q_yes=0.00 q_no=0.00 | avg_yes=0.000 avg_no=0.000
  exposure=$0.00 | mtm_pnl=$+0.00 | locked=$+0.00
  exposure=$0.00 | mtm_pnl=$+0.00 | locked=$+0.00
  orders: 0 | fills: 0 ()
2025-12-14 20:31:20,321 [INFO] [Hybrid] d=-34.1 conf=0.23 bias=NO fair=0.520 ask=0.520 edge=-0.000 state=IDLE
2025-12-14 20:31:20,321 [INFO] [btc-updown-15m-1765740600] IDLE | T-821s
  YES: bid=0.470 ask=0.480 | NO: bid=0.510 ask=0.520
  q_yes=0.00 q_no=0.00 | avg_yes=0.000 avg_no=0.000
  exposure=$0.00 | mtm_pnl=$+0.00 | locked=$+0.00
  exposure=$0.00 | mtm_pnl=$+0.00 | locked=$+0.00
  orders: 0 | fills: 0 ()
2025-12-14 20:31:20,321 [INFO] --- HEARTBEAT (Cycle 3.52s) ---
2025-12-14 20:31:20,321 [INFO]    [btc-updown-15m-1765740600] IDLE | Rem: 821s | Orders: 0
2025-12-14 20:31:22,956 [INFO] [Hybrid] d=-34.1 conf=0.23 bias=NO fair=0.509 ask=0.510 edge=-0.001 state=IDLE
2025-12-14 20:31:22,956 [INFO] [btc-updown-15m-1765740600] IDLE | T-817s
  YES: bid=0.490 ask=0.500 | NO: bid=0.500 ask=0.510
  q_yes=0.00 q_no=0.00 | avg_yes=0.000 avg_no=0.000
  exposure=$0.00 | mtm_pnl=$+0.00 | locked=$+0.00
  exposure=$0.00 | mtm_pnl=$+0.00 | locked=$+0.00
  orders: 0 | fills: 0 ()
2025-12-14 20:31:26,427 [INFO] [Hybrid] d=-34.1 conf=0.23 bias=NO fair=0.480 ask=0.480 edge=-0.000 state=IDLE
2025-12-14 20:31:26,427 [INFO] [btc-updown-15m-1765740600] IDLE | T-814s
  YES: bid=0.520 ask=0.530 | NO: bid=0.470 ask=0.480
  q_yes=0.00 q_no=0.00 | avg_yes=0.000 avg_no=0.000
  exposure=$0.00 | mtm_pnl=$+0.00 | locked=$+0.00
  exposure=$0.00 | mtm_pnl=$+0.00 | locked=$+0.00
  orders: 0 | fills: 0 ()
2025-12-14 20:31:29,129 [INFO] [Hybrid] d=-59.7 conf=0.40 bias=NO fair=0.478 ask=0.480 edge=-0.002 state=IDLE
2025-12-14 20:31:29,131 [INFO] [btc-updown-15m-1765740600] IDLE | T-811s
  YES: bid=0.520 ask=0.530 | NO: bid=0.470 ask=0.480
  q_yes=0.00 q_no=0.00 | avg_yes=0.000 avg_no=0.000
  exposure=$0.00 | mtm_pnl=$+0.00 | locked=$+0.00
  exposure=$0.00 | mtm_pnl=$+0.00 | locked=$+0.00
  orders: 0 | fills: 0 ()
2025-12-14 20:31:32,450 [INFO] [Hybrid] d=-59.7 conf=0.40 bias=NO fair=0.477 ask=0.480 edge=-0.003 state=IDLE
2025-12-14 20:31:32,450 [INFO] [btc-updown-15m-1765740600] IDLE | T-808s
  YES: bid=0.510 ask=0.520 | NO: bid=0.470 ask=0.480
  q_yes=0.00 q_no=0.00 | avg_yes=0.000 avg_no=0.000
  exposure=$0.00 | mtm_pnl=$+0.00 | locked=$+0.00
  exposure=$0.00 | mtm_pnl=$+0.00 | locked=$+0.00
  orders: 0 | fills: 0 ()
2025-12-14 20:31:32,450 [INFO] --- HEARTBEAT (Cycle 3.22s) ---
2025-12-14 20:31:32,450 [INFO]    [btc-updown-15m-1765740600] IDLE | Rem: 809s | Orders: 0
2025-12-14 20:31:35,162 [INFO] [Hybrid] d=-46.9 conf=0.31 bias=NO fair=0.525 ask=0.530 edge=-0.005 state=IDLE
2025-12-14 20:31:35,163 [INFO] [btc-updown-15m-1765740600] IDLE | T-805s
  YES: bid=0.470 ask=0.480 | NO: bid=0.520 ask=0.530
  q_yes=0.00 q_no=0.00 | avg_yes=0.000 avg_no=0.000
  exposure=$0.00 | mtm_pnl=$+0.00 | locked=$+0.00
  exposure=$0.00 | mtm_pnl=$+0.00 | locked=$+0.00
  orders: 0 | fills: 0 ()
2025-12-14 20:31:38,687 [INFO] [Hybrid] d=-46.9 conf=0.31 bias=NO fair=0.536 ask=0.540 edge=-0.004 state=IDLE
2025-12-14 20:31:38,687 [INFO] [btc-updown-15m-1765740600] IDLE | T-802s
  YES: bid=0.460 ask=0.470 | NO: bid=0.530 ask=0.540
  q_yes=0.00 q_no=0.00 | avg_yes=0.000 avg_no=0.000
  exposure=$0.00 | mtm_pnl=$+0.00 | locked=$+0.00
  exposure=$0.00 | mtm_pnl=$+0.00 | locked=$+0.00
  orders: 0 | fills: 0 ()
2025-12-14 20:31:41,546 [INFO] [Hybrid] d=-40.5 conf=0.27 bias=NO fair=0.520 ask=0.520 edge=-0.000 state=IDLE
2025-12-14 20:31:41,546 [INFO] [btc-updown-15m-1765740600] IDLE | T-799s
  YES: bid=0.480 ask=0.490 | NO: bid=0.510 ask=0.520
  q_yes=0.00 q_no=0.00 | avg_yes=0.000 avg_no=0.000
  exposure=$0.00 | mtm_pnl=$+0.00 | locked=$+0.00
  exposure=$0.00 | mtm_pnl=$+0.00 | locked=$+0.00
  orders: 0 | fills: 0 ()
2025-12-14 20:31:45,088 [INFO] [Hybrid] d=-40.5 conf=0.27 bias=NO fair=0.544 ask=0.550 edge=-0.006 state=IDLE
2025-12-14 20:31:45,088 [INFO] [btc-updown-15m-1765740600] IDLE | T-796s
  YES: bid=0.450 ask=0.460 | NO: bid=0.540 ask=0.550
  q_yes=0.00 q_no=0.00 | avg_yes=0.000 avg_no=0.000
  exposure=$0.00 | mtm_pnl=$+0.00 | locked=$+0.00
  exposure=$0.00 | mtm_pnl=$+0.00 | locked=$+0.00
  orders: 0 | fills: 0 ()
2025-12-14 20:31:45,089 [INFO] --- HEARTBEAT (Cycle 3.44s) ---
2025-12-14 20:31:45,089 [INFO]    [btc-updown-15m-1765740600] IDLE | Rem: 796s | Orders: 0
2025-12-14 20:31:48,201 [INFO] [Hybrid] d=-43.3 conf=0.29 bias=NO fair=0.572 ask=0.580 edge=-0.008 state=IDLE
2025-12-14 20:31:48,201 [INFO] [btc-updown-15m-1765740600] IDLE | T-792s
  YES: bid=0.420 ask=0.430 | NO: bid=0.570 ask=0.580
  q_yes=0.00 q_no=0.00 | avg_yes=0.000 avg_no=0.000
  exposure=$0.00 | mtm_pnl=$+0.00 | locked=$+0.00
  exposure=$0.00 | mtm_pnl=$+0.00 | locked=$+0.00
  orders: 0 | fills: 0 ()
2025-12-14 20:31:51,650 [INFO] [Hybrid] d=-43.3 conf=0.29 bias=NO fair=0.563 ask=0.570 edge=-0.007 state=IDLE
2025-12-14 20:31:51,650 [INFO] [btc-updown-15m-1765740600] IDLE | T-789s
  YES: bid=0.430 ask=0.440 | NO: bid=0.560 ask=0.570
  q_yes=0.00 q_no=0.00 | avg_yes=0.000 avg_no=0.000
  exposure=$0.00 | mtm_pnl=$+0.00 | locked=$+0.00
  exposure=$0.00 | mtm_pnl=$+0.00 | locked=$+0.00
  orders: 0 | fills: 0 ()
2025-12-14 20:31:54,406 [INFO] [Hybrid] d=-50.8 conf=0.34 bias=NO fair=0.559 ask=0.560 edge=-0.001 state=IDLE
2025-12-14 20:31:54,408 [INFO] [btc-updown-15m-1765740600] IDLE | T-786s
  YES: bid=0.440 ask=0.450 | NO: bid=0.550 ask=0.560
  q_yes=0.00 q_no=0.00 | avg_yes=0.000 avg_no=0.000
  exposure=$0.00 | mtm_pnl=$+0.00 | locked=$+0.00
  exposure=$0.00 | mtm_pnl=$+0.00 | locked=$+0.00
  orders: 0 | fills: 0 ()
2025-12-14 20:31:57,740 [INFO] [Hybrid] d=-50.8 conf=0.34 bias=NO fair=0.555 ask=0.560 edge=-0.005 state=IDLE
2025-12-14 20:31:57,740 [INFO] [btc-updown-15m-1765740600] IDLE | T-783s
  YES: bid=0.440 ask=0.450 | NO: bid=0.550 ask=0.560
  q_yes=0.00 q_no=0.00 | avg_yes=0.000 avg_no=0.000
  exposure=$0.00 | mtm_pnl=$+0.00 | locked=$+0.00
  exposure=$0.00 | mtm_pnl=$+0.00 | locked=$+0.00
  orders: 0 | fills: 0 ()
2025-12-14 20:31:57,741 [INFO] --- HEARTBEAT (Cycle 3.23s) ---
2025-12-14 20:31:57,741 [INFO]    [btc-updown-15m-1765740600] IDLE | Rem: 784s | Orders: 0
2025-12-14 20:32:00,526 [INFO] [Hybrid] d=-61.9 conf=0.41 bias=NO fair=0.561 ask=0.580 edge=-0.019 state=IDLE
2025-12-14 20:32:00,526 [INFO] [btc-updown-15m-1765740600] IDLE | T-780s
  YES: bid=0.420 ask=0.440 | NO: bid=0.560 ask=0.580
  q_yes=0.00 q_no=0.00 | avg_yes=0.000 avg_no=0.000
  exposure=$0.00 | mtm_pnl=$+0.00 | locked=$+0.00
  exposure=$0.00 | mtm_pnl=$+0.00 | locked=$+0.00
  orders: 0 | fills: 0 ()
2025-12-14 20:32:03,880 [INFO] [Hybrid] d=-61.9 conf=0.41 bias=NO fair=0.570 ask=0.580 edge=-0.010 state=IDLE
2025-12-14 20:32:03,881 [INFO] [btc-updown-15m-1765740600] IDLE | T-777s
  YES: bid=0.420 ask=0.440 | NO: bid=0.570 ask=0.580
  q_yes=0.00 q_no=0.00 | avg_yes=0.000 avg_no=0.000
  exposure=$0.00 | mtm_pnl=$+0.00 | locked=$+0.00
  exposure=$0.00 | mtm_pnl=$+0.00 | locked=$+0.00
  orders: 0 | fills: 0 ()
2025-12-14 20:32:06,628 [INFO] [Hybrid] d=-64.6 conf=0.43 bias=NO fair=0.560 ask=0.560 edge=-0.000 state=IDLE
2025-12-14 20:32:06,629 [INFO] [btc-updown-15m-1765740600] IDLE | T-774s
  YES: bid=0.440 ask=0.450 | NO: bid=0.550 ask=0.560
  q_yes=0.00 q_no=0.00 | avg_yes=0.000 avg_no=0.000
  exposure=$0.00 | mtm_pnl=$+0.00 | locked=$+0.00
  exposure=$0.00 | mtm_pnl=$+0.00 | locked=$+0.00
  orders: 0 | fills: 0 ()
2025-12-14 20:32:09,973 [INFO] [Hybrid] d=-64.6 conf=0.43 bias=NO fair=0.564 ask=0.570 edge=-0.006 state=IDLE
2025-12-14 20:32:09,973 [INFO] [btc-updown-15m-1765740600] IDLE | T-771s
  YES: bid=0.430 ask=0.440 | NO: bid=0.560 ask=0.570
  q_yes=0.00 q_no=0.00 | avg_yes=0.000 avg_no=0.000
  exposure=$0.00 | mtm_pnl=$+0.00 | locked=$+0.00
  exposure=$0.00 | mtm_pnl=$+0.00 | locked=$+0.00
  orders: 0 | fills: 0 ()
2025-12-14 20:32:09,973 [INFO] --- HEARTBEAT (Cycle 3.24s) ---
2025-12-14 20:32:09,973 [INFO]    [btc-updown-15m-1765740600] IDLE | Rem: 771s | Orders: 0
2025-12-14 20:32:12,684 [INFO] [Hybrid] d=-64.6 conf=0.43 bias=NO fair=0.570 ask=0.580 edge=-0.010 state=IDLE
2025-12-14 20:32:12,684 [INFO] [btc-updown-15m-1765740600] IDLE | T-768s
  YES: bid=0.420 ask=0.430 | NO: bid=0.570 ask=0.580
  q_yes=0.00 q_no=0.00 | avg_yes=0.000 avg_no=0.000
  exposure=$0.00 | mtm_pnl=$+0.00 | locked=$+0.00
  exposure=$0.00 | mtm_pnl=$+0.00 | locked=$+0.00
  orders: 0 | fills: 0 ()
2025-12-14 20:32:15,985 [INFO] [Hybrid] d=-64.6 conf=0.43 bias=NO fair=0.562 ask=0.570 edge=-0.008 state=IDLE
2025-12-14 20:32:15,985 [INFO] [btc-updown-15m-1765740600] IDLE | T-765s
  YES: bid=0.440 ask=0.450 | NO: bid=0.550 ask=0.570
  q_yes=0.00 q_no=0.00 | avg_yes=0.000 avg_no=0.000
  exposure=$0.00 | mtm_pnl=$+0.00 | locked=$+0.00
  exposure=$0.00 | mtm_pnl=$+0.00 | locked=$+0.00
  orders: 0 | fills: 0 ()
2025-12-14 20:32:18,675 [INFO] [Hybrid] d=-64.6 conf=0.43 bias=NO fair=0.552 ask=0.560 edge=-0.008 state=IDLE
2025-12-14 20:32:18,675 [INFO] [btc-updown-15m-1765740600] IDLE | T-762s
  YES: bid=0.440 ask=0.450 | NO: bid=0.550 ask=0.560
  q_yes=0.00 q_no=0.00 | avg_yes=0.000 avg_no=0.000
  exposure=$0.00 | mtm_pnl=$+0.00 | locked=$+0.00
  exposure=$0.00 | mtm_pnl=$+0.00 | locked=$+0.00
  orders: 0 | fills: 0 ()
2025-12-14 20:32:22,065 [INFO] [Hybrid] d=-64.6 conf=0.43 bias=NO fair=0.550 ask=0.550 edge=-0.000 state=IDLE
2025-12-14 20:32:22,065 [INFO] [btc-updown-15m-1765740600] IDLE | T-759s
  YES: bid=0.440 ask=0.450 | NO: bid=0.540 ask=0.550
  q_yes=0.00 q_no=0.00 | avg_yes=0.000 avg_no=0.000
  exposure=$0.00 | mtm_pnl=$+0.00 | locked=$+0.00
  exposure=$0.00 | mtm_pnl=$+0.00 | locked=$+0.00
  orders: 0 | fills: 0 ()
2025-12-14 20:32:22,066 [INFO] --- HEARTBEAT (Cycle 3.29s) ---
2025-12-14 20:32:22,066 [INFO]    [btc-updown-15m-1765740600] IDLE | Rem: 759s | Orders: 0
2025-12-14 20:32:24,701 [INFO] [Hybrid] d=-61.5 conf=0.41 bias=NO fair=0.545 ask=0.570 edge=-0.025 state=IDLE
2025-12-14 20:32:24,701 [INFO] [btc-updown-15m-1765740600] IDLE | T-755s
  YES: bid=0.440 ask=0.450 | NO: bid=0.540 ask=0.570
  q_yes=0.00 q_no=0.00 | avg_yes=0.000 avg_no=0.000
  exposure=$0.00 | mtm_pnl=$+0.00 | locked=$+0.00
  exposure=$0.00 | mtm_pnl=$+0.00 | locked=$+0.00
  orders: 0 | fills: 0 ()
2025-12-14 20:32:28,380 [INFO] [Hybrid] d=-61.5 conf=0.41 bias=NO fair=0.549 ask=0.550 edge=-0.001 state=IDLE
2025-12-14 20:32:28,382 [INFO] [btc-updown-15m-1765740600] IDLE | T-753s
  YES: bid=0.450 ask=0.470 | NO: bid=0.530 ask=0.550
  q_yes=0.00 q_no=0.00 | avg_yes=0.000 avg_no=0.000
  exposure=$0.00 | mtm_pnl=$+0.00 | locked=$+0.00
  exposure=$0.00 | mtm_pnl=$+0.00 | locked=$+0.00
  orders: 0 | fills: 0 ()
2025-12-14 20:32:31,106 [INFO] [Hybrid] d=-62.5 conf=0.42 bias=NO fair=0.536 ask=0.540 edge=-0.004 state=IDLE
2025-12-14 20:32:31,106 [INFO] [btc-updown-15m-1765740600] IDLE | T-749s
  YES: bid=0.460 ask=0.470 | NO: bid=0.530 ask=0.540
  q_yes=0.00 q_no=0.00 | avg_yes=0.000 avg_no=0.000
  exposure=$0.00 | mtm_pnl=$+0.00 | locked=$+0.00
  exposure=$0.00 | mtm_pnl=$+0.00 | locked=$+0.00
  orders: 0 | fills: 0 ()
2025-12-14 20:32:34,589 [INFO] [Hybrid] d=-62.5 conf=0.42 bias=NO fair=0.538 ask=0.540 edge=-0.002 state=IDLE
2025-12-14 20:32:34,590 [INFO] [btc-updown-15m-1765740600] IDLE | T-746s
  YES: bid=0.460 ask=0.470 | NO: bid=0.530 ask=0.540
  q_yes=0.00 q_no=0.00 | avg_yes=0.000 avg_no=0.000
  exposure=$0.00 | mtm_pnl=$+0.00 | locked=$+0.00
  exposure=$0.00 | mtm_pnl=$+0.00 | locked=$+0.00
  orders: 0 | fills: 0 ()
2025-12-14 20:32:34,590 [INFO] --- HEARTBEAT (Cycle 3.38s) ---
2025-12-14 20:32:34,590 [INFO]    [btc-updown-15m-1765740600] IDLE | Rem: 747s | Orders: 0
2025-12-14 20:32:37,413 [INFO] [Hybrid] d=-59.7 conf=0.40 bias=NO fair=0.529 ask=0.530 edge=-0.001 state=IDLE
2025-12-14 20:32:37,414 [INFO] [btc-updown-15m-1765740600] IDLE | T-743s
  YES: bid=0.470 ask=0.480 | NO: bid=0.520 ask=0.530
  q_yes=0.00 q_no=0.00 | avg_yes=0.000 avg_no=0.000
  exposure=$0.00 | mtm_pnl=$+0.00 | locked=$+0.00
  exposure=$0.00 | mtm_pnl=$+0.00 | locked=$+0.00
  orders: 0 | fills: 0 ()
2025-12-14 20:32:40,809 [INFO] [Hybrid] d=-59.7 conf=0.40 bias=NO fair=0.536 ask=0.540 edge=-0.004 state=IDLE
2025-12-14 20:32:40,809 [INFO] [btc-updown-15m-1765740600] IDLE | T-740s
  YES: bid=0.460 ask=0.470 | NO: bid=0.530 ask=0.540
  q_yes=0.00 q_no=0.00 | avg_yes=0.000 avg_no=0.000
  exposure=$0.00 | mtm_pnl=$+0.00 | locked=$+0.00
  exposure=$0.00 | mtm_pnl=$+0.00 | locked=$+0.00
  orders: 0 | fills: 0 ()
2025-12-14 20:32:43,533 [INFO] [Hybrid] d=-59.7 conf=0.40 bias=NO fair=0.524 ask=0.530 edge=-0.006 state=IDLE
2025-12-14 20:32:43,534 [INFO] [btc-updown-15m-1765740600] IDLE | T-737s
  YES: bid=0.470 ask=0.480 | NO: bid=0.520 ask=0.530
  q_yes=0.00 q_no=0.00 | avg_yes=0.000 avg_no=0.000
  exposure=$0.00 | mtm_pnl=$+0.00 | locked=$+0.00
  exposure=$0.00 | mtm_pnl=$+0.00 | locked=$+0.00
  orders: 0 | fills: 0 ()
2025-12-14 20:32:46,920 [INFO] [Hybrid] d=-59.7 conf=0.40 bias=NO fair=0.543 ask=0.550 edge=-0.007 state=IDLE
2025-12-14 20:32:46,920 [INFO] [btc-updown-15m-1765740600] IDLE | T-734s
  YES: bid=0.450 ask=0.460 | NO: bid=0.540 ask=0.550
  q_yes=0.00 q_no=0.00 | avg_yes=0.000 avg_no=0.000
  exposure=$0.00 | mtm_pnl=$+0.00 | locked=$+0.00
  exposure=$0.00 | mtm_pnl=$+0.00 | locked=$+0.00
  orders: 0 | fills: 0 ()
2025-12-14 20:32:46,920 [INFO] --- HEARTBEAT (Cycle 3.29s) ---
2025-12-14 20:32:46,920 [INFO]    [btc-updown-15m-1765740600] IDLE | Rem: 735s | Orders: 0
2025-12-14 20:32:49,634 [INFO] [Hybrid] d=-57.8 conf=0.39 bias=NO fair=0.543 ask=0.550 edge=-0.007 state=IDLE
2025-12-14 20:32:49,634 [INFO] [btc-updown-15m-1765740600] IDLE | T-731s
  YES: bid=0.450 ask=0.460 | NO: bid=0.540 ask=0.550
  q_yes=0.00 q_no=0.00 | avg_yes=0.000 avg_no=0.000
  exposure=$0.00 | mtm_pnl=$+0.00 | locked=$+0.00
  exposure=$0.00 | mtm_pnl=$+0.00 | locked=$+0.00
  orders: 0 | fills: 0 ()
2025-12-14 20:32:53,038 [INFO] [Hybrid] d=-57.8 conf=0.39 bias=NO fair=0.550 ask=0.560 edge=-0.010 state=IDLE
2025-12-14 20:32:53,039 [INFO] [btc-updown-15m-1765740600] IDLE | T-728s
  YES: bid=0.440 ask=0.450 | NO: bid=0.550 ask=0.560
  q_yes=0.00 q_no=0.00 | avg_yes=0.000 avg_no=0.000
  exposure=$0.00 | mtm_pnl=$+0.00 | locked=$+0.00
  exposure=$0.00 | mtm_pnl=$+0.00 | locked=$+0.00
  orders: 0 | fills: 0 ()
2025-12-14 20:32:55,952 [INFO] [Hybrid] d=-57.9 conf=0.39 bias=NO fair=0.544 ask=0.550 edge=-0.006 state=IDLE
2025-12-14 20:32:55,952 [INFO] [btc-updown-15m-1765740600] IDLE | T-724s
  YES: bid=0.450 ask=0.460 | NO: bid=0.540 ask=0.550
  q_yes=0.00 q_no=0.00 | avg_yes=0.000 avg_no=0.000
  exposure=$0.00 | mtm_pnl=$+0.00 | locked=$+0.00
  exposure=$0.00 | mtm_pnl=$+0.00 | locked=$+0.00
  orders: 0 | fills: 0 ()
2025-12-14 20:32:59,509 [INFO] [Hybrid] d=-57.9 conf=0.39 bias=NO fair=0.540 ask=0.550 edge=-0.010 state=IDLE
2025-12-14 20:32:59,509 [INFO] [btc-updown-15m-1765740600] IDLE | T-722s
  YES: bid=0.450 ask=0.460 | NO: bid=0.540 ask=0.550
  q_yes=0.00 q_no=0.00 | avg_yes=0.000 avg_no=0.000
  exposure=$0.00 | mtm_pnl=$+0.00 | locked=$+0.00
  exposure=$0.00 | mtm_pnl=$+0.00 | locked=$+0.00
  orders: 0 | fills: 0 ()
2025-12-14 20:32:59,510 [INFO] --- HEARTBEAT (Cycle 3.46s) ---
2025-12-14 20:32:59,510 [INFO]    [btc-updown-15m-1765740600] IDLE | Rem: 722s | Orders: 0
2025-12-14 20:33:02,519 [INFO] [Hybrid] d=-61.5 conf=0.41 bias=NO fair=0.551 ask=0.560 edge=-0.009 state=IDLE
2025-12-14 20:33:02,520 [INFO] [btc-updown-15m-1765740600] IDLE | T-718s
  YES: bid=0.440 ask=0.450 | NO: bid=0.550 ask=0.560
  q_yes=0.00 q_no=0.00 | avg_yes=0.000 avg_no=0.000
  exposure=$0.00 | mtm_pnl=$+0.00 | locked=$+0.00
  exposure=$0.00 | mtm_pnl=$+0.00 | locked=$+0.00
  orders: 0 | fills: 0 ()
2025-12-14 20:33:05,916 [INFO] [Hybrid] d=-61.5 conf=0.41 bias=NO fair=0.550 ask=0.550 edge=-0.000 state=IDLE
2025-12-14 20:33:05,916 [INFO] [btc-updown-15m-1765740600] IDLE | T-715s
  YES: bid=0.450 ask=0.460 | NO: bid=0.540 ask=0.550
  q_yes=0.00 q_no=0.00 | avg_yes=0.000 avg_no=0.000
  exposure=$0.00 | mtm_pnl=$+0.00 | locked=$+0.00
  exposure=$0.00 | mtm_pnl=$+0.00 | locked=$+0.00
  orders: 0 | fills: 0 ()
2025-12-14 20:33:08,650 [INFO] [Hybrid] d=-61.5 conf=0.41 bias=NO fair=0.565 ask=0.570 edge=-0.005 state=IDLE
2025-12-14 20:33:08,652 [INFO] [btc-updown-15m-1765740600] IDLE | T-712s
  YES: bid=0.440 ask=0.450 | NO: bid=0.550 ask=0.570
  q_yes=0.00 q_no=0.00 | avg_yes=0.000 avg_no=0.000
  exposure=$0.00 | mtm_pnl=$+0.00 | locked=$+0.00
  exposure=$0.00 | mtm_pnl=$+0.00 | locked=$+0.00
  orders: 0 | fills: 0 ()
2025-12-14 20:33:12,095 [INFO] [Hybrid] d=-61.5 conf=0.41 bias=NO fair=0.582 ask=0.590 edge=-0.008 state=IDLE
2025-12-14 20:33:12,096 [INFO] [btc-updown-15m-1765740600] IDLE | T-709s
  YES: bid=0.410 ask=0.420 | NO: bid=0.580 ask=0.590
  q_yes=0.00 q_no=0.00 | avg_yes=0.000 avg_no=0.000
  exposure=$0.00 | mtm_pnl=$+0.00 | locked=$+0.00
  exposure=$0.00 | mtm_pnl=$+0.00 | locked=$+0.00
  orders: 0 | fills: 0 ()
2025-12-14 20:33:12,096 [INFO] --- HEARTBEAT (Cycle 3.34s) ---
2025-12-14 20:33:12,096 [INFO]    [btc-updown-15m-1765740600] IDLE | Rem: 709s | Orders: 0
2025-12-14 20:33:14,737 [INFO] [Hybrid] d=-61.5 conf=0.41 bias=NO fair=0.581 ask=0.590 edge=-0.009 state=IDLE
2025-12-14 20:33:14,738 [INFO] [btc-updown-15m-1765740600] IDLE | T-705s
  YES: bid=0.410 ask=0.420 | NO: bid=0.580 ask=0.590
  q_yes=0.00 q_no=0.00 | avg_yes=0.000 avg_no=0.000
  exposure=$0.00 | mtm_pnl=$+0.00 | locked=$+0.00
  exposure=$0.00 | mtm_pnl=$+0.00 | locked=$+0.00
  orders: 0 | fills: 0 ()
2025-12-14 20:33:18,141 [INFO] [Hybrid] d=-61.5 conf=0.41 bias=NO fair=0.582 ask=0.590 edge=-0.008 state=IDLE
2025-12-14 20:33:18,143 [INFO] [btc-updown-15m-1765740600] IDLE | T-703s
  YES: bid=0.410 ask=0.420 | NO: bid=0.580 ask=0.590
  q_yes=0.00 q_no=0.00 | avg_yes=0.000 avg_no=0.000
  exposure=$0.00 | mtm_pnl=$+0.00 | locked=$+0.00
  exposure=$0.00 | mtm_pnl=$+0.00 | locked=$+0.00
  orders: 0 | fills: 0 ()
2025-12-14 20:33:20,875 [INFO] [Hybrid] d=-69.7 conf=0.46 bias=NO fair=0.563 ask=0.570 edge=-0.007 state=IDLE
2025-12-14 20:33:20,875 [INFO] [btc-updown-15m-1765740600] IDLE | T-699s
  YES: bid=0.430 ask=0.440 | NO: bid=0.560 ask=0.570
  q_yes=0.00 q_no=0.00 | avg_yes=0.000 avg_no=0.000
  exposure=$0.00 | mtm_pnl=$+0.00 | locked=$+0.00
  exposure=$0.00 | mtm_pnl=$+0.00 | locked=$+0.00
  orders: 0 | fills: 0 ()
2025-12-14 20:33:24,286 [INFO] [Hybrid] d=-69.7 conf=0.46 bias=NO fair=0.559 ask=0.560 edge=-0.001 state=IDLE
2025-12-14 20:33:24,286 [INFO] [btc-updown-15m-1765740600] IDLE | T-697s
  YES: bid=0.440 ask=0.450 | NO: bid=0.550 ask=0.560
  q_yes=0.00 q_no=0.00 | avg_yes=0.000 avg_no=0.000
  exposure=$0.00 | mtm_pnl=$+0.00 | locked=$+0.00
  exposure=$0.00 | mtm_pnl=$+0.00 | locked=$+0.00
  orders: 0 | fills: 0 ()
2025-12-14 20:33:24,287 [INFO] --- HEARTBEAT (Cycle 3.31s) ---
2025-12-14 20:33:24,287 [INFO]    [btc-updown-15m-1765740600] IDLE | Rem: 697s | Orders: 0
2025-12-14 20:33:27,028 [INFO] [Hybrid] d=-71.7 conf=0.48 bias=NO fair=0.557 ask=0.560 edge=-0.003 state=IDLE
2025-12-14 20:33:27,028 [INFO] [btc-updown-15m-1765740600] IDLE | T-693s
  YES: bid=0.440 ask=0.450 | NO: bid=0.550 ask=0.560
  q_yes=0.00 q_no=0.00 | avg_yes=0.000 avg_no=0.000
  exposure=$0.00 | mtm_pnl=$+0.00 | locked=$+0.00
  exposure=$0.00 | mtm_pnl=$+0.00 | locked=$+0.00
  orders: 0 | fills: 0 ()
2025-12-14 20:33:30,461 [INFO] [Hybrid] d=-71.7 conf=0.48 bias=NO fair=0.559 ask=0.560 edge=-0.001 state=IDLE
2025-12-14 20:33:30,461 [INFO] [btc-updown-15m-1765740600] IDLE | T-691s
  YES: bid=0.440 ask=0.450 | NO: bid=0.550 ask=0.560
  q_yes=0.00 q_no=0.00 | avg_yes=0.000 avg_no=0.000
  exposure=$0.00 | mtm_pnl=$+0.00 | locked=$+0.00
  exposure=$0.00 | mtm_pnl=$+0.00 | locked=$+0.00
  orders: 0 | fills: 0 ()
2025-12-14 20:33:33,370 [INFO] [Hybrid] d=-71.7 conf=0.48 bias=NO fair=0.539 ask=0.540 edge=-0.001 state=IDLE
2025-12-14 20:33:33,370 [INFO] [btc-updown-15m-1765740600] IDLE | T-687s
  YES: bid=0.460 ask=0.470 | NO: bid=0.530 ask=0.540
  q_yes=0.00 q_no=0.00 | avg_yes=0.000 avg_no=0.000
  exposure=$0.00 | mtm_pnl=$+0.00 | locked=$+0.00
  exposure=$0.00 | mtm_pnl=$+0.00 | locked=$+0.00
  orders: 0 | fills: 0 ()
2025-12-14 20:33:36,681 [INFO] [Hybrid] d=-71.7 conf=0.48 bias=NO fair=0.525 ask=0.540 edge=-0.015 state=IDLE
2025-12-14 20:33:36,681 [INFO] [btc-updown-15m-1765740600] IDLE | T-684s
  YES: bid=0.460 ask=0.490 | NO: bid=0.510 ask=0.540
  q_yes=0.00 q_no=0.00 | avg_yes=0.000 avg_no=0.000
  exposure=$0.00 | mtm_pnl=$+0.00 | locked=$+0.00
  exposure=$0.00 | mtm_pnl=$+0.00 | locked=$+0.00
  orders: 0 | fills: 0 ()
2025-12-14 20:33:36,682 [INFO] --- HEARTBEAT (Cycle 3.21s) ---
2025-12-14 20:33:36,682 [INFO]    [btc-updown-15m-1765740600] IDLE | Rem: 685s | Orders: 0
2025-12-14 20:33:39,479 [INFO] [Hybrid] d=-58.1 conf=0.39 bias=NO fair=0.519 ask=0.520 edge=-0.001 state=IDLE
2025-12-14 20:33:39,480 [INFO] [btc-updown-15m-1765740600] IDLE | T-681s
  YES: bid=0.480 ask=0.490 | NO: bid=0.510 ask=0.520
  q_yes=0.00 q_no=0.00 | avg_yes=0.000 avg_no=0.000
  exposure=$0.00 | mtm_pnl=$+0.00 | locked=$+0.00
  exposure=$0.00 | mtm_pnl=$+0.00 | locked=$+0.00
  orders: 0 | fills: 0 ()
2025-12-14 20:33:42,893 [INFO] [Hybrid] d=-58.1 conf=0.39 bias=NO fair=0.512 ask=0.520 edge=-0.008 state=IDLE
2025-12-14 20:33:42,893 [INFO] [btc-updown-15m-1765740600] IDLE | T-678s
  YES: bid=0.480 ask=0.490 | NO: bid=0.510 ask=0.520
  q_yes=0.00 q_no=0.00 | avg_yes=0.000 avg_no=0.000
  exposure=$0.00 | mtm_pnl=$+0.00 | locked=$+0.00
  exposure=$0.00 | mtm_pnl=$+0.00 | locked=$+0.00
  orders: 0 | fills: 0 ()
2025-12-14 20:33:45,889 [INFO] [Hybrid] d=-58.4 conf=0.39 bias=NO fair=0.508 ask=0.510 edge=-0.002 state=IDLE
2025-12-14 20:33:45,889 [INFO] [btc-updown-15m-1765740600] IDLE | T-674s
  YES: bid=0.490 ask=0.500 | NO: bid=0.500 ask=0.510
  q_yes=0.00 q_no=0.00 | avg_yes=0.000 avg_no=0.000
  exposure=$0.00 | mtm_pnl=$+0.00 | locked=$+0.00
  exposure=$0.00 | mtm_pnl=$+0.00 | locked=$+0.00
  orders: 0 | fills: 0 ()
2025-12-14 20:33:49,320 [INFO] [Hybrid] d=-58.4 conf=0.39 bias=NO fair=0.506 ask=0.510 edge=-0.004 state=IDLE
2025-12-14 20:33:49,320 [INFO] [btc-updown-15m-1765740600] IDLE | T-672s
  YES: bid=0.490 ask=0.500 | NO: bid=0.500 ask=0.510
  q_yes=0.00 q_no=0.00 | avg_yes=0.000 avg_no=0.000
  exposure=$0.00 | mtm_pnl=$+0.00 | locked=$+0.00
  exposure=$0.00 | mtm_pnl=$+0.00 | locked=$+0.00
  orders: 0 | fills: 0 ()
2025-12-14 20:33:49,321 [INFO] --- HEARTBEAT (Cycle 3.33s) ---
2025-12-14 20:33:49,321 [INFO]    [btc-updown-15m-1765740600] IDLE | Rem: 672s | Orders: 0
2025-12-14 20:33:52,049 [INFO] [Hybrid] d=-50.3 conf=0.34 bias=NO fair=0.499 ask=0.500 edge=-0.001 state=IDLE
2025-12-14 20:33:52,049 [INFO] [btc-updown-15m-1765740600] IDLE | T-668s
  YES: bid=0.500 ask=0.510 | NO: bid=0.490 ask=0.500
  q_yes=0.00 q_no=0.00 | avg_yes=0.000 avg_no=0.000
  exposure=$0.00 | mtm_pnl=$+0.00 | locked=$+0.00
  exposure=$0.00 | mtm_pnl=$+0.00 | locked=$+0.00
  orders: 0 | fills: 0 ()
2025-12-14 20:33:55,562 [INFO] [Hybrid] d=-50.3 conf=0.34 bias=NO fair=0.499 ask=0.500 edge=-0.001 state=IDLE
2025-12-14 20:33:55,562 [INFO] [btc-updown-15m-1765740600] IDLE | T-665s
  YES: bid=0.500 ask=0.510 | NO: bid=0.490 ask=0.500
  q_yes=0.00 q_no=0.00 | avg_yes=0.000 avg_no=0.000
  exposure=$0.00 | mtm_pnl=$+0.00 | locked=$+0.00
  exposure=$0.00 | mtm_pnl=$+0.00 | locked=$+0.00
  orders: 0 | fills: 0 ()
2025-12-14 20:33:58,461 [INFO] [Hybrid] d=-47.9 conf=0.32 bias=NO fair=0.501 ask=0.510 edge=-0.009 state=IDLE
2025-12-14 20:33:58,461 [INFO] [btc-updown-15m-1765740600] IDLE | T-662s
  YES: bid=0.490 ask=0.500 | NO: bid=0.500 ask=0.510
  q_yes=0.00 q_no=0.00 | avg_yes=0.000 avg_no=0.000
  exposure=$0.00 | mtm_pnl=$+0.00 | locked=$+0.00
  exposure=$0.00 | mtm_pnl=$+0.00 | locked=$+0.00
  orders: 0 | fills: 0 ()
2025-12-14 20:34:01,811 [INFO] [Hybrid] d=-47.9 conf=0.32 bias=NO fair=0.506 ask=0.510 edge=-0.004 state=IDLE
2025-12-14 20:34:01,812 [INFO] [btc-updown-15m-1765740600] IDLE | T-659s
  YES: bid=0.490 ask=0.500 | NO: bid=0.500 ask=0.510
  q_yes=0.00 q_no=0.00 | avg_yes=0.000 avg_no=0.000
  exposure=$0.00 | mtm_pnl=$+0.00 | locked=$+0.00
  exposure=$0.00 | mtm_pnl=$+0.00 | locked=$+0.00
  orders: 0 | fills: 0 ()
2025-12-14 20:34:01,812 [INFO] --- HEARTBEAT (Cycle 3.25s) ---
2025-12-14 20:34:01,812 [INFO]    [btc-updown-15m-1765740600] IDLE | Rem: 660s | Orders: 0
2025-12-14 20:34:04,658 [INFO] [Hybrid] d=-45.0 conf=0.30 bias=NO fair=0.540 ask=0.550 edge=-0.010 state=IDLE
2025-12-14 20:34:04,659 [INFO] [btc-updown-15m-1765740600] IDLE | T-656s
  YES: bid=0.450 ask=0.460 | NO: bid=0.540 ask=0.550
  q_yes=0.00 q_no=0.00 | avg_yes=0.000 avg_no=0.000
  exposure=$0.00 | mtm_pnl=$+0.00 | locked=$+0.00
  exposure=$0.00 | mtm_pnl=$+0.00 | locked=$+0.00
  orders: 0 | fills: 0 ()
2025-12-14 20:34:08,103 [INFO] [Hybrid] d=-45.0 conf=0.30 bias=NO fair=0.543 ask=0.550 edge=-0.007 state=IDLE
2025-12-14 20:34:08,104 [INFO] [btc-updown-15m-1765740600] IDLE | T-653s
  YES: bid=0.450 ask=0.460 | NO: bid=0.540 ask=0.550
  q_yes=0.00 q_no=0.00 | avg_yes=0.000 avg_no=0.000
  exposure=$0.00 | mtm_pnl=$+0.00 | locked=$+0.00
  exposure=$0.00 | mtm_pnl=$+0.00 | locked=$+0.00
  orders: 0 | fills: 0 ()
2025-12-14 20:34:10,794 [INFO] [Hybrid] d=-40.4 conf=0.27 bias=NO fair=0.551 ask=0.570 edge=-0.019 state=IDLE
2025-12-14 20:34:10,794 [INFO] [btc-updown-15m-1765740600] IDLE | T-649s
  YES: bid=0.430 ask=0.440 | NO: bid=0.550 ask=0.570
  q_yes=0.00 q_no=0.00 | avg_yes=0.000 avg_no=0.000
  exposure=$0.00 | mtm_pnl=$+0.00 | locked=$+0.00
  exposure=$0.00 | mtm_pnl=$+0.00 | locked=$+0.00
  orders: 0 | fills: 0 ()
2025-12-14 20:34:14,148 [INFO] [Hybrid] d=-40.4 conf=0.27 bias=NO fair=0.500 ask=0.510 edge=-0.010 state=IDLE
2025-12-14 20:34:14,148 [INFO] [btc-updown-15m-1765740600] IDLE | T-647s
  YES: bid=0.490 ask=0.500 | NO: bid=0.500 ask=0.510
  q_yes=0.00 q_no=0.00 | avg_yes=0.000 avg_no=0.000
  exposure=$0.00 | mtm_pnl=$+0.00 | locked=$+0.00
  exposure=$0.00 | mtm_pnl=$+0.00 | locked=$+0.00
  orders: 0 | fills: 0 ()
2025-12-14 20:34:14,148 [INFO] --- HEARTBEAT (Cycle 3.25s) ---
2025-12-14 20:34:14,148 [INFO]    [btc-updown-15m-1765740600] IDLE | Rem: 647s | Orders: 0
2025-12-14 20:34:16,898 [INFO] [Hybrid] d=-48.8 conf=0.33 bias=NO fair=0.476 ask=0.480 edge=-0.004 state=IDLE
2025-12-14 20:34:16,898 [INFO] [btc-updown-15m-1765740600] IDLE | T-643s
  YES: bid=0.520 ask=0.530 | NO: bid=0.470 ask=0.480
  q_yes=0.00 q_no=0.00 | avg_yes=0.000 avg_no=0.000
  exposure=$0.00 | mtm_pnl=$+0.00 | locked=$+0.00
  exposure=$0.00 | mtm_pnl=$+0.00 | locked=$+0.00
  orders: 0 | fills: 0 ()
2025-12-14 20:34:20,224 [INFO] [Hybrid] d=-48.8 conf=0.33 bias=NO fair=0.482 ask=0.490 edge=-0.008 state=IDLE
2025-12-14 20:34:20,225 [INFO] [btc-updown-15m-1765740600] IDLE | T-641s
  YES: bid=0.510 ask=0.520 | NO: bid=0.480 ask=0.490
  q_yes=0.00 q_no=0.00 | avg_yes=0.000 avg_no=0.000
  exposure=$0.00 | mtm_pnl=$+0.00 | locked=$+0.00
  exposure=$0.00 | mtm_pnl=$+0.00 | locked=$+0.00
  orders: 0 | fills: 0 ()
2025-12-14 20:34:23,312 [INFO] [Hybrid] d=-56.5 conf=0.38 bias=NO fair=0.489 ask=0.490 edge=-0.001 state=IDLE
2025-12-14 20:34:23,312 [INFO] [btc-updown-15m-1765740600] IDLE | T-637s
  YES: bid=0.510 ask=0.520 | NO: bid=0.480 ask=0.490
  q_yes=0.00 q_no=0.00 | avg_yes=0.000 avg_no=0.000
  exposure=$0.00 | mtm_pnl=$+0.00 | locked=$+0.00
  exposure=$0.00 | mtm_pnl=$+0.00 | locked=$+0.00
  orders: 0 | fills: 0 ()
2025-12-14 20:34:26,828 [INFO] [Hybrid] d=-56.5 conf=0.38 bias=NO fair=0.463 ask=0.480 edge=-0.017 state=IDLE
2025-12-14 20:34:26,829 [INFO] [btc-updown-15m-1765740600] IDLE | T-634s
  YES: bid=0.510 ask=0.520 | NO: bid=0.460 ask=0.480
  q_yes=0.00 q_no=0.00 | avg_yes=0.000 avg_no=0.000
  exposure=$0.00 | mtm_pnl=$+0.00 | locked=$+0.00
  exposure=$0.00 | mtm_pnl=$+0.00 | locked=$+0.00
  orders: 0 | fills: 0 ()
2025-12-14 20:34:26,829 [INFO] --- HEARTBEAT (Cycle 3.42s) ---
2025-12-14 20:34:26,829 [INFO]    [btc-updown-15m-1765740600] IDLE | Rem: 635s | Orders: 0
2025-12-14 20:34:29,580 [INFO] [Hybrid] d=-32.7 conf=0.22 bias=NO fair=0.507 ask=0.510 edge=-0.003 state=IDLE
2025-12-14 20:34:29,580 [INFO] [btc-updown-15m-1765740600] IDLE | T-631s
  YES: bid=0.490 ask=0.500 | NO: bid=0.500 ask=0.510
  q_yes=0.00 q_no=0.00 | avg_yes=0.000 avg_no=0.000
  exposure=$0.00 | mtm_pnl=$+0.00 | locked=$+0.00
  exposure=$0.00 | mtm_pnl=$+0.00 | locked=$+0.00
  orders: 0 | fills: 0 ()
2025-12-14 20:34:33,641 [INFO] [Hybrid] d=-32.7 conf=0.22 bias=NO fair=0.510 ask=0.520 edge=-0.010 state=IDLE
2025-12-14 20:34:33,641 [INFO] [btc-updown-15m-1765740600] IDLE | T-627s
  YES: bid=0.480 ask=0.490 | NO: bid=0.510 ask=0.520
  q_yes=0.00 q_no=0.00 | avg_yes=0.000 avg_no=0.000
  exposure=$0.00 | mtm_pnl=$+0.00 | locked=$+0.00
  exposure=$0.00 | mtm_pnl=$+0.00 | locked=$+0.00
  orders: 0 | fills: 0 ()
2025-12-14 20:34:36,501 [INFO] [Hybrid] d=-38.1 conf=0.25 bias=NO fair=0.510 ask=0.520 edge=-0.010 state=IDLE
2025-12-14 20:34:36,501 [INFO] [btc-updown-15m-1765740600] IDLE | T-624s
  YES: bid=0.480 ask=0.490 | NO: bid=0.510 ask=0.520
  q_yes=0.00 q_no=0.00 | avg_yes=0.000 avg_no=0.000
  exposure=$0.00 | mtm_pnl=$+0.00 | locked=$+0.00
  exposure=$0.00 | mtm_pnl=$+0.00 | locked=$+0.00
  orders: 0 | fills: 0 ()
2025-12-14 20:34:40,262 [INFO] [Hybrid] d=-38.1 conf=0.25 bias=NO fair=0.499 ask=0.500 edge=-0.001 state=IDLE
2025-12-14 20:34:40,262 [INFO] [btc-updown-15m-1765740600] IDLE | T-621s
  YES: bid=0.500 ask=0.510 | NO: bid=0.490 ask=0.500
  q_yes=0.00 q_no=0.00 | avg_yes=0.000 avg_no=0.000
  exposure=$0.00 | mtm_pnl=$+0.00 | locked=$+0.00
  exposure=$0.00 | mtm_pnl=$+0.00 | locked=$+0.00
  orders: 0 | fills: 0 ()
2025-12-14 20:34:40,263 [INFO] --- HEARTBEAT (Cycle 3.66s) ---
2025-12-14 20:34:40,263 [INFO]    [btc-updown-15m-1765740600] IDLE | Rem: 621s | Orders: 0
2025-12-14 20:34:42,949 [INFO] [Hybrid] d=-38.7 conf=0.26 bias=NO fair=0.508 ask=0.510 edge=-0.002 state=IDLE
2025-12-14 20:34:42,949 [INFO] [btc-updown-15m-1765740600] IDLE | T-617s
  YES: bid=0.490 ask=0.500 | NO: bid=0.500 ask=0.510
  q_yes=0.00 q_no=0.00 | avg_yes=0.000 avg_no=0.000
  exposure=$0.00 | mtm_pnl=$+0.00 | locked=$+0.00
  exposure=$0.00 | mtm_pnl=$+0.00 | locked=$+0.00
  orders: 0 | fills: 0 ()
2025-12-14 20:34:46,554 [INFO] [Hybrid] d=-38.7 conf=0.26 bias=NO fair=0.507 ask=0.510 edge=-0.003 state=IDLE
2025-12-14 20:34:46,555 [INFO] [btc-updown-15m-1765740600] IDLE | T-615s
  YES: bid=0.490 ask=0.510 | NO: bid=0.490 ask=0.510
  q_yes=0.00 q_no=0.00 | avg_yes=0.000 avg_no=0.000
  exposure=$0.00 | mtm_pnl=$+0.00 | locked=$+0.00
  exposure=$0.00 | mtm_pnl=$+0.00 | locked=$+0.00
  orders: 0 | fills: 0 ()
2025-12-14 20:34:49,406 [INFO] [Hybrid] d=-39.0 conf=0.26 bias=NO fair=0.497 ask=0.500 edge=-0.003 state=IDLE
2025-12-14 20:34:49,406 [INFO] [btc-updown-15m-1765740600] IDLE | T-611s
  YES: bid=0.500 ask=0.510 | NO: bid=0.480 ask=0.500
  q_yes=0.00 q_no=0.00 | avg_yes=0.000 avg_no=0.000
  exposure=$0.00 | mtm_pnl=$+0.00 | locked=$+0.00
  exposure=$0.00 | mtm_pnl=$+0.00 | locked=$+0.00
  orders: 0 | fills: 0 ()
2025-12-14 20:34:52,945 [INFO] [Hybrid] d=-39.0 conf=0.26 bias=NO fair=0.490 ask=0.490 edge=-0.000 state=IDLE
2025-12-14 20:34:52,946 [INFO] [btc-updown-15m-1765740600] IDLE | T-608s
  YES: bid=0.510 ask=0.520 | NO: bid=0.480 ask=0.490
  q_yes=0.00 q_no=0.00 | avg_yes=0.000 avg_no=0.000
  exposure=$0.00 | mtm_pnl=$+0.00 | locked=$+0.00
  exposure=$0.00 | mtm_pnl=$+0.00 | locked=$+0.00
  orders: 0 | fills: 0 ()
2025-12-14 20:34:52,946 [INFO] --- HEARTBEAT (Cycle 3.44s) ---
2025-12-14 20:34:52,946 [INFO]    [btc-updown-15m-1765740600] IDLE | Rem: 608s | Orders: 0
2025-12-14 20:34:55,916 [INFO] [Hybrid] d=-39.0 conf=0.26 bias=NO fair=0.477 ask=0.480 edge=-0.003 state=IDLE
2025-12-14 20:34:55,917 [INFO] [btc-updown-15m-1765740600] IDLE | T-604s
  YES: bid=0.520 ask=0.530 | NO: bid=0.470 ask=0.480
  q_yes=0.00 q_no=0.00 | avg_yes=0.000 avg_no=0.000
  exposure=$0.00 | mtm_pnl=$+0.00 | locked=$+0.00
  exposure=$0.00 | mtm_pnl=$+0.00 | locked=$+0.00
  orders: 0 | fills: 0 ()
2025-12-14 20:35:00,022 [INFO] [Hybrid] d=-39.0 conf=0.26 bias=NO fair=0.500 ask=0.510 edge=-0.010 state=IDLE
2025-12-14 20:35:00,022 [INFO] [btc-updown-15m-1765740600] IDLE | T-601s
  YES: bid=0.490 ask=0.510 | NO: bid=0.500 ask=0.510
  q_yes=0.00 q_no=0.00 | avg_yes=0.000 avg_no=0.000
  exposure=$0.00 | mtm_pnl=$+0.00 | locked=$+0.00
  exposure=$0.00 | mtm_pnl=$+0.00 | locked=$+0.00
  orders: 0 | fills: 0 ()
2025-12-14 20:35:02,953 [INFO] [Hybrid] d=-36.5 conf=0.24 bias=NO fair=0.480 ask=0.490 edge=-0.010 state=IDLE
2025-12-14 20:35:02,954 [INFO] [btc-updown-15m-1765740600] IDLE | T-597s
  YES: bid=0.510 ask=0.530 | NO: bid=0.470 ask=0.490
  q_yes=0.00 q_no=0.00 | avg_yes=0.000 avg_no=0.000
  exposure=$0.00 | mtm_pnl=$+0.00 | locked=$+0.00
  exposure=$0.00 | mtm_pnl=$+0.00 | locked=$+0.00
  orders: 0 | fills: 0 ()
2025-12-14 20:35:02,954 [INFO] --- HEARTBEAT (Cycle 2.83s) ---
2025-12-14 20:35:02,954 [INFO]    [btc-updown-15m-1765740600] IDLE | Rem: 598s | Orders: 0
2025-12-14 20:35:06,533 [INFO] [Hybrid] d=-36.5 conf=0.24 bias=NO fair=0.486 ask=0.490 edge=-0.004 state=IDLE
2025-12-14 20:35:06,533 [INFO] [btc-updown-15m-1765740600] IDLE | T-594s
  YES: bid=0.510 ask=0.520 | NO: bid=0.480 ask=0.490
  q_yes=0.00 q_no=0.00 | avg_yes=0.000 avg_no=0.000
  exposure=$0.00 | mtm_pnl=$+0.00 | locked=$+0.00
  exposure=$0.00 | mtm_pnl=$+0.00 | locked=$+0.00
  orders: 0 | fills: 0 ()
2025-12-14 20:35:09,258 [INFO] [Hybrid] d=-36.5 conf=0.24 bias=NO fair=0.485 ask=0.490 edge=-0.005 state=IDLE
2025-12-14 20:35:09,258 [INFO] [btc-updown-15m-1765740600] IDLE | T-591s
  YES: bid=0.510 ask=0.520 | NO: bid=0.480 ask=0.490
  q_yes=0.00 q_no=0.00 | avg_yes=0.000 avg_no=0.000
  exposure=$0.00 | mtm_pnl=$+0.00 | locked=$+0.00
  exposure=$0.00 | mtm_pnl=$+0.00 | locked=$+0.00
  orders: 0 | fills: 0 ()
2025-12-14 20:35:13,632 [INFO] [Hybrid] d=-36.5 conf=0.24 bias=NO fair=0.461 ask=0.470 edge=-0.009 state=IDLE
2025-12-14 20:35:13,633 [INFO] [btc-updown-15m-1765740600] IDLE | T-588s
  YES: bid=0.530 ask=0.540 | NO: bid=0.460 ask=0.470
  q_yes=0.00 q_no=0.00 | avg_yes=0.000 avg_no=0.000
  exposure=$0.00 | mtm_pnl=$+0.00 | locked=$+0.00
  exposure=$0.00 | mtm_pnl=$+0.00 | locked=$+0.00
  orders: 0 | fills: 0 ()
2025-12-14 20:35:13,633 [INFO] --- HEARTBEAT (Cycle 4.27s) ---
2025-12-14 20:35:13,633 [INFO]    [btc-updown-15m-1765740600] IDLE | Rem: 589s | Orders: 0
2025-12-14 20:35:16,326 [INFO] [Hybrid] d=-33.6 conf=0.22 bias=NO fair=0.443 ask=0.450 edge=-0.007 state=IDLE
2025-12-14 20:35:16,326 [INFO] [btc-updown-15m-1765740600] IDLE | T-584s
  YES: bid=0.550 ask=0.560 | NO: bid=0.440 ask=0.450
  q_yes=0.00 q_no=0.00 | avg_yes=0.000 avg_no=0.000
  exposure=$0.00 | mtm_pnl=$+0.00 | locked=$+0.00
  exposure=$0.00 | mtm_pnl=$+0.00 | locked=$+0.00
  orders: 0 | fills: 0 ()
2025-12-14 20:35:19,769 [INFO] [Hybrid] d=-33.6 conf=0.22 bias=NO fair=0.442 ask=0.450 edge=-0.008 state=IDLE
2025-12-14 20:35:19,769 [INFO] [btc-updown-15m-1765740600] IDLE | T-581s
  YES: bid=0.550 ask=0.560 | NO: bid=0.440 ask=0.450
  q_yes=0.00 q_no=0.00 | avg_yes=0.000 avg_no=0.000
  exposure=$0.00 | mtm_pnl=$+0.00 | locked=$+0.00
  exposure=$0.00 | mtm_pnl=$+0.00 | locked=$+0.00
  orders: 0 | fills: 0 ()
2025-12-14 20:35:22,496 [INFO] [Hybrid] d=-34.4 conf=0.23 bias=NO fair=0.434 ask=0.440 edge=-0.006 state=IDLE
2025-12-14 20:35:22,496 [INFO] [btc-updown-15m-1765740600] IDLE | T-578s
  YES: bid=0.570 ask=0.580 | NO: bid=0.430 ask=0.440
  q_yes=0.00 q_no=0.00 | avg_yes=0.000 avg_no=0.000
  exposure=$0.00 | mtm_pnl=$+0.00 | locked=$+0.00
  exposure=$0.00 | mtm_pnl=$+0.00 | locked=$+0.00
  orders: 0 | fills: 0 ()
2025-12-14 20:35:25,906 [INFO] [Hybrid] d=-34.4 conf=0.23 bias=NO fair=0.438 ask=0.440 edge=-0.002 state=IDLE
2025-12-14 20:35:25,906 [INFO] [btc-updown-15m-1765740600] IDLE | T-575s
  YES: bid=0.560 ask=0.580 | NO: bid=0.420 ask=0.440
  q_yes=0.00 q_no=0.00 | avg_yes=0.000 avg_no=0.000
  exposure=$0.00 | mtm_pnl=$+0.00 | locked=$+0.00
  exposure=$0.00 | mtm_pnl=$+0.00 | locked=$+0.00
  orders: 0 | fills: 0 ()
2025-12-14 20:35:25,906 [INFO] --- HEARTBEAT (Cycle 3.31s) ---
2025-12-14 20:35:25,907 [INFO]    [btc-updown-15m-1765740600] IDLE | Rem: 576s | Orders: 0
2025-12-14 20:35:28,743 [INFO] [Hybrid] d=-34.4 conf=0.23 bias=NO fair=0.430 ask=0.440 edge=-0.010 state=IDLE
2025-12-14 20:35:28,743 [INFO] [btc-updown-15m-1765740600] IDLE | T-572s
  YES: bid=0.560 ask=0.570 | NO: bid=0.430 ask=0.440
  q_yes=0.00 q_no=0.00 | avg_yes=0.000 avg_no=0.000
  exposure=$0.00 | mtm_pnl=$+0.00 | locked=$+0.00
  exposure=$0.00 | mtm_pnl=$+0.00 | locked=$+0.00
  orders: 0 | fills: 0 ()
2025-12-14 20:35:32,255 [INFO] [Hybrid] d=-34.4 conf=0.23 bias=NO fair=0.428 ask=0.440 edge=-0.012 state=IDLE
2025-12-14 20:35:32,256 [INFO] [btc-updown-15m-1765740600] IDLE | T-569s
  YES: bid=0.560 ask=0.580 | NO: bid=0.420 ask=0.440
  q_yes=0.00 q_no=0.00 | avg_yes=0.000 avg_no=0.000
  exposure=$0.00 | mtm_pnl=$+0.00 | locked=$+0.00
  exposure=$0.00 | mtm_pnl=$+0.00 | locked=$+0.00
  orders: 0 | fills: 0 ()
2025-12-14 20:35:34,993 [INFO] [Hybrid] d=-24.0 conf=0.16 bias=NO fair=0.427 ask=0.440 edge=-0.013 state=IDLE
2025-12-14 20:35:34,993 [INFO] [btc-updown-15m-1765740600] IDLE | T-565s
  YES: bid=0.560 ask=0.580 | NO: bid=0.420 ask=0.440
  q_yes=0.00 q_no=0.00 | avg_yes=0.000 avg_no=0.000
  exposure=$0.00 | mtm_pnl=$+0.00 | locked=$+0.00
  exposure=$0.00 | mtm_pnl=$+0.00 | locked=$+0.00
  orders: 0 | fills: 0 ()
2025-12-14 20:35:38,313 [INFO] [Hybrid] d=-24.0 conf=0.16 bias=NO fair=0.398 ask=0.410 edge=-0.012 state=IDLE
2025-12-14 20:35:38,313 [INFO] [btc-updown-15m-1765740600] IDLE | T-563s
  YES: bid=0.590 ask=0.620 | NO: bid=0.380 ask=0.410
  q_yes=0.00 q_no=0.00 | avg_yes=0.000 avg_no=0.000
  exposure=$0.00 | mtm_pnl=$+0.00 | locked=$+0.00
  exposure=$0.00 | mtm_pnl=$+0.00 | locked=$+0.00
  orders: 0 | fills: 0 ()
2025-12-14 20:35:38,313 [INFO] --- HEARTBEAT (Cycle 3.22s) ---
2025-12-14 20:35:38,314 [INFO]    [btc-updown-15m-1765740600] IDLE | Rem: 563s | Orders: 0
2025-12-14 20:35:41,081 [INFO] [Hybrid] d=-18.8 conf=0.13 bias=NO fair=0.471 ask=0.490 edge=-0.019 state=IDLE
2025-12-14 20:35:41,081 [INFO] [btc-updown-15m-1765740600] IDLE | T-559s
  YES: bid=0.520 ask=0.540 | NO: bid=0.470 ask=0.490
  q_yes=0.00 q_no=0.00 | avg_yes=0.000 avg_no=0.000
  exposure=$0.00 | mtm_pnl=$+0.00 | locked=$+0.00
  exposure=$0.00 | mtm_pnl=$+0.00 | locked=$+0.00
  orders: 0 | fills: 0 ()
2025-12-14 20:35:44,554 [INFO] [Hybrid] d=-18.8 conf=0.13 bias=NO fair=0.472 ask=0.480 edge=-0.008 state=IDLE
2025-12-14 20:35:44,555 [INFO] [btc-updown-15m-1765740600] IDLE | T-556s
  YES: bid=0.510 ask=0.520 | NO: bid=0.470 ask=0.480
  q_yes=0.00 q_no=0.00 | avg_yes=0.000 avg_no=0.000
  exposure=$0.00 | mtm_pnl=$+0.00 | locked=$+0.00
  exposure=$0.00 | mtm_pnl=$+0.00 | locked=$+0.00
  orders: 0 | fills: 0 ()
2025-12-14 20:35:47,228 [INFO] [Hybrid] d=-18.8 conf=0.13 bias=NO fair=0.457 ask=0.460 edge=-0.003 state=IDLE
2025-12-14 20:35:47,229 [INFO] [btc-updown-15m-1765740600] IDLE | T-553s
  YES: bid=0.540 ask=0.550 | NO: bid=0.450 ask=0.460
  q_yes=0.00 q_no=0.00 | avg_yes=0.000 avg_no=0.000
  exposure=$0.00 | mtm_pnl=$+0.00 | locked=$+0.00
  exposure=$0.00 | mtm_pnl=$+0.00 | locked=$+0.00
  orders: 0 | fills: 0 ()
2025-12-14 20:35:50,756 [INFO] [Hybrid] d=-18.8 conf=0.13 bias=NO fair=0.453 ask=0.470 edge=-0.017 state=IDLE
2025-12-14 20:35:50,756 [INFO] [btc-updown-15m-1765740600] IDLE | T-550s
  YES: bid=0.540 ask=0.550 | NO: bid=0.450 ask=0.470
  q_yes=0.00 q_no=0.00 | avg_yes=0.000 avg_no=0.000
  exposure=$0.00 | mtm_pnl=$+0.00 | locked=$+0.00
  exposure=$0.00 | mtm_pnl=$+0.00 | locked=$+0.00
  orders: 0 | fills: 0 ()
2025-12-14 20:35:50,757 [INFO] --- HEARTBEAT (Cycle 3.43s) ---
2025-12-14 20:35:50,757 [INFO]    [btc-updown-15m-1765740600] IDLE | Rem: 551s | Orders: 0
2025-12-14 20:35:53,518 [INFO] [Hybrid] d=-21.7 conf=0.14 bias=NO fair=0.461 ask=0.470 edge=-0.009 state=IDLE
2025-12-14 20:35:53,518 [INFO] [btc-updown-15m-1765740600] IDLE | T-547s
  YES: bid=0.530 ask=0.540 | NO: bid=0.460 ask=0.470
  q_yes=0.00 q_no=0.00 | avg_yes=0.000 avg_no=0.000
  exposure=$0.00 | mtm_pnl=$+0.00 | locked=$+0.00
  exposure=$0.00 | mtm_pnl=$+0.00 | locked=$+0.00
  orders: 0 | fills: 0 ()
2025-12-14 20:35:56,922 [INFO] [Hybrid] d=-21.7 conf=0.14 bias=NO fair=0.455 ask=0.460 edge=-0.005 state=IDLE
2025-12-14 20:35:56,922 [INFO] [btc-updown-15m-1765740600] IDLE | T-544s
  YES: bid=0.540 ask=0.560 | NO: bid=0.440 ask=0.460
  q_yes=0.00 q_no=0.00 | avg_yes=0.000 avg_no=0.000
  exposure=$0.00 | mtm_pnl=$+0.00 | locked=$+0.00
  exposure=$0.00 | mtm_pnl=$+0.00 | locked=$+0.00
  orders: 0 | fills: 0 ()
2025-12-14 20:35:59,812 [INFO] [Hybrid] d=-21.7 conf=0.14 bias=NO fair=0.460 ask=0.460 edge=-0.000 state=IDLE
2025-12-14 20:35:59,812 [INFO] [btc-updown-15m-1765740600] IDLE | T-541s
  YES: bid=0.540 ask=0.550 | NO: bid=0.450 ask=0.460
  q_yes=0.00 q_no=0.00 | avg_yes=0.000 avg_no=0.000
  exposure=$0.00 | mtm_pnl=$+0.00 | locked=$+0.00
  exposure=$0.00 | mtm_pnl=$+0.00 | locked=$+0.00
  orders: 0 | fills: 0 ()
2025-12-14 20:36:03,410 [INFO] [Hybrid] d=-21.7 conf=0.14 bias=NO fair=0.440 ask=0.450 edge=-0.010 state=IDLE
2025-12-14 20:36:03,410 [INFO] [btc-updown-15m-1765740600] IDLE | T-538s
  YES: bid=0.540 ask=0.560 | NO: bid=0.440 ask=0.450
  q_yes=0.00 q_no=0.00 | avg_yes=0.000 avg_no=0.000
  exposure=$0.00 | mtm_pnl=$+0.00 | locked=$+0.00
  exposure=$0.00 | mtm_pnl=$+0.00 | locked=$+0.00
  orders: 0 | fills: 0 ()
2025-12-14 20:36:03,411 [INFO] --- HEARTBEAT (Cycle 3.50s) ---
2025-12-14 20:36:03,411 [INFO]    [btc-updown-15m-1765740600] IDLE | Rem: 538s | Orders: 0
2025-12-14 20:36:06,304 [INFO] [Hybrid] d=-26.7 conf=0.18 bias=NO fair=0.399 ask=0.400 edge=-0.001 state=IDLE
2025-12-14 20:36:06,304 [INFO] [btc-updown-15m-1765740600] IDLE | T-534s
  YES: bid=0.600 ask=0.620 | NO: bid=0.380 ask=0.400
  q_yes=0.00 q_no=0.00 | avg_yes=0.000 avg_no=0.000
  exposure=$0.00 | mtm_pnl=$+0.00 | locked=$+0.00
  exposure=$0.00 | mtm_pnl=$+0.00 | locked=$+0.00
  orders: 0 | fills: 0 ()
2025-12-14 20:36:09,662 [INFO] [Hybrid] d=-26.7 conf=0.18 bias=NO fair=0.389 ask=0.390 edge=-0.001 state=IDLE
2025-12-14 20:36:09,662 [INFO] [btc-updown-15m-1765740600] IDLE | T-531s
  YES: bid=0.610 ask=0.620 | NO: bid=0.380 ask=0.390
  q_yes=0.00 q_no=0.00 | avg_yes=0.000 avg_no=0.000
  exposure=$0.00 | mtm_pnl=$+0.00 | locked=$+0.00
  exposure=$0.00 | mtm_pnl=$+0.00 | locked=$+0.00
  orders: 0 | fills: 0 ()
2025-12-14 20:36:12,482 [INFO] [Hybrid] d=-25.8 conf=0.17 bias=NO fair=0.381 ask=0.390 edge=-0.009 state=IDLE
2025-12-14 20:36:12,482 [INFO] [btc-updown-15m-1765740600] IDLE | T-528s
  YES: bid=0.610 ask=0.630 | NO: bid=0.380 ask=0.390
  q_yes=0.00 q_no=0.00 | avg_yes=0.000 avg_no=0.000
  exposure=$0.00 | mtm_pnl=$+0.00 | locked=$+0.00
  exposure=$0.00 | mtm_pnl=$+0.00 | locked=$+0.00
  orders: 0 | fills: 0 ()
2025-12-14 20:36:15,819 [INFO] [Hybrid] d=-25.8 conf=0.17 bias=NO fair=0.369 ask=0.370 edge=-0.001 state=IDLE
2025-12-14 20:36:15,819 [INFO] [btc-updown-15m-1765740600] IDLE | T-525s
  YES: bid=0.630 ask=0.640 | NO: bid=0.360 ask=0.370
  q_yes=0.00 q_no=0.00 | avg_yes=0.000 avg_no=0.000
  exposure=$0.00 | mtm_pnl=$+0.00 | locked=$+0.00
  exposure=$0.00 | mtm_pnl=$+0.00 | locked=$+0.00
  orders: 0 | fills: 0 ()
2025-12-14 20:36:15,819 [INFO] --- HEARTBEAT (Cycle 3.24s) ---
2025-12-14 20:36:15,819 [INFO]    [btc-updown-15m-1765740600] IDLE | Rem: 526s | Orders: 0
2025-12-14 20:36:18,677 [INFO] [Hybrid] d=-25.8 conf=0.17 bias=NO fair=0.370 ask=0.370 edge=-0.000 state=IDLE
2025-12-14 20:36:18,677 [INFO] [btc-updown-15m-1765740600] IDLE | T-522s
  YES: bid=0.620 ask=0.640 | NO: bid=0.360 ask=0.370
  q_yes=0.00 q_no=0.00 | avg_yes=0.000 avg_no=0.000
  exposure=$0.00 | mtm_pnl=$+0.00 | locked=$+0.00
  exposure=$0.00 | mtm_pnl=$+0.00 | locked=$+0.00
  orders: 0 | fills: 0 ()
2025-12-14 20:36:22,058 [INFO] [Hybrid] d=-25.8 conf=0.17 bias=NO fair=0.357 ask=0.380 edge=-0.023 state=IDLE
2025-12-14 20:36:22,058 [INFO] [btc-updown-15m-1765740600] IDLE | T-519s
  YES: bid=0.620 ask=0.650 | NO: bid=0.350 ask=0.380
  q_yes=0.00 q_no=0.00 | avg_yes=0.000 avg_no=0.000
  exposure=$0.00 | mtm_pnl=$+0.00 | locked=$+0.00
  exposure=$0.00 | mtm_pnl=$+0.00 | locked=$+0.00
  orders: 0 | fills: 0 ()
2025-12-14 20:36:24,914 [INFO] [Hybrid] d=-11.0 conf=0.07 bias=NO fair=0.368 ask=0.380 edge=-0.012 state=IDLE
2025-12-14 20:36:24,914 [INFO] [btc-updown-15m-1765740600] IDLE | T-515s
  YES: bid=0.640 ask=0.650 | NO: bid=0.360 ask=0.380
  q_yes=0.00 q_no=0.00 | avg_yes=0.000 avg_no=0.000
  exposure=$0.00 | mtm_pnl=$+0.00 | locked=$+0.00
  exposure=$0.00 | mtm_pnl=$+0.00 | locked=$+0.00
  orders: 0 | fills: 0 ()
2025-12-14 20:36:28,291 [INFO] [Hybrid] d=-11.0 conf=0.07 bias=NO fair=0.373 ask=0.380 edge=-0.007 state=IDLE
2025-12-14 20:36:28,291 [INFO] [btc-updown-15m-1765740600] IDLE | T-513s
  YES: bid=0.620 ask=0.630 | NO: bid=0.370 ask=0.380
  q_yes=0.00 q_no=0.00 | avg_yes=0.000 avg_no=0.000
  exposure=$0.00 | mtm_pnl=$+0.00 | locked=$+0.00
  exposure=$0.00 | mtm_pnl=$+0.00 | locked=$+0.00
  orders: 0 | fills: 0 ()
2025-12-14 20:36:28,291 [INFO] --- HEARTBEAT (Cycle 3.28s) ---
2025-12-14 20:36:28,291 [INFO]    [btc-updown-15m-1765740600] IDLE | Rem: 513s | Orders: 0
2025-12-14 20:36:31,116 [INFO] [Hybrid] d=-2.3 conf=0.02 bias=NO fair=0.387 ask=0.390 edge=-0.003 state=IDLE
2025-12-14 20:36:31,116 [INFO] [btc-updown-15m-1765740600] IDLE | T-509s
  YES: bid=0.610 ask=0.630 | NO: bid=0.380 ask=0.390
  q_yes=0.00 q_no=0.00 | avg_yes=0.000 avg_no=0.000
  exposure=$0.00 | mtm_pnl=$+0.00 | locked=$+0.00
  exposure=$0.00 | mtm_pnl=$+0.00 | locked=$+0.00
  orders: 0 | fills: 0 ()
2025-12-14 20:36:34,557 [INFO] [Hybrid] d=-2.3 conf=0.02 bias=NO fair=0.392 ask=0.400 edge=-0.008 state=IDLE
2025-12-14 20:36:34,558 [INFO] [btc-updown-15m-1765740600] IDLE | T-506s
  YES: bid=0.600 ask=0.610 | NO: bid=0.390 ask=0.400
  q_yes=0.00 q_no=0.00 | avg_yes=0.000 avg_no=0.000
  exposure=$0.00 | mtm_pnl=$+0.00 | locked=$+0.00
  exposure=$0.00 | mtm_pnl=$+0.00 | locked=$+0.00
  orders: 0 | fills: 0 ()
2025-12-14 20:36:37,314 [INFO] [Hybrid] d=-6.0 conf=0.04 bias=NO fair=0.487 ask=0.490 edge=-0.003 state=IDLE
2025-12-14 20:36:37,314 [INFO] [btc-updown-15m-1765740600] IDLE | T-503s
  YES: bid=0.510 ask=0.520 | NO: bid=0.480 ask=0.490
  q_yes=0.00 q_no=0.00 | avg_yes=0.000 avg_no=0.000
  exposure=$0.00 | mtm_pnl=$+0.00 | locked=$+0.00
  exposure=$0.00 | mtm_pnl=$+0.00 | locked=$+0.00
  orders: 0 | fills: 0 ()
2025-12-14 20:36:40,844 [INFO] [Hybrid] d=-6.0 conf=0.04 bias=NO fair=0.528 ask=0.530 edge=-0.002 state=IDLE
2025-12-14 20:36:40,844 [INFO] [btc-updown-15m-1765740600] IDLE | T-500s
  YES: bid=0.460 ask=0.470 | NO: bid=0.520 ask=0.530
  q_yes=0.00 q_no=0.00 | avg_yes=0.000 avg_no=0.000
  exposure=$0.00 | mtm_pnl=$+0.00 | locked=$+0.00
  exposure=$0.00 | mtm_pnl=$+0.00 | locked=$+0.00
  orders: 0 | fills: 0 ()
2025-12-14 20:36:40,844 [INFO] --- HEARTBEAT (Cycle 3.43s) ---
2025-12-14 20:36:40,844 [INFO]    [btc-updown-15m-1765740600] IDLE | Rem: 501s | Orders: 0
2025-12-14 20:36:43,553 [INFO] [Hybrid] d=-11.0 conf=0.07 bias=NO fair=0.549 ask=0.550 edge=-0.001 state=IDLE
2025-12-14 20:36:43,553 [INFO] [btc-updown-15m-1765740600] IDLE | T-497s
  YES: bid=0.450 ask=0.460 | NO: bid=0.540 ask=0.550
  q_yes=0.00 q_no=0.00 | avg_yes=0.000 avg_no=0.000
  exposure=$0.00 | mtm_pnl=$+0.00 | locked=$+0.00
  exposure=$0.00 | mtm_pnl=$+0.00 | locked=$+0.00
  orders: 0 | fills: 0 ()
2025-12-14 20:36:47,010 [INFO] [Hybrid] d=-11.0 conf=0.07 bias=NO fair=0.580 ask=0.600 edge=-0.020 state=IDLE
2025-12-14 20:36:47,011 [INFO] [btc-updown-15m-1765740600] IDLE | T-494s
  YES: bid=0.400 ask=0.410 | NO: bid=0.580 ask=0.600
  q_yes=0.00 q_no=0.00 | avg_yes=0.000 avg_no=0.000
  exposure=$0.00 | mtm_pnl=$+0.00 | locked=$+0.00
  exposure=$0.00 | mtm_pnl=$+0.00 | locked=$+0.00
  orders: 0 | fills: 0 ()
2025-12-14 20:36:49,870 [INFO] [Hybrid] d=-15.7 conf=0.10 bias=NO fair=0.571 ask=0.580 edge=-0.009 state=IDLE
2025-12-14 20:36:49,870 [INFO] [btc-updown-15m-1765740600] IDLE | T-490s
  YES: bid=0.420 ask=0.430 | NO: bid=0.570 ask=0.580
  q_yes=0.00 q_no=0.00 | avg_yes=0.000 avg_no=0.000
  exposure=$0.00 | mtm_pnl=$+0.00 | locked=$+0.00
  exposure=$0.00 | mtm_pnl=$+0.00 | locked=$+0.00
  orders: 0 | fills: 0 ()
2025-12-14 20:36:53,434 [INFO] [Hybrid] d=-15.7 conf=0.10 bias=NO fair=0.557 ask=0.560 edge=-0.003 state=IDLE
2025-12-14 20:36:53,434 [INFO] [btc-updown-15m-1765740600] IDLE | T-488s
  YES: bid=0.440 ask=0.450 | NO: bid=0.550 ask=0.560
  q_yes=0.00 q_no=0.00 | avg_yes=0.000 avg_no=0.000
  exposure=$0.00 | mtm_pnl=$+0.00 | locked=$+0.00
  exposure=$0.00 | mtm_pnl=$+0.00 | locked=$+0.00
  orders: 0 | fills: 0 ()
2025-12-14 20:36:53,434 [INFO] --- HEARTBEAT (Cycle 3.46s) ---
2025-12-14 20:36:53,434 [INFO]    [btc-updown-15m-1765740600] IDLE | Rem: 488s | Orders: 0
2025-12-14 20:36:56,610 [INFO] [Hybrid] d=-34.1 conf=0.23 bias=NO fair=0.519 ask=0.520 edge=-0.001 state=IDLE
2025-12-14 20:36:56,610 [INFO] [btc-updown-15m-1765740600] IDLE | T-484s
  YES: bid=0.480 ask=0.490 | NO: bid=0.510 ask=0.520
  q_yes=0.00 q_no=0.00 | avg_yes=0.000 avg_no=0.000
  exposure=$0.00 | mtm_pnl=$+0.00 | locked=$+0.00
  exposure=$0.00 | mtm_pnl=$+0.00 | locked=$+0.00
  orders: 0 | fills: 0 ()
2025-12-14 20:37:01,324 [INFO] [Hybrid] d=-34.1 conf=0.23 bias=NO fair=0.483 ask=0.490 edge=-0.007 state=IDLE
2025-12-14 20:37:01,324 [INFO] [btc-updown-15m-1765740600] IDLE | T-480s
  YES: bid=0.510 ask=0.520 | NO: bid=0.480 ask=0.490
  q_yes=0.00 q_no=0.00 | avg_yes=0.000 avg_no=0.000
  exposure=$0.00 | mtm_pnl=$+0.00 | locked=$+0.00
  exposure=$0.00 | mtm_pnl=$+0.00 | locked=$+0.00
  orders: 0 | fills: 0 ()
2025-12-14 20:37:04,186 [INFO] [Hybrid] d=-60.8 conf=0.41 bias=NO fair=0.500 ask=0.500 edge=-0.000 state=IDLE
2025-12-14 20:37:04,187 [INFO] [btc-updown-15m-1765740600] IDLE | T-476s
  YES: bid=0.500 ask=0.510 | NO: bid=0.490 ask=0.500
  q_yes=0.00 q_no=0.00 | avg_yes=0.000 avg_no=0.000
  exposure=$0.00 | mtm_pnl=$+0.00 | locked=$+0.00
  exposure=$0.00 | mtm_pnl=$+0.00 | locked=$+0.00
  orders: 0 | fills: 0 ()
2025-12-14 20:37:04,187 [INFO] --- HEARTBEAT (Cycle 2.76s) ---
2025-12-14 20:37:04,187 [INFO]    [btc-updown-15m-1765740600] IDLE | Rem: 477s | Orders: 0
2025-12-14 20:37:07,650 [INFO] [Hybrid] d=-60.8 conf=0.41 bias=NO fair=0.506 ask=0.510 edge=-0.004 state=IDLE
2025-12-14 20:37:07,652 [INFO] [btc-updown-15m-1765740600] IDLE | T-473s
  YES: bid=0.490 ask=0.500 | NO: bid=0.500 ask=0.510
  q_yes=0.00 q_no=0.00 | avg_yes=0.000 avg_no=0.000
  exposure=$0.00 | mtm_pnl=$+0.00 | locked=$+0.00
  exposure=$0.00 | mtm_pnl=$+0.00 | locked=$+0.00
  orders: 0 | fills: 0 ()
2025-12-14 20:37:10,543 [INFO] [Hybrid] d=-48.2 conf=0.32 bias=NO fair=0.502 ask=0.510 edge=-0.008 state=IDLE
2025-12-14 20:37:10,543 [INFO] [btc-updown-15m-1765740600] IDLE | T-470s
  YES: bid=0.490 ask=0.500 | NO: bid=0.500 ask=0.510
  q_yes=0.00 q_no=0.00 | avg_yes=0.000 avg_no=0.000
  exposure=$0.00 | mtm_pnl=$+0.00 | locked=$+0.00
  exposure=$0.00 | mtm_pnl=$+0.00 | locked=$+0.00
  orders: 0 | fills: 0 ()
2025-12-14 20:37:14,080 [INFO] [Hybrid] d=-48.2 conf=0.32 bias=NO fair=0.514 ask=0.520 edge=-0.006 state=IDLE
2025-12-14 20:37:14,081 [INFO] [btc-updown-15m-1765740600] IDLE | T-467s
  YES: bid=0.480 ask=0.490 | NO: bid=0.510 ask=0.520
  q_yes=0.00 q_no=0.00 | avg_yes=0.000 avg_no=0.000
  exposure=$0.00 | mtm_pnl=$+0.00 | locked=$+0.00
  exposure=$0.00 | mtm_pnl=$+0.00 | locked=$+0.00
  orders: 0 | fills: 0 ()
2025-12-14 20:37:16,872 [INFO] [Hybrid] d=-45.6 conf=0.30 bias=NO fair=0.581 ask=0.590 edge=-0.009 state=IDLE
2025-12-14 20:37:16,872 [INFO] [btc-updown-15m-1765740600] IDLE | T-463s
  YES: bid=0.410 ask=0.420 | NO: bid=0.580 ask=0.590
  q_yes=0.00 q_no=0.00 | avg_yes=0.000 avg_no=0.000
  exposure=$0.00 | mtm_pnl=$+0.00 | locked=$+0.00
  exposure=$0.00 | mtm_pnl=$+0.00 | locked=$+0.00
  orders: 0 | fills: 0 ()
2025-12-14 20:37:16,873 [INFO] --- HEARTBEAT (Cycle 2.69s) ---
2025-12-14 20:37:16,873 [INFO]    [btc-updown-15m-1765740600] IDLE | Rem: 464s | Orders: 0
2025-12-14 20:37:20,477 [INFO] [Hybrid] d=-45.6 conf=0.30 bias=NO fair=0.591 ask=0.600 edge=-0.009 state=IDLE
2025-12-14 20:37:20,477 [INFO] [btc-updown-15m-1765740600] IDLE | T-461s
  YES: bid=0.400 ask=0.410 | NO: bid=0.590 ask=0.600
  q_yes=0.00 q_no=0.00 | avg_yes=0.000 avg_no=0.000
  exposure=$0.00 | mtm_pnl=$+0.00 | locked=$+0.00
  exposure=$0.00 | mtm_pnl=$+0.00 | locked=$+0.00
  orders: 0 | fills: 0 ()
2025-12-14 20:37:23,320 [INFO] [Hybrid] d=-39.7 conf=0.26 bias=NO fair=0.634 ask=0.640 edge=-0.006 state=IDLE
2025-12-14 20:37:23,320 [INFO] [btc-updown-15m-1765740600] IDLE | T-457s
  YES: bid=0.360 ask=0.370 | NO: bid=0.630 ask=0.640
  q_yes=0.00 q_no=0.00 | avg_yes=0.000 avg_no=0.000
  exposure=$0.00 | mtm_pnl=$+0.00 | locked=$+0.00
  exposure=$0.00 | mtm_pnl=$+0.00 | locked=$+0.00
  orders: 0 | fills: 0 ()
2025-12-14 20:37:26,745 [INFO] [Hybrid] d=-39.7 conf=0.26 bias=NO fair=0.661 ask=0.670 edge=-0.009 state=IDLE
2025-12-14 20:37:26,746 [INFO] [btc-updown-15m-1765740600] IDLE | T-454s
  YES: bid=0.330 ask=0.340 | NO: bid=0.660 ask=0.670
  q_yes=0.00 q_no=0.00 | avg_yes=0.000 avg_no=0.000
  exposure=$0.00 | mtm_pnl=$+0.00 | locked=$+0.00
  exposure=$0.00 | mtm_pnl=$+0.00 | locked=$+0.00
  orders: 0 | fills: 0 ()
2025-12-14 20:37:29,622 [INFO] [Hybrid] d=-47.5 conf=0.32 bias=NO fair=0.683 ask=0.690 edge=-0.007 state=IDLE
2025-12-14 20:37:29,623 [INFO] [btc-updown-15m-1765740600] IDLE | T-451s
  YES: bid=0.310 ask=0.320 | NO: bid=0.680 ask=0.690
  q_yes=0.00 q_no=0.00 | avg_yes=0.000 avg_no=0.000
  exposure=$0.00 | mtm_pnl=$+0.00 | locked=$+0.00
  exposure=$0.00 | mtm_pnl=$+0.00 | locked=$+0.00
  orders: 0 | fills: 0 ()
2025-12-14 20:37:29,623 [INFO] --- HEARTBEAT (Cycle 2.78s) ---
2025-12-14 20:37:29,623 [INFO]    [btc-updown-15m-1765740600] IDLE | Rem: 451s | Orders: 0
2025-12-14 20:37:33,288 [INFO] [Hybrid] d=-47.5 conf=0.32 bias=NO fair=0.703 ask=0.710 edge=-0.007 state=IDLE
2025-12-14 20:37:33,288 [INFO] [btc-updown-15m-1765740600] IDLE | T-448s
  YES: bid=0.290 ask=0.300 | NO: bid=0.700 ask=0.710
  q_yes=0.00 q_no=0.00 | avg_yes=0.000 avg_no=0.000
  exposure=$0.00 | mtm_pnl=$+0.00 | locked=$+0.00
  exposure=$0.00 | mtm_pnl=$+0.00 | locked=$+0.00
  orders: 0 | fills: 0 ()
2025-12-14 20:37:36,117 [INFO] [Hybrid] d=-66.3 conf=0.44 bias=NO fair=0.715 ask=0.720 edge=-0.005 state=IDLE
2025-12-14 20:37:36,117 [INFO] [btc-updown-15m-1765740600] IDLE | T-444s
  YES: bid=0.280 ask=0.290 | NO: bid=0.710 ask=0.720
  q_yes=0.00 q_no=0.00 | avg_yes=0.000 avg_no=0.000
  exposure=$0.00 | mtm_pnl=$+0.00 | locked=$+0.00
  exposure=$0.00 | mtm_pnl=$+0.00 | locked=$+0.00
  orders: 0 | fills: 0 ()
2025-12-14 20:37:39,909 [INFO] [Hybrid] d=-66.3 conf=0.44 bias=NO fair=0.741 ask=0.750 edge=-0.009 state=IDLE
2025-12-14 20:37:39,909 [INFO] [btc-updown-15m-1765740600] IDLE | T-441s
  YES: bid=0.260 ask=0.270 | NO: bid=0.740 ask=0.750
  q_yes=0.00 q_no=0.00 | avg_yes=0.000 avg_no=0.000
  exposure=$0.00 | mtm_pnl=$+0.00 | locked=$+0.00
  exposure=$0.00 | mtm_pnl=$+0.00 | locked=$+0.00
  orders: 0 | fills: 0 ()
2025-12-14 20:37:39,909 [INFO] --- HEARTBEAT (Cycle 3.69s) ---
2025-12-14 20:37:39,909 [INFO]    [btc-updown-15m-1765740600] IDLE | Rem: 441s | Orders: 0
2025-12-14 20:37:42,653 [INFO] [Hybrid] d=-66.3 conf=0.44 bias=NO fair=0.759 ask=0.760 edge=-0.001 state=IDLE
2025-12-14 20:37:42,653 [INFO] [btc-updown-15m-1765740600] IDLE | T-438s
  YES: bid=0.240 ask=0.250 | NO: bid=0.750 ask=0.760
  q_yes=0.00 q_no=0.00 | avg_yes=0.000 avg_no=0.000
  exposure=$0.00 | mtm_pnl=$+0.00 | locked=$+0.00
  exposure=$0.00 | mtm_pnl=$+0.00 | locked=$+0.00
  orders: 0 | fills: 0 ()
2025-12-14 20:37:46,200 [INFO] [Hybrid] d=-66.3 conf=0.44 bias=NO fair=0.790 ask=0.800 edge=-0.010 state=IDLE
2025-12-14 20:37:46,200 [INFO] [btc-updown-15m-1765740600] IDLE | T-435s
  YES: bid=0.190 ask=0.200 | NO: bid=0.790 ask=0.800
  q_yes=0.00 q_no=0.00 | avg_yes=0.000 avg_no=0.000
  exposure=$0.00 | mtm_pnl=$+0.00 | locked=$+0.00
  exposure=$0.00 | mtm_pnl=$+0.00 | locked=$+0.00
  orders: 0 | fills: 0 ()
2025-12-14 20:37:49,056 [INFO] [Hybrid] d=-66.3 conf=0.44 bias=NO fair=0.763 ask=0.770 edge=-0.007 state=IDLE
2025-12-14 20:37:49,056 [INFO] [btc-updown-15m-1765740600] IDLE | T-431s
  YES: bid=0.230 ask=0.240 | NO: bid=0.760 ask=0.770
  q_yes=0.00 q_no=0.00 | avg_yes=0.000 avg_no=0.000
  exposure=$0.00 | mtm_pnl=$+0.00 | locked=$+0.00
  exposure=$0.00 | mtm_pnl=$+0.00 | locked=$+0.00
  orders: 0 | fills: 0 ()
2025-12-14 20:37:52,368 [INFO] [Hybrid] d=-66.3 conf=0.44 bias=NO fair=0.763 ask=0.770 edge=-0.007 state=IDLE
2025-12-14 20:37:52,369 [INFO] [btc-updown-15m-1765740600] IDLE | T-428s
  YES: bid=0.230 ask=0.240 | NO: bid=0.760 ask=0.770
  q_yes=0.00 q_no=0.00 | avg_yes=0.000 avg_no=0.000
  exposure=$0.00 | mtm_pnl=$+0.00 | locked=$+0.00
  exposure=$0.00 | mtm_pnl=$+0.00 | locked=$+0.00
  orders: 0 | fills: 0 ()
2025-12-14 20:37:52,369 [INFO] --- HEARTBEAT (Cycle 3.21s) ---
2025-12-14 20:37:52,369 [INFO]    [btc-updown-15m-1765740600] IDLE | Rem: 429s | Orders: 0
2025-12-14 20:37:55,067 [INFO] [Hybrid] d=-100.9 conf=0.67 bias=NO fair=0.750 ask=0.750 edge=-0.000 state=IDLE
2025-12-14 20:37:55,067 [INFO] [btc-updown-15m-1765740600] IDLE | T-425s
  YES: bid=0.250 ask=0.260 | NO: bid=0.740 ask=0.750
  q_yes=0.00 q_no=0.00 | avg_yes=0.000 avg_no=0.000
  exposure=$0.00 | mtm_pnl=$+0.00 | locked=$+0.00
  exposure=$0.00 | mtm_pnl=$+0.00 | locked=$+0.00
  orders: 0 | fills: 0 ()
2025-12-14 20:37:58,547 [INFO] [Hybrid] d=-100.9 conf=0.67 bias=NO fair=0.748 ask=0.750 edge=-0.002 state=IDLE
2025-12-14 20:37:58,547 [INFO] [btc-updown-15m-1765740600] IDLE | T-422s
  YES: bid=0.250 ask=0.260 | NO: bid=0.730 ask=0.750
  q_yes=0.00 q_no=0.00 | avg_yes=0.000 avg_no=0.000
  exposure=$0.00 | mtm_pnl=$+0.00 | locked=$+0.00
  exposure=$0.00 | mtm_pnl=$+0.00 | locked=$+0.00
  orders: 0 | fills: 0 ()
2025-12-14 20:38:01,348 [INFO] [Hybrid] d=-120.3 conf=0.80 bias=NO fair=0.778 ask=0.780 edge=-0.002 state=IDLE
2025-12-14 20:38:01,348 [INFO] [btc-updown-15m-1765740600] IDLE | T-419s
  YES: bid=0.240 ask=0.250 | NO: bid=0.770 ask=0.780
  q_yes=0.00 q_no=0.00 | avg_yes=0.000 avg_no=0.000
  exposure=$0.00 | mtm_pnl=$+0.00 | locked=$+0.00
  exposure=$0.00 | mtm_pnl=$+0.00 | locked=$+0.00
  orders: 0 | fills: 0 ()
2025-12-14 20:38:05,020 [INFO] [Hybrid] d=-120.3 conf=0.80 bias=NO fair=0.793 ask=0.800 edge=-0.007 state=IDLE
2025-12-14 20:38:05,022 [INFO] [btc-updown-15m-1765740600] IDLE | T-416s
  YES: bid=0.200 ask=0.210 | NO: bid=0.790 ask=0.800
  q_yes=0.00 q_no=0.00 | avg_yes=0.000 avg_no=0.000
  exposure=$0.00 | mtm_pnl=$+0.00 | locked=$+0.00
  exposure=$0.00 | mtm_pnl=$+0.00 | locked=$+0.00
  orders: 0 | fills: 0 ()
2025-12-14 20:38:05,029 [INFO] --- HEARTBEAT (Cycle 3.58s) ---
2025-12-14 20:38:05,030 [INFO]    [btc-updown-15m-1765740600] IDLE | Rem: 417s | Orders: 0
2025-12-14 20:38:07,741 [INFO] [Hybrid] d=-101.0 conf=0.67 bias=NO fair=0.812 ask=0.820 edge=-0.008 state=IDLE
2025-12-14 20:38:07,741 [INFO] [btc-updown-15m-1765740600] IDLE | T-412s
  YES: bid=0.180 ask=0.190 | NO: bid=0.810 ask=0.820
  q_yes=0.00 q_no=0.00 | avg_yes=0.000 avg_no=0.000
  exposure=$0.00 | mtm_pnl=$+0.00 | locked=$+0.00
  exposure=$0.00 | mtm_pnl=$+0.00 | locked=$+0.00
  orders: 0 | fills: 0 ()
2025-12-14 20:38:11,252 [INFO] [Hybrid] d=-101.0 conf=0.67 bias=NO fair=0.823 ask=0.830 edge=-0.007 state=IDLE
2025-12-14 20:38:11,252 [INFO] [btc-updown-15m-1765740600] IDLE | T-410s
  YES: bid=0.170 ask=0.180 | NO: bid=0.820 ask=0.830
  q_yes=0.00 q_no=0.00 | avg_yes=0.000 avg_no=0.000
  exposure=$0.00 | mtm_pnl=$+0.00 | locked=$+0.00
  exposure=$0.00 | mtm_pnl=$+0.00 | locked=$+0.00
  orders: 0 | fills: 0 ()
2025-12-14 20:38:14,000 [INFO] [Hybrid] d=-97.8 conf=0.65 bias=NO fair=0.841 ask=0.850 edge=-0.009 state=IDLE
2025-12-14 20:38:14,000 [INFO] [btc-updown-15m-1765740600] IDLE | T-406s
  YES: bid=0.150 ask=0.160 | NO: bid=0.840 ask=0.850
  q_yes=0.00 q_no=0.00 | avg_yes=0.000 avg_no=0.000
  exposure=$0.00 | mtm_pnl=$+0.00 | locked=$+0.00
  exposure=$0.00 | mtm_pnl=$+0.00 | locked=$+0.00
  orders: 0 | fills: 0 ()
2025-12-14 20:38:17,291 [INFO] [Hybrid] d=-97.8 conf=0.65 bias=NO fair=0.860 ask=0.870 edge=-0.010 state=IDLE
2025-12-14 20:38:17,291 [INFO] [btc-updown-15m-1765740600] IDLE | T-404s
  YES: bid=0.150 ask=0.160 | NO: bid=0.860 ask=0.870
  q_yes=0.00 q_no=0.00 | avg_yes=0.000 avg_no=0.000
  exposure=$0.00 | mtm_pnl=$+0.00 | locked=$+0.00
  exposure=$0.00 | mtm_pnl=$+0.00 | locked=$+0.00
  orders: 0 | fills: 0 ()
2025-12-14 20:38:17,292 [INFO] --- HEARTBEAT (Cycle 3.19s) ---
2025-12-14 20:38:17,292 [INFO]    [btc-updown-15m-1765740600] IDLE | Rem: 404s | Orders: 0
2025-12-14 20:38:19,931 [INFO] [Hybrid] d=-117.0 conf=0.78 bias=NO fair=0.865 ask=0.870 edge=-0.005 state=IDLE
2025-12-14 20:38:19,932 [INFO] [btc-updown-15m-1765740600] IDLE | T-400s
  YES: bid=0.130 ask=0.140 | NO: bid=0.860 ask=0.870
  q_yes=0.00 q_no=0.00 | avg_yes=0.000 avg_no=0.000
  exposure=$0.00 | mtm_pnl=$+0.00 | locked=$+0.00
  exposure=$0.00 | mtm_pnl=$+0.00 | locked=$+0.00
  orders: 0 | fills: 0 ()
2025-12-14 20:38:23,271 [INFO] [Hybrid] d=-117.0 conf=0.78 bias=NO fair=0.852 ask=0.870 edge=-0.018 state=IDLE
2025-12-14 20:38:23,271 [INFO] [btc-updown-15m-1765740600] IDLE | T-398s
  YES: bid=0.130 ask=0.150 | NO: bid=0.850 ask=0.870
  q_yes=0.00 q_no=0.00 | avg_yes=0.000 avg_no=0.000
  exposure=$0.00 | mtm_pnl=$+0.00 | locked=$+0.00
  exposure=$0.00 | mtm_pnl=$+0.00 | locked=$+0.00
  orders: 0 | fills: 0 ()
2025-12-14 20:38:26,090 [INFO] [Hybrid] d=-122.8 conf=0.82 bias=NO fair=0.831 ask=0.850 edge=-0.019 state=IDLE
2025-12-14 20:38:26,090 [INFO] [btc-updown-15m-1765740600] IDLE | T-394s
  YES: bid=0.150 ask=0.160 | NO: bid=0.830 ask=0.850
  q_yes=0.00 q_no=0.00 | avg_yes=0.000 avg_no=0.000
  exposure=$0.00 | mtm_pnl=$+0.00 | locked=$+0.00
  exposure=$0.00 | mtm_pnl=$+0.00 | locked=$+0.00
  orders: 0 | fills: 0 ()
2025-12-14 20:38:29,303 [INFO] [Hybrid] d=-122.8 conf=0.82 bias=NO fair=0.825 ask=0.830 edge=-0.005 state=IDLE
2025-12-14 20:38:29,304 [INFO] [btc-updown-15m-1765740600] IDLE | T-391s
  YES: bid=0.170 ask=0.180 | NO: bid=0.820 ask=0.830
  q_yes=0.00 q_no=0.00 | avg_yes=0.000 avg_no=0.000
  exposure=$0.00 | mtm_pnl=$+0.00 | locked=$+0.00
  exposure=$0.00 | mtm_pnl=$+0.00 | locked=$+0.00
  orders: 0 | fills: 0 ()
2025-12-14 20:38:29,304 [INFO] --- HEARTBEAT (Cycle 3.11s) ---
2025-12-14 20:38:29,304 [INFO]    [btc-updown-15m-1765740600] IDLE | Rem: 392s | Orders: 0
2025-12-14 20:38:32,895 [INFO] [Hybrid] d=-122.8 conf=0.82 bias=NO fair=0.820 ask=0.820 edge=-0.000 state=IDLE
2025-12-14 20:38:32,895 [INFO] [btc-updown-15m-1765740600] IDLE | T-387s
  YES: bid=0.180 ask=0.190 | NO: bid=0.810 ask=0.820
  q_yes=0.00 q_no=0.00 | avg_yes=0.000 avg_no=0.000
  exposure=$0.00 | mtm_pnl=$+0.00 | locked=$+0.00
  exposure=$0.00 | mtm_pnl=$+0.00 | locked=$+0.00
  orders: 0 | fills: 0 ()
2025-12-14 20:38:36,324 [INFO] [Hybrid] d=-122.8 conf=0.82 bias=NO fair=0.821 ask=0.830 edge=-0.009 state=IDLE
2025-12-14 20:38:36,325 [INFO] [btc-updown-15m-1765740600] IDLE | T-385s
  YES: bid=0.170 ask=0.180 | NO: bid=0.820 ask=0.830
  q_yes=0.00 q_no=0.00 | avg_yes=0.000 avg_no=0.000
  exposure=$0.00 | mtm_pnl=$+0.00 | locked=$+0.00
  exposure=$0.00 | mtm_pnl=$+0.00 | locked=$+0.00
  orders: 0 | fills: 0 ()
2025-12-14 20:38:38,953 [INFO] [Hybrid] d=-129.7 conf=0.86 bias=NO fair=0.820 ask=0.820 edge=-0.000 state=IDLE
2025-12-14 20:38:38,953 [INFO] [btc-updown-15m-1765740600] IDLE | T-381s
  YES: bid=0.180 ask=0.190 | NO: bid=0.810 ask=0.820
  q_yes=0.00 q_no=0.00 | avg_yes=0.000 avg_no=0.000
  exposure=$0.00 | mtm_pnl=$+0.00 | locked=$+0.00
  exposure=$0.00 | mtm_pnl=$+0.00 | locked=$+0.00
  orders: 0 | fills: 0 ()
2025-12-14 20:38:42,141 [INFO] [Hybrid] d=-129.7 conf=0.86 bias=NO fair=0.840 ask=0.850 edge=-0.010 state=IDLE
2025-12-14 20:38:42,141 [INFO] [btc-updown-15m-1765740600] IDLE | T-379s
  YES: bid=0.160 ask=0.170 | NO: bid=0.840 ask=0.850
  q_yes=0.00 q_no=0.00 | avg_yes=0.000 avg_no=0.000
  exposure=$0.00 | mtm_pnl=$+0.00 | locked=$+0.00
  exposure=$0.00 | mtm_pnl=$+0.00 | locked=$+0.00
  orders: 0 | fills: 0 ()
2025-12-14 20:38:42,141 [INFO] --- HEARTBEAT (Cycle 3.09s) ---
2025-12-14 20:38:42,141 [INFO]    [btc-updown-15m-1765740600] IDLE | Rem: 379s | Orders: 0
2025-12-14 20:38:44,806 [INFO] [Hybrid] d=-117.3 conf=0.78 bias=NO fair=0.830 ask=0.840 edge=-0.010 state=IDLE
2025-12-14 20:38:44,806 [INFO] [btc-updown-15m-1765740600] IDLE | T-375s
  YES: bid=0.160 ask=0.170 | NO: bid=0.830 ask=0.840
  q_yes=0.00 q_no=0.00 | avg_yes=0.000 avg_no=0.000
  exposure=$0.00 | mtm_pnl=$+0.00 | locked=$+0.00
  exposure=$0.00 | mtm_pnl=$+0.00 | locked=$+0.00
  orders: 0 | fills: 0 ()
2025-12-14 20:38:48,040 [INFO] [Hybrid] d=-117.3 conf=0.78 bias=NO fair=0.831 ask=0.860 edge=-0.029 state=IDLE
2025-12-14 20:38:48,040 [INFO] [btc-updown-15m-1765740600] IDLE | T-373s
  YES: bid=0.160 ask=0.170 | NO: bid=0.830 ask=0.860
  q_yes=0.00 q_no=0.00 | avg_yes=0.000 avg_no=0.000
  exposure=$0.00 | mtm_pnl=$+0.00 | locked=$+0.00
  exposure=$0.00 | mtm_pnl=$+0.00 | locked=$+0.00
  orders: 0 | fills: 0 ()
2025-12-14 20:38:50,829 [INFO] [Hybrid] d=-117.7 conf=0.78 bias=NO fair=0.832 ask=0.850 edge=-0.018 state=IDLE
2025-12-14 20:38:50,829 [INFO] [btc-updown-15m-1765740600] IDLE | T-369s
  YES: bid=0.150 ask=0.170 | NO: bid=0.830 ask=0.850
  q_yes=0.00 q_no=0.00 | avg_yes=0.000 avg_no=0.000
  exposure=$0.00 | mtm_pnl=$+0.00 | locked=$+0.00
  exposure=$0.00 | mtm_pnl=$+0.00 | locked=$+0.00
  orders: 0 | fills: 0 ()
2025-12-14 20:38:54,057 [INFO] [Hybrid] d=-117.7 conf=0.78 bias=NO fair=0.849 ask=0.850 edge=-0.001 state=IDLE
2025-12-14 20:38:54,057 [INFO] [btc-updown-15m-1765740600] IDLE | T-367s
  YES: bid=0.150 ask=0.160 | NO: bid=0.840 ask=0.850
  q_yes=0.00 q_no=0.00 | avg_yes=0.000 avg_no=0.000
  exposure=$0.00 | mtm_pnl=$+0.00 | locked=$+0.00
  exposure=$0.00 | mtm_pnl=$+0.00 | locked=$+0.00
  orders: 0 | fills: 0 ()
2025-12-14 20:38:54,058 [INFO] --- HEARTBEAT (Cycle 3.13s) ---
2025-12-14 20:38:54,058 [INFO]    [btc-updown-15m-1765740600] IDLE | Rem: 367s | Orders: 0
2025-12-14 20:38:56,774 [INFO] [Hybrid] d=-116.3 conf=0.78 bias=NO fair=0.851 ask=0.860 edge=-0.009 state=IDLE
2025-12-14 20:38:56,774 [INFO] [btc-updown-15m-1765740600] IDLE | T-363s
  YES: bid=0.140 ask=0.150 | NO: bid=0.850 ask=0.860
  q_yes=0.00 q_no=0.00 | avg_yes=0.000 avg_no=0.000
  exposure=$0.00 | mtm_pnl=$+0.00 | locked=$+0.00
  exposure=$0.00 | mtm_pnl=$+0.00 | locked=$+0.00
  orders: 0 | fills: 0 ()
2025-12-14 20:39:00,002 [INFO] [Hybrid] d=-116.3 conf=0.78 bias=NO fair=0.842 ask=0.860 edge=-0.018 state=IDLE
2025-12-14 20:39:00,002 [INFO] [btc-updown-15m-1765740600] IDLE | T-361s
  YES: bid=0.140 ask=0.150 | NO: bid=0.830 ask=0.860
  q_yes=0.00 q_no=0.00 | avg_yes=0.000 avg_no=0.000
  exposure=$0.00 | mtm_pnl=$+0.00 | locked=$+0.00
  exposure=$0.00 | mtm_pnl=$+0.00 | locked=$+0.00
  orders: 0 | fills: 0 ()
2025-12-14 20:39:03,091 [INFO] [Hybrid] d=-115.9 conf=0.77 bias=NO fair=0.858 ask=0.860 edge=-0.002 state=IDLE
2025-12-14 20:39:03,091 [INFO] [btc-updown-15m-1765740600] IDLE | T-358s
  YES: bid=0.150 ask=0.160 | NO: bid=0.840 ask=0.860
  q_yes=0.00 q_no=0.00 | avg_yes=0.000 avg_no=0.000
  exposure=$0.00 | mtm_pnl=$+0.00 | locked=$+0.00
  exposure=$0.00 | mtm_pnl=$+0.00 | locked=$+0.00
  orders: 0 | fills: 0 ()
2025-12-14 20:39:06,553 [INFO] [Hybrid] d=-115.9 conf=0.77 bias=NO fair=0.851 ask=0.870 edge=-0.019 state=IDLE
2025-12-14 20:39:06,553 [INFO] [btc-updown-15m-1765740600] IDLE | T-354s
  YES: bid=0.130 ask=0.150 | NO: bid=0.850 ask=0.870
  q_yes=0.00 q_no=0.00 | avg_yes=0.000 avg_no=0.000
  exposure=$0.00 | mtm_pnl=$+0.00 | locked=$+0.00
  exposure=$0.00 | mtm_pnl=$+0.00 | locked=$+0.00
  orders: 0 | fills: 0 ()
2025-12-14 20:39:06,554 [INFO] --- HEARTBEAT (Cycle 3.36s) ---
2025-12-14 20:39:06,554 [INFO]    [btc-updown-15m-1765740600] IDLE | Rem: 355s | Orders: 0
2025-12-14 20:39:09,351 [INFO] [Hybrid] d=-115.9 conf=0.77 bias=NO fair=0.862 ask=0.880 edge=-0.018 state=IDLE
2025-12-14 20:39:09,352 [INFO] [btc-updown-15m-1765740600] IDLE | T-351s
  YES: bid=0.120 ask=0.140 | NO: bid=0.860 ask=0.880
  q_yes=0.00 q_no=0.00 | avg_yes=0.000 avg_no=0.000
  exposure=$0.00 | mtm_pnl=$+0.00 | locked=$+0.00
  exposure=$0.00 | mtm_pnl=$+0.00 | locked=$+0.00
  orders: 0 | fills: 0 ()
2025-12-14 20:39:12,829 [INFO] [Hybrid] d=-115.9 conf=0.77 bias=NO fair=0.870 ask=0.880 edge=-0.010 state=IDLE
2025-12-14 20:39:12,830 [INFO] [btc-updown-15m-1765740600] IDLE | T-348s
  YES: bid=0.120 ask=0.130 | NO: bid=0.870 ask=0.880
  q_yes=0.00 q_no=0.00 | avg_yes=0.000 avg_no=0.000
  exposure=$0.00 | mtm_pnl=$+0.00 | locked=$+0.00
  exposure=$0.00 | mtm_pnl=$+0.00 | locked=$+0.00
  orders: 0 | fills: 0 ()
2025-12-14 20:39:15,548 [INFO] [Hybrid] d=-115.9 conf=0.77 bias=NO fair=0.870 ask=0.880 edge=-0.010 state=IDLE
2025-12-14 20:39:15,548 [INFO] [btc-updown-15m-1765740600] IDLE | T-345s
  YES: bid=0.120 ask=0.140 | NO: bid=0.870 ask=0.880
  q_yes=0.00 q_no=0.00 | avg_yes=0.000 avg_no=0.000
  exposure=$0.00 | mtm_pnl=$+0.00 | locked=$+0.00
  exposure=$0.00 | mtm_pnl=$+0.00 | locked=$+0.00
  orders: 0 | fills: 0 ()
2025-12-14 20:39:18,740 [INFO] [Hybrid] d=-115.9 conf=0.77 bias=NO fair=0.865 ask=0.890 edge=-0.025 state=IDLE
2025-12-14 20:39:18,740 [INFO] [btc-updown-15m-1765740600] IDLE | T-342s
  YES: bid=0.110 ask=0.140 | NO: bid=0.860 ask=0.890
  q_yes=0.00 q_no=0.00 | avg_yes=0.000 avg_no=0.000
  exposure=$0.00 | mtm_pnl=$+0.00 | locked=$+0.00
  exposure=$0.00 | mtm_pnl=$+0.00 | locked=$+0.00
  orders: 0 | fills: 0 ()
2025-12-14 20:39:18,740 [INFO] --- HEARTBEAT (Cycle 3.09s) ---
2025-12-14 20:39:18,741 [INFO]    [btc-updown-15m-1765740600] IDLE | Rem: 343s | Orders: 0
2025-12-14 20:39:21,673 [INFO] [Hybrid] d=-114.2 conf=0.76 bias=NO fair=0.856 ask=0.860 edge=-0.004 state=IDLE
2025-12-14 20:39:21,674 [INFO] [btc-updown-15m-1765740600] IDLE | T-339s
  YES: bid=0.140 ask=0.160 | NO: bid=0.840 ask=0.860
  q_yes=0.00 q_no=0.00 | avg_yes=0.000 avg_no=0.000
  exposure=$0.00 | mtm_pnl=$+0.00 | locked=$+0.00
  exposure=$0.00 | mtm_pnl=$+0.00 | locked=$+0.00
  orders: 0 | fills: 0 ()
2025-12-14 20:39:25,297 [INFO] [Hybrid] d=-114.2 conf=0.76 bias=NO fair=0.852 ask=0.860 edge=-0.008 state=IDLE
2025-12-14 20:39:25,297 [INFO] [btc-updown-15m-1765740600] IDLE | T-336s
  YES: bid=0.140 ask=0.160 | NO: bid=0.840 ask=0.860
  q_yes=0.00 q_no=0.00 | avg_yes=0.000 avg_no=0.000
  exposure=$0.00 | mtm_pnl=$+0.00 | locked=$+0.00
  exposure=$0.00 | mtm_pnl=$+0.00 | locked=$+0.00
  orders: 0 | fills: 0 ()
2025-12-14 20:39:27,998 [INFO] [Hybrid] d=-114.2 conf=0.76 bias=NO fair=0.854 ask=0.860 edge=-0.006 state=IDLE
2025-12-14 20:39:27,998 [INFO] [btc-updown-15m-1765740600] IDLE | T-332s
  YES: bid=0.140 ask=0.150 | NO: bid=0.850 ask=0.860
  q_yes=0.00 q_no=0.00 | avg_yes=0.000 avg_no=0.000
  exposure=$0.00 | mtm_pnl=$+0.00 | locked=$+0.00
  exposure=$0.00 | mtm_pnl=$+0.00 | locked=$+0.00
  orders: 0 | fills: 0 ()
2025-12-14 20:39:31,856 [INFO] [Hybrid] d=-114.2 conf=0.76 bias=NO fair=0.860 ask=0.870 edge=-0.010 state=IDLE
2025-12-14 20:39:31,856 [INFO] [btc-updown-15m-1765740600] IDLE | T-329s
  YES: bid=0.130 ask=0.140 | NO: bid=0.860 ask=0.870
  q_yes=0.00 q_no=0.00 | avg_yes=0.000 avg_no=0.000
  exposure=$0.00 | mtm_pnl=$+0.00 | locked=$+0.00
  exposure=$0.00 | mtm_pnl=$+0.00 | locked=$+0.00
  orders: 0 | fills: 0 ()
2025-12-14 20:39:31,856 [INFO] --- HEARTBEAT (Cycle 3.76s) ---
2025-12-14 20:39:31,856 [INFO]    [btc-updown-15m-1765740600] IDLE | Rem: 330s | Orders: 0
2025-12-14 20:39:34,604 [INFO] [Hybrid] d=-118.9 conf=0.79 bias=NO fair=0.861 ask=0.870 edge=-0.009 state=IDLE
2025-12-14 20:39:34,605 [INFO] [btc-updown-15m-1765740600] IDLE | T-326s
  YES: bid=0.130 ask=0.140 | NO: bid=0.860 ask=0.870
  q_yes=0.00 q_no=0.00 | avg_yes=0.000 avg_no=0.000
  exposure=$0.00 | mtm_pnl=$+0.00 | locked=$+0.00
  exposure=$0.00 | mtm_pnl=$+0.00 | locked=$+0.00
  orders: 0 | fills: 0 ()
2025-12-14 20:39:37,994 [INFO] [Hybrid] d=-118.9 conf=0.79 bias=NO fair=0.863 ask=0.880 edge=-0.017 state=IDLE
2025-12-14 20:39:37,994 [INFO] [btc-updown-15m-1765740600] IDLE | T-323s
  YES: bid=0.120 ask=0.130 | NO: bid=0.860 ask=0.880
  q_yes=0.00 q_no=0.00 | avg_yes=0.000 avg_no=0.000
  exposure=$0.00 | mtm_pnl=$+0.00 | locked=$+0.00
  exposure=$0.00 | mtm_pnl=$+0.00 | locked=$+0.00
  orders: 0 | fills: 0 ()
2025-12-14 20:39:40,665 [INFO] [Hybrid] d=-112.8 conf=0.75 bias=NO fair=0.863 ask=0.880 edge=-0.017 state=IDLE
2025-12-14 20:39:40,665 [INFO] [btc-updown-15m-1765740600] IDLE | T-320s
  YES: bid=0.120 ask=0.140 | NO: bid=0.860 ask=0.880
  q_yes=0.00 q_no=0.00 | avg_yes=0.000 avg_no=0.000
  exposure=$0.00 | mtm_pnl=$+0.00 | locked=$+0.00
  exposure=$0.00 | mtm_pnl=$+0.00 | locked=$+0.00
  orders: 0 | fills: 0 ()
2025-12-14 20:39:44,009 [INFO] [Hybrid] d=-112.8 conf=0.75 bias=NO fair=0.881 ask=0.890 edge=-0.009 state=IDLE
2025-12-14 20:39:44,009 [INFO] [btc-updown-15m-1765740600] IDLE | T-317s
  YES: bid=0.120 ask=0.130 | NO: bid=0.880 ask=0.890
  q_yes=0.00 q_no=0.00 | avg_yes=0.000 avg_no=0.000
  exposure=$0.00 | mtm_pnl=$+0.00 | locked=$+0.00
  exposure=$0.00 | mtm_pnl=$+0.00 | locked=$+0.00
  orders: 0 | fills: 0 ()
2025-12-14 20:39:44,009 [INFO] --- HEARTBEAT (Cycle 3.24s) ---
2025-12-14 20:39:44,009 [INFO]    [btc-updown-15m-1765740600] IDLE | Rem: 317s | Orders: 0
2025-12-14 20:39:46,769 [INFO] [Hybrid] d=-111.8 conf=0.75 bias=NO fair=0.908 ask=0.910 edge=-0.002 state=IDLE
2025-12-14 20:39:46,769 [INFO] [btc-updown-15m-1765740600] IDLE | T-314s
  YES: bid=0.090 ask=0.100 | NO: bid=0.900 ask=0.910
  q_yes=0.00 q_no=0.00 | avg_yes=0.000 avg_no=0.000
  exposure=$0.00 | mtm_pnl=$+0.00 | locked=$+0.00
  exposure=$0.00 | mtm_pnl=$+0.00 | locked=$+0.00
  orders: 0 | fills: 0 ()
2025-12-14 20:39:49,088 [INFO] Stopping...
2025-12-14 20:40:05,219 [WARNING] [93m==================================================
2025-12-14 20:40:05,219 [WARNING] !!! RUNNING IN DRY RUN / SIMULATION MODE !!!
2025-12-14 20:40:05,220 [WARNING] No real orders will be placed.
2025-12-14 20:40:05,220 [WARNING] All generated orders will be IMMEIDATELY FILLED (Simulated).
2025-12-14 20:40:05,220 [WARNING] ==================================================[0m
2025-12-14 20:40:05,220 [INFO] --- GABAGOOL LITE INITIALIZATION ---
2025-12-14 20:40:05,224 [INFO] [ALERT] CLOB client authentifié initialisé sur https://clob.polymarket.com
2025-12-14 20:40:05,225 [WARNING] MODE LIVE - ORDRES RÉELS POSSIBLES
2025-12-14 20:40:05,225 [INFO] API Client Authenticated.
2025-12-14 20:40:05,225 [INFO] Orchestrator initialized. Dry Run: True
2025-12-14 20:40:06,891 [INFO] [ORCHESTRATOR] Adding new strategy: btc-updown-15m-1765740600
2025-12-14 20:40:10,493 [INFO] [btc-updown-15m-1765740600] IDLE -> STOPPED (FORCE EXIT (T--609s))
2025-12-14 20:40:10,493 [INFO] [Hybrid] d=+0.0 conf=0.00 bias=NEUTRAL fair=0.000 ask=0.000 edge=+0.000 state=STOPPED
2025-12-14 20:40:10,493 [INFO] [btc-updown-15m-1765740600] IDLE | T--609s
  YES: bid=0.060 ask=0.070 | NO: bid=0.930 ask=0.950
  q_yes=0.00 q_no=0.00 | avg_yes=0.000 avg_no=0.000
  exposure=$0.00 | mtm_pnl=$+0.00 | locked=$+0.00
  exposure=$0.00 | mtm_pnl=$+0.00 | locked=$+0.00
  orders: 0 | fills: 0 ()
2025-12-14 20:40:12,588 [INFO] [btc-updown-15m-1765740600] Hybrid Tracking Start: BTC T0 = $88632.24
2025-12-14 20:44:30,558 [INFO] [ORCHESTRATOR] Adding new strategy: btc-updown-15m-1765741500
2025-12-14 20:44:32,747 [INFO] [btc-updown-15m-1765741500] Hybrid Tracking Start: BTC T0 = $88596.48
2025-12-14 20:44:33,457 [INFO] [btc-updown-15m-1765741500] IDLE -> STOPPED (FORCE EXIT (T-27s))
2025-12-14 20:44:33,457 [INFO] [Hybrid] d=+0.0 conf=0.00 bias=YES fair=0.535 ask=0.540 edge=-0.005 state=STOPPED
2025-12-14 20:44:33,457 [INFO] [btc-updown-15m-1765741500] IDLE | T-27s
  YES: bid=0.520 ask=0.540 | NO: bid=0.460 ask=0.480
  q_yes=0.00 q_no=0.00 | avg_yes=0.000 avg_no=0.000
  exposure=$0.00 | mtm_pnl=$+0.00 | locked=$+0.00
  exposure=$0.00 | mtm_pnl=$+0.00 | locked=$+0.00
  orders: 0 | fills: 0 ()
2025-12-14 20:46:07,936 [ERROR] Update failed for btc-updown-15m-1765740600: PolyApiException[status_code=404, error_message={'error': 'No orderbook exists for the requested token id'}]
2025-12-14 20:46:11,462 [ERROR] Update failed for btc-updown-15m-1765740600: PolyApiException[status_code=404, error_message={'error': 'No orderbook exists for the requested token id'}]
2025-12-14 20:46:14,393 [ERROR] Update failed for btc-updown-15m-1765740600: PolyApiException[status_code=404, error_message={'error': 'No orderbook exists for the requested token id'}]
2025-12-14 20:46:19,475 [ERROR] Update failed for btc-updown-15m-1765740600: PolyApiException[status_code=404, error_message={'error': 'No orderbook exists for the requested token id'}]
2025-12-14 20:46:22,354 [ERROR] Update failed for btc-updown-15m-1765740600: PolyApiException[status_code=404, error_message={'error': 'No orderbook exists for the requested token id'}]
2025-12-14 20:46:25,825 [ERROR] Update failed for btc-updown-15m-1765740600: PolyApiException[status_code=404, error_message={'error': 'No orderbook exists for the requested token id'}]
2025-12-14 20:46:28,672 [ERROR] Update failed for btc-updown-15m-1765740600: PolyApiException[status_code=404, error_message={'error': 'No orderbook exists for the requested token id'}]
2025-12-14 20:46:33,920 [ERROR] Update failed for btc-updown-15m-1765740600: PolyApiException[status_code=404, error_message={'error': 'No orderbook exists for the requested token id'}]
2025-12-14 20:46:37,108 [ERROR] Update failed for btc-updown-15m-1765740600: PolyApiException[status_code=404, error_message={'error': 'No orderbook exists for the requested token id'}]
2025-12-14 20:46:40,827 [ERROR] Update failed for btc-updown-15m-1765740600: PolyApiException[status_code=404, error_message={'error': 'No orderbook exists for the requested token id'}]
2025-12-14 20:46:45,319 [ERROR] Update failed for btc-updown-15m-1765740600: PolyApiException[status_code=404, error_message={'error': 'No orderbook exists for the requested token id'}]
2025-12-14 20:46:49,020 [ERROR] Update failed for btc-updown-15m-1765740600: PolyApiException[status_code=404, error_message={'error': 'No orderbook exists for the requested token id'}]
2025-12-14 20:46:52,059 [ERROR] Update failed for btc-updown-15m-1765740600: PolyApiException[status_code=404, error_message={'error': 'No orderbook exists for the requested token id'}]
2025-12-14 20:46:57,432 [ERROR] Update failed for btc-updown-15m-1765740600: PolyApiException[status_code=404, error_message={'error': 'No orderbook exists for the requested token id'}]
2025-12-14 20:47:00,360 [ERROR] Update failed for btc-updown-15m-1765740600: PolyApiException[status_code=404, error_message={'error': 'No orderbook exists for the requested token id'}]
2025-12-14 20:47:04,111 [ERROR] Update failed for btc-updown-15m-1765740600: PolyApiException[status_code=404, error_message={'error': 'No orderbook exists for the requested token id'}]
2025-12-14 20:47:07,044 [ERROR] Update failed for btc-updown-15m-1765740600: PolyApiException[status_code=404, error_message={'error': 'No orderbook exists for the requested token id'}]
2025-12-14 20:47:12,404 [ERROR] Update failed for btc-updown-15m-1765740600: PolyApiException[status_code=404, error_message={'error': 'No orderbook exists for the requested token id'}]
2025-12-14 20:47:15,461 [ERROR] Update failed for btc-updown-15m-1765740600: PolyApiException[status_code=404, error_message={'error': 'No orderbook exists for the requested token id'}]
2025-12-14 20:47:19,268 [ERROR] Update failed for btc-updown-15m-1765740600: PolyApiException[status_code=404, error_message={'error': 'No orderbook exists for the requested token id'}]
2025-12-14 20:47:24,006 [ERROR] Update failed for btc-updown-15m-1765740600: PolyApiException[status_code=404, error_message={'error': 'No orderbook exists for the requested token id'}]
2025-12-14 20:47:27,738 [ERROR] Update failed for btc-updown-15m-1765740600: PolyApiException[status_code=404, error_message={'error': 'No orderbook exists for the requested token id'}]
2025-12-14 20:47:30,642 [ERROR] Update failed for btc-updown-15m-1765740600: PolyApiException[status_code=404, error_message={'error': 'No orderbook exists for the requested token id'}]
2025-12-14 20:47:35,773 [ERROR] Update failed for btc-updown-15m-1765740600: PolyApiException[status_code=404, error_message={'error': 'No orderbook exists for the requested token id'}]
2025-12-14 20:47:38,688 [ERROR] Update failed for btc-updown-15m-1765740600: PolyApiException[status_code=404, error_message={'error': 'No orderbook exists for the requested token id'}]
2025-12-14 20:47:42,308 [ERROR] Update failed for btc-updown-15m-1765740600: PolyApiException[status_code=404, error_message={'error': 'No orderbook exists for the requested token id'}]
2025-12-14 20:47:45,455 [ERROR] Update failed for btc-updown-15m-1765740600: PolyApiException[status_code=404, error_message={'error': 'No orderbook exists for the requested token id'}]
2025-12-14 20:47:50,926 [ERROR] Update failed for btc-updown-15m-1765740600: PolyApiException[status_code=404, error_message={'error': 'No orderbook exists for the requested token id'}]
2025-12-14 20:47:54,079 [ERROR] Update failed for btc-updown-15m-1765740600: PolyApiException[status_code=404, error_message={'error': 'No orderbook exists for the requested token id'}]
2025-12-14 20:47:57,868 [ERROR] Update failed for btc-updown-15m-1765740600: PolyApiException[status_code=404, error_message={'error': 'No orderbook exists for the requested token id'}]
2025-12-14 20:48:02,306 [ERROR] Update failed for btc-updown-15m-1765740600: PolyApiException[status_code=404, error_message={'error': 'No orderbook exists for the requested token id'}]
2025-12-14 20:48:06,096 [ERROR] Update failed for btc-updown-15m-1765740600: PolyApiException[status_code=404, error_message={'error': 'No orderbook exists for the requested token id'}]
2025-12-14 20:48:09,579 [ERROR] Update failed for btc-updown-15m-1765740600: PolyApiException[status_code=404, error_message={'error': 'No orderbook exists for the requested token id'}]
2025-12-14 20:48:14,920 [ERROR] Update failed for btc-updown-15m-1765740600: PolyApiException[status_code=404, error_message={'error': 'No orderbook exists for the requested token id'}]
2025-12-14 20:48:17,829 [ERROR] Update failed for btc-updown-15m-1765740600: PolyApiException[status_code=404, error_message={'error': 'No orderbook exists for the requested token id'}]
2025-12-14 20:48:21,511 [ERROR] Update failed for btc-updown-15m-1765740600: PolyApiException[status_code=404, error_message={'error': 'No orderbook exists for the requested token id'}]
2025-12-14 20:48:24,422 [ERROR] Update failed for btc-updown-15m-1765740600: PolyApiException[status_code=404, error_message={'error': 'No orderbook exists for the requested token id'}]
2025-12-14 20:48:27,510 [INFO] Stopping...
2025-12-14 20:48:30,128 [WARNING] [93m==================================================
2025-12-14 20:48:30,128 [WARNING] !!! RUNNING IN DRY RUN / SIMULATION MODE !!!
2025-12-14 20:48:30,128 [WARNING] No real orders will be placed.
2025-12-14 20:48:30,128 [WARNING] All generated orders will be IMMEIDATELY FILLED (Simulated).
2025-12-14 20:48:30,128 [WARNING] ==================================================[0m
2025-12-14 20:48:30,128 [INFO] --- GABAGOOL LITE INITIALIZATION ---
2025-12-14 20:48:30,132 [INFO] [ALERT] CLOB client authentifié initialisé sur https://clob.polymarket.com
2025-12-14 20:48:30,132 [WARNING] MODE LIVE - ORDRES RÉELS POSSIBLES
2025-12-14 20:48:30,132 [INFO] API Client Authenticated.
2025-12-14 20:48:30,132 [INFO] Orchestrator initialized. Dry Run: True
2025-12-14 20:48:31,757 [INFO] [ORCHESTRATOR] Adding new strategy: btc-updown-15m-1765741500
2025-12-14 20:48:35,500 [INFO] [btc-updown-15m-1765741500] IDLE -> STOPPED (FORCE EXIT (T--213s))
2025-12-14 20:48:35,500 [INFO] [Hybrid] d=+0.0 conf=0.00 bias=NEUTRAL fair=0.000 ask=0.000 edge=+0.000 state=STOPPED
2025-12-14 20:48:35,500 [INFO] [btc-updown-15m-1765741500] IDLE | T--213s
  YES: bid=0.570 ask=0.580 | NO: bid=0.410 ask=0.420
  q_yes=0.00 q_no=0.00 | avg_yes=0.000 avg_no=0.000
  exposure=$0.00 | mtm_pnl=$+0.00 | locked=$+0.00
  exposure=$0.00 | mtm_pnl=$+0.00 | locked=$+0.00
  orders: 0 | fills: 0 ()
2025-12-14 20:48:37,554 [INFO] [btc-updown-15m-1765741500] Hybrid Tracking Start: BTC T0 = $88608.21
2025-12-14 20:52:34,567 [INFO] Stopping...
2025-12-14 20:52:37,600 [WARNING] [93m==================================================
2025-12-14 20:52:37,600 [WARNING] !!! RUNNING IN DRY RUN / SIMULATION MODE !!!
2025-12-14 20:52:37,600 [WARNING] No real orders will be placed.
2025-12-14 20:52:37,600 [WARNING] All generated orders will be IMMEIDATELY FILLED (Simulated).
2025-12-14 20:52:37,600 [WARNING] ==================================================[0m
2025-12-14 20:52:37,602 [INFO] --- GABAGOOL LITE INITIALIZATION ---
2025-12-14 20:52:37,606 [INFO] [ALERT] CLOB client authentifié initialisé sur https://clob.polymarket.com
2025-12-14 20:52:37,606 [WARNING] MODE LIVE - ORDRES RÉELS POSSIBLES
2025-12-14 20:52:37,607 [INFO] API Client Authenticated.
2025-12-14 20:52:37,607 [INFO] Orchestrator initialized. Dry Run: True
2025-12-14 20:52:38,332 [INFO] No markets found. Waiting...
2025-12-14 20:52:50,166 [INFO] No markets found. Waiting...
2025-12-14 20:53:01,038 [INFO] No markets found. Waiting...
2025-12-14 20:53:12,732 [INFO] No markets found. Waiting...
2025-12-14 20:53:24,762 [INFO] No markets found. Waiting...
2025-12-14 20:53:36,150 [INFO] No markets found. Waiting...
2025-12-14 20:53:48,762 [INFO] No markets found. Waiting...
2025-12-14 20:54:01,740 [INFO] No markets found. Waiting...
2025-12-14 20:54:14,047 [INFO] No markets found. Waiting...
2025-12-14 20:54:26,364 [INFO] No markets found. Waiting...
2025-12-14 20:54:37,857 [INFO] No markets found. Waiting...
2025-12-14 20:54:50,276 [INFO] No markets found. Waiting...
2025-12-14 20:55:02,455 [INFO] No markets found. Waiting...
2025-12-14 20:55:14,779 [INFO] No markets found. Waiting...
2025-12-14 20:55:27,513 [INFO] No markets found. Waiting...
2025-12-14 20:55:38,924 [INFO] No markets found. Waiting...
2025-12-14 20:55:50,671 [INFO] No markets found. Waiting...
2025-12-14 20:56:01,578 [INFO] No markets found. Waiting...
2025-12-14 20:56:13,339 [INFO] No markets found. Waiting...
2025-12-14 20:56:24,106 [INFO] No markets found. Waiting...
2025-12-14 20:56:35,881 [INFO] No markets found. Waiting...
2025-12-14 20:56:49,542 [INFO] No markets found. Waiting...
2025-12-14 20:57:00,330 [INFO] No markets found. Waiting...
2025-12-14 20:57:11,993 [INFO] No markets found. Waiting...
2025-12-14 20:57:22,865 [INFO] No markets found. Waiting...
2025-12-14 20:57:34,354 [INFO] No markets found. Waiting...
2025-12-14 20:57:45,303 [INFO] No markets found. Waiting...
2025-12-14 20:57:56,962 [INFO] No markets found. Waiting...
2025-12-14 20:58:00,830 [INFO] Stopping...
2025-12-14 20:58:04,307 [WARNING] [93m==================================================
2025-12-14 20:58:04,307 [WARNING] !!! RUNNING IN DRY RUN / SIMULATION MODE !!!
2025-12-14 20:58:04,307 [WARNING] No real orders will be placed.
2025-12-14 20:58:04,307 [WARNING] All generated orders will be IMMEIDATELY FILLED (Simulated).
2025-12-14 20:58:04,309 [WARNING] ==================================================[0m
2025-12-14 20:58:04,309 [INFO] --- GABAGOOL LITE INITIALIZATION ---
2025-12-14 20:58:04,314 [INFO] [ALERT] CLOB client authentifié initialisé sur https://clob.polymarket.com
2025-12-14 20:58:04,314 [WARNING] MODE LIVE - ORDRES RÉELS POSSIBLES
2025-12-14 20:58:04,314 [INFO] API Client Authenticated.
2025-12-14 20:58:04,314 [INFO] Orchestrator initialized. Dry Run: True
2025-12-14 20:58:05,794 [INFO] [ORCHESTRATOR] Adding new strategy: btc-updown-15m-1765741500
2025-12-14 20:58:09,365 [INFO] [btc-updown-15m-1765741500] IDLE -> STOPPED (FORCE EXIT (T--787s))
2025-12-14 20:58:09,365 [INFO] [Hybrid] d=+0.0 conf=0.00 bias=NEUTRAL fair=0.000 ask=0.000 edge=+0.000 state=STOPPED
2025-12-14 20:58:09,366 [INFO] [btc-updown-15m-1765741500] IDLE | T--787s
  YES: bid=0.290 ask=0.330 | NO: bid=0.690 ask=0.710
  q_yes=0.00 q_no=0.00 | avg_yes=0.000 avg_no=0.000
  exposure=$0.00 | mtm_pnl=$+0.00 | locked=$+0.00
  exposure=$0.00 | mtm_pnl=$+0.00 | locked=$+0.00
  orders: 0 | fills: 0 ()
2025-12-14 20:58:11,612 [INFO] [btc-updown-15m-1765741500] Hybrid Tracking Start: BTC T0 = $88606.01
2025-12-14 20:59:43,172 [INFO] [ORCHESTRATOR] Adding new strategy: btc-updown-15m-1765742400
2025-12-14 20:59:45,622 [INFO] [btc-updown-15m-1765742400] Hybrid Tracking Start: BTC T0 = $88661.12
2025-12-14 20:59:46,394 [INFO] [btc-updown-15m-1765742400] IDLE -> STOPPED (FORCE EXIT (T-14s))
2025-12-14 20:59:46,395 [INFO] [Hybrid] d=+0.0 conf=0.00 bias=YES fair=0.503 ask=0.510 edge=-0.007 state=STOPPED
2025-12-14 20:59:46,395 [INFO] [btc-updown-15m-1765742400] IDLE | T-14s
  YES: bid=0.500 ask=0.510 | NO: bid=0.490 ask=0.500
  q_yes=0.00 q_no=0.00 | avg_yes=0.000 avg_no=0.000
  exposure=$0.00 | mtm_pnl=$+0.00 | locked=$+0.00
  exposure=$0.00 | mtm_pnl=$+0.00 | locked=$+0.00
  orders: 0 | fills: 0 ()
2025-12-14 21:01:25,729 [WARNING] [UPDATE] Market btc-updown-15m-1765741500 seems closed (404/No Book). Setting rem=-1.
2025-12-14 21:01:28,741 [WARNING] [UPDATE] Market btc-updown-15m-1765741500 seems closed (404/No Book). Setting rem=-1.
2025-12-14 21:01:32,486 [WARNING] [UPDATE] Market btc-updown-15m-1765741500 seems closed (404/No Book). Setting rem=-1.
2025-12-14 21:01:35,412 [WARNING] [UPDATE] Market btc-updown-15m-1765741500 seems closed (404/No Book). Setting rem=-1.
2025-12-14 21:01:40,319 [WARNING] [UPDATE] Market btc-updown-15m-1765741500 seems closed (404/No Book). Setting rem=-1.
2025-12-14 21:01:43,084 [WARNING] [UPDATE] Market btc-updown-15m-1765741500 seems closed (404/No Book). Setting rem=-1.
2025-12-14 21:01:46,488 [WARNING] [UPDATE] Market btc-updown-15m-1765741500 seems closed (404/No Book). Setting rem=-1.
2025-12-14 21:01:49,276 [WARNING] [UPDATE] Market btc-updown-15m-1765741500 seems closed (404/No Book). Setting rem=-1.
2025-12-14 21:01:54,280 [WARNING] [UPDATE] Market btc-updown-15m-1765741500 seems closed (404/No Book). Setting rem=-1.
2025-12-14 21:01:57,143 [WARNING] [UPDATE] Market btc-updown-15m-1765741500 seems closed (404/No Book). Setting rem=-1.
2025-12-14 21:02:00,663 [WARNING] [UPDATE] Market btc-updown-15m-1765741500 seems closed (404/No Book). Setting rem=-1.
2025-12-14 21:02:03,494 [WARNING] [UPDATE] Market btc-updown-15m-1765741500 seems closed (404/No Book). Setting rem=-1.
2025-12-14 21:02:08,533 [WARNING] [UPDATE] Market btc-updown-15m-1765741500 seems closed (404/No Book). Setting rem=-1.
2025-12-14 21:02:11,452 [WARNING] [UPDATE] Market btc-updown-15m-1765741500 seems closed (404/No Book). Setting rem=-1.
2025-12-14 21:02:14,984 [WARNING] [UPDATE] Market btc-updown-15m-1765741500 seems closed (404/No Book). Setting rem=-1.
2025-12-14 21:02:17,866 [WARNING] [UPDATE] Market btc-updown-15m-1765741500 seems closed (404/No Book). Setting rem=-1.
2025-12-14 21:02:23,069 [WARNING] [UPDATE] Market btc-updown-15m-1765741500 seems closed (404/No Book). Setting rem=-1.
2025-12-14 21:02:25,914 [WARNING] [UPDATE] Market btc-updown-15m-1765741500 seems closed (404/No Book). Setting rem=-1.
2025-12-14 21:02:29,529 [WARNING] [UPDATE] Market btc-updown-15m-1765741500 seems closed (404/No Book). Setting rem=-1.
2025-12-14 21:02:32,403 [WARNING] [UPDATE] Market btc-updown-15m-1765741500 seems closed (404/No Book). Setting rem=-1.
2025-12-14 21:02:37,283 [WARNING] [UPDATE] Market btc-updown-15m-1765741500 seems closed (404/No Book). Setting rem=-1.
2025-12-14 21:02:40,187 [WARNING] [UPDATE] Market btc-updown-15m-1765741500 seems closed (404/No Book). Setting rem=-1.
2025-12-14 21:02:43,807 [WARNING] [UPDATE] Market btc-updown-15m-1765741500 seems closed (404/No Book). Setting rem=-1.
2025-12-14 21:02:46,757 [WARNING] [UPDATE] Market btc-updown-15m-1765741500 seems closed (404/No Book). Setting rem=-1.
2025-12-14 21:02:51,726 [WARNING] [UPDATE] Market btc-updown-15m-1765741500 seems closed (404/No Book). Setting rem=-1.
2025-12-14 21:02:54,563 [WARNING] [UPDATE] Market btc-updown-15m-1765741500 seems closed (404/No Book). Setting rem=-1.
2025-12-14 21:02:55,106 [INFO] Stopping...
2025-12-14 21:02:58,243 [WARNING] [93m==================================================
2025-12-14 21:02:58,243 [WARNING] !!! RUNNING IN DRY RUN / SIMULATION MODE !!!
2025-12-14 21:02:58,243 [WARNING] No real orders will be placed.
2025-12-14 21:02:58,243 [WARNING] All generated orders will be IMMEIDATELY FILLED (Simulated).
2025-12-14 21:02:58,243 [WARNING] ==================================================[0m
2025-12-14 21:02:58,244 [INFO] --- GABAGOOL LITE INITIALIZATION ---
2025-12-14 21:02:58,249 [INFO] [ALERT] CLOB client authentifié initialisé sur https://clob.polymarket.com
2025-12-14 21:02:58,249 [WARNING] MODE LIVE - ORDRES RÉELS POSSIBLES
2025-12-14 21:02:58,249 [INFO] API Client Authenticated.
2025-12-14 21:02:58,249 [INFO] Orchestrator initialized. Dry Run: True
2025-12-14 21:02:59,680 [INFO] [ORCHESTRATOR] Adding new strategy: btc-updown-15m-1765742400
2025-12-14 21:03:03,099 [INFO] [btc-updown-15m-1765742400] IDLE -> STOPPED (FORCE EXIT (T--181s))
2025-12-14 21:03:03,099 [INFO] [Hybrid] d=+0.0 conf=0.00 bias=NEUTRAL fair=0.000 ask=0.000 edge=+0.000 state=STOPPED
2025-12-14 21:03:03,099 [INFO] [btc-updown-15m-1765742400] IDLE | T--181s
  YES: bid=0.740 ask=0.750 | NO: bid=0.250 ask=0.260
  q_yes=0.00 q_no=0.00 | avg_yes=0.000 avg_no=0.000
  exposure=$0.00 | mtm_pnl=$+0.00 | locked=$+0.00
  exposure=$0.00 | mtm_pnl=$+0.00 | locked=$+0.00
  orders: 0 | fills: 0 ()
2025-12-14 21:03:05,050 [INFO] [btc-updown-15m-1765742400] Hybrid Tracking Start: BTC T0 = $88740.40
2025-12-14 21:04:27,832 [INFO] Stopping...
2025-12-14 21:04:29,990 [WARNING] [93m==================================================
2025-12-14 21:04:29,991 [WARNING] !!! RUNNING IN DRY RUN / SIMULATION MODE !!!
2025-12-14 21:04:29,991 [WARNING] No real orders will be placed.
2025-12-14 21:04:29,991 [WARNING] All generated orders will be IMMEIDATELY FILLED (Simulated).
2025-12-14 21:04:29,991 [WARNING] ==================================================[0m
2025-12-14 21:04:29,991 [INFO] --- GABAGOOL LITE INITIALIZATION ---
2025-12-14 21:04:29,996 [INFO] [ALERT] CLOB client authentifié initialisé sur https://clob.polymarket.com
2025-12-14 21:04:29,996 [WARNING] MODE LIVE - ORDRES RÉELS POSSIBLES
2025-12-14 21:04:29,996 [INFO] API Client Authenticated.
2025-12-14 21:04:29,996 [INFO] Orchestrator initialized. Dry Run: True
2025-12-14 21:04:31,537 [INFO] [ORCHESTRATOR] Adding new strategy: btc-updown-15m-1765742400
2025-12-14 21:04:34,898 [INFO] [Hybrid] d=+0.0 conf=0.00 bias=NEUTRAL fair=0.000 ask=0.000 edge=+0.000 state=IDLE
2025-12-14 21:04:34,898 [INFO] [btc-updown-15m-1765742400] IDLE | T-626s
  YES: bid=0.680 ask=0.690 | NO: bid=0.310 ask=0.320
  q_yes=0.00 q_no=0.00 | avg_yes=0.000 avg_no=0.000
  exposure=$0.00 | mtm_pnl=$+0.00 | locked=$+0.00
  exposure=$0.00 | mtm_pnl=$+0.00 | locked=$+0.00
  orders: 0 | fills: 0 ()
2025-12-14 21:04:36,812 [INFO] [btc-updown-15m-1765742400] Hybrid Tracking Start: BTC T0 = $88738.52
2025-12-14 21:04:37,486 [INFO] [Hybrid] d=+0.0 conf=0.00 bias=YES fair=0.699 ask=0.700 edge=-0.001 state=IDLE
2025-12-14 21:04:37,487 [INFO] [btc-updown-15m-1765742400] IDLE | T-623s
  YES: bid=0.690 ask=0.700 | NO: bid=0.300 ask=0.310
  q_yes=0.00 q_no=0.00 | avg_yes=0.000 avg_no=0.000
  exposure=$0.00 | mtm_pnl=$+0.00 | locked=$+0.00
  exposure=$0.00 | mtm_pnl=$+0.00 | locked=$+0.00
  orders: 0 | fills: 0 ()
2025-12-14 21:04:41,030 [INFO] [Hybrid] d=+0.0 conf=0.00 bias=YES fair=0.704 ask=0.710 edge=-0.006 state=IDLE
2025-12-14 21:04:41,030 [INFO] [btc-updown-15m-1765742400] IDLE | T-620s
  YES: bid=0.700 ask=0.710 | NO: bid=0.280 ask=0.290
  q_yes=0.00 q_no=0.00 | avg_yes=0.000 avg_no=0.000
  exposure=$0.00 | mtm_pnl=$+0.00 | locked=$+0.00
  exposure=$0.00 | mtm_pnl=$+0.00 | locked=$+0.00
  orders: 0 | fills: 0 ()
2025-12-14 21:04:43,655 [INFO] [Hybrid] d=-36.1 conf=0.24 bias=NO fair=0.294 ask=0.300 edge=-0.006 state=IDLE
2025-12-14 21:04:43,656 [INFO] [btc-updown-15m-1765742400] IDLE | T-617s
  YES: bid=0.700 ask=0.710 | NO: bid=0.290 ask=0.300
  q_yes=0.00 q_no=0.00 | avg_yes=0.000 avg_no=0.000
  exposure=$0.00 | mtm_pnl=$+0.00 | locked=$+0.00
  exposure=$0.00 | mtm_pnl=$+0.00 | locked=$+0.00
  orders: 0 | fills: 0 ()
2025-12-14 21:04:48,255 [INFO] [Hybrid] d=-36.1 conf=0.24 bias=NO fair=0.300 ask=0.300 edge=-0.000 state=IDLE
2025-12-14 21:04:48,255 [INFO] [btc-updown-15m-1765742400] IDLE | T-613s
  YES: bid=0.700 ask=0.710 | NO: bid=0.280 ask=0.300
  q_yes=0.00 q_no=0.00 | avg_yes=0.000 avg_no=0.000
  exposure=$0.00 | mtm_pnl=$+0.00 | locked=$+0.00
  exposure=$0.00 | mtm_pnl=$+0.00 | locked=$+0.00
  orders: 0 | fills: 0 ()
2025-12-14 21:04:50,904 [INFO] [Hybrid] d=-29.6 conf=0.20 bias=NO fair=0.292 ask=0.300 edge=-0.008 state=IDLE
2025-12-14 21:04:50,904 [INFO] [btc-updown-15m-1765742400] IDLE | T-609s
  YES: bid=0.700 ask=0.710 | NO: bid=0.290 ask=0.300
  q_yes=0.00 q_no=0.00 | avg_yes=0.000 avg_no=0.000
  exposure=$0.00 | mtm_pnl=$+0.00 | locked=$+0.00
  exposure=$0.00 | mtm_pnl=$+0.00 | locked=$+0.00
  orders: 0 | fills: 0 ()
2025-12-14 21:04:54,290 [INFO] [Hybrid] d=-29.6 conf=0.20 bias=NO fair=0.293 ask=0.300 edge=-0.007 state=IDLE
2025-12-14 21:04:54,290 [INFO] [btc-updown-15m-1765742400] IDLE | T-607s
  YES: bid=0.700 ask=0.710 | NO: bid=0.290 ask=0.300
  q_yes=0.00 q_no=0.00 | avg_yes=0.000 avg_no=0.000
  exposure=$0.00 | mtm_pnl=$+0.00 | locked=$+0.00
  exposure=$0.00 | mtm_pnl=$+0.00 | locked=$+0.00
  orders: 0 | fills: 0 ()
2025-12-14 21:04:56,898 [INFO] [Hybrid] d=-29.6 conf=0.20 bias=NO fair=0.292 ask=0.300 edge=-0.008 state=IDLE
2025-12-14 21:04:56,898 [INFO] [btc-updown-15m-1765742400] IDLE | T-603s
  YES: bid=0.700 ask=0.710 | NO: bid=0.290 ask=0.300
  q_yes=0.00 q_no=0.00 | avg_yes=0.000 avg_no=0.000
  exposure=$0.00 | mtm_pnl=$+0.00 | locked=$+0.00
  exposure=$0.00 | mtm_pnl=$+0.00 | locked=$+0.00
  orders: 0 | fills: 0 ()
2025-12-14 21:05:01,624 [INFO] [Hybrid] d=-29.6 conf=0.20 bias=NO fair=0.295 ask=0.300 edge=-0.005 state=IDLE
2025-12-14 21:05:01,624 [INFO] [btc-updown-15m-1765742400] IDLE | T-599s
  YES: bid=0.700 ask=0.710 | NO: bid=0.290 ask=0.300
  q_yes=0.00 q_no=0.00 | avg_yes=0.000 avg_no=0.000
  exposure=$0.00 | mtm_pnl=$+0.00 | locked=$+0.00
  exposure=$0.00 | mtm_pnl=$+0.00 | locked=$+0.00
  orders: 0 | fills: 0 ()
2025-12-14 21:05:04,249 [INFO] [Hybrid] d=-29.6 conf=0.20 bias=NO fair=0.300 ask=0.310 edge=-0.010 state=IDLE
2025-12-14 21:05:04,249 [INFO] [btc-updown-15m-1765742400] IDLE | T-596s
  YES: bid=0.690 ask=0.700 | NO: bid=0.300 ask=0.310
  q_yes=0.00 q_no=0.00 | avg_yes=0.000 avg_no=0.000
  exposure=$0.00 | mtm_pnl=$+0.00 | locked=$+0.00
  exposure=$0.00 | mtm_pnl=$+0.00 | locked=$+0.00
  orders: 0 | fills: 0 ()
2025-12-14 21:05:07,522 [INFO] [Hybrid] d=-29.6 conf=0.20 bias=NO fair=0.301 ask=0.310 edge=-0.009 state=IDLE
2025-12-14 21:05:07,522 [INFO] [btc-updown-15m-1765742400] IDLE | T-593s
  YES: bid=0.690 ask=0.700 | NO: bid=0.300 ask=0.310
  q_yes=0.00 q_no=0.00 | avg_yes=0.000 avg_no=0.000
  exposure=$0.00 | mtm_pnl=$+0.00 | locked=$+0.00
  exposure=$0.00 | mtm_pnl=$+0.00 | locked=$+0.00
  orders: 0 | fills: 0 ()
2025-12-14 21:05:10,218 [INFO] [Hybrid] d=-29.6 conf=0.20 bias=NO fair=0.262 ask=0.270 edge=-0.008 state=IDLE
2025-12-14 21:05:10,218 [INFO] [btc-updown-15m-1765742400] IDLE | T-590s
  YES: bid=0.730 ask=0.740 | NO: bid=0.260 ask=0.270
  q_yes=0.00 q_no=0.00 | avg_yes=0.000 avg_no=0.000
  exposure=$0.00 | mtm_pnl=$+0.00 | locked=$+0.00
  exposure=$0.00 | mtm_pnl=$+0.00 | locked=$+0.00
  orders: 0 | fills: 0 ()
2025-12-14 21:05:14,949 [INFO] [Hybrid] d=-29.6 conf=0.20 bias=NO fair=0.259 ask=0.260 edge=-0.001 state=IDLE
2025-12-14 21:05:14,949 [INFO] [btc-updown-15m-1765742400] IDLE | T-586s
  YES: bid=0.740 ask=0.750 | NO: bid=0.240 ask=0.260
  q_yes=0.00 q_no=0.00 | avg_yes=0.000 avg_no=0.000
  exposure=$0.00 | mtm_pnl=$+0.00 | locked=$+0.00
  exposure=$0.00 | mtm_pnl=$+0.00 | locked=$+0.00
  orders: 0 | fills: 0 ()
2025-12-14 21:05:17,747 [INFO] [Hybrid] d=-29.6 conf=0.20 bias=NO fair=0.249 ask=0.250 edge=-0.001 state=IDLE
2025-12-14 21:05:17,747 [INFO] [btc-updown-15m-1765742400] IDLE | T-582s
  YES: bid=0.750 ask=0.760 | NO: bid=0.240 ask=0.250
  q_yes=0.00 q_no=0.00 | avg_yes=0.000 avg_no=0.000
  exposure=$0.00 | mtm_pnl=$+0.00 | locked=$+0.00
  exposure=$0.00 | mtm_pnl=$+0.00 | locked=$+0.00
  orders: 0 | fills: 0 ()
2025-12-14 21:05:20,968 [INFO] [Hybrid] d=-29.6 conf=0.20 bias=NO fair=0.248 ask=0.250 edge=-0.002 state=IDLE
2025-12-14 21:05:20,968 [INFO] [btc-updown-15m-1765742400] IDLE | T-580s
  YES: bid=0.750 ask=0.760 | NO: bid=0.240 ask=0.250
  q_yes=0.00 q_no=0.00 | avg_yes=0.000 avg_no=0.000
  exposure=$0.00 | mtm_pnl=$+0.00 | locked=$+0.00
  exposure=$0.00 | mtm_pnl=$+0.00 | locked=$+0.00
  orders: 0 | fills: 0 ()
2025-12-14 21:05:23,752 [INFO] [Hybrid] d=-29.6 conf=0.20 bias=NO fair=0.248 ask=0.250 edge=-0.002 state=IDLE
2025-12-14 21:05:23,752 [INFO] [btc-updown-15m-1765742400] IDLE | T-576s
  YES: bid=0.750 ask=0.760 | NO: bid=0.240 ask=0.250
  q_yes=0.00 q_no=0.00 | avg_yes=0.000 avg_no=0.000
  exposure=$0.00 | mtm_pnl=$+0.00 | locked=$+0.00
  exposure=$0.00 | mtm_pnl=$+0.00 | locked=$+0.00
  orders: 0 | fills: 0 ()
2025-12-14 21:05:28,674 [INFO] [Hybrid] d=-29.6 conf=0.20 bias=NO fair=0.267 ask=0.270 edge=-0.003 state=IDLE
2025-12-14 21:05:28,674 [INFO] [btc-updown-15m-1765742400] IDLE | T-572s
  YES: bid=0.730 ask=0.740 | NO: bid=0.260 ask=0.270
  q_yes=0.00 q_no=0.00 | avg_yes=0.000 avg_no=0.000
  exposure=$0.00 | mtm_pnl=$+0.00 | locked=$+0.00
  exposure=$0.00 | mtm_pnl=$+0.00 | locked=$+0.00
  orders: 0 | fills: 0 ()
2025-12-14 21:05:31,358 [INFO] [Hybrid] d=-17.7 conf=0.12 bias=NO fair=0.263 ask=0.270 edge=-0.007 state=IDLE
2025-12-14 21:05:31,358 [INFO] [btc-updown-15m-1765742400] IDLE | T-569s
  YES: bid=0.730 ask=0.740 | NO: bid=0.260 ask=0.270
  q_yes=0.00 q_no=0.00 | avg_yes=0.000 avg_no=0.000
  exposure=$0.00 | mtm_pnl=$+0.00 | locked=$+0.00
  exposure=$0.00 | mtm_pnl=$+0.00 | locked=$+0.00
  orders: 0 | fills: 0 ()
2025-12-14 21:05:34,746 [INFO] [Hybrid] d=-17.7 conf=0.12 bias=NO fair=0.298 ask=0.300 edge=-0.002 state=IDLE
2025-12-14 21:05:34,746 [INFO] [btc-updown-15m-1765742400] IDLE | T-566s
  YES: bid=0.700 ask=0.740 | NO: bid=0.290 ask=0.300
  q_yes=0.00 q_no=0.00 | avg_yes=0.000 avg_no=0.000
  exposure=$0.00 | mtm_pnl=$+0.00 | locked=$+0.00
  exposure=$0.00 | mtm_pnl=$+0.00 | locked=$+0.00
  orders: 0 | fills: 0 ()
2025-12-14 21:05:37,770 [INFO] [Hybrid] d=-16.8 conf=0.11 bias=NO fair=0.323 ask=0.330 edge=-0.007 state=IDLE
2025-12-14 21:05:37,770 [INFO] [btc-updown-15m-1765742400] IDLE | T-563s
  YES: bid=0.670 ask=0.680 | NO: bid=0.310 ask=0.330
  q_yes=0.00 q_no=0.00 | avg_yes=0.000 avg_no=0.000
  exposure=$0.00 | mtm_pnl=$+0.00 | locked=$+0.00
  exposure=$0.00 | mtm_pnl=$+0.00 | locked=$+0.00
  orders: 0 | fills: 0 ()
2025-12-14 21:05:42,733 [INFO] [Hybrid] d=-16.8 conf=0.11 bias=NO fair=0.295 ask=0.300 edge=-0.005 state=IDLE
2025-12-14 21:05:42,733 [INFO] [btc-updown-15m-1765742400] IDLE | T-558s
  YES: bid=0.700 ask=0.710 | NO: bid=0.290 ask=0.300
  q_yes=0.00 q_no=0.00 | avg_yes=0.000 avg_no=0.000
  exposure=$0.00 | mtm_pnl=$+0.00 | locked=$+0.00
  exposure=$0.00 | mtm_pnl=$+0.00 | locked=$+0.00
  orders: 0 | fills: 0 ()
2025-12-14 21:05:45,531 [INFO] [Hybrid] d=-27.8 conf=0.18 bias=NO fair=0.294 ask=0.300 edge=-0.006 state=IDLE
2025-12-14 21:05:45,531 [INFO] [btc-updown-15m-1765742400] IDLE | T-555s
  YES: bid=0.700 ask=0.710 | NO: bid=0.290 ask=0.300
  q_yes=0.00 q_no=0.00 | avg_yes=0.000 avg_no=0.000
  exposure=$0.00 | mtm_pnl=$+0.00 | locked=$+0.00
  exposure=$0.00 | mtm_pnl=$+0.00 | locked=$+0.00
  orders: 0 | fills: 0 ()
2025-12-14 21:05:48,855 [INFO] [Hybrid] d=-27.8 conf=0.18 bias=NO fair=0.295 ask=0.300 edge=-0.005 state=IDLE
2025-12-14 21:05:48,855 [INFO] [btc-updown-15m-1765742400] IDLE | T-552s
  YES: bid=0.700 ask=0.710 | NO: bid=0.290 ask=0.300
  q_yes=0.00 q_no=0.00 | avg_yes=0.000 avg_no=0.000
  exposure=$0.00 | mtm_pnl=$+0.00 | locked=$+0.00
  exposure=$0.00 | mtm_pnl=$+0.00 | locked=$+0.00
  orders: 0 | fills: 0 ()
2025-12-14 21:05:51,473 [INFO] [Hybrid] d=-27.8 conf=0.18 bias=NO fair=0.294 ask=0.300 edge=-0.006 state=IDLE
2025-12-14 21:05:51,473 [INFO] [btc-updown-15m-1765742400] IDLE | T-549s
  YES: bid=0.700 ask=0.710 | NO: bid=0.290 ask=0.300
  q_yes=0.00 q_no=0.00 | avg_yes=0.000 avg_no=0.000
  exposure=$0.00 | mtm_pnl=$+0.00 | locked=$+0.00
  exposure=$0.00 | mtm_pnl=$+0.00 | locked=$+0.00
  orders: 0 | fills: 0 ()
2025-12-14 21:05:56,413 [INFO] [Hybrid] d=-27.8 conf=0.18 bias=NO fair=0.298 ask=0.300 edge=-0.002 state=IDLE
2025-12-14 21:05:56,413 [INFO] [btc-updown-15m-1765742400] IDLE | T-544s
  YES: bid=0.700 ask=0.710 | NO: bid=0.290 ask=0.300
  q_yes=0.00 q_no=0.00 | avg_yes=0.000 avg_no=0.000
  exposure=$0.00 | mtm_pnl=$+0.00 | locked=$+0.00
  exposure=$0.00 | mtm_pnl=$+0.00 | locked=$+0.00
  orders: 0 | fills: 0 ()
2025-12-14 21:05:59,044 [INFO] [Hybrid] d=-31.5 conf=0.21 bias=NO fair=0.291 ask=0.300 edge=-0.009 state=IDLE
2025-12-14 21:05:59,044 [INFO] [btc-updown-15m-1765742400] IDLE | T-541s
  YES: bid=0.700 ask=0.710 | NO: bid=0.290 ask=0.300
  q_yes=0.00 q_no=0.00 | avg_yes=0.000 avg_no=0.000
  exposure=$0.00 | mtm_pnl=$+0.00 | locked=$+0.00
  exposure=$0.00 | mtm_pnl=$+0.00 | locked=$+0.00
  orders: 0 | fills: 0 ()
2025-12-14 21:06:02,392 [INFO] [Hybrid] d=-31.5 conf=0.21 bias=NO fair=0.281 ask=0.290 edge=-0.009 state=IDLE
2025-12-14 21:06:02,393 [INFO] [btc-updown-15m-1765742400] IDLE | T-539s
  YES: bid=0.710 ask=0.720 | NO: bid=0.280 ask=0.290
  q_yes=0.00 q_no=0.00 | avg_yes=0.000 avg_no=0.000
  exposure=$0.00 | mtm_pnl=$+0.00 | locked=$+0.00
  exposure=$0.00 | mtm_pnl=$+0.00 | locked=$+0.00
  orders: 0 | fills: 0 ()
2025-12-14 21:06:04,971 [INFO] [Hybrid] d=-29.1 conf=0.19 bias=NO fair=0.274 ask=0.280 edge=-0.006 state=IDLE
2025-12-14 21:06:04,972 [INFO] [btc-updown-15m-1765742400] IDLE | T-535s
  YES: bid=0.720 ask=0.730 | NO: bid=0.270 ask=0.280
  q_yes=0.00 q_no=0.00 | avg_yes=0.000 avg_no=0.000
  exposure=$0.00 | mtm_pnl=$+0.00 | locked=$+0.00
  exposure=$0.00 | mtm_pnl=$+0.00 | locked=$+0.00
  orders: 0 | fills: 0 ()
2025-12-14 21:06:09,993 [INFO] [Hybrid] d=-29.1 conf=0.19 bias=NO fair=0.299 ask=0.300 edge=-0.001 state=IDLE
2025-12-14 21:06:09,993 [INFO] [btc-updown-15m-1765742400] IDLE | T-531s
  YES: bid=0.700 ask=0.710 | NO: bid=0.280 ask=0.300
  q_yes=0.00 q_no=0.00 | avg_yes=0.000 avg_no=0.000
  exposure=$0.00 | mtm_pnl=$+0.00 | locked=$+0.00
  exposure=$0.00 | mtm_pnl=$+0.00 | locked=$+0.00
  orders: 0 | fills: 0 ()
2025-12-14 21:06:12,782 [INFO] [Hybrid] d=-28.5 conf=0.19 bias=NO fair=0.261 ask=0.270 edge=-0.009 state=IDLE
2025-12-14 21:06:12,783 [INFO] [btc-updown-15m-1765742400] IDLE | T-527s
  YES: bid=0.730 ask=0.740 | NO: bid=0.260 ask=0.270
  q_yes=0.00 q_no=0.00 | avg_yes=0.000 avg_no=0.000
  exposure=$0.00 | mtm_pnl=$+0.00 | locked=$+0.00
  exposure=$0.00 | mtm_pnl=$+0.00 | locked=$+0.00
  orders: 0 | fills: 0 ()
2025-12-14 21:06:16,238 [INFO] [Hybrid] d=-28.5 conf=0.19 bias=NO fair=0.281 ask=0.290 edge=-0.009 state=IDLE
2025-12-14 21:06:16,238 [INFO] [btc-updown-15m-1765742400] IDLE | T-525s
  YES: bid=0.710 ask=0.720 | NO: bid=0.280 ask=0.290
  q_yes=0.00 q_no=0.00 | avg_yes=0.000 avg_no=0.000
  exposure=$0.00 | mtm_pnl=$+0.00 | locked=$+0.00
  exposure=$0.00 | mtm_pnl=$+0.00 | locked=$+0.00
  orders: 0 | fills: 0 ()
2025-12-14 21:06:19,066 [INFO] [Hybrid] d=-28.5 conf=0.19 bias=NO fair=0.273 ask=0.290 edge=-0.017 state=IDLE
2025-12-14 21:06:19,066 [INFO] [btc-updown-15m-1765742400] IDLE | T-521s
  YES: bid=0.710 ask=0.730 | NO: bid=0.270 ask=0.290
  q_yes=0.00 q_no=0.00 | avg_yes=0.000 avg_no=0.000
  exposure=$0.00 | mtm_pnl=$+0.00 | locked=$+0.00
  exposure=$0.00 | mtm_pnl=$+0.00 | locked=$+0.00
  orders: 0 | fills: 0 ()
2025-12-14 21:06:23,866 [INFO] [Hybrid] d=-28.5 conf=0.19 bias=NO fair=0.265 ask=0.270 edge=-0.005 state=IDLE
2025-12-14 21:06:23,867 [INFO] [btc-updown-15m-1765742400] IDLE | T-517s
  YES: bid=0.730 ask=0.740 | NO: bid=0.260 ask=0.270
  q_yes=0.00 q_no=0.00 | avg_yes=0.000 avg_no=0.000
  exposure=$0.00 | mtm_pnl=$+0.00 | locked=$+0.00
  exposure=$0.00 | mtm_pnl=$+0.00 | locked=$+0.00
  orders: 0 | fills: 0 ()
2025-12-14 21:06:26,453 [INFO] [Hybrid] d=-28.5 conf=0.19 bias=NO fair=0.264 ask=0.270 edge=-0.006 state=IDLE
2025-12-14 21:06:26,454 [INFO] [btc-updown-15m-1765742400] IDLE | T-514s
  YES: bid=0.730 ask=0.740 | NO: bid=0.250 ask=0.270
  q_yes=0.00 q_no=0.00 | avg_yes=0.000 avg_no=0.000
  exposure=$0.00 | mtm_pnl=$+0.00 | locked=$+0.00
  exposure=$0.00 | mtm_pnl=$+0.00 | locked=$+0.00
  orders: 0 | fills: 0 ()
2025-12-14 21:06:29,682 [INFO] [Hybrid] d=-28.5 conf=0.19 bias=NO fair=0.268 ask=0.270 edge=-0.002 state=IDLE
2025-12-14 21:06:29,683 [INFO] [btc-updown-15m-1765742400] IDLE | T-511s
  YES: bid=0.730 ask=0.750 | NO: bid=0.250 ask=0.270
  q_yes=0.00 q_no=0.00 | avg_yes=0.000 avg_no=0.000
  exposure=$0.00 | mtm_pnl=$+0.00 | locked=$+0.00
  exposure=$0.00 | mtm_pnl=$+0.00 | locked=$+0.00
  orders: 0 | fills: 0 ()
2025-12-14 21:06:32,366 [INFO] [Hybrid] d=-29.6 conf=0.20 bias=NO fair=0.262 ask=0.270 edge=-0.008 state=IDLE
2025-12-14 21:06:32,367 [INFO] [btc-updown-15m-1765742400] IDLE | T-508s
  YES: bid=0.730 ask=0.740 | NO: bid=0.260 ask=0.270
  q_yes=0.00 q_no=0.00 | avg_yes=0.000 avg_no=0.000
  exposure=$0.00 | mtm_pnl=$+0.00 | locked=$+0.00
  exposure=$0.00 | mtm_pnl=$+0.00 | locked=$+0.00
  orders: 0 | fills: 0 ()
2025-12-14 21:06:36,948 [INFO] [Hybrid] d=-29.6 conf=0.20 bias=NO fair=0.237 ask=0.240 edge=-0.003 state=IDLE
2025-12-14 21:06:36,949 [INFO] [btc-updown-15m-1765742400] IDLE | T-504s
  YES: bid=0.760 ask=0.770 | NO: bid=0.230 ask=0.240
  q_yes=0.00 q_no=0.00 | avg_yes=0.000 avg_no=0.000
  exposure=$0.00 | mtm_pnl=$+0.00 | locked=$+0.00
  exposure=$0.00 | mtm_pnl=$+0.00 | locked=$+0.00
  orders: 0 | fills: 0 ()
2025-12-14 21:06:39,665 [INFO] [Hybrid] d=-29.6 conf=0.20 bias=NO fair=0.236 ask=0.240 edge=-0.004 state=IDLE
2025-12-14 21:06:39,665 [INFO] [btc-updown-15m-1765742400] IDLE | T-501s
  YES: bid=0.760 ask=0.770 | NO: bid=0.230 ask=0.240
  q_yes=0.00 q_no=0.00 | avg_yes=0.000 avg_no=0.000
  exposure=$0.00 | mtm_pnl=$+0.00 | locked=$+0.00
  exposure=$0.00 | mtm_pnl=$+0.00 | locked=$+0.00
  orders: 0 | fills: 0 ()
2025-12-14 21:06:43,215 [INFO] [Hybrid] d=-29.6 conf=0.20 bias=NO fair=0.247 ask=0.270 edge=-0.023 state=IDLE
2025-12-14 21:06:43,216 [INFO] [btc-updown-15m-1765742400] IDLE | T-498s
  YES: bid=0.730 ask=0.750 | NO: bid=0.240 ask=0.270
  q_yes=0.00 q_no=0.00 | avg_yes=0.000 avg_no=0.000
  exposure=$0.00 | mtm_pnl=$+0.00 | locked=$+0.00
  exposure=$0.00 | mtm_pnl=$+0.00 | locked=$+0.00
  orders: 0 | fills: 0 ()
2025-12-14 21:06:45,895 [INFO] [Hybrid] d=-24.5 conf=0.16 bias=NO fair=0.251 ask=0.260 edge=-0.009 state=IDLE
2025-12-14 21:06:45,895 [INFO] [btc-updown-15m-1765742400] IDLE | T-494s
  YES: bid=0.740 ask=0.750 | NO: bid=0.250 ask=0.260
  q_yes=0.00 q_no=0.00 | avg_yes=0.000 avg_no=0.000
  exposure=$0.00 | mtm_pnl=$+0.00 | locked=$+0.00
  exposure=$0.00 | mtm_pnl=$+0.00 | locked=$+0.00
  orders: 0 | fills: 0 ()
2025-12-14 21:06:50,626 [INFO] [Hybrid] d=-24.5 conf=0.16 bias=NO fair=0.247 ask=0.250 edge=-0.003 state=IDLE
2025-12-14 21:06:50,628 [INFO] [btc-updown-15m-1765742400] IDLE | T-490s
  YES: bid=0.750 ask=0.770 | NO: bid=0.230 ask=0.250
  q_yes=0.00 q_no=0.00 | avg_yes=0.000 avg_no=0.000
  exposure=$0.00 | mtm_pnl=$+0.00 | locked=$+0.00
  exposure=$0.00 | mtm_pnl=$+0.00 | locked=$+0.00
  orders: 0 | fills: 0 ()
2025-12-14 21:06:53,322 [INFO] [Hybrid] d=-19.3 conf=0.13 bias=NO fair=0.240 ask=0.240 edge=-0.000 state=IDLE
2025-12-14 21:06:53,322 [INFO] [btc-updown-15m-1765742400] IDLE | T-487s
  YES: bid=0.760 ask=0.770 | NO: bid=0.230 ask=0.240
  q_yes=0.00 q_no=0.00 | avg_yes=0.000 avg_no=0.000
  exposure=$0.00 | mtm_pnl=$+0.00 | locked=$+0.00
  exposure=$0.00 | mtm_pnl=$+0.00 | locked=$+0.00
  orders: 0 | fills: 0 ()
2025-12-14 21:06:56,666 [INFO] [Hybrid] d=-19.3 conf=0.13 bias=NO fair=0.266 ask=0.270 edge=-0.004 state=IDLE
2025-12-14 21:06:56,666 [INFO] [btc-updown-15m-1765742400] IDLE | T-484s
  YES: bid=0.730 ask=0.740 | NO: bid=0.260 ask=0.270
  q_yes=0.00 q_no=0.00 | avg_yes=0.000 avg_no=0.000
  exposure=$0.00 | mtm_pnl=$+0.00 | locked=$+0.00
  exposure=$0.00 | mtm_pnl=$+0.00 | locked=$+0.00
  orders: 0 | fills: 0 ()
2025-12-14 21:06:59,381 [INFO] [Hybrid] d=-27.4 conf=0.18 bias=NO fair=0.270 ask=0.270 edge=-0.000 state=IDLE
2025-12-14 21:06:59,381 [INFO] [btc-updown-15m-1765742400] IDLE | T-481s
  YES: bid=0.730 ask=0.740 | NO: bid=0.260 ask=0.270
  q_yes=0.00 q_no=0.00 | avg_yes=0.000 avg_no=0.000
  exposure=$0.00 | mtm_pnl=$+0.00 | locked=$+0.00
  exposure=$0.00 | mtm_pnl=$+0.00 | locked=$+0.00
  orders: 0 | fills: 0 ()
2025-12-14 21:07:04,105 [INFO] [Hybrid] d=-27.4 conf=0.18 bias=NO fair=0.286 ask=0.290 edge=-0.004 state=IDLE
2025-12-14 21:07:04,105 [INFO] [btc-updown-15m-1765742400] IDLE | T-477s
  YES: bid=0.700 ask=0.720 | NO: bid=0.280 ask=0.290
  q_yes=0.00 q_no=0.00 | avg_yes=0.000 avg_no=0.000
  exposure=$0.00 | mtm_pnl=$+0.00 | locked=$+0.00
  exposure=$0.00 | mtm_pnl=$+0.00 | locked=$+0.00
  orders: 0 | fills: 0 ()
2025-12-14 21:07:06,792 [INFO] [Hybrid] d=-27.5 conf=0.18 bias=NO fair=0.298 ask=0.300 edge=-0.002 state=IDLE
2025-12-14 21:07:06,792 [INFO] [btc-updown-15m-1765742400] IDLE | T-473s
  YES: bid=0.700 ask=0.710 | NO: bid=0.290 ask=0.300
  q_yes=0.00 q_no=0.00 | avg_yes=0.000 avg_no=0.000
  exposure=$0.00 | mtm_pnl=$+0.00 | locked=$+0.00
  exposure=$0.00 | mtm_pnl=$+0.00 | locked=$+0.00
  orders: 0 | fills: 0 ()
2025-12-14 21:07:10,024 [INFO] [Hybrid] d=-27.5 conf=0.18 bias=NO fair=0.361 ask=0.370 edge=-0.009 state=IDLE
2025-12-14 21:07:10,024 [INFO] [btc-updown-15m-1765742400] IDLE | T-471s
  YES: bid=0.630 ask=0.640 | NO: bid=0.360 ask=0.370
  q_yes=0.00 q_no=0.00 | avg_yes=0.000 avg_no=0.000
  exposure=$0.00 | mtm_pnl=$+0.00 | locked=$+0.00
  exposure=$0.00 | mtm_pnl=$+0.00 | locked=$+0.00
  orders: 0 | fills: 0 ()
2025-12-14 21:07:12,737 [INFO] [Hybrid] d=-32.9 conf=0.22 bias=NO fair=0.378 ask=0.380 edge=-0.002 state=IDLE
2025-12-14 21:07:12,737 [INFO] [btc-updown-15m-1765742400] IDLE | T-467s
  YES: bid=0.620 ask=0.630 | NO: bid=0.370 ask=0.380
  q_yes=0.00 q_no=0.00 | avg_yes=0.000 avg_no=0.000
  exposure=$0.00 | mtm_pnl=$+0.00 | locked=$+0.00
  exposure=$0.00 | mtm_pnl=$+0.00 | locked=$+0.00
  orders: 0 | fills: 0 ()
2025-12-14 21:07:17,438 [INFO] [Hybrid] d=-32.9 conf=0.22 bias=NO fair=0.523 ask=0.540 edge=-0.017 state=IDLE
2025-12-14 21:07:17,438 [INFO] [btc-updown-15m-1765742400] IDLE | T-463s
  YES: bid=0.460 ask=0.470 | NO: bid=0.520 ask=0.540
  q_yes=0.00 q_no=0.00 | avg_yes=0.000 avg_no=0.000
  exposure=$0.00 | mtm_pnl=$+0.00 | locked=$+0.00
  exposure=$0.00 | mtm_pnl=$+0.00 | locked=$+0.00
  orders: 0 | fills: 0 ()
2025-12-14 21:07:20,273 [INFO] [Hybrid] d=-27.5 conf=0.18 bias=NO fair=0.596 ask=0.600 edge=-0.004 state=IDLE
2025-12-14 21:07:20,273 [INFO] [btc-updown-15m-1765742400] IDLE | T-460s
  YES: bid=0.390 ask=0.400 | NO: bid=0.590 ask=0.600
  q_yes=0.00 q_no=0.00 | avg_yes=0.000 avg_no=0.000
  exposure=$0.00 | mtm_pnl=$+0.00 | locked=$+0.00
  exposure=$0.00 | mtm_pnl=$+0.00 | locked=$+0.00
  orders: 0 | fills: 0 ()
2025-12-14 21:07:23,689 [INFO] [Hybrid] d=-27.5 conf=0.18 bias=NO fair=0.567 ask=0.570 edge=-0.003 state=IDLE
2025-12-14 21:07:23,689 [INFO] [btc-updown-15m-1765742400] IDLE | T-457s
  YES: bid=0.430 ask=0.440 | NO: bid=0.560 ask=0.570
  q_yes=0.00 q_no=0.00 | avg_yes=0.000 avg_no=0.000
  exposure=$0.00 | mtm_pnl=$+0.00 | locked=$+0.00
  exposure=$0.00 | mtm_pnl=$+0.00 | locked=$+0.00
  orders: 0 | fills: 0 ()
2025-12-14 21:07:26,362 [INFO] [Hybrid] d=-53.8 conf=0.36 bias=NO fair=0.634 ask=0.640 edge=-0.006 state=IDLE
2025-12-14 21:07:26,362 [INFO] [btc-updown-15m-1765742400] IDLE | T-454s
  YES: bid=0.380 ask=0.390 | NO: bid=0.630 ask=0.640
  q_yes=0.00 q_no=0.00 | avg_yes=0.000 avg_no=0.000
  exposure=$0.00 | mtm_pnl=$+0.00 | locked=$+0.00
  exposure=$0.00 | mtm_pnl=$+0.00 | locked=$+0.00
  orders: 0 | fills: 0 ()
2025-12-14 21:07:31,188 [INFO] [Hybrid] d=-53.8 conf=0.36 bias=NO fair=0.704 ask=0.710 edge=-0.006 state=IDLE
2025-12-14 21:07:31,189 [INFO] [btc-updown-15m-1765742400] IDLE | T-450s
  YES: bid=0.290 ask=0.310 | NO: bid=0.700 ask=0.710
  q_yes=0.00 q_no=0.00 | avg_yes=0.000 avg_no=0.000
  exposure=$0.00 | mtm_pnl=$+0.00 | locked=$+0.00
  exposure=$0.00 | mtm_pnl=$+0.00 | locked=$+0.00
  orders: 0 | fills: 0 ()
2025-12-14 21:07:33,839 [INFO] [Hybrid] d=-95.8 conf=0.64 bias=NO fair=0.669 ask=0.670 edge=-0.001 state=IDLE
2025-12-14 21:07:33,840 [INFO] [btc-updown-15m-1765742400] IDLE | T-446s
  YES: bid=0.280 ask=0.340 | NO: bid=0.660 ask=0.670
  q_yes=0.00 q_no=0.00 | avg_yes=0.000 avg_no=0.000
  exposure=$0.00 | mtm_pnl=$+0.00 | locked=$+0.00
  exposure=$0.00 | mtm_pnl=$+0.00 | locked=$+0.00
  orders: 0 | fills: 0 ()
2025-12-14 21:07:37,325 [INFO] [Hybrid] d=-95.8 conf=0.64 bias=NO fair=0.691 ask=0.700 edge=-0.009 state=IDLE
2025-12-14 21:07:37,325 [INFO] [btc-updown-15m-1765742400] IDLE | T-444s
  YES: bid=0.310 ask=0.320 | NO: bid=0.690 ask=0.700
  q_yes=0.00 q_no=0.00 | avg_yes=0.000 avg_no=0.000
  exposure=$0.00 | mtm_pnl=$+0.00 | locked=$+0.00
  exposure=$0.00 | mtm_pnl=$+0.00 | locked=$+0.00
  orders: 0 | fills: 0 ()
2025-12-14 21:07:40,025 [INFO] [Hybrid] d=-95.8 conf=0.64 bias=NO fair=0.745 ask=0.750 edge=-0.005 state=IDLE
2025-12-14 21:07:40,026 [INFO] [btc-updown-15m-1765742400] IDLE | T-440s
  YES: bid=0.250 ask=0.260 | NO: bid=0.740 ask=0.750
  q_yes=0.00 q_no=0.00 | avg_yes=0.000 avg_no=0.000
  exposure=$0.00 | mtm_pnl=$+0.00 | locked=$+0.00
  exposure=$0.00 | mtm_pnl=$+0.00 | locked=$+0.00
  orders: 0 | fills: 0 ()
2025-12-14 21:07:44,780 [INFO] [Hybrid] d=-95.8 conf=0.64 bias=NO fair=0.779 ask=0.790 edge=-0.011 state=IDLE
2025-12-14 21:07:44,780 [INFO] [btc-updown-15m-1765742400] IDLE | T-436s
  YES: bid=0.210 ask=0.230 | NO: bid=0.770 ask=0.790
  q_yes=0.00 q_no=0.00 | avg_yes=0.000 avg_no=0.000
  exposure=$0.00 | mtm_pnl=$+0.00 | locked=$+0.00
  exposure=$0.00 | mtm_pnl=$+0.00 | locked=$+0.00
  orders: 0 | fills: 0 ()
2025-12-14 21:07:47,333 [INFO] [Hybrid] d=-118.5 conf=0.79 bias=NO fair=0.789 ask=0.790 edge=-0.001 state=IDLE
2025-12-14 21:07:47,334 [INFO] [btc-updown-15m-1765742400] IDLE | T-433s
  YES: bid=0.220 ask=0.230 | NO: bid=0.780 ask=0.790
  q_yes=0.00 q_no=0.00 | avg_yes=0.000 avg_no=0.000
  exposure=$0.00 | mtm_pnl=$+0.00 | locked=$+0.00
  exposure=$0.00 | mtm_pnl=$+0.00 | locked=$+0.00
  orders: 0 | fills: 0 ()
2025-12-14 21:07:50,668 [INFO] [Hybrid] d=-118.5 conf=0.79 bias=NO fair=0.790 ask=0.800 edge=-0.010 state=IDLE
2025-12-14 21:07:50,668 [INFO] [btc-updown-15m-1765742400] IDLE | T-430s
  YES: bid=0.200 ask=0.210 | NO: bid=0.790 ask=0.800
  q_yes=0.00 q_no=0.00 | avg_yes=0.000 avg_no=0.000
  exposure=$0.00 | mtm_pnl=$+0.00 | locked=$+0.00
  exposure=$0.00 | mtm_pnl=$+0.00 | locked=$+0.00
  orders: 0 | fills: 0 ()
2025-12-14 21:07:53,375 [INFO] [Hybrid] d=-128.8 conf=0.86 bias=NO fair=0.793 ask=0.800 edge=-0.007 state=IDLE
2025-12-14 21:07:53,375 [INFO] [btc-updown-15m-1765742400] IDLE | T-427s
  YES: bid=0.200 ask=0.210 | NO: bid=0.790 ask=0.800
  q_yes=0.00 q_no=0.00 | avg_yes=0.000 avg_no=0.000
  exposure=$0.00 | mtm_pnl=$+0.00 | locked=$+0.00
  exposure=$0.00 | mtm_pnl=$+0.00 | locked=$+0.00
  orders: 0 | fills: 0 ()
2025-12-14 21:07:58,014 [INFO] [Hybrid] d=-128.8 conf=0.86 bias=NO fair=0.738 ask=0.750 edge=-0.012 state=IDLE
2025-12-14 21:07:58,014 [INFO] [btc-updown-15m-1765742400] IDLE | T-423s
  YES: bid=0.260 ask=0.280 | NO: bid=0.730 ask=0.750
  q_yes=0.00 q_no=0.00 | avg_yes=0.000 avg_no=0.000
  exposure=$0.00 | mtm_pnl=$+0.00 | locked=$+0.00
  exposure=$0.00 | mtm_pnl=$+0.00 | locked=$+0.00
  orders: 0 | fills: 0 ()
2025-12-14 21:08:00,603 [INFO] [Hybrid] d=-128.8 conf=0.86 bias=NO fair=0.732 ask=0.740 edge=-0.008 state=IDLE
2025-12-14 21:08:00,603 [INFO] [btc-updown-15m-1765742400] IDLE | T-420s
  YES: bid=0.250 ask=0.270 | NO: bid=0.730 ask=0.740
  q_yes=0.00 q_no=0.00 | avg_yes=0.000 avg_no=0.000
  exposure=$0.00 | mtm_pnl=$+0.00 | locked=$+0.00
  exposure=$0.00 | mtm_pnl=$+0.00 | locked=$+0.00
  orders: 0 | fills: 0 ()
2025-12-14 21:08:03,943 [INFO] [Hybrid] d=-128.8 conf=0.86 bias=NO fair=0.735 ask=0.750 edge=-0.015 state=IDLE
2025-12-14 21:08:03,943 [INFO] [btc-updown-15m-1765742400] IDLE | T-417s
  YES: bid=0.250 ask=0.270 | NO: bid=0.730 ask=0.750
  q_yes=0.00 q_no=0.00 | avg_yes=0.000 avg_no=0.000
  exposure=$0.00 | mtm_pnl=$+0.00 | locked=$+0.00
  exposure=$0.00 | mtm_pnl=$+0.00 | locked=$+0.00
  orders: 0 | fills: 0 ()
2025-12-14 21:08:06,558 [INFO] [Hybrid] d=-172.9 conf=1.00 bias=NO fair=0.747 ask=0.750 edge=-0.003 state=IDLE
2025-12-14 21:08:06,558 [INFO] [btc-updown-15m-1765742400] IDLE | T-414s
  YES: bid=0.250 ask=0.270 | NO: bid=0.730 ask=0.750
  q_yes=0.00 q_no=0.00 | avg_yes=0.000 avg_no=0.000
  exposure=$0.00 | mtm_pnl=$+0.00 | locked=$+0.00
  exposure=$0.00 | mtm_pnl=$+0.00 | locked=$+0.00
  orders: 0 | fills: 0 ()
2025-12-14 21:08:11,208 [INFO] [Hybrid] d=-172.9 conf=1.00 bias=NO fair=0.690 ask=0.700 edge=-0.010 state=IDLE
2025-12-14 21:08:11,208 [INFO] [btc-updown-15m-1765742400] IDLE | T-410s
  YES: bid=0.330 ask=0.340 | NO: bid=0.690 ask=0.700
  q_yes=0.00 q_no=0.00 | avg_yes=0.000 avg_no=0.000
  exposure=$0.00 | mtm_pnl=$+0.00 | locked=$+0.00
  exposure=$0.00 | mtm_pnl=$+0.00 | locked=$+0.00
  orders: 0 | fills: 0 ()
2025-12-14 21:08:13,928 [INFO] [Hybrid] d=-172.9 conf=1.00 bias=NO fair=0.688 ask=0.690 edge=-0.002 state=IDLE
2025-12-14 21:08:13,929 [INFO] [btc-updown-15m-1765742400] IDLE | T-406s
  YES: bid=0.300 ask=0.330 | NO: bid=0.680 ask=0.690
  q_yes=0.00 q_no=0.00 | avg_yes=0.000 avg_no=0.000
  exposure=$0.00 | mtm_pnl=$+0.00 | locked=$+0.00
  exposure=$0.00 | mtm_pnl=$+0.00 | locked=$+0.00
  orders: 0 | fills: 0 ()
2025-12-14 21:08:17,279 [INFO] [Hybrid] d=-172.9 conf=1.00 bias=NO fair=0.665 ask=0.670 edge=-0.005 state=IDLE
2025-12-14 21:08:17,279 [INFO] [btc-updown-15m-1765742400] IDLE | T-404s
  YES: bid=0.330 ask=0.340 | NO: bid=0.660 ask=0.670
  q_yes=0.00 q_no=0.00 | avg_yes=0.000 avg_no=0.000
  exposure=$0.00 | mtm_pnl=$+0.00 | locked=$+0.00
  exposure=$0.00 | mtm_pnl=$+0.00 | locked=$+0.00
  orders: 0 | fills: 0 ()
2025-12-14 21:08:19,914 [INFO] [Hybrid] d=-151.5 conf=1.00 bias=NO fair=0.670 ask=0.680 edge=-0.010 state=IDLE
2025-12-14 21:08:19,915 [INFO] [btc-updown-15m-1765742400] IDLE | T-400s
  YES: bid=0.320 ask=0.330 | NO: bid=0.670 ask=0.680
  q_yes=0.00 q_no=0.00 | avg_yes=0.000 avg_no=0.000
  exposure=$0.00 | mtm_pnl=$+0.00 | locked=$+0.00
  exposure=$0.00 | mtm_pnl=$+0.00 | locked=$+0.00
  orders: 0 | fills: 0 ()
2025-12-14 21:08:24,582 [INFO] [Hybrid] d=-151.5 conf=1.00 bias=NO fair=0.674 ask=0.680 edge=-0.006 state=IDLE
2025-12-14 21:08:24,582 [INFO] [btc-updown-15m-1765742400] IDLE | T-396s
  YES: bid=0.320 ask=0.340 | NO: bid=0.660 ask=0.680
  q_yes=0.00 q_no=0.00 | avg_yes=0.000 avg_no=0.000
  exposure=$0.00 | mtm_pnl=$+0.00 | locked=$+0.00
  exposure=$0.00 | mtm_pnl=$+0.00 | locked=$+0.00
  orders: 0 | fills: 0 ()
2025-12-14 21:08:27,326 [INFO] [Hybrid] d=-127.8 conf=0.85 bias=NO fair=0.670 ask=0.670 edge=-0.000 state=IDLE
2025-12-14 21:08:27,327 [INFO] [btc-updown-15m-1765742400] IDLE | T-393s
  YES: bid=0.320 ask=0.340 | NO: bid=0.660 ask=0.670
  q_yes=0.00 q_no=0.00 | avg_yes=0.000 avg_no=0.000
  exposure=$0.00 | mtm_pnl=$+0.00 | locked=$+0.00
  exposure=$0.00 | mtm_pnl=$+0.00 | locked=$+0.00
  orders: 0 | fills: 0 ()
2025-12-14 21:08:30,635 [INFO] [Hybrid] d=-127.8 conf=0.85 bias=NO fair=0.663 ask=0.670 edge=-0.007 state=IDLE
2025-12-14 21:08:30,636 [INFO] [btc-updown-15m-1765742400] IDLE | T-390s
  YES: bid=0.330 ask=0.340 | NO: bid=0.660 ask=0.670
  q_yes=0.00 q_no=0.00 | avg_yes=0.000 avg_no=0.000
  exposure=$0.00 | mtm_pnl=$+0.00 | locked=$+0.00
  exposure=$0.00 | mtm_pnl=$+0.00 | locked=$+0.00
  orders: 0 | fills: 0 ()
2025-12-14 21:08:33,399 [INFO] [Hybrid] d=-127.8 conf=0.85 bias=NO fair=0.661 ask=0.670 edge=-0.009 state=IDLE
2025-12-14 21:08:33,399 [INFO] [btc-updown-15m-1765742400] IDLE | T-387s
  YES: bid=0.330 ask=0.340 | NO: bid=0.660 ask=0.670
  q_yes=0.00 q_no=0.00 | avg_yes=0.000 avg_no=0.000
  exposure=$0.00 | mtm_pnl=$+0.00 | locked=$+0.00
  exposure=$0.00 | mtm_pnl=$+0.00 | locked=$+0.00
  orders: 0 | fills: 0 ()
2025-12-14 21:08:38,070 [INFO] [Hybrid] d=-127.8 conf=0.85 bias=NO fair=0.670 ask=0.670 edge=-0.000 state=IDLE
2025-12-14 21:08:38,071 [INFO] [btc-updown-15m-1765742400] IDLE | T-383s
  YES: bid=0.320 ask=0.340 | NO: bid=0.660 ask=0.670
  q_yes=0.00 q_no=0.00 | avg_yes=0.000 avg_no=0.000
  exposure=$0.00 | mtm_pnl=$+0.00 | locked=$+0.00
  exposure=$0.00 | mtm_pnl=$+0.00 | locked=$+0.00
  orders: 0 | fills: 0 ()
2025-12-14 21:08:40,787 [INFO] [Hybrid] d=-124.6 conf=0.83 bias=NO fair=0.689 ask=0.690 edge=-0.001 state=IDLE
2025-12-14 21:08:40,787 [INFO] [btc-updown-15m-1765742400] IDLE | T-379s
  YES: bid=0.310 ask=0.320 | NO: bid=0.680 ask=0.690
  q_yes=0.00 q_no=0.00 | avg_yes=0.000 avg_no=0.000
  exposure=$0.00 | mtm_pnl=$+0.00 | locked=$+0.00
  exposure=$0.00 | mtm_pnl=$+0.00 | locked=$+0.00
  orders: 0 | fills: 0 ()
2025-12-14 21:08:44,104 [INFO] [Hybrid] d=-124.6 conf=0.83 bias=NO fair=0.681 ask=0.690 edge=-0.009 state=IDLE
2025-12-14 21:08:44,104 [INFO] [btc-updown-15m-1765742400] IDLE | T-377s
  YES: bid=0.310 ask=0.320 | NO: bid=0.680 ask=0.690
  q_yes=0.00 q_no=0.00 | avg_yes=0.000 avg_no=0.000
  exposure=$0.00 | mtm_pnl=$+0.00 | locked=$+0.00
  exposure=$0.00 | mtm_pnl=$+0.00 | locked=$+0.00
  orders: 0 | fills: 0 ()
2025-12-14 21:08:46,773 [INFO] [Hybrid] d=-124.6 conf=0.83 bias=NO fair=0.673 ask=0.680 edge=-0.007 state=IDLE
2025-12-14 21:08:46,774 [INFO] [btc-updown-15m-1765742400] IDLE | T-373s
  YES: bid=0.320 ask=0.330 | NO: bid=0.670 ask=0.680
  q_yes=0.00 q_no=0.00 | avg_yes=0.000 avg_no=0.000
  exposure=$0.00 | mtm_pnl=$+0.00 | locked=$+0.00
  exposure=$0.00 | mtm_pnl=$+0.00 | locked=$+0.00
  orders: 0 | fills: 0 ()
2025-12-14 21:08:51,466 [INFO] [Hybrid] d=-124.6 conf=0.83 bias=NO fair=0.691 ask=0.700 edge=-0.009 state=IDLE
2025-12-14 21:08:51,468 [INFO] [btc-updown-15m-1765742400] IDLE | T-369s
  YES: bid=0.300 ask=0.310 | NO: bid=0.690 ask=0.700
  q_yes=0.00 q_no=0.00 | avg_yes=0.000 avg_no=0.000
  exposure=$0.00 | mtm_pnl=$+0.00 | locked=$+0.00
  exposure=$0.00 | mtm_pnl=$+0.00 | locked=$+0.00
  orders: 0 | fills: 0 ()
2025-12-14 21:08:54,188 [INFO] [Hybrid] d=-124.5 conf=0.83 bias=NO fair=0.709 ask=0.710 edge=-0.001 state=IDLE
2025-12-14 21:08:54,188 [INFO] [btc-updown-15m-1765742400] IDLE | T-366s
  YES: bid=0.290 ask=0.300 | NO: bid=0.700 ask=0.710
  q_yes=0.00 q_no=0.00 | avg_yes=0.000 avg_no=0.000
  exposure=$0.00 | mtm_pnl=$+0.00 | locked=$+0.00
  exposure=$0.00 | mtm_pnl=$+0.00 | locked=$+0.00
  orders: 0 | fills: 0 ()
2025-12-14 21:08:57,531 [INFO] [Hybrid] d=-124.5 conf=0.83 bias=NO fair=0.687 ask=0.690 edge=-0.003 state=IDLE
2025-12-14 21:08:57,531 [INFO] [btc-updown-15m-1765742400] IDLE | T-363s
  YES: bid=0.310 ask=0.320 | NO: bid=0.680 ask=0.690
  q_yes=0.00 q_no=0.00 | avg_yes=0.000 avg_no=0.000
  exposure=$0.00 | mtm_pnl=$+0.00 | locked=$+0.00
  exposure=$0.00 | mtm_pnl=$+0.00 | locked=$+0.00
  orders: 0 | fills: 0 ()
2025-12-14 21:09:00,135 [INFO] [Hybrid] d=-124.5 conf=0.83 bias=NO fair=0.684 ask=0.690 edge=-0.006 state=IDLE
2025-12-14 21:09:00,135 [INFO] [btc-updown-15m-1765742400] IDLE | T-360s
  YES: bid=0.310 ask=0.320 | NO: bid=0.680 ask=0.690
  q_yes=0.00 q_no=0.00 | avg_yes=0.000 avg_no=0.000
  exposure=$0.00 | mtm_pnl=$+0.00 | locked=$+0.00
  exposure=$0.00 | mtm_pnl=$+0.00 | locked=$+0.00
  orders: 0 | fills: 0 ()
2025-12-14 21:09:04,732 [INFO] [Hybrid] d=-124.5 conf=0.83 bias=NO fair=0.646 ask=0.650 edge=-0.004 state=IDLE
2025-12-14 21:09:04,732 [INFO] [btc-updown-15m-1765742400] IDLE | T-356s
  YES: bid=0.350 ask=0.360 | NO: bid=0.640 ask=0.650
  q_yes=0.00 q_no=0.00 | avg_yes=0.000 avg_no=0.000
  exposure=$0.00 | mtm_pnl=$+0.00 | locked=$+0.00
  exposure=$0.00 | mtm_pnl=$+0.00 | locked=$+0.00
  orders: 0 | fills: 0 ()
2025-12-14 21:09:07,374 [INFO] [Hybrid] d=-124.5 conf=0.83 bias=NO fair=0.692 ask=0.700 edge=-0.008 state=IDLE
2025-12-14 21:09:07,375 [INFO] [btc-updown-15m-1765742400] IDLE | T-353s
  YES: bid=0.320 ask=0.330 | NO: bid=0.690 ask=0.700
  q_yes=0.00 q_no=0.00 | avg_yes=0.000 avg_no=0.000
  exposure=$0.00 | mtm_pnl=$+0.00 | locked=$+0.00
  exposure=$0.00 | mtm_pnl=$+0.00 | locked=$+0.00
  orders: 0 | fills: 0 ()
2025-12-14 21:09:10,658 [INFO] [Hybrid] d=-124.5 conf=0.83 bias=NO fair=0.730 ask=0.740 edge=-0.010 state=IDLE
2025-12-14 21:09:10,658 [INFO] [btc-updown-15m-1765742400] IDLE | T-350s
  YES: bid=0.260 ask=0.270 | NO: bid=0.730 ask=0.740
  q_yes=0.00 q_no=0.00 | avg_yes=0.000 avg_no=0.000
  exposure=$0.00 | mtm_pnl=$+0.00 | locked=$+0.00
  exposure=$0.00 | mtm_pnl=$+0.00 | locked=$+0.00
  orders: 0 | fills: 0 ()
2025-12-14 21:09:13,381 [INFO] [Hybrid] d=-124.5 conf=0.83 bias=NO fair=0.729 ask=0.730 edge=-0.001 state=IDLE
2025-12-14 21:09:13,381 [INFO] [btc-updown-15m-1765742400] IDLE | T-347s
  YES: bid=0.270 ask=0.290 | NO: bid=0.720 ask=0.730
  q_yes=0.00 q_no=0.00 | avg_yes=0.000 avg_no=0.000
  exposure=$0.00 | mtm_pnl=$+0.00 | locked=$+0.00
  exposure=$0.00 | mtm_pnl=$+0.00 | locked=$+0.00
  orders: 0 | fills: 0 ()
2025-12-14 21:09:18,372 [INFO] [Hybrid] d=-124.5 conf=0.83 bias=NO fair=0.720 ask=0.720 edge=-0.000 state=IDLE
2025-12-14 21:09:18,372 [INFO] [btc-updown-15m-1765742400] IDLE | T-343s
  YES: bid=0.280 ask=0.290 | NO: bid=0.710 ask=0.720
  q_yes=0.00 q_no=0.00 | avg_yes=0.000 avg_no=0.000
  exposure=$0.00 | mtm_pnl=$+0.00 | locked=$+0.00
  exposure=$0.00 | mtm_pnl=$+0.00 | locked=$+0.00
  orders: 0 | fills: 0 ()
2025-12-14 21:09:21,004 [INFO] [Hybrid] d=-113.5 conf=0.76 bias=NO fair=0.710 ask=0.720 edge=-0.010 state=IDLE
2025-12-14 21:09:21,004 [INFO] [btc-updown-15m-1765742400] IDLE | T-339s
  YES: bid=0.280 ask=0.290 | NO: bid=0.710 ask=0.720
  q_yes=0.00 q_no=0.00 | avg_yes=0.000 avg_no=0.000
  exposure=$0.00 | mtm_pnl=$+0.00 | locked=$+0.00
  exposure=$0.00 | mtm_pnl=$+0.00 | locked=$+0.00
  orders: 0 | fills: 0 ()
2025-12-14 21:09:24,518 [INFO] [Hybrid] d=-113.5 conf=0.76 bias=NO fair=0.748 ask=0.750 edge=-0.002 state=IDLE
2025-12-14 21:09:24,518 [INFO] [btc-updown-15m-1765742400] IDLE | T-336s
  YES: bid=0.250 ask=0.260 | NO: bid=0.740 ask=0.750
  q_yes=0.00 q_no=0.00 | avg_yes=0.000 avg_no=0.000
  exposure=$0.00 | mtm_pnl=$+0.00 | locked=$+0.00
  exposure=$0.00 | mtm_pnl=$+0.00 | locked=$+0.00
  orders: 0 | fills: 0 ()
2025-12-14 21:09:27,222 [INFO] [Hybrid] d=-113.5 conf=0.76 bias=NO fair=0.767 ask=0.780 edge=-0.013 state=IDLE
2025-12-14 21:09:27,222 [INFO] [btc-updown-15m-1765742400] IDLE | T-333s
  YES: bid=0.210 ask=0.220 | NO: bid=0.760 ask=0.780
  q_yes=0.00 q_no=0.00 | avg_yes=0.000 avg_no=0.000
  exposure=$0.00 | mtm_pnl=$+0.00 | locked=$+0.00
  exposure=$0.00 | mtm_pnl=$+0.00 | locked=$+0.00
  orders: 0 | fills: 0 ()
2025-12-14 21:09:31,962 [INFO] [Hybrid] d=-113.5 conf=0.76 bias=NO fair=0.762 ask=0.780 edge=-0.018 state=IDLE
2025-12-14 21:09:31,962 [INFO] [btc-updown-15m-1765742400] IDLE | T-329s
  YES: bid=0.220 ask=0.240 | NO: bid=0.760 ask=0.780
  q_yes=0.00 q_no=0.00 | avg_yes=0.000 avg_no=0.000
  exposure=$0.00 | mtm_pnl=$+0.00 | locked=$+0.00
  exposure=$0.00 | mtm_pnl=$+0.00 | locked=$+0.00
  orders: 0 | fills: 0 ()
2025-12-14 21:09:34,560 [INFO] [Hybrid] d=-138.6 conf=0.92 bias=NO fair=0.766 ask=0.770 edge=-0.004 state=IDLE
2025-12-14 21:09:34,561 [INFO] [btc-updown-15m-1765742400] IDLE | T-326s
  YES: bid=0.230 ask=0.240 | NO: bid=0.760 ask=0.770
  q_yes=0.00 q_no=0.00 | avg_yes=0.000 avg_no=0.000
  exposure=$0.00 | mtm_pnl=$+0.00 | locked=$+0.00
  exposure=$0.00 | mtm_pnl=$+0.00 | locked=$+0.00
  orders: 0 | fills: 0 ()
2025-12-14 21:09:38,049 [INFO] [Hybrid] d=-138.6 conf=0.92 bias=NO fair=0.761 ask=0.770 edge=-0.009 state=IDLE
2025-12-14 21:09:38,050 [INFO] [btc-updown-15m-1765742400] IDLE | T-323s
  YES: bid=0.230 ask=0.240 | NO: bid=0.760 ask=0.770
  q_yes=0.00 q_no=0.00 | avg_yes=0.000 avg_no=0.000
  exposure=$0.00 | mtm_pnl=$+0.00 | locked=$+0.00
  exposure=$0.00 | mtm_pnl=$+0.00 | locked=$+0.00
  orders: 0 | fills: 0 ()
2025-12-14 21:09:40,648 [INFO] [Hybrid] d=-138.6 conf=0.92 bias=NO fair=0.747 ask=0.750 edge=-0.003 state=IDLE
2025-12-14 21:09:40,648 [INFO] [btc-updown-15m-1765742400] IDLE | T-320s
  YES: bid=0.250 ask=0.260 | NO: bid=0.740 ask=0.750
  q_yes=0.00 q_no=0.00 | avg_yes=0.000 avg_no=0.000
  exposure=$0.00 | mtm_pnl=$+0.00 | locked=$+0.00
  exposure=$0.00 | mtm_pnl=$+0.00 | locked=$+0.00
  orders: 0 | fills: 0 ()
2025-12-14 21:09:45,430 [INFO] [Hybrid] d=-138.6 conf=0.92 bias=NO fair=0.712 ask=0.720 edge=-0.008 state=IDLE
2025-12-14 21:09:45,430 [INFO] [btc-updown-15m-1765742400] IDLE | T-315s
  YES: bid=0.270 ask=0.290 | NO: bid=0.710 ask=0.720
  q_yes=0.00 q_no=0.00 | avg_yes=0.000 avg_no=0.000
  exposure=$0.00 | mtm_pnl=$+0.00 | locked=$+0.00
  exposure=$0.00 | mtm_pnl=$+0.00 | locked=$+0.00
  orders: 0 | fills: 0 ()
2025-12-14 21:09:48,066 [INFO] [Hybrid] d=-151.5 conf=1.00 bias=NO fair=0.659 ask=0.660 edge=-0.001 state=IDLE
2025-12-14 21:09:48,066 [INFO] [btc-updown-15m-1765742400] IDLE | T-312s
  YES: bid=0.330 ask=0.350 | NO: bid=0.650 ask=0.660
  q_yes=0.00 q_no=0.00 | avg_yes=0.000 avg_no=0.000
  exposure=$0.00 | mtm_pnl=$+0.00 | locked=$+0.00
  exposure=$0.00 | mtm_pnl=$+0.00 | locked=$+0.00
  orders: 0 | fills: 0 ()
2025-12-14 21:09:51,456 [INFO] [Hybrid] d=-151.5 conf=1.00 bias=NO fair=0.662 ask=0.670 edge=-0.008 state=IDLE
2025-12-14 21:09:51,456 [INFO] [btc-updown-15m-1765742400] IDLE | T-309s
  YES: bid=0.330 ask=0.340 | NO: bid=0.660 ask=0.670
  q_yes=0.00 q_no=0.00 | avg_yes=0.000 avg_no=0.000
  exposure=$0.00 | mtm_pnl=$+0.00 | locked=$+0.00
  exposure=$0.00 | mtm_pnl=$+0.00 | locked=$+0.00
  orders: 0 | fills: 0 ()
2025-12-14 21:09:54,220 [INFO] [Hybrid] d=-143.5 conf=0.96 bias=NO fair=0.660 ask=0.670 edge=-0.010 state=IDLE
2025-12-14 21:09:54,220 [INFO] [btc-updown-15m-1765742400] IDLE | T-306s
  YES: bid=0.330 ask=0.350 | NO: bid=0.650 ask=0.670
  q_yes=0.00 q_no=0.00 | avg_yes=0.000 avg_no=0.000
  exposure=$0.00 | mtm_pnl=$+0.00 | locked=$+0.00
  exposure=$0.00 | mtm_pnl=$+0.00 | locked=$+0.00
  orders: 0 | fills: 0 ()
2025-12-14 21:09:58,922 [INFO] [Hybrid] d=-143.5 conf=0.96 bias=NO fair=0.652 ask=0.660 edge=-0.008 state=IDLE
2025-12-14 21:09:58,923 [INFO] [btc-updown-15m-1765742400] IDLE | T-302s
  YES: bid=0.340 ask=0.350 | NO: bid=0.650 ask=0.660
  q_yes=0.00 q_no=0.00 | avg_yes=0.000 avg_no=0.000
  exposure=$0.00 | mtm_pnl=$+0.00 | locked=$+0.00
  exposure=$0.00 | mtm_pnl=$+0.00 | locked=$+0.00
  orders: 0 | fills: 0 ()
2025-12-14 21:10:01,569 [INFO] [Hybrid] d=-126.5 conf=0.84 bias=NO fair=0.620 ask=0.620 edge=-0.000 state=IDLE
2025-12-14 21:10:01,569 [INFO] [btc-updown-15m-1765742400] IDLE | T-299s
  YES: bid=0.380 ask=0.390 | NO: bid=0.610 ask=0.620
  q_yes=0.00 q_no=0.00 | avg_yes=0.000 avg_no=0.000
  exposure=$0.00 | mtm_pnl=$+0.00 | locked=$+0.00
  exposure=$0.00 | mtm_pnl=$+0.00 | locked=$+0.00
  orders: 0 | fills: 0 ()
2025-12-14 21:10:04,911 [INFO] [Hybrid] d=-126.5 conf=0.84 bias=NO fair=0.847 ask=0.850 edge=-0.003 state=IDLE
2025-12-14 21:10:04,912 [INFO] [btc-updown-15m-1765742400] IDLE | T-296s
  YES: bid=0.150 ask=0.160 | NO: bid=0.830 ask=0.850
  q_yes=0.00 q_no=0.00 | avg_yes=0.000 avg_no=0.000
  exposure=$0.00 | mtm_pnl=$+0.00 | locked=$+0.00
  exposure=$0.00 | mtm_pnl=$+0.00 | locked=$+0.00
  orders: 0 | fills: 0 ()
2025-12-14 21:10:07,943 [INFO] [Hybrid] d=-126.5 conf=0.84 bias=NO fair=0.791 ask=0.800 edge=-0.009 state=IDLE
2025-12-14 21:10:07,944 [INFO] [btc-updown-15m-1765742400] IDLE | T-292s
  YES: bid=0.190 ask=0.210 | NO: bid=0.790 ask=0.800
  q_yes=0.00 q_no=0.00 | avg_yes=0.000 avg_no=0.000
  exposure=$0.00 | mtm_pnl=$+0.00 | locked=$+0.00
  exposure=$0.00 | mtm_pnl=$+0.00 | locked=$+0.00
  orders: 0 | fills: 0 ()
2025-12-14 21:10:12,812 [INFO] [Hybrid] d=-126.5 conf=0.84 bias=NO fair=0.862 ask=0.870 edge=-0.008 state=IDLE
2025-12-14 21:10:12,812 [INFO] [btc-updown-15m-1765742400] IDLE | T-288s
  YES: bid=0.130 ask=0.140 | NO: bid=0.860 ask=0.870
  q_yes=0.00 q_no=0.00 | avg_yes=0.000 avg_no=0.000
  exposure=$0.00 | mtm_pnl=$+0.00 | locked=$+0.00
  exposure=$0.00 | mtm_pnl=$+0.00 | locked=$+0.00
  orders: 0 | fills: 0 ()
2025-12-14 21:10:15,449 [INFO] [Hybrid] d=-117.2 conf=0.78 bias=NO fair=0.863 ask=0.870 edge=-0.007 state=IDLE
2025-12-14 21:10:15,449 [INFO] [btc-updown-15m-1765742400] IDLE | T-285s
  YES: bid=0.130 ask=0.140 | NO: bid=0.860 ask=0.870
  q_yes=0.00 q_no=0.00 | avg_yes=0.000 avg_no=0.000
  exposure=$0.00 | mtm_pnl=$+0.00 | locked=$+0.00
  exposure=$0.00 | mtm_pnl=$+0.00 | locked=$+0.00
  orders: 0 | fills: 0 ()
2025-12-14 21:10:18,739 [INFO] [Hybrid] d=-117.2 conf=0.78 bias=NO fair=0.861 ask=0.870 edge=-0.009 state=IDLE
2025-12-14 21:10:18,739 [INFO] [btc-updown-15m-1765742400] IDLE | T-282s
  YES: bid=0.130 ask=0.140 | NO: bid=0.860 ask=0.870
  q_yes=0.00 q_no=0.00 | avg_yes=0.000 avg_no=0.000
  exposure=$0.00 | mtm_pnl=$+0.00 | locked=$+0.00
  exposure=$0.00 | mtm_pnl=$+0.00 | locked=$+0.00
  orders: 0 | fills: 0 ()
2025-12-14 21:10:21,343 [INFO] [Hybrid] d=-117.2 conf=0.78 bias=NO fair=0.866 ask=0.870 edge=-0.004 state=IDLE
2025-12-14 21:10:21,343 [INFO] [btc-updown-15m-1765742400] IDLE | T-279s
  YES: bid=0.130 ask=0.140 | NO: bid=0.860 ask=0.870
  q_yes=0.00 q_no=0.00 | avg_yes=0.000 avg_no=0.000
  exposure=$0.00 | mtm_pnl=$+0.00 | locked=$+0.00
  exposure=$0.00 | mtm_pnl=$+0.00 | locked=$+0.00
  orders: 0 | fills: 0 ()
2025-12-14 21:10:25,936 [INFO] [Hybrid] d=-117.2 conf=0.78 bias=NO fair=0.936 ask=0.940 edge=-0.004 state=IDLE
2025-12-14 21:10:25,936 [INFO] [btc-updown-15m-1765742400] IDLE | T-275s
  YES: bid=0.060 ask=0.070 | NO: bid=0.920 ask=0.940
  q_yes=0.00 q_no=0.00 | avg_yes=0.000 avg_no=0.000
  exposure=$0.00 | mtm_pnl=$+0.00 | locked=$+0.00
  exposure=$0.00 | mtm_pnl=$+0.00 | locked=$+0.00
  orders: 0 | fills: 0 ()
2025-12-14 21:10:28,582 [INFO] [Hybrid] d=-166.6 conf=1.00 bias=NO fair=0.962 ask=0.970 edge=-0.008 state=IDLE
2025-12-14 21:10:28,583 [INFO] [btc-updown-15m-1765742400] IDLE | T-272s
  YES: bid=0.030 ask=0.040 | NO: bid=0.960 ask=0.970
  q_yes=0.00 q_no=0.00 | avg_yes=0.000 avg_no=0.000
  exposure=$0.00 | mtm_pnl=$+0.00 | locked=$+0.00
  exposure=$0.00 | mtm_pnl=$+0.00 | locked=$+0.00
  orders: 0 | fills: 0 ()
2025-12-14 21:10:31,993 [INFO] [Hybrid] d=-166.6 conf=1.00 bias=NO fair=0.956 ask=0.960 edge=-0.004 state=IDLE
2025-12-14 21:10:31,993 [INFO] [btc-updown-15m-1765742400] IDLE | T-269s
  YES: bid=0.030 ask=0.040 | NO: bid=0.950 ask=0.960
  q_yes=0.00 q_no=0.00 | avg_yes=0.000 avg_no=0.000
  exposure=$0.00 | mtm_pnl=$+0.00 | locked=$+0.00
  exposure=$0.00 | mtm_pnl=$+0.00 | locked=$+0.00
  orders: 0 | fills: 0 ()
2025-12-14 21:10:34,631 [INFO] [Hybrid] d=-175.5 conf=1.00 bias=NO fair=0.970 ask=0.980 edge=-0.010 state=IDLE
2025-12-14 21:10:34,631 [INFO] [btc-updown-15m-1765742400] IDLE | T-266s
  YES: bid=0.020 ask=0.030 | NO: bid=0.970 ask=0.980
  q_yes=0.00 q_no=0.00 | avg_yes=0.000 avg_no=0.000
  exposure=$0.00 | mtm_pnl=$+0.00 | locked=$+0.00
  exposure=$0.00 | mtm_pnl=$+0.00 | locked=$+0.00
  orders: 0 | fills: 0 ()
2025-12-14 21:10:39,586 [INFO] [Hybrid] d=-175.5 conf=1.00 bias=NO fair=0.961 ask=0.970 edge=-0.009 state=IDLE
2025-12-14 21:10:39,586 [INFO] [btc-updown-15m-1765742400] IDLE | T-261s
  YES: bid=0.020 ask=0.040 | NO: bid=0.960 ask=0.970
  q_yes=0.00 q_no=0.00 | avg_yes=0.000 avg_no=0.000
  exposure=$0.00 | mtm_pnl=$+0.00 | locked=$+0.00
  exposure=$0.00 | mtm_pnl=$+0.00 | locked=$+0.00
  orders: 0 | fills: 0 ()
2025-12-14 21:10:42,410 [INFO] [Hybrid] d=-175.5 conf=1.00 bias=NO fair=0.971 ask=0.980 edge=-0.009 state=IDLE
2025-12-14 21:10:42,410 [INFO] [btc-updown-15m-1765742400] IDLE | T-258s
  YES: bid=0.020 ask=0.030 | NO: bid=0.970 ask=0.980
  q_yes=0.00 q_no=0.00 | avg_yes=0.000 avg_no=0.000
  exposure=$0.00 | mtm_pnl=$+0.00 | locked=$+0.00
  exposure=$0.00 | mtm_pnl=$+0.00 | locked=$+0.00
  orders: 0 | fills: 0 ()
2025-12-14 21:10:45,649 [INFO] [Hybrid] d=-175.5 conf=1.00 bias=NO fair=0.951 ask=0.960 edge=-0.009 state=IDLE
2025-12-14 21:10:45,649 [INFO] [btc-updown-15m-1765742400] IDLE | T-255s
  YES: bid=0.040 ask=0.050 | NO: bid=0.950 ask=0.960
  q_yes=0.00 q_no=0.00 | avg_yes=0.000 avg_no=0.000
  exposure=$0.00 | mtm_pnl=$+0.00 | locked=$+0.00
  exposure=$0.00 | mtm_pnl=$+0.00 | locked=$+0.00
  orders: 0 | fills: 0 ()
2025-12-14 21:10:48,306 [INFO] [Hybrid] d=-247.0 conf=1.00 bias=NO fair=0.965 ask=0.970 edge=-0.005 state=IDLE
2025-12-14 21:10:48,306 [INFO] [btc-updown-15m-1765742400] IDLE | T-252s
  YES: bid=0.030 ask=0.040 | NO: bid=0.960 ask=0.970
  q_yes=0.00 q_no=0.00 | avg_yes=0.000 avg_no=0.000
  exposure=$0.00 | mtm_pnl=$+0.00 | locked=$+0.00
  exposure=$0.00 | mtm_pnl=$+0.00 | locked=$+0.00
  orders: 0 | fills: 0 ()
2025-12-14 21:10:53,060 [INFO] [Hybrid] d=-247.0 conf=1.00 bias=NO fair=0.962 ask=0.970 edge=-0.008 state=IDLE
2025-12-14 21:10:53,061 [INFO] [btc-updown-15m-1765742400] IDLE | T-248s
  YES: bid=0.030 ask=0.040 | NO: bid=0.960 ask=0.970
  q_yes=0.00 q_no=0.00 | avg_yes=0.000 avg_no=0.000
  exposure=$0.00 | mtm_pnl=$+0.00 | locked=$+0.00
  exposure=$0.00 | mtm_pnl=$+0.00 | locked=$+0.00
  orders: 0 | fills: 0 ()
2025-12-14 21:10:55,827 [INFO] [Hybrid] d=-319.9 conf=1.00 bias=NO fair=0.955 ask=0.960 edge=-0.005 state=IDLE
2025-12-14 21:10:55,827 [INFO] [btc-updown-15m-1765742400] IDLE | T-244s
  YES: bid=0.040 ask=0.050 | NO: bid=0.950 ask=0.960
  q_yes=0.00 q_no=0.00 | avg_yes=0.000 avg_no=0.000
  exposure=$0.00 | mtm_pnl=$+0.00 | locked=$+0.00
  exposure=$0.00 | mtm_pnl=$+0.00 | locked=$+0.00
  orders: 0 | fills: 0 ()
2025-12-14 21:10:59,193 [INFO] [Hybrid] d=-319.9 conf=1.00 bias=NO fair=0.966 ask=0.970 edge=-0.004 state=IDLE
2025-12-14 21:10:59,193 [INFO] [btc-updown-15m-1765742400] IDLE | T-242s
  YES: bid=0.030 ask=0.040 | NO: bid=0.960 ask=0.970
  q_yes=0.00 q_no=0.00 | avg_yes=0.000 avg_no=0.000
  exposure=$0.00 | mtm_pnl=$+0.00 | locked=$+0.00
  exposure=$0.00 | mtm_pnl=$+0.00 | locked=$+0.00
  orders: 0 | fills: 0 ()
2025-12-14 21:11:01,858 [INFO] [Hybrid] d=-319.9 conf=1.00 bias=NO fair=0.941 ask=0.950 edge=-0.009 state=IDLE
2025-12-14 21:11:01,859 [INFO] [btc-updown-15m-1765742400] IDLE | T-238s
  YES: bid=0.040 ask=0.050 | NO: bid=0.940 ask=0.950
  q_yes=0.00 q_no=0.00 | avg_yes=0.000 avg_no=0.000
  exposure=$0.00 | mtm_pnl=$+0.00 | locked=$+0.00
  exposure=$0.00 | mtm_pnl=$+0.00 | locked=$+0.00
  orders: 0 | fills: 0 ()
2025-12-14 21:11:06,576 [INFO] [Hybrid] d=-319.9 conf=1.00 bias=NO fair=0.952 ask=0.960 edge=-0.008 state=IDLE
2025-12-14 21:11:06,576 [INFO] [btc-updown-15m-1765742400] IDLE | T-234s
  YES: bid=0.040 ask=0.050 | NO: bid=0.950 ask=0.960
  q_yes=0.00 q_no=0.00 | avg_yes=0.000 avg_no=0.000
  exposure=$0.00 | mtm_pnl=$+0.00 | locked=$+0.00
  exposure=$0.00 | mtm_pnl=$+0.00 | locked=$+0.00
  orders: 0 | fills: 0 ()
2025-12-14 21:11:09,216 [INFO] [Hybrid] d=-319.9 conf=1.00 bias=NO fair=0.931 ask=0.940 edge=-0.009 state=IDLE
2025-12-14 21:11:09,216 [INFO] [btc-updown-15m-1765742400] IDLE | T-231s
  YES: bid=0.060 ask=0.080 | NO: bid=0.930 ask=0.940
  q_yes=0.00 q_no=0.00 | avg_yes=0.000 avg_no=0.000
  exposure=$0.00 | mtm_pnl=$+0.00 | locked=$+0.00
  exposure=$0.00 | mtm_pnl=$+0.00 | locked=$+0.00
  orders: 0 | fills: 0 ()
2025-12-14 21:11:12,600 [INFO] [Hybrid] d=-319.9 conf=1.00 bias=NO fair=0.955 ask=0.960 edge=-0.005 state=IDLE
2025-12-14 21:11:12,600 [INFO] [btc-updown-15m-1765742400] IDLE | T-228s
  YES: bid=0.040 ask=0.050 | NO: bid=0.950 ask=0.960
  q_yes=0.00 q_no=0.00 | avg_yes=0.000 avg_no=0.000
  exposure=$0.00 | mtm_pnl=$+0.00 | locked=$+0.00
  exposure=$0.00 | mtm_pnl=$+0.00 | locked=$+0.00
  orders: 0 | fills: 0 ()
2025-12-14 21:11:15,385 [INFO] [Hybrid] d=-319.9 conf=1.00 bias=NO fair=0.954 ask=0.960 edge=-0.006 state=IDLE
2025-12-14 21:11:15,386 [INFO] [btc-updown-15m-1765742400] IDLE | T-225s
  YES: bid=0.040 ask=0.060 | NO: bid=0.940 ask=0.960
  q_yes=0.00 q_no=0.00 | avg_yes=0.000 avg_no=0.000
  exposure=$0.00 | mtm_pnl=$+0.00 | locked=$+0.00
  exposure=$0.00 | mtm_pnl=$+0.00 | locked=$+0.00
  orders: 0 | fills: 0 ()
2025-12-14 21:11:20,431 [INFO] [Hybrid] d=-319.9 conf=1.00 bias=NO fair=0.969 ask=0.970 edge=-0.001 state=IDLE
2025-12-14 21:11:20,432 [INFO] [btc-updown-15m-1765742400] IDLE | T-221s
  YES: bid=0.030 ask=0.040 | NO: bid=0.960 ask=0.970
  q_yes=0.00 q_no=0.00 | avg_yes=0.000 avg_no=0.000
  exposure=$0.00 | mtm_pnl=$+0.00 | locked=$+0.00
  exposure=$0.00 | mtm_pnl=$+0.00 | locked=$+0.00
  orders: 0 | fills: 0 ()
2025-12-14 21:11:23,048 [INFO] [Hybrid] d=-319.9 conf=1.00 bias=NO fair=0.976 ask=0.980 edge=-0.004 state=IDLE
2025-12-14 21:11:23,049 [INFO] [btc-updown-15m-1765742400] IDLE | T-217s
  YES: bid=0.020 ask=0.030 | NO: bid=0.970 ask=0.980
  q_yes=0.00 q_no=0.00 | avg_yes=0.000 avg_no=0.000
  exposure=$0.00 | mtm_pnl=$+0.00 | locked=$+0.00
  exposure=$0.00 | mtm_pnl=$+0.00 | locked=$+0.00
  orders: 0 | fills: 0 ()
2025-12-14 21:11:26,286 [INFO] [Hybrid] d=-319.9 conf=1.00 bias=NO fair=0.971 ask=0.980 edge=-0.009 state=IDLE
2025-12-14 21:11:26,286 [INFO] [btc-updown-15m-1765742400] IDLE | T-215s
  YES: bid=0.020 ask=0.030 | NO: bid=0.970 ask=0.980
  q_yes=0.00 q_no=0.00 | avg_yes=0.000 avg_no=0.000
  exposure=$0.00 | mtm_pnl=$+0.00 | locked=$+0.00
  exposure=$0.00 | mtm_pnl=$+0.00 | locked=$+0.00
  orders: 0 | fills: 0 ()
2025-12-14 21:11:29,106 [INFO] [Hybrid] d=-319.9 conf=1.00 bias=NO fair=0.976 ask=0.980 edge=-0.004 state=IDLE
2025-12-14 21:11:29,106 [INFO] [btc-updown-15m-1765742400] IDLE | T-211s
  YES: bid=0.020 ask=0.030 | NO: bid=0.970 ask=0.980
  q_yes=0.00 q_no=0.00 | avg_yes=0.000 avg_no=0.000
  exposure=$0.00 | mtm_pnl=$+0.00 | locked=$+0.00
  exposure=$0.00 | mtm_pnl=$+0.00 | locked=$+0.00
  orders: 0 | fills: 0 ()
2025-12-14 21:11:33,725 [INFO] [Hybrid] d=-319.9 conf=1.00 bias=NO fair=0.981 ask=0.990 edge=-0.009 state=IDLE
2025-12-14 21:11:33,725 [INFO] [btc-updown-15m-1765742400] IDLE | T-207s
  YES: bid=0.010 ask=0.020 | NO: bid=0.980 ask=0.990
  q_yes=0.00 q_no=0.00 | avg_yes=0.000 avg_no=0.000
  exposure=$0.00 | mtm_pnl=$+0.00 | locked=$+0.00
  exposure=$0.00 | mtm_pnl=$+0.00 | locked=$+0.00
  orders: 0 | fills: 0 ()
2025-12-14 21:11:36,428 [INFO] [Hybrid] d=-319.9 conf=1.00 bias=NO fair=0.980 ask=0.990 edge=-0.010 state=IDLE
2025-12-14 21:11:36,428 [INFO] [btc-updown-15m-1765742400] IDLE | T-204s
  YES: bid=0.010 ask=0.020 | NO: bid=0.980 ask=0.990
  q_yes=0.00 q_no=0.00 | avg_yes=0.000 avg_no=0.000
  exposure=$0.00 | mtm_pnl=$+0.00 | locked=$+0.00
  exposure=$0.00 | mtm_pnl=$+0.00 | locked=$+0.00
  orders: 0 | fills: 0 ()
2025-12-14 21:11:39,815 [INFO] [Hybrid] d=-319.9 conf=1.00 bias=NO fair=0.980 ask=0.990 edge=-0.010 state=IDLE
2025-12-14 21:11:39,816 [INFO] [btc-updown-15m-1765742400] IDLE | T-201s
  YES: bid=0.010 ask=0.020 | NO: bid=0.980 ask=0.990
  q_yes=0.00 q_no=0.00 | avg_yes=0.000 avg_no=0.000
  exposure=$0.00 | mtm_pnl=$+0.00 | locked=$+0.00
  exposure=$0.00 | mtm_pnl=$+0.00 | locked=$+0.00
  orders: 0 | fills: 0 ()
2025-12-14 21:11:42,465 [INFO] [Hybrid] d=-319.9 conf=1.00 bias=NO fair=0.979 ask=0.980 edge=-0.001 state=IDLE
2025-12-14 21:11:42,465 [INFO] [btc-updown-15m-1765742400] IDLE | T-198s
  YES: bid=0.020 ask=0.030 | NO: bid=0.970 ask=0.980
  q_yes=0.00 q_no=0.00 | avg_yes=0.000 avg_no=0.000
  exposure=$0.00 | mtm_pnl=$+0.00 | locked=$+0.00
  exposure=$0.00 | mtm_pnl=$+0.00 | locked=$+0.00
  orders: 0 | fills: 0 ()
2025-12-14 21:11:47,268 [INFO] [Hybrid] d=-319.9 conf=1.00 bias=NO fair=0.934 ask=0.950 edge=-0.016 state=IDLE
2025-12-14 21:11:47,268 [INFO] [btc-updown-15m-1765742400] IDLE | T-194s
  YES: bid=0.050 ask=0.060 | NO: bid=0.930 ask=0.950
  q_yes=0.00 q_no=0.00 | avg_yes=0.000 avg_no=0.000
  exposure=$0.00 | mtm_pnl=$+0.00 | locked=$+0.00
  exposure=$0.00 | mtm_pnl=$+0.00 | locked=$+0.00
  orders: 0 | fills: 0 ()
2025-12-14 21:11:50,019 [INFO] [Hybrid] d=-319.9 conf=1.00 bias=NO fair=0.936 ask=0.940 edge=-0.004 state=IDLE
2025-12-14 21:11:50,019 [INFO] [btc-updown-15m-1765742400] IDLE | T-190s
  YES: bid=0.060 ask=0.070 | NO: bid=0.930 ask=0.940
  q_yes=0.00 q_no=0.00 | avg_yes=0.000 avg_no=0.000
  exposure=$0.00 | mtm_pnl=$+0.00 | locked=$+0.00
  exposure=$0.00 | mtm_pnl=$+0.00 | locked=$+0.00
  orders: 0 | fills: 0 ()
2025-12-14 21:11:53,306 [INFO] [Hybrid] d=-319.9 conf=1.00 bias=NO fair=0.936 ask=0.940 edge=-0.004 state=IDLE
2025-12-14 21:11:53,308 [INFO] [btc-updown-15m-1765742400] IDLE | T-188s
  YES: bid=0.060 ask=0.070 | NO: bid=0.930 ask=0.940
  q_yes=0.00 q_no=0.00 | avg_yes=0.000 avg_no=0.000
  exposure=$0.00 | mtm_pnl=$+0.00 | locked=$+0.00
  exposure=$0.00 | mtm_pnl=$+0.00 | locked=$+0.00
  orders: 0 | fills: 0 ()
2025-12-14 21:11:56,150 [INFO] [Hybrid] d=-319.9 conf=1.00 bias=NO fair=0.950 ask=0.960 edge=-0.010 state=IDLE
2025-12-14 21:11:56,150 [INFO] [btc-updown-15m-1765742400] IDLE | T-184s
  YES: bid=0.040 ask=0.060 | NO: bid=0.950 ask=0.960
  q_yes=0.00 q_no=0.00 | avg_yes=0.000 avg_no=0.000
  exposure=$0.00 | mtm_pnl=$+0.00 | locked=$+0.00
  exposure=$0.00 | mtm_pnl=$+0.00 | locked=$+0.00
  orders: 0 | fills: 0 ()
2025-12-14 21:12:01,069 [INFO] [Hybrid] d=-319.9 conf=1.00 bias=NO fair=0.890 ask=0.900 edge=-0.010 state=IDLE
2025-12-14 21:12:01,069 [INFO] [btc-updown-15m-1765742400] IDLE | T-180s
  YES: bid=0.100 ask=0.110 | NO: bid=0.890 ask=0.900
  q_yes=0.00 q_no=0.00 | avg_yes=0.000 avg_no=0.000
  exposure=$0.00 | mtm_pnl=$+0.00 | locked=$+0.00
  exposure=$0.00 | mtm_pnl=$+0.00 | locked=$+0.00
  orders: 0 | fills: 0 ()
2025-12-14 21:12:03,828 [INFO] [Hybrid] d=-319.9 conf=1.00 bias=NO fair=0.825 ask=0.840 edge=-0.015 state=IDLE
2025-12-14 21:12:03,828 [INFO] [btc-updown-15m-1765742400] IDLE | T-176s
  YES: bid=0.170 ask=0.180 | NO: bid=0.820 ask=0.840
  q_yes=0.00 q_no=0.00 | avg_yes=0.000 avg_no=0.000
  exposure=$0.00 | mtm_pnl=$+0.00 | locked=$+0.00
  exposure=$0.00 | mtm_pnl=$+0.00 | locked=$+0.00
  orders: 0 | fills: 0 ()
2025-12-14 21:12:07,129 [INFO] [Hybrid] d=-319.9 conf=1.00 bias=NO fair=0.803 ask=0.810 edge=-0.007 state=IDLE
2025-12-14 21:12:07,130 [INFO] [btc-updown-15m-1765742400] IDLE | T-174s
  YES: bid=0.180 ask=0.190 | NO: bid=0.800 ask=0.810
  q_yes=0.00 q_no=0.00 | avg_yes=0.000 avg_no=0.000
  exposure=$0.00 | mtm_pnl=$+0.00 | locked=$+0.00
  exposure=$0.00 | mtm_pnl=$+0.00 | locked=$+0.00
  orders: 0 | fills: 0 ()
2025-12-14 21:12:09,739 [INFO] [Hybrid] d=-319.9 conf=1.00 bias=NO fair=0.749 ask=0.770 edge=-0.021 state=IDLE
2025-12-14 21:12:09,740 [INFO] [btc-updown-15m-1765742400] IDLE | T-170s
  YES: bid=0.240 ask=0.260 | NO: bid=0.740 ask=0.770
  q_yes=0.00 q_no=0.00 | avg_yes=0.000 avg_no=0.000
  exposure=$0.00 | mtm_pnl=$+0.00 | locked=$+0.00
  exposure=$0.00 | mtm_pnl=$+0.00 | locked=$+0.00
  orders: 0 | fills: 0 ()
2025-12-14 21:12:14,374 [INFO] [Hybrid] d=-319.9 conf=1.00 bias=NO fair=0.740 ask=0.740 edge=-0.000 state=IDLE
2025-12-14 21:12:14,374 [INFO] [btc-updown-15m-1765742400] IDLE | T-166s
  YES: bid=0.260 ask=0.270 | NO: bid=0.730 ask=0.740
  q_yes=0.00 q_no=0.00 | avg_yes=0.000 avg_no=0.000
  exposure=$0.00 | mtm_pnl=$+0.00 | locked=$+0.00
  exposure=$0.00 | mtm_pnl=$+0.00 | locked=$+0.00
  orders: 0 | fills: 0 ()
2025-12-14 21:12:17,157 [INFO] [Hybrid] d=-237.5 conf=1.00 bias=NO fair=0.709 ask=0.710 edge=-0.001 state=IDLE
2025-12-14 21:12:17,157 [INFO] [btc-updown-15m-1765742400] IDLE | T-163s
  YES: bid=0.280 ask=0.290 | NO: bid=0.700 ask=0.710
  q_yes=0.00 q_no=0.00 | avg_yes=0.000 avg_no=0.000
  exposure=$0.00 | mtm_pnl=$+0.00 | locked=$+0.00
  exposure=$0.00 | mtm_pnl=$+0.00 | locked=$+0.00
  orders: 0 | fills: 0 ()
2025-12-14 21:12:20,390 [INFO] [Hybrid] d=-237.5 conf=1.00 bias=NO fair=0.730 ask=0.730 edge=-0.000 state=IDLE
2025-12-14 21:12:20,390 [INFO] [btc-updown-15m-1765742400] IDLE | T-160s
  YES: bid=0.270 ask=0.280 | NO: bid=0.710 ask=0.730
  q_yes=0.00 q_no=0.00 | avg_yes=0.000 avg_no=0.000
  exposure=$0.00 | mtm_pnl=$+0.00 | locked=$+0.00
  exposure=$0.00 | mtm_pnl=$+0.00 | locked=$+0.00
  orders: 0 | fills: 0 ()
2025-12-14 21:12:22,925 [INFO] [Hybrid] d=-133.5 conf=0.89 bias=NO fair=0.000 ask=0.000 edge=+0.000 state=IDLE
2025-12-14 21:12:22,925 [INFO] [btc-updown-15m-1765742400] IDLE | T-157s
  YES: bid=0.300 ask=0.320 | NO: bid=0.000 ask=0.000
  q_yes=0.00 q_no=0.00 | avg_yes=0.000 avg_no=0.000
  exposure=$0.00 | mtm_pnl=$+0.00 | locked=$+0.00
  exposure=$0.00 | mtm_pnl=$+0.00 | locked=$+0.00
  orders: 0 | fills: 0 ()
2025-12-14 21:12:23,776 [INFO] Stopping...
2025-12-14 21:19:41,594 [WARNING] [93m==================================================
2025-12-14 21:19:41,594 [WARNING] !!! RUNNING IN DRY RUN / SIMULATION MODE !!!
2025-12-14 21:19:41,594 [WARNING] No real orders will be placed.
2025-12-14 21:19:41,594 [WARNING] All generated orders will be IMMEIDATELY FILLED (Simulated).
2025-12-14 21:19:41,594 [WARNING] ==================================================[0m
2025-12-14 21:19:41,594 [INFO] --- GABAGOOL LITE INITIALIZATION ---
2025-12-14 21:19:41,598 [INFO] [ALERT] CLOB client authentifié initialisé sur https://clob.polymarket.com
2025-12-14 21:19:41,599 [WARNING] MODE LIVE - ORDRES RÉELS POSSIBLES
2025-12-14 21:19:41,599 [INFO] API Client Authenticated.
2025-12-14 21:19:41,599 [INFO] Orchestrator initialized. Dry Run: True
2025-12-14 21:19:43,095 [INFO] [ORCHESTRATOR] Adding new strategy: btc-updown-15m-1765743300
2025-12-14 21:19:45,279 [ERROR] Market update error btc-updown-15m-1765743300: 'BookSnapshot' object has no attribute 'mid_price'
2025-12-14 21:19:46,756 [INFO] [btc-updown-15m-1765743300] IDLE | T-614s
  YES: bid=0.420 ask=0.430 | NO: bid=0.570 ask=0.580
  q_yes=0.00 q_no=0.00 | avg_yes=0.000 avg_no=0.000
  exposure=$0.00 | mtm_pnl=$+0.00 | locked=$+0.00
  exposure=$0.00 | mtm_pnl=$+0.00 | locked=$+0.00
  orders: 0 | fills: 0 ()
2025-12-14 21:19:48,690 [INFO] [btc-updown-15m-1765743300] Hybrid Tracking Start: BTC T0 = $88771.79
2025-12-14 21:19:48,690 [ERROR] Market update error btc-updown-15m-1765743300: 'BookSnapshot' object has no attribute 'mid_price'
2025-12-14 21:19:49,501 [INFO] [btc-updown-15m-1765743300] IDLE | T-611s
  YES: bid=0.400 ask=0.410 | NO: bid=0.580 ask=0.600
  q_yes=0.00 q_no=0.00 | avg_yes=0.000 avg_no=0.000
  exposure=$0.00 | mtm_pnl=$+0.00 | locked=$+0.00
  exposure=$0.00 | mtm_pnl=$+0.00 | locked=$+0.00
  orders: 0 | fills: 0 ()
2025-12-14 21:19:51,475 [ERROR] Market update error btc-updown-15m-1765743300: 'BookSnapshot' object has no attribute 'mid_price'
2025-12-14 21:19:52,983 [INFO] [btc-updown-15m-1765743300] IDLE | T-608s
  YES: bid=0.410 ask=0.430 | NO: bid=0.570 ask=0.600
  q_yes=0.00 q_no=0.00 | avg_yes=0.000 avg_no=0.000
  exposure=$0.00 | mtm_pnl=$+0.00 | locked=$+0.00
  exposure=$0.00 | mtm_pnl=$+0.00 | locked=$+0.00
  orders: 0 | fills: 0 ()
2025-12-14 21:19:54,910 [ERROR] Market update error btc-updown-15m-1765743300: 'BookSnapshot' object has no attribute 'mid_price'
2025-12-14 21:19:55,587 [INFO] [btc-updown-15m-1765743300] IDLE | T-605s
  YES: bid=0.410 ask=0.420 | NO: bid=0.580 ask=0.590
  q_yes=0.00 q_no=0.00 | avg_yes=0.000 avg_no=0.000
  exposure=$0.00 | mtm_pnl=$+0.00 | locked=$+0.00
  exposure=$0.00 | mtm_pnl=$+0.00 | locked=$+0.00
  orders: 0 | fills: 0 ()
2025-12-14 21:19:58,952 [ERROR] Market update error btc-updown-15m-1765743300: 'BookSnapshot' object has no attribute 'mid_price'
2025-12-14 21:20:00,275 [INFO] [btc-updown-15m-1765743300] IDLE | T-601s
  YES: bid=0.400 ask=0.410 | NO: bid=0.590 ask=0.600
  q_yes=0.00 q_no=0.00 | avg_yes=0.000 avg_no=0.000
  exposure=$0.00 | mtm_pnl=$+0.00 | locked=$+0.00
  exposure=$0.00 | mtm_pnl=$+0.00 | locked=$+0.00
  orders: 0 | fills: 0 ()
2025-12-14 21:20:02,304 [ERROR] Market update error btc-updown-15m-1765743300: 'BookSnapshot' object has no attribute 'mid_price'
2025-12-14 21:20:03,035 [INFO] [btc-updown-15m-1765743300] IDLE | T-597s
  YES: bid=0.420 ask=0.430 | NO: bid=0.570 ask=0.580
  q_yes=0.00 q_no=0.00 | avg_yes=0.000 avg_no=0.000
  exposure=$0.00 | mtm_pnl=$+0.00 | locked=$+0.00
  exposure=$0.00 | mtm_pnl=$+0.00 | locked=$+0.00
  orders: 0 | fills: 0 ()
2025-12-14 21:20:05,029 [ERROR] Market update error btc-updown-15m-1765743300: 'BookSnapshot' object has no attribute 'mid_price'
2025-12-14 21:20:06,603 [INFO] [btc-updown-15m-1765743300] IDLE | T-594s
  YES: bid=0.420 ask=0.430 | NO: bid=0.550 ask=0.560
  q_yes=0.00 q_no=0.00 | avg_yes=0.000 avg_no=0.000
  exposure=$0.00 | mtm_pnl=$+0.00 | locked=$+0.00
  exposure=$0.00 | mtm_pnl=$+0.00 | locked=$+0.00
  orders: 0 | fills: 0 ()
2025-12-14 21:20:08,646 [ERROR] Market update error btc-updown-15m-1765743300: 'BookSnapshot' object has no attribute 'mid_price'
2025-12-14 21:20:09,332 [INFO] [btc-updown-15m-1765743300] IDLE | T-591s
  YES: bid=0.450 ask=0.460 | NO: bid=0.540 ask=0.550
  q_yes=0.00 q_no=0.00 | avg_yes=0.000 avg_no=0.000
  exposure=$0.00 | mtm_pnl=$+0.00 | locked=$+0.00
  exposure=$0.00 | mtm_pnl=$+0.00 | locked=$+0.00
  orders: 0 | fills: 0 ()
2025-12-14 21:20:12,732 [ERROR] Market update error btc-updown-15m-1765743300: 'BookSnapshot' object has no attribute 'mid_price'
2025-12-14 21:20:14,098 [INFO] [btc-updown-15m-1765743300] IDLE | T-587s
  YES: bid=0.420 ask=0.430 | NO: bid=0.570 ask=0.580
  q_yes=0.00 q_no=0.00 | avg_yes=0.000 avg_no=0.000
  exposure=$0.00 | mtm_pnl=$+0.00 | locked=$+0.00
  exposure=$0.00 | mtm_pnl=$+0.00 | locked=$+0.00
  orders: 0 | fills: 0 ()
2025-12-14 21:20:16,162 [ERROR] Market update error btc-updown-15m-1765743300: 'BookSnapshot' object has no attribute 'mid_price'
2025-12-14 21:20:16,838 [INFO] [btc-updown-15m-1765743300] IDLE | T-583s
  YES: bid=0.370 ask=0.380 | NO: bid=0.620 ask=0.630
  q_yes=0.00 q_no=0.00 | avg_yes=0.000 avg_no=0.000
  exposure=$0.00 | mtm_pnl=$+0.00 | locked=$+0.00
  exposure=$0.00 | mtm_pnl=$+0.00 | locked=$+0.00
  orders: 0 | fills: 0 ()
2025-12-14 21:20:18,744 [ERROR] Market update error btc-updown-15m-1765743300: 'BookSnapshot' object has no attribute 'mid_price'
2025-12-14 21:20:20,163 [INFO] [btc-updown-15m-1765743300] IDLE | T-581s
  YES: bid=0.420 ask=0.430 | NO: bid=0.560 ask=0.580
  q_yes=0.00 q_no=0.00 | avg_yes=0.000 avg_no=0.000
  exposure=$0.00 | mtm_pnl=$+0.00 | locked=$+0.00
  exposure=$0.00 | mtm_pnl=$+0.00 | locked=$+0.00
  orders: 0 | fills: 0 ()
2025-12-14 21:20:22,101 [ERROR] Market update error btc-updown-15m-1765743300: 'BookSnapshot' object has no attribute 'mid_price'
2025-12-14 21:20:22,790 [INFO] [btc-updown-15m-1765743300] IDLE | T-577s
  YES: bid=0.430 ask=0.440 | NO: bid=0.560 ask=0.570
  q_yes=0.00 q_no=0.00 | avg_yes=0.000 avg_no=0.000
  exposure=$0.00 | mtm_pnl=$+0.00 | locked=$+0.00
  exposure=$0.00 | mtm_pnl=$+0.00 | locked=$+0.00
  orders: 0 | fills: 0 ()
2025-12-14 21:20:26,559 [ERROR] Market update error btc-updown-15m-1765743300: 'BookSnapshot' object has no attribute 'mid_price'
2025-12-14 21:20:28,012 [INFO] [btc-updown-15m-1765743300] IDLE | T-573s
  YES: bid=0.390 ask=0.400 | NO: bid=0.590 ask=0.610
  q_yes=0.00 q_no=0.00 | avg_yes=0.000 avg_no=0.000
  exposure=$0.00 | mtm_pnl=$+0.00 | locked=$+0.00
  exposure=$0.00 | mtm_pnl=$+0.00 | locked=$+0.00
  orders: 0 | fills: 0 ()
2025-12-14 21:20:30,096 [ERROR] Market update error btc-updown-15m-1765743300: 'BookSnapshot' object has no attribute 'mid_price'
2025-12-14 21:20:30,765 [INFO] [btc-updown-15m-1765743300] IDLE | T-569s
  YES: bid=0.390 ask=0.400 | NO: bid=0.600 ask=0.610
  q_yes=0.00 q_no=0.00 | avg_yes=0.000 avg_no=0.000
  exposure=$0.00 | mtm_pnl=$+0.00 | locked=$+0.00
  exposure=$0.00 | mtm_pnl=$+0.00 | locked=$+0.00
  orders: 0 | fills: 0 ()
2025-12-14 21:20:32,875 [ERROR] Market update error btc-updown-15m-1765743300: 'BookSnapshot' object has no attribute 'mid_price'
2025-12-14 21:20:34,231 [INFO] [btc-updown-15m-1765743300] IDLE | T-567s
  YES: bid=0.460 ask=0.470 | NO: bid=0.530 ask=0.540
  q_yes=0.00 q_no=0.00 | avg_yes=0.000 avg_no=0.000
  exposure=$0.00 | mtm_pnl=$+0.00 | locked=$+0.00
  exposure=$0.00 | mtm_pnl=$+0.00 | locked=$+0.00
  orders: 0 | fills: 0 ()
2025-12-14 21:20:36,144 [ERROR] Market update error btc-updown-15m-1765743300: 'BookSnapshot' object has no attribute 'mid_price'
2025-12-14 21:20:36,944 [INFO] [btc-updown-15m-1765743300] IDLE | T-563s
  YES: bid=0.460 ask=0.470 | NO: bid=0.530 ask=0.540
  q_yes=0.00 q_no=0.00 | avg_yes=0.000 avg_no=0.000
  exposure=$0.00 | mtm_pnl=$+0.00 | locked=$+0.00
  exposure=$0.00 | mtm_pnl=$+0.00 | locked=$+0.00
  orders: 0 | fills: 0 ()
2025-12-14 21:20:40,395 [ERROR] Market update error btc-updown-15m-1765743300: 'BookSnapshot' object has no attribute 'mid_price'
2025-12-14 21:20:41,944 [INFO] [btc-updown-15m-1765743300] IDLE | T-559s
  YES: bid=0.470 ask=0.480 | NO: bid=0.520 ask=0.530
  q_yes=0.00 q_no=0.00 | avg_yes=0.000 avg_no=0.000
  exposure=$0.00 | mtm_pnl=$+0.00 | locked=$+0.00
  exposure=$0.00 | mtm_pnl=$+0.00 | locked=$+0.00
  orders: 0 | fills: 0 ()
2025-12-14 21:20:43,899 [ERROR] Market update error btc-updown-15m-1765743300: 'BookSnapshot' object has no attribute 'mid_price'
2025-12-14 21:20:44,586 [INFO] [btc-updown-15m-1765743300] IDLE | T-556s
  YES: bid=0.480 ask=0.490 | NO: bid=0.500 ask=0.520
  q_yes=0.00 q_no=0.00 | avg_yes=0.000 avg_no=0.000
  exposure=$0.00 | mtm_pnl=$+0.00 | locked=$+0.00
  exposure=$0.00 | mtm_pnl=$+0.00 | locked=$+0.00
  orders: 0 | fills: 0 ()
2025-12-14 21:20:46,631 [ERROR] Market update error btc-updown-15m-1765743300: 'BookSnapshot' object has no attribute 'mid_price'
2025-12-14 21:20:48,060 [INFO] [btc-updown-15m-1765743300] IDLE | T-553s
  YES: bid=0.470 ask=0.490 | NO: bid=0.510 ask=0.530
  q_yes=0.00 q_no=0.00 | avg_yes=0.000 avg_no=0.000
  exposure=$0.00 | mtm_pnl=$+0.00 | locked=$+0.00
  exposure=$0.00 | mtm_pnl=$+0.00 | locked=$+0.00
  orders: 0 | fills: 0 ()
2025-12-14 21:20:50,025 [ERROR] Market update error btc-updown-15m-1765743300: 'BookSnapshot' object has no attribute 'mid_price'
2025-12-14 21:20:50,706 [INFO] [btc-updown-15m-1765743300] IDLE | T-549s
  YES: bid=0.450 ask=0.460 | NO: bid=0.540 ask=0.550
  q_yes=0.00 q_no=0.00 | avg_yes=0.000 avg_no=0.000
  exposure=$0.00 | mtm_pnl=$+0.00 | locked=$+0.00
  exposure=$0.00 | mtm_pnl=$+0.00 | locked=$+0.00
  orders: 0 | fills: 0 ()
2025-12-14 21:20:54,065 [ERROR] Market update error btc-updown-15m-1765743300: 'BookSnapshot' object has no attribute 'mid_price'
2025-12-14 21:20:55,515 [INFO] [btc-updown-15m-1765743300] IDLE | T-545s
  YES: bid=0.480 ask=0.490 | NO: bid=0.510 ask=0.520
  q_yes=0.00 q_no=0.00 | avg_yes=0.000 avg_no=0.000
  exposure=$0.00 | mtm_pnl=$+0.00 | locked=$+0.00
  exposure=$0.00 | mtm_pnl=$+0.00 | locked=$+0.00
  orders: 0 | fills: 0 ()
2025-12-14 21:20:57,463 [ERROR] Market update error btc-updown-15m-1765743300: 'BookSnapshot' object has no attribute 'mid_price'
2025-12-14 21:20:58,176 [INFO] [btc-updown-15m-1765743300] IDLE | T-542s
  YES: bid=0.430 ask=0.440 | NO: bid=0.540 ask=0.570
  q_yes=0.00 q_no=0.00 | avg_yes=0.000 avg_no=0.000
  exposure=$0.00 | mtm_pnl=$+0.00 | locked=$+0.00
  exposure=$0.00 | mtm_pnl=$+0.00 | locked=$+0.00
  orders: 0 | fills: 0 ()
2025-12-14 21:21:00,198 [ERROR] Market update error btc-updown-15m-1765743300: 'BookSnapshot' object has no attribute 'mid_price'
2025-12-14 21:21:01,561 [INFO] [btc-updown-15m-1765743300] IDLE | T-539s
  YES: bid=0.410 ask=0.420 | NO: bid=0.600 ask=0.610
  q_yes=0.00 q_no=0.00 | avg_yes=0.000 avg_no=0.000
  exposure=$0.00 | mtm_pnl=$+0.00 | locked=$+0.00
  exposure=$0.00 | mtm_pnl=$+0.00 | locked=$+0.00
  orders: 0 | fills: 0 ()
2025-12-14 21:21:03,503 [ERROR] Market update error btc-updown-15m-1765743300: 'BookSnapshot' object has no attribute 'mid_price'
2025-12-14 21:21:04,351 [INFO] [btc-updown-15m-1765743300] IDLE | T-536s
  YES: bid=0.360 ask=0.370 | NO: bid=0.630 ask=0.640
  q_yes=0.00 q_no=0.00 | avg_yes=0.000 avg_no=0.000
  exposure=$0.00 | mtm_pnl=$+0.00 | locked=$+0.00
  exposure=$0.00 | mtm_pnl=$+0.00 | locked=$+0.00
  orders: 0 | fills: 0 ()
2025-12-14 21:21:06,754 [ERROR] Market update error btc-updown-15m-1765743300: 'BookSnapshot' object has no attribute 'mid_price'
2025-12-14 21:21:07,910 [INFO] Stopping...
2025-12-14 21:21:10,679 [WARNING] [93m==================================================
2025-12-14 21:21:10,679 [WARNING] !!! RUNNING IN DRY RUN / SIMULATION MODE !!!
2025-12-14 21:21:10,679 [WARNING] No real orders will be placed.
2025-12-14 21:21:10,679 [WARNING] All generated orders will be IMMEIDATELY FILLED (Simulated).
2025-12-14 21:21:10,679 [WARNING] ==================================================[0m
2025-12-14 21:21:10,679 [INFO] --- GABAGOOL LITE INITIALIZATION ---
2025-12-14 21:21:10,683 [INFO] [ALERT] CLOB client authentifié initialisé sur https://clob.polymarket.com
2025-12-14 21:21:10,683 [WARNING] MODE LIVE - ORDRES RÉELS POSSIBLES
2025-12-14 21:21:10,683 [INFO] API Client Authenticated.
2025-12-14 21:21:10,683 [INFO] Orchestrator initialized. Dry Run: True
2025-12-14 21:21:12,230 [INFO] [ORCHESTRATOR] Adding new strategy: btc-updown-15m-1765743300
2025-12-14 21:21:15,645 [INFO] [btc-updown-15m-1765743300] IDLE | T-525s
  YES: bid=0.390 ask=0.400 | NO: bid=0.600 ask=0.610
  q_yes=0.00 q_no=0.00 | avg_yes=0.000 avg_no=0.000
  exposure=$0.00 | mtm_pnl=$+0.00 | locked=$+0.00
  exposure=$0.00 | mtm_pnl=$+0.00 | locked=$+0.00
  orders: 0 | fills: 0 ()
2025-12-14 21:21:17,730 [INFO] [btc-updown-15m-1765743300] Hybrid Tracking Start: BTC T0 = $88802.43
2025-12-14 21:21:18,454 [INFO] [btc-updown-15m-1765743300] IDLE | T-522s
  YES: bid=0.390 ask=0.400 | NO: bid=0.600 ask=0.630
  q_yes=0.00 q_no=0.00 | avg_yes=0.000 avg_no=0.000
  exposure=$0.00 | mtm_pnl=$+0.00 | locked=$+0.00
  exposure=$0.00 | mtm_pnl=$+0.00 | locked=$+0.00
  orders: 0 | fills: 0 ()
2025-12-14 21:21:22,140 [INFO] [btc-updown-15m-1765743300] IDLE | T-519s
  YES: bid=0.370 ask=0.380 | NO: bid=0.610 ask=0.620
  q_yes=0.00 q_no=0.00 | avg_yes=0.000 avg_no=0.000
  exposure=$0.00 | mtm_pnl=$+0.00 | locked=$+0.00
  exposure=$0.00 | mtm_pnl=$+0.00 | locked=$+0.00
  orders: 0 | fills: 0 ()
2025-12-14 21:21:26,261 [INFO] [btc-updown-15m-1765743300] IDLE | T-514s
  YES: bid=0.350 ask=0.360 | NO: bid=0.640 ask=0.650
  q_yes=0.00 q_no=0.00 | avg_yes=0.000 avg_no=0.000
  exposure=$0.00 | mtm_pnl=$+0.00 | locked=$+0.00
  exposure=$0.00 | mtm_pnl=$+0.00 | locked=$+0.00
  orders: 0 | fills: 0 ()
2025-12-14 21:21:29,624 [INFO] [btc-updown-15m-1765743300] IDLE | T-511s
  YES: bid=0.330 ask=0.340 | NO: bid=0.660 ask=0.670
  q_yes=0.00 q_no=0.00 | avg_yes=0.000 avg_no=0.000
  exposure=$0.00 | mtm_pnl=$+0.00 | locked=$+0.00
  exposure=$0.00 | mtm_pnl=$+0.00 | locked=$+0.00
  orders: 0 | fills: 0 ()
2025-12-14 21:21:32,194 [INFO] [btc-updown-15m-1765743300] IDLE | T-508s
  YES: bid=0.330 ask=0.340 | NO: bid=0.660 ask=0.670
  q_yes=0.00 q_no=0.00 | avg_yes=0.000 avg_no=0.000
  exposure=$0.00 | mtm_pnl=$+0.00 | locked=$+0.00
  exposure=$0.00 | mtm_pnl=$+0.00 | locked=$+0.00
  orders: 0 | fills: 0 ()
2025-12-14 21:21:35,472 [INFO] [btc-updown-15m-1765743300] IDLE | T-505s
  YES: bid=0.330 ask=0.340 | NO: bid=0.660 ask=0.680
  q_yes=0.00 q_no=0.00 | avg_yes=0.000 avg_no=0.000
  exposure=$0.00 | mtm_pnl=$+0.00 | locked=$+0.00
  exposure=$0.00 | mtm_pnl=$+0.00 | locked=$+0.00
  orders: 0 | fills: 0 ()
2025-12-14 21:21:39,677 [INFO] [btc-updown-15m-1765743300] IDLE | T-501s
  YES: bid=0.320 ask=0.330 | NO: bid=0.660 ask=0.680
  q_yes=0.00 q_no=0.00 | avg_yes=0.000 avg_no=0.000
  exposure=$0.00 | mtm_pnl=$+0.00 | locked=$+0.00
  exposure=$0.00 | mtm_pnl=$+0.00 | locked=$+0.00
  orders: 0 | fills: 0 ()
2025-12-14 21:21:43,012 [INFO] [btc-updown-15m-1765743300] IDLE | T-498s
  YES: bid=0.310 ask=0.320 | NO: bid=0.680 ask=0.690
  q_yes=0.00 q_no=0.00 | avg_yes=0.000 avg_no=0.000
  exposure=$0.00 | mtm_pnl=$+0.00 | locked=$+0.00
  exposure=$0.00 | mtm_pnl=$+0.00 | locked=$+0.00
  orders: 0 | fills: 0 ()
2025-12-14 21:21:45,815 [INFO] [btc-updown-15m-1765743300] IDLE | T-494s
  YES: bid=0.300 ask=0.310 | NO: bid=0.690 ask=0.700
  q_yes=0.00 q_no=0.00 | avg_yes=0.000 avg_no=0.000
  exposure=$0.00 | mtm_pnl=$+0.00 | locked=$+0.00
  exposure=$0.00 | mtm_pnl=$+0.00 | locked=$+0.00
  orders: 0 | fills: 0 ()
2025-12-14 21:21:49,240 [INFO] [btc-updown-15m-1765743300] IDLE | T-492s
  YES: bid=0.300 ask=0.310 | NO: bid=0.690 ask=0.700
  q_yes=0.00 q_no=0.00 | avg_yes=0.000 avg_no=0.000
  exposure=$0.00 | mtm_pnl=$+0.00 | locked=$+0.00
  exposure=$0.00 | mtm_pnl=$+0.00 | locked=$+0.00
  orders: 0 | fills: 0 ()
2025-12-14 21:21:53,410 [INFO] [btc-updown-15m-1765743300] IDLE | T-487s
  YES: bid=0.320 ask=0.330 | NO: bid=0.670 ask=0.680
  q_yes=0.00 q_no=0.00 | avg_yes=0.000 avg_no=0.000
  exposure=$0.00 | mtm_pnl=$+0.00 | locked=$+0.00
  exposure=$0.00 | mtm_pnl=$+0.00 | locked=$+0.00
  orders: 0 | fills: 0 ()
2025-12-14 21:21:56,726 [INFO] [btc-updown-15m-1765743300] IDLE | T-484s
  YES: bid=0.320 ask=0.330 | NO: bid=0.670 ask=0.680
  q_yes=0.00 q_no=0.00 | avg_yes=0.000 avg_no=0.000
  exposure=$0.00 | mtm_pnl=$+0.00 | locked=$+0.00
  exposure=$0.00 | mtm_pnl=$+0.00 | locked=$+0.00
  orders: 0 | fills: 0 ()
2025-12-14 21:21:59,406 [INFO] [btc-updown-15m-1765743300] IDLE | T-481s
  YES: bid=0.330 ask=0.340 | NO: bid=0.650 ask=0.670
  q_yes=0.00 q_no=0.00 | avg_yes=0.000 avg_no=0.000
  exposure=$0.00 | mtm_pnl=$+0.00 | locked=$+0.00
  exposure=$0.00 | mtm_pnl=$+0.00 | locked=$+0.00
  orders: 0 | fills: 0 ()
2025-12-14 21:22:02,803 [INFO] [btc-updown-15m-1765743300] IDLE | T-478s
  YES: bid=0.370 ask=0.380 | NO: bid=0.620 ask=0.630
  q_yes=0.00 q_no=0.00 | avg_yes=0.000 avg_no=0.000
  exposure=$0.00 | mtm_pnl=$+0.00 | locked=$+0.00
  exposure=$0.00 | mtm_pnl=$+0.00 | locked=$+0.00
  orders: 0 | fills: 0 ()
2025-12-14 21:22:07,080 [INFO] [btc-updown-15m-1765743300] IDLE | T-473s
  YES: bid=0.370 ask=0.380 | NO: bid=0.620 ask=0.630
  q_yes=0.00 q_no=0.00 | avg_yes=0.000 avg_no=0.000
  exposure=$0.00 | mtm_pnl=$+0.00 | locked=$+0.00
  exposure=$0.00 | mtm_pnl=$+0.00 | locked=$+0.00
  orders: 0 | fills: 0 ()
2025-12-14 21:22:10,505 [INFO] [btc-updown-15m-1765743300] IDLE | T-470s
  YES: bid=0.370 ask=0.380 | NO: bid=0.630 ask=0.640
  q_yes=0.00 q_no=0.00 | avg_yes=0.000 avg_no=0.000
  exposure=$0.00 | mtm_pnl=$+0.00 | locked=$+0.00
  exposure=$0.00 | mtm_pnl=$+0.00 | locked=$+0.00
  orders: 0 | fills: 0 ()
2025-12-14 21:22:13,188 [INFO] [btc-updown-15m-1765743300] IDLE | T-467s
  YES: bid=0.350 ask=0.360 | NO: bid=0.640 ask=0.660
  q_yes=0.00 q_no=0.00 | avg_yes=0.000 avg_no=0.000
  exposure=$0.00 | mtm_pnl=$+0.00 | locked=$+0.00
  exposure=$0.00 | mtm_pnl=$+0.00 | locked=$+0.00
  orders: 0 | fills: 0 ()
2025-12-14 21:22:16,545 [INFO] [btc-updown-15m-1765743300] IDLE | T-464s
  YES: bid=0.330 ask=0.340 | NO: bid=0.660 ask=0.670
  q_yes=0.00 q_no=0.00 | avg_yes=0.000 avg_no=0.000
  exposure=$0.00 | mtm_pnl=$+0.00 | locked=$+0.00
  exposure=$0.00 | mtm_pnl=$+0.00 | locked=$+0.00
  orders: 0 | fills: 0 ()
2025-12-14 21:22:20,685 [INFO] [btc-updown-15m-1765743300] IDLE | T-460s
  YES: bid=0.300 ask=0.310 | NO: bid=0.710 ask=0.720
  q_yes=0.00 q_no=0.00 | avg_yes=0.000 avg_no=0.000
  exposure=$0.00 | mtm_pnl=$+0.00 | locked=$+0.00
  exposure=$0.00 | mtm_pnl=$+0.00 | locked=$+0.00
  orders: 0 | fills: 0 ()
2025-12-14 21:22:23,965 [INFO] [btc-updown-15m-1765743300] IDLE | T-457s
  YES: bid=0.270 ask=0.280 | NO: bid=0.720 ask=0.730
  q_yes=0.00 q_no=0.00 | avg_yes=0.000 avg_no=0.000
  exposure=$0.00 | mtm_pnl=$+0.00 | locked=$+0.00
  exposure=$0.00 | mtm_pnl=$+0.00 | locked=$+0.00
  orders: 0 | fills: 0 ()
2025-12-14 21:22:26,674 [INFO] [btc-updown-15m-1765743300] IDLE | T-454s
  YES: bid=0.240 ask=0.250 | NO: bid=0.760 ask=0.770
  q_yes=0.00 q_no=0.00 | avg_yes=0.000 avg_no=0.000
  exposure=$0.00 | mtm_pnl=$+0.00 | locked=$+0.00
  exposure=$0.00 | mtm_pnl=$+0.00 | locked=$+0.00
  orders: 0 | fills: 0 ()
2025-12-14 21:22:29,975 [INFO] [btc-updown-15m-1765743300] IDLE | T-451s
  YES: bid=0.200 ask=0.210 | NO: bid=0.790 ask=0.800
  q_yes=0.00 q_no=0.00 | avg_yes=0.000 avg_no=0.000
  exposure=$0.00 | mtm_pnl=$+0.00 | locked=$+0.00
  exposure=$0.00 | mtm_pnl=$+0.00 | locked=$+0.00
  orders: 0 | fills: 0 ()
2025-12-14 21:22:34,040 [INFO] [btc-updown-15m-1765743300] IDLE | T-446s
  YES: bid=0.170 ask=0.180 | NO: bid=0.820 ask=0.830
  q_yes=0.00 q_no=0.00 | avg_yes=0.000 avg_no=0.000
  exposure=$0.00 | mtm_pnl=$+0.00 | locked=$+0.00
  exposure=$0.00 | mtm_pnl=$+0.00 | locked=$+0.00
  orders: 0 | fills: 0 ()
2025-12-14 21:22:37,262 [INFO] [btc-updown-15m-1765743300] IDLE | T-444s
  YES: bid=0.160 ask=0.170 | NO: bid=0.820 ask=0.840
  q_yes=0.00 q_no=0.00 | avg_yes=0.000 avg_no=0.000
  exposure=$0.00 | mtm_pnl=$+0.00 | locked=$+0.00
  exposure=$0.00 | mtm_pnl=$+0.00 | locked=$+0.00
  orders: 0 | fills: 0 ()
2025-12-14 21:22:39,915 [INFO] [btc-updown-15m-1765743300] IDLE | T-440s
  YES: bid=0.170 ask=0.180 | NO: bid=0.810 ask=0.830
  q_yes=0.00 q_no=0.00 | avg_yes=0.000 avg_no=0.000
  exposure=$0.00 | mtm_pnl=$+0.00 | locked=$+0.00
  exposure=$0.00 | mtm_pnl=$+0.00 | locked=$+0.00
  orders: 0 | fills: 0 ()
2025-12-14 21:22:43,234 [INFO] [btc-updown-15m-1765743300] IDLE | T-438s
  YES: bid=0.170 ask=0.180 | NO: bid=0.820 ask=0.830
  q_yes=0.00 q_no=0.00 | avg_yes=0.000 avg_no=0.000
  exposure=$0.00 | mtm_pnl=$+0.00 | locked=$+0.00
  exposure=$0.00 | mtm_pnl=$+0.00 | locked=$+0.00
  orders: 0 | fills: 0 ()
2025-12-14 21:22:47,313 [INFO] [btc-updown-15m-1765743300] IDLE | T-433s
  YES: bid=0.160 ask=0.180 | NO: bid=0.820 ask=0.840
  q_yes=0.00 q_no=0.00 | avg_yes=0.000 avg_no=0.000
  exposure=$0.00 | mtm_pnl=$+0.00 | locked=$+0.00
  exposure=$0.00 | mtm_pnl=$+0.00 | locked=$+0.00
  orders: 0 | fills: 0 ()
2025-12-14 21:22:50,592 [INFO] [btc-updown-15m-1765743300] IDLE | T-430s
  YES: bid=0.160 ask=0.180 | NO: bid=0.820 ask=0.840
  q_yes=0.00 q_no=0.00 | avg_yes=0.000 avg_no=0.000
  exposure=$0.00 | mtm_pnl=$+0.00 | locked=$+0.00
  exposure=$0.00 | mtm_pnl=$+0.00 | locked=$+0.00
  orders: 0 | fills: 0 ()
2025-12-14 21:22:53,333 [INFO] [btc-updown-15m-1765743300] IDLE | T-427s
  YES: bid=0.160 ask=0.180 | NO: bid=0.820 ask=0.830
  q_yes=0.00 q_no=0.00 | avg_yes=0.000 avg_no=0.000
  exposure=$0.00 | mtm_pnl=$+0.00 | locked=$+0.00
  exposure=$0.00 | mtm_pnl=$+0.00 | locked=$+0.00
  orders: 0 | fills: 0 ()
2025-12-14 21:22:56,554 [INFO] [btc-updown-15m-1765743300] IDLE | T-424s
  YES: bid=0.160 ask=0.170 | NO: bid=0.830 ask=0.840
  q_yes=0.00 q_no=0.00 | avg_yes=0.000 avg_no=0.000
  exposure=$0.00 | mtm_pnl=$+0.00 | locked=$+0.00
  exposure=$0.00 | mtm_pnl=$+0.00 | locked=$+0.00
  orders: 0 | fills: 0 ()
2025-12-14 21:23:00,575 [INFO] [btc-updown-15m-1765743300] IDLE | T-420s
  YES: bid=0.160 ask=0.180 | NO: bid=0.820 ask=0.830
  q_yes=0.00 q_no=0.00 | avg_yes=0.000 avg_no=0.000
  exposure=$0.00 | mtm_pnl=$+0.00 | locked=$+0.00
  exposure=$0.00 | mtm_pnl=$+0.00 | locked=$+0.00
  orders: 0 | fills: 0 ()
2025-12-14 21:23:03,953 [INFO] [btc-updown-15m-1765743300] IDLE | T-417s
  YES: bid=0.200 ask=0.210 | NO: bid=0.790 ask=0.800
  q_yes=0.00 q_no=0.00 | avg_yes=0.000 avg_no=0.000
  exposure=$0.00 | mtm_pnl=$+0.00 | locked=$+0.00
  exposure=$0.00 | mtm_pnl=$+0.00 | locked=$+0.00
  orders: 0 | fills: 0 ()
2025-12-14 21:23:06,542 [INFO] [btc-updown-15m-1765743300] IDLE | T-414s
  YES: bid=0.120 ask=0.130 | NO: bid=0.870 ask=0.880
  q_yes=0.00 q_no=0.00 | avg_yes=0.000 avg_no=0.000
  exposure=$0.00 | mtm_pnl=$+0.00 | locked=$+0.00
  exposure=$0.00 | mtm_pnl=$+0.00 | locked=$+0.00
  orders: 0 | fills: 0 ()
2025-12-14 21:23:09,772 [INFO] [btc-updown-15m-1765743300] IDLE | T-411s
  YES: bid=0.120 ask=0.130 | NO: bid=0.870 ask=0.880
  q_yes=0.00 q_no=0.00 | avg_yes=0.000 avg_no=0.000
  exposure=$0.00 | mtm_pnl=$+0.00 | locked=$+0.00
  exposure=$0.00 | mtm_pnl=$+0.00 | locked=$+0.00
  orders: 0 | fills: 0 ()
2025-12-14 21:23:14,110 [INFO] [btc-updown-15m-1765743300] IDLE | T-406s
  YES: bid=0.120 ask=0.130 | NO: bid=0.870 ask=0.880
  q_yes=0.00 q_no=0.00 | avg_yes=0.000 avg_no=0.000
  exposure=$0.00 | mtm_pnl=$+0.00 | locked=$+0.00
  exposure=$0.00 | mtm_pnl=$+0.00 | locked=$+0.00
  orders: 0 | fills: 0 ()
2025-12-14 21:23:17,698 [INFO] [btc-updown-15m-1765743300] IDLE | T-403s
  YES: bid=0.120 ask=0.130 | NO: bid=0.870 ask=0.880
  q_yes=0.00 q_no=0.00 | avg_yes=0.000 avg_no=0.000
  exposure=$0.00 | mtm_pnl=$+0.00 | locked=$+0.00
  exposure=$0.00 | mtm_pnl=$+0.00 | locked=$+0.00
  orders: 0 | fills: 0 ()
2025-12-14 21:23:20,433 [INFO] [btc-updown-15m-1765743300] IDLE | T-400s
  YES: bid=0.130 ask=0.140 | NO: bid=0.860 ask=0.870
  q_yes=0.00 q_no=0.00 | avg_yes=0.000 avg_no=0.000
  exposure=$0.00 | mtm_pnl=$+0.00 | locked=$+0.00
  exposure=$0.00 | mtm_pnl=$+0.00 | locked=$+0.00
  orders: 0 | fills: 0 ()
2025-12-14 21:23:23,720 [INFO] [btc-updown-15m-1765743300] IDLE | T-397s
  YES: bid=0.130 ask=0.140 | NO: bid=0.860 ask=0.870
  q_yes=0.00 q_no=0.00 | avg_yes=0.000 avg_no=0.000
  exposure=$0.00 | mtm_pnl=$+0.00 | locked=$+0.00
  exposure=$0.00 | mtm_pnl=$+0.00 | locked=$+0.00
  orders: 0 | fills: 0 ()
2025-12-14 21:23:27,685 [INFO] [btc-updown-15m-1765743300] IDLE | T-393s
  YES: bid=0.130 ask=0.140 | NO: bid=0.860 ask=0.870
  q_yes=0.00 q_no=0.00 | avg_yes=0.000 avg_no=0.000
  exposure=$0.00 | mtm_pnl=$+0.00 | locked=$+0.00
  exposure=$0.00 | mtm_pnl=$+0.00 | locked=$+0.00
  orders: 0 | fills: 0 ()
2025-12-14 21:23:31,043 [INFO] [btc-updown-15m-1765743300] IDLE | T-390s
  YES: bid=0.140 ask=0.150 | NO: bid=0.850 ask=0.860
  q_yes=0.00 q_no=0.00 | avg_yes=0.000 avg_no=0.000
  exposure=$0.00 | mtm_pnl=$+0.00 | locked=$+0.00
  exposure=$0.00 | mtm_pnl=$+0.00 | locked=$+0.00
  orders: 0 | fills: 0 ()
2025-12-14 21:23:33,685 [INFO] [btc-updown-15m-1765743300] IDLE | T-386s
  YES: bid=0.130 ask=0.140 | NO: bid=0.860 ask=0.870
  q_yes=0.00 q_no=0.00 | avg_yes=0.000 avg_no=0.000
  exposure=$0.00 | mtm_pnl=$+0.00 | locked=$+0.00
  exposure=$0.00 | mtm_pnl=$+0.00 | locked=$+0.00
  orders: 0 | fills: 0 ()
2025-12-14 21:23:36,969 [INFO] [btc-updown-15m-1765743300] IDLE | T-384s
  YES: bid=0.130 ask=0.140 | NO: bid=0.860 ask=0.870
  q_yes=0.00 q_no=0.00 | avg_yes=0.000 avg_no=0.000
  exposure=$0.00 | mtm_pnl=$+0.00 | locked=$+0.00
  exposure=$0.00 | mtm_pnl=$+0.00 | locked=$+0.00
  orders: 0 | fills: 0 ()
2025-12-14 21:23:41,107 [INFO] [btc-updown-15m-1765743300] IDLE | T-379s
  YES: bid=0.130 ask=0.140 | NO: bid=0.860 ask=0.870
  q_yes=0.00 q_no=0.00 | avg_yes=0.000 avg_no=0.000
  exposure=$0.00 | mtm_pnl=$+0.00 | locked=$+0.00
  exposure=$0.00 | mtm_pnl=$+0.00 | locked=$+0.00
  orders: 0 | fills: 0 ()
2025-12-14 21:23:44,599 [INFO] [btc-updown-15m-1765743300] IDLE | T-376s
  YES: bid=0.120 ask=0.130 | NO: bid=0.870 ask=0.880
  q_yes=0.00 q_no=0.00 | avg_yes=0.000 avg_no=0.000
  exposure=$0.00 | mtm_pnl=$+0.00 | locked=$+0.00
  exposure=$0.00 | mtm_pnl=$+0.00 | locked=$+0.00
  orders: 0 | fills: 0 ()
2025-12-14 21:23:47,248 [INFO] [btc-updown-15m-1765743300] IDLE | T-373s
  YES: bid=0.120 ask=0.130 | NO: bid=0.870 ask=0.880
  q_yes=0.00 q_no=0.00 | avg_yes=0.000 avg_no=0.000
  exposure=$0.00 | mtm_pnl=$+0.00 | locked=$+0.00
  exposure=$0.00 | mtm_pnl=$+0.00 | locked=$+0.00
  orders: 0 | fills: 0 ()
2025-12-14 21:23:50,553 [INFO] [btc-updown-15m-1765743300] IDLE | T-370s
  YES: bid=0.120 ask=0.130 | NO: bid=0.870 ask=0.880
  q_yes=0.00 q_no=0.00 | avg_yes=0.000 avg_no=0.000
  exposure=$0.00 | mtm_pnl=$+0.00 | locked=$+0.00
  exposure=$0.00 | mtm_pnl=$+0.00 | locked=$+0.00
  orders: 0 | fills: 0 ()
2025-12-14 21:23:54,798 [INFO] [btc-updown-15m-1765743300] IDLE | T-365s
  YES: bid=0.120 ask=0.130 | NO: bid=0.870 ask=0.880
  q_yes=0.00 q_no=0.00 | avg_yes=0.000 avg_no=0.000
  exposure=$0.00 | mtm_pnl=$+0.00 | locked=$+0.00
  exposure=$0.00 | mtm_pnl=$+0.00 | locked=$+0.00
  orders: 0 | fills: 0 ()
2025-12-14 21:23:58,212 [INFO] [btc-updown-15m-1765743300] IDLE | T-363s
  YES: bid=0.120 ask=0.130 | NO: bid=0.870 ask=0.880
  q_yes=0.00 q_no=0.00 | avg_yes=0.000 avg_no=0.000
  exposure=$0.00 | mtm_pnl=$+0.00 | locked=$+0.00
  exposure=$0.00 | mtm_pnl=$+0.00 | locked=$+0.00
  orders: 0 | fills: 0 ()
2025-12-14 21:24:00,854 [INFO] [btc-updown-15m-1765743300] IDLE | T-359s
  YES: bid=0.120 ask=0.130 | NO: bid=0.860 ask=0.870
  q_yes=0.00 q_no=0.00 | avg_yes=0.000 avg_no=0.000
  exposure=$0.00 | mtm_pnl=$+0.00 | locked=$+0.00
  exposure=$0.00 | mtm_pnl=$+0.00 | locked=$+0.00
  orders: 0 | fills: 0 ()
2025-12-14 21:24:04,636 [INFO] [btc-updown-15m-1765743300] IDLE | T-357s
  YES: bid=0.140 ask=0.150 | NO: bid=0.850 ask=0.860
  q_yes=0.00 q_no=0.00 | avg_yes=0.000 avg_no=0.000
  exposure=$0.00 | mtm_pnl=$+0.00 | locked=$+0.00
  exposure=$0.00 | mtm_pnl=$+0.00 | locked=$+0.00
  orders: 0 | fills: 0 ()
2025-12-14 21:24:09,043 [INFO] [btc-updown-15m-1765743300] IDLE | T-351s
  YES: bid=0.140 ask=0.150 | NO: bid=0.850 ask=0.860
  q_yes=0.00 q_no=0.00 | avg_yes=0.000 avg_no=0.000
  exposure=$0.00 | mtm_pnl=$+0.00 | locked=$+0.00
  exposure=$0.00 | mtm_pnl=$+0.00 | locked=$+0.00
  orders: 0 | fills: 0 ()
2025-12-14 21:24:12,329 [INFO] [btc-updown-15m-1765743300] IDLE | T-349s
  YES: bid=0.140 ask=0.160 | NO: bid=0.840 ask=0.850
  q_yes=0.00 q_no=0.00 | avg_yes=0.000 avg_no=0.000
  exposure=$0.00 | mtm_pnl=$+0.00 | locked=$+0.00
  exposure=$0.00 | mtm_pnl=$+0.00 | locked=$+0.00
  orders: 0 | fills: 0 ()
2025-12-14 21:24:14,966 [INFO] [btc-updown-15m-1765743300] IDLE | T-345s
  YES: bid=0.130 ask=0.140 | NO: bid=0.850 ask=0.870
  q_yes=0.00 q_no=0.00 | avg_yes=0.000 avg_no=0.000
  exposure=$0.00 | mtm_pnl=$+0.00 | locked=$+0.00
  exposure=$0.00 | mtm_pnl=$+0.00 | locked=$+0.00
  orders: 0 | fills: 0 ()
2025-12-14 21:24:16,809 [INFO] Stopping...
2025-12-14 21:24:18,909 [WARNING] [93m==================================================
2025-12-14 21:24:18,909 [WARNING] !!! RUNNING IN DRY RUN / SIMULATION MODE !!!
2025-12-14 21:24:18,909 [WARNING] No real orders will be placed.
2025-12-14 21:24:18,909 [WARNING] All generated orders will be IMMEIDATELY FILLED (Simulated).
2025-12-14 21:24:18,909 [WARNING] ==================================================[0m
2025-12-14 21:24:18,909 [INFO] --- GABAGOOL LITE INITIALIZATION ---
2025-12-14 21:24:18,915 [INFO] [ALERT] CLOB client authentifié initialisé sur https://clob.polymarket.com
2025-12-14 21:24:18,915 [WARNING] MODE LIVE - ORDRES RÉELS POSSIBLES
2025-12-14 21:24:18,915 [INFO] API Client Authenticated.
2025-12-14 21:24:18,915 [INFO] Orchestrator initialized. Dry Run: True
2025-12-14 21:24:20,369 [INFO] [ORCHESTRATOR] Adding new strategy: btc-updown-15m-1765743300
2025-12-14 21:24:24,337 [WARNING] [btc-updown-15m-1765743300] Stale Data (1765743864.3s > 2.0s)
2025-12-14 21:24:24,337 [INFO] [btc-updown-15m-1765743300] IDLE | T-337s
  YES: bid=0.150 ask=0.160 | NO: bid=0.840 ask=0.850
  q_yes=0.00 q_no=0.00 | avg_yes=0.000 avg_no=0.000
  exposure=$0.00 | mtm_pnl=$+0.00 | locked=$+0.00
  exposure=$0.00 | mtm_pnl=$+0.00 | locked=$+0.00
  orders: 0 | fills: 0 ()
2025-12-14 21:24:26,233 [INFO] [btc-updown-15m-1765743300] Hybrid Tracking Start: BTC T0 = $88685.76
2025-12-14 21:24:26,924 [WARNING] [btc-updown-15m-1765743300] Stale Data (1765743866.9s > 2.0s)
2025-12-14 21:24:26,924 [INFO] [btc-updown-15m-1765743300] IDLE | T-333s
  YES: bid=0.150 ask=0.160 | NO: bid=0.840 ask=0.850
  q_yes=0.00 q_no=0.00 | avg_yes=0.000 avg_no=0.000
  exposure=$0.00 | mtm_pnl=$+0.00 | locked=$+0.00
  exposure=$0.00 | mtm_pnl=$+0.00 | locked=$+0.00
  orders: 0 | fills: 0 ()
2025-12-14 21:24:30,351 [WARNING] [btc-updown-15m-1765743300] Stale Data (1765743870.4s > 2.0s)
2025-12-14 21:24:30,352 [INFO] [btc-updown-15m-1765743300] IDLE | T-331s
  YES: bid=0.150 ask=0.160 | NO: bid=0.840 ask=0.850
  q_yes=0.00 q_no=0.00 | avg_yes=0.000 avg_no=0.000
  exposure=$0.00 | mtm_pnl=$+0.00 | locked=$+0.00
  exposure=$0.00 | mtm_pnl=$+0.00 | locked=$+0.00
  orders: 0 | fills: 0 ()
2025-12-14 21:24:34,420 [WARNING] [btc-updown-15m-1765743300] Stale Data (1765743874.4s > 2.0s)
2025-12-14 21:24:34,420 [INFO] [btc-updown-15m-1765743300] IDLE | T-326s
  YES: bid=0.130 ask=0.150 | NO: bid=0.860 ask=0.870
  q_yes=0.00 q_no=0.00 | avg_yes=0.000 avg_no=0.000
  exposure=$0.00 | mtm_pnl=$+0.00 | locked=$+0.00
  exposure=$0.00 | mtm_pnl=$+0.00 | locked=$+0.00
  orders: 0 | fills: 0 ()
2025-12-14 21:24:37,819 [WARNING] [btc-updown-15m-1765743300] Stale Data (1765743877.8s > 2.0s)
2025-12-14 21:24:37,819 [INFO] [btc-updown-15m-1765743300] IDLE | T-323s
  YES: bid=0.120 ask=0.130 | NO: bid=0.870 ask=0.880
  q_yes=0.00 q_no=0.00 | avg_yes=0.000 avg_no=0.000
  exposure=$0.00 | mtm_pnl=$+0.00 | locked=$+0.00
  exposure=$0.00 | mtm_pnl=$+0.00 | locked=$+0.00
  orders: 0 | fills: 0 ()
2025-12-14 21:24:40,479 [WARNING] [btc-updown-15m-1765743300] Stale Data (1765743880.5s > 2.0s)
2025-12-14 21:24:40,479 [INFO] [btc-updown-15m-1765743300] IDLE | T-320s
  YES: bid=0.120 ask=0.130 | NO: bid=0.860 ask=0.880
  q_yes=0.00 q_no=0.00 | avg_yes=0.000 avg_no=0.000
  exposure=$0.00 | mtm_pnl=$+0.00 | locked=$+0.00
  exposure=$0.00 | mtm_pnl=$+0.00 | locked=$+0.00
  orders: 0 | fills: 0 ()
2025-12-14 21:24:44,094 [WARNING] [btc-updown-15m-1765743300] Stale Data (1765743884.1s > 2.0s)
2025-12-14 21:24:44,095 [INFO] [btc-updown-15m-1765743300] IDLE | T-317s
  YES: bid=0.140 ask=0.150 | NO: bid=0.850 ask=0.860
  q_yes=0.00 q_no=0.00 | avg_yes=0.000 avg_no=0.000
  exposure=$0.00 | mtm_pnl=$+0.00 | locked=$+0.00
  exposure=$0.00 | mtm_pnl=$+0.00 | locked=$+0.00
  orders: 0 | fills: 0 ()
2025-12-14 21:24:48,258 [WARNING] [btc-updown-15m-1765743300] Stale Data (1765743888.3s > 2.0s)
2025-12-14 21:24:48,260 [INFO] [btc-updown-15m-1765743300] IDLE | T-312s
  YES: bid=0.130 ask=0.140 | NO: bid=0.870 ask=0.880
  q_yes=0.00 q_no=0.00 | avg_yes=0.000 avg_no=0.000
  exposure=$0.00 | mtm_pnl=$+0.00 | locked=$+0.00
  exposure=$0.00 | mtm_pnl=$+0.00 | locked=$+0.00
  orders: 0 | fills: 0 ()
2025-12-14 21:24:51,566 [WARNING] [btc-updown-15m-1765743300] Stale Data (1765743891.6s > 2.0s)
2025-12-14 21:24:51,566 [INFO] [btc-updown-15m-1765743300] IDLE | T-309s
  YES: bid=0.100 ask=0.110 | NO: bid=0.890 ask=0.900
  q_yes=0.00 q_no=0.00 | avg_yes=0.000 avg_no=0.000
  exposure=$0.00 | mtm_pnl=$+0.00 | locked=$+0.00
  exposure=$0.00 | mtm_pnl=$+0.00 | locked=$+0.00
  orders: 0 | fills: 0 ()
2025-12-14 21:24:54,194 [WARNING] [btc-updown-15m-1765743300] Stale Data (1765743894.2s > 2.0s)
2025-12-14 21:24:54,194 [INFO] [btc-updown-15m-1765743300] IDLE | T-306s
  YES: bid=0.100 ask=0.110 | NO: bid=0.890 ask=0.900
  q_yes=0.00 q_no=0.00 | avg_yes=0.000 avg_no=0.000
  exposure=$0.00 | mtm_pnl=$+0.00 | locked=$+0.00
  exposure=$0.00 | mtm_pnl=$+0.00 | locked=$+0.00
  orders: 0 | fills: 0 ()
2025-12-14 21:24:57,536 [WARNING] [btc-updown-15m-1765743300] Stale Data (1765743897.5s > 2.0s)
2025-12-14 21:24:57,536 [INFO] [btc-updown-15m-1765743300] IDLE | T-303s
  YES: bid=0.100 ask=0.110 | NO: bid=0.890 ask=0.900
  q_yes=0.00 q_no=0.00 | avg_yes=0.000 avg_no=0.000
  exposure=$0.00 | mtm_pnl=$+0.00 | locked=$+0.00
  exposure=$0.00 | mtm_pnl=$+0.00 | locked=$+0.00
  orders: 0 | fills: 0 ()
2025-12-14 21:25:02,012 [WARNING] [btc-updown-15m-1765743300] Stale Data (1765743902.0s > 2.0s)
2025-12-14 21:25:02,012 [INFO] [btc-updown-15m-1765743300] IDLE | T-298s
  YES: bid=0.080 ask=0.090 | NO: bid=0.900 ask=0.910
  q_yes=0.00 q_no=0.00 | avg_yes=0.000 avg_no=0.000
  exposure=$0.00 | mtm_pnl=$+0.00 | locked=$+0.00
  exposure=$0.00 | mtm_pnl=$+0.00 | locked=$+0.00
  orders: 0 | fills: 0 ()
2025-12-14 21:25:05,498 [WARNING] [btc-updown-15m-1765743300] Stale Data (1765743905.5s > 2.0s)
2025-12-14 21:25:05,499 [INFO] [btc-updown-15m-1765743300] IDLE | T-295s
  YES: bid=0.080 ask=0.090 | NO: bid=0.910 ask=0.920
  q_yes=0.00 q_no=0.00 | avg_yes=0.000 avg_no=0.000
  exposure=$0.00 | mtm_pnl=$+0.00 | locked=$+0.00
  exposure=$0.00 | mtm_pnl=$+0.00 | locked=$+0.00
  orders: 0 | fills: 0 ()
2025-12-14 21:25:08,208 [WARNING] [btc-updown-15m-1765743300] Stale Data (1765743908.2s > 2.0s)
2025-12-14 21:25:08,208 [INFO] [btc-updown-15m-1765743300] IDLE | T-292s
  YES: bid=0.070 ask=0.090 | NO: bid=0.910 ask=0.930
  q_yes=0.00 q_no=0.00 | avg_yes=0.000 avg_no=0.000
  exposure=$0.00 | mtm_pnl=$+0.00 | locked=$+0.00
  exposure=$0.00 | mtm_pnl=$+0.00 | locked=$+0.00
  orders: 0 | fills: 0 ()
2025-12-14 21:25:11,530 [WARNING] [btc-updown-15m-1765743300] Stale Data (1765743911.5s > 2.0s)
2025-12-14 21:25:11,531 [INFO] [btc-updown-15m-1765743300] IDLE | T-289s
  YES: bid=0.070 ask=0.090 | NO: bid=0.910 ask=0.930
  q_yes=0.00 q_no=0.00 | avg_yes=0.000 avg_no=0.000
  exposure=$0.00 | mtm_pnl=$+0.00 | locked=$+0.00
  exposure=$0.00 | mtm_pnl=$+0.00 | locked=$+0.00
  orders: 0 | fills: 0 ()
2025-12-14 21:25:15,537 [WARNING] [btc-updown-15m-1765743300] Stale Data (1765743915.5s > 2.0s)
2025-12-14 21:25:15,537 [INFO] [btc-updown-15m-1765743300] IDLE | T-285s
  YES: bid=0.080 ask=0.090 | NO: bid=0.910 ask=0.920
  q_yes=0.00 q_no=0.00 | avg_yes=0.000 avg_no=0.000
  exposure=$0.00 | mtm_pnl=$+0.00 | locked=$+0.00
  exposure=$0.00 | mtm_pnl=$+0.00 | locked=$+0.00
  orders: 0 | fills: 0 ()
2025-12-14 21:25:18,948 [WARNING] [btc-updown-15m-1765743300] Stale Data (1765743918.9s > 2.0s)
2025-12-14 21:25:18,948 [INFO] [btc-updown-15m-1765743300] IDLE | T-282s
  YES: bid=0.080 ask=0.090 | NO: bid=0.910 ask=0.920
  q_yes=0.00 q_no=0.00 | avg_yes=0.000 avg_no=0.000
  exposure=$0.00 | mtm_pnl=$+0.00 | locked=$+0.00
  exposure=$0.00 | mtm_pnl=$+0.00 | locked=$+0.00
  orders: 0 | fills: 0 ()
2025-12-14 21:25:21,810 [WARNING] [btc-updown-15m-1765743300] Stale Data (1765743921.8s > 2.0s)
2025-12-14 21:25:21,811 [INFO] [btc-updown-15m-1765743300] IDLE | T-278s
  YES: bid=0.080 ask=0.090 | NO: bid=0.910 ask=0.920
  q_yes=0.00 q_no=0.00 | avg_yes=0.000 avg_no=0.000
  exposure=$0.00 | mtm_pnl=$+0.00 | locked=$+0.00
  exposure=$0.00 | mtm_pnl=$+0.00 | locked=$+0.00
  orders: 0 | fills: 0 ()
2025-12-14 21:25:25,492 [WARNING] [btc-updown-15m-1765743300] Stale Data (1765743925.5s > 2.0s)
2025-12-14 21:25:25,493 [INFO] [btc-updown-15m-1765743300] IDLE | T-276s
  YES: bid=0.080 ask=0.090 | NO: bid=0.910 ask=0.920
  q_yes=0.00 q_no=0.00 | avg_yes=0.000 avg_no=0.000
  exposure=$0.00 | mtm_pnl=$+0.00 | locked=$+0.00
  exposure=$0.00 | mtm_pnl=$+0.00 | locked=$+0.00
  orders: 0 | fills: 0 ()
2025-12-14 21:25:29,750 [WARNING] [btc-updown-15m-1765743300] Stale Data (1765743929.8s > 2.0s)
2025-12-14 21:25:29,751 [INFO] [btc-updown-15m-1765743300] IDLE | T-270s
  YES: bid=0.080 ask=0.100 | NO: bid=0.900 ask=0.920
  q_yes=0.00 q_no=0.00 | avg_yes=0.000 avg_no=0.000
  exposure=$0.00 | mtm_pnl=$+0.00 | locked=$+0.00
  exposure=$0.00 | mtm_pnl=$+0.00 | locked=$+0.00
  orders: 0 | fills: 0 ()
2025-12-14 21:25:33,106 [WARNING] [btc-updown-15m-1765743300] Stale Data (1765743933.1s > 2.0s)
2025-12-14 21:25:33,106 [INFO] [btc-updown-15m-1765743300] IDLE | T-268s
  YES: bid=0.080 ask=0.090 | NO: bid=0.910 ask=0.920
  q_yes=0.00 q_no=0.00 | avg_yes=0.000 avg_no=0.000
  exposure=$0.00 | mtm_pnl=$+0.00 | locked=$+0.00
  exposure=$0.00 | mtm_pnl=$+0.00 | locked=$+0.00
  orders: 0 | fills: 0 ()
2025-12-14 21:25:35,821 [WARNING] [btc-updown-15m-1765743300] Stale Data (1765743935.8s > 2.0s)
2025-12-14 21:25:35,821 [INFO] [btc-updown-15m-1765743300] IDLE | T-264s
  YES: bid=0.070 ask=0.080 | NO: bid=0.920 ask=0.930
  q_yes=0.00 q_no=0.00 | avg_yes=0.000 avg_no=0.000
  exposure=$0.00 | mtm_pnl=$+0.00 | locked=$+0.00
  exposure=$0.00 | mtm_pnl=$+0.00 | locked=$+0.00
  orders: 0 | fills: 0 ()
2025-12-14 21:25:39,282 [WARNING] [btc-updown-15m-1765743300] Stale Data (1765743939.3s > 2.0s)
2025-12-14 21:25:39,282 [INFO] [btc-updown-15m-1765743300] IDLE | T-262s
  YES: bid=0.070 ask=0.080 | NO: bid=0.920 ask=0.930
  q_yes=0.00 q_no=0.00 | avg_yes=0.000 avg_no=0.000
  exposure=$0.00 | mtm_pnl=$+0.00 | locked=$+0.00
  exposure=$0.00 | mtm_pnl=$+0.00 | locked=$+0.00
  orders: 0 | fills: 0 ()
2025-12-14 21:25:43,659 [WARNING] [btc-updown-15m-1765743300] Stale Data (1765743943.7s > 2.0s)
2025-12-14 21:25:43,659 [INFO] [btc-updown-15m-1765743300] IDLE | T-257s
  YES: bid=0.070 ask=0.080 | NO: bid=0.920 ask=0.930
  q_yes=0.00 q_no=0.00 | avg_yes=0.000 avg_no=0.000
  exposure=$0.00 | mtm_pnl=$+0.00 | locked=$+0.00
  exposure=$0.00 | mtm_pnl=$+0.00 | locked=$+0.00
  orders: 0 | fills: 0 ()
2025-12-14 21:25:47,043 [WARNING] [btc-updown-15m-1765743300] Stale Data (1765743947.0s > 2.0s)
2025-12-14 21:25:47,043 [INFO] [btc-updown-15m-1765743300] IDLE | T-254s
  YES: bid=0.070 ask=0.080 | NO: bid=0.920 ask=0.930
  q_yes=0.00 q_no=0.00 | avg_yes=0.000 avg_no=0.000
  exposure=$0.00 | mtm_pnl=$+0.00 | locked=$+0.00
  exposure=$0.00 | mtm_pnl=$+0.00 | locked=$+0.00
  orders: 0 | fills: 0 ()
2025-12-14 21:25:49,873 [WARNING] [btc-updown-15m-1765743300] Stale Data (1765743949.9s > 2.0s)
2025-12-14 21:25:49,873 [INFO] [btc-updown-15m-1765743300] IDLE | T-250s
  YES: bid=0.080 ask=0.090 | NO: bid=0.910 ask=0.920
  q_yes=0.00 q_no=0.00 | avg_yes=0.000 avg_no=0.000
  exposure=$0.00 | mtm_pnl=$+0.00 | locked=$+0.00
  exposure=$0.00 | mtm_pnl=$+0.00 | locked=$+0.00
  orders: 0 | fills: 0 ()
2025-12-14 21:25:53,788 [WARNING] [btc-updown-15m-1765743300] Stale Data (1765743953.8s > 2.0s)
2025-12-14 21:25:53,789 [INFO] [btc-updown-15m-1765743300] IDLE | T-247s
  YES: bid=0.070 ask=0.080 | NO: bid=0.920 ask=0.930
  q_yes=0.00 q_no=0.00 | avg_yes=0.000 avg_no=0.000
  exposure=$0.00 | mtm_pnl=$+0.00 | locked=$+0.00
  exposure=$0.00 | mtm_pnl=$+0.00 | locked=$+0.00
  orders: 0 | fills: 0 ()
2025-12-14 21:25:59,595 [WARNING] [btc-updown-15m-1765743300] Stale Data (1765743959.6s > 2.0s)
2025-12-14 21:25:59,595 [INFO] [btc-updown-15m-1765743300] IDLE | T-241s
  YES: bid=0.070 ask=0.080 | NO: bid=0.920 ask=0.930
  q_yes=0.00 q_no=0.00 | avg_yes=0.000 avg_no=0.000
  exposure=$0.00 | mtm_pnl=$+0.00 | locked=$+0.00
  exposure=$0.00 | mtm_pnl=$+0.00 | locked=$+0.00
  orders: 0 | fills: 0 ()
2025-12-14 21:26:02,593 [WARNING] [btc-updown-15m-1765743300] Stale Data (1765743962.6s > 2.0s)
2025-12-14 21:26:02,593 [INFO] [btc-updown-15m-1765743300] IDLE | T-238s
  YES: bid=0.070 ask=0.080 | NO: bid=0.920 ask=0.930
  q_yes=0.00 q_no=0.00 | avg_yes=0.000 avg_no=0.000
  exposure=$0.00 | mtm_pnl=$+0.00 | locked=$+0.00
  exposure=$0.00 | mtm_pnl=$+0.00 | locked=$+0.00
  orders: 0 | fills: 0 ()
2025-12-14 21:26:06,146 [WARNING] [btc-updown-15m-1765743300] Stale Data (1765743966.1s > 2.0s)
2025-12-14 21:26:06,146 [INFO] [btc-updown-15m-1765743300] IDLE | T-235s
  YES: bid=0.060 ask=0.070 | NO: bid=0.930 ask=0.940
  q_yes=0.00 q_no=0.00 | avg_yes=0.000 avg_no=0.000
  exposure=$0.00 | mtm_pnl=$+0.00 | locked=$+0.00
  exposure=$0.00 | mtm_pnl=$+0.00 | locked=$+0.00
  orders: 0 | fills: 0 ()
2025-12-14 21:26:10,540 [WARNING] [btc-updown-15m-1765743300] Stale Data (1765743970.5s > 2.0s)
2025-12-14 21:26:10,540 [INFO] [btc-updown-15m-1765743300] IDLE | T-230s
  YES: bid=0.050 ask=0.070 | NO: bid=0.930 ask=0.950
  q_yes=0.00 q_no=0.00 | avg_yes=0.000 avg_no=0.000
  exposure=$0.00 | mtm_pnl=$+0.00 | locked=$+0.00
  exposure=$0.00 | mtm_pnl=$+0.00 | locked=$+0.00
  orders: 0 | fills: 0 ()
2025-12-14 21:26:13,993 [WARNING] [btc-updown-15m-1765743300] Stale Data (1765743974.0s > 2.0s)
2025-12-14 21:26:13,995 [INFO] [btc-updown-15m-1765743300] IDLE | T-227s
  YES: bid=0.040 ask=0.050 | NO: bid=0.950 ask=0.960
  q_yes=0.00 q_no=0.00 | avg_yes=0.000 avg_no=0.000
  exposure=$0.00 | mtm_pnl=$+0.00 | locked=$+0.00
  exposure=$0.00 | mtm_pnl=$+0.00 | locked=$+0.00
  orders: 0 | fills: 0 ()
2025-12-14 21:26:16,849 [WARNING] [btc-updown-15m-1765743300] Stale Data (1765743976.8s > 2.0s)
2025-12-14 21:26:16,849 [INFO] [btc-updown-15m-1765743300] IDLE | T-223s
  YES: bid=0.090 ask=0.110 | NO: bid=0.880 ask=0.890
  q_yes=0.00 q_no=0.00 | avg_yes=0.000 avg_no=0.000
  exposure=$0.00 | mtm_pnl=$+0.00 | locked=$+0.00
  exposure=$0.00 | mtm_pnl=$+0.00 | locked=$+0.00
  orders: 0 | fills: 0 ()
2025-12-14 21:26:20,626 [WARNING] [btc-updown-15m-1765743300] Stale Data (1765743980.6s > 2.0s)
2025-12-14 21:26:20,627 [INFO] [btc-updown-15m-1765743300] IDLE | T-220s
  YES: bid=0.090 ask=0.100 | NO: bid=0.900 ask=0.910
  q_yes=0.00 q_no=0.00 | avg_yes=0.000 avg_no=0.000
  exposure=$0.00 | mtm_pnl=$+0.00 | locked=$+0.00
  exposure=$0.00 | mtm_pnl=$+0.00 | locked=$+0.00
  orders: 0 | fills: 0 ()
2025-12-14 21:26:25,078 [WARNING] [btc-updown-15m-1765743300] Stale Data (1765743985.1s > 2.0s)
2025-12-14 21:26:25,078 [INFO] [btc-updown-15m-1765743300] IDLE | T-215s
  YES: bid=0.110 ask=0.140 | NO: bid=0.860 ask=0.890
  q_yes=0.00 q_no=0.00 | avg_yes=0.000 avg_no=0.000
  exposure=$0.00 | mtm_pnl=$+0.00 | locked=$+0.00
  exposure=$0.00 | mtm_pnl=$+0.00 | locked=$+0.00
  orders: 0 | fills: 0 ()
2025-12-14 21:26:28,615 [WARNING] [btc-updown-15m-1765743300] Stale Data (1765743988.6s > 2.0s)
2025-12-14 21:26:28,615 [INFO] [btc-updown-15m-1765743300] IDLE | T-212s
  YES: bid=0.120 ask=0.140 | NO: bid=0.870 ask=0.880
  q_yes=0.00 q_no=0.00 | avg_yes=0.000 avg_no=0.000
  exposure=$0.00 | mtm_pnl=$+0.00 | locked=$+0.00
  exposure=$0.00 | mtm_pnl=$+0.00 | locked=$+0.00
  orders: 0 | fills: 0 ()
2025-12-14 21:26:31,412 [WARNING] [btc-updown-15m-1765743300] Stale Data (1765743991.4s > 2.0s)
2025-12-14 21:26:31,412 [INFO] [btc-updown-15m-1765743300] IDLE | T-209s
  YES: bid=0.110 ask=0.130 | NO: bid=0.870 ask=0.890
  q_yes=0.00 q_no=0.00 | avg_yes=0.000 avg_no=0.000
  exposure=$0.00 | mtm_pnl=$+0.00 | locked=$+0.00
  exposure=$0.00 | mtm_pnl=$+0.00 | locked=$+0.00
  orders: 0 | fills: 0 ()
2025-12-14 21:26:34,898 [WARNING] [btc-updown-15m-1765743300] Stale Data (1765743994.9s > 2.0s)
2025-12-14 21:26:34,898 [INFO] [btc-updown-15m-1765743300] IDLE | T-206s
  YES: bid=0.080 ask=0.120 | NO: bid=0.900 ask=0.910
  q_yes=0.00 q_no=0.00 | avg_yes=0.000 avg_no=0.000
  exposure=$0.00 | mtm_pnl=$+0.00 | locked=$+0.00
  exposure=$0.00 | mtm_pnl=$+0.00 | locked=$+0.00
  orders: 0 | fills: 0 ()
2025-12-14 21:26:39,135 [WARNING] [btc-updown-15m-1765743300] Stale Data (1765743999.1s > 2.0s)
2025-12-14 21:26:39,135 [INFO] [btc-updown-15m-1765743300] IDLE | T-201s
  YES: bid=0.080 ask=0.100 | NO: bid=0.900 ask=0.920
  q_yes=0.00 q_no=0.00 | avg_yes=0.000 avg_no=0.000
  exposure=$0.00 | mtm_pnl=$+0.00 | locked=$+0.00
  exposure=$0.00 | mtm_pnl=$+0.00 | locked=$+0.00
  orders: 0 | fills: 0 ()
2025-12-14 21:26:42,588 [WARNING] [btc-updown-15m-1765743300] Stale Data (1765744002.6s > 2.0s)
2025-12-14 21:26:42,589 [INFO] [btc-updown-15m-1765743300] IDLE | T-198s
  YES: bid=0.080 ask=0.090 | NO: bid=0.910 ask=0.920
  q_yes=0.00 q_no=0.00 | avg_yes=0.000 avg_no=0.000
  exposure=$0.00 | mtm_pnl=$+0.00 | locked=$+0.00
  exposure=$0.00 | mtm_pnl=$+0.00 | locked=$+0.00
  orders: 0 | fills: 0 ()
2025-12-14 21:26:45,388 [WARNING] [btc-updown-15m-1765743300] Stale Data (1765744005.4s > 2.0s)
2025-12-14 21:26:45,388 [INFO] [btc-updown-15m-1765743300] IDLE | T-195s
  YES: bid=0.070 ask=0.080 | NO: bid=0.910 ask=0.930
  q_yes=0.00 q_no=0.00 | avg_yes=0.000 avg_no=0.000
  exposure=$0.00 | mtm_pnl=$+0.00 | locked=$+0.00
  exposure=$0.00 | mtm_pnl=$+0.00 | locked=$+0.00
  orders: 0 | fills: 0 ()
2025-12-14 21:26:48,963 [WARNING] [btc-updown-15m-1765743300] Stale Data (1765744009.0s > 2.0s)
2025-12-14 21:26:48,963 [INFO] [btc-updown-15m-1765743300] IDLE | T-192s
  YES: bid=0.070 ask=0.080 | NO: bid=0.920 ask=0.930
  q_yes=0.00 q_no=0.00 | avg_yes=0.000 avg_no=0.000
  exposure=$0.00 | mtm_pnl=$+0.00 | locked=$+0.00
  exposure=$0.00 | mtm_pnl=$+0.00 | locked=$+0.00
  orders: 0 | fills: 0 ()
2025-12-14 21:26:53,225 [WARNING] [btc-updown-15m-1765743300] Stale Data (1765744013.2s > 2.0s)
2025-12-14 21:26:53,226 [INFO] [btc-updown-15m-1765743300] IDLE | T-187s
  YES: bid=0.060 ask=0.070 | NO: bid=0.930 ask=0.950
  q_yes=0.00 q_no=0.00 | avg_yes=0.000 avg_no=0.000
  exposure=$0.00 | mtm_pnl=$+0.00 | locked=$+0.00
  exposure=$0.00 | mtm_pnl=$+0.00 | locked=$+0.00
  orders: 0 | fills: 0 ()
2025-12-14 21:26:56,779 [WARNING] [btc-updown-15m-1765743300] Stale Data (1765744016.8s > 2.0s)
2025-12-14 21:26:56,779 [INFO] [btc-updown-15m-1765743300] IDLE | T-184s
  YES: bid=0.040 ask=0.060 | NO: bid=0.940 ask=0.960
  q_yes=0.00 q_no=0.00 | avg_yes=0.000 avg_no=0.000
  exposure=$0.00 | mtm_pnl=$+0.00 | locked=$+0.00
  exposure=$0.00 | mtm_pnl=$+0.00 | locked=$+0.00
  orders: 0 | fills: 0 ()
2025-12-14 21:26:59,625 [WARNING] [btc-updown-15m-1765743300] Stale Data (1765744019.6s > 2.0s)
2025-12-14 21:26:59,626 [INFO] [btc-updown-15m-1765743300] IDLE | T-181s
  YES: bid=0.040 ask=0.060 | NO: bid=0.940 ask=0.960
  q_yes=0.00 q_no=0.00 | avg_yes=0.000 avg_no=0.000
  exposure=$0.00 | mtm_pnl=$+0.00 | locked=$+0.00
  exposure=$0.00 | mtm_pnl=$+0.00 | locked=$+0.00
  orders: 0 | fills: 0 ()
2025-12-14 21:27:03,079 [WARNING] [btc-updown-15m-1765743300] Stale Data (1765744023.1s > 2.0s)
2025-12-14 21:27:03,080 [INFO] [btc-updown-15m-1765743300] IDLE | T-178s
  YES: bid=0.030 ask=0.040 | NO: bid=0.960 ask=0.970
  q_yes=0.00 q_no=0.00 | avg_yes=0.000 avg_no=0.000
  exposure=$0.00 | mtm_pnl=$+0.00 | locked=$+0.00
  exposure=$0.00 | mtm_pnl=$+0.00 | locked=$+0.00
  orders: 0 | fills: 0 ()
2025-12-14 21:27:07,335 [WARNING] [btc-updown-15m-1765743300] Stale Data (1765744027.3s > 2.0s)
2025-12-14 21:27:07,335 [INFO] [btc-updown-15m-1765743300] IDLE | T-173s
  YES: bid=0.040 ask=0.050 | NO: bid=0.950 ask=0.960
  q_yes=0.00 q_no=0.00 | avg_yes=0.000 avg_no=0.000
  exposure=$0.00 | mtm_pnl=$+0.00 | locked=$+0.00
  exposure=$0.00 | mtm_pnl=$+0.00 | locked=$+0.00
  orders: 0 | fills: 0 ()
2025-12-14 21:27:10,928 [WARNING] [btc-updown-15m-1765743300] Stale Data (1765744030.9s > 2.0s)
2025-12-14 21:27:10,928 [INFO] [btc-updown-15m-1765743300] IDLE | T-170s
  YES: bid=0.040 ask=0.050 | NO: bid=0.950 ask=0.960
  q_yes=0.00 q_no=0.00 | avg_yes=0.000 avg_no=0.000
  exposure=$0.00 | mtm_pnl=$+0.00 | locked=$+0.00
  exposure=$0.00 | mtm_pnl=$+0.00 | locked=$+0.00
  orders: 0 | fills: 0 ()
2025-12-14 21:27:13,826 [WARNING] [btc-updown-15m-1765743300] Stale Data (1765744033.8s > 2.0s)
2025-12-14 21:27:13,826 [INFO] [btc-updown-15m-1765743300] IDLE | T-166s
  YES: bid=0.040 ask=0.050 | NO: bid=0.950 ask=0.960
  q_yes=0.00 q_no=0.00 | avg_yes=0.000 avg_no=0.000
  exposure=$0.00 | mtm_pnl=$+0.00 | locked=$+0.00
  exposure=$0.00 | mtm_pnl=$+0.00 | locked=$+0.00
  orders: 0 | fills: 0 ()
2025-12-14 21:27:17,393 [WARNING] [btc-updown-15m-1765743300] Stale Data (1765744037.4s > 2.0s)
2025-12-14 21:27:17,393 [INFO] [btc-updown-15m-1765743300] IDLE | T-164s
  YES: bid=0.040 ask=0.050 | NO: bid=0.950 ask=0.960
  q_yes=0.00 q_no=0.00 | avg_yes=0.000 avg_no=0.000
  exposure=$0.00 | mtm_pnl=$+0.00 | locked=$+0.00
  exposure=$0.00 | mtm_pnl=$+0.00 | locked=$+0.00
  orders: 0 | fills: 0 ()
2025-12-14 21:27:22,029 [WARNING] [btc-updown-15m-1765743300] Stale Data (1765744042.0s > 2.0s)
2025-12-14 21:27:22,029 [INFO] [btc-updown-15m-1765743300] IDLE | T-158s
  YES: bid=0.030 ask=0.040 | NO: bid=0.960 ask=0.970
  q_yes=0.00 q_no=0.00 | avg_yes=0.000 avg_no=0.000
  exposure=$0.00 | mtm_pnl=$+0.00 | locked=$+0.00
  exposure=$0.00 | mtm_pnl=$+0.00 | locked=$+0.00
  orders: 0 | fills: 0 ()
2025-12-14 21:27:25,488 [WARNING] [btc-updown-15m-1765743300] Stale Data (1765744045.5s > 2.0s)
2025-12-14 21:27:25,488 [INFO] [btc-updown-15m-1765743300] IDLE | T-155s
  YES: bid=0.030 ask=0.040 | NO: bid=0.960 ask=0.970
  q_yes=0.00 q_no=0.00 | avg_yes=0.000 avg_no=0.000
  exposure=$0.00 | mtm_pnl=$+0.00 | locked=$+0.00
  exposure=$0.00 | mtm_pnl=$+0.00 | locked=$+0.00
  orders: 0 | fills: 0 ()
2025-12-14 21:27:28,408 [WARNING] [btc-updown-15m-1765743300] Stale Data (1765744048.4s > 2.0s)
2025-12-14 21:27:28,408 [INFO] [btc-updown-15m-1765743300] IDLE | T-152s
  YES: bid=0.030 ask=0.040 | NO: bid=0.960 ask=0.970
  q_yes=0.00 q_no=0.00 | avg_yes=0.000 avg_no=0.000
  exposure=$0.00 | mtm_pnl=$+0.00 | locked=$+0.00
  exposure=$0.00 | mtm_pnl=$+0.00 | locked=$+0.00
  orders: 0 | fills: 0 ()
2025-12-14 21:27:31,951 [WARNING] [btc-updown-15m-1765743300] Stale Data (1765744052.0s > 2.0s)
2025-12-14 21:27:31,951 [INFO] [btc-updown-15m-1765743300] IDLE | T-149s
  YES: bid=0.030 ask=0.040 | NO: bid=0.960 ask=0.970
  q_yes=0.00 q_no=0.00 | avg_yes=0.000 avg_no=0.000
  exposure=$0.00 | mtm_pnl=$+0.00 | locked=$+0.00
  exposure=$0.00 | mtm_pnl=$+0.00 | locked=$+0.00
  orders: 0 | fills: 0 ()
2025-12-14 21:27:36,334 [WARNING] [btc-updown-15m-1765743300] Stale Data (1765744056.3s > 2.0s)
2025-12-14 21:27:36,335 [INFO] [btc-updown-15m-1765743300] IDLE | T-144s
  YES: bid=0.020 ask=0.040 | NO: bid=0.960 ask=0.980
  q_yes=0.00 q_no=0.00 | avg_yes=0.000 avg_no=0.000
  exposure=$0.00 | mtm_pnl=$+0.00 | locked=$+0.00
  exposure=$0.00 | mtm_pnl=$+0.00 | locked=$+0.00
  orders: 0 | fills: 0 ()
2025-12-14 21:27:40,312 [WARNING] [btc-updown-15m-1765743300] Stale Data (1765744060.3s > 2.0s)
2025-12-14 21:27:40,312 [INFO] [btc-updown-15m-1765743300] IDLE | T-141s
  YES: bid=0.020 ask=0.040 | NO: bid=0.960 ask=0.980
  q_yes=0.00 q_no=0.00 | avg_yes=0.000 avg_no=0.000
  exposure=$0.00 | mtm_pnl=$+0.00 | locked=$+0.00
  exposure=$0.00 | mtm_pnl=$+0.00 | locked=$+0.00
  orders: 0 | fills: 0 ()
2025-12-14 21:27:43,432 [WARNING] [btc-updown-15m-1765743300] Stale Data (1765744063.4s > 2.0s)
2025-12-14 21:27:43,432 [INFO] [btc-updown-15m-1765743300] IDLE | T-137s
  YES: bid=0.020 ask=0.030 | NO: bid=0.970 ask=0.980
  q_yes=0.00 q_no=0.00 | avg_yes=0.000 avg_no=0.000
  exposure=$0.00 | mtm_pnl=$+0.00 | locked=$+0.00
  exposure=$0.00 | mtm_pnl=$+0.00 | locked=$+0.00
  orders: 0 | fills: 0 ()
2025-12-14 21:27:46,826 [WARNING] [btc-updown-15m-1765743300] Stale Data (1765744066.8s > 2.0s)
2025-12-14 21:27:46,826 [INFO] [btc-updown-15m-1765743300] IDLE | T-134s
  YES: bid=0.020 ask=0.030 | NO: bid=0.970 ask=0.980
  q_yes=0.00 q_no=0.00 | avg_yes=0.000 avg_no=0.000
  exposure=$0.00 | mtm_pnl=$+0.00 | locked=$+0.00
  exposure=$0.00 | mtm_pnl=$+0.00 | locked=$+0.00
  orders: 0 | fills: 0 ()
2025-12-14 21:27:51,253 [WARNING] [btc-updown-15m-1765743300] Stale Data (1765744071.3s > 2.0s)
2025-12-14 21:27:51,258 [INFO] [btc-updown-15m-1765743300] IDLE | T-129s
  YES: bid=0.020 ask=0.030 | NO: bid=0.970 ask=0.980
  q_yes=0.00 q_no=0.00 | avg_yes=0.000 avg_no=0.000
  exposure=$0.00 | mtm_pnl=$+0.00 | locked=$+0.00
  exposure=$0.00 | mtm_pnl=$+0.00 | locked=$+0.00
  orders: 0 | fills: 0 ()
2025-12-14 21:27:55,119 [WARNING] [btc-updown-15m-1765743300] Stale Data (1765744075.1s > 2.0s)
2025-12-14 21:27:55,119 [INFO] [btc-updown-15m-1765743300] IDLE | T-126s
  YES: bid=0.020 ask=0.030 | NO: bid=0.970 ask=0.980
  q_yes=0.00 q_no=0.00 | avg_yes=0.000 avg_no=0.000
  exposure=$0.00 | mtm_pnl=$+0.00 | locked=$+0.00
  exposure=$0.00 | mtm_pnl=$+0.00 | locked=$+0.00
  orders: 0 | fills: 0 ()
2025-12-14 21:27:57,945 [WARNING] [btc-updown-15m-1765743300] Stale Data (1765744077.9s > 2.0s)
2025-12-14 21:27:57,945 [INFO] [btc-updown-15m-1765743300] IDLE | T-122s
  YES: bid=0.010 ask=0.020 | NO: bid=0.980 ask=0.990
  q_yes=0.00 q_no=0.00 | avg_yes=0.000 avg_no=0.000
  exposure=$0.00 | mtm_pnl=$+0.00 | locked=$+0.00
  exposure=$0.00 | mtm_pnl=$+0.00 | locked=$+0.00
  orders: 0 | fills: 0 ()
2025-12-14 21:28:01,551 [WARNING] [btc-updown-15m-1765743300] Stale Data (1765744081.6s > 2.0s)
2025-12-14 21:28:01,551 [INFO] [btc-updown-15m-1765743300] IDLE | T-119s
  YES: bid=0.010 ask=0.020 | NO: bid=0.980 ask=0.990
  q_yes=0.00 q_no=0.00 | avg_yes=0.000 avg_no=0.000
  exposure=$0.00 | mtm_pnl=$+0.00 | locked=$+0.00
  exposure=$0.00 | mtm_pnl=$+0.00 | locked=$+0.00
  orders: 0 | fills: 0 ()
2025-12-14 21:28:05,879 [WARNING] [btc-updown-15m-1765743300] Stale Data (1765744085.9s > 2.0s)
2025-12-14 21:28:05,879 [INFO] [btc-updown-15m-1765743300] IDLE | T-114s
  YES: bid=0.010 ask=0.030 | NO: bid=0.970 ask=0.990
  q_yes=0.00 q_no=0.00 | avg_yes=0.000 avg_no=0.000
  exposure=$0.00 | mtm_pnl=$+0.00 | locked=$+0.00
  exposure=$0.00 | mtm_pnl=$+0.00 | locked=$+0.00
  orders: 0 | fills: 0 ()
2025-12-14 21:28:09,363 [WARNING] [btc-updown-15m-1765743300] Stale Data (1765744089.4s > 2.0s)
2025-12-14 21:28:09,363 [INFO] [btc-updown-15m-1765743300] IDLE | T-112s
  YES: bid=0.010 ask=0.030 | NO: bid=0.970 ask=0.990
  q_yes=0.00 q_no=0.00 | avg_yes=0.000 avg_no=0.000
  exposure=$0.00 | mtm_pnl=$+0.00 | locked=$+0.00
  exposure=$0.00 | mtm_pnl=$+0.00 | locked=$+0.00
  orders: 0 | fills: 0 ()
2025-12-14 21:28:12,150 [WARNING] [btc-updown-15m-1765743300] Stale Data (1765744092.2s > 2.0s)
2025-12-14 21:28:12,152 [INFO] [btc-updown-15m-1765743300] IDLE | T-108s
  YES: bid=0.020 ask=0.030 | NO: bid=0.970 ask=0.980
  q_yes=0.00 q_no=0.00 | avg_yes=0.000 avg_no=0.000
  exposure=$0.00 | mtm_pnl=$+0.00 | locked=$+0.00
  exposure=$0.00 | mtm_pnl=$+0.00 | locked=$+0.00
  orders: 0 | fills: 0 ()
2025-12-14 21:28:15,621 [WARNING] [btc-updown-15m-1765743300] Stale Data (1765744095.6s > 2.0s)
2025-12-14 21:28:15,621 [INFO] [btc-updown-15m-1765743300] IDLE | T-105s
  YES: bid=0.010 ask=0.020 | NO: bid=0.960 ask=0.990
  q_yes=0.00 q_no=0.00 | avg_yes=0.000 avg_no=0.000
  exposure=$0.00 | mtm_pnl=$+0.00 | locked=$+0.00
  exposure=$0.00 | mtm_pnl=$+0.00 | locked=$+0.00
  orders: 0 | fills: 0 ()
2025-12-14 21:28:19,805 [WARNING] [btc-updown-15m-1765743300] Stale Data (1765744099.8s > 2.0s)
2025-12-14 21:28:19,806 [INFO] [btc-updown-15m-1765743300] IDLE | T-100s
  YES: bid=0.010 ask=0.020 | NO: bid=0.980 ask=0.990
  q_yes=0.00 q_no=0.00 | avg_yes=0.000 avg_no=0.000
  exposure=$0.00 | mtm_pnl=$+0.00 | locked=$+0.00
  exposure=$0.00 | mtm_pnl=$+0.00 | locked=$+0.00
  orders: 0 | fills: 0 ()
2025-12-14 21:28:23,298 [WARNING] [btc-updown-15m-1765743300] Stale Data (1765744103.3s > 2.0s)
2025-12-14 21:28:23,298 [INFO] [btc-updown-15m-1765743300] IDLE | T-98s
  YES: bid=0.010 ask=0.020 | NO: bid=0.980 ask=0.990
  q_yes=0.00 q_no=0.00 | avg_yes=0.000 avg_no=0.000
  exposure=$0.00 | mtm_pnl=$+0.00 | locked=$+0.00
  exposure=$0.00 | mtm_pnl=$+0.00 | locked=$+0.00
  orders: 0 | fills: 0 ()
2025-12-14 21:28:25,993 [WARNING] [btc-updown-15m-1765743300] Stale Data (1765744106.0s > 2.0s)
2025-12-14 21:28:25,993 [INFO] [btc-updown-15m-1765743300] IDLE | T-94s
  YES: bid=0.010 ask=0.020 | NO: bid=0.980 ask=0.990
  q_yes=0.00 q_no=0.00 | avg_yes=0.000 avg_no=0.000
  exposure=$0.00 | mtm_pnl=$+0.00 | locked=$+0.00
  exposure=$0.00 | mtm_pnl=$+0.00 | locked=$+0.00
  orders: 0 | fills: 0 ()
2025-12-14 21:28:29,295 [WARNING] [btc-updown-15m-1765743300] Stale Data (1765744109.3s > 2.0s)
2025-12-14 21:28:29,295 [INFO] [btc-updown-15m-1765743300] IDLE | T-92s
  YES: bid=0.010 ask=0.020 | NO: bid=0.980 ask=0.990
  q_yes=0.00 q_no=0.00 | avg_yes=0.000 avg_no=0.000
  exposure=$0.00 | mtm_pnl=$+0.00 | locked=$+0.00
  exposure=$0.00 | mtm_pnl=$+0.00 | locked=$+0.00
  orders: 0 | fills: 0 ()
2025-12-14 21:28:33,426 [WARNING] [btc-updown-15m-1765743300] Stale Data (1765744113.4s > 2.0s)
2025-12-14 21:28:33,428 [INFO] [btc-updown-15m-1765743300] IDLE | T-87s
  YES: bid=0.010 ask=0.020 | NO: bid=0.980 ask=0.990
  q_yes=0.00 q_no=0.00 | avg_yes=0.000 avg_no=0.000
  exposure=$0.00 | mtm_pnl=$+0.00 | locked=$+0.00
  exposure=$0.00 | mtm_pnl=$+0.00 | locked=$+0.00
  orders: 0 | fills: 0 ()
2025-12-14 21:28:36,987 [WARNING] [btc-updown-15m-1765743300] Stale Data (1765744117.0s > 2.0s)
2025-12-14 21:28:36,987 [INFO] [btc-updown-15m-1765743300] IDLE | T-84s
  YES: bid=0.010 ask=0.020 | NO: bid=0.980 ask=0.990
  q_yes=0.00 q_no=0.00 | avg_yes=0.000 avg_no=0.000
  exposure=$0.00 | mtm_pnl=$+0.00 | locked=$+0.00
  exposure=$0.00 | mtm_pnl=$+0.00 | locked=$+0.00
  orders: 0 | fills: 0 ()
2025-12-14 21:28:39,918 [WARNING] [btc-updown-15m-1765743300] Stale Data (1765744119.9s > 2.0s)
2025-12-14 21:28:39,919 [INFO] [btc-updown-15m-1765743300] IDLE | T-80s
  YES: bid=0.010 ask=0.020 | NO: bid=0.980 ask=0.990
  q_yes=0.00 q_no=0.00 | avg_yes=0.000 avg_no=0.000
  exposure=$0.00 | mtm_pnl=$+0.00 | locked=$+0.00
  exposure=$0.00 | mtm_pnl=$+0.00 | locked=$+0.00
  orders: 0 | fills: 0 ()
2025-12-14 21:28:43,776 [WARNING] [btc-updown-15m-1765743300] Stale Data (1765744123.8s > 2.0s)
2025-12-14 21:28:43,776 [INFO] [btc-updown-15m-1765743300] IDLE | T-77s
  YES: bid=0.010 ask=0.020 | NO: bid=0.980 ask=0.990
  q_yes=0.00 q_no=0.00 | avg_yes=0.000 avg_no=0.000
  exposure=$0.00 | mtm_pnl=$+0.00 | locked=$+0.00
  exposure=$0.00 | mtm_pnl=$+0.00 | locked=$+0.00
  orders: 0 | fills: 0 ()
2025-12-14 21:28:43,850 [INFO] Stopping...
2025-12-14 21:30:13,759 [WARNING] [93m==================================================
2025-12-14 21:30:13,759 [WARNING] !!! RUNNING IN DRY RUN / SIMULATION MODE !!!
2025-12-14 21:30:13,760 [WARNING] No real orders will be placed.
2025-12-14 21:30:13,760 [WARNING] All generated orders will be IMMEIDATELY FILLED (Simulated).
2025-12-14 21:30:13,760 [WARNING] ==================================================[0m
2025-12-14 21:30:13,760 [INFO] --- GABAGOOL LITE INITIALIZATION ---
2025-12-14 21:30:13,764 [INFO] [ALERT] CLOB client authentifié initialisé sur https://clob.polymarket.com
2025-12-14 21:30:13,765 [WARNING] MODE LIVE - ORDRES RÉELS POSSIBLES
2025-12-14 21:30:13,765 [INFO] API Client Authenticated.
2025-12-14 21:30:13,765 [INFO] Orchestrator initialized. Dry Run: True
2025-12-14 21:30:15,293 [INFO] [ORCHESTRATOR] Adding new strategy: btc-updown-15m-1765744200
2025-12-14 21:30:19,087 [INFO] [BTC] Chainlink: $88644.76 (Lag: 6.1s)
2025-12-14 21:30:19,088 [WARNING] [btc-updown-15m-1765744200] Stale Data (1765744219.1s > 2.0s)
2025-12-14 21:30:19,088 [INFO] [btc-updown-15m-1765744200] IDLE | T-882s
  YES: bid=0.440 ask=0.450 | NO: bid=0.550 ask=0.560
  q_yes=0.00 q_no=0.00 | avg_yes=0.000 avg_no=0.000
  exposure=$0.00 | mtm_pnl=$+0.00 | locked=$+0.00
  exposure=$0.00 | mtm_pnl=$+0.00 | locked=$+0.00
  orders: 0 | fills: 0 ()
2025-12-14 21:30:21,175 [INFO] [btc-updown-15m-1765744200] Hybrid Tracking Start: BTC T0 = $88644.76
2025-12-14 21:30:21,968 [WARNING] [btc-updown-15m-1765744200] Stale Data (1765744222.0s > 2.0s)
2025-12-14 21:30:21,968 [INFO] [btc-updown-15m-1765744200] IDLE | T-878s
  YES: bid=0.430 ask=0.440 | NO: bid=0.560 ask=0.570
  q_yes=0.00 q_no=0.00 | avg_yes=0.000 avg_no=0.000
  exposure=$0.00 | mtm_pnl=$+0.00 | locked=$+0.00
  exposure=$0.00 | mtm_pnl=$+0.00 | locked=$+0.00
  orders: 0 | fills: 0 ()
2025-12-14 21:30:25,398 [INFO] [BTC] Chainlink: $88644.76 (Lag: 12.4s)
2025-12-14 21:30:25,399 [WARNING] [btc-updown-15m-1765744200] Stale Data (1765744225.4s > 2.0s)
2025-12-14 21:30:25,399 [INFO] [btc-updown-15m-1765744200] IDLE | T-876s
  YES: bid=0.430 ask=0.440 | NO: bid=0.560 ask=0.570
  q_yes=0.00 q_no=0.00 | avg_yes=0.000 avg_no=0.000
  exposure=$0.00 | mtm_pnl=$+0.00 | locked=$+0.00
  exposure=$0.00 | mtm_pnl=$+0.00 | locked=$+0.00
  orders: 0 | fills: 0 ()
2025-12-14 21:30:29,999 [WARNING] [btc-updown-15m-1765744200] Stale Data (1765744230.0s > 2.0s)
2025-12-14 21:30:29,999 [INFO] [btc-updown-15m-1765744200] IDLE | T-870s
  YES: bid=0.410 ask=0.430 | NO: bid=0.570 ask=0.580
  q_yes=0.00 q_no=0.00 | avg_yes=0.000 avg_no=0.000
  exposure=$0.00 | mtm_pnl=$+0.00 | locked=$+0.00
  exposure=$0.00 | mtm_pnl=$+0.00 | locked=$+0.00
  orders: 0 | fills: 0 ()
2025-12-14 21:30:33,825 [INFO] [BTC] Chainlink: $88635.10 (Lag: 6.8s)
2025-12-14 21:30:33,827 [WARNING] [btc-updown-15m-1765744200] Stale Data (1765744233.8s > 2.0s)
2025-12-14 21:30:33,827 [INFO] [btc-updown-15m-1765744200] IDLE | T-867s
  YES: bid=0.420 ask=0.430 | NO: bid=0.570 ask=0.590
  q_yes=0.00 q_no=0.00 | avg_yes=0.000 avg_no=0.000
  exposure=$0.00 | mtm_pnl=$+0.00 | locked=$+0.00
  exposure=$0.00 | mtm_pnl=$+0.00 | locked=$+0.00
  orders: 0 | fills: 0 ()
2025-12-14 21:30:36,606 [WARNING] [btc-updown-15m-1765744200] Stale Data (1765744236.6s > 2.0s)
2025-12-14 21:30:36,606 [INFO] [btc-updown-15m-1765744200] IDLE | T-864s
  YES: bid=0.370 ask=0.380 | NO: bid=0.620 ask=0.630
  q_yes=0.00 q_no=0.00 | avg_yes=0.000 avg_no=0.000
  exposure=$0.00 | mtm_pnl=$+0.00 | locked=$+0.00
  exposure=$0.00 | mtm_pnl=$+0.00 | locked=$+0.00
  orders: 0 | fills: 0 ()
2025-12-14 21:30:40,413 [INFO] [BTC] Chainlink: $88591.13 (Lag: 1.4s)
2025-12-14 21:30:40,419 [WARNING] [btc-updown-15m-1765744200] Stale Data (1765744240.4s > 2.0s)
2025-12-14 21:30:40,419 [INFO] [btc-updown-15m-1765744200] IDLE | T-861s
  YES: bid=0.330 ask=0.340 | NO: bid=0.670 ask=0.690
  q_yes=0.00 q_no=0.00 | avg_yes=0.000 avg_no=0.000
  exposure=$0.00 | mtm_pnl=$+0.00 | locked=$+0.00
  exposure=$0.00 | mtm_pnl=$+0.00 | locked=$+0.00
  orders: 0 | fills: 0 ()
2025-12-14 21:30:44,662 [WARNING] [btc-updown-15m-1765744200] Stale Data (1765744244.7s > 2.0s)
2025-12-14 21:30:44,664 [INFO] [btc-updown-15m-1765744200] IDLE | T-856s
  YES: bid=0.320 ask=0.330 | NO: bid=0.670 ask=0.680
  q_yes=0.00 q_no=0.00 | avg_yes=0.000 avg_no=0.000
  exposure=$0.00 | mtm_pnl=$+0.00 | locked=$+0.00
  exposure=$0.00 | mtm_pnl=$+0.00 | locked=$+0.00
  orders: 0 | fills: 0 ()
2025-12-14 21:30:48,096 [INFO] [BTC] Chainlink: $88591.13 (Lag: 9.1s)
2025-12-14 21:30:48,096 [WARNING] [btc-updown-15m-1765744200] Stale Data (1765744248.1s > 2.0s)
2025-12-14 21:30:48,096 [INFO] [btc-updown-15m-1765744200] IDLE | T-853s
  YES: bid=0.330 ask=0.340 | NO: bid=0.660 ask=0.670
  q_yes=0.00 q_no=0.00 | avg_yes=0.000 avg_no=0.000
  exposure=$0.00 | mtm_pnl=$+0.00 | locked=$+0.00
  exposure=$0.00 | mtm_pnl=$+0.00 | locked=$+0.00
  orders: 0 | fills: 0 ()
2025-12-14 21:30:50,907 [WARNING] [btc-updown-15m-1765744200] Stale Data (1765744250.9s > 2.0s)
2025-12-14 21:30:50,908 [INFO] [btc-updown-15m-1765744200] IDLE | T-849s
  YES: bid=0.320 ask=0.330 | NO: bid=0.670 ask=0.680
  q_yes=0.00 q_no=0.00 | avg_yes=0.000 avg_no=0.000
  exposure=$0.00 | mtm_pnl=$+0.00 | locked=$+0.00
  exposure=$0.00 | mtm_pnl=$+0.00 | locked=$+0.00
  orders: 0 | fills: 0 ()
2025-12-14 21:30:54,810 [INFO] [BTC] Chainlink: $88587.71 (Lag: 2.8s)
2025-12-14 21:30:54,812 [WARNING] [btc-updown-15m-1765744200] Stale Data (1765744254.8s > 2.0s)
2025-12-14 21:30:54,812 [INFO] [btc-updown-15m-1765744200] IDLE | T-846s
  YES: bid=0.320 ask=0.330 | NO: bid=0.670 ask=0.680
  q_yes=0.00 q_no=0.00 | avg_yes=0.000 avg_no=0.000
  exposure=$0.00 | mtm_pnl=$+0.00 | locked=$+0.00
  exposure=$0.00 | mtm_pnl=$+0.00 | locked=$+0.00
  orders: 0 | fills: 0 ()
2025-12-14 21:30:59,645 [WARNING] [btc-updown-15m-1765744200] Stale Data (1765744259.6s > 2.0s)
2025-12-14 21:30:59,645 [INFO] [btc-updown-15m-1765744200] IDLE | T-841s
  YES: bid=0.340 ask=0.350 | NO: bid=0.650 ask=0.660
  q_yes=0.00 q_no=0.00 | avg_yes=0.000 avg_no=0.000
  exposure=$0.00 | mtm_pnl=$+0.00 | locked=$+0.00
  exposure=$0.00 | mtm_pnl=$+0.00 | locked=$+0.00
  orders: 0 | fills: 0 ()
2025-12-14 21:31:03,509 [INFO] [BTC] Chainlink: $88587.71 (Lag: 11.5s)
2025-12-14 21:31:03,511 [WARNING] [btc-updown-15m-1765744200] Stale Data (1765744263.5s > 2.0s)
2025-12-14 21:31:03,511 [INFO] [btc-updown-15m-1765744200] IDLE | T-837s
  YES: bid=0.330 ask=0.340 | NO: bid=0.660 ask=0.670
  q_yes=0.00 q_no=0.00 | avg_yes=0.000 avg_no=0.000
  exposure=$0.00 | mtm_pnl=$+0.00 | locked=$+0.00
  exposure=$0.00 | mtm_pnl=$+0.00 | locked=$+0.00
  orders: 0 | fills: 0 ()
2025-12-14 21:31:06,453 [WARNING] [btc-updown-15m-1765744200] Stale Data (1765744266.5s > 2.0s)
2025-12-14 21:31:06,454 [INFO] [btc-updown-15m-1765744200] IDLE | T-834s
  YES: bid=0.330 ask=0.350 | NO: bid=0.650 ask=0.670
  q_yes=0.00 q_no=0.00 | avg_yes=0.000 avg_no=0.000
  exposure=$0.00 | mtm_pnl=$+0.00 | locked=$+0.00
  exposure=$0.00 | mtm_pnl=$+0.00 | locked=$+0.00
  orders: 0 | fills: 0 ()
2025-12-14 21:31:11,879 [INFO] [BTC] Chainlink: $88590.37 (Lag: 7.9s)
2025-12-14 21:31:11,880 [WARNING] [btc-updown-15m-1765744200] Stale Data (1765744271.9s > 2.0s)
2025-12-14 21:31:11,880 [INFO] [btc-updown-15m-1765744200] IDLE | T-829s
  YES: bid=0.320 ask=0.330 | NO: bid=0.670 ask=0.690
  q_yes=0.00 q_no=0.00 | avg_yes=0.000 avg_no=0.000
  exposure=$0.00 | mtm_pnl=$+0.00 | locked=$+0.00
  exposure=$0.00 | mtm_pnl=$+0.00 | locked=$+0.00
  orders: 0 | fills: 0 ()
2025-12-14 21:31:14,655 [WARNING] [btc-updown-15m-1765744200] Stale Data (1765744274.7s > 2.0s)
2025-12-14 21:31:14,656 [INFO] [btc-updown-15m-1765744200] IDLE | T-826s
  YES: bid=0.320 ask=0.340 | NO: bid=0.660 ask=0.680
  q_yes=0.00 q_no=0.00 | avg_yes=0.000 avg_no=0.000
  exposure=$0.00 | mtm_pnl=$+0.00 | locked=$+0.00
  exposure=$0.00 | mtm_pnl=$+0.00 | locked=$+0.00
  orders: 0 | fills: 0 ()
2025-12-14 21:31:18,471 [INFO] [BTC] Chainlink: $88590.35 (Lag: 2.5s)
2025-12-14 21:31:18,472 [WARNING] [btc-updown-15m-1765744200] Stale Data (1765744278.5s > 2.0s)
2025-12-14 21:31:18,473 [INFO] [btc-updown-15m-1765744200] IDLE | T-823s
  YES: bid=0.320 ask=0.330 | NO: bid=0.670 ask=0.680
  q_yes=0.00 q_no=0.00 | avg_yes=0.000 avg_no=0.000
  exposure=$0.00 | mtm_pnl=$+0.00 | locked=$+0.00
  exposure=$0.00 | mtm_pnl=$+0.00 | locked=$+0.00
  orders: 0 | fills: 0 ()
2025-12-14 21:31:23,362 [WARNING] [btc-updown-15m-1765744200] Stale Data (1765744283.4s > 2.0s)
2025-12-14 21:31:23,362 [INFO] [btc-updown-15m-1765744200] IDLE | T-817s
  YES: bid=0.370 ask=0.380 | NO: bid=0.630 ask=0.640
  q_yes=0.00 q_no=0.00 | avg_yes=0.000 avg_no=0.000
  exposure=$0.00 | mtm_pnl=$+0.00 | locked=$+0.00
  exposure=$0.00 | mtm_pnl=$+0.00 | locked=$+0.00
  orders: 0 | fills: 0 ()
2025-12-14 21:31:27,131 [INFO] [BTC] Chainlink: $88590.35 (Lag: 11.1s)
2025-12-14 21:31:27,132 [WARNING] [btc-updown-15m-1765744200] Stale Data (1765744287.1s > 2.0s)
2025-12-14 21:31:27,132 [INFO] [btc-updown-15m-1765744200] IDLE | T-814s
  YES: bid=0.380 ask=0.390 | NO: bid=0.610 ask=0.620
  q_yes=0.00 q_no=0.00 | avg_yes=0.000 avg_no=0.000
  exposure=$0.00 | mtm_pnl=$+0.00 | locked=$+0.00
  exposure=$0.00 | mtm_pnl=$+0.00 | locked=$+0.00
  orders: 0 | fills: 0 ()
2025-12-14 21:31:30,191 [WARNING] [btc-updown-15m-1765744200] Stale Data (1765744290.2s > 2.0s)
2025-12-14 21:31:30,192 [INFO] [btc-updown-15m-1765744200] IDLE | T-810s
  YES: bid=0.370 ask=0.380 | NO: bid=0.620 ask=0.630
  q_yes=0.00 q_no=0.00 | avg_yes=0.000 avg_no=0.000
  exposure=$0.00 | mtm_pnl=$+0.00 | locked=$+0.00
  exposure=$0.00 | mtm_pnl=$+0.00 | locked=$+0.00
  orders: 0 | fills: 0 ()
2025-12-14 21:31:35,915 [INFO] [BTC] Chainlink: $88602.49 (Lag: 7.9s)
2025-12-14 21:31:35,917 [WARNING] [btc-updown-15m-1765744200] Stale Data (1765744295.9s > 2.0s)
2025-12-14 21:31:35,917 [INFO] [btc-updown-15m-1765744200] IDLE | T-805s
  YES: bid=0.360 ask=0.380 | NO: bid=0.630 ask=0.640
  q_yes=0.00 q_no=0.00 | avg_yes=0.000 avg_no=0.000
  exposure=$0.00 | mtm_pnl=$+0.00 | locked=$+0.00
  exposure=$0.00 | mtm_pnl=$+0.00 | locked=$+0.00
  orders: 0 | fills: 0 ()
2025-12-14 21:31:38,943 [WARNING] [btc-updown-15m-1765744200] Stale Data (1765744298.9s > 2.0s)
2025-12-14 21:31:38,943 [INFO] [btc-updown-15m-1765744200] IDLE | T-801s
  YES: bid=0.360 ask=0.370 | NO: bid=0.630 ask=0.640
  q_yes=0.00 q_no=0.00 | avg_yes=0.000 avg_no=0.000
  exposure=$0.00 | mtm_pnl=$+0.00 | locked=$+0.00
  exposure=$0.00 | mtm_pnl=$+0.00 | locked=$+0.00
  orders: 0 | fills: 0 ()
2025-12-14 21:31:42,689 [INFO] [BTC] Chainlink: $88603.38 (Lag: 2.7s)
2025-12-14 21:31:42,690 [WARNING] [btc-updown-15m-1765744200] Stale Data (1765744302.7s > 2.0s)
2025-12-14 21:31:42,690 [INFO] [btc-updown-15m-1765744200] IDLE | T-798s
  YES: bid=0.360 ask=0.370 | NO: bid=0.620 ask=0.630
  q_yes=0.00 q_no=0.00 | avg_yes=0.000 avg_no=0.000
  exposure=$0.00 | mtm_pnl=$+0.00 | locked=$+0.00
  exposure=$0.00 | mtm_pnl=$+0.00 | locked=$+0.00
  orders: 0 | fills: 0 ()
2025-12-14 21:31:47,119 [WARNING] [btc-updown-15m-1765744200] Stale Data (1765744307.1s > 2.0s)
2025-12-14 21:31:47,119 [INFO] [btc-updown-15m-1765744200] IDLE | T-793s
  YES: bid=0.370 ask=0.390 | NO: bid=0.610 ask=0.630
  q_yes=0.00 q_no=0.00 | avg_yes=0.000 avg_no=0.000
  exposure=$0.00 | mtm_pnl=$+0.00 | locked=$+0.00
  exposure=$0.00 | mtm_pnl=$+0.00 | locked=$+0.00
  orders: 0 | fills: 0 ()
2025-12-14 21:31:51,012 [INFO] [BTC] Chainlink: $88603.38 (Lag: 11.0s)
2025-12-14 21:31:51,013 [WARNING] [btc-updown-15m-1765744200] Stale Data (1765744311.0s > 2.0s)
2025-12-14 21:31:51,013 [INFO] [btc-updown-15m-1765744200] IDLE | T-790s
  YES: bid=0.390 ask=0.400 | NO: bid=0.600 ask=0.610
  q_yes=0.00 q_no=0.00 | avg_yes=0.000 avg_no=0.000
  exposure=$0.00 | mtm_pnl=$+0.00 | locked=$+0.00
  exposure=$0.00 | mtm_pnl=$+0.00 | locked=$+0.00
  orders: 0 | fills: 0 ()
2025-12-14 21:31:53,908 [WARNING] [btc-updown-15m-1765744200] Stale Data (1765744313.9s > 2.0s)
2025-12-14 21:31:53,908 [INFO] [btc-updown-15m-1765744200] IDLE | T-786s
  YES: bid=0.390 ask=0.400 | NO: bid=0.600 ask=0.610
  q_yes=0.00 q_no=0.00 | avg_yes=0.000 avg_no=0.000
  exposure=$0.00 | mtm_pnl=$+0.00 | locked=$+0.00
  exposure=$0.00 | mtm_pnl=$+0.00 | locked=$+0.00
  orders: 0 | fills: 0 ()
2025-12-14 21:31:57,525 [INFO] [BTC] Chainlink: $88610.74 (Lag: 4.5s)
2025-12-14 21:31:57,526 [WARNING] [btc-updown-15m-1765744200] Stale Data (1765744317.5s > 2.0s)
2025-12-14 21:31:57,527 [INFO] [btc-updown-15m-1765744200] IDLE | T-783s
  YES: bid=0.390 ask=0.400 | NO: bid=0.600 ask=0.610
  q_yes=0.00 q_no=0.00 | avg_yes=0.000 avg_no=0.000
  exposure=$0.00 | mtm_pnl=$+0.00 | locked=$+0.00
  exposure=$0.00 | mtm_pnl=$+0.00 | locked=$+0.00
  orders: 0 | fills: 0 ()
2025-12-14 21:32:01,849 [WARNING] [btc-updown-15m-1765744200] Stale Data (1765744321.8s > 2.0s)
2025-12-14 21:32:01,849 [INFO] [btc-updown-15m-1765744200] IDLE | T-778s
  YES: bid=0.390 ask=0.410 | NO: bid=0.590 ask=0.610
  q_yes=0.00 q_no=0.00 | avg_yes=0.000 avg_no=0.000
  exposure=$0.00 | mtm_pnl=$+0.00 | locked=$+0.00
  exposure=$0.00 | mtm_pnl=$+0.00 | locked=$+0.00
  orders: 0 | fills: 0 ()
2025-12-14 21:32:05,579 [INFO] [BTC] Chainlink: $88610.74 (Lag: 12.6s)
2025-12-14 21:32:05,580 [WARNING] [btc-updown-15m-1765744200] Stale Data (1765744325.6s > 2.0s)
2025-12-14 21:32:05,580 [INFO] [btc-updown-15m-1765744200] IDLE | T-776s
  YES: bid=0.400 ask=0.410 | NO: bid=0.590 ask=0.600
  q_yes=0.00 q_no=0.00 | avg_yes=0.000 avg_no=0.000
  exposure=$0.00 | mtm_pnl=$+0.00 | locked=$+0.00
  exposure=$0.00 | mtm_pnl=$+0.00 | locked=$+0.00
  orders: 0 | fills: 0 ()
2025-12-14 21:32:07,826 [WARNING] [btc-updown-15m-1765744200] Stale Data (1765744327.8s > 2.0s)
2025-12-14 21:32:07,828 [INFO] [btc-updown-15m-1765744200] IDLE | T-773s
  YES: bid=0.390 ask=0.400 | NO: bid=0.600 ask=0.610
  q_yes=0.00 q_no=0.00 | avg_yes=0.000 avg_no=0.000
  exposure=$0.00 | mtm_pnl=$+0.00 | locked=$+0.00
  exposure=$0.00 | mtm_pnl=$+0.00 | locked=$+0.00
  orders: 0 | fills: 0 ()
2025-12-14 21:32:07,876 [INFO] Stopping...
2025-12-14 21:32:17,737 [WARNING] [93m==================================================
2025-12-14 21:32:17,737 [WARNING] !!! RUNNING IN DRY RUN / SIMULATION MODE !!!
2025-12-14 21:32:17,737 [WARNING] No real orders will be placed.
2025-12-14 21:32:17,737 [WARNING] All generated orders will be IMMEIDATELY FILLED (Simulated).
2025-12-14 21:32:17,738 [WARNING] ==================================================[0m
2025-12-14 21:32:17,738 [INFO] --- GABAGOOL LITE INITIALIZATION ---
2025-12-14 21:32:17,742 [INFO] [ALERT] CLOB client authentifié initialisé sur https://clob.polymarket.com
2025-12-14 21:32:17,743 [WARNING] MODE LIVE - ORDRES RÉELS POSSIBLES
2025-12-14 21:32:17,743 [INFO] API Client Authenticated.
2025-12-14 21:32:17,743 [INFO] Orchestrator initialized. Dry Run: True
2025-12-14 21:32:19,260 [INFO] [ORCHESTRATOR] Adding new strategy: btc-updown-15m-1765744200
2025-12-14 21:32:23,157 [INFO] [BTC] Chainlink: $88634.48 (Lag: 6.2s)
2025-12-14 21:32:23,159 [WARNING] [btc-updown-15m-1765744200] Stale Data (6.2s > 2.0s)
2025-12-14 21:32:23,159 [INFO] [btc-updown-15m-1765744200] IDLE | T-758s
  YES: bid=0.470 ask=0.480 | NO: bid=0.520 ask=0.540
  q_yes=0.00 q_no=0.00 | avg_yes=0.000 avg_no=0.000
  exposure=$0.00 | mtm_pnl=$+0.00 | locked=$+0.00
  exposure=$0.00 | mtm_pnl=$+0.00 | locked=$+0.00
  orders: 0 | fills: 0 ()
2025-12-14 21:32:25,354 [INFO] [btc-updown-15m-1765744200] Hybrid Tracking Start: BTC T0 = $88634.48
2025-12-14 21:32:26,233 [WARNING] [btc-updown-15m-1765744200] Stale Data (9.2s > 2.0s)
2025-12-14 21:32:26,233 [INFO] [btc-updown-15m-1765744200] IDLE | T-754s
  YES: bid=0.480 ask=0.490 | NO: bid=0.510 ask=0.520
  q_yes=0.00 q_no=0.00 | avg_yes=0.000 avg_no=0.000
  exposure=$0.00 | mtm_pnl=$+0.00 | locked=$+0.00
  exposure=$0.00 | mtm_pnl=$+0.00 | locked=$+0.00
  orders: 0 | fills: 0 ()
2025-12-14 21:32:29,931 [INFO] [BTC] Chainlink: $88634.48 (Lag: 12.9s)
2025-12-14 21:32:29,933 [WARNING] [btc-updown-15m-1765744200] Stale Data (12.9s > 2.0s)
2025-12-14 21:32:29,933 [INFO] [btc-updown-15m-1765744200] IDLE | T-751s
  YES: bid=0.480 ask=0.490 | NO: bid=0.510 ask=0.520
  q_yes=0.00 q_no=0.00 | avg_yes=0.000 avg_no=0.000
  exposure=$0.00 | mtm_pnl=$+0.00 | locked=$+0.00
  exposure=$0.00 | mtm_pnl=$+0.00 | locked=$+0.00
  orders: 0 | fills: 0 ()
2025-12-14 21:32:34,288 [WARNING] [btc-updown-15m-1765744200] Stale Data (17.3s > 2.0s)
2025-12-14 21:32:34,289 [INFO] [btc-updown-15m-1765744200] IDLE | T-746s
  YES: bid=0.470 ask=0.490 | NO: bid=0.510 ask=0.530
  q_yes=0.00 q_no=0.00 | avg_yes=0.000 avg_no=0.000
  exposure=$0.00 | mtm_pnl=$+0.00 | locked=$+0.00
  exposure=$0.00 | mtm_pnl=$+0.00 | locked=$+0.00
  orders: 0 | fills: 0 ()
2025-12-14 21:32:38,035 [INFO] [BTC] Chainlink: $88651.51 (Lag: 9.0s)
2025-12-14 21:32:38,036 [WARNING] [btc-updown-15m-1765744200] Stale Data (9.0s > 2.0s)
2025-12-14 21:32:38,036 [INFO] [btc-updown-15m-1765744200] IDLE | T-743s
  YES: bid=0.460 ask=0.490 | NO: bid=0.520 ask=0.530
  q_yes=0.00 q_no=0.00 | avg_yes=0.000 avg_no=0.000
  exposure=$0.00 | mtm_pnl=$+0.00 | locked=$+0.00
  exposure=$0.00 | mtm_pnl=$+0.00 | locked=$+0.00
  orders: 0 | fills: 0 ()
2025-12-14 21:32:40,991 [WARNING] [btc-updown-15m-1765744200] Stale Data (12.0s > 2.0s)
2025-12-14 21:32:40,993 [INFO] [btc-updown-15m-1765744200] IDLE | T-739s
  YES: bid=0.470 ask=0.480 | NO: bid=0.520 ask=0.540
  q_yes=0.00 q_no=0.00 | avg_yes=0.000 avg_no=0.000
  exposure=$0.00 | mtm_pnl=$+0.00 | locked=$+0.00
  exposure=$0.00 | mtm_pnl=$+0.00 | locked=$+0.00
  orders: 0 | fills: 0 ()
2025-12-14 21:32:44,498 [INFO] [BTC] Chainlink: $88650.19 (Lag: 3.5s)
2025-12-14 21:32:44,499 [WARNING] [btc-updown-15m-1765744200] Stale Data (3.5s > 2.0s)
2025-12-14 21:32:44,499 [INFO] [btc-updown-15m-1765744200] IDLE | T-736s
  YES: bid=0.440 ask=0.450 | NO: bid=0.550 ask=0.560
  q_yes=0.00 q_no=0.00 | avg_yes=0.000 avg_no=0.000
  exposure=$0.00 | mtm_pnl=$+0.00 | locked=$+0.00
  exposure=$0.00 | mtm_pnl=$+0.00 | locked=$+0.00
  orders: 0 | fills: 0 ()
2025-12-14 21:32:48,930 [WARNING] [btc-updown-15m-1765744200] Stale Data (7.9s > 2.0s)
2025-12-14 21:32:48,931 [INFO] [btc-updown-15m-1765744200] IDLE | T-731s
  YES: bid=0.430 ask=0.440 | NO: bid=0.560 ask=0.570
  q_yes=0.00 q_no=0.00 | avg_yes=0.000 avg_no=0.000
  exposure=$0.00 | mtm_pnl=$+0.00 | locked=$+0.00
  exposure=$0.00 | mtm_pnl=$+0.00 | locked=$+0.00
  orders: 0 | fills: 0 ()
2025-12-14 21:32:52,621 [INFO] [BTC] Chainlink: $88650.19 (Lag: 11.6s)
2025-12-14 21:32:52,622 [WARNING] [btc-updown-15m-1765744200] Stale Data (11.6s > 2.0s)
2025-12-14 21:32:52,622 [INFO] [btc-updown-15m-1765744200] IDLE | T-728s
  YES: bid=0.430 ask=0.440 | NO: bid=0.560 ask=0.570
  q_yes=0.00 q_no=0.00 | avg_yes=0.000 avg_no=0.000
  exposure=$0.00 | mtm_pnl=$+0.00 | locked=$+0.00
  exposure=$0.00 | mtm_pnl=$+0.00 | locked=$+0.00
  orders: 0 | fills: 0 ()
2025-12-14 21:32:55,462 [WARNING] [btc-updown-15m-1765744200] Stale Data (14.5s > 2.0s)
2025-12-14 21:32:55,462 [INFO] [btc-updown-15m-1765744200] IDLE | T-725s
  YES: bid=0.430 ask=0.440 | NO: bid=0.560 ask=0.570
  q_yes=0.00 q_no=0.00 | avg_yes=0.000 avg_no=0.000
  exposure=$0.00 | mtm_pnl=$+0.00 | locked=$+0.00
  exposure=$0.00 | mtm_pnl=$+0.00 | locked=$+0.00
  orders: 0 | fills: 0 ()
2025-12-14 21:32:59,143 [INFO] [BTC] Chainlink: $88640.38 (Lag: 6.1s)
2025-12-14 21:32:59,144 [WARNING] [btc-updown-15m-1765744200] Stale Data (6.1s > 2.0s)
2025-12-14 21:32:59,144 [INFO] [btc-updown-15m-1765744200] IDLE | T-722s
  YES: bid=0.430 ask=0.440 | NO: bid=0.550 ask=0.570
  q_yes=0.00 q_no=0.00 | avg_yes=0.000 avg_no=0.000
  exposure=$0.00 | mtm_pnl=$+0.00 | locked=$+0.00
  exposure=$0.00 | mtm_pnl=$+0.00 | locked=$+0.00
  orders: 0 | fills: 0 ()
2025-12-14 21:33:04,986 [INFO] [BTC] Chainlink: $88640.38 (Lag: 12.0s)
2025-12-14 21:33:04,987 [WARNING] [btc-updown-15m-1765744200] Stale Data (12.0s > 2.0s)
2025-12-14 21:33:04,988 [INFO] [btc-updown-15m-1765744200] IDLE | T-716s
  YES: bid=0.420 ask=0.430 | NO: bid=0.570 ask=0.580
  q_yes=0.00 q_no=0.00 | avg_yes=0.000 avg_no=0.000
  exposure=$0.00 | mtm_pnl=$+0.00 | locked=$+0.00
  exposure=$0.00 | mtm_pnl=$+0.00 | locked=$+0.00
  orders: 0 | fills: 0 ()
2025-12-14 21:33:07,660 [WARNING] [btc-updown-15m-1765744200] Stale Data (14.7s > 2.0s)
2025-12-14 21:33:07,660 [INFO] [btc-updown-15m-1765744200] IDLE | T-713s
  YES: bid=0.420 ask=0.430 | NO: bid=0.570 ask=0.580
  q_yes=0.00 q_no=0.00 | avg_yes=0.000 avg_no=0.000
  exposure=$0.00 | mtm_pnl=$+0.00 | locked=$+0.00
  exposure=$0.00 | mtm_pnl=$+0.00 | locked=$+0.00
  orders: 0 | fills: 0 ()
2025-12-14 21:33:11,257 [INFO] [BTC] Chainlink: $88635.89 (Lag: 5.3s)
2025-12-14 21:33:11,260 [WARNING] [btc-updown-15m-1765744200] Stale Data (5.3s > 2.0s)
2025-12-14 21:33:11,260 [INFO] [btc-updown-15m-1765744200] IDLE | T-710s
  YES: bid=0.410 ask=0.420 | NO: bid=0.580 ask=0.590
  q_yes=0.00 q_no=0.00 | avg_yes=0.000 avg_no=0.000
  exposure=$0.00 | mtm_pnl=$+0.00 | locked=$+0.00
  exposure=$0.00 | mtm_pnl=$+0.00 | locked=$+0.00
  orders: 0 | fills: 0 ()
2025-12-14 21:33:15,743 [WARNING] [btc-updown-15m-1765744200] Stale Data (9.7s > 2.0s)
2025-12-14 21:33:15,744 [INFO] [btc-updown-15m-1765744200] IDLE | T-705s
  YES: bid=0.410 ask=0.420 | NO: bid=0.580 ask=0.590
  q_yes=0.00 q_no=0.00 | avg_yes=0.000 avg_no=0.000
  exposure=$0.00 | mtm_pnl=$+0.00 | locked=$+0.00
  exposure=$0.00 | mtm_pnl=$+0.00 | locked=$+0.00
  orders: 0 | fills: 0 ()
2025-12-14 21:33:19,720 [INFO] [BTC] Chainlink: $88637.97 (Lag: 1.7s)
2025-12-14 21:33:19,723 [INFO] [btc-updown-15m-1765744200] IDLE | T-702s
  YES: bid=0.410 ask=0.420 | NO: bid=0.580 ask=0.590
  q_yes=0.00 q_no=0.00 | avg_yes=0.000 avg_no=0.000
  exposure=$0.00 | mtm_pnl=$+0.00 | locked=$+0.00
  exposure=$0.00 | mtm_pnl=$+0.00 | locked=$+0.00
  orders: 0 | fills: 0 ()
2025-12-14 21:33:22,595 [WARNING] [btc-updown-15m-1765744200] Stale Data (4.6s > 2.0s)
2025-12-14 21:33:22,595 [INFO] [btc-updown-15m-1765744200] IDLE | T-698s
  YES: bid=0.420 ask=0.430 | NO: bid=0.570 ask=0.580
  q_yes=0.00 q_no=0.00 | avg_yes=0.000 avg_no=0.000
  exposure=$0.00 | mtm_pnl=$+0.00 | locked=$+0.00
  exposure=$0.00 | mtm_pnl=$+0.00 | locked=$+0.00
  orders: 0 | fills: 0 ()
2025-12-14 21:33:26,108 [INFO] [BTC] Chainlink: $88637.97 (Lag: 8.1s)
2025-12-14 21:33:26,110 [WARNING] [btc-updown-15m-1765744200] Stale Data (8.1s > 2.0s)
2025-12-14 21:33:26,110 [INFO] [btc-updown-15m-1765744200] IDLE | T-695s
  YES: bid=0.420 ask=0.440 | NO: bid=0.560 ask=0.580
  q_yes=0.00 q_no=0.00 | avg_yes=0.000 avg_no=0.000
  exposure=$0.00 | mtm_pnl=$+0.00 | locked=$+0.00
  exposure=$0.00 | mtm_pnl=$+0.00 | locked=$+0.00
  orders: 0 | fills: 0 ()
2025-12-14 21:33:30,313 [WARNING] [btc-updown-15m-1765744200] Stale Data (12.3s > 2.0s)
2025-12-14 21:33:30,315 [INFO] [btc-updown-15m-1765744200] IDLE | T-690s
  YES: bid=0.440 ask=0.450 | NO: bid=0.550 ask=0.570
  q_yes=0.00 q_no=0.00 | avg_yes=0.000 avg_no=0.000
  exposure=$0.00 | mtm_pnl=$+0.00 | locked=$+0.00
  exposure=$0.00 | mtm_pnl=$+0.00 | locked=$+0.00
  orders: 0 | fills: 0 ()
2025-12-14 21:33:34,035 [INFO] [BTC] Chainlink: $88642.72 (Lag: 4.0s)
2025-12-14 21:33:34,037 [WARNING] [btc-updown-15m-1765744200] Stale Data (4.0s > 2.0s)
2025-12-14 21:33:34,037 [INFO] [btc-updown-15m-1765744200] IDLE | T-687s
  YES: bid=0.430 ask=0.440 | NO: bid=0.560 ask=0.570
  q_yes=0.00 q_no=0.00 | avg_yes=0.000 avg_no=0.000
  exposure=$0.00 | mtm_pnl=$+0.00 | locked=$+0.00
  exposure=$0.00 | mtm_pnl=$+0.00 | locked=$+0.00
  orders: 0 | fills: 0 ()
2025-12-14 21:33:36,924 [WARNING] [btc-updown-15m-1765744200] Stale Data (6.9s > 2.0s)
2025-12-14 21:33:36,924 [INFO] [btc-updown-15m-1765744200] IDLE | T-683s
  YES: bid=0.450 ask=0.460 | NO: bid=0.540 ask=0.550
  q_yes=0.00 q_no=0.00 | avg_yes=0.000 avg_no=0.000
  exposure=$0.00 | mtm_pnl=$+0.00 | locked=$+0.00
  exposure=$0.00 | mtm_pnl=$+0.00 | locked=$+0.00
  orders: 0 | fills: 0 ()
2025-12-14 21:33:40,294 [INFO] [BTC] Chainlink: $88642.72 (Lag: 10.3s)
2025-12-14 21:33:40,295 [WARNING] [btc-updown-15m-1765744200] Stale Data (10.3s > 2.0s)
2025-12-14 21:33:40,296 [INFO] [btc-updown-15m-1765744200] IDLE | T-681s
  YES: bid=0.450 ask=0.460 | NO: bid=0.540 ask=0.550
  q_yes=0.00 q_no=0.00 | avg_yes=0.000 avg_no=0.000
  exposure=$0.00 | mtm_pnl=$+0.00 | locked=$+0.00
  exposure=$0.00 | mtm_pnl=$+0.00 | locked=$+0.00
  orders: 0 | fills: 0 ()
2025-12-14 21:33:44,558 [WARNING] [btc-updown-15m-1765744200] Stale Data (14.6s > 2.0s)
2025-12-14 21:33:44,558 [INFO] [btc-updown-15m-1765744200] IDLE | T-676s
  YES: bid=0.450 ask=0.460 | NO: bid=0.540 ask=0.550
  q_yes=0.00 q_no=0.00 | avg_yes=0.000 avg_no=0.000
  exposure=$0.00 | mtm_pnl=$+0.00 | locked=$+0.00
  exposure=$0.00 | mtm_pnl=$+0.00 | locked=$+0.00
  orders: 0 | fills: 0 ()
2025-12-14 21:33:48,095 [INFO] [BTC] Chainlink: $88644.16 (Lag: 6.1s)
2025-12-14 21:33:48,096 [WARNING] [btc-updown-15m-1765744200] Stale Data (6.1s > 2.0s)
2025-12-14 21:33:48,098 [INFO] [btc-updown-15m-1765744200] IDLE | T-673s
  YES: bid=0.430 ask=0.440 | NO: bid=0.550 ask=0.570
  q_yes=0.00 q_no=0.00 | avg_yes=0.000 avg_no=0.000
  exposure=$0.00 | mtm_pnl=$+0.00 | locked=$+0.00
  exposure=$0.00 | mtm_pnl=$+0.00 | locked=$+0.00
  orders: 0 | fills: 0 ()
2025-12-14 21:33:50,891 [WARNING] [btc-updown-15m-1765744200] Stale Data (8.9s > 2.0s)
2025-12-14 21:33:50,891 [INFO] [btc-updown-15m-1765744200] IDLE | T-669s
  YES: bid=0.440 ask=0.450 | NO: bid=0.550 ask=0.560
  q_yes=0.00 q_no=0.00 | avg_yes=0.000 avg_no=0.000
  exposure=$0.00 | mtm_pnl=$+0.00 | locked=$+0.00
  exposure=$0.00 | mtm_pnl=$+0.00 | locked=$+0.00
  orders: 0 | fills: 0 ()
2025-12-14 21:33:54,443 [INFO] [BTC] Chainlink: $88644.16 (Lag: 12.4s)
2025-12-14 21:33:54,444 [WARNING] [btc-updown-15m-1765744200] Stale Data (12.4s > 2.0s)
2025-12-14 21:33:54,445 [INFO] [btc-updown-15m-1765744200] IDLE | T-667s
  YES: bid=0.440 ask=0.450 | NO: bid=0.550 ask=0.560
  q_yes=0.00 q_no=0.00 | avg_yes=0.000 avg_no=0.000
  exposure=$0.00 | mtm_pnl=$+0.00 | locked=$+0.00
  exposure=$0.00 | mtm_pnl=$+0.00 | locked=$+0.00
  orders: 0 | fills: 0 ()
2025-12-14 21:33:58,681 [WARNING] [btc-updown-15m-1765744200] Stale Data (16.7s > 2.0s)
2025-12-14 21:33:58,682 [INFO] [btc-updown-15m-1765744200] IDLE | T-662s
  YES: bid=0.430 ask=0.440 | NO: bid=0.560 ask=0.570
  q_yes=0.00 q_no=0.00 | avg_yes=0.000 avg_no=0.000
  exposure=$0.00 | mtm_pnl=$+0.00 | locked=$+0.00
  exposure=$0.00 | mtm_pnl=$+0.00 | locked=$+0.00
  orders: 0 | fills: 0 ()
2025-12-14 21:34:02,100 [INFO] [BTC] Chainlink: $88641.56 (Lag: 8.1s)
2025-12-14 21:34:02,102 [WARNING] [btc-updown-15m-1765744200] Stale Data (8.1s > 2.0s)
2025-12-14 21:34:02,102 [INFO] [btc-updown-15m-1765744200] IDLE | T-659s
  YES: bid=0.430 ask=0.440 | NO: bid=0.560 ask=0.570
  q_yes=0.00 q_no=0.00 | avg_yes=0.000 avg_no=0.000
  exposure=$0.00 | mtm_pnl=$+0.00 | locked=$+0.00
  exposure=$0.00 | mtm_pnl=$+0.00 | locked=$+0.00
  orders: 0 | fills: 0 ()
2025-12-14 21:34:04,959 [WARNING] [btc-updown-15m-1765744200] Stale Data (11.0s > 2.0s)
2025-12-14 21:34:04,959 [INFO] [btc-updown-15m-1765744200] IDLE | T-655s
  YES: bid=0.460 ask=0.470 | NO: bid=0.530 ask=0.540
  q_yes=0.00 q_no=0.00 | avg_yes=0.000 avg_no=0.000
  exposure=$0.00 | mtm_pnl=$+0.00 | locked=$+0.00
  exposure=$0.00 | mtm_pnl=$+0.00 | locked=$+0.00
  orders: 0 | fills: 0 ()
2025-12-14 21:34:08,589 [INFO] [BTC] Chainlink: $88653.22 (Lag: 1.6s)
2025-12-14 21:34:08,590 [INFO] [btc-updown-15m-1765744200] IDLE | T-652s
  YES: bid=0.460 ask=0.470 | NO: bid=0.530 ask=0.540
  q_yes=0.00 q_no=0.00 | avg_yes=0.000 avg_no=0.000
  exposure=$0.00 | mtm_pnl=$+0.00 | locked=$+0.00
  exposure=$0.00 | mtm_pnl=$+0.00 | locked=$+0.00
  orders: 0 | fills: 0 ()
2025-12-14 21:34:12,822 [WARNING] [btc-updown-15m-1765744200] Stale Data (5.8s > 2.0s)
2025-12-14 21:34:12,822 [INFO] [btc-updown-15m-1765744200] IDLE | T-647s
  YES: bid=0.470 ask=0.480 | NO: bid=0.520 ask=0.530
  q_yes=0.00 q_no=0.00 | avg_yes=0.000 avg_no=0.000
  exposure=$0.00 | mtm_pnl=$+0.00 | locked=$+0.00
  exposure=$0.00 | mtm_pnl=$+0.00 | locked=$+0.00
  orders: 0 | fills: 0 ()
2025-12-14 21:34:16,154 [INFO] [BTC] Chainlink: $88653.22 (Lag: 9.2s)
2025-12-14 21:34:16,155 [WARNING] [btc-updown-15m-1765744200] Stale Data (9.2s > 2.0s)
2025-12-14 21:34:16,156 [INFO] [btc-updown-15m-1765744200] IDLE | T-645s
  YES: bid=0.470 ask=0.490 | NO: bid=0.510 ask=0.520
  q_yes=0.00 q_no=0.00 | avg_yes=0.000 avg_no=0.000
  exposure=$0.00 | mtm_pnl=$+0.00 | locked=$+0.00
  exposure=$0.00 | mtm_pnl=$+0.00 | locked=$+0.00
  orders: 0 | fills: 0 ()
2025-12-14 21:34:18,933 [WARNING] [btc-updown-15m-1765744200] Stale Data (11.9s > 2.0s)
2025-12-14 21:34:18,933 [INFO] [btc-updown-15m-1765744200] IDLE | T-641s
  YES: bid=0.460 ask=0.470 | NO: bid=0.530 ask=0.540
  q_yes=0.00 q_no=0.00 | avg_yes=0.000 avg_no=0.000
  exposure=$0.00 | mtm_pnl=$+0.00 | locked=$+0.00
  exposure=$0.00 | mtm_pnl=$+0.00 | locked=$+0.00
  orders: 0 | fills: 0 ()
2025-12-14 21:34:22,641 [INFO] [BTC] Chainlink: $88650.38 (Lag: 3.6s)
2025-12-14 21:34:22,641 [WARNING] [btc-updown-15m-1765744200] Stale Data (3.6s > 2.0s)
2025-12-14 21:34:22,642 [INFO] [btc-updown-15m-1765744200] IDLE | T-639s
  YES: bid=0.450 ask=0.460 | NO: bid=0.540 ask=0.550
  q_yes=0.00 q_no=0.00 | avg_yes=0.000 avg_no=0.000
  exposure=$0.00 | mtm_pnl=$+0.00 | locked=$+0.00
  exposure=$0.00 | mtm_pnl=$+0.00 | locked=$+0.00
  orders: 0 | fills: 0 ()
2025-12-14 21:34:27,043 [WARNING] [btc-updown-15m-1765744200] Stale Data (8.0s > 2.0s)
2025-12-14 21:34:27,044 [INFO] [btc-updown-15m-1765744200] IDLE | T-633s
  YES: bid=0.450 ask=0.460 | NO: bid=0.540 ask=0.550
  q_yes=0.00 q_no=0.00 | avg_yes=0.000 avg_no=0.000
  exposure=$0.00 | mtm_pnl=$+0.00 | locked=$+0.00
  exposure=$0.00 | mtm_pnl=$+0.00 | locked=$+0.00
  orders: 0 | fills: 0 ()
2025-12-14 21:34:29,542 [INFO] Stopping...
2025-12-14 21:37:03,978 [WARNING] [93m==================================================
2025-12-14 21:37:03,978 [WARNING] !!! RUNNING IN DRY RUN / SIMULATION MODE !!!
2025-12-14 21:37:03,980 [WARNING] No real orders will be placed.
2025-12-14 21:37:03,980 [WARNING] All generated orders will be IMMEIDATELY FILLED (Simulated).
2025-12-14 21:37:03,980 [WARNING] ==================================================[0m
2025-12-14 21:37:03,980 [INFO] --- GABAGOOL LITE INITIALIZATION ---
2025-12-14 21:37:03,984 [INFO] [ALERT] CLOB client authentifié initialisé sur https://clob.polymarket.com
2025-12-14 21:37:03,984 [WARNING] MODE LIVE - ORDRES RÉELS POSSIBLES
2025-12-14 21:37:03,984 [INFO] API Client Authenticated.
2025-12-14 21:37:03,984 [INFO] Orchestrator initialized. Dry Run: True
2025-12-14 21:37:05,646 [INFO] [ORCHESTRATOR] Adding new strategy: btc-updown-15m-1765744200
2025-12-14 21:37:09,421 [INFO] [BTC] Chainlink: $88664.49 (Lag: 12.4s)
2025-12-14 21:37:09,423 [WARNING] [btc-updown-15m-1765744200] Stale Data (12.4s > 3.0s)
2025-12-14 21:37:09,423 [INFO] [btc-updown-15m-1765744200] IDLE | T-472s
  YES: bid=0.460 ask=0.470 | NO: bid=0.520 ask=0.530
  q_yes=0.00 q_no=0.00 | avg_yes=0.000 avg_no=0.000
  exposure=$0.00 | mtm_pnl=$+0.00 | locked=$+0.00
  exposure=$0.00 | mtm_pnl=$+0.00 | locked=$+0.00
  orders: 0 | fills: 0 ()
2025-12-14 21:37:11,440 [INFO] [btc-updown-15m-1765744200] Hybrid Tracking Start: BTC T0 = $88664.49
2025-12-14 21:37:12,863 [INFO] [BTC] Chainlink: $88663.55 (Lag: 3.9s)
2025-12-14 21:37:12,865 [WARNING] [btc-updown-15m-1765744200] Stale Data (3.9s > 3.0s)
2025-12-14 21:37:12,865 [INFO] [btc-updown-15m-1765744200] IDLE | T-468s
  YES: bid=0.450 ask=0.480 | NO: bid=0.520 ask=0.550
  q_yes=0.00 q_no=0.00 | avg_yes=0.000 avg_no=0.000
  exposure=$0.00 | mtm_pnl=$+0.00 | locked=$+0.00
  exposure=$0.00 | mtm_pnl=$+0.00 | locked=$+0.00
  orders: 0 | fills: 0 ()
2025-12-14 21:37:16,382 [INFO] [BTC] Chainlink: $88663.55 (Lag: 7.4s)
2025-12-14 21:37:16,384 [WARNING] [btc-updown-15m-1765744200] Stale Data (7.4s > 3.0s)
2025-12-14 21:37:16,384 [INFO] [btc-updown-15m-1765744200] IDLE | T-465s
  YES: bid=0.340 ask=0.370 | NO: bid=0.640 ask=0.670
  q_yes=0.00 q_no=0.00 | avg_yes=0.000 avg_no=0.000
  exposure=$0.00 | mtm_pnl=$+0.00 | locked=$+0.00
  exposure=$0.00 | mtm_pnl=$+0.00 | locked=$+0.00
  orders: 0 | fills: 0 ()
2025-12-14 21:37:21,312 [INFO] [BTC] Chainlink: $88663.55 (Lag: 12.3s)
2025-12-14 21:37:21,314 [WARNING] [btc-updown-15m-1765744200] Stale Data (12.3s > 3.0s)
2025-12-14 21:37:21,314 [INFO] [btc-updown-15m-1765744200] IDLE | T-460s
  YES: bid=0.410 ask=0.510 | NO: bid=0.460 ask=0.490
  q_yes=0.00 q_no=0.00 | avg_yes=0.000 avg_no=0.000
  exposure=$0.00 | mtm_pnl=$+0.00 | locked=$+0.00
  exposure=$0.00 | mtm_pnl=$+0.00 | locked=$+0.00
  orders: 0 | fills: 0 ()
2025-12-14 21:37:24,801 [INFO] [BTC] Chainlink: $88678.71 (Lag: 3.8s)
2025-12-14 21:37:24,802 [WARNING] [btc-updown-15m-1765744200] Stale Data (3.8s > 3.0s)
2025-12-14 21:37:24,802 [INFO] [btc-updown-15m-1765744200] IDLE | T-456s
  YES: bid=0.530 ask=0.550 | NO: bid=0.460 ask=0.470
  q_yes=0.00 q_no=0.00 | avg_yes=0.000 avg_no=0.000
  exposure=$0.00 | mtm_pnl=$+0.00 | locked=$+0.00
  exposure=$0.00 | mtm_pnl=$+0.00 | locked=$+0.00
  orders: 0 | fills: 0 ()
2025-12-14 21:37:28,485 [INFO] [BTC] Chainlink: $88678.71 (Lag: 7.5s)
2025-12-14 21:37:28,486 [WARNING] [btc-updown-15m-1765744200] Stale Data (7.5s > 3.0s)
2025-12-14 21:37:28,486 [INFO] [btc-updown-15m-1765744200] IDLE | T-453s
  YES: bid=0.530 ask=0.540 | NO: bid=0.460 ask=0.470
  q_yes=0.00 q_no=0.00 | avg_yes=0.000 avg_no=0.000
  exposure=$0.00 | mtm_pnl=$+0.00 | locked=$+0.00
  exposure=$0.00 | mtm_pnl=$+0.00 | locked=$+0.00
  orders: 0 | fills: 0 ()
2025-12-14 21:37:33,448 [INFO] [BTC] Chainlink: $88678.71 (Lag: 12.4s)
2025-12-14 21:37:33,450 [WARNING] [btc-updown-15m-1765744200] Stale Data (12.5s > 3.0s)
2025-12-14 21:37:33,450 [INFO] [btc-updown-15m-1765744200] IDLE | T-447s
  YES: bid=0.530 ask=0.540 | NO: bid=0.460 ask=0.470
  q_yes=0.00 q_no=0.00 | avg_yes=0.000 avg_no=0.000
  exposure=$0.00 | mtm_pnl=$+0.00 | locked=$+0.00
  exposure=$0.00 | mtm_pnl=$+0.00 | locked=$+0.00
  orders: 0 | fills: 0 ()
2025-12-14 21:37:36,904 [INFO] [BTC] Chainlink: $88680.18 (Lag: 3.9s)
2025-12-14 21:37:36,906 [WARNING] [btc-updown-15m-1765744200] Stale Data (3.9s > 3.0s)
2025-12-14 21:37:36,906 [INFO] [btc-updown-15m-1765744200] IDLE | T-444s
  YES: bid=0.650 ask=0.660 | NO: bid=0.330 ask=0.340
  q_yes=0.00 q_no=0.00 | avg_yes=0.000 avg_no=0.000
  exposure=$0.00 | mtm_pnl=$+0.00 | locked=$+0.00
  exposure=$0.00 | mtm_pnl=$+0.00 | locked=$+0.00
  orders: 0 | fills: 0 ()
2025-12-14 21:37:40,510 [INFO] [BTC] Chainlink: $88680.18 (Lag: 7.5s)
2025-12-14 21:37:40,512 [WARNING] [btc-updown-15m-1765744200] Stale Data (7.5s > 3.0s)
2025-12-14 21:37:40,512 [INFO] [btc-updown-15m-1765744200] IDLE | T-441s
  YES: bid=0.700 ask=0.710 | NO: bid=0.290 ask=0.300
  q_yes=0.00 q_no=0.00 | avg_yes=0.000 avg_no=0.000
  exposure=$0.00 | mtm_pnl=$+0.00 | locked=$+0.00
  exposure=$0.00 | mtm_pnl=$+0.00 | locked=$+0.00
  orders: 0 | fills: 0 ()
2025-12-14 21:37:46,485 [INFO] [BTC] Chainlink: $88714.13 (Lag: 0.5s)
2025-12-14 21:37:46,487 [INFO] [btc-updown-15m-1765744200] IDLE | T-435s
  YES: bid=0.680 ask=0.690 | NO: bid=0.310 ask=0.320
  q_yes=0.00 q_no=0.00 | avg_yes=0.000 avg_no=0.000
  exposure=$0.00 | mtm_pnl=$+0.00 | locked=$+0.00
  exposure=$0.00 | mtm_pnl=$+0.00 | locked=$+0.00
  orders: 0 | fills: 0 ()
2025-12-14 21:37:50,308 [INFO] [BTC] Chainlink: $88714.13 (Lag: 4.3s)
2025-12-14 21:37:50,310 [WARNING] [btc-updown-15m-1765744200] Stale Data (4.3s > 3.0s)
2025-12-14 21:37:50,311 [INFO] [btc-updown-15m-1765744200] IDLE | T-431s
  YES: bid=0.680 ask=0.690 | NO: bid=0.310 ask=0.320
  q_yes=0.00 q_no=0.00 | avg_yes=0.000 avg_no=0.000
  exposure=$0.00 | mtm_pnl=$+0.00 | locked=$+0.00
  exposure=$0.00 | mtm_pnl=$+0.00 | locked=$+0.00
  orders: 0 | fills: 0 ()
2025-12-14 21:37:53,955 [INFO] [BTC] Chainlink: $88714.13 (Lag: 8.0s)
2025-12-14 21:37:53,956 [WARNING] [btc-updown-15m-1765744200] Stale Data (8.0s > 3.0s)
2025-12-14 21:37:53,957 [INFO] [btc-updown-15m-1765744200] IDLE | T-427s
  YES: bid=0.700 ask=0.720 | NO: bid=0.280 ask=0.300
  q_yes=0.00 q_no=0.00 | avg_yes=0.000 avg_no=0.000
  exposure=$0.00 | mtm_pnl=$+0.00 | locked=$+0.00
  exposure=$0.00 | mtm_pnl=$+0.00 | locked=$+0.00
  orders: 0 | fills: 0 ()
2025-12-14 21:37:59,268 [INFO] [BTC] Chainlink: $88720.41 (Lag: 1.3s)
2025-12-14 21:37:59,270 [INFO] [btc-updown-15m-1765744200] IDLE | T-422s
  YES: bid=0.700 ask=0.720 | NO: bid=0.280 ask=0.300
  q_yes=0.00 q_no=0.00 | avg_yes=0.000 avg_no=0.000
  exposure=$0.00 | mtm_pnl=$+0.00 | locked=$+0.00
  exposure=$0.00 | mtm_pnl=$+0.00 | locked=$+0.00
  orders: 0 | fills: 0 ()
2025-12-14 21:38:02,991 [INFO] [BTC] Chainlink: $88720.41 (Lag: 5.0s)
2025-12-14 21:38:02,993 [WARNING] [btc-updown-15m-1765744200] Stale Data (5.0s > 3.0s)
2025-12-14 21:38:02,993 [INFO] [btc-updown-15m-1765744200] IDLE | T-418s
  YES: bid=0.670 ask=0.680 | NO: bid=0.310 ask=0.340
  q_yes=0.00 q_no=0.00 | avg_yes=0.000 avg_no=0.000
  exposure=$0.00 | mtm_pnl=$+0.00 | locked=$+0.00
  exposure=$0.00 | mtm_pnl=$+0.00 | locked=$+0.00
  orders: 0 | fills: 0 ()
2025-12-14 21:38:06,611 [INFO] [BTC] Chainlink: $88720.41 (Lag: 8.6s)
2025-12-14 21:38:06,613 [WARNING] [btc-updown-15m-1765744200] Stale Data (8.6s > 3.0s)
2025-12-14 21:38:06,613 [INFO] [btc-updown-15m-1765744200] IDLE | T-414s
  YES: bid=0.660 ask=0.670 | NO: bid=0.330 ask=0.340
  q_yes=0.00 q_no=0.00 | avg_yes=0.000 avg_no=0.000
  exposure=$0.00 | mtm_pnl=$+0.00 | locked=$+0.00
  exposure=$0.00 | mtm_pnl=$+0.00 | locked=$+0.00
  orders: 0 | fills: 0 ()
2025-12-14 21:38:11,961 [INFO] [BTC] Chainlink: $88709.57 (Lag: 2.0s)
2025-12-14 21:38:11,962 [INFO] [btc-updown-15m-1765744200] IDLE | T-409s
  YES: bid=0.670 ask=0.690 | NO: bid=0.310 ask=0.320
  q_yes=0.00 q_no=0.00 | avg_yes=0.000 avg_no=0.000
  exposure=$0.00 | mtm_pnl=$+0.00 | locked=$+0.00
  exposure=$0.00 | mtm_pnl=$+0.00 | locked=$+0.00
  orders: 0 | fills: 0 ()
2025-12-14 21:38:15,675 [INFO] [BTC] Chainlink: $88709.57 (Lag: 5.7s)
2025-12-14 21:38:15,677 [WARNING] [btc-updown-15m-1765744200] Stale Data (5.7s > 3.0s)
2025-12-14 21:38:15,677 [INFO] [btc-updown-15m-1765744200] IDLE | T-405s
  YES: bid=0.710 ask=0.720 | NO: bid=0.280 ask=0.290
  q_yes=0.00 q_no=0.00 | avg_yes=0.000 avg_no=0.000
  exposure=$0.00 | mtm_pnl=$+0.00 | locked=$+0.00
  exposure=$0.00 | mtm_pnl=$+0.00 | locked=$+0.00
  orders: 0 | fills: 0 ()
2025-12-14 21:38:19,336 [INFO] [BTC] Chainlink: $88709.57 (Lag: 9.3s)
2025-12-14 21:38:19,338 [WARNING] [btc-updown-15m-1765744200] Stale Data (9.3s > 3.0s)
2025-12-14 21:38:19,338 [INFO] [btc-updown-15m-1765744200] IDLE | T-402s
  YES: bid=0.720 ask=0.730 | NO: bid=0.270 ask=0.280
  q_yes=0.00 q_no=0.00 | avg_yes=0.000 avg_no=0.000
  exposure=$0.00 | mtm_pnl=$+0.00 | locked=$+0.00
  exposure=$0.00 | mtm_pnl=$+0.00 | locked=$+0.00
  orders: 0 | fills: 0 ()
2025-12-14 21:38:24,410 [INFO] [BTC] Chainlink: $88717.97 (Lag: 2.4s)
2025-12-14 21:38:24,412 [INFO] [btc-updown-15m-1765744200] IDLE | T-397s
  YES: bid=0.740 ask=0.760 | NO: bid=0.260 ask=0.270
  q_yes=0.00 q_no=0.00 | avg_yes=0.000 avg_no=0.000
  exposure=$0.00 | mtm_pnl=$+0.00 | locked=$+0.00
  exposure=$0.00 | mtm_pnl=$+0.00 | locked=$+0.00
  orders: 0 | fills: 0 ()
2025-12-14 21:38:27,953 [INFO] [BTC] Chainlink: $88717.97 (Lag: 6.0s)
2025-12-14 21:38:27,955 [WARNING] [btc-updown-15m-1765744200] Stale Data (6.0s > 3.0s)
2025-12-14 21:38:27,955 [INFO] [btc-updown-15m-1765744200] IDLE | T-393s
  YES: bid=0.740 ask=0.760 | NO: bid=0.240 ask=0.260
  q_yes=0.00 q_no=0.00 | avg_yes=0.000 avg_no=0.000
  exposure=$0.00 | mtm_pnl=$+0.00 | locked=$+0.00
  exposure=$0.00 | mtm_pnl=$+0.00 | locked=$+0.00
  orders: 0 | fills: 0 ()
2025-12-14 21:38:31,633 [INFO] [BTC] Chainlink: $88717.97 (Lag: 9.6s)
2025-12-14 21:38:31,634 [WARNING] [btc-updown-15m-1765744200] Stale Data (9.6s > 3.0s)
2025-12-14 21:38:31,635 [INFO] [btc-updown-15m-1765744200] IDLE | T-389s
  YES: bid=0.740 ask=0.750 | NO: bid=0.260 ask=0.270
  q_yes=0.00 q_no=0.00 | avg_yes=0.000 avg_no=0.000
  exposure=$0.00 | mtm_pnl=$+0.00 | locked=$+0.00
  exposure=$0.00 | mtm_pnl=$+0.00 | locked=$+0.00
  orders: 0 | fills: 0 ()
2025-12-14 21:38:36,877 [INFO] [BTC] Chainlink: $88731.68 (Lag: 2.9s)
2025-12-14 21:38:36,878 [INFO] [btc-updown-15m-1765744200] IDLE | T-384s
  YES: bid=0.770 ask=0.790 | NO: bid=0.210 ask=0.230
  q_yes=0.00 q_no=0.00 | avg_yes=0.000 avg_no=0.000
  exposure=$0.00 | mtm_pnl=$+0.00 | locked=$+0.00
  exposure=$0.00 | mtm_pnl=$+0.00 | locked=$+0.00
  orders: 0 | fills: 0 ()
2025-12-14 21:38:40,548 [INFO] [BTC] Chainlink: $88731.68 (Lag: 6.5s)
2025-12-14 21:38:40,550 [WARNING] [btc-updown-15m-1765744200] Stale Data (6.6s > 3.0s)
2025-12-14 21:38:40,550 [INFO] [btc-updown-15m-1765744200] IDLE | T-380s
  YES: bid=0.790 ask=0.800 | NO: bid=0.200 ask=0.210
  q_yes=0.00 q_no=0.00 | avg_yes=0.000 avg_no=0.000
  exposure=$0.00 | mtm_pnl=$+0.00 | locked=$+0.00
  exposure=$0.00 | mtm_pnl=$+0.00 | locked=$+0.00
  orders: 0 | fills: 0 ()
2025-12-14 21:38:42,981 [INFO] Stopping...
