timestamp,slug,market_start_ts,market_end_ts,now_ts,time_remaining,up_bid,up_ask,down_bid,down_ask,up_px,down_px,sum_px,max_sum_price,decision,blocked_maker,order_age,up_filled,down_filled,has_traded,intended_price_up,rounded_price_up,intended_price_down,rounded_price_down,cancel_reason,unwind_method,unwind_price,unwind_result,optimal_size,actual_size,near_resolution_blocked,force_flatten,entry_cutoff_sec,force_flatten_sec,size_chosen,size_max_usd,size_max_final,usd_per_market_cap,test_mode,used_test_preset,test_preset_candidate,min_leg_price,max_leg_price,min_profit_per_share,profit_both,price_bounds_ok,profit_ok,skip_reason,blocked_price_bounds,blocked_low_profit,taker_path_attempted,up_ask_at_send,down_ask_at_send,up_bid_at_send,down_bid_at_send,filled_up_shares,filled_down_shares,target_size_shares,size_locked_blocked,overbuy_attempted,filled_first_price,remaining_up,remaining_down,entry_id,reprice_attempt_count,reprice_reason,time_in_one_leg_state,last_reprice_ts
1765931477.873634,btc-updown-15m-1765931400,1765931400.0,1765932300.0,,822.1263659000397,,,,,0,0,0.99,0.98,IDLE,,,,,,,,,,,,,,0,0.0,,,,,,,,,,,,,,,,,,,,Spread high 0.99 > 0.98,,,,,,,,0.0,0.0,,,,,0,0,,,Inv: 0.0/0.0 CapLeft: 20.0,,,0.0,0.0,0.0,20.0
1765931479.9933949,btc-updown-15m-1765931400,1765931400.0,1765932300.0,,820.0066051483154,,,,,0,0,0.99,0.98,IDLE,,,,,,,,,,,,,,0,0.0,,,,,,,,,,,,,,,,,,,,Spread high 0.99 > 0.98,,,,,,,,0.0,0.0,,,,,0,0,,,Inv: 0.0/0.0 CapLeft: 20.0,,,0.0,0.0,0.0,20.0
1765931481.913243,btc-updown-15m-1765931400,1765931400.0,1765932300.0,,818.0867569446564,,,,,0,0,0.99,0.98,IDLE,,,,,,,,,,,,,,0,0.0,,,,,,,,,,,,,,,,,,,,Spread high 0.99 > 0.98,,,,,,,,0.0,0.0,,,,,0,0,,,Inv: 0.0/0.0 CapLeft: 20.0,,,0.0,0.0,0.0,20.0
1765931483.8191147,btc-updown-15m-1765931400,1765931400.0,1765932300.0,,816.1808853149414,,,,,0.45,0.53,0.98,0.98,ORDERS_OPEN,,,,,,,,,,,,,,5,5,,,,,,,,,,,,,,,,,,,,Leg:BOTH UP:5 DOWN:5,,,,,,,,0.0,5.0,,,,,0,0,,,Inv: 0.0/5.0 CapLeft: 15.0,,,0.0,5.0,5.0,15.0
1765931488.4472463,btc-updown-15m-1765931400,1765931400.0,1765932300.0,,811.5527536869049,,,,,0,0,0.99,0.98,ORDERS_OPEN,,,,,,,,,,,,,,0,5,,,,,,,,,,,,,,,,,,,,,,,,,,,,0.0,5.0,,,,,0,0,,,Inv: 0.0/5.0 CapLeft: 15.0,,,0.0,5.0,5.0,15.0
1765931490.5522444,btc-updown-15m-1765931400,1765931400.0,1765932300.0,,809.44775557518,,,,,0,0,0.99,0.98,ORDERS_OPEN,,,,,,,,,,,,,,0,5,,,,,,,,,,,,,,,,,,,,,,,,,,,,0.0,5.0,,,,,0,0,,,Inv: 0.0/5.0 CapLeft: 15.0,,,0.0,5.0,5.0,15.0
1765931492.6467707,btc-updown-15m-1765931400,1765931400.0,1765932300.0,,807.3532292842865,,,,,0,0,0.98,0.98,ORDERS_OPEN,,,,,,,,,,,,,,0,5,,,,,,,,,,,,,,,,,,,,,,,,,,,,0.0,5.0,,,,,0,0,,,Inv: 0.0/5.0 CapLeft: 15.0,,,0.0,5.0,5.0,15.0
1765931494.7778826,btc-updown-15m-1765931400,1765931400.0,1765932300.0,,805.2221174240112,,,,,0,0,0.99,0.98,ORDERS_OPEN,,,,,,,,,,,,,,0,5,,,,,,,,,,,,,,,,,,,,,,,,,,,,0.0,5.0,,,,,0,0,,,Inv: 0.0/5.0 CapLeft: 15.0,,,0.0,5.0,5.0,15.0
1765931496.8982978,btc-updown-15m-1765931400,1765931400.0,1765932300.0,,803.1017022132874,,,,,0,0,0.99,0.98,ORDERS_OPEN,,,,,,,,,,,,,,0,5,,,,,,,,,,,,,,,,,,,,,,,,,,,,0.0,5.0,,,,,0,0,,,Inv: 0.0/5.0 CapLeft: 15.0,,,0.0,5.0,5.0,15.0
1765931499.0166824,btc-updown-15m-1765931400,1765931400.0,1765932300.0,,800.9833176136017,,,,,0,0,0.99,0.98,ORDERS_OPEN,,,,,,,,,,,,,,0,5,,,,,,,,,,,,,,,,,,,,,,,,,,,,0.0,5.0,,,,,0,0,,,Inv: 0.0/5.0 CapLeft: 15.0,,,0.0,5.0,5.0,15.0
1765931501.1876113,btc-updown-15m-1765931400,1765931400.0,1765932300.0,,798.8123886585236,,,,,0,0,0.99,0.98,ONE_LEG_INVENTORY,,,,,,,,,,,,,,0,5,,,,,,,,,,,,,,,,,,,,,,,,,,,,0.0,5.0,,,,,0,0,,,Inv: 0.0/5.0 CapLeft: 15.0,,,0.0,5.0,5.0,15.0
1765931503.3040197,btc-updown-15m-1765931400,1765931400.0,1765932300.0,,796.6959803104401,,,,,0,0,0.99,0.98,ONE_LEG_INVENTORY,,,,,,,,,,,,,,0,5,,,,,,,,,,,,,,,,,,,,,,,,,,,,0.0,5.0,,,,,0,0,,,Inv: 0.0/5.0 CapLeft: 15.0,,,0.0,5.0,5.0,15.0
1765931505.2129002,btc-updown-15m-1765931400,1765931400.0,1765932300.0,,794.7870998382568,,,,,0,0,0.98,0.98,ONE_LEG_INVENTORY,,,,,,,,,,,,,,0,5,,,,,,,,,,,,,,,,,,,,,,,,,,,,0.0,5.0,,,,,0,0,,,Inv: 0.0/5.0 CapLeft: 15.0,,,0.0,5.0,5.0,15.0
1765931507.1169748,btc-updown-15m-1765931400,1765931400.0,1765932300.0,,792.8830251693726,,,,,0,0,0.99,0.98,ONE_LEG_INVENTORY,,,,,,,,,,,,,,0,5,,,,,,,,,,,,,,,,,,,,,,,,,,,,0.0,5.0,,,,,0,0,,,Inv: 0.0/5.0 CapLeft: 15.0,,,0.0,5.0,5.0,15.0
1765931509.0381632,btc-updown-15m-1765931400,1765931400.0,1765932300.0,,790.9618368148804,,,,,0,0,0.99,0.98,ONE_LEG_INVENTORY,,,,,,,,,,,,,,0,5,,,,,,,,,,,,,,,,,,,,,,,,,,,,0.0,5.0,,,,,0,0,,,Inv: 0.0/5.0 CapLeft: 15.0,,,0.0,5.0,5.0,15.0
1765931510.9955034,btc-updown-15m-1765931400,1765931400.0,1765932300.0,,789.0044965744019,,,,,0,0,0.99,0.98,ONE_LEG_INVENTORY,,,,,,,,,,,,,,0,5,,,,,,,,,,,,,,,,,,,,,,,,,,,,0.0,5.0,,,,,0,0,,,Inv: 0.0/5.0 CapLeft: 15.0,,,0.0,5.0,5.0,15.0
1765931512.9030604,btc-updown-15m-1765931400,1765931400.0,1765932300.0,,787.0969395637512,,,,,0,0,0.99,0.98,ONE_LEG_INVENTORY,,,,,,,,,,,,,,0,5,,,,,,,,,,,,,,,,,,,,,,,,,,,,0.0,5.0,,,,,0,0,,,Inv: 0.0/5.0 CapLeft: 15.0,,,0.0,5.0,5.0,15.0
1765931514.8143113,btc-updown-15m-1765931400,1765931400.0,1765932300.0,,785.1856887340546,,,,,0,0,0.99,0.98,ONE_LEG_INVENTORY,,,,,,,,,,,,,,0,5,,,,,,,,,,,,,,,,,,,,,,,,,,,,0.0,5.0,,,,,0,0,,,Inv: 0.0/5.0 CapLeft: 15.0,,,0.0,5.0,5.0,15.0
1765931516.7137764,btc-updown-15m-1765931400,1765931400.0,1765932300.0,,783.2862236499786,,,,,0,0,0.99,0.98,ONE_LEG_INVENTORY,,,,,,,,,,,,,,0,5,,,,,,,,,,,,,,,,,,,,,,,,,,,,0.0,5.0,,,,,0,0,,,Inv: 0.0/5.0 CapLeft: 15.0,,,0.0,5.0,5.0,15.0
1765931518.6209655,btc-updown-15m-1765931400,1765931400.0,1765932300.0,,781.3790345191956,,,,,0,0,0.99,0.98,ONE_LEG_INVENTORY,,,,,,,,,,,,,,0,5,,,,,,,,,,,,,,,,,,,,,,,,,,,,0.0,5.0,,,,,0,0,,,Inv: 0.0/5.0 CapLeft: 15.0,,,0.0,5.0,5.0,15.0
1765931520.5671544,btc-updown-15m-1765931400,1765931400.0,1765932300.0,,779.4328455924988,,,,,0,0,0.99,0.98,ONE_LEG_INVENTORY,,,,,,,,,,,,,,0,5,,,,,,,,,,,,,,,,,,,,,,,,,,,,0.0,5.0,,,,,0,0,,,Inv: 0.0/5.0 CapLeft: 15.0,,,0.0,5.0,5.0,15.0
1765931522.481319,btc-updown-15m-1765931400,1765931400.0,1765932300.0,,777.5186810493469,,,,,0,0,0.99,0.98,ONE_LEG_INVENTORY,,,,,,,,,,,,,,0,5,,,,,,,,,,,,,,,,,,,,,,,,,,,,0.0,5.0,,,,,0,0,,,Inv: 0.0/5.0 CapLeft: 15.0,,,0.0,5.0,5.0,15.0
1765931524.4083219,btc-updown-15m-1765931400,1765931400.0,1765932300.0,,775.5916781425476,,,,,0,0,0.99,0.98,ONE_LEG_INVENTORY,,,,,,,,,,,,,,0,5,,,,,,,,,,,,,,,,,,,,,,,,,,,,0.0,5.0,,,,,0,0,,,Inv: 0.0/5.0 CapLeft: 15.0,,,0.0,5.0,5.0,15.0
1765931526.3249583,btc-updown-15m-1765931400,1765931400.0,1765932300.0,,773.6750416755676,,,,,0,0,0.99,0.98,ONE_LEG_INVENTORY,,,,,,,,,,,,,,0,5,,,,,,,,,,,,,,,,,,,,,,,,,,,,0.0,5.0,,,,,0,0,,,Inv: 0.0/5.0 CapLeft: 15.0,,,0.0,5.0,5.0,15.0
1765931528.2584078,btc-updown-15m-1765931400,1765931400.0,1765932300.0,,771.741592168808,,,,,0,0,0.99,0.98,ONE_LEG_INVENTORY,,,,,,,,,,,,,,0,5,,,,,,,,,,,,,,,,,,,,,,,,,,,,0.0,5.0,,,,,0,0,,,Inv: 0.0/5.0 CapLeft: 15.0,,,0.0,5.0,5.0,15.0
1765931530.2636757,btc-updown-15m-1765931400,1765931400.0,1765932300.0,,769.7363243103027,,,,,0,0,0.99,0.98,ONE_LEG_INVENTORY,,,,,,,,,,,,,,0,5,,,,,,,,,,,,,,,,,,,,,,,,,,,,0.0,5.0,,,,,0,0,,,Inv: 0.0/5.0 CapLeft: 15.0,,,0.0,5.0,5.0,15.0
1765931532.1746144,btc-updown-15m-1765931400,1765931400.0,1765932300.0,,767.8253855705261,,,,,0,0,0.98,0.98,ONE_LEG_INVENTORY,,,,,,,,,,,,,,0,5,,,,,,,,,,,,,,,,,,,,,,,,,,,,0.0,5.0,,,,,0,0,,,Inv: 0.0/5.0 CapLeft: 15.0,,,0.0,5.0,5.0,15.0
1765931534.1097093,btc-updown-15m-1765931400,1765931400.0,1765932300.0,,765.8902907371521,,,,,0,0,0.99,0.98,ONE_LEG_INVENTORY,,,,,,,,,,,,,,0,5,,,,,,,,,,,,,,,,,,,,,,,,,,,,0.0,5.0,,,,,0,0,,,Inv: 0.0/5.0 CapLeft: 15.0,,,0.0,5.0,5.0,15.0
1765931536.023844,btc-updown-15m-1765931400,1765931400.0,1765932300.0,,763.9761559963226,,,,,0,0,0.99,0.98,ONE_LEG_INVENTORY,,,,,,,,,,,,,,0,5,,,,,,,,,,,,,,,,,,,,,,,,,,,,0.0,5.0,,,,,0,0,,,Inv: 0.0/5.0 CapLeft: 15.0,,,0.0,5.0,5.0,15.0
1765931537.9300916,btc-updown-15m-1765931400,1765931400.0,1765932300.0,,762.0699083805084,,,,,0,0,0.99,0.98,ONE_LEG_INVENTORY,,,,,,,,,,,,,,0,5,,,,,,,,,,,,,,,,,,,,,,,,,,,,0.0,5.0,,,,,0,0,,,Inv: 0.0/5.0 CapLeft: 15.0,,,0.0,5.0,5.0,15.0
1765931539.8236427,btc-updown-15m-1765931400,1765931400.0,1765932300.0,,760.1763572692871,,,,,0,0,0.99,0.98,ONE_LEG_INVENTORY,,,,,,,,,,,,,,0,5,,,,,,,,,,,,,,,,,,,,,,,,,,,,0.0,5.0,,,,,0,0,,,Inv: 0.0/5.0 CapLeft: 15.0,,,0.0,5.0,5.0,15.0
1765931541.757144,btc-updown-15m-1765931400,1765931400.0,1765932300.0,,758.2428560256958,,,,,0,0,0.99,0.98,ONE_LEG_INVENTORY,,,,,,,,,,,,,,0,5,,,,,,,,,,,,,,,,,,,,,,,,,,,,0.0,5.0,,,,,0,0,,,Inv: 0.0/5.0 CapLeft: 15.0,,,0.0,5.0,5.0,15.0
1765931543.681477,btc-updown-15m-1765931400,1765931400.0,1765932300.0,,756.3185229301453,,,,,0,0,0.98,0.98,ONE_LEG_INVENTORY,,,,,,,,,,,,,,0,5,,,,,,,,,,,,,,,,,,,,,,,,,,,,0.0,5.0,,,,,0,0,,,Inv: 0.0/5.0 CapLeft: 15.0,,,0.0,5.0,5.0,15.0
1765931545.5836544,btc-updown-15m-1765931400,1765931400.0,1765932300.0,,754.4163455963135,,,,,0,0,0.98,0.98,ONE_LEG_INVENTORY,,,,,,,,,,,,,,0,5,,,,,,,,,,,,,,,,,,,,,,,,,,,,0.0,5.0,,,,,0,0,,,Inv: 0.0/5.0 CapLeft: 15.0,,,0.0,5.0,5.0,15.0
1765931547.501935,btc-updown-15m-1765931400,1765931400.0,1765932300.0,,752.498064994812,,,,,0,0,0.99,0.98,ONE_LEG_INVENTORY,,,,,,,,,,,,,,0,5,,,,,,,,,,,,,,,,,,,,,,,,,,,,0.0,5.0,,,,,0,0,,,Inv: 0.0/5.0 CapLeft: 15.0,,,0.0,5.0,5.0,15.0
1765931549.41489,btc-updown-15m-1765931400,1765931400.0,1765932300.0,,750.5851099491119,,,,,0,0,0.99,0.98,ONE_LEG_INVENTORY,,,,,,,,,,,,,,0,5,,,,,,,,,,,,,,,,,,,,,,,,,,,,0.0,5.0,,,,,0,0,,,Inv: 0.0/5.0 CapLeft: 15.0,,,0.0,5.0,5.0,15.0
1765931551.3148432,btc-updown-15m-1765931400,1765931400.0,1765932300.0,,748.6851568222046,,,,,0,0,0.99,0.98,ONE_LEG_INVENTORY,,,,,,,,,,,,,,0,5,,,,,,,,,,,,,,,,,,,,,,,,,,,,0.0,5.0,,,,,0,0,,,Inv: 0.0/5.0 CapLeft: 15.0,,,0.0,5.0,5.0,15.0
1765931553.2190044,btc-updown-15m-1765931400,1765931400.0,1765932300.0,,746.7809956073761,,,,,0,0,0.99,0.98,ONE_LEG_INVENTORY,,,,,,,,,,,,,,0,5,,,,,,,,,,,,,,,,,,,,,,,,,,,,0.0,5.0,,,,,0,0,,,Inv: 0.0/5.0 CapLeft: 15.0,,,0.0,5.0,5.0,15.0
1765931555.186802,btc-updown-15m-1765931400,1765931400.0,1765932300.0,,744.8131980895996,,,,,0,0,0.99,0.98,ONE_LEG_INVENTORY,,,,,,,,,,,,,,0,5,,,,,,,,,,,,,,,,,,,,,,,,,,,,0.0,5.0,,,,,0,0,,,Inv: 0.0/5.0 CapLeft: 15.0,,,0.0,5.0,5.0,15.0
1765931557.104447,btc-updown-15m-1765931400,1765931400.0,1765932300.0,,742.89555311203,,,,,0,0,0.99,0.98,ONE_LEG_INVENTORY,,,,,,,,,,,,,,0,5,,,,,,,,,,,,,,,,,,,,,,,,,,,,0.0,5.0,,,,,0,0,,,Inv: 0.0/5.0 CapLeft: 15.0,,,0.0,5.0,5.0,15.0
1765931559.0193806,btc-updown-15m-1765931400,1765931400.0,1765932300.0,,740.980619430542,,,,,0,0,0.99,0.98,ONE_LEG_INVENTORY,,,,,,,,,,,,,,0,5,,,,,,,,,,,,,,,,,,,,,,,,,,,,0.0,5.0,,,,,0,0,,,Inv: 0.0/5.0 CapLeft: 15.0,,,0.0,5.0,5.0,15.0
1765931560.980848,btc-updown-15m-1765931400,1765931400.0,1765932300.0,,739.0191519260406,,,,,0,0,1.0,0.98,ONE_LEG_INVENTORY,,,,,,,,,,,,,,0,5,,,,,,,,,,,,,,,,,,,,,,,,,,,,0.0,5.0,,,,,0,0,,,Inv: 0.0/5.0 CapLeft: 15.0,,,0.0,5.0,5.0,15.0
1765931563.0163498,btc-updown-15m-1765931400,1765931400.0,1765932300.0,,736.9836502075195,,,,,0,0,0.98,0.98,ONE_LEG_INVENTORY,,,,,,,,,,,,,,0,5,,,,,,,,,,,,,,,,,,,,,,,,,,,,0.0,5.0,,,,,0,0,,,Inv: 0.0/5.0 CapLeft: 15.0,,,0.0,5.0,5.0,15.0
1765931564.937933,btc-updown-15m-1765931400,1765931400.0,1765932300.0,,735.0620670318604,,,,,0,0,0.99,0.98,ONE_LEG_INVENTORY,,,,,,,,,,,,,,0,5,,,,,,,,,,,,,,,,,,,,,,,,,,,,0.0,5.0,,,,,0,0,,,Inv: 0.0/5.0 CapLeft: 15.0,,,0.0,5.0,5.0,15.0
1765931566.8719676,btc-updown-15m-1765931400,1765931400.0,1765932300.0,,733.1280324459076,,,,,0,0,0.99,0.98,ONE_LEG_INVENTORY,,,,,,,,,,,,,,0,5,,,,,,,,,,,,,,,,,,,,,,,,,,,,0.0,5.0,,,,,0,0,,,Inv: 0.0/5.0 CapLeft: 15.0,,,0.0,5.0,5.0,15.0
1765931568.775038,btc-updown-15m-1765931400,1765931400.0,1765932300.0,,731.2249619960785,,,,,0,0,0.99,0.98,ONE_LEG_INVENTORY,,,,,,,,,,,,,,0,5,,,,,,,,,,,,,,,,,,,,,,,,,,,,0.0,5.0,,,,,0,0,,,Inv: 0.0/5.0 CapLeft: 15.0,,,0.0,5.0,5.0,15.0
1765931570.696977,btc-updown-15m-1765931400,1765931400.0,1765932300.0,,729.3030230998993,,,,,0,0,0.99,0.98,ONE_LEG_INVENTORY,,,,,,,,,,,,,,0,5,,,,,,,,,,,,,,,,,,,,,,,,,,,,0.0,5.0,,,,,0,0,,,Inv: 0.0/5.0 CapLeft: 15.0,,,0.0,5.0,5.0,15.0
1765931572.5989468,btc-updown-15m-1765931400,1765931400.0,1765932300.0,,727.4010531902313,,,,,0,0,0.98,0.98,ONE_LEG_INVENTORY,,,,,,,,,,,,,,0,5,,,,,,,,,,,,,,,,,,,,,,,,,,,,0.0,5.0,,,,,0,0,,,Inv: 0.0/5.0 CapLeft: 15.0,,,0.0,5.0,5.0,15.0
1765931574.500114,btc-updown-15m-1765931400,1765931400.0,1765932300.0,,725.4998860359192,,,,,0,0,1.0,0.98,ONE_LEG_INVENTORY,,,,,,,,,,,,,,0,5,,,,,,,,,,,,,,,,,,,,,,,,,,,,0.0,5.0,,,,,0,0,,,Inv: 0.0/5.0 CapLeft: 15.0,,,0.0,5.0,5.0,15.0
1765931576.4141235,btc-updown-15m-1765931400,1765931400.0,1765932300.0,,723.5858764648438,,,,,0,0,0.99,0.98,ONE_LEG_INVENTORY,,,,,,,,,,,,,,0,5,,,,,,,,,,,,,,,,,,,,,,,,,,,,0.0,5.0,,,,,0,0,,,Inv: 0.0/5.0 CapLeft: 15.0,,,0.0,5.0,5.0,15.0
1765931578.3182483,btc-updown-15m-1765931400,1765931400.0,1765932300.0,,721.6817517280579,,,,,0,0,0.98,0.98,ONE_LEG_INVENTORY,,,,,,,,,,,,,,0,5,,,,,,,,,,,,,,,,,,,,,,,,,,,,0.0,5.0,,,,,0,0,,,Inv: 0.0/5.0 CapLeft: 15.0,,,0.0,5.0,5.0,15.0
1765931580.239881,btc-updown-15m-1765931400,1765931400.0,1765932300.0,,719.7601189613342,,,,,0,0,0.99,0.98,ONE_LEG_INVENTORY,,,,,,,,,,,,,,0,5,,,,,,,,,,,,,,,,,,,,,,,,,,,,0.0,5.0,,,,,0,0,,,Inv: 0.0/5.0 CapLeft: 15.0,,,0.0,5.0,5.0,15.0
1765931582.1495628,btc-updown-15m-1765931400,1765931400.0,1765932300.0,,717.8504371643066,,,,,0,0,0.99,0.98,ONE_LEG_INVENTORY,,,,,,,,,,,,,,0,5,,,,,,,,,,,,,,,,,,,,,,,,,,,,0.0,5.0,,,,,0,0,,,Inv: 0.0/5.0 CapLeft: 15.0,,,0.0,5.0,5.0,15.0
1765931584.0834339,btc-updown-15m-1765931400,1765931400.0,1765932300.0,,715.9165661334991,,,,,0,0,0.99,0.98,ONE_LEG_INVENTORY,,,,,,,,,,,,,,0,5,,,,,,,,,,,,,,,,,,,,,,,,,,,,0.0,5.0,,,,,0,0,,,Inv: 0.0/5.0 CapLeft: 15.0,,,0.0,5.0,5.0,15.0
1765931586.0307324,btc-updown-15m-1765931400,1765931400.0,1765932300.0,,713.9692676067352,,,,,0,0,1.0,0.98,ONE_LEG_INVENTORY,,,,,,,,,,,,,,0,5,,,,,,,,,,,,,,,,,,,,,,,,,,,,0.0,5.0,,,,,0,0,,,Inv: 0.0/5.0 CapLeft: 15.0,,,0.0,5.0,5.0,15.0
1765931587.9460845,btc-updown-15m-1765931400,1765931400.0,1765932300.0,,712.0539155006409,,,,,0,0,0.98,0.98,ONE_LEG_INVENTORY,,,,,,,,,,,,,,0,5,,,,,,,,,,,,,,,,,,,,,,,,,,,,0.0,5.0,,,,,0,0,,,Inv: 0.0/5.0 CapLeft: 15.0,,,0.0,5.0,5.0,15.0
1765931589.8617861,btc-updown-15m-1765931400,1765931400.0,1765932300.0,,710.1382138729095,,,,,0,0,0.98,0.98,ONE_LEG_INVENTORY,,,,,,,,,,,,,,0,5,,,,,,,,,,,,,,,,,,,,,,,,,,,,0.0,5.0,,,,,0,0,,,Inv: 0.0/5.0 CapLeft: 15.0,,,0.0,5.0,5.0,15.0
1765931591.7659671,btc-updown-15m-1765931400,1765931400.0,1765932300.0,,708.234032869339,,,,,0,0,0.98,0.98,ONE_LEG_INVENTORY,,,,,,,,,,,,,,0,5,,,,,,,,,,,,,,,,,,,,,,,,,,,,0.0,5.0,,,,,0,0,,,Inv: 0.0/5.0 CapLeft: 15.0,,,0.0,5.0,5.0,15.0
1765931593.6634424,btc-updown-15m-1765931400,1765931400.0,1765932300.0,,706.3365576267242,,,,,0,0,0.98,0.98,ONE_LEG_INVENTORY,,,,,,,,,,,,,,0,5,,,,,,,,,,,,,,,,,,,,,,,,,,,,0.0,5.0,,,,,0,0,,,Inv: 0.0/5.0 CapLeft: 15.0,,,0.0,5.0,5.0,15.0
1765931595.566255,btc-updown-15m-1765931400,1765931400.0,1765932300.0,,704.4337449073792,,,,,0,0,0.98,0.98,ONE_LEG_INVENTORY,,,,,,,,,,,,,,0,5,,,,,,,,,,,,,,,,,,,,,,,,,,,,0.0,5.0,,,,,0,0,,,Inv: 0.0/5.0 CapLeft: 15.0,,,0.0,5.0,5.0,15.0
1765931597.50372,btc-updown-15m-1765931400,1765931400.0,1765932300.0,,702.4962799549103,,,,,0,0,1.0,0.98,ONE_LEG_INVENTORY,,,,,,,,,,,,,,0,5,,,,,,,,,,,,,,,,,,,,,,,,,,,,0.0,5.0,,,,,0,0,,,Inv: 0.0/5.0 CapLeft: 15.0,,,0.0,5.0,5.0,15.0
1765931599.412229,btc-updown-15m-1765931400,1765931400.0,1765932300.0,,700.5877709388733,,,,,0,0,0.99,0.98,ONE_LEG_INVENTORY,,,,,,,,,,,,,,0,5,,,,,,,,,,,,,,,,,,,,,,,,,,,,0.0,5.0,,,,,0,0,,,Inv: 0.0/5.0 CapLeft: 15.0,,,0.0,5.0,5.0,15.0
1765931601.3189948,btc-updown-15m-1765931400,1765931400.0,1765932300.0,,698.6810052394867,,,,,0,0,0.99,0.98,ONE_LEG_INVENTORY,,,,,,,,,,,,,,0,5,,,,,,,,,,,,,,,,,,,,,,,,,,,,0.0,5.0,,,,,0,0,,,Inv: 0.0/5.0 CapLeft: 15.0,,,0.0,5.0,5.0,15.0
1765931603.2347546,btc-updown-15m-1765931400,1765931400.0,1765932300.0,,696.7652454376221,,,,,0,0,0.97,0.98,ONE_LEG_INVENTORY,,,,,,,,,,,,,,0,5,,,,,,,,,,,,,,,,,,,,,,,,,,,,0.0,5.0,,,,,0,0,,,Inv: 0.0/5.0 CapLeft: 15.0,,,0.0,5.0,5.0,15.0
1765931605.1650739,btc-updown-15m-1765931400,1765931400.0,1765932300.0,,694.8349261283875,,,,,0,0,0.98,0.98,ONE_LEG_INVENTORY,,,,,,,,,,,,,,0,5,,,,,,,,,,,,,,,,,,,,,,,,,,,,0.0,5.0,,,,,0,0,,,Inv: 0.0/5.0 CapLeft: 15.0,,,0.0,5.0,5.0,15.0
1765931607.0923986,btc-updown-15m-1765931400,1765931400.0,1765932300.0,,692.9076013565063,,,,,0,0,0.99,0.98,ONE_LEG_INVENTORY,,,,,,,,,,,,,,0,5,,,,,,,,,,,,,,,,,,,,,,,,,,,,0.0,5.0,,,,,0,0,,,Inv: 0.0/5.0 CapLeft: 15.0,,,0.0,5.0,5.0,15.0
1765931609.0111132,btc-updown-15m-1765931400,1765931400.0,1765932300.0,,690.9888868331909,,,,,0,0,0.98,0.98,ONE_LEG_INVENTORY,,,,,,,,,,,,,,0,5,,,,,,,,,,,,,,,,,,,,,,,,,,,,0.0,5.0,,,,,0,0,,,Inv: 0.0/5.0 CapLeft: 15.0,,,0.0,5.0,5.0,15.0
1765931610.905886,btc-updown-15m-1765931400,1765931400.0,1765932300.0,,689.0941140651703,,,,,0,0,0.99,0.98,ONE_LEG_INVENTORY,,,,,,,,,,,,,,0,5,,,,,,,,,,,,,,,,,,,,,,,,,,,,0.0,5.0,,,,,0,0,,,Inv: 0.0/5.0 CapLeft: 15.0,,,0.0,5.0,5.0,15.0
1765931612.8267398,btc-updown-15m-1765931400,1765931400.0,1765932300.0,,687.1732602119446,,,,,0,0,0.99,0.98,ONE_LEG_INVENTORY,,,,,,,,,,,,,,0,5,,,,,,,,,,,,,,,,,,,,,,,,,,,,0.0,5.0,,,,,0,0,,,Inv: 0.0/5.0 CapLeft: 15.0,,,0.0,5.0,5.0,15.0
1765931614.7403917,btc-updown-15m-1765931400,1765931400.0,1765932300.0,,685.2596082687378,,,,,0,0,0.99,0.98,ONE_LEG_INVENTORY,,,,,,,,,,,,,,0,5,,,,,,,,,,,,,,,,,,,,,,,,,,,,0.0,5.0,,,,,0,0,,,Inv: 0.0/5.0 CapLeft: 15.0,,,0.0,5.0,5.0,15.0
1765931616.6594048,btc-updown-15m-1765931400,1765931400.0,1765932300.0,,683.3405952453613,,,,,0,0,0.98,0.98,ONE_LEG_INVENTORY,,,,,,,,,,,,,,0,5,,,,,,,,,,,,,,,,,,,,,,,,,,,,0.0,5.0,,,,,0,0,,,Inv: 0.0/5.0 CapLeft: 15.0,,,0.0,5.0,5.0,15.0
1765931618.5670576,btc-updown-15m-1765931400,1765931400.0,1765932300.0,,681.4329423904419,,,,,0,0,0.99,0.98,ONE_LEG_INVENTORY,,,,,,,,,,,,,,0,5,,,,,,,,,,,,,,,,,,,,,,,,,,,,0.0,5.0,,,,,0,0,,,Inv: 0.0/5.0 CapLeft: 15.0,,,0.0,5.0,5.0,15.0
1765931620.465306,btc-updown-15m-1765931400,1765931400.0,1765932300.0,,679.5346939563751,,,,,0,0,0.99,0.98,ONE_LEG_INVENTORY,,,,,,,,,,,,,,0,5,,,,,,,,,,,,,,,,,,,,,,,,,,,,0.0,5.0,,,,,0,0,,,Inv: 0.0/5.0 CapLeft: 15.0,,,0.0,5.0,5.0,15.0
1765931622.3875594,btc-updown-15m-1765931400,1765931400.0,1765932300.0,,677.6124405860901,,,,,0,0,0.99,0.98,ONE_LEG_INVENTORY,,,,,,,,,,,,,,0,5,,,,,,,,,,,,,,,,,,,,,,,,,,,,0.0,5.0,,,,,0,0,,,Inv: 0.0/5.0 CapLeft: 15.0,,,0.0,5.0,5.0,15.0
1765931624.3050122,btc-updown-15m-1765931400,1765931400.0,1765932300.0,,675.6949877738953,,,,,0,0,0.99,0.98,ONE_LEG_INVENTORY,,,,,,,,,,,,,,0,5,,,,,,,,,,,,,,,,,,,,,,,,,,,,0.0,5.0,,,,,0,0,,,Inv: 0.0/5.0 CapLeft: 15.0,,,0.0,5.0,5.0,15.0
1765931626.2103946,btc-updown-15m-1765931400,1765931400.0,1765932300.0,,673.7896053791046,,,,,0,0,0.99,0.98,ONE_LEG_INVENTORY,,,,,,,,,,,,,,0,5,,,,,,,,,,,,,,,,,,,,,,,,,,,,0.0,5.0,,,,,0,0,,,Inv: 0.0/5.0 CapLeft: 15.0,,,0.0,5.0,5.0,15.0
1765931628.1270616,btc-updown-15m-1765931400,1765931400.0,1765932300.0,,671.8729383945465,,,,,0,0,0.99,0.98,ONE_LEG_INVENTORY,,,,,,,,,,,,,,0,5,,,,,,,,,,,,,,,,,,,,,,,,,,,,0.0,5.0,,,,,0,0,,,Inv: 0.0/5.0 CapLeft: 15.0,,,0.0,5.0,5.0,15.0
1765931630.030854,btc-updown-15m-1765931400,1765931400.0,1765932300.0,,669.9691460132599,,,,,0,0,0.99,0.98,ONE_LEG_INVENTORY,,,,,,,,,,,,,,0,5,,,,,,,,,,,,,,,,,,,,,,,,,,,,0.0,5.0,,,,,0,0,,,Inv: 0.0/5.0 CapLeft: 15.0,,,0.0,5.0,5.0,15.0
1765931631.944085,btc-updown-15m-1765931400,1765931400.0,1765932300.0,,668.0559151172638,,,,,0,0,0.99,0.98,ONE_LEG_INVENTORY,,,,,,,,,,,,,,0,5,,,,,,,,,,,,,,,,,,,,,,,,,,,,0.0,5.0,,,,,0,0,,,Inv: 0.0/5.0 CapLeft: 15.0,,,0.0,5.0,5.0,15.0
1765931633.8538194,btc-updown-15m-1765931400,1765931400.0,1765932300.0,,666.1461806297302,,,,,0,0,0.98,0.98,ONE_LEG_INVENTORY,,,,,,,,,,,,,,0,5,,,,,,,,,,,,,,,,,,,,,,,,,,,,0.0,5.0,,,,,0,0,,,Inv: 0.0/5.0 CapLeft: 15.0,,,0.0,5.0,5.0,15.0
1765931635.748956,btc-updown-15m-1765931400,1765931400.0,1765932300.0,,664.2510440349579,,,,,0,0,0.99,0.98,ONE_LEG_INVENTORY,,,,,,,,,,,,,,0,5,,,,,,,,,,,,,,,,,,,,,,,,,,,,0.0,5.0,,,,,0,0,,,Inv: 0.0/5.0 CapLeft: 15.0,,,0.0,5.0,5.0,15.0
1765931637.6833937,btc-updown-15m-1765931400,1765931400.0,1765932300.0,,662.3166062831879,,,,,0,0,0.99,0.98,ONE_LEG_INVENTORY,,,,,,,,,,,,,,0,5,,,,,,,,,,,,,,,,,,,,,,,,,,,,0.0,5.0,,,,,0,0,,,Inv: 0.0/5.0 CapLeft: 15.0,,,0.0,5.0,5.0,15.0
1765931639.5877554,btc-updown-15m-1765931400,1765931400.0,1765932300.0,,660.4122445583344,,,,,0,0,0.99,0.98,ONE_LEG_INVENTORY,,,,,,,,,,,,,,0,5,,,,,,,,,,,,,,,,,,,,,,,,,,,,0.0,5.0,,,,,0,0,,,Inv: 0.0/5.0 CapLeft: 15.0,,,0.0,5.0,5.0,15.0
1765931641.501085,btc-updown-15m-1765931400,1765931400.0,1765932300.0,,658.4989149570465,,,,,0,0,0.99,0.98,ONE_LEG_INVENTORY,,,,,,,,,,,,,,0,5,,,,,,,,,,,,,,,,,,,,,,,,,,,,0.0,5.0,,,,,0,0,,,Inv: 0.0/5.0 CapLeft: 15.0,,,0.0,5.0,5.0,15.0
1765931643.423354,btc-updown-15m-1765931400,1765931400.0,1765932300.0,,656.5766460895538,,,,,0,0,0.99,0.98,ONE_LEG_INVENTORY,,,,,,,,,,,,,,0,5,,,,,,,,,,,,,,,,,,,,,,,,,,,,0.0,5.0,,,,,0,0,,,Inv: 0.0/5.0 CapLeft: 15.0,,,0.0,5.0,5.0,15.0
1765931645.371411,btc-updown-15m-1765931400,1765931400.0,1765932300.0,,654.6285889148712,,,,,0,0,0.98,0.98,ONE_LEG_INVENTORY,,,,,,,,,,,,,,0,5,,,,,,,,,,,,,,,,,,,,,,,,,,,,0.0,5.0,,,,,0,0,,,Inv: 0.0/5.0 CapLeft: 15.0,,,0.0,5.0,5.0,15.0
1765931647.2721848,btc-updown-15m-1765931400,1765931400.0,1765932300.0,,652.7278151512146,,,,,0,0,0.98,0.98,ONE_LEG_INVENTORY,,,,,,,,,,,,,,0,5,,,,,,,,,,,,,,,,,,,,,,,,,,,,0.0,5.0,,,,,0,0,,,Inv: 0.0/5.0 CapLeft: 15.0,,,0.0,5.0,5.0,15.0
1765931649.1826804,btc-updown-15m-1765931400,1765931400.0,1765932300.0,,650.8173196315765,,,,,0,0,0.9600000000000001,0.98,ONE_LEG_INVENTORY,,,,,,,,,,,,,,0,5,,,,,,,,,,,,,,,,,,,,,,,,,,,,0.0,5.0,,,,,0,0,,,Inv: 0.0/5.0 CapLeft: 15.0,,,0.0,5.0,5.0,15.0
1765931651.086727,btc-updown-15m-1765931400,1765931400.0,1765932300.0,,648.9132730960846,,,,,0,0,1.0,0.98,ONE_LEG_INVENTORY,,,,,,,,,,,,,,0,5,,,,,,,,,,,,,,,,,,,,,,,,,,,,0.0,5.0,,,,,0,0,,,Inv: 0.0/5.0 CapLeft: 15.0,,,0.0,5.0,5.0,15.0
1765931653.017573,btc-updown-15m-1765931400,1765931400.0,1765932300.0,,646.9824268817902,,,,,0,0,0.99,0.98,ONE_LEG_INVENTORY,,,,,,,,,,,,,,0,5,,,,,,,,,,,,,,,,,,,,,,,,,,,,0.0,5.0,,,,,0,0,,,Inv: 0.0/5.0 CapLeft: 15.0,,,0.0,5.0,5.0,15.0
1765931654.9428158,btc-updown-15m-1765931400,1765931400.0,1765932300.0,,645.0571842193604,,,,,0,0,0.99,0.98,ONE_LEG_INVENTORY,,,,,,,,,,,,,,0,5,,,,,,,,,,,,,,,,,,,,,,,,,,,,0.0,5.0,,,,,0,0,,,Inv: 0.0/5.0 CapLeft: 15.0,,,0.0,5.0,5.0,15.0
1765931656.8818533,btc-updown-15m-1765931400,1765931400.0,1765932300.0,,643.1181466579437,,,,,0,0,0.99,0.98,ONE_LEG_INVENTORY,,,,,,,,,,,,,,0,5,,,,,,,,,,,,,,,,,,,,,,,,,,,,0.0,5.0,,,,,0,0,,,Inv: 0.0/5.0 CapLeft: 15.0,,,0.0,5.0,5.0,15.0
1765931658.784055,btc-updown-15m-1765931400,1765931400.0,1765932300.0,,641.2159450054169,,,,,0,0,0.99,0.98,ONE_LEG_INVENTORY,,,,,,,,,,,,,,0,5,,,,,,,,,,,,,,,,,,,,,,,,,,,,0.0,5.0,,,,,0,0,,,Inv: 0.0/5.0 CapLeft: 15.0,,,0.0,5.0,5.0,15.0
1765931660.706643,btc-updown-15m-1765931400,1765931400.0,1765932300.0,,639.2933568954468,,,,,0,0,0.99,0.98,ONE_LEG_INVENTORY,,,,,,,,,,,,,,0,5,,,,,,,,,,,,,,,,,,,,,,,,,,,,0.0,5.0,,,,,0,0,,,Inv: 0.0/5.0 CapLeft: 15.0,,,0.0,5.0,5.0,15.0
1765931662.6146429,btc-updown-15m-1765931400,1765931400.0,1765932300.0,,637.3853571414948,,,,,0,0,0.99,0.98,ONE_LEG_INVENTORY,,,,,,,,,,,,,,0,5,,,,,,,,,,,,,,,,,,,,,,,,,,,,0.0,5.0,,,,,0,0,,,Inv: 0.0/5.0 CapLeft: 15.0,,,0.0,5.0,5.0,15.0
1765931664.514223,btc-updown-15m-1765931400,1765931400.0,1765932300.0,,635.4857769012451,,,,,0,0,0.99,0.98,ONE_LEG_INVENTORY,,,,,,,,,,,,,,0,5,,,,,,,,,,,,,,,,,,,,,,,,,,,,0.0,5.0,,,,,0,0,,,Inv: 0.0/5.0 CapLeft: 15.0,,,0.0,5.0,5.0,15.0
1765931666.4544587,btc-updown-15m-1765931400,1765931400.0,1765932300.0,,633.5455412864685,,,,,0,0,0.99,0.98,ONE_LEG_INVENTORY,,,,,,,,,,,,,,0,5,,,,,,,,,,,,,,,,,,,,,,,,,,,,0.0,5.0,,,,,0,0,,,Inv: 0.0/5.0 CapLeft: 15.0,,,0.0,5.0,5.0,15.0
1765931668.368235,btc-updown-15m-1765931400,1765931400.0,1765932300.0,,631.6317648887634,,,,,0,0,0.99,0.98,ONE_LEG_INVENTORY,,,,,,,,,,,,,,0,5,,,,,,,,,,,,,,,,,,,,,,,,,,,,0.0,5.0,,,,,0,0,,,Inv: 0.0/5.0 CapLeft: 15.0,,,0.0,5.0,5.0,15.0
1765931670.2746332,btc-updown-15m-1765931400,1765931400.0,1765932300.0,,629.7253668308258,,,,,0,0,0.99,0.98,ONE_LEG_INVENTORY,,,,,,,,,,,,,,0,5,,,,,,,,,,,,,,,,,,,,,,,,,,,,0.0,5.0,,,,,0,0,,,Inv: 0.0/5.0 CapLeft: 15.0,,,0.0,5.0,5.0,15.0
1765931672.167713,btc-updown-15m-1765931400,1765931400.0,1765932300.0,,627.8322870731354,,,,,0,0,1.0,0.98,ONE_LEG_INVENTORY,,,,,,,,,,,,,,0,5,,,,,,,,,,,,,,,,,,,,,,,,,,,,0.0,5.0,,,,,0,0,,,Inv: 0.0/5.0 CapLeft: 15.0,,,0.0,5.0,5.0,15.0
1765931674.082612,btc-updown-15m-1765931400,1765931400.0,1765932300.0,,625.9173879623413,,,,,0,0,0.99,0.98,ONE_LEG_INVENTORY,,,,,,,,,,,,,,0,5,,,,,,,,,,,,,,,,,,,,,,,,,,,,0.0,5.0,,,,,0,0,,,Inv: 0.0/5.0 CapLeft: 15.0,,,0.0,5.0,5.0,15.0
1765931675.984562,btc-updown-15m-1765931400,1765931400.0,1765932300.0,,624.015438079834,,,,,0,0,0.99,0.98,ONE_LEG_INVENTORY,,,,,,,,,,,,,,0,5,,,,,,,,,,,,,,,,,,,,,,,,,,,,0.0,5.0,,,,,0,0,,,Inv: 0.0/5.0 CapLeft: 15.0,,,0.0,5.0,5.0,15.0
1765931677.8778799,btc-updown-15m-1765931400,1765931400.0,1765932300.0,,622.122120141983,,,,,0,0,0.98,0.98,ONE_LEG_INVENTORY,,,,,,,,,,,,,,0,5,,,,,,,,,,,,,,,,,,,,,,,,,,,,0.0,5.0,,,,,0,0,,,Inv: 0.0/5.0 CapLeft: 15.0,,,0.0,5.0,5.0,15.0
1765931679.7832882,btc-updown-15m-1765931400,1765931400.0,1765932300.0,,620.2167117595673,,,,,0,0,0.99,0.98,ONE_LEG_INVENTORY,,,,,,,,,,,,,,0,5,,,,,,,,,,,,,,,,,,,,,,,,,,,,0.0,5.0,,,,,0,0,,,Inv: 0.0/5.0 CapLeft: 15.0,,,0.0,5.0,5.0,15.0
1765931681.7066717,btc-updown-15m-1765931400,1765931400.0,1765932300.0,,618.2933282852173,,,,,0,0,0.98,0.98,ONE_LEG_INVENTORY,,,,,,,,,,,,,,0,5,,,,,,,,,,,,,,,,,,,,,,,,,,,,0.0,5.0,,,,,0,0,,,Inv: 0.0/5.0 CapLeft: 15.0,,,0.0,5.0,5.0,15.0
1765931683.6352174,btc-updown-15m-1765931400,1765931400.0,1765932300.0,,616.3647825717926,,,,,0,0,0.99,0.98,ONE_LEG_INVENTORY,,,,,,,,,,,,,,0,5,,,,,,,,,,,,,,,,,,,,,,,,,,,,0.0,5.0,,,,,0,0,,,Inv: 0.0/5.0 CapLeft: 15.0,,,0.0,5.0,5.0,15.0
1765931685.5357678,btc-updown-15m-1765931400,1765931400.0,1765932300.0,,614.4642322063446,,,,,0,0,0.99,0.98,ONE_LEG_INVENTORY,,,,,,,,,,,,,,0,5,,,,,,,,,,,,,,,,,,,,,,,,,,,,0.0,5.0,,,,,0,0,,,Inv: 0.0/5.0 CapLeft: 15.0,,,0.0,5.0,5.0,15.0
1765931687.4576204,btc-updown-15m-1765931400,1765931400.0,1765932300.0,,612.542379617691,,,,,0,0,0.99,0.98,ONE_LEG_INVENTORY,,,,,,,,,,,,,,0,5,,,,,,,,,,,,,,,,,,,,,,,,,,,,0.0,5.0,,,,,0,0,,,Inv: 0.0/5.0 CapLeft: 15.0,,,0.0,5.0,5.0,15.0
1765931689.3788288,btc-updown-15m-1765931400,1765931400.0,1765932300.0,,610.6211712360382,,,,,0,0,0.99,0.98,ONE_LEG_INVENTORY,,,,,,,,,,,,,,0,5,,,,,,,,,,,,,,,,,,,,,,,,,,,,0.0,5.0,,,,,0,0,,,Inv: 0.0/5.0 CapLeft: 15.0,,,0.0,5.0,5.0,15.0
1765931691.292562,btc-updown-15m-1765931400,1765931400.0,1765932300.0,,608.707437992096,,,,,0,0,0.98,0.98,ONE_LEG_INVENTORY,,,,,,,,,,,,,,0,5,,,,,,,,,,,,,,,,,,,,,,,,,,,,0.0,5.0,,,,,0,0,,,Inv: 0.0/5.0 CapLeft: 15.0,,,0.0,5.0,5.0,15.0
1765931693.1938279,btc-updown-15m-1765931400,1765931400.0,1765932300.0,,606.8061721324921,,,,,0,0,0.99,0.98,ONE_LEG_INVENTORY,,,,,,,,,,,,,,0,5,,,,,,,,,,,,,,,,,,,,,,,,,,,,0.0,5.0,,,,,0,0,,,Inv: 0.0/5.0 CapLeft: 15.0,,,0.0,5.0,5.0,15.0
1765931695.1223307,btc-updown-15m-1765931400,1765931400.0,1765932300.0,,604.8776693344116,,,,,0,0,0.99,0.98,ONE_LEG_INVENTORY,,,,,,,,,,,,,,0,5,,,,,,,,,,,,,,,,,,,,,,,,,,,,0.0,5.0,,,,,0,0,,,Inv: 0.0/5.0 CapLeft: 15.0,,,0.0,5.0,5.0,15.0
1765931697.0248334,btc-updown-15m-1765931400,1765931400.0,1765932300.0,,602.9751665592194,,,,,0,0,0.99,0.98,ONE_LEG_INVENTORY,,,,,,,,,,,,,,0,5,,,,,,,,,,,,,,,,,,,,,,,,,,,,0.0,5.0,,,,,0,0,,,Inv: 0.0/5.0 CapLeft: 15.0,,,0.0,5.0,5.0,15.0
1765931698.930877,btc-updown-15m-1765931400,1765931400.0,1765932300.0,,601.0691230297089,,,,,0,0,0.99,0.98,ONE_LEG_INVENTORY,,,,,,,,,,,,,,0,5,,,,,,,,,,,,,,,,,,,,,,,,,,,,0.0,5.0,,,,,0,0,,,Inv: 0.0/5.0 CapLeft: 15.0,,,0.0,5.0,5.0,15.0
1765931700.8445652,btc-updown-15m-1765931400,1765931400.0,1765932300.0,,599.155434846878,,,,,0,0,0.99,0.98,ONE_LEG_INVENTORY,,,,,,,,,,,,,,0,5,,,,,,,,,,,,,,,,,,,,,,,,,,,,0.0,5.0,,,,,0,0,,,Inv: 0.0/5.0 CapLeft: 15.0,,,0.0,5.0,5.0,15.0
1765931702.7629552,btc-updown-15m-1765931400,1765931400.0,1765932300.0,,597.2370448112488,,,,,0,0,0.99,0.98,ONE_LEG_INVENTORY,,,,,,,,,,,,,,0,5,,,,,,,,,,,,,,,,,,,,,,,,,,,,0.0,5.0,,,,,0,0,,,Inv: 0.0/5.0 CapLeft: 15.0,,,0.0,5.0,5.0,15.0
1765931704.6669216,btc-updown-15m-1765931400,1765931400.0,1765932300.0,,595.3330783843994,,,,,0,0,0.99,0.98,ONE_LEG_INVENTORY,,,,,,,,,,,,,,0,5,,,,,,,,,,,,,,,,,,,,,,,,,,,,0.0,5.0,,,,,0,0,,,Inv: 0.0/5.0 CapLeft: 15.0,,,0.0,5.0,5.0,15.0
1765931706.584905,btc-updown-15m-1765931400,1765931400.0,1765932300.0,,593.4150950908661,,,,,0,0,0.98,0.98,ONE_LEG_INVENTORY,,,,,,,,,,,,,,0,5,,,,,,,,,,,,,,,,,,,,,,,,,,,,0.0,5.0,,,,,0,0,,,Inv: 0.0/5.0 CapLeft: 15.0,,,0.0,5.0,5.0,15.0
1765931708.5225258,btc-updown-15m-1765931400,1765931400.0,1765932300.0,,591.4774742126465,,,,,0,0,0.98,0.98,ONE_LEG_INVENTORY,,,,,,,,,,,,,,0,5,,,,,,,,,,,,,,,,,,,,,,,,,,,,0.0,5.0,,,,,0,0,,,Inv: 0.0/5.0 CapLeft: 15.0,,,0.0,5.0,5.0,15.0
1765931710.428064,btc-updown-15m-1765931400,1765931400.0,1765932300.0,,589.5719358921051,,,,,0,0,0.99,0.98,ONE_LEG_INVENTORY,,,,,,,,,,,,,,0,5,,,,,,,,,,,,,,,,,,,,,,,,,,,,0.0,5.0,,,,,0,0,,,Inv: 0.0/5.0 CapLeft: 15.0,,,0.0,5.0,5.0,15.0
1765931712.3454027,btc-updown-15m-1765931400,1765931400.0,1765932300.0,,587.6545972824097,,,,,0,0,0.98,0.98,ONE_LEG_INVENTORY,,,,,,,,,,,,,,0,5,,,,,,,,,,,,,,,,,,,,,,,,,,,,0.0,5.0,,,,,0,0,,,Inv: 0.0/5.0 CapLeft: 15.0,,,0.0,5.0,5.0,15.0
1765931714.2666976,btc-updown-15m-1765931400,1765931400.0,1765932300.0,,585.7333023548126,,,,,0,0,0.99,0.98,ONE_LEG_INVENTORY,,,,,,,,,,,,,,0,5,,,,,,,,,,,,,,,,,,,,,,,,,,,,0.0,5.0,,,,,0,0,,,Inv: 0.0/5.0 CapLeft: 15.0,,,0.0,5.0,5.0,15.0
1765931716.1795835,btc-updown-15m-1765931400,1765931400.0,1765932300.0,,583.8204164505005,,,,,0,0,0.98,0.98,ONE_LEG_INVENTORY,,,,,,,,,,,,,,0,5,,,,,,,,,,,,,,,,,,,,,,,,,,,,0.0,5.0,,,,,0,0,,,Inv: 0.0/5.0 CapLeft: 15.0,,,0.0,5.0,5.0,15.0
1765931718.0852456,btc-updown-15m-1765931400,1765931400.0,1765932300.0,,581.9147543907166,,,,,0,0,0.98,0.98,ONE_LEG_INVENTORY,,,,,,,,,,,,,,0,5,,,,,,,,,,,,,,,,,,,,,,,,,,,,0.0,5.0,,,,,0,0,,,Inv: 0.0/5.0 CapLeft: 15.0,,,0.0,5.0,5.0,15.0
1765931719.996373,btc-updown-15m-1765931400,1765931400.0,1765932300.0,,580.0036270618439,,,,,0,0,0.99,0.98,ONE_LEG_INVENTORY,,,,,,,,,,,,,,0,5,,,,,,,,,,,,,,,,,,,,,,,,,,,,0.0,5.0,,,,,0,0,,,Inv: 0.0/5.0 CapLeft: 15.0,,,0.0,5.0,5.0,15.0
1765931721.9261699,btc-updown-15m-1765931400,1765931400.0,1765932300.0,,578.0738301277161,,,,,0,0,0.99,0.98,ONE_LEG_INVENTORY,,,,,,,,,,,,,,0,5,,,,,,,,,,,,,,,,,,,,,,,,,,,,0.0,5.0,,,,,0,0,,,Inv: 0.0/5.0 CapLeft: 15.0,,,0.0,5.0,5.0,15.0
1765931723.8388605,btc-updown-15m-1765931400,1765931400.0,1765932300.0,,576.1611394882202,,,,,0,0,0.99,0.98,ONE_LEG_INVENTORY,,,,,,,,,,,,,,0,5,,,,,,,,,,,,,,,,,,,,,,,,,,,,0.0,5.0,,,,,0,0,,,Inv: 0.0/5.0 CapLeft: 15.0,,,0.0,5.0,5.0,15.0
1765931725.7538486,btc-updown-15m-1765931400,1765931400.0,1765932300.0,,574.2461514472961,,,,,0,0,0.99,0.98,ONE_LEG_INVENTORY,,,,,,,,,,,,,,0,5,,,,,,,,,,,,,,,,,,,,,,,,,,,,0.0,5.0,,,,,0,0,,,Inv: 0.0/5.0 CapLeft: 15.0,,,0.0,5.0,5.0,15.0
1765931727.6652303,btc-updown-15m-1765931400,1765931400.0,1765932300.0,,572.3347697257996,,,,,0,0,0.99,0.98,ONE_LEG_INVENTORY,,,,,,,,,,,,,,0,5,,,,,,,,,,,,,,,,,,,,,,,,,,,,0.0,5.0,,,,,0,0,,,Inv: 0.0/5.0 CapLeft: 15.0,,,0.0,5.0,5.0,15.0
1765931729.6139336,btc-updown-15m-1765931400,1765931400.0,1765932300.0,,570.3860664367676,,,,,0,0,0.99,0.98,ONE_LEG_INVENTORY,,,,,,,,,,,,,,0,5,,,,,,,,,,,,,,,,,,,,,,,,,,,,0.0,5.0,,,,,0,0,,,Inv: 0.0/5.0 CapLeft: 15.0,,,0.0,5.0,5.0,15.0
1765931731.541339,btc-updown-15m-1765931400,1765931400.0,1765932300.0,,568.4586610794067,,,,,0,0,0.99,0.98,ONE_LEG_INVENTORY,,,,,,,,,,,,,,0,5,,,,,,,,,,,,,,,,,,,,,,,,,,,,0.0,5.0,,,,,0,0,,,Inv: 0.0/5.0 CapLeft: 15.0,,,0.0,5.0,5.0,15.0
1765931733.437691,btc-updown-15m-1765931400,1765931400.0,1765932300.0,,566.5623090267181,,,,,0,0,0.99,0.98,ONE_LEG_INVENTORY,,,,,,,,,,,,,,0,5,,,,,,,,,,,,,,,,,,,,,,,,,,,,0.0,5.0,,,,,0,0,,,Inv: 0.0/5.0 CapLeft: 15.0,,,0.0,5.0,5.0,15.0
1765931735.3528876,btc-updown-15m-1765931400,1765931400.0,1765932300.0,,564.6471123695374,,,,,0,0,0.99,0.98,ONE_LEG_INVENTORY,,,,,,,,,,,,,,0,5,,,,,,,,,,,,,,,,,,,,,,,,,,,,0.0,5.0,,,,,0,0,,,Inv: 0.0/5.0 CapLeft: 15.0,,,0.0,5.0,5.0,15.0
1765931737.2533824,btc-updown-15m-1765931400,1765931400.0,1765932300.0,,562.7466175556183,,,,,0,0,0.99,0.98,ONE_LEG_INVENTORY,,,,,,,,,,,,,,0,5,,,,,,,,,,,,,,,,,,,,,,,,,,,,0.0,5.0,,,,,0,0,,,Inv: 0.0/5.0 CapLeft: 15.0,,,0.0,5.0,5.0,15.0
1765931739.1892576,btc-updown-15m-1765931400,1765931400.0,1765932300.0,,560.8107423782349,,,,,0,0,0.99,0.98,ONE_LEG_INVENTORY,,,,,,,,,,,,,,0,5,,,,,,,,,,,,,,,,,,,,,,,,,,,,0.0,5.0,,,,,0,0,,,Inv: 0.0/5.0 CapLeft: 15.0,,,0.0,5.0,5.0,15.0
1765931741.0939314,btc-updown-15m-1765931400,1765931400.0,1765932300.0,,558.9060685634613,,,,,0,0,0.99,0.98,ONE_LEG_INVENTORY,,,,,,,,,,,,,,0,5,,,,,,,,,,,,,,,,,,,,,,,,,,,,0.0,5.0,,,,,0,0,,,Inv: 0.0/5.0 CapLeft: 15.0,,,0.0,5.0,5.0,15.0
1765931742.9898207,btc-updown-15m-1765931400,1765931400.0,1765932300.0,,557.0101792812347,,,,,0,0,0.98,0.98,ONE_LEG_INVENTORY,,,,,,,,,,,,,,0,5,,,,,,,,,,,,,,,,,,,,,,,,,,,,0.0,5.0,,,,,0,0,,,Inv: 0.0/5.0 CapLeft: 15.0,,,0.0,5.0,5.0,15.0
1765931744.919428,btc-updown-15m-1765931400,1765931400.0,1765932300.0,,555.0805718898773,,,,,0,0,0.99,0.98,ONE_LEG_INVENTORY,,,,,,,,,,,,,,0,5,,,,,,,,,,,,,,,,,,,,,,,,,,,,0.0,5.0,,,,,0,0,,,Inv: 0.0/5.0 CapLeft: 15.0,,,0.0,5.0,5.0,15.0
1765931746.8163762,btc-updown-15m-1765931400,1765931400.0,1765932300.0,,553.183623790741,,,,,0,0,0.99,0.98,ONE_LEG_INVENTORY,,,,,,,,,,,,,,0,5,,,,,,,,,,,,,,,,,,,,,,,,,,,,0.0,5.0,,,,,0,0,,,Inv: 0.0/5.0 CapLeft: 15.0,,,0.0,5.0,5.0,15.0
1765931748.7332234,btc-updown-15m-1765931400,1765931400.0,1765932300.0,,551.2667765617371,,,,,0,0,0.98,0.98,ONE_LEG_INVENTORY,,,,,,,,,,,,,,0,5,,,,,,,,,,,,,,,,,,,,,,,,,,,,0.0,5.0,,,,,0,0,,,Inv: 0.0/5.0 CapLeft: 15.0,,,0.0,5.0,5.0,15.0
1765931750.6269062,btc-updown-15m-1765931400,1765931400.0,1765932300.0,,549.3730938434601,,,,,0,0,0.98,0.98,ONE_LEG_INVENTORY,,,,,,,,,,,,,,0,5,,,,,,,,,,,,,,,,,,,,,,,,,,,,0.0,5.0,,,,,0,0,,,Inv: 0.0/5.0 CapLeft: 15.0,,,0.0,5.0,5.0,15.0
1765931752.550934,btc-updown-15m-1765931400,1765931400.0,1765932300.0,,547.4490659236908,,,,,0,0,0.99,0.98,ONE_LEG_INVENTORY,,,,,,,,,,,,,,0,5,,,,,,,,,,,,,,,,,,,,,,,,,,,,0.0,5.0,,,,,0,0,,,Inv: 0.0/5.0 CapLeft: 15.0,,,0.0,5.0,5.0,15.0
1765931754.4534738,btc-updown-15m-1765931400,1765931400.0,1765932300.0,,545.5465261936188,,,,,0,0,0.98,0.98,ONE_LEG_INVENTORY,,,,,,,,,,,,,,0,5,,,,,,,,,,,,,,,,,,,,,,,,,,,,0.0,5.0,,,,,0,0,,,Inv: 0.0/5.0 CapLeft: 15.0,,,0.0,5.0,5.0,15.0
1765931756.3793185,btc-updown-15m-1765931400,1765931400.0,1765932300.0,,543.6206815242767,,,,,0,0,0.99,0.98,ONE_LEG_INVENTORY,,,,,,,,,,,,,,0,5,,,,,,,,,,,,,,,,,,,,,,,,,,,,0.0,5.0,,,,,0,0,,,Inv: 0.0/5.0 CapLeft: 15.0,,,0.0,5.0,5.0,15.0
1765931758.2830274,btc-updown-15m-1765931400,1765931400.0,1765932300.0,,541.7169725894928,,,,,0,0,0.99,0.98,ONE_LEG_INVENTORY,,,,,,,,,,,,,,0,5,,,,,,,,,,,,,,,,,,,,,,,,,,,,0.0,5.0,,,,,0,0,,,Inv: 0.0/5.0 CapLeft: 15.0,,,0.0,5.0,5.0,15.0
1765931760.1807103,btc-updown-15m-1765931400,1765931400.0,1765932300.0,,539.8192896842957,,,,,0,0,0.98,0.98,ONE_LEG_INVENTORY,,,,,,,,,,,,,,0,5,,,,,,,,,,,,,,,,,,,,,,,,,,,,0.0,5.0,,,,,0,0,,,Inv: 0.0/5.0 CapLeft: 15.0,,,0.0,5.0,5.0,15.0
1765931762.1188402,btc-updown-15m-1765931400,1765931400.0,1765932300.0,,537.8811597824097,,,,,0,0,0.99,0.98,ONE_LEG_INVENTORY,,,,,,,,,,,,,,0,5,,,,,,,,,,,,,,,,,,,,,,,,,,,,0.0,5.0,,,,,0,0,,,Inv: 0.0/5.0 CapLeft: 15.0,,,0.0,5.0,5.0,15.0
1765931764.0286942,btc-updown-15m-1765931400,1765931400.0,1765932300.0,,535.971305847168,,,,,0,0,0.98,0.98,ONE_LEG_INVENTORY,,,,,,,,,,,,,,0,5,,,,,,,,,,,,,,,,,,,,,,,,,,,,0.0,5.0,,,,,0,0,,,Inv: 0.0/5.0 CapLeft: 15.0,,,0.0,5.0,5.0,15.0
1765931765.938957,btc-updown-15m-1765931400,1765931400.0,1765932300.0,,534.0610430240631,,,,,0,0,0.99,0.98,ONE_LEG_INVENTORY,,,,,,,,,,,,,,0,5,,,,,,,,,,,,,,,,,,,,,,,,,,,,0.0,5.0,,,,,0,0,,,Inv: 0.0/5.0 CapLeft: 15.0,,,0.0,5.0,5.0,15.0
1765931767.8540378,btc-updown-15m-1765931400,1765931400.0,1765932300.0,,532.1459622383118,,,,,0,0,0.99,0.98,ONE_LEG_INVENTORY,,,,,,,,,,,,,,0,5,,,,,,,,,,,,,,,,,,,,,,,,,,,,0.0,5.0,,,,,0,0,,,Inv: 0.0/5.0 CapLeft: 15.0,,,0.0,5.0,5.0,15.0
1765931769.7679424,btc-updown-15m-1765931400,1765931400.0,1765932300.0,,530.2320575714111,,,,,0,0,0.98,0.98,ONE_LEG_INVENTORY,,,,,,,,,,,,,,0,5,,,,,,,,,,,,,,,,,,,,,,,,,,,,0.0,5.0,,,,,0,0,,,Inv: 0.0/5.0 CapLeft: 15.0,,,0.0,5.0,5.0,15.0
1765931771.6672678,btc-updown-15m-1765931400,1765931400.0,1765932300.0,,528.3327322006226,,,,,0,0,0.98,0.98,ONE_LEG_INVENTORY,,,,,,,,,,,,,,0,5,,,,,,,,,,,,,,,,,,,,,,,,,,,,0.0,5.0,,,,,0,0,,,Inv: 0.0/5.0 CapLeft: 15.0,,,0.0,5.0,5.0,15.0
1765931773.577618,btc-updown-15m-1765931400,1765931400.0,1765932300.0,,526.4223821163177,,,,,0,0,0.99,0.98,ONE_LEG_INVENTORY,,,,,,,,,,,,,,0,5,,,,,,,,,,,,,,,,,,,,,,,,,,,,0.0,5.0,,,,,0,0,,,Inv: 0.0/5.0 CapLeft: 15.0,,,0.0,5.0,5.0,15.0
1765931775.5729861,btc-updown-15m-1765931400,1765931400.0,1765932300.0,,524.427013874054,,,,,0,0,0.99,0.98,ONE_LEG_INVENTORY,,,,,,,,,,,,,,0,5,,,,,,,,,,,,,,,,,,,,,,,,,,,,0.0,5.0,,,,,0,0,,,Inv: 0.0/5.0 CapLeft: 15.0,,,0.0,5.0,5.0,15.0
1765931777.476497,btc-updown-15m-1765931400,1765931400.0,1765932300.0,,522.5235030651093,,,,,0,0,0.99,0.98,ONE_LEG_INVENTORY,,,,,,,,,,,,,,0,5,,,,,,,,,,,,,,,,,,,,,,,,,,,,0.0,5.0,,,,,0,0,,,Inv: 0.0/5.0 CapLeft: 15.0,,,0.0,5.0,5.0,15.0
1765931779.414353,btc-updown-15m-1765931400,1765931400.0,1765932300.0,,520.5856471061707,,,,,0,0,0.99,0.98,ONE_LEG_INVENTORY,,,,,,,,,,,,,,0,5,,,,,,,,,,,,,,,,,,,,,,,,,,,,0.0,5.0,,,,,0,0,,,Inv: 0.0/5.0 CapLeft: 15.0,,,0.0,5.0,5.0,15.0
1765931781.3244586,btc-updown-15m-1765931400,1765931400.0,1765932300.0,,518.6755414009094,,,,,0,0,0.99,0.98,ONE_LEG_INVENTORY,,,,,,,,,,,,,,0,5,,,,,,,,,,,,,,,,,,,,,,,,,,,,0.0,5.0,,,,,0,0,,,Inv: 0.0/5.0 CapLeft: 15.0,,,0.0,5.0,5.0,15.0
1765931783.2189384,btc-updown-15m-1765931400,1765931400.0,1765932300.0,,516.7810616493225,,,,,0,0,0.99,0.98,ONE_LEG_INVENTORY,,,,,,,,,,,,,,0,5,,,,,,,,,,,,,,,,,,,,,,,,,,,,0.0,5.0,,,,,0,0,,,Inv: 0.0/5.0 CapLeft: 15.0,,,0.0,5.0,5.0,15.0
1765931785.1351671,btc-updown-15m-1765931400,1765931400.0,1765932300.0,,514.8648328781128,,,,,0,0,0.98,0.98,ONE_LEG_INVENTORY,,,,,,,,,,,,,,0,5,,,,,,,,,,,,,,,,,,,,,,,,,,,,0.0,5.0,,,,,0,0,,,Inv: 0.0/5.0 CapLeft: 15.0,,,0.0,5.0,5.0,15.0
1765931787.035657,btc-updown-15m-1765931400,1765931400.0,1765932300.0,,512.9643430709839,,,,,0,0,0.99,0.98,ONE_LEG_INVENTORY,,,,,,,,,,,,,,0,5,,,,,,,,,,,,,,,,,,,,,,,,,,,,0.0,5.0,,,,,0,0,,,Inv: 0.0/5.0 CapLeft: 15.0,,,0.0,5.0,5.0,15.0
1765931788.9972484,btc-updown-15m-1765931400,1765931400.0,1765932300.0,,511.0027515888214,,,,,0,0,0.99,0.98,ONE_LEG_INVENTORY,,,,,,,,,,,,,,0,5,,,,,,,,,,,,,,,,,,,,,,,,,,,,0.0,5.0,,,,,0,0,,,Inv: 0.0/5.0 CapLeft: 15.0,,,0.0,5.0,5.0,15.0
1765931790.9048433,btc-updown-15m-1765931400,1765931400.0,1765932300.0,,509.0951566696167,,,,,0,0,0.97,0.98,ONE_LEG_INVENTORY,,,,,,,,,,,,,,0,5,,,,,,,,,,,,,,,,,,,,,,,,,,,,0.0,5.0,,,,,0,0,,,Inv: 0.0/5.0 CapLeft: 15.0,,,0.0,5.0,5.0,15.0
1765931792.8070226,btc-updown-15m-1765931400,1765931400.0,1765932300.0,,507.1929774284363,,,,,0,0,0.98,0.98,ONE_LEG_INVENTORY,,,,,,,,,,,,,,0,5,,,,,,,,,,,,,,,,,,,,,,,,,,,,0.0,5.0,,,,,0,0,,,Inv: 0.0/5.0 CapLeft: 15.0,,,0.0,5.0,5.0,15.0
1765931794.7250495,btc-updown-15m-1765931400,1765931400.0,1765932300.0,,505.274950504303,,,,,0,0,0.97,0.98,ONE_LEG_INVENTORY,,,,,,,,,,,,,,0,5,,,,,,,,,,,,,,,,,,,,,,,,,,,,0.0,5.0,,,,,0,0,,,Inv: 0.0/5.0 CapLeft: 15.0,,,0.0,5.0,5.0,15.0
1765931796.6238275,btc-updown-15m-1765931400,1765931400.0,1765932300.0,,503.376172542572,,,,,0,0,0.99,0.98,ONE_LEG_INVENTORY,,,,,,,,,,,,,,0,5,,,,,,,,,,,,,,,,,,,,,,,,,,,,0.0,5.0,,,,,0,0,,,Inv: 0.0/5.0 CapLeft: 15.0,,,0.0,5.0,5.0,15.0
1765931798.5481215,btc-updown-15m-1765931400,1765931400.0,1765932300.0,,501.45187854766846,,,,,0,0,0.99,0.98,ONE_LEG_INVENTORY,,,,,,,,,,,,,,0,5,,,,,,,,,,,,,,,,,,,,,,,,,,,,0.0,5.0,,,,,0,0,,,Inv: 0.0/5.0 CapLeft: 15.0,,,0.0,5.0,5.0,15.0
1765931800.4550548,btc-updown-15m-1765931400,1765931400.0,1765932300.0,,499.54494524002075,,,,,0,0,0.98,0.98,ONE_LEG_INVENTORY,,,,,,,,,,,,,,0,5,,,,,,,,,,,,,,,,,,,,,,,,,,,,0.0,5.0,,,,,0,0,,,Inv: 0.0/5.0 CapLeft: 15.0,,,0.0,5.0,5.0,15.0
1765931802.3799667,btc-updown-15m-1765931400,1765931400.0,1765932300.0,,497.62003326416016,,,,,0,0,0.98,0.98,ONE_LEG_INVENTORY,,,,,,,,,,,,,,0,5,,,,,,,,,,,,,,,,,,,,,,,,,,,,0.0,5.0,,,,,0,0,,,Inv: 0.0/5.0 CapLeft: 15.0,,,0.0,5.0,5.0,15.0
1765931804.2973316,btc-updown-15m-1765931400,1765931400.0,1765932300.0,,495.702668428421,,,,,0,0,0.99,0.98,ONE_LEG_INVENTORY,,,,,,,,,,,,,,0,5,,,,,,,,,,,,,,,,,,,,,,,,,,,,0.0,5.0,,,,,0,0,,,Inv: 0.0/5.0 CapLeft: 15.0,,,0.0,5.0,5.0,15.0
1765931806.2340102,btc-updown-15m-1765931400,1765931400.0,1765932300.0,,493.765989780426,,,,,0,0,1.0,0.98,ONE_LEG_INVENTORY,,,,,,,,,,,,,,0,5,,,,,,,,,,,,,,,,,,,,,,,,,,,,0.0,5.0,,,,,0,0,,,Inv: 0.0/5.0 CapLeft: 15.0,,,0.0,5.0,5.0,15.0
1765931808.1419277,btc-updown-15m-1765931400,1765931400.0,1765932300.0,,491.8580722808838,,,,,0,0,0.99,0.98,ONE_LEG_INVENTORY,,,,,,,,,,,,,,0,5,,,,,,,,,,,,,,,,,,,,,,,,,,,,0.0,5.0,,,,,0,0,,,Inv: 0.0/5.0 CapLeft: 15.0,,,0.0,5.0,5.0,15.0
1765931810.0550082,btc-updown-15m-1765931400,1765931400.0,1765932300.0,,489.9449918270111,,,,,0,0,0.99,0.98,ONE_LEG_INVENTORY,,,,,,,,,,,,,,0,5,,,,,,,,,,,,,,,,,,,,,,,,,,,,0.0,5.0,,,,,0,0,,,Inv: 0.0/5.0 CapLeft: 15.0,,,0.0,5.0,5.0,15.0
1765931811.9629066,btc-updown-15m-1765931400,1765931400.0,1765932300.0,,488.0370934009552,,,,,0,0,0.97,0.98,ONE_LEG_INVENTORY,,,,,,,,,,,,,,0,5,,,,,,,,,,,,,,,,,,,,,,,,,,,,0.0,5.0,,,,,0,0,,,Inv: 0.0/5.0 CapLeft: 15.0,,,0.0,5.0,5.0,15.0
1765931813.8585439,btc-updown-15m-1765931400,1765931400.0,1765932300.0,,486.14145612716675,,,,,0,0,0.99,0.98,ONE_LEG_INVENTORY,,,,,,,,,,,,,,0,5,,,,,,,,,,,,,,,,,,,,,,,,,,,,0.0,5.0,,,,,0,0,,,Inv: 0.0/5.0 CapLeft: 15.0,,,0.0,5.0,5.0,15.0
1765931815.7572837,btc-updown-15m-1765931400,1765931400.0,1765932300.0,,484.24271631240845,,,,,0,0,0.99,0.98,ONE_LEG_INVENTORY,,,,,,,,,,,,,,0,5,,,,,,,,,,,,,,,,,,,,,,,,,,,,0.0,5.0,,,,,0,0,,,Inv: 0.0/5.0 CapLeft: 15.0,,,0.0,5.0,5.0,15.0
1765931817.6623871,btc-updown-15m-1765931400,1765931400.0,1765932300.0,,482.33761286735535,,,,,0,0,0.99,0.98,ONE_LEG_INVENTORY,,,,,,,,,,,,,,0,5,,,,,,,,,,,,,,,,,,,,,,,,,,,,0.0,5.0,,,,,0,0,,,Inv: 0.0/5.0 CapLeft: 15.0,,,0.0,5.0,5.0,15.0
1765931819.5860026,btc-updown-15m-1765931400,1765931400.0,1765932300.0,,480.4139974117279,,,,,0,0,0.99,0.98,ONE_LEG_INVENTORY,,,,,,,,,,,,,,0,5,,,,,,,,,,,,,,,,,,,,,,,,,,,,0.0,5.0,,,,,0,0,,,Inv: 0.0/5.0 CapLeft: 15.0,,,0.0,5.0,5.0,15.0
1765931821.5348992,btc-updown-15m-1765931400,1765931400.0,1765932300.0,,478.46510076522827,,,,,0,0,0.97,0.98,ONE_LEG_INVENTORY,,,,,,,,,,,,,,0,5,,,,,,,,,,,,,,,,,,,,,,,,,,,,0.0,5.0,,,,,0,0,,,Inv: 0.0/5.0 CapLeft: 15.0,,,0.0,5.0,5.0,15.0
1765931823.4610884,btc-updown-15m-1765931400,1765931400.0,1765932300.0,,476.53891158103943,,,,,0,0,0.98,0.98,ONE_LEG_INVENTORY,,,,,,,,,,,,,,0,5,,,,,,,,,,,,,,,,,,,,,,,,,,,,0.0,5.0,,,,,0,0,,,Inv: 0.0/5.0 CapLeft: 15.0,,,0.0,5.0,5.0,15.0
1765931825.414357,btc-updown-15m-1765931400,1765931400.0,1765932300.0,,474.5856430530548,,,,,0,0,0.99,0.98,ONE_LEG_INVENTORY,,,,,,,,,,,,,,0,5,,,,,,,,,,,,,,,,,,,,,,,,,,,,0.0,5.0,,,,,0,0,,,Inv: 0.0/5.0 CapLeft: 15.0,,,0.0,5.0,5.0,15.0
1765931827.3069584,btc-updown-15m-1765931400,1765931400.0,1765932300.0,,472.69304156303406,,,,,0,0,0.99,0.98,ONE_LEG_INVENTORY,,,,,,,,,,,,,,0,5,,,,,,,,,,,,,,,,,,,,,,,,,,,,0.0,5.0,,,,,0,0,,,Inv: 0.0/5.0 CapLeft: 15.0,,,0.0,5.0,5.0,15.0
1765931829.2597165,btc-updown-15m-1765931400,1765931400.0,1765932300.0,,470.7402834892273,,,,,0,0,0.99,0.98,ONE_LEG_INVENTORY,,,,,,,,,,,,,,0,5,,,,,,,,,,,,,,,,,,,,,,,,,,,,0.0,5.0,,,,,0,0,,,Inv: 0.0/5.0 CapLeft: 15.0,,,0.0,5.0,5.0,15.0
1765931831.1625774,btc-updown-15m-1765931400,1765931400.0,1765932300.0,,468.8374226093292,,,,,0,0,0.99,0.98,ONE_LEG_INVENTORY,,,,,,,,,,,,,,0,5,,,,,,,,,,,,,,,,,,,,,,,,,,,,0.0,5.0,,,,,0,0,,,Inv: 0.0/5.0 CapLeft: 15.0,,,0.0,5.0,5.0,15.0
1765931833.062823,btc-updown-15m-1765931400,1765931400.0,1765932300.0,,466.9371769428253,,,,,0,0,0.99,0.98,ONE_LEG_INVENTORY,,,,,,,,,,,,,,0,5,,,,,,,,,,,,,,,,,,,,,,,,,,,,0.0,5.0,,,,,0,0,,,Inv: 0.0/5.0 CapLeft: 15.0,,,0.0,5.0,5.0,15.0
1765931834.9965332,btc-updown-15m-1765931400,1765931400.0,1765932300.0,,465.0034668445587,,,,,0,0,0.98,0.98,ONE_LEG_INVENTORY,,,,,,,,,,,,,,0,5,,,,,,,,,,,,,,,,,,,,,,,,,,,,0.0,5.0,,,,,0,0,,,Inv: 0.0/5.0 CapLeft: 15.0,,,0.0,5.0,5.0,15.0
1765931840.8072138,btc-updown-15m-1765931400,1765931400.0,1765932300.0,,459.19278621673584,,,,,0,0,0.99,0.98,IDLE,,,,,,,,,,,,,,0,0.0,,,,,,,,,,,,,,,,,,,,Spread high 0.99 > 0.98,,,,,,,,0.0,0.0,,,,,0,0,,,Inv: 0.0/0.0 CapLeft: 20.0,,,0.0,0.0,0.0,20.0
1765931843.0212405,btc-updown-15m-1765931400,1765931400.0,1765932300.0,,456.9787595272064,,,,,0,0,0.99,0.98,IDLE,,,,,,,,,,,,,,0,0.0,,,,,,,,,,,,,,,,,,,,Spread high 0.99 > 0.98,,,,,,,,0.0,0.0,,,,,0,0,,,Inv: 0.0/0.0 CapLeft: 20.0,,,0.0,0.0,0.0,20.0
1765931844.8915212,btc-updown-15m-1765931400,1765931400.0,1765932300.0,,455.10847878456116,,,,,0,0,0.99,0.98,IDLE,,,,,,,,,,,,,,0,0.0,,,,,,,,,,,,,,,,,,,,Spread high 0.99 > 0.98,,,,,,,,0.0,0.0,,,,,0,0,,,Inv: 0.0/0.0 CapLeft: 20.0,,,0.0,0.0,0.0,20.0
1765931846.7978477,btc-updown-15m-1765931400,1765931400.0,1765932300.0,,453.20215225219727,,,,,0,0,0.99,0.98,IDLE,,,,,,,,,,,,,,0,0.0,,,,,,,,,,,,,,,,,,,,Spread high 0.99 > 0.98,,,,,,,,0.0,0.0,,,,,0,0,,,Inv: 0.0/0.0 CapLeft: 20.0,,,0.0,0.0,0.0,20.0
1765931848.6784604,btc-updown-15m-1765931400,1765931400.0,1765932300.0,,451.32153964042664,,,,,0.51,0.47,0.98,0.98,ORDERS_OPEN,,,,,,,,,,,,,,5,5,,,,,,,,,,,,,,,,,,,,Leg:BOTH UP:5 DOWN:5,,,,,,,,0.0,0.0,,,,,0,0,,,Inv: 0.0/0.0 CapLeft: 20.0,,,0.0,0.0,0.0,20.0
1765931852.823012,btc-updown-15m-1765931400,1765931400.0,1765932300.0,,447.17698788642883,,,,,0,0,0.99,0.98,ORDERS_OPEN,,,,,,,,,,,,,,0,5,,,,,,,,,,,,,,,,,,,,,,,,,,,,0.0,0.0,,,,,0,0,,,Inv: 0.0/0.0 CapLeft: 20.0,,,0.0,0.0,0.0,20.0
1765931855.196063,btc-updown-15m-1765931400,1765931400.0,1765932300.0,,444.803936958313,,,,,0,0,0.99,0.98,ORDERS_OPEN,,,,,,,,,,,,,,0,5,,,,,,,,,,,,,,,,,,,,,,,,,,,,5.0,0.0,,,,,0,0,,,Inv: 5.0/0.0 CapLeft: 15.0,,,5.0,0.0,5.0,15.0
1765931857.4658248,btc-updown-15m-1765931400,1765931400.0,1765932300.0,,442.534175157547,,,,,0,0,0.98,0.98,ORDERS_OPEN,,,,,,,,,,,,,,0,5,,,,,,,,,,,,,,,,,,,,,,,,,,,,5.0,0.0,,,,,0,0,,,Inv: 5.0/0.0 CapLeft: 15.0,,,5.0,0.0,5.0,15.0
1765931859.544075,btc-updown-15m-1765931400,1765931400.0,1765932300.0,,440.45592498779297,,,,,0,0,0.99,0.98,ORDERS_OPEN,,,,,,,,,,,,,,0,5,,,,,,,,,,,,,,,,,,,,,,,,,,,,5.0,0.0,,,,,0,0,,,Inv: 5.0/0.0 CapLeft: 15.0,,,5.0,0.0,5.0,15.0
1765931861.651856,btc-updown-15m-1765931400,1765931400.0,1765932300.0,,438.34814405441284,,,,,0,0,0.99,0.98,ORDERS_OPEN,,,,,,,,,,,,,,0,5,,,,,,,,,,,,,,,,,,,,,,,,,,,,5.0,0.0,,,,,0,0,,,Inv: 5.0/0.0 CapLeft: 15.0,,,5.0,0.0,5.0,15.0
1765931863.7334452,btc-updown-15m-1765931400,1765931400.0,1765932300.0,,436.2665548324585,,,,,0,0,0.97,0.98,ORDERS_OPEN,,,,,,,,,,,,,,0,5,,,,,,,,,,,,,,,,,,,,,,,,,,,,5.0,0.0,,,,,0,0,,,Inv: 5.0/0.0 CapLeft: 15.0,,,5.0,0.0,5.0,15.0
1765931865.822019,btc-updown-15m-1765931400,1765931400.0,1765932300.0,,434.1779808998108,,,,,0,0,0.98,0.98,ONE_LEG_INVENTORY,,,,,,,,,,,,,,0,5,,,,,,,,,,,,,,,,,,,,,,,,,,,,5.0,0.0,,,,,0,0,,,Inv: 5.0/0.0 CapLeft: 15.0,,,5.0,0.0,5.0,15.0
1765931867.8886876,btc-updown-15m-1765931400,1765931400.0,1765932300.0,,432.1113123893738,,,,,0.38,0.6,0.98,0.98,ORDERS_OPEN,,,,,,,,,,,,,,10.0,10.0,,,,,,,,,,,,,,,,,,,,RECONSTRUCT: OVERWEIGHT_MISSING_DOWN (5.0/10.0),,,,,,,,5.0,0.0,,,,,0,0,,,Inv: 5.0/0.0 CapLeft: 15.0,,,5.0,0.0,5.0,15.0
1765931870.5352712,btc-updown-15m-1765931400,1765931400.0,1765932300.0,,429.4647288322449,,,,,0,0,0.98,0.98,ORDERS_OPEN,,,,,,,,,,,,,,0,10.0,,,,,,,,,,,,,,,,,,,,,,,,,,,,10.0,0.0,,,,,0,0,,,Inv: 10.0/0.0 CapLeft: 10.0,,,10.0,0.0,10.0,10.0
1765931872.8074174,btc-updown-15m-1765931400,1765931400.0,1765932300.0,,427.1925826072693,,,,,0,0,0.98,0.98,ORDERS_OPEN,,,,,,,,,,,,,,0,10.0,,,,,,,,,,,,,,,,,,,,,,,,,,,,10.0,0.0,,,,,0,0,,,Inv: 10.0/0.0 CapLeft: 10.0,,,10.0,0.0,10.0,10.0
1765931874.900435,btc-updown-15m-1765931400,1765931400.0,1765932300.0,,425.0995650291443,,,,,0,0,0.98,0.98,ORDERS_OPEN,,,,,,,,,,,,,,0,10.0,,,,,,,,,,,,,,,,,,,,,,,,,,,,10.0,0.0,,,,,0,0,,,Inv: 10.0/0.0 CapLeft: 10.0,,,10.0,0.0,10.0,10.0
1765931876.9795523,btc-updown-15m-1765931400,1765931400.0,1765932300.0,,423.02044773101807,,,,,0,0,0.97,0.98,ORDERS_OPEN,,,,,,,,,,,,,,0,10.0,,,,,,,,,,,,,,,,,,,,,,,,,,,,10.0,0.0,,,,,0,0,,,Inv: 10.0/0.0 CapLeft: 10.0,,,10.0,0.0,10.0,10.0
1765931879.056219,btc-updown-15m-1765931400,1765931400.0,1765932300.0,,420.94378089904785,,,,,0,0,1.0,0.98,ORDERS_OPEN,,,,,,,,,,,,,,0,10.0,,,,,,,,,,,,,,,,,,,,,,,,,,,,10.0,0.0,,,,,0,0,,,Inv: 10.0/0.0 CapLeft: 10.0,,,10.0,0.0,10.0,10.0
1765931881.1174407,btc-updown-15m-1765931400,1765931400.0,1765932300.0,,418.882559299469,,,,,0,0,0.99,0.98,ORDERS_OPEN,,,,,,,,,,,,,,0,10.0,,,,,,,,,,,,,,,,,,,,,,,,,,,,10.0,0.0,,,,,0,0,,,Inv: 10.0/0.0 CapLeft: 10.0,,,10.0,0.0,10.0,10.0
1765931883.244863,btc-updown-15m-1765931400,1765931400.0,1765932300.0,,416.7551369667053,,,,,0,0,0.99,0.98,ORDERS_OPEN,,,,,,,,,,,,,,0,10.0,,,,,,,,,,,,,,,,,,,,,,,,,,,,10.0,0.0,,,,,0,0,,,Inv: 10.0/0.0 CapLeft: 10.0,,,10.0,0.0,10.0,10.0
1765931885.5044682,btc-updown-15m-1765931400,1765931400.0,1765932300.0,,414.49553179740906,,,,,0,0,1.0,0.98,ONE_LEG_INVENTORY,,,,,,,,,,,,,,0,10.0,,,,,,,,,,,,,,,,,,,,,,,,,,,,10.0,0.0,,,,,0,0,,,Inv: 10.0/0.0 CapLeft: 10.0,,,10.0,0.0,10.0,10.0
1765931887.5789852,btc-updown-15m-1765931400,1765931400.0,1765932300.0,,412.4210147857666,,,,,0.36,0.63,0.99,0.98,ORDERS_OPEN,,,,,,,,,,,,,,5.0,5.0,,,,,,,,,,,,,,,,,,,,RECONSTRUCT: FILL_MISSING_ONLY_DOWN (0.0/5.0),,,,,,,,10.0,0.0,,,,,0,0,,,Inv: 10.0/0.0 CapLeft: 10.0,,,10.0,0.0,10.0,10.0
1765931889.8562212,btc-updown-15m-1765931400,1765931400.0,1765932300.0,,410.14377880096436,,,,,0,0,0.98,0.98,ONE_LEG_INVENTORY,,,,,,,,,,,,,,0,5.0,,,,,,,,,,,,,,,,,,,,,,,,,,,,10.0,5.0,,,,,0,0,,,Inv: 10.0/5.0 CapLeft: 5.0,,,10.0,5.0,15.0,5.0
1765931891.9344485,btc-updown-15m-1765931400,1765931400.0,1765932300.0,,408.0655515193939,,,,,0.36,0.63,0.99,0.98,ONE_LEG_INVENTORY,,,,,,,,,,,,,,5.0,5.0,,,,,,,,,,,,,,,,,,,,RECONSTRUCT: FILL_MISSING_ONLY_DOWN (0.0/5.0),,,,,,,,10.0,6.5600000000000005,,,,,0,0,,,Inv: 10.0/6.6 CapLeft: 3.4,,,10.0,6.5600000000000005,16.560000000000002,3.4399999999999977
1765931894.7683332,btc-updown-15m-1765931400,1765931400.0,1765932300.0,,405.23166680336,,,,,0,0,0.98,0.98,ONE_LEG_INVENTORY,,,,,,,,,,,,,,0,5.0,,,,,,,,,,,,,,,,,,,,RECONSTRUCT_BLOCKED: BLOCKED_BY_CAP_MIN,,,,,,,,10.0,6.5600000000000005,,,,,0,0,,,Inv: 10.0/6.6 CapLeft: 3.4,,,10.0,6.5600000000000005,16.560000000000002,3.4399999999999977
1765931894.7683332,btc-updown-15m-1765931400,1765931400.0,1765932300.0,,405.23166680336,,,,,0,0,0.98,0.98,ONE_LEG_INVENTORY,,,,,,,,,,,,,,0,5.0,,,,,,,,,,,,,,,,,,,,RECONSTRUCT_BLOCKED: BLOCKED_BY_CAP_MIN,,,,,,,,10.0,6.5600000000000005,,,,,0,0,,,Inv: 10.0/6.6 CapLeft: 3.4,,,10.0,6.5600000000000005,16.560000000000002,3.4399999999999977
1765931896.690035,btc-updown-15m-1765931400,1765931400.0,1765932300.0,,403.3099648952484,,,,,0,0,0.99,0.98,ONE_LEG_INVENTORY,,,,,,,,,,,,,,0,5.0,,,,,,,,,,,,,,,,,,,,RECONSTRUCT_BLOCKED: BLOCKED_BY_CAP_MIN,,,,,,,,10.0,6.5600000000000005,,,,,0,0,,,Inv: 10.0/6.6 CapLeft: 3.4,,,10.0,6.5600000000000005,16.560000000000002,3.4399999999999977
1765931896.690035,btc-updown-15m-1765931400,1765931400.0,1765932300.0,,403.3099648952484,,,,,0,0,0.99,0.98,ONE_LEG_INVENTORY,,,,,,,,,,,,,,0,5.0,,,,,,,,,,,,,,,,,,,,RECONSTRUCT_BLOCKED: BLOCKED_BY_CAP_MIN,,,,,,,,10.0,6.5600000000000005,,,,,0,0,,,Inv: 10.0/6.6 CapLeft: 3.4,,,10.0,6.5600000000000005,16.560000000000002,3.4399999999999977
1765931898.5963218,btc-updown-15m-1765931400,1765931400.0,1765932300.0,,401.40367817878723,,,,,0,0,0.99,0.98,ONE_LEG_INVENTORY,,,,,,,,,,,,,,0,5.0,,,,,,,,,,,,,,,,,,,,RECONSTRUCT_BLOCKED: BLOCKED_BY_CAP_MIN,,,,,,,,10.0,6.5600000000000005,,,,,0,0,,,Inv: 10.0/6.6 CapLeft: 3.4,,,10.0,6.5600000000000005,16.560000000000002,3.4399999999999977
1765931898.5963218,btc-updown-15m-1765931400,1765931400.0,1765932300.0,,401.40367817878723,,,,,0,0,0.99,0.98,ONE_LEG_INVENTORY,,,,,,,,,,,,,,0,5.0,,,,,,,,,,,,,,,,,,,,RECONSTRUCT_BLOCKED: BLOCKED_BY_CAP_MIN,,,,,,,,10.0,6.5600000000000005,,,,,0,0,,,Inv: 10.0/6.6 CapLeft: 3.4,,,10.0,6.5600000000000005,16.560000000000002,3.4399999999999977
1765931900.476043,btc-updown-15m-1765931400,1765931400.0,1765932300.0,,399.52395701408386,,,,,0,0,0.99,0.98,ONE_LEG_INVENTORY,,,,,,,,,,,,,,0,5.0,,,,,,,,,,,,,,,,,,,,RECONSTRUCT_BLOCKED: BLOCKED_BY_CAP_MIN,,,,,,,,10.0,6.5600000000000005,,,,,0,0,,,Inv: 10.0/6.6 CapLeft: 3.4,,,10.0,6.5600000000000005,16.560000000000002,3.4399999999999977
1765931900.476043,btc-updown-15m-1765931400,1765931400.0,1765932300.0,,399.52395701408386,,,,,0,0,0.99,0.98,ONE_LEG_INVENTORY,,,,,,,,,,,,,,0,5.0,,,,,,,,,,,,,,,,,,,,RECONSTRUCT_BLOCKED: BLOCKED_BY_CAP_MIN,,,,,,,,10.0,6.5600000000000005,,,,,0,0,,,Inv: 10.0/6.6 CapLeft: 3.4,,,10.0,6.5600000000000005,16.560000000000002,3.4399999999999977
1765931902.3557382,btc-updown-15m-1765931400,1765931400.0,1765932300.0,,397.6442618370056,,,,,0,0,0.99,0.98,ONE_LEG_INVENTORY,,,,,,,,,,,,,,0,5.0,,,,,,,,,,,,,,,,,,,,RECONSTRUCT_BLOCKED: BLOCKED_BY_CAP_MIN,,,,,,,,10.0,6.5600000000000005,,,,,0,0,,,Inv: 10.0/6.6 CapLeft: 3.4,,,10.0,6.5600000000000005,16.560000000000002,3.4399999999999977
1765931902.3557382,btc-updown-15m-1765931400,1765931400.0,1765932300.0,,397.6442618370056,,,,,0,0,0.99,0.98,ONE_LEG_INVENTORY,,,,,,,,,,,,,,0,5.0,,,,,,,,,,,,,,,,,,,,RECONSTRUCT_BLOCKED: BLOCKED_BY_CAP_MIN,,,,,,,,10.0,6.5600000000000005,,,,,0,0,,,Inv: 10.0/6.6 CapLeft: 3.4,,,10.0,6.5600000000000005,16.560000000000002,3.4399999999999977
1765931904.2398715,btc-updown-15m-1765931400,1765931400.0,1765932300.0,,395.7601284980774,,,,,0,0,0.99,0.98,ONE_LEG_INVENTORY,,,,,,,,,,,,,,0,5.0,,,,,,,,,,,,,,,,,,,,RECONSTRUCT_BLOCKED: BLOCKED_BY_CAP_MIN,,,,,,,,10.0,6.5600000000000005,,,,,0,0,,,Inv: 10.0/6.6 CapLeft: 3.4,,,10.0,6.5600000000000005,16.560000000000002,3.4399999999999977
1765931904.2398715,btc-updown-15m-1765931400,1765931400.0,1765932300.0,,395.7601284980774,,,,,0,0,0.99,0.98,ONE_LEG_INVENTORY,,,,,,,,,,,,,,0,5.0,,,,,,,,,,,,,,,,,,,,RECONSTRUCT_BLOCKED: BLOCKED_BY_CAP_MIN,,,,,,,,10.0,6.5600000000000005,,,,,0,0,,,Inv: 10.0/6.6 CapLeft: 3.4,,,10.0,6.5600000000000005,16.560000000000002,3.4399999999999977
1765931906.1229393,btc-updown-15m-1765931400,1765931400.0,1765932300.0,,393.8770606517792,,,,,0,0,0.99,0.98,ONE_LEG_INVENTORY,,,,,,,,,,,,,,0,5.0,,,,,,,,,,,,,,,,,,,,RECONSTRUCT_BLOCKED: BLOCKED_BY_CAP_MIN,,,,,,,,10.0,6.5600000000000005,,,,,0,0,,,Inv: 10.0/6.6 CapLeft: 3.4,,,10.0,6.5600000000000005,16.560000000000002,3.4399999999999977
1765931906.1229393,btc-updown-15m-1765931400,1765931400.0,1765932300.0,,393.8770606517792,,,,,0,0,0.99,0.98,ONE_LEG_INVENTORY,,,,,,,,,,,,,,0,5.0,,,,,,,,,,,,,,,,,,,,RECONSTRUCT_BLOCKED: BLOCKED_BY_CAP_MIN,,,,,,,,10.0,6.5600000000000005,,,,,0,0,,,Inv: 10.0/6.6 CapLeft: 3.4,,,10.0,6.5600000000000005,16.560000000000002,3.4399999999999977
1765931908.0083165,btc-updown-15m-1765931400,1765931400.0,1765932300.0,,391.9916834831238,,,,,0,0,0.99,0.98,ONE_LEG_INVENTORY,,,,,,,,,,,,,,0,5.0,,,,,,,,,,,,,,,,,,,,RECONSTRUCT_BLOCKED: BLOCKED_BY_CAP_MIN,,,,,,,,10.0,6.5600000000000005,,,,,0,0,,,Inv: 10.0/6.6 CapLeft: 3.4,,,10.0,6.5600000000000005,16.560000000000002,3.4399999999999977
1765931908.0083165,btc-updown-15m-1765931400,1765931400.0,1765932300.0,,391.9916834831238,,,,,0,0,0.99,0.98,ONE_LEG_INVENTORY,,,,,,,,,,,,,,0,5.0,,,,,,,,,,,,,,,,,,,,RECONSTRUCT_BLOCKED: BLOCKED_BY_CAP_MIN,,,,,,,,10.0,6.5600000000000005,,,,,0,0,,,Inv: 10.0/6.6 CapLeft: 3.4,,,10.0,6.5600000000000005,16.560000000000002,3.4399999999999977
1765931909.8851578,btc-updown-15m-1765931400,1765931400.0,1765932300.0,,390.1148421764374,,,,,0,0,0.99,0.98,ONE_LEG_INVENTORY,,,,,,,,,,,,,,0,5.0,,,,,,,,,,,,,,,,,,,,RECONSTRUCT_BLOCKED: BLOCKED_BY_CAP_MIN,,,,,,,,10.0,6.5600000000000005,,,,,0,0,,,Inv: 10.0/6.6 CapLeft: 3.4,,,10.0,6.5600000000000005,16.560000000000002,3.4399999999999977
1765931909.8851578,btc-updown-15m-1765931400,1765931400.0,1765932300.0,,390.1148421764374,,,,,0,0,0.99,0.98,ONE_LEG_INVENTORY,,,,,,,,,,,,,,0,5.0,,,,,,,,,,,,,,,,,,,,RECONSTRUCT_BLOCKED: BLOCKED_BY_CAP_MIN,,,,,,,,10.0,6.5600000000000005,,,,,0,0,,,Inv: 10.0/6.6 CapLeft: 3.4,,,10.0,6.5600000000000005,16.560000000000002,3.4399999999999977
1765931911.764447,btc-updown-15m-1765931400,1765931400.0,1765932300.0,,388.23555302619934,,,,,0,0,0.98,0.98,ONE_LEG_INVENTORY,,,,,,,,,,,,,,0,5.0,,,,,,,,,,,,,,,,,,,,RECONSTRUCT_BLOCKED: BLOCKED_BY_CAP_MIN,,,,,,,,10.0,6.5600000000000005,,,,,0,0,,,Inv: 10.0/6.6 CapLeft: 3.4,,,10.0,6.5600000000000005,16.560000000000002,3.4399999999999977
1765931911.764447,btc-updown-15m-1765931400,1765931400.0,1765932300.0,,388.23555302619934,,,,,0,0,0.98,0.98,ONE_LEG_INVENTORY,,,,,,,,,,,,,,0,5.0,,,,,,,,,,,,,,,,,,,,RECONSTRUCT_BLOCKED: BLOCKED_BY_CAP_MIN,,,,,,,,10.0,6.5600000000000005,,,,,0,0,,,Inv: 10.0/6.6 CapLeft: 3.4,,,10.0,6.5600000000000005,16.560000000000002,3.4399999999999977
1765931913.6454003,btc-updown-15m-1765931400,1765931400.0,1765932300.0,,386.3545997142792,,,,,0,0,0.98,0.98,ONE_LEG_INVENTORY,,,,,,,,,,,,,,0,5.0,,,,,,,,,,,,,,,,,,,,RECONSTRUCT_BLOCKED: BLOCKED_BY_CAP_MIN,,,,,,,,10.0,6.5600000000000005,,,,,0,0,,,Inv: 10.0/6.6 CapLeft: 3.4,,,10.0,6.5600000000000005,16.560000000000002,3.4399999999999977
1765931913.6454003,btc-updown-15m-1765931400,1765931400.0,1765932300.0,,386.3545997142792,,,,,0,0,0.98,0.98,ONE_LEG_INVENTORY,,,,,,,,,,,,,,0,5.0,,,,,,,,,,,,,,,,,,,,RECONSTRUCT_BLOCKED: BLOCKED_BY_CAP_MIN,,,,,,,,10.0,6.5600000000000005,,,,,0,0,,,Inv: 10.0/6.6 CapLeft: 3.4,,,10.0,6.5600000000000005,16.560000000000002,3.4399999999999977
1765931915.516035,btc-updown-15m-1765931400,1765931400.0,1765932300.0,,384.48396492004395,,,,,0,0,0.98,0.98,ONE_LEG_INVENTORY,,,,,,,,,,,,,,0,5.0,,,,,,,,,,,,,,,,,,,,RECONSTRUCT_BLOCKED: BLOCKED_BY_CAP_MIN,,,,,,,,10.0,6.5600000000000005,,,,,0,0,,,Inv: 10.0/6.6 CapLeft: 3.4,,,10.0,6.5600000000000005,16.560000000000002,3.4399999999999977
1765931915.516035,btc-updown-15m-1765931400,1765931400.0,1765932300.0,,384.48396492004395,,,,,0,0,0.98,0.98,ONE_LEG_INVENTORY,,,,,,,,,,,,,,0,5.0,,,,,,,,,,,,,,,,,,,,RECONSTRUCT_BLOCKED: BLOCKED_BY_CAP_MIN,,,,,,,,10.0,6.5600000000000005,,,,,0,0,,,Inv: 10.0/6.6 CapLeft: 3.4,,,10.0,6.5600000000000005,16.560000000000002,3.4399999999999977
1765931917.394311,btc-updown-15m-1765931400,1765931400.0,1765932300.0,,382.6056890487671,,,,,0,0,0.99,0.98,ONE_LEG_INVENTORY,,,,,,,,,,,,,,0,5.0,,,,,,,,,,,,,,,,,,,,RECONSTRUCT_BLOCKED: BLOCKED_BY_CAP_MIN,,,,,,,,10.0,6.5600000000000005,,,,,0,0,,,Inv: 10.0/6.6 CapLeft: 3.4,,,10.0,6.5600000000000005,16.560000000000002,3.4399999999999977
1765931917.394311,btc-updown-15m-1765931400,1765931400.0,1765932300.0,,382.6056890487671,,,,,0,0,0.99,0.98,ONE_LEG_INVENTORY,,,,,,,,,,,,,,0,5.0,,,,,,,,,,,,,,,,,,,,RECONSTRUCT_BLOCKED: BLOCKED_BY_CAP_MIN,,,,,,,,10.0,6.5600000000000005,,,,,0,0,,,Inv: 10.0/6.6 CapLeft: 3.4,,,10.0,6.5600000000000005,16.560000000000002,3.4399999999999977
1765931919.2827358,btc-updown-15m-1765931400,1765931400.0,1765932300.0,,380.71726417541504,,,,,0,0,0.99,0.98,ONE_LEG_INVENTORY,,,,,,,,,,,,,,0,5.0,,,,,,,,,,,,,,,,,,,,RECONSTRUCT_BLOCKED: BLOCKED_BY_CAP_MIN,,,,,,,,10.0,6.5600000000000005,,,,,0,0,,,Inv: 10.0/6.6 CapLeft: 3.4,,,10.0,6.5600000000000005,16.560000000000002,3.4399999999999977
1765931919.2827358,btc-updown-15m-1765931400,1765931400.0,1765932300.0,,380.71726417541504,,,,,0,0,0.99,0.98,ONE_LEG_INVENTORY,,,,,,,,,,,,,,0,5.0,,,,,,,,,,,,,,,,,,,,RECONSTRUCT_BLOCKED: BLOCKED_BY_CAP_MIN,,,,,,,,10.0,6.5600000000000005,,,,,0,0,,,Inv: 10.0/6.6 CapLeft: 3.4,,,10.0,6.5600000000000005,16.560000000000002,3.4399999999999977
1765931921.17448,btc-updown-15m-1765931400,1765931400.0,1765932300.0,,378.82552003860474,,,,,0,0,0.99,0.98,ONE_LEG_INVENTORY,,,,,,,,,,,,,,0,5.0,,,,,,,,,,,,,,,,,,,,RECONSTRUCT_BLOCKED: BLOCKED_BY_CAP_MIN,,,,,,,,10.0,6.5600000000000005,,,,,0,0,,,Inv: 10.0/6.6 CapLeft: 3.4,,,10.0,6.5600000000000005,16.560000000000002,3.4399999999999977
1765931921.17448,btc-updown-15m-1765931400,1765931400.0,1765932300.0,,378.82552003860474,,,,,0,0,0.99,0.98,ONE_LEG_INVENTORY,,,,,,,,,,,,,,0,5.0,,,,,,,,,,,,,,,,,,,,RECONSTRUCT_BLOCKED: BLOCKED_BY_CAP_MIN,,,,,,,,10.0,6.5600000000000005,,,,,0,0,,,Inv: 10.0/6.6 CapLeft: 3.4,,,10.0,6.5600000000000005,16.560000000000002,3.4399999999999977
1765931923.0583336,btc-updown-15m-1765931400,1765931400.0,1765932300.0,,376.9416663646698,,,,,0,0,0.99,0.98,ONE_LEG_INVENTORY,,,,,,,,,,,,,,0,5.0,,,,,,,,,,,,,,,,,,,,RECONSTRUCT_BLOCKED: BLOCKED_BY_CAP_MIN,,,,,,,,10.0,6.5600000000000005,,,,,0,0,,,Inv: 10.0/6.6 CapLeft: 3.4,,,10.0,6.5600000000000005,16.560000000000002,3.4399999999999977
1765931923.0583336,btc-updown-15m-1765931400,1765931400.0,1765932300.0,,376.9416663646698,,,,,0,0,0.99,0.98,ONE_LEG_INVENTORY,,,,,,,,,,,,,,0,5.0,,,,,,,,,,,,,,,,,,,,RECONSTRUCT_BLOCKED: BLOCKED_BY_CAP_MIN,,,,,,,,10.0,6.5600000000000005,,,,,0,0,,,Inv: 10.0/6.6 CapLeft: 3.4,,,10.0,6.5600000000000005,16.560000000000002,3.4399999999999977
1765931924.9352727,btc-updown-15m-1765931400,1765931400.0,1765932300.0,,375.06472730636597,,,,,0,0,0.99,0.98,ONE_LEG_INVENTORY,,,,,,,,,,,,,,0,5.0,,,,,,,,,,,,,,,,,,,,RECONSTRUCT_BLOCKED: BLOCKED_BY_CAP_MIN,,,,,,,,10.0,6.5600000000000005,,,,,0,0,,,Inv: 10.0/6.6 CapLeft: 3.4,,,10.0,6.5600000000000005,16.560000000000002,3.4399999999999977
1765931924.9352727,btc-updown-15m-1765931400,1765931400.0,1765932300.0,,375.06472730636597,,,,,0,0,0.99,0.98,ONE_LEG_INVENTORY,,,,,,,,,,,,,,0,5.0,,,,,,,,,,,,,,,,,,,,RECONSTRUCT_BLOCKED: BLOCKED_BY_CAP_MIN,,,,,,,,10.0,6.5600000000000005,,,,,0,0,,,Inv: 10.0/6.6 CapLeft: 3.4,,,10.0,6.5600000000000005,16.560000000000002,3.4399999999999977
1765931926.8194911,btc-updown-15m-1765931400,1765931400.0,1765932300.0,,373.180508852005,,,,,0,0,0.99,0.98,ONE_LEG_INVENTORY,,,,,,,,,,,,,,0,5.0,,,,,,,,,,,,,,,,,,,,RECONSTRUCT_BLOCKED: BLOCKED_BY_CAP_MIN,,,,,,,,10.0,6.5600000000000005,,,,,0,0,,,Inv: 10.0/6.6 CapLeft: 3.4,,,10.0,6.5600000000000005,16.560000000000002,3.4399999999999977
1765931926.8194911,btc-updown-15m-1765931400,1765931400.0,1765932300.0,,373.180508852005,,,,,0,0,0.99,0.98,ONE_LEG_INVENTORY,,,,,,,,,,,,,,0,5.0,,,,,,,,,,,,,,,,,,,,RECONSTRUCT_BLOCKED: BLOCKED_BY_CAP_MIN,,,,,,,,10.0,6.5600000000000005,,,,,0,0,,,Inv: 10.0/6.6 CapLeft: 3.4,,,10.0,6.5600000000000005,16.560000000000002,3.4399999999999977
1765931928.703596,btc-updown-15m-1765931400,1765931400.0,1765932300.0,,371.2964038848877,,,,,0,0,0.97,0.98,ONE_LEG_INVENTORY,,,,,,,,,,,,,,0,5.0,,,,,,,,,,,,,,,,,,,,RECONSTRUCT_BLOCKED: BLOCKED_BY_CAP_MIN,,,,,,,,10.0,6.5600000000000005,,,,,0,0,,,Inv: 10.0/6.6 CapLeft: 3.4,,,10.0,6.5600000000000005,16.560000000000002,3.4399999999999977
1765931928.703596,btc-updown-15m-1765931400,1765931400.0,1765932300.0,,371.2964038848877,,,,,0,0,0.97,0.98,ONE_LEG_INVENTORY,,,,,,,,,,,,,,0,5.0,,,,,,,,,,,,,,,,,,,,RECONSTRUCT_BLOCKED: BLOCKED_BY_CAP_MIN,,,,,,,,10.0,6.5600000000000005,,,,,0,0,,,Inv: 10.0/6.6 CapLeft: 3.4,,,10.0,6.5600000000000005,16.560000000000002,3.4399999999999977
1765931930.5896459,btc-updown-15m-1765931400,1765931400.0,1765932300.0,,369.41035413742065,,,,,0,0,0.99,0.98,ONE_LEG_INVENTORY,,,,,,,,,,,,,,0,5.0,,,,,,,,,,,,,,,,,,,,RECONSTRUCT_BLOCKED: BLOCKED_BY_CAP_MIN,,,,,,,,10.0,6.5600000000000005,,,,,0,0,,,Inv: 10.0/6.6 CapLeft: 3.4,,,10.0,6.5600000000000005,16.560000000000002,3.4399999999999977
1765931930.5896459,btc-updown-15m-1765931400,1765931400.0,1765932300.0,,369.41035413742065,,,,,0,0,0.99,0.98,ONE_LEG_INVENTORY,,,,,,,,,,,,,,0,5.0,,,,,,,,,,,,,,,,,,,,RECONSTRUCT_BLOCKED: BLOCKED_BY_CAP_MIN,,,,,,,,10.0,6.5600000000000005,,,,,0,0,,,Inv: 10.0/6.6 CapLeft: 3.4,,,10.0,6.5600000000000005,16.560000000000002,3.4399999999999977
1765931932.4897861,btc-updown-15m-1765931400,1765931400.0,1765932300.0,,367.5102138519287,,,,,0,0,0.98,0.98,ONE_LEG_INVENTORY,,,,,,,,,,,,,,0,5.0,,,,,,,,,,,,,,,,,,,,RECONSTRUCT_BLOCKED: BLOCKED_BY_CAP_MIN,,,,,,,,10.0,6.5600000000000005,,,,,0,0,,,Inv: 10.0/6.6 CapLeft: 3.4,,,10.0,6.5600000000000005,16.560000000000002,3.4399999999999977
1765931932.4897861,btc-updown-15m-1765931400,1765931400.0,1765932300.0,,367.5102138519287,,,,,0,0,0.98,0.98,ONE_LEG_INVENTORY,,,,,,,,,,,,,,0,5.0,,,,,,,,,,,,,,,,,,,,RECONSTRUCT_BLOCKED: BLOCKED_BY_CAP_MIN,,,,,,,,10.0,6.5600000000000005,,,,,0,0,,,Inv: 10.0/6.6 CapLeft: 3.4,,,10.0,6.5600000000000005,16.560000000000002,3.4399999999999977
1765931934.3835382,btc-updown-15m-1765931400,1765931400.0,1765932300.0,,365.6164617538452,,,,,0,0,0.99,0.98,ONE_LEG_INVENTORY,,,,,,,,,,,,,,0,5.0,,,,,,,,,,,,,,,,,,,,RECONSTRUCT_BLOCKED: BLOCKED_BY_CAP_MIN,,,,,,,,10.0,6.5600000000000005,,,,,0,0,,,Inv: 10.0/6.6 CapLeft: 3.4,,,10.0,6.5600000000000005,16.560000000000002,3.4399999999999977
1765931934.3835382,btc-updown-15m-1765931400,1765931400.0,1765932300.0,,365.6164617538452,,,,,0,0,0.99,0.98,ONE_LEG_INVENTORY,,,,,,,,,,,,,,0,5.0,,,,,,,,,,,,,,,,,,,,RECONSTRUCT_BLOCKED: BLOCKED_BY_CAP_MIN,,,,,,,,10.0,6.5600000000000005,,,,,0,0,,,Inv: 10.0/6.6 CapLeft: 3.4,,,10.0,6.5600000000000005,16.560000000000002,3.4399999999999977
1765931936.2800488,btc-updown-15m-1765931400,1765931400.0,1765932300.0,,363.7199511528015,,,,,0,0,0.99,0.98,ONE_LEG_INVENTORY,,,,,,,,,,,,,,0,5.0,,,,,,,,,,,,,,,,,,,,RECONSTRUCT_BLOCKED: BLOCKED_BY_CAP_MIN,,,,,,,,10.0,6.5600000000000005,,,,,0,0,,,Inv: 10.0/6.6 CapLeft: 3.4,,,10.0,6.5600000000000005,16.560000000000002,3.4399999999999977
1765931936.2800488,btc-updown-15m-1765931400,1765931400.0,1765932300.0,,363.7199511528015,,,,,0,0,0.99,0.98,ONE_LEG_INVENTORY,,,,,,,,,,,,,,0,5.0,,,,,,,,,,,,,,,,,,,,RECONSTRUCT_BLOCKED: BLOCKED_BY_CAP_MIN,,,,,,,,10.0,6.5600000000000005,,,,,0,0,,,Inv: 10.0/6.6 CapLeft: 3.4,,,10.0,6.5600000000000005,16.560000000000002,3.4399999999999977
1765931938.152721,btc-updown-15m-1765931400,1765931400.0,1765932300.0,,361.84727907180786,,,,,0,0,0.99,0.98,ONE_LEG_INVENTORY,,,,,,,,,,,,,,0,5.0,,,,,,,,,,,,,,,,,,,,RECONSTRUCT_BLOCKED: BLOCKED_BY_CAP_MIN,,,,,,,,10.0,6.5600000000000005,,,,,0,0,,,Inv: 10.0/6.6 CapLeft: 3.4,,,10.0,6.5600000000000005,16.560000000000002,3.4399999999999977
1765931938.152721,btc-updown-15m-1765931400,1765931400.0,1765932300.0,,361.84727907180786,,,,,0,0,0.99,0.98,ONE_LEG_INVENTORY,,,,,,,,,,,,,,0,5.0,,,,,,,,,,,,,,,,,,,,RECONSTRUCT_BLOCKED: BLOCKED_BY_CAP_MIN,,,,,,,,10.0,6.5600000000000005,,,,,0,0,,,Inv: 10.0/6.6 CapLeft: 3.4,,,10.0,6.5600000000000005,16.560000000000002,3.4399999999999977
1765931940.0387905,btc-updown-15m-1765931400,1765931400.0,1765932300.0,,359.96120953559875,,,,,0,0,0.99,0.98,ONE_LEG_INVENTORY,,,,,,,,,,,,,,0,5.0,,,,,,,,,,,,,,,,,,,,RECONSTRUCT_BLOCKED: BLOCKED_BY_CAP_MIN,,,,,,,,10.0,6.5600000000000005,,,,,0,0,,,Inv: 10.0/6.6 CapLeft: 3.4,,,10.0,6.5600000000000005,16.560000000000002,3.4399999999999977
1765931940.0387905,btc-updown-15m-1765931400,1765931400.0,1765932300.0,,359.96120953559875,,,,,0,0,0.99,0.98,ONE_LEG_INVENTORY,,,,,,,,,,,,,,0,5.0,,,,,,,,,,,,,,,,,,,,RECONSTRUCT_BLOCKED: BLOCKED_BY_CAP_MIN,,,,,,,,10.0,6.5600000000000005,,,,,0,0,,,Inv: 10.0/6.6 CapLeft: 3.4,,,10.0,6.5600000000000005,16.560000000000002,3.4399999999999977
1765931941.9323719,btc-updown-15m-1765931400,1765931400.0,1765932300.0,,358.0676281452179,,,,,0,0,0.99,0.98,ONE_LEG_INVENTORY,,,,,,,,,,,,,,0,5.0,,,,,,,,,,,,,,,,,,,,RECONSTRUCT_BLOCKED: BLOCKED_BY_CAP_MIN,,,,,,,,10.0,6.5600000000000005,,,,,0,0,,,Inv: 10.0/6.6 CapLeft: 3.4,,,10.0,6.5600000000000005,16.560000000000002,3.4399999999999977
1765931941.9323719,btc-updown-15m-1765931400,1765931400.0,1765932300.0,,358.0676281452179,,,,,0,0,0.99,0.98,ONE_LEG_INVENTORY,,,,,,,,,,,,,,0,5.0,,,,,,,,,,,,,,,,,,,,RECONSTRUCT_BLOCKED: BLOCKED_BY_CAP_MIN,,,,,,,,10.0,6.5600000000000005,,,,,0,0,,,Inv: 10.0/6.6 CapLeft: 3.4,,,10.0,6.5600000000000005,16.560000000000002,3.4399999999999977
1765931943.8095195,btc-updown-15m-1765931400,1765931400.0,1765932300.0,,356.19048047065735,,,,,0,0,0.97,0.98,ONE_LEG_INVENTORY,,,,,,,,,,,,,,0,5.0,,,,,,,,,,,,,,,,,,,,RECONSTRUCT_BLOCKED: BLOCKED_BY_CAP_MIN,,,,,,,,10.0,6.5600000000000005,,,,,0,0,,,Inv: 10.0/6.6 CapLeft: 3.4,,,10.0,6.5600000000000005,16.560000000000002,3.4399999999999977
1765931943.8095195,btc-updown-15m-1765931400,1765931400.0,1765932300.0,,356.19048047065735,,,,,0,0,0.97,0.98,ONE_LEG_INVENTORY,,,,,,,,,,,,,,0,5.0,,,,,,,,,,,,,,,,,,,,RECONSTRUCT_BLOCKED: BLOCKED_BY_CAP_MIN,,,,,,,,10.0,6.5600000000000005,,,,,0,0,,,Inv: 10.0/6.6 CapLeft: 3.4,,,10.0,6.5600000000000005,16.560000000000002,3.4399999999999977
1765931945.6827374,btc-updown-15m-1765931400,1765931400.0,1765932300.0,,354.31726264953613,,,,,0,0,0.98,0.98,ONE_LEG_INVENTORY,,,,,,,,,,,,,,0,5.0,,,,,,,,,,,,,,,,,,,,RECONSTRUCT_BLOCKED: BLOCKED_BY_CAP_MIN,,,,,,,,10.0,6.5600000000000005,,,,,0,0,,,Inv: 10.0/6.6 CapLeft: 3.4,,,10.0,6.5600000000000005,16.560000000000002,3.4399999999999977
1765931945.6827374,btc-updown-15m-1765931400,1765931400.0,1765932300.0,,354.31726264953613,,,,,0,0,0.98,0.98,ONE_LEG_INVENTORY,,,,,,,,,,,,,,0,5.0,,,,,,,,,,,,,,,,,,,,RECONSTRUCT_BLOCKED: BLOCKED_BY_CAP_MIN,,,,,,,,10.0,6.5600000000000005,,,,,0,0,,,Inv: 10.0/6.6 CapLeft: 3.4,,,10.0,6.5600000000000005,16.560000000000002,3.4399999999999977
1765931947.63793,btc-updown-15m-1765931400,1765931400.0,1765932300.0,,352.36207008361816,,,,,0,0,0.98,0.98,ONE_LEG_INVENTORY,,,,,,,,,,,,,,0,5.0,,,,,,,,,,,,,,,,,,,,RECONSTRUCT_BLOCKED: BLOCKED_BY_CAP_MIN,,,,,,,,10.0,6.5600000000000005,,,,,0,0,,,Inv: 10.0/6.6 CapLeft: 3.4,,,10.0,6.5600000000000005,16.560000000000002,3.4399999999999977
1765931947.63793,btc-updown-15m-1765931400,1765931400.0,1765932300.0,,352.36207008361816,,,,,0,0,0.98,0.98,ONE_LEG_INVENTORY,,,,,,,,,,,,,,0,5.0,,,,,,,,,,,,,,,,,,,,RECONSTRUCT_BLOCKED: BLOCKED_BY_CAP_MIN,,,,,,,,10.0,6.5600000000000005,,,,,0,0,,,Inv: 10.0/6.6 CapLeft: 3.4,,,10.0,6.5600000000000005,16.560000000000002,3.4399999999999977
1765931949.5154462,btc-updown-15m-1765931400,1765931400.0,1765932300.0,,350.4845538139343,,,,,0,0,0.98,0.98,ONE_LEG_INVENTORY,,,,,,,,,,,,,,0,5.0,,,,,,,,,,,,,,,,,,,,RECONSTRUCT_BLOCKED: BLOCKED_BY_CAP_MIN,,,,,,,,10.0,6.5600000000000005,,,,,0,0,,,Inv: 10.0/6.6 CapLeft: 3.4,,,10.0,6.5600000000000005,16.560000000000002,3.4399999999999977
1765931949.5154462,btc-updown-15m-1765931400,1765931400.0,1765932300.0,,350.4845538139343,,,,,0,0,0.98,0.98,ONE_LEG_INVENTORY,,,,,,,,,,,,,,0,5.0,,,,,,,,,,,,,,,,,,,,RECONSTRUCT_BLOCKED: BLOCKED_BY_CAP_MIN,,,,,,,,10.0,6.5600000000000005,,,,,0,0,,,Inv: 10.0/6.6 CapLeft: 3.4,,,10.0,6.5600000000000005,16.560000000000002,3.4399999999999977
1765931951.3866887,btc-updown-15m-1765931400,1765931400.0,1765932300.0,,348.61331129074097,,,,,0,0,0.98,0.98,ONE_LEG_INVENTORY,,,,,,,,,,,,,,0,5.0,,,,,,,,,,,,,,,,,,,,RECONSTRUCT_BLOCKED: BLOCKED_BY_CAP_MIN,,,,,,,,10.0,6.5600000000000005,,,,,0,0,,,Inv: 10.0/6.6 CapLeft: 3.4,,,10.0,6.5600000000000005,16.560000000000002,3.4399999999999977
1765931951.3866887,btc-updown-15m-1765931400,1765931400.0,1765932300.0,,348.61331129074097,,,,,0,0,0.98,0.98,ONE_LEG_INVENTORY,,,,,,,,,,,,,,0,5.0,,,,,,,,,,,,,,,,,,,,RECONSTRUCT_BLOCKED: BLOCKED_BY_CAP_MIN,,,,,,,,10.0,6.5600000000000005,,,,,0,0,,,Inv: 10.0/6.6 CapLeft: 3.4,,,10.0,6.5600000000000005,16.560000000000002,3.4399999999999977
1765931953.30156,btc-updown-15m-1765931400,1765931400.0,1765932300.0,,346.69844007492065,,,,,0,0,0.98,0.98,ONE_LEG_INVENTORY,,,,,,,,,,,,,,0,5.0,,,,,,,,,,,,,,,,,,,,RECONSTRUCT_BLOCKED: BLOCKED_BY_CAP_MIN,,,,,,,,10.0,6.5600000000000005,,,,,0,0,,,Inv: 10.0/6.6 CapLeft: 3.4,,,10.0,6.5600000000000005,16.560000000000002,3.4399999999999977
1765931953.30156,btc-updown-15m-1765931400,1765931400.0,1765932300.0,,346.69844007492065,,,,,0,0,0.98,0.98,ONE_LEG_INVENTORY,,,,,,,,,,,,,,0,5.0,,,,,,,,,,,,,,,,,,,,RECONSTRUCT_BLOCKED: BLOCKED_BY_CAP_MIN,,,,,,,,10.0,6.5600000000000005,,,,,0,0,,,Inv: 10.0/6.6 CapLeft: 3.4,,,10.0,6.5600000000000005,16.560000000000002,3.4399999999999977
1765931955.189772,btc-updown-15m-1765931400,1765931400.0,1765932300.0,,344.81022810935974,,,,,0,0,0.99,0.98,ONE_LEG_INVENTORY,,,,,,,,,,,,,,0,5.0,,,,,,,,,,,,,,,,,,,,RECONSTRUCT_BLOCKED: BLOCKED_BY_CAP_MIN,,,,,,,,10.0,6.5600000000000005,,,,,0,0,,,Inv: 10.0/6.6 CapLeft: 3.4,,,10.0,6.5600000000000005,16.560000000000002,3.4399999999999977
1765931955.189772,btc-updown-15m-1765931400,1765931400.0,1765932300.0,,344.81022810935974,,,,,0,0,0.99,0.98,ONE_LEG_INVENTORY,,,,,,,,,,,,,,0,5.0,,,,,,,,,,,,,,,,,,,,RECONSTRUCT_BLOCKED: BLOCKED_BY_CAP_MIN,,,,,,,,10.0,6.5600000000000005,,,,,0,0,,,Inv: 10.0/6.6 CapLeft: 3.4,,,10.0,6.5600000000000005,16.560000000000002,3.4399999999999977
1765931957.0868232,btc-updown-15m-1765931400,1765931400.0,1765932300.0,,342.91317677497864,,,,,0,0,0.99,0.98,ONE_LEG_INVENTORY,,,,,,,,,,,,,,0,5.0,,,,,,,,,,,,,,,,,,,,RECONSTRUCT_BLOCKED: BLOCKED_BY_CAP_MIN,,,,,,,,10.0,6.5600000000000005,,,,,0,0,,,Inv: 10.0/6.6 CapLeft: 3.4,,,10.0,6.5600000000000005,16.560000000000002,3.4399999999999977
1765931957.0868232,btc-updown-15m-1765931400,1765931400.0,1765932300.0,,342.91317677497864,,,,,0,0,0.99,0.98,ONE_LEG_INVENTORY,,,,,,,,,,,,,,0,5.0,,,,,,,,,,,,,,,,,,,,RECONSTRUCT_BLOCKED: BLOCKED_BY_CAP_MIN,,,,,,,,10.0,6.5600000000000005,,,,,0,0,,,Inv: 10.0/6.6 CapLeft: 3.4,,,10.0,6.5600000000000005,16.560000000000002,3.4399999999999977
1765931958.9675891,btc-updown-15m-1765931400,1765931400.0,1765932300.0,,341.03241086006165,,,,,0,0,0.99,0.98,ONE_LEG_INVENTORY,,,,,,,,,,,,,,0,5.0,,,,,,,,,,,,,,,,,,,,RECONSTRUCT_BLOCKED: BLOCKED_BY_CAP_MIN,,,,,,,,10.0,6.5600000000000005,,,,,0,0,,,Inv: 10.0/6.6 CapLeft: 3.4,,,10.0,6.5600000000000005,16.560000000000002,3.4399999999999977
1765931958.9675891,btc-updown-15m-1765931400,1765931400.0,1765932300.0,,341.03241086006165,,,,,0,0,0.99,0.98,ONE_LEG_INVENTORY,,,,,,,,,,,,,,0,5.0,,,,,,,,,,,,,,,,,,,,RECONSTRUCT_BLOCKED: BLOCKED_BY_CAP_MIN,,,,,,,,10.0,6.5600000000000005,,,,,0,0,,,Inv: 10.0/6.6 CapLeft: 3.4,,,10.0,6.5600000000000005,16.560000000000002,3.4399999999999977
1765931960.8560505,btc-updown-15m-1765931400,1765931400.0,1765932300.0,,339.143949508667,,,,,0,0,0.99,0.98,ONE_LEG_INVENTORY,,,,,,,,,,,,,,0,5.0,,,,,,,,,,,,,,,,,,,,RECONSTRUCT_BLOCKED: BLOCKED_BY_CAP_MIN,,,,,,,,10.0,6.5600000000000005,,,,,0,0,,,Inv: 10.0/6.6 CapLeft: 3.4,,,10.0,6.5600000000000005,16.560000000000002,3.4399999999999977
1765931960.8560505,btc-updown-15m-1765931400,1765931400.0,1765932300.0,,339.143949508667,,,,,0,0,0.99,0.98,ONE_LEG_INVENTORY,,,,,,,,,,,,,,0,5.0,,,,,,,,,,,,,,,,,,,,RECONSTRUCT_BLOCKED: BLOCKED_BY_CAP_MIN,,,,,,,,10.0,6.5600000000000005,,,,,0,0,,,Inv: 10.0/6.6 CapLeft: 3.4,,,10.0,6.5600000000000005,16.560000000000002,3.4399999999999977
1765931962.7326784,btc-updown-15m-1765931400,1765931400.0,1765932300.0,,337.2673215866089,,,,,0,0,0.99,0.98,ONE_LEG_INVENTORY,,,,,,,,,,,,,,0,5.0,,,,,,,,,,,,,,,,,,,,RECONSTRUCT_BLOCKED: BLOCKED_BY_CAP_MIN,,,,,,,,10.0,6.5600000000000005,,,,,0,0,,,Inv: 10.0/6.6 CapLeft: 3.4,,,10.0,6.5600000000000005,16.560000000000002,3.4399999999999977
1765931962.7326784,btc-updown-15m-1765931400,1765931400.0,1765932300.0,,337.2673215866089,,,,,0,0,0.99,0.98,ONE_LEG_INVENTORY,,,,,,,,,,,,,,0,5.0,,,,,,,,,,,,,,,,,,,,RECONSTRUCT_BLOCKED: BLOCKED_BY_CAP_MIN,,,,,,,,10.0,6.5600000000000005,,,,,0,0,,,Inv: 10.0/6.6 CapLeft: 3.4,,,10.0,6.5600000000000005,16.560000000000002,3.4399999999999977
1765931964.6287649,btc-updown-15m-1765931400,1765931400.0,1765932300.0,,335.3712351322174,,,,,0,0,0.98,0.98,ONE_LEG_INVENTORY,,,,,,,,,,,,,,0,5.0,,,,,,,,,,,,,,,,,,,,RECONSTRUCT_BLOCKED: BLOCKED_BY_CAP_MIN,,,,,,,,10.0,6.5600000000000005,,,,,0,0,,,Inv: 10.0/6.6 CapLeft: 3.4,,,10.0,6.5600000000000005,16.560000000000002,3.4399999999999977
1765931964.6287649,btc-updown-15m-1765931400,1765931400.0,1765932300.0,,335.3712351322174,,,,,0,0,0.98,0.98,ONE_LEG_INVENTORY,,,,,,,,,,,,,,0,5.0,,,,,,,,,,,,,,,,,,,,RECONSTRUCT_BLOCKED: BLOCKED_BY_CAP_MIN,,,,,,,,10.0,6.5600000000000005,,,,,0,0,,,Inv: 10.0/6.6 CapLeft: 3.4,,,10.0,6.5600000000000005,16.560000000000002,3.4399999999999977
1765931966.5163116,btc-updown-15m-1765931400,1765931400.0,1765932300.0,,333.4836883544922,,,,,0,0,0.99,0.98,ONE_LEG_INVENTORY,,,,,,,,,,,,,,0,5.0,,,,,,,,,,,,,,,,,,,,RECONSTRUCT_BLOCKED: BLOCKED_BY_CAP_MIN,,,,,,,,10.0,6.5600000000000005,,,,,0,0,,,Inv: 10.0/6.6 CapLeft: 3.4,,,10.0,6.5600000000000005,16.560000000000002,3.4399999999999977
1765931966.5163116,btc-updown-15m-1765931400,1765931400.0,1765932300.0,,333.4836883544922,,,,,0,0,0.99,0.98,ONE_LEG_INVENTORY,,,,,,,,,,,,,,0,5.0,,,,,,,,,,,,,,,,,,,,RECONSTRUCT_BLOCKED: BLOCKED_BY_CAP_MIN,,,,,,,,10.0,6.5600000000000005,,,,,0,0,,,Inv: 10.0/6.6 CapLeft: 3.4,,,10.0,6.5600000000000005,16.560000000000002,3.4399999999999977
1765931968.3955743,btc-updown-15m-1765931400,1765931400.0,1765932300.0,,331.60442566871643,,,,,0,0,0.99,0.98,ONE_LEG_INVENTORY,,,,,,,,,,,,,,0,5.0,,,,,,,,,,,,,,,,,,,,RECONSTRUCT_BLOCKED: BLOCKED_BY_CAP_MIN,,,,,,,,10.0,6.5600000000000005,,,,,0,0,,,Inv: 10.0/6.6 CapLeft: 3.4,,,10.0,6.5600000000000005,16.560000000000002,3.4399999999999977
1765931968.3955743,btc-updown-15m-1765931400,1765931400.0,1765932300.0,,331.60442566871643,,,,,0,0,0.99,0.98,ONE_LEG_INVENTORY,,,,,,,,,,,,,,0,5.0,,,,,,,,,,,,,,,,,,,,RECONSTRUCT_BLOCKED: BLOCKED_BY_CAP_MIN,,,,,,,,10.0,6.5600000000000005,,,,,0,0,,,Inv: 10.0/6.6 CapLeft: 3.4,,,10.0,6.5600000000000005,16.560000000000002,3.4399999999999977
1765931970.2840476,btc-updown-15m-1765931400,1765931400.0,1765932300.0,,329.7159523963928,,,,,0,0,0.99,0.98,ONE_LEG_INVENTORY,,,,,,,,,,,,,,0,5.0,,,,,,,,,,,,,,,,,,,,RECONSTRUCT_BLOCKED: BLOCKED_BY_CAP_MIN,,,,,,,,10.0,6.5600000000000005,,,,,0,0,,,Inv: 10.0/6.6 CapLeft: 3.4,,,10.0,6.5600000000000005,16.560000000000002,3.4399999999999977
1765931970.2840476,btc-updown-15m-1765931400,1765931400.0,1765932300.0,,329.7159523963928,,,,,0,0,0.99,0.98,ONE_LEG_INVENTORY,,,,,,,,,,,,,,0,5.0,,,,,,,,,,,,,,,,,,,,RECONSTRUCT_BLOCKED: BLOCKED_BY_CAP_MIN,,,,,,,,10.0,6.5600000000000005,,,,,0,0,,,Inv: 10.0/6.6 CapLeft: 3.4,,,10.0,6.5600000000000005,16.560000000000002,3.4399999999999977
1765931972.1607924,btc-updown-15m-1765931400,1765931400.0,1765932300.0,,327.83920764923096,,,,,0,0,0.99,0.98,ONE_LEG_INVENTORY,,,,,,,,,,,,,,0,5.0,,,,,,,,,,,,,,,,,,,,RECONSTRUCT_BLOCKED: BLOCKED_BY_CAP_MIN,,,,,,,,10.0,6.5600000000000005,,,,,0,0,,,Inv: 10.0/6.6 CapLeft: 3.4,,,10.0,6.5600000000000005,16.560000000000002,3.4399999999999977
1765931972.1607924,btc-updown-15m-1765931400,1765931400.0,1765932300.0,,327.83920764923096,,,,,0,0,0.99,0.98,ONE_LEG_INVENTORY,,,,,,,,,,,,,,0,5.0,,,,,,,,,,,,,,,,,,,,RECONSTRUCT_BLOCKED: BLOCKED_BY_CAP_MIN,,,,,,,,10.0,6.5600000000000005,,,,,0,0,,,Inv: 10.0/6.6 CapLeft: 3.4,,,10.0,6.5600000000000005,16.560000000000002,3.4399999999999977
1765931974.06643,btc-updown-15m-1765931400,1765931400.0,1765932300.0,,325.9335699081421,,,,,0,0,0.99,0.98,ONE_LEG_INVENTORY,,,,,,,,,,,,,,0,5.0,,,,,,,,,,,,,,,,,,,,RECONSTRUCT_BLOCKED: BLOCKED_BY_CAP_MIN,,,,,,,,10.0,6.5600000000000005,,,,,0,0,,,Inv: 10.0/6.6 CapLeft: 3.4,,,10.0,6.5600000000000005,16.560000000000002,3.4399999999999977
1765931974.06643,btc-updown-15m-1765931400,1765931400.0,1765932300.0,,325.9335699081421,,,,,0,0,0.99,0.98,ONE_LEG_INVENTORY,,,,,,,,,,,,,,0,5.0,,,,,,,,,,,,,,,,,,,,RECONSTRUCT_BLOCKED: BLOCKED_BY_CAP_MIN,,,,,,,,10.0,6.5600000000000005,,,,,0,0,,,Inv: 10.0/6.6 CapLeft: 3.4,,,10.0,6.5600000000000005,16.560000000000002,3.4399999999999977
1765931975.9821298,btc-updown-15m-1765931400,1765931400.0,1765932300.0,,324.0178701877594,,,,,0,0,0.98,0.98,ONE_LEG_INVENTORY,,,,,,,,,,,,,,0,5.0,,,,,,,,,,,,,,,,,,,,RECONSTRUCT_BLOCKED: BLOCKED_BY_CAP_MIN,,,,,,,,10.0,6.5600000000000005,,,,,0,0,,,Inv: 10.0/6.6 CapLeft: 3.4,,,10.0,6.5600000000000005,16.560000000000002,3.4399999999999977
1765931975.9821298,btc-updown-15m-1765931400,1765931400.0,1765932300.0,,324.0178701877594,,,,,0,0,0.98,0.98,ONE_LEG_INVENTORY,,,,,,,,,,,,,,0,5.0,,,,,,,,,,,,,,,,,,,,RECONSTRUCT_BLOCKED: BLOCKED_BY_CAP_MIN,,,,,,,,10.0,6.5600000000000005,,,,,0,0,,,Inv: 10.0/6.6 CapLeft: 3.4,,,10.0,6.5600000000000005,16.560000000000002,3.4399999999999977
1765931977.872814,btc-updown-15m-1765931400,1765931400.0,1765932300.0,,322.1271860599518,,,,,0,0,0.99,0.98,ONE_LEG_INVENTORY,,,,,,,,,,,,,,0,5.0,,,,,,,,,,,,,,,,,,,,RECONSTRUCT_BLOCKED: BLOCKED_BY_CAP_MIN,,,,,,,,10.0,6.5600000000000005,,,,,0,0,,,Inv: 10.0/6.6 CapLeft: 3.4,,,10.0,6.5600000000000005,16.560000000000002,3.4399999999999977
1765931977.872814,btc-updown-15m-1765931400,1765931400.0,1765932300.0,,322.1271860599518,,,,,0,0,0.99,0.98,ONE_LEG_INVENTORY,,,,,,,,,,,,,,0,5.0,,,,,,,,,,,,,,,,,,,,RECONSTRUCT_BLOCKED: BLOCKED_BY_CAP_MIN,,,,,,,,10.0,6.5600000000000005,,,,,0,0,,,Inv: 10.0/6.6 CapLeft: 3.4,,,10.0,6.5600000000000005,16.560000000000002,3.4399999999999977
1765931979.755153,btc-updown-15m-1765931400,1765931400.0,1765932300.0,,320.2448470592499,,,,,0,0,0.99,0.98,ONE_LEG_INVENTORY,,,,,,,,,,,,,,0,5.0,,,,,,,,,,,,,,,,,,,,RECONSTRUCT_BLOCKED: BLOCKED_BY_CAP_MIN,,,,,,,,10.0,6.5600000000000005,,,,,0,0,,,Inv: 10.0/6.6 CapLeft: 3.4,,,10.0,6.5600000000000005,16.560000000000002,3.4399999999999977
1765931979.755153,btc-updown-15m-1765931400,1765931400.0,1765932300.0,,320.2448470592499,,,,,0,0,0.99,0.98,ONE_LEG_INVENTORY,,,,,,,,,,,,,,0,5.0,,,,,,,,,,,,,,,,,,,,RECONSTRUCT_BLOCKED: BLOCKED_BY_CAP_MIN,,,,,,,,10.0,6.5600000000000005,,,,,0,0,,,Inv: 10.0/6.6 CapLeft: 3.4,,,10.0,6.5600000000000005,16.560000000000002,3.4399999999999977
1765931981.6382055,btc-updown-15m-1765931400,1765931400.0,1765932300.0,,318.3617944717407,,,,,0,0,0.99,0.98,ONE_LEG_INVENTORY,,,,,,,,,,,,,,0,5.0,,,,,,,,,,,,,,,,,,,,RECONSTRUCT_BLOCKED: BLOCKED_BY_CAP_MIN,,,,,,,,10.0,6.5600000000000005,,,,,0,0,,,Inv: 10.0/6.6 CapLeft: 3.4,,,10.0,6.5600000000000005,16.560000000000002,3.4399999999999977
1765931981.6382055,btc-updown-15m-1765931400,1765931400.0,1765932300.0,,318.3617944717407,,,,,0,0,0.99,0.98,ONE_LEG_INVENTORY,,,,,,,,,,,,,,0,5.0,,,,,,,,,,,,,,,,,,,,RECONSTRUCT_BLOCKED: BLOCKED_BY_CAP_MIN,,,,,,,,10.0,6.5600000000000005,,,,,0,0,,,Inv: 10.0/6.6 CapLeft: 3.4,,,10.0,6.5600000000000005,16.560000000000002,3.4399999999999977
1765931983.5506718,btc-updown-15m-1765931400,1765931400.0,1765932300.0,,316.4493281841278,,,,,0,0,0.99,0.98,ONE_LEG_INVENTORY,,,,,,,,,,,,,,0,5.0,,,,,,,,,,,,,,,,,,,,RECONSTRUCT_BLOCKED: BLOCKED_BY_CAP_MIN,,,,,,,,10.0,6.5600000000000005,,,,,0,0,,,Inv: 10.0/6.6 CapLeft: 3.4,,,10.0,6.5600000000000005,16.560000000000002,3.4399999999999977
1765931983.5506718,btc-updown-15m-1765931400,1765931400.0,1765932300.0,,316.4493281841278,,,,,0,0,0.99,0.98,ONE_LEG_INVENTORY,,,,,,,,,,,,,,0,5.0,,,,,,,,,,,,,,,,,,,,RECONSTRUCT_BLOCKED: BLOCKED_BY_CAP_MIN,,,,,,,,10.0,6.5600000000000005,,,,,0,0,,,Inv: 10.0/6.6 CapLeft: 3.4,,,10.0,6.5600000000000005,16.560000000000002,3.4399999999999977
1765931985.4550705,btc-updown-15m-1765931400,1765931400.0,1765932300.0,,314.54492950439453,,,,,0,0,0.99,0.98,ONE_LEG_INVENTORY,,,,,,,,,,,,,,0,5.0,,,,,,,,,,,,,,,,,,,,RECONSTRUCT_BLOCKED: BLOCKED_BY_CAP_MIN,,,,,,,,10.0,6.5600000000000005,,,,,0,0,,,Inv: 10.0/6.6 CapLeft: 3.4,,,10.0,6.5600000000000005,16.560000000000002,3.4399999999999977
1765931985.4550705,btc-updown-15m-1765931400,1765931400.0,1765932300.0,,314.54492950439453,,,,,0,0,0.99,0.98,ONE_LEG_INVENTORY,,,,,,,,,,,,,,0,5.0,,,,,,,,,,,,,,,,,,,,RECONSTRUCT_BLOCKED: BLOCKED_BY_CAP_MIN,,,,,,,,10.0,6.5600000000000005,,,,,0,0,,,Inv: 10.0/6.6 CapLeft: 3.4,,,10.0,6.5600000000000005,16.560000000000002,3.4399999999999977
1765931987.339043,btc-updown-15m-1765931400,1765931400.0,1765932300.0,,312.6609570980072,,,,,0,0,0.99,0.98,ONE_LEG_INVENTORY,,,,,,,,,,,,,,0,5.0,,,,,,,,,,,,,,,,,,,,RECONSTRUCT_BLOCKED: BLOCKED_BY_CAP_MIN,,,,,,,,10.0,6.5600000000000005,,,,,0,0,,,Inv: 10.0/6.6 CapLeft: 3.4,,,10.0,6.5600000000000005,16.560000000000002,3.4399999999999977
1765931987.339043,btc-updown-15m-1765931400,1765931400.0,1765932300.0,,312.6609570980072,,,,,0,0,0.99,0.98,ONE_LEG_INVENTORY,,,,,,,,,,,,,,0,5.0,,,,,,,,,,,,,,,,,,,,RECONSTRUCT_BLOCKED: BLOCKED_BY_CAP_MIN,,,,,,,,10.0,6.5600000000000005,,,,,0,0,,,Inv: 10.0/6.6 CapLeft: 3.4,,,10.0,6.5600000000000005,16.560000000000002,3.4399999999999977
1765931989.2324493,btc-updown-15m-1765931400,1765931400.0,1765932300.0,,310.7675507068634,,,,,0,0,0.98,0.98,ONE_LEG_INVENTORY,,,,,,,,,,,,,,0,5.0,,,,,,,,,,,,,,,,,,,,RECONSTRUCT_BLOCKED: BLOCKED_BY_CAP_MIN,,,,,,,,10.0,6.5600000000000005,,,,,0,0,,,Inv: 10.0/6.6 CapLeft: 3.4,,,10.0,6.5600000000000005,16.560000000000002,3.4399999999999977
1765931989.2324493,btc-updown-15m-1765931400,1765931400.0,1765932300.0,,310.7675507068634,,,,,0,0,0.98,0.98,ONE_LEG_INVENTORY,,,,,,,,,,,,,,0,5.0,,,,,,,,,,,,,,,,,,,,RECONSTRUCT_BLOCKED: BLOCKED_BY_CAP_MIN,,,,,,,,10.0,6.5600000000000005,,,,,0,0,,,Inv: 10.0/6.6 CapLeft: 3.4,,,10.0,6.5600000000000005,16.560000000000002,3.4399999999999977
1765931991.1531923,btc-updown-15m-1765931400,1765931400.0,1765932300.0,,308.846807718277,,,,,0,0,0.98,0.98,ONE_LEG_INVENTORY,,,,,,,,,,,,,,0,5.0,,,,,,,,,,,,,,,,,,,,RECONSTRUCT_BLOCKED: BLOCKED_BY_CAP_MIN,,,,,,,,10.0,6.5600000000000005,,,,,0,0,,,Inv: 10.0/6.6 CapLeft: 3.4,,,10.0,6.5600000000000005,16.560000000000002,3.4399999999999977
1765931991.1531923,btc-updown-15m-1765931400,1765931400.0,1765932300.0,,308.846807718277,,,,,0,0,0.98,0.98,ONE_LEG_INVENTORY,,,,,,,,,,,,,,0,5.0,,,,,,,,,,,,,,,,,,,,RECONSTRUCT_BLOCKED: BLOCKED_BY_CAP_MIN,,,,,,,,10.0,6.5600000000000005,,,,,0,0,,,Inv: 10.0/6.6 CapLeft: 3.4,,,10.0,6.5600000000000005,16.560000000000002,3.4399999999999977
1765931993.0236366,btc-updown-15m-1765931400,1765931400.0,1765932300.0,,306.97636342048645,,,,,0,0,0.99,0.98,ONE_LEG_INVENTORY,,,,,,,,,,,,,,0,5.0,,,,,,,,,,,,,,,,,,,,RECONSTRUCT_BLOCKED: BLOCKED_BY_CAP_MIN,,,,,,,,10.0,6.5600000000000005,,,,,0,0,,,Inv: 10.0/6.6 CapLeft: 3.4,,,10.0,6.5600000000000005,16.560000000000002,3.4399999999999977
1765931993.0236366,btc-updown-15m-1765931400,1765931400.0,1765932300.0,,306.97636342048645,,,,,0,0,0.99,0.98,ONE_LEG_INVENTORY,,,,,,,,,,,,,,0,5.0,,,,,,,,,,,,,,,,,,,,RECONSTRUCT_BLOCKED: BLOCKED_BY_CAP_MIN,,,,,,,,10.0,6.5600000000000005,,,,,0,0,,,Inv: 10.0/6.6 CapLeft: 3.4,,,10.0,6.5600000000000005,16.560000000000002,3.4399999999999977
1765931994.9128873,btc-updown-15m-1765931400,1765931400.0,1765932300.0,,305.0871126651764,,,,,0,0,0.98,0.98,ONE_LEG_INVENTORY,,,,,,,,,,,,,,0,5.0,,,,,,,,,,,,,,,,,,,,RECONSTRUCT_BLOCKED: BLOCKED_BY_CAP_MIN,,,,,,,,10.0,6.5600000000000005,,,,,0,0,,,Inv: 10.0/6.6 CapLeft: 3.4,,,10.0,6.5600000000000005,16.560000000000002,3.4399999999999977
1765931994.9128873,btc-updown-15m-1765931400,1765931400.0,1765932300.0,,305.0871126651764,,,,,0,0,0.98,0.98,ONE_LEG_INVENTORY,,,,,,,,,,,,,,0,5.0,,,,,,,,,,,,,,,,,,,,RECONSTRUCT_BLOCKED: BLOCKED_BY_CAP_MIN,,,,,,,,10.0,6.5600000000000005,,,,,0,0,,,Inv: 10.0/6.6 CapLeft: 3.4,,,10.0,6.5600000000000005,16.560000000000002,3.4399999999999977
1765931996.7992892,btc-updown-15m-1765931400,1765931400.0,1765932300.0,,303.200710773468,,,,,0,0,0.99,0.98,ONE_LEG_INVENTORY,,,,,,,,,,,,,,0,5.0,,,,,,,,,,,,,,,,,,,,RECONSTRUCT_BLOCKED: BLOCKED_BY_CAP_MIN,,,,,,,,10.0,6.5600000000000005,,,,,0,0,,,Inv: 10.0/6.6 CapLeft: 3.4,,,10.0,6.5600000000000005,16.560000000000002,3.4399999999999977
1765931996.7992892,btc-updown-15m-1765931400,1765931400.0,1765932300.0,,303.200710773468,,,,,0,0,0.99,0.98,ONE_LEG_INVENTORY,,,,,,,,,,,,,,0,5.0,,,,,,,,,,,,,,,,,,,,RECONSTRUCT_BLOCKED: BLOCKED_BY_CAP_MIN,,,,,,,,10.0,6.5600000000000005,,,,,0,0,,,Inv: 10.0/6.6 CapLeft: 3.4,,,10.0,6.5600000000000005,16.560000000000002,3.4399999999999977
1765931998.675709,btc-updown-15m-1765931400,1765931400.0,1765932300.0,,301.32429099082947,,,,,0,0,0.98,0.98,ONE_LEG_INVENTORY,,,,,,,,,,,,,,0,5.0,,,,,,,,,,,,,,,,,,,,RECONSTRUCT_BLOCKED: BLOCKED_BY_CAP_MIN,,,,,,,,10.0,6.5600000000000005,,,,,0,0,,,Inv: 10.0/6.6 CapLeft: 3.4,,,10.0,6.5600000000000005,16.560000000000002,3.4399999999999977
1765931998.675709,btc-updown-15m-1765931400,1765931400.0,1765932300.0,,301.32429099082947,,,,,0,0,0.98,0.98,ONE_LEG_INVENTORY,,,,,,,,,,,,,,0,5.0,,,,,,,,,,,,,,,,,,,,RECONSTRUCT_BLOCKED: BLOCKED_BY_CAP_MIN,,,,,,,,10.0,6.5600000000000005,,,,,0,0,,,Inv: 10.0/6.6 CapLeft: 3.4,,,10.0,6.5600000000000005,16.560000000000002,3.4399999999999977
1765932000.7773817,btc-updown-15m-1765931400,1765931400.0,1765932300.0,,299.2226183414459,,,,,0,0,0.99,0.98,ONE_LEG_INVENTORY,,,,,,,,,,,,,,0,5.0,,,,,,,,,,,,,,,,,,,,RECONSTRUCT_BLOCKED: BLOCKED_BY_CAP_MIN,,,,,,,,10.0,6.5600000000000005,,,,,0,0,,,Inv: 10.0/6.6 CapLeft: 3.4,,,10.0,6.5600000000000005,16.560000000000002,3.4399999999999977
1765932000.7773817,btc-updown-15m-1765931400,1765931400.0,1765932300.0,,299.2226183414459,,,,,0,0,0.99,0.98,ONE_LEG_INVENTORY,,,,,,,,,,,,,,0,5.0,,,,,,,,,,,,,,,,,,,,RECONSTRUCT_BLOCKED: BLOCKED_BY_CAP_MIN,,,,,,,,10.0,6.5600000000000005,,,,,0,0,,,Inv: 10.0/6.6 CapLeft: 3.4,,,10.0,6.5600000000000005,16.560000000000002,3.4399999999999977
1765932002.6639066,btc-updown-15m-1765931400,1765931400.0,1765932300.0,,297.33609342575073,,,,,0,0,0.98,0.98,ONE_LEG_INVENTORY,,,,,,,,,,,,,,0,5.0,,,,,,,,,,,,,,,,,,,,RECONSTRUCT_BLOCKED: BLOCKED_BY_CAP_MIN,,,,,,,,10.0,6.5600000000000005,,,,,0,0,,,Inv: 10.0/6.6 CapLeft: 3.4,,,10.0,6.5600000000000005,16.560000000000002,3.4399999999999977
1765932002.6639066,btc-updown-15m-1765931400,1765931400.0,1765932300.0,,297.33609342575073,,,,,0,0,0.98,0.98,ONE_LEG_INVENTORY,,,,,,,,,,,,,,0,5.0,,,,,,,,,,,,,,,,,,,,RECONSTRUCT_BLOCKED: BLOCKED_BY_CAP_MIN,,,,,,,,10.0,6.5600000000000005,,,,,0,0,,,Inv: 10.0/6.6 CapLeft: 3.4,,,10.0,6.5600000000000005,16.560000000000002,3.4399999999999977
1765932004.5601149,btc-updown-15m-1765931400,1765931400.0,1765932300.0,,295.43988513946533,,,,,0,0,0.99,0.98,ONE_LEG_INVENTORY,,,,,,,,,,,,,,0,5.0,,,,,,,,,,,,,,,,,,,,RECONSTRUCT_BLOCKED: BLOCKED_BY_CAP_MIN,,,,,,,,10.0,6.5600000000000005,,,,,0,0,,,Inv: 10.0/6.6 CapLeft: 3.4,,,10.0,6.5600000000000005,16.560000000000002,3.4399999999999977
1765932004.5601149,btc-updown-15m-1765931400,1765931400.0,1765932300.0,,295.43988513946533,,,,,0,0,0.99,0.98,ONE_LEG_INVENTORY,,,,,,,,,,,,,,0,5.0,,,,,,,,,,,,,,,,,,,,RECONSTRUCT_BLOCKED: BLOCKED_BY_CAP_MIN,,,,,,,,10.0,6.5600000000000005,,,,,0,0,,,Inv: 10.0/6.6 CapLeft: 3.4,,,10.0,6.5600000000000005,16.560000000000002,3.4399999999999977
1765932006.4371612,btc-updown-15m-1765931400,1765931400.0,1765932300.0,,293.5628387928009,,,,,0,0,0.99,0.98,ONE_LEG_INVENTORY,,,,,,,,,,,,,,0,5.0,,,,,,,,,,,,,,,,,,,,RECONSTRUCT_BLOCKED: BLOCKED_BY_CAP_MIN,,,,,,,,10.0,6.5600000000000005,,,,,0,0,,,Inv: 10.0/6.6 CapLeft: 3.4,,,10.0,6.5600000000000005,16.560000000000002,3.4399999999999977
1765932006.4371612,btc-updown-15m-1765931400,1765931400.0,1765932300.0,,293.5628387928009,,,,,0,0,0.99,0.98,ONE_LEG_INVENTORY,,,,,,,,,,,,,,0,5.0,,,,,,,,,,,,,,,,,,,,RECONSTRUCT_BLOCKED: BLOCKED_BY_CAP_MIN,,,,,,,,10.0,6.5600000000000005,,,,,0,0,,,Inv: 10.0/6.6 CapLeft: 3.4,,,10.0,6.5600000000000005,16.560000000000002,3.4399999999999977
1765932008.317492,btc-updown-15m-1765931400,1765931400.0,1765932300.0,,291.68250799179077,,,,,0,0,0.99,0.98,ONE_LEG_INVENTORY,,,,,,,,,,,,,,0,5.0,,,,,,,,,,,,,,,,,,,,RECONSTRUCT_BLOCKED: BLOCKED_BY_CAP_MIN,,,,,,,,10.0,6.5600000000000005,,,,,0,0,,,Inv: 10.0/6.6 CapLeft: 3.4,,,10.0,6.5600000000000005,16.560000000000002,3.4399999999999977
1765932008.317492,btc-updown-15m-1765931400,1765931400.0,1765932300.0,,291.68250799179077,,,,,0,0,0.99,0.98,ONE_LEG_INVENTORY,,,,,,,,,,,,,,0,5.0,,,,,,,,,,,,,,,,,,,,RECONSTRUCT_BLOCKED: BLOCKED_BY_CAP_MIN,,,,,,,,10.0,6.5600000000000005,,,,,0,0,,,Inv: 10.0/6.6 CapLeft: 3.4,,,10.0,6.5600000000000005,16.560000000000002,3.4399999999999977
1765932010.209701,btc-updown-15m-1765931400,1765931400.0,1765932300.0,,289.7902989387512,,,,,0,0,0.99,0.98,ONE_LEG_INVENTORY,,,,,,,,,,,,,,0,5.0,,,,,,,,,,,,,,,,,,,,RECONSTRUCT_BLOCKED: BLOCKED_BY_CAP_MIN,,,,,,,,10.0,6.5600000000000005,,,,,0,0,,,Inv: 10.0/6.6 CapLeft: 3.4,,,10.0,6.5600000000000005,16.560000000000002,3.4399999999999977
1765932010.209701,btc-updown-15m-1765931400,1765931400.0,1765932300.0,,289.7902989387512,,,,,0,0,0.99,0.98,ONE_LEG_INVENTORY,,,,,,,,,,,,,,0,5.0,,,,,,,,,,,,,,,,,,,,RECONSTRUCT_BLOCKED: BLOCKED_BY_CAP_MIN,,,,,,,,10.0,6.5600000000000005,,,,,0,0,,,Inv: 10.0/6.6 CapLeft: 3.4,,,10.0,6.5600000000000005,16.560000000000002,3.4399999999999977
1765932012.145627,btc-updown-15m-1765931400,1765931400.0,1765932300.0,,287.85437297821045,,,,,0,0,0.97,0.98,ONE_LEG_INVENTORY,,,,,,,,,,,,,,0,5.0,,,,,,,,,,,,,,,,,,,,RECONSTRUCT_BLOCKED: BLOCKED_BY_CAP_MIN,,,,,,,,10.0,6.5600000000000005,,,,,0,0,,,Inv: 10.0/6.6 CapLeft: 3.4,,,10.0,6.5600000000000005,16.560000000000002,3.4399999999999977
1765932012.145627,btc-updown-15m-1765931400,1765931400.0,1765932300.0,,287.85437297821045,,,,,0,0,0.97,0.98,ONE_LEG_INVENTORY,,,,,,,,,,,,,,0,5.0,,,,,,,,,,,,,,,,,,,,RECONSTRUCT_BLOCKED: BLOCKED_BY_CAP_MIN,,,,,,,,10.0,6.5600000000000005,,,,,0,0,,,Inv: 10.0/6.6 CapLeft: 3.4,,,10.0,6.5600000000000005,16.560000000000002,3.4399999999999977
1765932014.0644152,btc-updown-15m-1765931400,1765931400.0,1765932300.0,,285.9355847835541,,,,,0,0,0.99,0.98,ONE_LEG_INVENTORY,,,,,,,,,,,,,,0,5.0,,,,,,,,,,,,,,,,,,,,RECONSTRUCT_BLOCKED: BLOCKED_BY_CAP_MIN,,,,,,,,10.0,6.5600000000000005,,,,,0,0,,,Inv: 10.0/6.6 CapLeft: 3.4,,,10.0,6.5600000000000005,16.560000000000002,3.4399999999999977
1765932014.0644152,btc-updown-15m-1765931400,1765931400.0,1765932300.0,,285.9355847835541,,,,,0,0,0.99,0.98,ONE_LEG_INVENTORY,,,,,,,,,,,,,,0,5.0,,,,,,,,,,,,,,,,,,,,RECONSTRUCT_BLOCKED: BLOCKED_BY_CAP_MIN,,,,,,,,10.0,6.5600000000000005,,,,,0,0,,,Inv: 10.0/6.6 CapLeft: 3.4,,,10.0,6.5600000000000005,16.560000000000002,3.4399999999999977
1765932015.9509645,btc-updown-15m-1765931400,1765931400.0,1765932300.0,,284.0490355491638,,,,,0,0,0.98,0.98,ONE_LEG_INVENTORY,,,,,,,,,,,,,,0,5.0,,,,,,,,,,,,,,,,,,,,RECONSTRUCT_BLOCKED: BLOCKED_BY_CAP_MIN,,,,,,,,10.0,6.5600000000000005,,,,,0,0,,,Inv: 10.0/6.6 CapLeft: 3.4,,,10.0,6.5600000000000005,16.560000000000002,3.4399999999999977
1765932015.9509645,btc-updown-15m-1765931400,1765931400.0,1765932300.0,,284.0490355491638,,,,,0,0,0.98,0.98,ONE_LEG_INVENTORY,,,,,,,,,,,,,,0,5.0,,,,,,,,,,,,,,,,,,,,RECONSTRUCT_BLOCKED: BLOCKED_BY_CAP_MIN,,,,,,,,10.0,6.5600000000000005,,,,,0,0,,,Inv: 10.0/6.6 CapLeft: 3.4,,,10.0,6.5600000000000005,16.560000000000002,3.4399999999999977
1765932017.8292446,btc-updown-15m-1765931400,1765931400.0,1765932300.0,,282.17075538635254,,,,,0,0,0.99,0.98,ONE_LEG_INVENTORY,,,,,,,,,,,,,,0,5.0,,,,,,,,,,,,,,,,,,,,RECONSTRUCT_BLOCKED: BLOCKED_BY_CAP_MIN,,,,,,,,10.0,6.5600000000000005,,,,,0,0,,,Inv: 10.0/6.6 CapLeft: 3.4,,,10.0,6.5600000000000005,16.560000000000002,3.4399999999999977
1765932017.8292446,btc-updown-15m-1765931400,1765931400.0,1765932300.0,,282.17075538635254,,,,,0,0,0.99,0.98,ONE_LEG_INVENTORY,,,,,,,,,,,,,,0,5.0,,,,,,,,,,,,,,,,,,,,RECONSTRUCT_BLOCKED: BLOCKED_BY_CAP_MIN,,,,,,,,10.0,6.5600000000000005,,,,,0,0,,,Inv: 10.0/6.6 CapLeft: 3.4,,,10.0,6.5600000000000005,16.560000000000002,3.4399999999999977
1765932019.7593412,btc-updown-15m-1765931400,1765931400.0,1765932300.0,,280.2406587600708,,,,,0,0,0.99,0.98,ONE_LEG_INVENTORY,,,,,,,,,,,,,,0,5.0,,,,,,,,,,,,,,,,,,,,RECONSTRUCT_BLOCKED: BLOCKED_BY_CAP_MIN,,,,,,,,10.0,6.5600000000000005,,,,,0,0,,,Inv: 10.0/6.6 CapLeft: 3.4,,,10.0,6.5600000000000005,16.560000000000002,3.4399999999999977
1765932019.7593412,btc-updown-15m-1765931400,1765931400.0,1765932300.0,,280.2406587600708,,,,,0,0,0.99,0.98,ONE_LEG_INVENTORY,,,,,,,,,,,,,,0,5.0,,,,,,,,,,,,,,,,,,,,RECONSTRUCT_BLOCKED: BLOCKED_BY_CAP_MIN,,,,,,,,10.0,6.5600000000000005,,,,,0,0,,,Inv: 10.0/6.6 CapLeft: 3.4,,,10.0,6.5600000000000005,16.560000000000002,3.4399999999999977
1765932021.6265292,btc-updown-15m-1765931400,1765931400.0,1765932300.0,,278.37347078323364,,,,,0,0,0.99,0.98,ONE_LEG_INVENTORY,,,,,,,,,,,,,,0,5.0,,,,,,,,,,,,,,,,,,,,RECONSTRUCT_BLOCKED: BLOCKED_BY_CAP_MIN,,,,,,,,10.0,6.5600000000000005,,,,,0,0,,,Inv: 10.0/6.6 CapLeft: 3.4,,,10.0,6.5600000000000005,16.560000000000002,3.4399999999999977
1765932021.6265292,btc-updown-15m-1765931400,1765931400.0,1765932300.0,,278.37347078323364,,,,,0,0,0.99,0.98,ONE_LEG_INVENTORY,,,,,,,,,,,,,,0,5.0,,,,,,,,,,,,,,,,,,,,RECONSTRUCT_BLOCKED: BLOCKED_BY_CAP_MIN,,,,,,,,10.0,6.5600000000000005,,,,,0,0,,,Inv: 10.0/6.6 CapLeft: 3.4,,,10.0,6.5600000000000005,16.560000000000002,3.4399999999999977
1765932023.5065272,btc-updown-15m-1765931400,1765931400.0,1765932300.0,,276.49347281455994,,,,,0,0,0.99,0.98,ONE_LEG_INVENTORY,,,,,,,,,,,,,,0,5.0,,,,,,,,,,,,,,,,,,,,RECONSTRUCT_BLOCKED: BLOCKED_BY_CAP_MIN,,,,,,,,10.0,6.5600000000000005,,,,,0,0,,,Inv: 10.0/6.6 CapLeft: 3.4,,,10.0,6.5600000000000005,16.560000000000002,3.4399999999999977
1765932023.5065272,btc-updown-15m-1765931400,1765931400.0,1765932300.0,,276.49347281455994,,,,,0,0,0.99,0.98,ONE_LEG_INVENTORY,,,,,,,,,,,,,,0,5.0,,,,,,,,,,,,,,,,,,,,RECONSTRUCT_BLOCKED: BLOCKED_BY_CAP_MIN,,,,,,,,10.0,6.5600000000000005,,,,,0,0,,,Inv: 10.0/6.6 CapLeft: 3.4,,,10.0,6.5600000000000005,16.560000000000002,3.4399999999999977
1765932025.3821476,btc-updown-15m-1765931400,1765931400.0,1765932300.0,,274.6178524494171,,,,,0,0,0.98,0.98,ONE_LEG_INVENTORY,,,,,,,,,,,,,,0,5.0,,,,,,,,,,,,,,,,,,,,RECONSTRUCT_BLOCKED: BLOCKED_BY_CAP_MIN,,,,,,,,10.0,6.5600000000000005,,,,,0,0,,,Inv: 10.0/6.6 CapLeft: 3.4,,,10.0,6.5600000000000005,16.560000000000002,3.4399999999999977
1765932025.3821476,btc-updown-15m-1765931400,1765931400.0,1765932300.0,,274.6178524494171,,,,,0,0,0.98,0.98,ONE_LEG_INVENTORY,,,,,,,,,,,,,,0,5.0,,,,,,,,,,,,,,,,,,,,RECONSTRUCT_BLOCKED: BLOCKED_BY_CAP_MIN,,,,,,,,10.0,6.5600000000000005,,,,,0,0,,,Inv: 10.0/6.6 CapLeft: 3.4,,,10.0,6.5600000000000005,16.560000000000002,3.4399999999999977
1765932027.2631786,btc-updown-15m-1765931400,1765931400.0,1765932300.0,,272.73682141304016,,,,,0,0,0.99,0.98,ONE_LEG_INVENTORY,,,,,,,,,,,,,,0,5.0,,,,,,,,,,,,,,,,,,,,RECONSTRUCT_BLOCKED: BLOCKED_BY_CAP_MIN,,,,,,,,10.0,6.5600000000000005,,,,,0,0,,,Inv: 10.0/6.6 CapLeft: 3.4,,,10.0,6.5600000000000005,16.560000000000002,3.4399999999999977
1765932027.2631786,btc-updown-15m-1765931400,1765931400.0,1765932300.0,,272.73682141304016,,,,,0,0,0.99,0.98,ONE_LEG_INVENTORY,,,,,,,,,,,,,,0,5.0,,,,,,,,,,,,,,,,,,,,RECONSTRUCT_BLOCKED: BLOCKED_BY_CAP_MIN,,,,,,,,10.0,6.5600000000000005,,,,,0,0,,,Inv: 10.0/6.6 CapLeft: 3.4,,,10.0,6.5600000000000005,16.560000000000002,3.4399999999999977
1765932029.138165,btc-updown-15m-1765931400,1765931400.0,1765932300.0,,270.86183500289917,,,,,0,0,0.98,0.98,ONE_LEG_INVENTORY,,,,,,,,,,,,,,0,5.0,,,,,,,,,,,,,,,,,,,,RECONSTRUCT_BLOCKED: BLOCKED_BY_CAP_MIN,,,,,,,,10.0,6.5600000000000005,,,,,0,0,,,Inv: 10.0/6.6 CapLeft: 3.4,,,10.0,6.5600000000000005,16.560000000000002,3.4399999999999977
1765932029.138165,btc-updown-15m-1765931400,1765931400.0,1765932300.0,,270.86183500289917,,,,,0,0,0.98,0.98,ONE_LEG_INVENTORY,,,,,,,,,,,,,,0,5.0,,,,,,,,,,,,,,,,,,,,RECONSTRUCT_BLOCKED: BLOCKED_BY_CAP_MIN,,,,,,,,10.0,6.5600000000000005,,,,,0,0,,,Inv: 10.0/6.6 CapLeft: 3.4,,,10.0,6.5600000000000005,16.560000000000002,3.4399999999999977
1765932031.042224,btc-updown-15m-1765931400,1765931400.0,1765932300.0,,268.9577760696411,,,,,0,0,0.98,0.98,ONE_LEG_INVENTORY,,,,,,,,,,,,,,0,5.0,,,,,,,,,,,,,,,,,,,,RECONSTRUCT_BLOCKED: BLOCKED_BY_CAP_MIN,,,,,,,,10.0,6.5600000000000005,,,,,0,0,,,Inv: 10.0/6.6 CapLeft: 3.4,,,10.0,6.5600000000000005,16.560000000000002,3.4399999999999977
1765932031.042224,btc-updown-15m-1765931400,1765931400.0,1765932300.0,,268.9577760696411,,,,,0,0,0.98,0.98,ONE_LEG_INVENTORY,,,,,,,,,,,,,,0,5.0,,,,,,,,,,,,,,,,,,,,RECONSTRUCT_BLOCKED: BLOCKED_BY_CAP_MIN,,,,,,,,10.0,6.5600000000000005,,,,,0,0,,,Inv: 10.0/6.6 CapLeft: 3.4,,,10.0,6.5600000000000005,16.560000000000002,3.4399999999999977
1765932032.9329455,btc-updown-15m-1765931400,1765931400.0,1765932300.0,,267.0670545101166,,,,,0,0,0.99,0.98,ONE_LEG_INVENTORY,,,,,,,,,,,,,,0,5.0,,,,,,,,,,,,,,,,,,,,RECONSTRUCT_BLOCKED: BLOCKED_BY_CAP_MIN,,,,,,,,10.0,6.5600000000000005,,,,,0,0,,,Inv: 10.0/6.6 CapLeft: 3.4,,,10.0,6.5600000000000005,16.560000000000002,3.4399999999999977
1765932032.9329455,btc-updown-15m-1765931400,1765931400.0,1765932300.0,,267.0670545101166,,,,,0,0,0.99,0.98,ONE_LEG_INVENTORY,,,,,,,,,,,,,,0,5.0,,,,,,,,,,,,,,,,,,,,RECONSTRUCT_BLOCKED: BLOCKED_BY_CAP_MIN,,,,,,,,10.0,6.5600000000000005,,,,,0,0,,,Inv: 10.0/6.6 CapLeft: 3.4,,,10.0,6.5600000000000005,16.560000000000002,3.4399999999999977
1765932034.8181548,btc-updown-15m-1765931400,1765931400.0,1765932300.0,,265.18184518814087,,,,,0,0,0.99,0.98,ONE_LEG_INVENTORY,,,,,,,,,,,,,,0,5.0,,,,,,,,,,,,,,,,,,,,RECONSTRUCT_BLOCKED: BLOCKED_BY_CAP_MIN,,,,,,,,10.0,6.5600000000000005,,,,,0,0,,,Inv: 10.0/6.6 CapLeft: 3.4,,,10.0,6.5600000000000005,16.560000000000002,3.4399999999999977
1765932034.8181548,btc-updown-15m-1765931400,1765931400.0,1765932300.0,,265.18184518814087,,,,,0,0,0.99,0.98,ONE_LEG_INVENTORY,,,,,,,,,,,,,,0,5.0,,,,,,,,,,,,,,,,,,,,RECONSTRUCT_BLOCKED: BLOCKED_BY_CAP_MIN,,,,,,,,10.0,6.5600000000000005,,,,,0,0,,,Inv: 10.0/6.6 CapLeft: 3.4,,,10.0,6.5600000000000005,16.560000000000002,3.4399999999999977
1765932036.7098012,btc-updown-15m-1765931400,1765931400.0,1765932300.0,,263.290198802948,,,,,0,0,0.99,0.98,ONE_LEG_INVENTORY,,,,,,,,,,,,,,0,5.0,,,,,,,,,,,,,,,,,,,,RECONSTRUCT_BLOCKED: BLOCKED_BY_CAP_MIN,,,,,,,,10.0,6.5600000000000005,,,,,0,0,,,Inv: 10.0/6.6 CapLeft: 3.4,,,10.0,6.5600000000000005,16.560000000000002,3.4399999999999977
1765932036.7098012,btc-updown-15m-1765931400,1765931400.0,1765932300.0,,263.290198802948,,,,,0,0,0.99,0.98,ONE_LEG_INVENTORY,,,,,,,,,,,,,,0,5.0,,,,,,,,,,,,,,,,,,,,RECONSTRUCT_BLOCKED: BLOCKED_BY_CAP_MIN,,,,,,,,10.0,6.5600000000000005,,,,,0,0,,,Inv: 10.0/6.6 CapLeft: 3.4,,,10.0,6.5600000000000005,16.560000000000002,3.4399999999999977
1765932038.6144326,btc-updown-15m-1765931400,1765931400.0,1765932300.0,,261.3855674266815,,,,,0,0,0.97,0.98,ONE_LEG_INVENTORY,,,,,,,,,,,,,,0,5.0,,,,,,,,,,,,,,,,,,,,RECONSTRUCT_BLOCKED: BLOCKED_BY_CAP_MIN,,,,,,,,10.0,6.5600000000000005,,,,,0,0,,,Inv: 10.0/6.6 CapLeft: 3.4,,,10.0,6.5600000000000005,16.560000000000002,3.4399999999999977
1765932038.6144326,btc-updown-15m-1765931400,1765931400.0,1765932300.0,,261.3855674266815,,,,,0,0,0.97,0.98,ONE_LEG_INVENTORY,,,,,,,,,,,,,,0,5.0,,,,,,,,,,,,,,,,,,,,RECONSTRUCT_BLOCKED: BLOCKED_BY_CAP_MIN,,,,,,,,10.0,6.5600000000000005,,,,,0,0,,,Inv: 10.0/6.6 CapLeft: 3.4,,,10.0,6.5600000000000005,16.560000000000002,3.4399999999999977
1765932040.507017,btc-updown-15m-1765931400,1765931400.0,1765932300.0,,259.49298310279846,,,,,0,0,0.97,0.98,ONE_LEG_INVENTORY,,,,,,,,,,,,,,0,5.0,,,,,,,,,,,,,,,,,,,,RECONSTRUCT_BLOCKED: BLOCKED_BY_CAP_MIN,,,,,,,,10.0,6.5600000000000005,,,,,0,0,,,Inv: 10.0/6.6 CapLeft: 3.4,,,10.0,6.5600000000000005,16.560000000000002,3.4399999999999977
1765932040.507017,btc-updown-15m-1765931400,1765931400.0,1765932300.0,,259.49298310279846,,,,,0,0,0.97,0.98,ONE_LEG_INVENTORY,,,,,,,,,,,,,,0,5.0,,,,,,,,,,,,,,,,,,,,RECONSTRUCT_BLOCKED: BLOCKED_BY_CAP_MIN,,,,,,,,10.0,6.5600000000000005,,,,,0,0,,,Inv: 10.0/6.6 CapLeft: 3.4,,,10.0,6.5600000000000005,16.560000000000002,3.4399999999999977
1765932042.3953645,btc-updown-15m-1765931400,1765931400.0,1765932300.0,,257.60463547706604,,,,,0,0,0.97,0.98,ONE_LEG_INVENTORY,,,,,,,,,,,,,,0,5.0,,,,,,,,,,,,,,,,,,,,RECONSTRUCT_BLOCKED: BLOCKED_BY_CAP_MIN,,,,,,,,10.0,6.5600000000000005,,,,,0,0,,,Inv: 10.0/6.6 CapLeft: 3.4,,,10.0,6.5600000000000005,16.560000000000002,3.4399999999999977
1765932042.3953645,btc-updown-15m-1765931400,1765931400.0,1765932300.0,,257.60463547706604,,,,,0,0,0.97,0.98,ONE_LEG_INVENTORY,,,,,,,,,,,,,,0,5.0,,,,,,,,,,,,,,,,,,,,RECONSTRUCT_BLOCKED: BLOCKED_BY_CAP_MIN,,,,,,,,10.0,6.5600000000000005,,,,,0,0,,,Inv: 10.0/6.6 CapLeft: 3.4,,,10.0,6.5600000000000005,16.560000000000002,3.4399999999999977
1765932044.2656896,btc-updown-15m-1765931400,1765931400.0,1765932300.0,,255.73431038856506,,,,,0,0,0.98,0.98,ONE_LEG_INVENTORY,,,,,,,,,,,,,,0,5.0,,,,,,,,,,,,,,,,,,,,RECONSTRUCT_BLOCKED: BLOCKED_BY_CAP_MIN,,,,,,,,10.0,6.5600000000000005,,,,,0,0,,,Inv: 10.0/6.6 CapLeft: 3.4,,,10.0,6.5600000000000005,16.560000000000002,3.4399999999999977
1765932044.2656896,btc-updown-15m-1765931400,1765931400.0,1765932300.0,,255.73431038856506,,,,,0,0,0.98,0.98,ONE_LEG_INVENTORY,,,,,,,,,,,,,,0,5.0,,,,,,,,,,,,,,,,,,,,RECONSTRUCT_BLOCKED: BLOCKED_BY_CAP_MIN,,,,,,,,10.0,6.5600000000000005,,,,,0,0,,,Inv: 10.0/6.6 CapLeft: 3.4,,,10.0,6.5600000000000005,16.560000000000002,3.4399999999999977
1765932046.181627,btc-updown-15m-1765931400,1765931400.0,1765932300.0,,253.818372964859,,,,,0,0,0.99,0.98,ONE_LEG_INVENTORY,,,,,,,,,,,,,,0,5.0,,,,,,,,,,,,,,,,,,,,RECONSTRUCT_BLOCKED: BLOCKED_BY_CAP_MIN,,,,,,,,10.0,6.5600000000000005,,,,,0,0,,,Inv: 10.0/6.6 CapLeft: 3.4,,,10.0,6.5600000000000005,16.560000000000002,3.4399999999999977
1765932046.181627,btc-updown-15m-1765931400,1765931400.0,1765932300.0,,253.818372964859,,,,,0,0,0.99,0.98,ONE_LEG_INVENTORY,,,,,,,,,,,,,,0,5.0,,,,,,,,,,,,,,,,,,,,RECONSTRUCT_BLOCKED: BLOCKED_BY_CAP_MIN,,,,,,,,10.0,6.5600000000000005,,,,,0,0,,,Inv: 10.0/6.6 CapLeft: 3.4,,,10.0,6.5600000000000005,16.560000000000002,3.4399999999999977
1765932048.0603979,btc-updown-15m-1765931400,1765931400.0,1765932300.0,,251.93960213661194,,,,,0,0,0.99,0.98,ONE_LEG_INVENTORY,,,,,,,,,,,,,,0,5.0,,,,,,,,,,,,,,,,,,,,RECONSTRUCT_BLOCKED: BLOCKED_BY_CAP_MIN,,,,,,,,10.0,6.5600000000000005,,,,,0,0,,,Inv: 10.0/6.6 CapLeft: 3.4,,,10.0,6.5600000000000005,16.560000000000002,3.4399999999999977
1765932048.0603979,btc-updown-15m-1765931400,1765931400.0,1765932300.0,,251.93960213661194,,,,,0,0,0.99,0.98,ONE_LEG_INVENTORY,,,,,,,,,,,,,,0,5.0,,,,,,,,,,,,,,,,,,,,RECONSTRUCT_BLOCKED: BLOCKED_BY_CAP_MIN,,,,,,,,10.0,6.5600000000000005,,,,,0,0,,,Inv: 10.0/6.6 CapLeft: 3.4,,,10.0,6.5600000000000005,16.560000000000002,3.4399999999999977
1765932049.9483805,btc-updown-15m-1765931400,1765931400.0,1765932300.0,,250.05161952972412,,,,,0,0,0.99,0.98,ONE_LEG_INVENTORY,,,,,,,,,,,,,,0,5.0,,,,,,,,,,,,,,,,,,,,RECONSTRUCT_BLOCKED: BLOCKED_BY_CAP_MIN,,,,,,,,10.0,6.5600000000000005,,,,,0,0,,,Inv: 10.0/6.6 CapLeft: 3.4,,,10.0,6.5600000000000005,16.560000000000002,3.4399999999999977
1765932049.9483805,btc-updown-15m-1765931400,1765931400.0,1765932300.0,,250.05161952972412,,,,,0,0,0.99,0.98,ONE_LEG_INVENTORY,,,,,,,,,,,,,,0,5.0,,,,,,,,,,,,,,,,,,,,RECONSTRUCT_BLOCKED: BLOCKED_BY_CAP_MIN,,,,,,,,10.0,6.5600000000000005,,,,,0,0,,,Inv: 10.0/6.6 CapLeft: 3.4,,,10.0,6.5600000000000005,16.560000000000002,3.4399999999999977
1765932051.834749,btc-updown-15m-1765931400,1765931400.0,1765932300.0,,248.16525101661682,,,,,0,0,0.98,0.98,ONE_LEG_INVENTORY,,,,,,,,,,,,,,0,5.0,,,,,,,,,,,,,,,,,,,,RECONSTRUCT_BLOCKED: BLOCKED_BY_CAP_MIN,,,,,,,,10.0,6.5600000000000005,,,,,0,0,,,Inv: 10.0/6.6 CapLeft: 3.4,,,10.0,6.5600000000000005,16.560000000000002,3.4399999999999977
1765932051.834749,btc-updown-15m-1765931400,1765931400.0,1765932300.0,,248.16525101661682,,,,,0,0,0.98,0.98,ONE_LEG_INVENTORY,,,,,,,,,,,,,,0,5.0,,,,,,,,,,,,,,,,,,,,RECONSTRUCT_BLOCKED: BLOCKED_BY_CAP_MIN,,,,,,,,10.0,6.5600000000000005,,,,,0,0,,,Inv: 10.0/6.6 CapLeft: 3.4,,,10.0,6.5600000000000005,16.560000000000002,3.4399999999999977
1765932053.708598,btc-updown-15m-1765931400,1765931400.0,1765932300.0,,246.29140210151672,,,,,0,0,0.99,0.98,ONE_LEG_INVENTORY,,,,,,,,,,,,,,0,5.0,,,,,,,,,,,,,,,,,,,,RECONSTRUCT_BLOCKED: BLOCKED_BY_CAP_MIN,,,,,,,,10.0,6.5600000000000005,,,,,0,0,,,Inv: 10.0/6.6 CapLeft: 3.4,,,10.0,6.5600000000000005,16.560000000000002,3.4399999999999977
1765932053.708598,btc-updown-15m-1765931400,1765931400.0,1765932300.0,,246.29140210151672,,,,,0,0,0.99,0.98,ONE_LEG_INVENTORY,,,,,,,,,,,,,,0,5.0,,,,,,,,,,,,,,,,,,,,RECONSTRUCT_BLOCKED: BLOCKED_BY_CAP_MIN,,,,,,,,10.0,6.5600000000000005,,,,,0,0,,,Inv: 10.0/6.6 CapLeft: 3.4,,,10.0,6.5600000000000005,16.560000000000002,3.4399999999999977
1765932055.6074398,btc-updown-15m-1765931400,1765931400.0,1765932300.0,,244.39256024360657,,,,,0,0,0.99,0.98,ONE_LEG_INVENTORY,,,,,,,,,,,,,,0,5.0,,,,,,,,,,,,,,,,,,,,RECONSTRUCT_BLOCKED: BLOCKED_BY_CAP_MIN,,,,,,,,10.0,6.5600000000000005,,,,,0,0,,,Inv: 10.0/6.6 CapLeft: 3.4,,,10.0,6.5600000000000005,16.560000000000002,3.4399999999999977
1765932055.6074398,btc-updown-15m-1765931400,1765931400.0,1765932300.0,,244.39256024360657,,,,,0,0,0.99,0.98,ONE_LEG_INVENTORY,,,,,,,,,,,,,,0,5.0,,,,,,,,,,,,,,,,,,,,RECONSTRUCT_BLOCKED: BLOCKED_BY_CAP_MIN,,,,,,,,10.0,6.5600000000000005,,,,,0,0,,,Inv: 10.0/6.6 CapLeft: 3.4,,,10.0,6.5600000000000005,16.560000000000002,3.4399999999999977
1765932057.495139,btc-updown-15m-1765931400,1765931400.0,1765932300.0,,242.5048611164093,,,,,0,0,1.01,0.98,ONE_LEG_INVENTORY,,,,,,,,,,,,,,0,5.0,,,,,,,,,,,,,,,,,,,,RECONSTRUCT_BLOCKED: BLOCKED_BY_CAP_MIN,,,,,,,,10.0,6.5600000000000005,,,,,0,0,,,Inv: 10.0/6.6 CapLeft: 3.4,,,10.0,6.5600000000000005,16.560000000000002,3.4399999999999977
1765932057.495139,btc-updown-15m-1765931400,1765931400.0,1765932300.0,,242.5048611164093,,,,,0,0,1.01,0.98,ONE_LEG_INVENTORY,,,,,,,,,,,,,,0,5.0,,,,,,,,,,,,,,,,,,,,RECONSTRUCT_BLOCKED: BLOCKED_BY_CAP_MIN,,,,,,,,10.0,6.5600000000000005,,,,,0,0,,,Inv: 10.0/6.6 CapLeft: 3.4,,,10.0,6.5600000000000005,16.560000000000002,3.4399999999999977
1765932059.3845756,btc-updown-15m-1765931400,1765931400.0,1765932300.0,,240.61542439460754,,,,,0,0,0.99,0.98,ONE_LEG_INVENTORY,,,,,,,,,,,,,,0,5.0,,,,,,,,,,,,,,,,,,,,RECONSTRUCT_BLOCKED: BLOCKED_BY_CAP_MIN,,,,,,,,10.0,6.5600000000000005,,,,,0,0,,,Inv: 10.0/6.6 CapLeft: 3.4,,,10.0,6.5600000000000005,16.560000000000002,3.4399999999999977
1765932059.3845756,btc-updown-15m-1765931400,1765931400.0,1765932300.0,,240.61542439460754,,,,,0,0,0.99,0.98,ONE_LEG_INVENTORY,,,,,,,,,,,,,,0,5.0,,,,,,,,,,,,,,,,,,,,RECONSTRUCT_BLOCKED: BLOCKED_BY_CAP_MIN,,,,,,,,10.0,6.5600000000000005,,,,,0,0,,,Inv: 10.0/6.6 CapLeft: 3.4,,,10.0,6.5600000000000005,16.560000000000002,3.4399999999999977
1765932061.2841234,btc-updown-15m-1765931400,1765931400.0,1765932300.0,,238.71587657928467,,,,,0,0,0.99,0.98,ONE_LEG_INVENTORY,,,,,,,,,,,,,,0,5.0,,,,,,,,,,,,,,,,,,,,RECONSTRUCT_BLOCKED: BLOCKED_BY_CAP_MIN,,,,,,,,10.0,6.5600000000000005,,,,,0,0,,,Inv: 10.0/6.6 CapLeft: 3.4,,,10.0,6.5600000000000005,16.560000000000002,3.4399999999999977
1765932061.2841234,btc-updown-15m-1765931400,1765931400.0,1765932300.0,,238.71587657928467,,,,,0,0,0.99,0.98,ONE_LEG_INVENTORY,,,,,,,,,,,,,,0,5.0,,,,,,,,,,,,,,,,,,,,RECONSTRUCT_BLOCKED: BLOCKED_BY_CAP_MIN,,,,,,,,10.0,6.5600000000000005,,,,,0,0,,,Inv: 10.0/6.6 CapLeft: 3.4,,,10.0,6.5600000000000005,16.560000000000002,3.4399999999999977
1765932063.1447294,btc-updown-15m-1765931400,1765931400.0,1765932300.0,,236.85527062416077,,,,,0,0,0.99,0.98,ONE_LEG_INVENTORY,,,,,,,,,,,,,,0,5.0,,,,,,,,,,,,,,,,,,,,RECONSTRUCT_BLOCKED: BLOCKED_BY_CAP_MIN,,,,,,,,10.0,6.5600000000000005,,,,,0,0,,,Inv: 10.0/6.6 CapLeft: 3.4,,,10.0,6.5600000000000005,16.560000000000002,3.4399999999999977
1765932063.1447294,btc-updown-15m-1765931400,1765931400.0,1765932300.0,,236.85527062416077,,,,,0,0,0.99,0.98,ONE_LEG_INVENTORY,,,,,,,,,,,,,,0,5.0,,,,,,,,,,,,,,,,,,,,RECONSTRUCT_BLOCKED: BLOCKED_BY_CAP_MIN,,,,,,,,10.0,6.5600000000000005,,,,,0,0,,,Inv: 10.0/6.6 CapLeft: 3.4,,,10.0,6.5600000000000005,16.560000000000002,3.4399999999999977
1765932065.025923,btc-updown-15m-1765931400,1765931400.0,1765932300.0,,234.97407698631287,,,,,0,0,0.99,0.98,ONE_LEG_INVENTORY,,,,,,,,,,,,,,0,5.0,,,,,,,,,,,,,,,,,,,,RECONSTRUCT_BLOCKED: BLOCKED_BY_CAP_MIN,,,,,,,,10.0,6.5600000000000005,,,,,0,0,,,Inv: 10.0/6.6 CapLeft: 3.4,,,10.0,6.5600000000000005,16.560000000000002,3.4399999999999977
1765932065.025923,btc-updown-15m-1765931400,1765931400.0,1765932300.0,,234.97407698631287,,,,,0,0,0.99,0.98,ONE_LEG_INVENTORY,,,,,,,,,,,,,,0,5.0,,,,,,,,,,,,,,,,,,,,RECONSTRUCT_BLOCKED: BLOCKED_BY_CAP_MIN,,,,,,,,10.0,6.5600000000000005,,,,,0,0,,,Inv: 10.0/6.6 CapLeft: 3.4,,,10.0,6.5600000000000005,16.560000000000002,3.4399999999999977
1765932066.9118292,btc-updown-15m-1765931400,1765931400.0,1765932300.0,,233.08817076683044,,,,,0,0,0.99,0.98,ONE_LEG_INVENTORY,,,,,,,,,,,,,,0,5.0,,,,,,,,,,,,,,,,,,,,RECONSTRUCT_BLOCKED: BLOCKED_BY_CAP_MIN,,,,,,,,10.0,6.5600000000000005,,,,,0,0,,,Inv: 10.0/6.6 CapLeft: 3.4,,,10.0,6.5600000000000005,16.560000000000002,3.4399999999999977
1765932066.9118292,btc-updown-15m-1765931400,1765931400.0,1765932300.0,,233.08817076683044,,,,,0,0,0.99,0.98,ONE_LEG_INVENTORY,,,,,,,,,,,,,,0,5.0,,,,,,,,,,,,,,,,,,,,RECONSTRUCT_BLOCKED: BLOCKED_BY_CAP_MIN,,,,,,,,10.0,6.5600000000000005,,,,,0,0,,,Inv: 10.0/6.6 CapLeft: 3.4,,,10.0,6.5600000000000005,16.560000000000002,3.4399999999999977
1765932068.7846537,btc-updown-15m-1765931400,1765931400.0,1765932300.0,,231.21534633636475,,,,,0,0,0.97,0.98,ONE_LEG_INVENTORY,,,,,,,,,,,,,,0,5.0,,,,,,,,,,,,,,,,,,,,RECONSTRUCT_BLOCKED: BLOCKED_BY_CAP_MIN,,,,,,,,10.0,6.5600000000000005,,,,,0,0,,,Inv: 10.0/6.6 CapLeft: 3.4,,,10.0,6.5600000000000005,16.560000000000002,3.4399999999999977
1765932068.7846537,btc-updown-15m-1765931400,1765931400.0,1765932300.0,,231.21534633636475,,,,,0,0,0.97,0.98,ONE_LEG_INVENTORY,,,,,,,,,,,,,,0,5.0,,,,,,,,,,,,,,,,,,,,RECONSTRUCT_BLOCKED: BLOCKED_BY_CAP_MIN,,,,,,,,10.0,6.5600000000000005,,,,,0,0,,,Inv: 10.0/6.6 CapLeft: 3.4,,,10.0,6.5600000000000005,16.560000000000002,3.4399999999999977
1765932070.688459,btc-updown-15m-1765931400,1765931400.0,1765932300.0,,229.31154108047485,,,,,0,0,0.99,0.98,ONE_LEG_INVENTORY,,,,,,,,,,,,,,0,5.0,,,,,,,,,,,,,,,,,,,,RECONSTRUCT_BLOCKED: BLOCKED_BY_CAP_MIN,,,,,,,,10.0,6.5600000000000005,,,,,0,0,,,Inv: 10.0/6.6 CapLeft: 3.4,,,10.0,6.5600000000000005,16.560000000000002,3.4399999999999977
1765932070.688459,btc-updown-15m-1765931400,1765931400.0,1765932300.0,,229.31154108047485,,,,,0,0,0.99,0.98,ONE_LEG_INVENTORY,,,,,,,,,,,,,,0,5.0,,,,,,,,,,,,,,,,,,,,RECONSTRUCT_BLOCKED: BLOCKED_BY_CAP_MIN,,,,,,,,10.0,6.5600000000000005,,,,,0,0,,,Inv: 10.0/6.6 CapLeft: 3.4,,,10.0,6.5600000000000005,16.560000000000002,3.4399999999999977
1765932072.6114898,btc-updown-15m-1765931400,1765931400.0,1765932300.0,,227.38851022720337,,,,,0,0,0.98,0.98,ONE_LEG_INVENTORY,,,,,,,,,,,,,,0,5.0,,,,,,,,,,,,,,,,,,,,RECONSTRUCT_BLOCKED: BLOCKED_BY_CAP_MIN,,,,,,,,10.0,6.5600000000000005,,,,,0,0,,,Inv: 10.0/6.6 CapLeft: 3.4,,,10.0,6.5600000000000005,16.560000000000002,3.4399999999999977
1765932072.6114898,btc-updown-15m-1765931400,1765931400.0,1765932300.0,,227.38851022720337,,,,,0,0,0.98,0.98,ONE_LEG_INVENTORY,,,,,,,,,,,,,,0,5.0,,,,,,,,,,,,,,,,,,,,RECONSTRUCT_BLOCKED: BLOCKED_BY_CAP_MIN,,,,,,,,10.0,6.5600000000000005,,,,,0,0,,,Inv: 10.0/6.6 CapLeft: 3.4,,,10.0,6.5600000000000005,16.560000000000002,3.4399999999999977
1765932074.526873,btc-updown-15m-1765931400,1765931400.0,1765932300.0,,225.47312688827515,,,,,0,0,0.96,0.98,ONE_LEG_INVENTORY,,,,,,,,,,,,,,0,5.0,,,,,,,,,,,,,,,,,,,,RECONSTRUCT_BLOCKED: BLOCKED_BY_CAP_MIN,,,,,,,,10.0,6.5600000000000005,,,,,0,0,,,Inv: 10.0/6.6 CapLeft: 3.4,,,10.0,6.5600000000000005,16.560000000000002,3.4399999999999977
1765932074.526873,btc-updown-15m-1765931400,1765931400.0,1765932300.0,,225.47312688827515,,,,,0,0,0.96,0.98,ONE_LEG_INVENTORY,,,,,,,,,,,,,,0,5.0,,,,,,,,,,,,,,,,,,,,RECONSTRUCT_BLOCKED: BLOCKED_BY_CAP_MIN,,,,,,,,10.0,6.5600000000000005,,,,,0,0,,,Inv: 10.0/6.6 CapLeft: 3.4,,,10.0,6.5600000000000005,16.560000000000002,3.4399999999999977
1765932076.4024704,btc-updown-15m-1765931400,1765931400.0,1765932300.0,,223.5975296497345,,,,,0,0,0.98,0.98,ONE_LEG_INVENTORY,,,,,,,,,,,,,,0,5.0,,,,,,,,,,,,,,,,,,,,RECONSTRUCT_BLOCKED: BLOCKED_BY_CAP_MIN,,,,,,,,10.0,6.5600000000000005,,,,,0,0,,,Inv: 10.0/6.6 CapLeft: 3.4,,,10.0,6.5600000000000005,16.560000000000002,3.4399999999999977
1765932076.4024704,btc-updown-15m-1765931400,1765931400.0,1765932300.0,,223.5975296497345,,,,,0,0,0.98,0.98,ONE_LEG_INVENTORY,,,,,,,,,,,,,,0,5.0,,,,,,,,,,,,,,,,,,,,RECONSTRUCT_BLOCKED: BLOCKED_BY_CAP_MIN,,,,,,,,10.0,6.5600000000000005,,,,,0,0,,,Inv: 10.0/6.6 CapLeft: 3.4,,,10.0,6.5600000000000005,16.560000000000002,3.4399999999999977
1765932078.299534,btc-updown-15m-1765931400,1765931400.0,1765932300.0,,221.70046591758728,,,,,0,0,0.99,0.98,ONE_LEG_INVENTORY,,,,,,,,,,,,,,0,5.0,,,,,,,,,,,,,,,,,,,,RECONSTRUCT_BLOCKED: BLOCKED_BY_CAP_MIN,,,,,,,,10.0,6.5600000000000005,,,,,0,0,,,Inv: 10.0/6.6 CapLeft: 3.4,,,10.0,6.5600000000000005,16.560000000000002,3.4399999999999977
1765932078.299534,btc-updown-15m-1765931400,1765931400.0,1765932300.0,,221.70046591758728,,,,,0,0,0.99,0.98,ONE_LEG_INVENTORY,,,,,,,,,,,,,,0,5.0,,,,,,,,,,,,,,,,,,,,RECONSTRUCT_BLOCKED: BLOCKED_BY_CAP_MIN,,,,,,,,10.0,6.5600000000000005,,,,,0,0,,,Inv: 10.0/6.6 CapLeft: 3.4,,,10.0,6.5600000000000005,16.560000000000002,3.4399999999999977
1765932080.1744921,btc-updown-15m-1765931400,1765931400.0,1765932300.0,,219.8255078792572,,,,,0,0,0.98,0.98,ONE_LEG_INVENTORY,,,,,,,,,,,,,,0,5.0,,,,,,,,,,,,,,,,,,,,RECONSTRUCT_BLOCKED: BLOCKED_BY_CAP_MIN,,,,,,,,10.0,6.5600000000000005,,,,,0,0,,,Inv: 10.0/6.6 CapLeft: 3.4,,,10.0,6.5600000000000005,16.560000000000002,3.4399999999999977
1765932080.1744921,btc-updown-15m-1765931400,1765931400.0,1765932300.0,,219.8255078792572,,,,,0,0,0.98,0.98,ONE_LEG_INVENTORY,,,,,,,,,,,,,,0,5.0,,,,,,,,,,,,,,,,,,,,RECONSTRUCT_BLOCKED: BLOCKED_BY_CAP_MIN,,,,,,,,10.0,6.5600000000000005,,,,,0,0,,,Inv: 10.0/6.6 CapLeft: 3.4,,,10.0,6.5600000000000005,16.560000000000002,3.4399999999999977
1765932082.0540144,btc-updown-15m-1765931400,1765931400.0,1765932300.0,,217.9459855556488,,,,,0,0,0.98,0.98,ONE_LEG_INVENTORY,,,,,,,,,,,,,,0,5.0,,,,,,,,,,,,,,,,,,,,RECONSTRUCT_BLOCKED: BLOCKED_BY_CAP_MIN,,,,,,,,10.0,6.5600000000000005,,,,,0,0,,,Inv: 10.0/6.6 CapLeft: 3.4,,,10.0,6.5600000000000005,16.560000000000002,3.4399999999999977
1765932082.0540144,btc-updown-15m-1765931400,1765931400.0,1765932300.0,,217.9459855556488,,,,,0,0,0.98,0.98,ONE_LEG_INVENTORY,,,,,,,,,,,,,,0,5.0,,,,,,,,,,,,,,,,,,,,RECONSTRUCT_BLOCKED: BLOCKED_BY_CAP_MIN,,,,,,,,10.0,6.5600000000000005,,,,,0,0,,,Inv: 10.0/6.6 CapLeft: 3.4,,,10.0,6.5600000000000005,16.560000000000002,3.4399999999999977
1765932083.937526,btc-updown-15m-1765931400,1765931400.0,1765932300.0,,216.06247401237488,,,,,0,0,0.99,0.98,ONE_LEG_INVENTORY,,,,,,,,,,,,,,0,5.0,,,,,,,,,,,,,,,,,,,,RECONSTRUCT_BLOCKED: BLOCKED_BY_CAP_MIN,,,,,,,,10.0,6.5600000000000005,,,,,0,0,,,Inv: 10.0/6.6 CapLeft: 3.4,,,10.0,6.5600000000000005,16.560000000000002,3.4399999999999977
1765932083.937526,btc-updown-15m-1765931400,1765931400.0,1765932300.0,,216.06247401237488,,,,,0,0,0.99,0.98,ONE_LEG_INVENTORY,,,,,,,,,,,,,,0,5.0,,,,,,,,,,,,,,,,,,,,RECONSTRUCT_BLOCKED: BLOCKED_BY_CAP_MIN,,,,,,,,10.0,6.5600000000000005,,,,,0,0,,,Inv: 10.0/6.6 CapLeft: 3.4,,,10.0,6.5600000000000005,16.560000000000002,3.4399999999999977
1765932085.841772,btc-updown-15m-1765931400,1765931400.0,1765932300.0,,214.15822792053223,,,,,0,0,0.98,0.98,ONE_LEG_INVENTORY,,,,,,,,,,,,,,0,5.0,,,,,,,,,,,,,,,,,,,,RECONSTRUCT_BLOCKED: BLOCKED_BY_CAP_MIN,,,,,,,,10.0,6.5600000000000005,,,,,0,0,,,Inv: 10.0/6.6 CapLeft: 3.4,,,10.0,6.5600000000000005,16.560000000000002,3.4399999999999977
1765932085.841772,btc-updown-15m-1765931400,1765931400.0,1765932300.0,,214.15822792053223,,,,,0,0,0.98,0.98,ONE_LEG_INVENTORY,,,,,,,,,,,,,,0,5.0,,,,,,,,,,,,,,,,,,,,RECONSTRUCT_BLOCKED: BLOCKED_BY_CAP_MIN,,,,,,,,10.0,6.5600000000000005,,,,,0,0,,,Inv: 10.0/6.6 CapLeft: 3.4,,,10.0,6.5600000000000005,16.560000000000002,3.4399999999999977
1765932087.7388484,btc-updown-15m-1765931400,1765931400.0,1765932300.0,,212.26115155220032,,,,,0,0,0.98,0.98,ONE_LEG_INVENTORY,,,,,,,,,,,,,,0,5.0,,,,,,,,,,,,,,,,,,,,RECONSTRUCT_BLOCKED: BLOCKED_BY_CAP_MIN,,,,,,,,10.0,6.5600000000000005,,,,,0,0,,,Inv: 10.0/6.6 CapLeft: 3.4,,,10.0,6.5600000000000005,16.560000000000002,3.4399999999999977
1765932087.7388484,btc-updown-15m-1765931400,1765931400.0,1765932300.0,,212.26115155220032,,,,,0,0,0.98,0.98,ONE_LEG_INVENTORY,,,,,,,,,,,,,,0,5.0,,,,,,,,,,,,,,,,,,,,RECONSTRUCT_BLOCKED: BLOCKED_BY_CAP_MIN,,,,,,,,10.0,6.5600000000000005,,,,,0,0,,,Inv: 10.0/6.6 CapLeft: 3.4,,,10.0,6.5600000000000005,16.560000000000002,3.4399999999999977
1765932089.6255033,btc-updown-15m-1765931400,1765931400.0,1765932300.0,,210.37449669837952,,,,,0,0,0.99,0.98,ONE_LEG_INVENTORY,,,,,,,,,,,,,,0,5.0,,,,,,,,,,,,,,,,,,,,RECONSTRUCT_BLOCKED: BLOCKED_BY_CAP_MIN,,,,,,,,10.0,6.5600000000000005,,,,,0,0,,,Inv: 10.0/6.6 CapLeft: 3.4,,,10.0,6.5600000000000005,16.560000000000002,3.4399999999999977
1765932089.6255033,btc-updown-15m-1765931400,1765931400.0,1765932300.0,,210.37449669837952,,,,,0,0,0.99,0.98,ONE_LEG_INVENTORY,,,,,,,,,,,,,,0,5.0,,,,,,,,,,,,,,,,,,,,RECONSTRUCT_BLOCKED: BLOCKED_BY_CAP_MIN,,,,,,,,10.0,6.5600000000000005,,,,,0,0,,,Inv: 10.0/6.6 CapLeft: 3.4,,,10.0,6.5600000000000005,16.560000000000002,3.4399999999999977
1765932091.5017798,btc-updown-15m-1765931400,1765931400.0,1765932300.0,,208.498220205307,,,,,0,0,0.99,0.98,ONE_LEG_INVENTORY,,,,,,,,,,,,,,0,5.0,,,,,,,,,,,,,,,,,,,,RECONSTRUCT_BLOCKED: BLOCKED_BY_CAP_MIN,,,,,,,,10.0,6.5600000000000005,,,,,0,0,,,Inv: 10.0/6.6 CapLeft: 3.4,,,10.0,6.5600000000000005,16.560000000000002,3.4399999999999977
1765932091.5017798,btc-updown-15m-1765931400,1765931400.0,1765932300.0,,208.498220205307,,,,,0,0,0.99,0.98,ONE_LEG_INVENTORY,,,,,,,,,,,,,,0,5.0,,,,,,,,,,,,,,,,,,,,RECONSTRUCT_BLOCKED: BLOCKED_BY_CAP_MIN,,,,,,,,10.0,6.5600000000000005,,,,,0,0,,,Inv: 10.0/6.6 CapLeft: 3.4,,,10.0,6.5600000000000005,16.560000000000002,3.4399999999999977
1765932093.4174619,btc-updown-15m-1765931400,1765931400.0,1765932300.0,,206.58253812789917,,,,,0,0,0.98,0.98,ONE_LEG_INVENTORY,,,,,,,,,,,,,,0,5.0,,,,,,,,,,,,,,,,,,,,RECONSTRUCT_BLOCKED: BLOCKED_BY_CAP_MIN,,,,,,,,10.0,6.5600000000000005,,,,,0,0,,,Inv: 10.0/6.6 CapLeft: 3.4,,,10.0,6.5600000000000005,16.560000000000002,3.4399999999999977
1765932093.4174619,btc-updown-15m-1765931400,1765931400.0,1765932300.0,,206.58253812789917,,,,,0,0,0.98,0.98,ONE_LEG_INVENTORY,,,,,,,,,,,,,,0,5.0,,,,,,,,,,,,,,,,,,,,RECONSTRUCT_BLOCKED: BLOCKED_BY_CAP_MIN,,,,,,,,10.0,6.5600000000000005,,,,,0,0,,,Inv: 10.0/6.6 CapLeft: 3.4,,,10.0,6.5600000000000005,16.560000000000002,3.4399999999999977
1765932095.3083873,btc-updown-15m-1765931400,1765931400.0,1765932300.0,,204.6916127204895,,,,,0,0,0.99,0.98,ONE_LEG_INVENTORY,,,,,,,,,,,,,,0,5.0,,,,,,,,,,,,,,,,,,,,RECONSTRUCT_BLOCKED: BLOCKED_BY_CAP_MIN,,,,,,,,10.0,6.5600000000000005,,,,,0,0,,,Inv: 10.0/6.6 CapLeft: 3.4,,,10.0,6.5600000000000005,16.560000000000002,3.4399999999999977
1765932095.3083873,btc-updown-15m-1765931400,1765931400.0,1765932300.0,,204.6916127204895,,,,,0,0,0.99,0.98,ONE_LEG_INVENTORY,,,,,,,,,,,,,,0,5.0,,,,,,,,,,,,,,,,,,,,RECONSTRUCT_BLOCKED: BLOCKED_BY_CAP_MIN,,,,,,,,10.0,6.5600000000000005,,,,,0,0,,,Inv: 10.0/6.6 CapLeft: 3.4,,,10.0,6.5600000000000005,16.560000000000002,3.4399999999999977
1765932097.2106075,btc-updown-15m-1765931400,1765931400.0,1765932300.0,,202.78939247131348,,,,,0,0,0.99,0.98,ONE_LEG_INVENTORY,,,,,,,,,,,,,,0,5.0,,,,,,,,,,,,,,,,,,,,RECONSTRUCT_BLOCKED: BLOCKED_BY_CAP_MIN,,,,,,,,10.0,6.5600000000000005,,,,,0,0,,,Inv: 10.0/6.6 CapLeft: 3.4,,,10.0,6.5600000000000005,16.560000000000002,3.4399999999999977
1765932097.2106075,btc-updown-15m-1765931400,1765931400.0,1765932300.0,,202.78939247131348,,,,,0,0,0.99,0.98,ONE_LEG_INVENTORY,,,,,,,,,,,,,,0,5.0,,,,,,,,,,,,,,,,,,,,RECONSTRUCT_BLOCKED: BLOCKED_BY_CAP_MIN,,,,,,,,10.0,6.5600000000000005,,,,,0,0,,,Inv: 10.0/6.6 CapLeft: 3.4,,,10.0,6.5600000000000005,16.560000000000002,3.4399999999999977
1765932099.1119401,btc-updown-15m-1765931400,1765931400.0,1765932300.0,,200.88805985450745,,,,,0,0,0.99,0.98,ONE_LEG_INVENTORY,,,,,,,,,,,,,,0,5.0,,,,,,,,,,,,,,,,,,,,RECONSTRUCT_BLOCKED: BLOCKED_BY_CAP_MIN,,,,,,,,10.0,6.5600000000000005,,,,,0,0,,,Inv: 10.0/6.6 CapLeft: 3.4,,,10.0,6.5600000000000005,16.560000000000002,3.4399999999999977
1765932099.1119401,btc-updown-15m-1765931400,1765931400.0,1765932300.0,,200.88805985450745,,,,,0,0,0.99,0.98,ONE_LEG_INVENTORY,,,,,,,,,,,,,,0,5.0,,,,,,,,,,,,,,,,,,,,RECONSTRUCT_BLOCKED: BLOCKED_BY_CAP_MIN,,,,,,,,10.0,6.5600000000000005,,,,,0,0,,,Inv: 10.0/6.6 CapLeft: 3.4,,,10.0,6.5600000000000005,16.560000000000002,3.4399999999999977
1765932100.9945686,btc-updown-15m-1765931400,1765931400.0,1765932300.0,,199.0054314136505,,,,,0,0,1.0,0.98,ONE_LEG_INVENTORY,,,,,,,,,,,,,,0,5.0,,,,,,,,,,,,,,,,,,,,RECONSTRUCT_BLOCKED: BLOCKED_BY_CAP_MIN,,,,,,,,10.0,6.5600000000000005,,,,,0,0,,,Inv: 10.0/6.6 CapLeft: 3.4,,,10.0,6.5600000000000005,16.560000000000002,3.4399999999999977
1765932100.9945686,btc-updown-15m-1765931400,1765931400.0,1765932300.0,,199.0054314136505,,,,,0,0,1.0,0.98,ONE_LEG_INVENTORY,,,,,,,,,,,,,,0,5.0,,,,,,,,,,,,,,,,,,,,RECONSTRUCT_BLOCKED: BLOCKED_BY_CAP_MIN,,,,,,,,10.0,6.5600000000000005,,,,,0,0,,,Inv: 10.0/6.6 CapLeft: 3.4,,,10.0,6.5600000000000005,16.560000000000002,3.4399999999999977
1765932102.8842084,btc-updown-15m-1765931400,1765931400.0,1765932300.0,,197.11579155921936,,,,,0,0,0.97,0.98,ONE_LEG_INVENTORY,,,,,,,,,,,,,,0,5.0,,,,,,,,,,,,,,,,,,,,RECONSTRUCT_BLOCKED: BLOCKED_BY_CAP_MIN,,,,,,,,10.0,6.5600000000000005,,,,,0,0,,,Inv: 10.0/6.6 CapLeft: 3.4,,,10.0,6.5600000000000005,16.560000000000002,3.4399999999999977
1765932102.8842084,btc-updown-15m-1765931400,1765931400.0,1765932300.0,,197.11579155921936,,,,,0,0,0.97,0.98,ONE_LEG_INVENTORY,,,,,,,,,,,,,,0,5.0,,,,,,,,,,,,,,,,,,,,RECONSTRUCT_BLOCKED: BLOCKED_BY_CAP_MIN,,,,,,,,10.0,6.5600000000000005,,,,,0,0,,,Inv: 10.0/6.6 CapLeft: 3.4,,,10.0,6.5600000000000005,16.560000000000002,3.4399999999999977
1765932104.7735758,btc-updown-15m-1765931400,1765931400.0,1765932300.0,,195.22642421722412,,,,,0,0,0.99,0.98,ONE_LEG_INVENTORY,,,,,,,,,,,,,,0,5.0,,,,,,,,,,,,,,,,,,,,RECONSTRUCT_BLOCKED: BLOCKED_BY_CAP_MIN,,,,,,,,10.0,6.5600000000000005,,,,,0,0,,,Inv: 10.0/6.6 CapLeft: 3.4,,,10.0,6.5600000000000005,16.560000000000002,3.4399999999999977
1765932104.7735758,btc-updown-15m-1765931400,1765931400.0,1765932300.0,,195.22642421722412,,,,,0,0,0.99,0.98,ONE_LEG_INVENTORY,,,,,,,,,,,,,,0,5.0,,,,,,,,,,,,,,,,,,,,RECONSTRUCT_BLOCKED: BLOCKED_BY_CAP_MIN,,,,,,,,10.0,6.5600000000000005,,,,,0,0,,,Inv: 10.0/6.6 CapLeft: 3.4,,,10.0,6.5600000000000005,16.560000000000002,3.4399999999999977
1765932106.657402,btc-updown-15m-1765931400,1765931400.0,1765932300.0,,193.34259796142578,,,,,0,0,0.99,0.98,ONE_LEG_INVENTORY,,,,,,,,,,,,,,0,5.0,,,,,,,,,,,,,,,,,,,,RECONSTRUCT_BLOCKED: BLOCKED_BY_CAP_MIN,,,,,,,,10.0,6.5600000000000005,,,,,0,0,,,Inv: 10.0/6.6 CapLeft: 3.4,,,10.0,6.5600000000000005,16.560000000000002,3.4399999999999977
1765932106.657402,btc-updown-15m-1765931400,1765931400.0,1765932300.0,,193.34259796142578,,,,,0,0,0.99,0.98,ONE_LEG_INVENTORY,,,,,,,,,,,,,,0,5.0,,,,,,,,,,,,,,,,,,,,RECONSTRUCT_BLOCKED: BLOCKED_BY_CAP_MIN,,,,,,,,10.0,6.5600000000000005,,,,,0,0,,,Inv: 10.0/6.6 CapLeft: 3.4,,,10.0,6.5600000000000005,16.560000000000002,3.4399999999999977
1765932108.6008523,btc-updown-15m-1765931400,1765931400.0,1765932300.0,,191.39914774894714,,,,,0,0,0.97,0.98,ONE_LEG_INVENTORY,,,,,,,,,,,,,,0,5.0,,,,,,,,,,,,,,,,,,,,RECONSTRUCT_BLOCKED: BLOCKED_BY_CAP_MIN,,,,,,,,10.0,6.5600000000000005,,,,,0,0,,,Inv: 10.0/6.6 CapLeft: 3.4,,,10.0,6.5600000000000005,16.560000000000002,3.4399999999999977
1765932108.6008523,btc-updown-15m-1765931400,1765931400.0,1765932300.0,,191.39914774894714,,,,,0,0,0.97,0.98,ONE_LEG_INVENTORY,,,,,,,,,,,,,,0,5.0,,,,,,,,,,,,,,,,,,,,RECONSTRUCT_BLOCKED: BLOCKED_BY_CAP_MIN,,,,,,,,10.0,6.5600000000000005,,,,,0,0,,,Inv: 10.0/6.6 CapLeft: 3.4,,,10.0,6.5600000000000005,16.560000000000002,3.4399999999999977
1765932110.4837878,btc-updown-15m-1765931400,1765931400.0,1765932300.0,,189.51621222496033,,,,,0,0,0.99,0.98,ONE_LEG_INVENTORY,,,,,,,,,,,,,,0,5.0,,,,,,,,,,,,,,,,,,,,RECONSTRUCT_BLOCKED: BLOCKED_BY_CAP_MIN,,,,,,,,10.0,6.5600000000000005,,,,,0,0,,,Inv: 10.0/6.6 CapLeft: 3.4,,,10.0,6.5600000000000005,16.560000000000002,3.4399999999999977
1765932110.4837878,btc-updown-15m-1765931400,1765931400.0,1765932300.0,,189.51621222496033,,,,,0,0,0.99,0.98,ONE_LEG_INVENTORY,,,,,,,,,,,,,,0,5.0,,,,,,,,,,,,,,,,,,,,RECONSTRUCT_BLOCKED: BLOCKED_BY_CAP_MIN,,,,,,,,10.0,6.5600000000000005,,,,,0,0,,,Inv: 10.0/6.6 CapLeft: 3.4,,,10.0,6.5600000000000005,16.560000000000002,3.4399999999999977
1765932112.370571,btc-updown-15m-1765931400,1765931400.0,1765932300.0,,187.62942910194397,,,,,0,0,0.98,0.98,ONE_LEG_INVENTORY,,,,,,,,,,,,,,0,5.0,,,,,,,,,,,,,,,,,,,,RECONSTRUCT_BLOCKED: BLOCKED_BY_CAP_MIN,,,,,,,,10.0,6.5600000000000005,,,,,0,0,,,Inv: 10.0/6.6 CapLeft: 3.4,,,10.0,6.5600000000000005,16.560000000000002,3.4399999999999977
1765932112.370571,btc-updown-15m-1765931400,1765931400.0,1765932300.0,,187.62942910194397,,,,,0,0,0.98,0.98,ONE_LEG_INVENTORY,,,,,,,,,,,,,,0,5.0,,,,,,,,,,,,,,,,,,,,RECONSTRUCT_BLOCKED: BLOCKED_BY_CAP_MIN,,,,,,,,10.0,6.5600000000000005,,,,,0,0,,,Inv: 10.0/6.6 CapLeft: 3.4,,,10.0,6.5600000000000005,16.560000000000002,3.4399999999999977
1765932114.2490077,btc-updown-15m-1765931400,1765931400.0,1765932300.0,,185.75099229812622,,,,,0,0,0.99,0.98,ONE_LEG_INVENTORY,,,,,,,,,,,,,,0,5.0,,,,,,,,,,,,,,,,,,,,RECONSTRUCT_BLOCKED: BLOCKED_BY_CAP_MIN,,,,,,,,10.0,6.5600000000000005,,,,,0,0,,,Inv: 10.0/6.6 CapLeft: 3.4,,,10.0,6.5600000000000005,16.560000000000002,3.4399999999999977
1765932114.2490077,btc-updown-15m-1765931400,1765931400.0,1765932300.0,,185.75099229812622,,,,,0,0,0.99,0.98,ONE_LEG_INVENTORY,,,,,,,,,,,,,,0,5.0,,,,,,,,,,,,,,,,,,,,RECONSTRUCT_BLOCKED: BLOCKED_BY_CAP_MIN,,,,,,,,10.0,6.5600000000000005,,,,,0,0,,,Inv: 10.0/6.6 CapLeft: 3.4,,,10.0,6.5600000000000005,16.560000000000002,3.4399999999999977
1765932116.151962,btc-updown-15m-1765931400,1765931400.0,1765932300.0,,183.84803795814514,,,,,0,0,0.99,0.98,ONE_LEG_INVENTORY,,,,,,,,,,,,,,0,5.0,,,,,,,,,,,,,,,,,,,,RECONSTRUCT_BLOCKED: BLOCKED_BY_CAP_MIN,,,,,,,,10.0,6.5600000000000005,,,,,0,0,,,Inv: 10.0/6.6 CapLeft: 3.4,,,10.0,6.5600000000000005,16.560000000000002,3.4399999999999977
1765932116.151962,btc-updown-15m-1765931400,1765931400.0,1765932300.0,,183.84803795814514,,,,,0,0,0.99,0.98,ONE_LEG_INVENTORY,,,,,,,,,,,,,,0,5.0,,,,,,,,,,,,,,,,,,,,RECONSTRUCT_BLOCKED: BLOCKED_BY_CAP_MIN,,,,,,,,10.0,6.5600000000000005,,,,,0,0,,,Inv: 10.0/6.6 CapLeft: 3.4,,,10.0,6.5600000000000005,16.560000000000002,3.4399999999999977
1765932118.04772,btc-updown-15m-1765931400,1765931400.0,1765932300.0,,181.95228004455566,,,,,0,0,0.98,0.98,ONE_LEG_INVENTORY,,,,,,,,,,,,,,0,5.0,,,,,,,,,,,,,,,,,,,,RECONSTRUCT_BLOCKED: BLOCKED_BY_CAP_MIN,,,,,,,,10.0,6.5600000000000005,,,,,0,0,,,Inv: 10.0/6.6 CapLeft: 3.4,,,10.0,6.5600000000000005,16.560000000000002,3.4399999999999977
1765932118.04772,btc-updown-15m-1765931400,1765931400.0,1765932300.0,,181.95228004455566,,,,,0,0,0.98,0.98,ONE_LEG_INVENTORY,,,,,,,,,,,,,,0,5.0,,,,,,,,,,,,,,,,,,,,RECONSTRUCT_BLOCKED: BLOCKED_BY_CAP_MIN,,,,,,,,10.0,6.5600000000000005,,,,,0,0,,,Inv: 10.0/6.6 CapLeft: 3.4,,,10.0,6.5600000000000005,16.560000000000002,3.4399999999999977
1765932119.920817,btc-updown-15m-1765931400,1765931400.0,1765932300.0,,180.07918310165405,,,,,0,0,0.99,0.98,ONE_LEG_INVENTORY,,,,,,,,,,,,,,0,5.0,,,,,,,,,,,,,,,,,,,,RECONSTRUCT_BLOCKED: BLOCKED_BY_CAP_MIN,,,,,,,,10.0,6.5600000000000005,,,,,0,0,,,Inv: 10.0/6.6 CapLeft: 3.4,,,10.0,6.5600000000000005,16.560000000000002,3.4399999999999977
1765932119.920817,btc-updown-15m-1765931400,1765931400.0,1765932300.0,,180.07918310165405,,,,,0,0,0.99,0.98,ONE_LEG_INVENTORY,,,,,,,,,,,,,,0,5.0,,,,,,,,,,,,,,,,,,,,RECONSTRUCT_BLOCKED: BLOCKED_BY_CAP_MIN,,,,,,,,10.0,6.5600000000000005,,,,,0,0,,,Inv: 10.0/6.6 CapLeft: 3.4,,,10.0,6.5600000000000005,16.560000000000002,3.4399999999999977
1765932121.807866,btc-updown-15m-1765931400,1765931400.0,1765932300.0,,178.19213390350342,,,,,0,0,0.99,0.98,ONE_LEG_INVENTORY,,,,,,,,,,,,,,0,5.0,,,,,,,,,,,,,,,,,,,,RECONSTRUCT_BLOCKED: BLOCKED_BY_CAP_MIN,,,,,,,,10.0,6.5600000000000005,,,,,0,0,,,Inv: 10.0/6.6 CapLeft: 3.4,,,10.0,6.5600000000000005,16.560000000000002,3.4399999999999977
1765932121.807866,btc-updown-15m-1765931400,1765931400.0,1765932300.0,,178.19213390350342,,,,,0,0,0.99,0.98,ONE_LEG_INVENTORY,,,,,,,,,,,,,,0,5.0,,,,,,,,,,,,,,,,,,,,RECONSTRUCT_BLOCKED: BLOCKED_BY_CAP_MIN,,,,,,,,10.0,6.5600000000000005,,,,,0,0,,,Inv: 10.0/6.6 CapLeft: 3.4,,,10.0,6.5600000000000005,16.560000000000002,3.4399999999999977
1765932123.7072995,btc-updown-15m-1765931400,1765931400.0,1765932300.0,,176.2927005290985,,,,,0,0,1.0,0.98,ONE_LEG_INVENTORY,,,,,,,,,,,,,,0,5.0,,,,,,,,,,,,,,,,,,,,RECONSTRUCT_BLOCKED: BLOCKED_BY_CAP_MIN,,,,,,,,10.0,6.5600000000000005,,,,,0,0,,,Inv: 10.0/6.6 CapLeft: 3.4,,,10.0,6.5600000000000005,16.560000000000002,3.4399999999999977
1765932123.7072995,btc-updown-15m-1765931400,1765931400.0,1765932300.0,,176.2927005290985,,,,,0,0,1.0,0.98,ONE_LEG_INVENTORY,,,,,,,,,,,,,,0,5.0,,,,,,,,,,,,,,,,,,,,RECONSTRUCT_BLOCKED: BLOCKED_BY_CAP_MIN,,,,,,,,10.0,6.5600000000000005,,,,,0,0,,,Inv: 10.0/6.6 CapLeft: 3.4,,,10.0,6.5600000000000005,16.560000000000002,3.4399999999999977
1765932125.5772111,btc-updown-15m-1765931400,1765931400.0,1765932300.0,,174.4227888584137,,,,,0,0,0.99,0.98,ONE_LEG_INVENTORY,,,,,,,,,,,,,,0,5.0,,,,,,,,,,,,,,,,,,,,RECONSTRUCT_BLOCKED: BLOCKED_BY_CAP_MIN,,,,,,,,10.0,6.5600000000000005,,,,,0,0,,,Inv: 10.0/6.6 CapLeft: 3.4,,,10.0,6.5600000000000005,16.560000000000002,3.4399999999999977
1765932125.5772111,btc-updown-15m-1765931400,1765931400.0,1765932300.0,,174.4227888584137,,,,,0,0,0.99,0.98,ONE_LEG_INVENTORY,,,,,,,,,,,,,,0,5.0,,,,,,,,,,,,,,,,,,,,RECONSTRUCT_BLOCKED: BLOCKED_BY_CAP_MIN,,,,,,,,10.0,6.5600000000000005,,,,,0,0,,,Inv: 10.0/6.6 CapLeft: 3.4,,,10.0,6.5600000000000005,16.560000000000002,3.4399999999999977
1765932127.4730585,btc-updown-15m-1765931400,1765931400.0,1765932300.0,,172.52694153785706,,,,,0,0,0.99,0.98,ONE_LEG_INVENTORY,,,,,,,,,,,,,,0,5.0,,,,,,,,,,,,,,,,,,,,RECONSTRUCT_BLOCKED: BLOCKED_BY_CAP_MIN,,,,,,,,10.0,6.5600000000000005,,,,,0,0,,,Inv: 10.0/6.6 CapLeft: 3.4,,,10.0,6.5600000000000005,16.560000000000002,3.4399999999999977
1765932127.4730585,btc-updown-15m-1765931400,1765931400.0,1765932300.0,,172.52694153785706,,,,,0,0,0.99,0.98,ONE_LEG_INVENTORY,,,,,,,,,,,,,,0,5.0,,,,,,,,,,,,,,,,,,,,RECONSTRUCT_BLOCKED: BLOCKED_BY_CAP_MIN,,,,,,,,10.0,6.5600000000000005,,,,,0,0,,,Inv: 10.0/6.6 CapLeft: 3.4,,,10.0,6.5600000000000005,16.560000000000002,3.4399999999999977
1765932129.34937,btc-updown-15m-1765931400,1765931400.0,1765932300.0,,170.65062999725342,,,,,0,0,0.99,0.98,ONE_LEG_INVENTORY,,,,,,,,,,,,,,0,5.0,,,,,,,,,,,,,,,,,,,,RECONSTRUCT_BLOCKED: BLOCKED_BY_CAP_MIN,,,,,,,,10.0,6.5600000000000005,,,,,0,0,,,Inv: 10.0/6.6 CapLeft: 3.4,,,10.0,6.5600000000000005,16.560000000000002,3.4399999999999977
1765932129.34937,btc-updown-15m-1765931400,1765931400.0,1765932300.0,,170.65062999725342,,,,,0,0,0.99,0.98,ONE_LEG_INVENTORY,,,,,,,,,,,,,,0,5.0,,,,,,,,,,,,,,,,,,,,RECONSTRUCT_BLOCKED: BLOCKED_BY_CAP_MIN,,,,,,,,10.0,6.5600000000000005,,,,,0,0,,,Inv: 10.0/6.6 CapLeft: 3.4,,,10.0,6.5600000000000005,16.560000000000002,3.4399999999999977
1765932131.2501793,btc-updown-15m-1765931400,1765931400.0,1765932300.0,,168.74982070922852,,,,,0,0,0.99,0.98,ONE_LEG_INVENTORY,,,,,,,,,,,,,,0,5.0,,,,,,,,,,,,,,,,,,,,RECONSTRUCT_BLOCKED: BLOCKED_BY_CAP_MIN,,,,,,,,10.0,6.5600000000000005,,,,,0,0,,,Inv: 10.0/6.6 CapLeft: 3.4,,,10.0,6.5600000000000005,16.560000000000002,3.4399999999999977
1765932131.2501793,btc-updown-15m-1765931400,1765931400.0,1765932300.0,,168.74982070922852,,,,,0,0,0.99,0.98,ONE_LEG_INVENTORY,,,,,,,,,,,,,,0,5.0,,,,,,,,,,,,,,,,,,,,RECONSTRUCT_BLOCKED: BLOCKED_BY_CAP_MIN,,,,,,,,10.0,6.5600000000000005,,,,,0,0,,,Inv: 10.0/6.6 CapLeft: 3.4,,,10.0,6.5600000000000005,16.560000000000002,3.4399999999999977
1765932133.1556473,btc-updown-15m-1765931400,1765931400.0,1765932300.0,,166.84435272216797,,,,,0,0,0.99,0.98,ONE_LEG_INVENTORY,,,,,,,,,,,,,,0,5.0,,,,,,,,,,,,,,,,,,,,RECONSTRUCT_BLOCKED: BLOCKED_BY_CAP_MIN,,,,,,,,10.0,6.5600000000000005,,,,,0,0,,,Inv: 10.0/6.6 CapLeft: 3.4,,,10.0,6.5600000000000005,16.560000000000002,3.4399999999999977
1765932133.1556473,btc-updown-15m-1765931400,1765931400.0,1765932300.0,,166.84435272216797,,,,,0,0,0.99,0.98,ONE_LEG_INVENTORY,,,,,,,,,,,,,,0,5.0,,,,,,,,,,,,,,,,,,,,RECONSTRUCT_BLOCKED: BLOCKED_BY_CAP_MIN,,,,,,,,10.0,6.5600000000000005,,,,,0,0,,,Inv: 10.0/6.6 CapLeft: 3.4,,,10.0,6.5600000000000005,16.560000000000002,3.4399999999999977
1765932135.0613563,btc-updown-15m-1765931400,1765931400.0,1765932300.0,,164.93864369392395,,,,,0,0,0.99,0.98,ONE_LEG_INVENTORY,,,,,,,,,,,,,,0,5.0,,,,,,,,,,,,,,,,,,,,RECONSTRUCT_BLOCKED: BLOCKED_BY_CAP_MIN,,,,,,,,10.0,6.5600000000000005,,,,,0,0,,,Inv: 10.0/6.6 CapLeft: 3.4,,,10.0,6.5600000000000005,16.560000000000002,3.4399999999999977
1765932135.0613563,btc-updown-15m-1765931400,1765931400.0,1765932300.0,,164.93864369392395,,,,,0,0,0.99,0.98,ONE_LEG_INVENTORY,,,,,,,,,,,,,,0,5.0,,,,,,,,,,,,,,,,,,,,RECONSTRUCT_BLOCKED: BLOCKED_BY_CAP_MIN,,,,,,,,10.0,6.5600000000000005,,,,,0,0,,,Inv: 10.0/6.6 CapLeft: 3.4,,,10.0,6.5600000000000005,16.560000000000002,3.4399999999999977
1765932136.938855,btc-updown-15m-1765931400,1765931400.0,1765932300.0,,163.06114506721497,,,,,0,0,0.99,0.98,ONE_LEG_INVENTORY,,,,,,,,,,,,,,0,5.0,,,,,,,,,,,,,,,,,,,,RECONSTRUCT_BLOCKED: BLOCKED_BY_CAP_MIN,,,,,,,,10.0,6.5600000000000005,,,,,0,0,,,Inv: 10.0/6.6 CapLeft: 3.4,,,10.0,6.5600000000000005,16.560000000000002,3.4399999999999977
1765932136.938855,btc-updown-15m-1765931400,1765931400.0,1765932300.0,,163.06114506721497,,,,,0,0,0.99,0.98,ONE_LEG_INVENTORY,,,,,,,,,,,,,,0,5.0,,,,,,,,,,,,,,,,,,,,RECONSTRUCT_BLOCKED: BLOCKED_BY_CAP_MIN,,,,,,,,10.0,6.5600000000000005,,,,,0,0,,,Inv: 10.0/6.6 CapLeft: 3.4,,,10.0,6.5600000000000005,16.560000000000002,3.4399999999999977
1765932138.8163414,btc-updown-15m-1765931400,1765931400.0,1765932300.0,,161.18365859985352,,,,,0,0,0.99,0.98,ONE_LEG_INVENTORY,,,,,,,,,,,,,,0,5.0,,,,,,,,,,,,,,,,,,,,RECONSTRUCT_BLOCKED: BLOCKED_BY_CAP_MIN,,,,,,,,10.0,6.5600000000000005,,,,,0,0,,,Inv: 10.0/6.6 CapLeft: 3.4,,,10.0,6.5600000000000005,16.560000000000002,3.4399999999999977
1765932138.8163414,btc-updown-15m-1765931400,1765931400.0,1765932300.0,,161.18365859985352,,,,,0,0,0.99,0.98,ONE_LEG_INVENTORY,,,,,,,,,,,,,,0,5.0,,,,,,,,,,,,,,,,,,,,RECONSTRUCT_BLOCKED: BLOCKED_BY_CAP_MIN,,,,,,,,10.0,6.5600000000000005,,,,,0,0,,,Inv: 10.0/6.6 CapLeft: 3.4,,,10.0,6.5600000000000005,16.560000000000002,3.4399999999999977
1765932140.6942194,btc-updown-15m-1765931400,1765931400.0,1765932300.0,,159.30578064918518,,,,,0,0,0.99,0.98,ONE_LEG_INVENTORY,,,,,,,,,,,,,,0,5.0,,,,,,,,,,,,,,,,,,,,RECONSTRUCT_BLOCKED: BLOCKED_BY_CAP_MIN,,,,,,,,10.0,6.5600000000000005,,,,,0,0,,,Inv: 10.0/6.6 CapLeft: 3.4,,,10.0,6.5600000000000005,16.560000000000002,3.4399999999999977
1765932140.6942194,btc-updown-15m-1765931400,1765931400.0,1765932300.0,,159.30578064918518,,,,,0,0,0.99,0.98,ONE_LEG_INVENTORY,,,,,,,,,,,,,,0,5.0,,,,,,,,,,,,,,,,,,,,RECONSTRUCT_BLOCKED: BLOCKED_BY_CAP_MIN,,,,,,,,10.0,6.5600000000000005,,,,,0,0,,,Inv: 10.0/6.6 CapLeft: 3.4,,,10.0,6.5600000000000005,16.560000000000002,3.4399999999999977
1765932142.6013865,btc-updown-15m-1765931400,1765931400.0,1765932300.0,,157.39861345291138,,,,,0,0,0.98,0.98,ONE_LEG_INVENTORY,,,,,,,,,,,,,,0,5.0,,,,,,,,,,,,,,,,,,,,RECONSTRUCT_BLOCKED: BLOCKED_BY_CAP_MIN,,,,,,,,10.0,6.5600000000000005,,,,,0,0,,,Inv: 10.0/6.6 CapLeft: 3.4,,,10.0,6.5600000000000005,16.560000000000002,3.4399999999999977
1765932142.6013865,btc-updown-15m-1765931400,1765931400.0,1765932300.0,,157.39861345291138,,,,,0,0,0.98,0.98,ONE_LEG_INVENTORY,,,,,,,,,,,,,,0,5.0,,,,,,,,,,,,,,,,,,,,RECONSTRUCT_BLOCKED: BLOCKED_BY_CAP_MIN,,,,,,,,10.0,6.5600000000000005,,,,,0,0,,,Inv: 10.0/6.6 CapLeft: 3.4,,,10.0,6.5600000000000005,16.560000000000002,3.4399999999999977
1765932144.4769464,btc-updown-15m-1765931400,1765931400.0,1765932300.0,,155.52305364608765,,,,,0,0,0.9700000000000001,0.98,ONE_LEG_INVENTORY,,,,,,,,,,,,,,0,5.0,,,,,,,,,,,,,,,,,,,,RECONSTRUCT_BLOCKED: BLOCKED_BY_CAP_MIN,,,,,,,,10.0,6.5600000000000005,,,,,0,0,,,Inv: 10.0/6.6 CapLeft: 3.4,,,10.0,6.5600000000000005,16.560000000000002,3.4399999999999977
1765932144.4769464,btc-updown-15m-1765931400,1765931400.0,1765932300.0,,155.52305364608765,,,,,0,0,0.9700000000000001,0.98,ONE_LEG_INVENTORY,,,,,,,,,,,,,,0,5.0,,,,,,,,,,,,,,,,,,,,RECONSTRUCT_BLOCKED: BLOCKED_BY_CAP_MIN,,,,,,,,10.0,6.5600000000000005,,,,,0,0,,,Inv: 10.0/6.6 CapLeft: 3.4,,,10.0,6.5600000000000005,16.560000000000002,3.4399999999999977
1765932146.3571029,btc-updown-15m-1765931400,1765931400.0,1765932300.0,,153.64289712905884,,,,,0,0,0.9700000000000001,0.98,ONE_LEG_INVENTORY,,,,,,,,,,,,,,0,5.0,,,,,,,,,,,,,,,,,,,,RECONSTRUCT_BLOCKED: BLOCKED_BY_CAP_MIN,,,,,,,,10.0,6.5600000000000005,,,,,0,0,,,Inv: 10.0/6.6 CapLeft: 3.4,,,10.0,6.5600000000000005,16.560000000000002,3.4399999999999977
1765932146.3571029,btc-updown-15m-1765931400,1765931400.0,1765932300.0,,153.64289712905884,,,,,0,0,0.9700000000000001,0.98,ONE_LEG_INVENTORY,,,,,,,,,,,,,,0,5.0,,,,,,,,,,,,,,,,,,,,RECONSTRUCT_BLOCKED: BLOCKED_BY_CAP_MIN,,,,,,,,10.0,6.5600000000000005,,,,,0,0,,,Inv: 10.0/6.6 CapLeft: 3.4,,,10.0,6.5600000000000005,16.560000000000002,3.4399999999999977
1765932148.2484088,btc-updown-15m-1765931400,1765931400.0,1765932300.0,,151.75159120559692,,,,,0,0,1.0,0.98,ONE_LEG_INVENTORY,,,,,,,,,,,,,,0,5.0,,,,,,,,,,,,,,,,,,,,RECONSTRUCT_BLOCKED: BLOCKED_BY_CAP_MIN,,,,,,,,10.0,6.5600000000000005,,,,,0,0,,,Inv: 10.0/6.6 CapLeft: 3.4,,,10.0,6.5600000000000005,16.560000000000002,3.4399999999999977
1765932148.2484088,btc-updown-15m-1765931400,1765931400.0,1765932300.0,,151.75159120559692,,,,,0,0,1.0,0.98,ONE_LEG_INVENTORY,,,,,,,,,,,,,,0,5.0,,,,,,,,,,,,,,,,,,,,RECONSTRUCT_BLOCKED: BLOCKED_BY_CAP_MIN,,,,,,,,10.0,6.5600000000000005,,,,,0,0,,,Inv: 10.0/6.6 CapLeft: 3.4,,,10.0,6.5600000000000005,16.560000000000002,3.4399999999999977
1765932150.1266284,btc-updown-15m-1765931400,1765931400.0,1765932300.0,,149.87337160110474,,,,,0,0,0.99,0.98,ONE_LEG_INVENTORY,,,,,,,,,,,,,,0,5.0,,,,,,,,,,,,,,,,,,,,RECONSTRUCT_BLOCKED: BLOCKED_BY_CAP_MIN,,,,,,,,10.0,6.5600000000000005,,,,,0,0,,,Inv: 10.0/6.6 CapLeft: 3.4,,,10.0,6.5600000000000005,16.560000000000002,3.4399999999999977
1765932150.1266284,btc-updown-15m-1765931400,1765931400.0,1765932300.0,,149.87337160110474,,,,,0,0,0.99,0.98,ONE_LEG_INVENTORY,,,,,,,,,,,,,,0,5.0,,,,,,,,,,,,,,,,,,,,RECONSTRUCT_BLOCKED: BLOCKED_BY_CAP_MIN,,,,,,,,10.0,6.5600000000000005,,,,,0,0,,,Inv: 10.0/6.6 CapLeft: 3.4,,,10.0,6.5600000000000005,16.560000000000002,3.4399999999999977
1765932152.063346,btc-updown-15m-1765931400,1765931400.0,1765932300.0,,147.93665409088135,,,,,0,0,0.99,0.98,ONE_LEG_INVENTORY,,,,,,,,,,,,,,0,5.0,,,,,,,,,,,,,,,,,,,,RECONSTRUCT_BLOCKED: BLOCKED_BY_CAP_MIN,,,,,,,,10.0,6.5600000000000005,,,,,0,0,,,Inv: 10.0/6.6 CapLeft: 3.4,,,10.0,6.5600000000000005,16.560000000000002,3.4399999999999977
1765932152.063346,btc-updown-15m-1765931400,1765931400.0,1765932300.0,,147.93665409088135,,,,,0,0,0.99,0.98,ONE_LEG_INVENTORY,,,,,,,,,,,,,,0,5.0,,,,,,,,,,,,,,,,,,,,RECONSTRUCT_BLOCKED: BLOCKED_BY_CAP_MIN,,,,,,,,10.0,6.5600000000000005,,,,,0,0,,,Inv: 10.0/6.6 CapLeft: 3.4,,,10.0,6.5600000000000005,16.560000000000002,3.4399999999999977
1765932153.9558012,btc-updown-15m-1765931400,1765931400.0,1765932300.0,,146.04419875144958,,,,,0,0,0.97,0.98,ONE_LEG_INVENTORY,,,,,,,,,,,,,,0,5.0,,,,,,,,,,,,,,,,,,,,RECONSTRUCT_BLOCKED: BLOCKED_BY_CAP_MIN,,,,,,,,10.0,6.5600000000000005,,,,,0,0,,,Inv: 10.0/6.6 CapLeft: 3.4,,,10.0,6.5600000000000005,16.560000000000002,3.4399999999999977
1765932153.9558012,btc-updown-15m-1765931400,1765931400.0,1765932300.0,,146.04419875144958,,,,,0,0,0.97,0.98,ONE_LEG_INVENTORY,,,,,,,,,,,,,,0,5.0,,,,,,,,,,,,,,,,,,,,RECONSTRUCT_BLOCKED: BLOCKED_BY_CAP_MIN,,,,,,,,10.0,6.5600000000000005,,,,,0,0,,,Inv: 10.0/6.6 CapLeft: 3.4,,,10.0,6.5600000000000005,16.560000000000002,3.4399999999999977
1765932155.83044,btc-updown-15m-1765931400,1765931400.0,1765932300.0,,144.16955995559692,,,,,0,0,0.99,0.98,ONE_LEG_INVENTORY,,,,,,,,,,,,,,0,5.0,,,,,,,,,,,,,,,,,,,,RECONSTRUCT_BLOCKED: BLOCKED_BY_CAP_MIN,,,,,,,,10.0,6.5600000000000005,,,,,0,0,,,Inv: 10.0/6.6 CapLeft: 3.4,,,10.0,6.5600000000000005,16.560000000000002,3.4399999999999977
1765932155.83044,btc-updown-15m-1765931400,1765931400.0,1765932300.0,,144.16955995559692,,,,,0,0,0.99,0.98,ONE_LEG_INVENTORY,,,,,,,,,,,,,,0,5.0,,,,,,,,,,,,,,,,,,,,RECONSTRUCT_BLOCKED: BLOCKED_BY_CAP_MIN,,,,,,,,10.0,6.5600000000000005,,,,,0,0,,,Inv: 10.0/6.6 CapLeft: 3.4,,,10.0,6.5600000000000005,16.560000000000002,3.4399999999999977
1765932157.732331,btc-updown-15m-1765931400,1765931400.0,1765932300.0,,142.26766896247864,,,,,0,0,0.99,0.98,ONE_LEG_INVENTORY,,,,,,,,,,,,,,0,5.0,,,,,,,,,,,,,,,,,,,,RECONSTRUCT_BLOCKED: BLOCKED_BY_CAP_MIN,,,,,,,,10.0,6.5600000000000005,,,,,0,0,,,Inv: 10.0/6.6 CapLeft: 3.4,,,10.0,6.5600000000000005,16.560000000000002,3.4399999999999977
1765932157.732331,btc-updown-15m-1765931400,1765931400.0,1765932300.0,,142.26766896247864,,,,,0,0,0.99,0.98,ONE_LEG_INVENTORY,,,,,,,,,,,,,,0,5.0,,,,,,,,,,,,,,,,,,,,RECONSTRUCT_BLOCKED: BLOCKED_BY_CAP_MIN,,,,,,,,10.0,6.5600000000000005,,,,,0,0,,,Inv: 10.0/6.6 CapLeft: 3.4,,,10.0,6.5600000000000005,16.560000000000002,3.4399999999999977
1765932159.6139061,btc-updown-15m-1765931400,1765931400.0,1765932300.0,,140.38609385490417,,,,,0,0,0.99,0.98,ONE_LEG_INVENTORY,,,,,,,,,,,,,,0,5.0,,,,,,,,,,,,,,,,,,,,RECONSTRUCT_BLOCKED: BLOCKED_BY_CAP_MIN,,,,,,,,10.0,6.5600000000000005,,,,,0,0,,,Inv: 10.0/6.6 CapLeft: 3.4,,,10.0,6.5600000000000005,16.560000000000002,3.4399999999999977
1765932159.6139061,btc-updown-15m-1765931400,1765931400.0,1765932300.0,,140.38609385490417,,,,,0,0,0.99,0.98,ONE_LEG_INVENTORY,,,,,,,,,,,,,,0,5.0,,,,,,,,,,,,,,,,,,,,RECONSTRUCT_BLOCKED: BLOCKED_BY_CAP_MIN,,,,,,,,10.0,6.5600000000000005,,,,,0,0,,,Inv: 10.0/6.6 CapLeft: 3.4,,,10.0,6.5600000000000005,16.560000000000002,3.4399999999999977
1765932161.492998,btc-updown-15m-1765931400,1765931400.0,1765932300.0,,138.50700211524963,,,,,0,0,0.99,0.98,ONE_LEG_INVENTORY,,,,,,,,,,,,,,0,5.0,,,,,,,,,,,,,,,,,,,,RECONSTRUCT_BLOCKED: BLOCKED_BY_CAP_MIN,,,,,,,,10.0,6.5600000000000005,,,,,0,0,,,Inv: 10.0/6.6 CapLeft: 3.4,,,10.0,6.5600000000000005,16.560000000000002,3.4399999999999977
1765932161.492998,btc-updown-15m-1765931400,1765931400.0,1765932300.0,,138.50700211524963,,,,,0,0,0.99,0.98,ONE_LEG_INVENTORY,,,,,,,,,,,,,,0,5.0,,,,,,,,,,,,,,,,,,,,RECONSTRUCT_BLOCKED: BLOCKED_BY_CAP_MIN,,,,,,,,10.0,6.5600000000000005,,,,,0,0,,,Inv: 10.0/6.6 CapLeft: 3.4,,,10.0,6.5600000000000005,16.560000000000002,3.4399999999999977
1765932163.377191,btc-updown-15m-1765931400,1765931400.0,1765932300.0,,136.62280893325806,,,,,0,0,0.99,0.98,ONE_LEG_INVENTORY,,,,,,,,,,,,,,0,5.0,,,,,,,,,,,,,,,,,,,,RECONSTRUCT_BLOCKED: BLOCKED_BY_CAP_MIN,,,,,,,,10.0,6.5600000000000005,,,,,0,0,,,Inv: 10.0/6.6 CapLeft: 3.4,,,10.0,6.5600000000000005,16.560000000000002,3.4399999999999977
1765932163.377191,btc-updown-15m-1765931400,1765931400.0,1765932300.0,,136.62280893325806,,,,,0,0,0.99,0.98,ONE_LEG_INVENTORY,,,,,,,,,,,,,,0,5.0,,,,,,,,,,,,,,,,,,,,RECONSTRUCT_BLOCKED: BLOCKED_BY_CAP_MIN,,,,,,,,10.0,6.5600000000000005,,,,,0,0,,,Inv: 10.0/6.6 CapLeft: 3.4,,,10.0,6.5600000000000005,16.560000000000002,3.4399999999999977
1765932165.264954,btc-updown-15m-1765931400,1765931400.0,1765932300.0,,134.7350459098816,,,,,0,0,0.99,0.98,ONE_LEG_INVENTORY,,,,,,,,,,,,,,0,5.0,,,,,,,,,,,,,,,,,,,,RECONSTRUCT_BLOCKED: BLOCKED_BY_CAP_MIN,,,,,,,,10.0,6.5600000000000005,,,,,0,0,,,Inv: 10.0/6.6 CapLeft: 3.4,,,10.0,6.5600000000000005,16.560000000000002,3.4399999999999977
1765932165.264954,btc-updown-15m-1765931400,1765931400.0,1765932300.0,,134.7350459098816,,,,,0,0,0.99,0.98,ONE_LEG_INVENTORY,,,,,,,,,,,,,,0,5.0,,,,,,,,,,,,,,,,,,,,RECONSTRUCT_BLOCKED: BLOCKED_BY_CAP_MIN,,,,,,,,10.0,6.5600000000000005,,,,,0,0,,,Inv: 10.0/6.6 CapLeft: 3.4,,,10.0,6.5600000000000005,16.560000000000002,3.4399999999999977
1765932167.1442714,btc-updown-15m-1765931400,1765931400.0,1765932300.0,,132.85572862625122,,,,,0,0,0.99,0.98,ONE_LEG_INVENTORY,,,,,,,,,,,,,,0,5.0,,,,,,,,,,,,,,,,,,,,RECONSTRUCT_BLOCKED: BLOCKED_BY_CAP_MIN,,,,,,,,10.0,6.5600000000000005,,,,,0,0,,,Inv: 10.0/6.6 CapLeft: 3.4,,,10.0,6.5600000000000005,16.560000000000002,3.4399999999999977
1765932167.1442714,btc-updown-15m-1765931400,1765931400.0,1765932300.0,,132.85572862625122,,,,,0,0,0.99,0.98,ONE_LEG_INVENTORY,,,,,,,,,,,,,,0,5.0,,,,,,,,,,,,,,,,,,,,RECONSTRUCT_BLOCKED: BLOCKED_BY_CAP_MIN,,,,,,,,10.0,6.5600000000000005,,,,,0,0,,,Inv: 10.0/6.6 CapLeft: 3.4,,,10.0,6.5600000000000005,16.560000000000002,3.4399999999999977
1765932169.046263,btc-updown-15m-1765931400,1765931400.0,1765932300.0,,130.95373702049255,,,,,0,0,0.99,0.98,ONE_LEG_INVENTORY,,,,,,,,,,,,,,0,5.0,,,,,,,,,,,,,,,,,,,,RECONSTRUCT_BLOCKED: BLOCKED_BY_CAP_MIN,,,,,,,,10.0,6.5600000000000005,,,,,0,0,,,Inv: 10.0/6.6 CapLeft: 3.4,,,10.0,6.5600000000000005,16.560000000000002,3.4399999999999977
1765932169.046263,btc-updown-15m-1765931400,1765931400.0,1765932300.0,,130.95373702049255,,,,,0,0,0.99,0.98,ONE_LEG_INVENTORY,,,,,,,,,,,,,,0,5.0,,,,,,,,,,,,,,,,,,,,RECONSTRUCT_BLOCKED: BLOCKED_BY_CAP_MIN,,,,,,,,10.0,6.5600000000000005,,,,,0,0,,,Inv: 10.0/6.6 CapLeft: 3.4,,,10.0,6.5600000000000005,16.560000000000002,3.4399999999999977
1765932170.9271107,btc-updown-15m-1765931400,1765931400.0,1765932300.0,,129.07288932800293,,,,,0,0,0.99,0.98,ONE_LEG_INVENTORY,,,,,,,,,,,,,,0,5.0,,,,,,,,,,,,,,,,,,,,RECONSTRUCT_BLOCKED: BLOCKED_BY_CAP_MIN,,,,,,,,10.0,6.5600000000000005,,,,,0,0,,,Inv: 10.0/6.6 CapLeft: 3.4,,,10.0,6.5600000000000005,16.560000000000002,3.4399999999999977
1765932170.9271107,btc-updown-15m-1765931400,1765931400.0,1765932300.0,,129.07288932800293,,,,,0,0,0.99,0.98,ONE_LEG_INVENTORY,,,,,,,,,,,,,,0,5.0,,,,,,,,,,,,,,,,,,,,RECONSTRUCT_BLOCKED: BLOCKED_BY_CAP_MIN,,,,,,,,10.0,6.5600000000000005,,,,,0,0,,,Inv: 10.0/6.6 CapLeft: 3.4,,,10.0,6.5600000000000005,16.560000000000002,3.4399999999999977
1765932172.8068979,btc-updown-15m-1765931400,1765931400.0,1765932300.0,,127.19310212135315,,,,,0,0,0.99,0.98,ONE_LEG_INVENTORY,,,,,,,,,,,,,,0,5.0,,,,,,,,,,,,,,,,,,,,RECONSTRUCT_BLOCKED: BLOCKED_BY_CAP_MIN,,,,,,,,10.0,6.5600000000000005,,,,,0,0,,,Inv: 10.0/6.6 CapLeft: 3.4,,,10.0,6.5600000000000005,16.560000000000002,3.4399999999999977
1765932172.8068979,btc-updown-15m-1765931400,1765931400.0,1765932300.0,,127.19310212135315,,,,,0,0,0.99,0.98,ONE_LEG_INVENTORY,,,,,,,,,,,,,,0,5.0,,,,,,,,,,,,,,,,,,,,RECONSTRUCT_BLOCKED: BLOCKED_BY_CAP_MIN,,,,,,,,10.0,6.5600000000000005,,,,,0,0,,,Inv: 10.0/6.6 CapLeft: 3.4,,,10.0,6.5600000000000005,16.560000000000002,3.4399999999999977
1765932174.728902,btc-updown-15m-1765931400,1765931400.0,1765932300.0,,125.27109789848328,,,,,0,0,0.99,0.98,ONE_LEG_INVENTORY,,,,,,,,,,,,,,0,5.0,,,,,,,,,,,,,,,,,,,,RECONSTRUCT_BLOCKED: BLOCKED_BY_CAP_MIN,,,,,,,,10.0,6.5600000000000005,,,,,0,0,,,Inv: 10.0/6.6 CapLeft: 3.4,,,10.0,6.5600000000000005,16.560000000000002,3.4399999999999977
1765932174.728902,btc-updown-15m-1765931400,1765931400.0,1765932300.0,,125.27109789848328,,,,,0,0,0.99,0.98,ONE_LEG_INVENTORY,,,,,,,,,,,,,,0,5.0,,,,,,,,,,,,,,,,,,,,RECONSTRUCT_BLOCKED: BLOCKED_BY_CAP_MIN,,,,,,,,10.0,6.5600000000000005,,,,,0,0,,,Inv: 10.0/6.6 CapLeft: 3.4,,,10.0,6.5600000000000005,16.560000000000002,3.4399999999999977
1765932176.6113312,btc-updown-15m-1765931400,1765931400.0,1765932300.0,,123.38866877555847,,,,,0,0,0.98,0.98,ONE_LEG_INVENTORY,,,,,,,,,,,,,,0,5.0,,,,,,,,,,,,,,,,,,,,RECONSTRUCT_BLOCKED: BLOCKED_BY_CAP_MIN,,,,,,,,10.0,6.5600000000000005,,,,,0,0,,,Inv: 10.0/6.6 CapLeft: 3.4,,,10.0,6.5600000000000005,16.560000000000002,3.4399999999999977
1765932176.6113312,btc-updown-15m-1765931400,1765931400.0,1765932300.0,,123.38866877555847,,,,,0,0,0.98,0.98,ONE_LEG_INVENTORY,,,,,,,,,,,,,,0,5.0,,,,,,,,,,,,,,,,,,,,RECONSTRUCT_BLOCKED: BLOCKED_BY_CAP_MIN,,,,,,,,10.0,6.5600000000000005,,,,,0,0,,,Inv: 10.0/6.6 CapLeft: 3.4,,,10.0,6.5600000000000005,16.560000000000002,3.4399999999999977
1765932178.4850943,btc-updown-15m-1765931400,1765931400.0,1765932300.0,,121.51490569114685,,,,,0,0,0.98,0.98,ONE_LEG_INVENTORY,,,,,,,,,,,,,,0,5.0,,,,,,,,,,,,,,,,,,,,RECONSTRUCT_BLOCKED: BLOCKED_BY_CAP_MIN,,,,,,,,10.0,6.5600000000000005,,,,,0,0,,,Inv: 10.0/6.6 CapLeft: 3.4,,,10.0,6.5600000000000005,16.560000000000002,3.4399999999999977
1765932178.4850943,btc-updown-15m-1765931400,1765931400.0,1765932300.0,,121.51490569114685,,,,,0,0,0.98,0.98,ONE_LEG_INVENTORY,,,,,,,,,,,,,,0,5.0,,,,,,,,,,,,,,,,,,,,RECONSTRUCT_BLOCKED: BLOCKED_BY_CAP_MIN,,,,,,,,10.0,6.5600000000000005,,,,,0,0,,,Inv: 10.0/6.6 CapLeft: 3.4,,,10.0,6.5600000000000005,16.560000000000002,3.4399999999999977
1765932180.3775527,btc-updown-15m-1765931400,1765931400.0,1765932300.0,,119.62244725227356,,,,,0,0,0.98,0.98,ONE_LEG_INVENTORY,,,,,,,,,,,,,,0,5.0,,,,,,,,,,,,,,,,,,,,RECONSTRUCT_BLOCKED: BLOCKED_BY_CAP_MIN,,,,,,,,10.0,6.5600000000000005,,,,,0,0,,,Inv: 10.0/6.6 CapLeft: 3.4,,,10.0,6.5600000000000005,16.560000000000002,3.4399999999999977
1765932180.3775527,btc-updown-15m-1765931400,1765931400.0,1765932300.0,,119.62244725227356,,,,,0,0,0.98,0.98,ONE_LEG_INVENTORY,,,,,,,,,,,,,,0,5.0,,,,,,,,,,,,,,,,,,,,RECONSTRUCT_BLOCKED: BLOCKED_BY_CAP_MIN,,,,,,,,10.0,6.5600000000000005,,,,,0,0,,,Inv: 10.0/6.6 CapLeft: 3.4,,,10.0,6.5600000000000005,16.560000000000002,3.4399999999999977
1765932182.2584953,btc-updown-15m-1765931400,1765931400.0,1765932300.0,,117.74150466918945,,,,,0,0,0.98,0.98,ONE_LEG_INVENTORY,,,,,,,,,,,,,,0,5.0,,,,,,,,,,,,,,,,,,,,RECONSTRUCT_BLOCKED: BLOCKED_BY_CAP_MIN,,,,,,,,10.0,6.5600000000000005,,,,,0,0,,,Inv: 10.0/6.6 CapLeft: 3.4,,,10.0,6.5600000000000005,16.560000000000002,3.4399999999999977
1765932182.2584953,btc-updown-15m-1765931400,1765931400.0,1765932300.0,,117.74150466918945,,,,,0,0,0.98,0.98,ONE_LEG_INVENTORY,,,,,,,,,,,,,,0,5.0,,,,,,,,,,,,,,,,,,,,RECONSTRUCT_BLOCKED: BLOCKED_BY_CAP_MIN,,,,,,,,10.0,6.5600000000000005,,,,,0,0,,,Inv: 10.0/6.6 CapLeft: 3.4,,,10.0,6.5600000000000005,16.560000000000002,3.4399999999999977
1765932184.1399584,btc-updown-15m-1765931400,1765931400.0,1765932300.0,,115.86004161834717,,,,,0,0,0.98,0.98,ONE_LEG_INVENTORY,,,,,,,,,,,,,,0,5.0,,,,,,,,,,,,,,,,,,,,RECONSTRUCT_BLOCKED: BLOCKED_BY_CAP_MIN,,,,,,,,10.0,6.5600000000000005,,,,,0,0,,,Inv: 10.0/6.6 CapLeft: 3.4,,,10.0,6.5600000000000005,16.560000000000002,3.4399999999999977
1765932184.1399584,btc-updown-15m-1765931400,1765931400.0,1765932300.0,,115.86004161834717,,,,,0,0,0.98,0.98,ONE_LEG_INVENTORY,,,,,,,,,,,,,,0,5.0,,,,,,,,,,,,,,,,,,,,RECONSTRUCT_BLOCKED: BLOCKED_BY_CAP_MIN,,,,,,,,10.0,6.5600000000000005,,,,,0,0,,,Inv: 10.0/6.6 CapLeft: 3.4,,,10.0,6.5600000000000005,16.560000000000002,3.4399999999999977
1765932186.0377097,btc-updown-15m-1765931400,1765931400.0,1765932300.0,,113.96229028701782,,,,,0,0,0.98,0.98,ONE_LEG_INVENTORY,,,,,,,,,,,,,,0,5.0,,,,,,,,,,,,,,,,,,,,RECONSTRUCT_BLOCKED: BLOCKED_BY_CAP_MIN,,,,,,,,10.0,6.5600000000000005,,,,,0,0,,,Inv: 10.0/6.6 CapLeft: 3.4,,,10.0,6.5600000000000005,16.560000000000002,3.4399999999999977
1765932186.0377097,btc-updown-15m-1765931400,1765931400.0,1765932300.0,,113.96229028701782,,,,,0,0,0.98,0.98,ONE_LEG_INVENTORY,,,,,,,,,,,,,,0,5.0,,,,,,,,,,,,,,,,,,,,RECONSTRUCT_BLOCKED: BLOCKED_BY_CAP_MIN,,,,,,,,10.0,6.5600000000000005,,,,,0,0,,,Inv: 10.0/6.6 CapLeft: 3.4,,,10.0,6.5600000000000005,16.560000000000002,3.4399999999999977
1765932187.9461458,btc-updown-15m-1765931400,1765931400.0,1765932300.0,,112.05385422706604,,,,,0,0,0.98,0.98,ONE_LEG_INVENTORY,,,,,,,,,,,,,,0,5.0,,,,,,,,,,,,,,,,,,,,RECONSTRUCT_BLOCKED: BLOCKED_BY_CAP_MIN,,,,,,,,10.0,6.5600000000000005,,,,,0,0,,,Inv: 10.0/6.6 CapLeft: 3.4,,,10.0,6.5600000000000005,16.560000000000002,3.4399999999999977
1765932187.9461458,btc-updown-15m-1765931400,1765931400.0,1765932300.0,,112.05385422706604,,,,,0,0,0.98,0.98,ONE_LEG_INVENTORY,,,,,,,,,,,,,,0,5.0,,,,,,,,,,,,,,,,,,,,RECONSTRUCT_BLOCKED: BLOCKED_BY_CAP_MIN,,,,,,,,10.0,6.5600000000000005,,,,,0,0,,,Inv: 10.0/6.6 CapLeft: 3.4,,,10.0,6.5600000000000005,16.560000000000002,3.4399999999999977
1765932189.8200505,btc-updown-15m-1765931400,1765931400.0,1765932300.0,,110.17994952201843,,,,,0,0,0.99,0.98,ONE_LEG_INVENTORY,,,,,,,,,,,,,,0,5.0,,,,,,,,,,,,,,,,,,,,RECONSTRUCT_BLOCKED: BLOCKED_BY_CAP_MIN,,,,,,,,10.0,6.5600000000000005,,,,,0,0,,,Inv: 10.0/6.6 CapLeft: 3.4,,,10.0,6.5600000000000005,16.560000000000002,3.4399999999999977
1765932189.8200505,btc-updown-15m-1765931400,1765931400.0,1765932300.0,,110.17994952201843,,,,,0,0,0.99,0.98,ONE_LEG_INVENTORY,,,,,,,,,,,,,,0,5.0,,,,,,,,,,,,,,,,,,,,RECONSTRUCT_BLOCKED: BLOCKED_BY_CAP_MIN,,,,,,,,10.0,6.5600000000000005,,,,,0,0,,,Inv: 10.0/6.6 CapLeft: 3.4,,,10.0,6.5600000000000005,16.560000000000002,3.4399999999999977
1765932191.7123933,btc-updown-15m-1765931400,1765931400.0,1765932300.0,,108.287606716156,,,,,0,0,0.98,0.98,ONE_LEG_INVENTORY,,,,,,,,,,,,,,0,5.0,,,,,,,,,,,,,,,,,,,,RECONSTRUCT_BLOCKED: BLOCKED_BY_CAP_MIN,,,,,,,,10.0,6.5600000000000005,,,,,0,0,,,Inv: 10.0/6.6 CapLeft: 3.4,,,10.0,6.5600000000000005,16.560000000000002,3.4399999999999977
1765932191.7123933,btc-updown-15m-1765931400,1765931400.0,1765932300.0,,108.287606716156,,,,,0,0,0.98,0.98,ONE_LEG_INVENTORY,,,,,,,,,,,,,,0,5.0,,,,,,,,,,,,,,,,,,,,RECONSTRUCT_BLOCKED: BLOCKED_BY_CAP_MIN,,,,,,,,10.0,6.5600000000000005,,,,,0,0,,,Inv: 10.0/6.6 CapLeft: 3.4,,,10.0,6.5600000000000005,16.560000000000002,3.4399999999999977
1765932193.6124644,btc-updown-15m-1765931400,1765931400.0,1765932300.0,,106.387535572052,,,,,0,0,0.99,0.98,ONE_LEG_INVENTORY,,,,,,,,,,,,,,0,5.0,,,,,,,,,,,,,,,,,,,,RECONSTRUCT_BLOCKED: BLOCKED_BY_CAP_MIN,,,,,,,,10.0,6.5600000000000005,,,,,0,0,,,Inv: 10.0/6.6 CapLeft: 3.4,,,10.0,6.5600000000000005,16.560000000000002,3.4399999999999977
1765932193.6124644,btc-updown-15m-1765931400,1765931400.0,1765932300.0,,106.387535572052,,,,,0,0,0.99,0.98,ONE_LEG_INVENTORY,,,,,,,,,,,,,,0,5.0,,,,,,,,,,,,,,,,,,,,RECONSTRUCT_BLOCKED: BLOCKED_BY_CAP_MIN,,,,,,,,10.0,6.5600000000000005,,,,,0,0,,,Inv: 10.0/6.6 CapLeft: 3.4,,,10.0,6.5600000000000005,16.560000000000002,3.4399999999999977
1765932195.4900942,btc-updown-15m-1765931400,1765931400.0,1765932300.0,,104.50990581512451,,,,,0,0,0.97,0.98,ONE_LEG_INVENTORY,,,,,,,,,,,,,,0,5.0,,,,,,,,,,,,,,,,,,,,RECONSTRUCT_BLOCKED: BLOCKED_BY_CAP_MIN,,,,,,,,10.0,6.5600000000000005,,,,,0,0,,,Inv: 10.0/6.6 CapLeft: 3.4,,,10.0,6.5600000000000005,16.560000000000002,3.4399999999999977
1765932195.4900942,btc-updown-15m-1765931400,1765931400.0,1765932300.0,,104.50990581512451,,,,,0,0,0.97,0.98,ONE_LEG_INVENTORY,,,,,,,,,,,,,,0,5.0,,,,,,,,,,,,,,,,,,,,RECONSTRUCT_BLOCKED: BLOCKED_BY_CAP_MIN,,,,,,,,10.0,6.5600000000000005,,,,,0,0,,,Inv: 10.0/6.6 CapLeft: 3.4,,,10.0,6.5600000000000005,16.560000000000002,3.4399999999999977
1765932197.3768451,btc-updown-15m-1765931400,1765931400.0,1765932300.0,,102.62315487861633,,,,,0,0,0.98,0.98,ONE_LEG_INVENTORY,,,,,,,,,,,,,,0,5.0,,,,,,,,,,,,,,,,,,,,RECONSTRUCT_BLOCKED: BLOCKED_BY_CAP_MIN,,,,,,,,10.0,6.5600000000000005,,,,,0,0,,,Inv: 10.0/6.6 CapLeft: 3.4,,,10.0,6.5600000000000005,16.560000000000002,3.4399999999999977
1765932197.3768451,btc-updown-15m-1765931400,1765931400.0,1765932300.0,,102.62315487861633,,,,,0,0,0.98,0.98,ONE_LEG_INVENTORY,,,,,,,,,,,,,,0,5.0,,,,,,,,,,,,,,,,,,,,RECONSTRUCT_BLOCKED: BLOCKED_BY_CAP_MIN,,,,,,,,10.0,6.5600000000000005,,,,,0,0,,,Inv: 10.0/6.6 CapLeft: 3.4,,,10.0,6.5600000000000005,16.560000000000002,3.4399999999999977
1765932199.2727537,btc-updown-15m-1765931400,1765931400.0,1765932300.0,,100.72724628448486,,,,,0,0,0.98,0.98,ONE_LEG_INVENTORY,,,,,,,,,,,,,,0,5.0,,,,,,,,,,,,,,,,,,,,RECONSTRUCT_BLOCKED: BLOCKED_BY_CAP_MIN,,,,,,,,10.0,6.5600000000000005,,,,,0,0,,,Inv: 10.0/6.6 CapLeft: 3.4,,,10.0,6.5600000000000005,16.560000000000002,3.4399999999999977
1765932199.2727537,btc-updown-15m-1765931400,1765931400.0,1765932300.0,,100.72724628448486,,,,,0,0,0.98,0.98,ONE_LEG_INVENTORY,,,,,,,,,,,,,,0,5.0,,,,,,,,,,,,,,,,,,,,RECONSTRUCT_BLOCKED: BLOCKED_BY_CAP_MIN,,,,,,,,10.0,6.5600000000000005,,,,,0,0,,,Inv: 10.0/6.6 CapLeft: 3.4,,,10.0,6.5600000000000005,16.560000000000002,3.4399999999999977
1765932201.1460755,btc-updown-15m-1765931400,1765931400.0,1765932300.0,,98.85392451286316,,,,,0,0,0.99,0.98,ONE_LEG_INVENTORY,,,,,,,,,,,,,,0,5.0,,,,,,,,,,,,,,,,,,,,RECONSTRUCT_BLOCKED: BLOCKED_BY_CAP_MIN,,,,,,,,10.0,6.5600000000000005,,,,,0,0,,,Inv: 10.0/6.6 CapLeft: 3.4,,,10.0,6.5600000000000005,16.560000000000002,3.4399999999999977
1765932201.1460755,btc-updown-15m-1765931400,1765931400.0,1765932300.0,,98.85392451286316,,,,,0,0,0.99,0.98,ONE_LEG_INVENTORY,,,,,,,,,,,,,,0,5.0,,,,,,,,,,,,,,,,,,,,RECONSTRUCT_BLOCKED: BLOCKED_BY_CAP_MIN,,,,,,,,10.0,6.5600000000000005,,,,,0,0,,,Inv: 10.0/6.6 CapLeft: 3.4,,,10.0,6.5600000000000005,16.560000000000002,3.4399999999999977
1765932203.0751178,btc-updown-15m-1765931400,1765931400.0,1765932300.0,,96.92488217353821,,,,,0,0,0.99,0.98,ONE_LEG_INVENTORY,,,,,,,,,,,,,,0,5.0,,,,,,,,,,,,,,,,,,,,RECONSTRUCT_BLOCKED: BLOCKED_BY_CAP_MIN,,,,,,,,10.0,6.5600000000000005,,,,,0,0,,,Inv: 10.0/6.6 CapLeft: 3.4,,,10.0,6.5600000000000005,16.560000000000002,3.4399999999999977
1765932203.0751178,btc-updown-15m-1765931400,1765931400.0,1765932300.0,,96.92488217353821,,,,,0,0,0.99,0.98,ONE_LEG_INVENTORY,,,,,,,,,,,,,,0,5.0,,,,,,,,,,,,,,,,,,,,RECONSTRUCT_BLOCKED: BLOCKED_BY_CAP_MIN,,,,,,,,10.0,6.5600000000000005,,,,,0,0,,,Inv: 10.0/6.6 CapLeft: 3.4,,,10.0,6.5600000000000005,16.560000000000002,3.4399999999999977
1765932204.955054,btc-updown-15m-1765931400,1765931400.0,1765932300.0,,95.04494595527649,,,,,0,0,0.99,0.98,ONE_LEG_INVENTORY,,,,,,,,,,,,,,0,5.0,,,,,,,,,,,,,,,,,,,,RECONSTRUCT_BLOCKED: BLOCKED_BY_CAP_MIN,,,,,,,,10.0,6.5600000000000005,,,,,0,0,,,Inv: 10.0/6.6 CapLeft: 3.4,,,10.0,6.5600000000000005,16.560000000000002,3.4399999999999977
1765932204.955054,btc-updown-15m-1765931400,1765931400.0,1765932300.0,,95.04494595527649,,,,,0,0,0.99,0.98,ONE_LEG_INVENTORY,,,,,,,,,,,,,,0,5.0,,,,,,,,,,,,,,,,,,,,RECONSTRUCT_BLOCKED: BLOCKED_BY_CAP_MIN,,,,,,,,10.0,6.5600000000000005,,,,,0,0,,,Inv: 10.0/6.6 CapLeft: 3.4,,,10.0,6.5600000000000005,16.560000000000002,3.4399999999999977
1765932206.8832512,btc-updown-15m-1765931400,1765931400.0,1765932300.0,,93.11674880981445,,,,,0,0,0.99,0.98,ONE_LEG_INVENTORY,,,,,,,,,,,,,,0,5.0,,,,,,,,,,,,,,,,,,,,RECONSTRUCT_BLOCKED: BLOCKED_BY_CAP_MIN,,,,,,,,10.0,6.5600000000000005,,,,,0,0,,,Inv: 10.0/6.6 CapLeft: 3.4,,,10.0,6.5600000000000005,16.560000000000002,3.4399999999999977
1765932206.8832512,btc-updown-15m-1765931400,1765931400.0,1765932300.0,,93.11674880981445,,,,,0,0,0.99,0.98,ONE_LEG_INVENTORY,,,,,,,,,,,,,,0,5.0,,,,,,,,,,,,,,,,,,,,RECONSTRUCT_BLOCKED: BLOCKED_BY_CAP_MIN,,,,,,,,10.0,6.5600000000000005,,,,,0,0,,,Inv: 10.0/6.6 CapLeft: 3.4,,,10.0,6.5600000000000005,16.560000000000002,3.4399999999999977
1765932208.7614765,btc-updown-15m-1765931400,1765931400.0,1765932300.0,,91.23852348327637,,,,,0,0,0.99,0.98,ONE_LEG_INVENTORY,,,,,,,,,,,,,,0,5.0,,,,,,,,,,,,,,,,,,,,RECONSTRUCT_BLOCKED: BLOCKED_BY_CAP_MIN,,,,,,,,10.0,6.5600000000000005,,,,,0,0,,,Inv: 10.0/6.6 CapLeft: 3.4,,,10.0,6.5600000000000005,16.560000000000002,3.4399999999999977
1765932208.7614765,btc-updown-15m-1765931400,1765931400.0,1765932300.0,,91.23852348327637,,,,,0,0,0.99,0.98,ONE_LEG_INVENTORY,,,,,,,,,,,,,,0,5.0,,,,,,,,,,,,,,,,,,,,RECONSTRUCT_BLOCKED: BLOCKED_BY_CAP_MIN,,,,,,,,10.0,6.5600000000000005,,,,,0,0,,,Inv: 10.0/6.6 CapLeft: 3.4,,,10.0,6.5600000000000005,16.560000000000002,3.4399999999999977
1765932210.6482172,btc-updown-15m-1765931400,1765931400.0,1765932300.0,,89.35178279876709,,,,,0,0,0.99,0.98,ONE_LEG_INVENTORY,,,,,,,,,,,,,,0,5.0,,,,,,,,,,,,,,,,,,,,RECONSTRUCT_BLOCKED: BLOCKED_BY_CAP_MIN,,,,,,,,10.0,6.5600000000000005,,,,,0,0,,,Inv: 10.0/6.6 CapLeft: 3.4,,,10.0,6.5600000000000005,16.560000000000002,3.4399999999999977
1765932210.6482172,btc-updown-15m-1765931400,1765931400.0,1765932300.0,,89.35178279876709,,,,,0,0,0.99,0.98,ONE_LEG_INVENTORY,,,,,,,,,,,,,,0,5.0,,,,,,,,,,,,,,,,,,,,RECONSTRUCT_BLOCKED: BLOCKED_BY_CAP_MIN,,,,,,,,10.0,6.5600000000000005,,,,,0,0,,,Inv: 10.0/6.6 CapLeft: 3.4,,,10.0,6.5600000000000005,16.560000000000002,3.4399999999999977
1765932212.5621276,btc-updown-15m-1765931400,1765931400.0,1765932300.0,,87.43787240982056,,,,,0,0,0.99,0.98,ONE_LEG_INVENTORY,,,,,,,,,,,,,,0,5.0,,,,,,,,,,,,,,,,,,,,RECONSTRUCT_BLOCKED: BLOCKED_BY_CAP_MIN,,,,,,,,10.0,6.5600000000000005,,,,,0,0,,,Inv: 10.0/6.6 CapLeft: 3.4,,,10.0,6.5600000000000005,16.560000000000002,3.4399999999999977
1765932212.5621276,btc-updown-15m-1765931400,1765931400.0,1765932300.0,,87.43787240982056,,,,,0,0,0.99,0.98,ONE_LEG_INVENTORY,,,,,,,,,,,,,,0,5.0,,,,,,,,,,,,,,,,,,,,RECONSTRUCT_BLOCKED: BLOCKED_BY_CAP_MIN,,,,,,,,10.0,6.5600000000000005,,,,,0,0,,,Inv: 10.0/6.6 CapLeft: 3.4,,,10.0,6.5600000000000005,16.560000000000002,3.4399999999999977
1765932214.4360585,btc-updown-15m-1765931400,1765931400.0,1765932300.0,,85.56394147872925,,,,,0,0,0.98,0.98,ONE_LEG_INVENTORY,,,,,,,,,,,,,,0,5.0,,,,,,,,,,,,,,,,,,,,RECONSTRUCT_BLOCKED: BLOCKED_BY_CAP_MIN,,,,,,,,10.0,6.5600000000000005,,,,,0,0,,,Inv: 10.0/6.6 CapLeft: 3.4,,,10.0,6.5600000000000005,16.560000000000002,3.4399999999999977
1765932214.4360585,btc-updown-15m-1765931400,1765931400.0,1765932300.0,,85.56394147872925,,,,,0,0,0.98,0.98,ONE_LEG_INVENTORY,,,,,,,,,,,,,,0,5.0,,,,,,,,,,,,,,,,,,,,RECONSTRUCT_BLOCKED: BLOCKED_BY_CAP_MIN,,,,,,,,10.0,6.5600000000000005,,,,,0,0,,,Inv: 10.0/6.6 CapLeft: 3.4,,,10.0,6.5600000000000005,16.560000000000002,3.4399999999999977
1765932216.311257,btc-updown-15m-1765931400,1765931400.0,1765932300.0,,83.68874311447144,,,,,0,0,0.98,0.98,ONE_LEG_INVENTORY,,,,,,,,,,,,,,0,5.0,,,,,,,,,,,,,,,,,,,,RECONSTRUCT_BLOCKED: BLOCKED_BY_CAP_MIN,,,,,,,,10.0,6.5600000000000005,,,,,0,0,,,Inv: 10.0/6.6 CapLeft: 3.4,,,10.0,6.5600000000000005,16.560000000000002,3.4399999999999977
1765932216.311257,btc-updown-15m-1765931400,1765931400.0,1765932300.0,,83.68874311447144,,,,,0,0,0.98,0.98,ONE_LEG_INVENTORY,,,,,,,,,,,,,,0,5.0,,,,,,,,,,,,,,,,,,,,RECONSTRUCT_BLOCKED: BLOCKED_BY_CAP_MIN,,,,,,,,10.0,6.5600000000000005,,,,,0,0,,,Inv: 10.0/6.6 CapLeft: 3.4,,,10.0,6.5600000000000005,16.560000000000002,3.4399999999999977
1765932218.2182057,btc-updown-15m-1765931400,1765931400.0,1765932300.0,,81.78179430961609,,,,,0,0,0.98,0.98,ONE_LEG_INVENTORY,,,,,,,,,,,,,,0,5.0,,,,,,,,,,,,,,,,,,,,RECONSTRUCT_BLOCKED: BLOCKED_BY_CAP_MIN,,,,,,,,10.0,6.5600000000000005,,,,,0,0,,,Inv: 10.0/6.6 CapLeft: 3.4,,,10.0,6.5600000000000005,16.560000000000002,3.4399999999999977
1765932218.2182057,btc-updown-15m-1765931400,1765931400.0,1765932300.0,,81.78179430961609,,,,,0,0,0.98,0.98,ONE_LEG_INVENTORY,,,,,,,,,,,,,,0,5.0,,,,,,,,,,,,,,,,,,,,RECONSTRUCT_BLOCKED: BLOCKED_BY_CAP_MIN,,,,,,,,10.0,6.5600000000000005,,,,,0,0,,,Inv: 10.0/6.6 CapLeft: 3.4,,,10.0,6.5600000000000005,16.560000000000002,3.4399999999999977
1765932220.162303,btc-updown-15m-1765931400,1765931400.0,1765932300.0,,79.83769702911377,,,,,0,0,0.99,0.98,ONE_LEG_INVENTORY,,,,,,,,,,,,,,0,5.0,,,,,,,,,,,,,,,,,,,,RECONSTRUCT_BLOCKED: BLOCKED_BY_CAP_MIN,,,,,,,,10.0,6.5600000000000005,,,,,0,0,,,Inv: 10.0/6.6 CapLeft: 3.4,,,10.0,6.5600000000000005,16.560000000000002,3.4399999999999977
1765932220.162303,btc-updown-15m-1765931400,1765931400.0,1765932300.0,,79.83769702911377,,,,,0,0,0.99,0.98,ONE_LEG_INVENTORY,,,,,,,,,,,,,,0,5.0,,,,,,,,,,,,,,,,,,,,RECONSTRUCT_BLOCKED: BLOCKED_BY_CAP_MIN,,,,,,,,10.0,6.5600000000000005,,,,,0,0,,,Inv: 10.0/6.6 CapLeft: 3.4,,,10.0,6.5600000000000005,16.560000000000002,3.4399999999999977
1765932222.0346477,btc-updown-15m-1765931400,1765931400.0,1765932300.0,,77.96535229682922,,,,,0,0,0.9800000000000001,0.98,ONE_LEG_INVENTORY,,,,,,,,,,,,,,0,5.0,,,,,,,,,,,,,,,,,,,,RECONSTRUCT_BLOCKED: BLOCKED_BY_CAP_MIN,,,,,,,,10.0,6.5600000000000005,,,,,0,0,,,Inv: 10.0/6.6 CapLeft: 3.4,,,10.0,6.5600000000000005,16.560000000000002,3.4399999999999977
1765932222.0346477,btc-updown-15m-1765931400,1765931400.0,1765932300.0,,77.96535229682922,,,,,0,0,0.9800000000000001,0.98,ONE_LEG_INVENTORY,,,,,,,,,,,,,,0,5.0,,,,,,,,,,,,,,,,,,,,RECONSTRUCT_BLOCKED: BLOCKED_BY_CAP_MIN,,,,,,,,10.0,6.5600000000000005,,,,,0,0,,,Inv: 10.0/6.6 CapLeft: 3.4,,,10.0,6.5600000000000005,16.560000000000002,3.4399999999999977
1765932223.93023,btc-updown-15m-1765931400,1765931400.0,1765932300.0,,76.06977009773254,,,,,0,0,0.9800000000000001,0.98,ONE_LEG_INVENTORY,,,,,,,,,,,,,,0,5.0,,,,,,,,,,,,,,,,,,,,RECONSTRUCT_BLOCKED: BLOCKED_BY_CAP_MIN,,,,,,,,10.0,6.5600000000000005,,,,,0,0,,,Inv: 10.0/6.6 CapLeft: 3.4,,,10.0,6.5600000000000005,16.560000000000002,3.4399999999999977
1765932223.93023,btc-updown-15m-1765931400,1765931400.0,1765932300.0,,76.06977009773254,,,,,0,0,0.9800000000000001,0.98,ONE_LEG_INVENTORY,,,,,,,,,,,,,,0,5.0,,,,,,,,,,,,,,,,,,,,RECONSTRUCT_BLOCKED: BLOCKED_BY_CAP_MIN,,,,,,,,10.0,6.5600000000000005,,,,,0,0,,,Inv: 10.0/6.6 CapLeft: 3.4,,,10.0,6.5600000000000005,16.560000000000002,3.4399999999999977
1765932225.8211193,btc-updown-15m-1765931400,1765931400.0,1765932300.0,,74.17888069152832,,,,,0,0,0.99,0.98,ONE_LEG_INVENTORY,,,,,,,,,,,,,,0,5.0,,,,,,,,,,,,,,,,,,,,RECONSTRUCT_BLOCKED: BLOCKED_BY_CAP_MIN,,,,,,,,10.0,6.5600000000000005,,,,,0,0,,,Inv: 10.0/6.6 CapLeft: 3.4,,,10.0,6.5600000000000005,16.560000000000002,3.4399999999999977
1765932225.8211193,btc-updown-15m-1765931400,1765931400.0,1765932300.0,,74.17888069152832,,,,,0,0,0.99,0.98,ONE_LEG_INVENTORY,,,,,,,,,,,,,,0,5.0,,,,,,,,,,,,,,,,,,,,RECONSTRUCT_BLOCKED: BLOCKED_BY_CAP_MIN,,,,,,,,10.0,6.5600000000000005,,,,,0,0,,,Inv: 10.0/6.6 CapLeft: 3.4,,,10.0,6.5600000000000005,16.560000000000002,3.4399999999999977
1765932227.685949,btc-updown-15m-1765931400,1765931400.0,1765932300.0,,72.31405091285706,,,,,0,0,0.99,0.98,ONE_LEG_INVENTORY,,,,,,,,,,,,,,0,5.0,,,,,,,,,,,,,,,,,,,,RECONSTRUCT_BLOCKED: BLOCKED_BY_CAP_MIN,,,,,,,,10.0,6.5600000000000005,,,,,0,0,,,Inv: 10.0/6.6 CapLeft: 3.4,,,10.0,6.5600000000000005,16.560000000000002,3.4399999999999977
1765932227.685949,btc-updown-15m-1765931400,1765931400.0,1765932300.0,,72.31405091285706,,,,,0,0,0.99,0.98,ONE_LEG_INVENTORY,,,,,,,,,,,,,,0,5.0,,,,,,,,,,,,,,,,,,,,RECONSTRUCT_BLOCKED: BLOCKED_BY_CAP_MIN,,,,,,,,10.0,6.5600000000000005,,,,,0,0,,,Inv: 10.0/6.6 CapLeft: 3.4,,,10.0,6.5600000000000005,16.560000000000002,3.4399999999999977
1765932229.5623403,btc-updown-15m-1765931400,1765931400.0,1765932300.0,,70.437659740448,,,,,0,0,0.99,0.98,ONE_LEG_INVENTORY,,,,,,,,,,,,,,0,5.0,,,,,,,,,,,,,,,,,,,,RECONSTRUCT_BLOCKED: BLOCKED_BY_CAP_MIN,,,,,,,,10.0,6.5600000000000005,,,,,0,0,,,Inv: 10.0/6.6 CapLeft: 3.4,,,10.0,6.5600000000000005,16.560000000000002,3.4399999999999977
1765932229.5623403,btc-updown-15m-1765931400,1765931400.0,1765932300.0,,70.437659740448,,,,,0,0,0.99,0.98,ONE_LEG_INVENTORY,,,,,,,,,,,,,,0,5.0,,,,,,,,,,,,,,,,,,,,RECONSTRUCT_BLOCKED: BLOCKED_BY_CAP_MIN,,,,,,,,10.0,6.5600000000000005,,,,,0,0,,,Inv: 10.0/6.6 CapLeft: 3.4,,,10.0,6.5600000000000005,16.560000000000002,3.4399999999999977
1765932231.442883,btc-updown-15m-1765931400,1765931400.0,1765932300.0,,68.55711698532104,,,,,0,0,0.99,0.98,ONE_LEG_INVENTORY,,,,,,,,,,,,,,0,5.0,,,,,,,,,,,,,,,,,,,,RECONSTRUCT_BLOCKED: BLOCKED_BY_CAP_MIN,,,,,,,,10.0,6.5600000000000005,,,,,0,0,,,Inv: 10.0/6.6 CapLeft: 3.4,,,10.0,6.5600000000000005,16.560000000000002,3.4399999999999977
1765932231.442883,btc-updown-15m-1765931400,1765931400.0,1765932300.0,,68.55711698532104,,,,,0,0,0.99,0.98,ONE_LEG_INVENTORY,,,,,,,,,,,,,,0,5.0,,,,,,,,,,,,,,,,,,,,RECONSTRUCT_BLOCKED: BLOCKED_BY_CAP_MIN,,,,,,,,10.0,6.5600000000000005,,,,,0,0,,,Inv: 10.0/6.6 CapLeft: 3.4,,,10.0,6.5600000000000005,16.560000000000002,3.4399999999999977
1765932233.3372257,btc-updown-15m-1765931400,1765931400.0,1765932300.0,,66.66277432441711,,,,,0,0,0.99,0.98,ONE_LEG_INVENTORY,,,,,,,,,,,,,,0,5.0,,,,,,,,,,,,,,,,,,,,RECONSTRUCT_BLOCKED: BLOCKED_BY_CAP_MIN,,,,,,,,10.0,6.5600000000000005,,,,,0,0,,,Inv: 10.0/6.6 CapLeft: 3.4,,,10.0,6.5600000000000005,16.560000000000002,3.4399999999999977
1765932233.3372257,btc-updown-15m-1765931400,1765931400.0,1765932300.0,,66.66277432441711,,,,,0,0,0.99,0.98,ONE_LEG_INVENTORY,,,,,,,,,,,,,,0,5.0,,,,,,,,,,,,,,,,,,,,RECONSTRUCT_BLOCKED: BLOCKED_BY_CAP_MIN,,,,,,,,10.0,6.5600000000000005,,,,,0,0,,,Inv: 10.0/6.6 CapLeft: 3.4,,,10.0,6.5600000000000005,16.560000000000002,3.4399999999999977
1765932235.2134795,btc-updown-15m-1765931400,1765931400.0,1765932300.0,,64.78652048110962,,,,,0,0,0.97,0.98,ONE_LEG_INVENTORY,,,,,,,,,,,,,,0,5.0,,,,,,,,,,,,,,,,,,,,RECONSTRUCT_BLOCKED: BLOCKED_BY_CAP_MIN,,,,,,,,10.0,6.5600000000000005,,,,,0,0,,,Inv: 10.0/6.6 CapLeft: 3.4,,,10.0,6.5600000000000005,16.560000000000002,3.4399999999999977
1765932235.2134795,btc-updown-15m-1765931400,1765931400.0,1765932300.0,,64.78652048110962,,,,,0,0,0.97,0.98,ONE_LEG_INVENTORY,,,,,,,,,,,,,,0,5.0,,,,,,,,,,,,,,,,,,,,RECONSTRUCT_BLOCKED: BLOCKED_BY_CAP_MIN,,,,,,,,10.0,6.5600000000000005,,,,,0,0,,,Inv: 10.0/6.6 CapLeft: 3.4,,,10.0,6.5600000000000005,16.560000000000002,3.4399999999999977
1765932237.105788,btc-updown-15m-1765931400,1765931400.0,1765932300.0,,62.89421200752258,,,,,0,0,0.99,0.98,ONE_LEG_INVENTORY,,,,,,,,,,,,,,0,5.0,,,,,,,,,,,,,,,,,,,,RECONSTRUCT_BLOCKED: BLOCKED_BY_CAP_MIN,,,,,,,,10.0,6.5600000000000005,,,,,0,0,,,Inv: 10.0/6.6 CapLeft: 3.4,,,10.0,6.5600000000000005,16.560000000000002,3.4399999999999977
1765932237.105788,btc-updown-15m-1765931400,1765931400.0,1765932300.0,,62.89421200752258,,,,,0,0,0.99,0.98,ONE_LEG_INVENTORY,,,,,,,,,,,,,,0,5.0,,,,,,,,,,,,,,,,,,,,RECONSTRUCT_BLOCKED: BLOCKED_BY_CAP_MIN,,,,,,,,10.0,6.5600000000000005,,,,,0,0,,,Inv: 10.0/6.6 CapLeft: 3.4,,,10.0,6.5600000000000005,16.560000000000002,3.4399999999999977
1765932238.9786448,btc-updown-15m-1765931400,1765931400.0,1765932300.0,,61.02135515213013,,,,,0,0,0.98,0.98,ONE_LEG_INVENTORY,,,,,,,,,,,,,,0,5.0,,,,,,,,,,,,,,,,,,,,RECONSTRUCT_BLOCKED: BLOCKED_BY_CAP_MIN,,,,,,,,10.0,6.5600000000000005,,,,,0,0,,,Inv: 10.0/6.6 CapLeft: 3.4,,,10.0,6.5600000000000005,16.560000000000002,3.4399999999999977
1765932238.9786448,btc-updown-15m-1765931400,1765931400.0,1765932300.0,,61.02135515213013,,,,,0,0,0.98,0.98,ONE_LEG_INVENTORY,,,,,,,,,,,,,,0,5.0,,,,,,,,,,,,,,,,,,,,RECONSTRUCT_BLOCKED: BLOCKED_BY_CAP_MIN,,,,,,,,10.0,6.5600000000000005,,,,,0,0,,,Inv: 10.0/6.6 CapLeft: 3.4,,,10.0,6.5600000000000005,16.560000000000002,3.4399999999999977
1765932240.8656616,btc-updown-15m-1765931400,1765931400.0,1765932300.0,,59.13433837890625,,,,,0,0,0.99,0.98,ONE_LEG_INVENTORY,,,,,,,,,,,,,,0,5.0,,,,,,,,,,,,,,,,,,,,RECONSTRUCT_BLOCKED: BLOCKED_BY_CAP_MIN,,,,,,,,10.0,6.5600000000000005,,,,,0,0,,,Inv: 10.0/6.6 CapLeft: 3.4,,,10.0,6.5600000000000005,16.560000000000002,3.4399999999999977
1765932240.8656616,btc-updown-15m-1765931400,1765931400.0,1765932300.0,,59.13433837890625,,,,,0,0,0.99,0.98,ONE_LEG_INVENTORY,,,,,,,,,,,,,,0,5.0,,,,,,,,,,,,,,,,,,,,RECONSTRUCT_BLOCKED: BLOCKED_BY_CAP_MIN,,,,,,,,10.0,6.5600000000000005,,,,,0,0,,,Inv: 10.0/6.6 CapLeft: 3.4,,,10.0,6.5600000000000005,16.560000000000002,3.4399999999999977
1765932242.755132,btc-updown-15m-1765931400,1765931400.0,1765932300.0,,57.24486804008484,,,,,0,0,0.99,0.98,ONE_LEG_INVENTORY,,,,,,,,,,,,,,0,5.0,,,,,,,,,,,,,,,,,,,,RECONSTRUCT_BLOCKED: BLOCKED_BY_CAP_MIN,,,,,,,,10.0,6.5600000000000005,,,,,0,0,,,Inv: 10.0/6.6 CapLeft: 3.4,,,10.0,6.5600000000000005,16.560000000000002,3.4399999999999977
1765932242.755132,btc-updown-15m-1765931400,1765931400.0,1765932300.0,,57.24486804008484,,,,,0,0,0.99,0.98,ONE_LEG_INVENTORY,,,,,,,,,,,,,,0,5.0,,,,,,,,,,,,,,,,,,,,RECONSTRUCT_BLOCKED: BLOCKED_BY_CAP_MIN,,,,,,,,10.0,6.5600000000000005,,,,,0,0,,,Inv: 10.0/6.6 CapLeft: 3.4,,,10.0,6.5600000000000005,16.560000000000002,3.4399999999999977
1765932244.6340437,btc-updown-15m-1765931400,1765931400.0,1765932300.0,,55.36595630645752,,,,,0,0,0.97,0.98,ONE_LEG_INVENTORY,,,,,,,,,,,,,,0,5.0,,,,,,,,,,,,,,,,,,,,RECONSTRUCT_BLOCKED: BLOCKED_BY_CAP_MIN,,,,,,,,10.0,6.5600000000000005,,,,,0,0,,,Inv: 10.0/6.6 CapLeft: 3.4,,,10.0,6.5600000000000005,16.560000000000002,3.4399999999999977
1765932244.6340437,btc-updown-15m-1765931400,1765931400.0,1765932300.0,,55.36595630645752,,,,,0,0,0.97,0.98,ONE_LEG_INVENTORY,,,,,,,,,,,,,,0,5.0,,,,,,,,,,,,,,,,,,,,RECONSTRUCT_BLOCKED: BLOCKED_BY_CAP_MIN,,,,,,,,10.0,6.5600000000000005,,,,,0,0,,,Inv: 10.0/6.6 CapLeft: 3.4,,,10.0,6.5600000000000005,16.560000000000002,3.4399999999999977
1765932246.537594,btc-updown-15m-1765931400,1765931400.0,1765932300.0,,53.46240592002869,,,,,0,0,0.99,0.98,ONE_LEG_INVENTORY,,,,,,,,,,,,,,0,5.0,,,,,,,,,,,,,,,,,,,,RECONSTRUCT_BLOCKED: BLOCKED_BY_CAP_MIN,,,,,,,,10.0,6.5600000000000005,,,,,0,0,,,Inv: 10.0/6.6 CapLeft: 3.4,,,10.0,6.5600000000000005,16.560000000000002,3.4399999999999977
1765932246.537594,btc-updown-15m-1765931400,1765931400.0,1765932300.0,,53.46240592002869,,,,,0,0,0.99,0.98,ONE_LEG_INVENTORY,,,,,,,,,,,,,,0,5.0,,,,,,,,,,,,,,,,,,,,RECONSTRUCT_BLOCKED: BLOCKED_BY_CAP_MIN,,,,,,,,10.0,6.5600000000000005,,,,,0,0,,,Inv: 10.0/6.6 CapLeft: 3.4,,,10.0,6.5600000000000005,16.560000000000002,3.4399999999999977
1765932248.4079432,btc-updown-15m-1765931400,1765931400.0,1765932300.0,,51.59205675125122,,,,,0,0,0.99,0.98,ONE_LEG_INVENTORY,,,,,,,,,,,,,,0,5.0,,,,,,,,,,,,,,,,,,,,RECONSTRUCT_BLOCKED: BLOCKED_BY_CAP_MIN,,,,,,,,10.0,6.5600000000000005,,,,,0,0,,,Inv: 10.0/6.6 CapLeft: 3.4,,,10.0,6.5600000000000005,16.560000000000002,3.4399999999999977
1765932248.4079432,btc-updown-15m-1765931400,1765931400.0,1765932300.0,,51.59205675125122,,,,,0,0,0.99,0.98,ONE_LEG_INVENTORY,,,,,,,,,,,,,,0,5.0,,,,,,,,,,,,,,,,,,,,RECONSTRUCT_BLOCKED: BLOCKED_BY_CAP_MIN,,,,,,,,10.0,6.5600000000000005,,,,,0,0,,,Inv: 10.0/6.6 CapLeft: 3.4,,,10.0,6.5600000000000005,16.560000000000002,3.4399999999999977
1765932250.3297508,btc-updown-15m-1765931400,1765931400.0,1765932300.0,,49.670249223709106,,,,,0,0,0.99,0.98,ONE_LEG_INVENTORY,,,,,,,,,,,,,,0,5.0,,,,,,,,,,,,,,,,,,,,RECONSTRUCT_BLOCKED: BLOCKED_BY_CAP_MIN,,,,,,,,10.0,6.5600000000000005,,,,,0,0,,,Inv: 10.0/6.6 CapLeft: 3.4,,,10.0,6.5600000000000005,16.560000000000002,3.4399999999999977
1765932250.3297508,btc-updown-15m-1765931400,1765931400.0,1765932300.0,,49.670249223709106,,,,,0,0,0.99,0.98,ONE_LEG_INVENTORY,,,,,,,,,,,,,,0,5.0,,,,,,,,,,,,,,,,,,,,RECONSTRUCT_BLOCKED: BLOCKED_BY_CAP_MIN,,,,,,,,10.0,6.5600000000000005,,,,,0,0,,,Inv: 10.0/6.6 CapLeft: 3.4,,,10.0,6.5600000000000005,16.560000000000002,3.4399999999999977
1765932252.2138834,btc-updown-15m-1765931400,1765931400.0,1765932300.0,,47.78611660003662,,,,,0,0,0.98,0.98,ONE_LEG_INVENTORY,,,,,,,,,,,,,,0,5.0,,,,,,,,,,,,,,,,,,,,RECONSTRUCT_BLOCKED: BLOCKED_BY_CAP_MIN,,,,,,,,10.0,6.5600000000000005,,,,,0,0,,,Inv: 10.0/6.6 CapLeft: 3.4,,,10.0,6.5600000000000005,16.560000000000002,3.4399999999999977
1765932252.2138834,btc-updown-15m-1765931400,1765931400.0,1765932300.0,,47.78611660003662,,,,,0,0,0.98,0.98,ONE_LEG_INVENTORY,,,,,,,,,,,,,,0,5.0,,,,,,,,,,,,,,,,,,,,RECONSTRUCT_BLOCKED: BLOCKED_BY_CAP_MIN,,,,,,,,10.0,6.5600000000000005,,,,,0,0,,,Inv: 10.0/6.6 CapLeft: 3.4,,,10.0,6.5600000000000005,16.560000000000002,3.4399999999999977
1765932254.089682,btc-updown-15m-1765931400,1765931400.0,1765932300.0,,45.91031789779663,,,,,0,0,0.99,0.98,ONE_LEG_INVENTORY,,,,,,,,,,,,,,0,5.0,,,,,,,,,,,,,,,,,,,,RECONSTRUCT_BLOCKED: BLOCKED_BY_CAP_MIN,,,,,,,,10.0,6.5600000000000005,,,,,0,0,,,Inv: 10.0/6.6 CapLeft: 3.4,,,10.0,6.5600000000000005,16.560000000000002,3.4399999999999977
1765932254.089682,btc-updown-15m-1765931400,1765931400.0,1765932300.0,,45.91031789779663,,,,,0,0,0.99,0.98,ONE_LEG_INVENTORY,,,,,,,,,,,,,,0,5.0,,,,,,,,,,,,,,,,,,,,RECONSTRUCT_BLOCKED: BLOCKED_BY_CAP_MIN,,,,,,,,10.0,6.5600000000000005,,,,,0,0,,,Inv: 10.0/6.6 CapLeft: 3.4,,,10.0,6.5600000000000005,16.560000000000002,3.4399999999999977
1765932255.9688456,btc-updown-15m-1765931400,1765931400.0,1765932300.0,,44.03115439414978,,,,,0,0,0.99,0.98,ONE_LEG_INVENTORY,,,,,,,,,,,,,,0,5.0,,,,,,,,,,,,,,,,,,,,RECONSTRUCT_BLOCKED: BLOCKED_BY_CAP_MIN,,,,,,,,10.0,6.5600000000000005,,,,,0,0,,,Inv: 10.0/6.6 CapLeft: 3.4,,,10.0,6.5600000000000005,16.560000000000002,3.4399999999999977
1765932255.9688456,btc-updown-15m-1765931400,1765931400.0,1765932300.0,,44.03115439414978,,,,,0,0,0.99,0.98,ONE_LEG_INVENTORY,,,,,,,,,,,,,,0,5.0,,,,,,,,,,,,,,,,,,,,RECONSTRUCT_BLOCKED: BLOCKED_BY_CAP_MIN,,,,,,,,10.0,6.5600000000000005,,,,,0,0,,,Inv: 10.0/6.6 CapLeft: 3.4,,,10.0,6.5600000000000005,16.560000000000002,3.4399999999999977
1765932257.873469,btc-updown-15m-1765931400,1765931400.0,1765932300.0,,42.12653088569641,,,,,0,0,0.99,0.98,ONE_LEG_INVENTORY,,,,,,,,,,,,,,0,5.0,,,,,,,,,,,,,,,,,,,,RECONSTRUCT_BLOCKED: BLOCKED_BY_CAP_MIN,,,,,,,,10.0,6.5600000000000005,,,,,0,0,,,Inv: 10.0/6.6 CapLeft: 3.4,,,10.0,6.5600000000000005,16.560000000000002,3.4399999999999977
1765932257.873469,btc-updown-15m-1765931400,1765931400.0,1765932300.0,,42.12653088569641,,,,,0,0,0.99,0.98,ONE_LEG_INVENTORY,,,,,,,,,,,,,,0,5.0,,,,,,,,,,,,,,,,,,,,RECONSTRUCT_BLOCKED: BLOCKED_BY_CAP_MIN,,,,,,,,10.0,6.5600000000000005,,,,,0,0,,,Inv: 10.0/6.6 CapLeft: 3.4,,,10.0,6.5600000000000005,16.560000000000002,3.4399999999999977
1765932259.744853,btc-updown-15m-1765931400,1765931400.0,1765932300.0,,40.255146980285645,,,,,0,0,0.99,0.98,ONE_LEG_INVENTORY,,,,,,,,,,,,,,0,5.0,,,,,,,,,,,,,,,,,,,,RECONSTRUCT_BLOCKED: BLOCKED_BY_CAP_MIN,,,,,,,,10.0,6.5600000000000005,,,,,0,0,,,Inv: 10.0/6.6 CapLeft: 3.4,,,10.0,6.5600000000000005,16.560000000000002,3.4399999999999977
1765932259.744853,btc-updown-15m-1765931400,1765931400.0,1765932300.0,,40.255146980285645,,,,,0,0,0.99,0.98,ONE_LEG_INVENTORY,,,,,,,,,,,,,,0,5.0,,,,,,,,,,,,,,,,,,,,RECONSTRUCT_BLOCKED: BLOCKED_BY_CAP_MIN,,,,,,,,10.0,6.5600000000000005,,,,,0,0,,,Inv: 10.0/6.6 CapLeft: 3.4,,,10.0,6.5600000000000005,16.560000000000002,3.4399999999999977
1765932261.6281748,btc-updown-15m-1765931400,1765931400.0,1765932300.0,,38.371825218200684,,,,,0,0,0.99,0.98,ONE_LEG_INVENTORY,,,,,,,,,,,,,,0,5.0,,,,,,,,,,,,,,,,,,,,RECONSTRUCT_BLOCKED: BLOCKED_BY_CAP_MIN,,,,,,,,10.0,6.5600000000000005,,,,,0,0,,,Inv: 10.0/6.6 CapLeft: 3.4,,,10.0,6.5600000000000005,16.560000000000002,3.4399999999999977
1765932261.6281748,btc-updown-15m-1765931400,1765931400.0,1765932300.0,,38.371825218200684,,,,,0,0,0.99,0.98,ONE_LEG_INVENTORY,,,,,,,,,,,,,,0,5.0,,,,,,,,,,,,,,,,,,,,RECONSTRUCT_BLOCKED: BLOCKED_BY_CAP_MIN,,,,,,,,10.0,6.5600000000000005,,,,,0,0,,,Inv: 10.0/6.6 CapLeft: 3.4,,,10.0,6.5600000000000005,16.560000000000002,3.4399999999999977
1765932263.5028806,btc-updown-15m-1765931400,1765931400.0,1765932300.0,,36.497119426727295,,,,,0,0,0.99,0.98,ONE_LEG_INVENTORY,,,,,,,,,,,,,,0,5.0,,,,,,,,,,,,,,,,,,,,RECONSTRUCT_BLOCKED: BLOCKED_BY_CAP_MIN,,,,,,,,10.0,6.5600000000000005,,,,,0,0,,,Inv: 10.0/6.6 CapLeft: 3.4,,,10.0,6.5600000000000005,16.560000000000002,3.4399999999999977
1765932263.5028806,btc-updown-15m-1765931400,1765931400.0,1765932300.0,,36.497119426727295,,,,,0,0,0.99,0.98,ONE_LEG_INVENTORY,,,,,,,,,,,,,,0,5.0,,,,,,,,,,,,,,,,,,,,RECONSTRUCT_BLOCKED: BLOCKED_BY_CAP_MIN,,,,,,,,10.0,6.5600000000000005,,,,,0,0,,,Inv: 10.0/6.6 CapLeft: 3.4,,,10.0,6.5600000000000005,16.560000000000002,3.4399999999999977
1765932265.4641519,btc-updown-15m-1765931400,1765931400.0,1765932300.0,,34.53584814071655,,,,,0,0,0.99,0.98,ONE_LEG_INVENTORY,,,,,,,,,,,,,,0,5.0,,,,,,,,,,,,,,,,,,,,RECONSTRUCT_BLOCKED: BLOCKED_BY_CAP_MIN,,,,,,,,10.0,6.5600000000000005,,,,,0,0,,,Inv: 10.0/6.6 CapLeft: 3.4,,,10.0,6.5600000000000005,16.560000000000002,3.4399999999999977
1765932265.4641519,btc-updown-15m-1765931400,1765931400.0,1765932300.0,,34.53584814071655,,,,,0,0,0.99,0.98,ONE_LEG_INVENTORY,,,,,,,,,,,,,,0,5.0,,,,,,,,,,,,,,,,,,,,RECONSTRUCT_BLOCKED: BLOCKED_BY_CAP_MIN,,,,,,,,10.0,6.5600000000000005,,,,,0,0,,,Inv: 10.0/6.6 CapLeft: 3.4,,,10.0,6.5600000000000005,16.560000000000002,3.4399999999999977
1765932267.3786373,btc-updown-15m-1765931400,1765931400.0,1765932300.0,,32.62136268615723,,,,,0,0,0.99,0.98,ONE_LEG_INVENTORY,,,,,,,,,,,,,,0,5.0,,,,,,,,,,,,,,,,,,,,RECONSTRUCT_BLOCKED: BLOCKED_BY_CAP_MIN,,,,,,,,10.0,6.5600000000000005,,,,,0,0,,,Inv: 10.0/6.6 CapLeft: 3.4,,,10.0,6.5600000000000005,16.560000000000002,3.4399999999999977
1765932267.3786373,btc-updown-15m-1765931400,1765931400.0,1765932300.0,,32.62136268615723,,,,,0,0,0.99,0.98,ONE_LEG_INVENTORY,,,,,,,,,,,,,,0,5.0,,,,,,,,,,,,,,,,,,,,RECONSTRUCT_BLOCKED: BLOCKED_BY_CAP_MIN,,,,,,,,10.0,6.5600000000000005,,,,,0,0,,,Inv: 10.0/6.6 CapLeft: 3.4,,,10.0,6.5600000000000005,16.560000000000002,3.4399999999999977
1765932269.2625055,btc-updown-15m-1765931400,1765931400.0,1765932300.0,,30.737494468688965,,,,,0,0,0.99,0.98,ONE_LEG_INVENTORY,,,,,,,,,,,,,,0,5.0,,,,,,,,,,,,,,,,,,,,RECONSTRUCT_BLOCKED: BLOCKED_BY_CAP_MIN,,,,,,,,10.0,6.5600000000000005,,,,,0,0,,,Inv: 10.0/6.6 CapLeft: 3.4,,,10.0,6.5600000000000005,16.560000000000002,3.4399999999999977
1765932269.2625055,btc-updown-15m-1765931400,1765931400.0,1765932300.0,,30.737494468688965,,,,,0,0,0.99,0.98,ONE_LEG_INVENTORY,,,,,,,,,,,,,,0,5.0,,,,,,,,,,,,,,,,,,,,RECONSTRUCT_BLOCKED: BLOCKED_BY_CAP_MIN,,,,,,,,10.0,6.5600000000000005,,,,,0,0,,,Inv: 10.0/6.6 CapLeft: 3.4,,,10.0,6.5600000000000005,16.560000000000002,3.4399999999999977
1765932271.1561825,btc-updown-15m-1765931400,1765931400.0,1765932300.0,,28.843817472457886,,,,,0,0,0.99,0.98,ONE_LEG_INVENTORY,,,,,,,,,,,,,,0,5.0,,,,,,,,,,,,,,,,,,,,RECONSTRUCT_BLOCKED: BLOCKED_BY_CAP_MIN,,,,,,,,10.0,6.5600000000000005,,,,,0,0,,,Inv: 10.0/6.6 CapLeft: 3.4,,,10.0,6.5600000000000005,16.560000000000002,3.4399999999999977
1765932271.1561825,btc-updown-15m-1765931400,1765931400.0,1765932300.0,,28.843817472457886,,,,,0,0,0.99,0.98,ONE_LEG_INVENTORY,,,,,,,,,,,,,,0,5.0,,,,,,,,,,,,,,,,,,,,RECONSTRUCT_BLOCKED: BLOCKED_BY_CAP_MIN,,,,,,,,10.0,6.5600000000000005,,,,,0,0,,,Inv: 10.0/6.6 CapLeft: 3.4,,,10.0,6.5600000000000005,16.560000000000002,3.4399999999999977
1765932273.077018,btc-updown-15m-1765931400,1765931400.0,1765932300.0,,26.92298197746277,,,,,0,0,0.99,0.98,ONE_LEG_INVENTORY,,,,,,,,,,,,,,0,5.0,,,,,,,,,,,,,,,,,,,,RECONSTRUCT_BLOCKED: BLOCKED_BY_CAP_MIN,,,,,,,,10.0,6.5600000000000005,,,,,0,0,,,Inv: 10.0/6.6 CapLeft: 3.4,,,10.0,6.5600000000000005,16.560000000000002,3.4399999999999977
1765932273.077018,btc-updown-15m-1765931400,1765931400.0,1765932300.0,,26.92298197746277,,,,,0,0,0.99,0.98,ONE_LEG_INVENTORY,,,,,,,,,,,,,,0,5.0,,,,,,,,,,,,,,,,,,,,RECONSTRUCT_BLOCKED: BLOCKED_BY_CAP_MIN,,,,,,,,10.0,6.5600000000000005,,,,,0,0,,,Inv: 10.0/6.6 CapLeft: 3.4,,,10.0,6.5600000000000005,16.560000000000002,3.4399999999999977
1765932274.978806,btc-updown-15m-1765931400,1765931400.0,1765932300.0,,25.021193981170654,,,,,0,0,0.99,0.98,ONE_LEG_INVENTORY,,,,,,,,,,,,,,0,5.0,,,,,,,,,,,,,,,,,,,,RECONSTRUCT_BLOCKED: BLOCKED_BY_CAP_MIN,,,,,,,,10.0,6.5600000000000005,,,,,0,0,,,Inv: 10.0/6.6 CapLeft: 3.4,,,10.0,6.5600000000000005,16.560000000000002,3.4399999999999977
1765932274.978806,btc-updown-15m-1765931400,1765931400.0,1765932300.0,,25.021193981170654,,,,,0,0,0.99,0.98,ONE_LEG_INVENTORY,,,,,,,,,,,,,,0,5.0,,,,,,,,,,,,,,,,,,,,RECONSTRUCT_BLOCKED: BLOCKED_BY_CAP_MIN,,,,,,,,10.0,6.5600000000000005,,,,,0,0,,,Inv: 10.0/6.6 CapLeft: 3.4,,,10.0,6.5600000000000005,16.560000000000002,3.4399999999999977
1765932276.8669436,btc-updown-15m-1765931400,1765931400.0,1765932300.0,,23.13305640220642,,,,,0,0,0.99,0.98,ONE_LEG_INVENTORY,,,,,,,,,,,,,,0,5.0,,,,,,,,,,,,,,,,,,,,RECONSTRUCT_BLOCKED: BLOCKED_BY_CAP_MIN,,,,,,,,10.0,6.5600000000000005,,,,,0,0,,,Inv: 10.0/6.6 CapLeft: 3.4,,,10.0,6.5600000000000005,16.560000000000002,3.4399999999999977
1765932276.8669436,btc-updown-15m-1765931400,1765931400.0,1765932300.0,,23.13305640220642,,,,,0,0,0.99,0.98,ONE_LEG_INVENTORY,,,,,,,,,,,,,,0,5.0,,,,,,,,,,,,,,,,,,,,RECONSTRUCT_BLOCKED: BLOCKED_BY_CAP_MIN,,,,,,,,10.0,6.5600000000000005,,,,,0,0,,,Inv: 10.0/6.6 CapLeft: 3.4,,,10.0,6.5600000000000005,16.560000000000002,3.4399999999999977
1765932278.7780287,btc-updown-15m-1765931400,1765931400.0,1765932300.0,,21.22197127342224,,,,,0,0,0.99,0.98,ONE_LEG_INVENTORY,,,,,,,,,,,,,,0,5.0,,,,,,,,,,,,,,,,,,,,RECONSTRUCT_BLOCKED: BLOCKED_BY_CAP_MIN,,,,,,,,10.0,6.5600000000000005,,,,,0,0,,,Inv: 10.0/6.6 CapLeft: 3.4,,,10.0,6.5600000000000005,16.560000000000002,3.4399999999999977
1765932278.7780287,btc-updown-15m-1765931400,1765931400.0,1765932300.0,,21.22197127342224,,,,,0,0,0.99,0.98,ONE_LEG_INVENTORY,,,,,,,,,,,,,,0,5.0,,,,,,,,,,,,,,,,,,,,RECONSTRUCT_BLOCKED: BLOCKED_BY_CAP_MIN,,,,,,,,10.0,6.5600000000000005,,,,,0,0,,,Inv: 10.0/6.6 CapLeft: 3.4,,,10.0,6.5600000000000005,16.560000000000002,3.4399999999999977
1765932280.6648939,btc-updown-15m-1765931400,1765931400.0,1765932300.0,,19.335106134414673,,,,,0,0,0.99,0.98,ONE_LEG_INVENTORY,,,,,,,,,,,,,,0,5.0,,,,,,,,,,,,,,,,,,,,RECONSTRUCT_BLOCKED: BLOCKED_BY_CAP_MIN,,,,,,,,10.0,6.5600000000000005,,,,,0,0,,,Inv: 10.0/6.6 CapLeft: 3.4,,,10.0,6.5600000000000005,16.560000000000002,3.4399999999999977
1765932280.6648939,btc-updown-15m-1765931400,1765931400.0,1765932300.0,,19.335106134414673,,,,,0,0,0.99,0.98,ONE_LEG_INVENTORY,,,,,,,,,,,,,,0,5.0,,,,,,,,,,,,,,,,,,,,RECONSTRUCT_BLOCKED: BLOCKED_BY_CAP_MIN,,,,,,,,10.0,6.5600000000000005,,,,,0,0,,,Inv: 10.0/6.6 CapLeft: 3.4,,,10.0,6.5600000000000005,16.560000000000002,3.4399999999999977
1765932282.535785,btc-updown-15m-1765931400,1765931400.0,1765932300.0,,17.46421504020691,,,,,0,0,0.99,0.98,ONE_LEG_INVENTORY,,,,,,,,,,,,,,0,5.0,,,,,,,,,,,,,,,,,,,,RECONSTRUCT_BLOCKED: BLOCKED_BY_CAP_MIN,,,,,,,,10.0,6.5600000000000005,,,,,0,0,,,Inv: 10.0/6.6 CapLeft: 3.4,,,10.0,6.5600000000000005,16.560000000000002,3.4399999999999977
1765932282.535785,btc-updown-15m-1765931400,1765931400.0,1765932300.0,,17.46421504020691,,,,,0,0,0.99,0.98,ONE_LEG_INVENTORY,,,,,,,,,,,,,,0,5.0,,,,,,,,,,,,,,,,,,,,RECONSTRUCT_BLOCKED: BLOCKED_BY_CAP_MIN,,,,,,,,10.0,6.5600000000000005,,,,,0,0,,,Inv: 10.0/6.6 CapLeft: 3.4,,,10.0,6.5600000000000005,16.560000000000002,3.4399999999999977
1765932284.437441,btc-updown-15m-1765931400,1765931400.0,1765932300.0,,15.562558889389038,,,,,0,0,0.99,0.98,ONE_LEG_INVENTORY,,,,,,,,,,,,,,0,5.0,,,,,,,,,,,,,,,,,,,,RECONSTRUCT_BLOCKED: BLOCKED_BY_CAP_MIN,,,,,,,,10.0,6.5600000000000005,,,,,0,0,,,Inv: 10.0/6.6 CapLeft: 3.4,,,10.0,6.5600000000000005,16.560000000000002,3.4399999999999977
1765932284.437441,btc-updown-15m-1765931400,1765931400.0,1765932300.0,,15.562558889389038,,,,,0,0,0.99,0.98,ONE_LEG_INVENTORY,,,,,,,,,,,,,,0,5.0,,,,,,,,,,,,,,,,,,,,RECONSTRUCT_BLOCKED: BLOCKED_BY_CAP_MIN,,,,,,,,10.0,6.5600000000000005,,,,,0,0,,,Inv: 10.0/6.6 CapLeft: 3.4,,,10.0,6.5600000000000005,16.560000000000002,3.4399999999999977
1765932286.3446345,btc-updown-15m-1765931400,1765931400.0,1765932300.0,,13.655365467071533,,,,,0,0,0.99,0.98,ONE_LEG_INVENTORY,,,,,,,,,,,,,,0,5.0,,,,,,,,,,,,,,,,,,,,RECONSTRUCT_BLOCKED: BLOCKED_BY_CAP_MIN,,,,,,,,10.0,6.5600000000000005,,,,,0,0,,,Inv: 10.0/6.6 CapLeft: 3.4,,,10.0,6.5600000000000005,16.560000000000002,3.4399999999999977
1765932286.3446345,btc-updown-15m-1765931400,1765931400.0,1765932300.0,,13.655365467071533,,,,,0,0,0.99,0.98,ONE_LEG_INVENTORY,,,,,,,,,,,,,,0,5.0,,,,,,,,,,,,,,,,,,,,RECONSTRUCT_BLOCKED: BLOCKED_BY_CAP_MIN,,,,,,,,10.0,6.5600000000000005,,,,,0,0,,,Inv: 10.0/6.6 CapLeft: 3.4,,,10.0,6.5600000000000005,16.560000000000002,3.4399999999999977
1765932288.2205644,btc-updown-15m-1765931400,1765931400.0,1765932300.0,,11.779435634613037,,,,,0,0,0.99,0.98,ONE_LEG_INVENTORY,,,,,,,,,,,,,,0,5.0,,,,,,,,,,,,,,,,,,,,RECONSTRUCT_BLOCKED: BLOCKED_BY_CAP_MIN,,,,,,,,10.0,6.5600000000000005,,,,,0,0,,,Inv: 10.0/6.6 CapLeft: 3.4,,,10.0,6.5600000000000005,16.560000000000002,3.4399999999999977
1765932288.2205644,btc-updown-15m-1765931400,1765931400.0,1765932300.0,,11.779435634613037,,,,,0,0,0.99,0.98,ONE_LEG_INVENTORY,,,,,,,,,,,,,,0,5.0,,,,,,,,,,,,,,,,,,,,RECONSTRUCT_BLOCKED: BLOCKED_BY_CAP_MIN,,,,,,,,10.0,6.5600000000000005,,,,,0,0,,,Inv: 10.0/6.6 CapLeft: 3.4,,,10.0,6.5600000000000005,16.560000000000002,3.4399999999999977
1765932290.1546943,btc-updown-15m-1765931400,1765931400.0,1765932300.0,,9.845305681228638,,,,,0,0,0.99,0.98,ONE_LEG_INVENTORY,,,,,,,,,,,,,,0,5.0,,,,,,,,,,,,,,,,,,,,RECONSTRUCT_BLOCKED: BLOCKED_BY_CAP_MIN,,,,,,,,10.0,6.5600000000000005,,,,,0,0,,,Inv: 10.0/6.6 CapLeft: 3.4,,,10.0,6.5600000000000005,16.560000000000002,3.4399999999999977
1765932290.1546943,btc-updown-15m-1765931400,1765931400.0,1765932300.0,,9.845305681228638,,,,,0,0,0.99,0.98,ONE_LEG_INVENTORY,,,,,,,,,,,,,,0,5.0,,,,,,,,,,,,,,,,,,,,RECONSTRUCT_BLOCKED: BLOCKED_BY_CAP_MIN,,,,,,,,10.0,6.5600000000000005,,,,,0,0,,,Inv: 10.0/6.6 CapLeft: 3.4,,,10.0,6.5600000000000005,16.560000000000002,3.4399999999999977
1765932292.0535579,btc-updown-15m-1765931400,1765931400.0,1765932300.0,,7.946442127227783,,,,,0,0,0.99,0.98,ONE_LEG_INVENTORY,,,,,,,,,,,,,,0,5.0,,,,,,,,,,,,,,,,,,,,RECONSTRUCT_BLOCKED: BLOCKED_BY_CAP_MIN,,,,,,,,10.0,6.5600000000000005,,,,,0,0,,,Inv: 10.0/6.6 CapLeft: 3.4,,,10.0,6.5600000000000005,16.560000000000002,3.4399999999999977
1765932292.0535579,btc-updown-15m-1765931400,1765931400.0,1765932300.0,,7.946442127227783,,,,,0,0,0.99,0.98,ONE_LEG_INVENTORY,,,,,,,,,,,,,,0,5.0,,,,,,,,,,,,,,,,,,,,RECONSTRUCT_BLOCKED: BLOCKED_BY_CAP_MIN,,,,,,,,10.0,6.5600000000000005,,,,,0,0,,,Inv: 10.0/6.6 CapLeft: 3.4,,,10.0,6.5600000000000005,16.560000000000002,3.4399999999999977
1765932293.9271884,btc-updown-15m-1765931400,1765931400.0,1765932300.0,,6.072811603546143,,,,,0,0,0.99,0.98,ONE_LEG_INVENTORY,,,,,,,,,,,,,,0,5.0,,,,,,,,,,,,,,,,,,,,RECONSTRUCT_BLOCKED: BLOCKED_BY_CAP_MIN,,,,,,,,10.0,6.5600000000000005,,,,,0,0,,,Inv: 10.0/6.6 CapLeft: 3.4,,,10.0,6.5600000000000005,16.560000000000002,3.4399999999999977
1765932293.9271884,btc-updown-15m-1765931400,1765931400.0,1765932300.0,,6.072811603546143,,,,,0,0,0.99,0.98,ONE_LEG_INVENTORY,,,,,,,,,,,,,,0,5.0,,,,,,,,,,,,,,,,,,,,RECONSTRUCT_BLOCKED: BLOCKED_BY_CAP_MIN,,,,,,,,10.0,6.5600000000000005,,,,,0,0,,,Inv: 10.0/6.6 CapLeft: 3.4,,,10.0,6.5600000000000005,16.560000000000002,3.4399999999999977
1765932295.8092349,btc-updown-15m-1765931400,1765931400.0,1765932300.0,,4.190765142440796,,,,,0,0,0.99,0.98,ONE_LEG_INVENTORY,,,,,,,,,,,,,,0,5.0,,,,,,,,,,,,,,,,,,,,RECONSTRUCT_BLOCKED: BLOCKED_BY_CAP_MIN,,,,,,,,10.0,6.5600000000000005,,,,,0,0,,,Inv: 10.0/6.6 CapLeft: 3.4,,,10.0,6.5600000000000005,16.560000000000002,3.4399999999999977
1765932295.8092349,btc-updown-15m-1765931400,1765931400.0,1765932300.0,,4.190765142440796,,,,,0,0,0.99,0.98,ONE_LEG_INVENTORY,,,,,,,,,,,,,,0,5.0,,,,,,,,,,,,,,,,,,,,RECONSTRUCT_BLOCKED: BLOCKED_BY_CAP_MIN,,,,,,,,10.0,6.5600000000000005,,,,,0,0,,,Inv: 10.0/6.6 CapLeft: 3.4,,,10.0,6.5600000000000005,16.560000000000002,3.4399999999999977
1765932297.6852787,btc-updown-15m-1765931400,1765931400.0,1765932300.0,,2.3147213459014893,,,,,0,0,0.99,0.98,ONE_LEG_INVENTORY,,,,,,,,,,,,,,0,5.0,,,,,,,,,,,,,,,,,,,,RECONSTRUCT_BLOCKED: BLOCKED_BY_CAP_MIN,,,,,,,,10.0,6.5600000000000005,,,,,0,0,,,Inv: 10.0/6.6 CapLeft: 3.4,,,10.0,6.5600000000000005,16.560000000000002,3.4399999999999977
1765932297.6852787,btc-updown-15m-1765931400,1765931400.0,1765932300.0,,2.3147213459014893,,,,,0,0,0.99,0.98,ONE_LEG_INVENTORY,,,,,,,,,,,,,,0,5.0,,,,,,,,,,,,,,,,,,,,RECONSTRUCT_BLOCKED: BLOCKED_BY_CAP_MIN,,,,,,,,10.0,6.5600000000000005,,,,,0,0,,,Inv: 10.0/6.6 CapLeft: 3.4,,,10.0,6.5600000000000005,16.560000000000002,3.4399999999999977
1765932299.5894325,btc-updown-15m-1765931400,1765931400.0,1765932300.0,,0.4105675220489502,,,,,0,0,0.99,0.98,ONE_LEG_INVENTORY,,,,,,,,,,,,,,0,5.0,,,,,,,,,,,,,,,,,,,,RECONSTRUCT_BLOCKED: BLOCKED_BY_CAP_MIN,,,,,,,,10.0,6.5600000000000005,,,,,0,0,,,Inv: 10.0/6.6 CapLeft: 3.4,,,10.0,6.5600000000000005,16.560000000000002,3.4399999999999977
1765932299.5894325,btc-updown-15m-1765931400,1765931400.0,1765932300.0,,0.4105675220489502,,,,,0,0,0.99,0.98,ONE_LEG_INVENTORY,,,,,,,,,,,,,,0,5.0,,,,,,,,,,,,,,,,,,,,RECONSTRUCT_BLOCKED: BLOCKED_BY_CAP_MIN,,,,,,,,10.0,6.5600000000000005,,,,,0,0,,,Inv: 10.0/6.6 CapLeft: 3.4,,,10.0,6.5600000000000005,16.560000000000002,3.4399999999999977
