timestamp,slug,market_start_ts,market_end_ts,now_ts,time_remaining,up_bid,up_ask,down_bid,down_ask,up_px,down_px,sum_px,max_sum_price,decision,blocked_maker,order_age,up_filled,down_filled,has_traded,intended_price_up,rounded_price_up,intended_price_down,rounded_price_down,cancel_reason,unwind_method,unwind_price,unwind_result,optimal_size,actual_size,near_resolution_blocked,force_flatten,entry_cutoff_sec,force_flatten_sec,size_chosen,size_max_usd,size_max_final,usd_per_market_cap,test_mode,used_test_preset,test_preset_candidate,min_leg_price,max_leg_price,min_profit_per_share,profit_both,price_bounds_ok,profit_ok,skip_reason,blocked_price_bounds,blocked_low_profit,taker_path_attempted,up_ask_at_send,down_ask_at_send,up_bid_at_send,down_bid_at_send,filled_up_shares,filled_down_shares,target_size_shares,size_locked_blocked,overbuy_attempted,filled_first_price,remaining_up,remaining_down,entry_id,reprice_attempt_count,reprice_reason,time_in_one_leg_state,last_reprice_ts
1765925102.4366343,btc-updown-15m-1765925100,1765925100.0,1765926000.0,1765925102.4366343,897.5633656978607,0.45,0.46,0.54,0.55,0.45,0.54,0.99,0.98,IDLE,False,0.0,False,False,False,0.0,0.0,0.0,0.0,,,0.0,,0,0,False,False,240,240,0,0,0,100.0,0.0,,False,False,0,0.05,0.95,0.02,0.0,True,True,,False,False,False,0.0,0.0,0.0,0.0,0.0,0.0,0.0,False,False,0.0,0,0,,0,,0.0,0.0
1765925106.2669215,btc-updown-15m-1765925100,1765925100.0,1765926000.0,1765925106.2669215,893.7330784797668,0.43,0.44,0.56,0.58,0.43,0.57,1.0,0.98,IDLE,False,0.0,False,False,False,0.0,0.0,0.0,0.0,,,0.0,,0,0,False,False,240,240,0,0,0,100.0,0.0,,False,False,0,0.05,0.95,0.02,0.0,True,True,,False,False,False,0.0,0.0,0.0,0.0,0.0,0.0,0.0,False,False,0.0,0,0,,0,,0.0,0.0
1765925110.1175177,btc-updown-15m-1765925100,1765925100.0,1765926000.0,1765925110.1175177,889.882482290268,0.41,0.42,0.58,0.59,0.41,0.58,0.99,0.98,IDLE,False,0.0,False,False,False,0.0,0.0,0.0,0.0,,,0.0,,0,0,False,False,240,240,0,0,0,100.0,0.0,,False,False,0,0.05,0.95,0.02,0.0,True,True,,False,False,False,0.0,0.0,0.0,0.0,0.0,0.0,0.0,False,False,0.0,0,0,,0,,0.0,0.0
1765925113.925153,btc-updown-15m-1765925100,1765925100.0,1765926000.0,1765925113.925153,886.0748469829559,0.41,0.42,0.58,0.59,0.41,0.58,0.99,0.98,IDLE,False,0.0,False,False,False,0.0,0.0,0.0,0.0,,,0.0,,0,0,False,False,240,240,0,0,0,100.0,0.0,,False,False,0,0.05,0.95,0.02,0.0,True,True,,False,False,False,0.0,0.0,0.0,0.0,0.0,0.0,0.0,False,False,0.0,0,0,,0,,0.0,0.0
1765925117.774147,btc-updown-15m-1765925100,1765925100.0,1765926000.0,1765925117.774147,882.2258529663086,0.41,0.42,0.58,0.59,0.41,0.58,0.99,0.98,IDLE,False,0.0,False,False,False,0.0,0.0,0.0,0.0,,,0.0,,0,0,False,False,240,240,0,0,0,100.0,0.0,,False,False,0,0.05,0.95,0.02,0.0,True,True,,False,False,False,0.0,0.0,0.0,0.0,0.0,0.0,0.0,False,False,0.0,0,0,,0,,0.0,0.0
1765925121.6196792,btc-updown-15m-1765925100,1765925100.0,1765926000.0,1765925121.6196792,878.3803207874298,0.41,0.42,0.58,0.59,0.41,0.58,0.99,0.98,IDLE,False,0.0,False,False,False,0.0,0.0,0.0,0.0,,,0.0,,0,0,False,False,240,240,0,0,0,100.0,0.0,,False,False,0,0.05,0.95,0.02,0.0,True,True,,False,False,False,0.0,0.0,0.0,0.0,0.0,0.0,0.0,False,False,0.0,0,0,,0,,0.0,0.0
1765925125.5296457,btc-updown-15m-1765925100,1765925100.0,1765926000.0,1765925125.5296457,874.4703543186188,0.41,0.42,0.58,0.59,0.41,0.58,0.99,0.98,IDLE,False,0.0,False,False,False,0.0,0.0,0.0,0.0,,,0.0,,0,0,False,False,240,240,0,0,0,100.0,0.0,,False,False,0,0.05,0.95,0.02,0.0,True,True,,False,False,False,0.0,0.0,0.0,0.0,0.0,0.0,0.0,False,False,0.0,0,0,,0,,0.0,0.0
1765925129.3588662,btc-updown-15m-1765925100,1765925100.0,1765926000.0,1765925129.3588662,870.6411337852478,0.41,0.42,0.58,0.59,0.41,0.58,0.99,0.98,IDLE,False,0.0,False,False,False,0.0,0.0,0.0,0.0,,,0.0,,0,0,False,False,240,240,0,0,0,100.0,0.0,,False,False,0,0.05,0.95,0.02,0.0,True,True,,False,False,False,0.0,0.0,0.0,0.0,0.0,0.0,0.0,False,False,0.0,0,0,,0,,0.0,0.0
1765925158.0248973,btc-updown-15m-1765925100,1765925100.0,1765926000.0,1765925158.0248973,841.9751026630402,0.38,0.39,0.61,0.62,0.38,0.61,0.99,0.98,IDLE,False,0.0,False,False,False,0.0,0.0,0.0,0.0,,,0.0,,0,0,False,False,240,240,0,0,0,100.0,0.0,,False,False,0,0.05,0.95,0.02,0.0,True,True,,False,False,False,0.0,0.0,0.0,0.0,0.0,0.0,0.0,False,False,0.0,0,0,,0,,0.0,0.0
1765925160.1214488,btc-updown-15m-1765925100,1765925100.0,1765926000.0,1765925160.1214488,839.8785512447357,0.38,0.4,0.6,0.61,0.39,0.6,0.99,0.98,IDLE,False,0.0,False,False,False,0.0,0.0,0.0,0.0,,,0.0,,0,0,False,False,240,240,0,0,0,100.0,0.0,,False,False,0,0.05,0.95,0.02,0.0,True,True,,False,False,False,0.0,0.0,0.0,0.0,0.0,0.0,0.0,False,False,0.0,0,0,,0,,0.0,0.0
1765925162.0215552,btc-updown-15m-1765925100,1765925100.0,1765926000.0,1765925162.0215552,837.978444814682,0.37,0.4,0.6,0.62,0.37,0.6,0.97,0.98,ORDERS_OPEN,False,0.0,False,False,False,0.37,0.37,0.6,0.6,,,0.0,,15,15,False,False,240,240,0,0,15,100.0,0.0,,False,False,0,0.05,0.95,0.02,0.030000000000000027,True,True,,False,False,False,0.4,0.62,0.37,0.6,0.0,0.0,15.0,False,False,0.0,15.0,15.0,,0,,0.0,0.0
1765925162.0215552,btc-updown-15m-1765925100,1765925100.0,1765926000.0,1765925162.0215552,837.978444814682,0.37,0.4,0.6,0.62,0.37,0.6,0.97,0.98,ORDERS_OPEN,False,0.0,False,False,False,0.37,0.37,0.6,0.6,,,0.0,,15,15,False,False,240,240,0,0,15,100.0,0.0,,False,False,0,0.05,0.95,0.02,0.030000000000000027,True,True,,False,False,False,0.4,0.62,0.37,0.6,0.0,0.0,15.0,False,False,0.0,15.0,15.0,,0,,0.0,0.0
1765925165.9219463,btc-updown-15m-1765925100,1765925100.0,1765926000.0,1765925165.9219463,834.0780537128448,0.37,0.39,0.62,0.63,0.37,0.6,0.97,0.98,ORDERS_OPEN,False,0.0,False,False,False,0.37,0.37,0.6,0.6,,,0.0,,15,15,False,False,240,240,0,0,0,100.0,0.0,,False,False,0,0.05,0.95,0.02,0.030000000000000027,True,True,,False,False,False,0.4,0.62,0.37,0.6,0.0,0.0,15.0,False,False,0.0,15.0,15.0,,0,,0.0,0.0
1765925168.1900961,btc-updown-15m-1765925100,1765925100.0,1765926000.0,1765925168.1900961,831.8099038600922,0.37,0.38,0.63,0.64,0.37,0.6,0.97,0.98,ONE_LEG_FILLED,False,0.0,True,False,False,0.37,0.37,0.6,0.6,,,0.0,,15,15,False,False,240,240,0,0,0,100.0,0.0,,False,False,0,0.05,0.95,0.02,0.030000000000000027,True,True,,False,False,False,0.4,0.62,0.37,0.6,15.0,0.0,15.0,False,False,0.37,0.0,15.0,,0,,1765925168.1900961,0.0
1765925170.4478843,btc-updown-15m-1765925100,1765925100.0,1765926000.0,1765925170.4478843,829.5521156787872,0.36,0.37,0.62,0.63,0.37,0.6,0.97,0.98,ONE_LEG_FILLED,False,0.0,True,False,False,0.37,0.37,0.6,0.6,,,0.0,,15,15,False,False,240,240,0,0,0,100.0,0.0,,False,False,0,0.05,0.95,0.02,0.030000000000000027,True,True,,False,False,False,0.4,0.62,0.37,0.6,15.0,0.0,15.0,False,False,0.37,0.0,15.0,,0,,1765925170.4478843,0.0
1765925172.5310204,btc-updown-15m-1765925100,1765925100.0,1765926000.0,1765925172.5310204,827.4689795970917,0.35,0.36,0.64,0.65,0.37,0.6,0.97,0.98,ONE_LEG_FILLED,False,0.0,True,False,False,0.37,0.37,0.6,0.6,,,0.0,,15,15,False,False,240,240,0,0,0,100.0,0.0,,False,False,0,0.05,0.95,0.02,0.030000000000000027,True,True,,False,False,False,0.4,0.62,0.37,0.6,15.0,0.0,15.0,False,False,0.37,0.0,15.0,,0,,1765925172.5310204,0.0
1765925174.6431544,btc-updown-15m-1765925100,1765925100.0,1765926000.0,1765925174.6431544,825.3568456172943,0.34,0.35,0.65,0.66,0.37,0.6,0.97,0.98,ONE_LEG_FILLED,False,0.0,True,False,False,0.37,0.37,0.6,0.6,,,0.0,,15,15,False,False,240,240,0,0,0,100.0,0.0,,False,False,0,0.05,0.95,0.02,0.030000000000000027,True,True,,False,False,False,0.4,0.62,0.37,0.6,15.0,0.0,15.0,False,False,0.37,0.0,15.0,,0,,1765925174.6431544,0.0
1765925176.7213771,btc-updown-15m-1765925100,1765925100.0,1765926000.0,1765925176.7213771,823.2786228656769,0.28,0.29,0.71,0.72,0.37,0.6,0.97,0.98,ONE_LEG_FILLED,False,0.0,True,False,False,0.37,0.37,0.6,0.6,,,0.0,,15,15,False,False,240,240,0,0,0,100.0,0.0,,False,False,0,0.05,0.95,0.02,0.030000000000000027,True,True,,False,False,False,0.4,0.62,0.37,0.6,15.0,0.0,15.0,False,False,0.37,0.0,15.0,,0,,1765925176.7213771,0.0
1765925178.7972798,btc-updown-15m-1765925100,1765925100.0,1765926000.0,1765925178.7972798,821.2027201652527,0.26,0.27,0.73,0.74,0.37,0.6,0.97,0.98,ONE_LEG_FILLED,False,0.0,True,False,False,0.37,0.37,0.6,0.6,,,0.0,,15,15,False,False,240,240,0,0,0,100.0,0.0,,False,False,0,0.05,0.95,0.02,0.030000000000000027,True,True,,False,False,False,0.4,0.62,0.37,0.6,15.0,0.0,15.0,False,False,0.37,0.0,15.0,,0,,1765925178.7972798,0.0
1765925180.8745573,btc-updown-15m-1765925100,1765925100.0,1765926000.0,1765925180.8745573,819.1254427433014,0.25,0.26,0.74,0.75,0.37,0.6,0.97,0.98,ONE_LEG_FILLED,False,0.0,True,False,False,0.37,0.37,0.6,0.6,,,0.0,,15,15,False,False,240,240,0,0,0,100.0,0.0,,False,False,0,0.05,0.95,0.02,0.030000000000000027,True,True,,False,False,False,0.4,0.62,0.37,0.6,15.0,0.0,15.0,False,False,0.37,0.0,15.0,,0,,1765925180.8745573,0.0
1765925182.9722226,btc-updown-15m-1765925100,1765925100.0,1765926000.0,1765925182.9722226,817.0277774333954,0.25,0.27,0.74,0.75,0.37,0.6,0.97,0.98,ONE_LEG_FILLED,False,0.0,True,False,False,0.37,0.37,0.6,0.6,,,0.0,,15,15,False,False,240,240,0,0,0,100.0,0.0,,False,False,0,0.05,0.95,0.02,0.030000000000000027,True,True,,False,False,False,0.4,0.62,0.37,0.6,15.0,0.0,15.0,False,False,0.37,0.0,15.0,,0,,1765925182.9722226,0.0
1765925185.0502582,btc-updown-15m-1765925100,1765925100.0,1765926000.0,1765925185.0502582,814.9497418403625,0.25,0.26,0.73,0.75,0.37,0.6,0.97,0.98,ONE_LEG_FILLED,False,0.0,True,False,False,0.37,0.37,0.6,0.6,,,0.0,,15,15,False,False,240,240,0,0,0,100.0,0.0,,False,False,0,0.05,0.95,0.02,0.030000000000000027,True,True,,False,False,False,0.4,0.62,0.37,0.6,15.0,0.0,15.0,False,False,0.37,0.0,15.0,,0,,1765925185.0502582,0.0
1765925187.1487849,btc-updown-15m-1765925100,1765925100.0,1765926000.0,1765925187.1487849,812.8512151241302,0.25,0.26,0.74,0.75,0.37,0.6,0.97,0.98,ONE_LEG_FILLED,False,0.0,True,False,False,0.37,0.37,0.6,0.6,,,0.0,,15,15,False,False,240,240,0,0,0,100.0,0.0,,False,False,0,0.05,0.95,0.02,0.030000000000000027,True,True,,False,False,False,0.4,0.62,0.37,0.6,15.0,0.0,15.0,False,False,0.37,0.0,15.0,,0,,1765925187.1487849,0.0
1765925189.2443216,btc-updown-15m-1765925100,1765925100.0,1765926000.0,1765925189.2443216,810.7556784152985,0.26,0.27,0.72,0.73,0.37,0.6,0.97,0.98,ONE_LEG_FILLED,False,0.0,True,False,False,0.37,0.37,0.6,0.6,,,0.0,,15,15,False,False,240,240,0,0,0,100.0,0.0,,False,False,0,0.05,0.95,0.02,0.030000000000000027,True,True,,False,False,False,0.4,0.62,0.37,0.6,15.0,0.0,15.0,False,False,0.37,0.0,15.0,,0,,1765925189.2443216,0.0
1765925191.4529996,btc-updown-15m-1765925100,1765925100.0,1765926000.0,1765925191.4529996,808.5470004081726,0.26,0.28,0.72,0.74,0.37,0.6,0.97,0.98,ONE_LEG_FILLED,False,0.0,True,False,False,0.37,0.37,0.6,0.6,,,0.0,,15,15,False,False,240,240,0,0,0,100.0,0.0,,False,False,0,0.05,0.95,0.02,0.030000000000000027,True,True,,False,False,False,0.4,0.62,0.37,0.6,15.0,0.0,15.0,False,False,0.37,0.0,15.0,,0,,1765925191.4529996,0.0
1765925193.546526,btc-updown-15m-1765925100,1765925100.0,1765926000.0,1765925193.546526,806.4534740447998,0.26,0.27,0.73,0.74,0.37,0.6,0.97,0.98,ONE_LEG_FILLED,False,0.0,True,False,False,0.37,0.37,0.6,0.6,,,0.0,,15,15,False,False,240,240,0,0,0,100.0,0.0,,False,False,0,0.05,0.95,0.02,0.030000000000000027,True,True,,False,False,False,0.4,0.62,0.37,0.6,15.0,0.0,15.0,False,False,0.37,0.0,15.0,,0,,1765925193.546526,0.0
1765925195.6347587,btc-updown-15m-1765925100,1765925100.0,1765926000.0,1765925195.6347587,804.3652412891388,0.25,0.27,0.73,0.75,0.37,0.6,0.97,0.98,ONE_LEG_FILLED,False,0.0,True,False,False,0.37,0.37,0.6,0.6,,,0.0,,15,15,False,False,240,240,0,0,0,100.0,0.0,,False,False,0,0.05,0.95,0.02,0.030000000000000027,True,True,,False,False,False,0.4,0.62,0.37,0.6,15.0,0.0,15.0,False,False,0.37,0.0,15.0,,0,,1765925195.6347587,0.0
1765925197.7578073,btc-updown-15m-1765925100,1765925100.0,1765926000.0,1765925197.7578073,802.2421927452087,0.25,0.27,0.73,0.75,0.37,0.6,0.97,0.98,ONE_LEG_FILLED,False,0.0,True,False,False,0.37,0.37,0.6,0.6,,,0.0,,15,15,False,False,240,240,0,0,0,100.0,0.0,,False,False,0,0.05,0.95,0.02,0.030000000000000027,True,True,,False,False,False,0.4,0.62,0.37,0.6,15.0,0.0,15.0,False,False,0.37,0.0,15.0,,0,,1765925197.7578073,0.0
1765925199.8539357,btc-updown-15m-1765925100,1765925100.0,1765926000.0,1765925199.8539357,800.1460642814636,0.26,0.27,0.73,0.74,0.37,0.6,0.97,0.98,ONE_LEG_FILLED,False,0.0,True,False,False,0.37,0.37,0.6,0.6,,,0.0,,15,15,False,False,240,240,0,0,0,100.0,0.0,,False,False,0,0.05,0.95,0.02,0.030000000000000027,True,True,,False,False,False,0.4,0.62,0.37,0.6,15.0,0.0,15.0,False,False,0.37,0.0,15.0,,0,,1765925199.8539357,0.0
1765925201.9577966,btc-updown-15m-1765925100,1765925100.0,1765926000.0,1765925201.9577966,798.0422034263611,0.26,0.27,0.73,0.74,0.37,0.6,0.97,0.98,ONE_LEG_FILLED,False,0.0,True,False,False,0.37,0.37,0.6,0.6,,,0.0,,15,15,False,False,240,240,0,0,0,100.0,0.0,,False,False,0,0.05,0.95,0.02,0.030000000000000027,True,True,,False,False,False,0.4,0.62,0.37,0.6,15.0,0.0,15.0,False,False,0.37,0.0,15.0,,0,,1765925201.9577966,0.0
1765925204.05871,btc-updown-15m-1765925100,1765925100.0,1765926000.0,1765925204.05871,795.9412899017334,0.27,0.28,0.72,0.73,0.37,0.6,0.97,0.98,ONE_LEG_FILLED,False,0.0,True,False,False,0.37,0.37,0.6,0.6,,,0.0,,15,15,False,False,240,240,0,0,0,100.0,0.0,,False,False,0,0.05,0.95,0.02,0.030000000000000027,True,True,,False,False,False,0.4,0.62,0.37,0.6,15.0,0.0,15.0,False,False,0.37,0.0,15.0,,0,,1765925204.05871,0.0
1765925206.2098873,btc-updown-15m-1765925100,1765925100.0,1765926000.0,1765925206.2098873,793.7901127338409,0.26,0.27,0.73,0.74,0.37,0.6,0.97,0.98,ONE_LEG_FILLED,False,0.0,True,False,False,0.37,0.37,0.6,0.6,,,0.0,,15,15,False,False,240,240,0,0,0,100.0,0.0,,False,False,0,0.05,0.95,0.02,0.030000000000000027,True,True,,False,False,False,0.4,0.62,0.37,0.6,15.0,0.0,15.0,False,False,0.37,0.0,15.0,,0,,1765925206.2098873,0.0
1765925208.3235953,btc-updown-15m-1765925100,1765925100.0,1765926000.0,1765925208.3235953,791.6764047145844,0.26,0.27,0.73,0.74,0.37,0.6,0.97,0.98,ONE_LEG_FILLED,False,0.0,True,False,False,0.37,0.37,0.6,0.6,,,0.0,,15,15,False,False,240,240,0,0,0,100.0,0.0,,False,False,0,0.05,0.95,0.02,0.030000000000000027,True,True,,False,False,False,0.4,0.62,0.37,0.6,15.0,0.0,15.0,False,False,0.37,0.0,15.0,,0,,1765925208.3235953,0.0
1765925210.4042017,btc-updown-15m-1765925100,1765925100.0,1765926000.0,1765925210.4042017,789.5957982540131,0.26,0.27,0.73,0.74,0.37,0.6,0.97,0.98,ONE_LEG_FILLED,False,0.0,True,False,False,0.37,0.37,0.6,0.6,,,0.0,,15,15,False,False,240,240,0,0,0,100.0,0.0,,False,False,0,0.05,0.95,0.02,0.030000000000000027,True,True,,False,False,False,0.4,0.62,0.37,0.6,15.0,0.0,15.0,False,False,0.37,0.0,15.0,,0,,1765925210.4042017,0.0
1765925212.4819226,btc-updown-15m-1765925100,1765925100.0,1765926000.0,1765925212.4819226,787.5180773735046,0.26,0.27,0.73,0.74,0.37,0.6,0.97,0.98,ONE_LEG_FILLED,False,0.0,True,False,False,0.37,0.37,0.6,0.6,,,0.0,,15,15,False,False,240,240,0,0,0,100.0,0.0,,False,False,0,0.05,0.95,0.02,0.030000000000000027,True,True,,False,False,False,0.4,0.62,0.37,0.6,15.0,0.0,15.0,False,False,0.37,0.0,15.0,,0,,1765925212.4819226,0.0
1765925214.5621037,btc-updown-15m-1765925100,1765925100.0,1765926000.0,1765925214.5621037,785.4378962516785,0.25,0.27,0.73,0.75,0.37,0.6,0.97,0.98,ONE_LEG_FILLED,False,0.0,True,False,False,0.37,0.37,0.6,0.6,,,0.0,,15,15,False,False,240,240,0,0,0,100.0,0.0,,False,False,0,0.05,0.95,0.02,0.030000000000000027,True,True,,False,False,False,0.4,0.62,0.37,0.6,15.0,0.0,15.0,False,False,0.37,0.0,15.0,,0,,1765925214.5621037,0.0
1765925216.6674294,btc-updown-15m-1765925100,1765925100.0,1765926000.0,1765925216.6674294,783.3325705528259,0.25,0.27,0.73,0.75,0.37,0.6,0.97,0.98,ONE_LEG_FILLED,False,0.0,True,False,False,0.37,0.37,0.6,0.6,,,0.0,,15,15,False,False,240,240,0,0,0,100.0,0.0,,False,False,0,0.05,0.95,0.02,0.030000000000000027,True,True,,False,False,False,0.4,0.62,0.37,0.6,15.0,0.0,15.0,False,False,0.37,0.0,15.0,,0,,1765925216.6674294,0.0
1765925218.752202,btc-updown-15m-1765925100,1765925100.0,1765926000.0,1765925218.752202,781.2477979660034,0.25,0.27,0.73,0.75,0.37,0.6,0.97,0.98,ONE_LEG_FILLED,False,0.0,True,False,False,0.37,0.37,0.6,0.6,,,0.0,,15,15,False,False,240,240,0,0,0,100.0,0.0,,False,False,0,0.05,0.95,0.02,0.030000000000000027,True,True,,False,False,False,0.4,0.62,0.37,0.6,15.0,0.0,15.0,False,False,0.37,0.0,15.0,,0,,1765925218.752202,0.0
1765925220.8350337,btc-updown-15m-1765925100,1765925100.0,1765926000.0,1765925220.8350337,779.1649663448334,0.23,0.24,0.76,0.77,0.37,0.6,0.97,0.98,ONE_LEG_FILLED,False,0.0,True,False,False,0.37,0.37,0.6,0.6,,,0.0,,15,15,False,False,240,240,0,0,0,100.0,0.0,,False,False,0,0.05,0.95,0.02,0.030000000000000027,True,True,,False,False,False,0.4,0.62,0.37,0.6,15.0,0.0,15.0,False,False,0.37,0.0,15.0,,0,,1765925220.8350337,0.0
1765925222.9273999,btc-updown-15m-1765925100,1765925100.0,1765926000.0,1765925222.9273999,777.0726001262665,0.22,0.23,0.77,0.78,0.37,0.6,0.97,0.98,ONE_LEG_FILLED,False,0.0,True,False,False,0.37,0.37,0.6,0.6,,,0.0,,15,15,False,False,240,240,0,0,0,100.0,0.0,,False,False,0,0.05,0.95,0.02,0.030000000000000027,True,True,,False,False,False,0.4,0.62,0.37,0.6,15.0,0.0,15.0,False,False,0.37,0.0,15.0,,0,,1765925222.9273999,0.0
1765925225.0447204,btc-updown-15m-1765925100,1765925100.0,1765926000.0,1765925225.0447204,774.9552795886993,0.2,0.21,0.8,0.81,0.37,0.6,0.97,0.98,ONE_LEG_FILLED,False,0.0,True,False,False,0.37,0.37,0.6,0.6,,,0.0,,15,15,False,False,240,240,0,0,0,100.0,0.0,,False,False,0,0.05,0.95,0.02,0.030000000000000027,True,True,,False,False,False,0.4,0.62,0.37,0.6,15.0,0.0,15.0,False,False,0.37,0.0,15.0,,0,,1765925225.0447204,0.0
1765925227.132262,btc-updown-15m-1765925100,1765925100.0,1765926000.0,1765925227.132262,772.8677380084991,0.18,0.19,0.8,0.82,0.37,0.6,0.97,0.98,ONE_LEG_FILLED,False,0.0,True,False,False,0.37,0.37,0.6,0.6,,,0.0,,15,15,False,False,240,240,0,0,0,100.0,0.0,,False,False,0,0.05,0.95,0.02,0.030000000000000027,True,True,,False,False,False,0.4,0.62,0.37,0.6,15.0,0.0,15.0,False,False,0.37,0.0,15.0,,0,,1765925227.132262,0.0
1765925229.2113314,btc-updown-15m-1765925100,1765925100.0,1765926000.0,1765925229.2113314,770.7886686325073,0.17,0.19,0.81,0.82,0.37,0.6,0.97,0.98,ONE_LEG_FILLED,False,0.0,True,False,False,0.37,0.37,0.6,0.6,,,0.0,,15,15,False,False,240,240,0,0,0,100.0,0.0,,False,False,0,0.05,0.95,0.02,0.030000000000000027,True,True,,False,False,False,0.4,0.62,0.37,0.6,15.0,0.0,15.0,False,False,0.37,0.0,15.0,,0,,1765925229.2113314,0.0
1765925231.3387904,btc-updown-15m-1765925100,1765925100.0,1765926000.0,1765925231.3387904,768.6612095832825,0.16,0.17,0.83,0.84,0.37,0.6,0.97,0.98,ONE_LEG_FILLED,False,0.0,True,False,False,0.37,0.37,0.6,0.6,,,0.0,,15,15,False,False,240,240,0,0,0,100.0,0.0,,False,False,0,0.05,0.95,0.02,0.030000000000000027,True,True,,False,False,False,0.4,0.62,0.37,0.6,15.0,0.0,15.0,False,False,0.37,0.0,15.0,,0,,1765925231.3387904,0.0
1765925233.4637074,btc-updown-15m-1765925100,1765925100.0,1765926000.0,1765925233.4637074,766.536292552948,0.14,0.15,0.85,0.86,0.37,0.6,0.97,0.98,ONE_LEG_FILLED,False,0.0,True,False,False,0.37,0.37,0.6,0.6,,,0.0,,15,15,False,False,240,240,0,0,0,100.0,0.0,,False,False,0,0.05,0.95,0.02,0.030000000000000027,True,True,,False,False,False,0.4,0.62,0.37,0.6,15.0,0.0,15.0,False,False,0.37,0.0,15.0,,0,,1765925233.4637074,0.0
1765925235.5839195,btc-updown-15m-1765925100,1765925100.0,1765926000.0,1765925235.5839195,764.4160804748535,0.14,0.15,0.85,0.86,0.37,0.6,0.97,0.98,ONE_LEG_FILLED,False,0.0,True,False,False,0.37,0.37,0.6,0.6,,,0.0,,15,15,False,False,240,240,0,0,0,100.0,0.0,,False,False,0,0.05,0.95,0.02,0.030000000000000027,True,True,,False,False,False,0.4,0.62,0.37,0.6,15.0,0.0,15.0,False,False,0.37,0.0,15.0,,0,,1765925235.5839195,0.0
1765925237.658297,btc-updown-15m-1765925100,1765925100.0,1765926000.0,1765925237.658297,762.3417029380798,0.12,0.14,0.86,0.88,0.37,0.6,0.97,0.98,ONE_LEG_FILLED,False,0.0,True,False,False,0.37,0.37,0.6,0.6,,,0.0,,15,15,False,False,240,240,0,0,0,100.0,0.0,,False,False,0,0.05,0.95,0.02,0.030000000000000027,True,True,,False,False,False,0.4,0.62,0.37,0.6,15.0,0.0,15.0,False,False,0.37,0.0,15.0,,0,,1765925237.658297,0.0
1765925239.7496605,btc-updown-15m-1765925100,1765925100.0,1765926000.0,1765925239.7496605,760.2503395080566,0.12,0.13,0.86,0.87,0.37,0.6,0.97,0.98,ONE_LEG_FILLED,False,0.0,True,False,False,0.37,0.37,0.6,0.6,,,0.0,,15,15,False,False,240,240,0,0,0,100.0,0.0,,False,False,0,0.05,0.95,0.02,0.030000000000000027,True,True,,False,False,False,0.4,0.62,0.37,0.6,15.0,0.0,15.0,False,False,0.37,0.0,15.0,,0,,1765925239.7496605,0.0
1765925241.823887,btc-updown-15m-1765925100,1765925100.0,1765926000.0,1765925241.823887,758.1761128902435,0.19,0.2,0.79,0.8,0.37,0.6,0.97,0.98,ONE_LEG_FILLED,False,0.0,True,False,False,0.37,0.37,0.6,0.6,,,0.0,,15,15,False,False,240,240,0,0,0,100.0,0.0,,False,False,0,0.05,0.95,0.02,0.030000000000000027,True,True,,False,False,False,0.4,0.62,0.37,0.6,15.0,0.0,15.0,False,False,0.37,0.0,15.0,,0,,1765925241.823887,0.0
1765925243.9608335,btc-updown-15m-1765925100,1765925100.0,1765926000.0,1765925243.9608335,756.0391664505005,0.27,0.28,0.71,0.72,0.37,0.6,0.97,0.98,ONE_LEG_FILLED,False,0.0,True,False,False,0.37,0.37,0.6,0.6,,,0.0,,15,15,False,False,240,240,0,0,0,100.0,0.0,,False,False,0,0.05,0.95,0.02,0.030000000000000027,True,True,,False,False,False,0.4,0.62,0.37,0.6,15.0,0.0,15.0,False,False,0.37,0.0,15.0,,0,,1765925243.9608335,0.0
1765925246.099673,btc-updown-15m-1765925100,1765925100.0,1765926000.0,1765925246.099673,753.9003269672394,0.31,0.32,0.68,0.69,0.37,0.6,0.97,0.98,ONE_LEG_FILLED,False,0.0,True,False,False,0.37,0.37,0.6,0.6,,,0.0,,15,15,False,False,240,240,0,0,0,100.0,0.0,,False,False,0,0.05,0.95,0.02,0.030000000000000027,True,True,,False,False,False,0.4,0.62,0.37,0.6,15.0,0.0,15.0,False,False,0.37,0.0,15.0,,0,,1765925246.099673,0.0
1765925248.2345397,btc-updown-15m-1765925100,1765925100.0,1765926000.0,1765925248.2345397,751.7654602527618,0.31,0.32,0.68,0.69,0.37,0.6,0.97,0.98,ONE_LEG_FILLED,False,0.0,True,False,False,0.37,0.37,0.6,0.6,,,0.0,,15,15,False,False,240,240,0,0,0,100.0,0.0,,False,False,0,0.05,0.95,0.02,0.030000000000000027,True,True,,False,False,False,0.4,0.62,0.37,0.6,15.0,0.0,15.0,False,False,0.37,0.0,15.0,,0,,1765925248.2345397,0.0
1765925250.3465319,btc-updown-15m-1765925100,1765925100.0,1765926000.0,1765925250.3465319,749.653468132019,0.31,0.32,0.68,0.69,0.37,0.6,0.97,0.98,ONE_LEG_FILLED,False,0.0,True,False,False,0.37,0.37,0.6,0.6,,,0.0,,15,15,False,False,240,240,0,0,0,100.0,0.0,,False,False,0,0.05,0.95,0.02,0.030000000000000027,True,True,,False,False,False,0.4,0.62,0.37,0.6,15.0,0.0,15.0,False,False,0.37,0.0,15.0,,0,,1765925250.3465319,0.0
1765925252.442116,btc-updown-15m-1765925100,1765925100.0,1765926000.0,1765925252.442116,747.55788397789,0.31,0.32,0.68,0.69,0.37,0.6,0.97,0.98,ONE_LEG_FILLED,False,0.0,True,False,False,0.37,0.37,0.6,0.6,,,0.0,,15,15,False,False,240,240,0,0,0,100.0,0.0,,False,False,0,0.05,0.95,0.02,0.030000000000000027,True,True,,False,False,False,0.4,0.62,0.37,0.6,15.0,0.0,15.0,False,False,0.37,0.0,15.0,,0,,1765925252.442116,0.0
1765925254.5184832,btc-updown-15m-1765925100,1765925100.0,1765926000.0,1765925254.5184832,745.4815168380737,0.31,0.32,0.68,0.69,0.37,0.6,0.97,0.98,ONE_LEG_FILLED,False,0.0,True,False,False,0.37,0.37,0.6,0.6,,,0.0,,15,15,False,False,240,240,0,0,0,100.0,0.0,,False,False,0,0.05,0.95,0.02,0.030000000000000027,True,True,,False,False,False,0.4,0.62,0.37,0.6,15.0,0.0,15.0,False,False,0.37,0.0,15.0,,0,,1765925254.5184832,0.0
1765925256.599028,btc-updown-15m-1765925100,1765925100.0,1765926000.0,1765925256.599028,743.4009718894958,0.32,0.33,0.67,0.68,0.37,0.6,0.97,0.98,ONE_LEG_FILLED,False,0.0,True,False,False,0.37,0.37,0.6,0.6,,,0.0,,15,15,False,False,240,240,0,0,0,100.0,0.0,,False,False,0,0.05,0.95,0.02,0.030000000000000027,True,True,,False,False,False,0.4,0.62,0.37,0.6,15.0,0.0,15.0,False,False,0.37,0.0,15.0,,0,,1765925256.599028,0.0
1765925258.6926343,btc-updown-15m-1765925100,1765925100.0,1765926000.0,1765925258.6926343,741.307365655899,0.31,0.32,0.68,0.69,0.37,0.6,0.97,0.98,ONE_LEG_FILLED,False,0.0,True,False,False,0.37,0.37,0.6,0.6,,,0.0,,15,15,False,False,240,240,0,0,0,100.0,0.0,,False,False,0,0.05,0.95,0.02,0.030000000000000027,True,True,,False,False,False,0.4,0.62,0.37,0.6,15.0,0.0,15.0,False,False,0.37,0.0,15.0,,0,,1765925258.6926343,0.0
1765925260.7840374,btc-updown-15m-1765925100,1765925100.0,1765926000.0,1765925260.7840374,739.2159626483917,0.31,0.32,0.68,0.69,0.37,0.6,0.97,0.98,ONE_LEG_FILLED,False,0.0,True,False,False,0.37,0.37,0.6,0.6,,,0.0,,15,15,False,False,240,240,0,0,0,100.0,0.0,,False,False,0,0.05,0.95,0.02,0.030000000000000027,True,True,,False,False,False,0.4,0.62,0.37,0.6,15.0,0.0,15.0,False,False,0.37,0.0,15.0,,0,,1765925260.7840374,0.0
1765925262.876167,btc-updown-15m-1765925100,1765925100.0,1765926000.0,1765925262.876167,737.1238329410553,0.31,0.32,0.68,0.69,0.37,0.6,0.97,0.98,ONE_LEG_FILLED,False,0.0,True,False,False,0.37,0.37,0.6,0.6,,,0.0,,15,15,False,False,240,240,0,0,0,100.0,0.0,,False,False,0,0.05,0.95,0.02,0.030000000000000027,True,True,,False,False,False,0.4,0.62,0.37,0.6,15.0,0.0,15.0,False,False,0.37,0.0,15.0,,0,,1765925262.876167,0.0
1765925264.994837,btc-updown-15m-1765925100,1765925100.0,1765926000.0,1765925264.994837,735.0051629543304,0.31,0.32,0.68,0.69,0.37,0.6,0.97,0.98,ONE_LEG_FILLED,False,0.0,True,False,False,0.37,0.37,0.6,0.6,,,0.0,,15,15,False,False,240,240,0,0,0,100.0,0.0,,False,False,0,0.05,0.95,0.02,0.030000000000000027,True,True,,False,False,False,0.4,0.62,0.37,0.6,15.0,0.0,15.0,False,False,0.37,0.0,15.0,,0,,1765925264.994837,0.0
1765925267.1381392,btc-updown-15m-1765925100,1765925100.0,1765926000.0,1765925267.1381392,732.8618607521057,0.32,0.33,0.67,0.68,0.37,0.6,0.97,0.98,ONE_LEG_FILLED,False,0.0,True,False,False,0.37,0.37,0.6,0.6,,,0.0,,15,15,False,False,240,240,0,0,0,100.0,0.0,,False,False,0,0.05,0.95,0.02,0.030000000000000027,True,True,,False,False,False,0.4,0.62,0.37,0.6,15.0,0.0,15.0,False,False,0.37,0.0,15.0,,0,,1765925267.1381392,0.0
1765925269.2500136,btc-updown-15m-1765925100,1765925100.0,1765926000.0,1765925269.2500136,730.749986410141,0.32,0.33,0.67,0.68,0.37,0.6,0.97,0.98,ONE_LEG_FILLED,False,0.0,True,False,False,0.37,0.37,0.6,0.6,,,0.0,,15,15,False,False,240,240,0,0,0,100.0,0.0,,False,False,0,0.05,0.95,0.02,0.030000000000000027,True,True,,False,False,False,0.4,0.62,0.37,0.6,15.0,0.0,15.0,False,False,0.37,0.0,15.0,,0,,1765925269.2500136,0.0
1765925271.3316398,btc-updown-15m-1765925100,1765925100.0,1765926000.0,1765925271.3316398,728.6683602333069,0.32,0.33,0.67,0.68,0.37,0.6,0.97,0.98,ONE_LEG_FILLED,False,0.0,True,False,False,0.37,0.37,0.6,0.6,,,0.0,,15,15,False,False,240,240,0,0,0,100.0,0.0,,False,False,0,0.05,0.95,0.02,0.030000000000000027,True,True,,False,False,False,0.4,0.62,0.37,0.6,15.0,0.0,15.0,False,False,0.37,0.0,15.0,,0,,1765925271.3316398,0.0
1765925273.4429426,btc-updown-15m-1765925100,1765925100.0,1765926000.0,1765925273.4429426,726.5570573806763,0.31,0.33,0.67,0.69,0.37,0.6,0.97,0.98,ONE_LEG_FILLED,False,0.0,True,False,False,0.37,0.37,0.6,0.6,,,0.0,,15,15,False,False,240,240,0,0,0,100.0,0.0,,False,False,0,0.05,0.95,0.02,0.030000000000000027,True,True,,False,False,False,0.4,0.62,0.37,0.6,15.0,0.0,15.0,False,False,0.37,0.0,15.0,,0,,1765925273.4429426,0.0
1765925275.5239744,btc-updown-15m-1765925100,1765925100.0,1765926000.0,1765925275.5239744,724.4760255813599,0.31,0.33,0.67,0.68,0.37,0.6,0.97,0.98,ONE_LEG_FILLED,False,0.0,True,False,False,0.37,0.37,0.6,0.6,,,0.0,,15,15,False,False,240,240,0,0,0,100.0,0.0,,False,False,0,0.05,0.95,0.02,0.030000000000000027,True,True,,False,False,False,0.4,0.62,0.37,0.6,15.0,0.0,15.0,False,False,0.37,0.0,15.0,,0,,1765925275.5239744,0.0
1765925277.59478,btc-updown-15m-1765925100,1765925100.0,1765926000.0,1765925277.59478,722.4052200317383,0.31,0.32,0.68,0.69,0.37,0.6,0.97,0.98,ONE_LEG_FILLED,False,0.0,True,False,False,0.37,0.37,0.6,0.6,,,0.0,,15,15,False,False,240,240,0,0,0,100.0,0.0,,False,False,0,0.05,0.95,0.02,0.030000000000000027,True,True,,False,False,False,0.4,0.62,0.37,0.6,15.0,0.0,15.0,False,False,0.37,0.0,15.0,,0,,1765925277.59478,0.0
1765925279.7171898,btc-updown-15m-1765925100,1765925100.0,1765926000.0,1765925279.7171898,720.2828102111816,0.31,0.32,0.68,0.69,0.37,0.6,0.97,0.98,ONE_LEG_FILLED,False,0.0,True,False,False,0.37,0.37,0.6,0.6,,,0.0,,15,15,False,False,240,240,0,0,0,100.0,0.0,,False,False,0,0.05,0.95,0.02,0.030000000000000027,True,True,,False,False,False,0.4,0.62,0.37,0.6,15.0,0.0,15.0,False,False,0.37,0.0,15.0,,0,,1765925279.7171898,0.0
1765925281.8190434,btc-updown-15m-1765925100,1765925100.0,1765926000.0,1765925281.8190434,718.1809566020966,0.31,0.32,0.68,0.69,0.37,0.6,0.97,0.98,ONE_LEG_FILLED,False,0.0,True,False,False,0.37,0.37,0.6,0.6,,,0.0,,15,15,False,False,240,240,0,0,0,100.0,0.0,,False,False,0,0.05,0.95,0.02,0.030000000000000027,True,True,,False,False,False,0.4,0.62,0.37,0.6,15.0,0.0,15.0,False,False,0.37,0.0,15.0,,0,,1765925281.8190434,0.0
1765925283.9223056,btc-updown-15m-1765925100,1765925100.0,1765926000.0,1765925283.9223056,716.0776944160461,0.31,0.33,0.68,0.69,0.37,0.6,0.97,0.98,ONE_LEG_FILLED,False,0.0,True,False,False,0.37,0.37,0.6,0.6,,,0.0,,15,15,False,False,240,240,0,0,0,100.0,0.0,,False,False,0,0.05,0.95,0.02,0.030000000000000027,True,True,,False,False,False,0.4,0.62,0.37,0.6,15.0,0.0,15.0,False,False,0.37,0.0,15.0,,0,,1765925283.9223056,0.0
1765925286.0105577,btc-updown-15m-1765925100,1765925100.0,1765926000.0,1765925286.0105577,713.9894423484802,0.29,0.3,0.7,0.71,0.37,0.6,0.97,0.98,ONE_LEG_FILLED,False,0.0,True,False,False,0.37,0.37,0.6,0.6,,,0.0,,15,15,False,False,240,240,0,0,0,100.0,0.0,,False,False,0,0.05,0.95,0.02,0.030000000000000027,True,True,,False,False,False,0.4,0.62,0.37,0.6,15.0,0.0,15.0,False,False,0.37,0.0,15.0,,0,,1765925286.0105577,0.0
1765925288.082798,btc-updown-15m-1765925100,1765925100.0,1765926000.0,1765925288.082798,711.9172019958496,0.19,0.2,0.8,0.81,0.37,0.6,0.97,0.98,ONE_LEG_FILLED,False,0.0,True,False,False,0.37,0.37,0.6,0.6,,,0.0,,15,15,False,False,240,240,0,0,0,100.0,0.0,,False,False,0,0.05,0.95,0.02,0.030000000000000027,True,True,,False,False,False,0.4,0.62,0.37,0.6,15.0,0.0,15.0,False,False,0.37,0.0,15.0,,0,,1765925288.082798,0.0
1765925290.2641838,btc-updown-15m-1765925100,1765925100.0,1765926000.0,1765925290.2641838,709.7358162403107,0.19,0.2,0.8,0.81,0.37,0.6,0.97,0.98,ONE_LEG_FILLED,False,0.0,True,False,False,0.37,0.37,0.6,0.6,,,0.0,,15,15,False,False,240,240,0,0,0,100.0,0.0,,False,False,0,0.05,0.95,0.02,0.030000000000000027,True,True,,False,False,False,0.4,0.62,0.37,0.6,15.0,0.0,15.0,False,False,0.37,0.0,15.0,,0,,1765925290.2641838,0.0
1765925292.3970988,btc-updown-15m-1765925100,1765925100.0,1765926000.0,1765925292.3970988,707.6029012203217,0.19,0.2,0.8,0.81,0.37,0.6,0.97,0.98,ONE_LEG_FILLED,False,0.0,True,False,False,0.37,0.37,0.6,0.6,,,0.0,,15,15,False,False,240,240,0,0,0,100.0,0.0,,False,False,0,0.05,0.95,0.02,0.030000000000000027,True,True,,False,False,False,0.4,0.62,0.37,0.6,15.0,0.0,15.0,False,False,0.37,0.0,15.0,,0,,1765925292.3970988,0.0
1765925294.47736,btc-updown-15m-1765925100,1765925100.0,1765926000.0,1765925294.47736,705.5226399898529,0.19,0.2,0.8,0.81,0.37,0.6,0.97,0.98,ONE_LEG_FILLED,False,0.0,True,False,False,0.37,0.37,0.6,0.6,,,0.0,,15,15,False,False,240,240,0,0,0,100.0,0.0,,False,False,0,0.05,0.95,0.02,0.030000000000000027,True,True,,False,False,False,0.4,0.62,0.37,0.6,15.0,0.0,15.0,False,False,0.37,0.0,15.0,,0,,1765925294.47736,0.0
1765925296.5488052,btc-updown-15m-1765925100,1765925100.0,1765926000.0,1765925296.5488052,703.4511947631836,0.24,0.26,0.74,0.76,0.37,0.6,0.97,0.98,ONE_LEG_FILLED,False,0.0,True,False,False,0.37,0.37,0.6,0.6,,,0.0,,15,15,False,False,240,240,0,0,0,100.0,0.0,,False,False,0,0.05,0.95,0.02,0.030000000000000027,True,True,,False,False,False,0.4,0.62,0.37,0.6,15.0,0.0,15.0,False,False,0.37,0.0,15.0,,0,,1765925296.5488052,0.0
1765925298.6547723,btc-updown-15m-1765925100,1765925100.0,1765926000.0,1765925298.6547723,701.3452277183533,0.28,0.29,0.71,0.72,0.37,0.6,0.97,0.98,ONE_LEG_FILLED,False,0.0,True,False,False,0.37,0.37,0.6,0.6,,,0.0,,15,15,False,False,240,240,0,0,0,100.0,0.0,,False,False,0,0.05,0.95,0.02,0.030000000000000027,True,True,,False,False,False,0.4,0.62,0.37,0.6,15.0,0.0,15.0,False,False,0.37,0.0,15.0,,0,,1765925298.6547723,0.0
1765925300.7667534,btc-updown-15m-1765925100,1765925100.0,1765926000.0,1765925300.7667534,699.2332465648651,0.32,0.33,0.67,0.68,0.37,0.6,0.97,0.98,ONE_LEG_FILLED,False,0.0,True,False,False,0.37,0.37,0.6,0.6,,,0.0,,15,15,False,False,240,240,0,0,0,100.0,0.0,,False,False,0,0.05,0.95,0.02,0.030000000000000027,True,True,,False,False,False,0.4,0.62,0.37,0.6,15.0,0.0,15.0,False,False,0.37,0.0,15.0,,0,,1765925300.7667534,0.0
1765925302.9399595,btc-updown-15m-1765925100,1765925100.0,1765926000.0,1765925302.9399595,697.060040473938,0.32,0.33,0.67,0.68,0.37,0.6,0.97,0.98,ONE_LEG_FILLED,False,0.0,True,False,False,0.37,0.37,0.6,0.6,,,0.0,,15,15,False,False,240,240,0,0,0,100.0,0.0,,False,False,0,0.05,0.95,0.02,0.030000000000000027,True,True,,False,False,False,0.4,0.62,0.37,0.6,15.0,0.0,15.0,False,False,0.37,0.0,15.0,,0,,1765925302.9399595,0.0
1765925305.0613313,btc-updown-15m-1765925100,1765925100.0,1765926000.0,1765925305.0613313,694.9386687278748,0.32,0.33,0.67,0.68,0.37,0.6,0.97,0.98,ONE_LEG_FILLED,False,0.0,True,False,False,0.37,0.37,0.6,0.6,,,0.0,,15,15,False,False,240,240,0,0,0,100.0,0.0,,False,False,0,0.05,0.95,0.02,0.030000000000000027,True,True,,False,False,False,0.4,0.62,0.37,0.6,15.0,0.0,15.0,False,False,0.37,0.0,15.0,,0,,1765925305.0613313,0.0
1765925307.135638,btc-updown-15m-1765925100,1765925100.0,1765926000.0,1765925307.135638,692.8643620014191,0.33,0.34,0.66,0.67,0.37,0.6,0.97,0.98,ONE_LEG_FILLED,False,0.0,True,False,False,0.37,0.37,0.6,0.6,,,0.0,,15,15,False,False,240,240,0,0,0,100.0,0.0,,False,False,0,0.05,0.95,0.02,0.030000000000000027,True,True,,False,False,False,0.4,0.62,0.37,0.6,15.0,0.0,15.0,False,False,0.37,0.0,15.0,,0,,1765925307.135638,0.0
1765925309.2154815,btc-updown-15m-1765925100,1765925100.0,1765926000.0,1765925309.2154815,690.7845184803009,0.33,0.34,0.66,0.67,0.37,0.6,0.97,0.98,ONE_LEG_FILLED,False,0.0,True,False,False,0.37,0.37,0.6,0.6,,,0.0,,15,15,False,False,240,240,0,0,0,100.0,0.0,,False,False,0,0.05,0.95,0.02,0.030000000000000027,True,True,,False,False,False,0.4,0.62,0.37,0.6,15.0,0.0,15.0,False,False,0.37,0.0,15.0,,0,,1765925309.2154815,0.0
1765925311.36806,btc-updown-15m-1765925100,1765925100.0,1765926000.0,1765925311.36806,688.6319398880005,0.33,0.34,0.66,0.67,0.37,0.6,0.97,0.98,ONE_LEG_FILLED,False,0.0,True,False,False,0.37,0.37,0.6,0.6,,,0.0,,15,15,False,False,240,240,0,0,0,100.0,0.0,,False,False,0,0.05,0.95,0.02,0.030000000000000027,True,True,,False,False,False,0.4,0.62,0.37,0.6,15.0,0.0,15.0,False,False,0.37,0.0,15.0,,0,,1765925311.36806,0.0
1765925313.4597933,btc-updown-15m-1765925100,1765925100.0,1765926000.0,1765925313.4597933,686.5402066707611,0.34,0.35,0.62,0.64,0.37,0.6,0.97,0.98,ONE_LEG_FILLED,False,0.0,True,False,False,0.37,0.37,0.6,0.6,,,0.0,,15,15,False,False,240,240,0,0,0,100.0,0.0,,False,False,0,0.05,0.95,0.02,0.030000000000000027,True,True,,False,False,False,0.4,0.62,0.37,0.6,15.0,0.0,15.0,False,False,0.37,0.0,15.0,,0,,1765925313.4597933,0.0
1765925315.903725,btc-updown-15m-1765925100,1765925100.0,1765926000.0,1765925315.903725,684.0962750911713,0.4,0.41,0.59,0.6,0.37,0.6,0.97,0.98,STRADDLE_COMPLETE,False,0.0,True,True,False,0.37,0.37,0.6,0.6,,,0.0,,15,15,False,False,240,240,0,0,0,100.0,0.0,,False,False,0,0.05,0.95,0.02,0.030000000000000027,True,True,,False,False,False,0.4,0.62,0.37,0.6,15.0,15.0,15.0,False,False,0.37,0.0,0.0,,0,,0.0,0.0
1765925318.0594616,btc-updown-15m-1765925100,1765925100.0,1765926000.0,1765925318.0594616,681.9405384063721,0.41,0.42,0.57,0.58,0.37,0.6,0.97,0.98,STRADDLE_COMPLETE,False,0.0,True,True,False,0.37,0.37,0.6,0.6,,,0.0,,15,15,False,False,240,240,0,0,0,100.0,0.0,,False,False,0,0.05,0.95,0.02,0.030000000000000027,True,True,,False,False,False,0.4,0.62,0.37,0.6,15.0,15.0,15.0,False,False,0.37,0.0,0.0,,0,,0.0,0.0
1765925319.9505453,btc-updown-15m-1765925100,1765925100.0,1765926000.0,1765925319.9505453,680.0494546890259,0.42,0.43,0.57,0.58,0.37,0.6,0.97,0.98,STRADDLE_COMPLETE,False,0.0,True,True,False,0.37,0.37,0.6,0.6,,,0.0,,15,15,False,False,240,240,0,0,0,100.0,0.0,,False,False,0,0.05,0.95,0.02,0.030000000000000027,True,True,,False,False,False,0.4,0.62,0.37,0.6,15.0,15.0,15.0,False,False,0.37,0.0,0.0,,0,,0.0,0.0
1765925321.839597,btc-updown-15m-1765925100,1765925100.0,1765926000.0,1765925321.839597,678.1604030132294,0.42,0.43,0.57,0.58,0.37,0.6,0.97,0.98,STRADDLE_COMPLETE,False,0.0,True,True,False,0.37,0.37,0.6,0.6,,,0.0,,15,15,False,False,240,240,0,0,0,100.0,0.0,,False,False,0,0.05,0.95,0.02,0.030000000000000027,True,True,,False,False,False,0.4,0.62,0.37,0.6,15.0,15.0,15.0,False,False,0.37,0.0,0.0,,0,,0.0,0.0
1765925323.7285004,btc-updown-15m-1765925100,1765925100.0,1765926000.0,1765925323.7285004,676.2714996337891,0.42,0.44,0.55,0.56,0.37,0.6,0.97,0.98,STRADDLE_COMPLETE,False,0.0,True,True,False,0.37,0.37,0.6,0.6,,,0.0,,15,15,False,False,240,240,0,0,0,100.0,0.0,,False,False,0,0.05,0.95,0.02,0.030000000000000027,True,True,,False,False,False,0.4,0.62,0.37,0.6,15.0,15.0,15.0,False,False,0.37,0.0,0.0,,0,,0.0,0.0
1765925325.6641023,btc-updown-15m-1765925100,1765925100.0,1765926000.0,1765925325.6641023,674.3358976840973,0.43,0.44,0.56,0.57,0.37,0.6,0.97,0.98,STRADDLE_COMPLETE,False,0.0,True,True,False,0.37,0.37,0.6,0.6,,,0.0,,15,15,False,False,240,240,0,0,0,100.0,0.0,,False,False,0,0.05,0.95,0.02,0.030000000000000027,True,True,,False,False,False,0.4,0.62,0.37,0.6,15.0,15.0,15.0,False,False,0.37,0.0,0.0,,0,,0.0,0.0
1765925327.5615013,btc-updown-15m-1765925100,1765925100.0,1765926000.0,1765925327.5615013,672.4384987354279,0.43,0.44,0.56,0.57,0.37,0.6,0.97,0.98,STRADDLE_COMPLETE,False,0.0,True,True,False,0.37,0.37,0.6,0.6,,,0.0,,15,15,False,False,240,240,0,0,0,100.0,0.0,,False,False,0,0.05,0.95,0.02,0.030000000000000027,True,True,,False,False,False,0.4,0.62,0.37,0.6,15.0,15.0,15.0,False,False,0.37,0.0,0.0,,0,,0.0,0.0
1765925329.4467807,btc-updown-15m-1765925100,1765925100.0,1765926000.0,1765925329.4467807,670.5532193183899,0.44,0.45,0.55,0.56,0.37,0.6,0.97,0.98,STRADDLE_COMPLETE,False,0.0,True,True,False,0.37,0.37,0.6,0.6,,,0.0,,15,15,False,False,240,240,0,0,0,100.0,0.0,,False,False,0,0.05,0.95,0.02,0.030000000000000027,True,True,,False,False,False,0.4,0.62,0.37,0.6,15.0,15.0,15.0,False,False,0.37,0.0,0.0,,0,,0.0,0.0
1765925331.4198165,btc-updown-15m-1765925100,1765925100.0,1765926000.0,1765925331.4198165,668.580183506012,0.44,0.45,0.55,0.56,0.37,0.6,0.97,0.98,STRADDLE_COMPLETE,False,0.0,True,True,False,0.37,0.37,0.6,0.6,,,0.0,,15,15,False,False,240,240,0,0,0,100.0,0.0,,False,False,0,0.05,0.95,0.02,0.030000000000000027,True,True,,False,False,False,0.4,0.62,0.37,0.6,15.0,15.0,15.0,False,False,0.37,0.0,0.0,,0,,0.0,0.0
1765925333.3157775,btc-updown-15m-1765925100,1765925100.0,1765926000.0,1765925333.3157775,666.6842224597931,0.44,0.45,0.55,0.56,0.37,0.6,0.97,0.98,STRADDLE_COMPLETE,False,0.0,True,True,False,0.37,0.37,0.6,0.6,,,0.0,,15,15,False,False,240,240,0,0,0,100.0,0.0,,False,False,0,0.05,0.95,0.02,0.030000000000000027,True,True,,False,False,False,0.4,0.62,0.37,0.6,15.0,15.0,15.0,False,False,0.37,0.0,0.0,,0,,0.0,0.0
1765925335.209861,btc-updown-15m-1765925100,1765925100.0,1765926000.0,1765925335.209861,664.7901389598846,0.44,0.45,0.55,0.56,0.37,0.6,0.97,0.98,STRADDLE_COMPLETE,False,0.0,True,True,False,0.37,0.37,0.6,0.6,,,0.0,,15,15,False,False,240,240,0,0,0,100.0,0.0,,False,False,0,0.05,0.95,0.02,0.030000000000000027,True,True,,False,False,False,0.4,0.62,0.37,0.6,15.0,15.0,15.0,False,False,0.37,0.0,0.0,,0,,0.0,0.0
1765925337.1110964,btc-updown-15m-1765925100,1765925100.0,1765926000.0,1765925337.1110964,662.8889036178589,0.45,0.46,0.54,0.56,0.37,0.6,0.97,0.98,STRADDLE_COMPLETE,False,0.0,True,True,False,0.37,0.37,0.6,0.6,,,0.0,,15,15,False,False,240,240,0,0,0,100.0,0.0,,False,False,0,0.05,0.95,0.02,0.030000000000000027,True,True,,False,False,False,0.4,0.62,0.37,0.6,15.0,15.0,15.0,False,False,0.37,0.0,0.0,,0,,0.0,0.0
1765925338.993067,btc-updown-15m-1765925100,1765925100.0,1765926000.0,1765925338.993067,661.0069329738617,0.45,0.46,0.54,0.55,0.37,0.6,0.97,0.98,STRADDLE_COMPLETE,False,0.0,True,True,False,0.37,0.37,0.6,0.6,,,0.0,,15,15,False,False,240,240,0,0,0,100.0,0.0,,False,False,0,0.05,0.95,0.02,0.030000000000000027,True,True,,False,False,False,0.4,0.62,0.37,0.6,15.0,15.0,15.0,False,False,0.37,0.0,0.0,,0,,0.0,0.0
1765925340.9078658,btc-updown-15m-1765925100,1765925100.0,1765926000.0,1765925340.9078658,659.0921342372894,0.45,0.46,0.54,0.55,0.37,0.6,0.97,0.98,STRADDLE_COMPLETE,False,0.0,True,True,False,0.37,0.37,0.6,0.6,,,0.0,,15,15,False,False,240,240,0,0,0,100.0,0.0,,False,False,0,0.05,0.95,0.02,0.030000000000000027,True,True,,False,False,False,0.4,0.62,0.37,0.6,15.0,15.0,15.0,False,False,0.37,0.0,0.0,,0,,0.0,0.0
1765925342.8597836,btc-updown-15m-1765925100,1765925100.0,1765926000.0,1765925342.8597836,657.1402163505554,0.45,0.46,0.54,0.55,0.37,0.6,0.97,0.98,STRADDLE_COMPLETE,False,0.0,True,True,False,0.37,0.37,0.6,0.6,,,0.0,,15,15,False,False,240,240,0,0,0,100.0,0.0,,False,False,0,0.05,0.95,0.02,0.030000000000000027,True,True,,False,False,False,0.4,0.62,0.37,0.6,15.0,15.0,15.0,False,False,0.37,0.0,0.0,,0,,0.0,0.0
1765925344.7529616,btc-updown-15m-1765925100,1765925100.0,1765926000.0,1765925344.7529616,655.2470383644104,0.39,0.41,0.65,0.68,0.37,0.6,0.97,0.98,STRADDLE_COMPLETE,False,0.0,True,True,False,0.37,0.37,0.6,0.6,,,0.0,,15,15,False,False,240,240,0,0,0,100.0,0.0,,False,False,0,0.05,0.95,0.02,0.030000000000000027,True,True,,False,False,False,0.4,0.62,0.37,0.6,15.0,15.0,15.0,False,False,0.37,0.0,0.0,,0,,0.0,0.0
1765925346.6525366,btc-updown-15m-1765925100,1765925100.0,1765926000.0,1765925346.6525366,653.3474633693695,0.29,0.3,0.7,0.71,0.37,0.6,0.97,0.98,STRADDLE_COMPLETE,False,0.0,True,True,False,0.37,0.37,0.6,0.6,,,0.0,,15,15,False,False,240,240,0,0,0,100.0,0.0,,False,False,0,0.05,0.95,0.02,0.030000000000000027,True,True,,False,False,False,0.4,0.62,0.37,0.6,15.0,15.0,15.0,False,False,0.37,0.0,0.0,,0,,0.0,0.0
1765925348.5764034,btc-updown-15m-1765925100,1765925100.0,1765926000.0,1765925348.5764034,651.4235966205597,0.27,0.28,0.72,0.73,0.37,0.6,0.97,0.98,STRADDLE_COMPLETE,False,0.0,True,True,False,0.37,0.37,0.6,0.6,,,0.0,,15,15,False,False,240,240,0,0,0,100.0,0.0,,False,False,0,0.05,0.95,0.02,0.030000000000000027,True,True,,False,False,False,0.4,0.62,0.37,0.6,15.0,15.0,15.0,False,False,0.37,0.0,0.0,,0,,0.0,0.0
1765925350.4765606,btc-updown-15m-1765925100,1765925100.0,1765926000.0,1765925350.4765606,649.5234394073486,0.27,0.28,0.72,0.73,0.37,0.6,0.97,0.98,STRADDLE_COMPLETE,False,0.0,True,True,False,0.37,0.37,0.6,0.6,,,0.0,,15,15,False,False,240,240,0,0,0,100.0,0.0,,False,False,0,0.05,0.95,0.02,0.030000000000000027,True,True,,False,False,False,0.4,0.62,0.37,0.6,15.0,15.0,15.0,False,False,0.37,0.0,0.0,,0,,0.0,0.0
1765925352.3979325,btc-updown-15m-1765925100,1765925100.0,1765926000.0,1765925352.3979325,647.6020674705505,0.26,0.27,0.73,0.74,0.37,0.6,0.97,0.98,STRADDLE_COMPLETE,False,0.0,True,True,False,0.37,0.37,0.6,0.6,,,0.0,,15,15,False,False,240,240,0,0,0,100.0,0.0,,False,False,0,0.05,0.95,0.02,0.030000000000000027,True,True,,False,False,False,0.4,0.62,0.37,0.6,15.0,15.0,15.0,False,False,0.37,0.0,0.0,,0,,0.0,0.0
1765925354.3267512,btc-updown-15m-1765925100,1765925100.0,1765926000.0,1765925354.3267512,645.6732487678528,0.26,0.27,0.73,0.74,0.37,0.6,0.97,0.98,STRADDLE_COMPLETE,False,0.0,True,True,False,0.37,0.37,0.6,0.6,,,0.0,,15,15,False,False,240,240,0,0,0,100.0,0.0,,False,False,0,0.05,0.95,0.02,0.030000000000000027,True,True,,False,False,False,0.4,0.62,0.37,0.6,15.0,15.0,15.0,False,False,0.37,0.0,0.0,,0,,0.0,0.0
1765925356.2218993,btc-updown-15m-1765925100,1765925100.0,1765926000.0,1765925356.2218993,643.7781007289886,0.3,0.31,0.68,0.69,0.37,0.6,0.97,0.98,STRADDLE_COMPLETE,False,0.0,True,True,False,0.37,0.37,0.6,0.6,,,0.0,,15,15,False,False,240,240,0,0,0,100.0,0.0,,False,False,0,0.05,0.95,0.02,0.030000000000000027,True,True,,False,False,False,0.4,0.62,0.37,0.6,15.0,15.0,15.0,False,False,0.37,0.0,0.0,,0,,0.0,0.0
1765925358.1119618,btc-updown-15m-1765925100,1765925100.0,1765926000.0,1765925358.1119618,641.8880381584167,0.32,0.33,0.67,0.68,0.37,0.6,0.97,0.98,STRADDLE_COMPLETE,False,0.0,True,True,False,0.37,0.37,0.6,0.6,,,0.0,,15,15,False,False,240,240,0,0,0,100.0,0.0,,False,False,0,0.05,0.95,0.02,0.030000000000000027,True,True,,False,False,False,0.4,0.62,0.37,0.6,15.0,15.0,15.0,False,False,0.37,0.0,0.0,,0,,0.0,0.0
1765925359.997829,btc-updown-15m-1765925100,1765925100.0,1765926000.0,1765925359.997829,640.0021710395813,0.32,0.33,0.67,0.68,0.37,0.6,0.97,0.98,STRADDLE_COMPLETE,False,0.0,True,True,False,0.37,0.37,0.6,0.6,,,0.0,,15,15,False,False,240,240,0,0,0,100.0,0.0,,False,False,0,0.05,0.95,0.02,0.030000000000000027,True,True,,False,False,False,0.4,0.62,0.37,0.6,15.0,15.0,15.0,False,False,0.37,0.0,0.0,,0,,0.0,0.0
1765925361.881395,btc-updown-15m-1765925100,1765925100.0,1765926000.0,1765925361.881395,638.1186048984528,0.32,0.33,0.67,0.68,0.37,0.6,0.97,0.98,STRADDLE_COMPLETE,False,0.0,True,True,False,0.37,0.37,0.6,0.6,,,0.0,,15,15,False,False,240,240,0,0,0,100.0,0.0,,False,False,0,0.05,0.95,0.02,0.030000000000000027,True,True,,False,False,False,0.4,0.62,0.37,0.6,15.0,15.0,15.0,False,False,0.37,0.0,0.0,,0,,0.0,0.0
1765925363.7740896,btc-updown-15m-1765925100,1765925100.0,1765926000.0,1765925363.7740896,636.2259104251862,0.32,0.33,0.67,0.68,0.37,0.6,0.97,0.98,STRADDLE_COMPLETE,False,0.0,True,True,False,0.37,0.37,0.6,0.6,,,0.0,,15,15,False,False,240,240,0,0,0,100.0,0.0,,False,False,0,0.05,0.95,0.02,0.030000000000000027,True,True,,False,False,False,0.4,0.62,0.37,0.6,15.0,15.0,15.0,False,False,0.37,0.0,0.0,,0,,0.0,0.0
1765925365.6882946,btc-updown-15m-1765925100,1765925100.0,1765926000.0,1765925365.6882946,634.3117053508759,0.32,0.33,0.67,0.68,0.37,0.6,0.97,0.98,STRADDLE_COMPLETE,False,0.0,True,True,False,0.37,0.37,0.6,0.6,,,0.0,,15,15,False,False,240,240,0,0,0,100.0,0.0,,False,False,0,0.05,0.95,0.02,0.030000000000000027,True,True,,False,False,False,0.4,0.62,0.37,0.6,15.0,15.0,15.0,False,False,0.37,0.0,0.0,,0,,0.0,0.0
1765925367.5715916,btc-updown-15m-1765925100,1765925100.0,1765926000.0,1765925367.5715916,632.4284083843231,0.32,0.33,0.67,0.68,0.37,0.6,0.97,0.98,STRADDLE_COMPLETE,False,0.0,True,True,False,0.37,0.37,0.6,0.6,,,0.0,,15,15,False,False,240,240,0,0,0,100.0,0.0,,False,False,0,0.05,0.95,0.02,0.030000000000000027,True,True,,False,False,False,0.4,0.62,0.37,0.6,15.0,15.0,15.0,False,False,0.37,0.0,0.0,,0,,0.0,0.0
1765925369.479453,btc-updown-15m-1765925100,1765925100.0,1765926000.0,1765925369.479453,630.520546913147,0.32,0.33,0.67,0.68,0.37,0.6,0.97,0.98,STRADDLE_COMPLETE,False,0.0,True,True,False,0.37,0.37,0.6,0.6,,,0.0,,15,15,False,False,240,240,0,0,0,100.0,0.0,,False,False,0,0.05,0.95,0.02,0.030000000000000027,True,True,,False,False,False,0.4,0.62,0.37,0.6,15.0,15.0,15.0,False,False,0.37,0.0,0.0,,0,,0.0,0.0
1765925371.3791711,btc-updown-15m-1765925100,1765925100.0,1765926000.0,1765925371.3791711,628.6208288669586,0.33,0.34,0.66,0.67,0.37,0.6,0.97,0.98,STRADDLE_COMPLETE,False,0.0,True,True,False,0.37,0.37,0.6,0.6,,,0.0,,15,15,False,False,240,240,0,0,0,100.0,0.0,,False,False,0,0.05,0.95,0.02,0.030000000000000027,True,True,,False,False,False,0.4,0.62,0.37,0.6,15.0,15.0,15.0,False,False,0.37,0.0,0.0,,0,,0.0,0.0
1765925373.3081043,btc-updown-15m-1765925100,1765925100.0,1765926000.0,1765925373.3081043,626.6918957233429,0.32,0.33,0.67,0.68,0.37,0.6,0.97,0.98,STRADDLE_COMPLETE,False,0.0,True,True,False,0.37,0.37,0.6,0.6,,,0.0,,15,15,False,False,240,240,0,0,0,100.0,0.0,,False,False,0,0.05,0.95,0.02,0.030000000000000027,True,True,,False,False,False,0.4,0.62,0.37,0.6,15.0,15.0,15.0,False,False,0.37,0.0,0.0,,0,,0.0,0.0
1765925375.1838934,btc-updown-15m-1765925100,1765925100.0,1765926000.0,1765925375.1838934,624.8161065578461,0.32,0.33,0.67,0.68,0.37,0.6,0.97,0.98,STRADDLE_COMPLETE,False,0.0,True,True,False,0.37,0.37,0.6,0.6,,,0.0,,15,15,False,False,240,240,0,0,0,100.0,0.0,,False,False,0,0.05,0.95,0.02,0.030000000000000027,True,True,,False,False,False,0.4,0.62,0.37,0.6,15.0,15.0,15.0,False,False,0.37,0.0,0.0,,0,,0.0,0.0
1765925377.0945923,btc-updown-15m-1765925100,1765925100.0,1765926000.0,1765925377.0945923,622.90540766716,0.32,0.33,0.67,0.68,0.37,0.6,0.97,0.98,STRADDLE_COMPLETE,False,0.0,True,True,False,0.37,0.37,0.6,0.6,,,0.0,,15,15,False,False,240,240,0,0,0,100.0,0.0,,False,False,0,0.05,0.95,0.02,0.030000000000000027,True,True,,False,False,False,0.4,0.62,0.37,0.6,15.0,15.0,15.0,False,False,0.37,0.0,0.0,,0,,0.0,0.0
1765925378.9863205,btc-updown-15m-1765925100,1765925100.0,1765926000.0,1765925378.9863205,621.0136795043945,0.32,0.33,0.67,0.68,0.37,0.6,0.97,0.98,STRADDLE_COMPLETE,False,0.0,True,True,False,0.37,0.37,0.6,0.6,,,0.0,,15,15,False,False,240,240,0,0,0,100.0,0.0,,False,False,0,0.05,0.95,0.02,0.030000000000000027,True,True,,False,False,False,0.4,0.62,0.37,0.6,15.0,15.0,15.0,False,False,0.37,0.0,0.0,,0,,0.0,0.0
1765925380.8696132,btc-updown-15m-1765925100,1765925100.0,1765926000.0,1765925380.8696132,619.1303868293762,0.32,0.33,0.67,0.68,0.37,0.6,0.97,0.98,STRADDLE_COMPLETE,False,0.0,True,True,False,0.37,0.37,0.6,0.6,,,0.0,,15,15,False,False,240,240,0,0,0,100.0,0.0,,False,False,0,0.05,0.95,0.02,0.030000000000000027,True,True,,False,False,False,0.4,0.62,0.37,0.6,15.0,15.0,15.0,False,False,0.37,0.0,0.0,,0,,0.0,0.0
1765925382.7594726,btc-updown-15m-1765925100,1765925100.0,1765926000.0,1765925382.7594726,617.2405273914337,0.32,0.33,0.67,0.68,0.37,0.6,0.97,0.98,STRADDLE_COMPLETE,False,0.0,True,True,False,0.37,0.37,0.6,0.6,,,0.0,,15,15,False,False,240,240,0,0,0,100.0,0.0,,False,False,0,0.05,0.95,0.02,0.030000000000000027,True,True,,False,False,False,0.4,0.62,0.37,0.6,15.0,15.0,15.0,False,False,0.37,0.0,0.0,,0,,0.0,0.0
1765925384.6732616,btc-updown-15m-1765925100,1765925100.0,1765926000.0,1765925384.6732616,615.326738357544,0.32,0.33,0.67,0.68,0.37,0.6,0.97,0.98,STRADDLE_COMPLETE,False,0.0,True,True,False,0.37,0.37,0.6,0.6,,,0.0,,15,15,False,False,240,240,0,0,0,100.0,0.0,,False,False,0,0.05,0.95,0.02,0.030000000000000027,True,True,,False,False,False,0.4,0.62,0.37,0.6,15.0,15.0,15.0,False,False,0.37,0.0,0.0,,0,,0.0,0.0
1765925386.5816386,btc-updown-15m-1765925100,1765925100.0,1765926000.0,1765925386.5816386,613.4183614253998,0.31,0.32,0.68,0.69,0.37,0.6,0.97,0.98,STRADDLE_COMPLETE,False,0.0,True,True,False,0.37,0.37,0.6,0.6,,,0.0,,15,15,False,False,240,240,0,0,0,100.0,0.0,,False,False,0,0.05,0.95,0.02,0.030000000000000027,True,True,,False,False,False,0.4,0.62,0.37,0.6,15.0,15.0,15.0,False,False,0.37,0.0,0.0,,0,,0.0,0.0
1765925388.472455,btc-updown-15m-1765925100,1765925100.0,1765926000.0,1765925388.472455,611.5275449752808,0.32,0.33,0.67,0.69,0.37,0.6,0.97,0.98,STRADDLE_COMPLETE,False,0.0,True,True,False,0.37,0.37,0.6,0.6,,,0.0,,15,15,False,False,240,240,0,0,0,100.0,0.0,,False,False,0,0.05,0.95,0.02,0.030000000000000027,True,True,,False,False,False,0.4,0.62,0.37,0.6,15.0,15.0,15.0,False,False,0.37,0.0,0.0,,0,,0.0,0.0
1765925390.3618734,btc-updown-15m-1765925100,1765925100.0,1765926000.0,1765925390.3618734,609.6381266117096,0.32,0.33,0.67,0.68,0.37,0.6,0.97,0.98,STRADDLE_COMPLETE,False,0.0,True,True,False,0.37,0.37,0.6,0.6,,,0.0,,15,15,False,False,240,240,0,0,0,100.0,0.0,,False,False,0,0.05,0.95,0.02,0.030000000000000027,True,True,,False,False,False,0.4,0.62,0.37,0.6,15.0,15.0,15.0,False,False,0.37,0.0,0.0,,0,,0.0,0.0
1765925392.2530277,btc-updown-15m-1765925100,1765925100.0,1765926000.0,1765925392.2530277,607.746972322464,0.32,0.33,0.67,0.68,0.37,0.6,0.97,0.98,STRADDLE_COMPLETE,False,0.0,True,True,False,0.37,0.37,0.6,0.6,,,0.0,,15,15,False,False,240,240,0,0,0,100.0,0.0,,False,False,0,0.05,0.95,0.02,0.030000000000000027,True,True,,False,False,False,0.4,0.62,0.37,0.6,15.0,15.0,15.0,False,False,0.37,0.0,0.0,,0,,0.0,0.0
1765925394.1716094,btc-updown-15m-1765925100,1765925100.0,1765926000.0,1765925394.1716094,605.8283905982971,0.31,0.33,0.67,0.69,0.37,0.6,0.97,0.98,STRADDLE_COMPLETE,False,0.0,True,True,False,0.37,0.37,0.6,0.6,,,0.0,,15,15,False,False,240,240,0,0,0,100.0,0.0,,False,False,0,0.05,0.95,0.02,0.030000000000000027,True,True,,False,False,False,0.4,0.62,0.37,0.6,15.0,15.0,15.0,False,False,0.37,0.0,0.0,,0,,0.0,0.0
1765925396.065402,btc-updown-15m-1765925100,1765925100.0,1765926000.0,1765925396.065402,603.9345979690552,0.32,0.33,0.67,0.68,0.37,0.6,0.97,0.98,STRADDLE_COMPLETE,False,0.0,True,True,False,0.37,0.37,0.6,0.6,,,0.0,,15,15,False,False,240,240,0,0,0,100.0,0.0,,False,False,0,0.05,0.95,0.02,0.030000000000000027,True,True,,False,False,False,0.4,0.62,0.37,0.6,15.0,15.0,15.0,False,False,0.37,0.0,0.0,,0,,0.0,0.0
1765925397.9438457,btc-updown-15m-1765925100,1765925100.0,1765926000.0,1765925397.9438457,602.0561542510986,0.32,0.33,0.67,0.68,0.37,0.6,0.97,0.98,STRADDLE_COMPLETE,False,0.0,True,True,False,0.37,0.37,0.6,0.6,,,0.0,,15,15,False,False,240,240,0,0,0,100.0,0.0,,False,False,0,0.05,0.95,0.02,0.030000000000000027,True,True,,False,False,False,0.4,0.62,0.37,0.6,15.0,15.0,15.0,False,False,0.37,0.0,0.0,,0,,0.0,0.0
1765925399.8231933,btc-updown-15m-1765925100,1765925100.0,1765926000.0,1765925399.8231933,600.1768066883087,0.32,0.33,0.67,0.68,0.37,0.6,0.97,0.98,STRADDLE_COMPLETE,False,0.0,True,True,False,0.37,0.37,0.6,0.6,,,0.0,,15,15,False,False,240,240,0,0,0,100.0,0.0,,False,False,0,0.05,0.95,0.02,0.030000000000000027,True,True,,False,False,False,0.4,0.62,0.37,0.6,15.0,15.0,15.0,False,False,0.37,0.0,0.0,,0,,0.0,0.0
1765925401.7173479,btc-updown-15m-1765925100,1765925100.0,1765926000.0,1765925401.7173479,598.2826521396637,0.31,0.32,0.68,0.69,0.37,0.6,0.97,0.98,STRADDLE_COMPLETE,False,0.0,True,True,False,0.37,0.37,0.6,0.6,,,0.0,,15,15,False,False,240,240,0,0,0,100.0,0.0,,False,False,0,0.05,0.95,0.02,0.030000000000000027,True,True,,False,False,False,0.4,0.62,0.37,0.6,15.0,15.0,15.0,False,False,0.37,0.0,0.0,,0,,0.0,0.0
1765925403.620158,btc-updown-15m-1765925100,1765925100.0,1765926000.0,1765925403.620158,596.379842042923,0.3,0.31,0.69,0.7,0.37,0.6,0.97,0.98,STRADDLE_COMPLETE,False,0.0,True,True,False,0.37,0.37,0.6,0.6,,,0.0,,15,15,False,False,240,240,0,0,0,100.0,0.0,,False,False,0,0.05,0.95,0.02,0.030000000000000027,True,True,,False,False,False,0.4,0.62,0.37,0.6,15.0,15.0,15.0,False,False,0.37,0.0,0.0,,0,,0.0,0.0
1765925405.5560749,btc-updown-15m-1765925100,1765925100.0,1765926000.0,1765925405.5560749,594.4439251422882,0.31,0.34,0.66,0.69,0.37,0.6,0.97,0.98,STRADDLE_COMPLETE,False,0.0,True,True,False,0.37,0.37,0.6,0.6,,,0.0,,15,15,False,False,240,240,0,0,0,100.0,0.0,,False,False,0,0.05,0.95,0.02,0.030000000000000027,True,True,,False,False,False,0.4,0.62,0.37,0.6,15.0,15.0,15.0,False,False,0.37,0.0,0.0,,0,,0.0,0.0
1765925407.444265,btc-updown-15m-1765925100,1765925100.0,1765926000.0,1765925407.444265,592.5557351112366,0.31,0.32,0.68,0.69,0.37,0.6,0.97,0.98,STRADDLE_COMPLETE,False,0.0,True,True,False,0.37,0.37,0.6,0.6,,,0.0,,15,15,False,False,240,240,0,0,0,100.0,0.0,,False,False,0,0.05,0.95,0.02,0.030000000000000027,True,True,,False,False,False,0.4,0.62,0.37,0.6,15.0,15.0,15.0,False,False,0.37,0.0,0.0,,0,,0.0,0.0
1765925409.3503313,btc-updown-15m-1765925100,1765925100.0,1765926000.0,1765925409.3503313,590.6496686935425,0.32,0.33,0.67,0.68,0.37,0.6,0.97,0.98,STRADDLE_COMPLETE,False,0.0,True,True,False,0.37,0.37,0.6,0.6,,,0.0,,15,15,False,False,240,240,0,0,0,100.0,0.0,,False,False,0,0.05,0.95,0.02,0.030000000000000027,True,True,,False,False,False,0.4,0.62,0.37,0.6,15.0,15.0,15.0,False,False,0.37,0.0,0.0,,0,,0.0,0.0
1765925411.3007112,btc-updown-15m-1765925100,1765925100.0,1765926000.0,1765925411.3007112,588.6992888450623,0.31,0.33,0.67,0.68,0.37,0.6,0.97,0.98,STRADDLE_COMPLETE,False,0.0,True,True,False,0.37,0.37,0.6,0.6,,,0.0,,15,15,False,False,240,240,0,0,0,100.0,0.0,,False,False,0,0.05,0.95,0.02,0.030000000000000027,True,True,,False,False,False,0.4,0.62,0.37,0.6,15.0,15.0,15.0,False,False,0.37,0.0,0.0,,0,,0.0,0.0
1765925413.316157,btc-updown-15m-1765925100,1765925100.0,1765926000.0,1765925413.316157,586.6838428974152,0.32,0.33,0.67,0.68,0.37,0.6,0.97,0.98,STRADDLE_COMPLETE,False,0.0,True,True,False,0.37,0.37,0.6,0.6,,,0.0,,15,15,False,False,240,240,0,0,0,100.0,0.0,,False,False,0,0.05,0.95,0.02,0.030000000000000027,True,True,,False,False,False,0.4,0.62,0.37,0.6,15.0,15.0,15.0,False,False,0.37,0.0,0.0,,0,,0.0,0.0
1765925415.2574337,btc-updown-15m-1765925100,1765925100.0,1765926000.0,1765925415.2574337,584.7425663471222,0.32,0.33,0.67,0.68,0.37,0.6,0.97,0.98,STRADDLE_COMPLETE,False,0.0,True,True,False,0.37,0.37,0.6,0.6,,,0.0,,15,15,False,False,240,240,0,0,0,100.0,0.0,,False,False,0,0.05,0.95,0.02,0.030000000000000027,True,True,,False,False,False,0.4,0.62,0.37,0.6,15.0,15.0,15.0,False,False,0.37,0.0,0.0,,0,,0.0,0.0
1765925417.1576643,btc-updown-15m-1765925100,1765925100.0,1765926000.0,1765925417.1576643,582.8423357009888,0.32,0.33,0.67,0.68,0.37,0.6,0.97,0.98,STRADDLE_COMPLETE,False,0.0,True,True,False,0.37,0.37,0.6,0.6,,,0.0,,15,15,False,False,240,240,0,0,0,100.0,0.0,,False,False,0,0.05,0.95,0.02,0.030000000000000027,True,True,,False,False,False,0.4,0.62,0.37,0.6,15.0,15.0,15.0,False,False,0.37,0.0,0.0,,0,,0.0,0.0
1765925419.0455894,btc-updown-15m-1765925100,1765925100.0,1765926000.0,1765925419.0455894,580.9544105529785,0.32,0.33,0.67,0.68,0.37,0.6,0.97,0.98,STRADDLE_COMPLETE,False,0.0,True,True,False,0.37,0.37,0.6,0.6,,,0.0,,15,15,False,False,240,240,0,0,0,100.0,0.0,,False,False,0,0.05,0.95,0.02,0.030000000000000027,True,True,,False,False,False,0.4,0.62,0.37,0.6,15.0,15.0,15.0,False,False,0.37,0.0,0.0,,0,,0.0,0.0
1765925421.1767466,btc-updown-15m-1765925100,1765925100.0,1765926000.0,1765925421.1767466,578.8232533931732,0.31,0.32,0.68,0.69,0.37,0.6,0.97,0.98,STRADDLE_COMPLETE,False,0.0,True,True,False,0.37,0.37,0.6,0.6,,,0.0,,15,15,False,False,240,240,0,0,0,100.0,0.0,,False,False,0,0.05,0.95,0.02,0.030000000000000027,True,True,,False,False,False,0.4,0.62,0.37,0.6,15.0,15.0,15.0,False,False,0.37,0.0,0.0,,0,,0.0,0.0
1765925423.0865834,btc-updown-15m-1765925100,1765925100.0,1765926000.0,1765925423.0865834,576.9134166240692,0.32,0.33,0.67,0.69,0.37,0.6,0.97,0.98,STRADDLE_COMPLETE,False,0.0,True,True,False,0.37,0.37,0.6,0.6,,,0.0,,15,15,False,False,240,240,0,0,0,100.0,0.0,,False,False,0,0.05,0.95,0.02,0.030000000000000027,True,True,,False,False,False,0.4,0.62,0.37,0.6,15.0,15.0,15.0,False,False,0.37,0.0,0.0,,0,,0.0,0.0
1765925424.9692278,btc-updown-15m-1765925100,1765925100.0,1765926000.0,1765925424.9692278,575.0307722091675,0.31,0.32,0.68,0.69,0.37,0.6,0.97,0.98,STRADDLE_COMPLETE,False,0.0,True,True,False,0.37,0.37,0.6,0.6,,,0.0,,15,15,False,False,240,240,0,0,0,100.0,0.0,,False,False,0,0.05,0.95,0.02,0.030000000000000027,True,True,,False,False,False,0.4,0.62,0.37,0.6,15.0,15.0,15.0,False,False,0.37,0.0,0.0,,0,,0.0,0.0
1765925426.8978624,btc-updown-15m-1765925100,1765925100.0,1765926000.0,1765925426.8978624,573.1021375656128,0.31,0.32,0.68,0.69,0.37,0.6,0.97,0.98,STRADDLE_COMPLETE,False,0.0,True,True,False,0.37,0.37,0.6,0.6,,,0.0,,15,15,False,False,240,240,0,0,0,100.0,0.0,,False,False,0,0.05,0.95,0.02,0.030000000000000027,True,True,,False,False,False,0.4,0.62,0.37,0.6,15.0,15.0,15.0,False,False,0.37,0.0,0.0,,0,,0.0,0.0
1765925428.814421,btc-updown-15m-1765925100,1765925100.0,1765926000.0,1765925428.814421,571.1855790615082,0.3,0.32,0.68,0.69,0.37,0.6,0.97,0.98,STRADDLE_COMPLETE,False,0.0,True,True,False,0.37,0.37,0.6,0.6,,,0.0,,15,15,False,False,240,240,0,0,0,100.0,0.0,,False,False,0,0.05,0.95,0.02,0.030000000000000027,True,True,,False,False,False,0.4,0.62,0.37,0.6,15.0,15.0,15.0,False,False,0.37,0.0,0.0,,0,,0.0,0.0
1765925430.753184,btc-updown-15m-1765925100,1765925100.0,1765926000.0,1765925430.753184,569.2468159198761,0.3,0.33,0.67,0.7,0.37,0.6,0.97,0.98,STRADDLE_COMPLETE,False,0.0,True,True,False,0.37,0.37,0.6,0.6,,,0.0,,15,15,False,False,240,240,0,0,0,100.0,0.0,,False,False,0,0.05,0.95,0.02,0.030000000000000027,True,True,,False,False,False,0.4,0.62,0.37,0.6,15.0,15.0,15.0,False,False,0.37,0.0,0.0,,0,,0.0,0.0
1765925432.64569,btc-updown-15m-1765925100,1765925100.0,1765926000.0,1765925432.64569,567.3543100357056,0.3,0.31,0.69,0.71,0.37,0.6,0.97,0.98,STRADDLE_COMPLETE,False,0.0,True,True,False,0.37,0.37,0.6,0.6,,,0.0,,15,15,False,False,240,240,0,0,0,100.0,0.0,,False,False,0,0.05,0.95,0.02,0.030000000000000027,True,True,,False,False,False,0.4,0.62,0.37,0.6,15.0,15.0,15.0,False,False,0.37,0.0,0.0,,0,,0.0,0.0
1765925434.5272787,btc-updown-15m-1765925100,1765925100.0,1765926000.0,1765925434.5272787,565.4727213382721,0.28,0.29,0.71,0.72,0.37,0.6,0.97,0.98,STRADDLE_COMPLETE,False,0.0,True,True,False,0.37,0.37,0.6,0.6,,,0.0,,15,15,False,False,240,240,0,0,0,100.0,0.0,,False,False,0,0.05,0.95,0.02,0.030000000000000027,True,True,,False,False,False,0.4,0.62,0.37,0.6,15.0,15.0,15.0,False,False,0.37,0.0,0.0,,0,,0.0,0.0
1765925436.4221253,btc-updown-15m-1765925100,1765925100.0,1765926000.0,1765925436.4221253,563.577874660492,0.28,0.29,0.71,0.72,0.37,0.6,0.97,0.98,STRADDLE_COMPLETE,False,0.0,True,True,False,0.37,0.37,0.6,0.6,,,0.0,,15,15,False,False,240,240,0,0,0,100.0,0.0,,False,False,0,0.05,0.95,0.02,0.030000000000000027,True,True,,False,False,False,0.4,0.62,0.37,0.6,15.0,15.0,15.0,False,False,0.37,0.0,0.0,,0,,0.0,0.0
1765925438.3043137,btc-updown-15m-1765925100,1765925100.0,1765926000.0,1765925438.3043137,561.695686340332,0.28,0.29,0.71,0.72,0.37,0.6,0.97,0.98,STRADDLE_COMPLETE,False,0.0,True,True,False,0.37,0.37,0.6,0.6,,,0.0,,15,15,False,False,240,240,0,0,0,100.0,0.0,,False,False,0,0.05,0.95,0.02,0.030000000000000027,True,True,,False,False,False,0.4,0.62,0.37,0.6,15.0,15.0,15.0,False,False,0.37,0.0,0.0,,0,,0.0,0.0
1765925440.3065548,btc-updown-15m-1765925100,1765925100.0,1765926000.0,1765925440.3065548,559.6934452056885,0.28,0.29,0.71,0.72,0.37,0.6,0.97,0.98,STRADDLE_COMPLETE,False,0.0,True,True,False,0.37,0.37,0.6,0.6,,,0.0,,15,15,False,False,240,240,0,0,0,100.0,0.0,,False,False,0,0.05,0.95,0.02,0.030000000000000027,True,True,,False,False,False,0.4,0.62,0.37,0.6,15.0,15.0,15.0,False,False,0.37,0.0,0.0,,0,,0.0,0.0
1765925442.1942005,btc-updown-15m-1765925100,1765925100.0,1765926000.0,1765925442.1942005,557.8057994842529,0.28,0.29,0.71,0.72,0.37,0.6,0.97,0.98,STRADDLE_COMPLETE,False,0.0,True,True,False,0.37,0.37,0.6,0.6,,,0.0,,15,15,False,False,240,240,0,0,0,100.0,0.0,,False,False,0,0.05,0.95,0.02,0.030000000000000027,True,True,,False,False,False,0.4,0.62,0.37,0.6,15.0,15.0,15.0,False,False,0.37,0.0,0.0,,0,,0.0,0.0
1765925444.1204321,btc-updown-15m-1765925100,1765925100.0,1765926000.0,1765925444.1204321,555.879567861557,0.29,0.3,0.7,0.71,0.37,0.6,0.97,0.98,STRADDLE_COMPLETE,False,0.0,True,True,False,0.37,0.37,0.6,0.6,,,0.0,,15,15,False,False,240,240,0,0,0,100.0,0.0,,False,False,0,0.05,0.95,0.02,0.030000000000000027,True,True,,False,False,False,0.4,0.62,0.37,0.6,15.0,15.0,15.0,False,False,0.37,0.0,0.0,,0,,0.0,0.0
1765925445.99957,btc-updown-15m-1765925100,1765925100.0,1765926000.0,1765925445.99957,554.0004301071167,0.28,0.3,0.7,0.72,0.37,0.6,0.97,0.98,STRADDLE_COMPLETE,False,0.0,True,True,False,0.37,0.37,0.6,0.6,,,0.0,,15,15,False,False,240,240,0,0,0,100.0,0.0,,False,False,0,0.05,0.95,0.02,0.030000000000000027,True,True,,False,False,False,0.4,0.62,0.37,0.6,15.0,15.0,15.0,False,False,0.37,0.0,0.0,,0,,0.0,0.0
1765925447.9168684,btc-updown-15m-1765925100,1765925100.0,1765926000.0,1765925447.9168684,552.0831315517426,0.28,0.3,0.7,0.72,0.37,0.6,0.97,0.98,STRADDLE_COMPLETE,False,0.0,True,True,False,0.37,0.37,0.6,0.6,,,0.0,,15,15,False,False,240,240,0,0,0,100.0,0.0,,False,False,0,0.05,0.95,0.02,0.030000000000000027,True,True,,False,False,False,0.4,0.62,0.37,0.6,15.0,15.0,15.0,False,False,0.37,0.0,0.0,,0,,0.0,0.0
1765925449.8375208,btc-updown-15m-1765925100,1765925100.0,1765926000.0,1765925449.8375208,550.1624791622162,0.28,0.3,0.7,0.72,0.37,0.6,0.97,0.98,STRADDLE_COMPLETE,False,0.0,True,True,False,0.37,0.37,0.6,0.6,,,0.0,,15,15,False,False,240,240,0,0,0,100.0,0.0,,False,False,0,0.05,0.95,0.02,0.030000000000000027,True,True,,False,False,False,0.4,0.62,0.37,0.6,15.0,15.0,15.0,False,False,0.37,0.0,0.0,,0,,0.0,0.0
1765925451.731056,btc-updown-15m-1765925100,1765925100.0,1765926000.0,1765925451.731056,548.2689440250397,0.28,0.29,0.71,0.72,0.37,0.6,0.97,0.98,STRADDLE_COMPLETE,False,0.0,True,True,False,0.37,0.37,0.6,0.6,,,0.0,,15,15,False,False,240,240,0,0,0,100.0,0.0,,False,False,0,0.05,0.95,0.02,0.030000000000000027,True,True,,False,False,False,0.4,0.62,0.37,0.6,15.0,15.0,15.0,False,False,0.37,0.0,0.0,,0,,0.0,0.0
1765925453.7103863,btc-updown-15m-1765925100,1765925100.0,1765926000.0,1765925453.7103863,546.2896137237549,0.28,0.29,0.72,0.73,0.37,0.6,0.97,0.98,STRADDLE_COMPLETE,False,0.0,True,True,False,0.37,0.37,0.6,0.6,,,0.0,,15,15,False,False,240,240,0,0,0,100.0,0.0,,False,False,0,0.05,0.95,0.02,0.030000000000000027,True,True,,False,False,False,0.4,0.62,0.37,0.6,15.0,15.0,15.0,False,False,0.37,0.0,0.0,,0,,0.0,0.0
1765925455.59401,btc-updown-15m-1765925100,1765925100.0,1765926000.0,1765925455.59401,544.4059898853302,0.27,0.28,0.72,0.73,0.37,0.6,0.97,0.98,STRADDLE_COMPLETE,False,0.0,True,True,False,0.37,0.37,0.6,0.6,,,0.0,,15,15,False,False,240,240,0,0,0,100.0,0.0,,False,False,0,0.05,0.95,0.02,0.030000000000000027,True,True,,False,False,False,0.4,0.62,0.37,0.6,15.0,15.0,15.0,False,False,0.37,0.0,0.0,,0,,0.0,0.0
1765925457.4834461,btc-updown-15m-1765925100,1765925100.0,1765926000.0,1765925457.4834461,542.5165538787842,0.27,0.28,0.72,0.73,0.37,0.6,0.97,0.98,STRADDLE_COMPLETE,False,0.0,True,True,False,0.37,0.37,0.6,0.6,,,0.0,,15,15,False,False,240,240,0,0,0,100.0,0.0,,False,False,0,0.05,0.95,0.02,0.030000000000000027,True,True,,False,False,False,0.4,0.62,0.37,0.6,15.0,15.0,15.0,False,False,0.37,0.0,0.0,,0,,0.0,0.0
1765925459.3983166,btc-updown-15m-1765925100,1765925100.0,1765926000.0,1765925459.3983166,540.6016833782196,0.27,0.28,0.72,0.73,0.37,0.6,0.97,0.98,STRADDLE_COMPLETE,False,0.0,True,True,False,0.37,0.37,0.6,0.6,,,0.0,,15,15,False,False,240,240,0,0,0,100.0,0.0,,False,False,0,0.05,0.95,0.02,0.030000000000000027,True,True,,False,False,False,0.4,0.62,0.37,0.6,15.0,15.0,15.0,False,False,0.37,0.0,0.0,,0,,0.0,0.0
1765925461.2932012,btc-updown-15m-1765925100,1765925100.0,1765926000.0,1765925461.2932012,538.7067987918854,0.27,0.28,0.72,0.73,0.37,0.6,0.97,0.98,STRADDLE_COMPLETE,False,0.0,True,True,False,0.37,0.37,0.6,0.6,,,0.0,,15,15,False,False,240,240,0,0,0,100.0,0.0,,False,False,0,0.05,0.95,0.02,0.030000000000000027,True,True,,False,False,False,0.4,0.62,0.37,0.6,15.0,15.0,15.0,False,False,0.37,0.0,0.0,,0,,0.0,0.0
1765925463.2108033,btc-updown-15m-1765925100,1765925100.0,1765926000.0,1765925463.2108033,536.78919672966,0.27,0.28,0.72,0.73,0.37,0.6,0.97,0.98,STRADDLE_COMPLETE,False,0.0,True,True,False,0.37,0.37,0.6,0.6,,,0.0,,15,15,False,False,240,240,0,0,0,100.0,0.0,,False,False,0,0.05,0.95,0.02,0.030000000000000027,True,True,,False,False,False,0.4,0.62,0.37,0.6,15.0,15.0,15.0,False,False,0.37,0.0,0.0,,0,,0.0,0.0
1765925465.1856818,btc-updown-15m-1765925100,1765925100.0,1765926000.0,1765925465.1856818,534.8143181800842,0.27,0.28,0.72,0.73,0.37,0.6,0.97,0.98,STRADDLE_COMPLETE,False,0.0,True,True,False,0.37,0.37,0.6,0.6,,,0.0,,15,15,False,False,240,240,0,0,0,100.0,0.0,,False,False,0,0.05,0.95,0.02,0.030000000000000027,True,True,,False,False,False,0.4,0.62,0.37,0.6,15.0,15.0,15.0,False,False,0.37,0.0,0.0,,0,,0.0,0.0
1765925467.1210337,btc-updown-15m-1765925100,1765925100.0,1765926000.0,1765925467.1210337,532.8789663314819,0.27,0.28,0.72,0.73,0.37,0.6,0.97,0.98,STRADDLE_COMPLETE,False,0.0,True,True,False,0.37,0.37,0.6,0.6,,,0.0,,15,15,False,False,240,240,0,0,0,100.0,0.0,,False,False,0,0.05,0.95,0.02,0.030000000000000027,True,True,,False,False,False,0.4,0.62,0.37,0.6,15.0,15.0,15.0,False,False,0.37,0.0,0.0,,0,,0.0,0.0
1765925469.0505693,btc-updown-15m-1765925100,1765925100.0,1765926000.0,1765925469.0505693,530.9494307041168,0.27,0.28,0.72,0.73,0.37,0.6,0.97,0.98,STRADDLE_COMPLETE,False,0.0,True,True,False,0.37,0.37,0.6,0.6,,,0.0,,15,15,False,False,240,240,0,0,0,100.0,0.0,,False,False,0,0.05,0.95,0.02,0.030000000000000027,True,True,,False,False,False,0.4,0.62,0.37,0.6,15.0,15.0,15.0,False,False,0.37,0.0,0.0,,0,,0.0,0.0
1765925470.9768102,btc-updown-15m-1765925100,1765925100.0,1765926000.0,1765925470.9768102,529.0231897830963,0.27,0.29,0.72,0.74,0.37,0.6,0.97,0.98,STRADDLE_COMPLETE,False,0.0,True,True,False,0.37,0.37,0.6,0.6,,,0.0,,15,15,False,False,240,240,0,0,0,100.0,0.0,,False,False,0,0.05,0.95,0.02,0.030000000000000027,True,True,,False,False,False,0.4,0.62,0.37,0.6,15.0,15.0,15.0,False,False,0.37,0.0,0.0,,0,,0.0,0.0
1765925472.9485123,btc-updown-15m-1765925100,1765925100.0,1765926000.0,1765925472.9485123,527.0514876842499,0.27,0.28,0.72,0.73,0.37,0.6,0.97,0.98,STRADDLE_COMPLETE,False,0.0,True,True,False,0.37,0.37,0.6,0.6,,,0.0,,15,15,False,False,240,240,0,0,0,100.0,0.0,,False,False,0,0.05,0.95,0.02,0.030000000000000027,True,True,,False,False,False,0.4,0.62,0.37,0.6,15.0,15.0,15.0,False,False,0.37,0.0,0.0,,0,,0.0,0.0
1765925474.904847,btc-updown-15m-1765925100,1765925100.0,1765926000.0,1765925474.904847,525.095153093338,0.27,0.28,0.72,0.73,0.37,0.6,0.97,0.98,STRADDLE_COMPLETE,False,0.0,True,True,False,0.37,0.37,0.6,0.6,,,0.0,,15,15,False,False,240,240,0,0,0,100.0,0.0,,False,False,0,0.05,0.95,0.02,0.030000000000000027,True,True,,False,False,False,0.4,0.62,0.37,0.6,15.0,15.0,15.0,False,False,0.37,0.0,0.0,,0,,0.0,0.0
1765925476.805143,btc-updown-15m-1765925100,1765925100.0,1765926000.0,1765925476.805143,523.1948568820953,0.27,0.28,0.72,0.73,0.37,0.6,0.97,0.98,STRADDLE_COMPLETE,False,0.0,True,True,False,0.37,0.37,0.6,0.6,,,0.0,,15,15,False,False,240,240,0,0,0,100.0,0.0,,False,False,0,0.05,0.95,0.02,0.030000000000000027,True,True,,False,False,False,0.4,0.62,0.37,0.6,15.0,15.0,15.0,False,False,0.37,0.0,0.0,,0,,0.0,0.0
1765925478.6988735,btc-updown-15m-1765925100,1765925100.0,1765926000.0,1765925478.6988735,521.3011264801025,0.27,0.28,0.72,0.73,0.37,0.6,0.97,0.98,STRADDLE_COMPLETE,False,0.0,True,True,False,0.37,0.37,0.6,0.6,,,0.0,,15,15,False,False,240,240,0,0,0,100.0,0.0,,False,False,0,0.05,0.95,0.02,0.030000000000000027,True,True,,False,False,False,0.4,0.62,0.37,0.6,15.0,15.0,15.0,False,False,0.37,0.0,0.0,,0,,0.0,0.0
1765925480.6008668,btc-updown-15m-1765925100,1765925100.0,1765926000.0,1765925480.6008668,519.3991332054138,0.27,0.28,0.72,0.73,0.37,0.6,0.97,0.98,STRADDLE_COMPLETE,False,0.0,True,True,False,0.37,0.37,0.6,0.6,,,0.0,,15,15,False,False,240,240,0,0,0,100.0,0.0,,False,False,0,0.05,0.95,0.02,0.030000000000000027,True,True,,False,False,False,0.4,0.62,0.37,0.6,15.0,15.0,15.0,False,False,0.37,0.0,0.0,,0,,0.0,0.0
1765925482.4917898,btc-updown-15m-1765925100,1765925100.0,1765926000.0,1765925482.4917898,517.5082101821899,0.27,0.28,0.71,0.73,0.37,0.6,0.97,0.98,STRADDLE_COMPLETE,False,0.0,True,True,False,0.37,0.37,0.6,0.6,,,0.0,,15,15,False,False,240,240,0,0,0,100.0,0.0,,False,False,0,0.05,0.95,0.02,0.030000000000000027,True,True,,False,False,False,0.4,0.62,0.37,0.6,15.0,15.0,15.0,False,False,0.37,0.0,0.0,,0,,0.0,0.0
1765925484.540502,btc-updown-15m-1765925100,1765925100.0,1765926000.0,1765925484.540502,515.4594979286194,0.27,0.28,0.72,0.73,0.37,0.6,0.97,0.98,STRADDLE_COMPLETE,False,0.0,True,True,False,0.37,0.37,0.6,0.6,,,0.0,,15,15,False,False,240,240,0,0,0,100.0,0.0,,False,False,0,0.05,0.95,0.02,0.030000000000000027,True,True,,False,False,False,0.4,0.62,0.37,0.6,15.0,15.0,15.0,False,False,0.37,0.0,0.0,,0,,0.0,0.0
1765925486.4396238,btc-updown-15m-1765925100,1765925100.0,1765926000.0,1765925486.4396238,513.5603761672974,0.27,0.29,0.71,0.73,0.37,0.6,0.97,0.98,STRADDLE_COMPLETE,False,0.0,True,True,False,0.37,0.37,0.6,0.6,,,0.0,,15,15,False,False,240,240,0,0,0,100.0,0.0,,False,False,0,0.05,0.95,0.02,0.030000000000000027,True,True,,False,False,False,0.4,0.62,0.37,0.6,15.0,15.0,15.0,False,False,0.37,0.0,0.0,,0,,0.0,0.0
1765925488.3512778,btc-updown-15m-1765925100,1765925100.0,1765926000.0,1765925488.3512778,511.64872217178345,0.26,0.28,0.72,0.74,0.37,0.6,0.97,0.98,STRADDLE_COMPLETE,False,0.0,True,True,False,0.37,0.37,0.6,0.6,,,0.0,,15,15,False,False,240,240,0,0,0,100.0,0.0,,False,False,0,0.05,0.95,0.02,0.030000000000000027,True,True,,False,False,False,0.4,0.62,0.37,0.6,15.0,15.0,15.0,False,False,0.37,0.0,0.0,,0,,0.0,0.0
1765925490.2957442,btc-updown-15m-1765925100,1765925100.0,1765926000.0,1765925490.2957442,509.7042558193207,0.26,0.28,0.72,0.74,0.37,0.6,0.97,0.98,STRADDLE_COMPLETE,False,0.0,True,True,False,0.37,0.37,0.6,0.6,,,0.0,,15,15,False,False,240,240,0,0,0,100.0,0.0,,False,False,0,0.05,0.95,0.02,0.030000000000000027,True,True,,False,False,False,0.4,0.62,0.37,0.6,15.0,15.0,15.0,False,False,0.37,0.0,0.0,,0,,0.0,0.0
1765925492.1841156,btc-updown-15m-1765925100,1765925100.0,1765926000.0,1765925492.1841156,507.81588435173035,0.26,0.27,0.72,0.74,0.37,0.6,0.97,0.98,STRADDLE_COMPLETE,False,0.0,True,True,False,0.37,0.37,0.6,0.6,,,0.0,,15,15,False,False,240,240,0,0,0,100.0,0.0,,False,False,0,0.05,0.95,0.02,0.030000000000000027,True,True,,False,False,False,0.4,0.62,0.37,0.6,15.0,15.0,15.0,False,False,0.37,0.0,0.0,,0,,0.0,0.0
1765925494.0943434,btc-updown-15m-1765925100,1765925100.0,1765926000.0,1765925494.0943434,505.9056565761566,0.26,0.27,0.73,0.74,0.37,0.6,0.97,0.98,STRADDLE_COMPLETE,False,0.0,True,True,False,0.37,0.37,0.6,0.6,,,0.0,,15,15,False,False,240,240,0,0,0,100.0,0.0,,False,False,0,0.05,0.95,0.02,0.030000000000000027,True,True,,False,False,False,0.4,0.62,0.37,0.6,15.0,15.0,15.0,False,False,0.37,0.0,0.0,,0,,0.0,0.0
1765925495.9878154,btc-updown-15m-1765925100,1765925100.0,1765926000.0,1765925495.9878154,504.01218461990356,0.26,0.27,0.72,0.74,0.37,0.6,0.97,0.98,STRADDLE_COMPLETE,False,0.0,True,True,False,0.37,0.37,0.6,0.6,,,0.0,,15,15,False,False,240,240,0,0,0,100.0,0.0,,False,False,0,0.05,0.95,0.02,0.030000000000000027,True,True,,False,False,False,0.4,0.62,0.37,0.6,15.0,15.0,15.0,False,False,0.37,0.0,0.0,,0,,0.0,0.0
1765925497.8910844,btc-updown-15m-1765925100,1765925100.0,1765926000.0,1765925497.8910844,502.10891556739807,0.27,0.28,0.72,0.73,0.37,0.6,0.97,0.98,STRADDLE_COMPLETE,False,0.0,True,True,False,0.37,0.37,0.6,0.6,,,0.0,,15,15,False,False,240,240,0,0,0,100.0,0.0,,False,False,0,0.05,0.95,0.02,0.030000000000000027,True,True,,False,False,False,0.4,0.62,0.37,0.6,15.0,15.0,15.0,False,False,0.37,0.0,0.0,,0,,0.0,0.0
1765925499.8056219,btc-updown-15m-1765925100,1765925100.0,1765926000.0,1765925499.8056219,500.1943781375885,0.27,0.28,0.72,0.73,0.37,0.6,0.97,0.98,STRADDLE_COMPLETE,False,0.0,True,True,False,0.37,0.37,0.6,0.6,,,0.0,,15,15,False,False,240,240,0,0,0,100.0,0.0,,False,False,0,0.05,0.95,0.02,0.030000000000000027,True,True,,False,False,False,0.4,0.62,0.37,0.6,15.0,15.0,15.0,False,False,0.37,0.0,0.0,,0,,0.0,0.0
1765925501.7073238,btc-updown-15m-1765925100,1765925100.0,1765926000.0,1765925501.7073238,498.29267621040344,0.27,0.28,0.72,0.73,0.37,0.6,0.97,0.98,STRADDLE_COMPLETE,False,0.0,True,True,False,0.37,0.37,0.6,0.6,,,0.0,,15,15,False,False,240,240,0,0,0,100.0,0.0,,False,False,0,0.05,0.95,0.02,0.030000000000000027,True,True,,False,False,False,0.4,0.62,0.37,0.6,15.0,15.0,15.0,False,False,0.37,0.0,0.0,,0,,0.0,0.0
1765925503.5872374,btc-updown-15m-1765925100,1765925100.0,1765926000.0,1765925503.5872374,496.41276264190674,0.27,0.28,0.72,0.73,0.37,0.6,0.97,0.98,STRADDLE_COMPLETE,False,0.0,True,True,False,0.37,0.37,0.6,0.6,,,0.0,,15,15,False,False,240,240,0,0,0,100.0,0.0,,False,False,0,0.05,0.95,0.02,0.030000000000000027,True,True,,False,False,False,0.4,0.62,0.37,0.6,15.0,15.0,15.0,False,False,0.37,0.0,0.0,,0,,0.0,0.0
1765925505.4538748,btc-updown-15m-1765925100,1765925100.0,1765926000.0,1765925505.4538748,494.5461251735687,0.27,0.28,0.72,0.73,0.37,0.6,0.97,0.98,STRADDLE_COMPLETE,False,0.0,True,True,False,0.37,0.37,0.6,0.6,,,0.0,,15,15,False,False,240,240,0,0,0,100.0,0.0,,False,False,0,0.05,0.95,0.02,0.030000000000000027,True,True,,False,False,False,0.4,0.62,0.37,0.6,15.0,15.0,15.0,False,False,0.37,0.0,0.0,,0,,0.0,0.0
1765925507.3479528,btc-updown-15m-1765925100,1765925100.0,1765926000.0,1765925507.3479528,492.6520471572876,0.27,0.28,0.72,0.73,0.37,0.6,0.97,0.98,STRADDLE_COMPLETE,False,0.0,True,True,False,0.37,0.37,0.6,0.6,,,0.0,,15,15,False,False,240,240,0,0,0,100.0,0.0,,False,False,0,0.05,0.95,0.02,0.030000000000000027,True,True,,False,False,False,0.4,0.62,0.37,0.6,15.0,15.0,15.0,False,False,0.37,0.0,0.0,,0,,0.0,0.0
1765925509.266967,btc-updown-15m-1765925100,1765925100.0,1765926000.0,1765925509.266967,490.73303294181824,0.27,0.28,0.72,0.73,0.37,0.6,0.97,0.98,STRADDLE_COMPLETE,False,0.0,True,True,False,0.37,0.37,0.6,0.6,,,0.0,,15,15,False,False,240,240,0,0,0,100.0,0.0,,False,False,0,0.05,0.95,0.02,0.030000000000000027,True,True,,False,False,False,0.4,0.62,0.37,0.6,15.0,15.0,15.0,False,False,0.37,0.0,0.0,,0,,0.0,0.0
1765925511.2061572,btc-updown-15m-1765925100,1765925100.0,1765926000.0,1765925511.2061572,488.793842792511,0.27,0.28,0.72,0.73,0.37,0.6,0.97,0.98,STRADDLE_COMPLETE,False,0.0,True,True,False,0.37,0.37,0.6,0.6,,,0.0,,15,15,False,False,240,240,0,0,0,100.0,0.0,,False,False,0,0.05,0.95,0.02,0.030000000000000027,True,True,,False,False,False,0.4,0.62,0.37,0.6,15.0,15.0,15.0,False,False,0.37,0.0,0.0,,0,,0.0,0.0
1765925513.1120195,btc-updown-15m-1765925100,1765925100.0,1765926000.0,1765925513.1120195,486.8879804611206,0.27,0.28,0.72,0.73,0.37,0.6,0.97,0.98,STRADDLE_COMPLETE,False,0.0,True,True,False,0.37,0.37,0.6,0.6,,,0.0,,15,15,False,False,240,240,0,0,0,100.0,0.0,,False,False,0,0.05,0.95,0.02,0.030000000000000027,True,True,,False,False,False,0.4,0.62,0.37,0.6,15.0,15.0,15.0,False,False,0.37,0.0,0.0,,0,,0.0,0.0
1765925515.1325994,btc-updown-15m-1765925100,1765925100.0,1765926000.0,1765925515.1325994,484.8674006462097,0.27,0.28,0.72,0.73,0.37,0.6,0.97,0.98,STRADDLE_COMPLETE,False,0.0,True,True,False,0.37,0.37,0.6,0.6,,,0.0,,15,15,False,False,240,240,0,0,0,100.0,0.0,,False,False,0,0.05,0.95,0.02,0.030000000000000027,True,True,,False,False,False,0.4,0.62,0.37,0.6,15.0,15.0,15.0,False,False,0.37,0.0,0.0,,0,,0.0,0.0
1765925517.034369,btc-updown-15m-1765925100,1765925100.0,1765926000.0,1765925517.034369,482.9656310081482,0.27,0.28,0.72,0.73,0.37,0.6,0.97,0.98,STRADDLE_COMPLETE,False,0.0,True,True,False,0.37,0.37,0.6,0.6,,,0.0,,15,15,False,False,240,240,0,0,0,100.0,0.0,,False,False,0,0.05,0.95,0.02,0.030000000000000027,True,True,,False,False,False,0.4,0.62,0.37,0.6,15.0,15.0,15.0,False,False,0.37,0.0,0.0,,0,,0.0,0.0
1765925518.9364784,btc-updown-15m-1765925100,1765925100.0,1765926000.0,1765925518.9364784,481.06352162361145,0.27,0.28,0.72,0.73,0.37,0.6,0.97,0.98,STRADDLE_COMPLETE,False,0.0,True,True,False,0.37,0.37,0.6,0.6,,,0.0,,15,15,False,False,240,240,0,0,0,100.0,0.0,,False,False,0,0.05,0.95,0.02,0.030000000000000027,True,True,,False,False,False,0.4,0.62,0.37,0.6,15.0,15.0,15.0,False,False,0.37,0.0,0.0,,0,,0.0,0.0
1765925520.841258,btc-updown-15m-1765925100,1765925100.0,1765926000.0,1765925520.841258,479.15874195098877,0.31,0.32,0.67,0.69,0.37,0.6,0.97,0.98,STRADDLE_COMPLETE,False,0.0,True,True,False,0.37,0.37,0.6,0.6,,,0.0,,15,15,False,False,240,240,0,0,0,100.0,0.0,,False,False,0,0.05,0.95,0.02,0.030000000000000027,True,True,,False,False,False,0.4,0.62,0.37,0.6,15.0,15.0,15.0,False,False,0.37,0.0,0.0,,0,,0.0,0.0
1765925522.7750437,btc-updown-15m-1765925100,1765925100.0,1765926000.0,1765925522.7750437,477.2249562740326,0.33,0.35,0.65,0.66,0.37,0.6,0.97,0.98,STRADDLE_COMPLETE,False,0.0,True,True,False,0.37,0.37,0.6,0.6,,,0.0,,15,15,False,False,240,240,0,0,0,100.0,0.0,,False,False,0,0.05,0.95,0.02,0.030000000000000027,True,True,,False,False,False,0.4,0.62,0.37,0.6,15.0,15.0,15.0,False,False,0.37,0.0,0.0,,0,,0.0,0.0
1765925524.692105,btc-updown-15m-1765925100,1765925100.0,1765926000.0,1765925524.692105,475.30789494514465,0.33,0.34,0.66,0.67,0.37,0.6,0.97,0.98,STRADDLE_COMPLETE,False,0.0,True,True,False,0.37,0.37,0.6,0.6,,,0.0,,15,15,False,False,240,240,0,0,0,100.0,0.0,,False,False,0,0.05,0.95,0.02,0.030000000000000027,True,True,,False,False,False,0.4,0.62,0.37,0.6,15.0,15.0,15.0,False,False,0.37,0.0,0.0,,0,,0.0,0.0
1765925526.6128922,btc-updown-15m-1765925100,1765925100.0,1765926000.0,1765925526.6128922,473.3871078491211,0.34,0.35,0.64,0.66,0.37,0.6,0.97,0.98,STRADDLE_COMPLETE,False,0.0,True,True,False,0.37,0.37,0.6,0.6,,,0.0,,15,15,False,False,240,240,0,0,0,100.0,0.0,,False,False,0,0.05,0.95,0.02,0.030000000000000027,True,True,,False,False,False,0.4,0.62,0.37,0.6,15.0,15.0,15.0,False,False,0.37,0.0,0.0,,0,,0.0,0.0
1765925528.519001,btc-updown-15m-1765925100,1765925100.0,1765926000.0,1765925528.519001,471.4809989929199,0.36,0.37,0.63,0.64,0.37,0.6,0.97,0.98,STRADDLE_COMPLETE,False,0.0,True,True,False,0.37,0.37,0.6,0.6,,,0.0,,15,15,False,False,240,240,0,0,0,100.0,0.0,,False,False,0,0.05,0.95,0.02,0.030000000000000027,True,True,,False,False,False,0.4,0.62,0.37,0.6,15.0,15.0,15.0,False,False,0.37,0.0,0.0,,0,,0.0,0.0
1765925530.4409962,btc-updown-15m-1765925100,1765925100.0,1765926000.0,1765925530.4409962,469.55900382995605,0.37,0.38,0.62,0.63,0.37,0.6,0.97,0.98,STRADDLE_COMPLETE,False,0.0,True,True,False,0.37,0.37,0.6,0.6,,,0.0,,15,15,False,False,240,240,0,0,0,100.0,0.0,,False,False,0,0.05,0.95,0.02,0.030000000000000027,True,True,,False,False,False,0.4,0.62,0.37,0.6,15.0,15.0,15.0,False,False,0.37,0.0,0.0,,0,,0.0,0.0
1765925532.3577626,btc-updown-15m-1765925100,1765925100.0,1765926000.0,1765925532.3577626,467.64223742485046,0.37,0.38,0.62,0.63,0.37,0.6,0.97,0.98,STRADDLE_COMPLETE,False,0.0,True,True,False,0.37,0.37,0.6,0.6,,,0.0,,15,15,False,False,240,240,0,0,0,100.0,0.0,,False,False,0,0.05,0.95,0.02,0.030000000000000027,True,True,,False,False,False,0.4,0.62,0.37,0.6,15.0,15.0,15.0,False,False,0.37,0.0,0.0,,0,,0.0,0.0
1765925534.2619202,btc-updown-15m-1765925100,1765925100.0,1765926000.0,1765925534.2619202,465.73807978630066,0.38,0.39,0.61,0.62,0.37,0.6,0.97,0.98,STRADDLE_COMPLETE,False,0.0,True,True,False,0.37,0.37,0.6,0.6,,,0.0,,15,15,False,False,240,240,0,0,0,100.0,0.0,,False,False,0,0.05,0.95,0.02,0.030000000000000027,True,True,,False,False,False,0.4,0.62,0.37,0.6,15.0,15.0,15.0,False,False,0.37,0.0,0.0,,0,,0.0,0.0
1765925536.174346,btc-updown-15m-1765925100,1765925100.0,1765926000.0,1765925536.174346,463.8256540298462,0.38,0.39,0.61,0.62,0.37,0.6,0.97,0.98,STRADDLE_COMPLETE,False,0.0,True,True,False,0.37,0.37,0.6,0.6,,,0.0,,15,15,False,False,240,240,0,0,0,100.0,0.0,,False,False,0,0.05,0.95,0.02,0.030000000000000027,True,True,,False,False,False,0.4,0.62,0.37,0.6,15.0,15.0,15.0,False,False,0.37,0.0,0.0,,0,,0.0,0.0
1765925538.062901,btc-updown-15m-1765925100,1765925100.0,1765926000.0,1765925538.062901,461.93709897994995,0.38,0.39,0.61,0.62,0.37,0.6,0.97,0.98,STRADDLE_COMPLETE,False,0.0,True,True,False,0.37,0.37,0.6,0.6,,,0.0,,15,15,False,False,240,240,0,0,0,100.0,0.0,,False,False,0,0.05,0.95,0.02,0.030000000000000027,True,True,,False,False,False,0.4,0.62,0.37,0.6,15.0,15.0,15.0,False,False,0.37,0.0,0.0,,0,,0.0,0.0
1765925539.9584491,btc-updown-15m-1765925100,1765925100.0,1765926000.0,1765925539.9584491,460.0415508747101,0.38,0.39,0.61,0.62,0.37,0.6,0.97,0.98,STRADDLE_COMPLETE,False,0.0,True,True,False,0.37,0.37,0.6,0.6,,,0.0,,15,15,False,False,240,240,0,0,0,100.0,0.0,,False,False,0,0.05,0.95,0.02,0.030000000000000027,True,True,,False,False,False,0.4,0.62,0.37,0.6,15.0,15.0,15.0,False,False,0.37,0.0,0.0,,0,,0.0,0.0
1765925541.8390212,btc-updown-15m-1765925100,1765925100.0,1765926000.0,1765925541.8390212,458.1609787940979,0.38,0.39,0.61,0.62,0.37,0.6,0.97,0.98,STRADDLE_COMPLETE,False,0.0,True,True,False,0.37,0.37,0.6,0.6,,,0.0,,15,15,False,False,240,240,0,0,0,100.0,0.0,,False,False,0,0.05,0.95,0.02,0.030000000000000027,True,True,,False,False,False,0.4,0.62,0.37,0.6,15.0,15.0,15.0,False,False,0.37,0.0,0.0,,0,,0.0,0.0
1765925543.7195241,btc-updown-15m-1765925100,1765925100.0,1765926000.0,1765925543.7195241,456.28047585487366,0.38,0.39,0.61,0.62,0.37,0.6,0.97,0.98,STRADDLE_COMPLETE,False,0.0,True,True,False,0.37,0.37,0.6,0.6,,,0.0,,15,15,False,False,240,240,0,0,0,100.0,0.0,,False,False,0,0.05,0.95,0.02,0.030000000000000027,True,True,,False,False,False,0.4,0.62,0.37,0.6,15.0,15.0,15.0,False,False,0.37,0.0,0.0,,0,,0.0,0.0
1765925545.6130874,btc-updown-15m-1765925100,1765925100.0,1765926000.0,1765925545.6130874,454.3869125843048,0.38,0.39,0.61,0.62,0.37,0.6,0.97,0.98,STRADDLE_COMPLETE,False,0.0,True,True,False,0.37,0.37,0.6,0.6,,,0.0,,15,15,False,False,240,240,0,0,0,100.0,0.0,,False,False,0,0.05,0.95,0.02,0.030000000000000027,True,True,,False,False,False,0.4,0.62,0.37,0.6,15.0,15.0,15.0,False,False,0.37,0.0,0.0,,0,,0.0,0.0
1765925547.527621,btc-updown-15m-1765925100,1765925100.0,1765926000.0,1765925547.527621,452.4723789691925,0.38,0.39,0.61,0.63,0.37,0.6,0.97,0.98,STRADDLE_COMPLETE,False,0.0,True,True,False,0.37,0.37,0.6,0.6,,,0.0,,15,15,False,False,240,240,0,0,0,100.0,0.0,,False,False,0,0.05,0.95,0.02,0.030000000000000027,True,True,,False,False,False,0.4,0.62,0.37,0.6,15.0,15.0,15.0,False,False,0.37,0.0,0.0,,0,,0.0,0.0
1765925549.46661,btc-updown-15m-1765925100,1765925100.0,1765926000.0,1765925549.46661,450.533390045166,0.39,0.4,0.6,0.61,0.37,0.6,0.97,0.98,STRADDLE_COMPLETE,False,0.0,True,True,False,0.37,0.37,0.6,0.6,,,0.0,,15,15,False,False,240,240,0,0,0,100.0,0.0,,False,False,0,0.05,0.95,0.02,0.030000000000000027,True,True,,False,False,False,0.4,0.62,0.37,0.6,15.0,15.0,15.0,False,False,0.37,0.0,0.0,,0,,0.0,0.0
1765925551.3790321,btc-updown-15m-1765925100,1765925100.0,1765926000.0,1765925551.3790321,448.62096786499023,0.39,0.4,0.6,0.61,0.37,0.6,0.97,0.98,STRADDLE_COMPLETE,False,0.0,True,True,False,0.37,0.37,0.6,0.6,,,0.0,,15,15,False,False,240,240,0,0,0,100.0,0.0,,False,False,0,0.05,0.95,0.02,0.030000000000000027,True,True,,False,False,False,0.4,0.62,0.37,0.6,15.0,15.0,15.0,False,False,0.37,0.0,0.0,,0,,0.0,0.0
1765925553.2646146,btc-updown-15m-1765925100,1765925100.0,1765926000.0,1765925553.2646146,446.73538541793823,0.38,0.39,0.61,0.62,0.37,0.6,0.97,0.98,STRADDLE_COMPLETE,False,0.0,True,True,False,0.37,0.37,0.6,0.6,,,0.0,,15,15,False,False,240,240,0,0,0,100.0,0.0,,False,False,0,0.05,0.95,0.02,0.030000000000000027,True,True,,False,False,False,0.4,0.62,0.37,0.6,15.0,15.0,15.0,False,False,0.37,0.0,0.0,,0,,0.0,0.0
1765925555.1703634,btc-updown-15m-1765925100,1765925100.0,1765926000.0,1765925555.1703634,444.8296365737915,0.39,0.4,0.6,0.62,0.37,0.6,0.97,0.98,STRADDLE_COMPLETE,False,0.0,True,True,False,0.37,0.37,0.6,0.6,,,0.0,,15,15,False,False,240,240,0,0,0,100.0,0.0,,False,False,0,0.05,0.95,0.02,0.030000000000000027,True,True,,False,False,False,0.4,0.62,0.37,0.6,15.0,15.0,15.0,False,False,0.37,0.0,0.0,,0,,0.0,0.0
1765925557.066717,btc-updown-15m-1765925100,1765925100.0,1765926000.0,1765925557.066717,442.93328309059143,0.39,0.4,0.6,0.61,0.37,0.6,0.97,0.98,STRADDLE_COMPLETE,False,0.0,True,True,False,0.37,0.37,0.6,0.6,,,0.0,,15,15,False,False,240,240,0,0,0,100.0,0.0,,False,False,0,0.05,0.95,0.02,0.030000000000000027,True,True,,False,False,False,0.4,0.62,0.37,0.6,15.0,15.0,15.0,False,False,0.37,0.0,0.0,,0,,0.0,0.0
1765925558.9741428,btc-updown-15m-1765925100,1765925100.0,1765926000.0,1765925558.9741428,441.0258572101593,0.39,0.4,0.6,0.61,0.37,0.6,0.97,0.98,STRADDLE_COMPLETE,False,0.0,True,True,False,0.37,0.37,0.6,0.6,,,0.0,,15,15,False,False,240,240,0,0,0,100.0,0.0,,False,False,0,0.05,0.95,0.02,0.030000000000000027,True,True,,False,False,False,0.4,0.62,0.37,0.6,15.0,15.0,15.0,False,False,0.37,0.0,0.0,,0,,0.0,0.0
1765925560.860107,btc-updown-15m-1765925100,1765925100.0,1765926000.0,1765925560.860107,439.13989305496216,0.39,0.4,0.6,0.61,0.37,0.6,0.97,0.98,STRADDLE_COMPLETE,False,0.0,True,True,False,0.37,0.37,0.6,0.6,,,0.0,,15,15,False,False,240,240,0,0,0,100.0,0.0,,False,False,0,0.05,0.95,0.02,0.030000000000000027,True,True,,False,False,False,0.4,0.62,0.37,0.6,15.0,15.0,15.0,False,False,0.37,0.0,0.0,,0,,0.0,0.0
1765925562.7449994,btc-updown-15m-1765925100,1765925100.0,1765926000.0,1765925562.7449994,437.2550005912781,0.39,0.4,0.6,0.61,0.37,0.6,0.97,0.98,STRADDLE_COMPLETE,False,0.0,True,True,False,0.37,0.37,0.6,0.6,,,0.0,,15,15,False,False,240,240,0,0,0,100.0,0.0,,False,False,0,0.05,0.95,0.02,0.030000000000000027,True,True,,False,False,False,0.4,0.62,0.37,0.6,15.0,15.0,15.0,False,False,0.37,0.0,0.0,,0,,0.0,0.0
1765925564.7229342,btc-updown-15m-1765925100,1765925100.0,1765926000.0,1765925564.7229342,435.27706575393677,0.39,0.4,0.6,0.61,0.37,0.6,0.97,0.98,STRADDLE_COMPLETE,False,0.0,True,True,False,0.37,0.37,0.6,0.6,,,0.0,,15,15,False,False,240,240,0,0,0,100.0,0.0,,False,False,0,0.05,0.95,0.02,0.030000000000000027,True,True,,False,False,False,0.4,0.62,0.37,0.6,15.0,15.0,15.0,False,False,0.37,0.0,0.0,,0,,0.0,0.0
1765925566.697183,btc-updown-15m-1765925100,1765925100.0,1765926000.0,1765925566.697183,433.30281710624695,0.38,0.4,0.6,0.62,0.37,0.6,0.97,0.98,STRADDLE_COMPLETE,False,0.0,True,True,False,0.37,0.37,0.6,0.6,,,0.0,,15,15,False,False,240,240,0,0,0,100.0,0.0,,False,False,0,0.05,0.95,0.02,0.030000000000000027,True,True,,False,False,False,0.4,0.62,0.37,0.6,15.0,15.0,15.0,False,False,0.37,0.0,0.0,,0,,0.0,0.0
1765925568.6508274,btc-updown-15m-1765925100,1765925100.0,1765926000.0,1765925568.6508274,431.3491725921631,0.38,0.39,0.61,0.62,0.37,0.6,0.97,0.98,STRADDLE_COMPLETE,False,0.0,True,True,False,0.37,0.37,0.6,0.6,,,0.0,,15,15,False,False,240,240,0,0,0,100.0,0.0,,False,False,0,0.05,0.95,0.02,0.030000000000000027,True,True,,False,False,False,0.4,0.62,0.37,0.6,15.0,15.0,15.0,False,False,0.37,0.0,0.0,,0,,0.0,0.0
1765925570.5606022,btc-updown-15m-1765925100,1765925100.0,1765926000.0,1765925570.5606022,429.43939781188965,0.38,0.39,0.61,0.62,0.37,0.6,0.97,0.98,STRADDLE_COMPLETE,False,0.0,True,True,False,0.37,0.37,0.6,0.6,,,0.0,,15,15,False,False,240,240,0,0,0,100.0,0.0,,False,False,0,0.05,0.95,0.02,0.030000000000000027,True,True,,False,False,False,0.4,0.62,0.37,0.6,15.0,15.0,15.0,False,False,0.37,0.0,0.0,,0,,0.0,0.0
1765925572.4818456,btc-updown-15m-1765925100,1765925100.0,1765926000.0,1765925572.4818456,427.5181543827057,0.38,0.39,0.61,0.62,0.37,0.6,0.97,0.98,STRADDLE_COMPLETE,False,0.0,True,True,False,0.37,0.37,0.6,0.6,,,0.0,,15,15,False,False,240,240,0,0,0,100.0,0.0,,False,False,0,0.05,0.95,0.02,0.030000000000000027,True,True,,False,False,False,0.4,0.62,0.37,0.6,15.0,15.0,15.0,False,False,0.37,0.0,0.0,,0,,0.0,0.0
1765925574.3689961,btc-updown-15m-1765925100,1765925100.0,1765926000.0,1765925574.3689961,425.63100385665894,0.38,0.39,0.61,0.62,0.37,0.6,0.97,0.98,STRADDLE_COMPLETE,False,0.0,True,True,False,0.37,0.37,0.6,0.6,,,0.0,,15,15,False,False,240,240,0,0,0,100.0,0.0,,False,False,0,0.05,0.95,0.02,0.030000000000000027,True,True,,False,False,False,0.4,0.62,0.37,0.6,15.0,15.0,15.0,False,False,0.37,0.0,0.0,,0,,0.0,0.0
1765925576.2688158,btc-updown-15m-1765925100,1765925100.0,1765926000.0,1765925576.2688158,423.7311842441559,0.38,0.39,0.61,0.62,0.37,0.6,0.97,0.98,STRADDLE_COMPLETE,False,0.0,True,True,False,0.37,0.37,0.6,0.6,,,0.0,,15,15,False,False,240,240,0,0,0,100.0,0.0,,False,False,0,0.05,0.95,0.02,0.030000000000000027,True,True,,False,False,False,0.4,0.62,0.37,0.6,15.0,15.0,15.0,False,False,0.37,0.0,0.0,,0,,0.0,0.0
1765925578.1796756,btc-updown-15m-1765925100,1765925100.0,1765926000.0,1765925578.1796756,421.82032442092896,0.38,0.39,0.61,0.62,0.37,0.6,0.97,0.98,STRADDLE_COMPLETE,False,0.0,True,True,False,0.37,0.37,0.6,0.6,,,0.0,,15,15,False,False,240,240,0,0,0,100.0,0.0,,False,False,0,0.05,0.95,0.02,0.030000000000000027,True,True,,False,False,False,0.4,0.62,0.37,0.6,15.0,15.0,15.0,False,False,0.37,0.0,0.0,,0,,0.0,0.0
1765925580.0891654,btc-updown-15m-1765925100,1765925100.0,1765926000.0,1765925580.0891654,419.91083455085754,0.38,0.39,0.61,0.62,0.37,0.6,0.97,0.98,STRADDLE_COMPLETE,False,0.0,True,True,False,0.37,0.37,0.6,0.6,,,0.0,,15,15,False,False,240,240,0,0,0,100.0,0.0,,False,False,0,0.05,0.95,0.02,0.030000000000000027,True,True,,False,False,False,0.4,0.62,0.37,0.6,15.0,15.0,15.0,False,False,0.37,0.0,0.0,,0,,0.0,0.0
1765925581.9903972,btc-updown-15m-1765925100,1765925100.0,1765926000.0,1765925581.9903972,418.0096027851105,0.38,0.39,0.61,0.62,0.37,0.6,0.97,0.98,STRADDLE_COMPLETE,False,0.0,True,True,False,0.37,0.37,0.6,0.6,,,0.0,,15,15,False,False,240,240,0,0,0,100.0,0.0,,False,False,0,0.05,0.95,0.02,0.030000000000000027,True,True,,False,False,False,0.4,0.62,0.37,0.6,15.0,15.0,15.0,False,False,0.37,0.0,0.0,,0,,0.0,0.0
1765925583.9228582,btc-updown-15m-1765925100,1765925100.0,1765926000.0,1765925583.9228582,416.0771417617798,0.38,0.39,0.61,0.62,0.37,0.6,0.97,0.98,STRADDLE_COMPLETE,False,0.0,True,True,False,0.37,0.37,0.6,0.6,,,0.0,,15,15,False,False,240,240,0,0,0,100.0,0.0,,False,False,0,0.05,0.95,0.02,0.030000000000000027,True,True,,False,False,False,0.4,0.62,0.37,0.6,15.0,15.0,15.0,False,False,0.37,0.0,0.0,,0,,0.0,0.0
1765925585.805043,btc-updown-15m-1765925100,1765925100.0,1765926000.0,1765925585.805043,414.19495701789856,0.38,0.39,0.61,0.62,0.37,0.6,0.97,0.98,STRADDLE_COMPLETE,False,0.0,True,True,False,0.37,0.37,0.6,0.6,,,0.0,,15,15,False,False,240,240,0,0,0,100.0,0.0,,False,False,0,0.05,0.95,0.02,0.030000000000000027,True,True,,False,False,False,0.4,0.62,0.37,0.6,15.0,15.0,15.0,False,False,0.37,0.0,0.0,,0,,0.0,0.0
1765925587.7181606,btc-updown-15m-1765925100,1765925100.0,1765926000.0,1765925587.7181606,412.28183937072754,0.39,0.4,0.6,0.61,0.37,0.6,0.97,0.98,STRADDLE_COMPLETE,False,0.0,True,True,False,0.37,0.37,0.6,0.6,,,0.0,,15,15,False,False,240,240,0,0,0,100.0,0.0,,False,False,0,0.05,0.95,0.02,0.030000000000000027,True,True,,False,False,False,0.4,0.62,0.37,0.6,15.0,15.0,15.0,False,False,0.37,0.0,0.0,,0,,0.0,0.0
1765925589.639894,btc-updown-15m-1765925100,1765925100.0,1765926000.0,1765925589.639894,410.3601059913635,0.39,0.4,0.6,0.61,0.37,0.6,0.97,0.98,STRADDLE_COMPLETE,False,0.0,True,True,False,0.37,0.37,0.6,0.6,,,0.0,,15,15,False,False,240,240,0,0,0,100.0,0.0,,False,False,0,0.05,0.95,0.02,0.030000000000000027,True,True,,False,False,False,0.4,0.62,0.37,0.6,15.0,15.0,15.0,False,False,0.37,0.0,0.0,,0,,0.0,0.0
1765925591.5456266,btc-updown-15m-1765925100,1765925100.0,1765926000.0,1765925591.5456266,408.4543733596802,0.39,0.41,0.59,0.61,0.37,0.6,0.97,0.98,STRADDLE_COMPLETE,False,0.0,True,True,False,0.37,0.37,0.6,0.6,,,0.0,,15,15,False,False,240,240,0,0,0,100.0,0.0,,False,False,0,0.05,0.95,0.02,0.030000000000000027,True,True,,False,False,False,0.4,0.62,0.37,0.6,15.0,15.0,15.0,False,False,0.37,0.0,0.0,,0,,0.0,0.0
1765925593.440845,btc-updown-15m-1765925100,1765925100.0,1765926000.0,1765925593.440845,406.5591549873352,0.39,0.41,0.59,0.61,0.37,0.6,0.97,0.98,STRADDLE_COMPLETE,False,0.0,True,True,False,0.37,0.37,0.6,0.6,,,0.0,,15,15,False,False,240,240,0,0,0,100.0,0.0,,False,False,0,0.05,0.95,0.02,0.030000000000000027,True,True,,False,False,False,0.4,0.62,0.37,0.6,15.0,15.0,15.0,False,False,0.37,0.0,0.0,,0,,0.0,0.0
1765925595.3373773,btc-updown-15m-1765925100,1765925100.0,1765926000.0,1765925595.3373773,404.6626226902008,0.4,0.41,0.59,0.6,0.37,0.6,0.97,0.98,STRADDLE_COMPLETE,False,0.0,True,True,False,0.37,0.37,0.6,0.6,,,0.0,,15,15,False,False,240,240,0,0,0,100.0,0.0,,False,False,0,0.05,0.95,0.02,0.030000000000000027,True,True,,False,False,False,0.4,0.62,0.37,0.6,15.0,15.0,15.0,False,False,0.37,0.0,0.0,,0,,0.0,0.0
1765925597.2737577,btc-updown-15m-1765925100,1765925100.0,1765926000.0,1765925597.2737577,402.72624230384827,0.4,0.41,0.6,0.61,0.37,0.6,0.97,0.98,STRADDLE_COMPLETE,False,0.0,True,True,False,0.37,0.37,0.6,0.6,,,0.0,,15,15,False,False,240,240,0,0,0,100.0,0.0,,False,False,0,0.05,0.95,0.02,0.030000000000000027,True,True,,False,False,False,0.4,0.62,0.37,0.6,15.0,15.0,15.0,False,False,0.37,0.0,0.0,,0,,0.0,0.0
1765925599.1587543,btc-updown-15m-1765925100,1765925100.0,1765926000.0,1765925599.1587543,400.8412456512451,0.4,0.41,0.59,0.6,0.37,0.6,0.97,0.98,STRADDLE_COMPLETE,False,0.0,True,True,False,0.37,0.37,0.6,0.6,,,0.0,,15,15,False,False,240,240,0,0,0,100.0,0.0,,False,False,0,0.05,0.95,0.02,0.030000000000000027,True,True,,False,False,False,0.4,0.62,0.37,0.6,15.0,15.0,15.0,False,False,0.37,0.0,0.0,,0,,0.0,0.0
1765925601.112284,btc-updown-15m-1765925100,1765925100.0,1765926000.0,1765925601.112284,398.8877160549164,0.4,0.41,0.59,0.6,0.37,0.6,0.97,0.98,STRADDLE_COMPLETE,False,0.0,True,True,False,0.37,0.37,0.6,0.6,,,0.0,,15,15,False,False,240,240,0,0,0,100.0,0.0,,False,False,0,0.05,0.95,0.02,0.030000000000000027,True,True,,False,False,False,0.4,0.62,0.37,0.6,15.0,15.0,15.0,False,False,0.37,0.0,0.0,,0,,0.0,0.0
1765925603.0025508,btc-updown-15m-1765925100,1765925100.0,1765926000.0,1765925603.0025508,396.9974491596222,0.4,0.41,0.59,0.6,0.37,0.6,0.97,0.98,STRADDLE_COMPLETE,False,0.0,True,True,False,0.37,0.37,0.6,0.6,,,0.0,,15,15,False,False,240,240,0,0,0,100.0,0.0,,False,False,0,0.05,0.95,0.02,0.030000000000000027,True,True,,False,False,False,0.4,0.62,0.37,0.6,15.0,15.0,15.0,False,False,0.37,0.0,0.0,,0,,0.0,0.0
1765925604.8917549,btc-updown-15m-1765925100,1765925100.0,1765926000.0,1765925604.8917549,395.10824513435364,0.4,0.41,0.59,0.6,0.37,0.6,0.97,0.98,STRADDLE_COMPLETE,False,0.0,True,True,False,0.37,0.37,0.6,0.6,,,0.0,,15,15,False,False,240,240,0,0,0,100.0,0.0,,False,False,0,0.05,0.95,0.02,0.030000000000000027,True,True,,False,False,False,0.4,0.62,0.37,0.6,15.0,15.0,15.0,False,False,0.37,0.0,0.0,,0,,0.0,0.0
1765925606.7863708,btc-updown-15m-1765925100,1765925100.0,1765926000.0,1765925606.7863708,393.21362924575806,0.41,0.42,0.58,0.59,0.37,0.6,0.97,0.98,STRADDLE_COMPLETE,False,0.0,True,True,False,0.37,0.37,0.6,0.6,,,0.0,,15,15,False,False,240,240,0,0,0,100.0,0.0,,False,False,0,0.05,0.95,0.02,0.030000000000000027,True,True,,False,False,False,0.4,0.62,0.37,0.6,15.0,15.0,15.0,False,False,0.37,0.0,0.0,,0,,0.0,0.0
1765925609.0381622,btc-updown-15m-1765925100,1765925100.0,1765926000.0,1765925609.0381622,390.9618377685547,0.41,0.42,0.58,0.59,0.37,0.6,0.97,0.98,STRADDLE_COMPLETE,False,0.0,True,True,False,0.37,0.37,0.6,0.6,,,0.0,,15,15,False,False,240,240,0,0,0,100.0,0.0,,False,False,0,0.05,0.95,0.02,0.030000000000000027,True,True,,False,False,False,0.4,0.62,0.37,0.6,15.0,15.0,15.0,False,False,0.37,0.0,0.0,,0,,0.0,0.0
1765925611.037927,btc-updown-15m-1765925100,1765925100.0,1765926000.0,1765925611.037927,388.96207308769226,0.41,0.42,0.58,0.59,0.37,0.6,0.97,0.98,STRADDLE_COMPLETE,False,0.0,True,True,False,0.37,0.37,0.6,0.6,,,0.0,,15,15,False,False,240,240,0,0,0,100.0,0.0,,False,False,0,0.05,0.95,0.02,0.030000000000000027,True,True,,False,False,False,0.4,0.62,0.37,0.6,15.0,15.0,15.0,False,False,0.37,0.0,0.0,,0,,0.0,0.0
1765925612.9634655,btc-updown-15m-1765925100,1765925100.0,1765926000.0,1765925612.9634655,387.0365345478058,0.41,0.42,0.58,0.59,0.37,0.6,0.97,0.98,STRADDLE_COMPLETE,False,0.0,True,True,False,0.37,0.37,0.6,0.6,,,0.0,,15,15,False,False,240,240,0,0,0,100.0,0.0,,False,False,0,0.05,0.95,0.02,0.030000000000000027,True,True,,False,False,False,0.4,0.62,0.37,0.6,15.0,15.0,15.0,False,False,0.37,0.0,0.0,,0,,0.0,0.0
1765925614.8971293,btc-updown-15m-1765925100,1765925100.0,1765926000.0,1765925614.8971293,385.10287070274353,0.41,0.42,0.58,0.59,0.37,0.6,0.97,0.98,STRADDLE_COMPLETE,False,0.0,True,True,False,0.37,0.37,0.6,0.6,,,0.0,,15,15,False,False,240,240,0,0,0,100.0,0.0,,False,False,0,0.05,0.95,0.02,0.030000000000000027,True,True,,False,False,False,0.4,0.62,0.37,0.6,15.0,15.0,15.0,False,False,0.37,0.0,0.0,,0,,0.0,0.0
1765925616.8019125,btc-updown-15m-1765925100,1765925100.0,1765926000.0,1765925616.8019125,383.19808745384216,0.4,0.41,0.59,0.6,0.37,0.6,0.97,0.98,STRADDLE_COMPLETE,False,0.0,True,True,False,0.37,0.37,0.6,0.6,,,0.0,,15,15,False,False,240,240,0,0,0,100.0,0.0,,False,False,0,0.05,0.95,0.02,0.030000000000000027,True,True,,False,False,False,0.4,0.62,0.37,0.6,15.0,15.0,15.0,False,False,0.37,0.0,0.0,,0,,0.0,0.0
1765925618.6936545,btc-updown-15m-1765925100,1765925100.0,1765926000.0,1765925618.6936545,381.3063454627991,0.4,0.41,0.59,0.6,0.37,0.6,0.97,0.98,STRADDLE_COMPLETE,False,0.0,True,True,False,0.37,0.37,0.6,0.6,,,0.0,,15,15,False,False,240,240,0,0,0,100.0,0.0,,False,False,0,0.05,0.95,0.02,0.030000000000000027,True,True,,False,False,False,0.4,0.62,0.37,0.6,15.0,15.0,15.0,False,False,0.37,0.0,0.0,,0,,0.0,0.0
1765925620.601046,btc-updown-15m-1765925100,1765925100.0,1765926000.0,1765925620.601046,379.39895391464233,0.4,0.41,0.59,0.6,0.37,0.6,0.97,0.98,STRADDLE_COMPLETE,False,0.0,True,True,False,0.37,0.37,0.6,0.6,,,0.0,,15,15,False,False,240,240,0,0,0,100.0,0.0,,False,False,0,0.05,0.95,0.02,0.030000000000000027,True,True,,False,False,False,0.4,0.62,0.37,0.6,15.0,15.0,15.0,False,False,0.37,0.0,0.0,,0,,0.0,0.0
1765925622.4928114,btc-updown-15m-1765925100,1765925100.0,1765926000.0,1765925622.4928114,377.5071885585785,0.41,0.42,0.57,0.58,0.37,0.6,0.97,0.98,STRADDLE_COMPLETE,False,0.0,True,True,False,0.37,0.37,0.6,0.6,,,0.0,,15,15,False,False,240,240,0,0,0,100.0,0.0,,False,False,0,0.05,0.95,0.02,0.030000000000000027,True,True,,False,False,False,0.4,0.62,0.37,0.6,15.0,15.0,15.0,False,False,0.37,0.0,0.0,,0,,0.0,0.0
1765925624.393481,btc-updown-15m-1765925100,1765925100.0,1765926000.0,1765925624.393481,375.60651898384094,0.42,0.43,0.57,0.58,0.37,0.6,0.97,0.98,STRADDLE_COMPLETE,False,0.0,True,True,False,0.37,0.37,0.6,0.6,,,0.0,,15,15,False,False,240,240,0,0,0,100.0,0.0,,False,False,0,0.05,0.95,0.02,0.030000000000000027,True,True,,False,False,False,0.4,0.62,0.37,0.6,15.0,15.0,15.0,False,False,0.37,0.0,0.0,,0,,0.0,0.0
1765925626.292458,btc-updown-15m-1765925100,1765925100.0,1765926000.0,1765925626.292458,373.70754194259644,0.42,0.43,0.57,0.58,0.37,0.6,0.97,0.98,STRADDLE_COMPLETE,False,0.0,True,True,False,0.37,0.37,0.6,0.6,,,0.0,,15,15,False,False,240,240,0,0,0,100.0,0.0,,False,False,0,0.05,0.95,0.02,0.030000000000000027,True,True,,False,False,False,0.4,0.62,0.37,0.6,15.0,15.0,15.0,False,False,0.37,0.0,0.0,,0,,0.0,0.0
1765925628.1878066,btc-updown-15m-1765925100,1765925100.0,1765926000.0,1765925628.1878066,371.8121933937073,0.42,0.44,0.56,0.58,0.37,0.6,0.97,0.98,STRADDLE_COMPLETE,False,0.0,True,True,False,0.37,0.37,0.6,0.6,,,0.0,,15,15,False,False,240,240,0,0,0,100.0,0.0,,False,False,0,0.05,0.95,0.02,0.030000000000000027,True,True,,False,False,False,0.4,0.62,0.37,0.6,15.0,15.0,15.0,False,False,0.37,0.0,0.0,,0,,0.0,0.0
1765925630.0642176,btc-updown-15m-1765925100,1765925100.0,1765926000.0,1765925630.0642176,369.93578243255615,0.43,0.44,0.56,0.57,0.37,0.6,0.97,0.98,STRADDLE_COMPLETE,False,0.0,True,True,False,0.37,0.37,0.6,0.6,,,0.0,,15,15,False,False,240,240,0,0,0,100.0,0.0,,False,False,0,0.05,0.95,0.02,0.030000000000000027,True,True,,False,False,False,0.4,0.62,0.37,0.6,15.0,15.0,15.0,False,False,0.37,0.0,0.0,,0,,0.0,0.0
1765925631.9608207,btc-updown-15m-1765925100,1765925100.0,1765926000.0,1765925631.9608207,368.03917932510376,0.42,0.43,0.57,0.58,0.37,0.6,0.97,0.98,STRADDLE_COMPLETE,False,0.0,True,True,False,0.37,0.37,0.6,0.6,,,0.0,,15,15,False,False,240,240,0,0,0,100.0,0.0,,False,False,0,0.05,0.95,0.02,0.030000000000000027,True,True,,False,False,False,0.4,0.62,0.37,0.6,15.0,15.0,15.0,False,False,0.37,0.0,0.0,,0,,0.0,0.0
1765925633.8490665,btc-updown-15m-1765925100,1765925100.0,1765926000.0,1765925633.8490665,366.1509335041046,0.42,0.43,0.57,0.58,0.37,0.6,0.97,0.98,STRADDLE_COMPLETE,False,0.0,True,True,False,0.37,0.37,0.6,0.6,,,0.0,,15,15,False,False,240,240,0,0,0,100.0,0.0,,False,False,0,0.05,0.95,0.02,0.030000000000000027,True,True,,False,False,False,0.4,0.62,0.37,0.6,15.0,15.0,15.0,False,False,0.37,0.0,0.0,,0,,0.0,0.0
1765925635.7301311,btc-updown-15m-1765925100,1765925100.0,1765926000.0,1765925635.7301311,364.269868850708,0.43,0.44,0.56,0.57,0.37,0.6,0.97,0.98,STRADDLE_COMPLETE,False,0.0,True,True,False,0.37,0.37,0.6,0.6,,,0.0,,15,15,False,False,240,240,0,0,0,100.0,0.0,,False,False,0,0.05,0.95,0.02,0.030000000000000027,True,True,,False,False,False,0.4,0.62,0.37,0.6,15.0,15.0,15.0,False,False,0.37,0.0,0.0,,0,,0.0,0.0
1765925637.6167107,btc-updown-15m-1765925100,1765925100.0,1765926000.0,1765925637.6167107,362.3832893371582,0.43,0.44,0.56,0.57,0.37,0.6,0.97,0.98,STRADDLE_COMPLETE,False,0.0,True,True,False,0.37,0.37,0.6,0.6,,,0.0,,15,15,False,False,240,240,0,0,0,100.0,0.0,,False,False,0,0.05,0.95,0.02,0.030000000000000027,True,True,,False,False,False,0.4,0.62,0.37,0.6,15.0,15.0,15.0,False,False,0.37,0.0,0.0,,0,,0.0,0.0
1765925639.5219605,btc-updown-15m-1765925100,1765925100.0,1765926000.0,1765925639.5219605,360.47803950309753,0.43,0.44,0.56,0.57,0.37,0.6,0.97,0.98,STRADDLE_COMPLETE,False,0.0,True,True,False,0.37,0.37,0.6,0.6,,,0.0,,15,15,False,False,240,240,0,0,0,100.0,0.0,,False,False,0,0.05,0.95,0.02,0.030000000000000027,True,True,,False,False,False,0.4,0.62,0.37,0.6,15.0,15.0,15.0,False,False,0.37,0.0,0.0,,0,,0.0,0.0
1765925641.4363363,btc-updown-15m-1765925100,1765925100.0,1765926000.0,1765925641.4363363,358.5636637210846,0.44,0.45,0.55,0.56,0.37,0.6,0.97,0.98,STRADDLE_COMPLETE,False,0.0,True,True,False,0.37,0.37,0.6,0.6,,,0.0,,15,15,False,False,240,240,0,0,0,100.0,0.0,,False,False,0,0.05,0.95,0.02,0.030000000000000027,True,True,,False,False,False,0.4,0.62,0.37,0.6,15.0,15.0,15.0,False,False,0.37,0.0,0.0,,0,,0.0,0.0
1765925643.342534,btc-updown-15m-1765925100,1765925100.0,1765926000.0,1765925643.342534,356.6574659347534,0.44,0.45,0.55,0.56,0.37,0.6,0.97,0.98,STRADDLE_COMPLETE,False,0.0,True,True,False,0.37,0.37,0.6,0.6,,,0.0,,15,15,False,False,240,240,0,0,0,100.0,0.0,,False,False,0,0.05,0.95,0.02,0.030000000000000027,True,True,,False,False,False,0.4,0.62,0.37,0.6,15.0,15.0,15.0,False,False,0.37,0.0,0.0,,0,,0.0,0.0
1765925645.226865,btc-updown-15m-1765925100,1765925100.0,1765926000.0,1765925645.226865,354.7731349468231,0.44,0.45,0.55,0.56,0.37,0.6,0.97,0.98,STRADDLE_COMPLETE,False,0.0,True,True,False,0.37,0.37,0.6,0.6,,,0.0,,15,15,False,False,240,240,0,0,0,100.0,0.0,,False,False,0,0.05,0.95,0.02,0.030000000000000027,True,True,,False,False,False,0.4,0.62,0.37,0.6,15.0,15.0,15.0,False,False,0.37,0.0,0.0,,0,,0.0,0.0
1765925647.1696196,btc-updown-15m-1765925100,1765925100.0,1765926000.0,1765925647.1696196,352.8303804397583,0.44,0.45,0.55,0.56,0.37,0.6,0.97,0.98,STRADDLE_COMPLETE,False,0.0,True,True,False,0.37,0.37,0.6,0.6,,,0.0,,15,15,False,False,240,240,0,0,0,100.0,0.0,,False,False,0,0.05,0.95,0.02,0.030000000000000027,True,True,,False,False,False,0.4,0.62,0.37,0.6,15.0,15.0,15.0,False,False,0.37,0.0,0.0,,0,,0.0,0.0
1765925649.0817032,btc-updown-15m-1765925100,1765925100.0,1765926000.0,1765925649.0817032,350.91829681396484,0.44,0.45,0.55,0.56,0.37,0.6,0.97,0.98,STRADDLE_COMPLETE,False,0.0,True,True,False,0.37,0.37,0.6,0.6,,,0.0,,15,15,False,False,240,240,0,0,0,100.0,0.0,,False,False,0,0.05,0.95,0.02,0.030000000000000027,True,True,,False,False,False,0.4,0.62,0.37,0.6,15.0,15.0,15.0,False,False,0.37,0.0,0.0,,0,,0.0,0.0
1765925651.073584,btc-updown-15m-1765925100,1765925100.0,1765926000.0,1765925651.073584,348.92641592025757,0.44,0.45,0.55,0.56,0.37,0.6,0.97,0.98,STRADDLE_COMPLETE,False,0.0,True,True,False,0.37,0.37,0.6,0.6,,,0.0,,15,15,False,False,240,240,0,0,0,100.0,0.0,,False,False,0,0.05,0.95,0.02,0.030000000000000027,True,True,,False,False,False,0.4,0.62,0.37,0.6,15.0,15.0,15.0,False,False,0.37,0.0,0.0,,0,,0.0,0.0
1765925652.9622686,btc-updown-15m-1765925100,1765925100.0,1765926000.0,1765925652.9622686,347.0377314090729,0.44,0.45,0.55,0.56,0.37,0.6,0.97,0.98,STRADDLE_COMPLETE,False,0.0,True,True,False,0.37,0.37,0.6,0.6,,,0.0,,15,15,False,False,240,240,0,0,0,100.0,0.0,,False,False,0,0.05,0.95,0.02,0.030000000000000027,True,True,,False,False,False,0.4,0.62,0.37,0.6,15.0,15.0,15.0,False,False,0.37,0.0,0.0,,0,,0.0,0.0
1765925654.8456643,btc-updown-15m-1765925100,1765925100.0,1765926000.0,1765925654.8456643,345.1543357372284,0.44,0.45,0.55,0.56,0.37,0.6,0.97,0.98,STRADDLE_COMPLETE,False,0.0,True,True,False,0.37,0.37,0.6,0.6,,,0.0,,15,15,False,False,240,240,0,0,0,100.0,0.0,,False,False,0,0.05,0.95,0.02,0.030000000000000027,True,True,,False,False,False,0.4,0.62,0.37,0.6,15.0,15.0,15.0,False,False,0.37,0.0,0.0,,0,,0.0,0.0
1765925656.7376368,btc-updown-15m-1765925100,1765925100.0,1765926000.0,1765925656.7376368,343.2623631954193,0.45,0.46,0.54,0.55,0.37,0.6,0.97,0.98,STRADDLE_COMPLETE,False,0.0,True,True,False,0.37,0.37,0.6,0.6,,,0.0,,15,15,False,False,240,240,0,0,0,100.0,0.0,,False,False,0,0.05,0.95,0.02,0.030000000000000027,True,True,,False,False,False,0.4,0.62,0.37,0.6,15.0,15.0,15.0,False,False,0.37,0.0,0.0,,0,,0.0,0.0
1765925658.639459,btc-updown-15m-1765925100,1765925100.0,1765926000.0,1765925658.639459,341.3605411052704,0.45,0.46,0.54,0.55,0.37,0.6,0.97,0.98,STRADDLE_COMPLETE,False,0.0,True,True,False,0.37,0.37,0.6,0.6,,,0.0,,15,15,False,False,240,240,0,0,0,100.0,0.0,,False,False,0,0.05,0.95,0.02,0.030000000000000027,True,True,,False,False,False,0.4,0.62,0.37,0.6,15.0,15.0,15.0,False,False,0.37,0.0,0.0,,0,,0.0,0.0
1765925660.553056,btc-updown-15m-1765925100,1765925100.0,1765926000.0,1765925660.553056,339.4469439983368,0.45,0.46,0.54,0.55,0.37,0.6,0.97,0.98,STRADDLE_COMPLETE,False,0.0,True,True,False,0.37,0.37,0.6,0.6,,,0.0,,15,15,False,False,240,240,0,0,0,100.0,0.0,,False,False,0,0.05,0.95,0.02,0.030000000000000027,True,True,,False,False,False,0.4,0.62,0.37,0.6,15.0,15.0,15.0,False,False,0.37,0.0,0.0,,0,,0.0,0.0
1765925662.4853213,btc-updown-15m-1765925100,1765925100.0,1765926000.0,1765925662.4853213,337.51467871665955,0.44,0.45,0.55,0.56,0.37,0.6,0.97,0.98,STRADDLE_COMPLETE,False,0.0,True,True,False,0.37,0.37,0.6,0.6,,,0.0,,15,15,False,False,240,240,0,0,0,100.0,0.0,,False,False,0,0.05,0.95,0.02,0.030000000000000027,True,True,,False,False,False,0.4,0.62,0.37,0.6,15.0,15.0,15.0,False,False,0.37,0.0,0.0,,0,,0.0,0.0
1765925664.4148765,btc-updown-15m-1765925100,1765925100.0,1765926000.0,1765925664.4148765,335.58512353897095,0.44,0.45,0.55,0.56,0.37,0.6,0.97,0.98,STRADDLE_COMPLETE,False,0.0,True,True,False,0.37,0.37,0.6,0.6,,,0.0,,15,15,False,False,240,240,0,0,0,100.0,0.0,,False,False,0,0.05,0.95,0.02,0.030000000000000027,True,True,,False,False,False,0.4,0.62,0.37,0.6,15.0,15.0,15.0,False,False,0.37,0.0,0.0,,0,,0.0,0.0
1765925666.317649,btc-updown-15m-1765925100,1765925100.0,1765926000.0,1765925666.317649,333.6823511123657,0.44,0.45,0.55,0.56,0.37,0.6,0.97,0.98,STRADDLE_COMPLETE,False,0.0,True,True,False,0.37,0.37,0.6,0.6,,,0.0,,15,15,False,False,240,240,0,0,0,100.0,0.0,,False,False,0,0.05,0.95,0.02,0.030000000000000027,True,True,,False,False,False,0.4,0.62,0.37,0.6,15.0,15.0,15.0,False,False,0.37,0.0,0.0,,0,,0.0,0.0
1765925668.2277417,btc-updown-15m-1765925100,1765925100.0,1765926000.0,1765925668.2277417,331.77225828170776,0.31,0.32,0.68,0.69,0.37,0.6,0.97,0.98,STRADDLE_COMPLETE,False,0.0,True,True,False,0.37,0.37,0.6,0.6,,,0.0,,15,15,False,False,240,240,0,0,0,100.0,0.0,,False,False,0,0.05,0.95,0.02,0.030000000000000027,True,True,,False,False,False,0.4,0.62,0.37,0.6,15.0,15.0,15.0,False,False,0.37,0.0,0.0,,0,,0.0,0.0
1765925670.1242845,btc-updown-15m-1765925100,1765925100.0,1765926000.0,1765925670.1242845,329.8757154941559,0.21,0.22,0.78,0.79,0.37,0.6,0.97,0.98,STRADDLE_COMPLETE,False,0.0,True,True,False,0.37,0.37,0.6,0.6,,,0.0,,15,15,False,False,240,240,0,0,0,100.0,0.0,,False,False,0,0.05,0.95,0.02,0.030000000000000027,True,True,,False,False,False,0.4,0.62,0.37,0.6,15.0,15.0,15.0,False,False,0.37,0.0,0.0,,0,,0.0,0.0
1765925672.011352,btc-updown-15m-1765925100,1765925100.0,1765926000.0,1765925672.011352,327.98864793777466,0.19,0.2,0.8,0.81,0.37,0.6,0.97,0.98,STRADDLE_COMPLETE,False,0.0,True,True,False,0.37,0.37,0.6,0.6,,,0.0,,15,15,False,False,240,240,0,0,0,100.0,0.0,,False,False,0,0.05,0.95,0.02,0.030000000000000027,True,True,,False,False,False,0.4,0.62,0.37,0.6,15.0,15.0,15.0,False,False,0.37,0.0,0.0,,0,,0.0,0.0
1765925673.9072132,btc-updown-15m-1765925100,1765925100.0,1765926000.0,1765925673.9072132,326.09278678894043,0.18,0.19,0.81,0.82,0.37,0.6,0.97,0.98,STRADDLE_COMPLETE,False,0.0,True,True,False,0.37,0.37,0.6,0.6,,,0.0,,15,15,False,False,240,240,0,0,0,100.0,0.0,,False,False,0,0.05,0.95,0.02,0.030000000000000027,True,True,,False,False,False,0.4,0.62,0.37,0.6,15.0,15.0,15.0,False,False,0.37,0.0,0.0,,0,,0.0,0.0
1765925675.8584855,btc-updown-15m-1765925100,1765925100.0,1765926000.0,1765925675.8584855,324.1415145397186,0.17,0.18,0.82,0.83,0.37,0.6,0.97,0.98,STRADDLE_COMPLETE,False,0.0,True,True,False,0.37,0.37,0.6,0.6,,,0.0,,15,15,False,False,240,240,0,0,0,100.0,0.0,,False,False,0,0.05,0.95,0.02,0.030000000000000027,True,True,,False,False,False,0.4,0.62,0.37,0.6,15.0,15.0,15.0,False,False,0.37,0.0,0.0,,0,,0.0,0.0
1765925677.7778862,btc-updown-15m-1765925100,1765925100.0,1765926000.0,1765925677.7778862,322.22211384773254,0.17,0.18,0.82,0.83,0.37,0.6,0.97,0.98,STRADDLE_COMPLETE,False,0.0,True,True,False,0.37,0.37,0.6,0.6,,,0.0,,15,15,False,False,240,240,0,0,0,100.0,0.0,,False,False,0,0.05,0.95,0.02,0.030000000000000027,True,True,,False,False,False,0.4,0.62,0.37,0.6,15.0,15.0,15.0,False,False,0.37,0.0,0.0,,0,,0.0,0.0
1765925679.6640313,btc-updown-15m-1765925100,1765925100.0,1765926000.0,1765925679.6640313,320.33596873283386,0.18,0.19,0.81,0.82,0.37,0.6,0.97,0.98,STRADDLE_COMPLETE,False,0.0,True,True,False,0.37,0.37,0.6,0.6,,,0.0,,15,15,False,False,240,240,0,0,0,100.0,0.0,,False,False,0,0.05,0.95,0.02,0.030000000000000027,True,True,,False,False,False,0.4,0.62,0.37,0.6,15.0,15.0,15.0,False,False,0.37,0.0,0.0,,0,,0.0,0.0
1765925681.5878804,btc-updown-15m-1765925100,1765925100.0,1765926000.0,1765925681.5878804,318.4121196269989,0.17,0.18,0.83,0.84,0.37,0.6,0.97,0.98,STRADDLE_COMPLETE,False,0.0,True,True,False,0.37,0.37,0.6,0.6,,,0.0,,15,15,False,False,240,240,0,0,0,100.0,0.0,,False,False,0,0.05,0.95,0.02,0.030000000000000027,True,True,,False,False,False,0.4,0.62,0.37,0.6,15.0,15.0,15.0,False,False,0.37,0.0,0.0,,0,,0.0,0.0
1765925683.4884343,btc-updown-15m-1765925100,1765925100.0,1765926000.0,1765925683.4884343,316.5115656852722,0.16,0.17,0.83,0.84,0.37,0.6,0.97,0.98,STRADDLE_COMPLETE,False,0.0,True,True,False,0.37,0.37,0.6,0.6,,,0.0,,15,15,False,False,240,240,0,0,0,100.0,0.0,,False,False,0,0.05,0.95,0.02,0.030000000000000027,True,True,,False,False,False,0.4,0.62,0.37,0.6,15.0,15.0,15.0,False,False,0.37,0.0,0.0,,0,,0.0,0.0
1765925685.4329886,btc-updown-15m-1765925100,1765925100.0,1765926000.0,1765925685.4329886,314.56701135635376,0.16,0.17,0.83,0.84,0.37,0.6,0.97,0.98,STRADDLE_COMPLETE,False,0.0,True,True,False,0.37,0.37,0.6,0.6,,,0.0,,15,15,False,False,240,240,0,0,0,100.0,0.0,,False,False,0,0.05,0.95,0.02,0.030000000000000027,True,True,,False,False,False,0.4,0.62,0.37,0.6,15.0,15.0,15.0,False,False,0.37,0.0,0.0,,0,,0.0,0.0
1765925687.3275065,btc-updown-15m-1765925100,1765925100.0,1765926000.0,1765925687.3275065,312.6724934577942,0.16,0.17,0.83,0.84,0.37,0.6,0.97,0.98,STRADDLE_COMPLETE,False,0.0,True,True,False,0.37,0.37,0.6,0.6,,,0.0,,15,15,False,False,240,240,0,0,0,100.0,0.0,,False,False,0,0.05,0.95,0.02,0.030000000000000027,True,True,,False,False,False,0.4,0.62,0.37,0.6,15.0,15.0,15.0,False,False,0.37,0.0,0.0,,0,,0.0,0.0
1765925689.2091298,btc-updown-15m-1765925100,1765925100.0,1765926000.0,1765925689.2091298,310.79087018966675,0.16,0.18,0.83,0.84,0.37,0.6,0.97,0.98,STRADDLE_COMPLETE,False,0.0,True,True,False,0.37,0.37,0.6,0.6,,,0.0,,15,15,False,False,240,240,0,0,0,100.0,0.0,,False,False,0,0.05,0.95,0.02,0.030000000000000027,True,True,,False,False,False,0.4,0.62,0.37,0.6,15.0,15.0,15.0,False,False,0.37,0.0,0.0,,0,,0.0,0.0
1765925691.1103275,btc-updown-15m-1765925100,1765925100.0,1765926000.0,1765925691.1103275,308.8896725177765,0.16,0.17,0.83,0.84,0.37,0.6,0.97,0.98,STRADDLE_COMPLETE,False,0.0,True,True,False,0.37,0.37,0.6,0.6,,,0.0,,15,15,False,False,240,240,0,0,0,100.0,0.0,,False,False,0,0.05,0.95,0.02,0.030000000000000027,True,True,,False,False,False,0.4,0.62,0.37,0.6,15.0,15.0,15.0,False,False,0.37,0.0,0.0,,0,,0.0,0.0
1765925693.0407255,btc-updown-15m-1765925100,1765925100.0,1765926000.0,1765925693.0407255,306.95927453041077,0.16,0.17,0.83,0.84,0.37,0.6,0.97,0.98,STRADDLE_COMPLETE,False,0.0,True,True,False,0.37,0.37,0.6,0.6,,,0.0,,15,15,False,False,240,240,0,0,0,100.0,0.0,,False,False,0,0.05,0.95,0.02,0.030000000000000027,True,True,,False,False,False,0.4,0.62,0.37,0.6,15.0,15.0,15.0,False,False,0.37,0.0,0.0,,0,,0.0,0.0
1765925694.93016,btc-updown-15m-1765925100,1765925100.0,1765926000.0,1765925694.93016,305.0698399543762,0.16,0.18,0.82,0.84,0.37,0.6,0.97,0.98,STRADDLE_COMPLETE,False,0.0,True,True,False,0.37,0.37,0.6,0.6,,,0.0,,15,15,False,False,240,240,0,0,0,100.0,0.0,,False,False,0,0.05,0.95,0.02,0.030000000000000027,True,True,,False,False,False,0.4,0.62,0.37,0.6,15.0,15.0,15.0,False,False,0.37,0.0,0.0,,0,,0.0,0.0
1765925696.8206136,btc-updown-15m-1765925100,1765925100.0,1765926000.0,1765925696.8206136,303.1793863773346,0.16,0.18,0.82,0.84,0.37,0.6,0.97,0.98,STRADDLE_COMPLETE,False,0.0,True,True,False,0.37,0.37,0.6,0.6,,,0.0,,15,15,False,False,240,240,0,0,0,100.0,0.0,,False,False,0,0.05,0.95,0.02,0.030000000000000027,True,True,,False,False,False,0.4,0.62,0.37,0.6,15.0,15.0,15.0,False,False,0.37,0.0,0.0,,0,,0.0,0.0
1765925698.7017052,btc-updown-15m-1765925100,1765925100.0,1765926000.0,1765925698.7017052,301.29829478263855,0.16,0.18,0.84,0.85,0.37,0.6,0.97,0.98,STRADDLE_COMPLETE,False,0.0,True,True,False,0.37,0.37,0.6,0.6,,,0.0,,15,15,False,False,240,240,0,0,0,100.0,0.0,,False,False,0,0.05,0.95,0.02,0.030000000000000027,True,True,,False,False,False,0.4,0.62,0.37,0.6,15.0,15.0,15.0,False,False,0.37,0.0,0.0,,0,,0.0,0.0
1765925700.6030695,btc-updown-15m-1765925100,1765925100.0,1765926000.0,1765925700.6030695,299.3969304561615,0.15,0.16,0.84,0.85,0.37,0.6,0.97,0.98,STRADDLE_COMPLETE,False,0.0,True,True,False,0.37,0.37,0.6,0.6,,,0.0,,15,15,False,False,240,240,0,0,0,100.0,0.0,,False,False,0,0.05,0.95,0.02,0.030000000000000027,True,True,,False,False,False,0.4,0.62,0.37,0.6,15.0,15.0,15.0,False,False,0.37,0.0,0.0,,0,,0.0,0.0
1765925702.50224,btc-updown-15m-1765925100,1765925100.0,1765926000.0,1765925702.50224,297.49776005744934,0.14,0.15,0.84,0.87,0.37,0.6,0.97,0.98,STRADDLE_COMPLETE,False,0.0,True,True,False,0.37,0.37,0.6,0.6,,,0.0,,15,15,False,False,240,240,0,0,0,100.0,0.0,,False,False,0,0.05,0.95,0.02,0.030000000000000027,True,True,,False,False,False,0.4,0.62,0.37,0.6,15.0,15.0,15.0,False,False,0.37,0.0,0.0,,0,,0.0,0.0
1765925704.4300892,btc-updown-15m-1765925100,1765925100.0,1765926000.0,1765925704.4300892,295.5699107646942,0.21,0.22,0.78,0.79,0.37,0.6,0.97,0.98,STRADDLE_COMPLETE,False,0.0,True,True,False,0.37,0.37,0.6,0.6,,,0.0,,15,15,False,False,240,240,0,0,0,100.0,0.0,,False,False,0,0.05,0.95,0.02,0.030000000000000027,True,True,,False,False,False,0.4,0.62,0.37,0.6,15.0,15.0,15.0,False,False,0.37,0.0,0.0,,0,,0.0,0.0
1765925706.3765042,btc-updown-15m-1765925100,1765925100.0,1765926000.0,1765925706.3765042,293.62349581718445,0.23,0.24,0.76,0.77,0.37,0.6,0.97,0.98,STRADDLE_COMPLETE,False,0.0,True,True,False,0.37,0.37,0.6,0.6,,,0.0,,15,15,False,False,240,240,0,0,0,100.0,0.0,,False,False,0,0.05,0.95,0.02,0.030000000000000027,True,True,,False,False,False,0.4,0.62,0.37,0.6,15.0,15.0,15.0,False,False,0.37,0.0,0.0,,0,,0.0,0.0
1765925708.3393943,btc-updown-15m-1765925100,1765925100.0,1765926000.0,1765925708.3393943,291.6606056690216,0.23,0.24,0.76,0.77,0.37,0.6,0.97,0.98,STRADDLE_COMPLETE,False,0.0,True,True,False,0.37,0.37,0.6,0.6,,,0.0,,15,15,False,False,240,240,0,0,0,100.0,0.0,,False,False,0,0.05,0.95,0.02,0.030000000000000027,True,True,,False,False,False,0.4,0.62,0.37,0.6,15.0,15.0,15.0,False,False,0.37,0.0,0.0,,0,,0.0,0.0
1765925710.2391021,btc-updown-15m-1765925100,1765925100.0,1765926000.0,1765925710.2391021,289.76089787483215,0.23,0.24,0.77,0.78,0.37,0.6,0.97,0.98,STRADDLE_COMPLETE,False,0.0,True,True,False,0.37,0.37,0.6,0.6,,,0.0,,15,15,False,False,240,240,0,0,0,100.0,0.0,,False,False,0,0.05,0.95,0.02,0.030000000000000027,True,True,,False,False,False,0.4,0.62,0.37,0.6,15.0,15.0,15.0,False,False,0.37,0.0,0.0,,0,,0.0,0.0
1765925712.1235108,btc-updown-15m-1765925100,1765925100.0,1765926000.0,1765925712.1235108,287.87648916244507,0.15,0.16,0.84,0.85,0.37,0.6,0.97,0.98,STRADDLE_COMPLETE,False,0.0,True,True,False,0.37,0.37,0.6,0.6,,,0.0,,15,15,False,False,240,240,0,0,0,100.0,0.0,,False,False,0,0.05,0.95,0.02,0.030000000000000027,True,True,,False,False,False,0.4,0.62,0.37,0.6,15.0,15.0,15.0,False,False,0.37,0.0,0.0,,0,,0.0,0.0
1765925714.0539494,btc-updown-15m-1765925100,1765925100.0,1765926000.0,1765925714.0539494,285.9460506439209,0.14,0.15,0.85,0.86,0.37,0.6,0.97,0.98,STRADDLE_COMPLETE,False,0.0,True,True,False,0.37,0.37,0.6,0.6,,,0.0,,15,15,False,False,240,240,0,0,0,100.0,0.0,,False,False,0,0.05,0.95,0.02,0.030000000000000027,True,True,,False,False,False,0.4,0.62,0.37,0.6,15.0,15.0,15.0,False,False,0.37,0.0,0.0,,0,,0.0,0.0
1765925715.944938,btc-updown-15m-1765925100,1765925100.0,1765926000.0,1765925715.944938,284.05506205558777,0.14,0.15,0.85,0.86,0.37,0.6,0.97,0.98,STRADDLE_COMPLETE,False,0.0,True,True,False,0.37,0.37,0.6,0.6,,,0.0,,15,15,False,False,240,240,0,0,0,100.0,0.0,,False,False,0,0.05,0.95,0.02,0.030000000000000027,True,True,,False,False,False,0.4,0.62,0.37,0.6,15.0,15.0,15.0,False,False,0.37,0.0,0.0,,0,,0.0,0.0
1765925717.8369675,btc-updown-15m-1765925100,1765925100.0,1765926000.0,1765925717.8369675,282.1630325317383,0.14,0.15,0.85,0.86,0.37,0.6,0.97,0.98,STRADDLE_COMPLETE,False,0.0,True,True,False,0.37,0.37,0.6,0.6,,,0.0,,15,15,False,False,240,240,0,0,0,100.0,0.0,,False,False,0,0.05,0.95,0.02,0.030000000000000027,True,True,,False,False,False,0.4,0.62,0.37,0.6,15.0,15.0,15.0,False,False,0.37,0.0,0.0,,0,,0.0,0.0
1765925719.7018552,btc-updown-15m-1765925100,1765925100.0,1765926000.0,1765925719.7018552,280.2981448173523,0.14,0.15,0.85,0.86,0.37,0.6,0.97,0.98,STRADDLE_COMPLETE,False,0.0,True,True,False,0.37,0.37,0.6,0.6,,,0.0,,15,15,False,False,240,240,0,0,0,100.0,0.0,,False,False,0,0.05,0.95,0.02,0.030000000000000027,True,True,,False,False,False,0.4,0.62,0.37,0.6,15.0,15.0,15.0,False,False,0.37,0.0,0.0,,0,,0.0,0.0
1765925721.6154573,btc-updown-15m-1765925100,1765925100.0,1765926000.0,1765925721.6154573,278.38454270362854,0.15,0.16,0.84,0.85,0.37,0.6,0.97,0.98,STRADDLE_COMPLETE,False,0.0,True,True,False,0.37,0.37,0.6,0.6,,,0.0,,15,15,False,False,240,240,0,0,0,100.0,0.0,,False,False,0,0.05,0.95,0.02,0.030000000000000027,True,True,,False,False,False,0.4,0.62,0.37,0.6,15.0,15.0,15.0,False,False,0.37,0.0,0.0,,0,,0.0,0.0
1765925723.5170033,btc-updown-15m-1765925100,1765925100.0,1765926000.0,1765925723.5170033,276.4829967021942,0.15,0.16,0.84,0.85,0.37,0.6,0.97,0.98,STRADDLE_COMPLETE,False,0.0,True,True,False,0.37,0.37,0.6,0.6,,,0.0,,15,15,False,False,240,240,0,0,0,100.0,0.0,,False,False,0,0.05,0.95,0.02,0.030000000000000027,True,True,,False,False,False,0.4,0.62,0.37,0.6,15.0,15.0,15.0,False,False,0.37,0.0,0.0,,0,,0.0,0.0
1765925725.399694,btc-updown-15m-1765925100,1765925100.0,1765926000.0,1765925725.399694,274.60030603408813,0.15,0.16,0.84,0.85,0.37,0.6,0.97,0.98,STRADDLE_COMPLETE,False,0.0,True,True,False,0.37,0.37,0.6,0.6,,,0.0,,15,15,False,False,240,240,0,0,0,100.0,0.0,,False,False,0,0.05,0.95,0.02,0.030000000000000027,True,True,,False,False,False,0.4,0.62,0.37,0.6,15.0,15.0,15.0,False,False,0.37,0.0,0.0,,0,,0.0,0.0
1765925727.2850633,btc-updown-15m-1765925100,1765925100.0,1765926000.0,1765925727.2850633,272.71493673324585,0.15,0.16,0.84,0.85,0.37,0.6,0.97,0.98,STRADDLE_COMPLETE,False,0.0,True,True,False,0.37,0.37,0.6,0.6,,,0.0,,15,15,False,False,240,240,0,0,0,100.0,0.0,,False,False,0,0.05,0.95,0.02,0.030000000000000027,True,True,,False,False,False,0.4,0.62,0.37,0.6,15.0,15.0,15.0,False,False,0.37,0.0,0.0,,0,,0.0,0.0
1765925729.1623662,btc-updown-15m-1765925100,1765925100.0,1765926000.0,1765925729.1623662,270.8376338481903,0.14,0.16,0.84,0.86,0.37,0.6,0.97,0.98,STRADDLE_COMPLETE,False,0.0,True,True,False,0.37,0.37,0.6,0.6,,,0.0,,15,15,False,False,240,240,0,0,0,100.0,0.0,,False,False,0,0.05,0.95,0.02,0.030000000000000027,True,True,,False,False,False,0.4,0.62,0.37,0.6,15.0,15.0,15.0,False,False,0.37,0.0,0.0,,0,,0.0,0.0
1765925731.0630186,btc-updown-15m-1765925100,1765925100.0,1765926000.0,1765925731.0630186,268.93698143959045,0.15,0.16,0.84,0.85,0.37,0.6,0.97,0.98,STRADDLE_COMPLETE,False,0.0,True,True,False,0.37,0.37,0.6,0.6,,,0.0,,15,15,False,False,240,240,0,0,0,100.0,0.0,,False,False,0,0.05,0.95,0.02,0.030000000000000027,True,True,,False,False,False,0.4,0.62,0.37,0.6,15.0,15.0,15.0,False,False,0.37,0.0,0.0,,0,,0.0,0.0
1765925732.9459422,btc-updown-15m-1765925100,1765925100.0,1765926000.0,1765925732.9459422,267.0540578365326,0.16,0.18,0.83,0.84,0.37,0.6,0.97,0.98,STRADDLE_COMPLETE,False,0.0,True,True,False,0.37,0.37,0.6,0.6,,,0.0,,15,15,False,False,240,240,0,0,0,100.0,0.0,,False,False,0,0.05,0.95,0.02,0.030000000000000027,True,True,,False,False,False,0.4,0.62,0.37,0.6,15.0,15.0,15.0,False,False,0.37,0.0,0.0,,0,,0.0,0.0
1765925734.8593185,btc-updown-15m-1765925100,1765925100.0,1765926000.0,1765925734.8593185,265.14068150520325,0.17,0.18,0.82,0.83,0.37,0.6,0.97,0.98,STRADDLE_COMPLETE,False,0.0,True,True,False,0.37,0.37,0.6,0.6,,,0.0,,15,15,False,False,240,240,0,0,0,100.0,0.0,,False,False,0,0.05,0.95,0.02,0.030000000000000027,True,True,,False,False,False,0.4,0.62,0.37,0.6,15.0,15.0,15.0,False,False,0.37,0.0,0.0,,0,,0.0,0.0
1765925736.7594728,btc-updown-15m-1765925100,1765925100.0,1765926000.0,1765925736.7594728,263.24052715301514,0.17,0.18,0.82,0.83,0.37,0.6,0.97,0.98,STRADDLE_COMPLETE,False,0.0,True,True,False,0.37,0.37,0.6,0.6,,,0.0,,15,15,False,False,240,240,0,0,0,100.0,0.0,,False,False,0,0.05,0.95,0.02,0.030000000000000027,True,True,,False,False,False,0.4,0.62,0.37,0.6,15.0,15.0,15.0,False,False,0.37,0.0,0.0,,0,,0.0,0.0
1765925738.6508996,btc-updown-15m-1765925100,1765925100.0,1765926000.0,1765925738.6508996,261.3491003513336,0.21,0.22,0.78,0.79,0.37,0.6,0.97,0.98,STRADDLE_COMPLETE,False,0.0,True,True,False,0.37,0.37,0.6,0.6,,,0.0,,15,15,False,False,240,240,0,0,0,100.0,0.0,,False,False,0,0.05,0.95,0.02,0.030000000000000027,True,True,,False,False,False,0.4,0.62,0.37,0.6,15.0,15.0,15.0,False,False,0.37,0.0,0.0,,0,,0.0,0.0
1765925740.6266901,btc-updown-15m-1765925100,1765925100.0,1765926000.0,1765925740.6266901,259.37330985069275,0.23,0.24,0.75,0.77,0.37,0.6,0.97,0.98,STRADDLE_COMPLETE,False,0.0,True,True,False,0.37,0.37,0.6,0.6,,,0.0,,15,15,False,False,240,240,0,0,0,100.0,0.0,,False,False,0,0.05,0.95,0.02,0.030000000000000027,True,True,,False,False,False,0.4,0.62,0.37,0.6,15.0,15.0,15.0,False,False,0.37,0.0,0.0,,0,,0.0,0.0
1765925742.5126207,btc-updown-15m-1765925100,1765925100.0,1765926000.0,1765925742.5126207,257.48737931251526,0.29,0.3,0.69,0.7,0.37,0.6,0.97,0.98,STRADDLE_COMPLETE,False,0.0,True,True,False,0.37,0.37,0.6,0.6,,,0.0,,15,15,False,False,240,240,0,0,0,100.0,0.0,,False,False,0,0.05,0.95,0.02,0.030000000000000027,True,True,,False,False,False,0.4,0.62,0.37,0.6,15.0,15.0,15.0,False,False,0.37,0.0,0.0,,0,,0.0,0.0
1765925744.4095702,btc-updown-15m-1765925100,1765925100.0,1765926000.0,1765925744.4095702,255.59042978286743,0.33,0.34,0.66,0.67,0.37,0.6,0.97,0.98,STRADDLE_COMPLETE,False,0.0,True,True,False,0.37,0.37,0.6,0.6,,,0.0,,15,15,False,False,240,240,0,0,0,100.0,0.0,,False,False,0,0.05,0.95,0.02,0.030000000000000027,True,True,,False,False,False,0.4,0.62,0.37,0.6,15.0,15.0,15.0,False,False,0.37,0.0,0.0,,0,,0.0,0.0
1765925746.3004942,btc-updown-15m-1765925100,1765925100.0,1765926000.0,1765925746.3004942,253.69950580596924,0.33,0.34,0.66,0.67,0.37,0.6,0.97,0.98,STRADDLE_COMPLETE,False,0.0,True,True,False,0.37,0.37,0.6,0.6,,,0.0,,15,15,False,False,240,240,0,0,0,100.0,0.0,,False,False,0,0.05,0.95,0.02,0.030000000000000027,True,True,,False,False,False,0.4,0.62,0.37,0.6,15.0,15.0,15.0,False,False,0.37,0.0,0.0,,0,,0.0,0.0
1765925748.207669,btc-updown-15m-1765925100,1765925100.0,1765926000.0,1765925748.207669,251.7923309803009,0.33,0.34,0.66,0.67,0.37,0.6,0.97,0.98,STRADDLE_COMPLETE,False,0.0,True,True,False,0.37,0.37,0.6,0.6,,,0.0,,15,15,False,False,240,240,0,0,0,100.0,0.0,,False,False,0,0.05,0.95,0.02,0.030000000000000027,True,True,,False,False,False,0.4,0.62,0.37,0.6,15.0,15.0,15.0,False,False,0.37,0.0,0.0,,0,,0.0,0.0
1765925750.1053727,btc-updown-15m-1765925100,1765925100.0,1765926000.0,1765925750.1053727,249.89462733268738,0.34,0.35,0.65,0.66,0.37,0.6,0.97,0.98,STRADDLE_COMPLETE,False,0.0,True,True,False,0.37,0.37,0.6,0.6,,,0.0,,15,15,False,False,240,240,0,0,0,100.0,0.0,,False,False,0,0.05,0.95,0.02,0.030000000000000027,True,True,,False,False,False,0.4,0.62,0.37,0.6,15.0,15.0,15.0,False,False,0.37,0.0,0.0,,0,,0.0,0.0
1765925752.0040197,btc-updown-15m-1765925100,1765925100.0,1765926000.0,1765925752.0040197,247.99598026275635,0.35,0.36,0.64,0.65,0.37,0.6,0.97,0.98,STRADDLE_COMPLETE,False,0.0,True,True,False,0.37,0.37,0.6,0.6,,,0.0,,15,15,False,False,240,240,0,0,0,100.0,0.0,,False,False,0,0.05,0.95,0.02,0.030000000000000027,True,True,,False,False,False,0.4,0.62,0.37,0.6,15.0,15.0,15.0,False,False,0.37,0.0,0.0,,0,,0.0,0.0
1765925753.90715,btc-updown-15m-1765925100,1765925100.0,1765926000.0,1765925753.90715,246.0928499698639,0.35,0.36,0.64,0.65,0.37,0.6,0.97,0.98,STRADDLE_COMPLETE,False,0.0,True,True,False,0.37,0.37,0.6,0.6,,,0.0,,15,15,False,False,240,240,0,0,0,100.0,0.0,,False,False,0,0.05,0.95,0.02,0.030000000000000027,True,True,,False,False,False,0.4,0.62,0.37,0.6,15.0,15.0,15.0,False,False,0.37,0.0,0.0,,0,,0.0,0.0
1765925755.8388453,btc-updown-15m-1765925100,1765925100.0,1765926000.0,1765925755.8388453,244.16115474700928,0.34,0.36,0.64,0.66,0.37,0.6,0.97,0.98,STRADDLE_COMPLETE,False,0.0,True,True,False,0.37,0.37,0.6,0.6,,,0.0,,15,15,False,False,240,240,0,0,0,100.0,0.0,,False,False,0,0.05,0.95,0.02,0.030000000000000027,True,True,,False,False,False,0.4,0.62,0.37,0.6,15.0,15.0,15.0,False,False,0.37,0.0,0.0,,0,,0.0,0.0
1765925757.7302477,btc-updown-15m-1765925100,1765925100.0,1765926000.0,1765925757.7302477,242.26975226402283,0.35,0.36,0.64,0.65,0.37,0.6,0.97,0.98,STRADDLE_COMPLETE,False,0.0,True,True,False,0.37,0.37,0.6,0.6,,,0.0,,15,15,False,False,240,240,0,0,0,100.0,0.0,,False,False,0,0.05,0.95,0.02,0.030000000000000027,True,True,,False,False,False,0.4,0.62,0.37,0.6,15.0,15.0,15.0,False,False,0.37,0.0,0.0,,0,,0.0,0.0
1765925759.6081994,btc-updown-15m-1765925100,1765925100.0,1765926000.0,1765925759.6081994,240.39180064201355,0.35,0.36,0.64,0.65,0.37,0.6,0.97,0.98,STRADDLE_COMPLETE,False,0.0,True,True,False,0.37,0.37,0.6,0.6,,,0.0,,15,15,False,False,240,240,0,0,0,100.0,0.0,,False,False,0,0.05,0.95,0.02,0.030000000000000027,True,True,,False,False,False,0.4,0.62,0.37,0.6,15.0,15.0,15.0,False,False,0.37,0.0,0.0,,0,,0.0,0.0
1765925761.4993482,btc-updown-15m-1765925100,1765925100.0,1765926000.0,1765925761.4993482,238.50065183639526,0.34,0.35,0.65,0.66,0.37,0.6,0.97,0.98,STRADDLE_COMPLETE,False,0.0,True,True,False,0.37,0.37,0.6,0.6,,,0.0,,15,15,False,False,240,240,0,0,0,100.0,0.0,,False,False,0,0.05,0.95,0.02,0.030000000000000027,True,True,,False,False,False,0.4,0.62,0.37,0.6,15.0,15.0,15.0,False,False,0.37,0.0,0.0,,0,,0.0,0.0
1765925763.4282672,btc-updown-15m-1765925100,1765925100.0,1765926000.0,1765925763.4282672,236.5717327594757,0.35,0.36,0.61,0.62,0.37,0.6,0.97,0.98,STRADDLE_COMPLETE,False,0.0,True,True,False,0.37,0.37,0.6,0.6,,,0.0,,15,15,False,False,240,240,0,0,0,100.0,0.0,,False,False,0,0.05,0.95,0.02,0.030000000000000027,True,True,,False,False,False,0.4,0.62,0.37,0.6,15.0,15.0,15.0,False,False,0.37,0.0,0.0,,0,,0.0,0.0
1765925765.3271942,btc-updown-15m-1765925100,1765925100.0,1765926000.0,1765925765.3271942,234.6728057861328,0.42,0.43,0.57,0.61,0.37,0.6,0.97,0.98,STRADDLE_COMPLETE,False,0.0,True,True,False,0.37,0.37,0.6,0.6,,,0.0,,15,15,False,False,240,240,0,0,0,100.0,0.0,,False,False,0,0.05,0.95,0.02,0.030000000000000027,True,True,,False,False,False,0.4,0.62,0.37,0.6,15.0,15.0,15.0,False,False,0.37,0.0,0.0,,0,,0.0,0.0
1765925767.2140944,btc-updown-15m-1765925100,1765925100.0,1765926000.0,1765925767.2140944,232.78590559959412,0.4,0.41,0.59,0.6,0.37,0.6,0.97,0.98,STRADDLE_COMPLETE,False,0.0,True,True,False,0.37,0.37,0.6,0.6,,,0.0,,15,15,False,False,240,240,0,0,0,100.0,0.0,,False,False,0,0.05,0.95,0.02,0.030000000000000027,True,True,,False,False,False,0.4,0.62,0.37,0.6,15.0,15.0,15.0,False,False,0.37,0.0,0.0,,0,,0.0,0.0
1765925769.1006145,btc-updown-15m-1765925100,1765925100.0,1765926000.0,1765925769.1006145,230.8993854522705,0.35,0.37,0.65,0.66,0.37,0.6,0.97,0.98,STRADDLE_COMPLETE,False,0.0,True,True,False,0.37,0.37,0.6,0.6,,,0.0,,15,15,False,False,240,240,0,0,0,100.0,0.0,,False,False,0,0.05,0.95,0.02,0.030000000000000027,True,True,,False,False,False,0.4,0.62,0.37,0.6,15.0,15.0,15.0,False,False,0.37,0.0,0.0,,0,,0.0,0.0
1765925771.0014205,btc-updown-15m-1765925100,1765925100.0,1765926000.0,1765925771.0014205,228.9985795021057,0.36,0.37,0.63,0.64,0.37,0.6,0.97,0.98,STRADDLE_COMPLETE,False,0.0,True,True,False,0.37,0.37,0.6,0.6,,,0.0,,15,15,False,False,240,240,0,0,0,100.0,0.0,,False,False,0,0.05,0.95,0.02,0.030000000000000027,True,True,,False,False,False,0.4,0.62,0.37,0.6,15.0,15.0,15.0,False,False,0.37,0.0,0.0,,0,,0.0,0.0
1765925772.9173217,btc-updown-15m-1765925100,1765925100.0,1765926000.0,1765925772.9173217,227.08267831802368,0.37,0.38,0.62,0.64,0.37,0.6,0.97,0.98,STRADDLE_COMPLETE,False,0.0,True,True,False,0.37,0.37,0.6,0.6,,,0.0,,15,15,False,False,240,240,0,0,0,100.0,0.0,,False,False,0,0.05,0.95,0.02,0.030000000000000027,True,True,,False,False,False,0.4,0.62,0.37,0.6,15.0,15.0,15.0,False,False,0.37,0.0,0.0,,0,,0.0,0.0
1765925774.8283193,btc-updown-15m-1765925100,1765925100.0,1765926000.0,1765925774.8283193,225.17168068885803,0.36,0.37,0.63,0.64,0.37,0.6,0.97,0.98,STRADDLE_COMPLETE,False,0.0,True,True,False,0.37,0.37,0.6,0.6,,,0.0,,15,15,False,False,240,240,0,0,0,100.0,0.0,,False,False,0,0.05,0.95,0.02,0.030000000000000027,True,True,,False,False,False,0.4,0.62,0.37,0.6,15.0,15.0,15.0,False,False,0.37,0.0,0.0,,0,,0.0,0.0
1765925776.7614143,btc-updown-15m-1765925100,1765925100.0,1765926000.0,1765925776.7614143,223.2385857105255,0.36,0.37,0.63,0.64,0.37,0.6,0.97,0.98,STRADDLE_COMPLETE,False,0.0,True,True,False,0.37,0.37,0.6,0.6,,,0.0,,15,15,False,False,240,240,0,0,0,100.0,0.0,,False,False,0,0.05,0.95,0.02,0.030000000000000027,True,True,,False,False,False,0.4,0.62,0.37,0.6,15.0,15.0,15.0,False,False,0.37,0.0,0.0,,0,,0.0,0.0
1765925778.6747031,btc-updown-15m-1765925100,1765925100.0,1765926000.0,1765925778.6747031,221.3252968788147,0.35,0.36,0.64,0.65,0.37,0.6,0.97,0.98,STRADDLE_COMPLETE,False,0.0,True,True,False,0.37,0.37,0.6,0.6,,,0.0,,15,15,False,False,240,240,0,0,0,100.0,0.0,,False,False,0,0.05,0.95,0.02,0.030000000000000027,True,True,,False,False,False,0.4,0.62,0.37,0.6,15.0,15.0,15.0,False,False,0.37,0.0,0.0,,0,,0.0,0.0
1765925780.587817,btc-updown-15m-1765925100,1765925100.0,1765926000.0,1765925780.587817,219.41218304634094,0.36,0.37,0.63,0.64,0.37,0.6,0.97,0.98,STRADDLE_COMPLETE,False,0.0,True,True,False,0.37,0.37,0.6,0.6,,,0.0,,15,15,False,False,240,240,0,0,0,100.0,0.0,,False,False,0,0.05,0.95,0.02,0.030000000000000027,True,True,,False,False,False,0.4,0.62,0.37,0.6,15.0,15.0,15.0,False,False,0.37,0.0,0.0,,0,,0.0,0.0
1765925782.5083897,btc-updown-15m-1765925100,1765925100.0,1765926000.0,1765925782.5083897,217.49161028862,0.36,0.37,0.63,0.64,0.37,0.6,0.97,0.98,STRADDLE_COMPLETE,False,0.0,True,True,False,0.37,0.37,0.6,0.6,,,0.0,,15,15,False,False,240,240,0,0,0,100.0,0.0,,False,False,0,0.05,0.95,0.02,0.030000000000000027,True,True,,False,False,False,0.4,0.62,0.37,0.6,15.0,15.0,15.0,False,False,0.37,0.0,0.0,,0,,0.0,0.0
1765925784.3961537,btc-updown-15m-1765925100,1765925100.0,1765926000.0,1765925784.3961537,215.6038463115692,0.35,0.36,0.64,0.65,0.37,0.6,0.97,0.98,STRADDLE_COMPLETE,False,0.0,True,True,False,0.37,0.37,0.6,0.6,,,0.0,,15,15,False,False,240,240,0,0,0,100.0,0.0,,False,False,0,0.05,0.95,0.02,0.030000000000000027,True,True,,False,False,False,0.4,0.62,0.37,0.6,15.0,15.0,15.0,False,False,0.37,0.0,0.0,,0,,0.0,0.0
1765925786.273376,btc-updown-15m-1765925100,1765925100.0,1765926000.0,1765925786.273376,213.7266240119934,0.35,0.36,0.64,0.65,0.37,0.6,0.97,0.98,STRADDLE_COMPLETE,False,0.0,True,True,False,0.37,0.37,0.6,0.6,,,0.0,,15,15,False,False,240,240,0,0,0,100.0,0.0,,False,False,0,0.05,0.95,0.02,0.030000000000000027,True,True,,False,False,False,0.4,0.62,0.37,0.6,15.0,15.0,15.0,False,False,0.37,0.0,0.0,,0,,0.0,0.0
1765925788.1656334,btc-updown-15m-1765925100,1765925100.0,1765926000.0,1765925788.1656334,211.8343665599823,0.35,0.36,0.64,0.65,0.37,0.6,0.97,0.98,STRADDLE_COMPLETE,False,0.0,True,True,False,0.37,0.37,0.6,0.6,,,0.0,,15,15,False,False,240,240,0,0,0,100.0,0.0,,False,False,0,0.05,0.95,0.02,0.030000000000000027,True,True,,False,False,False,0.4,0.62,0.37,0.6,15.0,15.0,15.0,False,False,0.37,0.0,0.0,,0,,0.0,0.0
1765925790.0573468,btc-updown-15m-1765925100,1765925100.0,1765926000.0,1765925790.0573468,209.9426531791687,0.35,0.36,0.64,0.65,0.37,0.6,0.97,0.98,STRADDLE_COMPLETE,False,0.0,True,True,False,0.37,0.37,0.6,0.6,,,0.0,,15,15,False,False,240,240,0,0,0,100.0,0.0,,False,False,0,0.05,0.95,0.02,0.030000000000000027,True,True,,False,False,False,0.4,0.62,0.37,0.6,15.0,15.0,15.0,False,False,0.37,0.0,0.0,,0,,0.0,0.0
1765925791.9797342,btc-updown-15m-1765925100,1765925100.0,1765926000.0,1765925791.9797342,208.0202658176422,0.32,0.33,0.67,0.68,0.37,0.6,0.97,0.98,STRADDLE_COMPLETE,False,0.0,True,True,False,0.37,0.37,0.6,0.6,,,0.0,,15,15,False,False,240,240,0,0,0,100.0,0.0,,False,False,0,0.05,0.95,0.02,0.030000000000000027,True,True,,False,False,False,0.4,0.62,0.37,0.6,15.0,15.0,15.0,False,False,0.37,0.0,0.0,,0,,0.0,0.0
1765925793.8883898,btc-updown-15m-1765925100,1765925100.0,1765926000.0,1765925793.8883898,206.11161017417908,0.31,0.33,0.67,0.68,0.37,0.6,0.97,0.98,STRADDLE_COMPLETE,False,0.0,True,True,False,0.37,0.37,0.6,0.6,,,0.0,,15,15,False,False,240,240,0,0,0,100.0,0.0,,False,False,0,0.05,0.95,0.02,0.030000000000000027,True,True,,False,False,False,0.4,0.62,0.37,0.6,15.0,15.0,15.0,False,False,0.37,0.0,0.0,,0,,0.0,0.0
1765925795.7841015,btc-updown-15m-1765925100,1765925100.0,1765926000.0,1765925795.7841015,204.21589851379395,0.32,0.33,0.67,0.68,0.37,0.6,0.97,0.98,STRADDLE_COMPLETE,False,0.0,True,True,False,0.37,0.37,0.6,0.6,,,0.0,,15,15,False,False,240,240,0,0,0,100.0,0.0,,False,False,0,0.05,0.95,0.02,0.030000000000000027,True,True,,False,False,False,0.4,0.62,0.37,0.6,15.0,15.0,15.0,False,False,0.37,0.0,0.0,,0,,0.0,0.0
1765925797.6712065,btc-updown-15m-1765925100,1765925100.0,1765926000.0,1765925797.6712065,202.3287935256958,0.32,0.34,0.66,0.68,0.37,0.6,0.97,0.98,STRADDLE_COMPLETE,False,0.0,True,True,False,0.37,0.37,0.6,0.6,,,0.0,,15,15,False,False,240,240,0,0,0,100.0,0.0,,False,False,0,0.05,0.95,0.02,0.030000000000000027,True,True,,False,False,False,0.4,0.62,0.37,0.6,15.0,15.0,15.0,False,False,0.37,0.0,0.0,,0,,0.0,0.0
1765925799.5785677,btc-updown-15m-1765925100,1765925100.0,1765926000.0,1765925799.5785677,200.4214322566986,0.32,0.33,0.67,0.68,0.37,0.6,0.97,0.98,STRADDLE_COMPLETE,False,0.0,True,True,False,0.37,0.37,0.6,0.6,,,0.0,,15,15,False,False,240,240,0,0,0,100.0,0.0,,False,False,0,0.05,0.95,0.02,0.030000000000000027,True,True,,False,False,False,0.4,0.62,0.37,0.6,15.0,15.0,15.0,False,False,0.37,0.0,0.0,,0,,0.0,0.0
1765925801.4892857,btc-updown-15m-1765925100,1765925100.0,1765926000.0,1765925801.4892857,198.51071429252625,0.31,0.32,0.67,0.68,0.37,0.6,0.97,0.98,STRADDLE_COMPLETE,False,0.0,True,True,False,0.37,0.37,0.6,0.6,,,0.0,,15,15,False,False,240,240,0,0,0,100.0,0.0,,False,False,0,0.05,0.95,0.02,0.030000000000000027,True,True,,False,False,False,0.4,0.62,0.37,0.6,15.0,15.0,15.0,False,False,0.37,0.0,0.0,,0,,0.0,0.0
1765925803.3838906,btc-updown-15m-1765925100,1765925100.0,1765926000.0,1765925803.3838906,196.6161093711853,0.32,0.33,0.67,0.69,0.37,0.6,0.97,0.98,STRADDLE_COMPLETE,False,0.0,True,True,False,0.37,0.37,0.6,0.6,,,0.0,,15,15,False,False,240,240,0,0,0,100.0,0.0,,False,False,0,0.05,0.95,0.02,0.030000000000000027,True,True,,False,False,False,0.4,0.62,0.37,0.6,15.0,15.0,15.0,False,False,0.37,0.0,0.0,,0,,0.0,0.0
1765925805.31249,btc-updown-15m-1765925100,1765925100.0,1765926000.0,1765925805.31249,194.68751001358032,0.3,0.31,0.69,0.7,0.37,0.6,0.97,0.98,STRADDLE_COMPLETE,False,0.0,True,True,False,0.37,0.37,0.6,0.6,,,0.0,,15,15,False,False,240,240,0,0,0,100.0,0.0,,False,False,0,0.05,0.95,0.02,0.030000000000000027,True,True,,False,False,False,0.4,0.62,0.37,0.6,15.0,15.0,15.0,False,False,0.37,0.0,0.0,,0,,0.0,0.0
1765925807.2024164,btc-updown-15m-1765925100,1765925100.0,1765926000.0,1765925807.2024164,192.7975835800171,0.3,0.31,0.69,0.7,0.37,0.6,0.97,0.98,STRADDLE_COMPLETE,False,0.0,True,True,False,0.37,0.37,0.6,0.6,,,0.0,,15,15,False,False,240,240,0,0,0,100.0,0.0,,False,False,0,0.05,0.95,0.02,0.030000000000000027,True,True,,False,False,False,0.4,0.62,0.37,0.6,15.0,15.0,15.0,False,False,0.37,0.0,0.0,,0,,0.0,0.0
1765925809.1131248,btc-updown-15m-1765925100,1765925100.0,1765926000.0,1765925809.1131248,190.8868751525879,0.24,0.25,0.75,0.76,0.37,0.6,0.97,0.98,STRADDLE_COMPLETE,False,0.0,True,True,False,0.37,0.37,0.6,0.6,,,0.0,,15,15,False,False,240,240,0,0,0,100.0,0.0,,False,False,0,0.05,0.95,0.02,0.030000000000000027,True,True,,False,False,False,0.4,0.62,0.37,0.6,15.0,15.0,15.0,False,False,0.37,0.0,0.0,,0,,0.0,0.0
1765925811.0035274,btc-updown-15m-1765925100,1765925100.0,1765926000.0,1765925811.0035274,188.9964725971222,0.24,0.25,0.75,0.76,0.37,0.6,0.97,0.98,STRADDLE_COMPLETE,False,0.0,True,True,False,0.37,0.37,0.6,0.6,,,0.0,,15,15,False,False,240,240,0,0,0,100.0,0.0,,False,False,0,0.05,0.95,0.02,0.030000000000000027,True,True,,False,False,False,0.4,0.62,0.37,0.6,15.0,15.0,15.0,False,False,0.37,0.0,0.0,,0,,0.0,0.0
1765925812.916094,btc-updown-15m-1765925100,1765925100.0,1765926000.0,1765925812.916094,187.08390593528748,0.24,0.25,0.75,0.76,0.37,0.6,0.97,0.98,STRADDLE_COMPLETE,False,0.0,True,True,False,0.37,0.37,0.6,0.6,,,0.0,,15,15,False,False,240,240,0,0,0,100.0,0.0,,False,False,0,0.05,0.95,0.02,0.030000000000000027,True,True,,False,False,False,0.4,0.62,0.37,0.6,15.0,15.0,15.0,False,False,0.37,0.0,0.0,,0,,0.0,0.0
1765925814.7994492,btc-updown-15m-1765925100,1765925100.0,1765926000.0,1765925814.7994492,185.20055079460144,0.23,0.24,0.76,0.77,0.37,0.6,0.97,0.98,STRADDLE_COMPLETE,False,0.0,True,True,False,0.37,0.37,0.6,0.6,,,0.0,,15,15,False,False,240,240,0,0,0,100.0,0.0,,False,False,0,0.05,0.95,0.02,0.030000000000000027,True,True,,False,False,False,0.4,0.62,0.37,0.6,15.0,15.0,15.0,False,False,0.37,0.0,0.0,,0,,0.0,0.0
1765925816.6855958,btc-updown-15m-1765925100,1765925100.0,1765926000.0,1765925816.6855958,183.31440424919128,0.11,0.12,0.89,0.9,0.37,0.6,0.97,0.98,STRADDLE_COMPLETE,False,0.0,True,True,False,0.37,0.37,0.6,0.6,,,0.0,,15,15,False,False,240,240,0,0,0,100.0,0.0,,False,False,0,0.05,0.95,0.02,0.030000000000000027,True,True,,False,False,False,0.4,0.62,0.37,0.6,15.0,15.0,15.0,False,False,0.37,0.0,0.0,,0,,0.0,0.0
1765925818.5912294,btc-updown-15m-1765925100,1765925100.0,1765926000.0,1765925818.5912294,181.40877056121826,0.09,0.11,0.9,0.91,0.37,0.6,0.97,0.98,STRADDLE_COMPLETE,False,0.0,True,True,False,0.37,0.37,0.6,0.6,,,0.0,,15,15,False,False,240,240,0,0,0,100.0,0.0,,False,False,0,0.05,0.95,0.02,0.030000000000000027,True,True,,False,False,False,0.4,0.62,0.37,0.6,15.0,15.0,15.0,False,False,0.37,0.0,0.0,,0,,0.0,0.0
1765925820.518661,btc-updown-15m-1765925100,1765925100.0,1765926000.0,1765925820.518661,179.48133897781372,0.08,0.1,0.91,0.92,0.37,0.6,0.97,0.98,STRADDLE_COMPLETE,False,0.0,True,True,False,0.37,0.37,0.6,0.6,,,0.0,,15,15,False,False,240,240,0,0,0,100.0,0.0,,False,False,0,0.05,0.95,0.02,0.030000000000000027,True,True,,False,False,False,0.4,0.62,0.37,0.6,15.0,15.0,15.0,False,False,0.37,0.0,0.0,,0,,0.0,0.0
1765925822.4088762,btc-updown-15m-1765925100,1765925100.0,1765926000.0,1765925822.4088762,177.5911238193512,0.08,0.09,0.91,0.92,0.37,0.6,0.97,0.98,STRADDLE_COMPLETE,False,0.0,True,True,False,0.37,0.37,0.6,0.6,,,0.0,,15,15,False,False,240,240,0,0,0,100.0,0.0,,False,False,0,0.05,0.95,0.02,0.030000000000000027,True,True,,False,False,False,0.4,0.62,0.37,0.6,15.0,15.0,15.0,False,False,0.37,0.0,0.0,,0,,0.0,0.0
1765925824.2996051,btc-updown-15m-1765925100,1765925100.0,1765926000.0,1765925824.2996051,175.7003948688507,0.08,0.09,0.91,0.92,0.37,0.6,0.97,0.98,STRADDLE_COMPLETE,False,0.0,True,True,False,0.37,0.37,0.6,0.6,,,0.0,,15,15,False,False,240,240,0,0,0,100.0,0.0,,False,False,0,0.05,0.95,0.02,0.030000000000000027,True,True,,False,False,False,0.4,0.62,0.37,0.6,15.0,15.0,15.0,False,False,0.37,0.0,0.0,,0,,0.0,0.0
1765925826.2214239,btc-updown-15m-1765925100,1765925100.0,1765926000.0,1765925826.2214239,173.77857613563538,0.07,0.08,0.92,0.94,0.37,0.6,0.97,0.98,STRADDLE_COMPLETE,False,0.0,True,True,False,0.37,0.37,0.6,0.6,,,0.0,,15,15,False,False,240,240,0,0,0,100.0,0.0,,False,False,0,0.05,0.95,0.02,0.030000000000000027,True,True,,False,False,False,0.4,0.62,0.37,0.6,15.0,15.0,15.0,False,False,0.37,0.0,0.0,,0,,0.0,0.0
1765925828.1305337,btc-updown-15m-1765925100,1765925100.0,1765926000.0,1765925828.1305337,171.86946630477905,0.07,0.08,0.92,0.93,0.37,0.6,0.97,0.98,STRADDLE_COMPLETE,False,0.0,True,True,False,0.37,0.37,0.6,0.6,,,0.0,,15,15,False,False,240,240,0,0,0,100.0,0.0,,False,False,0,0.05,0.95,0.02,0.030000000000000027,True,True,,False,False,False,0.4,0.62,0.37,0.6,15.0,15.0,15.0,False,False,0.37,0.0,0.0,,0,,0.0,0.0
1765925830.0187433,btc-updown-15m-1765925100,1765925100.0,1765926000.0,1765925830.0187433,169.98125672340393,0.07,0.08,0.92,0.93,0.37,0.6,0.97,0.98,STRADDLE_COMPLETE,False,0.0,True,True,False,0.37,0.37,0.6,0.6,,,0.0,,15,15,False,False,240,240,0,0,0,100.0,0.0,,False,False,0,0.05,0.95,0.02,0.030000000000000027,True,True,,False,False,False,0.4,0.62,0.37,0.6,15.0,15.0,15.0,False,False,0.37,0.0,0.0,,0,,0.0,0.0
1765925831.9339902,btc-updown-15m-1765925100,1765925100.0,1765926000.0,1765925831.9339902,168.06600975990295,0.05,0.06,0.94,0.95,0.37,0.6,0.97,0.98,STRADDLE_COMPLETE,False,0.0,True,True,False,0.37,0.37,0.6,0.6,,,0.0,,15,15,False,False,240,240,0,0,0,100.0,0.0,,False,False,0,0.05,0.95,0.02,0.030000000000000027,True,True,,False,False,False,0.4,0.62,0.37,0.6,15.0,15.0,15.0,False,False,0.37,0.0,0.0,,0,,0.0,0.0
1765925833.8251276,btc-updown-15m-1765925100,1765925100.0,1765926000.0,1765925833.8251276,166.17487239837646,0.04,0.05,0.95,0.96,0.37,0.6,0.97,0.98,STRADDLE_COMPLETE,False,0.0,True,True,False,0.37,0.37,0.6,0.6,,,0.0,,15,15,False,False,240,240,0,0,0,100.0,0.0,,False,False,0,0.05,0.95,0.02,0.030000000000000027,True,True,,False,False,False,0.4,0.62,0.37,0.6,15.0,15.0,15.0,False,False,0.37,0.0,0.0,,0,,0.0,0.0
1765925835.7251842,btc-updown-15m-1765925100,1765925100.0,1765926000.0,1765925835.7251842,164.2748157978058,0.03,0.04,0.96,0.97,0.37,0.6,0.97,0.98,STRADDLE_COMPLETE,False,0.0,True,True,False,0.37,0.37,0.6,0.6,,,0.0,,15,15,False,False,240,240,0,0,0,100.0,0.0,,False,False,0,0.05,0.95,0.02,0.030000000000000027,True,True,,False,False,False,0.4,0.62,0.37,0.6,15.0,15.0,15.0,False,False,0.37,0.0,0.0,,0,,0.0,0.0
1765925837.6105351,btc-updown-15m-1765925100,1765925100.0,1765926000.0,1765925837.6105351,162.3894648551941,0.02,0.03,0.97,0.98,0.37,0.6,0.97,0.98,STRADDLE_COMPLETE,False,0.0,True,True,False,0.37,0.37,0.6,0.6,,,0.0,,15,15,False,False,240,240,0,0,0,100.0,0.0,,False,False,0,0.05,0.95,0.02,0.030000000000000027,True,True,,False,False,False,0.4,0.62,0.37,0.6,15.0,15.0,15.0,False,False,0.37,0.0,0.0,,0,,0.0,0.0
1765925839.5031364,btc-updown-15m-1765925100,1765925100.0,1765926000.0,1765925839.5031364,160.49686360359192,0.02,0.03,0.97,0.98,0.37,0.6,0.97,0.98,STRADDLE_COMPLETE,False,0.0,True,True,False,0.37,0.37,0.6,0.6,,,0.0,,15,15,False,False,240,240,0,0,0,100.0,0.0,,False,False,0,0.05,0.95,0.02,0.030000000000000027,True,True,,False,False,False,0.4,0.62,0.37,0.6,15.0,15.0,15.0,False,False,0.37,0.0,0.0,,0,,0.0,0.0
1765925841.385049,btc-updown-15m-1765925100,1765925100.0,1765926000.0,1765925841.385049,158.61495089530945,0.02,0.03,0.97,0.98,0.37,0.6,0.97,0.98,STRADDLE_COMPLETE,False,0.0,True,True,False,0.37,0.37,0.6,0.6,,,0.0,,15,15,False,False,240,240,0,0,0,100.0,0.0,,False,False,0,0.05,0.95,0.02,0.030000000000000027,True,True,,False,False,False,0.4,0.62,0.37,0.6,15.0,15.0,15.0,False,False,0.37,0.0,0.0,,0,,0.0,0.0
1765925843.2688947,btc-updown-15m-1765925100,1765925100.0,1765926000.0,1765925843.2688947,156.7311053276062,0.02,0.03,0.97,0.98,0.37,0.6,0.97,0.98,STRADDLE_COMPLETE,False,0.0,True,True,False,0.37,0.37,0.6,0.6,,,0.0,,15,15,False,False,240,240,0,0,0,100.0,0.0,,False,False,0,0.05,0.95,0.02,0.030000000000000027,True,True,,False,False,False,0.4,0.62,0.37,0.6,15.0,15.0,15.0,False,False,0.37,0.0,0.0,,0,,0.0,0.0
1765925845.1717963,btc-updown-15m-1765925100,1765925100.0,1765926000.0,1765925845.1717963,154.8282036781311,0.02,0.03,0.97,0.98,0.37,0.6,0.97,0.98,STRADDLE_COMPLETE,False,0.0,True,True,False,0.37,0.37,0.6,0.6,,,0.0,,15,15,False,False,240,240,0,0,0,100.0,0.0,,False,False,0,0.05,0.95,0.02,0.030000000000000027,True,True,,False,False,False,0.4,0.62,0.37,0.6,15.0,15.0,15.0,False,False,0.37,0.0,0.0,,0,,0.0,0.0
1765925847.075782,btc-updown-15m-1765925100,1765925100.0,1765926000.0,1765925847.075782,152.92421793937683,0.03,0.04,0.96,0.97,0.37,0.6,0.97,0.98,STRADDLE_COMPLETE,False,0.0,True,True,False,0.37,0.37,0.6,0.6,,,0.0,,15,15,False,False,240,240,0,0,0,100.0,0.0,,False,False,0,0.05,0.95,0.02,0.030000000000000027,True,True,,False,False,False,0.4,0.62,0.37,0.6,15.0,15.0,15.0,False,False,0.37,0.0,0.0,,0,,0.0,0.0
1765925848.9785173,btc-updown-15m-1765925100,1765925100.0,1765926000.0,1765925848.9785173,151.02148270606995,0.04,0.05,0.95,0.96,0.37,0.6,0.97,0.98,STRADDLE_COMPLETE,False,0.0,True,True,False,0.37,0.37,0.6,0.6,,,0.0,,15,15,False,False,240,240,0,0,0,100.0,0.0,,False,False,0,0.05,0.95,0.02,0.030000000000000027,True,True,,False,False,False,0.4,0.62,0.37,0.6,15.0,15.0,15.0,False,False,0.37,0.0,0.0,,0,,0.0,0.0
1765925850.8597126,btc-updown-15m-1765925100,1765925100.0,1765926000.0,1765925850.8597126,149.140287399292,0.03,0.05,0.95,0.97,0.37,0.6,0.97,0.98,STRADDLE_COMPLETE,False,0.0,True,True,False,0.37,0.37,0.6,0.6,,,0.0,,15,15,False,False,240,240,0,0,0,100.0,0.0,,False,False,0,0.05,0.95,0.02,0.030000000000000027,True,True,,False,False,False,0.4,0.62,0.37,0.6,15.0,15.0,15.0,False,False,0.37,0.0,0.0,,0,,0.0,0.0
1765925852.7663987,btc-updown-15m-1765925100,1765925100.0,1765926000.0,1765925852.7663987,147.23360133171082,0.03,0.04,0.96,0.97,0.37,0.6,0.97,0.98,STRADDLE_COMPLETE,False,0.0,True,True,False,0.37,0.37,0.6,0.6,,,0.0,,15,15,False,False,240,240,0,0,0,100.0,0.0,,False,False,0,0.05,0.95,0.02,0.030000000000000027,True,True,,False,False,False,0.4,0.62,0.37,0.6,15.0,15.0,15.0,False,False,0.37,0.0,0.0,,0,,0.0,0.0
1765925854.6442614,btc-updown-15m-1765925100,1765925100.0,1765926000.0,1765925854.6442614,145.35573863983154,0.04,0.05,0.95,0.96,0.37,0.6,0.97,0.98,STRADDLE_COMPLETE,False,0.0,True,True,False,0.37,0.37,0.6,0.6,,,0.0,,15,15,False,False,240,240,0,0,0,100.0,0.0,,False,False,0,0.05,0.95,0.02,0.030000000000000027,True,True,,False,False,False,0.4,0.62,0.37,0.6,15.0,15.0,15.0,False,False,0.37,0.0,0.0,,0,,0.0,0.0
1765925856.5386014,btc-updown-15m-1765925100,1765925100.0,1765926000.0,1765925856.5386014,143.46139860153198,0.03,0.05,0.95,0.97,0.37,0.6,0.97,0.98,STRADDLE_COMPLETE,False,0.0,True,True,False,0.37,0.37,0.6,0.6,,,0.0,,15,15,False,False,240,240,0,0,0,100.0,0.0,,False,False,0,0.05,0.95,0.02,0.030000000000000027,True,True,,False,False,False,0.4,0.62,0.37,0.6,15.0,15.0,15.0,False,False,0.37,0.0,0.0,,0,,0.0,0.0
1765925858.4508138,btc-updown-15m-1765925100,1765925100.0,1765926000.0,1765925858.4508138,141.5491862297058,0.03,0.05,0.95,0.97,0.37,0.6,0.97,0.98,STRADDLE_COMPLETE,False,0.0,True,True,False,0.37,0.37,0.6,0.6,,,0.0,,15,15,False,False,240,240,0,0,0,100.0,0.0,,False,False,0,0.05,0.95,0.02,0.030000000000000027,True,True,,False,False,False,0.4,0.62,0.37,0.6,15.0,15.0,15.0,False,False,0.37,0.0,0.0,,0,,0.0,0.0
1765925860.3528159,btc-updown-15m-1765925100,1765925100.0,1765926000.0,1765925860.3528159,139.64718413352966,0.03,0.05,0.95,0.97,0.37,0.6,0.97,0.98,STRADDLE_COMPLETE,False,0.0,True,True,False,0.37,0.37,0.6,0.6,,,0.0,,15,15,False,False,240,240,0,0,0,100.0,0.0,,False,False,0,0.05,0.95,0.02,0.030000000000000027,True,True,,False,False,False,0.4,0.62,0.37,0.6,15.0,15.0,15.0,False,False,0.37,0.0,0.0,,0,,0.0,0.0
1765925862.251485,btc-updown-15m-1765925100,1765925100.0,1765926000.0,1765925862.251485,137.74851489067078,0.04,0.05,0.95,0.96,0.37,0.6,0.97,0.98,STRADDLE_COMPLETE,False,0.0,True,True,False,0.37,0.37,0.6,0.6,,,0.0,,15,15,False,False,240,240,0,0,0,100.0,0.0,,False,False,0,0.05,0.95,0.02,0.030000000000000027,True,True,,False,False,False,0.4,0.62,0.37,0.6,15.0,15.0,15.0,False,False,0.37,0.0,0.0,,0,,0.0,0.0
1765925864.1465573,btc-updown-15m-1765925100,1765925100.0,1765926000.0,1765925864.1465573,135.8534426689148,0.04,0.05,0.95,0.96,0.37,0.6,0.97,0.98,STRADDLE_COMPLETE,False,0.0,True,True,False,0.37,0.37,0.6,0.6,,,0.0,,15,15,False,False,240,240,0,0,0,100.0,0.0,,False,False,0,0.05,0.95,0.02,0.030000000000000027,True,True,,False,False,False,0.4,0.62,0.37,0.6,15.0,15.0,15.0,False,False,0.37,0.0,0.0,,0,,0.0,0.0
1765925866.0376859,btc-updown-15m-1765925100,1765925100.0,1765926000.0,1765925866.0376859,133.96231412887573,0.04,0.05,0.95,0.96,0.37,0.6,0.97,0.98,STRADDLE_COMPLETE,False,0.0,True,True,False,0.37,0.37,0.6,0.6,,,0.0,,15,15,False,False,240,240,0,0,0,100.0,0.0,,False,False,0,0.05,0.95,0.02,0.030000000000000027,True,True,,False,False,False,0.4,0.62,0.37,0.6,15.0,15.0,15.0,False,False,0.37,0.0,0.0,,0,,0.0,0.0
1765925867.9194465,btc-updown-15m-1765925100,1765925100.0,1765926000.0,1765925867.9194465,132.08055353164673,0.03,0.04,0.96,0.97,0.37,0.6,0.97,0.98,STRADDLE_COMPLETE,False,0.0,True,True,False,0.37,0.37,0.6,0.6,,,0.0,,15,15,False,False,240,240,0,0,0,100.0,0.0,,False,False,0,0.05,0.95,0.02,0.030000000000000027,True,True,,False,False,False,0.4,0.62,0.37,0.6,15.0,15.0,15.0,False,False,0.37,0.0,0.0,,0,,0.0,0.0
1765925869.8264115,btc-updown-15m-1765925100,1765925100.0,1765926000.0,1765925869.8264115,130.173588514328,0.03,0.05,0.96,0.97,0.37,0.6,0.97,0.98,STRADDLE_COMPLETE,False,0.0,True,True,False,0.37,0.37,0.6,0.6,,,0.0,,15,15,False,False,240,240,0,0,0,100.0,0.0,,False,False,0,0.05,0.95,0.02,0.030000000000000027,True,True,,False,False,False,0.4,0.62,0.37,0.6,15.0,15.0,15.0,False,False,0.37,0.0,0.0,,0,,0.0,0.0
1765925871.7098682,btc-updown-15m-1765925100,1765925100.0,1765926000.0,1765925871.7098682,128.29013180732727,0.03,0.05,0.96,0.97,0.37,0.6,0.97,0.98,STRADDLE_COMPLETE,False,0.0,True,True,False,0.37,0.37,0.6,0.6,,,0.0,,15,15,False,False,240,240,0,0,0,100.0,0.0,,False,False,0,0.05,0.95,0.02,0.030000000000000027,True,True,,False,False,False,0.4,0.62,0.37,0.6,15.0,15.0,15.0,False,False,0.37,0.0,0.0,,0,,0.0,0.0
1765925873.5872138,btc-updown-15m-1765925100,1765925100.0,1765926000.0,1765925873.5872138,126.41278624534607,0.04,0.05,0.95,0.97,0.37,0.6,0.97,0.98,STRADDLE_COMPLETE,False,0.0,True,True,False,0.37,0.37,0.6,0.6,,,0.0,,15,15,False,False,240,240,0,0,0,100.0,0.0,,False,False,0,0.05,0.95,0.02,0.030000000000000027,True,True,,False,False,False,0.4,0.62,0.37,0.6,15.0,15.0,15.0,False,False,0.37,0.0,0.0,,0,,0.0,0.0
1765925875.4828553,btc-updown-15m-1765925100,1765925100.0,1765926000.0,1765925875.4828553,124.5171446800232,0.04,0.05,0.95,0.97,0.37,0.6,0.97,0.98,STRADDLE_COMPLETE,False,0.0,True,True,False,0.37,0.37,0.6,0.6,,,0.0,,15,15,False,False,240,240,0,0,0,100.0,0.0,,False,False,0,0.05,0.95,0.02,0.030000000000000027,True,True,,False,False,False,0.4,0.62,0.37,0.6,15.0,15.0,15.0,False,False,0.37,0.0,0.0,,0,,0.0,0.0
1765925877.3821034,btc-updown-15m-1765925100,1765925100.0,1765926000.0,1765925877.3821034,122.61789655685425,0.04,0.05,0.95,0.96,0.37,0.6,0.97,0.98,STRADDLE_COMPLETE,False,0.0,True,True,False,0.37,0.37,0.6,0.6,,,0.0,,15,15,False,False,240,240,0,0,0,100.0,0.0,,False,False,0,0.05,0.95,0.02,0.030000000000000027,True,True,,False,False,False,0.4,0.62,0.37,0.6,15.0,15.0,15.0,False,False,0.37,0.0,0.0,,0,,0.0,0.0
1765925879.2616735,btc-updown-15m-1765925100,1765925100.0,1765926000.0,1765925879.2616735,120.73832654953003,0.03,0.05,0.95,0.97,0.37,0.6,0.97,0.98,STRADDLE_COMPLETE,False,0.0,True,True,False,0.37,0.37,0.6,0.6,,,0.0,,15,15,False,False,240,240,0,0,0,100.0,0.0,,False,False,0,0.05,0.95,0.02,0.030000000000000027,True,True,,False,False,False,0.4,0.62,0.37,0.6,15.0,15.0,15.0,False,False,0.37,0.0,0.0,,0,,0.0,0.0
1765925881.159899,btc-updown-15m-1765925100,1765925100.0,1765926000.0,1765925881.159899,118.84010100364685,0.03,0.05,0.95,0.97,0.37,0.6,0.97,0.98,STRADDLE_COMPLETE,False,0.0,True,True,False,0.37,0.37,0.6,0.6,,,0.0,,15,15,False,False,240,240,0,0,0,100.0,0.0,,False,False,0,0.05,0.95,0.02,0.030000000000000027,True,True,,False,False,False,0.4,0.62,0.37,0.6,15.0,15.0,15.0,False,False,0.37,0.0,0.0,,0,,0.0,0.0
1765925883.058203,btc-updown-15m-1765925100,1765925100.0,1765926000.0,1765925883.058203,116.94179701805115,0.02,0.03,0.97,0.98,0.37,0.6,0.97,0.98,STRADDLE_COMPLETE,False,0.0,True,True,False,0.37,0.37,0.6,0.6,,,0.0,,15,15,False,False,240,240,0,0,0,100.0,0.0,,False,False,0,0.05,0.95,0.02,0.030000000000000027,True,True,,False,False,False,0.4,0.62,0.37,0.6,15.0,15.0,15.0,False,False,0.37,0.0,0.0,,0,,0.0,0.0
1765925884.968487,btc-updown-15m-1765925100,1765925100.0,1765926000.0,1765925884.968487,115.03151297569275,0.02,0.03,0.97,0.98,0.37,0.6,0.97,0.98,STRADDLE_COMPLETE,False,0.0,True,True,False,0.37,0.37,0.6,0.6,,,0.0,,15,15,False,False,240,240,0,0,0,100.0,0.0,,False,False,0,0.05,0.95,0.02,0.030000000000000027,True,True,,False,False,False,0.4,0.62,0.37,0.6,15.0,15.0,15.0,False,False,0.37,0.0,0.0,,0,,0.0,0.0
1765925886.8610575,btc-updown-15m-1765925100,1765925100.0,1765926000.0,1765925886.8610575,113.13894248008728,0.02,0.03,0.97,0.98,0.37,0.6,0.97,0.98,STRADDLE_COMPLETE,False,0.0,True,True,False,0.37,0.37,0.6,0.6,,,0.0,,15,15,False,False,240,240,0,0,0,100.0,0.0,,False,False,0,0.05,0.95,0.02,0.030000000000000027,True,True,,False,False,False,0.4,0.62,0.37,0.6,15.0,15.0,15.0,False,False,0.37,0.0,0.0,,0,,0.0,0.0
1765925888.7598903,btc-updown-15m-1765925100,1765925100.0,1765926000.0,1765925888.7598903,111.24010968208313,0.02,0.03,0.97,0.98,0.37,0.6,0.97,0.98,STRADDLE_COMPLETE,False,0.0,True,True,False,0.37,0.37,0.6,0.6,,,0.0,,15,15,False,False,240,240,0,0,0,100.0,0.0,,False,False,0,0.05,0.95,0.02,0.030000000000000027,True,True,,False,False,False,0.4,0.62,0.37,0.6,15.0,15.0,15.0,False,False,0.37,0.0,0.0,,0,,0.0,0.0
1765925890.6696491,btc-updown-15m-1765925100,1765925100.0,1765926000.0,1765925890.6696491,109.33035087585449,0.02,0.03,0.97,0.98,0.37,0.6,0.97,0.98,STRADDLE_COMPLETE,False,0.0,True,True,False,0.37,0.37,0.6,0.6,,,0.0,,15,15,False,False,240,240,0,0,0,100.0,0.0,,False,False,0,0.05,0.95,0.02,0.030000000000000027,True,True,,False,False,False,0.4,0.62,0.37,0.6,15.0,15.0,15.0,False,False,0.37,0.0,0.0,,0,,0.0,0.0
1765925892.5600383,btc-updown-15m-1765925100,1765925100.0,1765926000.0,1765925892.5600383,107.43996167182922,0.02,0.03,0.97,0.98,0.37,0.6,0.97,0.98,STRADDLE_COMPLETE,False,0.0,True,True,False,0.37,0.37,0.6,0.6,,,0.0,,15,15,False,False,240,240,0,0,0,100.0,0.0,,False,False,0,0.05,0.95,0.02,0.030000000000000027,True,True,,False,False,False,0.4,0.62,0.37,0.6,15.0,15.0,15.0,False,False,0.37,0.0,0.0,,0,,0.0,0.0
1765925894.45892,btc-updown-15m-1765925100,1765925100.0,1765926000.0,1765925894.45892,105.54107999801636,0.02,0.03,0.97,0.98,0.37,0.6,0.97,0.98,STRADDLE_COMPLETE,False,0.0,True,True,False,0.37,0.37,0.6,0.6,,,0.0,,15,15,False,False,240,240,0,0,0,100.0,0.0,,False,False,0,0.05,0.95,0.02,0.030000000000000027,True,True,,False,False,False,0.4,0.62,0.37,0.6,15.0,15.0,15.0,False,False,0.37,0.0,0.0,,0,,0.0,0.0
1765925896.3570309,btc-updown-15m-1765925100,1765925100.0,1765926000.0,1765925896.3570309,103.64296913146973,0.02,0.03,0.97,0.98,0.37,0.6,0.97,0.98,STRADDLE_COMPLETE,False,0.0,True,True,False,0.37,0.37,0.6,0.6,,,0.0,,15,15,False,False,240,240,0,0,0,100.0,0.0,,False,False,0,0.05,0.95,0.02,0.030000000000000027,True,True,,False,False,False,0.4,0.62,0.37,0.6,15.0,15.0,15.0,False,False,0.37,0.0,0.0,,0,,0.0,0.0
1765925898.277213,btc-updown-15m-1765925100,1765925100.0,1765926000.0,1765925898.277213,101.72278690338135,0.02,0.03,0.97,0.98,0.37,0.6,0.97,0.98,STRADDLE_COMPLETE,False,0.0,True,True,False,0.37,0.37,0.6,0.6,,,0.0,,15,15,False,False,240,240,0,0,0,100.0,0.0,,False,False,0,0.05,0.95,0.02,0.030000000000000027,True,True,,False,False,False,0.4,0.62,0.37,0.6,15.0,15.0,15.0,False,False,0.37,0.0,0.0,,0,,0.0,0.0
1765925900.1797063,btc-updown-15m-1765925100,1765925100.0,1765926000.0,1765925900.1797063,99.82029366493225,0.02,0.03,0.97,0.98,0.37,0.6,0.97,0.98,STRADDLE_COMPLETE,False,0.0,True,True,False,0.37,0.37,0.6,0.6,,,0.0,,15,15,False,False,240,240,0,0,0,100.0,0.0,,False,False,0,0.05,0.95,0.02,0.030000000000000027,True,True,,False,False,False,0.4,0.62,0.37,0.6,15.0,15.0,15.0,False,False,0.37,0.0,0.0,,0,,0.0,0.0
1765925902.0789254,btc-updown-15m-1765925100,1765925100.0,1765926000.0,1765925902.0789254,97.92107462882996,0.02,0.03,0.97,0.98,0.37,0.6,0.97,0.98,STRADDLE_COMPLETE,False,0.0,True,True,False,0.37,0.37,0.6,0.6,,,0.0,,15,15,False,False,240,240,0,0,0,100.0,0.0,,False,False,0,0.05,0.95,0.02,0.030000000000000027,True,True,,False,False,False,0.4,0.62,0.37,0.6,15.0,15.0,15.0,False,False,0.37,0.0,0.0,,0,,0.0,0.0
1765925903.9828515,btc-updown-15m-1765925100,1765925100.0,1765926000.0,1765925903.9828515,96.01714849472046,0.02,0.03,0.97,0.98,0.37,0.6,0.97,0.98,STRADDLE_COMPLETE,False,0.0,True,True,False,0.37,0.37,0.6,0.6,,,0.0,,15,15,False,False,240,240,0,0,0,100.0,0.0,,False,False,0,0.05,0.95,0.02,0.030000000000000027,True,True,,False,False,False,0.4,0.62,0.37,0.6,15.0,15.0,15.0,False,False,0.37,0.0,0.0,,0,,0.0,0.0
1765925905.8796504,btc-updown-15m-1765925100,1765925100.0,1765926000.0,1765925905.8796504,94.12034964561462,0.02,0.03,0.97,0.98,0.37,0.6,0.97,0.98,STRADDLE_COMPLETE,False,0.0,True,True,False,0.37,0.37,0.6,0.6,,,0.0,,15,15,False,False,240,240,0,0,0,100.0,0.0,,False,False,0,0.05,0.95,0.02,0.030000000000000027,True,True,,False,False,False,0.4,0.62,0.37,0.6,15.0,15.0,15.0,False,False,0.37,0.0,0.0,,0,,0.0,0.0
1765925907.7804368,btc-updown-15m-1765925100,1765925100.0,1765926000.0,1765925907.7804368,92.21956324577332,0.02,0.03,0.97,0.98,0.37,0.6,0.97,0.98,STRADDLE_COMPLETE,False,0.0,True,True,False,0.37,0.37,0.6,0.6,,,0.0,,15,15,False,False,240,240,0,0,0,100.0,0.0,,False,False,0,0.05,0.95,0.02,0.030000000000000027,True,True,,False,False,False,0.4,0.62,0.37,0.6,15.0,15.0,15.0,False,False,0.37,0.0,0.0,,0,,0.0,0.0
1765925909.689153,btc-updown-15m-1765925100,1765925100.0,1765926000.0,1765925909.689153,90.31084704399109,0.02,0.03,0.97,0.98,0.37,0.6,0.97,0.98,STRADDLE_COMPLETE,False,0.0,True,True,False,0.37,0.37,0.6,0.6,,,0.0,,15,15,False,False,240,240,0,0,0,100.0,0.0,,False,False,0,0.05,0.95,0.02,0.030000000000000027,True,True,,False,False,False,0.4,0.62,0.37,0.6,15.0,15.0,15.0,False,False,0.37,0.0,0.0,,0,,0.0,0.0
1765925911.5571082,btc-updown-15m-1765925100,1765925100.0,1765926000.0,1765925911.5571082,88.44289183616638,0.02,0.03,0.97,0.98,0.37,0.6,0.97,0.98,STRADDLE_COMPLETE,False,0.0,True,True,False,0.37,0.37,0.6,0.6,,,0.0,,15,15,False,False,240,240,0,0,0,100.0,0.0,,False,False,0,0.05,0.95,0.02,0.030000000000000027,True,True,,False,False,False,0.4,0.62,0.37,0.6,15.0,15.0,15.0,False,False,0.37,0.0,0.0,,0,,0.0,0.0
1765925913.4380915,btc-updown-15m-1765925100,1765925100.0,1765926000.0,1765925913.4380915,86.56190848350525,0.02,0.03,0.97,0.98,0.37,0.6,0.97,0.98,STRADDLE_COMPLETE,False,0.0,True,True,False,0.37,0.37,0.6,0.6,,,0.0,,15,15,False,False,240,240,0,0,0,100.0,0.0,,False,False,0,0.05,0.95,0.02,0.030000000000000027,True,True,,False,False,False,0.4,0.62,0.37,0.6,15.0,15.0,15.0,False,False,0.37,0.0,0.0,,0,,0.0,0.0
1765925915.3314846,btc-updown-15m-1765925100,1765925100.0,1765926000.0,1765925915.3314846,84.66851544380188,0.02,0.03,0.97,0.98,0.37,0.6,0.97,0.98,STRADDLE_COMPLETE,False,0.0,True,True,False,0.37,0.37,0.6,0.6,,,0.0,,15,15,False,False,240,240,0,0,0,100.0,0.0,,False,False,0,0.05,0.95,0.02,0.030000000000000027,True,True,,False,False,False,0.4,0.62,0.37,0.6,15.0,15.0,15.0,False,False,0.37,0.0,0.0,,0,,0.0,0.0
1765925917.22464,btc-updown-15m-1765925100,1765925100.0,1765926000.0,1765925917.22464,82.77536010742188,0.02,0.03,0.97,0.98,0.37,0.6,0.97,0.98,STRADDLE_COMPLETE,False,0.0,True,True,False,0.37,0.37,0.6,0.6,,,0.0,,15,15,False,False,240,240,0,0,0,100.0,0.0,,False,False,0,0.05,0.95,0.02,0.030000000000000027,True,True,,False,False,False,0.4,0.62,0.37,0.6,15.0,15.0,15.0,False,False,0.37,0.0,0.0,,0,,0.0,0.0
1765925919.0991147,btc-updown-15m-1765925100,1765925100.0,1765926000.0,1765925919.0991147,80.90088534355164,0.02,0.03,0.97,0.98,0.37,0.6,0.97,0.98,STRADDLE_COMPLETE,False,0.0,True,True,False,0.37,0.37,0.6,0.6,,,0.0,,15,15,False,False,240,240,0,0,0,100.0,0.0,,False,False,0,0.05,0.95,0.02,0.030000000000000027,True,True,,False,False,False,0.4,0.62,0.37,0.6,15.0,15.0,15.0,False,False,0.37,0.0,0.0,,0,,0.0,0.0
1765925920.99003,btc-updown-15m-1765925100,1765925100.0,1765926000.0,1765925920.99003,79.00996994972229,0.02,0.03,0.97,0.98,0.37,0.6,0.97,0.98,STRADDLE_COMPLETE,False,0.0,True,True,False,0.37,0.37,0.6,0.6,,,0.0,,15,15,False,False,240,240,0,0,0,100.0,0.0,,False,False,0,0.05,0.95,0.02,0.030000000000000027,True,True,,False,False,False,0.4,0.62,0.37,0.6,15.0,15.0,15.0,False,False,0.37,0.0,0.0,,0,,0.0,0.0
1765925922.8793728,btc-updown-15m-1765925100,1765925100.0,1765926000.0,1765925922.8793728,77.1206271648407,0.02,0.04,0.96,0.97,0.37,0.6,0.97,0.98,STRADDLE_COMPLETE,False,0.0,True,True,False,0.37,0.37,0.6,0.6,,,0.0,,15,15,False,False,240,240,0,0,0,100.0,0.0,,False,False,0,0.05,0.95,0.02,0.030000000000000027,True,True,,False,False,False,0.4,0.62,0.37,0.6,15.0,15.0,15.0,False,False,0.37,0.0,0.0,,0,,0.0,0.0
1765925924.7661026,btc-updown-15m-1765925100,1765925100.0,1765926000.0,1765925924.7661026,75.23389744758606,0.03,0.05,0.96,0.97,0.37,0.6,0.97,0.98,STRADDLE_COMPLETE,False,0.0,True,True,False,0.37,0.37,0.6,0.6,,,0.0,,15,15,False,False,240,240,0,0,0,100.0,0.0,,False,False,0,0.05,0.95,0.02,0.030000000000000027,True,True,,False,False,False,0.4,0.62,0.37,0.6,15.0,15.0,15.0,False,False,0.37,0.0,0.0,,0,,0.0,0.0
1765925926.660267,btc-updown-15m-1765925100,1765925100.0,1765926000.0,1765925926.660267,73.33973288536072,0.05,0.06,0.94,0.95,0.37,0.6,0.97,0.98,STRADDLE_COMPLETE,False,0.0,True,True,False,0.37,0.37,0.6,0.6,,,0.0,,15,15,False,False,240,240,0,0,0,100.0,0.0,,False,False,0,0.05,0.95,0.02,0.030000000000000027,True,True,,False,False,False,0.4,0.62,0.37,0.6,15.0,15.0,15.0,False,False,0.37,0.0,0.0,,0,,0.0,0.0
1765925928.5492718,btc-updown-15m-1765925100,1765925100.0,1765926000.0,1765925928.5492718,71.45072817802429,0.05,0.07,0.94,0.95,0.37,0.6,0.97,0.98,STRADDLE_COMPLETE,False,0.0,True,True,False,0.37,0.37,0.6,0.6,,,0.0,,15,15,False,False,240,240,0,0,0,100.0,0.0,,False,False,0,0.05,0.95,0.02,0.030000000000000027,True,True,,False,False,False,0.4,0.62,0.37,0.6,15.0,15.0,15.0,False,False,0.37,0.0,0.0,,0,,0.0,0.0
1765925930.424947,btc-updown-15m-1765925100,1765925100.0,1765926000.0,1765925930.424947,69.57505297660828,0.02,0.03,0.97,0.98,0.37,0.6,0.97,0.98,STRADDLE_COMPLETE,False,0.0,True,True,False,0.37,0.37,0.6,0.6,,,0.0,,15,15,False,False,240,240,0,0,0,100.0,0.0,,False,False,0,0.05,0.95,0.02,0.030000000000000027,True,True,,False,False,False,0.4,0.62,0.37,0.6,15.0,15.0,15.0,False,False,0.37,0.0,0.0,,0,,0.0,0.0
1765925932.3101175,btc-updown-15m-1765925100,1765925100.0,1765926000.0,1765925932.3101175,67.68988251686096,0.02,0.03,0.97,0.98,0.37,0.6,0.97,0.98,STRADDLE_COMPLETE,False,0.0,True,True,False,0.37,0.37,0.6,0.6,,,0.0,,15,15,False,False,240,240,0,0,0,100.0,0.0,,False,False,0,0.05,0.95,0.02,0.030000000000000027,True,True,,False,False,False,0.4,0.62,0.37,0.6,15.0,15.0,15.0,False,False,0.37,0.0,0.0,,0,,0.0,0.0
1765925934.2029643,btc-updown-15m-1765925100,1765925100.0,1765926000.0,1765925934.2029643,65.79703569412231,0.02,0.03,0.97,0.98,0.37,0.6,0.97,0.98,STRADDLE_COMPLETE,False,0.0,True,True,False,0.37,0.37,0.6,0.6,,,0.0,,15,15,False,False,240,240,0,0,0,100.0,0.0,,False,False,0,0.05,0.95,0.02,0.030000000000000027,True,True,,False,False,False,0.4,0.62,0.37,0.6,15.0,15.0,15.0,False,False,0.37,0.0,0.0,,0,,0.0,0.0
1765925936.084679,btc-updown-15m-1765925100,1765925100.0,1765926000.0,1765925936.084679,63.91532111167908,0.01,0.02,0.98,0.99,0.37,0.6,0.97,0.98,STRADDLE_COMPLETE,False,0.0,True,True,False,0.37,0.37,0.6,0.6,,,0.0,,15,15,False,False,240,240,0,0,0,100.0,0.0,,False,False,0,0.05,0.95,0.02,0.030000000000000027,True,True,,False,False,False,0.4,0.62,0.37,0.6,15.0,15.0,15.0,False,False,0.37,0.0,0.0,,0,,0.0,0.0
1765925937.9739926,btc-updown-15m-1765925100,1765925100.0,1765926000.0,1765925937.9739926,62.026007413864136,0.01,0.02,0.98,0.99,0.37,0.6,0.97,0.98,STRADDLE_COMPLETE,False,0.0,True,True,False,0.37,0.37,0.6,0.6,,,0.0,,15,15,False,False,240,240,0,0,0,100.0,0.0,,False,False,0,0.05,0.95,0.02,0.030000000000000027,True,True,,False,False,False,0.4,0.62,0.37,0.6,15.0,15.0,15.0,False,False,0.37,0.0,0.0,,0,,0.0,0.0
1765925939.888653,btc-updown-15m-1765925100,1765925100.0,1765926000.0,1765925939.888653,60.11134696006775,0.01,0.02,0.98,0.99,0.37,0.6,0.97,0.98,STRADDLE_COMPLETE,False,0.0,True,True,False,0.37,0.37,0.6,0.6,,,0.0,,15,15,False,False,240,240,0,0,0,100.0,0.0,,False,False,0,0.05,0.95,0.02,0.030000000000000027,True,True,,False,False,False,0.4,0.62,0.37,0.6,15.0,15.0,15.0,False,False,0.37,0.0,0.0,,0,,0.0,0.0
1765925941.770516,btc-updown-15m-1765925100,1765925100.0,1765926000.0,1765925941.770516,58.22948408126831,0.01,0.02,0.98,0.99,0.37,0.6,0.97,0.98,STRADDLE_COMPLETE,False,0.0,True,True,False,0.37,0.37,0.6,0.6,,,0.0,,15,15,False,False,240,240,0,0,0,100.0,0.0,,False,False,0,0.05,0.95,0.02,0.030000000000000027,True,True,,False,False,False,0.4,0.62,0.37,0.6,15.0,15.0,15.0,False,False,0.37,0.0,0.0,,0,,0.0,0.0
1765925943.6596859,btc-updown-15m-1765925100,1765925100.0,1765926000.0,1765925943.6596859,56.34031414985657,0.01,0.02,0.98,0.99,0.37,0.6,0.97,0.98,STRADDLE_COMPLETE,False,0.0,True,True,False,0.37,0.37,0.6,0.6,,,0.0,,15,15,False,False,240,240,0,0,0,100.0,0.0,,False,False,0,0.05,0.95,0.02,0.030000000000000027,True,True,,False,False,False,0.4,0.62,0.37,0.6,15.0,15.0,15.0,False,False,0.37,0.0,0.0,,0,,0.0,0.0
1765925945.5602965,btc-updown-15m-1765925100,1765925100.0,1765926000.0,1765925945.5602965,54.43970346450806,0.01,0.02,0.97,0.98,0.37,0.6,0.97,0.98,STRADDLE_COMPLETE,False,0.0,True,True,False,0.37,0.37,0.6,0.6,,,0.0,,15,15,False,False,240,240,0,0,0,100.0,0.0,,False,False,0,0.05,0.95,0.02,0.030000000000000027,True,True,,False,False,False,0.4,0.62,0.37,0.6,15.0,15.0,15.0,False,False,0.37,0.0,0.0,,0,,0.0,0.0
1765925947.4771292,btc-updown-15m-1765925100,1765925100.0,1765926000.0,1765925947.4771292,52.522870779037476,0.02,0.03,0.97,0.98,0.37,0.6,0.97,0.98,STRADDLE_COMPLETE,False,0.0,True,True,False,0.37,0.37,0.6,0.6,,,0.0,,15,15,False,False,240,240,0,0,0,100.0,0.0,,False,False,0,0.05,0.95,0.02,0.030000000000000027,True,True,,False,False,False,0.4,0.62,0.37,0.6,15.0,15.0,15.0,False,False,0.37,0.0,0.0,,0,,0.0,0.0
1765925949.382175,btc-updown-15m-1765925100,1765925100.0,1765926000.0,1765925949.382175,50.61782503128052,0.03,0.04,0.89,0.9,0.37,0.6,0.97,0.98,STRADDLE_COMPLETE,False,0.0,True,True,False,0.37,0.37,0.6,0.6,,,0.0,,15,15,False,False,240,240,0,0,0,100.0,0.0,,False,False,0,0.05,0.95,0.02,0.030000000000000027,True,True,,False,False,False,0.4,0.62,0.37,0.6,15.0,15.0,15.0,False,False,0.37,0.0,0.0,,0,,0.0,0.0
1765925951.276458,btc-updown-15m-1765925100,1765925100.0,1765926000.0,1765925951.276458,48.72354197502136,0.03,0.04,0.96,0.97,0.37,0.6,0.97,0.98,STRADDLE_COMPLETE,False,0.0,True,True,False,0.37,0.37,0.6,0.6,,,0.0,,15,15,False,False,240,240,0,0,0,100.0,0.0,,False,False,0,0.05,0.95,0.02,0.030000000000000027,True,True,,False,False,False,0.4,0.62,0.37,0.6,15.0,15.0,15.0,False,False,0.37,0.0,0.0,,0,,0.0,0.0
1765925953.1620286,btc-updown-15m-1765925100,1765925100.0,1765926000.0,1765925953.1620286,46.837971448898315,0.01,0.02,0.98,0.99,0.37,0.6,0.97,0.98,STRADDLE_COMPLETE,False,0.0,True,True,False,0.37,0.37,0.6,0.6,,,0.0,,15,15,False,False,240,240,0,0,0,100.0,0.0,,False,False,0,0.05,0.95,0.02,0.030000000000000027,True,True,,False,False,False,0.4,0.62,0.37,0.6,15.0,15.0,15.0,False,False,0.37,0.0,0.0,,0,,0.0,0.0
1765925955.0766673,btc-updown-15m-1765925100,1765925100.0,1765926000.0,1765925955.0766673,44.92333269119263,0.01,0.02,0.98,0.99,0.37,0.6,0.97,0.98,STRADDLE_COMPLETE,False,0.0,True,True,False,0.37,0.37,0.6,0.6,,,0.0,,15,15,False,False,240,240,0,0,0,100.0,0.0,,False,False,0,0.05,0.95,0.02,0.030000000000000027,True,True,,False,False,False,0.4,0.62,0.37,0.6,15.0,15.0,15.0,False,False,0.37,0.0,0.0,,0,,0.0,0.0
1765925957.0021362,btc-updown-15m-1765925100,1765925100.0,1765926000.0,1765925957.0021362,42.99786376953125,0.01,0.02,0.98,0.99,0.37,0.6,0.97,0.98,STRADDLE_COMPLETE,False,0.0,True,True,False,0.37,0.37,0.6,0.6,,,0.0,,15,15,False,False,240,240,0,0,0,100.0,0.0,,False,False,0,0.05,0.95,0.02,0.030000000000000027,True,True,,False,False,False,0.4,0.62,0.37,0.6,15.0,15.0,15.0,False,False,0.37,0.0,0.0,,0,,0.0,0.0
1765925958.898174,btc-updown-15m-1765925100,1765925100.0,1765926000.0,1765925958.898174,41.10182595252991,0.01,0.02,0.96,0.98,0.37,0.6,0.97,0.98,STRADDLE_COMPLETE,False,0.0,True,True,False,0.37,0.37,0.6,0.6,,,0.0,,15,15,False,False,240,240,0,0,0,100.0,0.0,,False,False,0,0.05,0.95,0.02,0.030000000000000027,True,True,,False,False,False,0.4,0.62,0.37,0.6,15.0,15.0,15.0,False,False,0.37,0.0,0.0,,0,,0.0,0.0
1765925960.8142314,btc-updown-15m-1765925100,1765925100.0,1765926000.0,1765925960.8142314,39.185768604278564,0.0,0.01,0.99,1.0,0.37,0.6,0.97,0.98,STRADDLE_COMPLETE,False,0.0,True,True,False,0.37,0.37,0.6,0.6,,,0.0,,15,15,False,False,240,240,0,0,0,100.0,0.0,,False,False,0,0.05,0.95,0.02,0.030000000000000027,True,True,,False,False,False,0.4,0.62,0.37,0.6,15.0,15.0,15.0,False,False,0.37,0.0,0.0,,0,,0.0,0.0
1765925962.7034853,btc-updown-15m-1765925100,1765925100.0,1765926000.0,1765925962.7034853,37.29651474952698,0.0,0.01,0.99,1.0,0.37,0.6,0.97,0.98,STRADDLE_COMPLETE,False,0.0,True,True,False,0.37,0.37,0.6,0.6,,,0.0,,15,15,False,False,240,240,0,0,0,100.0,0.0,,False,False,0,0.05,0.95,0.02,0.030000000000000027,True,True,,False,False,False,0.4,0.62,0.37,0.6,15.0,15.0,15.0,False,False,0.37,0.0,0.0,,0,,0.0,0.0
1765925964.5891945,btc-updown-15m-1765925100,1765925100.0,1765926000.0,1765925964.5891945,35.410805463790894,0.0,0.01,0.99,1.0,0.37,0.6,0.97,0.98,STRADDLE_COMPLETE,False,0.0,True,True,False,0.37,0.37,0.6,0.6,,,0.0,,15,15,False,False,240,240,0,0,0,100.0,0.0,,False,False,0,0.05,0.95,0.02,0.030000000000000027,True,True,,False,False,False,0.4,0.62,0.37,0.6,15.0,15.0,15.0,False,False,0.37,0.0,0.0,,0,,0.0,0.0
1765925966.4546223,btc-updown-15m-1765925100,1765925100.0,1765926000.0,1765925966.4546223,33.54537773132324,0.0,0.01,0.99,1.0,0.37,0.6,0.97,0.98,STRADDLE_COMPLETE,False,0.0,True,True,False,0.37,0.37,0.6,0.6,,,0.0,,15,15,False,False,240,240,0,0,0,100.0,0.0,,False,False,0,0.05,0.95,0.02,0.030000000000000027,True,True,,False,False,False,0.4,0.62,0.37,0.6,15.0,15.0,15.0,False,False,0.37,0.0,0.0,,0,,0.0,0.0
1765925968.3751569,btc-updown-15m-1765925100,1765925100.0,1765926000.0,1765925968.3751569,31.62484312057495,0.0,0.01,0.99,1.0,0.37,0.6,0.97,0.98,STRADDLE_COMPLETE,False,0.0,True,True,False,0.37,0.37,0.6,0.6,,,0.0,,15,15,False,False,240,240,0,0,0,100.0,0.0,,False,False,0,0.05,0.95,0.02,0.030000000000000027,True,True,,False,False,False,0.4,0.62,0.37,0.6,15.0,15.0,15.0,False,False,0.37,0.0,0.0,,0,,0.0,0.0
1765925970.256226,btc-updown-15m-1765925100,1765925100.0,1765926000.0,1765925970.256226,29.743773937225342,0.0,0.01,0.99,1.0,0.37,0.6,0.97,0.98,STRADDLE_COMPLETE,False,0.0,True,True,False,0.37,0.37,0.6,0.6,,,0.0,,15,15,False,False,240,240,0,0,0,100.0,0.0,,False,False,0,0.05,0.95,0.02,0.030000000000000027,True,True,,False,False,False,0.4,0.62,0.37,0.6,15.0,15.0,15.0,False,False,0.37,0.0,0.0,,0,,0.0,0.0
1765925972.1697671,btc-updown-15m-1765925100,1765925100.0,1765926000.0,1765925972.1697671,27.830232858657837,0.01,0.03,0.97,0.99,0.37,0.6,0.97,0.98,STRADDLE_COMPLETE,False,0.0,True,True,False,0.37,0.37,0.6,0.6,,,0.0,,15,15,False,False,240,240,0,0,0,100.0,0.0,,False,False,0,0.05,0.95,0.02,0.030000000000000027,True,True,,False,False,False,0.4,0.62,0.37,0.6,15.0,15.0,15.0,False,False,0.37,0.0,0.0,,0,,0.0,0.0
1765925974.075466,btc-updown-15m-1765925100,1765925100.0,1765926000.0,1765925974.075466,25.92453408241272,0.01,0.02,0.99,1.0,0.37,0.6,0.97,0.98,STRADDLE_COMPLETE,False,0.0,True,True,False,0.37,0.37,0.6,0.6,,,0.0,,15,15,False,False,240,240,0,0,0,100.0,0.0,,False,False,0,0.05,0.95,0.02,0.030000000000000027,True,True,,False,False,False,0.4,0.62,0.37,0.6,15.0,15.0,15.0,False,False,0.37,0.0,0.0,,0,,0.0,0.0
1765925975.9808743,btc-updown-15m-1765925100,1765925100.0,1765926000.0,1765925975.9808743,24.01912569999695,0.0,0.01,0.99,1.0,0.37,0.6,0.97,0.98,STRADDLE_COMPLETE,False,0.0,True,True,False,0.37,0.37,0.6,0.6,,,0.0,,15,15,False,False,240,240,0,0,0,100.0,0.0,,False,False,0,0.05,0.95,0.02,0.030000000000000027,True,True,,False,False,False,0.4,0.62,0.37,0.6,15.0,15.0,15.0,False,False,0.37,0.0,0.0,,0,,0.0,0.0
1765925977.926234,btc-updown-15m-1765925100,1765925100.0,1765926000.0,1765925977.926234,22.073765993118286,0.0,0.01,0.99,1.0,0.37,0.6,0.97,0.98,STRADDLE_COMPLETE,False,0.0,True,True,False,0.37,0.37,0.6,0.6,,,0.0,,15,15,False,False,240,240,0,0,0,100.0,0.0,,False,False,0,0.05,0.95,0.02,0.030000000000000027,True,True,,False,False,False,0.4,0.62,0.37,0.6,15.0,15.0,15.0,False,False,0.37,0.0,0.0,,0,,0.0,0.0
1765925979.8040326,btc-updown-15m-1765925100,1765925100.0,1765926000.0,1765925979.8040326,20.195967435836792,0.0,0.01,0.99,1.0,0.37,0.6,0.97,0.98,STRADDLE_COMPLETE,False,0.0,True,True,False,0.37,0.37,0.6,0.6,,,0.0,,15,15,False,False,240,240,0,0,0,100.0,0.0,,False,False,0,0.05,0.95,0.02,0.030000000000000027,True,True,,False,False,False,0.4,0.62,0.37,0.6,15.0,15.0,15.0,False,False,0.37,0.0,0.0,,0,,0.0,0.0
1765925981.7143133,btc-updown-15m-1765925100,1765925100.0,1765926000.0,1765925981.7143133,18.2856867313385,0.0,0.01,0.99,1.0,0.37,0.6,0.97,0.98,STRADDLE_COMPLETE,False,0.0,True,True,False,0.37,0.37,0.6,0.6,,,0.0,,15,15,False,False,240,240,0,0,0,100.0,0.0,,False,False,0,0.05,0.95,0.02,0.030000000000000027,True,True,,False,False,False,0.4,0.62,0.37,0.6,15.0,15.0,15.0,False,False,0.37,0.0,0.0,,0,,0.0,0.0
1765925983.5951433,btc-updown-15m-1765925100,1765925100.0,1765926000.0,1765925983.5951433,16.40485668182373,0.0,0.01,0.99,1.0,0.37,0.6,0.97,0.98,STRADDLE_COMPLETE,False,0.0,True,True,False,0.37,0.37,0.6,0.6,,,0.0,,15,15,False,False,240,240,0,0,0,100.0,0.0,,False,False,0,0.05,0.95,0.02,0.030000000000000027,True,True,,False,False,False,0.4,0.62,0.37,0.6,15.0,15.0,15.0,False,False,0.37,0.0,0.0,,0,,0.0,0.0
1765925985.4659717,btc-updown-15m-1765925100,1765925100.0,1765926000.0,1765925985.4659717,14.53402829170227,0.0,0.01,0.99,1.0,0.37,0.6,0.97,0.98,STRADDLE_COMPLETE,False,0.0,True,True,False,0.37,0.37,0.6,0.6,,,0.0,,15,15,False,False,240,240,0,0,0,100.0,0.0,,False,False,0,0.05,0.95,0.02,0.030000000000000027,True,True,,False,False,False,0.4,0.62,0.37,0.6,15.0,15.0,15.0,False,False,0.37,0.0,0.0,,0,,0.0,0.0
1765925987.3540976,btc-updown-15m-1765925100,1765925100.0,1765926000.0,1765925987.3540976,12.645902395248413,0.0,0.01,0.99,1.0,0.37,0.6,0.97,0.98,STRADDLE_COMPLETE,False,0.0,True,True,False,0.37,0.37,0.6,0.6,,,0.0,,15,15,False,False,240,240,0,0,0,100.0,0.0,,False,False,0,0.05,0.95,0.02,0.030000000000000027,True,True,,False,False,False,0.4,0.62,0.37,0.6,15.0,15.0,15.0,False,False,0.37,0.0,0.0,,0,,0.0,0.0
1765925989.2353652,btc-updown-15m-1765925100,1765925100.0,1765926000.0,1765925989.2353652,10.764634847640991,0.0,0.01,0.99,1.0,0.37,0.6,0.97,0.98,STRADDLE_COMPLETE,False,0.0,True,True,False,0.37,0.37,0.6,0.6,,,0.0,,15,15,False,False,240,240,0,0,0,100.0,0.0,,False,False,0,0.05,0.95,0.02,0.030000000000000027,True,True,,False,False,False,0.4,0.62,0.37,0.6,15.0,15.0,15.0,False,False,0.37,0.0,0.0,,0,,0.0,0.0
1765925991.1135926,btc-updown-15m-1765925100,1765925100.0,1765926000.0,1765925991.1135926,8.886407375335693,0.0,0.01,0.99,1.0,0.37,0.6,0.97,0.98,STRADDLE_COMPLETE,False,0.0,True,True,False,0.37,0.37,0.6,0.6,,,0.0,,15,15,False,False,240,240,0,0,0,100.0,0.0,,False,False,0,0.05,0.95,0.02,0.030000000000000027,True,True,,False,False,False,0.4,0.62,0.37,0.6,15.0,15.0,15.0,False,False,0.37,0.0,0.0,,0,,0.0,0.0
1765925993.0177379,btc-updown-15m-1765925100,1765925100.0,1765926000.0,1765925993.0177379,6.982262134552002,0.0,0.01,0.99,1.0,0.37,0.6,0.97,0.98,STRADDLE_COMPLETE,False,0.0,True,True,False,0.37,0.37,0.6,0.6,,,0.0,,15,15,False,False,240,240,0,0,0,100.0,0.0,,False,False,0,0.05,0.95,0.02,0.030000000000000027,True,True,,False,False,False,0.4,0.62,0.37,0.6,15.0,15.0,15.0,False,False,0.37,0.0,0.0,,0,,0.0,0.0
1765925994.8997655,btc-updown-15m-1765925100,1765925100.0,1765926000.0,1765925994.8997655,5.100234508514404,0.0,0.01,0.99,1.0,0.37,0.6,0.97,0.98,STRADDLE_COMPLETE,False,0.0,True,True,False,0.37,0.37,0.6,0.6,,,0.0,,15,15,False,False,240,240,0,0,0,100.0,0.0,,False,False,0,0.05,0.95,0.02,0.030000000000000027,True,True,,False,False,False,0.4,0.62,0.37,0.6,15.0,15.0,15.0,False,False,0.37,0.0,0.0,,0,,0.0,0.0
1765925996.7698696,btc-updown-15m-1765925100,1765925100.0,1765926000.0,1765925996.7698696,3.230130434036255,0.0,0.01,0.99,1.0,0.37,0.6,0.97,0.98,STRADDLE_COMPLETE,False,0.0,True,True,False,0.37,0.37,0.6,0.6,,,0.0,,15,15,False,False,240,240,0,0,0,100.0,0.0,,False,False,0,0.05,0.95,0.02,0.030000000000000027,True,True,,False,False,False,0.4,0.62,0.37,0.6,15.0,15.0,15.0,False,False,0.37,0.0,0.0,,0,,0.0,0.0
1765925998.6672368,btc-updown-15m-1765925100,1765925100.0,1765926000.0,1765925998.6672368,1.3327631950378418,0.0,0.01,0.99,1.0,0.37,0.6,0.97,0.98,STRADDLE_COMPLETE,False,0.0,True,True,False,0.37,0.37,0.6,0.6,,,0.0,,15,15,False,False,240,240,0,0,0,100.0,0.0,,False,False,0,0.05,0.95,0.02,0.030000000000000027,True,True,,False,False,False,0.4,0.62,0.37,0.6,15.0,15.0,15.0,False,False,0.37,0.0,0.0,,0,,0.0,0.0
