timestamp,slug,market_start_ts,market_end_ts,now_ts,time_remaining,up_bid,up_ask,down_bid,down_ask,up_px,down_px,sum_px,max_sum_price,decision,blocked_maker,order_age,up_filled,down_filled,has_traded,intended_price_up,rounded_price_up,intended_price_down,rounded_price_down,cancel_reason,unwind_method,unwind_price,unwind_result,optimal_size,actual_size,near_resolution_blocked,force_flatten,entry_cutoff_sec,force_flatten_sec,size_chosen,size_max_usd,size_max_final,usd_per_market_cap,test_mode,used_test_preset,test_preset_candidate,min_leg_price,max_leg_price,min_profit_per_share,profit_both,price_bounds_ok,profit_ok,skip_reason,blocked_price_bounds,blocked_low_profit,taker_path_attempted,up_ask_at_send,down_ask_at_send,up_bid_at_send,down_bid_at_send,filled_up_shares,filled_down_shares,target_size_shares,size_locked_blocked,overbuy_attempted,filled_first_price,remaining_up,remaining_down,entry_id,reprice_attempt_count,reprice_reason,time_in_one_leg_state,last_reprice_ts,inv_up,inv_down,total_inventory,cap_remaining,reconstruction_budget,reconstruction_spent,remaining_edge,entry_sum_target,initial_edge_per_share,imbalance_shares,avg_other_price,px_missing_now,overpay_per_share,reconstruct_chunk_shares,reconstruct_cost_est_usd,reconstruct_overpay_limit,reconstruct_block_reason
1765989902.5870988,sol-updown-15m-1765989900,1765989900.0,1765990800.0,,897.4129011631012,,,,,0,0,1.0,0.98,IDLE,,,,,,,,,,,,,,0,0.0,,,,,,,,,,,,,,,,,,,,Spread high 1.00 > 0.98,,,,,,,,0.0,0.0,,,,,0,0,,,Inv: 0.0/0.0 CapLeft: 50.0,,,0.0,0.0,0.0,50.0,50.0,0.0,50.0,0.0,0.0,0.0,0.0,0.0,0.0,0.0,0.0,0.0,
1765989903.7511408,sol-updown-15m-1765989900,1765989900.0,1765990800.0,,896.248859167099,,,,,0,0,0.99,0.98,IDLE,,,,,,,,,,,,,,0,0.0,,,,,,,,,,,,,,,,,,,,Spread high 0.99 > 0.98,,,,,,,,0.0,0.0,,,,,0,0,,,Inv: 0.0/0.0 CapLeft: 50.0,,,0.0,0.0,0.0,50.0,50.0,0.0,50.0,0.0,0.0,0.0,0.0,0.0,0.0,0.0,0.0,0.0,
1765989905.6896446,sol-updown-15m-1765989900,1765989900.0,1765990800.0,,894.310355424881,,,,,0.49,0.48,0.97,0.98,ORDERS_OPEN,,,,,,,,,,,,,,5,5,,,,,,,,,,,,,,,,,,,,Leg:BOTH UP:5 DOWN:5,,,,,,,,0.0,0.0,,,,,0,0,,,Inv: 0.0/0.0 CapLeft: 50.0,,,0.0,0.0,0.0,50.0,50.0,0.0,50.0,0.0,0.0,0.0,0.0,0.0,0.0,0.0,0.0,0.0,
1765989905.6896446,sol-updown-15m-1765989900,1765989900.0,1765990800.0,,894.310355424881,,,,,0.49,0.48,0.97,0.98,ORDERS_OPEN,,,,,,,,,,,,,,5,5,,,,,,,,,,,,,,,,,,,,Leg:BOTH UP:5 DOWN:5,,,,,,,,5.0,0.0,,,,,0,0,,,Inv: 5.0/0.0 CapLeft: 45.0,,,5.0,0.0,5.0,45.0,50.0,0.0,50.0,0.0,0.0,0.0,0.0,0.0,0.0,0.0,0.0,0.0,
1765989906.474693,sol-updown-15m-1765989900,1765989900.0,1765990800.0,,893.5253069400787,,,,,0.49,0.48,0.97,0.98,ORDERS_OPEN,,,,,,,,,,,,,,5,5,,,,,,,,,,,,,,,,,,,,Leg:BOTH UP:5 DOWN:5,,,,,,,,0.0,0.0,,,,,0,0,,,Inv: 0.0/0.0 CapLeft: 50.0,,,0.0,0.0,0.0,50.0,50.0,0.0,50.0,0.0,0.0,0.0,0.0,0.0,0.0,0.0,0.0,0.0,
1765989906.474693,sol-updown-15m-1765989900,1765989900.0,1765990800.0,,893.5253069400787,,,,,0.49,0.48,0.97,0.98,ORDERS_OPEN,,,,,,,,,,,,,,5,5,,,,,,,,,,,,,,,,,,,,Leg:BOTH UP:5 DOWN:5,,,,,,,,5.0,0.0,,,,,0,0,,,Inv: 5.0/0.0 CapLeft: 45.0,,,5.0,0.0,5.0,45.0,50.0,0.0,50.0,0.0,0.0,0.0,0.0,0.0,0.0,0.0,0.0,0.0,
1765989909.9601684,sol-updown-15m-1765989900,1765989900.0,1765990800.0,,890.0398316383362,,,,,0,0,0.99,0.98,ORDERS_OPEN,,,,,,,,,,,,,,0,5,,,,,,,,,,,,,,,,,,,,,,,,,,,,5.0,0.0,,,,,0,0,,,Inv: 5.0/0.0 CapLeft: 45.0,,,5.0,0.0,5.0,45.0,50.0,0.0,50.0,0.0,0.0,0.0,0.0,0.0,0.0,0.0,0.0,0.0,
1765989911.2688935,sol-updown-15m-1765989900,1765989900.0,1765990800.0,,888.7311065196991,,,,,0,0,0.99,0.98,ORDERS_OPEN,,,,,,,,,,,,,,0,5,,,,,,,,,,,,,,,,,,,,,,,,,,,,5.0,0.0,,,,,0,0,,,Inv: 5.0/0.0 CapLeft: 45.0,,,5.0,0.0,5.0,45.0,50.0,0.0,50.0,0.0,0.0,0.0,0.0,0.0,0.0,0.0,0.0,0.0,
1765989912.1253214,sol-updown-15m-1765989900,1765989900.0,1765990800.0,,887.8746786117554,,,,,0,0,0.99,0.98,ORDERS_OPEN,,,,,,,,,,,,,,0,5,,,,,,,,,,,,,,,,,,,,,,,,,,,,5.0,0.0,,,,,0,0,,,Inv: 5.0/0.0 CapLeft: 45.0,,,5.0,0.0,5.0,45.0,50.0,0.0,50.0,0.0,0.0,0.0,0.0,0.0,0.0,0.0,0.0,0.0,
1765989913.4757688,sol-updown-15m-1765989900,1765989900.0,1765990800.0,,886.5242311954498,,,,,0,0,0.97,0.98,ORDERS_OPEN,,,,,,,,,,,,,,0,5,,,,,,,,,,,,,,,,,,,,,,,,,,,,5.0,0.0,,,,,0,0,,,Inv: 5.0/0.0 CapLeft: 45.0,,,5.0,0.0,5.0,45.0,50.0,0.0,50.0,0.0,0.0,0.0,0.0,0.0,0.0,0.0,0.0,0.0,
1765989914.2928553,sol-updown-15m-1765989900,1765989900.0,1765990800.0,,885.7071447372437,,,,,0,0,0.99,0.98,ORDERS_OPEN,,,,,,,,,,,,,,0,5,,,,,,,,,,,,,,,,,,,,,,,,,,,,5.0,0.0,,,,,0,0,,,Inv: 5.0/0.0 CapLeft: 45.0,,,5.0,0.0,5.0,45.0,50.0,0.0,50.0,0.0,0.0,0.0,0.0,0.0,0.0,0.0,0.0,0.0,
1765989915.6246943,sol-updown-15m-1765989900,1765989900.0,1765990800.0,,884.3753056526184,,,,,0,0,0.98,0.98,ORDERS_OPEN,,,,,,,,,,,,,,0,5,,,,,,,,,,,,,,,,,,,,,,,,,,,,5.0,0.0,,,,,0,0,,,Inv: 5.0/0.0 CapLeft: 45.0,,,5.0,0.0,5.0,45.0,50.0,0.0,50.0,0.0,0.0,0.0,0.0,0.0,0.0,0.0,0.0,0.0,
1765989916.4727607,sol-updown-15m-1765989900,1765989900.0,1765990800.0,,883.5272393226624,,,,,0,0,0.98,0.98,ORDERS_OPEN,,,,,,,,,,,,,,0,5,,,,,,,,,,,,,,,,,,,,,,,,,,,,5.0,0.0,,,,,0,0,,,Inv: 5.0/0.0 CapLeft: 45.0,,,5.0,0.0,5.0,45.0,50.0,0.0,50.0,0.0,0.0,0.0,0.0,0.0,0.0,0.0,0.0,0.0,
1765989917.998514,sol-updown-15m-1765989900,1765989900.0,1765990800.0,,882.0014860630035,,,,,0,0,0.99,0.98,ORDERS_OPEN,,,,,,,,,,,,,,0,5,,,,,,,,,,,,,,,,,,,,,,,,,,,,5.0,0.0,,,,,0,0,,,Inv: 5.0/0.0 CapLeft: 45.0,,,5.0,0.0,5.0,45.0,50.0,0.0,50.0,0.0,0.0,0.0,0.0,0.0,0.0,0.0,0.0,0.0,
1765989918.652306,sol-updown-15m-1765989900,1765989900.0,1765990800.0,,881.3476939201355,,,,,0,0,0.96,0.98,ORDERS_OPEN,,,,,,,,,,,,,,0,5,,,,,,,,,,,,,,,,,,,,,,,,,,,,5.0,0.0,,,,,0,0,,,Inv: 5.0/0.0 CapLeft: 45.0,,,5.0,0.0,5.0,45.0,50.0,0.0,50.0,0.0,0.0,0.0,0.0,0.0,0.0,0.0,0.0,0.0,
1765989920.141858,sol-updown-15m-1765989900,1765989900.0,1765990800.0,,879.8581418991089,,,,,0,0,0.99,0.98,ORDERS_OPEN,,,,,,,,,,,,,,0,5,,,,,,,,,,,,,,,,,,,,,,,,,,,,5.0,0.0,,,,,0,0,,,Inv: 5.0/0.0 CapLeft: 45.0,,,5.0,0.0,5.0,45.0,50.0,0.0,50.0,0.0,0.0,0.0,0.0,0.0,0.0,0.0,0.0,0.0,
1765989920.9186184,sol-updown-15m-1765989900,1765989900.0,1765990800.0,,879.081381559372,,,,,0,0,0.98,0.98,ORDERS_OPEN,,,,,,,,,,,,,,0,5,,,,,,,,,,,,,,,,,,,,,,,,,,,,5.0,0.0,,,,,0,0,,,Inv: 5.0/0.0 CapLeft: 45.0,,,5.0,0.0,5.0,45.0,50.0,0.0,50.0,0.0,0.0,0.0,0.0,0.0,0.0,0.0,0.0,0.0,
1765989922.3530807,sol-updown-15m-1765989900,1765989900.0,1765990800.0,,877.6469192504883,,,,,0,0,0.99,0.98,ORDERS_OPEN,,,,,,,,,,,,,,0,5,,,,,,,,,,,,,,,,,,,,,,,,,,,,5.0,0.0,,,,,0,0,,,Inv: 5.0/0.0 CapLeft: 45.0,,,5.0,0.0,5.0,45.0,50.0,0.0,50.0,0.0,0.0,0.0,0.0,0.0,0.0,0.0,0.0,0.0,
1765989923.1242836,sol-updown-15m-1765989900,1765989900.0,1765990800.0,,876.8757164478302,,,,,0,0,0.99,0.98,ONE_LEG_INVENTORY,,,,,,,,,,,,,,0,5,,,,,,,,,,,,,,,,,,,,,,,,,,,,5.0,0.0,,,,,0,0,,,Inv: 5.0/0.0 CapLeft: 45.0,,,5.0,0.0,5.0,45.0,50.0,0.0,50.0,0.0,0.0,0.0,0.0,0.0,0.0,0.0,0.0,0.0,
1765989924.522055,sol-updown-15m-1765989900,1765989900.0,1765990800.0,,875.4779450893402,,,,,0,0,0.99,0.98,ONE_LEG_INVENTORY,,,,,,,,,,,,,,0,5,,,,,,,,,,,,,,,,,,,,,,,,,,,,5.0,0.0,,,,,0,0,,,Inv: 5.0/0.0 CapLeft: 45.0,,,5.0,0.0,5.0,45.0,50.0,0.0,50.0,0.0,0.0,0.0,0.0,0.0,0.0,0.0,0.0,0.0,
1765989925.3201513,sol-updown-15m-1765989900,1765989900.0,1765990800.0,,874.6798486709595,,,,,0,0,0.99,0.98,ONE_LEG_INVENTORY,,,,,,,,,,,,,,0,5,,,,,,,,,,,,,,,,,,,,,,,,,,,,5.0,0.0,,,,,0,0,,,Inv: 5.0/0.0 CapLeft: 45.0,,,5.0,0.0,5.0,45.0,50.0,0.0,50.0,0.0,0.0,0.0,0.0,0.0,0.0,0.0,0.0,0.0,
1765989926.724997,sol-updown-15m-1765989900,1765989900.0,1765990800.0,,873.2750029563904,,,,,0,0,0.99,0.98,ONE_LEG_INVENTORY,,,,,,,,,,,,,,0,5,,,,,,,,,,,,,,,,,,,,,,,,,,,,5.0,0.0,,,,,0,0,,,Inv: 5.0/0.0 CapLeft: 45.0,,,5.0,0.0,5.0,45.0,50.0,0.0,50.0,0.0,0.0,0.0,0.0,0.0,0.0,0.0,0.0,0.0,
1765989927.2993095,sol-updown-15m-1765989900,1765989900.0,1765990800.0,,872.7006905078888,,,,,0,0,0.99,0.98,ONE_LEG_INVENTORY,,,,,,,,,,,,,,0,5,,,,,,,,,,,,,,,,,,,,,,,,,,,,5.0,0.0,,,,,0,0,,,Inv: 5.0/0.0 CapLeft: 45.0,,,5.0,0.0,5.0,45.0,50.0,0.0,50.0,0.0,0.0,0.0,0.0,0.0,0.0,0.0,0.0,0.0,
1765989928.724143,sol-updown-15m-1765989900,1765989900.0,1765990800.0,,871.2758569717407,,,,,0,0,0.97,0.98,ONE_LEG_INVENTORY,,,,,,,,,,,,,,0,5,,,,,,,,,,,,,,,,,,,,,,,,,,,,5.0,0.0,,,,,0,0,,,Inv: 5.0/0.0 CapLeft: 45.0,,,5.0,0.0,5.0,45.0,50.0,0.0,50.0,0.0,0.0,0.0,0.0,0.0,0.0,0.0,0.0,0.0,
1765989929.2258334,sol-updown-15m-1765989900,1765989900.0,1765990800.0,,870.7741665840149,,,,,0,0,0.98,0.98,ONE_LEG_INVENTORY,,,,,,,,,,,,,,0,5,,,,,,,,,,,,,,,,,,,,,,,,,,,,5.0,0.0,,,,,0,0,,,Inv: 5.0/0.0 CapLeft: 45.0,,,5.0,0.0,5.0,45.0,50.0,0.0,50.0,0.0,0.0,0.0,0.0,0.0,0.0,0.0,0.0,0.0,
1765989930.6770573,sol-updown-15m-1765989900,1765989900.0,1765990800.0,,869.3229427337646,,,,,0,0,0.99,0.98,ONE_LEG_INVENTORY,,,,,,,,,,,,,,0,5,,,,,,,,,,,,,,,,,,,,,,,,,,,,5.0,0.0,,,,,0,0,,,Inv: 5.0/0.0 CapLeft: 45.0,,,5.0,0.0,5.0,45.0,50.0,0.0,50.0,0.0,0.0,0.0,0.0,0.0,0.0,0.0,0.0,0.0,
1765989931.1586685,sol-updown-15m-1765989900,1765989900.0,1765990800.0,,868.8413314819336,,,,,0,0,0.98,0.98,ONE_LEG_INVENTORY,,,,,,,,,,,,,,0,5,,,,,,,,,,,,,,,,,,,,,,,,,,,,5.0,0.0,,,,,0,0,,,Inv: 5.0/0.0 CapLeft: 45.0,,,5.0,0.0,5.0,45.0,50.0,0.0,50.0,0.0,0.0,0.0,0.0,0.0,0.0,0.0,0.0,0.0,
1765989932.6398656,sol-updown-15m-1765989900,1765989900.0,1765990800.0,,867.3601343631744,,,,,0,0,0.99,0.98,ONE_LEG_INVENTORY,,,,,,,,,,,,,,0,5,,,,,,,,,,,,,,,,,,,,,,,,,,,,5.0,0.0,,,,,0,0,,,Inv: 5.0/0.0 CapLeft: 45.0,,,5.0,0.0,5.0,45.0,50.0,0.0,50.0,0.0,0.0,0.0,0.0,0.0,0.0,0.0,0.0,0.0,
1765989933.1465907,sol-updown-15m-1765989900,1765989900.0,1765990800.0,,866.8534092903137,,,,,0,0,0.97,0.98,ONE_LEG_INVENTORY,,,,,,,,,,,,,,0,5,,,,,,,,,,,,,,,,,,,,,,,,,,,,5.0,0.0,,,,,0,0,,,Inv: 5.0/0.0 CapLeft: 45.0,,,5.0,0.0,5.0,45.0,50.0,0.0,50.0,0.0,0.0,0.0,0.0,0.0,0.0,0.0,0.0,0.0,
1765989934.6060557,sol-updown-15m-1765989900,1765989900.0,1765990800.0,,865.3939442634583,,,,,0,0,0.99,0.98,ONE_LEG_INVENTORY,,,,,,,,,,,,,,0,5,,,,,,,,,,,,,,,,,,,,,,,,,,,,5.0,0.0,,,,,0,0,,,Inv: 5.0/0.0 CapLeft: 45.0,,,5.0,0.0,5.0,45.0,50.0,0.0,50.0,0.0,0.0,0.0,0.0,0.0,0.0,0.0,0.0,0.0,
1765989935.1010396,sol-updown-15m-1765989900,1765989900.0,1765990800.0,,864.898960351944,,,,,0,0,0.98,0.98,ONE_LEG_INVENTORY,,,,,,,,,,,,,,0,5,,,,,,,,,,,,,,,,,,,,,,,,,,,,5.0,0.0,,,,,0,0,,,Inv: 5.0/0.0 CapLeft: 45.0,,,5.0,0.0,5.0,45.0,50.0,0.0,50.0,0.0,0.0,0.0,0.0,0.0,0.0,0.0,0.0,0.0,
1765989936.618514,sol-updown-15m-1765989900,1765989900.0,1765990800.0,,863.3814859390259,,,,,0,0,0.97,0.98,ONE_LEG_INVENTORY,,,,,,,,,,,,,,0,5,,,,,,,,,,,,,,,,,,,,,,,,,,,,5.0,0.0,,,,,0,0,,,Inv: 5.0/0.0 CapLeft: 45.0,,,5.0,0.0,5.0,45.0,50.0,0.0,50.0,0.0,0.0,0.0,0.0,0.0,0.0,0.0,0.0,0.0,
1765989937.1369982,sol-updown-15m-1765989900,1765989900.0,1765990800.0,,862.8630018234253,,,,,0,0,0.97,0.98,ONE_LEG_INVENTORY,,,,,,,,,,,,,,0,5,,,,,,,,,,,,,,,,,,,,,,,,,,,,5.0,0.0,,,,,0,0,,,Inv: 5.0/0.0 CapLeft: 45.0,,,5.0,0.0,5.0,45.0,50.0,0.0,50.0,0.0,0.0,0.0,0.0,0.0,0.0,0.0,0.0,0.0,
1765989938.5455682,sol-updown-15m-1765989900,1765989900.0,1765990800.0,,861.454431772232,,,,,0,0,0.98,0.98,ONE_LEG_INVENTORY,,,,,,,,,,,,,,0,5,,,,,,,,,,,,,,,,,,,,,,,,,,,,5.0,0.0,,,,,0,0,,,Inv: 5.0/0.0 CapLeft: 45.0,,,5.0,0.0,5.0,45.0,50.0,0.0,50.0,0.0,0.0,0.0,0.0,0.0,0.0,0.0,0.0,0.0,
1765989939.1525173,sol-updown-15m-1765989900,1765989900.0,1765990800.0,,860.8474826812744,,,,,0,0,0.98,0.98,ONE_LEG_INVENTORY,,,,,,,,,,,,,,0,5,,,,,,,,,,,,,,,,,,,,,,,,,,,,5.0,0.0,,,,,0,0,,,Inv: 5.0/0.0 CapLeft: 45.0,,,5.0,0.0,5.0,45.0,50.0,0.0,50.0,0.0,0.0,0.0,0.0,0.0,0.0,0.0,0.0,0.0,
1765989940.4947567,sol-updown-15m-1765989900,1765989900.0,1765990800.0,,859.5052433013916,,,,,0,0,0.97,0.98,ONE_LEG_INVENTORY,,,,,,,,,,,,,,0,5,,,,,,,,,,,,,,,,,,,,,,,,,,,,5.0,0.0,,,,,0,0,,,Inv: 5.0/0.0 CapLeft: 45.0,,,5.0,0.0,5.0,45.0,50.0,0.0,50.0,0.0,0.0,0.0,0.0,0.0,0.0,0.0,0.0,0.0,
1765989941.1266634,sol-updown-15m-1765989900,1765989900.0,1765990800.0,,858.8733365535736,,,,,0,0,0.99,0.98,ONE_LEG_INVENTORY,,,,,,,,,,,,,,0,5,,,,,,,,,,,,,,,,,,,,,,,,,,,,5.0,0.0,,,,,0,0,,,Inv: 5.0/0.0 CapLeft: 45.0,,,5.0,0.0,5.0,45.0,50.0,0.0,50.0,0.0,0.0,0.0,0.0,0.0,0.0,0.0,0.0,0.0,
1765989942.4164002,sol-updown-15m-1765989900,1765989900.0,1765990800.0,,857.5835998058319,,,,,0,0,0.99,0.98,ONE_LEG_INVENTORY,,,,,,,,,,,,,,0,5,,,,,,,,,,,,,,,,,,,,,,,,,,,,5.0,0.0,,,,,0,0,,,Inv: 5.0/0.0 CapLeft: 45.0,,,5.0,0.0,5.0,45.0,50.0,0.0,50.0,0.0,0.0,0.0,0.0,0.0,0.0,0.0,0.0,0.0,
1765989943.1192644,sol-updown-15m-1765989900,1765989900.0,1765990800.0,,856.8807356357574,,,,,0,0,0.98,0.98,ONE_LEG_INVENTORY,,,,,,,,,,,,,,0,5,,,,,,,,,,,,,,,,,,,,,,,,,,,,5.0,0.0,,,,,0,0,,,Inv: 5.0/0.0 CapLeft: 45.0,,,5.0,0.0,5.0,45.0,50.0,0.0,50.0,0.0,0.0,0.0,0.0,0.0,0.0,0.0,0.0,0.0,
1765989944.3466315,sol-updown-15m-1765989900,1765989900.0,1765990800.0,,855.653368473053,,,,,0,0,0.97,0.98,ONE_LEG_INVENTORY,,,,,,,,,,,,,,0,5,,,,,,,,,,,,,,,,,,,,,,,,,,,,5.0,0.0,,,,,0,0,,,Inv: 5.0/0.0 CapLeft: 45.0,,,5.0,0.0,5.0,45.0,50.0,0.0,50.0,0.0,0.0,0.0,0.0,0.0,0.0,0.0,0.0,0.0,
1765989945.0721276,sol-updown-15m-1765989900,1765989900.0,1765990800.0,,854.9278724193573,,,,,0,0,0.98,0.98,ONE_LEG_INVENTORY,,,,,,,,,,,,,,0,5,,,,,,,,,,,,,,,,,,,,,,,,,,,,5.0,0.0,,,,,0,0,,,Inv: 5.0/0.0 CapLeft: 45.0,,,5.0,0.0,5.0,45.0,50.0,0.0,50.0,0.0,0.0,0.0,0.0,0.0,0.0,0.0,0.0,0.0,
1765989946.3207927,sol-updown-15m-1765989900,1765989900.0,1765990800.0,,853.6792073249817,,,,,0,0,0.99,0.98,ONE_LEG_INVENTORY,,,,,,,,,,,,,,0,5,,,,,,,,,,,,,,,,,,,,,,,,,,,,5.0,0.0,,,,,0,0,,,Inv: 5.0/0.0 CapLeft: 45.0,,,5.0,0.0,5.0,45.0,50.0,0.0,50.0,0.0,0.0,0.0,0.0,0.0,0.0,0.0,0.0,0.0,
1765989947.043329,sol-updown-15m-1765989900,1765989900.0,1765990800.0,,852.956670999527,,,,,0,0,0.98,0.98,ONE_LEG_INVENTORY,,,,,,,,,,,,,,0,5,,,,,,,,,,,,,,,,,,,,,,,,,,,,5.0,0.0,,,,,0,0,,,Inv: 5.0/0.0 CapLeft: 45.0,,,5.0,0.0,5.0,45.0,50.0,0.0,50.0,0.0,0.0,0.0,0.0,0.0,0.0,0.0,0.0,0.0,
1765989948.2562218,sol-updown-15m-1765989900,1765989900.0,1765990800.0,,851.7437782287598,,,,,0,0,1.0,0.98,ONE_LEG_INVENTORY,,,,,,,,,,,,,,0,5,,,,,,,,,,,,,,,,,,,,,,,,,,,,5.0,0.0,,,,,0,0,,,Inv: 5.0/0.0 CapLeft: 45.0,,,5.0,0.0,5.0,45.0,50.0,0.0,50.0,0.0,0.0,0.0,0.0,0.0,0.0,0.0,0.0,0.0,
1765989949.0254145,sol-updown-15m-1765989900,1765989900.0,1765990800.0,,850.9745855331421,,,,,0,0,0.96,0.98,ONE_LEG_INVENTORY,,,,,,,,,,,,,,0,5,,,,,,,,,,,,,,,,,,,,,,,,,,,,5.0,0.0,,,,,0,0,,,Inv: 5.0/0.0 CapLeft: 45.0,,,5.0,0.0,5.0,45.0,50.0,0.0,50.0,0.0,0.0,0.0,0.0,0.0,0.0,0.0,0.0,0.0,
1765989950.2279031,sol-updown-15m-1765989900,1765989900.0,1765990800.0,,849.7720968723297,,,,,0,0,0.98,0.98,ONE_LEG_INVENTORY,,,,,,,,,,,,,,0,5,,,,,,,,,,,,,,,,,,,,,,,,,,,,5.0,0.0,,,,,0,0,,,Inv: 5.0/0.0 CapLeft: 45.0,,,5.0,0.0,5.0,45.0,50.0,0.0,50.0,0.0,0.0,0.0,0.0,0.0,0.0,0.0,0.0,0.0,
1765989950.9811466,sol-updown-15m-1765989900,1765989900.0,1765990800.0,,849.0188534259796,,,,,0,0,0.98,0.98,ONE_LEG_INVENTORY,,,,,,,,,,,,,,0,5,,,,,,,,,,,,,,,,,,,,,,,,,,,,5.0,0.0,,,,,0,0,,,Inv: 5.0/0.0 CapLeft: 45.0,,,5.0,0.0,5.0,45.0,50.0,0.0,50.0,0.0,0.0,0.0,0.0,0.0,0.0,0.0,0.0,0.0,
1765989952.2600036,sol-updown-15m-1765989900,1765989900.0,1765990800.0,,847.739996433258,,,,,0,0,0.98,0.98,ONE_LEG_INVENTORY,,,,,,,,,,,,,,0,5,,,,,,,,,,,,,,,,,,,,,,,,,,,,5.0,0.0,,,,,0,0,,,Inv: 5.0/0.0 CapLeft: 45.0,,,5.0,0.0,5.0,45.0,50.0,0.0,50.0,0.0,0.0,0.0,0.0,0.0,0.0,0.0,0.0,0.0,
1765989952.9414358,sol-updown-15m-1765989900,1765989900.0,1765990800.0,,847.0585641860962,,,,,0,0,0.98,0.98,ONE_LEG_INVENTORY,,,,,,,,,,,,,,0,5,,,,,,,,,,,,,,,,,,,,,,,,,,,,5.0,0.0,,,,,0,0,,,Inv: 5.0/0.0 CapLeft: 45.0,,,5.0,0.0,5.0,45.0,50.0,0.0,50.0,0.0,0.0,0.0,0.0,0.0,0.0,0.0,0.0,0.0,
1765989954.2128587,sol-updown-15m-1765989900,1765989900.0,1765990800.0,,845.7871413230896,,,,,0,0,0.98,0.98,ONE_LEG_INVENTORY,,,,,,,,,,,,,,0,5,,,,,,,,,,,,,,,,,,,,,,,,,,,,5.0,0.0,,,,,0,0,,,Inv: 5.0/0.0 CapLeft: 45.0,,,5.0,0.0,5.0,45.0,50.0,0.0,50.0,0.0,0.0,0.0,0.0,0.0,0.0,0.0,0.0,0.0,
1765989954.8729749,sol-updown-15m-1765989900,1765989900.0,1765990800.0,,845.1270251274109,,,,,0,0,0.98,0.98,ONE_LEG_INVENTORY,,,,,,,,,,,,,,0,5,,,,,,,,,,,,,,,,,,,,,,,,,,,,5.0,0.0,,,,,0,0,,,Inv: 5.0/0.0 CapLeft: 45.0,,,5.0,0.0,5.0,45.0,50.0,0.0,50.0,0.0,0.0,0.0,0.0,0.0,0.0,0.0,0.0,0.0,
1765989956.1505551,sol-updown-15m-1765989900,1765989900.0,1765990800.0,,843.8494448661804,,,,,0,0,0.97,0.98,ONE_LEG_INVENTORY,,,,,,,,,,,,,,0,5,,,,,,,,,,,,,,,,,,,,,,,,,,,,5.0,0.0,,,,,0,0,,,Inv: 5.0/0.0 CapLeft: 45.0,,,5.0,0.0,5.0,45.0,50.0,0.0,50.0,0.0,0.0,0.0,0.0,0.0,0.0,0.0,0.0,0.0,
1765989956.9094505,sol-updown-15m-1765989900,1765989900.0,1765990800.0,,843.0905494689941,,,,,0,0,0.98,0.98,ONE_LEG_INVENTORY,,,,,,,,,,,,,,0,5,,,,,,,,,,,,,,,,,,,,,,,,,,,,5.0,0.0,,,,,0,0,,,Inv: 5.0/0.0 CapLeft: 45.0,,,5.0,0.0,5.0,45.0,50.0,0.0,50.0,0.0,0.0,0.0,0.0,0.0,0.0,0.0,0.0,0.0,
1765989958.071511,sol-updown-15m-1765989900,1765989900.0,1765990800.0,,841.9284889698029,,,,,0,0,0.97,0.98,ONE_LEG_INVENTORY,,,,,,,,,,,,,,0,5,,,,,,,,,,,,,,,,,,,,,,,,,,,,5.0,0.0,,,,,0,0,,,Inv: 5.0/0.0 CapLeft: 45.0,,,5.0,0.0,5.0,45.0,50.0,0.0,50.0,0.0,0.0,0.0,0.0,0.0,0.0,0.0,0.0,0.0,
1765989958.8600647,sol-updown-15m-1765989900,1765989900.0,1765990800.0,,841.1399352550507,,,,,0,0,0.98,0.98,ONE_LEG_INVENTORY,,,,,,,,,,,,,,0,5,,,,,,,,,,,,,,,,,,,,,,,,,,,,5.0,0.0,,,,,0,0,,,Inv: 5.0/0.0 CapLeft: 45.0,,,5.0,0.0,5.0,45.0,50.0,0.0,50.0,0.0,0.0,0.0,0.0,0.0,0.0,0.0,0.0,0.0,
1765989959.9891117,sol-updown-15m-1765989900,1765989900.0,1765990800.0,,840.010888338089,,,,,0,0,0.96,0.98,ONE_LEG_INVENTORY,,,,,,,,,,,,,,0,5,,,,,,,,,,,,,,,,,,,,,,,,,,,,5.0,0.0,,,,,0,0,,,Inv: 5.0/0.0 CapLeft: 45.0,,,5.0,0.0,5.0,45.0,50.0,0.0,50.0,0.0,0.0,0.0,0.0,0.0,0.0,0.0,0.0,0.0,
1765989960.840154,sol-updown-15m-1765989900,1765989900.0,1765990800.0,,839.1598460674286,,,,,0,0,0.98,0.98,ONE_LEG_INVENTORY,,,,,,,,,,,,,,0,5,,,,,,,,,,,,,,,,,,,,,,,,,,,,5.0,0.0,,,,,0,0,,,Inv: 5.0/0.0 CapLeft: 45.0,,,5.0,0.0,5.0,45.0,50.0,0.0,50.0,0.0,0.0,0.0,0.0,0.0,0.0,0.0,0.0,0.0,
1765989961.9239838,sol-updown-15m-1765989900,1765989900.0,1765990800.0,,838.0760161876678,,,,,0,0,0.97,0.98,ONE_LEG_INVENTORY,,,,,,,,,,,,,,0,5,,,,,,,,,,,,,,,,,,,,,,,,,,,,5.0,0.0,,,,,0,0,,,Inv: 5.0/0.0 CapLeft: 45.0,,,5.0,0.0,5.0,45.0,50.0,0.0,50.0,0.0,0.0,0.0,0.0,0.0,0.0,0.0,0.0,0.0,
1765989962.7925239,sol-updown-15m-1765989900,1765989900.0,1765990800.0,,837.2074761390686,,,,,0,0,0.97,0.98,ONE_LEG_INVENTORY,,,,,,,,,,,,,,0,5,,,,,,,,,,,,,,,,,,,,,,,,,,,,5.0,0.0,,,,,0,0,,,Inv: 5.0/0.0 CapLeft: 45.0,,,5.0,0.0,5.0,45.0,50.0,0.0,50.0,0.0,0.0,0.0,0.0,0.0,0.0,0.0,0.0,0.0,
1765989963.8957796,sol-updown-15m-1765989900,1765989900.0,1765990800.0,,836.1042203903198,,,,,0,0,0.97,0.98,ONE_LEG_INVENTORY,,,,,,,,,,,,,,0,5,,,,,,,,,,,,,,,,,,,,,,,,,,,,5.0,0.0,,,,,0,0,,,Inv: 5.0/0.0 CapLeft: 45.0,,,5.0,0.0,5.0,45.0,50.0,0.0,50.0,0.0,0.0,0.0,0.0,0.0,0.0,0.0,0.0,0.0,
1765989964.729124,sol-updown-15m-1765989900,1765989900.0,1765990800.0,,835.2708759307861,,,,,0,0,0.98,0.98,ONE_LEG_INVENTORY,,,,,,,,,,,,,,0,5,,,,,,,,,,,,,,,,,,,,,,,,,,,,5.0,0.0,,,,,0,0,,,Inv: 5.0/0.0 CapLeft: 45.0,,,5.0,0.0,5.0,45.0,50.0,0.0,50.0,0.0,0.0,0.0,0.0,0.0,0.0,0.0,0.0,0.0,
1765989965.9007814,sol-updown-15m-1765989900,1765989900.0,1765990800.0,,834.0992186069489,,,,,0,0,0.98,0.98,ONE_LEG_INVENTORY,,,,,,,,,,,,,,0,5,,,,,,,,,,,,,,,,,,,,,,,,,,,,5.0,0.0,,,,,0,0,,,Inv: 5.0/0.0 CapLeft: 45.0,,,5.0,0.0,5.0,45.0,50.0,0.0,50.0,0.0,0.0,0.0,0.0,0.0,0.0,0.0,0.0,0.0,
1765989966.6813564,sol-updown-15m-1765989900,1765989900.0,1765990800.0,,833.3186435699463,,,,,0,0,0.98,0.98,ONE_LEG_INVENTORY,,,,,,,,,,,,,,0,5,,,,,,,,,,,,,,,,,,,,,,,,,,,,5.0,0.0,,,,,0,0,,,Inv: 5.0/0.0 CapLeft: 45.0,,,5.0,0.0,5.0,45.0,50.0,0.0,50.0,0.0,0.0,0.0,0.0,0.0,0.0,0.0,0.0,0.0,
1765989967.9163442,sol-updown-15m-1765989900,1765989900.0,1765990800.0,,832.083655834198,,,,,0,0,0.97,0.98,ONE_LEG_INVENTORY,,,,,,,,,,,,,,0,5,,,,,,,,,,,,,,,,,,,,,,,,,,,,5.0,0.0,,,,,0,0,,,Inv: 5.0/0.0 CapLeft: 45.0,,,5.0,0.0,5.0,45.0,50.0,0.0,50.0,0.0,0.0,0.0,0.0,0.0,0.0,0.0,0.0,0.0,
1765989968.650882,sol-updown-15m-1765989900,1765989900.0,1765990800.0,,831.3491179943085,,,,,0,0,0.96,0.98,ONE_LEG_INVENTORY,,,,,,,,,,,,,,0,5,,,,,,,,,,,,,,,,,,,,,,,,,,,,5.0,0.0,,,,,0,0,,,Inv: 5.0/0.0 CapLeft: 45.0,,,5.0,0.0,5.0,45.0,50.0,0.0,50.0,0.0,0.0,0.0,0.0,0.0,0.0,0.0,0.0,0.0,
1765989969.8790154,sol-updown-15m-1765989900,1765989900.0,1765990800.0,,830.1209845542908,,,,,0,0,0.96,0.98,ONE_LEG_INVENTORY,,,,,,,,,,,,,,0,5,,,,,,,,,,,,,,,,,,,,,,,,,,,,5.0,0.0,,,,,0,0,,,Inv: 5.0/0.0 CapLeft: 45.0,,,5.0,0.0,5.0,45.0,50.0,0.0,50.0,0.0,0.0,0.0,0.0,0.0,0.0,0.0,0.0,0.0,
1765989970.9592357,sol-updown-15m-1765989900,1765989900.0,1765990800.0,,829.0407643318176,,,,,0,0,0.97,0.98,ONE_LEG_INVENTORY,,,,,,,,,,,,,,0,5,,,,,,,,,,,,,,,,,,,,,,,,,,,,5.0,0.0,,,,,0,0,,,Inv: 5.0/0.0 CapLeft: 45.0,,,5.0,0.0,5.0,45.0,50.0,0.0,50.0,0.0,0.0,0.0,0.0,0.0,0.0,0.0,0.0,0.0,
1765989971.8290029,sol-updown-15m-1765989900,1765989900.0,1765990800.0,,828.1709971427917,,,,,0,0,0.98,0.98,ONE_LEG_INVENTORY,,,,,,,,,,,,,,0,5,,,,,,,,,,,,,,,,,,,,,,,,,,,,5.0,0.0,,,,,0,0,,,Inv: 5.0/0.0 CapLeft: 45.0,,,5.0,0.0,5.0,45.0,50.0,0.0,50.0,0.0,0.0,0.0,0.0,0.0,0.0,0.0,0.0,0.0,
1765989972.905488,sol-updown-15m-1765989900,1765989900.0,1765990800.0,,827.0945119857788,,,,,0,0,0.98,0.98,ONE_LEG_INVENTORY,,,,,,,,,,,,,,0,5,,,,,,,,,,,,,,,,,,,,,,,,,,,,5.0,0.0,,,,,0,0,,,Inv: 5.0/0.0 CapLeft: 45.0,,,5.0,0.0,5.0,45.0,50.0,0.0,50.0,0.0,0.0,0.0,0.0,0.0,0.0,0.0,0.0,0.0,
1765989973.7535055,sol-updown-15m-1765989900,1765989900.0,1765990800.0,,826.2464945316315,,,,,0,0,0.9600000000000001,0.98,ONE_LEG_INVENTORY,,,,,,,,,,,,,,0,5,,,,,,,,,,,,,,,,,,,,,,,,,,,,5.0,0.0,,,,,0,0,,,Inv: 5.0/0.0 CapLeft: 45.0,,,5.0,0.0,5.0,45.0,50.0,0.0,50.0,0.0,0.0,0.0,0.0,0.0,0.0,0.0,0.0,0.0,
1765989974.833609,sol-updown-15m-1765989900,1765989900.0,1765990800.0,,825.1663908958435,,,,,0,0,0.98,0.98,ONE_LEG_INVENTORY,,,,,,,,,,,,,,0,5,,,,,,,,,,,,,,,,,,,,,,,,,,,,5.0,0.0,,,,,0,0,,,Inv: 5.0/0.0 CapLeft: 45.0,,,5.0,0.0,5.0,45.0,50.0,0.0,50.0,0.0,0.0,0.0,0.0,0.0,0.0,0.0,0.0,0.0,
1765989975.6873286,sol-updown-15m-1765989900,1765989900.0,1765990800.0,,824.3126714229584,,,,,0,0,0.97,0.98,ONE_LEG_INVENTORY,,,,,,,,,,,,,,0,5,,,,,,,,,,,,,,,,,,,,,,,,,,,,5.0,0.0,,,,,0,0,,,Inv: 5.0/0.0 CapLeft: 45.0,,,5.0,0.0,5.0,45.0,50.0,0.0,50.0,0.0,0.0,0.0,0.0,0.0,0.0,0.0,0.0,0.0,
1765989976.8175154,sol-updown-15m-1765989900,1765989900.0,1765990800.0,,823.18248462677,,,,,0,0,0.97,0.98,ONE_LEG_INVENTORY,,,,,,,,,,,,,,0,5,,,,,,,,,,,,,,,,,,,,,,,,,,,,5.0,0.0,,,,,0,0,,,Inv: 5.0/0.0 CapLeft: 45.0,,,5.0,0.0,5.0,45.0,50.0,0.0,50.0,0.0,0.0,0.0,0.0,0.0,0.0,0.0,0.0,0.0,
1765989977.6461716,sol-updown-15m-1765989900,1765989900.0,1765990800.0,,822.3538284301758,,,,,0,0,0.97,0.98,ONE_LEG_INVENTORY,,,,,,,,,,,,,,0,5,,,,,,,,,,,,,,,,,,,,,,,,,,,,5.0,0.0,,,,,0,0,,,Inv: 5.0/0.0 CapLeft: 45.0,,,5.0,0.0,5.0,45.0,50.0,0.0,50.0,0.0,0.0,0.0,0.0,0.0,0.0,0.0,0.0,0.0,
1765989978.7891889,sol-updown-15m-1765989900,1765989900.0,1765990800.0,,821.2108111381531,,,,,0,0,0.97,0.98,ONE_LEG_INVENTORY,,,,,,,,,,,,,,0,5,,,,,,,,,,,,,,,,,,,,,,,,,,,,5.0,0.0,,,,,0,0,,,Inv: 5.0/0.0 CapLeft: 45.0,,,5.0,0.0,5.0,45.0,50.0,0.0,50.0,0.0,0.0,0.0,0.0,0.0,0.0,0.0,0.0,0.0,
1765989979.5694883,sol-updown-15m-1765989900,1765989900.0,1765990800.0,,820.430511713028,,,,,0,0,0.97,0.98,ONE_LEG_INVENTORY,,,,,,,,,,,,,,0,5,,,,,,,,,,,,,,,,,,,,,,,,,,,,5.0,0.0,,,,,0,0,,,Inv: 5.0/0.0 CapLeft: 45.0,,,5.0,0.0,5.0,45.0,50.0,0.0,50.0,0.0,0.0,0.0,0.0,0.0,0.0,0.0,0.0,0.0,
1765989980.7381306,sol-updown-15m-1765989900,1765989900.0,1765990800.0,,819.261869430542,,,,,0,0,0.97,0.98,ONE_LEG_INVENTORY,,,,,,,,,,,,,,0,5,,,,,,,,,,,,,,,,,,,,,,,,,,,,5.0,0.0,,,,,0,0,,,Inv: 5.0/0.0 CapLeft: 45.0,,,5.0,0.0,5.0,45.0,50.0,0.0,50.0,0.0,0.0,0.0,0.0,0.0,0.0,0.0,0.0,0.0,
1765989981.5258436,sol-updown-15m-1765989900,1765989900.0,1765990800.0,,818.4741563796997,,,,,0,0,0.98,0.98,ONE_LEG_INVENTORY,,,,,,,,,,,,,,0,5,,,,,,,,,,,,,,,,,,,,,,,,,,,,5.0,0.0,,,,,0,0,,,Inv: 5.0/0.0 CapLeft: 45.0,,,5.0,0.0,5.0,45.0,50.0,0.0,50.0,0.0,0.0,0.0,0.0,0.0,0.0,0.0,0.0,0.0,
1765989982.8505173,sol-updown-15m-1765989900,1765989900.0,1765990800.0,,817.1494827270508,,,,,0,0,0.97,0.98,ONE_LEG_INVENTORY,,,,,,,,,,,,,,0,5,,,,,,,,,,,,,,,,,,,,,,,,,,,,5.0,0.0,,,,,0,0,,,Inv: 5.0/0.0 CapLeft: 45.0,,,5.0,0.0,5.0,45.0,50.0,0.0,50.0,0.0,0.0,0.0,0.0,0.0,0.0,0.0,0.0,0.0,
1765989983.4496143,sol-updown-15m-1765989900,1765989900.0,1765990800.0,,816.5503857135773,,,,,0,0,0.96,0.98,ONE_LEG_INVENTORY,,,,,,,,,,,,,,0,5,,,,,,,,,,,,,,,,,,,,,,,,,,,,5.0,0.0,,,,,0,0,,,Inv: 5.0/0.0 CapLeft: 45.0,,,5.0,0.0,5.0,45.0,50.0,0.0,50.0,0.0,0.0,0.0,0.0,0.0,0.0,0.0,0.0,0.0,
1765989984.767997,sol-updown-15m-1765989900,1765989900.0,1765990800.0,,815.2320029735565,,,,,0,0,0.97,0.98,ONE_LEG_INVENTORY,,,,,,,,,,,,,,0,5,,,,,,,,,,,,,,,,,,,,,,,,,,,,5.0,0.0,,,,,0,0,,,Inv: 5.0/0.0 CapLeft: 45.0,,,5.0,0.0,5.0,45.0,50.0,0.0,50.0,0.0,0.0,0.0,0.0,0.0,0.0,0.0,0.0,0.0,
1765989985.4184942,sol-updown-15m-1765989900,1765989900.0,1765990800.0,,814.5815057754517,,,,,0,0,0.97,0.98,ONE_LEG_INVENTORY,,,,,,,,,,,,,,0,5,,,,,,,,,,,,,,,,,,,,,,,,,,,,5.0,0.0,,,,,0,0,,,Inv: 5.0/0.0 CapLeft: 45.0,,,5.0,0.0,5.0,45.0,50.0,0.0,50.0,0.0,0.0,0.0,0.0,0.0,0.0,0.0,0.0,0.0,
1765989986.803738,sol-updown-15m-1765989900,1765989900.0,1765990800.0,,813.196261882782,,,,,0,0,0.98,0.98,ONE_LEG_INVENTORY,,,,,,,,,,,,,,0,5,,,,,,,,,,,,,,,,,,,,,,,,,,,,5.0,0.0,,,,,0,0,,,Inv: 5.0/0.0 CapLeft: 45.0,,,5.0,0.0,5.0,45.0,50.0,0.0,50.0,0.0,0.0,0.0,0.0,0.0,0.0,0.0,0.0,0.0,
1765989987.3930829,sol-updown-15m-1765989900,1765989900.0,1765990800.0,,812.606917142868,,,,,0,0,0.96,0.98,ONE_LEG_INVENTORY,,,,,,,,,,,,,,0,5,,,,,,,,,,,,,,,,,,,,,,,,,,,,5.0,0.0,,,,,0,0,,,Inv: 5.0/0.0 CapLeft: 45.0,,,5.0,0.0,5.0,45.0,50.0,0.0,50.0,0.0,0.0,0.0,0.0,0.0,0.0,0.0,0.0,0.0,
1765989988.7497826,sol-updown-15m-1765989900,1765989900.0,1765990800.0,,811.2502174377441,,,,,0,0,0.98,0.98,ONE_LEG_INVENTORY,,,,,,,,,,,,,,0,5,,,,,,,,,,,,,,,,,,,,,,,,,,,,5.0,0.0,,,,,0,0,,,Inv: 5.0/0.0 CapLeft: 45.0,,,5.0,0.0,5.0,45.0,50.0,0.0,50.0,0.0,0.0,0.0,0.0,0.0,0.0,0.0,0.0,0.0,
1765989989.3901527,sol-updown-15m-1765989900,1765989900.0,1765990800.0,,810.6098473072052,,,,,0,0,0.98,0.98,ONE_LEG_INVENTORY,,,,,,,,,,,,,,0,5,,,,,,,,,,,,,,,,,,,,,,,,,,,,5.0,0.0,,,,,0,0,,,Inv: 5.0/0.0 CapLeft: 45.0,,,5.0,0.0,5.0,45.0,50.0,0.0,50.0,0.0,0.0,0.0,0.0,0.0,0.0,0.0,0.0,0.0,
1765989990.6977377,sol-updown-15m-1765989900,1765989900.0,1765990800.0,,809.3022623062134,,,,,0,0,0.97,0.98,ONE_LEG_INVENTORY,,,,,,,,,,,,,,0,5,,,,,,,,,,,,,,,,,,,,,,,,,,,,5.0,0.0,,,,,0,0,,,Inv: 5.0/0.0 CapLeft: 45.0,,,5.0,0.0,5.0,45.0,50.0,0.0,50.0,0.0,0.0,0.0,0.0,0.0,0.0,0.0,0.0,0.0,
1765989991.336237,sol-updown-15m-1765989900,1765989900.0,1765990800.0,,808.6637630462646,,,,,0,0,0.99,0.98,ONE_LEG_INVENTORY,,,,,,,,,,,,,,0,5,,,,,,,,,,,,,,,,,,,,,,,,,,,,5.0,0.0,,,,,0,0,,,Inv: 5.0/0.0 CapLeft: 45.0,,,5.0,0.0,5.0,45.0,50.0,0.0,50.0,0.0,0.0,0.0,0.0,0.0,0.0,0.0,0.0,0.0,
1765989992.6800613,sol-updown-15m-1765989900,1765989900.0,1765990800.0,,807.319938659668,,,,,0,0,0.98,0.98,ONE_LEG_INVENTORY,,,,,,,,,,,,,,0,5,,,,,,,,,,,,,,,,,,,,,,,,,,,,5.0,0.0,,,,,0,0,,,Inv: 5.0/0.0 CapLeft: 45.0,,,5.0,0.0,5.0,45.0,50.0,0.0,50.0,0.0,0.0,0.0,0.0,0.0,0.0,0.0,0.0,0.0,
1765989993.291466,sol-updown-15m-1765989900,1765989900.0,1765990800.0,,806.7085340023041,,,,,0,0,0.97,0.98,ONE_LEG_INVENTORY,,,,,,,,,,,,,,0,5,,,,,,,,,,,,,,,,,,,,,,,,,,,,5.0,0.0,,,,,0,0,,,Inv: 5.0/0.0 CapLeft: 45.0,,,5.0,0.0,5.0,45.0,50.0,0.0,50.0,0.0,0.0,0.0,0.0,0.0,0.0,0.0,0.0,0.0,
1765989994.6098537,sol-updown-15m-1765989900,1765989900.0,1765990800.0,,805.3901462554932,,,,,0,0,0.97,0.98,ONE_LEG_INVENTORY,,,,,,,,,,,,,,0,5,,,,,,,,,,,,,,,,,,,,,,,,,,,,5.0,0.0,,,,,0,0,,,Inv: 5.0/0.0 CapLeft: 45.0,,,5.0,0.0,5.0,45.0,50.0,0.0,50.0,0.0,0.0,0.0,0.0,0.0,0.0,0.0,0.0,0.0,
1765989995.2199454,sol-updown-15m-1765989900,1765989900.0,1765990800.0,,804.7800545692444,,,,,0,0,0.97,0.98,ONE_LEG_INVENTORY,,,,,,,,,,,,,,0,5,,,,,,,,,,,,,,,,,,,,,,,,,,,,5.0,0.0,,,,,0,0,,,Inv: 5.0/0.0 CapLeft: 45.0,,,5.0,0.0,5.0,45.0,50.0,0.0,50.0,0.0,0.0,0.0,0.0,0.0,0.0,0.0,0.0,0.0,
1765989996.574951,sol-updown-15m-1765989900,1765989900.0,1765990800.0,,803.4250490665436,,,,,0,0,0.96,0.98,ONE_LEG_INVENTORY,,,,,,,,,,,,,,0,5,,,,,,,,,,,,,,,,,,,,,,,,,,,,5.0,0.0,,,,,0,0,,,Inv: 5.0/0.0 CapLeft: 45.0,,,5.0,0.0,5.0,45.0,50.0,0.0,50.0,0.0,0.0,0.0,0.0,0.0,0.0,0.0,0.0,0.0,
1765989997.1519215,sol-updown-15m-1765989900,1765989900.0,1765990800.0,,802.8480784893036,,,,,0,0,0.96,0.98,ONE_LEG_INVENTORY,,,,,,,,,,,,,,0,5,,,,,,,,,,,,,,,,,,,,,,,,,,,,5.0,0.0,,,,,0,0,,,Inv: 5.0/0.0 CapLeft: 45.0,,,5.0,0.0,5.0,45.0,50.0,0.0,50.0,0.0,0.0,0.0,0.0,0.0,0.0,0.0,0.0,0.0,
1765989998.5790572,sol-updown-15m-1765989900,1765989900.0,1765990800.0,,801.4209427833557,,,,,0,0,0.97,0.98,ONE_LEG_INVENTORY,,,,,,,,,,,,,,0,5,,,,,,,,,,,,,,,,,,,,,,,,,,,,5.0,0.0,,,,,0,0,,,Inv: 5.0/0.0 CapLeft: 45.0,,,5.0,0.0,5.0,45.0,50.0,0.0,50.0,0.0,0.0,0.0,0.0,0.0,0.0,0.0,0.0,0.0,
1765989999.1269894,sol-updown-15m-1765989900,1765989900.0,1765990800.0,,800.873010635376,,,,,0,0,0.97,0.98,ONE_LEG_INVENTORY,,,,,,,,,,,,,,0,5,,,,,,,,,,,,,,,,,,,,,,,,,,,,5.0,0.0,,,,,0,0,,,Inv: 5.0/0.0 CapLeft: 45.0,,,5.0,0.0,5.0,45.0,50.0,0.0,50.0,0.0,0.0,0.0,0.0,0.0,0.0,0.0,0.0,0.0,
1765990000.531564,sol-updown-15m-1765989900,1765989900.0,1765990800.0,,799.4684360027313,,,,,0,0,0.97,0.98,ONE_LEG_INVENTORY,,,,,,,,,,,,,,0,5,,,,,,,,,,,,,,,,,,,,,,,,,,,,5.0,0.0,,,,,0,0,,,Inv: 5.0/0.0 CapLeft: 45.0,,,5.0,0.0,5.0,45.0,50.0,0.0,50.0,0.0,0.0,0.0,0.0,0.0,0.0,0.0,0.0,0.0,
1765990001.080478,sol-updown-15m-1765989900,1765989900.0,1765990800.0,,798.9195220470428,,,,,0,0,0.99,0.98,ONE_LEG_INVENTORY,,,,,,,,,,,,,,0,5,,,,,,,,,,,,,,,,,,,,,,,,,,,,5.0,0.0,,,,,0,0,,,Inv: 5.0/0.0 CapLeft: 45.0,,,5.0,0.0,5.0,45.0,50.0,0.0,50.0,0.0,0.0,0.0,0.0,0.0,0.0,0.0,0.0,0.0,
1765990002.4687912,sol-updown-15m-1765989900,1765989900.0,1765990800.0,,797.5312087535858,,,,,0,0,0.97,0.98,ONE_LEG_INVENTORY,,,,,,,,,,,,,,0,5,,,,,,,,,,,,,,,,,,,,,,,,,,,,5.0,0.0,,,,,0,0,,,Inv: 5.0/0.0 CapLeft: 45.0,,,5.0,0.0,5.0,45.0,50.0,0.0,50.0,0.0,0.0,0.0,0.0,0.0,0.0,0.0,0.0,0.0,
1765990003.033331,sol-updown-15m-1765989900,1765989900.0,1765990800.0,,796.9666690826416,,,,,0,0,0.97,0.98,ONE_LEG_INVENTORY,,,,,,,,,,,,,,0,5,,,,,,,,,,,,,,,,,,,,,,,,,,,,5.0,0.0,,,,,0,0,,,Inv: 5.0/0.0 CapLeft: 45.0,,,5.0,0.0,5.0,45.0,50.0,0.0,50.0,0.0,0.0,0.0,0.0,0.0,0.0,0.0,0.0,0.0,
1765990004.3921375,sol-updown-15m-1765989900,1765989900.0,1765990800.0,,795.6078624725342,,,,,0,0,0.97,0.98,ONE_LEG_INVENTORY,,,,,,,,,,,,,,0,5,,,,,,,,,,,,,,,,,,,,,,,,,,,,5.0,0.0,,,,,0,0,,,Inv: 5.0/0.0 CapLeft: 45.0,,,5.0,0.0,5.0,45.0,50.0,0.0,50.0,0.0,0.0,0.0,0.0,0.0,0.0,0.0,0.0,0.0,
1765990004.9916751,sol-updown-15m-1765989900,1765989900.0,1765990800.0,,795.0083248615265,,,,,0,0,0.97,0.98,ONE_LEG_INVENTORY,,,,,,,,,,,,,,0,5,,,,,,,,,,,,,,,,,,,,,,,,,,,,5.0,0.0,,,,,0,0,,,Inv: 5.0/0.0 CapLeft: 45.0,,,5.0,0.0,5.0,45.0,50.0,0.0,50.0,0.0,0.0,0.0,0.0,0.0,0.0,0.0,0.0,0.0,
1765990006.3185263,sol-updown-15m-1765989900,1765989900.0,1765990800.0,,793.6814737319946,,,,,0,0,0.98,0.98,ONE_LEG_INVENTORY,,,,,,,,,,,,,,0,5,,,,,,,,,,,,,,,,,,,,,,,,,,,,5.0,0.0,,,,,0,0,,,Inv: 5.0/0.0 CapLeft: 45.0,,,5.0,0.0,5.0,45.0,50.0,0.0,50.0,0.0,0.0,0.0,0.0,0.0,0.0,0.0,0.0,0.0,
1765990006.962657,sol-updown-15m-1765989900,1765989900.0,1765990800.0,,793.0373430252075,,,,,0,0,0.97,0.98,ONE_LEG_INVENTORY,,,,,,,,,,,,,,0,5,,,,,,,,,,,,,,,,,,,,,,,,,,,,5.0,0.0,,,,,0,0,,,Inv: 5.0/0.0 CapLeft: 45.0,,,5.0,0.0,5.0,45.0,50.0,0.0,50.0,0.0,0.0,0.0,0.0,0.0,0.0,0.0,0.0,0.0,
1765990008.2568347,sol-updown-15m-1765989900,1765989900.0,1765990800.0,,791.7431652545929,,,,,0,0,0.97,0.98,ONE_LEG_INVENTORY,,,,,,,,,,,,,,0,5,,,,,,,,,,,,,,,,,,,,,,,,,,,,5.0,0.0,,,,,0,0,,,Inv: 5.0/0.0 CapLeft: 45.0,,,5.0,0.0,5.0,45.0,50.0,0.0,50.0,0.0,0.0,0.0,0.0,0.0,0.0,0.0,0.0,0.0,
1765990008.9115274,sol-updown-15m-1765989900,1765989900.0,1765990800.0,,791.0884726047516,,,,,0,0,0.97,0.98,ONE_LEG_INVENTORY,,,,,,,,,,,,,,0,5,,,,,,,,,,,,,,,,,,,,,,,,,,,,5.0,0.0,,,,,0,0,,,Inv: 5.0/0.0 CapLeft: 45.0,,,5.0,0.0,5.0,45.0,50.0,0.0,50.0,0.0,0.0,0.0,0.0,0.0,0.0,0.0,0.0,0.0,
1765990010.1785781,sol-updown-15m-1765989900,1765989900.0,1765990800.0,,789.8214218616486,,,,,0,0,0.99,0.98,ONE_LEG_INVENTORY,,,,,,,,,,,,,,0,5,,,,,,,,,,,,,,,,,,,,,,,,,,,,5.0,0.0,,,,,0,0,,,Inv: 5.0/0.0 CapLeft: 45.0,,,5.0,0.0,5.0,45.0,50.0,0.0,50.0,0.0,0.0,0.0,0.0,0.0,0.0,0.0,0.0,0.0,
1765990010.8652887,sol-updown-15m-1765989900,1765989900.0,1765990800.0,,789.134711265564,,,,,0,0,0.98,0.98,ONE_LEG_INVENTORY,,,,,,,,,,,,,,0,5,,,,,,,,,,,,,,,,,,,,,,,,,,,,5.0,0.0,,,,,0,0,,,Inv: 5.0/0.0 CapLeft: 45.0,,,5.0,0.0,5.0,45.0,50.0,0.0,50.0,0.0,0.0,0.0,0.0,0.0,0.0,0.0,0.0,0.0,
1765990012.1126692,sol-updown-15m-1765989900,1765989900.0,1765990800.0,,787.8873307704926,,,,,0,0,0.97,0.98,ONE_LEG_INVENTORY,,,,,,,,,,,,,,0,5,,,,,,,,,,,,,,,,,,,,,,,,,,,,5.0,0.0,,,,,0,0,,,Inv: 5.0/0.0 CapLeft: 45.0,,,5.0,0.0,5.0,45.0,50.0,0.0,50.0,0.0,0.0,0.0,0.0,0.0,0.0,0.0,0.0,0.0,
1765990012.82587,sol-updown-15m-1765989900,1765989900.0,1765990800.0,,787.1741299629211,,,,,0,0,0.97,0.98,ONE_LEG_INVENTORY,,,,,,,,,,,,,,0,5,,,,,,,,,,,,,,,,,,,,,,,,,,,,5.0,0.0,,,,,0,0,,,Inv: 5.0/0.0 CapLeft: 45.0,,,5.0,0.0,5.0,45.0,50.0,0.0,50.0,0.0,0.0,0.0,0.0,0.0,0.0,0.0,0.0,0.0,
1765990014.0617428,sol-updown-15m-1765989900,1765989900.0,1765990800.0,,785.9382572174072,,,,,0,0,0.98,0.98,ONE_LEG_INVENTORY,,,,,,,,,,,,,,0,5,,,,,,,,,,,,,,,,,,,,,,,,,,,,5.0,0.0,,,,,0,0,,,Inv: 5.0/0.0 CapLeft: 45.0,,,5.0,0.0,5.0,45.0,50.0,0.0,50.0,0.0,0.0,0.0,0.0,0.0,0.0,0.0,0.0,0.0,
1765990014.8175135,sol-updown-15m-1765989900,1765989900.0,1765990800.0,,785.1824865341187,,,,,0,0,0.97,0.98,ONE_LEG_INVENTORY,,,,,,,,,,,,,,0,5,,,,,,,,,,,,,,,,,,,,,,,,,,,,5.0,0.0,,,,,0,0,,,Inv: 5.0/0.0 CapLeft: 45.0,,,5.0,0.0,5.0,45.0,50.0,0.0,50.0,0.0,0.0,0.0,0.0,0.0,0.0,0.0,0.0,0.0,
1765990016.005831,sol-updown-15m-1765989900,1765989900.0,1765990800.0,,783.9941689968109,,,,,0,0,0.97,0.98,ONE_LEG_INVENTORY,,,,,,,,,,,,,,0,5,,,,,,,,,,,,,,,,,,,,,,,,,,,,5.0,0.0,,,,,0,0,,,Inv: 5.0/0.0 CapLeft: 45.0,,,5.0,0.0,5.0,45.0,50.0,0.0,50.0,0.0,0.0,0.0,0.0,0.0,0.0,0.0,0.0,0.0,
1765990016.7700286,sol-updown-15m-1765989900,1765989900.0,1765990800.0,,783.229971408844,,,,,0,0,0.97,0.98,ONE_LEG_INVENTORY,,,,,,,,,,,,,,0,5,,,,,,,,,,,,,,,,,,,,,,,,,,,,5.0,0.0,,,,,0,0,,,Inv: 5.0/0.0 CapLeft: 45.0,,,5.0,0.0,5.0,45.0,50.0,0.0,50.0,0.0,0.0,0.0,0.0,0.0,0.0,0.0,0.0,0.0,
1765990017.9468324,sol-updown-15m-1765989900,1765989900.0,1765990800.0,,782.0531675815582,,,,,0,0,0.97,0.98,ONE_LEG_INVENTORY,,,,,,,,,,,,,,0,5,,,,,,,,,,,,,,,,,,,,,,,,,,,,5.0,0.0,,,,,0,0,,,Inv: 5.0/0.0 CapLeft: 45.0,,,5.0,0.0,5.0,45.0,50.0,0.0,50.0,0.0,0.0,0.0,0.0,0.0,0.0,0.0,0.0,0.0,
1765990018.7174628,sol-updown-15m-1765989900,1765989900.0,1765990800.0,,781.2825372219086,,,,,0,0,0.98,0.98,ONE_LEG_INVENTORY,,,,,,,,,,,,,,0,5,,,,,,,,,,,,,,,,,,,,,,,,,,,,5.0,0.0,,,,,0,0,,,Inv: 5.0/0.0 CapLeft: 45.0,,,5.0,0.0,5.0,45.0,50.0,0.0,50.0,0.0,0.0,0.0,0.0,0.0,0.0,0.0,0.0,0.0,
1765990019.9016585,sol-updown-15m-1765989900,1765989900.0,1765990800.0,,780.0983414649963,,,,,0,0,0.97,0.98,ONE_LEG_INVENTORY,,,,,,,,,,,,,,0,5,,,,,,,,,,,,,,,,,,,,,,,,,,,,5.0,0.0,,,,,0,0,,,Inv: 5.0/0.0 CapLeft: 45.0,,,5.0,0.0,5.0,45.0,50.0,0.0,50.0,0.0,0.0,0.0,0.0,0.0,0.0,0.0,0.0,0.0,
1765990020.6382387,sol-updown-15m-1765989900,1765989900.0,1765990800.0,,779.3617613315582,,,,,0,0,0.98,0.98,ONE_LEG_INVENTORY,,,,,,,,,,,,,,0,5,,,,,,,,,,,,,,,,,,,,,,,,,,,,5.0,0.0,,,,,0,0,,,Inv: 5.0/0.0 CapLeft: 45.0,,,5.0,0.0,5.0,45.0,50.0,0.0,50.0,0.0,0.0,0.0,0.0,0.0,0.0,0.0,0.0,0.0,
1765990021.8564785,sol-updown-15m-1765989900,1765989900.0,1765990800.0,,778.1435215473175,,,,,0,0,0.97,0.98,ONE_LEG_INVENTORY,,,,,,,,,,,,,,0,5,,,,,,,,,,,,,,,,,,,,,,,,,,,,5.0,0.0,,,,,0,0,,,Inv: 5.0/0.0 CapLeft: 45.0,,,5.0,0.0,5.0,45.0,50.0,0.0,50.0,0.0,0.0,0.0,0.0,0.0,0.0,0.0,0.0,0.0,
1765990022.5788746,sol-updown-15m-1765989900,1765989900.0,1765990800.0,,777.4211254119873,,,,,0,0,0.97,0.98,ONE_LEG_INVENTORY,,,,,,,,,,,,,,0,5,,,,,,,,,,,,,,,,,,,,,,,,,,,,5.0,0.0,,,,,0,0,,,Inv: 5.0/0.0 CapLeft: 45.0,,,5.0,0.0,5.0,45.0,50.0,0.0,50.0,0.0,0.0,0.0,0.0,0.0,0.0,0.0,0.0,0.0,
1765990023.8059404,sol-updown-15m-1765989900,1765989900.0,1765990800.0,,776.1940596103668,,,,,0,0,0.97,0.98,ONE_LEG_INVENTORY,,,,,,,,,,,,,,0,5,,,,,,,,,,,,,,,,,,,,,,,,,,,,5.0,0.0,,,,,0,0,,,Inv: 5.0/0.0 CapLeft: 45.0,,,5.0,0.0,5.0,45.0,50.0,0.0,50.0,0.0,0.0,0.0,0.0,0.0,0.0,0.0,0.0,0.0,
1765990024.5074952,sol-updown-15m-1765989900,1765989900.0,1765990800.0,,775.4925048351288,,,,,0,0,0.98,0.98,ONE_LEG_INVENTORY,,,,,,,,,,,,,,0,5,,,,,,,,,,,,,,,,,,,,,,,,,,,,5.0,0.0,,,,,0,0,,,Inv: 5.0/0.0 CapLeft: 45.0,,,5.0,0.0,5.0,45.0,50.0,0.0,50.0,0.0,0.0,0.0,0.0,0.0,0.0,0.0,0.0,0.0,
1765990025.7943387,sol-updown-15m-1765989900,1765989900.0,1765990800.0,,774.2056612968445,,,,,0,0,0.97,0.98,ONE_LEG_INVENTORY,,,,,,,,,,,,,,0,5,,,,,,,,,,,,,,,,,,,,,,,,,,,,5.0,0.0,,,,,0,0,,,Inv: 5.0/0.0 CapLeft: 45.0,,,5.0,0.0,5.0,45.0,50.0,0.0,50.0,0.0,0.0,0.0,0.0,0.0,0.0,0.0,0.0,0.0,
1765990026.4598758,sol-updown-15m-1765989900,1765989900.0,1765990800.0,,773.5401241779327,,,,,0,0,0.9600000000000001,0.98,ONE_LEG_INVENTORY,,,,,,,,,,,,,,0,5,,,,,,,,,,,,,,,,,,,,,,,,,,,,5.0,0.0,,,,,0,0,,,Inv: 5.0/0.0 CapLeft: 45.0,,,5.0,0.0,5.0,45.0,50.0,0.0,50.0,0.0,0.0,0.0,0.0,0.0,0.0,0.0,0.0,0.0,
1765990027.75192,sol-updown-15m-1765989900,1765989900.0,1765990800.0,,772.2480800151825,,,,,0,0,0.97,0.98,ONE_LEG_INVENTORY,,,,,,,,,,,,,,0,5,,,,,,,,,,,,,,,,,,,,,,,,,,,,5.0,0.0,,,,,0,0,,,Inv: 5.0/0.0 CapLeft: 45.0,,,5.0,0.0,5.0,45.0,50.0,0.0,50.0,0.0,0.0,0.0,0.0,0.0,0.0,0.0,0.0,0.0,
1765990028.4438097,sol-updown-15m-1765989900,1765989900.0,1765990800.0,,771.5561902523041,,,,,0,0,0.9600000000000001,0.98,ONE_LEG_INVENTORY,,,,,,,,,,,,,,0,5,,,,,,,,,,,,,,,,,,,,,,,,,,,,5.0,0.0,,,,,0,0,,,Inv: 5.0/0.0 CapLeft: 45.0,,,5.0,0.0,5.0,45.0,50.0,0.0,50.0,0.0,0.0,0.0,0.0,0.0,0.0,0.0,0.0,0.0,
1765990029.7882648,sol-updown-15m-1765989900,1765989900.0,1765990800.0,,770.2117352485657,,,,,0,0,0.97,0.98,ONE_LEG_INVENTORY,,,,,,,,,,,,,,0,5,,,,,,,,,,,,,,,,,,,,,,,,,,,,5.0,0.0,,,,,0,0,,,Inv: 5.0/0.0 CapLeft: 45.0,,,5.0,0.0,5.0,45.0,50.0,0.0,50.0,0.0,0.0,0.0,0.0,0.0,0.0,0.0,0.0,0.0,
1765990030.455846,sol-updown-15m-1765989900,1765989900.0,1765990800.0,,769.5441539287567,,,,,0,0,0.97,0.98,ONE_LEG_INVENTORY,,,,,,,,,,,,,,0,5,,,,,,,,,,,,,,,,,,,,,,,,,,,,5.0,0.0,,,,,0,0,,,Inv: 5.0/0.0 CapLeft: 45.0,,,5.0,0.0,5.0,45.0,50.0,0.0,50.0,0.0,0.0,0.0,0.0,0.0,0.0,0.0,0.0,0.0,
1765990031.7184517,sol-updown-15m-1765989900,1765989900.0,1765990800.0,,768.2815482616425,,,,,0,0,0.97,0.98,ONE_LEG_INVENTORY,,,,,,,,,,,,,,0,5,,,,,,,,,,,,,,,,,,,,,,,,,,,,5.0,0.0,,,,,0,0,,,Inv: 5.0/0.0 CapLeft: 45.0,,,5.0,0.0,5.0,45.0,50.0,0.0,50.0,0.0,0.0,0.0,0.0,0.0,0.0,0.0,0.0,0.0,
1765990032.383138,sol-updown-15m-1765989900,1765989900.0,1765990800.0,,767.6168620586395,,,,,0,0,0.99,0.98,ONE_LEG_INVENTORY,,,,,,,,,,,,,,0,5,,,,,,,,,,,,,,,,,,,,,,,,,,,,5.0,0.0,,,,,0,0,,,Inv: 5.0/0.0 CapLeft: 45.0,,,5.0,0.0,5.0,45.0,50.0,0.0,50.0,0.0,0.0,0.0,0.0,0.0,0.0,0.0,0.0,0.0,
1765990033.6588464,sol-updown-15m-1765989900,1765989900.0,1765990800.0,,766.3411536216736,,,,,0,0,0.97,0.98,ONE_LEG_INVENTORY,,,,,,,,,,,,,,0,5,,,,,,,,,,,,,,,,,,,,,,,,,,,,5.0,0.0,,,,,0,0,,,Inv: 5.0/0.0 CapLeft: 45.0,,,5.0,0.0,5.0,45.0,50.0,0.0,50.0,0.0,0.0,0.0,0.0,0.0,0.0,0.0,0.0,0.0,
1765990034.3053148,sol-updown-15m-1765989900,1765989900.0,1765990800.0,,765.6946852207184,,,,,0,0,0.98,0.98,ONE_LEG_INVENTORY,,,,,,,,,,,,,,0,5,,,,,,,,,,,,,,,,,,,,,,,,,,,,5.0,0.0,,,,,0,0,,,Inv: 5.0/0.0 CapLeft: 45.0,,,5.0,0.0,5.0,45.0,50.0,0.0,50.0,0.0,0.0,0.0,0.0,0.0,0.0,0.0,0.0,0.0,
1765990035.6163416,sol-updown-15m-1765989900,1765989900.0,1765990800.0,,764.3836584091187,,,,,0,0,0.98,0.98,ONE_LEG_INVENTORY,,,,,,,,,,,,,,0,5,,,,,,,,,,,,,,,,,,,,,,,,,,,,5.0,0.0,,,,,0,0,,,Inv: 5.0/0.0 CapLeft: 45.0,,,5.0,0.0,5.0,45.0,50.0,0.0,50.0,0.0,0.0,0.0,0.0,0.0,0.0,0.0,0.0,0.0,
1765990036.2642643,sol-updown-15m-1765989900,1765989900.0,1765990800.0,,763.7357356548309,,,,,0,0,0.96,0.98,ONE_LEG_INVENTORY,,,,,,,,,,,,,,0,5,,,,,,,,,,,,,,,,,,,,,,,,,,,,5.0,0.0,,,,,0,0,,,Inv: 5.0/0.0 CapLeft: 45.0,,,5.0,0.0,5.0,45.0,50.0,0.0,50.0,0.0,0.0,0.0,0.0,0.0,0.0,0.0,0.0,0.0,
1765990037.5867734,sol-updown-15m-1765989900,1765989900.0,1765990800.0,,762.4132266044617,,,,,0,0,0.98,0.98,ONE_LEG_INVENTORY,,,,,,,,,,,,,,0,5,,,,,,,,,,,,,,,,,,,,,,,,,,,,5.0,0.0,,,,,0,0,,,Inv: 5.0/0.0 CapLeft: 45.0,,,5.0,0.0,5.0,45.0,50.0,0.0,50.0,0.0,0.0,0.0,0.0,0.0,0.0,0.0,0.0,0.0,
1765990038.3588047,sol-updown-15m-1765989900,1765989900.0,1765990800.0,,761.6411952972412,,,,,0,0,0.97,0.98,ONE_LEG_INVENTORY,,,,,,,,,,,,,,0,5,,,,,,,,,,,,,,,,,,,,,,,,,,,,5.0,0.0,,,,,0,0,,,Inv: 5.0/0.0 CapLeft: 45.0,,,5.0,0.0,5.0,45.0,50.0,0.0,50.0,0.0,0.0,0.0,0.0,0.0,0.0,0.0,0.0,0.0,
1765990039.5711691,sol-updown-15m-1765989900,1765989900.0,1765990800.0,,760.4288308620453,,,,,0,0,0.98,0.98,ONE_LEG_INVENTORY,,,,,,,,,,,,,,0,5,,,,,,,,,,,,,,,,,,,,,,,,,,,,5.0,0.0,,,,,0,0,,,Inv: 5.0/0.0 CapLeft: 45.0,,,5.0,0.0,5.0,45.0,50.0,0.0,50.0,0.0,0.0,0.0,0.0,0.0,0.0,0.0,0.0,0.0,
1765990040.2779517,sol-updown-15m-1765989900,1765989900.0,1765990800.0,,759.7220482826233,,,,,0,0,0.97,0.98,ONE_LEG_INVENTORY,,,,,,,,,,,,,,0,5,,,,,,,,,,,,,,,,,,,,,,,,,,,,5.0,0.0,,,,,0,0,,,Inv: 5.0/0.0 CapLeft: 45.0,,,5.0,0.0,5.0,45.0,50.0,0.0,50.0,0.0,0.0,0.0,0.0,0.0,0.0,0.0,0.0,0.0,
1765990041.500329,sol-updown-15m-1765989900,1765989900.0,1765990800.0,,758.4996709823608,,,,,0,0,0.99,0.98,ONE_LEG_INVENTORY,,,,,,,,,,,,,,0,5,,,,,,,,,,,,,,,,,,,,,,,,,,,,5.0,0.0,,,,,0,0,,,Inv: 5.0/0.0 CapLeft: 45.0,,,5.0,0.0,5.0,45.0,50.0,0.0,50.0,0.0,0.0,0.0,0.0,0.0,0.0,0.0,0.0,0.0,
1765990042.2178583,sol-updown-15m-1765989900,1765989900.0,1765990800.0,,757.7821416854858,,,,,0,0,0.97,0.98,ONE_LEG_INVENTORY,,,,,,,,,,,,,,0,5,,,,,,,,,,,,,,,,,,,,,,,,,,,,5.0,0.0,,,,,0,0,,,Inv: 5.0/0.0 CapLeft: 45.0,,,5.0,0.0,5.0,45.0,50.0,0.0,50.0,0.0,0.0,0.0,0.0,0.0,0.0,0.0,0.0,0.0,
1765990043.472553,sol-updown-15m-1765989900,1765989900.0,1765990800.0,,756.5274469852448,,,,,0,0,0.99,0.98,ONE_LEG_INVENTORY,,,,,,,,,,,,,,0,5,,,,,,,,,,,,,,,,,,,,,,,,,,,,5.0,0.0,,,,,0,0,,,Inv: 5.0/0.0 CapLeft: 45.0,,,5.0,0.0,5.0,45.0,50.0,0.0,50.0,0.0,0.0,0.0,0.0,0.0,0.0,0.0,0.0,0.0,
1765990044.1550503,sol-updown-15m-1765989900,1765989900.0,1765990800.0,,755.84494972229,,,,,0,0,0.97,0.98,ONE_LEG_INVENTORY,,,,,,,,,,,,,,0,5,,,,,,,,,,,,,,,,,,,,,,,,,,,,5.0,0.0,,,,,0,0,,,Inv: 5.0/0.0 CapLeft: 45.0,,,5.0,0.0,5.0,45.0,50.0,0.0,50.0,0.0,0.0,0.0,0.0,0.0,0.0,0.0,0.0,0.0,
1765990045.4157696,sol-updown-15m-1765989900,1765989900.0,1765990800.0,,754.5842304229736,,,,,0,0,0.99,0.98,ONE_LEG_INVENTORY,,,,,,,,,,,,,,0,5,,,,,,,,,,,,,,,,,,,,,,,,,,,,5.0,0.0,,,,,0,0,,,Inv: 5.0/0.0 CapLeft: 45.0,,,5.0,0.0,5.0,45.0,50.0,0.0,50.0,0.0,0.0,0.0,0.0,0.0,0.0,0.0,0.0,0.0,
1765990046.086337,sol-updown-15m-1765989900,1765989900.0,1765990800.0,,753.9136629104614,,,,,0,0,0.98,0.98,ONE_LEG_INVENTORY,,,,,,,,,,,,,,0,5,,,,,,,,,,,,,,,,,,,,,,,,,,,,5.0,0.0,,,,,0,0,,,Inv: 5.0/0.0 CapLeft: 45.0,,,5.0,0.0,5.0,45.0,50.0,0.0,50.0,0.0,0.0,0.0,0.0,0.0,0.0,0.0,0.0,0.0,
1765990047.3503559,sol-updown-15m-1765989900,1765989900.0,1765990800.0,,752.6496441364288,,,,,0,0,0.97,0.98,ONE_LEG_INVENTORY,,,,,,,,,,,,,,0,5,,,,,,,,,,,,,,,,,,,,,,,,,,,,5.0,0.0,,,,,0,0,,,Inv: 5.0/0.0 CapLeft: 45.0,,,5.0,0.0,5.0,45.0,50.0,0.0,50.0,0.0,0.0,0.0,0.0,0.0,0.0,0.0,0.0,0.0,
1765990048.02821,sol-updown-15m-1765989900,1765989900.0,1765990800.0,,751.9717900753021,,,,,0,0,0.97,0.98,ONE_LEG_INVENTORY,,,,,,,,,,,,,,0,5,,,,,,,,,,,,,,,,,,,,,,,,,,,,5.0,0.0,,,,,0,0,,,Inv: 5.0/0.0 CapLeft: 45.0,,,5.0,0.0,5.0,45.0,50.0,0.0,50.0,0.0,0.0,0.0,0.0,0.0,0.0,0.0,0.0,0.0,
1765990049.2688773,sol-updown-15m-1765989900,1765989900.0,1765990800.0,,750.7311227321625,,,,,0,0,0.97,0.98,ONE_LEG_INVENTORY,,,,,,,,,,,,,,0,5,,,,,,,,,,,,,,,,,,,,,,,,,,,,5.0,0.0,,,,,0,0,,,Inv: 5.0/0.0 CapLeft: 45.0,,,5.0,0.0,5.0,45.0,50.0,0.0,50.0,0.0,0.0,0.0,0.0,0.0,0.0,0.0,0.0,0.0,
1765990049.9856873,sol-updown-15m-1765989900,1765989900.0,1765990800.0,,750.0143127441406,,,,,0,0,0.98,0.98,ONE_LEG_INVENTORY,,,,,,,,,,,,,,0,5,,,,,,,,,,,,,,,,,,,,,,,,,,,,5.0,0.0,,,,,0,0,,,Inv: 5.0/0.0 CapLeft: 45.0,,,5.0,0.0,5.0,45.0,50.0,0.0,50.0,0.0,0.0,0.0,0.0,0.0,0.0,0.0,0.0,0.0,
1765990051.2442977,sol-updown-15m-1765989900,1765989900.0,1765990800.0,,748.7557022571564,,,,,0,0,0.98,0.98,ONE_LEG_INVENTORY,,,,,,,,,,,,,,0,5,,,,,,,,,,,,,,,,,,,,,,,,,,,,5.0,0.0,,,,,0,0,,,Inv: 5.0/0.0 CapLeft: 45.0,,,5.0,0.0,5.0,45.0,50.0,0.0,50.0,0.0,0.0,0.0,0.0,0.0,0.0,0.0,0.0,0.0,
1765990051.9848793,sol-updown-15m-1765989900,1765989900.0,1765990800.0,,748.0151207447052,,,,,0,0,0.98,0.98,ONE_LEG_INVENTORY,,,,,,,,,,,,,,0,5,,,,,,,,,,,,,,,,,,,,,,,,,,,,5.0,0.0,,,,,0,0,,,Inv: 5.0/0.0 CapLeft: 45.0,,,5.0,0.0,5.0,45.0,50.0,0.0,50.0,0.0,0.0,0.0,0.0,0.0,0.0,0.0,0.0,0.0,
1765990053.1782725,sol-updown-15m-1765989900,1765989900.0,1765990800.0,,746.821727514267,,,,,0,0,0.96,0.98,ONE_LEG_INVENTORY,,,,,,,,,,,,,,0,5,,,,,,,,,,,,,,,,,,,,,,,,,,,,5.0,0.0,,,,,0,0,,,Inv: 5.0/0.0 CapLeft: 45.0,,,5.0,0.0,5.0,45.0,50.0,0.0,50.0,0.0,0.0,0.0,0.0,0.0,0.0,0.0,0.0,0.0,
1765990053.9975955,sol-updown-15m-1765989900,1765989900.0,1765990800.0,,746.0024044513702,,,,,0,0,0.97,0.98,ONE_LEG_INVENTORY,,,,,,,,,,,,,,0,5,,,,,,,,,,,,,,,,,,,,,,,,,,,,5.0,0.0,,,,,0,0,,,Inv: 5.0/0.0 CapLeft: 45.0,,,5.0,0.0,5.0,45.0,50.0,0.0,50.0,0.0,0.0,0.0,0.0,0.0,0.0,0.0,0.0,0.0,
1765990055.154635,sol-updown-15m-1765989900,1765989900.0,1765990800.0,,744.8453650474548,,,,,0,0,0.96,0.98,ONE_LEG_INVENTORY,,,,,,,,,,,,,,0,5,,,,,,,,,,,,,,,,,,,,,,,,,,,,5.0,0.0,,,,,0,0,,,Inv: 5.0/0.0 CapLeft: 45.0,,,5.0,0.0,5.0,45.0,50.0,0.0,50.0,0.0,0.0,0.0,0.0,0.0,0.0,0.0,0.0,0.0,
1765990055.9352279,sol-updown-15m-1765989900,1765989900.0,1765990800.0,,744.0647721290588,,,,,0,0,0.96,0.98,ONE_LEG_INVENTORY,,,,,,,,,,,,,,0,5,,,,,,,,,,,,,,,,,,,,,,,,,,,,5.0,0.0,,,,,0,0,,,Inv: 5.0/0.0 CapLeft: 45.0,,,5.0,0.0,5.0,45.0,50.0,0.0,50.0,0.0,0.0,0.0,0.0,0.0,0.0,0.0,0.0,0.0,
1765990057.1110277,sol-updown-15m-1765989900,1765989900.0,1765990800.0,,742.8889722824097,,,,,0,0,0.96,0.98,ONE_LEG_INVENTORY,,,,,,,,,,,,,,0,5,,,,,,,,,,,,,,,,,,,,,,,,,,,,5.0,0.0,,,,,0,0,,,Inv: 5.0/0.0 CapLeft: 45.0,,,5.0,0.0,5.0,45.0,50.0,0.0,50.0,0.0,0.0,0.0,0.0,0.0,0.0,0.0,0.0,0.0,
1765990057.9011903,sol-updown-15m-1765989900,1765989900.0,1765990800.0,,742.0988097190857,,,,,0,0,0.98,0.98,ONE_LEG_INVENTORY,,,,,,,,,,,,,,0,5,,,,,,,,,,,,,,,,,,,,,,,,,,,,5.0,0.0,,,,,0,0,,,Inv: 5.0/0.0 CapLeft: 45.0,,,5.0,0.0,5.0,45.0,50.0,0.0,50.0,0.0,0.0,0.0,0.0,0.0,0.0,0.0,0.0,0.0,
1765990059.0571842,sol-updown-15m-1765989900,1765989900.0,1765990800.0,,740.9428157806396,,,,,0,0,0.98,0.98,ONE_LEG_INVENTORY,,,,,,,,,,,,,,0,5,,,,,,,,,,,,,,,,,,,,,,,,,,,,5.0,0.0,,,,,0,0,,,Inv: 5.0/0.0 CapLeft: 45.0,,,5.0,0.0,5.0,45.0,50.0,0.0,50.0,0.0,0.0,0.0,0.0,0.0,0.0,0.0,0.0,0.0,
1765990059.8770487,sol-updown-15m-1765989900,1765989900.0,1765990800.0,,740.1229512691498,,,,,0,0,0.98,0.98,ONE_LEG_INVENTORY,,,,,,,,,,,,,,0,5,,,,,,,,,,,,,,,,,,,,,,,,,,,,5.0,0.0,,,,,0,0,,,Inv: 5.0/0.0 CapLeft: 45.0,,,5.0,0.0,5.0,45.0,50.0,0.0,50.0,0.0,0.0,0.0,0.0,0.0,0.0,0.0,0.0,0.0,
1765990061.0117016,sol-updown-15m-1765989900,1765989900.0,1765990800.0,,738.9882984161377,,,,,0,0,0.97,0.98,ONE_LEG_INVENTORY,,,,,,,,,,,,,,0,5,,,,,,,,,,,,,,,,,,,,,,,,,,,,5.0,0.0,,,,,0,0,,,Inv: 5.0/0.0 CapLeft: 45.0,,,5.0,0.0,5.0,45.0,50.0,0.0,50.0,0.0,0.0,0.0,0.0,0.0,0.0,0.0,0.0,0.0,
1765990061.8099303,sol-updown-15m-1765989900,1765989900.0,1765990800.0,,738.1900696754456,,,,,0,0,0.97,0.98,ONE_LEG_INVENTORY,,,,,,,,,,,,,,0,5,,,,,,,,,,,,,,,,,,,,,,,,,,,,5.0,0.0,,,,,0,0,,,Inv: 5.0/0.0 CapLeft: 45.0,,,5.0,0.0,5.0,45.0,50.0,0.0,50.0,0.0,0.0,0.0,0.0,0.0,0.0,0.0,0.0,0.0,
1765990062.9760725,sol-updown-15m-1765989900,1765989900.0,1765990800.0,,737.02392745018,,,,,0,0,0.98,0.98,ONE_LEG_INVENTORY,,,,,,,,,,,,,,0,5,,,,,,,,,,,,,,,,,,,,,,,,,,,,5.0,0.0,,,,,0,0,,,Inv: 5.0/0.0 CapLeft: 45.0,,,5.0,0.0,5.0,45.0,50.0,0.0,50.0,0.0,0.0,0.0,0.0,0.0,0.0,0.0,0.0,0.0,
1765990063.8113742,sol-updown-15m-1765989900,1765989900.0,1765990800.0,,736.1886258125305,,,,,0,0,0.98,0.98,ONE_LEG_INVENTORY,,,,,,,,,,,,,,0,5,,,,,,,,,,,,,,,,,,,,,,,,,,,,5.0,0.0,,,,,0,0,,,Inv: 5.0/0.0 CapLeft: 45.0,,,5.0,0.0,5.0,45.0,50.0,0.0,50.0,0.0,0.0,0.0,0.0,0.0,0.0,0.0,0.0,0.0,
1765990064.9341278,sol-updown-15m-1765989900,1765989900.0,1765990800.0,,735.0658721923828,,,,,0,0,0.98,0.98,ONE_LEG_INVENTORY,,,,,,,,,,,,,,0,5,,,,,,,,,,,,,,,,,,,,,,,,,,,,5.0,0.0,,,,,0,0,,,Inv: 5.0/0.0 CapLeft: 45.0,,,5.0,0.0,5.0,45.0,50.0,0.0,50.0,0.0,0.0,0.0,0.0,0.0,0.0,0.0,0.0,0.0,
1765990065.7528908,sol-updown-15m-1765989900,1765989900.0,1765990800.0,,734.2471091747284,,,,,0,0,0.98,0.98,ONE_LEG_INVENTORY,,,,,,,,,,,,,,0,5,,,,,,,,,,,,,,,,,,,,,,,,,,,,5.0,0.0,,,,,0,0,,,Inv: 5.0/0.0 CapLeft: 45.0,,,5.0,0.0,5.0,45.0,50.0,0.0,50.0,0.0,0.0,0.0,0.0,0.0,0.0,0.0,0.0,0.0,
1765990066.9194527,sol-updown-15m-1765989900,1765989900.0,1765990800.0,,733.0805473327637,,,,,0,0,0.99,0.98,ONE_LEG_INVENTORY,,,,,,,,,,,,,,0,5,,,,,,,,,,,,,,,,,,,,,,,,,,,,5.0,0.0,,,,,0,0,,,Inv: 5.0/0.0 CapLeft: 45.0,,,5.0,0.0,5.0,45.0,50.0,0.0,50.0,0.0,0.0,0.0,0.0,0.0,0.0,0.0,0.0,0.0,
1765990067.7273324,sol-updown-15m-1765989900,1765989900.0,1765990800.0,,732.2726676464081,,,,,0,0,0.98,0.98,ONE_LEG_INVENTORY,,,,,,,,,,,,,,0,5,,,,,,,,,,,,,,,,,,,,,,,,,,,,5.0,0.0,,,,,0,0,,,Inv: 5.0/0.0 CapLeft: 45.0,,,5.0,0.0,5.0,45.0,50.0,0.0,50.0,0.0,0.0,0.0,0.0,0.0,0.0,0.0,0.0,0.0,
1765990068.8547044,sol-updown-15m-1765989900,1765989900.0,1765990800.0,,731.1452956199646,,,,,0,0,0.99,0.98,ONE_LEG_INVENTORY,,,,,,,,,,,,,,0,5,,,,,,,,,,,,,,,,,,,,,,,,,,,,5.0,0.0,,,,,0,0,,,Inv: 5.0/0.0 CapLeft: 45.0,,,5.0,0.0,5.0,45.0,50.0,0.0,50.0,0.0,0.0,0.0,0.0,0.0,0.0,0.0,0.0,0.0,
1765990069.6730251,sol-updown-15m-1765989900,1765989900.0,1765990800.0,,730.3269748687744,,,,,0,0,0.98,0.98,ONE_LEG_INVENTORY,,,,,,,,,,,,,,0,5,,,,,,,,,,,,,,,,,,,,,,,,,,,,5.0,0.0,,,,,0,0,,,Inv: 5.0/0.0 CapLeft: 45.0,,,5.0,0.0,5.0,45.0,50.0,0.0,50.0,0.0,0.0,0.0,0.0,0.0,0.0,0.0,0.0,0.0,
1765990070.782471,sol-updown-15m-1765989900,1765989900.0,1765990800.0,,729.2175290584564,,,,,0,0,0.98,0.98,ONE_LEG_INVENTORY,,,,,,,,,,,,,,0,5,,,,,,,,,,,,,,,,,,,,,,,,,,,,5.0,0.0,,,,,0,0,,,Inv: 5.0/0.0 CapLeft: 45.0,,,5.0,0.0,5.0,45.0,50.0,0.0,50.0,0.0,0.0,0.0,0.0,0.0,0.0,0.0,0.0,0.0,
1765990071.6054115,sol-updown-15m-1765989900,1765989900.0,1765990800.0,,728.394588470459,,,,,0,0,0.99,0.98,ONE_LEG_INVENTORY,,,,,,,,,,,,,,0,5,,,,,,,,,,,,,,,,,,,,,,,,,,,,5.0,0.0,,,,,0,0,,,Inv: 5.0/0.0 CapLeft: 45.0,,,5.0,0.0,5.0,45.0,50.0,0.0,50.0,0.0,0.0,0.0,0.0,0.0,0.0,0.0,0.0,0.0,
1765990072.7434685,sol-updown-15m-1765989900,1765989900.0,1765990800.0,,727.2565314769745,,,,,0,0,0.98,0.98,ONE_LEG_INVENTORY,,,,,,,,,,,,,,0,5,,,,,,,,,,,,,,,,,,,,,,,,,,,,5.0,0.0,,,,,0,0,,,Inv: 5.0/0.0 CapLeft: 45.0,,,5.0,0.0,5.0,45.0,50.0,0.0,50.0,0.0,0.0,0.0,0.0,0.0,0.0,0.0,0.0,0.0,
1765990073.517866,sol-updown-15m-1765989900,1765989900.0,1765990800.0,,726.482134103775,,,,,0,0,0.98,0.98,ONE_LEG_INVENTORY,,,,,,,,,,,,,,0,5,,,,,,,,,,,,,,,,,,,,,,,,,,,,5.0,0.0,,,,,0,0,,,Inv: 5.0/0.0 CapLeft: 45.0,,,5.0,0.0,5.0,45.0,50.0,0.0,50.0,0.0,0.0,0.0,0.0,0.0,0.0,0.0,0.0,0.0,
1765990074.6757493,sol-updown-15m-1765989900,1765989900.0,1765990800.0,,725.3242506980896,,,,,0,0,0.98,0.98,ONE_LEG_INVENTORY,,,,,,,,,,,,,,0,5,,,,,,,,,,,,,,,,,,,,,,,,,,,,5.0,0.0,,,,,0,0,,,Inv: 5.0/0.0 CapLeft: 45.0,,,5.0,0.0,5.0,45.0,50.0,0.0,50.0,0.0,0.0,0.0,0.0,0.0,0.0,0.0,0.0,0.0,
1765990075.440801,sol-updown-15m-1765989900,1765989900.0,1765990800.0,,724.5591990947723,,,,,0,0,0.98,0.98,ONE_LEG_INVENTORY,,,,,,,,,,,,,,0,5,,,,,,,,,,,,,,,,,,,,,,,,,,,,5.0,0.0,,,,,0,0,,,Inv: 5.0/0.0 CapLeft: 45.0,,,5.0,0.0,5.0,45.0,50.0,0.0,50.0,0.0,0.0,0.0,0.0,0.0,0.0,0.0,0.0,0.0,
1765990076.629454,sol-updown-15m-1765989900,1765989900.0,1765990800.0,,723.3705461025238,,,,,0,0,0.98,0.98,ONE_LEG_INVENTORY,,,,,,,,,,,,,,0,5,,,,,,,,,,,,,,,,,,,,,,,,,,,,5.0,0.0,,,,,0,0,,,Inv: 5.0/0.0 CapLeft: 45.0,,,5.0,0.0,5.0,45.0,50.0,0.0,50.0,0.0,0.0,0.0,0.0,0.0,0.0,0.0,0.0,0.0,
1765990077.3772397,sol-updown-15m-1765989900,1765989900.0,1765990800.0,,722.6227602958679,,,,,0,0,0.98,0.98,ONE_LEG_INVENTORY,,,,,,,,,,,,,,0,5,,,,,,,,,,,,,,,,,,,,,,,,,,,,5.0,0.0,,,,,0,0,,,Inv: 5.0/0.0 CapLeft: 45.0,,,5.0,0.0,5.0,45.0,50.0,0.0,50.0,0.0,0.0,0.0,0.0,0.0,0.0,0.0,0.0,0.0,
1765990078.5847895,sol-updown-15m-1765989900,1765989900.0,1765990800.0,,721.4152104854584,,,,,0,0,0.97,0.98,ONE_LEG_INVENTORY,,,,,,,,,,,,,,0,5,,,,,,,,,,,,,,,,,,,,,,,,,,,,5.0,0.0,,,,,0,0,,,Inv: 5.0/0.0 CapLeft: 45.0,,,5.0,0.0,5.0,45.0,50.0,0.0,50.0,0.0,0.0,0.0,0.0,0.0,0.0,0.0,0.0,0.0,
1765990079.3036022,sol-updown-15m-1765989900,1765989900.0,1765990800.0,,720.6963977813721,,,,,0,0,0.98,0.98,ONE_LEG_INVENTORY,,,,,,,,,,,,,,0,5,,,,,,,,,,,,,,,,,,,,,,,,,,,,5.0,0.0,,,,,0,0,,,Inv: 5.0/0.0 CapLeft: 45.0,,,5.0,0.0,5.0,45.0,50.0,0.0,50.0,0.0,0.0,0.0,0.0,0.0,0.0,0.0,0.0,0.0,
1765990080.5896559,sol-updown-15m-1765989900,1765989900.0,1765990800.0,,719.4103441238403,,,,,0,0,0.97,0.98,ONE_LEG_INVENTORY,,,,,,,,,,,,,,0,5,,,,,,,,,,,,,,,,,,,,,,,,,,,,5.0,0.0,,,,,0,0,,,Inv: 5.0/0.0 CapLeft: 45.0,,,5.0,0.0,5.0,45.0,50.0,0.0,50.0,0.0,0.0,0.0,0.0,0.0,0.0,0.0,0.0,0.0,
1765990081.2376678,sol-updown-15m-1765989900,1765989900.0,1765990800.0,,718.762332201004,,,,,0,0,0.97,0.98,ONE_LEG_INVENTORY,,,,,,,,,,,,,,0,5,,,,,,,,,,,,,,,,,,,,,,,,,,,,5.0,0.0,,,,,0,0,,,Inv: 5.0/0.0 CapLeft: 45.0,,,5.0,0.0,5.0,45.0,50.0,0.0,50.0,0.0,0.0,0.0,0.0,0.0,0.0,0.0,0.0,0.0,
1765990082.6379778,sol-updown-15m-1765989900,1765989900.0,1765990800.0,,717.3620221614838,,,,,0,0,0.97,0.98,ONE_LEG_INVENTORY,,,,,,,,,,,,,,0,5,,,,,,,,,,,,,,,,,,,,,,,,,,,,5.0,0.0,,,,,0,0,,,Inv: 5.0/0.0 CapLeft: 45.0,,,5.0,0.0,5.0,45.0,50.0,0.0,50.0,0.0,0.0,0.0,0.0,0.0,0.0,0.0,0.0,0.0,
1765990083.1978908,sol-updown-15m-1765989900,1765989900.0,1765990800.0,,716.8021092414856,,,,,0,0,0.97,0.98,ONE_LEG_INVENTORY,,,,,,,,,,,,,,0,5,,,,,,,,,,,,,,,,,,,,,,,,,,,,5.0,0.0,,,,,0,0,,,Inv: 5.0/0.0 CapLeft: 45.0,,,5.0,0.0,5.0,45.0,50.0,0.0,50.0,0.0,0.0,0.0,0.0,0.0,0.0,0.0,0.0,0.0,
1765990084.5754187,sol-updown-15m-1765989900,1765989900.0,1765990800.0,,715.4245812892914,,,,,0,0,0.96,0.98,ONE_LEG_INVENTORY,,,,,,,,,,,,,,0,5,,,,,,,,,,,,,,,,,,,,,,,,,,,,5.0,0.0,,,,,0,0,,,Inv: 5.0/0.0 CapLeft: 45.0,,,5.0,0.0,5.0,45.0,50.0,0.0,50.0,0.0,0.0,0.0,0.0,0.0,0.0,0.0,0.0,0.0,
1765990085.1210856,sol-updown-15m-1765989900,1765989900.0,1765990800.0,,714.8789143562317,,,,,0,0,0.97,0.98,ONE_LEG_INVENTORY,,,,,,,,,,,,,,0,5,,,,,,,,,,,,,,,,,,,,,,,,,,,,5.0,0.0,,,,,0,0,,,Inv: 5.0/0.0 CapLeft: 45.0,,,5.0,0.0,5.0,45.0,50.0,0.0,50.0,0.0,0.0,0.0,0.0,0.0,0.0,0.0,0.0,0.0,
1765990086.5163689,sol-updown-15m-1765989900,1765989900.0,1765990800.0,,713.4836311340332,,,,,0,0,0.98,0.98,ONE_LEG_INVENTORY,,,,,,,,,,,,,,0,5,,,,,,,,,,,,,,,,,,,,,,,,,,,,5.0,0.0,,,,,0,0,,,Inv: 5.0/0.0 CapLeft: 45.0,,,5.0,0.0,5.0,45.0,50.0,0.0,50.0,0.0,0.0,0.0,0.0,0.0,0.0,0.0,0.0,0.0,
1765990087.0913463,sol-updown-15m-1765989900,1765989900.0,1765990800.0,,712.9086537361145,,,,,0,0,0.97,0.98,ONE_LEG_INVENTORY,,,,,,,,,,,,,,0,5,,,,,,,,,,,,,,,,,,,,,,,,,,,,5.0,0.0,,,,,0,0,,,Inv: 5.0/0.0 CapLeft: 45.0,,,5.0,0.0,5.0,45.0,50.0,0.0,50.0,0.0,0.0,0.0,0.0,0.0,0.0,0.0,0.0,0.0,
1765990088.46473,sol-updown-15m-1765989900,1765989900.0,1765990800.0,,711.5352699756622,,,,,0,0,0.98,0.98,ONE_LEG_INVENTORY,,,,,,,,,,,,,,0,5,,,,,,,,,,,,,,,,,,,,,,,,,,,,5.0,0.0,,,,,0,0,,,Inv: 5.0/0.0 CapLeft: 45.0,,,5.0,0.0,5.0,45.0,50.0,0.0,50.0,0.0,0.0,0.0,0.0,0.0,0.0,0.0,0.0,0.0,
1765990089.0276253,sol-updown-15m-1765989900,1765989900.0,1765990800.0,,710.9723746776581,,,,,0,0,0.99,0.98,ONE_LEG_INVENTORY,,,,,,,,,,,,,,0,5,,,,,,,,,,,,,,,,,,,,,,,,,,,,5.0,0.0,,,,,0,0,,,Inv: 5.0/0.0 CapLeft: 45.0,,,5.0,0.0,5.0,45.0,50.0,0.0,50.0,0.0,0.0,0.0,0.0,0.0,0.0,0.0,0.0,0.0,
1765990090.4426124,sol-updown-15m-1765989900,1765989900.0,1765990800.0,,709.5573875904083,,,,,0,0,0.98,0.98,ONE_LEG_INVENTORY,,,,,,,,,,,,,,0,5,,,,,,,,,,,,,,,,,,,,,,,,,,,,5.0,0.0,,,,,0,0,,,Inv: 5.0/0.0 CapLeft: 45.0,,,5.0,0.0,5.0,45.0,50.0,0.0,50.0,0.0,0.0,0.0,0.0,0.0,0.0,0.0,0.0,0.0,
1765990090.9831297,sol-updown-15m-1765989900,1765989900.0,1765990800.0,,709.0168702602386,,,,,0,0,0.99,0.98,ONE_LEG_INVENTORY,,,,,,,,,,,,,,0,5,,,,,,,,,,,,,,,,,,,,,,,,,,,,5.0,0.0,,,,,0,0,,,Inv: 5.0/0.0 CapLeft: 45.0,,,5.0,0.0,5.0,45.0,50.0,0.0,50.0,0.0,0.0,0.0,0.0,0.0,0.0,0.0,0.0,0.0,
1765990092.4026072,sol-updown-15m-1765989900,1765989900.0,1765990800.0,,707.5973927974701,,,,,0,0,0.99,0.98,ONE_LEG_INVENTORY,,,,,,,,,,,,,,0,5,,,,,,,,,,,,,,,,,,,,,,,,,,,,5.0,0.0,,,,,0,0,,,Inv: 5.0/0.0 CapLeft: 45.0,,,5.0,0.0,5.0,45.0,50.0,0.0,50.0,0.0,0.0,0.0,0.0,0.0,0.0,0.0,0.0,0.0,
1765990092.9480624,sol-updown-15m-1765989900,1765989900.0,1765990800.0,,707.0519375801086,,,,,0,0,0.99,0.98,ONE_LEG_INVENTORY,,,,,,,,,,,,,,0,5,,,,,,,,,,,,,,,,,,,,,,,,,,,,5.0,0.0,,,,,0,0,,,Inv: 5.0/0.0 CapLeft: 45.0,,,5.0,0.0,5.0,45.0,50.0,0.0,50.0,0.0,0.0,0.0,0.0,0.0,0.0,0.0,0.0,0.0,
1765990094.347498,sol-updown-15m-1765989900,1765989900.0,1765990800.0,,705.6525020599365,,,,,0,0,0.95,0.98,ONE_LEG_INVENTORY,,,,,,,,,,,,,,0,5,,,,,,,,,,,,,,,,,,,,,,,,,,,,5.0,0.0,,,,,0,0,,,Inv: 5.0/0.0 CapLeft: 45.0,,,5.0,0.0,5.0,45.0,50.0,0.0,50.0,0.0,0.0,0.0,0.0,0.0,0.0,0.0,0.0,0.0,
1765990094.8774803,sol-updown-15m-1765989900,1765989900.0,1765990800.0,,705.1225197315216,,,,,0,0,0.98,0.98,ONE_LEG_INVENTORY,,,,,,,,,,,,,,0,5,,,,,,,,,,,,,,,,,,,,,,,,,,,,5.0,0.0,,,,,0,0,,,Inv: 5.0/0.0 CapLeft: 45.0,,,5.0,0.0,5.0,45.0,50.0,0.0,50.0,0.0,0.0,0.0,0.0,0.0,0.0,0.0,0.0,0.0,
1765990096.4436812,sol-updown-15m-1765989900,1765989900.0,1765990800.0,,703.5563187599182,,,,,0,0,0.98,0.98,ONE_LEG_INVENTORY,,,,,,,,,,,,,,0,5,,,,,,,,,,,,,,,,,,,,,,,,,,,,5.0,0.0,,,,,0,0,,,Inv: 5.0/0.0 CapLeft: 45.0,,,5.0,0.0,5.0,45.0,50.0,0.0,50.0,0.0,0.0,0.0,0.0,0.0,0.0,0.0,0.0,0.0,
1765990096.8171594,sol-updown-15m-1765989900,1765989900.0,1765990800.0,,703.1828405857086,,,,,0,0,0.98,0.98,ONE_LEG_INVENTORY,,,,,,,,,,,,,,0,5,,,,,,,,,,,,,,,,,,,,,,,,,,,,5.0,0.0,,,,,0,0,,,Inv: 5.0/0.0 CapLeft: 45.0,,,5.0,0.0,5.0,45.0,50.0,0.0,50.0,0.0,0.0,0.0,0.0,0.0,0.0,0.0,0.0,0.0,
1765990098.399617,sol-updown-15m-1765989900,1765989900.0,1765990800.0,,701.6003830432892,,,,,0,0,0.98,0.98,ONE_LEG_INVENTORY,,,,,,,,,,,,,,0,5,,,,,,,,,,,,,,,,,,,,,,,,,,,,5.0,0.0,,,,,0,0,,,Inv: 5.0/0.0 CapLeft: 45.0,,,5.0,0.0,5.0,45.0,50.0,0.0,50.0,0.0,0.0,0.0,0.0,0.0,0.0,0.0,0.0,0.0,
1765990098.763989,sol-updown-15m-1765989900,1765989900.0,1765990800.0,,701.2360110282898,,,,,0,0,0.98,0.98,ONE_LEG_INVENTORY,,,,,,,,,,,,,,0,5,,,,,,,,,,,,,,,,,,,,,,,,,,,,5.0,0.0,,,,,0,0,,,Inv: 5.0/0.0 CapLeft: 45.0,,,5.0,0.0,5.0,45.0,50.0,0.0,50.0,0.0,0.0,0.0,0.0,0.0,0.0,0.0,0.0,0.0,
1765990100.4299555,sol-updown-15m-1765989900,1765989900.0,1765990800.0,,699.5700445175171,,,,,0,0,0.99,0.98,ONE_LEG_INVENTORY,,,,,,,,,,,,,,0,5,,,,,,,,,,,,,,,,,,,,,,,,,,,,5.0,0.0,,,,,0,0,,,Inv: 5.0/0.0 CapLeft: 45.0,,,5.0,0.0,5.0,45.0,50.0,0.0,50.0,0.0,0.0,0.0,0.0,0.0,0.0,0.0,0.0,0.0,
1765990100.6898084,sol-updown-15m-1765989900,1765989900.0,1765990800.0,,699.3101916313171,,,,,0,0,0.99,0.98,ONE_LEG_INVENTORY,,,,,,,,,,,,,,0,5,,,,,,,,,,,,,,,,,,,,,,,,,,,,5.0,0.0,,,,,0,0,,,Inv: 5.0/0.0 CapLeft: 45.0,,,5.0,0.0,5.0,45.0,50.0,0.0,50.0,0.0,0.0,0.0,0.0,0.0,0.0,0.0,0.0,0.0,
1765990102.4103045,sol-updown-15m-1765989900,1765989900.0,1765990800.0,,697.5896954536438,,,,,0,0,0.97,0.98,ONE_LEG_INVENTORY,,,,,,,,,,,,,,0,5,,,,,,,,,,,,,,,,,,,,,,,,,,,,5.0,0.0,,,,,0,0,,,Inv: 5.0/0.0 CapLeft: 45.0,,,5.0,0.0,5.0,45.0,50.0,0.0,50.0,0.0,0.0,0.0,0.0,0.0,0.0,0.0,0.0,0.0,
1765990102.621843,sol-updown-15m-1765989900,1765989900.0,1765990800.0,,697.3781569004059,,,,,0,0,0.97,0.98,ONE_LEG_INVENTORY,,,,,,,,,,,,,,0,5,,,,,,,,,,,,,,,,,,,,,,,,,,,,5.0,0.0,,,,,0,0,,,Inv: 5.0/0.0 CapLeft: 45.0,,,5.0,0.0,5.0,45.0,50.0,0.0,50.0,0.0,0.0,0.0,0.0,0.0,0.0,0.0,0.0,0.0,
1765990104.379404,sol-updown-15m-1765989900,1765989900.0,1765990800.0,,695.6205959320068,,,,,0,0,0.97,0.98,ONE_LEG_INVENTORY,,,,,,,,,,,,,,0,5,,,,,,,,,,,,,,,,,,,,,,,,,,,,5.0,0.0,,,,,0,0,,,Inv: 5.0/0.0 CapLeft: 45.0,,,5.0,0.0,5.0,45.0,50.0,0.0,50.0,0.0,0.0,0.0,0.0,0.0,0.0,0.0,0.0,0.0,
1765990104.5377674,sol-updown-15m-1765989900,1765989900.0,1765990800.0,,695.4622325897217,,,,,0,0,0.97,0.98,ONE_LEG_INVENTORY,,,,,,,,,,,,,,0,5,,,,,,,,,,,,,,,,,,,,,,,,,,,,5.0,0.0,,,,,0,0,,,Inv: 5.0/0.0 CapLeft: 45.0,,,5.0,0.0,5.0,45.0,50.0,0.0,50.0,0.0,0.0,0.0,0.0,0.0,0.0,0.0,0.0,0.0,
1765990106.318738,sol-updown-15m-1765989900,1765989900.0,1765990800.0,,693.6812620162964,,,,,0,0,0.98,0.98,ONE_LEG_INVENTORY,,,,,,,,,,,,,,0,5,,,,,,,,,,,,,,,,,,,,,,,,,,,,5.0,0.0,,,,,0,0,,,Inv: 5.0/0.0 CapLeft: 45.0,,,5.0,0.0,5.0,45.0,50.0,0.0,50.0,0.0,0.0,0.0,0.0,0.0,0.0,0.0,0.0,0.0,
1765990106.479041,sol-updown-15m-1765989900,1765989900.0,1765990800.0,,693.5209589004517,,,,,0,0,0.98,0.98,ONE_LEG_INVENTORY,,,,,,,,,,,,,,0,5,,,,,,,,,,,,,,,,,,,,,,,,,,,,5.0,0.0,,,,,0,0,,,Inv: 5.0/0.0 CapLeft: 45.0,,,5.0,0.0,5.0,45.0,50.0,0.0,50.0,0.0,0.0,0.0,0.0,0.0,0.0,0.0,0.0,0.0,
1765990108.2712882,sol-updown-15m-1765989900,1765989900.0,1765990800.0,,691.7287118434906,,,,,0,0,0.98,0.98,ONE_LEG_INVENTORY,,,,,,,,,,,,,,0,5,,,,,,,,,,,,,,,,,,,,,,,,,,,,5.0,0.0,,,,,0,0,,,Inv: 5.0/0.0 CapLeft: 45.0,,,5.0,0.0,5.0,45.0,50.0,0.0,50.0,0.0,0.0,0.0,0.0,0.0,0.0,0.0,0.0,0.0,
1765990108.4338098,sol-updown-15m-1765989900,1765989900.0,1765990800.0,,691.5661902427673,,,,,0,0,0.98,0.98,ONE_LEG_INVENTORY,,,,,,,,,,,,,,0,5,,,,,,,,,,,,,,,,,,,,,,,,,,,,5.0,0.0,,,,,0,0,,,Inv: 5.0/0.0 CapLeft: 45.0,,,5.0,0.0,5.0,45.0,50.0,0.0,50.0,0.0,0.0,0.0,0.0,0.0,0.0,0.0,0.0,0.0,
1765990110.2387075,sol-updown-15m-1765989900,1765989900.0,1765990800.0,,689.7612924575806,,,,,0,0,0.99,0.98,ONE_LEG_INVENTORY,,,,,,,,,,,,,,0,5,,,,,,,,,,,,,,,,,,,,,,,,,,,,5.0,0.0,,,,,0,0,,,Inv: 5.0/0.0 CapLeft: 45.0,,,5.0,0.0,5.0,45.0,50.0,0.0,50.0,0.0,0.0,0.0,0.0,0.0,0.0,0.0,0.0,0.0,
1765990110.48693,sol-updown-15m-1765989900,1765989900.0,1765990800.0,,689.5130701065063,,,,,0,0,0.98,0.98,ONE_LEG_INVENTORY,,,,,,,,,,,,,,0,5,,,,,,,,,,,,,,,,,,,,,,,,,,,,5.0,0.0,,,,,0,0,,,Inv: 5.0/0.0 CapLeft: 45.0,,,5.0,0.0,5.0,45.0,50.0,0.0,50.0,0.0,0.0,0.0,0.0,0.0,0.0,0.0,0.0,0.0,
1765990112.1643867,sol-updown-15m-1765989900,1765989900.0,1765990800.0,,687.8356132507324,,,,,0,0,0.97,0.98,ONE_LEG_INVENTORY,,,,,,,,,,,,,,0,5,,,,,,,,,,,,,,,,,,,,,,,,,,,,5.0,0.0,,,,,0,0,,,Inv: 5.0/0.0 CapLeft: 45.0,,,5.0,0.0,5.0,45.0,50.0,0.0,50.0,0.0,0.0,0.0,0.0,0.0,0.0,0.0,0.0,0.0,
1765990112.4366505,sol-updown-15m-1765989900,1765989900.0,1765990800.0,,687.5633494853973,,,,,0,0,0.98,0.98,ONE_LEG_INVENTORY,,,,,,,,,,,,,,0,5,,,,,,,,,,,,,,,,,,,,,,,,,,,,5.0,0.0,,,,,0,0,,,Inv: 5.0/0.0 CapLeft: 45.0,,,5.0,0.0,5.0,45.0,50.0,0.0,50.0,0.0,0.0,0.0,0.0,0.0,0.0,0.0,0.0,0.0,
1765990114.1297176,sol-updown-15m-1765989900,1765989900.0,1765990800.0,,685.8702824115753,,,,,0,0,0.97,0.98,ONE_LEG_INVENTORY,,,,,,,,,,,,,,0,5,,,,,,,,,,,,,,,,,,,,,,,,,,,,5.0,0.0,,,,,0,0,,,Inv: 5.0/0.0 CapLeft: 45.0,,,5.0,0.0,5.0,45.0,50.0,0.0,50.0,0.0,0.0,0.0,0.0,0.0,0.0,0.0,0.0,0.0,
1765990114.3604324,sol-updown-15m-1765989900,1765989900.0,1765990800.0,,685.6395676136017,,,,,0,0,0.97,0.98,ONE_LEG_INVENTORY,,,,,,,,,,,,,,0,5,,,,,,,,,,,,,,,,,,,,,,,,,,,,5.0,0.0,,,,,0,0,,,Inv: 5.0/0.0 CapLeft: 45.0,,,5.0,0.0,5.0,45.0,50.0,0.0,50.0,0.0,0.0,0.0,0.0,0.0,0.0,0.0,0.0,0.0,
1765990116.0819802,sol-updown-15m-1765989900,1765989900.0,1765990800.0,,683.9180197715759,,,,,0,0,0.96,0.98,ONE_LEG_INVENTORY,,,,,,,,,,,,,,0,5,,,,,,,,,,,,,,,,,,,,,,,,,,,,5.0,0.0,,,,,0,0,,,Inv: 5.0/0.0 CapLeft: 45.0,,,5.0,0.0,5.0,45.0,50.0,0.0,50.0,0.0,0.0,0.0,0.0,0.0,0.0,0.0,0.0,0.0,
1765990116.312421,sol-updown-15m-1765989900,1765989900.0,1765990800.0,,683.6875789165497,,,,,0,0,0.97,0.98,ONE_LEG_INVENTORY,,,,,,,,,,,,,,0,5,,,,,,,,,,,,,,,,,,,,,,,,,,,,5.0,0.0,,,,,0,0,,,Inv: 5.0/0.0 CapLeft: 45.0,,,5.0,0.0,5.0,45.0,50.0,0.0,50.0,0.0,0.0,0.0,0.0,0.0,0.0,0.0,0.0,0.0,
1765990118.031148,sol-updown-15m-1765989900,1765989900.0,1765990800.0,,681.9688520431519,,,,,0,0,0.97,0.98,ONE_LEG_INVENTORY,,,,,,,,,,,,,,0,5,,,,,,,,,,,,,,,,,,,,,,,,,,,,5.0,0.0,,,,,0,0,,,Inv: 5.0/0.0 CapLeft: 45.0,,,5.0,0.0,5.0,45.0,50.0,0.0,50.0,0.0,0.0,0.0,0.0,0.0,0.0,0.0,0.0,0.0,
1765990118.2537203,sol-updown-15m-1765989900,1765989900.0,1765990800.0,,681.7462797164917,,,,,0,0,0.97,0.98,ONE_LEG_INVENTORY,,,,,,,,,,,,,,0,5,,,,,,,,,,,,,,,,,,,,,,,,,,,,5.0,0.0,,,,,0,0,,,Inv: 5.0/0.0 CapLeft: 45.0,,,5.0,0.0,5.0,45.0,50.0,0.0,50.0,0.0,0.0,0.0,0.0,0.0,0.0,0.0,0.0,0.0,
1765990119.9599926,sol-updown-15m-1765989900,1765989900.0,1765990800.0,,680.040007352829,,,,,0,0,0.97,0.98,ONE_LEG_INVENTORY,,,,,,,,,,,,,,0,5,,,,,,,,,,,,,,,,,,,,,,,,,,,,5.0,0.0,,,,,0,0,,,Inv: 5.0/0.0 CapLeft: 45.0,,,5.0,0.0,5.0,45.0,50.0,0.0,50.0,0.0,0.0,0.0,0.0,0.0,0.0,0.0,0.0,0.0,
1765990120.22661,sol-updown-15m-1765989900,1765989900.0,1765990800.0,,679.7733900547028,,,,,0,0,0.97,0.98,ONE_LEG_INVENTORY,,,,,,,,,,,,,,0,5,,,,,,,,,,,,,,,,,,,,,,,,,,,,5.0,0.0,,,,,0,0,,,Inv: 5.0/0.0 CapLeft: 45.0,,,5.0,0.0,5.0,45.0,50.0,0.0,50.0,0.0,0.0,0.0,0.0,0.0,0.0,0.0,0.0,0.0,
1765990121.925303,sol-updown-15m-1765989900,1765989900.0,1765990800.0,,678.0746970176697,,,,,0,0,0.97,0.98,ONE_LEG_INVENTORY,,,,,,,,,,,,,,0,5,,,,,,,,,,,,,,,,,,,,,,,,,,,,5.0,0.0,,,,,0,0,,,Inv: 5.0/0.0 CapLeft: 45.0,,,5.0,0.0,5.0,45.0,50.0,0.0,50.0,0.0,0.0,0.0,0.0,0.0,0.0,0.0,0.0,0.0,
1765990122.1850822,sol-updown-15m-1765989900,1765989900.0,1765990800.0,,677.8149178028107,,,,,0,0,0.98,0.98,ONE_LEG_INVENTORY,,,,,,,,,,,,,,0,5,,,,,,,,,,,,,,,,,,,,,,,,,,,,5.0,0.0,,,,,0,0,,,Inv: 5.0/0.0 CapLeft: 45.0,,,5.0,0.0,5.0,45.0,50.0,0.0,50.0,0.0,0.0,0.0,0.0,0.0,0.0,0.0,0.0,0.0,
1765990123.8607683,sol-updown-15m-1765989900,1765989900.0,1765990800.0,,676.1392316818237,,,,,0,0,0.97,0.98,ONE_LEG_INVENTORY,,,,,,,,,,,,,,0,5,,,,,,,,,,,,,,,,,,,,,,,,,,,,5.0,0.0,,,,,0,0,,,Inv: 5.0/0.0 CapLeft: 45.0,,,5.0,0.0,5.0,45.0,50.0,0.0,50.0,0.0,0.0,0.0,0.0,0.0,0.0,0.0,0.0,0.0,
1765990124.142115,sol-updown-15m-1765989900,1765989900.0,1765990800.0,,675.8578848838806,,,,,0,0,0.99,0.98,ONE_LEG_INVENTORY,,,,,,,,,,,,,,0,5,,,,,,,,,,,,,,,,,,,,,,,,,,,,5.0,0.0,,,,,0,0,,,Inv: 5.0/0.0 CapLeft: 45.0,,,5.0,0.0,5.0,45.0,50.0,0.0,50.0,0.0,0.0,0.0,0.0,0.0,0.0,0.0,0.0,0.0,
1765990125.7989464,sol-updown-15m-1765989900,1765989900.0,1765990800.0,,674.2010536193848,,,,,0,0,0.98,0.98,ONE_LEG_INVENTORY,,,,,,,,,,,,,,0,5,,,,,,,,,,,,,,,,,,,,,,,,,,,,5.0,0.0,,,,,0,0,,,Inv: 5.0/0.0 CapLeft: 45.0,,,5.0,0.0,5.0,45.0,50.0,0.0,50.0,0.0,0.0,0.0,0.0,0.0,0.0,0.0,0.0,0.0,
1765990126.1057503,sol-updown-15m-1765989900,1765989900.0,1765990800.0,,673.8942496776581,,,,,0,0,0.97,0.98,ONE_LEG_INVENTORY,,,,,,,,,,,,,,0,5,,,,,,,,,,,,,,,,,,,,,,,,,,,,5.0,0.0,,,,,0,0,,,Inv: 5.0/0.0 CapLeft: 45.0,,,5.0,0.0,5.0,45.0,50.0,0.0,50.0,0.0,0.0,0.0,0.0,0.0,0.0,0.0,0.0,0.0,
1765990127.784961,sol-updown-15m-1765989900,1765989900.0,1765990800.0,,672.2150390148163,,,,,0,0,0.97,0.98,ONE_LEG_INVENTORY,,,,,,,,,,,,,,0,5,,,,,,,,,,,,,,,,,,,,,,,,,,,,5.0,0.0,,,,,0,0,,,Inv: 5.0/0.0 CapLeft: 45.0,,,5.0,0.0,5.0,45.0,50.0,0.0,50.0,0.0,0.0,0.0,0.0,0.0,0.0,0.0,0.0,0.0,
1765990128.0695007,sol-updown-15m-1765989900,1765989900.0,1765990800.0,,671.9304993152618,,,,,0,0,0.97,0.98,ONE_LEG_INVENTORY,,,,,,,,,,,,,,0,5,,,,,,,,,,,,,,,,,,,,,,,,,,,,5.0,0.0,,,,,0,0,,,Inv: 5.0/0.0 CapLeft: 45.0,,,5.0,0.0,5.0,45.0,50.0,0.0,50.0,0.0,0.0,0.0,0.0,0.0,0.0,0.0,0.0,0.0,
1765990129.7178597,sol-updown-15m-1765989900,1765989900.0,1765990800.0,,670.2821402549744,,,,,0,0,0.96,0.98,ONE_LEG_INVENTORY,,,,,,,,,,,,,,0,5,,,,,,,,,,,,,,,,,,,,,,,,,,,,5.0,0.0,,,,,0,0,,,Inv: 5.0/0.0 CapLeft: 45.0,,,5.0,0.0,5.0,45.0,50.0,0.0,50.0,0.0,0.0,0.0,0.0,0.0,0.0,0.0,0.0,0.0,
1765990130.0053816,sol-updown-15m-1765989900,1765989900.0,1765990800.0,,669.9946184158325,,,,,0,0,0.97,0.98,ONE_LEG_INVENTORY,,,,,,,,,,,,,,0,5,,,,,,,,,,,,,,,,,,,,,,,,,,,,5.0,0.0,,,,,0,0,,,Inv: 5.0/0.0 CapLeft: 45.0,,,5.0,0.0,5.0,45.0,50.0,0.0,50.0,0.0,0.0,0.0,0.0,0.0,0.0,0.0,0.0,0.0,
1765990131.7041817,sol-updown-15m-1765989900,1765989900.0,1765990800.0,,668.2958183288574,,,,,0,0,0.96,0.98,ONE_LEG_INVENTORY,,,,,,,,,,,,,,0,5,,,,,,,,,,,,,,,,,,,,,,,,,,,,5.0,0.0,,,,,0,0,,,Inv: 5.0/0.0 CapLeft: 45.0,,,5.0,0.0,5.0,45.0,50.0,0.0,50.0,0.0,0.0,0.0,0.0,0.0,0.0,0.0,0.0,0.0,
1765990131.9284546,sol-updown-15m-1765989900,1765989900.0,1765990800.0,,668.0715453624725,,,,,0,0,0.96,0.98,ONE_LEG_INVENTORY,,,,,,,,,,,,,,0,5,,,,,,,,,,,,,,,,,,,,,,,,,,,,5.0,0.0,,,,,0,0,,,Inv: 5.0/0.0 CapLeft: 45.0,,,5.0,0.0,5.0,45.0,50.0,0.0,50.0,0.0,0.0,0.0,0.0,0.0,0.0,0.0,0.0,0.0,
1765990133.842176,sol-updown-15m-1765989900,1765989900.0,1765990800.0,,666.1578240394592,,,,,0,0,0.96,0.98,ONE_LEG_INVENTORY,,,,,,,,,,,,,,0,5,,,,,,,,,,,,,,,,,,,,,,,,,,,,5.0,0.0,,,,,0,0,,,Inv: 5.0/0.0 CapLeft: 45.0,,,5.0,0.0,5.0,45.0,50.0,0.0,50.0,0.0,0.0,0.0,0.0,0.0,0.0,0.0,0.0,0.0,
1765990133.8604186,sol-updown-15m-1765989900,1765989900.0,1765990800.0,,666.1395814418793,,,,,0,0,0.96,0.98,ONE_LEG_INVENTORY,,,,,,,,,,,,,,0,5,,,,,,,,,,,,,,,,,,,,,,,,,,,,5.0,0.0,,,,,0,0,,,Inv: 5.0/0.0 CapLeft: 45.0,,,5.0,0.0,5.0,45.0,50.0,0.0,50.0,0.0,0.0,0.0,0.0,0.0,0.0,0.0,0.0,0.0,
1765990135.7763398,sol-updown-15m-1765989900,1765989900.0,1765990800.0,,664.2236602306366,,,,,0,0,0.96,0.98,ONE_LEG_INVENTORY,,,,,,,,,,,,,,0,5,,,,,,,,,,,,,,,,,,,,,,,,,,,,5.0,0.0,,,,,0,0,,,Inv: 5.0/0.0 CapLeft: 45.0,,,5.0,0.0,5.0,45.0,50.0,0.0,50.0,0.0,0.0,0.0,0.0,0.0,0.0,0.0,0.0,0.0,
1765990135.8197129,sol-updown-15m-1765989900,1765989900.0,1765990800.0,,664.1802871227264,,,,,0,0,0.97,0.98,ONE_LEG_INVENTORY,,,,,,,,,,,,,,0,5,,,,,,,,,,,,,,,,,,,,,,,,,,,,5.0,0.0,,,,,0,0,,,Inv: 5.0/0.0 CapLeft: 45.0,,,5.0,0.0,5.0,45.0,50.0,0.0,50.0,0.0,0.0,0.0,0.0,0.0,0.0,0.0,0.0,0.0,
1765990137.7205863,sol-updown-15m-1765989900,1765989900.0,1765990800.0,,662.2794137001038,,,,,0,0,0.97,0.98,ONE_LEG_INVENTORY,,,,,,,,,,,,,,0,5,,,,,,,,,,,,,,,,,,,,,,,,,,,,5.0,0.0,,,,,0,0,,,Inv: 5.0/0.0 CapLeft: 45.0,,,5.0,0.0,5.0,45.0,50.0,0.0,50.0,0.0,0.0,0.0,0.0,0.0,0.0,0.0,0.0,0.0,
1765990137.7556005,sol-updown-15m-1765989900,1765989900.0,1765990800.0,,662.2443995475769,,,,,0,0,0.97,0.98,ONE_LEG_INVENTORY,,,,,,,,,,,,,,0,5,,,,,,,,,,,,,,,,,,,,,,,,,,,,5.0,0.0,,,,,0,0,,,Inv: 5.0/0.0 CapLeft: 45.0,,,5.0,0.0,5.0,45.0,50.0,0.0,50.0,0.0,0.0,0.0,0.0,0.0,0.0,0.0,0.0,0.0,
1765990139.7349284,sol-updown-15m-1765989900,1765989900.0,1765990800.0,,660.2650716304779,,,,,0,0,0.9600000000000001,0.98,ONE_LEG_INVENTORY,,,,,,,,,,,,,,0,5,,,,,,,,,,,,,,,,,,,,,,,,,,,,5.0,0.0,,,,,0,0,,,Inv: 5.0/0.0 CapLeft: 45.0,,,5.0,0.0,5.0,45.0,50.0,0.0,50.0,0.0,0.0,0.0,0.0,0.0,0.0,0.0,0.0,0.0,
1765990141.6638825,sol-updown-15m-1765989900,1765989900.0,1765990800.0,,658.3361175060272,,,,,0,0,0.94,0.98,ONE_LEG_INVENTORY,,,,,,,,,,,,,,0,5,,,,,,,,,,,,,,,,,,,,,,,,,,,,5.0,0.0,,,,,0,0,,,Inv: 5.0/0.0 CapLeft: 45.0,,,5.0,0.0,5.0,45.0,50.0,0.0,50.0,0.0,0.0,0.0,0.0,0.0,0.0,0.0,0.0,0.0,
1765990141.6638825,sol-updown-15m-1765989900,1765989900.0,1765990800.0,,658.3361175060272,,,,,0,0,0.94,0.98,ONE_LEG_INVENTORY,,,,,,,,,,,,,,0,5,,,,,,,,,,,,,,,,,,,,,,,,,,,,5.0,0.0,,,,,0,0,,,Inv: 5.0/0.0 CapLeft: 45.0,,,5.0,0.0,5.0,45.0,50.0,0.0,50.0,0.0,0.0,0.0,0.0,0.0,0.0,0.0,0.0,0.0,
1765990143.7128234,sol-updown-15m-1765989900,1765989900.0,1765990800.0,,656.2871766090393,,,,,0,0,0.99,0.98,ONE_LEG_INVENTORY,,,,,,,,,,,,,,0,5,,,,,,,,,,,,,,,,,,,,,,,,,,,,5.0,0.0,,,,,0,0,,,Inv: 5.0/0.0 CapLeft: 45.0,,,5.0,0.0,5.0,45.0,50.0,0.0,50.0,0.0,0.0,0.0,0.0,0.0,0.0,0.0,0.0,0.0,
1765990143.832693,sol-updown-15m-1765989900,1765989900.0,1765990800.0,,656.1673069000244,,,,,0,0,0.99,0.98,ONE_LEG_INVENTORY,,,,,,,,,,,,,,0,5,,,,,,,,,,,,,,,,,,,,,,,,,,,,5.0,0.0,,,,,0,0,,,Inv: 5.0/0.0 CapLeft: 45.0,,,5.0,0.0,5.0,45.0,50.0,0.0,50.0,0.0,0.0,0.0,0.0,0.0,0.0,0.0,0.0,0.0,
1765990145.6938097,sol-updown-15m-1765989900,1765989900.0,1765990800.0,,654.3061902523041,,,,,0,0,0.98,0.98,ONE_LEG_INVENTORY,,,,,,,,,,,,,,0,5,,,,,,,,,,,,,,,,,,,,,,,,,,,,5.0,0.0,,,,,0,0,,,Inv: 5.0/0.0 CapLeft: 45.0,,,5.0,0.0,5.0,45.0,50.0,0.0,50.0,0.0,0.0,0.0,0.0,0.0,0.0,0.0,0.0,0.0,
1765990145.794762,sol-updown-15m-1765989900,1765989900.0,1765990800.0,,654.2052381038666,,,,,0,0,0.98,0.98,ONE_LEG_INVENTORY,,,,,,,,,,,,,,0,5,,,,,,,,,,,,,,,,,,,,,,,,,,,,5.0,0.0,,,,,0,0,,,Inv: 5.0/0.0 CapLeft: 45.0,,,5.0,0.0,5.0,45.0,50.0,0.0,50.0,0.0,0.0,0.0,0.0,0.0,0.0,0.0,0.0,0.0,
1765990147.6560388,sol-updown-15m-1765989900,1765989900.0,1765990800.0,,652.3439612388611,,,,,0,0,0.99,0.98,ONE_LEG_INVENTORY,,,,,,,,,,,,,,0,5,,,,,,,,,,,,,,,,,,,,,,,,,,,,5.0,0.0,,,,,0,0,,,Inv: 5.0/0.0 CapLeft: 45.0,,,5.0,0.0,5.0,45.0,50.0,0.0,50.0,0.0,0.0,0.0,0.0,0.0,0.0,0.0,0.0,0.0,
1765990147.7566054,sol-updown-15m-1765989900,1765989900.0,1765990800.0,,652.243394613266,,,,,0,0,0.99,0.98,ONE_LEG_INVENTORY,,,,,,,,,,,,,,0,5,,,,,,,,,,,,,,,,,,,,,,,,,,,,5.0,0.0,,,,,0,0,,,Inv: 5.0/0.0 CapLeft: 45.0,,,5.0,0.0,5.0,45.0,50.0,0.0,50.0,0.0,0.0,0.0,0.0,0.0,0.0,0.0,0.0,0.0,
1765990149.6202593,sol-updown-15m-1765989900,1765989900.0,1765990800.0,,650.3797407150269,,,,,0,0,0.97,0.98,ONE_LEG_INVENTORY,,,,,,,,,,,,,,0,5,,,,,,,,,,,,,,,,,,,,,,,,,,,,5.0,0.0,,,,,0,0,,,Inv: 5.0/0.0 CapLeft: 45.0,,,5.0,0.0,5.0,45.0,50.0,0.0,50.0,0.0,0.0,0.0,0.0,0.0,0.0,0.0,0.0,0.0,
1765990149.7602522,sol-updown-15m-1765989900,1765989900.0,1765990800.0,,650.23974776268,,,,,0,0,0.97,0.98,ONE_LEG_INVENTORY,,,,,,,,,,,,,,0,5,,,,,,,,,,,,,,,,,,,,,,,,,,,,5.0,0.0,,,,,0,0,,,Inv: 5.0/0.0 CapLeft: 45.0,,,5.0,0.0,5.0,45.0,50.0,0.0,50.0,0.0,0.0,0.0,0.0,0.0,0.0,0.0,0.0,0.0,
1765990151.5439293,sol-updown-15m-1765989900,1765989900.0,1765990800.0,,648.4560706615448,,,,,0,0,0.98,0.98,ONE_LEG_INVENTORY,,,,,,,,,,,,,,0,5,,,,,,,,,,,,,,,,,,,,,,,,,,,,5.0,0.0,,,,,0,0,,,Inv: 5.0/0.0 CapLeft: 45.0,,,5.0,0.0,5.0,45.0,50.0,0.0,50.0,0.0,0.0,0.0,0.0,0.0,0.0,0.0,0.0,0.0,
1765990151.6991801,sol-updown-15m-1765989900,1765989900.0,1765990800.0,,648.3008198738098,,,,,0,0,0.99,0.98,ONE_LEG_INVENTORY,,,,,,,,,,,,,,0,5,,,,,,,,,,,,,,,,,,,,,,,,,,,,5.0,0.0,,,,,0,0,,,Inv: 5.0/0.0 CapLeft: 45.0,,,5.0,0.0,5.0,45.0,50.0,0.0,50.0,0.0,0.0,0.0,0.0,0.0,0.0,0.0,0.0,0.0,
1765990153.4666047,sol-updown-15m-1765989900,1765989900.0,1765990800.0,,646.5333952903748,,,,,0,0,0.97,0.98,ONE_LEG_INVENTORY,,,,,,,,,,,,,,0,5,,,,,,,,,,,,,,,,,,,,,,,,,,,,5.0,0.0,,,,,0,0,,,Inv: 5.0/0.0 CapLeft: 45.0,,,5.0,0.0,5.0,45.0,50.0,0.0,50.0,0.0,0.0,0.0,0.0,0.0,0.0,0.0,0.0,0.0,
1765990153.6431086,sol-updown-15m-1765989900,1765989900.0,1765990800.0,,646.3568913936615,,,,,0,0,0.97,0.98,ONE_LEG_INVENTORY,,,,,,,,,,,,,,0,5,,,,,,,,,,,,,,,,,,,,,,,,,,,,5.0,0.0,,,,,0,0,,,Inv: 5.0/0.0 CapLeft: 45.0,,,5.0,0.0,5.0,45.0,50.0,0.0,50.0,0.0,0.0,0.0,0.0,0.0,0.0,0.0,0.0,0.0,
1765990155.3832717,sol-updown-15m-1765989900,1765989900.0,1765990800.0,,644.6167283058167,,,,,0,0,0.96,0.98,ONE_LEG_INVENTORY,,,,,,,,,,,,,,0,5,,,,,,,,,,,,,,,,,,,,,,,,,,,,5.0,0.0,,,,,0,0,,,Inv: 5.0/0.0 CapLeft: 45.0,,,5.0,0.0,5.0,45.0,50.0,0.0,50.0,0.0,0.0,0.0,0.0,0.0,0.0,0.0,0.0,0.0,
1765990155.5731285,sol-updown-15m-1765989900,1765989900.0,1765990800.0,,644.4268715381622,,,,,0,0,0.96,0.98,ONE_LEG_INVENTORY,,,,,,,,,,,,,,0,5,,,,,,,,,,,,,,,,,,,,,,,,,,,,5.0,0.0,,,,,0,0,,,Inv: 5.0/0.0 CapLeft: 45.0,,,5.0,0.0,5.0,45.0,50.0,0.0,50.0,0.0,0.0,0.0,0.0,0.0,0.0,0.0,0.0,0.0,
1765990157.3301184,sol-updown-15m-1765989900,1765989900.0,1765990800.0,,642.6698815822601,,,,,0,0,0.98,0.98,ONE_LEG_INVENTORY,,,,,,,,,,,,,,0,5,,,,,,,,,,,,,,,,,,,,,,,,,,,,5.0,0.0,,,,,0,0,,,Inv: 5.0/0.0 CapLeft: 45.0,,,5.0,0.0,5.0,45.0,50.0,0.0,50.0,0.0,0.0,0.0,0.0,0.0,0.0,0.0,0.0,0.0,
1765990157.5017207,sol-updown-15m-1765989900,1765989900.0,1765990800.0,,642.4982793331146,,,,,0,0,0.97,0.98,ONE_LEG_INVENTORY,,,,,,,,,,,,,,0,5,,,,,,,,,,,,,,,,,,,,,,,,,,,,5.0,0.0,,,,,0,0,,,Inv: 5.0/0.0 CapLeft: 45.0,,,5.0,0.0,5.0,45.0,50.0,0.0,50.0,0.0,0.0,0.0,0.0,0.0,0.0,0.0,0.0,0.0,
1765990159.2636685,sol-updown-15m-1765989900,1765989900.0,1765990800.0,,640.7363314628601,,,,,0,0,0.98,0.98,ONE_LEG_INVENTORY,,,,,,,,,,,,,,0,5,,,,,,,,,,,,,,,,,,,,,,,,,,,,5.0,0.0,,,,,0,0,,,Inv: 5.0/0.0 CapLeft: 45.0,,,5.0,0.0,5.0,45.0,50.0,0.0,50.0,0.0,0.0,0.0,0.0,0.0,0.0,0.0,0.0,0.0,
1765990159.4710886,sol-updown-15m-1765989900,1765989900.0,1765990800.0,,640.5289113521576,,,,,0,0,0.98,0.98,ONE_LEG_INVENTORY,,,,,,,,,,,,,,0,5,,,,,,,,,,,,,,,,,,,,,,,,,,,,5.0,0.0,,,,,0,0,,,Inv: 5.0/0.0 CapLeft: 45.0,,,5.0,0.0,5.0,45.0,50.0,0.0,50.0,0.0,0.0,0.0,0.0,0.0,0.0,0.0,0.0,0.0,
1765990161.1929436,sol-updown-15m-1765989900,1765989900.0,1765990800.0,,638.807056427002,,,,,0,0,0.96,0.98,ONE_LEG_INVENTORY,,,,,,,,,,,,,,0,5,,,,,,,,,,,,,,,,,,,,,,,,,,,,5.0,0.0,,,,,0,0,,,Inv: 5.0/0.0 CapLeft: 45.0,,,5.0,0.0,5.0,45.0,50.0,0.0,50.0,0.0,0.0,0.0,0.0,0.0,0.0,0.0,0.0,0.0,
1765990161.4531894,sol-updown-15m-1765989900,1765989900.0,1765990800.0,,638.5468106269836,,,,,0,0,0.98,0.98,ONE_LEG_INVENTORY,,,,,,,,,,,,,,0,5,,,,,,,,,,,,,,,,,,,,,,,,,,,,5.0,0.0,,,,,0,0,,,Inv: 5.0/0.0 CapLeft: 45.0,,,5.0,0.0,5.0,45.0,50.0,0.0,50.0,0.0,0.0,0.0,0.0,0.0,0.0,0.0,0.0,0.0,
1765990163.1175191,sol-updown-15m-1765989900,1765989900.0,1765990800.0,,636.8824808597565,,,,,0,0,0.96,0.98,ONE_LEG_INVENTORY,,,,,,,,,,,,,,0,5,,,,,,,,,,,,,,,,,,,,,,,,,,,,5.0,0.0,,,,,0,0,,,Inv: 5.0/0.0 CapLeft: 45.0,,,5.0,0.0,5.0,45.0,50.0,0.0,50.0,0.0,0.0,0.0,0.0,0.0,0.0,0.0,0.0,0.0,
1765990163.416585,sol-updown-15m-1765989900,1765989900.0,1765990800.0,,636.5834150314331,,,,,0,0,0.96,0.98,ONE_LEG_INVENTORY,,,,,,,,,,,,,,0,5,,,,,,,,,,,,,,,,,,,,,,,,,,,,5.0,0.0,,,,,0,0,,,Inv: 5.0/0.0 CapLeft: 45.0,,,5.0,0.0,5.0,45.0,50.0,0.0,50.0,0.0,0.0,0.0,0.0,0.0,0.0,0.0,0.0,0.0,
1765990165.0976202,sol-updown-15m-1765989900,1765989900.0,1765990800.0,,634.9023797512054,,,,,0,0,0.95,0.98,ONE_LEG_INVENTORY,,,,,,,,,,,,,,0,5,,,,,,,,,,,,,,,,,,,,,,,,,,,,5.0,0.0,,,,,0,0,,,Inv: 5.0/0.0 CapLeft: 45.0,,,5.0,0.0,5.0,45.0,50.0,0.0,50.0,0.0,0.0,0.0,0.0,0.0,0.0,0.0,0.0,0.0,
1765990165.4020395,sol-updown-15m-1765989900,1765989900.0,1765990800.0,,634.5979604721069,,,,,0,0,0.98,0.98,ONE_LEG_INVENTORY,,,,,,,,,,,,,,0,5,,,,,,,,,,,,,,,,,,,,,,,,,,,,5.0,0.0,,,,,0,0,,,Inv: 5.0/0.0 CapLeft: 45.0,,,5.0,0.0,5.0,45.0,50.0,0.0,50.0,0.0,0.0,0.0,0.0,0.0,0.0,0.0,0.0,0.0,
1765990167.0553048,sol-updown-15m-1765989900,1765989900.0,1765990800.0,,632.9446952342987,,,,,0,0,0.97,0.98,ONE_LEG_INVENTORY,,,,,,,,,,,,,,0,5,,,,,,,,,,,,,,,,,,,,,,,,,,,,5.0,0.0,,,,,0,0,,,Inv: 5.0/0.0 CapLeft: 45.0,,,5.0,0.0,5.0,45.0,50.0,0.0,50.0,0.0,0.0,0.0,0.0,0.0,0.0,0.0,0.0,0.0,
1765990167.3999367,sol-updown-15m-1765989900,1765989900.0,1765990800.0,,632.6000633239746,,,,,0,0,0.97,0.98,ONE_LEG_INVENTORY,,,,,,,,,,,,,,0,5,,,,,,,,,,,,,,,,,,,,,,,,,,,,5.0,0.0,,,,,0,0,,,Inv: 5.0/0.0 CapLeft: 45.0,,,5.0,0.0,5.0,45.0,50.0,0.0,50.0,0.0,0.0,0.0,0.0,0.0,0.0,0.0,0.0,0.0,
1765990169.0034714,sol-updown-15m-1765989900,1765989900.0,1765990800.0,,630.9965286254883,,,,,0,0,0.97,0.98,ONE_LEG_INVENTORY,,,,,,,,,,,,,,0,5,,,,,,,,,,,,,,,,,,,,,,,,,,,,5.0,0.0,,,,,0,0,,,Inv: 5.0/0.0 CapLeft: 45.0,,,5.0,0.0,5.0,45.0,50.0,0.0,50.0,0.0,0.0,0.0,0.0,0.0,0.0,0.0,0.0,0.0,
1765990169.3240697,sol-updown-15m-1765989900,1765989900.0,1765990800.0,,630.6759302616119,,,,,0,0,0.97,0.98,ONE_LEG_INVENTORY,,,,,,,,,,,,,,0,5,,,,,,,,,,,,,,,,,,,,,,,,,,,,5.0,0.0,,,,,0,0,,,Inv: 5.0/0.0 CapLeft: 45.0,,,5.0,0.0,5.0,45.0,50.0,0.0,50.0,0.0,0.0,0.0,0.0,0.0,0.0,0.0,0.0,0.0,
1765990170.9412932,sol-updown-15m-1765989900,1765989900.0,1765990800.0,,629.0587067604065,,,,,0,0,0.95,0.98,ONE_LEG_INVENTORY,,,,,,,,,,,,,,0,5,,,,,,,,,,,,,,,,,,,,,,,,,,,,5.0,0.0,,,,,0,0,,,Inv: 5.0/0.0 CapLeft: 45.0,,,5.0,0.0,5.0,45.0,50.0,0.0,50.0,0.0,0.0,0.0,0.0,0.0,0.0,0.0,0.0,0.0,
1765990171.2673228,sol-updown-15m-1765989900,1765989900.0,1765990800.0,,628.7326772212982,,,,,0,0,0.97,0.98,ONE_LEG_INVENTORY,,,,,,,,,,,,,,0,5,,,,,,,,,,,,,,,,,,,,,,,,,,,,5.0,0.0,,,,,0,0,,,Inv: 5.0/0.0 CapLeft: 45.0,,,5.0,0.0,5.0,45.0,50.0,0.0,50.0,0.0,0.0,0.0,0.0,0.0,0.0,0.0,0.0,0.0,
1765990172.9038944,sol-updown-15m-1765989900,1765989900.0,1765990800.0,,627.0961055755615,,,,,0,0,0.98,0.98,ONE_LEG_INVENTORY,,,,,,,,,,,,,,0,5,,,,,,,,,,,,,,,,,,,,,,,,,,,,5.0,0.0,,,,,0,0,,,Inv: 5.0/0.0 CapLeft: 45.0,,,5.0,0.0,5.0,45.0,50.0,0.0,50.0,0.0,0.0,0.0,0.0,0.0,0.0,0.0,0.0,0.0,
1765990173.218347,sol-updown-15m-1765989900,1765989900.0,1765990800.0,,626.7816529273987,,,,,0,0,0.98,0.98,ONE_LEG_INVENTORY,,,,,,,,,,,,,,0,5,,,,,,,,,,,,,,,,,,,,,,,,,,,,5.0,0.0,,,,,0,0,,,Inv: 5.0/0.0 CapLeft: 45.0,,,5.0,0.0,5.0,45.0,50.0,0.0,50.0,0.0,0.0,0.0,0.0,0.0,0.0,0.0,0.0,0.0,
1765990174.8589504,sol-updown-15m-1765989900,1765989900.0,1765990800.0,,625.1410496234894,,,,,0,0,0.95,0.98,ONE_LEG_INVENTORY,,,,,,,,,,,,,,0,5,,,,,,,,,,,,,,,,,,,,,,,,,,,,5.0,0.0,,,,,0,0,,,Inv: 5.0/0.0 CapLeft: 45.0,,,5.0,0.0,5.0,45.0,50.0,0.0,50.0,0.0,0.0,0.0,0.0,0.0,0.0,0.0,0.0,0.0,
1765990175.1486547,sol-updown-15m-1765989900,1765989900.0,1765990800.0,,624.8513453006744,,,,,0,0,0.96,0.98,ONE_LEG_INVENTORY,,,,,,,,,,,,,,0,5,,,,,,,,,,,,,,,,,,,,,,,,,,,,5.0,0.0,,,,,0,0,,,Inv: 5.0/0.0 CapLeft: 45.0,,,5.0,0.0,5.0,45.0,50.0,0.0,50.0,0.0,0.0,0.0,0.0,0.0,0.0,0.0,0.0,0.0,
1765990176.908353,sol-updown-15m-1765989900,1765989900.0,1765990800.0,,623.0916469097137,,,,,0,0,0.97,0.98,ONE_LEG_INVENTORY,,,,,,,,,,,,,,0,5,,,,,,,,,,,,,,,,,,,,,,,,,,,,5.0,0.0,,,,,0,0,,,Inv: 5.0/0.0 CapLeft: 45.0,,,5.0,0.0,5.0,45.0,50.0,0.0,50.0,0.0,0.0,0.0,0.0,0.0,0.0,0.0,0.0,0.0,
1765990177.081658,sol-updown-15m-1765989900,1765989900.0,1765990800.0,,622.9183421134949,,,,,0,0,0.99,0.98,ONE_LEG_INVENTORY,,,,,,,,,,,,,,0,5,,,,,,,,,,,,,,,,,,,,,,,,,,,,5.0,0.0,,,,,0,0,,,Inv: 5.0/0.0 CapLeft: 45.0,,,5.0,0.0,5.0,45.0,50.0,0.0,50.0,0.0,0.0,0.0,0.0,0.0,0.0,0.0,0.0,0.0,
1765990178.8477173,sol-updown-15m-1765989900,1765989900.0,1765990800.0,,621.1522827148438,,,,,0,0,0.99,0.98,ONE_LEG_INVENTORY,,,,,,,,,,,,,,0,5,,,,,,,,,,,,,,,,,,,,,,,,,,,,5.0,0.0,,,,,0,0,,,Inv: 5.0/0.0 CapLeft: 45.0,,,5.0,0.0,5.0,45.0,50.0,0.0,50.0,0.0,0.0,0.0,0.0,0.0,0.0,0.0,0.0,0.0,
1765990179.0310042,sol-updown-15m-1765989900,1765989900.0,1765990800.0,,620.968995809555,,,,,0,0,0.99,0.98,ONE_LEG_INVENTORY,,,,,,,,,,,,,,0,5,,,,,,,,,,,,,,,,,,,,,,,,,,,,5.0,0.0,,,,,0,0,,,Inv: 5.0/0.0 CapLeft: 45.0,,,5.0,0.0,5.0,45.0,50.0,0.0,50.0,0.0,0.0,0.0,0.0,0.0,0.0,0.0,0.0,0.0,
1765990180.8045714,sol-updown-15m-1765989900,1765989900.0,1765990800.0,,619.195428609848,,,,,0,0,0.99,0.98,ONE_LEG_INVENTORY,,,,,,,,,,,,,,0,5,,,,,,,,,,,,,,,,,,,,,,,,,,,,5.0,0.0,,,,,0,0,,,Inv: 5.0/0.0 CapLeft: 45.0,,,5.0,0.0,5.0,45.0,50.0,0.0,50.0,0.0,0.0,0.0,0.0,0.0,0.0,0.0,0.0,0.0,
1765990180.9931054,sol-updown-15m-1765989900,1765989900.0,1765990800.0,,619.0068945884705,,,,,0,0,0.97,0.98,ONE_LEG_INVENTORY,,,,,,,,,,,,,,0,5,,,,,,,,,,,,,,,,,,,,,,,,,,,,5.0,0.0,,,,,0,0,,,Inv: 5.0/0.0 CapLeft: 45.0,,,5.0,0.0,5.0,45.0,50.0,0.0,50.0,0.0,0.0,0.0,0.0,0.0,0.0,0.0,0.0,0.0,
1765990182.7302878,sol-updown-15m-1765989900,1765989900.0,1765990800.0,,617.2697122097015,,,,,0,0,0.97,0.98,ONE_LEG_INVENTORY,,,,,,,,,,,,,,0,5,,,,,,,,,,,,,,,,,,,,,,,,,,,,5.0,0.0,,,,,0,0,,,Inv: 5.0/0.0 CapLeft: 45.0,,,5.0,0.0,5.0,45.0,50.0,0.0,50.0,0.0,0.0,0.0,0.0,0.0,0.0,0.0,0.0,0.0,
1765990182.964442,sol-updown-15m-1765989900,1765989900.0,1765990800.0,,617.0355579853058,,,,,0,0,0.97,0.98,ONE_LEG_INVENTORY,,,,,,,,,,,,,,0,5,,,,,,,,,,,,,,,,,,,,,,,,,,,,5.0,0.0,,,,,0,0,,,Inv: 5.0/0.0 CapLeft: 45.0,,,5.0,0.0,5.0,45.0,50.0,0.0,50.0,0.0,0.0,0.0,0.0,0.0,0.0,0.0,0.0,0.0,
1765990184.7069216,sol-updown-15m-1765989900,1765989900.0,1765990800.0,,615.2930784225464,,,,,0,0,0.98,0.98,ONE_LEG_INVENTORY,,,,,,,,,,,,,,0,5,,,,,,,,,,,,,,,,,,,,,,,,,,,,5.0,0.0,,,,,0,0,,,Inv: 5.0/0.0 CapLeft: 45.0,,,5.0,0.0,5.0,45.0,50.0,0.0,50.0,0.0,0.0,0.0,0.0,0.0,0.0,0.0,0.0,0.0,
1765990184.8884475,sol-updown-15m-1765989900,1765989900.0,1765990800.0,,615.1115524768829,,,,,0,0,0.98,0.98,ONE_LEG_INVENTORY,,,,,,,,,,,,,,0,5,,,,,,,,,,,,,,,,,,,,,,,,,,,,5.0,0.0,,,,,0,0,,,Inv: 5.0/0.0 CapLeft: 45.0,,,5.0,0.0,5.0,45.0,50.0,0.0,50.0,0.0,0.0,0.0,0.0,0.0,0.0,0.0,0.0,0.0,
1765990186.6253161,sol-updown-15m-1765989900,1765989900.0,1765990800.0,,613.3746838569641,,,,,0,0,0.97,0.98,ONE_LEG_INVENTORY,,,,,,,,,,,,,,0,5,,,,,,,,,,,,,,,,,,,,,,,,,,,,5.0,0.0,,,,,0,0,,,Inv: 5.0/0.0 CapLeft: 45.0,,,5.0,0.0,5.0,45.0,50.0,0.0,50.0,0.0,0.0,0.0,0.0,0.0,0.0,0.0,0.0,0.0,
1765990186.8235009,sol-updown-15m-1765989900,1765989900.0,1765990800.0,,613.1764991283417,,,,,0,0,0.97,0.98,ONE_LEG_INVENTORY,,,,,,,,,,,,,,0,5,,,,,,,,,,,,,,,,,,,,,,,,,,,,5.0,0.0,,,,,0,0,,,Inv: 5.0/0.0 CapLeft: 45.0,,,5.0,0.0,5.0,45.0,50.0,0.0,50.0,0.0,0.0,0.0,0.0,0.0,0.0,0.0,0.0,0.0,
1765990188.5816922,sol-updown-15m-1765989900,1765989900.0,1765990800.0,,611.4183077812195,,,,,0,0,0.97,0.98,ONE_LEG_INVENTORY,,,,,,,,,,,,,,0,5,,,,,,,,,,,,,,,,,,,,,,,,,,,,5.0,0.0,,,,,0,0,,,Inv: 5.0/0.0 CapLeft: 45.0,,,5.0,0.0,5.0,45.0,50.0,0.0,50.0,0.0,0.0,0.0,0.0,0.0,0.0,0.0,0.0,0.0,
1765990188.7593536,sol-updown-15m-1765989900,1765989900.0,1765990800.0,,611.2406463623047,,,,,0,0,0.97,0.98,ONE_LEG_INVENTORY,,,,,,,,,,,,,,0,5,,,,,,,,,,,,,,,,,,,,,,,,,,,,5.0,0.0,,,,,0,0,,,Inv: 5.0/0.0 CapLeft: 45.0,,,5.0,0.0,5.0,45.0,50.0,0.0,50.0,0.0,0.0,0.0,0.0,0.0,0.0,0.0,0.0,0.0,
1765990190.5214982,sol-updown-15m-1765989900,1765989900.0,1765990800.0,,609.4785017967224,,,,,0,0,0.97,0.98,ONE_LEG_INVENTORY,,,,,,,,,,,,,,0,5,,,,,,,,,,,,,,,,,,,,,,,,,,,,5.0,0.0,,,,,0,0,,,Inv: 5.0/0.0 CapLeft: 45.0,,,5.0,0.0,5.0,45.0,50.0,0.0,50.0,0.0,0.0,0.0,0.0,0.0,0.0,0.0,0.0,0.0,
1765990190.6825495,sol-updown-15m-1765989900,1765989900.0,1765990800.0,,609.3174505233765,,,,,0,0,0.97,0.98,ONE_LEG_INVENTORY,,,,,,,,,,,,,,0,5,,,,,,,,,,,,,,,,,,,,,,,,,,,,5.0,0.0,,,,,0,0,,,Inv: 5.0/0.0 CapLeft: 45.0,,,5.0,0.0,5.0,45.0,50.0,0.0,50.0,0.0,0.0,0.0,0.0,0.0,0.0,0.0,0.0,0.0,
1765990192.4584188,sol-updown-15m-1765989900,1765989900.0,1765990800.0,,607.5415811538696,,,,,0,0,0.97,0.98,ONE_LEG_INVENTORY,,,,,,,,,,,,,,0,5,,,,,,,,,,,,,,,,,,,,,,,,,,,,5.0,0.0,,,,,0,0,,,Inv: 5.0/0.0 CapLeft: 45.0,,,5.0,0.0,5.0,45.0,50.0,0.0,50.0,0.0,0.0,0.0,0.0,0.0,0.0,0.0,0.0,0.0,
1765990192.6171348,sol-updown-15m-1765989900,1765989900.0,1765990800.0,,607.382865190506,,,,,0,0,0.97,0.98,ONE_LEG_INVENTORY,,,,,,,,,,,,,,0,5,,,,,,,,,,,,,,,,,,,,,,,,,,,,5.0,0.0,,,,,0,0,,,Inv: 5.0/0.0 CapLeft: 45.0,,,5.0,0.0,5.0,45.0,50.0,0.0,50.0,0.0,0.0,0.0,0.0,0.0,0.0,0.0,0.0,0.0,
1765990194.40874,sol-updown-15m-1765989900,1765989900.0,1765990800.0,,605.5912599563599,,,,,0,0,0.97,0.98,ONE_LEG_INVENTORY,,,,,,,,,,,,,,0,5,,,,,,,,,,,,,,,,,,,,,,,,,,,,5.0,0.0,,,,,0,0,,,Inv: 5.0/0.0 CapLeft: 45.0,,,5.0,0.0,5.0,45.0,50.0,0.0,50.0,0.0,0.0,0.0,0.0,0.0,0.0,0.0,0.0,0.0,
1765990194.5428064,sol-updown-15m-1765989900,1765989900.0,1765990800.0,,605.4571936130524,,,,,0,0,0.96,0.98,ONE_LEG_INVENTORY,,,,,,,,,,,,,,0,5,,,,,,,,,,,,,,,,,,,,,,,,,,,,5.0,0.0,,,,,0,0,,,Inv: 5.0/0.0 CapLeft: 45.0,,,5.0,0.0,5.0,45.0,50.0,0.0,50.0,0.0,0.0,0.0,0.0,0.0,0.0,0.0,0.0,0.0,
1765990196.3645024,sol-updown-15m-1765989900,1765989900.0,1765990800.0,,603.6354975700378,,,,,0,0,0.95,0.98,ONE_LEG_INVENTORY,,,,,,,,,,,,,,0,5,,,,,,,,,,,,,,,,,,,,,,,,,,,,5.0,0.0,,,,,0,0,,,Inv: 5.0/0.0 CapLeft: 45.0,,,5.0,0.0,5.0,45.0,50.0,0.0,50.0,0.0,0.0,0.0,0.0,0.0,0.0,0.0,0.0,0.0,
1765990196.4666631,sol-updown-15m-1765989900,1765989900.0,1765990800.0,,603.5333368778229,,,,,0,0,0.96,0.98,ONE_LEG_INVENTORY,,,,,,,,,,,,,,0,5,,,,,,,,,,,,,,,,,,,,,,,,,,,,5.0,0.0,,,,,0,0,,,Inv: 5.0/0.0 CapLeft: 45.0,,,5.0,0.0,5.0,45.0,50.0,0.0,50.0,0.0,0.0,0.0,0.0,0.0,0.0,0.0,0.0,0.0,
1765990198.3160374,sol-updown-15m-1765989900,1765989900.0,1765990800.0,,601.6839625835419,,,,,0,0,0.98,0.98,ONE_LEG_INVENTORY,,,,,,,,,,,,,,0,5,,,,,,,,,,,,,,,,,,,,,,,,,,,,5.0,0.0,,,,,0,0,,,Inv: 5.0/0.0 CapLeft: 45.0,,,5.0,0.0,5.0,45.0,50.0,0.0,50.0,0.0,0.0,0.0,0.0,0.0,0.0,0.0,0.0,0.0,
1765990198.5640795,sol-updown-15m-1765989900,1765989900.0,1765990800.0,,601.4359204769135,,,,,0,0,0.98,0.98,ONE_LEG_INVENTORY,,,,,,,,,,,,,,0,5,,,,,,,,,,,,,,,,,,,,,,,,,,,,5.0,0.0,,,,,0,0,,,Inv: 5.0/0.0 CapLeft: 45.0,,,5.0,0.0,5.0,45.0,50.0,0.0,50.0,0.0,0.0,0.0,0.0,0.0,0.0,0.0,0.0,0.0,
1765990200.2444952,sol-updown-15m-1765989900,1765989900.0,1765990800.0,,599.7555048465729,,,,,0,0,0.97,0.98,ONE_LEG_INVENTORY,,,,,,,,,,,,,,0,5,,,,,,,,,,,,,,,,,,,,,,,,,,,,5.0,0.0,,,,,0,0,,,Inv: 5.0/0.0 CapLeft: 45.0,,,5.0,0.0,5.0,45.0,50.0,0.0,50.0,0.0,0.0,0.0,0.0,0.0,0.0,0.0,0.0,0.0,
1765990200.4973588,sol-updown-15m-1765989900,1765989900.0,1765990800.0,,599.5026412010193,,,,,0,0,0.96,0.98,ONE_LEG_INVENTORY,,,,,,,,,,,,,,0,5,,,,,,,,,,,,,,,,,,,,,,,,,,,,5.0,0.0,,,,,0,0,,,Inv: 5.0/0.0 CapLeft: 45.0,,,5.0,0.0,5.0,45.0,50.0,0.0,50.0,0.0,0.0,0.0,0.0,0.0,0.0,0.0,0.0,0.0,
1765990202.2450862,sol-updown-15m-1765989900,1765989900.0,1765990800.0,,597.7549138069153,,,,,0,0,0.97,0.98,ONE_LEG_INVENTORY,,,,,,,,,,,,,,0,5,,,,,,,,,,,,,,,,,,,,,,,,,,,,5.0,0.0,,,,,0,0,,,Inv: 5.0/0.0 CapLeft: 45.0,,,5.0,0.0,5.0,45.0,50.0,0.0,50.0,0.0,0.0,0.0,0.0,0.0,0.0,0.0,0.0,0.0,
1765990202.4812188,sol-updown-15m-1765989900,1765989900.0,1765990800.0,,597.5187811851501,,,,,0,0,0.97,0.98,ONE_LEG_INVENTORY,,,,,,,,,,,,,,0,5,,,,,,,,,,,,,,,,,,,,,,,,,,,,5.0,0.0,,,,,0,0,,,Inv: 5.0/0.0 CapLeft: 45.0,,,5.0,0.0,5.0,45.0,50.0,0.0,50.0,0.0,0.0,0.0,0.0,0.0,0.0,0.0,0.0,0.0,
1765990204.195723,sol-updown-15m-1765989900,1765989900.0,1765990800.0,,595.8042769432068,,,,,0,0,0.97,0.98,ONE_LEG_INVENTORY,,,,,,,,,,,,,,0,5,,,,,,,,,,,,,,,,,,,,,,,,,,,,5.0,0.0,,,,,0,0,,,Inv: 5.0/0.0 CapLeft: 45.0,,,5.0,0.0,5.0,45.0,50.0,0.0,50.0,0.0,0.0,0.0,0.0,0.0,0.0,0.0,0.0,0.0,
1765990204.4388003,sol-updown-15m-1765989900,1765989900.0,1765990800.0,,595.5611996650696,,,,,0,0,0.96,0.98,ONE_LEG_INVENTORY,,,,,,,,,,,,,,0,5,,,,,,,,,,,,,,,,,,,,,,,,,,,,5.0,0.0,,,,,0,0,,,Inv: 5.0/0.0 CapLeft: 45.0,,,5.0,0.0,5.0,45.0,50.0,0.0,50.0,0.0,0.0,0.0,0.0,0.0,0.0,0.0,0.0,0.0,
1765990206.1412137,sol-updown-15m-1765989900,1765989900.0,1765990800.0,,593.8587863445282,,,,,0,0,0.97,0.98,ONE_LEG_INVENTORY,,,,,,,,,,,,,,0,5,,,,,,,,,,,,,,,,,,,,,,,,,,,,5.0,0.0,,,,,0,0,,,Inv: 5.0/0.0 CapLeft: 45.0,,,5.0,0.0,5.0,45.0,50.0,0.0,50.0,0.0,0.0,0.0,0.0,0.0,0.0,0.0,0.0,0.0,
1765990206.4058514,sol-updown-15m-1765989900,1765989900.0,1765990800.0,,593.5941486358643,,,,,0,0,0.99,0.98,ONE_LEG_INVENTORY,,,,,,,,,,,,,,0,5,,,,,,,,,,,,,,,,,,,,,,,,,,,,5.0,0.0,,,,,0,0,,,Inv: 5.0/0.0 CapLeft: 45.0,,,5.0,0.0,5.0,45.0,50.0,0.0,50.0,0.0,0.0,0.0,0.0,0.0,0.0,0.0,0.0,0.0,
1765990208.1303816,sol-updown-15m-1765989900,1765989900.0,1765990800.0,,591.8696184158325,,,,,0,0,0.95,0.98,ONE_LEG_INVENTORY,,,,,,,,,,,,,,0,5,,,,,,,,,,,,,,,,,,,,,,,,,,,,5.0,0.0,,,,,0,0,,,Inv: 5.0/0.0 CapLeft: 45.0,,,5.0,0.0,5.0,45.0,50.0,0.0,50.0,0.0,0.0,0.0,0.0,0.0,0.0,0.0,0.0,0.0,
1765990208.3690166,sol-updown-15m-1765989900,1765989900.0,1765990800.0,,591.6309833526611,,,,,0,0,0.95,0.98,ONE_LEG_INVENTORY,,,,,,,,,,,,,,0,5,,,,,,,,,,,,,,,,,,,,,,,,,,,,5.0,0.0,,,,,0,0,,,Inv: 5.0/0.0 CapLeft: 45.0,,,5.0,0.0,5.0,45.0,50.0,0.0,50.0,0.0,0.0,0.0,0.0,0.0,0.0,0.0,0.0,0.0,
1765990210.08496,sol-updown-15m-1765989900,1765989900.0,1765990800.0,,589.9150400161743,,,,,0,0,0.97,0.98,ONE_LEG_INVENTORY,,,,,,,,,,,,,,0,5,,,,,,,,,,,,,,,,,,,,,,,,,,,,5.0,0.0,,,,,0,0,,,Inv: 5.0/0.0 CapLeft: 45.0,,,5.0,0.0,5.0,45.0,50.0,0.0,50.0,0.0,0.0,0.0,0.0,0.0,0.0,0.0,0.0,0.0,
1765990210.3312495,sol-updown-15m-1765989900,1765989900.0,1765990800.0,,589.6687505245209,,,,,0,0,0.97,0.98,ONE_LEG_INVENTORY,,,,,,,,,,,,,,0,5,,,,,,,,,,,,,,,,,,,,,,,,,,,,5.0,0.0,,,,,0,0,,,Inv: 5.0/0.0 CapLeft: 45.0,,,5.0,0.0,5.0,45.0,50.0,0.0,50.0,0.0,0.0,0.0,0.0,0.0,0.0,0.0,0.0,0.0,
1765990212.0583706,sol-updown-15m-1765989900,1765989900.0,1765990800.0,,587.94162940979,,,,,0,0,0.97,0.98,ONE_LEG_INVENTORY,,,,,,,,,,,,,,0,5,,,,,,,,,,,,,,,,,,,,,,,,,,,,5.0,0.0,,,,,0,0,,,Inv: 5.0/0.0 CapLeft: 45.0,,,5.0,0.0,5.0,45.0,50.0,0.0,50.0,0.0,0.0,0.0,0.0,0.0,0.0,0.0,0.0,0.0,
1765990212.278069,sol-updown-15m-1765989900,1765989900.0,1765990800.0,,587.7219309806824,,,,,0,0,0.99,0.98,ONE_LEG_INVENTORY,,,,,,,,,,,,,,0,5,,,,,,,,,,,,,,,,,,,,,,,,,,,,5.0,0.0,,,,,0,0,,,Inv: 5.0/0.0 CapLeft: 45.0,,,5.0,0.0,5.0,45.0,50.0,0.0,50.0,0.0,0.0,0.0,0.0,0.0,0.0,0.0,0.0,0.0,
1765990214.0320134,sol-updown-15m-1765989900,1765989900.0,1765990800.0,,585.9679865837097,,,,,0,0,0.95,0.98,ONE_LEG_INVENTORY,,,,,,,,,,,,,,0,5,,,,,,,,,,,,,,,,,,,,,,,,,,,,5.0,0.0,,,,,0,0,,,Inv: 5.0/0.0 CapLeft: 45.0,,,5.0,0.0,5.0,45.0,50.0,0.0,50.0,0.0,0.0,0.0,0.0,0.0,0.0,0.0,0.0,0.0,
1765990214.219838,sol-updown-15m-1765989900,1765989900.0,1765990800.0,,585.7801620960236,,,,,0,0,0.97,0.98,ONE_LEG_INVENTORY,,,,,,,,,,,,,,0,5,,,,,,,,,,,,,,,,,,,,,,,,,,,,5.0,0.0,,,,,0,0,,,Inv: 5.0/0.0 CapLeft: 45.0,,,5.0,0.0,5.0,45.0,50.0,0.0,50.0,0.0,0.0,0.0,0.0,0.0,0.0,0.0,0.0,0.0,
1765990215.982435,sol-updown-15m-1765989900,1765989900.0,1765990800.0,,584.0175650119781,,,,,0,0,0.96,0.98,ONE_LEG_INVENTORY,,,,,,,,,,,,,,0,5,,,,,,,,,,,,,,,,,,,,,,,,,,,,5.0,0.0,,,,,0,0,,,Inv: 5.0/0.0 CapLeft: 45.0,,,5.0,0.0,5.0,45.0,50.0,0.0,50.0,0.0,0.0,0.0,0.0,0.0,0.0,0.0,0.0,0.0,
1765990216.1665483,sol-updown-15m-1765989900,1765989900.0,1765990800.0,,583.8334517478943,,,,,0,0,0.98,0.98,ONE_LEG_INVENTORY,,,,,,,,,,,,,,0,5,,,,,,,,,,,,,,,,,,,,,,,,,,,,5.0,0.0,,,,,0,0,,,Inv: 5.0/0.0 CapLeft: 45.0,,,5.0,0.0,5.0,45.0,50.0,0.0,50.0,0.0,0.0,0.0,0.0,0.0,0.0,0.0,0.0,0.0,
1765990217.9265552,sol-updown-15m-1765989900,1765989900.0,1765990800.0,,582.0734448432922,,,,,0,0,0.98,0.98,ONE_LEG_INVENTORY,,,,,,,,,,,,,,0,5,,,,,,,,,,,,,,,,,,,,,,,,,,,,5.0,0.0,,,,,0,0,,,Inv: 5.0/0.0 CapLeft: 45.0,,,5.0,0.0,5.0,45.0,50.0,0.0,50.0,0.0,0.0,0.0,0.0,0.0,0.0,0.0,0.0,0.0,
1765990218.1210618,sol-updown-15m-1765989900,1765989900.0,1765990800.0,,581.8789381980896,,,,,0,0,0.96,0.98,ONE_LEG_INVENTORY,,,,,,,,,,,,,,0,5,,,,,,,,,,,,,,,,,,,,,,,,,,,,5.0,0.0,,,,,0,0,,,Inv: 5.0/0.0 CapLeft: 45.0,,,5.0,0.0,5.0,45.0,50.0,0.0,50.0,0.0,0.0,0.0,0.0,0.0,0.0,0.0,0.0,0.0,
1765990219.8788242,sol-updown-15m-1765989900,1765989900.0,1765990800.0,,580.1211757659912,,,,,0,0,0.99,0.98,ONE_LEG_INVENTORY,,,,,,,,,,,,,,0,5,,,,,,,,,,,,,,,,,,,,,,,,,,,,5.0,0.0,,,,,0,0,,,Inv: 5.0/0.0 CapLeft: 45.0,,,5.0,0.0,5.0,45.0,50.0,0.0,50.0,0.0,0.0,0.0,0.0,0.0,0.0,0.0,0.0,0.0,
1765990220.0480509,sol-updown-15m-1765989900,1765989900.0,1765990800.0,,579.9519491195679,,,,,0,0,0.98,0.98,ONE_LEG_INVENTORY,,,,,,,,,,,,,,0,5,,,,,,,,,,,,,,,,,,,,,,,,,,,,5.0,0.0,,,,,0,0,,,Inv: 5.0/0.0 CapLeft: 45.0,,,5.0,0.0,5.0,45.0,50.0,0.0,50.0,0.0,0.0,0.0,0.0,0.0,0.0,0.0,0.0,0.0,
1765990221.8439453,sol-updown-15m-1765989900,1765989900.0,1765990800.0,,578.1560547351837,,,,,0,0,0.99,0.98,ONE_LEG_INVENTORY,,,,,,,,,,,,,,0,5,,,,,,,,,,,,,,,,,,,,,,,,,,,,5.0,0.0,,,,,0,0,,,Inv: 5.0/0.0 CapLeft: 45.0,,,5.0,0.0,5.0,45.0,50.0,0.0,50.0,0.0,0.0,0.0,0.0,0.0,0.0,0.0,0.0,0.0,
1765990222.0487406,sol-updown-15m-1765989900,1765989900.0,1765990800.0,,577.9512593746185,,,,,0,0,0.99,0.98,ONE_LEG_INVENTORY,,,,,,,,,,,,,,0,5,,,,,,,,,,,,,,,,,,,,,,,,,,,,5.0,0.0,,,,,0,0,,,Inv: 5.0/0.0 CapLeft: 45.0,,,5.0,0.0,5.0,45.0,50.0,0.0,50.0,0.0,0.0,0.0,0.0,0.0,0.0,0.0,0.0,0.0,
1765990223.7824936,sol-updown-15m-1765989900,1765989900.0,1765990800.0,,576.2175064086914,,,,,0,0,0.95,0.98,ONE_LEG_INVENTORY,,,,,,,,,,,,,,0,5,,,,,,,,,,,,,,,,,,,,,,,,,,,,5.0,0.0,,,,,0,0,,,Inv: 5.0/0.0 CapLeft: 45.0,,,5.0,0.0,5.0,45.0,50.0,0.0,50.0,0.0,0.0,0.0,0.0,0.0,0.0,0.0,0.0,0.0,
1765990224.0203803,sol-updown-15m-1765989900,1765989900.0,1765990800.0,,575.9796197414398,,,,,0,0,0.97,0.98,ONE_LEG_INVENTORY,,,,,,,,,,,,,,0,5,,,,,,,,,,,,,,,,,,,,,,,,,,,,5.0,0.0,,,,,0,0,,,Inv: 5.0/0.0 CapLeft: 45.0,,,5.0,0.0,5.0,45.0,50.0,0.0,50.0,0.0,0.0,0.0,0.0,0.0,0.0,0.0,0.0,0.0,
1765990225.7252896,sol-updown-15m-1765989900,1765989900.0,1765990800.0,,574.2747104167938,,,,,0,0,0.98,0.98,ONE_LEG_INVENTORY,,,,,,,,,,,,,,0,5,,,,,,,,,,,,,,,,,,,,,,,,,,,,5.0,0.0,,,,,0,0,,,Inv: 5.0/0.0 CapLeft: 45.0,,,5.0,0.0,5.0,45.0,50.0,0.0,50.0,0.0,0.0,0.0,0.0,0.0,0.0,0.0,0.0,0.0,
1765990225.9517984,sol-updown-15m-1765989900,1765989900.0,1765990800.0,,574.0482015609741,,,,,0,0,0.97,0.98,ONE_LEG_INVENTORY,,,,,,,,,,,,,,0,5,,,,,,,,,,,,,,,,,,,,,,,,,,,,5.0,0.0,,,,,0,0,,,Inv: 5.0/0.0 CapLeft: 45.0,,,5.0,0.0,5.0,45.0,50.0,0.0,50.0,0.0,0.0,0.0,0.0,0.0,0.0,0.0,0.0,0.0,
1765990227.7566361,sol-updown-15m-1765989900,1765989900.0,1765990800.0,,572.2433638572693,,,,,0,0,0.98,0.98,ONE_LEG_INVENTORY,,,,,,,,,,,,,,0,5,,,,,,,,,,,,,,,,,,,,,,,,,,,,5.0,0.0,,,,,0,0,,,Inv: 5.0/0.0 CapLeft: 45.0,,,5.0,0.0,5.0,45.0,50.0,0.0,50.0,0.0,0.0,0.0,0.0,0.0,0.0,0.0,0.0,0.0,
1765990228.0050075,sol-updown-15m-1765989900,1765989900.0,1765990800.0,,571.9949924945831,,,,,0,0,0.98,0.98,ONE_LEG_INVENTORY,,,,,,,,,,,,,,0,5,,,,,,,,,,,,,,,,,,,,,,,,,,,,5.0,0.0,,,,,0,0,,,Inv: 5.0/0.0 CapLeft: 45.0,,,5.0,0.0,5.0,45.0,50.0,0.0,50.0,0.0,0.0,0.0,0.0,0.0,0.0,0.0,0.0,0.0,
1765990229.6961598,sol-updown-15m-1765989900,1765989900.0,1765990800.0,,570.3038401603699,,,,,0,0,0.98,0.98,ONE_LEG_INVENTORY,,,,,,,,,,,,,,0,5,,,,,,,,,,,,,,,,,,,,,,,,,,,,5.0,0.0,,,,,0,0,,,Inv: 5.0/0.0 CapLeft: 45.0,,,5.0,0.0,5.0,45.0,50.0,0.0,50.0,0.0,0.0,0.0,0.0,0.0,0.0,0.0,0.0,0.0,
1765990229.9666672,sol-updown-15m-1765989900,1765989900.0,1765990800.0,,570.033332824707,,,,,0,0,0.98,0.98,ONE_LEG_INVENTORY,,,,,,,,,,,,,,0,5,,,,,,,,,,,,,,,,,,,,,,,,,,,,5.0,0.0,,,,,0,0,,,Inv: 5.0/0.0 CapLeft: 45.0,,,5.0,0.0,5.0,45.0,50.0,0.0,50.0,0.0,0.0,0.0,0.0,0.0,0.0,0.0,0.0,0.0,
1765990231.7045515,sol-updown-15m-1765989900,1765989900.0,1765990800.0,,568.2954485416412,,,,,0,0,0.96,0.98,ONE_LEG_INVENTORY,,,,,,,,,,,,,,0,5,,,,,,,,,,,,,,,,,,,,,,,,,,,,5.0,0.0,,,,,0,0,,,Inv: 5.0/0.0 CapLeft: 45.0,,,5.0,0.0,5.0,45.0,50.0,0.0,50.0,0.0,0.0,0.0,0.0,0.0,0.0,0.0,0.0,0.0,
1765990231.9014874,sol-updown-15m-1765989900,1765989900.0,1765990800.0,,568.0985126495361,,,,,0,0,0.97,0.98,ONE_LEG_INVENTORY,,,,,,,,,,,,,,0,5,,,,,,,,,,,,,,,,,,,,,,,,,,,,5.0,0.0,,,,,0,0,,,Inv: 5.0/0.0 CapLeft: 45.0,,,5.0,0.0,5.0,45.0,50.0,0.0,50.0,0.0,0.0,0.0,0.0,0.0,0.0,0.0,0.0,0.0,
1765990233.688357,sol-updown-15m-1765989900,1765989900.0,1765990800.0,,566.3116428852081,,,,,0,0,0.97,0.98,ONE_LEG_INVENTORY,,,,,,,,,,,,,,0,5,,,,,,,,,,,,,,,,,,,,,,,,,,,,5.0,0.0,,,,,0,0,,,Inv: 5.0/0.0 CapLeft: 45.0,,,5.0,0.0,5.0,45.0,50.0,0.0,50.0,0.0,0.0,0.0,0.0,0.0,0.0,0.0,0.0,0.0,
1765990233.8395295,sol-updown-15m-1765989900,1765989900.0,1765990800.0,,566.1604704856873,,,,,0,0,0.97,0.98,ONE_LEG_INVENTORY,,,,,,,,,,,,,,0,5,,,,,,,,,,,,,,,,,,,,,,,,,,,,5.0,0.0,,,,,0,0,,,Inv: 5.0/0.0 CapLeft: 45.0,,,5.0,0.0,5.0,45.0,50.0,0.0,50.0,0.0,0.0,0.0,0.0,0.0,0.0,0.0,0.0,0.0,
1765990235.6384068,sol-updown-15m-1765989900,1765989900.0,1765990800.0,,564.36159324646,,,,,0,0,0.97,0.98,ONE_LEG_INVENTORY,,,,,,,,,,,,,,0,5,,,,,,,,,,,,,,,,,,,,,,,,,,,,5.0,0.0,,,,,0,0,,,Inv: 5.0/0.0 CapLeft: 45.0,,,5.0,0.0,5.0,45.0,50.0,0.0,50.0,0.0,0.0,0.0,0.0,0.0,0.0,0.0,0.0,0.0,
1765990235.8478198,sol-updown-15m-1765989900,1765989900.0,1765990800.0,,564.1521801948547,,,,,0,0,0.97,0.98,ONE_LEG_INVENTORY,,,,,,,,,,,,,,0,5,,,,,,,,,,,,,,,,,,,,,,,,,,,,5.0,0.0,,,,,0,0,,,Inv: 5.0/0.0 CapLeft: 45.0,,,5.0,0.0,5.0,45.0,50.0,0.0,50.0,0.0,0.0,0.0,0.0,0.0,0.0,0.0,0.0,0.0,
1765990237.565899,sol-updown-15m-1765989900,1765989900.0,1765990800.0,,562.4341011047363,,,,,0,0,0.97,0.98,ONE_LEG_INVENTORY,,,,,,,,,,,,,,0,5,,,,,,,,,,,,,,,,,,,,,,,,,,,,5.0,0.0,,,,,0,0,,,Inv: 5.0/0.0 CapLeft: 45.0,,,5.0,0.0,5.0,45.0,50.0,0.0,50.0,0.0,0.0,0.0,0.0,0.0,0.0,0.0,0.0,0.0,
1765990237.7996626,sol-updown-15m-1765989900,1765989900.0,1765990800.0,,562.2003374099731,,,,,0,0,0.97,0.98,ONE_LEG_INVENTORY,,,,,,,,,,,,,,0,5,,,,,,,,,,,,,,,,,,,,,,,,,,,,5.0,0.0,,,,,0,0,,,Inv: 5.0/0.0 CapLeft: 45.0,,,5.0,0.0,5.0,45.0,50.0,0.0,50.0,0.0,0.0,0.0,0.0,0.0,0.0,0.0,0.0,0.0,
1765990239.4884179,sol-updown-15m-1765989900,1765989900.0,1765990800.0,,560.5115821361542,,,,,0,0,0.97,0.98,ONE_LEG_INVENTORY,,,,,,,,,,,,,,0,5,,,,,,,,,,,,,,,,,,,,,,,,,,,,5.0,0.0,,,,,0,0,,,Inv: 5.0/0.0 CapLeft: 45.0,,,5.0,0.0,5.0,45.0,50.0,0.0,50.0,0.0,0.0,0.0,0.0,0.0,0.0,0.0,0.0,0.0,
1765990239.752289,sol-updown-15m-1765989900,1765989900.0,1765990800.0,,560.247710943222,,,,,0,0,0.99,0.98,ONE_LEG_INVENTORY,,,,,,,,,,,,,,0,5,,,,,,,,,,,,,,,,,,,,,,,,,,,,5.0,0.0,,,,,0,0,,,Inv: 5.0/0.0 CapLeft: 45.0,,,5.0,0.0,5.0,45.0,50.0,0.0,50.0,0.0,0.0,0.0,0.0,0.0,0.0,0.0,0.0,0.0,
1765990241.4575133,sol-updown-15m-1765989900,1765989900.0,1765990800.0,,558.542486667633,,,,,0,0,0.99,0.98,ONE_LEG_INVENTORY,,,,,,,,,,,,,,0,5,,,,,,,,,,,,,,,,,,,,,,,,,,,,5.0,0.0,,,,,0,0,,,Inv: 5.0/0.0 CapLeft: 45.0,,,5.0,0.0,5.0,45.0,50.0,0.0,50.0,0.0,0.0,0.0,0.0,0.0,0.0,0.0,0.0,0.0,
1765990241.6784594,sol-updown-15m-1765989900,1765989900.0,1765990800.0,,558.321540594101,,,,,0,0,0.99,0.98,ONE_LEG_INVENTORY,,,,,,,,,,,,,,0,5,,,,,,,,,,,,,,,,,,,,,,,,,,,,5.0,0.0,,,,,0,0,,,Inv: 5.0/0.0 CapLeft: 45.0,,,5.0,0.0,5.0,45.0,50.0,0.0,50.0,0.0,0.0,0.0,0.0,0.0,0.0,0.0,0.0,0.0,
1765990243.4110506,sol-updown-15m-1765989900,1765989900.0,1765990800.0,,556.5889494419098,,,,,0,0,0.98,0.98,ONE_LEG_INVENTORY,,,,,,,,,,,,,,0,5,,,,,,,,,,,,,,,,,,,,,,,,,,,,5.0,0.0,,,,,0,0,,,Inv: 5.0/0.0 CapLeft: 45.0,,,5.0,0.0,5.0,45.0,50.0,0.0,50.0,0.0,0.0,0.0,0.0,0.0,0.0,0.0,0.0,0.0,
1765990243.630549,sol-updown-15m-1765989900,1765989900.0,1765990800.0,,556.36945104599,,,,,0,0,0.98,0.98,ONE_LEG_INVENTORY,,,,,,,,,,,,,,0,5,,,,,,,,,,,,,,,,,,,,,,,,,,,,5.0,0.0,,,,,0,0,,,Inv: 5.0/0.0 CapLeft: 45.0,,,5.0,0.0,5.0,45.0,50.0,0.0,50.0,0.0,0.0,0.0,0.0,0.0,0.0,0.0,0.0,0.0,
1765990245.3369012,sol-updown-15m-1765989900,1765989900.0,1765990800.0,,554.6630988121033,,,,,0,0,0.98,0.98,ONE_LEG_INVENTORY,,,,,,,,,,,,,,0,5,,,,,,,,,,,,,,,,,,,,,,,,,,,,5.0,0.0,,,,,0,0,,,Inv: 5.0/0.0 CapLeft: 45.0,,,5.0,0.0,5.0,45.0,50.0,0.0,50.0,0.0,0.0,0.0,0.0,0.0,0.0,0.0,0.0,0.0,
1765990245.6108913,sol-updown-15m-1765989900,1765989900.0,1765990800.0,,554.3891086578369,,,,,0,0,0.98,0.98,ONE_LEG_INVENTORY,,,,,,,,,,,,,,0,5,,,,,,,,,,,,,,,,,,,,,,,,,,,,5.0,0.0,,,,,0,0,,,Inv: 5.0/0.0 CapLeft: 45.0,,,5.0,0.0,5.0,45.0,50.0,0.0,50.0,0.0,0.0,0.0,0.0,0.0,0.0,0.0,0.0,0.0,
1765990247.2969086,sol-updown-15m-1765989900,1765989900.0,1765990800.0,,552.7030913829803,,,,,0,0,0.99,0.98,ONE_LEG_INVENTORY,,,,,,,,,,,,,,0,5,,,,,,,,,,,,,,,,,,,,,,,,,,,,5.0,0.0,,,,,0,0,,,Inv: 5.0/0.0 CapLeft: 45.0,,,5.0,0.0,5.0,45.0,50.0,0.0,50.0,0.0,0.0,0.0,0.0,0.0,0.0,0.0,0.0,0.0,
1765990247.6830184,sol-updown-15m-1765989900,1765989900.0,1765990800.0,,552.3169815540314,,,,,0,0,0.98,0.98,ONE_LEG_INVENTORY,,,,,,,,,,,,,,0,5,,,,,,,,,,,,,,,,,,,,,,,,,,,,5.0,0.0,,,,,0,0,,,Inv: 5.0/0.0 CapLeft: 45.0,,,5.0,0.0,5.0,45.0,50.0,0.0,50.0,0.0,0.0,0.0,0.0,0.0,0.0,0.0,0.0,0.0,
1765990249.2478023,sol-updown-15m-1765989900,1765989900.0,1765990800.0,,550.7521977424622,,,,,0,0,0.97,0.98,ONE_LEG_INVENTORY,,,,,,,,,,,,,,0,5,,,,,,,,,,,,,,,,,,,,,,,,,,,,5.0,0.0,,,,,0,0,,,Inv: 5.0/0.0 CapLeft: 45.0,,,5.0,0.0,5.0,45.0,50.0,0.0,50.0,0.0,0.0,0.0,0.0,0.0,0.0,0.0,0.0,0.0,
1765990249.6304815,sol-updown-15m-1765989900,1765989900.0,1765990800.0,,550.3695185184479,,,,,0,0,0.97,0.98,ONE_LEG_INVENTORY,,,,,,,,,,,,,,0,5,,,,,,,,,,,,,,,,,,,,,,,,,,,,5.0,0.0,,,,,0,0,,,Inv: 5.0/0.0 CapLeft: 45.0,,,5.0,0.0,5.0,45.0,50.0,0.0,50.0,0.0,0.0,0.0,0.0,0.0,0.0,0.0,0.0,0.0,
1765990251.1716423,sol-updown-15m-1765989900,1765989900.0,1765990800.0,,548.8283576965332,,,,,0,0,0.98,0.98,ONE_LEG_INVENTORY,,,,,,,,,,,,,,0,5,,,,,,,,,,,,,,,,,,,,,,,,,,,,5.0,0.0,,,,,0,0,,,Inv: 5.0/0.0 CapLeft: 45.0,,,5.0,0.0,5.0,45.0,50.0,0.0,50.0,0.0,0.0,0.0,0.0,0.0,0.0,0.0,0.0,0.0,
1765990251.552903,sol-updown-15m-1765989900,1765989900.0,1765990800.0,,548.4470970630646,,,,,0,0,0.96,0.98,ONE_LEG_INVENTORY,,,,,,,,,,,,,,0,5,,,,,,,,,,,,,,,,,,,,,,,,,,,,5.0,0.0,,,,,0,0,,,Inv: 5.0/0.0 CapLeft: 45.0,,,5.0,0.0,5.0,45.0,50.0,0.0,50.0,0.0,0.0,0.0,0.0,0.0,0.0,0.0,0.0,0.0,
1765990253.1244516,sol-updown-15m-1765989900,1765989900.0,1765990800.0,,546.8755483627319,,,,,0,0,0.98,0.98,ONE_LEG_INVENTORY,,,,,,,,,,,,,,0,5,,,,,,,,,,,,,,,,,,,,,,,,,,,,5.0,0.0,,,,,0,0,,,Inv: 5.0/0.0 CapLeft: 45.0,,,5.0,0.0,5.0,45.0,50.0,0.0,50.0,0.0,0.0,0.0,0.0,0.0,0.0,0.0,0.0,0.0,
1765990253.5048118,sol-updown-15m-1765989900,1765989900.0,1765990800.0,,546.4951882362366,,,,,0,0,0.97,0.98,ONE_LEG_INVENTORY,,,,,,,,,,,,,,0,5,,,,,,,,,,,,,,,,,,,,,,,,,,,,5.0,0.0,,,,,0,0,,,Inv: 5.0/0.0 CapLeft: 45.0,,,5.0,0.0,5.0,45.0,50.0,0.0,50.0,0.0,0.0,0.0,0.0,0.0,0.0,0.0,0.0,0.0,
1765990255.07311,sol-updown-15m-1765989900,1765989900.0,1765990800.0,,544.9268898963928,,,,,0,0,0.99,0.98,ONE_LEG_INVENTORY,,,,,,,,,,,,,,0,5,,,,,,,,,,,,,,,,,,,,,,,,,,,,5.0,0.0,,,,,0,0,,,Inv: 5.0/0.0 CapLeft: 45.0,,,5.0,0.0,5.0,45.0,50.0,0.0,50.0,0.0,0.0,0.0,0.0,0.0,0.0,0.0,0.0,0.0,
1765990255.464459,sol-updown-15m-1765989900,1765989900.0,1765990800.0,,544.5355410575867,,,,,0,0,0.99,0.98,ONE_LEG_INVENTORY,,,,,,,,,,,,,,0,5,,,,,,,,,,,,,,,,,,,,,,,,,,,,5.0,0.0,,,,,0,0,,,Inv: 5.0/0.0 CapLeft: 45.0,,,5.0,0.0,5.0,45.0,50.0,0.0,50.0,0.0,0.0,0.0,0.0,0.0,0.0,0.0,0.0,0.0,
1765990257.0029504,sol-updown-15m-1765989900,1765989900.0,1765990800.0,,542.9970495700836,,,,,0,0,0.99,0.98,ONE_LEG_INVENTORY,,,,,,,,,,,,,,0,5,,,,,,,,,,,,,,,,,,,,,,,,,,,,5.0,0.0,,,,,0,0,,,Inv: 5.0/0.0 CapLeft: 45.0,,,5.0,0.0,5.0,45.0,50.0,0.0,50.0,0.0,0.0,0.0,0.0,0.0,0.0,0.0,0.0,0.0,
1765990257.4089427,sol-updown-15m-1765989900,1765989900.0,1765990800.0,,542.5910573005676,,,,,0,0,0.98,0.98,ONE_LEG_INVENTORY,,,,,,,,,,,,,,0,5,,,,,,,,,,,,,,,,,,,,,,,,,,,,5.0,0.0,,,,,0,0,,,Inv: 5.0/0.0 CapLeft: 45.0,,,5.0,0.0,5.0,45.0,50.0,0.0,50.0,0.0,0.0,0.0,0.0,0.0,0.0,0.0,0.0,0.0,
1765990258.940288,sol-updown-15m-1765989900,1765989900.0,1765990800.0,,541.059711933136,,,,,0,0,0.99,0.98,ONE_LEG_INVENTORY,,,,,,,,,,,,,,0,5,,,,,,,,,,,,,,,,,,,,,,,,,,,,5.0,0.0,,,,,0,0,,,Inv: 5.0/0.0 CapLeft: 45.0,,,5.0,0.0,5.0,45.0,50.0,0.0,50.0,0.0,0.0,0.0,0.0,0.0,0.0,0.0,0.0,0.0,
1765990259.3280983,sol-updown-15m-1765989900,1765989900.0,1765990800.0,,540.6719017028809,,,,,0,0,0.97,0.98,ONE_LEG_INVENTORY,,,,,,,,,,,,,,0,5,,,,,,,,,,,,,,,,,,,,,,,,,,,,5.0,0.0,,,,,0,0,,,Inv: 5.0/0.0 CapLeft: 45.0,,,5.0,0.0,5.0,45.0,50.0,0.0,50.0,0.0,0.0,0.0,0.0,0.0,0.0,0.0,0.0,0.0,
1765990260.927545,sol-updown-15m-1765989900,1765989900.0,1765990800.0,,539.0724549293518,,,,,0,0,0.99,0.98,ONE_LEG_INVENTORY,,,,,,,,,,,,,,0,5,,,,,,,,,,,,,,,,,,,,,,,,,,,,5.0,0.0,,,,,0,0,,,Inv: 5.0/0.0 CapLeft: 45.0,,,5.0,0.0,5.0,45.0,50.0,0.0,50.0,0.0,0.0,0.0,0.0,0.0,0.0,0.0,0.0,0.0,
1765990261.2706428,sol-updown-15m-1765989900,1765989900.0,1765990800.0,,538.7293572425842,,,,,0,0,0.95,0.98,ONE_LEG_INVENTORY,,,,,,,,,,,,,,0,5,,,,,,,,,,,,,,,,,,,,,,,,,,,,5.0,0.0,,,,,0,0,,,Inv: 5.0/0.0 CapLeft: 45.0,,,5.0,0.0,5.0,45.0,50.0,0.0,50.0,0.0,0.0,0.0,0.0,0.0,0.0,0.0,0.0,0.0,
1765990262.8705354,sol-updown-15m-1765989900,1765989900.0,1765990800.0,,537.1294646263123,,,,,0,0,0.99,0.98,ONE_LEG_INVENTORY,,,,,,,,,,,,,,0,5,,,,,,,,,,,,,,,,,,,,,,,,,,,,5.0,0.0,,,,,0,0,,,Inv: 5.0/0.0 CapLeft: 45.0,,,5.0,0.0,5.0,45.0,50.0,0.0,50.0,0.0,0.0,0.0,0.0,0.0,0.0,0.0,0.0,0.0,
1765990263.2494156,sol-updown-15m-1765989900,1765989900.0,1765990800.0,,536.7505843639374,,,,,0,0,0.98,0.98,ONE_LEG_INVENTORY,,,,,,,,,,,,,,0,5,,,,,,,,,,,,,,,,,,,,,,,,,,,,5.0,0.0,,,,,0,0,,,Inv: 5.0/0.0 CapLeft: 45.0,,,5.0,0.0,5.0,45.0,50.0,0.0,50.0,0.0,0.0,0.0,0.0,0.0,0.0,0.0,0.0,0.0,
1765990264.8384757,sol-updown-15m-1765989900,1765989900.0,1765990800.0,,535.1615242958069,,,,,0,0,0.95,0.98,ONE_LEG_INVENTORY,,,,,,,,,,,,,,0,5,,,,,,,,,,,,,,,,,,,,,,,,,,,,5.0,0.0,,,,,0,0,,,Inv: 5.0/0.0 CapLeft: 45.0,,,5.0,0.0,5.0,45.0,50.0,0.0,50.0,0.0,0.0,0.0,0.0,0.0,0.0,0.0,0.0,0.0,
1765990265.2251804,sol-updown-15m-1765989900,1765989900.0,1765990800.0,,534.774819612503,,,,,0,0,0.99,0.98,ONE_LEG_INVENTORY,,,,,,,,,,,,,,0,5,,,,,,,,,,,,,,,,,,,,,,,,,,,,5.0,0.0,,,,,0,0,,,Inv: 5.0/0.0 CapLeft: 45.0,,,5.0,0.0,5.0,45.0,50.0,0.0,50.0,0.0,0.0,0.0,0.0,0.0,0.0,0.0,0.0,0.0,
1765990266.7565112,sol-updown-15m-1765989900,1765989900.0,1765990800.0,,533.2434887886047,,,,,0,0,0.99,0.98,ONE_LEG_INVENTORY,,,,,,,,,,,,,,0,5,,,,,,,,,,,,,,,,,,,,,,,,,,,,5.0,0.0,,,,,0,0,,,Inv: 5.0/0.0 CapLeft: 45.0,,,5.0,0.0,5.0,45.0,50.0,0.0,50.0,0.0,0.0,0.0,0.0,0.0,0.0,0.0,0.0,0.0,
1765990267.16059,sol-updown-15m-1765989900,1765989900.0,1765990800.0,,532.8394100666046,,,,,0,0,1.01,0.98,ONE_LEG_INVENTORY,,,,,,,,,,,,,,0,5,,,,,,,,,,,,,,,,,,,,,,,,,,,,5.0,0.0,,,,,0,0,,,Inv: 5.0/0.0 CapLeft: 45.0,,,5.0,0.0,5.0,45.0,50.0,0.0,50.0,0.0,0.0,0.0,0.0,0.0,0.0,0.0,0.0,0.0,
1765990268.741779,sol-updown-15m-1765989900,1765989900.0,1765990800.0,,531.258220911026,,,,,0,0,0.98,0.98,ONE_LEG_INVENTORY,,,,,,,,,,,,,,0,5,,,,,,,,,,,,,,,,,,,,,,,,,,,,5.0,0.0,,,,,0,0,,,Inv: 5.0/0.0 CapLeft: 45.0,,,5.0,0.0,5.0,45.0,50.0,0.0,50.0,0.0,0.0,0.0,0.0,0.0,0.0,0.0,0.0,0.0,
1765990269.0893316,sol-updown-15m-1765989900,1765989900.0,1765990800.0,,530.9106683731079,,,,,0,0,0.97,0.98,ONE_LEG_INVENTORY,,,,,,,,,,,,,,0,5,,,,,,,,,,,,,,,,,,,,,,,,,,,,5.0,0.0,,,,,0,0,,,Inv: 5.0/0.0 CapLeft: 45.0,,,5.0,0.0,5.0,45.0,50.0,0.0,50.0,0.0,0.0,0.0,0.0,0.0,0.0,0.0,0.0,0.0,
1765990270.695925,sol-updown-15m-1765989900,1765989900.0,1765990800.0,,529.3040750026703,,,,,0,0,0.97,0.98,ONE_LEG_INVENTORY,,,,,,,,,,,,,,0,5,,,,,,,,,,,,,,,,,,,,,,,,,,,,5.0,0.0,,,,,0,0,,,Inv: 5.0/0.0 CapLeft: 45.0,,,5.0,0.0,5.0,45.0,50.0,0.0,50.0,0.0,0.0,0.0,0.0,0.0,0.0,0.0,0.0,0.0,
1765990271.0392783,sol-updown-15m-1765989900,1765989900.0,1765990800.0,,528.9607217311859,,,,,0,0,0.97,0.98,ONE_LEG_INVENTORY,,,,,,,,,,,,,,0,5,,,,,,,,,,,,,,,,,,,,,,,,,,,,5.0,0.0,,,,,0,0,,,Inv: 5.0/0.0 CapLeft: 45.0,,,5.0,0.0,5.0,45.0,50.0,0.0,50.0,0.0,0.0,0.0,0.0,0.0,0.0,0.0,0.0,0.0,
1765990272.683299,sol-updown-15m-1765989900,1765989900.0,1765990800.0,,527.3167009353638,,,,,0,0,0.98,0.98,ONE_LEG_INVENTORY,,,,,,,,,,,,,,0,5,,,,,,,,,,,,,,,,,,,,,,,,,,,,5.0,0.0,,,,,0,0,,,Inv: 5.0/0.0 CapLeft: 45.0,,,5.0,0.0,5.0,45.0,50.0,0.0,50.0,0.0,0.0,0.0,0.0,0.0,0.0,0.0,0.0,0.0,
1765990272.9854658,sol-updown-15m-1765989900,1765989900.0,1765990800.0,,527.0145342350006,,,,,0,0,0.98,0.98,ONE_LEG_INVENTORY,,,,,,,,,,,,,,0,5,,,,,,,,,,,,,,,,,,,,,,,,,,,,5.0,0.0,,,,,0,0,,,Inv: 5.0/0.0 CapLeft: 45.0,,,5.0,0.0,5.0,45.0,50.0,0.0,50.0,0.0,0.0,0.0,0.0,0.0,0.0,0.0,0.0,0.0,
1765990274.6160057,sol-updown-15m-1765989900,1765989900.0,1765990800.0,,525.3839943408966,,,,,0,0,0.97,0.98,ONE_LEG_INVENTORY,,,,,,,,,,,,,,0,5,,,,,,,,,,,,,,,,,,,,,,,,,,,,5.0,0.0,,,,,0,0,,,Inv: 5.0/0.0 CapLeft: 45.0,,,5.0,0.0,5.0,45.0,50.0,0.0,50.0,0.0,0.0,0.0,0.0,0.0,0.0,0.0,0.0,0.0,
1765990274.923362,sol-updown-15m-1765989900,1765989900.0,1765990800.0,,525.0766379833221,,,,,0,0,0.97,0.98,ONE_LEG_INVENTORY,,,,,,,,,,,,,,0,5,,,,,,,,,,,,,,,,,,,,,,,,,,,,5.0,0.0,,,,,0,0,,,Inv: 5.0/0.0 CapLeft: 45.0,,,5.0,0.0,5.0,45.0,50.0,0.0,50.0,0.0,0.0,0.0,0.0,0.0,0.0,0.0,0.0,0.0,
1765990276.5778456,sol-updown-15m-1765989900,1765989900.0,1765990800.0,,523.4221544265747,,,,,0,0,0.9400000000000001,0.98,ONE_LEG_INVENTORY,,,,,,,,,,,,,,0,5,,,,,,,,,,,,,,,,,,,,,,,,,,,,5.0,0.0,,,,,0,0,,,Inv: 5.0/0.0 CapLeft: 45.0,,,5.0,0.0,5.0,45.0,50.0,0.0,50.0,0.0,0.0,0.0,0.0,0.0,0.0,0.0,0.0,0.0,
1765990276.8453786,sol-updown-15m-1765989900,1765989900.0,1765990800.0,,523.1546213626862,,,,,0,0,0.9400000000000001,0.98,ONE_LEG_INVENTORY,,,,,,,,,,,,,,0,5,,,,,,,,,,,,,,,,,,,,,,,,,,,,5.0,0.0,,,,,0,0,,,Inv: 5.0/0.0 CapLeft: 45.0,,,5.0,0.0,5.0,45.0,50.0,0.0,50.0,0.0,0.0,0.0,0.0,0.0,0.0,0.0,0.0,0.0,
1765990278.5673628,sol-updown-15m-1765989900,1765989900.0,1765990800.0,,521.4326372146606,,,,,0,0,0.96,0.98,ONE_LEG_INVENTORY,,,,,,,,,,,,,,0,5,,,,,,,,,,,,,,,,,,,,,,,,,,,,5.0,0.0,,,,,0,0,,,Inv: 5.0/0.0 CapLeft: 45.0,,,5.0,0.0,5.0,45.0,50.0,0.0,50.0,0.0,0.0,0.0,0.0,0.0,0.0,0.0,0.0,0.0,
1765990278.7890177,sol-updown-15m-1765989900,1765989900.0,1765990800.0,,521.2109823226929,,,,,0,0,0.97,0.98,ONE_LEG_INVENTORY,,,,,,,,,,,,,,0,5,,,,,,,,,,,,,,,,,,,,,,,,,,,,5.0,0.0,,,,,0,0,,,Inv: 5.0/0.0 CapLeft: 45.0,,,5.0,0.0,5.0,45.0,50.0,0.0,50.0,0.0,0.0,0.0,0.0,0.0,0.0,0.0,0.0,0.0,
1765990280.526891,sol-updown-15m-1765989900,1765989900.0,1765990800.0,,519.4731090068817,,,,,0,0,0.97,0.98,ONE_LEG_INVENTORY,,,,,,,,,,,,,,0,5,,,,,,,,,,,,,,,,,,,,,,,,,,,,5.0,0.0,,,,,0,0,,,Inv: 5.0/0.0 CapLeft: 45.0,,,5.0,0.0,5.0,45.0,50.0,0.0,50.0,0.0,0.0,0.0,0.0,0.0,0.0,0.0,0.0,0.0,
1765990280.8012488,sol-updown-15m-1765989900,1765989900.0,1765990800.0,,519.1987512111664,,,,,0,0,0.97,0.98,ONE_LEG_INVENTORY,,,,,,,,,,,,,,0,5,,,,,,,,,,,,,,,,,,,,,,,,,,,,5.0,0.0,,,,,0,0,,,Inv: 5.0/0.0 CapLeft: 45.0,,,5.0,0.0,5.0,45.0,50.0,0.0,50.0,0.0,0.0,0.0,0.0,0.0,0.0,0.0,0.0,0.0,
1765990282.4855933,sol-updown-15m-1765989900,1765989900.0,1765990800.0,,517.5144066810608,,,,,0,0,0.98,0.98,ONE_LEG_INVENTORY,,,,,,,,,,,,,,0,5,,,,,,,,,,,,,,,,,,,,,,,,,,,,5.0,0.0,,,,,0,0,,,Inv: 5.0/0.0 CapLeft: 45.0,,,5.0,0.0,5.0,45.0,50.0,0.0,50.0,0.0,0.0,0.0,0.0,0.0,0.0,0.0,0.0,0.0,
1765990282.7398963,sol-updown-15m-1765989900,1765989900.0,1765990800.0,,517.2601037025452,,,,,0,0,0.97,0.98,ONE_LEG_INVENTORY,,,,,,,,,,,,,,0,5,,,,,,,,,,,,,,,,,,,,,,,,,,,,5.0,0.0,,,,,0,0,,,Inv: 5.0/0.0 CapLeft: 45.0,,,5.0,0.0,5.0,45.0,50.0,0.0,50.0,0.0,0.0,0.0,0.0,0.0,0.0,0.0,0.0,0.0,
1765990284.4289732,sol-updown-15m-1765989900,1765989900.0,1765990800.0,,515.571026802063,,,,,0,0,0.9500000000000001,0.98,ONE_LEG_INVENTORY,,,,,,,,,,,,,,0,5,,,,,,,,,,,,,,,,,,,,,,,,,,,,5.0,0.0,,,,,0,0,,,Inv: 5.0/0.0 CapLeft: 45.0,,,5.0,0.0,5.0,45.0,50.0,0.0,50.0,0.0,0.0,0.0,0.0,0.0,0.0,0.0,0.0,0.0,
1765990284.6740255,sol-updown-15m-1765989900,1765989900.0,1765990800.0,,515.3259744644165,,,,,0,0,0.97,0.98,ONE_LEG_INVENTORY,,,,,,,,,,,,,,0,5,,,,,,,,,,,,,,,,,,,,,,,,,,,,5.0,0.0,,,,,0,0,,,Inv: 5.0/0.0 CapLeft: 45.0,,,5.0,0.0,5.0,45.0,50.0,0.0,50.0,0.0,0.0,0.0,0.0,0.0,0.0,0.0,0.0,0.0,
1765990286.353868,sol-updown-15m-1765989900,1765989900.0,1765990800.0,,513.6461319923401,,,,,0,0,0.97,0.98,ONE_LEG_INVENTORY,,,,,,,,,,,,,,0,5,,,,,,,,,,,,,,,,,,,,,,,,,,,,5.0,0.0,,,,,0,0,,,Inv: 5.0/0.0 CapLeft: 45.0,,,5.0,0.0,5.0,45.0,50.0,0.0,50.0,0.0,0.0,0.0,0.0,0.0,0.0,0.0,0.0,0.0,
1765990286.6269324,sol-updown-15m-1765989900,1765989900.0,1765990800.0,,513.3730676174164,,,,,0,0,0.9600000000000001,0.98,ONE_LEG_INVENTORY,,,,,,,,,,,,,,0,5,,,,,,,,,,,,,,,,,,,,,,,,,,,,5.0,0.0,,,,,0,0,,,Inv: 5.0/0.0 CapLeft: 45.0,,,5.0,0.0,5.0,45.0,50.0,0.0,50.0,0.0,0.0,0.0,0.0,0.0,0.0,0.0,0.0,0.0,
1765990288.30869,sol-updown-15m-1765989900,1765989900.0,1765990800.0,,511.69130992889404,,,,,0,0,0.98,0.98,ONE_LEG_INVENTORY,,,,,,,,,,,,,,0,5,,,,,,,,,,,,,,,,,,,,,,,,,,,,5.0,0.0,,,,,0,0,,,Inv: 5.0/0.0 CapLeft: 45.0,,,5.0,0.0,5.0,45.0,50.0,0.0,50.0,0.0,0.0,0.0,0.0,0.0,0.0,0.0,0.0,0.0,
1765990288.5830371,sol-updown-15m-1765989900,1765989900.0,1765990800.0,,511.41696286201477,,,,,0,0,0.98,0.98,ONE_LEG_INVENTORY,,,,,,,,,,,,,,0,5,,,,,,,,,,,,,,,,,,,,,,,,,,,,5.0,0.0,,,,,0,0,,,Inv: 5.0/0.0 CapLeft: 45.0,,,5.0,0.0,5.0,45.0,50.0,0.0,50.0,0.0,0.0,0.0,0.0,0.0,0.0,0.0,0.0,0.0,
1765990290.2578168,sol-updown-15m-1765989900,1765989900.0,1765990800.0,,509.7421832084656,,,,,0,0,0.97,0.98,ONE_LEG_INVENTORY,,,,,,,,,,,,,,0,5,,,,,,,,,,,,,,,,,,,,,,,,,,,,5.0,0.0,,,,,0,0,,,Inv: 5.0/0.0 CapLeft: 45.0,,,5.0,0.0,5.0,45.0,50.0,0.0,50.0,0.0,0.0,0.0,0.0,0.0,0.0,0.0,0.0,0.0,
1765990290.516881,sol-updown-15m-1765989900,1765989900.0,1765990800.0,,509.4831190109253,,,,,0,0,0.96,0.98,ONE_LEG_INVENTORY,,,,,,,,,,,,,,0,5,,,,,,,,,,,,,,,,,,,,,,,,,,,,5.0,0.0,,,,,0,0,,,Inv: 5.0/0.0 CapLeft: 45.0,,,5.0,0.0,5.0,45.0,50.0,0.0,50.0,0.0,0.0,0.0,0.0,0.0,0.0,0.0,0.0,0.0,
1765990292.2073839,sol-updown-15m-1765989900,1765989900.0,1765990800.0,,507.7926161289215,,,,,0,0,0.99,0.98,ONE_LEG_INVENTORY,,,,,,,,,,,,,,0,5,,,,,,,,,,,,,,,,,,,,,,,,,,,,5.0,0.0,,,,,0,0,,,Inv: 5.0/0.0 CapLeft: 45.0,,,5.0,0.0,5.0,45.0,50.0,0.0,50.0,0.0,0.0,0.0,0.0,0.0,0.0,0.0,0.0,0.0,
1765990292.448899,sol-updown-15m-1765989900,1765989900.0,1765990800.0,,507.5511009693146,,,,,0,0,0.99,0.98,ONE_LEG_INVENTORY,,,,,,,,,,,,,,0,5,,,,,,,,,,,,,,,,,,,,,,,,,,,,5.0,0.0,,,,,0,0,,,Inv: 5.0/0.0 CapLeft: 45.0,,,5.0,0.0,5.0,45.0,50.0,0.0,50.0,0.0,0.0,0.0,0.0,0.0,0.0,0.0,0.0,0.0,
1765990294.3025677,sol-updown-15m-1765989900,1765989900.0,1765990800.0,,505.6974322795868,,,,,0,0,0.96,0.98,ONE_LEG_INVENTORY,,,,,,,,,,,,,,0,5,,,,,,,,,,,,,,,,,,,,,,,,,,,,5.0,0.0,,,,,0,0,,,Inv: 5.0/0.0 CapLeft: 45.0,,,5.0,0.0,5.0,45.0,50.0,0.0,50.0,0.0,0.0,0.0,0.0,0.0,0.0,0.0,0.0,0.0,
1765990294.3883412,sol-updown-15m-1765989900,1765989900.0,1765990800.0,,505.6116588115692,,,,,0,0,0.96,0.98,ONE_LEG_INVENTORY,,,,,,,,,,,,,,0,5,,,,,,,,,,,,,,,,,,,,,,,,,,,,5.0,0.0,,,,,0,0,,,Inv: 5.0/0.0 CapLeft: 45.0,,,5.0,0.0,5.0,45.0,50.0,0.0,50.0,0.0,0.0,0.0,0.0,0.0,0.0,0.0,0.0,0.0,
1765990296.2385025,sol-updown-15m-1765989900,1765989900.0,1765990800.0,,503.7614974975586,,,,,0,0,0.96,0.98,ONE_LEG_INVENTORY,,,,,,,,,,,,,,0,5,,,,,,,,,,,,,,,,,,,,,,,,,,,,5.0,0.0,,,,,0,0,,,Inv: 5.0/0.0 CapLeft: 45.0,,,5.0,0.0,5.0,45.0,50.0,0.0,50.0,0.0,0.0,0.0,0.0,0.0,0.0,0.0,0.0,0.0,
1765990296.332857,sol-updown-15m-1765989900,1765989900.0,1765990800.0,,503.66714310646057,,,,,0,0,0.97,0.98,ONE_LEG_INVENTORY,,,,,,,,,,,,,,0,5,,,,,,,,,,,,,,,,,,,,,,,,,,,,5.0,0.0,,,,,0,0,,,Inv: 5.0/0.0 CapLeft: 45.0,,,5.0,0.0,5.0,45.0,50.0,0.0,50.0,0.0,0.0,0.0,0.0,0.0,0.0,0.0,0.0,0.0,
1765990298.160565,sol-updown-15m-1765989900,1765989900.0,1765990800.0,,501.8394351005554,,,,,0,0,0.97,0.98,ONE_LEG_INVENTORY,,,,,,,,,,,,,,0,5,,,,,,,,,,,,,,,,,,,,,,,,,,,,5.0,0.0,,,,,0,0,,,Inv: 5.0/0.0 CapLeft: 45.0,,,5.0,0.0,5.0,45.0,50.0,0.0,50.0,0.0,0.0,0.0,0.0,0.0,0.0,0.0,0.0,0.0,
1765990298.2744,sol-updown-15m-1765989900,1765989900.0,1765990800.0,,501.72560000419617,,,,,0,0,0.96,0.98,ONE_LEG_INVENTORY,,,,,,,,,,,,,,0,5,,,,,,,,,,,,,,,,,,,,,,,,,,,,5.0,0.0,,,,,0,0,,,Inv: 5.0/0.0 CapLeft: 45.0,,,5.0,0.0,5.0,45.0,50.0,0.0,50.0,0.0,0.0,0.0,0.0,0.0,0.0,0.0,0.0,0.0,
1765990300.1433375,sol-updown-15m-1765989900,1765989900.0,1765990800.0,,499.85666251182556,,,,,0,0,0.97,0.98,ONE_LEG_INVENTORY,,,,,,,,,,,,,,0,5,,,,,,,,,,,,,,,,,,,,,,,,,,,,5.0,0.0,,,,,0,0,,,Inv: 5.0/0.0 CapLeft: 45.0,,,5.0,0.0,5.0,45.0,50.0,0.0,50.0,0.0,0.0,0.0,0.0,0.0,0.0,0.0,0.0,0.0,
1765990300.2079134,sol-updown-15m-1765989900,1765989900.0,1765990800.0,,499.7920866012573,,,,,0,0,0.97,0.98,ONE_LEG_INVENTORY,,,,,,,,,,,,,,0,5,,,,,,,,,,,,,,,,,,,,,,,,,,,,5.0,0.0,,,,,0,0,,,Inv: 5.0/0.0 CapLeft: 45.0,,,5.0,0.0,5.0,45.0,50.0,0.0,50.0,0.0,0.0,0.0,0.0,0.0,0.0,0.0,0.0,0.0,
1765990302.1102836,sol-updown-15m-1765989900,1765989900.0,1765990800.0,,497.88971638679504,,,,,0,0,0.9400000000000001,0.98,ONE_LEG_INVENTORY,,,,,,,,,,,,,,0,5,,,,,,,,,,,,,,,,,,,,,,,,,,,,5.0,0.0,,,,,0,0,,,Inv: 5.0/0.0 CapLeft: 45.0,,,5.0,0.0,5.0,45.0,50.0,0.0,50.0,0.0,0.0,0.0,0.0,0.0,0.0,0.0,0.0,0.0,
1765990302.1627526,sol-updown-15m-1765989900,1765989900.0,1765990800.0,,497.8372473716736,,,,,0,0,0.9400000000000001,0.98,ONE_LEG_INVENTORY,,,,,,,,,,,,,,0,5,,,,,,,,,,,,,,,,,,,,,,,,,,,,5.0,0.0,,,,,0,0,,,Inv: 5.0/0.0 CapLeft: 45.0,,,5.0,0.0,5.0,45.0,50.0,0.0,50.0,0.0,0.0,0.0,0.0,0.0,0.0,0.0,0.0,0.0,
1765990304.0484767,sol-updown-15m-1765989900,1765989900.0,1765990800.0,,495.9515233039856,,,,,0,0,0.98,0.98,ONE_LEG_INVENTORY,,,,,,,,,,,,,,0,5,,,,,,,,,,,,,,,,,,,,,,,,,,,,5.0,0.0,,,,,0,0,,,Inv: 5.0/0.0 CapLeft: 45.0,,,5.0,0.0,5.0,45.0,50.0,0.0,50.0,0.0,0.0,0.0,0.0,0.0,0.0,0.0,0.0,0.0,
1765990304.1334598,sol-updown-15m-1765989900,1765989900.0,1765990800.0,,495.86654019355774,,,,,0,0,0.97,0.98,ONE_LEG_INVENTORY,,,,,,,,,,,,,,0,5,,,,,,,,,,,,,,,,,,,,,,,,,,,,5.0,0.0,,,,,0,0,,,Inv: 5.0/0.0 CapLeft: 45.0,,,5.0,0.0,5.0,45.0,50.0,0.0,50.0,0.0,0.0,0.0,0.0,0.0,0.0,0.0,0.0,0.0,
1765990305.9824908,sol-updown-15m-1765989900,1765989900.0,1765990800.0,,494.01750922203064,,,,,0,0,0.95,0.98,ONE_LEG_INVENTORY,,,,,,,,,,,,,,0,5,,,,,,,,,,,,,,,,,,,,,,,,,,,,5.0,0.0,,,,,0,0,,,Inv: 5.0/0.0 CapLeft: 45.0,,,5.0,0.0,5.0,45.0,50.0,0.0,50.0,0.0,0.0,0.0,0.0,0.0,0.0,0.0,0.0,0.0,
1765990306.0830066,sol-updown-15m-1765989900,1765989900.0,1765990800.0,,493.9169933795929,,,,,0,0,0.95,0.98,ONE_LEG_INVENTORY,,,,,,,,,,,,,,0,5,,,,,,,,,,,,,,,,,,,,,,,,,,,,5.0,0.0,,,,,0,0,,,Inv: 5.0/0.0 CapLeft: 45.0,,,5.0,0.0,5.0,45.0,50.0,0.0,50.0,0.0,0.0,0.0,0.0,0.0,0.0,0.0,0.0,0.0,
1765990307.915642,sol-updown-15m-1765989900,1765989900.0,1765990800.0,,492.08435797691345,,,,,0,0,0.99,0.98,ONE_LEG_INVENTORY,,,,,,,,,,,,,,0,5,,,,,,,,,,,,,,,,,,,,,,,,,,,,5.0,0.0,,,,,0,0,,,Inv: 5.0/0.0 CapLeft: 45.0,,,5.0,0.0,5.0,45.0,50.0,0.0,50.0,0.0,0.0,0.0,0.0,0.0,0.0,0.0,0.0,0.0,
1765990308.02697,sol-updown-15m-1765989900,1765989900.0,1765990800.0,,491.97303009033203,,,,,0,0,0.99,0.98,ONE_LEG_INVENTORY,,,,,,,,,,,,,,0,5,,,,,,,,,,,,,,,,,,,,,,,,,,,,5.0,0.0,,,,,0,0,,,Inv: 5.0/0.0 CapLeft: 45.0,,,5.0,0.0,5.0,45.0,50.0,0.0,50.0,0.0,0.0,0.0,0.0,0.0,0.0,0.0,0.0,0.0,
1765990309.8446517,sol-updown-15m-1765989900,1765989900.0,1765990800.0,,490.15534830093384,,,,,0,0,0.97,0.98,ONE_LEG_INVENTORY,,,,,,,,,,,,,,0,5,,,,,,,,,,,,,,,,,,,,,,,,,,,,5.0,0.0,,,,,0,0,,,Inv: 5.0/0.0 CapLeft: 45.0,,,5.0,0.0,5.0,45.0,50.0,0.0,50.0,0.0,0.0,0.0,0.0,0.0,0.0,0.0,0.0,0.0,
1765990309.95142,sol-updown-15m-1765989900,1765989900.0,1765990800.0,,490.04857993125916,,,,,0,0,0.97,0.98,ONE_LEG_INVENTORY,,,,,,,,,,,,,,0,5,,,,,,,,,,,,,,,,,,,,,,,,,,,,5.0,0.0,,,,,0,0,,,Inv: 5.0/0.0 CapLeft: 45.0,,,5.0,0.0,5.0,45.0,50.0,0.0,50.0,0.0,0.0,0.0,0.0,0.0,0.0,0.0,0.0,0.0,
1765990311.8149097,sol-updown-15m-1765989900,1765989900.0,1765990800.0,,488.185090303421,,,,,0,0,0.97,0.98,ONE_LEG_INVENTORY,,,,,,,,,,,,,,0,5,,,,,,,,,,,,,,,,,,,,,,,,,,,,5.0,0.0,,,,,0,0,,,Inv: 5.0/0.0 CapLeft: 45.0,,,5.0,0.0,5.0,45.0,50.0,0.0,50.0,0.0,0.0,0.0,0.0,0.0,0.0,0.0,0.0,0.0,
1765990311.8930583,sol-updown-15m-1765989900,1765989900.0,1765990800.0,,488.1069416999817,,,,,0,0,0.95,0.98,ONE_LEG_INVENTORY,,,,,,,,,,,,,,0,5,,,,,,,,,,,,,,,,,,,,,,,,,,,,5.0,0.0,,,,,0,0,,,Inv: 5.0/0.0 CapLeft: 45.0,,,5.0,0.0,5.0,45.0,50.0,0.0,50.0,0.0,0.0,0.0,0.0,0.0,0.0,0.0,0.0,0.0,
1765990313.7893806,sol-updown-15m-1765989900,1765989900.0,1765990800.0,,486.2106194496155,,,,,0,0,0.96,0.98,ONE_LEG_INVENTORY,,,,,,,,,,,,,,0,5,,,,,,,,,,,,,,,,,,,,,,,,,,,,5.0,0.0,,,,,0,0,,,Inv: 5.0/0.0 CapLeft: 45.0,,,5.0,0.0,5.0,45.0,50.0,0.0,50.0,0.0,0.0,0.0,0.0,0.0,0.0,0.0,0.0,0.0,
1765990314.6090734,sol-updown-15m-1765989900,1765989900.0,1765990800.0,,485.39092659950256,,,,,0,0,0.99,0.98,ONE_LEG_INVENTORY,,,,,,,,,,,,,,0,5,,,,,,,,,,,,,,,,,,,,,,,,,,,,5.0,0.0,,,,,0,0,,,Inv: 5.0/0.0 CapLeft: 45.0,,,5.0,0.0,5.0,45.0,50.0,0.0,50.0,0.0,0.0,0.0,0.0,0.0,0.0,0.0,0.0,0.0,
1765990315.7807617,sol-updown-15m-1765989900,1765989900.0,1765990800.0,,484.21923828125,,,,,0,0,0.95,0.98,ONE_LEG_INVENTORY,,,,,,,,,,,,,,0,5,,,,,,,,,,,,,,,,,,,,,,,,,,,,5.0,0.0,,,,,0,0,,,Inv: 5.0/0.0 CapLeft: 45.0,,,5.0,0.0,5.0,45.0,50.0,0.0,50.0,0.0,0.0,0.0,0.0,0.0,0.0,0.0,0.0,0.0,
1765990316.5906358,sol-updown-15m-1765989900,1765989900.0,1765990800.0,,483.4093642234802,,,,,0,0,0.94,0.98,ONE_LEG_INVENTORY,,,,,,,,,,,,,,0,5,,,,,,,,,,,,,,,,,,,,,,,,,,,,5.0,0.0,,,,,0,0,,,Inv: 5.0/0.0 CapLeft: 45.0,,,5.0,0.0,5.0,45.0,50.0,0.0,50.0,0.0,0.0,0.0,0.0,0.0,0.0,0.0,0.0,0.0,
1765990317.7058985,sol-updown-15m-1765989900,1765989900.0,1765990800.0,,482.2941014766693,,,,,0,0,0.98,0.98,ONE_LEG_INVENTORY,,,,,,,,,,,,,,0,5,,,,,,,,,,,,,,,,,,,,,,,,,,,,5.0,0.0,,,,,0,0,,,Inv: 5.0/0.0 CapLeft: 45.0,,,5.0,0.0,5.0,45.0,50.0,0.0,50.0,0.0,0.0,0.0,0.0,0.0,0.0,0.0,0.0,0.0,
1765990318.553602,sol-updown-15m-1765989900,1765989900.0,1765990800.0,,481.44639801979065,,,,,0,0,0.98,0.98,ONE_LEG_INVENTORY,,,,,,,,,,,,,,0,5,,,,,,,,,,,,,,,,,,,,,,,,,,,,5.0,0.0,,,,,0,0,,,Inv: 5.0/0.0 CapLeft: 45.0,,,5.0,0.0,5.0,45.0,50.0,0.0,50.0,0.0,0.0,0.0,0.0,0.0,0.0,0.0,0.0,0.0,
1765990319.6530302,sol-updown-15m-1765989900,1765989900.0,1765990800.0,,480.34696984291077,,,,,0,0,0.98,0.98,ONE_LEG_INVENTORY,,,,,,,,,,,,,,0,5,,,,,,,,,,,,,,,,,,,,,,,,,,,,5.0,0.0,,,,,0,0,,,Inv: 5.0/0.0 CapLeft: 45.0,,,5.0,0.0,5.0,45.0,50.0,0.0,50.0,0.0,0.0,0.0,0.0,0.0,0.0,0.0,0.0,0.0,
1765990320.501938,sol-updown-15m-1765989900,1765989900.0,1765990800.0,,479.4980618953705,,,,,0,0,0.94,0.98,ONE_LEG_INVENTORY,,,,,,,,,,,,,,0,5,,,,,,,,,,,,,,,,,,,,,,,,,,,,5.0,0.0,,,,,0,0,,,Inv: 5.0/0.0 CapLeft: 45.0,,,5.0,0.0,5.0,45.0,50.0,0.0,50.0,0.0,0.0,0.0,0.0,0.0,0.0,0.0,0.0,0.0,
1765990321.592334,sol-updown-15m-1765989900,1765989900.0,1765990800.0,,478.4076659679413,,,,,0,0,0.97,0.98,ONE_LEG_INVENTORY,,,,,,,,,,,,,,0,5,,,,,,,,,,,,,,,,,,,,,,,,,,,,5.0,0.0,,,,,0,0,,,Inv: 5.0/0.0 CapLeft: 45.0,,,5.0,0.0,5.0,45.0,50.0,0.0,50.0,0.0,0.0,0.0,0.0,0.0,0.0,0.0,0.0,0.0,
1765990322.54266,sol-updown-15m-1765989900,1765989900.0,1765990800.0,,477.45734000205994,,,,,0,0,0.94,0.98,ONE_LEG_INVENTORY,,,,,,,,,,,,,,0,5,,,,,,,,,,,,,,,,,,,,,,,,,,,,5.0,0.0,,,,,0,0,,,Inv: 5.0/0.0 CapLeft: 45.0,,,5.0,0.0,5.0,45.0,50.0,0.0,50.0,0.0,0.0,0.0,0.0,0.0,0.0,0.0,0.0,0.0,
1765990323.5865872,sol-updown-15m-1765989900,1765989900.0,1765990800.0,,476.41341280937195,,,,,0,0,0.98,0.98,ONE_LEG_INVENTORY,,,,,,,,,,,,,,0,5,,,,,,,,,,,,,,,,,,,,,,,,,,,,5.0,0.0,,,,,0,0,,,Inv: 5.0/0.0 CapLeft: 45.0,,,5.0,0.0,5.0,45.0,50.0,0.0,50.0,0.0,0.0,0.0,0.0,0.0,0.0,0.0,0.0,0.0,
1765990324.4812949,sol-updown-15m-1765989900,1765989900.0,1765990800.0,,475.5187051296234,,,,,0,0,0.98,0.98,ONE_LEG_INVENTORY,,,,,,,,,,,,,,0,5,,,,,,,,,,,,,,,,,,,,,,,,,,,,5.0,0.0,,,,,0,0,,,Inv: 5.0/0.0 CapLeft: 45.0,,,5.0,0.0,5.0,45.0,50.0,0.0,50.0,0.0,0.0,0.0,0.0,0.0,0.0,0.0,0.0,0.0,
1765990325.5236137,sol-updown-15m-1765989900,1765989900.0,1765990800.0,,474.47638630867004,,,,,0,0,0.97,0.98,ONE_LEG_INVENTORY,,,,,,,,,,,,,,0,5,,,,,,,,,,,,,,,,,,,,,,,,,,,,5.0,0.0,,,,,0,0,,,Inv: 5.0/0.0 CapLeft: 45.0,,,5.0,0.0,5.0,45.0,50.0,0.0,50.0,0.0,0.0,0.0,0.0,0.0,0.0,0.0,0.0,0.0,
1765990326.4645755,sol-updown-15m-1765989900,1765989900.0,1765990800.0,,473.5354244709015,,,,,0,0,0.98,0.98,ONE_LEG_INVENTORY,,,,,,,,,,,,,,0,5,,,,,,,,,,,,,,,,,,,,,,,,,,,,5.0,0.0,,,,,0,0,,,Inv: 5.0/0.0 CapLeft: 45.0,,,5.0,0.0,5.0,45.0,50.0,0.0,50.0,0.0,0.0,0.0,0.0,0.0,0.0,0.0,0.0,0.0,
1765990327.534104,sol-updown-15m-1765989900,1765989900.0,1765990800.0,,472.4658958911896,,,,,0,0,0.95,0.98,ONE_LEG_INVENTORY,,,,,,,,,,,,,,0,5,,,,,,,,,,,,,,,,,,,,,,,,,,,,5.0,0.0,,,,,0,0,,,Inv: 5.0/0.0 CapLeft: 45.0,,,5.0,0.0,5.0,45.0,50.0,0.0,50.0,0.0,0.0,0.0,0.0,0.0,0.0,0.0,0.0,0.0,
1765990328.437045,sol-updown-15m-1765989900,1765989900.0,1765990800.0,,471.5629549026489,,,,,0,0,0.95,0.98,ONE_LEG_INVENTORY,,,,,,,,,,,,,,0,5,,,,,,,,,,,,,,,,,,,,,,,,,,,,5.0,0.0,,,,,0,0,,,Inv: 5.0/0.0 CapLeft: 45.0,,,5.0,0.0,5.0,45.0,50.0,0.0,50.0,0.0,0.0,0.0,0.0,0.0,0.0,0.0,0.0,0.0,
1765990329.5650952,sol-updown-15m-1765989900,1765989900.0,1765990800.0,,470.4349048137665,,,,,0,0,0.97,0.98,ONE_LEG_INVENTORY,,,,,,,,,,,,,,0,5,,,,,,,,,,,,,,,,,,,,,,,,,,,,5.0,0.0,,,,,0,0,,,Inv: 5.0/0.0 CapLeft: 45.0,,,5.0,0.0,5.0,45.0,50.0,0.0,50.0,0.0,0.0,0.0,0.0,0.0,0.0,0.0,0.0,0.0,
1765990330.3967435,sol-updown-15m-1765989900,1765989900.0,1765990800.0,,469.6032564640045,,,,,0,0,0.97,0.98,ONE_LEG_INVENTORY,,,,,,,,,,,,,,0,5,,,,,,,,,,,,,,,,,,,,,,,,,,,,5.0,0.0,,,,,0,0,,,Inv: 5.0/0.0 CapLeft: 45.0,,,5.0,0.0,5.0,45.0,50.0,0.0,50.0,0.0,0.0,0.0,0.0,0.0,0.0,0.0,0.0,0.0,
1765990331.5216942,sol-updown-15m-1765989900,1765989900.0,1765990800.0,,468.4783058166504,,,,,0,0,0.96,0.98,ONE_LEG_INVENTORY,,,,,,,,,,,,,,0,5,,,,,,,,,,,,,,,,,,,,,,,,,,,,5.0,0.0,,,,,0,0,,,Inv: 5.0/0.0 CapLeft: 45.0,,,5.0,0.0,5.0,45.0,50.0,0.0,50.0,0.0,0.0,0.0,0.0,0.0,0.0,0.0,0.0,0.0,
1765990332.3399632,sol-updown-15m-1765989900,1765989900.0,1765990800.0,,467.66003680229187,,,,,0,0,0.98,0.98,ONE_LEG_INVENTORY,,,,,,,,,,,,,,0,5,,,,,,,,,,,,,,,,,,,,,,,,,,,,5.0,0.0,,,,,0,0,,,Inv: 5.0/0.0 CapLeft: 45.0,,,5.0,0.0,5.0,45.0,50.0,0.0,50.0,0.0,0.0,0.0,0.0,0.0,0.0,0.0,0.0,0.0,
1765990333.5016649,sol-updown-15m-1765989900,1765989900.0,1765990800.0,,466.49833512306213,,,,,0,0,0.97,0.98,ONE_LEG_INVENTORY,,,,,,,,,,,,,,0,5,,,,,,,,,,,,,,,,,,,,,,,,,,,,5.0,0.0,,,,,0,0,,,Inv: 5.0/0.0 CapLeft: 45.0,,,5.0,0.0,5.0,45.0,50.0,0.0,50.0,0.0,0.0,0.0,0.0,0.0,0.0,0.0,0.0,0.0,
1765990334.2900846,sol-updown-15m-1765989900,1765989900.0,1765990800.0,,465.7099153995514,,,,,0,0,0.98,0.98,ONE_LEG_INVENTORY,,,,,,,,,,,,,,0,5,,,,,,,,,,,,,,,,,,,,,,,,,,,,5.0,0.0,,,,,0,0,,,Inv: 5.0/0.0 CapLeft: 45.0,,,5.0,0.0,5.0,45.0,50.0,0.0,50.0,0.0,0.0,0.0,0.0,0.0,0.0,0.0,0.0,0.0,
1765990335.488051,sol-updown-15m-1765989900,1765989900.0,1765990800.0,,464.5119490623474,,,,,0,0,0.99,0.98,ONE_LEG_INVENTORY,,,,,,,,,,,,,,0,5,,,,,,,,,,,,,,,,,,,,,,,,,,,,5.0,0.0,,,,,0,0,,,Inv: 5.0/0.0 CapLeft: 45.0,,,5.0,0.0,5.0,45.0,50.0,0.0,50.0,0.0,0.0,0.0,0.0,0.0,0.0,0.0,0.0,0.0,
1765990336.2594132,sol-updown-15m-1765989900,1765989900.0,1765990800.0,,463.7405867576599,,,,,0,0,0.96,0.98,ONE_LEG_INVENTORY,,,,,,,,,,,,,,0,5,,,,,,,,,,,,,,,,,,,,,,,,,,,,5.0,0.0,,,,,0,0,,,Inv: 5.0/0.0 CapLeft: 45.0,,,5.0,0.0,5.0,45.0,50.0,0.0,50.0,0.0,0.0,0.0,0.0,0.0,0.0,0.0,0.0,0.0,
1765990337.4775956,sol-updown-15m-1765989900,1765989900.0,1765990800.0,,462.52240443229675,,,,,0,0,0.98,0.98,ONE_LEG_INVENTORY,,,,,,,,,,,,,,0,5,,,,,,,,,,,,,,,,,,,,,,,,,,,,5.0,0.0,,,,,0,0,,,Inv: 5.0/0.0 CapLeft: 45.0,,,5.0,0.0,5.0,45.0,50.0,0.0,50.0,0.0,0.0,0.0,0.0,0.0,0.0,0.0,0.0,0.0,
1765990338.2112393,sol-updown-15m-1765989900,1765989900.0,1765990800.0,,461.78876066207886,,,,,0,0,0.98,0.98,ONE_LEG_INVENTORY,,,,,,,,,,,,,,0,5,,,,,,,,,,,,,,,,,,,,,,,,,,,,5.0,0.0,,,,,0,0,,,Inv: 5.0/0.0 CapLeft: 45.0,,,5.0,0.0,5.0,45.0,50.0,0.0,50.0,0.0,0.0,0.0,0.0,0.0,0.0,0.0,0.0,0.0,
1765990339.4067862,sol-updown-15m-1765989900,1765989900.0,1765990800.0,,460.5932137966156,,,,,0,0,0.98,0.98,ONE_LEG_INVENTORY,,,,,,,,,,,,,,0,5,,,,,,,,,,,,,,,,,,,,,,,,,,,,5.0,0.0,,,,,0,0,,,Inv: 5.0/0.0 CapLeft: 45.0,,,5.0,0.0,5.0,45.0,50.0,0.0,50.0,0.0,0.0,0.0,0.0,0.0,0.0,0.0,0.0,0.0,
1765990340.1422987,sol-updown-15m-1765989900,1765989900.0,1765990800.0,,459.8577013015747,,,,,0,0,0.98,0.98,ONE_LEG_INVENTORY,,,,,,,,,,,,,,0,5,,,,,,,,,,,,,,,,,,,,,,,,,,,,5.0,0.0,,,,,0,0,,,Inv: 5.0/0.0 CapLeft: 45.0,,,5.0,0.0,5.0,45.0,50.0,0.0,50.0,0.0,0.0,0.0,0.0,0.0,0.0,0.0,0.0,0.0,
1765990341.3568587,sol-updown-15m-1765989900,1765989900.0,1765990800.0,,458.64314126968384,,,,,0,0,0.96,0.98,ONE_LEG_INVENTORY,,,,,,,,,,,,,,0,5,,,,,,,,,,,,,,,,,,,,,,,,,,,,5.0,0.0,,,,,0,0,,,Inv: 5.0/0.0 CapLeft: 45.0,,,5.0,0.0,5.0,45.0,50.0,0.0,50.0,0.0,0.0,0.0,0.0,0.0,0.0,0.0,0.0,0.0,
1765990342.1053312,sol-updown-15m-1765989900,1765989900.0,1765990800.0,,457.89466881752014,,,,,0,0,0.96,0.98,ONE_LEG_INVENTORY,,,,,,,,,,,,,,0,5,,,,,,,,,,,,,,,,,,,,,,,,,,,,5.0,0.0,,,,,0,0,,,Inv: 5.0/0.0 CapLeft: 45.0,,,5.0,0.0,5.0,45.0,50.0,0.0,50.0,0.0,0.0,0.0,0.0,0.0,0.0,0.0,0.0,0.0,
1765990343.3558805,sol-updown-15m-1765989900,1765989900.0,1765990800.0,,456.6441195011139,,,,,0,0,0.97,0.98,ONE_LEG_INVENTORY,,,,,,,,,,,,,,0,5,,,,,,,,,,,,,,,,,,,,,,,,,,,,5.0,0.0,,,,,0,0,,,Inv: 5.0/0.0 CapLeft: 45.0,,,5.0,0.0,5.0,45.0,50.0,0.0,50.0,0.0,0.0,0.0,0.0,0.0,0.0,0.0,0.0,0.0,
1765990344.05568,sol-updown-15m-1765989900,1765989900.0,1765990800.0,,455.9443199634552,,,,,0,0,0.98,0.98,ONE_LEG_INVENTORY,,,,,,,,,,,,,,0,5,,,,,,,,,,,,,,,,,,,,,,,,,,,,5.0,0.0,,,,,0,0,,,Inv: 5.0/0.0 CapLeft: 45.0,,,5.0,0.0,5.0,45.0,50.0,0.0,50.0,0.0,0.0,0.0,0.0,0.0,0.0,0.0,0.0,0.0,
1765990345.4072826,sol-updown-15m-1765989900,1765989900.0,1765990800.0,,454.5927174091339,,,,,0,0,0.96,0.98,ONE_LEG_INVENTORY,,,,,,,,,,,,,,0,5,,,,,,,,,,,,,,,,,,,,,,,,,,,,5.0,0.0,,,,,0,0,,,Inv: 5.0/0.0 CapLeft: 45.0,,,5.0,0.0,5.0,45.0,50.0,0.0,50.0,0.0,0.0,0.0,0.0,0.0,0.0,0.0,0.0,0.0,
1765990346.016387,sol-updown-15m-1765989900,1765989900.0,1765990800.0,,453.9836130142212,,,,,0,0,0.97,0.98,ONE_LEG_INVENTORY,,,,,,,,,,,,,,0,5,,,,,,,,,,,,,,,,,,,,,,,,,,,,5.0,0.0,,,,,0,0,,,Inv: 5.0/0.0 CapLeft: 45.0,,,5.0,0.0,5.0,45.0,50.0,0.0,50.0,0.0,0.0,0.0,0.0,0.0,0.0,0.0,0.0,0.0,
1765990347.3461845,sol-updown-15m-1765989900,1765989900.0,1765990800.0,,452.6538155078888,,,,,0,0,0.97,0.98,ONE_LEG_INVENTORY,,,,,,,,,,,,,,0,5,,,,,,,,,,,,,,,,,,,,,,,,,,,,5.0,0.0,,,,,0,0,,,Inv: 5.0/0.0 CapLeft: 45.0,,,5.0,0.0,5.0,45.0,50.0,0.0,50.0,0.0,0.0,0.0,0.0,0.0,0.0,0.0,0.0,0.0,
1765990347.9918437,sol-updown-15m-1765989900,1765989900.0,1765990800.0,,452.00815629959106,,,,,0,0,0.97,0.98,ONE_LEG_INVENTORY,,,,,,,,,,,,,,0,5,,,,,,,,,,,,,,,,,,,,,,,,,,,,5.0,0.0,,,,,0,0,,,Inv: 5.0/0.0 CapLeft: 45.0,,,5.0,0.0,5.0,45.0,50.0,0.0,50.0,0.0,0.0,0.0,0.0,0.0,0.0,0.0,0.0,0.0,
1765990349.2825115,sol-updown-15m-1765989900,1765989900.0,1765990800.0,,450.717488527298,,,,,0,0,0.97,0.98,ONE_LEG_INVENTORY,,,,,,,,,,,,,,0,5,,,,,,,,,,,,,,,,,,,,,,,,,,,,5.0,0.0,,,,,0,0,,,Inv: 5.0/0.0 CapLeft: 45.0,,,5.0,0.0,5.0,45.0,50.0,0.0,50.0,0.0,0.0,0.0,0.0,0.0,0.0,0.0,0.0,0.0,
1765990349.922592,sol-updown-15m-1765989900,1765989900.0,1765990800.0,,450.07740807533264,,,,,0,0,0.9600000000000001,0.98,ONE_LEG_INVENTORY,,,,,,,,,,,,,,0,5,,,,,,,,,,,,,,,,,,,,,,,,,,,,5.0,0.0,,,,,0,0,,,Inv: 5.0/0.0 CapLeft: 45.0,,,5.0,0.0,5.0,45.0,50.0,0.0,50.0,0.0,0.0,0.0,0.0,0.0,0.0,0.0,0.0,0.0,
1765990351.2442348,sol-updown-15m-1765989900,1765989900.0,1765990800.0,,448.75576519966125,,,,,0,0,0.97,0.98,ONE_LEG_INVENTORY,,,,,,,,,,,,,,0,5,,,,,,,,,,,,,,,,,,,,,,,,,,,,5.0,0.0,,,,,0,0,,,Inv: 5.0/0.0 CapLeft: 45.0,,,5.0,0.0,5.0,45.0,50.0,0.0,50.0,0.0,0.0,0.0,0.0,0.0,0.0,0.0,0.0,0.0,
1765990351.8573155,sol-updown-15m-1765989900,1765989900.0,1765990800.0,,448.1426844596863,,,,,0,0,0.98,0.98,ONE_LEG_INVENTORY,,,,,,,,,,,,,,0,5,,,,,,,,,,,,,,,,,,,,,,,,,,,,5.0,0.0,,,,,0,0,,,Inv: 5.0/0.0 CapLeft: 45.0,,,5.0,0.0,5.0,45.0,50.0,0.0,50.0,0.0,0.0,0.0,0.0,0.0,0.0,0.0,0.0,0.0,
1765990353.1884897,sol-updown-15m-1765989900,1765989900.0,1765990800.0,,446.81151032447815,,,,,0,0,0.98,0.98,ONE_LEG_INVENTORY,,,,,,,,,,,,,,0,5,,,,,,,,,,,,,,,,,,,,,,,,,,,,5.0,0.0,,,,,0,0,,,Inv: 5.0/0.0 CapLeft: 45.0,,,5.0,0.0,5.0,45.0,50.0,0.0,50.0,0.0,0.0,0.0,0.0,0.0,0.0,0.0,0.0,0.0,
1765990353.8266459,sol-updown-15m-1765989900,1765989900.0,1765990800.0,,446.17335414886475,,,,,0,0,0.9600000000000001,0.98,ONE_LEG_INVENTORY,,,,,,,,,,,,,,0,5,,,,,,,,,,,,,,,,,,,,,,,,,,,,5.0,0.0,,,,,0,0,,,Inv: 5.0/0.0 CapLeft: 45.0,,,5.0,0.0,5.0,45.0,50.0,0.0,50.0,0.0,0.0,0.0,0.0,0.0,0.0,0.0,0.0,0.0,
1765990355.136604,sol-updown-15m-1765989900,1765989900.0,1765990800.0,,444.86339592933655,,,,,0,0,0.98,0.98,ONE_LEG_INVENTORY,,,,,,,,,,,,,,0,5,,,,,,,,,,,,,,,,,,,,,,,,,,,,5.0,0.0,,,,,0,0,,,Inv: 5.0/0.0 CapLeft: 45.0,,,5.0,0.0,5.0,45.0,50.0,0.0,50.0,0.0,0.0,0.0,0.0,0.0,0.0,0.0,0.0,0.0,
1765990355.8037865,sol-updown-15m-1765989900,1765989900.0,1765990800.0,,444.1962134838104,,,,,0,0,0.98,0.98,ONE_LEG_INVENTORY,,,,,,,,,,,,,,0,5,,,,,,,,,,,,,,,,,,,,,,,,,,,,5.0,0.0,,,,,0,0,,,Inv: 5.0/0.0 CapLeft: 45.0,,,5.0,0.0,5.0,45.0,50.0,0.0,50.0,0.0,0.0,0.0,0.0,0.0,0.0,0.0,0.0,0.0,
1765990357.095388,sol-updown-15m-1765989900,1765989900.0,1765990800.0,,442.9046120643616,,,,,0,0,0.98,0.98,ONE_LEG_INVENTORY,,,,,,,,,,,,,,0,5,,,,,,,,,,,,,,,,,,,,,,,,,,,,5.0,0.0,,,,,0,0,,,Inv: 5.0/0.0 CapLeft: 45.0,,,5.0,0.0,5.0,45.0,50.0,0.0,50.0,0.0,0.0,0.0,0.0,0.0,0.0,0.0,0.0,0.0,
1765990357.810827,sol-updown-15m-1765989900,1765989900.0,1765990800.0,,442.18917298316956,,,,,0,0,0.97,0.98,ONE_LEG_INVENTORY,,,,,,,,,,,,,,0,5,,,,,,,,,,,,,,,,,,,,,,,,,,,,5.0,0.0,,,,,0,0,,,Inv: 5.0/0.0 CapLeft: 45.0,,,5.0,0.0,5.0,45.0,50.0,0.0,50.0,0.0,0.0,0.0,0.0,0.0,0.0,0.0,0.0,0.0,
1765990359.06812,sol-updown-15m-1765989900,1765989900.0,1765990800.0,,440.9318799972534,,,,,0,0,0.98,0.98,ONE_LEG_INVENTORY,,,,,,,,,,,,,,0,5,,,,,,,,,,,,,,,,,,,,,,,,,,,,5.0,0.0,,,,,0,0,,,Inv: 5.0/0.0 CapLeft: 45.0,,,5.0,0.0,5.0,45.0,50.0,0.0,50.0,0.0,0.0,0.0,0.0,0.0,0.0,0.0,0.0,0.0,
1765990359.8084247,sol-updown-15m-1765989900,1765989900.0,1765990800.0,,440.1915752887726,,,,,0,0,0.99,0.98,ONE_LEG_INVENTORY,,,,,,,,,,,,,,0,5,,,,,,,,,,,,,,,,,,,,,,,,,,,,5.0,0.0,,,,,0,0,,,Inv: 5.0/0.0 CapLeft: 45.0,,,5.0,0.0,5.0,45.0,50.0,0.0,50.0,0.0,0.0,0.0,0.0,0.0,0.0,0.0,0.0,0.0,
1765990361.0062366,sol-updown-15m-1765989900,1765989900.0,1765990800.0,,438.99376344680786,,,,,0,0,0.97,0.98,ONE_LEG_INVENTORY,,,,,,,,,,,,,,0,5,,,,,,,,,,,,,,,,,,,,,,,,,,,,5.0,0.0,,,,,0,0,,,Inv: 5.0/0.0 CapLeft: 45.0,,,5.0,0.0,5.0,45.0,50.0,0.0,50.0,0.0,0.0,0.0,0.0,0.0,0.0,0.0,0.0,0.0,
1765990361.7581418,sol-updown-15m-1765989900,1765989900.0,1765990800.0,,438.24185824394226,,,,,0,0,0.97,0.98,ONE_LEG_INVENTORY,,,,,,,,,,,,,,0,5,,,,,,,,,,,,,,,,,,,,,,,,,,,,5.0,0.0,,,,,0,0,,,Inv: 5.0/0.0 CapLeft: 45.0,,,5.0,0.0,5.0,45.0,50.0,0.0,50.0,0.0,0.0,0.0,0.0,0.0,0.0,0.0,0.0,0.0,
1765990362.9500933,sol-updown-15m-1765989900,1765989900.0,1765990800.0,,437.04990673065186,,,,,0,0,0.96,0.98,ONE_LEG_INVENTORY,,,,,,,,,,,,,,0,5,,,,,,,,,,,,,,,,,,,,,,,,,,,,5.0,0.0,,,,,0,0,,,Inv: 5.0/0.0 CapLeft: 45.0,,,5.0,0.0,5.0,45.0,50.0,0.0,50.0,0.0,0.0,0.0,0.0,0.0,0.0,0.0,0.0,0.0,
1765990363.736649,sol-updown-15m-1765989900,1765989900.0,1765990800.0,,436.26335096359253,,,,,0,0,0.96,0.98,ONE_LEG_INVENTORY,,,,,,,,,,,,,,0,5,,,,,,,,,,,,,,,,,,,,,,,,,,,,5.0,0.0,,,,,0,0,,,Inv: 5.0/0.0 CapLeft: 45.0,,,5.0,0.0,5.0,45.0,50.0,0.0,50.0,0.0,0.0,0.0,0.0,0.0,0.0,0.0,0.0,0.0,
1765990364.8780346,sol-updown-15m-1765989900,1765989900.0,1765990800.0,,435.1219654083252,,,,,0,0,0.96,0.98,ONE_LEG_INVENTORY,,,,,,,,,,,,,,0,5,,,,,,,,,,,,,,,,,,,,,,,,,,,,5.0,0.0,,,,,0,0,,,Inv: 5.0/0.0 CapLeft: 45.0,,,5.0,0.0,5.0,45.0,50.0,0.0,50.0,0.0,0.0,0.0,0.0,0.0,0.0,0.0,0.0,0.0,
1765990365.6861742,sol-updown-15m-1765989900,1765989900.0,1765990800.0,,434.3138258457184,,,,,0,0,0.98,0.98,ONE_LEG_INVENTORY,,,,,,,,,,,,,,0,5,,,,,,,,,,,,,,,,,,,,,,,,,,,,5.0,0.0,,,,,0,0,,,Inv: 5.0/0.0 CapLeft: 45.0,,,5.0,0.0,5.0,45.0,50.0,0.0,50.0,0.0,0.0,0.0,0.0,0.0,0.0,0.0,0.0,0.0,
1765990366.838916,sol-updown-15m-1765989900,1765989900.0,1765990800.0,,433.1610839366913,,,,,0,0,0.97,0.98,ONE_LEG_INVENTORY,,,,,,,,,,,,,,0,5,,,,,,,,,,,,,,,,,,,,,,,,,,,,5.0,0.0,,,,,0,0,,,Inv: 5.0/0.0 CapLeft: 45.0,,,5.0,0.0,5.0,45.0,50.0,0.0,50.0,0.0,0.0,0.0,0.0,0.0,0.0,0.0,0.0,0.0,
1765990367.616221,sol-updown-15m-1765989900,1765989900.0,1765990800.0,,432.3837790489197,,,,,0,0,0.97,0.98,ONE_LEG_INVENTORY,,,,,,,,,,,,,,0,5,,,,,,,,,,,,,,,,,,,,,,,,,,,,5.0,0.0,,,,,0,0,,,Inv: 5.0/0.0 CapLeft: 45.0,,,5.0,0.0,5.0,45.0,50.0,0.0,50.0,0.0,0.0,0.0,0.0,0.0,0.0,0.0,0.0,0.0,
1765990368.795132,sol-updown-15m-1765989900,1765989900.0,1765990800.0,,431.2048680782318,,,,,0,0,0.97,0.98,ONE_LEG_INVENTORY,,,,,,,,,,,,,,0,5,,,,,,,,,,,,,,,,,,,,,,,,,,,,5.0,0.0,,,,,0,0,,,Inv: 5.0/0.0 CapLeft: 45.0,,,5.0,0.0,5.0,45.0,50.0,0.0,50.0,0.0,0.0,0.0,0.0,0.0,0.0,0.0,0.0,0.0,
1765990369.581922,sol-updown-15m-1765989900,1765989900.0,1765990800.0,,430.41807794570923,,,,,0,0,0.97,0.98,ONE_LEG_INVENTORY,,,,,,,,,,,,,,0,5,,,,,,,,,,,,,,,,,,,,,,,,,,,,5.0,0.0,,,,,0,0,,,Inv: 5.0/0.0 CapLeft: 45.0,,,5.0,0.0,5.0,45.0,50.0,0.0,50.0,0.0,0.0,0.0,0.0,0.0,0.0,0.0,0.0,0.0,
1765990370.725145,sol-updown-15m-1765989900,1765989900.0,1765990800.0,,429.27485489845276,,,,,0,0,0.97,0.98,ONE_LEG_INVENTORY,,,,,,,,,,,,,,0,5,,,,,,,,,,,,,,,,,,,,,,,,,,,,5.0,0.0,,,,,0,0,,,Inv: 5.0/0.0 CapLeft: 45.0,,,5.0,0.0,5.0,45.0,50.0,0.0,50.0,0.0,0.0,0.0,0.0,0.0,0.0,0.0,0.0,0.0,
1765990371.519348,sol-updown-15m-1765989900,1765989900.0,1765990800.0,,428.48065209388733,,,,,0,0,0.97,0.98,ONE_LEG_INVENTORY,,,,,,,,,,,,,,0,5,,,,,,,,,,,,,,,,,,,,,,,,,,,,5.0,0.0,,,,,0,0,,,Inv: 5.0/0.0 CapLeft: 45.0,,,5.0,0.0,5.0,45.0,50.0,0.0,50.0,0.0,0.0,0.0,0.0,0.0,0.0,0.0,0.0,0.0,
1765990372.7099266,sol-updown-15m-1765989900,1765989900.0,1765990800.0,,427.2900733947754,,,,,0,0,0.99,0.98,ONE_LEG_INVENTORY,,,,,,,,,,,,,,0,5,,,,,,,,,,,,,,,,,,,,,,,,,,,,5.0,0.0,,,,,0,0,,,Inv: 5.0/0.0 CapLeft: 45.0,,,5.0,0.0,5.0,45.0,50.0,0.0,50.0,0.0,0.0,0.0,0.0,0.0,0.0,0.0,0.0,0.0,
1765990373.456597,sol-updown-15m-1765989900,1765989900.0,1765990800.0,,426.54340291023254,,,,,0,0,0.98,0.98,ONE_LEG_INVENTORY,,,,,,,,,,,,,,0,5,,,,,,,,,,,,,,,,,,,,,,,,,,,,5.0,0.0,,,,,0,0,,,Inv: 5.0/0.0 CapLeft: 45.0,,,5.0,0.0,5.0,45.0,50.0,0.0,50.0,0.0,0.0,0.0,0.0,0.0,0.0,0.0,0.0,0.0,
1765990374.6467957,sol-updown-15m-1765989900,1765989900.0,1765990800.0,,425.3532042503357,,,,,0,0,0.99,0.98,ONE_LEG_INVENTORY,,,,,,,,,,,,,,0,5,,,,,,,,,,,,,,,,,,,,,,,,,,,,5.0,0.0,,,,,0,0,,,Inv: 5.0/0.0 CapLeft: 45.0,,,5.0,0.0,5.0,45.0,50.0,0.0,50.0,0.0,0.0,0.0,0.0,0.0,0.0,0.0,0.0,0.0,
1765990375.4397159,sol-updown-15m-1765989900,1765989900.0,1765990800.0,,424.56028413772583,,,,,0,0,0.99,0.98,ONE_LEG_INVENTORY,,,,,,,,,,,,,,0,5,,,,,,,,,,,,,,,,,,,,,,,,,,,,5.0,0.0,,,,,0,0,,,Inv: 5.0/0.0 CapLeft: 45.0,,,5.0,0.0,5.0,45.0,50.0,0.0,50.0,0.0,0.0,0.0,0.0,0.0,0.0,0.0,0.0,0.0,
1765990376.634208,sol-updown-15m-1765989900,1765989900.0,1765990800.0,,423.3657920360565,,,,,0,0,0.99,0.98,ONE_LEG_INVENTORY,,,,,,,,,,,,,,0,5,,,,,,,,,,,,,,,,,,,,,,,,,,,,5.0,0.0,,,,,0,0,,,Inv: 5.0/0.0 CapLeft: 45.0,,,5.0,0.0,5.0,45.0,50.0,0.0,50.0,0.0,0.0,0.0,0.0,0.0,0.0,0.0,0.0,0.0,
1765990377.3788652,sol-updown-15m-1765989900,1765989900.0,1765990800.0,,422.6211347579956,,,,,0,0,0.98,0.98,ONE_LEG_INVENTORY,,,,,,,,,,,,,,0,5,,,,,,,,,,,,,,,,,,,,,,,,,,,,5.0,0.0,,,,,0,0,,,Inv: 5.0/0.0 CapLeft: 45.0,,,5.0,0.0,5.0,45.0,50.0,0.0,50.0,0.0,0.0,0.0,0.0,0.0,0.0,0.0,0.0,0.0,
1765990378.5724683,sol-updown-15m-1765989900,1765989900.0,1765990800.0,,421.42753171920776,,,,,0,0,0.97,0.98,ONE_LEG_INVENTORY,,,,,,,,,,,,,,0,5,,,,,,,,,,,,,,,,,,,,,,,,,,,,5.0,0.0,,,,,0,0,,,Inv: 5.0/0.0 CapLeft: 45.0,,,5.0,0.0,5.0,45.0,50.0,0.0,50.0,0.0,0.0,0.0,0.0,0.0,0.0,0.0,0.0,0.0,
1765990379.3950486,sol-updown-15m-1765989900,1765989900.0,1765990800.0,,420.60495138168335,,,,,0,0,0.96,0.98,ONE_LEG_INVENTORY,,,,,,,,,,,,,,0,5,,,,,,,,,,,,,,,,,,,,,,,,,,,,5.0,0.0,,,,,0,0,,,Inv: 5.0/0.0 CapLeft: 45.0,,,5.0,0.0,5.0,45.0,50.0,0.0,50.0,0.0,0.0,0.0,0.0,0.0,0.0,0.0,0.0,0.0,
1765990380.5002003,sol-updown-15m-1765989900,1765989900.0,1765990800.0,,419.49979972839355,,,,,0,0,0.97,0.98,ONE_LEG_INVENTORY,,,,,,,,,,,,,,0,5,,,,,,,,,,,,,,,,,,,,,,,,,,,,5.0,0.0,,,,,0,0,,,Inv: 5.0/0.0 CapLeft: 45.0,,,5.0,0.0,5.0,45.0,50.0,0.0,50.0,0.0,0.0,0.0,0.0,0.0,0.0,0.0,0.0,0.0,
1765990381.3419337,sol-updown-15m-1765989900,1765989900.0,1765990800.0,,418.6580662727356,,,,,0,0,0.97,0.98,ONE_LEG_INVENTORY,,,,,,,,,,,,,,0,5,,,,,,,,,,,,,,,,,,,,,,,,,,,,5.0,0.0,,,,,0,0,,,Inv: 5.0/0.0 CapLeft: 45.0,,,5.0,0.0,5.0,45.0,50.0,0.0,50.0,0.0,0.0,0.0,0.0,0.0,0.0,0.0,0.0,0.0,
1765990382.489829,sol-updown-15m-1765989900,1765989900.0,1765990800.0,,417.5101709365845,,,,,0,0,0.97,0.98,ONE_LEG_INVENTORY,,,,,,,,,,,,,,0,5,,,,,,,,,,,,,,,,,,,,,,,,,,,,5.0,0.0,,,,,0,0,,,Inv: 5.0/0.0 CapLeft: 45.0,,,5.0,0.0,5.0,45.0,50.0,0.0,50.0,0.0,0.0,0.0,0.0,0.0,0.0,0.0,0.0,0.0,
1765990383.2990053,sol-updown-15m-1765989900,1765989900.0,1765990800.0,,416.7009947299957,,,,,0,0,0.99,0.98,ONE_LEG_INVENTORY,,,,,,,,,,,,,,0,5,,,,,,,,,,,,,,,,,,,,,,,,,,,,5.0,0.0,,,,,0,0,,,Inv: 5.0/0.0 CapLeft: 45.0,,,5.0,0.0,5.0,45.0,50.0,0.0,50.0,0.0,0.0,0.0,0.0,0.0,0.0,0.0,0.0,0.0,
1765990384.5077991,sol-updown-15m-1765989900,1765989900.0,1765990800.0,,415.49220085144043,,,,,0,0,0.96,0.98,ONE_LEG_INVENTORY,,,,,,,,,,,,,,0,5,,,,,,,,,,,,,,,,,,,,,,,,,,,,5.0,0.0,,,,,0,0,,,Inv: 5.0/0.0 CapLeft: 45.0,,,5.0,0.0,5.0,45.0,50.0,0.0,50.0,0.0,0.0,0.0,0.0,0.0,0.0,0.0,0.0,0.0,
1765990385.2527957,sol-updown-15m-1765989900,1765989900.0,1765990800.0,,414.74720430374146,,,,,0,0,0.97,0.98,ONE_LEG_INVENTORY,,,,,,,,,,,,,,0,5,,,,,,,,,,,,,,,,,,,,,,,,,,,,5.0,0.0,,,,,0,0,,,Inv: 5.0/0.0 CapLeft: 45.0,,,5.0,0.0,5.0,45.0,50.0,0.0,50.0,0.0,0.0,0.0,0.0,0.0,0.0,0.0,0.0,0.0,
1765990386.4506912,sol-updown-15m-1765989900,1765989900.0,1765990800.0,,413.54930877685547,,,,,0,0,0.99,0.98,ONE_LEG_INVENTORY,,,,,,,,,,,,,,0,5,,,,,,,,,,,,,,,,,,,,,,,,,,,,5.0,0.0,,,,,0,0,,,Inv: 5.0/0.0 CapLeft: 45.0,,,5.0,0.0,5.0,45.0,50.0,0.0,50.0,0.0,0.0,0.0,0.0,0.0,0.0,0.0,0.0,0.0,
1765990387.2435503,sol-updown-15m-1765989900,1765989900.0,1765990800.0,,412.75644969940186,,,,,0,0,0.99,0.98,ONE_LEG_INVENTORY,,,,,,,,,,,,,,0,5,,,,,,,,,,,,,,,,,,,,,,,,,,,,5.0,0.0,,,,,0,0,,,Inv: 5.0/0.0 CapLeft: 45.0,,,5.0,0.0,5.0,45.0,50.0,0.0,50.0,0.0,0.0,0.0,0.0,0.0,0.0,0.0,0.0,0.0,
1765990388.4199324,sol-updown-15m-1765989900,1765989900.0,1765990800.0,,411.5800676345825,,,,,0,0,0.96,0.98,ONE_LEG_INVENTORY,,,,,,,,,,,,,,0,5,,,,,,,,,,,,,,,,,,,,,,,,,,,,5.0,0.0,,,,,0,0,,,Inv: 5.0/0.0 CapLeft: 45.0,,,5.0,0.0,5.0,45.0,50.0,0.0,50.0,0.0,0.0,0.0,0.0,0.0,0.0,0.0,0.0,0.0,
1765990389.2989922,sol-updown-15m-1765989900,1765989900.0,1765990800.0,,410.7010078430176,,,,,0,0,0.94,0.98,ONE_LEG_INVENTORY,,,,,,,,,,,,,,0,5,,,,,,,,,,,,,,,,,,,,,,,,,,,,5.0,0.0,,,,,0,0,,,Inv: 5.0/0.0 CapLeft: 45.0,,,5.0,0.0,5.0,45.0,50.0,0.0,50.0,0.0,0.0,0.0,0.0,0.0,0.0,0.0,0.0,0.0,
1765990390.3709228,sol-updown-15m-1765989900,1765989900.0,1765990800.0,,409.6290771961212,,,,,0,0,0.94,0.98,ONE_LEG_INVENTORY,,,,,,,,,,,,,,0,5,,,,,,,,,,,,,,,,,,,,,,,,,,,,5.0,0.0,,,,,0,0,,,Inv: 5.0/0.0 CapLeft: 45.0,,,5.0,0.0,5.0,45.0,50.0,0.0,50.0,0.0,0.0,0.0,0.0,0.0,0.0,0.0,0.0,0.0,
1765990391.2704115,sol-updown-15m-1765989900,1765989900.0,1765990800.0,,408.72958850860596,,,,,0,0,0.96,0.98,ONE_LEG_INVENTORY,,,,,,,,,,,,,,0,5,,,,,,,,,,,,,,,,,,,,,,,,,,,,5.0,0.0,,,,,0,0,,,Inv: 5.0/0.0 CapLeft: 45.0,,,5.0,0.0,5.0,45.0,50.0,0.0,50.0,0.0,0.0,0.0,0.0,0.0,0.0,0.0,0.0,0.0,
1765990392.3652835,sol-updown-15m-1765989900,1765989900.0,1765990800.0,,407.6347165107727,,,,,0,0,0.97,0.98,ONE_LEG_INVENTORY,,,,,,,,,,,,,,0,5,,,,,,,,,,,,,,,,,,,,,,,,,,,,5.0,0.0,,,,,0,0,,,Inv: 5.0/0.0 CapLeft: 45.0,,,5.0,0.0,5.0,45.0,50.0,0.0,50.0,0.0,0.0,0.0,0.0,0.0,0.0,0.0,0.0,0.0,
1765990393.2166843,sol-updown-15m-1765989900,1765989900.0,1765990800.0,,406.78331565856934,,,,,0,0,0.96,0.98,ONE_LEG_INVENTORY,,,,,,,,,,,,,,0,5,,,,,,,,,,,,,,,,,,,,,,,,,,,,5.0,0.0,,,,,0,0,,,Inv: 5.0/0.0 CapLeft: 45.0,,,5.0,0.0,5.0,45.0,50.0,0.0,50.0,0.0,0.0,0.0,0.0,0.0,0.0,0.0,0.0,0.0,
1765990394.3741553,sol-updown-15m-1765989900,1765989900.0,1765990800.0,,405.62584471702576,,,,,0,0,0.9500000000000001,0.98,ONE_LEG_INVENTORY,,,,,,,,,,,,,,0,5,,,,,,,,,,,,,,,,,,,,,,,,,,,,5.0,0.0,,,,,0,0,,,Inv: 5.0/0.0 CapLeft: 45.0,,,5.0,0.0,5.0,45.0,50.0,0.0,50.0,0.0,0.0,0.0,0.0,0.0,0.0,0.0,0.0,0.0,
1765990395.1354713,sol-updown-15m-1765989900,1765989900.0,1765990800.0,,404.86452865600586,,,,,0,0,0.98,0.98,ONE_LEG_INVENTORY,,,,,,,,,,,,,,0,5,,,,,,,,,,,,,,,,,,,,,,,,,,,,5.0,0.0,,,,,0,0,,,Inv: 5.0/0.0 CapLeft: 45.0,,,5.0,0.0,5.0,45.0,50.0,0.0,50.0,0.0,0.0,0.0,0.0,0.0,0.0,0.0,0.0,0.0,
1765990396.3281176,sol-updown-15m-1765989900,1765989900.0,1765990800.0,,403.67188239097595,,,,,0,0,0.97,0.98,ONE_LEG_INVENTORY,,,,,,,,,,,,,,0,5,,,,,,,,,,,,,,,,,,,,,,,,,,,,5.0,0.0,,,,,0,0,,,Inv: 5.0/0.0 CapLeft: 45.0,,,5.0,0.0,5.0,45.0,50.0,0.0,50.0,0.0,0.0,0.0,0.0,0.0,0.0,0.0,0.0,0.0,
1765990397.0938466,sol-updown-15m-1765989900,1765989900.0,1765990800.0,,402.90615344047546,,,,,0,0,0.99,0.98,ONE_LEG_INVENTORY,,,,,,,,,,,,,,0,5,,,,,,,,,,,,,,,,,,,,,,,,,,,,5.0,0.0,,,,,0,0,,,Inv: 5.0/0.0 CapLeft: 45.0,,,5.0,0.0,5.0,45.0,50.0,0.0,50.0,0.0,0.0,0.0,0.0,0.0,0.0,0.0,0.0,0.0,
1765990398.3207946,sol-updown-15m-1765989900,1765989900.0,1765990800.0,,401.67920541763306,,,,,0,0,0.9500000000000001,0.98,ONE_LEG_INVENTORY,,,,,,,,,,,,,,0,5,,,,,,,,,,,,,,,,,,,,,,,,,,,,5.0,0.0,,,,,0,0,,,Inv: 5.0/0.0 CapLeft: 45.0,,,5.0,0.0,5.0,45.0,50.0,0.0,50.0,0.0,0.0,0.0,0.0,0.0,0.0,0.0,0.0,0.0,
1765990399.0661936,sol-updown-15m-1765989900,1765989900.0,1765990800.0,,400.93380641937256,,,,,0,0,0.98,0.98,ONE_LEG_INVENTORY,,,,,,,,,,,,,,0,5,,,,,,,,,,,,,,,,,,,,,,,,,,,,5.0,0.0,,,,,0,0,,,Inv: 5.0/0.0 CapLeft: 45.0,,,5.0,0.0,5.0,45.0,50.0,0.0,50.0,0.0,0.0,0.0,0.0,0.0,0.0,0.0,0.0,0.0,
1765990400.2804883,sol-updown-15m-1765989900,1765989900.0,1765990800.0,,399.71951174736023,,,,,0,0,0.99,0.98,ONE_LEG_INVENTORY,,,,,,,,,,,,,,0,5,,,,,,,,,,,,,,,,,,,,,,,,,,,,5.0,0.0,,,,,0,0,,,Inv: 5.0/0.0 CapLeft: 45.0,,,5.0,0.0,5.0,45.0,50.0,0.0,50.0,0.0,0.0,0.0,0.0,0.0,0.0,0.0,0.0,0.0,
1765990401.0220795,sol-updown-15m-1765989900,1765989900.0,1765990800.0,,398.97792053222656,,,,,0,0,0.98,0.98,ONE_LEG_INVENTORY,,,,,,,,,,,,,,0,5,,,,,,,,,,,,,,,,,,,,,,,,,,,,5.0,0.0,,,,,0,0,,,Inv: 5.0/0.0 CapLeft: 45.0,,,5.0,0.0,5.0,45.0,50.0,0.0,50.0,0.0,0.0,0.0,0.0,0.0,0.0,0.0,0.0,0.0,
1765990402.2279642,sol-updown-15m-1765989900,1765989900.0,1765990800.0,,397.77203583717346,,,,,0,0,0.98,0.98,ONE_LEG_INVENTORY,,,,,,,,,,,,,,0,5,,,,,,,,,,,,,,,,,,,,,,,,,,,,5.0,0.0,,,,,0,0,,,Inv: 5.0/0.0 CapLeft: 45.0,,,5.0,0.0,5.0,45.0,50.0,0.0,50.0,0.0,0.0,0.0,0.0,0.0,0.0,0.0,0.0,0.0,
1765990402.9785984,sol-updown-15m-1765989900,1765989900.0,1765990800.0,,397.02140164375305,,,,,0,0,0.96,0.98,ONE_LEG_INVENTORY,,,,,,,,,,,,,,0,5,,,,,,,,,,,,,,,,,,,,,,,,,,,,5.0,0.0,,,,,0,0,,,Inv: 5.0/0.0 CapLeft: 45.0,,,5.0,0.0,5.0,45.0,50.0,0.0,50.0,0.0,0.0,0.0,0.0,0.0,0.0,0.0,0.0,0.0,
1765990404.1836326,sol-updown-15m-1765989900,1765989900.0,1765990800.0,,395.8163673877716,,,,,0,0,0.9600000000000001,0.98,ONE_LEG_INVENTORY,,,,,,,,,,,,,,0,5,,,,,,,,,,,,,,,,,,,,,,,,,,,,5.0,0.0,,,,,0,0,,,Inv: 5.0/0.0 CapLeft: 45.0,,,5.0,0.0,5.0,45.0,50.0,0.0,50.0,0.0,0.0,0.0,0.0,0.0,0.0,0.0,0.0,0.0,
1765990404.9129055,sol-updown-15m-1765989900,1765989900.0,1765990800.0,,395.0870945453644,,,,,0,0,0.96,0.98,ONE_LEG_INVENTORY,,,,,,,,,,,,,,0,5,,,,,,,,,,,,,,,,,,,,,,,,,,,,5.0,0.0,,,,,0,0,,,Inv: 5.0/0.0 CapLeft: 45.0,,,5.0,0.0,5.0,45.0,50.0,0.0,50.0,0.0,0.0,0.0,0.0,0.0,0.0,0.0,0.0,0.0,
1765990406.1525872,sol-updown-15m-1765989900,1765989900.0,1765990800.0,,393.84741282463074,,,,,0,0,0.99,0.98,ONE_LEG_INVENTORY,,,,,,,,,,,,,,0,5,,,,,,,,,,,,,,,,,,,,,,,,,,,,5.0,0.0,,,,,0,0,,,Inv: 5.0/0.0 CapLeft: 45.0,,,5.0,0.0,5.0,45.0,50.0,0.0,50.0,0.0,0.0,0.0,0.0,0.0,0.0,0.0,0.0,0.0,
1765990406.8679364,sol-updown-15m-1765989900,1765989900.0,1765990800.0,,393.13206362724304,,,,,0,0,0.98,0.98,ONE_LEG_INVENTORY,,,,,,,,,,,,,,0,5,,,,,,,,,,,,,,,,,,,,,,,,,,,,5.0,0.0,,,,,0,0,,,Inv: 5.0/0.0 CapLeft: 45.0,,,5.0,0.0,5.0,45.0,50.0,0.0,50.0,0.0,0.0,0.0,0.0,0.0,0.0,0.0,0.0,0.0,
1765990408.148875,sol-updown-15m-1765989900,1765989900.0,1765990800.0,,391.85112500190735,,,,,0,0,0.98,0.98,ONE_LEG_INVENTORY,,,,,,,,,,,,,,0,5,,,,,,,,,,,,,,,,,,,,,,,,,,,,5.0,0.0,,,,,0,0,,,Inv: 5.0/0.0 CapLeft: 45.0,,,5.0,0.0,5.0,45.0,50.0,0.0,50.0,0.0,0.0,0.0,0.0,0.0,0.0,0.0,0.0,0.0,
1765990408.7930112,sol-updown-15m-1765989900,1765989900.0,1765990800.0,,391.2069888114929,,,,,0,0,0.99,0.98,ONE_LEG_INVENTORY,,,,,,,,,,,,,,0,5,,,,,,,,,,,,,,,,,,,,,,,,,,,,5.0,0.0,,,,,0,0,,,Inv: 5.0/0.0 CapLeft: 45.0,,,5.0,0.0,5.0,45.0,50.0,0.0,50.0,0.0,0.0,0.0,0.0,0.0,0.0,0.0,0.0,0.0,
1765990410.0833962,sol-updown-15m-1765989900,1765989900.0,1765990800.0,,389.91660380363464,,,,,0,0,0.98,0.98,ONE_LEG_INVENTORY,,,,,,,,,,,,,,0,5,,,,,,,,,,,,,,,,,,,,,,,,,,,,5.0,0.0,,,,,0,0,,,Inv: 5.0/0.0 CapLeft: 45.0,,,5.0,0.0,5.0,45.0,50.0,0.0,50.0,0.0,0.0,0.0,0.0,0.0,0.0,0.0,0.0,0.0,
1765990410.7546313,sol-updown-15m-1765989900,1765989900.0,1765990800.0,,389.24536871910095,,,,,0,0,0.98,0.98,ONE_LEG_INVENTORY,,,,,,,,,,,,,,0,5,,,,,,,,,,,,,,,,,,,,,,,,,,,,5.0,0.0,,,,,0,0,,,Inv: 5.0/0.0 CapLeft: 45.0,,,5.0,0.0,5.0,45.0,50.0,0.0,50.0,0.0,0.0,0.0,0.0,0.0,0.0,0.0,0.0,0.0,
1765990412.0377054,sol-updown-15m-1765989900,1765989900.0,1765990800.0,,387.96229457855225,,,,,0,0,0.97,0.98,ONE_LEG_INVENTORY,,,,,,,,,,,,,,0,5,,,,,,,,,,,,,,,,,,,,,,,,,,,,5.0,0.0,,,,,0,0,,,Inv: 5.0/0.0 CapLeft: 45.0,,,5.0,0.0,5.0,45.0,50.0,0.0,50.0,0.0,0.0,0.0,0.0,0.0,0.0,0.0,0.0,0.0,
1765990412.7939785,sol-updown-15m-1765989900,1765989900.0,1765990800.0,,387.2060215473175,,,,,0,0,0.97,0.98,ONE_LEG_INVENTORY,,,,,,,,,,,,,,0,5,,,,,,,,,,,,,,,,,,,,,,,,,,,,5.0,0.0,,,,,0,0,,,Inv: 5.0/0.0 CapLeft: 45.0,,,5.0,0.0,5.0,45.0,50.0,0.0,50.0,0.0,0.0,0.0,0.0,0.0,0.0,0.0,0.0,0.0,
1765990413.9774423,sol-updown-15m-1765989900,1765989900.0,1765990800.0,,386.0225577354431,,,,,0,0,0.98,0.98,ONE_LEG_INVENTORY,,,,,,,,,,,,,,0,5,,,,,,,,,,,,,,,,,,,,,,,,,,,,5.0,0.0,,,,,0,0,,,Inv: 5.0/0.0 CapLeft: 45.0,,,5.0,0.0,5.0,45.0,50.0,0.0,50.0,0.0,0.0,0.0,0.0,0.0,0.0,0.0,0.0,0.0,
1765990414.7488306,sol-updown-15m-1765989900,1765989900.0,1765990800.0,,385.2511694431305,,,,,0,0,0.98,0.98,ONE_LEG_INVENTORY,,,,,,,,,,,,,,0,5,,,,,,,,,,,,,,,,,,,,,,,,,,,,5.0,0.0,,,,,0,0,,,Inv: 5.0/0.0 CapLeft: 45.0,,,5.0,0.0,5.0,45.0,50.0,0.0,50.0,0.0,0.0,0.0,0.0,0.0,0.0,0.0,0.0,0.0,
1765990415.9724114,sol-updown-15m-1765989900,1765989900.0,1765990800.0,,384.02758860588074,,,,,0,0,0.97,0.98,ONE_LEG_INVENTORY,,,,,,,,,,,,,,0,5,,,,,,,,,,,,,,,,,,,,,,,,,,,,5.0,0.0,,,,,0,0,,,Inv: 5.0/0.0 CapLeft: 45.0,,,5.0,0.0,5.0,45.0,50.0,0.0,50.0,0.0,0.0,0.0,0.0,0.0,0.0,0.0,0.0,0.0,
1765990416.703615,sol-updown-15m-1765989900,1765989900.0,1765990800.0,,383.29638504981995,,,,,0,0,0.98,0.98,ONE_LEG_INVENTORY,,,,,,,,,,,,,,0,5,,,,,,,,,,,,,,,,,,,,,,,,,,,,5.0,0.0,,,,,0,0,,,Inv: 5.0/0.0 CapLeft: 45.0,,,5.0,0.0,5.0,45.0,50.0,0.0,50.0,0.0,0.0,0.0,0.0,0.0,0.0,0.0,0.0,0.0,
1765990417.9335327,sol-updown-15m-1765989900,1765989900.0,1765990800.0,,382.06646728515625,,,,,0,0,1.01,0.98,ONE_LEG_INVENTORY,,,,,,,,,,,,,,0,5,,,,,,,,,,,,,,,,,,,,,,,,,,,,5.0,0.0,,,,,0,0,,,Inv: 5.0/0.0 CapLeft: 45.0,,,5.0,0.0,5.0,45.0,50.0,0.0,50.0,0.0,0.0,0.0,0.0,0.0,0.0,0.0,0.0,0.0,
1765990418.648089,sol-updown-15m-1765989900,1765989900.0,1765990800.0,,381.35191106796265,,,,,0,0,0.97,0.98,ONE_LEG_INVENTORY,,,,,,,,,,,,,,0,5,,,,,,,,,,,,,,,,,,,,,,,,,,,,5.0,0.0,,,,,0,0,,,Inv: 5.0/0.0 CapLeft: 45.0,,,5.0,0.0,5.0,45.0,50.0,0.0,50.0,0.0,0.0,0.0,0.0,0.0,0.0,0.0,0.0,0.0,
1765990419.8487918,sol-updown-15m-1765989900,1765989900.0,1765990800.0,,380.15120816230774,,,,,0,0,0.98,0.98,ONE_LEG_INVENTORY,,,,,,,,,,,,,,0,5,,,,,,,,,,,,,,,,,,,,,,,,,,,,5.0,0.0,,,,,0,0,,,Inv: 5.0/0.0 CapLeft: 45.0,,,5.0,0.0,5.0,45.0,50.0,0.0,50.0,0.0,0.0,0.0,0.0,0.0,0.0,0.0,0.0,0.0,
1765990420.70129,sol-updown-15m-1765989900,1765989900.0,1765990800.0,,379.29871010780334,,,,,0,0,0.97,0.98,ONE_LEG_INVENTORY,,,,,,,,,,,,,,0,5,,,,,,,,,,,,,,,,,,,,,,,,,,,,5.0,0.0,,,,,0,0,,,Inv: 5.0/0.0 CapLeft: 45.0,,,5.0,0.0,5.0,45.0,50.0,0.0,50.0,0.0,0.0,0.0,0.0,0.0,0.0,0.0,0.0,0.0,
1765990421.7822964,sol-updown-15m-1765989900,1765989900.0,1765990800.0,,378.2177035808563,,,,,0,0,0.97,0.98,ONE_LEG_INVENTORY,,,,,,,,,,,,,,0,5,,,,,,,,,,,,,,,,,,,,,,,,,,,,5.0,0.0,,,,,0,0,,,Inv: 5.0/0.0 CapLeft: 45.0,,,5.0,0.0,5.0,45.0,50.0,0.0,50.0,0.0,0.0,0.0,0.0,0.0,0.0,0.0,0.0,0.0,
1765990422.6777785,sol-updown-15m-1765989900,1765989900.0,1765990800.0,,377.32222151756287,,,,,0,0,0.98,0.98,ONE_LEG_INVENTORY,,,,,,,,,,,,,,0,5,,,,,,,,,,,,,,,,,,,,,,,,,,,,5.0,0.0,,,,,0,0,,,Inv: 5.0/0.0 CapLeft: 45.0,,,5.0,0.0,5.0,45.0,50.0,0.0,50.0,0.0,0.0,0.0,0.0,0.0,0.0,0.0,0.0,0.0,
1765990423.7177038,sol-updown-15m-1765989900,1765989900.0,1765990800.0,,376.2822961807251,,,,,0,0,0.95,0.98,ONE_LEG_INVENTORY,,,,,,,,,,,,,,0,5,,,,,,,,,,,,,,,,,,,,,,,,,,,,5.0,0.0,,,,,0,0,,,Inv: 5.0/0.0 CapLeft: 45.0,,,5.0,0.0,5.0,45.0,50.0,0.0,50.0,0.0,0.0,0.0,0.0,0.0,0.0,0.0,0.0,0.0,
1765990424.5964737,sol-updown-15m-1765989900,1765989900.0,1765990800.0,,375.40352630615234,,,,,0,0,0.96,0.98,ONE_LEG_INVENTORY,,,,,,,,,,,,,,0,5,,,,,,,,,,,,,,,,,,,,,,,,,,,,5.0,0.0,,,,,0,0,,,Inv: 5.0/0.0 CapLeft: 45.0,,,5.0,0.0,5.0,45.0,50.0,0.0,50.0,0.0,0.0,0.0,0.0,0.0,0.0,0.0,0.0,0.0,
1765990425.67269,sol-updown-15m-1765989900,1765989900.0,1765990800.0,,374.32731008529663,,,,,0,0,0.96,0.98,ONE_LEG_INVENTORY,,,,,,,,,,,,,,0,5,,,,,,,,,,,,,,,,,,,,,,,,,,,,5.0,0.0,,,,,0,0,,,Inv: 5.0/0.0 CapLeft: 45.0,,,5.0,0.0,5.0,45.0,50.0,0.0,50.0,0.0,0.0,0.0,0.0,0.0,0.0,0.0,0.0,0.0,
1765990426.5560343,sol-updown-15m-1765989900,1765989900.0,1765990800.0,,373.44396567344666,,,,,0,0,0.95,0.98,ONE_LEG_INVENTORY,,,,,,,,,,,,,,0,5,,,,,,,,,,,,,,,,,,,,,,,,,,,,5.0,0.0,,,,,0,0,,,Inv: 5.0/0.0 CapLeft: 45.0,,,5.0,0.0,5.0,45.0,50.0,0.0,50.0,0.0,0.0,0.0,0.0,0.0,0.0,0.0,0.0,0.0,
1765990427.6040766,sol-updown-15m-1765989900,1765989900.0,1765990800.0,,372.3959233760834,,,,,0,0,0.96,0.98,ONE_LEG_INVENTORY,,,,,,,,,,,,,,0,5,,,,,,,,,,,,,,,,,,,,,,,,,,,,5.0,0.0,,,,,0,0,,,Inv: 5.0/0.0 CapLeft: 45.0,,,5.0,0.0,5.0,45.0,50.0,0.0,50.0,0.0,0.0,0.0,0.0,0.0,0.0,0.0,0.0,0.0,
1765990428.6801734,sol-updown-15m-1765989900,1765989900.0,1765990800.0,,371.3198266029358,,,,,0,0,0.97,0.98,ONE_LEG_INVENTORY,,,,,,,,,,,,,,0,5,,,,,,,,,,,,,,,,,,,,,,,,,,,,5.0,0.0,,,,,0,0,,,Inv: 5.0/0.0 CapLeft: 45.0,,,5.0,0.0,5.0,45.0,50.0,0.0,50.0,0.0,0.0,0.0,0.0,0.0,0.0,0.0,0.0,0.0,
1765990429.5591366,sol-updown-15m-1765989900,1765989900.0,1765990800.0,,370.4408633708954,,,,,0,0,0.97,0.98,ONE_LEG_INVENTORY,,,,,,,,,,,,,,0,5,,,,,,,,,,,,,,,,,,,,,,,,,,,,5.0,0.0,,,,,0,0,,,Inv: 5.0/0.0 CapLeft: 45.0,,,5.0,0.0,5.0,45.0,50.0,0.0,50.0,0.0,0.0,0.0,0.0,0.0,0.0,0.0,0.0,0.0,
1765990430.6331236,sol-updown-15m-1765989900,1765989900.0,1765990800.0,,369.3668763637543,,,,,0,0,0.96,0.98,ONE_LEG_INVENTORY,,,,,,,,,,,,,,0,5,,,,,,,,,,,,,,,,,,,,,,,,,,,,5.0,0.0,,,,,0,0,,,Inv: 5.0/0.0 CapLeft: 45.0,,,5.0,0.0,5.0,45.0,50.0,0.0,50.0,0.0,0.0,0.0,0.0,0.0,0.0,0.0,0.0,0.0,
1765990431.533404,sol-updown-15m-1765989900,1765989900.0,1765990800.0,,368.4665958881378,,,,,0,0,0.9600000000000001,0.98,ONE_LEG_INVENTORY,,,,,,,,,,,,,,0,5,,,,,,,,,,,,,,,,,,,,,,,,,,,,5.0,0.0,,,,,0,0,,,Inv: 5.0/0.0 CapLeft: 45.0,,,5.0,0.0,5.0,45.0,50.0,0.0,50.0,0.0,0.0,0.0,0.0,0.0,0.0,0.0,0.0,0.0,
1765990432.588106,sol-updown-15m-1765989900,1765989900.0,1765990800.0,,367.41189408302307,,,,,0,0,0.97,0.98,ONE_LEG_INVENTORY,,,,,,,,,,,,,,0,5,,,,,,,,,,,,,,,,,,,,,,,,,,,,5.0,0.0,,,,,0,0,,,Inv: 5.0/0.0 CapLeft: 45.0,,,5.0,0.0,5.0,45.0,50.0,0.0,50.0,0.0,0.0,0.0,0.0,0.0,0.0,0.0,0.0,0.0,
1765990433.5007372,sol-updown-15m-1765989900,1765989900.0,1765990800.0,,366.4992628097534,,,,,0,0,0.97,0.98,ONE_LEG_INVENTORY,,,,,,,,,,,,,,0,5,,,,,,,,,,,,,,,,,,,,,,,,,,,,5.0,0.0,,,,,0,0,,,Inv: 5.0/0.0 CapLeft: 45.0,,,5.0,0.0,5.0,45.0,50.0,0.0,50.0,0.0,0.0,0.0,0.0,0.0,0.0,0.0,0.0,0.0,
1765990434.5253644,sol-updown-15m-1765989900,1765989900.0,1765990800.0,,365.4746356010437,,,,,0,0,0.97,0.98,ONE_LEG_INVENTORY,,,,,,,,,,,,,,0,5,,,,,,,,,,,,,,,,,,,,,,,,,,,,5.0,0.0,,,,,0,0,,,Inv: 5.0/0.0 CapLeft: 45.0,,,5.0,0.0,5.0,45.0,50.0,0.0,50.0,0.0,0.0,0.0,0.0,0.0,0.0,0.0,0.0,0.0,
1765990435.4429758,sol-updown-15m-1765989900,1765989900.0,1765990800.0,,364.5570242404938,,,,,0,0,0.96,0.98,ONE_LEG_INVENTORY,,,,,,,,,,,,,,0,5,,,,,,,,,,,,,,,,,,,,,,,,,,,,5.0,0.0,,,,,0,0,,,Inv: 5.0/0.0 CapLeft: 45.0,,,5.0,0.0,5.0,45.0,50.0,0.0,50.0,0.0,0.0,0.0,0.0,0.0,0.0,0.0,0.0,0.0,
1765990436.483459,sol-updown-15m-1765989900,1765989900.0,1765990800.0,,363.5165410041809,,,,,0,0,0.97,0.98,ONE_LEG_INVENTORY,,,,,,,,,,,,,,0,5,,,,,,,,,,,,,,,,,,,,,,,,,,,,5.0,0.0,,,,,0,0,,,Inv: 5.0/0.0 CapLeft: 45.0,,,5.0,0.0,5.0,45.0,50.0,0.0,50.0,0.0,0.0,0.0,0.0,0.0,0.0,0.0,0.0,0.0,
1765990437.470712,sol-updown-15m-1765989900,1765989900.0,1765990800.0,,362.5292880535126,,,,,0,0,0.98,0.98,ONE_LEG_INVENTORY,,,,,,,,,,,,,,0,5,,,,,,,,,,,,,,,,,,,,,,,,,,,,5.0,0.0,,,,,0,0,,,Inv: 5.0/0.0 CapLeft: 45.0,,,5.0,0.0,5.0,45.0,50.0,0.0,50.0,0.0,0.0,0.0,0.0,0.0,0.0,0.0,0.0,0.0,
1765990438.4505131,sol-updown-15m-1765989900,1765989900.0,1765990800.0,,361.54948687553406,,,,,0,0,0.99,0.98,ONE_LEG_INVENTORY,,,,,,,,,,,,,,0,5,,,,,,,,,,,,,,,,,,,,,,,,,,,,5.0,0.0,,,,,0,0,,,Inv: 5.0/0.0 CapLeft: 45.0,,,5.0,0.0,5.0,45.0,50.0,0.0,50.0,0.0,0.0,0.0,0.0,0.0,0.0,0.0,0.0,0.0,
1765990439.4090548,sol-updown-15m-1765989900,1765989900.0,1765990800.0,,360.59094524383545,,,,,0,0,0.9500000000000001,0.98,ONE_LEG_INVENTORY,,,,,,,,,,,,,,0,5,,,,,,,,,,,,,,,,,,,,,,,,,,,,5.0,0.0,,,,,0,0,,,Inv: 5.0/0.0 CapLeft: 45.0,,,5.0,0.0,5.0,45.0,50.0,0.0,50.0,0.0,0.0,0.0,0.0,0.0,0.0,0.0,0.0,0.0,
1765990440.3886862,sol-updown-15m-1765989900,1765989900.0,1765990800.0,,359.61131381988525,,,,,0,0,0.96,0.98,ONE_LEG_INVENTORY,,,,,,,,,,,,,,0,5,,,,,,,,,,,,,,,,,,,,,,,,,,,,5.0,0.0,,,,,0,0,,,Inv: 5.0/0.0 CapLeft: 45.0,,,5.0,0.0,5.0,45.0,50.0,0.0,50.0,0.0,0.0,0.0,0.0,0.0,0.0,0.0,0.0,0.0,
1765990441.402484,sol-updown-15m-1765989900,1765989900.0,1765990800.0,,358.5975160598755,,,,,0,0,0.9600000000000001,0.98,ONE_LEG_INVENTORY,,,,,,,,,,,,,,0,5,,,,,,,,,,,,,,,,,,,,,,,,,,,,5.0,0.0,,,,,0,0,,,Inv: 5.0/0.0 CapLeft: 45.0,,,5.0,0.0,5.0,45.0,50.0,0.0,50.0,0.0,0.0,0.0,0.0,0.0,0.0,0.0,0.0,0.0,
1765990442.3525097,sol-updown-15m-1765989900,1765989900.0,1765990800.0,,357.64749026298523,,,,,0,0,0.99,0.98,ONE_LEG_INVENTORY,,,,,,,,,,,,,,0,5,,,,,,,,,,,,,,,,,,,,,,,,,,,,5.0,0.0,,,,,0,0,,,Inv: 5.0/0.0 CapLeft: 45.0,,,5.0,0.0,5.0,45.0,50.0,0.0,50.0,0.0,0.0,0.0,0.0,0.0,0.0,0.0,0.0,0.0,
1765990443.3704238,sol-updown-15m-1765989900,1765989900.0,1765990800.0,,356.6295762062073,,,,,0,0,0.98,0.98,ONE_LEG_INVENTORY,,,,,,,,,,,,,,0,5,,,,,,,,,,,,,,,,,,,,,,,,,,,,5.0,0.0,,,,,0,0,,,Inv: 5.0/0.0 CapLeft: 45.0,,,5.0,0.0,5.0,45.0,50.0,0.0,50.0,0.0,0.0,0.0,0.0,0.0,0.0,0.0,0.0,0.0,
1765990444.3021448,sol-updown-15m-1765989900,1765989900.0,1765990800.0,,355.6978552341461,,,,,0,0,0.9600000000000001,0.98,ONE_LEG_INVENTORY,,,,,,,,,,,,,,0,5,,,,,,,,,,,,,,,,,,,,,,,,,,,,5.0,0.0,,,,,0,0,,,Inv: 5.0/0.0 CapLeft: 45.0,,,5.0,0.0,5.0,45.0,50.0,0.0,50.0,0.0,0.0,0.0,0.0,0.0,0.0,0.0,0.0,0.0,
1765990445.310802,sol-updown-15m-1765989900,1765989900.0,1765990800.0,,354.68919801712036,,,,,0,0,0.97,0.98,ONE_LEG_INVENTORY,,,,,,,,,,,,,,0,5,,,,,,,,,,,,,,,,,,,,,,,,,,,,5.0,0.0,,,,,0,0,,,Inv: 5.0/0.0 CapLeft: 45.0,,,5.0,0.0,5.0,45.0,50.0,0.0,50.0,0.0,0.0,0.0,0.0,0.0,0.0,0.0,0.0,0.0,
1765990446.283774,sol-updown-15m-1765989900,1765989900.0,1765990800.0,,353.71622610092163,,,,,0,0,0.97,0.98,ONE_LEG_INVENTORY,,,,,,,,,,,,,,0,5,,,,,,,,,,,,,,,,,,,,,,,,,,,,5.0,0.0,,,,,0,0,,,Inv: 5.0/0.0 CapLeft: 45.0,,,5.0,0.0,5.0,45.0,50.0,0.0,50.0,0.0,0.0,0.0,0.0,0.0,0.0,0.0,0.0,0.0,
1765990447.286781,sol-updown-15m-1765989900,1765989900.0,1765990800.0,,352.7132189273834,,,,,0,0,0.99,0.98,ONE_LEG_INVENTORY,,,,,,,,,,,,,,0,5,,,,,,,,,,,,,,,,,,,,,,,,,,,,5.0,0.0,,,,,0,0,,,Inv: 5.0/0.0 CapLeft: 45.0,,,5.0,0.0,5.0,45.0,50.0,0.0,50.0,0.0,0.0,0.0,0.0,0.0,0.0,0.0,0.0,0.0,
1765990448.220043,sol-updown-15m-1765989900,1765989900.0,1765990800.0,,351.77995705604553,,,,,0,0,0.97,0.98,ONE_LEG_INVENTORY,,,,,,,,,,,,,,0,5,,,,,,,,,,,,,,,,,,,,,,,,,,,,5.0,0.0,,,,,0,0,,,Inv: 5.0/0.0 CapLeft: 45.0,,,5.0,0.0,5.0,45.0,50.0,0.0,50.0,0.0,0.0,0.0,0.0,0.0,0.0,0.0,0.0,0.0,
1765990449.2361577,sol-updown-15m-1765989900,1765989900.0,1765990800.0,,350.76384234428406,,,,,0,0,0.96,0.98,ONE_LEG_INVENTORY,,,,,,,,,,,,,,0,5,,,,,,,,,,,,,,,,,,,,,,,,,,,,5.0,0.0,,,,,0,0,,,Inv: 5.0/0.0 CapLeft: 45.0,,,5.0,0.0,5.0,45.0,50.0,0.0,50.0,0.0,0.0,0.0,0.0,0.0,0.0,0.0,0.0,0.0,
1765990450.2122412,sol-updown-15m-1765989900,1765989900.0,1765990800.0,,349.7877588272095,,,,,0,0,0.97,0.98,ONE_LEG_INVENTORY,,,,,,,,,,,,,,0,5,,,,,,,,,,,,,,,,,,,,,,,,,,,,5.0,0.0,,,,,0,0,,,Inv: 5.0/0.0 CapLeft: 45.0,,,5.0,0.0,5.0,45.0,50.0,0.0,50.0,0.0,0.0,0.0,0.0,0.0,0.0,0.0,0.0,0.0,
1765990451.153977,sol-updown-15m-1765989900,1765989900.0,1765990800.0,,348.84602308273315,,,,,0,0,0.98,0.98,ONE_LEG_INVENTORY,,,,,,,,,,,,,,0,5,,,,,,,,,,,,,,,,,,,,,,,,,,,,5.0,0.0,,,,,0,0,,,Inv: 5.0/0.0 CapLeft: 45.0,,,5.0,0.0,5.0,45.0,50.0,0.0,50.0,0.0,0.0,0.0,0.0,0.0,0.0,0.0,0.0,0.0,
1765990452.1389277,sol-updown-15m-1765989900,1765989900.0,1765990800.0,,347.8610723018646,,,,,0,0,0.97,0.98,ONE_LEG_INVENTORY,,,,,,,,,,,,,,0,5,,,,,,,,,,,,,,,,,,,,,,,,,,,,5.0,0.0,,,,,0,0,,,Inv: 5.0/0.0 CapLeft: 45.0,,,5.0,0.0,5.0,45.0,50.0,0.0,50.0,0.0,0.0,0.0,0.0,0.0,0.0,0.0,0.0,0.0,
1765990453.1223948,sol-updown-15m-1765989900,1765989900.0,1765990800.0,,346.87760519981384,,,,,0,0,0.97,0.98,ONE_LEG_INVENTORY,,,,,,,,,,,,,,0,5,,,,,,,,,,,,,,,,,,,,,,,,,,,,5.0,0.0,,,,,0,0,,,Inv: 5.0/0.0 CapLeft: 45.0,,,5.0,0.0,5.0,45.0,50.0,0.0,50.0,0.0,0.0,0.0,0.0,0.0,0.0,0.0,0.0,0.0,
1765990454.0804827,sol-updown-15m-1765989900,1765989900.0,1765990800.0,,345.91951727867126,,,,,0,0,0.98,0.98,ONE_LEG_INVENTORY,,,,,,,,,,,,,,0,5,,,,,,,,,,,,,,,,,,,,,,,,,,,,5.0,0.0,,,,,0,0,,,Inv: 5.0/0.0 CapLeft: 45.0,,,5.0,0.0,5.0,45.0,50.0,0.0,50.0,0.0,0.0,0.0,0.0,0.0,0.0,0.0,0.0,0.0,
1765990455.0775094,sol-updown-15m-1765989900,1765989900.0,1765990800.0,,344.92249059677124,,,,,0,0,0.99,0.98,ONE_LEG_INVENTORY,,,,,,,,,,,,,,0,5,,,,,,,,,,,,,,,,,,,,,,,,,,,,5.0,0.0,,,,,0,0,,,Inv: 5.0/0.0 CapLeft: 45.0,,,5.0,0.0,5.0,45.0,50.0,0.0,50.0,0.0,0.0,0.0,0.0,0.0,0.0,0.0,0.0,0.0,
1765990456.0502172,sol-updown-15m-1765989900,1765989900.0,1765990800.0,,343.94978284835815,,,,,0,0,0.96,0.98,ONE_LEG_INVENTORY,,,,,,,,,,,,,,0,5,,,,,,,,,,,,,,,,,,,,,,,,,,,,5.0,0.0,,,,,0,0,,,Inv: 5.0/0.0 CapLeft: 45.0,,,5.0,0.0,5.0,45.0,50.0,0.0,50.0,0.0,0.0,0.0,0.0,0.0,0.0,0.0,0.0,0.0,
1765990457.0209894,sol-updown-15m-1765989900,1765989900.0,1765990800.0,,342.9790105819702,,,,,0,0,0.98,0.98,ONE_LEG_INVENTORY,,,,,,,,,,,,,,0,5,,,,,,,,,,,,,,,,,,,,,,,,,,,,5.0,0.0,,,,,0,0,,,Inv: 5.0/0.0 CapLeft: 45.0,,,5.0,0.0,5.0,45.0,50.0,0.0,50.0,0.0,0.0,0.0,0.0,0.0,0.0,0.0,0.0,0.0,
1765990458.0091317,sol-updown-15m-1765989900,1765989900.0,1765990800.0,,341.99086833000183,,,,,0,0,0.99,0.98,ONE_LEG_INVENTORY,,,,,,,,,,,,,,0,5,,,,,,,,,,,,,,,,,,,,,,,,,,,,5.0,0.0,,,,,0,0,,,Inv: 5.0/0.0 CapLeft: 45.0,,,5.0,0.0,5.0,45.0,50.0,0.0,50.0,0.0,0.0,0.0,0.0,0.0,0.0,0.0,0.0,0.0,
1765990458.9708517,sol-updown-15m-1765989900,1765989900.0,1765990800.0,,341.0291483402252,,,,,0,0,0.96,0.98,ONE_LEG_INVENTORY,,,,,,,,,,,,,,0,5,,,,,,,,,,,,,,,,,,,,,,,,,,,,5.0,0.0,,,,,0,0,,,Inv: 5.0/0.0 CapLeft: 45.0,,,5.0,0.0,5.0,45.0,50.0,0.0,50.0,0.0,0.0,0.0,0.0,0.0,0.0,0.0,0.0,0.0,
1765990460.0099056,sol-updown-15m-1765989900,1765989900.0,1765990800.0,,339.99009442329407,,,,,0,0,0.96,0.98,ONE_LEG_INVENTORY,,,,,,,,,,,,,,0,5,,,,,,,,,,,,,,,,,,,,,,,,,,,,5.0,0.0,,,,,0,0,,,Inv: 5.0/0.0 CapLeft: 45.0,,,5.0,0.0,5.0,45.0,50.0,0.0,50.0,0.0,0.0,0.0,0.0,0.0,0.0,0.0,0.0,0.0,
1765990460.9639583,sol-updown-15m-1765989900,1765989900.0,1765990800.0,,339.0360417366028,,,,,0,0,0.96,0.98,ONE_LEG_INVENTORY,,,,,,,,,,,,,,0,5,,,,,,,,,,,,,,,,,,,,,,,,,,,,5.0,0.0,,,,,0,0,,,Inv: 5.0/0.0 CapLeft: 45.0,,,5.0,0.0,5.0,45.0,50.0,0.0,50.0,0.0,0.0,0.0,0.0,0.0,0.0,0.0,0.0,0.0,
1765990462.006242,sol-updown-15m-1765989900,1765989900.0,1765990800.0,,337.99375796318054,,,,,0,0,0.99,0.98,ONE_LEG_INVENTORY,,,,,,,,,,,,,,0,5,,,,,,,,,,,,,,,,,,,,,,,,,,,,5.0,0.0,,,,,0,0,,,Inv: 5.0/0.0 CapLeft: 45.0,,,5.0,0.0,5.0,45.0,50.0,0.0,50.0,0.0,0.0,0.0,0.0,0.0,0.0,0.0,0.0,0.0,
1765990462.8835902,sol-updown-15m-1765989900,1765989900.0,1765990800.0,,337.11640977859497,,,,,0,0,0.99,0.98,ONE_LEG_INVENTORY,,,,,,,,,,,,,,0,5,,,,,,,,,,,,,,,,,,,,,,,,,,,,5.0,0.0,,,,,0,0,,,Inv: 5.0/0.0 CapLeft: 45.0,,,5.0,0.0,5.0,45.0,50.0,0.0,50.0,0.0,0.0,0.0,0.0,0.0,0.0,0.0,0.0,0.0,
1765990463.9970653,sol-updown-15m-1765989900,1765989900.0,1765990800.0,,336.00293469429016,,,,,0,0,0.99,0.98,ONE_LEG_INVENTORY,,,,,,,,,,,,,,0,5,,,,,,,,,,,,,,,,,,,,,,,,,,,,5.0,0.0,,,,,0,0,,,Inv: 5.0/0.0 CapLeft: 45.0,,,5.0,0.0,5.0,45.0,50.0,0.0,50.0,0.0,0.0,0.0,0.0,0.0,0.0,0.0,0.0,0.0,
1765990464.8335073,sol-updown-15m-1765989900,1765989900.0,1765990800.0,,335.1664927005768,,,,,0,0,0.97,0.98,ONE_LEG_INVENTORY,,,,,,,,,,,,,,0,5,,,,,,,,,,,,,,,,,,,,,,,,,,,,5.0,0.0,,,,,0,0,,,Inv: 5.0/0.0 CapLeft: 45.0,,,5.0,0.0,5.0,45.0,50.0,0.0,50.0,0.0,0.0,0.0,0.0,0.0,0.0,0.0,0.0,0.0,
1765990465.9514613,sol-updown-15m-1765989900,1765989900.0,1765990800.0,,334.04853868484497,,,,,0,0,0.98,0.98,ONE_LEG_INVENTORY,,,,,,,,,,,,,,0,5,,,,,,,,,,,,,,,,,,,,,,,,,,,,5.0,0.0,,,,,0,0,,,Inv: 5.0/0.0 CapLeft: 45.0,,,5.0,0.0,5.0,45.0,50.0,0.0,50.0,0.0,0.0,0.0,0.0,0.0,0.0,0.0,0.0,0.0,
1765990466.795044,sol-updown-15m-1765989900,1765989900.0,1765990800.0,,333.2049560546875,,,,,0,0,0.97,0.98,ONE_LEG_INVENTORY,,,,,,,,,,,,,,0,5,,,,,,,,,,,,,,,,,,,,,,,,,,,,5.0,0.0,,,,,0,0,,,Inv: 5.0/0.0 CapLeft: 45.0,,,5.0,0.0,5.0,45.0,50.0,0.0,50.0,0.0,0.0,0.0,0.0,0.0,0.0,0.0,0.0,0.0,
1765990467.9113157,sol-updown-15m-1765989900,1765989900.0,1765990800.0,,332.08868432044983,,,,,0,0,0.97,0.98,ONE_LEG_INVENTORY,,,,,,,,,,,,,,0,5,,,,,,,,,,,,,,,,,,,,,,,,,,,,5.0,0.0,,,,,0,0,,,Inv: 5.0/0.0 CapLeft: 45.0,,,5.0,0.0,5.0,45.0,50.0,0.0,50.0,0.0,0.0,0.0,0.0,0.0,0.0,0.0,0.0,0.0,
1765990468.7867365,sol-updown-15m-1765989900,1765989900.0,1765990800.0,,331.2132635116577,,,,,0,0,0.9500000000000001,0.98,ONE_LEG_INVENTORY,,,,,,,,,,,,,,0,5,,,,,,,,,,,,,,,,,,,,,,,,,,,,5.0,0.0,,,,,0,0,,,Inv: 5.0/0.0 CapLeft: 45.0,,,5.0,0.0,5.0,45.0,50.0,0.0,50.0,0.0,0.0,0.0,0.0,0.0,0.0,0.0,0.0,0.0,
1765990469.8713953,sol-updown-15m-1765989900,1765989900.0,1765990800.0,,330.12860465049744,,,,,0,0,0.9500000000000001,0.98,ONE_LEG_INVENTORY,,,,,,,,,,,,,,0,5,,,,,,,,,,,,,,,,,,,,,,,,,,,,5.0,0.0,,,,,0,0,,,Inv: 5.0/0.0 CapLeft: 45.0,,,5.0,0.0,5.0,45.0,50.0,0.0,50.0,0.0,0.0,0.0,0.0,0.0,0.0,0.0,0.0,0.0,
1765990470.7076561,sol-updown-15m-1765989900,1765989900.0,1765990800.0,,329.2923438549042,,,,,0,0,0.96,0.98,ONE_LEG_INVENTORY,,,,,,,,,,,,,,0,5,,,,,,,,,,,,,,,,,,,,,,,,,,,,5.0,0.0,,,,,0,0,,,Inv: 5.0/0.0 CapLeft: 45.0,,,5.0,0.0,5.0,45.0,50.0,0.0,50.0,0.0,0.0,0.0,0.0,0.0,0.0,0.0,0.0,0.0,
1765990471.8206618,sol-updown-15m-1765989900,1765989900.0,1765990800.0,,328.1793382167816,,,,,0,0,0.95,0.98,ONE_LEG_INVENTORY,,,,,,,,,,,,,,0,5,,,,,,,,,,,,,,,,,,,,,,,,,,,,5.0,0.0,,,,,0,0,,,Inv: 5.0/0.0 CapLeft: 45.0,,,5.0,0.0,5.0,45.0,50.0,0.0,50.0,0.0,0.0,0.0,0.0,0.0,0.0,0.0,0.0,0.0,
1765990472.6494417,sol-updown-15m-1765989900,1765989900.0,1765990800.0,,327.3505582809448,,,,,0,0,0.97,0.98,ONE_LEG_INVENTORY,,,,,,,,,,,,,,0,5,,,,,,,,,,,,,,,,,,,,,,,,,,,,5.0,0.0,,,,,0,0,,,Inv: 5.0/0.0 CapLeft: 45.0,,,5.0,0.0,5.0,45.0,50.0,0.0,50.0,0.0,0.0,0.0,0.0,0.0,0.0,0.0,0.0,0.0,
1765990473.759265,sol-updown-15m-1765989900,1765989900.0,1765990800.0,,326.2407350540161,,,,,0,0,0.96,0.98,ONE_LEG_INVENTORY,,,,,,,,,,,,,,0,5,,,,,,,,,,,,,,,,,,,,,,,,,,,,5.0,0.0,,,,,0,0,,,Inv: 5.0/0.0 CapLeft: 45.0,,,5.0,0.0,5.0,45.0,50.0,0.0,50.0,0.0,0.0,0.0,0.0,0.0,0.0,0.0,0.0,0.0,
1765990474.5830605,sol-updown-15m-1765989900,1765989900.0,1765990800.0,,325.416939496994,,,,,0,0,0.98,0.98,ONE_LEG_INVENTORY,,,,,,,,,,,,,,0,5,,,,,,,,,,,,,,,,,,,,,,,,,,,,5.0,0.0,,,,,0,0,,,Inv: 5.0/0.0 CapLeft: 45.0,,,5.0,0.0,5.0,45.0,50.0,0.0,50.0,0.0,0.0,0.0,0.0,0.0,0.0,0.0,0.0,0.0,
1765990475.6818824,sol-updown-15m-1765989900,1765989900.0,1765990800.0,,324.3181176185608,,,,,0,0,0.96,0.98,ONE_LEG_INVENTORY,,,,,,,,,,,,,,0,5,,,,,,,,,,,,,,,,,,,,,,,,,,,,5.0,0.0,,,,,0,0,,,Inv: 5.0/0.0 CapLeft: 45.0,,,5.0,0.0,5.0,45.0,50.0,0.0,50.0,0.0,0.0,0.0,0.0,0.0,0.0,0.0,0.0,0.0,
1765990476.5073955,sol-updown-15m-1765989900,1765989900.0,1765990800.0,,323.49260449409485,,,,,0,0,0.96,0.98,ONE_LEG_INVENTORY,,,,,,,,,,,,,,0,5,,,,,,,,,,,,,,,,,,,,,,,,,,,,5.0,0.0,,,,,0,0,,,Inv: 5.0/0.0 CapLeft: 45.0,,,5.0,0.0,5.0,45.0,50.0,0.0,50.0,0.0,0.0,0.0,0.0,0.0,0.0,0.0,0.0,0.0,
1765990477.6257348,sol-updown-15m-1765989900,1765989900.0,1765990800.0,,322.3742651939392,,,,,0,0,0.98,0.98,ONE_LEG_INVENTORY,,,,,,,,,,,,,,0,5,,,,,,,,,,,,,,,,,,,,,,,,,,,,5.0,0.0,,,,,0,0,,,Inv: 5.0/0.0 CapLeft: 45.0,,,5.0,0.0,5.0,45.0,50.0,0.0,50.0,0.0,0.0,0.0,0.0,0.0,0.0,0.0,0.0,0.0,
1765990478.4450805,sol-updown-15m-1765989900,1765989900.0,1765990800.0,,321.55491948127747,,,,,0,0,0.97,0.98,ONE_LEG_INVENTORY,,,,,,,,,,,,,,0,5,,,,,,,,,,,,,,,,,,,,,,,,,,,,5.0,0.0,,,,,0,0,,,Inv: 5.0/0.0 CapLeft: 45.0,,,5.0,0.0,5.0,45.0,50.0,0.0,50.0,0.0,0.0,0.0,0.0,0.0,0.0,0.0,0.0,0.0,
1765990479.6035383,sol-updown-15m-1765989900,1765989900.0,1765990800.0,,320.396461725235,,,,,0,0,0.96,0.98,ONE_LEG_INVENTORY,,,,,,,,,,,,,,0,5,,,,,,,,,,,,,,,,,,,,,,,,,,,,5.0,0.0,,,,,0,0,,,Inv: 5.0/0.0 CapLeft: 45.0,,,5.0,0.0,5.0,45.0,50.0,0.0,50.0,0.0,0.0,0.0,0.0,0.0,0.0,0.0,0.0,0.0,
1765990480.3936481,sol-updown-15m-1765989900,1765989900.0,1765990800.0,,319.606351852417,,,,,0,0,0.98,0.98,ONE_LEG_INVENTORY,,,,,,,,,,,,,,0,5,,,,,,,,,,,,,,,,,,,,,,,,,,,,5.0,0.0,,,,,0,0,,,Inv: 5.0/0.0 CapLeft: 45.0,,,5.0,0.0,5.0,45.0,50.0,0.0,50.0,0.0,0.0,0.0,0.0,0.0,0.0,0.0,0.0,0.0,
1765990481.549366,sol-updown-15m-1765989900,1765989900.0,1765990800.0,,318.45063400268555,,,,,0,0,0.97,0.98,ONE_LEG_INVENTORY,,,,,,,,,,,,,,0,5,,,,,,,,,,,,,,,,,,,,,,,,,,,,5.0,0.0,,,,,0,0,,,Inv: 5.0/0.0 CapLeft: 45.0,,,5.0,0.0,5.0,45.0,50.0,0.0,50.0,0.0,0.0,0.0,0.0,0.0,0.0,0.0,0.0,0.0,
1765990482.3272426,sol-updown-15m-1765989900,1765989900.0,1765990800.0,,317.67275738716125,,,,,0,0,0.97,0.98,ONE_LEG_INVENTORY,,,,,,,,,,,,,,0,5,,,,,,,,,,,,,,,,,,,,,,,,,,,,5.0,0.0,,,,,0,0,,,Inv: 5.0/0.0 CapLeft: 45.0,,,5.0,0.0,5.0,45.0,50.0,0.0,50.0,0.0,0.0,0.0,0.0,0.0,0.0,0.0,0.0,0.0,
1765990483.4814658,sol-updown-15m-1765989900,1765989900.0,1765990800.0,,316.5185341835022,,,,,0,0,0.97,0.98,ONE_LEG_INVENTORY,,,,,,,,,,,,,,0,5,,,,,,,,,,,,,,,,,,,,,,,,,,,,5.0,0.0,,,,,0,0,,,Inv: 5.0/0.0 CapLeft: 45.0,,,5.0,0.0,5.0,45.0,50.0,0.0,50.0,0.0,0.0,0.0,0.0,0.0,0.0,0.0,0.0,0.0,
1765990484.259876,sol-updown-15m-1765989900,1765989900.0,1765990800.0,,315.7401239871979,,,,,0,0,0.96,0.98,ONE_LEG_INVENTORY,,,,,,,,,,,,,,0,5,,,,,,,,,,,,,,,,,,,,,,,,,,,,5.0,0.0,,,,,0,0,,,Inv: 5.0/0.0 CapLeft: 45.0,,,5.0,0.0,5.0,45.0,50.0,0.0,50.0,0.0,0.0,0.0,0.0,0.0,0.0,0.0,0.0,0.0,
1765990485.4201162,sol-updown-15m-1765989900,1765989900.0,1765990800.0,,314.57988381385803,,,,,0,0,0.97,0.98,ONE_LEG_INVENTORY,,,,,,,,,,,,,,0,5,,,,,,,,,,,,,,,,,,,,,,,,,,,,5.0,0.0,,,,,0,0,,,Inv: 5.0/0.0 CapLeft: 45.0,,,5.0,0.0,5.0,45.0,50.0,0.0,50.0,0.0,0.0,0.0,0.0,0.0,0.0,0.0,0.0,0.0,
1765990486.1816127,sol-updown-15m-1765989900,1765989900.0,1765990800.0,,313.81838726997375,,,,,0,0,0.95,0.98,ONE_LEG_INVENTORY,,,,,,,,,,,,,,0,5,,,,,,,,,,,,,,,,,,,,,,,,,,,,5.0,0.0,,,,,0,0,,,Inv: 5.0/0.0 CapLeft: 45.0,,,5.0,0.0,5.0,45.0,50.0,0.0,50.0,0.0,0.0,0.0,0.0,0.0,0.0,0.0,0.0,0.0,
1765990487.3637068,sol-updown-15m-1765989900,1765989900.0,1765990800.0,,312.6362931728363,,,,,0,0,0.96,0.98,ONE_LEG_INVENTORY,,,,,,,,,,,,,,0,5,,,,,,,,,,,,,,,,,,,,,,,,,,,,5.0,0.0,,,,,0,0,,,Inv: 5.0/0.0 CapLeft: 45.0,,,5.0,0.0,5.0,45.0,50.0,0.0,50.0,0.0,0.0,0.0,0.0,0.0,0.0,0.0,0.0,0.0,
1765990488.1141467,sol-updown-15m-1765989900,1765989900.0,1765990800.0,,311.88585329055786,,,,,0,0,0.95,0.98,ONE_LEG_INVENTORY,,,,,,,,,,,,,,0,5,,,,,,,,,,,,,,,,,,,,,,,,,,,,5.0,0.0,,,,,0,0,,,Inv: 5.0/0.0 CapLeft: 45.0,,,5.0,0.0,5.0,45.0,50.0,0.0,50.0,0.0,0.0,0.0,0.0,0.0,0.0,0.0,0.0,0.0,
1765990489.3009243,sol-updown-15m-1765989900,1765989900.0,1765990800.0,,310.69907569885254,,,,,0,0,0.95,0.98,ONE_LEG_INVENTORY,,,,,,,,,,,,,,0,5,,,,,,,,,,,,,,,,,,,,,,,,,,,,5.0,0.0,,,,,0,0,,,Inv: 5.0/0.0 CapLeft: 45.0,,,5.0,0.0,5.0,45.0,50.0,0.0,50.0,0.0,0.0,0.0,0.0,0.0,0.0,0.0,0.0,0.0,
1765990490.1166599,sol-updown-15m-1765989900,1765989900.0,1765990800.0,,309.88334012031555,,,,,0,0,0.97,0.98,ONE_LEG_INVENTORY,,,,,,,,,,,,,,0,5,,,,,,,,,,,,,,,,,,,,,,,,,,,,5.0,0.0,,,,,0,0,,,Inv: 5.0/0.0 CapLeft: 45.0,,,5.0,0.0,5.0,45.0,50.0,0.0,50.0,0.0,0.0,0.0,0.0,0.0,0.0,0.0,0.0,0.0,
1765990491.2327807,sol-updown-15m-1765989900,1765989900.0,1765990800.0,,308.76721930503845,,,,,0,0,0.96,0.98,ONE_LEG_INVENTORY,,,,,,,,,,,,,,0,5,,,,,,,,,,,,,,,,,,,,,,,,,,,,5.0,0.0,,,,,0,0,,,Inv: 5.0/0.0 CapLeft: 45.0,,,5.0,0.0,5.0,45.0,50.0,0.0,50.0,0.0,0.0,0.0,0.0,0.0,0.0,0.0,0.0,0.0,
1765990492.041115,sol-updown-15m-1765989900,1765989900.0,1765990800.0,,307.9588849544525,,,,,0,0,0.97,0.98,ONE_LEG_INVENTORY,,,,,,,,,,,,,,0,5,,,,,,,,,,,,,,,,,,,,,,,,,,,,5.0,0.0,,,,,0,0,,,Inv: 5.0/0.0 CapLeft: 45.0,,,5.0,0.0,5.0,45.0,50.0,0.0,50.0,0.0,0.0,0.0,0.0,0.0,0.0,0.0,0.0,0.0,
1765990493.1825032,sol-updown-15m-1765989900,1765989900.0,1765990800.0,,306.8174967765808,,,,,0,0,0.98,0.98,ONE_LEG_INVENTORY,,,,,,,,,,,,,,0,5,,,,,,,,,,,,,,,,,,,,,,,,,,,,5.0,0.0,,,,,0,0,,,Inv: 5.0/0.0 CapLeft: 45.0,,,5.0,0.0,5.0,45.0,50.0,0.0,50.0,0.0,0.0,0.0,0.0,0.0,0.0,0.0,0.0,0.0,
1765990493.9963956,sol-updown-15m-1765989900,1765989900.0,1765990800.0,,306.00360441207886,,,,,0,0,0.98,0.98,ONE_LEG_INVENTORY,,,,,,,,,,,,,,0,5,,,,,,,,,,,,,,,,,,,,,,,,,,,,5.0,0.0,,,,,0,0,,,Inv: 5.0/0.0 CapLeft: 45.0,,,5.0,0.0,5.0,45.0,50.0,0.0,50.0,0.0,0.0,0.0,0.0,0.0,0.0,0.0,0.0,0.0,
1765990495.1255794,sol-updown-15m-1765989900,1765989900.0,1765990800.0,,304.8744206428528,,,,,0,0,0.99,0.98,ONE_LEG_INVENTORY,,,,,,,,,,,,,,0,5,,,,,,,,,,,,,,,,,,,,,,,,,,,,5.0,0.0,,,,,0,0,,,Inv: 5.0/0.0 CapLeft: 45.0,,,5.0,0.0,5.0,45.0,50.0,0.0,50.0,0.0,0.0,0.0,0.0,0.0,0.0,0.0,0.0,0.0,
1765990495.9621675,sol-updown-15m-1765989900,1765989900.0,1765990800.0,,304.0378324985504,,,,,0,0,0.94,0.98,ONE_LEG_INVENTORY,,,,,,,,,,,,,,0,5,,,,,,,,,,,,,,,,,,,,,,,,,,,,5.0,0.0,,,,,0,0,,,Inv: 5.0/0.0 CapLeft: 45.0,,,5.0,0.0,5.0,45.0,50.0,0.0,50.0,0.0,0.0,0.0,0.0,0.0,0.0,0.0,0.0,0.0,
1765990497.0749874,sol-updown-15m-1765989900,1765989900.0,1765990800.0,,302.925012588501,,,,,0,0,0.94,0.98,ONE_LEG_INVENTORY,,,,,,,,,,,,,,0,5,,,,,,,,,,,,,,,,,,,,,,,,,,,,5.0,0.0,,,,,0,0,,,Inv: 5.0/0.0 CapLeft: 45.0,,,5.0,0.0,5.0,45.0,50.0,0.0,50.0,0.0,0.0,0.0,0.0,0.0,0.0,0.0,0.0,0.0,
1765990497.8956409,sol-updown-15m-1765989900,1765989900.0,1765990800.0,,302.10435914993286,,,,,0,0,0.96,0.98,ONE_LEG_INVENTORY,,,,,,,,,,,,,,0,5,,,,,,,,,,,,,,,,,,,,,,,,,,,,5.0,0.0,,,,,0,0,,,Inv: 5.0/0.0 CapLeft: 45.0,,,5.0,0.0,5.0,45.0,50.0,0.0,50.0,0.0,0.0,0.0,0.0,0.0,0.0,0.0,0.0,0.0,
1765990498.9954166,sol-updown-15m-1765989900,1765989900.0,1765990800.0,,301.00458335876465,,,,,0,0,0.95,0.98,ONE_LEG_INVENTORY,,,,,,,,,,,,,,0,5,,,,,,,,,,,,,,,,,,,,,,,,,,,,5.0,0.0,,,,,0,0,,,Inv: 5.0/0.0 CapLeft: 45.0,,,5.0,0.0,5.0,45.0,50.0,0.0,50.0,0.0,0.0,0.0,0.0,0.0,0.0,0.0,0.0,0.0,
1765990499.824143,sol-updown-15m-1765989900,1765989900.0,1765990800.0,,300.17585706710815,,,,,0,0,0.97,0.98,ONE_LEG_INVENTORY,,,,,,,,,,,,,,0,5,,,,,,,,,,,,,,,,,,,,,,,,,,,,5.0,0.0,,,,,0,0,,,Inv: 5.0/0.0 CapLeft: 45.0,,,5.0,0.0,5.0,45.0,50.0,0.0,50.0,0.0,0.0,0.0,0.0,0.0,0.0,0.0,0.0,0.0,
1765990500.922207,sol-updown-15m-1765989900,1765989900.0,1765990800.0,,299.0777928829193,,,,,0,0,0.97,0.98,ONE_LEG_INVENTORY,,,,,,,,,,,,,,0,5,,,,,,,,,,,,,,,,,,,,,,,,,,,,5.0,0.0,,,,,0,0,,,Inv: 5.0/0.0 CapLeft: 45.0,,,5.0,0.0,5.0,45.0,50.0,0.0,50.0,0.0,0.0,0.0,0.0,0.0,0.0,0.0,0.0,0.0,
1765990501.8203213,sol-updown-15m-1765989900,1765989900.0,1765990800.0,,298.1796786785126,,,,,0,0,0.99,0.98,ONE_LEG_INVENTORY,,,,,,,,,,,,,,0,5,,,,,,,,,,,,,,,,,,,,,,,,,,,,5.0,0.0,,,,,0,0,,,Inv: 5.0/0.0 CapLeft: 45.0,,,5.0,0.0,5.0,45.0,50.0,0.0,50.0,0.0,0.0,0.0,0.0,0.0,0.0,0.0,0.0,0.0,
1765990502.9126785,sol-updown-15m-1765989900,1765989900.0,1765990800.0,,297.0873215198517,,,,,0,0,0.97,0.98,ONE_LEG_INVENTORY,,,,,,,,,,,,,,0,5,,,,,,,,,,,,,,,,,,,,,,,,,,,,5.0,0.0,,,,,0,0,,,Inv: 5.0/0.0 CapLeft: 45.0,,,5.0,0.0,5.0,45.0,50.0,0.0,50.0,0.0,0.0,0.0,0.0,0.0,0.0,0.0,0.0,0.0,
1765990503.796259,sol-updown-15m-1765989900,1765989900.0,1765990800.0,,296.2037410736084,,,,,0,0,0.97,0.98,ONE_LEG_INVENTORY,,,,,,,,,,,,,,0,5,,,,,,,,,,,,,,,,,,,,,,,,,,,,5.0,0.0,,,,,0,0,,,Inv: 5.0/0.0 CapLeft: 45.0,,,5.0,0.0,5.0,45.0,50.0,0.0,50.0,0.0,0.0,0.0,0.0,0.0,0.0,0.0,0.0,0.0,
1765990504.8653452,sol-updown-15m-1765989900,1765989900.0,1765990800.0,,295.1346547603607,,,,,0,0,0.97,0.98,ONE_LEG_INVENTORY,,,,,,,,,,,,,,0,5,,,,,,,,,,,,,,,,,,,,,,,,,,,,5.0,0.0,,,,,0,0,,,Inv: 5.0/0.0 CapLeft: 45.0,,,5.0,0.0,5.0,45.0,50.0,0.0,50.0,0.0,0.0,0.0,0.0,0.0,0.0,0.0,0.0,0.0,
1765990505.7415648,sol-updown-15m-1765989900,1765989900.0,1765990800.0,,294.2584352493286,,,,,0,0,0.97,0.98,ONE_LEG_INVENTORY,,,,,,,,,,,,,,0,5,,,,,,,,,,,,,,,,,,,,,,,,,,,,5.0,0.0,,,,,0,0,,,Inv: 5.0/0.0 CapLeft: 45.0,,,5.0,0.0,5.0,45.0,50.0,0.0,50.0,0.0,0.0,0.0,0.0,0.0,0.0,0.0,0.0,0.0,
1765990506.8146434,sol-updown-15m-1765989900,1765989900.0,1765990800.0,,293.1853566169739,,,,,0,0,0.98,0.98,ONE_LEG_INVENTORY,,,,,,,,,,,,,,0,5,,,,,,,,,,,,,,,,,,,,,,,,,,,,5.0,0.0,,,,,0,0,,,Inv: 5.0/0.0 CapLeft: 45.0,,,5.0,0.0,5.0,45.0,50.0,0.0,50.0,0.0,0.0,0.0,0.0,0.0,0.0,0.0,0.0,0.0,
1765990507.7416947,sol-updown-15m-1765989900,1765989900.0,1765990800.0,,292.258305311203,,,,,0,0,1.01,0.98,ONE_LEG_INVENTORY,,,,,,,,,,,,,,0,5,,,,,,,,,,,,,,,,,,,,,,,,,,,,5.0,0.0,,,,,0,0,,,Inv: 5.0/0.0 CapLeft: 45.0,,,5.0,0.0,5.0,45.0,50.0,0.0,50.0,0.0,0.0,0.0,0.0,0.0,0.0,0.0,0.0,0.0,
1765990508.7484872,sol-updown-15m-1765989900,1765989900.0,1765990800.0,,291.2515127658844,,,,,0,0,0.98,0.98,ONE_LEG_INVENTORY,,,,,,,,,,,,,,0,5,,,,,,,,,,,,,,,,,,,,,,,,,,,,5.0,0.0,,,,,0,0,,,Inv: 5.0/0.0 CapLeft: 45.0,,,5.0,0.0,5.0,45.0,50.0,0.0,50.0,0.0,0.0,0.0,0.0,0.0,0.0,0.0,0.0,0.0,
1765990509.6824374,sol-updown-15m-1765989900,1765989900.0,1765990800.0,,290.31756258010864,,,,,0,0,0.95,0.98,ONE_LEG_INVENTORY,,,,,,,,,,,,,,0,5,,,,,,,,,,,,,,,,,,,,,,,,,,,,5.0,0.0,,,,,0,0,,,Inv: 5.0/0.0 CapLeft: 45.0,,,5.0,0.0,5.0,45.0,50.0,0.0,50.0,0.0,0.0,0.0,0.0,0.0,0.0,0.0,0.0,0.0,
1765990510.7781487,sol-updown-15m-1765989900,1765989900.0,1765990800.0,,289.22185134887695,,,,,0,0,0.96,0.98,ONE_LEG_INVENTORY,,,,,,,,,,,,,,0,5,,,,,,,,,,,,,,,,,,,,,,,,,,,,5.0,0.0,,,,,0,0,,,Inv: 5.0/0.0 CapLeft: 45.0,,,5.0,0.0,5.0,45.0,50.0,0.0,50.0,0.0,0.0,0.0,0.0,0.0,0.0,0.0,0.0,0.0,
1765990511.6918044,sol-updown-15m-1765989900,1765989900.0,1765990800.0,,288.3081955909729,,,,,0,0,0.96,0.98,ONE_LEG_INVENTORY,,,,,,,,,,,,,,0,5,,,,,,,,,,,,,,,,,,,,,,,,,,,,5.0,0.0,,,,,0,0,,,Inv: 5.0/0.0 CapLeft: 45.0,,,5.0,0.0,5.0,45.0,50.0,0.0,50.0,0.0,0.0,0.0,0.0,0.0,0.0,0.0,0.0,0.0,
1765990512.7698114,sol-updown-15m-1765989900,1765989900.0,1765990800.0,,287.23018860816956,,,,,0,0,0.96,0.98,ONE_LEG_INVENTORY,,,,,,,,,,,,,,0,5,,,,,,,,,,,,,,,,,,,,,,,,,,,,5.0,0.0,,,,,0,0,,,Inv: 5.0/0.0 CapLeft: 45.0,,,5.0,0.0,5.0,45.0,50.0,0.0,50.0,0.0,0.0,0.0,0.0,0.0,0.0,0.0,0.0,0.0,
1765990513.6561506,sol-updown-15m-1765989900,1765989900.0,1765990800.0,,286.3438494205475,,,,,0,0,0.99,0.98,ONE_LEG_INVENTORY,,,,,,,,,,,,,,0,5,,,,,,,,,,,,,,,,,,,,,,,,,,,,5.0,0.0,,,,,0,0,,,Inv: 5.0/0.0 CapLeft: 45.0,,,5.0,0.0,5.0,45.0,50.0,0.0,50.0,0.0,0.0,0.0,0.0,0.0,0.0,0.0,0.0,0.0,
1765990514.776522,sol-updown-15m-1765989900,1765989900.0,1765990800.0,,285.22347807884216,,,,,0,0,0.94,0.98,ONE_LEG_INVENTORY,,,,,,,,,,,,,,0,5,,,,,,,,,,,,,,,,,,,,,,,,,,,,5.0,0.0,,,,,0,0,,,Inv: 5.0/0.0 CapLeft: 45.0,,,5.0,0.0,5.0,45.0,50.0,0.0,50.0,0.0,0.0,0.0,0.0,0.0,0.0,0.0,0.0,0.0,
1765990515.648409,sol-updown-15m-1765989900,1765989900.0,1765990800.0,,284.3515911102295,,,,,0,0,0.94,0.98,ONE_LEG_INVENTORY,,,,,,,,,,,,,,0,5,,,,,,,,,,,,,,,,,,,,,,,,,,,,5.0,0.0,,,,,0,0,,,Inv: 5.0/0.0 CapLeft: 45.0,,,5.0,0.0,5.0,45.0,50.0,0.0,50.0,0.0,0.0,0.0,0.0,0.0,0.0,0.0,0.0,0.0,
1765990516.7258115,sol-updown-15m-1765989900,1765989900.0,1765990800.0,,283.27418851852417,,,,,0,0,0.96,0.98,ONE_LEG_INVENTORY,,,,,,,,,,,,,,0,5,,,,,,,,,,,,,,,,,,,,,,,,,,,,5.0,0.0,,,,,0,0,,,Inv: 5.0/0.0 CapLeft: 45.0,,,5.0,0.0,5.0,45.0,50.0,0.0,50.0,0.0,0.0,0.0,0.0,0.0,0.0,0.0,0.0,0.0,
1765990517.5703354,sol-updown-15m-1765989900,1765989900.0,1765990800.0,,282.4296646118164,,,,,0,0,0.97,0.98,ONE_LEG_INVENTORY,,,,,,,,,,,,,,0,5,,,,,,,,,,,,,,,,,,,,,,,,,,,,5.0,0.0,,,,,0,0,,,Inv: 5.0/0.0 CapLeft: 45.0,,,5.0,0.0,5.0,45.0,50.0,0.0,50.0,0.0,0.0,0.0,0.0,0.0,0.0,0.0,0.0,0.0,
1765990518.6604676,sol-updown-15m-1765989900,1765989900.0,1765990800.0,,281.3395323753357,,,,,0,0,0.96,0.98,ONE_LEG_INVENTORY,,,,,,,,,,,,,,0,5,,,,,,,,,,,,,,,,,,,,,,,,,,,,5.0,0.0,,,,,0,0,,,Inv: 5.0/0.0 CapLeft: 45.0,,,5.0,0.0,5.0,45.0,50.0,0.0,50.0,0.0,0.0,0.0,0.0,0.0,0.0,0.0,0.0,0.0,
1765990519.4995103,sol-updown-15m-1765989900,1765989900.0,1765990800.0,,280.5004897117615,,,,,0,0,0.96,0.98,ONE_LEG_INVENTORY,,,,,,,,,,,,,,0,5,,,,,,,,,,,,,,,,,,,,,,,,,,,,5.0,0.0,,,,,0,0,,,Inv: 5.0/0.0 CapLeft: 45.0,,,5.0,0.0,5.0,45.0,50.0,0.0,50.0,0.0,0.0,0.0,0.0,0.0,0.0,0.0,0.0,0.0,
1765990520.60876,sol-updown-15m-1765989900,1765989900.0,1765990800.0,,279.3912398815155,,,,,0,0,0.97,0.98,ONE_LEG_INVENTORY,,,,,,,,,,,,,,0,5,,,,,,,,,,,,,,,,,,,,,,,,,,,,5.0,0.0,,,,,0,0,,,Inv: 5.0/0.0 CapLeft: 45.0,,,5.0,0.0,5.0,45.0,50.0,0.0,50.0,0.0,0.0,0.0,0.0,0.0,0.0,0.0,0.0,0.0,
1765990521.428965,sol-updown-15m-1765989900,1765989900.0,1765990800.0,,278.5710349082947,,,,,0,0,0.96,0.98,ONE_LEG_INVENTORY,,,,,,,,,,,,,,0,5,,,,,,,,,,,,,,,,,,,,,,,,,,,,5.0,0.0,,,,,0,0,,,Inv: 5.0/0.0 CapLeft: 45.0,,,5.0,0.0,5.0,45.0,50.0,0.0,50.0,0.0,0.0,0.0,0.0,0.0,0.0,0.0,0.0,0.0,
1765990522.5536077,sol-updown-15m-1765989900,1765989900.0,1765990800.0,,277.44639229774475,,,,,0,0,0.98,0.98,ONE_LEG_INVENTORY,,,,,,,,,,,,,,0,5,,,,,,,,,,,,,,,,,,,,,,,,,,,,5.0,0.0,,,,,0,0,,,Inv: 5.0/0.0 CapLeft: 45.0,,,5.0,0.0,5.0,45.0,50.0,0.0,50.0,0.0,0.0,0.0,0.0,0.0,0.0,0.0,0.0,0.0,
1765990523.411669,sol-updown-15m-1765989900,1765989900.0,1765990800.0,,276.5883309841156,,,,,0,0,0.94,0.98,ONE_LEG_INVENTORY,,,,,,,,,,,,,,0,5,,,,,,,,,,,,,,,,,,,,,,,,,,,,5.0,0.0,,,,,0,0,,,Inv: 5.0/0.0 CapLeft: 45.0,,,5.0,0.0,5.0,45.0,50.0,0.0,50.0,0.0,0.0,0.0,0.0,0.0,0.0,0.0,0.0,0.0,
1765990524.5052478,sol-updown-15m-1765989900,1765989900.0,1765990800.0,,275.4947521686554,,,,,0,0,0.96,0.98,ONE_LEG_INVENTORY,,,,,,,,,,,,,,0,5,,,,,,,,,,,,,,,,,,,,,,,,,,,,5.0,0.0,,,,,0,0,,,Inv: 5.0/0.0 CapLeft: 45.0,,,5.0,0.0,5.0,45.0,50.0,0.0,50.0,0.0,0.0,0.0,0.0,0.0,0.0,0.0,0.0,0.0,
1765990525.3400578,sol-updown-15m-1765989900,1765989900.0,1765990800.0,,274.65994215011597,,,,,0,0,0.95,0.98,ONE_LEG_INVENTORY,,,,,,,,,,,,,,0,5,,,,,,,,,,,,,,,,,,,,,,,,,,,,5.0,0.0,,,,,0,0,,,Inv: 5.0/0.0 CapLeft: 45.0,,,5.0,0.0,5.0,45.0,50.0,0.0,50.0,0.0,0.0,0.0,0.0,0.0,0.0,0.0,0.0,0.0,
1765990526.4578419,sol-updown-15m-1765989900,1765989900.0,1765990800.0,,273.54215812683105,,,,,0,0,0.96,0.98,ONE_LEG_INVENTORY,,,,,,,,,,,,,,0,5,,,,,,,,,,,,,,,,,,,,,,,,,,,,5.0,0.0,,,,,0,0,,,Inv: 5.0/0.0 CapLeft: 45.0,,,5.0,0.0,5.0,45.0,50.0,0.0,50.0,0.0,0.0,0.0,0.0,0.0,0.0,0.0,0.0,0.0,
1765990527.283408,sol-updown-15m-1765989900,1765989900.0,1765990800.0,,272.71659207344055,,,,,0,0,0.96,0.98,ONE_LEG_INVENTORY,,,,,,,,,,,,,,0,5,,,,,,,,,,,,,,,,,,,,,,,,,,,,5.0,0.0,,,,,0,0,,,Inv: 5.0/0.0 CapLeft: 45.0,,,5.0,0.0,5.0,45.0,50.0,0.0,50.0,0.0,0.0,0.0,0.0,0.0,0.0,0.0,0.0,0.0,
1765990528.4749806,sol-updown-15m-1765989900,1765989900.0,1765990800.0,,271.52501940727234,,,,,0,0,0.95,0.98,ONE_LEG_INVENTORY,,,,,,,,,,,,,,0,5,,,,,,,,,,,,,,,,,,,,,,,,,,,,5.0,0.0,,,,,0,0,,,Inv: 5.0/0.0 CapLeft: 45.0,,,5.0,0.0,5.0,45.0,50.0,0.0,50.0,0.0,0.0,0.0,0.0,0.0,0.0,0.0,0.0,0.0,
1765990529.2082798,sol-updown-15m-1765989900,1765989900.0,1765990800.0,,270.79172015190125,,,,,0,0,0.98,0.98,ONE_LEG_INVENTORY,,,,,,,,,,,,,,0,5,,,,,,,,,,,,,,,,,,,,,,,,,,,,5.0,0.0,,,,,0,0,,,Inv: 5.0/0.0 CapLeft: 45.0,,,5.0,0.0,5.0,45.0,50.0,0.0,50.0,0.0,0.0,0.0,0.0,0.0,0.0,0.0,0.0,0.0,
1765990530.4638774,sol-updown-15m-1765989900,1765989900.0,1765990800.0,,269.5361225605011,,,,,0,0,0.94,0.98,ONE_LEG_INVENTORY,,,,,,,,,,,,,,0,5,,,,,,,,,,,,,,,,,,,,,,,,,,,,5.0,0.0,,,,,0,0,,,Inv: 5.0/0.0 CapLeft: 45.0,,,5.0,0.0,5.0,45.0,50.0,0.0,50.0,0.0,0.0,0.0,0.0,0.0,0.0,0.0,0.0,0.0,
1765990531.1382766,sol-updown-15m-1765989900,1765989900.0,1765990800.0,,268.86172342300415,,,,,0,0,0.98,0.98,ONE_LEG_INVENTORY,,,,,,,,,,,,,,0,5,,,,,,,,,,,,,,,,,,,,,,,,,,,,5.0,0.0,,,,,0,0,,,Inv: 5.0/0.0 CapLeft: 45.0,,,5.0,0.0,5.0,45.0,50.0,0.0,50.0,0.0,0.0,0.0,0.0,0.0,0.0,0.0,0.0,0.0,
1765990532.4283054,sol-updown-15m-1765989900,1765989900.0,1765990800.0,,267.57169461250305,,,,,0,0,0.96,0.98,ONE_LEG_INVENTORY,,,,,,,,,,,,,,0,5,,,,,,,,,,,,,,,,,,,,,,,,,,,,5.0,0.0,,,,,0,0,,,Inv: 5.0/0.0 CapLeft: 45.0,,,5.0,0.0,5.0,45.0,50.0,0.0,50.0,0.0,0.0,0.0,0.0,0.0,0.0,0.0,0.0,0.0,
1765990533.0653772,sol-updown-15m-1765989900,1765989900.0,1765990800.0,,266.9346227645874,,,,,0,0,0.97,0.98,ONE_LEG_INVENTORY,,,,,,,,,,,,,,0,5,,,,,,,,,,,,,,,,,,,,,,,,,,,,5.0,0.0,,,,,0,0,,,Inv: 5.0/0.0 CapLeft: 45.0,,,5.0,0.0,5.0,45.0,50.0,0.0,50.0,0.0,0.0,0.0,0.0,0.0,0.0,0.0,0.0,0.0,
1765990534.3832617,sol-updown-15m-1765989900,1765989900.0,1765990800.0,,265.616738319397,,,,,0,0,0.97,0.98,ONE_LEG_INVENTORY,,,,,,,,,,,,,,0,5,,,,,,,,,,,,,,,,,,,,,,,,,,,,5.0,0.0,,,,,0,0,,,Inv: 5.0/0.0 CapLeft: 45.0,,,5.0,0.0,5.0,45.0,50.0,0.0,50.0,0.0,0.0,0.0,0.0,0.0,0.0,0.0,0.0,0.0,
1765990535.0250378,sol-updown-15m-1765989900,1765989900.0,1765990800.0,,264.97496223449707,,,,,0,0,0.98,0.98,ONE_LEG_INVENTORY,,,,,,,,,,,,,,0,5,,,,,,,,,,,,,,,,,,,,,,,,,,,,5.0,0.0,,,,,0,0,,,Inv: 5.0/0.0 CapLeft: 45.0,,,5.0,0.0,5.0,45.0,50.0,0.0,50.0,0.0,0.0,0.0,0.0,0.0,0.0,0.0,0.0,0.0,
1765990536.343976,sol-updown-15m-1765989900,1765989900.0,1765990800.0,,263.656023979187,,,,,0,0,0.98,0.98,ONE_LEG_INVENTORY,,,,,,,,,,,,,,0,5,,,,,,,,,,,,,,,,,,,,,,,,,,,,5.0,0.0,,,,,0,0,,,Inv: 5.0/0.0 CapLeft: 45.0,,,5.0,0.0,5.0,45.0,50.0,0.0,50.0,0.0,0.0,0.0,0.0,0.0,0.0,0.0,0.0,0.0,
1765990536.978532,sol-updown-15m-1765989900,1765989900.0,1765990800.0,,263.02146792411804,,,,,0,0,0.96,0.98,ONE_LEG_INVENTORY,,,,,,,,,,,,,,0,5,,,,,,,,,,,,,,,,,,,,,,,,,,,,5.0,0.0,,,,,0,0,,,Inv: 5.0/0.0 CapLeft: 45.0,,,5.0,0.0,5.0,45.0,50.0,0.0,50.0,0.0,0.0,0.0,0.0,0.0,0.0,0.0,0.0,0.0,
1765990538.2887595,sol-updown-15m-1765989900,1765989900.0,1765990800.0,,261.71124053001404,,,,,0,0,0.97,0.98,ONE_LEG_INVENTORY,,,,,,,,,,,,,,0,5,,,,,,,,,,,,,,,,,,,,,,,,,,,,5.0,0.0,,,,,0,0,,,Inv: 5.0/0.0 CapLeft: 45.0,,,5.0,0.0,5.0,45.0,50.0,0.0,50.0,0.0,0.0,0.0,0.0,0.0,0.0,0.0,0.0,0.0,
1765990539.0669632,sol-updown-15m-1765989900,1765989900.0,1765990800.0,,260.9330368041992,,,,,0,0,0.99,0.98,ONE_LEG_INVENTORY,,,,,,,,,,,,,,0,5,,,,,,,,,,,,,,,,,,,,,,,,,,,,5.0,0.0,,,,,0,0,,,Inv: 5.0/0.0 CapLeft: 45.0,,,5.0,0.0,5.0,45.0,50.0,0.0,50.0,0.0,0.0,0.0,0.0,0.0,0.0,0.0,0.0,0.0,
1765990540.270361,sol-updown-15m-1765989900,1765989900.0,1765990800.0,,259.7296390533447,,,,,0,0,0.98,0.98,ONE_LEG_INVENTORY,,,,,,,,,,,,,,0,5,,,,,,,,,,,,,,,,,,,,,,,,,,,,5.0,0.0,,,,,0,0,,,Inv: 5.0/0.0 CapLeft: 45.0,,,5.0,0.0,5.0,45.0,50.0,0.0,50.0,0.0,0.0,0.0,0.0,0.0,0.0,0.0,0.0,0.0,
1765990541.0478451,sol-updown-15m-1765989900,1765989900.0,1765990800.0,,258.95215487480164,,,,,0,0,0.99,0.98,ONE_LEG_INVENTORY,,,,,,,,,,,,,,0,5,,,,,,,,,,,,,,,,,,,,,,,,,,,,5.0,0.0,,,,,0,0,,,Inv: 5.0/0.0 CapLeft: 45.0,,,5.0,0.0,5.0,45.0,50.0,0.0,50.0,0.0,0.0,0.0,0.0,0.0,0.0,0.0,0.0,0.0,
1765990542.2160485,sol-updown-15m-1765989900,1765989900.0,1765990800.0,,257.7839515209198,,,,,0,0,0.97,0.98,ONE_LEG_INVENTORY,,,,,,,,,,,,,,0,5,,,,,,,,,,,,,,,,,,,,,,,,,,,,5.0,0.0,,,,,0,0,,,Inv: 5.0/0.0 CapLeft: 45.0,,,5.0,0.0,5.0,45.0,50.0,0.0,50.0,0.0,0.0,0.0,0.0,0.0,0.0,0.0,0.0,0.0,
1765990542.9873788,sol-updown-15m-1765989900,1765989900.0,1765990800.0,,257.0126211643219,,,,,0,0,0.95,0.98,ONE_LEG_INVENTORY,,,,,,,,,,,,,,0,5,,,,,,,,,,,,,,,,,,,,,,,,,,,,5.0,0.0,,,,,0,0,,,Inv: 5.0/0.0 CapLeft: 45.0,,,5.0,0.0,5.0,45.0,50.0,0.0,50.0,0.0,0.0,0.0,0.0,0.0,0.0,0.0,0.0,0.0,
1765990544.172213,sol-updown-15m-1765989900,1765989900.0,1765990800.0,,255.82778692245483,,,,,0,0,0.98,0.98,ONE_LEG_INVENTORY,,,,,,,,,,,,,,0,5,,,,,,,,,,,,,,,,,,,,,,,,,,,,5.0,0.0,,,,,0,0,,,Inv: 5.0/0.0 CapLeft: 45.0,,,5.0,0.0,5.0,45.0,50.0,0.0,50.0,0.0,0.0,0.0,0.0,0.0,0.0,0.0,0.0,0.0,
1765990544.9483669,sol-updown-15m-1765989900,1765989900.0,1765990800.0,,255.05163311958313,,,,,0,0,0.96,0.98,ONE_LEG_INVENTORY,,,,,,,,,,,,,,0,5,,,,,,,,,,,,,,,,,,,,,,,,,,,,5.0,0.0,,,,,0,0,,,Inv: 5.0/0.0 CapLeft: 45.0,,,5.0,0.0,5.0,45.0,50.0,0.0,50.0,0.0,0.0,0.0,0.0,0.0,0.0,0.0,0.0,0.0,
1765990546.1157503,sol-updown-15m-1765989900,1765989900.0,1765990800.0,,253.88424968719482,,,,,0,0,0.96,0.98,ONE_LEG_INVENTORY,,,,,,,,,,,,,,0,5,,,,,,,,,,,,,,,,,,,,,,,,,,,,5.0,0.0,,,,,0,0,,,Inv: 5.0/0.0 CapLeft: 45.0,,,5.0,0.0,5.0,45.0,50.0,0.0,50.0,0.0,0.0,0.0,0.0,0.0,0.0,0.0,0.0,0.0,
1765990546.9040008,sol-updown-15m-1765989900,1765989900.0,1765990800.0,,253.09599924087524,,,,,0,0,0.96,0.98,ONE_LEG_INVENTORY,,,,,,,,,,,,,,0,5,,,,,,,,,,,,,,,,,,,,,,,,,,,,5.0,0.0,,,,,0,0,,,Inv: 5.0/0.0 CapLeft: 45.0,,,5.0,0.0,5.0,45.0,50.0,0.0,50.0,0.0,0.0,0.0,0.0,0.0,0.0,0.0,0.0,0.0,
1765990548.1073966,sol-updown-15m-1765989900,1765989900.0,1765990800.0,,251.89260339736938,,,,,0,0,0.98,0.98,ONE_LEG_INVENTORY,,,,,,,,,,,,,,0,5,,,,,,,,,,,,,,,,,,,,,,,,,,,,5.0,0.0,,,,,0,0,,,Inv: 5.0/0.0 CapLeft: 45.0,,,5.0,0.0,5.0,45.0,50.0,0.0,50.0,0.0,0.0,0.0,0.0,0.0,0.0,0.0,0.0,0.0,
1765990548.892217,sol-updown-15m-1765989900,1765989900.0,1765990800.0,,251.10778307914734,,,,,0,0,0.99,0.98,ONE_LEG_INVENTORY,,,,,,,,,,,,,,0,5,,,,,,,,,,,,,,,,,,,,,,,,,,,,5.0,0.0,,,,,0,0,,,Inv: 5.0/0.0 CapLeft: 45.0,,,5.0,0.0,5.0,45.0,50.0,0.0,50.0,0.0,0.0,0.0,0.0,0.0,0.0,0.0,0.0,0.0,
1765990550.0787396,sol-updown-15m-1765989900,1765989900.0,1765990800.0,,249.92126035690308,,,,,0,0,0.97,0.98,ONE_LEG_INVENTORY,,,,,,,,,,,,,,0,5,,,,,,,,,,,,,,,,,,,,,,,,,,,,5.0,0.0,,,,,0,0,,,Inv: 5.0/0.0 CapLeft: 45.0,,,5.0,0.0,5.0,45.0,50.0,0.0,50.0,0.0,0.0,0.0,0.0,0.0,0.0,0.0,0.0,0.0,
1765990550.8841825,sol-updown-15m-1765989900,1765989900.0,1765990800.0,,249.11581754684448,,,,,0,0,0.97,0.98,ONE_LEG_INVENTORY,,,,,,,,,,,,,,0,5,,,,,,,,,,,,,,,,,,,,,,,,,,,,5.0,0.0,,,,,0,0,,,Inv: 5.0/0.0 CapLeft: 45.0,,,5.0,0.0,5.0,45.0,50.0,0.0,50.0,0.0,0.0,0.0,0.0,0.0,0.0,0.0,0.0,0.0,
1765990552.5463953,sol-updown-15m-1765989900,1765989900.0,1765990800.0,,247.45360469818115,,,,,0,0,0.97,0.98,ONE_LEG_INVENTORY,,,,,,,,,,,,,,0,5,,,,,,,,,,,,,,,,,,,,,,,,,,,,5.0,0.0,,,,,0,0,,,Inv: 5.0/0.0 CapLeft: 45.0,,,5.0,0.0,5.0,45.0,50.0,0.0,50.0,0.0,0.0,0.0,0.0,0.0,0.0,0.0,0.0,0.0,
1765990552.8167763,sol-updown-15m-1765989900,1765989900.0,1765990800.0,,247.18322372436523,,,,,0,0,0.99,0.98,ONE_LEG_INVENTORY,,,,,,,,,,,,,,0,5,,,,,,,,,,,,,,,,,,,,,,,,,,,,5.0,0.0,,,,,0,0,,,Inv: 5.0/0.0 CapLeft: 45.0,,,5.0,0.0,5.0,45.0,50.0,0.0,50.0,0.0,0.0,0.0,0.0,0.0,0.0,0.0,0.0,0.0,
1765990554.4937768,sol-updown-15m-1765989900,1765989900.0,1765990800.0,,245.5062232017517,,,,,0,0,0.99,0.98,ONE_LEG_INVENTORY,,,,,,,,,,,,,,0,5,,,,,,,,,,,,,,,,,,,,,,,,,,,,5.0,0.0,,,,,0,0,,,Inv: 5.0/0.0 CapLeft: 45.0,,,5.0,0.0,5.0,45.0,50.0,0.0,50.0,0.0,0.0,0.0,0.0,0.0,0.0,0.0,0.0,0.0,
1765990554.7786005,sol-updown-15m-1765989900,1765989900.0,1765990800.0,,245.22139954566956,,,,,0,0,0.98,0.98,ONE_LEG_INVENTORY,,,,,,,,,,,,,,0,5,,,,,,,,,,,,,,,,,,,,,,,,,,,,5.0,0.0,,,,,0,0,,,Inv: 5.0/0.0 CapLeft: 45.0,,,5.0,0.0,5.0,45.0,50.0,0.0,50.0,0.0,0.0,0.0,0.0,0.0,0.0,0.0,0.0,0.0,
1765990556.4385767,sol-updown-15m-1765989900,1765989900.0,1765990800.0,,243.56142330169678,,,,,0,0,0.99,0.98,ONE_LEG_INVENTORY,,,,,,,,,,,,,,0,5,,,,,,,,,,,,,,,,,,,,,,,,,,,,5.0,0.0,,,,,0,0,,,Inv: 5.0/0.0 CapLeft: 45.0,,,5.0,0.0,5.0,45.0,50.0,0.0,50.0,0.0,0.0,0.0,0.0,0.0,0.0,0.0,0.0,0.0,
1765990556.7376132,sol-updown-15m-1765989900,1765989900.0,1765990800.0,,243.26238679885864,,,,,0,0,0.98,0.98,ONE_LEG_INVENTORY,,,,,,,,,,,,,,0,5,,,,,,,,,,,,,,,,,,,,,,,,,,,,5.0,0.0,,,,,0,0,,,Inv: 5.0/0.0 CapLeft: 45.0,,,5.0,0.0,5.0,45.0,50.0,0.0,50.0,0.0,0.0,0.0,0.0,0.0,0.0,0.0,0.0,0.0,
1765990558.4172227,sol-updown-15m-1765989900,1765989900.0,1765990800.0,,241.582777261734,,,,,0,0,0.98,0.98,ONE_LEG_INVENTORY,,,,,,,,,,,,,,0,5,,,,,,,,,,,,,,,,,,,,,,,,,,,,5.0,0.0,,,,,0,0,,,Inv: 5.0/0.0 CapLeft: 45.0,,,5.0,0.0,5.0,45.0,50.0,0.0,50.0,0.0,0.0,0.0,0.0,0.0,0.0,0.0,0.0,0.0,
1765990558.7725365,sol-updown-15m-1765989900,1765989900.0,1765990800.0,,241.22746348381042,,,,,0,0,0.98,0.98,ONE_LEG_INVENTORY,,,,,,,,,,,,,,0,5,,,,,,,,,,,,,,,,,,,,,,,,,,,,5.0,0.0,,,,,0,0,,,Inv: 5.0/0.0 CapLeft: 45.0,,,5.0,0.0,5.0,45.0,50.0,0.0,50.0,0.0,0.0,0.0,0.0,0.0,0.0,0.0,0.0,0.0,
1765990560.342668,sol-updown-15m-1765989900,1765989900.0,1765990800.0,,239.65733194351196,,,,,0,0,0.99,0.98,ONE_LEG_INVENTORY,,,,,,,,,,,,,,0,5,,,,,,,,,,,,,,,,,,,,,,,,,,,,5.0,0.0,,,,,0,0,,,Inv: 5.0/0.0 CapLeft: 45.0,,,5.0,0.0,5.0,45.0,50.0,0.0,50.0,0.0,0.0,0.0,0.0,0.0,0.0,0.0,0.0,0.0,
1765990560.7103734,sol-updown-15m-1765989900,1765989900.0,1765990800.0,,239.28962659835815,,,,,0,0,1.01,0.98,ONE_LEG_INVENTORY,,,,,,,,,,,,,,0,5,,,,,,,,,,,,,,,,,,,,,,,,,,,,5.0,0.0,,,,,0,0,,,Inv: 5.0/0.0 CapLeft: 45.0,,,5.0,0.0,5.0,45.0,50.0,0.0,50.0,0.0,0.0,0.0,0.0,0.0,0.0,0.0,0.0,0.0,
1765990562.4117985,sol-updown-15m-1765989900,1765989900.0,1765990800.0,,237.58820152282715,,,,,0,0,0.96,0.98,ONE_LEG_INVENTORY,,,,,,,,,,,,,,0,5,,,,,,,,,,,,,,,,,,,,,,,,,,,,5.0,0.0,,,,,0,0,,,Inv: 5.0/0.0 CapLeft: 45.0,,,5.0,0.0,5.0,45.0,50.0,0.0,50.0,0.0,0.0,0.0,0.0,0.0,0.0,0.0,0.0,0.0,
1765990562.6922734,sol-updown-15m-1765989900,1765989900.0,1765990800.0,,237.3077266216278,,,,,0,0,0.9500000000000001,0.98,ONE_LEG_INVENTORY,,,,,,,,,,,,,,0,5,,,,,,,,,,,,,,,,,,,,,,,,,,,,5.0,0.0,,,,,0,0,,,Inv: 5.0/0.0 CapLeft: 45.0,,,5.0,0.0,5.0,45.0,50.0,0.0,50.0,0.0,0.0,0.0,0.0,0.0,0.0,0.0,0.0,0.0,
1765990564.4920928,sol-updown-15m-1765989900,1765989900.0,1765990800.0,,235.5079071521759,,,,,0,0,0.98,0.98,ONE_LEG_INVENTORY,,,,,,,,,,,,,,0,5,,,,,,,,,,,,,,,,,,,,,,,,,,,,5.0,0.0,,,,,0,0,,,Inv: 5.0/0.0 CapLeft: 45.0,,,5.0,0.0,5.0,45.0,50.0,0.0,50.0,0.0,0.0,0.0,0.0,0.0,0.0,0.0,0.0,0.0,
1765990564.6805034,sol-updown-15m-1765989900,1765989900.0,1765990800.0,,235.31949663162231,,,,,0,0,0.98,0.98,ONE_LEG_INVENTORY,,,,,,,,,,,,,,0,5,,,,,,,,,,,,,,,,,,,,,,,,,,,,5.0,0.0,,,,,0,0,,,Inv: 5.0/0.0 CapLeft: 45.0,,,5.0,0.0,5.0,45.0,50.0,0.0,50.0,0.0,0.0,0.0,0.0,0.0,0.0,0.0,0.0,0.0,
1765990566.4449668,sol-updown-15m-1765989900,1765989900.0,1765990800.0,,233.5550332069397,,,,,0,0,0.97,0.98,ONE_LEG_INVENTORY,,,,,,,,,,,,,,0,5,,,,,,,,,,,,,,,,,,,,,,,,,,,,5.0,0.0,,,,,0,0,,,Inv: 5.0/0.0 CapLeft: 45.0,,,5.0,0.0,5.0,45.0,50.0,0.0,50.0,0.0,0.0,0.0,0.0,0.0,0.0,0.0,0.0,0.0,
1765990566.6819196,sol-updown-15m-1765989900,1765989900.0,1765990800.0,,233.31808042526245,,,,,0,0,0.97,0.98,ONE_LEG_INVENTORY,,,,,,,,,,,,,,0,5,,,,,,,,,,,,,,,,,,,,,,,,,,,,5.0,0.0,,,,,0,0,,,Inv: 5.0/0.0 CapLeft: 45.0,,,5.0,0.0,5.0,45.0,50.0,0.0,50.0,0.0,0.0,0.0,0.0,0.0,0.0,0.0,0.0,0.0,
1765990568.4881103,sol-updown-15m-1765989900,1765989900.0,1765990800.0,,231.51188969612122,,,,,0,0,0.97,0.98,ONE_LEG_INVENTORY,,,,,,,,,,,,,,0,5,,,,,,,,,,,,,,,,,,,,,,,,,,,,5.0,0.0,,,,,0,0,,,Inv: 5.0/0.0 CapLeft: 45.0,,,5.0,0.0,5.0,45.0,50.0,0.0,50.0,0.0,0.0,0.0,0.0,0.0,0.0,0.0,0.0,0.0,
1765990568.6053064,sol-updown-15m-1765989900,1765989900.0,1765990800.0,,231.39469361305237,,,,,0,0,0.97,0.98,ONE_LEG_INVENTORY,,,,,,,,,,,,,,0,5,,,,,,,,,,,,,,,,,,,,,,,,,,,,5.0,0.0,,,,,0,0,,,Inv: 5.0/0.0 CapLeft: 45.0,,,5.0,0.0,5.0,45.0,50.0,0.0,50.0,0.0,0.0,0.0,0.0,0.0,0.0,0.0,0.0,0.0,
1765990570.4504735,sol-updown-15m-1765989900,1765989900.0,1765990800.0,,229.5495264530182,,,,,0,0,0.95,0.98,ONE_LEG_INVENTORY,,,,,,,,,,,,,,0,5,,,,,,,,,,,,,,,,,,,,,,,,,,,,5.0,0.0,,,,,0,0,,,Inv: 5.0/0.0 CapLeft: 45.0,,,5.0,0.0,5.0,45.0,50.0,0.0,50.0,0.0,0.0,0.0,0.0,0.0,0.0,0.0,0.0,0.0,
1765990570.5499969,sol-updown-15m-1765989900,1765989900.0,1765990800.0,,229.45000314712524,,,,,0,0,0.95,0.98,ONE_LEG_INVENTORY,,,,,,,,,,,,,,0,5,,,,,,,,,,,,,,,,,,,,,,,,,,,,5.0,0.0,,,,,0,0,,,Inv: 5.0/0.0 CapLeft: 45.0,,,5.0,0.0,5.0,45.0,50.0,0.0,50.0,0.0,0.0,0.0,0.0,0.0,0.0,0.0,0.0,0.0,
1765990572.3783808,sol-updown-15m-1765989900,1765989900.0,1765990800.0,,227.62161922454834,,,,,0,0,0.98,0.98,ONE_LEG_INVENTORY,,,,,,,,,,,,,,0,5,,,,,,,,,,,,,,,,,,,,,,,,,,,,5.0,0.0,,,,,0,0,,,Inv: 5.0/0.0 CapLeft: 45.0,,,5.0,0.0,5.0,45.0,50.0,0.0,50.0,0.0,0.0,0.0,0.0,0.0,0.0,0.0,0.0,0.0,
1765990572.4719784,sol-updown-15m-1765989900,1765989900.0,1765990800.0,,227.52802157402039,,,,,0,0,0.98,0.98,ONE_LEG_INVENTORY,,,,,,,,,,,,,,0,5,,,,,,,,,,,,,,,,,,,,,,,,,,,,5.0,0.0,,,,,0,0,,,Inv: 5.0/0.0 CapLeft: 45.0,,,5.0,0.0,5.0,45.0,50.0,0.0,50.0,0.0,0.0,0.0,0.0,0.0,0.0,0.0,0.0,0.0,
1765990574.2993195,sol-updown-15m-1765989900,1765989900.0,1765990800.0,,225.70068049430847,,,,,0,0,0.9500000000000001,0.98,ONE_LEG_INVENTORY,,,,,,,,,,,,,,0,5,,,,,,,,,,,,,,,,,,,,,,,,,,,,5.0,0.0,,,,,0,0,,,Inv: 5.0/0.0 CapLeft: 45.0,,,5.0,0.0,5.0,45.0,50.0,0.0,50.0,0.0,0.0,0.0,0.0,0.0,0.0,0.0,0.0,0.0,
1765990574.4036026,sol-updown-15m-1765989900,1765989900.0,1765990800.0,,225.59639739990234,,,,,0,0,0.9500000000000001,0.98,ONE_LEG_INVENTORY,,,,,,,,,,,,,,0,5,,,,,,,,,,,,,,,,,,,,,,,,,,,,5.0,0.0,,,,,0,0,,,Inv: 5.0/0.0 CapLeft: 45.0,,,5.0,0.0,5.0,45.0,50.0,0.0,50.0,0.0,0.0,0.0,0.0,0.0,0.0,0.0,0.0,0.0,
1765990576.2322414,sol-updown-15m-1765989900,1765989900.0,1765990800.0,,223.76775860786438,,,,,0,0,0.94,0.98,ONE_LEG_INVENTORY,,,,,,,,,,,,,,0,5,,,,,,,,,,,,,,,,,,,,,,,,,,,,5.0,0.0,,,,,0,0,,,Inv: 5.0/0.0 CapLeft: 45.0,,,5.0,0.0,5.0,45.0,50.0,0.0,50.0,0.0,0.0,0.0,0.0,0.0,0.0,0.0,0.0,0.0,
1765990576.3385956,sol-updown-15m-1765989900,1765989900.0,1765990800.0,,223.6614043712616,,,,,0,0,0.97,0.98,ONE_LEG_INVENTORY,,,,,,,,,,,,,,0,5,,,,,,,,,,,,,,,,,,,,,,,,,,,,5.0,0.0,,,,,0,0,,,Inv: 5.0/0.0 CapLeft: 45.0,,,5.0,0.0,5.0,45.0,50.0,0.0,50.0,0.0,0.0,0.0,0.0,0.0,0.0,0.0,0.0,0.0,
1765990578.186626,sol-updown-15m-1765989900,1765989900.0,1765990800.0,,221.813374042511,,,,,0,0,0.97,0.98,ONE_LEG_INVENTORY,,,,,,,,,,,,,,0,5,,,,,,,,,,,,,,,,,,,,,,,,,,,,5.0,0.0,,,,,0,0,,,Inv: 5.0/0.0 CapLeft: 45.0,,,5.0,0.0,5.0,45.0,50.0,0.0,50.0,0.0,0.0,0.0,0.0,0.0,0.0,0.0,0.0,0.0,
1765990578.298819,sol-updown-15m-1765989900,1765989900.0,1765990800.0,,221.701180934906,,,,,0,0,0.97,0.98,ONE_LEG_INVENTORY,,,,,,,,,,,,,,0,5,,,,,,,,,,,,,,,,,,,,,,,,,,,,5.0,0.0,,,,,0,0,,,Inv: 5.0/0.0 CapLeft: 45.0,,,5.0,0.0,5.0,45.0,50.0,0.0,50.0,0.0,0.0,0.0,0.0,0.0,0.0,0.0,0.0,0.0,
1765990580.1318657,sol-updown-15m-1765989900,1765989900.0,1765990800.0,,219.8681342601776,,,,,0,0,0.96,0.98,ONE_LEG_INVENTORY,,,,,,,,,,,,,,0,5,,,,,,,,,,,,,,,,,,,,,,,,,,,,5.0,0.0,,,,,0,0,,,Inv: 5.0/0.0 CapLeft: 45.0,,,5.0,0.0,5.0,45.0,50.0,0.0,50.0,0.0,0.0,0.0,0.0,0.0,0.0,0.0,0.0,0.0,
1765990580.249835,sol-updown-15m-1765989900,1765989900.0,1765990800.0,,219.75016498565674,,,,,0,0,0.96,0.98,ONE_LEG_INVENTORY,,,,,,,,,,,,,,0,5,,,,,,,,,,,,,,,,,,,,,,,,,,,,5.0,0.0,,,,,0,0,,,Inv: 5.0/0.0 CapLeft: 45.0,,,5.0,0.0,5.0,45.0,50.0,0.0,50.0,0.0,0.0,0.0,0.0,0.0,0.0,0.0,0.0,0.0,
1765990582.0629976,sol-updown-15m-1765989900,1765989900.0,1765990800.0,,217.93700242042542,,,,,0,0,0.94,0.98,ONE_LEG_INVENTORY,,,,,,,,,,,,,,0,5,,,,,,,,,,,,,,,,,,,,,,,,,,,,5.0,0.0,,,,,0,0,,,Inv: 5.0/0.0 CapLeft: 45.0,,,5.0,0.0,5.0,45.0,50.0,0.0,50.0,0.0,0.0,0.0,0.0,0.0,0.0,0.0,0.0,0.0,
1765990582.2026892,sol-updown-15m-1765989900,1765989900.0,1765990800.0,,217.7973108291626,,,,,0,0,0.94,0.98,ONE_LEG_INVENTORY,,,,,,,,,,,,,,0,5,,,,,,,,,,,,,,,,,,,,,,,,,,,,5.0,0.0,,,,,0,0,,,Inv: 5.0/0.0 CapLeft: 45.0,,,5.0,0.0,5.0,45.0,50.0,0.0,50.0,0.0,0.0,0.0,0.0,0.0,0.0,0.0,0.0,0.0,
1765990584.0379653,sol-updown-15m-1765989900,1765989900.0,1765990800.0,,215.96203470230103,,,,,0,0,0.97,0.98,ONE_LEG_INVENTORY,,,,,,,,,,,,,,0,5,,,,,,,,,,,,,,,,,,,,,,,,,,,,5.0,0.0,,,,,0,0,,,Inv: 5.0/0.0 CapLeft: 45.0,,,5.0,0.0,5.0,45.0,50.0,0.0,50.0,0.0,0.0,0.0,0.0,0.0,0.0,0.0,0.0,0.0,
1765990584.1734338,sol-updown-15m-1765989900,1765989900.0,1765990800.0,,215.82656621932983,,,,,0,0,0.97,0.98,ONE_LEG_INVENTORY,,,,,,,,,,,,,,0,5,,,,,,,,,,,,,,,,,,,,,,,,,,,,5.0,0.0,,,,,0,0,,,Inv: 5.0/0.0 CapLeft: 45.0,,,5.0,0.0,5.0,45.0,50.0,0.0,50.0,0.0,0.0,0.0,0.0,0.0,0.0,0.0,0.0,0.0,
1765990585.9952888,sol-updown-15m-1765989900,1765989900.0,1765990800.0,,214.00471115112305,,,,,0,0,0.94,0.98,ONE_LEG_INVENTORY,,,,,,,,,,,,,,0,5,,,,,,,,,,,,,,,,,,,,,,,,,,,,5.0,0.0,,,,,0,0,,,Inv: 5.0/0.0 CapLeft: 45.0,,,5.0,0.0,5.0,45.0,50.0,0.0,50.0,0.0,0.0,0.0,0.0,0.0,0.0,0.0,0.0,0.0,
1765990586.1115136,sol-updown-15m-1765989900,1765989900.0,1765990800.0,,213.88848638534546,,,,,0,0,0.96,0.98,ONE_LEG_INVENTORY,,,,,,,,,,,,,,0,5,,,,,,,,,,,,,,,,,,,,,,,,,,,,5.0,0.0,,,,,0,0,,,Inv: 5.0/0.0 CapLeft: 45.0,,,5.0,0.0,5.0,45.0,50.0,0.0,50.0,0.0,0.0,0.0,0.0,0.0,0.0,0.0,0.0,0.0,
1765990587.9815042,sol-updown-15m-1765989900,1765989900.0,1765990800.0,,212.01849579811096,,,,,0,0,0.99,0.98,ONE_LEG_INVENTORY,,,,,,,,,,,,,,0,5,,,,,,,,,,,,,,,,,,,,,,,,,,,,5.0,0.0,,,,,0,0,,,Inv: 5.0/0.0 CapLeft: 45.0,,,5.0,0.0,5.0,45.0,50.0,0.0,50.0,0.0,0.0,0.0,0.0,0.0,0.0,0.0,0.0,0.0,
1765990588.0397992,sol-updown-15m-1765989900,1765989900.0,1765990800.0,,211.96020078659058,,,,,0,0,0.95,0.98,ONE_LEG_INVENTORY,,,,,,,,,,,,,,0,5,,,,,,,,,,,,,,,,,,,,,,,,,,,,5.0,0.0,,,,,0,0,,,Inv: 5.0/0.0 CapLeft: 45.0,,,5.0,0.0,5.0,45.0,50.0,0.0,50.0,0.0,0.0,0.0,0.0,0.0,0.0,0.0,0.0,0.0,
1765990589.9012609,sol-updown-15m-1765989900,1765989900.0,1765990800.0,,210.09873914718628,,,,,0,0,0.97,0.98,ONE_LEG_INVENTORY,,,,,,,,,,,,,,0,5,,,,,,,,,,,,,,,,,,,,,,,,,,,,5.0,0.0,,,,,0,0,,,Inv: 5.0/0.0 CapLeft: 45.0,,,5.0,0.0,5.0,45.0,50.0,0.0,50.0,0.0,0.0,0.0,0.0,0.0,0.0,0.0,0.0,0.0,
1765990589.96632,sol-updown-15m-1765989900,1765989900.0,1765990800.0,,210.0336799621582,,,,,0,0,0.97,0.98,ONE_LEG_INVENTORY,,,,,,,,,,,,,,0,5,,,,,,,,,,,,,,,,,,,,,,,,,,,,5.0,0.0,,,,,0,0,,,Inv: 5.0/0.0 CapLeft: 45.0,,,5.0,0.0,5.0,45.0,50.0,0.0,50.0,0.0,0.0,0.0,0.0,0.0,0.0,0.0,0.0,0.0,
1765990591.840642,sol-updown-15m-1765989900,1765989900.0,1765990800.0,,208.15935802459717,,,,,0,0,0.96,0.98,ONE_LEG_INVENTORY,,,,,,,,,,,,,,0,5,,,,,,,,,,,,,,,,,,,,,,,,,,,,5.0,0.0,,,,,0,0,,,Inv: 5.0/0.0 CapLeft: 45.0,,,5.0,0.0,5.0,45.0,50.0,0.0,50.0,0.0,0.0,0.0,0.0,0.0,0.0,0.0,0.0,0.0,
1765990591.899438,sol-updown-15m-1765989900,1765989900.0,1765990800.0,,208.1005620956421,,,,,0,0,0.96,0.98,ONE_LEG_INVENTORY,,,,,,,,,,,,,,0,5,,,,,,,,,,,,,,,,,,,,,,,,,,,,5.0,0.0,,,,,0,0,,,Inv: 5.0/0.0 CapLeft: 45.0,,,5.0,0.0,5.0,45.0,50.0,0.0,50.0,0.0,0.0,0.0,0.0,0.0,0.0,0.0,0.0,0.0,
1765990593.789105,sol-updown-15m-1765989900,1765989900.0,1765990800.0,,206.21089506149292,,,,,0,0,0.99,0.98,ONE_LEG_INVENTORY,,,,,,,,,,,,,,0,5,,,,,,,,,,,,,,,,,,,,,,,,,,,,5.0,0.0,,,,,0,0,,,Inv: 5.0/0.0 CapLeft: 45.0,,,5.0,0.0,5.0,45.0,50.0,0.0,50.0,0.0,0.0,0.0,0.0,0.0,0.0,0.0,0.0,0.0,
1765990593.861259,sol-updown-15m-1765989900,1765989900.0,1765990800.0,,206.13874101638794,,,,,0,0,0.99,0.98,ONE_LEG_INVENTORY,,,,,,,,,,,,,,0,5,,,,,,,,,,,,,,,,,,,,,,,,,,,,5.0,0.0,,,,,0,0,,,Inv: 5.0/0.0 CapLeft: 45.0,,,5.0,0.0,5.0,45.0,50.0,0.0,50.0,0.0,0.0,0.0,0.0,0.0,0.0,0.0,0.0,0.0,
1765990595.7335296,sol-updown-15m-1765989900,1765989900.0,1765990800.0,,204.2664704322815,,,,,0,0,0.98,0.98,ONE_LEG_INVENTORY,,,,,,,,,,,,,,0,5,,,,,,,,,,,,,,,,,,,,,,,,,,,,5.0,0.0,,,,,0,0,,,Inv: 5.0/0.0 CapLeft: 45.0,,,5.0,0.0,5.0,45.0,50.0,0.0,50.0,0.0,0.0,0.0,0.0,0.0,0.0,0.0,0.0,0.0,
1765990595.7999377,sol-updown-15m-1765989900,1765989900.0,1765990800.0,,204.20006227493286,,,,,0,0,0.98,0.98,ONE_LEG_INVENTORY,,,,,,,,,,,,,,0,5,,,,,,,,,,,,,,,,,,,,,,,,,,,,5.0,0.0,,,,,0,0,,,Inv: 5.0/0.0 CapLeft: 45.0,,,5.0,0.0,5.0,45.0,50.0,0.0,50.0,0.0,0.0,0.0,0.0,0.0,0.0,0.0,0.0,0.0,
1765990597.6798894,sol-updown-15m-1765989900,1765989900.0,1765990800.0,,202.3201105594635,,,,,0,0,0.98,0.98,ONE_LEG_INVENTORY,,,,,,,,,,,,,,0,5,,,,,,,,,,,,,,,,,,,,,,,,,,,,5.0,0.0,,,,,0,0,,,Inv: 5.0/0.0 CapLeft: 45.0,,,5.0,0.0,5.0,45.0,50.0,0.0,50.0,0.0,0.0,0.0,0.0,0.0,0.0,0.0,0.0,0.0,
1765990597.7339609,sol-updown-15m-1765989900,1765989900.0,1765990800.0,,202.2660391330719,,,,,0,0,0.9600000000000001,0.98,ONE_LEG_INVENTORY,,,,,,,,,,,,,,0,5,,,,,,,,,,,,,,,,,,,,,,,,,,,,5.0,0.0,,,,,0,0,,,Inv: 5.0/0.0 CapLeft: 45.0,,,5.0,0.0,5.0,45.0,50.0,0.0,50.0,0.0,0.0,0.0,0.0,0.0,0.0,0.0,0.0,0.0,
1765990599.6806972,sol-updown-15m-1765989900,1765989900.0,1765990800.0,,200.3193027973175,,,,,0,0,0.97,0.98,ONE_LEG_INVENTORY,,,,,,,,,,,,,,0,5,,,,,,,,,,,,,,,,,,,,,,,,,,,,5.0,0.0,,,,,0,0,,,Inv: 5.0/0.0 CapLeft: 45.0,,,5.0,0.0,5.0,45.0,50.0,0.0,50.0,0.0,0.0,0.0,0.0,0.0,0.0,0.0,0.0,0.0,
1765990599.7109132,sol-updown-15m-1765989900,1765989900.0,1765990800.0,,200.28908681869507,,,,,0,0,0.97,0.98,ONE_LEG_INVENTORY,,,,,,,,,,,,,,0,5,,,,,,,,,,,,,,,,,,,,,,,,,,,,5.0,0.0,,,,,0,0,,,Inv: 5.0/0.0 CapLeft: 45.0,,,5.0,0.0,5.0,45.0,50.0,0.0,50.0,0.0,0.0,0.0,0.0,0.0,0.0,0.0,0.0,0.0,
1765990601.6342492,sol-updown-15m-1765989900,1765989900.0,1765990800.0,,198.36575078964233,,,,,0,0,0.98,0.98,ONE_LEG_INVENTORY,,,,,,,,,,,,,,0,5,,,,,,,,,,,,,,,,,,,,,,,,,,,,5.0,0.0,,,,,0,0,,,Inv: 5.0/0.0 CapLeft: 45.0,,,5.0,0.0,5.0,45.0,50.0,0.0,50.0,0.0,0.0,0.0,0.0,0.0,0.0,0.0,0.0,0.0,
1765990601.654297,sol-updown-15m-1765989900,1765989900.0,1765990800.0,,198.34570288658142,,,,,0,0,0.98,0.98,ONE_LEG_INVENTORY,,,,,,,,,,,,,,0,5,,,,,,,,,,,,,,,,,,,,,,,,,,,,5.0,0.0,,,,,0,0,,,Inv: 5.0/0.0 CapLeft: 45.0,,,5.0,0.0,5.0,45.0,50.0,0.0,50.0,0.0,0.0,0.0,0.0,0.0,0.0,0.0,0.0,0.0,
1765990603.5787385,sol-updown-15m-1765989900,1765989900.0,1765990800.0,,196.42126154899597,,,,,0,0,0.97,0.98,ONE_LEG_INVENTORY,,,,,,,,,,,,,,0,5,,,,,,,,,,,,,,,,,,,,,,,,,,,,5.0,0.0,,,,,0,0,,,Inv: 5.0/0.0 CapLeft: 45.0,,,5.0,0.0,5.0,45.0,50.0,0.0,50.0,0.0,0.0,0.0,0.0,0.0,0.0,0.0,0.0,0.0,
1765990603.6053452,sol-updown-15m-1765989900,1765989900.0,1765990800.0,,196.39465475082397,,,,,0,0,0.97,0.98,ONE_LEG_INVENTORY,,,,,,,,,,,,,,0,5,,,,,,,,,,,,,,,,,,,,,,,,,,,,5.0,0.0,,,,,0,0,,,Inv: 5.0/0.0 CapLeft: 45.0,,,5.0,0.0,5.0,45.0,50.0,0.0,50.0,0.0,0.0,0.0,0.0,0.0,0.0,0.0,0.0,0.0,
1765990605.5043602,sol-updown-15m-1765989900,1765989900.0,1765990800.0,,194.4956398010254,,,,,0,0,0.99,0.98,ONE_LEG_INVENTORY,,,,,,,,,,,,,,0,5,,,,,,,,,,,,,,,,,,,,,,,,,,,,5.0,0.0,,,,,0,0,,,Inv: 5.0/0.0 CapLeft: 45.0,,,5.0,0.0,5.0,45.0,50.0,0.0,50.0,0.0,0.0,0.0,0.0,0.0,0.0,0.0,0.0,0.0,
1765990605.5450149,sol-updown-15m-1765989900,1765989900.0,1765990800.0,,194.45498514175415,,,,,0,0,0.99,0.98,ONE_LEG_INVENTORY,,,,,,,,,,,,,,0,5,,,,,,,,,,,,,,,,,,,,,,,,,,,,5.0,0.0,,,,,0,0,,,Inv: 5.0/0.0 CapLeft: 45.0,,,5.0,0.0,5.0,45.0,50.0,0.0,50.0,0.0,0.0,0.0,0.0,0.0,0.0,0.0,0.0,0.0,
1765990607.4468455,sol-updown-15m-1765989900,1765989900.0,1765990800.0,,192.55315446853638,,,,,0,0,0.97,0.98,ONE_LEG_INVENTORY,,,,,,,,,,,,,,0,5,,,,,,,,,,,,,,,,,,,,,,,,,,,,5.0,0.0,,,,,0,0,,,Inv: 5.0/0.0 CapLeft: 45.0,,,5.0,0.0,5.0,45.0,50.0,0.0,50.0,0.0,0.0,0.0,0.0,0.0,0.0,0.0,0.0,0.0,
1765990607.4808962,sol-updown-15m-1765989900,1765989900.0,1765990800.0,,192.51910376548767,,,,,0,0,0.97,0.98,ONE_LEG_INVENTORY,,,,,,,,,,,,,,0,5,,,,,,,,,,,,,,,,,,,,,,,,,,,,5.0,0.0,,,,,0,0,,,Inv: 5.0/0.0 CapLeft: 45.0,,,5.0,0.0,5.0,45.0,50.0,0.0,50.0,0.0,0.0,0.0,0.0,0.0,0.0,0.0,0.0,0.0,
1765990609.375349,sol-updown-15m-1765989900,1765989900.0,1765990800.0,,190.6246509552002,,,,,0,0,0.97,0.98,ONE_LEG_INVENTORY,,,,,,,,,,,,,,0,5,,,,,,,,,,,,,,,,,,,,,,,,,,,,5.0,0.0,,,,,0,0,,,Inv: 5.0/0.0 CapLeft: 45.0,,,5.0,0.0,5.0,45.0,50.0,0.0,50.0,0.0,0.0,0.0,0.0,0.0,0.0,0.0,0.0,0.0,
1765990609.4144297,sol-updown-15m-1765989900,1765989900.0,1765990800.0,,190.58557033538818,,,,,0,0,0.95,0.98,ONE_LEG_INVENTORY,,,,,,,,,,,,,,0,5,,,,,,,,,,,,,,,,,,,,,,,,,,,,5.0,0.0,,,,,0,0,,,Inv: 5.0/0.0 CapLeft: 45.0,,,5.0,0.0,5.0,45.0,50.0,0.0,50.0,0.0,0.0,0.0,0.0,0.0,0.0,0.0,0.0,0.0,
1765990611.3300228,sol-updown-15m-1765989900,1765989900.0,1765990800.0,,188.66997718811035,,,,,0,0,0.98,0.98,ONE_LEG_INVENTORY,,,,,,,,,,,,,,0,5,,,,,,,,,,,,,,,,,,,,,,,,,,,,5.0,0.0,,,,,0,0,,,Inv: 5.0/0.0 CapLeft: 45.0,,,5.0,0.0,5.0,45.0,50.0,0.0,50.0,0.0,0.0,0.0,0.0,0.0,0.0,0.0,0.0,0.0,
1765990611.3798122,sol-updown-15m-1765989900,1765989900.0,1765990800.0,,188.6201877593994,,,,,0,0,0.98,0.98,ONE_LEG_INVENTORY,,,,,,,,,,,,,,0,5,,,,,,,,,,,,,,,,,,,,,,,,,,,,5.0,0.0,,,,,0,0,,,Inv: 5.0/0.0 CapLeft: 45.0,,,5.0,0.0,5.0,45.0,50.0,0.0,50.0,0.0,0.0,0.0,0.0,0.0,0.0,0.0,0.0,0.0,
1765990613.3534207,sol-updown-15m-1765989900,1765989900.0,1765990800.0,,186.64657926559448,,,,,0,0,0.95,0.98,ONE_LEG_INVENTORY,,,,,,,,,,,,,,0,5,,,,,,,,,,,,,,,,,,,,,,,,,,,,5.0,0.0,,,,,0,0,,,Inv: 5.0/0.0 CapLeft: 45.0,,,5.0,0.0,5.0,45.0,50.0,0.0,50.0,0.0,0.0,0.0,0.0,0.0,0.0,0.0,0.0,0.0,
1765990613.339424,sol-updown-15m-1765989900,1765989900.0,1765990800.0,,186.6605761051178,,,,,0,0,0.95,0.98,ONE_LEG_INVENTORY,,,,,,,,,,,,,,0,5,,,,,,,,,,,,,,,,,,,,,,,,,,,,5.0,0.0,,,,,0,0,,,Inv: 5.0/0.0 CapLeft: 45.0,,,5.0,0.0,5.0,45.0,50.0,0.0,50.0,0.0,0.0,0.0,0.0,0.0,0.0,0.0,0.0,0.0,
1765990615.3171916,sol-updown-15m-1765989900,1765989900.0,1765990800.0,,184.68280839920044,,,,,0,0,0.96,0.98,ONE_LEG_INVENTORY,,,,,,,,,,,,,,0,5,,,,,,,,,,,,,,,,,,,,,,,,,,,,5.0,0.0,,,,,0,0,,,Inv: 5.0/0.0 CapLeft: 45.0,,,5.0,0.0,5.0,45.0,50.0,0.0,50.0,0.0,0.0,0.0,0.0,0.0,0.0,0.0,0.0,0.0,
1765990615.3085458,sol-updown-15m-1765989900,1765989900.0,1765990800.0,,184.6914541721344,,,,,0,0,0.96,0.98,ONE_LEG_INVENTORY,,,,,,,,,,,,,,0,5,,,,,,,,,,,,,,,,,,,,,,,,,,,,5.0,0.0,,,,,0,0,,,Inv: 5.0/0.0 CapLeft: 45.0,,,5.0,0.0,5.0,45.0,50.0,0.0,50.0,0.0,0.0,0.0,0.0,0.0,0.0,0.0,0.0,0.0,
1765990617.2457204,sol-updown-15m-1765989900,1765989900.0,1765990800.0,,182.75427961349487,,,,,0,0,0.96,0.98,ONE_LEG_INVENTORY,,,,,,,,,,,,,,0,5,,,,,,,,,,,,,,,,,,,,,,,,,,,,5.0,0.0,,,,,0,0,,,Inv: 5.0/0.0 CapLeft: 45.0,,,5.0,0.0,5.0,45.0,50.0,0.0,50.0,0.0,0.0,0.0,0.0,0.0,0.0,0.0,0.0,0.0,
1765990617.2597895,sol-updown-15m-1765989900,1765989900.0,1765990800.0,,182.7402105331421,,,,,0,0,0.96,0.98,ONE_LEG_INVENTORY,,,,,,,,,,,,,,0,5,,,,,,,,,,,,,,,,,,,,,,,,,,,,5.0,0.0,,,,,0,0,,,Inv: 5.0/0.0 CapLeft: 45.0,,,5.0,0.0,5.0,45.0,50.0,0.0,50.0,0.0,0.0,0.0,0.0,0.0,0.0,0.0,0.0,0.0,
1765990619.1930919,sol-updown-15m-1765989900,1765989900.0,1765990800.0,,180.80690813064575,,,,,0,0,0.96,0.98,ONE_LEG_INVENTORY,,,,,,,,,,,,,,0,5,,,,,,,,,,,,,,,,,,,,,,,,,,,,5.0,0.0,,,,,0,0,,,Inv: 5.0/0.0 CapLeft: 45.0,,,5.0,0.0,5.0,45.0,50.0,0.0,50.0,0.0,0.0,0.0,0.0,0.0,0.0,0.0,0.0,0.0,
1765990619.1951842,sol-updown-15m-1765989900,1765989900.0,1765990800.0,,180.80481576919556,,,,,0,0,0.96,0.98,ONE_LEG_INVENTORY,,,,,,,,,,,,,,0,5,,,,,,,,,,,,,,,,,,,,,,,,,,,,5.0,0.0,,,,,0,0,,,Inv: 5.0/0.0 CapLeft: 45.0,,,5.0,0.0,5.0,45.0,50.0,0.0,50.0,0.0,0.0,0.0,0.0,0.0,0.0,0.0,0.0,0.0,
1765990621.1401377,sol-updown-15m-1765989900,1765989900.0,1765990800.0,,178.85986232757568,,,,,0,0,0.98,0.98,ONE_LEG_INVENTORY,,,,,,,,,,,,,,0,5,,,,,,,,,,,,,,,,,,,,,,,,,,,,5.0,0.0,,,,,0,0,,,Inv: 5.0/0.0 CapLeft: 45.0,,,5.0,0.0,5.0,45.0,50.0,0.0,50.0,0.0,0.0,0.0,0.0,0.0,0.0,0.0,0.0,0.0,
1765990621.130592,sol-updown-15m-1765989900,1765989900.0,1765990800.0,,178.86940789222717,,,,,0,0,0.98,0.98,ONE_LEG_INVENTORY,,,,,,,,,,,,,,0,5,,,,,,,,,,,,,,,,,,,,,,,,,,,,5.0,0.0,,,,,0,0,,,Inv: 5.0/0.0 CapLeft: 45.0,,,5.0,0.0,5.0,45.0,50.0,0.0,50.0,0.0,0.0,0.0,0.0,0.0,0.0,0.0,0.0,0.0,
1765990623.0701241,sol-updown-15m-1765989900,1765989900.0,1765990800.0,,176.9298758506775,,,,,0,0,0.9500000000000001,0.98,ONE_LEG_INVENTORY,,,,,,,,,,,,,,0,5,,,,,,,,,,,,,,,,,,,,,,,,,,,,5.0,0.0,,,,,0,0,,,Inv: 5.0/0.0 CapLeft: 45.0,,,5.0,0.0,5.0,45.0,50.0,0.0,50.0,0.0,0.0,0.0,0.0,0.0,0.0,0.0,0.0,0.0,
1765990623.100645,sol-updown-15m-1765989900,1765989900.0,1765990800.0,,176.89935493469238,,,,,0,0,0.9500000000000001,0.98,ONE_LEG_INVENTORY,,,,,,,,,,,,,,0,5,,,,,,,,,,,,,,,,,,,,,,,,,,,,5.0,0.0,,,,,0,0,,,Inv: 5.0/0.0 CapLeft: 45.0,,,5.0,0.0,5.0,45.0,50.0,0.0,50.0,0.0,0.0,0.0,0.0,0.0,0.0,0.0,0.0,0.0,
1765990624.996061,sol-updown-15m-1765989900,1765989900.0,1765990800.0,,175.00393891334534,,,,,0,0,0.94,0.98,ONE_LEG_INVENTORY,,,,,,,,,,,,,,0,5,,,,,,,,,,,,,,,,,,,,,,,,,,,,5.0,0.0,,,,,0,0,,,Inv: 5.0/0.0 CapLeft: 45.0,,,5.0,0.0,5.0,45.0,50.0,0.0,50.0,0.0,0.0,0.0,0.0,0.0,0.0,0.0,0.0,0.0,
1765990625.0373504,sol-updown-15m-1765989900,1765989900.0,1765990800.0,,174.96264958381653,,,,,0,0,0.96,0.98,ONE_LEG_INVENTORY,,,,,,,,,,,,,,0,5,,,,,,,,,,,,,,,,,,,,,,,,,,,,5.0,0.0,,,,,0,0,,,Inv: 5.0/0.0 CapLeft: 45.0,,,5.0,0.0,5.0,45.0,50.0,0.0,50.0,0.0,0.0,0.0,0.0,0.0,0.0,0.0,0.0,0.0,
1765990626.9731905,sol-updown-15m-1765989900,1765989900.0,1765990800.0,,173.02680945396423,,,,,0,0,0.96,0.98,ONE_LEG_INVENTORY,,,,,,,,,,,,,,0,5,,,,,,,,,,,,,,,,,,,,,,,,,,,,5.0,0.0,,,,,0,0,,,Inv: 5.0/0.0 CapLeft: 45.0,,,5.0,0.0,5.0,45.0,50.0,0.0,50.0,0.0,0.0,0.0,0.0,0.0,0.0,0.0,0.0,0.0,
1765990626.9340863,sol-updown-15m-1765989900,1765989900.0,1765990800.0,,173.06591367721558,,,,,0,0,0.96,0.98,ONE_LEG_INVENTORY,,,,,,,,,,,,,,0,5,,,,,,,,,,,,,,,,,,,,,,,,,,,,5.0,0.0,,,,,0,0,,,Inv: 5.0/0.0 CapLeft: 45.0,,,5.0,0.0,5.0,45.0,50.0,0.0,50.0,0.0,0.0,0.0,0.0,0.0,0.0,0.0,0.0,0.0,
1765990628.9260361,sol-updown-15m-1765989900,1765989900.0,1765990800.0,,171.07396388053894,,,,,0,0,0.95,0.98,ONE_LEG_INVENTORY,,,,,,,,,,,,,,0,5,,,,,,,,,,,,,,,,,,,,,,,,,,,,5.0,0.0,,,,,0,0,,,Inv: 5.0/0.0 CapLeft: 45.0,,,5.0,0.0,5.0,45.0,50.0,0.0,50.0,0.0,0.0,0.0,0.0,0.0,0.0,0.0,0.0,0.0,
1765990628.9682536,sol-updown-15m-1765989900,1765989900.0,1765990800.0,,171.0317463874817,,,,,0,0,0.96,0.98,ONE_LEG_INVENTORY,,,,,,,,,,,,,,0,5,,,,,,,,,,,,,,,,,,,,,,,,,,,,5.0,0.0,,,,,0,0,,,Inv: 5.0/0.0 CapLeft: 45.0,,,5.0,0.0,5.0,45.0,50.0,0.0,50.0,0.0,0.0,0.0,0.0,0.0,0.0,0.0,0.0,0.0,
1765990630.9256408,sol-updown-15m-1765989900,1765989900.0,1765990800.0,,169.0743591785431,,,,,0,0,0.98,0.98,ONE_LEG_INVENTORY,,,,,,,,,,,,,,0,5,,,,,,,,,,,,,,,,,,,,,,,,,,,,5.0,0.0,,,,,0,0,,,Inv: 5.0/0.0 CapLeft: 45.0,,,5.0,0.0,5.0,45.0,50.0,0.0,50.0,0.0,0.0,0.0,0.0,0.0,0.0,0.0,0.0,0.0,
1765990630.9421668,sol-updown-15m-1765989900,1765989900.0,1765990800.0,,169.05783319473267,,,,,0,0,0.98,0.98,ONE_LEG_INVENTORY,,,,,,,,,,,,,,0,5,,,,,,,,,,,,,,,,,,,,,,,,,,,,5.0,0.0,,,,,0,0,,,Inv: 5.0/0.0 CapLeft: 45.0,,,5.0,0.0,5.0,45.0,50.0,0.0,50.0,0.0,0.0,0.0,0.0,0.0,0.0,0.0,0.0,0.0,
1765990632.8669667,sol-updown-15m-1765989900,1765989900.0,1765990800.0,,167.13303327560425,,,,,0,0,0.95,0.98,ONE_LEG_INVENTORY,,,,,,,,,,,,,,0,5,,,,,,,,,,,,,,,,,,,,,,,,,,,,5.0,0.0,,,,,0,0,,,Inv: 5.0/0.0 CapLeft: 45.0,,,5.0,0.0,5.0,45.0,50.0,0.0,50.0,0.0,0.0,0.0,0.0,0.0,0.0,0.0,0.0,0.0,
1765990632.885863,sol-updown-15m-1765989900,1765989900.0,1765990800.0,,167.1141369342804,,,,,0,0,0.95,0.98,ONE_LEG_INVENTORY,,,,,,,,,,,,,,0,5,,,,,,,,,,,,,,,,,,,,,,,,,,,,5.0,0.0,,,,,0,0,,,Inv: 5.0/0.0 CapLeft: 45.0,,,5.0,0.0,5.0,45.0,50.0,0.0,50.0,0.0,0.0,0.0,0.0,0.0,0.0,0.0,0.0,0.0,
1765990634.830108,sol-updown-15m-1765989900,1765989900.0,1765990800.0,,165.1698920726776,,,,,0,0,0.95,0.98,ONE_LEG_INVENTORY,,,,,,,,,,,,,,0,5,,,,,,,,,,,,,,,,,,,,,,,,,,,,5.0,0.0,,,,,0,0,,,Inv: 5.0/0.0 CapLeft: 45.0,,,5.0,0.0,5.0,45.0,50.0,0.0,50.0,0.0,0.0,0.0,0.0,0.0,0.0,0.0,0.0,0.0,
1765990634.8530283,sol-updown-15m-1765989900,1765989900.0,1765990800.0,,165.14697170257568,,,,,0,0,0.95,0.98,ONE_LEG_INVENTORY,,,,,,,,,,,,,,0,5,,,,,,,,,,,,,,,,,,,,,,,,,,,,5.0,0.0,,,,,0,0,,,Inv: 5.0/0.0 CapLeft: 45.0,,,5.0,0.0,5.0,45.0,50.0,0.0,50.0,0.0,0.0,0.0,0.0,0.0,0.0,0.0,0.0,0.0,
1765990636.7615538,sol-updown-15m-1765989900,1765989900.0,1765990800.0,,163.23844623565674,,,,,0,0,0.93,0.98,ONE_LEG_INVENTORY,,,,,,,,,,,,,,0,5,,,,,,,,,,,,,,,,,,,,,,,,,,,,5.0,0.0,,,,,0,0,,,Inv: 5.0/0.0 CapLeft: 45.0,,,5.0,0.0,5.0,45.0,50.0,0.0,50.0,0.0,0.0,0.0,0.0,0.0,0.0,0.0,0.0,0.0,
1765990636.7959502,sol-updown-15m-1765989900,1765989900.0,1765990800.0,,163.20404982566833,,,,,0,0,0.93,0.98,ONE_LEG_INVENTORY,,,,,,,,,,,,,,0,5,,,,,,,,,,,,,,,,,,,,,,,,,,,,5.0,0.0,,,,,0,0,,,Inv: 5.0/0.0 CapLeft: 45.0,,,5.0,0.0,5.0,45.0,50.0,0.0,50.0,0.0,0.0,0.0,0.0,0.0,0.0,0.0,0.0,0.0,
1765990638.7324455,sol-updown-15m-1765989900,1765989900.0,1765990800.0,,161.26755452156067,,,,,0,0,0.93,0.98,ONE_LEG_INVENTORY,,,,,,,,,,,,,,0,5,,,,,,,,,,,,,,,,,,,,,,,,,,,,5.0,0.0,,,,,0,0,,,Inv: 5.0/0.0 CapLeft: 45.0,,,5.0,0.0,5.0,45.0,50.0,0.0,50.0,0.0,0.0,0.0,0.0,0.0,0.0,0.0,0.0,0.0,
1765990638.7261207,sol-updown-15m-1765989900,1765989900.0,1765990800.0,,161.27387928962708,,,,,0,0,0.93,0.98,ONE_LEG_INVENTORY,,,,,,,,,,,,,,0,5,,,,,,,,,,,,,,,,,,,,,,,,,,,,5.0,0.0,,,,,0,0,,,Inv: 5.0/0.0 CapLeft: 45.0,,,5.0,0.0,5.0,45.0,50.0,0.0,50.0,0.0,0.0,0.0,0.0,0.0,0.0,0.0,0.0,0.0,
1765990640.6592855,sol-updown-15m-1765989900,1765989900.0,1765990800.0,,159.34071445465088,,,,,0,0,0.95,0.98,ONE_LEG_INVENTORY,,,,,,,,,,,,,,0,5,,,,,,,,,,,,,,,,,,,,,,,,,,,,5.0,0.0,,,,,0,0,,,Inv: 5.0/0.0 CapLeft: 45.0,,,5.0,0.0,5.0,45.0,50.0,0.0,50.0,0.0,0.0,0.0,0.0,0.0,0.0,0.0,0.0,0.0,
1765990640.7417545,sol-updown-15m-1765989900,1765989900.0,1765990800.0,,159.25824546813965,,,,,0,0,0.94,0.98,ONE_LEG_INVENTORY,,,,,,,,,,,,,,0,5,,,,,,,,,,,,,,,,,,,,,,,,,,,,5.0,0.0,,,,,0,0,,,Inv: 5.0/0.0 CapLeft: 45.0,,,5.0,0.0,5.0,45.0,50.0,0.0,50.0,0.0,0.0,0.0,0.0,0.0,0.0,0.0,0.0,0.0,
1765990642.5771766,sol-updown-15m-1765989900,1765989900.0,1765990800.0,,157.42282342910767,,,,,0,0,0.95,0.98,ONE_LEG_INVENTORY,,,,,,,,,,,,,,0,5,,,,,,,,,,,,,,,,,,,,,,,,,,,,5.0,0.0,,,,,0,0,,,Inv: 5.0/0.0 CapLeft: 45.0,,,5.0,0.0,5.0,45.0,50.0,0.0,50.0,0.0,0.0,0.0,0.0,0.0,0.0,0.0,0.0,0.0,
1765990642.7084587,sol-updown-15m-1765989900,1765989900.0,1765990800.0,,157.29154133796692,,,,,0,0,0.95,0.98,ONE_LEG_INVENTORY,,,,,,,,,,,,,,0,5,,,,,,,,,,,,,,,,,,,,,,,,,,,,5.0,0.0,,,,,0,0,,,Inv: 5.0/0.0 CapLeft: 45.0,,,5.0,0.0,5.0,45.0,50.0,0.0,50.0,0.0,0.0,0.0,0.0,0.0,0.0,0.0,0.0,0.0,
1765990644.5445986,sol-updown-15m-1765989900,1765989900.0,1765990800.0,,155.45540142059326,,,,,0,0,0.96,0.98,ONE_LEG_INVENTORY,,,,,,,,,,,,,,0,5,,,,,,,,,,,,,,,,,,,,,,,,,,,,5.0,0.0,,,,,0,0,,,Inv: 5.0/0.0 CapLeft: 45.0,,,5.0,0.0,5.0,45.0,50.0,0.0,50.0,0.0,0.0,0.0,0.0,0.0,0.0,0.0,0.0,0.0,
1765990644.6467261,sol-updown-15m-1765989900,1765989900.0,1765990800.0,,155.3532738685608,,,,,0,0,0.96,0.98,ONE_LEG_INVENTORY,,,,,,,,,,,,,,0,5,,,,,,,,,,,,,,,,,,,,,,,,,,,,5.0,0.0,,,,,0,0,,,Inv: 5.0/0.0 CapLeft: 45.0,,,5.0,0.0,5.0,45.0,50.0,0.0,50.0,0.0,0.0,0.0,0.0,0.0,0.0,0.0,0.0,0.0,
1765990646.5001132,sol-updown-15m-1765989900,1765989900.0,1765990800.0,,153.49988675117493,,,,,0,0,0.94,0.98,ONE_LEG_INVENTORY,,,,,,,,,,,,,,0,5,,,,,,,,,,,,,,,,,,,,,,,,,,,,5.0,0.0,,,,,0,0,,,Inv: 5.0/0.0 CapLeft: 45.0,,,5.0,0.0,5.0,45.0,50.0,0.0,50.0,0.0,0.0,0.0,0.0,0.0,0.0,0.0,0.0,0.0,
1765990646.61815,sol-updown-15m-1765989900,1765989900.0,1765990800.0,,153.38185000419617,,,,,0,0,0.93,0.98,ONE_LEG_INVENTORY,,,,,,,,,,,,,,0,5,,,,,,,,,,,,,,,,,,,,,,,,,,,,5.0,0.0,,,,,0,0,,,Inv: 5.0/0.0 CapLeft: 45.0,,,5.0,0.0,5.0,45.0,50.0,0.0,50.0,0.0,0.0,0.0,0.0,0.0,0.0,0.0,0.0,0.0,
1765990648.4246953,sol-updown-15m-1765989900,1765989900.0,1765990800.0,,151.5753047466278,,,,,0,0,0.9600000000000001,0.98,ONE_LEG_INVENTORY,,,,,,,,,,,,,,0,5,,,,,,,,,,,,,,,,,,,,,,,,,,,,5.0,0.0,,,,,0,0,,,Inv: 5.0/0.0 CapLeft: 45.0,,,5.0,0.0,5.0,45.0,50.0,0.0,50.0,0.0,0.0,0.0,0.0,0.0,0.0,0.0,0.0,0.0,
1765990648.5551553,sol-updown-15m-1765989900,1765989900.0,1765990800.0,,151.4448447227478,,,,,0,0,0.9500000000000001,0.98,ONE_LEG_INVENTORY,,,,,,,,,,,,,,0,5,,,,,,,,,,,,,,,,,,,,,,,,,,,,5.0,0.0,,,,,0,0,,,Inv: 5.0/0.0 CapLeft: 45.0,,,5.0,0.0,5.0,45.0,50.0,0.0,50.0,0.0,0.0,0.0,0.0,0.0,0.0,0.0,0.0,0.0,
1765990650.4620388,sol-updown-15m-1765989900,1765989900.0,1765990800.0,,149.53796124458313,,,,,0,0,0.97,0.98,ONE_LEG_INVENTORY,,,,,,,,,,,,,,0,5,,,,,,,,,,,,,,,,,,,,,,,,,,,,5.0,0.0,,,,,0,0,,,Inv: 5.0/0.0 CapLeft: 45.0,,,5.0,0.0,5.0,45.0,50.0,0.0,50.0,0.0,0.0,0.0,0.0,0.0,0.0,0.0,0.0,0.0,
1765990650.507303,sol-updown-15m-1765989900,1765989900.0,1765990800.0,,149.49269700050354,,,,,0,0,0.97,0.98,ONE_LEG_INVENTORY,,,,,,,,,,,,,,0,5,,,,,,,,,,,,,,,,,,,,,,,,,,,,5.0,0.0,,,,,0,0,,,Inv: 5.0/0.0 CapLeft: 45.0,,,5.0,0.0,5.0,45.0,50.0,0.0,50.0,0.0,0.0,0.0,0.0,0.0,0.0,0.0,0.0,0.0,
1765990652.394928,sol-updown-15m-1765989900,1765989900.0,1765990800.0,,147.60507202148438,,,,,0,0,0.99,0.98,ONE_LEG_INVENTORY,,,,,,,,,,,,,,0,5,,,,,,,,,,,,,,,,,,,,,,,,,,,,5.0,0.0,,,,,0,0,,,Inv: 5.0/0.0 CapLeft: 45.0,,,5.0,0.0,5.0,45.0,50.0,0.0,50.0,0.0,0.0,0.0,0.0,0.0,0.0,0.0,0.0,0.0,
1765990652.4379342,sol-updown-15m-1765989900,1765989900.0,1765990800.0,,147.56206583976746,,,,,0,0,0.99,0.98,ONE_LEG_INVENTORY,,,,,,,,,,,,,,0,5,,,,,,,,,,,,,,,,,,,,,,,,,,,,5.0,0.0,,,,,0,0,,,Inv: 5.0/0.0 CapLeft: 45.0,,,5.0,0.0,5.0,45.0,50.0,0.0,50.0,0.0,0.0,0.0,0.0,0.0,0.0,0.0,0.0,0.0,
1765990654.344177,sol-updown-15m-1765989900,1765989900.0,1765990800.0,,145.65582299232483,,,,,0,0,0.97,0.98,ONE_LEG_INVENTORY,,,,,,,,,,,,,,0,5,,,,,,,,,,,,,,,,,,,,,,,,,,,,5.0,0.0,,,,,0,0,,,Inv: 5.0/0.0 CapLeft: 45.0,,,5.0,0.0,5.0,45.0,50.0,0.0,50.0,0.0,0.0,0.0,0.0,0.0,0.0,0.0,0.0,0.0,
1765990654.3991778,sol-updown-15m-1765989900,1765989900.0,1765990800.0,,145.6008222103119,,,,,0,0,0.97,0.98,ONE_LEG_INVENTORY,,,,,,,,,,,,,,0,5,,,,,,,,,,,,,,,,,,,,,,,,,,,,5.0,0.0,,,,,0,0,,,Inv: 5.0/0.0 CapLeft: 45.0,,,5.0,0.0,5.0,45.0,50.0,0.0,50.0,0.0,0.0,0.0,0.0,0.0,0.0,0.0,0.0,0.0,
1765990656.28229,sol-updown-15m-1765989900,1765989900.0,1765990800.0,,143.71771001815796,,,,,0,0,0.9199999999999999,0.98,ONE_LEG_INVENTORY,,,,,,,,,,,,,,0,5,,,,,,,,,,,,,,,,,,,,,,,,,,,,5.0,0.0,,,,,0,0,,,Inv: 5.0/0.0 CapLeft: 45.0,,,5.0,0.0,5.0,45.0,50.0,0.0,50.0,0.0,0.0,0.0,0.0,0.0,0.0,0.0,0.0,0.0,
1765990656.3505633,sol-updown-15m-1765989900,1765989900.0,1765990800.0,,143.64943671226501,,,,,0,0,0.9199999999999999,0.98,ONE_LEG_INVENTORY,,,,,,,,,,,,,,0,5,,,,,,,,,,,,,,,,,,,,,,,,,,,,5.0,0.0,,,,,0,0,,,Inv: 5.0/0.0 CapLeft: 45.0,,,5.0,0.0,5.0,45.0,50.0,0.0,50.0,0.0,0.0,0.0,0.0,0.0,0.0,0.0,0.0,0.0,
1765990658.267602,sol-updown-15m-1765989900,1765989900.0,1765990800.0,,141.7323980331421,,,,,0,0,0.95,0.98,ONE_LEG_INVENTORY,,,,,,,,,,,,,,0,5,,,,,,,,,,,,,,,,,,,,,,,,,,,,5.0,0.0,,,,,0,0,,,Inv: 5.0/0.0 CapLeft: 45.0,,,5.0,0.0,5.0,45.0,50.0,0.0,50.0,0.0,0.0,0.0,0.0,0.0,0.0,0.0,0.0,0.0,
1765990658.2840414,sol-updown-15m-1765989900,1765989900.0,1765990800.0,,141.71595859527588,,,,,0,0,0.95,0.98,ONE_LEG_INVENTORY,,,,,,,,,,,,,,0,5,,,,,,,,,,,,,,,,,,,,,,,,,,,,5.0,0.0,,,,,0,0,,,Inv: 5.0/0.0 CapLeft: 45.0,,,5.0,0.0,5.0,45.0,50.0,0.0,50.0,0.0,0.0,0.0,0.0,0.0,0.0,0.0,0.0,0.0,
1765990660.2050757,sol-updown-15m-1765989900,1765989900.0,1765990800.0,,139.7949242591858,,,,,0,0,0.97,0.98,ONE_LEG_INVENTORY,,,,,,,,,,,,,,0,5,,,,,,,,,,,,,,,,,,,,,,,,,,,,5.0,0.0,,,,,0,0,,,Inv: 5.0/0.0 CapLeft: 45.0,,,5.0,0.0,5.0,45.0,50.0,0.0,50.0,0.0,0.0,0.0,0.0,0.0,0.0,0.0,0.0,0.0,
1765990660.27606,sol-updown-15m-1765989900,1765989900.0,1765990800.0,,139.72393989562988,,,,,0,0,0.97,0.98,ONE_LEG_INVENTORY,,,,,,,,,,,,,,0,5,,,,,,,,,,,,,,,,,,,,,,,,,,,,5.0,0.0,,,,,0,0,,,Inv: 5.0/0.0 CapLeft: 45.0,,,5.0,0.0,5.0,45.0,50.0,0.0,50.0,0.0,0.0,0.0,0.0,0.0,0.0,0.0,0.0,0.0,
1765990662.1585312,sol-updown-15m-1765989900,1765989900.0,1765990800.0,,137.84146881103516,,,,,0,0,0.94,0.98,ONE_LEG_INVENTORY,,,,,,,,,,,,,,0,5,,,,,,,,,,,,,,,,,,,,,,,,,,,,5.0,0.0,,,,,0,0,,,Inv: 5.0/0.0 CapLeft: 45.0,,,5.0,0.0,5.0,45.0,50.0,0.0,50.0,0.0,0.0,0.0,0.0,0.0,0.0,0.0,0.0,0.0,
1765990662.242447,sol-updown-15m-1765989900,1765989900.0,1765990800.0,,137.75755310058594,,,,,0,0,0.94,0.98,ONE_LEG_INVENTORY,,,,,,,,,,,,,,0,5,,,,,,,,,,,,,,,,,,,,,,,,,,,,5.0,0.0,,,,,0,0,,,Inv: 5.0/0.0 CapLeft: 45.0,,,5.0,0.0,5.0,45.0,50.0,0.0,50.0,0.0,0.0,0.0,0.0,0.0,0.0,0.0,0.0,0.0,
1765990664.0989766,sol-updown-15m-1765989900,1765989900.0,1765990800.0,,135.90102338790894,,,,,0,0,0.96,0.98,ONE_LEG_INVENTORY,,,,,,,,,,,,,,0,5,,,,,,,,,,,,,,,,,,,,,,,,,,,,5.0,0.0,,,,,0,0,,,Inv: 5.0/0.0 CapLeft: 45.0,,,5.0,0.0,5.0,45.0,50.0,0.0,50.0,0.0,0.0,0.0,0.0,0.0,0.0,0.0,0.0,0.0,
1765990664.191729,sol-updown-15m-1765989900,1765989900.0,1765990800.0,,135.8082709312439,,,,,0,0,0.96,0.98,ONE_LEG_INVENTORY,,,,,,,,,,,,,,0,5,,,,,,,,,,,,,,,,,,,,,,,,,,,,5.0,0.0,,,,,0,0,,,Inv: 5.0/0.0 CapLeft: 45.0,,,5.0,0.0,5.0,45.0,50.0,0.0,50.0,0.0,0.0,0.0,0.0,0.0,0.0,0.0,0.0,0.0,
1765990666.1428533,sol-updown-15m-1765989900,1765989900.0,1765990800.0,,133.85714673995972,,,,,0,0,0.98,0.98,ONE_LEG_INVENTORY,,,,,,,,,,,,,,0,5,,,,,,,,,,,,,,,,,,,,,,,,,,,,5.0,0.0,,,,,0,0,,,Inv: 5.0/0.0 CapLeft: 45.0,,,5.0,0.0,5.0,45.0,50.0,0.0,50.0,0.0,0.0,0.0,0.0,0.0,0.0,0.0,0.0,0.0,
1765990668.0892425,sol-updown-15m-1765989900,1765989900.0,1765990800.0,,131.9107575416565,,,,,0,0,0.97,0.98,ONE_LEG_INVENTORY,,,,,,,,,,,,,,0,5,,,,,,,,,,,,,,,,,,,,,,,,,,,,5.0,0.0,,,,,0,0,,,Inv: 5.0/0.0 CapLeft: 45.0,,,5.0,0.0,5.0,45.0,50.0,0.0,50.0,0.0,0.0,0.0,0.0,0.0,0.0,0.0,0.0,0.0,
1765990668.0897539,sol-updown-15m-1765989900,1765989900.0,1765990800.0,,131.91024613380432,,,,,0,0,0.95,0.98,ONE_LEG_INVENTORY,,,,,,,,,,,,,,0,5,,,,,,,,,,,,,,,,,,,,,,,,,,,,5.0,0.0,,,,,0,0,,,Inv: 5.0/0.0 CapLeft: 45.0,,,5.0,0.0,5.0,45.0,50.0,0.0,50.0,0.0,0.0,0.0,0.0,0.0,0.0,0.0,0.0,0.0,
1765990670.0198514,sol-updown-15m-1765989900,1765989900.0,1765990800.0,,129.98014855384827,,,,,0,0,0.95,0.98,ONE_LEG_INVENTORY,,,,,,,,,,,,,,0,5,,,,,,,,,,,,,,,,,,,,,,,,,,,,5.0,0.0,,,,,0,0,,,Inv: 5.0/0.0 CapLeft: 45.0,,,5.0,0.0,5.0,45.0,50.0,0.0,50.0,0.0,0.0,0.0,0.0,0.0,0.0,0.0,0.0,0.0,
1765990670.0107818,sol-updown-15m-1765989900,1765989900.0,1765990800.0,,129.98921823501587,,,,,0,0,0.95,0.98,ONE_LEG_INVENTORY,,,,,,,,,,,,,,0,5,,,,,,,,,,,,,,,,,,,,,,,,,,,,5.0,0.0,,,,,0,0,,,Inv: 5.0/0.0 CapLeft: 45.0,,,5.0,0.0,5.0,45.0,50.0,0.0,50.0,0.0,0.0,0.0,0.0,0.0,0.0,0.0,0.0,0.0,
1765990671.9769716,sol-updown-15m-1765989900,1765989900.0,1765990800.0,,128.02302837371826,,,,,0,0,0.99,0.98,ONE_LEG_INVENTORY,,,,,,,,,,,,,,0,5,,,,,,,,,,,,,,,,,,,,,,,,,,,,5.0,0.0,,,,,0,0,,,Inv: 5.0/0.0 CapLeft: 45.0,,,5.0,0.0,5.0,45.0,50.0,0.0,50.0,0.0,0.0,0.0,0.0,0.0,0.0,0.0,0.0,0.0,
1765990671.9814453,sol-updown-15m-1765989900,1765989900.0,1765990800.0,,128.0185546875,,,,,0,0,0.99,0.98,ONE_LEG_INVENTORY,,,,,,,,,,,,,,0,5,,,,,,,,,,,,,,,,,,,,,,,,,,,,5.0,0.0,,,,,0,0,,,Inv: 5.0/0.0 CapLeft: 45.0,,,5.0,0.0,5.0,45.0,50.0,0.0,50.0,0.0,0.0,0.0,0.0,0.0,0.0,0.0,0.0,0.0,
1765990673.9119234,sol-updown-15m-1765989900,1765989900.0,1765990800.0,,126.0880765914917,,,,,0,0,0.96,0.98,ONE_LEG_INVENTORY,,,,,,,,,,,,,,0,5,,,,,,,,,,,,,,,,,,,,,,,,,,,,5.0,0.0,,,,,0,0,,,Inv: 5.0/0.0 CapLeft: 45.0,,,5.0,0.0,5.0,45.0,50.0,0.0,50.0,0.0,0.0,0.0,0.0,0.0,0.0,0.0,0.0,0.0,
1765990673.9348023,sol-updown-15m-1765989900,1765989900.0,1765990800.0,,126.06519770622253,,,,,0,0,0.96,0.98,ONE_LEG_INVENTORY,,,,,,,,,,,,,,0,5,,,,,,,,,,,,,,,,,,,,,,,,,,,,5.0,0.0,,,,,0,0,,,Inv: 5.0/0.0 CapLeft: 45.0,,,5.0,0.0,5.0,45.0,50.0,0.0,50.0,0.0,0.0,0.0,0.0,0.0,0.0,0.0,0.0,0.0,
1765990675.84283,sol-updown-15m-1765989900,1765989900.0,1765990800.0,,124.15717005729675,,,,,0,0,0.96,0.98,ONE_LEG_INVENTORY,,,,,,,,,,,,,,0,5,,,,,,,,,,,,,,,,,,,,,,,,,,,,5.0,0.0,,,,,0,0,,,Inv: 5.0/0.0 CapLeft: 45.0,,,5.0,0.0,5.0,45.0,50.0,0.0,50.0,0.0,0.0,0.0,0.0,0.0,0.0,0.0,0.0,0.0,
1765990675.8535647,sol-updown-15m-1765989900,1765989900.0,1765990800.0,,124.1464352607727,,,,,0,0,0.96,0.98,ONE_LEG_INVENTORY,,,,,,,,,,,,,,0,5,,,,,,,,,,,,,,,,,,,,,,,,,,,,5.0,0.0,,,,,0,0,,,Inv: 5.0/0.0 CapLeft: 45.0,,,5.0,0.0,5.0,45.0,50.0,0.0,50.0,0.0,0.0,0.0,0.0,0.0,0.0,0.0,0.0,0.0,
1765990677.7931926,sol-updown-15m-1765989900,1765989900.0,1765990800.0,,122.20680737495422,,,,,0,0,1.0,0.98,ONE_LEG_INVENTORY,,,,,,,,,,,,,,0,5,,,,,,,,,,,,,,,,,,,,,,,,,,,,5.0,0.0,,,,,0,0,,,Inv: 5.0/0.0 CapLeft: 45.0,,,5.0,0.0,5.0,45.0,50.0,0.0,50.0,0.0,0.0,0.0,0.0,0.0,0.0,0.0,0.0,0.0,
1765990677.7963245,sol-updown-15m-1765989900,1765989900.0,1765990800.0,,122.20367550849915,,,,,0,0,1.0,0.98,ONE_LEG_INVENTORY,,,,,,,,,,,,,,0,5,,,,,,,,,,,,,,,,,,,,,,,,,,,,5.0,0.0,,,,,0,0,,,Inv: 5.0/0.0 CapLeft: 45.0,,,5.0,0.0,5.0,45.0,50.0,0.0,50.0,0.0,0.0,0.0,0.0,0.0,0.0,0.0,0.0,0.0,
1765990679.7247758,sol-updown-15m-1765989900,1765989900.0,1765990800.0,,120.27522420883179,,,,,0,0,0.96,0.98,ONE_LEG_INVENTORY,,,,,,,,,,,,,,0,5,,,,,,,,,,,,,,,,,,,,,,,,,,,,5.0,0.0,,,,,0,0,,,Inv: 5.0/0.0 CapLeft: 45.0,,,5.0,0.0,5.0,45.0,50.0,0.0,50.0,0.0,0.0,0.0,0.0,0.0,0.0,0.0,0.0,0.0,
1765990679.735589,sol-updown-15m-1765989900,1765989900.0,1765990800.0,,120.26441097259521,,,,,0,0,0.96,0.98,ONE_LEG_INVENTORY,,,,,,,,,,,,,,0,5,,,,,,,,,,,,,,,,,,,,,,,,,,,,5.0,0.0,,,,,0,0,,,Inv: 5.0/0.0 CapLeft: 45.0,,,5.0,0.0,5.0,45.0,50.0,0.0,50.0,0.0,0.0,0.0,0.0,0.0,0.0,0.0,0.0,0.0,
1765990681.6943104,sol-updown-15m-1765989900,1765989900.0,1765990800.0,,118.30568957328796,,,,,0,0,0.94,0.98,ONE_LEG_INVENTORY,,,,,,,,,,,,,,0,5,,,,,,,,,,,,,,,,,,,,,,,,,,,,5.0,0.0,,,,,0,0,,,Inv: 5.0/0.0 CapLeft: 45.0,,,5.0,0.0,5.0,45.0,50.0,0.0,50.0,0.0,0.0,0.0,0.0,0.0,0.0,0.0,0.0,0.0,
1765990681.6923053,sol-updown-15m-1765989900,1765989900.0,1765990800.0,,118.30769467353821,,,,,0,0,0.94,0.98,ONE_LEG_INVENTORY,,,,,,,,,,,,,,0,5,,,,,,,,,,,,,,,,,,,,,,,,,,,,5.0,0.0,,,,,0,0,,,Inv: 5.0/0.0 CapLeft: 45.0,,,5.0,0.0,5.0,45.0,50.0,0.0,50.0,0.0,0.0,0.0,0.0,0.0,0.0,0.0,0.0,0.0,
1765990683.672259,sol-updown-15m-1765989900,1765989900.0,1765990800.0,,116.32774090766907,,,,,0,0,0.94,0.98,ONE_LEG_INVENTORY,,,,,,,,,,,,,,0,5,,,,,,,,,,,,,,,,,,,,,,,,,,,,5.0,0.0,,,,,0,0,,,Inv: 5.0/0.0 CapLeft: 45.0,,,5.0,0.0,5.0,45.0,50.0,0.0,50.0,0.0,0.0,0.0,0.0,0.0,0.0,0.0,0.0,0.0,
1765990683.6663766,sol-updown-15m-1765989900,1765989900.0,1765990800.0,,116.33362340927124,,,,,0,0,0.94,0.98,ONE_LEG_INVENTORY,,,,,,,,,,,,,,0,5,,,,,,,,,,,,,,,,,,,,,,,,,,,,5.0,0.0,,,,,0,0,,,Inv: 5.0/0.0 CapLeft: 45.0,,,5.0,0.0,5.0,45.0,50.0,0.0,50.0,0.0,0.0,0.0,0.0,0.0,0.0,0.0,0.0,0.0,
1765990685.5914042,sol-updown-15m-1765989900,1765989900.0,1765990800.0,,114.40859580039978,,,,,0,0,0.94,0.98,ONE_LEG_INVENTORY,,,,,,,,,,,,,,0,5,,,,,,,,,,,,,,,,,,,,,,,,,,,,5.0,0.0,,,,,0,0,,,Inv: 5.0/0.0 CapLeft: 45.0,,,5.0,0.0,5.0,45.0,50.0,0.0,50.0,0.0,0.0,0.0,0.0,0.0,0.0,0.0,0.0,0.0,
1765990685.7319438,sol-updown-15m-1765989900,1765989900.0,1765990800.0,,114.2680561542511,,,,,0,0,0.94,0.98,ONE_LEG_INVENTORY,,,,,,,,,,,,,,0,5,,,,,,,,,,,,,,,,,,,,,,,,,,,,5.0,0.0,,,,,0,0,,,Inv: 5.0/0.0 CapLeft: 45.0,,,5.0,0.0,5.0,45.0,50.0,0.0,50.0,0.0,0.0,0.0,0.0,0.0,0.0,0.0,0.0,0.0,
1765990687.5806966,sol-updown-15m-1765989900,1765989900.0,1765990800.0,,112.41930341720581,,,,,0,0,0.94,0.98,ONE_LEG_INVENTORY,,,,,,,,,,,,,,0,5,,,,,,,,,,,,,,,,,,,,,,,,,,,,5.0,0.0,,,,,0,0,,,Inv: 5.0/0.0 CapLeft: 45.0,,,5.0,0.0,5.0,45.0,50.0,0.0,50.0,0.0,0.0,0.0,0.0,0.0,0.0,0.0,0.0,0.0,
1765990687.6655352,sol-updown-15m-1765989900,1765989900.0,1765990800.0,,112.33446478843689,,,,,0,0,0.94,0.98,ONE_LEG_INVENTORY,,,,,,,,,,,,,,0,5,,,,,,,,,,,,,,,,,,,,,,,,,,,,5.0,0.0,,,,,0,0,,,Inv: 5.0/0.0 CapLeft: 45.0,,,5.0,0.0,5.0,45.0,50.0,0.0,50.0,0.0,0.0,0.0,0.0,0.0,0.0,0.0,0.0,0.0,
1765990689.512213,sol-updown-15m-1765989900,1765989900.0,1765990800.0,,110.48778700828552,,,,,0,0,0.94,0.98,ONE_LEG_INVENTORY,,,,,,,,,,,,,,0,5,,,,,,,,,,,,,,,,,,,,,,,,,,,,5.0,0.0,,,,,0,0,,,Inv: 5.0/0.0 CapLeft: 45.0,,,5.0,0.0,5.0,45.0,50.0,0.0,50.0,0.0,0.0,0.0,0.0,0.0,0.0,0.0,0.0,0.0,
1765990689.617823,sol-updown-15m-1765989900,1765989900.0,1765990800.0,,110.3821771144867,,,,,0,0,0.94,0.98,ONE_LEG_INVENTORY,,,,,,,,,,,,,,0,5,,,,,,,,,,,,,,,,,,,,,,,,,,,,5.0,0.0,,,,,0,0,,,Inv: 5.0/0.0 CapLeft: 45.0,,,5.0,0.0,5.0,45.0,50.0,0.0,50.0,0.0,0.0,0.0,0.0,0.0,0.0,0.0,0.0,0.0,
1765990691.4468389,sol-updown-15m-1765989900,1765989900.0,1765990800.0,,108.55316114425659,,,,,0,0,0.94,0.98,ONE_LEG_INVENTORY,,,,,,,,,,,,,,0,5,,,,,,,,,,,,,,,,,,,,,,,,,,,,5.0,0.0,,,,,0,0,,,Inv: 5.0/0.0 CapLeft: 45.0,,,5.0,0.0,5.0,45.0,50.0,0.0,50.0,0.0,0.0,0.0,0.0,0.0,0.0,0.0,0.0,0.0,
1765990691.5584402,sol-updown-15m-1765989900,1765989900.0,1765990800.0,,108.44155979156494,,,,,0,0,0.94,0.98,ONE_LEG_INVENTORY,,,,,,,,,,,,,,0,5,,,,,,,,,,,,,,,,,,,,,,,,,,,,5.0,0.0,,,,,0,0,,,Inv: 5.0/0.0 CapLeft: 45.0,,,5.0,0.0,5.0,45.0,50.0,0.0,50.0,0.0,0.0,0.0,0.0,0.0,0.0,0.0,0.0,0.0,
1765990693.3876917,sol-updown-15m-1765989900,1765989900.0,1765990800.0,,106.61230826377869,,,,,0,0,0.94,0.98,ONE_LEG_INVENTORY,,,,,,,,,,,,,,0,5,,,,,,,,,,,,,,,,,,,,,,,,,,,,5.0,0.0,,,,,0,0,,,Inv: 5.0/0.0 CapLeft: 45.0,,,5.0,0.0,5.0,45.0,50.0,0.0,50.0,0.0,0.0,0.0,0.0,0.0,0.0,0.0,0.0,0.0,
1765990693.493789,sol-updown-15m-1765989900,1765989900.0,1765990800.0,,106.50621104240417,,,,,0,0,0.94,0.98,ONE_LEG_INVENTORY,,,,,,,,,,,,,,0,5,,,,,,,,,,,,,,,,,,,,,,,,,,,,5.0,0.0,,,,,0,0,,,Inv: 5.0/0.0 CapLeft: 45.0,,,5.0,0.0,5.0,45.0,50.0,0.0,50.0,0.0,0.0,0.0,0.0,0.0,0.0,0.0,0.0,0.0,
1765990695.3443284,sol-updown-15m-1765989900,1765989900.0,1765990800.0,,104.6556715965271,,,,,0,0,0.94,0.98,ONE_LEG_INVENTORY,,,,,,,,,,,,,,0,5,,,,,,,,,,,,,,,,,,,,,,,,,,,,5.0,0.0,,,,,0,0,,,Inv: 5.0/0.0 CapLeft: 45.0,,,5.0,0.0,5.0,45.0,50.0,0.0,50.0,0.0,0.0,0.0,0.0,0.0,0.0,0.0,0.0,0.0,
1765990695.460523,sol-updown-15m-1765989900,1765989900.0,1765990800.0,,104.53947710990906,,,,,0,0,0.94,0.98,ONE_LEG_INVENTORY,,,,,,,,,,,,,,0,5,,,,,,,,,,,,,,,,,,,,,,,,,,,,5.0,0.0,,,,,0,0,,,Inv: 5.0/0.0 CapLeft: 45.0,,,5.0,0.0,5.0,45.0,50.0,0.0,50.0,0.0,0.0,0.0,0.0,0.0,0.0,0.0,0.0,0.0,
1765990697.2994153,sol-updown-15m-1765989900,1765989900.0,1765990800.0,,102.70058465003967,,,,,0,0,0.94,0.98,ONE_LEG_INVENTORY,,,,,,,,,,,,,,0,5,,,,,,,,,,,,,,,,,,,,,,,,,,,,5.0,0.0,,,,,0,0,,,Inv: 5.0/0.0 CapLeft: 45.0,,,5.0,0.0,5.0,45.0,50.0,0.0,50.0,0.0,0.0,0.0,0.0,0.0,0.0,0.0,0.0,0.0,
1765990697.3873937,sol-updown-15m-1765989900,1765989900.0,1765990800.0,,102.61260628700256,,,,,0,0,0.94,0.98,ONE_LEG_INVENTORY,,,,,,,,,,,,,,0,5,,,,,,,,,,,,,,,,,,,,,,,,,,,,5.0,0.0,,,,,0,0,,,Inv: 5.0/0.0 CapLeft: 45.0,,,5.0,0.0,5.0,45.0,50.0,0.0,50.0,0.0,0.0,0.0,0.0,0.0,0.0,0.0,0.0,0.0,
1765990699.2227225,sol-updown-15m-1765989900,1765989900.0,1765990800.0,,100.77727746963501,,,,,0,0,0.94,0.98,ONE_LEG_INVENTORY,,,,,,,,,,,,,,0,5,,,,,,,,,,,,,,,,,,,,,,,,,,,,5.0,0.0,,,,,0,0,,,Inv: 5.0/0.0 CapLeft: 45.0,,,5.0,0.0,5.0,45.0,50.0,0.0,50.0,0.0,0.0,0.0,0.0,0.0,0.0,0.0,0.0,0.0,
1765990699.3266,sol-updown-15m-1765989900,1765989900.0,1765990800.0,,100.67339992523193,,,,,0,0,0.94,0.98,ONE_LEG_INVENTORY,,,,,,,,,,,,,,0,5,,,,,,,,,,,,,,,,,,,,,,,,,,,,5.0,0.0,,,,,0,0,,,Inv: 5.0/0.0 CapLeft: 45.0,,,5.0,0.0,5.0,45.0,50.0,0.0,50.0,0.0,0.0,0.0,0.0,0.0,0.0,0.0,0.0,0.0,
1765990701.150862,sol-updown-15m-1765989900,1765989900.0,1765990800.0,,98.84913802146912,,,,,0,0,0.94,0.98,ONE_LEG_INVENTORY,,,,,,,,,,,,,,0,5,,,,,,,,,,,,,,,,,,,,,,,,,,,,5.0,0.0,,,,,0,0,,,Inv: 5.0/0.0 CapLeft: 45.0,,,5.0,0.0,5.0,45.0,50.0,0.0,50.0,0.0,0.0,0.0,0.0,0.0,0.0,0.0,0.0,0.0,
1765990701.3500223,sol-updown-15m-1765989900,1765989900.0,1765990800.0,,98.649977684021,,,,,0,0,0.94,0.98,ONE_LEG_INVENTORY,,,,,,,,,,,,,,0,5,,,,,,,,,,,,,,,,,,,,,,,,,,,,5.0,0.0,,,,,0,0,,,Inv: 5.0/0.0 CapLeft: 45.0,,,5.0,0.0,5.0,45.0,50.0,0.0,50.0,0.0,0.0,0.0,0.0,0.0,0.0,0.0,0.0,0.0,
1765990703.0771112,sol-updown-15m-1765989900,1765989900.0,1765990800.0,,96.92288875579834,,,,,0,0,0.94,0.98,ONE_LEG_INVENTORY,,,,,,,,,,,,,,0,5,,,,,,,,,,,,,,,,,,,,,,,,,,,,5.0,0.0,,,,,0,0,,,Inv: 5.0/0.0 CapLeft: 45.0,,,5.0,0.0,5.0,45.0,50.0,0.0,50.0,0.0,0.0,0.0,0.0,0.0,0.0,0.0,0.0,0.0,
1765990703.2878563,sol-updown-15m-1765989900,1765989900.0,1765990800.0,,96.71214365959167,,,,,0,0,0.94,0.98,ONE_LEG_INVENTORY,,,,,,,,,,,,,,0,5,,,,,,,,,,,,,,,,,,,,,,,,,,,,5.0,0.0,,,,,0,0,,,Inv: 5.0/0.0 CapLeft: 45.0,,,5.0,0.0,5.0,45.0,50.0,0.0,50.0,0.0,0.0,0.0,0.0,0.0,0.0,0.0,0.0,0.0,
1765990705.010988,sol-updown-15m-1765989900,1765989900.0,1765990800.0,,94.98901200294495,,,,,0,0,0.94,0.98,ONE_LEG_INVENTORY,,,,,,,,,,,,,,0,5,,,,,,,,,,,,,,,,,,,,,,,,,,,,5.0,0.0,,,,,0,0,,,Inv: 5.0/0.0 CapLeft: 45.0,,,5.0,0.0,5.0,45.0,50.0,0.0,50.0,0.0,0.0,0.0,0.0,0.0,0.0,0.0,0.0,0.0,
1765990705.2452831,sol-updown-15m-1765989900,1765989900.0,1765990800.0,,94.75471687316895,,,,,0,0,0.94,0.98,ONE_LEG_INVENTORY,,,,,,,,,,,,,,0,5,,,,,,,,,,,,,,,,,,,,,,,,,,,,5.0,0.0,,,,,0,0,,,Inv: 5.0/0.0 CapLeft: 45.0,,,5.0,0.0,5.0,45.0,50.0,0.0,50.0,0.0,0.0,0.0,0.0,0.0,0.0,0.0,0.0,0.0,
1765990706.9381404,sol-updown-15m-1765989900,1765989900.0,1765990800.0,,93.06185960769653,,,,,0,0,0.94,0.98,ONE_LEG_INVENTORY,,,,,,,,,,,,,,0,5,,,,,,,,,,,,,,,,,,,,,,,,,,,,5.0,0.0,,,,,0,0,,,Inv: 5.0/0.0 CapLeft: 45.0,,,5.0,0.0,5.0,45.0,50.0,0.0,50.0,0.0,0.0,0.0,0.0,0.0,0.0,0.0,0.0,0.0,
1765990707.1917043,sol-updown-15m-1765989900,1765989900.0,1765990800.0,,92.80829572677612,,,,,0,0,0.94,0.98,ONE_LEG_INVENTORY,,,,,,,,,,,,,,0,5,,,,,,,,,,,,,,,,,,,,,,,,,,,,5.0,0.0,,,,,0,0,,,Inv: 5.0/0.0 CapLeft: 45.0,,,5.0,0.0,5.0,45.0,50.0,0.0,50.0,0.0,0.0,0.0,0.0,0.0,0.0,0.0,0.0,0.0,
1765990708.9014146,sol-updown-15m-1765989900,1765989900.0,1765990800.0,,91.09858536720276,,,,,0,0,0.94,0.98,ONE_LEG_INVENTORY,,,,,,,,,,,,,,0,5,,,,,,,,,,,,,,,,,,,,,,,,,,,,5.0,0.0,,,,,0,0,,,Inv: 5.0/0.0 CapLeft: 45.0,,,5.0,0.0,5.0,45.0,50.0,0.0,50.0,0.0,0.0,0.0,0.0,0.0,0.0,0.0,0.0,0.0,
1765990709.1249545,sol-updown-15m-1765989900,1765989900.0,1765990800.0,,90.87504553794861,,,,,0,0,0.94,0.98,ONE_LEG_INVENTORY,,,,,,,,,,,,,,0,5,,,,,,,,,,,,,,,,,,,,,,,,,,,,5.0,0.0,,,,,0,0,,,Inv: 5.0/0.0 CapLeft: 45.0,,,5.0,0.0,5.0,45.0,50.0,0.0,50.0,0.0,0.0,0.0,0.0,0.0,0.0,0.0,0.0,0.0,
1765990710.8720279,sol-updown-15m-1765989900,1765989900.0,1765990800.0,,89.12797212600708,,,,,0,0,0.94,0.98,ONE_LEG_INVENTORY,,,,,,,,,,,,,,0,5,,,,,,,,,,,,,,,,,,,,,,,,,,,,5.0,0.0,,,,,0,0,,,Inv: 5.0/0.0 CapLeft: 45.0,,,5.0,0.0,5.0,45.0,50.0,0.0,50.0,0.0,0.0,0.0,0.0,0.0,0.0,0.0,0.0,0.0,
1765990711.0607908,sol-updown-15m-1765989900,1765989900.0,1765990800.0,,88.93920922279358,,,,,0,0,0.94,0.98,ONE_LEG_INVENTORY,,,,,,,,,,,,,,0,5,,,,,,,,,,,,,,,,,,,,,,,,,,,,5.0,0.0,,,,,0,0,,,Inv: 5.0/0.0 CapLeft: 45.0,,,5.0,0.0,5.0,45.0,50.0,0.0,50.0,0.0,0.0,0.0,0.0,0.0,0.0,0.0,0.0,0.0,
1765990712.8103092,sol-updown-15m-1765989900,1765989900.0,1765990800.0,,87.18969082832336,,,,,0,0,0.94,0.98,ONE_LEG_INVENTORY,,,,,,,,,,,,,,0,5,,,,,,,,,,,,,,,,,,,,,,,,,,,,5.0,0.0,,,,,0,0,,,Inv: 5.0/0.0 CapLeft: 45.0,,,5.0,0.0,5.0,45.0,50.0,0.0,50.0,0.0,0.0,0.0,0.0,0.0,0.0,0.0,0.0,0.0,
1765990713.0168881,sol-updown-15m-1765989900,1765989900.0,1765990800.0,,86.98311185836792,,,,,0,0,0.94,0.98,ONE_LEG_INVENTORY,,,,,,,,,,,,,,0,5,,,,,,,,,,,,,,,,,,,,,,,,,,,,5.0,0.0,,,,,0,0,,,Inv: 5.0/0.0 CapLeft: 45.0,,,5.0,0.0,5.0,45.0,50.0,0.0,50.0,0.0,0.0,0.0,0.0,0.0,0.0,0.0,0.0,0.0,
1765990714.7692072,sol-updown-15m-1765989900,1765989900.0,1765990800.0,,85.230792760849,,,,,0,0,0.94,0.98,ONE_LEG_INVENTORY,,,,,,,,,,,,,,0,5,,,,,,,,,,,,,,,,,,,,,,,,,,,,5.0,0.0,,,,,0,0,,,Inv: 5.0/0.0 CapLeft: 45.0,,,5.0,0.0,5.0,45.0,50.0,0.0,50.0,0.0,0.0,0.0,0.0,0.0,0.0,0.0,0.0,0.0,
1765990714.963363,sol-updown-15m-1765989900,1765989900.0,1765990800.0,,85.0366370677948,,,,,0,0,0.94,0.98,ONE_LEG_INVENTORY,,,,,,,,,,,,,,0,5,,,,,,,,,,,,,,,,,,,,,,,,,,,,5.0,0.0,,,,,0,0,,,Inv: 5.0/0.0 CapLeft: 45.0,,,5.0,0.0,5.0,45.0,50.0,0.0,50.0,0.0,0.0,0.0,0.0,0.0,0.0,0.0,0.0,0.0,
1765990716.7327025,sol-updown-15m-1765989900,1765989900.0,1765990800.0,,83.2672975063324,,,,,0,0,0.94,0.98,ONE_LEG_INVENTORY,,,,,,,,,,,,,,0,5,,,,,,,,,,,,,,,,,,,,,,,,,,,,5.0,0.0,,,,,0,0,,,Inv: 5.0/0.0 CapLeft: 45.0,,,5.0,0.0,5.0,45.0,50.0,0.0,50.0,0.0,0.0,0.0,0.0,0.0,0.0,0.0,0.0,0.0,
1765990716.9089699,sol-updown-15m-1765989900,1765989900.0,1765990800.0,,83.09103012084961,,,,,0,0,0.94,0.98,ONE_LEG_INVENTORY,,,,,,,,,,,,,,0,5,,,,,,,,,,,,,,,,,,,,,,,,,,,,5.0,0.0,,,,,0,0,,,Inv: 5.0/0.0 CapLeft: 45.0,,,5.0,0.0,5.0,45.0,50.0,0.0,50.0,0.0,0.0,0.0,0.0,0.0,0.0,0.0,0.0,0.0,
1765990718.6719859,sol-updown-15m-1765989900,1765989900.0,1765990800.0,,81.32801413536072,,,,,0,0,0.94,0.98,ONE_LEG_INVENTORY,,,,,,,,,,,,,,0,5,,,,,,,,,,,,,,,,,,,,,,,,,,,,5.0,0.0,,,,,0,0,,,Inv: 5.0/0.0 CapLeft: 45.0,,,5.0,0.0,5.0,45.0,50.0,0.0,50.0,0.0,0.0,0.0,0.0,0.0,0.0,0.0,0.0,0.0,
1765990718.8438113,sol-updown-15m-1765989900,1765989900.0,1765990800.0,,81.15618872642517,,,,,0,0,0.94,0.98,ONE_LEG_INVENTORY,,,,,,,,,,,,,,0,5,,,,,,,,,,,,,,,,,,,,,,,,,,,,5.0,0.0,,,,,0,0,,,Inv: 5.0/0.0 CapLeft: 45.0,,,5.0,0.0,5.0,45.0,50.0,0.0,50.0,0.0,0.0,0.0,0.0,0.0,0.0,0.0,0.0,0.0,
1765990720.604901,sol-updown-15m-1765989900,1765989900.0,1765990800.0,,79.39509892463684,,,,,0,0,0.94,0.98,ONE_LEG_INVENTORY,,,,,,,,,,,,,,0,5,,,,,,,,,,,,,,,,,,,,,,,,,,,,5.0,0.0,,,,,0,0,,,Inv: 5.0/0.0 CapLeft: 45.0,,,5.0,0.0,5.0,45.0,50.0,0.0,50.0,0.0,0.0,0.0,0.0,0.0,0.0,0.0,0.0,0.0,
1765990720.7878475,sol-updown-15m-1765989900,1765989900.0,1765990800.0,,79.2121524810791,,,,,0,0,0.94,0.98,ONE_LEG_INVENTORY,,,,,,,,,,,,,,0,5,,,,,,,,,,,,,,,,,,,,,,,,,,,,5.0,0.0,,,,,0,0,,,Inv: 5.0/0.0 CapLeft: 45.0,,,5.0,0.0,5.0,45.0,50.0,0.0,50.0,0.0,0.0,0.0,0.0,0.0,0.0,0.0,0.0,0.0,
1765990722.5592923,sol-updown-15m-1765989900,1765989900.0,1765990800.0,,77.44070768356323,,,,,0,0,0.94,0.98,ONE_LEG_INVENTORY,,,,,,,,,,,,,,0,5,,,,,,,,,,,,,,,,,,,,,,,,,,,,5.0,0.0,,,,,0,0,,,Inv: 5.0/0.0 CapLeft: 45.0,,,5.0,0.0,5.0,45.0,50.0,0.0,50.0,0.0,0.0,0.0,0.0,0.0,0.0,0.0,0.0,0.0,
1765990722.7363758,sol-updown-15m-1765989900,1765989900.0,1765990800.0,,77.26362419128418,,,,,0,0,0.94,0.98,ONE_LEG_INVENTORY,,,,,,,,,,,,,,0,5,,,,,,,,,,,,,,,,,,,,,,,,,,,,5.0,0.0,,,,,0,0,,,Inv: 5.0/0.0 CapLeft: 45.0,,,5.0,0.0,5.0,45.0,50.0,0.0,50.0,0.0,0.0,0.0,0.0,0.0,0.0,0.0,0.0,0.0,
1765990724.5094836,sol-updown-15m-1765989900,1765989900.0,1765990800.0,,75.49051642417908,,,,,0,0,0.94,0.98,ONE_LEG_INVENTORY,,,,,,,,,,,,,,0,5,,,,,,,,,,,,,,,,,,,,,,,,,,,,5.0,0.0,,,,,0,0,,,Inv: 5.0/0.0 CapLeft: 45.0,,,5.0,0.0,5.0,45.0,50.0,0.0,50.0,0.0,0.0,0.0,0.0,0.0,0.0,0.0,0.0,0.0,
1765990724.7033284,sol-updown-15m-1765989900,1765989900.0,1765990800.0,,75.29667162895203,,,,,0,0,0.94,0.98,ONE_LEG_INVENTORY,,,,,,,,,,,,,,0,5,,,,,,,,,,,,,,,,,,,,,,,,,,,,5.0,0.0,,,,,0,0,,,Inv: 5.0/0.0 CapLeft: 45.0,,,5.0,0.0,5.0,45.0,50.0,0.0,50.0,0.0,0.0,0.0,0.0,0.0,0.0,0.0,0.0,0.0,
1765990726.452008,sol-updown-15m-1765989900,1765989900.0,1765990800.0,,73.54799199104309,,,,,0,0,0.94,0.98,ONE_LEG_INVENTORY,,,,,,,,,,,,,,0,5,,,,,,,,,,,,,,,,,,,,,,,,,,,,5.0,0.0,,,,,0,0,,,Inv: 5.0/0.0 CapLeft: 45.0,,,5.0,0.0,5.0,45.0,50.0,0.0,50.0,0.0,0.0,0.0,0.0,0.0,0.0,0.0,0.0,0.0,
1765990726.6608267,sol-updown-15m-1765989900,1765989900.0,1765990800.0,,73.33917331695557,,,,,0,0,0.94,0.98,ONE_LEG_INVENTORY,,,,,,,,,,,,,,0,5,,,,,,,,,,,,,,,,,,,,,,,,,,,,5.0,0.0,,,,,0,0,,,Inv: 5.0/0.0 CapLeft: 45.0,,,5.0,0.0,5.0,45.0,50.0,0.0,50.0,0.0,0.0,0.0,0.0,0.0,0.0,0.0,0.0,0.0,
1765990728.484364,sol-updown-15m-1765989900,1765989900.0,1765990800.0,,71.51563596725464,,,,,0,0,0.94,0.98,ONE_LEG_INVENTORY,,,,,,,,,,,,,,0,5,,,,,,,,,,,,,,,,,,,,,,,,,,,,5.0,0.0,,,,,0,0,,,Inv: 5.0/0.0 CapLeft: 45.0,,,5.0,0.0,5.0,45.0,50.0,0.0,50.0,0.0,0.0,0.0,0.0,0.0,0.0,0.0,0.0,0.0,
1765990728.588724,sol-updown-15m-1765989900,1765989900.0,1765990800.0,,71.41127610206604,,,,,0,0,0.94,0.98,ONE_LEG_INVENTORY,,,,,,,,,,,,,,0,5,,,,,,,,,,,,,,,,,,,,,,,,,,,,5.0,0.0,,,,,0,0,,,Inv: 5.0/0.0 CapLeft: 45.0,,,5.0,0.0,5.0,45.0,50.0,0.0,50.0,0.0,0.0,0.0,0.0,0.0,0.0,0.0,0.0,0.0,
1765990730.4243958,sol-updown-15m-1765989900,1765989900.0,1765990800.0,,69.57560420036316,,,,,0,0,0.94,0.98,ONE_LEG_INVENTORY,,,,,,,,,,,,,,0,5,,,,,,,,,,,,,,,,,,,,,,,,,,,,5.0,0.0,,,,,0,0,,,Inv: 5.0/0.0 CapLeft: 45.0,,,5.0,0.0,5.0,45.0,50.0,0.0,50.0,0.0,0.0,0.0,0.0,0.0,0.0,0.0,0.0,0.0,
1765990730.5347157,sol-updown-15m-1765989900,1765989900.0,1765990800.0,,69.46528434753418,,,,,0,0,0.94,0.98,ONE_LEG_INVENTORY,,,,,,,,,,,,,,0,5,,,,,,,,,,,,,,,,,,,,,,,,,,,,5.0,0.0,,,,,0,0,,,Inv: 5.0/0.0 CapLeft: 45.0,,,5.0,0.0,5.0,45.0,50.0,0.0,50.0,0.0,0.0,0.0,0.0,0.0,0.0,0.0,0.0,0.0,
1765990732.4928308,sol-updown-15m-1765989900,1765989900.0,1765990800.0,,67.50716924667358,,,,,0,0,0.94,0.98,ONE_LEG_INVENTORY,,,,,,,,,,,,,,0,5,,,,,,,,,,,,,,,,,,,,,,,,,,,,5.0,0.0,,,,,0,0,,,Inv: 5.0/0.0 CapLeft: 45.0,,,5.0,0.0,5.0,45.0,50.0,0.0,50.0,0.0,0.0,0.0,0.0,0.0,0.0,0.0,0.0,0.0,
1765990732.4461193,sol-updown-15m-1765989900,1765989900.0,1765990800.0,,67.55388069152832,,,,,0,0,0.94,0.98,ONE_LEG_INVENTORY,,,,,,,,,,,,,,0,5,,,,,,,,,,,,,,,,,,,,,,,,,,,,5.0,0.0,,,,,0,0,,,Inv: 5.0/0.0 CapLeft: 45.0,,,5.0,0.0,5.0,45.0,50.0,0.0,50.0,0.0,0.0,0.0,0.0,0.0,0.0,0.0,0.0,0.0,
1765990734.430331,sol-updown-15m-1765989900,1765989900.0,1765990800.0,,65.569669008255,,,,,0,0,0.94,0.98,ONE_LEG_INVENTORY,,,,,,,,,,,,,,0,5,,,,,,,,,,,,,,,,,,,,,,,,,,,,5.0,0.0,,,,,0,0,,,Inv: 5.0/0.0 CapLeft: 45.0,,,5.0,0.0,5.0,45.0,50.0,0.0,50.0,0.0,0.0,0.0,0.0,0.0,0.0,0.0,0.0,0.0,
1765990734.4813077,sol-updown-15m-1765989900,1765989900.0,1765990800.0,,65.51869225502014,,,,,0,0,0.94,0.98,ONE_LEG_INVENTORY,,,,,,,,,,,,,,0,5,,,,,,,,,,,,,,,,,,,,,,,,,,,,5.0,0.0,,,,,0,0,,,Inv: 5.0/0.0 CapLeft: 45.0,,,5.0,0.0,5.0,45.0,50.0,0.0,50.0,0.0,0.0,0.0,0.0,0.0,0.0,0.0,0.0,0.0,
1765990736.3966813,sol-updown-15m-1765989900,1765989900.0,1765990800.0,,63.60331869125366,,,,,0,0,0.94,0.98,ONE_LEG_INVENTORY,,,,,,,,,,,,,,0,5,,,,,,,,,,,,,,,,,,,,,,,,,,,,5.0,0.0,,,,,0,0,,,Inv: 5.0/0.0 CapLeft: 45.0,,,5.0,0.0,5.0,45.0,50.0,0.0,50.0,0.0,0.0,0.0,0.0,0.0,0.0,0.0,0.0,0.0,
1765990736.459285,sol-updown-15m-1765989900,1765989900.0,1765990800.0,,63.54071497917175,,,,,0,0,0.94,0.98,ONE_LEG_INVENTORY,,,,,,,,,,,,,,0,5,,,,,,,,,,,,,,,,,,,,,,,,,,,,5.0,0.0,,,,,0,0,,,Inv: 5.0/0.0 CapLeft: 45.0,,,5.0,0.0,5.0,45.0,50.0,0.0,50.0,0.0,0.0,0.0,0.0,0.0,0.0,0.0,0.0,0.0,
1765990738.409423,sol-updown-15m-1765989900,1765989900.0,1765990800.0,,61.59057688713074,,,,,0,0,0.94,0.98,ONE_LEG_INVENTORY,,,,,,,,,,,,,,0,5,,,,,,,,,,,,,,,,,,,,,,,,,,,,5.0,0.0,,,,,0,0,,,Inv: 5.0/0.0 CapLeft: 45.0,,,5.0,0.0,5.0,45.0,50.0,0.0,50.0,0.0,0.0,0.0,0.0,0.0,0.0,0.0,0.0,0.0,
1765990738.384554,sol-updown-15m-1765989900,1765989900.0,1765990800.0,,61.61544609069824,,,,,0,0,0.94,0.98,ONE_LEG_INVENTORY,,,,,,,,,,,,,,0,5,,,,,,,,,,,,,,,,,,,,,,,,,,,,5.0,0.0,,,,,0,0,,,Inv: 5.0/0.0 CapLeft: 45.0,,,5.0,0.0,5.0,45.0,50.0,0.0,50.0,0.0,0.0,0.0,0.0,0.0,0.0,0.0,0.0,0.0,
1765990740.3324785,sol-updown-15m-1765989900,1765989900.0,1765990800.0,,59.667521476745605,,,,,0,0,0.94,0.98,ONE_LEG_INVENTORY,,,,,,,,,,,,,,0,5,,,,,,,,,,,,,,,,,,,,,,,,,,,,5.0,0.0,,,,,0,0,,,Inv: 5.0/0.0 CapLeft: 45.0,,,5.0,0.0,5.0,45.0,50.0,0.0,50.0,0.0,0.0,0.0,0.0,0.0,0.0,0.0,0.0,0.0,
1765990740.343709,sol-updown-15m-1765989900,1765989900.0,1765990800.0,,59.656291007995605,,,,,0,0,0.94,0.98,ONE_LEG_INVENTORY,,,,,,,,,,,,,,0,5,,,,,,,,,,,,,,,,,,,,,,,,,,,,5.0,0.0,,,,,0,0,,,Inv: 5.0/0.0 CapLeft: 45.0,,,5.0,0.0,5.0,45.0,50.0,0.0,50.0,0.0,0.0,0.0,0.0,0.0,0.0,0.0,0.0,0.0,
1765990742.2747555,sol-updown-15m-1765989900,1765989900.0,1765990800.0,,57.72524452209473,,,,,0,0,0.94,0.98,ONE_LEG_INVENTORY,,,,,,,,,,,,,,0,5,,,,,,,,,,,,,,,,,,,,,,,,,,,,5.0,0.0,,,,,0,0,,,Inv: 5.0/0.0 CapLeft: 45.0,,,5.0,0.0,5.0,45.0,50.0,0.0,50.0,0.0,0.0,0.0,0.0,0.0,0.0,0.0,0.0,0.0,
1765990742.301927,sol-updown-15m-1765989900,1765989900.0,1765990800.0,,57.69807291030884,,,,,0,0,0.94,0.98,ONE_LEG_INVENTORY,,,,,,,,,,,,,,0,5,,,,,,,,,,,,,,,,,,,,,,,,,,,,5.0,0.0,,,,,0,0,,,Inv: 5.0/0.0 CapLeft: 45.0,,,5.0,0.0,5.0,45.0,50.0,0.0,50.0,0.0,0.0,0.0,0.0,0.0,0.0,0.0,0.0,0.0,
1765990744.207836,sol-updown-15m-1765989900,1765989900.0,1765990800.0,,55.79216408729553,,,,,0,0,0.94,0.98,ONE_LEG_INVENTORY,,,,,,,,,,,,,,0,5,,,,,,,,,,,,,,,,,,,,,,,,,,,,5.0,0.0,,,,,0,0,,,Inv: 5.0/0.0 CapLeft: 45.0,,,5.0,0.0,5.0,45.0,50.0,0.0,50.0,0.0,0.0,0.0,0.0,0.0,0.0,0.0,0.0,0.0,
1765990744.2393024,sol-updown-15m-1765989900,1765989900.0,1765990800.0,,55.76069760322571,,,,,0,0,0.94,0.98,ONE_LEG_INVENTORY,,,,,,,,,,,,,,0,5,,,,,,,,,,,,,,,,,,,,,,,,,,,,5.0,0.0,,,,,0,0,,,Inv: 5.0/0.0 CapLeft: 45.0,,,5.0,0.0,5.0,45.0,50.0,0.0,50.0,0.0,0.0,0.0,0.0,0.0,0.0,0.0,0.0,0.0,
1765990746.178295,sol-updown-15m-1765989900,1765989900.0,1765990800.0,,53.82170510292053,,,,,0,0,0.94,0.98,ONE_LEG_INVENTORY,,,,,,,,,,,,,,0,5,,,,,,,,,,,,,,,,,,,,,,,,,,,,5.0,0.0,,,,,0,0,,,Inv: 5.0/0.0 CapLeft: 45.0,,,5.0,0.0,5.0,45.0,50.0,0.0,50.0,0.0,0.0,0.0,0.0,0.0,0.0,0.0,0.0,0.0,
1765990746.1624668,sol-updown-15m-1765989900,1765989900.0,1765990800.0,,53.83753323554993,,,,,0,0,0.94,0.98,ONE_LEG_INVENTORY,,,,,,,,,,,,,,0,5,,,,,,,,,,,,,,,,,,,,,,,,,,,,5.0,0.0,,,,,0,0,,,Inv: 5.0/0.0 CapLeft: 45.0,,,5.0,0.0,5.0,45.0,50.0,0.0,50.0,0.0,0.0,0.0,0.0,0.0,0.0,0.0,0.0,0.0,
1765990748.1454272,sol-updown-15m-1765989900,1765989900.0,1765990800.0,,51.854572772979736,,,,,0,0,0.94,0.98,ONE_LEG_INVENTORY,,,,,,,,,,,,,,0,5,,,,,,,,,,,,,,,,,,,,,,,,,,,,5.0,0.0,,,,,0,0,,,Inv: 5.0/0.0 CapLeft: 45.0,,,5.0,0.0,5.0,45.0,50.0,0.0,50.0,0.0,0.0,0.0,0.0,0.0,0.0,0.0,0.0,0.0,
1765990748.1654148,sol-updown-15m-1765989900,1765989900.0,1765990800.0,,51.834585189819336,,,,,0,0,0.94,0.98,ONE_LEG_INVENTORY,,,,,,,,,,,,,,0,5,,,,,,,,,,,,,,,,,,,,,,,,,,,,5.0,0.0,,,,,0,0,,,Inv: 5.0/0.0 CapLeft: 45.0,,,5.0,0.0,5.0,45.0,50.0,0.0,50.0,0.0,0.0,0.0,0.0,0.0,0.0,0.0,0.0,0.0,
1765990750.077898,sol-updown-15m-1765989900,1765989900.0,1765990800.0,,49.922101974487305,,,,,0,0,0.94,0.98,ONE_LEG_INVENTORY,,,,,,,,,,,,,,0,5,,,,,,,,,,,,,,,,,,,,,,,,,,,,5.0,0.0,,,,,0,0,,,Inv: 5.0/0.0 CapLeft: 45.0,,,5.0,0.0,5.0,45.0,50.0,0.0,50.0,0.0,0.0,0.0,0.0,0.0,0.0,0.0,0.0,0.0,
1765990750.2388554,sol-updown-15m-1765989900,1765989900.0,1765990800.0,,49.76114463806152,,,,,0,0,0.94,0.98,ONE_LEG_INVENTORY,,,,,,,,,,,,,,0,5,,,,,,,,,,,,,,,,,,,,,,,,,,,,5.0,0.0,,,,,0,0,,,Inv: 5.0/0.0 CapLeft: 45.0,,,5.0,0.0,5.0,45.0,50.0,0.0,50.0,0.0,0.0,0.0,0.0,0.0,0.0,0.0,0.0,0.0,
1765990752.0199614,sol-updown-15m-1765989900,1765989900.0,1765990800.0,,47.9800386428833,,,,,0,0,0.91,0.98,ONE_LEG_INVENTORY,,,,,,,,,,,,,,0,5,,,,,,,,,,,,,,,,,,,,,,,,,,,,5.0,0.0,,,,,0,0,,,Inv: 5.0/0.0 CapLeft: 45.0,,,5.0,0.0,5.0,45.0,50.0,0.0,50.0,0.0,0.0,0.0,0.0,0.0,0.0,0.0,0.0,0.0,
1765990752.1810362,sol-updown-15m-1765989900,1765989900.0,1765990800.0,,47.81896376609802,,,,,0,0,0.91,0.98,ONE_LEG_INVENTORY,,,,,,,,,,,,,,0,5,,,,,,,,,,,,,,,,,,,,,,,,,,,,5.0,0.0,,,,,0,0,,,Inv: 5.0/0.0 CapLeft: 45.0,,,5.0,0.0,5.0,45.0,50.0,0.0,50.0,0.0,0.0,0.0,0.0,0.0,0.0,0.0,0.0,0.0,
1765990754.0035589,sol-updown-15m-1765989900,1765989900.0,1765990800.0,,45.99644112586975,,,,,0,0,0.95,0.98,ONE_LEG_INVENTORY,,,,,,,,,,,,,,0,5,,,,,,,,,,,,,,,,,,,,,,,,,,,,5.0,0.0,,,,,0,0,,,Inv: 5.0/0.0 CapLeft: 45.0,,,5.0,0.0,5.0,45.0,50.0,0.0,50.0,0.0,0.0,0.0,0.0,0.0,0.0,0.0,0.0,0.0,
1765990754.1266048,sol-updown-15m-1765989900,1765989900.0,1765990800.0,,45.87339520454407,,,,,0,0,0.99,0.98,ONE_LEG_INVENTORY,,,,,,,,,,,,,,0,5,,,,,,,,,,,,,,,,,,,,,,,,,,,,5.0,0.0,,,,,0,0,,,Inv: 5.0/0.0 CapLeft: 45.0,,,5.0,0.0,5.0,45.0,50.0,0.0,50.0,0.0,0.0,0.0,0.0,0.0,0.0,0.0,0.0,0.0,
1765990755.9492815,sol-updown-15m-1765989900,1765989900.0,1765990800.0,,44.050718545913696,,,,,0,0,0.99,0.98,ONE_LEG_INVENTORY,,,,,,,,,,,,,,0,5,,,,,,,,,,,,,,,,,,,,,,,,,,,,5.0,0.0,,,,,0,0,,,Inv: 5.0/0.0 CapLeft: 45.0,,,5.0,0.0,5.0,45.0,50.0,0.0,50.0,0.0,0.0,0.0,0.0,0.0,0.0,0.0,0.0,0.0,
1765990756.0926952,sol-updown-15m-1765989900,1765989900.0,1765990800.0,,43.907304763793945,,,,,0,0,0.99,0.98,ONE_LEG_INVENTORY,,,,,,,,,,,,,,0,5,,,,,,,,,,,,,,,,,,,,,,,,,,,,5.0,0.0,,,,,0,0,,,Inv: 5.0/0.0 CapLeft: 45.0,,,5.0,0.0,5.0,45.0,50.0,0.0,50.0,0.0,0.0,0.0,0.0,0.0,0.0,0.0,0.0,0.0,
1765990757.9087894,sol-updown-15m-1765989900,1765989900.0,1765990800.0,,42.09121060371399,,,,,0,0,0.99,0.98,ONE_LEG_INVENTORY,,,,,,,,,,,,,,0,5,,,,,,,,,,,,,,,,,,,,,,,,,,,,5.0,0.0,,,,,0,0,,,Inv: 5.0/0.0 CapLeft: 45.0,,,5.0,0.0,5.0,45.0,50.0,0.0,50.0,0.0,0.0,0.0,0.0,0.0,0.0,0.0,0.0,0.0,
1765990758.0388954,sol-updown-15m-1765989900,1765989900.0,1765990800.0,,41.96110463142395,,,,,0,0,0.99,0.98,ONE_LEG_INVENTORY,,,,,,,,,,,,,,0,5,,,,,,,,,,,,,,,,,,,,,,,,,,,,5.0,0.0,,,,,0,0,,,Inv: 5.0/0.0 CapLeft: 45.0,,,5.0,0.0,5.0,45.0,50.0,0.0,50.0,0.0,0.0,0.0,0.0,0.0,0.0,0.0,0.0,0.0,
1765990759.8302796,sol-updown-15m-1765989900,1765989900.0,1765990800.0,,40.16972041130066,,,,,0,0,0.99,0.98,ONE_LEG_INVENTORY,,,,,,,,,,,,,,0,5,,,,,,,,,,,,,,,,,,,,,,,,,,,,5.0,0.0,,,,,0,0,,,Inv: 5.0/0.0 CapLeft: 45.0,,,5.0,0.0,5.0,45.0,50.0,0.0,50.0,0.0,0.0,0.0,0.0,0.0,0.0,0.0,0.0,0.0,
1765990760.077669,sol-updown-15m-1765989900,1765989900.0,1765990800.0,,39.92233109474182,,,,,0,0,0.99,0.98,ONE_LEG_INVENTORY,,,,,,,,,,,,,,0,5,,,,,,,,,,,,,,,,,,,,,,,,,,,,5.0,0.0,,,,,0,0,,,Inv: 5.0/0.0 CapLeft: 45.0,,,5.0,0.0,5.0,45.0,50.0,0.0,50.0,0.0,0.0,0.0,0.0,0.0,0.0,0.0,0.0,0.0,
1765990761.7821333,sol-updown-15m-1765989900,1765989900.0,1765990800.0,,38.21786665916443,,,,,0,0,0.99,0.98,ONE_LEG_INVENTORY,,,,,,,,,,,,,,0,5,,,,,,,,,,,,,,,,,,,,,,,,,,,,5.0,0.0,,,,,0,0,,,Inv: 5.0/0.0 CapLeft: 45.0,,,5.0,0.0,5.0,45.0,50.0,0.0,50.0,0.0,0.0,0.0,0.0,0.0,0.0,0.0,0.0,0.0,
1765990762.0168467,sol-updown-15m-1765989900,1765989900.0,1765990800.0,,37.983153343200684,,,,,0,0,0.99,0.98,ONE_LEG_INVENTORY,,,,,,,,,,,,,,0,5,,,,,,,,,,,,,,,,,,,,,,,,,,,,5.0,0.0,,,,,0,0,,,Inv: 5.0/0.0 CapLeft: 45.0,,,5.0,0.0,5.0,45.0,50.0,0.0,50.0,0.0,0.0,0.0,0.0,0.0,0.0,0.0,0.0,0.0,
1765990763.7099338,sol-updown-15m-1765989900,1765989900.0,1765990800.0,,36.29006624221802,,,,,0,0,0.99,0.98,ONE_LEG_INVENTORY,,,,,,,,,,,,,,0,5,,,,,,,,,,,,,,,,,,,,,,,,,,,,5.0,0.0,,,,,0,0,,,Inv: 5.0/0.0 CapLeft: 45.0,,,5.0,0.0,5.0,45.0,50.0,0.0,50.0,0.0,0.0,0.0,0.0,0.0,0.0,0.0,0.0,0.0,
1765990763.944208,sol-updown-15m-1765989900,1765989900.0,1765990800.0,,36.05579209327698,,,,,0,0,0.99,0.98,ONE_LEG_INVENTORY,,,,,,,,,,,,,,0,5,,,,,,,,,,,,,,,,,,,,,,,,,,,,5.0,0.0,,,,,0,0,,,Inv: 5.0/0.0 CapLeft: 45.0,,,5.0,0.0,5.0,45.0,50.0,0.0,50.0,0.0,0.0,0.0,0.0,0.0,0.0,0.0,0.0,0.0,
1765990765.6458266,sol-updown-15m-1765989900,1765989900.0,1765990800.0,,34.35417342185974,,,,,0,0,0.99,0.98,ONE_LEG_INVENTORY,,,,,,,,,,,,,,0,5,,,,,,,,,,,,,,,,,,,,,,,,,,,,5.0,0.0,,,,,0,0,,,Inv: 5.0/0.0 CapLeft: 45.0,,,5.0,0.0,5.0,45.0,50.0,0.0,50.0,0.0,0.0,0.0,0.0,0.0,0.0,0.0,0.0,0.0,
1765990765.921484,sol-updown-15m-1765989900,1765989900.0,1765990800.0,,34.07851600646973,,,,,0,0,0.99,0.98,ONE_LEG_INVENTORY,,,,,,,,,,,,,,0,5,,,,,,,,,,,,,,,,,,,,,,,,,,,,5.0,0.0,,,,,0,0,,,Inv: 5.0/0.0 CapLeft: 45.0,,,5.0,0.0,5.0,45.0,50.0,0.0,50.0,0.0,0.0,0.0,0.0,0.0,0.0,0.0,0.0,0.0,
1765990767.5828495,sol-updown-15m-1765989900,1765989900.0,1765990800.0,,32.41715049743652,,,,,0,0,0.99,0.98,ONE_LEG_INVENTORY,,,,,,,,,,,,,,0,5,,,,,,,,,,,,,,,,,,,,,,,,,,,,5.0,0.0,,,,,0,0,,,Inv: 5.0/0.0 CapLeft: 45.0,,,5.0,0.0,5.0,45.0,50.0,0.0,50.0,0.0,0.0,0.0,0.0,0.0,0.0,0.0,0.0,0.0,
1765990767.8823287,sol-updown-15m-1765989900,1765989900.0,1765990800.0,,32.117671251297,,,,,0,0,0.99,0.98,ONE_LEG_INVENTORY,,,,,,,,,,,,,,0,5,,,,,,,,,,,,,,,,,,,,,,,,,,,,5.0,0.0,,,,,0,0,,,Inv: 5.0/0.0 CapLeft: 45.0,,,5.0,0.0,5.0,45.0,50.0,0.0,50.0,0.0,0.0,0.0,0.0,0.0,0.0,0.0,0.0,0.0,
1765990769.5293407,sol-updown-15m-1765989900,1765989900.0,1765990800.0,,30.470659255981445,,,,,0,0,0.99,0.98,ONE_LEG_INVENTORY,,,,,,,,,,,,,,0,5,,,,,,,,,,,,,,,,,,,,,,,,,,,,5.0,0.0,,,,,0,0,,,Inv: 5.0/0.0 CapLeft: 45.0,,,5.0,0.0,5.0,45.0,50.0,0.0,50.0,0.0,0.0,0.0,0.0,0.0,0.0,0.0,0.0,0.0,
1765990769.8622894,sol-updown-15m-1765989900,1765989900.0,1765990800.0,,30.137710571289062,,,,,0,0,0.99,0.98,ONE_LEG_INVENTORY,,,,,,,,,,,,,,0,5,,,,,,,,,,,,,,,,,,,,,,,,,,,,5.0,0.0,,,,,0,0,,,Inv: 5.0/0.0 CapLeft: 45.0,,,5.0,0.0,5.0,45.0,50.0,0.0,50.0,0.0,0.0,0.0,0.0,0.0,0.0,0.0,0.0,0.0,
1765990771.4938617,sol-updown-15m-1765989900,1765989900.0,1765990800.0,,28.50613832473755,,,,,0,0,0.99,0.98,ONE_LEG_INVENTORY,,,,,,,,,,,,,,0,5,,,,,,,,,,,,,,,,,,,,,,,,,,,,5.0,0.0,,,,,0,0,,,Inv: 5.0/0.0 CapLeft: 45.0,,,5.0,0.0,5.0,45.0,50.0,0.0,50.0,0.0,0.0,0.0,0.0,0.0,0.0,0.0,0.0,0.0,
1765990771.7854495,sol-updown-15m-1765989900,1765989900.0,1765990800.0,,28.214550495147705,,,,,0,0,0.99,0.98,ONE_LEG_INVENTORY,,,,,,,,,,,,,,0,5,,,,,,,,,,,,,,,,,,,,,,,,,,,,5.0,0.0,,,,,0,0,,,Inv: 5.0/0.0 CapLeft: 45.0,,,5.0,0.0,5.0,45.0,50.0,0.0,50.0,0.0,0.0,0.0,0.0,0.0,0.0,0.0,0.0,0.0,
1765990773.4495637,sol-updown-15m-1765989900,1765989900.0,1765990800.0,,26.55043625831604,,,,,0,0,0.99,0.98,ONE_LEG_INVENTORY,,,,,,,,,,,,,,0,5,,,,,,,,,,,,,,,,,,,,,,,,,,,,5.0,0.0,,,,,0,0,,,Inv: 5.0/0.0 CapLeft: 45.0,,,5.0,0.0,5.0,45.0,50.0,0.0,50.0,0.0,0.0,0.0,0.0,0.0,0.0,0.0,0.0,0.0,
1765990773.7331119,sol-updown-15m-1765989900,1765989900.0,1765990800.0,,26.26688814163208,,,,,0,0,0.99,0.98,ONE_LEG_INVENTORY,,,,,,,,,,,,,,0,5,,,,,,,,,,,,,,,,,,,,,,,,,,,,5.0,0.0,,,,,0,0,,,Inv: 5.0/0.0 CapLeft: 45.0,,,5.0,0.0,5.0,45.0,50.0,0.0,50.0,0.0,0.0,0.0,0.0,0.0,0.0,0.0,0.0,0.0,
1765990775.3831224,sol-updown-15m-1765989900,1765989900.0,1765990800.0,,24.616877555847168,,,,,0,0,0.99,0.98,ONE_LEG_INVENTORY,,,,,,,,,,,,,,0,5,,,,,,,,,,,,,,,,,,,,,,,,,,,,5.0,0.0,,,,,0,0,,,Inv: 5.0/0.0 CapLeft: 45.0,,,5.0,0.0,5.0,45.0,50.0,0.0,50.0,0.0,0.0,0.0,0.0,0.0,0.0,0.0,0.0,0.0,
1765990775.6628544,sol-updown-15m-1765989900,1765989900.0,1765990800.0,,24.337145566940308,,,,,0,0,0.99,0.98,ONE_LEG_INVENTORY,,,,,,,,,,,,,,0,5,,,,,,,,,,,,,,,,,,,,,,,,,,,,5.0,0.0,,,,,0,0,,,Inv: 5.0/0.0 CapLeft: 45.0,,,5.0,0.0,5.0,45.0,50.0,0.0,50.0,0.0,0.0,0.0,0.0,0.0,0.0,0.0,0.0,0.0,
1765990777.3023877,sol-updown-15m-1765989900,1765989900.0,1765990800.0,,22.697612285614014,,,,,0,0,0.99,0.98,ONE_LEG_INVENTORY,,,,,,,,,,,,,,0,5,,,,,,,,,,,,,,,,,,,,,,,,,,,,5.0,0.0,,,,,0,0,,,Inv: 5.0/0.0 CapLeft: 45.0,,,5.0,0.0,5.0,45.0,50.0,0.0,50.0,0.0,0.0,0.0,0.0,0.0,0.0,0.0,0.0,0.0,
1765990777.61962,sol-updown-15m-1765989900,1765989900.0,1765990800.0,,22.380379915237427,,,,,0,0,0.99,0.98,ONE_LEG_INVENTORY,,,,,,,,,,,,,,0,5,,,,,,,,,,,,,,,,,,,,,,,,,,,,5.0,0.0,,,,,0,0,,,Inv: 5.0/0.0 CapLeft: 45.0,,,5.0,0.0,5.0,45.0,50.0,0.0,50.0,0.0,0.0,0.0,0.0,0.0,0.0,0.0,0.0,0.0,
1765990779.2222188,sol-updown-15m-1765989900,1765989900.0,1765990800.0,,20.77778124809265,,,,,0,0,0.99,0.98,ONE_LEG_INVENTORY,,,,,,,,,,,,,,0,5,,,,,,,,,,,,,,,,,,,,,,,,,,,,5.0,0.0,,,,,0,0,,,Inv: 5.0/0.0 CapLeft: 45.0,,,5.0,0.0,5.0,45.0,50.0,0.0,50.0,0.0,0.0,0.0,0.0,0.0,0.0,0.0,0.0,0.0,
1765990779.5455782,sol-updown-15m-1765989900,1765989900.0,1765990800.0,,20.454421758651733,,,,,0,0,0.99,0.98,ONE_LEG_INVENTORY,,,,,,,,,,,,,,0,5,,,,,,,,,,,,,,,,,,,,,,,,,,,,5.0,0.0,,,,,0,0,,,Inv: 5.0/0.0 CapLeft: 45.0,,,5.0,0.0,5.0,45.0,50.0,0.0,50.0,0.0,0.0,0.0,0.0,0.0,0.0,0.0,0.0,0.0,
1765990781.1813447,sol-updown-15m-1765989900,1765989900.0,1765990800.0,,18.818655252456665,,,,,0,0,0.99,0.98,ONE_LEG_INVENTORY,,,,,,,,,,,,,,0,5,,,,,,,,,,,,,,,,,,,,,,,,,,,,5.0,0.0,,,,,0,0,,,Inv: 5.0/0.0 CapLeft: 45.0,,,5.0,0.0,5.0,45.0,50.0,0.0,50.0,0.0,0.0,0.0,0.0,0.0,0.0,0.0,0.0,0.0,
1765990781.4774265,sol-updown-15m-1765989900,1765989900.0,1765990800.0,,18.522573471069336,,,,,0,0,0.99,0.98,ONE_LEG_INVENTORY,,,,,,,,,,,,,,0,5,,,,,,,,,,,,,,,,,,,,,,,,,,,,5.0,0.0,,,,,0,0,,,Inv: 5.0/0.0 CapLeft: 45.0,,,5.0,0.0,5.0,45.0,50.0,0.0,50.0,0.0,0.0,0.0,0.0,0.0,0.0,0.0,0.0,0.0,
1765990783.1016788,sol-updown-15m-1765989900,1765989900.0,1765990800.0,,16.8983211517334,,,,,0,0,0.99,0.98,ONE_LEG_INVENTORY,,,,,,,,,,,,,,0,5,,,,,,,,,,,,,,,,,,,,,,,,,,,,5.0,0.0,,,,,0,0,,,Inv: 5.0/0.0 CapLeft: 45.0,,,5.0,0.0,5.0,45.0,50.0,0.0,50.0,0.0,0.0,0.0,0.0,0.0,0.0,0.0,0.0,0.0,
1765990783.4654365,sol-updown-15m-1765989900,1765989900.0,1765990800.0,,16.534563541412354,,,,,0,0,0.99,0.98,ONE_LEG_INVENTORY,,,,,,,,,,,,,,0,5,,,,,,,,,,,,,,,,,,,,,,,,,,,,5.0,0.0,,,,,0,0,,,Inv: 5.0/0.0 CapLeft: 45.0,,,5.0,0.0,5.0,45.0,50.0,0.0,50.0,0.0,0.0,0.0,0.0,0.0,0.0,0.0,0.0,0.0,
1765990785.0345962,sol-updown-15m-1765989900,1765989900.0,1765990800.0,,14.96540379524231,,,,,0,0,0.99,0.98,ONE_LEG_INVENTORY,,,,,,,,,,,,,,0,5,,,,,,,,,,,,,,,,,,,,,,,,,,,,5.0,0.0,,,,,0,0,,,Inv: 5.0/0.0 CapLeft: 45.0,,,5.0,0.0,5.0,45.0,50.0,0.0,50.0,0.0,0.0,0.0,0.0,0.0,0.0,0.0,0.0,0.0,
1765990785.4610124,sol-updown-15m-1765989900,1765989900.0,1765990800.0,,14.538987636566162,,,,,0,0,0.99,0.98,ONE_LEG_INVENTORY,,,,,,,,,,,,,,0,5,,,,,,,,,,,,,,,,,,,,,,,,,,,,5.0,0.0,,,,,0,0,,,Inv: 5.0/0.0 CapLeft: 45.0,,,5.0,0.0,5.0,45.0,50.0,0.0,50.0,0.0,0.0,0.0,0.0,0.0,0.0,0.0,0.0,0.0,
1765990786.986013,sol-updown-15m-1765989900,1765989900.0,1765990800.0,,13.013987064361572,,,,,0,0,0.99,0.98,ONE_LEG_INVENTORY,,,,,,,,,,,,,,0,5,,,,,,,,,,,,,,,,,,,,,,,,,,,,5.0,0.0,,,,,0,0,,,Inv: 5.0/0.0 CapLeft: 45.0,,,5.0,0.0,5.0,45.0,50.0,0.0,50.0,0.0,0.0,0.0,0.0,0.0,0.0,0.0,0.0,0.0,
1765990787.4150622,sol-updown-15m-1765989900,1765989900.0,1765990800.0,,12.584937810897827,,,,,0,0,0.99,0.98,ONE_LEG_INVENTORY,,,,,,,,,,,,,,0,5,,,,,,,,,,,,,,,,,,,,,,,,,,,,5.0,0.0,,,,,0,0,,,Inv: 5.0/0.0 CapLeft: 45.0,,,5.0,0.0,5.0,45.0,50.0,0.0,50.0,0.0,0.0,0.0,0.0,0.0,0.0,0.0,0.0,0.0,
1765990788.937829,sol-updown-15m-1765989900,1765989900.0,1765990800.0,,11.06217098236084,,,,,0,0,0.99,0.98,ONE_LEG_INVENTORY,,,,,,,,,,,,,,0,5,,,,,,,,,,,,,,,,,,,,,,,,,,,,5.0,0.0,,,,,0,0,,,Inv: 5.0/0.0 CapLeft: 45.0,,,5.0,0.0,5.0,45.0,50.0,0.0,50.0,0.0,0.0,0.0,0.0,0.0,0.0,0.0,0.0,0.0,
1765990789.3465996,sol-updown-15m-1765989900,1765989900.0,1765990800.0,,10.653400421142578,,,,,0,0,0.99,0.98,ONE_LEG_INVENTORY,,,,,,,,,,,,,,0,5,,,,,,,,,,,,,,,,,,,,,,,,,,,,5.0,0.0,,,,,0,0,,,Inv: 5.0/0.0 CapLeft: 45.0,,,5.0,0.0,5.0,45.0,50.0,0.0,50.0,0.0,0.0,0.0,0.0,0.0,0.0,0.0,0.0,0.0,
1765990790.8805003,sol-updown-15m-1765989900,1765989900.0,1765990800.0,,9.119499683380127,,,,,0,0,0.99,0.98,ONE_LEG_INVENTORY,,,,,,,,,,,,,,0,5,,,,,,,,,,,,,,,,,,,,,,,,,,,,5.0,0.0,,,,,0,0,,,Inv: 5.0/0.0 CapLeft: 45.0,,,5.0,0.0,5.0,45.0,50.0,0.0,50.0,0.0,0.0,0.0,0.0,0.0,0.0,0.0,0.0,0.0,
1765990791.30741,sol-updown-15m-1765989900,1765989900.0,1765990800.0,,8.69258999824524,,,,,0,0,0.99,0.98,ONE_LEG_INVENTORY,,,,,,,,,,,,,,0,5,,,,,,,,,,,,,,,,,,,,,,,,,,,,5.0,0.0,,,,,0,0,,,Inv: 5.0/0.0 CapLeft: 45.0,,,5.0,0.0,5.0,45.0,50.0,0.0,50.0,0.0,0.0,0.0,0.0,0.0,0.0,0.0,0.0,0.0,
1765990792.8608117,sol-updown-15m-1765989900,1765989900.0,1765990800.0,,7.139188289642334,,,,,0,0,0.99,0.98,ONE_LEG_INVENTORY,,,,,,,,,,,,,,0,5,,,,,,,,,,,,,,,,,,,,,,,,,,,,5.0,0.0,,,,,0,0,,,Inv: 5.0/0.0 CapLeft: 45.0,,,5.0,0.0,5.0,45.0,50.0,0.0,50.0,0.0,0.0,0.0,0.0,0.0,0.0,0.0,0.0,0.0,
1765990793.2665548,sol-updown-15m-1765989900,1765989900.0,1765990800.0,,6.733445167541504,,,,,0,0,0.99,0.98,ONE_LEG_INVENTORY,,,,,,,,,,,,,,0,5,,,,,,,,,,,,,,,,,,,,,,,,,,,,5.0,0.0,,,,,0,0,,,Inv: 5.0/0.0 CapLeft: 45.0,,,5.0,0.0,5.0,45.0,50.0,0.0,50.0,0.0,0.0,0.0,0.0,0.0,0.0,0.0,0.0,0.0,
1765990794.8112423,sol-updown-15m-1765989900,1765989900.0,1765990800.0,,5.188757658004761,,,,,0,0,0.99,0.98,ONE_LEG_INVENTORY,,,,,,,,,,,,,,0,5,,,,,,,,,,,,,,,,,,,,,,,,,,,,5.0,0.0,,,,,0,0,,,Inv: 5.0/0.0 CapLeft: 45.0,,,5.0,0.0,5.0,45.0,50.0,0.0,50.0,0.0,0.0,0.0,0.0,0.0,0.0,0.0,0.0,0.0,
1765990795.1920736,sol-updown-15m-1765989900,1765989900.0,1765990800.0,,4.807926416397095,,,,,0,0,0.99,0.98,ONE_LEG_INVENTORY,,,,,,,,,,,,,,0,5,,,,,,,,,,,,,,,,,,,,,,,,,,,,5.0,0.0,,,,,0,0,,,Inv: 5.0/0.0 CapLeft: 45.0,,,5.0,0.0,5.0,45.0,50.0,0.0,50.0,0.0,0.0,0.0,0.0,0.0,0.0,0.0,0.0,0.0,
1765990796.7428005,sol-updown-15m-1765989900,1765989900.0,1765990800.0,,3.25719952583313,,,,,0,0,0.99,0.98,ONE_LEG_INVENTORY,,,,,,,,,,,,,,0,5,,,,,,,,,,,,,,,,,,,,,,,,,,,,5.0,0.0,,,,,0,0,,,Inv: 5.0/0.0 CapLeft: 45.0,,,5.0,0.0,5.0,45.0,50.0,0.0,50.0,0.0,0.0,0.0,0.0,0.0,0.0,0.0,0.0,0.0,
1765990797.1117544,sol-updown-15m-1765989900,1765989900.0,1765990800.0,,2.8882455825805664,,,,,0,0,0.99,0.98,ONE_LEG_INVENTORY,,,,,,,,,,,,,,0,5,,,,,,,,,,,,,,,,,,,,,,,,,,,,5.0,0.0,,,,,0,0,,,Inv: 5.0/0.0 CapLeft: 45.0,,,5.0,0.0,5.0,45.0,50.0,0.0,50.0,0.0,0.0,0.0,0.0,0.0,0.0,0.0,0.0,0.0,
1765990798.7077346,sol-updown-15m-1765989900,1765989900.0,1765990800.0,,1.2922654151916504,,,,,0,0,0.99,0.98,ONE_LEG_INVENTORY,,,,,,,,,,,,,,0,5,,,,,,,,,,,,,,,,,,,,,,,,,,,,5.0,0.0,,,,,0,0,,,Inv: 5.0/0.0 CapLeft: 45.0,,,5.0,0.0,5.0,45.0,50.0,0.0,50.0,0.0,0.0,0.0,0.0,0.0,0.0,0.0,0.0,0.0,
1765990799.0501463,sol-updown-15m-1765989900,1765989900.0,1765990800.0,,0.9498536586761475,,,,,0,0,0.99,0.98,ONE_LEG_INVENTORY,,,,,,,,,,,,,,0,5,,,,,,,,,,,,,,,,,,,,,,,,,,,,5.0,0.0,,,,,0,0,,,Inv: 5.0/0.0 CapLeft: 45.0,,,5.0,0.0,5.0,45.0,50.0,0.0,50.0,0.0,0.0,0.0,0.0,0.0,0.0,0.0,0.0,0.0,
