timestamp,slug,market_start_ts,market_end_ts,now_ts,time_remaining,up_bid,up_ask,down_bid,down_ask,up_px,down_px,sum_px,max_sum_price,decision,blocked_maker,order_age,up_filled,down_filled,has_traded,intended_price_up,rounded_price_up,intended_price_down,rounded_price_down,cancel_reason,unwind_method,unwind_price,unwind_result,optimal_size,actual_size,near_resolution_blocked,force_flatten,entry_cutoff_sec,force_flatten_sec,size_chosen,size_max_usd,size_max_final,usd_per_market_cap,test_mode,used_test_preset,test_preset_candidate,min_leg_price,max_leg_price,min_profit_per_share,profit_both,price_bounds_ok,profit_ok,skip_reason,blocked_price_bounds,blocked_low_profit,taker_path_attempted,up_ask_at_send,down_ask_at_send,up_bid_at_send,down_bid_at_send,filled_up_shares,filled_down_shares,target_size_shares,size_locked_blocked,overbuy_attempted,filled_first_price,remaining_up,remaining_down,entry_id,reprice_attempt_count,reprice_reason,time_in_one_leg_state,last_reprice_ts,reconstruction_budget,reconstruction_spent,remaining_edge,entry_sum_target,initial_edge_per_share,imbalance_shares,avg_other_price,px_missing_now,overpay_per_share,reconstruct_chunk_shares,reconstruct_cost_est_usd,reconstruct_overpay_limit,reconstruct_block_reason
1765982701.768194,btc-updown-15m-1765982700,1765982700.0,1765983600.0,,898.2318060398102,,,,,0.53,0.45,0.98,0.98,ORDERS_OPEN,,,,,,,,,,,,,,5,5,,,,,,,,,,,,,,,,,,,,Leg:BOTH UP:5 DOWN:5,,,,,,,,0.0,5.0,,,,,0,0,,,Inv: 0.0/5.0 CapLeft: 45.0,,,0.0,5.0,5.0,45.0,50.0,0.0,50.0,0.98,0.020000000000000018,0.0,0.0,0.0,0.0,0.0,0.0,0.0,
1765982706.6140785,btc-updown-15m-1765982700,1765982700.0,1765983600.0,,893.3859214782715,,,,,0,0,0.99,0.98,ORDERS_OPEN,,,,,,,,,,,,,,0,5,,,,,,,,,,,,,,,,,,,,,,,,,,,,0.0,5.0,,,,,0,0,,,Inv: 0.0/5.0 CapLeft: 45.0,,,0.0,5.0,5.0,45.0,50.0,0.0,50.0,0.98,0.020000000000000018,0.0,0.0,0.0,0.0,0.0,0.0,0.0,
1765982708.79478,btc-updown-15m-1765982700,1765982700.0,1765983600.0,,891.2052199840546,,,,,0,0,0.98,0.98,ORDERS_OPEN,,,,,,,,,,,,,,0,5,,,,,,,,,,,,,,,,,,,,,,,,,,,,0.0,5.0,,,,,0,0,,,Inv: 0.0/5.0 CapLeft: 45.0,,,0.0,5.0,5.0,45.0,50.0,0.0,50.0,0.98,0.020000000000000018,0.0,0.0,0.0,0.0,0.0,0.0,0.0,
1765982710.9470625,btc-updown-15m-1765982700,1765982700.0,1765983600.0,,889.0529375076294,,,,,0,0,0.98,0.98,ORDERS_OPEN,,,,,,,,,,,,,,0,5,,,,,,,,,,,,,,,,,,,,,,,,,,,,0.0,5.0,,,,,0,0,,,Inv: 0.0/5.0 CapLeft: 45.0,,,0.0,5.0,5.0,45.0,50.0,0.0,50.0,0.98,0.020000000000000018,0.0,0.0,0.0,0.0,0.0,0.0,0.0,
1765982713.1570902,btc-updown-15m-1765982700,1765982700.0,1765983600.0,,886.8429098129272,,,,,0,0,1.0,0.98,IDLE,,,,,,,,,,,,,,0,5,,,,,,,,,,,,,,,,,,,,,,,,,,,,5.0,5.0,,,,,0,0,,,Inv: 5.0/5.0 CapLeft: 40.0,,,5.0,5.0,10.0,40.0,50.0,0.0,50.0,0.98,0.020000000000000018,0.0,0.0,0.0,0.0,0.0,0.0,0.0,
1765982715.334421,btc-updown-15m-1765982700,1765982700.0,1765983600.0,,884.6655790805817,,,,,0,0,1.0,0.98,IDLE,,,,,,,,,,,,,,0,5,,,,,,,,,,,,,,,,,,,,Spread high 1.00 > 0.98,,,,,,,,5.0,5.0,,,,,0,0,,,Inv: 5.0/5.0 CapLeft: 40.0,,,5.0,5.0,10.0,40.0,50.0,0.0,50.0,0.98,0.020000000000000018,0.0,0.0,0.0,0.0,0.0,0.0,0.0,
1765982717.277973,btc-updown-15m-1765982700,1765982700.0,1765983600.0,,882.7220270633698,,,,,0,0,0.99,0.98,IDLE,,,,,,,,,,,,,,0,5,,,,,,,,,,,,,,,,,,,,Spread high 0.99 > 0.98,,,,,,,,5.0,5.0,,,,,0,0,,,Inv: 5.0/5.0 CapLeft: 40.0,,,5.0,5.0,10.0,40.0,50.0,0.0,50.0,0.98,0.020000000000000018,0.0,0.0,0.0,0.0,0.0,0.0,0.0,
1765982719.2599483,btc-updown-15m-1765982700,1765982700.0,1765983600.0,,880.7400517463684,,,,,0,0,1.0,0.98,IDLE,,,,,,,,,,,,,,0,5,,,,,,,,,,,,,,,,,,,,Spread high 1.00 > 0.98,,,,,,,,5.0,5.0,,,,,0,0,,,Inv: 5.0/5.0 CapLeft: 40.0,,,5.0,5.0,10.0,40.0,50.0,0.0,50.0,0.98,0.020000000000000018,0.0,0.0,0.0,0.0,0.0,0.0,0.0,
1765982721.2142022,btc-updown-15m-1765982700,1765982700.0,1765983600.0,,878.7857978343964,,,,,0,0,0.99,0.98,IDLE,,,,,,,,,,,,,,0,5,,,,,,,,,,,,,,,,,,,,Spread high 0.99 > 0.98,,,,,,,,5.0,5.0,,,,,0,0,,,Inv: 5.0/5.0 CapLeft: 40.0,,,5.0,5.0,10.0,40.0,50.0,0.0,50.0,0.98,0.020000000000000018,0.0,0.0,0.0,0.0,0.0,0.0,0.0,
1765982723.1832004,btc-updown-15m-1765982700,1765982700.0,1765983600.0,,876.8167996406555,,,,,0.46,0.52,0.98,0.98,ORDERS_OPEN,,,,,,,,,,,,,,5,5,,,,,,,,,,,,,,,,,,,,Leg:BOTH UP:5 DOWN:5,,,,,,,,5.0,5.0,,,,,0,0,,,Inv: 5.0/5.0 CapLeft: 40.0,,,5.0,5.0,10.0,40.0,50.0,0.0,50.0,0.98,0.020000000000000018,0.0,0.0,0.0,0.0,0.0,0.0,0.0,
1765982726.392213,btc-updown-15m-1765982700,1765982700.0,1765983600.0,,873.6077868938446,,,,,0,0,0.99,0.98,ORDERS_OPEN,,,,,,,,,,,,,,0,5,,,,,,,,,,,,,,,,,,,,,,,,,,,,10.0,5.0,,,,,0,0,,,Inv: 10.0/5.0 CapLeft: 35.0,,,10.0,5.0,15.0,35.0,50.0,0.0,50.0,0.98,0.020000000000000018,0.0,0.0,0.0,0.0,0.0,0.0,0.0,
1765982728.9198093,btc-updown-15m-1765982700,1765982700.0,1765983600.0,,871.0801906585693,,,,,0,0,0.99,0.98,ORDERS_OPEN,,,,,,,,,,,,,,0,5,,,,,,,,,,,,,,,,,,,,,,,,,,,,10.0,5.0,,,,,0,0,,,Inv: 10.0/5.0 CapLeft: 35.0,,,10.0,5.0,15.0,35.0,50.0,0.0,50.0,0.98,0.020000000000000018,0.0,0.0,0.0,0.0,0.0,0.0,0.0,
1765982731.1551437,btc-updown-15m-1765982700,1765982700.0,1765983600.0,,868.844856262207,,,,,0,0,0.99,0.98,ORDERS_OPEN,,,,,,,,,,,,,,0,5,,,,,,,,,,,,,,,,,,,,,,,,,,,,10.0,5.0,,,,,0,0,,,Inv: 10.0/5.0 CapLeft: 35.0,,,10.0,5.0,15.0,35.0,50.0,0.0,50.0,0.98,0.020000000000000018,0.0,0.0,0.0,0.0,0.0,0.0,0.0,
1765982733.3382225,btc-updown-15m-1765982700,1765982700.0,1765983600.0,,866.6617774963379,,,,,0,0,1.0,0.98,ORDERS_OPEN,,,,,,,,,,,,,,0,5,,,,,,,,,,,,,,,,,,,,,,,,,,,,10.0,5.0,,,,,0,0,,,Inv: 10.0/5.0 CapLeft: 35.0,,,10.0,5.0,15.0,35.0,50.0,0.0,50.0,0.98,0.020000000000000018,0.0,0.0,0.0,0.0,0.0,0.0,0.0,
1765982735.5161068,btc-updown-15m-1765982700,1765982700.0,1765983600.0,,864.4838931560516,,,,,0,0,1.0,0.98,ORDERS_OPEN,,,,,,,,,,,,,,0,5,,,,,,,,,,,,,,,,,,,,,,,,,,,,10.0,5.0,,,,,0,0,,,Inv: 10.0/5.0 CapLeft: 35.0,,,10.0,5.0,15.0,35.0,50.0,0.0,50.0,0.98,0.020000000000000018,0.0,0.0,0.0,0.0,0.0,0.0,0.0,
1765982737.781268,btc-updown-15m-1765982700,1765982700.0,1765983600.0,,862.2187321186066,,,,,0,0,0.97,0.98,ORDERS_OPEN,,,,,,,,,,,,,,0,5,,,,,,,,,,,,,,,,,,,,,,,,,,,,10.0,5.0,,,,,0,0,,,Inv: 10.0/5.0 CapLeft: 35.0,,,10.0,5.0,15.0,35.0,50.0,0.0,50.0,0.98,0.020000000000000018,0.0,0.0,0.0,0.0,0.0,0.0,0.0,
1765982739.9529798,btc-updown-15m-1765982700,1765982700.0,1765983600.0,,860.0470201969147,,,,,0,0,0.99,0.98,ONE_LEG_INVENTORY,,,,,,,,,,,,,,0,5,,,,,,,,,,,,,,,,,,,,,,,,,,,,10.0,5.0,,,,,0,0,,,Inv: 10.0/5.0 CapLeft: 35.0,,,10.0,5.0,15.0,35.0,50.0,0.0,50.0,0.98,0.020000000000000018,0.0,0.0,0.0,0.0,0.0,0.0,0.0,
1765982742.298943,btc-updown-15m-1765982700,1765982700.0,1765983600.0,,857.7010569572449,,,,,0,0,0.99,0.98,ONE_LEG_INVENTORY,,,,,,,,,,,,,,0,5,,,,,,,,,,,,,,,,,,,,"RECONSTRUCT_BLOCKED: OVERPAY_LIMIT (Op:0.1250 > L:0.0020, Cost:$0.62)",,,,,,,,10.0,5.0,,,,,0,0,,,Inv: 10.0/5.0 CapLeft: 35.0,,,10.0,5.0,15.0,35.0,50.0,0.0,50.0,0.98,0.020000000000000018,5.0,0.4950000000000001,0.63,0.125,5.0,0.625,0.002,OVERPAY_LIMIT
1765982742.298943,btc-updown-15m-1765982700,1765982700.0,1765983600.0,,857.7010569572449,,,,,0,0,0.99,0.98,ONE_LEG_INVENTORY,,,,,,,,,,,,,,0,5,,,,,,,,,,,,,,,,,,,,"RECONSTRUCT_BLOCKED: OVERPAY_LIMIT (Op:0.1250 > L:0.0020, Cost:$0.62)",,,,,,,,10.0,5.0,,,,,0,0,,,Inv: 10.0/5.0 CapLeft: 35.0,,,10.0,5.0,15.0,35.0,50.0,0.0,50.0,0.98,0.020000000000000018,5.0,0.4950000000000001,0.63,0.125,5.0,0.625,0.002,OVERPAY_LIMIT
1765982744.2290027,btc-updown-15m-1765982700,1765982700.0,1765983600.0,,855.7709972858429,,,,,0,0,0.98,0.98,ONE_LEG_INVENTORY,,,,,,,,,,,,,,0,5,,,,,,,,,,,,,,,,,,,,"RECONSTRUCT_BLOCKED: OVERPAY_LIMIT (Op:0.1150 > L:0.0020, Cost:$0.58)",,,,,,,,10.0,5.0,,,,,0,0,,,Inv: 10.0/5.0 CapLeft: 35.0,,,10.0,5.0,15.0,35.0,50.0,0.0,50.0,0.98,0.020000000000000018,5.0,0.4950000000000001,0.62,0.11500000000000021,5.0,0.5750000000000011,0.002,OVERPAY_LIMIT
1765982744.2290027,btc-updown-15m-1765982700,1765982700.0,1765983600.0,,855.7709972858429,,,,,0,0,0.98,0.98,ONE_LEG_INVENTORY,,,,,,,,,,,,,,0,5,,,,,,,,,,,,,,,,,,,,"RECONSTRUCT_BLOCKED: OVERPAY_LIMIT (Op:0.1150 > L:0.0020, Cost:$0.58)",,,,,,,,10.0,5.0,,,,,0,0,,,Inv: 10.0/5.0 CapLeft: 35.0,,,10.0,5.0,15.0,35.0,50.0,0.0,50.0,0.98,0.020000000000000018,5.0,0.4950000000000001,0.62,0.11500000000000021,5.0,0.5750000000000011,0.002,OVERPAY_LIMIT
1765982746.1715002,btc-updown-15m-1765982700,1765982700.0,1765983600.0,,853.8284997940063,,,,,0,0,0.99,0.98,ONE_LEG_INVENTORY,,,,,,,,,,,,,,0,5,,,,,,,,,,,,,,,,,,,,"RECONSTRUCT_BLOCKED: OVERPAY_LIMIT (Op:0.0850 > L:0.0020, Cost:$0.42)",,,,,,,,10.0,5.0,,,,,0,0,,,Inv: 10.0/5.0 CapLeft: 35.0,,,10.0,5.0,15.0,35.0,50.0,0.0,50.0,0.98,0.020000000000000018,5.0,0.4950000000000001,0.59,0.08499999999999996,5.0,0.4249999999999998,0.002,OVERPAY_LIMIT
1765982746.1715002,btc-updown-15m-1765982700,1765982700.0,1765983600.0,,853.8284997940063,,,,,0,0,0.99,0.98,ONE_LEG_INVENTORY,,,,,,,,,,,,,,0,5,,,,,,,,,,,,,,,,,,,,"RECONSTRUCT_BLOCKED: OVERPAY_LIMIT (Op:0.0850 > L:0.0020, Cost:$0.42)",,,,,,,,10.0,5.0,,,,,0,0,,,Inv: 10.0/5.0 CapLeft: 35.0,,,10.0,5.0,15.0,35.0,50.0,0.0,50.0,0.98,0.020000000000000018,5.0,0.4950000000000001,0.59,0.08499999999999996,5.0,0.4249999999999998,0.002,OVERPAY_LIMIT
1765982748.1187766,btc-updown-15m-1765982700,1765982700.0,1765983600.0,,851.8812234401703,,,,,0,0,0.99,0.98,ONE_LEG_INVENTORY,,,,,,,,,,,,,,0,5,,,,,,,,,,,,,,,,,,,,"RECONSTRUCT_BLOCKED: OVERPAY_LIMIT (Op:0.0450 > L:0.0020, Cost:$0.23)",,,,,,,,10.0,5.0,,,,,0,0,,,Inv: 10.0/5.0 CapLeft: 35.0,,,10.0,5.0,15.0,35.0,50.0,0.0,50.0,0.98,0.020000000000000018,5.0,0.4950000000000001,0.55,0.04500000000000015,5.0,0.22500000000000075,0.002,OVERPAY_LIMIT
1765982748.1187766,btc-updown-15m-1765982700,1765982700.0,1765983600.0,,851.8812234401703,,,,,0,0,0.99,0.98,ONE_LEG_INVENTORY,,,,,,,,,,,,,,0,5,,,,,,,,,,,,,,,,,,,,"RECONSTRUCT_BLOCKED: OVERPAY_LIMIT (Op:0.0450 > L:0.0020, Cost:$0.23)",,,,,,,,10.0,5.0,,,,,0,0,,,Inv: 10.0/5.0 CapLeft: 35.0,,,10.0,5.0,15.0,35.0,50.0,0.0,50.0,0.98,0.020000000000000018,5.0,0.4950000000000001,0.55,0.04500000000000015,5.0,0.22500000000000075,0.002,OVERPAY_LIMIT
1765982750.0589182,btc-updown-15m-1765982700,1765982700.0,1765983600.0,,849.9410817623138,,,,,0,0,0.99,0.98,ONE_LEG_INVENTORY,,,,,,,,,,,,,,0,5,,,,,,,,,,,,,,,,,,,,"RECONSTRUCT_BLOCKED: OVERPAY_LIMIT (Op:0.0550 > L:0.0020, Cost:$0.28)",,,,,,,,10.0,5.0,,,,,0,0,,,Inv: 10.0/5.0 CapLeft: 35.0,,,10.0,5.0,15.0,35.0,50.0,0.0,50.0,0.98,0.020000000000000018,5.0,0.4950000000000001,0.56,0.05500000000000016,5.0,0.2750000000000008,0.002,OVERPAY_LIMIT
1765982750.0589182,btc-updown-15m-1765982700,1765982700.0,1765983600.0,,849.9410817623138,,,,,0,0,0.99,0.98,ONE_LEG_INVENTORY,,,,,,,,,,,,,,0,5,,,,,,,,,,,,,,,,,,,,"RECONSTRUCT_BLOCKED: OVERPAY_LIMIT (Op:0.0550 > L:0.0020, Cost:$0.28)",,,,,,,,10.0,5.0,,,,,0,0,,,Inv: 10.0/5.0 CapLeft: 35.0,,,10.0,5.0,15.0,35.0,50.0,0.0,50.0,0.98,0.020000000000000018,5.0,0.4950000000000001,0.56,0.05500000000000016,5.0,0.2750000000000008,0.002,OVERPAY_LIMIT
1765982751.9962957,btc-updown-15m-1765982700,1765982700.0,1765983600.0,,848.0037043094635,,,,,0,0,0.97,0.98,ONE_LEG_INVENTORY,,,,,,,,,,,,,,0,5,,,,,,,,,,,,,,,,,,,,"RECONSTRUCT_BLOCKED: OVERPAY_LIMIT (Op:0.0750 > L:0.0020, Cost:$0.38)",,,,,,,,10.0,5.0,,,,,0,0,,,Inv: 10.0/5.0 CapLeft: 35.0,,,10.0,5.0,15.0,35.0,50.0,0.0,50.0,0.98,0.020000000000000018,5.0,0.4950000000000001,0.58,0.07500000000000018,5.0,0.3750000000000009,0.002,OVERPAY_LIMIT
1765982751.9962957,btc-updown-15m-1765982700,1765982700.0,1765983600.0,,848.0037043094635,,,,,0,0,0.97,0.98,ONE_LEG_INVENTORY,,,,,,,,,,,,,,0,5,,,,,,,,,,,,,,,,,,,,"RECONSTRUCT_BLOCKED: OVERPAY_LIMIT (Op:0.0750 > L:0.0020, Cost:$0.38)",,,,,,,,10.0,5.0,,,,,0,0,,,Inv: 10.0/5.0 CapLeft: 35.0,,,10.0,5.0,15.0,35.0,50.0,0.0,50.0,0.98,0.020000000000000018,5.0,0.4950000000000001,0.58,0.07500000000000018,5.0,0.3750000000000009,0.002,OVERPAY_LIMIT
1765982754.0149877,btc-updown-15m-1765982700,1765982700.0,1765983600.0,,845.9850122928619,,,,,0,0,0.99,0.98,ONE_LEG_INVENTORY,,,,,,,,,,,,,,0,5,,,,,,,,,,,,,,,,,,,,"RECONSTRUCT_BLOCKED: OVERPAY_LIMIT (Op:0.1150 > L:0.0020, Cost:$0.58)",,,,,,,,10.0,5.0,,,,,0,0,,,Inv: 10.0/5.0 CapLeft: 35.0,,,10.0,5.0,15.0,35.0,50.0,0.0,50.0,0.98,0.020000000000000018,5.0,0.4950000000000001,0.62,0.11500000000000021,5.0,0.5750000000000011,0.002,OVERPAY_LIMIT
1765982754.0149877,btc-updown-15m-1765982700,1765982700.0,1765983600.0,,845.9850122928619,,,,,0,0,0.99,0.98,ONE_LEG_INVENTORY,,,,,,,,,,,,,,0,5,,,,,,,,,,,,,,,,,,,,"RECONSTRUCT_BLOCKED: OVERPAY_LIMIT (Op:0.1150 > L:0.0020, Cost:$0.58)",,,,,,,,10.0,5.0,,,,,0,0,,,Inv: 10.0/5.0 CapLeft: 35.0,,,10.0,5.0,15.0,35.0,50.0,0.0,50.0,0.98,0.020000000000000018,5.0,0.4950000000000001,0.62,0.11500000000000021,5.0,0.5750000000000011,0.002,OVERPAY_LIMIT
1765982755.967547,btc-updown-15m-1765982700,1765982700.0,1765983600.0,,844.0324530601501,,,,,0,0,0.99,0.98,ONE_LEG_INVENTORY,,,,,,,,,,,,,,0,5,,,,,,,,,,,,,,,,,,,,"RECONSTRUCT_BLOCKED: OVERPAY_LIMIT (Op:0.1250 > L:0.0020, Cost:$0.62)",,,,,,,,10.0,5.0,,,,,0,0,,,Inv: 10.0/5.0 CapLeft: 35.0,,,10.0,5.0,15.0,35.0,50.0,0.0,50.0,0.98,0.020000000000000018,5.0,0.4950000000000001,0.63,0.125,5.0,0.625,0.002,OVERPAY_LIMIT
1765982755.967547,btc-updown-15m-1765982700,1765982700.0,1765983600.0,,844.0324530601501,,,,,0,0,0.99,0.98,ONE_LEG_INVENTORY,,,,,,,,,,,,,,0,5,,,,,,,,,,,,,,,,,,,,"RECONSTRUCT_BLOCKED: OVERPAY_LIMIT (Op:0.1250 > L:0.0020, Cost:$0.62)",,,,,,,,10.0,5.0,,,,,0,0,,,Inv: 10.0/5.0 CapLeft: 35.0,,,10.0,5.0,15.0,35.0,50.0,0.0,50.0,0.98,0.020000000000000018,5.0,0.4950000000000001,0.63,0.125,5.0,0.625,0.002,OVERPAY_LIMIT
1765982757.9013453,btc-updown-15m-1765982700,1765982700.0,1765983600.0,,842.0986547470093,,,,,0,0,0.99,0.98,ONE_LEG_INVENTORY,,,,,,,,,,,,,,0,5,,,,,,,,,,,,,,,,,,,,"RECONSTRUCT_BLOCKED: OVERPAY_LIMIT (Op:0.1250 > L:0.0020, Cost:$0.62)",,,,,,,,10.0,5.0,,,,,0,0,,,Inv: 10.0/5.0 CapLeft: 35.0,,,10.0,5.0,15.0,35.0,50.0,0.0,50.0,0.98,0.020000000000000018,5.0,0.4950000000000001,0.63,0.125,5.0,0.625,0.002,OVERPAY_LIMIT
1765982757.9013453,btc-updown-15m-1765982700,1765982700.0,1765983600.0,,842.0986547470093,,,,,0,0,0.99,0.98,ONE_LEG_INVENTORY,,,,,,,,,,,,,,0,5,,,,,,,,,,,,,,,,,,,,"RECONSTRUCT_BLOCKED: OVERPAY_LIMIT (Op:0.1250 > L:0.0020, Cost:$0.62)",,,,,,,,10.0,5.0,,,,,0,0,,,Inv: 10.0/5.0 CapLeft: 35.0,,,10.0,5.0,15.0,35.0,50.0,0.0,50.0,0.98,0.020000000000000018,5.0,0.4950000000000001,0.63,0.125,5.0,0.625,0.002,OVERPAY_LIMIT
1765982759.912927,btc-updown-15m-1765982700,1765982700.0,1765983600.0,,840.0870730876923,,,,,0,0,0.98,0.98,ONE_LEG_INVENTORY,,,,,,,,,,,,,,0,5,,,,,,,,,,,,,,,,,,,,"RECONSTRUCT_BLOCKED: OVERPAY_LIMIT (Op:0.0950 > L:0.0020, Cost:$0.48)",,,,,,,,10.0,5.0,,,,,0,0,,,Inv: 10.0/5.0 CapLeft: 35.0,,,10.0,5.0,15.0,35.0,50.0,0.0,50.0,0.98,0.020000000000000018,5.0,0.4950000000000001,0.6,0.0950000000000002,5.0,0.475000000000001,0.002,OVERPAY_LIMIT
1765982759.912927,btc-updown-15m-1765982700,1765982700.0,1765983600.0,,840.0870730876923,,,,,0,0,0.98,0.98,ONE_LEG_INVENTORY,,,,,,,,,,,,,,0,5,,,,,,,,,,,,,,,,,,,,"RECONSTRUCT_BLOCKED: OVERPAY_LIMIT (Op:0.0950 > L:0.0020, Cost:$0.48)",,,,,,,,10.0,5.0,,,,,0,0,,,Inv: 10.0/5.0 CapLeft: 35.0,,,10.0,5.0,15.0,35.0,50.0,0.0,50.0,0.98,0.020000000000000018,5.0,0.4950000000000001,0.6,0.0950000000000002,5.0,0.475000000000001,0.002,OVERPAY_LIMIT
1765982761.859297,btc-updown-15m-1765982700,1765982700.0,1765983600.0,,838.1407029628754,,,,,0,0,0.99,0.98,ONE_LEG_INVENTORY,,,,,,,,,,,,,,0,5,,,,,,,,,,,,,,,,,,,,"RECONSTRUCT_BLOCKED: OVERPAY_LIMIT (Op:0.0750 > L:0.0020, Cost:$0.38)",,,,,,,,10.0,5.0,,,,,0,0,,,Inv: 10.0/5.0 CapLeft: 35.0,,,10.0,5.0,15.0,35.0,50.0,0.0,50.0,0.98,0.020000000000000018,5.0,0.4950000000000001,0.58,0.07500000000000018,5.0,0.3750000000000009,0.002,OVERPAY_LIMIT
1765982761.859297,btc-updown-15m-1765982700,1765982700.0,1765983600.0,,838.1407029628754,,,,,0,0,0.99,0.98,ONE_LEG_INVENTORY,,,,,,,,,,,,,,0,5,,,,,,,,,,,,,,,,,,,,"RECONSTRUCT_BLOCKED: OVERPAY_LIMIT (Op:0.0750 > L:0.0020, Cost:$0.38)",,,,,,,,10.0,5.0,,,,,0,0,,,Inv: 10.0/5.0 CapLeft: 35.0,,,10.0,5.0,15.0,35.0,50.0,0.0,50.0,0.98,0.020000000000000018,5.0,0.4950000000000001,0.58,0.07500000000000018,5.0,0.3750000000000009,0.002,OVERPAY_LIMIT
1765982763.7892766,btc-updown-15m-1765982700,1765982700.0,1765983600.0,,836.210723400116,,,,,0,0,0.97,0.98,ONE_LEG_INVENTORY,,,,,,,,,,,,,,0,5,,,,,,,,,,,,,,,,,,,,"RECONSTRUCT_BLOCKED: OVERPAY_LIMIT (Op:0.1050 > L:0.0020, Cost:$0.52)",,,,,,,,10.0,5.0,,,,,0,0,,,Inv: 10.0/5.0 CapLeft: 35.0,,,10.0,5.0,15.0,35.0,50.0,0.0,50.0,0.98,0.020000000000000018,5.0,0.4950000000000001,0.61,0.10499999999999998,5.0,0.5249999999999999,0.002,OVERPAY_LIMIT
1765982763.7892766,btc-updown-15m-1765982700,1765982700.0,1765983600.0,,836.210723400116,,,,,0,0,0.97,0.98,ONE_LEG_INVENTORY,,,,,,,,,,,,,,0,5,,,,,,,,,,,,,,,,,,,,"RECONSTRUCT_BLOCKED: OVERPAY_LIMIT (Op:0.1050 > L:0.0020, Cost:$0.52)",,,,,,,,10.0,5.0,,,,,0,0,,,Inv: 10.0/5.0 CapLeft: 35.0,,,10.0,5.0,15.0,35.0,50.0,0.0,50.0,0.98,0.020000000000000018,5.0,0.4950000000000001,0.61,0.10499999999999998,5.0,0.5249999999999999,0.002,OVERPAY_LIMIT
1765982765.7262897,btc-updown-15m-1765982700,1765982700.0,1765983600.0,,834.2737102508545,,,,,0,0,0.99,0.98,ONE_LEG_INVENTORY,,,,,,,,,,,,,,0,5,,,,,,,,,,,,,,,,,,,,"RECONSTRUCT_BLOCKED: OVERPAY_LIMIT (Op:0.1350 > L:0.0020, Cost:$0.68)",,,,,,,,10.0,5.0,,,,,0,0,,,Inv: 10.0/5.0 CapLeft: 35.0,,,10.0,5.0,15.0,35.0,50.0,0.0,50.0,0.98,0.020000000000000018,5.0,0.4950000000000001,0.64,0.13500000000000023,5.0,0.6750000000000012,0.002,OVERPAY_LIMIT
1765982765.7262897,btc-updown-15m-1765982700,1765982700.0,1765983600.0,,834.2737102508545,,,,,0,0,0.99,0.98,ONE_LEG_INVENTORY,,,,,,,,,,,,,,0,5,,,,,,,,,,,,,,,,,,,,"RECONSTRUCT_BLOCKED: OVERPAY_LIMIT (Op:0.1350 > L:0.0020, Cost:$0.68)",,,,,,,,10.0,5.0,,,,,0,0,,,Inv: 10.0/5.0 CapLeft: 35.0,,,10.0,5.0,15.0,35.0,50.0,0.0,50.0,0.98,0.020000000000000018,5.0,0.4950000000000001,0.64,0.13500000000000023,5.0,0.6750000000000012,0.002,OVERPAY_LIMIT
1765982767.6846952,btc-updown-15m-1765982700,1765982700.0,1765983600.0,,832.3153047561646,,,,,0,0,0.99,0.98,ONE_LEG_INVENTORY,,,,,,,,,,,,,,0,5,,,,,,,,,,,,,,,,,,,,"RECONSTRUCT_BLOCKED: OVERPAY_LIMIT (Op:0.1350 > L:0.0020, Cost:$0.68)",,,,,,,,10.0,5.0,,,,,0,0,,,Inv: 10.0/5.0 CapLeft: 35.0,,,10.0,5.0,15.0,35.0,50.0,0.0,50.0,0.98,0.020000000000000018,5.0,0.4950000000000001,0.64,0.13500000000000023,5.0,0.6750000000000012,0.002,OVERPAY_LIMIT
1765982767.6846952,btc-updown-15m-1765982700,1765982700.0,1765983600.0,,832.3153047561646,,,,,0,0,0.99,0.98,ONE_LEG_INVENTORY,,,,,,,,,,,,,,0,5,,,,,,,,,,,,,,,,,,,,"RECONSTRUCT_BLOCKED: OVERPAY_LIMIT (Op:0.1350 > L:0.0020, Cost:$0.68)",,,,,,,,10.0,5.0,,,,,0,0,,,Inv: 10.0/5.0 CapLeft: 35.0,,,10.0,5.0,15.0,35.0,50.0,0.0,50.0,0.98,0.020000000000000018,5.0,0.4950000000000001,0.64,0.13500000000000023,5.0,0.6750000000000012,0.002,OVERPAY_LIMIT
1765982769.6504748,btc-updown-15m-1765982700,1765982700.0,1765983600.0,,830.3495252132416,,,,,0,0,1.0,0.98,ONE_LEG_INVENTORY,,,,,,,,,,,,,,0,5,,,,,,,,,,,,,,,,,,,,"RECONSTRUCT_BLOCKED: OVERPAY_LIMIT (Op:0.1950 > L:0.0020, Cost:$0.98)",,,,,,,,10.0,5.0,,,,,0,0,,,Inv: 10.0/5.0 CapLeft: 35.0,,,10.0,5.0,15.0,35.0,50.0,0.0,50.0,0.98,0.020000000000000018,5.0,0.4950000000000001,0.7,0.19500000000000006,5.0,0.9750000000000003,0.002,OVERPAY_LIMIT
1765982769.6504748,btc-updown-15m-1765982700,1765982700.0,1765983600.0,,830.3495252132416,,,,,0,0,1.0,0.98,ONE_LEG_INVENTORY,,,,,,,,,,,,,,0,5,,,,,,,,,,,,,,,,,,,,"RECONSTRUCT_BLOCKED: OVERPAY_LIMIT (Op:0.1950 > L:0.0020, Cost:$0.98)",,,,,,,,10.0,5.0,,,,,0,0,,,Inv: 10.0/5.0 CapLeft: 35.0,,,10.0,5.0,15.0,35.0,50.0,0.0,50.0,0.98,0.020000000000000018,5.0,0.4950000000000001,0.7,0.19500000000000006,5.0,0.9750000000000003,0.002,OVERPAY_LIMIT
1765982771.588723,btc-updown-15m-1765982700,1765982700.0,1765983600.0,,828.4112770557404,,,,,0,0,0.98,0.98,ONE_LEG_INVENTORY,,,,,,,,,,,,,,0,5,,,,,,,,,,,,,,,,,,,,"RECONSTRUCT_BLOCKED: OVERPAY_LIMIT (Op:0.2250 > L:0.0020, Cost:$1.13)",,,,,,,,10.0,5.0,,,,,0,0,,,Inv: 10.0/5.0 CapLeft: 35.0,,,10.0,5.0,15.0,35.0,50.0,0.0,50.0,0.98,0.020000000000000018,5.0,0.4950000000000001,0.73,0.2250000000000001,5.0,1.1250000000000004,0.002,OVERPAY_LIMIT
1765982771.588723,btc-updown-15m-1765982700,1765982700.0,1765983600.0,,828.4112770557404,,,,,0,0,0.98,0.98,ONE_LEG_INVENTORY,,,,,,,,,,,,,,0,5,,,,,,,,,,,,,,,,,,,,"RECONSTRUCT_BLOCKED: OVERPAY_LIMIT (Op:0.2250 > L:0.0020, Cost:$1.13)",,,,,,,,10.0,5.0,,,,,0,0,,,Inv: 10.0/5.0 CapLeft: 35.0,,,10.0,5.0,15.0,35.0,50.0,0.0,50.0,0.98,0.020000000000000018,5.0,0.4950000000000001,0.73,0.2250000000000001,5.0,1.1250000000000004,0.002,OVERPAY_LIMIT
1765982773.5469847,btc-updown-15m-1765982700,1765982700.0,1765983600.0,,826.4530153274536,,,,,0,0,0.99,0.98,ONE_LEG_INVENTORY,,,,,,,,,,,,,,0,5,,,,,,,,,,,,,,,,,,,,"RECONSTRUCT_BLOCKED: OVERPAY_LIMIT (Op:0.2350 > L:0.0020, Cost:$1.18)",,,,,,,,10.0,5.0,,,,,0,0,,,Inv: 10.0/5.0 CapLeft: 35.0,,,10.0,5.0,15.0,35.0,50.0,0.0,50.0,0.98,0.020000000000000018,5.0,0.4950000000000001,0.74,0.2350000000000001,5.0,1.1750000000000005,0.002,OVERPAY_LIMIT
1765982773.5469847,btc-updown-15m-1765982700,1765982700.0,1765983600.0,,826.4530153274536,,,,,0,0,0.99,0.98,ONE_LEG_INVENTORY,,,,,,,,,,,,,,0,5,,,,,,,,,,,,,,,,,,,,"RECONSTRUCT_BLOCKED: OVERPAY_LIMIT (Op:0.2350 > L:0.0020, Cost:$1.18)",,,,,,,,10.0,5.0,,,,,0,0,,,Inv: 10.0/5.0 CapLeft: 35.0,,,10.0,5.0,15.0,35.0,50.0,0.0,50.0,0.98,0.020000000000000018,5.0,0.4950000000000001,0.74,0.2350000000000001,5.0,1.1750000000000005,0.002,OVERPAY_LIMIT
1765982775.5211585,btc-updown-15m-1765982700,1765982700.0,1765983600.0,,824.4788415431976,,,,,0,0,0.99,0.98,ONE_LEG_INVENTORY,,,,,,,,,,,,,,0,5,,,,,,,,,,,,,,,,,,,,"RECONSTRUCT_BLOCKED: OVERPAY_LIMIT (Op:0.2250 > L:0.0020, Cost:$1.13)",,,,,,,,10.0,5.0,,,,,0,0,,,Inv: 10.0/5.0 CapLeft: 35.0,,,10.0,5.0,15.0,35.0,50.0,0.0,50.0,0.98,0.020000000000000018,5.0,0.4950000000000001,0.73,0.2250000000000001,5.0,1.1250000000000004,0.002,OVERPAY_LIMIT
1765982775.5211585,btc-updown-15m-1765982700,1765982700.0,1765983600.0,,824.4788415431976,,,,,0,0,0.99,0.98,ONE_LEG_INVENTORY,,,,,,,,,,,,,,0,5,,,,,,,,,,,,,,,,,,,,"RECONSTRUCT_BLOCKED: OVERPAY_LIMIT (Op:0.2250 > L:0.0020, Cost:$1.13)",,,,,,,,10.0,5.0,,,,,0,0,,,Inv: 10.0/5.0 CapLeft: 35.0,,,10.0,5.0,15.0,35.0,50.0,0.0,50.0,0.98,0.020000000000000018,5.0,0.4950000000000001,0.73,0.2250000000000001,5.0,1.1250000000000004,0.002,OVERPAY_LIMIT
1765982777.4744492,btc-updown-15m-1765982700,1765982700.0,1765983600.0,,822.5255508422852,,,,,0,0,0.99,0.98,ONE_LEG_INVENTORY,,,,,,,,,,,,,,0,5,,,,,,,,,,,,,,,,,,,,"RECONSTRUCT_BLOCKED: OVERPAY_LIMIT (Op:0.2850 > L:0.0020, Cost:$1.43)",,,,,,,,10.0,5.0,,,,,0,0,,,Inv: 10.0/5.0 CapLeft: 35.0,,,10.0,5.0,15.0,35.0,50.0,0.0,50.0,0.98,0.020000000000000018,5.0,0.4950000000000001,0.79,0.28500000000000014,5.0,1.4250000000000007,0.002,OVERPAY_LIMIT
1765982777.4744492,btc-updown-15m-1765982700,1765982700.0,1765983600.0,,822.5255508422852,,,,,0,0,0.99,0.98,ONE_LEG_INVENTORY,,,,,,,,,,,,,,0,5,,,,,,,,,,,,,,,,,,,,"RECONSTRUCT_BLOCKED: OVERPAY_LIMIT (Op:0.2850 > L:0.0020, Cost:$1.43)",,,,,,,,10.0,5.0,,,,,0,0,,,Inv: 10.0/5.0 CapLeft: 35.0,,,10.0,5.0,15.0,35.0,50.0,0.0,50.0,0.98,0.020000000000000018,5.0,0.4950000000000001,0.79,0.28500000000000014,5.0,1.4250000000000007,0.002,OVERPAY_LIMIT
1765982779.4051285,btc-updown-15m-1765982700,1765982700.0,1765983600.0,,820.5948715209961,,,,,0,0,0.98,0.98,ONE_LEG_INVENTORY,,,,,,,,,,,,,,0,5,,,,,,,,,,,,,,,,,,,,"RECONSTRUCT_BLOCKED: OVERPAY_LIMIT (Op:0.2450 > L:0.0020, Cost:$1.23)",,,,,,,,10.0,5.0,,,,,0,0,,,Inv: 10.0/5.0 CapLeft: 35.0,,,10.0,5.0,15.0,35.0,50.0,0.0,50.0,0.98,0.020000000000000018,5.0,0.4950000000000001,0.75,0.2450000000000001,5.0,1.2250000000000005,0.002,OVERPAY_LIMIT
1765982779.4051285,btc-updown-15m-1765982700,1765982700.0,1765983600.0,,820.5948715209961,,,,,0,0,0.98,0.98,ONE_LEG_INVENTORY,,,,,,,,,,,,,,0,5,,,,,,,,,,,,,,,,,,,,"RECONSTRUCT_BLOCKED: OVERPAY_LIMIT (Op:0.2450 > L:0.0020, Cost:$1.23)",,,,,,,,10.0,5.0,,,,,0,0,,,Inv: 10.0/5.0 CapLeft: 35.0,,,10.0,5.0,15.0,35.0,50.0,0.0,50.0,0.98,0.020000000000000018,5.0,0.4950000000000001,0.75,0.2450000000000001,5.0,1.2250000000000005,0.002,OVERPAY_LIMIT
1765982781.362911,btc-updown-15m-1765982700,1765982700.0,1765983600.0,,818.6370890140533,,,,,0,0,0.99,0.98,ONE_LEG_INVENTORY,,,,,,,,,,,,,,0,5,,,,,,,,,,,,,,,,,,,,"RECONSTRUCT_BLOCKED: OVERPAY_LIMIT (Op:0.2250 > L:0.0020, Cost:$1.13)",,,,,,,,10.0,5.0,,,,,0,0,,,Inv: 10.0/5.0 CapLeft: 35.0,,,10.0,5.0,15.0,35.0,50.0,0.0,50.0,0.98,0.020000000000000018,5.0,0.4950000000000001,0.73,0.2250000000000001,5.0,1.1250000000000004,0.002,OVERPAY_LIMIT
1765982781.362911,btc-updown-15m-1765982700,1765982700.0,1765983600.0,,818.6370890140533,,,,,0,0,0.99,0.98,ONE_LEG_INVENTORY,,,,,,,,,,,,,,0,5,,,,,,,,,,,,,,,,,,,,"RECONSTRUCT_BLOCKED: OVERPAY_LIMIT (Op:0.2250 > L:0.0020, Cost:$1.13)",,,,,,,,10.0,5.0,,,,,0,0,,,Inv: 10.0/5.0 CapLeft: 35.0,,,10.0,5.0,15.0,35.0,50.0,0.0,50.0,0.98,0.020000000000000018,5.0,0.4950000000000001,0.73,0.2250000000000001,5.0,1.1250000000000004,0.002,OVERPAY_LIMIT
1765982783.3125923,btc-updown-15m-1765982700,1765982700.0,1765983600.0,,816.6874077320099,,,,,0,0,0.98,0.98,ONE_LEG_INVENTORY,,,,,,,,,,,,,,0,5,,,,,,,,,,,,,,,,,,,,"RECONSTRUCT_BLOCKED: OVERPAY_LIMIT (Op:0.2350 > L:0.0020, Cost:$1.18)",,,,,,,,10.0,5.0,,,,,0,0,,,Inv: 10.0/5.0 CapLeft: 35.0,,,10.0,5.0,15.0,35.0,50.0,0.0,50.0,0.98,0.020000000000000018,5.0,0.4950000000000001,0.74,0.2350000000000001,5.0,1.1750000000000005,0.002,OVERPAY_LIMIT
1765982783.3125923,btc-updown-15m-1765982700,1765982700.0,1765983600.0,,816.6874077320099,,,,,0,0,0.98,0.98,ONE_LEG_INVENTORY,,,,,,,,,,,,,,0,5,,,,,,,,,,,,,,,,,,,,"RECONSTRUCT_BLOCKED: OVERPAY_LIMIT (Op:0.2350 > L:0.0020, Cost:$1.18)",,,,,,,,10.0,5.0,,,,,0,0,,,Inv: 10.0/5.0 CapLeft: 35.0,,,10.0,5.0,15.0,35.0,50.0,0.0,50.0,0.98,0.020000000000000018,5.0,0.4950000000000001,0.74,0.2350000000000001,5.0,1.1750000000000005,0.002,OVERPAY_LIMIT
1765982785.287902,btc-updown-15m-1765982700,1765982700.0,1765983600.0,,814.7120978832245,,,,,0,0,0.99,0.98,ONE_LEG_INVENTORY,,,,,,,,,,,,,,0,5,,,,,,,,,,,,,,,,,,,,"RECONSTRUCT_BLOCKED: OVERPAY_LIMIT (Op:0.2350 > L:0.0020, Cost:$1.18)",,,,,,,,10.0,5.0,,,,,0,0,,,Inv: 10.0/5.0 CapLeft: 35.0,,,10.0,5.0,15.0,35.0,50.0,0.0,50.0,0.98,0.020000000000000018,5.0,0.4950000000000001,0.74,0.2350000000000001,5.0,1.1750000000000005,0.002,OVERPAY_LIMIT
1765982785.287902,btc-updown-15m-1765982700,1765982700.0,1765983600.0,,814.7120978832245,,,,,0,0,0.99,0.98,ONE_LEG_INVENTORY,,,,,,,,,,,,,,0,5,,,,,,,,,,,,,,,,,,,,"RECONSTRUCT_BLOCKED: OVERPAY_LIMIT (Op:0.2350 > L:0.0020, Cost:$1.18)",,,,,,,,10.0,5.0,,,,,0,0,,,Inv: 10.0/5.0 CapLeft: 35.0,,,10.0,5.0,15.0,35.0,50.0,0.0,50.0,0.98,0.020000000000000018,5.0,0.4950000000000001,0.74,0.2350000000000001,5.0,1.1750000000000005,0.002,OVERPAY_LIMIT
1765982787.2751336,btc-updown-15m-1765982700,1765982700.0,1765983600.0,,812.7248663902283,,,,,0,0,0.99,0.98,ONE_LEG_INVENTORY,,,,,,,,,,,,,,0,5,,,,,,,,,,,,,,,,,,,,"RECONSTRUCT_BLOCKED: OVERPAY_LIMIT (Op:0.2550 > L:0.0020, Cost:$1.28)",,,,,,,,10.0,5.0,,,,,0,0,,,Inv: 10.0/5.0 CapLeft: 35.0,,,10.0,5.0,15.0,35.0,50.0,0.0,50.0,0.98,0.020000000000000018,5.0,0.4950000000000001,0.76,0.2550000000000001,5.0,1.2750000000000006,0.002,OVERPAY_LIMIT
1765982787.2751336,btc-updown-15m-1765982700,1765982700.0,1765983600.0,,812.7248663902283,,,,,0,0,0.99,0.98,ONE_LEG_INVENTORY,,,,,,,,,,,,,,0,5,,,,,,,,,,,,,,,,,,,,"RECONSTRUCT_BLOCKED: OVERPAY_LIMIT (Op:0.2550 > L:0.0020, Cost:$1.28)",,,,,,,,10.0,5.0,,,,,0,0,,,Inv: 10.0/5.0 CapLeft: 35.0,,,10.0,5.0,15.0,35.0,50.0,0.0,50.0,0.98,0.020000000000000018,5.0,0.4950000000000001,0.76,0.2550000000000001,5.0,1.2750000000000006,0.002,OVERPAY_LIMIT
1765982789.2946649,btc-updown-15m-1765982700,1765982700.0,1765983600.0,,810.7053351402283,,,,,0,0,1.0,0.98,ONE_LEG_INVENTORY,,,,,,,,,,,,,,0,5,,,,,,,,,,,,,,,,,,,,"RECONSTRUCT_BLOCKED: OVERPAY_LIMIT (Op:0.2550 > L:0.0020, Cost:$1.28)",,,,,,,,10.0,5.0,,,,,0,0,,,Inv: 10.0/5.0 CapLeft: 35.0,,,10.0,5.0,15.0,35.0,50.0,0.0,50.0,0.98,0.020000000000000018,5.0,0.4950000000000001,0.76,0.2550000000000001,5.0,1.2750000000000006,0.002,OVERPAY_LIMIT
1765982789.2946649,btc-updown-15m-1765982700,1765982700.0,1765983600.0,,810.7053351402283,,,,,0,0,1.0,0.98,ONE_LEG_INVENTORY,,,,,,,,,,,,,,0,5,,,,,,,,,,,,,,,,,,,,"RECONSTRUCT_BLOCKED: OVERPAY_LIMIT (Op:0.2550 > L:0.0020, Cost:$1.28)",,,,,,,,10.0,5.0,,,,,0,0,,,Inv: 10.0/5.0 CapLeft: 35.0,,,10.0,5.0,15.0,35.0,50.0,0.0,50.0,0.98,0.020000000000000018,5.0,0.4950000000000001,0.76,0.2550000000000001,5.0,1.2750000000000006,0.002,OVERPAY_LIMIT
1765982791.238727,btc-updown-15m-1765982700,1765982700.0,1765983600.0,,808.7612729072571,,,,,0,0,0.99,0.98,ONE_LEG_INVENTORY,,,,,,,,,,,,,,0,5,,,,,,,,,,,,,,,,,,,,"RECONSTRUCT_BLOCKED: OVERPAY_LIMIT (Op:0.2650 > L:0.0020, Cost:$1.33)",,,,,,,,10.0,5.0,,,,,0,0,,,Inv: 10.0/5.0 CapLeft: 35.0,,,10.0,5.0,15.0,35.0,50.0,0.0,50.0,0.98,0.020000000000000018,5.0,0.4950000000000001,0.77,0.2650000000000001,5.0,1.3250000000000006,0.002,OVERPAY_LIMIT
1765982791.238727,btc-updown-15m-1765982700,1765982700.0,1765983600.0,,808.7612729072571,,,,,0,0,0.99,0.98,ONE_LEG_INVENTORY,,,,,,,,,,,,,,0,5,,,,,,,,,,,,,,,,,,,,"RECONSTRUCT_BLOCKED: OVERPAY_LIMIT (Op:0.2650 > L:0.0020, Cost:$1.33)",,,,,,,,10.0,5.0,,,,,0,0,,,Inv: 10.0/5.0 CapLeft: 35.0,,,10.0,5.0,15.0,35.0,50.0,0.0,50.0,0.98,0.020000000000000018,5.0,0.4950000000000001,0.77,0.2650000000000001,5.0,1.3250000000000006,0.002,OVERPAY_LIMIT
1765982793.3755944,btc-updown-15m-1765982700,1765982700.0,1765983600.0,,806.6244056224823,,,,,0,0,0.98,0.98,ONE_LEG_INVENTORY,,,,,,,,,,,,,,0,5,,,,,,,,,,,,,,,,,,,,"RECONSTRUCT_BLOCKED: OVERPAY_LIMIT (Op:0.2550 > L:0.0020, Cost:$1.28)",,,,,,,,10.0,5.0,,,,,0,0,,,Inv: 10.0/5.0 CapLeft: 35.0,,,10.0,5.0,15.0,35.0,50.0,0.0,50.0,0.98,0.020000000000000018,5.0,0.4950000000000001,0.76,0.2550000000000001,5.0,1.2750000000000006,0.002,OVERPAY_LIMIT
1765982793.3755944,btc-updown-15m-1765982700,1765982700.0,1765983600.0,,806.6244056224823,,,,,0,0,0.98,0.98,ONE_LEG_INVENTORY,,,,,,,,,,,,,,0,5,,,,,,,,,,,,,,,,,,,,"RECONSTRUCT_BLOCKED: OVERPAY_LIMIT (Op:0.2550 > L:0.0020, Cost:$1.28)",,,,,,,,10.0,5.0,,,,,0,0,,,Inv: 10.0/5.0 CapLeft: 35.0,,,10.0,5.0,15.0,35.0,50.0,0.0,50.0,0.98,0.020000000000000018,5.0,0.4950000000000001,0.76,0.2550000000000001,5.0,1.2750000000000006,0.002,OVERPAY_LIMIT
1765982795.3072898,btc-updown-15m-1765982700,1765982700.0,1765983600.0,,804.6927101612091,,,,,0,0,0.99,0.98,ONE_LEG_INVENTORY,,,,,,,,,,,,,,0,5,,,,,,,,,,,,,,,,,,,,"RECONSTRUCT_BLOCKED: OVERPAY_LIMIT (Op:0.2550 > L:0.0020, Cost:$1.28)",,,,,,,,10.0,5.0,,,,,0,0,,,Inv: 10.0/5.0 CapLeft: 35.0,,,10.0,5.0,15.0,35.0,50.0,0.0,50.0,0.98,0.020000000000000018,5.0,0.4950000000000001,0.76,0.2550000000000001,5.0,1.2750000000000006,0.002,OVERPAY_LIMIT
1765982795.3072898,btc-updown-15m-1765982700,1765982700.0,1765983600.0,,804.6927101612091,,,,,0,0,0.99,0.98,ONE_LEG_INVENTORY,,,,,,,,,,,,,,0,5,,,,,,,,,,,,,,,,,,,,"RECONSTRUCT_BLOCKED: OVERPAY_LIMIT (Op:0.2550 > L:0.0020, Cost:$1.28)",,,,,,,,10.0,5.0,,,,,0,0,,,Inv: 10.0/5.0 CapLeft: 35.0,,,10.0,5.0,15.0,35.0,50.0,0.0,50.0,0.98,0.020000000000000018,5.0,0.4950000000000001,0.76,0.2550000000000001,5.0,1.2750000000000006,0.002,OVERPAY_LIMIT
1765982797.2417424,btc-updown-15m-1765982700,1765982700.0,1765983600.0,,802.7582576274872,,,,,0,0,0.99,0.98,ONE_LEG_INVENTORY,,,,,,,,,,,,,,0,5,,,,,,,,,,,,,,,,,,,,"RECONSTRUCT_BLOCKED: OVERPAY_LIMIT (Op:0.2550 > L:0.0020, Cost:$1.28)",,,,,,,,10.0,5.0,,,,,0,0,,,Inv: 10.0/5.0 CapLeft: 35.0,,,10.0,5.0,15.0,35.0,50.0,0.0,50.0,0.98,0.020000000000000018,5.0,0.4950000000000001,0.76,0.2550000000000001,5.0,1.2750000000000006,0.002,OVERPAY_LIMIT
1765982797.2417424,btc-updown-15m-1765982700,1765982700.0,1765983600.0,,802.7582576274872,,,,,0,0,0.99,0.98,ONE_LEG_INVENTORY,,,,,,,,,,,,,,0,5,,,,,,,,,,,,,,,,,,,,"RECONSTRUCT_BLOCKED: OVERPAY_LIMIT (Op:0.2550 > L:0.0020, Cost:$1.28)",,,,,,,,10.0,5.0,,,,,0,0,,,Inv: 10.0/5.0 CapLeft: 35.0,,,10.0,5.0,15.0,35.0,50.0,0.0,50.0,0.98,0.020000000000000018,5.0,0.4950000000000001,0.76,0.2550000000000001,5.0,1.2750000000000006,0.002,OVERPAY_LIMIT
1765982799.1769493,btc-updown-15m-1765982700,1765982700.0,1765983600.0,,800.823050737381,,,,,0,0,0.99,0.98,ONE_LEG_INVENTORY,,,,,,,,,,,,,,0,5,,,,,,,,,,,,,,,,,,,,"RECONSTRUCT_BLOCKED: OVERPAY_LIMIT (Op:0.2650 > L:0.0020, Cost:$1.33)",,,,,,,,10.0,5.0,,,,,0,0,,,Inv: 10.0/5.0 CapLeft: 35.0,,,10.0,5.0,15.0,35.0,50.0,0.0,50.0,0.98,0.020000000000000018,5.0,0.4950000000000001,0.77,0.2650000000000001,5.0,1.3250000000000006,0.002,OVERPAY_LIMIT
1765982799.1769493,btc-updown-15m-1765982700,1765982700.0,1765983600.0,,800.823050737381,,,,,0,0,0.99,0.98,ONE_LEG_INVENTORY,,,,,,,,,,,,,,0,5,,,,,,,,,,,,,,,,,,,,"RECONSTRUCT_BLOCKED: OVERPAY_LIMIT (Op:0.2650 > L:0.0020, Cost:$1.33)",,,,,,,,10.0,5.0,,,,,0,0,,,Inv: 10.0/5.0 CapLeft: 35.0,,,10.0,5.0,15.0,35.0,50.0,0.0,50.0,0.98,0.020000000000000018,5.0,0.4950000000000001,0.77,0.2650000000000001,5.0,1.3250000000000006,0.002,OVERPAY_LIMIT
1765982801.147796,btc-updown-15m-1765982700,1765982700.0,1765983600.0,,798.8522040843964,,,,,0,0,0.99,0.98,ONE_LEG_INVENTORY,,,,,,,,,,,,,,0,5,,,,,,,,,,,,,,,,,,,,"RECONSTRUCT_BLOCKED: OVERPAY_LIMIT (Op:0.2650 > L:0.0020, Cost:$1.33)",,,,,,,,10.0,5.0,,,,,0,0,,,Inv: 10.0/5.0 CapLeft: 35.0,,,10.0,5.0,15.0,35.0,50.0,0.0,50.0,0.98,0.020000000000000018,5.0,0.4950000000000001,0.77,0.2650000000000001,5.0,1.3250000000000006,0.002,OVERPAY_LIMIT
1765982801.147796,btc-updown-15m-1765982700,1765982700.0,1765983600.0,,798.8522040843964,,,,,0,0,0.99,0.98,ONE_LEG_INVENTORY,,,,,,,,,,,,,,0,5,,,,,,,,,,,,,,,,,,,,"RECONSTRUCT_BLOCKED: OVERPAY_LIMIT (Op:0.2650 > L:0.0020, Cost:$1.33)",,,,,,,,10.0,5.0,,,,,0,0,,,Inv: 10.0/5.0 CapLeft: 35.0,,,10.0,5.0,15.0,35.0,50.0,0.0,50.0,0.98,0.020000000000000018,5.0,0.4950000000000001,0.77,0.2650000000000001,5.0,1.3250000000000006,0.002,OVERPAY_LIMIT
1765982803.0718925,btc-updown-15m-1765982700,1765982700.0,1765983600.0,,796.9281075000763,,,,,0,0,0.99,0.98,ONE_LEG_INVENTORY,,,,,,,,,,,,,,0,5,,,,,,,,,,,,,,,,,,,,"RECONSTRUCT_BLOCKED: OVERPAY_LIMIT (Op:0.2650 > L:0.0020, Cost:$1.33)",,,,,,,,10.0,5.0,,,,,0,0,,,Inv: 10.0/5.0 CapLeft: 35.0,,,10.0,5.0,15.0,35.0,50.0,0.0,50.0,0.98,0.020000000000000018,5.0,0.4950000000000001,0.77,0.2650000000000001,5.0,1.3250000000000006,0.002,OVERPAY_LIMIT
1765982803.0718925,btc-updown-15m-1765982700,1765982700.0,1765983600.0,,796.9281075000763,,,,,0,0,0.99,0.98,ONE_LEG_INVENTORY,,,,,,,,,,,,,,0,5,,,,,,,,,,,,,,,,,,,,"RECONSTRUCT_BLOCKED: OVERPAY_LIMIT (Op:0.2650 > L:0.0020, Cost:$1.33)",,,,,,,,10.0,5.0,,,,,0,0,,,Inv: 10.0/5.0 CapLeft: 35.0,,,10.0,5.0,15.0,35.0,50.0,0.0,50.0,0.98,0.020000000000000018,5.0,0.4950000000000001,0.77,0.2650000000000001,5.0,1.3250000000000006,0.002,OVERPAY_LIMIT
1765982805.0009332,btc-updown-15m-1765982700,1765982700.0,1765983600.0,,794.9990668296814,,,,,0,0,0.96,0.98,ONE_LEG_INVENTORY,,,,,,,,,,,,,,0,5,,,,,,,,,,,,,,,,,,,,"RECONSTRUCT_BLOCKED: OVERPAY_LIMIT (Op:0.2450 > L:0.0020, Cost:$1.23)",,,,,,,,10.0,5.0,,,,,0,0,,,Inv: 10.0/5.0 CapLeft: 35.0,,,10.0,5.0,15.0,35.0,50.0,0.0,50.0,0.98,0.020000000000000018,5.0,0.4950000000000001,0.75,0.2450000000000001,5.0,1.2250000000000005,0.002,OVERPAY_LIMIT
1765982805.0009332,btc-updown-15m-1765982700,1765982700.0,1765983600.0,,794.9990668296814,,,,,0,0,0.96,0.98,ONE_LEG_INVENTORY,,,,,,,,,,,,,,0,5,,,,,,,,,,,,,,,,,,,,"RECONSTRUCT_BLOCKED: OVERPAY_LIMIT (Op:0.2450 > L:0.0020, Cost:$1.23)",,,,,,,,10.0,5.0,,,,,0,0,,,Inv: 10.0/5.0 CapLeft: 35.0,,,10.0,5.0,15.0,35.0,50.0,0.0,50.0,0.98,0.020000000000000018,5.0,0.4950000000000001,0.75,0.2450000000000001,5.0,1.2250000000000005,0.002,OVERPAY_LIMIT
1765982807.0009887,btc-updown-15m-1765982700,1765982700.0,1765983600.0,,792.9990112781525,,,,,0,0,0.98,0.98,ONE_LEG_INVENTORY,,,,,,,,,,,,,,0,5,,,,,,,,,,,,,,,,,,,,"RECONSTRUCT_BLOCKED: OVERPAY_LIMIT (Op:0.2350 > L:0.0020, Cost:$1.18)",,,,,,,,10.0,5.0,,,,,0,0,,,Inv: 10.0/5.0 CapLeft: 35.0,,,10.0,5.0,15.0,35.0,50.0,0.0,50.0,0.98,0.020000000000000018,5.0,0.4950000000000001,0.74,0.2350000000000001,5.0,1.1750000000000005,0.002,OVERPAY_LIMIT
1765982807.0009887,btc-updown-15m-1765982700,1765982700.0,1765983600.0,,792.9990112781525,,,,,0,0,0.98,0.98,ONE_LEG_INVENTORY,,,,,,,,,,,,,,0,5,,,,,,,,,,,,,,,,,,,,"RECONSTRUCT_BLOCKED: OVERPAY_LIMIT (Op:0.2350 > L:0.0020, Cost:$1.18)",,,,,,,,10.0,5.0,,,,,0,0,,,Inv: 10.0/5.0 CapLeft: 35.0,,,10.0,5.0,15.0,35.0,50.0,0.0,50.0,0.98,0.020000000000000018,5.0,0.4950000000000001,0.74,0.2350000000000001,5.0,1.1750000000000005,0.002,OVERPAY_LIMIT
1765982808.9492247,btc-updown-15m-1765982700,1765982700.0,1765983600.0,,791.0507752895355,,,,,0,0,0.99,0.98,ONE_LEG_INVENTORY,,,,,,,,,,,,,,0,5,,,,,,,,,,,,,,,,,,,,"RECONSTRUCT_BLOCKED: OVERPAY_LIMIT (Op:0.2250 > L:0.0020, Cost:$1.13)",,,,,,,,10.0,5.0,,,,,0,0,,,Inv: 10.0/5.0 CapLeft: 35.0,,,10.0,5.0,15.0,35.0,50.0,0.0,50.0,0.98,0.020000000000000018,5.0,0.4950000000000001,0.73,0.2250000000000001,5.0,1.1250000000000004,0.002,OVERPAY_LIMIT
1765982808.9492247,btc-updown-15m-1765982700,1765982700.0,1765983600.0,,791.0507752895355,,,,,0,0,0.99,0.98,ONE_LEG_INVENTORY,,,,,,,,,,,,,,0,5,,,,,,,,,,,,,,,,,,,,"RECONSTRUCT_BLOCKED: OVERPAY_LIMIT (Op:0.2250 > L:0.0020, Cost:$1.13)",,,,,,,,10.0,5.0,,,,,0,0,,,Inv: 10.0/5.0 CapLeft: 35.0,,,10.0,5.0,15.0,35.0,50.0,0.0,50.0,0.98,0.020000000000000018,5.0,0.4950000000000001,0.73,0.2250000000000001,5.0,1.1250000000000004,0.002,OVERPAY_LIMIT
1765982810.9224114,btc-updown-15m-1765982700,1765982700.0,1765983600.0,,789.077588558197,,,,,0,0,1.0,0.98,ONE_LEG_INVENTORY,,,,,,,,,,,,,,0,5,,,,,,,,,,,,,,,,,,,,"RECONSTRUCT_BLOCKED: OVERPAY_LIMIT (Op:0.2650 > L:0.0020, Cost:$1.33)",,,,,,,,10.0,5.0,,,,,0,0,,,Inv: 10.0/5.0 CapLeft: 35.0,,,10.0,5.0,15.0,35.0,50.0,0.0,50.0,0.98,0.020000000000000018,5.0,0.4950000000000001,0.77,0.2650000000000001,5.0,1.3250000000000006,0.002,OVERPAY_LIMIT
1765982810.9224114,btc-updown-15m-1765982700,1765982700.0,1765983600.0,,789.077588558197,,,,,0,0,1.0,0.98,ONE_LEG_INVENTORY,,,,,,,,,,,,,,0,5,,,,,,,,,,,,,,,,,,,,"RECONSTRUCT_BLOCKED: OVERPAY_LIMIT (Op:0.2650 > L:0.0020, Cost:$1.33)",,,,,,,,10.0,5.0,,,,,0,0,,,Inv: 10.0/5.0 CapLeft: 35.0,,,10.0,5.0,15.0,35.0,50.0,0.0,50.0,0.98,0.020000000000000018,5.0,0.4950000000000001,0.77,0.2650000000000001,5.0,1.3250000000000006,0.002,OVERPAY_LIMIT
1765982812.8632631,btc-updown-15m-1765982700,1765982700.0,1765983600.0,,787.136736869812,,,,,0,0,0.99,0.98,ONE_LEG_INVENTORY,,,,,,,,,,,,,,0,5,,,,,,,,,,,,,,,,,,,,"RECONSTRUCT_BLOCKED: OVERPAY_LIMIT (Op:0.2550 > L:0.0020, Cost:$1.28)",,,,,,,,10.0,5.0,,,,,0,0,,,Inv: 10.0/5.0 CapLeft: 35.0,,,10.0,5.0,15.0,35.0,50.0,0.0,50.0,0.98,0.020000000000000018,5.0,0.4950000000000001,0.76,0.2550000000000001,5.0,1.2750000000000006,0.002,OVERPAY_LIMIT
1765982812.8632631,btc-updown-15m-1765982700,1765982700.0,1765983600.0,,787.136736869812,,,,,0,0,0.99,0.98,ONE_LEG_INVENTORY,,,,,,,,,,,,,,0,5,,,,,,,,,,,,,,,,,,,,"RECONSTRUCT_BLOCKED: OVERPAY_LIMIT (Op:0.2550 > L:0.0020, Cost:$1.28)",,,,,,,,10.0,5.0,,,,,0,0,,,Inv: 10.0/5.0 CapLeft: 35.0,,,10.0,5.0,15.0,35.0,50.0,0.0,50.0,0.98,0.020000000000000018,5.0,0.4950000000000001,0.76,0.2550000000000001,5.0,1.2750000000000006,0.002,OVERPAY_LIMIT
1765982814.8060865,btc-updown-15m-1765982700,1765982700.0,1765983600.0,,785.1939134597778,,,,,0,0,0.99,0.98,ONE_LEG_INVENTORY,,,,,,,,,,,,,,0,5,,,,,,,,,,,,,,,,,,,,"RECONSTRUCT_BLOCKED: OVERPAY_LIMIT (Op:0.2550 > L:0.0020, Cost:$1.28)",,,,,,,,10.0,5.0,,,,,0,0,,,Inv: 10.0/5.0 CapLeft: 35.0,,,10.0,5.0,15.0,35.0,50.0,0.0,50.0,0.98,0.020000000000000018,5.0,0.4950000000000001,0.76,0.2550000000000001,5.0,1.2750000000000006,0.002,OVERPAY_LIMIT
1765982814.8060865,btc-updown-15m-1765982700,1765982700.0,1765983600.0,,785.1939134597778,,,,,0,0,0.99,0.98,ONE_LEG_INVENTORY,,,,,,,,,,,,,,0,5,,,,,,,,,,,,,,,,,,,,"RECONSTRUCT_BLOCKED: OVERPAY_LIMIT (Op:0.2550 > L:0.0020, Cost:$1.28)",,,,,,,,10.0,5.0,,,,,0,0,,,Inv: 10.0/5.0 CapLeft: 35.0,,,10.0,5.0,15.0,35.0,50.0,0.0,50.0,0.98,0.020000000000000018,5.0,0.4950000000000001,0.76,0.2550000000000001,5.0,1.2750000000000006,0.002,OVERPAY_LIMIT
1765982816.7497675,btc-updown-15m-1765982700,1765982700.0,1765983600.0,,783.2502324581146,,,,,0,0,0.99,0.98,ONE_LEG_INVENTORY,,,,,,,,,,,,,,0,5,,,,,,,,,,,,,,,,,,,,"RECONSTRUCT_BLOCKED: OVERPAY_LIMIT (Op:0.2650 > L:0.0020, Cost:$1.33)",,,,,,,,10.0,5.0,,,,,0,0,,,Inv: 10.0/5.0 CapLeft: 35.0,,,10.0,5.0,15.0,35.0,50.0,0.0,50.0,0.98,0.020000000000000018,5.0,0.4950000000000001,0.77,0.2650000000000001,5.0,1.3250000000000006,0.002,OVERPAY_LIMIT
1765982816.7497675,btc-updown-15m-1765982700,1765982700.0,1765983600.0,,783.2502324581146,,,,,0,0,0.99,0.98,ONE_LEG_INVENTORY,,,,,,,,,,,,,,0,5,,,,,,,,,,,,,,,,,,,,"RECONSTRUCT_BLOCKED: OVERPAY_LIMIT (Op:0.2650 > L:0.0020, Cost:$1.33)",,,,,,,,10.0,5.0,,,,,0,0,,,Inv: 10.0/5.0 CapLeft: 35.0,,,10.0,5.0,15.0,35.0,50.0,0.0,50.0,0.98,0.020000000000000018,5.0,0.4950000000000001,0.77,0.2650000000000001,5.0,1.3250000000000006,0.002,OVERPAY_LIMIT
1765982818.6907601,btc-updown-15m-1765982700,1765982700.0,1765983600.0,,781.3092398643494,,,,,0,0,0.99,0.98,ONE_LEG_INVENTORY,,,,,,,,,,,,,,0,5,,,,,,,,,,,,,,,,,,,,"RECONSTRUCT_BLOCKED: OVERPAY_LIMIT (Op:0.2450 > L:0.0020, Cost:$1.23)",,,,,,,,10.0,5.0,,,,,0,0,,,Inv: 10.0/5.0 CapLeft: 35.0,,,10.0,5.0,15.0,35.0,50.0,0.0,50.0,0.98,0.020000000000000018,5.0,0.4950000000000001,0.75,0.2450000000000001,5.0,1.2250000000000005,0.002,OVERPAY_LIMIT
1765982818.6907601,btc-updown-15m-1765982700,1765982700.0,1765983600.0,,781.3092398643494,,,,,0,0,0.99,0.98,ONE_LEG_INVENTORY,,,,,,,,,,,,,,0,5,,,,,,,,,,,,,,,,,,,,"RECONSTRUCT_BLOCKED: OVERPAY_LIMIT (Op:0.2450 > L:0.0020, Cost:$1.23)",,,,,,,,10.0,5.0,,,,,0,0,,,Inv: 10.0/5.0 CapLeft: 35.0,,,10.0,5.0,15.0,35.0,50.0,0.0,50.0,0.98,0.020000000000000018,5.0,0.4950000000000001,0.75,0.2450000000000001,5.0,1.2250000000000005,0.002,OVERPAY_LIMIT
1765982820.6762698,btc-updown-15m-1765982700,1765982700.0,1765983600.0,,779.3237302303314,,,,,0,0,0.99,0.98,ONE_LEG_INVENTORY,,,,,,,,,,,,,,0,5,,,,,,,,,,,,,,,,,,,,"RECONSTRUCT_BLOCKED: OVERPAY_LIMIT (Op:0.2750 > L:0.0020, Cost:$1.38)",,,,,,,,10.0,5.0,,,,,0,0,,,Inv: 10.0/5.0 CapLeft: 35.0,,,10.0,5.0,15.0,35.0,50.0,0.0,50.0,0.98,0.020000000000000018,5.0,0.4950000000000001,0.78,0.27500000000000013,5.0,1.3750000000000007,0.002,OVERPAY_LIMIT
1765982820.6762698,btc-updown-15m-1765982700,1765982700.0,1765983600.0,,779.3237302303314,,,,,0,0,0.99,0.98,ONE_LEG_INVENTORY,,,,,,,,,,,,,,0,5,,,,,,,,,,,,,,,,,,,,"RECONSTRUCT_BLOCKED: OVERPAY_LIMIT (Op:0.2750 > L:0.0020, Cost:$1.38)",,,,,,,,10.0,5.0,,,,,0,0,,,Inv: 10.0/5.0 CapLeft: 35.0,,,10.0,5.0,15.0,35.0,50.0,0.0,50.0,0.98,0.020000000000000018,5.0,0.4950000000000001,0.78,0.27500000000000013,5.0,1.3750000000000007,0.002,OVERPAY_LIMIT
1765982822.622175,btc-updown-15m-1765982700,1765982700.0,1765983600.0,,777.3778250217438,,,,,0,0,0.99,0.98,ONE_LEG_INVENTORY,,,,,,,,,,,,,,0,5,,,,,,,,,,,,,,,,,,,,"RECONSTRUCT_BLOCKED: OVERPAY_LIMIT (Op:0.2750 > L:0.0020, Cost:$1.38)",,,,,,,,10.0,5.0,,,,,0,0,,,Inv: 10.0/5.0 CapLeft: 35.0,,,10.0,5.0,15.0,35.0,50.0,0.0,50.0,0.98,0.020000000000000018,5.0,0.4950000000000001,0.78,0.27500000000000013,5.0,1.3750000000000007,0.002,OVERPAY_LIMIT
1765982822.622175,btc-updown-15m-1765982700,1765982700.0,1765983600.0,,777.3778250217438,,,,,0,0,0.99,0.98,ONE_LEG_INVENTORY,,,,,,,,,,,,,,0,5,,,,,,,,,,,,,,,,,,,,"RECONSTRUCT_BLOCKED: OVERPAY_LIMIT (Op:0.2750 > L:0.0020, Cost:$1.38)",,,,,,,,10.0,5.0,,,,,0,0,,,Inv: 10.0/5.0 CapLeft: 35.0,,,10.0,5.0,15.0,35.0,50.0,0.0,50.0,0.98,0.020000000000000018,5.0,0.4950000000000001,0.78,0.27500000000000013,5.0,1.3750000000000007,0.002,OVERPAY_LIMIT
1765982824.552396,btc-updown-15m-1765982700,1765982700.0,1765983600.0,,775.4476039409637,,,,,0,0,0.98,0.98,ONE_LEG_INVENTORY,,,,,,,,,,,,,,0,5,,,,,,,,,,,,,,,,,,,,"RECONSTRUCT_BLOCKED: OVERPAY_LIMIT (Op:0.2850 > L:0.0020, Cost:$1.43)",,,,,,,,10.0,5.0,,,,,0,0,,,Inv: 10.0/5.0 CapLeft: 35.0,,,10.0,5.0,15.0,35.0,50.0,0.0,50.0,0.98,0.020000000000000018,5.0,0.4950000000000001,0.79,0.28500000000000014,5.0,1.4250000000000007,0.002,OVERPAY_LIMIT
1765982824.552396,btc-updown-15m-1765982700,1765982700.0,1765983600.0,,775.4476039409637,,,,,0,0,0.98,0.98,ONE_LEG_INVENTORY,,,,,,,,,,,,,,0,5,,,,,,,,,,,,,,,,,,,,"RECONSTRUCT_BLOCKED: OVERPAY_LIMIT (Op:0.2850 > L:0.0020, Cost:$1.43)",,,,,,,,10.0,5.0,,,,,0,0,,,Inv: 10.0/5.0 CapLeft: 35.0,,,10.0,5.0,15.0,35.0,50.0,0.0,50.0,0.98,0.020000000000000018,5.0,0.4950000000000001,0.79,0.28500000000000014,5.0,1.4250000000000007,0.002,OVERPAY_LIMIT
1765982826.4937565,btc-updown-15m-1765982700,1765982700.0,1765983600.0,,773.5062434673309,,,,,0,0,0.98,0.98,ONE_LEG_INVENTORY,,,,,,,,,,,,,,0,5,,,,,,,,,,,,,,,,,,,,"RECONSTRUCT_BLOCKED: OVERPAY_LIMIT (Op:0.2850 > L:0.0020, Cost:$1.43)",,,,,,,,10.0,5.0,,,,,0,0,,,Inv: 10.0/5.0 CapLeft: 35.0,,,10.0,5.0,15.0,35.0,50.0,0.0,50.0,0.98,0.020000000000000018,5.0,0.4950000000000001,0.79,0.28500000000000014,5.0,1.4250000000000007,0.002,OVERPAY_LIMIT
1765982826.4937565,btc-updown-15m-1765982700,1765982700.0,1765983600.0,,773.5062434673309,,,,,0,0,0.98,0.98,ONE_LEG_INVENTORY,,,,,,,,,,,,,,0,5,,,,,,,,,,,,,,,,,,,,"RECONSTRUCT_BLOCKED: OVERPAY_LIMIT (Op:0.2850 > L:0.0020, Cost:$1.43)",,,,,,,,10.0,5.0,,,,,0,0,,,Inv: 10.0/5.0 CapLeft: 35.0,,,10.0,5.0,15.0,35.0,50.0,0.0,50.0,0.98,0.020000000000000018,5.0,0.4950000000000001,0.79,0.28500000000000014,5.0,1.4250000000000007,0.002,OVERPAY_LIMIT
1765982828.489454,btc-updown-15m-1765982700,1765982700.0,1765983600.0,,771.5105459690094,,,,,0,0,0.99,0.98,ONE_LEG_INVENTORY,,,,,,,,,,,,,,0,5,,,,,,,,,,,,,,,,,,,,"RECONSTRUCT_BLOCKED: OVERPAY_LIMIT (Op:0.2850 > L:0.0020, Cost:$1.43)",,,,,,,,10.0,5.0,,,,,0,0,,,Inv: 10.0/5.0 CapLeft: 35.0,,,10.0,5.0,15.0,35.0,50.0,0.0,50.0,0.98,0.020000000000000018,5.0,0.4950000000000001,0.79,0.28500000000000014,5.0,1.4250000000000007,0.002,OVERPAY_LIMIT
1765982828.489454,btc-updown-15m-1765982700,1765982700.0,1765983600.0,,771.5105459690094,,,,,0,0,0.99,0.98,ONE_LEG_INVENTORY,,,,,,,,,,,,,,0,5,,,,,,,,,,,,,,,,,,,,"RECONSTRUCT_BLOCKED: OVERPAY_LIMIT (Op:0.2850 > L:0.0020, Cost:$1.43)",,,,,,,,10.0,5.0,,,,,0,0,,,Inv: 10.0/5.0 CapLeft: 35.0,,,10.0,5.0,15.0,35.0,50.0,0.0,50.0,0.98,0.020000000000000018,5.0,0.4950000000000001,0.79,0.28500000000000014,5.0,1.4250000000000007,0.002,OVERPAY_LIMIT
1765982830.4869993,btc-updown-15m-1765982700,1765982700.0,1765983600.0,,769.5130007266998,,,,,0,0,0.99,0.98,ONE_LEG_INVENTORY,,,,,,,,,,,,,,0,5,,,,,,,,,,,,,,,,,,,,"RECONSTRUCT_BLOCKED: OVERPAY_LIMIT (Op:0.2850 > L:0.0020, Cost:$1.43)",,,,,,,,10.0,5.0,,,,,0,0,,,Inv: 10.0/5.0 CapLeft: 35.0,,,10.0,5.0,15.0,35.0,50.0,0.0,50.0,0.98,0.020000000000000018,5.0,0.4950000000000001,0.79,0.28500000000000014,5.0,1.4250000000000007,0.002,OVERPAY_LIMIT
1765982830.4869993,btc-updown-15m-1765982700,1765982700.0,1765983600.0,,769.5130007266998,,,,,0,0,0.99,0.98,ONE_LEG_INVENTORY,,,,,,,,,,,,,,0,5,,,,,,,,,,,,,,,,,,,,"RECONSTRUCT_BLOCKED: OVERPAY_LIMIT (Op:0.2850 > L:0.0020, Cost:$1.43)",,,,,,,,10.0,5.0,,,,,0,0,,,Inv: 10.0/5.0 CapLeft: 35.0,,,10.0,5.0,15.0,35.0,50.0,0.0,50.0,0.98,0.020000000000000018,5.0,0.4950000000000001,0.79,0.28500000000000014,5.0,1.4250000000000007,0.002,OVERPAY_LIMIT
1765982832.4196122,btc-updown-15m-1765982700,1765982700.0,1765983600.0,,767.5803878307343,,,,,0,0,0.98,0.98,ONE_LEG_INVENTORY,,,,,,,,,,,,,,0,5,,,,,,,,,,,,,,,,,,,,"RECONSTRUCT_BLOCKED: OVERPAY_LIMIT (Op:0.2950 > L:0.0020, Cost:$1.48)",,,,,,,,10.0,5.0,,,,,0,0,,,Inv: 10.0/5.0 CapLeft: 35.0,,,10.0,5.0,15.0,35.0,50.0,0.0,50.0,0.98,0.020000000000000018,5.0,0.4950000000000001,0.8,0.29500000000000015,5.0,1.4750000000000008,0.002,OVERPAY_LIMIT
1765982832.4196122,btc-updown-15m-1765982700,1765982700.0,1765983600.0,,767.5803878307343,,,,,0,0,0.98,0.98,ONE_LEG_INVENTORY,,,,,,,,,,,,,,0,5,,,,,,,,,,,,,,,,,,,,"RECONSTRUCT_BLOCKED: OVERPAY_LIMIT (Op:0.2950 > L:0.0020, Cost:$1.48)",,,,,,,,10.0,5.0,,,,,0,0,,,Inv: 10.0/5.0 CapLeft: 35.0,,,10.0,5.0,15.0,35.0,50.0,0.0,50.0,0.98,0.020000000000000018,5.0,0.4950000000000001,0.8,0.29500000000000015,5.0,1.4750000000000008,0.002,OVERPAY_LIMIT
1765982834.4045312,btc-updown-15m-1765982700,1765982700.0,1765983600.0,,765.5954687595367,,,,,0,0,0.98,0.98,ONE_LEG_INVENTORY,,,,,,,,,,,,,,0,5,,,,,,,,,,,,,,,,,,,,"RECONSTRUCT_BLOCKED: OVERPAY_LIMIT (Op:0.2850 > L:0.0020, Cost:$1.43)",,,,,,,,10.0,5.0,,,,,0,0,,,Inv: 10.0/5.0 CapLeft: 35.0,,,10.0,5.0,15.0,35.0,50.0,0.0,50.0,0.98,0.020000000000000018,5.0,0.4950000000000001,0.79,0.28500000000000014,5.0,1.4250000000000007,0.002,OVERPAY_LIMIT
1765982834.4045312,btc-updown-15m-1765982700,1765982700.0,1765983600.0,,765.5954687595367,,,,,0,0,0.98,0.98,ONE_LEG_INVENTORY,,,,,,,,,,,,,,0,5,,,,,,,,,,,,,,,,,,,,"RECONSTRUCT_BLOCKED: OVERPAY_LIMIT (Op:0.2850 > L:0.0020, Cost:$1.43)",,,,,,,,10.0,5.0,,,,,0,0,,,Inv: 10.0/5.0 CapLeft: 35.0,,,10.0,5.0,15.0,35.0,50.0,0.0,50.0,0.98,0.020000000000000018,5.0,0.4950000000000001,0.79,0.28500000000000014,5.0,1.4250000000000007,0.002,OVERPAY_LIMIT
1765982836.4079237,btc-updown-15m-1765982700,1765982700.0,1765983600.0,,763.5920763015747,,,,,0,0,0.99,0.98,ONE_LEG_INVENTORY,,,,,,,,,,,,,,0,5,,,,,,,,,,,,,,,,,,,,"RECONSTRUCT_BLOCKED: OVERPAY_LIMIT (Op:0.2850 > L:0.0020, Cost:$1.43)",,,,,,,,10.0,5.0,,,,,0,0,,,Inv: 10.0/5.0 CapLeft: 35.0,,,10.0,5.0,15.0,35.0,50.0,0.0,50.0,0.98,0.020000000000000018,5.0,0.4950000000000001,0.79,0.28500000000000014,5.0,1.4250000000000007,0.002,OVERPAY_LIMIT
1765982836.4079237,btc-updown-15m-1765982700,1765982700.0,1765983600.0,,763.5920763015747,,,,,0,0,0.99,0.98,ONE_LEG_INVENTORY,,,,,,,,,,,,,,0,5,,,,,,,,,,,,,,,,,,,,"RECONSTRUCT_BLOCKED: OVERPAY_LIMIT (Op:0.2850 > L:0.0020, Cost:$1.43)",,,,,,,,10.0,5.0,,,,,0,0,,,Inv: 10.0/5.0 CapLeft: 35.0,,,10.0,5.0,15.0,35.0,50.0,0.0,50.0,0.98,0.020000000000000018,5.0,0.4950000000000001,0.79,0.28500000000000014,5.0,1.4250000000000007,0.002,OVERPAY_LIMIT
1765982838.341273,btc-updown-15m-1765982700,1765982700.0,1765983600.0,,761.6587269306183,,,,,0,0,0.99,0.98,ONE_LEG_INVENTORY,,,,,,,,,,,,,,0,5,,,,,,,,,,,,,,,,,,,,"RECONSTRUCT_BLOCKED: OVERPAY_LIMIT (Op:0.2750 > L:0.0020, Cost:$1.38)",,,,,,,,10.0,5.0,,,,,0,0,,,Inv: 10.0/5.0 CapLeft: 35.0,,,10.0,5.0,15.0,35.0,50.0,0.0,50.0,0.98,0.020000000000000018,5.0,0.4950000000000001,0.78,0.27500000000000013,5.0,1.3750000000000007,0.002,OVERPAY_LIMIT
1765982838.341273,btc-updown-15m-1765982700,1765982700.0,1765983600.0,,761.6587269306183,,,,,0,0,0.99,0.98,ONE_LEG_INVENTORY,,,,,,,,,,,,,,0,5,,,,,,,,,,,,,,,,,,,,"RECONSTRUCT_BLOCKED: OVERPAY_LIMIT (Op:0.2750 > L:0.0020, Cost:$1.38)",,,,,,,,10.0,5.0,,,,,0,0,,,Inv: 10.0/5.0 CapLeft: 35.0,,,10.0,5.0,15.0,35.0,50.0,0.0,50.0,0.98,0.020000000000000018,5.0,0.4950000000000001,0.78,0.27500000000000013,5.0,1.3750000000000007,0.002,OVERPAY_LIMIT
1765982840.281464,btc-updown-15m-1765982700,1765982700.0,1765983600.0,,759.718535900116,,,,,0,0,0.99,0.98,ONE_LEG_INVENTORY,,,,,,,,,,,,,,0,5,,,,,,,,,,,,,,,,,,,,"RECONSTRUCT_BLOCKED: OVERPAY_LIMIT (Op:0.2550 > L:0.0020, Cost:$1.28)",,,,,,,,10.0,5.0,,,,,0,0,,,Inv: 10.0/5.0 CapLeft: 35.0,,,10.0,5.0,15.0,35.0,50.0,0.0,50.0,0.98,0.020000000000000018,5.0,0.4950000000000001,0.76,0.2550000000000001,5.0,1.2750000000000006,0.002,OVERPAY_LIMIT
1765982840.281464,btc-updown-15m-1765982700,1765982700.0,1765983600.0,,759.718535900116,,,,,0,0,0.99,0.98,ONE_LEG_INVENTORY,,,,,,,,,,,,,,0,5,,,,,,,,,,,,,,,,,,,,"RECONSTRUCT_BLOCKED: OVERPAY_LIMIT (Op:0.2550 > L:0.0020, Cost:$1.28)",,,,,,,,10.0,5.0,,,,,0,0,,,Inv: 10.0/5.0 CapLeft: 35.0,,,10.0,5.0,15.0,35.0,50.0,0.0,50.0,0.98,0.020000000000000018,5.0,0.4950000000000001,0.76,0.2550000000000001,5.0,1.2750000000000006,0.002,OVERPAY_LIMIT
1765982842.2333555,btc-updown-15m-1765982700,1765982700.0,1765983600.0,,757.7666444778442,,,,,0,0,0.98,0.98,ONE_LEG_INVENTORY,,,,,,,,,,,,,,0,5,,,,,,,,,,,,,,,,,,,,"RECONSTRUCT_BLOCKED: OVERPAY_LIMIT (Op:0.2250 > L:0.0020, Cost:$1.13)",,,,,,,,10.0,5.0,,,,,0,0,,,Inv: 10.0/5.0 CapLeft: 35.0,,,10.0,5.0,15.0,35.0,50.0,0.0,50.0,0.98,0.020000000000000018,5.0,0.4950000000000001,0.73,0.2250000000000001,5.0,1.1250000000000004,0.002,OVERPAY_LIMIT
1765982842.2333555,btc-updown-15m-1765982700,1765982700.0,1765983600.0,,757.7666444778442,,,,,0,0,0.98,0.98,ONE_LEG_INVENTORY,,,,,,,,,,,,,,0,5,,,,,,,,,,,,,,,,,,,,"RECONSTRUCT_BLOCKED: OVERPAY_LIMIT (Op:0.2250 > L:0.0020, Cost:$1.13)",,,,,,,,10.0,5.0,,,,,0,0,,,Inv: 10.0/5.0 CapLeft: 35.0,,,10.0,5.0,15.0,35.0,50.0,0.0,50.0,0.98,0.020000000000000018,5.0,0.4950000000000001,0.73,0.2250000000000001,5.0,1.1250000000000004,0.002,OVERPAY_LIMIT
1765982844.1882493,btc-updown-15m-1765982700,1765982700.0,1765983600.0,,755.8117506504059,,,,,0,0,0.99,0.98,ONE_LEG_INVENTORY,,,,,,,,,,,,,,0,5,,,,,,,,,,,,,,,,,,,,"RECONSTRUCT_BLOCKED: OVERPAY_LIMIT (Op:0.2350 > L:0.0020, Cost:$1.18)",,,,,,,,10.0,5.0,,,,,0,0,,,Inv: 10.0/5.0 CapLeft: 35.0,,,10.0,5.0,15.0,35.0,50.0,0.0,50.0,0.98,0.020000000000000018,5.0,0.4950000000000001,0.74,0.2350000000000001,5.0,1.1750000000000005,0.002,OVERPAY_LIMIT
1765982844.1882493,btc-updown-15m-1765982700,1765982700.0,1765983600.0,,755.8117506504059,,,,,0,0,0.99,0.98,ONE_LEG_INVENTORY,,,,,,,,,,,,,,0,5,,,,,,,,,,,,,,,,,,,,"RECONSTRUCT_BLOCKED: OVERPAY_LIMIT (Op:0.2350 > L:0.0020, Cost:$1.18)",,,,,,,,10.0,5.0,,,,,0,0,,,Inv: 10.0/5.0 CapLeft: 35.0,,,10.0,5.0,15.0,35.0,50.0,0.0,50.0,0.98,0.020000000000000018,5.0,0.4950000000000001,0.74,0.2350000000000001,5.0,1.1750000000000005,0.002,OVERPAY_LIMIT
1765982846.1392305,btc-updown-15m-1765982700,1765982700.0,1765983600.0,,753.8607695102692,,,,,0,0,0.99,0.98,ONE_LEG_INVENTORY,,,,,,,,,,,,,,0,5,,,,,,,,,,,,,,,,,,,,"RECONSTRUCT_BLOCKED: OVERPAY_LIMIT (Op:0.2550 > L:0.0020, Cost:$1.28)",,,,,,,,10.0,5.0,,,,,0,0,,,Inv: 10.0/5.0 CapLeft: 35.0,,,10.0,5.0,15.0,35.0,50.0,0.0,50.0,0.98,0.020000000000000018,5.0,0.4950000000000001,0.76,0.2550000000000001,5.0,1.2750000000000006,0.002,OVERPAY_LIMIT
1765982846.1392305,btc-updown-15m-1765982700,1765982700.0,1765983600.0,,753.8607695102692,,,,,0,0,0.99,0.98,ONE_LEG_INVENTORY,,,,,,,,,,,,,,0,5,,,,,,,,,,,,,,,,,,,,"RECONSTRUCT_BLOCKED: OVERPAY_LIMIT (Op:0.2550 > L:0.0020, Cost:$1.28)",,,,,,,,10.0,5.0,,,,,0,0,,,Inv: 10.0/5.0 CapLeft: 35.0,,,10.0,5.0,15.0,35.0,50.0,0.0,50.0,0.98,0.020000000000000018,5.0,0.4950000000000001,0.76,0.2550000000000001,5.0,1.2750000000000006,0.002,OVERPAY_LIMIT
1765982848.1076076,btc-updown-15m-1765982700,1765982700.0,1765983600.0,,751.8923923969269,,,,,0,0,0.99,0.98,ONE_LEG_INVENTORY,,,,,,,,,,,,,,0,5,,,,,,,,,,,,,,,,,,,,"RECONSTRUCT_BLOCKED: OVERPAY_LIMIT (Op:0.2750 > L:0.0020, Cost:$1.38)",,,,,,,,10.0,5.0,,,,,0,0,,,Inv: 10.0/5.0 CapLeft: 35.0,,,10.0,5.0,15.0,35.0,50.0,0.0,50.0,0.98,0.020000000000000018,5.0,0.4950000000000001,0.78,0.27500000000000013,5.0,1.3750000000000007,0.002,OVERPAY_LIMIT
1765982848.1076076,btc-updown-15m-1765982700,1765982700.0,1765983600.0,,751.8923923969269,,,,,0,0,0.99,0.98,ONE_LEG_INVENTORY,,,,,,,,,,,,,,0,5,,,,,,,,,,,,,,,,,,,,"RECONSTRUCT_BLOCKED: OVERPAY_LIMIT (Op:0.2750 > L:0.0020, Cost:$1.38)",,,,,,,,10.0,5.0,,,,,0,0,,,Inv: 10.0/5.0 CapLeft: 35.0,,,10.0,5.0,15.0,35.0,50.0,0.0,50.0,0.98,0.020000000000000018,5.0,0.4950000000000001,0.78,0.27500000000000013,5.0,1.3750000000000007,0.002,OVERPAY_LIMIT
1765982850.0525105,btc-updown-15m-1765982700,1765982700.0,1765983600.0,,749.9474895000458,,,,,0,0,1.0,0.98,ONE_LEG_INVENTORY,,,,,,,,,,,,,,0,5,,,,,,,,,,,,,,,,,,,,"RECONSTRUCT_BLOCKED: OVERPAY_LIMIT (Op:0.2850 > L:0.0020, Cost:$1.43)",,,,,,,,10.0,5.0,,,,,0,0,,,Inv: 10.0/5.0 CapLeft: 35.0,,,10.0,5.0,15.0,35.0,50.0,0.0,50.0,0.98,0.020000000000000018,5.0,0.4950000000000001,0.79,0.28500000000000014,5.0,1.4250000000000007,0.002,OVERPAY_LIMIT
1765982850.0525105,btc-updown-15m-1765982700,1765982700.0,1765983600.0,,749.9474895000458,,,,,0,0,1.0,0.98,ONE_LEG_INVENTORY,,,,,,,,,,,,,,0,5,,,,,,,,,,,,,,,,,,,,"RECONSTRUCT_BLOCKED: OVERPAY_LIMIT (Op:0.2850 > L:0.0020, Cost:$1.43)",,,,,,,,10.0,5.0,,,,,0,0,,,Inv: 10.0/5.0 CapLeft: 35.0,,,10.0,5.0,15.0,35.0,50.0,0.0,50.0,0.98,0.020000000000000018,5.0,0.4950000000000001,0.79,0.28500000000000014,5.0,1.4250000000000007,0.002,OVERPAY_LIMIT
1765982852.0997183,btc-updown-15m-1765982700,1765982700.0,1765983600.0,,747.9002816677094,,,,,0,0,1.0,0.98,ONE_LEG_INVENTORY,,,,,,,,,,,,,,0,5,,,,,,,,,,,,,,,,,,,,"RECONSTRUCT_BLOCKED: OVERPAY_LIMIT (Op:0.3050 > L:0.0020, Cost:$1.53)",,,,,,,,10.0,5.0,,,,,0,0,,,Inv: 10.0/5.0 CapLeft: 35.0,,,10.0,5.0,15.0,35.0,50.0,0.0,50.0,0.98,0.020000000000000018,5.0,0.4950000000000001,0.81,0.30500000000000016,5.0,1.5250000000000008,0.002,OVERPAY_LIMIT
1765982852.0997183,btc-updown-15m-1765982700,1765982700.0,1765983600.0,,747.9002816677094,,,,,0,0,1.0,0.98,ONE_LEG_INVENTORY,,,,,,,,,,,,,,0,5,,,,,,,,,,,,,,,,,,,,"RECONSTRUCT_BLOCKED: OVERPAY_LIMIT (Op:0.3050 > L:0.0020, Cost:$1.53)",,,,,,,,10.0,5.0,,,,,0,0,,,Inv: 10.0/5.0 CapLeft: 35.0,,,10.0,5.0,15.0,35.0,50.0,0.0,50.0,0.98,0.020000000000000018,5.0,0.4950000000000001,0.81,0.30500000000000016,5.0,1.5250000000000008,0.002,OVERPAY_LIMIT
1765982854.0430403,btc-updown-15m-1765982700,1765982700.0,1765983600.0,,745.9569597244263,,,,,0,0,0.99,0.98,ONE_LEG_INVENTORY,,,,,,,,,,,,,,0,5,,,,,,,,,,,,,,,,,,,,"RECONSTRUCT_BLOCKED: OVERPAY_LIMIT (Op:0.2950 > L:0.0020, Cost:$1.48)",,,,,,,,10.0,5.0,,,,,0,0,,,Inv: 10.0/5.0 CapLeft: 35.0,,,10.0,5.0,15.0,35.0,50.0,0.0,50.0,0.98,0.020000000000000018,5.0,0.4950000000000001,0.8,0.29500000000000015,5.0,1.4750000000000008,0.002,OVERPAY_LIMIT
1765982854.0430403,btc-updown-15m-1765982700,1765982700.0,1765983600.0,,745.9569597244263,,,,,0,0,0.99,0.98,ONE_LEG_INVENTORY,,,,,,,,,,,,,,0,5,,,,,,,,,,,,,,,,,,,,"RECONSTRUCT_BLOCKED: OVERPAY_LIMIT (Op:0.2950 > L:0.0020, Cost:$1.48)",,,,,,,,10.0,5.0,,,,,0,0,,,Inv: 10.0/5.0 CapLeft: 35.0,,,10.0,5.0,15.0,35.0,50.0,0.0,50.0,0.98,0.020000000000000018,5.0,0.4950000000000001,0.8,0.29500000000000015,5.0,1.4750000000000008,0.002,OVERPAY_LIMIT
1765982856.0324702,btc-updown-15m-1765982700,1765982700.0,1765983600.0,,743.9675297737122,,,,,0,0,0.99,0.98,ONE_LEG_INVENTORY,,,,,,,,,,,,,,0,5,,,,,,,,,,,,,,,,,,,,"RECONSTRUCT_BLOCKED: OVERPAY_LIMIT (Op:0.2950 > L:0.0020, Cost:$1.48)",,,,,,,,10.0,5.0,,,,,0,0,,,Inv: 10.0/5.0 CapLeft: 35.0,,,10.0,5.0,15.0,35.0,50.0,0.0,50.0,0.98,0.020000000000000018,5.0,0.4950000000000001,0.8,0.29500000000000015,5.0,1.4750000000000008,0.002,OVERPAY_LIMIT
1765982856.0324702,btc-updown-15m-1765982700,1765982700.0,1765983600.0,,743.9675297737122,,,,,0,0,0.99,0.98,ONE_LEG_INVENTORY,,,,,,,,,,,,,,0,5,,,,,,,,,,,,,,,,,,,,"RECONSTRUCT_BLOCKED: OVERPAY_LIMIT (Op:0.2950 > L:0.0020, Cost:$1.48)",,,,,,,,10.0,5.0,,,,,0,0,,,Inv: 10.0/5.0 CapLeft: 35.0,,,10.0,5.0,15.0,35.0,50.0,0.0,50.0,0.98,0.020000000000000018,5.0,0.4950000000000001,0.8,0.29500000000000015,5.0,1.4750000000000008,0.002,OVERPAY_LIMIT
1765982857.9834163,btc-updown-15m-1765982700,1765982700.0,1765983600.0,,742.0165836811066,,,,,0,0,0.99,0.98,ONE_LEG_INVENTORY,,,,,,,,,,,,,,0,5,,,,,,,,,,,,,,,,,,,,"RECONSTRUCT_BLOCKED: OVERPAY_LIMIT (Op:0.2750 > L:0.0020, Cost:$1.38)",,,,,,,,10.0,5.0,,,,,0,0,,,Inv: 10.0/5.0 CapLeft: 35.0,,,10.0,5.0,15.0,35.0,50.0,0.0,50.0,0.98,0.020000000000000018,5.0,0.4950000000000001,0.78,0.27500000000000013,5.0,1.3750000000000007,0.002,OVERPAY_LIMIT
1765982857.9834163,btc-updown-15m-1765982700,1765982700.0,1765983600.0,,742.0165836811066,,,,,0,0,0.99,0.98,ONE_LEG_INVENTORY,,,,,,,,,,,,,,0,5,,,,,,,,,,,,,,,,,,,,"RECONSTRUCT_BLOCKED: OVERPAY_LIMIT (Op:0.2750 > L:0.0020, Cost:$1.38)",,,,,,,,10.0,5.0,,,,,0,0,,,Inv: 10.0/5.0 CapLeft: 35.0,,,10.0,5.0,15.0,35.0,50.0,0.0,50.0,0.98,0.020000000000000018,5.0,0.4950000000000001,0.78,0.27500000000000013,5.0,1.3750000000000007,0.002,OVERPAY_LIMIT
1765982859.938452,btc-updown-15m-1765982700,1765982700.0,1765983600.0,,740.0615479946136,,,,,0,0,0.98,0.98,ONE_LEG_INVENTORY,,,,,,,,,,,,,,0,5,,,,,,,,,,,,,,,,,,,,"RECONSTRUCT_BLOCKED: OVERPAY_LIMIT (Op:0.2550 > L:0.0020, Cost:$1.28)",,,,,,,,10.0,5.0,,,,,0,0,,,Inv: 10.0/5.0 CapLeft: 35.0,,,10.0,5.0,15.0,35.0,50.0,0.0,50.0,0.98,0.020000000000000018,5.0,0.4950000000000001,0.76,0.2550000000000001,5.0,1.2750000000000006,0.002,OVERPAY_LIMIT
1765982859.938452,btc-updown-15m-1765982700,1765982700.0,1765983600.0,,740.0615479946136,,,,,0,0,0.98,0.98,ONE_LEG_INVENTORY,,,,,,,,,,,,,,0,5,,,,,,,,,,,,,,,,,,,,"RECONSTRUCT_BLOCKED: OVERPAY_LIMIT (Op:0.2550 > L:0.0020, Cost:$1.28)",,,,,,,,10.0,5.0,,,,,0,0,,,Inv: 10.0/5.0 CapLeft: 35.0,,,10.0,5.0,15.0,35.0,50.0,0.0,50.0,0.98,0.020000000000000018,5.0,0.4950000000000001,0.76,0.2550000000000001,5.0,1.2750000000000006,0.002,OVERPAY_LIMIT
1765982861.889743,btc-updown-15m-1765982700,1765982700.0,1765983600.0,,738.1102569103241,,,,,0,0,0.99,0.98,ONE_LEG_INVENTORY,,,,,,,,,,,,,,0,5,,,,,,,,,,,,,,,,,,,,"RECONSTRUCT_BLOCKED: OVERPAY_LIMIT (Op:0.2550 > L:0.0020, Cost:$1.28)",,,,,,,,10.0,5.0,,,,,0,0,,,Inv: 10.0/5.0 CapLeft: 35.0,,,10.0,5.0,15.0,35.0,50.0,0.0,50.0,0.98,0.020000000000000018,5.0,0.4950000000000001,0.76,0.2550000000000001,5.0,1.2750000000000006,0.002,OVERPAY_LIMIT
1765982861.889743,btc-updown-15m-1765982700,1765982700.0,1765983600.0,,738.1102569103241,,,,,0,0,0.99,0.98,ONE_LEG_INVENTORY,,,,,,,,,,,,,,0,5,,,,,,,,,,,,,,,,,,,,"RECONSTRUCT_BLOCKED: OVERPAY_LIMIT (Op:0.2550 > L:0.0020, Cost:$1.28)",,,,,,,,10.0,5.0,,,,,0,0,,,Inv: 10.0/5.0 CapLeft: 35.0,,,10.0,5.0,15.0,35.0,50.0,0.0,50.0,0.98,0.020000000000000018,5.0,0.4950000000000001,0.76,0.2550000000000001,5.0,1.2750000000000006,0.002,OVERPAY_LIMIT
1765982863.8283107,btc-updown-15m-1765982700,1765982700.0,1765983600.0,,736.1716892719269,,,,,0,0,0.99,0.98,ONE_LEG_INVENTORY,,,,,,,,,,,,,,0,5,,,,,,,,,,,,,,,,,,,,"RECONSTRUCT_BLOCKED: OVERPAY_LIMIT (Op:0.2850 > L:0.0020, Cost:$1.43)",,,,,,,,10.0,5.0,,,,,0,0,,,Inv: 10.0/5.0 CapLeft: 35.0,,,10.0,5.0,15.0,35.0,50.0,0.0,50.0,0.98,0.020000000000000018,5.0,0.4950000000000001,0.79,0.28500000000000014,5.0,1.4250000000000007,0.002,OVERPAY_LIMIT
1765982863.8283107,btc-updown-15m-1765982700,1765982700.0,1765983600.0,,736.1716892719269,,,,,0,0,0.99,0.98,ONE_LEG_INVENTORY,,,,,,,,,,,,,,0,5,,,,,,,,,,,,,,,,,,,,"RECONSTRUCT_BLOCKED: OVERPAY_LIMIT (Op:0.2850 > L:0.0020, Cost:$1.43)",,,,,,,,10.0,5.0,,,,,0,0,,,Inv: 10.0/5.0 CapLeft: 35.0,,,10.0,5.0,15.0,35.0,50.0,0.0,50.0,0.98,0.020000000000000018,5.0,0.4950000000000001,0.79,0.28500000000000014,5.0,1.4250000000000007,0.002,OVERPAY_LIMIT
1765982865.769329,btc-updown-15m-1765982700,1765982700.0,1765983600.0,,734.2306709289551,,,,,0,0,1.0,0.98,ONE_LEG_INVENTORY,,,,,,,,,,,,,,0,5,,,,,,,,,,,,,,,,,,,,"RECONSTRUCT_BLOCKED: OVERPAY_LIMIT (Op:0.2750 > L:0.0020, Cost:$1.38)",,,,,,,,10.0,5.0,,,,,0,0,,,Inv: 10.0/5.0 CapLeft: 35.0,,,10.0,5.0,15.0,35.0,50.0,0.0,50.0,0.98,0.020000000000000018,5.0,0.4950000000000001,0.78,0.27500000000000013,5.0,1.3750000000000007,0.002,OVERPAY_LIMIT
1765982865.769329,btc-updown-15m-1765982700,1765982700.0,1765983600.0,,734.2306709289551,,,,,0,0,1.0,0.98,ONE_LEG_INVENTORY,,,,,,,,,,,,,,0,5,,,,,,,,,,,,,,,,,,,,"RECONSTRUCT_BLOCKED: OVERPAY_LIMIT (Op:0.2750 > L:0.0020, Cost:$1.38)",,,,,,,,10.0,5.0,,,,,0,0,,,Inv: 10.0/5.0 CapLeft: 35.0,,,10.0,5.0,15.0,35.0,50.0,0.0,50.0,0.98,0.020000000000000018,5.0,0.4950000000000001,0.78,0.27500000000000013,5.0,1.3750000000000007,0.002,OVERPAY_LIMIT
1765982867.7240586,btc-updown-15m-1765982700,1765982700.0,1765983600.0,,732.2759413719177,,,,,0,0,0.99,0.98,ONE_LEG_INVENTORY,,,,,,,,,,,,,,0,5,,,,,,,,,,,,,,,,,,,,"RECONSTRUCT_BLOCKED: OVERPAY_LIMIT (Op:0.2850 > L:0.0020, Cost:$1.43)",,,,,,,,10.0,5.0,,,,,0,0,,,Inv: 10.0/5.0 CapLeft: 35.0,,,10.0,5.0,15.0,35.0,50.0,0.0,50.0,0.98,0.020000000000000018,5.0,0.4950000000000001,0.79,0.28500000000000014,5.0,1.4250000000000007,0.002,OVERPAY_LIMIT
1765982867.7240586,btc-updown-15m-1765982700,1765982700.0,1765983600.0,,732.2759413719177,,,,,0,0,0.99,0.98,ONE_LEG_INVENTORY,,,,,,,,,,,,,,0,5,,,,,,,,,,,,,,,,,,,,"RECONSTRUCT_BLOCKED: OVERPAY_LIMIT (Op:0.2850 > L:0.0020, Cost:$1.43)",,,,,,,,10.0,5.0,,,,,0,0,,,Inv: 10.0/5.0 CapLeft: 35.0,,,10.0,5.0,15.0,35.0,50.0,0.0,50.0,0.98,0.020000000000000018,5.0,0.4950000000000001,0.79,0.28500000000000014,5.0,1.4250000000000007,0.002,OVERPAY_LIMIT
1765982869.6583278,btc-updown-15m-1765982700,1765982700.0,1765983600.0,,730.3416721820831,,,,,0,0,0.99,0.98,ONE_LEG_INVENTORY,,,,,,,,,,,,,,0,5,,,,,,,,,,,,,,,,,,,,"RECONSTRUCT_BLOCKED: OVERPAY_LIMIT (Op:0.2350 > L:0.0020, Cost:$1.18)",,,,,,,,10.0,5.0,,,,,0,0,,,Inv: 10.0/5.0 CapLeft: 35.0,,,10.0,5.0,15.0,35.0,50.0,0.0,50.0,0.98,0.020000000000000018,5.0,0.4950000000000001,0.74,0.2350000000000001,5.0,1.1750000000000005,0.002,OVERPAY_LIMIT
1765982869.6583278,btc-updown-15m-1765982700,1765982700.0,1765983600.0,,730.3416721820831,,,,,0,0,0.99,0.98,ONE_LEG_INVENTORY,,,,,,,,,,,,,,0,5,,,,,,,,,,,,,,,,,,,,"RECONSTRUCT_BLOCKED: OVERPAY_LIMIT (Op:0.2350 > L:0.0020, Cost:$1.18)",,,,,,,,10.0,5.0,,,,,0,0,,,Inv: 10.0/5.0 CapLeft: 35.0,,,10.0,5.0,15.0,35.0,50.0,0.0,50.0,0.98,0.020000000000000018,5.0,0.4950000000000001,0.74,0.2350000000000001,5.0,1.1750000000000005,0.002,OVERPAY_LIMIT
1765982871.5794976,btc-updown-15m-1765982700,1765982700.0,1765983600.0,,728.4205024242401,,,,,0,0,0.99,0.98,ONE_LEG_INVENTORY,,,,,,,,,,,,,,0,5,,,,,,,,,,,,,,,,,,,,"RECONSTRUCT_BLOCKED: OVERPAY_LIMIT (Op:0.2450 > L:0.0020, Cost:$1.23)",,,,,,,,10.0,5.0,,,,,0,0,,,Inv: 10.0/5.0 CapLeft: 35.0,,,10.0,5.0,15.0,35.0,50.0,0.0,50.0,0.98,0.020000000000000018,5.0,0.4950000000000001,0.75,0.2450000000000001,5.0,1.2250000000000005,0.002,OVERPAY_LIMIT
1765982871.5794976,btc-updown-15m-1765982700,1765982700.0,1765983600.0,,728.4205024242401,,,,,0,0,0.99,0.98,ONE_LEG_INVENTORY,,,,,,,,,,,,,,0,5,,,,,,,,,,,,,,,,,,,,"RECONSTRUCT_BLOCKED: OVERPAY_LIMIT (Op:0.2450 > L:0.0020, Cost:$1.23)",,,,,,,,10.0,5.0,,,,,0,0,,,Inv: 10.0/5.0 CapLeft: 35.0,,,10.0,5.0,15.0,35.0,50.0,0.0,50.0,0.98,0.020000000000000018,5.0,0.4950000000000001,0.75,0.2450000000000001,5.0,1.2250000000000005,0.002,OVERPAY_LIMIT
1765982873.5334163,btc-updown-15m-1765982700,1765982700.0,1765983600.0,,726.4665837287903,,,,,0,0,1.01,0.98,ONE_LEG_INVENTORY,,,,,,,,,,,,,,0,5,,,,,,,,,,,,,,,,,,,,"RECONSTRUCT_BLOCKED: OVERPAY_LIMIT (Op:0.2650 > L:0.0020, Cost:$1.33)",,,,,,,,10.0,5.0,,,,,0,0,,,Inv: 10.0/5.0 CapLeft: 35.0,,,10.0,5.0,15.0,35.0,50.0,0.0,50.0,0.98,0.020000000000000018,5.0,0.4950000000000001,0.77,0.2650000000000001,5.0,1.3250000000000006,0.002,OVERPAY_LIMIT
1765982873.5334163,btc-updown-15m-1765982700,1765982700.0,1765983600.0,,726.4665837287903,,,,,0,0,1.01,0.98,ONE_LEG_INVENTORY,,,,,,,,,,,,,,0,5,,,,,,,,,,,,,,,,,,,,"RECONSTRUCT_BLOCKED: OVERPAY_LIMIT (Op:0.2650 > L:0.0020, Cost:$1.33)",,,,,,,,10.0,5.0,,,,,0,0,,,Inv: 10.0/5.0 CapLeft: 35.0,,,10.0,5.0,15.0,35.0,50.0,0.0,50.0,0.98,0.020000000000000018,5.0,0.4950000000000001,0.77,0.2650000000000001,5.0,1.3250000000000006,0.002,OVERPAY_LIMIT
1765982875.5084198,btc-updown-15m-1765982700,1765982700.0,1765983600.0,,724.491580247879,,,,,0,0,0.99,0.98,ONE_LEG_INVENTORY,,,,,,,,,,,,,,0,5,,,,,,,,,,,,,,,,,,,,"RECONSTRUCT_BLOCKED: OVERPAY_LIMIT (Op:0.2550 > L:0.0020, Cost:$1.28)",,,,,,,,10.0,5.0,,,,,0,0,,,Inv: 10.0/5.0 CapLeft: 35.0,,,10.0,5.0,15.0,35.0,50.0,0.0,50.0,0.98,0.020000000000000018,5.0,0.4950000000000001,0.76,0.2550000000000001,5.0,1.2750000000000006,0.002,OVERPAY_LIMIT
1765982875.5084198,btc-updown-15m-1765982700,1765982700.0,1765983600.0,,724.491580247879,,,,,0,0,0.99,0.98,ONE_LEG_INVENTORY,,,,,,,,,,,,,,0,5,,,,,,,,,,,,,,,,,,,,"RECONSTRUCT_BLOCKED: OVERPAY_LIMIT (Op:0.2550 > L:0.0020, Cost:$1.28)",,,,,,,,10.0,5.0,,,,,0,0,,,Inv: 10.0/5.0 CapLeft: 35.0,,,10.0,5.0,15.0,35.0,50.0,0.0,50.0,0.98,0.020000000000000018,5.0,0.4950000000000001,0.76,0.2550000000000001,5.0,1.2750000000000006,0.002,OVERPAY_LIMIT
1765982877.4911132,btc-updown-15m-1765982700,1765982700.0,1765983600.0,,722.5088868141174,,,,,0,0,0.99,0.98,ONE_LEG_INVENTORY,,,,,,,,,,,,,,0,5,,,,,,,,,,,,,,,,,,,,"RECONSTRUCT_BLOCKED: OVERPAY_LIMIT (Op:0.2750 > L:0.0020, Cost:$1.38)",,,,,,,,10.0,5.0,,,,,0,0,,,Inv: 10.0/5.0 CapLeft: 35.0,,,10.0,5.0,15.0,35.0,50.0,0.0,50.0,0.98,0.020000000000000018,5.0,0.4950000000000001,0.78,0.27500000000000013,5.0,1.3750000000000007,0.002,OVERPAY_LIMIT
1765982877.4911132,btc-updown-15m-1765982700,1765982700.0,1765983600.0,,722.5088868141174,,,,,0,0,0.99,0.98,ONE_LEG_INVENTORY,,,,,,,,,,,,,,0,5,,,,,,,,,,,,,,,,,,,,"RECONSTRUCT_BLOCKED: OVERPAY_LIMIT (Op:0.2750 > L:0.0020, Cost:$1.38)",,,,,,,,10.0,5.0,,,,,0,0,,,Inv: 10.0/5.0 CapLeft: 35.0,,,10.0,5.0,15.0,35.0,50.0,0.0,50.0,0.98,0.020000000000000018,5.0,0.4950000000000001,0.78,0.27500000000000013,5.0,1.3750000000000007,0.002,OVERPAY_LIMIT
1765982879.427031,btc-updown-15m-1765982700,1765982700.0,1765983600.0,,720.5729689598083,,,,,0,0,0.99,0.98,ONE_LEG_INVENTORY,,,,,,,,,,,,,,0,5,,,,,,,,,,,,,,,,,,,,"RECONSTRUCT_BLOCKED: OVERPAY_LIMIT (Op:0.2850 > L:0.0020, Cost:$1.43)",,,,,,,,10.0,5.0,,,,,0,0,,,Inv: 10.0/5.0 CapLeft: 35.0,,,10.0,5.0,15.0,35.0,50.0,0.0,50.0,0.98,0.020000000000000018,5.0,0.4950000000000001,0.79,0.28500000000000014,5.0,1.4250000000000007,0.002,OVERPAY_LIMIT
1765982879.427031,btc-updown-15m-1765982700,1765982700.0,1765983600.0,,720.5729689598083,,,,,0,0,0.99,0.98,ONE_LEG_INVENTORY,,,,,,,,,,,,,,0,5,,,,,,,,,,,,,,,,,,,,"RECONSTRUCT_BLOCKED: OVERPAY_LIMIT (Op:0.2850 > L:0.0020, Cost:$1.43)",,,,,,,,10.0,5.0,,,,,0,0,,,Inv: 10.0/5.0 CapLeft: 35.0,,,10.0,5.0,15.0,35.0,50.0,0.0,50.0,0.98,0.020000000000000018,5.0,0.4950000000000001,0.79,0.28500000000000014,5.0,1.4250000000000007,0.002,OVERPAY_LIMIT
1765982881.3717346,btc-updown-15m-1765982700,1765982700.0,1765983600.0,,718.6282653808594,,,,,0,0,0.98,0.98,ONE_LEG_INVENTORY,,,,,,,,,,,,,,0,5,,,,,,,,,,,,,,,,,,,,"RECONSTRUCT_BLOCKED: OVERPAY_LIMIT (Op:0.2650 > L:0.0020, Cost:$1.33)",,,,,,,,10.0,5.0,,,,,0,0,,,Inv: 10.0/5.0 CapLeft: 35.0,,,10.0,5.0,15.0,35.0,50.0,0.0,50.0,0.98,0.020000000000000018,5.0,0.4950000000000001,0.77,0.2650000000000001,5.0,1.3250000000000006,0.002,OVERPAY_LIMIT
1765982881.3717346,btc-updown-15m-1765982700,1765982700.0,1765983600.0,,718.6282653808594,,,,,0,0,0.98,0.98,ONE_LEG_INVENTORY,,,,,,,,,,,,,,0,5,,,,,,,,,,,,,,,,,,,,"RECONSTRUCT_BLOCKED: OVERPAY_LIMIT (Op:0.2650 > L:0.0020, Cost:$1.33)",,,,,,,,10.0,5.0,,,,,0,0,,,Inv: 10.0/5.0 CapLeft: 35.0,,,10.0,5.0,15.0,35.0,50.0,0.0,50.0,0.98,0.020000000000000018,5.0,0.4950000000000001,0.77,0.2650000000000001,5.0,1.3250000000000006,0.002,OVERPAY_LIMIT
1765982883.3422043,btc-updown-15m-1765982700,1765982700.0,1765983600.0,,716.6577956676483,,,,,0,0,1.01,0.98,ONE_LEG_INVENTORY,,,,,,,,,,,,,,0,5,,,,,,,,,,,,,,,,,,,,"RECONSTRUCT_BLOCKED: OVERPAY_LIMIT (Op:0.2750 > L:0.0020, Cost:$1.38)",,,,,,,,10.0,5.0,,,,,0,0,,,Inv: 10.0/5.0 CapLeft: 35.0,,,10.0,5.0,15.0,35.0,50.0,0.0,50.0,0.98,0.020000000000000018,5.0,0.4950000000000001,0.78,0.27500000000000013,5.0,1.3750000000000007,0.002,OVERPAY_LIMIT
1765982883.3422043,btc-updown-15m-1765982700,1765982700.0,1765983600.0,,716.6577956676483,,,,,0,0,1.01,0.98,ONE_LEG_INVENTORY,,,,,,,,,,,,,,0,5,,,,,,,,,,,,,,,,,,,,"RECONSTRUCT_BLOCKED: OVERPAY_LIMIT (Op:0.2750 > L:0.0020, Cost:$1.38)",,,,,,,,10.0,5.0,,,,,0,0,,,Inv: 10.0/5.0 CapLeft: 35.0,,,10.0,5.0,15.0,35.0,50.0,0.0,50.0,0.98,0.020000000000000018,5.0,0.4950000000000001,0.78,0.27500000000000013,5.0,1.3750000000000007,0.002,OVERPAY_LIMIT
1765982885.347843,btc-updown-15m-1765982700,1765982700.0,1765983600.0,,714.6521570682526,,,,,0,0,0.99,0.98,ONE_LEG_INVENTORY,,,,,,,,,,,,,,0,5,,,,,,,,,,,,,,,,,,,,"RECONSTRUCT_BLOCKED: OVERPAY_LIMIT (Op:0.2750 > L:0.0020, Cost:$1.38)",,,,,,,,10.0,5.0,,,,,0,0,,,Inv: 10.0/5.0 CapLeft: 35.0,,,10.0,5.0,15.0,35.0,50.0,0.0,50.0,0.98,0.020000000000000018,5.0,0.4950000000000001,0.78,0.27500000000000013,5.0,1.3750000000000007,0.002,OVERPAY_LIMIT
1765982885.347843,btc-updown-15m-1765982700,1765982700.0,1765983600.0,,714.6521570682526,,,,,0,0,0.99,0.98,ONE_LEG_INVENTORY,,,,,,,,,,,,,,0,5,,,,,,,,,,,,,,,,,,,,"RECONSTRUCT_BLOCKED: OVERPAY_LIMIT (Op:0.2750 > L:0.0020, Cost:$1.38)",,,,,,,,10.0,5.0,,,,,0,0,,,Inv: 10.0/5.0 CapLeft: 35.0,,,10.0,5.0,15.0,35.0,50.0,0.0,50.0,0.98,0.020000000000000018,5.0,0.4950000000000001,0.78,0.27500000000000013,5.0,1.3750000000000007,0.002,OVERPAY_LIMIT
1765982887.301191,btc-updown-15m-1765982700,1765982700.0,1765983600.0,,712.6988089084625,,,,,0,0,0.99,0.98,ONE_LEG_INVENTORY,,,,,,,,,,,,,,0,5,,,,,,,,,,,,,,,,,,,,"RECONSTRUCT_BLOCKED: OVERPAY_LIMIT (Op:0.2750 > L:0.0020, Cost:$1.38)",,,,,,,,10.0,5.0,,,,,0,0,,,Inv: 10.0/5.0 CapLeft: 35.0,,,10.0,5.0,15.0,35.0,50.0,0.0,50.0,0.98,0.020000000000000018,5.0,0.4950000000000001,0.78,0.27500000000000013,5.0,1.3750000000000007,0.002,OVERPAY_LIMIT
1765982887.301191,btc-updown-15m-1765982700,1765982700.0,1765983600.0,,712.6988089084625,,,,,0,0,0.99,0.98,ONE_LEG_INVENTORY,,,,,,,,,,,,,,0,5,,,,,,,,,,,,,,,,,,,,"RECONSTRUCT_BLOCKED: OVERPAY_LIMIT (Op:0.2750 > L:0.0020, Cost:$1.38)",,,,,,,,10.0,5.0,,,,,0,0,,,Inv: 10.0/5.0 CapLeft: 35.0,,,10.0,5.0,15.0,35.0,50.0,0.0,50.0,0.98,0.020000000000000018,5.0,0.4950000000000001,0.78,0.27500000000000013,5.0,1.3750000000000007,0.002,OVERPAY_LIMIT
1765982889.2452977,btc-updown-15m-1765982700,1765982700.0,1765983600.0,,710.7547023296356,,,,,0,0,0.99,0.98,ONE_LEG_INVENTORY,,,,,,,,,,,,,,0,5,,,,,,,,,,,,,,,,,,,,"RECONSTRUCT_BLOCKED: OVERPAY_LIMIT (Op:0.2650 > L:0.0020, Cost:$1.33)",,,,,,,,10.0,5.0,,,,,0,0,,,Inv: 10.0/5.0 CapLeft: 35.0,,,10.0,5.0,15.0,35.0,50.0,0.0,50.0,0.98,0.020000000000000018,5.0,0.4950000000000001,0.77,0.2650000000000001,5.0,1.3250000000000006,0.002,OVERPAY_LIMIT
1765982889.2452977,btc-updown-15m-1765982700,1765982700.0,1765983600.0,,710.7547023296356,,,,,0,0,0.99,0.98,ONE_LEG_INVENTORY,,,,,,,,,,,,,,0,5,,,,,,,,,,,,,,,,,,,,"RECONSTRUCT_BLOCKED: OVERPAY_LIMIT (Op:0.2650 > L:0.0020, Cost:$1.33)",,,,,,,,10.0,5.0,,,,,0,0,,,Inv: 10.0/5.0 CapLeft: 35.0,,,10.0,5.0,15.0,35.0,50.0,0.0,50.0,0.98,0.020000000000000018,5.0,0.4950000000000001,0.77,0.2650000000000001,5.0,1.3250000000000006,0.002,OVERPAY_LIMIT
1765982891.1971965,btc-updown-15m-1765982700,1765982700.0,1765983600.0,,708.8028035163879,,,,,0,0,0.99,0.98,ONE_LEG_INVENTORY,,,,,,,,,,,,,,0,5,,,,,,,,,,,,,,,,,,,,"RECONSTRUCT_BLOCKED: OVERPAY_LIMIT (Op:0.2650 > L:0.0020, Cost:$1.33)",,,,,,,,10.0,5.0,,,,,0,0,,,Inv: 10.0/5.0 CapLeft: 35.0,,,10.0,5.0,15.0,35.0,50.0,0.0,50.0,0.98,0.020000000000000018,5.0,0.4950000000000001,0.77,0.2650000000000001,5.0,1.3250000000000006,0.002,OVERPAY_LIMIT
1765982891.1971965,btc-updown-15m-1765982700,1765982700.0,1765983600.0,,708.8028035163879,,,,,0,0,0.99,0.98,ONE_LEG_INVENTORY,,,,,,,,,,,,,,0,5,,,,,,,,,,,,,,,,,,,,"RECONSTRUCT_BLOCKED: OVERPAY_LIMIT (Op:0.2650 > L:0.0020, Cost:$1.33)",,,,,,,,10.0,5.0,,,,,0,0,,,Inv: 10.0/5.0 CapLeft: 35.0,,,10.0,5.0,15.0,35.0,50.0,0.0,50.0,0.98,0.020000000000000018,5.0,0.4950000000000001,0.77,0.2650000000000001,5.0,1.3250000000000006,0.002,OVERPAY_LIMIT
1765982893.1564295,btc-updown-15m-1765982700,1765982700.0,1765983600.0,,706.8435704708099,,,,,0,0,0.99,0.98,ONE_LEG_INVENTORY,,,,,,,,,,,,,,0,5,,,,,,,,,,,,,,,,,,,,"RECONSTRUCT_BLOCKED: OVERPAY_LIMIT (Op:0.2650 > L:0.0020, Cost:$1.33)",,,,,,,,10.0,5.0,,,,,0,0,,,Inv: 10.0/5.0 CapLeft: 35.0,,,10.0,5.0,15.0,35.0,50.0,0.0,50.0,0.98,0.020000000000000018,5.0,0.4950000000000001,0.77,0.2650000000000001,5.0,1.3250000000000006,0.002,OVERPAY_LIMIT
1765982893.1564295,btc-updown-15m-1765982700,1765982700.0,1765983600.0,,706.8435704708099,,,,,0,0,0.99,0.98,ONE_LEG_INVENTORY,,,,,,,,,,,,,,0,5,,,,,,,,,,,,,,,,,,,,"RECONSTRUCT_BLOCKED: OVERPAY_LIMIT (Op:0.2650 > L:0.0020, Cost:$1.33)",,,,,,,,10.0,5.0,,,,,0,0,,,Inv: 10.0/5.0 CapLeft: 35.0,,,10.0,5.0,15.0,35.0,50.0,0.0,50.0,0.98,0.020000000000000018,5.0,0.4950000000000001,0.77,0.2650000000000001,5.0,1.3250000000000006,0.002,OVERPAY_LIMIT
1765982895.0967793,btc-updown-15m-1765982700,1765982700.0,1765983600.0,,704.9032206535339,,,,,0,0,0.99,0.98,ONE_LEG_INVENTORY,,,,,,,,,,,,,,0,5,,,,,,,,,,,,,,,,,,,,"RECONSTRUCT_BLOCKED: OVERPAY_LIMIT (Op:0.2350 > L:0.0020, Cost:$1.18)",,,,,,,,10.0,5.0,,,,,0,0,,,Inv: 10.0/5.0 CapLeft: 35.0,,,10.0,5.0,15.0,35.0,50.0,0.0,50.0,0.98,0.020000000000000018,5.0,0.4950000000000001,0.74,0.2350000000000001,5.0,1.1750000000000005,0.002,OVERPAY_LIMIT
1765982895.0967793,btc-updown-15m-1765982700,1765982700.0,1765983600.0,,704.9032206535339,,,,,0,0,0.99,0.98,ONE_LEG_INVENTORY,,,,,,,,,,,,,,0,5,,,,,,,,,,,,,,,,,,,,"RECONSTRUCT_BLOCKED: OVERPAY_LIMIT (Op:0.2350 > L:0.0020, Cost:$1.18)",,,,,,,,10.0,5.0,,,,,0,0,,,Inv: 10.0/5.0 CapLeft: 35.0,,,10.0,5.0,15.0,35.0,50.0,0.0,50.0,0.98,0.020000000000000018,5.0,0.4950000000000001,0.74,0.2350000000000001,5.0,1.1750000000000005,0.002,OVERPAY_LIMIT
1765982897.0437841,btc-updown-15m-1765982700,1765982700.0,1765983600.0,,702.9562158584595,,,,,0,0,0.99,0.98,ONE_LEG_INVENTORY,,,,,,,,,,,,,,0,5,,,,,,,,,,,,,,,,,,,,"RECONSTRUCT_BLOCKED: OVERPAY_LIMIT (Op:0.2150 > L:0.0020, Cost:$1.08)",,,,,,,,10.0,5.0,,,,,0,0,,,Inv: 10.0/5.0 CapLeft: 35.0,,,10.0,5.0,15.0,35.0,50.0,0.0,50.0,0.98,0.020000000000000018,5.0,0.4950000000000001,0.72,0.21500000000000008,5.0,1.0750000000000004,0.002,OVERPAY_LIMIT
1765982897.0437841,btc-updown-15m-1765982700,1765982700.0,1765983600.0,,702.9562158584595,,,,,0,0,0.99,0.98,ONE_LEG_INVENTORY,,,,,,,,,,,,,,0,5,,,,,,,,,,,,,,,,,,,,"RECONSTRUCT_BLOCKED: OVERPAY_LIMIT (Op:0.2150 > L:0.0020, Cost:$1.08)",,,,,,,,10.0,5.0,,,,,0,0,,,Inv: 10.0/5.0 CapLeft: 35.0,,,10.0,5.0,15.0,35.0,50.0,0.0,50.0,0.98,0.020000000000000018,5.0,0.4950000000000001,0.72,0.21500000000000008,5.0,1.0750000000000004,0.002,OVERPAY_LIMIT
1765982899.00611,btc-updown-15m-1765982700,1765982700.0,1765983600.0,,700.9938900470734,,,,,0,0,0.99,0.98,ONE_LEG_INVENTORY,,,,,,,,,,,,,,0,5,,,,,,,,,,,,,,,,,,,,"RECONSTRUCT_BLOCKED: OVERPAY_LIMIT (Op:0.2650 > L:0.0020, Cost:$1.33)",,,,,,,,10.0,5.0,,,,,0,0,,,Inv: 10.0/5.0 CapLeft: 35.0,,,10.0,5.0,15.0,35.0,50.0,0.0,50.0,0.98,0.020000000000000018,5.0,0.4950000000000001,0.77,0.2650000000000001,5.0,1.3250000000000006,0.002,OVERPAY_LIMIT
1765982899.00611,btc-updown-15m-1765982700,1765982700.0,1765983600.0,,700.9938900470734,,,,,0,0,0.99,0.98,ONE_LEG_INVENTORY,,,,,,,,,,,,,,0,5,,,,,,,,,,,,,,,,,,,,"RECONSTRUCT_BLOCKED: OVERPAY_LIMIT (Op:0.2650 > L:0.0020, Cost:$1.33)",,,,,,,,10.0,5.0,,,,,0,0,,,Inv: 10.0/5.0 CapLeft: 35.0,,,10.0,5.0,15.0,35.0,50.0,0.0,50.0,0.98,0.020000000000000018,5.0,0.4950000000000001,0.77,0.2650000000000001,5.0,1.3250000000000006,0.002,OVERPAY_LIMIT
1765982900.9928412,btc-updown-15m-1765982700,1765982700.0,1765983600.0,,699.0071587562561,,,,,0,0,0.99,0.98,ONE_LEG_INVENTORY,,,,,,,,,,,,,,0,5,,,,,,,,,,,,,,,,,,,,"RECONSTRUCT_BLOCKED: OVERPAY_LIMIT (Op:0.2450 > L:0.0020, Cost:$1.23)",,,,,,,,10.0,5.0,,,,,0,0,,,Inv: 10.0/5.0 CapLeft: 35.0,,,10.0,5.0,15.0,35.0,50.0,0.0,50.0,0.98,0.020000000000000018,5.0,0.4950000000000001,0.75,0.2450000000000001,5.0,1.2250000000000005,0.002,OVERPAY_LIMIT
1765982900.9928412,btc-updown-15m-1765982700,1765982700.0,1765983600.0,,699.0071587562561,,,,,0,0,0.99,0.98,ONE_LEG_INVENTORY,,,,,,,,,,,,,,0,5,,,,,,,,,,,,,,,,,,,,"RECONSTRUCT_BLOCKED: OVERPAY_LIMIT (Op:0.2450 > L:0.0020, Cost:$1.23)",,,,,,,,10.0,5.0,,,,,0,0,,,Inv: 10.0/5.0 CapLeft: 35.0,,,10.0,5.0,15.0,35.0,50.0,0.0,50.0,0.98,0.020000000000000018,5.0,0.4950000000000001,0.75,0.2450000000000001,5.0,1.2250000000000005,0.002,OVERPAY_LIMIT
1765982902.941054,btc-updown-15m-1765982700,1765982700.0,1765983600.0,,697.0589458942413,,,,,0,0,0.99,0.98,ONE_LEG_INVENTORY,,,,,,,,,,,,,,0,5,,,,,,,,,,,,,,,,,,,,"RECONSTRUCT_BLOCKED: OVERPAY_LIMIT (Op:0.2450 > L:0.0020, Cost:$1.23)",,,,,,,,10.0,5.0,,,,,0,0,,,Inv: 10.0/5.0 CapLeft: 35.0,,,10.0,5.0,15.0,35.0,50.0,0.0,50.0,0.98,0.020000000000000018,5.0,0.4950000000000001,0.75,0.2450000000000001,5.0,1.2250000000000005,0.002,OVERPAY_LIMIT
1765982902.941054,btc-updown-15m-1765982700,1765982700.0,1765983600.0,,697.0589458942413,,,,,0,0,0.99,0.98,ONE_LEG_INVENTORY,,,,,,,,,,,,,,0,5,,,,,,,,,,,,,,,,,,,,"RECONSTRUCT_BLOCKED: OVERPAY_LIMIT (Op:0.2450 > L:0.0020, Cost:$1.23)",,,,,,,,10.0,5.0,,,,,0,0,,,Inv: 10.0/5.0 CapLeft: 35.0,,,10.0,5.0,15.0,35.0,50.0,0.0,50.0,0.98,0.020000000000000018,5.0,0.4950000000000001,0.75,0.2450000000000001,5.0,1.2250000000000005,0.002,OVERPAY_LIMIT
1765982904.8707857,btc-updown-15m-1765982700,1765982700.0,1765983600.0,,695.1292142868042,,,,,0,0,0.99,0.98,ONE_LEG_INVENTORY,,,,,,,,,,,,,,0,5,,,,,,,,,,,,,,,,,,,,"RECONSTRUCT_BLOCKED: OVERPAY_LIMIT (Op:0.2450 > L:0.0020, Cost:$1.23)",,,,,,,,10.0,5.0,,,,,0,0,,,Inv: 10.0/5.0 CapLeft: 35.0,,,10.0,5.0,15.0,35.0,50.0,0.0,50.0,0.98,0.020000000000000018,5.0,0.4950000000000001,0.75,0.2450000000000001,5.0,1.2250000000000005,0.002,OVERPAY_LIMIT
1765982904.8707857,btc-updown-15m-1765982700,1765982700.0,1765983600.0,,695.1292142868042,,,,,0,0,0.99,0.98,ONE_LEG_INVENTORY,,,,,,,,,,,,,,0,5,,,,,,,,,,,,,,,,,,,,"RECONSTRUCT_BLOCKED: OVERPAY_LIMIT (Op:0.2450 > L:0.0020, Cost:$1.23)",,,,,,,,10.0,5.0,,,,,0,0,,,Inv: 10.0/5.0 CapLeft: 35.0,,,10.0,5.0,15.0,35.0,50.0,0.0,50.0,0.98,0.020000000000000018,5.0,0.4950000000000001,0.75,0.2450000000000001,5.0,1.2250000000000005,0.002,OVERPAY_LIMIT
1765982906.8352993,btc-updown-15m-1765982700,1765982700.0,1765983600.0,,693.1647007465363,,,,,0,0,0.97,0.98,ONE_LEG_INVENTORY,,,,,,,,,,,,,,0,5,,,,,,,,,,,,,,,,,,,,"RECONSTRUCT_BLOCKED: OVERPAY_LIMIT (Op:0.2450 > L:0.0020, Cost:$1.23)",,,,,,,,10.0,5.0,,,,,0,0,,,Inv: 10.0/5.0 CapLeft: 35.0,,,10.0,5.0,15.0,35.0,50.0,0.0,50.0,0.98,0.020000000000000018,5.0,0.4950000000000001,0.75,0.2450000000000001,5.0,1.2250000000000005,0.002,OVERPAY_LIMIT
1765982906.8352993,btc-updown-15m-1765982700,1765982700.0,1765983600.0,,693.1647007465363,,,,,0,0,0.97,0.98,ONE_LEG_INVENTORY,,,,,,,,,,,,,,0,5,,,,,,,,,,,,,,,,,,,,"RECONSTRUCT_BLOCKED: OVERPAY_LIMIT (Op:0.2450 > L:0.0020, Cost:$1.23)",,,,,,,,10.0,5.0,,,,,0,0,,,Inv: 10.0/5.0 CapLeft: 35.0,,,10.0,5.0,15.0,35.0,50.0,0.0,50.0,0.98,0.020000000000000018,5.0,0.4950000000000001,0.75,0.2450000000000001,5.0,1.2250000000000005,0.002,OVERPAY_LIMIT
1765982908.7890973,btc-updown-15m-1765982700,1765982700.0,1765983600.0,,691.2109026908875,,,,,0,0,0.99,0.98,ONE_LEG_INVENTORY,,,,,,,,,,,,,,0,5,,,,,,,,,,,,,,,,,,,,"RECONSTRUCT_BLOCKED: OVERPAY_LIMIT (Op:0.2750 > L:0.0020, Cost:$1.38)",,,,,,,,10.0,5.0,,,,,0,0,,,Inv: 10.0/5.0 CapLeft: 35.0,,,10.0,5.0,15.0,35.0,50.0,0.0,50.0,0.98,0.020000000000000018,5.0,0.4950000000000001,0.78,0.27500000000000013,5.0,1.3750000000000007,0.002,OVERPAY_LIMIT
1765982908.7890973,btc-updown-15m-1765982700,1765982700.0,1765983600.0,,691.2109026908875,,,,,0,0,0.99,0.98,ONE_LEG_INVENTORY,,,,,,,,,,,,,,0,5,,,,,,,,,,,,,,,,,,,,"RECONSTRUCT_BLOCKED: OVERPAY_LIMIT (Op:0.2750 > L:0.0020, Cost:$1.38)",,,,,,,,10.0,5.0,,,,,0,0,,,Inv: 10.0/5.0 CapLeft: 35.0,,,10.0,5.0,15.0,35.0,50.0,0.0,50.0,0.98,0.020000000000000018,5.0,0.4950000000000001,0.78,0.27500000000000013,5.0,1.3750000000000007,0.002,OVERPAY_LIMIT
1765982910.729503,btc-updown-15m-1765982700,1765982700.0,1765983600.0,,689.2704970836639,,,,,0,0,0.99,0.98,ONE_LEG_INVENTORY,,,,,,,,,,,,,,0,5,,,,,,,,,,,,,,,,,,,,"RECONSTRUCT_BLOCKED: OVERPAY_LIMIT (Op:0.2850 > L:0.0020, Cost:$1.43)",,,,,,,,10.0,5.0,,,,,0,0,,,Inv: 10.0/5.0 CapLeft: 35.0,,,10.0,5.0,15.0,35.0,50.0,0.0,50.0,0.98,0.020000000000000018,5.0,0.4950000000000001,0.79,0.28500000000000014,5.0,1.4250000000000007,0.002,OVERPAY_LIMIT
1765982910.729503,btc-updown-15m-1765982700,1765982700.0,1765983600.0,,689.2704970836639,,,,,0,0,0.99,0.98,ONE_LEG_INVENTORY,,,,,,,,,,,,,,0,5,,,,,,,,,,,,,,,,,,,,"RECONSTRUCT_BLOCKED: OVERPAY_LIMIT (Op:0.2850 > L:0.0020, Cost:$1.43)",,,,,,,,10.0,5.0,,,,,0,0,,,Inv: 10.0/5.0 CapLeft: 35.0,,,10.0,5.0,15.0,35.0,50.0,0.0,50.0,0.98,0.020000000000000018,5.0,0.4950000000000001,0.79,0.28500000000000014,5.0,1.4250000000000007,0.002,OVERPAY_LIMIT
1765982912.750054,btc-updown-15m-1765982700,1765982700.0,1765983600.0,,687.2499461174011,,,,,0,0,0.99,0.98,ONE_LEG_INVENTORY,,,,,,,,,,,,,,0,5,,,,,,,,,,,,,,,,,,,,"RECONSTRUCT_BLOCKED: OVERPAY_LIMIT (Op:0.2750 > L:0.0020, Cost:$1.38)",,,,,,,,10.0,5.0,,,,,0,0,,,Inv: 10.0/5.0 CapLeft: 35.0,,,10.0,5.0,15.0,35.0,50.0,0.0,50.0,0.98,0.020000000000000018,5.0,0.4950000000000001,0.78,0.27500000000000013,5.0,1.3750000000000007,0.002,OVERPAY_LIMIT
1765982912.750054,btc-updown-15m-1765982700,1765982700.0,1765983600.0,,687.2499461174011,,,,,0,0,0.99,0.98,ONE_LEG_INVENTORY,,,,,,,,,,,,,,0,5,,,,,,,,,,,,,,,,,,,,"RECONSTRUCT_BLOCKED: OVERPAY_LIMIT (Op:0.2750 > L:0.0020, Cost:$1.38)",,,,,,,,10.0,5.0,,,,,0,0,,,Inv: 10.0/5.0 CapLeft: 35.0,,,10.0,5.0,15.0,35.0,50.0,0.0,50.0,0.98,0.020000000000000018,5.0,0.4950000000000001,0.78,0.27500000000000013,5.0,1.3750000000000007,0.002,OVERPAY_LIMIT
1765982914.7039337,btc-updown-15m-1765982700,1765982700.0,1765983600.0,,685.2960662841797,,,,,0,0,0.99,0.98,ONE_LEG_INVENTORY,,,,,,,,,,,,,,0,5,,,,,,,,,,,,,,,,,,,,"RECONSTRUCT_BLOCKED: OVERPAY_LIMIT (Op:0.2650 > L:0.0020, Cost:$1.33)",,,,,,,,10.0,5.0,,,,,0,0,,,Inv: 10.0/5.0 CapLeft: 35.0,,,10.0,5.0,15.0,35.0,50.0,0.0,50.0,0.98,0.020000000000000018,5.0,0.4950000000000001,0.77,0.2650000000000001,5.0,1.3250000000000006,0.002,OVERPAY_LIMIT
1765982914.7039337,btc-updown-15m-1765982700,1765982700.0,1765983600.0,,685.2960662841797,,,,,0,0,0.99,0.98,ONE_LEG_INVENTORY,,,,,,,,,,,,,,0,5,,,,,,,,,,,,,,,,,,,,"RECONSTRUCT_BLOCKED: OVERPAY_LIMIT (Op:0.2650 > L:0.0020, Cost:$1.33)",,,,,,,,10.0,5.0,,,,,0,0,,,Inv: 10.0/5.0 CapLeft: 35.0,,,10.0,5.0,15.0,35.0,50.0,0.0,50.0,0.98,0.020000000000000018,5.0,0.4950000000000001,0.77,0.2650000000000001,5.0,1.3250000000000006,0.002,OVERPAY_LIMIT
1765982916.6504674,btc-updown-15m-1765982700,1765982700.0,1765983600.0,,683.3495326042175,,,,,0,0,0.99,0.98,ONE_LEG_INVENTORY,,,,,,,,,,,,,,0,5,,,,,,,,,,,,,,,,,,,,"RECONSTRUCT_BLOCKED: OVERPAY_LIMIT (Op:0.2850 > L:0.0020, Cost:$1.43)",,,,,,,,10.0,5.0,,,,,0,0,,,Inv: 10.0/5.0 CapLeft: 35.0,,,10.0,5.0,15.0,35.0,50.0,0.0,50.0,0.98,0.020000000000000018,5.0,0.4950000000000001,0.79,0.28500000000000014,5.0,1.4250000000000007,0.002,OVERPAY_LIMIT
1765982916.6504674,btc-updown-15m-1765982700,1765982700.0,1765983600.0,,683.3495326042175,,,,,0,0,0.99,0.98,ONE_LEG_INVENTORY,,,,,,,,,,,,,,0,5,,,,,,,,,,,,,,,,,,,,"RECONSTRUCT_BLOCKED: OVERPAY_LIMIT (Op:0.2850 > L:0.0020, Cost:$1.43)",,,,,,,,10.0,5.0,,,,,0,0,,,Inv: 10.0/5.0 CapLeft: 35.0,,,10.0,5.0,15.0,35.0,50.0,0.0,50.0,0.98,0.020000000000000018,5.0,0.4950000000000001,0.79,0.28500000000000014,5.0,1.4250000000000007,0.002,OVERPAY_LIMIT
1765982918.627505,btc-updown-15m-1765982700,1765982700.0,1765983600.0,,681.3724949359894,,,,,0,0,0.99,0.98,ONE_LEG_INVENTORY,,,,,,,,,,,,,,0,5,,,,,,,,,,,,,,,,,,,,"RECONSTRUCT_BLOCKED: OVERPAY_LIMIT (Op:0.2850 > L:0.0020, Cost:$1.43)",,,,,,,,10.0,5.0,,,,,0,0,,,Inv: 10.0/5.0 CapLeft: 35.0,,,10.0,5.0,15.0,35.0,50.0,0.0,50.0,0.98,0.020000000000000018,5.0,0.4950000000000001,0.79,0.28500000000000014,5.0,1.4250000000000007,0.002,OVERPAY_LIMIT
1765982918.627505,btc-updown-15m-1765982700,1765982700.0,1765983600.0,,681.3724949359894,,,,,0,0,0.99,0.98,ONE_LEG_INVENTORY,,,,,,,,,,,,,,0,5,,,,,,,,,,,,,,,,,,,,"RECONSTRUCT_BLOCKED: OVERPAY_LIMIT (Op:0.2850 > L:0.0020, Cost:$1.43)",,,,,,,,10.0,5.0,,,,,0,0,,,Inv: 10.0/5.0 CapLeft: 35.0,,,10.0,5.0,15.0,35.0,50.0,0.0,50.0,0.98,0.020000000000000018,5.0,0.4950000000000001,0.79,0.28500000000000014,5.0,1.4250000000000007,0.002,OVERPAY_LIMIT
1765982920.5916908,btc-updown-15m-1765982700,1765982700.0,1765983600.0,,679.4083092212677,,,,,0,0,0.99,0.98,ONE_LEG_INVENTORY,,,,,,,,,,,,,,0,5,,,,,,,,,,,,,,,,,,,,"RECONSTRUCT_BLOCKED: OVERPAY_LIMIT (Op:0.2950 > L:0.0020, Cost:$1.48)",,,,,,,,10.0,5.0,,,,,0,0,,,Inv: 10.0/5.0 CapLeft: 35.0,,,10.0,5.0,15.0,35.0,50.0,0.0,50.0,0.98,0.020000000000000018,5.0,0.4950000000000001,0.8,0.29500000000000015,5.0,1.4750000000000008,0.002,OVERPAY_LIMIT
1765982920.5916908,btc-updown-15m-1765982700,1765982700.0,1765983600.0,,679.4083092212677,,,,,0,0,0.99,0.98,ONE_LEG_INVENTORY,,,,,,,,,,,,,,0,5,,,,,,,,,,,,,,,,,,,,"RECONSTRUCT_BLOCKED: OVERPAY_LIMIT (Op:0.2950 > L:0.0020, Cost:$1.48)",,,,,,,,10.0,5.0,,,,,0,0,,,Inv: 10.0/5.0 CapLeft: 35.0,,,10.0,5.0,15.0,35.0,50.0,0.0,50.0,0.98,0.020000000000000018,5.0,0.4950000000000001,0.8,0.29500000000000015,5.0,1.4750000000000008,0.002,OVERPAY_LIMIT
1765982922.547426,btc-updown-15m-1765982700,1765982700.0,1765983600.0,,677.4525740146637,,,,,0,0,0.98,0.98,ONE_LEG_INVENTORY,,,,,,,,,,,,,,0,5,,,,,,,,,,,,,,,,,,,,"RECONSTRUCT_BLOCKED: OVERPAY_LIMIT (Op:0.2750 > L:0.0020, Cost:$1.38)",,,,,,,,10.0,5.0,,,,,0,0,,,Inv: 10.0/5.0 CapLeft: 35.0,,,10.0,5.0,15.0,35.0,50.0,0.0,50.0,0.98,0.020000000000000018,5.0,0.4950000000000001,0.78,0.27500000000000013,5.0,1.3750000000000007,0.002,OVERPAY_LIMIT
1765982922.547426,btc-updown-15m-1765982700,1765982700.0,1765983600.0,,677.4525740146637,,,,,0,0,0.98,0.98,ONE_LEG_INVENTORY,,,,,,,,,,,,,,0,5,,,,,,,,,,,,,,,,,,,,"RECONSTRUCT_BLOCKED: OVERPAY_LIMIT (Op:0.2750 > L:0.0020, Cost:$1.38)",,,,,,,,10.0,5.0,,,,,0,0,,,Inv: 10.0/5.0 CapLeft: 35.0,,,10.0,5.0,15.0,35.0,50.0,0.0,50.0,0.98,0.020000000000000018,5.0,0.4950000000000001,0.78,0.27500000000000013,5.0,1.3750000000000007,0.002,OVERPAY_LIMIT
1765982924.5017967,btc-updown-15m-1765982700,1765982700.0,1765983600.0,,675.4982032775879,,,,,0,0,0.99,0.98,ONE_LEG_INVENTORY,,,,,,,,,,,,,,0,5,,,,,,,,,,,,,,,,,,,,"RECONSTRUCT_BLOCKED: OVERPAY_LIMIT (Op:0.2750 > L:0.0020, Cost:$1.38)",,,,,,,,10.0,5.0,,,,,0,0,,,Inv: 10.0/5.0 CapLeft: 35.0,,,10.0,5.0,15.0,35.0,50.0,0.0,50.0,0.98,0.020000000000000018,5.0,0.4950000000000001,0.78,0.27500000000000013,5.0,1.3750000000000007,0.002,OVERPAY_LIMIT
1765982924.5017967,btc-updown-15m-1765982700,1765982700.0,1765983600.0,,675.4982032775879,,,,,0,0,0.99,0.98,ONE_LEG_INVENTORY,,,,,,,,,,,,,,0,5,,,,,,,,,,,,,,,,,,,,"RECONSTRUCT_BLOCKED: OVERPAY_LIMIT (Op:0.2750 > L:0.0020, Cost:$1.38)",,,,,,,,10.0,5.0,,,,,0,0,,,Inv: 10.0/5.0 CapLeft: 35.0,,,10.0,5.0,15.0,35.0,50.0,0.0,50.0,0.98,0.020000000000000018,5.0,0.4950000000000001,0.78,0.27500000000000013,5.0,1.3750000000000007,0.002,OVERPAY_LIMIT
1765982926.4305432,btc-updown-15m-1765982700,1765982700.0,1765983600.0,,673.5694568157196,,,,,0,0,0.99,0.98,ONE_LEG_INVENTORY,,,,,,,,,,,,,,0,5,,,,,,,,,,,,,,,,,,,,"RECONSTRUCT_BLOCKED: OVERPAY_LIMIT (Op:0.2750 > L:0.0020, Cost:$1.38)",,,,,,,,10.0,5.0,,,,,0,0,,,Inv: 10.0/5.0 CapLeft: 35.0,,,10.0,5.0,15.0,35.0,50.0,0.0,50.0,0.98,0.020000000000000018,5.0,0.4950000000000001,0.78,0.27500000000000013,5.0,1.3750000000000007,0.002,OVERPAY_LIMIT
1765982926.4305432,btc-updown-15m-1765982700,1765982700.0,1765983600.0,,673.5694568157196,,,,,0,0,0.99,0.98,ONE_LEG_INVENTORY,,,,,,,,,,,,,,0,5,,,,,,,,,,,,,,,,,,,,"RECONSTRUCT_BLOCKED: OVERPAY_LIMIT (Op:0.2750 > L:0.0020, Cost:$1.38)",,,,,,,,10.0,5.0,,,,,0,0,,,Inv: 10.0/5.0 CapLeft: 35.0,,,10.0,5.0,15.0,35.0,50.0,0.0,50.0,0.98,0.020000000000000018,5.0,0.4950000000000001,0.78,0.27500000000000013,5.0,1.3750000000000007,0.002,OVERPAY_LIMIT
1765982928.3973408,btc-updown-15m-1765982700,1765982700.0,1765983600.0,,671.6026592254639,,,,,0,0,0.99,0.98,ONE_LEG_INVENTORY,,,,,,,,,,,,,,0,5,,,,,,,,,,,,,,,,,,,,"RECONSTRUCT_BLOCKED: OVERPAY_LIMIT (Op:0.2950 > L:0.0020, Cost:$1.48)",,,,,,,,10.0,5.0,,,,,0,0,,,Inv: 10.0/5.0 CapLeft: 35.0,,,10.0,5.0,15.0,35.0,50.0,0.0,50.0,0.98,0.020000000000000018,5.0,0.4950000000000001,0.8,0.29500000000000015,5.0,1.4750000000000008,0.002,OVERPAY_LIMIT
1765982928.3973408,btc-updown-15m-1765982700,1765982700.0,1765983600.0,,671.6026592254639,,,,,0,0,0.99,0.98,ONE_LEG_INVENTORY,,,,,,,,,,,,,,0,5,,,,,,,,,,,,,,,,,,,,"RECONSTRUCT_BLOCKED: OVERPAY_LIMIT (Op:0.2950 > L:0.0020, Cost:$1.48)",,,,,,,,10.0,5.0,,,,,0,0,,,Inv: 10.0/5.0 CapLeft: 35.0,,,10.0,5.0,15.0,35.0,50.0,0.0,50.0,0.98,0.020000000000000018,5.0,0.4950000000000001,0.8,0.29500000000000015,5.0,1.4750000000000008,0.002,OVERPAY_LIMIT
1765982930.3301904,btc-updown-15m-1765982700,1765982700.0,1765983600.0,,669.6698095798492,,,,,0,0,0.99,0.98,ONE_LEG_INVENTORY,,,,,,,,,,,,,,0,5,,,,,,,,,,,,,,,,,,,,"RECONSTRUCT_BLOCKED: OVERPAY_LIMIT (Op:0.2850 > L:0.0020, Cost:$1.43)",,,,,,,,10.0,5.0,,,,,0,0,,,Inv: 10.0/5.0 CapLeft: 35.0,,,10.0,5.0,15.0,35.0,50.0,0.0,50.0,0.98,0.020000000000000018,5.0,0.4950000000000001,0.79,0.28500000000000014,5.0,1.4250000000000007,0.002,OVERPAY_LIMIT
1765982930.3301904,btc-updown-15m-1765982700,1765982700.0,1765983600.0,,669.6698095798492,,,,,0,0,0.99,0.98,ONE_LEG_INVENTORY,,,,,,,,,,,,,,0,5,,,,,,,,,,,,,,,,,,,,"RECONSTRUCT_BLOCKED: OVERPAY_LIMIT (Op:0.2850 > L:0.0020, Cost:$1.43)",,,,,,,,10.0,5.0,,,,,0,0,,,Inv: 10.0/5.0 CapLeft: 35.0,,,10.0,5.0,15.0,35.0,50.0,0.0,50.0,0.98,0.020000000000000018,5.0,0.4950000000000001,0.79,0.28500000000000014,5.0,1.4250000000000007,0.002,OVERPAY_LIMIT
1765982932.2824895,btc-updown-15m-1765982700,1765982700.0,1765983600.0,,667.7175104618073,,,,,0,0,0.99,0.98,ONE_LEG_INVENTORY,,,,,,,,,,,,,,0,5,,,,,,,,,,,,,,,,,,,,"RECONSTRUCT_BLOCKED: OVERPAY_LIMIT (Op:0.2750 > L:0.0020, Cost:$1.38)",,,,,,,,10.0,5.0,,,,,0,0,,,Inv: 10.0/5.0 CapLeft: 35.0,,,10.0,5.0,15.0,35.0,50.0,0.0,50.0,0.98,0.020000000000000018,5.0,0.4950000000000001,0.78,0.27500000000000013,5.0,1.3750000000000007,0.002,OVERPAY_LIMIT
1765982932.2824895,btc-updown-15m-1765982700,1765982700.0,1765983600.0,,667.7175104618073,,,,,0,0,0.99,0.98,ONE_LEG_INVENTORY,,,,,,,,,,,,,,0,5,,,,,,,,,,,,,,,,,,,,"RECONSTRUCT_BLOCKED: OVERPAY_LIMIT (Op:0.2750 > L:0.0020, Cost:$1.38)",,,,,,,,10.0,5.0,,,,,0,0,,,Inv: 10.0/5.0 CapLeft: 35.0,,,10.0,5.0,15.0,35.0,50.0,0.0,50.0,0.98,0.020000000000000018,5.0,0.4950000000000001,0.78,0.27500000000000013,5.0,1.3750000000000007,0.002,OVERPAY_LIMIT
1765982934.223135,btc-updown-15m-1765982700,1765982700.0,1765983600.0,,665.7768650054932,,,,,0,0,0.99,0.98,ONE_LEG_INVENTORY,,,,,,,,,,,,,,0,5,,,,,,,,,,,,,,,,,,,,"RECONSTRUCT_BLOCKED: OVERPAY_LIMIT (Op:0.2650 > L:0.0020, Cost:$1.33)",,,,,,,,10.0,5.0,,,,,0,0,,,Inv: 10.0/5.0 CapLeft: 35.0,,,10.0,5.0,15.0,35.0,50.0,0.0,50.0,0.98,0.020000000000000018,5.0,0.4950000000000001,0.77,0.2650000000000001,5.0,1.3250000000000006,0.002,OVERPAY_LIMIT
1765982934.223135,btc-updown-15m-1765982700,1765982700.0,1765983600.0,,665.7768650054932,,,,,0,0,0.99,0.98,ONE_LEG_INVENTORY,,,,,,,,,,,,,,0,5,,,,,,,,,,,,,,,,,,,,"RECONSTRUCT_BLOCKED: OVERPAY_LIMIT (Op:0.2650 > L:0.0020, Cost:$1.33)",,,,,,,,10.0,5.0,,,,,0,0,,,Inv: 10.0/5.0 CapLeft: 35.0,,,10.0,5.0,15.0,35.0,50.0,0.0,50.0,0.98,0.020000000000000018,5.0,0.4950000000000001,0.77,0.2650000000000001,5.0,1.3250000000000006,0.002,OVERPAY_LIMIT
1765982936.1700888,btc-updown-15m-1765982700,1765982700.0,1765983600.0,,663.8299112319946,,,,,0,0,0.99,0.98,ONE_LEG_INVENTORY,,,,,,,,,,,,,,0,5,,,,,,,,,,,,,,,,,,,,"RECONSTRUCT_BLOCKED: OVERPAY_LIMIT (Op:0.2450 > L:0.0020, Cost:$1.23)",,,,,,,,10.0,5.0,,,,,0,0,,,Inv: 10.0/5.0 CapLeft: 35.0,,,10.0,5.0,15.0,35.0,50.0,0.0,50.0,0.98,0.020000000000000018,5.0,0.4950000000000001,0.75,0.2450000000000001,5.0,1.2250000000000005,0.002,OVERPAY_LIMIT
1765982936.1700888,btc-updown-15m-1765982700,1765982700.0,1765983600.0,,663.8299112319946,,,,,0,0,0.99,0.98,ONE_LEG_INVENTORY,,,,,,,,,,,,,,0,5,,,,,,,,,,,,,,,,,,,,"RECONSTRUCT_BLOCKED: OVERPAY_LIMIT (Op:0.2450 > L:0.0020, Cost:$1.23)",,,,,,,,10.0,5.0,,,,,0,0,,,Inv: 10.0/5.0 CapLeft: 35.0,,,10.0,5.0,15.0,35.0,50.0,0.0,50.0,0.98,0.020000000000000018,5.0,0.4950000000000001,0.75,0.2450000000000001,5.0,1.2250000000000005,0.002,OVERPAY_LIMIT
1765982938.1547587,btc-updown-15m-1765982700,1765982700.0,1765983600.0,,661.8452413082123,,,,,0,0,0.99,0.98,ONE_LEG_INVENTORY,,,,,,,,,,,,,,0,5,,,,,,,,,,,,,,,,,,,,"RECONSTRUCT_BLOCKED: OVERPAY_LIMIT (Op:0.2150 > L:0.0020, Cost:$1.08)",,,,,,,,10.0,5.0,,,,,0,0,,,Inv: 10.0/5.0 CapLeft: 35.0,,,10.0,5.0,15.0,35.0,50.0,0.0,50.0,0.98,0.020000000000000018,5.0,0.4950000000000001,0.72,0.21500000000000008,5.0,1.0750000000000004,0.002,OVERPAY_LIMIT
1765982938.1547587,btc-updown-15m-1765982700,1765982700.0,1765983600.0,,661.8452413082123,,,,,0,0,0.99,0.98,ONE_LEG_INVENTORY,,,,,,,,,,,,,,0,5,,,,,,,,,,,,,,,,,,,,"RECONSTRUCT_BLOCKED: OVERPAY_LIMIT (Op:0.2150 > L:0.0020, Cost:$1.08)",,,,,,,,10.0,5.0,,,,,0,0,,,Inv: 10.0/5.0 CapLeft: 35.0,,,10.0,5.0,15.0,35.0,50.0,0.0,50.0,0.98,0.020000000000000018,5.0,0.4950000000000001,0.72,0.21500000000000008,5.0,1.0750000000000004,0.002,OVERPAY_LIMIT
1765982940.1525602,btc-updown-15m-1765982700,1765982700.0,1765983600.0,,659.8474397659302,,,,,0,0,0.99,0.98,ONE_LEG_INVENTORY,,,,,,,,,,,,,,0,5,,,,,,,,,,,,,,,,,,,,"RECONSTRUCT_BLOCKED: OVERPAY_LIMIT (Op:0.2350 > L:0.0020, Cost:$1.18)",,,,,,,,10.0,5.0,,,,,0,0,,,Inv: 10.0/5.0 CapLeft: 35.0,,,10.0,5.0,15.0,35.0,50.0,0.0,50.0,0.98,0.020000000000000018,5.0,0.4950000000000001,0.74,0.2350000000000001,5.0,1.1750000000000005,0.002,OVERPAY_LIMIT
1765982940.1525602,btc-updown-15m-1765982700,1765982700.0,1765983600.0,,659.8474397659302,,,,,0,0,0.99,0.98,ONE_LEG_INVENTORY,,,,,,,,,,,,,,0,5,,,,,,,,,,,,,,,,,,,,"RECONSTRUCT_BLOCKED: OVERPAY_LIMIT (Op:0.2350 > L:0.0020, Cost:$1.18)",,,,,,,,10.0,5.0,,,,,0,0,,,Inv: 10.0/5.0 CapLeft: 35.0,,,10.0,5.0,15.0,35.0,50.0,0.0,50.0,0.98,0.020000000000000018,5.0,0.4950000000000001,0.74,0.2350000000000001,5.0,1.1750000000000005,0.002,OVERPAY_LIMIT
1765982942.129722,btc-updown-15m-1765982700,1765982700.0,1765983600.0,,657.8702778816223,,,,,0,0,0.99,0.98,ONE_LEG_INVENTORY,,,,,,,,,,,,,,0,5,,,,,,,,,,,,,,,,,,,,"RECONSTRUCT_BLOCKED: OVERPAY_LIMIT (Op:0.2250 > L:0.0020, Cost:$1.13)",,,,,,,,10.0,5.0,,,,,0,0,,,Inv: 10.0/5.0 CapLeft: 35.0,,,10.0,5.0,15.0,35.0,50.0,0.0,50.0,0.98,0.020000000000000018,5.0,0.4950000000000001,0.73,0.2250000000000001,5.0,1.1250000000000004,0.002,OVERPAY_LIMIT
1765982942.129722,btc-updown-15m-1765982700,1765982700.0,1765983600.0,,657.8702778816223,,,,,0,0,0.99,0.98,ONE_LEG_INVENTORY,,,,,,,,,,,,,,0,5,,,,,,,,,,,,,,,,,,,,"RECONSTRUCT_BLOCKED: OVERPAY_LIMIT (Op:0.2250 > L:0.0020, Cost:$1.13)",,,,,,,,10.0,5.0,,,,,0,0,,,Inv: 10.0/5.0 CapLeft: 35.0,,,10.0,5.0,15.0,35.0,50.0,0.0,50.0,0.98,0.020000000000000018,5.0,0.4950000000000001,0.73,0.2250000000000001,5.0,1.1250000000000004,0.002,OVERPAY_LIMIT
1765982944.08751,btc-updown-15m-1765982700,1765982700.0,1765983600.0,,655.9124898910522,,,,,0,0,0.99,0.98,ONE_LEG_INVENTORY,,,,,,,,,,,,,,0,5,,,,,,,,,,,,,,,,,,,,"RECONSTRUCT_BLOCKED: OVERPAY_LIMIT (Op:0.2350 > L:0.0020, Cost:$1.18)",,,,,,,,10.0,5.0,,,,,0,0,,,Inv: 10.0/5.0 CapLeft: 35.0,,,10.0,5.0,15.0,35.0,50.0,0.0,50.0,0.98,0.020000000000000018,5.0,0.4950000000000001,0.74,0.2350000000000001,5.0,1.1750000000000005,0.002,OVERPAY_LIMIT
1765982944.08751,btc-updown-15m-1765982700,1765982700.0,1765983600.0,,655.9124898910522,,,,,0,0,0.99,0.98,ONE_LEG_INVENTORY,,,,,,,,,,,,,,0,5,,,,,,,,,,,,,,,,,,,,"RECONSTRUCT_BLOCKED: OVERPAY_LIMIT (Op:0.2350 > L:0.0020, Cost:$1.18)",,,,,,,,10.0,5.0,,,,,0,0,,,Inv: 10.0/5.0 CapLeft: 35.0,,,10.0,5.0,15.0,35.0,50.0,0.0,50.0,0.98,0.020000000000000018,5.0,0.4950000000000001,0.74,0.2350000000000001,5.0,1.1750000000000005,0.002,OVERPAY_LIMIT
1765982946.04097,btc-updown-15m-1765982700,1765982700.0,1765983600.0,,653.9590299129486,,,,,0,0,0.99,0.98,ONE_LEG_INVENTORY,,,,,,,,,,,,,,0,5,,,,,,,,,,,,,,,,,,,,"RECONSTRUCT_BLOCKED: OVERPAY_LIMIT (Op:0.2550 > L:0.0020, Cost:$1.28)",,,,,,,,10.0,5.0,,,,,0,0,,,Inv: 10.0/5.0 CapLeft: 35.0,,,10.0,5.0,15.0,35.0,50.0,0.0,50.0,0.98,0.020000000000000018,5.0,0.4950000000000001,0.76,0.2550000000000001,5.0,1.2750000000000006,0.002,OVERPAY_LIMIT
1765982946.04097,btc-updown-15m-1765982700,1765982700.0,1765983600.0,,653.9590299129486,,,,,0,0,0.99,0.98,ONE_LEG_INVENTORY,,,,,,,,,,,,,,0,5,,,,,,,,,,,,,,,,,,,,"RECONSTRUCT_BLOCKED: OVERPAY_LIMIT (Op:0.2550 > L:0.0020, Cost:$1.28)",,,,,,,,10.0,5.0,,,,,0,0,,,Inv: 10.0/5.0 CapLeft: 35.0,,,10.0,5.0,15.0,35.0,50.0,0.0,50.0,0.98,0.020000000000000018,5.0,0.4950000000000001,0.76,0.2550000000000001,5.0,1.2750000000000006,0.002,OVERPAY_LIMIT
1765982948.1359918,btc-updown-15m-1765982700,1765982700.0,1765983600.0,,651.8640081882477,,,,,0,0,0.99,0.98,ONE_LEG_INVENTORY,,,,,,,,,,,,,,0,5,,,,,,,,,,,,,,,,,,,,"RECONSTRUCT_BLOCKED: OVERPAY_LIMIT (Op:0.2750 > L:0.0020, Cost:$1.38)",,,,,,,,10.0,5.0,,,,,0,0,,,Inv: 10.0/5.0 CapLeft: 35.0,,,10.0,5.0,15.0,35.0,50.0,0.0,50.0,0.98,0.020000000000000018,5.0,0.4950000000000001,0.78,0.27500000000000013,5.0,1.3750000000000007,0.002,OVERPAY_LIMIT
1765982948.1359918,btc-updown-15m-1765982700,1765982700.0,1765983600.0,,651.8640081882477,,,,,0,0,0.99,0.98,ONE_LEG_INVENTORY,,,,,,,,,,,,,,0,5,,,,,,,,,,,,,,,,,,,,"RECONSTRUCT_BLOCKED: OVERPAY_LIMIT (Op:0.2750 > L:0.0020, Cost:$1.38)",,,,,,,,10.0,5.0,,,,,0,0,,,Inv: 10.0/5.0 CapLeft: 35.0,,,10.0,5.0,15.0,35.0,50.0,0.0,50.0,0.98,0.020000000000000018,5.0,0.4950000000000001,0.78,0.27500000000000013,5.0,1.3750000000000007,0.002,OVERPAY_LIMIT
1765982950.1566513,btc-updown-15m-1765982700,1765982700.0,1765983600.0,,649.8433487415314,,,,,0,0,0.99,0.98,ONE_LEG_INVENTORY,,,,,,,,,,,,,,0,5,,,,,,,,,,,,,,,,,,,,"RECONSTRUCT_BLOCKED: OVERPAY_LIMIT (Op:0.2950 > L:0.0020, Cost:$1.48)",,,,,,,,10.0,5.0,,,,,0,0,,,Inv: 10.0/5.0 CapLeft: 35.0,,,10.0,5.0,15.0,35.0,50.0,0.0,50.0,0.98,0.020000000000000018,5.0,0.4950000000000001,0.8,0.29500000000000015,5.0,1.4750000000000008,0.002,OVERPAY_LIMIT
1765982950.1566513,btc-updown-15m-1765982700,1765982700.0,1765983600.0,,649.8433487415314,,,,,0,0,0.99,0.98,ONE_LEG_INVENTORY,,,,,,,,,,,,,,0,5,,,,,,,,,,,,,,,,,,,,"RECONSTRUCT_BLOCKED: OVERPAY_LIMIT (Op:0.2950 > L:0.0020, Cost:$1.48)",,,,,,,,10.0,5.0,,,,,0,0,,,Inv: 10.0/5.0 CapLeft: 35.0,,,10.0,5.0,15.0,35.0,50.0,0.0,50.0,0.98,0.020000000000000018,5.0,0.4950000000000001,0.8,0.29500000000000015,5.0,1.4750000000000008,0.002,OVERPAY_LIMIT
1765982952.1258957,btc-updown-15m-1765982700,1765982700.0,1765983600.0,,647.8741042613983,,,,,0,0,0.99,0.98,ONE_LEG_INVENTORY,,,,,,,,,,,,,,0,5,,,,,,,,,,,,,,,,,,,,"RECONSTRUCT_BLOCKED: OVERPAY_LIMIT (Op:0.1450 > L:0.0020, Cost:$0.73)",,,,,,,,10.0,5.0,,,,,0,0,,,Inv: 10.0/5.0 CapLeft: 35.0,,,10.0,5.0,15.0,35.0,50.0,0.0,50.0,0.98,0.020000000000000018,5.0,0.4950000000000001,0.65,0.14500000000000002,5.0,0.7250000000000001,0.002,OVERPAY_LIMIT
1765982952.1258957,btc-updown-15m-1765982700,1765982700.0,1765983600.0,,647.8741042613983,,,,,0,0,0.99,0.98,ONE_LEG_INVENTORY,,,,,,,,,,,,,,0,5,,,,,,,,,,,,,,,,,,,,"RECONSTRUCT_BLOCKED: OVERPAY_LIMIT (Op:0.1450 > L:0.0020, Cost:$0.73)",,,,,,,,10.0,5.0,,,,,0,0,,,Inv: 10.0/5.0 CapLeft: 35.0,,,10.0,5.0,15.0,35.0,50.0,0.0,50.0,0.98,0.020000000000000018,5.0,0.4950000000000001,0.65,0.14500000000000002,5.0,0.7250000000000001,0.002,OVERPAY_LIMIT
1765982954.0641403,btc-updown-15m-1765982700,1765982700.0,1765983600.0,,645.9358596801758,,,,,0,0,1.0,0.98,ONE_LEG_INVENTORY,,,,,,,,,,,,,,0,5,,,,,,,,,,,,,,,,,,,,"RECONSTRUCT_BLOCKED: OVERPAY_LIMIT (Op:0.1850 > L:0.0020, Cost:$0.93)",,,,,,,,10.0,5.0,,,,,0,0,,,Inv: 10.0/5.0 CapLeft: 35.0,,,10.0,5.0,15.0,35.0,50.0,0.0,50.0,0.98,0.020000000000000018,5.0,0.4950000000000001,0.69,0.18500000000000005,5.0,0.9250000000000003,0.002,OVERPAY_LIMIT
1765982954.0641403,btc-updown-15m-1765982700,1765982700.0,1765983600.0,,645.9358596801758,,,,,0,0,1.0,0.98,ONE_LEG_INVENTORY,,,,,,,,,,,,,,0,5,,,,,,,,,,,,,,,,,,,,"RECONSTRUCT_BLOCKED: OVERPAY_LIMIT (Op:0.1850 > L:0.0020, Cost:$0.93)",,,,,,,,10.0,5.0,,,,,0,0,,,Inv: 10.0/5.0 CapLeft: 35.0,,,10.0,5.0,15.0,35.0,50.0,0.0,50.0,0.98,0.020000000000000018,5.0,0.4950000000000001,0.69,0.18500000000000005,5.0,0.9250000000000003,0.002,OVERPAY_LIMIT
1765982956.1341357,btc-updown-15m-1765982700,1765982700.0,1765983600.0,,643.865864276886,,,,,0,0,0.99,0.98,ONE_LEG_INVENTORY,,,,,,,,,,,,,,0,5,,,,,,,,,,,,,,,,,,,,"RECONSTRUCT_BLOCKED: OVERPAY_LIMIT (Op:0.1950 > L:0.0020, Cost:$0.98)",,,,,,,,10.0,5.0,,,,,0,0,,,Inv: 10.0/5.0 CapLeft: 35.0,,,10.0,5.0,15.0,35.0,50.0,0.0,50.0,0.98,0.020000000000000018,5.0,0.4950000000000001,0.7,0.19500000000000006,5.0,0.9750000000000003,0.002,OVERPAY_LIMIT
1765982956.1341357,btc-updown-15m-1765982700,1765982700.0,1765983600.0,,643.865864276886,,,,,0,0,0.99,0.98,ONE_LEG_INVENTORY,,,,,,,,,,,,,,0,5,,,,,,,,,,,,,,,,,,,,"RECONSTRUCT_BLOCKED: OVERPAY_LIMIT (Op:0.1950 > L:0.0020, Cost:$0.98)",,,,,,,,10.0,5.0,,,,,0,0,,,Inv: 10.0/5.0 CapLeft: 35.0,,,10.0,5.0,15.0,35.0,50.0,0.0,50.0,0.98,0.020000000000000018,5.0,0.4950000000000001,0.7,0.19500000000000006,5.0,0.9750000000000003,0.002,OVERPAY_LIMIT
1765982958.0812137,btc-updown-15m-1765982700,1765982700.0,1765983600.0,,641.9187862873077,,,,,0,0,0.99,0.98,ONE_LEG_INVENTORY,,,,,,,,,,,,,,0,5,,,,,,,,,,,,,,,,,,,,"RECONSTRUCT_BLOCKED: OVERPAY_LIMIT (Op:0.1750 > L:0.0020, Cost:$0.88)",,,,,,,,10.0,5.0,,,,,0,0,,,Inv: 10.0/5.0 CapLeft: 35.0,,,10.0,5.0,15.0,35.0,50.0,0.0,50.0,0.98,0.020000000000000018,5.0,0.4950000000000001,0.68,0.17500000000000027,5.0,0.8750000000000013,0.002,OVERPAY_LIMIT
1765982958.0812137,btc-updown-15m-1765982700,1765982700.0,1765983600.0,,641.9187862873077,,,,,0,0,0.99,0.98,ONE_LEG_INVENTORY,,,,,,,,,,,,,,0,5,,,,,,,,,,,,,,,,,,,,"RECONSTRUCT_BLOCKED: OVERPAY_LIMIT (Op:0.1750 > L:0.0020, Cost:$0.88)",,,,,,,,10.0,5.0,,,,,0,0,,,Inv: 10.0/5.0 CapLeft: 35.0,,,10.0,5.0,15.0,35.0,50.0,0.0,50.0,0.98,0.020000000000000018,5.0,0.4950000000000001,0.68,0.17500000000000027,5.0,0.8750000000000013,0.002,OVERPAY_LIMIT
1765982960.0142295,btc-updown-15m-1765982700,1765982700.0,1765983600.0,,639.9857704639435,,,,,0,0,0.99,0.98,ONE_LEG_INVENTORY,,,,,,,,,,,,,,0,5,,,,,,,,,,,,,,,,,,,,"RECONSTRUCT_BLOCKED: OVERPAY_LIMIT (Op:0.1050 > L:0.0020, Cost:$0.52)",,,,,,,,10.0,5.0,,,,,0,0,,,Inv: 10.0/5.0 CapLeft: 35.0,,,10.0,5.0,15.0,35.0,50.0,0.0,50.0,0.98,0.020000000000000018,5.0,0.4950000000000001,0.61,0.10499999999999998,5.0,0.5249999999999999,0.002,OVERPAY_LIMIT
1765982960.0142295,btc-updown-15m-1765982700,1765982700.0,1765983600.0,,639.9857704639435,,,,,0,0,0.99,0.98,ONE_LEG_INVENTORY,,,,,,,,,,,,,,0,5,,,,,,,,,,,,,,,,,,,,"RECONSTRUCT_BLOCKED: OVERPAY_LIMIT (Op:0.1050 > L:0.0020, Cost:$0.52)",,,,,,,,10.0,5.0,,,,,0,0,,,Inv: 10.0/5.0 CapLeft: 35.0,,,10.0,5.0,15.0,35.0,50.0,0.0,50.0,0.98,0.020000000000000018,5.0,0.4950000000000001,0.61,0.10499999999999998,5.0,0.5249999999999999,0.002,OVERPAY_LIMIT
1765982961.9923182,btc-updown-15m-1765982700,1765982700.0,1765983600.0,,638.0076818466187,,,,,0,0,0.97,0.98,ONE_LEG_INVENTORY,,,,,,,,,,,,,,0,5,,,,,,,,,,,,,,,,,,,,"RECONSTRUCT_BLOCKED: OVERPAY_LIMIT (Op:0.0950 > L:0.0020, Cost:$0.48)",,,,,,,,10.0,5.0,,,,,0,0,,,Inv: 10.0/5.0 CapLeft: 35.0,,,10.0,5.0,15.0,35.0,50.0,0.0,50.0,0.98,0.020000000000000018,5.0,0.4950000000000001,0.6,0.0950000000000002,5.0,0.475000000000001,0.002,OVERPAY_LIMIT
1765982961.9923182,btc-updown-15m-1765982700,1765982700.0,1765983600.0,,638.0076818466187,,,,,0,0,0.97,0.98,ONE_LEG_INVENTORY,,,,,,,,,,,,,,0,5,,,,,,,,,,,,,,,,,,,,"RECONSTRUCT_BLOCKED: OVERPAY_LIMIT (Op:0.0950 > L:0.0020, Cost:$0.48)",,,,,,,,10.0,5.0,,,,,0,0,,,Inv: 10.0/5.0 CapLeft: 35.0,,,10.0,5.0,15.0,35.0,50.0,0.0,50.0,0.98,0.020000000000000018,5.0,0.4950000000000001,0.6,0.0950000000000002,5.0,0.475000000000001,0.002,OVERPAY_LIMIT
1765982963.9872415,btc-updown-15m-1765982700,1765982700.0,1765983600.0,,636.0127584934235,,,,,0,0,0.99,0.98,ONE_LEG_INVENTORY,,,,,,,,,,,,,,0,5,,,,,,,,,,,,,,,,,,,,"RECONSTRUCT_BLOCKED: OVERPAY_LIMIT (Op:0.0850 > L:0.0020, Cost:$0.42)",,,,,,,,10.0,5.0,,,,,0,0,,,Inv: 10.0/5.0 CapLeft: 35.0,,,10.0,5.0,15.0,35.0,50.0,0.0,50.0,0.98,0.020000000000000018,5.0,0.4950000000000001,0.59,0.08499999999999996,5.0,0.4249999999999998,0.002,OVERPAY_LIMIT
1765982963.9872415,btc-updown-15m-1765982700,1765982700.0,1765983600.0,,636.0127584934235,,,,,0,0,0.99,0.98,ONE_LEG_INVENTORY,,,,,,,,,,,,,,0,5,,,,,,,,,,,,,,,,,,,,"RECONSTRUCT_BLOCKED: OVERPAY_LIMIT (Op:0.0850 > L:0.0020, Cost:$0.42)",,,,,,,,10.0,5.0,,,,,0,0,,,Inv: 10.0/5.0 CapLeft: 35.0,,,10.0,5.0,15.0,35.0,50.0,0.0,50.0,0.98,0.020000000000000018,5.0,0.4950000000000001,0.59,0.08499999999999996,5.0,0.4249999999999998,0.002,OVERPAY_LIMIT
1765982965.9957826,btc-updown-15m-1765982700,1765982700.0,1765983600.0,,634.0042173862457,,,,,0,0,0.99,0.98,ONE_LEG_INVENTORY,,,,,,,,,,,,,,0,5,,,,,,,,,,,,,,,,,,,,"RECONSTRUCT_BLOCKED: OVERPAY_LIMIT (Op:0.0950 > L:0.0020, Cost:$0.48)",,,,,,,,10.0,5.0,,,,,0,0,,,Inv: 10.0/5.0 CapLeft: 35.0,,,10.0,5.0,15.0,35.0,50.0,0.0,50.0,0.98,0.020000000000000018,5.0,0.4950000000000001,0.6,0.0950000000000002,5.0,0.475000000000001,0.002,OVERPAY_LIMIT
1765982965.9957826,btc-updown-15m-1765982700,1765982700.0,1765983600.0,,634.0042173862457,,,,,0,0,0.99,0.98,ONE_LEG_INVENTORY,,,,,,,,,,,,,,0,5,,,,,,,,,,,,,,,,,,,,"RECONSTRUCT_BLOCKED: OVERPAY_LIMIT (Op:0.0950 > L:0.0020, Cost:$0.48)",,,,,,,,10.0,5.0,,,,,0,0,,,Inv: 10.0/5.0 CapLeft: 35.0,,,10.0,5.0,15.0,35.0,50.0,0.0,50.0,0.98,0.020000000000000018,5.0,0.4950000000000001,0.6,0.0950000000000002,5.0,0.475000000000001,0.002,OVERPAY_LIMIT
1765982967.9310386,btc-updown-15m-1765982700,1765982700.0,1765983600.0,,632.0689613819122,,,,,0,0,0.99,0.98,ONE_LEG_INVENTORY,,,,,,,,,,,,,,0,5,,,,,,,,,,,,,,,,,,,,"RECONSTRUCT_BLOCKED: OVERPAY_LIMIT (Op:0.1050 > L:0.0020, Cost:$0.52)",,,,,,,,10.0,5.0,,,,,0,0,,,Inv: 10.0/5.0 CapLeft: 35.0,,,10.0,5.0,15.0,35.0,50.0,0.0,50.0,0.98,0.020000000000000018,5.0,0.4950000000000001,0.61,0.10499999999999998,5.0,0.5249999999999999,0.002,OVERPAY_LIMIT
1765982967.9310386,btc-updown-15m-1765982700,1765982700.0,1765983600.0,,632.0689613819122,,,,,0,0,0.99,0.98,ONE_LEG_INVENTORY,,,,,,,,,,,,,,0,5,,,,,,,,,,,,,,,,,,,,"RECONSTRUCT_BLOCKED: OVERPAY_LIMIT (Op:0.1050 > L:0.0020, Cost:$0.52)",,,,,,,,10.0,5.0,,,,,0,0,,,Inv: 10.0/5.0 CapLeft: 35.0,,,10.0,5.0,15.0,35.0,50.0,0.0,50.0,0.98,0.020000000000000018,5.0,0.4950000000000001,0.61,0.10499999999999998,5.0,0.5249999999999999,0.002,OVERPAY_LIMIT
1765982969.8643823,btc-updown-15m-1765982700,1765982700.0,1765983600.0,,630.1356177330017,,,,,0,0,0.99,0.98,ONE_LEG_INVENTORY,,,,,,,,,,,,,,0,5,,,,,,,,,,,,,,,,,,,,"RECONSTRUCT_BLOCKED: OVERPAY_LIMIT (Op:0.0650 > L:0.0020, Cost:$0.32)",,,,,,,,10.0,5.0,,,,,0,0,,,Inv: 10.0/5.0 CapLeft: 35.0,,,10.0,5.0,15.0,35.0,50.0,0.0,50.0,0.98,0.020000000000000018,5.0,0.4950000000000001,0.57,0.06499999999999995,5.0,0.32499999999999973,0.002,OVERPAY_LIMIT
1765982969.8643823,btc-updown-15m-1765982700,1765982700.0,1765983600.0,,630.1356177330017,,,,,0,0,0.99,0.98,ONE_LEG_INVENTORY,,,,,,,,,,,,,,0,5,,,,,,,,,,,,,,,,,,,,"RECONSTRUCT_BLOCKED: OVERPAY_LIMIT (Op:0.0650 > L:0.0020, Cost:$0.32)",,,,,,,,10.0,5.0,,,,,0,0,,,Inv: 10.0/5.0 CapLeft: 35.0,,,10.0,5.0,15.0,35.0,50.0,0.0,50.0,0.98,0.020000000000000018,5.0,0.4950000000000001,0.57,0.06499999999999995,5.0,0.32499999999999973,0.002,OVERPAY_LIMIT
1765982971.8438742,btc-updown-15m-1765982700,1765982700.0,1765983600.0,,628.1561257839203,,,,,0,0,0.99,0.98,ONE_LEG_INVENTORY,,,,,,,,,,,,,,0,5,,,,,,,,,,,,,,,,,,,,"RECONSTRUCT_BLOCKED: OVERPAY_LIMIT (Op:0.0950 > L:0.0020, Cost:$0.48)",,,,,,,,10.0,5.0,,,,,0,0,,,Inv: 10.0/5.0 CapLeft: 35.0,,,10.0,5.0,15.0,35.0,50.0,0.0,50.0,0.98,0.020000000000000018,5.0,0.4950000000000001,0.6,0.0950000000000002,5.0,0.475000000000001,0.002,OVERPAY_LIMIT
1765982971.8438742,btc-updown-15m-1765982700,1765982700.0,1765983600.0,,628.1561257839203,,,,,0,0,0.99,0.98,ONE_LEG_INVENTORY,,,,,,,,,,,,,,0,5,,,,,,,,,,,,,,,,,,,,"RECONSTRUCT_BLOCKED: OVERPAY_LIMIT (Op:0.0950 > L:0.0020, Cost:$0.48)",,,,,,,,10.0,5.0,,,,,0,0,,,Inv: 10.0/5.0 CapLeft: 35.0,,,10.0,5.0,15.0,35.0,50.0,0.0,50.0,0.98,0.020000000000000018,5.0,0.4950000000000001,0.6,0.0950000000000002,5.0,0.475000000000001,0.002,OVERPAY_LIMIT
1765982973.783356,btc-updown-15m-1765982700,1765982700.0,1765983600.0,,626.2166440486908,,,,,0,0,0.99,0.98,ONE_LEG_INVENTORY,,,,,,,,,,,,,,0,5,,,,,,,,,,,,,,,,,,,,"RECONSTRUCT_BLOCKED: OVERPAY_LIMIT (Op:0.1250 > L:0.0020, Cost:$0.62)",,,,,,,,10.0,5.0,,,,,0,0,,,Inv: 10.0/5.0 CapLeft: 35.0,,,10.0,5.0,15.0,35.0,50.0,0.0,50.0,0.98,0.020000000000000018,5.0,0.4950000000000001,0.63,0.125,5.0,0.625,0.002,OVERPAY_LIMIT
1765982973.783356,btc-updown-15m-1765982700,1765982700.0,1765983600.0,,626.2166440486908,,,,,0,0,0.99,0.98,ONE_LEG_INVENTORY,,,,,,,,,,,,,,0,5,,,,,,,,,,,,,,,,,,,,"RECONSTRUCT_BLOCKED: OVERPAY_LIMIT (Op:0.1250 > L:0.0020, Cost:$0.62)",,,,,,,,10.0,5.0,,,,,0,0,,,Inv: 10.0/5.0 CapLeft: 35.0,,,10.0,5.0,15.0,35.0,50.0,0.0,50.0,0.98,0.020000000000000018,5.0,0.4950000000000001,0.63,0.125,5.0,0.625,0.002,OVERPAY_LIMIT
1765982975.7262447,btc-updown-15m-1765982700,1765982700.0,1765983600.0,,624.2737553119659,,,,,0,0,0.99,0.98,ONE_LEG_INVENTORY,,,,,,,,,,,,,,0,5,,,,,,,,,,,,,,,,,,,,"RECONSTRUCT_BLOCKED: OVERPAY_LIMIT (Op:0.1150 > L:0.0020, Cost:$0.58)",,,,,,,,10.0,5.0,,,,,0,0,,,Inv: 10.0/5.0 CapLeft: 35.0,,,10.0,5.0,15.0,35.0,50.0,0.0,50.0,0.98,0.020000000000000018,5.0,0.4950000000000001,0.62,0.11500000000000021,5.0,0.5750000000000011,0.002,OVERPAY_LIMIT
1765982975.7262447,btc-updown-15m-1765982700,1765982700.0,1765983600.0,,624.2737553119659,,,,,0,0,0.99,0.98,ONE_LEG_INVENTORY,,,,,,,,,,,,,,0,5,,,,,,,,,,,,,,,,,,,,"RECONSTRUCT_BLOCKED: OVERPAY_LIMIT (Op:0.1150 > L:0.0020, Cost:$0.58)",,,,,,,,10.0,5.0,,,,,0,0,,,Inv: 10.0/5.0 CapLeft: 35.0,,,10.0,5.0,15.0,35.0,50.0,0.0,50.0,0.98,0.020000000000000018,5.0,0.4950000000000001,0.62,0.11500000000000021,5.0,0.5750000000000011,0.002,OVERPAY_LIMIT
1765982977.7154698,btc-updown-15m-1765982700,1765982700.0,1765983600.0,,622.2845301628113,,,,,0,0,0.99,0.98,ONE_LEG_INVENTORY,,,,,,,,,,,,,,0,5,,,,,,,,,,,,,,,,,,,,"RECONSTRUCT_BLOCKED: OVERPAY_LIMIT (Op:0.1350 > L:0.0020, Cost:$0.68)",,,,,,,,10.0,5.0,,,,,0,0,,,Inv: 10.0/5.0 CapLeft: 35.0,,,10.0,5.0,15.0,35.0,50.0,0.0,50.0,0.98,0.020000000000000018,5.0,0.4950000000000001,0.64,0.13500000000000023,5.0,0.6750000000000012,0.002,OVERPAY_LIMIT
1765982977.7154698,btc-updown-15m-1765982700,1765982700.0,1765983600.0,,622.2845301628113,,,,,0,0,0.99,0.98,ONE_LEG_INVENTORY,,,,,,,,,,,,,,0,5,,,,,,,,,,,,,,,,,,,,"RECONSTRUCT_BLOCKED: OVERPAY_LIMIT (Op:0.1350 > L:0.0020, Cost:$0.68)",,,,,,,,10.0,5.0,,,,,0,0,,,Inv: 10.0/5.0 CapLeft: 35.0,,,10.0,5.0,15.0,35.0,50.0,0.0,50.0,0.98,0.020000000000000018,5.0,0.4950000000000001,0.64,0.13500000000000023,5.0,0.6750000000000012,0.002,OVERPAY_LIMIT
1765982979.665206,btc-updown-15m-1765982700,1765982700.0,1765983600.0,,620.3347940444946,,,,,0,0,0.99,0.98,ONE_LEG_INVENTORY,,,,,,,,,,,,,,0,5,,,,,,,,,,,,,,,,,,,,"RECONSTRUCT_BLOCKED: OVERPAY_LIMIT (Op:0.1050 > L:0.0020, Cost:$0.52)",,,,,,,,10.0,5.0,,,,,0,0,,,Inv: 10.0/5.0 CapLeft: 35.0,,,10.0,5.0,15.0,35.0,50.0,0.0,50.0,0.98,0.020000000000000018,5.0,0.4950000000000001,0.61,0.10499999999999998,5.0,0.5249999999999999,0.002,OVERPAY_LIMIT
1765982979.665206,btc-updown-15m-1765982700,1765982700.0,1765983600.0,,620.3347940444946,,,,,0,0,0.99,0.98,ONE_LEG_INVENTORY,,,,,,,,,,,,,,0,5,,,,,,,,,,,,,,,,,,,,"RECONSTRUCT_BLOCKED: OVERPAY_LIMIT (Op:0.1050 > L:0.0020, Cost:$0.52)",,,,,,,,10.0,5.0,,,,,0,0,,,Inv: 10.0/5.0 CapLeft: 35.0,,,10.0,5.0,15.0,35.0,50.0,0.0,50.0,0.98,0.020000000000000018,5.0,0.4950000000000001,0.61,0.10499999999999998,5.0,0.5249999999999999,0.002,OVERPAY_LIMIT
1765982981.6154113,btc-updown-15m-1765982700,1765982700.0,1765983600.0,,618.3845887184143,,,,,0,0,0.99,0.98,ONE_LEG_INVENTORY,,,,,,,,,,,,,,0,5,,,,,,,,,,,,,,,,,,,,"RECONSTRUCT_BLOCKED: OVERPAY_LIMIT (Op:0.1350 > L:0.0020, Cost:$0.68)",,,,,,,,10.0,5.0,,,,,0,0,,,Inv: 10.0/5.0 CapLeft: 35.0,,,10.0,5.0,15.0,35.0,50.0,0.0,50.0,0.98,0.020000000000000018,5.0,0.4950000000000001,0.64,0.13500000000000023,5.0,0.6750000000000012,0.002,OVERPAY_LIMIT
1765982981.6154113,btc-updown-15m-1765982700,1765982700.0,1765983600.0,,618.3845887184143,,,,,0,0,0.99,0.98,ONE_LEG_INVENTORY,,,,,,,,,,,,,,0,5,,,,,,,,,,,,,,,,,,,,"RECONSTRUCT_BLOCKED: OVERPAY_LIMIT (Op:0.1350 > L:0.0020, Cost:$0.68)",,,,,,,,10.0,5.0,,,,,0,0,,,Inv: 10.0/5.0 CapLeft: 35.0,,,10.0,5.0,15.0,35.0,50.0,0.0,50.0,0.98,0.020000000000000018,5.0,0.4950000000000001,0.64,0.13500000000000023,5.0,0.6750000000000012,0.002,OVERPAY_LIMIT
1765982983.5909586,btc-updown-15m-1765982700,1765982700.0,1765983600.0,,616.4090414047241,,,,,0,0,0.99,0.98,ONE_LEG_INVENTORY,,,,,,,,,,,,,,0,5,,,,,,,,,,,,,,,,,,,,"RECONSTRUCT_BLOCKED: OVERPAY_LIMIT (Op:0.1050 > L:0.0020, Cost:$0.52)",,,,,,,,10.0,5.0,,,,,0,0,,,Inv: 10.0/5.0 CapLeft: 35.0,,,10.0,5.0,15.0,35.0,50.0,0.0,50.0,0.98,0.020000000000000018,5.0,0.4950000000000001,0.61,0.10499999999999998,5.0,0.5249999999999999,0.002,OVERPAY_LIMIT
1765982983.5909586,btc-updown-15m-1765982700,1765982700.0,1765983600.0,,616.4090414047241,,,,,0,0,0.99,0.98,ONE_LEG_INVENTORY,,,,,,,,,,,,,,0,5,,,,,,,,,,,,,,,,,,,,"RECONSTRUCT_BLOCKED: OVERPAY_LIMIT (Op:0.1050 > L:0.0020, Cost:$0.52)",,,,,,,,10.0,5.0,,,,,0,0,,,Inv: 10.0/5.0 CapLeft: 35.0,,,10.0,5.0,15.0,35.0,50.0,0.0,50.0,0.98,0.020000000000000018,5.0,0.4950000000000001,0.61,0.10499999999999998,5.0,0.5249999999999999,0.002,OVERPAY_LIMIT
1765982985.5196679,btc-updown-15m-1765982700,1765982700.0,1765983600.0,,614.4803321361542,,,,,0,0,0.99,0.98,ONE_LEG_INVENTORY,,,,,,,,,,,,,,0,5,,,,,,,,,,,,,,,,,,,,"RECONSTRUCT_BLOCKED: OVERPAY_LIMIT (Op:0.1150 > L:0.0020, Cost:$0.58)",,,,,,,,10.0,5.0,,,,,0,0,,,Inv: 10.0/5.0 CapLeft: 35.0,,,10.0,5.0,15.0,35.0,50.0,0.0,50.0,0.98,0.020000000000000018,5.0,0.4950000000000001,0.62,0.11500000000000021,5.0,0.5750000000000011,0.002,OVERPAY_LIMIT
1765982985.5196679,btc-updown-15m-1765982700,1765982700.0,1765983600.0,,614.4803321361542,,,,,0,0,0.99,0.98,ONE_LEG_INVENTORY,,,,,,,,,,,,,,0,5,,,,,,,,,,,,,,,,,,,,"RECONSTRUCT_BLOCKED: OVERPAY_LIMIT (Op:0.1150 > L:0.0020, Cost:$0.58)",,,,,,,,10.0,5.0,,,,,0,0,,,Inv: 10.0/5.0 CapLeft: 35.0,,,10.0,5.0,15.0,35.0,50.0,0.0,50.0,0.98,0.020000000000000018,5.0,0.4950000000000001,0.62,0.11500000000000021,5.0,0.5750000000000011,0.002,OVERPAY_LIMIT
1765982987.4815478,btc-updown-15m-1765982700,1765982700.0,1765983600.0,,612.518452167511,,,,,0,0,0.99,0.98,ONE_LEG_INVENTORY,,,,,,,,,,,,,,0,5,,,,,,,,,,,,,,,,,,,,"RECONSTRUCT_BLOCKED: OVERPAY_LIMIT (Op:0.1150 > L:0.0020, Cost:$0.58)",,,,,,,,10.0,5.0,,,,,0,0,,,Inv: 10.0/5.0 CapLeft: 35.0,,,10.0,5.0,15.0,35.0,50.0,0.0,50.0,0.98,0.020000000000000018,5.0,0.4950000000000001,0.62,0.11500000000000021,5.0,0.5750000000000011,0.002,OVERPAY_LIMIT
1765982987.4815478,btc-updown-15m-1765982700,1765982700.0,1765983600.0,,612.518452167511,,,,,0,0,0.99,0.98,ONE_LEG_INVENTORY,,,,,,,,,,,,,,0,5,,,,,,,,,,,,,,,,,,,,"RECONSTRUCT_BLOCKED: OVERPAY_LIMIT (Op:0.1150 > L:0.0020, Cost:$0.58)",,,,,,,,10.0,5.0,,,,,0,0,,,Inv: 10.0/5.0 CapLeft: 35.0,,,10.0,5.0,15.0,35.0,50.0,0.0,50.0,0.98,0.020000000000000018,5.0,0.4950000000000001,0.62,0.11500000000000021,5.0,0.5750000000000011,0.002,OVERPAY_LIMIT
1765982989.4847386,btc-updown-15m-1765982700,1765982700.0,1765983600.0,,610.5152614116669,,,,,0,0,0.99,0.98,ONE_LEG_INVENTORY,,,,,,,,,,,,,,0,5,,,,,,,,,,,,,,,,,,,,"RECONSTRUCT_BLOCKED: OVERPAY_LIMIT (Op:0.1050 > L:0.0020, Cost:$0.52)",,,,,,,,10.0,5.0,,,,,0,0,,,Inv: 10.0/5.0 CapLeft: 35.0,,,10.0,5.0,15.0,35.0,50.0,0.0,50.0,0.98,0.020000000000000018,5.0,0.4950000000000001,0.61,0.10499999999999998,5.0,0.5249999999999999,0.002,OVERPAY_LIMIT
1765982989.4847386,btc-updown-15m-1765982700,1765982700.0,1765983600.0,,610.5152614116669,,,,,0,0,0.99,0.98,ONE_LEG_INVENTORY,,,,,,,,,,,,,,0,5,,,,,,,,,,,,,,,,,,,,"RECONSTRUCT_BLOCKED: OVERPAY_LIMIT (Op:0.1050 > L:0.0020, Cost:$0.52)",,,,,,,,10.0,5.0,,,,,0,0,,,Inv: 10.0/5.0 CapLeft: 35.0,,,10.0,5.0,15.0,35.0,50.0,0.0,50.0,0.98,0.020000000000000018,5.0,0.4950000000000001,0.61,0.10499999999999998,5.0,0.5249999999999999,0.002,OVERPAY_LIMIT
1765982991.4278064,btc-updown-15m-1765982700,1765982700.0,1765983600.0,,608.5721936225891,,,,,0,0,0.98,0.98,ONE_LEG_INVENTORY,,,,,,,,,,,,,,0,5,,,,,,,,,,,,,,,,,,,,"RECONSTRUCT_BLOCKED: OVERPAY_LIMIT (Op:0.0950 > L:0.0020, Cost:$0.48)",,,,,,,,10.0,5.0,,,,,0,0,,,Inv: 10.0/5.0 CapLeft: 35.0,,,10.0,5.0,15.0,35.0,50.0,0.0,50.0,0.98,0.020000000000000018,5.0,0.4950000000000001,0.6,0.0950000000000002,5.0,0.475000000000001,0.002,OVERPAY_LIMIT
1765982991.4278064,btc-updown-15m-1765982700,1765982700.0,1765983600.0,,608.5721936225891,,,,,0,0,0.98,0.98,ONE_LEG_INVENTORY,,,,,,,,,,,,,,0,5,,,,,,,,,,,,,,,,,,,,"RECONSTRUCT_BLOCKED: OVERPAY_LIMIT (Op:0.0950 > L:0.0020, Cost:$0.48)",,,,,,,,10.0,5.0,,,,,0,0,,,Inv: 10.0/5.0 CapLeft: 35.0,,,10.0,5.0,15.0,35.0,50.0,0.0,50.0,0.98,0.020000000000000018,5.0,0.4950000000000001,0.6,0.0950000000000002,5.0,0.475000000000001,0.002,OVERPAY_LIMIT
1765982993.3684666,btc-updown-15m-1765982700,1765982700.0,1765983600.0,,606.6315333843231,,,,,0,0,0.99,0.98,ONE_LEG_INVENTORY,,,,,,,,,,,,,,0,5,,,,,,,,,,,,,,,,,,,,"RECONSTRUCT_BLOCKED: OVERPAY_LIMIT (Op:0.0950 > L:0.0020, Cost:$0.48)",,,,,,,,10.0,5.0,,,,,0,0,,,Inv: 10.0/5.0 CapLeft: 35.0,,,10.0,5.0,15.0,35.0,50.0,0.0,50.0,0.98,0.020000000000000018,5.0,0.4950000000000001,0.6,0.0950000000000002,5.0,0.475000000000001,0.002,OVERPAY_LIMIT
1765982993.3684666,btc-updown-15m-1765982700,1765982700.0,1765983600.0,,606.6315333843231,,,,,0,0,0.99,0.98,ONE_LEG_INVENTORY,,,,,,,,,,,,,,0,5,,,,,,,,,,,,,,,,,,,,"RECONSTRUCT_BLOCKED: OVERPAY_LIMIT (Op:0.0950 > L:0.0020, Cost:$0.48)",,,,,,,,10.0,5.0,,,,,0,0,,,Inv: 10.0/5.0 CapLeft: 35.0,,,10.0,5.0,15.0,35.0,50.0,0.0,50.0,0.98,0.020000000000000018,5.0,0.4950000000000001,0.6,0.0950000000000002,5.0,0.475000000000001,0.002,OVERPAY_LIMIT
1765982995.432796,btc-updown-15m-1765982700,1765982700.0,1765983600.0,,604.5672039985657,,,,,0,0,0.99,0.98,ONE_LEG_INVENTORY,,,,,,,,,,,,,,0,5,,,,,,,,,,,,,,,,,,,,"RECONSTRUCT_BLOCKED: OVERPAY_LIMIT (Op:0.0850 > L:0.0020, Cost:$0.42)",,,,,,,,10.0,5.0,,,,,0,0,,,Inv: 10.0/5.0 CapLeft: 35.0,,,10.0,5.0,15.0,35.0,50.0,0.0,50.0,0.98,0.020000000000000018,5.0,0.4950000000000001,0.59,0.08499999999999996,5.0,0.4249999999999998,0.002,OVERPAY_LIMIT
1765982995.432796,btc-updown-15m-1765982700,1765982700.0,1765983600.0,,604.5672039985657,,,,,0,0,0.99,0.98,ONE_LEG_INVENTORY,,,,,,,,,,,,,,0,5,,,,,,,,,,,,,,,,,,,,"RECONSTRUCT_BLOCKED: OVERPAY_LIMIT (Op:0.0850 > L:0.0020, Cost:$0.42)",,,,,,,,10.0,5.0,,,,,0,0,,,Inv: 10.0/5.0 CapLeft: 35.0,,,10.0,5.0,15.0,35.0,50.0,0.0,50.0,0.98,0.020000000000000018,5.0,0.4950000000000001,0.59,0.08499999999999996,5.0,0.4249999999999998,0.002,OVERPAY_LIMIT
1765982997.3661313,btc-updown-15m-1765982700,1765982700.0,1765983600.0,,602.6338686943054,,,,,0,0,0.99,0.98,ONE_LEG_INVENTORY,,,,,,,,,,,,,,0,5,,,,,,,,,,,,,,,,,,,,"RECONSTRUCT_BLOCKED: OVERPAY_LIMIT (Op:0.0850 > L:0.0020, Cost:$0.42)",,,,,,,,10.0,5.0,,,,,0,0,,,Inv: 10.0/5.0 CapLeft: 35.0,,,10.0,5.0,15.0,35.0,50.0,0.0,50.0,0.98,0.020000000000000018,5.0,0.4950000000000001,0.59,0.08499999999999996,5.0,0.4249999999999998,0.002,OVERPAY_LIMIT
1765982997.3661313,btc-updown-15m-1765982700,1765982700.0,1765983600.0,,602.6338686943054,,,,,0,0,0.99,0.98,ONE_LEG_INVENTORY,,,,,,,,,,,,,,0,5,,,,,,,,,,,,,,,,,,,,"RECONSTRUCT_BLOCKED: OVERPAY_LIMIT (Op:0.0850 > L:0.0020, Cost:$0.42)",,,,,,,,10.0,5.0,,,,,0,0,,,Inv: 10.0/5.0 CapLeft: 35.0,,,10.0,5.0,15.0,35.0,50.0,0.0,50.0,0.98,0.020000000000000018,5.0,0.4950000000000001,0.59,0.08499999999999996,5.0,0.4249999999999998,0.002,OVERPAY_LIMIT
1765982999.3063464,btc-updown-15m-1765982700,1765982700.0,1765983600.0,,600.6936535835266,,,,,0,0,0.99,0.98,ONE_LEG_INVENTORY,,,,,,,,,,,,,,0,5,,,,,,,,,,,,,,,,,,,,"RECONSTRUCT_BLOCKED: OVERPAY_LIMIT (Op:0.0850 > L:0.0020, Cost:$0.42)",,,,,,,,10.0,5.0,,,,,0,0,,,Inv: 10.0/5.0 CapLeft: 35.0,,,10.0,5.0,15.0,35.0,50.0,0.0,50.0,0.98,0.020000000000000018,5.0,0.4950000000000001,0.59,0.08499999999999996,5.0,0.4249999999999998,0.002,OVERPAY_LIMIT
1765982999.3063464,btc-updown-15m-1765982700,1765982700.0,1765983600.0,,600.6936535835266,,,,,0,0,0.99,0.98,ONE_LEG_INVENTORY,,,,,,,,,,,,,,0,5,,,,,,,,,,,,,,,,,,,,"RECONSTRUCT_BLOCKED: OVERPAY_LIMIT (Op:0.0850 > L:0.0020, Cost:$0.42)",,,,,,,,10.0,5.0,,,,,0,0,,,Inv: 10.0/5.0 CapLeft: 35.0,,,10.0,5.0,15.0,35.0,50.0,0.0,50.0,0.98,0.020000000000000018,5.0,0.4950000000000001,0.59,0.08499999999999996,5.0,0.4249999999999998,0.002,OVERPAY_LIMIT
1765983001.257605,btc-updown-15m-1765982700,1765982700.0,1765983600.0,,598.7423949241638,,,,,0,0,0.97,0.98,ONE_LEG_INVENTORY,,,,,,,,,,,,,,0,5,,,,,,,,,,,,,,,,,,,,"RECONSTRUCT_BLOCKED: OVERPAY_LIMIT (Op:0.0150 > L:0.0020, Cost:$0.08)",,,,,,,,10.0,5.0,,,,,0,0,,,Inv: 10.0/5.0 CapLeft: 35.0,,,10.0,5.0,15.0,35.0,50.0,0.0,50.0,0.98,0.020000000000000018,5.0,0.4950000000000001,0.52,0.015000000000000124,5.0,0.07500000000000062,0.002,OVERPAY_LIMIT
1765983001.257605,btc-updown-15m-1765982700,1765982700.0,1765983600.0,,598.7423949241638,,,,,0,0,0.97,0.98,ONE_LEG_INVENTORY,,,,,,,,,,,,,,0,5,,,,,,,,,,,,,,,,,,,,"RECONSTRUCT_BLOCKED: OVERPAY_LIMIT (Op:0.0150 > L:0.0020, Cost:$0.08)",,,,,,,,10.0,5.0,,,,,0,0,,,Inv: 10.0/5.0 CapLeft: 35.0,,,10.0,5.0,15.0,35.0,50.0,0.0,50.0,0.98,0.020000000000000018,5.0,0.4950000000000001,0.52,0.015000000000000124,5.0,0.07500000000000062,0.002,OVERPAY_LIMIT
1765983003.2882078,btc-updown-15m-1765982700,1765982700.0,1765983600.0,,596.7117922306061,,,,,0,0,0.99,0.98,ONE_LEG_INVENTORY,,,,,,,,,,,,,,0,5,,,,,,,,,,,,,,,,,,,,"RECONSTRUCT_BLOCKED: OVERPAY_LIMIT (Op:0.0050 > L:0.0020, Cost:$0.03)",,,,,,,,10.0,5.0,,,,,0,0,,,Inv: 10.0/5.0 CapLeft: 35.0,,,10.0,5.0,15.0,35.0,50.0,0.0,50.0,0.98,0.020000000000000018,5.0,0.4950000000000001,0.51,0.0050000000000001155,5.0,0.025000000000000577,0.002,OVERPAY_LIMIT
1765983003.2882078,btc-updown-15m-1765982700,1765982700.0,1765983600.0,,596.7117922306061,,,,,0,0,0.99,0.98,ONE_LEG_INVENTORY,,,,,,,,,,,,,,0,5,,,,,,,,,,,,,,,,,,,,"RECONSTRUCT_BLOCKED: OVERPAY_LIMIT (Op:0.0050 > L:0.0020, Cost:$0.03)",,,,,,,,10.0,5.0,,,,,0,0,,,Inv: 10.0/5.0 CapLeft: 35.0,,,10.0,5.0,15.0,35.0,50.0,0.0,50.0,0.98,0.020000000000000018,5.0,0.4950000000000001,0.51,0.0050000000000001155,5.0,0.025000000000000577,0.002,OVERPAY_LIMIT
1765983005.308349,btc-updown-15m-1765982700,1765982700.0,1765983600.0,,594.6916511058807,,,,,0,0,0.99,0.98,ONE_LEG_INVENTORY,,,,,,,,,,,,,,0,5,,,,,,,,,,,,,,,,,,,,"RECONSTRUCT_BLOCKED: OVERPAY_LIMIT (Op:0.0450 > L:0.0020, Cost:$0.23)",,,,,,,,10.0,5.0,,,,,0,0,,,Inv: 10.0/5.0 CapLeft: 35.0,,,10.0,5.0,15.0,35.0,50.0,0.0,50.0,0.98,0.020000000000000018,5.0,0.4950000000000001,0.55,0.04500000000000015,5.0,0.22500000000000075,0.002,OVERPAY_LIMIT
1765983005.308349,btc-updown-15m-1765982700,1765982700.0,1765983600.0,,594.6916511058807,,,,,0,0,0.99,0.98,ONE_LEG_INVENTORY,,,,,,,,,,,,,,0,5,,,,,,,,,,,,,,,,,,,,"RECONSTRUCT_BLOCKED: OVERPAY_LIMIT (Op:0.0450 > L:0.0020, Cost:$0.23)",,,,,,,,10.0,5.0,,,,,0,0,,,Inv: 10.0/5.0 CapLeft: 35.0,,,10.0,5.0,15.0,35.0,50.0,0.0,50.0,0.98,0.020000000000000018,5.0,0.4950000000000001,0.55,0.04500000000000015,5.0,0.22500000000000075,0.002,OVERPAY_LIMIT
1765983007.3635435,btc-updown-15m-1765982700,1765982700.0,1765983600.0,,592.636456489563,,,,,0,0,0.99,0.98,ONE_LEG_INVENTORY,,,,,,,,,,,,,,0,5,,,,,,,,,,,,,,,,,,,,"RECONSTRUCT_BLOCKED: OVERPAY_LIMIT (Op:0.0350 > L:0.0020, Cost:$0.18)",,,,,,,,10.0,5.0,,,,,0,0,,,Inv: 10.0/5.0 CapLeft: 35.0,,,10.0,5.0,15.0,35.0,50.0,0.0,50.0,0.98,0.020000000000000018,5.0,0.4950000000000001,0.54,0.03500000000000014,5.0,0.1750000000000007,0.002,OVERPAY_LIMIT
1765983007.3635435,btc-updown-15m-1765982700,1765982700.0,1765983600.0,,592.636456489563,,,,,0,0,0.99,0.98,ONE_LEG_INVENTORY,,,,,,,,,,,,,,0,5,,,,,,,,,,,,,,,,,,,,"RECONSTRUCT_BLOCKED: OVERPAY_LIMIT (Op:0.0350 > L:0.0020, Cost:$0.18)",,,,,,,,10.0,5.0,,,,,0,0,,,Inv: 10.0/5.0 CapLeft: 35.0,,,10.0,5.0,15.0,35.0,50.0,0.0,50.0,0.98,0.020000000000000018,5.0,0.4950000000000001,0.54,0.03500000000000014,5.0,0.1750000000000007,0.002,OVERPAY_LIMIT
1765983009.3388186,btc-updown-15m-1765982700,1765982700.0,1765983600.0,,590.6611814498901,,,,,0,0,0.98,0.98,ONE_LEG_INVENTORY,,,,,,,,,,,,,,0,5,,,,,,,,,,,,,,,,,,,,"RECONSTRUCT_BLOCKED: OVERPAY_LIMIT (Op:0.0350 > L:0.0020, Cost:$0.18)",,,,,,,,10.0,5.0,,,,,0,0,,,Inv: 10.0/5.0 CapLeft: 35.0,,,10.0,5.0,15.0,35.0,50.0,0.0,50.0,0.98,0.020000000000000018,5.0,0.4950000000000001,0.54,0.03500000000000014,5.0,0.1750000000000007,0.002,OVERPAY_LIMIT
1765983009.3388186,btc-updown-15m-1765982700,1765982700.0,1765983600.0,,590.6611814498901,,,,,0,0,0.98,0.98,ONE_LEG_INVENTORY,,,,,,,,,,,,,,0,5,,,,,,,,,,,,,,,,,,,,"RECONSTRUCT_BLOCKED: OVERPAY_LIMIT (Op:0.0350 > L:0.0020, Cost:$0.18)",,,,,,,,10.0,5.0,,,,,0,0,,,Inv: 10.0/5.0 CapLeft: 35.0,,,10.0,5.0,15.0,35.0,50.0,0.0,50.0,0.98,0.020000000000000018,5.0,0.4950000000000001,0.54,0.03500000000000014,5.0,0.1750000000000007,0.002,OVERPAY_LIMIT
1765983011.2967107,btc-updown-15m-1765982700,1765982700.0,1765983600.0,,588.703289270401,,,,,0.52,0.48,1.0,0.98,ORDERS_OPEN,,,,,,,,,,,,,,5.0,5.0,,,,,,,,,,,,,,,,,,,,RECONSTRUCT_CHUNK: 0.0/5.0 (Op:-0.0250 B:$50.00),,,,,,,,10.0,5.0,,,,,0,0,,,Inv: 10.0/5.0 CapLeft: 35.0,,,10.0,5.0,15.0,35.0,50.0,0.0,50.0,0.98,0.020000000000000018,5.0,0.4950000000000001,0.48,-0.02499999999999991,5.0,0.0,0.002,OK
1765983013.787049,btc-updown-15m-1765982700,1765982700.0,1765983600.0,,586.2129509449005,,,,,0,0,0.99,0.98,IDLE,,,,,,,,,,,,,,0,5.0,,,,,,,,,,,,,,,,,,,,,,,,,,,,10.0,10.0,,,,,0,0,,,Inv: 10.0/10.0 CapLeft: 30.0,,,10.0,10.0,20.0,30.0,50.0,0.0,50.0,0.98,0.020000000000000018,5.0,0.4950000000000001,0.48,-0.02499999999999991,5.0,0.0,0.002,OK
1765983015.950362,btc-updown-15m-1765982700,1765982700.0,1765983600.0,,584.0496380329132,,,,,0,0,0.99,0.98,IDLE,,,,,,,,,,,,,,0,5.0,,,,,,,,,,,,,,,,,,,,Spread high 0.99 > 0.98,,,,,,,,10.0,10.0,,,,,0,0,,,Inv: 10.0/10.0 CapLeft: 30.0,,,10.0,10.0,20.0,30.0,50.0,0.0,50.0,0.98,0.020000000000000018,5.0,0.4950000000000001,0.48,-0.02499999999999991,5.0,0.0,0.002,OK
1765983017.9173002,btc-updown-15m-1765982700,1765982700.0,1765983600.0,,582.0826997756958,,,,,0,0,0.99,0.98,IDLE,,,,,,,,,,,,,,0,5.0,,,,,,,,,,,,,,,,,,,,Spread high 0.99 > 0.98,,,,,,,,10.0,10.0,,,,,0,0,,,Inv: 10.0/10.0 CapLeft: 30.0,,,10.0,10.0,20.0,30.0,50.0,0.0,50.0,0.98,0.020000000000000018,5.0,0.4950000000000001,0.48,-0.02499999999999991,5.0,0.0,0.002,OK
1765983019.8692756,btc-updown-15m-1765982700,1765982700.0,1765983600.0,,580.1307244300842,,,,,0,0,0.99,0.98,IDLE,,,,,,,,,,,,,,0,5.0,,,,,,,,,,,,,,,,,,,,Spread high 0.99 > 0.98,,,,,,,,10.0,10.0,,,,,0,0,,,Inv: 10.0/10.0 CapLeft: 30.0,,,10.0,10.0,20.0,30.0,50.0,0.0,50.0,0.98,0.020000000000000018,5.0,0.4950000000000001,0.48,-0.02499999999999991,5.0,0.0,0.002,OK
1765983021.8035135,btc-updown-15m-1765982700,1765982700.0,1765983600.0,,578.1964864730835,,,,,0.49,0.49,0.98,0.98,ORDERS_OPEN,,,,,,,,,,,,,,5,5,,,,,,,,,,,,,,,,,,,,Leg:BOTH UP:5 DOWN:5,,,,,,,,10.0,15.0,,,,,0,0,,,Inv: 10.0/15.0 CapLeft: 25.0,,,10.0,15.0,25.0,25.0,50.0,0.0,50.0,0.98,0.020000000000000018,5.0,0.4950000000000001,0.48,-0.02499999999999991,5.0,0.0,0.002,OK
1765983025.8739796,btc-updown-15m-1765982700,1765982700.0,1765983600.0,,574.1260204315186,,,,,0,0,0.99,0.98,ORDERS_OPEN,,,,,,,,,,,,,,0,5,,,,,,,,,,,,,,,,,,,,,,,,,,,,10.0,15.0,,,,,0,0,,,Inv: 10.0/15.0 CapLeft: 25.0,,,10.0,15.0,25.0,25.0,50.0,0.0,50.0,0.98,0.020000000000000018,5.0,0.4950000000000001,0.48,-0.02499999999999991,5.0,0.0,0.002,OK
1765983028.0415452,btc-updown-15m-1765982700,1765982700.0,1765983600.0,,571.9584548473358,,,,,0,0,0.98,0.98,ORDERS_OPEN,,,,,,,,,,,,,,0,5,,,,,,,,,,,,,,,,,,,,,,,,,,,,10.0,15.0,,,,,0,0,,,Inv: 10.0/15.0 CapLeft: 25.0,,,10.0,15.0,25.0,25.0,50.0,0.0,50.0,0.98,0.020000000000000018,5.0,0.4950000000000001,0.48,-0.02499999999999991,5.0,0.0,0.002,OK
1765983030.3326113,btc-updown-15m-1765982700,1765982700.0,1765983600.0,,569.667388677597,,,,,0,0,0.98,0.98,ORDERS_OPEN,,,,,,,,,,,,,,0,5,,,,,,,,,,,,,,,,,,,,,,,,,,,,10.0,15.0,,,,,0,0,,,Inv: 10.0/15.0 CapLeft: 25.0,,,10.0,15.0,25.0,25.0,50.0,0.0,50.0,0.98,0.020000000000000018,5.0,0.4950000000000001,0.48,-0.02499999999999991,5.0,0.0,0.002,OK
1765983032.5022874,btc-updown-15m-1765982700,1765982700.0,1765983600.0,,567.4977126121521,,,,,0,0,0.99,0.98,ORDERS_OPEN,,,,,,,,,,,,,,0,5,,,,,,,,,,,,,,,,,,,,,,,,,,,,10.0,15.0,,,,,0,0,,,Inv: 10.0/15.0 CapLeft: 25.0,,,10.0,15.0,25.0,25.0,50.0,0.0,50.0,0.98,0.020000000000000018,5.0,0.4950000000000001,0.48,-0.02499999999999991,5.0,0.0,0.002,OK
1765983034.712321,btc-updown-15m-1765982700,1765982700.0,1765983600.0,,565.2876789569855,,,,,0,0,0.99,0.98,ORDERS_OPEN,,,,,,,,,,,,,,0,5,,,,,,,,,,,,,,,,,,,,,,,,,,,,10.0,15.0,,,,,0,0,,,Inv: 10.0/15.0 CapLeft: 25.0,,,10.0,15.0,25.0,25.0,50.0,0.0,50.0,0.98,0.020000000000000018,5.0,0.4950000000000001,0.48,-0.02499999999999991,5.0,0.0,0.002,OK
1765983036.892746,btc-updown-15m-1765982700,1765982700.0,1765983600.0,,563.1072540283203,,,,,0,0,1.0,0.98,ORDERS_OPEN,,,,,,,,,,,,,,0,5,,,,,,,,,,,,,,,,,,,,,,,,,,,,10.0,15.0,,,,,0,0,,,Inv: 10.0/15.0 CapLeft: 25.0,,,10.0,15.0,25.0,25.0,50.0,0.0,50.0,0.98,0.020000000000000018,5.0,0.4950000000000001,0.48,-0.02499999999999991,5.0,0.0,0.002,OK
1765983039.0912163,btc-updown-15m-1765982700,1765982700.0,1765983600.0,,560.9087836742401,,,,,0,0,0.99,0.98,ONE_LEG_INVENTORY,,,,,,,,,,,,,,0,5,,,,,,,,,,,,,,,,,,,,,,,,,,,,10.0,15.0,,,,,0,0,,,Inv: 10.0/15.0 CapLeft: 25.0,,,10.0,15.0,25.0,25.0,50.0,0.0,50.0,0.98,0.020000000000000018,5.0,0.4950000000000001,0.48,-0.02499999999999991,5.0,0.0,0.002,OK
1765983041.4221356,btc-updown-15m-1765982700,1765982700.0,1765983600.0,,558.577864408493,,,,,0.51,0.48,0.99,0.98,ORDERS_OPEN,,,,,,,,,,,,,,5.0,5.0,,,,,,,,,,,,,,,,,,,,RECONSTRUCT_CHUNK: 5.0/0.0 (Op:-0.0167 B:$50.00),,,,,,,,10.0,15.0,,,,,0,0,,,Inv: 10.0/15.0 CapLeft: 25.0,,,10.0,15.0,25.0,25.0,50.0,0.0,50.0,0.98,0.020000000000000018,-5.0,0.4733333333333334,0.51,-0.016666666666666607,5.0,0.0,0.002,OK
1765983043.8157003,btc-updown-15m-1765982700,1765982700.0,1765983600.0,,556.1842997074127,,,,,0,0,0.99,0.98,ORDERS_OPEN,,,,,,,,,,,,,,0,5.0,,,,,,,,,,,,,,,,,,,,,,,,,,,,10.0,15.0,,,,,0,0,,,Inv: 10.0/15.0 CapLeft: 25.0,,,10.0,15.0,25.0,25.0,50.0,0.0,50.0,0.98,0.020000000000000018,-5.0,0.4733333333333334,0.51,-0.016666666666666607,5.0,0.0,0.002,OK
1765983046.0128124,btc-updown-15m-1765982700,1765982700.0,1765983600.0,,553.9871876239777,,,,,0,0,0.99,0.98,IDLE,,,,,,,,,,,,,,0,5.0,,,,,,,,,,,,,,,,,,,,,,,,,,,,15.0,15.0,,,,,0,0,,,Inv: 15.0/15.0 CapLeft: 20.0,,,15.0,15.0,30.0,20.0,50.0,0.0,50.0,0.98,0.020000000000000018,-5.0,0.4733333333333334,0.51,-0.016666666666666607,5.0,0.0,0.002,OK
1765983048.163844,btc-updown-15m-1765982700,1765982700.0,1765983600.0,,551.8361558914185,,,,,0,0,0.99,0.98,IDLE,,,,,,,,,,,,,,0,5.0,,,,,,,,,,,,,,,,,,,,Spread high 0.99 > 0.98,,,,,,,,15.0,15.0,,,,,0,0,,,Inv: 15.0/15.0 CapLeft: 20.0,,,15.0,15.0,30.0,20.0,50.0,0.0,50.0,0.98,0.020000000000000018,-5.0,0.4733333333333334,0.51,-0.016666666666666607,5.0,0.0,0.002,OK
1765983050.143568,btc-updown-15m-1765982700,1765982700.0,1765983600.0,,549.8564319610596,,,,,0.51,0.47,0.98,0.98,ORDERS_OPEN,,,,,,,,,,,,,,5,5,,,,,,,,,,,,,,,,,,,,Leg:BOTH UP:5 DOWN:5,,,,,,,,15.0,15.0,,,,,0,0,,,Inv: 15.0/15.0 CapLeft: 20.0,,,15.0,15.0,30.0,20.0,50.0,0.0,50.0,0.98,0.020000000000000018,-5.0,0.4733333333333334,0.51,-0.016666666666666607,5.0,0.0,0.002,OK
1765983053.0707712,btc-updown-15m-1765982700,1765982700.0,1765983600.0,,546.9292287826538,,,,,0,0,0.99,0.98,ORDERS_OPEN,,,,,,,,,,,,,,0,5,,,,,,,,,,,,,,,,,,,,,,,,,,,,15.0,20.0,,,,,0,0,,,Inv: 15.0/20.0 CapLeft: 15.0,,,15.0,20.0,35.0,15.0,50.0,0.0,50.0,0.98,0.020000000000000018,-5.0,0.4733333333333334,0.51,-0.016666666666666607,5.0,0.0,0.002,OK
1765983055.5286787,btc-updown-15m-1765982700,1765982700.0,1765983600.0,,544.4713213443756,,,,,0,0,0.98,0.98,ORDERS_OPEN,,,,,,,,,,,,,,0,5,,,,,,,,,,,,,,,,,,,,,,,,,,,,15.0,20.0,,,,,0,0,,,Inv: 15.0/20.0 CapLeft: 15.0,,,15.0,20.0,35.0,15.0,50.0,0.0,50.0,0.98,0.020000000000000018,-5.0,0.4733333333333334,0.51,-0.016666666666666607,5.0,0.0,0.002,OK
1765983057.8295617,btc-updown-15m-1765982700,1765982700.0,1765983600.0,,542.1704382896423,,,,,0,0,0.99,0.98,ORDERS_OPEN,,,,,,,,,,,,,,0,5,,,,,,,,,,,,,,,,,,,,,,,,,,,,15.0,20.0,,,,,0,0,,,Inv: 15.0/20.0 CapLeft: 15.0,,,15.0,20.0,35.0,15.0,50.0,0.0,50.0,0.98,0.020000000000000018,-5.0,0.4733333333333334,0.51,-0.016666666666666607,5.0,0.0,0.002,OK
1765983060.0293355,btc-updown-15m-1765982700,1765982700.0,1765983600.0,,539.9706645011902,,,,,0,0,0.98,0.98,ORDERS_OPEN,,,,,,,,,,,,,,0,5,,,,,,,,,,,,,,,,,,,,,,,,,,,,15.0,20.0,,,,,0,0,,,Inv: 15.0/20.0 CapLeft: 15.0,,,15.0,20.0,35.0,15.0,50.0,0.0,50.0,0.98,0.020000000000000018,-5.0,0.4733333333333334,0.51,-0.016666666666666607,5.0,0.0,0.002,OK
1765983062.303227,btc-updown-15m-1765982700,1765982700.0,1765983600.0,,537.6967730522156,,,,,0,0,0.99,0.98,ORDERS_OPEN,,,,,,,,,,,,,,0,5,,,,,,,,,,,,,,,,,,,,,,,,,,,,15.0,20.0,,,,,0,0,,,Inv: 15.0/20.0 CapLeft: 15.0,,,15.0,20.0,35.0,15.0,50.0,0.0,50.0,0.98,0.020000000000000018,-5.0,0.4733333333333334,0.51,-0.016666666666666607,5.0,0.0,0.002,OK
1765983064.544238,btc-updown-15m-1765982700,1765982700.0,1765983600.0,,535.4557619094849,,,,,0,0,0.97,0.98,ORDERS_OPEN,,,,,,,,,,,,,,0,5,,,,,,,,,,,,,,,,,,,,,,,,,,,,15.0,20.0,,,,,0,0,,,Inv: 15.0/20.0 CapLeft: 15.0,,,15.0,20.0,35.0,15.0,50.0,0.0,50.0,0.98,0.020000000000000018,-5.0,0.4733333333333334,0.51,-0.016666666666666607,5.0,0.0,0.002,OK
1765983066.7835927,btc-updown-15m-1765982700,1765982700.0,1765983600.0,,533.2164072990417,,,,,0,0,1.0,0.98,ONE_LEG_INVENTORY,,,,,,,,,,,,,,0,5,,,,,,,,,,,,,,,,,,,,,,,,,,,,15.0,20.0,,,,,0,0,,,Inv: 15.0/20.0 CapLeft: 15.0,,,15.0,20.0,35.0,15.0,50.0,0.0,50.0,0.98,0.020000000000000018,-5.0,0.4733333333333334,0.51,-0.016666666666666607,5.0,0.0,0.002,OK
1765983068.9276764,btc-updown-15m-1765982700,1765982700.0,1765983600.0,,531.0723235607147,,,,,0,0,0.99,0.98,ONE_LEG_INVENTORY,,,,,,,,,,,,,,0,5,,,,,,,,,,,,,,,,,,,,"RECONSTRUCT_BLOCKED: OVERPAY_LIMIT (Op:0.0325 > L:0.0020, Cost:$0.16)",,,,,,,,15.0,20.0,,,,,0,0,,,Inv: 15.0/20.0 CapLeft: 15.0,,,15.0,20.0,35.0,15.0,50.0,0.0,50.0,0.98,0.020000000000000018,-5.0,0.4725,0.56,0.03249999999999997,5.0,0.16249999999999987,0.002,OVERPAY_LIMIT
1765983068.9276764,btc-updown-15m-1765982700,1765982700.0,1765983600.0,,531.0723235607147,,,,,0,0,0.99,0.98,ONE_LEG_INVENTORY,,,,,,,,,,,,,,0,5,,,,,,,,,,,,,,,,,,,,"RECONSTRUCT_BLOCKED: OVERPAY_LIMIT (Op:0.0325 > L:0.0020, Cost:$0.16)",,,,,,,,15.0,20.0,,,,,0,0,,,Inv: 15.0/20.0 CapLeft: 15.0,,,15.0,20.0,35.0,15.0,50.0,0.0,50.0,0.98,0.020000000000000018,-5.0,0.4725,0.56,0.03249999999999997,5.0,0.16249999999999987,0.002,OVERPAY_LIMIT
1765983070.939037,btc-updown-15m-1765982700,1765982700.0,1765983600.0,,529.0609629154205,,,,,0,0,0.98,0.98,ONE_LEG_INVENTORY,,,,,,,,,,,,,,0,5,,,,,,,,,,,,,,,,,,,,"RECONSTRUCT_BLOCKED: OVERPAY_LIMIT (Op:0.0125 > L:0.0020, Cost:$0.06)",,,,,,,,15.0,20.0,,,,,0,0,,,Inv: 15.0/20.0 CapLeft: 15.0,,,15.0,20.0,35.0,15.0,50.0,0.0,50.0,0.98,0.020000000000000018,-5.0,0.4725,0.54,0.012499999999999956,5.0,0.06249999999999978,0.002,OVERPAY_LIMIT
1765983070.939037,btc-updown-15m-1765982700,1765982700.0,1765983600.0,,529.0609629154205,,,,,0,0,0.98,0.98,ONE_LEG_INVENTORY,,,,,,,,,,,,,,0,5,,,,,,,,,,,,,,,,,,,,"RECONSTRUCT_BLOCKED: OVERPAY_LIMIT (Op:0.0125 > L:0.0020, Cost:$0.06)",,,,,,,,15.0,20.0,,,,,0,0,,,Inv: 15.0/20.0 CapLeft: 15.0,,,15.0,20.0,35.0,15.0,50.0,0.0,50.0,0.98,0.020000000000000018,-5.0,0.4725,0.54,0.012499999999999956,5.0,0.06249999999999978,0.002,OVERPAY_LIMIT
1765983072.9054592,btc-updown-15m-1765982700,1765982700.0,1765983600.0,,527.0945408344269,,,,,0,0,0.99,0.98,ONE_LEG_INVENTORY,,,,,,,,,,,,,,0,5,,,,,,,,,,,,,,,,,,,,"RECONSTRUCT_BLOCKED: OVERPAY_LIMIT (Op:0.0925 > L:0.0020, Cost:$0.46)",,,,,,,,15.0,20.0,,,,,0,0,,,Inv: 15.0/20.0 CapLeft: 15.0,,,15.0,20.0,35.0,15.0,50.0,0.0,50.0,0.98,0.020000000000000018,-5.0,0.4725,0.62,0.09250000000000003,5.0,0.46250000000000013,0.002,OVERPAY_LIMIT
1765983072.9054592,btc-updown-15m-1765982700,1765982700.0,1765983600.0,,527.0945408344269,,,,,0,0,0.99,0.98,ONE_LEG_INVENTORY,,,,,,,,,,,,,,0,5,,,,,,,,,,,,,,,,,,,,"RECONSTRUCT_BLOCKED: OVERPAY_LIMIT (Op:0.0925 > L:0.0020, Cost:$0.46)",,,,,,,,15.0,20.0,,,,,0,0,,,Inv: 15.0/20.0 CapLeft: 15.0,,,15.0,20.0,35.0,15.0,50.0,0.0,50.0,0.98,0.020000000000000018,-5.0,0.4725,0.62,0.09250000000000003,5.0,0.46250000000000013,0.002,OVERPAY_LIMIT
1765983074.8738666,btc-updown-15m-1765982700,1765982700.0,1765983600.0,,525.126133441925,,,,,0,0,0.99,0.98,ONE_LEG_INVENTORY,,,,,,,,,,,,,,0,5,,,,,,,,,,,,,,,,,,,,"RECONSTRUCT_BLOCKED: OVERPAY_LIMIT (Op:0.0925 > L:0.0020, Cost:$0.46)",,,,,,,,15.0,20.0,,,,,0,0,,,Inv: 15.0/20.0 CapLeft: 15.0,,,15.0,20.0,35.0,15.0,50.0,0.0,50.0,0.98,0.020000000000000018,-5.0,0.4725,0.62,0.09250000000000003,5.0,0.46250000000000013,0.002,OVERPAY_LIMIT
1765983074.8738666,btc-updown-15m-1765982700,1765982700.0,1765983600.0,,525.126133441925,,,,,0,0,0.99,0.98,ONE_LEG_INVENTORY,,,,,,,,,,,,,,0,5,,,,,,,,,,,,,,,,,,,,"RECONSTRUCT_BLOCKED: OVERPAY_LIMIT (Op:0.0925 > L:0.0020, Cost:$0.46)",,,,,,,,15.0,20.0,,,,,0,0,,,Inv: 15.0/20.0 CapLeft: 15.0,,,15.0,20.0,35.0,15.0,50.0,0.0,50.0,0.98,0.020000000000000018,-5.0,0.4725,0.62,0.09250000000000003,5.0,0.46250000000000013,0.002,OVERPAY_LIMIT
1765983076.8837593,btc-updown-15m-1765982700,1765982700.0,1765983600.0,,523.1162407398224,,,,,0,0,0.98,0.98,ONE_LEG_INVENTORY,,,,,,,,,,,,,,0,5,,,,,,,,,,,,,,,,,,,,"RECONSTRUCT_BLOCKED: OVERPAY_LIMIT (Op:0.1225 > L:0.0020, Cost:$0.61)",,,,,,,,15.0,20.0,,,,,0,0,,,Inv: 15.0/20.0 CapLeft: 15.0,,,15.0,20.0,35.0,15.0,50.0,0.0,50.0,0.98,0.020000000000000018,-5.0,0.4725,0.65,0.12250000000000005,5.0,0.6125000000000003,0.002,OVERPAY_LIMIT
1765983076.8837593,btc-updown-15m-1765982700,1765982700.0,1765983600.0,,523.1162407398224,,,,,0,0,0.98,0.98,ONE_LEG_INVENTORY,,,,,,,,,,,,,,0,5,,,,,,,,,,,,,,,,,,,,"RECONSTRUCT_BLOCKED: OVERPAY_LIMIT (Op:0.1225 > L:0.0020, Cost:$0.61)",,,,,,,,15.0,20.0,,,,,0,0,,,Inv: 15.0/20.0 CapLeft: 15.0,,,15.0,20.0,35.0,15.0,50.0,0.0,50.0,0.98,0.020000000000000018,-5.0,0.4725,0.65,0.12250000000000005,5.0,0.6125000000000003,0.002,OVERPAY_LIMIT
1765983078.8225648,btc-updown-15m-1765982700,1765982700.0,1765983600.0,,521.1774351596832,,,,,0,0,0.99,0.98,ONE_LEG_INVENTORY,,,,,,,,,,,,,,0,5,,,,,,,,,,,,,,,,,,,,"RECONSTRUCT_BLOCKED: OVERPAY_LIMIT (Op:0.1125 > L:0.0020, Cost:$0.56)",,,,,,,,15.0,20.0,,,,,0,0,,,Inv: 15.0/20.0 CapLeft: 15.0,,,15.0,20.0,35.0,15.0,50.0,0.0,50.0,0.98,0.020000000000000018,-5.0,0.4725,0.64,0.11250000000000004,5.0,0.5625000000000002,0.002,OVERPAY_LIMIT
1765983078.8225648,btc-updown-15m-1765982700,1765982700.0,1765983600.0,,521.1774351596832,,,,,0,0,0.99,0.98,ONE_LEG_INVENTORY,,,,,,,,,,,,,,0,5,,,,,,,,,,,,,,,,,,,,"RECONSTRUCT_BLOCKED: OVERPAY_LIMIT (Op:0.1125 > L:0.0020, Cost:$0.56)",,,,,,,,15.0,20.0,,,,,0,0,,,Inv: 15.0/20.0 CapLeft: 15.0,,,15.0,20.0,35.0,15.0,50.0,0.0,50.0,0.98,0.020000000000000018,-5.0,0.4725,0.64,0.11250000000000004,5.0,0.5625000000000002,0.002,OVERPAY_LIMIT
1765983080.7776384,btc-updown-15m-1765982700,1765982700.0,1765983600.0,,519.2223615646362,,,,,0,0,0.99,0.98,ONE_LEG_INVENTORY,,,,,,,,,,,,,,0,5,,,,,,,,,,,,,,,,,,,,"RECONSTRUCT_BLOCKED: OVERPAY_LIMIT (Op:0.1525 > L:0.0020, Cost:$0.76)",,,,,,,,15.0,20.0,,,,,0,0,,,Inv: 15.0/20.0 CapLeft: 15.0,,,15.0,20.0,35.0,15.0,50.0,0.0,50.0,0.98,0.020000000000000018,-5.0,0.4725,0.68,0.15250000000000008,5.0,0.7625000000000004,0.002,OVERPAY_LIMIT
1765983080.7776384,btc-updown-15m-1765982700,1765982700.0,1765983600.0,,519.2223615646362,,,,,0,0,0.99,0.98,ONE_LEG_INVENTORY,,,,,,,,,,,,,,0,5,,,,,,,,,,,,,,,,,,,,"RECONSTRUCT_BLOCKED: OVERPAY_LIMIT (Op:0.1525 > L:0.0020, Cost:$0.76)",,,,,,,,15.0,20.0,,,,,0,0,,,Inv: 15.0/20.0 CapLeft: 15.0,,,15.0,20.0,35.0,15.0,50.0,0.0,50.0,0.98,0.020000000000000018,-5.0,0.4725,0.68,0.15250000000000008,5.0,0.7625000000000004,0.002,OVERPAY_LIMIT
1765983082.7288437,btc-updown-15m-1765982700,1765982700.0,1765983600.0,,517.2711563110352,,,,,0,0,0.98,0.98,ONE_LEG_INVENTORY,,,,,,,,,,,,,,0,5,,,,,,,,,,,,,,,,,,,,"RECONSTRUCT_BLOCKED: OVERPAY_LIMIT (Op:0.1225 > L:0.0020, Cost:$0.61)",,,,,,,,15.0,20.0,,,,,0,0,,,Inv: 15.0/20.0 CapLeft: 15.0,,,15.0,20.0,35.0,15.0,50.0,0.0,50.0,0.98,0.020000000000000018,-5.0,0.4725,0.65,0.12250000000000005,5.0,0.6125000000000003,0.002,OVERPAY_LIMIT
1765983082.7288437,btc-updown-15m-1765982700,1765982700.0,1765983600.0,,517.2711563110352,,,,,0,0,0.98,0.98,ONE_LEG_INVENTORY,,,,,,,,,,,,,,0,5,,,,,,,,,,,,,,,,,,,,"RECONSTRUCT_BLOCKED: OVERPAY_LIMIT (Op:0.1225 > L:0.0020, Cost:$0.61)",,,,,,,,15.0,20.0,,,,,0,0,,,Inv: 15.0/20.0 CapLeft: 15.0,,,15.0,20.0,35.0,15.0,50.0,0.0,50.0,0.98,0.020000000000000018,-5.0,0.4725,0.65,0.12250000000000005,5.0,0.6125000000000003,0.002,OVERPAY_LIMIT
1765983084.7164752,btc-updown-15m-1765982700,1765982700.0,1765983600.0,,515.2835247516632,,,,,0,0,0.99,0.98,ONE_LEG_INVENTORY,,,,,,,,,,,,,,0,5,,,,,,,,,,,,,,,,,,,,"RECONSTRUCT_BLOCKED: OVERPAY_LIMIT (Op:0.0825 > L:0.0020, Cost:$0.41)",,,,,,,,15.0,20.0,,,,,0,0,,,Inv: 15.0/20.0 CapLeft: 15.0,,,15.0,20.0,35.0,15.0,50.0,0.0,50.0,0.98,0.020000000000000018,-5.0,0.4725,0.61,0.08250000000000002,5.0,0.4125000000000001,0.002,OVERPAY_LIMIT
1765983084.7164752,btc-updown-15m-1765982700,1765982700.0,1765983600.0,,515.2835247516632,,,,,0,0,0.99,0.98,ONE_LEG_INVENTORY,,,,,,,,,,,,,,0,5,,,,,,,,,,,,,,,,,,,,"RECONSTRUCT_BLOCKED: OVERPAY_LIMIT (Op:0.0825 > L:0.0020, Cost:$0.41)",,,,,,,,15.0,20.0,,,,,0,0,,,Inv: 15.0/20.0 CapLeft: 15.0,,,15.0,20.0,35.0,15.0,50.0,0.0,50.0,0.98,0.020000000000000018,-5.0,0.4725,0.61,0.08250000000000002,5.0,0.4125000000000001,0.002,OVERPAY_LIMIT
1765983086.673444,btc-updown-15m-1765982700,1765982700.0,1765983600.0,,513.3265559673309,,,,,0,0,0.99,0.98,ONE_LEG_INVENTORY,,,,,,,,,,,,,,0,5,,,,,,,,,,,,,,,,,,,,"RECONSTRUCT_BLOCKED: OVERPAY_LIMIT (Op:0.0825 > L:0.0020, Cost:$0.41)",,,,,,,,15.0,20.0,,,,,0,0,,,Inv: 15.0/20.0 CapLeft: 15.0,,,15.0,20.0,35.0,15.0,50.0,0.0,50.0,0.98,0.020000000000000018,-5.0,0.4725,0.61,0.08250000000000002,5.0,0.4125000000000001,0.002,OVERPAY_LIMIT
1765983086.673444,btc-updown-15m-1765982700,1765982700.0,1765983600.0,,513.3265559673309,,,,,0,0,0.99,0.98,ONE_LEG_INVENTORY,,,,,,,,,,,,,,0,5,,,,,,,,,,,,,,,,,,,,"RECONSTRUCT_BLOCKED: OVERPAY_LIMIT (Op:0.0825 > L:0.0020, Cost:$0.41)",,,,,,,,15.0,20.0,,,,,0,0,,,Inv: 15.0/20.0 CapLeft: 15.0,,,15.0,20.0,35.0,15.0,50.0,0.0,50.0,0.98,0.020000000000000018,-5.0,0.4725,0.61,0.08250000000000002,5.0,0.4125000000000001,0.002,OVERPAY_LIMIT
1765983088.6350193,btc-updown-15m-1765982700,1765982700.0,1765983600.0,,511.36498069763184,,,,,0,0,0.99,0.98,ONE_LEG_INVENTORY,,,,,,,,,,,,,,0,5,,,,,,,,,,,,,,,,,,,,"RECONSTRUCT_BLOCKED: OVERPAY_LIMIT (Op:0.0925 > L:0.0020, Cost:$0.46)",,,,,,,,15.0,20.0,,,,,0,0,,,Inv: 15.0/20.0 CapLeft: 15.0,,,15.0,20.0,35.0,15.0,50.0,0.0,50.0,0.98,0.020000000000000018,-5.0,0.4725,0.62,0.09250000000000003,5.0,0.46250000000000013,0.002,OVERPAY_LIMIT
1765983088.6350193,btc-updown-15m-1765982700,1765982700.0,1765983600.0,,511.36498069763184,,,,,0,0,0.99,0.98,ONE_LEG_INVENTORY,,,,,,,,,,,,,,0,5,,,,,,,,,,,,,,,,,,,,"RECONSTRUCT_BLOCKED: OVERPAY_LIMIT (Op:0.0925 > L:0.0020, Cost:$0.46)",,,,,,,,15.0,20.0,,,,,0,0,,,Inv: 15.0/20.0 CapLeft: 15.0,,,15.0,20.0,35.0,15.0,50.0,0.0,50.0,0.98,0.020000000000000018,-5.0,0.4725,0.62,0.09250000000000003,5.0,0.46250000000000013,0.002,OVERPAY_LIMIT
1765983090.6357603,btc-updown-15m-1765982700,1765982700.0,1765983600.0,,509.364239692688,,,,,0,0,0.99,0.98,ONE_LEG_INVENTORY,,,,,,,,,,,,,,0,5,,,,,,,,,,,,,,,,,,,,"RECONSTRUCT_BLOCKED: OVERPAY_LIMIT (Op:0.0825 > L:0.0020, Cost:$0.41)",,,,,,,,15.0,20.0,,,,,0,0,,,Inv: 15.0/20.0 CapLeft: 15.0,,,15.0,20.0,35.0,15.0,50.0,0.0,50.0,0.98,0.020000000000000018,-5.0,0.4725,0.61,0.08250000000000002,5.0,0.4125000000000001,0.002,OVERPAY_LIMIT
1765983090.6357603,btc-updown-15m-1765982700,1765982700.0,1765983600.0,,509.364239692688,,,,,0,0,0.99,0.98,ONE_LEG_INVENTORY,,,,,,,,,,,,,,0,5,,,,,,,,,,,,,,,,,,,,"RECONSTRUCT_BLOCKED: OVERPAY_LIMIT (Op:0.0825 > L:0.0020, Cost:$0.41)",,,,,,,,15.0,20.0,,,,,0,0,,,Inv: 15.0/20.0 CapLeft: 15.0,,,15.0,20.0,35.0,15.0,50.0,0.0,50.0,0.98,0.020000000000000018,-5.0,0.4725,0.61,0.08250000000000002,5.0,0.4125000000000001,0.002,OVERPAY_LIMIT
1765983092.577877,btc-updown-15m-1765982700,1765982700.0,1765983600.0,,507.42212295532227,,,,,0,0,0.99,0.98,ONE_LEG_INVENTORY,,,,,,,,,,,,,,0,5,,,,,,,,,,,,,,,,,,,,"RECONSTRUCT_BLOCKED: OVERPAY_LIMIT (Op:0.0625 > L:0.0020, Cost:$0.31)",,,,,,,,15.0,20.0,,,,,0,0,,,Inv: 15.0/20.0 CapLeft: 15.0,,,15.0,20.0,35.0,15.0,50.0,0.0,50.0,0.98,0.020000000000000018,-5.0,0.4725,0.59,0.0625,5.0,0.3125,0.002,OVERPAY_LIMIT
1765983092.577877,btc-updown-15m-1765982700,1765982700.0,1765983600.0,,507.42212295532227,,,,,0,0,0.99,0.98,ONE_LEG_INVENTORY,,,,,,,,,,,,,,0,5,,,,,,,,,,,,,,,,,,,,"RECONSTRUCT_BLOCKED: OVERPAY_LIMIT (Op:0.0625 > L:0.0020, Cost:$0.31)",,,,,,,,15.0,20.0,,,,,0,0,,,Inv: 15.0/20.0 CapLeft: 15.0,,,15.0,20.0,35.0,15.0,50.0,0.0,50.0,0.98,0.020000000000000018,-5.0,0.4725,0.59,0.0625,5.0,0.3125,0.002,OVERPAY_LIMIT
1765983094.5774777,btc-updown-15m-1765982700,1765982700.0,1765983600.0,,505.42252230644226,,,,,0,0,0.98,0.98,ONE_LEG_INVENTORY,,,,,,,,,,,,,,0,5,,,,,,,,,,,,,,,,,,,,"RECONSTRUCT_BLOCKED: OVERPAY_LIMIT (Op:0.0225 > L:0.0020, Cost:$0.11)",,,,,,,,15.0,20.0,,,,,0,0,,,Inv: 15.0/20.0 CapLeft: 15.0,,,15.0,20.0,35.0,15.0,50.0,0.0,50.0,0.98,0.020000000000000018,-5.0,0.4725,0.55,0.022499999999999964,5.0,0.11249999999999982,0.002,OVERPAY_LIMIT
1765983094.5774777,btc-updown-15m-1765982700,1765982700.0,1765983600.0,,505.42252230644226,,,,,0,0,0.98,0.98,ONE_LEG_INVENTORY,,,,,,,,,,,,,,0,5,,,,,,,,,,,,,,,,,,,,"RECONSTRUCT_BLOCKED: OVERPAY_LIMIT (Op:0.0225 > L:0.0020, Cost:$0.11)",,,,,,,,15.0,20.0,,,,,0,0,,,Inv: 15.0/20.0 CapLeft: 15.0,,,15.0,20.0,35.0,15.0,50.0,0.0,50.0,0.98,0.020000000000000018,-5.0,0.4725,0.55,0.022499999999999964,5.0,0.11249999999999982,0.002,OVERPAY_LIMIT
1765983096.5481799,btc-updown-15m-1765982700,1765982700.0,1765983600.0,,503.4518201351166,,,,,0,0,0.99,0.98,ONE_LEG_INVENTORY,,,,,,,,,,,,,,0,5,,,,,,,,,,,,,,,,,,,,"RECONSTRUCT_BLOCKED: OVERPAY_LIMIT (Op:0.0825 > L:0.0020, Cost:$0.41)",,,,,,,,15.0,20.0,,,,,0,0,,,Inv: 15.0/20.0 CapLeft: 15.0,,,15.0,20.0,35.0,15.0,50.0,0.0,50.0,0.98,0.020000000000000018,-5.0,0.4725,0.61,0.08250000000000002,5.0,0.4125000000000001,0.002,OVERPAY_LIMIT
1765983096.5481799,btc-updown-15m-1765982700,1765982700.0,1765983600.0,,503.4518201351166,,,,,0,0,0.99,0.98,ONE_LEG_INVENTORY,,,,,,,,,,,,,,0,5,,,,,,,,,,,,,,,,,,,,"RECONSTRUCT_BLOCKED: OVERPAY_LIMIT (Op:0.0825 > L:0.0020, Cost:$0.41)",,,,,,,,15.0,20.0,,,,,0,0,,,Inv: 15.0/20.0 CapLeft: 15.0,,,15.0,20.0,35.0,15.0,50.0,0.0,50.0,0.98,0.020000000000000018,-5.0,0.4725,0.61,0.08250000000000002,5.0,0.4125000000000001,0.002,OVERPAY_LIMIT
1765983098.5079668,btc-updown-15m-1765982700,1765982700.0,1765983600.0,,501.4920332431793,,,,,0,0,0.99,0.98,ONE_LEG_INVENTORY,,,,,,,,,,,,,,0,5,,,,,,,,,,,,,,,,,,,,"RECONSTRUCT_BLOCKED: OVERPAY_LIMIT (Op:0.0725 > L:0.0020, Cost:$0.36)",,,,,,,,15.0,20.0,,,,,0,0,,,Inv: 15.0/20.0 CapLeft: 15.0,,,15.0,20.0,35.0,15.0,50.0,0.0,50.0,0.98,0.020000000000000018,-5.0,0.4725,0.6,0.07250000000000001,5.0,0.36250000000000004,0.002,OVERPAY_LIMIT
1765983098.5079668,btc-updown-15m-1765982700,1765982700.0,1765983600.0,,501.4920332431793,,,,,0,0,0.99,0.98,ONE_LEG_INVENTORY,,,,,,,,,,,,,,0,5,,,,,,,,,,,,,,,,,,,,"RECONSTRUCT_BLOCKED: OVERPAY_LIMIT (Op:0.0725 > L:0.0020, Cost:$0.36)",,,,,,,,15.0,20.0,,,,,0,0,,,Inv: 15.0/20.0 CapLeft: 15.0,,,15.0,20.0,35.0,15.0,50.0,0.0,50.0,0.98,0.020000000000000018,-5.0,0.4725,0.6,0.07250000000000001,5.0,0.36250000000000004,0.002,OVERPAY_LIMIT
1765983100.4463413,btc-updown-15m-1765982700,1765982700.0,1765983600.0,,499.5536587238312,,,,,0,0,0.99,0.98,ONE_LEG_INVENTORY,,,,,,,,,,,,,,0,5,,,,,,,,,,,,,,,,,,,,"RECONSTRUCT_BLOCKED: OVERPAY_LIMIT (Op:0.0925 > L:0.0020, Cost:$0.46)",,,,,,,,15.0,20.0,,,,,0,0,,,Inv: 15.0/20.0 CapLeft: 15.0,,,15.0,20.0,35.0,15.0,50.0,0.0,50.0,0.98,0.020000000000000018,-5.0,0.4725,0.62,0.09250000000000003,5.0,0.46250000000000013,0.002,OVERPAY_LIMIT
1765983100.4463413,btc-updown-15m-1765982700,1765982700.0,1765983600.0,,499.5536587238312,,,,,0,0,0.99,0.98,ONE_LEG_INVENTORY,,,,,,,,,,,,,,0,5,,,,,,,,,,,,,,,,,,,,"RECONSTRUCT_BLOCKED: OVERPAY_LIMIT (Op:0.0925 > L:0.0020, Cost:$0.46)",,,,,,,,15.0,20.0,,,,,0,0,,,Inv: 15.0/20.0 CapLeft: 15.0,,,15.0,20.0,35.0,15.0,50.0,0.0,50.0,0.98,0.020000000000000018,-5.0,0.4725,0.62,0.09250000000000003,5.0,0.46250000000000013,0.002,OVERPAY_LIMIT
1765983102.3847964,btc-updown-15m-1765982700,1765982700.0,1765983600.0,,497.6152036190033,,,,,0,0,0.97,0.98,ONE_LEG_INVENTORY,,,,,,,,,,,,,,0,5,,,,,,,,,,,,,,,,,,,,"RECONSTRUCT_BLOCKED: OVERPAY_LIMIT (Op:0.1225 > L:0.0020, Cost:$0.61)",,,,,,,,15.0,20.0,,,,,0,0,,,Inv: 15.0/20.0 CapLeft: 15.0,,,15.0,20.0,35.0,15.0,50.0,0.0,50.0,0.98,0.020000000000000018,-5.0,0.4725,0.65,0.12250000000000005,5.0,0.6125000000000003,0.002,OVERPAY_LIMIT
1765983102.3847964,btc-updown-15m-1765982700,1765982700.0,1765983600.0,,497.6152036190033,,,,,0,0,0.97,0.98,ONE_LEG_INVENTORY,,,,,,,,,,,,,,0,5,,,,,,,,,,,,,,,,,,,,"RECONSTRUCT_BLOCKED: OVERPAY_LIMIT (Op:0.1225 > L:0.0020, Cost:$0.61)",,,,,,,,15.0,20.0,,,,,0,0,,,Inv: 15.0/20.0 CapLeft: 15.0,,,15.0,20.0,35.0,15.0,50.0,0.0,50.0,0.98,0.020000000000000018,-5.0,0.4725,0.65,0.12250000000000005,5.0,0.6125000000000003,0.002,OVERPAY_LIMIT
1765983104.3308125,btc-updown-15m-1765982700,1765982700.0,1765983600.0,,495.66918754577637,,,,,0,0,1.01,0.98,ONE_LEG_INVENTORY,,,,,,,,,,,,,,0,5,,,,,,,,,,,,,,,,,,,,"RECONSTRUCT_BLOCKED: OVERPAY_LIMIT (Op:0.1525 > L:0.0020, Cost:$0.76)",,,,,,,,15.0,20.0,,,,,0,0,,,Inv: 15.0/20.0 CapLeft: 15.0,,,15.0,20.0,35.0,15.0,50.0,0.0,50.0,0.98,0.020000000000000018,-5.0,0.4725,0.68,0.15250000000000008,5.0,0.7625000000000004,0.002,OVERPAY_LIMIT
1765983104.3308125,btc-updown-15m-1765982700,1765982700.0,1765983600.0,,495.66918754577637,,,,,0,0,1.01,0.98,ONE_LEG_INVENTORY,,,,,,,,,,,,,,0,5,,,,,,,,,,,,,,,,,,,,"RECONSTRUCT_BLOCKED: OVERPAY_LIMIT (Op:0.1525 > L:0.0020, Cost:$0.76)",,,,,,,,15.0,20.0,,,,,0,0,,,Inv: 15.0/20.0 CapLeft: 15.0,,,15.0,20.0,35.0,15.0,50.0,0.0,50.0,0.98,0.020000000000000018,-5.0,0.4725,0.68,0.15250000000000008,5.0,0.7625000000000004,0.002,OVERPAY_LIMIT
1765983106.2665775,btc-updown-15m-1765982700,1765982700.0,1765983600.0,,493.7334225177765,,,,,0,0,0.99,0.98,ONE_LEG_INVENTORY,,,,,,,,,,,,,,0,5,,,,,,,,,,,,,,,,,,,,"RECONSTRUCT_BLOCKED: OVERPAY_LIMIT (Op:0.1525 > L:0.0020, Cost:$0.76)",,,,,,,,15.0,20.0,,,,,0,0,,,Inv: 15.0/20.0 CapLeft: 15.0,,,15.0,20.0,35.0,15.0,50.0,0.0,50.0,0.98,0.020000000000000018,-5.0,0.4725,0.68,0.15250000000000008,5.0,0.7625000000000004,0.002,OVERPAY_LIMIT
1765983106.2665775,btc-updown-15m-1765982700,1765982700.0,1765983600.0,,493.7334225177765,,,,,0,0,0.99,0.98,ONE_LEG_INVENTORY,,,,,,,,,,,,,,0,5,,,,,,,,,,,,,,,,,,,,"RECONSTRUCT_BLOCKED: OVERPAY_LIMIT (Op:0.1525 > L:0.0020, Cost:$0.76)",,,,,,,,15.0,20.0,,,,,0,0,,,Inv: 15.0/20.0 CapLeft: 15.0,,,15.0,20.0,35.0,15.0,50.0,0.0,50.0,0.98,0.020000000000000018,-5.0,0.4725,0.68,0.15250000000000008,5.0,0.7625000000000004,0.002,OVERPAY_LIMIT
1765983108.2170143,btc-updown-15m-1765982700,1765982700.0,1765983600.0,,491.78298568725586,,,,,0,0,0.99,0.98,ONE_LEG_INVENTORY,,,,,,,,,,,,,,0,5,,,,,,,,,,,,,,,,,,,,"RECONSTRUCT_BLOCKED: OVERPAY_LIMIT (Op:0.1525 > L:0.0020, Cost:$0.76)",,,,,,,,15.0,20.0,,,,,0,0,,,Inv: 15.0/20.0 CapLeft: 15.0,,,15.0,20.0,35.0,15.0,50.0,0.0,50.0,0.98,0.020000000000000018,-5.0,0.4725,0.68,0.15250000000000008,5.0,0.7625000000000004,0.002,OVERPAY_LIMIT
1765983108.2170143,btc-updown-15m-1765982700,1765982700.0,1765983600.0,,491.78298568725586,,,,,0,0,0.99,0.98,ONE_LEG_INVENTORY,,,,,,,,,,,,,,0,5,,,,,,,,,,,,,,,,,,,,"RECONSTRUCT_BLOCKED: OVERPAY_LIMIT (Op:0.1525 > L:0.0020, Cost:$0.76)",,,,,,,,15.0,20.0,,,,,0,0,,,Inv: 15.0/20.0 CapLeft: 15.0,,,15.0,20.0,35.0,15.0,50.0,0.0,50.0,0.98,0.020000000000000018,-5.0,0.4725,0.68,0.15250000000000008,5.0,0.7625000000000004,0.002,OVERPAY_LIMIT
1765983110.1646633,btc-updown-15m-1765982700,1765982700.0,1765983600.0,,489.83533668518066,,,,,0,0,0.99,0.98,ONE_LEG_INVENTORY,,,,,,,,,,,,,,0,5,,,,,,,,,,,,,,,,,,,,"RECONSTRUCT_BLOCKED: OVERPAY_LIMIT (Op:0.1525 > L:0.0020, Cost:$0.76)",,,,,,,,15.0,20.0,,,,,0,0,,,Inv: 15.0/20.0 CapLeft: 15.0,,,15.0,20.0,35.0,15.0,50.0,0.0,50.0,0.98,0.020000000000000018,-5.0,0.4725,0.68,0.15250000000000008,5.0,0.7625000000000004,0.002,OVERPAY_LIMIT
1765983110.1646633,btc-updown-15m-1765982700,1765982700.0,1765983600.0,,489.83533668518066,,,,,0,0,0.99,0.98,ONE_LEG_INVENTORY,,,,,,,,,,,,,,0,5,,,,,,,,,,,,,,,,,,,,"RECONSTRUCT_BLOCKED: OVERPAY_LIMIT (Op:0.1525 > L:0.0020, Cost:$0.76)",,,,,,,,15.0,20.0,,,,,0,0,,,Inv: 15.0/20.0 CapLeft: 15.0,,,15.0,20.0,35.0,15.0,50.0,0.0,50.0,0.98,0.020000000000000018,-5.0,0.4725,0.68,0.15250000000000008,5.0,0.7625000000000004,0.002,OVERPAY_LIMIT
1765983112.1191983,btc-updown-15m-1765982700,1765982700.0,1765983600.0,,487.88080167770386,,,,,0,0,0.99,0.98,ONE_LEG_INVENTORY,,,,,,,,,,,,,,0,5,,,,,,,,,,,,,,,,,,,,"RECONSTRUCT_BLOCKED: OVERPAY_LIMIT (Op:0.1525 > L:0.0020, Cost:$0.76)",,,,,,,,15.0,20.0,,,,,0,0,,,Inv: 15.0/20.0 CapLeft: 15.0,,,15.0,20.0,35.0,15.0,50.0,0.0,50.0,0.98,0.020000000000000018,-5.0,0.4725,0.68,0.15250000000000008,5.0,0.7625000000000004,0.002,OVERPAY_LIMIT
1765983112.1191983,btc-updown-15m-1765982700,1765982700.0,1765983600.0,,487.88080167770386,,,,,0,0,0.99,0.98,ONE_LEG_INVENTORY,,,,,,,,,,,,,,0,5,,,,,,,,,,,,,,,,,,,,"RECONSTRUCT_BLOCKED: OVERPAY_LIMIT (Op:0.1525 > L:0.0020, Cost:$0.76)",,,,,,,,15.0,20.0,,,,,0,0,,,Inv: 15.0/20.0 CapLeft: 15.0,,,15.0,20.0,35.0,15.0,50.0,0.0,50.0,0.98,0.020000000000000018,-5.0,0.4725,0.68,0.15250000000000008,5.0,0.7625000000000004,0.002,OVERPAY_LIMIT
1765983114.1089287,btc-updown-15m-1765982700,1765982700.0,1765983600.0,,485.8910713195801,,,,,0,0,0.99,0.98,ONE_LEG_INVENTORY,,,,,,,,,,,,,,0,5,,,,,,,,,,,,,,,,,,,,"RECONSTRUCT_BLOCKED: OVERPAY_LIMIT (Op:0.1525 > L:0.0020, Cost:$0.76)",,,,,,,,15.0,20.0,,,,,0,0,,,Inv: 15.0/20.0 CapLeft: 15.0,,,15.0,20.0,35.0,15.0,50.0,0.0,50.0,0.98,0.020000000000000018,-5.0,0.4725,0.68,0.15250000000000008,5.0,0.7625000000000004,0.002,OVERPAY_LIMIT
1765983114.1089287,btc-updown-15m-1765982700,1765982700.0,1765983600.0,,485.8910713195801,,,,,0,0,0.99,0.98,ONE_LEG_INVENTORY,,,,,,,,,,,,,,0,5,,,,,,,,,,,,,,,,,,,,"RECONSTRUCT_BLOCKED: OVERPAY_LIMIT (Op:0.1525 > L:0.0020, Cost:$0.76)",,,,,,,,15.0,20.0,,,,,0,0,,,Inv: 15.0/20.0 CapLeft: 15.0,,,15.0,20.0,35.0,15.0,50.0,0.0,50.0,0.98,0.020000000000000018,-5.0,0.4725,0.68,0.15250000000000008,5.0,0.7625000000000004,0.002,OVERPAY_LIMIT
1765983116.0708547,btc-updown-15m-1765982700,1765982700.0,1765983600.0,,483.9291453361511,,,,,0,0,0.99,0.98,ONE_LEG_INVENTORY,,,,,,,,,,,,,,0,5,,,,,,,,,,,,,,,,,,,,"RECONSTRUCT_BLOCKED: OVERPAY_LIMIT (Op:0.1625 > L:0.0020, Cost:$0.81)",,,,,,,,15.0,20.0,,,,,0,0,,,Inv: 15.0/20.0 CapLeft: 15.0,,,15.0,20.0,35.0,15.0,50.0,0.0,50.0,0.98,0.020000000000000018,-5.0,0.4725,0.69,0.16249999999999987,5.0,0.8124999999999993,0.002,OVERPAY_LIMIT
1765983116.0708547,btc-updown-15m-1765982700,1765982700.0,1765983600.0,,483.9291453361511,,,,,0,0,0.99,0.98,ONE_LEG_INVENTORY,,,,,,,,,,,,,,0,5,,,,,,,,,,,,,,,,,,,,"RECONSTRUCT_BLOCKED: OVERPAY_LIMIT (Op:0.1625 > L:0.0020, Cost:$0.81)",,,,,,,,15.0,20.0,,,,,0,0,,,Inv: 15.0/20.0 CapLeft: 15.0,,,15.0,20.0,35.0,15.0,50.0,0.0,50.0,0.98,0.020000000000000018,-5.0,0.4725,0.69,0.16249999999999987,5.0,0.8124999999999993,0.002,OVERPAY_LIMIT
1765983118.0177965,btc-updown-15m-1765982700,1765982700.0,1765983600.0,,481.98220348358154,,,,,0,0,0.99,0.98,ONE_LEG_INVENTORY,,,,,,,,,,,,,,0,5,,,,,,,,,,,,,,,,,,,,"RECONSTRUCT_BLOCKED: OVERPAY_LIMIT (Op:0.1925 > L:0.0020, Cost:$0.96)",,,,,,,,15.0,20.0,,,,,0,0,,,Inv: 15.0/20.0 CapLeft: 15.0,,,15.0,20.0,35.0,15.0,50.0,0.0,50.0,0.98,0.020000000000000018,-5.0,0.4725,0.72,0.1924999999999999,5.0,0.9624999999999995,0.002,OVERPAY_LIMIT
1765983118.0177965,btc-updown-15m-1765982700,1765982700.0,1765983600.0,,481.98220348358154,,,,,0,0,0.99,0.98,ONE_LEG_INVENTORY,,,,,,,,,,,,,,0,5,,,,,,,,,,,,,,,,,,,,"RECONSTRUCT_BLOCKED: OVERPAY_LIMIT (Op:0.1925 > L:0.0020, Cost:$0.96)",,,,,,,,15.0,20.0,,,,,0,0,,,Inv: 15.0/20.0 CapLeft: 15.0,,,15.0,20.0,35.0,15.0,50.0,0.0,50.0,0.98,0.020000000000000018,-5.0,0.4725,0.72,0.1924999999999999,5.0,0.9624999999999995,0.002,OVERPAY_LIMIT
1765983119.963751,btc-updown-15m-1765982700,1765982700.0,1765983600.0,,480.036248922348,,,,,0,0,0.99,0.98,ONE_LEG_INVENTORY,,,,,,,,,,,,,,0,5,,,,,,,,,,,,,,,,,,,,"RECONSTRUCT_BLOCKED: OVERPAY_LIMIT (Op:0.1825 > L:0.0020, Cost:$0.91)",,,,,,,,15.0,20.0,,,,,0,0,,,Inv: 15.0/20.0 CapLeft: 15.0,,,15.0,20.0,35.0,15.0,50.0,0.0,50.0,0.98,0.020000000000000018,-5.0,0.4725,0.71,0.18249999999999988,5.0,0.9124999999999994,0.002,OVERPAY_LIMIT
1765983119.963751,btc-updown-15m-1765982700,1765982700.0,1765983600.0,,480.036248922348,,,,,0,0,0.99,0.98,ONE_LEG_INVENTORY,,,,,,,,,,,,,,0,5,,,,,,,,,,,,,,,,,,,,"RECONSTRUCT_BLOCKED: OVERPAY_LIMIT (Op:0.1825 > L:0.0020, Cost:$0.91)",,,,,,,,15.0,20.0,,,,,0,0,,,Inv: 15.0/20.0 CapLeft: 15.0,,,15.0,20.0,35.0,15.0,50.0,0.0,50.0,0.98,0.020000000000000018,-5.0,0.4725,0.71,0.18249999999999988,5.0,0.9124999999999994,0.002,OVERPAY_LIMIT
1765983121.9009018,btc-updown-15m-1765982700,1765982700.0,1765983600.0,,478.0990982055664,,,,,0,0,0.98,0.98,ONE_LEG_INVENTORY,,,,,,,,,,,,,,0,5,,,,,,,,,,,,,,,,,,,,"RECONSTRUCT_BLOCKED: OVERPAY_LIMIT (Op:0.1725 > L:0.0021, Cost:$0.86)",,,,,,,,15.0,20.0,,,,,0,0,,,Inv: 15.0/20.0 CapLeft: 15.0,,,15.0,20.0,35.0,15.0,50.0,0.0,50.0,0.98,0.020000000000000018,-5.0,0.4725,0.7,0.17249999999999988,5.0,0.8624999999999994,0.0020950450897216795,OVERPAY_LIMIT
1765983121.9009018,btc-updown-15m-1765982700,1765982700.0,1765983600.0,,478.0990982055664,,,,,0,0,0.98,0.98,ONE_LEG_INVENTORY,,,,,,,,,,,,,,0,5,,,,,,,,,,,,,,,,,,,,"RECONSTRUCT_BLOCKED: OVERPAY_LIMIT (Op:0.1725 > L:0.0021, Cost:$0.86)",,,,,,,,15.0,20.0,,,,,0,0,,,Inv: 15.0/20.0 CapLeft: 15.0,,,15.0,20.0,35.0,15.0,50.0,0.0,50.0,0.98,0.020000000000000018,-5.0,0.4725,0.7,0.17249999999999988,5.0,0.8624999999999994,0.0020950450897216795,OVERPAY_LIMIT
1765983123.9209483,btc-updown-15m-1765982700,1765982700.0,1765983600.0,,476.07905173301697,,,,,0,0,0.99,0.98,ONE_LEG_INVENTORY,,,,,,,,,,,,,,0,5,,,,,,,,,,,,,,,,,,,,"RECONSTRUCT_BLOCKED: OVERPAY_LIMIT (Op:0.1725 > L:0.0022, Cost:$0.86)",,,,,,,,15.0,20.0,,,,,0,0,,,Inv: 15.0/20.0 CapLeft: 15.0,,,15.0,20.0,35.0,15.0,50.0,0.0,50.0,0.98,0.020000000000000018,-5.0,0.4725,0.7,0.17249999999999988,5.0,0.8624999999999994,0.002196047413349152,OVERPAY_LIMIT
1765983123.9209483,btc-updown-15m-1765982700,1765982700.0,1765983600.0,,476.07905173301697,,,,,0,0,0.99,0.98,ONE_LEG_INVENTORY,,,,,,,,,,,,,,0,5,,,,,,,,,,,,,,,,,,,,"RECONSTRUCT_BLOCKED: OVERPAY_LIMIT (Op:0.1725 > L:0.0022, Cost:$0.86)",,,,,,,,15.0,20.0,,,,,0,0,,,Inv: 15.0/20.0 CapLeft: 15.0,,,15.0,20.0,35.0,15.0,50.0,0.0,50.0,0.98,0.020000000000000018,-5.0,0.4725,0.7,0.17249999999999988,5.0,0.8624999999999994,0.002196047413349152,OVERPAY_LIMIT
1765983125.996401,btc-updown-15m-1765982700,1765982700.0,1765983600.0,,474.00359892845154,,,,,0,0,0.99,0.98,ONE_LEG_INVENTORY,,,,,,,,,,,,,,0,5,,,,,,,,,,,,,,,,,,,,"RECONSTRUCT_BLOCKED: OVERPAY_LIMIT (Op:0.1925 > L:0.0023, Cost:$0.96)",,,,,,,,15.0,20.0,,,,,0,0,,,Inv: 15.0/20.0 CapLeft: 15.0,,,15.0,20.0,35.0,15.0,50.0,0.0,50.0,0.98,0.020000000000000018,-5.0,0.4725,0.72,0.1924999999999999,5.0,0.9624999999999995,0.002299820053577423,OVERPAY_LIMIT
1765983125.996401,btc-updown-15m-1765982700,1765982700.0,1765983600.0,,474.00359892845154,,,,,0,0,0.99,0.98,ONE_LEG_INVENTORY,,,,,,,,,,,,,,0,5,,,,,,,,,,,,,,,,,,,,"RECONSTRUCT_BLOCKED: OVERPAY_LIMIT (Op:0.1925 > L:0.0023, Cost:$0.96)",,,,,,,,15.0,20.0,,,,,0,0,,,Inv: 15.0/20.0 CapLeft: 15.0,,,15.0,20.0,35.0,15.0,50.0,0.0,50.0,0.98,0.020000000000000018,-5.0,0.4725,0.72,0.1924999999999999,5.0,0.9624999999999995,0.002299820053577423,OVERPAY_LIMIT
1765983127.949019,btc-updown-15m-1765982700,1765982700.0,1765983600.0,,472.0509810447693,,,,,0,0,0.97,0.98,ONE_LEG_INVENTORY,,,,,,,,,,,,,,0,5,,,,,,,,,,,,,,,,,,,,"RECONSTRUCT_BLOCKED: OVERPAY_LIMIT (Op:0.1925 > L:0.0024, Cost:$0.96)",,,,,,,,15.0,20.0,,,,,0,0,,,Inv: 15.0/20.0 CapLeft: 15.0,,,15.0,20.0,35.0,15.0,50.0,0.0,50.0,0.98,0.020000000000000018,-5.0,0.4725,0.72,0.1924999999999999,5.0,0.9624999999999995,0.0023974509477615357,OVERPAY_LIMIT
1765983127.949019,btc-updown-15m-1765982700,1765982700.0,1765983600.0,,472.0509810447693,,,,,0,0,0.97,0.98,ONE_LEG_INVENTORY,,,,,,,,,,,,,,0,5,,,,,,,,,,,,,,,,,,,,"RECONSTRUCT_BLOCKED: OVERPAY_LIMIT (Op:0.1925 > L:0.0024, Cost:$0.96)",,,,,,,,15.0,20.0,,,,,0,0,,,Inv: 15.0/20.0 CapLeft: 15.0,,,15.0,20.0,35.0,15.0,50.0,0.0,50.0,0.98,0.020000000000000018,-5.0,0.4725,0.72,0.1924999999999999,5.0,0.9624999999999995,0.0023974509477615357,OVERPAY_LIMIT
1765983129.908583,btc-updown-15m-1765982700,1765982700.0,1765983600.0,,470.0914170742035,,,,,0,0,0.99,0.98,ONE_LEG_INVENTORY,,,,,,,,,,,,,,0,5,,,,,,,,,,,,,,,,,,,,"RECONSTRUCT_BLOCKED: OVERPAY_LIMIT (Op:0.1925 > L:0.0025, Cost:$0.96)",,,,,,,,15.0,20.0,,,,,0,0,,,Inv: 15.0/20.0 CapLeft: 15.0,,,15.0,20.0,35.0,15.0,50.0,0.0,50.0,0.98,0.020000000000000018,-5.0,0.4725,0.72,0.1924999999999999,5.0,0.9624999999999995,0.0024954291462898253,OVERPAY_LIMIT
1765983129.908583,btc-updown-15m-1765982700,1765982700.0,1765983600.0,,470.0914170742035,,,,,0,0,0.99,0.98,ONE_LEG_INVENTORY,,,,,,,,,,,,,,0,5,,,,,,,,,,,,,,,,,,,,"RECONSTRUCT_BLOCKED: OVERPAY_LIMIT (Op:0.1925 > L:0.0025, Cost:$0.96)",,,,,,,,15.0,20.0,,,,,0,0,,,Inv: 15.0/20.0 CapLeft: 15.0,,,15.0,20.0,35.0,15.0,50.0,0.0,50.0,0.98,0.020000000000000018,-5.0,0.4725,0.72,0.1924999999999999,5.0,0.9624999999999995,0.0024954291462898253,OVERPAY_LIMIT
1765983131.84733,btc-updown-15m-1765982700,1765982700.0,1765983600.0,,468.1526699066162,,,,,0,0,0.98,0.98,ONE_LEG_INVENTORY,,,,,,,,,,,,,,0,5,,,,,,,,,,,,,,,,,,,,"RECONSTRUCT_BLOCKED: OVERPAY_LIMIT (Op:0.2325 > L:0.0026, Cost:$1.16)",,,,,,,,15.0,20.0,,,,,0,0,,,Inv: 15.0/20.0 CapLeft: 15.0,,,15.0,20.0,35.0,15.0,50.0,0.0,50.0,0.98,0.020000000000000018,-5.0,0.4725,0.76,0.23249999999999993,5.0,1.1624999999999996,0.0025923665046691897,OVERPAY_LIMIT
1765983131.84733,btc-updown-15m-1765982700,1765982700.0,1765983600.0,,468.1526699066162,,,,,0,0,0.98,0.98,ONE_LEG_INVENTORY,,,,,,,,,,,,,,0,5,,,,,,,,,,,,,,,,,,,,"RECONSTRUCT_BLOCKED: OVERPAY_LIMIT (Op:0.2325 > L:0.0026, Cost:$1.16)",,,,,,,,15.0,20.0,,,,,0,0,,,Inv: 15.0/20.0 CapLeft: 15.0,,,15.0,20.0,35.0,15.0,50.0,0.0,50.0,0.98,0.020000000000000018,-5.0,0.4725,0.76,0.23249999999999993,5.0,1.1624999999999996,0.0025923665046691897,OVERPAY_LIMIT
1765983133.8104866,btc-updown-15m-1765982700,1765982700.0,1765983600.0,,466.1895134449005,,,,,0,0,1.0,0.98,ONE_LEG_INVENTORY,,,,,,,,,,,,,,0,5,,,,,,,,,,,,,,,,,,,,"RECONSTRUCT_BLOCKED: OVERPAY_LIMIT (Op:0.2625 > L:0.0027, Cost:$1.31)",,,,,,,,15.0,20.0,,,,,0,0,,,Inv: 15.0/20.0 CapLeft: 15.0,,,15.0,20.0,35.0,15.0,50.0,0.0,50.0,0.98,0.020000000000000018,-5.0,0.4725,0.79,0.26249999999999996,5.0,1.3124999999999998,0.0026905243277549743,OVERPAY_LIMIT
1765983133.8104866,btc-updown-15m-1765982700,1765982700.0,1765983600.0,,466.1895134449005,,,,,0,0,1.0,0.98,ONE_LEG_INVENTORY,,,,,,,,,,,,,,0,5,,,,,,,,,,,,,,,,,,,,"RECONSTRUCT_BLOCKED: OVERPAY_LIMIT (Op:0.2625 > L:0.0027, Cost:$1.31)",,,,,,,,15.0,20.0,,,,,0,0,,,Inv: 15.0/20.0 CapLeft: 15.0,,,15.0,20.0,35.0,15.0,50.0,0.0,50.0,0.98,0.020000000000000018,-5.0,0.4725,0.79,0.26249999999999996,5.0,1.3124999999999998,0.0026905243277549743,OVERPAY_LIMIT
1765983135.7472284,btc-updown-15m-1765982700,1765982700.0,1765983600.0,,464.25277161598206,,,,,0,0,0.99,0.98,ONE_LEG_INVENTORY,,,,,,,,,,,,,,0,5,,,,,,,,,,,,,,,,,,,,"RECONSTRUCT_BLOCKED: OVERPAY_LIMIT (Op:0.2425 > L:0.0028, Cost:$1.21)",,,,,,,,15.0,20.0,,,,,0,0,,,Inv: 15.0/20.0 CapLeft: 15.0,,,15.0,20.0,35.0,15.0,50.0,0.0,50.0,0.98,0.020000000000000018,-5.0,0.4725,0.77,0.24249999999999994,5.0,1.2124999999999997,0.0027873614192008974,OVERPAY_LIMIT
1765983135.7472284,btc-updown-15m-1765982700,1765982700.0,1765983600.0,,464.25277161598206,,,,,0,0,0.99,0.98,ONE_LEG_INVENTORY,,,,,,,,,,,,,,0,5,,,,,,,,,,,,,,,,,,,,"RECONSTRUCT_BLOCKED: OVERPAY_LIMIT (Op:0.2425 > L:0.0028, Cost:$1.21)",,,,,,,,15.0,20.0,,,,,0,0,,,Inv: 15.0/20.0 CapLeft: 15.0,,,15.0,20.0,35.0,15.0,50.0,0.0,50.0,0.98,0.020000000000000018,-5.0,0.4725,0.77,0.24249999999999994,5.0,1.2124999999999997,0.0027873614192008974,OVERPAY_LIMIT
1765983137.7179718,btc-updown-15m-1765982700,1765982700.0,1765983600.0,,462.2820281982422,,,,,0,0,0.93,0.98,ONE_LEG_INVENTORY,,,,,,,,,,,,,,0,5,,,,,,,,,,,,,,,,,,,,"RECONSTRUCT_BLOCKED: OVERPAY_LIMIT (Op:0.2325 > L:0.0029, Cost:$1.16)",,,,,,,,15.0,20.0,,,,,0,0,,,Inv: 15.0/20.0 CapLeft: 15.0,,,15.0,20.0,35.0,15.0,50.0,0.0,50.0,0.98,0.020000000000000018,-5.0,0.4725,0.76,0.23249999999999993,5.0,1.1624999999999996,0.0028858985900878905,OVERPAY_LIMIT
1765983137.7179718,btc-updown-15m-1765982700,1765982700.0,1765983600.0,,462.2820281982422,,,,,0,0,0.93,0.98,ONE_LEG_INVENTORY,,,,,,,,,,,,,,0,5,,,,,,,,,,,,,,,,,,,,"RECONSTRUCT_BLOCKED: OVERPAY_LIMIT (Op:0.2325 > L:0.0029, Cost:$1.16)",,,,,,,,15.0,20.0,,,,,0,0,,,Inv: 15.0/20.0 CapLeft: 15.0,,,15.0,20.0,35.0,15.0,50.0,0.0,50.0,0.98,0.020000000000000018,-5.0,0.4725,0.76,0.23249999999999993,5.0,1.1624999999999996,0.0028858985900878905,OVERPAY_LIMIT
1765983139.6452296,btc-updown-15m-1765982700,1765982700.0,1765983600.0,,460.3547704219818,,,,,0,0,0.99,0.98,ONE_LEG_INVENTORY,,,,,,,,,,,,,,0,5,,,,,,,,,,,,,,,,,,,,"RECONSTRUCT_BLOCKED: OVERPAY_LIMIT (Op:0.2725 > L:0.0030, Cost:$1.36)",,,,,,,,15.0,20.0,,,,,0,0,,,Inv: 15.0/20.0 CapLeft: 15.0,,,15.0,20.0,35.0,15.0,50.0,0.0,50.0,0.98,0.020000000000000018,-5.0,0.4725,0.8,0.27249999999999996,5.0,1.3624999999999998,0.0029822614789009093,OVERPAY_LIMIT
1765983139.6452296,btc-updown-15m-1765982700,1765982700.0,1765983600.0,,460.3547704219818,,,,,0,0,0.99,0.98,ONE_LEG_INVENTORY,,,,,,,,,,,,,,0,5,,,,,,,,,,,,,,,,,,,,"RECONSTRUCT_BLOCKED: OVERPAY_LIMIT (Op:0.2725 > L:0.0030, Cost:$1.36)",,,,,,,,15.0,20.0,,,,,0,0,,,Inv: 15.0/20.0 CapLeft: 15.0,,,15.0,20.0,35.0,15.0,50.0,0.0,50.0,0.98,0.020000000000000018,-5.0,0.4725,0.8,0.27249999999999996,5.0,1.3624999999999998,0.0029822614789009093,OVERPAY_LIMIT
1765983141.614676,btc-updown-15m-1765982700,1765982700.0,1765983600.0,,458.38532400131226,,,,,0,0,0.99,0.98,ONE_LEG_INVENTORY,,,,,,,,,,,,,,0,5,,,,,,,,,,,,,,,,,,,,"RECONSTRUCT_BLOCKED: OVERPAY_LIMIT (Op:0.3125 > L:0.0031, Cost:$1.56)",,,,,,,,15.0,20.0,,,,,0,0,,,Inv: 15.0/20.0 CapLeft: 15.0,,,15.0,20.0,35.0,15.0,50.0,0.0,50.0,0.98,0.020000000000000018,-5.0,0.4725,0.84,0.3125,5.0,1.5625,0.0030807337999343874,OVERPAY_LIMIT
1765983141.614676,btc-updown-15m-1765982700,1765982700.0,1765983600.0,,458.38532400131226,,,,,0,0,0.99,0.98,ONE_LEG_INVENTORY,,,,,,,,,,,,,,0,5,,,,,,,,,,,,,,,,,,,,"RECONSTRUCT_BLOCKED: OVERPAY_LIMIT (Op:0.3125 > L:0.0031, Cost:$1.56)",,,,,,,,15.0,20.0,,,,,0,0,,,Inv: 15.0/20.0 CapLeft: 15.0,,,15.0,20.0,35.0,15.0,50.0,0.0,50.0,0.98,0.020000000000000018,-5.0,0.4725,0.84,0.3125,5.0,1.5625,0.0030807337999343874,OVERPAY_LIMIT
1765983143.5818672,btc-updown-15m-1765982700,1765982700.0,1765983600.0,,456.4181327819824,,,,,0,0,0.97,0.98,ONE_LEG_INVENTORY,,,,,,,,,,,,,,0,5,,,,,,,,,,,,,,,,,,,,"RECONSTRUCT_BLOCKED: OVERPAY_LIMIT (Op:0.2925 > L:0.0032, Cost:$1.46)",,,,,,,,15.0,20.0,,,,,0,0,,,Inv: 15.0/20.0 CapLeft: 15.0,,,15.0,20.0,35.0,15.0,50.0,0.0,50.0,0.98,0.020000000000000018,-5.0,0.4725,0.82,0.2925,5.0,1.4625,0.003179093360900879,OVERPAY_LIMIT
1765983143.5818672,btc-updown-15m-1765982700,1765982700.0,1765983600.0,,456.4181327819824,,,,,0,0,0.97,0.98,ONE_LEG_INVENTORY,,,,,,,,,,,,,,0,5,,,,,,,,,,,,,,,,,,,,"RECONSTRUCT_BLOCKED: OVERPAY_LIMIT (Op:0.2925 > L:0.0032, Cost:$1.46)",,,,,,,,15.0,20.0,,,,,0,0,,,Inv: 15.0/20.0 CapLeft: 15.0,,,15.0,20.0,35.0,15.0,50.0,0.0,50.0,0.98,0.020000000000000018,-5.0,0.4725,0.82,0.2925,5.0,1.4625,0.003179093360900879,OVERPAY_LIMIT
1765983145.559343,btc-updown-15m-1765982700,1765982700.0,1765983600.0,,454.4406569004059,,,,,0,0,0.97,0.98,ONE_LEG_INVENTORY,,,,,,,,,,,,,,0,5,,,,,,,,,,,,,,,,,,,,"RECONSTRUCT_BLOCKED: OVERPAY_LIMIT (Op:0.3225 > L:0.0033, Cost:$1.61)",,,,,,,,15.0,20.0,,,,,0,0,,,Inv: 15.0/20.0 CapLeft: 15.0,,,15.0,20.0,35.0,15.0,50.0,0.0,50.0,0.98,0.020000000000000018,-5.0,0.4725,0.85,0.3225,5.0,1.6125,0.003277967154979706,OVERPAY_LIMIT
1765983145.559343,btc-updown-15m-1765982700,1765982700.0,1765983600.0,,454.4406569004059,,,,,0,0,0.97,0.98,ONE_LEG_INVENTORY,,,,,,,,,,,,,,0,5,,,,,,,,,,,,,,,,,,,,"RECONSTRUCT_BLOCKED: OVERPAY_LIMIT (Op:0.3225 > L:0.0033, Cost:$1.61)",,,,,,,,15.0,20.0,,,,,0,0,,,Inv: 15.0/20.0 CapLeft: 15.0,,,15.0,20.0,35.0,15.0,50.0,0.0,50.0,0.98,0.020000000000000018,-5.0,0.4725,0.85,0.3225,5.0,1.6125,0.003277967154979706,OVERPAY_LIMIT
1765983147.4885058,btc-updown-15m-1765982700,1765982700.0,1765983600.0,,452.5114941596985,,,,,0,0,0.99,0.98,ONE_LEG_INVENTORY,,,,,,,,,,,,,,0,5,,,,,,,,,,,,,,,,,,,,"RECONSTRUCT_BLOCKED: OVERPAY_LIMIT (Op:0.3625 > L:0.0034, Cost:$1.81)",,,,,,,,15.0,20.0,,,,,0,0,,,Inv: 15.0/20.0 CapLeft: 15.0,,,15.0,20.0,35.0,15.0,50.0,0.0,50.0,0.98,0.020000000000000018,-5.0,0.4725,0.89,0.36250000000000004,5.0,1.8125000000000002,0.0033744252920150757,OVERPAY_LIMIT
1765983147.4885058,btc-updown-15m-1765982700,1765982700.0,1765983600.0,,452.5114941596985,,,,,0,0,0.99,0.98,ONE_LEG_INVENTORY,,,,,,,,,,,,,,0,5,,,,,,,,,,,,,,,,,,,,"RECONSTRUCT_BLOCKED: OVERPAY_LIMIT (Op:0.3625 > L:0.0034, Cost:$1.81)",,,,,,,,15.0,20.0,,,,,0,0,,,Inv: 15.0/20.0 CapLeft: 15.0,,,15.0,20.0,35.0,15.0,50.0,0.0,50.0,0.98,0.020000000000000018,-5.0,0.4725,0.89,0.36250000000000004,5.0,1.8125000000000002,0.0033744252920150757,OVERPAY_LIMIT
1765983149.436707,btc-updown-15m-1765982700,1765982700.0,1765983600.0,,450.5632929801941,,,,,0,0,0.99,0.98,ONE_LEG_INVENTORY,,,,,,,,,,,,,,0,5,,,,,,,,,,,,,,,,,,,,"RECONSTRUCT_BLOCKED: OVERPAY_LIMIT (Op:0.3625 > L:0.0035, Cost:$1.81)",,,,,,,,15.0,20.0,,,,,0,0,,,Inv: 15.0/20.0 CapLeft: 15.0,,,15.0,20.0,35.0,15.0,50.0,0.0,50.0,0.98,0.020000000000000018,-5.0,0.4725,0.89,0.36250000000000004,5.0,1.8125000000000002,0.0034718353509902954,OVERPAY_LIMIT
1765983149.436707,btc-updown-15m-1765982700,1765982700.0,1765983600.0,,450.5632929801941,,,,,0,0,0.99,0.98,ONE_LEG_INVENTORY,,,,,,,,,,,,,,0,5,,,,,,,,,,,,,,,,,,,,"RECONSTRUCT_BLOCKED: OVERPAY_LIMIT (Op:0.3625 > L:0.0035, Cost:$1.81)",,,,,,,,15.0,20.0,,,,,0,0,,,Inv: 15.0/20.0 CapLeft: 15.0,,,15.0,20.0,35.0,15.0,50.0,0.0,50.0,0.98,0.020000000000000018,-5.0,0.4725,0.89,0.36250000000000004,5.0,1.8125000000000002,0.0034718353509902954,OVERPAY_LIMIT
1765983151.4040425,btc-updown-15m-1765982700,1765982700.0,1765983600.0,,448.5959575176239,,,,,0,0,0.99,0.98,ONE_LEG_INVENTORY,,,,,,,,,,,,,,0,5,,,,,,,,,,,,,,,,,,,,"RECONSTRUCT_BLOCKED: OVERPAY_LIMIT (Op:0.3525 > L:0.0036, Cost:$1.76)",,,,,,,,15.0,20.0,,,,,0,0,,,Inv: 15.0/20.0 CapLeft: 15.0,,,15.0,20.0,35.0,15.0,50.0,0.0,50.0,0.98,0.020000000000000018,-5.0,0.4725,0.88,0.35250000000000004,5.0,1.7625000000000002,0.0035702021241188053,OVERPAY_LIMIT
1765983151.4040425,btc-updown-15m-1765982700,1765982700.0,1765983600.0,,448.5959575176239,,,,,0,0,0.99,0.98,ONE_LEG_INVENTORY,,,,,,,,,,,,,,0,5,,,,,,,,,,,,,,,,,,,,"RECONSTRUCT_BLOCKED: OVERPAY_LIMIT (Op:0.3525 > L:0.0036, Cost:$1.76)",,,,,,,,15.0,20.0,,,,,0,0,,,Inv: 15.0/20.0 CapLeft: 15.0,,,15.0,20.0,35.0,15.0,50.0,0.0,50.0,0.98,0.020000000000000018,-5.0,0.4725,0.88,0.35250000000000004,5.0,1.7625000000000002,0.0035702021241188053,OVERPAY_LIMIT
1765983153.3249912,btc-updown-15m-1765982700,1765982700.0,1765983600.0,,446.6750087738037,,,,,0,0,0.96,0.98,ONE_LEG_INVENTORY,,,,,,,,,,,,,,0,5,,,,,,,,,,,,,,,,,,,,"RECONSTRUCT_BLOCKED: OVERPAY_LIMIT (Op:0.3425 > L:0.0037, Cost:$1.71)",,,,,,,,15.0,20.0,,,,,0,0,,,Inv: 15.0/20.0 CapLeft: 15.0,,,15.0,20.0,35.0,15.0,50.0,0.0,50.0,0.98,0.020000000000000018,-5.0,0.4725,0.87,0.3425,5.0,1.7125000000000001,0.0036662495613098145,OVERPAY_LIMIT
1765983153.3249912,btc-updown-15m-1765982700,1765982700.0,1765983600.0,,446.6750087738037,,,,,0,0,0.96,0.98,ONE_LEG_INVENTORY,,,,,,,,,,,,,,0,5,,,,,,,,,,,,,,,,,,,,"RECONSTRUCT_BLOCKED: OVERPAY_LIMIT (Op:0.3425 > L:0.0037, Cost:$1.71)",,,,,,,,15.0,20.0,,,,,0,0,,,Inv: 15.0/20.0 CapLeft: 15.0,,,15.0,20.0,35.0,15.0,50.0,0.0,50.0,0.98,0.020000000000000018,-5.0,0.4725,0.87,0.3425,5.0,1.7125000000000001,0.0036662495613098145,OVERPAY_LIMIT
1765983155.2947571,btc-updown-15m-1765982700,1765982700.0,1765983600.0,,444.70524287223816,,,,,0,0,0.99,0.98,ONE_LEG_INVENTORY,,,,,,,,,,,,,,0,5,,,,,,,,,,,,,,,,,,,,"RECONSTRUCT_BLOCKED: OVERPAY_LIMIT (Op:0.3625 > L:0.0038, Cost:$1.81)",,,,,,,,15.0,20.0,,,,,0,0,,,Inv: 15.0/20.0 CapLeft: 15.0,,,15.0,20.0,35.0,15.0,50.0,0.0,50.0,0.98,0.020000000000000018,-5.0,0.4725,0.89,0.36250000000000004,5.0,1.8125000000000002,0.003764737856388092,OVERPAY_LIMIT
1765983155.2947571,btc-updown-15m-1765982700,1765982700.0,1765983600.0,,444.70524287223816,,,,,0,0,0.99,0.98,ONE_LEG_INVENTORY,,,,,,,,,,,,,,0,5,,,,,,,,,,,,,,,,,,,,"RECONSTRUCT_BLOCKED: OVERPAY_LIMIT (Op:0.3625 > L:0.0038, Cost:$1.81)",,,,,,,,15.0,20.0,,,,,0,0,,,Inv: 15.0/20.0 CapLeft: 15.0,,,15.0,20.0,35.0,15.0,50.0,0.0,50.0,0.98,0.020000000000000018,-5.0,0.4725,0.89,0.36250000000000004,5.0,1.8125000000000002,0.003764737856388092,OVERPAY_LIMIT
1765983157.2473412,btc-updown-15m-1765982700,1765982700.0,1765983600.0,,442.75265884399414,,,,,0,0,0.98,0.98,ONE_LEG_INVENTORY,,,,,,,,,,,,,,0,5,,,,,,,,,,,,,,,,,,,,"RECONSTRUCT_BLOCKED: OVERPAY_LIMIT (Op:0.3825 > L:0.0039, Cost:$1.91)",,,,,,,,15.0,20.0,,,,,0,0,,,Inv: 15.0/20.0 CapLeft: 15.0,,,15.0,20.0,35.0,15.0,50.0,0.0,50.0,0.98,0.020000000000000018,-5.0,0.4725,0.91,0.38250000000000006,5.0,1.9125000000000003,0.003862367057800293,OVERPAY_LIMIT
1765983157.2473412,btc-updown-15m-1765982700,1765982700.0,1765983600.0,,442.75265884399414,,,,,0,0,0.98,0.98,ONE_LEG_INVENTORY,,,,,,,,,,,,,,0,5,,,,,,,,,,,,,,,,,,,,"RECONSTRUCT_BLOCKED: OVERPAY_LIMIT (Op:0.3825 > L:0.0039, Cost:$1.91)",,,,,,,,15.0,20.0,,,,,0,0,,,Inv: 15.0/20.0 CapLeft: 15.0,,,15.0,20.0,35.0,15.0,50.0,0.0,50.0,0.98,0.020000000000000018,-5.0,0.4725,0.91,0.38250000000000006,5.0,1.9125000000000003,0.003862367057800293,OVERPAY_LIMIT
1765983159.2208815,btc-updown-15m-1765982700,1765982700.0,1765983600.0,,440.77911853790283,,,,,0,0,1.01,0.98,ONE_LEG_INVENTORY,,,,,,,,,,,,,,0,5,,,,,,,,,,,,,,,,,,,,"RECONSTRUCT_BLOCKED: OVERPAY_LIMIT (Op:0.4025 > L:0.0040, Cost:$2.01)",,,,,,,,15.0,20.0,,,,,0,0,,,Inv: 15.0/20.0 CapLeft: 15.0,,,15.0,20.0,35.0,15.0,50.0,0.0,50.0,0.98,0.020000000000000018,-5.0,0.4725,0.93,0.4025000000000001,5.0,2.0125,0.0039610440731048585,OVERPAY_LIMIT
1765983159.2208815,btc-updown-15m-1765982700,1765982700.0,1765983600.0,,440.77911853790283,,,,,0,0,1.01,0.98,ONE_LEG_INVENTORY,,,,,,,,,,,,,,0,5,,,,,,,,,,,,,,,,,,,,"RECONSTRUCT_BLOCKED: OVERPAY_LIMIT (Op:0.4025 > L:0.0040, Cost:$2.01)",,,,,,,,15.0,20.0,,,,,0,0,,,Inv: 15.0/20.0 CapLeft: 15.0,,,15.0,20.0,35.0,15.0,50.0,0.0,50.0,0.98,0.020000000000000018,-5.0,0.4725,0.93,0.4025000000000001,5.0,2.0125,0.0039610440731048585,OVERPAY_LIMIT
1765983161.15344,btc-updown-15m-1765982700,1765982700.0,1765983600.0,,438.8465600013733,,,,,0,0,0.97,0.98,ONE_LEG_INVENTORY,,,,,,,,,,,,,,0,5,,,,,,,,,,,,,,,,,,,,"RECONSTRUCT_BLOCKED: OVERPAY_LIMIT (Op:0.3825 > L:0.0041, Cost:$1.91)",,,,,,,,15.0,20.0,,,,,0,0,,,Inv: 15.0/20.0 CapLeft: 15.0,,,15.0,20.0,35.0,15.0,50.0,0.0,50.0,0.98,0.020000000000000018,-5.0,0.4725,0.91,0.38250000000000006,5.0,1.9125000000000003,0.004057671999931336,OVERPAY_LIMIT
1765983161.15344,btc-updown-15m-1765982700,1765982700.0,1765983600.0,,438.8465600013733,,,,,0,0,0.97,0.98,ONE_LEG_INVENTORY,,,,,,,,,,,,,,0,5,,,,,,,,,,,,,,,,,,,,"RECONSTRUCT_BLOCKED: OVERPAY_LIMIT (Op:0.3825 > L:0.0041, Cost:$1.91)",,,,,,,,15.0,20.0,,,,,0,0,,,Inv: 15.0/20.0 CapLeft: 15.0,,,15.0,20.0,35.0,15.0,50.0,0.0,50.0,0.98,0.020000000000000018,-5.0,0.4725,0.91,0.38250000000000006,5.0,1.9125000000000003,0.004057671999931336,OVERPAY_LIMIT
1765983163.0923114,btc-updown-15m-1765982700,1765982700.0,1765983600.0,,436.9076886177063,,,,,0,0,0.99,0.98,ONE_LEG_INVENTORY,,,,,,,,,,,,,,0,5,,,,,,,,,,,,,,,,,,,,"RECONSTRUCT_BLOCKED: OVERPAY_LIMIT (Op:0.4025 > L:0.0042, Cost:$2.01)",,,,,,,,15.0,20.0,,,,,0,0,,,Inv: 15.0/20.0 CapLeft: 15.0,,,15.0,20.0,35.0,15.0,50.0,0.0,50.0,0.98,0.020000000000000018,-5.0,0.4725,0.93,0.4025000000000001,5.0,2.0125,0.004154615569114685,OVERPAY_LIMIT
1765983163.0923114,btc-updown-15m-1765982700,1765982700.0,1765983600.0,,436.9076886177063,,,,,0,0,0.99,0.98,ONE_LEG_INVENTORY,,,,,,,,,,,,,,0,5,,,,,,,,,,,,,,,,,,,,"RECONSTRUCT_BLOCKED: OVERPAY_LIMIT (Op:0.4025 > L:0.0042, Cost:$2.01)",,,,,,,,15.0,20.0,,,,,0,0,,,Inv: 15.0/20.0 CapLeft: 15.0,,,15.0,20.0,35.0,15.0,50.0,0.0,50.0,0.98,0.020000000000000018,-5.0,0.4725,0.93,0.4025000000000001,5.0,2.0125,0.004154615569114685,OVERPAY_LIMIT
1765983165.1029034,btc-updown-15m-1765982700,1765982700.0,1765983600.0,,434.89709663391113,,,,,0,0,0.99,0.98,ONE_LEG_INVENTORY,,,,,,,,,,,,,,0,5,,,,,,,,,,,,,,,,,,,,"RECONSTRUCT_BLOCKED: OVERPAY_LIMIT (Op:0.4125 > L:0.0043, Cost:$2.06)",,,,,,,,15.0,20.0,,,,,0,0,,,Inv: 15.0/20.0 CapLeft: 15.0,,,15.0,20.0,35.0,15.0,50.0,0.0,50.0,0.98,0.020000000000000018,-5.0,0.4725,0.94,0.41249999999999987,5.0,2.062499999999999,0.004255145168304443,OVERPAY_LIMIT
1765983165.1029034,btc-updown-15m-1765982700,1765982700.0,1765983600.0,,434.89709663391113,,,,,0,0,0.99,0.98,ONE_LEG_INVENTORY,,,,,,,,,,,,,,0,5,,,,,,,,,,,,,,,,,,,,"RECONSTRUCT_BLOCKED: OVERPAY_LIMIT (Op:0.4125 > L:0.0043, Cost:$2.06)",,,,,,,,15.0,20.0,,,,,0,0,,,Inv: 15.0/20.0 CapLeft: 15.0,,,15.0,20.0,35.0,15.0,50.0,0.0,50.0,0.98,0.020000000000000018,-5.0,0.4725,0.94,0.41249999999999987,5.0,2.062499999999999,0.004255145168304443,OVERPAY_LIMIT
1765983167.0656629,btc-updown-15m-1765982700,1765982700.0,1765983600.0,,432.93433713912964,,,,,0,0,0.99,0.98,ONE_LEG_INVENTORY,,,,,,,,,,,,,,0,5,,,,,,,,,,,,,,,,,,,,"RECONSTRUCT_BLOCKED: OVERPAY_LIMIT (Op:0.4125 > L:0.0044, Cost:$2.06)",,,,,,,,15.0,20.0,,,,,0,0,,,Inv: 15.0/20.0 CapLeft: 15.0,,,15.0,20.0,35.0,15.0,50.0,0.0,50.0,0.98,0.020000000000000018,-5.0,0.4725,0.94,0.41249999999999987,5.0,2.062499999999999,0.004353283143043518,OVERPAY_LIMIT
1765983167.0656629,btc-updown-15m-1765982700,1765982700.0,1765983600.0,,432.93433713912964,,,,,0,0,0.99,0.98,ONE_LEG_INVENTORY,,,,,,,,,,,,,,0,5,,,,,,,,,,,,,,,,,,,,"RECONSTRUCT_BLOCKED: OVERPAY_LIMIT (Op:0.4125 > L:0.0044, Cost:$2.06)",,,,,,,,15.0,20.0,,,,,0,0,,,Inv: 15.0/20.0 CapLeft: 15.0,,,15.0,20.0,35.0,15.0,50.0,0.0,50.0,0.98,0.020000000000000018,-5.0,0.4725,0.94,0.41249999999999987,5.0,2.062499999999999,0.004353283143043518,OVERPAY_LIMIT
1765983169.0387585,btc-updown-15m-1765982700,1765982700.0,1765983600.0,,430.96124148368835,,,,,0,0,0.98,0.98,ONE_LEG_INVENTORY,,,,,,,,,,,,,,0,5,,,,,,,,,,,,,,,,,,,,"RECONSTRUCT_BLOCKED: OVERPAY_LIMIT (Op:0.4125 > L:0.0045, Cost:$2.06)",,,,,,,,15.0,20.0,,,,,0,0,,,Inv: 15.0/20.0 CapLeft: 15.0,,,15.0,20.0,35.0,15.0,50.0,0.0,50.0,0.98,0.020000000000000018,-5.0,0.4725,0.94,0.41249999999999987,5.0,2.062499999999999,0.004451937925815583,OVERPAY_LIMIT
1765983169.0387585,btc-updown-15m-1765982700,1765982700.0,1765983600.0,,430.96124148368835,,,,,0,0,0.98,0.98,ONE_LEG_INVENTORY,,,,,,,,,,,,,,0,5,,,,,,,,,,,,,,,,,,,,"RECONSTRUCT_BLOCKED: OVERPAY_LIMIT (Op:0.4125 > L:0.0045, Cost:$2.06)",,,,,,,,15.0,20.0,,,,,0,0,,,Inv: 15.0/20.0 CapLeft: 15.0,,,15.0,20.0,35.0,15.0,50.0,0.0,50.0,0.98,0.020000000000000018,-5.0,0.4725,0.94,0.41249999999999987,5.0,2.062499999999999,0.004451937925815583,OVERPAY_LIMIT
1765983170.9874678,btc-updown-15m-1765982700,1765982700.0,1765983600.0,,429.0125322341919,,,,,0,0,0.99,0.98,ONE_LEG_INVENTORY,,,,,,,,,,,,,,0,5,,,,,,,,,,,,,,,,,,,,"RECONSTRUCT_BLOCKED: OVERPAY_LIMIT (Op:0.4225 > L:0.0045, Cost:$2.11)",,,,,,,,15.0,20.0,,,,,0,0,,,Inv: 15.0/20.0 CapLeft: 15.0,,,15.0,20.0,35.0,15.0,50.0,0.0,50.0,0.98,0.020000000000000018,-5.0,0.4725,0.95,0.4224999999999999,5.0,2.1124999999999994,0.004549373388290406,OVERPAY_LIMIT
1765983170.9874678,btc-updown-15m-1765982700,1765982700.0,1765983600.0,,429.0125322341919,,,,,0,0,0.99,0.98,ONE_LEG_INVENTORY,,,,,,,,,,,,,,0,5,,,,,,,,,,,,,,,,,,,,"RECONSTRUCT_BLOCKED: OVERPAY_LIMIT (Op:0.4225 > L:0.0045, Cost:$2.11)",,,,,,,,15.0,20.0,,,,,0,0,,,Inv: 15.0/20.0 CapLeft: 15.0,,,15.0,20.0,35.0,15.0,50.0,0.0,50.0,0.98,0.020000000000000018,-5.0,0.4725,0.95,0.4224999999999999,5.0,2.1124999999999994,0.004549373388290406,OVERPAY_LIMIT
1765983172.9233904,btc-updown-15m-1765982700,1765982700.0,1765983600.0,,427.07660961151123,,,,,0,0,0.99,0.98,ONE_LEG_INVENTORY,,,,,,,,,,,,,,0,5,,,,,,,,,,,,,,,,,,,,"RECONSTRUCT_BLOCKED: OVERPAY_LIMIT (Op:0.4325 > L:0.0046, Cost:$2.16)",,,,,,,,15.0,20.0,,,,,0,0,,,Inv: 15.0/20.0 CapLeft: 15.0,,,15.0,20.0,35.0,15.0,50.0,0.0,50.0,0.98,0.020000000000000018,-5.0,0.4725,0.96,0.4324999999999999,5.0,2.1624999999999996,0.004646169519424439,OVERPAY_LIMIT
1765983172.9233904,btc-updown-15m-1765982700,1765982700.0,1765983600.0,,427.07660961151123,,,,,0,0,0.99,0.98,ONE_LEG_INVENTORY,,,,,,,,,,,,,,0,5,,,,,,,,,,,,,,,,,,,,"RECONSTRUCT_BLOCKED: OVERPAY_LIMIT (Op:0.4325 > L:0.0046, Cost:$2.16)",,,,,,,,15.0,20.0,,,,,0,0,,,Inv: 15.0/20.0 CapLeft: 15.0,,,15.0,20.0,35.0,15.0,50.0,0.0,50.0,0.98,0.020000000000000018,-5.0,0.4725,0.96,0.4324999999999999,5.0,2.1624999999999996,0.004646169519424439,OVERPAY_LIMIT
1765983174.9017165,btc-updown-15m-1765982700,1765982700.0,1765983600.0,,425.0982835292816,,,,,0,0,0.99,0.98,ONE_LEG_INVENTORY,,,,,,,,,,,,,,0,5,,,,,,,,,,,,,,,,,,,,"RECONSTRUCT_BLOCKED: OVERPAY_LIMIT (Op:0.4425 > L:0.0047, Cost:$2.21)",,,,,,,,15.0,20.0,,,,,0,0,,,Inv: 15.0/20.0 CapLeft: 15.0,,,15.0,20.0,35.0,15.0,50.0,0.0,50.0,0.98,0.020000000000000018,-5.0,0.4725,0.97,0.4424999999999999,5.0,2.2124999999999995,0.00474508582353592,OVERPAY_LIMIT
1765983174.9017165,btc-updown-15m-1765982700,1765982700.0,1765983600.0,,425.0982835292816,,,,,0,0,0.99,0.98,ONE_LEG_INVENTORY,,,,,,,,,,,,,,0,5,,,,,,,,,,,,,,,,,,,,"RECONSTRUCT_BLOCKED: OVERPAY_LIMIT (Op:0.4425 > L:0.0047, Cost:$2.21)",,,,,,,,15.0,20.0,,,,,0,0,,,Inv: 15.0/20.0 CapLeft: 15.0,,,15.0,20.0,35.0,15.0,50.0,0.0,50.0,0.98,0.020000000000000018,-5.0,0.4725,0.97,0.4424999999999999,5.0,2.2124999999999995,0.00474508582353592,OVERPAY_LIMIT
1765983176.8573787,btc-updown-15m-1765982700,1765982700.0,1765983600.0,,423.1426212787628,,,,,0,0,0.99,0.98,ONE_LEG_INVENTORY,,,,,,,,,,,,,,0,5,,,,,,,,,,,,,,,,,,,,"RECONSTRUCT_BLOCKED: OVERPAY_LIMIT (Op:0.4425 > L:0.0048, Cost:$2.21)",,,,,,,,15.0,20.0,,,,,0,0,,,Inv: 15.0/20.0 CapLeft: 15.0,,,15.0,20.0,35.0,15.0,50.0,0.0,50.0,0.98,0.020000000000000018,-5.0,0.4725,0.97,0.4424999999999999,5.0,2.2124999999999995,0.004842868936061859,OVERPAY_LIMIT
1765983176.8573787,btc-updown-15m-1765982700,1765982700.0,1765983600.0,,423.1426212787628,,,,,0,0,0.99,0.98,ONE_LEG_INVENTORY,,,,,,,,,,,,,,0,5,,,,,,,,,,,,,,,,,,,,"RECONSTRUCT_BLOCKED: OVERPAY_LIMIT (Op:0.4425 > L:0.0048, Cost:$2.21)",,,,,,,,15.0,20.0,,,,,0,0,,,Inv: 15.0/20.0 CapLeft: 15.0,,,15.0,20.0,35.0,15.0,50.0,0.0,50.0,0.98,0.020000000000000018,-5.0,0.4725,0.97,0.4424999999999999,5.0,2.2124999999999995,0.004842868936061859,OVERPAY_LIMIT
1765983178.9428194,btc-updown-15m-1765982700,1765982700.0,1765983600.0,,421.05718064308167,,,,,0,0,0.99,0.98,ONE_LEG_INVENTORY,,,,,,,,,,,,,,0,5,,,,,,,,,,,,,,,,,,,,"RECONSTRUCT_BLOCKED: OVERPAY_LIMIT (Op:0.4525 > L:0.0049, Cost:$2.26)",,,,,,,,15.0,20.0,,,,,0,0,,,Inv: 15.0/20.0 CapLeft: 15.0,,,15.0,20.0,35.0,15.0,50.0,0.0,50.0,0.98,0.020000000000000018,-5.0,0.4725,0.98,0.4524999999999999,5.0,2.2624999999999993,0.004947140967845917,OVERPAY_LIMIT
1765983178.9428194,btc-updown-15m-1765982700,1765982700.0,1765983600.0,,421.05718064308167,,,,,0,0,0.99,0.98,ONE_LEG_INVENTORY,,,,,,,,,,,,,,0,5,,,,,,,,,,,,,,,,,,,,"RECONSTRUCT_BLOCKED: OVERPAY_LIMIT (Op:0.4525 > L:0.0049, Cost:$2.26)",,,,,,,,15.0,20.0,,,,,0,0,,,Inv: 15.0/20.0 CapLeft: 15.0,,,15.0,20.0,35.0,15.0,50.0,0.0,50.0,0.98,0.020000000000000018,-5.0,0.4725,0.98,0.4524999999999999,5.0,2.2624999999999993,0.004947140967845917,OVERPAY_LIMIT
1765983180.890704,btc-updown-15m-1765982700,1765982700.0,1765983600.0,,419.1092960834503,,,,,0,0,0.98,0.98,ONE_LEG_INVENTORY,,,,,,,,,,,,,,0,5,,,,,,,,,,,,,,,,,,,,"RECONSTRUCT_BLOCKED: OVERPAY_LIMIT (Op:0.4425 > L:0.0050, Cost:$2.21)",,,,,,,,15.0,20.0,,,,,0,0,,,Inv: 15.0/20.0 CapLeft: 15.0,,,15.0,20.0,35.0,15.0,50.0,0.0,50.0,0.98,0.020000000000000018,-5.0,0.4725,0.97,0.4424999999999999,5.0,2.2124999999999995,0.005044535195827484,OVERPAY_LIMIT
1765983180.890704,btc-updown-15m-1765982700,1765982700.0,1765983600.0,,419.1092960834503,,,,,0,0,0.98,0.98,ONE_LEG_INVENTORY,,,,,,,,,,,,,,0,5,,,,,,,,,,,,,,,,,,,,"RECONSTRUCT_BLOCKED: OVERPAY_LIMIT (Op:0.4425 > L:0.0050, Cost:$2.21)",,,,,,,,15.0,20.0,,,,,0,0,,,Inv: 15.0/20.0 CapLeft: 15.0,,,15.0,20.0,35.0,15.0,50.0,0.0,50.0,0.98,0.020000000000000018,-5.0,0.4725,0.97,0.4424999999999999,5.0,2.2124999999999995,0.005044535195827484,OVERPAY_LIMIT
1765983182.8427992,btc-updown-15m-1765982700,1765982700.0,1765983600.0,,417.15720081329346,,,,,0,0,0.99,0.98,ONE_LEG_INVENTORY,,,,,,,,,,,,,,0,5,,,,,,,,,,,,,,,,,,,,"RECONSTRUCT_BLOCKED: OVERPAY_LIMIT (Op:0.4625 > L:0.0051, Cost:$2.31)",,,,,,,,15.0,20.0,,,,,0,0,,,Inv: 15.0/20.0 CapLeft: 15.0,,,15.0,20.0,35.0,15.0,50.0,0.0,50.0,0.98,0.020000000000000018,-5.0,0.4725,0.99,0.4624999999999999,5.0,2.3124999999999996,0.005142139959335327,OVERPAY_LIMIT
1765983182.8427992,btc-updown-15m-1765982700,1765982700.0,1765983600.0,,417.15720081329346,,,,,0,0,0.99,0.98,ONE_LEG_INVENTORY,,,,,,,,,,,,,,0,5,,,,,,,,,,,,,,,,,,,,"RECONSTRUCT_BLOCKED: OVERPAY_LIMIT (Op:0.4625 > L:0.0051, Cost:$2.31)",,,,,,,,15.0,20.0,,,,,0,0,,,Inv: 15.0/20.0 CapLeft: 15.0,,,15.0,20.0,35.0,15.0,50.0,0.0,50.0,0.98,0.020000000000000018,-5.0,0.4725,0.99,0.4624999999999999,5.0,2.3124999999999996,0.005142139959335327,OVERPAY_LIMIT
1765983184.84697,btc-updown-15m-1765982700,1765982700.0,1765983600.0,,415.15302991867065,,,,,0,0,0.99,0.98,ONE_LEG_INVENTORY,,,,,,,,,,,,,,0,5,,,,,,,,,,,,,,,,,,,,"RECONSTRUCT_BLOCKED: OVERPAY_LIMIT (Op:0.4525 > L:0.0052, Cost:$2.26)",,,,,,,,15.0,20.0,,,,,0,0,,,Inv: 15.0/20.0 CapLeft: 15.0,,,15.0,20.0,35.0,15.0,50.0,0.0,50.0,0.98,0.020000000000000018,-5.0,0.4725,0.98,0.4524999999999999,5.0,2.2624999999999993,0.005242348504066467,OVERPAY_LIMIT
1765983184.84697,btc-updown-15m-1765982700,1765982700.0,1765983600.0,,415.15302991867065,,,,,0,0,0.99,0.98,ONE_LEG_INVENTORY,,,,,,,,,,,,,,0,5,,,,,,,,,,,,,,,,,,,,"RECONSTRUCT_BLOCKED: OVERPAY_LIMIT (Op:0.4525 > L:0.0052, Cost:$2.26)",,,,,,,,15.0,20.0,,,,,0,0,,,Inv: 15.0/20.0 CapLeft: 15.0,,,15.0,20.0,35.0,15.0,50.0,0.0,50.0,0.98,0.020000000000000018,-5.0,0.4725,0.98,0.4524999999999999,5.0,2.2624999999999993,0.005242348504066467,OVERPAY_LIMIT
1765983186.813026,btc-updown-15m-1765982700,1765982700.0,1765983600.0,,413.1869740486145,,,,,0,0,0.99,0.98,ONE_LEG_INVENTORY,,,,,,,,,,,,,,0,5,,,,,,,,,,,,,,,,,,,,"RECONSTRUCT_BLOCKED: OVERPAY_LIMIT (Op:0.4625 > L:0.0053, Cost:$2.31)",,,,,,,,15.0,20.0,,,,,0,0,,,Inv: 15.0/20.0 CapLeft: 15.0,,,15.0,20.0,35.0,15.0,50.0,0.0,50.0,0.98,0.020000000000000018,-5.0,0.4725,0.99,0.4624999999999999,5.0,2.3124999999999996,0.005340651297569275,OVERPAY_LIMIT
1765983186.813026,btc-updown-15m-1765982700,1765982700.0,1765983600.0,,413.1869740486145,,,,,0,0,0.99,0.98,ONE_LEG_INVENTORY,,,,,,,,,,,,,,0,5,,,,,,,,,,,,,,,,,,,,"RECONSTRUCT_BLOCKED: OVERPAY_LIMIT (Op:0.4625 > L:0.0053, Cost:$2.31)",,,,,,,,15.0,20.0,,,,,0,0,,,Inv: 15.0/20.0 CapLeft: 15.0,,,15.0,20.0,35.0,15.0,50.0,0.0,50.0,0.98,0.020000000000000018,-5.0,0.4725,0.99,0.4624999999999999,5.0,2.3124999999999996,0.005340651297569275,OVERPAY_LIMIT
1765983188.7662394,btc-updown-15m-1765982700,1765982700.0,1765983600.0,,411.23376059532166,,,,,0,0,0.99,0.98,ONE_LEG_INVENTORY,,,,,,,,,,,,,,0,5,,,,,,,,,,,,,,,,,,,,"RECONSTRUCT_BLOCKED: OVERPAY_LIMIT (Op:0.4625 > L:0.0054, Cost:$2.31)",,,,,,,,15.0,20.0,,,,,0,0,,,Inv: 15.0/20.0 CapLeft: 15.0,,,15.0,20.0,35.0,15.0,50.0,0.0,50.0,0.98,0.020000000000000018,-5.0,0.4725,0.99,0.4624999999999999,5.0,2.3124999999999996,0.005438311970233917,OVERPAY_LIMIT
1765983188.7662394,btc-updown-15m-1765982700,1765982700.0,1765983600.0,,411.23376059532166,,,,,0,0,0.99,0.98,ONE_LEG_INVENTORY,,,,,,,,,,,,,,0,5,,,,,,,,,,,,,,,,,,,,"RECONSTRUCT_BLOCKED: OVERPAY_LIMIT (Op:0.4625 > L:0.0054, Cost:$2.31)",,,,,,,,15.0,20.0,,,,,0,0,,,Inv: 15.0/20.0 CapLeft: 15.0,,,15.0,20.0,35.0,15.0,50.0,0.0,50.0,0.98,0.020000000000000018,-5.0,0.4725,0.99,0.4624999999999999,5.0,2.3124999999999996,0.005438311970233917,OVERPAY_LIMIT
1765983190.7078538,btc-updown-15m-1765982700,1765982700.0,1765983600.0,,409.2921462059021,,,,,0,0,0.99,0.98,ONE_LEG_INVENTORY,,,,,,,,,,,,,,0,5,,,,,,,,,,,,,,,,,,,,"RECONSTRUCT_BLOCKED: OVERPAY_LIMIT (Op:0.4625 > L:0.0055, Cost:$2.31)",,,,,,,,15.0,20.0,,,,,0,0,,,Inv: 15.0/20.0 CapLeft: 15.0,,,15.0,20.0,35.0,15.0,50.0,0.0,50.0,0.98,0.020000000000000018,-5.0,0.4725,0.99,0.4624999999999999,5.0,2.3124999999999996,0.005535392689704896,OVERPAY_LIMIT
1765983190.7078538,btc-updown-15m-1765982700,1765982700.0,1765983600.0,,409.2921462059021,,,,,0,0,0.99,0.98,ONE_LEG_INVENTORY,,,,,,,,,,,,,,0,5,,,,,,,,,,,,,,,,,,,,"RECONSTRUCT_BLOCKED: OVERPAY_LIMIT (Op:0.4625 > L:0.0055, Cost:$2.31)",,,,,,,,15.0,20.0,,,,,0,0,,,Inv: 15.0/20.0 CapLeft: 15.0,,,15.0,20.0,35.0,15.0,50.0,0.0,50.0,0.98,0.020000000000000018,-5.0,0.4725,0.99,0.4624999999999999,5.0,2.3124999999999996,0.005535392689704896,OVERPAY_LIMIT
1765983192.65525,btc-updown-15m-1765982700,1765982700.0,1765983600.0,,407.34474992752075,,,,,0,0,0.99,0.98,ONE_LEG_INVENTORY,,,,,,,,,,,,,,0,5,,,,,,,,,,,,,,,,,,,,"RECONSTRUCT_BLOCKED: OVERPAY_LIMIT (Op:0.4625 > L:0.0056, Cost:$2.31)",,,,,,,,15.0,20.0,,,,,0,0,,,Inv: 15.0/20.0 CapLeft: 15.0,,,15.0,20.0,35.0,15.0,50.0,0.0,50.0,0.98,0.020000000000000018,-5.0,0.4725,0.99,0.4624999999999999,5.0,2.3124999999999996,0.005632762503623963,OVERPAY_LIMIT
1765983192.65525,btc-updown-15m-1765982700,1765982700.0,1765983600.0,,407.34474992752075,,,,,0,0,0.99,0.98,ONE_LEG_INVENTORY,,,,,,,,,,,,,,0,5,,,,,,,,,,,,,,,,,,,,"RECONSTRUCT_BLOCKED: OVERPAY_LIMIT (Op:0.4625 > L:0.0056, Cost:$2.31)",,,,,,,,15.0,20.0,,,,,0,0,,,Inv: 15.0/20.0 CapLeft: 15.0,,,15.0,20.0,35.0,15.0,50.0,0.0,50.0,0.98,0.020000000000000018,-5.0,0.4725,0.99,0.4624999999999999,5.0,2.3124999999999996,0.005632762503623963,OVERPAY_LIMIT
1765983194.6323235,btc-updown-15m-1765982700,1765982700.0,1765983600.0,,405.36767649650574,,,,,0,0,0.99,0.98,ONE_LEG_INVENTORY,,,,,,,,,,,,,,0,5,,,,,,,,,,,,,,,,,,,,"RECONSTRUCT_BLOCKED: OVERPAY_LIMIT (Op:0.4625 > L:0.0057, Cost:$2.31)",,,,,,,,15.0,20.0,,,,,0,0,,,Inv: 15.0/20.0 CapLeft: 15.0,,,15.0,20.0,35.0,15.0,50.0,0.0,50.0,0.98,0.020000000000000018,-5.0,0.4725,0.99,0.4624999999999999,5.0,2.3124999999999996,0.005731616175174713,OVERPAY_LIMIT
1765983194.6323235,btc-updown-15m-1765982700,1765982700.0,1765983600.0,,405.36767649650574,,,,,0,0,0.99,0.98,ONE_LEG_INVENTORY,,,,,,,,,,,,,,0,5,,,,,,,,,,,,,,,,,,,,"RECONSTRUCT_BLOCKED: OVERPAY_LIMIT (Op:0.4625 > L:0.0057, Cost:$2.31)",,,,,,,,15.0,20.0,,,,,0,0,,,Inv: 15.0/20.0 CapLeft: 15.0,,,15.0,20.0,35.0,15.0,50.0,0.0,50.0,0.98,0.020000000000000018,-5.0,0.4725,0.99,0.4624999999999999,5.0,2.3124999999999996,0.005731616175174713,OVERPAY_LIMIT
1765983196.5745196,btc-updown-15m-1765982700,1765982700.0,1765983600.0,,403.4254803657532,,,,,0,0,0.99,0.98,ONE_LEG_INVENTORY,,,,,,,,,,,,,,0,5,,,,,,,,,,,,,,,,,,,,"RECONSTRUCT_BLOCKED: OVERPAY_LIMIT (Op:0.4625 > L:0.0058, Cost:$2.31)",,,,,,,,15.0,20.0,,,,,0,0,,,Inv: 15.0/20.0 CapLeft: 15.0,,,15.0,20.0,35.0,15.0,50.0,0.0,50.0,0.98,0.020000000000000018,-5.0,0.4725,0.99,0.4624999999999999,5.0,2.3124999999999996,0.0058287259817123415,OVERPAY_LIMIT
1765983196.5745196,btc-updown-15m-1765982700,1765982700.0,1765983600.0,,403.4254803657532,,,,,0,0,0.99,0.98,ONE_LEG_INVENTORY,,,,,,,,,,,,,,0,5,,,,,,,,,,,,,,,,,,,,"RECONSTRUCT_BLOCKED: OVERPAY_LIMIT (Op:0.4625 > L:0.0058, Cost:$2.31)",,,,,,,,15.0,20.0,,,,,0,0,,,Inv: 15.0/20.0 CapLeft: 15.0,,,15.0,20.0,35.0,15.0,50.0,0.0,50.0,0.98,0.020000000000000018,-5.0,0.4725,0.99,0.4624999999999999,5.0,2.3124999999999996,0.0058287259817123415,OVERPAY_LIMIT
1765983198.51665,btc-updown-15m-1765982700,1765982700.0,1765983600.0,,401.48335003852844,,,,,0,0,0.99,0.98,ONE_LEG_INVENTORY,,,,,,,,,,,,,,0,5,,,,,,,,,,,,,,,,,,,,"RECONSTRUCT_BLOCKED: OVERPAY_LIMIT (Op:0.4625 > L:0.0059, Cost:$2.31)",,,,,,,,15.0,20.0,,,,,0,0,,,Inv: 15.0/20.0 CapLeft: 15.0,,,15.0,20.0,35.0,15.0,50.0,0.0,50.0,0.98,0.020000000000000018,-5.0,0.4725,0.99,0.4624999999999999,5.0,2.3124999999999996,0.005925832498073578,OVERPAY_LIMIT
1765983198.51665,btc-updown-15m-1765982700,1765982700.0,1765983600.0,,401.48335003852844,,,,,0,0,0.99,0.98,ONE_LEG_INVENTORY,,,,,,,,,,,,,,0,5,,,,,,,,,,,,,,,,,,,,"RECONSTRUCT_BLOCKED: OVERPAY_LIMIT (Op:0.4625 > L:0.0059, Cost:$2.31)",,,,,,,,15.0,20.0,,,,,0,0,,,Inv: 15.0/20.0 CapLeft: 15.0,,,15.0,20.0,35.0,15.0,50.0,0.0,50.0,0.98,0.020000000000000018,-5.0,0.4725,0.99,0.4624999999999999,5.0,2.3124999999999996,0.005925832498073578,OVERPAY_LIMIT
1765983200.4598045,btc-updown-15m-1765982700,1765982700.0,1765983600.0,,399.5401954650879,,,,,0,0,0.99,0.98,ONE_LEG_INVENTORY,,,,,,,,,,,,,,0,5,,,,,,,,,,,,,,,,,,,,"RECONSTRUCT_BLOCKED: OVERPAY_LIMIT (Op:0.4625 > L:0.0060, Cost:$2.31)",,,,,,,,15.0,20.0,,,,,0,0,,,Inv: 15.0/20.0 CapLeft: 15.0,,,15.0,20.0,35.0,15.0,50.0,0.0,50.0,0.98,0.020000000000000018,-5.0,0.4725,0.99,0.4624999999999999,5.0,2.3124999999999996,0.0060229902267456056,OVERPAY_LIMIT
1765983200.4598045,btc-updown-15m-1765982700,1765982700.0,1765983600.0,,399.5401954650879,,,,,0,0,0.99,0.98,ONE_LEG_INVENTORY,,,,,,,,,,,,,,0,5,,,,,,,,,,,,,,,,,,,,"RECONSTRUCT_BLOCKED: OVERPAY_LIMIT (Op:0.4625 > L:0.0060, Cost:$2.31)",,,,,,,,15.0,20.0,,,,,0,0,,,Inv: 15.0/20.0 CapLeft: 15.0,,,15.0,20.0,35.0,15.0,50.0,0.0,50.0,0.98,0.020000000000000018,-5.0,0.4725,0.99,0.4624999999999999,5.0,2.3124999999999996,0.0060229902267456056,OVERPAY_LIMIT
1765983202.3970094,btc-updown-15m-1765982700,1765982700.0,1765983600.0,,397.6029906272888,,,,,0,0,0.99,0.98,ONE_LEG_INVENTORY,,,,,,,,,,,,,,0,5,,,,,,,,,,,,,,,,,,,,"RECONSTRUCT_BLOCKED: OVERPAY_LIMIT (Op:0.4625 > L:0.0061, Cost:$2.31)",,,,,,,,15.0,20.0,,,,,0,0,,,Inv: 15.0/20.0 CapLeft: 15.0,,,15.0,20.0,35.0,15.0,50.0,0.0,50.0,0.98,0.020000000000000018,-5.0,0.4725,0.99,0.4624999999999999,5.0,2.3124999999999996,0.00611985046863556,OVERPAY_LIMIT
1765983202.3970094,btc-updown-15m-1765982700,1765982700.0,1765983600.0,,397.6029906272888,,,,,0,0,0.99,0.98,ONE_LEG_INVENTORY,,,,,,,,,,,,,,0,5,,,,,,,,,,,,,,,,,,,,"RECONSTRUCT_BLOCKED: OVERPAY_LIMIT (Op:0.4625 > L:0.0061, Cost:$2.31)",,,,,,,,15.0,20.0,,,,,0,0,,,Inv: 15.0/20.0 CapLeft: 15.0,,,15.0,20.0,35.0,15.0,50.0,0.0,50.0,0.98,0.020000000000000018,-5.0,0.4725,0.99,0.4624999999999999,5.0,2.3124999999999996,0.00611985046863556,OVERPAY_LIMIT
1765983204.3755858,btc-updown-15m-1765982700,1765982700.0,1765983600.0,,395.62441420555115,,,,,0,0,0.99,0.98,ONE_LEG_INVENTORY,,,,,,,,,,,,,,0,5,,,,,,,,,,,,,,,,,,,,"RECONSTRUCT_BLOCKED: OVERPAY_LIMIT (Op:0.4625 > L:0.0062, Cost:$2.31)",,,,,,,,15.0,20.0,,,,,0,0,,,Inv: 15.0/20.0 CapLeft: 15.0,,,15.0,20.0,35.0,15.0,50.0,0.0,50.0,0.98,0.020000000000000018,-5.0,0.4725,0.99,0.4624999999999999,5.0,2.3124999999999996,0.006218779289722443,OVERPAY_LIMIT
1765983204.3755858,btc-updown-15m-1765982700,1765982700.0,1765983600.0,,395.62441420555115,,,,,0,0,0.99,0.98,ONE_LEG_INVENTORY,,,,,,,,,,,,,,0,5,,,,,,,,,,,,,,,,,,,,"RECONSTRUCT_BLOCKED: OVERPAY_LIMIT (Op:0.4625 > L:0.0062, Cost:$2.31)",,,,,,,,15.0,20.0,,,,,0,0,,,Inv: 15.0/20.0 CapLeft: 15.0,,,15.0,20.0,35.0,15.0,50.0,0.0,50.0,0.98,0.020000000000000018,-5.0,0.4725,0.99,0.4624999999999999,5.0,2.3124999999999996,0.006218779289722443,OVERPAY_LIMIT
1765983206.3320222,btc-updown-15m-1765982700,1765982700.0,1765983600.0,,393.667977809906,,,,,0,0,0.99,0.98,ONE_LEG_INVENTORY,,,,,,,,,,,,,,0,5,,,,,,,,,,,,,,,,,,,,"RECONSTRUCT_BLOCKED: OVERPAY_LIMIT (Op:0.4625 > L:0.0063, Cost:$2.31)",,,,,,,,15.0,20.0,,,,,0,0,,,Inv: 15.0/20.0 CapLeft: 15.0,,,15.0,20.0,35.0,15.0,50.0,0.0,50.0,0.98,0.020000000000000018,-5.0,0.4725,0.99,0.4624999999999999,5.0,2.3124999999999996,0.0063166011095047,OVERPAY_LIMIT
1765983206.3320222,btc-updown-15m-1765982700,1765982700.0,1765983600.0,,393.667977809906,,,,,0,0,0.99,0.98,ONE_LEG_INVENTORY,,,,,,,,,,,,,,0,5,,,,,,,,,,,,,,,,,,,,"RECONSTRUCT_BLOCKED: OVERPAY_LIMIT (Op:0.4625 > L:0.0063, Cost:$2.31)",,,,,,,,15.0,20.0,,,,,0,0,,,Inv: 15.0/20.0 CapLeft: 15.0,,,15.0,20.0,35.0,15.0,50.0,0.0,50.0,0.98,0.020000000000000018,-5.0,0.4725,0.99,0.4624999999999999,5.0,2.3124999999999996,0.0063166011095047,OVERPAY_LIMIT
1765983208.2841744,btc-updown-15m-1765982700,1765982700.0,1765983600.0,,391.71582555770874,,,,,0,0,0.99,0.98,ONE_LEG_INVENTORY,,,,,,,,,,,,,,0,5,,,,,,,,,,,,,,,,,,,,"RECONSTRUCT_BLOCKED: OVERPAY_LIMIT (Op:0.4625 > L:0.0064, Cost:$2.31)",,,,,,,,15.0,20.0,,,,,0,0,,,Inv: 15.0/20.0 CapLeft: 15.0,,,15.0,20.0,35.0,15.0,50.0,0.0,50.0,0.98,0.020000000000000018,-5.0,0.4725,0.99,0.4624999999999999,5.0,2.3124999999999996,0.006414208722114563,OVERPAY_LIMIT
1765983208.2841744,btc-updown-15m-1765982700,1765982700.0,1765983600.0,,391.71582555770874,,,,,0,0,0.99,0.98,ONE_LEG_INVENTORY,,,,,,,,,,,,,,0,5,,,,,,,,,,,,,,,,,,,,"RECONSTRUCT_BLOCKED: OVERPAY_LIMIT (Op:0.4625 > L:0.0064, Cost:$2.31)",,,,,,,,15.0,20.0,,,,,0,0,,,Inv: 15.0/20.0 CapLeft: 15.0,,,15.0,20.0,35.0,15.0,50.0,0.0,50.0,0.98,0.020000000000000018,-5.0,0.4725,0.99,0.4624999999999999,5.0,2.3124999999999996,0.006414208722114563,OVERPAY_LIMIT
1765983210.366405,btc-updown-15m-1765982700,1765982700.0,1765983600.0,,389.6335949897766,,,,,0,0,0.99,0.98,ONE_LEG_INVENTORY,,,,,,,,,,,,,,0,5,,,,,,,,,,,,,,,,,,,,"RECONSTRUCT_BLOCKED: OVERPAY_LIMIT (Op:0.4625 > L:0.0065, Cost:$2.31)",,,,,,,,15.0,20.0,,,,,0,0,,,Inv: 15.0/20.0 CapLeft: 15.0,,,15.0,20.0,35.0,15.0,50.0,0.0,50.0,0.98,0.020000000000000018,-5.0,0.4725,0.99,0.4624999999999999,5.0,2.3124999999999996,0.006518320250511169,OVERPAY_LIMIT
1765983210.366405,btc-updown-15m-1765982700,1765982700.0,1765983600.0,,389.6335949897766,,,,,0,0,0.99,0.98,ONE_LEG_INVENTORY,,,,,,,,,,,,,,0,5,,,,,,,,,,,,,,,,,,,,"RECONSTRUCT_BLOCKED: OVERPAY_LIMIT (Op:0.4625 > L:0.0065, Cost:$2.31)",,,,,,,,15.0,20.0,,,,,0,0,,,Inv: 15.0/20.0 CapLeft: 15.0,,,15.0,20.0,35.0,15.0,50.0,0.0,50.0,0.98,0.020000000000000018,-5.0,0.4725,0.99,0.4624999999999999,5.0,2.3124999999999996,0.006518320250511169,OVERPAY_LIMIT
1765983212.3090947,btc-updown-15m-1765982700,1765982700.0,1765983600.0,,387.6909053325653,,,,,0,0,0.99,0.98,ONE_LEG_INVENTORY,,,,,,,,,,,,,,0,5,,,,,,,,,,,,,,,,,,,,"RECONSTRUCT_BLOCKED: OVERPAY_LIMIT (Op:0.4625 > L:0.0066, Cost:$2.31)",,,,,,,,15.0,20.0,,,,,0,0,,,Inv: 15.0/20.0 CapLeft: 15.0,,,15.0,20.0,35.0,15.0,50.0,0.0,50.0,0.98,0.020000000000000018,-5.0,0.4725,0.99,0.4624999999999999,5.0,2.3124999999999996,0.006615454733371735,OVERPAY_LIMIT
1765983212.3090947,btc-updown-15m-1765982700,1765982700.0,1765983600.0,,387.6909053325653,,,,,0,0,0.99,0.98,ONE_LEG_INVENTORY,,,,,,,,,,,,,,0,5,,,,,,,,,,,,,,,,,,,,"RECONSTRUCT_BLOCKED: OVERPAY_LIMIT (Op:0.4625 > L:0.0066, Cost:$2.31)",,,,,,,,15.0,20.0,,,,,0,0,,,Inv: 15.0/20.0 CapLeft: 15.0,,,15.0,20.0,35.0,15.0,50.0,0.0,50.0,0.98,0.020000000000000018,-5.0,0.4725,0.99,0.4624999999999999,5.0,2.3124999999999996,0.006615454733371735,OVERPAY_LIMIT
1765983214.2901664,btc-updown-15m-1765982700,1765982700.0,1765983600.0,,385.70983362197876,,,,,0,0,0.99,0.98,ONE_LEG_INVENTORY,,,,,,,,,,,,,,0,5,,,,,,,,,,,,,,,,,,,,"RECONSTRUCT_BLOCKED: OVERPAY_LIMIT (Op:0.4625 > L:0.0067, Cost:$2.31)",,,,,,,,15.0,20.0,,,,,0,0,,,Inv: 15.0/20.0 CapLeft: 15.0,,,15.0,20.0,35.0,15.0,50.0,0.0,50.0,0.98,0.020000000000000018,-5.0,0.4725,0.99,0.4624999999999999,5.0,2.3124999999999996,0.006714508318901062,OVERPAY_LIMIT
1765983214.2901664,btc-updown-15m-1765982700,1765982700.0,1765983600.0,,385.70983362197876,,,,,0,0,0.99,0.98,ONE_LEG_INVENTORY,,,,,,,,,,,,,,0,5,,,,,,,,,,,,,,,,,,,,"RECONSTRUCT_BLOCKED: OVERPAY_LIMIT (Op:0.4625 > L:0.0067, Cost:$2.31)",,,,,,,,15.0,20.0,,,,,0,0,,,Inv: 15.0/20.0 CapLeft: 15.0,,,15.0,20.0,35.0,15.0,50.0,0.0,50.0,0.98,0.020000000000000018,-5.0,0.4725,0.99,0.4624999999999999,5.0,2.3124999999999996,0.006714508318901062,OVERPAY_LIMIT
1765983216.250392,btc-updown-15m-1765982700,1765982700.0,1765983600.0,,383.74960803985596,,,,,0,0,0.99,0.98,ONE_LEG_INVENTORY,,,,,,,,,,,,,,0,5,,,,,,,,,,,,,,,,,,,,"RECONSTRUCT_BLOCKED: OVERPAY_LIMIT (Op:0.4625 > L:0.0068, Cost:$2.31)",,,,,,,,15.0,20.0,,,,,0,0,,,Inv: 15.0/20.0 CapLeft: 15.0,,,15.0,20.0,35.0,15.0,50.0,0.0,50.0,0.98,0.020000000000000018,-5.0,0.4725,0.99,0.4624999999999999,5.0,2.3124999999999996,0.006812519598007202,OVERPAY_LIMIT
1765983216.250392,btc-updown-15m-1765982700,1765982700.0,1765983600.0,,383.74960803985596,,,,,0,0,0.99,0.98,ONE_LEG_INVENTORY,,,,,,,,,,,,,,0,5,,,,,,,,,,,,,,,,,,,,"RECONSTRUCT_BLOCKED: OVERPAY_LIMIT (Op:0.4625 > L:0.0068, Cost:$2.31)",,,,,,,,15.0,20.0,,,,,0,0,,,Inv: 15.0/20.0 CapLeft: 15.0,,,15.0,20.0,35.0,15.0,50.0,0.0,50.0,0.98,0.020000000000000018,-5.0,0.4725,0.99,0.4624999999999999,5.0,2.3124999999999996,0.006812519598007202,OVERPAY_LIMIT
1765983218.2060244,btc-updown-15m-1765982700,1765982700.0,1765983600.0,,381.79397559165955,,,,,0,0,0.99,0.98,ONE_LEG_INVENTORY,,,,,,,,,,,,,,0,5,,,,,,,,,,,,,,,,,,,,"RECONSTRUCT_BLOCKED: OVERPAY_LIMIT (Op:0.4625 > L:0.0069, Cost:$2.31)",,,,,,,,15.0,20.0,,,,,0,0,,,Inv: 15.0/20.0 CapLeft: 15.0,,,15.0,20.0,35.0,15.0,50.0,0.0,50.0,0.98,0.020000000000000018,-5.0,0.4725,0.99,0.4624999999999999,5.0,2.3124999999999996,0.006910301220417023,OVERPAY_LIMIT
1765983218.2060244,btc-updown-15m-1765982700,1765982700.0,1765983600.0,,381.79397559165955,,,,,0,0,0.99,0.98,ONE_LEG_INVENTORY,,,,,,,,,,,,,,0,5,,,,,,,,,,,,,,,,,,,,"RECONSTRUCT_BLOCKED: OVERPAY_LIMIT (Op:0.4625 > L:0.0069, Cost:$2.31)",,,,,,,,15.0,20.0,,,,,0,0,,,Inv: 15.0/20.0 CapLeft: 15.0,,,15.0,20.0,35.0,15.0,50.0,0.0,50.0,0.98,0.020000000000000018,-5.0,0.4725,0.99,0.4624999999999999,5.0,2.3124999999999996,0.006910301220417023,OVERPAY_LIMIT
1765983220.196257,btc-updown-15m-1765982700,1765982700.0,1765983600.0,,379.8037428855896,,,,,0,0,0.99,0.98,ONE_LEG_INVENTORY,,,,,,,,,,,,,,0,5,,,,,,,,,,,,,,,,,,,,"RECONSTRUCT_BLOCKED: OVERPAY_LIMIT (Op:0.4625 > L:0.0070, Cost:$2.31)",,,,,,,,15.0,20.0,,,,,0,0,,,Inv: 15.0/20.0 CapLeft: 15.0,,,15.0,20.0,35.0,15.0,50.0,0.0,50.0,0.98,0.020000000000000018,-5.0,0.4725,0.99,0.4624999999999999,5.0,2.3124999999999996,0.00700981285572052,OVERPAY_LIMIT
1765983220.196257,btc-updown-15m-1765982700,1765982700.0,1765983600.0,,379.8037428855896,,,,,0,0,0.99,0.98,ONE_LEG_INVENTORY,,,,,,,,,,,,,,0,5,,,,,,,,,,,,,,,,,,,,"RECONSTRUCT_BLOCKED: OVERPAY_LIMIT (Op:0.4625 > L:0.0070, Cost:$2.31)",,,,,,,,15.0,20.0,,,,,0,0,,,Inv: 15.0/20.0 CapLeft: 15.0,,,15.0,20.0,35.0,15.0,50.0,0.0,50.0,0.98,0.020000000000000018,-5.0,0.4725,0.99,0.4624999999999999,5.0,2.3124999999999996,0.00700981285572052,OVERPAY_LIMIT
1765983222.136189,btc-updown-15m-1765982700,1765982700.0,1765983600.0,,377.86381101608276,,,,,0,0,0.99,0.98,ONE_LEG_INVENTORY,,,,,,,,,,,,,,0,5,,,,,,,,,,,,,,,,,,,,"RECONSTRUCT_BLOCKED: OVERPAY_LIMIT (Op:0.4625 > L:0.0071, Cost:$2.31)",,,,,,,,15.0,20.0,,,,,0,0,,,Inv: 15.0/20.0 CapLeft: 15.0,,,15.0,20.0,35.0,15.0,50.0,0.0,50.0,0.98,0.020000000000000018,-5.0,0.4725,0.99,0.4624999999999999,5.0,2.3124999999999996,0.007106809449195862,OVERPAY_LIMIT
1765983222.136189,btc-updown-15m-1765982700,1765982700.0,1765983600.0,,377.86381101608276,,,,,0,0,0.99,0.98,ONE_LEG_INVENTORY,,,,,,,,,,,,,,0,5,,,,,,,,,,,,,,,,,,,,"RECONSTRUCT_BLOCKED: OVERPAY_LIMIT (Op:0.4625 > L:0.0071, Cost:$2.31)",,,,,,,,15.0,20.0,,,,,0,0,,,Inv: 15.0/20.0 CapLeft: 15.0,,,15.0,20.0,35.0,15.0,50.0,0.0,50.0,0.98,0.020000000000000018,-5.0,0.4725,0.99,0.4624999999999999,5.0,2.3124999999999996,0.007106809449195862,OVERPAY_LIMIT
1765983224.1184287,btc-updown-15m-1765982700,1765982700.0,1765983600.0,,375.8815712928772,,,,,0,0,0.99,0.98,ONE_LEG_INVENTORY,,,,,,,,,,,,,,0,5,,,,,,,,,,,,,,,,,,,,"RECONSTRUCT_BLOCKED: OVERPAY_LIMIT (Op:0.4625 > L:0.0072, Cost:$2.31)",,,,,,,,15.0,20.0,,,,,0,0,,,Inv: 15.0/20.0 CapLeft: 15.0,,,15.0,20.0,35.0,15.0,50.0,0.0,50.0,0.98,0.020000000000000018,-5.0,0.4725,0.99,0.4624999999999999,5.0,2.3124999999999996,0.007205921435356141,OVERPAY_LIMIT
1765983224.1184287,btc-updown-15m-1765982700,1765982700.0,1765983600.0,,375.8815712928772,,,,,0,0,0.99,0.98,ONE_LEG_INVENTORY,,,,,,,,,,,,,,0,5,,,,,,,,,,,,,,,,,,,,"RECONSTRUCT_BLOCKED: OVERPAY_LIMIT (Op:0.4625 > L:0.0072, Cost:$2.31)",,,,,,,,15.0,20.0,,,,,0,0,,,Inv: 15.0/20.0 CapLeft: 15.0,,,15.0,20.0,35.0,15.0,50.0,0.0,50.0,0.98,0.020000000000000018,-5.0,0.4725,0.99,0.4624999999999999,5.0,2.3124999999999996,0.007205921435356141,OVERPAY_LIMIT
1765983226.077751,btc-updown-15m-1765982700,1765982700.0,1765983600.0,,373.9222490787506,,,,,0,0,0.99,0.98,ONE_LEG_INVENTORY,,,,,,,,,,,,,,0,5,,,,,,,,,,,,,,,,,,,,"RECONSTRUCT_BLOCKED: OVERPAY_LIMIT (Op:0.4625 > L:0.0073, Cost:$2.31)",,,,,,,,15.0,20.0,,,,,0,0,,,Inv: 15.0/20.0 CapLeft: 15.0,,,15.0,20.0,35.0,15.0,50.0,0.0,50.0,0.98,0.020000000000000018,-5.0,0.4725,0.99,0.4624999999999999,5.0,2.3124999999999996,0.00730388754606247,OVERPAY_LIMIT
1765983226.077751,btc-updown-15m-1765982700,1765982700.0,1765983600.0,,373.9222490787506,,,,,0,0,0.99,0.98,ONE_LEG_INVENTORY,,,,,,,,,,,,,,0,5,,,,,,,,,,,,,,,,,,,,"RECONSTRUCT_BLOCKED: OVERPAY_LIMIT (Op:0.4625 > L:0.0073, Cost:$2.31)",,,,,,,,15.0,20.0,,,,,0,0,,,Inv: 15.0/20.0 CapLeft: 15.0,,,15.0,20.0,35.0,15.0,50.0,0.0,50.0,0.98,0.020000000000000018,-5.0,0.4725,0.99,0.4624999999999999,5.0,2.3124999999999996,0.00730388754606247,OVERPAY_LIMIT
1765983228.0221636,btc-updown-15m-1765982700,1765982700.0,1765983600.0,,371.97783637046814,,,,,0,0,0.99,0.98,ONE_LEG_INVENTORY,,,,,,,,,,,,,,0,5,,,,,,,,,,,,,,,,,,,,"RECONSTRUCT_BLOCKED: OVERPAY_LIMIT (Op:0.4625 > L:0.0074, Cost:$2.31)",,,,,,,,15.0,20.0,,,,,0,0,,,Inv: 15.0/20.0 CapLeft: 15.0,,,15.0,20.0,35.0,15.0,50.0,0.0,50.0,0.98,0.020000000000000018,-5.0,0.4725,0.99,0.4624999999999999,5.0,2.3124999999999996,0.007401108181476593,OVERPAY_LIMIT
1765983228.0221636,btc-updown-15m-1765982700,1765982700.0,1765983600.0,,371.97783637046814,,,,,0,0,0.99,0.98,ONE_LEG_INVENTORY,,,,,,,,,,,,,,0,5,,,,,,,,,,,,,,,,,,,,"RECONSTRUCT_BLOCKED: OVERPAY_LIMIT (Op:0.4625 > L:0.0074, Cost:$2.31)",,,,,,,,15.0,20.0,,,,,0,0,,,Inv: 15.0/20.0 CapLeft: 15.0,,,15.0,20.0,35.0,15.0,50.0,0.0,50.0,0.98,0.020000000000000018,-5.0,0.4725,0.99,0.4624999999999999,5.0,2.3124999999999996,0.007401108181476593,OVERPAY_LIMIT
1765983229.954535,btc-updown-15m-1765982700,1765982700.0,1765983600.0,,370.0454649925232,,,,,0,0,0.99,0.98,ONE_LEG_INVENTORY,,,,,,,,,,,,,,0,5,,,,,,,,,,,,,,,,,,,,"RECONSTRUCT_BLOCKED: OVERPAY_LIMIT (Op:0.4625 > L:0.0075, Cost:$2.31)",,,,,,,,15.0,20.0,,,,,0,0,,,Inv: 15.0/20.0 CapLeft: 15.0,,,15.0,20.0,35.0,15.0,50.0,0.0,50.0,0.98,0.020000000000000018,-5.0,0.4725,0.99,0.4624999999999999,5.0,2.3124999999999996,0.007497726750373841,OVERPAY_LIMIT
1765983229.954535,btc-updown-15m-1765982700,1765982700.0,1765983600.0,,370.0454649925232,,,,,0,0,0.99,0.98,ONE_LEG_INVENTORY,,,,,,,,,,,,,,0,5,,,,,,,,,,,,,,,,,,,,"RECONSTRUCT_BLOCKED: OVERPAY_LIMIT (Op:0.4625 > L:0.0075, Cost:$2.31)",,,,,,,,15.0,20.0,,,,,0,0,,,Inv: 15.0/20.0 CapLeft: 15.0,,,15.0,20.0,35.0,15.0,50.0,0.0,50.0,0.98,0.020000000000000018,-5.0,0.4725,0.99,0.4624999999999999,5.0,2.3124999999999996,0.007497726750373841,OVERPAY_LIMIT
1765983231.88003,btc-updown-15m-1765982700,1765982700.0,1765983600.0,,368.1199700832367,,,,,0,0,0.99,0.98,ONE_LEG_INVENTORY,,,,,,,,,,,,,,0,5,,,,,,,,,,,,,,,,,,,,"RECONSTRUCT_BLOCKED: OVERPAY_LIMIT (Op:0.4625 > L:0.0076, Cost:$2.31)",,,,,,,,15.0,20.0,,,,,0,0,,,Inv: 15.0/20.0 CapLeft: 15.0,,,15.0,20.0,35.0,15.0,50.0,0.0,50.0,0.98,0.020000000000000018,-5.0,0.4725,0.99,0.4624999999999999,5.0,2.3124999999999996,0.007594001495838165,OVERPAY_LIMIT
1765983231.88003,btc-updown-15m-1765982700,1765982700.0,1765983600.0,,368.1199700832367,,,,,0,0,0.99,0.98,ONE_LEG_INVENTORY,,,,,,,,,,,,,,0,5,,,,,,,,,,,,,,,,,,,,"RECONSTRUCT_BLOCKED: OVERPAY_LIMIT (Op:0.4625 > L:0.0076, Cost:$2.31)",,,,,,,,15.0,20.0,,,,,0,0,,,Inv: 15.0/20.0 CapLeft: 15.0,,,15.0,20.0,35.0,15.0,50.0,0.0,50.0,0.98,0.020000000000000018,-5.0,0.4725,0.99,0.4624999999999999,5.0,2.3124999999999996,0.007594001495838165,OVERPAY_LIMIT
1765983233.8627563,btc-updown-15m-1765982700,1765982700.0,1765983600.0,,366.1372437477112,,,,,0,0,0.99,0.98,ONE_LEG_INVENTORY,,,,,,,,,,,,,,0,5,,,,,,,,,,,,,,,,,,,,"RECONSTRUCT_BLOCKED: OVERPAY_LIMIT (Op:0.4625 > L:0.0077, Cost:$2.31)",,,,,,,,15.0,20.0,,,,,0,0,,,Inv: 15.0/20.0 CapLeft: 15.0,,,15.0,20.0,35.0,15.0,50.0,0.0,50.0,0.98,0.020000000000000018,-5.0,0.4725,0.99,0.4624999999999999,5.0,2.3124999999999996,0.007693137812614441,OVERPAY_LIMIT
1765983233.8627563,btc-updown-15m-1765982700,1765982700.0,1765983600.0,,366.1372437477112,,,,,0,0,0.99,0.98,ONE_LEG_INVENTORY,,,,,,,,,,,,,,0,5,,,,,,,,,,,,,,,,,,,,"RECONSTRUCT_BLOCKED: OVERPAY_LIMIT (Op:0.4625 > L:0.0077, Cost:$2.31)",,,,,,,,15.0,20.0,,,,,0,0,,,Inv: 15.0/20.0 CapLeft: 15.0,,,15.0,20.0,35.0,15.0,50.0,0.0,50.0,0.98,0.020000000000000018,-5.0,0.4725,0.99,0.4624999999999999,5.0,2.3124999999999996,0.007693137812614441,OVERPAY_LIMIT
1765983235.8096979,btc-updown-15m-1765982700,1765982700.0,1765983600.0,,364.1903021335602,,,,,0,0,0.99,0.98,ONE_LEG_INVENTORY,,,,,,,,,,,,,,0,5,,,,,,,,,,,,,,,,,,,,"RECONSTRUCT_BLOCKED: OVERPAY_LIMIT (Op:0.4625 > L:0.0078, Cost:$2.31)",,,,,,,,15.0,20.0,,,,,0,0,,,Inv: 15.0/20.0 CapLeft: 15.0,,,15.0,20.0,35.0,15.0,50.0,0.0,50.0,0.98,0.020000000000000018,-5.0,0.4725,0.99,0.4624999999999999,5.0,2.3124999999999996,0.007790484893321991,OVERPAY_LIMIT
1765983235.8096979,btc-updown-15m-1765982700,1765982700.0,1765983600.0,,364.1903021335602,,,,,0,0,0.99,0.98,ONE_LEG_INVENTORY,,,,,,,,,,,,,,0,5,,,,,,,,,,,,,,,,,,,,"RECONSTRUCT_BLOCKED: OVERPAY_LIMIT (Op:0.4625 > L:0.0078, Cost:$2.31)",,,,,,,,15.0,20.0,,,,,0,0,,,Inv: 15.0/20.0 CapLeft: 15.0,,,15.0,20.0,35.0,15.0,50.0,0.0,50.0,0.98,0.020000000000000018,-5.0,0.4725,0.99,0.4624999999999999,5.0,2.3124999999999996,0.007790484893321991,OVERPAY_LIMIT
1765983237.8060617,btc-updown-15m-1765982700,1765982700.0,1765983600.0,,362.19393825531006,,,,,0,0,0.99,0.98,ONE_LEG_INVENTORY,,,,,,,,,,,,,,0,5,,,,,,,,,,,,,,,,,,,,"RECONSTRUCT_BLOCKED: OVERPAY_LIMIT (Op:0.4625 > L:0.0079, Cost:$2.31)",,,,,,,,15.0,20.0,,,,,0,0,,,Inv: 15.0/20.0 CapLeft: 15.0,,,15.0,20.0,35.0,15.0,50.0,0.0,50.0,0.98,0.020000000000000018,-5.0,0.4725,0.99,0.4624999999999999,5.0,2.3124999999999996,0.007890303087234499,OVERPAY_LIMIT
1765983237.8060617,btc-updown-15m-1765982700,1765982700.0,1765983600.0,,362.19393825531006,,,,,0,0,0.99,0.98,ONE_LEG_INVENTORY,,,,,,,,,,,,,,0,5,,,,,,,,,,,,,,,,,,,,"RECONSTRUCT_BLOCKED: OVERPAY_LIMIT (Op:0.4625 > L:0.0079, Cost:$2.31)",,,,,,,,15.0,20.0,,,,,0,0,,,Inv: 15.0/20.0 CapLeft: 15.0,,,15.0,20.0,35.0,15.0,50.0,0.0,50.0,0.98,0.020000000000000018,-5.0,0.4725,0.99,0.4624999999999999,5.0,2.3124999999999996,0.007890303087234499,OVERPAY_LIMIT
1765983239.7983856,btc-updown-15m-1765982700,1765982700.0,1765983600.0,,360.2016143798828,,,,,0,0,0.99,0.98,ONE_LEG_INVENTORY,,,,,,,,,,,,,,0,5,,,,,,,,,,,,,,,,,,,,"RECONSTRUCT_BLOCKED: OVERPAY_LIMIT (Op:0.4625 > L:0.0080, Cost:$2.31)",,,,,,,,15.0,20.0,,,,,0,0,,,Inv: 15.0/20.0 CapLeft: 15.0,,,15.0,20.0,35.0,15.0,50.0,0.0,50.0,0.98,0.020000000000000018,-5.0,0.4725,0.99,0.4624999999999999,5.0,2.3124999999999996,0.007989919281005859,OVERPAY_LIMIT
1765983239.7983856,btc-updown-15m-1765982700,1765982700.0,1765983600.0,,360.2016143798828,,,,,0,0,0.99,0.98,ONE_LEG_INVENTORY,,,,,,,,,,,,,,0,5,,,,,,,,,,,,,,,,,,,,"RECONSTRUCT_BLOCKED: OVERPAY_LIMIT (Op:0.4625 > L:0.0080, Cost:$2.31)",,,,,,,,15.0,20.0,,,,,0,0,,,Inv: 15.0/20.0 CapLeft: 15.0,,,15.0,20.0,35.0,15.0,50.0,0.0,50.0,0.98,0.020000000000000018,-5.0,0.4725,0.99,0.4624999999999999,5.0,2.3124999999999996,0.007989919281005859,OVERPAY_LIMIT
1765983241.8462656,btc-updown-15m-1765982700,1765982700.0,1765983600.0,,358.1537344455719,,,,,0,0,0.99,0.98,ONE_LEG_INVENTORY,,,,,,,,,,,,,,0,5,,,,,,,,,,,,,,,,,,,,"RECONSTRUCT_BLOCKED: OVERPAY_LIMIT (Op:0.4625 > L:0.0081, Cost:$2.31)",,,,,,,,15.0,20.0,,,,,0,0,,,Inv: 15.0/20.0 CapLeft: 15.0,,,15.0,20.0,35.0,15.0,50.0,0.0,50.0,0.98,0.020000000000000018,-5.0,0.4725,0.99,0.4624999999999999,5.0,2.3124999999999996,0.008092313277721405,OVERPAY_LIMIT
1765983241.8462656,btc-updown-15m-1765982700,1765982700.0,1765983600.0,,358.1537344455719,,,,,0,0,0.99,0.98,ONE_LEG_INVENTORY,,,,,,,,,,,,,,0,5,,,,,,,,,,,,,,,,,,,,"RECONSTRUCT_BLOCKED: OVERPAY_LIMIT (Op:0.4625 > L:0.0081, Cost:$2.31)",,,,,,,,15.0,20.0,,,,,0,0,,,Inv: 15.0/20.0 CapLeft: 15.0,,,15.0,20.0,35.0,15.0,50.0,0.0,50.0,0.98,0.020000000000000018,-5.0,0.4725,0.99,0.4624999999999999,5.0,2.3124999999999996,0.008092313277721405,OVERPAY_LIMIT
1765983243.9032376,btc-updown-15m-1765982700,1765982700.0,1765983600.0,,356.09676241874695,,,,,0,0,0.99,0.98,ONE_LEG_INVENTORY,,,,,,,,,,,,,,0,5,,,,,,,,,,,,,,,,,,,,"RECONSTRUCT_BLOCKED: OVERPAY_LIMIT (Op:0.4625 > L:0.0082, Cost:$2.31)",,,,,,,,15.0,20.0,,,,,0,0,,,Inv: 15.0/20.0 CapLeft: 15.0,,,15.0,20.0,35.0,15.0,50.0,0.0,50.0,0.98,0.020000000000000018,-5.0,0.4725,0.99,0.4624999999999999,5.0,2.3124999999999996,0.008195161879062652,OVERPAY_LIMIT
1765983243.9032376,btc-updown-15m-1765982700,1765982700.0,1765983600.0,,356.09676241874695,,,,,0,0,0.99,0.98,ONE_LEG_INVENTORY,,,,,,,,,,,,,,0,5,,,,,,,,,,,,,,,,,,,,"RECONSTRUCT_BLOCKED: OVERPAY_LIMIT (Op:0.4625 > L:0.0082, Cost:$2.31)",,,,,,,,15.0,20.0,,,,,0,0,,,Inv: 15.0/20.0 CapLeft: 15.0,,,15.0,20.0,35.0,15.0,50.0,0.0,50.0,0.98,0.020000000000000018,-5.0,0.4725,0.99,0.4624999999999999,5.0,2.3124999999999996,0.008195161879062652,OVERPAY_LIMIT
1765983245.8605947,btc-updown-15m-1765982700,1765982700.0,1765983600.0,,354.1394052505493,,,,,0,0,0.99,0.98,ONE_LEG_INVENTORY,,,,,,,,,,,,,,0,5,,,,,,,,,,,,,,,,,,,,"RECONSTRUCT_BLOCKED: OVERPAY_LIMIT (Op:0.4625 > L:0.0083, Cost:$2.31)",,,,,,,,15.0,20.0,,,,,0,0,,,Inv: 15.0/20.0 CapLeft: 15.0,,,15.0,20.0,35.0,15.0,50.0,0.0,50.0,0.98,0.020000000000000018,-5.0,0.4725,0.99,0.4624999999999999,5.0,2.3124999999999996,0.008293029737472535,OVERPAY_LIMIT
1765983245.8605947,btc-updown-15m-1765982700,1765982700.0,1765983600.0,,354.1394052505493,,,,,0,0,0.99,0.98,ONE_LEG_INVENTORY,,,,,,,,,,,,,,0,5,,,,,,,,,,,,,,,,,,,,"RECONSTRUCT_BLOCKED: OVERPAY_LIMIT (Op:0.4625 > L:0.0083, Cost:$2.31)",,,,,,,,15.0,20.0,,,,,0,0,,,Inv: 15.0/20.0 CapLeft: 15.0,,,15.0,20.0,35.0,15.0,50.0,0.0,50.0,0.98,0.020000000000000018,-5.0,0.4725,0.99,0.4624999999999999,5.0,2.3124999999999996,0.008293029737472535,OVERPAY_LIMIT
1765983247.8636491,btc-updown-15m-1765982700,1765982700.0,1765983600.0,,352.13635087013245,,,,,0,0,0.99,0.98,ONE_LEG_INVENTORY,,,,,,,,,,,,,,0,5,,,,,,,,,,,,,,,,,,,,"RECONSTRUCT_BLOCKED: OVERPAY_LIMIT (Op:0.4625 > L:0.0084, Cost:$2.31)",,,,,,,,15.0,20.0,,,,,0,0,,,Inv: 15.0/20.0 CapLeft: 15.0,,,15.0,20.0,35.0,15.0,50.0,0.0,50.0,0.98,0.020000000000000018,-5.0,0.4725,0.99,0.4624999999999999,5.0,2.3124999999999996,0.008393182456493377,OVERPAY_LIMIT
1765983247.8636491,btc-updown-15m-1765982700,1765982700.0,1765983600.0,,352.13635087013245,,,,,0,0,0.99,0.98,ONE_LEG_INVENTORY,,,,,,,,,,,,,,0,5,,,,,,,,,,,,,,,,,,,,"RECONSTRUCT_BLOCKED: OVERPAY_LIMIT (Op:0.4625 > L:0.0084, Cost:$2.31)",,,,,,,,15.0,20.0,,,,,0,0,,,Inv: 15.0/20.0 CapLeft: 15.0,,,15.0,20.0,35.0,15.0,50.0,0.0,50.0,0.98,0.020000000000000018,-5.0,0.4725,0.99,0.4624999999999999,5.0,2.3124999999999996,0.008393182456493377,OVERPAY_LIMIT
1765983249.7999592,btc-updown-15m-1765982700,1765982700.0,1765983600.0,,350.20004081726074,,,,,0,0,0.99,0.98,ONE_LEG_INVENTORY,,,,,,,,,,,,,,0,5,,,,,,,,,,,,,,,,,,,,"RECONSTRUCT_BLOCKED: OVERPAY_LIMIT (Op:0.4625 > L:0.0085, Cost:$2.31)",,,,,,,,15.0,20.0,,,,,0,0,,,Inv: 15.0/20.0 CapLeft: 15.0,,,15.0,20.0,35.0,15.0,50.0,0.0,50.0,0.98,0.020000000000000018,-5.0,0.4725,0.99,0.4624999999999999,5.0,2.3124999999999996,0.008489997959136963,OVERPAY_LIMIT
1765983249.7999592,btc-updown-15m-1765982700,1765982700.0,1765983600.0,,350.20004081726074,,,,,0,0,0.99,0.98,ONE_LEG_INVENTORY,,,,,,,,,,,,,,0,5,,,,,,,,,,,,,,,,,,,,"RECONSTRUCT_BLOCKED: OVERPAY_LIMIT (Op:0.4625 > L:0.0085, Cost:$2.31)",,,,,,,,15.0,20.0,,,,,0,0,,,Inv: 15.0/20.0 CapLeft: 15.0,,,15.0,20.0,35.0,15.0,50.0,0.0,50.0,0.98,0.020000000000000018,-5.0,0.4725,0.99,0.4624999999999999,5.0,2.3124999999999996,0.008489997959136963,OVERPAY_LIMIT
1765983251.8098748,btc-updown-15m-1765982700,1765982700.0,1765983600.0,,348.1901252269745,,,,,0,0,0.99,0.98,ONE_LEG_INVENTORY,,,,,,,,,,,,,,0,5,,,,,,,,,,,,,,,,,,,,"RECONSTRUCT_BLOCKED: OVERPAY_LIMIT (Op:0.4625 > L:0.0086, Cost:$2.31)",,,,,,,,15.0,20.0,,,,,0,0,,,Inv: 15.0/20.0 CapLeft: 15.0,,,15.0,20.0,35.0,15.0,50.0,0.0,50.0,0.98,0.020000000000000018,-5.0,0.4725,0.99,0.4624999999999999,5.0,2.3124999999999996,0.008590493738651277,OVERPAY_LIMIT
1765983251.8098748,btc-updown-15m-1765982700,1765982700.0,1765983600.0,,348.1901252269745,,,,,0,0,0.99,0.98,ONE_LEG_INVENTORY,,,,,,,,,,,,,,0,5,,,,,,,,,,,,,,,,,,,,"RECONSTRUCT_BLOCKED: OVERPAY_LIMIT (Op:0.4625 > L:0.0086, Cost:$2.31)",,,,,,,,15.0,20.0,,,,,0,0,,,Inv: 15.0/20.0 CapLeft: 15.0,,,15.0,20.0,35.0,15.0,50.0,0.0,50.0,0.98,0.020000000000000018,-5.0,0.4725,0.99,0.4624999999999999,5.0,2.3124999999999996,0.008590493738651277,OVERPAY_LIMIT
1765983253.7672389,btc-updown-15m-1765982700,1765982700.0,1765983600.0,,346.23276114463806,,,,,0,0,0.99,0.98,ONE_LEG_INVENTORY,,,,,,,,,,,,,,0,5,,,,,,,,,,,,,,,,,,,,"RECONSTRUCT_BLOCKED: OVERPAY_LIMIT (Op:0.4625 > L:0.0087, Cost:$2.31)",,,,,,,,15.0,20.0,,,,,0,0,,,Inv: 15.0/20.0 CapLeft: 15.0,,,15.0,20.0,35.0,15.0,50.0,0.0,50.0,0.98,0.020000000000000018,-5.0,0.4725,0.99,0.4624999999999999,5.0,2.3124999999999996,0.008688361942768098,OVERPAY_LIMIT
1765983253.7672389,btc-updown-15m-1765982700,1765982700.0,1765983600.0,,346.23276114463806,,,,,0,0,0.99,0.98,ONE_LEG_INVENTORY,,,,,,,,,,,,,,0,5,,,,,,,,,,,,,,,,,,,,"RECONSTRUCT_BLOCKED: OVERPAY_LIMIT (Op:0.4625 > L:0.0087, Cost:$2.31)",,,,,,,,15.0,20.0,,,,,0,0,,,Inv: 15.0/20.0 CapLeft: 15.0,,,15.0,20.0,35.0,15.0,50.0,0.0,50.0,0.98,0.020000000000000018,-5.0,0.4725,0.99,0.4624999999999999,5.0,2.3124999999999996,0.008688361942768098,OVERPAY_LIMIT
1765983255.7514584,btc-updown-15m-1765982700,1765982700.0,1765983600.0,,344.24854159355164,,,,,0,0,0.99,0.98,ONE_LEG_INVENTORY,,,,,,,,,,,,,,0,5,,,,,,,,,,,,,,,,,,,,"RECONSTRUCT_BLOCKED: OVERPAY_LIMIT (Op:0.4625 > L:0.0088, Cost:$2.31)",,,,,,,,15.0,20.0,,,,,0,0,,,Inv: 15.0/20.0 CapLeft: 15.0,,,15.0,20.0,35.0,15.0,50.0,0.0,50.0,0.98,0.020000000000000018,-5.0,0.4725,0.99,0.4624999999999999,5.0,2.3124999999999996,0.00878757292032242,OVERPAY_LIMIT
1765983255.7514584,btc-updown-15m-1765982700,1765982700.0,1765983600.0,,344.24854159355164,,,,,0,0,0.99,0.98,ONE_LEG_INVENTORY,,,,,,,,,,,,,,0,5,,,,,,,,,,,,,,,,,,,,"RECONSTRUCT_BLOCKED: OVERPAY_LIMIT (Op:0.4625 > L:0.0088, Cost:$2.31)",,,,,,,,15.0,20.0,,,,,0,0,,,Inv: 15.0/20.0 CapLeft: 15.0,,,15.0,20.0,35.0,15.0,50.0,0.0,50.0,0.98,0.020000000000000018,-5.0,0.4725,0.99,0.4624999999999999,5.0,2.3124999999999996,0.00878757292032242,OVERPAY_LIMIT
1765983257.6849794,btc-updown-15m-1765982700,1765982700.0,1765983600.0,,342.31502056121826,,,,,0,0,0.99,0.98,ONE_LEG_INVENTORY,,,,,,,,,,,,,,0,5,,,,,,,,,,,,,,,,,,,,"RECONSTRUCT_BLOCKED: OVERPAY_LIMIT (Op:0.4625 > L:0.0089, Cost:$2.31)",,,,,,,,15.0,20.0,,,,,0,0,,,Inv: 15.0/20.0 CapLeft: 15.0,,,15.0,20.0,35.0,15.0,50.0,0.0,50.0,0.98,0.020000000000000018,-5.0,0.4725,0.99,0.4624999999999999,5.0,2.3124999999999996,0.008884248971939087,OVERPAY_LIMIT
1765983257.6849794,btc-updown-15m-1765982700,1765982700.0,1765983600.0,,342.31502056121826,,,,,0,0,0.99,0.98,ONE_LEG_INVENTORY,,,,,,,,,,,,,,0,5,,,,,,,,,,,,,,,,,,,,"RECONSTRUCT_BLOCKED: OVERPAY_LIMIT (Op:0.4625 > L:0.0089, Cost:$2.31)",,,,,,,,15.0,20.0,,,,,0,0,,,Inv: 15.0/20.0 CapLeft: 15.0,,,15.0,20.0,35.0,15.0,50.0,0.0,50.0,0.98,0.020000000000000018,-5.0,0.4725,0.99,0.4624999999999999,5.0,2.3124999999999996,0.008884248971939087,OVERPAY_LIMIT
1765983259.619547,btc-updown-15m-1765982700,1765982700.0,1765983600.0,,340.3804531097412,,,,,0,0,0.99,0.98,ONE_LEG_INVENTORY,,,,,,,,,,,,,,0,5,,,,,,,,,,,,,,,,,,,,"RECONSTRUCT_BLOCKED: OVERPAY_LIMIT (Op:0.4625 > L:0.0090, Cost:$2.31)",,,,,,,,15.0,20.0,,,,,0,0,,,Inv: 15.0/20.0 CapLeft: 15.0,,,15.0,20.0,35.0,15.0,50.0,0.0,50.0,0.98,0.020000000000000018,-5.0,0.4725,0.99,0.4624999999999999,5.0,2.3124999999999996,0.00898097734451294,OVERPAY_LIMIT
1765983259.619547,btc-updown-15m-1765982700,1765982700.0,1765983600.0,,340.3804531097412,,,,,0,0,0.99,0.98,ONE_LEG_INVENTORY,,,,,,,,,,,,,,0,5,,,,,,,,,,,,,,,,,,,,"RECONSTRUCT_BLOCKED: OVERPAY_LIMIT (Op:0.4625 > L:0.0090, Cost:$2.31)",,,,,,,,15.0,20.0,,,,,0,0,,,Inv: 15.0/20.0 CapLeft: 15.0,,,15.0,20.0,35.0,15.0,50.0,0.0,50.0,0.98,0.020000000000000018,-5.0,0.4725,0.99,0.4624999999999999,5.0,2.3124999999999996,0.00898097734451294,OVERPAY_LIMIT
1765983261.5706754,btc-updown-15m-1765982700,1765982700.0,1765983600.0,,338.4293246269226,,,,,0,0,0.99,0.98,ONE_LEG_INVENTORY,,,,,,,,,,,,,,0,5,,,,,,,,,,,,,,,,,,,,"RECONSTRUCT_BLOCKED: OVERPAY_LIMIT (Op:0.4625 > L:0.0091, Cost:$2.31)",,,,,,,,15.0,20.0,,,,,0,0,,,Inv: 15.0/20.0 CapLeft: 15.0,,,15.0,20.0,35.0,15.0,50.0,0.0,50.0,0.98,0.020000000000000018,-5.0,0.4725,0.99,0.4624999999999999,5.0,2.3124999999999996,0.00907853376865387,OVERPAY_LIMIT
1765983261.5706754,btc-updown-15m-1765982700,1765982700.0,1765983600.0,,338.4293246269226,,,,,0,0,0.99,0.98,ONE_LEG_INVENTORY,,,,,,,,,,,,,,0,5,,,,,,,,,,,,,,,,,,,,"RECONSTRUCT_BLOCKED: OVERPAY_LIMIT (Op:0.4625 > L:0.0091, Cost:$2.31)",,,,,,,,15.0,20.0,,,,,0,0,,,Inv: 15.0/20.0 CapLeft: 15.0,,,15.0,20.0,35.0,15.0,50.0,0.0,50.0,0.98,0.020000000000000018,-5.0,0.4725,0.99,0.4624999999999999,5.0,2.3124999999999996,0.00907853376865387,OVERPAY_LIMIT
1765983263.5076406,btc-updown-15m-1765982700,1765982700.0,1765983600.0,,336.49235939979553,,,,,0,0,0.99,0.98,ONE_LEG_INVENTORY,,,,,,,,,,,,,,0,5,,,,,,,,,,,,,,,,,,,,"RECONSTRUCT_BLOCKED: OVERPAY_LIMIT (Op:0.4625 > L:0.0092, Cost:$2.31)",,,,,,,,15.0,20.0,,,,,0,0,,,Inv: 15.0/20.0 CapLeft: 15.0,,,15.0,20.0,35.0,15.0,50.0,0.0,50.0,0.98,0.020000000000000018,-5.0,0.4725,0.99,0.4624999999999999,5.0,2.3124999999999996,0.009175382030010223,OVERPAY_LIMIT
1765983263.5076406,btc-updown-15m-1765982700,1765982700.0,1765983600.0,,336.49235939979553,,,,,0,0,0.99,0.98,ONE_LEG_INVENTORY,,,,,,,,,,,,,,0,5,,,,,,,,,,,,,,,,,,,,"RECONSTRUCT_BLOCKED: OVERPAY_LIMIT (Op:0.4625 > L:0.0092, Cost:$2.31)",,,,,,,,15.0,20.0,,,,,0,0,,,Inv: 15.0/20.0 CapLeft: 15.0,,,15.0,20.0,35.0,15.0,50.0,0.0,50.0,0.98,0.020000000000000018,-5.0,0.4725,0.99,0.4624999999999999,5.0,2.3124999999999996,0.009175382030010223,OVERPAY_LIMIT
1765983265.506646,btc-updown-15m-1765982700,1765982700.0,1765983600.0,,334.49335408210754,,,,,0,0,0.99,0.98,ONE_LEG_INVENTORY,,,,,,,,,,,,,,0,5,,,,,,,,,,,,,,,,,,,,"RECONSTRUCT_BLOCKED: OVERPAY_LIMIT (Op:0.4625 > L:0.0093, Cost:$2.31)",,,,,,,,15.0,20.0,,,,,0,0,,,Inv: 15.0/20.0 CapLeft: 15.0,,,15.0,20.0,35.0,15.0,50.0,0.0,50.0,0.98,0.020000000000000018,-5.0,0.4725,0.99,0.4624999999999999,5.0,2.3124999999999996,0.009275332295894622,OVERPAY_LIMIT
1765983265.506646,btc-updown-15m-1765982700,1765982700.0,1765983600.0,,334.49335408210754,,,,,0,0,0.99,0.98,ONE_LEG_INVENTORY,,,,,,,,,,,,,,0,5,,,,,,,,,,,,,,,,,,,,"RECONSTRUCT_BLOCKED: OVERPAY_LIMIT (Op:0.4625 > L:0.0093, Cost:$2.31)",,,,,,,,15.0,20.0,,,,,0,0,,,Inv: 15.0/20.0 CapLeft: 15.0,,,15.0,20.0,35.0,15.0,50.0,0.0,50.0,0.98,0.020000000000000018,-5.0,0.4725,0.99,0.4624999999999999,5.0,2.3124999999999996,0.009275332295894622,OVERPAY_LIMIT
1765983267.4463444,btc-updown-15m-1765982700,1765982700.0,1765983600.0,,332.55365562438965,,,,,0,0,0.99,0.98,ONE_LEG_INVENTORY,,,,,,,,,,,,,,0,5,,,,,,,,,,,,,,,,,,,,"RECONSTRUCT_BLOCKED: OVERPAY_LIMIT (Op:0.4625 > L:0.0094, Cost:$2.31)",,,,,,,,15.0,20.0,,,,,0,0,,,Inv: 15.0/20.0 CapLeft: 15.0,,,15.0,20.0,35.0,15.0,50.0,0.0,50.0,0.98,0.020000000000000018,-5.0,0.4725,0.99,0.4624999999999999,5.0,2.3124999999999996,0.009372317218780518,OVERPAY_LIMIT
1765983267.4463444,btc-updown-15m-1765982700,1765982700.0,1765983600.0,,332.55365562438965,,,,,0,0,0.99,0.98,ONE_LEG_INVENTORY,,,,,,,,,,,,,,0,5,,,,,,,,,,,,,,,,,,,,"RECONSTRUCT_BLOCKED: OVERPAY_LIMIT (Op:0.4625 > L:0.0094, Cost:$2.31)",,,,,,,,15.0,20.0,,,,,0,0,,,Inv: 15.0/20.0 CapLeft: 15.0,,,15.0,20.0,35.0,15.0,50.0,0.0,50.0,0.98,0.020000000000000018,-5.0,0.4725,0.99,0.4624999999999999,5.0,2.3124999999999996,0.009372317218780518,OVERPAY_LIMIT
1765983269.40232,btc-updown-15m-1765982700,1765982700.0,1765983600.0,,330.5976800918579,,,,,0,0,0.99,0.98,ONE_LEG_INVENTORY,,,,,,,,,,,,,,0,5,,,,,,,,,,,,,,,,,,,,"RECONSTRUCT_BLOCKED: OVERPAY_LIMIT (Op:0.4625 > L:0.0095, Cost:$2.31)",,,,,,,,15.0,20.0,,,,,0,0,,,Inv: 15.0/20.0 CapLeft: 15.0,,,15.0,20.0,35.0,15.0,50.0,0.0,50.0,0.98,0.020000000000000018,-5.0,0.4725,0.99,0.4624999999999999,5.0,2.3124999999999996,0.009470115995407105,OVERPAY_LIMIT
1765983269.40232,btc-updown-15m-1765982700,1765982700.0,1765983600.0,,330.5976800918579,,,,,0,0,0.99,0.98,ONE_LEG_INVENTORY,,,,,,,,,,,,,,0,5,,,,,,,,,,,,,,,,,,,,"RECONSTRUCT_BLOCKED: OVERPAY_LIMIT (Op:0.4625 > L:0.0095, Cost:$2.31)",,,,,,,,15.0,20.0,,,,,0,0,,,Inv: 15.0/20.0 CapLeft: 15.0,,,15.0,20.0,35.0,15.0,50.0,0.0,50.0,0.98,0.020000000000000018,-5.0,0.4725,0.99,0.4624999999999999,5.0,2.3124999999999996,0.009470115995407105,OVERPAY_LIMIT
1765983271.3674858,btc-updown-15m-1765982700,1765982700.0,1765983600.0,,328.63251423835754,,,,,0,0,0.99,0.98,ONE_LEG_INVENTORY,,,,,,,,,,,,,,0,5,,,,,,,,,,,,,,,,,,,,"RECONSTRUCT_BLOCKED: OVERPAY_LIMIT (Op:0.4625 > L:0.0096, Cost:$2.31)",,,,,,,,15.0,20.0,,,,,0,0,,,Inv: 15.0/20.0 CapLeft: 15.0,,,15.0,20.0,35.0,15.0,50.0,0.0,50.0,0.98,0.020000000000000018,-5.0,0.4725,0.99,0.4624999999999999,5.0,2.3124999999999996,0.009568374288082123,OVERPAY_LIMIT
1765983271.3674858,btc-updown-15m-1765982700,1765982700.0,1765983600.0,,328.63251423835754,,,,,0,0,0.99,0.98,ONE_LEG_INVENTORY,,,,,,,,,,,,,,0,5,,,,,,,,,,,,,,,,,,,,"RECONSTRUCT_BLOCKED: OVERPAY_LIMIT (Op:0.4625 > L:0.0096, Cost:$2.31)",,,,,,,,15.0,20.0,,,,,0,0,,,Inv: 15.0/20.0 CapLeft: 15.0,,,15.0,20.0,35.0,15.0,50.0,0.0,50.0,0.98,0.020000000000000018,-5.0,0.4725,0.99,0.4624999999999999,5.0,2.3124999999999996,0.009568374288082123,OVERPAY_LIMIT
1765983273.2924936,btc-updown-15m-1765982700,1765982700.0,1765983600.0,,326.70750641822815,,,,,0,0,0.99,0.98,ONE_LEG_INVENTORY,,,,,,,,,,,,,,0,5,,,,,,,,,,,,,,,,,,,,"RECONSTRUCT_BLOCKED: OVERPAY_LIMIT (Op:0.4625 > L:0.0097, Cost:$2.31)",,,,,,,,15.0,20.0,,,,,0,0,,,Inv: 15.0/20.0 CapLeft: 15.0,,,15.0,20.0,35.0,15.0,50.0,0.0,50.0,0.98,0.020000000000000018,-5.0,0.4725,0.99,0.4624999999999999,5.0,2.3124999999999996,0.009664624679088593,OVERPAY_LIMIT
1765983273.2924936,btc-updown-15m-1765982700,1765982700.0,1765983600.0,,326.70750641822815,,,,,0,0,0.99,0.98,ONE_LEG_INVENTORY,,,,,,,,,,,,,,0,5,,,,,,,,,,,,,,,,,,,,"RECONSTRUCT_BLOCKED: OVERPAY_LIMIT (Op:0.4625 > L:0.0097, Cost:$2.31)",,,,,,,,15.0,20.0,,,,,0,0,,,Inv: 15.0/20.0 CapLeft: 15.0,,,15.0,20.0,35.0,15.0,50.0,0.0,50.0,0.98,0.020000000000000018,-5.0,0.4725,0.99,0.4624999999999999,5.0,2.3124999999999996,0.009664624679088593,OVERPAY_LIMIT
1765983275.263885,btc-updown-15m-1765982700,1765982700.0,1765983600.0,,324.7361149787903,,,,,0,0,0.99,0.98,ONE_LEG_INVENTORY,,,,,,,,,,,,,,0,5,,,,,,,,,,,,,,,,,,,,"RECONSTRUCT_BLOCKED: OVERPAY_LIMIT (Op:0.4625 > L:0.0098, Cost:$2.31)",,,,,,,,15.0,20.0,,,,,0,0,,,Inv: 15.0/20.0 CapLeft: 15.0,,,15.0,20.0,35.0,15.0,50.0,0.0,50.0,0.98,0.020000000000000018,-5.0,0.4725,0.99,0.4624999999999999,5.0,2.3124999999999996,0.009763194251060486,OVERPAY_LIMIT
1765983275.263885,btc-updown-15m-1765982700,1765982700.0,1765983600.0,,324.7361149787903,,,,,0,0,0.99,0.98,ONE_LEG_INVENTORY,,,,,,,,,,,,,,0,5,,,,,,,,,,,,,,,,,,,,"RECONSTRUCT_BLOCKED: OVERPAY_LIMIT (Op:0.4625 > L:0.0098, Cost:$2.31)",,,,,,,,15.0,20.0,,,,,0,0,,,Inv: 15.0/20.0 CapLeft: 15.0,,,15.0,20.0,35.0,15.0,50.0,0.0,50.0,0.98,0.020000000000000018,-5.0,0.4725,0.99,0.4624999999999999,5.0,2.3124999999999996,0.009763194251060486,OVERPAY_LIMIT
1765983277.2885075,btc-updown-15m-1765982700,1765982700.0,1765983600.0,,322.71149253845215,,,,,0,0,0.99,0.98,ONE_LEG_INVENTORY,,,,,,,,,,,,,,0,5,,,,,,,,,,,,,,,,,,,,"RECONSTRUCT_BLOCKED: OVERPAY_LIMIT (Op:0.4625 > L:0.0099, Cost:$2.31)",,,,,,,,15.0,20.0,,,,,0,0,,,Inv: 15.0/20.0 CapLeft: 15.0,,,15.0,20.0,35.0,15.0,50.0,0.0,50.0,0.98,0.020000000000000018,-5.0,0.4725,0.99,0.4624999999999999,5.0,2.3124999999999996,0.009864425373077393,OVERPAY_LIMIT
1765983277.2885075,btc-updown-15m-1765982700,1765982700.0,1765983600.0,,322.71149253845215,,,,,0,0,0.99,0.98,ONE_LEG_INVENTORY,,,,,,,,,,,,,,0,5,,,,,,,,,,,,,,,,,,,,"RECONSTRUCT_BLOCKED: OVERPAY_LIMIT (Op:0.4625 > L:0.0099, Cost:$2.31)",,,,,,,,15.0,20.0,,,,,0,0,,,Inv: 15.0/20.0 CapLeft: 15.0,,,15.0,20.0,35.0,15.0,50.0,0.0,50.0,0.98,0.020000000000000018,-5.0,0.4725,0.99,0.4624999999999999,5.0,2.3124999999999996,0.009864425373077393,OVERPAY_LIMIT
1765983279.227147,btc-updown-15m-1765982700,1765982700.0,1765983600.0,,320.77285289764404,,,,,0,0,0.99,0.98,ONE_LEG_INVENTORY,,,,,,,,,,,,,,0,5,,,,,,,,,,,,,,,,,,,,"RECONSTRUCT_BLOCKED: OVERPAY_LIMIT (Op:0.4625 > L:0.0100, Cost:$2.31)",,,,,,,,15.0,20.0,,,,,0,0,,,Inv: 15.0/20.0 CapLeft: 15.0,,,15.0,20.0,35.0,15.0,50.0,0.0,50.0,0.98,0.020000000000000018,-5.0,0.4725,0.99,0.4624999999999999,5.0,2.3124999999999996,0.009961357355117799,OVERPAY_LIMIT
1765983279.227147,btc-updown-15m-1765982700,1765982700.0,1765983600.0,,320.77285289764404,,,,,0,0,0.99,0.98,ONE_LEG_INVENTORY,,,,,,,,,,,,,,0,5,,,,,,,,,,,,,,,,,,,,"RECONSTRUCT_BLOCKED: OVERPAY_LIMIT (Op:0.4625 > L:0.0100, Cost:$2.31)",,,,,,,,15.0,20.0,,,,,0,0,,,Inv: 15.0/20.0 CapLeft: 15.0,,,15.0,20.0,35.0,15.0,50.0,0.0,50.0,0.98,0.020000000000000018,-5.0,0.4725,0.99,0.4624999999999999,5.0,2.3124999999999996,0.009961357355117799,OVERPAY_LIMIT
1765983281.1975405,btc-updown-15m-1765982700,1765982700.0,1765983600.0,,318.8024594783783,,,,,0,0,0.99,0.98,ONE_LEG_INVENTORY,,,,,,,,,,,,,,0,5,,,,,,,,,,,,,,,,,,,,"RECONSTRUCT_BLOCKED: OVERPAY_LIMIT (Op:0.4625 > L:0.0101, Cost:$2.31)",,,,,,,,15.0,20.0,,,,,0,0,,,Inv: 15.0/20.0 CapLeft: 15.0,,,15.0,20.0,35.0,15.0,50.0,0.0,50.0,0.98,0.020000000000000018,-5.0,0.4725,0.99,0.4624999999999999,5.0,2.3124999999999996,0.010059877026081085,OVERPAY_LIMIT
1765983281.1975405,btc-updown-15m-1765982700,1765982700.0,1765983600.0,,318.8024594783783,,,,,0,0,0.99,0.98,ONE_LEG_INVENTORY,,,,,,,,,,,,,,0,5,,,,,,,,,,,,,,,,,,,,"RECONSTRUCT_BLOCKED: OVERPAY_LIMIT (Op:0.4625 > L:0.0101, Cost:$2.31)",,,,,,,,15.0,20.0,,,,,0,0,,,Inv: 15.0/20.0 CapLeft: 15.0,,,15.0,20.0,35.0,15.0,50.0,0.0,50.0,0.98,0.020000000000000018,-5.0,0.4725,0.99,0.4624999999999999,5.0,2.3124999999999996,0.010059877026081085,OVERPAY_LIMIT
1765983283.1590436,btc-updown-15m-1765982700,1765982700.0,1765983600.0,,316.84095644950867,,,,,0,0,0.99,0.98,ONE_LEG_INVENTORY,,,,,,,,,,,,,,0,5,,,,,,,,,,,,,,,,,,,,"RECONSTRUCT_BLOCKED: OVERPAY_LIMIT (Op:0.4625 > L:0.0102, Cost:$2.31)",,,,,,,,15.0,20.0,,,,,0,0,,,Inv: 15.0/20.0 CapLeft: 15.0,,,15.0,20.0,35.0,15.0,50.0,0.0,50.0,0.98,0.020000000000000018,-5.0,0.4725,0.99,0.4624999999999999,5.0,2.3124999999999996,0.010157952177524568,OVERPAY_LIMIT
1765983283.1590436,btc-updown-15m-1765982700,1765982700.0,1765983600.0,,316.84095644950867,,,,,0,0,0.99,0.98,ONE_LEG_INVENTORY,,,,,,,,,,,,,,0,5,,,,,,,,,,,,,,,,,,,,"RECONSTRUCT_BLOCKED: OVERPAY_LIMIT (Op:0.4625 > L:0.0102, Cost:$2.31)",,,,,,,,15.0,20.0,,,,,0,0,,,Inv: 15.0/20.0 CapLeft: 15.0,,,15.0,20.0,35.0,15.0,50.0,0.0,50.0,0.98,0.020000000000000018,-5.0,0.4725,0.99,0.4624999999999999,5.0,2.3124999999999996,0.010157952177524568,OVERPAY_LIMIT
1765983285.143694,btc-updown-15m-1765982700,1765982700.0,1765983600.0,,314.8563060760498,,,,,0,0,0.99,0.98,ONE_LEG_INVENTORY,,,,,,,,,,,,,,0,5,,,,,,,,,,,,,,,,,,,,"RECONSTRUCT_BLOCKED: OVERPAY_LIMIT (Op:0.4625 > L:0.0103, Cost:$2.31)",,,,,,,,15.0,20.0,,,,,0,0,,,Inv: 15.0/20.0 CapLeft: 15.0,,,15.0,20.0,35.0,15.0,50.0,0.0,50.0,0.98,0.020000000000000018,-5.0,0.4725,0.99,0.4624999999999999,5.0,2.3124999999999996,0.01025718469619751,OVERPAY_LIMIT
1765983285.143694,btc-updown-15m-1765982700,1765982700.0,1765983600.0,,314.8563060760498,,,,,0,0,0.99,0.98,ONE_LEG_INVENTORY,,,,,,,,,,,,,,0,5,,,,,,,,,,,,,,,,,,,,"RECONSTRUCT_BLOCKED: OVERPAY_LIMIT (Op:0.4625 > L:0.0103, Cost:$2.31)",,,,,,,,15.0,20.0,,,,,0,0,,,Inv: 15.0/20.0 CapLeft: 15.0,,,15.0,20.0,35.0,15.0,50.0,0.0,50.0,0.98,0.020000000000000018,-5.0,0.4725,0.99,0.4624999999999999,5.0,2.3124999999999996,0.01025718469619751,OVERPAY_LIMIT
1765983287.138716,btc-updown-15m-1765982700,1765982700.0,1765983600.0,,312.86128401756287,,,,,0,0,0.99,0.98,ONE_LEG_INVENTORY,,,,,,,,,,,,,,0,5,,,,,,,,,,,,,,,,,,,,"RECONSTRUCT_BLOCKED: OVERPAY_LIMIT (Op:0.4625 > L:0.0104, Cost:$2.31)",,,,,,,,15.0,20.0,,,,,0,0,,,Inv: 15.0/20.0 CapLeft: 15.0,,,15.0,20.0,35.0,15.0,50.0,0.0,50.0,0.98,0.020000000000000018,-5.0,0.4725,0.99,0.4624999999999999,5.0,2.3124999999999996,0.010356935799121857,OVERPAY_LIMIT
1765983287.138716,btc-updown-15m-1765982700,1765982700.0,1765983600.0,,312.86128401756287,,,,,0,0,0.99,0.98,ONE_LEG_INVENTORY,,,,,,,,,,,,,,0,5,,,,,,,,,,,,,,,,,,,,"RECONSTRUCT_BLOCKED: OVERPAY_LIMIT (Op:0.4625 > L:0.0104, Cost:$2.31)",,,,,,,,15.0,20.0,,,,,0,0,,,Inv: 15.0/20.0 CapLeft: 15.0,,,15.0,20.0,35.0,15.0,50.0,0.0,50.0,0.98,0.020000000000000018,-5.0,0.4725,0.99,0.4624999999999999,5.0,2.3124999999999996,0.010356935799121857,OVERPAY_LIMIT
1765983289.1067367,btc-updown-15m-1765982700,1765982700.0,1765983600.0,,310.89326333999634,,,,,0,0,0.99,0.98,ONE_LEG_INVENTORY,,,,,,,,,,,,,,0,5,,,,,,,,,,,,,,,,,,,,"RECONSTRUCT_BLOCKED: OVERPAY_LIMIT (Op:0.4625 > L:0.0105, Cost:$2.31)",,,,,,,,15.0,20.0,,,,,0,0,,,Inv: 15.0/20.0 CapLeft: 15.0,,,15.0,20.0,35.0,15.0,50.0,0.0,50.0,0.98,0.020000000000000018,-5.0,0.4725,0.99,0.4624999999999999,5.0,2.3124999999999996,0.010455336833000184,OVERPAY_LIMIT
1765983289.1067367,btc-updown-15m-1765982700,1765982700.0,1765983600.0,,310.89326333999634,,,,,0,0,0.99,0.98,ONE_LEG_INVENTORY,,,,,,,,,,,,,,0,5,,,,,,,,,,,,,,,,,,,,"RECONSTRUCT_BLOCKED: OVERPAY_LIMIT (Op:0.4625 > L:0.0105, Cost:$2.31)",,,,,,,,15.0,20.0,,,,,0,0,,,Inv: 15.0/20.0 CapLeft: 15.0,,,15.0,20.0,35.0,15.0,50.0,0.0,50.0,0.98,0.020000000000000018,-5.0,0.4725,0.99,0.4624999999999999,5.0,2.3124999999999996,0.010455336833000184,OVERPAY_LIMIT
1765983291.046867,btc-updown-15m-1765982700,1765982700.0,1765983600.0,,308.9531331062317,,,,,0,0,0.99,0.98,ONE_LEG_INVENTORY,,,,,,,,,,,,,,0,5,,,,,,,,,,,,,,,,,,,,"RECONSTRUCT_BLOCKED: OVERPAY_LIMIT (Op:0.4625 > L:0.0106, Cost:$2.31)",,,,,,,,15.0,20.0,,,,,0,0,,,Inv: 15.0/20.0 CapLeft: 15.0,,,15.0,20.0,35.0,15.0,50.0,0.0,50.0,0.98,0.020000000000000018,-5.0,0.4725,0.99,0.4624999999999999,5.0,2.3124999999999996,0.010552343344688415,OVERPAY_LIMIT
1765983291.046867,btc-updown-15m-1765982700,1765982700.0,1765983600.0,,308.9531331062317,,,,,0,0,0.99,0.98,ONE_LEG_INVENTORY,,,,,,,,,,,,,,0,5,,,,,,,,,,,,,,,,,,,,"RECONSTRUCT_BLOCKED: OVERPAY_LIMIT (Op:0.4625 > L:0.0106, Cost:$2.31)",,,,,,,,15.0,20.0,,,,,0,0,,,Inv: 15.0/20.0 CapLeft: 15.0,,,15.0,20.0,35.0,15.0,50.0,0.0,50.0,0.98,0.020000000000000018,-5.0,0.4725,0.99,0.4624999999999999,5.0,2.3124999999999996,0.010552343344688415,OVERPAY_LIMIT
1765983293.0024307,btc-updown-15m-1765982700,1765982700.0,1765983600.0,,306.99756932258606,,,,,0,0,0.99,0.98,ONE_LEG_INVENTORY,,,,,,,,,,,,,,0,5,,,,,,,,,,,,,,,,,,,,"RECONSTRUCT_BLOCKED: OVERPAY_LIMIT (Op:0.4625 > L:0.0107, Cost:$2.31)",,,,,,,,15.0,20.0,,,,,0,0,,,Inv: 15.0/20.0 CapLeft: 15.0,,,15.0,20.0,35.0,15.0,50.0,0.0,50.0,0.98,0.020000000000000018,-5.0,0.4725,0.99,0.4624999999999999,5.0,2.3124999999999996,0.010650121533870698,OVERPAY_LIMIT
1765983293.0024307,btc-updown-15m-1765982700,1765982700.0,1765983600.0,,306.99756932258606,,,,,0,0,0.99,0.98,ONE_LEG_INVENTORY,,,,,,,,,,,,,,0,5,,,,,,,,,,,,,,,,,,,,"RECONSTRUCT_BLOCKED: OVERPAY_LIMIT (Op:0.4625 > L:0.0107, Cost:$2.31)",,,,,,,,15.0,20.0,,,,,0,0,,,Inv: 15.0/20.0 CapLeft: 15.0,,,15.0,20.0,35.0,15.0,50.0,0.0,50.0,0.98,0.020000000000000018,-5.0,0.4725,0.99,0.4624999999999999,5.0,2.3124999999999996,0.010650121533870698,OVERPAY_LIMIT
1765983295.105598,btc-updown-15m-1765982700,1765982700.0,1765983600.0,,304.8944020271301,,,,,0,0,0.99,0.98,ONE_LEG_INVENTORY,,,,,,,,,,,,,,0,5,,,,,,,,,,,,,,,,,,,,"RECONSTRUCT_BLOCKED: OVERPAY_LIMIT (Op:0.4625 > L:0.0108, Cost:$2.31)",,,,,,,,15.0,20.0,,,,,0,0,,,Inv: 15.0/20.0 CapLeft: 15.0,,,15.0,20.0,35.0,15.0,50.0,0.0,50.0,0.98,0.020000000000000018,-5.0,0.4725,0.99,0.4624999999999999,5.0,2.3124999999999996,0.010755279898643494,OVERPAY_LIMIT
1765983295.105598,btc-updown-15m-1765982700,1765982700.0,1765983600.0,,304.8944020271301,,,,,0,0,0.99,0.98,ONE_LEG_INVENTORY,,,,,,,,,,,,,,0,5,,,,,,,,,,,,,,,,,,,,"RECONSTRUCT_BLOCKED: OVERPAY_LIMIT (Op:0.4625 > L:0.0108, Cost:$2.31)",,,,,,,,15.0,20.0,,,,,0,0,,,Inv: 15.0/20.0 CapLeft: 15.0,,,15.0,20.0,35.0,15.0,50.0,0.0,50.0,0.98,0.020000000000000018,-5.0,0.4725,0.99,0.4624999999999999,5.0,2.3124999999999996,0.010755279898643494,OVERPAY_LIMIT
1765983297.0805044,btc-updown-15m-1765982700,1765982700.0,1765983600.0,,302.91949558258057,,,,,0,0,0.99,0.98,ONE_LEG_INVENTORY,,,,,,,,,,,,,,0,5,,,,,,,,,,,,,,,,,,,,"RECONSTRUCT_BLOCKED: OVERPAY_LIMIT (Op:0.4625 > L:0.0109, Cost:$2.31)",,,,,,,,15.0,20.0,,,,,0,0,,,Inv: 15.0/20.0 CapLeft: 15.0,,,15.0,20.0,35.0,15.0,50.0,0.0,50.0,0.98,0.020000000000000018,-5.0,0.4725,0.99,0.4624999999999999,5.0,2.3124999999999996,0.010854025220870972,OVERPAY_LIMIT
1765983297.0805044,btc-updown-15m-1765982700,1765982700.0,1765983600.0,,302.91949558258057,,,,,0,0,0.99,0.98,ONE_LEG_INVENTORY,,,,,,,,,,,,,,0,5,,,,,,,,,,,,,,,,,,,,"RECONSTRUCT_BLOCKED: OVERPAY_LIMIT (Op:0.4625 > L:0.0109, Cost:$2.31)",,,,,,,,15.0,20.0,,,,,0,0,,,Inv: 15.0/20.0 CapLeft: 15.0,,,15.0,20.0,35.0,15.0,50.0,0.0,50.0,0.98,0.020000000000000018,-5.0,0.4725,0.99,0.4624999999999999,5.0,2.3124999999999996,0.010854025220870972,OVERPAY_LIMIT
1765983299.065561,btc-updown-15m-1765982700,1765982700.0,1765983600.0,,300.9344389438629,,,,,0,0,0.99,0.98,ONE_LEG_INVENTORY,,,,,,,,,,,,,,0,5,,,,,,,,,,,,,,,,,,,,"RECONSTRUCT_BLOCKED: OVERPAY_LIMIT (Op:0.4625 > L:0.0110, Cost:$2.31)",,,,,,,,15.0,20.0,,,,,0,0,,,Inv: 15.0/20.0 CapLeft: 15.0,,,15.0,20.0,35.0,15.0,50.0,0.0,50.0,0.98,0.020000000000000018,-5.0,0.4725,0.99,0.4624999999999999,5.0,2.3124999999999996,0.010953278052806855,OVERPAY_LIMIT
1765983299.065561,btc-updown-15m-1765982700,1765982700.0,1765983600.0,,300.9344389438629,,,,,0,0,0.99,0.98,ONE_LEG_INVENTORY,,,,,,,,,,,,,,0,5,,,,,,,,,,,,,,,,,,,,"RECONSTRUCT_BLOCKED: OVERPAY_LIMIT (Op:0.4625 > L:0.0110, Cost:$2.31)",,,,,,,,15.0,20.0,,,,,0,0,,,Inv: 15.0/20.0 CapLeft: 15.0,,,15.0,20.0,35.0,15.0,50.0,0.0,50.0,0.98,0.020000000000000018,-5.0,0.4725,0.99,0.4624999999999999,5.0,2.3124999999999996,0.010953278052806855,OVERPAY_LIMIT
1765983301.025168,btc-updown-15m-1765982700,1765982700.0,1765983600.0,,298.9748320579529,,,,,0,0,0.99,0.98,ONE_LEG_INVENTORY,,,,,,,,,,,,,,0,5,,,,,,,,,,,,,,,,,,,,"RECONSTRUCT_BLOCKED: OVERPAY_LIMIT (Op:0.4625 > L:0.0111, Cost:$2.31)",,,,,,,,15.0,20.0,,,,,0,0,,,Inv: 15.0/20.0 CapLeft: 15.0,,,15.0,20.0,35.0,15.0,50.0,0.0,50.0,0.98,0.020000000000000018,-5.0,0.4725,0.99,0.4624999999999999,5.0,2.3124999999999996,0.011051258397102356,OVERPAY_LIMIT
1765983301.025168,btc-updown-15m-1765982700,1765982700.0,1765983600.0,,298.9748320579529,,,,,0,0,0.99,0.98,ONE_LEG_INVENTORY,,,,,,,,,,,,,,0,5,,,,,,,,,,,,,,,,,,,,"RECONSTRUCT_BLOCKED: OVERPAY_LIMIT (Op:0.4625 > L:0.0111, Cost:$2.31)",,,,,,,,15.0,20.0,,,,,0,0,,,Inv: 15.0/20.0 CapLeft: 15.0,,,15.0,20.0,35.0,15.0,50.0,0.0,50.0,0.98,0.020000000000000018,-5.0,0.4725,0.99,0.4624999999999999,5.0,2.3124999999999996,0.011051258397102356,OVERPAY_LIMIT
1765983302.9808903,btc-updown-15m-1765982700,1765982700.0,1765983600.0,,297.01910972595215,,,,,0,0,0.99,0.98,ONE_LEG_INVENTORY,,,,,,,,,,,,,,0,5,,,,,,,,,,,,,,,,,,,,"RECONSTRUCT_BLOCKED: OVERPAY_LIMIT (Op:0.4625 > L:0.0111, Cost:$2.31)",,,,,,,,15.0,20.0,,,,,0,0,,,Inv: 15.0/20.0 CapLeft: 15.0,,,15.0,20.0,35.0,15.0,50.0,0.0,50.0,0.98,0.020000000000000018,-5.0,0.4725,0.99,0.4624999999999999,5.0,2.3124999999999996,0.011149044513702393,OVERPAY_LIMIT
1765983302.9808903,btc-updown-15m-1765982700,1765982700.0,1765983600.0,,297.01910972595215,,,,,0,0,0.99,0.98,ONE_LEG_INVENTORY,,,,,,,,,,,,,,0,5,,,,,,,,,,,,,,,,,,,,"RECONSTRUCT_BLOCKED: OVERPAY_LIMIT (Op:0.4625 > L:0.0111, Cost:$2.31)",,,,,,,,15.0,20.0,,,,,0,0,,,Inv: 15.0/20.0 CapLeft: 15.0,,,15.0,20.0,35.0,15.0,50.0,0.0,50.0,0.98,0.020000000000000018,-5.0,0.4725,0.99,0.4624999999999999,5.0,2.3124999999999996,0.011149044513702393,OVERPAY_LIMIT
1765983304.972692,btc-updown-15m-1765982700,1765982700.0,1765983600.0,,295.02730798721313,,,,,0,0,0.99,0.98,ONE_LEG_INVENTORY,,,,,,,,,,,,,,0,5,,,,,,,,,,,,,,,,,,,,"RECONSTRUCT_BLOCKED: OVERPAY_LIMIT (Op:0.4625 > L:0.0112, Cost:$2.31)",,,,,,,,15.0,20.0,,,,,0,0,,,Inv: 15.0/20.0 CapLeft: 15.0,,,15.0,20.0,35.0,15.0,50.0,0.0,50.0,0.98,0.020000000000000018,-5.0,0.4725,0.99,0.4624999999999999,5.0,2.3124999999999996,0.011248634600639344,OVERPAY_LIMIT
1765983304.972692,btc-updown-15m-1765982700,1765982700.0,1765983600.0,,295.02730798721313,,,,,0,0,0.99,0.98,ONE_LEG_INVENTORY,,,,,,,,,,,,,,0,5,,,,,,,,,,,,,,,,,,,,"RECONSTRUCT_BLOCKED: OVERPAY_LIMIT (Op:0.4625 > L:0.0112, Cost:$2.31)",,,,,,,,15.0,20.0,,,,,0,0,,,Inv: 15.0/20.0 CapLeft: 15.0,,,15.0,20.0,35.0,15.0,50.0,0.0,50.0,0.98,0.020000000000000018,-5.0,0.4725,0.99,0.4624999999999999,5.0,2.3124999999999996,0.011248634600639344,OVERPAY_LIMIT
1765983306.9320383,btc-updown-15m-1765982700,1765982700.0,1765983600.0,,293.06796169281006,,,,,0,0,0.99,0.98,ONE_LEG_INVENTORY,,,,,,,,,,,,,,0,5,,,,,,,,,,,,,,,,,,,,"RECONSTRUCT_BLOCKED: OVERPAY_LIMIT (Op:0.4625 > L:0.0113, Cost:$2.31)",,,,,,,,15.0,20.0,,,,,0,0,,,Inv: 15.0/20.0 CapLeft: 15.0,,,15.0,20.0,35.0,15.0,50.0,0.0,50.0,0.98,0.020000000000000018,-5.0,0.4725,0.99,0.4624999999999999,5.0,2.3124999999999996,0.011346601915359498,OVERPAY_LIMIT
1765983306.9320383,btc-updown-15m-1765982700,1765982700.0,1765983600.0,,293.06796169281006,,,,,0,0,0.99,0.98,ONE_LEG_INVENTORY,,,,,,,,,,,,,,0,5,,,,,,,,,,,,,,,,,,,,"RECONSTRUCT_BLOCKED: OVERPAY_LIMIT (Op:0.4625 > L:0.0113, Cost:$2.31)",,,,,,,,15.0,20.0,,,,,0,0,,,Inv: 15.0/20.0 CapLeft: 15.0,,,15.0,20.0,35.0,15.0,50.0,0.0,50.0,0.98,0.020000000000000018,-5.0,0.4725,0.99,0.4624999999999999,5.0,2.3124999999999996,0.011346601915359498,OVERPAY_LIMIT
1765983308.9639661,btc-updown-15m-1765982700,1765982700.0,1765983600.0,,291.0360338687897,,,,,0,0,0.99,0.98,ONE_LEG_INVENTORY,,,,,,,,,,,,,,0,5,,,,,,,,,,,,,,,,,,,,"RECONSTRUCT_BLOCKED: OVERPAY_LIMIT (Op:0.4625 > L:0.0114, Cost:$2.31)",,,,,,,,15.0,20.0,,,,,0,0,,,Inv: 15.0/20.0 CapLeft: 15.0,,,15.0,20.0,35.0,15.0,50.0,0.0,50.0,0.98,0.020000000000000018,-5.0,0.4725,0.99,0.4624999999999999,5.0,2.3124999999999996,0.011448198306560516,OVERPAY_LIMIT
1765983308.9639661,btc-updown-15m-1765982700,1765982700.0,1765983600.0,,291.0360338687897,,,,,0,0,0.99,0.98,ONE_LEG_INVENTORY,,,,,,,,,,,,,,0,5,,,,,,,,,,,,,,,,,,,,"RECONSTRUCT_BLOCKED: OVERPAY_LIMIT (Op:0.4625 > L:0.0114, Cost:$2.31)",,,,,,,,15.0,20.0,,,,,0,0,,,Inv: 15.0/20.0 CapLeft: 15.0,,,15.0,20.0,35.0,15.0,50.0,0.0,50.0,0.98,0.020000000000000018,-5.0,0.4725,0.99,0.4624999999999999,5.0,2.3124999999999996,0.011448198306560516,OVERPAY_LIMIT
1765983310.9269786,btc-updown-15m-1765982700,1765982700.0,1765983600.0,,289.07302141189575,,,,,0,0,0.99,0.98,ONE_LEG_INVENTORY,,,,,,,,,,,,,,0,5,,,,,,,,,,,,,,,,,,,,"RECONSTRUCT_BLOCKED: OVERPAY_LIMIT (Op:0.4625 > L:0.0115, Cost:$2.31)",,,,,,,,15.0,20.0,,,,,0,0,,,Inv: 15.0/20.0 CapLeft: 15.0,,,15.0,20.0,35.0,15.0,50.0,0.0,50.0,0.98,0.020000000000000018,-5.0,0.4725,0.99,0.4624999999999999,5.0,2.3124999999999996,0.011546348929405212,OVERPAY_LIMIT
1765983310.9269786,btc-updown-15m-1765982700,1765982700.0,1765983600.0,,289.07302141189575,,,,,0,0,0.99,0.98,ONE_LEG_INVENTORY,,,,,,,,,,,,,,0,5,,,,,,,,,,,,,,,,,,,,"RECONSTRUCT_BLOCKED: OVERPAY_LIMIT (Op:0.4625 > L:0.0115, Cost:$2.31)",,,,,,,,15.0,20.0,,,,,0,0,,,Inv: 15.0/20.0 CapLeft: 15.0,,,15.0,20.0,35.0,15.0,50.0,0.0,50.0,0.98,0.020000000000000018,-5.0,0.4725,0.99,0.4624999999999999,5.0,2.3124999999999996,0.011546348929405212,OVERPAY_LIMIT
1765983312.910334,btc-updown-15m-1765982700,1765982700.0,1765983600.0,,287.08966588974,,,,,0,0,0.99,0.98,ONE_LEG_INVENTORY,,,,,,,,,,,,,,0,5,,,,,,,,,,,,,,,,,,,,"RECONSTRUCT_BLOCKED: OVERPAY_LIMIT (Op:0.4625 > L:0.0116, Cost:$2.31)",,,,,,,,15.0,20.0,,,,,0,0,,,Inv: 15.0/20.0 CapLeft: 15.0,,,15.0,20.0,35.0,15.0,50.0,0.0,50.0,0.98,0.020000000000000018,-5.0,0.4725,0.99,0.4624999999999999,5.0,2.3124999999999996,0.011645516705513,OVERPAY_LIMIT
1765983312.910334,btc-updown-15m-1765982700,1765982700.0,1765983600.0,,287.08966588974,,,,,0,0,0.99,0.98,ONE_LEG_INVENTORY,,,,,,,,,,,,,,0,5,,,,,,,,,,,,,,,,,,,,"RECONSTRUCT_BLOCKED: OVERPAY_LIMIT (Op:0.4625 > L:0.0116, Cost:$2.31)",,,,,,,,15.0,20.0,,,,,0,0,,,Inv: 15.0/20.0 CapLeft: 15.0,,,15.0,20.0,35.0,15.0,50.0,0.0,50.0,0.98,0.020000000000000018,-5.0,0.4725,0.99,0.4624999999999999,5.0,2.3124999999999996,0.011645516705513,OVERPAY_LIMIT
1765983314.849044,btc-updown-15m-1765982700,1765982700.0,1765983600.0,,285.15095591545105,,,,,0,0,0.99,0.98,ONE_LEG_INVENTORY,,,,,,,,,,,,,,0,5,,,,,,,,,,,,,,,,,,,,"RECONSTRUCT_BLOCKED: OVERPAY_LIMIT (Op:0.4625 > L:0.0117, Cost:$2.31)",,,,,,,,15.0,20.0,,,,,0,0,,,Inv: 15.0/20.0 CapLeft: 15.0,,,15.0,20.0,35.0,15.0,50.0,0.0,50.0,0.98,0.020000000000000018,-5.0,0.4725,0.99,0.4624999999999999,5.0,2.3124999999999996,0.011742452204227448,OVERPAY_LIMIT
1765983314.849044,btc-updown-15m-1765982700,1765982700.0,1765983600.0,,285.15095591545105,,,,,0,0,0.99,0.98,ONE_LEG_INVENTORY,,,,,,,,,,,,,,0,5,,,,,,,,,,,,,,,,,,,,"RECONSTRUCT_BLOCKED: OVERPAY_LIMIT (Op:0.4625 > L:0.0117, Cost:$2.31)",,,,,,,,15.0,20.0,,,,,0,0,,,Inv: 15.0/20.0 CapLeft: 15.0,,,15.0,20.0,35.0,15.0,50.0,0.0,50.0,0.98,0.020000000000000018,-5.0,0.4725,0.99,0.4624999999999999,5.0,2.3124999999999996,0.011742452204227448,OVERPAY_LIMIT
1765983316.8178844,btc-updown-15m-1765982700,1765982700.0,1765983600.0,,283.18211555480957,,,,,0,0,0.99,0.98,ONE_LEG_INVENTORY,,,,,,,,,,,,,,0,5,,,,,,,,,,,,,,,,,,,,"RECONSTRUCT_BLOCKED: OVERPAY_LIMIT (Op:0.4625 > L:0.0118, Cost:$2.31)",,,,,,,,15.0,20.0,,,,,0,0,,,Inv: 15.0/20.0 CapLeft: 15.0,,,15.0,20.0,35.0,15.0,50.0,0.0,50.0,0.98,0.020000000000000018,-5.0,0.4725,0.99,0.4624999999999999,5.0,2.3124999999999996,0.011840894222259523,OVERPAY_LIMIT
1765983316.8178844,btc-updown-15m-1765982700,1765982700.0,1765983600.0,,283.18211555480957,,,,,0,0,0.99,0.98,ONE_LEG_INVENTORY,,,,,,,,,,,,,,0,5,,,,,,,,,,,,,,,,,,,,"RECONSTRUCT_BLOCKED: OVERPAY_LIMIT (Op:0.4625 > L:0.0118, Cost:$2.31)",,,,,,,,15.0,20.0,,,,,0,0,,,Inv: 15.0/20.0 CapLeft: 15.0,,,15.0,20.0,35.0,15.0,50.0,0.0,50.0,0.98,0.020000000000000018,-5.0,0.4725,0.99,0.4624999999999999,5.0,2.3124999999999996,0.011840894222259523,OVERPAY_LIMIT
1765983318.8344803,btc-updown-15m-1765982700,1765982700.0,1765983600.0,,281.16551971435547,,,,,0,0,0.99,0.98,ONE_LEG_INVENTORY,,,,,,,,,,,,,,0,5,,,,,,,,,,,,,,,,,,,,"RECONSTRUCT_BLOCKED: OVERPAY_LIMIT (Op:0.4625 > L:0.0119, Cost:$2.31)",,,,,,,,15.0,20.0,,,,,0,0,,,Inv: 15.0/20.0 CapLeft: 15.0,,,15.0,20.0,35.0,15.0,50.0,0.0,50.0,0.98,0.020000000000000018,-5.0,0.4725,0.99,0.4624999999999999,5.0,2.3124999999999996,0.011941724014282227,OVERPAY_LIMIT
1765983318.8344803,btc-updown-15m-1765982700,1765982700.0,1765983600.0,,281.16551971435547,,,,,0,0,0.99,0.98,ONE_LEG_INVENTORY,,,,,,,,,,,,,,0,5,,,,,,,,,,,,,,,,,,,,"RECONSTRUCT_BLOCKED: OVERPAY_LIMIT (Op:0.4625 > L:0.0119, Cost:$2.31)",,,,,,,,15.0,20.0,,,,,0,0,,,Inv: 15.0/20.0 CapLeft: 15.0,,,15.0,20.0,35.0,15.0,50.0,0.0,50.0,0.98,0.020000000000000018,-5.0,0.4725,0.99,0.4624999999999999,5.0,2.3124999999999996,0.011941724014282227,OVERPAY_LIMIT
1765983320.8168175,btc-updown-15m-1765982700,1765982700.0,1765983600.0,,279.18318247795105,,,,,0,0,0.99,0.98,ONE_LEG_INVENTORY,,,,,,,,,,,,,,0,5,,,,,,,,,,,,,,,,,,,,"RECONSTRUCT_BLOCKED: OVERPAY_LIMIT (Op:0.4625 > L:0.0120, Cost:$2.31)",,,,,,,,15.0,20.0,,,,,0,0,,,Inv: 15.0/20.0 CapLeft: 15.0,,,15.0,20.0,35.0,15.0,50.0,0.0,50.0,0.98,0.020000000000000018,-5.0,0.4725,0.99,0.4624999999999999,5.0,2.3124999999999996,0.012040840876102448,OVERPAY_LIMIT
1765983320.8168175,btc-updown-15m-1765982700,1765982700.0,1765983600.0,,279.18318247795105,,,,,0,0,0.99,0.98,ONE_LEG_INVENTORY,,,,,,,,,,,,,,0,5,,,,,,,,,,,,,,,,,,,,"RECONSTRUCT_BLOCKED: OVERPAY_LIMIT (Op:0.4625 > L:0.0120, Cost:$2.31)",,,,,,,,15.0,20.0,,,,,0,0,,,Inv: 15.0/20.0 CapLeft: 15.0,,,15.0,20.0,35.0,15.0,50.0,0.0,50.0,0.98,0.020000000000000018,-5.0,0.4725,0.99,0.4624999999999999,5.0,2.3124999999999996,0.012040840876102448,OVERPAY_LIMIT
1765983323.0449083,btc-updown-15m-1765982700,1765982700.0,1765983600.0,,276.955091714859,,,,,0,0,0.99,0.98,ONE_LEG_INVENTORY,,,,,,,,,,,,,,0,5,,,,,,,,,,,,,,,,,,,,"RECONSTRUCT_BLOCKED: OVERPAY_LIMIT (Op:0.4625 > L:0.0122, Cost:$2.31)",,,,,,,,15.0,20.0,,,,,0,0,,,Inv: 15.0/20.0 CapLeft: 15.0,,,15.0,20.0,35.0,15.0,50.0,0.0,50.0,0.98,0.020000000000000018,-5.0,0.4725,0.99,0.4624999999999999,5.0,2.3124999999999996,0.01215224541425705,OVERPAY_LIMIT
1765983323.0449083,btc-updown-15m-1765982700,1765982700.0,1765983600.0,,276.955091714859,,,,,0,0,0.99,0.98,ONE_LEG_INVENTORY,,,,,,,,,,,,,,0,5,,,,,,,,,,,,,,,,,,,,"RECONSTRUCT_BLOCKED: OVERPAY_LIMIT (Op:0.4625 > L:0.0122, Cost:$2.31)",,,,,,,,15.0,20.0,,,,,0,0,,,Inv: 15.0/20.0 CapLeft: 15.0,,,15.0,20.0,35.0,15.0,50.0,0.0,50.0,0.98,0.020000000000000018,-5.0,0.4725,0.99,0.4624999999999999,5.0,2.3124999999999996,0.01215224541425705,OVERPAY_LIMIT
1765983324.9897482,btc-updown-15m-1765982700,1765982700.0,1765983600.0,,275.0102517604828,,,,,0,0,0.99,0.98,ONE_LEG_INVENTORY,,,,,,,,,,,,,,0,5,,,,,,,,,,,,,,,,,,,,"RECONSTRUCT_BLOCKED: OVERPAY_LIMIT (Op:0.4625 > L:0.0122, Cost:$2.31)",,,,,,,,15.0,20.0,,,,,0,0,,,Inv: 15.0/20.0 CapLeft: 15.0,,,15.0,20.0,35.0,15.0,50.0,0.0,50.0,0.98,0.020000000000000018,-5.0,0.4725,0.99,0.4624999999999999,5.0,2.3124999999999996,0.012249487411975861,OVERPAY_LIMIT
1765983324.9897482,btc-updown-15m-1765982700,1765982700.0,1765983600.0,,275.0102517604828,,,,,0,0,0.99,0.98,ONE_LEG_INVENTORY,,,,,,,,,,,,,,0,5,,,,,,,,,,,,,,,,,,,,"RECONSTRUCT_BLOCKED: OVERPAY_LIMIT (Op:0.4625 > L:0.0122, Cost:$2.31)",,,,,,,,15.0,20.0,,,,,0,0,,,Inv: 15.0/20.0 CapLeft: 15.0,,,15.0,20.0,35.0,15.0,50.0,0.0,50.0,0.98,0.020000000000000018,-5.0,0.4725,0.99,0.4624999999999999,5.0,2.3124999999999996,0.012249487411975861,OVERPAY_LIMIT
1765983326.9203842,btc-updown-15m-1765982700,1765982700.0,1765983600.0,,273.0796158313751,,,,,0,0,0.99,0.98,ONE_LEG_INVENTORY,,,,,,,,,,,,,,0,5,,,,,,,,,,,,,,,,,,,,"RECONSTRUCT_BLOCKED: OVERPAY_LIMIT (Op:0.4625 > L:0.0123, Cost:$2.31)",,,,,,,,15.0,20.0,,,,,0,0,,,Inv: 15.0/20.0 CapLeft: 15.0,,,15.0,20.0,35.0,15.0,50.0,0.0,50.0,0.98,0.020000000000000018,-5.0,0.4725,0.99,0.4624999999999999,5.0,2.3124999999999996,0.012346019208431244,OVERPAY_LIMIT
1765983326.9203842,btc-updown-15m-1765982700,1765982700.0,1765983600.0,,273.0796158313751,,,,,0,0,0.99,0.98,ONE_LEG_INVENTORY,,,,,,,,,,,,,,0,5,,,,,,,,,,,,,,,,,,,,"RECONSTRUCT_BLOCKED: OVERPAY_LIMIT (Op:0.4625 > L:0.0123, Cost:$2.31)",,,,,,,,15.0,20.0,,,,,0,0,,,Inv: 15.0/20.0 CapLeft: 15.0,,,15.0,20.0,35.0,15.0,50.0,0.0,50.0,0.98,0.020000000000000018,-5.0,0.4725,0.99,0.4624999999999999,5.0,2.3124999999999996,0.012346019208431244,OVERPAY_LIMIT
1765983328.9094207,btc-updown-15m-1765982700,1765982700.0,1765983600.0,,271.0905792713165,,,,,0,0,0.99,0.98,ONE_LEG_INVENTORY,,,,,,,,,,,,,,0,5,,,,,,,,,,,,,,,,,,,,"RECONSTRUCT_BLOCKED: OVERPAY_LIMIT (Op:0.4625 > L:0.0124, Cost:$2.31)",,,,,,,,15.0,20.0,,,,,0,0,,,Inv: 15.0/20.0 CapLeft: 15.0,,,15.0,20.0,35.0,15.0,50.0,0.0,50.0,0.98,0.020000000000000018,-5.0,0.4725,0.99,0.4624999999999999,5.0,2.3124999999999996,0.012445471036434175,OVERPAY_LIMIT
1765983328.9094207,btc-updown-15m-1765982700,1765982700.0,1765983600.0,,271.0905792713165,,,,,0,0,0.99,0.98,ONE_LEG_INVENTORY,,,,,,,,,,,,,,0,5,,,,,,,,,,,,,,,,,,,,"RECONSTRUCT_BLOCKED: OVERPAY_LIMIT (Op:0.4625 > L:0.0124, Cost:$2.31)",,,,,,,,15.0,20.0,,,,,0,0,,,Inv: 15.0/20.0 CapLeft: 15.0,,,15.0,20.0,35.0,15.0,50.0,0.0,50.0,0.98,0.020000000000000018,-5.0,0.4725,0.99,0.4624999999999999,5.0,2.3124999999999996,0.012445471036434175,OVERPAY_LIMIT
1765983330.8881545,btc-updown-15m-1765982700,1765982700.0,1765983600.0,,269.11184549331665,,,,,0,0,0.99,0.98,ONE_LEG_INVENTORY,,,,,,,,,,,,,,0,5,,,,,,,,,,,,,,,,,,,,"RECONSTRUCT_BLOCKED: OVERPAY_LIMIT (Op:0.4625 > L:0.0125, Cost:$2.31)",,,,,,,,15.0,20.0,,,,,0,0,,,Inv: 15.0/20.0 CapLeft: 15.0,,,15.0,20.0,35.0,15.0,50.0,0.0,50.0,0.98,0.020000000000000018,-5.0,0.4725,0.99,0.4624999999999999,5.0,2.3124999999999996,0.012544407725334168,OVERPAY_LIMIT
1765983330.8881545,btc-updown-15m-1765982700,1765982700.0,1765983600.0,,269.11184549331665,,,,,0,0,0.99,0.98,ONE_LEG_INVENTORY,,,,,,,,,,,,,,0,5,,,,,,,,,,,,,,,,,,,,"RECONSTRUCT_BLOCKED: OVERPAY_LIMIT (Op:0.4625 > L:0.0125, Cost:$2.31)",,,,,,,,15.0,20.0,,,,,0,0,,,Inv: 15.0/20.0 CapLeft: 15.0,,,15.0,20.0,35.0,15.0,50.0,0.0,50.0,0.98,0.020000000000000018,-5.0,0.4725,0.99,0.4624999999999999,5.0,2.3124999999999996,0.012544407725334168,OVERPAY_LIMIT
1765983332.8150105,btc-updown-15m-1765982700,1765982700.0,1765983600.0,,267.18498945236206,,,,,0,0,0.99,0.98,ONE_LEG_INVENTORY,,,,,,,,,,,,,,0,5,,,,,,,,,,,,,,,,,,,,"RECONSTRUCT_BLOCKED: OVERPAY_LIMIT (Op:0.4625 > L:0.0126, Cost:$2.31)",,,,,,,,15.0,20.0,,,,,0,0,,,Inv: 15.0/20.0 CapLeft: 15.0,,,15.0,20.0,35.0,15.0,50.0,0.0,50.0,0.98,0.020000000000000018,-5.0,0.4725,0.99,0.4624999999999999,5.0,2.3124999999999996,0.012640750527381898,OVERPAY_LIMIT
1765983332.8150105,btc-updown-15m-1765982700,1765982700.0,1765983600.0,,267.18498945236206,,,,,0,0,0.99,0.98,ONE_LEG_INVENTORY,,,,,,,,,,,,,,0,5,,,,,,,,,,,,,,,,,,,,"RECONSTRUCT_BLOCKED: OVERPAY_LIMIT (Op:0.4625 > L:0.0126, Cost:$2.31)",,,,,,,,15.0,20.0,,,,,0,0,,,Inv: 15.0/20.0 CapLeft: 15.0,,,15.0,20.0,35.0,15.0,50.0,0.0,50.0,0.98,0.020000000000000018,-5.0,0.4725,0.99,0.4624999999999999,5.0,2.3124999999999996,0.012640750527381898,OVERPAY_LIMIT
1765983334.7649696,btc-updown-15m-1765982700,1765982700.0,1765983600.0,,265.23503041267395,,,,,0,0,0.99,0.98,ONE_LEG_INVENTORY,,,,,,,,,,,,,,0,5,,,,,,,,,,,,,,,,,,,,"RECONSTRUCT_BLOCKED: OVERPAY_LIMIT (Op:0.4625 > L:0.0127, Cost:$2.31)",,,,,,,,15.0,20.0,,,,,0,0,,,Inv: 15.0/20.0 CapLeft: 15.0,,,15.0,20.0,35.0,15.0,50.0,0.0,50.0,0.98,0.020000000000000018,-5.0,0.4725,0.99,0.4624999999999999,5.0,2.3124999999999996,0.012738248479366302,OVERPAY_LIMIT
1765983334.7649696,btc-updown-15m-1765982700,1765982700.0,1765983600.0,,265.23503041267395,,,,,0,0,0.99,0.98,ONE_LEG_INVENTORY,,,,,,,,,,,,,,0,5,,,,,,,,,,,,,,,,,,,,"RECONSTRUCT_BLOCKED: OVERPAY_LIMIT (Op:0.4625 > L:0.0127, Cost:$2.31)",,,,,,,,15.0,20.0,,,,,0,0,,,Inv: 15.0/20.0 CapLeft: 15.0,,,15.0,20.0,35.0,15.0,50.0,0.0,50.0,0.98,0.020000000000000018,-5.0,0.4725,0.99,0.4624999999999999,5.0,2.3124999999999996,0.012738248479366302,OVERPAY_LIMIT
1765983336.7473664,btc-updown-15m-1765982700,1765982700.0,1765983600.0,,263.25263357162476,,,,,0,0,0.99,0.98,ONE_LEG_INVENTORY,,,,,,,,,,,,,,0,5,,,,,,,,,,,,,,,,,,,,"RECONSTRUCT_BLOCKED: OVERPAY_LIMIT (Op:0.4625 > L:0.0128, Cost:$2.31)",,,,,,,,15.0,20.0,,,,,0,0,,,Inv: 15.0/20.0 CapLeft: 15.0,,,15.0,20.0,35.0,15.0,50.0,0.0,50.0,0.98,0.020000000000000018,-5.0,0.4725,0.99,0.4624999999999999,5.0,2.3124999999999996,0.012837368321418763,OVERPAY_LIMIT
1765983336.7473664,btc-updown-15m-1765982700,1765982700.0,1765983600.0,,263.25263357162476,,,,,0,0,0.99,0.98,ONE_LEG_INVENTORY,,,,,,,,,,,,,,0,5,,,,,,,,,,,,,,,,,,,,"RECONSTRUCT_BLOCKED: OVERPAY_LIMIT (Op:0.4625 > L:0.0128, Cost:$2.31)",,,,,,,,15.0,20.0,,,,,0,0,,,Inv: 15.0/20.0 CapLeft: 15.0,,,15.0,20.0,35.0,15.0,50.0,0.0,50.0,0.98,0.020000000000000018,-5.0,0.4725,0.99,0.4624999999999999,5.0,2.3124999999999996,0.012837368321418763,OVERPAY_LIMIT
1765983338.7702413,btc-updown-15m-1765982700,1765982700.0,1765983600.0,,261.22975873947144,,,,,0,0,0.99,0.98,ONE_LEG_INVENTORY,,,,,,,,,,,,,,0,5,,,,,,,,,,,,,,,,,,,,"RECONSTRUCT_BLOCKED: OVERPAY_LIMIT (Op:0.4625 > L:0.0129, Cost:$2.31)",,,,,,,,15.0,20.0,,,,,0,0,,,Inv: 15.0/20.0 CapLeft: 15.0,,,15.0,20.0,35.0,15.0,50.0,0.0,50.0,0.98,0.020000000000000018,-5.0,0.4725,0.99,0.4624999999999999,5.0,2.3124999999999996,0.012938512063026429,OVERPAY_LIMIT
1765983338.7702413,btc-updown-15m-1765982700,1765982700.0,1765983600.0,,261.22975873947144,,,,,0,0,0.99,0.98,ONE_LEG_INVENTORY,,,,,,,,,,,,,,0,5,,,,,,,,,,,,,,,,,,,,"RECONSTRUCT_BLOCKED: OVERPAY_LIMIT (Op:0.4625 > L:0.0129, Cost:$2.31)",,,,,,,,15.0,20.0,,,,,0,0,,,Inv: 15.0/20.0 CapLeft: 15.0,,,15.0,20.0,35.0,15.0,50.0,0.0,50.0,0.98,0.020000000000000018,-5.0,0.4725,0.99,0.4624999999999999,5.0,2.3124999999999996,0.012938512063026429,OVERPAY_LIMIT
1765983340.7655296,btc-updown-15m-1765982700,1765982700.0,1765983600.0,,259.23447036743164,,,,,0,0,0.99,0.98,ONE_LEG_INVENTORY,,,,,,,,,,,,,,0,5,,,,,,,,,,,,,,,,,,,,"RECONSTRUCT_BLOCKED: OVERPAY_LIMIT (Op:0.4625 > L:0.0130, Cost:$2.31)",,,,,,,,15.0,20.0,,,,,0,0,,,Inv: 15.0/20.0 CapLeft: 15.0,,,15.0,20.0,35.0,15.0,50.0,0.0,50.0,0.98,0.020000000000000018,-5.0,0.4725,0.99,0.4624999999999999,5.0,2.3124999999999996,0.013038276481628419,OVERPAY_LIMIT
1765983340.7655296,btc-updown-15m-1765982700,1765982700.0,1765983600.0,,259.23447036743164,,,,,0,0,0.99,0.98,ONE_LEG_INVENTORY,,,,,,,,,,,,,,0,5,,,,,,,,,,,,,,,,,,,,"RECONSTRUCT_BLOCKED: OVERPAY_LIMIT (Op:0.4625 > L:0.0130, Cost:$2.31)",,,,,,,,15.0,20.0,,,,,0,0,,,Inv: 15.0/20.0 CapLeft: 15.0,,,15.0,20.0,35.0,15.0,50.0,0.0,50.0,0.98,0.020000000000000018,-5.0,0.4725,0.99,0.4624999999999999,5.0,2.3124999999999996,0.013038276481628419,OVERPAY_LIMIT
1765983342.7306864,btc-updown-15m-1765982700,1765982700.0,1765983600.0,,257.2693135738373,,,,,0,0,0.99,0.98,ONE_LEG_INVENTORY,,,,,,,,,,,,,,0,5,,,,,,,,,,,,,,,,,,,,"RECONSTRUCT_BLOCKED: OVERPAY_LIMIT (Op:0.4625 > L:0.0131, Cost:$2.31)",,,,,,,,15.0,20.0,,,,,0,0,,,Inv: 15.0/20.0 CapLeft: 15.0,,,15.0,20.0,35.0,15.0,50.0,0.0,50.0,0.98,0.020000000000000018,-5.0,0.4725,0.99,0.4624999999999999,5.0,2.3124999999999996,0.013136534321308136,OVERPAY_LIMIT
1765983342.7306864,btc-updown-15m-1765982700,1765982700.0,1765983600.0,,257.2693135738373,,,,,0,0,0.99,0.98,ONE_LEG_INVENTORY,,,,,,,,,,,,,,0,5,,,,,,,,,,,,,,,,,,,,"RECONSTRUCT_BLOCKED: OVERPAY_LIMIT (Op:0.4625 > L:0.0131, Cost:$2.31)",,,,,,,,15.0,20.0,,,,,0,0,,,Inv: 15.0/20.0 CapLeft: 15.0,,,15.0,20.0,35.0,15.0,50.0,0.0,50.0,0.98,0.020000000000000018,-5.0,0.4725,0.99,0.4624999999999999,5.0,2.3124999999999996,0.013136534321308136,OVERPAY_LIMIT
1765983344.7643247,btc-updown-15m-1765982700,1765982700.0,1765983600.0,,255.23567533493042,,,,,0,0,0.99,0.98,ONE_LEG_INVENTORY,,,,,,,,,,,,,,0,5,,,,,,,,,,,,,,,,,,,,"RECONSTRUCT_BLOCKED: OVERPAY_LIMIT (Op:0.4625 > L:0.0132, Cost:$2.31)",,,,,,,,15.0,20.0,,,,,0,0,,,Inv: 15.0/20.0 CapLeft: 15.0,,,15.0,20.0,35.0,15.0,50.0,0.0,50.0,0.98,0.020000000000000018,-5.0,0.4725,0.99,0.4624999999999999,5.0,2.3124999999999996,0.01323821623325348,OVERPAY_LIMIT
1765983344.7643247,btc-updown-15m-1765982700,1765982700.0,1765983600.0,,255.23567533493042,,,,,0,0,0.99,0.98,ONE_LEG_INVENTORY,,,,,,,,,,,,,,0,5,,,,,,,,,,,,,,,,,,,,"RECONSTRUCT_BLOCKED: OVERPAY_LIMIT (Op:0.4625 > L:0.0132, Cost:$2.31)",,,,,,,,15.0,20.0,,,,,0,0,,,Inv: 15.0/20.0 CapLeft: 15.0,,,15.0,20.0,35.0,15.0,50.0,0.0,50.0,0.98,0.020000000000000018,-5.0,0.4725,0.99,0.4624999999999999,5.0,2.3124999999999996,0.01323821623325348,OVERPAY_LIMIT
1765983346.82921,btc-updown-15m-1765982700,1765982700.0,1765983600.0,,253.1707899570465,,,,,0,0,0.99,0.98,ONE_LEG_INVENTORY,,,,,,,,,,,,,,0,5,,,,,,,,,,,,,,,,,,,,"RECONSTRUCT_BLOCKED: OVERPAY_LIMIT (Op:0.4625 > L:0.0133, Cost:$2.31)",,,,,,,,15.0,20.0,,,,,0,0,,,Inv: 15.0/20.0 CapLeft: 15.0,,,15.0,20.0,35.0,15.0,50.0,0.0,50.0,0.98,0.020000000000000018,-5.0,0.4725,0.99,0.4624999999999999,5.0,2.3124999999999996,0.013341460502147675,OVERPAY_LIMIT
1765983346.82921,btc-updown-15m-1765982700,1765982700.0,1765983600.0,,253.1707899570465,,,,,0,0,0.99,0.98,ONE_LEG_INVENTORY,,,,,,,,,,,,,,0,5,,,,,,,,,,,,,,,,,,,,"RECONSTRUCT_BLOCKED: OVERPAY_LIMIT (Op:0.4625 > L:0.0133, Cost:$2.31)",,,,,,,,15.0,20.0,,,,,0,0,,,Inv: 15.0/20.0 CapLeft: 15.0,,,15.0,20.0,35.0,15.0,50.0,0.0,50.0,0.98,0.020000000000000018,-5.0,0.4725,0.99,0.4624999999999999,5.0,2.3124999999999996,0.013341460502147675,OVERPAY_LIMIT
1765983348.7843544,btc-updown-15m-1765982700,1765982700.0,1765983600.0,,251.21564555168152,,,,,0,0,0.99,0.98,ONE_LEG_INVENTORY,,,,,,,,,,,,,,0,5,,,,,,,,,,,,,,,,,,,,"RECONSTRUCT_BLOCKED: OVERPAY_LIMIT (Op:0.4625 > L:0.0134, Cost:$2.31)",,,,,,,,15.0,20.0,,,,,0,0,,,Inv: 15.0/20.0 CapLeft: 15.0,,,15.0,20.0,35.0,15.0,50.0,0.0,50.0,0.98,0.020000000000000018,-5.0,0.4725,0.99,0.4624999999999999,5.0,2.3124999999999996,0.013439217722415926,OVERPAY_LIMIT
1765983348.7843544,btc-updown-15m-1765982700,1765982700.0,1765983600.0,,251.21564555168152,,,,,0,0,0.99,0.98,ONE_LEG_INVENTORY,,,,,,,,,,,,,,0,5,,,,,,,,,,,,,,,,,,,,"RECONSTRUCT_BLOCKED: OVERPAY_LIMIT (Op:0.4625 > L:0.0134, Cost:$2.31)",,,,,,,,15.0,20.0,,,,,0,0,,,Inv: 15.0/20.0 CapLeft: 15.0,,,15.0,20.0,35.0,15.0,50.0,0.0,50.0,0.98,0.020000000000000018,-5.0,0.4725,0.99,0.4624999999999999,5.0,2.3124999999999996,0.013439217722415926,OVERPAY_LIMIT
1765983350.730742,btc-updown-15m-1765982700,1765982700.0,1765983600.0,,249.26925802230835,,,,,0,0,0.99,0.98,ONE_LEG_INVENTORY,,,,,,,,,,,,,,0,5,,,,,,,,,,,,,,,,,,,,"RECONSTRUCT_BLOCKED: OVERPAY_LIMIT (Op:0.4625 > L:0.0135, Cost:$2.31)",,,,,,,,15.0,20.0,,,,,0,0,,,Inv: 15.0/20.0 CapLeft: 15.0,,,15.0,20.0,35.0,15.0,50.0,0.0,50.0,0.98,0.020000000000000018,-5.0,0.4725,0.99,0.4624999999999999,5.0,2.3124999999999996,0.013536537098884582,OVERPAY_LIMIT
1765983350.730742,btc-updown-15m-1765982700,1765982700.0,1765983600.0,,249.26925802230835,,,,,0,0,0.99,0.98,ONE_LEG_INVENTORY,,,,,,,,,,,,,,0,5,,,,,,,,,,,,,,,,,,,,"RECONSTRUCT_BLOCKED: OVERPAY_LIMIT (Op:0.4625 > L:0.0135, Cost:$2.31)",,,,,,,,15.0,20.0,,,,,0,0,,,Inv: 15.0/20.0 CapLeft: 15.0,,,15.0,20.0,35.0,15.0,50.0,0.0,50.0,0.98,0.020000000000000018,-5.0,0.4725,0.99,0.4624999999999999,5.0,2.3124999999999996,0.013536537098884582,OVERPAY_LIMIT
1765983352.6915994,btc-updown-15m-1765982700,1765982700.0,1765983600.0,,247.30840063095093,,,,,0,0,0.99,0.98,ONE_LEG_INVENTORY,,,,,,,,,,,,,,0,5,,,,,,,,,,,,,,,,,,,,"RECONSTRUCT_BLOCKED: OVERPAY_LIMIT (Op:0.4625 > L:0.0136, Cost:$2.31)",,,,,,,,15.0,20.0,,,,,0,0,,,Inv: 15.0/20.0 CapLeft: 15.0,,,15.0,20.0,35.0,15.0,50.0,0.0,50.0,0.98,0.020000000000000018,-5.0,0.4725,0.99,0.4624999999999999,5.0,2.3124999999999996,0.013634579968452454,OVERPAY_LIMIT
1765983352.6915994,btc-updown-15m-1765982700,1765982700.0,1765983600.0,,247.30840063095093,,,,,0,0,0.99,0.98,ONE_LEG_INVENTORY,,,,,,,,,,,,,,0,5,,,,,,,,,,,,,,,,,,,,"RECONSTRUCT_BLOCKED: OVERPAY_LIMIT (Op:0.4625 > L:0.0136, Cost:$2.31)",,,,,,,,15.0,20.0,,,,,0,0,,,Inv: 15.0/20.0 CapLeft: 15.0,,,15.0,20.0,35.0,15.0,50.0,0.0,50.0,0.98,0.020000000000000018,-5.0,0.4725,0.99,0.4624999999999999,5.0,2.3124999999999996,0.013634579968452454,OVERPAY_LIMIT
1765983354.6470475,btc-updown-15m-1765982700,1765982700.0,1765983600.0,,245.35295248031616,,,,,0,0,0.99,0.98,ONE_LEG_INVENTORY,,,,,,,,,,,,,,0,5,,,,,,,,,,,,,,,,,,,,"RECONSTRUCT_BLOCKED: OVERPAY_LIMIT (Op:0.4625 > L:0.0137, Cost:$2.31)",,,,,,,,15.0,20.0,,,,,0,0,,,Inv: 15.0/20.0 CapLeft: 15.0,,,15.0,20.0,35.0,15.0,50.0,0.0,50.0,0.98,0.020000000000000018,-5.0,0.4725,0.99,0.4624999999999999,5.0,2.3124999999999996,0.013732352375984193,OVERPAY_LIMIT
1765983354.6470475,btc-updown-15m-1765982700,1765982700.0,1765983600.0,,245.35295248031616,,,,,0,0,0.99,0.98,ONE_LEG_INVENTORY,,,,,,,,,,,,,,0,5,,,,,,,,,,,,,,,,,,,,"RECONSTRUCT_BLOCKED: OVERPAY_LIMIT (Op:0.4625 > L:0.0137, Cost:$2.31)",,,,,,,,15.0,20.0,,,,,0,0,,,Inv: 15.0/20.0 CapLeft: 15.0,,,15.0,20.0,35.0,15.0,50.0,0.0,50.0,0.98,0.020000000000000018,-5.0,0.4725,0.99,0.4624999999999999,5.0,2.3124999999999996,0.013732352375984193,OVERPAY_LIMIT
1765983356.7114856,btc-updown-15m-1765982700,1765982700.0,1765983600.0,,243.28851437568665,,,,,0,0,0.99,0.98,ONE_LEG_INVENTORY,,,,,,,,,,,,,,0,5,,,,,,,,,,,,,,,,,,,,"RECONSTRUCT_BLOCKED: OVERPAY_LIMIT (Op:0.4625 > L:0.0138, Cost:$2.31)",,,,,,,,15.0,20.0,,,,,0,0,,,Inv: 15.0/20.0 CapLeft: 15.0,,,15.0,20.0,35.0,15.0,50.0,0.0,50.0,0.98,0.020000000000000018,-5.0,0.4725,0.99,0.4624999999999999,5.0,2.3124999999999996,0.013835574281215669,OVERPAY_LIMIT
1765983356.7114856,btc-updown-15m-1765982700,1765982700.0,1765983600.0,,243.28851437568665,,,,,0,0,0.99,0.98,ONE_LEG_INVENTORY,,,,,,,,,,,,,,0,5,,,,,,,,,,,,,,,,,,,,"RECONSTRUCT_BLOCKED: OVERPAY_LIMIT (Op:0.4625 > L:0.0138, Cost:$2.31)",,,,,,,,15.0,20.0,,,,,0,0,,,Inv: 15.0/20.0 CapLeft: 15.0,,,15.0,20.0,35.0,15.0,50.0,0.0,50.0,0.98,0.020000000000000018,-5.0,0.4725,0.99,0.4624999999999999,5.0,2.3124999999999996,0.013835574281215669,OVERPAY_LIMIT
1765983358.6482632,btc-updown-15m-1765982700,1765982700.0,1765983600.0,,241.35173678398132,,,,,0,0,0.99,0.98,ONE_LEG_INVENTORY,,,,,,,,,,,,,,0,5,,,,,,,,,,,,,,,,,,,,"RECONSTRUCT_BLOCKED: OVERPAY_LIMIT (Op:0.4625 > L:0.0139, Cost:$2.31)",,,,,,,,15.0,20.0,,,,,0,0,,,Inv: 15.0/20.0 CapLeft: 15.0,,,15.0,20.0,35.0,15.0,50.0,0.0,50.0,0.98,0.020000000000000018,-5.0,0.4725,0.99,0.4624999999999999,5.0,2.3124999999999996,0.013932413160800934,OVERPAY_LIMIT
1765983358.6482632,btc-updown-15m-1765982700,1765982700.0,1765983600.0,,241.35173678398132,,,,,0,0,0.99,0.98,ONE_LEG_INVENTORY,,,,,,,,,,,,,,0,5,,,,,,,,,,,,,,,,,,,,"RECONSTRUCT_BLOCKED: OVERPAY_LIMIT (Op:0.4625 > L:0.0139, Cost:$2.31)",,,,,,,,15.0,20.0,,,,,0,0,,,Inv: 15.0/20.0 CapLeft: 15.0,,,15.0,20.0,35.0,15.0,50.0,0.0,50.0,0.98,0.020000000000000018,-5.0,0.4725,0.99,0.4624999999999999,5.0,2.3124999999999996,0.013932413160800934,OVERPAY_LIMIT
1765983360.6377404,btc-updown-15m-1765982700,1765982700.0,1765983600.0,,239.36225962638855,,,,,0,0,0.99,0.98,ONE_LEG_INVENTORY,,,,,,,,,,,,,,0,5,,,,,,,,,,,,,,,,,,,,"RECONSTRUCT_BLOCKED: OVERPAY_LIMIT (Op:0.4625 > L:0.0140, Cost:$2.31)",,,,,,,,15.0,20.0,,,,,0,0,,,Inv: 15.0/20.0 CapLeft: 15.0,,,15.0,20.0,35.0,15.0,50.0,0.0,50.0,0.98,0.020000000000000018,-5.0,0.4725,0.99,0.4624999999999999,5.0,2.3124999999999996,0.014031887018680573,OVERPAY_LIMIT
1765983360.6377404,btc-updown-15m-1765982700,1765982700.0,1765983600.0,,239.36225962638855,,,,,0,0,0.99,0.98,ONE_LEG_INVENTORY,,,,,,,,,,,,,,0,5,,,,,,,,,,,,,,,,,,,,"RECONSTRUCT_BLOCKED: OVERPAY_LIMIT (Op:0.4625 > L:0.0140, Cost:$2.31)",,,,,,,,15.0,20.0,,,,,0,0,,,Inv: 15.0/20.0 CapLeft: 15.0,,,15.0,20.0,35.0,15.0,50.0,0.0,50.0,0.98,0.020000000000000018,-5.0,0.4725,0.99,0.4624999999999999,5.0,2.3124999999999996,0.014031887018680573,OVERPAY_LIMIT
1765983362.6155443,btc-updown-15m-1765982700,1765982700.0,1765983600.0,,237.38445568084717,,,,,0,0,0.99,0.98,ONE_LEG_INVENTORY,,,,,,,,,,,,,,0,5,,,,,,,,,,,,,,,,,,,,"RECONSTRUCT_BLOCKED: OVERPAY_LIMIT (Op:0.4625 > L:0.0141, Cost:$2.31)",,,,,,,,15.0,20.0,,,,,0,0,,,Inv: 15.0/20.0 CapLeft: 15.0,,,15.0,20.0,35.0,15.0,50.0,0.0,50.0,0.98,0.020000000000000018,-5.0,0.4725,0.99,0.4624999999999999,5.0,2.3124999999999996,0.014130777215957643,OVERPAY_LIMIT
1765983362.6155443,btc-updown-15m-1765982700,1765982700.0,1765983600.0,,237.38445568084717,,,,,0,0,0.99,0.98,ONE_LEG_INVENTORY,,,,,,,,,,,,,,0,5,,,,,,,,,,,,,,,,,,,,"RECONSTRUCT_BLOCKED: OVERPAY_LIMIT (Op:0.4625 > L:0.0141, Cost:$2.31)",,,,,,,,15.0,20.0,,,,,0,0,,,Inv: 15.0/20.0 CapLeft: 15.0,,,15.0,20.0,35.0,15.0,50.0,0.0,50.0,0.98,0.020000000000000018,-5.0,0.4725,0.99,0.4624999999999999,5.0,2.3124999999999996,0.014130777215957643,OVERPAY_LIMIT
1765983364.6274545,btc-updown-15m-1765982700,1765982700.0,1765983600.0,,235.37254548072815,,,,,0,0,0.99,0.98,ONE_LEG_INVENTORY,,,,,,,,,,,,,,0,5,,,,,,,,,,,,,,,,,,,,"RECONSTRUCT_BLOCKED: OVERPAY_LIMIT (Op:0.4625 > L:0.0142, Cost:$2.31)",,,,,,,,15.0,20.0,,,,,0,0,,,Inv: 15.0/20.0 CapLeft: 15.0,,,15.0,20.0,35.0,15.0,50.0,0.0,50.0,0.98,0.020000000000000018,-5.0,0.4725,0.99,0.4624999999999999,5.0,2.3124999999999996,0.014231372725963594,OVERPAY_LIMIT
1765983364.6274545,btc-updown-15m-1765982700,1765982700.0,1765983600.0,,235.37254548072815,,,,,0,0,0.99,0.98,ONE_LEG_INVENTORY,,,,,,,,,,,,,,0,5,,,,,,,,,,,,,,,,,,,,"RECONSTRUCT_BLOCKED: OVERPAY_LIMIT (Op:0.4625 > L:0.0142, Cost:$2.31)",,,,,,,,15.0,20.0,,,,,0,0,,,Inv: 15.0/20.0 CapLeft: 15.0,,,15.0,20.0,35.0,15.0,50.0,0.0,50.0,0.98,0.020000000000000018,-5.0,0.4725,0.99,0.4624999999999999,5.0,2.3124999999999996,0.014231372725963594,OVERPAY_LIMIT
1765983366.569755,btc-updown-15m-1765982700,1765982700.0,1765983600.0,,233.43024492263794,,,,,0,0,0.99,0.98,ONE_LEG_INVENTORY,,,,,,,,,,,,,,0,5,,,,,,,,,,,,,,,,,,,,"RECONSTRUCT_BLOCKED: OVERPAY_LIMIT (Op:0.4625 > L:0.0143, Cost:$2.31)",,,,,,,,15.0,20.0,,,,,0,0,,,Inv: 15.0/20.0 CapLeft: 15.0,,,15.0,20.0,35.0,15.0,50.0,0.0,50.0,0.98,0.020000000000000018,-5.0,0.4725,0.99,0.4624999999999999,5.0,2.3124999999999996,0.014328487753868104,OVERPAY_LIMIT
1765983366.569755,btc-updown-15m-1765982700,1765982700.0,1765983600.0,,233.43024492263794,,,,,0,0,0.99,0.98,ONE_LEG_INVENTORY,,,,,,,,,,,,,,0,5,,,,,,,,,,,,,,,,,,,,"RECONSTRUCT_BLOCKED: OVERPAY_LIMIT (Op:0.4625 > L:0.0143, Cost:$2.31)",,,,,,,,15.0,20.0,,,,,0,0,,,Inv: 15.0/20.0 CapLeft: 15.0,,,15.0,20.0,35.0,15.0,50.0,0.0,50.0,0.98,0.020000000000000018,-5.0,0.4725,0.99,0.4624999999999999,5.0,2.3124999999999996,0.014328487753868104,OVERPAY_LIMIT
1765983368.5665815,btc-updown-15m-1765982700,1765982700.0,1765983600.0,,231.43341851234436,,,,,0,0,0.99,0.98,ONE_LEG_INVENTORY,,,,,,,,,,,,,,0,5,,,,,,,,,,,,,,,,,,,,"RECONSTRUCT_BLOCKED: OVERPAY_LIMIT (Op:0.4625 > L:0.0144, Cost:$2.31)",,,,,,,,15.0,20.0,,,,,0,0,,,Inv: 15.0/20.0 CapLeft: 15.0,,,15.0,20.0,35.0,15.0,50.0,0.0,50.0,0.98,0.020000000000000018,-5.0,0.4725,0.99,0.4624999999999999,5.0,2.3124999999999996,0.014428329074382783,OVERPAY_LIMIT
1765983368.5665815,btc-updown-15m-1765982700,1765982700.0,1765983600.0,,231.43341851234436,,,,,0,0,0.99,0.98,ONE_LEG_INVENTORY,,,,,,,,,,,,,,0,5,,,,,,,,,,,,,,,,,,,,"RECONSTRUCT_BLOCKED: OVERPAY_LIMIT (Op:0.4625 > L:0.0144, Cost:$2.31)",,,,,,,,15.0,20.0,,,,,0,0,,,Inv: 15.0/20.0 CapLeft: 15.0,,,15.0,20.0,35.0,15.0,50.0,0.0,50.0,0.98,0.020000000000000018,-5.0,0.4725,0.99,0.4624999999999999,5.0,2.3124999999999996,0.014428329074382783,OVERPAY_LIMIT
1765983370.6113122,btc-updown-15m-1765982700,1765982700.0,1765983600.0,,229.3886878490448,,,,,0,0,0.99,0.98,ONE_LEG_INVENTORY,,,,,,,,,,,,,,0,5,,,,,,,,,,,,,,,,,,,,"RECONSTRUCT_BLOCKED: OVERPAY_LIMIT (Op:0.4625 > L:0.0145, Cost:$2.31)",,,,,,,,15.0,20.0,,,,,0,0,,,Inv: 15.0/20.0 CapLeft: 15.0,,,15.0,20.0,35.0,15.0,50.0,0.0,50.0,0.98,0.020000000000000018,-5.0,0.4725,0.99,0.4624999999999999,5.0,2.3124999999999996,0.01453056560754776,OVERPAY_LIMIT
1765983370.6113122,btc-updown-15m-1765982700,1765982700.0,1765983600.0,,229.3886878490448,,,,,0,0,0.99,0.98,ONE_LEG_INVENTORY,,,,,,,,,,,,,,0,5,,,,,,,,,,,,,,,,,,,,"RECONSTRUCT_BLOCKED: OVERPAY_LIMIT (Op:0.4625 > L:0.0145, Cost:$2.31)",,,,,,,,15.0,20.0,,,,,0,0,,,Inv: 15.0/20.0 CapLeft: 15.0,,,15.0,20.0,35.0,15.0,50.0,0.0,50.0,0.98,0.020000000000000018,-5.0,0.4725,0.99,0.4624999999999999,5.0,2.3124999999999996,0.01453056560754776,OVERPAY_LIMIT
1765983372.5621445,btc-updown-15m-1765982700,1765982700.0,1765983600.0,,227.43785548210144,,,,,0,0,0.99,0.98,ONE_LEG_INVENTORY,,,,,,,,,,,,,,0,5,,,,,,,,,,,,,,,,,,,,"RECONSTRUCT_BLOCKED: OVERPAY_LIMIT (Op:0.4625 > L:0.0146, Cost:$2.31)",,,,,,,,15.0,20.0,,,,,0,0,,,Inv: 15.0/20.0 CapLeft: 15.0,,,15.0,20.0,35.0,15.0,50.0,0.0,50.0,0.98,0.020000000000000018,-5.0,0.4725,0.99,0.4624999999999999,5.0,2.3124999999999996,0.014628107225894929,OVERPAY_LIMIT
1765983372.5621445,btc-updown-15m-1765982700,1765982700.0,1765983600.0,,227.43785548210144,,,,,0,0,0.99,0.98,ONE_LEG_INVENTORY,,,,,,,,,,,,,,0,5,,,,,,,,,,,,,,,,,,,,"RECONSTRUCT_BLOCKED: OVERPAY_LIMIT (Op:0.4625 > L:0.0146, Cost:$2.31)",,,,,,,,15.0,20.0,,,,,0,0,,,Inv: 15.0/20.0 CapLeft: 15.0,,,15.0,20.0,35.0,15.0,50.0,0.0,50.0,0.98,0.020000000000000018,-5.0,0.4725,0.99,0.4624999999999999,5.0,2.3124999999999996,0.014628107225894929,OVERPAY_LIMIT
1765983374.5050526,btc-updown-15m-1765982700,1765982700.0,1765983600.0,,225.49494743347168,,,,,0,0,0.99,0.98,ONE_LEG_INVENTORY,,,,,,,,,,,,,,0,5,,,,,,,,,,,,,,,,,,,,"RECONSTRUCT_BLOCKED: OVERPAY_LIMIT (Op:0.4625 > L:0.0147, Cost:$2.31)",,,,,,,,15.0,20.0,,,,,0,0,,,Inv: 15.0/20.0 CapLeft: 15.0,,,15.0,20.0,35.0,15.0,50.0,0.0,50.0,0.98,0.020000000000000018,-5.0,0.4725,0.99,0.4624999999999999,5.0,2.3124999999999996,0.014725252628326416,OVERPAY_LIMIT
1765983374.5050526,btc-updown-15m-1765982700,1765982700.0,1765983600.0,,225.49494743347168,,,,,0,0,0.99,0.98,ONE_LEG_INVENTORY,,,,,,,,,,,,,,0,5,,,,,,,,,,,,,,,,,,,,"RECONSTRUCT_BLOCKED: OVERPAY_LIMIT (Op:0.4625 > L:0.0147, Cost:$2.31)",,,,,,,,15.0,20.0,,,,,0,0,,,Inv: 15.0/20.0 CapLeft: 15.0,,,15.0,20.0,35.0,15.0,50.0,0.0,50.0,0.98,0.020000000000000018,-5.0,0.4725,0.99,0.4624999999999999,5.0,2.3124999999999996,0.014725252628326416,OVERPAY_LIMIT
1765983376.4497995,btc-updown-15m-1765982700,1765982700.0,1765983600.0,,223.5502004623413,,,,,0,0,0.99,0.98,ONE_LEG_INVENTORY,,,,,,,,,,,,,,0,5,,,,,,,,,,,,,,,,,,,,"RECONSTRUCT_BLOCKED: OVERPAY_LIMIT (Op:0.4625 > L:0.0148, Cost:$2.31)",,,,,,,,15.0,20.0,,,,,0,0,,,Inv: 15.0/20.0 CapLeft: 15.0,,,15.0,20.0,35.0,15.0,50.0,0.0,50.0,0.98,0.020000000000000018,-5.0,0.4725,0.99,0.4624999999999999,5.0,2.3124999999999996,0.014822489976882935,OVERPAY_LIMIT
1765983376.4497995,btc-updown-15m-1765982700,1765982700.0,1765983600.0,,223.5502004623413,,,,,0,0,0.99,0.98,ONE_LEG_INVENTORY,,,,,,,,,,,,,,0,5,,,,,,,,,,,,,,,,,,,,"RECONSTRUCT_BLOCKED: OVERPAY_LIMIT (Op:0.4625 > L:0.0148, Cost:$2.31)",,,,,,,,15.0,20.0,,,,,0,0,,,Inv: 15.0/20.0 CapLeft: 15.0,,,15.0,20.0,35.0,15.0,50.0,0.0,50.0,0.98,0.020000000000000018,-5.0,0.4725,0.99,0.4624999999999999,5.0,2.3124999999999996,0.014822489976882935,OVERPAY_LIMIT
1765983378.414357,btc-updown-15m-1765982700,1765982700.0,1765983600.0,,221.5856430530548,,,,,0,0,0.99,0.98,ONE_LEG_INVENTORY,,,,,,,,,,,,,,0,5,,,,,,,,,,,,,,,,,,,,"RECONSTRUCT_BLOCKED: OVERPAY_LIMIT (Op:0.4625 > L:0.0149, Cost:$2.31)",,,,,,,,15.0,20.0,,,,,0,0,,,Inv: 15.0/20.0 CapLeft: 15.0,,,15.0,20.0,35.0,15.0,50.0,0.0,50.0,0.98,0.020000000000000018,-5.0,0.4725,0.99,0.4624999999999999,5.0,2.3124999999999996,0.01492071784734726,OVERPAY_LIMIT
1765983378.414357,btc-updown-15m-1765982700,1765982700.0,1765983600.0,,221.5856430530548,,,,,0,0,0.99,0.98,ONE_LEG_INVENTORY,,,,,,,,,,,,,,0,5,,,,,,,,,,,,,,,,,,,,"RECONSTRUCT_BLOCKED: OVERPAY_LIMIT (Op:0.4625 > L:0.0149, Cost:$2.31)",,,,,,,,15.0,20.0,,,,,0,0,,,Inv: 15.0/20.0 CapLeft: 15.0,,,15.0,20.0,35.0,15.0,50.0,0.0,50.0,0.98,0.020000000000000018,-5.0,0.4725,0.99,0.4624999999999999,5.0,2.3124999999999996,0.01492071784734726,OVERPAY_LIMIT
1765983380.3910959,btc-updown-15m-1765982700,1765982700.0,1765983600.0,,219.60890412330627,,,,,0,0,0.99,0.98,ONE_LEG_INVENTORY,,,,,,,,,,,,,,0,5,,,,,,,,,,,,,,,,,,,,"RECONSTRUCT_BLOCKED: OVERPAY_LIMIT (Op:0.4625 > L:0.0150, Cost:$2.31)",,,,,,,,15.0,20.0,,,,,0,0,,,Inv: 15.0/20.0 CapLeft: 15.0,,,15.0,20.0,35.0,15.0,50.0,0.0,50.0,0.98,0.020000000000000018,-5.0,0.4725,0.99,0.4624999999999999,5.0,2.3124999999999996,0.015019554793834686,OVERPAY_LIMIT
1765983380.3910959,btc-updown-15m-1765982700,1765982700.0,1765983600.0,,219.60890412330627,,,,,0,0,0.99,0.98,ONE_LEG_INVENTORY,,,,,,,,,,,,,,0,5,,,,,,,,,,,,,,,,,,,,"RECONSTRUCT_BLOCKED: OVERPAY_LIMIT (Op:0.4625 > L:0.0150, Cost:$2.31)",,,,,,,,15.0,20.0,,,,,0,0,,,Inv: 15.0/20.0 CapLeft: 15.0,,,15.0,20.0,35.0,15.0,50.0,0.0,50.0,0.98,0.020000000000000018,-5.0,0.4725,0.99,0.4624999999999999,5.0,2.3124999999999996,0.015019554793834686,OVERPAY_LIMIT
1765983382.3663023,btc-updown-15m-1765982700,1765982700.0,1765983600.0,,217.6336977481842,,,,,0,0,0.99,0.98,ONE_LEG_INVENTORY,,,,,,,,,,,,,,0,5,,,,,,,,,,,,,,,,,,,,"RECONSTRUCT_BLOCKED: OVERPAY_LIMIT (Op:0.4625 > L:0.0151, Cost:$2.31)",,,,,,,,15.0,20.0,,,,,0,0,,,Inv: 15.0/20.0 CapLeft: 15.0,,,15.0,20.0,35.0,15.0,50.0,0.0,50.0,0.98,0.020000000000000018,-5.0,0.4725,0.99,0.4624999999999999,5.0,2.3124999999999996,0.015118315112590791,OVERPAY_LIMIT
1765983382.3663023,btc-updown-15m-1765982700,1765982700.0,1765983600.0,,217.6336977481842,,,,,0,0,0.99,0.98,ONE_LEG_INVENTORY,,,,,,,,,,,,,,0,5,,,,,,,,,,,,,,,,,,,,"RECONSTRUCT_BLOCKED: OVERPAY_LIMIT (Op:0.4625 > L:0.0151, Cost:$2.31)",,,,,,,,15.0,20.0,,,,,0,0,,,Inv: 15.0/20.0 CapLeft: 15.0,,,15.0,20.0,35.0,15.0,50.0,0.0,50.0,0.98,0.020000000000000018,-5.0,0.4725,0.99,0.4624999999999999,5.0,2.3124999999999996,0.015118315112590791,OVERPAY_LIMIT
1765983384.3822477,btc-updown-15m-1765982700,1765982700.0,1765983600.0,,215.6177523136139,,,,,0,0,0.99,0.98,ONE_LEG_INVENTORY,,,,,,,,,,,,,,0,5,,,,,,,,,,,,,,,,,,,,"RECONSTRUCT_BLOCKED: OVERPAY_LIMIT (Op:0.4625 > L:0.0152, Cost:$2.31)",,,,,,,,15.0,20.0,,,,,0,0,,,Inv: 15.0/20.0 CapLeft: 15.0,,,15.0,20.0,35.0,15.0,50.0,0.0,50.0,0.98,0.020000000000000018,-5.0,0.4725,0.99,0.4624999999999999,5.0,2.3124999999999996,0.015219112384319305,OVERPAY_LIMIT
1765983384.3822477,btc-updown-15m-1765982700,1765982700.0,1765983600.0,,215.6177523136139,,,,,0,0,0.99,0.98,ONE_LEG_INVENTORY,,,,,,,,,,,,,,0,5,,,,,,,,,,,,,,,,,,,,"RECONSTRUCT_BLOCKED: OVERPAY_LIMIT (Op:0.4625 > L:0.0152, Cost:$2.31)",,,,,,,,15.0,20.0,,,,,0,0,,,Inv: 15.0/20.0 CapLeft: 15.0,,,15.0,20.0,35.0,15.0,50.0,0.0,50.0,0.98,0.020000000000000018,-5.0,0.4725,0.99,0.4624999999999999,5.0,2.3124999999999996,0.015219112384319305,OVERPAY_LIMIT
1765983386.4156375,btc-updown-15m-1765982700,1765982700.0,1765983600.0,,213.58436250686646,,,,,0,0,0.99,0.98,ONE_LEG_INVENTORY,,,,,,,,,,,,,,0,5,,,,,,,,,,,,,,,,,,,,"RECONSTRUCT_BLOCKED: OVERPAY_LIMIT (Op:0.4625 > L:0.0153, Cost:$2.31)",,,,,,,,15.0,20.0,,,,,0,0,,,Inv: 15.0/20.0 CapLeft: 15.0,,,15.0,20.0,35.0,15.0,50.0,0.0,50.0,0.98,0.020000000000000018,-5.0,0.4725,0.99,0.4624999999999999,5.0,2.3124999999999996,0.015320781874656677,OVERPAY_LIMIT
1765983386.4156375,btc-updown-15m-1765982700,1765982700.0,1765983600.0,,213.58436250686646,,,,,0,0,0.99,0.98,ONE_LEG_INVENTORY,,,,,,,,,,,,,,0,5,,,,,,,,,,,,,,,,,,,,"RECONSTRUCT_BLOCKED: OVERPAY_LIMIT (Op:0.4625 > L:0.0153, Cost:$2.31)",,,,,,,,15.0,20.0,,,,,0,0,,,Inv: 15.0/20.0 CapLeft: 15.0,,,15.0,20.0,35.0,15.0,50.0,0.0,50.0,0.98,0.020000000000000018,-5.0,0.4725,0.99,0.4624999999999999,5.0,2.3124999999999996,0.015320781874656677,OVERPAY_LIMIT
1765983388.3977027,btc-updown-15m-1765982700,1765982700.0,1765983600.0,,211.6022973060608,,,,,0,0,0.99,0.98,ONE_LEG_INVENTORY,,,,,,,,,,,,,,0,5,,,,,,,,,,,,,,,,,,,,"RECONSTRUCT_BLOCKED: OVERPAY_LIMIT (Op:0.4625 > L:0.0154, Cost:$2.31)",,,,,,,,15.0,20.0,,,,,0,0,,,Inv: 15.0/20.0 CapLeft: 15.0,,,15.0,20.0,35.0,15.0,50.0,0.0,50.0,0.98,0.020000000000000018,-5.0,0.4725,0.99,0.4624999999999999,5.0,2.3124999999999996,0.015419885134696961,OVERPAY_LIMIT
1765983388.3977027,btc-updown-15m-1765982700,1765982700.0,1765983600.0,,211.6022973060608,,,,,0,0,0.99,0.98,ONE_LEG_INVENTORY,,,,,,,,,,,,,,0,5,,,,,,,,,,,,,,,,,,,,"RECONSTRUCT_BLOCKED: OVERPAY_LIMIT (Op:0.4625 > L:0.0154, Cost:$2.31)",,,,,,,,15.0,20.0,,,,,0,0,,,Inv: 15.0/20.0 CapLeft: 15.0,,,15.0,20.0,35.0,15.0,50.0,0.0,50.0,0.98,0.020000000000000018,-5.0,0.4725,0.99,0.4624999999999999,5.0,2.3124999999999996,0.015419885134696961,OVERPAY_LIMIT
1765983390.337414,btc-updown-15m-1765982700,1765982700.0,1765983600.0,,209.66258597373962,,,,,0,0,0.99,0.98,ONE_LEG_INVENTORY,,,,,,,,,,,,,,0,5,,,,,,,,,,,,,,,,,,,,"RECONSTRUCT_BLOCKED: OVERPAY_LIMIT (Op:0.4625 > L:0.0155, Cost:$2.31)",,,,,,,,15.0,20.0,,,,,0,0,,,Inv: 15.0/20.0 CapLeft: 15.0,,,15.0,20.0,35.0,15.0,50.0,0.0,50.0,0.98,0.020000000000000018,-5.0,0.4725,0.99,0.4624999999999999,5.0,2.3124999999999996,0.01551687070131302,OVERPAY_LIMIT
1765983390.337414,btc-updown-15m-1765982700,1765982700.0,1765983600.0,,209.66258597373962,,,,,0,0,0.99,0.98,ONE_LEG_INVENTORY,,,,,,,,,,,,,,0,5,,,,,,,,,,,,,,,,,,,,"RECONSTRUCT_BLOCKED: OVERPAY_LIMIT (Op:0.4625 > L:0.0155, Cost:$2.31)",,,,,,,,15.0,20.0,,,,,0,0,,,Inv: 15.0/20.0 CapLeft: 15.0,,,15.0,20.0,35.0,15.0,50.0,0.0,50.0,0.98,0.020000000000000018,-5.0,0.4725,0.99,0.4624999999999999,5.0,2.3124999999999996,0.01551687070131302,OVERPAY_LIMIT
1765983392.3284397,btc-updown-15m-1765982700,1765982700.0,1765983600.0,,207.6715602874756,,,,,0,0,0.99,0.98,ONE_LEG_INVENTORY,,,,,,,,,,,,,,0,5,,,,,,,,,,,,,,,,,,,,"RECONSTRUCT_BLOCKED: OVERPAY_LIMIT (Op:0.4625 > L:0.0156, Cost:$2.31)",,,,,,,,15.0,20.0,,,,,0,0,,,Inv: 15.0/20.0 CapLeft: 15.0,,,15.0,20.0,35.0,15.0,50.0,0.0,50.0,0.98,0.020000000000000018,-5.0,0.4725,0.99,0.4624999999999999,5.0,2.3124999999999996,0.015616421985626221,OVERPAY_LIMIT
1765983392.3284397,btc-updown-15m-1765982700,1765982700.0,1765983600.0,,207.6715602874756,,,,,0,0,0.99,0.98,ONE_LEG_INVENTORY,,,,,,,,,,,,,,0,5,,,,,,,,,,,,,,,,,,,,"RECONSTRUCT_BLOCKED: OVERPAY_LIMIT (Op:0.4625 > L:0.0156, Cost:$2.31)",,,,,,,,15.0,20.0,,,,,0,0,,,Inv: 15.0/20.0 CapLeft: 15.0,,,15.0,20.0,35.0,15.0,50.0,0.0,50.0,0.98,0.020000000000000018,-5.0,0.4725,0.99,0.4624999999999999,5.0,2.3124999999999996,0.015616421985626221,OVERPAY_LIMIT
1765983394.2913687,btc-updown-15m-1765982700,1765982700.0,1765983600.0,,205.70863127708435,,,,,0,0,0.99,0.98,ONE_LEG_INVENTORY,,,,,,,,,,,,,,0,5,,,,,,,,,,,,,,,,,,,,"RECONSTRUCT_BLOCKED: OVERPAY_LIMIT (Op:0.4625 > L:0.0157, Cost:$2.31)",,,,,,,,15.0,20.0,,,,,0,0,,,Inv: 15.0/20.0 CapLeft: 15.0,,,15.0,20.0,35.0,15.0,50.0,0.0,50.0,0.98,0.020000000000000018,-5.0,0.4725,0.99,0.4624999999999999,5.0,2.3124999999999996,0.015714568436145784,OVERPAY_LIMIT
1765983394.2913687,btc-updown-15m-1765982700,1765982700.0,1765983600.0,,205.70863127708435,,,,,0,0,0.99,0.98,ONE_LEG_INVENTORY,,,,,,,,,,,,,,0,5,,,,,,,,,,,,,,,,,,,,"RECONSTRUCT_BLOCKED: OVERPAY_LIMIT (Op:0.4625 > L:0.0157, Cost:$2.31)",,,,,,,,15.0,20.0,,,,,0,0,,,Inv: 15.0/20.0 CapLeft: 15.0,,,15.0,20.0,35.0,15.0,50.0,0.0,50.0,0.98,0.020000000000000018,-5.0,0.4725,0.99,0.4624999999999999,5.0,2.3124999999999996,0.015714568436145784,OVERPAY_LIMIT
1765983396.2606745,btc-updown-15m-1765982700,1765982700.0,1765983600.0,,203.73932552337646,,,,,0,0,0.99,0.98,ONE_LEG_INVENTORY,,,,,,,,,,,,,,0,5,,,,,,,,,,,,,,,,,,,,"RECONSTRUCT_BLOCKED: OVERPAY_LIMIT (Op:0.4625 > L:0.0158, Cost:$2.31)",,,,,,,,15.0,20.0,,,,,0,0,,,Inv: 15.0/20.0 CapLeft: 15.0,,,15.0,20.0,35.0,15.0,50.0,0.0,50.0,0.98,0.020000000000000018,-5.0,0.4725,0.99,0.4624999999999999,5.0,2.3124999999999996,0.01581303372383118,OVERPAY_LIMIT
1765983396.2606745,btc-updown-15m-1765982700,1765982700.0,1765983600.0,,203.73932552337646,,,,,0,0,0.99,0.98,ONE_LEG_INVENTORY,,,,,,,,,,,,,,0,5,,,,,,,,,,,,,,,,,,,,"RECONSTRUCT_BLOCKED: OVERPAY_LIMIT (Op:0.4625 > L:0.0158, Cost:$2.31)",,,,,,,,15.0,20.0,,,,,0,0,,,Inv: 15.0/20.0 CapLeft: 15.0,,,15.0,20.0,35.0,15.0,50.0,0.0,50.0,0.98,0.020000000000000018,-5.0,0.4725,0.99,0.4624999999999999,5.0,2.3124999999999996,0.01581303372383118,OVERPAY_LIMIT
1765983398.28891,btc-updown-15m-1765982700,1765982700.0,1765983600.0,,201.71109008789062,,,,,0,0,0.99,0.98,ONE_LEG_INVENTORY,,,,,,,,,,,,,,0,5,,,,,,,,,,,,,,,,,,,,"RECONSTRUCT_BLOCKED: OVERPAY_LIMIT (Op:0.4625 > L:0.0159, Cost:$2.31)",,,,,,,,15.0,20.0,,,,,0,0,,,Inv: 15.0/20.0 CapLeft: 15.0,,,15.0,20.0,35.0,15.0,50.0,0.0,50.0,0.98,0.020000000000000018,-5.0,0.4725,0.99,0.4624999999999999,5.0,2.3124999999999996,0.01591444549560547,OVERPAY_LIMIT
1765983398.28891,btc-updown-15m-1765982700,1765982700.0,1765983600.0,,201.71109008789062,,,,,0,0,0.99,0.98,ONE_LEG_INVENTORY,,,,,,,,,,,,,,0,5,,,,,,,,,,,,,,,,,,,,"RECONSTRUCT_BLOCKED: OVERPAY_LIMIT (Op:0.4625 > L:0.0159, Cost:$2.31)",,,,,,,,15.0,20.0,,,,,0,0,,,Inv: 15.0/20.0 CapLeft: 15.0,,,15.0,20.0,35.0,15.0,50.0,0.0,50.0,0.98,0.020000000000000018,-5.0,0.4725,0.99,0.4624999999999999,5.0,2.3124999999999996,0.01591444549560547,OVERPAY_LIMIT
1765983400.225766,btc-updown-15m-1765982700,1765982700.0,1765983600.0,,199.77423405647278,,,,,0,0,0.99,0.98,ONE_LEG_INVENTORY,,,,,,,,,,,,,,0,5,,,,,,,,,,,,,,,,,,,,"RECONSTRUCT_BLOCKED: OVERPAY_LIMIT (Op:0.4625 > L:0.0160, Cost:$2.31)",,,,,,,,15.0,20.0,,,,,0,0,,,Inv: 15.0/20.0 CapLeft: 15.0,,,15.0,20.0,35.0,15.0,50.0,0.0,50.0,0.98,0.020000000000000018,-5.0,0.4725,0.99,0.4624999999999999,5.0,2.3124999999999996,0.016011288297176362,OVERPAY_LIMIT
1765983400.225766,btc-updown-15m-1765982700,1765982700.0,1765983600.0,,199.77423405647278,,,,,0,0,0.99,0.98,ONE_LEG_INVENTORY,,,,,,,,,,,,,,0,5,,,,,,,,,,,,,,,,,,,,"RECONSTRUCT_BLOCKED: OVERPAY_LIMIT (Op:0.4625 > L:0.0160, Cost:$2.31)",,,,,,,,15.0,20.0,,,,,0,0,,,Inv: 15.0/20.0 CapLeft: 15.0,,,15.0,20.0,35.0,15.0,50.0,0.0,50.0,0.98,0.020000000000000018,-5.0,0.4725,0.99,0.4624999999999999,5.0,2.3124999999999996,0.016011288297176362,OVERPAY_LIMIT
1765983402.2143211,btc-updown-15m-1765982700,1765982700.0,1765983600.0,,197.7856788635254,,,,,0,0,0.99,0.98,ONE_LEG_INVENTORY,,,,,,,,,,,,,,0,5,,,,,,,,,,,,,,,,,,,,"RECONSTRUCT_BLOCKED: OVERPAY_LIMIT (Op:0.4625 > L:0.0161, Cost:$2.31)",,,,,,,,15.0,20.0,,,,,0,0,,,Inv: 15.0/20.0 CapLeft: 15.0,,,15.0,20.0,35.0,15.0,50.0,0.0,50.0,0.98,0.020000000000000018,-5.0,0.4725,0.99,0.4624999999999999,5.0,2.3124999999999996,0.01611071605682373,OVERPAY_LIMIT
1765983402.2143211,btc-updown-15m-1765982700,1765982700.0,1765983600.0,,197.7856788635254,,,,,0,0,0.99,0.98,ONE_LEG_INVENTORY,,,,,,,,,,,,,,0,5,,,,,,,,,,,,,,,,,,,,"RECONSTRUCT_BLOCKED: OVERPAY_LIMIT (Op:0.4625 > L:0.0161, Cost:$2.31)",,,,,,,,15.0,20.0,,,,,0,0,,,Inv: 15.0/20.0 CapLeft: 15.0,,,15.0,20.0,35.0,15.0,50.0,0.0,50.0,0.98,0.020000000000000018,-5.0,0.4725,0.99,0.4624999999999999,5.0,2.3124999999999996,0.01611071605682373,OVERPAY_LIMIT
1765983404.1600738,btc-updown-15m-1765982700,1765982700.0,1765983600.0,,195.83992624282837,,,,,0,0,0.99,0.98,ONE_LEG_INVENTORY,,,,,,,,,,,,,,0,5,,,,,,,,,,,,,,,,,,,,"RECONSTRUCT_BLOCKED: OVERPAY_LIMIT (Op:0.4625 > L:0.0162, Cost:$2.31)",,,,,,,,15.0,20.0,,,,,0,0,,,Inv: 15.0/20.0 CapLeft: 15.0,,,15.0,20.0,35.0,15.0,50.0,0.0,50.0,0.98,0.020000000000000018,-5.0,0.4725,0.99,0.4624999999999999,5.0,2.3124999999999996,0.01620800368785858,OVERPAY_LIMIT
1765983404.1600738,btc-updown-15m-1765982700,1765982700.0,1765983600.0,,195.83992624282837,,,,,0,0,0.99,0.98,ONE_LEG_INVENTORY,,,,,,,,,,,,,,0,5,,,,,,,,,,,,,,,,,,,,"RECONSTRUCT_BLOCKED: OVERPAY_LIMIT (Op:0.4625 > L:0.0162, Cost:$2.31)",,,,,,,,15.0,20.0,,,,,0,0,,,Inv: 15.0/20.0 CapLeft: 15.0,,,15.0,20.0,35.0,15.0,50.0,0.0,50.0,0.98,0.020000000000000018,-5.0,0.4725,0.99,0.4624999999999999,5.0,2.3124999999999996,0.01620800368785858,OVERPAY_LIMIT
1765983406.49016,btc-updown-15m-1765982700,1765982700.0,1765983600.0,,193.50984001159668,,,,,0,0,0.99,0.98,ONE_LEG_INVENTORY,,,,,,,,,,,,,,0,5,,,,,,,,,,,,,,,,,,,,"RECONSTRUCT_BLOCKED: OVERPAY_LIMIT (Op:0.4625 > L:0.0163, Cost:$2.31)",,,,,,,,15.0,20.0,,,,,0,0,,,Inv: 15.0/20.0 CapLeft: 15.0,,,15.0,20.0,35.0,15.0,50.0,0.0,50.0,0.98,0.020000000000000018,-5.0,0.4725,0.99,0.4624999999999999,5.0,2.3124999999999996,0.016324507999420167,OVERPAY_LIMIT
1765983406.49016,btc-updown-15m-1765982700,1765982700.0,1765983600.0,,193.50984001159668,,,,,0,0,0.99,0.98,ONE_LEG_INVENTORY,,,,,,,,,,,,,,0,5,,,,,,,,,,,,,,,,,,,,"RECONSTRUCT_BLOCKED: OVERPAY_LIMIT (Op:0.4625 > L:0.0163, Cost:$2.31)",,,,,,,,15.0,20.0,,,,,0,0,,,Inv: 15.0/20.0 CapLeft: 15.0,,,15.0,20.0,35.0,15.0,50.0,0.0,50.0,0.98,0.020000000000000018,-5.0,0.4725,0.99,0.4624999999999999,5.0,2.3124999999999996,0.016324507999420167,OVERPAY_LIMIT
1765983408.4365525,btc-updown-15m-1765982700,1765982700.0,1765983600.0,,191.56344747543335,,,,,0,0,0.99,0.98,ONE_LEG_INVENTORY,,,,,,,,,,,,,,0,5,,,,,,,,,,,,,,,,,,,,"RECONSTRUCT_BLOCKED: OVERPAY_LIMIT (Op:0.4625 > L:0.0164, Cost:$2.31)",,,,,,,,15.0,20.0,,,,,0,0,,,Inv: 15.0/20.0 CapLeft: 15.0,,,15.0,20.0,35.0,15.0,50.0,0.0,50.0,0.98,0.020000000000000018,-5.0,0.4725,0.99,0.4624999999999999,5.0,2.3124999999999996,0.016421827626228333,OVERPAY_LIMIT
1765983408.4365525,btc-updown-15m-1765982700,1765982700.0,1765983600.0,,191.56344747543335,,,,,0,0,0.99,0.98,ONE_LEG_INVENTORY,,,,,,,,,,,,,,0,5,,,,,,,,,,,,,,,,,,,,"RECONSTRUCT_BLOCKED: OVERPAY_LIMIT (Op:0.4625 > L:0.0164, Cost:$2.31)",,,,,,,,15.0,20.0,,,,,0,0,,,Inv: 15.0/20.0 CapLeft: 15.0,,,15.0,20.0,35.0,15.0,50.0,0.0,50.0,0.98,0.020000000000000018,-5.0,0.4725,0.99,0.4624999999999999,5.0,2.3124999999999996,0.016421827626228333,OVERPAY_LIMIT
1765983410.3891482,btc-updown-15m-1765982700,1765982700.0,1765983600.0,,189.61085176467896,,,,,0,0,0.99,0.98,ONE_LEG_INVENTORY,,,,,,,,,,,,,,0,5,,,,,,,,,,,,,,,,,,,,"RECONSTRUCT_BLOCKED: OVERPAY_LIMIT (Op:0.4625 > L:0.0165, Cost:$2.31)",,,,,,,,15.0,20.0,,,,,0,0,,,Inv: 15.0/20.0 CapLeft: 15.0,,,15.0,20.0,35.0,15.0,50.0,0.0,50.0,0.98,0.020000000000000018,-5.0,0.4725,0.99,0.4624999999999999,5.0,2.3124999999999996,0.016519457411766053,OVERPAY_LIMIT
1765983410.3891482,btc-updown-15m-1765982700,1765982700.0,1765983600.0,,189.61085176467896,,,,,0,0,0.99,0.98,ONE_LEG_INVENTORY,,,,,,,,,,,,,,0,5,,,,,,,,,,,,,,,,,,,,"RECONSTRUCT_BLOCKED: OVERPAY_LIMIT (Op:0.4625 > L:0.0165, Cost:$2.31)",,,,,,,,15.0,20.0,,,,,0,0,,,Inv: 15.0/20.0 CapLeft: 15.0,,,15.0,20.0,35.0,15.0,50.0,0.0,50.0,0.98,0.020000000000000018,-5.0,0.4725,0.99,0.4624999999999999,5.0,2.3124999999999996,0.016519457411766053,OVERPAY_LIMIT
1765983412.3499012,btc-updown-15m-1765982700,1765982700.0,1765983600.0,,187.65009880065918,,,,,0,0,0.99,0.98,ONE_LEG_INVENTORY,,,,,,,,,,,,,,0,5,,,,,,,,,,,,,,,,,,,,"RECONSTRUCT_BLOCKED: OVERPAY_LIMIT (Op:0.4625 > L:0.0166, Cost:$2.31)",,,,,,,,15.0,20.0,,,,,0,0,,,Inv: 15.0/20.0 CapLeft: 15.0,,,15.0,20.0,35.0,15.0,50.0,0.0,50.0,0.98,0.020000000000000018,-5.0,0.4725,0.99,0.4624999999999999,5.0,2.3124999999999996,0.01661749505996704,OVERPAY_LIMIT
1765983412.3499012,btc-updown-15m-1765982700,1765982700.0,1765983600.0,,187.65009880065918,,,,,0,0,0.99,0.98,ONE_LEG_INVENTORY,,,,,,,,,,,,,,0,5,,,,,,,,,,,,,,,,,,,,"RECONSTRUCT_BLOCKED: OVERPAY_LIMIT (Op:0.4625 > L:0.0166, Cost:$2.31)",,,,,,,,15.0,20.0,,,,,0,0,,,Inv: 15.0/20.0 CapLeft: 15.0,,,15.0,20.0,35.0,15.0,50.0,0.0,50.0,0.98,0.020000000000000018,-5.0,0.4725,0.99,0.4624999999999999,5.0,2.3124999999999996,0.01661749505996704,OVERPAY_LIMIT
1765983414.288573,btc-updown-15m-1765982700,1765982700.0,1765983600.0,,185.7114269733429,,,,,0,0,0.99,0.98,ONE_LEG_INVENTORY,,,,,,,,,,,,,,0,5,,,,,,,,,,,,,,,,,,,,"RECONSTRUCT_BLOCKED: OVERPAY_LIMIT (Op:0.4625 > L:0.0167, Cost:$2.31)",,,,,,,,15.0,20.0,,,,,0,0,,,Inv: 15.0/20.0 CapLeft: 15.0,,,15.0,20.0,35.0,15.0,50.0,0.0,50.0,0.98,0.020000000000000018,-5.0,0.4725,0.99,0.4624999999999999,5.0,2.3124999999999996,0.016714428651332856,OVERPAY_LIMIT
1765983414.288573,btc-updown-15m-1765982700,1765982700.0,1765983600.0,,185.7114269733429,,,,,0,0,0.99,0.98,ONE_LEG_INVENTORY,,,,,,,,,,,,,,0,5,,,,,,,,,,,,,,,,,,,,"RECONSTRUCT_BLOCKED: OVERPAY_LIMIT (Op:0.4625 > L:0.0167, Cost:$2.31)",,,,,,,,15.0,20.0,,,,,0,0,,,Inv: 15.0/20.0 CapLeft: 15.0,,,15.0,20.0,35.0,15.0,50.0,0.0,50.0,0.98,0.020000000000000018,-5.0,0.4725,0.99,0.4624999999999999,5.0,2.3124999999999996,0.016714428651332856,OVERPAY_LIMIT
1765983416.2200205,btc-updown-15m-1765982700,1765982700.0,1765983600.0,,183.77997946739197,,,,,0,0,0.99,0.98,ONE_LEG_INVENTORY,,,,,,,,,,,,,,0,5,,,,,,,,,,,,,,,,,,,,"RECONSTRUCT_BLOCKED: OVERPAY_LIMIT (Op:0.4625 > L:0.0168, Cost:$2.31)",,,,,,,,15.0,20.0,,,,,0,0,,,Inv: 15.0/20.0 CapLeft: 15.0,,,15.0,20.0,35.0,15.0,50.0,0.0,50.0,0.98,0.020000000000000018,-5.0,0.4725,0.99,0.4624999999999999,5.0,2.3124999999999996,0.016811001026630402,OVERPAY_LIMIT
1765983416.2200205,btc-updown-15m-1765982700,1765982700.0,1765983600.0,,183.77997946739197,,,,,0,0,0.99,0.98,ONE_LEG_INVENTORY,,,,,,,,,,,,,,0,5,,,,,,,,,,,,,,,,,,,,"RECONSTRUCT_BLOCKED: OVERPAY_LIMIT (Op:0.4625 > L:0.0168, Cost:$2.31)",,,,,,,,15.0,20.0,,,,,0,0,,,Inv: 15.0/20.0 CapLeft: 15.0,,,15.0,20.0,35.0,15.0,50.0,0.0,50.0,0.98,0.020000000000000018,-5.0,0.4725,0.99,0.4624999999999999,5.0,2.3124999999999996,0.016811001026630402,OVERPAY_LIMIT
1765983418.149821,btc-updown-15m-1765982700,1765982700.0,1765983600.0,,181.85017895698547,,,,,0,0,0.99,0.98,ONE_LEG_INVENTORY,,,,,,,,,,,,,,0,5,,,,,,,,,,,,,,,,,,,,"RECONSTRUCT_BLOCKED: OVERPAY_LIMIT (Op:0.4625 > L:0.0169, Cost:$2.31)",,,,,,,,15.0,20.0,,,,,0,0,,,Inv: 15.0/20.0 CapLeft: 15.0,,,15.0,20.0,35.0,15.0,50.0,0.0,50.0,0.98,0.020000000000000018,-5.0,0.4725,0.99,0.4624999999999999,5.0,2.3124999999999996,0.016907491052150725,OVERPAY_LIMIT
1765983418.149821,btc-updown-15m-1765982700,1765982700.0,1765983600.0,,181.85017895698547,,,,,0,0,0.99,0.98,ONE_LEG_INVENTORY,,,,,,,,,,,,,,0,5,,,,,,,,,,,,,,,,,,,,"RECONSTRUCT_BLOCKED: OVERPAY_LIMIT (Op:0.4625 > L:0.0169, Cost:$2.31)",,,,,,,,15.0,20.0,,,,,0,0,,,Inv: 15.0/20.0 CapLeft: 15.0,,,15.0,20.0,35.0,15.0,50.0,0.0,50.0,0.98,0.020000000000000018,-5.0,0.4725,0.99,0.4624999999999999,5.0,2.3124999999999996,0.016907491052150725,OVERPAY_LIMIT
1765983420.1155694,btc-updown-15m-1765982700,1765982700.0,1765983600.0,,179.88443064689636,,,,,0,0,0.99,0.98,ONE_LEG_INVENTORY,,,,,,,,,,,,,,0,5,,,,,,,,,,,,,,,,,,,,"RECONSTRUCT_BLOCKED: OVERPAY_LIMIT (Op:0.4625 > L:0.0170, Cost:$2.31)",,,,,,,,15.0,20.0,,,,,0,0,,,Inv: 15.0/20.0 CapLeft: 15.0,,,15.0,20.0,35.0,15.0,50.0,0.0,50.0,0.98,0.020000000000000018,-5.0,0.4725,0.99,0.4624999999999999,5.0,2.3124999999999996,0.017005778467655185,OVERPAY_LIMIT
1765983420.1155694,btc-updown-15m-1765982700,1765982700.0,1765983600.0,,179.88443064689636,,,,,0,0,0.99,0.98,ONE_LEG_INVENTORY,,,,,,,,,,,,,,0,5,,,,,,,,,,,,,,,,,,,,"RECONSTRUCT_BLOCKED: OVERPAY_LIMIT (Op:0.4625 > L:0.0170, Cost:$2.31)",,,,,,,,15.0,20.0,,,,,0,0,,,Inv: 15.0/20.0 CapLeft: 15.0,,,15.0,20.0,35.0,15.0,50.0,0.0,50.0,0.98,0.020000000000000018,-5.0,0.4725,0.99,0.4624999999999999,5.0,2.3124999999999996,0.017005778467655185,OVERPAY_LIMIT
1765983422.097737,btc-updown-15m-1765982700,1765982700.0,1765983600.0,,177.90226292610168,,,,,0,0,0.99,0.98,ONE_LEG_INVENTORY,,,,,,,,,,,,,,0,5,,,,,,,,,,,,,,,,,,,,"RECONSTRUCT_BLOCKED: OVERPAY_LIMIT (Op:0.4625 > L:0.0171, Cost:$2.31)",,,,,,,,15.0,20.0,,,,,0,0,,,Inv: 15.0/20.0 CapLeft: 15.0,,,15.0,20.0,35.0,15.0,50.0,0.0,50.0,0.98,0.020000000000000018,-5.0,0.4725,0.99,0.4624999999999999,5.0,2.3124999999999996,0.017104886853694917,OVERPAY_LIMIT
1765983422.097737,btc-updown-15m-1765982700,1765982700.0,1765983600.0,,177.90226292610168,,,,,0,0,0.99,0.98,ONE_LEG_INVENTORY,,,,,,,,,,,,,,0,5,,,,,,,,,,,,,,,,,,,,"RECONSTRUCT_BLOCKED: OVERPAY_LIMIT (Op:0.4625 > L:0.0171, Cost:$2.31)",,,,,,,,15.0,20.0,,,,,0,0,,,Inv: 15.0/20.0 CapLeft: 15.0,,,15.0,20.0,35.0,15.0,50.0,0.0,50.0,0.98,0.020000000000000018,-5.0,0.4725,0.99,0.4624999999999999,5.0,2.3124999999999996,0.017104886853694917,OVERPAY_LIMIT
1765983424.1005223,btc-updown-15m-1765982700,1765982700.0,1765983600.0,,175.89947772026062,,,,,0,0,0.99,0.98,ONE_LEG_INVENTORY,,,,,,,,,,,,,,0,5,,,,,,,,,,,,,,,,,,,,"RECONSTRUCT_BLOCKED: OVERPAY_LIMIT (Op:0.4625 > L:0.0172, Cost:$2.31)",,,,,,,,15.0,20.0,,,,,0,0,,,Inv: 15.0/20.0 CapLeft: 15.0,,,15.0,20.0,35.0,15.0,50.0,0.0,50.0,0.98,0.020000000000000018,-5.0,0.4725,0.99,0.4624999999999999,5.0,2.3124999999999996,0.01720502611398697,OVERPAY_LIMIT
1765983424.1005223,btc-updown-15m-1765982700,1765982700.0,1765983600.0,,175.89947772026062,,,,,0,0,0.99,0.98,ONE_LEG_INVENTORY,,,,,,,,,,,,,,0,5,,,,,,,,,,,,,,,,,,,,"RECONSTRUCT_BLOCKED: OVERPAY_LIMIT (Op:0.4625 > L:0.0172, Cost:$2.31)",,,,,,,,15.0,20.0,,,,,0,0,,,Inv: 15.0/20.0 CapLeft: 15.0,,,15.0,20.0,35.0,15.0,50.0,0.0,50.0,0.98,0.020000000000000018,-5.0,0.4725,0.99,0.4624999999999999,5.0,2.3124999999999996,0.01720502611398697,OVERPAY_LIMIT
1765983426.053165,btc-updown-15m-1765982700,1765982700.0,1765983600.0,,173.94683504104614,,,,,0,0,0.99,0.98,ONE_LEG_INVENTORY,,,,,,,,,,,,,,0,5,,,,,,,,,,,,,,,,,,,,"RECONSTRUCT_BLOCKED: OVERPAY_LIMIT (Op:0.4625 > L:0.0173, Cost:$2.31)",,,,,,,,15.0,20.0,,,,,0,0,,,Inv: 15.0/20.0 CapLeft: 15.0,,,15.0,20.0,35.0,15.0,50.0,0.0,50.0,0.98,0.020000000000000018,-5.0,0.4725,0.99,0.4624999999999999,5.0,2.3124999999999996,0.017302658247947696,OVERPAY_LIMIT
1765983426.053165,btc-updown-15m-1765982700,1765982700.0,1765983600.0,,173.94683504104614,,,,,0,0,0.99,0.98,ONE_LEG_INVENTORY,,,,,,,,,,,,,,0,5,,,,,,,,,,,,,,,,,,,,"RECONSTRUCT_BLOCKED: OVERPAY_LIMIT (Op:0.4625 > L:0.0173, Cost:$2.31)",,,,,,,,15.0,20.0,,,,,0,0,,,Inv: 15.0/20.0 CapLeft: 15.0,,,15.0,20.0,35.0,15.0,50.0,0.0,50.0,0.98,0.020000000000000018,-5.0,0.4725,0.99,0.4624999999999999,5.0,2.3124999999999996,0.017302658247947696,OVERPAY_LIMIT
1765983428.006002,btc-updown-15m-1765982700,1765982700.0,1765983600.0,,171.9939980506897,,,,,0,0,0.99,0.98,ONE_LEG_INVENTORY,,,,,,,,,,,,,,0,5,,,,,,,,,,,,,,,,,,,,"RECONSTRUCT_BLOCKED: OVERPAY_LIMIT (Op:0.4625 > L:0.0174, Cost:$2.31)",,,,,,,,15.0,20.0,,,,,0,0,,,Inv: 15.0/20.0 CapLeft: 15.0,,,15.0,20.0,35.0,15.0,50.0,0.0,50.0,0.98,0.020000000000000018,-5.0,0.4725,0.99,0.4624999999999999,5.0,2.3124999999999996,0.017400300097465515,OVERPAY_LIMIT
1765983428.006002,btc-updown-15m-1765982700,1765982700.0,1765983600.0,,171.9939980506897,,,,,0,0,0.99,0.98,ONE_LEG_INVENTORY,,,,,,,,,,,,,,0,5,,,,,,,,,,,,,,,,,,,,"RECONSTRUCT_BLOCKED: OVERPAY_LIMIT (Op:0.4625 > L:0.0174, Cost:$2.31)",,,,,,,,15.0,20.0,,,,,0,0,,,Inv: 15.0/20.0 CapLeft: 15.0,,,15.0,20.0,35.0,15.0,50.0,0.0,50.0,0.98,0.020000000000000018,-5.0,0.4725,0.99,0.4624999999999999,5.0,2.3124999999999996,0.017400300097465515,OVERPAY_LIMIT
1765983429.945948,btc-updown-15m-1765982700,1765982700.0,1765983600.0,,170.0540521144867,,,,,0,0,0.99,0.98,ONE_LEG_INVENTORY,,,,,,,,,,,,,,0,5,,,,,,,,,,,,,,,,,,,,"RECONSTRUCT_BLOCKED: OVERPAY_LIMIT (Op:0.4625 > L:0.0175, Cost:$2.31)",,,,,,,,15.0,20.0,,,,,0,0,,,Inv: 15.0/20.0 CapLeft: 15.0,,,15.0,20.0,35.0,15.0,50.0,0.0,50.0,0.98,0.020000000000000018,-5.0,0.4725,0.99,0.4624999999999999,5.0,2.3124999999999996,0.017497297394275666,OVERPAY_LIMIT
1765983429.945948,btc-updown-15m-1765982700,1765982700.0,1765983600.0,,170.0540521144867,,,,,0,0,0.99,0.98,ONE_LEG_INVENTORY,,,,,,,,,,,,,,0,5,,,,,,,,,,,,,,,,,,,,"RECONSTRUCT_BLOCKED: OVERPAY_LIMIT (Op:0.4625 > L:0.0175, Cost:$2.31)",,,,,,,,15.0,20.0,,,,,0,0,,,Inv: 15.0/20.0 CapLeft: 15.0,,,15.0,20.0,35.0,15.0,50.0,0.0,50.0,0.98,0.020000000000000018,-5.0,0.4725,0.99,0.4624999999999999,5.0,2.3124999999999996,0.017497297394275666,OVERPAY_LIMIT
1765983431.9320686,btc-updown-15m-1765982700,1765982700.0,1765983600.0,,168.0679314136505,,,,,0,0,0.99,0.98,ONE_LEG_INVENTORY,,,,,,,,,,,,,,0,5,,,,,,,,,,,,,,,,,,,,"RECONSTRUCT_BLOCKED: OVERPAY_LIMIT (Op:0.4625 > L:0.0176, Cost:$2.31)",,,,,,,,15.0,20.0,,,,,0,0,,,Inv: 15.0/20.0 CapLeft: 15.0,,,15.0,20.0,35.0,15.0,50.0,0.0,50.0,0.98,0.020000000000000018,-5.0,0.4725,0.99,0.4624999999999999,5.0,2.3124999999999996,0.017596603429317473,OVERPAY_LIMIT
1765983431.9320686,btc-updown-15m-1765982700,1765982700.0,1765983600.0,,168.0679314136505,,,,,0,0,0.99,0.98,ONE_LEG_INVENTORY,,,,,,,,,,,,,,0,5,,,,,,,,,,,,,,,,,,,,"RECONSTRUCT_BLOCKED: OVERPAY_LIMIT (Op:0.4625 > L:0.0176, Cost:$2.31)",,,,,,,,15.0,20.0,,,,,0,0,,,Inv: 15.0/20.0 CapLeft: 15.0,,,15.0,20.0,35.0,15.0,50.0,0.0,50.0,0.98,0.020000000000000018,-5.0,0.4725,0.99,0.4624999999999999,5.0,2.3124999999999996,0.017596603429317473,OVERPAY_LIMIT
1765983433.8926096,btc-updown-15m-1765982700,1765982700.0,1765983600.0,,166.10739040374756,,,,,0,0,0.99,0.98,ONE_LEG_INVENTORY,,,,,,,,,,,,,,0,5,,,,,,,,,,,,,,,,,,,,"RECONSTRUCT_BLOCKED: OVERPAY_LIMIT (Op:0.4625 > L:0.0177, Cost:$2.31)",,,,,,,,15.0,20.0,,,,,0,0,,,Inv: 15.0/20.0 CapLeft: 15.0,,,15.0,20.0,35.0,15.0,50.0,0.0,50.0,0.98,0.020000000000000018,-5.0,0.4725,0.99,0.4624999999999999,5.0,2.3124999999999996,0.017694630479812623,OVERPAY_LIMIT
1765983433.8926096,btc-updown-15m-1765982700,1765982700.0,1765983600.0,,166.10739040374756,,,,,0,0,0.99,0.98,ONE_LEG_INVENTORY,,,,,,,,,,,,,,0,5,,,,,,,,,,,,,,,,,,,,"RECONSTRUCT_BLOCKED: OVERPAY_LIMIT (Op:0.4625 > L:0.0177, Cost:$2.31)",,,,,,,,15.0,20.0,,,,,0,0,,,Inv: 15.0/20.0 CapLeft: 15.0,,,15.0,20.0,35.0,15.0,50.0,0.0,50.0,0.98,0.020000000000000018,-5.0,0.4725,0.99,0.4624999999999999,5.0,2.3124999999999996,0.017694630479812623,OVERPAY_LIMIT
1765983435.822872,btc-updown-15m-1765982700,1765982700.0,1765983600.0,,164.17712807655334,,,,,0,0,0.99,0.98,ONE_LEG_INVENTORY,,,,,,,,,,,,,,0,5,,,,,,,,,,,,,,,,,,,,"RECONSTRUCT_BLOCKED: OVERPAY_LIMIT (Op:0.4625 > L:0.0178, Cost:$2.31)",,,,,,,,15.0,20.0,,,,,0,0,,,Inv: 15.0/20.0 CapLeft: 15.0,,,15.0,20.0,35.0,15.0,50.0,0.0,50.0,0.98,0.020000000000000018,-5.0,0.4725,0.99,0.4624999999999999,5.0,2.3124999999999996,0.017791143596172336,OVERPAY_LIMIT
1765983435.822872,btc-updown-15m-1765982700,1765982700.0,1765983600.0,,164.17712807655334,,,,,0,0,0.99,0.98,ONE_LEG_INVENTORY,,,,,,,,,,,,,,0,5,,,,,,,,,,,,,,,,,,,,"RECONSTRUCT_BLOCKED: OVERPAY_LIMIT (Op:0.4625 > L:0.0178, Cost:$2.31)",,,,,,,,15.0,20.0,,,,,0,0,,,Inv: 15.0/20.0 CapLeft: 15.0,,,15.0,20.0,35.0,15.0,50.0,0.0,50.0,0.98,0.020000000000000018,-5.0,0.4725,0.99,0.4624999999999999,5.0,2.3124999999999996,0.017791143596172336,OVERPAY_LIMIT
1765983437.7502558,btc-updown-15m-1765982700,1765982700.0,1765983600.0,,162.24974417686462,,,,,0,0,0.99,0.98,ONE_LEG_INVENTORY,,,,,,,,,,,,,,0,5,,,,,,,,,,,,,,,,,,,,"RECONSTRUCT_BLOCKED: OVERPAY_LIMIT (Op:0.4625 > L:0.0179, Cost:$2.31)",,,,,,,,15.0,20.0,,,,,0,0,,,Inv: 15.0/20.0 CapLeft: 15.0,,,15.0,20.0,35.0,15.0,50.0,0.0,50.0,0.98,0.020000000000000018,-5.0,0.4725,0.99,0.4624999999999999,5.0,2.3124999999999996,0.017887512791156766,OVERPAY_LIMIT
1765983437.7502558,btc-updown-15m-1765982700,1765982700.0,1765983600.0,,162.24974417686462,,,,,0,0,0.99,0.98,ONE_LEG_INVENTORY,,,,,,,,,,,,,,0,5,,,,,,,,,,,,,,,,,,,,"RECONSTRUCT_BLOCKED: OVERPAY_LIMIT (Op:0.4625 > L:0.0179, Cost:$2.31)",,,,,,,,15.0,20.0,,,,,0,0,,,Inv: 15.0/20.0 CapLeft: 15.0,,,15.0,20.0,35.0,15.0,50.0,0.0,50.0,0.98,0.020000000000000018,-5.0,0.4725,0.99,0.4624999999999999,5.0,2.3124999999999996,0.017887512791156766,OVERPAY_LIMIT
1765983439.6896749,btc-updown-15m-1765982700,1765982700.0,1765983600.0,,160.31032514572144,,,,,0,0,0.99,0.98,ONE_LEG_INVENTORY,,,,,,,,,,,,,,0,5,,,,,,,,,,,,,,,,,,,,"RECONSTRUCT_BLOCKED: OVERPAY_LIMIT (Op:0.4625 > L:0.0180, Cost:$2.31)",,,,,,,,15.0,20.0,,,,,0,0,,,Inv: 15.0/20.0 CapLeft: 15.0,,,15.0,20.0,35.0,15.0,50.0,0.0,50.0,0.98,0.020000000000000018,-5.0,0.4725,0.99,0.4624999999999999,5.0,2.3124999999999996,0.017984483742713928,OVERPAY_LIMIT
1765983439.6896749,btc-updown-15m-1765982700,1765982700.0,1765983600.0,,160.31032514572144,,,,,0,0,0.99,0.98,ONE_LEG_INVENTORY,,,,,,,,,,,,,,0,5,,,,,,,,,,,,,,,,,,,,"RECONSTRUCT_BLOCKED: OVERPAY_LIMIT (Op:0.4625 > L:0.0180, Cost:$2.31)",,,,,,,,15.0,20.0,,,,,0,0,,,Inv: 15.0/20.0 CapLeft: 15.0,,,15.0,20.0,35.0,15.0,50.0,0.0,50.0,0.98,0.020000000000000018,-5.0,0.4725,0.99,0.4624999999999999,5.0,2.3124999999999996,0.017984483742713928,OVERPAY_LIMIT
1765983441.619231,btc-updown-15m-1765982700,1765982700.0,1765983600.0,,158.38076901435852,,,,,0,0,0.99,0.98,ONE_LEG_INVENTORY,,,,,,,,,,,,,,0,5,,,,,,,,,,,,,,,,,,,,"RECONSTRUCT_BLOCKED: OVERPAY_LIMIT (Op:0.4625 > L:0.0181, Cost:$2.31)",,,,,,,,15.0,20.0,,,,,0,0,,,Inv: 15.0/20.0 CapLeft: 15.0,,,15.0,20.0,35.0,15.0,50.0,0.0,50.0,0.98,0.020000000000000018,-5.0,0.4725,0.99,0.4624999999999999,5.0,2.3124999999999996,0.018080961549282078,OVERPAY_LIMIT
1765983441.619231,btc-updown-15m-1765982700,1765982700.0,1765983600.0,,158.38076901435852,,,,,0,0,0.99,0.98,ONE_LEG_INVENTORY,,,,,,,,,,,,,,0,5,,,,,,,,,,,,,,,,,,,,"RECONSTRUCT_BLOCKED: OVERPAY_LIMIT (Op:0.4625 > L:0.0181, Cost:$2.31)",,,,,,,,15.0,20.0,,,,,0,0,,,Inv: 15.0/20.0 CapLeft: 15.0,,,15.0,20.0,35.0,15.0,50.0,0.0,50.0,0.98,0.020000000000000018,-5.0,0.4725,0.99,0.4624999999999999,5.0,2.3124999999999996,0.018080961549282078,OVERPAY_LIMIT
1765983443.54547,btc-updown-15m-1765982700,1765982700.0,1765983600.0,,156.45453000068665,,,,,0,0,0.99,0.98,ONE_LEG_INVENTORY,,,,,,,,,,,,,,0,5,,,,,,,,,,,,,,,,,,,,"RECONSTRUCT_BLOCKED: OVERPAY_LIMIT (Op:0.4625 > L:0.0182, Cost:$2.31)",,,,,,,,15.0,20.0,,,,,0,0,,,Inv: 15.0/20.0 CapLeft: 15.0,,,15.0,20.0,35.0,15.0,50.0,0.0,50.0,0.98,0.020000000000000018,-5.0,0.4725,0.99,0.4624999999999999,5.0,2.3124999999999996,0.018177273499965667,OVERPAY_LIMIT
1765983443.54547,btc-updown-15m-1765982700,1765982700.0,1765983600.0,,156.45453000068665,,,,,0,0,0.99,0.98,ONE_LEG_INVENTORY,,,,,,,,,,,,,,0,5,,,,,,,,,,,,,,,,,,,,"RECONSTRUCT_BLOCKED: OVERPAY_LIMIT (Op:0.4625 > L:0.0182, Cost:$2.31)",,,,,,,,15.0,20.0,,,,,0,0,,,Inv: 15.0/20.0 CapLeft: 15.0,,,15.0,20.0,35.0,15.0,50.0,0.0,50.0,0.98,0.020000000000000018,-5.0,0.4725,0.99,0.4624999999999999,5.0,2.3124999999999996,0.018177273499965667,OVERPAY_LIMIT
1765983445.4940505,btc-updown-15m-1765982700,1765982700.0,1765983600.0,,154.5059494972229,,,,,0,0,0.99,0.98,ONE_LEG_INVENTORY,,,,,,,,,,,,,,0,5,,,,,,,,,,,,,,,,,,,,"RECONSTRUCT_BLOCKED: OVERPAY_LIMIT (Op:0.4625 > L:0.0183, Cost:$2.31)",,,,,,,,15.0,20.0,,,,,0,0,,,Inv: 15.0/20.0 CapLeft: 15.0,,,15.0,20.0,35.0,15.0,50.0,0.0,50.0,0.98,0.020000000000000018,-5.0,0.4725,0.99,0.4624999999999999,5.0,2.3124999999999996,0.018274702525138853,OVERPAY_LIMIT
1765983445.4940505,btc-updown-15m-1765982700,1765982700.0,1765983600.0,,154.5059494972229,,,,,0,0,0.99,0.98,ONE_LEG_INVENTORY,,,,,,,,,,,,,,0,5,,,,,,,,,,,,,,,,,,,,"RECONSTRUCT_BLOCKED: OVERPAY_LIMIT (Op:0.4625 > L:0.0183, Cost:$2.31)",,,,,,,,15.0,20.0,,,,,0,0,,,Inv: 15.0/20.0 CapLeft: 15.0,,,15.0,20.0,35.0,15.0,50.0,0.0,50.0,0.98,0.020000000000000018,-5.0,0.4725,0.99,0.4624999999999999,5.0,2.3124999999999996,0.018274702525138853,OVERPAY_LIMIT
1765983447.4334562,btc-updown-15m-1765982700,1765982700.0,1765983600.0,,152.56654381752014,,,,,0,0,0.99,0.98,ONE_LEG_INVENTORY,,,,,,,,,,,,,,0,5,,,,,,,,,,,,,,,,,,,,"RECONSTRUCT_BLOCKED: OVERPAY_LIMIT (Op:0.4625 > L:0.0184, Cost:$2.31)",,,,,,,,15.0,20.0,,,,,0,0,,,Inv: 15.0/20.0 CapLeft: 15.0,,,15.0,20.0,35.0,15.0,50.0,0.0,50.0,0.98,0.020000000000000018,-5.0,0.4725,0.99,0.4624999999999999,5.0,2.3124999999999996,0.018371672809123996,OVERPAY_LIMIT
1765983447.4334562,btc-updown-15m-1765982700,1765982700.0,1765983600.0,,152.56654381752014,,,,,0,0,0.99,0.98,ONE_LEG_INVENTORY,,,,,,,,,,,,,,0,5,,,,,,,,,,,,,,,,,,,,"RECONSTRUCT_BLOCKED: OVERPAY_LIMIT (Op:0.4625 > L:0.0184, Cost:$2.31)",,,,,,,,15.0,20.0,,,,,0,0,,,Inv: 15.0/20.0 CapLeft: 15.0,,,15.0,20.0,35.0,15.0,50.0,0.0,50.0,0.98,0.020000000000000018,-5.0,0.4725,0.99,0.4624999999999999,5.0,2.3124999999999996,0.018371672809123996,OVERPAY_LIMIT
1765983449.3952565,btc-updown-15m-1765982700,1765982700.0,1765983600.0,,150.60474348068237,,,,,0,0,0.99,0.98,ONE_LEG_INVENTORY,,,,,,,,,,,,,,0,5,,,,,,,,,,,,,,,,,,,,"RECONSTRUCT_BLOCKED: OVERPAY_LIMIT (Op:0.4625 > L:0.0185, Cost:$2.31)",,,,,,,,15.0,20.0,,,,,0,0,,,Inv: 15.0/20.0 CapLeft: 15.0,,,15.0,20.0,35.0,15.0,50.0,0.0,50.0,0.98,0.020000000000000018,-5.0,0.4725,0.99,0.4624999999999999,5.0,2.3124999999999996,0.01846976282596588,OVERPAY_LIMIT
1765983449.3952565,btc-updown-15m-1765982700,1765982700.0,1765983600.0,,150.60474348068237,,,,,0,0,0.99,0.98,ONE_LEG_INVENTORY,,,,,,,,,,,,,,0,5,,,,,,,,,,,,,,,,,,,,"RECONSTRUCT_BLOCKED: OVERPAY_LIMIT (Op:0.4625 > L:0.0185, Cost:$2.31)",,,,,,,,15.0,20.0,,,,,0,0,,,Inv: 15.0/20.0 CapLeft: 15.0,,,15.0,20.0,35.0,15.0,50.0,0.0,50.0,0.98,0.020000000000000018,-5.0,0.4725,0.99,0.4624999999999999,5.0,2.3124999999999996,0.01846976282596588,OVERPAY_LIMIT
1765983451.352436,btc-updown-15m-1765982700,1765982700.0,1765983600.0,,148.64756393432617,,,,,0,0,0.99,0.98,ONE_LEG_INVENTORY,,,,,,,,,,,,,,0,5,,,,,,,,,,,,,,,,,,,,"RECONSTRUCT_BLOCKED: OVERPAY_LIMIT (Op:0.4625 > L:0.0186, Cost:$2.31)",,,,,,,,15.0,20.0,,,,,0,0,,,Inv: 15.0/20.0 CapLeft: 15.0,,,15.0,20.0,35.0,15.0,50.0,0.0,50.0,0.98,0.020000000000000018,-5.0,0.4725,0.99,0.4624999999999999,5.0,2.3124999999999996,0.01856762180328369,OVERPAY_LIMIT
1765983451.352436,btc-updown-15m-1765982700,1765982700.0,1765983600.0,,148.64756393432617,,,,,0,0,0.99,0.98,ONE_LEG_INVENTORY,,,,,,,,,,,,,,0,5,,,,,,,,,,,,,,,,,,,,"RECONSTRUCT_BLOCKED: OVERPAY_LIMIT (Op:0.4625 > L:0.0186, Cost:$2.31)",,,,,,,,15.0,20.0,,,,,0,0,,,Inv: 15.0/20.0 CapLeft: 15.0,,,15.0,20.0,35.0,15.0,50.0,0.0,50.0,0.98,0.020000000000000018,-5.0,0.4725,0.99,0.4624999999999999,5.0,2.3124999999999996,0.01856762180328369,OVERPAY_LIMIT
1765983453.303047,btc-updown-15m-1765982700,1765982700.0,1765983600.0,,146.6969530582428,,,,,0,0,0.99,0.98,ONE_LEG_INVENTORY,,,,,,,,,,,,,,0,5,,,,,,,,,,,,,,,,,,,,"RECONSTRUCT_BLOCKED: OVERPAY_LIMIT (Op:0.4625 > L:0.0187, Cost:$2.31)",,,,,,,,15.0,20.0,,,,,0,0,,,Inv: 15.0/20.0 CapLeft: 15.0,,,15.0,20.0,35.0,15.0,50.0,0.0,50.0,0.98,0.020000000000000018,-5.0,0.4725,0.99,0.4624999999999999,5.0,2.3124999999999996,0.018665152347087863,OVERPAY_LIMIT
1765983453.303047,btc-updown-15m-1765982700,1765982700.0,1765983600.0,,146.6969530582428,,,,,0,0,0.99,0.98,ONE_LEG_INVENTORY,,,,,,,,,,,,,,0,5,,,,,,,,,,,,,,,,,,,,"RECONSTRUCT_BLOCKED: OVERPAY_LIMIT (Op:0.4625 > L:0.0187, Cost:$2.31)",,,,,,,,15.0,20.0,,,,,0,0,,,Inv: 15.0/20.0 CapLeft: 15.0,,,15.0,20.0,35.0,15.0,50.0,0.0,50.0,0.98,0.020000000000000018,-5.0,0.4725,0.99,0.4624999999999999,5.0,2.3124999999999996,0.018665152347087863,OVERPAY_LIMIT
1765983455.2740548,btc-updown-15m-1765982700,1765982700.0,1765983600.0,,144.7259452342987,,,,,0,0,0.99,0.98,ONE_LEG_INVENTORY,,,,,,,,,,,,,,0,5,,,,,,,,,,,,,,,,,,,,"RECONSTRUCT_BLOCKED: OVERPAY_LIMIT (Op:0.4625 > L:0.0188, Cost:$2.31)",,,,,,,,15.0,20.0,,,,,0,0,,,Inv: 15.0/20.0 CapLeft: 15.0,,,15.0,20.0,35.0,15.0,50.0,0.0,50.0,0.98,0.020000000000000018,-5.0,0.4725,0.99,0.4624999999999999,5.0,2.3124999999999996,0.018763702738285065,OVERPAY_LIMIT
1765983455.2740548,btc-updown-15m-1765982700,1765982700.0,1765983600.0,,144.7259452342987,,,,,0,0,0.99,0.98,ONE_LEG_INVENTORY,,,,,,,,,,,,,,0,5,,,,,,,,,,,,,,,,,,,,"RECONSTRUCT_BLOCKED: OVERPAY_LIMIT (Op:0.4625 > L:0.0188, Cost:$2.31)",,,,,,,,15.0,20.0,,,,,0,0,,,Inv: 15.0/20.0 CapLeft: 15.0,,,15.0,20.0,35.0,15.0,50.0,0.0,50.0,0.98,0.020000000000000018,-5.0,0.4725,0.99,0.4624999999999999,5.0,2.3124999999999996,0.018763702738285065,OVERPAY_LIMIT
1765983457.2088761,btc-updown-15m-1765982700,1765982700.0,1765983600.0,,142.7911238670349,,,,,0,0,0.99,0.98,ONE_LEG_INVENTORY,,,,,,,,,,,,,,0,5,,,,,,,,,,,,,,,,,,,,"RECONSTRUCT_BLOCKED: OVERPAY_LIMIT (Op:0.4625 > L:0.0189, Cost:$2.31)",,,,,,,,15.0,20.0,,,,,0,0,,,Inv: 15.0/20.0 CapLeft: 15.0,,,15.0,20.0,35.0,15.0,50.0,0.0,50.0,0.98,0.020000000000000018,-5.0,0.4725,0.99,0.4624999999999999,5.0,2.3124999999999996,0.018860443806648253,OVERPAY_LIMIT
1765983457.2088761,btc-updown-15m-1765982700,1765982700.0,1765983600.0,,142.7911238670349,,,,,0,0,0.99,0.98,ONE_LEG_INVENTORY,,,,,,,,,,,,,,0,5,,,,,,,,,,,,,,,,,,,,"RECONSTRUCT_BLOCKED: OVERPAY_LIMIT (Op:0.4625 > L:0.0189, Cost:$2.31)",,,,,,,,15.0,20.0,,,,,0,0,,,Inv: 15.0/20.0 CapLeft: 15.0,,,15.0,20.0,35.0,15.0,50.0,0.0,50.0,0.98,0.020000000000000018,-5.0,0.4725,0.99,0.4624999999999999,5.0,2.3124999999999996,0.018860443806648253,OVERPAY_LIMIT
1765983459.1840494,btc-updown-15m-1765982700,1765982700.0,1765983600.0,,140.81595063209534,,,,,0,0,0.99,0.98,ONE_LEG_INVENTORY,,,,,,,,,,,,,,0,5,,,,,,,,,,,,,,,,,,,,"RECONSTRUCT_BLOCKED: OVERPAY_LIMIT (Op:0.4625 > L:0.0190, Cost:$2.31)",,,,,,,,15.0,20.0,,,,,0,0,,,Inv: 15.0/20.0 CapLeft: 15.0,,,15.0,20.0,35.0,15.0,50.0,0.0,50.0,0.98,0.020000000000000018,-5.0,0.4725,0.99,0.4624999999999999,5.0,2.3124999999999996,0.018959202468395234,OVERPAY_LIMIT
1765983459.1840494,btc-updown-15m-1765982700,1765982700.0,1765983600.0,,140.81595063209534,,,,,0,0,0.99,0.98,ONE_LEG_INVENTORY,,,,,,,,,,,,,,0,5,,,,,,,,,,,,,,,,,,,,"RECONSTRUCT_BLOCKED: OVERPAY_LIMIT (Op:0.4625 > L:0.0190, Cost:$2.31)",,,,,,,,15.0,20.0,,,,,0,0,,,Inv: 15.0/20.0 CapLeft: 15.0,,,15.0,20.0,35.0,15.0,50.0,0.0,50.0,0.98,0.020000000000000018,-5.0,0.4725,0.99,0.4624999999999999,5.0,2.3124999999999996,0.018959202468395234,OVERPAY_LIMIT
1765983461.136038,btc-updown-15m-1765982700,1765982700.0,1765983600.0,,138.86396193504333,,,,,0,0,0.99,0.98,ONE_LEG_INVENTORY,,,,,,,,,,,,,,0,5,,,,,,,,,,,,,,,,,,,,"RECONSTRUCT_BLOCKED: OVERPAY_LIMIT (Op:0.4625 > L:0.0191, Cost:$2.31)",,,,,,,,15.0,20.0,,,,,0,0,,,Inv: 15.0/20.0 CapLeft: 15.0,,,15.0,20.0,35.0,15.0,50.0,0.0,50.0,0.98,0.020000000000000018,-5.0,0.4725,0.99,0.4624999999999999,5.0,2.3124999999999996,0.019056801903247836,OVERPAY_LIMIT
1765983461.136038,btc-updown-15m-1765982700,1765982700.0,1765983600.0,,138.86396193504333,,,,,0,0,0.99,0.98,ONE_LEG_INVENTORY,,,,,,,,,,,,,,0,5,,,,,,,,,,,,,,,,,,,,"RECONSTRUCT_BLOCKED: OVERPAY_LIMIT (Op:0.4625 > L:0.0191, Cost:$2.31)",,,,,,,,15.0,20.0,,,,,0,0,,,Inv: 15.0/20.0 CapLeft: 15.0,,,15.0,20.0,35.0,15.0,50.0,0.0,50.0,0.98,0.020000000000000018,-5.0,0.4725,0.99,0.4624999999999999,5.0,2.3124999999999996,0.019056801903247836,OVERPAY_LIMIT
1765983463.0648696,btc-updown-15m-1765982700,1765982700.0,1765983600.0,,136.9351303577423,,,,,0,0,0.99,0.98,ONE_LEG_INVENTORY,,,,,,,,,,,,,,0,5,,,,,,,,,,,,,,,,,,,,"RECONSTRUCT_BLOCKED: OVERPAY_LIMIT (Op:0.4625 > L:0.0192, Cost:$2.31)",,,,,,,,15.0,20.0,,,,,0,0,,,Inv: 15.0/20.0 CapLeft: 15.0,,,15.0,20.0,35.0,15.0,50.0,0.0,50.0,0.98,0.020000000000000018,-5.0,0.4725,0.99,0.4624999999999999,5.0,2.3124999999999996,0.019153243482112885,OVERPAY_LIMIT
1765983463.0648696,btc-updown-15m-1765982700,1765982700.0,1765983600.0,,136.9351303577423,,,,,0,0,0.99,0.98,ONE_LEG_INVENTORY,,,,,,,,,,,,,,0,5,,,,,,,,,,,,,,,,,,,,"RECONSTRUCT_BLOCKED: OVERPAY_LIMIT (Op:0.4625 > L:0.0192, Cost:$2.31)",,,,,,,,15.0,20.0,,,,,0,0,,,Inv: 15.0/20.0 CapLeft: 15.0,,,15.0,20.0,35.0,15.0,50.0,0.0,50.0,0.98,0.020000000000000018,-5.0,0.4725,0.99,0.4624999999999999,5.0,2.3124999999999996,0.019153243482112885,OVERPAY_LIMIT
1765983465.0459938,btc-updown-15m-1765982700,1765982700.0,1765983600.0,,134.95400619506836,,,,,0,0,0.99,0.98,ONE_LEG_INVENTORY,,,,,,,,,,,,,,0,5,,,,,,,,,,,,,,,,,,,,"RECONSTRUCT_BLOCKED: OVERPAY_LIMIT (Op:0.4625 > L:0.0193, Cost:$2.31)",,,,,,,,15.0,20.0,,,,,0,0,,,Inv: 15.0/20.0 CapLeft: 15.0,,,15.0,20.0,35.0,15.0,50.0,0.0,50.0,0.98,0.020000000000000018,-5.0,0.4725,0.99,0.4624999999999999,5.0,2.3124999999999996,0.019252299690246583,OVERPAY_LIMIT
1765983465.0459938,btc-updown-15m-1765982700,1765982700.0,1765983600.0,,134.95400619506836,,,,,0,0,0.99,0.98,ONE_LEG_INVENTORY,,,,,,,,,,,,,,0,5,,,,,,,,,,,,,,,,,,,,"RECONSTRUCT_BLOCKED: OVERPAY_LIMIT (Op:0.4625 > L:0.0193, Cost:$2.31)",,,,,,,,15.0,20.0,,,,,0,0,,,Inv: 15.0/20.0 CapLeft: 15.0,,,15.0,20.0,35.0,15.0,50.0,0.0,50.0,0.98,0.020000000000000018,-5.0,0.4725,0.99,0.4624999999999999,5.0,2.3124999999999996,0.019252299690246583,OVERPAY_LIMIT
1765983467.0109682,btc-updown-15m-1765982700,1765982700.0,1765983600.0,,132.989031791687,,,,,0,0,0.99,0.98,ONE_LEG_INVENTORY,,,,,,,,,,,,,,0,5,,,,,,,,,,,,,,,,,,,,"RECONSTRUCT_BLOCKED: OVERPAY_LIMIT (Op:0.4625 > L:0.0194, Cost:$2.31)",,,,,,,,15.0,20.0,,,,,0,0,,,Inv: 15.0/20.0 CapLeft: 15.0,,,15.0,20.0,35.0,15.0,50.0,0.0,50.0,0.98,0.020000000000000018,-5.0,0.4725,0.99,0.4624999999999999,5.0,2.3124999999999996,0.019350548410415648,OVERPAY_LIMIT
1765983467.0109682,btc-updown-15m-1765982700,1765982700.0,1765983600.0,,132.989031791687,,,,,0,0,0.99,0.98,ONE_LEG_INVENTORY,,,,,,,,,,,,,,0,5,,,,,,,,,,,,,,,,,,,,"RECONSTRUCT_BLOCKED: OVERPAY_LIMIT (Op:0.4625 > L:0.0194, Cost:$2.31)",,,,,,,,15.0,20.0,,,,,0,0,,,Inv: 15.0/20.0 CapLeft: 15.0,,,15.0,20.0,35.0,15.0,50.0,0.0,50.0,0.98,0.020000000000000018,-5.0,0.4725,0.99,0.4624999999999999,5.0,2.3124999999999996,0.019350548410415648,OVERPAY_LIMIT
1765983468.9578824,btc-updown-15m-1765982700,1765982700.0,1765983600.0,,131.0421175956726,,,,,0,0,0.99,0.98,ONE_LEG_INVENTORY,,,,,,,,,,,,,,0,5,,,,,,,,,,,,,,,,,,,,"RECONSTRUCT_BLOCKED: OVERPAY_LIMIT (Op:0.4625 > L:0.0194, Cost:$2.31)",,,,,,,,15.0,20.0,,,,,0,0,,,Inv: 15.0/20.0 CapLeft: 15.0,,,15.0,20.0,35.0,15.0,50.0,0.0,50.0,0.98,0.020000000000000018,-5.0,0.4725,0.99,0.4624999999999999,5.0,2.3124999999999996,0.019447894120216372,OVERPAY_LIMIT
1765983468.9578824,btc-updown-15m-1765982700,1765982700.0,1765983600.0,,131.0421175956726,,,,,0,0,0.99,0.98,ONE_LEG_INVENTORY,,,,,,,,,,,,,,0,5,,,,,,,,,,,,,,,,,,,,"RECONSTRUCT_BLOCKED: OVERPAY_LIMIT (Op:0.4625 > L:0.0194, Cost:$2.31)",,,,,,,,15.0,20.0,,,,,0,0,,,Inv: 15.0/20.0 CapLeft: 15.0,,,15.0,20.0,35.0,15.0,50.0,0.0,50.0,0.98,0.020000000000000018,-5.0,0.4725,0.99,0.4624999999999999,5.0,2.3124999999999996,0.019447894120216372,OVERPAY_LIMIT
1765983470.9056187,btc-updown-15m-1765982700,1765982700.0,1765983600.0,,129.09438133239746,,,,,0,0,0.99,0.98,ONE_LEG_INVENTORY,,,,,,,,,,,,,,0,5,,,,,,,,,,,,,,,,,,,,"RECONSTRUCT_BLOCKED: OVERPAY_LIMIT (Op:0.4625 > L:0.0195, Cost:$2.31)",,,,,,,,15.0,20.0,,,,,0,0,,,Inv: 15.0/20.0 CapLeft: 15.0,,,15.0,20.0,35.0,15.0,50.0,0.0,50.0,0.98,0.020000000000000018,-5.0,0.4725,0.99,0.4624999999999999,5.0,2.3124999999999996,0.01954528093338013,OVERPAY_LIMIT
1765983470.9056187,btc-updown-15m-1765982700,1765982700.0,1765983600.0,,129.09438133239746,,,,,0,0,0.99,0.98,ONE_LEG_INVENTORY,,,,,,,,,,,,,,0,5,,,,,,,,,,,,,,,,,,,,"RECONSTRUCT_BLOCKED: OVERPAY_LIMIT (Op:0.4625 > L:0.0195, Cost:$2.31)",,,,,,,,15.0,20.0,,,,,0,0,,,Inv: 15.0/20.0 CapLeft: 15.0,,,15.0,20.0,35.0,15.0,50.0,0.0,50.0,0.98,0.020000000000000018,-5.0,0.4725,0.99,0.4624999999999999,5.0,2.3124999999999996,0.01954528093338013,OVERPAY_LIMIT
1765983473.0328374,btc-updown-15m-1765982700,1765982700.0,1765983600.0,,126.96716260910034,,,,,0,0,0.99,0.98,ONE_LEG_INVENTORY,,,,,,,,,,,,,,0,5,,,,,,,,,,,,,,,,,,,,"RECONSTRUCT_BLOCKED: OVERPAY_LIMIT (Op:0.4625 > L:0.0197, Cost:$2.31)",,,,,,,,15.0,20.0,,,,,0,0,,,Inv: 15.0/20.0 CapLeft: 15.0,,,15.0,20.0,35.0,15.0,50.0,0.0,50.0,0.98,0.020000000000000018,-5.0,0.4725,0.99,0.4624999999999999,5.0,2.3124999999999996,0.019651641869544982,OVERPAY_LIMIT
1765983473.0328374,btc-updown-15m-1765982700,1765982700.0,1765983600.0,,126.96716260910034,,,,,0,0,0.99,0.98,ONE_LEG_INVENTORY,,,,,,,,,,,,,,0,5,,,,,,,,,,,,,,,,,,,,"RECONSTRUCT_BLOCKED: OVERPAY_LIMIT (Op:0.4625 > L:0.0197, Cost:$2.31)",,,,,,,,15.0,20.0,,,,,0,0,,,Inv: 15.0/20.0 CapLeft: 15.0,,,15.0,20.0,35.0,15.0,50.0,0.0,50.0,0.98,0.020000000000000018,-5.0,0.4725,0.99,0.4624999999999999,5.0,2.3124999999999996,0.019651641869544982,OVERPAY_LIMIT
1765983475.035253,btc-updown-15m-1765982700,1765982700.0,1765983600.0,,124.96474695205688,,,,,0,0,0.99,0.98,ONE_LEG_INVENTORY,,,,,,,,,,,,,,0,5,,,,,,,,,,,,,,,,,,,,"RECONSTRUCT_BLOCKED: OVERPAY_LIMIT (Op:0.4625 > L:0.0198, Cost:$2.31)",,,,,,,,15.0,20.0,,,,,0,0,,,Inv: 15.0/20.0 CapLeft: 15.0,,,15.0,20.0,35.0,15.0,50.0,0.0,50.0,0.98,0.020000000000000018,-5.0,0.4725,0.99,0.4624999999999999,5.0,2.3124999999999996,0.019751762652397156,OVERPAY_LIMIT
1765983475.035253,btc-updown-15m-1765982700,1765982700.0,1765983600.0,,124.96474695205688,,,,,0,0,0.99,0.98,ONE_LEG_INVENTORY,,,,,,,,,,,,,,0,5,,,,,,,,,,,,,,,,,,,,"RECONSTRUCT_BLOCKED: OVERPAY_LIMIT (Op:0.4625 > L:0.0198, Cost:$2.31)",,,,,,,,15.0,20.0,,,,,0,0,,,Inv: 15.0/20.0 CapLeft: 15.0,,,15.0,20.0,35.0,15.0,50.0,0.0,50.0,0.98,0.020000000000000018,-5.0,0.4725,0.99,0.4624999999999999,5.0,2.3124999999999996,0.019751762652397156,OVERPAY_LIMIT
1765983477.0752354,btc-updown-15m-1765982700,1765982700.0,1765983600.0,,122.92476463317871,,,,,0,0,0.99,0.98,ONE_LEG_INVENTORY,,,,,,,,,,,,,,0,5,,,,,,,,,,,,,,,,,,,,"RECONSTRUCT_BLOCKED: OVERPAY_LIMIT (Op:0.4625 > L:0.0199, Cost:$2.31)",,,,,,,,15.0,20.0,,,,,0,0,,,Inv: 15.0/20.0 CapLeft: 15.0,,,15.0,20.0,35.0,15.0,50.0,0.0,50.0,0.98,0.020000000000000018,-5.0,0.4725,0.99,0.4624999999999999,5.0,2.3124999999999996,0.019853761768341062,OVERPAY_LIMIT
1765983477.0752354,btc-updown-15m-1765982700,1765982700.0,1765983600.0,,122.92476463317871,,,,,0,0,0.99,0.98,ONE_LEG_INVENTORY,,,,,,,,,,,,,,0,5,,,,,,,,,,,,,,,,,,,,"RECONSTRUCT_BLOCKED: OVERPAY_LIMIT (Op:0.4625 > L:0.0199, Cost:$2.31)",,,,,,,,15.0,20.0,,,,,0,0,,,Inv: 15.0/20.0 CapLeft: 15.0,,,15.0,20.0,35.0,15.0,50.0,0.0,50.0,0.98,0.020000000000000018,-5.0,0.4725,0.99,0.4624999999999999,5.0,2.3124999999999996,0.019853761768341062,OVERPAY_LIMIT
1765983479.0123804,btc-updown-15m-1765982700,1765982700.0,1765983600.0,,120.987619638443,,,,,0,0,0.99,0.98,ONE_LEG_INVENTORY,,,,,,,,,,,,,,0,5,,,,,,,,,,,,,,,,,,,,"RECONSTRUCT_BLOCKED: OVERPAY_LIMIT (Op:0.4625 > L:0.0200, Cost:$2.31)",,,,,,,,15.0,20.0,,,,,0,0,,,Inv: 15.0/20.0 CapLeft: 15.0,,,15.0,20.0,35.0,15.0,50.0,0.0,50.0,0.98,0.020000000000000018,-5.0,0.4725,0.99,0.4624999999999999,5.0,2.3124999999999996,0.019950619018077854,OVERPAY_LIMIT
1765983479.0123804,btc-updown-15m-1765982700,1765982700.0,1765983600.0,,120.987619638443,,,,,0,0,0.99,0.98,ONE_LEG_INVENTORY,,,,,,,,,,,,,,0,5,,,,,,,,,,,,,,,,,,,,"RECONSTRUCT_BLOCKED: OVERPAY_LIMIT (Op:0.4625 > L:0.0200, Cost:$2.31)",,,,,,,,15.0,20.0,,,,,0,0,,,Inv: 15.0/20.0 CapLeft: 15.0,,,15.0,20.0,35.0,15.0,50.0,0.0,50.0,0.98,0.020000000000000018,-5.0,0.4725,0.99,0.4624999999999999,5.0,2.3124999999999996,0.019950619018077854,OVERPAY_LIMIT
1765983480.9837337,btc-updown-15m-1765982700,1765982700.0,1765983600.0,,119.01626634597778,,,,,0,0,0.99,0.98,ONE_LEG_INVENTORY,,,,,,,,,,,,,,0,5,,,,,,,,,,,,,,,,,,,,"RECONSTRUCT_BLOCKED: OVERPAY_LIMIT (Op:0.4625 > L:0.0500, Cost:$2.31)",,,,,,,,15.0,20.0,,,,,0,0,,,Inv: 15.0/20.0 CapLeft: 15.0,,,15.0,20.0,35.0,15.0,50.0,0.0,50.0,0.98,0.020000000000000018,-5.0,0.4725,0.99,0.4624999999999999,5.0,2.3124999999999996,0.05,OVERPAY_LIMIT
1765983480.9837337,btc-updown-15m-1765982700,1765982700.0,1765983600.0,,119.01626634597778,,,,,0,0,0.99,0.98,ONE_LEG_INVENTORY,,,,,,,,,,,,,,0,5,,,,,,,,,,,,,,,,,,,,"RECONSTRUCT_BLOCKED: OVERPAY_LIMIT (Op:0.4625 > L:0.0500, Cost:$2.31)",,,,,,,,15.0,20.0,,,,,0,0,,,Inv: 15.0/20.0 CapLeft: 15.0,,,15.0,20.0,35.0,15.0,50.0,0.0,50.0,0.98,0.020000000000000018,-5.0,0.4725,0.99,0.4624999999999999,5.0,2.3124999999999996,0.05,OVERPAY_LIMIT
1765983482.9272394,btc-updown-15m-1765982700,1765982700.0,1765983600.0,,117.07276058197021,,,,,0,0,0.99,0.98,ONE_LEG_INVENTORY,,,,,,,,,,,,,,0,5,,,,,,,,,,,,,,,,,,,,"RECONSTRUCT_BLOCKED: OVERPAY_LIMIT (Op:0.4625 > L:0.0500, Cost:$2.31)",,,,,,,,15.0,20.0,,,,,0,0,,,Inv: 15.0/20.0 CapLeft: 15.0,,,15.0,20.0,35.0,15.0,50.0,0.0,50.0,0.98,0.020000000000000018,-5.0,0.4725,0.99,0.4624999999999999,5.0,2.3124999999999996,0.05,OVERPAY_LIMIT
1765983482.9272394,btc-updown-15m-1765982700,1765982700.0,1765983600.0,,117.07276058197021,,,,,0,0,0.99,0.98,ONE_LEG_INVENTORY,,,,,,,,,,,,,,0,5,,,,,,,,,,,,,,,,,,,,"RECONSTRUCT_BLOCKED: OVERPAY_LIMIT (Op:0.4625 > L:0.0500, Cost:$2.31)",,,,,,,,15.0,20.0,,,,,0,0,,,Inv: 15.0/20.0 CapLeft: 15.0,,,15.0,20.0,35.0,15.0,50.0,0.0,50.0,0.98,0.020000000000000018,-5.0,0.4725,0.99,0.4624999999999999,5.0,2.3124999999999996,0.05,OVERPAY_LIMIT
1765983484.886326,btc-updown-15m-1765982700,1765982700.0,1765983600.0,,115.11367392539978,,,,,0,0,0.99,0.98,ONE_LEG_INVENTORY,,,,,,,,,,,,,,0,5,,,,,,,,,,,,,,,,,,,,"RECONSTRUCT_BLOCKED: OVERPAY_LIMIT (Op:0.4625 > L:0.0500, Cost:$2.31)",,,,,,,,15.0,20.0,,,,,0,0,,,Inv: 15.0/20.0 CapLeft: 15.0,,,15.0,20.0,35.0,15.0,50.0,0.0,50.0,0.98,0.020000000000000018,-5.0,0.4725,0.99,0.4624999999999999,5.0,2.3124999999999996,0.05,OVERPAY_LIMIT
1765983484.886326,btc-updown-15m-1765982700,1765982700.0,1765983600.0,,115.11367392539978,,,,,0,0,0.99,0.98,ONE_LEG_INVENTORY,,,,,,,,,,,,,,0,5,,,,,,,,,,,,,,,,,,,,"RECONSTRUCT_BLOCKED: OVERPAY_LIMIT (Op:0.4625 > L:0.0500, Cost:$2.31)",,,,,,,,15.0,20.0,,,,,0,0,,,Inv: 15.0/20.0 CapLeft: 15.0,,,15.0,20.0,35.0,15.0,50.0,0.0,50.0,0.98,0.020000000000000018,-5.0,0.4725,0.99,0.4624999999999999,5.0,2.3124999999999996,0.05,OVERPAY_LIMIT
1765983486.8809857,btc-updown-15m-1765982700,1765982700.0,1765983600.0,,113.11901426315308,,,,,0,0,0.99,0.98,ONE_LEG_INVENTORY,,,,,,,,,,,,,,0,5,,,,,,,,,,,,,,,,,,,,"RECONSTRUCT_BLOCKED: OVERPAY_LIMIT (Op:0.4625 > L:0.0500, Cost:$2.31)",,,,,,,,15.0,20.0,,,,,0,0,,,Inv: 15.0/20.0 CapLeft: 15.0,,,15.0,20.0,35.0,15.0,50.0,0.0,50.0,0.98,0.020000000000000018,-5.0,0.4725,0.99,0.4624999999999999,5.0,2.3124999999999996,0.05,OVERPAY_LIMIT
1765983486.8809857,btc-updown-15m-1765982700,1765982700.0,1765983600.0,,113.11901426315308,,,,,0,0,0.99,0.98,ONE_LEG_INVENTORY,,,,,,,,,,,,,,0,5,,,,,,,,,,,,,,,,,,,,"RECONSTRUCT_BLOCKED: OVERPAY_LIMIT (Op:0.4625 > L:0.0500, Cost:$2.31)",,,,,,,,15.0,20.0,,,,,0,0,,,Inv: 15.0/20.0 CapLeft: 15.0,,,15.0,20.0,35.0,15.0,50.0,0.0,50.0,0.98,0.020000000000000018,-5.0,0.4725,0.99,0.4624999999999999,5.0,2.3124999999999996,0.05,OVERPAY_LIMIT
1765983488.8454876,btc-updown-15m-1765982700,1765982700.0,1765983600.0,,111.15451240539551,,,,,0,0,0.99,0.98,ONE_LEG_INVENTORY,,,,,,,,,,,,,,0,5,,,,,,,,,,,,,,,,,,,,"RECONSTRUCT_BLOCKED: OVERPAY_LIMIT (Op:0.4625 > L:0.0500, Cost:$2.31)",,,,,,,,15.0,20.0,,,,,0,0,,,Inv: 15.0/20.0 CapLeft: 15.0,,,15.0,20.0,35.0,15.0,50.0,0.0,50.0,0.98,0.020000000000000018,-5.0,0.4725,0.99,0.4624999999999999,5.0,2.3124999999999996,0.05,OVERPAY_LIMIT
1765983488.8454876,btc-updown-15m-1765982700,1765982700.0,1765983600.0,,111.15451240539551,,,,,0,0,0.99,0.98,ONE_LEG_INVENTORY,,,,,,,,,,,,,,0,5,,,,,,,,,,,,,,,,,,,,"RECONSTRUCT_BLOCKED: OVERPAY_LIMIT (Op:0.4625 > L:0.0500, Cost:$2.31)",,,,,,,,15.0,20.0,,,,,0,0,,,Inv: 15.0/20.0 CapLeft: 15.0,,,15.0,20.0,35.0,15.0,50.0,0.0,50.0,0.98,0.020000000000000018,-5.0,0.4725,0.99,0.4624999999999999,5.0,2.3124999999999996,0.05,OVERPAY_LIMIT
1765983490.7798095,btc-updown-15m-1765982700,1765982700.0,1765983600.0,,109.22019052505493,,,,,0,0,0.99,0.98,ONE_LEG_INVENTORY,,,,,,,,,,,,,,0,5,,,,,,,,,,,,,,,,,,,,"RECONSTRUCT_BLOCKED: OVERPAY_LIMIT (Op:0.4625 > L:0.0500, Cost:$2.31)",,,,,,,,15.0,20.0,,,,,0,0,,,Inv: 15.0/20.0 CapLeft: 15.0,,,15.0,20.0,35.0,15.0,50.0,0.0,50.0,0.98,0.020000000000000018,-5.0,0.4725,0.99,0.4624999999999999,5.0,2.3124999999999996,0.05,OVERPAY_LIMIT
1765983490.7798095,btc-updown-15m-1765982700,1765982700.0,1765983600.0,,109.22019052505493,,,,,0,0,0.99,0.98,ONE_LEG_INVENTORY,,,,,,,,,,,,,,0,5,,,,,,,,,,,,,,,,,,,,"RECONSTRUCT_BLOCKED: OVERPAY_LIMIT (Op:0.4625 > L:0.0500, Cost:$2.31)",,,,,,,,15.0,20.0,,,,,0,0,,,Inv: 15.0/20.0 CapLeft: 15.0,,,15.0,20.0,35.0,15.0,50.0,0.0,50.0,0.98,0.020000000000000018,-5.0,0.4725,0.99,0.4624999999999999,5.0,2.3124999999999996,0.05,OVERPAY_LIMIT
1765983492.767117,btc-updown-15m-1765982700,1765982700.0,1765983600.0,,107.23288297653198,,,,,0,0,0.99,0.98,ONE_LEG_INVENTORY,,,,,,,,,,,,,,0,5,,,,,,,,,,,,,,,,,,,,"RECONSTRUCT_BLOCKED: OVERPAY_LIMIT (Op:0.4625 > L:0.0500, Cost:$2.31)",,,,,,,,15.0,20.0,,,,,0,0,,,Inv: 15.0/20.0 CapLeft: 15.0,,,15.0,20.0,35.0,15.0,50.0,0.0,50.0,0.98,0.020000000000000018,-5.0,0.4725,0.99,0.4624999999999999,5.0,2.3124999999999996,0.05,OVERPAY_LIMIT
1765983492.767117,btc-updown-15m-1765982700,1765982700.0,1765983600.0,,107.23288297653198,,,,,0,0,0.99,0.98,ONE_LEG_INVENTORY,,,,,,,,,,,,,,0,5,,,,,,,,,,,,,,,,,,,,"RECONSTRUCT_BLOCKED: OVERPAY_LIMIT (Op:0.4625 > L:0.0500, Cost:$2.31)",,,,,,,,15.0,20.0,,,,,0,0,,,Inv: 15.0/20.0 CapLeft: 15.0,,,15.0,20.0,35.0,15.0,50.0,0.0,50.0,0.98,0.020000000000000018,-5.0,0.4725,0.99,0.4624999999999999,5.0,2.3124999999999996,0.05,OVERPAY_LIMIT
1765983494.732624,btc-updown-15m-1765982700,1765982700.0,1765983600.0,,105.26737594604492,,,,,0,0,0.99,0.98,ONE_LEG_INVENTORY,,,,,,,,,,,,,,0,5,,,,,,,,,,,,,,,,,,,,"RECONSTRUCT_BLOCKED: OVERPAY_LIMIT (Op:0.4625 > L:0.0500, Cost:$2.31)",,,,,,,,15.0,20.0,,,,,0,0,,,Inv: 15.0/20.0 CapLeft: 15.0,,,15.0,20.0,35.0,15.0,50.0,0.0,50.0,0.98,0.020000000000000018,-5.0,0.4725,0.99,0.4624999999999999,5.0,2.3124999999999996,0.05,OVERPAY_LIMIT
1765983494.732624,btc-updown-15m-1765982700,1765982700.0,1765983600.0,,105.26737594604492,,,,,0,0,0.99,0.98,ONE_LEG_INVENTORY,,,,,,,,,,,,,,0,5,,,,,,,,,,,,,,,,,,,,"RECONSTRUCT_BLOCKED: OVERPAY_LIMIT (Op:0.4625 > L:0.0500, Cost:$2.31)",,,,,,,,15.0,20.0,,,,,0,0,,,Inv: 15.0/20.0 CapLeft: 15.0,,,15.0,20.0,35.0,15.0,50.0,0.0,50.0,0.98,0.020000000000000018,-5.0,0.4725,0.99,0.4624999999999999,5.0,2.3124999999999996,0.05,OVERPAY_LIMIT
1765983496.66312,btc-updown-15m-1765982700,1765982700.0,1765983600.0,,103.33687996864319,,,,,0,0,0.99,0.98,ONE_LEG_INVENTORY,,,,,,,,,,,,,,0,5,,,,,,,,,,,,,,,,,,,,"RECONSTRUCT_BLOCKED: OVERPAY_LIMIT (Op:0.4625 > L:0.0500, Cost:$2.31)",,,,,,,,15.0,20.0,,,,,0,0,,,Inv: 15.0/20.0 CapLeft: 15.0,,,15.0,20.0,35.0,15.0,50.0,0.0,50.0,0.98,0.020000000000000018,-5.0,0.4725,0.99,0.4624999999999999,5.0,2.3124999999999996,0.05,OVERPAY_LIMIT
1765983496.66312,btc-updown-15m-1765982700,1765982700.0,1765983600.0,,103.33687996864319,,,,,0,0,0.99,0.98,ONE_LEG_INVENTORY,,,,,,,,,,,,,,0,5,,,,,,,,,,,,,,,,,,,,"RECONSTRUCT_BLOCKED: OVERPAY_LIMIT (Op:0.4625 > L:0.0500, Cost:$2.31)",,,,,,,,15.0,20.0,,,,,0,0,,,Inv: 15.0/20.0 CapLeft: 15.0,,,15.0,20.0,35.0,15.0,50.0,0.0,50.0,0.98,0.020000000000000018,-5.0,0.4725,0.99,0.4624999999999999,5.0,2.3124999999999996,0.05,OVERPAY_LIMIT
1765983498.739464,btc-updown-15m-1765982700,1765982700.0,1765983600.0,,101.26053595542908,,,,,0,0,0.99,0.98,ONE_LEG_INVENTORY,,,,,,,,,,,,,,0,5,,,,,,,,,,,,,,,,,,,,"RECONSTRUCT_BLOCKED: OVERPAY_LIMIT (Op:0.4625 > L:0.0500, Cost:$2.31)",,,,,,,,15.0,20.0,,,,,0,0,,,Inv: 15.0/20.0 CapLeft: 15.0,,,15.0,20.0,35.0,15.0,50.0,0.0,50.0,0.98,0.020000000000000018,-5.0,0.4725,0.99,0.4624999999999999,5.0,2.3124999999999996,0.05,OVERPAY_LIMIT
1765983498.739464,btc-updown-15m-1765982700,1765982700.0,1765983600.0,,101.26053595542908,,,,,0,0,0.99,0.98,ONE_LEG_INVENTORY,,,,,,,,,,,,,,0,5,,,,,,,,,,,,,,,,,,,,"RECONSTRUCT_BLOCKED: OVERPAY_LIMIT (Op:0.4625 > L:0.0500, Cost:$2.31)",,,,,,,,15.0,20.0,,,,,0,0,,,Inv: 15.0/20.0 CapLeft: 15.0,,,15.0,20.0,35.0,15.0,50.0,0.0,50.0,0.98,0.020000000000000018,-5.0,0.4725,0.99,0.4624999999999999,5.0,2.3124999999999996,0.05,OVERPAY_LIMIT
1765983500.685162,btc-updown-15m-1765982700,1765982700.0,1765983600.0,,99.31483793258667,,,,,0,0,0.99,0.98,ONE_LEG_INVENTORY,,,,,,,,,,,,,,0,5,,,,,,,,,,,,,,,,,,,,"RECONSTRUCT_BLOCKED: OVERPAY_LIMIT (Op:0.4625 > L:0.0500, Cost:$2.31)",,,,,,,,15.0,20.0,,,,,0,0,,,Inv: 15.0/20.0 CapLeft: 15.0,,,15.0,20.0,35.0,15.0,50.0,0.0,50.0,0.98,0.020000000000000018,-5.0,0.4725,0.99,0.4624999999999999,5.0,2.3124999999999996,0.05,OVERPAY_LIMIT
1765983500.685162,btc-updown-15m-1765982700,1765982700.0,1765983600.0,,99.31483793258667,,,,,0,0,0.99,0.98,ONE_LEG_INVENTORY,,,,,,,,,,,,,,0,5,,,,,,,,,,,,,,,,,,,,"RECONSTRUCT_BLOCKED: OVERPAY_LIMIT (Op:0.4625 > L:0.0500, Cost:$2.31)",,,,,,,,15.0,20.0,,,,,0,0,,,Inv: 15.0/20.0 CapLeft: 15.0,,,15.0,20.0,35.0,15.0,50.0,0.0,50.0,0.98,0.020000000000000018,-5.0,0.4725,0.99,0.4624999999999999,5.0,2.3124999999999996,0.05,OVERPAY_LIMIT
1765983502.6186235,btc-updown-15m-1765982700,1765982700.0,1765983600.0,,97.38137650489807,,,,,0,0,0.99,0.98,ONE_LEG_INVENTORY,,,,,,,,,,,,,,0,5,,,,,,,,,,,,,,,,,,,,"RECONSTRUCT_BLOCKED: OVERPAY_LIMIT (Op:0.4625 > L:0.0500, Cost:$2.31)",,,,,,,,15.0,20.0,,,,,0,0,,,Inv: 15.0/20.0 CapLeft: 15.0,,,15.0,20.0,35.0,15.0,50.0,0.0,50.0,0.98,0.020000000000000018,-5.0,0.4725,0.99,0.4624999999999999,5.0,2.3124999999999996,0.05,OVERPAY_LIMIT
1765983502.6186235,btc-updown-15m-1765982700,1765982700.0,1765983600.0,,97.38137650489807,,,,,0,0,0.99,0.98,ONE_LEG_INVENTORY,,,,,,,,,,,,,,0,5,,,,,,,,,,,,,,,,,,,,"RECONSTRUCT_BLOCKED: OVERPAY_LIMIT (Op:0.4625 > L:0.0500, Cost:$2.31)",,,,,,,,15.0,20.0,,,,,0,0,,,Inv: 15.0/20.0 CapLeft: 15.0,,,15.0,20.0,35.0,15.0,50.0,0.0,50.0,0.98,0.020000000000000018,-5.0,0.4725,0.99,0.4624999999999999,5.0,2.3124999999999996,0.05,OVERPAY_LIMIT
1765983504.5481114,btc-updown-15m-1765982700,1765982700.0,1765983600.0,,95.45188856124878,,,,,0,0,0.99,0.98,ONE_LEG_INVENTORY,,,,,,,,,,,,,,0,5,,,,,,,,,,,,,,,,,,,,"RECONSTRUCT_BLOCKED: OVERPAY_LIMIT (Op:0.4625 > L:0.0500, Cost:$2.31)",,,,,,,,15.0,20.0,,,,,0,0,,,Inv: 15.0/20.0 CapLeft: 15.0,,,15.0,20.0,35.0,15.0,50.0,0.0,50.0,0.98,0.020000000000000018,-5.0,0.4725,0.99,0.4624999999999999,5.0,2.3124999999999996,0.05,OVERPAY_LIMIT
1765983504.5481114,btc-updown-15m-1765982700,1765982700.0,1765983600.0,,95.45188856124878,,,,,0,0,0.99,0.98,ONE_LEG_INVENTORY,,,,,,,,,,,,,,0,5,,,,,,,,,,,,,,,,,,,,"RECONSTRUCT_BLOCKED: OVERPAY_LIMIT (Op:0.4625 > L:0.0500, Cost:$2.31)",,,,,,,,15.0,20.0,,,,,0,0,,,Inv: 15.0/20.0 CapLeft: 15.0,,,15.0,20.0,35.0,15.0,50.0,0.0,50.0,0.98,0.020000000000000018,-5.0,0.4725,0.99,0.4624999999999999,5.0,2.3124999999999996,0.05,OVERPAY_LIMIT
1765983506.570348,btc-updown-15m-1765982700,1765982700.0,1765983600.0,,93.42965197563171,,,,,0,0,0.99,0.98,ONE_LEG_INVENTORY,,,,,,,,,,,,,,0,5,,,,,,,,,,,,,,,,,,,,"RECONSTRUCT_BLOCKED: OVERPAY_LIMIT (Op:0.4625 > L:0.0500, Cost:$2.31)",,,,,,,,15.0,20.0,,,,,0,0,,,Inv: 15.0/20.0 CapLeft: 15.0,,,15.0,20.0,35.0,15.0,50.0,0.0,50.0,0.98,0.020000000000000018,-5.0,0.4725,0.99,0.4624999999999999,5.0,2.3124999999999996,0.05,OVERPAY_LIMIT
1765983506.570348,btc-updown-15m-1765982700,1765982700.0,1765983600.0,,93.42965197563171,,,,,0,0,0.99,0.98,ONE_LEG_INVENTORY,,,,,,,,,,,,,,0,5,,,,,,,,,,,,,,,,,,,,"RECONSTRUCT_BLOCKED: OVERPAY_LIMIT (Op:0.4625 > L:0.0500, Cost:$2.31)",,,,,,,,15.0,20.0,,,,,0,0,,,Inv: 15.0/20.0 CapLeft: 15.0,,,15.0,20.0,35.0,15.0,50.0,0.0,50.0,0.98,0.020000000000000018,-5.0,0.4725,0.99,0.4624999999999999,5.0,2.3124999999999996,0.05,OVERPAY_LIMIT
1765983508.5067105,btc-updown-15m-1765982700,1765982700.0,1765983600.0,,91.49328947067261,,,,,0,0,0.99,0.98,ONE_LEG_INVENTORY,,,,,,,,,,,,,,0,5,,,,,,,,,,,,,,,,,,,,"RECONSTRUCT_BLOCKED: OVERPAY_LIMIT (Op:0.4625 > L:0.0500, Cost:$2.31)",,,,,,,,15.0,20.0,,,,,0,0,,,Inv: 15.0/20.0 CapLeft: 15.0,,,15.0,20.0,35.0,15.0,50.0,0.0,50.0,0.98,0.020000000000000018,-5.0,0.4725,0.99,0.4624999999999999,5.0,2.3124999999999996,0.05,OVERPAY_LIMIT
1765983508.5067105,btc-updown-15m-1765982700,1765982700.0,1765983600.0,,91.49328947067261,,,,,0,0,0.99,0.98,ONE_LEG_INVENTORY,,,,,,,,,,,,,,0,5,,,,,,,,,,,,,,,,,,,,"RECONSTRUCT_BLOCKED: OVERPAY_LIMIT (Op:0.4625 > L:0.0500, Cost:$2.31)",,,,,,,,15.0,20.0,,,,,0,0,,,Inv: 15.0/20.0 CapLeft: 15.0,,,15.0,20.0,35.0,15.0,50.0,0.0,50.0,0.98,0.020000000000000018,-5.0,0.4725,0.99,0.4624999999999999,5.0,2.3124999999999996,0.05,OVERPAY_LIMIT
1765983510.4636428,btc-updown-15m-1765982700,1765982700.0,1765983600.0,,89.53635716438293,,,,,0,0,0.99,0.98,ONE_LEG_INVENTORY,,,,,,,,,,,,,,0,5,,,,,,,,,,,,,,,,,,,,"RECONSTRUCT_BLOCKED: OVERPAY_LIMIT (Op:0.4625 > L:0.0500, Cost:$2.31)",,,,,,,,15.0,20.0,,,,,0,0,,,Inv: 15.0/20.0 CapLeft: 15.0,,,15.0,20.0,35.0,15.0,50.0,0.0,50.0,0.98,0.020000000000000018,-5.0,0.4725,0.99,0.4624999999999999,5.0,2.3124999999999996,0.05,OVERPAY_LIMIT
1765983510.4636428,btc-updown-15m-1765982700,1765982700.0,1765983600.0,,89.53635716438293,,,,,0,0,0.99,0.98,ONE_LEG_INVENTORY,,,,,,,,,,,,,,0,5,,,,,,,,,,,,,,,,,,,,"RECONSTRUCT_BLOCKED: OVERPAY_LIMIT (Op:0.4625 > L:0.0500, Cost:$2.31)",,,,,,,,15.0,20.0,,,,,0,0,,,Inv: 15.0/20.0 CapLeft: 15.0,,,15.0,20.0,35.0,15.0,50.0,0.0,50.0,0.98,0.020000000000000018,-5.0,0.4725,0.99,0.4624999999999999,5.0,2.3124999999999996,0.05,OVERPAY_LIMIT
1765983512.4105332,btc-updown-15m-1765982700,1765982700.0,1765983600.0,,87.58946681022644,,,,,0,0,0.99,0.98,ONE_LEG_INVENTORY,,,,,,,,,,,,,,0,5,,,,,,,,,,,,,,,,,,,,"RECONSTRUCT_BLOCKED: OVERPAY_LIMIT (Op:0.4625 > L:0.0500, Cost:$2.31)",,,,,,,,15.0,20.0,,,,,0,0,,,Inv: 15.0/20.0 CapLeft: 15.0,,,15.0,20.0,35.0,15.0,50.0,0.0,50.0,0.98,0.020000000000000018,-5.0,0.4725,0.99,0.4624999999999999,5.0,2.3124999999999996,0.05,OVERPAY_LIMIT
1765983512.4105332,btc-updown-15m-1765982700,1765982700.0,1765983600.0,,87.58946681022644,,,,,0,0,0.99,0.98,ONE_LEG_INVENTORY,,,,,,,,,,,,,,0,5,,,,,,,,,,,,,,,,,,,,"RECONSTRUCT_BLOCKED: OVERPAY_LIMIT (Op:0.4625 > L:0.0500, Cost:$2.31)",,,,,,,,15.0,20.0,,,,,0,0,,,Inv: 15.0/20.0 CapLeft: 15.0,,,15.0,20.0,35.0,15.0,50.0,0.0,50.0,0.98,0.020000000000000018,-5.0,0.4725,0.99,0.4624999999999999,5.0,2.3124999999999996,0.05,OVERPAY_LIMIT
1765983514.3706,btc-updown-15m-1765982700,1765982700.0,1765983600.0,,85.62940001487732,,,,,0,0,0.99,0.98,ONE_LEG_INVENTORY,,,,,,,,,,,,,,0,5,,,,,,,,,,,,,,,,,,,,"RECONSTRUCT_BLOCKED: OVERPAY_LIMIT (Op:0.4625 > L:0.0500, Cost:$2.31)",,,,,,,,15.0,20.0,,,,,0,0,,,Inv: 15.0/20.0 CapLeft: 15.0,,,15.0,20.0,35.0,15.0,50.0,0.0,50.0,0.98,0.020000000000000018,-5.0,0.4725,0.99,0.4624999999999999,5.0,2.3124999999999996,0.05,OVERPAY_LIMIT
1765983514.3706,btc-updown-15m-1765982700,1765982700.0,1765983600.0,,85.62940001487732,,,,,0,0,0.99,0.98,ONE_LEG_INVENTORY,,,,,,,,,,,,,,0,5,,,,,,,,,,,,,,,,,,,,"RECONSTRUCT_BLOCKED: OVERPAY_LIMIT (Op:0.4625 > L:0.0500, Cost:$2.31)",,,,,,,,15.0,20.0,,,,,0,0,,,Inv: 15.0/20.0 CapLeft: 15.0,,,15.0,20.0,35.0,15.0,50.0,0.0,50.0,0.98,0.020000000000000018,-5.0,0.4725,0.99,0.4624999999999999,5.0,2.3124999999999996,0.05,OVERPAY_LIMIT
1765983516.2905123,btc-updown-15m-1765982700,1765982700.0,1765983600.0,,83.70948767662048,,,,,0,0,0.99,0.98,ONE_LEG_INVENTORY,,,,,,,,,,,,,,0,5,,,,,,,,,,,,,,,,,,,,"RECONSTRUCT_BLOCKED: OVERPAY_LIMIT (Op:0.4625 > L:0.0500, Cost:$2.31)",,,,,,,,15.0,20.0,,,,,0,0,,,Inv: 15.0/20.0 CapLeft: 15.0,,,15.0,20.0,35.0,15.0,50.0,0.0,50.0,0.98,0.020000000000000018,-5.0,0.4725,0.99,0.4624999999999999,5.0,2.3124999999999996,0.05,OVERPAY_LIMIT
1765983516.2905123,btc-updown-15m-1765982700,1765982700.0,1765983600.0,,83.70948767662048,,,,,0,0,0.99,0.98,ONE_LEG_INVENTORY,,,,,,,,,,,,,,0,5,,,,,,,,,,,,,,,,,,,,"RECONSTRUCT_BLOCKED: OVERPAY_LIMIT (Op:0.4625 > L:0.0500, Cost:$2.31)",,,,,,,,15.0,20.0,,,,,0,0,,,Inv: 15.0/20.0 CapLeft: 15.0,,,15.0,20.0,35.0,15.0,50.0,0.0,50.0,0.98,0.020000000000000018,-5.0,0.4725,0.99,0.4624999999999999,5.0,2.3124999999999996,0.05,OVERPAY_LIMIT
1765983518.2590659,btc-updown-15m-1765982700,1765982700.0,1765983600.0,,81.74093413352966,,,,,0,0,0.99,0.98,ONE_LEG_INVENTORY,,,,,,,,,,,,,,0,5,,,,,,,,,,,,,,,,,,,,"RECONSTRUCT_BLOCKED: OVERPAY_LIMIT (Op:0.4625 > L:0.0500, Cost:$2.31)",,,,,,,,15.0,20.0,,,,,0,0,,,Inv: 15.0/20.0 CapLeft: 15.0,,,15.0,20.0,35.0,15.0,50.0,0.0,50.0,0.98,0.020000000000000018,-5.0,0.4725,0.99,0.4624999999999999,5.0,2.3124999999999996,0.05,OVERPAY_LIMIT
1765983518.2590659,btc-updown-15m-1765982700,1765982700.0,1765983600.0,,81.74093413352966,,,,,0,0,0.99,0.98,ONE_LEG_INVENTORY,,,,,,,,,,,,,,0,5,,,,,,,,,,,,,,,,,,,,"RECONSTRUCT_BLOCKED: OVERPAY_LIMIT (Op:0.4625 > L:0.0500, Cost:$2.31)",,,,,,,,15.0,20.0,,,,,0,0,,,Inv: 15.0/20.0 CapLeft: 15.0,,,15.0,20.0,35.0,15.0,50.0,0.0,50.0,0.98,0.020000000000000018,-5.0,0.4725,0.99,0.4624999999999999,5.0,2.3124999999999996,0.05,OVERPAY_LIMIT
1765983520.1985204,btc-updown-15m-1765982700,1765982700.0,1765983600.0,,79.80147957801819,,,,,0,0,0.99,0.98,ONE_LEG_INVENTORY,,,,,,,,,,,,,,0,5,,,,,,,,,,,,,,,,,,,,"RECONSTRUCT_BLOCKED: OVERPAY_LIMIT (Op:0.4625 > L:0.0500, Cost:$2.31)",,,,,,,,15.0,20.0,,,,,0,0,,,Inv: 15.0/20.0 CapLeft: 15.0,,,15.0,20.0,35.0,15.0,50.0,0.0,50.0,0.98,0.020000000000000018,-5.0,0.4725,0.99,0.4624999999999999,5.0,2.3124999999999996,0.05,OVERPAY_LIMIT
1765983520.1985204,btc-updown-15m-1765982700,1765982700.0,1765983600.0,,79.80147957801819,,,,,0,0,0.99,0.98,ONE_LEG_INVENTORY,,,,,,,,,,,,,,0,5,,,,,,,,,,,,,,,,,,,,"RECONSTRUCT_BLOCKED: OVERPAY_LIMIT (Op:0.4625 > L:0.0500, Cost:$2.31)",,,,,,,,15.0,20.0,,,,,0,0,,,Inv: 15.0/20.0 CapLeft: 15.0,,,15.0,20.0,35.0,15.0,50.0,0.0,50.0,0.98,0.020000000000000018,-5.0,0.4725,0.99,0.4624999999999999,5.0,2.3124999999999996,0.05,OVERPAY_LIMIT
1765983522.2521272,btc-updown-15m-1765982700,1765982700.0,1765983600.0,,77.74787282943726,,,,,0,0,0.99,0.98,ONE_LEG_INVENTORY,,,,,,,,,,,,,,0,5,,,,,,,,,,,,,,,,,,,,"RECONSTRUCT_BLOCKED: OVERPAY_LIMIT (Op:0.4625 > L:0.0500, Cost:$2.31)",,,,,,,,15.0,20.0,,,,,0,0,,,Inv: 15.0/20.0 CapLeft: 15.0,,,15.0,20.0,35.0,15.0,50.0,0.0,50.0,0.98,0.020000000000000018,-5.0,0.4725,0.99,0.4624999999999999,5.0,2.3124999999999996,0.05,OVERPAY_LIMIT
1765983522.2521272,btc-updown-15m-1765982700,1765982700.0,1765983600.0,,77.74787282943726,,,,,0,0,0.99,0.98,ONE_LEG_INVENTORY,,,,,,,,,,,,,,0,5,,,,,,,,,,,,,,,,,,,,"RECONSTRUCT_BLOCKED: OVERPAY_LIMIT (Op:0.4625 > L:0.0500, Cost:$2.31)",,,,,,,,15.0,20.0,,,,,0,0,,,Inv: 15.0/20.0 CapLeft: 15.0,,,15.0,20.0,35.0,15.0,50.0,0.0,50.0,0.98,0.020000000000000018,-5.0,0.4725,0.99,0.4624999999999999,5.0,2.3124999999999996,0.05,OVERPAY_LIMIT
1765983524.2520652,btc-updown-15m-1765982700,1765982700.0,1765983600.0,,75.74793481826782,,,,,0,0,0.99,0.98,ONE_LEG_INVENTORY,,,,,,,,,,,,,,0,5,,,,,,,,,,,,,,,,,,,,"RECONSTRUCT_BLOCKED: OVERPAY_LIMIT (Op:0.4625 > L:0.0500, Cost:$2.31)",,,,,,,,15.0,20.0,,,,,0,0,,,Inv: 15.0/20.0 CapLeft: 15.0,,,15.0,20.0,35.0,15.0,50.0,0.0,50.0,0.98,0.020000000000000018,-5.0,0.4725,0.99,0.4624999999999999,5.0,2.3124999999999996,0.05,OVERPAY_LIMIT
1765983524.2520652,btc-updown-15m-1765982700,1765982700.0,1765983600.0,,75.74793481826782,,,,,0,0,0.99,0.98,ONE_LEG_INVENTORY,,,,,,,,,,,,,,0,5,,,,,,,,,,,,,,,,,,,,"RECONSTRUCT_BLOCKED: OVERPAY_LIMIT (Op:0.4625 > L:0.0500, Cost:$2.31)",,,,,,,,15.0,20.0,,,,,0,0,,,Inv: 15.0/20.0 CapLeft: 15.0,,,15.0,20.0,35.0,15.0,50.0,0.0,50.0,0.98,0.020000000000000018,-5.0,0.4725,0.99,0.4624999999999999,5.0,2.3124999999999996,0.05,OVERPAY_LIMIT
1765983526.1972897,btc-updown-15m-1765982700,1765982700.0,1765983600.0,,73.80271029472351,,,,,0,0,0.99,0.98,ONE_LEG_INVENTORY,,,,,,,,,,,,,,0,5,,,,,,,,,,,,,,,,,,,,"RECONSTRUCT_BLOCKED: OVERPAY_LIMIT (Op:0.4625 > L:0.0500, Cost:$2.31)",,,,,,,,15.0,20.0,,,,,0,0,,,Inv: 15.0/20.0 CapLeft: 15.0,,,15.0,20.0,35.0,15.0,50.0,0.0,50.0,0.98,0.020000000000000018,-5.0,0.4725,0.99,0.4624999999999999,5.0,2.3124999999999996,0.05,OVERPAY_LIMIT
1765983526.1972897,btc-updown-15m-1765982700,1765982700.0,1765983600.0,,73.80271029472351,,,,,0,0,0.99,0.98,ONE_LEG_INVENTORY,,,,,,,,,,,,,,0,5,,,,,,,,,,,,,,,,,,,,"RECONSTRUCT_BLOCKED: OVERPAY_LIMIT (Op:0.4625 > L:0.0500, Cost:$2.31)",,,,,,,,15.0,20.0,,,,,0,0,,,Inv: 15.0/20.0 CapLeft: 15.0,,,15.0,20.0,35.0,15.0,50.0,0.0,50.0,0.98,0.020000000000000018,-5.0,0.4725,0.99,0.4624999999999999,5.0,2.3124999999999996,0.05,OVERPAY_LIMIT
1765983528.2052588,btc-updown-15m-1765982700,1765982700.0,1765983600.0,,71.79474115371704,,,,,0,0,0.99,0.98,ONE_LEG_INVENTORY,,,,,,,,,,,,,,0,5,,,,,,,,,,,,,,,,,,,,"RECONSTRUCT_BLOCKED: OVERPAY_LIMIT (Op:0.4625 > L:0.0500, Cost:$2.31)",,,,,,,,15.0,20.0,,,,,0,0,,,Inv: 15.0/20.0 CapLeft: 15.0,,,15.0,20.0,35.0,15.0,50.0,0.0,50.0,0.98,0.020000000000000018,-5.0,0.4725,0.99,0.4624999999999999,5.0,2.3124999999999996,0.05,OVERPAY_LIMIT
1765983528.2052588,btc-updown-15m-1765982700,1765982700.0,1765983600.0,,71.79474115371704,,,,,0,0,0.99,0.98,ONE_LEG_INVENTORY,,,,,,,,,,,,,,0,5,,,,,,,,,,,,,,,,,,,,"RECONSTRUCT_BLOCKED: OVERPAY_LIMIT (Op:0.4625 > L:0.0500, Cost:$2.31)",,,,,,,,15.0,20.0,,,,,0,0,,,Inv: 15.0/20.0 CapLeft: 15.0,,,15.0,20.0,35.0,15.0,50.0,0.0,50.0,0.98,0.020000000000000018,-5.0,0.4725,0.99,0.4624999999999999,5.0,2.3124999999999996,0.05,OVERPAY_LIMIT
1765983530.1551404,btc-updown-15m-1765982700,1765982700.0,1765983600.0,,69.84485960006714,,,,,0,0,0.99,0.98,ONE_LEG_INVENTORY,,,,,,,,,,,,,,0,5,,,,,,,,,,,,,,,,,,,,"RECONSTRUCT_BLOCKED: OVERPAY_LIMIT (Op:0.4625 > L:0.0500, Cost:$2.31)",,,,,,,,15.0,20.0,,,,,0,0,,,Inv: 15.0/20.0 CapLeft: 15.0,,,15.0,20.0,35.0,15.0,50.0,0.0,50.0,0.98,0.020000000000000018,-5.0,0.4725,0.99,0.4624999999999999,5.0,2.3124999999999996,0.05,OVERPAY_LIMIT
1765983530.1551404,btc-updown-15m-1765982700,1765982700.0,1765983600.0,,69.84485960006714,,,,,0,0,0.99,0.98,ONE_LEG_INVENTORY,,,,,,,,,,,,,,0,5,,,,,,,,,,,,,,,,,,,,"RECONSTRUCT_BLOCKED: OVERPAY_LIMIT (Op:0.4625 > L:0.0500, Cost:$2.31)",,,,,,,,15.0,20.0,,,,,0,0,,,Inv: 15.0/20.0 CapLeft: 15.0,,,15.0,20.0,35.0,15.0,50.0,0.0,50.0,0.98,0.020000000000000018,-5.0,0.4725,0.99,0.4624999999999999,5.0,2.3124999999999996,0.05,OVERPAY_LIMIT
1765983532.079373,btc-updown-15m-1765982700,1765982700.0,1765983600.0,,67.92062711715698,,,,,0,0,0.99,0.98,ONE_LEG_INVENTORY,,,,,,,,,,,,,,0,5,,,,,,,,,,,,,,,,,,,,"RECONSTRUCT_BLOCKED: OVERPAY_LIMIT (Op:0.4625 > L:0.0500, Cost:$2.31)",,,,,,,,15.0,20.0,,,,,0,0,,,Inv: 15.0/20.0 CapLeft: 15.0,,,15.0,20.0,35.0,15.0,50.0,0.0,50.0,0.98,0.020000000000000018,-5.0,0.4725,0.99,0.4624999999999999,5.0,2.3124999999999996,0.05,OVERPAY_LIMIT
1765983532.079373,btc-updown-15m-1765982700,1765982700.0,1765983600.0,,67.92062711715698,,,,,0,0,0.99,0.98,ONE_LEG_INVENTORY,,,,,,,,,,,,,,0,5,,,,,,,,,,,,,,,,,,,,"RECONSTRUCT_BLOCKED: OVERPAY_LIMIT (Op:0.4625 > L:0.0500, Cost:$2.31)",,,,,,,,15.0,20.0,,,,,0,0,,,Inv: 15.0/20.0 CapLeft: 15.0,,,15.0,20.0,35.0,15.0,50.0,0.0,50.0,0.98,0.020000000000000018,-5.0,0.4725,0.99,0.4624999999999999,5.0,2.3124999999999996,0.05,OVERPAY_LIMIT
1765983534.0401962,btc-updown-15m-1765982700,1765982700.0,1765983600.0,,65.95980381965637,,,,,0,0,0.99,0.98,ONE_LEG_INVENTORY,,,,,,,,,,,,,,0,5,,,,,,,,,,,,,,,,,,,,"RECONSTRUCT_BLOCKED: OVERPAY_LIMIT (Op:0.4625 > L:0.0500, Cost:$2.31)",,,,,,,,15.0,20.0,,,,,0,0,,,Inv: 15.0/20.0 CapLeft: 15.0,,,15.0,20.0,35.0,15.0,50.0,0.0,50.0,0.98,0.020000000000000018,-5.0,0.4725,0.99,0.4624999999999999,5.0,2.3124999999999996,0.05,OVERPAY_LIMIT
1765983534.0401962,btc-updown-15m-1765982700,1765982700.0,1765983600.0,,65.95980381965637,,,,,0,0,0.99,0.98,ONE_LEG_INVENTORY,,,,,,,,,,,,,,0,5,,,,,,,,,,,,,,,,,,,,"RECONSTRUCT_BLOCKED: OVERPAY_LIMIT (Op:0.4625 > L:0.0500, Cost:$2.31)",,,,,,,,15.0,20.0,,,,,0,0,,,Inv: 15.0/20.0 CapLeft: 15.0,,,15.0,20.0,35.0,15.0,50.0,0.0,50.0,0.98,0.020000000000000018,-5.0,0.4725,0.99,0.4624999999999999,5.0,2.3124999999999996,0.05,OVERPAY_LIMIT
1765983535.987762,btc-updown-15m-1765982700,1765982700.0,1765983600.0,,64.01223802566528,,,,,0,0,0.99,0.98,ONE_LEG_INVENTORY,,,,,,,,,,,,,,0,5,,,,,,,,,,,,,,,,,,,,"RECONSTRUCT_BLOCKED: OVERPAY_LIMIT (Op:0.4625 > L:0.0500, Cost:$2.31)",,,,,,,,15.0,20.0,,,,,0,0,,,Inv: 15.0/20.0 CapLeft: 15.0,,,15.0,20.0,35.0,15.0,50.0,0.0,50.0,0.98,0.020000000000000018,-5.0,0.4725,0.99,0.4624999999999999,5.0,2.3124999999999996,0.05,OVERPAY_LIMIT
1765983535.987762,btc-updown-15m-1765982700,1765982700.0,1765983600.0,,64.01223802566528,,,,,0,0,0.99,0.98,ONE_LEG_INVENTORY,,,,,,,,,,,,,,0,5,,,,,,,,,,,,,,,,,,,,"RECONSTRUCT_BLOCKED: OVERPAY_LIMIT (Op:0.4625 > L:0.0500, Cost:$2.31)",,,,,,,,15.0,20.0,,,,,0,0,,,Inv: 15.0/20.0 CapLeft: 15.0,,,15.0,20.0,35.0,15.0,50.0,0.0,50.0,0.98,0.020000000000000018,-5.0,0.4725,0.99,0.4624999999999999,5.0,2.3124999999999996,0.05,OVERPAY_LIMIT
1765983562.4294918,btc-updown-15m-1765982700,1765982700.0,1765983600.0,,37.57050824165344,,,,,0,0,0.99,0.98,IDLE,,,,,,,,,,,,,,0,0.0,,,,,,,,,,,,,,,,,,,,Spread high 0.99 > 0.98,,,,,,,,0.0,0.0,,,,,0,0,,,Inv: 0.0/0.0 CapLeft: 50.0,,,0.0,0.0,0.0,50.0,50.0,0.0,50.0,0.0,0.0,0.0,0.0,0.0,0.0,0.0,0.0,0.0,
1765983564.6249475,btc-updown-15m-1765982700,1765982700.0,1765983600.0,,35.3750524520874,,,,,0,0,0.99,0.98,IDLE,,,,,,,,,,,,,,0,0.0,,,,,,,,,,,,,,,,,,,,Spread high 0.99 > 0.98,,,,,,,,0.0,0.0,,,,,0,0,,,Inv: 0.0/0.0 CapLeft: 50.0,,,0.0,0.0,0.0,50.0,50.0,0.0,50.0,0.0,0.0,0.0,0.0,0.0,0.0,0.0,0.0,0.0,
1765983566.5557961,btc-updown-15m-1765982700,1765982700.0,1765983600.0,,33.44420385360718,,,,,0,0,0.99,0.98,IDLE,,,,,,,,,,,,,,0,0.0,,,,,,,,,,,,,,,,,,,,Spread high 0.99 > 0.98,,,,,,,,0.0,0.0,,,,,0,0,,,Inv: 0.0/0.0 CapLeft: 50.0,,,0.0,0.0,0.0,50.0,50.0,0.0,50.0,0.0,0.0,0.0,0.0,0.0,0.0,0.0,0.0,0.0,
1765983568.5224118,btc-updown-15m-1765982700,1765982700.0,1765983600.0,,31.477588176727295,,,,,0,0,0.99,0.98,IDLE,,,,,,,,,,,,,,0,0.0,,,,,,,,,,,,,,,,,,,,Spread high 0.99 > 0.98,,,,,,,,0.0,0.0,,,,,0,0,,,Inv: 0.0/0.0 CapLeft: 50.0,,,0.0,0.0,0.0,50.0,50.0,0.0,50.0,0.0,0.0,0.0,0.0,0.0,0.0,0.0,0.0,0.0,
1765983570.5473738,btc-updown-15m-1765982700,1765982700.0,1765983600.0,,29.45262622833252,,,,,0,0,0.99,0.98,IDLE,,,,,,,,,,,,,,0,0.0,,,,,,,,,,,,,,,,,,,,Spread high 0.99 > 0.98,,,,,,,,0.0,0.0,,,,,0,0,,,Inv: 0.0/0.0 CapLeft: 50.0,,,0.0,0.0,0.0,50.0,50.0,0.0,50.0,0.0,0.0,0.0,0.0,0.0,0.0,0.0,0.0,0.0,
1765983572.5001218,btc-updown-15m-1765982700,1765982700.0,1765983600.0,,27.49987816810608,,,,,0,0,0.99,0.98,IDLE,,,,,,,,,,,,,,0,0.0,,,,,,,,,,,,,,,,,,,,Spread high 0.99 > 0.98,,,,,,,,0.0,0.0,,,,,0,0,,,Inv: 0.0/0.0 CapLeft: 50.0,,,0.0,0.0,0.0,50.0,50.0,0.0,50.0,0.0,0.0,0.0,0.0,0.0,0.0,0.0,0.0,0.0,
1765983574.466708,btc-updown-15m-1765982700,1765982700.0,1765983600.0,,25.533292055130005,,,,,0,0,0.99,0.98,IDLE,,,,,,,,,,,,,,0,0.0,,,,,,,,,,,,,,,,,,,,Spread high 0.99 > 0.98,,,,,,,,0.0,0.0,,,,,0,0,,,Inv: 0.0/0.0 CapLeft: 50.0,,,0.0,0.0,0.0,50.0,50.0,0.0,50.0,0.0,0.0,0.0,0.0,0.0,0.0,0.0,0.0,0.0,
1765983576.431245,btc-updown-15m-1765982700,1765982700.0,1765983600.0,,23.56875491142273,,,,,0,0,0.99,0.98,IDLE,,,,,,,,,,,,,,0,0.0,,,,,,,,,,,,,,,,,,,,Spread high 0.99 > 0.98,,,,,,,,0.0,0.0,,,,,0,0,,,Inv: 0.0/0.0 CapLeft: 50.0,,,0.0,0.0,0.0,50.0,50.0,0.0,50.0,0.0,0.0,0.0,0.0,0.0,0.0,0.0,0.0,0.0,
1765983578.3827276,btc-updown-15m-1765982700,1765982700.0,1765983600.0,,21.61727237701416,,,,,0,0,0.99,0.98,IDLE,,,,,,,,,,,,,,0,0.0,,,,,,,,,,,,,,,,,,,,Spread high 0.99 > 0.98,,,,,,,,0.0,0.0,,,,,0,0,,,Inv: 0.0/0.0 CapLeft: 50.0,,,0.0,0.0,0.0,50.0,50.0,0.0,50.0,0.0,0.0,0.0,0.0,0.0,0.0,0.0,0.0,0.0,
1765983580.332965,btc-updown-15m-1765982700,1765982700.0,1765983600.0,,19.66703510284424,,,,,0,0,0.99,0.98,IDLE,,,,,,,,,,,,,,0,0.0,,,,,,,,,,,,,,,,,,,,Spread high 0.99 > 0.98,,,,,,,,0.0,0.0,,,,,0,0,,,Inv: 0.0/0.0 CapLeft: 50.0,,,0.0,0.0,0.0,50.0,50.0,0.0,50.0,0.0,0.0,0.0,0.0,0.0,0.0,0.0,0.0,0.0,
1765983582.265322,btc-updown-15m-1765982700,1765982700.0,1765983600.0,,17.734678030014038,,,,,0,0,0.99,0.98,IDLE,,,,,,,,,,,,,,0,0.0,,,,,,,,,,,,,,,,,,,,Spread high 0.99 > 0.98,,,,,,,,0.0,0.0,,,,,0,0,,,Inv: 0.0/0.0 CapLeft: 50.0,,,0.0,0.0,0.0,50.0,50.0,0.0,50.0,0.0,0.0,0.0,0.0,0.0,0.0,0.0,0.0,0.0,
1765983584.2061238,btc-updown-15m-1765982700,1765982700.0,1765983600.0,,15.79387617111206,,,,,0,0,0.99,0.98,IDLE,,,,,,,,,,,,,,0,0.0,,,,,,,,,,,,,,,,,,,,Spread high 0.99 > 0.98,,,,,,,,0.0,0.0,,,,,0,0,,,Inv: 0.0/0.0 CapLeft: 50.0,,,0.0,0.0,0.0,50.0,50.0,0.0,50.0,0.0,0.0,0.0,0.0,0.0,0.0,0.0,0.0,0.0,
1765983586.1421773,btc-updown-15m-1765982700,1765982700.0,1765983600.0,,13.85782265663147,,,,,0,0,0.99,0.98,IDLE,,,,,,,,,,,,,,0,0.0,,,,,,,,,,,,,,,,,,,,Spread high 0.99 > 0.98,,,,,,,,0.0,0.0,,,,,0,0,,,Inv: 0.0/0.0 CapLeft: 50.0,,,0.0,0.0,0.0,50.0,50.0,0.0,50.0,0.0,0.0,0.0,0.0,0.0,0.0,0.0,0.0,0.0,
1765983588.0745583,btc-updown-15m-1765982700,1765982700.0,1765983600.0,,11.92544174194336,,,,,0,0,0.99,0.98,IDLE,,,,,,,,,,,,,,0,0.0,,,,,,,,,,,,,,,,,,,,Spread high 0.99 > 0.98,,,,,,,,0.0,0.0,,,,,0,0,,,Inv: 0.0/0.0 CapLeft: 50.0,,,0.0,0.0,0.0,50.0,50.0,0.0,50.0,0.0,0.0,0.0,0.0,0.0,0.0,0.0,0.0,0.0,
1765983590.0114472,btc-updown-15m-1765982700,1765982700.0,1765983600.0,,9.988552808761597,,,,,0,0,0.99,0.98,IDLE,,,,,,,,,,,,,,0,0.0,,,,,,,,,,,,,,,,,,,,Spread high 0.99 > 0.98,,,,,,,,0.0,0.0,,,,,0,0,,,Inv: 0.0/0.0 CapLeft: 50.0,,,0.0,0.0,0.0,50.0,50.0,0.0,50.0,0.0,0.0,0.0,0.0,0.0,0.0,0.0,0.0,0.0,
1765983592.0708642,btc-updown-15m-1765982700,1765982700.0,1765983600.0,,7.929135799407959,,,,,0,0,0.99,0.98,IDLE,,,,,,,,,,,,,,0,0.0,,,,,,,,,,,,,,,,,,,,Spread high 0.99 > 0.98,,,,,,,,0.0,0.0,,,,,0,0,,,Inv: 0.0/0.0 CapLeft: 50.0,,,0.0,0.0,0.0,50.0,50.0,0.0,50.0,0.0,0.0,0.0,0.0,0.0,0.0,0.0,0.0,0.0,
1765983594.0177891,btc-updown-15m-1765982700,1765982700.0,1765983600.0,,5.982210874557495,,,,,0,0,0.99,0.98,IDLE,,,,,,,,,,,,,,0,0.0,,,,,,,,,,,,,,,,,,,,Spread high 0.99 > 0.98,,,,,,,,0.0,0.0,,,,,0,0,,,Inv: 0.0/0.0 CapLeft: 50.0,,,0.0,0.0,0.0,50.0,50.0,0.0,50.0,0.0,0.0,0.0,0.0,0.0,0.0,0.0,0.0,0.0,
1765983595.9882972,btc-updown-15m-1765982700,1765982700.0,1765983600.0,,4.0117027759552,,,,,0,0,0.99,0.98,IDLE,,,,,,,,,,,,,,0,0.0,,,,,,,,,,,,,,,,,,,,Spread high 0.99 > 0.98,,,,,,,,0.0,0.0,,,,,0,0,,,Inv: 0.0/0.0 CapLeft: 50.0,,,0.0,0.0,0.0,50.0,50.0,0.0,50.0,0.0,0.0,0.0,0.0,0.0,0.0,0.0,0.0,0.0,
1765983598.0244224,btc-updown-15m-1765982700,1765982700.0,1765983600.0,,1.9755775928497314,,,,,0,0,0.99,0.98,IDLE,,,,,,,,,,,,,,0,0.0,,,,,,,,,,,,,,,,,,,,Spread high 0.99 > 0.98,,,,,,,,0.0,0.0,,,,,0,0,,,Inv: 0.0/0.0 CapLeft: 50.0,,,0.0,0.0,0.0,50.0,50.0,0.0,50.0,0.0,0.0,0.0,0.0,0.0,0.0,0.0,0.0,0.0,
1765983599.9756856,btc-updown-15m-1765982700,1765982700.0,1765983600.0,,0.024314403533935547,,,,,0,0,0.99,0.98,IDLE,,,,,,,,,,,,,,0,0.0,,,,,,,,,,,,,,,,,,,,Spread high 0.99 > 0.98,,,,,,,,0.0,0.0,,,,,0,0,,,Inv: 0.0/0.0 CapLeft: 50.0,,,0.0,0.0,0.0,50.0,50.0,0.0,50.0,0.0,0.0,0.0,0.0,0.0,0.0,0.0,0.0,0.0,
