timestamp,slug,market_start_ts,market_end_ts,now_ts,time_remaining,up_bid,up_ask,down_bid,down_ask,up_px,down_px,sum_px,max_sum_price,decision,blocked_maker,order_age,up_filled,down_filled,has_traded,intended_price_up,rounded_price_up,intended_price_down,rounded_price_down,cancel_reason,unwind_method,unwind_price,unwind_result,optimal_size,actual_size,near_resolution_blocked,force_flatten,entry_cutoff_sec,force_flatten_sec,size_chosen,size_max_usd,size_max_final,usd_per_market_cap,test_mode,used_test_preset,test_preset_candidate,min_leg_price,max_leg_price,min_profit_per_share,profit_both,price_bounds_ok,profit_ok,skip_reason,blocked_price_bounds,blocked_low_profit,taker_path_attempted,up_ask_at_send,down_ask_at_send,up_bid_at_send,down_bid_at_send,filled_up_shares,filled_down_shares,target_size_shares,size_locked_blocked,overbuy_attempted,filled_first_price,remaining_up,remaining_down,entry_id,reprice_attempt_count,reprice_reason,time_in_one_leg_state,last_reprice_ts
1765963802.2168584,btc-updown-15m-1765963800,1765963800.0,1765964700.0,,897.7831416130066,,,,,0,0,0.99,0.98,IDLE,,,,,,,,,,,,,,0,0.0,,,,,,,,,,,,,,,,,,,,Spread high 0.99 > 0.98,,,,,,,,0.0,0.0,,,,,0,0,,,Inv: 0.0/0.0 CapLeft: 20.0,,,0.0,0.0,0.0,20.0
1765963804.1685236,btc-updown-15m-1765963800,1765963800.0,1765964700.0,,895.8314764499664,,,,,0,0,0.99,0.98,IDLE,,,,,,,,,,,,,,0,0.0,,,,,,,,,,,,,,,,,,,,Spread high 0.99 > 0.98,,,,,,,,0.0,0.0,,,,,0,0,,,Inv: 0.0/0.0 CapLeft: 20.0,,,0.0,0.0,0.0,20.0
1765963806.084623,btc-updown-15m-1765963800,1765963800.0,1765964700.0,,893.9153769016266,,,,,0,0,1.0,0.98,IDLE,,,,,,,,,,,,,,0,0.0,,,,,,,,,,,,,,,,,,,,Spread high 1.00 > 0.98,,,,,,,,0.0,0.0,,,,,0,0,,,Inv: 0.0/0.0 CapLeft: 20.0,,,0.0,0.0,0.0,20.0
1765963808.0127106,btc-updown-15m-1765963800,1765963800.0,1765964700.0,,891.9872894287109,,,,,0,0,0.99,0.98,IDLE,,,,,,,,,,,,,,0,0.0,,,,,,,,,,,,,,,,,,,,Spread high 0.99 > 0.98,,,,,,,,0.0,0.0,,,,,0,0,,,Inv: 0.0/0.0 CapLeft: 20.0,,,0.0,0.0,0.0,20.0
1765963810.0084493,btc-updown-15m-1765963800,1765963800.0,1765964700.0,,889.9915506839752,,,,,0,0,0.99,0.98,IDLE,,,,,,,,,,,,,,0,0.0,,,,,,,,,,,,,,,,,,,,Spread high 0.99 > 0.98,,,,,,,,0.0,0.0,,,,,0,0,,,Inv: 0.0/0.0 CapLeft: 20.0,,,0.0,0.0,0.0,20.0
1765963812.0083103,btc-updown-15m-1765963800,1765963800.0,1765964700.0,,887.9916896820068,,,,,0,0,0.99,0.98,IDLE,,,,,,,,,,,,,,0,0.0,,,,,,,,,,,,,,,,,,,,Spread high 0.99 > 0.98,,,,,,,,0.0,0.0,,,,,0,0,,,Inv: 0.0/0.0 CapLeft: 20.0,,,0.0,0.0,0.0,20.0
1765963813.9417856,btc-updown-15m-1765963800,1765963800.0,1765964700.0,,886.0582144260406,,,,,0,0,0.99,0.98,IDLE,,,,,,,,,,,,,,0,0.0,,,,,,,,,,,,,,,,,,,,Spread high 0.99 > 0.98,,,,,,,,0.0,0.0,,,,,0,0,,,Inv: 0.0/0.0 CapLeft: 20.0,,,0.0,0.0,0.0,20.0
1765963815.866899,btc-updown-15m-1765963800,1765963800.0,1765964700.0,,884.1331009864807,,,,,0,0,0.99,0.98,IDLE,,,,,,,,,,,,,,0,0.0,,,,,,,,,,,,,,,,,,,,Spread high 0.99 > 0.98,,,,,,,,0.0,0.0,,,,,0,0,,,Inv: 0.0/0.0 CapLeft: 20.0,,,0.0,0.0,0.0,20.0
1765963817.8057263,btc-updown-15m-1765963800,1765963800.0,1765964700.0,,882.1942737102509,,,,,0.45,0.53,0.98,0.98,ORDERS_OPEN,,,,,,,,,,,,,,5,5,,,,,,,,,,,,,,,,,,,,Leg:BOTH UP:5 DOWN:5,,,,,,,,0.0,5.0,,,,,0,0,,,Inv: 0.0/5.0 CapLeft: 15.0,,,0.0,5.0,5.0,15.0
1765963821.9139903,btc-updown-15m-1765963800,1765963800.0,1765964700.0,,878.0860097408295,,,,,0,0,0.99,0.98,ORDERS_OPEN,,,,,,,,,,,,,,0,5,,,,,,,,,,,,,,,,,,,,,,,,,,,,0.0,5.0,,,,,0,0,,,Inv: 0.0/5.0 CapLeft: 15.0,,,0.0,5.0,5.0,15.0
1765963824.0774,btc-updown-15m-1765963800,1765963800.0,1765964700.0,,875.922600030899,,,,,0,0,0.99,0.98,ORDERS_OPEN,,,,,,,,,,,,,,0,5,,,,,,,,,,,,,,,,,,,,,,,,,,,,0.0,5.0,,,,,0,0,,,Inv: 0.0/5.0 CapLeft: 15.0,,,0.0,5.0,5.0,15.0
1765963826.2309656,btc-updown-15m-1765963800,1765963800.0,1765964700.0,,873.7690343856812,,,,,0,0,0.99,0.98,IDLE,,,,,,,,,,,,,,0,5,,,,,,,,,,,,,,,,,,,,,,,,,,,,5.0,5.0,,,,,0,0,,,Inv: 5.0/5.0 CapLeft: 10.0,,,5.0,5.0,10.0,10.0
1765963828.4007404,btc-updown-15m-1765963800,1765963800.0,1765964700.0,,871.5992596149445,,,,,0,0,0.99,0.98,IDLE,,,,,,,,,,,,,,0,5,,,,,,,,,,,,,,,,,,,,Spread high 0.99 > 0.98,,,,,,,,5.0,5.0,,,,,0,0,,,Inv: 5.0/5.0 CapLeft: 10.0,,,5.0,5.0,10.0,10.0
1765963830.3340597,btc-updown-15m-1765963800,1765963800.0,1765964700.0,,869.665940284729,,,,,0,0,1.0,0.98,IDLE,,,,,,,,,,,,,,0,5,,,,,,,,,,,,,,,,,,,,Spread high 1.00 > 0.98,,,,,,,,5.0,5.0,,,,,0,0,,,Inv: 5.0/5.0 CapLeft: 10.0,,,5.0,5.0,10.0,10.0
1765963832.277946,btc-updown-15m-1765963800,1765963800.0,1765964700.0,,867.7220540046692,,,,,0,0,0.99,0.98,IDLE,,,,,,,,,,,,,,0,5,,,,,,,,,,,,,,,,,,,,Spread high 0.99 > 0.98,,,,,,,,5.0,5.0,,,,,0,0,,,Inv: 5.0/5.0 CapLeft: 10.0,,,5.0,5.0,10.0,10.0
1765963834.2372274,btc-updown-15m-1765963800,1765963800.0,1765964700.0,,865.7627725601196,,,,,0,0,0.99,0.98,IDLE,,,,,,,,,,,,,,0,5,,,,,,,,,,,,,,,,,,,,Spread high 0.99 > 0.98,,,,,,,,5.0,5.0,,,,,0,0,,,Inv: 5.0/5.0 CapLeft: 10.0,,,5.0,5.0,10.0,10.0
1765963836.269525,btc-updown-15m-1765963800,1765963800.0,1765964700.0,,863.730474948883,,,,,0,0,0.99,0.98,IDLE,,,,,,,,,,,,,,0,5,,,,,,,,,,,,,,,,,,,,Spread high 0.99 > 0.98,,,,,,,,5.0,5.0,,,,,0,0,,,Inv: 5.0/5.0 CapLeft: 10.0,,,5.0,5.0,10.0,10.0
1765963838.2113044,btc-updown-15m-1765963800,1765963800.0,1765964700.0,,861.7886955738068,,,,,0,0,0.99,0.98,IDLE,,,,,,,,,,,,,,0,5,,,,,,,,,,,,,,,,,,,,Spread high 0.99 > 0.98,,,,,,,,5.0,5.0,,,,,0,0,,,Inv: 5.0/5.0 CapLeft: 10.0,,,5.0,5.0,10.0,10.0
1765963840.1558611,btc-updown-15m-1765963800,1765963800.0,1765964700.0,,859.8441388607025,,,,,0,0,0.99,0.98,IDLE,,,,,,,,,,,,,,0,5,,,,,,,,,,,,,,,,,,,,Spread high 0.99 > 0.98,,,,,,,,5.0,5.0,,,,,0,0,,,Inv: 5.0/5.0 CapLeft: 10.0,,,5.0,5.0,10.0,10.0
1765963842.0759342,btc-updown-15m-1765963800,1765963800.0,1765964700.0,,857.9240658283234,,,,,0,0,0.99,0.98,IDLE,,,,,,,,,,,,,,0,5,,,,,,,,,,,,,,,,,,,,Spread high 0.99 > 0.98,,,,,,,,5.0,5.0,,,,,0,0,,,Inv: 5.0/5.0 CapLeft: 10.0,,,5.0,5.0,10.0,10.0
1765963844.021966,btc-updown-15m-1765963800,1765963800.0,1765964700.0,,855.9780340194702,,,,,0.41,0.57,0.98,0.98,ORDERS_OPEN,,,,,,,,,,,,,,5,5,,,,,,,,,,,,,,,,,,,,Leg:BOTH UP:5 DOWN:5,,,,,,,,5.0,5.0,,,,,0,0,,,Inv: 5.0/5.0 CapLeft: 10.0,,,5.0,5.0,10.0,10.0
1765963846.8180265,btc-updown-15m-1765963800,1765963800.0,1765964700.0,,853.1819734573364,,,,,0,0,0.99,0.98,ORDERS_OPEN,,,,,,,,,,,,,,0,5,,,,,,,,,,,,,,,,,,,,,,,,,,,,10.0,5.0,,,,,0,0,,,Inv: 10.0/5.0 CapLeft: 5.0,,,10.0,5.0,15.0,5.0
1765963849.1753638,btc-updown-15m-1765963800,1765963800.0,1765964700.0,,850.824636220932,,,,,0,0,0.99,0.98,ORDERS_OPEN,,,,,,,,,,,,,,0,5,,,,,,,,,,,,,,,,,,,,,,,,,,,,10.0,5.0,,,,,0,0,,,Inv: 10.0/5.0 CapLeft: 5.0,,,10.0,5.0,15.0,5.0
1765963851.330708,btc-updown-15m-1765963800,1765963800.0,1765964700.0,,848.669291973114,,,,,0,0,0.99,0.98,ORDERS_OPEN,,,,,,,,,,,,,,0,5,,,,,,,,,,,,,,,,,,,,,,,,,,,,10.0,5.0,,,,,0,0,,,Inv: 10.0/5.0 CapLeft: 5.0,,,10.0,5.0,15.0,5.0
1765963853.4671493,btc-updown-15m-1765963800,1765963800.0,1765964700.0,,846.5328507423401,,,,,0,0,0.99,0.98,ORDERS_OPEN,,,,,,,,,,,,,,0,5,,,,,,,,,,,,,,,,,,,,,,,,,,,,10.0,5.0,,,,,0,0,,,Inv: 10.0/5.0 CapLeft: 5.0,,,10.0,5.0,15.0,5.0
1765963855.6145334,btc-updown-15m-1765963800,1765963800.0,1765964700.0,,844.3854665756226,,,,,0,0,0.99,0.98,ORDERS_OPEN,,,,,,,,,,,,,,0,5,,,,,,,,,,,,,,,,,,,,,,,,,,,,10.0,5.0,,,,,0,0,,,Inv: 10.0/5.0 CapLeft: 5.0,,,10.0,5.0,15.0,5.0
1765963857.7934983,btc-updown-15m-1765963800,1765963800.0,1765964700.0,,842.2065017223358,,,,,0,0,0.99,0.98,ORDERS_OPEN,,,,,,,,,,,,,,0,5,,,,,,,,,,,,,,,,,,,,,,,,,,,,10.0,5.0,,,,,0,0,,,Inv: 10.0/5.0 CapLeft: 5.0,,,10.0,5.0,15.0,5.0
1765963859.967801,btc-updown-15m-1765963800,1765963800.0,1765964700.0,,840.0321989059448,,,,,0,0,0.99,0.98,ONE_LEG_INVENTORY,,,,,,,,,,,,,,0,5,,,,,,,,,,,,,,,,,,,,,,,,,,,,10.0,5.0,,,,,0,0,,,Inv: 10.0/5.0 CapLeft: 5.0,,,10.0,5.0,15.0,5.0
1765963862.1306608,btc-updown-15m-1765963800,1765963800.0,1765964700.0,,837.8693392276764,,,,,0.39,0.59,0.98,0.98,ORDERS_OPEN,,,,,,,,,,,,,,5.0,5.0,,,,,,,,,,,,,,,,,,,,RECONSTRUCT: FILL_MISSING_ONLY_DOWN (0.0/5.0),,,,,,,,10.0,5.0,,,,,0,0,,,Inv: 10.0/5.0 CapLeft: 5.0,,,10.0,5.0,15.0,5.0
1765963864.5077205,btc-updown-15m-1765963800,1765963800.0,1765964700.0,,835.4922795295715,,,,,0,0,0.99,0.98,ORDERS_OPEN,,,,,,,,,,,,,,0,5.0,,,,,,,,,,,,,,,,,,,,,,,,,,,,10.0,5.0,,,,,0,0,,,Inv: 10.0/5.0 CapLeft: 5.0,,,10.0,5.0,15.0,5.0
1765963866.6458883,btc-updown-15m-1765963800,1765963800.0,1765964700.0,,833.3541116714478,,,,,0,0,0.99,0.98,ORDERS_OPEN,,,,,,,,,,,,,,0,5.0,,,,,,,,,,,,,,,,,,,,,,,,,,,,10.0,5.0,,,,,0,0,,,Inv: 10.0/5.0 CapLeft: 5.0,,,10.0,5.0,15.0,5.0
1765963868.778624,btc-updown-15m-1765963800,1765963800.0,1765964700.0,,831.2213759422302,,,,,0,0,0.98,0.98,IDLE,,,,,,,,,,,,,,0,5.0,,,,,,,,,,,,,,,,,,,,,,,,,,,,10.0,10.0,,,,,0,0,,,Inv: 10.0/10.0 CapLeft: 0.0,,,10.0,10.0,20.0,0.0
1765963870.914168,btc-updown-15m-1765963800,1765963800.0,1765964700.0,,829.085832118988,,,,,0,0,0.97,0.98,IDLE,,,,,,,,,,,,,,0,5.0,,,,,,,,,,,,,,,,,,,,CAP_FULL,,,,,,,,10.0,10.0,,,,,0,0,,,Inv: 10.0/10.0 CapLeft: 0.0,,,10.0,10.0,20.0,0.0
1765963872.8418071,btc-updown-15m-1765963800,1765963800.0,1765964700.0,,827.1581928730011,,,,,0,0,0.98,0.98,IDLE,,,,,,,,,,,,,,0,5.0,,,,,,,,,,,,,,,,,,,,CAP_FULL,,,,,,,,10.0,10.0,,,,,0,0,,,Inv: 10.0/10.0 CapLeft: 0.0,,,10.0,10.0,20.0,0.0
1765963874.7690392,btc-updown-15m-1765963800,1765963800.0,1765964700.0,,825.2309608459473,,,,,0,0,0.98,0.98,IDLE,,,,,,,,,,,,,,0,5.0,,,,,,,,,,,,,,,,,,,,CAP_FULL,,,,,,,,10.0,10.0,,,,,0,0,,,Inv: 10.0/10.0 CapLeft: 0.0,,,10.0,10.0,20.0,0.0
1765963876.6980534,btc-updown-15m-1765963800,1765963800.0,1765964700.0,,823.3019466400146,,,,,0,0,0.97,0.98,IDLE,,,,,,,,,,,,,,0,5.0,,,,,,,,,,,,,,,,,,,,CAP_FULL,,,,,,,,10.0,10.0,,,,,0,0,,,Inv: 10.0/10.0 CapLeft: 0.0,,,10.0,10.0,20.0,0.0
1765963878.6220999,btc-updown-15m-1765963800,1765963800.0,1765964700.0,,821.3779001235962,,,,,0,0,0.99,0.98,IDLE,,,,,,,,,,,,,,0,5.0,,,,,,,,,,,,,,,,,,,,CAP_FULL,,,,,,,,10.0,10.0,,,,,0,0,,,Inv: 10.0/10.0 CapLeft: 0.0,,,10.0,10.0,20.0,0.0
1765963880.5491202,btc-updown-15m-1765963800,1765963800.0,1765964700.0,,819.4508798122406,,,,,0,0,1.0,0.98,IDLE,,,,,,,,,,,,,,0,5.0,,,,,,,,,,,,,,,,,,,,CAP_FULL,,,,,,,,10.0,10.0,,,,,0,0,,,Inv: 10.0/10.0 CapLeft: 0.0,,,10.0,10.0,20.0,0.0
1765963882.5148926,btc-updown-15m-1765963800,1765963800.0,1765964700.0,,817.485107421875,,,,,0,0,0.99,0.98,IDLE,,,,,,,,,,,,,,0,5.0,,,,,,,,,,,,,,,,,,,,CAP_FULL,,,,,,,,10.0,10.0,,,,,0,0,,,Inv: 10.0/10.0 CapLeft: 0.0,,,10.0,10.0,20.0,0.0
1765963884.461934,btc-updown-15m-1765963800,1765963800.0,1765964700.0,,815.5380659103394,,,,,0,0,0.98,0.98,IDLE,,,,,,,,,,,,,,0,5.0,,,,,,,,,,,,,,,,,,,,CAP_FULL,,,,,,,,10.0,10.0,,,,,0,0,,,Inv: 10.0/10.0 CapLeft: 0.0,,,10.0,10.0,20.0,0.0
1765963886.3816075,btc-updown-15m-1765963800,1765963800.0,1765964700.0,,813.6183924674988,,,,,0,0,0.99,0.98,IDLE,,,,,,,,,,,,,,0,5.0,,,,,,,,,,,,,,,,,,,,CAP_FULL,,,,,,,,10.0,10.0,,,,,0,0,,,Inv: 10.0/10.0 CapLeft: 0.0,,,10.0,10.0,20.0,0.0
1765963888.2999647,btc-updown-15m-1765963800,1765963800.0,1765964700.0,,811.7000353336334,,,,,0,0,0.98,0.98,IDLE,,,,,,,,,,,,,,0,5.0,,,,,,,,,,,,,,,,,,,,CAP_FULL,,,,,,,,10.0,10.0,,,,,0,0,,,Inv: 10.0/10.0 CapLeft: 0.0,,,10.0,10.0,20.0,0.0
1765963890.224891,btc-updown-15m-1765963800,1765963800.0,1765964700.0,,809.7751090526581,,,,,0,0,0.99,0.98,IDLE,,,,,,,,,,,,,,0,5.0,,,,,,,,,,,,,,,,,,,,CAP_FULL,,,,,,,,10.0,10.0,,,,,0,0,,,Inv: 10.0/10.0 CapLeft: 0.0,,,10.0,10.0,20.0,0.0
1765963892.1570983,btc-updown-15m-1765963800,1765963800.0,1765964700.0,,807.8429017066956,,,,,0,0,0.99,0.98,IDLE,,,,,,,,,,,,,,0,5.0,,,,,,,,,,,,,,,,,,,,CAP_FULL,,,,,,,,10.0,10.0,,,,,0,0,,,Inv: 10.0/10.0 CapLeft: 0.0,,,10.0,10.0,20.0,0.0
1765963894.0742636,btc-updown-15m-1765963800,1765963800.0,1765964700.0,,805.9257364273071,,,,,0,0,0.98,0.98,IDLE,,,,,,,,,,,,,,0,5.0,,,,,,,,,,,,,,,,,,,,CAP_FULL,,,,,,,,10.0,10.0,,,,,0,0,,,Inv: 10.0/10.0 CapLeft: 0.0,,,10.0,10.0,20.0,0.0
1765963896.019989,btc-updown-15m-1765963800,1765963800.0,1765964700.0,,803.9800109863281,,,,,0,0,0.99,0.98,IDLE,,,,,,,,,,,,,,0,5.0,,,,,,,,,,,,,,,,,,,,CAP_FULL,,,,,,,,10.0,10.0,,,,,0,0,,,Inv: 10.0/10.0 CapLeft: 0.0,,,10.0,10.0,20.0,0.0
1765963898.023693,btc-updown-15m-1765963800,1765963800.0,1765964700.0,,801.9763069152832,,,,,0,0,0.99,0.98,IDLE,,,,,,,,,,,,,,0,5.0,,,,,,,,,,,,,,,,,,,,CAP_FULL,,,,,,,,10.0,10.0,,,,,0,0,,,Inv: 10.0/10.0 CapLeft: 0.0,,,10.0,10.0,20.0,0.0
1765963899.9364958,btc-updown-15m-1765963800,1765963800.0,1765964700.0,,800.0635042190552,,,,,0,0,0.99,0.98,IDLE,,,,,,,,,,,,,,0,5.0,,,,,,,,,,,,,,,,,,,,CAP_FULL,,,,,,,,10.0,10.0,,,,,0,0,,,Inv: 10.0/10.0 CapLeft: 0.0,,,10.0,10.0,20.0,0.0
1765963901.8548968,btc-updown-15m-1765963800,1765963800.0,1765964700.0,,798.1451032161713,,,,,0,0,0.98,0.98,IDLE,,,,,,,,,,,,,,0,5.0,,,,,,,,,,,,,,,,,,,,CAP_FULL,,,,,,,,10.0,10.0,,,,,0,0,,,Inv: 10.0/10.0 CapLeft: 0.0,,,10.0,10.0,20.0,0.0
1765963903.7667768,btc-updown-15m-1765963800,1765963800.0,1765964700.0,,796.2332231998444,,,,,0,0,0.99,0.98,IDLE,,,,,,,,,,,,,,0,5.0,,,,,,,,,,,,,,,,,,,,CAP_FULL,,,,,,,,10.0,10.0,,,,,0,0,,,Inv: 10.0/10.0 CapLeft: 0.0,,,10.0,10.0,20.0,0.0
1765963905.6997225,btc-updown-15m-1765963800,1765963800.0,1765964700.0,,794.3002774715424,,,,,0,0,0.99,0.98,IDLE,,,,,,,,,,,,,,0,5.0,,,,,,,,,,,,,,,,,,,,CAP_FULL,,,,,,,,10.0,10.0,,,,,0,0,,,Inv: 10.0/10.0 CapLeft: 0.0,,,10.0,10.0,20.0,0.0
1765963907.674655,btc-updown-15m-1765963800,1765963800.0,1765964700.0,,792.3253450393677,,,,,0,0,0.98,0.98,IDLE,,,,,,,,,,,,,,0,5.0,,,,,,,,,,,,,,,,,,,,CAP_FULL,,,,,,,,10.0,10.0,,,,,0,0,,,Inv: 10.0/10.0 CapLeft: 0.0,,,10.0,10.0,20.0,0.0
1765963909.5941696,btc-updown-15m-1765963800,1765963800.0,1765964700.0,,790.4058303833008,,,,,0,0,0.99,0.98,IDLE,,,,,,,,,,,,,,0,5.0,,,,,,,,,,,,,,,,,,,,CAP_FULL,,,,,,,,10.0,10.0,,,,,0,0,,,Inv: 10.0/10.0 CapLeft: 0.0,,,10.0,10.0,20.0,0.0
1765963911.5479562,btc-updown-15m-1765963800,1765963800.0,1765964700.0,,788.4520437717438,,,,,0,0,0.99,0.98,IDLE,,,,,,,,,,,,,,0,5.0,,,,,,,,,,,,,,,,,,,,CAP_FULL,,,,,,,,10.0,10.0,,,,,0,0,,,Inv: 10.0/10.0 CapLeft: 0.0,,,10.0,10.0,20.0,0.0
1765963913.4782784,btc-updown-15m-1765963800,1765963800.0,1765964700.0,,786.5217216014862,,,,,0,0,0.99,0.98,IDLE,,,,,,,,,,,,,,0,5.0,,,,,,,,,,,,,,,,,,,,CAP_FULL,,,,,,,,10.0,10.0,,,,,0,0,,,Inv: 10.0/10.0 CapLeft: 0.0,,,10.0,10.0,20.0,0.0
1765963915.4131725,btc-updown-15m-1765963800,1765963800.0,1765964700.0,,784.5868275165558,,,,,0,0,0.99,0.98,IDLE,,,,,,,,,,,,,,0,5.0,,,,,,,,,,,,,,,,,,,,CAP_FULL,,,,,,,,10.0,10.0,,,,,0,0,,,Inv: 10.0/10.0 CapLeft: 0.0,,,10.0,10.0,20.0,0.0
1765963917.333095,btc-updown-15m-1765963800,1765963800.0,1765964700.0,,782.6669049263,,,,,0,0,0.99,0.98,IDLE,,,,,,,,,,,,,,0,5.0,,,,,,,,,,,,,,,,,,,,CAP_FULL,,,,,,,,10.0,10.0,,,,,0,0,,,Inv: 10.0/10.0 CapLeft: 0.0,,,10.0,10.0,20.0,0.0
1765963919.2784896,btc-updown-15m-1765963800,1765963800.0,1765964700.0,,780.7215104103088,,,,,0,0,0.98,0.98,IDLE,,,,,,,,,,,,,,0,5.0,,,,,,,,,,,,,,,,,,,,CAP_FULL,,,,,,,,10.0,10.0,,,,,0,0,,,Inv: 10.0/10.0 CapLeft: 0.0,,,10.0,10.0,20.0,0.0
1765963921.2020307,btc-updown-15m-1765963800,1765963800.0,1765964700.0,,778.7979693412781,,,,,0,0,0.99,0.98,IDLE,,,,,,,,,,,,,,0,5.0,,,,,,,,,,,,,,,,,,,,CAP_FULL,,,,,,,,10.0,10.0,,,,,0,0,,,Inv: 10.0/10.0 CapLeft: 0.0,,,10.0,10.0,20.0,0.0
1765963923.1282058,btc-updown-15m-1765963800,1765963800.0,1765964700.0,,776.8717942237854,,,,,0,0,0.99,0.98,IDLE,,,,,,,,,,,,,,0,5.0,,,,,,,,,,,,,,,,,,,,CAP_FULL,,,,,,,,10.0,10.0,,,,,0,0,,,Inv: 10.0/10.0 CapLeft: 0.0,,,10.0,10.0,20.0,0.0
1765963925.125594,btc-updown-15m-1765963800,1765963800.0,1765964700.0,,774.8744060993195,,,,,0,0,0.99,0.98,IDLE,,,,,,,,,,,,,,0,5.0,,,,,,,,,,,,,,,,,,,,CAP_FULL,,,,,,,,10.0,10.0,,,,,0,0,,,Inv: 10.0/10.0 CapLeft: 0.0,,,10.0,10.0,20.0,0.0
1765963927.039755,btc-updown-15m-1765963800,1765963800.0,1765964700.0,,772.9602448940277,,,,,0,0,0.99,0.98,IDLE,,,,,,,,,,,,,,0,5.0,,,,,,,,,,,,,,,,,,,,CAP_FULL,,,,,,,,10.0,10.0,,,,,0,0,,,Inv: 10.0/10.0 CapLeft: 0.0,,,10.0,10.0,20.0,0.0
1765963928.9564064,btc-updown-15m-1765963800,1765963800.0,1765964700.0,,771.0435936450958,,,,,0,0,0.99,0.98,IDLE,,,,,,,,,,,,,,0,5.0,,,,,,,,,,,,,,,,,,,,CAP_FULL,,,,,,,,10.0,10.0,,,,,0,0,,,Inv: 10.0/10.0 CapLeft: 0.0,,,10.0,10.0,20.0,0.0
1765963930.8814623,btc-updown-15m-1765963800,1765963800.0,1765964700.0,,769.1185376644135,,,,,0,0,0.99,0.98,IDLE,,,,,,,,,,,,,,0,5.0,,,,,,,,,,,,,,,,,,,,CAP_FULL,,,,,,,,10.0,10.0,,,,,0,0,,,Inv: 10.0/10.0 CapLeft: 0.0,,,10.0,10.0,20.0,0.0
1765963932.8398643,btc-updown-15m-1765963800,1765963800.0,1765964700.0,,767.1601357460022,,,,,0,0,0.99,0.98,IDLE,,,,,,,,,,,,,,0,5.0,,,,,,,,,,,,,,,,,,,,CAP_FULL,,,,,,,,10.0,10.0,,,,,0,0,,,Inv: 10.0/10.0 CapLeft: 0.0,,,10.0,10.0,20.0,0.0
1765963934.7775881,btc-updown-15m-1765963800,1765963800.0,1765964700.0,,765.2224118709564,,,,,0,0,0.99,0.98,IDLE,,,,,,,,,,,,,,0,5.0,,,,,,,,,,,,,,,,,,,,CAP_FULL,,,,,,,,10.0,10.0,,,,,0,0,,,Inv: 10.0/10.0 CapLeft: 0.0,,,10.0,10.0,20.0,0.0
1765963936.704875,btc-updown-15m-1765963800,1765963800.0,1765964700.0,,763.2951250076294,,,,,0,0,0.99,0.98,IDLE,,,,,,,,,,,,,,0,5.0,,,,,,,,,,,,,,,,,,,,CAP_FULL,,,,,,,,10.0,10.0,,,,,0,0,,,Inv: 10.0/10.0 CapLeft: 0.0,,,10.0,10.0,20.0,0.0
1765963938.618073,btc-updown-15m-1765963800,1765963800.0,1765964700.0,,761.3819270133972,,,,,0,0,1.01,0.98,IDLE,,,,,,,,,,,,,,0,5.0,,,,,,,,,,,,,,,,,,,,CAP_FULL,,,,,,,,10.0,10.0,,,,,0,0,,,Inv: 10.0/10.0 CapLeft: 0.0,,,10.0,10.0,20.0,0.0
1765963940.615297,btc-updown-15m-1765963800,1765963800.0,1765964700.0,,759.3847029209137,,,,,0,0,0.96,0.98,IDLE,,,,,,,,,,,,,,0,5.0,,,,,,,,,,,,,,,,,,,,CAP_FULL,,,,,,,,10.0,10.0,,,,,0,0,,,Inv: 10.0/10.0 CapLeft: 0.0,,,10.0,10.0,20.0,0.0
1765963942.547334,btc-updown-15m-1765963800,1765963800.0,1765964700.0,,757.4526660442352,,,,,0,0,0.98,0.98,IDLE,,,,,,,,,,,,,,0,5.0,,,,,,,,,,,,,,,,,,,,CAP_FULL,,,,,,,,10.0,10.0,,,,,0,0,,,Inv: 10.0/10.0 CapLeft: 0.0,,,10.0,10.0,20.0,0.0
1765963944.4774213,btc-updown-15m-1765963800,1765963800.0,1765964700.0,,755.5225787162781,,,,,0,0,0.99,0.98,IDLE,,,,,,,,,,,,,,0,5.0,,,,,,,,,,,,,,,,,,,,CAP_FULL,,,,,,,,10.0,10.0,,,,,0,0,,,Inv: 10.0/10.0 CapLeft: 0.0,,,10.0,10.0,20.0,0.0
1765963946.3954828,btc-updown-15m-1765963800,1765963800.0,1765964700.0,,753.6045172214508,,,,,0,0,0.99,0.98,IDLE,,,,,,,,,,,,,,0,5.0,,,,,,,,,,,,,,,,,,,,CAP_FULL,,,,,,,,10.0,10.0,,,,,0,0,,,Inv: 10.0/10.0 CapLeft: 0.0,,,10.0,10.0,20.0,0.0
1765963948.3341646,btc-updown-15m-1765963800,1765963800.0,1765964700.0,,751.6658353805542,,,,,0,0,0.98,0.98,IDLE,,,,,,,,,,,,,,0,5.0,,,,,,,,,,,,,,,,,,,,CAP_FULL,,,,,,,,10.0,10.0,,,,,0,0,,,Inv: 10.0/10.0 CapLeft: 0.0,,,10.0,10.0,20.0,0.0
1765963950.2958333,btc-updown-15m-1765963800,1765963800.0,1765964700.0,,749.7041666507721,,,,,0,0,0.99,0.98,IDLE,,,,,,,,,,,,,,0,5.0,,,,,,,,,,,,,,,,,,,,CAP_FULL,,,,,,,,10.0,10.0,,,,,0,0,,,Inv: 10.0/10.0 CapLeft: 0.0,,,10.0,10.0,20.0,0.0
1765963952.2178926,btc-updown-15m-1765963800,1765963800.0,1765964700.0,,747.7821073532104,,,,,0,0,0.99,0.98,IDLE,,,,,,,,,,,,,,0,5.0,,,,,,,,,,,,,,,,,,,,CAP_FULL,,,,,,,,10.0,10.0,,,,,0,0,,,Inv: 10.0/10.0 CapLeft: 0.0,,,10.0,10.0,20.0,0.0
1765963954.147114,btc-updown-15m-1765963800,1765963800.0,1765964700.0,,745.8528859615326,,,,,0,0,1.0,0.98,IDLE,,,,,,,,,,,,,,0,5.0,,,,,,,,,,,,,,,,,,,,CAP_FULL,,,,,,,,10.0,10.0,,,,,0,0,,,Inv: 10.0/10.0 CapLeft: 0.0,,,10.0,10.0,20.0,0.0
1765963956.061961,btc-updown-15m-1765963800,1765963800.0,1765964700.0,,743.9380390644073,,,,,0,0,0.99,0.98,IDLE,,,,,,,,,,,,,,0,5.0,,,,,,,,,,,,,,,,,,,,CAP_FULL,,,,,,,,10.0,10.0,,,,,0,0,,,Inv: 10.0/10.0 CapLeft: 0.0,,,10.0,10.0,20.0,0.0
1765963957.9845026,btc-updown-15m-1765963800,1765963800.0,1765964700.0,,742.0154974460602,,,,,0,0,0.99,0.98,IDLE,,,,,,,,,,,,,,0,5.0,,,,,,,,,,,,,,,,,,,,CAP_FULL,,,,,,,,10.0,10.0,,,,,0,0,,,Inv: 10.0/10.0 CapLeft: 0.0,,,10.0,10.0,20.0,0.0
1765963959.9079683,btc-updown-15m-1765963800,1765963800.0,1765964700.0,,740.0920317173004,,,,,0,0,0.99,0.98,IDLE,,,,,,,,,,,,,,0,5.0,,,,,,,,,,,,,,,,,,,,CAP_FULL,,,,,,,,10.0,10.0,,,,,0,0,,,Inv: 10.0/10.0 CapLeft: 0.0,,,10.0,10.0,20.0,0.0
1765963961.8392918,btc-updown-15m-1765963800,1765963800.0,1765964700.0,,738.1607081890106,,,,,0,0,0.99,0.98,IDLE,,,,,,,,,,,,,,0,5.0,,,,,,,,,,,,,,,,,,,,CAP_FULL,,,,,,,,10.0,10.0,,,,,0,0,,,Inv: 10.0/10.0 CapLeft: 0.0,,,10.0,10.0,20.0,0.0
1765963963.823363,btc-updown-15m-1765963800,1765963800.0,1765964700.0,,736.1766369342804,,,,,0,0,0.99,0.98,IDLE,,,,,,,,,,,,,,0,5.0,,,,,,,,,,,,,,,,,,,,CAP_FULL,,,,,,,,10.0,10.0,,,,,0,0,,,Inv: 10.0/10.0 CapLeft: 0.0,,,10.0,10.0,20.0,0.0
1765963965.7497323,btc-updown-15m-1765963800,1765963800.0,1765964700.0,,734.2502677440643,,,,,0,0,0.99,0.98,IDLE,,,,,,,,,,,,,,0,5.0,,,,,,,,,,,,,,,,,,,,CAP_FULL,,,,,,,,10.0,10.0,,,,,0,0,,,Inv: 10.0/10.0 CapLeft: 0.0,,,10.0,10.0,20.0,0.0
1765963967.6739511,btc-updown-15m-1765963800,1765963800.0,1765964700.0,,732.3260488510132,,,,,0,0,0.98,0.98,IDLE,,,,,,,,,,,,,,0,5.0,,,,,,,,,,,,,,,,,,,,CAP_FULL,,,,,,,,10.0,10.0,,,,,0,0,,,Inv: 10.0/10.0 CapLeft: 0.0,,,10.0,10.0,20.0,0.0
1765963969.6048129,btc-updown-15m-1765963800,1765963800.0,1765964700.0,,730.3951871395111,,,,,0,0,0.99,0.98,IDLE,,,,,,,,,,,,,,0,5.0,,,,,,,,,,,,,,,,,,,,CAP_FULL,,,,,,,,10.0,10.0,,,,,0,0,,,Inv: 10.0/10.0 CapLeft: 0.0,,,10.0,10.0,20.0,0.0
1765963971.5246549,btc-updown-15m-1765963800,1765963800.0,1765964700.0,,728.4753451347351,,,,,0,0,0.99,0.98,IDLE,,,,,,,,,,,,,,0,5.0,,,,,,,,,,,,,,,,,,,,CAP_FULL,,,,,,,,10.0,10.0,,,,,0,0,,,Inv: 10.0/10.0 CapLeft: 0.0,,,10.0,10.0,20.0,0.0
1765963973.4567883,btc-updown-15m-1765963800,1765963800.0,1765964700.0,,726.5432116985321,,,,,0,0,0.98,0.98,IDLE,,,,,,,,,,,,,,0,5.0,,,,,,,,,,,,,,,,,,,,CAP_FULL,,,,,,,,10.0,10.0,,,,,0,0,,,Inv: 10.0/10.0 CapLeft: 0.0,,,10.0,10.0,20.0,0.0
1765963975.4250078,btc-updown-15m-1765963800,1765963800.0,1765964700.0,,724.5749921798706,,,,,0,0,0.98,0.98,IDLE,,,,,,,,,,,,,,0,5.0,,,,,,,,,,,,,,,,,,,,CAP_FULL,,,,,,,,10.0,10.0,,,,,0,0,,,Inv: 10.0/10.0 CapLeft: 0.0,,,10.0,10.0,20.0,0.0
1765963977.3462508,btc-updown-15m-1765963800,1765963800.0,1765964700.0,,722.6537492275238,,,,,0,0,0.98,0.98,IDLE,,,,,,,,,,,,,,0,5.0,,,,,,,,,,,,,,,,,,,,CAP_FULL,,,,,,,,10.0,10.0,,,,,0,0,,,Inv: 10.0/10.0 CapLeft: 0.0,,,10.0,10.0,20.0,0.0
1765963979.281666,btc-updown-15m-1765963800,1765963800.0,1765964700.0,,720.7183339595795,,,,,0,0,0.99,0.98,IDLE,,,,,,,,,,,,,,0,5.0,,,,,,,,,,,,,,,,,,,,CAP_FULL,,,,,,,,10.0,10.0,,,,,0,0,,,Inv: 10.0/10.0 CapLeft: 0.0,,,10.0,10.0,20.0,0.0
1765963981.2197874,btc-updown-15m-1765963800,1765963800.0,1765964700.0,,718.7802126407623,,,,,0,0,0.99,0.98,IDLE,,,,,,,,,,,,,,0,5.0,,,,,,,,,,,,,,,,,,,,CAP_FULL,,,,,,,,10.0,10.0,,,,,0,0,,,Inv: 10.0/10.0 CapLeft: 0.0,,,10.0,10.0,20.0,0.0
1765963983.1558347,btc-updown-15m-1765963800,1765963800.0,1765964700.0,,716.8441653251648,,,,,0,0,0.99,0.98,IDLE,,,,,,,,,,,,,,0,5.0,,,,,,,,,,,,,,,,,,,,CAP_FULL,,,,,,,,10.0,10.0,,,,,0,0,,,Inv: 10.0/10.0 CapLeft: 0.0,,,10.0,10.0,20.0,0.0
1765963985.0776484,btc-updown-15m-1765963800,1765963800.0,1765964700.0,,714.9223515987396,,,,,0,0,0.99,0.98,IDLE,,,,,,,,,,,,,,0,5.0,,,,,,,,,,,,,,,,,,,,CAP_FULL,,,,,,,,10.0,10.0,,,,,0,0,,,Inv: 10.0/10.0 CapLeft: 0.0,,,10.0,10.0,20.0,0.0
1765963987.0008008,btc-updown-15m-1765963800,1765963800.0,1765964700.0,,712.9991991519928,,,,,0,0,1.0,0.98,IDLE,,,,,,,,,,,,,,0,5.0,,,,,,,,,,,,,,,,,,,,CAP_FULL,,,,,,,,10.0,10.0,,,,,0,0,,,Inv: 10.0/10.0 CapLeft: 0.0,,,10.0,10.0,20.0,0.0
1765963988.9475534,btc-updown-15m-1765963800,1765963800.0,1765964700.0,,711.052446603775,,,,,0,0,0.99,0.98,IDLE,,,,,,,,,,,,,,0,5.0,,,,,,,,,,,,,,,,,,,,CAP_FULL,,,,,,,,10.0,10.0,,,,,0,0,,,Inv: 10.0/10.0 CapLeft: 0.0,,,10.0,10.0,20.0,0.0
1765963990.8655705,btc-updown-15m-1765963800,1765963800.0,1765964700.0,,709.1344294548035,,,,,0,0,0.99,0.98,IDLE,,,,,,,,,,,,,,0,5.0,,,,,,,,,,,,,,,,,,,,CAP_FULL,,,,,,,,10.0,10.0,,,,,0,0,,,Inv: 10.0/10.0 CapLeft: 0.0,,,10.0,10.0,20.0,0.0
1765963992.782504,btc-updown-15m-1765963800,1765963800.0,1765964700.0,,707.2174959182739,,,,,0,0,0.99,0.98,IDLE,,,,,,,,,,,,,,0,5.0,,,,,,,,,,,,,,,,,,,,CAP_FULL,,,,,,,,10.0,10.0,,,,,0,0,,,Inv: 10.0/10.0 CapLeft: 0.0,,,10.0,10.0,20.0,0.0
1765963994.7005382,btc-updown-15m-1765963800,1765963800.0,1765964700.0,,705.2994618415833,,,,,0,0,0.99,0.98,IDLE,,,,,,,,,,,,,,0,5.0,,,,,,,,,,,,,,,,,,,,CAP_FULL,,,,,,,,10.0,10.0,,,,,0,0,,,Inv: 10.0/10.0 CapLeft: 0.0,,,10.0,10.0,20.0,0.0
1765963996.6245103,btc-updown-15m-1765963800,1765963800.0,1765964700.0,,703.3754897117615,,,,,0,0,0.99,0.98,IDLE,,,,,,,,,,,,,,0,5.0,,,,,,,,,,,,,,,,,,,,CAP_FULL,,,,,,,,10.0,10.0,,,,,0,0,,,Inv: 10.0/10.0 CapLeft: 0.0,,,10.0,10.0,20.0,0.0
1765963998.5433676,btc-updown-15m-1765963800,1765963800.0,1765964700.0,,701.4566323757172,,,,,0,0,0.99,0.98,IDLE,,,,,,,,,,,,,,0,5.0,,,,,,,,,,,,,,,,,,,,CAP_FULL,,,,,,,,10.0,10.0,,,,,0,0,,,Inv: 10.0/10.0 CapLeft: 0.0,,,10.0,10.0,20.0,0.0
1765964000.4944963,btc-updown-15m-1765963800,1765963800.0,1765964700.0,,699.50550365448,,,,,0,0,0.99,0.98,IDLE,,,,,,,,,,,,,,0,5.0,,,,,,,,,,,,,,,,,,,,CAP_FULL,,,,,,,,10.0,10.0,,,,,0,0,,,Inv: 10.0/10.0 CapLeft: 0.0,,,10.0,10.0,20.0,0.0
1765964002.452474,btc-updown-15m-1765963800,1765963800.0,1765964700.0,,697.547525882721,,,,,0,0,0.98,0.98,IDLE,,,,,,,,,,,,,,0,5.0,,,,,,,,,,,,,,,,,,,,CAP_FULL,,,,,,,,10.0,10.0,,,,,0,0,,,Inv: 10.0/10.0 CapLeft: 0.0,,,10.0,10.0,20.0,0.0
1765964004.4050615,btc-updown-15m-1765963800,1765963800.0,1765964700.0,,695.5949385166168,,,,,0,0,0.98,0.98,IDLE,,,,,,,,,,,,,,0,5.0,,,,,,,,,,,,,,,,,,,,CAP_FULL,,,,,,,,10.0,10.0,,,,,0,0,,,Inv: 10.0/10.0 CapLeft: 0.0,,,10.0,10.0,20.0,0.0
1765964006.3540735,btc-updown-15m-1765963800,1765963800.0,1765964700.0,,693.6459264755249,,,,,0,0,0.98,0.98,IDLE,,,,,,,,,,,,,,0,5.0,,,,,,,,,,,,,,,,,,,,CAP_FULL,,,,,,,,10.0,10.0,,,,,0,0,,,Inv: 10.0/10.0 CapLeft: 0.0,,,10.0,10.0,20.0,0.0
1765964008.2793376,btc-updown-15m-1765963800,1765963800.0,1765964700.0,,691.720662355423,,,,,0,0,0.98,0.98,IDLE,,,,,,,,,,,,,,0,5.0,,,,,,,,,,,,,,,,,,,,CAP_FULL,,,,,,,,10.0,10.0,,,,,0,0,,,Inv: 10.0/10.0 CapLeft: 0.0,,,10.0,10.0,20.0,0.0
1765964010.2071767,btc-updown-15m-1765963800,1765963800.0,1765964700.0,,689.7928233146667,,,,,0,0,0.98,0.98,IDLE,,,,,,,,,,,,,,0,5.0,,,,,,,,,,,,,,,,,,,,CAP_FULL,,,,,,,,10.0,10.0,,,,,0,0,,,Inv: 10.0/10.0 CapLeft: 0.0,,,10.0,10.0,20.0,0.0
1765964012.1425948,btc-updown-15m-1765963800,1765963800.0,1765964700.0,,687.8574051856995,,,,,0,0,0.98,0.98,IDLE,,,,,,,,,,,,,,0,5.0,,,,,,,,,,,,,,,,,,,,CAP_FULL,,,,,,,,10.0,10.0,,,,,0,0,,,Inv: 10.0/10.0 CapLeft: 0.0,,,10.0,10.0,20.0,0.0
1765964014.1161482,btc-updown-15m-1765963800,1765963800.0,1765964700.0,,685.8838517665863,,,,,0,0,0.99,0.98,IDLE,,,,,,,,,,,,,,0,5.0,,,,,,,,,,,,,,,,,,,,CAP_FULL,,,,,,,,10.0,10.0,,,,,0,0,,,Inv: 10.0/10.0 CapLeft: 0.0,,,10.0,10.0,20.0,0.0
1765964016.057771,btc-updown-15m-1765963800,1765963800.0,1765964700.0,,683.9422290325165,,,,,0,0,0.99,0.98,IDLE,,,,,,,,,,,,,,0,5.0,,,,,,,,,,,,,,,,,,,,CAP_FULL,,,,,,,,10.0,10.0,,,,,0,0,,,Inv: 10.0/10.0 CapLeft: 0.0,,,10.0,10.0,20.0,0.0
1765964017.988074,btc-updown-15m-1765963800,1765963800.0,1765964700.0,,682.0119259357452,,,,,0,0,0.99,0.98,IDLE,,,,,,,,,,,,,,0,5.0,,,,,,,,,,,,,,,,,,,,CAP_FULL,,,,,,,,10.0,10.0,,,,,0,0,,,Inv: 10.0/10.0 CapLeft: 0.0,,,10.0,10.0,20.0,0.0
1765964019.9115818,btc-updown-15m-1765963800,1765963800.0,1765964700.0,,680.0884182453156,,,,,0,0,0.99,0.98,IDLE,,,,,,,,,,,,,,0,5.0,,,,,,,,,,,,,,,,,,,,CAP_FULL,,,,,,,,10.0,10.0,,,,,0,0,,,Inv: 10.0/10.0 CapLeft: 0.0,,,10.0,10.0,20.0,0.0
1765964021.8791497,btc-updown-15m-1765963800,1765963800.0,1765964700.0,,678.1208503246307,,,,,0,0,0.99,0.98,IDLE,,,,,,,,,,,,,,0,5.0,,,,,,,,,,,,,,,,,,,,CAP_FULL,,,,,,,,10.0,10.0,,,,,0,0,,,Inv: 10.0/10.0 CapLeft: 0.0,,,10.0,10.0,20.0,0.0
1765964023.829092,btc-updown-15m-1765963800,1765963800.0,1765964700.0,,676.1709079742432,,,,,0,0,0.99,0.98,IDLE,,,,,,,,,,,,,,0,5.0,,,,,,,,,,,,,,,,,,,,CAP_FULL,,,,,,,,10.0,10.0,,,,,0,0,,,Inv: 10.0/10.0 CapLeft: 0.0,,,10.0,10.0,20.0,0.0
1765964025.7522836,btc-updown-15m-1765963800,1765963800.0,1765964700.0,,674.2477164268494,,,,,0,0,0.99,0.98,IDLE,,,,,,,,,,,,,,0,5.0,,,,,,,,,,,,,,,,,,,,CAP_FULL,,,,,,,,10.0,10.0,,,,,0,0,,,Inv: 10.0/10.0 CapLeft: 0.0,,,10.0,10.0,20.0,0.0
1765964027.7174876,btc-updown-15m-1765963800,1765963800.0,1765964700.0,,672.2825124263763,,,,,0,0,0.99,0.98,IDLE,,,,,,,,,,,,,,0,5.0,,,,,,,,,,,,,,,,,,,,CAP_FULL,,,,,,,,10.0,10.0,,,,,0,0,,,Inv: 10.0/10.0 CapLeft: 0.0,,,10.0,10.0,20.0,0.0
1765964029.6704814,btc-updown-15m-1765963800,1765963800.0,1765964700.0,,670.3295185565948,,,,,0,0,0.98,0.98,IDLE,,,,,,,,,,,,,,0,5.0,,,,,,,,,,,,,,,,,,,,CAP_FULL,,,,,,,,10.0,10.0,,,,,0,0,,,Inv: 10.0/10.0 CapLeft: 0.0,,,10.0,10.0,20.0,0.0
1765964031.6329186,btc-updown-15m-1765963800,1765963800.0,1765964700.0,,668.3670814037323,,,,,0,0,0.99,0.98,IDLE,,,,,,,,,,,,,,0,5.0,,,,,,,,,,,,,,,,,,,,CAP_FULL,,,,,,,,10.0,10.0,,,,,0,0,,,Inv: 10.0/10.0 CapLeft: 0.0,,,10.0,10.0,20.0,0.0
1765964033.569796,btc-updown-15m-1765963800,1765963800.0,1765964700.0,,666.4302039146423,,,,,0,0,0.99,0.98,IDLE,,,,,,,,,,,,,,0,5.0,,,,,,,,,,,,,,,,,,,,CAP_FULL,,,,,,,,10.0,10.0,,,,,0,0,,,Inv: 10.0/10.0 CapLeft: 0.0,,,10.0,10.0,20.0,0.0
1765964035.5133975,btc-updown-15m-1765963800,1765963800.0,1765964700.0,,664.4866025447845,,,,,0,0,0.99,0.98,IDLE,,,,,,,,,,,,,,0,5.0,,,,,,,,,,,,,,,,,,,,CAP_FULL,,,,,,,,10.0,10.0,,,,,0,0,,,Inv: 10.0/10.0 CapLeft: 0.0,,,10.0,10.0,20.0,0.0
1765964037.4312296,btc-updown-15m-1765963800,1765963800.0,1765964700.0,,662.5687704086304,,,,,0,0,0.99,0.98,IDLE,,,,,,,,,,,,,,0,5.0,,,,,,,,,,,,,,,,,,,,CAP_FULL,,,,,,,,10.0,10.0,,,,,0,0,,,Inv: 10.0/10.0 CapLeft: 0.0,,,10.0,10.0,20.0,0.0
1765964039.3696482,btc-updown-15m-1765963800,1765963800.0,1765964700.0,,660.6303517818451,,,,,0,0,0.99,0.98,IDLE,,,,,,,,,,,,,,0,5.0,,,,,,,,,,,,,,,,,,,,CAP_FULL,,,,,,,,10.0,10.0,,,,,0,0,,,Inv: 10.0/10.0 CapLeft: 0.0,,,10.0,10.0,20.0,0.0
1765964041.331599,btc-updown-15m-1765963800,1765963800.0,1765964700.0,,658.6684010028839,,,,,0,0,0.99,0.98,IDLE,,,,,,,,,,,,,,0,5.0,,,,,,,,,,,,,,,,,,,,CAP_FULL,,,,,,,,10.0,10.0,,,,,0,0,,,Inv: 10.0/10.0 CapLeft: 0.0,,,10.0,10.0,20.0,0.0
1765964043.249614,btc-updown-15m-1765963800,1765963800.0,1765964700.0,,656.7503859996796,,,,,0,0,0.99,0.98,IDLE,,,,,,,,,,,,,,0,5.0,,,,,,,,,,,,,,,,,,,,CAP_FULL,,,,,,,,10.0,10.0,,,,,0,0,,,Inv: 10.0/10.0 CapLeft: 0.0,,,10.0,10.0,20.0,0.0
1765964045.1833303,btc-updown-15m-1765963800,1765963800.0,1765964700.0,,654.8166697025299,,,,,0,0,0.99,0.98,IDLE,,,,,,,,,,,,,,0,5.0,,,,,,,,,,,,,,,,,,,,CAP_FULL,,,,,,,,10.0,10.0,,,,,0,0,,,Inv: 10.0/10.0 CapLeft: 0.0,,,10.0,10.0,20.0,0.0
1765964047.1391382,btc-updown-15m-1765963800,1765963800.0,1765964700.0,,652.8608617782593,,,,,0,0,0.99,0.98,IDLE,,,,,,,,,,,,,,0,5.0,,,,,,,,,,,,,,,,,,,,CAP_FULL,,,,,,,,10.0,10.0,,,,,0,0,,,Inv: 10.0/10.0 CapLeft: 0.0,,,10.0,10.0,20.0,0.0
1765964049.0585349,btc-updown-15m-1765963800,1765963800.0,1765964700.0,,650.941465139389,,,,,0,0,0.99,0.98,IDLE,,,,,,,,,,,,,,0,5.0,,,,,,,,,,,,,,,,,,,,CAP_FULL,,,,,,,,10.0,10.0,,,,,0,0,,,Inv: 10.0/10.0 CapLeft: 0.0,,,10.0,10.0,20.0,0.0
1765964050.9781685,btc-updown-15m-1765963800,1765963800.0,1765964700.0,,649.0218315124512,,,,,0,0,0.98,0.98,IDLE,,,,,,,,,,,,,,0,5.0,,,,,,,,,,,,,,,,,,,,CAP_FULL,,,,,,,,10.0,10.0,,,,,0,0,,,Inv: 10.0/10.0 CapLeft: 0.0,,,10.0,10.0,20.0,0.0
1765964052.8983579,btc-updown-15m-1765963800,1765963800.0,1765964700.0,,647.1016421318054,,,,,0,0,0.99,0.98,IDLE,,,,,,,,,,,,,,0,5.0,,,,,,,,,,,,,,,,,,,,CAP_FULL,,,,,,,,10.0,10.0,,,,,0,0,,,Inv: 10.0/10.0 CapLeft: 0.0,,,10.0,10.0,20.0,0.0
1765964054.8425517,btc-updown-15m-1765963800,1765963800.0,1765964700.0,,645.1574482917786,,,,,0,0,0.99,0.98,IDLE,,,,,,,,,,,,,,0,5.0,,,,,,,,,,,,,,,,,,,,CAP_FULL,,,,,,,,10.0,10.0,,,,,0,0,,,Inv: 10.0/10.0 CapLeft: 0.0,,,10.0,10.0,20.0,0.0
1765964056.7735934,btc-updown-15m-1765963800,1765963800.0,1765964700.0,,643.2264065742493,,,,,0,0,0.99,0.98,IDLE,,,,,,,,,,,,,,0,5.0,,,,,,,,,,,,,,,,,,,,CAP_FULL,,,,,,,,10.0,10.0,,,,,0,0,,,Inv: 10.0/10.0 CapLeft: 0.0,,,10.0,10.0,20.0,0.0
1765964058.71187,btc-updown-15m-1765963800,1765963800.0,1765964700.0,,641.2881300449371,,,,,0,0,0.99,0.98,IDLE,,,,,,,,,,,,,,0,5.0,,,,,,,,,,,,,,,,,,,,CAP_FULL,,,,,,,,10.0,10.0,,,,,0,0,,,Inv: 10.0/10.0 CapLeft: 0.0,,,10.0,10.0,20.0,0.0
1765964060.6421125,btc-updown-15m-1765963800,1765963800.0,1765964700.0,,639.357887506485,,,,,0,0,0.99,0.98,IDLE,,,,,,,,,,,,,,0,5.0,,,,,,,,,,,,,,,,,,,,CAP_FULL,,,,,,,,10.0,10.0,,,,,0,0,,,Inv: 10.0/10.0 CapLeft: 0.0,,,10.0,10.0,20.0,0.0
1765964062.5698137,btc-updown-15m-1765963800,1765963800.0,1765964700.0,,637.4301862716675,,,,,0,0,0.98,0.98,IDLE,,,,,,,,,,,,,,0,5.0,,,,,,,,,,,,,,,,,,,,CAP_FULL,,,,,,,,10.0,10.0,,,,,0,0,,,Inv: 10.0/10.0 CapLeft: 0.0,,,10.0,10.0,20.0,0.0
1765964064.583819,btc-updown-15m-1765963800,1765963800.0,1765964700.0,,635.4161810874939,,,,,0,0,0.98,0.98,IDLE,,,,,,,,,,,,,,0,5.0,,,,,,,,,,,,,,,,,,,,CAP_FULL,,,,,,,,10.0,10.0,,,,,0,0,,,Inv: 10.0/10.0 CapLeft: 0.0,,,10.0,10.0,20.0,0.0
1765964066.5110877,btc-updown-15m-1765963800,1765963800.0,1765964700.0,,633.4889123439789,,,,,0,0,0.99,0.98,IDLE,,,,,,,,,,,,,,0,5.0,,,,,,,,,,,,,,,,,,,,CAP_FULL,,,,,,,,10.0,10.0,,,,,0,0,,,Inv: 10.0/10.0 CapLeft: 0.0,,,10.0,10.0,20.0,0.0
1765964068.446554,btc-updown-15m-1765963800,1765963800.0,1765964700.0,,631.5534460544586,,,,,0,0,0.98,0.98,IDLE,,,,,,,,,,,,,,0,5.0,,,,,,,,,,,,,,,,,,,,CAP_FULL,,,,,,,,10.0,10.0,,,,,0,0,,,Inv: 10.0/10.0 CapLeft: 0.0,,,10.0,10.0,20.0,0.0
1765964070.376241,btc-updown-15m-1765963800,1765963800.0,1765964700.0,,629.6237590312958,,,,,0,0,0.99,0.98,IDLE,,,,,,,,,,,,,,0,5.0,,,,,,,,,,,,,,,,,,,,CAP_FULL,,,,,,,,10.0,10.0,,,,,0,0,,,Inv: 10.0/10.0 CapLeft: 0.0,,,10.0,10.0,20.0,0.0
1765964072.3145611,btc-updown-15m-1765963800,1765963800.0,1765964700.0,,627.6854388713837,,,,,0,0,0.99,0.98,IDLE,,,,,,,,,,,,,,0,5.0,,,,,,,,,,,,,,,,,,,,CAP_FULL,,,,,,,,10.0,10.0,,,,,0,0,,,Inv: 10.0/10.0 CapLeft: 0.0,,,10.0,10.0,20.0,0.0
1765964074.2375085,btc-updown-15m-1765963800,1765963800.0,1765964700.0,,625.7624914646149,,,,,0,0,0.99,0.98,IDLE,,,,,,,,,,,,,,0,5.0,,,,,,,,,,,,,,,,,,,,CAP_FULL,,,,,,,,10.0,10.0,,,,,0,0,,,Inv: 10.0/10.0 CapLeft: 0.0,,,10.0,10.0,20.0,0.0
1765964076.1621609,btc-updown-15m-1765963800,1765963800.0,1765964700.0,,623.8378391265869,,,,,0,0,0.96,0.98,IDLE,,,,,,,,,,,,,,0,5.0,,,,,,,,,,,,,,,,,,,,CAP_FULL,,,,,,,,10.0,10.0,,,,,0,0,,,Inv: 10.0/10.0 CapLeft: 0.0,,,10.0,10.0,20.0,0.0
1765964078.1042655,btc-updown-15m-1765963800,1765963800.0,1765964700.0,,621.8957345485687,,,,,0,0,0.98,0.98,IDLE,,,,,,,,,,,,,,0,5.0,,,,,,,,,,,,,,,,,,,,CAP_FULL,,,,,,,,10.0,10.0,,,,,0,0,,,Inv: 10.0/10.0 CapLeft: 0.0,,,10.0,10.0,20.0,0.0
1765964080.060726,btc-updown-15m-1765963800,1765963800.0,1765964700.0,,619.9392740726471,,,,,0,0,0.99,0.98,IDLE,,,,,,,,,,,,,,0,5.0,,,,,,,,,,,,,,,,,,,,CAP_FULL,,,,,,,,10.0,10.0,,,,,0,0,,,Inv: 10.0/10.0 CapLeft: 0.0,,,10.0,10.0,20.0,0.0
1765964081.9891024,btc-updown-15m-1765963800,1765963800.0,1765964700.0,,618.0108976364136,,,,,0,0,0.98,0.98,IDLE,,,,,,,,,,,,,,0,5.0,,,,,,,,,,,,,,,,,,,,CAP_FULL,,,,,,,,10.0,10.0,,,,,0,0,,,Inv: 10.0/10.0 CapLeft: 0.0,,,10.0,10.0,20.0,0.0
1765964083.9215212,btc-updown-15m-1765963800,1765963800.0,1765964700.0,,616.0784788131714,,,,,0,0,0.99,0.98,IDLE,,,,,,,,,,,,,,0,5.0,,,,,,,,,,,,,,,,,,,,CAP_FULL,,,,,,,,10.0,10.0,,,,,0,0,,,Inv: 10.0/10.0 CapLeft: 0.0,,,10.0,10.0,20.0,0.0
1765964085.8576367,btc-updown-15m-1765963800,1765963800.0,1765964700.0,,614.1423633098602,,,,,0,0,0.99,0.98,IDLE,,,,,,,,,,,,,,0,5.0,,,,,,,,,,,,,,,,,,,,CAP_FULL,,,,,,,,10.0,10.0,,,,,0,0,,,Inv: 10.0/10.0 CapLeft: 0.0,,,10.0,10.0,20.0,0.0
1765964087.8199203,btc-updown-15m-1765963800,1765963800.0,1765964700.0,,612.1800796985626,,,,,0,0,0.99,0.98,IDLE,,,,,,,,,,,,,,0,5.0,,,,,,,,,,,,,,,,,,,,CAP_FULL,,,,,,,,10.0,10.0,,,,,0,0,,,Inv: 10.0/10.0 CapLeft: 0.0,,,10.0,10.0,20.0,0.0
1765964089.759525,btc-updown-15m-1765963800,1765963800.0,1765964700.0,,610.2404749393463,,,,,0,0,0.99,0.98,IDLE,,,,,,,,,,,,,,0,5.0,,,,,,,,,,,,,,,,,,,,CAP_FULL,,,,,,,,10.0,10.0,,,,,0,0,,,Inv: 10.0/10.0 CapLeft: 0.0,,,10.0,10.0,20.0,0.0
1765964091.6870468,btc-updown-15m-1765963800,1765963800.0,1765964700.0,,608.3129532337189,,,,,0,0,0.99,0.98,IDLE,,,,,,,,,,,,,,0,5.0,,,,,,,,,,,,,,,,,,,,CAP_FULL,,,,,,,,10.0,10.0,,,,,0,0,,,Inv: 10.0/10.0 CapLeft: 0.0,,,10.0,10.0,20.0,0.0
1765964093.6266422,btc-updown-15m-1765963800,1765963800.0,1765964700.0,,606.3733577728271,,,,,0,0,1.0,0.98,IDLE,,,,,,,,,,,,,,0,5.0,,,,,,,,,,,,,,,,,,,,CAP_FULL,,,,,,,,10.0,10.0,,,,,0,0,,,Inv: 10.0/10.0 CapLeft: 0.0,,,10.0,10.0,20.0,0.0
1765964095.55204,btc-updown-15m-1765963800,1765963800.0,1765964700.0,,604.4479598999023,,,,,0,0,0.98,0.98,IDLE,,,,,,,,,,,,,,0,5.0,,,,,,,,,,,,,,,,,,,,CAP_FULL,,,,,,,,10.0,10.0,,,,,0,0,,,Inv: 10.0/10.0 CapLeft: 0.0,,,10.0,10.0,20.0,0.0
1765964097.491292,btc-updown-15m-1765963800,1765963800.0,1765964700.0,,602.5087080001831,,,,,0,0,0.99,0.98,IDLE,,,,,,,,,,,,,,0,5.0,,,,,,,,,,,,,,,,,,,,CAP_FULL,,,,,,,,10.0,10.0,,,,,0,0,,,Inv: 10.0/10.0 CapLeft: 0.0,,,10.0,10.0,20.0,0.0
1765964099.4218156,btc-updown-15m-1765963800,1765963800.0,1765964700.0,,600.5781843662262,,,,,0,0,0.99,0.98,IDLE,,,,,,,,,,,,,,0,5.0,,,,,,,,,,,,,,,,,,,,CAP_FULL,,,,,,,,10.0,10.0,,,,,0,0,,,Inv: 10.0/10.0 CapLeft: 0.0,,,10.0,10.0,20.0,0.0
1765964101.348698,btc-updown-15m-1765963800,1765963800.0,1765964700.0,,598.6513020992279,,,,,0,0,0.99,0.98,IDLE,,,,,,,,,,,,,,0,5.0,,,,,,,,,,,,,,,,,,,,CAP_FULL,,,,,,,,10.0,10.0,,,,,0,0,,,Inv: 10.0/10.0 CapLeft: 0.0,,,10.0,10.0,20.0,0.0
1765964103.3079135,btc-updown-15m-1765963800,1765963800.0,1765964700.0,,596.6920864582062,,,,,0,0,1.01,0.98,IDLE,,,,,,,,,,,,,,0,5.0,,,,,,,,,,,,,,,,,,,,CAP_FULL,,,,,,,,10.0,10.0,,,,,0,0,,,Inv: 10.0/10.0 CapLeft: 0.0,,,10.0,10.0,20.0,0.0
1765964105.2469978,btc-updown-15m-1765963800,1765963800.0,1765964700.0,,594.753002166748,,,,,0,0,0.99,0.98,IDLE,,,,,,,,,,,,,,0,5.0,,,,,,,,,,,,,,,,,,,,CAP_FULL,,,,,,,,10.0,10.0,,,,,0,0,,,Inv: 10.0/10.0 CapLeft: 0.0,,,10.0,10.0,20.0,0.0
1765964107.1781924,btc-updown-15m-1765963800,1765963800.0,1765964700.0,,592.8218076229095,,,,,0,0,0.99,0.98,IDLE,,,,,,,,,,,,,,0,5.0,,,,,,,,,,,,,,,,,,,,CAP_FULL,,,,,,,,10.0,10.0,,,,,0,0,,,Inv: 10.0/10.0 CapLeft: 0.0,,,10.0,10.0,20.0,0.0
1765964109.1027448,btc-updown-15m-1765963800,1765963800.0,1765964700.0,,590.8972551822662,,,,,0,0,0.99,0.98,IDLE,,,,,,,,,,,,,,0,5.0,,,,,,,,,,,,,,,,,,,,CAP_FULL,,,,,,,,10.0,10.0,,,,,0,0,,,Inv: 10.0/10.0 CapLeft: 0.0,,,10.0,10.0,20.0,0.0
1765964111.0451317,btc-updown-15m-1765963800,1765963800.0,1765964700.0,,588.9548683166504,,,,,0,0,0.98,0.98,IDLE,,,,,,,,,,,,,,0,5.0,,,,,,,,,,,,,,,,,,,,CAP_FULL,,,,,,,,10.0,10.0,,,,,0,0,,,Inv: 10.0/10.0 CapLeft: 0.0,,,10.0,10.0,20.0,0.0
1765964112.9776013,btc-updown-15m-1765963800,1765963800.0,1765964700.0,,587.0223987102509,,,,,0,0,0.99,0.98,IDLE,,,,,,,,,,,,,,0,5.0,,,,,,,,,,,,,,,,,,,,CAP_FULL,,,,,,,,10.0,10.0,,,,,0,0,,,Inv: 10.0/10.0 CapLeft: 0.0,,,10.0,10.0,20.0,0.0
1765964114.9065328,btc-updown-15m-1765963800,1765963800.0,1765964700.0,,585.0934672355652,,,,,0,0,0.98,0.98,IDLE,,,,,,,,,,,,,,0,5.0,,,,,,,,,,,,,,,,,,,,CAP_FULL,,,,,,,,10.0,10.0,,,,,0,0,,,Inv: 10.0/10.0 CapLeft: 0.0,,,10.0,10.0,20.0,0.0
1765964116.8421624,btc-updown-15m-1765963800,1765963800.0,1765964700.0,,583.1578376293182,,,,,0,0,0.99,0.98,IDLE,,,,,,,,,,,,,,0,5.0,,,,,,,,,,,,,,,,,,,,CAP_FULL,,,,,,,,10.0,10.0,,,,,0,0,,,Inv: 10.0/10.0 CapLeft: 0.0,,,10.0,10.0,20.0,0.0
1765964118.7669957,btc-updown-15m-1765963800,1765963800.0,1765964700.0,,581.2330043315887,,,,,0,0,0.99,0.98,IDLE,,,,,,,,,,,,,,0,5.0,,,,,,,,,,,,,,,,,,,,CAP_FULL,,,,,,,,10.0,10.0,,,,,0,0,,,Inv: 10.0/10.0 CapLeft: 0.0,,,10.0,10.0,20.0,0.0
1765964120.7274787,btc-updown-15m-1765963800,1765963800.0,1765964700.0,,579.2725212574005,,,,,0,0,0.99,0.98,IDLE,,,,,,,,,,,,,,0,5.0,,,,,,,,,,,,,,,,,,,,CAP_FULL,,,,,,,,10.0,10.0,,,,,0,0,,,Inv: 10.0/10.0 CapLeft: 0.0,,,10.0,10.0,20.0,0.0
1765964122.7058666,btc-updown-15m-1765963800,1765963800.0,1765964700.0,,577.2941334247589,,,,,0,0,0.98,0.98,IDLE,,,,,,,,,,,,,,0,5.0,,,,,,,,,,,,,,,,,,,,CAP_FULL,,,,,,,,10.0,10.0,,,,,0,0,,,Inv: 10.0/10.0 CapLeft: 0.0,,,10.0,10.0,20.0,0.0
1765964124.6270883,btc-updown-15m-1765963800,1765963800.0,1765964700.0,,575.3729116916656,,,,,0,0,0.99,0.98,IDLE,,,,,,,,,,,,,,0,5.0,,,,,,,,,,,,,,,,,,,,CAP_FULL,,,,,,,,10.0,10.0,,,,,0,0,,,Inv: 10.0/10.0 CapLeft: 0.0,,,10.0,10.0,20.0,0.0
1765964126.5562222,btc-updown-15m-1765963800,1765963800.0,1765964700.0,,573.4437777996063,,,,,0,0,0.99,0.98,IDLE,,,,,,,,,,,,,,0,5.0,,,,,,,,,,,,,,,,,,,,CAP_FULL,,,,,,,,10.0,10.0,,,,,0,0,,,Inv: 10.0/10.0 CapLeft: 0.0,,,10.0,10.0,20.0,0.0
1765964128.4827588,btc-updown-15m-1765963800,1765963800.0,1765964700.0,,571.5172412395477,,,,,0,0,0.98,0.98,IDLE,,,,,,,,,,,,,,0,5.0,,,,,,,,,,,,,,,,,,,,CAP_FULL,,,,,,,,10.0,10.0,,,,,0,0,,,Inv: 10.0/10.0 CapLeft: 0.0,,,10.0,10.0,20.0,0.0
1765964130.4085975,btc-updown-15m-1765963800,1765963800.0,1765964700.0,,569.5914025306702,,,,,0,0,0.99,0.98,IDLE,,,,,,,,,,,,,,0,5.0,,,,,,,,,,,,,,,,,,,,CAP_FULL,,,,,,,,10.0,10.0,,,,,0,0,,,Inv: 10.0/10.0 CapLeft: 0.0,,,10.0,10.0,20.0,0.0
1765964132.3614085,btc-updown-15m-1765963800,1765963800.0,1765964700.0,,567.6385915279388,,,,,0,0,1.01,0.98,IDLE,,,,,,,,,,,,,,0,5.0,,,,,,,,,,,,,,,,,,,,CAP_FULL,,,,,,,,10.0,10.0,,,,,0,0,,,Inv: 10.0/10.0 CapLeft: 0.0,,,10.0,10.0,20.0,0.0
1765964134.3178446,btc-updown-15m-1765963800,1765963800.0,1765964700.0,,565.6821553707123,,,,,0,0,0.99,0.98,IDLE,,,,,,,,,,,,,,0,5.0,,,,,,,,,,,,,,,,,,,,CAP_FULL,,,,,,,,10.0,10.0,,,,,0,0,,,Inv: 10.0/10.0 CapLeft: 0.0,,,10.0,10.0,20.0,0.0
1765964136.2486029,btc-updown-15m-1765963800,1765963800.0,1765964700.0,,563.7513971328735,,,,,0,0,0.99,0.98,IDLE,,,,,,,,,,,,,,0,5.0,,,,,,,,,,,,,,,,,,,,CAP_FULL,,,,,,,,10.0,10.0,,,,,0,0,,,Inv: 10.0/10.0 CapLeft: 0.0,,,10.0,10.0,20.0,0.0
1765964138.1839669,btc-updown-15m-1765963800,1765963800.0,1765964700.0,,561.8160331249237,,,,,0,0,0.98,0.98,IDLE,,,,,,,,,,,,,,0,5.0,,,,,,,,,,,,,,,,,,,,CAP_FULL,,,,,,,,10.0,10.0,,,,,0,0,,,Inv: 10.0/10.0 CapLeft: 0.0,,,10.0,10.0,20.0,0.0
1765964140.1269603,btc-updown-15m-1765963800,1765963800.0,1765964700.0,,559.8730397224426,,,,,0,0,0.97,0.98,IDLE,,,,,,,,,,,,,,0,5.0,,,,,,,,,,,,,,,,,,,,CAP_FULL,,,,,,,,10.0,10.0,,,,,0,0,,,Inv: 10.0/10.0 CapLeft: 0.0,,,10.0,10.0,20.0,0.0
1765964142.0579429,btc-updown-15m-1765963800,1765963800.0,1765964700.0,,557.942057132721,,,,,0,0,0.99,0.98,IDLE,,,,,,,,,,,,,,0,5.0,,,,,,,,,,,,,,,,,,,,CAP_FULL,,,,,,,,10.0,10.0,,,,,0,0,,,Inv: 10.0/10.0 CapLeft: 0.0,,,10.0,10.0,20.0,0.0
1765964143.9915557,btc-updown-15m-1765963800,1765963800.0,1765964700.0,,556.0084443092346,,,,,0,0,0.99,0.98,IDLE,,,,,,,,,,,,,,0,5.0,,,,,,,,,,,,,,,,,,,,CAP_FULL,,,,,,,,10.0,10.0,,,,,0,0,,,Inv: 10.0/10.0 CapLeft: 0.0,,,10.0,10.0,20.0,0.0
1765964145.9288373,btc-updown-15m-1765963800,1765963800.0,1765964700.0,,554.0711627006531,,,,,0,0,0.99,0.98,IDLE,,,,,,,,,,,,,,0,5.0,,,,,,,,,,,,,,,,,,,,CAP_FULL,,,,,,,,10.0,10.0,,,,,0,0,,,Inv: 10.0/10.0 CapLeft: 0.0,,,10.0,10.0,20.0,0.0
1765964147.8533084,btc-updown-15m-1765963800,1765963800.0,1765964700.0,,552.1466915607452,,,,,0,0,0.99,0.98,IDLE,,,,,,,,,,,,,,0,5.0,,,,,,,,,,,,,,,,,,,,CAP_FULL,,,,,,,,10.0,10.0,,,,,0,0,,,Inv: 10.0/10.0 CapLeft: 0.0,,,10.0,10.0,20.0,0.0
1765964149.8157647,btc-updown-15m-1765963800,1765963800.0,1765964700.0,,550.1842353343964,,,,,0,0,0.98,0.98,IDLE,,,,,,,,,,,,,,0,5.0,,,,,,,,,,,,,,,,,,,,CAP_FULL,,,,,,,,10.0,10.0,,,,,0,0,,,Inv: 10.0/10.0 CapLeft: 0.0,,,10.0,10.0,20.0,0.0
1765964151.766577,btc-updown-15m-1765963800,1765963800.0,1765964700.0,,548.2334229946136,,,,,0,0,1.0,0.98,IDLE,,,,,,,,,,,,,,0,5.0,,,,,,,,,,,,,,,,,,,,CAP_FULL,,,,,,,,10.0,10.0,,,,,0,0,,,Inv: 10.0/10.0 CapLeft: 0.0,,,10.0,10.0,20.0,0.0
1765964153.7110953,btc-updown-15m-1765963800,1765963800.0,1765964700.0,,546.2889046669006,,,,,0,0,0.99,0.98,IDLE,,,,,,,,,,,,,,0,5.0,,,,,,,,,,,,,,,,,,,,CAP_FULL,,,,,,,,10.0,10.0,,,,,0,0,,,Inv: 10.0/10.0 CapLeft: 0.0,,,10.0,10.0,20.0,0.0
1765964155.6621869,btc-updown-15m-1765963800,1765963800.0,1765964700.0,,544.3378131389618,,,,,0,0,0.98,0.98,IDLE,,,,,,,,,,,,,,0,5.0,,,,,,,,,,,,,,,,,,,,CAP_FULL,,,,,,,,10.0,10.0,,,,,0,0,,,Inv: 10.0/10.0 CapLeft: 0.0,,,10.0,10.0,20.0,0.0
1765964157.5880585,btc-updown-15m-1765963800,1765963800.0,1765964700.0,,542.4119415283203,,,,,0,0,0.98,0.98,IDLE,,,,,,,,,,,,,,0,5.0,,,,,,,,,,,,,,,,,,,,CAP_FULL,,,,,,,,10.0,10.0,,,,,0,0,,,Inv: 10.0/10.0 CapLeft: 0.0,,,10.0,10.0,20.0,0.0
1765964159.5259995,btc-updown-15m-1765963800,1765963800.0,1765964700.0,,540.474000453949,,,,,0,0,0.99,0.98,IDLE,,,,,,,,,,,,,,0,5.0,,,,,,,,,,,,,,,,,,,,CAP_FULL,,,,,,,,10.0,10.0,,,,,0,0,,,Inv: 10.0/10.0 CapLeft: 0.0,,,10.0,10.0,20.0,0.0
1765964161.4554381,btc-updown-15m-1765963800,1765963800.0,1765964700.0,,538.5445618629456,,,,,0,0,0.99,0.98,IDLE,,,,,,,,,,,,,,0,5.0,,,,,,,,,,,,,,,,,,,,CAP_FULL,,,,,,,,10.0,10.0,,,,,0,0,,,Inv: 10.0/10.0 CapLeft: 0.0,,,10.0,10.0,20.0,0.0
1765964163.403593,btc-updown-15m-1765963800,1765963800.0,1765964700.0,,536.5964069366455,,,,,0,0,0.99,0.98,IDLE,,,,,,,,,,,,,,0,5.0,,,,,,,,,,,,,,,,,,,,CAP_FULL,,,,,,,,10.0,10.0,,,,,0,0,,,Inv: 10.0/10.0 CapLeft: 0.0,,,10.0,10.0,20.0,0.0
1765964165.3354044,btc-updown-15m-1765963800,1765963800.0,1765964700.0,,534.6645956039429,,,,,0,0,0.99,0.98,IDLE,,,,,,,,,,,,,,0,5.0,,,,,,,,,,,,,,,,,,,,CAP_FULL,,,,,,,,10.0,10.0,,,,,0,0,,,Inv: 10.0/10.0 CapLeft: 0.0,,,10.0,10.0,20.0,0.0
1765964167.2766387,btc-updown-15m-1765963800,1765963800.0,1765964700.0,,532.7233612537384,,,,,0,0,0.99,0.98,IDLE,,,,,,,,,,,,,,0,5.0,,,,,,,,,,,,,,,,,,,,CAP_FULL,,,,,,,,10.0,10.0,,,,,0,0,,,Inv: 10.0/10.0 CapLeft: 0.0,,,10.0,10.0,20.0,0.0
1765964169.2177413,btc-updown-15m-1765963800,1765963800.0,1765964700.0,,530.7822587490082,,,,,0,0,0.99,0.98,IDLE,,,,,,,,,,,,,,0,5.0,,,,,,,,,,,,,,,,,,,,CAP_FULL,,,,,,,,10.0,10.0,,,,,0,0,,,Inv: 10.0/10.0 CapLeft: 0.0,,,10.0,10.0,20.0,0.0
1765964171.146644,btc-updown-15m-1765963800,1765963800.0,1765964700.0,,528.853355884552,,,,,0,0,0.99,0.98,IDLE,,,,,,,,,,,,,,0,5.0,,,,,,,,,,,,,,,,,,,,CAP_FULL,,,,,,,,10.0,10.0,,,,,0,0,,,Inv: 10.0/10.0 CapLeft: 0.0,,,10.0,10.0,20.0,0.0
1765964173.0765617,btc-updown-15m-1765963800,1765963800.0,1765964700.0,,526.9234383106232,,,,,0,0,1.01,0.98,IDLE,,,,,,,,,,,,,,0,5.0,,,,,,,,,,,,,,,,,,,,CAP_FULL,,,,,,,,10.0,10.0,,,,,0,0,,,Inv: 10.0/10.0 CapLeft: 0.0,,,10.0,10.0,20.0,0.0
1765964175.018497,btc-updown-15m-1765963800,1765963800.0,1765964700.0,,524.9815030097961,,,,,0,0,0.99,0.98,IDLE,,,,,,,,,,,,,,0,5.0,,,,,,,,,,,,,,,,,,,,CAP_FULL,,,,,,,,10.0,10.0,,,,,0,0,,,Inv: 10.0/10.0 CapLeft: 0.0,,,10.0,10.0,20.0,0.0
1765964176.989159,btc-updown-15m-1765963800,1765963800.0,1765964700.0,,523.0108408927917,,,,,0,0,0.99,0.98,IDLE,,,,,,,,,,,,,,0,5.0,,,,,,,,,,,,,,,,,,,,CAP_FULL,,,,,,,,10.0,10.0,,,,,0,0,,,Inv: 10.0/10.0 CapLeft: 0.0,,,10.0,10.0,20.0,0.0
1765964178.9087126,btc-updown-15m-1765963800,1765963800.0,1765964700.0,,521.0912873744965,,,,,0,0,0.99,0.98,IDLE,,,,,,,,,,,,,,0,5.0,,,,,,,,,,,,,,,,,,,,CAP_FULL,,,,,,,,10.0,10.0,,,,,0,0,,,Inv: 10.0/10.0 CapLeft: 0.0,,,10.0,10.0,20.0,0.0
1765964180.8313713,btc-updown-15m-1765963800,1765963800.0,1765964700.0,,519.168628692627,,,,,0,0,0.99,0.98,IDLE,,,,,,,,,,,,,,0,5.0,,,,,,,,,,,,,,,,,,,,CAP_FULL,,,,,,,,10.0,10.0,,,,,0,0,,,Inv: 10.0/10.0 CapLeft: 0.0,,,10.0,10.0,20.0,0.0
1765964182.7592132,btc-updown-15m-1765963800,1765963800.0,1765964700.0,,517.2407867908478,,,,,0,0,0.98,0.98,IDLE,,,,,,,,,,,,,,0,5.0,,,,,,,,,,,,,,,,,,,,CAP_FULL,,,,,,,,10.0,10.0,,,,,0,0,,,Inv: 10.0/10.0 CapLeft: 0.0,,,10.0,10.0,20.0,0.0
1765964184.7072363,btc-updown-15m-1765963800,1765963800.0,1765964700.0,,515.292763710022,,,,,0,0,0.98,0.98,IDLE,,,,,,,,,,,,,,0,5.0,,,,,,,,,,,,,,,,,,,,CAP_FULL,,,,,,,,10.0,10.0,,,,,0,0,,,Inv: 10.0/10.0 CapLeft: 0.0,,,10.0,10.0,20.0,0.0
1765964186.6492598,btc-updown-15m-1765963800,1765963800.0,1765964700.0,,513.3507401943207,,,,,0,0,0.99,0.98,IDLE,,,,,,,,,,,,,,0,5.0,,,,,,,,,,,,,,,,,,,,CAP_FULL,,,,,,,,10.0,10.0,,,,,0,0,,,Inv: 10.0/10.0 CapLeft: 0.0,,,10.0,10.0,20.0,0.0
1765964188.5828197,btc-updown-15m-1765963800,1765963800.0,1765964700.0,,511.4171802997589,,,,,0,0,0.99,0.98,IDLE,,,,,,,,,,,,,,0,5.0,,,,,,,,,,,,,,,,,,,,CAP_FULL,,,,,,,,10.0,10.0,,,,,0,0,,,Inv: 10.0/10.0 CapLeft: 0.0,,,10.0,10.0,20.0,0.0
1765964190.5155418,btc-updown-15m-1765963800,1765963800.0,1765964700.0,,509.4844582080841,,,,,0,0,0.98,0.98,IDLE,,,,,,,,,,,,,,0,5.0,,,,,,,,,,,,,,,,,,,,CAP_FULL,,,,,,,,10.0,10.0,,,,,0,0,,,Inv: 10.0/10.0 CapLeft: 0.0,,,10.0,10.0,20.0,0.0
1765964192.4438617,btc-updown-15m-1765963800,1765963800.0,1765964700.0,,507.55613827705383,,,,,0,0,0.99,0.98,IDLE,,,,,,,,,,,,,,0,5.0,,,,,,,,,,,,,,,,,,,,CAP_FULL,,,,,,,,10.0,10.0,,,,,0,0,,,Inv: 10.0/10.0 CapLeft: 0.0,,,10.0,10.0,20.0,0.0
1765964194.4292529,btc-updown-15m-1765963800,1765963800.0,1765964700.0,,505.5707471370697,,,,,0,0,0.98,0.98,IDLE,,,,,,,,,,,,,,0,5.0,,,,,,,,,,,,,,,,,,,,CAP_FULL,,,,,,,,10.0,10.0,,,,,0,0,,,Inv: 10.0/10.0 CapLeft: 0.0,,,10.0,10.0,20.0,0.0
1765964196.3548996,btc-updown-15m-1765963800,1765963800.0,1765964700.0,,503.6451003551483,,,,,0,0,0.99,0.98,IDLE,,,,,,,,,,,,,,0,5.0,,,,,,,,,,,,,,,,,,,,CAP_FULL,,,,,,,,10.0,10.0,,,,,0,0,,,Inv: 10.0/10.0 CapLeft: 0.0,,,10.0,10.0,20.0,0.0
1765964198.3086135,btc-updown-15m-1765963800,1765963800.0,1765964700.0,,501.69138646125793,,,,,0,0,0.99,0.98,IDLE,,,,,,,,,,,,,,0,5.0,,,,,,,,,,,,,,,,,,,,CAP_FULL,,,,,,,,10.0,10.0,,,,,0,0,,,Inv: 10.0/10.0 CapLeft: 0.0,,,10.0,10.0,20.0,0.0
1765964200.2307796,btc-updown-15m-1765963800,1765963800.0,1765964700.0,,499.76922035217285,,,,,0,0,0.99,0.98,IDLE,,,,,,,,,,,,,,0,5.0,,,,,,,,,,,,,,,,,,,,CAP_FULL,,,,,,,,10.0,10.0,,,,,0,0,,,Inv: 10.0/10.0 CapLeft: 0.0,,,10.0,10.0,20.0,0.0
1765964202.150501,btc-updown-15m-1765963800,1765963800.0,1765964700.0,,497.8494989871979,,,,,0,0,0.99,0.98,IDLE,,,,,,,,,,,,,,0,5.0,,,,,,,,,,,,,,,,,,,,CAP_FULL,,,,,,,,10.0,10.0,,,,,0,0,,,Inv: 10.0/10.0 CapLeft: 0.0,,,10.0,10.0,20.0,0.0
1765964204.076215,btc-updown-15m-1765963800,1765963800.0,1765964700.0,,495.9237849712372,,,,,0,0,0.98,0.98,IDLE,,,,,,,,,,,,,,0,5.0,,,,,,,,,,,,,,,,,,,,CAP_FULL,,,,,,,,10.0,10.0,,,,,0,0,,,Inv: 10.0/10.0 CapLeft: 0.0,,,10.0,10.0,20.0,0.0
1765964206.0126872,btc-updown-15m-1765963800,1765963800.0,1765964700.0,,493.9873127937317,,,,,0,0,0.98,0.98,IDLE,,,,,,,,,,,,,,0,5.0,,,,,,,,,,,,,,,,,,,,CAP_FULL,,,,,,,,10.0,10.0,,,,,0,0,,,Inv: 10.0/10.0 CapLeft: 0.0,,,10.0,10.0,20.0,0.0
1765964207.9502327,btc-updown-15m-1765963800,1765963800.0,1765964700.0,,492.0497672557831,,,,,0,0,0.99,0.98,IDLE,,,,,,,,,,,,,,0,5.0,,,,,,,,,,,,,,,,,,,,CAP_FULL,,,,,,,,10.0,10.0,,,,,0,0,,,Inv: 10.0/10.0 CapLeft: 0.0,,,10.0,10.0,20.0,0.0
1765964209.881211,btc-updown-15m-1765963800,1765963800.0,1765964700.0,,490.1187889575958,,,,,0,0,0.99,0.98,IDLE,,,,,,,,,,,,,,0,5.0,,,,,,,,,,,,,,,,,,,,CAP_FULL,,,,,,,,10.0,10.0,,,,,0,0,,,Inv: 10.0/10.0 CapLeft: 0.0,,,10.0,10.0,20.0,0.0
1765964211.8118875,btc-updown-15m-1765963800,1765963800.0,1765964700.0,,488.1881124973297,,,,,0,0,0.99,0.98,IDLE,,,,,,,,,,,,,,0,5.0,,,,,,,,,,,,,,,,,,,,CAP_FULL,,,,,,,,10.0,10.0,,,,,0,0,,,Inv: 10.0/10.0 CapLeft: 0.0,,,10.0,10.0,20.0,0.0
1765964213.7334838,btc-updown-15m-1765963800,1765963800.0,1765964700.0,,486.2665162086487,,,,,0,0,0.99,0.98,IDLE,,,,,,,,,,,,,,0,5.0,,,,,,,,,,,,,,,,,,,,CAP_FULL,,,,,,,,10.0,10.0,,,,,0,0,,,Inv: 10.0/10.0 CapLeft: 0.0,,,10.0,10.0,20.0,0.0
1765964215.673119,btc-updown-15m-1765963800,1765963800.0,1765964700.0,,484.32688093185425,,,,,0,0,0.99,0.98,IDLE,,,,,,,,,,,,,,0,5.0,,,,,,,,,,,,,,,,,,,,CAP_FULL,,,,,,,,10.0,10.0,,,,,0,0,,,Inv: 10.0/10.0 CapLeft: 0.0,,,10.0,10.0,20.0,0.0
1765964217.591441,btc-updown-15m-1765963800,1765963800.0,1765964700.0,,482.4085590839386,,,,,0,0,0.99,0.98,IDLE,,,,,,,,,,,,,,0,5.0,,,,,,,,,,,,,,,,,,,,CAP_FULL,,,,,,,,10.0,10.0,,,,,0,0,,,Inv: 10.0/10.0 CapLeft: 0.0,,,10.0,10.0,20.0,0.0
1765964219.519953,btc-updown-15m-1765963800,1765963800.0,1765964700.0,,480.48004698753357,,,,,0,0,0.99,0.98,IDLE,,,,,,,,,,,,,,0,5.0,,,,,,,,,,,,,,,,,,,,CAP_FULL,,,,,,,,10.0,10.0,,,,,0,0,,,Inv: 10.0/10.0 CapLeft: 0.0,,,10.0,10.0,20.0,0.0
1765964221.451379,btc-updown-15m-1765963800,1765963800.0,1765964700.0,,478.54862093925476,,,,,0,0,0.99,0.98,IDLE,,,,,,,,,,,,,,0,5.0,,,,,,,,,,,,,,,,,,,,CAP_FULL,,,,,,,,10.0,10.0,,,,,0,0,,,Inv: 10.0/10.0 CapLeft: 0.0,,,10.0,10.0,20.0,0.0
1765964223.3877773,btc-updown-15m-1765963800,1765963800.0,1765964700.0,,476.6122226715088,,,,,0,0,0.99,0.98,IDLE,,,,,,,,,,,,,,0,5.0,,,,,,,,,,,,,,,,,,,,CAP_FULL,,,,,,,,10.0,10.0,,,,,0,0,,,Inv: 10.0/10.0 CapLeft: 0.0,,,10.0,10.0,20.0,0.0
1765964225.3111117,btc-updown-15m-1765963800,1765963800.0,1765964700.0,,474.6888883113861,,,,,0,0,0.99,0.98,IDLE,,,,,,,,,,,,,,0,5.0,,,,,,,,,,,,,,,,,,,,CAP_FULL,,,,,,,,10.0,10.0,,,,,0,0,,,Inv: 10.0/10.0 CapLeft: 0.0,,,10.0,10.0,20.0,0.0
1765964227.270102,btc-updown-15m-1765963800,1765963800.0,1765964700.0,,472.72989797592163,,,,,0,0,0.99,0.98,IDLE,,,,,,,,,,,,,,0,5.0,,,,,,,,,,,,,,,,,,,,CAP_FULL,,,,,,,,10.0,10.0,,,,,0,0,,,Inv: 10.0/10.0 CapLeft: 0.0,,,10.0,10.0,20.0,0.0
1765964229.2188313,btc-updown-15m-1765963800,1765963800.0,1765964700.0,,470.7811686992645,,,,,0,0,0.99,0.98,IDLE,,,,,,,,,,,,,,0,5.0,,,,,,,,,,,,,,,,,,,,CAP_FULL,,,,,,,,10.0,10.0,,,,,0,0,,,Inv: 10.0/10.0 CapLeft: 0.0,,,10.0,10.0,20.0,0.0
1765964231.139492,btc-updown-15m-1765963800,1765963800.0,1765964700.0,,468.8605079650879,,,,,0,0,0.99,0.98,IDLE,,,,,,,,,,,,,,0,5.0,,,,,,,,,,,,,,,,,,,,CAP_FULL,,,,,,,,10.0,10.0,,,,,0,0,,,Inv: 10.0/10.0 CapLeft: 0.0,,,10.0,10.0,20.0,0.0
1765964233.0872068,btc-updown-15m-1765963800,1765963800.0,1765964700.0,,466.91279315948486,,,,,0,0,0.98,0.98,IDLE,,,,,,,,,,,,,,0,5.0,,,,,,,,,,,,,,,,,,,,CAP_FULL,,,,,,,,10.0,10.0,,,,,0,0,,,Inv: 10.0/10.0 CapLeft: 0.0,,,10.0,10.0,20.0,0.0
1765964235.0045881,btc-updown-15m-1765963800,1765963800.0,1765964700.0,,464.99541187286377,,,,,0,0,0.99,0.98,IDLE,,,,,,,,,,,,,,0,5.0,,,,,,,,,,,,,,,,,,,,CAP_FULL,,,,,,,,10.0,10.0,,,,,0,0,,,Inv: 10.0/10.0 CapLeft: 0.0,,,10.0,10.0,20.0,0.0
1765964236.922811,btc-updown-15m-1765963800,1765963800.0,1765964700.0,,463.07718896865845,,,,,0,0,0.98,0.98,IDLE,,,,,,,,,,,,,,0,5.0,,,,,,,,,,,,,,,,,,,,CAP_FULL,,,,,,,,10.0,10.0,,,,,0,0,,,Inv: 10.0/10.0 CapLeft: 0.0,,,10.0,10.0,20.0,0.0
1765964238.8556721,btc-updown-15m-1765963800,1765963800.0,1765964700.0,,461.144327878952,,,,,0,0,0.99,0.98,IDLE,,,,,,,,,,,,,,0,5.0,,,,,,,,,,,,,,,,,,,,CAP_FULL,,,,,,,,10.0,10.0,,,,,0,0,,,Inv: 10.0/10.0 CapLeft: 0.0,,,10.0,10.0,20.0,0.0
1765964240.7865946,btc-updown-15m-1765963800,1765963800.0,1765964700.0,,459.2134053707123,,,,,0,0,0.99,0.98,IDLE,,,,,,,,,,,,,,0,5.0,,,,,,,,,,,,,,,,,,,,CAP_FULL,,,,,,,,10.0,10.0,,,,,0,0,,,Inv: 10.0/10.0 CapLeft: 0.0,,,10.0,10.0,20.0,0.0
1765964242.705976,btc-updown-15m-1765963800,1765963800.0,1765964700.0,,457.2940239906311,,,,,0,0,0.98,0.98,IDLE,,,,,,,,,,,,,,0,5.0,,,,,,,,,,,,,,,,,,,,CAP_FULL,,,,,,,,10.0,10.0,,,,,0,0,,,Inv: 10.0/10.0 CapLeft: 0.0,,,10.0,10.0,20.0,0.0
1765964244.6259625,btc-updown-15m-1765963800,1765963800.0,1765964700.0,,455.37403750419617,,,,,0,0,0.99,0.98,IDLE,,,,,,,,,,,,,,0,5.0,,,,,,,,,,,,,,,,,,,,CAP_FULL,,,,,,,,10.0,10.0,,,,,0,0,,,Inv: 10.0/10.0 CapLeft: 0.0,,,10.0,10.0,20.0,0.0
1765964246.5420878,btc-updown-15m-1765963800,1765963800.0,1765964700.0,,453.4579122066498,,,,,0,0,0.97,0.98,IDLE,,,,,,,,,,,,,,0,5.0,,,,,,,,,,,,,,,,,,,,CAP_FULL,,,,,,,,10.0,10.0,,,,,0,0,,,Inv: 10.0/10.0 CapLeft: 0.0,,,10.0,10.0,20.0,0.0
1765964248.4646738,btc-updown-15m-1765963800,1765963800.0,1765964700.0,,451.5353262424469,,,,,0,0,0.99,0.98,IDLE,,,,,,,,,,,,,,0,5.0,,,,,,,,,,,,,,,,,,,,CAP_FULL,,,,,,,,10.0,10.0,,,,,0,0,,,Inv: 10.0/10.0 CapLeft: 0.0,,,10.0,10.0,20.0,0.0
1765964250.3874424,btc-updown-15m-1765963800,1765963800.0,1765964700.0,,449.6125576496124,,,,,0,0,0.99,0.98,IDLE,,,,,,,,,,,,,,0,5.0,,,,,,,,,,,,,,,,,,,,CAP_FULL,,,,,,,,10.0,10.0,,,,,0,0,,,Inv: 10.0/10.0 CapLeft: 0.0,,,10.0,10.0,20.0,0.0
1765964252.3912733,btc-updown-15m-1765963800,1765963800.0,1765964700.0,,447.6087267398834,,,,,0,0,0.99,0.98,IDLE,,,,,,,,,,,,,,0,5.0,,,,,,,,,,,,,,,,,,,,CAP_FULL,,,,,,,,10.0,10.0,,,,,0,0,,,Inv: 10.0/10.0 CapLeft: 0.0,,,10.0,10.0,20.0,0.0
1765964254.3159647,btc-updown-15m-1765963800,1765963800.0,1765964700.0,,445.6840353012085,,,,,0,0,0.99,0.98,IDLE,,,,,,,,,,,,,,0,5.0,,,,,,,,,,,,,,,,,,,,CAP_FULL,,,,,,,,10.0,10.0,,,,,0,0,,,Inv: 10.0/10.0 CapLeft: 0.0,,,10.0,10.0,20.0,0.0
1765964256.2404587,btc-updown-15m-1765963800,1765963800.0,1765964700.0,,443.75954127311707,,,,,0,0,0.99,0.98,IDLE,,,,,,,,,,,,,,0,5.0,,,,,,,,,,,,,,,,,,,,CAP_FULL,,,,,,,,10.0,10.0,,,,,0,0,,,Inv: 10.0/10.0 CapLeft: 0.0,,,10.0,10.0,20.0,0.0
1765964258.16013,btc-updown-15m-1765963800,1765963800.0,1765964700.0,,441.8398699760437,,,,,0,0,0.99,0.98,IDLE,,,,,,,,,,,,,,0,5.0,,,,,,,,,,,,,,,,,,,,CAP_FULL,,,,,,,,10.0,10.0,,,,,0,0,,,Inv: 10.0/10.0 CapLeft: 0.0,,,10.0,10.0,20.0,0.0
1765964260.102148,btc-updown-15m-1765963800,1765963800.0,1765964700.0,,439.8978519439697,,,,,0,0,0.99,0.98,IDLE,,,,,,,,,,,,,,0,5.0,,,,,,,,,,,,,,,,,,,,CAP_FULL,,,,,,,,10.0,10.0,,,,,0,0,,,Inv: 10.0/10.0 CapLeft: 0.0,,,10.0,10.0,20.0,0.0
1765964262.0204897,btc-updown-15m-1765963800,1765963800.0,1765964700.0,,437.979510307312,,,,,0,0,0.99,0.98,IDLE,,,,,,,,,,,,,,0,5.0,,,,,,,,,,,,,,,,,,,,CAP_FULL,,,,,,,,10.0,10.0,,,,,0,0,,,Inv: 10.0/10.0 CapLeft: 0.0,,,10.0,10.0,20.0,0.0
1765964263.981754,btc-updown-15m-1765963800,1765963800.0,1765964700.0,,436.01824593544006,,,,,0,0,0.99,0.98,IDLE,,,,,,,,,,,,,,0,5.0,,,,,,,,,,,,,,,,,,,,CAP_FULL,,,,,,,,10.0,10.0,,,,,0,0,,,Inv: 10.0/10.0 CapLeft: 0.0,,,10.0,10.0,20.0,0.0
1765964265.9178758,btc-updown-15m-1765963800,1765963800.0,1765964700.0,,434.08212423324585,,,,,0,0,0.99,0.98,IDLE,,,,,,,,,,,,,,0,5.0,,,,,,,,,,,,,,,,,,,,CAP_FULL,,,,,,,,10.0,10.0,,,,,0,0,,,Inv: 10.0/10.0 CapLeft: 0.0,,,10.0,10.0,20.0,0.0
1765964267.8739517,btc-updown-15m-1765963800,1765963800.0,1765964700.0,,432.1260483264923,,,,,0,0,1.02,0.98,IDLE,,,,,,,,,,,,,,0,5.0,,,,,,,,,,,,,,,,,,,,CAP_FULL,,,,,,,,10.0,10.0,,,,,0,0,,,Inv: 10.0/10.0 CapLeft: 0.0,,,10.0,10.0,20.0,0.0
1765964269.795557,btc-updown-15m-1765963800,1765963800.0,1765964700.0,,430.2044429779053,,,,,0,0,1.01,0.98,IDLE,,,,,,,,,,,,,,0,5.0,,,,,,,,,,,,,,,,,,,,CAP_FULL,,,,,,,,10.0,10.0,,,,,0,0,,,Inv: 10.0/10.0 CapLeft: 0.0,,,10.0,10.0,20.0,0.0
1765964271.7167826,btc-updown-15m-1765963800,1765963800.0,1765964700.0,,428.28321743011475,,,,,0,0,0.99,0.98,IDLE,,,,,,,,,,,,,,0,5.0,,,,,,,,,,,,,,,,,,,,CAP_FULL,,,,,,,,10.0,10.0,,,,,0,0,,,Inv: 10.0/10.0 CapLeft: 0.0,,,10.0,10.0,20.0,0.0
1765964273.6529102,btc-updown-15m-1765963800,1765963800.0,1765964700.0,,426.34708976745605,,,,,0,0,0.99,0.98,IDLE,,,,,,,,,,,,,,0,5.0,,,,,,,,,,,,,,,,,,,,CAP_FULL,,,,,,,,10.0,10.0,,,,,0,0,,,Inv: 10.0/10.0 CapLeft: 0.0,,,10.0,10.0,20.0,0.0
1765964275.5776558,btc-updown-15m-1765963800,1765963800.0,1765964700.0,,424.4223442077637,,,,,0,0,0.99,0.98,IDLE,,,,,,,,,,,,,,0,5.0,,,,,,,,,,,,,,,,,,,,CAP_FULL,,,,,,,,10.0,10.0,,,,,0,0,,,Inv: 10.0/10.0 CapLeft: 0.0,,,10.0,10.0,20.0,0.0
1765964277.5167966,btc-updown-15m-1765963800,1765963800.0,1765964700.0,,422.4832034111023,,,,,0,0,0.99,0.98,IDLE,,,,,,,,,,,,,,0,5.0,,,,,,,,,,,,,,,,,,,,CAP_FULL,,,,,,,,10.0,10.0,,,,,0,0,,,Inv: 10.0/10.0 CapLeft: 0.0,,,10.0,10.0,20.0,0.0
1765964279.4468186,btc-updown-15m-1765963800,1765963800.0,1765964700.0,,420.5531814098358,,,,,0,0,0.99,0.98,IDLE,,,,,,,,,,,,,,0,5.0,,,,,,,,,,,,,,,,,,,,CAP_FULL,,,,,,,,10.0,10.0,,,,,0,0,,,Inv: 10.0/10.0 CapLeft: 0.0,,,10.0,10.0,20.0,0.0
1765964281.3643785,btc-updown-15m-1765963800,1765963800.0,1765964700.0,,418.635621547699,,,,,0,0,0.99,0.98,IDLE,,,,,,,,,,,,,,0,5.0,,,,,,,,,,,,,,,,,,,,CAP_FULL,,,,,,,,10.0,10.0,,,,,0,0,,,Inv: 10.0/10.0 CapLeft: 0.0,,,10.0,10.0,20.0,0.0
1765964283.3051152,btc-updown-15m-1765963800,1765963800.0,1765964700.0,,416.6948847770691,,,,,0,0,0.99,0.98,IDLE,,,,,,,,,,,,,,0,5.0,,,,,,,,,,,,,,,,,,,,CAP_FULL,,,,,,,,10.0,10.0,,,,,0,0,,,Inv: 10.0/10.0 CapLeft: 0.0,,,10.0,10.0,20.0,0.0
1765964285.236745,btc-updown-15m-1765963800,1765963800.0,1765964700.0,,414.76325488090515,,,,,0,0,0.99,0.98,IDLE,,,,,,,,,,,,,,0,5.0,,,,,,,,,,,,,,,,,,,,CAP_FULL,,,,,,,,10.0,10.0,,,,,0,0,,,Inv: 10.0/10.0 CapLeft: 0.0,,,10.0,10.0,20.0,0.0
1765964287.1596372,btc-updown-15m-1765963800,1765963800.0,1765964700.0,,412.8403627872467,,,,,0,0,0.99,0.98,IDLE,,,,,,,,,,,,,,0,5.0,,,,,,,,,,,,,,,,,,,,CAP_FULL,,,,,,,,10.0,10.0,,,,,0,0,,,Inv: 10.0/10.0 CapLeft: 0.0,,,10.0,10.0,20.0,0.0
1765964289.0749333,btc-updown-15m-1765963800,1765963800.0,1765964700.0,,410.92506670951843,,,,,0,0,0.99,0.98,IDLE,,,,,,,,,,,,,,0,5.0,,,,,,,,,,,,,,,,,,,,CAP_FULL,,,,,,,,10.0,10.0,,,,,0,0,,,Inv: 10.0/10.0 CapLeft: 0.0,,,10.0,10.0,20.0,0.0
1765964291.0213273,btc-updown-15m-1765963800,1765963800.0,1765964700.0,,408.9786727428436,,,,,0,0,1.0,0.98,IDLE,,,,,,,,,,,,,,0,5.0,,,,,,,,,,,,,,,,,,,,CAP_FULL,,,,,,,,10.0,10.0,,,,,0,0,,,Inv: 10.0/10.0 CapLeft: 0.0,,,10.0,10.0,20.0,0.0
1765964292.971056,btc-updown-15m-1765963800,1765963800.0,1765964700.0,,407.02894401550293,,,,,0,0,0.99,0.98,IDLE,,,,,,,,,,,,,,0,5.0,,,,,,,,,,,,,,,,,,,,CAP_FULL,,,,,,,,10.0,10.0,,,,,0,0,,,Inv: 10.0/10.0 CapLeft: 0.0,,,10.0,10.0,20.0,0.0
1765964294.8860247,btc-updown-15m-1765963800,1765963800.0,1765964700.0,,405.11397528648376,,,,,0,0,0.99,0.98,IDLE,,,,,,,,,,,,,,0,5.0,,,,,,,,,,,,,,,,,,,,CAP_FULL,,,,,,,,10.0,10.0,,,,,0,0,,,Inv: 10.0/10.0 CapLeft: 0.0,,,10.0,10.0,20.0,0.0
1765964296.8214028,btc-updown-15m-1765963800,1765963800.0,1765964700.0,,403.17859721183777,,,,,0,0,0.97,0.98,IDLE,,,,,,,,,,,,,,0,5.0,,,,,,,,,,,,,,,,,,,,CAP_FULL,,,,,,,,10.0,10.0,,,,,0,0,,,Inv: 10.0/10.0 CapLeft: 0.0,,,10.0,10.0,20.0,0.0
1765964298.741747,btc-updown-15m-1765963800,1765963800.0,1765964700.0,,401.2582530975342,,,,,0,0,0.99,0.98,IDLE,,,,,,,,,,,,,,0,5.0,,,,,,,,,,,,,,,,,,,,CAP_FULL,,,,,,,,10.0,10.0,,,,,0,0,,,Inv: 10.0/10.0 CapLeft: 0.0,,,10.0,10.0,20.0,0.0
1765964300.6734436,btc-updown-15m-1765963800,1765963800.0,1765964700.0,,399.3265564441681,,,,,0,0,0.98,0.98,IDLE,,,,,,,,,,,,,,0,5.0,,,,,,,,,,,,,,,,,,,,CAP_FULL,,,,,,,,10.0,10.0,,,,,0,0,,,Inv: 10.0/10.0 CapLeft: 0.0,,,10.0,10.0,20.0,0.0
1765964302.6092863,btc-updown-15m-1765963800,1765963800.0,1765964700.0,,397.3907136917114,,,,,0,0,0.99,0.98,IDLE,,,,,,,,,,,,,,0,5.0,,,,,,,,,,,,,,,,,,,,CAP_FULL,,,,,,,,10.0,10.0,,,,,0,0,,,Inv: 10.0/10.0 CapLeft: 0.0,,,10.0,10.0,20.0,0.0
1765964304.5245245,btc-updown-15m-1765963800,1765963800.0,1765964700.0,,395.4754755496979,,,,,0,0,0.99,0.98,IDLE,,,,,,,,,,,,,,0,5.0,,,,,,,,,,,,,,,,,,,,CAP_FULL,,,,,,,,10.0,10.0,,,,,0,0,,,Inv: 10.0/10.0 CapLeft: 0.0,,,10.0,10.0,20.0,0.0
1765964306.4442952,btc-updown-15m-1765963800,1765963800.0,1765964700.0,,393.555704832077,,,,,0,0,0.99,0.98,IDLE,,,,,,,,,,,,,,0,5.0,,,,,,,,,,,,,,,,,,,,CAP_FULL,,,,,,,,10.0,10.0,,,,,0,0,,,Inv: 10.0/10.0 CapLeft: 0.0,,,10.0,10.0,20.0,0.0
1765964308.371833,btc-updown-15m-1765963800,1765963800.0,1765964700.0,,391.6281669139862,,,,,0,0,0.99,0.98,IDLE,,,,,,,,,,,,,,0,5.0,,,,,,,,,,,,,,,,,,,,CAP_FULL,,,,,,,,10.0,10.0,,,,,0,0,,,Inv: 10.0/10.0 CapLeft: 0.0,,,10.0,10.0,20.0,0.0
1765964310.3065515,btc-updown-15m-1765963800,1765963800.0,1765964700.0,,389.6934485435486,,,,,0,0,0.98,0.98,IDLE,,,,,,,,,,,,,,0,5.0,,,,,,,,,,,,,,,,,,,,CAP_FULL,,,,,,,,10.0,10.0,,,,,0,0,,,Inv: 10.0/10.0 CapLeft: 0.0,,,10.0,10.0,20.0,0.0
1765964312.2281628,btc-updown-15m-1765963800,1765963800.0,1765964700.0,,387.77183723449707,,,,,0,0,0.99,0.98,IDLE,,,,,,,,,,,,,,0,5.0,,,,,,,,,,,,,,,,,,,,CAP_FULL,,,,,,,,10.0,10.0,,,,,0,0,,,Inv: 10.0/10.0 CapLeft: 0.0,,,10.0,10.0,20.0,0.0
1765964314.1522017,btc-updown-15m-1765963800,1765963800.0,1765964700.0,,385.84779834747314,,,,,0,0,0.99,0.98,IDLE,,,,,,,,,,,,,,0,5.0,,,,,,,,,,,,,,,,,,,,CAP_FULL,,,,,,,,10.0,10.0,,,,,0,0,,,Inv: 10.0/10.0 CapLeft: 0.0,,,10.0,10.0,20.0,0.0
1765964316.0769556,btc-updown-15m-1765963800,1765963800.0,1765964700.0,,383.9230444431305,,,,,0,0,0.99,0.98,IDLE,,,,,,,,,,,,,,0,5.0,,,,,,,,,,,,,,,,,,,,CAP_FULL,,,,,,,,10.0,10.0,,,,,0,0,,,Inv: 10.0/10.0 CapLeft: 0.0,,,10.0,10.0,20.0,0.0
1765964317.9925385,btc-updown-15m-1765963800,1765963800.0,1765964700.0,,382.00746154785156,,,,,0,0,0.99,0.98,IDLE,,,,,,,,,,,,,,0,5.0,,,,,,,,,,,,,,,,,,,,CAP_FULL,,,,,,,,10.0,10.0,,,,,0,0,,,Inv: 10.0/10.0 CapLeft: 0.0,,,10.0,10.0,20.0,0.0
1765964319.9123833,btc-updown-15m-1765963800,1765963800.0,1765964700.0,,380.0876166820526,,,,,0,0,0.97,0.98,IDLE,,,,,,,,,,,,,,0,5.0,,,,,,,,,,,,,,,,,,,,CAP_FULL,,,,,,,,10.0,10.0,,,,,0,0,,,Inv: 10.0/10.0 CapLeft: 0.0,,,10.0,10.0,20.0,0.0
1765964321.8385808,btc-updown-15m-1765963800,1765963800.0,1765964700.0,,378.1614191532135,,,,,0,0,0.99,0.98,IDLE,,,,,,,,,,,,,,0,5.0,,,,,,,,,,,,,,,,,,,,CAP_FULL,,,,,,,,10.0,10.0,,,,,0,0,,,Inv: 10.0/10.0 CapLeft: 0.0,,,10.0,10.0,20.0,0.0
1765964323.800663,btc-updown-15m-1765963800,1765963800.0,1765964700.0,,376.19933700561523,,,,,0,0,0.99,0.98,IDLE,,,,,,,,,,,,,,0,5.0,,,,,,,,,,,,,,,,,,,,CAP_FULL,,,,,,,,10.0,10.0,,,,,0,0,,,Inv: 10.0/10.0 CapLeft: 0.0,,,10.0,10.0,20.0,0.0
1765964325.7160566,btc-updown-15m-1765963800,1765963800.0,1765964700.0,,374.2839434146881,,,,,0,0,0.99,0.98,IDLE,,,,,,,,,,,,,,0,5.0,,,,,,,,,,,,,,,,,,,,CAP_FULL,,,,,,,,10.0,10.0,,,,,0,0,,,Inv: 10.0/10.0 CapLeft: 0.0,,,10.0,10.0,20.0,0.0
1765964327.6444063,btc-updown-15m-1765963800,1765963800.0,1765964700.0,,372.35559368133545,,,,,0,0,0.98,0.98,IDLE,,,,,,,,,,,,,,0,5.0,,,,,,,,,,,,,,,,,,,,CAP_FULL,,,,,,,,10.0,10.0,,,,,0,0,,,Inv: 10.0/10.0 CapLeft: 0.0,,,10.0,10.0,20.0,0.0
1765964329.5984075,btc-updown-15m-1765963800,1765963800.0,1765964700.0,,370.40159249305725,,,,,0,0,0.98,0.98,IDLE,,,,,,,,,,,,,,0,5.0,,,,,,,,,,,,,,,,,,,,CAP_FULL,,,,,,,,10.0,10.0,,,,,0,0,,,Inv: 10.0/10.0 CapLeft: 0.0,,,10.0,10.0,20.0,0.0
1765964331.5205,btc-updown-15m-1765963800,1765963800.0,1765964700.0,,368.4795000553131,,,,,0,0,0.98,0.98,IDLE,,,,,,,,,,,,,,0,5.0,,,,,,,,,,,,,,,,,,,,CAP_FULL,,,,,,,,10.0,10.0,,,,,0,0,,,Inv: 10.0/10.0 CapLeft: 0.0,,,10.0,10.0,20.0,0.0
1765964333.443419,btc-updown-15m-1765963800,1765963800.0,1765964700.0,,366.5565810203552,,,,,0,0,0.98,0.98,IDLE,,,,,,,,,,,,,,0,5.0,,,,,,,,,,,,,,,,,,,,CAP_FULL,,,,,,,,10.0,10.0,,,,,0,0,,,Inv: 10.0/10.0 CapLeft: 0.0,,,10.0,10.0,20.0,0.0
1765964335.3696678,btc-updown-15m-1765963800,1765963800.0,1765964700.0,,364.6303322315216,,,,,0,0,0.99,0.98,IDLE,,,,,,,,,,,,,,0,5.0,,,,,,,,,,,,,,,,,,,,CAP_FULL,,,,,,,,10.0,10.0,,,,,0,0,,,Inv: 10.0/10.0 CapLeft: 0.0,,,10.0,10.0,20.0,0.0
1765964337.3378904,btc-updown-15m-1765963800,1765963800.0,1765964700.0,,362.6621096134186,,,,,0,0,0.99,0.98,IDLE,,,,,,,,,,,,,,0,5.0,,,,,,,,,,,,,,,,,,,,CAP_FULL,,,,,,,,10.0,10.0,,,,,0,0,,,Inv: 10.0/10.0 CapLeft: 0.0,,,10.0,10.0,20.0,0.0
1765964339.254866,btc-updown-15m-1765963800,1765963800.0,1765964700.0,,360.7451341152191,,,,,0,0,0.99,0.98,IDLE,,,,,,,,,,,,,,0,5.0,,,,,,,,,,,,,,,,,,,,CAP_FULL,,,,,,,,10.0,10.0,,,,,0,0,,,Inv: 10.0/10.0 CapLeft: 0.0,,,10.0,10.0,20.0,0.0
1765964341.1821947,btc-updown-15m-1765963800,1765963800.0,1765964700.0,,358.81780529022217,,,,,0,0,1.0,0.98,IDLE,,,,,,,,,,,,,,0,5.0,,,,,,,,,,,,,,,,,,,,CAP_FULL,,,,,,,,10.0,10.0,,,,,0,0,,,Inv: 10.0/10.0 CapLeft: 0.0,,,10.0,10.0,20.0,0.0
1765964343.0989397,btc-updown-15m-1765963800,1765963800.0,1765964700.0,,356.9010603427887,,,,,0,0,1.0,0.98,IDLE,,,,,,,,,,,,,,0,5.0,,,,,,,,,,,,,,,,,,,,CAP_FULL,,,,,,,,10.0,10.0,,,,,0,0,,,Inv: 10.0/10.0 CapLeft: 0.0,,,10.0,10.0,20.0,0.0
1765964345.0169141,btc-updown-15m-1765963800,1765963800.0,1765964700.0,,354.9830858707428,,,,,0,0,0.99,0.98,IDLE,,,,,,,,,,,,,,0,5.0,,,,,,,,,,,,,,,,,,,,CAP_FULL,,,,,,,,10.0,10.0,,,,,0,0,,,Inv: 10.0/10.0 CapLeft: 0.0,,,10.0,10.0,20.0,0.0
1765964346.9369993,btc-updown-15m-1765963800,1765963800.0,1765964700.0,,353.0630006790161,,,,,0,0,0.99,0.98,IDLE,,,,,,,,,,,,,,0,5.0,,,,,,,,,,,,,,,,,,,,CAP_FULL,,,,,,,,10.0,10.0,,,,,0,0,,,Inv: 10.0/10.0 CapLeft: 0.0,,,10.0,10.0,20.0,0.0
1765964348.8587377,btc-updown-15m-1765963800,1765963800.0,1765964700.0,,351.14126229286194,,,,,0,0,0.0,0.98,IDLE,,,,,,,,,,,,,,0,5.0,,,,,,,,,,,,,,,,,,,,CAP_FULL,,,,,,,,10.0,10.0,,,,,0,0,,,Inv: 10.0/10.0 CapLeft: 0.0,,,10.0,10.0,20.0,0.0
1765964350.8229253,btc-updown-15m-1765963800,1765963800.0,1765964700.0,,349.1770746707916,,,,,0,0,0.99,0.98,IDLE,,,,,,,,,,,,,,0,5.0,,,,,,,,,,,,,,,,,,,,CAP_FULL,,,,,,,,10.0,10.0,,,,,0,0,,,Inv: 10.0/10.0 CapLeft: 0.0,,,10.0,10.0,20.0,0.0
1765964353.0273757,btc-updown-15m-1765963800,1765963800.0,1765964700.0,,346.9726243019104,,,,,0,0,0.99,0.98,IDLE,,,,,,,,,,,,,,0,5.0,,,,,,,,,,,,,,,,,,,,CAP_FULL,,,,,,,,10.0,10.0,,,,,0,0,,,Inv: 10.0/10.0 CapLeft: 0.0,,,10.0,10.0,20.0,0.0
1765964354.9706314,btc-updown-15m-1765963800,1765963800.0,1765964700.0,,345.0293686389923,,,,,0,0,0.99,0.98,IDLE,,,,,,,,,,,,,,0,5.0,,,,,,,,,,,,,,,,,,,,CAP_FULL,,,,,,,,10.0,10.0,,,,,0,0,,,Inv: 10.0/10.0 CapLeft: 0.0,,,10.0,10.0,20.0,0.0
1765964356.9184103,btc-updown-15m-1765963800,1765963800.0,1765964700.0,,343.0815896987915,,,,,0,0,0.99,0.98,IDLE,,,,,,,,,,,,,,0,5.0,,,,,,,,,,,,,,,,,,,,CAP_FULL,,,,,,,,10.0,10.0,,,,,0,0,,,Inv: 10.0/10.0 CapLeft: 0.0,,,10.0,10.0,20.0,0.0
1765964358.86032,btc-updown-15m-1765963800,1765963800.0,1765964700.0,,341.13967990875244,,,,,0,0,0.99,0.98,IDLE,,,,,,,,,,,,,,0,5.0,,,,,,,,,,,,,,,,,,,,CAP_FULL,,,,,,,,10.0,10.0,,,,,0,0,,,Inv: 10.0/10.0 CapLeft: 0.0,,,10.0,10.0,20.0,0.0
1765964360.8393188,btc-updown-15m-1765963800,1765963800.0,1765964700.0,,339.1606812477112,,,,,0,0,0.98,0.98,IDLE,,,,,,,,,,,,,,0,5.0,,,,,,,,,,,,,,,,,,,,CAP_FULL,,,,,,,,10.0,10.0,,,,,0,0,,,Inv: 10.0/10.0 CapLeft: 0.0,,,10.0,10.0,20.0,0.0
1765964362.782746,btc-updown-15m-1765963800,1765963800.0,1765964700.0,,337.21725392341614,,,,,0,0,0.99,0.98,IDLE,,,,,,,,,,,,,,0,5.0,,,,,,,,,,,,,,,,,,,,CAP_FULL,,,,,,,,10.0,10.0,,,,,0,0,,,Inv: 10.0/10.0 CapLeft: 0.0,,,10.0,10.0,20.0,0.0
1765964364.735329,btc-updown-15m-1765963800,1765963800.0,1765964700.0,,335.264671087265,,,,,0,0,0.99,0.98,IDLE,,,,,,,,,,,,,,0,5.0,,,,,,,,,,,,,,,,,,,,CAP_FULL,,,,,,,,10.0,10.0,,,,,0,0,,,Inv: 10.0/10.0 CapLeft: 0.0,,,10.0,10.0,20.0,0.0
1765964366.6917086,btc-updown-15m-1765963800,1765963800.0,1765964700.0,,333.3082914352417,,,,,0,0,0.99,0.98,IDLE,,,,,,,,,,,,,,0,5.0,,,,,,,,,,,,,,,,,,,,CAP_FULL,,,,,,,,10.0,10.0,,,,,0,0,,,Inv: 10.0/10.0 CapLeft: 0.0,,,10.0,10.0,20.0,0.0
1765964368.6593106,btc-updown-15m-1765963800,1765963800.0,1765964700.0,,331.3406894207001,,,,,0,0,0.99,0.98,IDLE,,,,,,,,,,,,,,0,5.0,,,,,,,,,,,,,,,,,,,,CAP_FULL,,,,,,,,10.0,10.0,,,,,0,0,,,Inv: 10.0/10.0 CapLeft: 0.0,,,10.0,10.0,20.0,0.0
1765964370.6322436,btc-updown-15m-1765963800,1765963800.0,1765964700.0,,329.36775636672974,,,,,0,0,0.98,0.98,IDLE,,,,,,,,,,,,,,0,5.0,,,,,,,,,,,,,,,,,,,,CAP_FULL,,,,,,,,10.0,10.0,,,,,0,0,,,Inv: 10.0/10.0 CapLeft: 0.0,,,10.0,10.0,20.0,0.0
1765964372.613794,btc-updown-15m-1765963800,1765963800.0,1765964700.0,,327.38620591163635,,,,,0,0,0.99,0.98,IDLE,,,,,,,,,,,,,,0,5.0,,,,,,,,,,,,,,,,,,,,CAP_FULL,,,,,,,,10.0,10.0,,,,,0,0,,,Inv: 10.0/10.0 CapLeft: 0.0,,,10.0,10.0,20.0,0.0
1765964374.5674324,btc-updown-15m-1765963800,1765963800.0,1765964700.0,,325.43256759643555,,,,,0,0,0.99,0.98,IDLE,,,,,,,,,,,,,,0,5.0,,,,,,,,,,,,,,,,,,,,CAP_FULL,,,,,,,,10.0,10.0,,,,,0,0,,,Inv: 10.0/10.0 CapLeft: 0.0,,,10.0,10.0,20.0,0.0
1765964376.5348887,btc-updown-15m-1765963800,1765963800.0,1765964700.0,,323.46511125564575,,,,,0,0,0.97,0.98,IDLE,,,,,,,,,,,,,,0,5.0,,,,,,,,,,,,,,,,,,,,CAP_FULL,,,,,,,,10.0,10.0,,,,,0,0,,,Inv: 10.0/10.0 CapLeft: 0.0,,,10.0,10.0,20.0,0.0
1765964378.5029302,btc-updown-15m-1765963800,1765963800.0,1765964700.0,,321.49706983566284,,,,,0,0,0.99,0.98,IDLE,,,,,,,,,,,,,,0,5.0,,,,,,,,,,,,,,,,,,,,CAP_FULL,,,,,,,,10.0,10.0,,,,,0,0,,,Inv: 10.0/10.0 CapLeft: 0.0,,,10.0,10.0,20.0,0.0
1765964380.444981,btc-updown-15m-1765963800,1765963800.0,1765964700.0,,319.55501890182495,,,,,0,0,0.99,0.98,IDLE,,,,,,,,,,,,,,0,5.0,,,,,,,,,,,,,,,,,,,,CAP_FULL,,,,,,,,10.0,10.0,,,,,0,0,,,Inv: 10.0/10.0 CapLeft: 0.0,,,10.0,10.0,20.0,0.0
1765964382.377291,btc-updown-15m-1765963800,1765963800.0,1765964700.0,,317.6227090358734,,,,,0,0,0.99,0.98,IDLE,,,,,,,,,,,,,,0,5.0,,,,,,,,,,,,,,,,,,,,CAP_FULL,,,,,,,,10.0,10.0,,,,,0,0,,,Inv: 10.0/10.0 CapLeft: 0.0,,,10.0,10.0,20.0,0.0
1765964384.3211024,btc-updown-15m-1765963800,1765963800.0,1765964700.0,,315.67889761924744,,,,,0,0,0.99,0.98,IDLE,,,,,,,,,,,,,,0,5.0,,,,,,,,,,,,,,,,,,,,CAP_FULL,,,,,,,,10.0,10.0,,,,,0,0,,,Inv: 10.0/10.0 CapLeft: 0.0,,,10.0,10.0,20.0,0.0
1765964386.2859473,btc-updown-15m-1765963800,1765963800.0,1765964700.0,,313.71405267715454,,,,,0,0,0.99,0.98,IDLE,,,,,,,,,,,,,,0,5.0,,,,,,,,,,,,,,,,,,,,CAP_FULL,,,,,,,,10.0,10.0,,,,,0,0,,,Inv: 10.0/10.0 CapLeft: 0.0,,,10.0,10.0,20.0,0.0
1765964388.2584245,btc-updown-15m-1765963800,1765963800.0,1765964700.0,,311.74157547950745,,,,,0,0,0.98,0.98,IDLE,,,,,,,,,,,,,,0,5.0,,,,,,,,,,,,,,,,,,,,CAP_FULL,,,,,,,,10.0,10.0,,,,,0,0,,,Inv: 10.0/10.0 CapLeft: 0.0,,,10.0,10.0,20.0,0.0
1765964390.2059731,btc-updown-15m-1765963800,1765963800.0,1765964700.0,,309.79402685165405,,,,,0,0,0.99,0.98,IDLE,,,,,,,,,,,,,,0,5.0,,,,,,,,,,,,,,,,,,,,CAP_FULL,,,,,,,,10.0,10.0,,,,,0,0,,,Inv: 10.0/10.0 CapLeft: 0.0,,,10.0,10.0,20.0,0.0
1765964392.1451044,btc-updown-15m-1765963800,1765963800.0,1765964700.0,,307.85489559173584,,,,,0,0,0.99,0.98,IDLE,,,,,,,,,,,,,,0,5.0,,,,,,,,,,,,,,,,,,,,CAP_FULL,,,,,,,,10.0,10.0,,,,,0,0,,,Inv: 10.0/10.0 CapLeft: 0.0,,,10.0,10.0,20.0,0.0
1765964394.0816076,btc-updown-15m-1765963800,1765963800.0,1765964700.0,,305.91839241981506,,,,,0,0,0.99,0.98,IDLE,,,,,,,,,,,,,,0,5.0,,,,,,,,,,,,,,,,,,,,CAP_FULL,,,,,,,,10.0,10.0,,,,,0,0,,,Inv: 10.0/10.0 CapLeft: 0.0,,,10.0,10.0,20.0,0.0
1765964396.040095,btc-updown-15m-1765963800,1765963800.0,1765964700.0,,303.9599049091339,,,,,0,0,0.9800000000000001,0.98,IDLE,,,,,,,,,,,,,,0,5.0,,,,,,,,,,,,,,,,,,,,CAP_FULL,,,,,,,,10.0,10.0,,,,,0,0,,,Inv: 10.0/10.0 CapLeft: 0.0,,,10.0,10.0,20.0,0.0
1765964397.9723294,btc-updown-15m-1765963800,1765963800.0,1765964700.0,,302.02767062187195,,,,,0,0,0.99,0.98,IDLE,,,,,,,,,,,,,,0,5.0,,,,,,,,,,,,,,,,,,,,CAP_FULL,,,,,,,,10.0,10.0,,,,,0,0,,,Inv: 10.0/10.0 CapLeft: 0.0,,,10.0,10.0,20.0,0.0
1765964399.9282439,btc-updown-15m-1765963800,1765963800.0,1765964700.0,,300.07175612449646,,,,,0,0,0.99,0.98,IDLE,,,,,,,,,,,,,,0,5.0,,,,,,,,,,,,,,,,,,,,CAP_FULL,,,,,,,,10.0,10.0,,,,,0,0,,,Inv: 10.0/10.0 CapLeft: 0.0,,,10.0,10.0,20.0,0.0
1765964401.871187,btc-updown-15m-1765963800,1765963800.0,1765964700.0,,298.12881302833557,,,,,0,0,0.99,0.98,IDLE,,,,,,,,,,,,,,0,5.0,,,,,,,,,,,,,,,,,,,,CAP_FULL,,,,,,,,10.0,10.0,,,,,0,0,,,Inv: 10.0/10.0 CapLeft: 0.0,,,10.0,10.0,20.0,0.0
1765964403.8168235,btc-updown-15m-1765963800,1765963800.0,1765964700.0,,296.1831765174866,,,,,0,0,0.98,0.98,IDLE,,,,,,,,,,,,,,0,5.0,,,,,,,,,,,,,,,,,,,,CAP_FULL,,,,,,,,10.0,10.0,,,,,0,0,,,Inv: 10.0/10.0 CapLeft: 0.0,,,10.0,10.0,20.0,0.0
1765964405.7533383,btc-updown-15m-1765963800,1765963800.0,1765964700.0,,294.2466616630554,,,,,0,0,0.99,0.98,IDLE,,,,,,,,,,,,,,0,5.0,,,,,,,,,,,,,,,,,,,,CAP_FULL,,,,,,,,10.0,10.0,,,,,0,0,,,Inv: 10.0/10.0 CapLeft: 0.0,,,10.0,10.0,20.0,0.0
1765964407.6989362,btc-updown-15m-1765963800,1765963800.0,1765964700.0,,292.30106377601624,,,,,0,0,0.99,0.98,IDLE,,,,,,,,,,,,,,0,5.0,,,,,,,,,,,,,,,,,,,,CAP_FULL,,,,,,,,10.0,10.0,,,,,0,0,,,Inv: 10.0/10.0 CapLeft: 0.0,,,10.0,10.0,20.0,0.0
1765964409.6388373,btc-updown-15m-1765963800,1765963800.0,1765964700.0,,290.3611626625061,,,,,0,0,0.98,0.98,IDLE,,,,,,,,,,,,,,0,5.0,,,,,,,,,,,,,,,,,,,,CAP_FULL,,,,,,,,10.0,10.0,,,,,0,0,,,Inv: 10.0/10.0 CapLeft: 0.0,,,10.0,10.0,20.0,0.0
1765964411.5733442,btc-updown-15m-1765963800,1765963800.0,1765964700.0,,288.42665576934814,,,,,0,0,0.99,0.98,IDLE,,,,,,,,,,,,,,0,5.0,,,,,,,,,,,,,,,,,,,,CAP_FULL,,,,,,,,10.0,10.0,,,,,0,0,,,Inv: 10.0/10.0 CapLeft: 0.0,,,10.0,10.0,20.0,0.0
1765964413.5154297,btc-updown-15m-1765963800,1765963800.0,1765964700.0,,286.4845702648163,,,,,0,0,0.99,0.98,IDLE,,,,,,,,,,,,,,0,5.0,,,,,,,,,,,,,,,,,,,,CAP_FULL,,,,,,,,10.0,10.0,,,,,0,0,,,Inv: 10.0/10.0 CapLeft: 0.0,,,10.0,10.0,20.0,0.0
1765964415.4735236,btc-updown-15m-1765963800,1765963800.0,1765964700.0,,284.52647638320923,,,,,0,0,1.0,0.98,IDLE,,,,,,,,,,,,,,0,5.0,,,,,,,,,,,,,,,,,,,,CAP_FULL,,,,,,,,10.0,10.0,,,,,0,0,,,Inv: 10.0/10.0 CapLeft: 0.0,,,10.0,10.0,20.0,0.0
1765964417.4276552,btc-updown-15m-1765963800,1765963800.0,1765964700.0,,282.57234477996826,,,,,0,0,0.97,0.98,IDLE,,,,,,,,,,,,,,0,5.0,,,,,,,,,,,,,,,,,,,,CAP_FULL,,,,,,,,10.0,10.0,,,,,0,0,,,Inv: 10.0/10.0 CapLeft: 0.0,,,10.0,10.0,20.0,0.0
1765964419.3928094,btc-updown-15m-1765963800,1765963800.0,1765964700.0,,280.60719060897827,,,,,0,0,0.98,0.98,IDLE,,,,,,,,,,,,,,0,5.0,,,,,,,,,,,,,,,,,,,,CAP_FULL,,,,,,,,10.0,10.0,,,,,0,0,,,Inv: 10.0/10.0 CapLeft: 0.0,,,10.0,10.0,20.0,0.0
1765964421.3749194,btc-updown-15m-1765963800,1765963800.0,1765964700.0,,278.62508058547974,,,,,0,0,0.99,0.98,IDLE,,,,,,,,,,,,,,0,5.0,,,,,,,,,,,,,,,,,,,,CAP_FULL,,,,,,,,10.0,10.0,,,,,0,0,,,Inv: 10.0/10.0 CapLeft: 0.0,,,10.0,10.0,20.0,0.0
1765964423.3181558,btc-updown-15m-1765963800,1765963800.0,1765964700.0,,276.68184423446655,,,,,0,0,0.98,0.98,IDLE,,,,,,,,,,,,,,0,5.0,,,,,,,,,,,,,,,,,,,,CAP_FULL,,,,,,,,10.0,10.0,,,,,0,0,,,Inv: 10.0/10.0 CapLeft: 0.0,,,10.0,10.0,20.0,0.0
1765964425.2626588,btc-updown-15m-1765963800,1765963800.0,1765964700.0,,274.7373411655426,,,,,0,0,0.99,0.98,IDLE,,,,,,,,,,,,,,0,5.0,,,,,,,,,,,,,,,,,,,,CAP_FULL,,,,,,,,10.0,10.0,,,,,0,0,,,Inv: 10.0/10.0 CapLeft: 0.0,,,10.0,10.0,20.0,0.0
1765964427.2040937,btc-updown-15m-1765963800,1765963800.0,1765964700.0,,272.7959063053131,,,,,0,0,0.97,0.98,IDLE,,,,,,,,,,,,,,0,5.0,,,,,,,,,,,,,,,,,,,,CAP_FULL,,,,,,,,10.0,10.0,,,,,0,0,,,Inv: 10.0/10.0 CapLeft: 0.0,,,10.0,10.0,20.0,0.0
1765964429.1772375,btc-updown-15m-1765963800,1765963800.0,1765964700.0,,270.82276248931885,,,,,0,0,0.99,0.98,IDLE,,,,,,,,,,,,,,0,5.0,,,,,,,,,,,,,,,,,,,,CAP_FULL,,,,,,,,10.0,10.0,,,,,0,0,,,Inv: 10.0/10.0 CapLeft: 0.0,,,10.0,10.0,20.0,0.0
1765964431.1356072,btc-updown-15m-1765963800,1765963800.0,1765964700.0,,268.86439275741577,,,,,0,0,0.99,0.98,IDLE,,,,,,,,,,,,,,0,5.0,,,,,,,,,,,,,,,,,,,,CAP_FULL,,,,,,,,10.0,10.0,,,,,0,0,,,Inv: 10.0/10.0 CapLeft: 0.0,,,10.0,10.0,20.0,0.0
1765964433.0956547,btc-updown-15m-1765963800,1765963800.0,1765964700.0,,266.90434527397156,,,,,0,0,0.99,0.98,IDLE,,,,,,,,,,,,,,0,5.0,,,,,,,,,,,,,,,,,,,,CAP_FULL,,,,,,,,10.0,10.0,,,,,0,0,,,Inv: 10.0/10.0 CapLeft: 0.0,,,10.0,10.0,20.0,0.0
1765964435.0440848,btc-updown-15m-1765963800,1765963800.0,1765964700.0,,264.9559152126312,,,,,0,0,0.99,0.98,IDLE,,,,,,,,,,,,,,0,5.0,,,,,,,,,,,,,,,,,,,,CAP_FULL,,,,,,,,10.0,10.0,,,,,0,0,,,Inv: 10.0/10.0 CapLeft: 0.0,,,10.0,10.0,20.0,0.0
1765964436.9921145,btc-updown-15m-1765963800,1765963800.0,1765964700.0,,263.0078854560852,,,,,0,0,0.99,0.98,IDLE,,,,,,,,,,,,,,0,5.0,,,,,,,,,,,,,,,,,,,,CAP_FULL,,,,,,,,10.0,10.0,,,,,0,0,,,Inv: 10.0/10.0 CapLeft: 0.0,,,10.0,10.0,20.0,0.0
1765964438.9362657,btc-updown-15m-1765963800,1765963800.0,1765964700.0,,261.063734292984,,,,,0,0,0.99,0.98,IDLE,,,,,,,,,,,,,,0,5.0,,,,,,,,,,,,,,,,,,,,CAP_FULL,,,,,,,,10.0,10.0,,,,,0,0,,,Inv: 10.0/10.0 CapLeft: 0.0,,,10.0,10.0,20.0,0.0
1765964440.8741221,btc-updown-15m-1765963800,1765963800.0,1765964700.0,,259.12587785720825,,,,,0,0,0.98,0.98,IDLE,,,,,,,,,,,,,,0,5.0,,,,,,,,,,,,,,,,,,,,CAP_FULL,,,,,,,,10.0,10.0,,,,,0,0,,,Inv: 10.0/10.0 CapLeft: 0.0,,,10.0,10.0,20.0,0.0
1765964442.8171751,btc-updown-15m-1765963800,1765963800.0,1765964700.0,,257.1828248500824,,,,,0,0,1.0,0.98,IDLE,,,,,,,,,,,,,,0,5.0,,,,,,,,,,,,,,,,,,,,CAP_FULL,,,,,,,,10.0,10.0,,,,,0,0,,,Inv: 10.0/10.0 CapLeft: 0.0,,,10.0,10.0,20.0,0.0
1765964444.7733703,btc-updown-15m-1765963800,1765963800.0,1765964700.0,,255.2266297340393,,,,,0,0,0.98,0.98,IDLE,,,,,,,,,,,,,,0,5.0,,,,,,,,,,,,,,,,,,,,CAP_FULL,,,,,,,,10.0,10.0,,,,,0,0,,,Inv: 10.0/10.0 CapLeft: 0.0,,,10.0,10.0,20.0,0.0
1765964446.7629077,btc-updown-15m-1765963800,1765963800.0,1765964700.0,,253.23709225654602,,,,,0,0,1.0,0.98,IDLE,,,,,,,,,,,,,,0,5.0,,,,,,,,,,,,,,,,,,,,CAP_FULL,,,,,,,,10.0,10.0,,,,,0,0,,,Inv: 10.0/10.0 CapLeft: 0.0,,,10.0,10.0,20.0,0.0
1765964448.712994,btc-updown-15m-1765963800,1765963800.0,1765964700.0,,251.28700590133667,,,,,0,0,0.99,0.98,IDLE,,,,,,,,,,,,,,0,5.0,,,,,,,,,,,,,,,,,,,,CAP_FULL,,,,,,,,10.0,10.0,,,,,0,0,,,Inv: 10.0/10.0 CapLeft: 0.0,,,10.0,10.0,20.0,0.0
1765964450.6667082,btc-updown-15m-1765963800,1765963800.0,1765964700.0,,249.3332917690277,,,,,0,0,0.98,0.98,IDLE,,,,,,,,,,,,,,0,5.0,,,,,,,,,,,,,,,,,,,,CAP_FULL,,,,,,,,10.0,10.0,,,,,0,0,,,Inv: 10.0/10.0 CapLeft: 0.0,,,10.0,10.0,20.0,0.0
1765964452.6099684,btc-updown-15m-1765963800,1765963800.0,1765964700.0,,247.39003157615662,,,,,0,0,0.98,0.98,IDLE,,,,,,,,,,,,,,0,5.0,,,,,,,,,,,,,,,,,,,,CAP_FULL,,,,,,,,10.0,10.0,,,,,0,0,,,Inv: 10.0/10.0 CapLeft: 0.0,,,10.0,10.0,20.0,0.0
1765964454.5542266,btc-updown-15m-1765963800,1765963800.0,1765964700.0,,245.4457733631134,,,,,0,0,0.99,0.98,IDLE,,,,,,,,,,,,,,0,5.0,,,,,,,,,,,,,,,,,,,,CAP_FULL,,,,,,,,10.0,10.0,,,,,0,0,,,Inv: 10.0/10.0 CapLeft: 0.0,,,10.0,10.0,20.0,0.0
1765964456.5170212,btc-updown-15m-1765963800,1765963800.0,1765964700.0,,243.48297882080078,,,,,0,0,0.99,0.98,IDLE,,,,,,,,,,,,,,0,5.0,,,,,,,,,,,,,,,,,,,,CAP_FULL,,,,,,,,10.0,10.0,,,,,0,0,,,Inv: 10.0/10.0 CapLeft: 0.0,,,10.0,10.0,20.0,0.0
1765964458.4550767,btc-updown-15m-1765963800,1765963800.0,1765964700.0,,241.54492330551147,,,,,0,0,0.99,0.98,IDLE,,,,,,,,,,,,,,0,5.0,,,,,,,,,,,,,,,,,,,,CAP_FULL,,,,,,,,10.0,10.0,,,,,0,0,,,Inv: 10.0/10.0 CapLeft: 0.0,,,10.0,10.0,20.0,0.0
1765964460.3974085,btc-updown-15m-1765963800,1765963800.0,1765964700.0,,239.6025915145874,,,,,0,0,0.97,0.98,IDLE,,,,,,,,,,,,,,0,5.0,,,,,,,,,,,,,,,,,,,,CAP_FULL,,,,,,,,10.0,10.0,,,,,0,0,,,Inv: 10.0/10.0 CapLeft: 0.0,,,10.0,10.0,20.0,0.0
1765964462.3942006,btc-updown-15m-1765963800,1765963800.0,1765964700.0,,237.6057994365692,,,,,0,0,0.99,0.98,IDLE,,,,,,,,,,,,,,0,5.0,,,,,,,,,,,,,,,,,,,,CAP_FULL,,,,,,,,10.0,10.0,,,,,0,0,,,Inv: 10.0/10.0 CapLeft: 0.0,,,10.0,10.0,20.0,0.0
1765964464.3987525,btc-updown-15m-1765963800,1765963800.0,1765964700.0,,235.601247549057,,,,,0,0,0.98,0.98,IDLE,,,,,,,,,,,,,,0,5.0,,,,,,,,,,,,,,,,,,,,CAP_FULL,,,,,,,,10.0,10.0,,,,,0,0,,,Inv: 10.0/10.0 CapLeft: 0.0,,,10.0,10.0,20.0,0.0
1765964466.37693,btc-updown-15m-1765963800,1765963800.0,1765964700.0,,233.62307000160217,,,,,0,0,0.98,0.98,IDLE,,,,,,,,,,,,,,0,5.0,,,,,,,,,,,,,,,,,,,,CAP_FULL,,,,,,,,10.0,10.0,,,,,0,0,,,Inv: 10.0/10.0 CapLeft: 0.0,,,10.0,10.0,20.0,0.0
1765964468.325957,btc-updown-15m-1765963800,1765963800.0,1765964700.0,,231.67404294013977,,,,,0,0,0.99,0.98,IDLE,,,,,,,,,,,,,,0,5.0,,,,,,,,,,,,,,,,,,,,CAP_FULL,,,,,,,,10.0,10.0,,,,,0,0,,,Inv: 10.0/10.0 CapLeft: 0.0,,,10.0,10.0,20.0,0.0
1765964470.340875,btc-updown-15m-1765963800,1765963800.0,1765964700.0,,229.65912508964539,,,,,0,0,0.99,0.98,IDLE,,,,,,,,,,,,,,0,5.0,,,,,,,,,,,,,,,,,,,,CAP_FULL,,,,,,,,10.0,10.0,,,,,0,0,,,Inv: 10.0/10.0 CapLeft: 0.0,,,10.0,10.0,20.0,0.0
1765964472.300801,btc-updown-15m-1765963800,1765963800.0,1765964700.0,,227.69919896125793,,,,,0,0,0.99,0.98,IDLE,,,,,,,,,,,,,,0,5.0,,,,,,,,,,,,,,,,,,,,CAP_FULL,,,,,,,,10.0,10.0,,,,,0,0,,,Inv: 10.0/10.0 CapLeft: 0.0,,,10.0,10.0,20.0,0.0
1765964474.2424414,btc-updown-15m-1765963800,1765963800.0,1765964700.0,,225.75755858421326,,,,,0,0,0.99,0.98,IDLE,,,,,,,,,,,,,,0,5.0,,,,,,,,,,,,,,,,,,,,CAP_FULL,,,,,,,,10.0,10.0,,,,,0,0,,,Inv: 10.0/10.0 CapLeft: 0.0,,,10.0,10.0,20.0,0.0
1765964476.177671,btc-updown-15m-1765963800,1765963800.0,1765964700.0,,223.82232904434204,,,,,0,0,0.99,0.98,IDLE,,,,,,,,,,,,,,0,5.0,,,,,,,,,,,,,,,,,,,,CAP_FULL,,,,,,,,10.0,10.0,,,,,0,0,,,Inv: 10.0/10.0 CapLeft: 0.0,,,10.0,10.0,20.0,0.0
1765964478.1214764,btc-updown-15m-1765963800,1765963800.0,1765964700.0,,221.87852358818054,,,,,0,0,0.99,0.98,IDLE,,,,,,,,,,,,,,0,5.0,,,,,,,,,,,,,,,,,,,,CAP_FULL,,,,,,,,10.0,10.0,,,,,0,0,,,Inv: 10.0/10.0 CapLeft: 0.0,,,10.0,10.0,20.0,0.0
1765964480.0662534,btc-updown-15m-1765963800,1765963800.0,1765964700.0,,219.9337465763092,,,,,0,0,0.98,0.98,IDLE,,,,,,,,,,,,,,0,5.0,,,,,,,,,,,,,,,,,,,,CAP_FULL,,,,,,,,10.0,10.0,,,,,0,0,,,Inv: 10.0/10.0 CapLeft: 0.0,,,10.0,10.0,20.0,0.0
1765964482.0064673,btc-updown-15m-1765963800,1765963800.0,1765964700.0,,217.9935326576233,,,,,0,0,0.98,0.98,IDLE,,,,,,,,,,,,,,0,5.0,,,,,,,,,,,,,,,,,,,,CAP_FULL,,,,,,,,10.0,10.0,,,,,0,0,,,Inv: 10.0/10.0 CapLeft: 0.0,,,10.0,10.0,20.0,0.0
1765964483.96461,btc-updown-15m-1765963800,1765963800.0,1765964700.0,,216.03538990020752,,,,,0,0,0.99,0.98,IDLE,,,,,,,,,,,,,,0,5.0,,,,,,,,,,,,,,,,,,,,CAP_FULL,,,,,,,,10.0,10.0,,,,,0,0,,,Inv: 10.0/10.0 CapLeft: 0.0,,,10.0,10.0,20.0,0.0
1765964485.8992076,btc-updown-15m-1765963800,1765963800.0,1765964700.0,,214.1007924079895,,,,,0,0,0.99,0.98,IDLE,,,,,,,,,,,,,,0,5.0,,,,,,,,,,,,,,,,,,,,CAP_FULL,,,,,,,,10.0,10.0,,,,,0,0,,,Inv: 10.0/10.0 CapLeft: 0.0,,,10.0,10.0,20.0,0.0
1765964487.8595276,btc-updown-15m-1765963800,1765963800.0,1765964700.0,,212.14047241210938,,,,,0,0,0.98,0.98,IDLE,,,,,,,,,,,,,,0,5.0,,,,,,,,,,,,,,,,,,,,CAP_FULL,,,,,,,,10.0,10.0,,,,,0,0,,,Inv: 10.0/10.0 CapLeft: 0.0,,,10.0,10.0,20.0,0.0
1765964489.7976701,btc-updown-15m-1765963800,1765963800.0,1765964700.0,,210.2023298740387,,,,,0,0,0.97,0.98,IDLE,,,,,,,,,,,,,,0,5.0,,,,,,,,,,,,,,,,,,,,CAP_FULL,,,,,,,,10.0,10.0,,,,,0,0,,,Inv: 10.0/10.0 CapLeft: 0.0,,,10.0,10.0,20.0,0.0
1765964491.7468371,btc-updown-15m-1765963800,1765963800.0,1765964700.0,,208.25316286087036,,,,,0,0,0.99,0.98,IDLE,,,,,,,,,,,,,,0,5.0,,,,,,,,,,,,,,,,,,,,CAP_FULL,,,,,,,,10.0,10.0,,,,,0,0,,,Inv: 10.0/10.0 CapLeft: 0.0,,,10.0,10.0,20.0,0.0
1765964493.7015345,btc-updown-15m-1765963800,1765963800.0,1765964700.0,,206.2984654903412,,,,,0,0,0.98,0.98,IDLE,,,,,,,,,,,,,,0,5.0,,,,,,,,,,,,,,,,,,,,CAP_FULL,,,,,,,,10.0,10.0,,,,,0,0,,,Inv: 10.0/10.0 CapLeft: 0.0,,,10.0,10.0,20.0,0.0
1765964495.6380389,btc-updown-15m-1765963800,1765963800.0,1765964700.0,,204.36196112632751,,,,,0,0,0.98,0.98,IDLE,,,,,,,,,,,,,,0,5.0,,,,,,,,,,,,,,,,,,,,CAP_FULL,,,,,,,,10.0,10.0,,,,,0,0,,,Inv: 10.0/10.0 CapLeft: 0.0,,,10.0,10.0,20.0,0.0
1765964497.5794687,btc-updown-15m-1765963800,1765963800.0,1765964700.0,,202.42053127288818,,,,,0,0,0.98,0.98,IDLE,,,,,,,,,,,,,,0,5.0,,,,,,,,,,,,,,,,,,,,CAP_FULL,,,,,,,,10.0,10.0,,,,,0,0,,,Inv: 10.0/10.0 CapLeft: 0.0,,,10.0,10.0,20.0,0.0
1765964499.5297854,btc-updown-15m-1765963800,1765963800.0,1765964700.0,,200.47021460533142,,,,,0,0,0.98,0.98,IDLE,,,,,,,,,,,,,,0,5.0,,,,,,,,,,,,,,,,,,,,CAP_FULL,,,,,,,,10.0,10.0,,,,,0,0,,,Inv: 10.0/10.0 CapLeft: 0.0,,,10.0,10.0,20.0,0.0
1765964501.4717038,btc-updown-15m-1765963800,1765963800.0,1765964700.0,,198.5282962322235,,,,,0,0,0.97,0.98,IDLE,,,,,,,,,,,,,,0,5.0,,,,,,,,,,,,,,,,,,,,CAP_FULL,,,,,,,,10.0,10.0,,,,,0,0,,,Inv: 10.0/10.0 CapLeft: 0.0,,,10.0,10.0,20.0,0.0
1765964503.407668,btc-updown-15m-1765963800,1765963800.0,1765964700.0,,196.5923318862915,,,,,0,0,1.0,0.98,IDLE,,,,,,,,,,,,,,0,5.0,,,,,,,,,,,,,,,,,,,,CAP_FULL,,,,,,,,10.0,10.0,,,,,0,0,,,Inv: 10.0/10.0 CapLeft: 0.0,,,10.0,10.0,20.0,0.0
1765964505.3380163,btc-updown-15m-1765963800,1765963800.0,1765964700.0,,194.6619837284088,,,,,0,0,0.98,0.98,IDLE,,,,,,,,,,,,,,0,5.0,,,,,,,,,,,,,,,,,,,,CAP_FULL,,,,,,,,10.0,10.0,,,,,0,0,,,Inv: 10.0/10.0 CapLeft: 0.0,,,10.0,10.0,20.0,0.0
1765964507.2741895,btc-updown-15m-1765963800,1765963800.0,1765964700.0,,192.7258105278015,,,,,0,0,0.98,0.98,IDLE,,,,,,,,,,,,,,0,5.0,,,,,,,,,,,,,,,,,,,,CAP_FULL,,,,,,,,10.0,10.0,,,,,0,0,,,Inv: 10.0/10.0 CapLeft: 0.0,,,10.0,10.0,20.0,0.0
1765964509.2389946,btc-updown-15m-1765963800,1765963800.0,1765964700.0,,190.76100540161133,,,,,0,0,0.98,0.98,IDLE,,,,,,,,,,,,,,0,5.0,,,,,,,,,,,,,,,,,,,,CAP_FULL,,,,,,,,10.0,10.0,,,,,0,0,,,Inv: 10.0/10.0 CapLeft: 0.0,,,10.0,10.0,20.0,0.0
1765964511.188312,btc-updown-15m-1765963800,1765963800.0,1765964700.0,,188.81168794631958,,,,,0,0,0.99,0.98,IDLE,,,,,,,,,,,,,,0,5.0,,,,,,,,,,,,,,,,,,,,CAP_FULL,,,,,,,,10.0,10.0,,,,,0,0,,,Inv: 10.0/10.0 CapLeft: 0.0,,,10.0,10.0,20.0,0.0
1765964513.1475189,btc-updown-15m-1765963800,1765963800.0,1765964700.0,,186.85248112678528,,,,,0,0,0.98,0.98,IDLE,,,,,,,,,,,,,,0,5.0,,,,,,,,,,,,,,,,,,,,CAP_FULL,,,,,,,,10.0,10.0,,,,,0,0,,,Inv: 10.0/10.0 CapLeft: 0.0,,,10.0,10.0,20.0,0.0
1765964515.114438,btc-updown-15m-1765963800,1765963800.0,1765964700.0,,184.8855619430542,,,,,0,0,0.99,0.98,IDLE,,,,,,,,,,,,,,0,5.0,,,,,,,,,,,,,,,,,,,,CAP_FULL,,,,,,,,10.0,10.0,,,,,0,0,,,Inv: 10.0/10.0 CapLeft: 0.0,,,10.0,10.0,20.0,0.0
1765964517.0538054,btc-updown-15m-1765963800,1765963800.0,1765964700.0,,182.94619464874268,,,,,0,0,0.99,0.98,IDLE,,,,,,,,,,,,,,0,5.0,,,,,,,,,,,,,,,,,,,,CAP_FULL,,,,,,,,10.0,10.0,,,,,0,0,,,Inv: 10.0/10.0 CapLeft: 0.0,,,10.0,10.0,20.0,0.0
1765964518.9968405,btc-updown-15m-1765963800,1765963800.0,1765964700.0,,181.00315952301025,,,,,0,0,0.99,0.98,IDLE,,,,,,,,,,,,,,0,5.0,,,,,,,,,,,,,,,,,,,,CAP_FULL,,,,,,,,10.0,10.0,,,,,0,0,,,Inv: 10.0/10.0 CapLeft: 0.0,,,10.0,10.0,20.0,0.0
1765964520.9360352,btc-updown-15m-1765963800,1765963800.0,1765964700.0,,179.06396484375,,,,,0,0,0.99,0.98,IDLE,,,,,,,,,,,,,,0,5.0,,,,,,,,,,,,,,,,,,,,CAP_FULL,,,,,,,,10.0,10.0,,,,,0,0,,,Inv: 10.0/10.0 CapLeft: 0.0,,,10.0,10.0,20.0,0.0
1765964522.8918064,btc-updown-15m-1765963800,1765963800.0,1765964700.0,,177.10819363594055,,,,,0,0,0.98,0.98,IDLE,,,,,,,,,,,,,,0,5.0,,,,,,,,,,,,,,,,,,,,CAP_FULL,,,,,,,,10.0,10.0,,,,,0,0,,,Inv: 10.0/10.0 CapLeft: 0.0,,,10.0,10.0,20.0,0.0
1765964524.8347719,btc-updown-15m-1765963800,1765963800.0,1765964700.0,,175.16522812843323,,,,,0,0,0.99,0.98,IDLE,,,,,,,,,,,,,,0,5.0,,,,,,,,,,,,,,,,,,,,CAP_FULL,,,,,,,,10.0,10.0,,,,,0,0,,,Inv: 10.0/10.0 CapLeft: 0.0,,,10.0,10.0,20.0,0.0
1765964526.7838044,btc-updown-15m-1765963800,1765963800.0,1765964700.0,,173.2161955833435,,,,,0,0,0.99,0.98,IDLE,,,,,,,,,,,,,,0,5.0,,,,,,,,,,,,,,,,,,,,CAP_FULL,,,,,,,,10.0,10.0,,,,,0,0,,,Inv: 10.0/10.0 CapLeft: 0.0,,,10.0,10.0,20.0,0.0
1765964528.7184024,btc-updown-15m-1765963800,1765963800.0,1765964700.0,,171.28159761428833,,,,,0,0,0.99,0.98,IDLE,,,,,,,,,,,,,,0,5.0,,,,,,,,,,,,,,,,,,,,CAP_FULL,,,,,,,,10.0,10.0,,,,,0,0,,,Inv: 10.0/10.0 CapLeft: 0.0,,,10.0,10.0,20.0,0.0
1765964530.6531472,btc-updown-15m-1765963800,1765963800.0,1765964700.0,,169.34685277938843,,,,,0,0,0.99,0.98,IDLE,,,,,,,,,,,,,,0,5.0,,,,,,,,,,,,,,,,,,,,CAP_FULL,,,,,,,,10.0,10.0,,,,,0,0,,,Inv: 10.0/10.0 CapLeft: 0.0,,,10.0,10.0,20.0,0.0
1765964532.603505,btc-updown-15m-1765963800,1765963800.0,1765964700.0,,167.39649510383606,,,,,0,0,0.99,0.98,IDLE,,,,,,,,,,,,,,0,5.0,,,,,,,,,,,,,,,,,,,,CAP_FULL,,,,,,,,10.0,10.0,,,,,0,0,,,Inv: 10.0/10.0 CapLeft: 0.0,,,10.0,10.0,20.0,0.0
1765964534.5636585,btc-updown-15m-1765963800,1765963800.0,1765964700.0,,165.43634152412415,,,,,0,0,0.99,0.98,IDLE,,,,,,,,,,,,,,0,5.0,,,,,,,,,,,,,,,,,,,,CAP_FULL,,,,,,,,10.0,10.0,,,,,0,0,,,Inv: 10.0/10.0 CapLeft: 0.0,,,10.0,10.0,20.0,0.0
1765964536.499788,btc-updown-15m-1765963800,1765963800.0,1765964700.0,,163.50021195411682,,,,,0,0,0.99,0.98,IDLE,,,,,,,,,,,,,,0,5.0,,,,,,,,,,,,,,,,,,,,CAP_FULL,,,,,,,,10.0,10.0,,,,,0,0,,,Inv: 10.0/10.0 CapLeft: 0.0,,,10.0,10.0,20.0,0.0
1765964538.4546847,btc-updown-15m-1765963800,1765963800.0,1765964700.0,,161.54531526565552,,,,,0,0,0.98,0.98,IDLE,,,,,,,,,,,,,,0,5.0,,,,,,,,,,,,,,,,,,,,CAP_FULL,,,,,,,,10.0,10.0,,,,,0,0,,,Inv: 10.0/10.0 CapLeft: 0.0,,,10.0,10.0,20.0,0.0
1765964540.4508145,btc-updown-15m-1765963800,1765963800.0,1765964700.0,,159.54918551445007,,,,,0,0,0.99,0.98,IDLE,,,,,,,,,,,,,,0,5.0,,,,,,,,,,,,,,,,,,,,CAP_FULL,,,,,,,,10.0,10.0,,,,,0,0,,,Inv: 10.0/10.0 CapLeft: 0.0,,,10.0,10.0,20.0,0.0
1765964542.442067,btc-updown-15m-1765963800,1765963800.0,1765964700.0,,157.5579330921173,,,,,0,0,0.99,0.98,IDLE,,,,,,,,,,,,,,0,5.0,,,,,,,,,,,,,,,,,,,,CAP_FULL,,,,,,,,10.0,10.0,,,,,0,0,,,Inv: 10.0/10.0 CapLeft: 0.0,,,10.0,10.0,20.0,0.0
1765964544.3806844,btc-updown-15m-1765963800,1765963800.0,1765964700.0,,155.61931562423706,,,,,0,0,0.99,0.98,IDLE,,,,,,,,,,,,,,0,5.0,,,,,,,,,,,,,,,,,,,,CAP_FULL,,,,,,,,10.0,10.0,,,,,0,0,,,Inv: 10.0/10.0 CapLeft: 0.0,,,10.0,10.0,20.0,0.0
1765964546.3206944,btc-updown-15m-1765963800,1765963800.0,1765964700.0,,153.67930555343628,,,,,0,0,0.99,0.98,IDLE,,,,,,,,,,,,,,0,5.0,,,,,,,,,,,,,,,,,,,,CAP_FULL,,,,,,,,10.0,10.0,,,,,0,0,,,Inv: 10.0/10.0 CapLeft: 0.0,,,10.0,10.0,20.0,0.0
1765964548.2529714,btc-updown-15m-1765963800,1765963800.0,1765964700.0,,151.74702858924866,,,,,0,0,0.99,0.98,IDLE,,,,,,,,,,,,,,0,5.0,,,,,,,,,,,,,,,,,,,,CAP_FULL,,,,,,,,10.0,10.0,,,,,0,0,,,Inv: 10.0/10.0 CapLeft: 0.0,,,10.0,10.0,20.0,0.0
1765964550.2410843,btc-updown-15m-1765963800,1765963800.0,1765964700.0,,149.7589156627655,,,,,0,0,0.99,0.98,IDLE,,,,,,,,,,,,,,0,5.0,,,,,,,,,,,,,,,,,,,,CAP_FULL,,,,,,,,10.0,10.0,,,,,0,0,,,Inv: 10.0/10.0 CapLeft: 0.0,,,10.0,10.0,20.0,0.0
1765964552.1906734,btc-updown-15m-1765963800,1765963800.0,1765964700.0,,147.80932664871216,,,,,0,0,0.99,0.98,IDLE,,,,,,,,,,,,,,0,5.0,,,,,,,,,,,,,,,,,,,,CAP_FULL,,,,,,,,10.0,10.0,,,,,0,0,,,Inv: 10.0/10.0 CapLeft: 0.0,,,10.0,10.0,20.0,0.0
1765964554.1406794,btc-updown-15m-1765963800,1765963800.0,1765964700.0,,145.85932064056396,,,,,0,0,0.99,0.98,IDLE,,,,,,,,,,,,,,0,5.0,,,,,,,,,,,,,,,,,,,,CAP_FULL,,,,,,,,10.0,10.0,,,,,0,0,,,Inv: 10.0/10.0 CapLeft: 0.0,,,10.0,10.0,20.0,0.0
1765964556.070813,btc-updown-15m-1765963800,1765963800.0,1765964700.0,,143.92918705940247,,,,,0,0,0.98,0.98,IDLE,,,,,,,,,,,,,,0,5.0,,,,,,,,,,,,,,,,,,,,CAP_FULL,,,,,,,,10.0,10.0,,,,,0,0,,,Inv: 10.0/10.0 CapLeft: 0.0,,,10.0,10.0,20.0,0.0
1765964558.0223045,btc-updown-15m-1765963800,1765963800.0,1765964700.0,,141.9776954650879,,,,,0,0,0.99,0.98,IDLE,,,,,,,,,,,,,,0,5.0,,,,,,,,,,,,,,,,,,,,CAP_FULL,,,,,,,,10.0,10.0,,,,,0,0,,,Inv: 10.0/10.0 CapLeft: 0.0,,,10.0,10.0,20.0,0.0
1765964559.9673495,btc-updown-15m-1765963800,1765963800.0,1765964700.0,,140.03265047073364,,,,,0,0,0.98,0.98,IDLE,,,,,,,,,,,,,,0,5.0,,,,,,,,,,,,,,,,,,,,CAP_FULL,,,,,,,,10.0,10.0,,,,,0,0,,,Inv: 10.0/10.0 CapLeft: 0.0,,,10.0,10.0,20.0,0.0
1765964561.917343,btc-updown-15m-1765963800,1765963800.0,1765964700.0,,138.08265709877014,,,,,0,0,0.99,0.98,IDLE,,,,,,,,,,,,,,0,5.0,,,,,,,,,,,,,,,,,,,,CAP_FULL,,,,,,,,10.0,10.0,,,,,0,0,,,Inv: 10.0/10.0 CapLeft: 0.0,,,10.0,10.0,20.0,0.0
1765964563.851882,btc-updown-15m-1765963800,1765963800.0,1765964700.0,,136.148118019104,,,,,0,0,0.99,0.98,IDLE,,,,,,,,,,,,,,0,5.0,,,,,,,,,,,,,,,,,,,,CAP_FULL,,,,,,,,10.0,10.0,,,,,0,0,,,Inv: 10.0/10.0 CapLeft: 0.0,,,10.0,10.0,20.0,0.0
1765964565.7980087,btc-updown-15m-1765963800,1765963800.0,1765964700.0,,134.20199131965637,,,,,0,0,0.99,0.98,IDLE,,,,,,,,,,,,,,0,5.0,,,,,,,,,,,,,,,,,,,,CAP_FULL,,,,,,,,10.0,10.0,,,,,0,0,,,Inv: 10.0/10.0 CapLeft: 0.0,,,10.0,10.0,20.0,0.0
1765964567.7597103,btc-updown-15m-1765963800,1765963800.0,1765964700.0,,132.24028968811035,,,,,0,0,0.99,0.98,IDLE,,,,,,,,,,,,,,0,5.0,,,,,,,,,,,,,,,,,,,,CAP_FULL,,,,,,,,10.0,10.0,,,,,0,0,,,Inv: 10.0/10.0 CapLeft: 0.0,,,10.0,10.0,20.0,0.0
1765964569.6934016,btc-updown-15m-1765963800,1765963800.0,1765964700.0,,130.3065984249115,,,,,0,0,0.99,0.98,IDLE,,,,,,,,,,,,,,0,5.0,,,,,,,,,,,,,,,,,,,,CAP_FULL,,,,,,,,10.0,10.0,,,,,0,0,,,Inv: 10.0/10.0 CapLeft: 0.0,,,10.0,10.0,20.0,0.0
1765964571.6452153,btc-updown-15m-1765963800,1765963800.0,1765964700.0,,128.35478472709656,,,,,0,0,0.99,0.98,IDLE,,,,,,,,,,,,,,0,5.0,,,,,,,,,,,,,,,,,,,,CAP_FULL,,,,,,,,10.0,10.0,,,,,0,0,,,Inv: 10.0/10.0 CapLeft: 0.0,,,10.0,10.0,20.0,0.0
1765964573.5911238,btc-updown-15m-1765963800,1765963800.0,1765964700.0,,126.4088761806488,,,,,0,0,0.98,0.98,IDLE,,,,,,,,,,,,,,0,5.0,,,,,,,,,,,,,,,,,,,,CAP_FULL,,,,,,,,10.0,10.0,,,,,0,0,,,Inv: 10.0/10.0 CapLeft: 0.0,,,10.0,10.0,20.0,0.0
1765964575.553136,btc-updown-15m-1765963800,1765963800.0,1765964700.0,,124.44686388969421,,,,,0,0,0.98,0.98,IDLE,,,,,,,,,,,,,,0,5.0,,,,,,,,,,,,,,,,,,,,CAP_FULL,,,,,,,,10.0,10.0,,,,,0,0,,,Inv: 10.0/10.0 CapLeft: 0.0,,,10.0,10.0,20.0,0.0
1765964577.4904103,btc-updown-15m-1765963800,1765963800.0,1765964700.0,,122.50958967208862,,,,,0,0,0.99,0.98,IDLE,,,,,,,,,,,,,,0,5.0,,,,,,,,,,,,,,,,,,,,CAP_FULL,,,,,,,,10.0,10.0,,,,,0,0,,,Inv: 10.0/10.0 CapLeft: 0.0,,,10.0,10.0,20.0,0.0
1765964579.4245698,btc-updown-15m-1765963800,1765963800.0,1765964700.0,,120.57543015480042,,,,,0,0,0.99,0.98,IDLE,,,,,,,,,,,,,,0,5.0,,,,,,,,,,,,,,,,,,,,CAP_FULL,,,,,,,,10.0,10.0,,,,,0,0,,,Inv: 10.0/10.0 CapLeft: 0.0,,,10.0,10.0,20.0,0.0
1765964581.3725805,btc-updown-15m-1765963800,1765963800.0,1765964700.0,,118.62741947174072,,,,,0,0,0.99,0.98,IDLE,,,,,,,,,,,,,,0,5.0,,,,,,,,,,,,,,,,,,,,CAP_FULL,,,,,,,,10.0,10.0,,,,,0,0,,,Inv: 10.0/10.0 CapLeft: 0.0,,,10.0,10.0,20.0,0.0
1765964583.345942,btc-updown-15m-1765963800,1765963800.0,1765964700.0,,116.65405797958374,,,,,0,0,0.99,0.98,IDLE,,,,,,,,,,,,,,0,5.0,,,,,,,,,,,,,,,,,,,,CAP_FULL,,,,,,,,10.0,10.0,,,,,0,0,,,Inv: 10.0/10.0 CapLeft: 0.0,,,10.0,10.0,20.0,0.0
1765964585.290594,btc-updown-15m-1765963800,1765963800.0,1765964700.0,,114.70940589904785,,,,,0,0,0.99,0.98,IDLE,,,,,,,,,,,,,,0,5.0,,,,,,,,,,,,,,,,,,,,CAP_FULL,,,,,,,,10.0,10.0,,,,,0,0,,,Inv: 10.0/10.0 CapLeft: 0.0,,,10.0,10.0,20.0,0.0
1765964587.2421672,btc-updown-15m-1765963800,1765963800.0,1765964700.0,,112.75783276557922,,,,,0,0,0.99,0.98,IDLE,,,,,,,,,,,,,,0,5.0,,,,,,,,,,,,,,,,,,,,CAP_FULL,,,,,,,,10.0,10.0,,,,,0,0,,,Inv: 10.0/10.0 CapLeft: 0.0,,,10.0,10.0,20.0,0.0
1765964589.1942053,btc-updown-15m-1765963800,1765963800.0,1765964700.0,,110.80579471588135,,,,,0,0,0.99,0.98,IDLE,,,,,,,,,,,,,,0,5.0,,,,,,,,,,,,,,,,,,,,CAP_FULL,,,,,,,,10.0,10.0,,,,,0,0,,,Inv: 10.0/10.0 CapLeft: 0.0,,,10.0,10.0,20.0,0.0
1765964591.1454558,btc-updown-15m-1765963800,1765963800.0,1765964700.0,,108.85454416275024,,,,,0,0,0.99,0.98,IDLE,,,,,,,,,,,,,,0,5.0,,,,,,,,,,,,,,,,,,,,CAP_FULL,,,,,,,,10.0,10.0,,,,,0,0,,,Inv: 10.0/10.0 CapLeft: 0.0,,,10.0,10.0,20.0,0.0
1765964593.105877,btc-updown-15m-1765963800,1765963800.0,1765964700.0,,106.89412307739258,,,,,0,0,0.99,0.98,IDLE,,,,,,,,,,,,,,0,5.0,,,,,,,,,,,,,,,,,,,,CAP_FULL,,,,,,,,10.0,10.0,,,,,0,0,,,Inv: 10.0/10.0 CapLeft: 0.0,,,10.0,10.0,20.0,0.0
1765964595.0421724,btc-updown-15m-1765963800,1765963800.0,1765964700.0,,104.9578275680542,,,,,0,0,0.99,0.98,IDLE,,,,,,,,,,,,,,0,5.0,,,,,,,,,,,,,,,,,,,,CAP_FULL,,,,,,,,10.0,10.0,,,,,0,0,,,Inv: 10.0/10.0 CapLeft: 0.0,,,10.0,10.0,20.0,0.0
1765964597.0043995,btc-updown-15m-1765963800,1765963800.0,1765964700.0,,102.99560046195984,,,,,0,0,0.99,0.98,IDLE,,,,,,,,,,,,,,0,5.0,,,,,,,,,,,,,,,,,,,,CAP_FULL,,,,,,,,10.0,10.0,,,,,0,0,,,Inv: 10.0/10.0 CapLeft: 0.0,,,10.0,10.0,20.0,0.0
1765964598.9406986,btc-updown-15m-1765963800,1765963800.0,1765964700.0,,101.05930137634277,,,,,0,0,0.99,0.98,IDLE,,,,,,,,,,,,,,0,5.0,,,,,,,,,,,,,,,,,,,,CAP_FULL,,,,,,,,10.0,10.0,,,,,0,0,,,Inv: 10.0/10.0 CapLeft: 0.0,,,10.0,10.0,20.0,0.0
1765964600.8711526,btc-updown-15m-1765963800,1765963800.0,1765964700.0,,99.12884736061096,,,,,0,0,0.99,0.98,IDLE,,,,,,,,,,,,,,0,5.0,,,,,,,,,,,,,,,,,,,,CAP_FULL,,,,,,,,10.0,10.0,,,,,0,0,,,Inv: 10.0/10.0 CapLeft: 0.0,,,10.0,10.0,20.0,0.0
1765964602.8192074,btc-updown-15m-1765963800,1765963800.0,1765964700.0,,97.18079257011414,,,,,0,0,0.99,0.98,IDLE,,,,,,,,,,,,,,0,5.0,,,,,,,,,,,,,,,,,,,,CAP_FULL,,,,,,,,10.0,10.0,,,,,0,0,,,Inv: 10.0/10.0 CapLeft: 0.0,,,10.0,10.0,20.0,0.0
1765964604.7701116,btc-updown-15m-1765963800,1765963800.0,1765964700.0,,95.22988843917847,,,,,0,0,0.99,0.98,IDLE,,,,,,,,,,,,,,0,5.0,,,,,,,,,,,,,,,,,,,,CAP_FULL,,,,,,,,10.0,10.0,,,,,0,0,,,Inv: 10.0/10.0 CapLeft: 0.0,,,10.0,10.0,20.0,0.0
1765964606.7286434,btc-updown-15m-1765963800,1765963800.0,1765964700.0,,93.2713565826416,,,,,0,0,0.98,0.98,IDLE,,,,,,,,,,,,,,0,5.0,,,,,,,,,,,,,,,,,,,,CAP_FULL,,,,,,,,10.0,10.0,,,,,0,0,,,Inv: 10.0/10.0 CapLeft: 0.0,,,10.0,10.0,20.0,0.0
1765964608.667403,btc-updown-15m-1765963800,1765963800.0,1765964700.0,,91.33259701728821,,,,,0,0,0.99,0.98,IDLE,,,,,,,,,,,,,,0,5.0,,,,,,,,,,,,,,,,,,,,CAP_FULL,,,,,,,,10.0,10.0,,,,,0,0,,,Inv: 10.0/10.0 CapLeft: 0.0,,,10.0,10.0,20.0,0.0
1765964610.6186028,btc-updown-15m-1765963800,1765963800.0,1765964700.0,,89.38139724731445,,,,,0,0,0.99,0.98,IDLE,,,,,,,,,,,,,,0,5.0,,,,,,,,,,,,,,,,,,,,CAP_FULL,,,,,,,,10.0,10.0,,,,,0,0,,,Inv: 10.0/10.0 CapLeft: 0.0,,,10.0,10.0,20.0,0.0
1765964612.5767646,btc-updown-15m-1765963800,1765963800.0,1765964700.0,,87.42323541641235,,,,,0,0,0.99,0.98,IDLE,,,,,,,,,,,,,,0,5.0,,,,,,,,,,,,,,,,,,,,CAP_FULL,,,,,,,,10.0,10.0,,,,,0,0,,,Inv: 10.0/10.0 CapLeft: 0.0,,,10.0,10.0,20.0,0.0
1765964614.5257356,btc-updown-15m-1765963800,1765963800.0,1765964700.0,,85.47426438331604,,,,,0,0,0.99,0.98,IDLE,,,,,,,,,,,,,,0,5.0,,,,,,,,,,,,,,,,,,,,CAP_FULL,,,,,,,,10.0,10.0,,,,,0,0,,,Inv: 10.0/10.0 CapLeft: 0.0,,,10.0,10.0,20.0,0.0
1765964616.4629,btc-updown-15m-1765963800,1765963800.0,1765964700.0,,83.53710007667542,,,,,0,0,0.99,0.98,IDLE,,,,,,,,,,,,,,0,5.0,,,,,,,,,,,,,,,,,,,,CAP_FULL,,,,,,,,10.0,10.0,,,,,0,0,,,Inv: 10.0/10.0 CapLeft: 0.0,,,10.0,10.0,20.0,0.0
1765964618.4043295,btc-updown-15m-1765963800,1765963800.0,1765964700.0,,81.59567046165466,,,,,0,0,0.99,0.98,IDLE,,,,,,,,,,,,,,0,5.0,,,,,,,,,,,,,,,,,,,,CAP_FULL,,,,,,,,10.0,10.0,,,,,0,0,,,Inv: 10.0/10.0 CapLeft: 0.0,,,10.0,10.0,20.0,0.0
1765964620.334862,btc-updown-15m-1765963800,1765963800.0,1765964700.0,,79.66513800621033,,,,,0,0,0.99,0.98,IDLE,,,,,,,,,,,,,,0,5.0,,,,,,,,,,,,,,,,,,,,CAP_FULL,,,,,,,,10.0,10.0,,,,,0,0,,,Inv: 10.0/10.0 CapLeft: 0.0,,,10.0,10.0,20.0,0.0
1765964622.2688496,btc-updown-15m-1765963800,1765963800.0,1765964700.0,,77.73115038871765,,,,,0,0,0.99,0.98,IDLE,,,,,,,,,,,,,,0,5.0,,,,,,,,,,,,,,,,,,,,CAP_FULL,,,,,,,,10.0,10.0,,,,,0,0,,,Inv: 10.0/10.0 CapLeft: 0.0,,,10.0,10.0,20.0,0.0
1765964624.2350562,btc-updown-15m-1765963800,1765963800.0,1765964700.0,,75.7649438381195,,,,,0,0,0.99,0.98,IDLE,,,,,,,,,,,,,,0,5.0,,,,,,,,,,,,,,,,,,,,CAP_FULL,,,,,,,,10.0,10.0,,,,,0,0,,,Inv: 10.0/10.0 CapLeft: 0.0,,,10.0,10.0,20.0,0.0
1765964626.1804981,btc-updown-15m-1765963800,1765963800.0,1765964700.0,,73.81950187683105,,,,,0,0,0.99,0.98,IDLE,,,,,,,,,,,,,,0,5.0,,,,,,,,,,,,,,,,,,,,CAP_FULL,,,,,,,,10.0,10.0,,,,,0,0,,,Inv: 10.0/10.0 CapLeft: 0.0,,,10.0,10.0,20.0,0.0
1765964628.1325257,btc-updown-15m-1765963800,1765963800.0,1765964700.0,,71.86747431755066,,,,,0,0,0.99,0.98,IDLE,,,,,,,,,,,,,,0,5.0,,,,,,,,,,,,,,,,,,,,CAP_FULL,,,,,,,,10.0,10.0,,,,,0,0,,,Inv: 10.0/10.0 CapLeft: 0.0,,,10.0,10.0,20.0,0.0
1765964630.0808332,btc-updown-15m-1765963800,1765963800.0,1765964700.0,,69.91916680335999,,,,,0,0,0.99,0.98,IDLE,,,,,,,,,,,,,,0,5.0,,,,,,,,,,,,,,,,,,,,CAP_FULL,,,,,,,,10.0,10.0,,,,,0,0,,,Inv: 10.0/10.0 CapLeft: 0.0,,,10.0,10.0,20.0,0.0
1765964632.0146585,btc-updown-15m-1765963800,1765963800.0,1765964700.0,,67.98534154891968,,,,,0,0,0.99,0.98,IDLE,,,,,,,,,,,,,,0,5.0,,,,,,,,,,,,,,,,,,,,CAP_FULL,,,,,,,,10.0,10.0,,,,,0,0,,,Inv: 10.0/10.0 CapLeft: 0.0,,,10.0,10.0,20.0,0.0
1765964633.963544,btc-updown-15m-1765963800,1765963800.0,1765964700.0,,66.03645610809326,,,,,0,0,0.99,0.98,IDLE,,,,,,,,,,,,,,0,5.0,,,,,,,,,,,,,,,,,,,,CAP_FULL,,,,,,,,10.0,10.0,,,,,0,0,,,Inv: 10.0/10.0 CapLeft: 0.0,,,10.0,10.0,20.0,0.0
1765964635.924485,btc-updown-15m-1765963800,1765963800.0,1765964700.0,,64.07551503181458,,,,,0,0,0.99,0.98,IDLE,,,,,,,,,,,,,,0,5.0,,,,,,,,,,,,,,,,,,,,CAP_FULL,,,,,,,,10.0,10.0,,,,,0,0,,,Inv: 10.0/10.0 CapLeft: 0.0,,,10.0,10.0,20.0,0.0
1765964637.8780818,btc-updown-15m-1765963800,1765963800.0,1765964700.0,,62.12191820144653,,,,,0,0,0.99,0.98,IDLE,,,,,,,,,,,,,,0,5.0,,,,,,,,,,,,,,,,,,,,CAP_FULL,,,,,,,,10.0,10.0,,,,,0,0,,,Inv: 10.0/10.0 CapLeft: 0.0,,,10.0,10.0,20.0,0.0
1765964639.8387454,btc-updown-15m-1765963800,1765963800.0,1765964700.0,,60.16125464439392,,,,,0,0,0.99,0.98,IDLE,,,,,,,,,,,,,,0,5.0,,,,,,,,,,,,,,,,,,,,CAP_FULL,,,,,,,,10.0,10.0,,,,,0,0,,,Inv: 10.0/10.0 CapLeft: 0.0,,,10.0,10.0,20.0,0.0
1765964641.8086138,btc-updown-15m-1765963800,1765963800.0,1765964700.0,,58.191386222839355,,,,,0,0,0.99,0.98,IDLE,,,,,,,,,,,,,,0,5.0,,,,,,,,,,,,,,,,,,,,CAP_FULL,,,,,,,,10.0,10.0,,,,,0,0,,,Inv: 10.0/10.0 CapLeft: 0.0,,,10.0,10.0,20.0,0.0
1765964643.7552168,btc-updown-15m-1765963800,1765963800.0,1765964700.0,,56.24478316307068,,,,,0,0,0.99,0.98,IDLE,,,,,,,,,,,,,,0,5.0,,,,,,,,,,,,,,,,,,,,CAP_FULL,,,,,,,,10.0,10.0,,,,,0,0,,,Inv: 10.0/10.0 CapLeft: 0.0,,,10.0,10.0,20.0,0.0
1765964645.7037935,btc-updown-15m-1765963800,1765963800.0,1765964700.0,,54.2962064743042,,,,,0,0,0.99,0.98,IDLE,,,,,,,,,,,,,,0,5.0,,,,,,,,,,,,,,,,,,,,CAP_FULL,,,,,,,,10.0,10.0,,,,,0,0,,,Inv: 10.0/10.0 CapLeft: 0.0,,,10.0,10.0,20.0,0.0
1765964647.6413703,btc-updown-15m-1765963800,1765963800.0,1765964700.0,,52.35862970352173,,,,,0,0,0.99,0.98,IDLE,,,,,,,,,,,,,,0,5.0,,,,,,,,,,,,,,,,,,,,CAP_FULL,,,,,,,,10.0,10.0,,,,,0,0,,,Inv: 10.0/10.0 CapLeft: 0.0,,,10.0,10.0,20.0,0.0
1765964649.6119413,btc-updown-15m-1765963800,1765963800.0,1765964700.0,,50.38805866241455,,,,,0,0,0.99,0.98,IDLE,,,,,,,,,,,,,,0,5.0,,,,,,,,,,,,,,,,,,,,CAP_FULL,,,,,,,,10.0,10.0,,,,,0,0,,,Inv: 10.0/10.0 CapLeft: 0.0,,,10.0,10.0,20.0,0.0
1765964651.550059,btc-updown-15m-1765963800,1765963800.0,1765964700.0,,48.4499409198761,,,,,0,0,0.99,0.98,IDLE,,,,,,,,,,,,,,0,5.0,,,,,,,,,,,,,,,,,,,,CAP_FULL,,,,,,,,10.0,10.0,,,,,0,0,,,Inv: 10.0/10.0 CapLeft: 0.0,,,10.0,10.0,20.0,0.0
1765964653.5013645,btc-updown-15m-1765963800,1765963800.0,1765964700.0,,46.4986355304718,,,,,0,0,0.99,0.98,IDLE,,,,,,,,,,,,,,0,5.0,,,,,,,,,,,,,,,,,,,,CAP_FULL,,,,,,,,10.0,10.0,,,,,0,0,,,Inv: 10.0/10.0 CapLeft: 0.0,,,10.0,10.0,20.0,0.0
1765964655.4475403,btc-updown-15m-1765963800,1765963800.0,1765964700.0,,44.552459716796875,,,,,0,0,0.99,0.98,IDLE,,,,,,,,,,,,,,0,5.0,,,,,,,,,,,,,,,,,,,,CAP_FULL,,,,,,,,10.0,10.0,,,,,0,0,,,Inv: 10.0/10.0 CapLeft: 0.0,,,10.0,10.0,20.0,0.0
1765964657.3837633,btc-updown-15m-1765963800,1765963800.0,1765964700.0,,42.61623668670654,,,,,0,0,0.99,0.98,IDLE,,,,,,,,,,,,,,0,5.0,,,,,,,,,,,,,,,,,,,,CAP_FULL,,,,,,,,10.0,10.0,,,,,0,0,,,Inv: 10.0/10.0 CapLeft: 0.0,,,10.0,10.0,20.0,0.0
1765964659.3261077,btc-updown-15m-1765963800,1765963800.0,1765964700.0,,40.67389225959778,,,,,0,0,0.99,0.98,IDLE,,,,,,,,,,,,,,0,5.0,,,,,,,,,,,,,,,,,,,,CAP_FULL,,,,,,,,10.0,10.0,,,,,0,0,,,Inv: 10.0/10.0 CapLeft: 0.0,,,10.0,10.0,20.0,0.0
1765964661.2727048,btc-updown-15m-1765963800,1765963800.0,1765964700.0,,38.72729516029358,,,,,0,0,0.99,0.98,IDLE,,,,,,,,,,,,,,0,5.0,,,,,,,,,,,,,,,,,,,,CAP_FULL,,,,,,,,10.0,10.0,,,,,0,0,,,Inv: 10.0/10.0 CapLeft: 0.0,,,10.0,10.0,20.0,0.0
1765964663.2165253,btc-updown-15m-1765963800,1765963800.0,1765964700.0,,36.7834746837616,,,,,0,0,0.99,0.98,IDLE,,,,,,,,,,,,,,0,5.0,,,,,,,,,,,,,,,,,,,,CAP_FULL,,,,,,,,10.0,10.0,,,,,0,0,,,Inv: 10.0/10.0 CapLeft: 0.0,,,10.0,10.0,20.0,0.0
1765964665.1787088,btc-updown-15m-1765963800,1765963800.0,1765964700.0,,34.82129120826721,,,,,0,0,0.99,0.98,IDLE,,,,,,,,,,,,,,0,5.0,,,,,,,,,,,,,,,,,,,,CAP_FULL,,,,,,,,10.0,10.0,,,,,0,0,,,Inv: 10.0/10.0 CapLeft: 0.0,,,10.0,10.0,20.0,0.0
1765964667.1131432,btc-updown-15m-1765963800,1765963800.0,1765964700.0,,32.8868567943573,,,,,0,0,0.99,0.98,IDLE,,,,,,,,,,,,,,0,5.0,,,,,,,,,,,,,,,,,,,,CAP_FULL,,,,,,,,10.0,10.0,,,,,0,0,,,Inv: 10.0/10.0 CapLeft: 0.0,,,10.0,10.0,20.0,0.0
1765964669.0668173,btc-updown-15m-1765963800,1765963800.0,1765964700.0,,30.93318271636963,,,,,0,0,0.99,0.98,IDLE,,,,,,,,,,,,,,0,5.0,,,,,,,,,,,,,,,,,,,,CAP_FULL,,,,,,,,10.0,10.0,,,,,0,0,,,Inv: 10.0/10.0 CapLeft: 0.0,,,10.0,10.0,20.0,0.0
1765964671.0143626,btc-updown-15m-1765963800,1765963800.0,1765964700.0,,28.985637426376343,,,,,0,0,0.99,0.98,IDLE,,,,,,,,,,,,,,0,5.0,,,,,,,,,,,,,,,,,,,,CAP_FULL,,,,,,,,10.0,10.0,,,,,0,0,,,Inv: 10.0/10.0 CapLeft: 0.0,,,10.0,10.0,20.0,0.0
1765964672.9522245,btc-updown-15m-1765963800,1765963800.0,1765964700.0,,27.047775506973267,,,,,0,0,0.99,0.98,IDLE,,,,,,,,,,,,,,0,5.0,,,,,,,,,,,,,,,,,,,,CAP_FULL,,,,,,,,10.0,10.0,,,,,0,0,,,Inv: 10.0/10.0 CapLeft: 0.0,,,10.0,10.0,20.0,0.0
1765964674.8973932,btc-updown-15m-1765963800,1765963800.0,1765964700.0,,25.102606773376465,,,,,0,0,0.99,0.98,IDLE,,,,,,,,,,,,,,0,5.0,,,,,,,,,,,,,,,,,,,,CAP_FULL,,,,,,,,10.0,10.0,,,,,0,0,,,Inv: 10.0/10.0 CapLeft: 0.0,,,10.0,10.0,20.0,0.0
1765964676.849821,btc-updown-15m-1765963800,1765963800.0,1765964700.0,,23.150178909301758,,,,,0,0,0.99,0.98,IDLE,,,,,,,,,,,,,,0,5.0,,,,,,,,,,,,,,,,,,,,CAP_FULL,,,,,,,,10.0,10.0,,,,,0,0,,,Inv: 10.0/10.0 CapLeft: 0.0,,,10.0,10.0,20.0,0.0
1765964678.801099,btc-updown-15m-1765963800,1765963800.0,1765964700.0,,21.198900938034058,,,,,0,0,0.99,0.98,IDLE,,,,,,,,,,,,,,0,5.0,,,,,,,,,,,,,,,,,,,,CAP_FULL,,,,,,,,10.0,10.0,,,,,0,0,,,Inv: 10.0/10.0 CapLeft: 0.0,,,10.0,10.0,20.0,0.0
1765964680.7434986,btc-updown-15m-1765963800,1765963800.0,1765964700.0,,19.25650143623352,,,,,0,0,0.99,0.98,IDLE,,,,,,,,,,,,,,0,5.0,,,,,,,,,,,,,,,,,,,,CAP_FULL,,,,,,,,10.0,10.0,,,,,0,0,,,Inv: 10.0/10.0 CapLeft: 0.0,,,10.0,10.0,20.0,0.0
1765964682.7370138,btc-updown-15m-1765963800,1765963800.0,1765964700.0,,17.262986183166504,,,,,0,0,0.99,0.98,IDLE,,,,,,,,,,,,,,0,5.0,,,,,,,,,,,,,,,,,,,,CAP_FULL,,,,,,,,10.0,10.0,,,,,0,0,,,Inv: 10.0/10.0 CapLeft: 0.0,,,10.0,10.0,20.0,0.0
1765964684.6943183,btc-updown-15m-1765963800,1765963800.0,1765964700.0,,15.305681705474854,,,,,0,0,0.99,0.98,IDLE,,,,,,,,,,,,,,0,5.0,,,,,,,,,,,,,,,,,,,,CAP_FULL,,,,,,,,10.0,10.0,,,,,0,0,,,Inv: 10.0/10.0 CapLeft: 0.0,,,10.0,10.0,20.0,0.0
1765964686.6444929,btc-updown-15m-1765963800,1765963800.0,1765964700.0,,13.355507135391235,,,,,0,0,0.99,0.98,IDLE,,,,,,,,,,,,,,0,5.0,,,,,,,,,,,,,,,,,,,,CAP_FULL,,,,,,,,10.0,10.0,,,,,0,0,,,Inv: 10.0/10.0 CapLeft: 0.0,,,10.0,10.0,20.0,0.0
1765964688.5821998,btc-updown-15m-1765963800,1765963800.0,1765964700.0,,11.417800188064575,,,,,0,0,0.99,0.98,IDLE,,,,,,,,,,,,,,0,5.0,,,,,,,,,,,,,,,,,,,,CAP_FULL,,,,,,,,10.0,10.0,,,,,0,0,,,Inv: 10.0/10.0 CapLeft: 0.0,,,10.0,10.0,20.0,0.0
1765964690.6090536,btc-updown-15m-1765963800,1765963800.0,1765964700.0,,9.390946388244629,,,,,0,0,0.99,0.98,IDLE,,,,,,,,,,,,,,0,5.0,,,,,,,,,,,,,,,,,,,,CAP_FULL,,,,,,,,10.0,10.0,,,,,0,0,,,Inv: 10.0/10.0 CapLeft: 0.0,,,10.0,10.0,20.0,0.0
1765964692.5579548,btc-updown-15m-1765963800,1765963800.0,1765964700.0,,7.442045211791992,,,,,0,0,0.99,0.98,IDLE,,,,,,,,,,,,,,0,5.0,,,,,,,,,,,,,,,,,,,,CAP_FULL,,,,,,,,10.0,10.0,,,,,0,0,,,Inv: 10.0/10.0 CapLeft: 0.0,,,10.0,10.0,20.0,0.0
1765964694.4904096,btc-updown-15m-1765963800,1765963800.0,1765964700.0,,5.50959038734436,,,,,0,0,0.99,0.98,IDLE,,,,,,,,,,,,,,0,5.0,,,,,,,,,,,,,,,,,,,,CAP_FULL,,,,,,,,10.0,10.0,,,,,0,0,,,Inv: 10.0/10.0 CapLeft: 0.0,,,10.0,10.0,20.0,0.0
1765964696.422026,btc-updown-15m-1765963800,1765963800.0,1765964700.0,,3.5779740810394287,,,,,0,0,0.99,0.98,IDLE,,,,,,,,,,,,,,0,5.0,,,,,,,,,,,,,,,,,,,,CAP_FULL,,,,,,,,10.0,10.0,,,,,0,0,,,Inv: 10.0/10.0 CapLeft: 0.0,,,10.0,10.0,20.0,0.0
1765964698.362542,btc-updown-15m-1765963800,1765963800.0,1765964700.0,,1.637458086013794,,,,,0,0,0.99,0.98,IDLE,,,,,,,,,,,,,,0,5.0,,,,,,,,,,,,,,,,,,,,CAP_FULL,,,,,,,,10.0,10.0,,,,,0,0,,,Inv: 10.0/10.0 CapLeft: 0.0,,,10.0,10.0,20.0,0.0
