timestamp,slug,market_start_ts,market_end_ts,now_ts,time_remaining,up_bid,up_ask,down_bid,down_ask,up_px,down_px,sum_px,max_sum_price,decision,blocked_maker,order_age,up_filled,down_filled,has_traded,intended_price_up,rounded_price_up,intended_price_down,rounded_price_down,cancel_reason,unwind_method,unwind_price,unwind_result,optimal_size,actual_size,near_resolution_blocked,force_flatten,entry_cutoff_sec,force_flatten_sec,size_chosen,size_max_usd,size_max_final,usd_per_market_cap,test_mode,used_test_preset,test_preset_candidate,min_leg_price,max_leg_price,min_profit_per_share,profit_both,price_bounds_ok,profit_ok,skip_reason,blocked_price_bounds,blocked_low_profit,taker_path_attempted,up_ask_at_send,down_ask_at_send,up_bid_at_send,down_bid_at_send,filled_up_shares,filled_down_shares,target_size_shares,size_locked_blocked,overbuy_attempted,filled_first_price,remaining_up,remaining_down,entry_id,reprice_attempt_count,reprice_reason,time_in_one_leg_state,last_reprice_ts,reconstruction_budget,reconstruction_spent,remaining_edge
1765966502.8932462,btc-updown-15m-1765966500,1765966500.0,1765967400.0,,897.1067538261414,,,,,0,0,0.99,0.98,IDLE,,,,,,,,,,,,,,0,0.0,,,,,,,,,,,,,,,,,,,,Spread high 0.99 > 0.98,,,,,,,,0.0,0.0,,,,,0,0,,,Inv: 0.0/0.0 CapLeft: 20.0,,,0.0,0.0,0.0,20.0,0.0,0.0,0.0
1765966504.8439064,btc-updown-15m-1765966500,1765966500.0,1765967400.0,,895.1560935974121,,,,,0,0,1.0,0.98,IDLE,,,,,,,,,,,,,,0,0.0,,,,,,,,,,,,,,,,,,,,Spread high 1.00 > 0.98,,,,,,,,0.0,0.0,,,,,0,0,,,Inv: 0.0/0.0 CapLeft: 20.0,,,0.0,0.0,0.0,20.0,0.0,0.0,0.0
1765966506.7953637,btc-updown-15m-1765966500,1765966500.0,1765967400.0,,893.2046363353729,,,,,0,0,0.99,0.98,IDLE,,,,,,,,,,,,,,0,0.0,,,,,,,,,,,,,,,,,,,,Spread high 0.99 > 0.98,,,,,,,,0.0,0.0,,,,,0,0,,,Inv: 0.0/0.0 CapLeft: 20.0,,,0.0,0.0,0.0,20.0,0.0,0.0,0.0
1765966508.7478242,btc-updown-15m-1765966500,1765966500.0,1765967400.0,,891.2521758079529,,,,,0,0,0.99,0.98,IDLE,,,,,,,,,,,,,,0,0.0,,,,,,,,,,,,,,,,,,,,Spread high 0.99 > 0.98,,,,,,,,0.0,0.0,,,,,0,0,,,Inv: 0.0/0.0 CapLeft: 20.0,,,0.0,0.0,0.0,20.0,0.0,0.0,0.0
1765966510.704768,btc-updown-15m-1765966500,1765966500.0,1765967400.0,,889.2952320575714,,,,,0,0,0.99,0.98,IDLE,,,,,,,,,,,,,,0,0.0,,,,,,,,,,,,,,,,,,,,Spread high 0.99 > 0.98,,,,,,,,0.0,0.0,,,,,0,0,,,Inv: 0.0/0.0 CapLeft: 20.0,,,0.0,0.0,0.0,20.0,0.0,0.0,0.0
1765966512.6533206,btc-updown-15m-1765966500,1765966500.0,1765967400.0,,887.3466794490814,,,,,0,0,0.99,0.98,IDLE,,,,,,,,,,,,,,0,0.0,,,,,,,,,,,,,,,,,,,,Spread high 0.99 > 0.98,,,,,,,,0.0,0.0,,,,,0,0,,,Inv: 0.0/0.0 CapLeft: 20.0,,,0.0,0.0,0.0,20.0,0.0,0.0,0.0
1765966514.6195242,btc-updown-15m-1765966500,1765966500.0,1765967400.0,,885.3804757595062,,,,,0,0,0.99,0.98,IDLE,,,,,,,,,,,,,,0,0.0,,,,,,,,,,,,,,,,,,,,Spread high 0.99 > 0.98,,,,,,,,0.0,0.0,,,,,0,0,,,Inv: 0.0/0.0 CapLeft: 20.0,,,0.0,0.0,0.0,20.0,0.0,0.0,0.0
1765966516.567144,btc-updown-15m-1765966500,1765966500.0,1765967400.0,,883.4328560829163,,,,,0,0,0.99,0.98,IDLE,,,,,,,,,,,,,,0,0.0,,,,,,,,,,,,,,,,,,,,Spread high 0.99 > 0.98,,,,,,,,0.0,0.0,,,,,0,0,,,Inv: 0.0/0.0 CapLeft: 20.0,,,0.0,0.0,0.0,20.0,0.0,0.0,0.0
1765966518.5279777,btc-updown-15m-1765966500,1765966500.0,1765967400.0,,881.4720222949982,,,,,0,0,0.99,0.98,IDLE,,,,,,,,,,,,,,0,0.0,,,,,,,,,,,,,,,,,,,,Spread high 0.99 > 0.98,,,,,,,,0.0,0.0,,,,,0,0,,,Inv: 0.0/0.0 CapLeft: 20.0,,,0.0,0.0,0.0,20.0,0.0,0.0,0.0
1765966520.4974349,btc-updown-15m-1765966500,1765966500.0,1765967400.0,,879.5025651454926,,,,,0,0,0.99,0.98,IDLE,,,,,,,,,,,,,,0,0.0,,,,,,,,,,,,,,,,,,,,Spread high 0.99 > 0.98,,,,,,,,0.0,0.0,,,,,0,0,,,Inv: 0.0/0.0 CapLeft: 20.0,,,0.0,0.0,0.0,20.0,0.0,0.0,0.0
1765966522.448451,btc-updown-15m-1765966500,1765966500.0,1765967400.0,,877.5515489578247,,,,,0,0,0.99,0.98,IDLE,,,,,,,,,,,,,,0,0.0,,,,,,,,,,,,,,,,,,,,Spread high 0.99 > 0.98,,,,,,,,0.0,0.0,,,,,0,0,,,Inv: 0.0/0.0 CapLeft: 20.0,,,0.0,0.0,0.0,20.0,0.0,0.0,0.0
1765966524.4232926,btc-updown-15m-1765966500,1765966500.0,1765967400.0,,875.5767073631287,,,,,0.32,0.66,0.98,0.98,ORDERS_OPEN,,,,,,,,,,,,,,6,6,,,,,,,,,,,,,,,,,,,,Leg:BOTH UP:6 DOWN:6,,,,,,,,0.0,0.0,,,,,0,0,,,Inv: 0.0/0.0 CapLeft: 20.0,,,0.0,0.0,0.0,20.0,0.0,0.0,0.0
1765966529.6082907,btc-updown-15m-1765966500,1765966500.0,1765967400.0,,870.3917093276978,,,,,0,0,0.99,0.98,ORDERS_OPEN,,,,,,,,,,,,,,0,6,,,,,,,,,,,,,,,,,,,,,,,,,,,,6.0,0.0,,,,,0,0,,,Inv: 6.0/0.0 CapLeft: 14.0,,,6.0,0.0,6.0,14.0,0.0,0.0,0.0
1765966532.014052,btc-updown-15m-1765966500,1765966500.0,1765967400.0,,867.9859480857849,,,,,0,0,0.99,0.98,ORDERS_OPEN,,,,,,,,,,,,,,0,6,,,,,,,,,,,,,,,,,,,,,,,,,,,,6.0,0.0,,,,,0,0,,,Inv: 6.0/0.0 CapLeft: 14.0,,,6.0,0.0,6.0,14.0,0.0,0.0,0.0
1765966534.164206,btc-updown-15m-1765966500,1765966500.0,1765967400.0,,865.8357939720154,,,,,0,0,0.99,0.98,ORDERS_OPEN,,,,,,,,,,,,,,0,6,,,,,,,,,,,,,,,,,,,,,,,,,,,,6.0,0.0,,,,,0,0,,,Inv: 6.0/0.0 CapLeft: 14.0,,,6.0,0.0,6.0,14.0,0.0,0.0,0.0
1765966536.3107061,btc-updown-15m-1765966500,1765966500.0,1765967400.0,,863.6892938613892,,,,,0,0,0.98,0.98,ORDERS_OPEN,,,,,,,,,,,,,,0,6,,,,,,,,,,,,,,,,,,,,,,,,,,,,6.0,0.0,,,,,0,0,,,Inv: 6.0/0.0 CapLeft: 14.0,,,6.0,0.0,6.0,14.0,0.0,0.0,0.0
1765966538.4777472,btc-updown-15m-1765966500,1765966500.0,1765967400.0,,861.5222527980804,,,,,0,0,0.99,0.98,ORDERS_OPEN,,,,,,,,,,,,,,0,6,,,,,,,,,,,,,,,,,,,,,,,,,,,,6.0,0.0,,,,,0,0,,,Inv: 6.0/0.0 CapLeft: 14.0,,,6.0,0.0,6.0,14.0,0.0,0.0,0.0
1765966540.6399035,btc-updown-15m-1765966500,1765966500.0,1765967400.0,,859.3600964546204,,,,,0,0,0.99,0.98,ORDERS_OPEN,,,,,,,,,,,,,,0,6,,,,,,,,,,,,,,,,,,,,,,,,,,,,6.0,0.0,,,,,0,0,,,Inv: 6.0/0.0 CapLeft: 14.0,,,6.0,0.0,6.0,14.0,0.0,0.0,0.0
1765966542.813298,btc-updown-15m-1765966500,1765966500.0,1765967400.0,,857.1867020130157,,,,,0,0,1.0,0.98,ONE_LEG_INVENTORY,,,,,,,,,,,,,,0,6,,,,,,,,,,,,,,,,,,,,,,,,,,,,6.0,0.0,,,,,0,0,,,Inv: 6.0/0.0 CapLeft: 14.0,,,6.0,0.0,6.0,14.0,0.0,0.0,0.0
1765966544.9811637,btc-updown-15m-1765966500,1765966500.0,1765967400.0,,855.0188362598419,,,,,0.25,0.74,0.99,0.98,ORDERS_OPEN,,,,,,,,,,,,,,5.0,5.0,,,,,,,,,,,,,,,,,,,,RECONSTRUCT: FILL_MISSING_ONLY_DOWN (B:$0.00),,,,,,,,6.0,0.0,,,,,0,0,,,Inv: 6.0/0.0 CapLeft: 14.0,,,6.0,0.0,6.0,14.0,0.0,0.0,0.0
1765966547.3546338,btc-updown-15m-1765966500,1765966500.0,1765967400.0,,852.645366191864,,,,,0,0,0.98,0.98,ORDERS_OPEN,,,,,,,,,,,,,,0,5.0,,,,,,,,,,,,,,,,,,,,,,,,,,,,6.0,0.0,,,,,0,0,,,Inv: 6.0/0.0 CapLeft: 14.0,,,6.0,0.0,6.0,14.0,0.0,0.0,0.0
1765966549.5942702,btc-updown-15m-1765966500,1765966500.0,1765967400.0,,850.4057297706604,,,,,0,0,0.99,0.98,ORDERS_OPEN,,,,,,,,,,,,,,0,5.0,,,,,,,,,,,,,,,,,,,,,,,,,,,,6.0,0.0,,,,,0,0,,,Inv: 6.0/0.0 CapLeft: 14.0,,,6.0,0.0,6.0,14.0,0.0,0.0,0.0
1765966551.7647877,btc-updown-15m-1765966500,1765966500.0,1765967400.0,,848.2352123260498,,,,,0,0,0.99,0.98,ORDERS_OPEN,,,,,,,,,,,,,,0,5.0,,,,,,,,,,,,,,,,,,,,,,,,,,,,6.0,0.0,,,,,0,0,,,Inv: 6.0/0.0 CapLeft: 14.0,,,6.0,0.0,6.0,14.0,0.0,0.0,0.0
1765966553.9360633,btc-updown-15m-1765966500,1765966500.0,1765967400.0,,846.0639367103577,,,,,0,0,0.98,0.98,ORDERS_OPEN,,,,,,,,,,,,,,0,5.0,,,,,,,,,,,,,,,,,,,,,,,,,,,,6.0,0.0,,,,,0,0,,,Inv: 6.0/0.0 CapLeft: 14.0,,,6.0,0.0,6.0,14.0,0.0,0.0,0.0
1765966556.1262884,btc-updown-15m-1765966500,1765966500.0,1765967400.0,,843.8737115859985,,,,,0,0,0.98,0.98,ORDERS_OPEN,,,,,,,,,,,,,,0,5.0,,,,,,,,,,,,,,,,,,,,,,,,,,,,6.0,0.0,,,,,0,0,,,Inv: 6.0/0.0 CapLeft: 14.0,,,6.0,0.0,6.0,14.0,0.0,0.0,0.0
1765966558.2868962,btc-updown-15m-1765966500,1765966500.0,1765967400.0,,841.7131037712097,,,,,0,0,0.99,0.98,ORDERS_OPEN,,,,,,,,,,,,,,0,5.0,,,,,,,,,,,,,,,,,,,,,,,,,,,,6.0,0.0,,,,,0,0,,,Inv: 6.0/0.0 CapLeft: 14.0,,,6.0,0.0,6.0,14.0,0.0,0.0,0.0
1765966560.4655242,btc-updown-15m-1765966500,1765966500.0,1765967400.0,,839.5344758033752,,,,,0,0,0.99,0.98,ONE_LEG_INVENTORY,,,,,,,,,,,,,,0,5.0,,,,,,,,,,,,,,,,,,,,,,,,,,,,6.0,0.0,,,,,0,0,,,Inv: 6.0/0.0 CapLeft: 14.0,,,6.0,0.0,6.0,14.0,0.0,0.0,0.0
1765966562.638832,btc-updown-15m-1765966500,1765966500.0,1765967400.0,,837.3611679077148,,,,,0.23,0.75,0.98,0.98,ORDERS_OPEN,,,,,,,,,,,,,,5.0,5.0,,,,,,,,,,,,,,,,,,,,RECONSTRUCT: FILL_MISSING_ONLY_DOWN (B:$0.00),,,,,,,,6.0,0.0,,,,,0,0,,,Inv: 6.0/0.0 CapLeft: 14.0,,,6.0,0.0,6.0,14.0,0.0,0.0,0.0
1765966565.0533123,btc-updown-15m-1765966500,1765966500.0,1765967400.0,,834.9466876983643,,,,,0,0,0.99,0.98,ONE_LEG_INVENTORY,,,,,,,,,,,,,,0,5.0,,,,,,,,,,,,,,,,,,,,,,,,,,,,6.0,5.0,,,,,0,0,,,Inv: 6.0/5.0 CapLeft: 9.0,,,6.0,5.0,11.0,9.0,0.0,0.0,0.0
1765966567.2144585,btc-updown-15m-1765966500,1765966500.0,1765967400.0,,832.7855415344238,,,,,0.27,0.72,0.99,0.98,ORDERS_OPEN,,,,,,,,,,,,,,5.0,5.0,,,,,,,,,,,,,,,,,,,,RECONSTRUCT: FILL_MISSING_ONLY_DOWN (B:$0.00),,,,,,,,6.0,5.0,,,,,0,0,,,Inv: 6.0/5.0 CapLeft: 9.0,,,6.0,5.0,11.0,9.0,0.0,0.0,0.0
1765966569.593667,btc-updown-15m-1765966500,1765966500.0,1765967400.0,,830.4063329696655,,,,,0,0,0.98,0.98,ONE_LEG_INVENTORY,,,,,,,,,,,,,,0,5.0,,,,,,,,,,,,,,,,,,,,,,,,,,,,6.0,10.0,,,,,0,0,,,Inv: 6.0/10.0 CapLeft: 4.0,,,6.0,10.0,16.0,4.0,0.0,0.0,0.0
1765966571.781884,btc-updown-15m-1765966500,1765966500.0,1765967400.0,,828.2181160449982,,,,,0,0,0.99,0.98,ONE_LEG_INVENTORY,,,,,,,,,,,,,,0,5.0,,,,,,,,,,,,,,,,,,,,RECONSTRUCT_BLOCKED: BLOCKED_BY_CAP_MIN,,,,,,,,6.0,10.0,,,,,0,0,,,Inv: 6.0/10.0 CapLeft: 4.0,,,6.0,10.0,16.0,4.0,0.0,0.0,0.0
1765966571.781884,btc-updown-15m-1765966500,1765966500.0,1765967400.0,,828.2181160449982,,,,,0,0,0.99,0.98,ONE_LEG_INVENTORY,,,,,,,,,,,,,,0,5.0,,,,,,,,,,,,,,,,,,,,RECONSTRUCT_BLOCKED: BLOCKED_BY_CAP_MIN,,,,,,,,6.0,10.0,,,,,0,0,,,Inv: 6.0/10.0 CapLeft: 4.0,,,6.0,10.0,16.0,4.0,0.0,0.0,0.0
1765966573.770316,btc-updown-15m-1765966500,1765966500.0,1765967400.0,,826.2296841144562,,,,,0,0,0.99,0.98,ONE_LEG_INVENTORY,,,,,,,,,,,,,,0,5.0,,,,,,,,,,,,,,,,,,,,RECONSTRUCT_BLOCKED: BLOCKED_BY_CAP_MIN,,,,,,,,6.0,10.0,,,,,0,0,,,Inv: 6.0/10.0 CapLeft: 4.0,,,6.0,10.0,16.0,4.0,0.0,0.0,0.0
1765966573.770316,btc-updown-15m-1765966500,1765966500.0,1765967400.0,,826.2296841144562,,,,,0,0,0.99,0.98,ONE_LEG_INVENTORY,,,,,,,,,,,,,,0,5.0,,,,,,,,,,,,,,,,,,,,RECONSTRUCT_BLOCKED: BLOCKED_BY_CAP_MIN,,,,,,,,6.0,10.0,,,,,0,0,,,Inv: 6.0/10.0 CapLeft: 4.0,,,6.0,10.0,16.0,4.0,0.0,0.0,0.0
1765966575.7125268,btc-updown-15m-1765966500,1765966500.0,1765967400.0,,824.2874732017517,,,,,0,0,0.99,0.98,ONE_LEG_INVENTORY,,,,,,,,,,,,,,0,5.0,,,,,,,,,,,,,,,,,,,,RECONSTRUCT_BLOCKED: BLOCKED_BY_CAP_MIN,,,,,,,,6.0,10.0,,,,,0,0,,,Inv: 6.0/10.0 CapLeft: 4.0,,,6.0,10.0,16.0,4.0,0.0,0.0,0.0
1765966575.7125268,btc-updown-15m-1765966500,1765966500.0,1765967400.0,,824.2874732017517,,,,,0,0,0.99,0.98,ONE_LEG_INVENTORY,,,,,,,,,,,,,,0,5.0,,,,,,,,,,,,,,,,,,,,RECONSTRUCT_BLOCKED: BLOCKED_BY_CAP_MIN,,,,,,,,6.0,10.0,,,,,0,0,,,Inv: 6.0/10.0 CapLeft: 4.0,,,6.0,10.0,16.0,4.0,0.0,0.0,0.0
1765966577.6754732,btc-updown-15m-1765966500,1765966500.0,1765967400.0,,822.3245267868042,,,,,0,0,0.99,0.98,ONE_LEG_INVENTORY,,,,,,,,,,,,,,0,5.0,,,,,,,,,,,,,,,,,,,,RECONSTRUCT_BLOCKED: BLOCKED_BY_CAP_MIN,,,,,,,,6.0,10.0,,,,,0,0,,,Inv: 6.0/10.0 CapLeft: 4.0,,,6.0,10.0,16.0,4.0,0.0,0.0,0.0
1765966577.6754732,btc-updown-15m-1765966500,1765966500.0,1765967400.0,,822.3245267868042,,,,,0,0,0.99,0.98,ONE_LEG_INVENTORY,,,,,,,,,,,,,,0,5.0,,,,,,,,,,,,,,,,,,,,RECONSTRUCT_BLOCKED: BLOCKED_BY_CAP_MIN,,,,,,,,6.0,10.0,,,,,0,0,,,Inv: 6.0/10.0 CapLeft: 4.0,,,6.0,10.0,16.0,4.0,0.0,0.0,0.0
1765966579.636574,btc-updown-15m-1765966500,1765966500.0,1765967400.0,,820.3634259700775,,,,,0,0,0.99,0.98,ONE_LEG_INVENTORY,,,,,,,,,,,,,,0,5.0,,,,,,,,,,,,,,,,,,,,RECONSTRUCT_BLOCKED: BLOCKED_BY_CAP_MIN,,,,,,,,6.0,10.0,,,,,0,0,,,Inv: 6.0/10.0 CapLeft: 4.0,,,6.0,10.0,16.0,4.0,0.0,0.0,0.0
1765966579.636574,btc-updown-15m-1765966500,1765966500.0,1765967400.0,,820.3634259700775,,,,,0,0,0.99,0.98,ONE_LEG_INVENTORY,,,,,,,,,,,,,,0,5.0,,,,,,,,,,,,,,,,,,,,RECONSTRUCT_BLOCKED: BLOCKED_BY_CAP_MIN,,,,,,,,6.0,10.0,,,,,0,0,,,Inv: 6.0/10.0 CapLeft: 4.0,,,6.0,10.0,16.0,4.0,0.0,0.0,0.0
1765966581.6007278,btc-updown-15m-1765966500,1765966500.0,1765967400.0,,818.3992722034454,,,,,0,0,0.98,0.98,ONE_LEG_INVENTORY,,,,,,,,,,,,,,0,5.0,,,,,,,,,,,,,,,,,,,,RECONSTRUCT_BLOCKED: BLOCKED_BY_CAP_MIN,,,,,,,,6.0,10.0,,,,,0,0,,,Inv: 6.0/10.0 CapLeft: 4.0,,,6.0,10.0,16.0,4.0,0.0,0.0,0.0
1765966581.6007278,btc-updown-15m-1765966500,1765966500.0,1765967400.0,,818.3992722034454,,,,,0,0,0.98,0.98,ONE_LEG_INVENTORY,,,,,,,,,,,,,,0,5.0,,,,,,,,,,,,,,,,,,,,RECONSTRUCT_BLOCKED: BLOCKED_BY_CAP_MIN,,,,,,,,6.0,10.0,,,,,0,0,,,Inv: 6.0/10.0 CapLeft: 4.0,,,6.0,10.0,16.0,4.0,0.0,0.0,0.0
1765966583.53557,btc-updown-15m-1765966500,1765966500.0,1765967400.0,,816.4644300937653,,,,,0,0,0.98,0.98,ONE_LEG_INVENTORY,,,,,,,,,,,,,,0,5.0,,,,,,,,,,,,,,,,,,,,RECONSTRUCT_BLOCKED: BLOCKED_BY_CAP_MIN,,,,,,,,6.0,10.0,,,,,0,0,,,Inv: 6.0/10.0 CapLeft: 4.0,,,6.0,10.0,16.0,4.0,0.0,0.0,0.0
1765966583.53557,btc-updown-15m-1765966500,1765966500.0,1765967400.0,,816.4644300937653,,,,,0,0,0.98,0.98,ONE_LEG_INVENTORY,,,,,,,,,,,,,,0,5.0,,,,,,,,,,,,,,,,,,,,RECONSTRUCT_BLOCKED: BLOCKED_BY_CAP_MIN,,,,,,,,6.0,10.0,,,,,0,0,,,Inv: 6.0/10.0 CapLeft: 4.0,,,6.0,10.0,16.0,4.0,0.0,0.0,0.0
1765966585.4882662,btc-updown-15m-1765966500,1765966500.0,1765967400.0,,814.5117337703705,,,,,0,0,0.99,0.98,ONE_LEG_INVENTORY,,,,,,,,,,,,,,0,5.0,,,,,,,,,,,,,,,,,,,,RECONSTRUCT_BLOCKED: BLOCKED_BY_CAP_MIN,,,,,,,,6.0,10.0,,,,,0,0,,,Inv: 6.0/10.0 CapLeft: 4.0,,,6.0,10.0,16.0,4.0,0.0,0.0,0.0
1765966585.4882662,btc-updown-15m-1765966500,1765966500.0,1765967400.0,,814.5117337703705,,,,,0,0,0.99,0.98,ONE_LEG_INVENTORY,,,,,,,,,,,,,,0,5.0,,,,,,,,,,,,,,,,,,,,RECONSTRUCT_BLOCKED: BLOCKED_BY_CAP_MIN,,,,,,,,6.0,10.0,,,,,0,0,,,Inv: 6.0/10.0 CapLeft: 4.0,,,6.0,10.0,16.0,4.0,0.0,0.0,0.0
1765966587.4197118,btc-updown-15m-1765966500,1765966500.0,1765967400.0,,812.5802881717682,,,,,0,0,0.98,0.98,ONE_LEG_INVENTORY,,,,,,,,,,,,,,0,5.0,,,,,,,,,,,,,,,,,,,,RECONSTRUCT_BLOCKED: BLOCKED_BY_CAP_MIN,,,,,,,,6.0,10.0,,,,,0,0,,,Inv: 6.0/10.0 CapLeft: 4.0,,,6.0,10.0,16.0,4.0,0.0,0.0,0.0
1765966587.4197118,btc-updown-15m-1765966500,1765966500.0,1765967400.0,,812.5802881717682,,,,,0,0,0.98,0.98,ONE_LEG_INVENTORY,,,,,,,,,,,,,,0,5.0,,,,,,,,,,,,,,,,,,,,RECONSTRUCT_BLOCKED: BLOCKED_BY_CAP_MIN,,,,,,,,6.0,10.0,,,,,0,0,,,Inv: 6.0/10.0 CapLeft: 4.0,,,6.0,10.0,16.0,4.0,0.0,0.0,0.0
1765966589.3789234,btc-updown-15m-1765966500,1765966500.0,1765967400.0,,810.6210765838623,,,,,0,0,0.98,0.98,ONE_LEG_INVENTORY,,,,,,,,,,,,,,0,5.0,,,,,,,,,,,,,,,,,,,,RECONSTRUCT_BLOCKED: BLOCKED_BY_CAP_MIN,,,,,,,,6.0,10.0,,,,,0,0,,,Inv: 6.0/10.0 CapLeft: 4.0,,,6.0,10.0,16.0,4.0,0.0,0.0,0.0
1765966589.3789234,btc-updown-15m-1765966500,1765966500.0,1765967400.0,,810.6210765838623,,,,,0,0,0.98,0.98,ONE_LEG_INVENTORY,,,,,,,,,,,,,,0,5.0,,,,,,,,,,,,,,,,,,,,RECONSTRUCT_BLOCKED: BLOCKED_BY_CAP_MIN,,,,,,,,6.0,10.0,,,,,0,0,,,Inv: 6.0/10.0 CapLeft: 4.0,,,6.0,10.0,16.0,4.0,0.0,0.0,0.0
1765966591.3071377,btc-updown-15m-1765966500,1765966500.0,1765967400.0,,808.6928622722626,,,,,0,0,0.99,0.98,ONE_LEG_INVENTORY,,,,,,,,,,,,,,0,5.0,,,,,,,,,,,,,,,,,,,,RECONSTRUCT_BLOCKED: BLOCKED_BY_CAP_MIN,,,,,,,,6.0,10.0,,,,,0,0,,,Inv: 6.0/10.0 CapLeft: 4.0,,,6.0,10.0,16.0,4.0,0.0,0.0,0.0
1765966591.3071377,btc-updown-15m-1765966500,1765966500.0,1765967400.0,,808.6928622722626,,,,,0,0,0.99,0.98,ONE_LEG_INVENTORY,,,,,,,,,,,,,,0,5.0,,,,,,,,,,,,,,,,,,,,RECONSTRUCT_BLOCKED: BLOCKED_BY_CAP_MIN,,,,,,,,6.0,10.0,,,,,0,0,,,Inv: 6.0/10.0 CapLeft: 4.0,,,6.0,10.0,16.0,4.0,0.0,0.0,0.0
1765966593.245903,btc-updown-15m-1765966500,1765966500.0,1765967400.0,,806.7540969848633,,,,,0,0,0.99,0.98,ONE_LEG_INVENTORY,,,,,,,,,,,,,,0,5.0,,,,,,,,,,,,,,,,,,,,RECONSTRUCT_BLOCKED: BLOCKED_BY_CAP_MIN,,,,,,,,6.0,10.0,,,,,0,0,,,Inv: 6.0/10.0 CapLeft: 4.0,,,6.0,10.0,16.0,4.0,0.0,0.0,0.0
1765966593.245903,btc-updown-15m-1765966500,1765966500.0,1765967400.0,,806.7540969848633,,,,,0,0,0.99,0.98,ONE_LEG_INVENTORY,,,,,,,,,,,,,,0,5.0,,,,,,,,,,,,,,,,,,,,RECONSTRUCT_BLOCKED: BLOCKED_BY_CAP_MIN,,,,,,,,6.0,10.0,,,,,0,0,,,Inv: 6.0/10.0 CapLeft: 4.0,,,6.0,10.0,16.0,4.0,0.0,0.0,0.0
1765966595.2304614,btc-updown-15m-1765966500,1765966500.0,1765967400.0,,804.769538640976,,,,,0,0,0.98,0.98,ONE_LEG_INVENTORY,,,,,,,,,,,,,,0,5.0,,,,,,,,,,,,,,,,,,,,RECONSTRUCT_BLOCKED: BLOCKED_BY_CAP_MIN,,,,,,,,6.0,10.0,,,,,0,0,,,Inv: 6.0/10.0 CapLeft: 4.0,,,6.0,10.0,16.0,4.0,0.0,0.0,0.0
1765966595.2304614,btc-updown-15m-1765966500,1765966500.0,1765967400.0,,804.769538640976,,,,,0,0,0.98,0.98,ONE_LEG_INVENTORY,,,,,,,,,,,,,,0,5.0,,,,,,,,,,,,,,,,,,,,RECONSTRUCT_BLOCKED: BLOCKED_BY_CAP_MIN,,,,,,,,6.0,10.0,,,,,0,0,,,Inv: 6.0/10.0 CapLeft: 4.0,,,6.0,10.0,16.0,4.0,0.0,0.0,0.0
1765966597.1721501,btc-updown-15m-1765966500,1765966500.0,1765967400.0,,802.8278498649597,,,,,0,0,0.99,0.98,ONE_LEG_INVENTORY,,,,,,,,,,,,,,0,5.0,,,,,,,,,,,,,,,,,,,,RECONSTRUCT_BLOCKED: BLOCKED_BY_CAP_MIN,,,,,,,,6.0,10.0,,,,,0,0,,,Inv: 6.0/10.0 CapLeft: 4.0,,,6.0,10.0,16.0,4.0,0.0,0.0,0.0
1765966597.1721501,btc-updown-15m-1765966500,1765966500.0,1765967400.0,,802.8278498649597,,,,,0,0,0.99,0.98,ONE_LEG_INVENTORY,,,,,,,,,,,,,,0,5.0,,,,,,,,,,,,,,,,,,,,RECONSTRUCT_BLOCKED: BLOCKED_BY_CAP_MIN,,,,,,,,6.0,10.0,,,,,0,0,,,Inv: 6.0/10.0 CapLeft: 4.0,,,6.0,10.0,16.0,4.0,0.0,0.0,0.0
1765966599.1232364,btc-updown-15m-1765966500,1765966500.0,1765967400.0,,800.8767635822296,,,,,0,0,0.99,0.98,ONE_LEG_INVENTORY,,,,,,,,,,,,,,0,5.0,,,,,,,,,,,,,,,,,,,,RECONSTRUCT_BLOCKED: BLOCKED_BY_CAP_MIN,,,,,,,,6.0,10.0,,,,,0,0,,,Inv: 6.0/10.0 CapLeft: 4.0,,,6.0,10.0,16.0,4.0,0.0,0.0,0.0
1765966599.1232364,btc-updown-15m-1765966500,1765966500.0,1765967400.0,,800.8767635822296,,,,,0,0,0.99,0.98,ONE_LEG_INVENTORY,,,,,,,,,,,,,,0,5.0,,,,,,,,,,,,,,,,,,,,RECONSTRUCT_BLOCKED: BLOCKED_BY_CAP_MIN,,,,,,,,6.0,10.0,,,,,0,0,,,Inv: 6.0/10.0 CapLeft: 4.0,,,6.0,10.0,16.0,4.0,0.0,0.0,0.0
1765966601.0582294,btc-updown-15m-1765966500,1765966500.0,1765967400.0,,798.9417705535889,,,,,0,0,0.99,0.98,ONE_LEG_INVENTORY,,,,,,,,,,,,,,0,5.0,,,,,,,,,,,,,,,,,,,,RECONSTRUCT_BLOCKED: BLOCKED_BY_CAP_MIN,,,,,,,,6.0,10.0,,,,,0,0,,,Inv: 6.0/10.0 CapLeft: 4.0,,,6.0,10.0,16.0,4.0,0.0,0.0,0.0
1765966601.0582294,btc-updown-15m-1765966500,1765966500.0,1765967400.0,,798.9417705535889,,,,,0,0,0.99,0.98,ONE_LEG_INVENTORY,,,,,,,,,,,,,,0,5.0,,,,,,,,,,,,,,,,,,,,RECONSTRUCT_BLOCKED: BLOCKED_BY_CAP_MIN,,,,,,,,6.0,10.0,,,,,0,0,,,Inv: 6.0/10.0 CapLeft: 4.0,,,6.0,10.0,16.0,4.0,0.0,0.0,0.0
1765966602.9885244,btc-updown-15m-1765966500,1765966500.0,1765967400.0,,797.0114755630493,,,,,0,0,0.99,0.98,ONE_LEG_INVENTORY,,,,,,,,,,,,,,0,5.0,,,,,,,,,,,,,,,,,,,,RECONSTRUCT_BLOCKED: BLOCKED_BY_CAP_MIN,,,,,,,,6.0,10.0,,,,,0,0,,,Inv: 6.0/10.0 CapLeft: 4.0,,,6.0,10.0,16.0,4.0,0.0,0.0,0.0
1765966602.9885244,btc-updown-15m-1765966500,1765966500.0,1765967400.0,,797.0114755630493,,,,,0,0,0.99,0.98,ONE_LEG_INVENTORY,,,,,,,,,,,,,,0,5.0,,,,,,,,,,,,,,,,,,,,RECONSTRUCT_BLOCKED: BLOCKED_BY_CAP_MIN,,,,,,,,6.0,10.0,,,,,0,0,,,Inv: 6.0/10.0 CapLeft: 4.0,,,6.0,10.0,16.0,4.0,0.0,0.0,0.0
1765966604.9375696,btc-updown-15m-1765966500,1765966500.0,1765967400.0,,795.0624303817749,,,,,0,0,1.0,0.98,ONE_LEG_INVENTORY,,,,,,,,,,,,,,0,5.0,,,,,,,,,,,,,,,,,,,,RECONSTRUCT_BLOCKED: BLOCKED_BY_CAP_MIN,,,,,,,,6.0,10.0,,,,,0,0,,,Inv: 6.0/10.0 CapLeft: 4.0,,,6.0,10.0,16.0,4.0,0.0,0.0,0.0
1765966604.9375696,btc-updown-15m-1765966500,1765966500.0,1765967400.0,,795.0624303817749,,,,,0,0,1.0,0.98,ONE_LEG_INVENTORY,,,,,,,,,,,,,,0,5.0,,,,,,,,,,,,,,,,,,,,RECONSTRUCT_BLOCKED: BLOCKED_BY_CAP_MIN,,,,,,,,6.0,10.0,,,,,0,0,,,Inv: 6.0/10.0 CapLeft: 4.0,,,6.0,10.0,16.0,4.0,0.0,0.0,0.0
1765966606.8730805,btc-updown-15m-1765966500,1765966500.0,1765967400.0,,793.1269195079803,,,,,0,0,1.0,0.98,ONE_LEG_INVENTORY,,,,,,,,,,,,,,0,5.0,,,,,,,,,,,,,,,,,,,,RECONSTRUCT_BLOCKED: BLOCKED_BY_CAP_MIN,,,,,,,,6.0,10.0,,,,,0,0,,,Inv: 6.0/10.0 CapLeft: 4.0,,,6.0,10.0,16.0,4.0,0.0,0.0,0.0
1765966606.8730805,btc-updown-15m-1765966500,1765966500.0,1765967400.0,,793.1269195079803,,,,,0,0,1.0,0.98,ONE_LEG_INVENTORY,,,,,,,,,,,,,,0,5.0,,,,,,,,,,,,,,,,,,,,RECONSTRUCT_BLOCKED: BLOCKED_BY_CAP_MIN,,,,,,,,6.0,10.0,,,,,0,0,,,Inv: 6.0/10.0 CapLeft: 4.0,,,6.0,10.0,16.0,4.0,0.0,0.0,0.0
1765966608.8153353,btc-updown-15m-1765966500,1765966500.0,1765967400.0,,791.1846647262573,,,,,0,0,0.99,0.98,ONE_LEG_INVENTORY,,,,,,,,,,,,,,0,5.0,,,,,,,,,,,,,,,,,,,,RECONSTRUCT_BLOCKED: BLOCKED_BY_CAP_MIN,,,,,,,,6.0,10.0,,,,,0,0,,,Inv: 6.0/10.0 CapLeft: 4.0,,,6.0,10.0,16.0,4.0,0.0,0.0,0.0
1765966608.8153353,btc-updown-15m-1765966500,1765966500.0,1765967400.0,,791.1846647262573,,,,,0,0,0.99,0.98,ONE_LEG_INVENTORY,,,,,,,,,,,,,,0,5.0,,,,,,,,,,,,,,,,,,,,RECONSTRUCT_BLOCKED: BLOCKED_BY_CAP_MIN,,,,,,,,6.0,10.0,,,,,0,0,,,Inv: 6.0/10.0 CapLeft: 4.0,,,6.0,10.0,16.0,4.0,0.0,0.0,0.0
1765966610.7714942,btc-updown-15m-1765966500,1765966500.0,1765967400.0,,789.2285058498383,,,,,0,0,0.99,0.98,ONE_LEG_INVENTORY,,,,,,,,,,,,,,0,5.0,,,,,,,,,,,,,,,,,,,,RECONSTRUCT_BLOCKED: BLOCKED_BY_CAP_MIN,,,,,,,,6.0,10.0,,,,,0,0,,,Inv: 6.0/10.0 CapLeft: 4.0,,,6.0,10.0,16.0,4.0,0.0,0.0,0.0
1765966610.7714942,btc-updown-15m-1765966500,1765966500.0,1765967400.0,,789.2285058498383,,,,,0,0,0.99,0.98,ONE_LEG_INVENTORY,,,,,,,,,,,,,,0,5.0,,,,,,,,,,,,,,,,,,,,RECONSTRUCT_BLOCKED: BLOCKED_BY_CAP_MIN,,,,,,,,6.0,10.0,,,,,0,0,,,Inv: 6.0/10.0 CapLeft: 4.0,,,6.0,10.0,16.0,4.0,0.0,0.0,0.0
1765966612.7088716,btc-updown-15m-1765966500,1765966500.0,1765967400.0,,787.2911283969879,,,,,0,0,0.98,0.98,ONE_LEG_INVENTORY,,,,,,,,,,,,,,0,5.0,,,,,,,,,,,,,,,,,,,,RECONSTRUCT_BLOCKED: BLOCKED_BY_CAP_MIN,,,,,,,,6.0,10.0,,,,,0,0,,,Inv: 6.0/10.0 CapLeft: 4.0,,,6.0,10.0,16.0,4.0,0.0,0.0,0.0
1765966612.7088716,btc-updown-15m-1765966500,1765966500.0,1765967400.0,,787.2911283969879,,,,,0,0,0.98,0.98,ONE_LEG_INVENTORY,,,,,,,,,,,,,,0,5.0,,,,,,,,,,,,,,,,,,,,RECONSTRUCT_BLOCKED: BLOCKED_BY_CAP_MIN,,,,,,,,6.0,10.0,,,,,0,0,,,Inv: 6.0/10.0 CapLeft: 4.0,,,6.0,10.0,16.0,4.0,0.0,0.0,0.0
1765966614.6498086,btc-updown-15m-1765966500,1765966500.0,1765967400.0,,785.3501913547516,,,,,0,0,1.0,0.98,ONE_LEG_INVENTORY,,,,,,,,,,,,,,0,5.0,,,,,,,,,,,,,,,,,,,,RECONSTRUCT_BLOCKED: BLOCKED_BY_CAP_MIN,,,,,,,,6.0,10.0,,,,,0,0,,,Inv: 6.0/10.0 CapLeft: 4.0,,,6.0,10.0,16.0,4.0,0.0,0.0,0.0
1765966614.6498086,btc-updown-15m-1765966500,1765966500.0,1765967400.0,,785.3501913547516,,,,,0,0,1.0,0.98,ONE_LEG_INVENTORY,,,,,,,,,,,,,,0,5.0,,,,,,,,,,,,,,,,,,,,RECONSTRUCT_BLOCKED: BLOCKED_BY_CAP_MIN,,,,,,,,6.0,10.0,,,,,0,0,,,Inv: 6.0/10.0 CapLeft: 4.0,,,6.0,10.0,16.0,4.0,0.0,0.0,0.0
1765966616.5840008,btc-updown-15m-1765966500,1765966500.0,1765967400.0,,783.415999174118,,,,,0,0,0.98,0.98,ONE_LEG_INVENTORY,,,,,,,,,,,,,,0,5.0,,,,,,,,,,,,,,,,,,,,RECONSTRUCT_BLOCKED: BLOCKED_BY_CAP_MIN,,,,,,,,6.0,10.0,,,,,0,0,,,Inv: 6.0/10.0 CapLeft: 4.0,,,6.0,10.0,16.0,4.0,0.0,0.0,0.0
1765966616.5840008,btc-updown-15m-1765966500,1765966500.0,1765967400.0,,783.415999174118,,,,,0,0,0.98,0.98,ONE_LEG_INVENTORY,,,,,,,,,,,,,,0,5.0,,,,,,,,,,,,,,,,,,,,RECONSTRUCT_BLOCKED: BLOCKED_BY_CAP_MIN,,,,,,,,6.0,10.0,,,,,0,0,,,Inv: 6.0/10.0 CapLeft: 4.0,,,6.0,10.0,16.0,4.0,0.0,0.0,0.0
1765966618.5285785,btc-updown-15m-1765966500,1765966500.0,1765967400.0,,781.4714214801788,,,,,0,0,0.98,0.98,ONE_LEG_INVENTORY,,,,,,,,,,,,,,0,5.0,,,,,,,,,,,,,,,,,,,,RECONSTRUCT_BLOCKED: BLOCKED_BY_CAP_MIN,,,,,,,,6.0,10.0,,,,,0,0,,,Inv: 6.0/10.0 CapLeft: 4.0,,,6.0,10.0,16.0,4.0,0.0,0.0,0.0
1765966618.5285785,btc-updown-15m-1765966500,1765966500.0,1765967400.0,,781.4714214801788,,,,,0,0,0.98,0.98,ONE_LEG_INVENTORY,,,,,,,,,,,,,,0,5.0,,,,,,,,,,,,,,,,,,,,RECONSTRUCT_BLOCKED: BLOCKED_BY_CAP_MIN,,,,,,,,6.0,10.0,,,,,0,0,,,Inv: 6.0/10.0 CapLeft: 4.0,,,6.0,10.0,16.0,4.0,0.0,0.0,0.0
1765966620.4652984,btc-updown-15m-1765966500,1765966500.0,1765967400.0,,779.5347015857697,,,,,0,0,0.99,0.98,ONE_LEG_INVENTORY,,,,,,,,,,,,,,0,5.0,,,,,,,,,,,,,,,,,,,,RECONSTRUCT_BLOCKED: BLOCKED_BY_CAP_MIN,,,,,,,,6.0,10.0,,,,,0,0,,,Inv: 6.0/10.0 CapLeft: 4.0,,,6.0,10.0,16.0,4.0,0.0,0.0,0.0
1765966620.4652984,btc-updown-15m-1765966500,1765966500.0,1765967400.0,,779.5347015857697,,,,,0,0,0.99,0.98,ONE_LEG_INVENTORY,,,,,,,,,,,,,,0,5.0,,,,,,,,,,,,,,,,,,,,RECONSTRUCT_BLOCKED: BLOCKED_BY_CAP_MIN,,,,,,,,6.0,10.0,,,,,0,0,,,Inv: 6.0/10.0 CapLeft: 4.0,,,6.0,10.0,16.0,4.0,0.0,0.0,0.0
1765966622.4170039,btc-updown-15m-1765966500,1765966500.0,1765967400.0,,777.5829961299896,,,,,0,0,0.99,0.98,ONE_LEG_INVENTORY,,,,,,,,,,,,,,0,5.0,,,,,,,,,,,,,,,,,,,,RECONSTRUCT_BLOCKED: BLOCKED_BY_CAP_MIN,,,,,,,,6.0,10.0,,,,,0,0,,,Inv: 6.0/10.0 CapLeft: 4.0,,,6.0,10.0,16.0,4.0,0.0,0.0,0.0
1765966622.4170039,btc-updown-15m-1765966500,1765966500.0,1765967400.0,,777.5829961299896,,,,,0,0,0.99,0.98,ONE_LEG_INVENTORY,,,,,,,,,,,,,,0,5.0,,,,,,,,,,,,,,,,,,,,RECONSTRUCT_BLOCKED: BLOCKED_BY_CAP_MIN,,,,,,,,6.0,10.0,,,,,0,0,,,Inv: 6.0/10.0 CapLeft: 4.0,,,6.0,10.0,16.0,4.0,0.0,0.0,0.0
1765966624.3712416,btc-updown-15m-1765966500,1765966500.0,1765967400.0,,775.628758430481,,,,,0,0,0.99,0.98,ONE_LEG_INVENTORY,,,,,,,,,,,,,,0,5.0,,,,,,,,,,,,,,,,,,,,RECONSTRUCT_BLOCKED: BLOCKED_BY_CAP_MIN,,,,,,,,6.0,10.0,,,,,0,0,,,Inv: 6.0/10.0 CapLeft: 4.0,,,6.0,10.0,16.0,4.0,0.0,0.0,0.0
1765966624.3712416,btc-updown-15m-1765966500,1765966500.0,1765967400.0,,775.628758430481,,,,,0,0,0.99,0.98,ONE_LEG_INVENTORY,,,,,,,,,,,,,,0,5.0,,,,,,,,,,,,,,,,,,,,RECONSTRUCT_BLOCKED: BLOCKED_BY_CAP_MIN,,,,,,,,6.0,10.0,,,,,0,0,,,Inv: 6.0/10.0 CapLeft: 4.0,,,6.0,10.0,16.0,4.0,0.0,0.0,0.0
1765966626.3071084,btc-updown-15m-1765966500,1765966500.0,1765967400.0,,773.6928915977478,,,,,0,0,0.99,0.98,ONE_LEG_INVENTORY,,,,,,,,,,,,,,0,5.0,,,,,,,,,,,,,,,,,,,,RECONSTRUCT_BLOCKED: BLOCKED_BY_CAP_MIN,,,,,,,,6.0,10.0,,,,,0,0,,,Inv: 6.0/10.0 CapLeft: 4.0,,,6.0,10.0,16.0,4.0,0.0,0.0,0.0
1765966626.3071084,btc-updown-15m-1765966500,1765966500.0,1765967400.0,,773.6928915977478,,,,,0,0,0.99,0.98,ONE_LEG_INVENTORY,,,,,,,,,,,,,,0,5.0,,,,,,,,,,,,,,,,,,,,RECONSTRUCT_BLOCKED: BLOCKED_BY_CAP_MIN,,,,,,,,6.0,10.0,,,,,0,0,,,Inv: 6.0/10.0 CapLeft: 4.0,,,6.0,10.0,16.0,4.0,0.0,0.0,0.0
1765966628.2555764,btc-updown-15m-1765966500,1765966500.0,1765967400.0,,771.7444236278534,,,,,0,0,0.99,0.98,ONE_LEG_INVENTORY,,,,,,,,,,,,,,0,5.0,,,,,,,,,,,,,,,,,,,,RECONSTRUCT_BLOCKED: BLOCKED_BY_CAP_MIN,,,,,,,,6.0,10.0,,,,,0,0,,,Inv: 6.0/10.0 CapLeft: 4.0,,,6.0,10.0,16.0,4.0,0.0,0.0,0.0
1765966628.2555764,btc-updown-15m-1765966500,1765966500.0,1765967400.0,,771.7444236278534,,,,,0,0,0.99,0.98,ONE_LEG_INVENTORY,,,,,,,,,,,,,,0,5.0,,,,,,,,,,,,,,,,,,,,RECONSTRUCT_BLOCKED: BLOCKED_BY_CAP_MIN,,,,,,,,6.0,10.0,,,,,0,0,,,Inv: 6.0/10.0 CapLeft: 4.0,,,6.0,10.0,16.0,4.0,0.0,0.0,0.0
1765966630.299835,btc-updown-15m-1765966500,1765966500.0,1765967400.0,,769.7001650333405,,,,,0,0,1.0,0.98,ONE_LEG_INVENTORY,,,,,,,,,,,,,,0,5.0,,,,,,,,,,,,,,,,,,,,RECONSTRUCT_BLOCKED: BLOCKED_BY_CAP_MIN,,,,,,,,6.0,10.0,,,,,0,0,,,Inv: 6.0/10.0 CapLeft: 4.0,,,6.0,10.0,16.0,4.0,0.0,0.0,0.0
1765966630.299835,btc-updown-15m-1765966500,1765966500.0,1765967400.0,,769.7001650333405,,,,,0,0,1.0,0.98,ONE_LEG_INVENTORY,,,,,,,,,,,,,,0,5.0,,,,,,,,,,,,,,,,,,,,RECONSTRUCT_BLOCKED: BLOCKED_BY_CAP_MIN,,,,,,,,6.0,10.0,,,,,0,0,,,Inv: 6.0/10.0 CapLeft: 4.0,,,6.0,10.0,16.0,4.0,0.0,0.0,0.0
1765966632.233376,btc-updown-15m-1765966500,1765966500.0,1765967400.0,,767.7666239738464,,,,,0,0,0.99,0.98,ONE_LEG_INVENTORY,,,,,,,,,,,,,,0,5.0,,,,,,,,,,,,,,,,,,,,RECONSTRUCT_BLOCKED: BLOCKED_BY_CAP_MIN,,,,,,,,6.0,10.0,,,,,0,0,,,Inv: 6.0/10.0 CapLeft: 4.0,,,6.0,10.0,16.0,4.0,0.0,0.0,0.0
1765966632.233376,btc-updown-15m-1765966500,1765966500.0,1765967400.0,,767.7666239738464,,,,,0,0,0.99,0.98,ONE_LEG_INVENTORY,,,,,,,,,,,,,,0,5.0,,,,,,,,,,,,,,,,,,,,RECONSTRUCT_BLOCKED: BLOCKED_BY_CAP_MIN,,,,,,,,6.0,10.0,,,,,0,0,,,Inv: 6.0/10.0 CapLeft: 4.0,,,6.0,10.0,16.0,4.0,0.0,0.0,0.0
1765966634.1633296,btc-updown-15m-1765966500,1765966500.0,1765967400.0,,765.8366703987122,,,,,0,0,0.99,0.98,ONE_LEG_INVENTORY,,,,,,,,,,,,,,0,5.0,,,,,,,,,,,,,,,,,,,,RECONSTRUCT_BLOCKED: BLOCKED_BY_CAP_MIN,,,,,,,,6.0,10.0,,,,,0,0,,,Inv: 6.0/10.0 CapLeft: 4.0,,,6.0,10.0,16.0,4.0,0.0,0.0,0.0
1765966634.1633296,btc-updown-15m-1765966500,1765966500.0,1765967400.0,,765.8366703987122,,,,,0,0,0.99,0.98,ONE_LEG_INVENTORY,,,,,,,,,,,,,,0,5.0,,,,,,,,,,,,,,,,,,,,RECONSTRUCT_BLOCKED: BLOCKED_BY_CAP_MIN,,,,,,,,6.0,10.0,,,,,0,0,,,Inv: 6.0/10.0 CapLeft: 4.0,,,6.0,10.0,16.0,4.0,0.0,0.0,0.0
1765966636.1082966,btc-updown-15m-1765966500,1765966500.0,1765967400.0,,763.8917033672333,,,,,0,0,0.99,0.98,ONE_LEG_INVENTORY,,,,,,,,,,,,,,0,5.0,,,,,,,,,,,,,,,,,,,,RECONSTRUCT_BLOCKED: BLOCKED_BY_CAP_MIN,,,,,,,,6.0,10.0,,,,,0,0,,,Inv: 6.0/10.0 CapLeft: 4.0,,,6.0,10.0,16.0,4.0,0.0,0.0,0.0
1765966636.1082966,btc-updown-15m-1765966500,1765966500.0,1765967400.0,,763.8917033672333,,,,,0,0,0.99,0.98,ONE_LEG_INVENTORY,,,,,,,,,,,,,,0,5.0,,,,,,,,,,,,,,,,,,,,RECONSTRUCT_BLOCKED: BLOCKED_BY_CAP_MIN,,,,,,,,6.0,10.0,,,,,0,0,,,Inv: 6.0/10.0 CapLeft: 4.0,,,6.0,10.0,16.0,4.0,0.0,0.0,0.0
1765966638.062416,btc-updown-15m-1765966500,1765966500.0,1765967400.0,,761.9375839233398,,,,,0,0,0.99,0.98,ONE_LEG_INVENTORY,,,,,,,,,,,,,,0,5.0,,,,,,,,,,,,,,,,,,,,RECONSTRUCT_BLOCKED: BLOCKED_BY_CAP_MIN,,,,,,,,6.0,10.0,,,,,0,0,,,Inv: 6.0/10.0 CapLeft: 4.0,,,6.0,10.0,16.0,4.0,0.0,0.0,0.0
1765966638.062416,btc-updown-15m-1765966500,1765966500.0,1765967400.0,,761.9375839233398,,,,,0,0,0.99,0.98,ONE_LEG_INVENTORY,,,,,,,,,,,,,,0,5.0,,,,,,,,,,,,,,,,,,,,RECONSTRUCT_BLOCKED: BLOCKED_BY_CAP_MIN,,,,,,,,6.0,10.0,,,,,0,0,,,Inv: 6.0/10.0 CapLeft: 4.0,,,6.0,10.0,16.0,4.0,0.0,0.0,0.0
1765966639.9915898,btc-updown-15m-1765966500,1765966500.0,1765967400.0,,760.0084102153778,,,,,0,0,0.99,0.98,ONE_LEG_INVENTORY,,,,,,,,,,,,,,0,5.0,,,,,,,,,,,,,,,,,,,,RECONSTRUCT_BLOCKED: BLOCKED_BY_CAP_MIN,,,,,,,,6.0,10.0,,,,,0,0,,,Inv: 6.0/10.0 CapLeft: 4.0,,,6.0,10.0,16.0,4.0,0.0,0.0,0.0
1765966639.9915898,btc-updown-15m-1765966500,1765966500.0,1765967400.0,,760.0084102153778,,,,,0,0,0.99,0.98,ONE_LEG_INVENTORY,,,,,,,,,,,,,,0,5.0,,,,,,,,,,,,,,,,,,,,RECONSTRUCT_BLOCKED: BLOCKED_BY_CAP_MIN,,,,,,,,6.0,10.0,,,,,0,0,,,Inv: 6.0/10.0 CapLeft: 4.0,,,6.0,10.0,16.0,4.0,0.0,0.0,0.0
1765966641.9289024,btc-updown-15m-1765966500,1765966500.0,1765967400.0,,758.071097612381,,,,,0,0,0.99,0.98,ONE_LEG_INVENTORY,,,,,,,,,,,,,,0,5.0,,,,,,,,,,,,,,,,,,,,RECONSTRUCT_BLOCKED: BLOCKED_BY_CAP_MIN,,,,,,,,6.0,10.0,,,,,0,0,,,Inv: 6.0/10.0 CapLeft: 4.0,,,6.0,10.0,16.0,4.0,0.0,0.0,0.0
1765966641.9289024,btc-updown-15m-1765966500,1765966500.0,1765967400.0,,758.071097612381,,,,,0,0,0.99,0.98,ONE_LEG_INVENTORY,,,,,,,,,,,,,,0,5.0,,,,,,,,,,,,,,,,,,,,RECONSTRUCT_BLOCKED: BLOCKED_BY_CAP_MIN,,,,,,,,6.0,10.0,,,,,0,0,,,Inv: 6.0/10.0 CapLeft: 4.0,,,6.0,10.0,16.0,4.0,0.0,0.0,0.0
1765966643.8930955,btc-updown-15m-1765966500,1765966500.0,1765967400.0,,756.1069045066833,,,,,0,0,0.99,0.98,ONE_LEG_INVENTORY,,,,,,,,,,,,,,0,5.0,,,,,,,,,,,,,,,,,,,,RECONSTRUCT_BLOCKED: BLOCKED_BY_CAP_MIN,,,,,,,,6.0,10.0,,,,,0,0,,,Inv: 6.0/10.0 CapLeft: 4.0,,,6.0,10.0,16.0,4.0,0.0,0.0,0.0
1765966643.8930955,btc-updown-15m-1765966500,1765966500.0,1765967400.0,,756.1069045066833,,,,,0,0,0.99,0.98,ONE_LEG_INVENTORY,,,,,,,,,,,,,,0,5.0,,,,,,,,,,,,,,,,,,,,RECONSTRUCT_BLOCKED: BLOCKED_BY_CAP_MIN,,,,,,,,6.0,10.0,,,,,0,0,,,Inv: 6.0/10.0 CapLeft: 4.0,,,6.0,10.0,16.0,4.0,0.0,0.0,0.0
1765966645.8308036,btc-updown-15m-1765966500,1765966500.0,1765967400.0,,754.1691963672638,,,,,0,0,0.9800000000000001,0.98,ONE_LEG_INVENTORY,,,,,,,,,,,,,,0,5.0,,,,,,,,,,,,,,,,,,,,RECONSTRUCT_BLOCKED: BLOCKED_BY_CAP_MIN,,,,,,,,6.0,10.0,,,,,0,0,,,Inv: 6.0/10.0 CapLeft: 4.0,,,6.0,10.0,16.0,4.0,0.0,0.0,0.0
1765966645.8308036,btc-updown-15m-1765966500,1765966500.0,1765967400.0,,754.1691963672638,,,,,0,0,0.9800000000000001,0.98,ONE_LEG_INVENTORY,,,,,,,,,,,,,,0,5.0,,,,,,,,,,,,,,,,,,,,RECONSTRUCT_BLOCKED: BLOCKED_BY_CAP_MIN,,,,,,,,6.0,10.0,,,,,0,0,,,Inv: 6.0/10.0 CapLeft: 4.0,,,6.0,10.0,16.0,4.0,0.0,0.0,0.0
1765966647.7741215,btc-updown-15m-1765966500,1765966500.0,1765967400.0,,752.2258784770966,,,,,0,0,0.99,0.98,ONE_LEG_INVENTORY,,,,,,,,,,,,,,0,5.0,,,,,,,,,,,,,,,,,,,,RECONSTRUCT_BLOCKED: BLOCKED_BY_CAP_MIN,,,,,,,,6.0,10.0,,,,,0,0,,,Inv: 6.0/10.0 CapLeft: 4.0,,,6.0,10.0,16.0,4.0,0.0,0.0,0.0
1765966647.7741215,btc-updown-15m-1765966500,1765966500.0,1765967400.0,,752.2258784770966,,,,,0,0,0.99,0.98,ONE_LEG_INVENTORY,,,,,,,,,,,,,,0,5.0,,,,,,,,,,,,,,,,,,,,RECONSTRUCT_BLOCKED: BLOCKED_BY_CAP_MIN,,,,,,,,6.0,10.0,,,,,0,0,,,Inv: 6.0/10.0 CapLeft: 4.0,,,6.0,10.0,16.0,4.0,0.0,0.0,0.0
1765966649.7563207,btc-updown-15m-1765966500,1765966500.0,1765967400.0,,750.2436792850494,,,,,0,0,0.9700000000000001,0.98,ONE_LEG_INVENTORY,,,,,,,,,,,,,,0,5.0,,,,,,,,,,,,,,,,,,,,RECONSTRUCT_BLOCKED: BLOCKED_BY_CAP_MIN,,,,,,,,6.0,10.0,,,,,0,0,,,Inv: 6.0/10.0 CapLeft: 4.0,,,6.0,10.0,16.0,4.0,0.0,0.0,0.0
1765966649.7563207,btc-updown-15m-1765966500,1765966500.0,1765967400.0,,750.2436792850494,,,,,0,0,0.9700000000000001,0.98,ONE_LEG_INVENTORY,,,,,,,,,,,,,,0,5.0,,,,,,,,,,,,,,,,,,,,RECONSTRUCT_BLOCKED: BLOCKED_BY_CAP_MIN,,,,,,,,6.0,10.0,,,,,0,0,,,Inv: 6.0/10.0 CapLeft: 4.0,,,6.0,10.0,16.0,4.0,0.0,0.0,0.0
1765966651.7019355,btc-updown-15m-1765966500,1765966500.0,1765967400.0,,748.2980644702911,,,,,0,0,0.9700000000000001,0.98,ONE_LEG_INVENTORY,,,,,,,,,,,,,,0,5.0,,,,,,,,,,,,,,,,,,,,RECONSTRUCT_BLOCKED: BLOCKED_BY_CAP_MIN,,,,,,,,6.0,10.0,,,,,0,0,,,Inv: 6.0/10.0 CapLeft: 4.0,,,6.0,10.0,16.0,4.0,0.0,0.0,0.0
1765966651.7019355,btc-updown-15m-1765966500,1765966500.0,1765967400.0,,748.2980644702911,,,,,0,0,0.9700000000000001,0.98,ONE_LEG_INVENTORY,,,,,,,,,,,,,,0,5.0,,,,,,,,,,,,,,,,,,,,RECONSTRUCT_BLOCKED: BLOCKED_BY_CAP_MIN,,,,,,,,6.0,10.0,,,,,0,0,,,Inv: 6.0/10.0 CapLeft: 4.0,,,6.0,10.0,16.0,4.0,0.0,0.0,0.0
1765966653.663007,btc-updown-15m-1765966500,1765966500.0,1765967400.0,,746.3369929790497,,,,,0,0,0.9800000000000001,0.98,ONE_LEG_INVENTORY,,,,,,,,,,,,,,0,5.0,,,,,,,,,,,,,,,,,,,,RECONSTRUCT_BLOCKED: BLOCKED_BY_CAP_MIN,,,,,,,,6.0,10.0,,,,,0,0,,,Inv: 6.0/10.0 CapLeft: 4.0,,,6.0,10.0,16.0,4.0,0.0,0.0,0.0
1765966653.663007,btc-updown-15m-1765966500,1765966500.0,1765967400.0,,746.3369929790497,,,,,0,0,0.9800000000000001,0.98,ONE_LEG_INVENTORY,,,,,,,,,,,,,,0,5.0,,,,,,,,,,,,,,,,,,,,RECONSTRUCT_BLOCKED: BLOCKED_BY_CAP_MIN,,,,,,,,6.0,10.0,,,,,0,0,,,Inv: 6.0/10.0 CapLeft: 4.0,,,6.0,10.0,16.0,4.0,0.0,0.0,0.0
1765966655.6014378,btc-updown-15m-1765966500,1765966500.0,1765967400.0,,744.3985621929169,,,,,0,0,1.0,0.98,ONE_LEG_INVENTORY,,,,,,,,,,,,,,0,5.0,,,,,,,,,,,,,,,,,,,,RECONSTRUCT_BLOCKED: BLOCKED_BY_CAP_MIN,,,,,,,,6.0,10.0,,,,,0,0,,,Inv: 6.0/10.0 CapLeft: 4.0,,,6.0,10.0,16.0,4.0,0.0,0.0,0.0
1765966655.6014378,btc-updown-15m-1765966500,1765966500.0,1765967400.0,,744.3985621929169,,,,,0,0,1.0,0.98,ONE_LEG_INVENTORY,,,,,,,,,,,,,,0,5.0,,,,,,,,,,,,,,,,,,,,RECONSTRUCT_BLOCKED: BLOCKED_BY_CAP_MIN,,,,,,,,6.0,10.0,,,,,0,0,,,Inv: 6.0/10.0 CapLeft: 4.0,,,6.0,10.0,16.0,4.0,0.0,0.0,0.0
1765966657.5454135,btc-updown-15m-1765966500,1765966500.0,1765967400.0,,742.4545865058899,,,,,0,0,0.99,0.98,ONE_LEG_INVENTORY,,,,,,,,,,,,,,0,5.0,,,,,,,,,,,,,,,,,,,,RECONSTRUCT_BLOCKED: BLOCKED_BY_CAP_MIN,,,,,,,,6.0,10.0,,,,,0,0,,,Inv: 6.0/10.0 CapLeft: 4.0,,,6.0,10.0,16.0,4.0,0.0,0.0,0.0
1765966657.5454135,btc-updown-15m-1765966500,1765966500.0,1765967400.0,,742.4545865058899,,,,,0,0,0.99,0.98,ONE_LEG_INVENTORY,,,,,,,,,,,,,,0,5.0,,,,,,,,,,,,,,,,,,,,RECONSTRUCT_BLOCKED: BLOCKED_BY_CAP_MIN,,,,,,,,6.0,10.0,,,,,0,0,,,Inv: 6.0/10.0 CapLeft: 4.0,,,6.0,10.0,16.0,4.0,0.0,0.0,0.0
1765966659.4955068,btc-updown-15m-1765966500,1765966500.0,1765967400.0,,740.5044932365417,,,,,0,0,0.98,0.98,ONE_LEG_INVENTORY,,,,,,,,,,,,,,0,5.0,,,,,,,,,,,,,,,,,,,,RECONSTRUCT_BLOCKED: BLOCKED_BY_CAP_MIN,,,,,,,,6.0,10.0,,,,,0,0,,,Inv: 6.0/10.0 CapLeft: 4.0,,,6.0,10.0,16.0,4.0,0.0,0.0,0.0
1765966659.4955068,btc-updown-15m-1765966500,1765966500.0,1765967400.0,,740.5044932365417,,,,,0,0,0.98,0.98,ONE_LEG_INVENTORY,,,,,,,,,,,,,,0,5.0,,,,,,,,,,,,,,,,,,,,RECONSTRUCT_BLOCKED: BLOCKED_BY_CAP_MIN,,,,,,,,6.0,10.0,,,,,0,0,,,Inv: 6.0/10.0 CapLeft: 4.0,,,6.0,10.0,16.0,4.0,0.0,0.0,0.0
1765966661.4332974,btc-updown-15m-1765966500,1765966500.0,1765967400.0,,738.5667026042938,,,,,0,0,0.99,0.98,ONE_LEG_INVENTORY,,,,,,,,,,,,,,0,5.0,,,,,,,,,,,,,,,,,,,,RECONSTRUCT_BLOCKED: BLOCKED_BY_CAP_MIN,,,,,,,,6.0,10.0,,,,,0,0,,,Inv: 6.0/10.0 CapLeft: 4.0,,,6.0,10.0,16.0,4.0,0.0,0.0,0.0
1765966661.4332974,btc-updown-15m-1765966500,1765966500.0,1765967400.0,,738.5667026042938,,,,,0,0,0.99,0.98,ONE_LEG_INVENTORY,,,,,,,,,,,,,,0,5.0,,,,,,,,,,,,,,,,,,,,RECONSTRUCT_BLOCKED: BLOCKED_BY_CAP_MIN,,,,,,,,6.0,10.0,,,,,0,0,,,Inv: 6.0/10.0 CapLeft: 4.0,,,6.0,10.0,16.0,4.0,0.0,0.0,0.0
1765966663.3832264,btc-updown-15m-1765966500,1765966500.0,1765967400.0,,736.6167736053467,,,,,0,0,0.99,0.98,ONE_LEG_INVENTORY,,,,,,,,,,,,,,0,5.0,,,,,,,,,,,,,,,,,,,,RECONSTRUCT_BLOCKED: BLOCKED_BY_CAP_MIN,,,,,,,,6.0,10.0,,,,,0,0,,,Inv: 6.0/10.0 CapLeft: 4.0,,,6.0,10.0,16.0,4.0,0.0,0.0,0.0
1765966663.3832264,btc-updown-15m-1765966500,1765966500.0,1765967400.0,,736.6167736053467,,,,,0,0,0.99,0.98,ONE_LEG_INVENTORY,,,,,,,,,,,,,,0,5.0,,,,,,,,,,,,,,,,,,,,RECONSTRUCT_BLOCKED: BLOCKED_BY_CAP_MIN,,,,,,,,6.0,10.0,,,,,0,0,,,Inv: 6.0/10.0 CapLeft: 4.0,,,6.0,10.0,16.0,4.0,0.0,0.0,0.0
1765966665.331498,btc-updown-15m-1765966500,1765966500.0,1765967400.0,,734.6685020923615,,,,,0,0,0.99,0.98,ONE_LEG_INVENTORY,,,,,,,,,,,,,,0,5.0,,,,,,,,,,,,,,,,,,,,RECONSTRUCT_BLOCKED: BLOCKED_BY_CAP_MIN,,,,,,,,6.0,10.0,,,,,0,0,,,Inv: 6.0/10.0 CapLeft: 4.0,,,6.0,10.0,16.0,4.0,0.0,0.0,0.0
1765966665.331498,btc-updown-15m-1765966500,1765966500.0,1765967400.0,,734.6685020923615,,,,,0,0,0.99,0.98,ONE_LEG_INVENTORY,,,,,,,,,,,,,,0,5.0,,,,,,,,,,,,,,,,,,,,RECONSTRUCT_BLOCKED: BLOCKED_BY_CAP_MIN,,,,,,,,6.0,10.0,,,,,0,0,,,Inv: 6.0/10.0 CapLeft: 4.0,,,6.0,10.0,16.0,4.0,0.0,0.0,0.0
1765966667.2779188,btc-updown-15m-1765966500,1765966500.0,1765967400.0,,732.7220811843872,,,,,0,0,0.99,0.98,ONE_LEG_INVENTORY,,,,,,,,,,,,,,0,5.0,,,,,,,,,,,,,,,,,,,,RECONSTRUCT_BLOCKED: BLOCKED_BY_CAP_MIN,,,,,,,,6.0,10.0,,,,,0,0,,,Inv: 6.0/10.0 CapLeft: 4.0,,,6.0,10.0,16.0,4.0,0.0,0.0,0.0
1765966667.2779188,btc-updown-15m-1765966500,1765966500.0,1765967400.0,,732.7220811843872,,,,,0,0,0.99,0.98,ONE_LEG_INVENTORY,,,,,,,,,,,,,,0,5.0,,,,,,,,,,,,,,,,,,,,RECONSTRUCT_BLOCKED: BLOCKED_BY_CAP_MIN,,,,,,,,6.0,10.0,,,,,0,0,,,Inv: 6.0/10.0 CapLeft: 4.0,,,6.0,10.0,16.0,4.0,0.0,0.0,0.0
1765966669.2063017,btc-updown-15m-1765966500,1765966500.0,1765967400.0,,730.793698310852,,,,,0,0,0.99,0.98,ONE_LEG_INVENTORY,,,,,,,,,,,,,,0,5.0,,,,,,,,,,,,,,,,,,,,RECONSTRUCT_BLOCKED: BLOCKED_BY_CAP_MIN,,,,,,,,6.0,10.0,,,,,0,0,,,Inv: 6.0/10.0 CapLeft: 4.0,,,6.0,10.0,16.0,4.0,0.0,0.0,0.0
1765966669.2063017,btc-updown-15m-1765966500,1765966500.0,1765967400.0,,730.793698310852,,,,,0,0,0.99,0.98,ONE_LEG_INVENTORY,,,,,,,,,,,,,,0,5.0,,,,,,,,,,,,,,,,,,,,RECONSTRUCT_BLOCKED: BLOCKED_BY_CAP_MIN,,,,,,,,6.0,10.0,,,,,0,0,,,Inv: 6.0/10.0 CapLeft: 4.0,,,6.0,10.0,16.0,4.0,0.0,0.0,0.0
1765966671.1937566,btc-updown-15m-1765966500,1765966500.0,1765967400.0,,728.8062434196472,,,,,0,0,0.99,0.98,ONE_LEG_INVENTORY,,,,,,,,,,,,,,0,5.0,,,,,,,,,,,,,,,,,,,,RECONSTRUCT_BLOCKED: BLOCKED_BY_CAP_MIN,,,,,,,,6.0,10.0,,,,,0,0,,,Inv: 6.0/10.0 CapLeft: 4.0,,,6.0,10.0,16.0,4.0,0.0,0.0,0.0
1765966671.1937566,btc-updown-15m-1765966500,1765966500.0,1765967400.0,,728.8062434196472,,,,,0,0,0.99,0.98,ONE_LEG_INVENTORY,,,,,,,,,,,,,,0,5.0,,,,,,,,,,,,,,,,,,,,RECONSTRUCT_BLOCKED: BLOCKED_BY_CAP_MIN,,,,,,,,6.0,10.0,,,,,0,0,,,Inv: 6.0/10.0 CapLeft: 4.0,,,6.0,10.0,16.0,4.0,0.0,0.0,0.0
1765966673.1475708,btc-updown-15m-1765966500,1765966500.0,1765967400.0,,726.852429151535,,,,,0,0,0.98,0.98,ONE_LEG_INVENTORY,,,,,,,,,,,,,,0,5.0,,,,,,,,,,,,,,,,,,,,RECONSTRUCT_BLOCKED: BLOCKED_BY_CAP_MIN,,,,,,,,6.0,10.0,,,,,0,0,,,Inv: 6.0/10.0 CapLeft: 4.0,,,6.0,10.0,16.0,4.0,0.0,0.0,0.0
1765966673.1475708,btc-updown-15m-1765966500,1765966500.0,1765967400.0,,726.852429151535,,,,,0,0,0.98,0.98,ONE_LEG_INVENTORY,,,,,,,,,,,,,,0,5.0,,,,,,,,,,,,,,,,,,,,RECONSTRUCT_BLOCKED: BLOCKED_BY_CAP_MIN,,,,,,,,6.0,10.0,,,,,0,0,,,Inv: 6.0/10.0 CapLeft: 4.0,,,6.0,10.0,16.0,4.0,0.0,0.0,0.0
1765966675.0921032,btc-updown-15m-1765966500,1765966500.0,1765967400.0,,724.9078967571259,,,,,0,0,0.98,0.98,ONE_LEG_INVENTORY,,,,,,,,,,,,,,0,5.0,,,,,,,,,,,,,,,,,,,,RECONSTRUCT_BLOCKED: BLOCKED_BY_CAP_MIN,,,,,,,,6.0,10.0,,,,,0,0,,,Inv: 6.0/10.0 CapLeft: 4.0,,,6.0,10.0,16.0,4.0,0.0,0.0,0.0
1765966675.0921032,btc-updown-15m-1765966500,1765966500.0,1765967400.0,,724.9078967571259,,,,,0,0,0.98,0.98,ONE_LEG_INVENTORY,,,,,,,,,,,,,,0,5.0,,,,,,,,,,,,,,,,,,,,RECONSTRUCT_BLOCKED: BLOCKED_BY_CAP_MIN,,,,,,,,6.0,10.0,,,,,0,0,,,Inv: 6.0/10.0 CapLeft: 4.0,,,6.0,10.0,16.0,4.0,0.0,0.0,0.0
1765966677.046005,btc-updown-15m-1765966500,1765966500.0,1765967400.0,,722.9539949893951,,,,,0,0,0.99,0.98,ONE_LEG_INVENTORY,,,,,,,,,,,,,,0,5.0,,,,,,,,,,,,,,,,,,,,RECONSTRUCT_BLOCKED: BLOCKED_BY_CAP_MIN,,,,,,,,6.0,10.0,,,,,0,0,,,Inv: 6.0/10.0 CapLeft: 4.0,,,6.0,10.0,16.0,4.0,0.0,0.0,0.0
1765966677.046005,btc-updown-15m-1765966500,1765966500.0,1765967400.0,,722.9539949893951,,,,,0,0,0.99,0.98,ONE_LEG_INVENTORY,,,,,,,,,,,,,,0,5.0,,,,,,,,,,,,,,,,,,,,RECONSTRUCT_BLOCKED: BLOCKED_BY_CAP_MIN,,,,,,,,6.0,10.0,,,,,0,0,,,Inv: 6.0/10.0 CapLeft: 4.0,,,6.0,10.0,16.0,4.0,0.0,0.0,0.0
1765966678.9898355,btc-updown-15m-1765966500,1765966500.0,1765967400.0,,721.0101644992828,,,,,0,0,0.98,0.98,ONE_LEG_INVENTORY,,,,,,,,,,,,,,0,5.0,,,,,,,,,,,,,,,,,,,,RECONSTRUCT_BLOCKED: BLOCKED_BY_CAP_MIN,,,,,,,,6.0,10.0,,,,,0,0,,,Inv: 6.0/10.0 CapLeft: 4.0,,,6.0,10.0,16.0,4.0,0.0,0.0,0.0
1765966678.9898355,btc-updown-15m-1765966500,1765966500.0,1765967400.0,,721.0101644992828,,,,,0,0,0.98,0.98,ONE_LEG_INVENTORY,,,,,,,,,,,,,,0,5.0,,,,,,,,,,,,,,,,,,,,RECONSTRUCT_BLOCKED: BLOCKED_BY_CAP_MIN,,,,,,,,6.0,10.0,,,,,0,0,,,Inv: 6.0/10.0 CapLeft: 4.0,,,6.0,10.0,16.0,4.0,0.0,0.0,0.0
1765966680.9264581,btc-updown-15m-1765966500,1765966500.0,1765967400.0,,719.0735418796539,,,,,0,0,0.98,0.98,ONE_LEG_INVENTORY,,,,,,,,,,,,,,0,5.0,,,,,,,,,,,,,,,,,,,,RECONSTRUCT_BLOCKED: BLOCKED_BY_CAP_MIN,,,,,,,,6.0,10.0,,,,,0,0,,,Inv: 6.0/10.0 CapLeft: 4.0,,,6.0,10.0,16.0,4.0,0.0,0.0,0.0
1765966680.9264581,btc-updown-15m-1765966500,1765966500.0,1765967400.0,,719.0735418796539,,,,,0,0,0.98,0.98,ONE_LEG_INVENTORY,,,,,,,,,,,,,,0,5.0,,,,,,,,,,,,,,,,,,,,RECONSTRUCT_BLOCKED: BLOCKED_BY_CAP_MIN,,,,,,,,6.0,10.0,,,,,0,0,,,Inv: 6.0/10.0 CapLeft: 4.0,,,6.0,10.0,16.0,4.0,0.0,0.0,0.0
1765966682.8896298,btc-updown-15m-1765966500,1765966500.0,1765967400.0,,717.1103701591492,,,,,0,0,0.98,0.98,ONE_LEG_INVENTORY,,,,,,,,,,,,,,0,5.0,,,,,,,,,,,,,,,,,,,,RECONSTRUCT_BLOCKED: BLOCKED_BY_CAP_MIN,,,,,,,,6.0,10.0,,,,,0,0,,,Inv: 6.0/10.0 CapLeft: 4.0,,,6.0,10.0,16.0,4.0,0.0,0.0,0.0
1765966682.8896298,btc-updown-15m-1765966500,1765966500.0,1765967400.0,,717.1103701591492,,,,,0,0,0.98,0.98,ONE_LEG_INVENTORY,,,,,,,,,,,,,,0,5.0,,,,,,,,,,,,,,,,,,,,RECONSTRUCT_BLOCKED: BLOCKED_BY_CAP_MIN,,,,,,,,6.0,10.0,,,,,0,0,,,Inv: 6.0/10.0 CapLeft: 4.0,,,6.0,10.0,16.0,4.0,0.0,0.0,0.0
1765966684.8255773,btc-updown-15m-1765966500,1765966500.0,1765967400.0,,715.1744227409363,,,,,0,0,0.98,0.98,ONE_LEG_INVENTORY,,,,,,,,,,,,,,0,5.0,,,,,,,,,,,,,,,,,,,,RECONSTRUCT_BLOCKED: BLOCKED_BY_CAP_MIN,,,,,,,,6.0,10.0,,,,,0,0,,,Inv: 6.0/10.0 CapLeft: 4.0,,,6.0,10.0,16.0,4.0,0.0,0.0,0.0
1765966684.8255773,btc-updown-15m-1765966500,1765966500.0,1765967400.0,,715.1744227409363,,,,,0,0,0.98,0.98,ONE_LEG_INVENTORY,,,,,,,,,,,,,,0,5.0,,,,,,,,,,,,,,,,,,,,RECONSTRUCT_BLOCKED: BLOCKED_BY_CAP_MIN,,,,,,,,6.0,10.0,,,,,0,0,,,Inv: 6.0/10.0 CapLeft: 4.0,,,6.0,10.0,16.0,4.0,0.0,0.0,0.0
1765966686.7980144,btc-updown-15m-1765966500,1765966500.0,1765967400.0,,713.2019855976105,,,,,0,0,0.99,0.98,ONE_LEG_INVENTORY,,,,,,,,,,,,,,0,5.0,,,,,,,,,,,,,,,,,,,,RECONSTRUCT_BLOCKED: BLOCKED_BY_CAP_MIN,,,,,,,,6.0,10.0,,,,,0,0,,,Inv: 6.0/10.0 CapLeft: 4.0,,,6.0,10.0,16.0,4.0,0.0,0.0,0.0
1765966686.7980144,btc-updown-15m-1765966500,1765966500.0,1765967400.0,,713.2019855976105,,,,,0,0,0.99,0.98,ONE_LEG_INVENTORY,,,,,,,,,,,,,,0,5.0,,,,,,,,,,,,,,,,,,,,RECONSTRUCT_BLOCKED: BLOCKED_BY_CAP_MIN,,,,,,,,6.0,10.0,,,,,0,0,,,Inv: 6.0/10.0 CapLeft: 4.0,,,6.0,10.0,16.0,4.0,0.0,0.0,0.0
1765966688.74937,btc-updown-15m-1765966500,1765966500.0,1765967400.0,,711.250629901886,,,,,0,0,0.98,0.98,ONE_LEG_INVENTORY,,,,,,,,,,,,,,0,5.0,,,,,,,,,,,,,,,,,,,,RECONSTRUCT_BLOCKED: BLOCKED_BY_CAP_MIN,,,,,,,,6.0,10.0,,,,,0,0,,,Inv: 6.0/10.0 CapLeft: 4.0,,,6.0,10.0,16.0,4.0,0.0,0.0,0.0
1765966688.74937,btc-updown-15m-1765966500,1765966500.0,1765967400.0,,711.250629901886,,,,,0,0,0.98,0.98,ONE_LEG_INVENTORY,,,,,,,,,,,,,,0,5.0,,,,,,,,,,,,,,,,,,,,RECONSTRUCT_BLOCKED: BLOCKED_BY_CAP_MIN,,,,,,,,6.0,10.0,,,,,0,0,,,Inv: 6.0/10.0 CapLeft: 4.0,,,6.0,10.0,16.0,4.0,0.0,0.0,0.0
1765966690.6856518,btc-updown-15m-1765966500,1765966500.0,1765967400.0,,709.3143482208252,,,,,0,0,0.98,0.98,ONE_LEG_INVENTORY,,,,,,,,,,,,,,0,5.0,,,,,,,,,,,,,,,,,,,,RECONSTRUCT_BLOCKED: BLOCKED_BY_CAP_MIN,,,,,,,,6.0,10.0,,,,,0,0,,,Inv: 6.0/10.0 CapLeft: 4.0,,,6.0,10.0,16.0,4.0,0.0,0.0,0.0
1765966690.6856518,btc-updown-15m-1765966500,1765966500.0,1765967400.0,,709.3143482208252,,,,,0,0,0.98,0.98,ONE_LEG_INVENTORY,,,,,,,,,,,,,,0,5.0,,,,,,,,,,,,,,,,,,,,RECONSTRUCT_BLOCKED: BLOCKED_BY_CAP_MIN,,,,,,,,6.0,10.0,,,,,0,0,,,Inv: 6.0/10.0 CapLeft: 4.0,,,6.0,10.0,16.0,4.0,0.0,0.0,0.0
1765966692.6625826,btc-updown-15m-1765966500,1765966500.0,1765967400.0,,707.3374173641205,,,,,0,0,0.98,0.98,ONE_LEG_INVENTORY,,,,,,,,,,,,,,0,5.0,,,,,,,,,,,,,,,,,,,,RECONSTRUCT_BLOCKED: BLOCKED_BY_CAP_MIN,,,,,,,,6.0,10.0,,,,,0,0,,,Inv: 6.0/10.0 CapLeft: 4.0,,,6.0,10.0,16.0,4.0,0.0,0.0,0.0
1765966692.6625826,btc-updown-15m-1765966500,1765966500.0,1765967400.0,,707.3374173641205,,,,,0,0,0.98,0.98,ONE_LEG_INVENTORY,,,,,,,,,,,,,,0,5.0,,,,,,,,,,,,,,,,,,,,RECONSTRUCT_BLOCKED: BLOCKED_BY_CAP_MIN,,,,,,,,6.0,10.0,,,,,0,0,,,Inv: 6.0/10.0 CapLeft: 4.0,,,6.0,10.0,16.0,4.0,0.0,0.0,0.0
1765966694.6362433,btc-updown-15m-1765966500,1765966500.0,1765967400.0,,705.3637566566467,,,,,0,0,0.99,0.98,ONE_LEG_INVENTORY,,,,,,,,,,,,,,0,5.0,,,,,,,,,,,,,,,,,,,,RECONSTRUCT_BLOCKED: BLOCKED_BY_CAP_MIN,,,,,,,,6.0,10.0,,,,,0,0,,,Inv: 6.0/10.0 CapLeft: 4.0,,,6.0,10.0,16.0,4.0,0.0,0.0,0.0
1765966694.6362433,btc-updown-15m-1765966500,1765966500.0,1765967400.0,,705.3637566566467,,,,,0,0,0.99,0.98,ONE_LEG_INVENTORY,,,,,,,,,,,,,,0,5.0,,,,,,,,,,,,,,,,,,,,RECONSTRUCT_BLOCKED: BLOCKED_BY_CAP_MIN,,,,,,,,6.0,10.0,,,,,0,0,,,Inv: 6.0/10.0 CapLeft: 4.0,,,6.0,10.0,16.0,4.0,0.0,0.0,0.0
1765966696.5809965,btc-updown-15m-1765966500,1765966500.0,1765967400.0,,703.4190034866333,,,,,0,0,0.99,0.98,ONE_LEG_INVENTORY,,,,,,,,,,,,,,0,5.0,,,,,,,,,,,,,,,,,,,,RECONSTRUCT_BLOCKED: BLOCKED_BY_CAP_MIN,,,,,,,,6.0,10.0,,,,,0,0,,,Inv: 6.0/10.0 CapLeft: 4.0,,,6.0,10.0,16.0,4.0,0.0,0.0,0.0
1765966696.5809965,btc-updown-15m-1765966500,1765966500.0,1765967400.0,,703.4190034866333,,,,,0,0,0.99,0.98,ONE_LEG_INVENTORY,,,,,,,,,,,,,,0,5.0,,,,,,,,,,,,,,,,,,,,RECONSTRUCT_BLOCKED: BLOCKED_BY_CAP_MIN,,,,,,,,6.0,10.0,,,,,0,0,,,Inv: 6.0/10.0 CapLeft: 4.0,,,6.0,10.0,16.0,4.0,0.0,0.0,0.0
1765966698.5153205,btc-updown-15m-1765966500,1765966500.0,1765967400.0,,701.4846794605255,,,,,0,0,0.97,0.98,ONE_LEG_INVENTORY,,,,,,,,,,,,,,0,5.0,,,,,,,,,,,,,,,,,,,,RECONSTRUCT_BLOCKED: BLOCKED_BY_CAP_MIN,,,,,,,,6.0,10.0,,,,,0,0,,,Inv: 6.0/10.0 CapLeft: 4.0,,,6.0,10.0,16.0,4.0,0.0,0.0,0.0
1765966698.5153205,btc-updown-15m-1765966500,1765966500.0,1765967400.0,,701.4846794605255,,,,,0,0,0.97,0.98,ONE_LEG_INVENTORY,,,,,,,,,,,,,,0,5.0,,,,,,,,,,,,,,,,,,,,RECONSTRUCT_BLOCKED: BLOCKED_BY_CAP_MIN,,,,,,,,6.0,10.0,,,,,0,0,,,Inv: 6.0/10.0 CapLeft: 4.0,,,6.0,10.0,16.0,4.0,0.0,0.0,0.0
1765966700.6887047,btc-updown-15m-1765966500,1765966500.0,1765967400.0,,699.3112952709198,,,,,0,0,0.98,0.98,ONE_LEG_INVENTORY,,,,,,,,,,,,,,0,5.0,,,,,,,,,,,,,,,,,,,,RECONSTRUCT_BLOCKED: BLOCKED_BY_CAP_MIN,,,,,,,,6.0,10.0,,,,,0,0,,,Inv: 6.0/10.0 CapLeft: 4.0,,,6.0,10.0,16.0,4.0,0.0,0.0,0.0
1765966700.6887047,btc-updown-15m-1765966500,1765966500.0,1765967400.0,,699.3112952709198,,,,,0,0,0.98,0.98,ONE_LEG_INVENTORY,,,,,,,,,,,,,,0,5.0,,,,,,,,,,,,,,,,,,,,RECONSTRUCT_BLOCKED: BLOCKED_BY_CAP_MIN,,,,,,,,6.0,10.0,,,,,0,0,,,Inv: 6.0/10.0 CapLeft: 4.0,,,6.0,10.0,16.0,4.0,0.0,0.0,0.0
1765966702.6386144,btc-updown-15m-1765966500,1765966500.0,1765967400.0,,697.3613855838776,,,,,0,0,0.98,0.98,ONE_LEG_INVENTORY,,,,,,,,,,,,,,0,5.0,,,,,,,,,,,,,,,,,,,,RECONSTRUCT_BLOCKED: BLOCKED_BY_CAP_MIN,,,,,,,,6.0,10.0,,,,,0,0,,,Inv: 6.0/10.0 CapLeft: 4.0,,,6.0,10.0,16.0,4.0,0.0,0.0,0.0
1765966702.6386144,btc-updown-15m-1765966500,1765966500.0,1765967400.0,,697.3613855838776,,,,,0,0,0.98,0.98,ONE_LEG_INVENTORY,,,,,,,,,,,,,,0,5.0,,,,,,,,,,,,,,,,,,,,RECONSTRUCT_BLOCKED: BLOCKED_BY_CAP_MIN,,,,,,,,6.0,10.0,,,,,0,0,,,Inv: 6.0/10.0 CapLeft: 4.0,,,6.0,10.0,16.0,4.0,0.0,0.0,0.0
1765966704.5877635,btc-updown-15m-1765966500,1765966500.0,1765967400.0,,695.4122364521027,,,,,0,0,0.99,0.98,ONE_LEG_INVENTORY,,,,,,,,,,,,,,0,5.0,,,,,,,,,,,,,,,,,,,,RECONSTRUCT_BLOCKED: BLOCKED_BY_CAP_MIN,,,,,,,,6.0,10.0,,,,,0,0,,,Inv: 6.0/10.0 CapLeft: 4.0,,,6.0,10.0,16.0,4.0,0.0,0.0,0.0
1765966704.5877635,btc-updown-15m-1765966500,1765966500.0,1765967400.0,,695.4122364521027,,,,,0,0,0.99,0.98,ONE_LEG_INVENTORY,,,,,,,,,,,,,,0,5.0,,,,,,,,,,,,,,,,,,,,RECONSTRUCT_BLOCKED: BLOCKED_BY_CAP_MIN,,,,,,,,6.0,10.0,,,,,0,0,,,Inv: 6.0/10.0 CapLeft: 4.0,,,6.0,10.0,16.0,4.0,0.0,0.0,0.0
1765966706.5192628,btc-updown-15m-1765966500,1765966500.0,1765967400.0,,693.4807372093201,,,,,0,0,1.0,0.98,ONE_LEG_INVENTORY,,,,,,,,,,,,,,0,5.0,,,,,,,,,,,,,,,,,,,,RECONSTRUCT_BLOCKED: BLOCKED_BY_CAP_MIN,,,,,,,,6.0,10.0,,,,,0,0,,,Inv: 6.0/10.0 CapLeft: 4.0,,,6.0,10.0,16.0,4.0,0.0,0.0,0.0
1765966706.5192628,btc-updown-15m-1765966500,1765966500.0,1765967400.0,,693.4807372093201,,,,,0,0,1.0,0.98,ONE_LEG_INVENTORY,,,,,,,,,,,,,,0,5.0,,,,,,,,,,,,,,,,,,,,RECONSTRUCT_BLOCKED: BLOCKED_BY_CAP_MIN,,,,,,,,6.0,10.0,,,,,0,0,,,Inv: 6.0/10.0 CapLeft: 4.0,,,6.0,10.0,16.0,4.0,0.0,0.0,0.0
1765966708.4677389,btc-updown-15m-1765966500,1765966500.0,1765967400.0,,691.532261133194,,,,,0,0,0.99,0.98,ONE_LEG_INVENTORY,,,,,,,,,,,,,,0,5.0,,,,,,,,,,,,,,,,,,,,RECONSTRUCT_BLOCKED: BLOCKED_BY_CAP_MIN,,,,,,,,6.0,10.0,,,,,0,0,,,Inv: 6.0/10.0 CapLeft: 4.0,,,6.0,10.0,16.0,4.0,0.0,0.0,0.0
1765966708.4677389,btc-updown-15m-1765966500,1765966500.0,1765967400.0,,691.532261133194,,,,,0,0,0.99,0.98,ONE_LEG_INVENTORY,,,,,,,,,,,,,,0,5.0,,,,,,,,,,,,,,,,,,,,RECONSTRUCT_BLOCKED: BLOCKED_BY_CAP_MIN,,,,,,,,6.0,10.0,,,,,0,0,,,Inv: 6.0/10.0 CapLeft: 4.0,,,6.0,10.0,16.0,4.0,0.0,0.0,0.0
1765966710.421044,btc-updown-15m-1765966500,1765966500.0,1765967400.0,,689.5789558887482,,,,,0,0,0.99,0.98,ONE_LEG_INVENTORY,,,,,,,,,,,,,,0,5.0,,,,,,,,,,,,,,,,,,,,RECONSTRUCT_BLOCKED: BLOCKED_BY_CAP_MIN,,,,,,,,6.0,10.0,,,,,0,0,,,Inv: 6.0/10.0 CapLeft: 4.0,,,6.0,10.0,16.0,4.0,0.0,0.0,0.0
1765966710.421044,btc-updown-15m-1765966500,1765966500.0,1765967400.0,,689.5789558887482,,,,,0,0,0.99,0.98,ONE_LEG_INVENTORY,,,,,,,,,,,,,,0,5.0,,,,,,,,,,,,,,,,,,,,RECONSTRUCT_BLOCKED: BLOCKED_BY_CAP_MIN,,,,,,,,6.0,10.0,,,,,0,0,,,Inv: 6.0/10.0 CapLeft: 4.0,,,6.0,10.0,16.0,4.0,0.0,0.0,0.0
1765966712.379217,btc-updown-15m-1765966500,1765966500.0,1765967400.0,,687.6207830905914,,,,,0,0,0.99,0.98,ONE_LEG_INVENTORY,,,,,,,,,,,,,,0,5.0,,,,,,,,,,,,,,,,,,,,RECONSTRUCT_BLOCKED: BLOCKED_BY_CAP_MIN,,,,,,,,6.0,10.0,,,,,0,0,,,Inv: 6.0/10.0 CapLeft: 4.0,,,6.0,10.0,16.0,4.0,0.0,0.0,0.0
1765966712.379217,btc-updown-15m-1765966500,1765966500.0,1765967400.0,,687.6207830905914,,,,,0,0,0.99,0.98,ONE_LEG_INVENTORY,,,,,,,,,,,,,,0,5.0,,,,,,,,,,,,,,,,,,,,RECONSTRUCT_BLOCKED: BLOCKED_BY_CAP_MIN,,,,,,,,6.0,10.0,,,,,0,0,,,Inv: 6.0/10.0 CapLeft: 4.0,,,6.0,10.0,16.0,4.0,0.0,0.0,0.0
1765966714.3368,btc-updown-15m-1765966500,1765966500.0,1765967400.0,,685.6631999015808,,,,,0,0,0.9800000000000001,0.98,ONE_LEG_INVENTORY,,,,,,,,,,,,,,0,5.0,,,,,,,,,,,,,,,,,,,,RECONSTRUCT_BLOCKED: BLOCKED_BY_CAP_MIN,,,,,,,,6.0,10.0,,,,,0,0,,,Inv: 6.0/10.0 CapLeft: 4.0,,,6.0,10.0,16.0,4.0,0.0,0.0,0.0
1765966714.3368,btc-updown-15m-1765966500,1765966500.0,1765967400.0,,685.6631999015808,,,,,0,0,0.9800000000000001,0.98,ONE_LEG_INVENTORY,,,,,,,,,,,,,,0,5.0,,,,,,,,,,,,,,,,,,,,RECONSTRUCT_BLOCKED: BLOCKED_BY_CAP_MIN,,,,,,,,6.0,10.0,,,,,0,0,,,Inv: 6.0/10.0 CapLeft: 4.0,,,6.0,10.0,16.0,4.0,0.0,0.0,0.0
1765966716.2915204,btc-updown-15m-1765966500,1765966500.0,1765967400.0,,683.708479642868,,,,,0,0,0.98,0.98,ONE_LEG_INVENTORY,,,,,,,,,,,,,,0,5.0,,,,,,,,,,,,,,,,,,,,RECONSTRUCT_BLOCKED: BLOCKED_BY_CAP_MIN,,,,,,,,6.0,10.0,,,,,0,0,,,Inv: 6.0/10.0 CapLeft: 4.0,,,6.0,10.0,16.0,4.0,0.0,0.0,0.0
1765966716.2915204,btc-updown-15m-1765966500,1765966500.0,1765967400.0,,683.708479642868,,,,,0,0,0.98,0.98,ONE_LEG_INVENTORY,,,,,,,,,,,,,,0,5.0,,,,,,,,,,,,,,,,,,,,RECONSTRUCT_BLOCKED: BLOCKED_BY_CAP_MIN,,,,,,,,6.0,10.0,,,,,0,0,,,Inv: 6.0/10.0 CapLeft: 4.0,,,6.0,10.0,16.0,4.0,0.0,0.0,0.0
1765966718.2701151,btc-updown-15m-1765966500,1765966500.0,1765967400.0,,681.7298848628998,,,,,0,0,0.99,0.98,ONE_LEG_INVENTORY,,,,,,,,,,,,,,0,5.0,,,,,,,,,,,,,,,,,,,,RECONSTRUCT_BLOCKED: BLOCKED_BY_CAP_MIN,,,,,,,,6.0,10.0,,,,,0,0,,,Inv: 6.0/10.0 CapLeft: 4.0,,,6.0,10.0,16.0,4.0,0.0,0.0,0.0
1765966718.2701151,btc-updown-15m-1765966500,1765966500.0,1765967400.0,,681.7298848628998,,,,,0,0,0.99,0.98,ONE_LEG_INVENTORY,,,,,,,,,,,,,,0,5.0,,,,,,,,,,,,,,,,,,,,RECONSTRUCT_BLOCKED: BLOCKED_BY_CAP_MIN,,,,,,,,6.0,10.0,,,,,0,0,,,Inv: 6.0/10.0 CapLeft: 4.0,,,6.0,10.0,16.0,4.0,0.0,0.0,0.0
1765966720.206024,btc-updown-15m-1765966500,1765966500.0,1765967400.0,,679.7939760684967,,,,,0,0,0.99,0.98,ONE_LEG_INVENTORY,,,,,,,,,,,,,,0,5.0,,,,,,,,,,,,,,,,,,,,RECONSTRUCT_BLOCKED: BLOCKED_BY_CAP_MIN,,,,,,,,6.0,10.0,,,,,0,0,,,Inv: 6.0/10.0 CapLeft: 4.0,,,6.0,10.0,16.0,4.0,0.0,0.0,0.0
1765966720.206024,btc-updown-15m-1765966500,1765966500.0,1765967400.0,,679.7939760684967,,,,,0,0,0.99,0.98,ONE_LEG_INVENTORY,,,,,,,,,,,,,,0,5.0,,,,,,,,,,,,,,,,,,,,RECONSTRUCT_BLOCKED: BLOCKED_BY_CAP_MIN,,,,,,,,6.0,10.0,,,,,0,0,,,Inv: 6.0/10.0 CapLeft: 4.0,,,6.0,10.0,16.0,4.0,0.0,0.0,0.0
1765966722.1798668,btc-updown-15m-1765966500,1765966500.0,1765967400.0,,677.8201332092285,,,,,0,0,0.99,0.98,ONE_LEG_INVENTORY,,,,,,,,,,,,,,0,5.0,,,,,,,,,,,,,,,,,,,,RECONSTRUCT_BLOCKED: BLOCKED_BY_CAP_MIN,,,,,,,,6.0,10.0,,,,,0,0,,,Inv: 6.0/10.0 CapLeft: 4.0,,,6.0,10.0,16.0,4.0,0.0,0.0,0.0
1765966722.1798668,btc-updown-15m-1765966500,1765966500.0,1765967400.0,,677.8201332092285,,,,,0,0,0.99,0.98,ONE_LEG_INVENTORY,,,,,,,,,,,,,,0,5.0,,,,,,,,,,,,,,,,,,,,RECONSTRUCT_BLOCKED: BLOCKED_BY_CAP_MIN,,,,,,,,6.0,10.0,,,,,0,0,,,Inv: 6.0/10.0 CapLeft: 4.0,,,6.0,10.0,16.0,4.0,0.0,0.0,0.0
1765966724.1118667,btc-updown-15m-1765966500,1765966500.0,1765967400.0,,675.8881332874298,,,,,0,0,0.98,0.98,ONE_LEG_INVENTORY,,,,,,,,,,,,,,0,5.0,,,,,,,,,,,,,,,,,,,,RECONSTRUCT_BLOCKED: BLOCKED_BY_CAP_MIN,,,,,,,,6.0,10.0,,,,,0,0,,,Inv: 6.0/10.0 CapLeft: 4.0,,,6.0,10.0,16.0,4.0,0.0,0.0,0.0
1765966724.1118667,btc-updown-15m-1765966500,1765966500.0,1765967400.0,,675.8881332874298,,,,,0,0,0.98,0.98,ONE_LEG_INVENTORY,,,,,,,,,,,,,,0,5.0,,,,,,,,,,,,,,,,,,,,RECONSTRUCT_BLOCKED: BLOCKED_BY_CAP_MIN,,,,,,,,6.0,10.0,,,,,0,0,,,Inv: 6.0/10.0 CapLeft: 4.0,,,6.0,10.0,16.0,4.0,0.0,0.0,0.0
1765966726.0654926,btc-updown-15m-1765966500,1765966500.0,1765967400.0,,673.9345073699951,,,,,0,0,0.99,0.98,ONE_LEG_INVENTORY,,,,,,,,,,,,,,0,5.0,,,,,,,,,,,,,,,,,,,,RECONSTRUCT_BLOCKED: BLOCKED_BY_CAP_MIN,,,,,,,,6.0,10.0,,,,,0,0,,,Inv: 6.0/10.0 CapLeft: 4.0,,,6.0,10.0,16.0,4.0,0.0,0.0,0.0
1765966726.0654926,btc-updown-15m-1765966500,1765966500.0,1765967400.0,,673.9345073699951,,,,,0,0,0.99,0.98,ONE_LEG_INVENTORY,,,,,,,,,,,,,,0,5.0,,,,,,,,,,,,,,,,,,,,RECONSTRUCT_BLOCKED: BLOCKED_BY_CAP_MIN,,,,,,,,6.0,10.0,,,,,0,0,,,Inv: 6.0/10.0 CapLeft: 4.0,,,6.0,10.0,16.0,4.0,0.0,0.0,0.0
1765966728.0445905,btc-updown-15m-1765966500,1765966500.0,1765967400.0,,671.955409526825,,,,,0,0,0.99,0.98,ONE_LEG_INVENTORY,,,,,,,,,,,,,,0,5.0,,,,,,,,,,,,,,,,,,,,RECONSTRUCT_BLOCKED: BLOCKED_BY_CAP_MIN,,,,,,,,6.0,10.0,,,,,0,0,,,Inv: 6.0/10.0 CapLeft: 4.0,,,6.0,10.0,16.0,4.0,0.0,0.0,0.0
1765966728.0445905,btc-updown-15m-1765966500,1765966500.0,1765967400.0,,671.955409526825,,,,,0,0,0.99,0.98,ONE_LEG_INVENTORY,,,,,,,,,,,,,,0,5.0,,,,,,,,,,,,,,,,,,,,RECONSTRUCT_BLOCKED: BLOCKED_BY_CAP_MIN,,,,,,,,6.0,10.0,,,,,0,0,,,Inv: 6.0/10.0 CapLeft: 4.0,,,6.0,10.0,16.0,4.0,0.0,0.0,0.0
1765966729.9896777,btc-updown-15m-1765966500,1765966500.0,1765967400.0,,670.0103223323822,,,,,0,0,0.99,0.98,ONE_LEG_INVENTORY,,,,,,,,,,,,,,0,5.0,,,,,,,,,,,,,,,,,,,,RECONSTRUCT_BLOCKED: BLOCKED_BY_CAP_MIN,,,,,,,,6.0,10.0,,,,,0,0,,,Inv: 6.0/10.0 CapLeft: 4.0,,,6.0,10.0,16.0,4.0,0.0,0.0,0.0
1765966729.9896777,btc-updown-15m-1765966500,1765966500.0,1765967400.0,,670.0103223323822,,,,,0,0,0.99,0.98,ONE_LEG_INVENTORY,,,,,,,,,,,,,,0,5.0,,,,,,,,,,,,,,,,,,,,RECONSTRUCT_BLOCKED: BLOCKED_BY_CAP_MIN,,,,,,,,6.0,10.0,,,,,0,0,,,Inv: 6.0/10.0 CapLeft: 4.0,,,6.0,10.0,16.0,4.0,0.0,0.0,0.0
1765966731.9453275,btc-updown-15m-1765966500,1765966500.0,1765967400.0,,668.0546724796295,,,,,0,0,0.99,0.98,ONE_LEG_INVENTORY,,,,,,,,,,,,,,0,5.0,,,,,,,,,,,,,,,,,,,,RECONSTRUCT_BLOCKED: BLOCKED_BY_CAP_MIN,,,,,,,,6.0,10.0,,,,,0,0,,,Inv: 6.0/10.0 CapLeft: 4.0,,,6.0,10.0,16.0,4.0,0.0,0.0,0.0
1765966731.9453275,btc-updown-15m-1765966500,1765966500.0,1765967400.0,,668.0546724796295,,,,,0,0,0.99,0.98,ONE_LEG_INVENTORY,,,,,,,,,,,,,,0,5.0,,,,,,,,,,,,,,,,,,,,RECONSTRUCT_BLOCKED: BLOCKED_BY_CAP_MIN,,,,,,,,6.0,10.0,,,,,0,0,,,Inv: 6.0/10.0 CapLeft: 4.0,,,6.0,10.0,16.0,4.0,0.0,0.0,0.0
1765966733.9081225,btc-updown-15m-1765966500,1765966500.0,1765967400.0,,666.0918774604797,,,,,0,0,0.99,0.98,ONE_LEG_INVENTORY,,,,,,,,,,,,,,0,5.0,,,,,,,,,,,,,,,,,,,,RECONSTRUCT_BLOCKED: BLOCKED_BY_CAP_MIN,,,,,,,,6.0,10.0,,,,,0,0,,,Inv: 6.0/10.0 CapLeft: 4.0,,,6.0,10.0,16.0,4.0,0.0,0.0,0.0
1765966733.9081225,btc-updown-15m-1765966500,1765966500.0,1765967400.0,,666.0918774604797,,,,,0,0,0.99,0.98,ONE_LEG_INVENTORY,,,,,,,,,,,,,,0,5.0,,,,,,,,,,,,,,,,,,,,RECONSTRUCT_BLOCKED: BLOCKED_BY_CAP_MIN,,,,,,,,6.0,10.0,,,,,0,0,,,Inv: 6.0/10.0 CapLeft: 4.0,,,6.0,10.0,16.0,4.0,0.0,0.0,0.0
1765966735.8670895,btc-updown-15m-1765966500,1765966500.0,1765967400.0,,664.132910490036,,,,,0,0,0.99,0.98,ONE_LEG_INVENTORY,,,,,,,,,,,,,,0,5.0,,,,,,,,,,,,,,,,,,,,RECONSTRUCT_BLOCKED: BLOCKED_BY_CAP_MIN,,,,,,,,6.0,10.0,,,,,0,0,,,Inv: 6.0/10.0 CapLeft: 4.0,,,6.0,10.0,16.0,4.0,0.0,0.0,0.0
1765966735.8670895,btc-updown-15m-1765966500,1765966500.0,1765967400.0,,664.132910490036,,,,,0,0,0.99,0.98,ONE_LEG_INVENTORY,,,,,,,,,,,,,,0,5.0,,,,,,,,,,,,,,,,,,,,RECONSTRUCT_BLOCKED: BLOCKED_BY_CAP_MIN,,,,,,,,6.0,10.0,,,,,0,0,,,Inv: 6.0/10.0 CapLeft: 4.0,,,6.0,10.0,16.0,4.0,0.0,0.0,0.0
1765966737.8449779,btc-updown-15m-1765966500,1765966500.0,1765967400.0,,662.1550221443176,,,,,0,0,0.99,0.98,ONE_LEG_INVENTORY,,,,,,,,,,,,,,0,5.0,,,,,,,,,,,,,,,,,,,,RECONSTRUCT_BLOCKED: BLOCKED_BY_CAP_MIN,,,,,,,,6.0,10.0,,,,,0,0,,,Inv: 6.0/10.0 CapLeft: 4.0,,,6.0,10.0,16.0,4.0,0.0,0.0,0.0
1765966737.8449779,btc-updown-15m-1765966500,1765966500.0,1765967400.0,,662.1550221443176,,,,,0,0,0.99,0.98,ONE_LEG_INVENTORY,,,,,,,,,,,,,,0,5.0,,,,,,,,,,,,,,,,,,,,RECONSTRUCT_BLOCKED: BLOCKED_BY_CAP_MIN,,,,,,,,6.0,10.0,,,,,0,0,,,Inv: 6.0/10.0 CapLeft: 4.0,,,6.0,10.0,16.0,4.0,0.0,0.0,0.0
1765966739.8003824,btc-updown-15m-1765966500,1765966500.0,1765967400.0,,660.1996176242828,,,,,0,0,0.99,0.98,ONE_LEG_INVENTORY,,,,,,,,,,,,,,0,5.0,,,,,,,,,,,,,,,,,,,,RECONSTRUCT_BLOCKED: BLOCKED_BY_CAP_MIN,,,,,,,,6.0,10.0,,,,,0,0,,,Inv: 6.0/10.0 CapLeft: 4.0,,,6.0,10.0,16.0,4.0,0.0,0.0,0.0
1765966739.8003824,btc-updown-15m-1765966500,1765966500.0,1765967400.0,,660.1996176242828,,,,,0,0,0.99,0.98,ONE_LEG_INVENTORY,,,,,,,,,,,,,,0,5.0,,,,,,,,,,,,,,,,,,,,RECONSTRUCT_BLOCKED: BLOCKED_BY_CAP_MIN,,,,,,,,6.0,10.0,,,,,0,0,,,Inv: 6.0/10.0 CapLeft: 4.0,,,6.0,10.0,16.0,4.0,0.0,0.0,0.0
1765966741.755549,btc-updown-15m-1765966500,1765966500.0,1765967400.0,,658.24445104599,,,,,0,0,1.0,0.98,ONE_LEG_INVENTORY,,,,,,,,,,,,,,0,5.0,,,,,,,,,,,,,,,,,,,,RECONSTRUCT_BLOCKED: BLOCKED_BY_CAP_MIN,,,,,,,,6.0,10.0,,,,,0,0,,,Inv: 6.0/10.0 CapLeft: 4.0,,,6.0,10.0,16.0,4.0,0.0,0.0,0.0
1765966741.755549,btc-updown-15m-1765966500,1765966500.0,1765967400.0,,658.24445104599,,,,,0,0,1.0,0.98,ONE_LEG_INVENTORY,,,,,,,,,,,,,,0,5.0,,,,,,,,,,,,,,,,,,,,RECONSTRUCT_BLOCKED: BLOCKED_BY_CAP_MIN,,,,,,,,6.0,10.0,,,,,0,0,,,Inv: 6.0/10.0 CapLeft: 4.0,,,6.0,10.0,16.0,4.0,0.0,0.0,0.0
1765966743.7031064,btc-updown-15m-1765966500,1765966500.0,1765967400.0,,656.2968935966492,,,,,0,0,0.98,0.98,ONE_LEG_INVENTORY,,,,,,,,,,,,,,0,5.0,,,,,,,,,,,,,,,,,,,,RECONSTRUCT_BLOCKED: BLOCKED_BY_CAP_MIN,,,,,,,,6.0,10.0,,,,,0,0,,,Inv: 6.0/10.0 CapLeft: 4.0,,,6.0,10.0,16.0,4.0,0.0,0.0,0.0
1765966743.7031064,btc-updown-15m-1765966500,1765966500.0,1765967400.0,,656.2968935966492,,,,,0,0,0.98,0.98,ONE_LEG_INVENTORY,,,,,,,,,,,,,,0,5.0,,,,,,,,,,,,,,,,,,,,RECONSTRUCT_BLOCKED: BLOCKED_BY_CAP_MIN,,,,,,,,6.0,10.0,,,,,0,0,,,Inv: 6.0/10.0 CapLeft: 4.0,,,6.0,10.0,16.0,4.0,0.0,0.0,0.0
1765966745.6442416,btc-updown-15m-1765966500,1765966500.0,1765967400.0,,654.3557584285736,,,,,0,0,0.99,0.98,ONE_LEG_INVENTORY,,,,,,,,,,,,,,0,5.0,,,,,,,,,,,,,,,,,,,,RECONSTRUCT_BLOCKED: BLOCKED_BY_CAP_MIN,,,,,,,,6.0,10.0,,,,,0,0,,,Inv: 6.0/10.0 CapLeft: 4.0,,,6.0,10.0,16.0,4.0,0.0,0.0,0.0
1765966745.6442416,btc-updown-15m-1765966500,1765966500.0,1765967400.0,,654.3557584285736,,,,,0,0,0.99,0.98,ONE_LEG_INVENTORY,,,,,,,,,,,,,,0,5.0,,,,,,,,,,,,,,,,,,,,RECONSTRUCT_BLOCKED: BLOCKED_BY_CAP_MIN,,,,,,,,6.0,10.0,,,,,0,0,,,Inv: 6.0/10.0 CapLeft: 4.0,,,6.0,10.0,16.0,4.0,0.0,0.0,0.0
1765966747.5972526,btc-updown-15m-1765966500,1765966500.0,1765967400.0,,652.4027473926544,,,,,0,0,0.98,0.98,ONE_LEG_INVENTORY,,,,,,,,,,,,,,0,5.0,,,,,,,,,,,,,,,,,,,,RECONSTRUCT_BLOCKED: BLOCKED_BY_CAP_MIN,,,,,,,,6.0,10.0,,,,,0,0,,,Inv: 6.0/10.0 CapLeft: 4.0,,,6.0,10.0,16.0,4.0,0.0,0.0,0.0
1765966747.5972526,btc-updown-15m-1765966500,1765966500.0,1765967400.0,,652.4027473926544,,,,,0,0,0.98,0.98,ONE_LEG_INVENTORY,,,,,,,,,,,,,,0,5.0,,,,,,,,,,,,,,,,,,,,RECONSTRUCT_BLOCKED: BLOCKED_BY_CAP_MIN,,,,,,,,6.0,10.0,,,,,0,0,,,Inv: 6.0/10.0 CapLeft: 4.0,,,6.0,10.0,16.0,4.0,0.0,0.0,0.0
1765966749.6488397,btc-updown-15m-1765966500,1765966500.0,1765967400.0,,650.351160287857,,,,,0,0,0.99,0.98,ONE_LEG_INVENTORY,,,,,,,,,,,,,,0,5.0,,,,,,,,,,,,,,,,,,,,RECONSTRUCT_BLOCKED: BLOCKED_BY_CAP_MIN,,,,,,,,6.0,10.0,,,,,0,0,,,Inv: 6.0/10.0 CapLeft: 4.0,,,6.0,10.0,16.0,4.0,0.0,0.0,0.0
1765966749.6488397,btc-updown-15m-1765966500,1765966500.0,1765967400.0,,650.351160287857,,,,,0,0,0.99,0.98,ONE_LEG_INVENTORY,,,,,,,,,,,,,,0,5.0,,,,,,,,,,,,,,,,,,,,RECONSTRUCT_BLOCKED: BLOCKED_BY_CAP_MIN,,,,,,,,6.0,10.0,,,,,0,0,,,Inv: 6.0/10.0 CapLeft: 4.0,,,6.0,10.0,16.0,4.0,0.0,0.0,0.0
1765966751.612135,btc-updown-15m-1765966500,1765966500.0,1765967400.0,,648.3878650665283,,,,,0,0,0.99,0.98,ONE_LEG_INVENTORY,,,,,,,,,,,,,,0,5.0,,,,,,,,,,,,,,,,,,,,RECONSTRUCT_BLOCKED: BLOCKED_BY_CAP_MIN,,,,,,,,6.0,10.0,,,,,0,0,,,Inv: 6.0/10.0 CapLeft: 4.0,,,6.0,10.0,16.0,4.0,0.0,0.0,0.0
1765966751.612135,btc-updown-15m-1765966500,1765966500.0,1765967400.0,,648.3878650665283,,,,,0,0,0.99,0.98,ONE_LEG_INVENTORY,,,,,,,,,,,,,,0,5.0,,,,,,,,,,,,,,,,,,,,RECONSTRUCT_BLOCKED: BLOCKED_BY_CAP_MIN,,,,,,,,6.0,10.0,,,,,0,0,,,Inv: 6.0/10.0 CapLeft: 4.0,,,6.0,10.0,16.0,4.0,0.0,0.0,0.0
1765966753.5664835,btc-updown-15m-1765966500,1765966500.0,1765967400.0,,646.4335165023804,,,,,0,0,0.99,0.98,ONE_LEG_INVENTORY,,,,,,,,,,,,,,0,5.0,,,,,,,,,,,,,,,,,,,,RECONSTRUCT_BLOCKED: BLOCKED_BY_CAP_MIN,,,,,,,,6.0,10.0,,,,,0,0,,,Inv: 6.0/10.0 CapLeft: 4.0,,,6.0,10.0,16.0,4.0,0.0,0.0,0.0
1765966753.5664835,btc-updown-15m-1765966500,1765966500.0,1765967400.0,,646.4335165023804,,,,,0,0,0.99,0.98,ONE_LEG_INVENTORY,,,,,,,,,,,,,,0,5.0,,,,,,,,,,,,,,,,,,,,RECONSTRUCT_BLOCKED: BLOCKED_BY_CAP_MIN,,,,,,,,6.0,10.0,,,,,0,0,,,Inv: 6.0/10.0 CapLeft: 4.0,,,6.0,10.0,16.0,4.0,0.0,0.0,0.0
1765966755.5201972,btc-updown-15m-1765966500,1765966500.0,1765967400.0,,644.4798028469086,,,,,0,0,0.99,0.98,ONE_LEG_INVENTORY,,,,,,,,,,,,,,0,5.0,,,,,,,,,,,,,,,,,,,,RECONSTRUCT_BLOCKED: BLOCKED_BY_CAP_MIN,,,,,,,,6.0,10.0,,,,,0,0,,,Inv: 6.0/10.0 CapLeft: 4.0,,,6.0,10.0,16.0,4.0,0.0,0.0,0.0
1765966755.5201972,btc-updown-15m-1765966500,1765966500.0,1765967400.0,,644.4798028469086,,,,,0,0,0.99,0.98,ONE_LEG_INVENTORY,,,,,,,,,,,,,,0,5.0,,,,,,,,,,,,,,,,,,,,RECONSTRUCT_BLOCKED: BLOCKED_BY_CAP_MIN,,,,,,,,6.0,10.0,,,,,0,0,,,Inv: 6.0/10.0 CapLeft: 4.0,,,6.0,10.0,16.0,4.0,0.0,0.0,0.0
1765966757.457644,btc-updown-15m-1765966500,1765966500.0,1765967400.0,,642.5423560142517,,,,,0,0,0.98,0.98,ONE_LEG_INVENTORY,,,,,,,,,,,,,,0,5.0,,,,,,,,,,,,,,,,,,,,RECONSTRUCT_BLOCKED: BLOCKED_BY_CAP_MIN,,,,,,,,6.0,10.0,,,,,0,0,,,Inv: 6.0/10.0 CapLeft: 4.0,,,6.0,10.0,16.0,4.0,0.0,0.0,0.0
1765966757.457644,btc-updown-15m-1765966500,1765966500.0,1765967400.0,,642.5423560142517,,,,,0,0,0.98,0.98,ONE_LEG_INVENTORY,,,,,,,,,,,,,,0,5.0,,,,,,,,,,,,,,,,,,,,RECONSTRUCT_BLOCKED: BLOCKED_BY_CAP_MIN,,,,,,,,6.0,10.0,,,,,0,0,,,Inv: 6.0/10.0 CapLeft: 4.0,,,6.0,10.0,16.0,4.0,0.0,0.0,0.0
1765966759.3935466,btc-updown-15m-1765966500,1765966500.0,1765967400.0,,640.6064534187317,,,,,0,0,0.99,0.98,ONE_LEG_INVENTORY,,,,,,,,,,,,,,0,5.0,,,,,,,,,,,,,,,,,,,,RECONSTRUCT_BLOCKED: BLOCKED_BY_CAP_MIN,,,,,,,,6.0,10.0,,,,,0,0,,,Inv: 6.0/10.0 CapLeft: 4.0,,,6.0,10.0,16.0,4.0,0.0,0.0,0.0
1765966759.3935466,btc-updown-15m-1765966500,1765966500.0,1765967400.0,,640.6064534187317,,,,,0,0,0.99,0.98,ONE_LEG_INVENTORY,,,,,,,,,,,,,,0,5.0,,,,,,,,,,,,,,,,,,,,RECONSTRUCT_BLOCKED: BLOCKED_BY_CAP_MIN,,,,,,,,6.0,10.0,,,,,0,0,,,Inv: 6.0/10.0 CapLeft: 4.0,,,6.0,10.0,16.0,4.0,0.0,0.0,0.0
1765966761.3436253,btc-updown-15m-1765966500,1765966500.0,1765967400.0,,638.6563746929169,,,,,0,0,0.99,0.98,ONE_LEG_INVENTORY,,,,,,,,,,,,,,0,5.0,,,,,,,,,,,,,,,,,,,,RECONSTRUCT_BLOCKED: BLOCKED_BY_CAP_MIN,,,,,,,,6.0,10.0,,,,,0,0,,,Inv: 6.0/10.0 CapLeft: 4.0,,,6.0,10.0,16.0,4.0,0.0,0.0,0.0
1765966761.3436253,btc-updown-15m-1765966500,1765966500.0,1765967400.0,,638.6563746929169,,,,,0,0,0.99,0.98,ONE_LEG_INVENTORY,,,,,,,,,,,,,,0,5.0,,,,,,,,,,,,,,,,,,,,RECONSTRUCT_BLOCKED: BLOCKED_BY_CAP_MIN,,,,,,,,6.0,10.0,,,,,0,0,,,Inv: 6.0/10.0 CapLeft: 4.0,,,6.0,10.0,16.0,4.0,0.0,0.0,0.0
1765966763.2824516,btc-updown-15m-1765966500,1765966500.0,1765967400.0,,636.7175483703613,,,,,0,0,0.99,0.98,ONE_LEG_INVENTORY,,,,,,,,,,,,,,0,5.0,,,,,,,,,,,,,,,,,,,,RECONSTRUCT_BLOCKED: BLOCKED_BY_CAP_MIN,,,,,,,,6.0,10.0,,,,,0,0,,,Inv: 6.0/10.0 CapLeft: 4.0,,,6.0,10.0,16.0,4.0,0.0,0.0,0.0
1765966763.2824516,btc-updown-15m-1765966500,1765966500.0,1765967400.0,,636.7175483703613,,,,,0,0,0.99,0.98,ONE_LEG_INVENTORY,,,,,,,,,,,,,,0,5.0,,,,,,,,,,,,,,,,,,,,RECONSTRUCT_BLOCKED: BLOCKED_BY_CAP_MIN,,,,,,,,6.0,10.0,,,,,0,0,,,Inv: 6.0/10.0 CapLeft: 4.0,,,6.0,10.0,16.0,4.0,0.0,0.0,0.0
1765966765.2454123,btc-updown-15m-1765966500,1765966500.0,1765967400.0,,634.7545876502991,,,,,0,0,0.99,0.98,ONE_LEG_INVENTORY,,,,,,,,,,,,,,0,5.0,,,,,,,,,,,,,,,,,,,,RECONSTRUCT_BLOCKED: BLOCKED_BY_CAP_MIN,,,,,,,,6.0,10.0,,,,,0,0,,,Inv: 6.0/10.0 CapLeft: 4.0,,,6.0,10.0,16.0,4.0,0.0,0.0,0.0
1765966765.2454123,btc-updown-15m-1765966500,1765966500.0,1765967400.0,,634.7545876502991,,,,,0,0,0.99,0.98,ONE_LEG_INVENTORY,,,,,,,,,,,,,,0,5.0,,,,,,,,,,,,,,,,,,,,RECONSTRUCT_BLOCKED: BLOCKED_BY_CAP_MIN,,,,,,,,6.0,10.0,,,,,0,0,,,Inv: 6.0/10.0 CapLeft: 4.0,,,6.0,10.0,16.0,4.0,0.0,0.0,0.0
1765966767.2437007,btc-updown-15m-1765966500,1765966500.0,1765967400.0,,632.7562992572784,,,,,0,0,0.99,0.98,ONE_LEG_INVENTORY,,,,,,,,,,,,,,0,5.0,,,,,,,,,,,,,,,,,,,,RECONSTRUCT_BLOCKED: BLOCKED_BY_CAP_MIN,,,,,,,,6.0,10.0,,,,,0,0,,,Inv: 6.0/10.0 CapLeft: 4.0,,,6.0,10.0,16.0,4.0,0.0,0.0,0.0
1765966767.2437007,btc-updown-15m-1765966500,1765966500.0,1765967400.0,,632.7562992572784,,,,,0,0,0.99,0.98,ONE_LEG_INVENTORY,,,,,,,,,,,,,,0,5.0,,,,,,,,,,,,,,,,,,,,RECONSTRUCT_BLOCKED: BLOCKED_BY_CAP_MIN,,,,,,,,6.0,10.0,,,,,0,0,,,Inv: 6.0/10.0 CapLeft: 4.0,,,6.0,10.0,16.0,4.0,0.0,0.0,0.0
1765966769.218631,btc-updown-15m-1765966500,1765966500.0,1765967400.0,,630.781368970871,,,,,0,0,0.98,0.98,ONE_LEG_INVENTORY,,,,,,,,,,,,,,0,5.0,,,,,,,,,,,,,,,,,,,,RECONSTRUCT_BLOCKED: BLOCKED_BY_CAP_MIN,,,,,,,,6.0,10.0,,,,,0,0,,,Inv: 6.0/10.0 CapLeft: 4.0,,,6.0,10.0,16.0,4.0,0.0,0.0,0.0
1765966769.218631,btc-updown-15m-1765966500,1765966500.0,1765967400.0,,630.781368970871,,,,,0,0,0.98,0.98,ONE_LEG_INVENTORY,,,,,,,,,,,,,,0,5.0,,,,,,,,,,,,,,,,,,,,RECONSTRUCT_BLOCKED: BLOCKED_BY_CAP_MIN,,,,,,,,6.0,10.0,,,,,0,0,,,Inv: 6.0/10.0 CapLeft: 4.0,,,6.0,10.0,16.0,4.0,0.0,0.0,0.0
1765966771.154076,btc-updown-15m-1765966500,1765966500.0,1765967400.0,,628.8459239006042,,,,,0,0,0.98,0.98,ONE_LEG_INVENTORY,,,,,,,,,,,,,,0,5.0,,,,,,,,,,,,,,,,,,,,RECONSTRUCT_BLOCKED: BLOCKED_BY_CAP_MIN,,,,,,,,6.0,10.0,,,,,0,0,,,Inv: 6.0/10.0 CapLeft: 4.0,,,6.0,10.0,16.0,4.0,0.0,0.0,0.0
1765966771.154076,btc-updown-15m-1765966500,1765966500.0,1765967400.0,,628.8459239006042,,,,,0,0,0.98,0.98,ONE_LEG_INVENTORY,,,,,,,,,,,,,,0,5.0,,,,,,,,,,,,,,,,,,,,RECONSTRUCT_BLOCKED: BLOCKED_BY_CAP_MIN,,,,,,,,6.0,10.0,,,,,0,0,,,Inv: 6.0/10.0 CapLeft: 4.0,,,6.0,10.0,16.0,4.0,0.0,0.0,0.0
1765966773.181956,btc-updown-15m-1765966500,1765966500.0,1765967400.0,,626.8180439472198,,,,,0,0,1.0,0.98,ONE_LEG_INVENTORY,,,,,,,,,,,,,,0,5.0,,,,,,,,,,,,,,,,,,,,RECONSTRUCT_BLOCKED: BLOCKED_BY_CAP_MIN,,,,,,,,6.0,10.0,,,,,0,0,,,Inv: 6.0/10.0 CapLeft: 4.0,,,6.0,10.0,16.0,4.0,0.0,0.0,0.0
1765966773.181956,btc-updown-15m-1765966500,1765966500.0,1765967400.0,,626.8180439472198,,,,,0,0,1.0,0.98,ONE_LEG_INVENTORY,,,,,,,,,,,,,,0,5.0,,,,,,,,,,,,,,,,,,,,RECONSTRUCT_BLOCKED: BLOCKED_BY_CAP_MIN,,,,,,,,6.0,10.0,,,,,0,0,,,Inv: 6.0/10.0 CapLeft: 4.0,,,6.0,10.0,16.0,4.0,0.0,0.0,0.0
1765966775.134596,btc-updown-15m-1765966500,1765966500.0,1765967400.0,,624.8654038906097,,,,,0,0,0.98,0.98,ONE_LEG_INVENTORY,,,,,,,,,,,,,,0,5.0,,,,,,,,,,,,,,,,,,,,RECONSTRUCT_BLOCKED: BLOCKED_BY_CAP_MIN,,,,,,,,6.0,10.0,,,,,0,0,,,Inv: 6.0/10.0 CapLeft: 4.0,,,6.0,10.0,16.0,4.0,0.0,0.0,0.0
1765966775.134596,btc-updown-15m-1765966500,1765966500.0,1765967400.0,,624.8654038906097,,,,,0,0,0.98,0.98,ONE_LEG_INVENTORY,,,,,,,,,,,,,,0,5.0,,,,,,,,,,,,,,,,,,,,RECONSTRUCT_BLOCKED: BLOCKED_BY_CAP_MIN,,,,,,,,6.0,10.0,,,,,0,0,,,Inv: 6.0/10.0 CapLeft: 4.0,,,6.0,10.0,16.0,4.0,0.0,0.0,0.0
1765966777.0804648,btc-updown-15m-1765966500,1765966500.0,1765967400.0,,622.9195351600647,,,,,0,0,0.99,0.98,ONE_LEG_INVENTORY,,,,,,,,,,,,,,0,5.0,,,,,,,,,,,,,,,,,,,,RECONSTRUCT_BLOCKED: BLOCKED_BY_CAP_MIN,,,,,,,,6.0,10.0,,,,,0,0,,,Inv: 6.0/10.0 CapLeft: 4.0,,,6.0,10.0,16.0,4.0,0.0,0.0,0.0
1765966777.0804648,btc-updown-15m-1765966500,1765966500.0,1765967400.0,,622.9195351600647,,,,,0,0,0.99,0.98,ONE_LEG_INVENTORY,,,,,,,,,,,,,,0,5.0,,,,,,,,,,,,,,,,,,,,RECONSTRUCT_BLOCKED: BLOCKED_BY_CAP_MIN,,,,,,,,6.0,10.0,,,,,0,0,,,Inv: 6.0/10.0 CapLeft: 4.0,,,6.0,10.0,16.0,4.0,0.0,0.0,0.0
1765966779.019458,btc-updown-15m-1765966500,1765966500.0,1765967400.0,,620.9805419445038,,,,,0,0,0.99,0.98,ONE_LEG_INVENTORY,,,,,,,,,,,,,,0,5.0,,,,,,,,,,,,,,,,,,,,RECONSTRUCT_BLOCKED: BLOCKED_BY_CAP_MIN,,,,,,,,6.0,10.0,,,,,0,0,,,Inv: 6.0/10.0 CapLeft: 4.0,,,6.0,10.0,16.0,4.0,0.0,0.0,0.0
1765966779.019458,btc-updown-15m-1765966500,1765966500.0,1765967400.0,,620.9805419445038,,,,,0,0,0.99,0.98,ONE_LEG_INVENTORY,,,,,,,,,,,,,,0,5.0,,,,,,,,,,,,,,,,,,,,RECONSTRUCT_BLOCKED: BLOCKED_BY_CAP_MIN,,,,,,,,6.0,10.0,,,,,0,0,,,Inv: 6.0/10.0 CapLeft: 4.0,,,6.0,10.0,16.0,4.0,0.0,0.0,0.0
1765966780.9667182,btc-updown-15m-1765966500,1765966500.0,1765967400.0,,619.0332818031311,,,,,0,0,0.99,0.98,ONE_LEG_INVENTORY,,,,,,,,,,,,,,0,5.0,,,,,,,,,,,,,,,,,,,,RECONSTRUCT_BLOCKED: BLOCKED_BY_CAP_MIN,,,,,,,,6.0,10.0,,,,,0,0,,,Inv: 6.0/10.0 CapLeft: 4.0,,,6.0,10.0,16.0,4.0,0.0,0.0,0.0
1765966780.9667182,btc-updown-15m-1765966500,1765966500.0,1765967400.0,,619.0332818031311,,,,,0,0,0.99,0.98,ONE_LEG_INVENTORY,,,,,,,,,,,,,,0,5.0,,,,,,,,,,,,,,,,,,,,RECONSTRUCT_BLOCKED: BLOCKED_BY_CAP_MIN,,,,,,,,6.0,10.0,,,,,0,0,,,Inv: 6.0/10.0 CapLeft: 4.0,,,6.0,10.0,16.0,4.0,0.0,0.0,0.0
1765966782.91476,btc-updown-15m-1765966500,1765966500.0,1765967400.0,,617.0852398872375,,,,,0,0,0.99,0.98,ONE_LEG_INVENTORY,,,,,,,,,,,,,,0,5.0,,,,,,,,,,,,,,,,,,,,RECONSTRUCT_BLOCKED: BLOCKED_BY_CAP_MIN,,,,,,,,6.0,10.0,,,,,0,0,,,Inv: 6.0/10.0 CapLeft: 4.0,,,6.0,10.0,16.0,4.0,0.0,0.0,0.0
1765966782.91476,btc-updown-15m-1765966500,1765966500.0,1765967400.0,,617.0852398872375,,,,,0,0,0.99,0.98,ONE_LEG_INVENTORY,,,,,,,,,,,,,,0,5.0,,,,,,,,,,,,,,,,,,,,RECONSTRUCT_BLOCKED: BLOCKED_BY_CAP_MIN,,,,,,,,6.0,10.0,,,,,0,0,,,Inv: 6.0/10.0 CapLeft: 4.0,,,6.0,10.0,16.0,4.0,0.0,0.0,0.0
1765966784.847836,btc-updown-15m-1765966500,1765966500.0,1765967400.0,,615.1521639823914,,,,,0,0,0.99,0.98,ONE_LEG_INVENTORY,,,,,,,,,,,,,,0,5.0,,,,,,,,,,,,,,,,,,,,RECONSTRUCT_BLOCKED: BLOCKED_BY_CAP_MIN,,,,,,,,6.0,10.0,,,,,0,0,,,Inv: 6.0/10.0 CapLeft: 4.0,,,6.0,10.0,16.0,4.0,0.0,0.0,0.0
1765966784.847836,btc-updown-15m-1765966500,1765966500.0,1765967400.0,,615.1521639823914,,,,,0,0,0.99,0.98,ONE_LEG_INVENTORY,,,,,,,,,,,,,,0,5.0,,,,,,,,,,,,,,,,,,,,RECONSTRUCT_BLOCKED: BLOCKED_BY_CAP_MIN,,,,,,,,6.0,10.0,,,,,0,0,,,Inv: 6.0/10.0 CapLeft: 4.0,,,6.0,10.0,16.0,4.0,0.0,0.0,0.0
1765966786.7905378,btc-updown-15m-1765966500,1765966500.0,1765967400.0,,613.2094621658325,,,,,0,0,0.99,0.98,ONE_LEG_INVENTORY,,,,,,,,,,,,,,0,5.0,,,,,,,,,,,,,,,,,,,,RECONSTRUCT_BLOCKED: BLOCKED_BY_CAP_MIN,,,,,,,,6.0,10.0,,,,,0,0,,,Inv: 6.0/10.0 CapLeft: 4.0,,,6.0,10.0,16.0,4.0,0.0,0.0,0.0
1765966786.7905378,btc-updown-15m-1765966500,1765966500.0,1765967400.0,,613.2094621658325,,,,,0,0,0.99,0.98,ONE_LEG_INVENTORY,,,,,,,,,,,,,,0,5.0,,,,,,,,,,,,,,,,,,,,RECONSTRUCT_BLOCKED: BLOCKED_BY_CAP_MIN,,,,,,,,6.0,10.0,,,,,0,0,,,Inv: 6.0/10.0 CapLeft: 4.0,,,6.0,10.0,16.0,4.0,0.0,0.0,0.0
1765966788.7540095,btc-updown-15m-1765966500,1765966500.0,1765967400.0,,611.2459905147552,,,,,0,0,0.99,0.98,ONE_LEG_INVENTORY,,,,,,,,,,,,,,0,5.0,,,,,,,,,,,,,,,,,,,,RECONSTRUCT_BLOCKED: BLOCKED_BY_CAP_MIN,,,,,,,,6.0,10.0,,,,,0,0,,,Inv: 6.0/10.0 CapLeft: 4.0,,,6.0,10.0,16.0,4.0,0.0,0.0,0.0
1765966788.7540095,btc-updown-15m-1765966500,1765966500.0,1765967400.0,,611.2459905147552,,,,,0,0,0.99,0.98,ONE_LEG_INVENTORY,,,,,,,,,,,,,,0,5.0,,,,,,,,,,,,,,,,,,,,RECONSTRUCT_BLOCKED: BLOCKED_BY_CAP_MIN,,,,,,,,6.0,10.0,,,,,0,0,,,Inv: 6.0/10.0 CapLeft: 4.0,,,6.0,10.0,16.0,4.0,0.0,0.0,0.0
1765966790.6970885,btc-updown-15m-1765966500,1765966500.0,1765967400.0,,609.3029115200043,,,,,0,0,0.98,0.98,ONE_LEG_INVENTORY,,,,,,,,,,,,,,0,5.0,,,,,,,,,,,,,,,,,,,,RECONSTRUCT_BLOCKED: BLOCKED_BY_CAP_MIN,,,,,,,,6.0,10.0,,,,,0,0,,,Inv: 6.0/10.0 CapLeft: 4.0,,,6.0,10.0,16.0,4.0,0.0,0.0,0.0
1765966790.6970885,btc-updown-15m-1765966500,1765966500.0,1765967400.0,,609.3029115200043,,,,,0,0,0.98,0.98,ONE_LEG_INVENTORY,,,,,,,,,,,,,,0,5.0,,,,,,,,,,,,,,,,,,,,RECONSTRUCT_BLOCKED: BLOCKED_BY_CAP_MIN,,,,,,,,6.0,10.0,,,,,0,0,,,Inv: 6.0/10.0 CapLeft: 4.0,,,6.0,10.0,16.0,4.0,0.0,0.0,0.0
1765966792.6431046,btc-updown-15m-1765966500,1765966500.0,1765967400.0,,607.3568954467773,,,,,0,0,0.99,0.98,ONE_LEG_INVENTORY,,,,,,,,,,,,,,0,5.0,,,,,,,,,,,,,,,,,,,,RECONSTRUCT_BLOCKED: BLOCKED_BY_CAP_MIN,,,,,,,,6.0,10.0,,,,,0,0,,,Inv: 6.0/10.0 CapLeft: 4.0,,,6.0,10.0,16.0,4.0,0.0,0.0,0.0
1765966792.6431046,btc-updown-15m-1765966500,1765966500.0,1765967400.0,,607.3568954467773,,,,,0,0,0.99,0.98,ONE_LEG_INVENTORY,,,,,,,,,,,,,,0,5.0,,,,,,,,,,,,,,,,,,,,RECONSTRUCT_BLOCKED: BLOCKED_BY_CAP_MIN,,,,,,,,6.0,10.0,,,,,0,0,,,Inv: 6.0/10.0 CapLeft: 4.0,,,6.0,10.0,16.0,4.0,0.0,0.0,0.0
1765966794.5993087,btc-updown-15m-1765966500,1765966500.0,1765967400.0,,605.4006912708282,,,,,0,0,0.99,0.98,ONE_LEG_INVENTORY,,,,,,,,,,,,,,0,5.0,,,,,,,,,,,,,,,,,,,,RECONSTRUCT_BLOCKED: BLOCKED_BY_CAP_MIN,,,,,,,,6.0,10.0,,,,,0,0,,,Inv: 6.0/10.0 CapLeft: 4.0,,,6.0,10.0,16.0,4.0,0.0,0.0,0.0
1765966794.5993087,btc-updown-15m-1765966500,1765966500.0,1765967400.0,,605.4006912708282,,,,,0,0,0.99,0.98,ONE_LEG_INVENTORY,,,,,,,,,,,,,,0,5.0,,,,,,,,,,,,,,,,,,,,RECONSTRUCT_BLOCKED: BLOCKED_BY_CAP_MIN,,,,,,,,6.0,10.0,,,,,0,0,,,Inv: 6.0/10.0 CapLeft: 4.0,,,6.0,10.0,16.0,4.0,0.0,0.0,0.0
1765966796.5440483,btc-updown-15m-1765966500,1765966500.0,1765967400.0,,603.4559516906738,,,,,0,0,0.99,0.98,ONE_LEG_INVENTORY,,,,,,,,,,,,,,0,5.0,,,,,,,,,,,,,,,,,,,,RECONSTRUCT_BLOCKED: BLOCKED_BY_CAP_MIN,,,,,,,,6.0,10.0,,,,,0,0,,,Inv: 6.0/10.0 CapLeft: 4.0,,,6.0,10.0,16.0,4.0,0.0,0.0,0.0
1765966796.5440483,btc-updown-15m-1765966500,1765966500.0,1765967400.0,,603.4559516906738,,,,,0,0,0.99,0.98,ONE_LEG_INVENTORY,,,,,,,,,,,,,,0,5.0,,,,,,,,,,,,,,,,,,,,RECONSTRUCT_BLOCKED: BLOCKED_BY_CAP_MIN,,,,,,,,6.0,10.0,,,,,0,0,,,Inv: 6.0/10.0 CapLeft: 4.0,,,6.0,10.0,16.0,4.0,0.0,0.0,0.0
1765966798.485638,btc-updown-15m-1765966500,1765966500.0,1765967400.0,,601.5143620967865,,,,,0,0,0.99,0.98,ONE_LEG_INVENTORY,,,,,,,,,,,,,,0,5.0,,,,,,,,,,,,,,,,,,,,RECONSTRUCT_BLOCKED: BLOCKED_BY_CAP_MIN,,,,,,,,6.0,10.0,,,,,0,0,,,Inv: 6.0/10.0 CapLeft: 4.0,,,6.0,10.0,16.0,4.0,0.0,0.0,0.0
1765966798.485638,btc-updown-15m-1765966500,1765966500.0,1765967400.0,,601.5143620967865,,,,,0,0,0.99,0.98,ONE_LEG_INVENTORY,,,,,,,,,,,,,,0,5.0,,,,,,,,,,,,,,,,,,,,RECONSTRUCT_BLOCKED: BLOCKED_BY_CAP_MIN,,,,,,,,6.0,10.0,,,,,0,0,,,Inv: 6.0/10.0 CapLeft: 4.0,,,6.0,10.0,16.0,4.0,0.0,0.0,0.0
1765966800.4436812,btc-updown-15m-1765966500,1765966500.0,1765967400.0,,599.5563187599182,,,,,0,0,0.97,0.98,ONE_LEG_INVENTORY,,,,,,,,,,,,,,0,5.0,,,,,,,,,,,,,,,,,,,,RECONSTRUCT_BLOCKED: BLOCKED_BY_CAP_MIN,,,,,,,,6.0,10.0,,,,,0,0,,,Inv: 6.0/10.0 CapLeft: 4.0,,,6.0,10.0,16.0,4.0,0.0,0.0,0.0
1765966800.4436812,btc-updown-15m-1765966500,1765966500.0,1765967400.0,,599.5563187599182,,,,,0,0,0.97,0.98,ONE_LEG_INVENTORY,,,,,,,,,,,,,,0,5.0,,,,,,,,,,,,,,,,,,,,RECONSTRUCT_BLOCKED: BLOCKED_BY_CAP_MIN,,,,,,,,6.0,10.0,,,,,0,0,,,Inv: 6.0/10.0 CapLeft: 4.0,,,6.0,10.0,16.0,4.0,0.0,0.0,0.0
1765966802.4004452,btc-updown-15m-1765966500,1765966500.0,1765967400.0,,597.5995547771454,,,,,0,0,0.98,0.98,ONE_LEG_INVENTORY,,,,,,,,,,,,,,0,5.0,,,,,,,,,,,,,,,,,,,,RECONSTRUCT_BLOCKED: BLOCKED_BY_CAP_MIN,,,,,,,,6.0,10.0,,,,,0,0,,,Inv: 6.0/10.0 CapLeft: 4.0,,,6.0,10.0,16.0,4.0,0.0,0.0,0.0
1765966802.4004452,btc-updown-15m-1765966500,1765966500.0,1765967400.0,,597.5995547771454,,,,,0,0,0.98,0.98,ONE_LEG_INVENTORY,,,,,,,,,,,,,,0,5.0,,,,,,,,,,,,,,,,,,,,RECONSTRUCT_BLOCKED: BLOCKED_BY_CAP_MIN,,,,,,,,6.0,10.0,,,,,0,0,,,Inv: 6.0/10.0 CapLeft: 4.0,,,6.0,10.0,16.0,4.0,0.0,0.0,0.0
1765966804.3616621,btc-updown-15m-1765966500,1765966500.0,1765967400.0,,595.6383378505707,,,,,0,0,0.99,0.98,ONE_LEG_INVENTORY,,,,,,,,,,,,,,0,5.0,,,,,,,,,,,,,,,,,,,,RECONSTRUCT_BLOCKED: BLOCKED_BY_CAP_MIN,,,,,,,,6.0,10.0,,,,,0,0,,,Inv: 6.0/10.0 CapLeft: 4.0,,,6.0,10.0,16.0,4.0,0.0,0.0,0.0
1765966804.3616621,btc-updown-15m-1765966500,1765966500.0,1765967400.0,,595.6383378505707,,,,,0,0,0.99,0.98,ONE_LEG_INVENTORY,,,,,,,,,,,,,,0,5.0,,,,,,,,,,,,,,,,,,,,RECONSTRUCT_BLOCKED: BLOCKED_BY_CAP_MIN,,,,,,,,6.0,10.0,,,,,0,0,,,Inv: 6.0/10.0 CapLeft: 4.0,,,6.0,10.0,16.0,4.0,0.0,0.0,0.0
1765966806.3186834,btc-updown-15m-1765966500,1765966500.0,1765967400.0,,593.681316614151,,,,,0,0,0.99,0.98,ONE_LEG_INVENTORY,,,,,,,,,,,,,,0,5.0,,,,,,,,,,,,,,,,,,,,RECONSTRUCT_BLOCKED: BLOCKED_BY_CAP_MIN,,,,,,,,6.0,10.0,,,,,0,0,,,Inv: 6.0/10.0 CapLeft: 4.0,,,6.0,10.0,16.0,4.0,0.0,0.0,0.0
1765966806.3186834,btc-updown-15m-1765966500,1765966500.0,1765967400.0,,593.681316614151,,,,,0,0,0.99,0.98,ONE_LEG_INVENTORY,,,,,,,,,,,,,,0,5.0,,,,,,,,,,,,,,,,,,,,RECONSTRUCT_BLOCKED: BLOCKED_BY_CAP_MIN,,,,,,,,6.0,10.0,,,,,0,0,,,Inv: 6.0/10.0 CapLeft: 4.0,,,6.0,10.0,16.0,4.0,0.0,0.0,0.0
1765966808.286824,btc-updown-15m-1765966500,1765966500.0,1765967400.0,,591.7131760120392,,,,,0,0,0.99,0.98,ONE_LEG_INVENTORY,,,,,,,,,,,,,,0,5.0,,,,,,,,,,,,,,,,,,,,RECONSTRUCT_BLOCKED: BLOCKED_BY_CAP_MIN,,,,,,,,6.0,10.0,,,,,0,0,,,Inv: 6.0/10.0 CapLeft: 4.0,,,6.0,10.0,16.0,4.0,0.0,0.0,0.0
1765966808.286824,btc-updown-15m-1765966500,1765966500.0,1765967400.0,,591.7131760120392,,,,,0,0,0.99,0.98,ONE_LEG_INVENTORY,,,,,,,,,,,,,,0,5.0,,,,,,,,,,,,,,,,,,,,RECONSTRUCT_BLOCKED: BLOCKED_BY_CAP_MIN,,,,,,,,6.0,10.0,,,,,0,0,,,Inv: 6.0/10.0 CapLeft: 4.0,,,6.0,10.0,16.0,4.0,0.0,0.0,0.0
1765966810.2533944,btc-updown-15m-1765966500,1765966500.0,1765967400.0,,589.7466056346893,,,,,0,0,0.98,0.98,ONE_LEG_INVENTORY,,,,,,,,,,,,,,0,5.0,,,,,,,,,,,,,,,,,,,,RECONSTRUCT_BLOCKED: BLOCKED_BY_CAP_MIN,,,,,,,,6.0,10.0,,,,,0,0,,,Inv: 6.0/10.0 CapLeft: 4.0,,,6.0,10.0,16.0,4.0,0.0,0.0,0.0
1765966810.2533944,btc-updown-15m-1765966500,1765966500.0,1765967400.0,,589.7466056346893,,,,,0,0,0.98,0.98,ONE_LEG_INVENTORY,,,,,,,,,,,,,,0,5.0,,,,,,,,,,,,,,,,,,,,RECONSTRUCT_BLOCKED: BLOCKED_BY_CAP_MIN,,,,,,,,6.0,10.0,,,,,0,0,,,Inv: 6.0/10.0 CapLeft: 4.0,,,6.0,10.0,16.0,4.0,0.0,0.0,0.0
1765966812.212707,btc-updown-15m-1765966500,1765966500.0,1765967400.0,,587.7872929573059,,,,,0,0,0.99,0.98,ONE_LEG_INVENTORY,,,,,,,,,,,,,,0,5.0,,,,,,,,,,,,,,,,,,,,RECONSTRUCT_BLOCKED: BLOCKED_BY_CAP_MIN,,,,,,,,6.0,10.0,,,,,0,0,,,Inv: 6.0/10.0 CapLeft: 4.0,,,6.0,10.0,16.0,4.0,0.0,0.0,0.0
1765966812.212707,btc-updown-15m-1765966500,1765966500.0,1765967400.0,,587.7872929573059,,,,,0,0,0.99,0.98,ONE_LEG_INVENTORY,,,,,,,,,,,,,,0,5.0,,,,,,,,,,,,,,,,,,,,RECONSTRUCT_BLOCKED: BLOCKED_BY_CAP_MIN,,,,,,,,6.0,10.0,,,,,0,0,,,Inv: 6.0/10.0 CapLeft: 4.0,,,6.0,10.0,16.0,4.0,0.0,0.0,0.0
1765966814.1690605,btc-updown-15m-1765966500,1765966500.0,1765967400.0,,585.8309395313263,,,,,0,0,0.99,0.98,ONE_LEG_INVENTORY,,,,,,,,,,,,,,0,5.0,,,,,,,,,,,,,,,,,,,,RECONSTRUCT_BLOCKED: BLOCKED_BY_CAP_MIN,,,,,,,,6.0,10.0,,,,,0,0,,,Inv: 6.0/10.0 CapLeft: 4.0,,,6.0,10.0,16.0,4.0,0.0,0.0,0.0
1765966814.1690605,btc-updown-15m-1765966500,1765966500.0,1765967400.0,,585.8309395313263,,,,,0,0,0.99,0.98,ONE_LEG_INVENTORY,,,,,,,,,,,,,,0,5.0,,,,,,,,,,,,,,,,,,,,RECONSTRUCT_BLOCKED: BLOCKED_BY_CAP_MIN,,,,,,,,6.0,10.0,,,,,0,0,,,Inv: 6.0/10.0 CapLeft: 4.0,,,6.0,10.0,16.0,4.0,0.0,0.0,0.0
1765966816.1103754,btc-updown-15m-1765966500,1765966500.0,1765967400.0,,583.8896245956421,,,,,0,0,0.99,0.98,ONE_LEG_INVENTORY,,,,,,,,,,,,,,0,5.0,,,,,,,,,,,,,,,,,,,,RECONSTRUCT_BLOCKED: BLOCKED_BY_CAP_MIN,,,,,,,,6.0,10.0,,,,,0,0,,,Inv: 6.0/10.0 CapLeft: 4.0,,,6.0,10.0,16.0,4.0,0.0,0.0,0.0
1765966816.1103754,btc-updown-15m-1765966500,1765966500.0,1765967400.0,,583.8896245956421,,,,,0,0,0.99,0.98,ONE_LEG_INVENTORY,,,,,,,,,,,,,,0,5.0,,,,,,,,,,,,,,,,,,,,RECONSTRUCT_BLOCKED: BLOCKED_BY_CAP_MIN,,,,,,,,6.0,10.0,,,,,0,0,,,Inv: 6.0/10.0 CapLeft: 4.0,,,6.0,10.0,16.0,4.0,0.0,0.0,0.0
1765966818.0592628,btc-updown-15m-1765966500,1765966500.0,1765967400.0,,581.940737247467,,,,,0,0,0.99,0.98,ONE_LEG_INVENTORY,,,,,,,,,,,,,,0,5.0,,,,,,,,,,,,,,,,,,,,RECONSTRUCT_BLOCKED: BLOCKED_BY_CAP_MIN,,,,,,,,6.0,10.0,,,,,0,0,,,Inv: 6.0/10.0 CapLeft: 4.0,,,6.0,10.0,16.0,4.0,0.0,0.0,0.0
1765966818.0592628,btc-updown-15m-1765966500,1765966500.0,1765967400.0,,581.940737247467,,,,,0,0,0.99,0.98,ONE_LEG_INVENTORY,,,,,,,,,,,,,,0,5.0,,,,,,,,,,,,,,,,,,,,RECONSTRUCT_BLOCKED: BLOCKED_BY_CAP_MIN,,,,,,,,6.0,10.0,,,,,0,0,,,Inv: 6.0/10.0 CapLeft: 4.0,,,6.0,10.0,16.0,4.0,0.0,0.0,0.0
1765966820.0212767,btc-updown-15m-1765966500,1765966500.0,1765967400.0,,579.9787232875824,,,,,0,0,0.99,0.98,ONE_LEG_INVENTORY,,,,,,,,,,,,,,0,5.0,,,,,,,,,,,,,,,,,,,,RECONSTRUCT_BLOCKED: BLOCKED_BY_CAP_MIN,,,,,,,,6.0,10.0,,,,,0,0,,,Inv: 6.0/10.0 CapLeft: 4.0,,,6.0,10.0,16.0,4.0,0.0,0.0,0.0
1765966820.0212767,btc-updown-15m-1765966500,1765966500.0,1765967400.0,,579.9787232875824,,,,,0,0,0.99,0.98,ONE_LEG_INVENTORY,,,,,,,,,,,,,,0,5.0,,,,,,,,,,,,,,,,,,,,RECONSTRUCT_BLOCKED: BLOCKED_BY_CAP_MIN,,,,,,,,6.0,10.0,,,,,0,0,,,Inv: 6.0/10.0 CapLeft: 4.0,,,6.0,10.0,16.0,4.0,0.0,0.0,0.0
1765966821.9894137,btc-updown-15m-1765966500,1765966500.0,1765967400.0,,578.0105862617493,,,,,0,0,0.99,0.98,ONE_LEG_INVENTORY,,,,,,,,,,,,,,0,5.0,,,,,,,,,,,,,,,,,,,,RECONSTRUCT_BLOCKED: BLOCKED_BY_CAP_MIN,,,,,,,,6.0,10.0,,,,,0,0,,,Inv: 6.0/10.0 CapLeft: 4.0,,,6.0,10.0,16.0,4.0,0.0,0.0,0.0
1765966821.9894137,btc-updown-15m-1765966500,1765966500.0,1765967400.0,,578.0105862617493,,,,,0,0,0.99,0.98,ONE_LEG_INVENTORY,,,,,,,,,,,,,,0,5.0,,,,,,,,,,,,,,,,,,,,RECONSTRUCT_BLOCKED: BLOCKED_BY_CAP_MIN,,,,,,,,6.0,10.0,,,,,0,0,,,Inv: 6.0/10.0 CapLeft: 4.0,,,6.0,10.0,16.0,4.0,0.0,0.0,0.0
1765966823.922877,btc-updown-15m-1765966500,1765966500.0,1765967400.0,,576.077122926712,,,,,0,0,0.99,0.98,ONE_LEG_INVENTORY,,,,,,,,,,,,,,0,5.0,,,,,,,,,,,,,,,,,,,,RECONSTRUCT_BLOCKED: BLOCKED_BY_CAP_MIN,,,,,,,,6.0,10.0,,,,,0,0,,,Inv: 6.0/10.0 CapLeft: 4.0,,,6.0,10.0,16.0,4.0,0.0,0.0,0.0
1765966823.922877,btc-updown-15m-1765966500,1765966500.0,1765967400.0,,576.077122926712,,,,,0,0,0.99,0.98,ONE_LEG_INVENTORY,,,,,,,,,,,,,,0,5.0,,,,,,,,,,,,,,,,,,,,RECONSTRUCT_BLOCKED: BLOCKED_BY_CAP_MIN,,,,,,,,6.0,10.0,,,,,0,0,,,Inv: 6.0/10.0 CapLeft: 4.0,,,6.0,10.0,16.0,4.0,0.0,0.0,0.0
1765966825.8635678,btc-updown-15m-1765966500,1765966500.0,1765967400.0,,574.1364321708679,,,,,0,0,0.99,0.98,ONE_LEG_INVENTORY,,,,,,,,,,,,,,0,5.0,,,,,,,,,,,,,,,,,,,,RECONSTRUCT_BLOCKED: BLOCKED_BY_CAP_MIN,,,,,,,,6.0,10.0,,,,,0,0,,,Inv: 6.0/10.0 CapLeft: 4.0,,,6.0,10.0,16.0,4.0,0.0,0.0,0.0
1765966825.8635678,btc-updown-15m-1765966500,1765966500.0,1765967400.0,,574.1364321708679,,,,,0,0,0.99,0.98,ONE_LEG_INVENTORY,,,,,,,,,,,,,,0,5.0,,,,,,,,,,,,,,,,,,,,RECONSTRUCT_BLOCKED: BLOCKED_BY_CAP_MIN,,,,,,,,6.0,10.0,,,,,0,0,,,Inv: 6.0/10.0 CapLeft: 4.0,,,6.0,10.0,16.0,4.0,0.0,0.0,0.0
1765966827.8252554,btc-updown-15m-1765966500,1765966500.0,1765967400.0,,572.1747446060181,,,,,0,0,0.99,0.98,ONE_LEG_INVENTORY,,,,,,,,,,,,,,0,5.0,,,,,,,,,,,,,,,,,,,,RECONSTRUCT_BLOCKED: BLOCKED_BY_CAP_MIN,,,,,,,,6.0,10.0,,,,,0,0,,,Inv: 6.0/10.0 CapLeft: 4.0,,,6.0,10.0,16.0,4.0,0.0,0.0,0.0
1765966827.8252554,btc-updown-15m-1765966500,1765966500.0,1765967400.0,,572.1747446060181,,,,,0,0,0.99,0.98,ONE_LEG_INVENTORY,,,,,,,,,,,,,,0,5.0,,,,,,,,,,,,,,,,,,,,RECONSTRUCT_BLOCKED: BLOCKED_BY_CAP_MIN,,,,,,,,6.0,10.0,,,,,0,0,,,Inv: 6.0/10.0 CapLeft: 4.0,,,6.0,10.0,16.0,4.0,0.0,0.0,0.0
1765966829.7717884,btc-updown-15m-1765966500,1765966500.0,1765967400.0,,570.2282116413116,,,,,0,0,0.99,0.98,ONE_LEG_INVENTORY,,,,,,,,,,,,,,0,5.0,,,,,,,,,,,,,,,,,,,,RECONSTRUCT_BLOCKED: BLOCKED_BY_CAP_MIN,,,,,,,,6.0,10.0,,,,,0,0,,,Inv: 6.0/10.0 CapLeft: 4.0,,,6.0,10.0,16.0,4.0,0.0,0.0,0.0
1765966829.7717884,btc-updown-15m-1765966500,1765966500.0,1765967400.0,,570.2282116413116,,,,,0,0,0.99,0.98,ONE_LEG_INVENTORY,,,,,,,,,,,,,,0,5.0,,,,,,,,,,,,,,,,,,,,RECONSTRUCT_BLOCKED: BLOCKED_BY_CAP_MIN,,,,,,,,6.0,10.0,,,,,0,0,,,Inv: 6.0/10.0 CapLeft: 4.0,,,6.0,10.0,16.0,4.0,0.0,0.0,0.0
1765966831.7481353,btc-updown-15m-1765966500,1765966500.0,1765967400.0,,568.2518646717072,,,,,0,0,0.98,0.98,ONE_LEG_INVENTORY,,,,,,,,,,,,,,0,5.0,,,,,,,,,,,,,,,,,,,,RECONSTRUCT_BLOCKED: BLOCKED_BY_CAP_MIN,,,,,,,,6.0,10.0,,,,,0,0,,,Inv: 6.0/10.0 CapLeft: 4.0,,,6.0,10.0,16.0,4.0,0.0,0.0,0.0
1765966831.7481353,btc-updown-15m-1765966500,1765966500.0,1765967400.0,,568.2518646717072,,,,,0,0,0.98,0.98,ONE_LEG_INVENTORY,,,,,,,,,,,,,,0,5.0,,,,,,,,,,,,,,,,,,,,RECONSTRUCT_BLOCKED: BLOCKED_BY_CAP_MIN,,,,,,,,6.0,10.0,,,,,0,0,,,Inv: 6.0/10.0 CapLeft: 4.0,,,6.0,10.0,16.0,4.0,0.0,0.0,0.0
1765966833.718284,btc-updown-15m-1765966500,1765966500.0,1765967400.0,,566.2817161083221,,,,,0,0,0.99,0.98,ONE_LEG_INVENTORY,,,,,,,,,,,,,,0,5.0,,,,,,,,,,,,,,,,,,,,RECONSTRUCT_BLOCKED: BLOCKED_BY_CAP_MIN,,,,,,,,6.0,10.0,,,,,0,0,,,Inv: 6.0/10.0 CapLeft: 4.0,,,6.0,10.0,16.0,4.0,0.0,0.0,0.0
1765966833.718284,btc-updown-15m-1765966500,1765966500.0,1765967400.0,,566.2817161083221,,,,,0,0,0.99,0.98,ONE_LEG_INVENTORY,,,,,,,,,,,,,,0,5.0,,,,,,,,,,,,,,,,,,,,RECONSTRUCT_BLOCKED: BLOCKED_BY_CAP_MIN,,,,,,,,6.0,10.0,,,,,0,0,,,Inv: 6.0/10.0 CapLeft: 4.0,,,6.0,10.0,16.0,4.0,0.0,0.0,0.0
1765966835.6646292,btc-updown-15m-1765966500,1765966500.0,1765967400.0,,564.3353707790375,,,,,0,0,0.99,0.98,ONE_LEG_INVENTORY,,,,,,,,,,,,,,0,5.0,,,,,,,,,,,,,,,,,,,,RECONSTRUCT_BLOCKED: BLOCKED_BY_CAP_MIN,,,,,,,,6.0,10.0,,,,,0,0,,,Inv: 6.0/10.0 CapLeft: 4.0,,,6.0,10.0,16.0,4.0,0.0,0.0,0.0
1765966835.6646292,btc-updown-15m-1765966500,1765966500.0,1765967400.0,,564.3353707790375,,,,,0,0,0.99,0.98,ONE_LEG_INVENTORY,,,,,,,,,,,,,,0,5.0,,,,,,,,,,,,,,,,,,,,RECONSTRUCT_BLOCKED: BLOCKED_BY_CAP_MIN,,,,,,,,6.0,10.0,,,,,0,0,,,Inv: 6.0/10.0 CapLeft: 4.0,,,6.0,10.0,16.0,4.0,0.0,0.0,0.0
1765966837.6057959,btc-updown-15m-1765966500,1765966500.0,1765967400.0,,562.3942041397095,,,,,0,0,0.99,0.98,ONE_LEG_INVENTORY,,,,,,,,,,,,,,0,5.0,,,,,,,,,,,,,,,,,,,,RECONSTRUCT_BLOCKED: BLOCKED_BY_CAP_MIN,,,,,,,,6.0,10.0,,,,,0,0,,,Inv: 6.0/10.0 CapLeft: 4.0,,,6.0,10.0,16.0,4.0,0.0,0.0,0.0
1765966837.6057959,btc-updown-15m-1765966500,1765966500.0,1765967400.0,,562.3942041397095,,,,,0,0,0.99,0.98,ONE_LEG_INVENTORY,,,,,,,,,,,,,,0,5.0,,,,,,,,,,,,,,,,,,,,RECONSTRUCT_BLOCKED: BLOCKED_BY_CAP_MIN,,,,,,,,6.0,10.0,,,,,0,0,,,Inv: 6.0/10.0 CapLeft: 4.0,,,6.0,10.0,16.0,4.0,0.0,0.0,0.0
1765966839.553578,btc-updown-15m-1765966500,1765966500.0,1765967400.0,,560.4464221000671,,,,,0,0,0.99,0.98,ONE_LEG_INVENTORY,,,,,,,,,,,,,,0,5.0,,,,,,,,,,,,,,,,,,,,RECONSTRUCT_BLOCKED: BLOCKED_BY_CAP_MIN,,,,,,,,6.0,10.0,,,,,0,0,,,Inv: 6.0/10.0 CapLeft: 4.0,,,6.0,10.0,16.0,4.0,0.0,0.0,0.0
1765966839.553578,btc-updown-15m-1765966500,1765966500.0,1765967400.0,,560.4464221000671,,,,,0,0,0.99,0.98,ONE_LEG_INVENTORY,,,,,,,,,,,,,,0,5.0,,,,,,,,,,,,,,,,,,,,RECONSTRUCT_BLOCKED: BLOCKED_BY_CAP_MIN,,,,,,,,6.0,10.0,,,,,0,0,,,Inv: 6.0/10.0 CapLeft: 4.0,,,6.0,10.0,16.0,4.0,0.0,0.0,0.0
1765966841.5133805,btc-updown-15m-1765966500,1765966500.0,1765967400.0,,558.4866194725037,,,,,0,0,0.98,0.98,ONE_LEG_INVENTORY,,,,,,,,,,,,,,0,5.0,,,,,,,,,,,,,,,,,,,,RECONSTRUCT_BLOCKED: BLOCKED_BY_CAP_MIN,,,,,,,,6.0,10.0,,,,,0,0,,,Inv: 6.0/10.0 CapLeft: 4.0,,,6.0,10.0,16.0,4.0,0.0,0.0,0.0
1765966841.5133805,btc-updown-15m-1765966500,1765966500.0,1765967400.0,,558.4866194725037,,,,,0,0,0.98,0.98,ONE_LEG_INVENTORY,,,,,,,,,,,,,,0,5.0,,,,,,,,,,,,,,,,,,,,RECONSTRUCT_BLOCKED: BLOCKED_BY_CAP_MIN,,,,,,,,6.0,10.0,,,,,0,0,,,Inv: 6.0/10.0 CapLeft: 4.0,,,6.0,10.0,16.0,4.0,0.0,0.0,0.0
1765966843.4556544,btc-updown-15m-1765966500,1765966500.0,1765967400.0,,556.5443456172943,,,,,0,0,0.98,0.98,ONE_LEG_INVENTORY,,,,,,,,,,,,,,0,5.0,,,,,,,,,,,,,,,,,,,,RECONSTRUCT_BLOCKED: BLOCKED_BY_CAP_MIN,,,,,,,,6.0,10.0,,,,,0,0,,,Inv: 6.0/10.0 CapLeft: 4.0,,,6.0,10.0,16.0,4.0,0.0,0.0,0.0
1765966843.4556544,btc-updown-15m-1765966500,1765966500.0,1765967400.0,,556.5443456172943,,,,,0,0,0.98,0.98,ONE_LEG_INVENTORY,,,,,,,,,,,,,,0,5.0,,,,,,,,,,,,,,,,,,,,RECONSTRUCT_BLOCKED: BLOCKED_BY_CAP_MIN,,,,,,,,6.0,10.0,,,,,0,0,,,Inv: 6.0/10.0 CapLeft: 4.0,,,6.0,10.0,16.0,4.0,0.0,0.0,0.0
1765966845.3932106,btc-updown-15m-1765966500,1765966500.0,1765967400.0,,554.6067893505096,,,,,0,0,0.98,0.98,ONE_LEG_INVENTORY,,,,,,,,,,,,,,0,5.0,,,,,,,,,,,,,,,,,,,,RECONSTRUCT_BLOCKED: BLOCKED_BY_CAP_MIN,,,,,,,,6.0,10.0,,,,,0,0,,,Inv: 6.0/10.0 CapLeft: 4.0,,,6.0,10.0,16.0,4.0,0.0,0.0,0.0
1765966845.3932106,btc-updown-15m-1765966500,1765966500.0,1765967400.0,,554.6067893505096,,,,,0,0,0.98,0.98,ONE_LEG_INVENTORY,,,,,,,,,,,,,,0,5.0,,,,,,,,,,,,,,,,,,,,RECONSTRUCT_BLOCKED: BLOCKED_BY_CAP_MIN,,,,,,,,6.0,10.0,,,,,0,0,,,Inv: 6.0/10.0 CapLeft: 4.0,,,6.0,10.0,16.0,4.0,0.0,0.0,0.0
1765966847.3471746,btc-updown-15m-1765966500,1765966500.0,1765967400.0,,552.6528253555298,,,,,0,0,0.99,0.98,ONE_LEG_INVENTORY,,,,,,,,,,,,,,0,5.0,,,,,,,,,,,,,,,,,,,,RECONSTRUCT_BLOCKED: BLOCKED_BY_CAP_MIN,,,,,,,,6.0,10.0,,,,,0,0,,,Inv: 6.0/10.0 CapLeft: 4.0,,,6.0,10.0,16.0,4.0,0.0,0.0,0.0
1765966847.3471746,btc-updown-15m-1765966500,1765966500.0,1765967400.0,,552.6528253555298,,,,,0,0,0.99,0.98,ONE_LEG_INVENTORY,,,,,,,,,,,,,,0,5.0,,,,,,,,,,,,,,,,,,,,RECONSTRUCT_BLOCKED: BLOCKED_BY_CAP_MIN,,,,,,,,6.0,10.0,,,,,0,0,,,Inv: 6.0/10.0 CapLeft: 4.0,,,6.0,10.0,16.0,4.0,0.0,0.0,0.0
1765966849.2916002,btc-updown-15m-1765966500,1765966500.0,1765967400.0,,550.708399772644,,,,,0,0,0.98,0.98,ONE_LEG_INVENTORY,,,,,,,,,,,,,,0,5.0,,,,,,,,,,,,,,,,,,,,RECONSTRUCT_BLOCKED: BLOCKED_BY_CAP_MIN,,,,,,,,6.0,10.0,,,,,0,0,,,Inv: 6.0/10.0 CapLeft: 4.0,,,6.0,10.0,16.0,4.0,0.0,0.0,0.0
1765966849.2916002,btc-updown-15m-1765966500,1765966500.0,1765967400.0,,550.708399772644,,,,,0,0,0.98,0.98,ONE_LEG_INVENTORY,,,,,,,,,,,,,,0,5.0,,,,,,,,,,,,,,,,,,,,RECONSTRUCT_BLOCKED: BLOCKED_BY_CAP_MIN,,,,,,,,6.0,10.0,,,,,0,0,,,Inv: 6.0/10.0 CapLeft: 4.0,,,6.0,10.0,16.0,4.0,0.0,0.0,0.0
1765966851.2429426,btc-updown-15m-1765966500,1765966500.0,1765967400.0,,548.75705742836,,,,,0,0,0.98,0.98,ONE_LEG_INVENTORY,,,,,,,,,,,,,,0,5.0,,,,,,,,,,,,,,,,,,,,RECONSTRUCT_BLOCKED: BLOCKED_BY_CAP_MIN,,,,,,,,6.0,10.0,,,,,0,0,,,Inv: 6.0/10.0 CapLeft: 4.0,,,6.0,10.0,16.0,4.0,0.0,0.0,0.0
1765966851.2429426,btc-updown-15m-1765966500,1765966500.0,1765967400.0,,548.75705742836,,,,,0,0,0.98,0.98,ONE_LEG_INVENTORY,,,,,,,,,,,,,,0,5.0,,,,,,,,,,,,,,,,,,,,RECONSTRUCT_BLOCKED: BLOCKED_BY_CAP_MIN,,,,,,,,6.0,10.0,,,,,0,0,,,Inv: 6.0/10.0 CapLeft: 4.0,,,6.0,10.0,16.0,4.0,0.0,0.0,0.0
1765966853.1908588,btc-updown-15m-1765966500,1765966500.0,1765967400.0,,546.8091411590576,,,,,0,0,0.99,0.98,ONE_LEG_INVENTORY,,,,,,,,,,,,,,0,5.0,,,,,,,,,,,,,,,,,,,,RECONSTRUCT_BLOCKED: BLOCKED_BY_CAP_MIN,,,,,,,,6.0,10.0,,,,,0,0,,,Inv: 6.0/10.0 CapLeft: 4.0,,,6.0,10.0,16.0,4.0,0.0,0.0,0.0
1765966853.1908588,btc-updown-15m-1765966500,1765966500.0,1765967400.0,,546.8091411590576,,,,,0,0,0.99,0.98,ONE_LEG_INVENTORY,,,,,,,,,,,,,,0,5.0,,,,,,,,,,,,,,,,,,,,RECONSTRUCT_BLOCKED: BLOCKED_BY_CAP_MIN,,,,,,,,6.0,10.0,,,,,0,0,,,Inv: 6.0/10.0 CapLeft: 4.0,,,6.0,10.0,16.0,4.0,0.0,0.0,0.0
1765966855.1733522,btc-updown-15m-1765966500,1765966500.0,1765967400.0,,544.8266477584839,,,,,0,0,0.99,0.98,ONE_LEG_INVENTORY,,,,,,,,,,,,,,0,5.0,,,,,,,,,,,,,,,,,,,,RECONSTRUCT_BLOCKED: BLOCKED_BY_CAP_MIN,,,,,,,,6.0,10.0,,,,,0,0,,,Inv: 6.0/10.0 CapLeft: 4.0,,,6.0,10.0,16.0,4.0,0.0,0.0,0.0
1765966855.1733522,btc-updown-15m-1765966500,1765966500.0,1765967400.0,,544.8266477584839,,,,,0,0,0.99,0.98,ONE_LEG_INVENTORY,,,,,,,,,,,,,,0,5.0,,,,,,,,,,,,,,,,,,,,RECONSTRUCT_BLOCKED: BLOCKED_BY_CAP_MIN,,,,,,,,6.0,10.0,,,,,0,0,,,Inv: 6.0/10.0 CapLeft: 4.0,,,6.0,10.0,16.0,4.0,0.0,0.0,0.0
1765966857.1392632,btc-updown-15m-1765966500,1765966500.0,1765967400.0,,542.8607368469238,,,,,0,0,0.99,0.98,ONE_LEG_INVENTORY,,,,,,,,,,,,,,0,5.0,,,,,,,,,,,,,,,,,,,,RECONSTRUCT_BLOCKED: BLOCKED_BY_CAP_MIN,,,,,,,,6.0,10.0,,,,,0,0,,,Inv: 6.0/10.0 CapLeft: 4.0,,,6.0,10.0,16.0,4.0,0.0,0.0,0.0
1765966857.1392632,btc-updown-15m-1765966500,1765966500.0,1765967400.0,,542.8607368469238,,,,,0,0,0.99,0.98,ONE_LEG_INVENTORY,,,,,,,,,,,,,,0,5.0,,,,,,,,,,,,,,,,,,,,RECONSTRUCT_BLOCKED: BLOCKED_BY_CAP_MIN,,,,,,,,6.0,10.0,,,,,0,0,,,Inv: 6.0/10.0 CapLeft: 4.0,,,6.0,10.0,16.0,4.0,0.0,0.0,0.0
1765966859.0719976,btc-updown-15m-1765966500,1765966500.0,1765967400.0,,540.9280023574829,,,,,0,0,0.99,0.98,ONE_LEG_INVENTORY,,,,,,,,,,,,,,0,5.0,,,,,,,,,,,,,,,,,,,,RECONSTRUCT_BLOCKED: BLOCKED_BY_CAP_MIN,,,,,,,,6.0,10.0,,,,,0,0,,,Inv: 6.0/10.0 CapLeft: 4.0,,,6.0,10.0,16.0,4.0,0.0,0.0,0.0
1765966859.0719976,btc-updown-15m-1765966500,1765966500.0,1765967400.0,,540.9280023574829,,,,,0,0,0.99,0.98,ONE_LEG_INVENTORY,,,,,,,,,,,,,,0,5.0,,,,,,,,,,,,,,,,,,,,RECONSTRUCT_BLOCKED: BLOCKED_BY_CAP_MIN,,,,,,,,6.0,10.0,,,,,0,0,,,Inv: 6.0/10.0 CapLeft: 4.0,,,6.0,10.0,16.0,4.0,0.0,0.0,0.0
1765966861.009975,btc-updown-15m-1765966500,1765966500.0,1765967400.0,,538.9900250434875,,,,,0,0,0.99,0.98,ONE_LEG_INVENTORY,,,,,,,,,,,,,,0,5.0,,,,,,,,,,,,,,,,,,,,RECONSTRUCT_BLOCKED: BLOCKED_BY_CAP_MIN,,,,,,,,6.0,10.0,,,,,0,0,,,Inv: 6.0/10.0 CapLeft: 4.0,,,6.0,10.0,16.0,4.0,0.0,0.0,0.0
1765966861.009975,btc-updown-15m-1765966500,1765966500.0,1765967400.0,,538.9900250434875,,,,,0,0,0.99,0.98,ONE_LEG_INVENTORY,,,,,,,,,,,,,,0,5.0,,,,,,,,,,,,,,,,,,,,RECONSTRUCT_BLOCKED: BLOCKED_BY_CAP_MIN,,,,,,,,6.0,10.0,,,,,0,0,,,Inv: 6.0/10.0 CapLeft: 4.0,,,6.0,10.0,16.0,4.0,0.0,0.0,0.0
1765966862.9437604,btc-updown-15m-1765966500,1765966500.0,1765967400.0,,537.05623960495,,,,,0,0,0.99,0.98,ONE_LEG_INVENTORY,,,,,,,,,,,,,,0,5.0,,,,,,,,,,,,,,,,,,,,RECONSTRUCT_BLOCKED: BLOCKED_BY_CAP_MIN,,,,,,,,6.0,10.0,,,,,0,0,,,Inv: 6.0/10.0 CapLeft: 4.0,,,6.0,10.0,16.0,4.0,0.0,0.0,0.0
1765966862.9437604,btc-updown-15m-1765966500,1765966500.0,1765967400.0,,537.05623960495,,,,,0,0,0.99,0.98,ONE_LEG_INVENTORY,,,,,,,,,,,,,,0,5.0,,,,,,,,,,,,,,,,,,,,RECONSTRUCT_BLOCKED: BLOCKED_BY_CAP_MIN,,,,,,,,6.0,10.0,,,,,0,0,,,Inv: 6.0/10.0 CapLeft: 4.0,,,6.0,10.0,16.0,4.0,0.0,0.0,0.0
1765966864.887201,btc-updown-15m-1765966500,1765966500.0,1765967400.0,,535.1127989292145,,,,,0,0,0.99,0.98,ONE_LEG_INVENTORY,,,,,,,,,,,,,,0,5.0,,,,,,,,,,,,,,,,,,,,RECONSTRUCT_BLOCKED: BLOCKED_BY_CAP_MIN,,,,,,,,6.0,10.0,,,,,0,0,,,Inv: 6.0/10.0 CapLeft: 4.0,,,6.0,10.0,16.0,4.0,0.0,0.0,0.0
1765966864.887201,btc-updown-15m-1765966500,1765966500.0,1765967400.0,,535.1127989292145,,,,,0,0,0.99,0.98,ONE_LEG_INVENTORY,,,,,,,,,,,,,,0,5.0,,,,,,,,,,,,,,,,,,,,RECONSTRUCT_BLOCKED: BLOCKED_BY_CAP_MIN,,,,,,,,6.0,10.0,,,,,0,0,,,Inv: 6.0/10.0 CapLeft: 4.0,,,6.0,10.0,16.0,4.0,0.0,0.0,0.0
1765966866.8463051,btc-updown-15m-1765966500,1765966500.0,1765967400.0,,533.1536948680878,,,,,0,0,0.99,0.98,ONE_LEG_INVENTORY,,,,,,,,,,,,,,0,5.0,,,,,,,,,,,,,,,,,,,,RECONSTRUCT_BLOCKED: BLOCKED_BY_CAP_MIN,,,,,,,,6.0,10.0,,,,,0,0,,,Inv: 6.0/10.0 CapLeft: 4.0,,,6.0,10.0,16.0,4.0,0.0,0.0,0.0
1765966866.8463051,btc-updown-15m-1765966500,1765966500.0,1765967400.0,,533.1536948680878,,,,,0,0,0.99,0.98,ONE_LEG_INVENTORY,,,,,,,,,,,,,,0,5.0,,,,,,,,,,,,,,,,,,,,RECONSTRUCT_BLOCKED: BLOCKED_BY_CAP_MIN,,,,,,,,6.0,10.0,,,,,0,0,,,Inv: 6.0/10.0 CapLeft: 4.0,,,6.0,10.0,16.0,4.0,0.0,0.0,0.0
1765966868.7969632,btc-updown-15m-1765966500,1765966500.0,1765967400.0,,531.2030367851257,,,,,0,0,0.98,0.98,ONE_LEG_INVENTORY,,,,,,,,,,,,,,0,5.0,,,,,,,,,,,,,,,,,,,,RECONSTRUCT_BLOCKED: BLOCKED_BY_CAP_MIN,,,,,,,,6.0,10.0,,,,,0,0,,,Inv: 6.0/10.0 CapLeft: 4.0,,,6.0,10.0,16.0,4.0,0.0,0.0,0.0
1765966868.7969632,btc-updown-15m-1765966500,1765966500.0,1765967400.0,,531.2030367851257,,,,,0,0,0.98,0.98,ONE_LEG_INVENTORY,,,,,,,,,,,,,,0,5.0,,,,,,,,,,,,,,,,,,,,RECONSTRUCT_BLOCKED: BLOCKED_BY_CAP_MIN,,,,,,,,6.0,10.0,,,,,0,0,,,Inv: 6.0/10.0 CapLeft: 4.0,,,6.0,10.0,16.0,4.0,0.0,0.0,0.0
1765966870.749467,btc-updown-15m-1765966500,1765966500.0,1765967400.0,,529.2505331039429,,,,,0,0,0.98,0.98,ONE_LEG_INVENTORY,,,,,,,,,,,,,,0,5.0,,,,,,,,,,,,,,,,,,,,RECONSTRUCT_BLOCKED: BLOCKED_BY_CAP_MIN,,,,,,,,6.0,10.0,,,,,0,0,,,Inv: 6.0/10.0 CapLeft: 4.0,,,6.0,10.0,16.0,4.0,0.0,0.0,0.0
1765966870.749467,btc-updown-15m-1765966500,1765966500.0,1765967400.0,,529.2505331039429,,,,,0,0,0.98,0.98,ONE_LEG_INVENTORY,,,,,,,,,,,,,,0,5.0,,,,,,,,,,,,,,,,,,,,RECONSTRUCT_BLOCKED: BLOCKED_BY_CAP_MIN,,,,,,,,6.0,10.0,,,,,0,0,,,Inv: 6.0/10.0 CapLeft: 4.0,,,6.0,10.0,16.0,4.0,0.0,0.0,0.0
1765966872.6913493,btc-updown-15m-1765966500,1765966500.0,1765967400.0,,527.3086507320404,,,,,0,0,0.96,0.98,ONE_LEG_INVENTORY,,,,,,,,,,,,,,0,5.0,,,,,,,,,,,,,,,,,,,,RECONSTRUCT_BLOCKED: BLOCKED_BY_CAP_MIN,,,,,,,,6.0,10.0,,,,,0,0,,,Inv: 6.0/10.0 CapLeft: 4.0,,,6.0,10.0,16.0,4.0,0.0,0.0,0.0
1765966872.6913493,btc-updown-15m-1765966500,1765966500.0,1765967400.0,,527.3086507320404,,,,,0,0,0.96,0.98,ONE_LEG_INVENTORY,,,,,,,,,,,,,,0,5.0,,,,,,,,,,,,,,,,,,,,RECONSTRUCT_BLOCKED: BLOCKED_BY_CAP_MIN,,,,,,,,6.0,10.0,,,,,0,0,,,Inv: 6.0/10.0 CapLeft: 4.0,,,6.0,10.0,16.0,4.0,0.0,0.0,0.0
1765966874.641289,btc-updown-15m-1765966500,1765966500.0,1765967400.0,,525.3587110042572,,,,,0,0,0.99,0.98,ONE_LEG_INVENTORY,,,,,,,,,,,,,,0,5.0,,,,,,,,,,,,,,,,,,,,RECONSTRUCT_BLOCKED: BLOCKED_BY_CAP_MIN,,,,,,,,6.0,10.0,,,,,0,0,,,Inv: 6.0/10.0 CapLeft: 4.0,,,6.0,10.0,16.0,4.0,0.0,0.0,0.0
1765966874.641289,btc-updown-15m-1765966500,1765966500.0,1765967400.0,,525.3587110042572,,,,,0,0,0.99,0.98,ONE_LEG_INVENTORY,,,,,,,,,,,,,,0,5.0,,,,,,,,,,,,,,,,,,,,RECONSTRUCT_BLOCKED: BLOCKED_BY_CAP_MIN,,,,,,,,6.0,10.0,,,,,0,0,,,Inv: 6.0/10.0 CapLeft: 4.0,,,6.0,10.0,16.0,4.0,0.0,0.0,0.0
1765966876.5789895,btc-updown-15m-1765966500,1765966500.0,1765967400.0,,523.4210104942322,,,,,0,0,0.99,0.98,ONE_LEG_INVENTORY,,,,,,,,,,,,,,0,5.0,,,,,,,,,,,,,,,,,,,,RECONSTRUCT_BLOCKED: BLOCKED_BY_CAP_MIN,,,,,,,,6.0,10.0,,,,,0,0,,,Inv: 6.0/10.0 CapLeft: 4.0,,,6.0,10.0,16.0,4.0,0.0,0.0,0.0
1765966876.5789895,btc-updown-15m-1765966500,1765966500.0,1765967400.0,,523.4210104942322,,,,,0,0,0.99,0.98,ONE_LEG_INVENTORY,,,,,,,,,,,,,,0,5.0,,,,,,,,,,,,,,,,,,,,RECONSTRUCT_BLOCKED: BLOCKED_BY_CAP_MIN,,,,,,,,6.0,10.0,,,,,0,0,,,Inv: 6.0/10.0 CapLeft: 4.0,,,6.0,10.0,16.0,4.0,0.0,0.0,0.0
1765966878.6059804,btc-updown-15m-1765966500,1765966500.0,1765967400.0,,521.3940196037292,,,,,0,0,0.98,0.98,ONE_LEG_INVENTORY,,,,,,,,,,,,,,0,5.0,,,,,,,,,,,,,,,,,,,,RECONSTRUCT_BLOCKED: BLOCKED_BY_CAP_MIN,,,,,,,,6.0,10.0,,,,,0,0,,,Inv: 6.0/10.0 CapLeft: 4.0,,,6.0,10.0,16.0,4.0,0.0,0.0,0.0
1765966878.6059804,btc-updown-15m-1765966500,1765966500.0,1765967400.0,,521.3940196037292,,,,,0,0,0.98,0.98,ONE_LEG_INVENTORY,,,,,,,,,,,,,,0,5.0,,,,,,,,,,,,,,,,,,,,RECONSTRUCT_BLOCKED: BLOCKED_BY_CAP_MIN,,,,,,,,6.0,10.0,,,,,0,0,,,Inv: 6.0/10.0 CapLeft: 4.0,,,6.0,10.0,16.0,4.0,0.0,0.0,0.0
1765966880.5488093,btc-updown-15m-1765966500,1765966500.0,1765967400.0,,519.4511907100677,,,,,0,0,0.98,0.98,ONE_LEG_INVENTORY,,,,,,,,,,,,,,0,5.0,,,,,,,,,,,,,,,,,,,,RECONSTRUCT_BLOCKED: BLOCKED_BY_CAP_MIN,,,,,,,,6.0,10.0,,,,,0,0,,,Inv: 6.0/10.0 CapLeft: 4.0,,,6.0,10.0,16.0,4.0,0.0,0.0,0.0
1765966880.5488093,btc-updown-15m-1765966500,1765966500.0,1765967400.0,,519.4511907100677,,,,,0,0,0.98,0.98,ONE_LEG_INVENTORY,,,,,,,,,,,,,,0,5.0,,,,,,,,,,,,,,,,,,,,RECONSTRUCT_BLOCKED: BLOCKED_BY_CAP_MIN,,,,,,,,6.0,10.0,,,,,0,0,,,Inv: 6.0/10.0 CapLeft: 4.0,,,6.0,10.0,16.0,4.0,0.0,0.0,0.0
1765966882.4984019,btc-updown-15m-1765966500,1765966500.0,1765967400.0,,517.5015981197357,,,,,0,0,0.98,0.98,ONE_LEG_INVENTORY,,,,,,,,,,,,,,0,5.0,,,,,,,,,,,,,,,,,,,,RECONSTRUCT_BLOCKED: BLOCKED_BY_CAP_MIN,,,,,,,,6.0,10.0,,,,,0,0,,,Inv: 6.0/10.0 CapLeft: 4.0,,,6.0,10.0,16.0,4.0,0.0,0.0,0.0
1765966882.4984019,btc-updown-15m-1765966500,1765966500.0,1765967400.0,,517.5015981197357,,,,,0,0,0.98,0.98,ONE_LEG_INVENTORY,,,,,,,,,,,,,,0,5.0,,,,,,,,,,,,,,,,,,,,RECONSTRUCT_BLOCKED: BLOCKED_BY_CAP_MIN,,,,,,,,6.0,10.0,,,,,0,0,,,Inv: 6.0/10.0 CapLeft: 4.0,,,6.0,10.0,16.0,4.0,0.0,0.0,0.0
1765966884.444228,btc-updown-15m-1765966500,1765966500.0,1765967400.0,,515.5557720661163,,,,,0,0,0.99,0.98,ONE_LEG_INVENTORY,,,,,,,,,,,,,,0,5.0,,,,,,,,,,,,,,,,,,,,RECONSTRUCT_BLOCKED: BLOCKED_BY_CAP_MIN,,,,,,,,6.0,10.0,,,,,0,0,,,Inv: 6.0/10.0 CapLeft: 4.0,,,6.0,10.0,16.0,4.0,0.0,0.0,0.0
1765966884.444228,btc-updown-15m-1765966500,1765966500.0,1765967400.0,,515.5557720661163,,,,,0,0,0.99,0.98,ONE_LEG_INVENTORY,,,,,,,,,,,,,,0,5.0,,,,,,,,,,,,,,,,,,,,RECONSTRUCT_BLOCKED: BLOCKED_BY_CAP_MIN,,,,,,,,6.0,10.0,,,,,0,0,,,Inv: 6.0/10.0 CapLeft: 4.0,,,6.0,10.0,16.0,4.0,0.0,0.0,0.0
1765966886.395898,btc-updown-15m-1765966500,1765966500.0,1765967400.0,,513.604101896286,,,,,0,0,0.99,0.98,ONE_LEG_INVENTORY,,,,,,,,,,,,,,0,5.0,,,,,,,,,,,,,,,,,,,,RECONSTRUCT_BLOCKED: BLOCKED_BY_CAP_MIN,,,,,,,,6.0,10.0,,,,,0,0,,,Inv: 6.0/10.0 CapLeft: 4.0,,,6.0,10.0,16.0,4.0,0.0,0.0,0.0
1765966886.395898,btc-updown-15m-1765966500,1765966500.0,1765967400.0,,513.604101896286,,,,,0,0,0.99,0.98,ONE_LEG_INVENTORY,,,,,,,,,,,,,,0,5.0,,,,,,,,,,,,,,,,,,,,RECONSTRUCT_BLOCKED: BLOCKED_BY_CAP_MIN,,,,,,,,6.0,10.0,,,,,0,0,,,Inv: 6.0/10.0 CapLeft: 4.0,,,6.0,10.0,16.0,4.0,0.0,0.0,0.0
1765966888.3733947,btc-updown-15m-1765966500,1765966500.0,1765967400.0,,511.6266052722931,,,,,0,0,0.99,0.98,ONE_LEG_INVENTORY,,,,,,,,,,,,,,0,5.0,,,,,,,,,,,,,,,,,,,,RECONSTRUCT_BLOCKED: BLOCKED_BY_CAP_MIN,,,,,,,,6.0,10.0,,,,,0,0,,,Inv: 6.0/10.0 CapLeft: 4.0,,,6.0,10.0,16.0,4.0,0.0,0.0,0.0
1765966888.3733947,btc-updown-15m-1765966500,1765966500.0,1765967400.0,,511.6266052722931,,,,,0,0,0.99,0.98,ONE_LEG_INVENTORY,,,,,,,,,,,,,,0,5.0,,,,,,,,,,,,,,,,,,,,RECONSTRUCT_BLOCKED: BLOCKED_BY_CAP_MIN,,,,,,,,6.0,10.0,,,,,0,0,,,Inv: 6.0/10.0 CapLeft: 4.0,,,6.0,10.0,16.0,4.0,0.0,0.0,0.0
1765966890.3191524,btc-updown-15m-1765966500,1765966500.0,1765967400.0,,509.6808476448059,,,,,0,0,0.99,0.98,ONE_LEG_INVENTORY,,,,,,,,,,,,,,0,5.0,,,,,,,,,,,,,,,,,,,,RECONSTRUCT_BLOCKED: BLOCKED_BY_CAP_MIN,,,,,,,,6.0,10.0,,,,,0,0,,,Inv: 6.0/10.0 CapLeft: 4.0,,,6.0,10.0,16.0,4.0,0.0,0.0,0.0
1765966890.3191524,btc-updown-15m-1765966500,1765966500.0,1765967400.0,,509.6808476448059,,,,,0,0,0.99,0.98,ONE_LEG_INVENTORY,,,,,,,,,,,,,,0,5.0,,,,,,,,,,,,,,,,,,,,RECONSTRUCT_BLOCKED: BLOCKED_BY_CAP_MIN,,,,,,,,6.0,10.0,,,,,0,0,,,Inv: 6.0/10.0 CapLeft: 4.0,,,6.0,10.0,16.0,4.0,0.0,0.0,0.0
1765966892.2808132,btc-updown-15m-1765966500,1765966500.0,1765967400.0,,507.7191867828369,,,,,0,0,0.99,0.98,ONE_LEG_INVENTORY,,,,,,,,,,,,,,0,5.0,,,,,,,,,,,,,,,,,,,,RECONSTRUCT_BLOCKED: BLOCKED_BY_CAP_MIN,,,,,,,,6.0,10.0,,,,,0,0,,,Inv: 6.0/10.0 CapLeft: 4.0,,,6.0,10.0,16.0,4.0,0.0,0.0,0.0
1765966892.2808132,btc-updown-15m-1765966500,1765966500.0,1765967400.0,,507.7191867828369,,,,,0,0,0.99,0.98,ONE_LEG_INVENTORY,,,,,,,,,,,,,,0,5.0,,,,,,,,,,,,,,,,,,,,RECONSTRUCT_BLOCKED: BLOCKED_BY_CAP_MIN,,,,,,,,6.0,10.0,,,,,0,0,,,Inv: 6.0/10.0 CapLeft: 4.0,,,6.0,10.0,16.0,4.0,0.0,0.0,0.0
1765966894.2277162,btc-updown-15m-1765966500,1765966500.0,1765967400.0,,505.7722837924957,,,,,0,0,0.99,0.98,ONE_LEG_INVENTORY,,,,,,,,,,,,,,0,5.0,,,,,,,,,,,,,,,,,,,,RECONSTRUCT_BLOCKED: BLOCKED_BY_CAP_MIN,,,,,,,,6.0,10.0,,,,,0,0,,,Inv: 6.0/10.0 CapLeft: 4.0,,,6.0,10.0,16.0,4.0,0.0,0.0,0.0
1765966894.2277162,btc-updown-15m-1765966500,1765966500.0,1765967400.0,,505.7722837924957,,,,,0,0,0.99,0.98,ONE_LEG_INVENTORY,,,,,,,,,,,,,,0,5.0,,,,,,,,,,,,,,,,,,,,RECONSTRUCT_BLOCKED: BLOCKED_BY_CAP_MIN,,,,,,,,6.0,10.0,,,,,0,0,,,Inv: 6.0/10.0 CapLeft: 4.0,,,6.0,10.0,16.0,4.0,0.0,0.0,0.0
1765966896.1783605,btc-updown-15m-1765966500,1765966500.0,1765967400.0,,503.8216395378113,,,,,0,0,0.99,0.98,ONE_LEG_INVENTORY,,,,,,,,,,,,,,0,5.0,,,,,,,,,,,,,,,,,,,,RECONSTRUCT_BLOCKED: BLOCKED_BY_CAP_MIN,,,,,,,,6.0,10.0,,,,,0,0,,,Inv: 6.0/10.0 CapLeft: 4.0,,,6.0,10.0,16.0,4.0,0.0,0.0,0.0
1765966896.1783605,btc-updown-15m-1765966500,1765966500.0,1765967400.0,,503.8216395378113,,,,,0,0,0.99,0.98,ONE_LEG_INVENTORY,,,,,,,,,,,,,,0,5.0,,,,,,,,,,,,,,,,,,,,RECONSTRUCT_BLOCKED: BLOCKED_BY_CAP_MIN,,,,,,,,6.0,10.0,,,,,0,0,,,Inv: 6.0/10.0 CapLeft: 4.0,,,6.0,10.0,16.0,4.0,0.0,0.0,0.0
1765966898.1131363,btc-updown-15m-1765966500,1765966500.0,1765967400.0,,501.8868637084961,,,,,0,0,0.98,0.98,ONE_LEG_INVENTORY,,,,,,,,,,,,,,0,5.0,,,,,,,,,,,,,,,,,,,,RECONSTRUCT_BLOCKED: BLOCKED_BY_CAP_MIN,,,,,,,,6.0,10.0,,,,,0,0,,,Inv: 6.0/10.0 CapLeft: 4.0,,,6.0,10.0,16.0,4.0,0.0,0.0,0.0
1765966898.1131363,btc-updown-15m-1765966500,1765966500.0,1765967400.0,,501.8868637084961,,,,,0,0,0.98,0.98,ONE_LEG_INVENTORY,,,,,,,,,,,,,,0,5.0,,,,,,,,,,,,,,,,,,,,RECONSTRUCT_BLOCKED: BLOCKED_BY_CAP_MIN,,,,,,,,6.0,10.0,,,,,0,0,,,Inv: 6.0/10.0 CapLeft: 4.0,,,6.0,10.0,16.0,4.0,0.0,0.0,0.0
1765966900.0612164,btc-updown-15m-1765966500,1765966500.0,1765967400.0,,499.9387836456299,,,,,0,0,0.99,0.98,ONE_LEG_INVENTORY,,,,,,,,,,,,,,0,5.0,,,,,,,,,,,,,,,,,,,,RECONSTRUCT_BLOCKED: BLOCKED_BY_CAP_MIN,,,,,,,,6.0,10.0,,,,,0,0,,,Inv: 6.0/10.0 CapLeft: 4.0,,,6.0,10.0,16.0,4.0,0.0,0.0,0.0
1765966900.0612164,btc-updown-15m-1765966500,1765966500.0,1765967400.0,,499.9387836456299,,,,,0,0,0.99,0.98,ONE_LEG_INVENTORY,,,,,,,,,,,,,,0,5.0,,,,,,,,,,,,,,,,,,,,RECONSTRUCT_BLOCKED: BLOCKED_BY_CAP_MIN,,,,,,,,6.0,10.0,,,,,0,0,,,Inv: 6.0/10.0 CapLeft: 4.0,,,6.0,10.0,16.0,4.0,0.0,0.0,0.0
