timestamp,slug,market_start_ts,market_end_ts,now_ts,time_remaining,up_bid,up_ask,down_bid,down_ask,up_px,down_px,sum_px,max_sum_price,decision,blocked_maker,order_age,up_filled,down_filled,has_traded,intended_price_up,rounded_price_up,intended_price_down,rounded_price_down,cancel_reason,unwind_method,unwind_price,unwind_result,optimal_size,actual_size,near_resolution_blocked,force_flatten,entry_cutoff_sec,force_flatten_sec,size_chosen,size_max_usd,size_max_final,usd_per_market_cap,test_mode,used_test_preset,test_preset_candidate,min_leg_price,max_leg_price,min_profit_per_share,profit_both,price_bounds_ok,profit_ok,skip_reason,blocked_price_bounds,blocked_low_profit,taker_path_attempted,up_ask_at_send,down_ask_at_send,up_bid_at_send,down_bid_at_send,filled_up_shares,filled_down_shares,target_size_shares,size_locked_blocked,overbuy_attempted,filled_first_price,remaining_up,remaining_down,entry_id,reprice_attempt_count,reprice_reason,time_in_one_leg_state,last_reprice_ts,inv_up,inv_down,total_inventory,cap_remaining,reconstruction_budget,reconstruction_spent,remaining_edge,entry_sum_target,initial_edge_per_share,imbalance_shares,avg_other_price,px_missing_now,overpay_per_share,reconstruct_chunk_shares,reconstruct_cost_est_usd,reconstruct_overpay_limit,reconstruct_block_reason
1765994402.18865,eth-updown-15m-1765994400,1765994400.0,1765995300.0,,897.811350107193,,,,,0.45,0.45,0.9,0.98,ORDERS_OPEN,,,,,,,,,,,,,,5,5,,,,,,,,,,,,,,,,,,,,Leg:BOTH UP:5 DOWN:5,,,,,,,,0.0,0.0,,,,,0,0,,,Inv: 0.0/0.0 CapLeft: 50.0,,,0.0,0.0,0.0,50.0,50.0,0.0,50.0,0.9,0.09999999999999998,0.0,0.0,0.0,0.0,0.0,0.0,0.0,
1765994403.6906872,eth-updown-15m-1765994400,1765994400.0,1765995300.0,,896.3093128204346,,,,,0,0,0.9,0.98,ORDERS_OPEN,,,,,,,,,,,,,,0,5,,,,,,,,,,,,,,,,,,,,,,,,,,,,0.0,0.0,,,,,0,0,,,Inv: 0.0/0.0 CapLeft: 50.0,,,0.0,0.0,0.0,50.0,50.0,0.0,50.0,0.9,0.09999999999999998,0.0,0.0,0.0,0.0,0.0,0.0,0.0,
1765994405.1924512,eth-updown-15m-1765994400,1765994400.0,1765995300.0,,894.8075487613678,,,,,0,0,0.9,0.98,ORDERS_OPEN,,,,,,,,,,,,,,0,5,,,,,,,,,,,,,,,,,,,,,,,,,,,,0.0,0.0,,,,,0,0,,,Inv: 0.0/0.0 CapLeft: 50.0,,,0.0,0.0,0.0,50.0,50.0,0.0,50.0,0.9,0.09999999999999998,0.0,0.0,0.0,0.0,0.0,0.0,0.0,
1765994406.6945202,eth-updown-15m-1765994400,1765994400.0,1765995300.0,,893.3054797649384,,,,,0,0,0.9,0.98,ORDERS_OPEN,,,,,,,,,,,,,,0,5,,,,,,,,,,,,,,,,,,,,,,,,,,,,0.0,0.0,,,,,0,0,,,Inv: 0.0/0.0 CapLeft: 50.0,,,0.0,0.0,0.0,50.0,50.0,0.0,50.0,0.9,0.09999999999999998,0.0,0.0,0.0,0.0,0.0,0.0,0.0,
1765994408.1965284,eth-updown-15m-1765994400,1765994400.0,1765995300.0,,891.8034715652466,,,,,0,0,0.9,0.98,ORDERS_OPEN,,,,,,,,,,,,,,0,5,,,,,,,,,,,,,,,,,,,,,,,,,,,,0.0,0.0,,,,,0,0,,,Inv: 0.0/0.0 CapLeft: 50.0,,,0.0,0.0,0.0,50.0,50.0,0.0,50.0,0.9,0.09999999999999998,0.0,0.0,0.0,0.0,0.0,0.0,0.0,
1765994409.6978383,eth-updown-15m-1765994400,1765994400.0,1765995300.0,,890.302161693573,,,,,0,0,0.9,0.98,ORDERS_OPEN,,,,,,,,,,,,,,0,5,,,,,,,,,,,,,,,,,,,,,,,,,,,,0.0,0.0,,,,,0,0,,,Inv: 0.0/0.0 CapLeft: 50.0,,,0.0,0.0,0.0,50.0,50.0,0.0,50.0,0.9,0.09999999999999998,0.0,0.0,0.0,0.0,0.0,0.0,0.0,
1765994411.1995566,eth-updown-15m-1765994400,1765994400.0,1765995300.0,,888.8004434108734,,,,,0,0,0.9,0.98,ORDERS_OPEN,,,,,,,,,,,,,,0,5,,,,,,,,,,,,,,,,,,,,,,,,,,,,0.0,0.0,,,,,0,0,,,Inv: 0.0/0.0 CapLeft: 50.0,,,0.0,0.0,0.0,50.0,50.0,0.0,50.0,0.9,0.09999999999999998,0.0,0.0,0.0,0.0,0.0,0.0,0.0,
1765994412.7009974,eth-updown-15m-1765994400,1765994400.0,1765995300.0,,887.2990026473999,,,,,0,0,0.9,0.98,ORDERS_OPEN,,,,,,,,,,,,,,0,5,,,,,,,,,,,,,,,,,,,,,,,,,,,,0.0,0.0,,,,,0,0,,,Inv: 0.0/0.0 CapLeft: 50.0,,,0.0,0.0,0.0,50.0,50.0,0.0,50.0,0.9,0.09999999999999998,0.0,0.0,0.0,0.0,0.0,0.0,0.0,
1765994414.2023478,eth-updown-15m-1765994400,1765994400.0,1765995300.0,,885.7976522445679,,,,,0,0,0.9,0.98,ORDERS_OPEN,,,,,,,,,,,,,,0,5,,,,,,,,,,,,,,,,,,,,,,,,,,,,0.0,0.0,,,,,0,0,,,Inv: 0.0/0.0 CapLeft: 50.0,,,0.0,0.0,0.0,50.0,50.0,0.0,50.0,0.9,0.09999999999999998,0.0,0.0,0.0,0.0,0.0,0.0,0.0,
1765994415.7038517,eth-updown-15m-1765994400,1765994400.0,1765995300.0,,884.2961483001709,,,,,0,0,0.9,0.98,ORDERS_OPEN,,,,,,,,,,,,,,0,5,,,,,,,,,,,,,,,,,,,,,,,,,,,,0.0,0.0,,,,,0,0,,,Inv: 0.0/0.0 CapLeft: 50.0,,,0.0,0.0,0.0,50.0,50.0,0.0,50.0,0.9,0.09999999999999998,0.0,0.0,0.0,0.0,0.0,0.0,0.0,
1765994418.7161872,eth-updown-15m-1765994400,1765994400.0,1765995300.0,,881.2838127613068,,,,,0.45,0.45,0.9,0.98,ORDERS_OPEN,,,,,,,,,,,,,,5,5,,,,,,,,,,,,,,,,,,,,Leg:BOTH UP:5 DOWN:5,,,,,,,,0.0,0.0,,,,,0,0,,,Inv: 0.0/0.0 CapLeft: 50.0,,,0.0,0.0,0.0,50.0,50.0,0.0,50.0,0.9,0.09999999999999998,0.0,0.0,0.0,0.0,0.0,0.0,0.0,
1765994420.217582,eth-updown-15m-1765994400,1765994400.0,1765995300.0,,879.782418012619,,,,,0,0,0.9,0.98,ORDERS_OPEN,,,,,,,,,,,,,,0,5,,,,,,,,,,,,,,,,,,,,,,,,,,,,0.0,0.0,,,,,0,0,,,Inv: 0.0/0.0 CapLeft: 50.0,,,0.0,0.0,0.0,50.0,50.0,0.0,50.0,0.9,0.09999999999999998,0.0,0.0,0.0,0.0,0.0,0.0,0.0,
1765994421.7190645,eth-updown-15m-1765994400,1765994400.0,1765995300.0,,878.2809355258942,,,,,0,0,0.9,0.98,ORDERS_OPEN,,,,,,,,,,,,,,0,5,,,,,,,,,,,,,,,,,,,,,,,,,,,,0.0,0.0,,,,,0,0,,,Inv: 0.0/0.0 CapLeft: 50.0,,,0.0,0.0,0.0,50.0,50.0,0.0,50.0,0.9,0.09999999999999998,0.0,0.0,0.0,0.0,0.0,0.0,0.0,
1765994423.220233,eth-updown-15m-1765994400,1765994400.0,1765995300.0,,876.779767036438,,,,,0,0,0.9,0.98,ORDERS_OPEN,,,,,,,,,,,,,,0,5,,,,,,,,,,,,,,,,,,,,,,,,,,,,0.0,0.0,,,,,0,0,,,Inv: 0.0/0.0 CapLeft: 50.0,,,0.0,0.0,0.0,50.0,50.0,0.0,50.0,0.9,0.09999999999999998,0.0,0.0,0.0,0.0,0.0,0.0,0.0,
1765994424.7221322,eth-updown-15m-1765994400,1765994400.0,1765995300.0,,875.2778677940369,,,,,0,0,0.9,0.98,ORDERS_OPEN,,,,,,,,,,,,,,0,5,,,,,,,,,,,,,,,,,,,,,,,,,,,,0.0,0.0,,,,,0,0,,,Inv: 0.0/0.0 CapLeft: 50.0,,,0.0,0.0,0.0,50.0,50.0,0.0,50.0,0.9,0.09999999999999998,0.0,0.0,0.0,0.0,0.0,0.0,0.0,
1765994426.2235181,eth-updown-15m-1765994400,1765994400.0,1765995300.0,,873.7764818668365,,,,,0,0,0.9,0.98,ORDERS_OPEN,,,,,,,,,,,,,,0,5,,,,,,,,,,,,,,,,,,,,,,,,,,,,0.0,0.0,,,,,0,0,,,Inv: 0.0/0.0 CapLeft: 50.0,,,0.0,0.0,0.0,50.0,50.0,0.0,50.0,0.9,0.09999999999999998,0.0,0.0,0.0,0.0,0.0,0.0,0.0,
1765994427.7247956,eth-updown-15m-1765994400,1765994400.0,1765995300.0,,872.2752044200897,,,,,0,0,0.9,0.98,ORDERS_OPEN,,,,,,,,,,,,,,0,5,,,,,,,,,,,,,,,,,,,,,,,,,,,,0.0,0.0,,,,,0,0,,,Inv: 0.0/0.0 CapLeft: 50.0,,,0.0,0.0,0.0,50.0,50.0,0.0,50.0,0.9,0.09999999999999998,0.0,0.0,0.0,0.0,0.0,0.0,0.0,
1765994429.2258048,eth-updown-15m-1765994400,1765994400.0,1765995300.0,,870.7741951942444,,,,,0,0,0.9,0.98,ORDERS_OPEN,,,,,,,,,,,,,,0,5,,,,,,,,,,,,,,,,,,,,,,,,,,,,0.0,0.0,,,,,0,0,,,Inv: 0.0/0.0 CapLeft: 50.0,,,0.0,0.0,0.0,50.0,50.0,0.0,50.0,0.9,0.09999999999999998,0.0,0.0,0.0,0.0,0.0,0.0,0.0,
1765994430.7285287,eth-updown-15m-1765994400,1765994400.0,1765995300.0,,869.2714712619781,,,,,0,0,0.9,0.98,ORDERS_OPEN,,,,,,,,,,,,,,0,5,,,,,,,,,,,,,,,,,,,,,,,,,,,,0.0,0.0,,,,,0,0,,,Inv: 0.0/0.0 CapLeft: 50.0,,,0.0,0.0,0.0,50.0,50.0,0.0,50.0,0.9,0.09999999999999998,0.0,0.0,0.0,0.0,0.0,0.0,0.0,
1765994432.2301073,eth-updown-15m-1765994400,1765994400.0,1765995300.0,,867.7698926925659,,,,,0,0,0.9,0.98,ORDERS_OPEN,,,,,,,,,,,,,,0,5,,,,,,,,,,,,,,,,,,,,,,,,,,,,0.0,0.0,,,,,0,0,,,Inv: 0.0/0.0 CapLeft: 50.0,,,0.0,0.0,0.0,50.0,50.0,0.0,50.0,0.9,0.09999999999999998,0.0,0.0,0.0,0.0,0.0,0.0,0.0,
1765994435.2329767,eth-updown-15m-1765994400,1765994400.0,1765995300.0,,864.7670233249664,,,,,0.45,0.45,0.9,0.98,ORDERS_OPEN,,,,,,,,,,,,,,5,5,,,,,,,,,,,,,,,,,,,,Leg:BOTH UP:5 DOWN:5,,,,,,,,0.0,0.0,,,,,0,0,,,Inv: 0.0/0.0 CapLeft: 50.0,,,0.0,0.0,0.0,50.0,50.0,0.0,50.0,0.9,0.09999999999999998,0.0,0.0,0.0,0.0,0.0,0.0,0.0,
1765994436.7341406,eth-updown-15m-1765994400,1765994400.0,1765995300.0,,863.2658593654633,,,,,0,0,0.9,0.98,ORDERS_OPEN,,,,,,,,,,,,,,0,5,,,,,,,,,,,,,,,,,,,,,,,,,,,,0.0,0.0,,,,,0,0,,,Inv: 0.0/0.0 CapLeft: 50.0,,,0.0,0.0,0.0,50.0,50.0,0.0,50.0,0.9,0.09999999999999998,0.0,0.0,0.0,0.0,0.0,0.0,0.0,
1765994438.2356951,eth-updown-15m-1765994400,1765994400.0,1765995300.0,,861.7643048763275,,,,,0,0,0.9,0.98,ORDERS_OPEN,,,,,,,,,,,,,,0,5,,,,,,,,,,,,,,,,,,,,,,,,,,,,0.0,0.0,,,,,0,0,,,Inv: 0.0/0.0 CapLeft: 50.0,,,0.0,0.0,0.0,50.0,50.0,0.0,50.0,0.9,0.09999999999999998,0.0,0.0,0.0,0.0,0.0,0.0,0.0,
1765994439.7373486,eth-updown-15m-1765994400,1765994400.0,1765995300.0,,860.2626514434814,,,,,0,0,0.9,0.98,ORDERS_OPEN,,,,,,,,,,,,,,0,5,,,,,,,,,,,,,,,,,,,,,,,,,,,,0.0,0.0,,,,,0,0,,,Inv: 0.0/0.0 CapLeft: 50.0,,,0.0,0.0,0.0,50.0,50.0,0.0,50.0,0.9,0.09999999999999998,0.0,0.0,0.0,0.0,0.0,0.0,0.0,
1765994441.2390027,eth-updown-15m-1765994400,1765994400.0,1765995300.0,,858.7609972953796,,,,,0,0,0.9,0.98,ORDERS_OPEN,,,,,,,,,,,,,,0,5,,,,,,,,,,,,,,,,,,,,,,,,,,,,0.0,0.0,,,,,0,0,,,Inv: 0.0/0.0 CapLeft: 50.0,,,0.0,0.0,0.0,50.0,50.0,0.0,50.0,0.9,0.09999999999999998,0.0,0.0,0.0,0.0,0.0,0.0,0.0,
1765994442.7406192,eth-updown-15m-1765994400,1765994400.0,1765995300.0,,857.2593808174133,,,,,0,0,0.9,0.98,ORDERS_OPEN,,,,,,,,,,,,,,0,5,,,,,,,,,,,,,,,,,,,,,,,,,,,,0.0,0.0,,,,,0,0,,,Inv: 0.0/0.0 CapLeft: 50.0,,,0.0,0.0,0.0,50.0,50.0,0.0,50.0,0.9,0.09999999999999998,0.0,0.0,0.0,0.0,0.0,0.0,0.0,
1765994444.2422497,eth-updown-15m-1765994400,1765994400.0,1765995300.0,,855.7577502727509,,,,,0,0,0.9,0.98,ORDERS_OPEN,,,,,,,,,,,,,,0,5,,,,,,,,,,,,,,,,,,,,,,,,,,,,0.0,0.0,,,,,0,0,,,Inv: 0.0/0.0 CapLeft: 50.0,,,0.0,0.0,0.0,50.0,50.0,0.0,50.0,0.9,0.09999999999999998,0.0,0.0,0.0,0.0,0.0,0.0,0.0,
1765994445.7445278,eth-updown-15m-1765994400,1765994400.0,1765995300.0,,854.2554721832275,,,,,0,0,0.9,0.98,ORDERS_OPEN,,,,,,,,,,,,,,0,5,,,,,,,,,,,,,,,,,,,,,,,,,,,,0.0,0.0,,,,,0,0,,,Inv: 0.0/0.0 CapLeft: 50.0,,,0.0,0.0,0.0,50.0,50.0,0.0,50.0,0.9,0.09999999999999998,0.0,0.0,0.0,0.0,0.0,0.0,0.0,
1765994447.2463403,eth-updown-15m-1765994400,1765994400.0,1765995300.0,,852.7536597251892,,,,,0,0,0.9,0.98,ORDERS_OPEN,,,,,,,,,,,,,,0,5,,,,,,,,,,,,,,,,,,,,,,,,,,,,0.0,0.0,,,,,0,0,,,Inv: 0.0/0.0 CapLeft: 50.0,,,0.0,0.0,0.0,50.0,50.0,0.0,50.0,0.9,0.09999999999999998,0.0,0.0,0.0,0.0,0.0,0.0,0.0,
1765994448.7472947,eth-updown-15m-1765994400,1765994400.0,1765995300.0,,851.2527053356171,,,,,0,0,0.9,0.98,ORDERS_OPEN,,,,,,,,,,,,,,0,5,,,,,,,,,,,,,,,,,,,,,,,,,,,,0.0,0.0,,,,,0,0,,,Inv: 0.0/0.0 CapLeft: 50.0,,,0.0,0.0,0.0,50.0,50.0,0.0,50.0,0.9,0.09999999999999998,0.0,0.0,0.0,0.0,0.0,0.0,0.0,
1765994451.7509587,eth-updown-15m-1765994400,1765994400.0,1765995300.0,,848.2490413188934,,,,,0.45,0.45,0.9,0.98,ORDERS_OPEN,,,,,,,,,,,,,,5,5,,,,,,,,,,,,,,,,,,,,Leg:BOTH UP:5 DOWN:5,,,,,,,,0.0,0.0,,,,,0,0,,,Inv: 0.0/0.0 CapLeft: 50.0,,,0.0,0.0,0.0,50.0,50.0,0.0,50.0,0.9,0.09999999999999998,0.0,0.0,0.0,0.0,0.0,0.0,0.0,
1765994453.2522006,eth-updown-15m-1765994400,1765994400.0,1765995300.0,,846.7477993965149,,,,,0,0,0.9,0.98,ORDERS_OPEN,,,,,,,,,,,,,,0,5,,,,,,,,,,,,,,,,,,,,,,,,,,,,0.0,0.0,,,,,0,0,,,Inv: 0.0/0.0 CapLeft: 50.0,,,0.0,0.0,0.0,50.0,50.0,0.0,50.0,0.9,0.09999999999999998,0.0,0.0,0.0,0.0,0.0,0.0,0.0,
1765994454.7535086,eth-updown-15m-1765994400,1765994400.0,1765995300.0,,845.2464914321899,,,,,0,0,0.9,0.98,ORDERS_OPEN,,,,,,,,,,,,,,0,5,,,,,,,,,,,,,,,,,,,,,,,,,,,,0.0,0.0,,,,,0,0,,,Inv: 0.0/0.0 CapLeft: 50.0,,,0.0,0.0,0.0,50.0,50.0,0.0,50.0,0.9,0.09999999999999998,0.0,0.0,0.0,0.0,0.0,0.0,0.0,
1765994456.2551942,eth-updown-15m-1765994400,1765994400.0,1765995300.0,,843.7448058128357,,,,,0,0,0.9,0.98,ORDERS_OPEN,,,,,,,,,,,,,,0,5,,,,,,,,,,,,,,,,,,,,,,,,,,,,0.0,0.0,,,,,0,0,,,Inv: 0.0/0.0 CapLeft: 50.0,,,0.0,0.0,0.0,50.0,50.0,0.0,50.0,0.9,0.09999999999999998,0.0,0.0,0.0,0.0,0.0,0.0,0.0,
1765994457.756624,eth-updown-15m-1765994400,1765994400.0,1765995300.0,,842.2433760166168,,,,,0,0,0.9,0.98,ORDERS_OPEN,,,,,,,,,,,,,,0,5,,,,,,,,,,,,,,,,,,,,,,,,,,,,0.0,0.0,,,,,0,0,,,Inv: 0.0/0.0 CapLeft: 50.0,,,0.0,0.0,0.0,50.0,50.0,0.0,50.0,0.9,0.09999999999999998,0.0,0.0,0.0,0.0,0.0,0.0,0.0,
1765994459.2583048,eth-updown-15m-1765994400,1765994400.0,1765995300.0,,840.7416951656342,,,,,0,0,0.9,0.98,ORDERS_OPEN,,,,,,,,,,,,,,0,5,,,,,,,,,,,,,,,,,,,,,,,,,,,,0.0,0.0,,,,,0,0,,,Inv: 0.0/0.0 CapLeft: 50.0,,,0.0,0.0,0.0,50.0,50.0,0.0,50.0,0.9,0.09999999999999998,0.0,0.0,0.0,0.0,0.0,0.0,0.0,
1765994460.760101,eth-updown-15m-1765994400,1765994400.0,1765995300.0,,839.2398989200592,,,,,0,0,0.9,0.98,ORDERS_OPEN,,,,,,,,,,,,,,0,5,,,,,,,,,,,,,,,,,,,,,,,,,,,,0.0,0.0,,,,,0,0,,,Inv: 0.0/0.0 CapLeft: 50.0,,,0.0,0.0,0.0,50.0,50.0,0.0,50.0,0.9,0.09999999999999998,0.0,0.0,0.0,0.0,0.0,0.0,0.0,
1765994462.261552,eth-updown-15m-1765994400,1765994400.0,1765995300.0,,837.7384479045868,,,,,0,0,0.9,0.98,ORDERS_OPEN,,,,,,,,,,,,,,0,5,,,,,,,,,,,,,,,,,,,,,,,,,,,,0.0,0.0,,,,,0,0,,,Inv: 0.0/0.0 CapLeft: 50.0,,,0.0,0.0,0.0,50.0,50.0,0.0,50.0,0.9,0.09999999999999998,0.0,0.0,0.0,0.0,0.0,0.0,0.0,
1765994463.763361,eth-updown-15m-1765994400,1765994400.0,1765995300.0,,836.2366390228271,,,,,0,0,0.9,0.98,ORDERS_OPEN,,,,,,,,,,,,,,0,5,,,,,,,,,,,,,,,,,,,,,,,,,,,,0.0,0.0,,,,,0,0,,,Inv: 0.0/0.0 CapLeft: 50.0,,,0.0,0.0,0.0,50.0,50.0,0.0,50.0,0.9,0.09999999999999998,0.0,0.0,0.0,0.0,0.0,0.0,0.0,
1765994465.2654629,eth-updown-15m-1765994400,1765994400.0,1765995300.0,,834.7345371246338,,,,,0,0,0.9,0.98,ORDERS_OPEN,,,,,,,,,,,,,,0,5,,,,,,,,,,,,,,,,,,,,,,,,,,,,0.0,0.0,,,,,0,0,,,Inv: 0.0/0.0 CapLeft: 50.0,,,0.0,0.0,0.0,50.0,50.0,0.0,50.0,0.9,0.09999999999999998,0.0,0.0,0.0,0.0,0.0,0.0,0.0,
1765994468.2690606,eth-updown-15m-1765994400,1765994400.0,1765995300.0,,831.7309393882751,,,,,0.45,0.45,0.9,0.98,ORDERS_OPEN,,,,,,,,,,,,,,5,5,,,,,,,,,,,,,,,,,,,,Leg:BOTH UP:5 DOWN:5,,,,,,,,0.0,0.0,,,,,0,0,,,Inv: 0.0/0.0 CapLeft: 50.0,,,0.0,0.0,0.0,50.0,50.0,0.0,50.0,0.9,0.09999999999999998,0.0,0.0,0.0,0.0,0.0,0.0,0.0,
1765994469.7721477,eth-updown-15m-1765994400,1765994400.0,1765995300.0,,830.2278523445129,,,,,0,0,0.9,0.98,ORDERS_OPEN,,,,,,,,,,,,,,0,5,,,,,,,,,,,,,,,,,,,,,,,,,,,,0.0,0.0,,,,,0,0,,,Inv: 0.0/0.0 CapLeft: 50.0,,,0.0,0.0,0.0,50.0,50.0,0.0,50.0,0.9,0.09999999999999998,0.0,0.0,0.0,0.0,0.0,0.0,0.0,
1765994471.2738717,eth-updown-15m-1765994400,1765994400.0,1765995300.0,,828.7261283397675,,,,,0,0,0.9,0.98,ORDERS_OPEN,,,,,,,,,,,,,,0,5,,,,,,,,,,,,,,,,,,,,,,,,,,,,0.0,0.0,,,,,0,0,,,Inv: 0.0/0.0 CapLeft: 50.0,,,0.0,0.0,0.0,50.0,50.0,0.0,50.0,0.9,0.09999999999999998,0.0,0.0,0.0,0.0,0.0,0.0,0.0,
1765994472.7751312,eth-updown-15m-1765994400,1765994400.0,1765995300.0,,827.2248687744141,,,,,0,0,0.9,0.98,ORDERS_OPEN,,,,,,,,,,,,,,0,5,,,,,,,,,,,,,,,,,,,,,,,,,,,,0.0,0.0,,,,,0,0,,,Inv: 0.0/0.0 CapLeft: 50.0,,,0.0,0.0,0.0,50.0,50.0,0.0,50.0,0.9,0.09999999999999998,0.0,0.0,0.0,0.0,0.0,0.0,0.0,
1765994474.276931,eth-updown-15m-1765994400,1765994400.0,1765995300.0,,825.7230689525604,,,,,0,0,0.9,0.98,ORDERS_OPEN,,,,,,,,,,,,,,0,5,,,,,,,,,,,,,,,,,,,,,,,,,,,,0.0,0.0,,,,,0,0,,,Inv: 0.0/0.0 CapLeft: 50.0,,,0.0,0.0,0.0,50.0,50.0,0.0,50.0,0.9,0.09999999999999998,0.0,0.0,0.0,0.0,0.0,0.0,0.0,
1765994475.7786012,eth-updown-15m-1765994400,1765994400.0,1765995300.0,,824.2213988304138,,,,,0,0,0.9,0.98,ORDERS_OPEN,,,,,,,,,,,,,,0,5,,,,,,,,,,,,,,,,,,,,,,,,,,,,0.0,0.0,,,,,0,0,,,Inv: 0.0/0.0 CapLeft: 50.0,,,0.0,0.0,0.0,50.0,50.0,0.0,50.0,0.9,0.09999999999999998,0.0,0.0,0.0,0.0,0.0,0.0,0.0,
1765994477.2796347,eth-updown-15m-1765994400,1765994400.0,1765995300.0,,822.7203652858734,,,,,0,0,0.9,0.98,ORDERS_OPEN,,,,,,,,,,,,,,0,5,,,,,,,,,,,,,,,,,,,,,,,,,,,,0.0,0.0,,,,,0,0,,,Inv: 0.0/0.0 CapLeft: 50.0,,,0.0,0.0,0.0,50.0,50.0,0.0,50.0,0.9,0.09999999999999998,0.0,0.0,0.0,0.0,0.0,0.0,0.0,
1765994478.7811353,eth-updown-15m-1765994400,1765994400.0,1765995300.0,,821.2188646793365,,,,,0,0,0.9,0.98,ORDERS_OPEN,,,,,,,,,,,,,,0,5,,,,,,,,,,,,,,,,,,,,,,,,,,,,0.0,0.0,,,,,0,0,,,Inv: 0.0/0.0 CapLeft: 50.0,,,0.0,0.0,0.0,50.0,50.0,0.0,50.0,0.9,0.09999999999999998,0.0,0.0,0.0,0.0,0.0,0.0,0.0,
1765994480.283393,eth-updown-15m-1765994400,1765994400.0,1765995300.0,,819.716607093811,,,,,0,0,0.9,0.98,ORDERS_OPEN,,,,,,,,,,,,,,0,5,,,,,,,,,,,,,,,,,,,,,,,,,,,,0.0,0.0,,,,,0,0,,,Inv: 0.0/0.0 CapLeft: 50.0,,,0.0,0.0,0.0,50.0,50.0,0.0,50.0,0.9,0.09999999999999998,0.0,0.0,0.0,0.0,0.0,0.0,0.0,
1765994481.784649,eth-updown-15m-1765994400,1765994400.0,1765995300.0,,818.2153511047363,,,,,0,0,0.9,0.98,ORDERS_OPEN,,,,,,,,,,,,,,0,5,,,,,,,,,,,,,,,,,,,,,,,,,,,,0.0,0.0,,,,,0,0,,,Inv: 0.0/0.0 CapLeft: 50.0,,,0.0,0.0,0.0,50.0,50.0,0.0,50.0,0.9,0.09999999999999998,0.0,0.0,0.0,0.0,0.0,0.0,0.0,
1765994484.78769,eth-updown-15m-1765994400,1765994400.0,1765995300.0,,815.2123100757599,,,,,0.45,0.45,0.9,0.98,ORDERS_OPEN,,,,,,,,,,,,,,5,5,,,,,,,,,,,,,,,,,,,,Leg:BOTH UP:5 DOWN:5,,,,,,,,0.0,0.0,,,,,0,0,,,Inv: 0.0/0.0 CapLeft: 50.0,,,0.0,0.0,0.0,50.0,50.0,0.0,50.0,0.9,0.09999999999999998,0.0,0.0,0.0,0.0,0.0,0.0,0.0,
1765994486.2888913,eth-updown-15m-1765994400,1765994400.0,1765995300.0,,813.7111086845398,,,,,0,0,0.9,0.98,ORDERS_OPEN,,,,,,,,,,,,,,0,5,,,,,,,,,,,,,,,,,,,,,,,,,,,,0.0,0.0,,,,,0,0,,,Inv: 0.0/0.0 CapLeft: 50.0,,,0.0,0.0,0.0,50.0,50.0,0.0,50.0,0.9,0.09999999999999998,0.0,0.0,0.0,0.0,0.0,0.0,0.0,
1765994487.7907865,eth-updown-15m-1765994400,1765994400.0,1765995300.0,,812.2092134952545,,,,,0,0,0.9,0.98,ORDERS_OPEN,,,,,,,,,,,,,,0,5,,,,,,,,,,,,,,,,,,,,,,,,,,,,0.0,0.0,,,,,0,0,,,Inv: 0.0/0.0 CapLeft: 50.0,,,0.0,0.0,0.0,50.0,50.0,0.0,50.0,0.9,0.09999999999999998,0.0,0.0,0.0,0.0,0.0,0.0,0.0,
1765994489.2921884,eth-updown-15m-1765994400,1765994400.0,1765995300.0,,810.7078115940094,,,,,0,0,0.9,0.98,ORDERS_OPEN,,,,,,,,,,,,,,0,5,,,,,,,,,,,,,,,,,,,,,,,,,,,,0.0,0.0,,,,,0,0,,,Inv: 0.0/0.0 CapLeft: 50.0,,,0.0,0.0,0.0,50.0,50.0,0.0,50.0,0.9,0.09999999999999998,0.0,0.0,0.0,0.0,0.0,0.0,0.0,
1765994490.7934725,eth-updown-15m-1765994400,1765994400.0,1765995300.0,,809.2065274715424,,,,,0,0,0.9,0.98,ORDERS_OPEN,,,,,,,,,,,,,,0,5,,,,,,,,,,,,,,,,,,,,,,,,,,,,0.0,0.0,,,,,0,0,,,Inv: 0.0/0.0 CapLeft: 50.0,,,0.0,0.0,0.0,50.0,50.0,0.0,50.0,0.9,0.09999999999999998,0.0,0.0,0.0,0.0,0.0,0.0,0.0,
1765994492.294803,eth-updown-15m-1765994400,1765994400.0,1765995300.0,,807.705197095871,,,,,0,0,0.9,0.98,ORDERS_OPEN,,,,,,,,,,,,,,0,5,,,,,,,,,,,,,,,,,,,,,,,,,,,,0.0,0.0,,,,,0,0,,,Inv: 0.0/0.0 CapLeft: 50.0,,,0.0,0.0,0.0,50.0,50.0,0.0,50.0,0.9,0.09999999999999998,0.0,0.0,0.0,0.0,0.0,0.0,0.0,
1765994493.7963421,eth-updown-15m-1765994400,1765994400.0,1765995300.0,,806.2036578655243,,,,,0,0,0.9,0.98,ORDERS_OPEN,,,,,,,,,,,,,,0,5,,,,,,,,,,,,,,,,,,,,,,,,,,,,0.0,0.0,,,,,0,0,,,Inv: 0.0/0.0 CapLeft: 50.0,,,0.0,0.0,0.0,50.0,50.0,0.0,50.0,0.9,0.09999999999999998,0.0,0.0,0.0,0.0,0.0,0.0,0.0,
1765994495.2980773,eth-updown-15m-1765994400,1765994400.0,1765995300.0,,804.7019226551056,,,,,0,0,0.9,0.98,ORDERS_OPEN,,,,,,,,,,,,,,0,5,,,,,,,,,,,,,,,,,,,,,,,,,,,,0.0,0.0,,,,,0,0,,,Inv: 0.0/0.0 CapLeft: 50.0,,,0.0,0.0,0.0,50.0,50.0,0.0,50.0,0.9,0.09999999999999998,0.0,0.0,0.0,0.0,0.0,0.0,0.0,
1765994496.7996986,eth-updown-15m-1765994400,1765994400.0,1765995300.0,,803.2003014087677,,,,,0,0,0.9,0.98,ORDERS_OPEN,,,,,,,,,,,,,,0,5,,,,,,,,,,,,,,,,,,,,,,,,,,,,0.0,0.0,,,,,0,0,,,Inv: 0.0/0.0 CapLeft: 50.0,,,0.0,0.0,0.0,50.0,50.0,0.0,50.0,0.9,0.09999999999999998,0.0,0.0,0.0,0.0,0.0,0.0,0.0,
1765994498.3015342,eth-updown-15m-1765994400,1765994400.0,1765995300.0,,801.6984658241272,,,,,0,0,0.9,0.98,ORDERS_OPEN,,,,,,,,,,,,,,0,5,,,,,,,,,,,,,,,,,,,,,,,,,,,,0.0,0.0,,,,,0,0,,,Inv: 0.0/0.0 CapLeft: 50.0,,,0.0,0.0,0.0,50.0,50.0,0.0,50.0,0.9,0.09999999999999998,0.0,0.0,0.0,0.0,0.0,0.0,0.0,
1765994501.3043432,eth-updown-15m-1765994400,1765994400.0,1765995300.0,,798.6956567764282,,,,,0.45,0.45,0.9,0.98,ORDERS_OPEN,,,,,,,,,,,,,,5,5,,,,,,,,,,,,,,,,,,,,Leg:BOTH UP:5 DOWN:5,,,,,,,,0.0,0.0,,,,,0,0,,,Inv: 0.0/0.0 CapLeft: 50.0,,,0.0,0.0,0.0,50.0,50.0,0.0,50.0,0.9,0.09999999999999998,0.0,0.0,0.0,0.0,0.0,0.0,0.0,
1765994502.8060105,eth-updown-15m-1765994400,1765994400.0,1765995300.0,,797.1939895153046,,,,,0,0,0.9,0.98,ORDERS_OPEN,,,,,,,,,,,,,,0,5,,,,,,,,,,,,,,,,,,,,,,,,,,,,0.0,0.0,,,,,0,0,,,Inv: 0.0/0.0 CapLeft: 50.0,,,0.0,0.0,0.0,50.0,50.0,0.0,50.0,0.9,0.09999999999999998,0.0,0.0,0.0,0.0,0.0,0.0,0.0,
1765994504.307234,eth-updown-15m-1765994400,1765994400.0,1765995300.0,,795.6927659511566,,,,,0,0,0.9,0.98,ORDERS_OPEN,,,,,,,,,,,,,,0,5,,,,,,,,,,,,,,,,,,,,,,,,,,,,0.0,0.0,,,,,0,0,,,Inv: 0.0/0.0 CapLeft: 50.0,,,0.0,0.0,0.0,50.0,50.0,0.0,50.0,0.9,0.09999999999999998,0.0,0.0,0.0,0.0,0.0,0.0,0.0,
1765994505.8089635,eth-updown-15m-1765994400,1765994400.0,1765995300.0,,794.1910364627838,,,,,0,0,0.9,0.98,ORDERS_OPEN,,,,,,,,,,,,,,0,5,,,,,,,,,,,,,,,,,,,,,,,,,,,,0.0,0.0,,,,,0,0,,,Inv: 0.0/0.0 CapLeft: 50.0,,,0.0,0.0,0.0,50.0,50.0,0.0,50.0,0.9,0.09999999999999998,0.0,0.0,0.0,0.0,0.0,0.0,0.0,
1765994507.3104484,eth-updown-15m-1765994400,1765994400.0,1765995300.0,,792.6895515918732,,,,,0,0,0.9,0.98,ORDERS_OPEN,,,,,,,,,,,,,,0,5,,,,,,,,,,,,,,,,,,,,,,,,,,,,0.0,0.0,,,,,0,0,,,Inv: 0.0/0.0 CapLeft: 50.0,,,0.0,0.0,0.0,50.0,50.0,0.0,50.0,0.9,0.09999999999999998,0.0,0.0,0.0,0.0,0.0,0.0,0.0,
1765994508.8122823,eth-updown-15m-1765994400,1765994400.0,1765995300.0,,791.1877176761627,,,,,0,0,0.9,0.98,ORDERS_OPEN,,,,,,,,,,,,,,0,5,,,,,,,,,,,,,,,,,,,,,,,,,,,,0.0,0.0,,,,,0,0,,,Inv: 0.0/0.0 CapLeft: 50.0,,,0.0,0.0,0.0,50.0,50.0,0.0,50.0,0.9,0.09999999999999998,0.0,0.0,0.0,0.0,0.0,0.0,0.0,
1765994510.3136716,eth-updown-15m-1765994400,1765994400.0,1765995300.0,,789.6863284111023,,,,,0,0,0.9,0.98,ORDERS_OPEN,,,,,,,,,,,,,,0,5,,,,,,,,,,,,,,,,,,,,,,,,,,,,0.0,0.0,,,,,0,0,,,Inv: 0.0/0.0 CapLeft: 50.0,,,0.0,0.0,0.0,50.0,50.0,0.0,50.0,0.9,0.09999999999999998,0.0,0.0,0.0,0.0,0.0,0.0,0.0,
1765994511.815228,eth-updown-15m-1765994400,1765994400.0,1765995300.0,,788.1847720146179,,,,,0,0,0.9,0.98,ORDERS_OPEN,,,,,,,,,,,,,,0,5,,,,,,,,,,,,,,,,,,,,,,,,,,,,0.0,0.0,,,,,0,0,,,Inv: 0.0/0.0 CapLeft: 50.0,,,0.0,0.0,0.0,50.0,50.0,0.0,50.0,0.9,0.09999999999999998,0.0,0.0,0.0,0.0,0.0,0.0,0.0,
1765994513.3167875,eth-updown-15m-1765994400,1765994400.0,1765995300.0,,786.683212518692,,,,,0,0,0.9,0.98,ORDERS_OPEN,,,,,,,,,,,,,,0,5,,,,,,,,,,,,,,,,,,,,,,,,,,,,0.0,0.0,,,,,0,0,,,Inv: 0.0/0.0 CapLeft: 50.0,,,0.0,0.0,0.0,50.0,50.0,0.0,50.0,0.9,0.09999999999999998,0.0,0.0,0.0,0.0,0.0,0.0,0.0,
1765994514.8185182,eth-updown-15m-1765994400,1765994400.0,1765995300.0,,785.1814818382263,,,,,0,0,0.9,0.98,ORDERS_OPEN,,,,,,,,,,,,,,0,5,,,,,,,,,,,,,,,,,,,,,,,,,,,,0.0,0.0,,,,,0,0,,,Inv: 0.0/0.0 CapLeft: 50.0,,,0.0,0.0,0.0,50.0,50.0,0.0,50.0,0.9,0.09999999999999998,0.0,0.0,0.0,0.0,0.0,0.0,0.0,
1765994517.820638,eth-updown-15m-1765994400,1765994400.0,1765995300.0,,782.1793620586395,,,,,0.45,0.45,0.9,0.98,ORDERS_OPEN,,,,,,,,,,,,,,5,5,,,,,,,,,,,,,,,,,,,,Leg:BOTH UP:5 DOWN:5,,,,,,,,0.0,0.0,,,,,0,0,,,Inv: 0.0/0.0 CapLeft: 50.0,,,0.0,0.0,0.0,50.0,50.0,0.0,50.0,0.9,0.09999999999999998,0.0,0.0,0.0,0.0,0.0,0.0,0.0,
1765994519.3222847,eth-updown-15m-1765994400,1765994400.0,1765995300.0,,780.6777153015137,,,,,0,0,0.9,0.98,ORDERS_OPEN,,,,,,,,,,,,,,0,5,,,,,,,,,,,,,,,,,,,,,,,,,,,,0.0,0.0,,,,,0,0,,,Inv: 0.0/0.0 CapLeft: 50.0,,,0.0,0.0,0.0,50.0,50.0,0.0,50.0,0.9,0.09999999999999998,0.0,0.0,0.0,0.0,0.0,0.0,0.0,
1765994520.8240037,eth-updown-15m-1765994400,1765994400.0,1765995300.0,,779.1759963035583,,,,,0,0,0.9,0.98,ORDERS_OPEN,,,,,,,,,,,,,,0,5,,,,,,,,,,,,,,,,,,,,,,,,,,,,0.0,0.0,,,,,0,0,,,Inv: 0.0/0.0 CapLeft: 50.0,,,0.0,0.0,0.0,50.0,50.0,0.0,50.0,0.9,0.09999999999999998,0.0,0.0,0.0,0.0,0.0,0.0,0.0,
1765994522.3252218,eth-updown-15m-1765994400,1765994400.0,1765995300.0,,777.6747782230377,,,,,0,0,0.9,0.98,ORDERS_OPEN,,,,,,,,,,,,,,0,5,,,,,,,,,,,,,,,,,,,,,,,,,,,,0.0,0.0,,,,,0,0,,,Inv: 0.0/0.0 CapLeft: 50.0,,,0.0,0.0,0.0,50.0,50.0,0.0,50.0,0.9,0.09999999999999998,0.0,0.0,0.0,0.0,0.0,0.0,0.0,
1765994523.8267505,eth-updown-15m-1765994400,1765994400.0,1765995300.0,,776.1732494831085,,,,,0,0,0.9,0.98,ORDERS_OPEN,,,,,,,,,,,,,,0,5,,,,,,,,,,,,,,,,,,,,,,,,,,,,0.0,0.0,,,,,0,0,,,Inv: 0.0/0.0 CapLeft: 50.0,,,0.0,0.0,0.0,50.0,50.0,0.0,50.0,0.9,0.09999999999999998,0.0,0.0,0.0,0.0,0.0,0.0,0.0,
1765994525.3286254,eth-updown-15m-1765994400,1765994400.0,1765995300.0,,774.6713745594025,,,,,0,0,0.9,0.98,ORDERS_OPEN,,,,,,,,,,,,,,0,5,,,,,,,,,,,,,,,,,,,,,,,,,,,,0.0,0.0,,,,,0,0,,,Inv: 0.0/0.0 CapLeft: 50.0,,,0.0,0.0,0.0,50.0,50.0,0.0,50.0,0.9,0.09999999999999998,0.0,0.0,0.0,0.0,0.0,0.0,0.0,
1765994526.8408277,eth-updown-15m-1765994400,1765994400.0,1765995300.0,,773.159172296524,,,,,0,0,0.9,0.98,ORDERS_OPEN,,,,,,,,,,,,,,0,5,,,,,,,,,,,,,,,,,,,,,,,,,,,,0.0,0.0,,,,,0,0,,,Inv: 0.0/0.0 CapLeft: 50.0,,,0.0,0.0,0.0,50.0,50.0,0.0,50.0,0.9,0.09999999999999998,0.0,0.0,0.0,0.0,0.0,0.0,0.0,
1765994528.3420994,eth-updown-15m-1765994400,1765994400.0,1765995300.0,,771.6579005718231,,,,,0,0,0.9,0.98,ORDERS_OPEN,,,,,,,,,,,,,,0,5,,,,,,,,,,,,,,,,,,,,,,,,,,,,0.0,0.0,,,,,0,0,,,Inv: 0.0/0.0 CapLeft: 50.0,,,0.0,0.0,0.0,50.0,50.0,0.0,50.0,0.9,0.09999999999999998,0.0,0.0,0.0,0.0,0.0,0.0,0.0,
1765994529.8433805,eth-updown-15m-1765994400,1765994400.0,1765995300.0,,770.1566195487976,,,,,0,0,0.9,0.98,ORDERS_OPEN,,,,,,,,,,,,,,0,5,,,,,,,,,,,,,,,,,,,,,,,,,,,,0.0,0.0,,,,,0,0,,,Inv: 0.0/0.0 CapLeft: 50.0,,,0.0,0.0,0.0,50.0,50.0,0.0,50.0,0.9,0.09999999999999998,0.0,0.0,0.0,0.0,0.0,0.0,0.0,
1765994531.3452003,eth-updown-15m-1765994400,1765994400.0,1765995300.0,,768.6547996997833,,,,,0,0,0.9,0.98,ORDERS_OPEN,,,,,,,,,,,,,,0,5,,,,,,,,,,,,,,,,,,,,,,,,,,,,0.0,0.0,,,,,0,0,,,Inv: 0.0/0.0 CapLeft: 50.0,,,0.0,0.0,0.0,50.0,50.0,0.0,50.0,0.9,0.09999999999999998,0.0,0.0,0.0,0.0,0.0,0.0,0.0,
1765994534.3489256,eth-updown-15m-1765994400,1765994400.0,1765995300.0,,765.6510744094849,,,,,0.45,0.45,0.9,0.98,ORDERS_OPEN,,,,,,,,,,,,,,5,5,,,,,,,,,,,,,,,,,,,,Leg:BOTH UP:5 DOWN:5,,,,,,,,0.0,0.0,,,,,0,0,,,Inv: 0.0/0.0 CapLeft: 50.0,,,0.0,0.0,0.0,50.0,50.0,0.0,50.0,0.9,0.09999999999999998,0.0,0.0,0.0,0.0,0.0,0.0,0.0,
1765994535.8511658,eth-updown-15m-1765994400,1765994400.0,1765995300.0,,764.1488342285156,,,,,0,0,0.9,0.98,ORDERS_OPEN,,,,,,,,,,,,,,0,5,,,,,,,,,,,,,,,,,,,,,,,,,,,,0.0,0.0,,,,,0,0,,,Inv: 0.0/0.0 CapLeft: 50.0,,,0.0,0.0,0.0,50.0,50.0,0.0,50.0,0.9,0.09999999999999998,0.0,0.0,0.0,0.0,0.0,0.0,0.0,
1765994537.3530443,eth-updown-15m-1765994400,1765994400.0,1765995300.0,,762.6469557285309,,,,,0,0,0.9,0.98,ORDERS_OPEN,,,,,,,,,,,,,,0,5,,,,,,,,,,,,,,,,,,,,,,,,,,,,0.0,0.0,,,,,0,0,,,Inv: 0.0/0.0 CapLeft: 50.0,,,0.0,0.0,0.0,50.0,50.0,0.0,50.0,0.9,0.09999999999999998,0.0,0.0,0.0,0.0,0.0,0.0,0.0,
1765994538.8546999,eth-updown-15m-1765994400,1765994400.0,1765995300.0,,761.1453001499176,,,,,0,0,0.9,0.98,ORDERS_OPEN,,,,,,,,,,,,,,0,5,,,,,,,,,,,,,,,,,,,,,,,,,,,,0.0,0.0,,,,,0,0,,,Inv: 0.0/0.0 CapLeft: 50.0,,,0.0,0.0,0.0,50.0,50.0,0.0,50.0,0.9,0.09999999999999998,0.0,0.0,0.0,0.0,0.0,0.0,0.0,
1765994540.3565352,eth-updown-15m-1765994400,1765994400.0,1765995300.0,,759.6434648036957,,,,,0,0,0.9,0.98,ORDERS_OPEN,,,,,,,,,,,,,,0,5,,,,,,,,,,,,,,,,,,,,,,,,,,,,0.0,0.0,,,,,0,0,,,Inv: 0.0/0.0 CapLeft: 50.0,,,0.0,0.0,0.0,50.0,50.0,0.0,50.0,0.9,0.09999999999999998,0.0,0.0,0.0,0.0,0.0,0.0,0.0,
1765994541.8579147,eth-updown-15m-1765994400,1765994400.0,1765995300.0,,758.142085313797,,,,,0,0,0.9,0.98,ORDERS_OPEN,,,,,,,,,,,,,,0,5,,,,,,,,,,,,,,,,,,,,,,,,,,,,0.0,0.0,,,,,0,0,,,Inv: 0.0/0.0 CapLeft: 50.0,,,0.0,0.0,0.0,50.0,50.0,0.0,50.0,0.9,0.09999999999999998,0.0,0.0,0.0,0.0,0.0,0.0,0.0,
1765994543.3593137,eth-updown-15m-1765994400,1765994400.0,1765995300.0,,756.6406862735748,,,,,0,0,0.9,0.98,ORDERS_OPEN,,,,,,,,,,,,,,0,5,,,,,,,,,,,,,,,,,,,,,,,,,,,,0.0,0.0,,,,,0,0,,,Inv: 0.0/0.0 CapLeft: 50.0,,,0.0,0.0,0.0,50.0,50.0,0.0,50.0,0.9,0.09999999999999998,0.0,0.0,0.0,0.0,0.0,0.0,0.0,
1765994544.8611615,eth-updown-15m-1765994400,1765994400.0,1765995300.0,,755.1388385295868,,,,,0,0,0.9,0.98,ORDERS_OPEN,,,,,,,,,,,,,,0,5,,,,,,,,,,,,,,,,,,,,,,,,,,,,0.0,0.0,,,,,0,0,,,Inv: 0.0/0.0 CapLeft: 50.0,,,0.0,0.0,0.0,50.0,50.0,0.0,50.0,0.9,0.09999999999999998,0.0,0.0,0.0,0.0,0.0,0.0,0.0,
1765994546.3626957,eth-updown-15m-1765994400,1765994400.0,1765995300.0,,753.6373043060303,,,,,0,0,0.9,0.98,ORDERS_OPEN,,,,,,,,,,,,,,0,5,,,,,,,,,,,,,,,,,,,,,,,,,,,,0.0,0.0,,,,,0,0,,,Inv: 0.0/0.0 CapLeft: 50.0,,,0.0,0.0,0.0,50.0,50.0,0.0,50.0,0.9,0.09999999999999998,0.0,0.0,0.0,0.0,0.0,0.0,0.0,
1765994547.864374,eth-updown-15m-1765994400,1765994400.0,1765995300.0,,752.135626077652,,,,,0,0,0.9,0.98,ORDERS_OPEN,,,,,,,,,,,,,,0,5,,,,,,,,,,,,,,,,,,,,,,,,,,,,0.0,0.0,,,,,0,0,,,Inv: 0.0/0.0 CapLeft: 50.0,,,0.0,0.0,0.0,50.0,50.0,0.0,50.0,0.9,0.09999999999999998,0.0,0.0,0.0,0.0,0.0,0.0,0.0,
1765994550.8669236,eth-updown-15m-1765994400,1765994400.0,1765995300.0,,749.1330764293671,,,,,0.45,0.45,0.9,0.98,ORDERS_OPEN,,,,,,,,,,,,,,5,5,,,,,,,,,,,,,,,,,,,,Leg:BOTH UP:5 DOWN:5,,,,,,,,0.0,0.0,,,,,0,0,,,Inv: 0.0/0.0 CapLeft: 50.0,,,0.0,0.0,0.0,50.0,50.0,0.0,50.0,0.9,0.09999999999999998,0.0,0.0,0.0,0.0,0.0,0.0,0.0,
1765994552.3685486,eth-updown-15m-1765994400,1765994400.0,1765995300.0,,747.6314513683319,,,,,0,0,0.9,0.98,ORDERS_OPEN,,,,,,,,,,,,,,0,5,,,,,,,,,,,,,,,,,,,,,,,,,,,,0.0,0.0,,,,,0,0,,,Inv: 0.0/0.0 CapLeft: 50.0,,,0.0,0.0,0.0,50.0,50.0,0.0,50.0,0.9,0.09999999999999998,0.0,0.0,0.0,0.0,0.0,0.0,0.0,
1765994553.8705406,eth-updown-15m-1765994400,1765994400.0,1765995300.0,,746.1294593811035,,,,,0,0,0.9,0.98,ORDERS_OPEN,,,,,,,,,,,,,,0,5,,,,,,,,,,,,,,,,,,,,,,,,,,,,0.0,0.0,,,,,0,0,,,Inv: 0.0/0.0 CapLeft: 50.0,,,0.0,0.0,0.0,50.0,50.0,0.0,50.0,0.9,0.09999999999999998,0.0,0.0,0.0,0.0,0.0,0.0,0.0,
1765994555.3717847,eth-updown-15m-1765994400,1765994400.0,1765995300.0,,744.6282153129578,,,,,0,0,0.9,0.98,ORDERS_OPEN,,,,,,,,,,,,,,0,5,,,,,,,,,,,,,,,,,,,,,,,,,,,,0.0,0.0,,,,,0,0,,,Inv: 0.0/0.0 CapLeft: 50.0,,,0.0,0.0,0.0,50.0,50.0,0.0,50.0,0.9,0.09999999999999998,0.0,0.0,0.0,0.0,0.0,0.0,0.0,
1765994556.8737004,eth-updown-15m-1765994400,1765994400.0,1765995300.0,,743.1262996196747,,,,,0,0,0.9,0.98,ORDERS_OPEN,,,,,,,,,,,,,,0,5,,,,,,,,,,,,,,,,,,,,,,,,,,,,0.0,0.0,,,,,0,0,,,Inv: 0.0/0.0 CapLeft: 50.0,,,0.0,0.0,0.0,50.0,50.0,0.0,50.0,0.9,0.09999999999999998,0.0,0.0,0.0,0.0,0.0,0.0,0.0,
1765994558.3749292,eth-updown-15m-1765994400,1765994400.0,1765995300.0,,741.625070810318,,,,,0,0,0.9,0.98,ORDERS_OPEN,,,,,,,,,,,,,,0,5,,,,,,,,,,,,,,,,,,,,,,,,,,,,0.0,0.0,,,,,0,0,,,Inv: 0.0/0.0 CapLeft: 50.0,,,0.0,0.0,0.0,50.0,50.0,0.0,50.0,0.9,0.09999999999999998,0.0,0.0,0.0,0.0,0.0,0.0,0.0,
1765994559.876333,eth-updown-15m-1765994400,1765994400.0,1765995300.0,,740.1236670017242,,,,,0,0,0.9,0.98,ORDERS_OPEN,,,,,,,,,,,,,,0,5,,,,,,,,,,,,,,,,,,,,,,,,,,,,0.0,0.0,,,,,0,0,,,Inv: 0.0/0.0 CapLeft: 50.0,,,0.0,0.0,0.0,50.0,50.0,0.0,50.0,0.9,0.09999999999999998,0.0,0.0,0.0,0.0,0.0,0.0,0.0,
1765994561.3776689,eth-updown-15m-1765994400,1765994400.0,1765995300.0,,738.6223311424255,,,,,0,0,0.9,0.98,ORDERS_OPEN,,,,,,,,,,,,,,0,5,,,,,,,,,,,,,,,,,,,,,,,,,,,,0.0,0.0,,,,,0,0,,,Inv: 0.0/0.0 CapLeft: 50.0,,,0.0,0.0,0.0,50.0,50.0,0.0,50.0,0.9,0.09999999999999998,0.0,0.0,0.0,0.0,0.0,0.0,0.0,
1765994562.8801816,eth-updown-15m-1765994400,1765994400.0,1765995300.0,,737.1198184490204,,,,,0,0,0.9,0.98,ORDERS_OPEN,,,,,,,,,,,,,,0,5,,,,,,,,,,,,,,,,,,,,,,,,,,,,0.0,0.0,,,,,0,0,,,Inv: 0.0/0.0 CapLeft: 50.0,,,0.0,0.0,0.0,50.0,50.0,0.0,50.0,0.9,0.09999999999999998,0.0,0.0,0.0,0.0,0.0,0.0,0.0,
1765994564.381745,eth-updown-15m-1765994400,1765994400.0,1765995300.0,,735.6182548999786,,,,,0,0,0.9,0.98,ORDERS_OPEN,,,,,,,,,,,,,,0,5,,,,,,,,,,,,,,,,,,,,,,,,,,,,0.0,0.0,,,,,0,0,,,Inv: 0.0/0.0 CapLeft: 50.0,,,0.0,0.0,0.0,50.0,50.0,0.0,50.0,0.9,0.09999999999999998,0.0,0.0,0.0,0.0,0.0,0.0,0.0,
1765994567.3843718,eth-updown-15m-1765994400,1765994400.0,1765995300.0,,732.6156282424927,,,,,0.45,0.45,0.9,0.98,ORDERS_OPEN,,,,,,,,,,,,,,5,5,,,,,,,,,,,,,,,,,,,,Leg:BOTH UP:5 DOWN:5,,,,,,,,0.0,0.0,,,,,0,0,,,Inv: 0.0/0.0 CapLeft: 50.0,,,0.0,0.0,0.0,50.0,50.0,0.0,50.0,0.9,0.09999999999999998,0.0,0.0,0.0,0.0,0.0,0.0,0.0,
1765994568.88562,eth-updown-15m-1765994400,1765994400.0,1765995300.0,,731.1143798828125,,,,,0,0,0.9,0.98,ORDERS_OPEN,,,,,,,,,,,,,,0,5,,,,,,,,,,,,,,,,,,,,,,,,,,,,0.0,0.0,,,,,0,0,,,Inv: 0.0/0.0 CapLeft: 50.0,,,0.0,0.0,0.0,50.0,50.0,0.0,50.0,0.9,0.09999999999999998,0.0,0.0,0.0,0.0,0.0,0.0,0.0,
1765994570.387203,eth-updown-15m-1765994400,1765994400.0,1765995300.0,,729.6127970218658,,,,,0,0,0.9,0.98,ORDERS_OPEN,,,,,,,,,,,,,,0,5,,,,,,,,,,,,,,,,,,,,,,,,,,,,0.0,0.0,,,,,0,0,,,Inv: 0.0/0.0 CapLeft: 50.0,,,0.0,0.0,0.0,50.0,50.0,0.0,50.0,0.9,0.09999999999999998,0.0,0.0,0.0,0.0,0.0,0.0,0.0,
1765994571.888586,eth-updown-15m-1765994400,1765994400.0,1765995300.0,,728.1114139556885,,,,,0,0,0.9,0.98,ORDERS_OPEN,,,,,,,,,,,,,,0,5,,,,,,,,,,,,,,,,,,,,,,,,,,,,0.0,0.0,,,,,0,0,,,Inv: 0.0/0.0 CapLeft: 50.0,,,0.0,0.0,0.0,50.0,50.0,0.0,50.0,0.9,0.09999999999999998,0.0,0.0,0.0,0.0,0.0,0.0,0.0,
1765994573.3907404,eth-updown-15m-1765994400,1765994400.0,1765995300.0,,726.6092596054077,,,,,0,0,0.9,0.98,ORDERS_OPEN,,,,,,,,,,,,,,0,5,,,,,,,,,,,,,,,,,,,,,,,,,,,,0.0,0.0,,,,,0,0,,,Inv: 0.0/0.0 CapLeft: 50.0,,,0.0,0.0,0.0,50.0,50.0,0.0,50.0,0.9,0.09999999999999998,0.0,0.0,0.0,0.0,0.0,0.0,0.0,
1765994574.8927436,eth-updown-15m-1765994400,1765994400.0,1765995300.0,,725.1072564125061,,,,,0,0,0.9,0.98,ORDERS_OPEN,,,,,,,,,,,,,,0,5,,,,,,,,,,,,,,,,,,,,,,,,,,,,0.0,0.0,,,,,0,0,,,Inv: 0.0/0.0 CapLeft: 50.0,,,0.0,0.0,0.0,50.0,50.0,0.0,50.0,0.9,0.09999999999999998,0.0,0.0,0.0,0.0,0.0,0.0,0.0,
1765994576.3947136,eth-updown-15m-1765994400,1765994400.0,1765995300.0,,723.605286359787,,,,,0,0,0.9,0.98,ORDERS_OPEN,,,,,,,,,,,,,,0,5,,,,,,,,,,,,,,,,,,,,,,,,,,,,0.0,0.0,,,,,0,0,,,Inv: 0.0/0.0 CapLeft: 50.0,,,0.0,0.0,0.0,50.0,50.0,0.0,50.0,0.9,0.09999999999999998,0.0,0.0,0.0,0.0,0.0,0.0,0.0,
1765994577.8967917,eth-updown-15m-1765994400,1765994400.0,1765995300.0,,722.1032083034515,,,,,0,0,0.9,0.98,ORDERS_OPEN,,,,,,,,,,,,,,0,5,,,,,,,,,,,,,,,,,,,,,,,,,,,,0.0,0.0,,,,,0,0,,,Inv: 0.0/0.0 CapLeft: 50.0,,,0.0,0.0,0.0,50.0,50.0,0.0,50.0,0.9,0.09999999999999998,0.0,0.0,0.0,0.0,0.0,0.0,0.0,
1765994579.3978004,eth-updown-15m-1765994400,1765994400.0,1765995300.0,,720.6021995544434,,,,,0,0,0.9,0.98,ORDERS_OPEN,,,,,,,,,,,,,,0,5,,,,,,,,,,,,,,,,,,,,,,,,,,,,0.0,0.0,,,,,0,0,,,Inv: 0.0/0.0 CapLeft: 50.0,,,0.0,0.0,0.0,50.0,50.0,0.0,50.0,0.9,0.09999999999999998,0.0,0.0,0.0,0.0,0.0,0.0,0.0,
1765994580.8993626,eth-updown-15m-1765994400,1765994400.0,1765995300.0,,719.1006374359131,,,,,0,0,0.9,0.98,ORDERS_OPEN,,,,,,,,,,,,,,0,5,,,,,,,,,,,,,,,,,,,,,,,,,,,,0.0,0.0,,,,,0,0,,,Inv: 0.0/0.0 CapLeft: 50.0,,,0.0,0.0,0.0,50.0,50.0,0.0,50.0,0.9,0.09999999999999998,0.0,0.0,0.0,0.0,0.0,0.0,0.0,
1765994583.9018238,eth-updown-15m-1765994400,1765994400.0,1765995300.0,,716.098176240921,,,,,0.45,0.45,0.9,0.98,ORDERS_OPEN,,,,,,,,,,,,,,5,5,,,,,,,,,,,,,,,,,,,,Leg:BOTH UP:5 DOWN:5,,,,,,,,0.0,0.0,,,,,0,0,,,Inv: 0.0/0.0 CapLeft: 50.0,,,0.0,0.0,0.0,50.0,50.0,0.0,50.0,0.9,0.09999999999999998,0.0,0.0,0.0,0.0,0.0,0.0,0.0,
1765994585.4033883,eth-updown-15m-1765994400,1765994400.0,1765995300.0,,714.596611738205,,,,,0,0,0.9,0.98,ORDERS_OPEN,,,,,,,,,,,,,,0,5,,,,,,,,,,,,,,,,,,,,,,,,,,,,0.0,0.0,,,,,0,0,,,Inv: 0.0/0.0 CapLeft: 50.0,,,0.0,0.0,0.0,50.0,50.0,0.0,50.0,0.9,0.09999999999999998,0.0,0.0,0.0,0.0,0.0,0.0,0.0,
1765994586.9052248,eth-updown-15m-1765994400,1765994400.0,1765995300.0,,713.0947751998901,,,,,0,0,0.9,0.98,ORDERS_OPEN,,,,,,,,,,,,,,0,5,,,,,,,,,,,,,,,,,,,,,,,,,,,,0.0,0.0,,,,,0,0,,,Inv: 0.0/0.0 CapLeft: 50.0,,,0.0,0.0,0.0,50.0,50.0,0.0,50.0,0.9,0.09999999999999998,0.0,0.0,0.0,0.0,0.0,0.0,0.0,
1765994588.4064248,eth-updown-15m-1765994400,1765994400.0,1765995300.0,,711.5935752391815,,,,,0,0,0.9,0.98,ORDERS_OPEN,,,,,,,,,,,,,,0,5,,,,,,,,,,,,,,,,,,,,,,,,,,,,0.0,0.0,,,,,0,0,,,Inv: 0.0/0.0 CapLeft: 50.0,,,0.0,0.0,0.0,50.0,50.0,0.0,50.0,0.9,0.09999999999999998,0.0,0.0,0.0,0.0,0.0,0.0,0.0,
1765994589.9169214,eth-updown-15m-1765994400,1765994400.0,1765995300.0,,710.083078622818,,,,,0,0,0.9,0.98,ORDERS_OPEN,,,,,,,,,,,,,,0,5,,,,,,,,,,,,,,,,,,,,,,,,,,,,0.0,0.0,,,,,0,0,,,Inv: 0.0/0.0 CapLeft: 50.0,,,0.0,0.0,0.0,50.0,50.0,0.0,50.0,0.9,0.09999999999999998,0.0,0.0,0.0,0.0,0.0,0.0,0.0,
1765994591.4184778,eth-updown-15m-1765994400,1765994400.0,1765995300.0,,708.5815222263336,,,,,0,0,0.9,0.98,ORDERS_OPEN,,,,,,,,,,,,,,0,5,,,,,,,,,,,,,,,,,,,,,,,,,,,,0.0,0.0,,,,,0,0,,,Inv: 0.0/0.0 CapLeft: 50.0,,,0.0,0.0,0.0,50.0,50.0,0.0,50.0,0.9,0.09999999999999998,0.0,0.0,0.0,0.0,0.0,0.0,0.0,
1765994592.919803,eth-updown-15m-1765994400,1765994400.0,1765995300.0,,707.080197095871,,,,,0,0,0.9,0.98,ORDERS_OPEN,,,,,,,,,,,,,,0,5,,,,,,,,,,,,,,,,,,,,,,,,,,,,0.0,0.0,,,,,0,0,,,Inv: 0.0/0.0 CapLeft: 50.0,,,0.0,0.0,0.0,50.0,50.0,0.0,50.0,0.9,0.09999999999999998,0.0,0.0,0.0,0.0,0.0,0.0,0.0,
1765994594.4209683,eth-updown-15m-1765994400,1765994400.0,1765995300.0,,705.5790317058563,,,,,0,0,0.9,0.98,ORDERS_OPEN,,,,,,,,,,,,,,0,5,,,,,,,,,,,,,,,,,,,,,,,,,,,,0.0,0.0,,,,,0,0,,,Inv: 0.0/0.0 CapLeft: 50.0,,,0.0,0.0,0.0,50.0,50.0,0.0,50.0,0.9,0.09999999999999998,0.0,0.0,0.0,0.0,0.0,0.0,0.0,
1765994595.9221685,eth-updown-15m-1765994400,1765994400.0,1765995300.0,,704.0778315067291,,,,,0,0,0.9,0.98,ORDERS_OPEN,,,,,,,,,,,,,,0,5,,,,,,,,,,,,,,,,,,,,,,,,,,,,0.0,0.0,,,,,0,0,,,Inv: 0.0/0.0 CapLeft: 50.0,,,0.0,0.0,0.0,50.0,50.0,0.0,50.0,0.9,0.09999999999999998,0.0,0.0,0.0,0.0,0.0,0.0,0.0,
1765994597.4234233,eth-updown-15m-1765994400,1765994400.0,1765995300.0,,702.5765767097473,,,,,0,0,0.9,0.98,ORDERS_OPEN,,,,,,,,,,,,,,0,5,,,,,,,,,,,,,,,,,,,,,,,,,,,,0.0,0.0,,,,,0,0,,,Inv: 0.0/0.0 CapLeft: 50.0,,,0.0,0.0,0.0,50.0,50.0,0.0,50.0,0.9,0.09999999999999998,0.0,0.0,0.0,0.0,0.0,0.0,0.0,
1765994600.426602,eth-updown-15m-1765994400,1765994400.0,1765995300.0,,699.5733981132507,,,,,0.45,0.45,0.9,0.98,ORDERS_OPEN,,,,,,,,,,,,,,5,5,,,,,,,,,,,,,,,,,,,,Leg:BOTH UP:5 DOWN:5,,,,,,,,0.0,0.0,,,,,0,0,,,Inv: 0.0/0.0 CapLeft: 50.0,,,0.0,0.0,0.0,50.0,50.0,0.0,50.0,0.9,0.09999999999999998,0.0,0.0,0.0,0.0,0.0,0.0,0.0,
1765994601.927681,eth-updown-15m-1765994400,1765994400.0,1765995300.0,,698.0723190307617,,,,,0,0,0.9,0.98,ORDERS_OPEN,,,,,,,,,,,,,,0,5,,,,,,,,,,,,,,,,,,,,,,,,,,,,0.0,0.0,,,,,0,0,,,Inv: 0.0/0.0 CapLeft: 50.0,,,0.0,0.0,0.0,50.0,50.0,0.0,50.0,0.9,0.09999999999999998,0.0,0.0,0.0,0.0,0.0,0.0,0.0,
1765994603.4291947,eth-updown-15m-1765994400,1765994400.0,1765995300.0,,696.570805311203,,,,,0,0,0.9,0.98,ORDERS_OPEN,,,,,,,,,,,,,,0,5,,,,,,,,,,,,,,,,,,,,,,,,,,,,0.0,0.0,,,,,0,0,,,Inv: 0.0/0.0 CapLeft: 50.0,,,0.0,0.0,0.0,50.0,50.0,0.0,50.0,0.9,0.09999999999999998,0.0,0.0,0.0,0.0,0.0,0.0,0.0,
1765994604.9307775,eth-updown-15m-1765994400,1765994400.0,1765995300.0,,695.0692224502563,,,,,0,0,0.9,0.98,ORDERS_OPEN,,,,,,,,,,,,,,0,5,,,,,,,,,,,,,,,,,,,,,,,,,,,,0.0,0.0,,,,,0,0,,,Inv: 0.0/0.0 CapLeft: 50.0,,,0.0,0.0,0.0,50.0,50.0,0.0,50.0,0.9,0.09999999999999998,0.0,0.0,0.0,0.0,0.0,0.0,0.0,
1765994606.4325323,eth-updown-15m-1765994400,1765994400.0,1765995300.0,,693.5674676895142,,,,,0,0,0.9,0.98,ORDERS_OPEN,,,,,,,,,,,,,,0,5,,,,,,,,,,,,,,,,,,,,,,,,,,,,0.0,0.0,,,,,0,0,,,Inv: 0.0/0.0 CapLeft: 50.0,,,0.0,0.0,0.0,50.0,50.0,0.0,50.0,0.9,0.09999999999999998,0.0,0.0,0.0,0.0,0.0,0.0,0.0,
1765994607.9352918,eth-updown-15m-1765994400,1765994400.0,1765995300.0,,692.0647082328796,,,,,0,0,0.9,0.98,ORDERS_OPEN,,,,,,,,,,,,,,0,5,,,,,,,,,,,,,,,,,,,,,,,,,,,,0.0,0.0,,,,,0,0,,,Inv: 0.0/0.0 CapLeft: 50.0,,,0.0,0.0,0.0,50.0,50.0,0.0,50.0,0.9,0.09999999999999998,0.0,0.0,0.0,0.0,0.0,0.0,0.0,
1765994609.4388523,eth-updown-15m-1765994400,1765994400.0,1765995300.0,,690.5611476898193,,,,,0,0,0.9,0.98,ORDERS_OPEN,,,,,,,,,,,,,,0,5,,,,,,,,,,,,,,,,,,,,,,,,,,,,0.0,0.0,,,,,0,0,,,Inv: 0.0/0.0 CapLeft: 50.0,,,0.0,0.0,0.0,50.0,50.0,0.0,50.0,0.9,0.09999999999999998,0.0,0.0,0.0,0.0,0.0,0.0,0.0,
1765994610.9404702,eth-updown-15m-1765994400,1765994400.0,1765995300.0,,689.0595297813416,,,,,0,0,0.9,0.98,ORDERS_OPEN,,,,,,,,,,,,,,0,5,,,,,,,,,,,,,,,,,,,,,,,,,,,,0.0,0.0,,,,,0,0,,,Inv: 0.0/0.0 CapLeft: 50.0,,,0.0,0.0,0.0,50.0,50.0,0.0,50.0,0.9,0.09999999999999998,0.0,0.0,0.0,0.0,0.0,0.0,0.0,
1765994612.4420197,eth-updown-15m-1765994400,1765994400.0,1765995300.0,,687.557980298996,,,,,0,0,0.9,0.98,ORDERS_OPEN,,,,,,,,,,,,,,0,5,,,,,,,,,,,,,,,,,,,,,,,,,,,,0.0,0.0,,,,,0,0,,,Inv: 0.0/0.0 CapLeft: 50.0,,,0.0,0.0,0.0,50.0,50.0,0.0,50.0,0.9,0.09999999999999998,0.0,0.0,0.0,0.0,0.0,0.0,0.0,
1765994613.9431956,eth-updown-15m-1765994400,1765994400.0,1765995300.0,,686.0568044185638,,,,,0,0,0.9,0.98,ORDERS_OPEN,,,,,,,,,,,,,,0,5,,,,,,,,,,,,,,,,,,,,,,,,,,,,0.0,0.0,,,,,0,0,,,Inv: 0.0/0.0 CapLeft: 50.0,,,0.0,0.0,0.0,50.0,50.0,0.0,50.0,0.9,0.09999999999999998,0.0,0.0,0.0,0.0,0.0,0.0,0.0,
1765994616.946204,eth-updown-15m-1765994400,1765994400.0,1765995300.0,,683.0537960529327,,,,,0.45,0.45,0.9,0.98,ORDERS_OPEN,,,,,,,,,,,,,,5,5,,,,,,,,,,,,,,,,,,,,Leg:BOTH UP:5 DOWN:5,,,,,,,,0.0,0.0,,,,,0,0,,,Inv: 0.0/0.0 CapLeft: 50.0,,,0.0,0.0,0.0,50.0,50.0,0.0,50.0,0.9,0.09999999999999998,0.0,0.0,0.0,0.0,0.0,0.0,0.0,
1765994618.4479969,eth-updown-15m-1765994400,1765994400.0,1765995300.0,,681.5520031452179,,,,,0,0,0.9,0.98,ORDERS_OPEN,,,,,,,,,,,,,,0,5,,,,,,,,,,,,,,,,,,,,,,,,,,,,0.0,0.0,,,,,0,0,,,Inv: 0.0/0.0 CapLeft: 50.0,,,0.0,0.0,0.0,50.0,50.0,0.0,50.0,0.9,0.09999999999999998,0.0,0.0,0.0,0.0,0.0,0.0,0.0,
1765994619.9497142,eth-updown-15m-1765994400,1765994400.0,1765995300.0,,680.0502858161926,,,,,0,0,0.9,0.98,ORDERS_OPEN,,,,,,,,,,,,,,0,5,,,,,,,,,,,,,,,,,,,,,,,,,,,,0.0,0.0,,,,,0,0,,,Inv: 0.0/0.0 CapLeft: 50.0,,,0.0,0.0,0.0,50.0,50.0,0.0,50.0,0.9,0.09999999999999998,0.0,0.0,0.0,0.0,0.0,0.0,0.0,
1765994621.4525883,eth-updown-15m-1765994400,1765994400.0,1765995300.0,,678.5474116802216,,,,,0,0,0.9,0.98,ORDERS_OPEN,,,,,,,,,,,,,,0,5,,,,,,,,,,,,,,,,,,,,,,,,,,,,0.0,0.0,,,,,0,0,,,Inv: 0.0/0.0 CapLeft: 50.0,,,0.0,0.0,0.0,50.0,50.0,0.0,50.0,0.9,0.09999999999999998,0.0,0.0,0.0,0.0,0.0,0.0,0.0,
1765994622.953929,eth-updown-15m-1765994400,1765994400.0,1765995300.0,,677.0460710525513,,,,,0,0,0.9,0.98,ORDERS_OPEN,,,,,,,,,,,,,,0,5,,,,,,,,,,,,,,,,,,,,,,,,,,,,0.0,0.0,,,,,0,0,,,Inv: 0.0/0.0 CapLeft: 50.0,,,0.0,0.0,0.0,50.0,50.0,0.0,50.0,0.9,0.09999999999999998,0.0,0.0,0.0,0.0,0.0,0.0,0.0,
1765994624.4564044,eth-updown-15m-1765994400,1765994400.0,1765995300.0,,675.5435955524445,,,,,0,0,0.9,0.98,ORDERS_OPEN,,,,,,,,,,,,,,0,5,,,,,,,,,,,,,,,,,,,,,,,,,,,,0.0,0.0,,,,,0,0,,,Inv: 0.0/0.0 CapLeft: 50.0,,,0.0,0.0,0.0,50.0,50.0,0.0,50.0,0.9,0.09999999999999998,0.0,0.0,0.0,0.0,0.0,0.0,0.0,
1765994625.9577823,eth-updown-15m-1765994400,1765994400.0,1765995300.0,,674.0422177314758,,,,,0,0,0.9,0.98,ORDERS_OPEN,,,,,,,,,,,,,,0,5,,,,,,,,,,,,,,,,,,,,,,,,,,,,0.0,0.0,,,,,0,0,,,Inv: 0.0/0.0 CapLeft: 50.0,,,0.0,0.0,0.0,50.0,50.0,0.0,50.0,0.9,0.09999999999999998,0.0,0.0,0.0,0.0,0.0,0.0,0.0,
1765994627.4596279,eth-updown-15m-1765994400,1765994400.0,1765995300.0,,672.540372133255,,,,,0,0,0.9,0.98,ORDERS_OPEN,,,,,,,,,,,,,,0,5,,,,,,,,,,,,,,,,,,,,,,,,,,,,0.0,0.0,,,,,0,0,,,Inv: 0.0/0.0 CapLeft: 50.0,,,0.0,0.0,0.0,50.0,50.0,0.0,50.0,0.9,0.09999999999999998,0.0,0.0,0.0,0.0,0.0,0.0,0.0,
1765994628.960681,eth-updown-15m-1765994400,1765994400.0,1765995300.0,,671.0393190383911,,,,,0,0,0.9,0.98,ORDERS_OPEN,,,,,,,,,,,,,,0,5,,,,,,,,,,,,,,,,,,,,,,,,,,,,0.0,0.0,,,,,0,0,,,Inv: 0.0/0.0 CapLeft: 50.0,,,0.0,0.0,0.0,50.0,50.0,0.0,50.0,0.9,0.09999999999999998,0.0,0.0,0.0,0.0,0.0,0.0,0.0,
1765994630.4622993,eth-updown-15m-1765994400,1765994400.0,1765995300.0,,669.5377006530762,,,,,0,0,0.9,0.98,ORDERS_OPEN,,,,,,,,,,,,,,0,5,,,,,,,,,,,,,,,,,,,,,,,,,,,,0.0,0.0,,,,,0,0,,,Inv: 0.0/0.0 CapLeft: 50.0,,,0.0,0.0,0.0,50.0,50.0,0.0,50.0,0.9,0.09999999999999998,0.0,0.0,0.0,0.0,0.0,0.0,0.0,
1765994633.4666674,eth-updown-15m-1765994400,1765994400.0,1765995300.0,,666.5333325862885,,,,,0.45,0.45,0.9,0.98,ORDERS_OPEN,,,,,,,,,,,,,,5,5,,,,,,,,,,,,,,,,,,,,Leg:BOTH UP:5 DOWN:5,,,,,,,,0.0,0.0,,,,,0,0,,,Inv: 0.0/0.0 CapLeft: 50.0,,,0.0,0.0,0.0,50.0,50.0,0.0,50.0,0.9,0.09999999999999998,0.0,0.0,0.0,0.0,0.0,0.0,0.0,
1765994634.9684045,eth-updown-15m-1765994400,1765994400.0,1765995300.0,,665.0315954685211,,,,,0,0,0.9,0.98,ORDERS_OPEN,,,,,,,,,,,,,,0,5,,,,,,,,,,,,,,,,,,,,,,,,,,,,0.0,0.0,,,,,0,0,,,Inv: 0.0/0.0 CapLeft: 50.0,,,0.0,0.0,0.0,50.0,50.0,0.0,50.0,0.9,0.09999999999999998,0.0,0.0,0.0,0.0,0.0,0.0,0.0,
1765994636.4694815,eth-updown-15m-1765994400,1765994400.0,1765995300.0,,663.5305185317993,,,,,0,0,0.9,0.98,ORDERS_OPEN,,,,,,,,,,,,,,0,5,,,,,,,,,,,,,,,,,,,,,,,,,,,,0.0,0.0,,,,,0,0,,,Inv: 0.0/0.0 CapLeft: 50.0,,,0.0,0.0,0.0,50.0,50.0,0.0,50.0,0.9,0.09999999999999998,0.0,0.0,0.0,0.0,0.0,0.0,0.0,
1765994637.9710062,eth-updown-15m-1765994400,1765994400.0,1765995300.0,,662.028993844986,,,,,0,0,0.9,0.98,ORDERS_OPEN,,,,,,,,,,,,,,0,5,,,,,,,,,,,,,,,,,,,,,,,,,,,,0.0,0.0,,,,,0,0,,,Inv: 0.0/0.0 CapLeft: 50.0,,,0.0,0.0,0.0,50.0,50.0,0.0,50.0,0.9,0.09999999999999998,0.0,0.0,0.0,0.0,0.0,0.0,0.0,
1765994639.4726474,eth-updown-15m-1765994400,1765994400.0,1765995300.0,,660.5273525714874,,,,,0,0,0.9,0.98,ORDERS_OPEN,,,,,,,,,,,,,,0,5,,,,,,,,,,,,,,,,,,,,,,,,,,,,0.0,0.0,,,,,0,0,,,Inv: 0.0/0.0 CapLeft: 50.0,,,0.0,0.0,0.0,50.0,50.0,0.0,50.0,0.9,0.09999999999999998,0.0,0.0,0.0,0.0,0.0,0.0,0.0,
1765994640.9736793,eth-updown-15m-1765994400,1765994400.0,1765995300.0,,659.0263206958771,,,,,0,0,0.9,0.98,ORDERS_OPEN,,,,,,,,,,,,,,0,5,,,,,,,,,,,,,,,,,,,,,,,,,,,,0.0,0.0,,,,,0,0,,,Inv: 0.0/0.0 CapLeft: 50.0,,,0.0,0.0,0.0,50.0,50.0,0.0,50.0,0.9,0.09999999999999998,0.0,0.0,0.0,0.0,0.0,0.0,0.0,
1765994642.4750621,eth-updown-15m-1765994400,1765994400.0,1765995300.0,,657.5249378681183,,,,,0,0,0.9,0.98,ORDERS_OPEN,,,,,,,,,,,,,,0,5,,,,,,,,,,,,,,,,,,,,,,,,,,,,0.0,0.0,,,,,0,0,,,Inv: 0.0/0.0 CapLeft: 50.0,,,0.0,0.0,0.0,50.0,50.0,0.0,50.0,0.9,0.09999999999999998,0.0,0.0,0.0,0.0,0.0,0.0,0.0,
1765994643.9762027,eth-updown-15m-1765994400,1765994400.0,1765995300.0,,656.0237972736359,,,,,0,0,0.9,0.98,ORDERS_OPEN,,,,,,,,,,,,,,0,5,,,,,,,,,,,,,,,,,,,,,,,,,,,,0.0,0.0,,,,,0,0,,,Inv: 0.0/0.0 CapLeft: 50.0,,,0.0,0.0,0.0,50.0,50.0,0.0,50.0,0.9,0.09999999999999998,0.0,0.0,0.0,0.0,0.0,0.0,0.0,
1765994645.4774046,eth-updown-15m-1765994400,1765994400.0,1765995300.0,,654.5225954055786,,,,,0,0,0.9,0.98,ORDERS_OPEN,,,,,,,,,,,,,,0,5,,,,,,,,,,,,,,,,,,,,,,,,,,,,0.0,0.0,,,,,0,0,,,Inv: 0.0/0.0 CapLeft: 50.0,,,0.0,0.0,0.0,50.0,50.0,0.0,50.0,0.9,0.09999999999999998,0.0,0.0,0.0,0.0,0.0,0.0,0.0,
1765994646.9787903,eth-updown-15m-1765994400,1765994400.0,1765995300.0,,653.0212097167969,,,,,0,0,0.9,0.98,ORDERS_OPEN,,,,,,,,,,,,,,0,5,,,,,,,,,,,,,,,,,,,,,,,,,,,,0.0,0.0,,,,,0,0,,,Inv: 0.0/0.0 CapLeft: 50.0,,,0.0,0.0,0.0,50.0,50.0,0.0,50.0,0.9,0.09999999999999998,0.0,0.0,0.0,0.0,0.0,0.0,0.0,
1765994649.9807913,eth-updown-15m-1765994400,1765994400.0,1765995300.0,,650.0192086696625,,,,,0.45,0.45,0.9,0.98,ORDERS_OPEN,,,,,,,,,,,,,,5,5,,,,,,,,,,,,,,,,,,,,Leg:BOTH UP:5 DOWN:5,,,,,,,,0.0,0.0,,,,,0,0,,,Inv: 0.0/0.0 CapLeft: 50.0,,,0.0,0.0,0.0,50.0,50.0,0.0,50.0,0.9,0.09999999999999998,0.0,0.0,0.0,0.0,0.0,0.0,0.0,
1765994651.4825878,eth-updown-15m-1765994400,1765994400.0,1765995300.0,,648.517412185669,,,,,0,0,0.9,0.98,ORDERS_OPEN,,,,,,,,,,,,,,0,5,,,,,,,,,,,,,,,,,,,,,,,,,,,,0.0,0.0,,,,,0,0,,,Inv: 0.0/0.0 CapLeft: 50.0,,,0.0,0.0,0.0,50.0,50.0,0.0,50.0,0.9,0.09999999999999998,0.0,0.0,0.0,0.0,0.0,0.0,0.0,
1765994652.9835753,eth-updown-15m-1765994400,1765994400.0,1765995300.0,,647.0164246559143,,,,,0,0,0.9,0.98,ORDERS_OPEN,,,,,,,,,,,,,,0,5,,,,,,,,,,,,,,,,,,,,,,,,,,,,0.0,0.0,,,,,0,0,,,Inv: 0.0/0.0 CapLeft: 50.0,,,0.0,0.0,0.0,50.0,50.0,0.0,50.0,0.9,0.09999999999999998,0.0,0.0,0.0,0.0,0.0,0.0,0.0,
1765994654.485243,eth-updown-15m-1765994400,1765994400.0,1765995300.0,,645.5147569179535,,,,,0,0,0.9,0.98,ORDERS_OPEN,,,,,,,,,,,,,,0,5,,,,,,,,,,,,,,,,,,,,,,,,,,,,0.0,0.0,,,,,0,0,,,Inv: 0.0/0.0 CapLeft: 50.0,,,0.0,0.0,0.0,50.0,50.0,0.0,50.0,0.9,0.09999999999999998,0.0,0.0,0.0,0.0,0.0,0.0,0.0,
1765994655.9868276,eth-updown-15m-1765994400,1765994400.0,1765995300.0,,644.0131723880768,,,,,0,0,0.9,0.98,ORDERS_OPEN,,,,,,,,,,,,,,0,5,,,,,,,,,,,,,,,,,,,,,,,,,,,,0.0,0.0,,,,,0,0,,,Inv: 0.0/0.0 CapLeft: 50.0,,,0.0,0.0,0.0,50.0,50.0,0.0,50.0,0.9,0.09999999999999998,0.0,0.0,0.0,0.0,0.0,0.0,0.0,
1765994657.4881232,eth-updown-15m-1765994400,1765994400.0,1765995300.0,,642.511876821518,,,,,0,0,0.9,0.98,ORDERS_OPEN,,,,,,,,,,,,,,0,5,,,,,,,,,,,,,,,,,,,,,,,,,,,,0.0,0.0,,,,,0,0,,,Inv: 0.0/0.0 CapLeft: 50.0,,,0.0,0.0,0.0,50.0,50.0,0.0,50.0,0.9,0.09999999999999998,0.0,0.0,0.0,0.0,0.0,0.0,0.0,
1765994658.9892287,eth-updown-15m-1765994400,1765994400.0,1765995300.0,,641.0107712745667,,,,,0,0,0.9,0.98,ORDERS_OPEN,,,,,,,,,,,,,,0,5,,,,,,,,,,,,,,,,,,,,,,,,,,,,0.0,0.0,,,,,0,0,,,Inv: 0.0/0.0 CapLeft: 50.0,,,0.0,0.0,0.0,50.0,50.0,0.0,50.0,0.9,0.09999999999999998,0.0,0.0,0.0,0.0,0.0,0.0,0.0,
1765994660.4908164,eth-updown-15m-1765994400,1765994400.0,1765995300.0,,639.5091836452484,,,,,0,0,0.9,0.98,ORDERS_OPEN,,,,,,,,,,,,,,0,5,,,,,,,,,,,,,,,,,,,,,,,,,,,,0.0,0.0,,,,,0,0,,,Inv: 0.0/0.0 CapLeft: 50.0,,,0.0,0.0,0.0,50.0,50.0,0.0,50.0,0.9,0.09999999999999998,0.0,0.0,0.0,0.0,0.0,0.0,0.0,
1765994661.9927895,eth-updown-15m-1765994400,1765994400.0,1765995300.0,,638.0072104930878,,,,,0,0,0.9,0.98,ORDERS_OPEN,,,,,,,,,,,,,,0,5,,,,,,,,,,,,,,,,,,,,,,,,,,,,0.0,0.0,,,,,0,0,,,Inv: 0.0/0.0 CapLeft: 50.0,,,0.0,0.0,0.0,50.0,50.0,0.0,50.0,0.9,0.09999999999999998,0.0,0.0,0.0,0.0,0.0,0.0,0.0,
1765994663.4943838,eth-updown-15m-1765994400,1765994400.0,1765995300.0,,636.5056161880493,,,,,0,0,0.9,0.98,ORDERS_OPEN,,,,,,,,,,,,,,0,5,,,,,,,,,,,,,,,,,,,,,,,,,,,,0.0,0.0,,,,,0,0,,,Inv: 0.0/0.0 CapLeft: 50.0,,,0.0,0.0,0.0,50.0,50.0,0.0,50.0,0.9,0.09999999999999998,0.0,0.0,0.0,0.0,0.0,0.0,0.0,
1765994666.496754,eth-updown-15m-1765994400,1765994400.0,1765995300.0,,633.5032460689545,,,,,0.45,0.45,0.9,0.98,ORDERS_OPEN,,,,,,,,,,,,,,5,5,,,,,,,,,,,,,,,,,,,,Leg:BOTH UP:5 DOWN:5,,,,,,,,0.0,0.0,,,,,0,0,,,Inv: 0.0/0.0 CapLeft: 50.0,,,0.0,0.0,0.0,50.0,50.0,0.0,50.0,0.9,0.09999999999999998,0.0,0.0,0.0,0.0,0.0,0.0,0.0,
1765994667.9982033,eth-updown-15m-1765994400,1765994400.0,1765995300.0,,632.0017967224121,,,,,0,0,0.9,0.98,ORDERS_OPEN,,,,,,,,,,,,,,0,5,,,,,,,,,,,,,,,,,,,,,,,,,,,,0.0,0.0,,,,,0,0,,,Inv: 0.0/0.0 CapLeft: 50.0,,,0.0,0.0,0.0,50.0,50.0,0.0,50.0,0.9,0.09999999999999998,0.0,0.0,0.0,0.0,0.0,0.0,0.0,
1765994669.4999597,eth-updown-15m-1765994400,1765994400.0,1765995300.0,,630.5000402927399,,,,,0,0,0.9,0.98,ORDERS_OPEN,,,,,,,,,,,,,,0,5,,,,,,,,,,,,,,,,,,,,,,,,,,,,0.0,0.0,,,,,0,0,,,Inv: 0.0/0.0 CapLeft: 50.0,,,0.0,0.0,0.0,50.0,50.0,0.0,50.0,0.9,0.09999999999999998,0.0,0.0,0.0,0.0,0.0,0.0,0.0,
1765994671.000909,eth-updown-15m-1765994400,1765994400.0,1765995300.0,,628.9990909099579,,,,,0,0,0.9,0.98,ORDERS_OPEN,,,,,,,,,,,,,,0,5,,,,,,,,,,,,,,,,,,,,,,,,,,,,0.0,0.0,,,,,0,0,,,Inv: 0.0/0.0 CapLeft: 50.0,,,0.0,0.0,0.0,50.0,50.0,0.0,50.0,0.9,0.09999999999999998,0.0,0.0,0.0,0.0,0.0,0.0,0.0,
1765994672.5026448,eth-updown-15m-1765994400,1765994400.0,1765995300.0,,627.497355222702,,,,,0,0,0.9,0.98,ORDERS_OPEN,,,,,,,,,,,,,,0,5,,,,,,,,,,,,,,,,,,,,,,,,,,,,0.0,0.0,,,,,0,0,,,Inv: 0.0/0.0 CapLeft: 50.0,,,0.0,0.0,0.0,50.0,50.0,0.0,50.0,0.9,0.09999999999999998,0.0,0.0,0.0,0.0,0.0,0.0,0.0,
1765994674.005036,eth-updown-15m-1765994400,1765994400.0,1765995300.0,,625.9949638843536,,,,,0,0,0.9,0.98,ORDERS_OPEN,,,,,,,,,,,,,,0,5,,,,,,,,,,,,,,,,,,,,,,,,,,,,0.0,0.0,,,,,0,0,,,Inv: 0.0/0.0 CapLeft: 50.0,,,0.0,0.0,0.0,50.0,50.0,0.0,50.0,0.9,0.09999999999999998,0.0,0.0,0.0,0.0,0.0,0.0,0.0,
1765994675.5068212,eth-updown-15m-1765994400,1765994400.0,1765995300.0,,624.4931788444519,,,,,0,0,0.9,0.98,ORDERS_OPEN,,,,,,,,,,,,,,0,5,,,,,,,,,,,,,,,,,,,,,,,,,,,,0.0,0.0,,,,,0,0,,,Inv: 0.0/0.0 CapLeft: 50.0,,,0.0,0.0,0.0,50.0,50.0,0.0,50.0,0.9,0.09999999999999998,0.0,0.0,0.0,0.0,0.0,0.0,0.0,
1765994677.0082896,eth-updown-15m-1765994400,1765994400.0,1765995300.0,,622.9917104244232,,,,,0,0,0.9,0.98,ORDERS_OPEN,,,,,,,,,,,,,,0,5,,,,,,,,,,,,,,,,,,,,,,,,,,,,0.0,0.0,,,,,0,0,,,Inv: 0.0/0.0 CapLeft: 50.0,,,0.0,0.0,0.0,50.0,50.0,0.0,50.0,0.9,0.09999999999999998,0.0,0.0,0.0,0.0,0.0,0.0,0.0,
1765994678.5091467,eth-updown-15m-1765994400,1765994400.0,1765995300.0,,621.4908533096313,,,,,0,0,0.9,0.98,ORDERS_OPEN,,,,,,,,,,,,,,0,5,,,,,,,,,,,,,,,,,,,,,,,,,,,,0.0,0.0,,,,,0,0,,,Inv: 0.0/0.0 CapLeft: 50.0,,,0.0,0.0,0.0,50.0,50.0,0.0,50.0,0.9,0.09999999999999998,0.0,0.0,0.0,0.0,0.0,0.0,0.0,
1765994680.0098774,eth-updown-15m-1765994400,1765994400.0,1765995300.0,,619.9901225566864,,,,,0,0,0.9,0.98,ORDERS_OPEN,,,,,,,,,,,,,,0,5,,,,,,,,,,,,,,,,,,,,,,,,,,,,0.0,0.0,,,,,0,0,,,Inv: 0.0/0.0 CapLeft: 50.0,,,0.0,0.0,0.0,50.0,50.0,0.0,50.0,0.9,0.09999999999999998,0.0,0.0,0.0,0.0,0.0,0.0,0.0,
1765994683.013231,eth-updown-15m-1765994400,1765994400.0,1765995300.0,,616.9867689609528,,,,,0.45,0.45,0.9,0.98,ORDERS_OPEN,,,,,,,,,,,,,,5,5,,,,,,,,,,,,,,,,,,,,Leg:BOTH UP:5 DOWN:5,,,,,,,,0.0,0.0,,,,,0,0,,,Inv: 0.0/0.0 CapLeft: 50.0,,,0.0,0.0,0.0,50.0,50.0,0.0,50.0,0.9,0.09999999999999998,0.0,0.0,0.0,0.0,0.0,0.0,0.0,
1765994684.5148098,eth-updown-15m-1765994400,1765994400.0,1765995300.0,,615.485190153122,,,,,0,0,0.9,0.98,ORDERS_OPEN,,,,,,,,,,,,,,0,5,,,,,,,,,,,,,,,,,,,,,,,,,,,,0.0,0.0,,,,,0,0,,,Inv: 0.0/0.0 CapLeft: 50.0,,,0.0,0.0,0.0,50.0,50.0,0.0,50.0,0.9,0.09999999999999998,0.0,0.0,0.0,0.0,0.0,0.0,0.0,
1765994686.0163777,eth-updown-15m-1765994400,1765994400.0,1765995300.0,,613.9836223125458,,,,,0,0,0.9,0.98,ORDERS_OPEN,,,,,,,,,,,,,,0,5,,,,,,,,,,,,,,,,,,,,,,,,,,,,0.0,0.0,,,,,0,0,,,Inv: 0.0/0.0 CapLeft: 50.0,,,0.0,0.0,0.0,50.0,50.0,0.0,50.0,0.9,0.09999999999999998,0.0,0.0,0.0,0.0,0.0,0.0,0.0,
1765994687.5177252,eth-updown-15m-1765994400,1765994400.0,1765995300.0,,612.4822747707367,,,,,0,0,0.9,0.98,ORDERS_OPEN,,,,,,,,,,,,,,0,5,,,,,,,,,,,,,,,,,,,,,,,,,,,,0.0,0.0,,,,,0,0,,,Inv: 0.0/0.0 CapLeft: 50.0,,,0.0,0.0,0.0,50.0,50.0,0.0,50.0,0.9,0.09999999999999998,0.0,0.0,0.0,0.0,0.0,0.0,0.0,
1765994689.0191255,eth-updown-15m-1765994400,1765994400.0,1765995300.0,,610.9808745384216,,,,,0,0,0.9,0.98,ORDERS_OPEN,,,,,,,,,,,,,,0,5,,,,,,,,,,,,,,,,,,,,,,,,,,,,0.0,0.0,,,,,0,0,,,Inv: 0.0/0.0 CapLeft: 50.0,,,0.0,0.0,0.0,50.0,50.0,0.0,50.0,0.9,0.09999999999999998,0.0,0.0,0.0,0.0,0.0,0.0,0.0,
1765994690.5282173,eth-updown-15m-1765994400,1765994400.0,1765995300.0,,609.4717826843262,,,,,0,0,0.9,0.98,ORDERS_OPEN,,,,,,,,,,,,,,0,5,,,,,,,,,,,,,,,,,,,,,,,,,,,,0.0,0.0,,,,,0,0,,,Inv: 0.0/0.0 CapLeft: 50.0,,,0.0,0.0,0.0,50.0,50.0,0.0,50.0,0.9,0.09999999999999998,0.0,0.0,0.0,0.0,0.0,0.0,0.0,
1765994692.0304039,eth-updown-15m-1765994400,1765994400.0,1765995300.0,,607.9695961475372,,,,,0,0,0.9,0.98,ORDERS_OPEN,,,,,,,,,,,,,,0,5,,,,,,,,,,,,,,,,,,,,,,,,,,,,0.0,0.0,,,,,0,0,,,Inv: 0.0/0.0 CapLeft: 50.0,,,0.0,0.0,0.0,50.0,50.0,0.0,50.0,0.9,0.09999999999999998,0.0,0.0,0.0,0.0,0.0,0.0,0.0,
1765994693.532135,eth-updown-15m-1765994400,1765994400.0,1765995300.0,,606.4678649902344,,,,,0,0,0.9,0.98,ORDERS_OPEN,,,,,,,,,,,,,,0,5,,,,,,,,,,,,,,,,,,,,,,,,,,,,0.0,0.0,,,,,0,0,,,Inv: 0.0/0.0 CapLeft: 50.0,,,0.0,0.0,0.0,50.0,50.0,0.0,50.0,0.9,0.09999999999999998,0.0,0.0,0.0,0.0,0.0,0.0,0.0,
1765994695.0339966,eth-updown-15m-1765994400,1765994400.0,1765995300.0,,604.9660034179688,,,,,0,0,0.9,0.98,ORDERS_OPEN,,,,,,,,,,,,,,0,5,,,,,,,,,,,,,,,,,,,,,,,,,,,,0.0,0.0,,,,,0,0,,,Inv: 0.0/0.0 CapLeft: 50.0,,,0.0,0.0,0.0,50.0,50.0,0.0,50.0,0.9,0.09999999999999998,0.0,0.0,0.0,0.0,0.0,0.0,0.0,
1765994696.5356505,eth-updown-15m-1765994400,1765994400.0,1765995300.0,,603.4643495082855,,,,,0,0,0.9,0.98,ORDERS_OPEN,,,,,,,,,,,,,,0,5,,,,,,,,,,,,,,,,,,,,,,,,,,,,0.0,0.0,,,,,0,0,,,Inv: 0.0/0.0 CapLeft: 50.0,,,0.0,0.0,0.0,50.0,50.0,0.0,50.0,0.9,0.09999999999999998,0.0,0.0,0.0,0.0,0.0,0.0,0.0,
1765994699.538824,eth-updown-15m-1765994400,1765994400.0,1765995300.0,,600.4611759185791,,,,,0.45,0.45,0.9,0.98,ORDERS_OPEN,,,,,,,,,,,,,,5,5,,,,,,,,,,,,,,,,,,,,Leg:BOTH UP:5 DOWN:5,,,,,,,,0.0,0.0,,,,,0,0,,,Inv: 0.0/0.0 CapLeft: 50.0,,,0.0,0.0,0.0,50.0,50.0,0.0,50.0,0.9,0.09999999999999998,0.0,0.0,0.0,0.0,0.0,0.0,0.0,
1765994701.0406358,eth-updown-15m-1765994400,1765994400.0,1765995300.0,,598.9593641757965,,,,,0,0,0.9,0.98,ORDERS_OPEN,,,,,,,,,,,,,,0,5,,,,,,,,,,,,,,,,,,,,,,,,,,,,0.0,0.0,,,,,0,0,,,Inv: 0.0/0.0 CapLeft: 50.0,,,0.0,0.0,0.0,50.0,50.0,0.0,50.0,0.9,0.09999999999999998,0.0,0.0,0.0,0.0,0.0,0.0,0.0,
1765994702.5417342,eth-updown-15m-1765994400,1765994400.0,1765995300.0,,597.4582657814026,,,,,0,0,0.9,0.98,ORDERS_OPEN,,,,,,,,,,,,,,0,5,,,,,,,,,,,,,,,,,,,,,,,,,,,,0.0,0.0,,,,,0,0,,,Inv: 0.0/0.0 CapLeft: 50.0,,,0.0,0.0,0.0,50.0,50.0,0.0,50.0,0.9,0.09999999999999998,0.0,0.0,0.0,0.0,0.0,0.0,0.0,
1765994704.043285,eth-updown-15m-1765994400,1765994400.0,1765995300.0,,595.9567151069641,,,,,0,0,0.9,0.98,ORDERS_OPEN,,,,,,,,,,,,,,0,5,,,,,,,,,,,,,,,,,,,,,,,,,,,,0.0,0.0,,,,,0,0,,,Inv: 0.0/0.0 CapLeft: 50.0,,,0.0,0.0,0.0,50.0,50.0,0.0,50.0,0.9,0.09999999999999998,0.0,0.0,0.0,0.0,0.0,0.0,0.0,
1765994705.5448246,eth-updown-15m-1765994400,1765994400.0,1765995300.0,,594.4551753997803,,,,,0,0,0.9,0.98,ORDERS_OPEN,,,,,,,,,,,,,,0,5,,,,,,,,,,,,,,,,,,,,,,,,,,,,0.0,0.0,,,,,0,0,,,Inv: 0.0/0.0 CapLeft: 50.0,,,0.0,0.0,0.0,50.0,50.0,0.0,50.0,0.9,0.09999999999999998,0.0,0.0,0.0,0.0,0.0,0.0,0.0,
1765994707.046712,eth-updown-15m-1765994400,1765994400.0,1765995300.0,,592.9532880783081,,,,,0,0,0.9,0.98,ORDERS_OPEN,,,,,,,,,,,,,,0,5,,,,,,,,,,,,,,,,,,,,,,,,,,,,0.0,0.0,,,,,0,0,,,Inv: 0.0/0.0 CapLeft: 50.0,,,0.0,0.0,0.0,50.0,50.0,0.0,50.0,0.9,0.09999999999999998,0.0,0.0,0.0,0.0,0.0,0.0,0.0,
1765994708.5487134,eth-updown-15m-1765994400,1765994400.0,1765995300.0,,591.4512865543365,,,,,0,0,0.9,0.98,ORDERS_OPEN,,,,,,,,,,,,,,0,5,,,,,,,,,,,,,,,,,,,,,,,,,,,,0.0,0.0,,,,,0,0,,,Inv: 0.0/0.0 CapLeft: 50.0,,,0.0,0.0,0.0,50.0,50.0,0.0,50.0,0.9,0.09999999999999998,0.0,0.0,0.0,0.0,0.0,0.0,0.0,
1765994710.0498447,eth-updown-15m-1765994400,1765994400.0,1765995300.0,,589.9501552581787,,,,,0,0,0.9,0.98,ORDERS_OPEN,,,,,,,,,,,,,,0,5,,,,,,,,,,,,,,,,,,,,,,,,,,,,0.0,0.0,,,,,0,0,,,Inv: 0.0/0.0 CapLeft: 50.0,,,0.0,0.0,0.0,50.0,50.0,0.0,50.0,0.9,0.09999999999999998,0.0,0.0,0.0,0.0,0.0,0.0,0.0,
1765994711.55096,eth-updown-15m-1765994400,1765994400.0,1765995300.0,,588.4490399360657,,,,,0,0,0.9,0.98,ORDERS_OPEN,,,,,,,,,,,,,,0,5,,,,,,,,,,,,,,,,,,,,,,,,,,,,0.0,0.0,,,,,0,0,,,Inv: 0.0/0.0 CapLeft: 50.0,,,0.0,0.0,0.0,50.0,50.0,0.0,50.0,0.9,0.09999999999999998,0.0,0.0,0.0,0.0,0.0,0.0,0.0,
1765994713.0526419,eth-updown-15m-1765994400,1765994400.0,1765995300.0,,586.9473581314087,,,,,0,0,0.9,0.98,ORDERS_OPEN,,,,,,,,,,,,,,0,5,,,,,,,,,,,,,,,,,,,,,,,,,,,,0.0,0.0,,,,,0,0,,,Inv: 0.0/0.0 CapLeft: 50.0,,,0.0,0.0,0.0,50.0,50.0,0.0,50.0,0.9,0.09999999999999998,0.0,0.0,0.0,0.0,0.0,0.0,0.0,
1765994716.0554655,eth-updown-15m-1765994400,1765994400.0,1765995300.0,,583.9445345401764,,,,,0.45,0.45,0.9,0.98,ORDERS_OPEN,,,,,,,,,,,,,,5,5,,,,,,,,,,,,,,,,,,,,Leg:BOTH UP:5 DOWN:5,,,,,,,,0.0,0.0,,,,,0,0,,,Inv: 0.0/0.0 CapLeft: 50.0,,,0.0,0.0,0.0,50.0,50.0,0.0,50.0,0.9,0.09999999999999998,0.0,0.0,0.0,0.0,0.0,0.0,0.0,
1765994717.556667,eth-updown-15m-1765994400,1765994400.0,1765995300.0,,582.4433329105377,,,,,0,0,0.9,0.98,ORDERS_OPEN,,,,,,,,,,,,,,0,5,,,,,,,,,,,,,,,,,,,,,,,,,,,,0.0,0.0,,,,,0,0,,,Inv: 0.0/0.0 CapLeft: 50.0,,,0.0,0.0,0.0,50.0,50.0,0.0,50.0,0.9,0.09999999999999998,0.0,0.0,0.0,0.0,0.0,0.0,0.0,
1765994719.0583127,eth-updown-15m-1765994400,1765994400.0,1765995300.0,,580.9416873455048,,,,,0,0,0.9,0.98,ORDERS_OPEN,,,,,,,,,,,,,,0,5,,,,,,,,,,,,,,,,,,,,,,,,,,,,0.0,0.0,,,,,0,0,,,Inv: 0.0/0.0 CapLeft: 50.0,,,0.0,0.0,0.0,50.0,50.0,0.0,50.0,0.9,0.09999999999999998,0.0,0.0,0.0,0.0,0.0,0.0,0.0,
1765994720.559504,eth-updown-15m-1765994400,1765994400.0,1765995300.0,,579.440495967865,,,,,0,0,0.9,0.98,ORDERS_OPEN,,,,,,,,,,,,,,0,5,,,,,,,,,,,,,,,,,,,,,,,,,,,,0.0,0.0,,,,,0,0,,,Inv: 0.0/0.0 CapLeft: 50.0,,,0.0,0.0,0.0,50.0,50.0,0.0,50.0,0.9,0.09999999999999998,0.0,0.0,0.0,0.0,0.0,0.0,0.0,
1765994722.0614946,eth-updown-15m-1765994400,1765994400.0,1765995300.0,,577.9385054111481,,,,,0,0,0.9,0.98,ORDERS_OPEN,,,,,,,,,,,,,,0,5,,,,,,,,,,,,,,,,,,,,,,,,,,,,0.0,0.0,,,,,0,0,,,Inv: 0.0/0.0 CapLeft: 50.0,,,0.0,0.0,0.0,50.0,50.0,0.0,50.0,0.9,0.09999999999999998,0.0,0.0,0.0,0.0,0.0,0.0,0.0,
1765994723.5632513,eth-updown-15m-1765994400,1765994400.0,1765995300.0,,576.4367487430573,,,,,0,0,0.9,0.98,ORDERS_OPEN,,,,,,,,,,,,,,0,5,,,,,,,,,,,,,,,,,,,,,,,,,,,,0.0,0.0,,,,,0,0,,,Inv: 0.0/0.0 CapLeft: 50.0,,,0.0,0.0,0.0,50.0,50.0,0.0,50.0,0.9,0.09999999999999998,0.0,0.0,0.0,0.0,0.0,0.0,0.0,
1765994725.0650058,eth-updown-15m-1765994400,1765994400.0,1765995300.0,,574.9349942207336,,,,,0,0,0.9,0.98,ORDERS_OPEN,,,,,,,,,,,,,,0,5,,,,,,,,,,,,,,,,,,,,,,,,,,,,0.0,0.0,,,,,0,0,,,Inv: 0.0/0.0 CapLeft: 50.0,,,0.0,0.0,0.0,50.0,50.0,0.0,50.0,0.9,0.09999999999999998,0.0,0.0,0.0,0.0,0.0,0.0,0.0,
1765994726.5671363,eth-updown-15m-1765994400,1765994400.0,1765995300.0,,573.4328637123108,,,,,0,0,0.9,0.98,ORDERS_OPEN,,,,,,,,,,,,,,0,5,,,,,,,,,,,,,,,,,,,,,,,,,,,,0.0,0.0,,,,,0,0,,,Inv: 0.0/0.0 CapLeft: 50.0,,,0.0,0.0,0.0,50.0,50.0,0.0,50.0,0.9,0.09999999999999998,0.0,0.0,0.0,0.0,0.0,0.0,0.0,
1765994728.0687912,eth-updown-15m-1765994400,1765994400.0,1765995300.0,,571.9312088489532,,,,,0,0,0.9,0.98,ORDERS_OPEN,,,,,,,,,,,,,,0,5,,,,,,,,,,,,,,,,,,,,,,,,,,,,0.0,0.0,,,,,0,0,,,Inv: 0.0/0.0 CapLeft: 50.0,,,0.0,0.0,0.0,50.0,50.0,0.0,50.0,0.9,0.09999999999999998,0.0,0.0,0.0,0.0,0.0,0.0,0.0,
1765994729.570423,eth-updown-15m-1765994400,1765994400.0,1765995300.0,,570.4295771121979,,,,,0,0,0.9,0.98,ORDERS_OPEN,,,,,,,,,,,,,,0,5,,,,,,,,,,,,,,,,,,,,,,,,,,,,0.0,0.0,,,,,0,0,,,Inv: 0.0/0.0 CapLeft: 50.0,,,0.0,0.0,0.0,50.0,50.0,0.0,50.0,0.9,0.09999999999999998,0.0,0.0,0.0,0.0,0.0,0.0,0.0,
1765994732.5733254,eth-updown-15m-1765994400,1765994400.0,1765995300.0,,567.4266746044159,,,,,0.45,0.45,0.9,0.98,ORDERS_OPEN,,,,,,,,,,,,,,5,5,,,,,,,,,,,,,,,,,,,,Leg:BOTH UP:5 DOWN:5,,,,,,,,0.0,0.0,,,,,0,0,,,Inv: 0.0/0.0 CapLeft: 50.0,,,0.0,0.0,0.0,50.0,50.0,0.0,50.0,0.9,0.09999999999999998,0.0,0.0,0.0,0.0,0.0,0.0,0.0,
1765994734.0753012,eth-updown-15m-1765994400,1765994400.0,1765995300.0,,565.9246988296509,,,,,0,0,0.9,0.98,ORDERS_OPEN,,,,,,,,,,,,,,0,5,,,,,,,,,,,,,,,,,,,,,,,,,,,,0.0,0.0,,,,,0,0,,,Inv: 0.0/0.0 CapLeft: 50.0,,,0.0,0.0,0.0,50.0,50.0,0.0,50.0,0.9,0.09999999999999998,0.0,0.0,0.0,0.0,0.0,0.0,0.0,
1765994735.57719,eth-updown-15m-1765994400,1765994400.0,1765995300.0,,564.4228100776672,,,,,0,0,0.9,0.98,ORDERS_OPEN,,,,,,,,,,,,,,0,5,,,,,,,,,,,,,,,,,,,,,,,,,,,,0.0,0.0,,,,,0,0,,,Inv: 0.0/0.0 CapLeft: 50.0,,,0.0,0.0,0.0,50.0,50.0,0.0,50.0,0.9,0.09999999999999998,0.0,0.0,0.0,0.0,0.0,0.0,0.0,
1765994737.0783608,eth-updown-15m-1765994400,1765994400.0,1765995300.0,,562.9216392040253,,,,,0,0,0.9,0.98,ORDERS_OPEN,,,,,,,,,,,,,,0,5,,,,,,,,,,,,,,,,,,,,,,,,,,,,0.0,0.0,,,,,0,0,,,Inv: 0.0/0.0 CapLeft: 50.0,,,0.0,0.0,0.0,50.0,50.0,0.0,50.0,0.9,0.09999999999999998,0.0,0.0,0.0,0.0,0.0,0.0,0.0,
1765994738.5801246,eth-updown-15m-1765994400,1765994400.0,1765995300.0,,561.4198753833771,,,,,0,0,0.9,0.98,ORDERS_OPEN,,,,,,,,,,,,,,0,5,,,,,,,,,,,,,,,,,,,,,,,,,,,,0.0,0.0,,,,,0,0,,,Inv: 0.0/0.0 CapLeft: 50.0,,,0.0,0.0,0.0,50.0,50.0,0.0,50.0,0.9,0.09999999999999998,0.0,0.0,0.0,0.0,0.0,0.0,0.0,
1765994740.0813348,eth-updown-15m-1765994400,1765994400.0,1765995300.0,,559.9186651706696,,,,,0,0,0.9,0.98,ORDERS_OPEN,,,,,,,,,,,,,,0,5,,,,,,,,,,,,,,,,,,,,,,,,,,,,0.0,0.0,,,,,0,0,,,Inv: 0.0/0.0 CapLeft: 50.0,,,0.0,0.0,0.0,50.0,50.0,0.0,50.0,0.9,0.09999999999999998,0.0,0.0,0.0,0.0,0.0,0.0,0.0,
1765994741.5833879,eth-updown-15m-1765994400,1765994400.0,1765995300.0,,558.4166121482849,,,,,0,0,0.9,0.98,ORDERS_OPEN,,,,,,,,,,,,,,0,5,,,,,,,,,,,,,,,,,,,,,,,,,,,,0.0,0.0,,,,,0,0,,,Inv: 0.0/0.0 CapLeft: 50.0,,,0.0,0.0,0.0,50.0,50.0,0.0,50.0,0.9,0.09999999999999998,0.0,0.0,0.0,0.0,0.0,0.0,0.0,
1765994743.0850294,eth-updown-15m-1765994400,1765994400.0,1765995300.0,,556.9149706363678,,,,,0,0,0.9,0.98,ORDERS_OPEN,,,,,,,,,,,,,,0,5,,,,,,,,,,,,,,,,,,,,,,,,,,,,0.0,0.0,,,,,0,0,,,Inv: 0.0/0.0 CapLeft: 50.0,,,0.0,0.0,0.0,50.0,50.0,0.0,50.0,0.9,0.09999999999999998,0.0,0.0,0.0,0.0,0.0,0.0,0.0,
1765994744.5862944,eth-updown-15m-1765994400,1765994400.0,1765995300.0,,555.4137055873871,,,,,0,0,0.9,0.98,ORDERS_OPEN,,,,,,,,,,,,,,0,5,,,,,,,,,,,,,,,,,,,,,,,,,,,,0.0,0.0,,,,,0,0,,,Inv: 0.0/0.0 CapLeft: 50.0,,,0.0,0.0,0.0,50.0,50.0,0.0,50.0,0.9,0.09999999999999998,0.0,0.0,0.0,0.0,0.0,0.0,0.0,
1765994746.0874932,eth-updown-15m-1765994400,1765994400.0,1765995300.0,,553.9125068187714,,,,,0,0,0.9,0.98,ORDERS_OPEN,,,,,,,,,,,,,,0,5,,,,,,,,,,,,,,,,,,,,,,,,,,,,0.0,0.0,,,,,0,0,,,Inv: 0.0/0.0 CapLeft: 50.0,,,0.0,0.0,0.0,50.0,50.0,0.0,50.0,0.9,0.09999999999999998,0.0,0.0,0.0,0.0,0.0,0.0,0.0,
1765994749.0910196,eth-updown-15m-1765994400,1765994400.0,1765995300.0,,550.9089803695679,,,,,0.45,0.45,0.9,0.98,ORDERS_OPEN,,,,,,,,,,,,,,5,5,,,,,,,,,,,,,,,,,,,,Leg:BOTH UP:5 DOWN:5,,,,,,,,0.0,0.0,,,,,0,0,,,Inv: 0.0/0.0 CapLeft: 50.0,,,0.0,0.0,0.0,50.0,50.0,0.0,50.0,0.9,0.09999999999999998,0.0,0.0,0.0,0.0,0.0,0.0,0.0,
1765994750.5925136,eth-updown-15m-1765994400,1765994400.0,1765995300.0,,549.4074864387512,,,,,0,0,0.9,0.98,ORDERS_OPEN,,,,,,,,,,,,,,0,5,,,,,,,,,,,,,,,,,,,,,,,,,,,,0.0,0.0,,,,,0,0,,,Inv: 0.0/0.0 CapLeft: 50.0,,,0.0,0.0,0.0,50.0,50.0,0.0,50.0,0.9,0.09999999999999998,0.0,0.0,0.0,0.0,0.0,0.0,0.0,
1765994752.0940347,eth-updown-15m-1765994400,1765994400.0,1765995300.0,,547.9059653282166,,,,,0,0,0.9,0.98,ORDERS_OPEN,,,,,,,,,,,,,,0,5,,,,,,,,,,,,,,,,,,,,,,,,,,,,0.0,0.0,,,,,0,0,,,Inv: 0.0/0.0 CapLeft: 50.0,,,0.0,0.0,0.0,50.0,50.0,0.0,50.0,0.9,0.09999999999999998,0.0,0.0,0.0,0.0,0.0,0.0,0.0,
1765994753.5957162,eth-updown-15m-1765994400,1765994400.0,1765995300.0,,546.4042837619781,,,,,0,0,0.9,0.98,ORDERS_OPEN,,,,,,,,,,,,,,0,5,,,,,,,,,,,,,,,,,,,,,,,,,,,,0.0,0.0,,,,,0,0,,,Inv: 0.0/0.0 CapLeft: 50.0,,,0.0,0.0,0.0,50.0,50.0,0.0,50.0,0.9,0.09999999999999998,0.0,0.0,0.0,0.0,0.0,0.0,0.0,
1765994755.097607,eth-updown-15m-1765994400,1765994400.0,1765995300.0,,544.9023931026459,,,,,0,0,0.9,0.98,ORDERS_OPEN,,,,,,,,,,,,,,0,5,,,,,,,,,,,,,,,,,,,,,,,,,,,,0.0,0.0,,,,,0,0,,,Inv: 0.0/0.0 CapLeft: 50.0,,,0.0,0.0,0.0,50.0,50.0,0.0,50.0,0.9,0.09999999999999998,0.0,0.0,0.0,0.0,0.0,0.0,0.0,
1765994756.5988271,eth-updown-15m-1765994400,1765994400.0,1765995300.0,,543.401172876358,,,,,0,0,0.9,0.98,ORDERS_OPEN,,,,,,,,,,,,,,0,5,,,,,,,,,,,,,,,,,,,,,,,,,,,,0.0,0.0,,,,,0,0,,,Inv: 0.0/0.0 CapLeft: 50.0,,,0.0,0.0,0.0,50.0,50.0,0.0,50.0,0.9,0.09999999999999998,0.0,0.0,0.0,0.0,0.0,0.0,0.0,
1765994758.1007848,eth-updown-15m-1765994400,1765994400.0,1765995300.0,,541.899215221405,,,,,0,0,0.9,0.98,ORDERS_OPEN,,,,,,,,,,,,,,0,5,,,,,,,,,,,,,,,,,,,,,,,,,,,,0.0,0.0,,,,,0,0,,,Inv: 0.0/0.0 CapLeft: 50.0,,,0.0,0.0,0.0,50.0,50.0,0.0,50.0,0.9,0.09999999999999998,0.0,0.0,0.0,0.0,0.0,0.0,0.0,
1765994759.6022327,eth-updown-15m-1765994400,1765994400.0,1765995300.0,,540.3977673053741,,,,,0,0,0.9,0.98,ORDERS_OPEN,,,,,,,,,,,,,,0,5,,,,,,,,,,,,,,,,,,,,,,,,,,,,0.0,0.0,,,,,0,0,,,Inv: 0.0/0.0 CapLeft: 50.0,,,0.0,0.0,0.0,50.0,50.0,0.0,50.0,0.9,0.09999999999999998,0.0,0.0,0.0,0.0,0.0,0.0,0.0,
1765994761.103707,eth-updown-15m-1765994400,1765994400.0,1765995300.0,,538.896292924881,,,,,0,0,0.9,0.98,ORDERS_OPEN,,,,,,,,,,,,,,0,5,,,,,,,,,,,,,,,,,,,,,,,,,,,,0.0,0.0,,,,,0,0,,,Inv: 0.0/0.0 CapLeft: 50.0,,,0.0,0.0,0.0,50.0,50.0,0.0,50.0,0.9,0.09999999999999998,0.0,0.0,0.0,0.0,0.0,0.0,0.0,
1765994762.6050131,eth-updown-15m-1765994400,1765994400.0,1765995300.0,,537.3949868679047,,,,,0,0,0.9,0.98,ORDERS_OPEN,,,,,,,,,,,,,,0,5,,,,,,,,,,,,,,,,,,,,,,,,,,,,0.0,0.0,,,,,0,0,,,Inv: 0.0/0.0 CapLeft: 50.0,,,0.0,0.0,0.0,50.0,50.0,0.0,50.0,0.9,0.09999999999999998,0.0,0.0,0.0,0.0,0.0,0.0,0.0,
1765994765.6074133,eth-updown-15m-1765994400,1765994400.0,1765995300.0,,534.3925867080688,,,,,0.45,0.45,0.9,0.98,ORDERS_OPEN,,,,,,,,,,,,,,5,5,,,,,,,,,,,,,,,,,,,,Leg:BOTH UP:5 DOWN:5,,,,,,,,0.0,0.0,,,,,0,0,,,Inv: 0.0/0.0 CapLeft: 50.0,,,0.0,0.0,0.0,50.0,50.0,0.0,50.0,0.9,0.09999999999999998,0.0,0.0,0.0,0.0,0.0,0.0,0.0,
1765994767.1093535,eth-updown-15m-1765994400,1765994400.0,1765995300.0,,532.8906464576721,,,,,0,0,0.9,0.98,ORDERS_OPEN,,,,,,,,,,,,,,0,5,,,,,,,,,,,,,,,,,,,,,,,,,,,,0.0,0.0,,,,,0,0,,,Inv: 0.0/0.0 CapLeft: 50.0,,,0.0,0.0,0.0,50.0,50.0,0.0,50.0,0.9,0.09999999999999998,0.0,0.0,0.0,0.0,0.0,0.0,0.0,
1765994768.6113055,eth-updown-15m-1765994400,1765994400.0,1765995300.0,,531.388694524765,,,,,0,0,0.9,0.98,ORDERS_OPEN,,,,,,,,,,,,,,0,5,,,,,,,,,,,,,,,,,,,,,,,,,,,,0.0,0.0,,,,,0,0,,,Inv: 0.0/0.0 CapLeft: 50.0,,,0.0,0.0,0.0,50.0,50.0,0.0,50.0,0.9,0.09999999999999998,0.0,0.0,0.0,0.0,0.0,0.0,0.0,
1765994770.1129775,eth-updown-15m-1765994400,1765994400.0,1765995300.0,,529.8870224952698,,,,,0,0,0.9,0.98,ORDERS_OPEN,,,,,,,,,,,,,,0,5,,,,,,,,,,,,,,,,,,,,,,,,,,,,0.0,0.0,,,,,0,0,,,Inv: 0.0/0.0 CapLeft: 50.0,,,0.0,0.0,0.0,50.0,50.0,0.0,50.0,0.9,0.09999999999999998,0.0,0.0,0.0,0.0,0.0,0.0,0.0,
1765994771.6138947,eth-updown-15m-1765994400,1765994400.0,1765995300.0,,528.386105298996,,,,,0,0,0.9,0.98,ORDERS_OPEN,,,,,,,,,,,,,,0,5,,,,,,,,,,,,,,,,,,,,,,,,,,,,0.0,0.0,,,,,0,0,,,Inv: 0.0/0.0 CapLeft: 50.0,,,0.0,0.0,0.0,50.0,50.0,0.0,50.0,0.9,0.09999999999999998,0.0,0.0,0.0,0.0,0.0,0.0,0.0,
1765994773.11569,eth-updown-15m-1765994400,1765994400.0,1765995300.0,,526.8843100070953,,,,,0,0,0.9,0.98,ORDERS_OPEN,,,,,,,,,,,,,,0,5,,,,,,,,,,,,,,,,,,,,,,,,,,,,0.0,0.0,,,,,0,0,,,Inv: 0.0/0.0 CapLeft: 50.0,,,0.0,0.0,0.0,50.0,50.0,0.0,50.0,0.9,0.09999999999999998,0.0,0.0,0.0,0.0,0.0,0.0,0.0,
1765994774.617587,eth-updown-15m-1765994400,1765994400.0,1765995300.0,,525.3824129104614,,,,,0,0,0.9,0.98,ORDERS_OPEN,,,,,,,,,,,,,,0,5,,,,,,,,,,,,,,,,,,,,,,,,,,,,0.0,0.0,,,,,0,0,,,Inv: 0.0/0.0 CapLeft: 50.0,,,0.0,0.0,0.0,50.0,50.0,0.0,50.0,0.9,0.09999999999999998,0.0,0.0,0.0,0.0,0.0,0.0,0.0,
1765994776.1198819,eth-updown-15m-1765994400,1765994400.0,1765995300.0,,523.8801181316376,,,,,0,0,0.9,0.98,ORDERS_OPEN,,,,,,,,,,,,,,0,5,,,,,,,,,,,,,,,,,,,,,,,,,,,,0.0,0.0,,,,,0,0,,,Inv: 0.0/0.0 CapLeft: 50.0,,,0.0,0.0,0.0,50.0,50.0,0.0,50.0,0.9,0.09999999999999998,0.0,0.0,0.0,0.0,0.0,0.0,0.0,
1765994777.6212645,eth-updown-15m-1765994400,1765994400.0,1765995300.0,,522.3787355422974,,,,,0,0,0.9,0.98,ORDERS_OPEN,,,,,,,,,,,,,,0,5,,,,,,,,,,,,,,,,,,,,,,,,,,,,0.0,0.0,,,,,0,0,,,Inv: 0.0/0.0 CapLeft: 50.0,,,0.0,0.0,0.0,50.0,50.0,0.0,50.0,0.9,0.09999999999999998,0.0,0.0,0.0,0.0,0.0,0.0,0.0,
1765994779.1228108,eth-updown-15m-1765994400,1765994400.0,1765995300.0,,520.8771891593933,,,,,0,0,0.9,0.98,ORDERS_OPEN,,,,,,,,,,,,,,0,5,,,,,,,,,,,,,,,,,,,,,,,,,,,,0.0,0.0,,,,,0,0,,,Inv: 0.0/0.0 CapLeft: 50.0,,,0.0,0.0,0.0,50.0,50.0,0.0,50.0,0.9,0.09999999999999998,0.0,0.0,0.0,0.0,0.0,0.0,0.0,
1765994782.1248524,eth-updown-15m-1765994400,1765994400.0,1765995300.0,,517.8751475811005,,,,,0.45,0.45,0.9,0.98,ORDERS_OPEN,,,,,,,,,,,,,,5,5,,,,,,,,,,,,,,,,,,,,Leg:BOTH UP:5 DOWN:5,,,,,,,,0.0,0.0,,,,,0,0,,,Inv: 0.0/0.0 CapLeft: 50.0,,,0.0,0.0,0.0,50.0,50.0,0.0,50.0,0.9,0.09999999999999998,0.0,0.0,0.0,0.0,0.0,0.0,0.0,
1765994783.6266668,eth-updown-15m-1765994400,1765994400.0,1765995300.0,,516.3733332157135,,,,,0,0,0.9,0.98,ORDERS_OPEN,,,,,,,,,,,,,,0,5,,,,,,,,,,,,,,,,,,,,,,,,,,,,0.0,0.0,,,,,0,0,,,Inv: 0.0/0.0 CapLeft: 50.0,,,0.0,0.0,0.0,50.0,50.0,0.0,50.0,0.9,0.09999999999999998,0.0,0.0,0.0,0.0,0.0,0.0,0.0,
1765994785.127914,eth-updown-15m-1765994400,1765994400.0,1765995300.0,,514.8720860481262,,,,,0,0,0.9,0.98,ORDERS_OPEN,,,,,,,,,,,,,,0,5,,,,,,,,,,,,,,,,,,,,,,,,,,,,0.0,0.0,,,,,0,0,,,Inv: 0.0/0.0 CapLeft: 50.0,,,0.0,0.0,0.0,50.0,50.0,0.0,50.0,0.9,0.09999999999999998,0.0,0.0,0.0,0.0,0.0,0.0,0.0,
1765994786.6294,eth-updown-15m-1765994400,1765994400.0,1765995300.0,,513.3705999851227,,,,,0,0,0.9,0.98,ORDERS_OPEN,,,,,,,,,,,,,,0,5,,,,,,,,,,,,,,,,,,,,,,,,,,,,0.0,0.0,,,,,0,0,,,Inv: 0.0/0.0 CapLeft: 50.0,,,0.0,0.0,0.0,50.0,50.0,0.0,50.0,0.9,0.09999999999999998,0.0,0.0,0.0,0.0,0.0,0.0,0.0,
1765994788.130749,eth-updown-15m-1765994400,1765994400.0,1765995300.0,,511.8692510128021,,,,,0,0,0.9,0.98,ORDERS_OPEN,,,,,,,,,,,,,,0,5,,,,,,,,,,,,,,,,,,,,,,,,,,,,0.0,0.0,,,,,0,0,,,Inv: 0.0/0.0 CapLeft: 50.0,,,0.0,0.0,0.0,50.0,50.0,0.0,50.0,0.9,0.09999999999999998,0.0,0.0,0.0,0.0,0.0,0.0,0.0,
1765994789.6322827,eth-updown-15m-1765994400,1765994400.0,1765995300.0,,510.36771726608276,,,,,0,0,0.9,0.98,ORDERS_OPEN,,,,,,,,,,,,,,0,5,,,,,,,,,,,,,,,,,,,,,,,,,,,,0.0,0.0,,,,,0,0,,,Inv: 0.0/0.0 CapLeft: 50.0,,,0.0,0.0,0.0,50.0,50.0,0.0,50.0,0.9,0.09999999999999998,0.0,0.0,0.0,0.0,0.0,0.0,0.0,
1765994791.1335588,eth-updown-15m-1765994400,1765994400.0,1765995300.0,,508.8664412498474,,,,,0,0,0.9,0.98,ORDERS_OPEN,,,,,,,,,,,,,,0,5,,,,,,,,,,,,,,,,,,,,,,,,,,,,0.0,0.0,,,,,0,0,,,Inv: 0.0/0.0 CapLeft: 50.0,,,0.0,0.0,0.0,50.0,50.0,0.0,50.0,0.9,0.09999999999999998,0.0,0.0,0.0,0.0,0.0,0.0,0.0,
1765994792.6346269,eth-updown-15m-1765994400,1765994400.0,1765995300.0,,507.36537313461304,,,,,0,0,0.9,0.98,ORDERS_OPEN,,,,,,,,,,,,,,0,5,,,,,,,,,,,,,,,,,,,,,,,,,,,,0.0,0.0,,,,,0,0,,,Inv: 0.0/0.0 CapLeft: 50.0,,,0.0,0.0,0.0,50.0,50.0,0.0,50.0,0.9,0.09999999999999998,0.0,0.0,0.0,0.0,0.0,0.0,0.0,
1765994794.1357732,eth-updown-15m-1765994400,1765994400.0,1765995300.0,,505.8642268180847,,,,,0,0,0.9,0.98,ORDERS_OPEN,,,,,,,,,,,,,,0,5,,,,,,,,,,,,,,,,,,,,,,,,,,,,0.0,0.0,,,,,0,0,,,Inv: 0.0/0.0 CapLeft: 50.0,,,0.0,0.0,0.0,50.0,50.0,0.0,50.0,0.9,0.09999999999999998,0.0,0.0,0.0,0.0,0.0,0.0,0.0,
1765994795.6371455,eth-updown-15m-1765994400,1765994400.0,1765995300.0,,504.3628544807434,,,,,0,0,0.9,0.98,ORDERS_OPEN,,,,,,,,,,,,,,0,5,,,,,,,,,,,,,,,,,,,,,,,,,,,,0.0,0.0,,,,,0,0,,,Inv: 0.0/0.0 CapLeft: 50.0,,,0.0,0.0,0.0,50.0,50.0,0.0,50.0,0.9,0.09999999999999998,0.0,0.0,0.0,0.0,0.0,0.0,0.0,
1765994798.640167,eth-updown-15m-1765994400,1765994400.0,1765995300.0,,501.35983300209045,,,,,0.45,0.45,0.9,0.98,ORDERS_OPEN,,,,,,,,,,,,,,5,5,,,,,,,,,,,,,,,,,,,,Leg:BOTH UP:5 DOWN:5,,,,,,,,0.0,0.0,,,,,0,0,,,Inv: 0.0/0.0 CapLeft: 50.0,,,0.0,0.0,0.0,50.0,50.0,0.0,50.0,0.9,0.09999999999999998,0.0,0.0,0.0,0.0,0.0,0.0,0.0,
1765994800.1422033,eth-updown-15m-1765994400,1765994400.0,1765995300.0,,499.85779666900635,,,,,0,0,0.9,0.98,ORDERS_OPEN,,,,,,,,,,,,,,0,5,,,,,,,,,,,,,,,,,,,,,,,,,,,,0.0,0.0,,,,,0,0,,,Inv: 0.0/0.0 CapLeft: 50.0,,,0.0,0.0,0.0,50.0,50.0,0.0,50.0,0.9,0.09999999999999998,0.0,0.0,0.0,0.0,0.0,0.0,0.0,
1765994801.6442597,eth-updown-15m-1765994400,1765994400.0,1765995300.0,,498.3557403087616,,,,,0,0,0.9,0.98,ORDERS_OPEN,,,,,,,,,,,,,,0,5,,,,,,,,,,,,,,,,,,,,,,,,,,,,0.0,0.0,,,,,0,0,,,Inv: 0.0/0.0 CapLeft: 50.0,,,0.0,0.0,0.0,50.0,50.0,0.0,50.0,0.9,0.09999999999999998,0.0,0.0,0.0,0.0,0.0,0.0,0.0,
1765994803.1457803,eth-updown-15m-1765994400,1765994400.0,1765995300.0,,496.8542196750641,,,,,0,0,0.9,0.98,ORDERS_OPEN,,,,,,,,,,,,,,0,5,,,,,,,,,,,,,,,,,,,,,,,,,,,,0.0,0.0,,,,,0,0,,,Inv: 0.0/0.0 CapLeft: 50.0,,,0.0,0.0,0.0,50.0,50.0,0.0,50.0,0.9,0.09999999999999998,0.0,0.0,0.0,0.0,0.0,0.0,0.0,
1765994804.6470122,eth-updown-15m-1765994400,1765994400.0,1765995300.0,,495.35298776626587,,,,,0,0,0.9,0.98,ORDERS_OPEN,,,,,,,,,,,,,,0,5,,,,,,,,,,,,,,,,,,,,,,,,,,,,0.0,0.0,,,,,0,0,,,Inv: 0.0/0.0 CapLeft: 50.0,,,0.0,0.0,0.0,50.0,50.0,0.0,50.0,0.9,0.09999999999999998,0.0,0.0,0.0,0.0,0.0,0.0,0.0,
1765994806.148292,eth-updown-15m-1765994400,1765994400.0,1765995300.0,,493.85170793533325,,,,,0,0,0.9,0.98,ORDERS_OPEN,,,,,,,,,,,,,,0,5,,,,,,,,,,,,,,,,,,,,,,,,,,,,0.0,0.0,,,,,0,0,,,Inv: 0.0/0.0 CapLeft: 50.0,,,0.0,0.0,0.0,50.0,50.0,0.0,50.0,0.9,0.09999999999999998,0.0,0.0,0.0,0.0,0.0,0.0,0.0,
1765994807.6496024,eth-updown-15m-1765994400,1765994400.0,1765995300.0,,492.3503975868225,,,,,0,0,0.9,0.98,ORDERS_OPEN,,,,,,,,,,,,,,0,5,,,,,,,,,,,,,,,,,,,,,,,,,,,,0.0,0.0,,,,,0,0,,,Inv: 0.0/0.0 CapLeft: 50.0,,,0.0,0.0,0.0,50.0,50.0,0.0,50.0,0.9,0.09999999999999998,0.0,0.0,0.0,0.0,0.0,0.0,0.0,
1765994809.1516223,eth-updown-15m-1765994400,1765994400.0,1765995300.0,,490.84837770462036,,,,,0,0,0.9,0.98,ORDERS_OPEN,,,,,,,,,,,,,,0,5,,,,,,,,,,,,,,,,,,,,,,,,,,,,0.0,0.0,,,,,0,0,,,Inv: 0.0/0.0 CapLeft: 50.0,,,0.0,0.0,0.0,50.0,50.0,0.0,50.0,0.9,0.09999999999999998,0.0,0.0,0.0,0.0,0.0,0.0,0.0,
1765994810.6529927,eth-updown-15m-1765994400,1765994400.0,1765995300.0,,489.3470072746277,,,,,0,0,0.9,0.98,ORDERS_OPEN,,,,,,,,,,,,,,0,5,,,,,,,,,,,,,,,,,,,,,,,,,,,,0.0,0.0,,,,,0,0,,,Inv: 0.0/0.0 CapLeft: 50.0,,,0.0,0.0,0.0,50.0,50.0,0.0,50.0,0.9,0.09999999999999998,0.0,0.0,0.0,0.0,0.0,0.0,0.0,
1765994812.154413,eth-updown-15m-1765994400,1765994400.0,1765995300.0,,487.845587015152,,,,,0,0,0.9,0.98,ORDERS_OPEN,,,,,,,,,,,,,,0,5,,,,,,,,,,,,,,,,,,,,,,,,,,,,0.0,0.0,,,,,0,0,,,Inv: 0.0/0.0 CapLeft: 50.0,,,0.0,0.0,0.0,50.0,50.0,0.0,50.0,0.9,0.09999999999999998,0.0,0.0,0.0,0.0,0.0,0.0,0.0,
1765994815.15646,eth-updown-15m-1765994400,1765994400.0,1765995300.0,,484.8435399532318,,,,,0.45,0.45,0.9,0.98,ORDERS_OPEN,,,,,,,,,,,,,,5,5,,,,,,,,,,,,,,,,,,,,Leg:BOTH UP:5 DOWN:5,,,,,,,,0.0,0.0,,,,,0,0,,,Inv: 0.0/0.0 CapLeft: 50.0,,,0.0,0.0,0.0,50.0,50.0,0.0,50.0,0.9,0.09999999999999998,0.0,0.0,0.0,0.0,0.0,0.0,0.0,
1765994816.6583755,eth-updown-15m-1765994400,1765994400.0,1765995300.0,,483.3416244983673,,,,,0,0,0.9,0.98,ORDERS_OPEN,,,,,,,,,,,,,,0,5,,,,,,,,,,,,,,,,,,,,,,,,,,,,0.0,0.0,,,,,0,0,,,Inv: 0.0/0.0 CapLeft: 50.0,,,0.0,0.0,0.0,50.0,50.0,0.0,50.0,0.9,0.09999999999999998,0.0,0.0,0.0,0.0,0.0,0.0,0.0,
1765994818.1597278,eth-updown-15m-1765994400,1765994400.0,1765995300.0,,481.84027218818665,,,,,0,0,0.9,0.98,ORDERS_OPEN,,,,,,,,,,,,,,0,5,,,,,,,,,,,,,,,,,,,,,,,,,,,,0.0,0.0,,,,,0,0,,,Inv: 0.0/0.0 CapLeft: 50.0,,,0.0,0.0,0.0,50.0,50.0,0.0,50.0,0.9,0.09999999999999998,0.0,0.0,0.0,0.0,0.0,0.0,0.0,
1765994819.661156,eth-updown-15m-1765994400,1765994400.0,1765995300.0,,480.3388440608978,,,,,0,0,0.9,0.98,ORDERS_OPEN,,,,,,,,,,,,,,0,5,,,,,,,,,,,,,,,,,,,,,,,,,,,,0.0,0.0,,,,,0,0,,,Inv: 0.0/0.0 CapLeft: 50.0,,,0.0,0.0,0.0,50.0,50.0,0.0,50.0,0.9,0.09999999999999998,0.0,0.0,0.0,0.0,0.0,0.0,0.0,
1765994821.1623156,eth-updown-15m-1765994400,1765994400.0,1765995300.0,,478.8376843929291,,,,,0,0,0.9,0.98,ORDERS_OPEN,,,,,,,,,,,,,,0,5,,,,,,,,,,,,,,,,,,,,,,,,,,,,0.0,0.0,,,,,0,0,,,Inv: 0.0/0.0 CapLeft: 50.0,,,0.0,0.0,0.0,50.0,50.0,0.0,50.0,0.9,0.09999999999999998,0.0,0.0,0.0,0.0,0.0,0.0,0.0,
1765994822.6638486,eth-updown-15m-1765994400,1765994400.0,1765995300.0,,477.33615136146545,,,,,0,0,0.9,0.98,ORDERS_OPEN,,,,,,,,,,,,,,0,5,,,,,,,,,,,,,,,,,,,,,,,,,,,,0.0,0.0,,,,,0,0,,,Inv: 0.0/0.0 CapLeft: 50.0,,,0.0,0.0,0.0,50.0,50.0,0.0,50.0,0.9,0.09999999999999998,0.0,0.0,0.0,0.0,0.0,0.0,0.0,
1765994824.1654632,eth-updown-15m-1765994400,1765994400.0,1765995300.0,,475.8345367908478,,,,,0,0,0.9,0.98,ORDERS_OPEN,,,,,,,,,,,,,,0,5,,,,,,,,,,,,,,,,,,,,,,,,,,,,0.0,0.0,,,,,0,0,,,Inv: 0.0/0.0 CapLeft: 50.0,,,0.0,0.0,0.0,50.0,50.0,0.0,50.0,0.9,0.09999999999999998,0.0,0.0,0.0,0.0,0.0,0.0,0.0,
1765994825.6668513,eth-updown-15m-1765994400,1765994400.0,1765995300.0,,474.33314871788025,,,,,0,0,0.9,0.98,ORDERS_OPEN,,,,,,,,,,,,,,0,5,,,,,,,,,,,,,,,,,,,,,,,,,,,,0.0,0.0,,,,,0,0,,,Inv: 0.0/0.0 CapLeft: 50.0,,,0.0,0.0,0.0,50.0,50.0,0.0,50.0,0.9,0.09999999999999998,0.0,0.0,0.0,0.0,0.0,0.0,0.0,
1765994827.1774485,eth-updown-15m-1765994400,1765994400.0,1765995300.0,,472.82255148887634,,,,,0,0,0.9,0.98,ORDERS_OPEN,,,,,,,,,,,,,,0,5,,,,,,,,,,,,,,,,,,,,,,,,,,,,0.0,0.0,,,,,0,0,,,Inv: 0.0/0.0 CapLeft: 50.0,,,0.0,0.0,0.0,50.0,50.0,0.0,50.0,0.9,0.09999999999999998,0.0,0.0,0.0,0.0,0.0,0.0,0.0,
1765994828.678894,eth-updown-15m-1765994400,1765994400.0,1765995300.0,,471.32110595703125,,,,,0,0,0.9,0.98,ORDERS_OPEN,,,,,,,,,,,,,,0,5,,,,,,,,,,,,,,,,,,,,,,,,,,,,0.0,0.0,,,,,0,0,,,Inv: 0.0/0.0 CapLeft: 50.0,,,0.0,0.0,0.0,50.0,50.0,0.0,50.0,0.9,0.09999999999999998,0.0,0.0,0.0,0.0,0.0,0.0,0.0,
1765994831.6812587,eth-updown-15m-1765994400,1765994400.0,1765995300.0,,468.3187413215637,,,,,0.45,0.45,0.9,0.98,ORDERS_OPEN,,,,,,,,,,,,,,5,5,,,,,,,,,,,,,,,,,,,,Leg:BOTH UP:5 DOWN:5,,,,,,,,0.0,0.0,,,,,0,0,,,Inv: 0.0/0.0 CapLeft: 50.0,,,0.0,0.0,0.0,50.0,50.0,0.0,50.0,0.9,0.09999999999999998,0.0,0.0,0.0,0.0,0.0,0.0,0.0,
1765994833.1825433,eth-updown-15m-1765994400,1765994400.0,1765995300.0,,466.8174567222595,,,,,0,0,0.9,0.98,ORDERS_OPEN,,,,,,,,,,,,,,0,5,,,,,,,,,,,,,,,,,,,,,,,,,,,,0.0,0.0,,,,,0,0,,,Inv: 0.0/0.0 CapLeft: 50.0,,,0.0,0.0,0.0,50.0,50.0,0.0,50.0,0.9,0.09999999999999998,0.0,0.0,0.0,0.0,0.0,0.0,0.0,
1765994834.6844916,eth-updown-15m-1765994400,1765994400.0,1765995300.0,,465.3155083656311,,,,,0,0,0.9,0.98,ORDERS_OPEN,,,,,,,,,,,,,,0,5,,,,,,,,,,,,,,,,,,,,,,,,,,,,0.0,0.0,,,,,0,0,,,Inv: 0.0/0.0 CapLeft: 50.0,,,0.0,0.0,0.0,50.0,50.0,0.0,50.0,0.9,0.09999999999999998,0.0,0.0,0.0,0.0,0.0,0.0,0.0,
1765994836.1860929,eth-updown-15m-1765994400,1765994400.0,1765995300.0,,463.81390714645386,,,,,0,0,0.9,0.98,ORDERS_OPEN,,,,,,,,,,,,,,0,5,,,,,,,,,,,,,,,,,,,,,,,,,,,,0.0,0.0,,,,,0,0,,,Inv: 0.0/0.0 CapLeft: 50.0,,,0.0,0.0,0.0,50.0,50.0,0.0,50.0,0.9,0.09999999999999998,0.0,0.0,0.0,0.0,0.0,0.0,0.0,
1765994837.6877022,eth-updown-15m-1765994400,1765994400.0,1765995300.0,,462.3122978210449,,,,,0,0,0.9,0.98,ORDERS_OPEN,,,,,,,,,,,,,,0,5,,,,,,,,,,,,,,,,,,,,,,,,,,,,0.0,0.0,,,,,0,0,,,Inv: 0.0/0.0 CapLeft: 50.0,,,0.0,0.0,0.0,50.0,50.0,0.0,50.0,0.9,0.09999999999999998,0.0,0.0,0.0,0.0,0.0,0.0,0.0,
1765994839.1896043,eth-updown-15m-1765994400,1765994400.0,1765995300.0,,460.81039571762085,,,,,0,0,0.9,0.98,ORDERS_OPEN,,,,,,,,,,,,,,0,5,,,,,,,,,,,,,,,,,,,,,,,,,,,,0.0,0.0,,,,,0,0,,,Inv: 0.0/0.0 CapLeft: 50.0,,,0.0,0.0,0.0,50.0,50.0,0.0,50.0,0.9,0.09999999999999998,0.0,0.0,0.0,0.0,0.0,0.0,0.0,
1765994840.6916668,eth-updown-15m-1765994400,1765994400.0,1765995300.0,,459.30833315849304,,,,,0,0,0.9,0.98,ORDERS_OPEN,,,,,,,,,,,,,,0,5,,,,,,,,,,,,,,,,,,,,,,,,,,,,0.0,0.0,,,,,0,0,,,Inv: 0.0/0.0 CapLeft: 50.0,,,0.0,0.0,0.0,50.0,50.0,0.0,50.0,0.9,0.09999999999999998,0.0,0.0,0.0,0.0,0.0,0.0,0.0,
1765994842.1932402,eth-updown-15m-1765994400,1765994400.0,1765995300.0,,457.80675983428955,,,,,0,0,0.9,0.98,ORDERS_OPEN,,,,,,,,,,,,,,0,5,,,,,,,,,,,,,,,,,,,,,,,,,,,,0.0,0.0,,,,,0,0,,,Inv: 0.0/0.0 CapLeft: 50.0,,,0.0,0.0,0.0,50.0,50.0,0.0,50.0,0.9,0.09999999999999998,0.0,0.0,0.0,0.0,0.0,0.0,0.0,
1765994843.69445,eth-updown-15m-1765994400,1765994400.0,1765995300.0,,456.3055500984192,,,,,0,0,0.9,0.98,ORDERS_OPEN,,,,,,,,,,,,,,0,5,,,,,,,,,,,,,,,,,,,,,,,,,,,,0.0,0.0,,,,,0,0,,,Inv: 0.0/0.0 CapLeft: 50.0,,,0.0,0.0,0.0,50.0,50.0,0.0,50.0,0.9,0.09999999999999998,0.0,0.0,0.0,0.0,0.0,0.0,0.0,
1765994845.1959505,eth-updown-15m-1765994400,1765994400.0,1765995300.0,,454.8040494918823,,,,,0,0,0.9,0.98,ORDERS_OPEN,,,,,,,,,,,,,,0,5,,,,,,,,,,,,,,,,,,,,,,,,,,,,0.0,0.0,,,,,0,0,,,Inv: 0.0/0.0 CapLeft: 50.0,,,0.0,0.0,0.0,50.0,50.0,0.0,50.0,0.9,0.09999999999999998,0.0,0.0,0.0,0.0,0.0,0.0,0.0,
1765994848.1987987,eth-updown-15m-1765994400,1765994400.0,1765995300.0,,451.8012013435364,,,,,0.45,0.45,0.9,0.98,ORDERS_OPEN,,,,,,,,,,,,,,5,5,,,,,,,,,,,,,,,,,,,,Leg:BOTH UP:5 DOWN:5,,,,,,,,0.0,0.0,,,,,0,0,,,Inv: 0.0/0.0 CapLeft: 50.0,,,0.0,0.0,0.0,50.0,50.0,0.0,50.0,0.9,0.09999999999999998,0.0,0.0,0.0,0.0,0.0,0.0,0.0,
1765994849.7007253,eth-updown-15m-1765994400,1765994400.0,1765995300.0,,450.29927468299866,,,,,0,0,0.9,0.98,ORDERS_OPEN,,,,,,,,,,,,,,0,5,,,,,,,,,,,,,,,,,,,,,,,,,,,,0.0,0.0,,,,,0,0,,,Inv: 0.0/0.0 CapLeft: 50.0,,,0.0,0.0,0.0,50.0,50.0,0.0,50.0,0.9,0.09999999999999998,0.0,0.0,0.0,0.0,0.0,0.0,0.0,
1765994851.2023833,eth-updown-15m-1765994400,1765994400.0,1765995300.0,,448.7976167201996,,,,,0,0,0.9,0.98,ORDERS_OPEN,,,,,,,,,,,,,,0,5,,,,,,,,,,,,,,,,,,,,,,,,,,,,0.0,0.0,,,,,0,0,,,Inv: 0.0/0.0 CapLeft: 50.0,,,0.0,0.0,0.0,50.0,50.0,0.0,50.0,0.9,0.09999999999999998,0.0,0.0,0.0,0.0,0.0,0.0,0.0,
1765994852.7039335,eth-updown-15m-1765994400,1765994400.0,1765995300.0,,447.29606652259827,,,,,0,0,0.9,0.98,ORDERS_OPEN,,,,,,,,,,,,,,0,5,,,,,,,,,,,,,,,,,,,,,,,,,,,,0.0,0.0,,,,,0,0,,,Inv: 0.0/0.0 CapLeft: 50.0,,,0.0,0.0,0.0,50.0,50.0,0.0,50.0,0.9,0.09999999999999998,0.0,0.0,0.0,0.0,0.0,0.0,0.0,
1765994854.2063386,eth-updown-15m-1765994400,1765994400.0,1765995300.0,,445.7936613559723,,,,,0,0,0.9,0.98,ORDERS_OPEN,,,,,,,,,,,,,,0,5,,,,,,,,,,,,,,,,,,,,,,,,,,,,0.0,0.0,,,,,0,0,,,Inv: 0.0/0.0 CapLeft: 50.0,,,0.0,0.0,0.0,50.0,50.0,0.0,50.0,0.9,0.09999999999999998,0.0,0.0,0.0,0.0,0.0,0.0,0.0,
1765994855.7083356,eth-updown-15m-1765994400,1765994400.0,1765995300.0,,444.29166436195374,,,,,0,0,0.9,0.98,ORDERS_OPEN,,,,,,,,,,,,,,0,5,,,,,,,,,,,,,,,,,,,,,,,,,,,,0.0,0.0,,,,,0,0,,,Inv: 0.0/0.0 CapLeft: 50.0,,,0.0,0.0,0.0,50.0,50.0,0.0,50.0,0.9,0.09999999999999998,0.0,0.0,0.0,0.0,0.0,0.0,0.0,
1765994857.2102892,eth-updown-15m-1765994400,1765994400.0,1765995300.0,,442.7897107601166,,,,,0,0,0.9,0.98,ORDERS_OPEN,,,,,,,,,,,,,,0,5,,,,,,,,,,,,,,,,,,,,,,,,,,,,0.0,0.0,,,,,0,0,,,Inv: 0.0/0.0 CapLeft: 50.0,,,0.0,0.0,0.0,50.0,50.0,0.0,50.0,0.9,0.09999999999999998,0.0,0.0,0.0,0.0,0.0,0.0,0.0,
1765994858.7118628,eth-updown-15m-1765994400,1765994400.0,1765995300.0,,441.2881371974945,,,,,0,0,0.9,0.98,ORDERS_OPEN,,,,,,,,,,,,,,0,5,,,,,,,,,,,,,,,,,,,,,,,,,,,,0.0,0.0,,,,,0,0,,,Inv: 0.0/0.0 CapLeft: 50.0,,,0.0,0.0,0.0,50.0,50.0,0.0,50.0,0.9,0.09999999999999998,0.0,0.0,0.0,0.0,0.0,0.0,0.0,
1765994860.2140431,eth-updown-15m-1765994400,1765994400.0,1765995300.0,,439.7859568595886,,,,,0,0,0.9,0.98,ORDERS_OPEN,,,,,,,,,,,,,,0,5,,,,,,,,,,,,,,,,,,,,,,,,,,,,0.0,0.0,,,,,0,0,,,Inv: 0.0/0.0 CapLeft: 50.0,,,0.0,0.0,0.0,50.0,50.0,0.0,50.0,0.9,0.09999999999999998,0.0,0.0,0.0,0.0,0.0,0.0,0.0,
1765994861.715965,eth-updown-15m-1765994400,1765994400.0,1765995300.0,,438.2840349674225,,,,,0,0,0.9,0.98,ORDERS_OPEN,,,,,,,,,,,,,,0,5,,,,,,,,,,,,,,,,,,,,,,,,,,,,0.0,0.0,,,,,0,0,,,Inv: 0.0/0.0 CapLeft: 50.0,,,0.0,0.0,0.0,50.0,50.0,0.0,50.0,0.9,0.09999999999999998,0.0,0.0,0.0,0.0,0.0,0.0,0.0,
1765994864.7186995,eth-updown-15m-1765994400,1765994400.0,1765995300.0,,435.28130054473877,,,,,0.45,0.45,0.9,0.98,ORDERS_OPEN,,,,,,,,,,,,,,5,5,,,,,,,,,,,,,,,,,,,,Leg:BOTH UP:5 DOWN:5,,,,,,,,0.0,0.0,,,,,0,0,,,Inv: 0.0/0.0 CapLeft: 50.0,,,0.0,0.0,0.0,50.0,50.0,0.0,50.0,0.9,0.09999999999999998,0.0,0.0,0.0,0.0,0.0,0.0,0.0,
1765994866.2199829,eth-updown-15m-1765994400,1765994400.0,1765995300.0,,433.78001713752747,,,,,0,0,0.9,0.98,ORDERS_OPEN,,,,,,,,,,,,,,0,5,,,,,,,,,,,,,,,,,,,,,,,,,,,,0.0,0.0,,,,,0,0,,,Inv: 0.0/0.0 CapLeft: 50.0,,,0.0,0.0,0.0,50.0,50.0,0.0,50.0,0.9,0.09999999999999998,0.0,0.0,0.0,0.0,0.0,0.0,0.0,
1765994867.721461,eth-updown-15m-1765994400,1765994400.0,1765995300.0,,432.27853894233704,,,,,0,0,0.9,0.98,ORDERS_OPEN,,,,,,,,,,,,,,0,5,,,,,,,,,,,,,,,,,,,,,,,,,,,,0.0,0.0,,,,,0,0,,,Inv: 0.0/0.0 CapLeft: 50.0,,,0.0,0.0,0.0,50.0,50.0,0.0,50.0,0.9,0.09999999999999998,0.0,0.0,0.0,0.0,0.0,0.0,0.0,
1765994869.2232444,eth-updown-15m-1765994400,1765994400.0,1765995300.0,,430.77675557136536,,,,,0,0,0.9,0.98,ORDERS_OPEN,,,,,,,,,,,,,,0,5,,,,,,,,,,,,,,,,,,,,,,,,,,,,0.0,0.0,,,,,0,0,,,Inv: 0.0/0.0 CapLeft: 50.0,,,0.0,0.0,0.0,50.0,50.0,0.0,50.0,0.9,0.09999999999999998,0.0,0.0,0.0,0.0,0.0,0.0,0.0,
1765994870.7249584,eth-updown-15m-1765994400,1765994400.0,1765995300.0,,429.2750415802002,,,,,0,0,0.9,0.98,ORDERS_OPEN,,,,,,,,,,,,,,0,5,,,,,,,,,,,,,,,,,,,,,,,,,,,,0.0,0.0,,,,,0,0,,,Inv: 0.0/0.0 CapLeft: 50.0,,,0.0,0.0,0.0,50.0,50.0,0.0,50.0,0.9,0.09999999999999998,0.0,0.0,0.0,0.0,0.0,0.0,0.0,
1765994872.2269738,eth-updown-15m-1765994400,1765994400.0,1765995300.0,,427.77302622795105,,,,,0,0,0.9,0.98,ORDERS_OPEN,,,,,,,,,,,,,,0,5,,,,,,,,,,,,,,,,,,,,,,,,,,,,0.0,0.0,,,,,0,0,,,Inv: 0.0/0.0 CapLeft: 50.0,,,0.0,0.0,0.0,50.0,50.0,0.0,50.0,0.9,0.09999999999999998,0.0,0.0,0.0,0.0,0.0,0.0,0.0,
1765994873.7282603,eth-updown-15m-1765994400,1765994400.0,1765995300.0,,426.2717397212982,,,,,0,0,0.9,0.98,ORDERS_OPEN,,,,,,,,,,,,,,0,5,,,,,,,,,,,,,,,,,,,,,,,,,,,,0.0,0.0,,,,,0,0,,,Inv: 0.0/0.0 CapLeft: 50.0,,,0.0,0.0,0.0,50.0,50.0,0.0,50.0,0.9,0.09999999999999998,0.0,0.0,0.0,0.0,0.0,0.0,0.0,
1765994875.2296042,eth-updown-15m-1765994400,1765994400.0,1765995300.0,,424.7703957557678,,,,,0,0,0.9,0.98,ORDERS_OPEN,,,,,,,,,,,,,,0,5,,,,,,,,,,,,,,,,,,,,,,,,,,,,0.0,0.0,,,,,0,0,,,Inv: 0.0/0.0 CapLeft: 50.0,,,0.0,0.0,0.0,50.0,50.0,0.0,50.0,0.9,0.09999999999999998,0.0,0.0,0.0,0.0,0.0,0.0,0.0,
1765994876.7319634,eth-updown-15m-1765994400,1765994400.0,1765995300.0,,423.2680366039276,,,,,0,0,0.9,0.98,ORDERS_OPEN,,,,,,,,,,,,,,0,5,,,,,,,,,,,,,,,,,,,,,,,,,,,,0.0,0.0,,,,,0,0,,,Inv: 0.0/0.0 CapLeft: 50.0,,,0.0,0.0,0.0,50.0,50.0,0.0,50.0,0.9,0.09999999999999998,0.0,0.0,0.0,0.0,0.0,0.0,0.0,
1765994878.2333791,eth-updown-15m-1765994400,1765994400.0,1765995300.0,,421.7666208744049,,,,,0,0,0.9,0.98,ORDERS_OPEN,,,,,,,,,,,,,,0,5,,,,,,,,,,,,,,,,,,,,,,,,,,,,0.0,0.0,,,,,0,0,,,Inv: 0.0/0.0 CapLeft: 50.0,,,0.0,0.0,0.0,50.0,50.0,0.0,50.0,0.9,0.09999999999999998,0.0,0.0,0.0,0.0,0.0,0.0,0.0,
1765994881.236909,eth-updown-15m-1765994400,1765994400.0,1765995300.0,,418.7630910873413,,,,,0.45,0.45,0.9,0.98,ORDERS_OPEN,,,,,,,,,,,,,,5,5,,,,,,,,,,,,,,,,,,,,Leg:BOTH UP:5 DOWN:5,,,,,,,,0.0,0.0,,,,,0,0,,,Inv: 0.0/0.0 CapLeft: 50.0,,,0.0,0.0,0.0,50.0,50.0,0.0,50.0,0.9,0.09999999999999998,0.0,0.0,0.0,0.0,0.0,0.0,0.0,
1765994882.73824,eth-updown-15m-1765994400,1765994400.0,1765995300.0,,417.2617599964142,,,,,0,0,0.9,0.98,ORDERS_OPEN,,,,,,,,,,,,,,0,5,,,,,,,,,,,,,,,,,,,,,,,,,,,,0.0,0.0,,,,,0,0,,,Inv: 0.0/0.0 CapLeft: 50.0,,,0.0,0.0,0.0,50.0,50.0,0.0,50.0,0.9,0.09999999999999998,0.0,0.0,0.0,0.0,0.0,0.0,0.0,
1765994884.2397406,eth-updown-15m-1765994400,1765994400.0,1765995300.0,,415.7602593898773,,,,,0,0,0.9,0.98,ORDERS_OPEN,,,,,,,,,,,,,,0,5,,,,,,,,,,,,,,,,,,,,,,,,,,,,0.0,0.0,,,,,0,0,,,Inv: 0.0/0.0 CapLeft: 50.0,,,0.0,0.0,0.0,50.0,50.0,0.0,50.0,0.9,0.09999999999999998,0.0,0.0,0.0,0.0,0.0,0.0,0.0,
1765994885.741691,eth-updown-15m-1765994400,1765994400.0,1765995300.0,,414.2583088874817,,,,,0,0,0.9,0.98,ORDERS_OPEN,,,,,,,,,,,,,,0,5,,,,,,,,,,,,,,,,,,,,,,,,,,,,0.0,0.0,,,,,0,0,,,Inv: 0.0/0.0 CapLeft: 50.0,,,0.0,0.0,0.0,50.0,50.0,0.0,50.0,0.9,0.09999999999999998,0.0,0.0,0.0,0.0,0.0,0.0,0.0,
1765994887.2428446,eth-updown-15m-1765994400,1765994400.0,1765995300.0,,412.757155418396,,,,,0,0,0.9,0.98,ORDERS_OPEN,,,,,,,,,,,,,,0,5,,,,,,,,,,,,,,,,,,,,,,,,,,,,0.0,0.0,,,,,0,0,,,Inv: 0.0/0.0 CapLeft: 50.0,,,0.0,0.0,0.0,50.0,50.0,0.0,50.0,0.9,0.09999999999999998,0.0,0.0,0.0,0.0,0.0,0.0,0.0,
1765994888.7444217,eth-updown-15m-1765994400,1765994400.0,1765995300.0,,411.25557827949524,,,,,0,0,0.9,0.98,ORDERS_OPEN,,,,,,,,,,,,,,0,5,,,,,,,,,,,,,,,,,,,,,,,,,,,,0.0,0.0,,,,,0,0,,,Inv: 0.0/0.0 CapLeft: 50.0,,,0.0,0.0,0.0,50.0,50.0,0.0,50.0,0.9,0.09999999999999998,0.0,0.0,0.0,0.0,0.0,0.0,0.0,
1765994890.2455962,eth-updown-15m-1765994400,1765994400.0,1765995300.0,,409.7544038295746,,,,,0,0,0.9,0.98,ORDERS_OPEN,,,,,,,,,,,,,,0,5,,,,,,,,,,,,,,,,,,,,,,,,,,,,0.0,0.0,,,,,0,0,,,Inv: 0.0/0.0 CapLeft: 50.0,,,0.0,0.0,0.0,50.0,50.0,0.0,50.0,0.9,0.09999999999999998,0.0,0.0,0.0,0.0,0.0,0.0,0.0,
1765994891.7477932,eth-updown-15m-1765994400,1765994400.0,1765995300.0,,408.25220680236816,,,,,0,0,0.9,0.98,ORDERS_OPEN,,,,,,,,,,,,,,0,5,,,,,,,,,,,,,,,,,,,,,,,,,,,,0.0,0.0,,,,,0,0,,,Inv: 0.0/0.0 CapLeft: 50.0,,,0.0,0.0,0.0,50.0,50.0,0.0,50.0,0.9,0.09999999999999998,0.0,0.0,0.0,0.0,0.0,0.0,0.0,
1765994893.249492,eth-updown-15m-1765994400,1765994400.0,1765995300.0,,406.75050806999207,,,,,0,0,0.9,0.98,ORDERS_OPEN,,,,,,,,,,,,,,0,5,,,,,,,,,,,,,,,,,,,,,,,,,,,,0.0,0.0,,,,,0,0,,,Inv: 0.0/0.0 CapLeft: 50.0,,,0.0,0.0,0.0,50.0,50.0,0.0,50.0,0.9,0.09999999999999998,0.0,0.0,0.0,0.0,0.0,0.0,0.0,
1765994894.75135,eth-updown-15m-1765994400,1765994400.0,1765995300.0,,405.2486500740051,,,,,0,0,0.9,0.98,ORDERS_OPEN,,,,,,,,,,,,,,0,5,,,,,,,,,,,,,,,,,,,,,,,,,,,,0.0,0.0,,,,,0,0,,,Inv: 0.0/0.0 CapLeft: 50.0,,,0.0,0.0,0.0,50.0,50.0,0.0,50.0,0.9,0.09999999999999998,0.0,0.0,0.0,0.0,0.0,0.0,0.0,
1765994897.7532105,eth-updown-15m-1765994400,1765994400.0,1765995300.0,,402.2467894554138,,,,,0.45,0.45,0.9,0.98,ORDERS_OPEN,,,,,,,,,,,,,,5,5,,,,,,,,,,,,,,,,,,,,Leg:BOTH UP:5 DOWN:5,,,,,,,,0.0,0.0,,,,,0,0,,,Inv: 0.0/0.0 CapLeft: 50.0,,,0.0,0.0,0.0,50.0,50.0,0.0,50.0,0.9,0.09999999999999998,0.0,0.0,0.0,0.0,0.0,0.0,0.0,
1765994899.2546356,eth-updown-15m-1765994400,1765994400.0,1765995300.0,,400.7453644275665,,,,,0,0,0.9,0.98,ORDERS_OPEN,,,,,,,,,,,,,,0,5,,,,,,,,,,,,,,,,,,,,,,,,,,,,0.0,0.0,,,,,0,0,,,Inv: 0.0/0.0 CapLeft: 50.0,,,0.0,0.0,0.0,50.0,50.0,0.0,50.0,0.9,0.09999999999999998,0.0,0.0,0.0,0.0,0.0,0.0,0.0,
1765994900.756071,eth-updown-15m-1765994400,1765994400.0,1765995300.0,,399.24392890930176,,,,,0,0,0.9,0.98,ORDERS_OPEN,,,,,,,,,,,,,,0,5,,,,,,,,,,,,,,,,,,,,,,,,,,,,0.0,0.0,,,,,0,0,,,Inv: 0.0/0.0 CapLeft: 50.0,,,0.0,0.0,0.0,50.0,50.0,0.0,50.0,0.9,0.09999999999999998,0.0,0.0,0.0,0.0,0.0,0.0,0.0,
1765994902.257666,eth-updown-15m-1765994400,1765994400.0,1765995300.0,,397.74233388900757,,,,,0,0,0.9,0.98,ORDERS_OPEN,,,,,,,,,,,,,,0,5,,,,,,,,,,,,,,,,,,,,,,,,,,,,0.0,0.0,,,,,0,0,,,Inv: 0.0/0.0 CapLeft: 50.0,,,0.0,0.0,0.0,50.0,50.0,0.0,50.0,0.9,0.09999999999999998,0.0,0.0,0.0,0.0,0.0,0.0,0.0,
1765994903.7590008,eth-updown-15m-1765994400,1765994400.0,1765995300.0,,396.24099922180176,,,,,0,0,0.9,0.98,ORDERS_OPEN,,,,,,,,,,,,,,0,5,,,,,,,,,,,,,,,,,,,,,,,,,,,,0.0,0.0,,,,,0,0,,,Inv: 0.0/0.0 CapLeft: 50.0,,,0.0,0.0,0.0,50.0,50.0,0.0,50.0,0.9,0.09999999999999998,0.0,0.0,0.0,0.0,0.0,0.0,0.0,
1765994905.2601674,eth-updown-15m-1765994400,1765994400.0,1765995300.0,,394.7398326396942,,,,,0,0,0.9,0.98,ORDERS_OPEN,,,,,,,,,,,,,,0,5,,,,,,,,,,,,,,,,,,,,,,,,,,,,0.0,0.0,,,,,0,0,,,Inv: 0.0/0.0 CapLeft: 50.0,,,0.0,0.0,0.0,50.0,50.0,0.0,50.0,0.9,0.09999999999999998,0.0,0.0,0.0,0.0,0.0,0.0,0.0,
1765994906.7618647,eth-updown-15m-1765994400,1765994400.0,1765995300.0,,393.2381353378296,,,,,0,0,0.9,0.98,ORDERS_OPEN,,,,,,,,,,,,,,0,5,,,,,,,,,,,,,,,,,,,,,,,,,,,,0.0,0.0,,,,,0,0,,,Inv: 0.0/0.0 CapLeft: 50.0,,,0.0,0.0,0.0,50.0,50.0,0.0,50.0,0.9,0.09999999999999998,0.0,0.0,0.0,0.0,0.0,0.0,0.0,
1765994908.2631686,eth-updown-15m-1765994400,1765994400.0,1765995300.0,,391.7368314266205,,,,,0,0,0.9,0.98,ORDERS_OPEN,,,,,,,,,,,,,,0,5,,,,,,,,,,,,,,,,,,,,,,,,,,,,0.0,0.0,,,,,0,0,,,Inv: 0.0/0.0 CapLeft: 50.0,,,0.0,0.0,0.0,50.0,50.0,0.0,50.0,0.9,0.09999999999999998,0.0,0.0,0.0,0.0,0.0,0.0,0.0,
1765994909.7646763,eth-updown-15m-1765994400,1765994400.0,1765995300.0,,390.23532366752625,,,,,0,0,0.9,0.98,ORDERS_OPEN,,,,,,,,,,,,,,0,5,,,,,,,,,,,,,,,,,,,,,,,,,,,,0.0,0.0,,,,,0,0,,,Inv: 0.0/0.0 CapLeft: 50.0,,,0.0,0.0,0.0,50.0,50.0,0.0,50.0,0.9,0.09999999999999998,0.0,0.0,0.0,0.0,0.0,0.0,0.0,
1765994911.2658072,eth-updown-15m-1765994400,1765994400.0,1765995300.0,,388.73419284820557,,,,,0,0,0.9,0.98,ORDERS_OPEN,,,,,,,,,,,,,,0,5,,,,,,,,,,,,,,,,,,,,,,,,,,,,0.0,0.0,,,,,0,0,,,Inv: 0.0/0.0 CapLeft: 50.0,,,0.0,0.0,0.0,50.0,50.0,0.0,50.0,0.9,0.09999999999999998,0.0,0.0,0.0,0.0,0.0,0.0,0.0,
1765994914.2677777,eth-updown-15m-1765994400,1765994400.0,1765995300.0,,385.7322223186493,,,,,0.45,0.45,0.9,0.98,ORDERS_OPEN,,,,,,,,,,,,,,5,5,,,,,,,,,,,,,,,,,,,,Leg:BOTH UP:5 DOWN:5,,,,,,,,0.0,0.0,,,,,0,0,,,Inv: 0.0/0.0 CapLeft: 50.0,,,0.0,0.0,0.0,50.0,50.0,0.0,50.0,0.9,0.09999999999999998,0.0,0.0,0.0,0.0,0.0,0.0,0.0,
1765994915.7691994,eth-updown-15m-1765994400,1765994400.0,1765995300.0,,384.2308006286621,,,,,0,0,0.9,0.98,ORDERS_OPEN,,,,,,,,,,,,,,0,5,,,,,,,,,,,,,,,,,,,,,,,,,,,,0.0,0.0,,,,,0,0,,,Inv: 0.0/0.0 CapLeft: 50.0,,,0.0,0.0,0.0,50.0,50.0,0.0,50.0,0.9,0.09999999999999998,0.0,0.0,0.0,0.0,0.0,0.0,0.0,
1765994917.2706,eth-updown-15m-1765994400,1765994400.0,1765995300.0,,382.7293999195099,,,,,0,0,0.9,0.98,ORDERS_OPEN,,,,,,,,,,,,,,0,5,,,,,,,,,,,,,,,,,,,,,,,,,,,,0.0,0.0,,,,,0,0,,,Inv: 0.0/0.0 CapLeft: 50.0,,,0.0,0.0,0.0,50.0,50.0,0.0,50.0,0.9,0.09999999999999998,0.0,0.0,0.0,0.0,0.0,0.0,0.0,
1765994918.771703,eth-updown-15m-1765994400,1765994400.0,1765995300.0,,381.22829699516296,,,,,0,0,0.9,0.98,ORDERS_OPEN,,,,,,,,,,,,,,0,5,,,,,,,,,,,,,,,,,,,,,,,,,,,,0.0,0.0,,,,,0,0,,,Inv: 0.0/0.0 CapLeft: 50.0,,,0.0,0.0,0.0,50.0,50.0,0.0,50.0,0.9,0.09999999999999998,0.0,0.0,0.0,0.0,0.0,0.0,0.0,
1765994920.273185,eth-updown-15m-1765994400,1765994400.0,1765995300.0,,379.72681498527527,,,,,0,0,0.9,0.98,ORDERS_OPEN,,,,,,,,,,,,,,0,5,,,,,,,,,,,,,,,,,,,,,,,,,,,,0.0,0.0,,,,,0,0,,,Inv: 0.0/0.0 CapLeft: 50.0,,,0.0,0.0,0.0,50.0,50.0,0.0,50.0,0.9,0.09999999999999998,0.0,0.0,0.0,0.0,0.0,0.0,0.0,
1765994921.7753685,eth-updown-15m-1765994400,1765994400.0,1765995300.0,,378.22463154792786,,,,,0,0,0.9,0.98,ORDERS_OPEN,,,,,,,,,,,,,,0,5,,,,,,,,,,,,,,,,,,,,,,,,,,,,0.0,0.0,,,,,0,0,,,Inv: 0.0/0.0 CapLeft: 50.0,,,0.0,0.0,0.0,50.0,50.0,0.0,50.0,0.9,0.09999999999999998,0.0,0.0,0.0,0.0,0.0,0.0,0.0,
1765994923.277074,eth-updown-15m-1765994400,1765994400.0,1765995300.0,,376.72292590141296,,,,,0,0,0.9,0.98,ORDERS_OPEN,,,,,,,,,,,,,,0,5,,,,,,,,,,,,,,,,,,,,,,,,,,,,0.0,0.0,,,,,0,0,,,Inv: 0.0/0.0 CapLeft: 50.0,,,0.0,0.0,0.0,50.0,50.0,0.0,50.0,0.9,0.09999999999999998,0.0,0.0,0.0,0.0,0.0,0.0,0.0,
1765994924.7785091,eth-updown-15m-1765994400,1765994400.0,1765995300.0,,375.22149085998535,,,,,0,0,0.9,0.98,ORDERS_OPEN,,,,,,,,,,,,,,0,5,,,,,,,,,,,,,,,,,,,,,,,,,,,,0.0,0.0,,,,,0,0,,,Inv: 0.0/0.0 CapLeft: 50.0,,,0.0,0.0,0.0,50.0,50.0,0.0,50.0,0.9,0.09999999999999998,0.0,0.0,0.0,0.0,0.0,0.0,0.0,
1765994926.2796876,eth-updown-15m-1765994400,1765994400.0,1765995300.0,,373.72031235694885,,,,,0,0,0.9,0.98,ORDERS_OPEN,,,,,,,,,,,,,,0,5,,,,,,,,,,,,,,,,,,,,,,,,,,,,0.0,0.0,,,,,0,0,,,Inv: 0.0/0.0 CapLeft: 50.0,,,0.0,0.0,0.0,50.0,50.0,0.0,50.0,0.9,0.09999999999999998,0.0,0.0,0.0,0.0,0.0,0.0,0.0,
1765994927.7813504,eth-updown-15m-1765994400,1765994400.0,1765995300.0,,372.2186496257782,,,,,0,0,0.9,0.98,ORDERS_OPEN,,,,,,,,,,,,,,0,5,,,,,,,,,,,,,,,,,,,,,,,,,,,,0.0,0.0,,,,,0,0,,,Inv: 0.0/0.0 CapLeft: 50.0,,,0.0,0.0,0.0,50.0,50.0,0.0,50.0,0.9,0.09999999999999998,0.0,0.0,0.0,0.0,0.0,0.0,0.0,
1765994930.783551,eth-updown-15m-1765994400,1765994400.0,1765995300.0,,369.2164490222931,,,,,0.45,0.45,0.9,0.98,ORDERS_OPEN,,,,,,,,,,,,,,5,5,,,,,,,,,,,,,,,,,,,,Leg:BOTH UP:5 DOWN:5,,,,,,,,0.0,0.0,,,,,0,0,,,Inv: 0.0/0.0 CapLeft: 50.0,,,0.0,0.0,0.0,50.0,50.0,0.0,50.0,0.9,0.09999999999999998,0.0,0.0,0.0,0.0,0.0,0.0,0.0,
1765994932.285183,eth-updown-15m-1765994400,1765994400.0,1765995300.0,,367.71481704711914,,,,,0,0,0.9,0.98,ORDERS_OPEN,,,,,,,,,,,,,,0,5,,,,,,,,,,,,,,,,,,,,,,,,,,,,0.0,0.0,,,,,0,0,,,Inv: 0.0/0.0 CapLeft: 50.0,,,0.0,0.0,0.0,50.0,50.0,0.0,50.0,0.9,0.09999999999999998,0.0,0.0,0.0,0.0,0.0,0.0,0.0,
1765994933.7867997,eth-updown-15m-1765994400,1765994400.0,1765995300.0,,366.21320033073425,,,,,0,0,0.9,0.98,ORDERS_OPEN,,,,,,,,,,,,,,0,5,,,,,,,,,,,,,,,,,,,,,,,,,,,,0.0,0.0,,,,,0,0,,,Inv: 0.0/0.0 CapLeft: 50.0,,,0.0,0.0,0.0,50.0,50.0,0.0,50.0,0.9,0.09999999999999998,0.0,0.0,0.0,0.0,0.0,0.0,0.0,
1765994935.2882218,eth-updown-15m-1765994400,1765994400.0,1765995300.0,,364.7117781639099,,,,,0,0,0.9,0.98,ORDERS_OPEN,,,,,,,,,,,,,,0,5,,,,,,,,,,,,,,,,,,,,,,,,,,,,0.0,0.0,,,,,0,0,,,Inv: 0.0/0.0 CapLeft: 50.0,,,0.0,0.0,0.0,50.0,50.0,0.0,50.0,0.9,0.09999999999999998,0.0,0.0,0.0,0.0,0.0,0.0,0.0,
1765994936.789741,eth-updown-15m-1765994400,1765994400.0,1765995300.0,,363.2102589607239,,,,,0,0,0.9,0.98,ORDERS_OPEN,,,,,,,,,,,,,,0,5,,,,,,,,,,,,,,,,,,,,,,,,,,,,0.0,0.0,,,,,0,0,,,Inv: 0.0/0.0 CapLeft: 50.0,,,0.0,0.0,0.0,50.0,50.0,0.0,50.0,0.9,0.09999999999999998,0.0,0.0,0.0,0.0,0.0,0.0,0.0,
1765994938.2911897,eth-updown-15m-1765994400,1765994400.0,1765995300.0,,361.70881032943726,,,,,0,0,0.9,0.98,ORDERS_OPEN,,,,,,,,,,,,,,0,5,,,,,,,,,,,,,,,,,,,,,,,,,,,,0.0,0.0,,,,,0,0,,,Inv: 0.0/0.0 CapLeft: 50.0,,,0.0,0.0,0.0,50.0,50.0,0.0,50.0,0.9,0.09999999999999998,0.0,0.0,0.0,0.0,0.0,0.0,0.0,
1765994939.7927754,eth-updown-15m-1765994400,1765994400.0,1765995300.0,,360.20722460746765,,,,,0,0,0.9,0.98,ORDERS_OPEN,,,,,,,,,,,,,,0,5,,,,,,,,,,,,,,,,,,,,,,,,,,,,0.0,0.0,,,,,0,0,,,Inv: 0.0/0.0 CapLeft: 50.0,,,0.0,0.0,0.0,50.0,50.0,0.0,50.0,0.9,0.09999999999999998,0.0,0.0,0.0,0.0,0.0,0.0,0.0,
1765994941.2940605,eth-updown-15m-1765994400,1765994400.0,1765995300.0,,358.7059395313263,,,,,0,0,0.9,0.98,ORDERS_OPEN,,,,,,,,,,,,,,0,5,,,,,,,,,,,,,,,,,,,,,,,,,,,,0.0,0.0,,,,,0,0,,,Inv: 0.0/0.0 CapLeft: 50.0,,,0.0,0.0,0.0,50.0,50.0,0.0,50.0,0.9,0.09999999999999998,0.0,0.0,0.0,0.0,0.0,0.0,0.0,
1765994942.7956817,eth-updown-15m-1765994400,1765994400.0,1765995300.0,,357.2043182849884,,,,,0,0,0.9,0.98,ORDERS_OPEN,,,,,,,,,,,,,,0,5,,,,,,,,,,,,,,,,,,,,,,,,,,,,0.0,0.0,,,,,0,0,,,Inv: 0.0/0.0 CapLeft: 50.0,,,0.0,0.0,0.0,50.0,50.0,0.0,50.0,0.9,0.09999999999999998,0.0,0.0,0.0,0.0,0.0,0.0,0.0,
1765994944.2976222,eth-updown-15m-1765994400,1765994400.0,1765995300.0,,355.7023777961731,,,,,0,0,0.9,0.98,ORDERS_OPEN,,,,,,,,,,,,,,0,5,,,,,,,,,,,,,,,,,,,,,,,,,,,,0.0,0.0,,,,,0,0,,,Inv: 0.0/0.0 CapLeft: 50.0,,,0.0,0.0,0.0,50.0,50.0,0.0,50.0,0.9,0.09999999999999998,0.0,0.0,0.0,0.0,0.0,0.0,0.0,
1765994947.3001568,eth-updown-15m-1765994400,1765994400.0,1765995300.0,,352.69984316825867,,,,,0.45,0.45,0.9,0.98,ORDERS_OPEN,,,,,,,,,,,,,,5,5,,,,,,,,,,,,,,,,,,,,Leg:BOTH UP:5 DOWN:5,,,,,,,,0.0,0.0,,,,,0,0,,,Inv: 0.0/0.0 CapLeft: 50.0,,,0.0,0.0,0.0,50.0,50.0,0.0,50.0,0.9,0.09999999999999998,0.0,0.0,0.0,0.0,0.0,0.0,0.0,
1765994948.8013127,eth-updown-15m-1765994400,1765994400.0,1765995300.0,,351.1986873149872,,,,,0,0,0.9,0.98,ORDERS_OPEN,,,,,,,,,,,,,,0,5,,,,,,,,,,,,,,,,,,,,,,,,,,,,0.0,0.0,,,,,0,0,,,Inv: 0.0/0.0 CapLeft: 50.0,,,0.0,0.0,0.0,50.0,50.0,0.0,50.0,0.9,0.09999999999999998,0.0,0.0,0.0,0.0,0.0,0.0,0.0,
1765994950.303128,eth-updown-15m-1765994400,1765994400.0,1765995300.0,,349.6968719959259,,,,,0,0,0.9,0.98,ORDERS_OPEN,,,,,,,,,,,,,,0,5,,,,,,,,,,,,,,,,,,,,,,,,,,,,0.0,0.0,,,,,0,0,,,Inv: 0.0/0.0 CapLeft: 50.0,,,0.0,0.0,0.0,50.0,50.0,0.0,50.0,0.9,0.09999999999999998,0.0,0.0,0.0,0.0,0.0,0.0,0.0,
1765994951.8049135,eth-updown-15m-1765994400,1765994400.0,1765995300.0,,348.195086479187,,,,,0,0,0.9,0.98,ORDERS_OPEN,,,,,,,,,,,,,,0,5,,,,,,,,,,,,,,,,,,,,,,,,,,,,0.0,0.0,,,,,0,0,,,Inv: 0.0/0.0 CapLeft: 50.0,,,0.0,0.0,0.0,50.0,50.0,0.0,50.0,0.9,0.09999999999999998,0.0,0.0,0.0,0.0,0.0,0.0,0.0,
1765994953.3066406,eth-updown-15m-1765994400,1765994400.0,1765995300.0,,346.693359375,,,,,0,0,0.9,0.98,ORDERS_OPEN,,,,,,,,,,,,,,0,5,,,,,,,,,,,,,,,,,,,,,,,,,,,,0.0,0.0,,,,,0,0,,,Inv: 0.0/0.0 CapLeft: 50.0,,,0.0,0.0,0.0,50.0,50.0,0.0,50.0,0.9,0.09999999999999998,0.0,0.0,0.0,0.0,0.0,0.0,0.0,
1765994954.8078227,eth-updown-15m-1765994400,1765994400.0,1765995300.0,,345.1921772956848,,,,,0,0,0.9,0.98,ORDERS_OPEN,,,,,,,,,,,,,,0,5,,,,,,,,,,,,,,,,,,,,,,,,,,,,0.0,0.0,,,,,0,0,,,Inv: 0.0/0.0 CapLeft: 50.0,,,0.0,0.0,0.0,50.0,50.0,0.0,50.0,0.9,0.09999999999999998,0.0,0.0,0.0,0.0,0.0,0.0,0.0,
1765994956.3090994,eth-updown-15m-1765994400,1765994400.0,1765995300.0,,343.6909005641937,,,,,0,0,0.9,0.98,ORDERS_OPEN,,,,,,,,,,,,,,0,5,,,,,,,,,,,,,,,,,,,,,,,,,,,,0.0,0.0,,,,,0,0,,,Inv: 0.0/0.0 CapLeft: 50.0,,,0.0,0.0,0.0,50.0,50.0,0.0,50.0,0.9,0.09999999999999998,0.0,0.0,0.0,0.0,0.0,0.0,0.0,
1765994957.8106353,eth-updown-15m-1765994400,1765994400.0,1765995300.0,,342.18936467170715,,,,,0,0,0.9,0.98,ORDERS_OPEN,,,,,,,,,,,,,,0,5,,,,,,,,,,,,,,,,,,,,,,,,,,,,0.0,0.0,,,,,0,0,,,Inv: 0.0/0.0 CapLeft: 50.0,,,0.0,0.0,0.0,50.0,50.0,0.0,50.0,0.9,0.09999999999999998,0.0,0.0,0.0,0.0,0.0,0.0,0.0,
1765994959.3117101,eth-updown-15m-1765994400,1765994400.0,1765995300.0,,340.68828988075256,,,,,0,0,0.9,0.98,ORDERS_OPEN,,,,,,,,,,,,,,0,5,,,,,,,,,,,,,,,,,,,,,,,,,,,,0.0,0.0,,,,,0,0,,,Inv: 0.0/0.0 CapLeft: 50.0,,,0.0,0.0,0.0,50.0,50.0,0.0,50.0,0.9,0.09999999999999998,0.0,0.0,0.0,0.0,0.0,0.0,0.0,
1765994960.812479,eth-updown-15m-1765994400,1765994400.0,1765995300.0,,339.18752098083496,,,,,0,0,0.9,0.98,ORDERS_OPEN,,,,,,,,,,,,,,0,5,,,,,,,,,,,,,,,,,,,,,,,,,,,,0.0,0.0,,,,,0,0,,,Inv: 0.0/0.0 CapLeft: 50.0,,,0.0,0.0,0.0,50.0,50.0,0.0,50.0,0.9,0.09999999999999998,0.0,0.0,0.0,0.0,0.0,0.0,0.0,
1765994963.8157463,eth-updown-15m-1765994400,1765994400.0,1765995300.0,,336.18425369262695,,,,,0.45,0.45,0.9,0.98,ORDERS_OPEN,,,,,,,,,,,,,,5,5,,,,,,,,,,,,,,,,,,,,Leg:BOTH UP:5 DOWN:5,,,,,,,,0.0,0.0,,,,,0,0,,,Inv: 0.0/0.0 CapLeft: 50.0,,,0.0,0.0,0.0,50.0,50.0,0.0,50.0,0.9,0.09999999999999998,0.0,0.0,0.0,0.0,0.0,0.0,0.0,
1765994965.3172216,eth-updown-15m-1765994400,1765994400.0,1765995300.0,,334.6827783584595,,,,,0,0,0.9,0.98,ORDERS_OPEN,,,,,,,,,,,,,,0,5,,,,,,,,,,,,,,,,,,,,,,,,,,,,0.0,0.0,,,,,0,0,,,Inv: 0.0/0.0 CapLeft: 50.0,,,0.0,0.0,0.0,50.0,50.0,0.0,50.0,0.9,0.09999999999999998,0.0,0.0,0.0,0.0,0.0,0.0,0.0,
1765994966.8188283,eth-updown-15m-1765994400,1765994400.0,1765995300.0,,333.1811716556549,,,,,0,0,0.9,0.98,ORDERS_OPEN,,,,,,,,,,,,,,0,5,,,,,,,,,,,,,,,,,,,,,,,,,,,,0.0,0.0,,,,,0,0,,,Inv: 0.0/0.0 CapLeft: 50.0,,,0.0,0.0,0.0,50.0,50.0,0.0,50.0,0.9,0.09999999999999998,0.0,0.0,0.0,0.0,0.0,0.0,0.0,
1765994968.3203595,eth-updown-15m-1765994400,1765994400.0,1765995300.0,,331.6796405315399,,,,,0,0,0.9,0.98,ORDERS_OPEN,,,,,,,,,,,,,,0,5,,,,,,,,,,,,,,,,,,,,,,,,,,,,0.0,0.0,,,,,0,0,,,Inv: 0.0/0.0 CapLeft: 50.0,,,0.0,0.0,0.0,50.0,50.0,0.0,50.0,0.9,0.09999999999999998,0.0,0.0,0.0,0.0,0.0,0.0,0.0,
1765994969.8218043,eth-updown-15m-1765994400,1765994400.0,1765995300.0,,330.17819571495056,,,,,0,0,0.9,0.98,ORDERS_OPEN,,,,,,,,,,,,,,0,5,,,,,,,,,,,,,,,,,,,,,,,,,,,,0.0,0.0,,,,,0,0,,,Inv: 0.0/0.0 CapLeft: 50.0,,,0.0,0.0,0.0,50.0,50.0,0.0,50.0,0.9,0.09999999999999998,0.0,0.0,0.0,0.0,0.0,0.0,0.0,
1765994971.3233676,eth-updown-15m-1765994400,1765994400.0,1765995300.0,,328.6766324043274,,,,,0,0,0.9,0.98,ORDERS_OPEN,,,,,,,,,,,,,,0,5,,,,,,,,,,,,,,,,,,,,,,,,,,,,0.0,0.0,,,,,0,0,,,Inv: 0.0/0.0 CapLeft: 50.0,,,0.0,0.0,0.0,50.0,50.0,0.0,50.0,0.9,0.09999999999999998,0.0,0.0,0.0,0.0,0.0,0.0,0.0,
1765994972.8249488,eth-updown-15m-1765994400,1765994400.0,1765995300.0,,327.1750512123108,,,,,0,0,0.9,0.98,ORDERS_OPEN,,,,,,,,,,,,,,0,5,,,,,,,,,,,,,,,,,,,,,,,,,,,,0.0,0.0,,,,,0,0,,,Inv: 0.0/0.0 CapLeft: 50.0,,,0.0,0.0,0.0,50.0,50.0,0.0,50.0,0.9,0.09999999999999998,0.0,0.0,0.0,0.0,0.0,0.0,0.0,
1765994974.3269603,eth-updown-15m-1765994400,1765994400.0,1765995300.0,,325.6730396747589,,,,,0,0,0.9,0.98,ORDERS_OPEN,,,,,,,,,,,,,,0,5,,,,,,,,,,,,,,,,,,,,,,,,,,,,0.0,0.0,,,,,0,0,,,Inv: 0.0/0.0 CapLeft: 50.0,,,0.0,0.0,0.0,50.0,50.0,0.0,50.0,0.9,0.09999999999999998,0.0,0.0,0.0,0.0,0.0,0.0,0.0,
1765994975.8279445,eth-updown-15m-1765994400,1765994400.0,1765995300.0,,324.1720554828644,,,,,0,0,0.9,0.98,ORDERS_OPEN,,,,,,,,,,,,,,0,5,,,,,,,,,,,,,,,,,,,,,,,,,,,,0.0,0.0,,,,,0,0,,,Inv: 0.0/0.0 CapLeft: 50.0,,,0.0,0.0,0.0,50.0,50.0,0.0,50.0,0.9,0.09999999999999998,0.0,0.0,0.0,0.0,0.0,0.0,0.0,
1765994977.3297117,eth-updown-15m-1765994400,1765994400.0,1765995300.0,,322.6702883243561,,,,,0,0,0.9,0.98,ORDERS_OPEN,,,,,,,,,,,,,,0,5,,,,,,,,,,,,,,,,,,,,,,,,,,,,0.0,0.0,,,,,0,0,,,Inv: 0.0/0.0 CapLeft: 50.0,,,0.0,0.0,0.0,50.0,50.0,0.0,50.0,0.9,0.09999999999999998,0.0,0.0,0.0,0.0,0.0,0.0,0.0,
1765994980.332399,eth-updown-15m-1765994400,1765994400.0,1765995300.0,,319.667601108551,,,,,0.45,0.45,0.9,0.98,ORDERS_OPEN,,,,,,,,,,,,,,5,5,,,,,,,,,,,,,,,,,,,,Leg:BOTH UP:5 DOWN:5,,,,,,,,0.0,0.0,,,,,0,0,,,Inv: 0.0/0.0 CapLeft: 50.0,,,0.0,0.0,0.0,50.0,50.0,0.0,50.0,0.9,0.09999999999999998,0.0,0.0,0.0,0.0,0.0,0.0,0.0,
1765994981.834406,eth-updown-15m-1765994400,1765994400.0,1765995300.0,,318.16559410095215,,,,,0,0,0.9,0.98,ORDERS_OPEN,,,,,,,,,,,,,,0,5,,,,,,,,,,,,,,,,,,,,,,,,,,,,0.0,0.0,,,,,0,0,,,Inv: 0.0/0.0 CapLeft: 50.0,,,0.0,0.0,0.0,50.0,50.0,0.0,50.0,0.9,0.09999999999999998,0.0,0.0,0.0,0.0,0.0,0.0,0.0,
1765994983.3361719,eth-updown-15m-1765994400,1765994400.0,1765995300.0,,316.66382813453674,,,,,0,0,0.9,0.98,ORDERS_OPEN,,,,,,,,,,,,,,0,5,,,,,,,,,,,,,,,,,,,,,,,,,,,,0.0,0.0,,,,,0,0,,,Inv: 0.0/0.0 CapLeft: 50.0,,,0.0,0.0,0.0,50.0,50.0,0.0,50.0,0.9,0.09999999999999998,0.0,0.0,0.0,0.0,0.0,0.0,0.0,
1765994984.8376575,eth-updown-15m-1765994400,1765994400.0,1765995300.0,,315.16234254837036,,,,,0,0,0.9,0.98,ORDERS_OPEN,,,,,,,,,,,,,,0,5,,,,,,,,,,,,,,,,,,,,,,,,,,,,0.0,0.0,,,,,0,0,,,Inv: 0.0/0.0 CapLeft: 50.0,,,0.0,0.0,0.0,50.0,50.0,0.0,50.0,0.9,0.09999999999999998,0.0,0.0,0.0,0.0,0.0,0.0,0.0,
1765994986.3393276,eth-updown-15m-1765994400,1765994400.0,1765995300.0,,313.66067242622375,,,,,0,0,0.9,0.98,ORDERS_OPEN,,,,,,,,,,,,,,0,5,,,,,,,,,,,,,,,,,,,,,,,,,,,,0.0,0.0,,,,,0,0,,,Inv: 0.0/0.0 CapLeft: 50.0,,,0.0,0.0,0.0,50.0,50.0,0.0,50.0,0.9,0.09999999999999998,0.0,0.0,0.0,0.0,0.0,0.0,0.0,
1765994987.840981,eth-updown-15m-1765994400,1765994400.0,1765995300.0,,312.1590189933777,,,,,0,0,0.9,0.98,ORDERS_OPEN,,,,,,,,,,,,,,0,5,,,,,,,,,,,,,,,,,,,,,,,,,,,,0.0,0.0,,,,,0,0,,,Inv: 0.0/0.0 CapLeft: 50.0,,,0.0,0.0,0.0,50.0,50.0,0.0,50.0,0.9,0.09999999999999998,0.0,0.0,0.0,0.0,0.0,0.0,0.0,
1765994989.3425443,eth-updown-15m-1765994400,1765994400.0,1765995300.0,,310.6574556827545,,,,,0,0,0.9,0.98,ORDERS_OPEN,,,,,,,,,,,,,,0,5,,,,,,,,,,,,,,,,,,,,,,,,,,,,0.0,0.0,,,,,0,0,,,Inv: 0.0/0.0 CapLeft: 50.0,,,0.0,0.0,0.0,50.0,50.0,0.0,50.0,0.9,0.09999999999999998,0.0,0.0,0.0,0.0,0.0,0.0,0.0,
1765994990.843898,eth-updown-15m-1765994400,1765994400.0,1765995300.0,,309.1561019420624,,,,,0,0,0.9,0.98,ORDERS_OPEN,,,,,,,,,,,,,,0,5,,,,,,,,,,,,,,,,,,,,,,,,,,,,0.0,0.0,,,,,0,0,,,Inv: 0.0/0.0 CapLeft: 50.0,,,0.0,0.0,0.0,50.0,50.0,0.0,50.0,0.9,0.09999999999999998,0.0,0.0,0.0,0.0,0.0,0.0,0.0,
1765994992.345383,eth-updown-15m-1765994400,1765994400.0,1765995300.0,,307.65461707115173,,,,,0,0,0.9,0.98,ORDERS_OPEN,,,,,,,,,,,,,,0,5,,,,,,,,,,,,,,,,,,,,,,,,,,,,0.0,0.0,,,,,0,0,,,Inv: 0.0/0.0 CapLeft: 50.0,,,0.0,0.0,0.0,50.0,50.0,0.0,50.0,0.9,0.09999999999999998,0.0,0.0,0.0,0.0,0.0,0.0,0.0,
1765994993.8470902,eth-updown-15m-1765994400,1765994400.0,1765995300.0,,306.1529097557068,,,,,0,0,0.9,0.98,ORDERS_OPEN,,,,,,,,,,,,,,0,5,,,,,,,,,,,,,,,,,,,,,,,,,,,,0.0,0.0,,,,,0,0,,,Inv: 0.0/0.0 CapLeft: 50.0,,,0.0,0.0,0.0,50.0,50.0,0.0,50.0,0.9,0.09999999999999998,0.0,0.0,0.0,0.0,0.0,0.0,0.0,
1765994996.8497965,eth-updown-15m-1765994400,1765994400.0,1765995300.0,,303.1502034664154,,,,,0.45,0.45,0.9,0.98,ORDERS_OPEN,,,,,,,,,,,,,,5,5,,,,,,,,,,,,,,,,,,,,Leg:BOTH UP:5 DOWN:5,,,,,,,,0.0,0.0,,,,,0,0,,,Inv: 0.0/0.0 CapLeft: 50.0,,,0.0,0.0,0.0,50.0,50.0,0.0,50.0,0.9,0.09999999999999998,0.0,0.0,0.0,0.0,0.0,0.0,0.0,
1765994998.3510127,eth-updown-15m-1765994400,1765994400.0,1765995300.0,,301.6489872932434,,,,,0,0,0.9,0.98,ORDERS_OPEN,,,,,,,,,,,,,,0,5,,,,,,,,,,,,,,,,,,,,,,,,,,,,0.0,0.0,,,,,0,0,,,Inv: 0.0/0.0 CapLeft: 50.0,,,0.0,0.0,0.0,50.0,50.0,0.0,50.0,0.9,0.09999999999999998,0.0,0.0,0.0,0.0,0.0,0.0,0.0,
1765994999.8528984,eth-updown-15m-1765994400,1765994400.0,1765995300.0,,300.1471016407013,,,,,0,0,0.9,0.98,ORDERS_OPEN,,,,,,,,,,,,,,0,5,,,,,,,,,,,,,,,,,,,,,,,,,,,,0.0,0.0,,,,,0,0,,,Inv: 0.0/0.0 CapLeft: 50.0,,,0.0,0.0,0.0,50.0,50.0,0.0,50.0,0.9,0.09999999999999998,0.0,0.0,0.0,0.0,0.0,0.0,0.0,
1765995001.3548498,eth-updown-15m-1765994400,1765994400.0,1765995300.0,,298.64515018463135,,,,,0,0,0.9,0.98,ORDERS_OPEN,,,,,,,,,,,,,,0,5,,,,,,,,,,,,,,,,,,,,,,,,,,,,0.0,0.0,,,,,0,0,,,Inv: 0.0/0.0 CapLeft: 50.0,,,0.0,0.0,0.0,50.0,50.0,0.0,50.0,0.9,0.09999999999999998,0.0,0.0,0.0,0.0,0.0,0.0,0.0,
1765995002.856482,eth-updown-15m-1765994400,1765994400.0,1765995300.0,,297.1435179710388,,,,,0,0,0.9,0.98,ORDERS_OPEN,,,,,,,,,,,,,,0,5,,,,,,,,,,,,,,,,,,,,,,,,,,,,0.0,0.0,,,,,0,0,,,Inv: 0.0/0.0 CapLeft: 50.0,,,0.0,0.0,0.0,50.0,50.0,0.0,50.0,0.9,0.09999999999999998,0.0,0.0,0.0,0.0,0.0,0.0,0.0,
1765995004.3575027,eth-updown-15m-1765994400,1765994400.0,1765995300.0,,295.6424973011017,,,,,0,0,0.9,0.98,ORDERS_OPEN,,,,,,,,,,,,,,0,5,,,,,,,,,,,,,,,,,,,,,,,,,,,,0.0,0.0,,,,,0,0,,,Inv: 0.0/0.0 CapLeft: 50.0,,,0.0,0.0,0.0,50.0,50.0,0.0,50.0,0.9,0.09999999999999998,0.0,0.0,0.0,0.0,0.0,0.0,0.0,
1765995005.8584616,eth-updown-15m-1765994400,1765994400.0,1765995300.0,,294.14153838157654,,,,,0,0,0.9,0.98,ORDERS_OPEN,,,,,,,,,,,,,,0,5,,,,,,,,,,,,,,,,,,,,,,,,,,,,0.0,0.0,,,,,0,0,,,Inv: 0.0/0.0 CapLeft: 50.0,,,0.0,0.0,0.0,50.0,50.0,0.0,50.0,0.9,0.09999999999999998,0.0,0.0,0.0,0.0,0.0,0.0,0.0,
1765995007.3600595,eth-updown-15m-1765994400,1765994400.0,1765995300.0,,292.6399405002594,,,,,0,0,0.9,0.98,ORDERS_OPEN,,,,,,,,,,,,,,0,5,,,,,,,,,,,,,,,,,,,,,,,,,,,,0.0,0.0,,,,,0,0,,,Inv: 0.0/0.0 CapLeft: 50.0,,,0.0,0.0,0.0,50.0,50.0,0.0,50.0,0.9,0.09999999999999998,0.0,0.0,0.0,0.0,0.0,0.0,0.0,
1765995008.861326,eth-updown-15m-1765994400,1765994400.0,1765995300.0,,291.1386740207672,,,,,0,0,0.9,0.98,ORDERS_OPEN,,,,,,,,,,,,,,0,5,,,,,,,,,,,,,,,,,,,,,,,,,,,,0.0,0.0,,,,,0,0,,,Inv: 0.0/0.0 CapLeft: 50.0,,,0.0,0.0,0.0,50.0,50.0,0.0,50.0,0.9,0.09999999999999998,0.0,0.0,0.0,0.0,0.0,0.0,0.0,
1765995010.3632457,eth-updown-15m-1765994400,1765994400.0,1765995300.0,,289.6367542743683,,,,,0,0,0.9,0.98,ORDERS_OPEN,,,,,,,,,,,,,,0,5,,,,,,,,,,,,,,,,,,,,,,,,,,,,0.0,0.0,,,,,0,0,,,Inv: 0.0/0.0 CapLeft: 50.0,,,0.0,0.0,0.0,50.0,50.0,0.0,50.0,0.9,0.09999999999999998,0.0,0.0,0.0,0.0,0.0,0.0,0.0,
1765995013.365192,eth-updown-15m-1765994400,1765994400.0,1765995300.0,,286.6348080635071,,,,,0.45,0.45,0.9,0.98,ORDERS_OPEN,,,,,,,,,,,,,,5,5,,,,,,,,,,,,,,,,,,,,Leg:BOTH UP:5 DOWN:5,,,,,,,,0.0,0.0,,,,,0,0,,,Inv: 0.0/0.0 CapLeft: 50.0,,,0.0,0.0,0.0,50.0,50.0,0.0,50.0,0.9,0.09999999999999998,0.0,0.0,0.0,0.0,0.0,0.0,0.0,
1765995014.8667016,eth-updown-15m-1765994400,1765994400.0,1765995300.0,,285.1332983970642,,,,,0,0,0.9,0.98,ORDERS_OPEN,,,,,,,,,,,,,,0,5,,,,,,,,,,,,,,,,,,,,,,,,,,,,0.0,0.0,,,,,0,0,,,Inv: 0.0/0.0 CapLeft: 50.0,,,0.0,0.0,0.0,50.0,50.0,0.0,50.0,0.9,0.09999999999999998,0.0,0.0,0.0,0.0,0.0,0.0,0.0,
1765995016.36873,eth-updown-15m-1765994400,1765994400.0,1765995300.0,,283.6312699317932,,,,,0,0,0.9,0.98,ORDERS_OPEN,,,,,,,,,,,,,,0,5,,,,,,,,,,,,,,,,,,,,,,,,,,,,0.0,0.0,,,,,0,0,,,Inv: 0.0/0.0 CapLeft: 50.0,,,0.0,0.0,0.0,50.0,50.0,0.0,50.0,0.9,0.09999999999999998,0.0,0.0,0.0,0.0,0.0,0.0,0.0,
1765995017.8700447,eth-updown-15m-1765994400,1765994400.0,1765995300.0,,282.12995529174805,,,,,0,0,0.9,0.98,ORDERS_OPEN,,,,,,,,,,,,,,0,5,,,,,,,,,,,,,,,,,,,,,,,,,,,,0.0,0.0,,,,,0,0,,,Inv: 0.0/0.0 CapLeft: 50.0,,,0.0,0.0,0.0,50.0,50.0,0.0,50.0,0.9,0.09999999999999998,0.0,0.0,0.0,0.0,0.0,0.0,0.0,
1765995019.3713393,eth-updown-15m-1765994400,1765994400.0,1765995300.0,,280.6286606788635,,,,,0,0,0.9,0.98,ORDERS_OPEN,,,,,,,,,,,,,,0,5,,,,,,,,,,,,,,,,,,,,,,,,,,,,0.0,0.0,,,,,0,0,,,Inv: 0.0/0.0 CapLeft: 50.0,,,0.0,0.0,0.0,50.0,50.0,0.0,50.0,0.9,0.09999999999999998,0.0,0.0,0.0,0.0,0.0,0.0,0.0,
1765995020.8726346,eth-updown-15m-1765994400,1765994400.0,1765995300.0,,279.12736535072327,,,,,0,0,0.9,0.98,ORDERS_OPEN,,,,,,,,,,,,,,0,5,,,,,,,,,,,,,,,,,,,,,,,,,,,,0.0,0.0,,,,,0,0,,,Inv: 0.0/0.0 CapLeft: 50.0,,,0.0,0.0,0.0,50.0,50.0,0.0,50.0,0.9,0.09999999999999998,0.0,0.0,0.0,0.0,0.0,0.0,0.0,
1765995022.3737571,eth-updown-15m-1765994400,1765994400.0,1765995300.0,,277.62624287605286,,,,,0,0,0.9,0.98,ORDERS_OPEN,,,,,,,,,,,,,,0,5,,,,,,,,,,,,,,,,,,,,,,,,,,,,0.0,0.0,,,,,0,0,,,Inv: 0.0/0.0 CapLeft: 50.0,,,0.0,0.0,0.0,50.0,50.0,0.0,50.0,0.9,0.09999999999999998,0.0,0.0,0.0,0.0,0.0,0.0,0.0,
1765995023.8758817,eth-updown-15m-1765994400,1765994400.0,1765995300.0,,276.1241183280945,,,,,0,0,0.9,0.98,ORDERS_OPEN,,,,,,,,,,,,,,0,5,,,,,,,,,,,,,,,,,,,,,,,,,,,,0.0,0.0,,,,,0,0,,,Inv: 0.0/0.0 CapLeft: 50.0,,,0.0,0.0,0.0,50.0,50.0,0.0,50.0,0.9,0.09999999999999998,0.0,0.0,0.0,0.0,0.0,0.0,0.0,
1765995025.3782108,eth-updown-15m-1765994400,1765994400.0,1765995300.0,,274.62178921699524,,,,,0,0,0.9,0.98,ORDERS_OPEN,,,,,,,,,,,,,,0,5,,,,,,,,,,,,,,,,,,,,,,,,,,,,0.0,0.0,,,,,0,0,,,Inv: 0.0/0.0 CapLeft: 50.0,,,0.0,0.0,0.0,50.0,50.0,0.0,50.0,0.9,0.09999999999999998,0.0,0.0,0.0,0.0,0.0,0.0,0.0,
1765995026.879704,eth-updown-15m-1765994400,1765994400.0,1765995300.0,,273.1202960014343,,,,,0,0,0.9,0.98,ORDERS_OPEN,,,,,,,,,,,,,,0,5,,,,,,,,,,,,,,,,,,,,,,,,,,,,0.0,0.0,,,,,0,0,,,Inv: 0.0/0.0 CapLeft: 50.0,,,0.0,0.0,0.0,50.0,50.0,0.0,50.0,0.9,0.09999999999999998,0.0,0.0,0.0,0.0,0.0,0.0,0.0,
1765995029.8820434,eth-updown-15m-1765994400,1765994400.0,1765995300.0,,270.1179566383362,,,,,0.45,0.45,0.9,0.98,ORDERS_OPEN,,,,,,,,,,,,,,5,5,,,,,,,,,,,,,,,,,,,,Leg:BOTH UP:5 DOWN:5,,,,,,,,0.0,0.0,,,,,0,0,,,Inv: 0.0/0.0 CapLeft: 50.0,,,0.0,0.0,0.0,50.0,50.0,0.0,50.0,0.9,0.09999999999999998,0.0,0.0,0.0,0.0,0.0,0.0,0.0,
1765995031.3852303,eth-updown-15m-1765994400,1765994400.0,1765995300.0,,268.61476969718933,,,,,0,0,0.9,0.98,ORDERS_OPEN,,,,,,,,,,,,,,0,5,,,,,,,,,,,,,,,,,,,,,,,,,,,,0.0,0.0,,,,,0,0,,,Inv: 0.0/0.0 CapLeft: 50.0,,,0.0,0.0,0.0,50.0,50.0,0.0,50.0,0.9,0.09999999999999998,0.0,0.0,0.0,0.0,0.0,0.0,0.0,
1765995032.886725,eth-updown-15m-1765994400,1765994400.0,1765995300.0,,267.11327505111694,,,,,0,0,0.9,0.98,ORDERS_OPEN,,,,,,,,,,,,,,0,5,,,,,,,,,,,,,,,,,,,,,,,,,,,,0.0,0.0,,,,,0,0,,,Inv: 0.0/0.0 CapLeft: 50.0,,,0.0,0.0,0.0,50.0,50.0,0.0,50.0,0.9,0.09999999999999998,0.0,0.0,0.0,0.0,0.0,0.0,0.0,
1765995034.3893485,eth-updown-15m-1765994400,1765994400.0,1765995300.0,,265.6106514930725,,,,,0,0,0.9,0.98,ORDERS_OPEN,,,,,,,,,,,,,,0,5,,,,,,,,,,,,,,,,,,,,,,,,,,,,0.0,0.0,,,,,0,0,,,Inv: 0.0/0.0 CapLeft: 50.0,,,0.0,0.0,0.0,50.0,50.0,0.0,50.0,0.9,0.09999999999999998,0.0,0.0,0.0,0.0,0.0,0.0,0.0,
1765995035.8917549,eth-updown-15m-1765994400,1765994400.0,1765995300.0,,264.10824513435364,,,,,0,0,0.9,0.98,ORDERS_OPEN,,,,,,,,,,,,,,0,5,,,,,,,,,,,,,,,,,,,,,,,,,,,,0.0,0.0,,,,,0,0,,,Inv: 0.0/0.0 CapLeft: 50.0,,,0.0,0.0,0.0,50.0,50.0,0.0,50.0,0.9,0.09999999999999998,0.0,0.0,0.0,0.0,0.0,0.0,0.0,
1765995037.3933325,eth-updown-15m-1765994400,1765994400.0,1765995300.0,,262.6066675186157,,,,,0,0,0.9,0.98,ORDERS_OPEN,,,,,,,,,,,,,,0,5,,,,,,,,,,,,,,,,,,,,,,,,,,,,0.0,0.0,,,,,0,0,,,Inv: 0.0/0.0 CapLeft: 50.0,,,0.0,0.0,0.0,50.0,50.0,0.0,50.0,0.9,0.09999999999999998,0.0,0.0,0.0,0.0,0.0,0.0,0.0,
1765995038.8945403,eth-updown-15m-1765994400,1765994400.0,1765995300.0,,261.105459690094,,,,,0,0,0.9,0.98,ORDERS_OPEN,,,,,,,,,,,,,,0,5,,,,,,,,,,,,,,,,,,,,,,,,,,,,0.0,0.0,,,,,0,0,,,Inv: 0.0/0.0 CapLeft: 50.0,,,0.0,0.0,0.0,50.0,50.0,0.0,50.0,0.9,0.09999999999999998,0.0,0.0,0.0,0.0,0.0,0.0,0.0,
1765995040.396179,eth-updown-15m-1765994400,1765994400.0,1765995300.0,,259.60382103919983,,,,,0,0,0.9,0.98,ORDERS_OPEN,,,,,,,,,,,,,,0,5,,,,,,,,,,,,,,,,,,,,,,,,,,,,0.0,0.0,,,,,0,0,,,Inv: 0.0/0.0 CapLeft: 50.0,,,0.0,0.0,0.0,50.0,50.0,0.0,50.0,0.9,0.09999999999999998,0.0,0.0,0.0,0.0,0.0,0.0,0.0,
1765995041.8975666,eth-updown-15m-1765994400,1765994400.0,1765995300.0,,258.10243344306946,,,,,0,0,0.9,0.98,ORDERS_OPEN,,,,,,,,,,,,,,0,5,,,,,,,,,,,,,,,,,,,,,,,,,,,,0.0,0.0,,,,,0,0,,,Inv: 0.0/0.0 CapLeft: 50.0,,,0.0,0.0,0.0,50.0,50.0,0.0,50.0,0.9,0.09999999999999998,0.0,0.0,0.0,0.0,0.0,0.0,0.0,
1765995043.398823,eth-updown-15m-1765994400,1765994400.0,1765995300.0,,256.6011769771576,,,,,0,0,0.9,0.98,ORDERS_OPEN,,,,,,,,,,,,,,0,5,,,,,,,,,,,,,,,,,,,,,,,,,,,,0.0,0.0,,,,,0,0,,,Inv: 0.0/0.0 CapLeft: 50.0,,,0.0,0.0,0.0,50.0,50.0,0.0,50.0,0.9,0.09999999999999998,0.0,0.0,0.0,0.0,0.0,0.0,0.0,
1765995046.401511,eth-updown-15m-1765994400,1765994400.0,1765995300.0,,253.5984890460968,,,,,0.45,0.45,0.9,0.98,ORDERS_OPEN,,,,,,,,,,,,,,5,5,,,,,,,,,,,,,,,,,,,,Leg:BOTH UP:5 DOWN:5,,,,,,,,0.0,0.0,,,,,0,0,,,Inv: 0.0/0.0 CapLeft: 50.0,,,0.0,0.0,0.0,50.0,50.0,0.0,50.0,0.9,0.09999999999999998,0.0,0.0,0.0,0.0,0.0,0.0,0.0,
1765995047.903292,eth-updown-15m-1765994400,1765994400.0,1765995300.0,,252.0967080593109,,,,,0,0,0.9,0.98,ORDERS_OPEN,,,,,,,,,,,,,,0,5,,,,,,,,,,,,,,,,,,,,,,,,,,,,0.0,0.0,,,,,0,0,,,Inv: 0.0/0.0 CapLeft: 50.0,,,0.0,0.0,0.0,50.0,50.0,0.0,50.0,0.9,0.09999999999999998,0.0,0.0,0.0,0.0,0.0,0.0,0.0,
1765995049.404759,eth-updown-15m-1765994400,1765994400.0,1765995300.0,,250.5952410697937,,,,,0,0,0.9,0.98,ORDERS_OPEN,,,,,,,,,,,,,,0,5,,,,,,,,,,,,,,,,,,,,,,,,,,,,0.0,0.0,,,,,0,0,,,Inv: 0.0/0.0 CapLeft: 50.0,,,0.0,0.0,0.0,50.0,50.0,0.0,50.0,0.9,0.09999999999999998,0.0,0.0,0.0,0.0,0.0,0.0,0.0,
1765995050.9065018,eth-updown-15m-1765994400,1765994400.0,1765995300.0,,249.09349822998047,,,,,0,0,0.9,0.98,ORDERS_OPEN,,,,,,,,,,,,,,0,5,,,,,,,,,,,,,,,,,,,,,,,,,,,,0.0,0.0,,,,,0,0,,,Inv: 0.0/0.0 CapLeft: 50.0,,,0.0,0.0,0.0,50.0,50.0,0.0,50.0,0.9,0.09999999999999998,0.0,0.0,0.0,0.0,0.0,0.0,0.0,
1765995052.4079094,eth-updown-15m-1765994400,1765994400.0,1765995300.0,,247.59209060668945,,,,,0,0,0.9,0.98,ORDERS_OPEN,,,,,,,,,,,,,,0,5,,,,,,,,,,,,,,,,,,,,,,,,,,,,0.0,0.0,,,,,0,0,,,Inv: 0.0/0.0 CapLeft: 50.0,,,0.0,0.0,0.0,50.0,50.0,0.0,50.0,0.9,0.09999999999999998,0.0,0.0,0.0,0.0,0.0,0.0,0.0,
1765995053.9092045,eth-updown-15m-1765994400,1765994400.0,1765995300.0,,246.09079551696777,,,,,0,0,0.9,0.98,ORDERS_OPEN,,,,,,,,,,,,,,0,5,,,,,,,,,,,,,,,,,,,,,,,,,,,,0.0,0.0,,,,,0,0,,,Inv: 0.0/0.0 CapLeft: 50.0,,,0.0,0.0,0.0,50.0,50.0,0.0,50.0,0.9,0.09999999999999998,0.0,0.0,0.0,0.0,0.0,0.0,0.0,
1765995055.4102356,eth-updown-15m-1765994400,1765994400.0,1765995300.0,,244.58976435661316,,,,,0,0,0.9,0.98,ORDERS_OPEN,,,,,,,,,,,,,,0,5,,,,,,,,,,,,,,,,,,,,,,,,,,,,0.0,0.0,,,,,0,0,,,Inv: 0.0/0.0 CapLeft: 50.0,,,0.0,0.0,0.0,50.0,50.0,0.0,50.0,0.9,0.09999999999999998,0.0,0.0,0.0,0.0,0.0,0.0,0.0,
1765995056.911961,eth-updown-15m-1765994400,1765994400.0,1765995300.0,,243.0880389213562,,,,,0,0,0.9,0.98,ORDERS_OPEN,,,,,,,,,,,,,,0,5,,,,,,,,,,,,,,,,,,,,,,,,,,,,0.0,0.0,,,,,0,0,,,Inv: 0.0/0.0 CapLeft: 50.0,,,0.0,0.0,0.0,50.0,50.0,0.0,50.0,0.9,0.09999999999999998,0.0,0.0,0.0,0.0,0.0,0.0,0.0,
1765995058.4131389,eth-updown-15m-1765994400,1765994400.0,1765995300.0,,241.58686113357544,,,,,0,0,0.9,0.98,ORDERS_OPEN,,,,,,,,,,,,,,0,5,,,,,,,,,,,,,,,,,,,,,,,,,,,,0.0,0.0,,,,,0,0,,,Inv: 0.0/0.0 CapLeft: 50.0,,,0.0,0.0,0.0,50.0,50.0,0.0,50.0,0.9,0.09999999999999998,0.0,0.0,0.0,0.0,0.0,0.0,0.0,
1765995059.9147463,eth-updown-15m-1765994400,1765994400.0,1765995300.0,,240.08525371551514,,,,,0,0,0.9,0.98,ORDERS_OPEN,,,,,,,,,,,,,,0,5,,,,,,,,,,,,,,,,,,,,,,,,,,,,0.0,0.0,,,,,0,0,,,Inv: 0.0/0.0 CapLeft: 50.0,,,0.0,0.0,0.0,50.0,50.0,0.0,50.0,0.9,0.09999999999999998,0.0,0.0,0.0,0.0,0.0,0.0,0.0,
1765995062.9181983,eth-updown-15m-1765994400,1765994400.0,1765995300.0,,237.08180165290833,,,,,0.45,0.45,0.9,0.98,ORDERS_OPEN,,,,,,,,,,,,,,5,5,,,,,,,,,,,,,,,,,,,,Leg:BOTH UP:5 DOWN:5,,,,,,,,0.0,0.0,,,,,0,0,,,Inv: 0.0/0.0 CapLeft: 50.0,,,0.0,0.0,0.0,50.0,50.0,0.0,50.0,0.9,0.09999999999999998,0.0,0.0,0.0,0.0,0.0,0.0,0.0,
1765995064.4192889,eth-updown-15m-1765994400,1765994400.0,1765995300.0,,235.58071112632751,,,,,0,0,0.9,0.98,ORDERS_OPEN,,,,,,,,,,,,,,0,5,,,,,,,,,,,,,,,,,,,,,,,,,,,,0.0,0.0,,,,,0,0,,,Inv: 0.0/0.0 CapLeft: 50.0,,,0.0,0.0,0.0,50.0,50.0,0.0,50.0,0.9,0.09999999999999998,0.0,0.0,0.0,0.0,0.0,0.0,0.0,
1765995065.9230263,eth-updown-15m-1765994400,1765994400.0,1765995300.0,,234.07697367668152,,,,,0,0,0.9,0.98,ORDERS_OPEN,,,,,,,,,,,,,,0,5,,,,,,,,,,,,,,,,,,,,,,,,,,,,0.0,0.0,,,,,0,0,,,Inv: 0.0/0.0 CapLeft: 50.0,,,0.0,0.0,0.0,50.0,50.0,0.0,50.0,0.9,0.09999999999999998,0.0,0.0,0.0,0.0,0.0,0.0,0.0,
1765995067.4245968,eth-updown-15m-1765994400,1765994400.0,1765995300.0,,232.57540321350098,,,,,0,0,0.9,0.98,ORDERS_OPEN,,,,,,,,,,,,,,0,5,,,,,,,,,,,,,,,,,,,,,,,,,,,,0.0,0.0,,,,,0,0,,,Inv: 0.0/0.0 CapLeft: 50.0,,,0.0,0.0,0.0,50.0,50.0,0.0,50.0,0.9,0.09999999999999998,0.0,0.0,0.0,0.0,0.0,0.0,0.0,
1765995068.9258099,eth-updown-15m-1765994400,1765994400.0,1765995300.0,,231.0741901397705,,,,,0,0,0.9,0.98,ORDERS_OPEN,,,,,,,,,,,,,,0,5,,,,,,,,,,,,,,,,,,,,,,,,,,,,0.0,0.0,,,,,0,0,,,Inv: 0.0/0.0 CapLeft: 50.0,,,0.0,0.0,0.0,50.0,50.0,0.0,50.0,0.9,0.09999999999999998,0.0,0.0,0.0,0.0,0.0,0.0,0.0,
1765995070.4274418,eth-updown-15m-1765994400,1765994400.0,1765995300.0,,229.57255816459656,,,,,0,0,0.9,0.98,ORDERS_OPEN,,,,,,,,,,,,,,0,5,,,,,,,,,,,,,,,,,,,,,,,,,,,,0.0,0.0,,,,,0,0,,,Inv: 0.0/0.0 CapLeft: 50.0,,,0.0,0.0,0.0,50.0,50.0,0.0,50.0,0.9,0.09999999999999998,0.0,0.0,0.0,0.0,0.0,0.0,0.0,
1765995071.9288778,eth-updown-15m-1765994400,1765994400.0,1765995300.0,,228.07112216949463,,,,,0,0,0.9,0.98,ORDERS_OPEN,,,,,,,,,,,,,,0,5,,,,,,,,,,,,,,,,,,,,,,,,,,,,0.0,0.0,,,,,0,0,,,Inv: 0.0/0.0 CapLeft: 50.0,,,0.0,0.0,0.0,50.0,50.0,0.0,50.0,0.9,0.09999999999999998,0.0,0.0,0.0,0.0,0.0,0.0,0.0,
1765995073.4303036,eth-updown-15m-1765994400,1765994400.0,1765995300.0,,226.5696964263916,,,,,0,0,0.9,0.98,ORDERS_OPEN,,,,,,,,,,,,,,0,5,,,,,,,,,,,,,,,,,,,,,,,,,,,,0.0,0.0,,,,,0,0,,,Inv: 0.0/0.0 CapLeft: 50.0,,,0.0,0.0,0.0,50.0,50.0,0.0,50.0,0.9,0.09999999999999998,0.0,0.0,0.0,0.0,0.0,0.0,0.0,
1765995074.9319587,eth-updown-15m-1765994400,1765994400.0,1765995300.0,,225.06804132461548,,,,,0,0,0.9,0.98,ORDERS_OPEN,,,,,,,,,,,,,,0,5,,,,,,,,,,,,,,,,,,,,,,,,,,,,0.0,0.0,,,,,0,0,,,Inv: 0.0/0.0 CapLeft: 50.0,,,0.0,0.0,0.0,50.0,50.0,0.0,50.0,0.9,0.09999999999999998,0.0,0.0,0.0,0.0,0.0,0.0,0.0,
1765995076.4340858,eth-updown-15m-1765994400,1765994400.0,1765995300.0,,223.56591415405273,,,,,0,0,0.9,0.98,ORDERS_OPEN,,,,,,,,,,,,,,0,5,,,,,,,,,,,,,,,,,,,,,,,,,,,,0.0,0.0,,,,,0,0,,,Inv: 0.0/0.0 CapLeft: 50.0,,,0.0,0.0,0.0,50.0,50.0,0.0,50.0,0.9,0.09999999999999998,0.0,0.0,0.0,0.0,0.0,0.0,0.0,
1765995079.436682,eth-updown-15m-1765994400,1765994400.0,1765995300.0,,220.5633180141449,,,,,0.45,0.45,0.9,0.98,ORDERS_OPEN,,,,,,,,,,,,,,5,5,,,,,,,,,,,,,,,,,,,,Leg:BOTH UP:5 DOWN:5,,,,,,,,0.0,0.0,,,,,0,0,,,Inv: 0.0/0.0 CapLeft: 50.0,,,0.0,0.0,0.0,50.0,50.0,0.0,50.0,0.9,0.09999999999999998,0.0,0.0,0.0,0.0,0.0,0.0,0.0,
1765995080.9382327,eth-updown-15m-1765994400,1765994400.0,1765995300.0,,219.06176733970642,,,,,0,0,0.9,0.98,ORDERS_OPEN,,,,,,,,,,,,,,0,5,,,,,,,,,,,,,,,,,,,,,,,,,,,,0.0,0.0,,,,,0,0,,,Inv: 0.0/0.0 CapLeft: 50.0,,,0.0,0.0,0.0,50.0,50.0,0.0,50.0,0.9,0.09999999999999998,0.0,0.0,0.0,0.0,0.0,0.0,0.0,
1765995082.439698,eth-updown-15m-1765994400,1765994400.0,1765995300.0,,217.56030201911926,,,,,0,0,0.9,0.98,ORDERS_OPEN,,,,,,,,,,,,,,0,5,,,,,,,,,,,,,,,,,,,,,,,,,,,,0.0,0.0,,,,,0,0,,,Inv: 0.0/0.0 CapLeft: 50.0,,,0.0,0.0,0.0,50.0,50.0,0.0,50.0,0.9,0.09999999999999998,0.0,0.0,0.0,0.0,0.0,0.0,0.0,
1765995083.9416995,eth-updown-15m-1765994400,1765994400.0,1765995300.0,,216.0583004951477,,,,,0,0,0.9,0.98,ORDERS_OPEN,,,,,,,,,,,,,,0,5,,,,,,,,,,,,,,,,,,,,,,,,,,,,0.0,0.0,,,,,0,0,,,Inv: 0.0/0.0 CapLeft: 50.0,,,0.0,0.0,0.0,50.0,50.0,0.0,50.0,0.9,0.09999999999999998,0.0,0.0,0.0,0.0,0.0,0.0,0.0,
1765995085.4438162,eth-updown-15m-1765994400,1765994400.0,1765995300.0,,214.55618381500244,,,,,0,0,0.9,0.98,ORDERS_OPEN,,,,,,,,,,,,,,0,5,,,,,,,,,,,,,,,,,,,,,,,,,,,,0.0,0.0,,,,,0,0,,,Inv: 0.0/0.0 CapLeft: 50.0,,,0.0,0.0,0.0,50.0,50.0,0.0,50.0,0.9,0.09999999999999998,0.0,0.0,0.0,0.0,0.0,0.0,0.0,
1765995086.945232,eth-updown-15m-1765994400,1765994400.0,1765995300.0,,213.05476808547974,,,,,0,0,0.9,0.98,ORDERS_OPEN,,,,,,,,,,,,,,0,5,,,,,,,,,,,,,,,,,,,,,,,,,,,,0.0,0.0,,,,,0,0,,,Inv: 0.0/0.0 CapLeft: 50.0,,,0.0,0.0,0.0,50.0,50.0,0.0,50.0,0.9,0.09999999999999998,0.0,0.0,0.0,0.0,0.0,0.0,0.0,
1765995088.446894,eth-updown-15m-1765994400,1765994400.0,1765995300.0,,211.55310606956482,,,,,0,0,0.9,0.98,ORDERS_OPEN,,,,,,,,,,,,,,0,5,,,,,,,,,,,,,,,,,,,,,,,,,,,,0.0,0.0,,,,,0,0,,,Inv: 0.0/0.0 CapLeft: 50.0,,,0.0,0.0,0.0,50.0,50.0,0.0,50.0,0.9,0.09999999999999998,0.0,0.0,0.0,0.0,0.0,0.0,0.0,
1765995089.9481745,eth-updown-15m-1765994400,1765994400.0,1765995300.0,,210.05182552337646,,,,,0,0,0.9,0.98,ORDERS_OPEN,,,,,,,,,,,,,,0,5,,,,,,,,,,,,,,,,,,,,,,,,,,,,0.0,0.0,,,,,0,0,,,Inv: 0.0/0.0 CapLeft: 50.0,,,0.0,0.0,0.0,50.0,50.0,0.0,50.0,0.9,0.09999999999999998,0.0,0.0,0.0,0.0,0.0,0.0,0.0,
1765995091.4498162,eth-updown-15m-1765994400,1765994400.0,1765995300.0,,208.55018377304077,,,,,0,0,0.9,0.98,ORDERS_OPEN,,,,,,,,,,,,,,0,5,,,,,,,,,,,,,,,,,,,,,,,,,,,,0.0,0.0,,,,,0,0,,,Inv: 0.0/0.0 CapLeft: 50.0,,,0.0,0.0,0.0,50.0,50.0,0.0,50.0,0.9,0.09999999999999998,0.0,0.0,0.0,0.0,0.0,0.0,0.0,
1765995092.9511075,eth-updown-15m-1765994400,1765994400.0,1765995300.0,,207.04889249801636,,,,,0,0,0.9,0.98,ORDERS_OPEN,,,,,,,,,,,,,,0,5,,,,,,,,,,,,,,,,,,,,,,,,,,,,0.0,0.0,,,,,0,0,,,Inv: 0.0/0.0 CapLeft: 50.0,,,0.0,0.0,0.0,50.0,50.0,0.0,50.0,0.9,0.09999999999999998,0.0,0.0,0.0,0.0,0.0,0.0,0.0,
1765995095.953016,eth-updown-15m-1765994400,1765994400.0,1765995300.0,,204.04698395729065,,,,,0.45,0.45,0.9,0.98,ORDERS_OPEN,,,,,,,,,,,,,,5,5,,,,,,,,,,,,,,,,,,,,Leg:BOTH UP:5 DOWN:5,,,,,,,,0.0,0.0,,,,,0,0,,,Inv: 0.0/0.0 CapLeft: 50.0,,,0.0,0.0,0.0,50.0,50.0,0.0,50.0,0.9,0.09999999999999998,0.0,0.0,0.0,0.0,0.0,0.0,0.0,
1765995097.4545443,eth-updown-15m-1765994400,1765994400.0,1765995300.0,,202.5454556941986,,,,,0,0,0.9,0.98,ORDERS_OPEN,,,,,,,,,,,,,,0,5,,,,,,,,,,,,,,,,,,,,,,,,,,,,0.0,0.0,,,,,0,0,,,Inv: 0.0/0.0 CapLeft: 50.0,,,0.0,0.0,0.0,50.0,50.0,0.0,50.0,0.9,0.09999999999999998,0.0,0.0,0.0,0.0,0.0,0.0,0.0,
1765995098.9560401,eth-updown-15m-1765994400,1765994400.0,1765995300.0,,201.04395985603333,,,,,0,0,0.9,0.98,ORDERS_OPEN,,,,,,,,,,,,,,0,5,,,,,,,,,,,,,,,,,,,,,,,,,,,,0.0,0.0,,,,,0,0,,,Inv: 0.0/0.0 CapLeft: 50.0,,,0.0,0.0,0.0,50.0,50.0,0.0,50.0,0.9,0.09999999999999998,0.0,0.0,0.0,0.0,0.0,0.0,0.0,
1765995100.4576478,eth-updown-15m-1765994400,1765994400.0,1765995300.0,,199.54235219955444,,,,,0,0,0.9,0.98,ORDERS_OPEN,,,,,,,,,,,,,,0,5,,,,,,,,,,,,,,,,,,,,,,,,,,,,0.0,0.0,,,,,0,0,,,Inv: 0.0/0.0 CapLeft: 50.0,,,0.0,0.0,0.0,50.0,50.0,0.0,50.0,0.9,0.09999999999999998,0.0,0.0,0.0,0.0,0.0,0.0,0.0,
1765995101.9588094,eth-updown-15m-1765994400,1765994400.0,1765995300.0,,198.04119062423706,,,,,0,0,0.9,0.98,ORDERS_OPEN,,,,,,,,,,,,,,0,5,,,,,,,,,,,,,,,,,,,,,,,,,,,,0.0,0.0,,,,,0,0,,,Inv: 0.0/0.0 CapLeft: 50.0,,,0.0,0.0,0.0,50.0,50.0,0.0,50.0,0.9,0.09999999999999998,0.0,0.0,0.0,0.0,0.0,0.0,0.0,
1765995103.4601073,eth-updown-15m-1765994400,1765994400.0,1765995300.0,,196.53989267349243,,,,,0,0,0.9,0.98,ORDERS_OPEN,,,,,,,,,,,,,,0,5,,,,,,,,,,,,,,,,,,,,,,,,,,,,0.0,0.0,,,,,0,0,,,Inv: 0.0/0.0 CapLeft: 50.0,,,0.0,0.0,0.0,50.0,50.0,0.0,50.0,0.9,0.09999999999999998,0.0,0.0,0.0,0.0,0.0,0.0,0.0,
1765995104.9615831,eth-updown-15m-1765994400,1765994400.0,1765995300.0,,195.0384168624878,,,,,0,0,0.9,0.98,ORDERS_OPEN,,,,,,,,,,,,,,0,5,,,,,,,,,,,,,,,,,,,,,,,,,,,,0.0,0.0,,,,,0,0,,,Inv: 0.0/0.0 CapLeft: 50.0,,,0.0,0.0,0.0,50.0,50.0,0.0,50.0,0.9,0.09999999999999998,0.0,0.0,0.0,0.0,0.0,0.0,0.0,
1765995106.46286,eth-updown-15m-1765994400,1765994400.0,1765995300.0,,193.53713989257812,,,,,0,0,0.9,0.98,ORDERS_OPEN,,,,,,,,,,,,,,0,5,,,,,,,,,,,,,,,,,,,,,,,,,,,,0.0,0.0,,,,,0,0,,,Inv: 0.0/0.0 CapLeft: 50.0,,,0.0,0.0,0.0,50.0,50.0,0.0,50.0,0.9,0.09999999999999998,0.0,0.0,0.0,0.0,0.0,0.0,0.0,
1765995107.9645526,eth-updown-15m-1765994400,1765994400.0,1765995300.0,,192.03544735908508,,,,,0,0,0.9,0.98,ORDERS_OPEN,,,,,,,,,,,,,,0,5,,,,,,,,,,,,,,,,,,,,,,,,,,,,0.0,0.0,,,,,0,0,,,Inv: 0.0/0.0 CapLeft: 50.0,,,0.0,0.0,0.0,50.0,50.0,0.0,50.0,0.9,0.09999999999999998,0.0,0.0,0.0,0.0,0.0,0.0,0.0,
1765995109.4659119,eth-updown-15m-1765994400,1765994400.0,1765995300.0,,190.53408813476562,,,,,0,0,0.9,0.98,ORDERS_OPEN,,,,,,,,,,,,,,0,5,,,,,,,,,,,,,,,,,,,,,,,,,,,,0.0,0.0,,,,,0,0,,,Inv: 0.0/0.0 CapLeft: 50.0,,,0.0,0.0,0.0,50.0,50.0,0.0,50.0,0.9,0.09999999999999998,0.0,0.0,0.0,0.0,0.0,0.0,0.0,
1765995112.4684112,eth-updown-15m-1765994400,1765994400.0,1765995300.0,,187.5315887928009,,,,,0.45,0.45,0.9,0.98,ORDERS_OPEN,,,,,,,,,,,,,,5,5,,,,,,,,,,,,,,,,,,,,Leg:BOTH UP:5 DOWN:5,,,,,,,,0.0,0.0,,,,,0,0,,,Inv: 0.0/0.0 CapLeft: 50.0,,,0.0,0.0,0.0,50.0,50.0,0.0,50.0,0.9,0.09999999999999998,0.0,0.0,0.0,0.0,0.0,0.0,0.0,
1765995113.9696605,eth-updown-15m-1765994400,1765994400.0,1765995300.0,,186.0303394794464,,,,,0,0,0.9,0.98,ORDERS_OPEN,,,,,,,,,,,,,,0,5,,,,,,,,,,,,,,,,,,,,,,,,,,,,0.0,0.0,,,,,0,0,,,Inv: 0.0/0.0 CapLeft: 50.0,,,0.0,0.0,0.0,50.0,50.0,0.0,50.0,0.9,0.09999999999999998,0.0,0.0,0.0,0.0,0.0,0.0,0.0,
1765995115.4709299,eth-updown-15m-1765994400,1765994400.0,1765995300.0,,184.52907013893127,,,,,0,0,0.9,0.98,ORDERS_OPEN,,,,,,,,,,,,,,0,5,,,,,,,,,,,,,,,,,,,,,,,,,,,,0.0,0.0,,,,,0,0,,,Inv: 0.0/0.0 CapLeft: 50.0,,,0.0,0.0,0.0,50.0,50.0,0.0,50.0,0.9,0.09999999999999998,0.0,0.0,0.0,0.0,0.0,0.0,0.0,
1765995116.9723926,eth-updown-15m-1765994400,1765994400.0,1765995300.0,,183.0276074409485,,,,,0,0,0.9,0.98,ORDERS_OPEN,,,,,,,,,,,,,,0,5,,,,,,,,,,,,,,,,,,,,,,,,,,,,0.0,0.0,,,,,0,0,,,Inv: 0.0/0.0 CapLeft: 50.0,,,0.0,0.0,0.0,50.0,50.0,0.0,50.0,0.9,0.09999999999999998,0.0,0.0,0.0,0.0,0.0,0.0,0.0,
1765995118.4742813,eth-updown-15m-1765994400,1765994400.0,1765995300.0,,181.52571868896484,,,,,0,0,0.9,0.98,ORDERS_OPEN,,,,,,,,,,,,,,0,5,,,,,,,,,,,,,,,,,,,,,,,,,,,,0.0,0.0,,,,,0,0,,,Inv: 0.0/0.0 CapLeft: 50.0,,,0.0,0.0,0.0,50.0,50.0,0.0,50.0,0.9,0.09999999999999998,0.0,0.0,0.0,0.0,0.0,0.0,0.0,
1765995119.9758666,eth-updown-15m-1765994400,1765994400.0,1765995300.0,,180.0241334438324,,,,,0,0,0.9,0.98,ORDERS_OPEN,,,,,,,,,,,,,,0,5,,,,,,,,,,,,,,,,,,,,,,,,,,,,0.0,0.0,,,,,0,0,,,Inv: 0.0/0.0 CapLeft: 50.0,,,0.0,0.0,0.0,50.0,50.0,0.0,50.0,0.9,0.09999999999999998,0.0,0.0,0.0,0.0,0.0,0.0,0.0,
1765995121.477673,eth-updown-15m-1765994400,1765994400.0,1765995300.0,,178.52232694625854,,,,,0,0,0.9,0.98,ORDERS_OPEN,,,,,,,,,,,,,,0,5,,,,,,,,,,,,,,,,,,,,,,,,,,,,0.0,0.0,,,,,0,0,,,Inv: 0.0/0.0 CapLeft: 50.0,,,0.0,0.0,0.0,50.0,50.0,0.0,50.0,0.9,0.09999999999999998,0.0,0.0,0.0,0.0,0.0,0.0,0.0,
1765995122.9788258,eth-updown-15m-1765994400,1765994400.0,1765995300.0,,177.0211741924286,,,,,0,0,0.9,0.98,ORDERS_OPEN,,,,,,,,,,,,,,0,5,,,,,,,,,,,,,,,,,,,,,,,,,,,,0.0,0.0,,,,,0,0,,,Inv: 0.0/0.0 CapLeft: 50.0,,,0.0,0.0,0.0,50.0,50.0,0.0,50.0,0.9,0.09999999999999998,0.0,0.0,0.0,0.0,0.0,0.0,0.0,
1765995124.4797912,eth-updown-15m-1765994400,1765994400.0,1765995300.0,,175.5202088356018,,,,,0,0,0.9,0.98,ORDERS_OPEN,,,,,,,,,,,,,,0,5,,,,,,,,,,,,,,,,,,,,,,,,,,,,0.0,0.0,,,,,0,0,,,Inv: 0.0/0.0 CapLeft: 50.0,,,0.0,0.0,0.0,50.0,50.0,0.0,50.0,0.9,0.09999999999999998,0.0,0.0,0.0,0.0,0.0,0.0,0.0,
1765995125.981618,eth-updown-15m-1765994400,1765994400.0,1765995300.0,,174.01838207244873,,,,,0,0,0.9,0.98,ORDERS_OPEN,,,,,,,,,,,,,,0,5,,,,,,,,,,,,,,,,,,,,,,,,,,,,0.0,0.0,,,,,0,0,,,Inv: 0.0/0.0 CapLeft: 50.0,,,0.0,0.0,0.0,50.0,50.0,0.0,50.0,0.9,0.09999999999999998,0.0,0.0,0.0,0.0,0.0,0.0,0.0,
1765995128.984009,eth-updown-15m-1765994400,1765994400.0,1765995300.0,,171.01599097251892,,,,,0.45,0.45,0.9,0.98,ORDERS_OPEN,,,,,,,,,,,,,,5,5,,,,,,,,,,,,,,,,,,,,Leg:BOTH UP:5 DOWN:5,,,,,,,,0.0,0.0,,,,,0,0,,,Inv: 0.0/0.0 CapLeft: 50.0,,,0.0,0.0,0.0,50.0,50.0,0.0,50.0,0.9,0.09999999999999998,0.0,0.0,0.0,0.0,0.0,0.0,0.0,
1765995130.4855366,eth-updown-15m-1765994400,1765994400.0,1765995300.0,,169.51446342468262,,,,,0,0,0.9,0.98,ORDERS_OPEN,,,,,,,,,,,,,,0,5,,,,,,,,,,,,,,,,,,,,,,,,,,,,0.0,0.0,,,,,0,0,,,Inv: 0.0/0.0 CapLeft: 50.0,,,0.0,0.0,0.0,50.0,50.0,0.0,50.0,0.9,0.09999999999999998,0.0,0.0,0.0,0.0,0.0,0.0,0.0,
1765995131.9873717,eth-updown-15m-1765994400,1765994400.0,1765995300.0,,168.01262831687927,,,,,0,0,0.9,0.98,ORDERS_OPEN,,,,,,,,,,,,,,0,5,,,,,,,,,,,,,,,,,,,,,,,,,,,,0.0,0.0,,,,,0,0,,,Inv: 0.0/0.0 CapLeft: 50.0,,,0.0,0.0,0.0,50.0,50.0,0.0,50.0,0.9,0.09999999999999998,0.0,0.0,0.0,0.0,0.0,0.0,0.0,
1765995133.489107,eth-updown-15m-1765994400,1765994400.0,1765995300.0,,166.51089310646057,,,,,0,0,0.9,0.98,ORDERS_OPEN,,,,,,,,,,,,,,0,5,,,,,,,,,,,,,,,,,,,,,,,,,,,,0.0,0.0,,,,,0,0,,,Inv: 0.0/0.0 CapLeft: 50.0,,,0.0,0.0,0.0,50.0,50.0,0.0,50.0,0.9,0.09999999999999998,0.0,0.0,0.0,0.0,0.0,0.0,0.0,
1765995134.9902074,eth-updown-15m-1765994400,1765994400.0,1765995300.0,,165.00979256629944,,,,,0,0,0.9,0.98,ORDERS_OPEN,,,,,,,,,,,,,,0,5,,,,,,,,,,,,,,,,,,,,,,,,,,,,0.0,0.0,,,,,0,0,,,Inv: 0.0/0.0 CapLeft: 50.0,,,0.0,0.0,0.0,50.0,50.0,0.0,50.0,0.9,0.09999999999999998,0.0,0.0,0.0,0.0,0.0,0.0,0.0,
1765995136.4922178,eth-updown-15m-1765994400,1765994400.0,1765995300.0,,163.50778222084045,,,,,0,0,0.9,0.98,ORDERS_OPEN,,,,,,,,,,,,,,0,5,,,,,,,,,,,,,,,,,,,,,,,,,,,,0.0,0.0,,,,,0,0,,,Inv: 0.0/0.0 CapLeft: 50.0,,,0.0,0.0,0.0,50.0,50.0,0.0,50.0,0.9,0.09999999999999998,0.0,0.0,0.0,0.0,0.0,0.0,0.0,
1765995137.9936652,eth-updown-15m-1765994400,1765994400.0,1765995300.0,,162.00633478164673,,,,,0,0,0.9,0.98,ORDERS_OPEN,,,,,,,,,,,,,,0,5,,,,,,,,,,,,,,,,,,,,,,,,,,,,0.0,0.0,,,,,0,0,,,Inv: 0.0/0.0 CapLeft: 50.0,,,0.0,0.0,0.0,50.0,50.0,0.0,50.0,0.9,0.09999999999999998,0.0,0.0,0.0,0.0,0.0,0.0,0.0,
1765995139.4953344,eth-updown-15m-1765994400,1765994400.0,1765995300.0,,160.50466561317444,,,,,0,0,0.9,0.98,ORDERS_OPEN,,,,,,,,,,,,,,0,5,,,,,,,,,,,,,,,,,,,,,,,,,,,,0.0,0.0,,,,,0,0,,,Inv: 0.0/0.0 CapLeft: 50.0,,,0.0,0.0,0.0,50.0,50.0,0.0,50.0,0.9,0.09999999999999998,0.0,0.0,0.0,0.0,0.0,0.0,0.0,
1765995140.9972987,eth-updown-15m-1765994400,1765994400.0,1765995300.0,,159.00270128250122,,,,,0,0,0.9,0.98,ORDERS_OPEN,,,,,,,,,,,,,,0,5,,,,,,,,,,,,,,,,,,,,,,,,,,,,0.0,0.0,,,,,0,0,,,Inv: 0.0/0.0 CapLeft: 50.0,,,0.0,0.0,0.0,50.0,50.0,0.0,50.0,0.9,0.09999999999999998,0.0,0.0,0.0,0.0,0.0,0.0,0.0,
1765995142.498393,eth-updown-15m-1765994400,1765994400.0,1765995300.0,,157.50160694122314,,,,,0,0,0.9,0.98,ORDERS_OPEN,,,,,,,,,,,,,,0,5,,,,,,,,,,,,,,,,,,,,,,,,,,,,0.0,0.0,,,,,0,0,,,Inv: 0.0/0.0 CapLeft: 50.0,,,0.0,0.0,0.0,50.0,50.0,0.0,50.0,0.9,0.09999999999999998,0.0,0.0,0.0,0.0,0.0,0.0,0.0,
1765995145.5015836,eth-updown-15m-1765994400,1765994400.0,1765995300.0,,154.4984164237976,,,,,0.45,0.45,0.9,0.98,ORDERS_OPEN,,,,,,,,,,,,,,5,5,,,,,,,,,,,,,,,,,,,,Leg:BOTH UP:5 DOWN:5,,,,,,,,0.0,0.0,,,,,0,0,,,Inv: 0.0/0.0 CapLeft: 50.0,,,0.0,0.0,0.0,50.0,50.0,0.0,50.0,0.9,0.09999999999999998,0.0,0.0,0.0,0.0,0.0,0.0,0.0,
1765995147.0031593,eth-updown-15m-1765994400,1765994400.0,1765995300.0,,152.99684071540833,,,,,0,0,0.9,0.98,ORDERS_OPEN,,,,,,,,,,,,,,0,5,,,,,,,,,,,,,,,,,,,,,,,,,,,,0.0,0.0,,,,,0,0,,,Inv: 0.0/0.0 CapLeft: 50.0,,,0.0,0.0,0.0,50.0,50.0,0.0,50.0,0.9,0.09999999999999998,0.0,0.0,0.0,0.0,0.0,0.0,0.0,
1765995148.5049033,eth-updown-15m-1765994400,1765994400.0,1765995300.0,,151.4950966835022,,,,,0,0,0.9,0.98,ORDERS_OPEN,,,,,,,,,,,,,,0,5,,,,,,,,,,,,,,,,,,,,,,,,,,,,0.0,0.0,,,,,0,0,,,Inv: 0.0/0.0 CapLeft: 50.0,,,0.0,0.0,0.0,50.0,50.0,0.0,50.0,0.9,0.09999999999999998,0.0,0.0,0.0,0.0,0.0,0.0,0.0,
1765995150.0065544,eth-updown-15m-1765994400,1765994400.0,1765995300.0,,149.99344563484192,,,,,0,0,0.9,0.98,ORDERS_OPEN,,,,,,,,,,,,,,0,5,,,,,,,,,,,,,,,,,,,,,,,,,,,,0.0,0.0,,,,,0,0,,,Inv: 0.0/0.0 CapLeft: 50.0,,,0.0,0.0,0.0,50.0,50.0,0.0,50.0,0.9,0.09999999999999998,0.0,0.0,0.0,0.0,0.0,0.0,0.0,
1765995151.5082874,eth-updown-15m-1765994400,1765994400.0,1765995300.0,,148.49171257019043,,,,,0,0,0.9,0.98,ORDERS_OPEN,,,,,,,,,,,,,,0,5,,,,,,,,,,,,,,,,,,,,,,,,,,,,0.0,0.0,,,,,0,0,,,Inv: 0.0/0.0 CapLeft: 50.0,,,0.0,0.0,0.0,50.0,50.0,0.0,50.0,0.9,0.09999999999999998,0.0,0.0,0.0,0.0,0.0,0.0,0.0,
1765995153.0110488,eth-updown-15m-1765994400,1765994400.0,1765995300.0,,146.98895120620728,,,,,0,0,0.9,0.98,ORDERS_OPEN,,,,,,,,,,,,,,0,5,,,,,,,,,,,,,,,,,,,,,,,,,,,,0.0,0.0,,,,,0,0,,,Inv: 0.0/0.0 CapLeft: 50.0,,,0.0,0.0,0.0,50.0,50.0,0.0,50.0,0.9,0.09999999999999998,0.0,0.0,0.0,0.0,0.0,0.0,0.0,
1765995154.512776,eth-updown-15m-1765994400,1765994400.0,1765995300.0,,145.48722410202026,,,,,0,0,0.9,0.98,ORDERS_OPEN,,,,,,,,,,,,,,0,5,,,,,,,,,,,,,,,,,,,,,,,,,,,,0.0,0.0,,,,,0,0,,,Inv: 0.0/0.0 CapLeft: 50.0,,,0.0,0.0,0.0,50.0,50.0,0.0,50.0,0.9,0.09999999999999998,0.0,0.0,0.0,0.0,0.0,0.0,0.0,
1765995156.01441,eth-updown-15m-1765994400,1765994400.0,1765995300.0,,143.9855899810791,,,,,0,0,0.9,0.98,ORDERS_OPEN,,,,,,,,,,,,,,0,5,,,,,,,,,,,,,,,,,,,,,,,,,,,,0.0,0.0,,,,,0,0,,,Inv: 0.0/0.0 CapLeft: 50.0,,,0.0,0.0,0.0,50.0,50.0,0.0,50.0,0.9,0.09999999999999998,0.0,0.0,0.0,0.0,0.0,0.0,0.0,
1765995157.51621,eth-updown-15m-1765994400,1765994400.0,1765995300.0,,142.48378992080688,,,,,0,0,0.9,0.98,ORDERS_OPEN,,,,,,,,,,,,,,0,5,,,,,,,,,,,,,,,,,,,,,,,,,,,,0.0,0.0,,,,,0,0,,,Inv: 0.0/0.0 CapLeft: 50.0,,,0.0,0.0,0.0,50.0,50.0,0.0,50.0,0.9,0.09999999999999998,0.0,0.0,0.0,0.0,0.0,0.0,0.0,
1765995159.0177846,eth-updown-15m-1765994400,1765994400.0,1765995300.0,,140.9822154045105,,,,,0,0,0.9,0.98,ORDERS_OPEN,,,,,,,,,,,,,,0,5,,,,,,,,,,,,,,,,,,,,,,,,,,,,0.0,0.0,,,,,0,0,,,Inv: 0.0/0.0 CapLeft: 50.0,,,0.0,0.0,0.0,50.0,50.0,0.0,50.0,0.9,0.09999999999999998,0.0,0.0,0.0,0.0,0.0,0.0,0.0,
1765995162.0240533,eth-updown-15m-1765994400,1765994400.0,1765995300.0,,137.97594666481018,,,,,0.45,0.45,0.9,0.98,ORDERS_OPEN,,,,,,,,,,,,,,5,5,,,,,,,,,,,,,,,,,,,,Leg:BOTH UP:5 DOWN:5,,,,,,,,0.0,0.0,,,,,0,0,,,Inv: 0.0/0.0 CapLeft: 50.0,,,0.0,0.0,0.0,50.0,50.0,0.0,50.0,0.9,0.09999999999999998,0.0,0.0,0.0,0.0,0.0,0.0,0.0,
1765995163.5259013,eth-updown-15m-1765994400,1765994400.0,1765995300.0,,136.47409868240356,,,,,0,0,0.9,0.98,ORDERS_OPEN,,,,,,,,,,,,,,0,5,,,,,,,,,,,,,,,,,,,,,,,,,,,,0.0,0.0,,,,,0,0,,,Inv: 0.0/0.0 CapLeft: 50.0,,,0.0,0.0,0.0,50.0,50.0,0.0,50.0,0.9,0.09999999999999998,0.0,0.0,0.0,0.0,0.0,0.0,0.0,
1765995165.0268464,eth-updown-15m-1765994400,1765994400.0,1765995300.0,,134.973153591156,,,,,0,0,0.9,0.98,ORDERS_OPEN,,,,,,,,,,,,,,0,5,,,,,,,,,,,,,,,,,,,,,,,,,,,,0.0,0.0,,,,,0,0,,,Inv: 0.0/0.0 CapLeft: 50.0,,,0.0,0.0,0.0,50.0,50.0,0.0,50.0,0.9,0.09999999999999998,0.0,0.0,0.0,0.0,0.0,0.0,0.0,
1765995166.5286663,eth-updown-15m-1765994400,1765994400.0,1765995300.0,,133.47133374214172,,,,,0,0,0.9,0.98,ORDERS_OPEN,,,,,,,,,,,,,,0,5,,,,,,,,,,,,,,,,,,,,,,,,,,,,0.0,0.0,,,,,0,0,,,Inv: 0.0/0.0 CapLeft: 50.0,,,0.0,0.0,0.0,50.0,50.0,0.0,50.0,0.9,0.09999999999999998,0.0,0.0,0.0,0.0,0.0,0.0,0.0,
1765995168.0303488,eth-updown-15m-1765994400,1765994400.0,1765995300.0,,131.969651222229,,,,,0,0,0.9,0.98,ORDERS_OPEN,,,,,,,,,,,,,,0,5,,,,,,,,,,,,,,,,,,,,,,,,,,,,0.0,0.0,,,,,0,0,,,Inv: 0.0/0.0 CapLeft: 50.0,,,0.0,0.0,0.0,50.0,50.0,0.0,50.0,0.9,0.09999999999999998,0.0,0.0,0.0,0.0,0.0,0.0,0.0,
1765995169.5320153,eth-updown-15m-1765994400,1765994400.0,1765995300.0,,130.46798467636108,,,,,0,0,0.9,0.98,ORDERS_OPEN,,,,,,,,,,,,,,0,5,,,,,,,,,,,,,,,,,,,,,,,,,,,,0.0,0.0,,,,,0,0,,,Inv: 0.0/0.0 CapLeft: 50.0,,,0.0,0.0,0.0,50.0,50.0,0.0,50.0,0.9,0.09999999999999998,0.0,0.0,0.0,0.0,0.0,0.0,0.0,
1765995171.0336306,eth-updown-15m-1765994400,1765994400.0,1765995300.0,,128.96636939048767,,,,,0,0,0.9,0.98,ORDERS_OPEN,,,,,,,,,,,,,,0,5,,,,,,,,,,,,,,,,,,,,,,,,,,,,0.0,0.0,,,,,0,0,,,Inv: 0.0/0.0 CapLeft: 50.0,,,0.0,0.0,0.0,50.0,50.0,0.0,50.0,0.9,0.09999999999999998,0.0,0.0,0.0,0.0,0.0,0.0,0.0,
1765995172.535099,eth-updown-15m-1765994400,1765994400.0,1765995300.0,,127.46490097045898,,,,,0,0,0.9,0.98,ORDERS_OPEN,,,,,,,,,,,,,,0,5,,,,,,,,,,,,,,,,,,,,,,,,,,,,0.0,0.0,,,,,0,0,,,Inv: 0.0/0.0 CapLeft: 50.0,,,0.0,0.0,0.0,50.0,50.0,0.0,50.0,0.9,0.09999999999999998,0.0,0.0,0.0,0.0,0.0,0.0,0.0,
1765995174.0366933,eth-updown-15m-1765994400,1765994400.0,1765995300.0,,125.96330666542053,,,,,0,0,0.9,0.98,ORDERS_OPEN,,,,,,,,,,,,,,0,5,,,,,,,,,,,,,,,,,,,,,,,,,,,,0.0,0.0,,,,,0,0,,,Inv: 0.0/0.0 CapLeft: 50.0,,,0.0,0.0,0.0,50.0,50.0,0.0,50.0,0.9,0.09999999999999998,0.0,0.0,0.0,0.0,0.0,0.0,0.0,
1765995175.5386167,eth-updown-15m-1765994400,1765994400.0,1765995300.0,,124.46138334274292,,,,,0,0,0.9,0.98,ORDERS_OPEN,,,,,,,,,,,,,,0,5,,,,,,,,,,,,,,,,,,,,,,,,,,,,0.0,0.0,,,,,0,0,,,Inv: 0.0/0.0 CapLeft: 50.0,,,0.0,0.0,0.0,50.0,50.0,0.0,50.0,0.9,0.09999999999999998,0.0,0.0,0.0,0.0,0.0,0.0,0.0,
1765995178.541695,eth-updown-15m-1765994400,1765994400.0,1765995300.0,,121.45830488204956,,,,,0.45,0.45,0.9,0.98,ORDERS_OPEN,,,,,,,,,,,,,,5,5,,,,,,,,,,,,,,,,,,,,Leg:BOTH UP:5 DOWN:5,,,,,,,,0.0,0.0,,,,,0,0,,,Inv: 0.0/0.0 CapLeft: 50.0,,,0.0,0.0,0.0,50.0,50.0,0.0,50.0,0.9,0.09999999999999998,0.0,0.0,0.0,0.0,0.0,0.0,0.0,
1765995180.0428758,eth-updown-15m-1765994400,1765994400.0,1765995300.0,,119.95712423324585,,,,,0,0,0.9,0.98,ORDERS_OPEN,,,,,,,,,,,,,,0,5,,,,,,,,,,,,,,,,,,,,,,,,,,,,0.0,0.0,,,,,0,0,,,Inv: 0.0/0.0 CapLeft: 50.0,,,0.0,0.0,0.0,50.0,50.0,0.0,50.0,0.9,0.09999999999999998,0.0,0.0,0.0,0.0,0.0,0.0,0.0,
1765995181.5443938,eth-updown-15m-1765994400,1765994400.0,1765995300.0,,118.45560622215271,,,,,0,0,0.9,0.98,ORDERS_OPEN,,,,,,,,,,,,,,0,5,,,,,,,,,,,,,,,,,,,,,,,,,,,,0.0,0.0,,,,,0,0,,,Inv: 0.0/0.0 CapLeft: 50.0,,,0.0,0.0,0.0,50.0,50.0,0.0,50.0,0.9,0.09999999999999998,0.0,0.0,0.0,0.0,0.0,0.0,0.0,
1765995183.0461686,eth-updown-15m-1765994400,1765994400.0,1765995300.0,,116.95383143424988,,,,,0,0,0.9,0.98,ORDERS_OPEN,,,,,,,,,,,,,,0,5,,,,,,,,,,,,,,,,,,,,,,,,,,,,0.0,0.0,,,,,0,0,,,Inv: 0.0/0.0 CapLeft: 50.0,,,0.0,0.0,0.0,50.0,50.0,0.0,50.0,0.9,0.09999999999999998,0.0,0.0,0.0,0.0,0.0,0.0,0.0,
1765995184.5478618,eth-updown-15m-1765994400,1765994400.0,1765995300.0,,115.4521381855011,,,,,0,0,0.9,0.98,ORDERS_OPEN,,,,,,,,,,,,,,0,5,,,,,,,,,,,,,,,,,,,,,,,,,,,,0.0,0.0,,,,,0,0,,,Inv: 0.0/0.0 CapLeft: 50.0,,,0.0,0.0,0.0,50.0,50.0,0.0,50.0,0.9,0.09999999999999998,0.0,0.0,0.0,0.0,0.0,0.0,0.0,
1765995186.0499756,eth-updown-15m-1765994400,1765994400.0,1765995300.0,,113.95002436637878,,,,,0,0,0.9,0.98,ORDERS_OPEN,,,,,,,,,,,,,,0,5,,,,,,,,,,,,,,,,,,,,,,,,,,,,0.0,0.0,,,,,0,0,,,Inv: 0.0/0.0 CapLeft: 50.0,,,0.0,0.0,0.0,50.0,50.0,0.0,50.0,0.9,0.09999999999999998,0.0,0.0,0.0,0.0,0.0,0.0,0.0,
1765995187.5518188,eth-updown-15m-1765994400,1765994400.0,1765995300.0,,112.44818115234375,,,,,0,0,0.9,0.98,ORDERS_OPEN,,,,,,,,,,,,,,0,5,,,,,,,,,,,,,,,,,,,,,,,,,,,,0.0,0.0,,,,,0,0,,,Inv: 0.0/0.0 CapLeft: 50.0,,,0.0,0.0,0.0,50.0,50.0,0.0,50.0,0.9,0.09999999999999998,0.0,0.0,0.0,0.0,0.0,0.0,0.0,
1765995189.0543451,eth-updown-15m-1765994400,1765994400.0,1765995300.0,,110.94565486907959,,,,,0,0,0.9,0.98,ORDERS_OPEN,,,,,,,,,,,,,,0,5,,,,,,,,,,,,,,,,,,,,,,,,,,,,0.0,0.0,,,,,0,0,,,Inv: 0.0/0.0 CapLeft: 50.0,,,0.0,0.0,0.0,50.0,50.0,0.0,50.0,0.9,0.09999999999999998,0.0,0.0,0.0,0.0,0.0,0.0,0.0,
1765995190.5559325,eth-updown-15m-1765994400,1765994400.0,1765995300.0,,109.44406747817993,,,,,0,0,0.9,0.98,ORDERS_OPEN,,,,,,,,,,,,,,0,5,,,,,,,,,,,,,,,,,,,,,,,,,,,,0.0,0.0,,,,,0,0,,,Inv: 0.0/0.0 CapLeft: 50.0,,,0.0,0.0,0.0,50.0,50.0,0.0,50.0,0.9,0.09999999999999998,0.0,0.0,0.0,0.0,0.0,0.0,0.0,
1765995192.0578606,eth-updown-15m-1765994400,1765994400.0,1765995300.0,,107.94213938713074,,,,,0,0,0.9,0.98,ORDERS_OPEN,,,,,,,,,,,,,,0,5,,,,,,,,,,,,,,,,,,,,,,,,,,,,0.0,0.0,,,,,0,0,,,Inv: 0.0/0.0 CapLeft: 50.0,,,0.0,0.0,0.0,50.0,50.0,0.0,50.0,0.9,0.09999999999999998,0.0,0.0,0.0,0.0,0.0,0.0,0.0,
1765995195.0615375,eth-updown-15m-1765994400,1765994400.0,1765995300.0,,104.93846249580383,,,,,0.45,0.45,0.9,0.98,ORDERS_OPEN,,,,,,,,,,,,,,5,5,,,,,,,,,,,,,,,,,,,,Leg:BOTH UP:5 DOWN:5,,,,,,,,0.0,0.0,,,,,0,0,,,Inv: 0.0/0.0 CapLeft: 50.0,,,0.0,0.0,0.0,50.0,50.0,0.0,50.0,0.9,0.09999999999999998,0.0,0.0,0.0,0.0,0.0,0.0,0.0,
1765995196.5629008,eth-updown-15m-1765994400,1765994400.0,1765995300.0,,103.43709921836853,,,,,0,0,0.9,0.98,ORDERS_OPEN,,,,,,,,,,,,,,0,5,,,,,,,,,,,,,,,,,,,,,,,,,,,,0.0,0.0,,,,,0,0,,,Inv: 0.0/0.0 CapLeft: 50.0,,,0.0,0.0,0.0,50.0,50.0,0.0,50.0,0.9,0.09999999999999998,0.0,0.0,0.0,0.0,0.0,0.0,0.0,
1765995198.064404,eth-updown-15m-1765994400,1765994400.0,1765995300.0,,101.9355959892273,,,,,0,0,0.9,0.98,ORDERS_OPEN,,,,,,,,,,,,,,0,5,,,,,,,,,,,,,,,,,,,,,,,,,,,,0.0,0.0,,,,,0,0,,,Inv: 0.0/0.0 CapLeft: 50.0,,,0.0,0.0,0.0,50.0,50.0,0.0,50.0,0.9,0.09999999999999998,0.0,0.0,0.0,0.0,0.0,0.0,0.0,
1765995199.565927,eth-updown-15m-1765994400,1765994400.0,1765995300.0,,100.434072971344,,,,,0,0,0.9,0.98,ORDERS_OPEN,,,,,,,,,,,,,,0,5,,,,,,,,,,,,,,,,,,,,,,,,,,,,0.0,0.0,,,,,0,0,,,Inv: 0.0/0.0 CapLeft: 50.0,,,0.0,0.0,0.0,50.0,50.0,0.0,50.0,0.9,0.09999999999999998,0.0,0.0,0.0,0.0,0.0,0.0,0.0,
1765995201.067359,eth-updown-15m-1765994400,1765994400.0,1765995300.0,,98.93264102935791,,,,,0,0,0.9,0.98,ORDERS_OPEN,,,,,,,,,,,,,,0,5,,,,,,,,,,,,,,,,,,,,,,,,,,,,0.0,0.0,,,,,0,0,,,Inv: 0.0/0.0 CapLeft: 50.0,,,0.0,0.0,0.0,50.0,50.0,0.0,50.0,0.9,0.09999999999999998,0.0,0.0,0.0,0.0,0.0,0.0,0.0,
1765995202.568927,eth-updown-15m-1765994400,1765994400.0,1765995300.0,,97.43107295036316,,,,,0,0,0.9,0.98,ORDERS_OPEN,,,,,,,,,,,,,,0,5,,,,,,,,,,,,,,,,,,,,,,,,,,,,0.0,0.0,,,,,0,0,,,Inv: 0.0/0.0 CapLeft: 50.0,,,0.0,0.0,0.0,50.0,50.0,0.0,50.0,0.9,0.09999999999999998,0.0,0.0,0.0,0.0,0.0,0.0,0.0,
1765995204.0703719,eth-updown-15m-1765994400,1765994400.0,1765995300.0,,95.9296281337738,,,,,0,0,0.9,0.98,ORDERS_OPEN,,,,,,,,,,,,,,0,5,,,,,,,,,,,,,,,,,,,,,,,,,,,,0.0,0.0,,,,,0,0,,,Inv: 0.0/0.0 CapLeft: 50.0,,,0.0,0.0,0.0,50.0,50.0,0.0,50.0,0.9,0.09999999999999998,0.0,0.0,0.0,0.0,0.0,0.0,0.0,
1765995205.5716257,eth-updown-15m-1765994400,1765994400.0,1765995300.0,,94.42837429046631,,,,,0,0,0.9,0.98,ORDERS_OPEN,,,,,,,,,,,,,,0,5,,,,,,,,,,,,,,,,,,,,,,,,,,,,0.0,0.0,,,,,0,0,,,Inv: 0.0/0.0 CapLeft: 50.0,,,0.0,0.0,0.0,50.0,50.0,0.0,50.0,0.9,0.09999999999999998,0.0,0.0,0.0,0.0,0.0,0.0,0.0,
1765995207.0729692,eth-updown-15m-1765994400,1765994400.0,1765995300.0,,92.92703080177307,,,,,0,0,0.9,0.98,ORDERS_OPEN,,,,,,,,,,,,,,0,5,,,,,,,,,,,,,,,,,,,,,,,,,,,,0.0,0.0,,,,,0,0,,,Inv: 0.0/0.0 CapLeft: 50.0,,,0.0,0.0,0.0,50.0,50.0,0.0,50.0,0.9,0.09999999999999998,0.0,0.0,0.0,0.0,0.0,0.0,0.0,
1765995208.5743797,eth-updown-15m-1765994400,1765994400.0,1765995300.0,,91.4256203174591,,,,,0,0,0.9,0.98,ORDERS_OPEN,,,,,,,,,,,,,,0,5,,,,,,,,,,,,,,,,,,,,,,,,,,,,0.0,0.0,,,,,0,0,,,Inv: 0.0/0.0 CapLeft: 50.0,,,0.0,0.0,0.0,50.0,50.0,0.0,50.0,0.9,0.09999999999999998,0.0,0.0,0.0,0.0,0.0,0.0,0.0,
1765995211.5769598,eth-updown-15m-1765994400,1765994400.0,1765995300.0,,88.42304015159607,,,,,0.45,0.45,0.9,0.98,ORDERS_OPEN,,,,,,,,,,,,,,5,5,,,,,,,,,,,,,,,,,,,,Leg:BOTH UP:5 DOWN:5,,,,,,,,0.0,0.0,,,,,0,0,,,Inv: 0.0/0.0 CapLeft: 50.0,,,0.0,0.0,0.0,50.0,50.0,0.0,50.0,0.9,0.09999999999999998,0.0,0.0,0.0,0.0,0.0,0.0,0.0,
1765995213.078204,eth-updown-15m-1765994400,1765994400.0,1765995300.0,,86.92179608345032,,,,,0,0,0.9,0.98,ORDERS_OPEN,,,,,,,,,,,,,,0,5,,,,,,,,,,,,,,,,,,,,,,,,,,,,0.0,0.0,,,,,0,0,,,Inv: 0.0/0.0 CapLeft: 50.0,,,0.0,0.0,0.0,50.0,50.0,0.0,50.0,0.9,0.09999999999999998,0.0,0.0,0.0,0.0,0.0,0.0,0.0,
1765995214.5804954,eth-updown-15m-1765994400,1765994400.0,1765995300.0,,85.41950464248657,,,,,0,0,0.9,0.98,ORDERS_OPEN,,,,,,,,,,,,,,0,5,,,,,,,,,,,,,,,,,,,,,,,,,,,,0.0,0.0,,,,,0,0,,,Inv: 0.0/0.0 CapLeft: 50.0,,,0.0,0.0,0.0,50.0,50.0,0.0,50.0,0.9,0.09999999999999998,0.0,0.0,0.0,0.0,0.0,0.0,0.0,
1765995216.0818408,eth-updown-15m-1765994400,1765994400.0,1765995300.0,,83.9181592464447,,,,,0,0,0.9,0.98,ORDERS_OPEN,,,,,,,,,,,,,,0,5,,,,,,,,,,,,,,,,,,,,,,,,,,,,0.0,0.0,,,,,0,0,,,Inv: 0.0/0.0 CapLeft: 50.0,,,0.0,0.0,0.0,50.0,50.0,0.0,50.0,0.9,0.09999999999999998,0.0,0.0,0.0,0.0,0.0,0.0,0.0,
1765995217.583057,eth-updown-15m-1765994400,1765994400.0,1765995300.0,,82.4169430732727,,,,,0,0,0.9,0.98,ORDERS_OPEN,,,,,,,,,,,,,,0,5,,,,,,,,,,,,,,,,,,,,,,,,,,,,0.0,0.0,,,,,0,0,,,Inv: 0.0/0.0 CapLeft: 50.0,,,0.0,0.0,0.0,50.0,50.0,0.0,50.0,0.9,0.09999999999999998,0.0,0.0,0.0,0.0,0.0,0.0,0.0,
1765995219.084645,eth-updown-15m-1765994400,1765994400.0,1765995300.0,,80.91535496711731,,,,,0,0,0.9,0.98,ORDERS_OPEN,,,,,,,,,,,,,,0,5,,,,,,,,,,,,,,,,,,,,,,,,,,,,0.0,0.0,,,,,0,0,,,Inv: 0.0/0.0 CapLeft: 50.0,,,0.0,0.0,0.0,50.0,50.0,0.0,50.0,0.9,0.09999999999999998,0.0,0.0,0.0,0.0,0.0,0.0,0.0,
1765995220.5866642,eth-updown-15m-1765994400,1765994400.0,1765995300.0,,79.4133358001709,,,,,0,0,0.9,0.98,ORDERS_OPEN,,,,,,,,,,,,,,0,5,,,,,,,,,,,,,,,,,,,,,,,,,,,,0.0,0.0,,,,,0,0,,,Inv: 0.0/0.0 CapLeft: 50.0,,,0.0,0.0,0.0,50.0,50.0,0.0,50.0,0.9,0.09999999999999998,0.0,0.0,0.0,0.0,0.0,0.0,0.0,
1765995222.0884936,eth-updown-15m-1765994400,1765994400.0,1765995300.0,,77.91150641441345,,,,,0,0,0.9,0.98,ORDERS_OPEN,,,,,,,,,,,,,,0,5,,,,,,,,,,,,,,,,,,,,,,,,,,,,0.0,0.0,,,,,0,0,,,Inv: 0.0/0.0 CapLeft: 50.0,,,0.0,0.0,0.0,50.0,50.0,0.0,50.0,0.9,0.09999999999999998,0.0,0.0,0.0,0.0,0.0,0.0,0.0,
1765995223.5897446,eth-updown-15m-1765994400,1765994400.0,1765995300.0,,76.4102554321289,,,,,0,0,0.9,0.98,ORDERS_OPEN,,,,,,,,,,,,,,0,5,,,,,,,,,,,,,,,,,,,,,,,,,,,,0.0,0.0,,,,,0,0,,,Inv: 0.0/0.0 CapLeft: 50.0,,,0.0,0.0,0.0,50.0,50.0,0.0,50.0,0.9,0.09999999999999998,0.0,0.0,0.0,0.0,0.0,0.0,0.0,
1765995225.0913165,eth-updown-15m-1765994400,1765994400.0,1765995300.0,,74.90868353843689,,,,,0,0,0.9,0.98,ORDERS_OPEN,,,,,,,,,,,,,,0,5,,,,,,,,,,,,,,,,,,,,,,,,,,,,0.0,0.0,,,,,0,0,,,Inv: 0.0/0.0 CapLeft: 50.0,,,0.0,0.0,0.0,50.0,50.0,0.0,50.0,0.9,0.09999999999999998,0.0,0.0,0.0,0.0,0.0,0.0,0.0,
1765995228.093266,eth-updown-15m-1765994400,1765994400.0,1765995300.0,,71.90673398971558,,,,,0.45,0.45,0.9,0.98,ORDERS_OPEN,,,,,,,,,,,,,,5,5,,,,,,,,,,,,,,,,,,,,Leg:BOTH UP:5 DOWN:5,,,,,,,,0.0,0.0,,,,,0,0,,,Inv: 0.0/0.0 CapLeft: 50.0,,,0.0,0.0,0.0,50.0,50.0,0.0,50.0,0.9,0.09999999999999998,0.0,0.0,0.0,0.0,0.0,0.0,0.0,
1765995229.5948234,eth-updown-15m-1765994400,1765994400.0,1765995300.0,,70.40517663955688,,,,,0,0,0.9,0.98,ORDERS_OPEN,,,,,,,,,,,,,,0,5,,,,,,,,,,,,,,,,,,,,,,,,,,,,0.0,0.0,,,,,0,0,,,Inv: 0.0/0.0 CapLeft: 50.0,,,0.0,0.0,0.0,50.0,50.0,0.0,50.0,0.9,0.09999999999999998,0.0,0.0,0.0,0.0,0.0,0.0,0.0,
1765995231.0961206,eth-updown-15m-1765994400,1765994400.0,1765995300.0,,68.903879404068,,,,,0,0,0.9,0.98,ORDERS_OPEN,,,,,,,,,,,,,,0,5,,,,,,,,,,,,,,,,,,,,,,,,,,,,0.0,0.0,,,,,0,0,,,Inv: 0.0/0.0 CapLeft: 50.0,,,0.0,0.0,0.0,50.0,50.0,0.0,50.0,0.9,0.09999999999999998,0.0,0.0,0.0,0.0,0.0,0.0,0.0,
1765995232.5978067,eth-updown-15m-1765994400,1765994400.0,1765995300.0,,67.40219330787659,,,,,0,0,0.9,0.98,ORDERS_OPEN,,,,,,,,,,,,,,0,5,,,,,,,,,,,,,,,,,,,,,,,,,,,,0.0,0.0,,,,,0,0,,,Inv: 0.0/0.0 CapLeft: 50.0,,,0.0,0.0,0.0,50.0,50.0,0.0,50.0,0.9,0.09999999999999998,0.0,0.0,0.0,0.0,0.0,0.0,0.0,
1765995234.099709,eth-updown-15m-1765994400,1765994400.0,1765995300.0,,65.90029096603394,,,,,0,0,0.9,0.98,ORDERS_OPEN,,,,,,,,,,,,,,0,5,,,,,,,,,,,,,,,,,,,,,,,,,,,,0.0,0.0,,,,,0,0,,,Inv: 0.0/0.0 CapLeft: 50.0,,,0.0,0.0,0.0,50.0,50.0,0.0,50.0,0.9,0.09999999999999998,0.0,0.0,0.0,0.0,0.0,0.0,0.0,
1765995235.6006835,eth-updown-15m-1765994400,1765994400.0,1765995300.0,,64.39931654930115,,,,,0,0,0.9,0.98,ORDERS_OPEN,,,,,,,,,,,,,,0,5,,,,,,,,,,,,,,,,,,,,,,,,,,,,0.0,0.0,,,,,0,0,,,Inv: 0.0/0.0 CapLeft: 50.0,,,0.0,0.0,0.0,50.0,50.0,0.0,50.0,0.9,0.09999999999999998,0.0,0.0,0.0,0.0,0.0,0.0,0.0,
1765995237.102241,eth-updown-15m-1765994400,1765994400.0,1765995300.0,,62.89775896072388,,,,,0,0,0.9,0.98,ORDERS_OPEN,,,,,,,,,,,,,,0,5,,,,,,,,,,,,,,,,,,,,,,,,,,,,0.0,0.0,,,,,0,0,,,Inv: 0.0/0.0 CapLeft: 50.0,,,0.0,0.0,0.0,50.0,50.0,0.0,50.0,0.9,0.09999999999999998,0.0,0.0,0.0,0.0,0.0,0.0,0.0,
1765995238.603464,eth-updown-15m-1765994400,1765994400.0,1765995300.0,,61.396536111831665,,,,,0,0,0.9,0.98,ORDERS_OPEN,,,,,,,,,,,,,,0,5,,,,,,,,,,,,,,,,,,,,,,,,,,,,0.0,0.0,,,,,0,0,,,Inv: 0.0/0.0 CapLeft: 50.0,,,0.0,0.0,0.0,50.0,50.0,0.0,50.0,0.9,0.09999999999999998,0.0,0.0,0.0,0.0,0.0,0.0,0.0,
1765995240.1050673,eth-updown-15m-1765994400,1765994400.0,1765995300.0,,59.89493274688721,,,,,0,0,0.9,0.98,ORDERS_OPEN,,,,,,,,,,,,,,0,5,,,,,,,,,,,,,,,,,,,,,,,,,,,,0.0,0.0,,,,,0,0,,,Inv: 0.0/0.0 CapLeft: 50.0,,,0.0,0.0,0.0,50.0,50.0,0.0,50.0,0.9,0.09999999999999998,0.0,0.0,0.0,0.0,0.0,0.0,0.0,
1765995241.6064017,eth-updown-15m-1765994400,1765994400.0,1765995300.0,,58.393598318099976,,,,,0,0,0.9,0.98,ORDERS_OPEN,,,,,,,,,,,,,,0,5,,,,,,,,,,,,,,,,,,,,,,,,,,,,0.0,0.0,,,,,0,0,,,Inv: 0.0/0.0 CapLeft: 50.0,,,0.0,0.0,0.0,50.0,50.0,0.0,50.0,0.9,0.09999999999999998,0.0,0.0,0.0,0.0,0.0,0.0,0.0,
1765995244.6090465,eth-updown-15m-1765994400,1765994400.0,1765995300.0,,55.390953540802,,,,,0.45,0.45,0.9,0.98,ORDERS_OPEN,,,,,,,,,,,,,,5,5,,,,,,,,,,,,,,,,,,,,Leg:BOTH UP:5 DOWN:5,,,,,,,,0.0,0.0,,,,,0,0,,,Inv: 0.0/0.0 CapLeft: 50.0,,,0.0,0.0,0.0,50.0,50.0,0.0,50.0,0.9,0.09999999999999998,0.0,0.0,0.0,0.0,0.0,0.0,0.0,
1765995246.1103704,eth-updown-15m-1765994400,1765994400.0,1765995300.0,,53.88962960243225,,,,,0,0,0.9,0.98,ORDERS_OPEN,,,,,,,,,,,,,,0,5,,,,,,,,,,,,,,,,,,,,,,,,,,,,0.0,0.0,,,,,0,0,,,Inv: 0.0/0.0 CapLeft: 50.0,,,0.0,0.0,0.0,50.0,50.0,0.0,50.0,0.9,0.09999999999999998,0.0,0.0,0.0,0.0,0.0,0.0,0.0,
1765995247.6116223,eth-updown-15m-1765994400,1765994400.0,1765995300.0,,52.38837766647339,,,,,0,0,0.9,0.98,ORDERS_OPEN,,,,,,,,,,,,,,0,5,,,,,,,,,,,,,,,,,,,,,,,,,,,,0.0,0.0,,,,,0,0,,,Inv: 0.0/0.0 CapLeft: 50.0,,,0.0,0.0,0.0,50.0,50.0,0.0,50.0,0.9,0.09999999999999998,0.0,0.0,0.0,0.0,0.0,0.0,0.0,
1765995249.1135552,eth-updown-15m-1765994400,1765994400.0,1765995300.0,,50.88644480705261,,,,,0,0,0.9,0.98,ORDERS_OPEN,,,,,,,,,,,,,,0,5,,,,,,,,,,,,,,,,,,,,,,,,,,,,0.0,0.0,,,,,0,0,,,Inv: 0.0/0.0 CapLeft: 50.0,,,0.0,0.0,0.0,50.0,50.0,0.0,50.0,0.9,0.09999999999999998,0.0,0.0,0.0,0.0,0.0,0.0,0.0,
1765995250.6151204,eth-updown-15m-1765994400,1765994400.0,1765995300.0,,49.38487958908081,,,,,0,0,0.9,0.98,ORDERS_OPEN,,,,,,,,,,,,,,0,5,,,,,,,,,,,,,,,,,,,,,,,,,,,,0.0,0.0,,,,,0,0,,,Inv: 0.0/0.0 CapLeft: 50.0,,,0.0,0.0,0.0,50.0,50.0,0.0,50.0,0.9,0.09999999999999998,0.0,0.0,0.0,0.0,0.0,0.0,0.0,
1765995252.1168644,eth-updown-15m-1765994400,1765994400.0,1765995300.0,,47.88313555717468,,,,,0,0,0.9,0.98,ORDERS_OPEN,,,,,,,,,,,,,,0,5,,,,,,,,,,,,,,,,,,,,,,,,,,,,0.0,0.0,,,,,0,0,,,Inv: 0.0/0.0 CapLeft: 50.0,,,0.0,0.0,0.0,50.0,50.0,0.0,50.0,0.9,0.09999999999999998,0.0,0.0,0.0,0.0,0.0,0.0,0.0,
1765995253.6181958,eth-updown-15m-1765994400,1765994400.0,1765995300.0,,46.38180422782898,,,,,0,0,0.9,0.98,ORDERS_OPEN,,,,,,,,,,,,,,0,5,,,,,,,,,,,,,,,,,,,,,,,,,,,,0.0,0.0,,,,,0,0,,,Inv: 0.0/0.0 CapLeft: 50.0,,,0.0,0.0,0.0,50.0,50.0,0.0,50.0,0.9,0.09999999999999998,0.0,0.0,0.0,0.0,0.0,0.0,0.0,
1765995255.120089,eth-updown-15m-1765994400,1765994400.0,1765995300.0,,44.879910945892334,,,,,0,0,0.9,0.98,ORDERS_OPEN,,,,,,,,,,,,,,0,5,,,,,,,,,,,,,,,,,,,,,,,,,,,,0.0,0.0,,,,,0,0,,,Inv: 0.0/0.0 CapLeft: 50.0,,,0.0,0.0,0.0,50.0,50.0,0.0,50.0,0.9,0.09999999999999998,0.0,0.0,0.0,0.0,0.0,0.0,0.0,
1765995256.6216762,eth-updown-15m-1765994400,1765994400.0,1765995300.0,,43.378323793411255,,,,,0,0,0.9,0.98,ORDERS_OPEN,,,,,,,,,,,,,,0,5,,,,,,,,,,,,,,,,,,,,,,,,,,,,0.0,0.0,,,,,0,0,,,Inv: 0.0/0.0 CapLeft: 50.0,,,0.0,0.0,0.0,50.0,50.0,0.0,50.0,0.9,0.09999999999999998,0.0,0.0,0.0,0.0,0.0,0.0,0.0,
1765995258.1231368,eth-updown-15m-1765994400,1765994400.0,1765995300.0,,41.87686324119568,,,,,0,0,0.9,0.98,ORDERS_OPEN,,,,,,,,,,,,,,0,5,,,,,,,,,,,,,,,,,,,,,,,,,,,,0.0,0.0,,,,,0,0,,,Inv: 0.0/0.0 CapLeft: 50.0,,,0.0,0.0,0.0,50.0,50.0,0.0,50.0,0.9,0.09999999999999998,0.0,0.0,0.0,0.0,0.0,0.0,0.0,
1765995261.1259983,eth-updown-15m-1765994400,1765994400.0,1765995300.0,,38.8740017414093,,,,,0.45,0.45,0.9,0.98,ORDERS_OPEN,,,,,,,,,,,,,,5,5,,,,,,,,,,,,,,,,,,,,Leg:BOTH UP:5 DOWN:5,,,,,,,,0.0,0.0,,,,,0,0,,,Inv: 0.0/0.0 CapLeft: 50.0,,,0.0,0.0,0.0,50.0,50.0,0.0,50.0,0.9,0.09999999999999998,0.0,0.0,0.0,0.0,0.0,0.0,0.0,
1765995262.6284828,eth-updown-15m-1765994400,1765994400.0,1765995300.0,,37.371517181396484,,,,,0,0,0.9,0.98,ORDERS_OPEN,,,,,,,,,,,,,,0,5,,,,,,,,,,,,,,,,,,,,,,,,,,,,0.0,0.0,,,,,0,0,,,Inv: 0.0/0.0 CapLeft: 50.0,,,0.0,0.0,0.0,50.0,50.0,0.0,50.0,0.9,0.09999999999999998,0.0,0.0,0.0,0.0,0.0,0.0,0.0,
1765995264.130079,eth-updown-15m-1765994400,1765994400.0,1765995300.0,,35.8699209690094,,,,,0,0,0.9,0.98,ORDERS_OPEN,,,,,,,,,,,,,,0,5,,,,,,,,,,,,,,,,,,,,,,,,,,,,0.0,0.0,,,,,0,0,,,Inv: 0.0/0.0 CapLeft: 50.0,,,0.0,0.0,0.0,50.0,50.0,0.0,50.0,0.9,0.09999999999999998,0.0,0.0,0.0,0.0,0.0,0.0,0.0,
1765995265.6314619,eth-updown-15m-1765994400,1765994400.0,1765995300.0,,34.36853814125061,,,,,0,0,0.9,0.98,ORDERS_OPEN,,,,,,,,,,,,,,0,5,,,,,,,,,,,,,,,,,,,,,,,,,,,,0.0,0.0,,,,,0,0,,,Inv: 0.0/0.0 CapLeft: 50.0,,,0.0,0.0,0.0,50.0,50.0,0.0,50.0,0.9,0.09999999999999998,0.0,0.0,0.0,0.0,0.0,0.0,0.0,
1765995267.1336284,eth-updown-15m-1765994400,1765994400.0,1765995300.0,,32.866371631622314,,,,,0,0,0.9,0.98,ORDERS_OPEN,,,,,,,,,,,,,,0,5,,,,,,,,,,,,,,,,,,,,,,,,,,,,0.0,0.0,,,,,0,0,,,Inv: 0.0/0.0 CapLeft: 50.0,,,0.0,0.0,0.0,50.0,50.0,0.0,50.0,0.9,0.09999999999999998,0.0,0.0,0.0,0.0,0.0,0.0,0.0,
1765995268.6356146,eth-updown-15m-1765994400,1765994400.0,1765995300.0,,31.36438536643982,,,,,0,0,0.9,0.98,ORDERS_OPEN,,,,,,,,,,,,,,0,5,,,,,,,,,,,,,,,,,,,,,,,,,,,,0.0,0.0,,,,,0,0,,,Inv: 0.0/0.0 CapLeft: 50.0,,,0.0,0.0,0.0,50.0,50.0,0.0,50.0,0.9,0.09999999999999998,0.0,0.0,0.0,0.0,0.0,0.0,0.0,
1765995270.137231,eth-updown-15m-1765994400,1765994400.0,1765995300.0,,29.86276888847351,,,,,0,0,0.9,0.98,ORDERS_OPEN,,,,,,,,,,,,,,0,5,,,,,,,,,,,,,,,,,,,,,,,,,,,,0.0,0.0,,,,,0,0,,,Inv: 0.0/0.0 CapLeft: 50.0,,,0.0,0.0,0.0,50.0,50.0,0.0,50.0,0.9,0.09999999999999998,0.0,0.0,0.0,0.0,0.0,0.0,0.0,
1765995271.6388452,eth-updown-15m-1765994400,1765994400.0,1765995300.0,,28.361154794692993,,,,,0,0,0.9,0.98,ORDERS_OPEN,,,,,,,,,,,,,,0,5,,,,,,,,,,,,,,,,,,,,,,,,,,,,0.0,0.0,,,,,0,0,,,Inv: 0.0/0.0 CapLeft: 50.0,,,0.0,0.0,0.0,50.0,50.0,0.0,50.0,0.9,0.09999999999999998,0.0,0.0,0.0,0.0,0.0,0.0,0.0,
1765995273.1401033,eth-updown-15m-1765994400,1765994400.0,1765995300.0,,26.859896659851074,,,,,0,0,0.9,0.98,ORDERS_OPEN,,,,,,,,,,,,,,0,5,,,,,,,,,,,,,,,,,,,,,,,,,,,,0.0,0.0,,,,,0,0,,,Inv: 0.0/0.0 CapLeft: 50.0,,,0.0,0.0,0.0,50.0,50.0,0.0,50.0,0.9,0.09999999999999998,0.0,0.0,0.0,0.0,0.0,0.0,0.0,
1765995274.641424,eth-updown-15m-1765994400,1765994400.0,1765995300.0,,25.35857605934143,,,,,0,0,0.9,0.98,ORDERS_OPEN,,,,,,,,,,,,,,0,5,,,,,,,,,,,,,,,,,,,,,,,,,,,,0.0,0.0,,,,,0,0,,,Inv: 0.0/0.0 CapLeft: 50.0,,,0.0,0.0,0.0,50.0,50.0,0.0,50.0,0.9,0.09999999999999998,0.0,0.0,0.0,0.0,0.0,0.0,0.0,
1765995277.6443582,eth-updown-15m-1765994400,1765994400.0,1765995300.0,,22.355641841888428,,,,,0.45,0.45,0.9,0.98,ORDERS_OPEN,,,,,,,,,,,,,,5,5,,,,,,,,,,,,,,,,,,,,Leg:BOTH UP:5 DOWN:5,,,,,,,,0.0,0.0,,,,,0,0,,,Inv: 0.0/0.0 CapLeft: 50.0,,,0.0,0.0,0.0,50.0,50.0,0.0,50.0,0.9,0.09999999999999998,0.0,0.0,0.0,0.0,0.0,0.0,0.0,
1765995279.145635,eth-updown-15m-1765994400,1765994400.0,1765995300.0,,20.85436511039734,,,,,0,0,0.9,0.98,ORDERS_OPEN,,,,,,,,,,,,,,0,5,,,,,,,,,,,,,,,,,,,,,,,,,,,,0.0,0.0,,,,,0,0,,,Inv: 0.0/0.0 CapLeft: 50.0,,,0.0,0.0,0.0,50.0,50.0,0.0,50.0,0.9,0.09999999999999998,0.0,0.0,0.0,0.0,0.0,0.0,0.0,
1765995280.646821,eth-updown-15m-1765994400,1765994400.0,1765995300.0,,19.35317897796631,,,,,0,0,0.9,0.98,ORDERS_OPEN,,,,,,,,,,,,,,0,5,,,,,,,,,,,,,,,,,,,,,,,,,,,,0.0,0.0,,,,,0,0,,,Inv: 0.0/0.0 CapLeft: 50.0,,,0.0,0.0,0.0,50.0,50.0,0.0,50.0,0.9,0.09999999999999998,0.0,0.0,0.0,0.0,0.0,0.0,0.0,
1765995282.1483734,eth-updown-15m-1765994400,1765994400.0,1765995300.0,,17.85162663459778,,,,,0,0,0.9,0.98,ORDERS_OPEN,,,,,,,,,,,,,,0,5,,,,,,,,,,,,,,,,,,,,,,,,,,,,0.0,0.0,,,,,0,0,,,Inv: 0.0/0.0 CapLeft: 50.0,,,0.0,0.0,0.0,50.0,50.0,0.0,50.0,0.9,0.09999999999999998,0.0,0.0,0.0,0.0,0.0,0.0,0.0,
1765995283.6501882,eth-updown-15m-1765994400,1765994400.0,1765995300.0,,16.349811792373657,,,,,0,0,0.9,0.98,ORDERS_OPEN,,,,,,,,,,,,,,0,5,,,,,,,,,,,,,,,,,,,,,,,,,,,,0.0,0.0,,,,,0,0,,,Inv: 0.0/0.0 CapLeft: 50.0,,,0.0,0.0,0.0,50.0,50.0,0.0,50.0,0.9,0.09999999999999998,0.0,0.0,0.0,0.0,0.0,0.0,0.0,
1765995285.151704,eth-updown-15m-1765994400,1765994400.0,1765995300.0,,14.84829592704773,,,,,0,0,0.9,0.98,ORDERS_OPEN,,,,,,,,,,,,,,0,5,,,,,,,,,,,,,,,,,,,,,,,,,,,,0.0,0.0,,,,,0,0,,,Inv: 0.0/0.0 CapLeft: 50.0,,,0.0,0.0,0.0,50.0,50.0,0.0,50.0,0.9,0.09999999999999998,0.0,0.0,0.0,0.0,0.0,0.0,0.0,
1765995286.653512,eth-updown-15m-1765994400,1765994400.0,1765995300.0,,13.346487998962402,,,,,0,0,0.9,0.98,ORDERS_OPEN,,,,,,,,,,,,,,0,5,,,,,,,,,,,,,,,,,,,,,,,,,,,,0.0,0.0,,,,,0,0,,,Inv: 0.0/0.0 CapLeft: 50.0,,,0.0,0.0,0.0,50.0,50.0,0.0,50.0,0.9,0.09999999999999998,0.0,0.0,0.0,0.0,0.0,0.0,0.0,
1765995288.155138,eth-updown-15m-1765994400,1765994400.0,1765995300.0,,11.84486198425293,,,,,0,0,0.9,0.98,ORDERS_OPEN,,,,,,,,,,,,,,0,5,,,,,,,,,,,,,,,,,,,,,,,,,,,,0.0,0.0,,,,,0,0,,,Inv: 0.0/0.0 CapLeft: 50.0,,,0.0,0.0,0.0,50.0,50.0,0.0,50.0,0.9,0.09999999999999998,0.0,0.0,0.0,0.0,0.0,0.0,0.0,
1765995289.6571345,eth-updown-15m-1765994400,1765994400.0,1765995300.0,,10.342865467071533,,,,,0,0,0.9,0.98,ORDERS_OPEN,,,,,,,,,,,,,,0,5,,,,,,,,,,,,,,,,,,,,,,,,,,,,0.0,0.0,,,,,0,0,,,Inv: 0.0/0.0 CapLeft: 50.0,,,0.0,0.0,0.0,50.0,50.0,0.0,50.0,0.9,0.09999999999999998,0.0,0.0,0.0,0.0,0.0,0.0,0.0,
1765995291.1593626,eth-updown-15m-1765994400,1765994400.0,1765995300.0,,8.840637445449829,,,,,0,0,0.9,0.98,ORDERS_OPEN,,,,,,,,,,,,,,0,5,,,,,,,,,,,,,,,,,,,,,,,,,,,,0.0,0.0,,,,,0,0,,,Inv: 0.0/0.0 CapLeft: 50.0,,,0.0,0.0,0.0,50.0,50.0,0.0,50.0,0.9,0.09999999999999998,0.0,0.0,0.0,0.0,0.0,0.0,0.0,
1765995294.1623757,eth-updown-15m-1765994400,1765994400.0,1765995300.0,,5.8376243114471436,,,,,0.45,0.45,0.9,0.98,ORDERS_OPEN,,,,,,,,,,,,,,5,5,,,,,,,,,,,,,,,,,,,,Leg:BOTH UP:5 DOWN:5,,,,,,,,0.0,0.0,,,,,0,0,,,Inv: 0.0/0.0 CapLeft: 50.0,,,0.0,0.0,0.0,50.0,50.0,0.0,50.0,0.9,0.09999999999999998,0.0,0.0,0.0,0.0,0.0,0.0,0.0,
1765995295.6642075,eth-updown-15m-1765994400,1765994400.0,1765995300.0,,4.335792541503906,,,,,0,0,0.9,0.98,ORDERS_OPEN,,,,,,,,,,,,,,0,5,,,,,,,,,,,,,,,,,,,,,,,,,,,,0.0,0.0,,,,,0,0,,,Inv: 0.0/0.0 CapLeft: 50.0,,,0.0,0.0,0.0,50.0,50.0,0.0,50.0,0.9,0.09999999999999998,0.0,0.0,0.0,0.0,0.0,0.0,0.0,
1765995297.165723,eth-updown-15m-1765994400,1765994400.0,1765995300.0,,2.8342769145965576,,,,,0,0,0.9,0.98,ORDERS_OPEN,,,,,,,,,,,,,,0,5,,,,,,,,,,,,,,,,,,,,,,,,,,,,0.0,0.0,,,,,0,0,,,Inv: 0.0/0.0 CapLeft: 50.0,,,0.0,0.0,0.0,50.0,50.0,0.0,50.0,0.9,0.09999999999999998,0.0,0.0,0.0,0.0,0.0,0.0,0.0,
1765995298.6669142,eth-updown-15m-1765994400,1765994400.0,1765995300.0,,1.3330857753753662,,,,,0,0,0.9,0.98,ORDERS_OPEN,,,,,,,,,,,,,,0,5,,,,,,,,,,,,,,,,,,,,,,,,,,,,0.0,0.0,,,,,0,0,,,Inv: 0.0/0.0 CapLeft: 50.0,,,0.0,0.0,0.0,50.0,50.0,0.0,50.0,0.9,0.09999999999999998,0.0,0.0,0.0,0.0,0.0,0.0,0.0,
