timestamp,slug,market_start_ts,market_end_ts,now_ts,time_remaining,up_bid,up_ask,down_bid,down_ask,up_px,down_px,sum_px,max_sum_price,decision,blocked_maker,order_age,up_filled,down_filled,has_traded,intended_price_up,rounded_price_up,intended_price_down,rounded_price_down,cancel_reason,unwind_method,unwind_price,unwind_result,optimal_size,actual_size,near_resolution_blocked,force_flatten,entry_cutoff_sec,force_flatten_sec,size_chosen,size_max_usd,size_max_final,usd_per_market_cap,test_mode,used_test_preset,test_preset_candidate,min_leg_price,max_leg_price,min_profit_per_share,profit_both,price_bounds_ok,profit_ok,skip_reason,blocked_price_bounds,blocked_low_profit,taker_path_attempted,up_ask_at_send,down_ask_at_send,up_bid_at_send,down_bid_at_send,filled_up_shares,filled_down_shares,target_size_shares,size_locked_blocked,overbuy_attempted,filled_first_price,remaining_up,remaining_down,entry_id,reprice_attempt_count,reprice_reason,time_in_one_leg_state,last_reprice_ts,inv_up,inv_down,total_inventory,cap_remaining,reconstruction_budget,reconstruction_spent,remaining_edge,entry_sum_target,initial_edge_per_share,imbalance_shares,avg_other_price,px_missing_now,overpay_per_share,reconstruct_chunk_shares,reconstruct_cost_est_usd,reconstruct_overpay_limit,reconstruct_block_reason
1765989002.4872606,eth-updown-15m-1765989000,1765989000.0,1765989900.0,,897.5127394199371,,,,,0,0,1.0,0.98,IDLE,,,,,,,,,,,,,,0,0.0,,,,,,,,,,,,,,,,,,,,Spread high 1.00 > 0.98,,,,,,,,0.0,0.0,,,,,0,0,,,Inv: 0.0/0.0 CapLeft: 50.0,,,0.0,0.0,0.0,50.0,50.0,0.0,50.0,0.0,0.0,0.0,0.0,0.0,0.0,0.0,0.0,0.0,
1765989003.0091844,eth-updown-15m-1765989000,1765989000.0,1765989900.0,,896.9908156394958,,,,,0.45,0.45,0.9,0.98,ORDERS_OPEN,,,,,,,,,,,,,,5,5,,,,,,,,,,,,,,,,,,,,Leg:BOTH UP:5 DOWN:5,,,,,,,,0.0,0.0,,,,,0,0,,,Inv: 0.0/0.0 CapLeft: 50.0,,,0.0,0.0,0.0,50.0,50.0,0.0,50.0,0.9,0.09999999999999998,0.0,0.0,0.0,0.0,0.0,0.0,0.0,
1765989004.5108488,eth-updown-15m-1765989000,1765989000.0,1765989900.0,,895.4891512393951,,,,,0,0,0.9,0.98,ORDERS_OPEN,,,,,,,,,,,,,,0,5,,,,,,,,,,,,,,,,,,,,,,,,,,,,0.0,0.0,,,,,0,0,,,Inv: 0.0/0.0 CapLeft: 50.0,,,0.0,0.0,0.0,50.0,50.0,0.0,50.0,0.9,0.09999999999999998,0.0,0.0,0.0,0.0,0.0,0.0,0.0,
1765989006.012836,eth-updown-15m-1765989000,1765989000.0,1765989900.0,,893.9871640205383,,,,,0,0,0.9,0.98,ORDERS_OPEN,,,,,,,,,,,,,,0,5,,,,,,,,,,,,,,,,,,,,,,,,,,,,0.0,0.0,,,,,0,0,,,Inv: 0.0/0.0 CapLeft: 50.0,,,0.0,0.0,0.0,50.0,50.0,0.0,50.0,0.9,0.09999999999999998,0.0,0.0,0.0,0.0,0.0,0.0,0.0,
1765989007.5142725,eth-updown-15m-1765989000,1765989000.0,1765989900.0,,892.4857275485992,,,,,0,0,0.9,0.98,ORDERS_OPEN,,,,,,,,,,,,,,0,5,,,,,,,,,,,,,,,,,,,,,,,,,,,,0.0,0.0,,,,,0,0,,,Inv: 0.0/0.0 CapLeft: 50.0,,,0.0,0.0,0.0,50.0,50.0,0.0,50.0,0.9,0.09999999999999998,0.0,0.0,0.0,0.0,0.0,0.0,0.0,
1765989004.4654276,eth-updown-15m-1765989000,1765989000.0,1765989900.0,,895.5345723628998,,,,,0.48,0.49,0.97,0.98,ORDERS_OPEN,,,,,,,,,,,,,,5,5,,,,,,,,,,,,,,,,,,,,Leg:BOTH UP:5 DOWN:5,,,,,,,,5.0,0.0,,,,,0,0,,,Inv: 5.0/0.0 CapLeft: 45.0,,,5.0,0.0,5.0,45.0,50.0,0.0,50.0,0.97,0.030000000000000027,0.0,0.0,0.0,0.0,0.0,0.0,0.0,
1765989009.0164618,eth-updown-15m-1765989000,1765989000.0,1765989900.0,,890.9835381507874,,,,,0,0,0.9,0.98,ORDERS_OPEN,,,,,,,,,,,,,,0,5,,,,,,,,,,,,,,,,,,,,,,,,,,,,0.0,0.0,,,,,0,0,,,Inv: 0.0/0.0 CapLeft: 50.0,,,0.0,0.0,0.0,50.0,50.0,0.0,50.0,0.9,0.09999999999999998,0.0,0.0,0.0,0.0,0.0,0.0,0.0,
1765989010.5222304,eth-updown-15m-1765989000,1765989000.0,1765989900.0,,889.477769613266,,,,,0,0,0.9,0.98,ORDERS_OPEN,,,,,,,,,,,,,,0,5,,,,,,,,,,,,,,,,,,,,,,,,,,,,0.0,0.0,,,,,0,0,,,Inv: 0.0/0.0 CapLeft: 50.0,,,0.0,0.0,0.0,50.0,50.0,0.0,50.0,0.9,0.09999999999999998,0.0,0.0,0.0,0.0,0.0,0.0,0.0,
1765989009.9987469,eth-updown-15m-1765989000,1765989000.0,1765989900.0,,890.0012531280518,,,,,0,0,0.98,0.98,ORDERS_OPEN,,,,,,,,,,,,,,0,5,,,,,,,,,,,,,,,,,,,,,,,,,,,,5.0,0.0,,,,,0,0,,,Inv: 5.0/0.0 CapLeft: 45.0,,,5.0,0.0,5.0,45.0,50.0,0.0,50.0,0.97,0.030000000000000027,0.0,0.0,0.0,0.0,0.0,0.0,0.0,
1765989012.0301015,eth-updown-15m-1765989000,1765989000.0,1765989900.0,,887.9698984622955,,,,,0,0,0.9,0.98,ORDERS_OPEN,,,,,,,,,,,,,,0,5,,,,,,,,,,,,,,,,,,,,,,,,,,,,0.0,0.0,,,,,0,0,,,Inv: 0.0/0.0 CapLeft: 50.0,,,0.0,0.0,0.0,50.0,50.0,0.0,50.0,0.9,0.09999999999999998,0.0,0.0,0.0,0.0,0.0,0.0,0.0,
1765989012.168115,eth-updown-15m-1765989000,1765989000.0,1765989900.0,,887.831885099411,,,,,0,0,1.01,0.98,ORDERS_OPEN,,,,,,,,,,,,,,0,5,,,,,,,,,,,,,,,,,,,,,,,,,,,,5.0,0.0,,,,,0,0,,,Inv: 5.0/0.0 CapLeft: 45.0,,,5.0,0.0,5.0,45.0,50.0,0.0,50.0,0.97,0.030000000000000027,0.0,0.0,0.0,0.0,0.0,0.0,0.0,
1765989013.5317369,eth-updown-15m-1765989000,1765989000.0,1765989900.0,,886.4682631492615,,,,,0,0,0.9,0.98,ORDERS_OPEN,,,,,,,,,,,,,,0,5,,,,,,,,,,,,,,,,,,,,,,,,,,,,0.0,0.0,,,,,0,0,,,Inv: 0.0/0.0 CapLeft: 50.0,,,0.0,0.0,0.0,50.0,50.0,0.0,50.0,0.9,0.09999999999999998,0.0,0.0,0.0,0.0,0.0,0.0,0.0,
1765989015.033086,eth-updown-15m-1765989000,1765989000.0,1765989900.0,,884.9669139385223,,,,,0,0,0.9,0.98,ORDERS_OPEN,,,,,,,,,,,,,,0,5,,,,,,,,,,,,,,,,,,,,,,,,,,,,0.0,0.0,,,,,0,0,,,Inv: 0.0/0.0 CapLeft: 50.0,,,0.0,0.0,0.0,50.0,50.0,0.0,50.0,0.9,0.09999999999999998,0.0,0.0,0.0,0.0,0.0,0.0,0.0,
1765989014.457713,eth-updown-15m-1765989000,1765989000.0,1765989900.0,,885.5422871112823,,,,,0,0,0.96,0.98,ORDERS_OPEN,,,,,,,,,,,,,,0,5,,,,,,,,,,,,,,,,,,,,,,,,,,,,5.0,0.0,,,,,0,0,,,Inv: 5.0/0.0 CapLeft: 45.0,,,5.0,0.0,5.0,45.0,50.0,0.0,50.0,0.97,0.030000000000000027,0.0,0.0,0.0,0.0,0.0,0.0,0.0,
1765989016.5349717,eth-updown-15m-1765989000,1765989000.0,1765989900.0,,883.4650282859802,,,,,0,0,0.9,0.98,ORDERS_OPEN,,,,,,,,,,,,,,0,5,,,,,,,,,,,,,,,,,,,,,,,,,,,,0.0,0.0,,,,,0,0,,,Inv: 0.0/0.0 CapLeft: 50.0,,,0.0,0.0,0.0,50.0,50.0,0.0,50.0,0.9,0.09999999999999998,0.0,0.0,0.0,0.0,0.0,0.0,0.0,
1765989016.5881565,eth-updown-15m-1765989000,1765989000.0,1765989900.0,,883.4118435382843,,,,,0,0,0.98,0.98,ORDERS_OPEN,,,,,,,,,,,,,,0,5,,,,,,,,,,,,,,,,,,,,,,,,,,,,5.0,0.0,,,,,0,0,,,Inv: 5.0/0.0 CapLeft: 45.0,,,5.0,0.0,5.0,45.0,50.0,0.0,50.0,0.97,0.030000000000000027,0.0,0.0,0.0,0.0,0.0,0.0,0.0,
1765989018.7531133,eth-updown-15m-1765989000,1765989000.0,1765989900.0,,881.2468867301941,,,,,0,0,0.98,0.98,ORDERS_OPEN,,,,,,,,,,,,,,0,5,,,,,,,,,,,,,,,,,,,,,,,,,,,,5.0,0.0,,,,,0,0,,,Inv: 5.0/0.0 CapLeft: 45.0,,,5.0,0.0,5.0,45.0,50.0,0.0,50.0,0.97,0.030000000000000027,0.0,0.0,0.0,0.0,0.0,0.0,0.0,
1765989019.537355,eth-updown-15m-1765989000,1765989000.0,1765989900.0,,880.4626450538635,,,,,0.45,0.45,0.9,0.98,ORDERS_OPEN,,,,,,,,,,,,,,5,5,,,,,,,,,,,,,,,,,,,,Leg:BOTH UP:5 DOWN:5,,,,,,,,0.0,0.0,,,,,0,0,,,Inv: 0.0/0.0 CapLeft: 50.0,,,0.0,0.0,0.0,50.0,50.0,0.0,50.0,0.9,0.09999999999999998,0.0,0.0,0.0,0.0,0.0,0.0,0.0,
1765989021.0387347,eth-updown-15m-1765989000,1765989000.0,1765989900.0,,878.9612653255463,,,,,0,0,0.9,0.98,ORDERS_OPEN,,,,,,,,,,,,,,0,5,,,,,,,,,,,,,,,,,,,,,,,,,,,,0.0,0.0,,,,,0,0,,,Inv: 0.0/0.0 CapLeft: 50.0,,,0.0,0.0,0.0,50.0,50.0,0.0,50.0,0.9,0.09999999999999998,0.0,0.0,0.0,0.0,0.0,0.0,0.0,
1765989020.8966658,eth-updown-15m-1765989000,1765989000.0,1765989900.0,,879.1033341884613,,,,,0,0,0.98,0.98,ORDERS_OPEN,,,,,,,,,,,,,,0,5,,,,,,,,,,,,,,,,,,,,,,,,,,,,5.0,0.0,,,,,0,0,,,Inv: 5.0/0.0 CapLeft: 45.0,,,5.0,0.0,5.0,45.0,50.0,0.0,50.0,0.97,0.030000000000000027,0.0,0.0,0.0,0.0,0.0,0.0,0.0,
1765989022.5401874,eth-updown-15m-1765989000,1765989000.0,1765989900.0,,877.4598126411438,,,,,0,0,0.9,0.98,ORDERS_OPEN,,,,,,,,,,,,,,0,5,,,,,,,,,,,,,,,,,,,,,,,,,,,,0.0,0.0,,,,,0,0,,,Inv: 0.0/0.0 CapLeft: 50.0,,,0.0,0.0,0.0,50.0,50.0,0.0,50.0,0.9,0.09999999999999998,0.0,0.0,0.0,0.0,0.0,0.0,0.0,
1765989023.0570366,eth-updown-15m-1765989000,1765989000.0,1765989900.0,,876.9429633617401,,,,,0,0,0.99,0.98,ONE_LEG_INVENTORY,,,,,,,,,,,,,,0,5,,,,,,,,,,,,,,,,,,,,,,,,,,,,5.0,0.0,,,,,0,0,,,Inv: 5.0/0.0 CapLeft: 45.0,,,5.0,0.0,5.0,45.0,50.0,0.0,50.0,0.97,0.030000000000000027,0.0,0.0,0.0,0.0,0.0,0.0,0.0,
1765989024.0418072,eth-updown-15m-1765989000,1765989000.0,1765989900.0,,875.9581928253174,,,,,0,0,0.9,0.98,ORDERS_OPEN,,,,,,,,,,,,,,0,5,,,,,,,,,,,,,,,,,,,,,,,,,,,,0.0,0.0,,,,,0,0,,,Inv: 0.0/0.0 CapLeft: 50.0,,,0.0,0.0,0.0,50.0,50.0,0.0,50.0,0.9,0.09999999999999998,0.0,0.0,0.0,0.0,0.0,0.0,0.0,
1765989025.5431366,eth-updown-15m-1765989000,1765989000.0,1765989900.0,,874.4568634033203,,,,,0,0,0.9,0.98,ORDERS_OPEN,,,,,,,,,,,,,,0,5,,,,,,,,,,,,,,,,,,,,,,,,,,,,0.0,0.0,,,,,0,0,,,Inv: 0.0/0.0 CapLeft: 50.0,,,0.0,0.0,0.0,50.0,50.0,0.0,50.0,0.9,0.09999999999999998,0.0,0.0,0.0,0.0,0.0,0.0,0.0,
1765989025.267177,eth-updown-15m-1765989000,1765989000.0,1765989900.0,,874.73282289505,,,,,0,0,0.99,0.98,ONE_LEG_INVENTORY,,,,,,,,,,,,,,0,5,,,,,,,,,,,,,,,,,,,,"RECONSTRUCT_BLOCKED: OVERPAY_LIMIT (Op:0.1100 > L:0.0020, Cost:$0.55)",,,,,,,,5.0,0.0,,,,,0,0,,,Inv: 5.0/0.0 CapLeft: 45.0,,,5.0,0.0,5.0,45.0,50.0,0.0,50.0,0.97,0.030000000000000027,5.0,0.48,0.63,0.10999999999999988,5.0,0.5499999999999994,0.002,OVERPAY_LIMIT
1765989025.267177,eth-updown-15m-1765989000,1765989000.0,1765989900.0,,874.73282289505,,,,,0,0,0.99,0.98,ONE_LEG_INVENTORY,,,,,,,,,,,,,,0,5,,,,,,,,,,,,,,,,,,,,"RECONSTRUCT_BLOCKED: OVERPAY_LIMIT (Op:0.1100 > L:0.0020, Cost:$0.55)",,,,,,,,5.0,0.0,,,,,0,0,,,Inv: 5.0/0.0 CapLeft: 45.0,,,5.0,0.0,5.0,45.0,50.0,0.0,50.0,0.97,0.030000000000000027,5.0,0.48,0.63,0.10999999999999988,5.0,0.5499999999999994,0.002,OVERPAY_LIMIT
1765989027.0444815,eth-updown-15m-1765989000,1765989000.0,1765989900.0,,872.9555184841156,,,,,0,0,0.9,0.98,ORDERS_OPEN,,,,,,,,,,,,,,0,5,,,,,,,,,,,,,,,,,,,,,,,,,,,,0.0,0.0,,,,,0,0,,,Inv: 0.0/0.0 CapLeft: 50.0,,,0.0,0.0,0.0,50.0,50.0,0.0,50.0,0.9,0.09999999999999998,0.0,0.0,0.0,0.0,0.0,0.0,0.0,
1765989027.2568257,eth-updown-15m-1765989000,1765989000.0,1765989900.0,,872.7431743144989,,,,,0,0,0.98,0.98,ONE_LEG_INVENTORY,,,,,,,,,,,,,,0,5,,,,,,,,,,,,,,,,,,,,"RECONSTRUCT_BLOCKED: OVERPAY_LIMIT (Op:0.1000 > L:0.0020, Cost:$0.50)",,,,,,,,5.0,0.0,,,,,0,0,,,Inv: 5.0/0.0 CapLeft: 45.0,,,5.0,0.0,5.0,45.0,50.0,0.0,50.0,0.97,0.030000000000000027,5.0,0.48,0.62,0.10000000000000009,5.0,0.5000000000000004,0.002,OVERPAY_LIMIT
1765989027.2568257,eth-updown-15m-1765989000,1765989000.0,1765989900.0,,872.7431743144989,,,,,0,0,0.98,0.98,ONE_LEG_INVENTORY,,,,,,,,,,,,,,0,5,,,,,,,,,,,,,,,,,,,,"RECONSTRUCT_BLOCKED: OVERPAY_LIMIT (Op:0.1000 > L:0.0020, Cost:$0.50)",,,,,,,,5.0,0.0,,,,,0,0,,,Inv: 5.0/0.0 CapLeft: 45.0,,,5.0,0.0,5.0,45.0,50.0,0.0,50.0,0.97,0.030000000000000027,5.0,0.48,0.62,0.10000000000000009,5.0,0.5000000000000004,0.002,OVERPAY_LIMIT
1765989028.5459642,eth-updown-15m-1765989000,1765989000.0,1765989900.0,,871.4540357589722,,,,,0,0,0.9,0.98,ORDERS_OPEN,,,,,,,,,,,,,,0,5,,,,,,,,,,,,,,,,,,,,,,,,,,,,0.0,0.0,,,,,0,0,,,Inv: 0.0/0.0 CapLeft: 50.0,,,0.0,0.0,0.0,50.0,50.0,0.0,50.0,0.9,0.09999999999999998,0.0,0.0,0.0,0.0,0.0,0.0,0.0,
1765989029.2147725,eth-updown-15m-1765989000,1765989000.0,1765989900.0,,870.7852275371552,,,,,0,0,1.0,0.98,ONE_LEG_INVENTORY,,,,,,,,,,,,,,0,5,,,,,,,,,,,,,,,,,,,,"RECONSTRUCT_BLOCKED: OVERPAY_LIMIT (Op:0.0800 > L:0.0020, Cost:$0.40)",,,,,,,,5.0,0.0,,,,,0,0,,,Inv: 5.0/0.0 CapLeft: 45.0,,,5.0,0.0,5.0,45.0,50.0,0.0,50.0,0.97,0.030000000000000027,5.0,0.48,0.6,0.08000000000000007,5.0,0.40000000000000036,0.002,OVERPAY_LIMIT
1765989029.2147725,eth-updown-15m-1765989000,1765989000.0,1765989900.0,,870.7852275371552,,,,,0,0,1.0,0.98,ONE_LEG_INVENTORY,,,,,,,,,,,,,,0,5,,,,,,,,,,,,,,,,,,,,"RECONSTRUCT_BLOCKED: OVERPAY_LIMIT (Op:0.0800 > L:0.0020, Cost:$0.40)",,,,,,,,5.0,0.0,,,,,0,0,,,Inv: 5.0/0.0 CapLeft: 45.0,,,5.0,0.0,5.0,45.0,50.0,0.0,50.0,0.97,0.030000000000000027,5.0,0.48,0.6,0.08000000000000007,5.0,0.40000000000000036,0.002,OVERPAY_LIMIT
1765989030.0493696,eth-updown-15m-1765989000,1765989000.0,1765989900.0,,869.9506304264069,,,,,0,0,0.9,0.98,ORDERS_OPEN,,,,,,,,,,,,,,0,5,,,,,,,,,,,,,,,,,,,,,,,,,,,,0.0,0.0,,,,,0,0,,,Inv: 0.0/0.0 CapLeft: 50.0,,,0.0,0.0,0.0,50.0,50.0,0.0,50.0,0.9,0.09999999999999998,0.0,0.0,0.0,0.0,0.0,0.0,0.0,
1765989031.5509918,eth-updown-15m-1765989000,1765989000.0,1765989900.0,,868.4490082263947,,,,,0,0,0.9,0.98,ORDERS_OPEN,,,,,,,,,,,,,,0,5,,,,,,,,,,,,,,,,,,,,,,,,,,,,0.0,0.0,,,,,0,0,,,Inv: 0.0/0.0 CapLeft: 50.0,,,0.0,0.0,0.0,50.0,50.0,0.0,50.0,0.9,0.09999999999999998,0.0,0.0,0.0,0.0,0.0,0.0,0.0,
1765989031.1372685,eth-updown-15m-1765989000,1765989000.0,1765989900.0,,868.8627314567566,,,,,0,0,0.98,0.98,ONE_LEG_INVENTORY,,,,,,,,,,,,,,0,5,,,,,,,,,,,,,,,,,,,,"RECONSTRUCT_BLOCKED: OVERPAY_LIMIT (Op:0.0800 > L:0.0020, Cost:$0.40)",,,,,,,,5.0,0.0,,,,,0,0,,,Inv: 5.0/0.0 CapLeft: 45.0,,,5.0,0.0,5.0,45.0,50.0,0.0,50.0,0.97,0.030000000000000027,5.0,0.48,0.6,0.08000000000000007,5.0,0.40000000000000036,0.002,OVERPAY_LIMIT
1765989031.1372685,eth-updown-15m-1765989000,1765989000.0,1765989900.0,,868.8627314567566,,,,,0,0,0.98,0.98,ONE_LEG_INVENTORY,,,,,,,,,,,,,,0,5,,,,,,,,,,,,,,,,,,,,"RECONSTRUCT_BLOCKED: OVERPAY_LIMIT (Op:0.0800 > L:0.0020, Cost:$0.40)",,,,,,,,5.0,0.0,,,,,0,0,,,Inv: 5.0/0.0 CapLeft: 45.0,,,5.0,0.0,5.0,45.0,50.0,0.0,50.0,0.97,0.030000000000000027,5.0,0.48,0.6,0.08000000000000007,5.0,0.40000000000000036,0.002,OVERPAY_LIMIT
1765989033.0529099,eth-updown-15m-1765989000,1765989000.0,1765989900.0,,866.9470901489258,,,,,0,0,0.9,0.98,ORDERS_OPEN,,,,,,,,,,,,,,0,5,,,,,,,,,,,,,,,,,,,,,,,,,,,,0.0,0.0,,,,,0,0,,,Inv: 0.0/0.0 CapLeft: 50.0,,,0.0,0.0,0.0,50.0,50.0,0.0,50.0,0.9,0.09999999999999998,0.0,0.0,0.0,0.0,0.0,0.0,0.0,
1765989033.1198077,eth-updown-15m-1765989000,1765989000.0,1765989900.0,,866.8801922798157,,,,,0,0,0.98,0.98,ONE_LEG_INVENTORY,,,,,,,,,,,,,,0,5,,,,,,,,,,,,,,,,,,,,"RECONSTRUCT_BLOCKED: OVERPAY_LIMIT (Op:0.1000 > L:0.0020, Cost:$0.50)",,,,,,,,5.0,0.0,,,,,0,0,,,Inv: 5.0/0.0 CapLeft: 45.0,,,5.0,0.0,5.0,45.0,50.0,0.0,50.0,0.97,0.030000000000000027,5.0,0.48,0.62,0.10000000000000009,5.0,0.5000000000000004,0.002,OVERPAY_LIMIT
1765989033.1198077,eth-updown-15m-1765989000,1765989000.0,1765989900.0,,866.8801922798157,,,,,0,0,0.98,0.98,ONE_LEG_INVENTORY,,,,,,,,,,,,,,0,5,,,,,,,,,,,,,,,,,,,,"RECONSTRUCT_BLOCKED: OVERPAY_LIMIT (Op:0.1000 > L:0.0020, Cost:$0.50)",,,,,,,,5.0,0.0,,,,,0,0,,,Inv: 5.0/0.0 CapLeft: 45.0,,,5.0,0.0,5.0,45.0,50.0,0.0,50.0,0.97,0.030000000000000027,5.0,0.48,0.62,0.10000000000000009,5.0,0.5000000000000004,0.002,OVERPAY_LIMIT
1765989035.0782685,eth-updown-15m-1765989000,1765989000.0,1765989900.0,,864.9217314720154,,,,,0,0,0.98,0.98,ONE_LEG_INVENTORY,,,,,,,,,,,,,,0,5,,,,,,,,,,,,,,,,,,,,"RECONSTRUCT_BLOCKED: OVERPAY_LIMIT (Op:0.1100 > L:0.0020, Cost:$0.55)",,,,,,,,5.0,0.0,,,,,0,0,,,Inv: 5.0/0.0 CapLeft: 45.0,,,5.0,0.0,5.0,45.0,50.0,0.0,50.0,0.97,0.030000000000000027,5.0,0.48,0.63,0.10999999999999988,5.0,0.5499999999999994,0.002,OVERPAY_LIMIT
1765989035.0782685,eth-updown-15m-1765989000,1765989000.0,1765989900.0,,864.9217314720154,,,,,0,0,0.98,0.98,ONE_LEG_INVENTORY,,,,,,,,,,,,,,0,5,,,,,,,,,,,,,,,,,,,,"RECONSTRUCT_BLOCKED: OVERPAY_LIMIT (Op:0.1100 > L:0.0020, Cost:$0.55)",,,,,,,,5.0,0.0,,,,,0,0,,,Inv: 5.0/0.0 CapLeft: 45.0,,,5.0,0.0,5.0,45.0,50.0,0.0,50.0,0.97,0.030000000000000027,5.0,0.48,0.63,0.10999999999999988,5.0,0.5499999999999994,0.002,OVERPAY_LIMIT
1765989036.0553336,eth-updown-15m-1765989000,1765989000.0,1765989900.0,,863.9446663856506,,,,,0.45,0.45,0.9,0.98,ORDERS_OPEN,,,,,,,,,,,,,,5,5,,,,,,,,,,,,,,,,,,,,Leg:BOTH UP:5 DOWN:5,,,,,,,,0.0,0.0,,,,,0,0,,,Inv: 0.0/0.0 CapLeft: 50.0,,,0.0,0.0,0.0,50.0,50.0,0.0,50.0,0.9,0.09999999999999998,0.0,0.0,0.0,0.0,0.0,0.0,0.0,
1765989037.0004475,eth-updown-15m-1765989000,1765989000.0,1765989900.0,,862.999552488327,,,,,0,0,0.99,0.98,ONE_LEG_INVENTORY,,,,,,,,,,,,,,0,5,,,,,,,,,,,,,,,,,,,,"RECONSTRUCT_BLOCKED: OVERPAY_LIMIT (Op:0.1200 > L:0.0020, Cost:$0.60)",,,,,,,,5.0,0.0,,,,,0,0,,,Inv: 5.0/0.0 CapLeft: 45.0,,,5.0,0.0,5.0,45.0,50.0,0.0,50.0,0.97,0.030000000000000027,5.0,0.48,0.64,0.1200000000000001,5.0,0.6000000000000005,0.002,OVERPAY_LIMIT
1765989037.0004475,eth-updown-15m-1765989000,1765989000.0,1765989900.0,,862.999552488327,,,,,0,0,0.99,0.98,ONE_LEG_INVENTORY,,,,,,,,,,,,,,0,5,,,,,,,,,,,,,,,,,,,,"RECONSTRUCT_BLOCKED: OVERPAY_LIMIT (Op:0.1200 > L:0.0020, Cost:$0.60)",,,,,,,,5.0,0.0,,,,,0,0,,,Inv: 5.0/0.0 CapLeft: 45.0,,,5.0,0.0,5.0,45.0,50.0,0.0,50.0,0.97,0.030000000000000027,5.0,0.48,0.64,0.1200000000000001,5.0,0.6000000000000005,0.002,OVERPAY_LIMIT
1765989037.5568256,eth-updown-15m-1765989000,1765989000.0,1765989900.0,,862.4431743621826,,,,,0,0,0.9,0.98,ORDERS_OPEN,,,,,,,,,,,,,,0,5,,,,,,,,,,,,,,,,,,,,,,,,,,,,0.0,0.0,,,,,0,0,,,Inv: 0.0/0.0 CapLeft: 50.0,,,0.0,0.0,0.0,50.0,50.0,0.0,50.0,0.9,0.09999999999999998,0.0,0.0,0.0,0.0,0.0,0.0,0.0,
1765989039.058053,eth-updown-15m-1765989000,1765989000.0,1765989900.0,,860.9419469833374,,,,,0,0,0.9,0.98,ORDERS_OPEN,,,,,,,,,,,,,,0,5,,,,,,,,,,,,,,,,,,,,,,,,,,,,0.0,0.0,,,,,0,0,,,Inv: 0.0/0.0 CapLeft: 50.0,,,0.0,0.0,0.0,50.0,50.0,0.0,50.0,0.9,0.09999999999999998,0.0,0.0,0.0,0.0,0.0,0.0,0.0,
1765989038.9318156,eth-updown-15m-1765989000,1765989000.0,1765989900.0,,861.0681843757629,,,,,0,0,0.99,0.98,ONE_LEG_INVENTORY,,,,,,,,,,,,,,0,5,,,,,,,,,,,,,,,,,,,,"RECONSTRUCT_BLOCKED: OVERPAY_LIMIT (Op:0.1100 > L:0.0020, Cost:$0.55)",,,,,,,,5.0,0.0,,,,,0,0,,,Inv: 5.0/0.0 CapLeft: 45.0,,,5.0,0.0,5.0,45.0,50.0,0.0,50.0,0.97,0.030000000000000027,5.0,0.48,0.63,0.10999999999999988,5.0,0.5499999999999994,0.002,OVERPAY_LIMIT
1765989038.9318156,eth-updown-15m-1765989000,1765989000.0,1765989900.0,,861.0681843757629,,,,,0,0,0.99,0.98,ONE_LEG_INVENTORY,,,,,,,,,,,,,,0,5,,,,,,,,,,,,,,,,,,,,"RECONSTRUCT_BLOCKED: OVERPAY_LIMIT (Op:0.1100 > L:0.0020, Cost:$0.55)",,,,,,,,5.0,0.0,,,,,0,0,,,Inv: 5.0/0.0 CapLeft: 45.0,,,5.0,0.0,5.0,45.0,50.0,0.0,50.0,0.97,0.030000000000000027,5.0,0.48,0.63,0.10999999999999988,5.0,0.5499999999999994,0.002,OVERPAY_LIMIT
1765989040.5593894,eth-updown-15m-1765989000,1765989000.0,1765989900.0,,859.4406106472015,,,,,0,0,0.9,0.98,ORDERS_OPEN,,,,,,,,,,,,,,0,5,,,,,,,,,,,,,,,,,,,,,,,,,,,,0.0,0.0,,,,,0,0,,,Inv: 0.0/0.0 CapLeft: 50.0,,,0.0,0.0,0.0,50.0,50.0,0.0,50.0,0.9,0.09999999999999998,0.0,0.0,0.0,0.0,0.0,0.0,0.0,
1765989040.8740137,eth-updown-15m-1765989000,1765989000.0,1765989900.0,,859.1259863376617,,,,,0,0,0.98,0.98,ONE_LEG_INVENTORY,,,,,,,,,,,,,,0,5,,,,,,,,,,,,,,,,,,,,"RECONSTRUCT_BLOCKED: OVERPAY_LIMIT (Op:0.0700 > L:0.0020, Cost:$0.35)",,,,,,,,5.0,0.0,,,,,0,0,,,Inv: 5.0/0.0 CapLeft: 45.0,,,5.0,0.0,5.0,45.0,50.0,0.0,50.0,0.97,0.030000000000000027,5.0,0.48,0.59,0.06999999999999984,5.0,0.3499999999999992,0.002,OVERPAY_LIMIT
1765989040.8740137,eth-updown-15m-1765989000,1765989000.0,1765989900.0,,859.1259863376617,,,,,0,0,0.98,0.98,ONE_LEG_INVENTORY,,,,,,,,,,,,,,0,5,,,,,,,,,,,,,,,,,,,,"RECONSTRUCT_BLOCKED: OVERPAY_LIMIT (Op:0.0700 > L:0.0020, Cost:$0.35)",,,,,,,,5.0,0.0,,,,,0,0,,,Inv: 5.0/0.0 CapLeft: 45.0,,,5.0,0.0,5.0,45.0,50.0,0.0,50.0,0.97,0.030000000000000027,5.0,0.48,0.59,0.06999999999999984,5.0,0.3499999999999992,0.002,OVERPAY_LIMIT
1765989042.0609117,eth-updown-15m-1765989000,1765989000.0,1765989900.0,,857.939088344574,,,,,0,0,0.9,0.98,ORDERS_OPEN,,,,,,,,,,,,,,0,5,,,,,,,,,,,,,,,,,,,,,,,,,,,,0.0,0.0,,,,,0,0,,,Inv: 0.0/0.0 CapLeft: 50.0,,,0.0,0.0,0.0,50.0,50.0,0.0,50.0,0.9,0.09999999999999998,0.0,0.0,0.0,0.0,0.0,0.0,0.0,
1765989042.7960997,eth-updown-15m-1765989000,1765989000.0,1765989900.0,,857.2039003372192,,,,,0,0,0.99,0.98,ONE_LEG_INVENTORY,,,,,,,,,,,,,,0,5,,,,,,,,,,,,,,,,,,,,"RECONSTRUCT_BLOCKED: OVERPAY_LIMIT (Op:0.0700 > L:0.0020, Cost:$0.35)",,,,,,,,5.0,0.0,,,,,0,0,,,Inv: 5.0/0.0 CapLeft: 45.0,,,5.0,0.0,5.0,45.0,50.0,0.0,50.0,0.97,0.030000000000000027,5.0,0.48,0.59,0.06999999999999984,5.0,0.3499999999999992,0.002,OVERPAY_LIMIT
1765989042.7960997,eth-updown-15m-1765989000,1765989000.0,1765989900.0,,857.2039003372192,,,,,0,0,0.99,0.98,ONE_LEG_INVENTORY,,,,,,,,,,,,,,0,5,,,,,,,,,,,,,,,,,,,,"RECONSTRUCT_BLOCKED: OVERPAY_LIMIT (Op:0.0700 > L:0.0020, Cost:$0.35)",,,,,,,,5.0,0.0,,,,,0,0,,,Inv: 5.0/0.0 CapLeft: 45.0,,,5.0,0.0,5.0,45.0,50.0,0.0,50.0,0.97,0.030000000000000027,5.0,0.48,0.59,0.06999999999999984,5.0,0.3499999999999992,0.002,OVERPAY_LIMIT
1765989043.5622313,eth-updown-15m-1765989000,1765989000.0,1765989900.0,,856.4377686977386,,,,,0,0,0.9,0.98,ORDERS_OPEN,,,,,,,,,,,,,,0,5,,,,,,,,,,,,,,,,,,,,,,,,,,,,0.0,0.0,,,,,0,0,,,Inv: 0.0/0.0 CapLeft: 50.0,,,0.0,0.0,0.0,50.0,50.0,0.0,50.0,0.9,0.09999999999999998,0.0,0.0,0.0,0.0,0.0,0.0,0.0,
1765989045.063654,eth-updown-15m-1765989000,1765989000.0,1765989900.0,,854.9363460540771,,,,,0,0,0.9,0.98,ORDERS_OPEN,,,,,,,,,,,,,,0,5,,,,,,,,,,,,,,,,,,,,,,,,,,,,0.0,0.0,,,,,0,0,,,Inv: 0.0/0.0 CapLeft: 50.0,,,0.0,0.0,0.0,50.0,50.0,0.0,50.0,0.9,0.09999999999999998,0.0,0.0,0.0,0.0,0.0,0.0,0.0,
1765989044.754145,eth-updown-15m-1765989000,1765989000.0,1765989900.0,,855.2458550930023,,,,,0,0,0.99,0.98,ONE_LEG_INVENTORY,,,,,,,,,,,,,,0,5,,,,,,,,,,,,,,,,,,,,"RECONSTRUCT_BLOCKED: OVERPAY_LIMIT (Op:0.0800 > L:0.0020, Cost:$0.40)",,,,,,,,5.0,0.0,,,,,0,0,,,Inv: 5.0/0.0 CapLeft: 45.0,,,5.0,0.0,5.0,45.0,50.0,0.0,50.0,0.97,0.030000000000000027,5.0,0.48,0.6,0.08000000000000007,5.0,0.40000000000000036,0.002,OVERPAY_LIMIT
1765989044.754145,eth-updown-15m-1765989000,1765989000.0,1765989900.0,,855.2458550930023,,,,,0,0,0.99,0.98,ONE_LEG_INVENTORY,,,,,,,,,,,,,,0,5,,,,,,,,,,,,,,,,,,,,"RECONSTRUCT_BLOCKED: OVERPAY_LIMIT (Op:0.0800 > L:0.0020, Cost:$0.40)",,,,,,,,5.0,0.0,,,,,0,0,,,Inv: 5.0/0.0 CapLeft: 45.0,,,5.0,0.0,5.0,45.0,50.0,0.0,50.0,0.97,0.030000000000000027,5.0,0.48,0.6,0.08000000000000007,5.0,0.40000000000000036,0.002,OVERPAY_LIMIT
1765989046.5650842,eth-updown-15m-1765989000,1765989000.0,1765989900.0,,853.4349157810211,,,,,0,0,0.9,0.98,ORDERS_OPEN,,,,,,,,,,,,,,0,5,,,,,,,,,,,,,,,,,,,,,,,,,,,,0.0,0.0,,,,,0,0,,,Inv: 0.0/0.0 CapLeft: 50.0,,,0.0,0.0,0.0,50.0,50.0,0.0,50.0,0.9,0.09999999999999998,0.0,0.0,0.0,0.0,0.0,0.0,0.0,
1765989046.7029347,eth-updown-15m-1765989000,1765989000.0,1765989900.0,,853.2970652580261,,,,,0,0,0.99,0.98,ONE_LEG_INVENTORY,,,,,,,,,,,,,,0,5,,,,,,,,,,,,,,,,,,,,"RECONSTRUCT_BLOCKED: OVERPAY_LIMIT (Op:0.0800 > L:0.0020, Cost:$0.40)",,,,,,,,5.0,0.0,,,,,0,0,,,Inv: 5.0/0.0 CapLeft: 45.0,,,5.0,0.0,5.0,45.0,50.0,0.0,50.0,0.97,0.030000000000000027,5.0,0.48,0.6,0.08000000000000007,5.0,0.40000000000000036,0.002,OVERPAY_LIMIT
1765989046.7029347,eth-updown-15m-1765989000,1765989000.0,1765989900.0,,853.2970652580261,,,,,0,0,0.99,0.98,ONE_LEG_INVENTORY,,,,,,,,,,,,,,0,5,,,,,,,,,,,,,,,,,,,,"RECONSTRUCT_BLOCKED: OVERPAY_LIMIT (Op:0.0800 > L:0.0020, Cost:$0.40)",,,,,,,,5.0,0.0,,,,,0,0,,,Inv: 5.0/0.0 CapLeft: 45.0,,,5.0,0.0,5.0,45.0,50.0,0.0,50.0,0.97,0.030000000000000027,5.0,0.48,0.6,0.08000000000000007,5.0,0.40000000000000036,0.002,OVERPAY_LIMIT
1765989048.0663767,eth-updown-15m-1765989000,1765989000.0,1765989900.0,,851.9336233139038,,,,,0,0,0.9,0.98,ORDERS_OPEN,,,,,,,,,,,,,,0,5,,,,,,,,,,,,,,,,,,,,,,,,,,,,0.0,0.0,,,,,0,0,,,Inv: 0.0/0.0 CapLeft: 50.0,,,0.0,0.0,0.0,50.0,50.0,0.0,50.0,0.9,0.09999999999999998,0.0,0.0,0.0,0.0,0.0,0.0,0.0,
1765989048.6772964,eth-updown-15m-1765989000,1765989000.0,1765989900.0,,851.3227035999298,,,,,0,0,0.97,0.98,ONE_LEG_INVENTORY,,,,,,,,,,,,,,0,5,,,,,,,,,,,,,,,,,,,,"RECONSTRUCT_BLOCKED: OVERPAY_LIMIT (Op:0.0500 > L:0.0020, Cost:$0.25)",,,,,,,,5.0,0.0,,,,,0,0,,,Inv: 5.0/0.0 CapLeft: 45.0,,,5.0,0.0,5.0,45.0,50.0,0.0,50.0,0.97,0.030000000000000027,5.0,0.48,0.57,0.04999999999999982,5.0,0.2499999999999991,0.002,OVERPAY_LIMIT
1765989048.6772964,eth-updown-15m-1765989000,1765989000.0,1765989900.0,,851.3227035999298,,,,,0,0,0.97,0.98,ONE_LEG_INVENTORY,,,,,,,,,,,,,,0,5,,,,,,,,,,,,,,,,,,,,"RECONSTRUCT_BLOCKED: OVERPAY_LIMIT (Op:0.0500 > L:0.0020, Cost:$0.25)",,,,,,,,5.0,0.0,,,,,0,0,,,Inv: 5.0/0.0 CapLeft: 45.0,,,5.0,0.0,5.0,45.0,50.0,0.0,50.0,0.97,0.030000000000000027,5.0,0.48,0.57,0.04999999999999982,5.0,0.2499999999999991,0.002,OVERPAY_LIMIT
1765989049.5677817,eth-updown-15m-1765989000,1765989000.0,1765989900.0,,850.4322183132172,,,,,0,0,0.9,0.98,ORDERS_OPEN,,,,,,,,,,,,,,0,5,,,,,,,,,,,,,,,,,,,,,,,,,,,,0.0,0.0,,,,,0,0,,,Inv: 0.0/0.0 CapLeft: 50.0,,,0.0,0.0,0.0,50.0,50.0,0.0,50.0,0.9,0.09999999999999998,0.0,0.0,0.0,0.0,0.0,0.0,0.0,
1765989050.6347394,eth-updown-15m-1765989000,1765989000.0,1765989900.0,,849.3652606010437,,,,,0,0,0.99,0.98,ONE_LEG_INVENTORY,,,,,,,,,,,,,,0,5,,,,,,,,,,,,,,,,,,,,"RECONSTRUCT_BLOCKED: OVERPAY_LIMIT (Op:0.0600 > L:0.0020, Cost:$0.30)",,,,,,,,5.0,0.0,,,,,0,0,,,Inv: 5.0/0.0 CapLeft: 45.0,,,5.0,0.0,5.0,45.0,50.0,0.0,50.0,0.97,0.030000000000000027,5.0,0.48,0.58,0.06000000000000005,5.0,0.30000000000000027,0.002,OVERPAY_LIMIT
1765989050.6347394,eth-updown-15m-1765989000,1765989000.0,1765989900.0,,849.3652606010437,,,,,0,0,0.99,0.98,ONE_LEG_INVENTORY,,,,,,,,,,,,,,0,5,,,,,,,,,,,,,,,,,,,,"RECONSTRUCT_BLOCKED: OVERPAY_LIMIT (Op:0.0600 > L:0.0020, Cost:$0.30)",,,,,,,,5.0,0.0,,,,,0,0,,,Inv: 5.0/0.0 CapLeft: 45.0,,,5.0,0.0,5.0,45.0,50.0,0.0,50.0,0.97,0.030000000000000027,5.0,0.48,0.58,0.06000000000000005,5.0,0.30000000000000027,0.002,OVERPAY_LIMIT
1765989052.5709283,eth-updown-15m-1765989000,1765989000.0,1765989900.0,,847.4290716648102,,,,,0.45,0.45,0.9,0.98,ORDERS_OPEN,,,,,,,,,,,,,,5,5,,,,,,,,,,,,,,,,,,,,Leg:BOTH UP:5 DOWN:5,,,,,,,,0.0,0.0,,,,,0,0,,,Inv: 0.0/0.0 CapLeft: 50.0,,,0.0,0.0,0.0,50.0,50.0,0.0,50.0,0.9,0.09999999999999998,0.0,0.0,0.0,0.0,0.0,0.0,0.0,
1765989052.6089613,eth-updown-15m-1765989000,1765989000.0,1765989900.0,,847.3910386562347,,,,,0,0,0.98,0.98,ONE_LEG_INVENTORY,,,,,,,,,,,,,,0,5,,,,,,,,,,,,,,,,,,,,"RECONSTRUCT_BLOCKED: OVERPAY_LIMIT (Op:0.0600 > L:0.0020, Cost:$0.30)",,,,,,,,5.0,0.0,,,,,0,0,,,Inv: 5.0/0.0 CapLeft: 45.0,,,5.0,0.0,5.0,45.0,50.0,0.0,50.0,0.97,0.030000000000000027,5.0,0.48,0.58,0.06000000000000005,5.0,0.30000000000000027,0.002,OVERPAY_LIMIT
1765989052.6089613,eth-updown-15m-1765989000,1765989000.0,1765989900.0,,847.3910386562347,,,,,0,0,0.98,0.98,ONE_LEG_INVENTORY,,,,,,,,,,,,,,0,5,,,,,,,,,,,,,,,,,,,,"RECONSTRUCT_BLOCKED: OVERPAY_LIMIT (Op:0.0600 > L:0.0020, Cost:$0.30)",,,,,,,,5.0,0.0,,,,,0,0,,,Inv: 5.0/0.0 CapLeft: 45.0,,,5.0,0.0,5.0,45.0,50.0,0.0,50.0,0.97,0.030000000000000027,5.0,0.48,0.58,0.06000000000000005,5.0,0.30000000000000027,0.002,OVERPAY_LIMIT
1765989054.0727696,eth-updown-15m-1765989000,1765989000.0,1765989900.0,,845.9272303581238,,,,,0,0,0.9,0.98,ORDERS_OPEN,,,,,,,,,,,,,,0,5,,,,,,,,,,,,,,,,,,,,,,,,,,,,0.0,0.0,,,,,0,0,,,Inv: 0.0/0.0 CapLeft: 50.0,,,0.0,0.0,0.0,50.0,50.0,0.0,50.0,0.9,0.09999999999999998,0.0,0.0,0.0,0.0,0.0,0.0,0.0,
1765989054.5522573,eth-updown-15m-1765989000,1765989000.0,1765989900.0,,845.4477427005768,,,,,0,0,0.99,0.98,ONE_LEG_INVENTORY,,,,,,,,,,,,,,0,5,,,,,,,,,,,,,,,,,,,,"RECONSTRUCT_BLOCKED: OVERPAY_LIMIT (Op:0.0900 > L:0.0020, Cost:$0.45)",,,,,,,,5.0,0.0,,,,,0,0,,,Inv: 5.0/0.0 CapLeft: 45.0,,,5.0,0.0,5.0,45.0,50.0,0.0,50.0,0.97,0.030000000000000027,5.0,0.48,0.61,0.08999999999999986,5.0,0.4499999999999993,0.002,OVERPAY_LIMIT
1765989054.5522573,eth-updown-15m-1765989000,1765989000.0,1765989900.0,,845.4477427005768,,,,,0,0,0.99,0.98,ONE_LEG_INVENTORY,,,,,,,,,,,,,,0,5,,,,,,,,,,,,,,,,,,,,"RECONSTRUCT_BLOCKED: OVERPAY_LIMIT (Op:0.0900 > L:0.0020, Cost:$0.45)",,,,,,,,5.0,0.0,,,,,0,0,,,Inv: 5.0/0.0 CapLeft: 45.0,,,5.0,0.0,5.0,45.0,50.0,0.0,50.0,0.97,0.030000000000000027,5.0,0.48,0.61,0.08999999999999986,5.0,0.4499999999999993,0.002,OVERPAY_LIMIT
1765989055.5739093,eth-updown-15m-1765989000,1765989000.0,1765989900.0,,844.4260907173157,,,,,0,0,0.9,0.98,ORDERS_OPEN,,,,,,,,,,,,,,0,5,,,,,,,,,,,,,,,,,,,,,,,,,,,,0.0,0.0,,,,,0,0,,,Inv: 0.0/0.0 CapLeft: 50.0,,,0.0,0.0,0.0,50.0,50.0,0.0,50.0,0.9,0.09999999999999998,0.0,0.0,0.0,0.0,0.0,0.0,0.0,
1765989056.5219026,eth-updown-15m-1765989000,1765989000.0,1765989900.0,,843.4780974388123,,,,,0,0,0.99,0.98,ONE_LEG_INVENTORY,,,,,,,,,,,,,,0,5,,,,,,,,,,,,,,,,,,,,"RECONSTRUCT_BLOCKED: OVERPAY_LIMIT (Op:0.1000 > L:0.0020, Cost:$0.50)",,,,,,,,5.0,0.0,,,,,0,0,,,Inv: 5.0/0.0 CapLeft: 45.0,,,5.0,0.0,5.0,45.0,50.0,0.0,50.0,0.97,0.030000000000000027,5.0,0.48,0.62,0.10000000000000009,5.0,0.5000000000000004,0.002,OVERPAY_LIMIT
1765989056.5219026,eth-updown-15m-1765989000,1765989000.0,1765989900.0,,843.4780974388123,,,,,0,0,0.99,0.98,ONE_LEG_INVENTORY,,,,,,,,,,,,,,0,5,,,,,,,,,,,,,,,,,,,,"RECONSTRUCT_BLOCKED: OVERPAY_LIMIT (Op:0.1000 > L:0.0020, Cost:$0.50)",,,,,,,,5.0,0.0,,,,,0,0,,,Inv: 5.0/0.0 CapLeft: 45.0,,,5.0,0.0,5.0,45.0,50.0,0.0,50.0,0.97,0.030000000000000027,5.0,0.48,0.62,0.10000000000000009,5.0,0.5000000000000004,0.002,OVERPAY_LIMIT
1765989057.0753677,eth-updown-15m-1765989000,1765989000.0,1765989900.0,,842.9246323108673,,,,,0,0,0.9,0.98,ORDERS_OPEN,,,,,,,,,,,,,,0,5,,,,,,,,,,,,,,,,,,,,,,,,,,,,0.0,0.0,,,,,0,0,,,Inv: 0.0/0.0 CapLeft: 50.0,,,0.0,0.0,0.0,50.0,50.0,0.0,50.0,0.9,0.09999999999999998,0.0,0.0,0.0,0.0,0.0,0.0,0.0,
1765989058.5774372,eth-updown-15m-1765989000,1765989000.0,1765989900.0,,841.4225628376007,,,,,0,0,0.9,0.98,ORDERS_OPEN,,,,,,,,,,,,,,0,5,,,,,,,,,,,,,,,,,,,,,,,,,,,,0.0,0.0,,,,,0,0,,,Inv: 0.0/0.0 CapLeft: 50.0,,,0.0,0.0,0.0,50.0,50.0,0.0,50.0,0.9,0.09999999999999998,0.0,0.0,0.0,0.0,0.0,0.0,0.0,
1765989058.518242,eth-updown-15m-1765989000,1765989000.0,1765989900.0,,841.4817581176758,,,,,0,0,0.99,0.98,ONE_LEG_INVENTORY,,,,,,,,,,,,,,0,5,,,,,,,,,,,,,,,,,,,,"RECONSTRUCT_BLOCKED: OVERPAY_LIMIT (Op:0.1200 > L:0.0020, Cost:$0.60)",,,,,,,,5.0,0.0,,,,,0,0,,,Inv: 5.0/0.0 CapLeft: 45.0,,,5.0,0.0,5.0,45.0,50.0,0.0,50.0,0.97,0.030000000000000027,5.0,0.48,0.64,0.1200000000000001,5.0,0.6000000000000005,0.002,OVERPAY_LIMIT
1765989058.518242,eth-updown-15m-1765989000,1765989000.0,1765989900.0,,841.4817581176758,,,,,0,0,0.99,0.98,ONE_LEG_INVENTORY,,,,,,,,,,,,,,0,5,,,,,,,,,,,,,,,,,,,,"RECONSTRUCT_BLOCKED: OVERPAY_LIMIT (Op:0.1200 > L:0.0020, Cost:$0.60)",,,,,,,,5.0,0.0,,,,,0,0,,,Inv: 5.0/0.0 CapLeft: 45.0,,,5.0,0.0,5.0,45.0,50.0,0.0,50.0,0.97,0.030000000000000027,5.0,0.48,0.64,0.1200000000000001,5.0,0.6000000000000005,0.002,OVERPAY_LIMIT
1765989060.0793269,eth-updown-15m-1765989000,1765989000.0,1765989900.0,,839.9206731319427,,,,,0,0,0.9,0.98,ORDERS_OPEN,,,,,,,,,,,,,,0,5,,,,,,,,,,,,,,,,,,,,,,,,,,,,0.0,0.0,,,,,0,0,,,Inv: 0.0/0.0 CapLeft: 50.0,,,0.0,0.0,0.0,50.0,50.0,0.0,50.0,0.9,0.09999999999999998,0.0,0.0,0.0,0.0,0.0,0.0,0.0,
1765989060.4998162,eth-updown-15m-1765989000,1765989000.0,1765989900.0,,839.5001838207245,,,,,0,0,0.97,0.98,ONE_LEG_INVENTORY,,,,,,,,,,,,,,0,5,,,,,,,,,,,,,,,,,,,,"RECONSTRUCT_BLOCKED: OVERPAY_LIMIT (Op:0.1000 > L:0.0020, Cost:$0.50)",,,,,,,,5.0,0.0,,,,,0,0,,,Inv: 5.0/0.0 CapLeft: 45.0,,,5.0,0.0,5.0,45.0,50.0,0.0,50.0,0.97,0.030000000000000027,5.0,0.48,0.62,0.10000000000000009,5.0,0.5000000000000004,0.002,OVERPAY_LIMIT
1765989060.4998162,eth-updown-15m-1765989000,1765989000.0,1765989900.0,,839.5001838207245,,,,,0,0,0.97,0.98,ONE_LEG_INVENTORY,,,,,,,,,,,,,,0,5,,,,,,,,,,,,,,,,,,,,"RECONSTRUCT_BLOCKED: OVERPAY_LIMIT (Op:0.1000 > L:0.0020, Cost:$0.50)",,,,,,,,5.0,0.0,,,,,0,0,,,Inv: 5.0/0.0 CapLeft: 45.0,,,5.0,0.0,5.0,45.0,50.0,0.0,50.0,0.97,0.030000000000000027,5.0,0.48,0.62,0.10000000000000009,5.0,0.5000000000000004,0.002,OVERPAY_LIMIT
1765989061.5814788,eth-updown-15m-1765989000,1765989000.0,1765989900.0,,838.4185211658478,,,,,0,0,0.9,0.98,ORDERS_OPEN,,,,,,,,,,,,,,0,5,,,,,,,,,,,,,,,,,,,,,,,,,,,,0.0,0.0,,,,,0,0,,,Inv: 0.0/0.0 CapLeft: 50.0,,,0.0,0.0,0.0,50.0,50.0,0.0,50.0,0.9,0.09999999999999998,0.0,0.0,0.0,0.0,0.0,0.0,0.0,
1765989063.0831468,eth-updown-15m-1765989000,1765989000.0,1765989900.0,,836.9168531894684,,,,,0,0,0.9,0.98,ORDERS_OPEN,,,,,,,,,,,,,,0,5,,,,,,,,,,,,,,,,,,,,,,,,,,,,0.0,0.0,,,,,0,0,,,Inv: 0.0/0.0 CapLeft: 50.0,,,0.0,0.0,0.0,50.0,50.0,0.0,50.0,0.9,0.09999999999999998,0.0,0.0,0.0,0.0,0.0,0.0,0.0,
1765989062.5424893,eth-updown-15m-1765989000,1765989000.0,1765989900.0,,837.4575107097626,,,,,0,0,0.98,0.98,ONE_LEG_INVENTORY,,,,,,,,,,,,,,0,5,,,,,,,,,,,,,,,,,,,,"RECONSTRUCT_BLOCKED: OVERPAY_LIMIT (Op:0.0600 > L:0.0020, Cost:$0.30)",,,,,,,,5.0,0.0,,,,,0,0,,,Inv: 5.0/0.0 CapLeft: 45.0,,,5.0,0.0,5.0,45.0,50.0,0.0,50.0,0.97,0.030000000000000027,5.0,0.48,0.58,0.06000000000000005,5.0,0.30000000000000027,0.002,OVERPAY_LIMIT
1765989062.5424893,eth-updown-15m-1765989000,1765989000.0,1765989900.0,,837.4575107097626,,,,,0,0,0.98,0.98,ONE_LEG_INVENTORY,,,,,,,,,,,,,,0,5,,,,,,,,,,,,,,,,,,,,"RECONSTRUCT_BLOCKED: OVERPAY_LIMIT (Op:0.0600 > L:0.0020, Cost:$0.30)",,,,,,,,5.0,0.0,,,,,0,0,,,Inv: 5.0/0.0 CapLeft: 45.0,,,5.0,0.0,5.0,45.0,50.0,0.0,50.0,0.97,0.030000000000000027,5.0,0.48,0.58,0.06000000000000005,5.0,0.30000000000000027,0.002,OVERPAY_LIMIT
1765989064.5851467,eth-updown-15m-1765989000,1765989000.0,1765989900.0,,835.4148533344269,,,,,0,0,0.9,0.98,ORDERS_OPEN,,,,,,,,,,,,,,0,5,,,,,,,,,,,,,,,,,,,,,,,,,,,,0.0,0.0,,,,,0,0,,,Inv: 0.0/0.0 CapLeft: 50.0,,,0.0,0.0,0.0,50.0,50.0,0.0,50.0,0.9,0.09999999999999998,0.0,0.0,0.0,0.0,0.0,0.0,0.0,
1765989064.5911372,eth-updown-15m-1765989000,1765989000.0,1765989900.0,,835.4088628292084,,,,,0,0,0.99,0.98,ONE_LEG_INVENTORY,,,,,,,,,,,,,,0,5,,,,,,,,,,,,,,,,,,,,"RECONSTRUCT_BLOCKED: OVERPAY_LIMIT (Op:0.0600 > L:0.0020, Cost:$0.30)",,,,,,,,5.0,0.0,,,,,0,0,,,Inv: 5.0/0.0 CapLeft: 45.0,,,5.0,0.0,5.0,45.0,50.0,0.0,50.0,0.97,0.030000000000000027,5.0,0.48,0.58,0.06000000000000005,5.0,0.30000000000000027,0.002,OVERPAY_LIMIT
1765989064.5911372,eth-updown-15m-1765989000,1765989000.0,1765989900.0,,835.4088628292084,,,,,0,0,0.99,0.98,ONE_LEG_INVENTORY,,,,,,,,,,,,,,0,5,,,,,,,,,,,,,,,,,,,,"RECONSTRUCT_BLOCKED: OVERPAY_LIMIT (Op:0.0600 > L:0.0020, Cost:$0.30)",,,,,,,,5.0,0.0,,,,,0,0,,,Inv: 5.0/0.0 CapLeft: 45.0,,,5.0,0.0,5.0,45.0,50.0,0.0,50.0,0.97,0.030000000000000027,5.0,0.48,0.58,0.06000000000000005,5.0,0.30000000000000027,0.002,OVERPAY_LIMIT
1765989066.086814,eth-updown-15m-1765989000,1765989000.0,1765989900.0,,833.9131860733032,,,,,0,0,0.9,0.98,ORDERS_OPEN,,,,,,,,,,,,,,0,5,,,,,,,,,,,,,,,,,,,,,,,,,,,,0.0,0.0,,,,,0,0,,,Inv: 0.0/0.0 CapLeft: 50.0,,,0.0,0.0,0.0,50.0,50.0,0.0,50.0,0.9,0.09999999999999998,0.0,0.0,0.0,0.0,0.0,0.0,0.0,
1765989066.5360115,eth-updown-15m-1765989000,1765989000.0,1765989900.0,,833.4639885425568,,,,,0,0,0.99,0.98,ONE_LEG_INVENTORY,,,,,,,,,,,,,,0,5,,,,,,,,,,,,,,,,,,,,"RECONSTRUCT_BLOCKED: OVERPAY_LIMIT (Op:0.0400 > L:0.0020, Cost:$0.20)",,,,,,,,5.0,0.0,,,,,0,0,,,Inv: 5.0/0.0 CapLeft: 45.0,,,5.0,0.0,5.0,45.0,50.0,0.0,50.0,0.97,0.030000000000000027,5.0,0.48,0.56,0.040000000000000036,5.0,0.20000000000000018,0.002,OVERPAY_LIMIT
1765989066.5360115,eth-updown-15m-1765989000,1765989000.0,1765989900.0,,833.4639885425568,,,,,0,0,0.99,0.98,ONE_LEG_INVENTORY,,,,,,,,,,,,,,0,5,,,,,,,,,,,,,,,,,,,,"RECONSTRUCT_BLOCKED: OVERPAY_LIMIT (Op:0.0400 > L:0.0020, Cost:$0.20)",,,,,,,,5.0,0.0,,,,,0,0,,,Inv: 5.0/0.0 CapLeft: 45.0,,,5.0,0.0,5.0,45.0,50.0,0.0,50.0,0.97,0.030000000000000027,5.0,0.48,0.56,0.040000000000000036,5.0,0.20000000000000018,0.002,OVERPAY_LIMIT
1765989068.484017,eth-updown-15m-1765989000,1765989000.0,1765989900.0,,831.5159831047058,,,,,0,0,0.98,0.98,ONE_LEG_INVENTORY,,,,,,,,,,,,,,0,5,,,,,,,,,,,,,,,,,,,,"RECONSTRUCT_BLOCKED: OVERPAY_LIMIT (Op:0.0500 > L:0.0020, Cost:$0.25)",,,,,,,,5.0,0.0,,,,,0,0,,,Inv: 5.0/0.0 CapLeft: 45.0,,,5.0,0.0,5.0,45.0,50.0,0.0,50.0,0.97,0.030000000000000027,5.0,0.48,0.57,0.04999999999999982,5.0,0.2499999999999991,0.002,OVERPAY_LIMIT
1765989068.484017,eth-updown-15m-1765989000,1765989000.0,1765989900.0,,831.5159831047058,,,,,0,0,0.98,0.98,ONE_LEG_INVENTORY,,,,,,,,,,,,,,0,5,,,,,,,,,,,,,,,,,,,,"RECONSTRUCT_BLOCKED: OVERPAY_LIMIT (Op:0.0500 > L:0.0020, Cost:$0.25)",,,,,,,,5.0,0.0,,,,,0,0,,,Inv: 5.0/0.0 CapLeft: 45.0,,,5.0,0.0,5.0,45.0,50.0,0.0,50.0,0.97,0.030000000000000027,5.0,0.48,0.57,0.04999999999999982,5.0,0.2499999999999991,0.002,OVERPAY_LIMIT
1765989069.0896435,eth-updown-15m-1765989000,1765989000.0,1765989900.0,,830.9103565216064,,,,,0.45,0.45,0.9,0.98,ORDERS_OPEN,,,,,,,,,,,,,,5,5,,,,,,,,,,,,,,,,,,,,Leg:BOTH UP:5 DOWN:5,,,,,,,,0.0,0.0,,,,,0,0,,,Inv: 0.0/0.0 CapLeft: 50.0,,,0.0,0.0,0.0,50.0,50.0,0.0,50.0,0.9,0.09999999999999998,0.0,0.0,0.0,0.0,0.0,0.0,0.0,
1765989070.5925167,eth-updown-15m-1765989000,1765989000.0,1765989900.0,,829.4074833393097,,,,,0,0,0.9,0.98,ORDERS_OPEN,,,,,,,,,,,,,,0,5,,,,,,,,,,,,,,,,,,,,,,,,,,,,0.0,0.0,,,,,0,0,,,Inv: 0.0/0.0 CapLeft: 50.0,,,0.0,0.0,0.0,50.0,50.0,0.0,50.0,0.9,0.09999999999999998,0.0,0.0,0.0,0.0,0.0,0.0,0.0,
1765989070.4301066,eth-updown-15m-1765989000,1765989000.0,1765989900.0,,829.5698933601379,,,,,0,0,0.99,0.98,ONE_LEG_INVENTORY,,,,,,,,,,,,,,0,5,,,,,,,,,,,,,,,,,,,,"RECONSTRUCT_BLOCKED: OVERPAY_LIMIT (Op:0.0600 > L:0.0020, Cost:$0.30)",,,,,,,,5.0,0.0,,,,,0,0,,,Inv: 5.0/0.0 CapLeft: 45.0,,,5.0,0.0,5.0,45.0,50.0,0.0,50.0,0.97,0.030000000000000027,5.0,0.48,0.58,0.06000000000000005,5.0,0.30000000000000027,0.002,OVERPAY_LIMIT
1765989070.4301066,eth-updown-15m-1765989000,1765989000.0,1765989900.0,,829.5698933601379,,,,,0,0,0.99,0.98,ONE_LEG_INVENTORY,,,,,,,,,,,,,,0,5,,,,,,,,,,,,,,,,,,,,"RECONSTRUCT_BLOCKED: OVERPAY_LIMIT (Op:0.0600 > L:0.0020, Cost:$0.30)",,,,,,,,5.0,0.0,,,,,0,0,,,Inv: 5.0/0.0 CapLeft: 45.0,,,5.0,0.0,5.0,45.0,50.0,0.0,50.0,0.97,0.030000000000000027,5.0,0.48,0.58,0.06000000000000005,5.0,0.30000000000000027,0.002,OVERPAY_LIMIT
1765989072.0939803,eth-updown-15m-1765989000,1765989000.0,1765989900.0,,827.9060196876526,,,,,0,0,0.9,0.98,ORDERS_OPEN,,,,,,,,,,,,,,0,5,,,,,,,,,,,,,,,,,,,,,,,,,,,,0.0,0.0,,,,,0,0,,,Inv: 0.0/0.0 CapLeft: 50.0,,,0.0,0.0,0.0,50.0,50.0,0.0,50.0,0.9,0.09999999999999998,0.0,0.0,0.0,0.0,0.0,0.0,0.0,
1765989072.4299173,eth-updown-15m-1765989000,1765989000.0,1765989900.0,,827.5700826644897,,,,,0,0,0.97,0.98,ONE_LEG_INVENTORY,,,,,,,,,,,,,,0,5,,,,,,,,,,,,,,,,,,,,"RECONSTRUCT_BLOCKED: OVERPAY_LIMIT (Op:0.0800 > L:0.0020, Cost:$0.40)",,,,,,,,5.0,0.0,,,,,0,0,,,Inv: 5.0/0.0 CapLeft: 45.0,,,5.0,0.0,5.0,45.0,50.0,0.0,50.0,0.97,0.030000000000000027,5.0,0.48,0.6,0.08000000000000007,5.0,0.40000000000000036,0.002,OVERPAY_LIMIT
1765989072.4299173,eth-updown-15m-1765989000,1765989000.0,1765989900.0,,827.5700826644897,,,,,0,0,0.97,0.98,ONE_LEG_INVENTORY,,,,,,,,,,,,,,0,5,,,,,,,,,,,,,,,,,,,,"RECONSTRUCT_BLOCKED: OVERPAY_LIMIT (Op:0.0800 > L:0.0020, Cost:$0.40)",,,,,,,,5.0,0.0,,,,,0,0,,,Inv: 5.0/0.0 CapLeft: 45.0,,,5.0,0.0,5.0,45.0,50.0,0.0,50.0,0.97,0.030000000000000027,5.0,0.48,0.6,0.08000000000000007,5.0,0.40000000000000036,0.002,OVERPAY_LIMIT
1765989073.596297,eth-updown-15m-1765989000,1765989000.0,1765989900.0,,826.4037029743195,,,,,0,0,0.9,0.98,ORDERS_OPEN,,,,,,,,,,,,,,0,5,,,,,,,,,,,,,,,,,,,,,,,,,,,,0.0,0.0,,,,,0,0,,,Inv: 0.0/0.0 CapLeft: 50.0,,,0.0,0.0,0.0,50.0,50.0,0.0,50.0,0.9,0.09999999999999998,0.0,0.0,0.0,0.0,0.0,0.0,0.0,
1765989074.4012365,eth-updown-15m-1765989000,1765989000.0,1765989900.0,,825.5987634658813,,,,,0,0,0.97,0.98,ONE_LEG_INVENTORY,,,,,,,,,,,,,,0,5,,,,,,,,,,,,,,,,,,,,"RECONSTRUCT_BLOCKED: OVERPAY_LIMIT (Op:0.0700 > L:0.0020, Cost:$0.35)",,,,,,,,5.0,0.0,,,,,0,0,,,Inv: 5.0/0.0 CapLeft: 45.0,,,5.0,0.0,5.0,45.0,50.0,0.0,50.0,0.97,0.030000000000000027,5.0,0.48,0.59,0.06999999999999984,5.0,0.3499999999999992,0.002,OVERPAY_LIMIT
1765989074.4012365,eth-updown-15m-1765989000,1765989000.0,1765989900.0,,825.5987634658813,,,,,0,0,0.97,0.98,ONE_LEG_INVENTORY,,,,,,,,,,,,,,0,5,,,,,,,,,,,,,,,,,,,,"RECONSTRUCT_BLOCKED: OVERPAY_LIMIT (Op:0.0700 > L:0.0020, Cost:$0.35)",,,,,,,,5.0,0.0,,,,,0,0,,,Inv: 5.0/0.0 CapLeft: 45.0,,,5.0,0.0,5.0,45.0,50.0,0.0,50.0,0.97,0.030000000000000027,5.0,0.48,0.59,0.06999999999999984,5.0,0.3499999999999992,0.002,OVERPAY_LIMIT
1765989075.097503,eth-updown-15m-1765989000,1765989000.0,1765989900.0,,824.9024970531464,,,,,0,0,0.9,0.98,ORDERS_OPEN,,,,,,,,,,,,,,0,5,,,,,,,,,,,,,,,,,,,,,,,,,,,,0.0,0.0,,,,,0,0,,,Inv: 0.0/0.0 CapLeft: 50.0,,,0.0,0.0,0.0,50.0,50.0,0.0,50.0,0.9,0.09999999999999998,0.0,0.0,0.0,0.0,0.0,0.0,0.0,
1765989076.5989568,eth-updown-15m-1765989000,1765989000.0,1765989900.0,,823.401043176651,,,,,0,0,0.9,0.98,ORDERS_OPEN,,,,,,,,,,,,,,0,5,,,,,,,,,,,,,,,,,,,,,,,,,,,,0.0,0.0,,,,,0,0,,,Inv: 0.0/0.0 CapLeft: 50.0,,,0.0,0.0,0.0,50.0,50.0,0.0,50.0,0.9,0.09999999999999998,0.0,0.0,0.0,0.0,0.0,0.0,0.0,
1765989076.3349295,eth-updown-15m-1765989000,1765989000.0,1765989900.0,,823.6650705337524,,,,,0,0,0.98,0.98,ONE_LEG_INVENTORY,,,,,,,,,,,,,,0,5,,,,,,,,,,,,,,,,,,,,"RECONSTRUCT_BLOCKED: OVERPAY_LIMIT (Op:0.0800 > L:0.0020, Cost:$0.40)",,,,,,,,5.0,0.0,,,,,0,0,,,Inv: 5.0/0.0 CapLeft: 45.0,,,5.0,0.0,5.0,45.0,50.0,0.0,50.0,0.97,0.030000000000000027,5.0,0.48,0.6,0.08000000000000007,5.0,0.40000000000000036,0.002,OVERPAY_LIMIT
1765989076.3349295,eth-updown-15m-1765989000,1765989000.0,1765989900.0,,823.6650705337524,,,,,0,0,0.98,0.98,ONE_LEG_INVENTORY,,,,,,,,,,,,,,0,5,,,,,,,,,,,,,,,,,,,,"RECONSTRUCT_BLOCKED: OVERPAY_LIMIT (Op:0.0800 > L:0.0020, Cost:$0.40)",,,,,,,,5.0,0.0,,,,,0,0,,,Inv: 5.0/0.0 CapLeft: 45.0,,,5.0,0.0,5.0,45.0,50.0,0.0,50.0,0.97,0.030000000000000027,5.0,0.48,0.6,0.08000000000000007,5.0,0.40000000000000036,0.002,OVERPAY_LIMIT
1765989078.1005197,eth-updown-15m-1765989000,1765989000.0,1765989900.0,,821.899480342865,,,,,0,0,0.9,0.98,ORDERS_OPEN,,,,,,,,,,,,,,0,5,,,,,,,,,,,,,,,,,,,,,,,,,,,,0.0,0.0,,,,,0,0,,,Inv: 0.0/0.0 CapLeft: 50.0,,,0.0,0.0,0.0,50.0,50.0,0.0,50.0,0.9,0.09999999999999998,0.0,0.0,0.0,0.0,0.0,0.0,0.0,
1765989078.295329,eth-updown-15m-1765989000,1765989000.0,1765989900.0,,821.7046709060669,,,,,0,0,0.98,0.98,ONE_LEG_INVENTORY,,,,,,,,,,,,,,0,5,,,,,,,,,,,,,,,,,,,,"RECONSTRUCT_BLOCKED: OVERPAY_LIMIT (Op:0.0800 > L:0.0020, Cost:$0.40)",,,,,,,,5.0,0.0,,,,,0,0,,,Inv: 5.0/0.0 CapLeft: 45.0,,,5.0,0.0,5.0,45.0,50.0,0.0,50.0,0.97,0.030000000000000027,5.0,0.48,0.6,0.08000000000000007,5.0,0.40000000000000036,0.002,OVERPAY_LIMIT
1765989078.295329,eth-updown-15m-1765989000,1765989000.0,1765989900.0,,821.7046709060669,,,,,0,0,0.98,0.98,ONE_LEG_INVENTORY,,,,,,,,,,,,,,0,5,,,,,,,,,,,,,,,,,,,,"RECONSTRUCT_BLOCKED: OVERPAY_LIMIT (Op:0.0800 > L:0.0020, Cost:$0.40)",,,,,,,,5.0,0.0,,,,,0,0,,,Inv: 5.0/0.0 CapLeft: 45.0,,,5.0,0.0,5.0,45.0,50.0,0.0,50.0,0.97,0.030000000000000027,5.0,0.48,0.6,0.08000000000000007,5.0,0.40000000000000036,0.002,OVERPAY_LIMIT
1765989079.602512,eth-updown-15m-1765989000,1765989000.0,1765989900.0,,820.397488117218,,,,,0,0,0.9,0.98,ORDERS_OPEN,,,,,,,,,,,,,,0,5,,,,,,,,,,,,,,,,,,,,,,,,,,,,0.0,0.0,,,,,0,0,,,Inv: 0.0/0.0 CapLeft: 50.0,,,0.0,0.0,0.0,50.0,50.0,0.0,50.0,0.9,0.09999999999999998,0.0,0.0,0.0,0.0,0.0,0.0,0.0,
1765989080.2390358,eth-updown-15m-1765989000,1765989000.0,1765989900.0,,819.7609641551971,,,,,0,0,0.98,0.98,ONE_LEG_INVENTORY,,,,,,,,,,,,,,0,5,,,,,,,,,,,,,,,,,,,,"RECONSTRUCT_BLOCKED: OVERPAY_LIMIT (Op:0.0800 > L:0.0020, Cost:$0.40)",,,,,,,,5.0,0.0,,,,,0,0,,,Inv: 5.0/0.0 CapLeft: 45.0,,,5.0,0.0,5.0,45.0,50.0,0.0,50.0,0.97,0.030000000000000027,5.0,0.48,0.6,0.08000000000000007,5.0,0.40000000000000036,0.002,OVERPAY_LIMIT
1765989080.2390358,eth-updown-15m-1765989000,1765989000.0,1765989900.0,,819.7609641551971,,,,,0,0,0.98,0.98,ONE_LEG_INVENTORY,,,,,,,,,,,,,,0,5,,,,,,,,,,,,,,,,,,,,"RECONSTRUCT_BLOCKED: OVERPAY_LIMIT (Op:0.0800 > L:0.0020, Cost:$0.40)",,,,,,,,5.0,0.0,,,,,0,0,,,Inv: 5.0/0.0 CapLeft: 45.0,,,5.0,0.0,5.0,45.0,50.0,0.0,50.0,0.97,0.030000000000000027,5.0,0.48,0.6,0.08000000000000007,5.0,0.40000000000000036,0.002,OVERPAY_LIMIT
1765989081.1035671,eth-updown-15m-1765989000,1765989000.0,1765989900.0,,818.8964328765869,,,,,0,0,0.9,0.98,ORDERS_OPEN,,,,,,,,,,,,,,0,5,,,,,,,,,,,,,,,,,,,,,,,,,,,,0.0,0.0,,,,,0,0,,,Inv: 0.0/0.0 CapLeft: 50.0,,,0.0,0.0,0.0,50.0,50.0,0.0,50.0,0.9,0.09999999999999998,0.0,0.0,0.0,0.0,0.0,0.0,0.0,
1765989082.6052766,eth-updown-15m-1765989000,1765989000.0,1765989900.0,,817.3947234153748,,,,,0,0,0.9,0.98,ORDERS_OPEN,,,,,,,,,,,,,,0,5,,,,,,,,,,,,,,,,,,,,,,,,,,,,0.0,0.0,,,,,0,0,,,Inv: 0.0/0.0 CapLeft: 50.0,,,0.0,0.0,0.0,50.0,50.0,0.0,50.0,0.9,0.09999999999999998,0.0,0.0,0.0,0.0,0.0,0.0,0.0,
1765989082.233567,eth-updown-15m-1765989000,1765989000.0,1765989900.0,,817.7664330005646,,,,,0,0,0.96,0.98,ONE_LEG_INVENTORY,,,,,,,,,,,,,,0,5,,,,,,,,,,,,,,,,,,,,"RECONSTRUCT_BLOCKED: OVERPAY_LIMIT (Op:0.0500 > L:0.0020, Cost:$0.25)",,,,,,,,5.0,0.0,,,,,0,0,,,Inv: 5.0/0.0 CapLeft: 45.0,,,5.0,0.0,5.0,45.0,50.0,0.0,50.0,0.97,0.030000000000000027,5.0,0.48,0.57,0.04999999999999982,5.0,0.2499999999999991,0.002,OVERPAY_LIMIT
1765989082.233567,eth-updown-15m-1765989000,1765989000.0,1765989900.0,,817.7664330005646,,,,,0,0,0.96,0.98,ONE_LEG_INVENTORY,,,,,,,,,,,,,,0,5,,,,,,,,,,,,,,,,,,,,"RECONSTRUCT_BLOCKED: OVERPAY_LIMIT (Op:0.0500 > L:0.0020, Cost:$0.25)",,,,,,,,5.0,0.0,,,,,0,0,,,Inv: 5.0/0.0 CapLeft: 45.0,,,5.0,0.0,5.0,45.0,50.0,0.0,50.0,0.97,0.030000000000000027,5.0,0.48,0.57,0.04999999999999982,5.0,0.2499999999999991,0.002,OVERPAY_LIMIT
1765989084.2081249,eth-updown-15m-1765989000,1765989000.0,1765989900.0,,815.7918751239777,,,,,0,0,0.98,0.98,ONE_LEG_INVENTORY,,,,,,,,,,,,,,0,5,,,,,,,,,,,,,,,,,,,,"RECONSTRUCT_BLOCKED: OVERPAY_LIMIT (Op:0.0500 > L:0.0020, Cost:$0.25)",,,,,,,,5.0,0.0,,,,,0,0,,,Inv: 5.0/0.0 CapLeft: 45.0,,,5.0,0.0,5.0,45.0,50.0,0.0,50.0,0.97,0.030000000000000027,5.0,0.48,0.57,0.04999999999999982,5.0,0.2499999999999991,0.002,OVERPAY_LIMIT
1765989084.2081249,eth-updown-15m-1765989000,1765989000.0,1765989900.0,,815.7918751239777,,,,,0,0,0.98,0.98,ONE_LEG_INVENTORY,,,,,,,,,,,,,,0,5,,,,,,,,,,,,,,,,,,,,"RECONSTRUCT_BLOCKED: OVERPAY_LIMIT (Op:0.0500 > L:0.0020, Cost:$0.25)",,,,,,,,5.0,0.0,,,,,0,0,,,Inv: 5.0/0.0 CapLeft: 45.0,,,5.0,0.0,5.0,45.0,50.0,0.0,50.0,0.97,0.030000000000000027,5.0,0.48,0.57,0.04999999999999982,5.0,0.2499999999999991,0.002,OVERPAY_LIMIT
1765989085.6074839,eth-updown-15m-1765989000,1765989000.0,1765989900.0,,814.3925161361694,,,,,0.45,0.45,0.9,0.98,ORDERS_OPEN,,,,,,,,,,,,,,5,5,,,,,,,,,,,,,,,,,,,,Leg:BOTH UP:5 DOWN:5,,,,,,,,0.0,0.0,,,,,0,0,,,Inv: 0.0/0.0 CapLeft: 50.0,,,0.0,0.0,0.0,50.0,50.0,0.0,50.0,0.9,0.09999999999999998,0.0,0.0,0.0,0.0,0.0,0.0,0.0,
1765989086.1535378,eth-updown-15m-1765989000,1765989000.0,1765989900.0,,813.8464622497559,,,,,0,0,0.99,0.98,ONE_LEG_INVENTORY,,,,,,,,,,,,,,0,5,,,,,,,,,,,,,,,,,,,,"RECONSTRUCT_BLOCKED: OVERPAY_LIMIT (Op:0.0700 > L:0.0020, Cost:$0.35)",,,,,,,,5.0,0.0,,,,,0,0,,,Inv: 5.0/0.0 CapLeft: 45.0,,,5.0,0.0,5.0,45.0,50.0,0.0,50.0,0.97,0.030000000000000027,5.0,0.48,0.59,0.06999999999999984,5.0,0.3499999999999992,0.002,OVERPAY_LIMIT
1765989086.1535378,eth-updown-15m-1765989000,1765989000.0,1765989900.0,,813.8464622497559,,,,,0,0,0.99,0.98,ONE_LEG_INVENTORY,,,,,,,,,,,,,,0,5,,,,,,,,,,,,,,,,,,,,"RECONSTRUCT_BLOCKED: OVERPAY_LIMIT (Op:0.0700 > L:0.0020, Cost:$0.35)",,,,,,,,5.0,0.0,,,,,0,0,,,Inv: 5.0/0.0 CapLeft: 45.0,,,5.0,0.0,5.0,45.0,50.0,0.0,50.0,0.97,0.030000000000000027,5.0,0.48,0.59,0.06999999999999984,5.0,0.3499999999999992,0.002,OVERPAY_LIMIT
1765989087.1086795,eth-updown-15m-1765989000,1765989000.0,1765989900.0,,812.8913204669952,,,,,0,0,0.9,0.98,ORDERS_OPEN,,,,,,,,,,,,,,0,5,,,,,,,,,,,,,,,,,,,,,,,,,,,,0.0,0.0,,,,,0,0,,,Inv: 0.0/0.0 CapLeft: 50.0,,,0.0,0.0,0.0,50.0,50.0,0.0,50.0,0.9,0.09999999999999998,0.0,0.0,0.0,0.0,0.0,0.0,0.0,
1765989088.1280458,eth-updown-15m-1765989000,1765989000.0,1765989900.0,,811.871954202652,,,,,0,0,0.98,0.98,ONE_LEG_INVENTORY,,,,,,,,,,,,,,0,5,,,,,,,,,,,,,,,,,,,,"RECONSTRUCT_BLOCKED: OVERPAY_LIMIT (Op:0.0700 > L:0.0020, Cost:$0.35)",,,,,,,,5.0,0.0,,,,,0,0,,,Inv: 5.0/0.0 CapLeft: 45.0,,,5.0,0.0,5.0,45.0,50.0,0.0,50.0,0.97,0.030000000000000027,5.0,0.48,0.59,0.06999999999999984,5.0,0.3499999999999992,0.002,OVERPAY_LIMIT
1765989088.1280458,eth-updown-15m-1765989000,1765989000.0,1765989900.0,,811.871954202652,,,,,0,0,0.98,0.98,ONE_LEG_INVENTORY,,,,,,,,,,,,,,0,5,,,,,,,,,,,,,,,,,,,,"RECONSTRUCT_BLOCKED: OVERPAY_LIMIT (Op:0.0700 > L:0.0020, Cost:$0.35)",,,,,,,,5.0,0.0,,,,,0,0,,,Inv: 5.0/0.0 CapLeft: 45.0,,,5.0,0.0,5.0,45.0,50.0,0.0,50.0,0.97,0.030000000000000027,5.0,0.48,0.59,0.06999999999999984,5.0,0.3499999999999992,0.002,OVERPAY_LIMIT
1765989088.609904,eth-updown-15m-1765989000,1765989000.0,1765989900.0,,811.390095949173,,,,,0,0,0.9,0.98,ORDERS_OPEN,,,,,,,,,,,,,,0,5,,,,,,,,,,,,,,,,,,,,,,,,,,,,0.0,0.0,,,,,0,0,,,Inv: 0.0/0.0 CapLeft: 50.0,,,0.0,0.0,0.0,50.0,50.0,0.0,50.0,0.9,0.09999999999999998,0.0,0.0,0.0,0.0,0.0,0.0,0.0,
1765989090.1112537,eth-updown-15m-1765989000,1765989000.0,1765989900.0,,809.8887462615967,,,,,0,0,0.9,0.98,ORDERS_OPEN,,,,,,,,,,,,,,0,5,,,,,,,,,,,,,,,,,,,,,,,,,,,,0.0,0.0,,,,,0,0,,,Inv: 0.0/0.0 CapLeft: 50.0,,,0.0,0.0,0.0,50.0,50.0,0.0,50.0,0.9,0.09999999999999998,0.0,0.0,0.0,0.0,0.0,0.0,0.0,
1765989090.0484595,eth-updown-15m-1765989000,1765989000.0,1765989900.0,,809.9515404701233,,,,,0,0,0.98,0.98,ONE_LEG_INVENTORY,,,,,,,,,,,,,,0,5,,,,,,,,,,,,,,,,,,,,"RECONSTRUCT_BLOCKED: OVERPAY_LIMIT (Op:0.0700 > L:0.0020, Cost:$0.35)",,,,,,,,5.0,0.0,,,,,0,0,,,Inv: 5.0/0.0 CapLeft: 45.0,,,5.0,0.0,5.0,45.0,50.0,0.0,50.0,0.97,0.030000000000000027,5.0,0.48,0.59,0.06999999999999984,5.0,0.3499999999999992,0.002,OVERPAY_LIMIT
1765989090.0484595,eth-updown-15m-1765989000,1765989000.0,1765989900.0,,809.9515404701233,,,,,0,0,0.98,0.98,ONE_LEG_INVENTORY,,,,,,,,,,,,,,0,5,,,,,,,,,,,,,,,,,,,,"RECONSTRUCT_BLOCKED: OVERPAY_LIMIT (Op:0.0700 > L:0.0020, Cost:$0.35)",,,,,,,,5.0,0.0,,,,,0,0,,,Inv: 5.0/0.0 CapLeft: 45.0,,,5.0,0.0,5.0,45.0,50.0,0.0,50.0,0.97,0.030000000000000027,5.0,0.48,0.59,0.06999999999999984,5.0,0.3499999999999992,0.002,OVERPAY_LIMIT
1765989091.6128302,eth-updown-15m-1765989000,1765989000.0,1765989900.0,,808.3871698379517,,,,,0,0,0.9,0.98,ORDERS_OPEN,,,,,,,,,,,,,,0,5,,,,,,,,,,,,,,,,,,,,,,,,,,,,0.0,0.0,,,,,0,0,,,Inv: 0.0/0.0 CapLeft: 50.0,,,0.0,0.0,0.0,50.0,50.0,0.0,50.0,0.9,0.09999999999999998,0.0,0.0,0.0,0.0,0.0,0.0,0.0,
1765989092.0038588,eth-updown-15m-1765989000,1765989000.0,1765989900.0,,807.9961411952972,,,,,0,0,0.99,0.98,ONE_LEG_INVENTORY,,,,,,,,,,,,,,0,5,,,,,,,,,,,,,,,,,,,,"RECONSTRUCT_BLOCKED: OVERPAY_LIMIT (Op:0.0900 > L:0.0020, Cost:$0.45)",,,,,,,,5.0,0.0,,,,,0,0,,,Inv: 5.0/0.0 CapLeft: 45.0,,,5.0,0.0,5.0,45.0,50.0,0.0,50.0,0.97,0.030000000000000027,5.0,0.48,0.61,0.08999999999999986,5.0,0.4499999999999993,0.002,OVERPAY_LIMIT
1765989092.0038588,eth-updown-15m-1765989000,1765989000.0,1765989900.0,,807.9961411952972,,,,,0,0,0.99,0.98,ONE_LEG_INVENTORY,,,,,,,,,,,,,,0,5,,,,,,,,,,,,,,,,,,,,"RECONSTRUCT_BLOCKED: OVERPAY_LIMIT (Op:0.0900 > L:0.0020, Cost:$0.45)",,,,,,,,5.0,0.0,,,,,0,0,,,Inv: 5.0/0.0 CapLeft: 45.0,,,5.0,0.0,5.0,45.0,50.0,0.0,50.0,0.97,0.030000000000000027,5.0,0.48,0.61,0.08999999999999986,5.0,0.4499999999999993,0.002,OVERPAY_LIMIT
1765989093.113951,eth-updown-15m-1765989000,1765989000.0,1765989900.0,,806.8860490322113,,,,,0,0,0.9,0.98,ORDERS_OPEN,,,,,,,,,,,,,,0,5,,,,,,,,,,,,,,,,,,,,,,,,,,,,0.0,0.0,,,,,0,0,,,Inv: 0.0/0.0 CapLeft: 50.0,,,0.0,0.0,0.0,50.0,50.0,0.0,50.0,0.9,0.09999999999999998,0.0,0.0,0.0,0.0,0.0,0.0,0.0,
1765989093.9380276,eth-updown-15m-1765989000,1765989000.0,1765989900.0,,806.0619723796844,,,,,0,0,0.99,0.98,ONE_LEG_INVENTORY,,,,,,,,,,,,,,0,5,,,,,,,,,,,,,,,,,,,,"RECONSTRUCT_BLOCKED: OVERPAY_LIMIT (Op:0.1000 > L:0.0020, Cost:$0.50)",,,,,,,,5.0,0.0,,,,,0,0,,,Inv: 5.0/0.0 CapLeft: 45.0,,,5.0,0.0,5.0,45.0,50.0,0.0,50.0,0.97,0.030000000000000027,5.0,0.48,0.62,0.10000000000000009,5.0,0.5000000000000004,0.002,OVERPAY_LIMIT
1765989093.9380276,eth-updown-15m-1765989000,1765989000.0,1765989900.0,,806.0619723796844,,,,,0,0,0.99,0.98,ONE_LEG_INVENTORY,,,,,,,,,,,,,,0,5,,,,,,,,,,,,,,,,,,,,"RECONSTRUCT_BLOCKED: OVERPAY_LIMIT (Op:0.1000 > L:0.0020, Cost:$0.50)",,,,,,,,5.0,0.0,,,,,0,0,,,Inv: 5.0/0.0 CapLeft: 45.0,,,5.0,0.0,5.0,45.0,50.0,0.0,50.0,0.97,0.030000000000000027,5.0,0.48,0.62,0.10000000000000009,5.0,0.5000000000000004,0.002,OVERPAY_LIMIT
1765989094.6155899,eth-updown-15m-1765989000,1765989000.0,1765989900.0,,805.3844101428986,,,,,0,0,0.9,0.98,ORDERS_OPEN,,,,,,,,,,,,,,0,5,,,,,,,,,,,,,,,,,,,,,,,,,,,,0.0,0.0,,,,,0,0,,,Inv: 0.0/0.0 CapLeft: 50.0,,,0.0,0.0,0.0,50.0,50.0,0.0,50.0,0.9,0.09999999999999998,0.0,0.0,0.0,0.0,0.0,0.0,0.0,
1765989096.1166945,eth-updown-15m-1765989000,1765989000.0,1765989900.0,,803.8833055496216,,,,,0,0,0.9,0.98,ORDERS_OPEN,,,,,,,,,,,,,,0,5,,,,,,,,,,,,,,,,,,,,,,,,,,,,0.0,0.0,,,,,0,0,,,Inv: 0.0/0.0 CapLeft: 50.0,,,0.0,0.0,0.0,50.0,50.0,0.0,50.0,0.9,0.09999999999999998,0.0,0.0,0.0,0.0,0.0,0.0,0.0,
1765989095.8811138,eth-updown-15m-1765989000,1765989000.0,1765989900.0,,804.1188862323761,,,,,0,0,0.98,0.98,ONE_LEG_INVENTORY,,,,,,,,,,,,,,0,5,,,,,,,,,,,,,,,,,,,,"RECONSTRUCT_BLOCKED: OVERPAY_LIMIT (Op:0.1000 > L:0.0020, Cost:$0.50)",,,,,,,,5.0,0.0,,,,,0,0,,,Inv: 5.0/0.0 CapLeft: 45.0,,,5.0,0.0,5.0,45.0,50.0,0.0,50.0,0.97,0.030000000000000027,5.0,0.48,0.62,0.10000000000000009,5.0,0.5000000000000004,0.002,OVERPAY_LIMIT
1765989095.8811138,eth-updown-15m-1765989000,1765989000.0,1765989900.0,,804.1188862323761,,,,,0,0,0.98,0.98,ONE_LEG_INVENTORY,,,,,,,,,,,,,,0,5,,,,,,,,,,,,,,,,,,,,"RECONSTRUCT_BLOCKED: OVERPAY_LIMIT (Op:0.1000 > L:0.0020, Cost:$0.50)",,,,,,,,5.0,0.0,,,,,0,0,,,Inv: 5.0/0.0 CapLeft: 45.0,,,5.0,0.0,5.0,45.0,50.0,0.0,50.0,0.97,0.030000000000000027,5.0,0.48,0.62,0.10000000000000009,5.0,0.5000000000000004,0.002,OVERPAY_LIMIT
1765989097.618739,eth-updown-15m-1765989000,1765989000.0,1765989900.0,,802.3812611103058,,,,,0,0,0.9,0.98,ORDERS_OPEN,,,,,,,,,,,,,,0,5,,,,,,,,,,,,,,,,,,,,,,,,,,,,0.0,0.0,,,,,0,0,,,Inv: 0.0/0.0 CapLeft: 50.0,,,0.0,0.0,0.0,50.0,50.0,0.0,50.0,0.9,0.09999999999999998,0.0,0.0,0.0,0.0,0.0,0.0,0.0,
1765989097.8435562,eth-updown-15m-1765989000,1765989000.0,1765989900.0,,802.1564438343048,,,,,0,0,0.99,0.98,ONE_LEG_INVENTORY,,,,,,,,,,,,,,0,5,,,,,,,,,,,,,,,,,,,,"RECONSTRUCT_BLOCKED: OVERPAY_LIMIT (Op:0.1200 > L:0.0020, Cost:$0.60)",,,,,,,,5.0,0.0,,,,,0,0,,,Inv: 5.0/0.0 CapLeft: 45.0,,,5.0,0.0,5.0,45.0,50.0,0.0,50.0,0.97,0.030000000000000027,5.0,0.48,0.64,0.1200000000000001,5.0,0.6000000000000005,0.002,OVERPAY_LIMIT
1765989097.8435562,eth-updown-15m-1765989000,1765989000.0,1765989900.0,,802.1564438343048,,,,,0,0,0.99,0.98,ONE_LEG_INVENTORY,,,,,,,,,,,,,,0,5,,,,,,,,,,,,,,,,,,,,"RECONSTRUCT_BLOCKED: OVERPAY_LIMIT (Op:0.1200 > L:0.0020, Cost:$0.60)",,,,,,,,5.0,0.0,,,,,0,0,,,Inv: 5.0/0.0 CapLeft: 45.0,,,5.0,0.0,5.0,45.0,50.0,0.0,50.0,0.97,0.030000000000000027,5.0,0.48,0.64,0.1200000000000001,5.0,0.6000000000000005,0.002,OVERPAY_LIMIT
1765989099.1196225,eth-updown-15m-1765989000,1765989000.0,1765989900.0,,800.8803775310516,,,,,0,0,0.9,0.98,ORDERS_OPEN,,,,,,,,,,,,,,0,5,,,,,,,,,,,,,,,,,,,,,,,,,,,,0.0,0.0,,,,,0,0,,,Inv: 0.0/0.0 CapLeft: 50.0,,,0.0,0.0,0.0,50.0,50.0,0.0,50.0,0.9,0.09999999999999998,0.0,0.0,0.0,0.0,0.0,0.0,0.0,
1765989099.771509,eth-updown-15m-1765989000,1765989000.0,1765989900.0,,800.2284910678864,,,,,0,0,0.99,0.98,ONE_LEG_INVENTORY,,,,,,,,,,,,,,0,5,,,,,,,,,,,,,,,,,,,,"RECONSTRUCT_BLOCKED: OVERPAY_LIMIT (Op:0.1400 > L:0.0020, Cost:$0.70)",,,,,,,,5.0,0.0,,,,,0,0,,,Inv: 5.0/0.0 CapLeft: 45.0,,,5.0,0.0,5.0,45.0,50.0,0.0,50.0,0.97,0.030000000000000027,5.0,0.48,0.66,0.14000000000000012,5.0,0.7000000000000006,0.002,OVERPAY_LIMIT
1765989099.771509,eth-updown-15m-1765989000,1765989000.0,1765989900.0,,800.2284910678864,,,,,0,0,0.99,0.98,ONE_LEG_INVENTORY,,,,,,,,,,,,,,0,5,,,,,,,,,,,,,,,,,,,,"RECONSTRUCT_BLOCKED: OVERPAY_LIMIT (Op:0.1400 > L:0.0020, Cost:$0.70)",,,,,,,,5.0,0.0,,,,,0,0,,,Inv: 5.0/0.0 CapLeft: 45.0,,,5.0,0.0,5.0,45.0,50.0,0.0,50.0,0.97,0.030000000000000027,5.0,0.48,0.66,0.14000000000000012,5.0,0.7000000000000006,0.002,OVERPAY_LIMIT
1765989102.1216683,eth-updown-15m-1765989000,1765989000.0,1765989900.0,,797.8783316612244,,,,,0.45,0.45,0.9,0.98,ORDERS_OPEN,,,,,,,,,,,,,,5,5,,,,,,,,,,,,,,,,,,,,Leg:BOTH UP:5 DOWN:5,,,,,,,,0.0,0.0,,,,,0,0,,,Inv: 0.0/0.0 CapLeft: 50.0,,,0.0,0.0,0.0,50.0,50.0,0.0,50.0,0.9,0.09999999999999998,0.0,0.0,0.0,0.0,0.0,0.0,0.0,
1765989101.7098763,eth-updown-15m-1765989000,1765989000.0,1765989900.0,,798.2901237010956,,,,,0,0,0.97,0.98,ONE_LEG_INVENTORY,,,,,,,,,,,,,,0,5,,,,,,,,,,,,,,,,,,,,"RECONSTRUCT_BLOCKED: OVERPAY_LIMIT (Op:0.1400 > L:0.0020, Cost:$0.70)",,,,,,,,5.0,0.0,,,,,0,0,,,Inv: 5.0/0.0 CapLeft: 45.0,,,5.0,0.0,5.0,45.0,50.0,0.0,50.0,0.97,0.030000000000000027,5.0,0.48,0.66,0.14000000000000012,5.0,0.7000000000000006,0.002,OVERPAY_LIMIT
1765989101.7098763,eth-updown-15m-1765989000,1765989000.0,1765989900.0,,798.2901237010956,,,,,0,0,0.97,0.98,ONE_LEG_INVENTORY,,,,,,,,,,,,,,0,5,,,,,,,,,,,,,,,,,,,,"RECONSTRUCT_BLOCKED: OVERPAY_LIMIT (Op:0.1400 > L:0.0020, Cost:$0.70)",,,,,,,,5.0,0.0,,,,,0,0,,,Inv: 5.0/0.0 CapLeft: 45.0,,,5.0,0.0,5.0,45.0,50.0,0.0,50.0,0.97,0.030000000000000027,5.0,0.48,0.66,0.14000000000000012,5.0,0.7000000000000006,0.002,OVERPAY_LIMIT
1765989103.6232202,eth-updown-15m-1765989000,1765989000.0,1765989900.0,,796.376779794693,,,,,0,0,0.9,0.98,ORDERS_OPEN,,,,,,,,,,,,,,0,5,,,,,,,,,,,,,,,,,,,,,,,,,,,,0.0,0.0,,,,,0,0,,,Inv: 0.0/0.0 CapLeft: 50.0,,,0.0,0.0,0.0,50.0,50.0,0.0,50.0,0.9,0.09999999999999998,0.0,0.0,0.0,0.0,0.0,0.0,0.0,
1765989103.655038,eth-updown-15m-1765989000,1765989000.0,1765989900.0,,796.3449618816376,,,,,0,0,0.99,0.98,ONE_LEG_INVENTORY,,,,,,,,,,,,,,0,5,,,,,,,,,,,,,,,,,,,,"RECONSTRUCT_BLOCKED: OVERPAY_LIMIT (Op:0.1300 > L:0.0020, Cost:$0.65)",,,,,,,,5.0,0.0,,,,,0,0,,,Inv: 5.0/0.0 CapLeft: 45.0,,,5.0,0.0,5.0,45.0,50.0,0.0,50.0,0.97,0.030000000000000027,5.0,0.48,0.65,0.1299999999999999,5.0,0.6499999999999995,0.002,OVERPAY_LIMIT
1765989103.655038,eth-updown-15m-1765989000,1765989000.0,1765989900.0,,796.3449618816376,,,,,0,0,0.99,0.98,ONE_LEG_INVENTORY,,,,,,,,,,,,,,0,5,,,,,,,,,,,,,,,,,,,,"RECONSTRUCT_BLOCKED: OVERPAY_LIMIT (Op:0.1300 > L:0.0020, Cost:$0.65)",,,,,,,,5.0,0.0,,,,,0,0,,,Inv: 5.0/0.0 CapLeft: 45.0,,,5.0,0.0,5.0,45.0,50.0,0.0,50.0,0.97,0.030000000000000027,5.0,0.48,0.65,0.1299999999999999,5.0,0.6499999999999995,0.002,OVERPAY_LIMIT
1765989105.1243145,eth-updown-15m-1765989000,1765989000.0,1765989900.0,,794.8756854534149,,,,,0,0,0.9,0.98,ORDERS_OPEN,,,,,,,,,,,,,,0,5,,,,,,,,,,,,,,,,,,,,,,,,,,,,0.0,0.0,,,,,0,0,,,Inv: 0.0/0.0 CapLeft: 50.0,,,0.0,0.0,0.0,50.0,50.0,0.0,50.0,0.9,0.09999999999999998,0.0,0.0,0.0,0.0,0.0,0.0,0.0,
1765989105.613415,eth-updown-15m-1765989000,1765989000.0,1765989900.0,,794.3865849971771,,,,,0,0,0.99,0.98,ONE_LEG_INVENTORY,,,,,,,,,,,,,,0,5,,,,,,,,,,,,,,,,,,,,"RECONSTRUCT_BLOCKED: OVERPAY_LIMIT (Op:0.1300 > L:0.0020, Cost:$0.65)",,,,,,,,5.0,0.0,,,,,0,0,,,Inv: 5.0/0.0 CapLeft: 45.0,,,5.0,0.0,5.0,45.0,50.0,0.0,50.0,0.97,0.030000000000000027,5.0,0.48,0.65,0.1299999999999999,5.0,0.6499999999999995,0.002,OVERPAY_LIMIT
1765989105.613415,eth-updown-15m-1765989000,1765989000.0,1765989900.0,,794.3865849971771,,,,,0,0,0.99,0.98,ONE_LEG_INVENTORY,,,,,,,,,,,,,,0,5,,,,,,,,,,,,,,,,,,,,"RECONSTRUCT_BLOCKED: OVERPAY_LIMIT (Op:0.1300 > L:0.0020, Cost:$0.65)",,,,,,,,5.0,0.0,,,,,0,0,,,Inv: 5.0/0.0 CapLeft: 45.0,,,5.0,0.0,5.0,45.0,50.0,0.0,50.0,0.97,0.030000000000000027,5.0,0.48,0.65,0.1299999999999999,5.0,0.6499999999999995,0.002,OVERPAY_LIMIT
1765989106.6256356,eth-updown-15m-1765989000,1765989000.0,1765989900.0,,793.3743643760681,,,,,0,0,0.9,0.98,ORDERS_OPEN,,,,,,,,,,,,,,0,5,,,,,,,,,,,,,,,,,,,,,,,,,,,,0.0,0.0,,,,,0,0,,,Inv: 0.0/0.0 CapLeft: 50.0,,,0.0,0.0,0.0,50.0,50.0,0.0,50.0,0.9,0.09999999999999998,0.0,0.0,0.0,0.0,0.0,0.0,0.0,
1765989107.612232,eth-updown-15m-1765989000,1765989000.0,1765989900.0,,792.3877680301666,,,,,0,0,0.99,0.98,ONE_LEG_INVENTORY,,,,,,,,,,,,,,0,5,,,,,,,,,,,,,,,,,,,,"RECONSTRUCT_BLOCKED: OVERPAY_LIMIT (Op:0.1200 > L:0.0020, Cost:$0.60)",,,,,,,,5.0,0.0,,,,,0,0,,,Inv: 5.0/0.0 CapLeft: 45.0,,,5.0,0.0,5.0,45.0,50.0,0.0,50.0,0.97,0.030000000000000027,5.0,0.48,0.64,0.1200000000000001,5.0,0.6000000000000005,0.002,OVERPAY_LIMIT
1765989107.612232,eth-updown-15m-1765989000,1765989000.0,1765989900.0,,792.3877680301666,,,,,0,0,0.99,0.98,ONE_LEG_INVENTORY,,,,,,,,,,,,,,0,5,,,,,,,,,,,,,,,,,,,,"RECONSTRUCT_BLOCKED: OVERPAY_LIMIT (Op:0.1200 > L:0.0020, Cost:$0.60)",,,,,,,,5.0,0.0,,,,,0,0,,,Inv: 5.0/0.0 CapLeft: 45.0,,,5.0,0.0,5.0,45.0,50.0,0.0,50.0,0.97,0.030000000000000027,5.0,0.48,0.64,0.1200000000000001,5.0,0.6000000000000005,0.002,OVERPAY_LIMIT
1765989108.1271393,eth-updown-15m-1765989000,1765989000.0,1765989900.0,,791.8728606700897,,,,,0,0,0.9,0.98,ORDERS_OPEN,,,,,,,,,,,,,,0,5,,,,,,,,,,,,,,,,,,,,,,,,,,,,0.0,0.0,,,,,0,0,,,Inv: 0.0/0.0 CapLeft: 50.0,,,0.0,0.0,0.0,50.0,50.0,0.0,50.0,0.9,0.09999999999999998,0.0,0.0,0.0,0.0,0.0,0.0,0.0,
1765989109.6285155,eth-updown-15m-1765989000,1765989000.0,1765989900.0,,790.3714845180511,,,,,0,0,0.9,0.98,ORDERS_OPEN,,,,,,,,,,,,,,0,5,,,,,,,,,,,,,,,,,,,,,,,,,,,,0.0,0.0,,,,,0,0,,,Inv: 0.0/0.0 CapLeft: 50.0,,,0.0,0.0,0.0,50.0,50.0,0.0,50.0,0.9,0.09999999999999998,0.0,0.0,0.0,0.0,0.0,0.0,0.0,
1765989109.573689,eth-updown-15m-1765989000,1765989000.0,1765989900.0,,790.4263110160828,,,,,0,0,0.97,0.98,ONE_LEG_INVENTORY,,,,,,,,,,,,,,0,5,,,,,,,,,,,,,,,,,,,,"RECONSTRUCT_BLOCKED: OVERPAY_LIMIT (Op:0.1400 > L:0.0020, Cost:$0.70)",,,,,,,,5.0,0.0,,,,,0,0,,,Inv: 5.0/0.0 CapLeft: 45.0,,,5.0,0.0,5.0,45.0,50.0,0.0,50.0,0.97,0.030000000000000027,5.0,0.48,0.66,0.14000000000000012,5.0,0.7000000000000006,0.002,OVERPAY_LIMIT
1765989109.573689,eth-updown-15m-1765989000,1765989000.0,1765989900.0,,790.4263110160828,,,,,0,0,0.97,0.98,ONE_LEG_INVENTORY,,,,,,,,,,,,,,0,5,,,,,,,,,,,,,,,,,,,,"RECONSTRUCT_BLOCKED: OVERPAY_LIMIT (Op:0.1400 > L:0.0020, Cost:$0.70)",,,,,,,,5.0,0.0,,,,,0,0,,,Inv: 5.0/0.0 CapLeft: 45.0,,,5.0,0.0,5.0,45.0,50.0,0.0,50.0,0.97,0.030000000000000027,5.0,0.48,0.66,0.14000000000000012,5.0,0.7000000000000006,0.002,OVERPAY_LIMIT
1765989111.1300204,eth-updown-15m-1765989000,1765989000.0,1765989900.0,,788.8699796199799,,,,,0,0,0.9,0.98,ORDERS_OPEN,,,,,,,,,,,,,,0,5,,,,,,,,,,,,,,,,,,,,,,,,,,,,0.0,0.0,,,,,0,0,,,Inv: 0.0/0.0 CapLeft: 50.0,,,0.0,0.0,0.0,50.0,50.0,0.0,50.0,0.9,0.09999999999999998,0.0,0.0,0.0,0.0,0.0,0.0,0.0,
1765989111.5519764,eth-updown-15m-1765989000,1765989000.0,1765989900.0,,788.448023557663,,,,,0,0,0.98,0.98,ONE_LEG_INVENTORY,,,,,,,,,,,,,,0,5,,,,,,,,,,,,,,,,,,,,"RECONSTRUCT_BLOCKED: OVERPAY_LIMIT (Op:0.1400 > L:0.0020, Cost:$0.70)",,,,,,,,5.0,0.0,,,,,0,0,,,Inv: 5.0/0.0 CapLeft: 45.0,,,5.0,0.0,5.0,45.0,50.0,0.0,50.0,0.97,0.030000000000000027,5.0,0.48,0.66,0.14000000000000012,5.0,0.7000000000000006,0.002,OVERPAY_LIMIT
1765989111.5519764,eth-updown-15m-1765989000,1765989000.0,1765989900.0,,788.448023557663,,,,,0,0,0.98,0.98,ONE_LEG_INVENTORY,,,,,,,,,,,,,,0,5,,,,,,,,,,,,,,,,,,,,"RECONSTRUCT_BLOCKED: OVERPAY_LIMIT (Op:0.1400 > L:0.0020, Cost:$0.70)",,,,,,,,5.0,0.0,,,,,0,0,,,Inv: 5.0/0.0 CapLeft: 45.0,,,5.0,0.0,5.0,45.0,50.0,0.0,50.0,0.97,0.030000000000000027,5.0,0.48,0.66,0.14000000000000012,5.0,0.7000000000000006,0.002,OVERPAY_LIMIT
1765989112.6317515,eth-updown-15m-1765989000,1765989000.0,1765989900.0,,787.368248462677,,,,,0,0,0.9,0.98,ORDERS_OPEN,,,,,,,,,,,,,,0,5,,,,,,,,,,,,,,,,,,,,,,,,,,,,0.0,0.0,,,,,0,0,,,Inv: 0.0/0.0 CapLeft: 50.0,,,0.0,0.0,0.0,50.0,50.0,0.0,50.0,0.9,0.09999999999999998,0.0,0.0,0.0,0.0,0.0,0.0,0.0,
1765989113.5262253,eth-updown-15m-1765989000,1765989000.0,1765989900.0,,786.4737746715546,,,,,0,0,0.97,0.98,ONE_LEG_INVENTORY,,,,,,,,,,,,,,0,5,,,,,,,,,,,,,,,,,,,,"RECONSTRUCT_BLOCKED: OVERPAY_LIMIT (Op:0.1100 > L:0.0020, Cost:$0.55)",,,,,,,,5.0,0.0,,,,,0,0,,,Inv: 5.0/0.0 CapLeft: 45.0,,,5.0,0.0,5.0,45.0,50.0,0.0,50.0,0.97,0.030000000000000027,5.0,0.48,0.63,0.10999999999999988,5.0,0.5499999999999994,0.002,OVERPAY_LIMIT
1765989113.5262253,eth-updown-15m-1765989000,1765989000.0,1765989900.0,,786.4737746715546,,,,,0,0,0.97,0.98,ONE_LEG_INVENTORY,,,,,,,,,,,,,,0,5,,,,,,,,,,,,,,,,,,,,"RECONSTRUCT_BLOCKED: OVERPAY_LIMIT (Op:0.1100 > L:0.0020, Cost:$0.55)",,,,,,,,5.0,0.0,,,,,0,0,,,Inv: 5.0/0.0 CapLeft: 45.0,,,5.0,0.0,5.0,45.0,50.0,0.0,50.0,0.97,0.030000000000000027,5.0,0.48,0.63,0.10999999999999988,5.0,0.5499999999999994,0.002,OVERPAY_LIMIT
1765989114.133011,eth-updown-15m-1765989000,1765989000.0,1765989900.0,,785.8669888973236,,,,,0,0,0.9,0.98,ORDERS_OPEN,,,,,,,,,,,,,,0,5,,,,,,,,,,,,,,,,,,,,,,,,,,,,0.0,0.0,,,,,0,0,,,Inv: 0.0/0.0 CapLeft: 50.0,,,0.0,0.0,0.0,50.0,50.0,0.0,50.0,0.9,0.09999999999999998,0.0,0.0,0.0,0.0,0.0,0.0,0.0,
1765989115.6343713,eth-updown-15m-1765989000,1765989000.0,1765989900.0,,784.3656287193298,,,,,0,0,0.9,0.98,ORDERS_OPEN,,,,,,,,,,,,,,0,5,,,,,,,,,,,,,,,,,,,,,,,,,,,,0.0,0.0,,,,,0,0,,,Inv: 0.0/0.0 CapLeft: 50.0,,,0.0,0.0,0.0,50.0,50.0,0.0,50.0,0.9,0.09999999999999998,0.0,0.0,0.0,0.0,0.0,0.0,0.0,
1765989115.4565566,eth-updown-15m-1765989000,1765989000.0,1765989900.0,,784.543443441391,,,,,0,0,0.97,0.98,ONE_LEG_INVENTORY,,,,,,,,,,,,,,0,5,,,,,,,,,,,,,,,,,,,,"RECONSTRUCT_BLOCKED: OVERPAY_LIMIT (Op:0.1200 > L:0.0020, Cost:$0.60)",,,,,,,,5.0,0.0,,,,,0,0,,,Inv: 5.0/0.0 CapLeft: 45.0,,,5.0,0.0,5.0,45.0,50.0,0.0,50.0,0.97,0.030000000000000027,5.0,0.48,0.64,0.1200000000000001,5.0,0.6000000000000005,0.002,OVERPAY_LIMIT
1765989115.4565566,eth-updown-15m-1765989000,1765989000.0,1765989900.0,,784.543443441391,,,,,0,0,0.97,0.98,ONE_LEG_INVENTORY,,,,,,,,,,,,,,0,5,,,,,,,,,,,,,,,,,,,,"RECONSTRUCT_BLOCKED: OVERPAY_LIMIT (Op:0.1200 > L:0.0020, Cost:$0.60)",,,,,,,,5.0,0.0,,,,,0,0,,,Inv: 5.0/0.0 CapLeft: 45.0,,,5.0,0.0,5.0,45.0,50.0,0.0,50.0,0.97,0.030000000000000027,5.0,0.48,0.64,0.1200000000000001,5.0,0.6000000000000005,0.002,OVERPAY_LIMIT
1765989117.3851688,eth-updown-15m-1765989000,1765989000.0,1765989900.0,,782.6148312091827,,,,,0,0,0.97,0.98,ONE_LEG_INVENTORY,,,,,,,,,,,,,,0,5,,,,,,,,,,,,,,,,,,,,"RECONSTRUCT_BLOCKED: OVERPAY_LIMIT (Op:0.1100 > L:0.0020, Cost:$0.55)",,,,,,,,5.0,0.0,,,,,0,0,,,Inv: 5.0/0.0 CapLeft: 45.0,,,5.0,0.0,5.0,45.0,50.0,0.0,50.0,0.97,0.030000000000000027,5.0,0.48,0.63,0.10999999999999988,5.0,0.5499999999999994,0.002,OVERPAY_LIMIT
1765989117.3851688,eth-updown-15m-1765989000,1765989000.0,1765989900.0,,782.6148312091827,,,,,0,0,0.97,0.98,ONE_LEG_INVENTORY,,,,,,,,,,,,,,0,5,,,,,,,,,,,,,,,,,,,,"RECONSTRUCT_BLOCKED: OVERPAY_LIMIT (Op:0.1100 > L:0.0020, Cost:$0.55)",,,,,,,,5.0,0.0,,,,,0,0,,,Inv: 5.0/0.0 CapLeft: 45.0,,,5.0,0.0,5.0,45.0,50.0,0.0,50.0,0.97,0.030000000000000027,5.0,0.48,0.63,0.10999999999999988,5.0,0.5499999999999994,0.002,OVERPAY_LIMIT
1765989118.6371944,eth-updown-15m-1765989000,1765989000.0,1765989900.0,,781.3628056049347,,,,,0.45,0.45,0.9,0.98,ORDERS_OPEN,,,,,,,,,,,,,,5,5,,,,,,,,,,,,,,,,,,,,Leg:BOTH UP:5 DOWN:5,,,,,,,,0.0,0.0,,,,,0,0,,,Inv: 0.0/0.0 CapLeft: 50.0,,,0.0,0.0,0.0,50.0,50.0,0.0,50.0,0.9,0.09999999999999998,0.0,0.0,0.0,0.0,0.0,0.0,0.0,
1765989119.3352256,eth-updown-15m-1765989000,1765989000.0,1765989900.0,,780.6647744178772,,,,,0,0,0.99,0.98,ONE_LEG_INVENTORY,,,,,,,,,,,,,,0,5,,,,,,,,,,,,,,,,,,,,"RECONSTRUCT_BLOCKED: OVERPAY_LIMIT (Op:0.1000 > L:0.0020, Cost:$0.50)",,,,,,,,5.0,0.0,,,,,0,0,,,Inv: 5.0/0.0 CapLeft: 45.0,,,5.0,0.0,5.0,45.0,50.0,0.0,50.0,0.97,0.030000000000000027,5.0,0.48,0.62,0.10000000000000009,5.0,0.5000000000000004,0.002,OVERPAY_LIMIT
1765989119.3352256,eth-updown-15m-1765989000,1765989000.0,1765989900.0,,780.6647744178772,,,,,0,0,0.99,0.98,ONE_LEG_INVENTORY,,,,,,,,,,,,,,0,5,,,,,,,,,,,,,,,,,,,,"RECONSTRUCT_BLOCKED: OVERPAY_LIMIT (Op:0.1000 > L:0.0020, Cost:$0.50)",,,,,,,,5.0,0.0,,,,,0,0,,,Inv: 5.0/0.0 CapLeft: 45.0,,,5.0,0.0,5.0,45.0,50.0,0.0,50.0,0.97,0.030000000000000027,5.0,0.48,0.62,0.10000000000000009,5.0,0.5000000000000004,0.002,OVERPAY_LIMIT
1765989120.1392467,eth-updown-15m-1765989000,1765989000.0,1765989900.0,,779.8607532978058,,,,,0,0,0.9,0.98,ORDERS_OPEN,,,,,,,,,,,,,,0,5,,,,,,,,,,,,,,,,,,,,,,,,,,,,0.0,0.0,,,,,0,0,,,Inv: 0.0/0.0 CapLeft: 50.0,,,0.0,0.0,0.0,50.0,50.0,0.0,50.0,0.9,0.09999999999999998,0.0,0.0,0.0,0.0,0.0,0.0,0.0,
1765989121.6407692,eth-updown-15m-1765989000,1765989000.0,1765989900.0,,778.3592307567596,,,,,0,0,0.9,0.98,ORDERS_OPEN,,,,,,,,,,,,,,0,5,,,,,,,,,,,,,,,,,,,,,,,,,,,,0.0,0.0,,,,,0,0,,,Inv: 0.0/0.0 CapLeft: 50.0,,,0.0,0.0,0.0,50.0,50.0,0.0,50.0,0.9,0.09999999999999998,0.0,0.0,0.0,0.0,0.0,0.0,0.0,
1765989121.3142478,eth-updown-15m-1765989000,1765989000.0,1765989900.0,,778.6857521533966,,,,,0,0,0.99,0.98,ONE_LEG_INVENTORY,,,,,,,,,,,,,,0,5,,,,,,,,,,,,,,,,,,,,"RECONSTRUCT_BLOCKED: OVERPAY_LIMIT (Op:0.0900 > L:0.0020, Cost:$0.45)",,,,,,,,5.0,0.0,,,,,0,0,,,Inv: 5.0/0.0 CapLeft: 45.0,,,5.0,0.0,5.0,45.0,50.0,0.0,50.0,0.97,0.030000000000000027,5.0,0.48,0.61,0.08999999999999986,5.0,0.4499999999999993,0.002,OVERPAY_LIMIT
1765989121.3142478,eth-updown-15m-1765989000,1765989000.0,1765989900.0,,778.6857521533966,,,,,0,0,0.99,0.98,ONE_LEG_INVENTORY,,,,,,,,,,,,,,0,5,,,,,,,,,,,,,,,,,,,,"RECONSTRUCT_BLOCKED: OVERPAY_LIMIT (Op:0.0900 > L:0.0020, Cost:$0.45)",,,,,,,,5.0,0.0,,,,,0,0,,,Inv: 5.0/0.0 CapLeft: 45.0,,,5.0,0.0,5.0,45.0,50.0,0.0,50.0,0.97,0.030000000000000027,5.0,0.48,0.61,0.08999999999999986,5.0,0.4499999999999993,0.002,OVERPAY_LIMIT
1765989123.1424873,eth-updown-15m-1765989000,1765989000.0,1765989900.0,,776.8575127124786,,,,,0,0,0.9,0.98,ORDERS_OPEN,,,,,,,,,,,,,,0,5,,,,,,,,,,,,,,,,,,,,,,,,,,,,0.0,0.0,,,,,0,0,,,Inv: 0.0/0.0 CapLeft: 50.0,,,0.0,0.0,0.0,50.0,50.0,0.0,50.0,0.9,0.09999999999999998,0.0,0.0,0.0,0.0,0.0,0.0,0.0,
1765989123.3624663,eth-updown-15m-1765989000,1765989000.0,1765989900.0,,776.6375336647034,,,,,0,0,0.98,0.98,ONE_LEG_INVENTORY,,,,,,,,,,,,,,0,5,,,,,,,,,,,,,,,,,,,,"RECONSTRUCT_BLOCKED: OVERPAY_LIMIT (Op:0.1000 > L:0.0020, Cost:$0.50)",,,,,,,,5.0,0.0,,,,,0,0,,,Inv: 5.0/0.0 CapLeft: 45.0,,,5.0,0.0,5.0,45.0,50.0,0.0,50.0,0.97,0.030000000000000027,5.0,0.48,0.62,0.10000000000000009,5.0,0.5000000000000004,0.002,OVERPAY_LIMIT
1765989123.3624663,eth-updown-15m-1765989000,1765989000.0,1765989900.0,,776.6375336647034,,,,,0,0,0.98,0.98,ONE_LEG_INVENTORY,,,,,,,,,,,,,,0,5,,,,,,,,,,,,,,,,,,,,"RECONSTRUCT_BLOCKED: OVERPAY_LIMIT (Op:0.1000 > L:0.0020, Cost:$0.50)",,,,,,,,5.0,0.0,,,,,0,0,,,Inv: 5.0/0.0 CapLeft: 45.0,,,5.0,0.0,5.0,45.0,50.0,0.0,50.0,0.97,0.030000000000000027,5.0,0.48,0.62,0.10000000000000009,5.0,0.5000000000000004,0.002,OVERPAY_LIMIT
1765989124.6469529,eth-updown-15m-1765989000,1765989000.0,1765989900.0,,775.3530471324921,,,,,0,0,0.9,0.98,ORDERS_OPEN,,,,,,,,,,,,,,0,5,,,,,,,,,,,,,,,,,,,,,,,,,,,,0.0,0.0,,,,,0,0,,,Inv: 0.0/0.0 CapLeft: 50.0,,,0.0,0.0,0.0,50.0,50.0,0.0,50.0,0.9,0.09999999999999998,0.0,0.0,0.0,0.0,0.0,0.0,0.0,
1765989125.327882,eth-updown-15m-1765989000,1765989000.0,1765989900.0,,774.6721179485321,,,,,0,0,0.99,0.98,ONE_LEG_INVENTORY,,,,,,,,,,,,,,0,5,,,,,,,,,,,,,,,,,,,,"RECONSTRUCT_BLOCKED: OVERPAY_LIMIT (Op:0.1300 > L:0.0020, Cost:$0.65)",,,,,,,,5.0,0.0,,,,,0,0,,,Inv: 5.0/0.0 CapLeft: 45.0,,,5.0,0.0,5.0,45.0,50.0,0.0,50.0,0.97,0.030000000000000027,5.0,0.48,0.65,0.1299999999999999,5.0,0.6499999999999995,0.002,OVERPAY_LIMIT
1765989125.327882,eth-updown-15m-1765989000,1765989000.0,1765989900.0,,774.6721179485321,,,,,0,0,0.99,0.98,ONE_LEG_INVENTORY,,,,,,,,,,,,,,0,5,,,,,,,,,,,,,,,,,,,,"RECONSTRUCT_BLOCKED: OVERPAY_LIMIT (Op:0.1300 > L:0.0020, Cost:$0.65)",,,,,,,,5.0,0.0,,,,,0,0,,,Inv: 5.0/0.0 CapLeft: 45.0,,,5.0,0.0,5.0,45.0,50.0,0.0,50.0,0.97,0.030000000000000027,5.0,0.48,0.65,0.1299999999999999,5.0,0.6499999999999995,0.002,OVERPAY_LIMIT
1765989126.148889,eth-updown-15m-1765989000,1765989000.0,1765989900.0,,773.8511109352112,,,,,0,0,0.9,0.98,ORDERS_OPEN,,,,,,,,,,,,,,0,5,,,,,,,,,,,,,,,,,,,,,,,,,,,,0.0,0.0,,,,,0,0,,,Inv: 0.0/0.0 CapLeft: 50.0,,,0.0,0.0,0.0,50.0,50.0,0.0,50.0,0.9,0.09999999999999998,0.0,0.0,0.0,0.0,0.0,0.0,0.0,
1765989127.6506963,eth-updown-15m-1765989000,1765989000.0,1765989900.0,,772.3493037223816,,,,,0,0,0.9,0.98,ORDERS_OPEN,,,,,,,,,,,,,,0,5,,,,,,,,,,,,,,,,,,,,,,,,,,,,0.0,0.0,,,,,0,0,,,Inv: 0.0/0.0 CapLeft: 50.0,,,0.0,0.0,0.0,50.0,50.0,0.0,50.0,0.9,0.09999999999999998,0.0,0.0,0.0,0.0,0.0,0.0,0.0,
1765989127.263963,eth-updown-15m-1765989000,1765989000.0,1765989900.0,,772.7360370159149,,,,,0,0,0.98,0.98,ONE_LEG_INVENTORY,,,,,,,,,,,,,,0,5,,,,,,,,,,,,,,,,,,,,"RECONSTRUCT_BLOCKED: OVERPAY_LIMIT (Op:0.1400 > L:0.0020, Cost:$0.70)",,,,,,,,5.0,0.0,,,,,0,0,,,Inv: 5.0/0.0 CapLeft: 45.0,,,5.0,0.0,5.0,45.0,50.0,0.0,50.0,0.97,0.030000000000000027,5.0,0.48,0.66,0.14000000000000012,5.0,0.7000000000000006,0.002,OVERPAY_LIMIT
1765989127.263963,eth-updown-15m-1765989000,1765989000.0,1765989900.0,,772.7360370159149,,,,,0,0,0.98,0.98,ONE_LEG_INVENTORY,,,,,,,,,,,,,,0,5,,,,,,,,,,,,,,,,,,,,"RECONSTRUCT_BLOCKED: OVERPAY_LIMIT (Op:0.1400 > L:0.0020, Cost:$0.70)",,,,,,,,5.0,0.0,,,,,0,0,,,Inv: 5.0/0.0 CapLeft: 45.0,,,5.0,0.0,5.0,45.0,50.0,0.0,50.0,0.97,0.030000000000000027,5.0,0.48,0.66,0.14000000000000012,5.0,0.7000000000000006,0.002,OVERPAY_LIMIT
1765989129.1524491,eth-updown-15m-1765989000,1765989000.0,1765989900.0,,770.847550868988,,,,,0,0,0.9,0.98,ORDERS_OPEN,,,,,,,,,,,,,,0,5,,,,,,,,,,,,,,,,,,,,,,,,,,,,0.0,0.0,,,,,0,0,,,Inv: 0.0/0.0 CapLeft: 50.0,,,0.0,0.0,0.0,50.0,50.0,0.0,50.0,0.9,0.09999999999999998,0.0,0.0,0.0,0.0,0.0,0.0,0.0,
1765989129.1984768,eth-updown-15m-1765989000,1765989000.0,1765989900.0,,770.8015232086182,,,,,0,0,0.99,0.98,ONE_LEG_INVENTORY,,,,,,,,,,,,,,0,5,,,,,,,,,,,,,,,,,,,,"RECONSTRUCT_BLOCKED: OVERPAY_LIMIT (Op:0.1700 > L:0.0020, Cost:$0.85)",,,,,,,,5.0,0.0,,,,,0,0,,,Inv: 5.0/0.0 CapLeft: 45.0,,,5.0,0.0,5.0,45.0,50.0,0.0,50.0,0.97,0.030000000000000027,5.0,0.48,0.69,0.16999999999999993,5.0,0.8499999999999996,0.002,OVERPAY_LIMIT
1765989129.1984768,eth-updown-15m-1765989000,1765989000.0,1765989900.0,,770.8015232086182,,,,,0,0,0.99,0.98,ONE_LEG_INVENTORY,,,,,,,,,,,,,,0,5,,,,,,,,,,,,,,,,,,,,"RECONSTRUCT_BLOCKED: OVERPAY_LIMIT (Op:0.1700 > L:0.0020, Cost:$0.85)",,,,,,,,5.0,0.0,,,,,0,0,,,Inv: 5.0/0.0 CapLeft: 45.0,,,5.0,0.0,5.0,45.0,50.0,0.0,50.0,0.97,0.030000000000000027,5.0,0.48,0.69,0.16999999999999993,5.0,0.8499999999999996,0.002,OVERPAY_LIMIT
1765989130.6544628,eth-updown-15m-1765989000,1765989000.0,1765989900.0,,769.345537185669,,,,,0,0,0.9,0.98,ORDERS_OPEN,,,,,,,,,,,,,,0,5,,,,,,,,,,,,,,,,,,,,,,,,,,,,0.0,0.0,,,,,0,0,,,Inv: 0.0/0.0 CapLeft: 50.0,,,0.0,0.0,0.0,50.0,50.0,0.0,50.0,0.9,0.09999999999999998,0.0,0.0,0.0,0.0,0.0,0.0,0.0,
1765989131.1248746,eth-updown-15m-1765989000,1765989000.0,1765989900.0,,768.8751254081726,,,,,0,0,0.99,0.98,ONE_LEG_INVENTORY,,,,,,,,,,,,,,0,5,,,,,,,,,,,,,,,,,,,,"RECONSTRUCT_BLOCKED: OVERPAY_LIMIT (Op:0.1800 > L:0.0020, Cost:$0.90)",,,,,,,,5.0,0.0,,,,,0,0,,,Inv: 5.0/0.0 CapLeft: 45.0,,,5.0,0.0,5.0,45.0,50.0,0.0,50.0,0.97,0.030000000000000027,5.0,0.48,0.7,0.17999999999999994,5.0,0.8999999999999997,0.002,OVERPAY_LIMIT
1765989131.1248746,eth-updown-15m-1765989000,1765989000.0,1765989900.0,,768.8751254081726,,,,,0,0,0.99,0.98,ONE_LEG_INVENTORY,,,,,,,,,,,,,,0,5,,,,,,,,,,,,,,,,,,,,"RECONSTRUCT_BLOCKED: OVERPAY_LIMIT (Op:0.1800 > L:0.0020, Cost:$0.90)",,,,,,,,5.0,0.0,,,,,0,0,,,Inv: 5.0/0.0 CapLeft: 45.0,,,5.0,0.0,5.0,45.0,50.0,0.0,50.0,0.97,0.030000000000000027,5.0,0.48,0.7,0.17999999999999994,5.0,0.8999999999999997,0.002,OVERPAY_LIMIT
1765989132.1562765,eth-updown-15m-1765989000,1765989000.0,1765989900.0,,767.8437235355377,,,,,0,0,0.9,0.98,ORDERS_OPEN,,,,,,,,,,,,,,0,5,,,,,,,,,,,,,,,,,,,,,,,,,,,,0.0,0.0,,,,,0,0,,,Inv: 0.0/0.0 CapLeft: 50.0,,,0.0,0.0,0.0,50.0,50.0,0.0,50.0,0.9,0.09999999999999998,0.0,0.0,0.0,0.0,0.0,0.0,0.0,
1765989133.071504,eth-updown-15m-1765989000,1765989000.0,1765989900.0,,766.9284958839417,,,,,0,0,0.98,0.98,ONE_LEG_INVENTORY,,,,,,,,,,,,,,0,5,,,,,,,,,,,,,,,,,,,,"RECONSTRUCT_BLOCKED: OVERPAY_LIMIT (Op:0.1600 > L:0.0020, Cost:$0.80)",,,,,,,,5.0,0.0,,,,,0,0,,,Inv: 5.0/0.0 CapLeft: 45.0,,,5.0,0.0,5.0,45.0,50.0,0.0,50.0,0.97,0.030000000000000027,5.0,0.48,0.68,0.16000000000000014,5.0,0.8000000000000007,0.002,OVERPAY_LIMIT
1765989133.071504,eth-updown-15m-1765989000,1765989000.0,1765989900.0,,766.9284958839417,,,,,0,0,0.98,0.98,ONE_LEG_INVENTORY,,,,,,,,,,,,,,0,5,,,,,,,,,,,,,,,,,,,,"RECONSTRUCT_BLOCKED: OVERPAY_LIMIT (Op:0.1600 > L:0.0020, Cost:$0.80)",,,,,,,,5.0,0.0,,,,,0,0,,,Inv: 5.0/0.0 CapLeft: 45.0,,,5.0,0.0,5.0,45.0,50.0,0.0,50.0,0.97,0.030000000000000027,5.0,0.48,0.68,0.16000000000000014,5.0,0.8000000000000007,0.002,OVERPAY_LIMIT
1765989135.1608453,eth-updown-15m-1765989000,1765989000.0,1765989900.0,,764.8391547203064,,,,,0.45,0.45,0.9,0.98,ORDERS_OPEN,,,,,,,,,,,,,,5,5,,,,,,,,,,,,,,,,,,,,Leg:BOTH UP:5 DOWN:5,,,,,,,,0.0,0.0,,,,,0,0,,,Inv: 0.0/0.0 CapLeft: 50.0,,,0.0,0.0,0.0,50.0,50.0,0.0,50.0,0.9,0.09999999999999998,0.0,0.0,0.0,0.0,0.0,0.0,0.0,
1765989135.0123618,eth-updown-15m-1765989000,1765989000.0,1765989900.0,,764.9876382350922,,,,,0,0,0.98,0.98,ONE_LEG_INVENTORY,,,,,,,,,,,,,,0,5,,,,,,,,,,,,,,,,,,,,"RECONSTRUCT_BLOCKED: OVERPAY_LIMIT (Op:0.1500 > L:0.0020, Cost:$0.75)",,,,,,,,5.0,0.0,,,,,0,0,,,Inv: 5.0/0.0 CapLeft: 45.0,,,5.0,0.0,5.0,45.0,50.0,0.0,50.0,0.97,0.030000000000000027,5.0,0.48,0.67,0.1499999999999999,5.0,0.7499999999999996,0.002,OVERPAY_LIMIT
1765989135.0123618,eth-updown-15m-1765989000,1765989000.0,1765989900.0,,764.9876382350922,,,,,0,0,0.98,0.98,ONE_LEG_INVENTORY,,,,,,,,,,,,,,0,5,,,,,,,,,,,,,,,,,,,,"RECONSTRUCT_BLOCKED: OVERPAY_LIMIT (Op:0.1500 > L:0.0020, Cost:$0.75)",,,,,,,,5.0,0.0,,,,,0,0,,,Inv: 5.0/0.0 CapLeft: 45.0,,,5.0,0.0,5.0,45.0,50.0,0.0,50.0,0.97,0.030000000000000027,5.0,0.48,0.67,0.1499999999999999,5.0,0.7499999999999996,0.002,OVERPAY_LIMIT
1765989136.6623704,eth-updown-15m-1765989000,1765989000.0,1765989900.0,,763.3376295566559,,,,,0,0,0.9,0.98,ORDERS_OPEN,,,,,,,,,,,,,,0,5,,,,,,,,,,,,,,,,,,,,,,,,,,,,0.0,0.0,,,,,0,0,,,Inv: 0.0/0.0 CapLeft: 50.0,,,0.0,0.0,0.0,50.0,50.0,0.0,50.0,0.9,0.09999999999999998,0.0,0.0,0.0,0.0,0.0,0.0,0.0,
1765989136.981419,eth-updown-15m-1765989000,1765989000.0,1765989900.0,,763.0185809135437,,,,,0,0,0.97,0.98,ONE_LEG_INVENTORY,,,,,,,,,,,,,,0,5,,,,,,,,,,,,,,,,,,,,"RECONSTRUCT_BLOCKED: OVERPAY_LIMIT (Op:0.1300 > L:0.0020, Cost:$0.65)",,,,,,,,5.0,0.0,,,,,0,0,,,Inv: 5.0/0.0 CapLeft: 45.0,,,5.0,0.0,5.0,45.0,50.0,0.0,50.0,0.97,0.030000000000000027,5.0,0.48,0.65,0.1299999999999999,5.0,0.6499999999999995,0.002,OVERPAY_LIMIT
1765989136.981419,eth-updown-15m-1765989000,1765989000.0,1765989900.0,,763.0185809135437,,,,,0,0,0.97,0.98,ONE_LEG_INVENTORY,,,,,,,,,,,,,,0,5,,,,,,,,,,,,,,,,,,,,"RECONSTRUCT_BLOCKED: OVERPAY_LIMIT (Op:0.1300 > L:0.0020, Cost:$0.65)",,,,,,,,5.0,0.0,,,,,0,0,,,Inv: 5.0/0.0 CapLeft: 45.0,,,5.0,0.0,5.0,45.0,50.0,0.0,50.0,0.97,0.030000000000000027,5.0,0.48,0.65,0.1299999999999999,5.0,0.6499999999999995,0.002,OVERPAY_LIMIT
1765989138.1635587,eth-updown-15m-1765989000,1765989000.0,1765989900.0,,761.8364412784576,,,,,0,0,0.9,0.98,ORDERS_OPEN,,,,,,,,,,,,,,0,5,,,,,,,,,,,,,,,,,,,,,,,,,,,,0.0,0.0,,,,,0,0,,,Inv: 0.0/0.0 CapLeft: 50.0,,,0.0,0.0,0.0,50.0,50.0,0.0,50.0,0.9,0.09999999999999998,0.0,0.0,0.0,0.0,0.0,0.0,0.0,
1765989138.9143474,eth-updown-15m-1765989000,1765989000.0,1765989900.0,,761.085652589798,,,,,0,0,0.99,0.98,ONE_LEG_INVENTORY,,,,,,,,,,,,,,0,5,,,,,,,,,,,,,,,,,,,,"RECONSTRUCT_BLOCKED: OVERPAY_LIMIT (Op:0.1300 > L:0.0020, Cost:$0.65)",,,,,,,,5.0,0.0,,,,,0,0,,,Inv: 5.0/0.0 CapLeft: 45.0,,,5.0,0.0,5.0,45.0,50.0,0.0,50.0,0.97,0.030000000000000027,5.0,0.48,0.65,0.1299999999999999,5.0,0.6499999999999995,0.002,OVERPAY_LIMIT
1765989138.9143474,eth-updown-15m-1765989000,1765989000.0,1765989900.0,,761.085652589798,,,,,0,0,0.99,0.98,ONE_LEG_INVENTORY,,,,,,,,,,,,,,0,5,,,,,,,,,,,,,,,,,,,,"RECONSTRUCT_BLOCKED: OVERPAY_LIMIT (Op:0.1300 > L:0.0020, Cost:$0.65)",,,,,,,,5.0,0.0,,,,,0,0,,,Inv: 5.0/0.0 CapLeft: 45.0,,,5.0,0.0,5.0,45.0,50.0,0.0,50.0,0.97,0.030000000000000027,5.0,0.48,0.65,0.1299999999999999,5.0,0.6499999999999995,0.002,OVERPAY_LIMIT
1765989139.6654882,eth-updown-15m-1765989000,1765989000.0,1765989900.0,,760.334511756897,,,,,0,0,0.9,0.98,ORDERS_OPEN,,,,,,,,,,,,,,0,5,,,,,,,,,,,,,,,,,,,,,,,,,,,,0.0,0.0,,,,,0,0,,,Inv: 0.0/0.0 CapLeft: 50.0,,,0.0,0.0,0.0,50.0,50.0,0.0,50.0,0.9,0.09999999999999998,0.0,0.0,0.0,0.0,0.0,0.0,0.0,
1765989141.1673114,eth-updown-15m-1765989000,1765989000.0,1765989900.0,,758.8326885700226,,,,,0,0,0.9,0.98,ORDERS_OPEN,,,,,,,,,,,,,,0,5,,,,,,,,,,,,,,,,,,,,,,,,,,,,0.0,0.0,,,,,0,0,,,Inv: 0.0/0.0 CapLeft: 50.0,,,0.0,0.0,0.0,50.0,50.0,0.0,50.0,0.9,0.09999999999999998,0.0,0.0,0.0,0.0,0.0,0.0,0.0,
1765989140.8786278,eth-updown-15m-1765989000,1765989000.0,1765989900.0,,759.1213722229004,,,,,0,0,0.99,0.98,ONE_LEG_INVENTORY,,,,,,,,,,,,,,0,5,,,,,,,,,,,,,,,,,,,,"RECONSTRUCT_BLOCKED: OVERPAY_LIMIT (Op:0.1400 > L:0.0020, Cost:$0.70)",,,,,,,,5.0,0.0,,,,,0,0,,,Inv: 5.0/0.0 CapLeft: 45.0,,,5.0,0.0,5.0,45.0,50.0,0.0,50.0,0.97,0.030000000000000027,5.0,0.48,0.66,0.14000000000000012,5.0,0.7000000000000006,0.002,OVERPAY_LIMIT
1765989140.8786278,eth-updown-15m-1765989000,1765989000.0,1765989900.0,,759.1213722229004,,,,,0,0,0.99,0.98,ONE_LEG_INVENTORY,,,,,,,,,,,,,,0,5,,,,,,,,,,,,,,,,,,,,"RECONSTRUCT_BLOCKED: OVERPAY_LIMIT (Op:0.1400 > L:0.0020, Cost:$0.70)",,,,,,,,5.0,0.0,,,,,0,0,,,Inv: 5.0/0.0 CapLeft: 45.0,,,5.0,0.0,5.0,45.0,50.0,0.0,50.0,0.97,0.030000000000000027,5.0,0.48,0.66,0.14000000000000012,5.0,0.7000000000000006,0.002,OVERPAY_LIMIT
1765989142.668586,eth-updown-15m-1765989000,1765989000.0,1765989900.0,,757.3314139842987,,,,,0,0,0.9,0.98,ORDERS_OPEN,,,,,,,,,,,,,,0,5,,,,,,,,,,,,,,,,,,,,,,,,,,,,0.0,0.0,,,,,0,0,,,Inv: 0.0/0.0 CapLeft: 50.0,,,0.0,0.0,0.0,50.0,50.0,0.0,50.0,0.9,0.09999999999999998,0.0,0.0,0.0,0.0,0.0,0.0,0.0,
1765989142.9444406,eth-updown-15m-1765989000,1765989000.0,1765989900.0,,757.0555593967438,,,,,0,0,0.98,0.98,ONE_LEG_INVENTORY,,,,,,,,,,,,,,0,5,,,,,,,,,,,,,,,,,,,,"RECONSTRUCT_BLOCKED: OVERPAY_LIMIT (Op:0.1500 > L:0.0020, Cost:$0.75)",,,,,,,,5.0,0.0,,,,,0,0,,,Inv: 5.0/0.0 CapLeft: 45.0,,,5.0,0.0,5.0,45.0,50.0,0.0,50.0,0.97,0.030000000000000027,5.0,0.48,0.67,0.1499999999999999,5.0,0.7499999999999996,0.002,OVERPAY_LIMIT
1765989142.9444406,eth-updown-15m-1765989000,1765989000.0,1765989900.0,,757.0555593967438,,,,,0,0,0.98,0.98,ONE_LEG_INVENTORY,,,,,,,,,,,,,,0,5,,,,,,,,,,,,,,,,,,,,"RECONSTRUCT_BLOCKED: OVERPAY_LIMIT (Op:0.1500 > L:0.0020, Cost:$0.75)",,,,,,,,5.0,0.0,,,,,0,0,,,Inv: 5.0/0.0 CapLeft: 45.0,,,5.0,0.0,5.0,45.0,50.0,0.0,50.0,0.97,0.030000000000000027,5.0,0.48,0.67,0.1499999999999999,5.0,0.7499999999999996,0.002,OVERPAY_LIMIT
1765989144.1704879,eth-updown-15m-1765989000,1765989000.0,1765989900.0,,755.8295121192932,,,,,0,0,0.9,0.98,ORDERS_OPEN,,,,,,,,,,,,,,0,5,,,,,,,,,,,,,,,,,,,,,,,,,,,,0.0,0.0,,,,,0,0,,,Inv: 0.0/0.0 CapLeft: 50.0,,,0.0,0.0,0.0,50.0,50.0,0.0,50.0,0.9,0.09999999999999998,0.0,0.0,0.0,0.0,0.0,0.0,0.0,
1765989144.9151235,eth-updown-15m-1765989000,1765989000.0,1765989900.0,,755.084876537323,,,,,0,0,0.99,0.98,ONE_LEG_INVENTORY,,,,,,,,,,,,,,0,5,,,,,,,,,,,,,,,,,,,,"RECONSTRUCT_BLOCKED: OVERPAY_LIMIT (Op:0.1200 > L:0.0020, Cost:$0.60)",,,,,,,,5.0,0.0,,,,,0,0,,,Inv: 5.0/0.0 CapLeft: 45.0,,,5.0,0.0,5.0,45.0,50.0,0.0,50.0,0.97,0.030000000000000027,5.0,0.48,0.64,0.1200000000000001,5.0,0.6000000000000005,0.002,OVERPAY_LIMIT
1765989144.9151235,eth-updown-15m-1765989000,1765989000.0,1765989900.0,,755.084876537323,,,,,0,0,0.99,0.98,ONE_LEG_INVENTORY,,,,,,,,,,,,,,0,5,,,,,,,,,,,,,,,,,,,,"RECONSTRUCT_BLOCKED: OVERPAY_LIMIT (Op:0.1200 > L:0.0020, Cost:$0.60)",,,,,,,,5.0,0.0,,,,,0,0,,,Inv: 5.0/0.0 CapLeft: 45.0,,,5.0,0.0,5.0,45.0,50.0,0.0,50.0,0.97,0.030000000000000027,5.0,0.48,0.64,0.1200000000000001,5.0,0.6000000000000005,0.002,OVERPAY_LIMIT
1765989145.6724348,eth-updown-15m-1765989000,1765989000.0,1765989900.0,,754.3275651931763,,,,,0,0,0.9,0.98,ORDERS_OPEN,,,,,,,,,,,,,,0,5,,,,,,,,,,,,,,,,,,,,,,,,,,,,0.0,0.0,,,,,0,0,,,Inv: 0.0/0.0 CapLeft: 50.0,,,0.0,0.0,0.0,50.0,50.0,0.0,50.0,0.9,0.09999999999999998,0.0,0.0,0.0,0.0,0.0,0.0,0.0,
1765989147.1739614,eth-updown-15m-1765989000,1765989000.0,1765989900.0,,752.8260385990143,,,,,0,0,0.9,0.98,ORDERS_OPEN,,,,,,,,,,,,,,0,5,,,,,,,,,,,,,,,,,,,,,,,,,,,,0.0,0.0,,,,,0,0,,,Inv: 0.0/0.0 CapLeft: 50.0,,,0.0,0.0,0.0,50.0,50.0,0.0,50.0,0.9,0.09999999999999998,0.0,0.0,0.0,0.0,0.0,0.0,0.0,
1765989146.8816528,eth-updown-15m-1765989000,1765989000.0,1765989900.0,,753.1183471679688,,,,,0,0,0.98,0.98,ONE_LEG_INVENTORY,,,,,,,,,,,,,,0,5,,,,,,,,,,,,,,,,,,,,"RECONSTRUCT_BLOCKED: OVERPAY_LIMIT (Op:0.1200 > L:0.0020, Cost:$0.60)",,,,,,,,5.0,0.0,,,,,0,0,,,Inv: 5.0/0.0 CapLeft: 45.0,,,5.0,0.0,5.0,45.0,50.0,0.0,50.0,0.97,0.030000000000000027,5.0,0.48,0.64,0.1200000000000001,5.0,0.6000000000000005,0.002,OVERPAY_LIMIT
1765989146.8816528,eth-updown-15m-1765989000,1765989000.0,1765989900.0,,753.1183471679688,,,,,0,0,0.98,0.98,ONE_LEG_INVENTORY,,,,,,,,,,,,,,0,5,,,,,,,,,,,,,,,,,,,,"RECONSTRUCT_BLOCKED: OVERPAY_LIMIT (Op:0.1200 > L:0.0020, Cost:$0.60)",,,,,,,,5.0,0.0,,,,,0,0,,,Inv: 5.0/0.0 CapLeft: 45.0,,,5.0,0.0,5.0,45.0,50.0,0.0,50.0,0.97,0.030000000000000027,5.0,0.48,0.64,0.1200000000000001,5.0,0.6000000000000005,0.002,OVERPAY_LIMIT
1765989148.6754527,eth-updown-15m-1765989000,1765989000.0,1765989900.0,,751.324547290802,,,,,0,0,0.9,0.98,ORDERS_OPEN,,,,,,,,,,,,,,0,5,,,,,,,,,,,,,,,,,,,,,,,,,,,,0.0,0.0,,,,,0,0,,,Inv: 0.0/0.0 CapLeft: 50.0,,,0.0,0.0,0.0,50.0,50.0,0.0,50.0,0.9,0.09999999999999998,0.0,0.0,0.0,0.0,0.0,0.0,0.0,
1765989148.8200297,eth-updown-15m-1765989000,1765989000.0,1765989900.0,,751.1799702644348,,,,,0,0,0.99,0.98,ONE_LEG_INVENTORY,,,,,,,,,,,,,,0,5,,,,,,,,,,,,,,,,,,,,"RECONSTRUCT_BLOCKED: OVERPAY_LIMIT (Op:0.0700 > L:0.0020, Cost:$0.35)",,,,,,,,5.0,0.0,,,,,0,0,,,Inv: 5.0/0.0 CapLeft: 45.0,,,5.0,0.0,5.0,45.0,50.0,0.0,50.0,0.97,0.030000000000000027,5.0,0.48,0.59,0.06999999999999984,5.0,0.3499999999999992,0.002,OVERPAY_LIMIT
1765989148.8200297,eth-updown-15m-1765989000,1765989000.0,1765989900.0,,751.1799702644348,,,,,0,0,0.99,0.98,ONE_LEG_INVENTORY,,,,,,,,,,,,,,0,5,,,,,,,,,,,,,,,,,,,,"RECONSTRUCT_BLOCKED: OVERPAY_LIMIT (Op:0.0700 > L:0.0020, Cost:$0.35)",,,,,,,,5.0,0.0,,,,,0,0,,,Inv: 5.0/0.0 CapLeft: 45.0,,,5.0,0.0,5.0,45.0,50.0,0.0,50.0,0.97,0.030000000000000027,5.0,0.48,0.59,0.06999999999999984,5.0,0.3499999999999992,0.002,OVERPAY_LIMIT
1765989150.7437725,eth-updown-15m-1765989000,1765989000.0,1765989900.0,,749.2562274932861,,,,,0,0,0.98,0.98,ONE_LEG_INVENTORY,,,,,,,,,,,,,,0,5,,,,,,,,,,,,,,,,,,,,"RECONSTRUCT_BLOCKED: OVERPAY_LIMIT (Op:0.1000 > L:0.0020, Cost:$0.50)",,,,,,,,5.0,0.0,,,,,0,0,,,Inv: 5.0/0.0 CapLeft: 45.0,,,5.0,0.0,5.0,45.0,50.0,0.0,50.0,0.97,0.030000000000000027,5.0,0.48,0.62,0.10000000000000009,5.0,0.5000000000000004,0.002,OVERPAY_LIMIT
1765989150.7437725,eth-updown-15m-1765989000,1765989000.0,1765989900.0,,749.2562274932861,,,,,0,0,0.98,0.98,ONE_LEG_INVENTORY,,,,,,,,,,,,,,0,5,,,,,,,,,,,,,,,,,,,,"RECONSTRUCT_BLOCKED: OVERPAY_LIMIT (Op:0.1000 > L:0.0020, Cost:$0.50)",,,,,,,,5.0,0.0,,,,,0,0,,,Inv: 5.0/0.0 CapLeft: 45.0,,,5.0,0.0,5.0,45.0,50.0,0.0,50.0,0.97,0.030000000000000027,5.0,0.48,0.62,0.10000000000000009,5.0,0.5000000000000004,0.002,OVERPAY_LIMIT
1765989151.6778924,eth-updown-15m-1765989000,1765989000.0,1765989900.0,,748.322107553482,,,,,0.45,0.45,0.9,0.98,ORDERS_OPEN,,,,,,,,,,,,,,5,5,,,,,,,,,,,,,,,,,,,,Leg:BOTH UP:5 DOWN:5,,,,,,,,0.0,0.0,,,,,0,0,,,Inv: 0.0/0.0 CapLeft: 50.0,,,0.0,0.0,0.0,50.0,50.0,0.0,50.0,0.9,0.09999999999999998,0.0,0.0,0.0,0.0,0.0,0.0,0.0,
1765989153.1795926,eth-updown-15m-1765989000,1765989000.0,1765989900.0,,746.8204073905945,,,,,0,0,0.9,0.98,ORDERS_OPEN,,,,,,,,,,,,,,0,5,,,,,,,,,,,,,,,,,,,,,,,,,,,,0.0,0.0,,,,,0,0,,,Inv: 0.0/0.0 CapLeft: 50.0,,,0.0,0.0,0.0,50.0,50.0,0.0,50.0,0.9,0.09999999999999998,0.0,0.0,0.0,0.0,0.0,0.0,0.0,
1765989152.7276413,eth-updown-15m-1765989000,1765989000.0,1765989900.0,,747.2723586559296,,,,,0,0,0.99,0.98,ONE_LEG_INVENTORY,,,,,,,,,,,,,,0,5,,,,,,,,,,,,,,,,,,,,"RECONSTRUCT_BLOCKED: OVERPAY_LIMIT (Op:0.1100 > L:0.0020, Cost:$0.55)",,,,,,,,5.0,0.0,,,,,0,0,,,Inv: 5.0/0.0 CapLeft: 45.0,,,5.0,0.0,5.0,45.0,50.0,0.0,50.0,0.97,0.030000000000000027,5.0,0.48,0.63,0.10999999999999988,5.0,0.5499999999999994,0.002,OVERPAY_LIMIT
1765989152.7276413,eth-updown-15m-1765989000,1765989000.0,1765989900.0,,747.2723586559296,,,,,0,0,0.99,0.98,ONE_LEG_INVENTORY,,,,,,,,,,,,,,0,5,,,,,,,,,,,,,,,,,,,,"RECONSTRUCT_BLOCKED: OVERPAY_LIMIT (Op:0.1100 > L:0.0020, Cost:$0.55)",,,,,,,,5.0,0.0,,,,,0,0,,,Inv: 5.0/0.0 CapLeft: 45.0,,,5.0,0.0,5.0,45.0,50.0,0.0,50.0,0.97,0.030000000000000027,5.0,0.48,0.63,0.10999999999999988,5.0,0.5499999999999994,0.002,OVERPAY_LIMIT
1765989154.6820297,eth-updown-15m-1765989000,1765989000.0,1765989900.0,,745.3179702758789,,,,,0,0,0.9,0.98,ORDERS_OPEN,,,,,,,,,,,,,,0,5,,,,,,,,,,,,,,,,,,,,,,,,,,,,0.0,0.0,,,,,0,0,,,Inv: 0.0/0.0 CapLeft: 50.0,,,0.0,0.0,0.0,50.0,50.0,0.0,50.0,0.9,0.09999999999999998,0.0,0.0,0.0,0.0,0.0,0.0,0.0,
1765989154.8274632,eth-updown-15m-1765989000,1765989000.0,1765989900.0,,745.1725368499756,,,,,0,0,0.98,0.98,ONE_LEG_INVENTORY,,,,,,,,,,,,,,0,5,,,,,,,,,,,,,,,,,,,,"RECONSTRUCT_BLOCKED: OVERPAY_LIMIT (Op:0.1200 > L:0.0020, Cost:$0.60)",,,,,,,,5.0,0.0,,,,,0,0,,,Inv: 5.0/0.0 CapLeft: 45.0,,,5.0,0.0,5.0,45.0,50.0,0.0,50.0,0.97,0.030000000000000027,5.0,0.48,0.64,0.1200000000000001,5.0,0.6000000000000005,0.002,OVERPAY_LIMIT
1765989154.8274632,eth-updown-15m-1765989000,1765989000.0,1765989900.0,,745.1725368499756,,,,,0,0,0.98,0.98,ONE_LEG_INVENTORY,,,,,,,,,,,,,,0,5,,,,,,,,,,,,,,,,,,,,"RECONSTRUCT_BLOCKED: OVERPAY_LIMIT (Op:0.1200 > L:0.0020, Cost:$0.60)",,,,,,,,5.0,0.0,,,,,0,0,,,Inv: 5.0/0.0 CapLeft: 45.0,,,5.0,0.0,5.0,45.0,50.0,0.0,50.0,0.97,0.030000000000000027,5.0,0.48,0.64,0.1200000000000001,5.0,0.6000000000000005,0.002,OVERPAY_LIMIT
1765989156.1837668,eth-updown-15m-1765989000,1765989000.0,1765989900.0,,743.8162331581116,,,,,0,0,0.9,0.98,ORDERS_OPEN,,,,,,,,,,,,,,0,5,,,,,,,,,,,,,,,,,,,,,,,,,,,,0.0,0.0,,,,,0,0,,,Inv: 0.0/0.0 CapLeft: 50.0,,,0.0,0.0,0.0,50.0,50.0,0.0,50.0,0.9,0.09999999999999998,0.0,0.0,0.0,0.0,0.0,0.0,0.0,
1765989156.7458322,eth-updown-15m-1765989000,1765989000.0,1765989900.0,,743.2541677951813,,,,,0,0,0.99,0.98,ONE_LEG_INVENTORY,,,,,,,,,,,,,,0,5,,,,,,,,,,,,,,,,,,,,"RECONSTRUCT_BLOCKED: OVERPAY_LIMIT (Op:0.1300 > L:0.0020, Cost:$0.65)",,,,,,,,5.0,0.0,,,,,0,0,,,Inv: 5.0/0.0 CapLeft: 45.0,,,5.0,0.0,5.0,45.0,50.0,0.0,50.0,0.97,0.030000000000000027,5.0,0.48,0.65,0.1299999999999999,5.0,0.6499999999999995,0.002,OVERPAY_LIMIT
1765989156.7458322,eth-updown-15m-1765989000,1765989000.0,1765989900.0,,743.2541677951813,,,,,0,0,0.99,0.98,ONE_LEG_INVENTORY,,,,,,,,,,,,,,0,5,,,,,,,,,,,,,,,,,,,,"RECONSTRUCT_BLOCKED: OVERPAY_LIMIT (Op:0.1300 > L:0.0020, Cost:$0.65)",,,,,,,,5.0,0.0,,,,,0,0,,,Inv: 5.0/0.0 CapLeft: 45.0,,,5.0,0.0,5.0,45.0,50.0,0.0,50.0,0.97,0.030000000000000027,5.0,0.48,0.65,0.1299999999999999,5.0,0.6499999999999995,0.002,OVERPAY_LIMIT
1765989157.6849802,eth-updown-15m-1765989000,1765989000.0,1765989900.0,,742.3150198459625,,,,,0,0,0.9,0.98,ORDERS_OPEN,,,,,,,,,,,,,,0,5,,,,,,,,,,,,,,,,,,,,,,,,,,,,0.0,0.0,,,,,0,0,,,Inv: 0.0/0.0 CapLeft: 50.0,,,0.0,0.0,0.0,50.0,50.0,0.0,50.0,0.9,0.09999999999999998,0.0,0.0,0.0,0.0,0.0,0.0,0.0,
1765989158.6715894,eth-updown-15m-1765989000,1765989000.0,1765989900.0,,741.3284106254578,,,,,0,0,0.97,0.98,ONE_LEG_INVENTORY,,,,,,,,,,,,,,0,5,,,,,,,,,,,,,,,,,,,,"RECONSTRUCT_BLOCKED: OVERPAY_LIMIT (Op:0.1100 > L:0.0020, Cost:$0.55)",,,,,,,,5.0,0.0,,,,,0,0,,,Inv: 5.0/0.0 CapLeft: 45.0,,,5.0,0.0,5.0,45.0,50.0,0.0,50.0,0.97,0.030000000000000027,5.0,0.48,0.63,0.10999999999999988,5.0,0.5499999999999994,0.002,OVERPAY_LIMIT
1765989158.6715894,eth-updown-15m-1765989000,1765989000.0,1765989900.0,,741.3284106254578,,,,,0,0,0.97,0.98,ONE_LEG_INVENTORY,,,,,,,,,,,,,,0,5,,,,,,,,,,,,,,,,,,,,"RECONSTRUCT_BLOCKED: OVERPAY_LIMIT (Op:0.1100 > L:0.0020, Cost:$0.55)",,,,,,,,5.0,0.0,,,,,0,0,,,Inv: 5.0/0.0 CapLeft: 45.0,,,5.0,0.0,5.0,45.0,50.0,0.0,50.0,0.97,0.030000000000000027,5.0,0.48,0.63,0.10999999999999988,5.0,0.5499999999999994,0.002,OVERPAY_LIMIT
1765989159.188133,eth-updown-15m-1765989000,1765989000.0,1765989900.0,,740.8118669986725,,,,,0,0,0.9,0.98,ORDERS_OPEN,,,,,,,,,,,,,,0,5,,,,,,,,,,,,,,,,,,,,,,,,,,,,0.0,0.0,,,,,0,0,,,Inv: 0.0/0.0 CapLeft: 50.0,,,0.0,0.0,0.0,50.0,50.0,0.0,50.0,0.9,0.09999999999999998,0.0,0.0,0.0,0.0,0.0,0.0,0.0,
1765989160.6893127,eth-updown-15m-1765989000,1765989000.0,1765989900.0,,739.3106873035431,,,,,0,0,0.9,0.98,ORDERS_OPEN,,,,,,,,,,,,,,0,5,,,,,,,,,,,,,,,,,,,,,,,,,,,,0.0,0.0,,,,,0,0,,,Inv: 0.0/0.0 CapLeft: 50.0,,,0.0,0.0,0.0,50.0,50.0,0.0,50.0,0.9,0.09999999999999998,0.0,0.0,0.0,0.0,0.0,0.0,0.0,
1765989160.606102,eth-updown-15m-1765989000,1765989000.0,1765989900.0,,739.3938980102539,,,,,0,0,0.99,0.98,ONE_LEG_INVENTORY,,,,,,,,,,,,,,0,5,,,,,,,,,,,,,,,,,,,,"RECONSTRUCT_BLOCKED: OVERPAY_LIMIT (Op:0.1400 > L:0.0020, Cost:$0.70)",,,,,,,,5.0,0.0,,,,,0,0,,,Inv: 5.0/0.0 CapLeft: 45.0,,,5.0,0.0,5.0,45.0,50.0,0.0,50.0,0.97,0.030000000000000027,5.0,0.48,0.66,0.14000000000000012,5.0,0.7000000000000006,0.002,OVERPAY_LIMIT
1765989160.606102,eth-updown-15m-1765989000,1765989000.0,1765989900.0,,739.3938980102539,,,,,0,0,0.99,0.98,ONE_LEG_INVENTORY,,,,,,,,,,,,,,0,5,,,,,,,,,,,,,,,,,,,,"RECONSTRUCT_BLOCKED: OVERPAY_LIMIT (Op:0.1400 > L:0.0020, Cost:$0.70)",,,,,,,,5.0,0.0,,,,,0,0,,,Inv: 5.0/0.0 CapLeft: 45.0,,,5.0,0.0,5.0,45.0,50.0,0.0,50.0,0.97,0.030000000000000027,5.0,0.48,0.66,0.14000000000000012,5.0,0.7000000000000006,0.002,OVERPAY_LIMIT
1765989162.1907735,eth-updown-15m-1765989000,1765989000.0,1765989900.0,,737.8092265129089,,,,,0,0,0.9,0.98,ORDERS_OPEN,,,,,,,,,,,,,,0,5,,,,,,,,,,,,,,,,,,,,,,,,,,,,0.0,0.0,,,,,0,0,,,Inv: 0.0/0.0 CapLeft: 50.0,,,0.0,0.0,0.0,50.0,50.0,0.0,50.0,0.9,0.09999999999999998,0.0,0.0,0.0,0.0,0.0,0.0,0.0,
1765989162.5478094,eth-updown-15m-1765989000,1765989000.0,1765989900.0,,737.4521906375885,,,,,0,0,0.98,0.98,ONE_LEG_INVENTORY,,,,,,,,,,,,,,0,5,,,,,,,,,,,,,,,,,,,,"RECONSTRUCT_BLOCKED: OVERPAY_LIMIT (Op:0.1100 > L:0.0020, Cost:$0.55)",,,,,,,,5.0,0.0,,,,,0,0,,,Inv: 5.0/0.0 CapLeft: 45.0,,,5.0,0.0,5.0,45.0,50.0,0.0,50.0,0.97,0.030000000000000027,5.0,0.48,0.63,0.10999999999999988,5.0,0.5499999999999994,0.002,OVERPAY_LIMIT
1765989162.5478094,eth-updown-15m-1765989000,1765989000.0,1765989900.0,,737.4521906375885,,,,,0,0,0.98,0.98,ONE_LEG_INVENTORY,,,,,,,,,,,,,,0,5,,,,,,,,,,,,,,,,,,,,"RECONSTRUCT_BLOCKED: OVERPAY_LIMIT (Op:0.1100 > L:0.0020, Cost:$0.55)",,,,,,,,5.0,0.0,,,,,0,0,,,Inv: 5.0/0.0 CapLeft: 45.0,,,5.0,0.0,5.0,45.0,50.0,0.0,50.0,0.97,0.030000000000000027,5.0,0.48,0.63,0.10999999999999988,5.0,0.5499999999999994,0.002,OVERPAY_LIMIT
1765989163.6922894,eth-updown-15m-1765989000,1765989000.0,1765989900.0,,736.307710647583,,,,,0,0,0.9,0.98,ORDERS_OPEN,,,,,,,,,,,,,,0,5,,,,,,,,,,,,,,,,,,,,,,,,,,,,0.0,0.0,,,,,0,0,,,Inv: 0.0/0.0 CapLeft: 50.0,,,0.0,0.0,0.0,50.0,50.0,0.0,50.0,0.9,0.09999999999999998,0.0,0.0,0.0,0.0,0.0,0.0,0.0,
1765989164.5337365,eth-updown-15m-1765989000,1765989000.0,1765989900.0,,735.4662635326385,,,,,0,0,0.99,0.98,ONE_LEG_INVENTORY,,,,,,,,,,,,,,0,5,,,,,,,,,,,,,,,,,,,,"RECONSTRUCT_BLOCKED: OVERPAY_LIMIT (Op:0.1400 > L:0.0020, Cost:$0.70)",,,,,,,,5.0,0.0,,,,,0,0,,,Inv: 5.0/0.0 CapLeft: 45.0,,,5.0,0.0,5.0,45.0,50.0,0.0,50.0,0.97,0.030000000000000027,5.0,0.48,0.66,0.14000000000000012,5.0,0.7000000000000006,0.002,OVERPAY_LIMIT
1765989164.5337365,eth-updown-15m-1765989000,1765989000.0,1765989900.0,,735.4662635326385,,,,,0,0,0.99,0.98,ONE_LEG_INVENTORY,,,,,,,,,,,,,,0,5,,,,,,,,,,,,,,,,,,,,"RECONSTRUCT_BLOCKED: OVERPAY_LIMIT (Op:0.1400 > L:0.0020, Cost:$0.70)",,,,,,,,5.0,0.0,,,,,0,0,,,Inv: 5.0/0.0 CapLeft: 45.0,,,5.0,0.0,5.0,45.0,50.0,0.0,50.0,0.97,0.030000000000000027,5.0,0.48,0.66,0.14000000000000012,5.0,0.7000000000000006,0.002,OVERPAY_LIMIT
1765989165.1938753,eth-updown-15m-1765989000,1765989000.0,1765989900.0,,734.8061246871948,,,,,0,0,0.9,0.98,ORDERS_OPEN,,,,,,,,,,,,,,0,5,,,,,,,,,,,,,,,,,,,,,,,,,,,,0.0,0.0,,,,,0,0,,,Inv: 0.0/0.0 CapLeft: 50.0,,,0.0,0.0,0.0,50.0,50.0,0.0,50.0,0.9,0.09999999999999998,0.0,0.0,0.0,0.0,0.0,0.0,0.0,
1765989166.469953,eth-updown-15m-1765989000,1765989000.0,1765989900.0,,733.5300469398499,,,,,0,0,0.99,0.98,ONE_LEG_INVENTORY,,,,,,,,,,,,,,0,5,,,,,,,,,,,,,,,,,,,,"RECONSTRUCT_BLOCKED: OVERPAY_LIMIT (Op:0.1600 > L:0.0020, Cost:$0.80)",,,,,,,,5.0,0.0,,,,,0,0,,,Inv: 5.0/0.0 CapLeft: 45.0,,,5.0,0.0,5.0,45.0,50.0,0.0,50.0,0.97,0.030000000000000027,5.0,0.48,0.68,0.16000000000000014,5.0,0.8000000000000007,0.002,OVERPAY_LIMIT
1765989166.469953,eth-updown-15m-1765989000,1765989000.0,1765989900.0,,733.5300469398499,,,,,0,0,0.99,0.98,ONE_LEG_INVENTORY,,,,,,,,,,,,,,0,5,,,,,,,,,,,,,,,,,,,,"RECONSTRUCT_BLOCKED: OVERPAY_LIMIT (Op:0.1600 > L:0.0020, Cost:$0.80)",,,,,,,,5.0,0.0,,,,,0,0,,,Inv: 5.0/0.0 CapLeft: 45.0,,,5.0,0.0,5.0,45.0,50.0,0.0,50.0,0.97,0.030000000000000027,5.0,0.48,0.68,0.16000000000000014,5.0,0.8000000000000007,0.002,OVERPAY_LIMIT
1765989168.1983435,eth-updown-15m-1765989000,1765989000.0,1765989900.0,,731.8016564846039,,,,,0.45,0.45,0.9,0.98,ORDERS_OPEN,,,,,,,,,,,,,,5,5,,,,,,,,,,,,,,,,,,,,Leg:BOTH UP:5 DOWN:5,,,,,,,,0.0,0.0,,,,,0,0,,,Inv: 0.0/0.0 CapLeft: 50.0,,,0.0,0.0,0.0,50.0,50.0,0.0,50.0,0.9,0.09999999999999998,0.0,0.0,0.0,0.0,0.0,0.0,0.0,
1765989168.4241784,eth-updown-15m-1765989000,1765989000.0,1765989900.0,,731.5758216381073,,,,,0,0,0.98,0.98,ONE_LEG_INVENTORY,,,,,,,,,,,,,,0,5,,,,,,,,,,,,,,,,,,,,"RECONSTRUCT_BLOCKED: OVERPAY_LIMIT (Op:0.1600 > L:0.0020, Cost:$0.80)",,,,,,,,5.0,0.0,,,,,0,0,,,Inv: 5.0/0.0 CapLeft: 45.0,,,5.0,0.0,5.0,45.0,50.0,0.0,50.0,0.97,0.030000000000000027,5.0,0.48,0.68,0.16000000000000014,5.0,0.8000000000000007,0.002,OVERPAY_LIMIT
1765989168.4241784,eth-updown-15m-1765989000,1765989000.0,1765989900.0,,731.5758216381073,,,,,0,0,0.98,0.98,ONE_LEG_INVENTORY,,,,,,,,,,,,,,0,5,,,,,,,,,,,,,,,,,,,,"RECONSTRUCT_BLOCKED: OVERPAY_LIMIT (Op:0.1600 > L:0.0020, Cost:$0.80)",,,,,,,,5.0,0.0,,,,,0,0,,,Inv: 5.0/0.0 CapLeft: 45.0,,,5.0,0.0,5.0,45.0,50.0,0.0,50.0,0.97,0.030000000000000027,5.0,0.48,0.68,0.16000000000000014,5.0,0.8000000000000007,0.002,OVERPAY_LIMIT
1765989169.7002866,eth-updown-15m-1765989000,1765989000.0,1765989900.0,,730.2997133731842,,,,,0,0,0.9,0.98,ORDERS_OPEN,,,,,,,,,,,,,,0,5,,,,,,,,,,,,,,,,,,,,,,,,,,,,0.0,0.0,,,,,0,0,,,Inv: 0.0/0.0 CapLeft: 50.0,,,0.0,0.0,0.0,50.0,50.0,0.0,50.0,0.9,0.09999999999999998,0.0,0.0,0.0,0.0,0.0,0.0,0.0,
1765989170.3485003,eth-updown-15m-1765989000,1765989000.0,1765989900.0,,729.65149974823,,,,,0,0,0.98,0.98,ONE_LEG_INVENTORY,,,,,,,,,,,,,,0,5,,,,,,,,,,,,,,,,,,,,"RECONSTRUCT_BLOCKED: OVERPAY_LIMIT (Op:0.1600 > L:0.0020, Cost:$0.80)",,,,,,,,5.0,0.0,,,,,0,0,,,Inv: 5.0/0.0 CapLeft: 45.0,,,5.0,0.0,5.0,45.0,50.0,0.0,50.0,0.97,0.030000000000000027,5.0,0.48,0.68,0.16000000000000014,5.0,0.8000000000000007,0.002,OVERPAY_LIMIT
1765989170.3485003,eth-updown-15m-1765989000,1765989000.0,1765989900.0,,729.65149974823,,,,,0,0,0.98,0.98,ONE_LEG_INVENTORY,,,,,,,,,,,,,,0,5,,,,,,,,,,,,,,,,,,,,"RECONSTRUCT_BLOCKED: OVERPAY_LIMIT (Op:0.1600 > L:0.0020, Cost:$0.80)",,,,,,,,5.0,0.0,,,,,0,0,,,Inv: 5.0/0.0 CapLeft: 45.0,,,5.0,0.0,5.0,45.0,50.0,0.0,50.0,0.97,0.030000000000000027,5.0,0.48,0.68,0.16000000000000014,5.0,0.8000000000000007,0.002,OVERPAY_LIMIT
1765989171.2018127,eth-updown-15m-1765989000,1765989000.0,1765989900.0,,728.7981872558594,,,,,0,0,0.9,0.98,ORDERS_OPEN,,,,,,,,,,,,,,0,5,,,,,,,,,,,,,,,,,,,,,,,,,,,,0.0,0.0,,,,,0,0,,,Inv: 0.0/0.0 CapLeft: 50.0,,,0.0,0.0,0.0,50.0,50.0,0.0,50.0,0.9,0.09999999999999998,0.0,0.0,0.0,0.0,0.0,0.0,0.0,
1765989172.7032905,eth-updown-15m-1765989000,1765989000.0,1765989900.0,,727.2967095375061,,,,,0,0,0.9,0.98,ORDERS_OPEN,,,,,,,,,,,,,,0,5,,,,,,,,,,,,,,,,,,,,,,,,,,,,0.0,0.0,,,,,0,0,,,Inv: 0.0/0.0 CapLeft: 50.0,,,0.0,0.0,0.0,50.0,50.0,0.0,50.0,0.9,0.09999999999999998,0.0,0.0,0.0,0.0,0.0,0.0,0.0,
1765989172.2816079,eth-updown-15m-1765989000,1765989000.0,1765989900.0,,727.7183921337128,,,,,0,0,0.98,0.98,ONE_LEG_INVENTORY,,,,,,,,,,,,,,0,5,,,,,,,,,,,,,,,,,,,,"RECONSTRUCT_BLOCKED: OVERPAY_LIMIT (Op:0.1700 > L:0.0020, Cost:$0.85)",,,,,,,,5.0,0.0,,,,,0,0,,,Inv: 5.0/0.0 CapLeft: 45.0,,,5.0,0.0,5.0,45.0,50.0,0.0,50.0,0.97,0.030000000000000027,5.0,0.48,0.69,0.16999999999999993,5.0,0.8499999999999996,0.002,OVERPAY_LIMIT
1765989172.2816079,eth-updown-15m-1765989000,1765989000.0,1765989900.0,,727.7183921337128,,,,,0,0,0.98,0.98,ONE_LEG_INVENTORY,,,,,,,,,,,,,,0,5,,,,,,,,,,,,,,,,,,,,"RECONSTRUCT_BLOCKED: OVERPAY_LIMIT (Op:0.1700 > L:0.0020, Cost:$0.85)",,,,,,,,5.0,0.0,,,,,0,0,,,Inv: 5.0/0.0 CapLeft: 45.0,,,5.0,0.0,5.0,45.0,50.0,0.0,50.0,0.97,0.030000000000000027,5.0,0.48,0.69,0.16999999999999993,5.0,0.8499999999999996,0.002,OVERPAY_LIMIT
1765989174.2055771,eth-updown-15m-1765989000,1765989000.0,1765989900.0,,725.7944228649139,,,,,0,0,0.9,0.98,ORDERS_OPEN,,,,,,,,,,,,,,0,5,,,,,,,,,,,,,,,,,,,,,,,,,,,,0.0,0.0,,,,,0,0,,,Inv: 0.0/0.0 CapLeft: 50.0,,,0.0,0.0,0.0,50.0,50.0,0.0,50.0,0.9,0.09999999999999998,0.0,0.0,0.0,0.0,0.0,0.0,0.0,
1765989174.2170122,eth-updown-15m-1765989000,1765989000.0,1765989900.0,,725.7829878330231,,,,,0,0,0.97,0.98,ONE_LEG_INVENTORY,,,,,,,,,,,,,,0,5,,,,,,,,,,,,,,,,,,,,"RECONSTRUCT_BLOCKED: OVERPAY_LIMIT (Op:0.1600 > L:0.0020, Cost:$0.80)",,,,,,,,5.0,0.0,,,,,0,0,,,Inv: 5.0/0.0 CapLeft: 45.0,,,5.0,0.0,5.0,45.0,50.0,0.0,50.0,0.97,0.030000000000000027,5.0,0.48,0.68,0.16000000000000014,5.0,0.8000000000000007,0.002,OVERPAY_LIMIT
1765989174.2170122,eth-updown-15m-1765989000,1765989000.0,1765989900.0,,725.7829878330231,,,,,0,0,0.97,0.98,ONE_LEG_INVENTORY,,,,,,,,,,,,,,0,5,,,,,,,,,,,,,,,,,,,,"RECONSTRUCT_BLOCKED: OVERPAY_LIMIT (Op:0.1600 > L:0.0020, Cost:$0.80)",,,,,,,,5.0,0.0,,,,,0,0,,,Inv: 5.0/0.0 CapLeft: 45.0,,,5.0,0.0,5.0,45.0,50.0,0.0,50.0,0.97,0.030000000000000027,5.0,0.48,0.68,0.16000000000000014,5.0,0.8000000000000007,0.002,OVERPAY_LIMIT
1765989175.7079804,eth-updown-15m-1765989000,1765989000.0,1765989900.0,,724.2920196056366,,,,,0,0,0.9,0.98,ORDERS_OPEN,,,,,,,,,,,,,,0,5,,,,,,,,,,,,,,,,,,,,,,,,,,,,0.0,0.0,,,,,0,0,,,Inv: 0.0/0.0 CapLeft: 50.0,,,0.0,0.0,0.0,50.0,50.0,0.0,50.0,0.9,0.09999999999999998,0.0,0.0,0.0,0.0,0.0,0.0,0.0,
1765989176.168349,eth-updown-15m-1765989000,1765989000.0,1765989900.0,,723.8316509723663,,,,,0,0,0.98,0.98,ONE_LEG_INVENTORY,,,,,,,,,,,,,,0,5,,,,,,,,,,,,,,,,,,,,"RECONSTRUCT_BLOCKED: OVERPAY_LIMIT (Op:0.1800 > L:0.0020, Cost:$0.90)",,,,,,,,5.0,0.0,,,,,0,0,,,Inv: 5.0/0.0 CapLeft: 45.0,,,5.0,0.0,5.0,45.0,50.0,0.0,50.0,0.97,0.030000000000000027,5.0,0.48,0.7,0.17999999999999994,5.0,0.8999999999999997,0.002,OVERPAY_LIMIT
1765989176.168349,eth-updown-15m-1765989000,1765989000.0,1765989900.0,,723.8316509723663,,,,,0,0,0.98,0.98,ONE_LEG_INVENTORY,,,,,,,,,,,,,,0,5,,,,,,,,,,,,,,,,,,,,"RECONSTRUCT_BLOCKED: OVERPAY_LIMIT (Op:0.1800 > L:0.0020, Cost:$0.90)",,,,,,,,5.0,0.0,,,,,0,0,,,Inv: 5.0/0.0 CapLeft: 45.0,,,5.0,0.0,5.0,45.0,50.0,0.0,50.0,0.97,0.030000000000000027,5.0,0.48,0.7,0.17999999999999994,5.0,0.8999999999999997,0.002,OVERPAY_LIMIT
1765989177.2102149,eth-updown-15m-1765989000,1765989000.0,1765989900.0,,722.7897851467133,,,,,0,0,0.9,0.98,ORDERS_OPEN,,,,,,,,,,,,,,0,5,,,,,,,,,,,,,,,,,,,,,,,,,,,,0.0,0.0,,,,,0,0,,,Inv: 0.0/0.0 CapLeft: 50.0,,,0.0,0.0,0.0,50.0,50.0,0.0,50.0,0.9,0.09999999999999998,0.0,0.0,0.0,0.0,0.0,0.0,0.0,
1765989178.1015491,eth-updown-15m-1765989000,1765989000.0,1765989900.0,,721.8984508514404,,,,,0,0,0.98,0.98,ONE_LEG_INVENTORY,,,,,,,,,,,,,,0,5,,,,,,,,,,,,,,,,,,,,"RECONSTRUCT_BLOCKED: OVERPAY_LIMIT (Op:0.1600 > L:0.0020, Cost:$0.80)",,,,,,,,5.0,0.0,,,,,0,0,,,Inv: 5.0/0.0 CapLeft: 45.0,,,5.0,0.0,5.0,45.0,50.0,0.0,50.0,0.97,0.030000000000000027,5.0,0.48,0.68,0.16000000000000014,5.0,0.8000000000000007,0.002,OVERPAY_LIMIT
1765989178.1015491,eth-updown-15m-1765989000,1765989000.0,1765989900.0,,721.8984508514404,,,,,0,0,0.98,0.98,ONE_LEG_INVENTORY,,,,,,,,,,,,,,0,5,,,,,,,,,,,,,,,,,,,,"RECONSTRUCT_BLOCKED: OVERPAY_LIMIT (Op:0.1600 > L:0.0020, Cost:$0.80)",,,,,,,,5.0,0.0,,,,,0,0,,,Inv: 5.0/0.0 CapLeft: 45.0,,,5.0,0.0,5.0,45.0,50.0,0.0,50.0,0.97,0.030000000000000027,5.0,0.48,0.68,0.16000000000000014,5.0,0.8000000000000007,0.002,OVERPAY_LIMIT
1765989178.7115436,eth-updown-15m-1765989000,1765989000.0,1765989900.0,,721.2884564399719,,,,,0,0,0.9,0.98,ORDERS_OPEN,,,,,,,,,,,,,,0,5,,,,,,,,,,,,,,,,,,,,,,,,,,,,0.0,0.0,,,,,0,0,,,Inv: 0.0/0.0 CapLeft: 50.0,,,0.0,0.0,0.0,50.0,50.0,0.0,50.0,0.9,0.09999999999999998,0.0,0.0,0.0,0.0,0.0,0.0,0.0,
1765989180.213708,eth-updown-15m-1765989000,1765989000.0,1765989900.0,,719.7862920761108,,,,,0,0,0.9,0.98,ORDERS_OPEN,,,,,,,,,,,,,,0,5,,,,,,,,,,,,,,,,,,,,,,,,,,,,0.0,0.0,,,,,0,0,,,Inv: 0.0/0.0 CapLeft: 50.0,,,0.0,0.0,0.0,50.0,50.0,0.0,50.0,0.9,0.09999999999999998,0.0,0.0,0.0,0.0,0.0,0.0,0.0,
1765989180.0404096,eth-updown-15m-1765989000,1765989000.0,1765989900.0,,719.9595904350281,,,,,0,0,0.96,0.98,ONE_LEG_INVENTORY,,,,,,,,,,,,,,0,5,,,,,,,,,,,,,,,,,,,,"RECONSTRUCT_BLOCKED: OVERPAY_LIMIT (Op:0.1700 > L:0.0020, Cost:$0.85)",,,,,,,,5.0,0.0,,,,,0,0,,,Inv: 5.0/0.0 CapLeft: 45.0,,,5.0,0.0,5.0,45.0,50.0,0.0,50.0,0.97,0.030000000000000027,5.0,0.48,0.69,0.16999999999999993,5.0,0.8499999999999996,0.002,OVERPAY_LIMIT
1765989180.0404096,eth-updown-15m-1765989000,1765989000.0,1765989900.0,,719.9595904350281,,,,,0,0,0.96,0.98,ONE_LEG_INVENTORY,,,,,,,,,,,,,,0,5,,,,,,,,,,,,,,,,,,,,"RECONSTRUCT_BLOCKED: OVERPAY_LIMIT (Op:0.1700 > L:0.0020, Cost:$0.85)",,,,,,,,5.0,0.0,,,,,0,0,,,Inv: 5.0/0.0 CapLeft: 45.0,,,5.0,0.0,5.0,45.0,50.0,0.0,50.0,0.97,0.030000000000000027,5.0,0.48,0.69,0.16999999999999993,5.0,0.8499999999999996,0.002,OVERPAY_LIMIT
1765989181.716097,eth-updown-15m-1765989000,1765989000.0,1765989900.0,,718.2839028835297,,,,,0,0,0.9,0.98,ORDERS_OPEN,,,,,,,,,,,,,,0,5,,,,,,,,,,,,,,,,,,,,,,,,,,,,0.0,0.0,,,,,0,0,,,Inv: 0.0/0.0 CapLeft: 50.0,,,0.0,0.0,0.0,50.0,50.0,0.0,50.0,0.9,0.09999999999999998,0.0,0.0,0.0,0.0,0.0,0.0,0.0,
1765989181.9867733,eth-updown-15m-1765989000,1765989000.0,1765989900.0,,718.0132267475128,,,,,0,0,0.99,0.98,ONE_LEG_INVENTORY,,,,,,,,,,,,,,0,5,,,,,,,,,,,,,,,,,,,,"RECONSTRUCT_BLOCKED: OVERPAY_LIMIT (Op:0.2000 > L:0.0020, Cost:$1.00)",,,,,,,,5.0,0.0,,,,,0,0,,,Inv: 5.0/0.0 CapLeft: 45.0,,,5.0,0.0,5.0,45.0,50.0,0.0,50.0,0.97,0.030000000000000027,5.0,0.48,0.72,0.19999999999999996,5.0,0.9999999999999998,0.002,OVERPAY_LIMIT
1765989181.9867733,eth-updown-15m-1765989000,1765989000.0,1765989900.0,,718.0132267475128,,,,,0,0,0.99,0.98,ONE_LEG_INVENTORY,,,,,,,,,,,,,,0,5,,,,,,,,,,,,,,,,,,,,"RECONSTRUCT_BLOCKED: OVERPAY_LIMIT (Op:0.2000 > L:0.0020, Cost:$1.00)",,,,,,,,5.0,0.0,,,,,0,0,,,Inv: 5.0/0.0 CapLeft: 45.0,,,5.0,0.0,5.0,45.0,50.0,0.0,50.0,0.97,0.030000000000000027,5.0,0.48,0.72,0.19999999999999996,5.0,0.9999999999999998,0.002,OVERPAY_LIMIT
1765989183.9952128,eth-updown-15m-1765989000,1765989000.0,1765989900.0,,716.0047872066498,,,,,0,0,0.97,0.98,ONE_LEG_INVENTORY,,,,,,,,,,,,,,0,5,,,,,,,,,,,,,,,,,,,,"RECONSTRUCT_BLOCKED: OVERPAY_LIMIT (Op:0.1900 > L:0.0020, Cost:$0.95)",,,,,,,,5.0,0.0,,,,,0,0,,,Inv: 5.0/0.0 CapLeft: 45.0,,,5.0,0.0,5.0,45.0,50.0,0.0,50.0,0.97,0.030000000000000027,5.0,0.48,0.71,0.18999999999999995,5.0,0.9499999999999997,0.002,OVERPAY_LIMIT
1765989183.9952128,eth-updown-15m-1765989000,1765989000.0,1765989900.0,,716.0047872066498,,,,,0,0,0.97,0.98,ONE_LEG_INVENTORY,,,,,,,,,,,,,,0,5,,,,,,,,,,,,,,,,,,,,"RECONSTRUCT_BLOCKED: OVERPAY_LIMIT (Op:0.1900 > L:0.0020, Cost:$0.95)",,,,,,,,5.0,0.0,,,,,0,0,,,Inv: 5.0/0.0 CapLeft: 45.0,,,5.0,0.0,5.0,45.0,50.0,0.0,50.0,0.97,0.030000000000000027,5.0,0.48,0.71,0.18999999999999995,5.0,0.9499999999999997,0.002,OVERPAY_LIMIT
1765989184.7182078,eth-updown-15m-1765989000,1765989000.0,1765989900.0,,715.2817921638489,,,,,0.45,0.45,0.9,0.98,ORDERS_OPEN,,,,,,,,,,,,,,5,5,,,,,,,,,,,,,,,,,,,,Leg:BOTH UP:5 DOWN:5,,,,,,,,0.0,0.0,,,,,0,0,,,Inv: 0.0/0.0 CapLeft: 50.0,,,0.0,0.0,0.0,50.0,50.0,0.0,50.0,0.9,0.09999999999999998,0.0,0.0,0.0,0.0,0.0,0.0,0.0,
1765989186.2196555,eth-updown-15m-1765989000,1765989000.0,1765989900.0,,713.7803444862366,,,,,0,0,0.9,0.98,ORDERS_OPEN,,,,,,,,,,,,,,0,5,,,,,,,,,,,,,,,,,,,,,,,,,,,,0.0,0.0,,,,,0,0,,,Inv: 0.0/0.0 CapLeft: 50.0,,,0.0,0.0,0.0,50.0,50.0,0.0,50.0,0.9,0.09999999999999998,0.0,0.0,0.0,0.0,0.0,0.0,0.0,
1765989185.9421132,eth-updown-15m-1765989000,1765989000.0,1765989900.0,,714.057886838913,,,,,0,0,0.99,0.98,ONE_LEG_INVENTORY,,,,,,,,,,,,,,0,5,,,,,,,,,,,,,,,,,,,,"RECONSTRUCT_BLOCKED: OVERPAY_LIMIT (Op:0.1700 > L:0.0020, Cost:$0.85)",,,,,,,,5.0,0.0,,,,,0,0,,,Inv: 5.0/0.0 CapLeft: 45.0,,,5.0,0.0,5.0,45.0,50.0,0.0,50.0,0.97,0.030000000000000027,5.0,0.48,0.69,0.16999999999999993,5.0,0.8499999999999996,0.002,OVERPAY_LIMIT
1765989185.9421132,eth-updown-15m-1765989000,1765989000.0,1765989900.0,,714.057886838913,,,,,0,0,0.99,0.98,ONE_LEG_INVENTORY,,,,,,,,,,,,,,0,5,,,,,,,,,,,,,,,,,,,,"RECONSTRUCT_BLOCKED: OVERPAY_LIMIT (Op:0.1700 > L:0.0020, Cost:$0.85)",,,,,,,,5.0,0.0,,,,,0,0,,,Inv: 5.0/0.0 CapLeft: 45.0,,,5.0,0.0,5.0,45.0,50.0,0.0,50.0,0.97,0.030000000000000027,5.0,0.48,0.69,0.16999999999999993,5.0,0.8499999999999996,0.002,OVERPAY_LIMIT
1765989187.7209184,eth-updown-15m-1765989000,1765989000.0,1765989900.0,,712.2790815830231,,,,,0,0,0.9,0.98,ORDERS_OPEN,,,,,,,,,,,,,,0,5,,,,,,,,,,,,,,,,,,,,,,,,,,,,0.0,0.0,,,,,0,0,,,Inv: 0.0/0.0 CapLeft: 50.0,,,0.0,0.0,0.0,50.0,50.0,0.0,50.0,0.9,0.09999999999999998,0.0,0.0,0.0,0.0,0.0,0.0,0.0,
1765989187.9340932,eth-updown-15m-1765989000,1765989000.0,1765989900.0,,712.0659067630768,,,,,0,0,0.98,0.98,ONE_LEG_INVENTORY,,,,,,,,,,,,,,0,5,,,,,,,,,,,,,,,,,,,,"RECONSTRUCT_BLOCKED: OVERPAY_LIMIT (Op:0.1500 > L:0.0020, Cost:$0.75)",,,,,,,,5.0,0.0,,,,,0,0,,,Inv: 5.0/0.0 CapLeft: 45.0,,,5.0,0.0,5.0,45.0,50.0,0.0,50.0,0.97,0.030000000000000027,5.0,0.48,0.67,0.1499999999999999,5.0,0.7499999999999996,0.002,OVERPAY_LIMIT
1765989187.9340932,eth-updown-15m-1765989000,1765989000.0,1765989900.0,,712.0659067630768,,,,,0,0,0.98,0.98,ONE_LEG_INVENTORY,,,,,,,,,,,,,,0,5,,,,,,,,,,,,,,,,,,,,"RECONSTRUCT_BLOCKED: OVERPAY_LIMIT (Op:0.1500 > L:0.0020, Cost:$0.75)",,,,,,,,5.0,0.0,,,,,0,0,,,Inv: 5.0/0.0 CapLeft: 45.0,,,5.0,0.0,5.0,45.0,50.0,0.0,50.0,0.97,0.030000000000000027,5.0,0.48,0.67,0.1499999999999999,5.0,0.7499999999999996,0.002,OVERPAY_LIMIT
1765989189.2224693,eth-updown-15m-1765989000,1765989000.0,1765989900.0,,710.777530670166,,,,,0,0,0.9,0.98,ORDERS_OPEN,,,,,,,,,,,,,,0,5,,,,,,,,,,,,,,,,,,,,,,,,,,,,0.0,0.0,,,,,0,0,,,Inv: 0.0/0.0 CapLeft: 50.0,,,0.0,0.0,0.0,50.0,50.0,0.0,50.0,0.9,0.09999999999999998,0.0,0.0,0.0,0.0,0.0,0.0,0.0,
1765989189.9157956,eth-updown-15m-1765989000,1765989000.0,1765989900.0,,710.0842044353485,,,,,0,0,0.99,0.98,ONE_LEG_INVENTORY,,,,,,,,,,,,,,0,5,,,,,,,,,,,,,,,,,,,,"RECONSTRUCT_BLOCKED: OVERPAY_LIMIT (Op:0.1700 > L:0.0020, Cost:$0.85)",,,,,,,,5.0,0.0,,,,,0,0,,,Inv: 5.0/0.0 CapLeft: 45.0,,,5.0,0.0,5.0,45.0,50.0,0.0,50.0,0.97,0.030000000000000027,5.0,0.48,0.69,0.16999999999999993,5.0,0.8499999999999996,0.002,OVERPAY_LIMIT
1765989189.9157956,eth-updown-15m-1765989000,1765989000.0,1765989900.0,,710.0842044353485,,,,,0,0,0.99,0.98,ONE_LEG_INVENTORY,,,,,,,,,,,,,,0,5,,,,,,,,,,,,,,,,,,,,"RECONSTRUCT_BLOCKED: OVERPAY_LIMIT (Op:0.1700 > L:0.0020, Cost:$0.85)",,,,,,,,5.0,0.0,,,,,0,0,,,Inv: 5.0/0.0 CapLeft: 45.0,,,5.0,0.0,5.0,45.0,50.0,0.0,50.0,0.97,0.030000000000000027,5.0,0.48,0.69,0.16999999999999993,5.0,0.8499999999999996,0.002,OVERPAY_LIMIT
1765989190.7237194,eth-updown-15m-1765989000,1765989000.0,1765989900.0,,709.2762806415558,,,,,0,0,0.9,0.98,ORDERS_OPEN,,,,,,,,,,,,,,0,5,,,,,,,,,,,,,,,,,,,,,,,,,,,,0.0,0.0,,,,,0,0,,,Inv: 0.0/0.0 CapLeft: 50.0,,,0.0,0.0,0.0,50.0,50.0,0.0,50.0,0.9,0.09999999999999998,0.0,0.0,0.0,0.0,0.0,0.0,0.0,
1765989192.2264464,eth-updown-15m-1765989000,1765989000.0,1765989900.0,,707.773553609848,,,,,0,0,0.9,0.98,ORDERS_OPEN,,,,,,,,,,,,,,0,5,,,,,,,,,,,,,,,,,,,,,,,,,,,,0.0,0.0,,,,,0,0,,,Inv: 0.0/0.0 CapLeft: 50.0,,,0.0,0.0,0.0,50.0,50.0,0.0,50.0,0.9,0.09999999999999998,0.0,0.0,0.0,0.0,0.0,0.0,0.0,
1765989191.8590302,eth-updown-15m-1765989000,1765989000.0,1765989900.0,,708.1409697532654,,,,,0,0,0.99,0.98,ONE_LEG_INVENTORY,,,,,,,,,,,,,,0,5,,,,,,,,,,,,,,,,,,,,"RECONSTRUCT_BLOCKED: OVERPAY_LIMIT (Op:0.1700 > L:0.0020, Cost:$0.85)",,,,,,,,5.0,0.0,,,,,0,0,,,Inv: 5.0/0.0 CapLeft: 45.0,,,5.0,0.0,5.0,45.0,50.0,0.0,50.0,0.97,0.030000000000000027,5.0,0.48,0.69,0.16999999999999993,5.0,0.8499999999999996,0.002,OVERPAY_LIMIT
1765989191.8590302,eth-updown-15m-1765989000,1765989000.0,1765989900.0,,708.1409697532654,,,,,0,0,0.99,0.98,ONE_LEG_INVENTORY,,,,,,,,,,,,,,0,5,,,,,,,,,,,,,,,,,,,,"RECONSTRUCT_BLOCKED: OVERPAY_LIMIT (Op:0.1700 > L:0.0020, Cost:$0.85)",,,,,,,,5.0,0.0,,,,,0,0,,,Inv: 5.0/0.0 CapLeft: 45.0,,,5.0,0.0,5.0,45.0,50.0,0.0,50.0,0.97,0.030000000000000027,5.0,0.48,0.69,0.16999999999999993,5.0,0.8499999999999996,0.002,OVERPAY_LIMIT
1765989193.7284281,eth-updown-15m-1765989000,1765989000.0,1765989900.0,,706.2715718746185,,,,,0,0,0.9,0.98,ORDERS_OPEN,,,,,,,,,,,,,,0,5,,,,,,,,,,,,,,,,,,,,,,,,,,,,0.0,0.0,,,,,0,0,,,Inv: 0.0/0.0 CapLeft: 50.0,,,0.0,0.0,0.0,50.0,50.0,0.0,50.0,0.9,0.09999999999999998,0.0,0.0,0.0,0.0,0.0,0.0,0.0,
1765989193.7932253,eth-updown-15m-1765989000,1765989000.0,1765989900.0,,706.2067747116089,,,,,0,0,0.99,0.98,ONE_LEG_INVENTORY,,,,,,,,,,,,,,0,5,,,,,,,,,,,,,,,,,,,,"RECONSTRUCT_BLOCKED: OVERPAY_LIMIT (Op:0.1400 > L:0.0020, Cost:$0.70)",,,,,,,,5.0,0.0,,,,,0,0,,,Inv: 5.0/0.0 CapLeft: 45.0,,,5.0,0.0,5.0,45.0,50.0,0.0,50.0,0.97,0.030000000000000027,5.0,0.48,0.66,0.14000000000000012,5.0,0.7000000000000006,0.002,OVERPAY_LIMIT
1765989193.7932253,eth-updown-15m-1765989000,1765989000.0,1765989900.0,,706.2067747116089,,,,,0,0,0.99,0.98,ONE_LEG_INVENTORY,,,,,,,,,,,,,,0,5,,,,,,,,,,,,,,,,,,,,"RECONSTRUCT_BLOCKED: OVERPAY_LIMIT (Op:0.1400 > L:0.0020, Cost:$0.70)",,,,,,,,5.0,0.0,,,,,0,0,,,Inv: 5.0/0.0 CapLeft: 45.0,,,5.0,0.0,5.0,45.0,50.0,0.0,50.0,0.97,0.030000000000000027,5.0,0.48,0.66,0.14000000000000012,5.0,0.7000000000000006,0.002,OVERPAY_LIMIT
1765989195.229562,eth-updown-15m-1765989000,1765989000.0,1765989900.0,,704.7704379558563,,,,,0,0,0.9,0.98,ORDERS_OPEN,,,,,,,,,,,,,,0,5,,,,,,,,,,,,,,,,,,,,,,,,,,,,0.0,0.0,,,,,0,0,,,Inv: 0.0/0.0 CapLeft: 50.0,,,0.0,0.0,0.0,50.0,50.0,0.0,50.0,0.9,0.09999999999999998,0.0,0.0,0.0,0.0,0.0,0.0,0.0,
1765989195.7500947,eth-updown-15m-1765989000,1765989000.0,1765989900.0,,704.2499053478241,,,,,0,0,0.97,0.98,ONE_LEG_INVENTORY,,,,,,,,,,,,,,0,5,,,,,,,,,,,,,,,,,,,,"RECONSTRUCT_BLOCKED: OVERPAY_LIMIT (Op:0.1300 > L:0.0020, Cost:$0.65)",,,,,,,,5.0,0.0,,,,,0,0,,,Inv: 5.0/0.0 CapLeft: 45.0,,,5.0,0.0,5.0,45.0,50.0,0.0,50.0,0.97,0.030000000000000027,5.0,0.48,0.65,0.1299999999999999,5.0,0.6499999999999995,0.002,OVERPAY_LIMIT
1765989195.7500947,eth-updown-15m-1765989000,1765989000.0,1765989900.0,,704.2499053478241,,,,,0,0,0.97,0.98,ONE_LEG_INVENTORY,,,,,,,,,,,,,,0,5,,,,,,,,,,,,,,,,,,,,"RECONSTRUCT_BLOCKED: OVERPAY_LIMIT (Op:0.1300 > L:0.0020, Cost:$0.65)",,,,,,,,5.0,0.0,,,,,0,0,,,Inv: 5.0/0.0 CapLeft: 45.0,,,5.0,0.0,5.0,45.0,50.0,0.0,50.0,0.97,0.030000000000000027,5.0,0.48,0.65,0.1299999999999999,5.0,0.6499999999999995,0.002,OVERPAY_LIMIT
1765989196.73106,eth-updown-15m-1765989000,1765989000.0,1765989900.0,,703.2689399719238,,,,,0,0,0.9,0.98,ORDERS_OPEN,,,,,,,,,,,,,,0,5,,,,,,,,,,,,,,,,,,,,,,,,,,,,0.0,0.0,,,,,0,0,,,Inv: 0.0/0.0 CapLeft: 50.0,,,0.0,0.0,0.0,50.0,50.0,0.0,50.0,0.9,0.09999999999999998,0.0,0.0,0.0,0.0,0.0,0.0,0.0,
1765989197.6917617,eth-updown-15m-1765989000,1765989000.0,1765989900.0,,702.3082382678986,,,,,0,0,0.99,0.98,ONE_LEG_INVENTORY,,,,,,,,,,,,,,0,5,,,,,,,,,,,,,,,,,,,,"RECONSTRUCT_BLOCKED: OVERPAY_LIMIT (Op:0.1500 > L:0.0020, Cost:$0.75)",,,,,,,,5.0,0.0,,,,,0,0,,,Inv: 5.0/0.0 CapLeft: 45.0,,,5.0,0.0,5.0,45.0,50.0,0.0,50.0,0.97,0.030000000000000027,5.0,0.48,0.67,0.1499999999999999,5.0,0.7499999999999996,0.002,OVERPAY_LIMIT
1765989197.6917617,eth-updown-15m-1765989000,1765989000.0,1765989900.0,,702.3082382678986,,,,,0,0,0.99,0.98,ONE_LEG_INVENTORY,,,,,,,,,,,,,,0,5,,,,,,,,,,,,,,,,,,,,"RECONSTRUCT_BLOCKED: OVERPAY_LIMIT (Op:0.1500 > L:0.0020, Cost:$0.75)",,,,,,,,5.0,0.0,,,,,0,0,,,Inv: 5.0/0.0 CapLeft: 45.0,,,5.0,0.0,5.0,45.0,50.0,0.0,50.0,0.97,0.030000000000000027,5.0,0.48,0.67,0.1499999999999999,5.0,0.7499999999999996,0.002,OVERPAY_LIMIT
1765989198.2326212,eth-updown-15m-1765989000,1765989000.0,1765989900.0,,701.7673788070679,,,,,0,0,0.9,0.98,ORDERS_OPEN,,,,,,,,,,,,,,0,5,,,,,,,,,,,,,,,,,,,,,,,,,,,,0.0,0.0,,,,,0,0,,,Inv: 0.0/0.0 CapLeft: 50.0,,,0.0,0.0,0.0,50.0,50.0,0.0,50.0,0.9,0.09999999999999998,0.0,0.0,0.0,0.0,0.0,0.0,0.0,
1765989199.6482432,eth-updown-15m-1765989000,1765989000.0,1765989900.0,,700.351756811142,,,,,0,0,0.97,0.98,ONE_LEG_INVENTORY,,,,,,,,,,,,,,0,5,,,,,,,,,,,,,,,,,,,,"RECONSTRUCT_BLOCKED: OVERPAY_LIMIT (Op:0.1600 > L:0.0020, Cost:$0.80)",,,,,,,,5.0,0.0,,,,,0,0,,,Inv: 5.0/0.0 CapLeft: 45.0,,,5.0,0.0,5.0,45.0,50.0,0.0,50.0,0.97,0.030000000000000027,5.0,0.48,0.68,0.16000000000000014,5.0,0.8000000000000007,0.002,OVERPAY_LIMIT
1765989199.6482432,eth-updown-15m-1765989000,1765989000.0,1765989900.0,,700.351756811142,,,,,0,0,0.97,0.98,ONE_LEG_INVENTORY,,,,,,,,,,,,,,0,5,,,,,,,,,,,,,,,,,,,,"RECONSTRUCT_BLOCKED: OVERPAY_LIMIT (Op:0.1600 > L:0.0020, Cost:$0.80)",,,,,,,,5.0,0.0,,,,,0,0,,,Inv: 5.0/0.0 CapLeft: 45.0,,,5.0,0.0,5.0,45.0,50.0,0.0,50.0,0.97,0.030000000000000027,5.0,0.48,0.68,0.16000000000000014,5.0,0.8000000000000007,0.002,OVERPAY_LIMIT
1765989201.2342675,eth-updown-15m-1765989000,1765989000.0,1765989900.0,,698.7657325267792,,,,,0.45,0.45,0.9,0.98,ORDERS_OPEN,,,,,,,,,,,,,,5,5,,,,,,,,,,,,,,,,,,,,Leg:BOTH UP:5 DOWN:5,,,,,,,,0.0,0.0,,,,,0,0,,,Inv: 0.0/0.0 CapLeft: 50.0,,,0.0,0.0,0.0,50.0,50.0,0.0,50.0,0.9,0.09999999999999998,0.0,0.0,0.0,0.0,0.0,0.0,0.0,
1765989201.6248987,eth-updown-15m-1765989000,1765989000.0,1765989900.0,,698.3751013278961,,,,,0,0,0.98,0.98,ONE_LEG_INVENTORY,,,,,,,,,,,,,,0,5,,,,,,,,,,,,,,,,,,,,"RECONSTRUCT_BLOCKED: OVERPAY_LIMIT (Op:0.1400 > L:0.0020, Cost:$0.70)",,,,,,,,5.0,0.0,,,,,0,0,,,Inv: 5.0/0.0 CapLeft: 45.0,,,5.0,0.0,5.0,45.0,50.0,0.0,50.0,0.97,0.030000000000000027,5.0,0.48,0.66,0.14000000000000012,5.0,0.7000000000000006,0.002,OVERPAY_LIMIT
1765989201.6248987,eth-updown-15m-1765989000,1765989000.0,1765989900.0,,698.3751013278961,,,,,0,0,0.98,0.98,ONE_LEG_INVENTORY,,,,,,,,,,,,,,0,5,,,,,,,,,,,,,,,,,,,,"RECONSTRUCT_BLOCKED: OVERPAY_LIMIT (Op:0.1400 > L:0.0020, Cost:$0.70)",,,,,,,,5.0,0.0,,,,,0,0,,,Inv: 5.0/0.0 CapLeft: 45.0,,,5.0,0.0,5.0,45.0,50.0,0.0,50.0,0.97,0.030000000000000027,5.0,0.48,0.66,0.14000000000000012,5.0,0.7000000000000006,0.002,OVERPAY_LIMIT
1765989202.7354293,eth-updown-15m-1765989000,1765989000.0,1765989900.0,,697.2645707130432,,,,,0,0,0.9,0.98,ORDERS_OPEN,,,,,,,,,,,,,,0,5,,,,,,,,,,,,,,,,,,,,,,,,,,,,0.0,0.0,,,,,0,0,,,Inv: 0.0/0.0 CapLeft: 50.0,,,0.0,0.0,0.0,50.0,50.0,0.0,50.0,0.9,0.09999999999999998,0.0,0.0,0.0,0.0,0.0,0.0,0.0,
1765989203.565331,eth-updown-15m-1765989000,1765989000.0,1765989900.0,,696.4346690177917,,,,,0,0,0.99,0.98,ONE_LEG_INVENTORY,,,,,,,,,,,,,,0,5,,,,,,,,,,,,,,,,,,,,"RECONSTRUCT_BLOCKED: OVERPAY_LIMIT (Op:0.1400 > L:0.0020, Cost:$0.70)",,,,,,,,5.0,0.0,,,,,0,0,,,Inv: 5.0/0.0 CapLeft: 45.0,,,5.0,0.0,5.0,45.0,50.0,0.0,50.0,0.97,0.030000000000000027,5.0,0.48,0.66,0.14000000000000012,5.0,0.7000000000000006,0.002,OVERPAY_LIMIT
1765989203.565331,eth-updown-15m-1765989000,1765989000.0,1765989900.0,,696.4346690177917,,,,,0,0,0.99,0.98,ONE_LEG_INVENTORY,,,,,,,,,,,,,,0,5,,,,,,,,,,,,,,,,,,,,"RECONSTRUCT_BLOCKED: OVERPAY_LIMIT (Op:0.1400 > L:0.0020, Cost:$0.70)",,,,,,,,5.0,0.0,,,,,0,0,,,Inv: 5.0/0.0 CapLeft: 45.0,,,5.0,0.0,5.0,45.0,50.0,0.0,50.0,0.97,0.030000000000000027,5.0,0.48,0.66,0.14000000000000012,5.0,0.7000000000000006,0.002,OVERPAY_LIMIT
1765989204.2369943,eth-updown-15m-1765989000,1765989000.0,1765989900.0,,695.76300573349,,,,,0,0,0.9,0.98,ORDERS_OPEN,,,,,,,,,,,,,,0,5,,,,,,,,,,,,,,,,,,,,,,,,,,,,0.0,0.0,,,,,0,0,,,Inv: 0.0/0.0 CapLeft: 50.0,,,0.0,0.0,0.0,50.0,50.0,0.0,50.0,0.9,0.09999999999999998,0.0,0.0,0.0,0.0,0.0,0.0,0.0,
1765989205.7385926,eth-updown-15m-1765989000,1765989000.0,1765989900.0,,694.2614073753357,,,,,0,0,0.9,0.98,ORDERS_OPEN,,,,,,,,,,,,,,0,5,,,,,,,,,,,,,,,,,,,,,,,,,,,,0.0,0.0,,,,,0,0,,,Inv: 0.0/0.0 CapLeft: 50.0,,,0.0,0.0,0.0,50.0,50.0,0.0,50.0,0.9,0.09999999999999998,0.0,0.0,0.0,0.0,0.0,0.0,0.0,
1765989205.4958436,eth-updown-15m-1765989000,1765989000.0,1765989900.0,,694.5041563510895,,,,,0,0,0.96,0.98,ONE_LEG_INVENTORY,,,,,,,,,,,,,,0,5,,,,,,,,,,,,,,,,,,,,"RECONSTRUCT_BLOCKED: OVERPAY_LIMIT (Op:0.1200 > L:0.0020, Cost:$0.60)",,,,,,,,5.0,0.0,,,,,0,0,,,Inv: 5.0/0.0 CapLeft: 45.0,,,5.0,0.0,5.0,45.0,50.0,0.0,50.0,0.97,0.030000000000000027,5.0,0.48,0.64,0.1200000000000001,5.0,0.6000000000000005,0.002,OVERPAY_LIMIT
1765989205.4958436,eth-updown-15m-1765989000,1765989000.0,1765989900.0,,694.5041563510895,,,,,0,0,0.96,0.98,ONE_LEG_INVENTORY,,,,,,,,,,,,,,0,5,,,,,,,,,,,,,,,,,,,,"RECONSTRUCT_BLOCKED: OVERPAY_LIMIT (Op:0.1200 > L:0.0020, Cost:$0.60)",,,,,,,,5.0,0.0,,,,,0,0,,,Inv: 5.0/0.0 CapLeft: 45.0,,,5.0,0.0,5.0,45.0,50.0,0.0,50.0,0.97,0.030000000000000027,5.0,0.48,0.64,0.1200000000000001,5.0,0.6000000000000005,0.002,OVERPAY_LIMIT
1765989207.2400904,eth-updown-15m-1765989000,1765989000.0,1765989900.0,,692.7599096298218,,,,,0,0,0.9,0.98,ORDERS_OPEN,,,,,,,,,,,,,,0,5,,,,,,,,,,,,,,,,,,,,,,,,,,,,0.0,0.0,,,,,0,0,,,Inv: 0.0/0.0 CapLeft: 50.0,,,0.0,0.0,0.0,50.0,50.0,0.0,50.0,0.9,0.09999999999999998,0.0,0.0,0.0,0.0,0.0,0.0,0.0,
1765989207.4284694,eth-updown-15m-1765989000,1765989000.0,1765989900.0,,692.5715305805206,,,,,0,0,0.99,0.98,ONE_LEG_INVENTORY,,,,,,,,,,,,,,0,5,,,,,,,,,,,,,,,,,,,,"RECONSTRUCT_BLOCKED: OVERPAY_LIMIT (Op:0.1200 > L:0.0020, Cost:$0.60)",,,,,,,,5.0,0.0,,,,,0,0,,,Inv: 5.0/0.0 CapLeft: 45.0,,,5.0,0.0,5.0,45.0,50.0,0.0,50.0,0.97,0.030000000000000027,5.0,0.48,0.64,0.1200000000000001,5.0,0.6000000000000005,0.002,OVERPAY_LIMIT
1765989207.4284694,eth-updown-15m-1765989000,1765989000.0,1765989900.0,,692.5715305805206,,,,,0,0,0.99,0.98,ONE_LEG_INVENTORY,,,,,,,,,,,,,,0,5,,,,,,,,,,,,,,,,,,,,"RECONSTRUCT_BLOCKED: OVERPAY_LIMIT (Op:0.1200 > L:0.0020, Cost:$0.60)",,,,,,,,5.0,0.0,,,,,0,0,,,Inv: 5.0/0.0 CapLeft: 45.0,,,5.0,0.0,5.0,45.0,50.0,0.0,50.0,0.97,0.030000000000000027,5.0,0.48,0.64,0.1200000000000001,5.0,0.6000000000000005,0.002,OVERPAY_LIMIT
1765989208.7410154,eth-updown-15m-1765989000,1765989000.0,1765989900.0,,691.2589845657349,,,,,0,0,0.9,0.98,ORDERS_OPEN,,,,,,,,,,,,,,0,5,,,,,,,,,,,,,,,,,,,,,,,,,,,,0.0,0.0,,,,,0,0,,,Inv: 0.0/0.0 CapLeft: 50.0,,,0.0,0.0,0.0,50.0,50.0,0.0,50.0,0.9,0.09999999999999998,0.0,0.0,0.0,0.0,0.0,0.0,0.0,
1765989209.362435,eth-updown-15m-1765989000,1765989000.0,1765989900.0,,690.6375648975372,,,,,0,0,0.98,0.98,ONE_LEG_INVENTORY,,,,,,,,,,,,,,0,5,,,,,,,,,,,,,,,,,,,,"RECONSTRUCT_BLOCKED: OVERPAY_LIMIT (Op:0.1100 > L:0.0020, Cost:$0.55)",,,,,,,,5.0,0.0,,,,,0,0,,,Inv: 5.0/0.0 CapLeft: 45.0,,,5.0,0.0,5.0,45.0,50.0,0.0,50.0,0.97,0.030000000000000027,5.0,0.48,0.63,0.10999999999999988,5.0,0.5499999999999994,0.002,OVERPAY_LIMIT
1765989209.362435,eth-updown-15m-1765989000,1765989000.0,1765989900.0,,690.6375648975372,,,,,0,0,0.98,0.98,ONE_LEG_INVENTORY,,,,,,,,,,,,,,0,5,,,,,,,,,,,,,,,,,,,,"RECONSTRUCT_BLOCKED: OVERPAY_LIMIT (Op:0.1100 > L:0.0020, Cost:$0.55)",,,,,,,,5.0,0.0,,,,,0,0,,,Inv: 5.0/0.0 CapLeft: 45.0,,,5.0,0.0,5.0,45.0,50.0,0.0,50.0,0.97,0.030000000000000027,5.0,0.48,0.63,0.10999999999999988,5.0,0.5499999999999994,0.002,OVERPAY_LIMIT
1765989210.2424326,eth-updown-15m-1765989000,1765989000.0,1765989900.0,,689.7575674057007,,,,,0,0,0.9,0.98,ORDERS_OPEN,,,,,,,,,,,,,,0,5,,,,,,,,,,,,,,,,,,,,,,,,,,,,0.0,0.0,,,,,0,0,,,Inv: 0.0/0.0 CapLeft: 50.0,,,0.0,0.0,0.0,50.0,50.0,0.0,50.0,0.9,0.09999999999999998,0.0,0.0,0.0,0.0,0.0,0.0,0.0,
1765989211.743621,eth-updown-15m-1765989000,1765989000.0,1765989900.0,,688.2563788890839,,,,,0,0,0.9,0.98,ORDERS_OPEN,,,,,,,,,,,,,,0,5,,,,,,,,,,,,,,,,,,,,,,,,,,,,0.0,0.0,,,,,0,0,,,Inv: 0.0/0.0 CapLeft: 50.0,,,0.0,0.0,0.0,50.0,50.0,0.0,50.0,0.9,0.09999999999999998,0.0,0.0,0.0,0.0,0.0,0.0,0.0,
1765989211.2938733,eth-updown-15m-1765989000,1765989000.0,1765989900.0,,688.7061266899109,,,,,0,0,1.0,0.98,ONE_LEG_INVENTORY,,,,,,,,,,,,,,0,5,,,,,,,,,,,,,,,,,,,,"RECONSTRUCT_BLOCKED: OVERPAY_LIMIT (Op:0.1100 > L:0.0020, Cost:$0.55)",,,,,,,,5.0,0.0,,,,,0,0,,,Inv: 5.0/0.0 CapLeft: 45.0,,,5.0,0.0,5.0,45.0,50.0,0.0,50.0,0.97,0.030000000000000027,5.0,0.48,0.63,0.10999999999999988,5.0,0.5499999999999994,0.002,OVERPAY_LIMIT
1765989211.2938733,eth-updown-15m-1765989000,1765989000.0,1765989900.0,,688.7061266899109,,,,,0,0,1.0,0.98,ONE_LEG_INVENTORY,,,,,,,,,,,,,,0,5,,,,,,,,,,,,,,,,,,,,"RECONSTRUCT_BLOCKED: OVERPAY_LIMIT (Op:0.1100 > L:0.0020, Cost:$0.55)",,,,,,,,5.0,0.0,,,,,0,0,,,Inv: 5.0/0.0 CapLeft: 45.0,,,5.0,0.0,5.0,45.0,50.0,0.0,50.0,0.97,0.030000000000000027,5.0,0.48,0.63,0.10999999999999988,5.0,0.5499999999999994,0.002,OVERPAY_LIMIT
1765989213.245082,eth-updown-15m-1765989000,1765989000.0,1765989900.0,,686.7549180984497,,,,,0,0,0.9,0.98,ORDERS_OPEN,,,,,,,,,,,,,,0,5,,,,,,,,,,,,,,,,,,,,,,,,,,,,0.0,0.0,,,,,0,0,,,Inv: 0.0/0.0 CapLeft: 50.0,,,0.0,0.0,0.0,50.0,50.0,0.0,50.0,0.9,0.09999999999999998,0.0,0.0,0.0,0.0,0.0,0.0,0.0,
1765989213.2512517,eth-updown-15m-1765989000,1765989000.0,1765989900.0,,686.7487483024597,,,,,0,0,0.98,0.98,ONE_LEG_INVENTORY,,,,,,,,,,,,,,0,5,,,,,,,,,,,,,,,,,,,,"RECONSTRUCT_BLOCKED: OVERPAY_LIMIT (Op:0.1000 > L:0.0020, Cost:$0.50)",,,,,,,,5.0,0.0,,,,,0,0,,,Inv: 5.0/0.0 CapLeft: 45.0,,,5.0,0.0,5.0,45.0,50.0,0.0,50.0,0.97,0.030000000000000027,5.0,0.48,0.62,0.10000000000000009,5.0,0.5000000000000004,0.002,OVERPAY_LIMIT
1765989213.2512517,eth-updown-15m-1765989000,1765989000.0,1765989900.0,,686.7487483024597,,,,,0,0,0.98,0.98,ONE_LEG_INVENTORY,,,,,,,,,,,,,,0,5,,,,,,,,,,,,,,,,,,,,"RECONSTRUCT_BLOCKED: OVERPAY_LIMIT (Op:0.1000 > L:0.0020, Cost:$0.50)",,,,,,,,5.0,0.0,,,,,0,0,,,Inv: 5.0/0.0 CapLeft: 45.0,,,5.0,0.0,5.0,45.0,50.0,0.0,50.0,0.97,0.030000000000000027,5.0,0.48,0.62,0.10000000000000009,5.0,0.5000000000000004,0.002,OVERPAY_LIMIT
1765989214.7478452,eth-updown-15m-1765989000,1765989000.0,1765989900.0,,685.2521548271179,,,,,0,0,0.9,0.98,ORDERS_OPEN,,,,,,,,,,,,,,0,5,,,,,,,,,,,,,,,,,,,,,,,,,,,,0.0,0.0,,,,,0,0,,,Inv: 0.0/0.0 CapLeft: 50.0,,,0.0,0.0,0.0,50.0,50.0,0.0,50.0,0.9,0.09999999999999998,0.0,0.0,0.0,0.0,0.0,0.0,0.0,
1765989215.2077768,eth-updown-15m-1765989000,1765989000.0,1765989900.0,,684.7922232151031,,,,,0,0,0.97,0.98,ONE_LEG_INVENTORY,,,,,,,,,,,,,,0,5,,,,,,,,,,,,,,,,,,,,"RECONSTRUCT_BLOCKED: OVERPAY_LIMIT (Op:0.0800 > L:0.0020, Cost:$0.40)",,,,,,,,5.0,0.0,,,,,0,0,,,Inv: 5.0/0.0 CapLeft: 45.0,,,5.0,0.0,5.0,45.0,50.0,0.0,50.0,0.97,0.030000000000000027,5.0,0.48,0.6,0.08000000000000007,5.0,0.40000000000000036,0.002,OVERPAY_LIMIT
1765989215.2077768,eth-updown-15m-1765989000,1765989000.0,1765989900.0,,684.7922232151031,,,,,0,0,0.97,0.98,ONE_LEG_INVENTORY,,,,,,,,,,,,,,0,5,,,,,,,,,,,,,,,,,,,,"RECONSTRUCT_BLOCKED: OVERPAY_LIMIT (Op:0.0800 > L:0.0020, Cost:$0.40)",,,,,,,,5.0,0.0,,,,,0,0,,,Inv: 5.0/0.0 CapLeft: 45.0,,,5.0,0.0,5.0,45.0,50.0,0.0,50.0,0.97,0.030000000000000027,5.0,0.48,0.6,0.08000000000000007,5.0,0.40000000000000036,0.002,OVERPAY_LIMIT
1765989217.119903,eth-updown-15m-1765989000,1765989000.0,1765989900.0,,682.880096912384,,,,,0,0,0.97,0.98,ONE_LEG_INVENTORY,,,,,,,,,,,,,,0,5,,,,,,,,,,,,,,,,,,,,"RECONSTRUCT_BLOCKED: OVERPAY_LIMIT (Op:0.0700 > L:0.0020, Cost:$0.35)",,,,,,,,5.0,0.0,,,,,0,0,,,Inv: 5.0/0.0 CapLeft: 45.0,,,5.0,0.0,5.0,45.0,50.0,0.0,50.0,0.97,0.030000000000000027,5.0,0.48,0.59,0.06999999999999984,5.0,0.3499999999999992,0.002,OVERPAY_LIMIT
1765989217.119903,eth-updown-15m-1765989000,1765989000.0,1765989900.0,,682.880096912384,,,,,0,0,0.97,0.98,ONE_LEG_INVENTORY,,,,,,,,,,,,,,0,5,,,,,,,,,,,,,,,,,,,,"RECONSTRUCT_BLOCKED: OVERPAY_LIMIT (Op:0.0700 > L:0.0020, Cost:$0.35)",,,,,,,,5.0,0.0,,,,,0,0,,,Inv: 5.0/0.0 CapLeft: 45.0,,,5.0,0.0,5.0,45.0,50.0,0.0,50.0,0.97,0.030000000000000027,5.0,0.48,0.59,0.06999999999999984,5.0,0.3499999999999992,0.002,OVERPAY_LIMIT
1765989217.75088,eth-updown-15m-1765989000,1765989000.0,1765989900.0,,682.2491199970245,,,,,0.45,0.45,0.9,0.98,ORDERS_OPEN,,,,,,,,,,,,,,5,5,,,,,,,,,,,,,,,,,,,,Leg:BOTH UP:5 DOWN:5,,,,,,,,0.0,0.0,,,,,0,0,,,Inv: 0.0/0.0 CapLeft: 50.0,,,0.0,0.0,0.0,50.0,50.0,0.0,50.0,0.9,0.09999999999999998,0.0,0.0,0.0,0.0,0.0,0.0,0.0,
1765989219.252445,eth-updown-15m-1765989000,1765989000.0,1765989900.0,,680.7475550174713,,,,,0,0,0.9,0.98,ORDERS_OPEN,,,,,,,,,,,,,,0,5,,,,,,,,,,,,,,,,,,,,,,,,,,,,0.0,0.0,,,,,0,0,,,Inv: 0.0/0.0 CapLeft: 50.0,,,0.0,0.0,0.0,50.0,50.0,0.0,50.0,0.9,0.09999999999999998,0.0,0.0,0.0,0.0,0.0,0.0,0.0,
1765989219.0465968,eth-updown-15m-1765989000,1765989000.0,1765989900.0,,680.9534032344818,,,,,0,0,0.98,0.98,ONE_LEG_INVENTORY,,,,,,,,,,,,,,0,5,,,,,,,,,,,,,,,,,,,,"RECONSTRUCT_BLOCKED: OVERPAY_LIMIT (Op:0.0500 > L:0.0020, Cost:$0.25)",,,,,,,,5.0,0.0,,,,,0,0,,,Inv: 5.0/0.0 CapLeft: 45.0,,,5.0,0.0,5.0,45.0,50.0,0.0,50.0,0.97,0.030000000000000027,5.0,0.48,0.57,0.04999999999999982,5.0,0.2499999999999991,0.002,OVERPAY_LIMIT
1765989219.0465968,eth-updown-15m-1765989000,1765989000.0,1765989900.0,,680.9534032344818,,,,,0,0,0.98,0.98,ONE_LEG_INVENTORY,,,,,,,,,,,,,,0,5,,,,,,,,,,,,,,,,,,,,"RECONSTRUCT_BLOCKED: OVERPAY_LIMIT (Op:0.0500 > L:0.0020, Cost:$0.25)",,,,,,,,5.0,0.0,,,,,0,0,,,Inv: 5.0/0.0 CapLeft: 45.0,,,5.0,0.0,5.0,45.0,50.0,0.0,50.0,0.97,0.030000000000000027,5.0,0.48,0.57,0.04999999999999982,5.0,0.2499999999999991,0.002,OVERPAY_LIMIT
1765989220.754016,eth-updown-15m-1765989000,1765989000.0,1765989900.0,,679.2459840774536,,,,,0,0,0.9,0.98,ORDERS_OPEN,,,,,,,,,,,,,,0,5,,,,,,,,,,,,,,,,,,,,,,,,,,,,0.0,0.0,,,,,0,0,,,Inv: 0.0/0.0 CapLeft: 50.0,,,0.0,0.0,0.0,50.0,50.0,0.0,50.0,0.9,0.09999999999999998,0.0,0.0,0.0,0.0,0.0,0.0,0.0,
1765989220.9690652,eth-updown-15m-1765989000,1765989000.0,1765989900.0,,679.0309348106384,,,,,0,0,0.97,0.98,ONE_LEG_INVENTORY,,,,,,,,,,,,,,0,5,,,,,,,,,,,,,,,,,,,,"RECONSTRUCT_BLOCKED: OVERPAY_LIMIT (Op:0.0200 > L:0.0020, Cost:$0.10)",,,,,,,,5.0,0.0,,,,,0,0,,,Inv: 5.0/0.0 CapLeft: 45.0,,,5.0,0.0,5.0,45.0,50.0,0.0,50.0,0.97,0.030000000000000027,5.0,0.48,0.54,0.020000000000000018,5.0,0.10000000000000009,0.002,OVERPAY_LIMIT
1765989220.9690652,eth-updown-15m-1765989000,1765989000.0,1765989900.0,,679.0309348106384,,,,,0,0,0.97,0.98,ONE_LEG_INVENTORY,,,,,,,,,,,,,,0,5,,,,,,,,,,,,,,,,,,,,"RECONSTRUCT_BLOCKED: OVERPAY_LIMIT (Op:0.0200 > L:0.0020, Cost:$0.10)",,,,,,,,5.0,0.0,,,,,0,0,,,Inv: 5.0/0.0 CapLeft: 45.0,,,5.0,0.0,5.0,45.0,50.0,0.0,50.0,0.97,0.030000000000000027,5.0,0.48,0.54,0.020000000000000018,5.0,0.10000000000000009,0.002,OVERPAY_LIMIT
1765989222.2556732,eth-updown-15m-1765989000,1765989000.0,1765989900.0,,677.7443268299103,,,,,0,0,0.9,0.98,ORDERS_OPEN,,,,,,,,,,,,,,0,5,,,,,,,,,,,,,,,,,,,,,,,,,,,,0.0,0.0,,,,,0,0,,,Inv: 0.0/0.0 CapLeft: 50.0,,,0.0,0.0,0.0,50.0,50.0,0.0,50.0,0.9,0.09999999999999998,0.0,0.0,0.0,0.0,0.0,0.0,0.0,
1765989222.8980422,eth-updown-15m-1765989000,1765989000.0,1765989900.0,,677.1019577980042,,,,,0,0,0.98,0.98,ONE_LEG_INVENTORY,,,,,,,,,,,,,,0,5,,,,,,,,,,,,,,,,,,,,"RECONSTRUCT_BLOCKED: OVERPAY_LIMIT (Op:0.0400 > L:0.0020, Cost:$0.20)",,,,,,,,5.0,0.0,,,,,0,0,,,Inv: 5.0/0.0 CapLeft: 45.0,,,5.0,0.0,5.0,45.0,50.0,0.0,50.0,0.97,0.030000000000000027,5.0,0.48,0.56,0.040000000000000036,5.0,0.20000000000000018,0.002,OVERPAY_LIMIT
1765989222.8980422,eth-updown-15m-1765989000,1765989000.0,1765989900.0,,677.1019577980042,,,,,0,0,0.98,0.98,ONE_LEG_INVENTORY,,,,,,,,,,,,,,0,5,,,,,,,,,,,,,,,,,,,,"RECONSTRUCT_BLOCKED: OVERPAY_LIMIT (Op:0.0400 > L:0.0020, Cost:$0.20)",,,,,,,,5.0,0.0,,,,,0,0,,,Inv: 5.0/0.0 CapLeft: 45.0,,,5.0,0.0,5.0,45.0,50.0,0.0,50.0,0.97,0.030000000000000027,5.0,0.48,0.56,0.040000000000000036,5.0,0.20000000000000018,0.002,OVERPAY_LIMIT
1765989223.7569888,eth-updown-15m-1765989000,1765989000.0,1765989900.0,,676.2430112361908,,,,,0,0,0.9,0.98,ORDERS_OPEN,,,,,,,,,,,,,,0,5,,,,,,,,,,,,,,,,,,,,,,,,,,,,0.0,0.0,,,,,0,0,,,Inv: 0.0/0.0 CapLeft: 50.0,,,0.0,0.0,0.0,50.0,50.0,0.0,50.0,0.9,0.09999999999999998,0.0,0.0,0.0,0.0,0.0,0.0,0.0,
1765989225.2586722,eth-updown-15m-1765989000,1765989000.0,1765989900.0,,674.7413277626038,,,,,0,0,0.9,0.98,ORDERS_OPEN,,,,,,,,,,,,,,0,5,,,,,,,,,,,,,,,,,,,,,,,,,,,,0.0,0.0,,,,,0,0,,,Inv: 0.0/0.0 CapLeft: 50.0,,,0.0,0.0,0.0,50.0,50.0,0.0,50.0,0.9,0.09999999999999998,0.0,0.0,0.0,0.0,0.0,0.0,0.0,
1765989224.8462207,eth-updown-15m-1765989000,1765989000.0,1765989900.0,,675.1537792682648,,,,,0,0,0.99,0.98,ONE_LEG_INVENTORY,,,,,,,,,,,,,,0,5,,,,,,,,,,,,,,,,,,,,"RECONSTRUCT_BLOCKED: OVERPAY_LIMIT (Op:0.0400 > L:0.0020, Cost:$0.20)",,,,,,,,5.0,0.0,,,,,0,0,,,Inv: 5.0/0.0 CapLeft: 45.0,,,5.0,0.0,5.0,45.0,50.0,0.0,50.0,0.97,0.030000000000000027,5.0,0.48,0.56,0.040000000000000036,5.0,0.20000000000000018,0.002,OVERPAY_LIMIT
1765989224.8462207,eth-updown-15m-1765989000,1765989000.0,1765989900.0,,675.1537792682648,,,,,0,0,0.99,0.98,ONE_LEG_INVENTORY,,,,,,,,,,,,,,0,5,,,,,,,,,,,,,,,,,,,,"RECONSTRUCT_BLOCKED: OVERPAY_LIMIT (Op:0.0400 > L:0.0020, Cost:$0.20)",,,,,,,,5.0,0.0,,,,,0,0,,,Inv: 5.0/0.0 CapLeft: 45.0,,,5.0,0.0,5.0,45.0,50.0,0.0,50.0,0.97,0.030000000000000027,5.0,0.48,0.56,0.040000000000000036,5.0,0.20000000000000018,0.002,OVERPAY_LIMIT
1765989226.7598064,eth-updown-15m-1765989000,1765989000.0,1765989900.0,,673.240193605423,,,,,0,0,0.9,0.98,ORDERS_OPEN,,,,,,,,,,,,,,0,5,,,,,,,,,,,,,,,,,,,,,,,,,,,,0.0,0.0,,,,,0,0,,,Inv: 0.0/0.0 CapLeft: 50.0,,,0.0,0.0,0.0,50.0,50.0,0.0,50.0,0.9,0.09999999999999998,0.0,0.0,0.0,0.0,0.0,0.0,0.0,
1765989226.8049276,eth-updown-15m-1765989000,1765989000.0,1765989900.0,,673.1950724124908,,,,,0.48,0.51,0.99,0.98,ORDERS_OPEN,,,,,,,,,,,,,,5.0,5.0,,,,,,,,,,,,,,,,,,,,RECONSTRUCT_CHUNK: 0.0/5.0 (Op:-0.0100 B:$50.00),,,,,,,,5.0,0.0,,,,,0,0,,,Inv: 5.0/0.0 CapLeft: 45.0,,,5.0,0.0,5.0,45.0,50.0,0.0,50.0,0.97,0.030000000000000027,5.0,0.48,0.51,-0.010000000000000009,5.0,0.0,0.002,OK
1765989228.2618265,eth-updown-15m-1765989000,1765989000.0,1765989900.0,,671.7381734848022,,,,,0,0,0.9,0.98,ORDERS_OPEN,,,,,,,,,,,,,,0,5,,,,,,,,,,,,,,,,,,,,,,,,,,,,0.0,0.0,,,,,0,0,,,Inv: 0.0/0.0 CapLeft: 50.0,,,0.0,0.0,0.0,50.0,50.0,0.0,50.0,0.9,0.09999999999999998,0.0,0.0,0.0,0.0,0.0,0.0,0.0,
1765989229.7633944,eth-updown-15m-1765989000,1765989000.0,1765989900.0,,670.2366056442261,,,,,0,0,0.9,0.98,ORDERS_OPEN,,,,,,,,,,,,,,0,5,,,,,,,,,,,,,,,,,,,,,,,,,,,,0.0,0.0,,,,,0,0,,,Inv: 0.0/0.0 CapLeft: 50.0,,,0.0,0.0,0.0,50.0,50.0,0.0,50.0,0.9,0.09999999999999998,0.0,0.0,0.0,0.0,0.0,0.0,0.0,
1765989229.2530909,eth-updown-15m-1765989000,1765989000.0,1765989900.0,,670.7469091415405,,,,,0,0,0.98,0.98,ORDERS_OPEN,,,,,,,,,,,,,,0,5.0,,,,,,,,,,,,,,,,,,,,,,,,,,,,5.0,0.0,,,,,0,0,,,Inv: 5.0/0.0 CapLeft: 45.0,,,5.0,0.0,5.0,45.0,50.0,0.0,50.0,0.97,0.030000000000000027,5.0,0.48,0.51,-0.010000000000000009,5.0,0.0,0.002,OK
1765989231.2645016,eth-updown-15m-1765989000,1765989000.0,1765989900.0,,668.7354984283447,,,,,0,0,0.9,0.98,ORDERS_OPEN,,,,,,,,,,,,,,0,5,,,,,,,,,,,,,,,,,,,,,,,,,,,,0.0,0.0,,,,,0,0,,,Inv: 0.0/0.0 CapLeft: 50.0,,,0.0,0.0,0.0,50.0,50.0,0.0,50.0,0.9,0.09999999999999998,0.0,0.0,0.0,0.0,0.0,0.0,0.0,
1765989231.400395,eth-updown-15m-1765989000,1765989000.0,1765989900.0,,668.5996050834656,,,,,0,0,0.98,0.98,IDLE,,,,,,,,,,,,,,0,5.0,,,,,,,,,,,,,,,,,,,,,,,,,,,,5.0,5.0,,,,,0,0,,,Inv: 5.0/5.0 CapLeft: 40.0,,,5.0,5.0,10.0,40.0,50.0,0.0,50.0,0.97,0.030000000000000027,5.0,0.48,0.51,-0.010000000000000009,5.0,0.0,0.002,OK
1765989234.2671568,eth-updown-15m-1765989000,1765989000.0,1765989900.0,,665.7328431606293,,,,,0.45,0.45,0.9,0.98,ORDERS_OPEN,,,,,,,,,,,,,,5,5,,,,,,,,,,,,,,,,,,,,Leg:BOTH UP:5 DOWN:5,,,,,,,,0.0,0.0,,,,,0,0,,,Inv: 0.0/0.0 CapLeft: 50.0,,,0.0,0.0,0.0,50.0,50.0,0.0,50.0,0.9,0.09999999999999998,0.0,0.0,0.0,0.0,0.0,0.0,0.0,
1765989233.615024,eth-updown-15m-1765989000,1765989000.0,1765989900.0,,666.3849759101868,,,,,0.46,0.51,0.97,0.98,ORDERS_OPEN,,,,,,,,,,,,,,5,5,,,,,,,,,,,,,,,,,,,,Leg:BOTH UP:5 DOWN:5,,,,,,,,5.0,5.0,,,,,0,0,,,Inv: 5.0/5.0 CapLeft: 40.0,,,5.0,5.0,10.0,40.0,50.0,0.0,50.0,0.97,0.030000000000000027,5.0,0.48,0.51,-0.010000000000000009,5.0,0.0,0.002,OK
1765989235.7691038,eth-updown-15m-1765989000,1765989000.0,1765989900.0,,664.2308962345123,,,,,0,0,0.9,0.98,ORDERS_OPEN,,,,,,,,,,,,,,0,5,,,,,,,,,,,,,,,,,,,,,,,,,,,,0.0,0.0,,,,,0,0,,,Inv: 0.0/0.0 CapLeft: 50.0,,,0.0,0.0,0.0,50.0,50.0,0.0,50.0,0.9,0.09999999999999998,0.0,0.0,0.0,0.0,0.0,0.0,0.0,
1765989237.26994,eth-updown-15m-1765989000,1765989000.0,1765989900.0,,662.7300601005554,,,,,0,0,0.9,0.98,ORDERS_OPEN,,,,,,,,,,,,,,0,5,,,,,,,,,,,,,,,,,,,,,,,,,,,,0.0,0.0,,,,,0,0,,,Inv: 0.0/0.0 CapLeft: 50.0,,,0.0,0.0,0.0,50.0,50.0,0.0,50.0,0.9,0.09999999999999998,0.0,0.0,0.0,0.0,0.0,0.0,0.0,
1765989236.6366036,eth-updown-15m-1765989000,1765989000.0,1765989900.0,,663.3633964061737,,,,,0,0,0.99,0.98,ORDERS_OPEN,,,,,,,,,,,,,,0,5,,,,,,,,,,,,,,,,,,,,,,,,,,,,5.0,10.0,,,,,0,0,,,Inv: 5.0/10.0 CapLeft: 35.0,,,5.0,10.0,15.0,35.0,50.0,0.0,50.0,0.97,0.030000000000000027,5.0,0.48,0.51,-0.010000000000000009,5.0,0.0,0.002,OK
1765989238.7719824,eth-updown-15m-1765989000,1765989000.0,1765989900.0,,661.2280175685883,,,,,0,0,0.9,0.98,ORDERS_OPEN,,,,,,,,,,,,,,0,5,,,,,,,,,,,,,,,,,,,,,,,,,,,,0.0,0.0,,,,,0,0,,,Inv: 0.0/0.0 CapLeft: 50.0,,,0.0,0.0,0.0,50.0,50.0,0.0,50.0,0.9,0.09999999999999998,0.0,0.0,0.0,0.0,0.0,0.0,0.0,
1765989239.0094786,eth-updown-15m-1765989000,1765989000.0,1765989900.0,,660.9905214309692,,,,,0,0,0.99,0.98,ORDERS_OPEN,,,,,,,,,,,,,,0,5,,,,,,,,,,,,,,,,,,,,,,,,,,,,5.0,10.0,,,,,0,0,,,Inv: 5.0/10.0 CapLeft: 35.0,,,5.0,10.0,15.0,35.0,50.0,0.0,50.0,0.97,0.030000000000000027,5.0,0.48,0.51,-0.010000000000000009,5.0,0.0,0.002,OK
1765989240.273439,eth-updown-15m-1765989000,1765989000.0,1765989900.0,,659.7265610694885,,,,,0,0,0.9,0.98,ORDERS_OPEN,,,,,,,,,,,,,,0,5,,,,,,,,,,,,,,,,,,,,,,,,,,,,0.0,0.0,,,,,0,0,,,Inv: 0.0/0.0 CapLeft: 50.0,,,0.0,0.0,0.0,50.0,50.0,0.0,50.0,0.9,0.09999999999999998,0.0,0.0,0.0,0.0,0.0,0.0,0.0,
1765989241.7753012,eth-updown-15m-1765989000,1765989000.0,1765989900.0,,658.2246987819672,,,,,0,0,0.9,0.98,ORDERS_OPEN,,,,,,,,,,,,,,0,5,,,,,,,,,,,,,,,,,,,,,,,,,,,,0.0,0.0,,,,,0,0,,,Inv: 0.0/0.0 CapLeft: 50.0,,,0.0,0.0,0.0,50.0,50.0,0.0,50.0,0.9,0.09999999999999998,0.0,0.0,0.0,0.0,0.0,0.0,0.0,
1765989241.1786616,eth-updown-15m-1765989000,1765989000.0,1765989900.0,,658.8213384151459,,,,,0,0,0.98,0.98,ORDERS_OPEN,,,,,,,,,,,,,,0,5,,,,,,,,,,,,,,,,,,,,,,,,,,,,5.0,10.0,,,,,0,0,,,Inv: 5.0/10.0 CapLeft: 35.0,,,5.0,10.0,15.0,35.0,50.0,0.0,50.0,0.97,0.030000000000000027,5.0,0.48,0.51,-0.010000000000000009,5.0,0.0,0.002,OK
1765989243.2768729,eth-updown-15m-1765989000,1765989000.0,1765989900.0,,656.7231271266937,,,,,0,0,0.9,0.98,ORDERS_OPEN,,,,,,,,,,,,,,0,5,,,,,,,,,,,,,,,,,,,,,,,,,,,,0.0,0.0,,,,,0,0,,,Inv: 0.0/0.0 CapLeft: 50.0,,,0.0,0.0,0.0,50.0,50.0,0.0,50.0,0.9,0.09999999999999998,0.0,0.0,0.0,0.0,0.0,0.0,0.0,
1765989243.3559768,eth-updown-15m-1765989000,1765989000.0,1765989900.0,,656.6440231800079,,,,,0,0,0.99,0.98,IDLE,,,,,,,,,,,,,,0,5,,,,,,,,,,,,,,,,,,,,,,,,,,,,10.0,10.0,,,,,0,0,,,Inv: 10.0/10.0 CapLeft: 30.0,,,10.0,10.0,20.0,30.0,50.0,0.0,50.0,0.97,0.030000000000000027,5.0,0.48,0.51,-0.010000000000000009,5.0,0.0,0.002,OK
1765989244.778718,eth-updown-15m-1765989000,1765989000.0,1765989900.0,,655.2212820053101,,,,,0,0,0.9,0.98,ORDERS_OPEN,,,,,,,,,,,,,,0,5,,,,,,,,,,,,,,,,,,,,,,,,,,,,0.0,0.0,,,,,0,0,,,Inv: 0.0/0.0 CapLeft: 50.0,,,0.0,0.0,0.0,50.0,50.0,0.0,50.0,0.9,0.09999999999999998,0.0,0.0,0.0,0.0,0.0,0.0,0.0,
1765989245.583959,eth-updown-15m-1765989000,1765989000.0,1765989900.0,,654.4160408973694,,,,,0,0,0.99,0.98,IDLE,,,,,,,,,,,,,,0,5,,,,,,,,,,,,,,,,,,,,Spread high 0.99 > 0.98,,,,,,,,10.0,10.0,,,,,0,0,,,Inv: 10.0/10.0 CapLeft: 30.0,,,10.0,10.0,20.0,30.0,50.0,0.0,50.0,0.97,0.030000000000000027,5.0,0.48,0.51,-0.010000000000000009,5.0,0.0,0.002,OK
1765989246.2801156,eth-updown-15m-1765989000,1765989000.0,1765989900.0,,653.7198843955994,,,,,0,0,0.9,0.98,ORDERS_OPEN,,,,,,,,,,,,,,0,5,,,,,,,,,,,,,,,,,,,,,,,,,,,,0.0,0.0,,,,,0,0,,,Inv: 0.0/0.0 CapLeft: 50.0,,,0.0,0.0,0.0,50.0,50.0,0.0,50.0,0.9,0.09999999999999998,0.0,0.0,0.0,0.0,0.0,0.0,0.0,
1765989247.7821147,eth-updown-15m-1765989000,1765989000.0,1765989900.0,,652.2178852558136,,,,,0,0,0.9,0.98,ORDERS_OPEN,,,,,,,,,,,,,,0,5,,,,,,,,,,,,,,,,,,,,,,,,,,,,0.0,0.0,,,,,0,0,,,Inv: 0.0/0.0 CapLeft: 50.0,,,0.0,0.0,0.0,50.0,50.0,0.0,50.0,0.9,0.09999999999999998,0.0,0.0,0.0,0.0,0.0,0.0,0.0,
1765989247.6102293,eth-updown-15m-1765989000,1765989000.0,1765989900.0,,652.3897707462311,,,,,0,0,0.99,0.98,IDLE,,,,,,,,,,,,,,0,5,,,,,,,,,,,,,,,,,,,,Spread high 0.99 > 0.98,,,,,,,,10.0,10.0,,,,,0,0,,,Inv: 10.0/10.0 CapLeft: 30.0,,,10.0,10.0,20.0,30.0,50.0,0.0,50.0,0.97,0.030000000000000027,5.0,0.48,0.51,-0.010000000000000009,5.0,0.0,0.002,OK
1765989250.7857451,eth-updown-15m-1765989000,1765989000.0,1765989900.0,,649.2142548561096,,,,,0.45,0.45,0.9,0.98,ORDERS_OPEN,,,,,,,,,,,,,,5,5,,,,,,,,,,,,,,,,,,,,Leg:BOTH UP:5 DOWN:5,,,,,,,,0.0,0.0,,,,,0,0,,,Inv: 0.0/0.0 CapLeft: 50.0,,,0.0,0.0,0.0,50.0,50.0,0.0,50.0,0.9,0.09999999999999998,0.0,0.0,0.0,0.0,0.0,0.0,0.0,
1765989249.5473578,eth-updown-15m-1765989000,1765989000.0,1765989900.0,,650.4526422023773,,,,,0.44,0.53,0.97,0.98,ORDERS_OPEN,,,,,,,,,,,,,,5,5,,,,,,,,,,,,,,,,,,,,Leg:BOTH UP:5 DOWN:5,,,,,,,,10.0,12.340424,,,,,0,0,,,Inv: 10.0/12.3 CapLeft: 27.7,,,10.0,12.340424,22.340424,27.659576,50.0,0.0,50.0,0.97,0.030000000000000027,5.0,0.48,0.51,-0.010000000000000009,5.0,0.0,0.002,OK
1765989252.287266,eth-updown-15m-1765989000,1765989000.0,1765989900.0,,647.7127339839935,,,,,0,0,0.9,0.98,ORDERS_OPEN,,,,,,,,,,,,,,0,5,,,,,,,,,,,,,,,,,,,,,,,,,,,,0.0,0.0,,,,,0,0,,,Inv: 0.0/0.0 CapLeft: 50.0,,,0.0,0.0,0.0,50.0,50.0,0.0,50.0,0.9,0.09999999999999998,0.0,0.0,0.0,0.0,0.0,0.0,0.0,
1765989252.92296,eth-updown-15m-1765989000,1765989000.0,1765989900.0,,647.0770399570465,,,,,0,0,0.97,0.98,ORDERS_OPEN,,,,,,,,,,,,,,0,5,,,,,,,,,,,,,,,,,,,,,,,,,,,,10.0,12.340424,,,,,0,0,,,Inv: 10.0/12.3 CapLeft: 27.7,,,10.0,12.340424,22.340424,27.659576,50.0,0.0,50.0,0.97,0.030000000000000027,5.0,0.48,0.51,-0.010000000000000009,5.0,0.0,0.002,OK
1765989253.789458,eth-updown-15m-1765989000,1765989000.0,1765989900.0,,646.2105419635773,,,,,0,0,0.9,0.98,ORDERS_OPEN,,,,,,,,,,,,,,0,5,,,,,,,,,,,,,,,,,,,,,,,,,,,,0.0,0.0,,,,,0,0,,,Inv: 0.0/0.0 CapLeft: 50.0,,,0.0,0.0,0.0,50.0,50.0,0.0,50.0,0.9,0.09999999999999998,0.0,0.0,0.0,0.0,0.0,0.0,0.0,
1765989255.2913218,eth-updown-15m-1765989000,1765989000.0,1765989900.0,,644.7086782455444,,,,,0,0,0.9,0.98,ORDERS_OPEN,,,,,,,,,,,,,,0,5,,,,,,,,,,,,,,,,,,,,,,,,,,,,0.0,0.0,,,,,0,0,,,Inv: 0.0/0.0 CapLeft: 50.0,,,0.0,0.0,0.0,50.0,50.0,0.0,50.0,0.9,0.09999999999999998,0.0,0.0,0.0,0.0,0.0,0.0,0.0,
1765989255.077781,eth-updown-15m-1765989000,1765989000.0,1765989900.0,,644.9222190380096,,,,,0,0,0.99,0.98,ORDERS_OPEN,,,,,,,,,,,,,,0,5,,,,,,,,,,,,,,,,,,,,,,,,,,,,10.0,12.340424,,,,,0,0,,,Inv: 10.0/12.3 CapLeft: 27.7,,,10.0,12.340424,22.340424,27.659576,50.0,0.0,50.0,0.97,0.030000000000000027,5.0,0.48,0.51,-0.010000000000000009,5.0,0.0,0.002,OK
1765989256.7929878,eth-updown-15m-1765989000,1765989000.0,1765989900.0,,643.2070121765137,,,,,0,0,0.9,0.98,ORDERS_OPEN,,,,,,,,,,,,,,0,5,,,,,,,,,,,,,,,,,,,,,,,,,,,,0.0,0.0,,,,,0,0,,,Inv: 0.0/0.0 CapLeft: 50.0,,,0.0,0.0,0.0,50.0,50.0,0.0,50.0,0.9,0.09999999999999998,0.0,0.0,0.0,0.0,0.0,0.0,0.0,
1765989257.2244194,eth-updown-15m-1765989000,1765989000.0,1765989900.0,,642.7755806446075,,,,,0,0,0.99,0.98,ORDERS_OPEN,,,,,,,,,,,,,,0,5,,,,,,,,,,,,,,,,,,,,,,,,,,,,10.0,12.340424,,,,,0,0,,,Inv: 10.0/12.3 CapLeft: 27.7,,,10.0,12.340424,22.340424,27.659576,50.0,0.0,50.0,0.97,0.030000000000000027,5.0,0.48,0.51,-0.010000000000000009,5.0,0.0,0.002,OK
1765989258.2952483,eth-updown-15m-1765989000,1765989000.0,1765989900.0,,641.7047517299652,,,,,0,0,0.9,0.98,ORDERS_OPEN,,,,,,,,,,,,,,0,5,,,,,,,,,,,,,,,,,,,,,,,,,,,,0.0,0.0,,,,,0,0,,,Inv: 0.0/0.0 CapLeft: 50.0,,,0.0,0.0,0.0,50.0,50.0,0.0,50.0,0.9,0.09999999999999998,0.0,0.0,0.0,0.0,0.0,0.0,0.0,
1765989259.797048,eth-updown-15m-1765989000,1765989000.0,1765989900.0,,640.2029519081116,,,,,0,0,0.9,0.98,ORDERS_OPEN,,,,,,,,,,,,,,0,5,,,,,,,,,,,,,,,,,,,,,,,,,,,,0.0,0.0,,,,,0,0,,,Inv: 0.0/0.0 CapLeft: 50.0,,,0.0,0.0,0.0,50.0,50.0,0.0,50.0,0.9,0.09999999999999998,0.0,0.0,0.0,0.0,0.0,0.0,0.0,
1765989259.3852792,eth-updown-15m-1765989000,1765989000.0,1765989900.0,,640.6147208213806,,,,,0,0,0.97,0.98,ORDERS_OPEN,,,,,,,,,,,,,,0,5,,,,,,,,,,,,,,,,,,,,,,,,,,,,10.0,12.340424,,,,,0,0,,,Inv: 10.0/12.3 CapLeft: 27.7,,,10.0,12.340424,22.340424,27.659576,50.0,0.0,50.0,0.97,0.030000000000000027,5.0,0.48,0.51,-0.010000000000000009,5.0,0.0,0.002,OK
1765989261.2989626,eth-updown-15m-1765989000,1765989000.0,1765989900.0,,638.7010374069214,,,,,0,0,0.9,0.98,ORDERS_OPEN,,,,,,,,,,,,,,0,5,,,,,,,,,,,,,,,,,,,,,,,,,,,,0.0,0.0,,,,,0,0,,,Inv: 0.0/0.0 CapLeft: 50.0,,,0.0,0.0,0.0,50.0,50.0,0.0,50.0,0.9,0.09999999999999998,0.0,0.0,0.0,0.0,0.0,0.0,0.0,
1765989261.5588841,eth-updown-15m-1765989000,1765989000.0,1765989900.0,,638.4411158561707,,,,,0,0,0.98,0.98,ORDERS_OPEN,,,,,,,,,,,,,,0,5,,,,,,,,,,,,,,,,,,,,,,,,,,,,10.0,12.340424,,,,,0,0,,,Inv: 10.0/12.3 CapLeft: 27.7,,,10.0,12.340424,22.340424,27.659576,50.0,0.0,50.0,0.97,0.030000000000000027,5.0,0.48,0.51,-0.010000000000000009,5.0,0.0,0.002,OK
1765989262.800842,eth-updown-15m-1765989000,1765989000.0,1765989900.0,,637.1991579532623,,,,,0,0,0.9,0.98,ORDERS_OPEN,,,,,,,,,,,,,,0,5,,,,,,,,,,,,,,,,,,,,,,,,,,,,0.0,0.0,,,,,0,0,,,Inv: 0.0/0.0 CapLeft: 50.0,,,0.0,0.0,0.0,50.0,50.0,0.0,50.0,0.9,0.09999999999999998,0.0,0.0,0.0,0.0,0.0,0.0,0.0,
1765989264.3031716,eth-updown-15m-1765989000,1765989000.0,1765989900.0,,635.6968283653259,,,,,0,0,0.9,0.98,ORDERS_OPEN,,,,,,,,,,,,,,0,5,,,,,,,,,,,,,,,,,,,,,,,,,,,,0.0,0.0,,,,,0,0,,,Inv: 0.0/0.0 CapLeft: 50.0,,,0.0,0.0,0.0,50.0,50.0,0.0,50.0,0.9,0.09999999999999998,0.0,0.0,0.0,0.0,0.0,0.0,0.0,
1765989263.7523923,eth-updown-15m-1765989000,1765989000.0,1765989900.0,,636.2476077079773,,,,,0,0,0.99,0.98,ORDERS_OPEN,,,,,,,,,,,,,,0,5,,,,,,,,,,,,,,,,,,,,,,,,,,,,10.0,12.340424,,,,,0,0,,,Inv: 10.0/12.3 CapLeft: 27.7,,,10.0,12.340424,22.340424,27.659576,50.0,0.0,50.0,0.97,0.030000000000000027,5.0,0.48,0.51,-0.010000000000000009,5.0,0.0,0.002,OK
1765989265.9871285,eth-updown-15m-1765989000,1765989000.0,1765989900.0,,634.01287150383,,,,,0,0,0.99,0.98,ONE_LEG_INVENTORY,,,,,,,,,,,,,,0,5,,,,,,,,,,,,,,,,,,,,,,,,,,,,10.0,12.340424,,,,,0,0,,,Inv: 10.0/12.3 CapLeft: 27.7,,,10.0,12.340424,22.340424,27.659576,50.0,0.0,50.0,0.97,0.030000000000000027,5.0,0.48,0.51,-0.010000000000000009,5.0,0.0,0.002,OK
1765989267.3059835,eth-updown-15m-1765989000,1765989000.0,1765989900.0,,632.694016456604,,,,,0.45,0.45,0.9,0.98,ORDERS_OPEN,,,,,,,,,,,,,,5,5,,,,,,,,,,,,,,,,,,,,Leg:BOTH UP:5 DOWN:5,,,,,,,,0.0,0.0,,,,,0,0,,,Inv: 0.0/0.0 CapLeft: 50.0,,,0.0,0.0,0.0,50.0,50.0,0.0,50.0,0.9,0.09999999999999998,0.0,0.0,0.0,0.0,0.0,0.0,0.0,
1765989268.1341913,eth-updown-15m-1765989000,1765989000.0,1765989900.0,,631.865808725357,,,,,0,0,0.98,0.98,ONE_LEG_INVENTORY,,,,,,,,,,,,,,0,5,,,,,,,,,,,,,,,,,,,,"RECONSTRUCT_BLOCKED: OVERPAY_LIMIT (Op:0.0538 > L:0.0020, Cost:$0.27)",,,,,,,,10.0,12.340424,,,,,0,0,,,Inv: 10.0/12.3 CapLeft: 27.7,,,10.0,12.340424,22.340424,27.659576,50.0,0.0,50.0,0.97,0.030000000000000027,-2.3404240000000005,0.513793101436385,0.54,0.05379310143638505,5.0,0.26896550718192525,0.002,OVERPAY_LIMIT
1765989268.1341913,eth-updown-15m-1765989000,1765989000.0,1765989900.0,,631.865808725357,,,,,0,0,0.98,0.98,ONE_LEG_INVENTORY,,,,,,,,,,,,,,0,5,,,,,,,,,,,,,,,,,,,,"RECONSTRUCT_BLOCKED: OVERPAY_LIMIT (Op:0.0538 > L:0.0020, Cost:$0.27)",,,,,,,,10.0,12.340424,,,,,0,0,,,Inv: 10.0/12.3 CapLeft: 27.7,,,10.0,12.340424,22.340424,27.659576,50.0,0.0,50.0,0.97,0.030000000000000027,-2.3404240000000005,0.513793101436385,0.54,0.05379310143638505,5.0,0.26896550718192525,0.002,OVERPAY_LIMIT
1765989268.8073354,eth-updown-15m-1765989000,1765989000.0,1765989900.0,,631.1926646232605,,,,,0,0,0.9,0.98,ORDERS_OPEN,,,,,,,,,,,,,,0,5,,,,,,,,,,,,,,,,,,,,,,,,,,,,0.0,0.0,,,,,0,0,,,Inv: 0.0/0.0 CapLeft: 50.0,,,0.0,0.0,0.0,50.0,50.0,0.0,50.0,0.9,0.09999999999999998,0.0,0.0,0.0,0.0,0.0,0.0,0.0,
1765989270.3083782,eth-updown-15m-1765989000,1765989000.0,1765989900.0,,629.6916217803955,,,,,0,0,0.9,0.98,ORDERS_OPEN,,,,,,,,,,,,,,0,5,,,,,,,,,,,,,,,,,,,,,,,,,,,,0.0,0.0,,,,,0,0,,,Inv: 0.0/0.0 CapLeft: 50.0,,,0.0,0.0,0.0,50.0,50.0,0.0,50.0,0.9,0.09999999999999998,0.0,0.0,0.0,0.0,0.0,0.0,0.0,
1765989270.0966904,eth-updown-15m-1765989000,1765989000.0,1765989900.0,,629.9033095836639,,,,,0,0,0.99,0.98,ONE_LEG_INVENTORY,,,,,,,,,,,,,,0,5,,,,,,,,,,,,,,,,,,,,"RECONSTRUCT_BLOCKED: OVERPAY_LIMIT (Op:0.0838 > L:0.0020, Cost:$0.42)",,,,,,,,10.0,12.340424,,,,,0,0,,,Inv: 10.0/12.3 CapLeft: 27.7,,,10.0,12.340424,22.340424,27.659576,50.0,0.0,50.0,0.97,0.030000000000000027,-2.3404240000000005,0.513793101436385,0.57,0.08379310143638508,5.0,0.4189655071819254,0.002,OVERPAY_LIMIT
1765989270.0966904,eth-updown-15m-1765989000,1765989000.0,1765989900.0,,629.9033095836639,,,,,0,0,0.99,0.98,ONE_LEG_INVENTORY,,,,,,,,,,,,,,0,5,,,,,,,,,,,,,,,,,,,,"RECONSTRUCT_BLOCKED: OVERPAY_LIMIT (Op:0.0838 > L:0.0020, Cost:$0.42)",,,,,,,,10.0,12.340424,,,,,0,0,,,Inv: 10.0/12.3 CapLeft: 27.7,,,10.0,12.340424,22.340424,27.659576,50.0,0.0,50.0,0.97,0.030000000000000027,-2.3404240000000005,0.513793101436385,0.57,0.08379310143638508,5.0,0.4189655071819254,0.002,OVERPAY_LIMIT
1765989271.8096974,eth-updown-15m-1765989000,1765989000.0,1765989900.0,,628.1903026103973,,,,,0,0,0.9,0.98,ORDERS_OPEN,,,,,,,,,,,,,,0,5,,,,,,,,,,,,,,,,,,,,,,,,,,,,0.0,0.0,,,,,0,0,,,Inv: 0.0/0.0 CapLeft: 50.0,,,0.0,0.0,0.0,50.0,50.0,0.0,50.0,0.9,0.09999999999999998,0.0,0.0,0.0,0.0,0.0,0.0,0.0,
1765989272.0635562,eth-updown-15m-1765989000,1765989000.0,1765989900.0,,627.9364438056946,,,,,0,0,0.99,0.98,ONE_LEG_INVENTORY,,,,,,,,,,,,,,0,5,,,,,,,,,,,,,,,,,,,,"RECONSTRUCT_BLOCKED: OVERPAY_LIMIT (Op:0.0638 > L:0.0020, Cost:$0.32)",,,,,,,,10.0,12.340424,,,,,0,0,,,Inv: 10.0/12.3 CapLeft: 27.7,,,10.0,12.340424,22.340424,27.659576,50.0,0.0,50.0,0.97,0.030000000000000027,-2.3404240000000005,0.513793101436385,0.55,0.06379310143638506,5.0,0.3189655071819253,0.002,OVERPAY_LIMIT
1765989272.0635562,eth-updown-15m-1765989000,1765989000.0,1765989900.0,,627.9364438056946,,,,,0,0,0.99,0.98,ONE_LEG_INVENTORY,,,,,,,,,,,,,,0,5,,,,,,,,,,,,,,,,,,,,"RECONSTRUCT_BLOCKED: OVERPAY_LIMIT (Op:0.0638 > L:0.0020, Cost:$0.32)",,,,,,,,10.0,12.340424,,,,,0,0,,,Inv: 10.0/12.3 CapLeft: 27.7,,,10.0,12.340424,22.340424,27.659576,50.0,0.0,50.0,0.97,0.030000000000000027,-2.3404240000000005,0.513793101436385,0.55,0.06379310143638506,5.0,0.3189655071819253,0.002,OVERPAY_LIMIT
1765989273.3109303,eth-updown-15m-1765989000,1765989000.0,1765989900.0,,626.6890697479248,,,,,0,0,0.9,0.98,ORDERS_OPEN,,,,,,,,,,,,,,0,5,,,,,,,,,,,,,,,,,,,,,,,,,,,,0.0,0.0,,,,,0,0,,,Inv: 0.0/0.0 CapLeft: 50.0,,,0.0,0.0,0.0,50.0,50.0,0.0,50.0,0.9,0.09999999999999998,0.0,0.0,0.0,0.0,0.0,0.0,0.0,
1765989274.0341086,eth-updown-15m-1765989000,1765989000.0,1765989900.0,,625.9658913612366,,,,,0,0,0.98,0.98,ONE_LEG_INVENTORY,,,,,,,,,,,,,,0,5,,,,,,,,,,,,,,,,,,,,"RECONSTRUCT_BLOCKED: OVERPAY_LIMIT (Op:0.0738 > L:0.0020, Cost:$0.37)",,,,,,,,10.0,12.340424,,,,,0,0,,,Inv: 10.0/12.3 CapLeft: 27.7,,,10.0,12.340424,22.340424,27.659576,50.0,0.0,50.0,0.97,0.030000000000000027,-2.3404240000000005,0.513793101436385,0.56,0.07379310143638507,5.0,0.36896550718192533,0.002,OVERPAY_LIMIT
1765989274.0341086,eth-updown-15m-1765989000,1765989000.0,1765989900.0,,625.9658913612366,,,,,0,0,0.98,0.98,ONE_LEG_INVENTORY,,,,,,,,,,,,,,0,5,,,,,,,,,,,,,,,,,,,,"RECONSTRUCT_BLOCKED: OVERPAY_LIMIT (Op:0.0738 > L:0.0020, Cost:$0.37)",,,,,,,,10.0,12.340424,,,,,0,0,,,Inv: 10.0/12.3 CapLeft: 27.7,,,10.0,12.340424,22.340424,27.659576,50.0,0.0,50.0,0.97,0.030000000000000027,-2.3404240000000005,0.513793101436385,0.56,0.07379310143638507,5.0,0.36896550718192533,0.002,OVERPAY_LIMIT
1765989274.813038,eth-updown-15m-1765989000,1765989000.0,1765989900.0,,625.186961889267,,,,,0,0,0.9,0.98,ORDERS_OPEN,,,,,,,,,,,,,,0,5,,,,,,,,,,,,,,,,,,,,,,,,,,,,0.0,0.0,,,,,0,0,,,Inv: 0.0/0.0 CapLeft: 50.0,,,0.0,0.0,0.0,50.0,50.0,0.0,50.0,0.9,0.09999999999999998,0.0,0.0,0.0,0.0,0.0,0.0,0.0,
1765989276.3145733,eth-updown-15m-1765989000,1765989000.0,1765989900.0,,623.6854267120361,,,,,0,0,0.9,0.98,ORDERS_OPEN,,,,,,,,,,,,,,0,5,,,,,,,,,,,,,,,,,,,,,,,,,,,,0.0,0.0,,,,,0,0,,,Inv: 0.0/0.0 CapLeft: 50.0,,,0.0,0.0,0.0,50.0,50.0,0.0,50.0,0.9,0.09999999999999998,0.0,0.0,0.0,0.0,0.0,0.0,0.0,
1765989275.9656215,eth-updown-15m-1765989000,1765989000.0,1765989900.0,,624.034378528595,,,,,0,0,0.97,0.98,ONE_LEG_INVENTORY,,,,,,,,,,,,,,0,5,,,,,,,,,,,,,,,,,,,,"RECONSTRUCT_BLOCKED: OVERPAY_LIMIT (Op:0.0538 > L:0.0020, Cost:$0.27)",,,,,,,,10.0,12.340424,,,,,0,0,,,Inv: 10.0/12.3 CapLeft: 27.7,,,10.0,12.340424,22.340424,27.659576,50.0,0.0,50.0,0.97,0.030000000000000027,-2.3404240000000005,0.513793101436385,0.54,0.05379310143638505,5.0,0.26896550718192525,0.002,OVERPAY_LIMIT
1765989275.9656215,eth-updown-15m-1765989000,1765989000.0,1765989900.0,,624.034378528595,,,,,0,0,0.97,0.98,ONE_LEG_INVENTORY,,,,,,,,,,,,,,0,5,,,,,,,,,,,,,,,,,,,,"RECONSTRUCT_BLOCKED: OVERPAY_LIMIT (Op:0.0538 > L:0.0020, Cost:$0.27)",,,,,,,,10.0,12.340424,,,,,0,0,,,Inv: 10.0/12.3 CapLeft: 27.7,,,10.0,12.340424,22.340424,27.659576,50.0,0.0,50.0,0.97,0.030000000000000027,-2.3404240000000005,0.513793101436385,0.54,0.05379310143638505,5.0,0.26896550718192525,0.002,OVERPAY_LIMIT
1765989277.8161407,eth-updown-15m-1765989000,1765989000.0,1765989900.0,,622.1838593482971,,,,,0,0,0.9,0.98,ORDERS_OPEN,,,,,,,,,,,,,,0,5,,,,,,,,,,,,,,,,,,,,,,,,,,,,0.0,0.0,,,,,0,0,,,Inv: 0.0/0.0 CapLeft: 50.0,,,0.0,0.0,0.0,50.0,50.0,0.0,50.0,0.9,0.09999999999999998,0.0,0.0,0.0,0.0,0.0,0.0,0.0,
1765989277.898884,eth-updown-15m-1765989000,1765989000.0,1765989900.0,,622.1011159420013,,,,,0,0,0.97,0.98,ONE_LEG_INVENTORY,,,,,,,,,,,,,,0,5,,,,,,,,,,,,,,,,,,,,"RECONSTRUCT_BLOCKED: OVERPAY_LIMIT (Op:0.0838 > L:0.0020, Cost:$0.42)",,,,,,,,10.0,12.340424,,,,,0,0,,,Inv: 10.0/12.3 CapLeft: 27.7,,,10.0,12.340424,22.340424,27.659576,50.0,0.0,50.0,0.97,0.030000000000000027,-2.3404240000000005,0.513793101436385,0.57,0.08379310143638508,5.0,0.4189655071819254,0.002,OVERPAY_LIMIT
1765989277.898884,eth-updown-15m-1765989000,1765989000.0,1765989900.0,,622.1011159420013,,,,,0,0,0.97,0.98,ONE_LEG_INVENTORY,,,,,,,,,,,,,,0,5,,,,,,,,,,,,,,,,,,,,"RECONSTRUCT_BLOCKED: OVERPAY_LIMIT (Op:0.0838 > L:0.0020, Cost:$0.42)",,,,,,,,10.0,12.340424,,,,,0,0,,,Inv: 10.0/12.3 CapLeft: 27.7,,,10.0,12.340424,22.340424,27.659576,50.0,0.0,50.0,0.97,0.030000000000000027,-2.3404240000000005,0.513793101436385,0.57,0.08379310143638508,5.0,0.4189655071819254,0.002,OVERPAY_LIMIT
1765989279.3188071,eth-updown-15m-1765989000,1765989000.0,1765989900.0,,620.6811928749084,,,,,0,0,0.9,0.98,ORDERS_OPEN,,,,,,,,,,,,,,0,5,,,,,,,,,,,,,,,,,,,,,,,,,,,,0.0,0.0,,,,,0,0,,,Inv: 0.0/0.0 CapLeft: 50.0,,,0.0,0.0,0.0,50.0,50.0,0.0,50.0,0.9,0.09999999999999998,0.0,0.0,0.0,0.0,0.0,0.0,0.0,
1765989279.8303063,eth-updown-15m-1765989000,1765989000.0,1765989900.0,,620.1696937084198,,,,,0,0,0.99,0.98,ONE_LEG_INVENTORY,,,,,,,,,,,,,,0,5,,,,,,,,,,,,,,,,,,,,"RECONSTRUCT_BLOCKED: OVERPAY_LIMIT (Op:0.0638 > L:0.0020, Cost:$0.32)",,,,,,,,10.0,12.340424,,,,,0,0,,,Inv: 10.0/12.3 CapLeft: 27.7,,,10.0,12.340424,22.340424,27.659576,50.0,0.0,50.0,0.97,0.030000000000000027,-2.3404240000000005,0.513793101436385,0.55,0.06379310143638506,5.0,0.3189655071819253,0.002,OVERPAY_LIMIT
1765989279.8303063,eth-updown-15m-1765989000,1765989000.0,1765989900.0,,620.1696937084198,,,,,0,0,0.99,0.98,ONE_LEG_INVENTORY,,,,,,,,,,,,,,0,5,,,,,,,,,,,,,,,,,,,,"RECONSTRUCT_BLOCKED: OVERPAY_LIMIT (Op:0.0638 > L:0.0020, Cost:$0.32)",,,,,,,,10.0,12.340424,,,,,0,0,,,Inv: 10.0/12.3 CapLeft: 27.7,,,10.0,12.340424,22.340424,27.659576,50.0,0.0,50.0,0.97,0.030000000000000027,-2.3404240000000005,0.513793101436385,0.55,0.06379310143638506,5.0,0.3189655071819253,0.002,OVERPAY_LIMIT
1765989280.8199713,eth-updown-15m-1765989000,1765989000.0,1765989900.0,,619.1800286769867,,,,,0,0,0.9,0.98,ORDERS_OPEN,,,,,,,,,,,,,,0,5,,,,,,,,,,,,,,,,,,,,,,,,,,,,0.0,0.0,,,,,0,0,,,Inv: 0.0/0.0 CapLeft: 50.0,,,0.0,0.0,0.0,50.0,50.0,0.0,50.0,0.9,0.09999999999999998,0.0,0.0,0.0,0.0,0.0,0.0,0.0,
1765989281.7640302,eth-updown-15m-1765989000,1765989000.0,1765989900.0,,618.2359697818756,,,,,0,0,0.98,0.98,ONE_LEG_INVENTORY,,,,,,,,,,,,,,0,5,,,,,,,,,,,,,,,,,,,,"RECONSTRUCT_BLOCKED: OVERPAY_LIMIT (Op:0.0638 > L:0.0020, Cost:$0.32)",,,,,,,,10.0,12.340424,,,,,0,0,,,Inv: 10.0/12.3 CapLeft: 27.7,,,10.0,12.340424,22.340424,27.659576,50.0,0.0,50.0,0.97,0.030000000000000027,-2.3404240000000005,0.513793101436385,0.55,0.06379310143638506,5.0,0.3189655071819253,0.002,OVERPAY_LIMIT
1765989281.7640302,eth-updown-15m-1765989000,1765989000.0,1765989900.0,,618.2359697818756,,,,,0,0,0.98,0.98,ONE_LEG_INVENTORY,,,,,,,,,,,,,,0,5,,,,,,,,,,,,,,,,,,,,"RECONSTRUCT_BLOCKED: OVERPAY_LIMIT (Op:0.0638 > L:0.0020, Cost:$0.32)",,,,,,,,10.0,12.340424,,,,,0,0,,,Inv: 10.0/12.3 CapLeft: 27.7,,,10.0,12.340424,22.340424,27.659576,50.0,0.0,50.0,0.97,0.030000000000000027,-2.3404240000000005,0.513793101436385,0.55,0.06379310143638506,5.0,0.3189655071819253,0.002,OVERPAY_LIMIT
1765989283.8228033,eth-updown-15m-1765989000,1765989000.0,1765989900.0,,616.1771967411041,,,,,0.45,0.45,0.9,0.98,ORDERS_OPEN,,,,,,,,,,,,,,5,5,,,,,,,,,,,,,,,,,,,,Leg:BOTH UP:5 DOWN:5,,,,,,,,0.0,0.0,,,,,0,0,,,Inv: 0.0/0.0 CapLeft: 50.0,,,0.0,0.0,0.0,50.0,50.0,0.0,50.0,0.9,0.09999999999999998,0.0,0.0,0.0,0.0,0.0,0.0,0.0,
1765989283.70425,eth-updown-15m-1765989000,1765989000.0,1765989900.0,,616.2957499027252,,,,,0,0,0.97,0.98,ONE_LEG_INVENTORY,,,,,,,,,,,,,,0,5,,,,,,,,,,,,,,,,,,,,"RECONSTRUCT_BLOCKED: OVERPAY_LIMIT (Op:0.0438 > L:0.0020, Cost:$0.22)",,,,,,,,10.0,12.340424,,,,,0,0,,,Inv: 10.0/12.3 CapLeft: 27.7,,,10.0,12.340424,22.340424,27.659576,50.0,0.0,50.0,0.97,0.030000000000000027,-2.3404240000000005,0.513793101436385,0.53,0.04379310143638504,5.0,0.2189655071819252,0.002,OVERPAY_LIMIT
1765989283.70425,eth-updown-15m-1765989000,1765989000.0,1765989900.0,,616.2957499027252,,,,,0,0,0.97,0.98,ONE_LEG_INVENTORY,,,,,,,,,,,,,,0,5,,,,,,,,,,,,,,,,,,,,"RECONSTRUCT_BLOCKED: OVERPAY_LIMIT (Op:0.0438 > L:0.0020, Cost:$0.22)",,,,,,,,10.0,12.340424,,,,,0,0,,,Inv: 10.0/12.3 CapLeft: 27.7,,,10.0,12.340424,22.340424,27.659576,50.0,0.0,50.0,0.97,0.030000000000000027,-2.3404240000000005,0.513793101436385,0.53,0.04379310143638504,5.0,0.2189655071819252,0.002,OVERPAY_LIMIT
1765989285.3241744,eth-updown-15m-1765989000,1765989000.0,1765989900.0,,614.6758255958557,,,,,0,0,0.9,0.98,ORDERS_OPEN,,,,,,,,,,,,,,0,5,,,,,,,,,,,,,,,,,,,,,,,,,,,,0.0,0.0,,,,,0,0,,,Inv: 0.0/0.0 CapLeft: 50.0,,,0.0,0.0,0.0,50.0,50.0,0.0,50.0,0.9,0.09999999999999998,0.0,0.0,0.0,0.0,0.0,0.0,0.0,
1765989285.6440132,eth-updown-15m-1765989000,1765989000.0,1765989900.0,,614.3559868335724,,,,,0,0,0.98,0.98,ONE_LEG_INVENTORY,,,,,,,,,,,,,,0,5,,,,,,,,,,,,,,,,,,,,"RECONSTRUCT_BLOCKED: OVERPAY_LIMIT (Op:0.0438 > L:0.0020, Cost:$0.22)",,,,,,,,10.0,12.340424,,,,,0,0,,,Inv: 10.0/12.3 CapLeft: 27.7,,,10.0,12.340424,22.340424,27.659576,50.0,0.0,50.0,0.97,0.030000000000000027,-2.3404240000000005,0.513793101436385,0.53,0.04379310143638504,5.0,0.2189655071819252,0.002,OVERPAY_LIMIT
1765989285.6440132,eth-updown-15m-1765989000,1765989000.0,1765989900.0,,614.3559868335724,,,,,0,0,0.98,0.98,ONE_LEG_INVENTORY,,,,,,,,,,,,,,0,5,,,,,,,,,,,,,,,,,,,,"RECONSTRUCT_BLOCKED: OVERPAY_LIMIT (Op:0.0438 > L:0.0020, Cost:$0.22)",,,,,,,,10.0,12.340424,,,,,0,0,,,Inv: 10.0/12.3 CapLeft: 27.7,,,10.0,12.340424,22.340424,27.659576,50.0,0.0,50.0,0.97,0.030000000000000027,-2.3404240000000005,0.513793101436385,0.53,0.04379310143638504,5.0,0.2189655071819252,0.002,OVERPAY_LIMIT
1765989286.825412,eth-updown-15m-1765989000,1765989000.0,1765989900.0,,613.1745879650116,,,,,0,0,0.9,0.98,ORDERS_OPEN,,,,,,,,,,,,,,0,5,,,,,,,,,,,,,,,,,,,,,,,,,,,,0.0,0.0,,,,,0,0,,,Inv: 0.0/0.0 CapLeft: 50.0,,,0.0,0.0,0.0,50.0,50.0,0.0,50.0,0.9,0.09999999999999998,0.0,0.0,0.0,0.0,0.0,0.0,0.0,
1765989287.5963247,eth-updown-15m-1765989000,1765989000.0,1765989900.0,,612.4036753177643,,,,,0,0,0.98,0.98,ONE_LEG_INVENTORY,,,,,,,,,,,,,,0,5,,,,,,,,,,,,,,,,,,,,"RECONSTRUCT_BLOCKED: OVERPAY_LIMIT (Op:0.0338 > L:0.0020, Cost:$0.17)",,,,,,,,10.0,12.340424,,,,,0,0,,,Inv: 10.0/12.3 CapLeft: 27.7,,,10.0,12.340424,22.340424,27.659576,50.0,0.0,50.0,0.97,0.030000000000000027,-2.3404240000000005,0.513793101436385,0.52,0.03379310143638503,5.0,0.16896550718192516,0.002,OVERPAY_LIMIT
1765989287.5963247,eth-updown-15m-1765989000,1765989000.0,1765989900.0,,612.4036753177643,,,,,0,0,0.98,0.98,ONE_LEG_INVENTORY,,,,,,,,,,,,,,0,5,,,,,,,,,,,,,,,,,,,,"RECONSTRUCT_BLOCKED: OVERPAY_LIMIT (Op:0.0338 > L:0.0020, Cost:$0.17)",,,,,,,,10.0,12.340424,,,,,0,0,,,Inv: 10.0/12.3 CapLeft: 27.7,,,10.0,12.340424,22.340424,27.659576,50.0,0.0,50.0,0.97,0.030000000000000027,-2.3404240000000005,0.513793101436385,0.52,0.03379310143638503,5.0,0.16896550718192516,0.002,OVERPAY_LIMIT
1765989288.32715,eth-updown-15m-1765989000,1765989000.0,1765989900.0,,611.67284989357,,,,,0,0,0.9,0.98,ORDERS_OPEN,,,,,,,,,,,,,,0,5,,,,,,,,,,,,,,,,,,,,,,,,,,,,0.0,0.0,,,,,0,0,,,Inv: 0.0/0.0 CapLeft: 50.0,,,0.0,0.0,0.0,50.0,50.0,0.0,50.0,0.9,0.09999999999999998,0.0,0.0,0.0,0.0,0.0,0.0,0.0,
1765989289.8284955,eth-updown-15m-1765989000,1765989000.0,1765989900.0,,610.1715044975281,,,,,0,0,0.9,0.98,ORDERS_OPEN,,,,,,,,,,,,,,0,5,,,,,,,,,,,,,,,,,,,,,,,,,,,,0.0,0.0,,,,,0,0,,,Inv: 0.0/0.0 CapLeft: 50.0,,,0.0,0.0,0.0,50.0,50.0,0.0,50.0,0.9,0.09999999999999998,0.0,0.0,0.0,0.0,0.0,0.0,0.0,
1765989289.5476215,eth-updown-15m-1765989000,1765989000.0,1765989900.0,,610.4523785114288,,,,,0,0,0.99,0.98,ONE_LEG_INVENTORY,,,,,,,,,,,,,,0,5,,,,,,,,,,,,,,,,,,,,"RECONSTRUCT_BLOCKED: OVERPAY_LIMIT (Op:0.0338 > L:0.0020, Cost:$0.17)",,,,,,,,10.0,12.340424,,,,,0,0,,,Inv: 10.0/12.3 CapLeft: 27.7,,,10.0,12.340424,22.340424,27.659576,50.0,0.0,50.0,0.97,0.030000000000000027,-2.3404240000000005,0.513793101436385,0.52,0.03379310143638503,5.0,0.16896550718192516,0.002,OVERPAY_LIMIT
1765989289.5476215,eth-updown-15m-1765989000,1765989000.0,1765989900.0,,610.4523785114288,,,,,0,0,0.99,0.98,ONE_LEG_INVENTORY,,,,,,,,,,,,,,0,5,,,,,,,,,,,,,,,,,,,,"RECONSTRUCT_BLOCKED: OVERPAY_LIMIT (Op:0.0338 > L:0.0020, Cost:$0.17)",,,,,,,,10.0,12.340424,,,,,0,0,,,Inv: 10.0/12.3 CapLeft: 27.7,,,10.0,12.340424,22.340424,27.659576,50.0,0.0,50.0,0.97,0.030000000000000027,-2.3404240000000005,0.513793101436385,0.52,0.03379310143638503,5.0,0.16896550718192516,0.002,OVERPAY_LIMIT
1765989291.3299913,eth-updown-15m-1765989000,1765989000.0,1765989900.0,,608.6700086593628,,,,,0,0,0.9,0.98,ORDERS_OPEN,,,,,,,,,,,,,,0,5,,,,,,,,,,,,,,,,,,,,,,,,,,,,0.0,0.0,,,,,0,0,,,Inv: 0.0/0.0 CapLeft: 50.0,,,0.0,0.0,0.0,50.0,50.0,0.0,50.0,0.9,0.09999999999999998,0.0,0.0,0.0,0.0,0.0,0.0,0.0,
1765989291.4945588,eth-updown-15m-1765989000,1765989000.0,1765989900.0,,608.5054411888123,,,,,0,0,1.0,0.98,ONE_LEG_INVENTORY,,,,,,,,,,,,,,0,5,,,,,,,,,,,,,,,,,,,,"RECONSTRUCT_BLOCKED: OVERPAY_LIMIT (Op:0.0238 > L:0.0020, Cost:$0.12)",,,,,,,,10.0,12.340424,,,,,0,0,,,Inv: 10.0/12.3 CapLeft: 27.7,,,10.0,12.340424,22.340424,27.659576,50.0,0.0,50.0,0.97,0.030000000000000027,-2.3404240000000005,0.513793101436385,0.51,0.023793101436385022,5.0,0.11896550718192511,0.002,OVERPAY_LIMIT
1765989291.4945588,eth-updown-15m-1765989000,1765989000.0,1765989900.0,,608.5054411888123,,,,,0,0,1.0,0.98,ONE_LEG_INVENTORY,,,,,,,,,,,,,,0,5,,,,,,,,,,,,,,,,,,,,"RECONSTRUCT_BLOCKED: OVERPAY_LIMIT (Op:0.0238 > L:0.0020, Cost:$0.12)",,,,,,,,10.0,12.340424,,,,,0,0,,,Inv: 10.0/12.3 CapLeft: 27.7,,,10.0,12.340424,22.340424,27.659576,50.0,0.0,50.0,0.97,0.030000000000000027,-2.3404240000000005,0.513793101436385,0.51,0.023793101436385022,5.0,0.11896550718192511,0.002,OVERPAY_LIMIT
1765989292.8316057,eth-updown-15m-1765989000,1765989000.0,1765989900.0,,607.1683943271637,,,,,0,0,0.9,0.98,ORDERS_OPEN,,,,,,,,,,,,,,0,5,,,,,,,,,,,,,,,,,,,,,,,,,,,,0.0,0.0,,,,,0,0,,,Inv: 0.0/0.0 CapLeft: 50.0,,,0.0,0.0,0.0,50.0,50.0,0.0,50.0,0.9,0.09999999999999998,0.0,0.0,0.0,0.0,0.0,0.0,0.0,
1765989294.333416,eth-updown-15m-1765989000,1765989000.0,1765989900.0,,605.6665840148926,,,,,0,0,0.9,0.98,ORDERS_OPEN,,,,,,,,,,,,,,0,5,,,,,,,,,,,,,,,,,,,,,,,,,,,,0.0,0.0,,,,,0,0,,,Inv: 0.0/0.0 CapLeft: 50.0,,,0.0,0.0,0.0,50.0,50.0,0.0,50.0,0.9,0.09999999999999998,0.0,0.0,0.0,0.0,0.0,0.0,0.0,
1765989293.442253,eth-updown-15m-1765989000,1765989000.0,1765989900.0,,606.557746887207,,,,,0.48,0.51,0.99,0.98,ONE_LEG_INVENTORY,,,,,,,,,,,,,,5.0,5.0,,,,,,,,,,,,,,,,,,,,RECONSTRUCT_CHUNK: 5.0/0.0 (Op:-0.0062 B:$50.00),,,,,,,,15.0,12.340424,,,,,0,0,,,Inv: 15.0/12.3 CapLeft: 22.7,,,15.0,12.340424,27.340424,22.659576,50.0,0.0,50.0,0.97,0.030000000000000027,-2.3404240000000005,0.513793101436385,0.48,-0.006206898563615004,5.0,0.0,0.002,OK
1765989295.835309,eth-updown-15m-1765989000,1765989000.0,1765989900.0,,604.1646909713745,,,,,0,0,0.9,0.98,ORDERS_OPEN,,,,,,,,,,,,,,0,5,,,,,,,,,,,,,,,,,,,,,,,,,,,,0.0,0.0,,,,,0,0,,,Inv: 0.0/0.0 CapLeft: 50.0,,,0.0,0.0,0.0,50.0,50.0,0.0,50.0,0.9,0.09999999999999998,0.0,0.0,0.0,0.0,0.0,0.0,0.0,
1765989296.4024653,eth-updown-15m-1765989000,1765989000.0,1765989900.0,,603.5975346565247,,,,,0,0,0.99,0.98,ONE_LEG_INVENTORY,,,,,,,,,,,,,,0,5.0,,,,,,,,,,,,,,,,,,,,"RECONSTRUCT_BLOCKED: OVERPAY_LIMIT (Op:0.0233 > L:0.0020, Cost:$0.12)",,,,,,,,15.0,12.340424,,,,,0,0,,,Inv: 15.0/12.3 CapLeft: 22.7,,,15.0,12.340424,27.340424,22.659576,50.0,0.0,50.0,0.97,0.030000000000000027,2.6595759999999995,0.47333333333333333,0.55,0.023333333333333428,5.0,0.11666666666666714,0.002,OVERPAY_LIMIT
1765989296.4024653,eth-updown-15m-1765989000,1765989000.0,1765989900.0,,603.5975346565247,,,,,0,0,0.99,0.98,ONE_LEG_INVENTORY,,,,,,,,,,,,,,0,5.0,,,,,,,,,,,,,,,,,,,,"RECONSTRUCT_BLOCKED: OVERPAY_LIMIT (Op:0.0233 > L:0.0020, Cost:$0.12)",,,,,,,,15.0,12.340424,,,,,0,0,,,Inv: 15.0/12.3 CapLeft: 22.7,,,15.0,12.340424,27.340424,22.659576,50.0,0.0,50.0,0.97,0.030000000000000027,2.6595759999999995,0.47333333333333333,0.55,0.023333333333333428,5.0,0.11666666666666714,0.002,OVERPAY_LIMIT
1765989297.3368204,eth-updown-15m-1765989000,1765989000.0,1765989900.0,,602.6631796360016,,,,,0,0,0.9,0.98,ORDERS_OPEN,,,,,,,,,,,,,,0,5,,,,,,,,,,,,,,,,,,,,,,,,,,,,0.0,0.0,,,,,0,0,,,Inv: 0.0/0.0 CapLeft: 50.0,,,0.0,0.0,0.0,50.0,50.0,0.0,50.0,0.9,0.09999999999999998,0.0,0.0,0.0,0.0,0.0,0.0,0.0,
1765989298.3402283,eth-updown-15m-1765989000,1765989000.0,1765989900.0,,601.6597716808319,,,,,0,0,0.98,0.98,ONE_LEG_INVENTORY,,,,,,,,,,,,,,0,5.0,,,,,,,,,,,,,,,,,,,,"RECONSTRUCT_BLOCKED: OVERPAY_LIMIT (Op:0.0233 > L:0.0020, Cost:$0.12)",,,,,,,,15.0,12.340424,,,,,0,0,,,Inv: 15.0/12.3 CapLeft: 22.7,,,15.0,12.340424,27.340424,22.659576,50.0,0.0,50.0,0.97,0.030000000000000027,2.6595759999999995,0.47333333333333333,0.55,0.023333333333333428,5.0,0.11666666666666714,0.002,OVERPAY_LIMIT
1765989298.3402283,eth-updown-15m-1765989000,1765989000.0,1765989900.0,,601.6597716808319,,,,,0,0,0.98,0.98,ONE_LEG_INVENTORY,,,,,,,,,,,,,,0,5.0,,,,,,,,,,,,,,,,,,,,"RECONSTRUCT_BLOCKED: OVERPAY_LIMIT (Op:0.0233 > L:0.0020, Cost:$0.12)",,,,,,,,15.0,12.340424,,,,,0,0,,,Inv: 15.0/12.3 CapLeft: 22.7,,,15.0,12.340424,27.340424,22.659576,50.0,0.0,50.0,0.97,0.030000000000000027,2.6595759999999995,0.47333333333333333,0.55,0.023333333333333428,5.0,0.11666666666666714,0.002,OVERPAY_LIMIT
1765989300.3384907,eth-updown-15m-1765989000,1765989000.0,1765989900.0,,599.6615092754364,,,,,0.45,0.45,0.9,0.98,ORDERS_OPEN,,,,,,,,,,,,,,5,5,,,,,,,,,,,,,,,,,,,,Leg:BOTH UP:5 DOWN:5,,,,,,,,0.0,0.0,,,,,0,0,,,Inv: 0.0/0.0 CapLeft: 50.0,,,0.0,0.0,0.0,50.0,50.0,0.0,50.0,0.9,0.09999999999999998,0.0,0.0,0.0,0.0,0.0,0.0,0.0,
1765989300.277177,eth-updown-15m-1765989000,1765989000.0,1765989900.0,,599.7228229045868,,,,,0,0,0.98,0.98,ONE_LEG_INVENTORY,,,,,,,,,,,,,,0,5.0,,,,,,,,,,,,,,,,,,,,"RECONSTRUCT_BLOCKED: OVERPAY_LIMIT (Op:0.0133 > L:0.0020, Cost:$0.07)",,,,,,,,15.0,12.340424,,,,,0,0,,,Inv: 15.0/12.3 CapLeft: 22.7,,,15.0,12.340424,27.340424,22.659576,50.0,0.0,50.0,0.97,0.030000000000000027,2.6595759999999995,0.47333333333333333,0.54,0.01333333333333342,5.0,0.0666666666666671,0.002010394141077995,OVERPAY_LIMIT
1765989300.277177,eth-updown-15m-1765989000,1765989000.0,1765989900.0,,599.7228229045868,,,,,0,0,0.98,0.98,ONE_LEG_INVENTORY,,,,,,,,,,,,,,0,5.0,,,,,,,,,,,,,,,,,,,,"RECONSTRUCT_BLOCKED: OVERPAY_LIMIT (Op:0.0133 > L:0.0020, Cost:$0.07)",,,,,,,,15.0,12.340424,,,,,0,0,,,Inv: 15.0/12.3 CapLeft: 22.7,,,15.0,12.340424,27.340424,22.659576,50.0,0.0,50.0,0.97,0.030000000000000027,2.6595759999999995,0.47333333333333333,0.54,0.01333333333333342,5.0,0.0666666666666671,0.002010394141077995,OVERPAY_LIMIT
1765989301.8401582,eth-updown-15m-1765989000,1765989000.0,1765989900.0,,598.1598417758942,,,,,0,0,0.9,0.98,ORDERS_OPEN,,,,,,,,,,,,,,0,5,,,,,,,,,,,,,,,,,,,,,,,,,,,,0.0,0.0,,,,,0,0,,,Inv: 0.0/0.0 CapLeft: 50.0,,,0.0,0.0,0.0,50.0,50.0,0.0,50.0,0.9,0.09999999999999998,0.0,0.0,0.0,0.0,0.0,0.0,0.0,
1765989302.2186527,eth-updown-15m-1765989000,1765989000.0,1765989900.0,,597.7813472747803,,,,,0,0,0.97,0.98,ONE_LEG_INVENTORY,,,,,,,,,,,,,,0,5.0,,,,,,,,,,,,,,,,,,,,"RECONSTRUCT_BLOCKED: OVERPAY_LIMIT (Op:0.0233 > L:0.0021, Cost:$0.12)",,,,,,,,15.0,12.340424,,,,,0,0,,,Inv: 15.0/12.3 CapLeft: 22.7,,,15.0,12.340424,27.340424,22.659576,50.0,0.0,50.0,0.97,0.030000000000000027,2.6595759999999995,0.47333333333333333,0.55,0.023333333333333428,5.0,0.11666666666666714,0.00208319947719574,OVERPAY_LIMIT
1765989302.2186527,eth-updown-15m-1765989000,1765989000.0,1765989900.0,,597.7813472747803,,,,,0,0,0.97,0.98,ONE_LEG_INVENTORY,,,,,,,,,,,,,,0,5.0,,,,,,,,,,,,,,,,,,,,"RECONSTRUCT_BLOCKED: OVERPAY_LIMIT (Op:0.0233 > L:0.0021, Cost:$0.12)",,,,,,,,15.0,12.340424,,,,,0,0,,,Inv: 15.0/12.3 CapLeft: 22.7,,,15.0,12.340424,27.340424,22.659576,50.0,0.0,50.0,0.97,0.030000000000000027,2.6595759999999995,0.47333333333333333,0.55,0.023333333333333428,5.0,0.11666666666666714,0.00208319947719574,OVERPAY_LIMIT
1765989303.3420618,eth-updown-15m-1765989000,1765989000.0,1765989900.0,,596.6579382419586,,,,,0,0,0.9,0.98,ORDERS_OPEN,,,,,,,,,,,,,,0,5,,,,,,,,,,,,,,,,,,,,,,,,,,,,0.0,0.0,,,,,0,0,,,Inv: 0.0/0.0 CapLeft: 50.0,,,0.0,0.0,0.0,50.0,50.0,0.0,50.0,0.9,0.09999999999999998,0.0,0.0,0.0,0.0,0.0,0.0,0.0,
1765989304.1508894,eth-updown-15m-1765989000,1765989000.0,1765989900.0,,595.8491106033325,,,,,0,0,0.99,0.98,ONE_LEG_INVENTORY,,,,,,,,,,,,,,0,5.0,,,,,,,,,,,,,,,,,,,,"RECONSTRUCT_BLOCKED: OVERPAY_LIMIT (Op:0.0433 > L:0.0022, Cost:$0.22)",,,,,,,,15.0,12.340424,,,,,0,0,,,Inv: 15.0/12.3 CapLeft: 22.7,,,15.0,12.340424,27.340424,22.659576,50.0,0.0,50.0,0.97,0.030000000000000027,2.6595759999999995,0.47333333333333333,0.57,0.043333333333333224,5.0,0.21666666666666612,0.0021556583523750306,OVERPAY_LIMIT
1765989304.1508894,eth-updown-15m-1765989000,1765989000.0,1765989900.0,,595.8491106033325,,,,,0,0,0.99,0.98,ONE_LEG_INVENTORY,,,,,,,,,,,,,,0,5.0,,,,,,,,,,,,,,,,,,,,"RECONSTRUCT_BLOCKED: OVERPAY_LIMIT (Op:0.0433 > L:0.0022, Cost:$0.22)",,,,,,,,15.0,12.340424,,,,,0,0,,,Inv: 15.0/12.3 CapLeft: 22.7,,,15.0,12.340424,27.340424,22.659576,50.0,0.0,50.0,0.97,0.030000000000000027,2.6595759999999995,0.47333333333333333,0.57,0.043333333333333224,5.0,0.21666666666666612,0.0021556583523750306,OVERPAY_LIMIT
1765989304.843307,eth-updown-15m-1765989000,1765989000.0,1765989900.0,,595.15669298172,,,,,0,0,0.9,0.98,ORDERS_OPEN,,,,,,,,,,,,,,0,5,,,,,,,,,,,,,,,,,,,,,,,,,,,,0.0,0.0,,,,,0,0,,,Inv: 0.0/0.0 CapLeft: 50.0,,,0.0,0.0,0.0,50.0,50.0,0.0,50.0,0.9,0.09999999999999998,0.0,0.0,0.0,0.0,0.0,0.0,0.0,
1765989306.344932,eth-updown-15m-1765989000,1765989000.0,1765989900.0,,593.6550679206848,,,,,0,0,0.9,0.98,ORDERS_OPEN,,,,,,,,,,,,,,0,5,,,,,,,,,,,,,,,,,,,,,,,,,,,,0.0,0.0,,,,,0,0,,,Inv: 0.0/0.0 CapLeft: 50.0,,,0.0,0.0,0.0,50.0,50.0,0.0,50.0,0.9,0.09999999999999998,0.0,0.0,0.0,0.0,0.0,0.0,0.0,
1765989306.127346,eth-updown-15m-1765989000,1765989000.0,1765989900.0,,593.8726539611816,,,,,0,0,0.99,0.98,ONE_LEG_INVENTORY,,,,,,,,,,,,,,0,5.0,,,,,,,,,,,,,,,,,,,,"RECONSTRUCT_BLOCKED: OVERPAY_LIMIT (Op:0.0233 > L:0.0022, Cost:$0.12)",,,,,,,,15.0,12.340424,,,,,0,0,,,Inv: 15.0/12.3 CapLeft: 22.7,,,15.0,12.340424,27.340424,22.659576,50.0,0.0,50.0,0.97,0.030000000000000027,2.6595759999999995,0.47333333333333333,0.55,0.023333333333333428,5.0,0.11666666666666714,0.0022297754764556885,OVERPAY_LIMIT
1765989306.127346,eth-updown-15m-1765989000,1765989000.0,1765989900.0,,593.8726539611816,,,,,0,0,0.99,0.98,ONE_LEG_INVENTORY,,,,,,,,,,,,,,0,5.0,,,,,,,,,,,,,,,,,,,,"RECONSTRUCT_BLOCKED: OVERPAY_LIMIT (Op:0.0233 > L:0.0022, Cost:$0.12)",,,,,,,,15.0,12.340424,,,,,0,0,,,Inv: 15.0/12.3 CapLeft: 22.7,,,15.0,12.340424,27.340424,22.659576,50.0,0.0,50.0,0.97,0.030000000000000027,2.6595759999999995,0.47333333333333333,0.55,0.023333333333333428,5.0,0.11666666666666714,0.0022297754764556885,OVERPAY_LIMIT
1765989307.8463242,eth-updown-15m-1765989000,1765989000.0,1765989900.0,,592.1536757946014,,,,,0,0,0.9,0.98,ORDERS_OPEN,,,,,,,,,,,,,,0,5,,,,,,,,,,,,,,,,,,,,,,,,,,,,0.0,0.0,,,,,0,0,,,Inv: 0.0/0.0 CapLeft: 50.0,,,0.0,0.0,0.0,50.0,50.0,0.0,50.0,0.9,0.09999999999999998,0.0,0.0,0.0,0.0,0.0,0.0,0.0,
1765989308.1213214,eth-updown-15m-1765989000,1765989000.0,1765989900.0,,591.878678560257,,,,,0,0,0.99,0.98,ONE_LEG_INVENTORY,,,,,,,,,,,,,,0,5.0,,,,,,,,,,,,,,,,,,,,"RECONSTRUCT_BLOCKED: OVERPAY_LIMIT (Op:0.0533 > L:0.0023, Cost:$0.27)",,,,,,,,15.0,12.340424,,,,,0,0,,,Inv: 15.0/12.3 CapLeft: 22.7,,,15.0,12.340424,27.340424,22.659576,50.0,0.0,50.0,0.97,0.030000000000000027,2.6595759999999995,0.47333333333333333,0.58,0.05333333333333323,5.0,0.26666666666666616,0.002304549553990364,OVERPAY_LIMIT
1765989308.1213214,eth-updown-15m-1765989000,1765989000.0,1765989900.0,,591.878678560257,,,,,0,0,0.99,0.98,ONE_LEG_INVENTORY,,,,,,,,,,,,,,0,5.0,,,,,,,,,,,,,,,,,,,,"RECONSTRUCT_BLOCKED: OVERPAY_LIMIT (Op:0.0533 > L:0.0023, Cost:$0.27)",,,,,,,,15.0,12.340424,,,,,0,0,,,Inv: 15.0/12.3 CapLeft: 22.7,,,15.0,12.340424,27.340424,22.659576,50.0,0.0,50.0,0.97,0.030000000000000027,2.6595759999999995,0.47333333333333333,0.58,0.05333333333333323,5.0,0.26666666666666616,0.002304549553990364,OVERPAY_LIMIT
1765989309.3483179,eth-updown-15m-1765989000,1765989000.0,1765989900.0,,590.651682138443,,,,,0,0,0.9,0.98,ORDERS_OPEN,,,,,,,,,,,,,,0,5,,,,,,,,,,,,,,,,,,,,,,,,,,,,0.0,0.0,,,,,0,0,,,Inv: 0.0/0.0 CapLeft: 50.0,,,0.0,0.0,0.0,50.0,50.0,0.0,50.0,0.9,0.09999999999999998,0.0,0.0,0.0,0.0,0.0,0.0,0.0,
1765989310.0667682,eth-updown-15m-1765989000,1765989000.0,1765989900.0,,589.9332318305969,,,,,0,0,0.99,0.98,ONE_LEG_INVENTORY,,,,,,,,,,,,,,0,5.0,,,,,,,,,,,,,,,,,,,,"RECONSTRUCT_BLOCKED: OVERPAY_LIMIT (Op:0.0633 > L:0.0024, Cost:$0.32)",,,,,,,,15.0,12.340424,,,,,0,0,,,Inv: 15.0/12.3 CapLeft: 22.7,,,15.0,12.340424,27.340424,22.659576,50.0,0.0,50.0,0.97,0.030000000000000027,2.6595759999999995,0.47333333333333333,0.59,0.06333333333333324,5.0,0.3166666666666662,0.0023775038063526153,OVERPAY_LIMIT
1765989310.0667682,eth-updown-15m-1765989000,1765989000.0,1765989900.0,,589.9332318305969,,,,,0,0,0.99,0.98,ONE_LEG_INVENTORY,,,,,,,,,,,,,,0,5.0,,,,,,,,,,,,,,,,,,,,"RECONSTRUCT_BLOCKED: OVERPAY_LIMIT (Op:0.0633 > L:0.0024, Cost:$0.32)",,,,,,,,15.0,12.340424,,,,,0,0,,,Inv: 15.0/12.3 CapLeft: 22.7,,,15.0,12.340424,27.340424,22.659576,50.0,0.0,50.0,0.97,0.030000000000000027,2.6595759999999995,0.47333333333333333,0.59,0.06333333333333324,5.0,0.3166666666666662,0.0023775038063526153,OVERPAY_LIMIT
1765989310.8502202,eth-updown-15m-1765989000,1765989000.0,1765989900.0,,589.1497797966003,,,,,0,0,0.9,0.98,ORDERS_OPEN,,,,,,,,,,,,,,0,5,,,,,,,,,,,,,,,,,,,,,,,,,,,,0.0,0.0,,,,,0,0,,,Inv: 0.0/0.0 CapLeft: 50.0,,,0.0,0.0,0.0,50.0,50.0,0.0,50.0,0.9,0.09999999999999998,0.0,0.0,0.0,0.0,0.0,0.0,0.0,
1765989312.3519595,eth-updown-15m-1765989000,1765989000.0,1765989900.0,,587.6480405330658,,,,,0,0,0.9,0.98,ORDERS_OPEN,,,,,,,,,,,,,,0,5,,,,,,,,,,,,,,,,,,,,,,,,,,,,0.0,0.0,,,,,0,0,,,Inv: 0.0/0.0 CapLeft: 50.0,,,0.0,0.0,0.0,50.0,50.0,0.0,50.0,0.9,0.09999999999999998,0.0,0.0,0.0,0.0,0.0,0.0,0.0,
1765989311.9969656,eth-updown-15m-1765989000,1765989000.0,1765989900.0,,588.0030343532562,,,,,0,0,1.0,0.98,ONE_LEG_INVENTORY,,,,,,,,,,,,,,0,5.0,,,,,,,,,,,,,,,,,,,,"RECONSTRUCT_BLOCKED: OVERPAY_LIMIT (Op:0.1033 > L:0.0024, Cost:$0.52)",,,,,,,,15.0,12.340424,,,,,0,0,,,Inv: 15.0/12.3 CapLeft: 22.7,,,15.0,12.340424,27.340424,22.659576,50.0,0.0,50.0,0.97,0.030000000000000027,2.6595759999999995,0.47333333333333333,0.63,0.10333333333333328,5.0,0.5166666666666664,0.0024498862117528913,OVERPAY_LIMIT
1765989311.9969656,eth-updown-15m-1765989000,1765989000.0,1765989900.0,,588.0030343532562,,,,,0,0,1.0,0.98,ONE_LEG_INVENTORY,,,,,,,,,,,,,,0,5.0,,,,,,,,,,,,,,,,,,,,"RECONSTRUCT_BLOCKED: OVERPAY_LIMIT (Op:0.1033 > L:0.0024, Cost:$0.52)",,,,,,,,15.0,12.340424,,,,,0,0,,,Inv: 15.0/12.3 CapLeft: 22.7,,,15.0,12.340424,27.340424,22.659576,50.0,0.0,50.0,0.97,0.030000000000000027,2.6595759999999995,0.47333333333333333,0.63,0.10333333333333328,5.0,0.5166666666666664,0.0024498862117528913,OVERPAY_LIMIT
1765989313.853448,eth-updown-15m-1765989000,1765989000.0,1765989900.0,,586.1465520858765,,,,,0,0,0.9,0.98,ORDERS_OPEN,,,,,,,,,,,,,,0,5,,,,,,,,,,,,,,,,,,,,,,,,,,,,0.0,0.0,,,,,0,0,,,Inv: 0.0/0.0 CapLeft: 50.0,,,0.0,0.0,0.0,50.0,50.0,0.0,50.0,0.9,0.09999999999999998,0.0,0.0,0.0,0.0,0.0,0.0,0.0,
1765989313.9627488,eth-updown-15m-1765989000,1765989000.0,1765989900.0,,586.0372512340546,,,,,0,0,0.97,0.98,ONE_LEG_INVENTORY,,,,,,,,,,,,,,0,5.0,,,,,,,,,,,,,,,,,,,,"RECONSTRUCT_BLOCKED: OVERPAY_LIMIT (Op:0.1233 > L:0.0025, Cost:$0.62)",,,,,,,,15.0,12.340424,,,,,0,0,,,Inv: 15.0/12.3 CapLeft: 22.7,,,15.0,12.340424,27.340424,22.659576,50.0,0.0,50.0,0.97,0.030000000000000027,2.6595759999999995,0.47333333333333333,0.65,0.1233333333333333,5.0,0.6166666666666665,0.0025236030787229536,OVERPAY_LIMIT
1765989313.9627488,eth-updown-15m-1765989000,1765989000.0,1765989900.0,,586.0372512340546,,,,,0,0,0.97,0.98,ONE_LEG_INVENTORY,,,,,,,,,,,,,,0,5.0,,,,,,,,,,,,,,,,,,,,"RECONSTRUCT_BLOCKED: OVERPAY_LIMIT (Op:0.1233 > L:0.0025, Cost:$0.62)",,,,,,,,15.0,12.340424,,,,,0,0,,,Inv: 15.0/12.3 CapLeft: 22.7,,,15.0,12.340424,27.340424,22.659576,50.0,0.0,50.0,0.97,0.030000000000000027,2.6595759999999995,0.47333333333333333,0.65,0.1233333333333333,5.0,0.6166666666666665,0.0025236030787229536,OVERPAY_LIMIT
1765989315.8981028,eth-updown-15m-1765989000,1765989000.0,1765989900.0,,584.1018972396851,,,,,0,0,0.99,0.98,ONE_LEG_INVENTORY,,,,,,,,,,,,,,0,5.0,,,,,,,,,,,,,,,,,,,,"RECONSTRUCT_BLOCKED: OVERPAY_LIMIT (Op:0.1233 > L:0.0026, Cost:$0.62)",,,,,,,,15.0,12.340424,,,,,0,0,,,Inv: 15.0/12.3 CapLeft: 22.7,,,15.0,12.340424,27.340424,22.659576,50.0,0.0,50.0,0.97,0.030000000000000027,2.6595759999999995,0.47333333333333333,0.65,0.1233333333333333,5.0,0.6166666666666665,0.00259617885351181,OVERPAY_LIMIT
1765989315.8981028,eth-updown-15m-1765989000,1765989000.0,1765989900.0,,584.1018972396851,,,,,0,0,0.99,0.98,ONE_LEG_INVENTORY,,,,,,,,,,,,,,0,5.0,,,,,,,,,,,,,,,,,,,,"RECONSTRUCT_BLOCKED: OVERPAY_LIMIT (Op:0.1233 > L:0.0026, Cost:$0.62)",,,,,,,,15.0,12.340424,,,,,0,0,,,Inv: 15.0/12.3 CapLeft: 22.7,,,15.0,12.340424,27.340424,22.659576,50.0,0.0,50.0,0.97,0.030000000000000027,2.6595759999999995,0.47333333333333333,0.65,0.1233333333333333,5.0,0.6166666666666665,0.00259617885351181,OVERPAY_LIMIT
1765989316.856253,eth-updown-15m-1765989000,1765989000.0,1765989900.0,,583.1437470912933,,,,,0.45,0.45,0.9,0.98,ORDERS_OPEN,,,,,,,,,,,,,,5,5,,,,,,,,,,,,,,,,,,,,Leg:BOTH UP:5 DOWN:5,,,,,,,,0.0,0.0,,,,,0,0,,,Inv: 0.0/0.0 CapLeft: 50.0,,,0.0,0.0,0.0,50.0,50.0,0.0,50.0,0.9,0.09999999999999998,0.0,0.0,0.0,0.0,0.0,0.0,0.0,
1765989317.851385,eth-updown-15m-1765989000,1765989000.0,1765989900.0,,582.1486148834229,,,,,0,0,0.97,0.98,ONE_LEG_INVENTORY,,,,,,,,,,,,,,0,5.0,,,,,,,,,,,,,,,,,,,,"RECONSTRUCT_BLOCKED: OVERPAY_LIMIT (Op:0.1333 > L:0.0027, Cost:$0.67)",,,,,,,,15.0,12.340424,,,,,0,0,,,Inv: 15.0/12.3 CapLeft: 22.7,,,15.0,12.340424,27.340424,22.659576,50.0,0.0,50.0,0.97,0.030000000000000027,2.6595759999999995,0.47333333333333333,0.66,0.1333333333333333,5.0,0.6666666666666665,0.002669426941871643,OVERPAY_LIMIT
1765989317.851385,eth-updown-15m-1765989000,1765989000.0,1765989900.0,,582.1486148834229,,,,,0,0,0.97,0.98,ONE_LEG_INVENTORY,,,,,,,,,,,,,,0,5.0,,,,,,,,,,,,,,,,,,,,"RECONSTRUCT_BLOCKED: OVERPAY_LIMIT (Op:0.1333 > L:0.0027, Cost:$0.67)",,,,,,,,15.0,12.340424,,,,,0,0,,,Inv: 15.0/12.3 CapLeft: 22.7,,,15.0,12.340424,27.340424,22.659576,50.0,0.0,50.0,0.97,0.030000000000000027,2.6595759999999995,0.47333333333333333,0.66,0.1333333333333333,5.0,0.6666666666666665,0.002669426941871643,OVERPAY_LIMIT
1765989318.357415,eth-updown-15m-1765989000,1765989000.0,1765989900.0,,581.6425850391388,,,,,0,0,0.9,0.98,ORDERS_OPEN,,,,,,,,,,,,,,0,5,,,,,,,,,,,,,,,,,,,,,,,,,,,,0.0,0.0,,,,,0,0,,,Inv: 0.0/0.0 CapLeft: 50.0,,,0.0,0.0,0.0,50.0,50.0,0.0,50.0,0.9,0.09999999999999998,0.0,0.0,0.0,0.0,0.0,0.0,0.0,
1765989319.8597493,eth-updown-15m-1765989000,1765989000.0,1765989900.0,,580.1402506828308,,,,,0,0,0.9,0.98,ORDERS_OPEN,,,,,,,,,,,,,,0,5,,,,,,,,,,,,,,,,,,,,,,,,,,,,0.0,0.0,,,,,0,0,,,Inv: 0.0/0.0 CapLeft: 50.0,,,0.0,0.0,0.0,50.0,50.0,0.0,50.0,0.9,0.09999999999999998,0.0,0.0,0.0,0.0,0.0,0.0,0.0,
1765989319.8159163,eth-updown-15m-1765989000,1765989000.0,1765989900.0,,580.18408370018,,,,,0,0,0.97,0.98,ONE_LEG_INVENTORY,,,,,,,,,,,,,,0,5.0,,,,,,,,,,,,,,,,,,,,"RECONSTRUCT_BLOCKED: OVERPAY_LIMIT (Op:0.1333 > L:0.0027, Cost:$0.67)",,,,,,,,15.0,12.340424,,,,,0,0,,,Inv: 15.0/12.3 CapLeft: 22.7,,,15.0,12.340424,27.340424,22.659576,50.0,0.0,50.0,0.97,0.030000000000000027,2.6595759999999995,0.47333333333333333,0.66,0.1333333333333333,5.0,0.6666666666666665,0.002743096861243248,OVERPAY_LIMIT
1765989319.8159163,eth-updown-15m-1765989000,1765989000.0,1765989900.0,,580.18408370018,,,,,0,0,0.97,0.98,ONE_LEG_INVENTORY,,,,,,,,,,,,,,0,5.0,,,,,,,,,,,,,,,,,,,,"RECONSTRUCT_BLOCKED: OVERPAY_LIMIT (Op:0.1333 > L:0.0027, Cost:$0.67)",,,,,,,,15.0,12.340424,,,,,0,0,,,Inv: 15.0/12.3 CapLeft: 22.7,,,15.0,12.340424,27.340424,22.659576,50.0,0.0,50.0,0.97,0.030000000000000027,2.6595759999999995,0.47333333333333333,0.66,0.1333333333333333,5.0,0.6666666666666665,0.002743096861243248,OVERPAY_LIMIT
1765989321.3611455,eth-updown-15m-1765989000,1765989000.0,1765989900.0,,578.6388545036316,,,,,0,0,0.9,0.98,ORDERS_OPEN,,,,,,,,,,,,,,0,5,,,,,,,,,,,,,,,,,,,,,,,,,,,,0.0,0.0,,,,,0,0,,,Inv: 0.0/0.0 CapLeft: 50.0,,,0.0,0.0,0.0,50.0,50.0,0.0,50.0,0.9,0.09999999999999998,0.0,0.0,0.0,0.0,0.0,0.0,0.0,
1765989321.7980263,eth-updown-15m-1765989000,1765989000.0,1765989900.0,,578.2019736766815,,,,,0,0,0.96,0.98,ONE_LEG_INVENTORY,,,,,,,,,,,,,,0,5.0,,,,,,,,,,,,,,,,,,,,"RECONSTRUCT_BLOCKED: OVERPAY_LIMIT (Op:0.0933 > L:0.0028, Cost:$0.47)",,,,,,,,15.0,12.340424,,,,,0,0,,,Inv: 15.0/12.3 CapLeft: 22.7,,,15.0,12.340424,27.340424,22.659576,50.0,0.0,50.0,0.97,0.030000000000000027,2.6595759999999995,0.47333333333333333,0.62,0.09333333333333327,5.0,0.46666666666666634,0.002817425987124443,OVERPAY_LIMIT
1765989321.7980263,eth-updown-15m-1765989000,1765989000.0,1765989900.0,,578.2019736766815,,,,,0,0,0.96,0.98,ONE_LEG_INVENTORY,,,,,,,,,,,,,,0,5.0,,,,,,,,,,,,,,,,,,,,"RECONSTRUCT_BLOCKED: OVERPAY_LIMIT (Op:0.0933 > L:0.0028, Cost:$0.47)",,,,,,,,15.0,12.340424,,,,,0,0,,,Inv: 15.0/12.3 CapLeft: 22.7,,,15.0,12.340424,27.340424,22.659576,50.0,0.0,50.0,0.97,0.030000000000000027,2.6595759999999995,0.47333333333333333,0.62,0.09333333333333327,5.0,0.46666666666666634,0.002817425987124443,OVERPAY_LIMIT
1765989322.8624763,eth-updown-15m-1765989000,1765989000.0,1765989900.0,,577.137523651123,,,,,0,0,0.9,0.98,ORDERS_OPEN,,,,,,,,,,,,,,0,5,,,,,,,,,,,,,,,,,,,,,,,,,,,,0.0,0.0,,,,,0,0,,,Inv: 0.0/0.0 CapLeft: 50.0,,,0.0,0.0,0.0,50.0,50.0,0.0,50.0,0.9,0.09999999999999998,0.0,0.0,0.0,0.0,0.0,0.0,0.0,
1765989323.7655537,eth-updown-15m-1765989000,1765989000.0,1765989900.0,,576.2344462871552,,,,,0,0,0.97,0.98,ONE_LEG_INVENTORY,,,,,,,,,,,,,,0,5.0,,,,,,,,,,,,,,,,,,,,"RECONSTRUCT_BLOCKED: OVERPAY_LIMIT (Op:0.0833 > L:0.0029, Cost:$0.42)",,,,,,,,15.0,12.340424,,,,,0,0,,,Inv: 15.0/12.3 CapLeft: 22.7,,,15.0,12.340424,27.340424,22.659576,50.0,0.0,50.0,0.97,0.030000000000000027,2.6595759999999995,0.47333333333333333,0.61,0.08333333333333326,5.0,0.4166666666666663,0.002891208264231682,OVERPAY_LIMIT
1765989323.7655537,eth-updown-15m-1765989000,1765989000.0,1765989900.0,,576.2344462871552,,,,,0,0,0.97,0.98,ONE_LEG_INVENTORY,,,,,,,,,,,,,,0,5.0,,,,,,,,,,,,,,,,,,,,"RECONSTRUCT_BLOCKED: OVERPAY_LIMIT (Op:0.0833 > L:0.0029, Cost:$0.42)",,,,,,,,15.0,12.340424,,,,,0,0,,,Inv: 15.0/12.3 CapLeft: 22.7,,,15.0,12.340424,27.340424,22.659576,50.0,0.0,50.0,0.97,0.030000000000000027,2.6595759999999995,0.47333333333333333,0.61,0.08333333333333326,5.0,0.4166666666666663,0.002891208264231682,OVERPAY_LIMIT
1765989324.3643215,eth-updown-15m-1765989000,1765989000.0,1765989900.0,,575.6356785297394,,,,,0,0,0.9,0.98,ORDERS_OPEN,,,,,,,,,,,,,,0,5,,,,,,,,,,,,,,,,,,,,,,,,,,,,0.0,0.0,,,,,0,0,,,Inv: 0.0/0.0 CapLeft: 50.0,,,0.0,0.0,0.0,50.0,50.0,0.0,50.0,0.9,0.09999999999999998,0.0,0.0,0.0,0.0,0.0,0.0,0.0,
1765989325.8661819,eth-updown-15m-1765989000,1765989000.0,1765989900.0,,574.1338181495667,,,,,0,0,0.9,0.98,ORDERS_OPEN,,,,,,,,,,,,,,0,5,,,,,,,,,,,,,,,,,,,,,,,,,,,,0.0,0.0,,,,,0,0,,,Inv: 0.0/0.0 CapLeft: 50.0,,,0.0,0.0,0.0,50.0,50.0,0.0,50.0,0.9,0.09999999999999998,0.0,0.0,0.0,0.0,0.0,0.0,0.0,
1765989325.7239609,eth-updown-15m-1765989000,1765989000.0,1765989900.0,,574.2760391235352,,,,,0,0,0.97,0.98,ONE_LEG_INVENTORY,,,,,,,,,,,,,,0,5.0,,,,,,,,,,,,,,,,,,,,"RECONSTRUCT_BLOCKED: OVERPAY_LIMIT (Op:0.1033 > L:0.0030, Cost:$0.52)",,,,,,,,15.0,12.340424,,,,,0,0,,,Inv: 15.0/12.3 CapLeft: 22.7,,,15.0,12.340424,27.340424,22.659576,50.0,0.0,50.0,0.97,0.030000000000000027,2.6595759999999995,0.47333333333333333,0.63,0.10333333333333328,5.0,0.5166666666666664,0.0029646485328674315,OVERPAY_LIMIT
1765989325.7239609,eth-updown-15m-1765989000,1765989000.0,1765989900.0,,574.2760391235352,,,,,0,0,0.97,0.98,ONE_LEG_INVENTORY,,,,,,,,,,,,,,0,5.0,,,,,,,,,,,,,,,,,,,,"RECONSTRUCT_BLOCKED: OVERPAY_LIMIT (Op:0.1033 > L:0.0030, Cost:$0.52)",,,,,,,,15.0,12.340424,,,,,0,0,,,Inv: 15.0/12.3 CapLeft: 22.7,,,15.0,12.340424,27.340424,22.659576,50.0,0.0,50.0,0.97,0.030000000000000027,2.6595759999999995,0.47333333333333333,0.63,0.10333333333333328,5.0,0.5166666666666664,0.0029646485328674315,OVERPAY_LIMIT
1765989327.3674963,eth-updown-15m-1765989000,1765989000.0,1765989900.0,,572.6325037479401,,,,,0,0,0.9,0.98,ORDERS_OPEN,,,,,,,,,,,,,,0,5,,,,,,,,,,,,,,,,,,,,,,,,,,,,0.0,0.0,,,,,0,0,,,Inv: 0.0/0.0 CapLeft: 50.0,,,0.0,0.0,0.0,50.0,50.0,0.0,50.0,0.9,0.09999999999999998,0.0,0.0,0.0,0.0,0.0,0.0,0.0,
1765989327.7282238,eth-updown-15m-1765989000,1765989000.0,1765989900.0,,572.2717761993408,,,,,0,0,0.98,0.98,ONE_LEG_INVENTORY,,,,,,,,,,,,,,0,5.0,,,,,,,,,,,,,,,,,,,,"RECONSTRUCT_BLOCKED: OVERPAY_LIMIT (Op:0.0733 > L:0.0030, Cost:$0.37)",,,,,,,,15.0,12.340424,,,,,0,0,,,Inv: 15.0/12.3 CapLeft: 22.7,,,15.0,12.340424,27.340424,22.659576,50.0,0.0,50.0,0.97,0.030000000000000027,2.6595759999999995,0.47333333333333333,0.6,0.07333333333333325,5.0,0.36666666666666625,0.003039808392524719,OVERPAY_LIMIT
1765989327.7282238,eth-updown-15m-1765989000,1765989000.0,1765989900.0,,572.2717761993408,,,,,0,0,0.98,0.98,ONE_LEG_INVENTORY,,,,,,,,,,,,,,0,5.0,,,,,,,,,,,,,,,,,,,,"RECONSTRUCT_BLOCKED: OVERPAY_LIMIT (Op:0.0733 > L:0.0030, Cost:$0.37)",,,,,,,,15.0,12.340424,,,,,0,0,,,Inv: 15.0/12.3 CapLeft: 22.7,,,15.0,12.340424,27.340424,22.659576,50.0,0.0,50.0,0.97,0.030000000000000027,2.6595759999999995,0.47333333333333333,0.6,0.07333333333333325,5.0,0.36666666666666625,0.003039808392524719,OVERPAY_LIMIT
1765989328.868811,eth-updown-15m-1765989000,1765989000.0,1765989900.0,,571.1311891078949,,,,,0,0,0.9,0.98,ORDERS_OPEN,,,,,,,,,,,,,,0,5,,,,,,,,,,,,,,,,,,,,,,,,,,,,0.0,0.0,,,,,0,0,,,Inv: 0.0/0.0 CapLeft: 50.0,,,0.0,0.0,0.0,50.0,50.0,0.0,50.0,0.9,0.09999999999999998,0.0,0.0,0.0,0.0,0.0,0.0,0.0,
1765989329.6817377,eth-updown-15m-1765989000,1765989000.0,1765989900.0,,570.3182623386383,,,,,0,0,0.99,0.98,ONE_LEG_INVENTORY,,,,,,,,,,,,,,0,5.0,,,,,,,,,,,,,,,,,,,,"RECONSTRUCT_BLOCKED: OVERPAY_LIMIT (Op:0.0633 > L:0.0031, Cost:$0.32)",,,,,,,,15.0,12.340424,,,,,0,0,,,Inv: 15.0/12.3 CapLeft: 22.7,,,15.0,12.340424,27.340424,22.659576,50.0,0.0,50.0,0.97,0.030000000000000027,2.6595759999999995,0.47333333333333333,0.59,0.06333333333333324,5.0,0.3166666666666662,0.0031130651623010636,OVERPAY_LIMIT
1765989329.6817377,eth-updown-15m-1765989000,1765989000.0,1765989900.0,,570.3182623386383,,,,,0,0,0.99,0.98,ONE_LEG_INVENTORY,,,,,,,,,,,,,,0,5.0,,,,,,,,,,,,,,,,,,,,"RECONSTRUCT_BLOCKED: OVERPAY_LIMIT (Op:0.0633 > L:0.0031, Cost:$0.32)",,,,,,,,15.0,12.340424,,,,,0,0,,,Inv: 15.0/12.3 CapLeft: 22.7,,,15.0,12.340424,27.340424,22.659576,50.0,0.0,50.0,0.97,0.030000000000000027,2.6595759999999995,0.47333333333333333,0.59,0.06333333333333324,5.0,0.3166666666666662,0.0031130651623010636,OVERPAY_LIMIT
1765989330.373252,eth-updown-15m-1765989000,1765989000.0,1765989900.0,,569.626748085022,,,,,0,0,0.9,0.98,ORDERS_OPEN,,,,,,,,,,,,,,0,5,,,,,,,,,,,,,,,,,,,,,,,,,,,,0.0,0.0,,,,,0,0,,,Inv: 0.0/0.0 CapLeft: 50.0,,,0.0,0.0,0.0,50.0,50.0,0.0,50.0,0.9,0.09999999999999998,0.0,0.0,0.0,0.0,0.0,0.0,0.0,
1765989331.6376657,eth-updown-15m-1765989000,1765989000.0,1765989900.0,,568.3623342514038,,,,,0,0,0.99,0.98,ONE_LEG_INVENTORY,,,,,,,,,,,,,,0,5.0,,,,,,,,,,,,,,,,,,,,"RECONSTRUCT_BLOCKED: OVERPAY_LIMIT (Op:0.0933 > L:0.0032, Cost:$0.47)",,,,,,,,15.0,12.340424,,,,,0,0,,,Inv: 15.0/12.3 CapLeft: 22.7,,,15.0,12.340424,27.340424,22.659576,50.0,0.0,50.0,0.97,0.030000000000000027,2.6595759999999995,0.47333333333333333,0.62,0.09333333333333327,5.0,0.46666666666666634,0.003186412465572357,OVERPAY_LIMIT
1765989331.6376657,eth-updown-15m-1765989000,1765989000.0,1765989900.0,,568.3623342514038,,,,,0,0,0.99,0.98,ONE_LEG_INVENTORY,,,,,,,,,,,,,,0,5.0,,,,,,,,,,,,,,,,,,,,"RECONSTRUCT_BLOCKED: OVERPAY_LIMIT (Op:0.0933 > L:0.0032, Cost:$0.47)",,,,,,,,15.0,12.340424,,,,,0,0,,,Inv: 15.0/12.3 CapLeft: 22.7,,,15.0,12.340424,27.340424,22.659576,50.0,0.0,50.0,0.97,0.030000000000000027,2.6595759999999995,0.47333333333333333,0.62,0.09333333333333327,5.0,0.46666666666666634,0.003186412465572357,OVERPAY_LIMIT
1765989333.3754888,eth-updown-15m-1765989000,1765989000.0,1765989900.0,,566.6245112419128,,,,,0.45,0.45,0.9,0.98,ORDERS_OPEN,,,,,,,,,,,,,,5,5,,,,,,,,,,,,,,,,,,,,Leg:BOTH UP:5 DOWN:5,,,,,,,,0.0,0.0,,,,,0,0,,,Inv: 0.0/0.0 CapLeft: 50.0,,,0.0,0.0,0.0,50.0,50.0,0.0,50.0,0.9,0.09999999999999998,0.0,0.0,0.0,0.0,0.0,0.0,0.0,
1765989333.575802,eth-updown-15m-1765989000,1765989000.0,1765989900.0,,566.4241979122162,,,,,0,0,0.98,0.98,ONE_LEG_INVENTORY,,,,,,,,,,,,,,0,5.0,,,,,,,,,,,,,,,,,,,,"RECONSTRUCT_BLOCKED: OVERPAY_LIMIT (Op:0.1333 > L:0.0033, Cost:$0.67)",,,,,,,,15.0,12.340424,,,,,0,0,,,Inv: 15.0/12.3 CapLeft: 22.7,,,15.0,12.340424,27.340424,22.659576,50.0,0.0,50.0,0.97,0.030000000000000027,2.6595759999999995,0.47333333333333333,0.66,0.1333333333333333,5.0,0.6666666666666665,0.003259092578291893,OVERPAY_LIMIT
1765989333.575802,eth-updown-15m-1765989000,1765989000.0,1765989900.0,,566.4241979122162,,,,,0,0,0.98,0.98,ONE_LEG_INVENTORY,,,,,,,,,,,,,,0,5.0,,,,,,,,,,,,,,,,,,,,"RECONSTRUCT_BLOCKED: OVERPAY_LIMIT (Op:0.1333 > L:0.0033, Cost:$0.67)",,,,,,,,15.0,12.340424,,,,,0,0,,,Inv: 15.0/12.3 CapLeft: 22.7,,,15.0,12.340424,27.340424,22.659576,50.0,0.0,50.0,0.97,0.030000000000000027,2.6595759999999995,0.47333333333333333,0.66,0.1333333333333333,5.0,0.6666666666666665,0.003259092578291893,OVERPAY_LIMIT
1765989334.8767812,eth-updown-15m-1765989000,1765989000.0,1765989900.0,,565.1232187747955,,,,,0,0,0.9,0.98,ORDERS_OPEN,,,,,,,,,,,,,,0,5,,,,,,,,,,,,,,,,,,,,,,,,,,,,0.0,0.0,,,,,0,0,,,Inv: 0.0/0.0 CapLeft: 50.0,,,0.0,0.0,0.0,50.0,50.0,0.0,50.0,0.9,0.09999999999999998,0.0,0.0,0.0,0.0,0.0,0.0,0.0,
1765989335.5554588,eth-updown-15m-1765989000,1765989000.0,1765989900.0,,564.4445412158966,,,,,0,0,0.97,0.98,ONE_LEG_INVENTORY,,,,,,,,,,,,,,0,5.0,,,,,,,,,,,,,,,,,,,,"RECONSTRUCT_BLOCKED: OVERPAY_LIMIT (Op:0.1333 > L:0.0033, Cost:$0.67)",,,,,,,,15.0,12.340424,,,,,0,0,,,Inv: 15.0/12.3 CapLeft: 22.7,,,15.0,12.340424,27.340424,22.659576,50.0,0.0,50.0,0.97,0.030000000000000027,2.6595759999999995,0.47333333333333333,0.66,0.1333333333333333,5.0,0.6666666666666665,0.003333329704403877,OVERPAY_LIMIT
1765989335.5554588,eth-updown-15m-1765989000,1765989000.0,1765989900.0,,564.4445412158966,,,,,0,0,0.97,0.98,ONE_LEG_INVENTORY,,,,,,,,,,,,,,0,5.0,,,,,,,,,,,,,,,,,,,,"RECONSTRUCT_BLOCKED: OVERPAY_LIMIT (Op:0.1333 > L:0.0033, Cost:$0.67)",,,,,,,,15.0,12.340424,,,,,0,0,,,Inv: 15.0/12.3 CapLeft: 22.7,,,15.0,12.340424,27.340424,22.659576,50.0,0.0,50.0,0.97,0.030000000000000027,2.6595759999999995,0.47333333333333333,0.66,0.1333333333333333,5.0,0.6666666666666665,0.003333329704403877,OVERPAY_LIMIT
1765989336.3787944,eth-updown-15m-1765989000,1765989000.0,1765989900.0,,563.6212055683136,,,,,0,0,0.9,0.98,ORDERS_OPEN,,,,,,,,,,,,,,0,5,,,,,,,,,,,,,,,,,,,,,,,,,,,,0.0,0.0,,,,,0,0,,,Inv: 0.0/0.0 CapLeft: 50.0,,,0.0,0.0,0.0,50.0,50.0,0.0,50.0,0.9,0.09999999999999998,0.0,0.0,0.0,0.0,0.0,0.0,0.0,
1765989337.8817596,eth-updown-15m-1765989000,1765989000.0,1765989900.0,,562.1182403564453,,,,,0,0,0.9,0.98,ORDERS_OPEN,,,,,,,,,,,,,,0,5,,,,,,,,,,,,,,,,,,,,,,,,,,,,0.0,0.0,,,,,0,0,,,Inv: 0.0/0.0 CapLeft: 50.0,,,0.0,0.0,0.0,50.0,50.0,0.0,50.0,0.9,0.09999999999999998,0.0,0.0,0.0,0.0,0.0,0.0,0.0,
1765989337.4955995,eth-updown-15m-1765989000,1765989000.0,1765989900.0,,562.5044004917145,,,,,0,0,0.99,0.98,ONE_LEG_INVENTORY,,,,,,,,,,,,,,0,5.0,,,,,,,,,,,,,,,,,,,,"RECONSTRUCT_BLOCKED: OVERPAY_LIMIT (Op:0.1633 > L:0.0034, Cost:$0.82)",,,,,,,,15.0,12.340424,,,,,0,0,,,Inv: 15.0/12.3 CapLeft: 22.7,,,15.0,12.340424,27.340424,22.659576,50.0,0.0,50.0,0.97,0.030000000000000027,2.6595759999999995,0.47333333333333333,0.69,0.16333333333333333,5.0,0.8166666666666667,0.003406084981560707,OVERPAY_LIMIT
1765989337.4955995,eth-updown-15m-1765989000,1765989000.0,1765989900.0,,562.5044004917145,,,,,0,0,0.99,0.98,ONE_LEG_INVENTORY,,,,,,,,,,,,,,0,5.0,,,,,,,,,,,,,,,,,,,,"RECONSTRUCT_BLOCKED: OVERPAY_LIMIT (Op:0.1633 > L:0.0034, Cost:$0.82)",,,,,,,,15.0,12.340424,,,,,0,0,,,Inv: 15.0/12.3 CapLeft: 22.7,,,15.0,12.340424,27.340424,22.659576,50.0,0.0,50.0,0.97,0.030000000000000027,2.6595759999999995,0.47333333333333333,0.69,0.16333333333333333,5.0,0.8166666666666667,0.003406084981560707,OVERPAY_LIMIT
1765989339.3834634,eth-updown-15m-1765989000,1765989000.0,1765989900.0,,560.616536617279,,,,,0,0,0.9,0.98,ORDERS_OPEN,,,,,,,,,,,,,,0,5,,,,,,,,,,,,,,,,,,,,,,,,,,,,0.0,0.0,,,,,0,0,,,Inv: 0.0/0.0 CapLeft: 50.0,,,0.0,0.0,0.0,50.0,50.0,0.0,50.0,0.9,0.09999999999999998,0.0,0.0,0.0,0.0,0.0,0.0,0.0,
1765989339.439705,eth-updown-15m-1765989000,1765989000.0,1765989900.0,,560.5602951049805,,,,,0,0,0.96,0.98,ONE_LEG_INVENTORY,,,,,,,,,,,,,,0,5.0,,,,,,,,,,,,,,,,,,,,"RECONSTRUCT_BLOCKED: OVERPAY_LIMIT (Op:0.1333 > L:0.0035, Cost:$0.67)",,,,,,,,15.0,12.340424,,,,,0,0,,,Inv: 15.0/12.3 CapLeft: 22.7,,,15.0,12.340424,27.340424,22.659576,50.0,0.0,50.0,0.97,0.030000000000000027,2.6595759999999995,0.47333333333333333,0.66,0.1333333333333333,5.0,0.6666666666666665,0.0034789889335632325,OVERPAY_LIMIT
1765989339.439705,eth-updown-15m-1765989000,1765989000.0,1765989900.0,,560.5602951049805,,,,,0,0,0.96,0.98,ONE_LEG_INVENTORY,,,,,,,,,,,,,,0,5.0,,,,,,,,,,,,,,,,,,,,"RECONSTRUCT_BLOCKED: OVERPAY_LIMIT (Op:0.1333 > L:0.0035, Cost:$0.67)",,,,,,,,15.0,12.340424,,,,,0,0,,,Inv: 15.0/12.3 CapLeft: 22.7,,,15.0,12.340424,27.340424,22.659576,50.0,0.0,50.0,0.97,0.030000000000000027,2.6595759999999995,0.47333333333333333,0.66,0.1333333333333333,5.0,0.6666666666666665,0.0034789889335632325,OVERPAY_LIMIT
1765989340.8846354,eth-updown-15m-1765989000,1765989000.0,1765989900.0,,559.1153645515442,,,,,0,0,0.9,0.98,ORDERS_OPEN,,,,,,,,,,,,,,0,5,,,,,,,,,,,,,,,,,,,,,,,,,,,,0.0,0.0,,,,,0,0,,,Inv: 0.0/0.0 CapLeft: 50.0,,,0.0,0.0,0.0,50.0,50.0,0.0,50.0,0.9,0.09999999999999998,0.0,0.0,0.0,0.0,0.0,0.0,0.0,
1765989341.380692,eth-updown-15m-1765989000,1765989000.0,1765989900.0,,558.6193079948425,,,,,0,0,0.99,0.98,ONE_LEG_INVENTORY,,,,,,,,,,,,,,0,5.0,,,,,,,,,,,,,,,,,,,,"RECONSTRUCT_BLOCKED: OVERPAY_LIMIT (Op:0.1333 > L:0.0036, Cost:$0.67)",,,,,,,,15.0,12.340424,,,,,0,0,,,Inv: 15.0/12.3 CapLeft: 22.7,,,15.0,12.340424,27.340424,22.659576,50.0,0.0,50.0,0.97,0.030000000000000027,2.6595759999999995,0.47333333333333333,0.66,0.1333333333333333,5.0,0.6666666666666665,0.003551775950193405,OVERPAY_LIMIT
1765989341.380692,eth-updown-15m-1765989000,1765989000.0,1765989900.0,,558.6193079948425,,,,,0,0,0.99,0.98,ONE_LEG_INVENTORY,,,,,,,,,,,,,,0,5.0,,,,,,,,,,,,,,,,,,,,"RECONSTRUCT_BLOCKED: OVERPAY_LIMIT (Op:0.1333 > L:0.0036, Cost:$0.67)",,,,,,,,15.0,12.340424,,,,,0,0,,,Inv: 15.0/12.3 CapLeft: 22.7,,,15.0,12.340424,27.340424,22.659576,50.0,0.0,50.0,0.97,0.030000000000000027,2.6595759999999995,0.47333333333333333,0.66,0.1333333333333333,5.0,0.6666666666666665,0.003551775950193405,OVERPAY_LIMIT
1765989342.3857496,eth-updown-15m-1765989000,1765989000.0,1765989900.0,,557.614250421524,,,,,0,0,0.9,0.98,ORDERS_OPEN,,,,,,,,,,,,,,0,5,,,,,,,,,,,,,,,,,,,,,,,,,,,,0.0,0.0,,,,,0,0,,,Inv: 0.0/0.0 CapLeft: 50.0,,,0.0,0.0,0.0,50.0,50.0,0.0,50.0,0.9,0.09999999999999998,0.0,0.0,0.0,0.0,0.0,0.0,0.0,
1765989343.3288128,eth-updown-15m-1765989000,1765989000.0,1765989900.0,,556.6711871623993,,,,,0,0,0.98,0.98,ONE_LEG_INVENTORY,,,,,,,,,,,,,,0,5.0,,,,,,,,,,,,,,,,,,,,"RECONSTRUCT_BLOCKED: OVERPAY_LIMIT (Op:0.1333 > L:0.0036, Cost:$0.67)",,,,,,,,15.0,12.340424,,,,,0,0,,,Inv: 15.0/12.3 CapLeft: 22.7,,,15.0,12.340424,27.340424,22.659576,50.0,0.0,50.0,0.97,0.030000000000000027,2.6595759999999995,0.47333333333333333,0.66,0.1333333333333333,5.0,0.6666666666666665,0.0036248304814100263,OVERPAY_LIMIT
1765989343.3288128,eth-updown-15m-1765989000,1765989000.0,1765989900.0,,556.6711871623993,,,,,0,0,0.98,0.98,ONE_LEG_INVENTORY,,,,,,,,,,,,,,0,5.0,,,,,,,,,,,,,,,,,,,,"RECONSTRUCT_BLOCKED: OVERPAY_LIMIT (Op:0.1333 > L:0.0036, Cost:$0.67)",,,,,,,,15.0,12.340424,,,,,0,0,,,Inv: 15.0/12.3 CapLeft: 22.7,,,15.0,12.340424,27.340424,22.659576,50.0,0.0,50.0,0.97,0.030000000000000027,2.6595759999999995,0.47333333333333333,0.66,0.1333333333333333,5.0,0.6666666666666665,0.0036248304814100263,OVERPAY_LIMIT
1765989343.8870242,eth-updown-15m-1765989000,1765989000.0,1765989900.0,,556.1129758358002,,,,,0,0,0.9,0.98,ORDERS_OPEN,,,,,,,,,,,,,,0,5,,,,,,,,,,,,,,,,,,,,,,,,,,,,0.0,0.0,,,,,0,0,,,Inv: 0.0/0.0 CapLeft: 50.0,,,0.0,0.0,0.0,50.0,50.0,0.0,50.0,0.9,0.09999999999999998,0.0,0.0,0.0,0.0,0.0,0.0,0.0,
1765989345.390581,eth-updown-15m-1765989000,1765989000.0,1765989900.0,,554.6094191074371,,,,,0,0,0.9,0.98,ORDERS_OPEN,,,,,,,,,,,,,,0,5,,,,,,,,,,,,,,,,,,,,,,,,,,,,0.0,0.0,,,,,0,0,,,Inv: 0.0/0.0 CapLeft: 50.0,,,0.0,0.0,0.0,50.0,50.0,0.0,50.0,0.9,0.09999999999999998,0.0,0.0,0.0,0.0,0.0,0.0,0.0,
1765989345.2623324,eth-updown-15m-1765989000,1765989000.0,1765989900.0,,554.7376675605774,,,,,0,0,0.97,0.98,ONE_LEG_INVENTORY,,,,,,,,,,,,,,0,5.0,,,,,,,,,,,,,,,,,,,,"RECONSTRUCT_BLOCKED: OVERPAY_LIMIT (Op:0.1433 > L:0.0037, Cost:$0.72)",,,,,,,,15.0,12.340424,,,,,0,0,,,Inv: 15.0/12.3 CapLeft: 22.7,,,15.0,12.340424,27.340424,22.659576,50.0,0.0,50.0,0.97,0.030000000000000027,2.6595759999999995,0.47333333333333333,0.67,0.1433333333333333,5.0,0.7166666666666666,0.0036973374664783475,OVERPAY_LIMIT
1765989345.2623324,eth-updown-15m-1765989000,1765989000.0,1765989900.0,,554.7376675605774,,,,,0,0,0.97,0.98,ONE_LEG_INVENTORY,,,,,,,,,,,,,,0,5.0,,,,,,,,,,,,,,,,,,,,"RECONSTRUCT_BLOCKED: OVERPAY_LIMIT (Op:0.1433 > L:0.0037, Cost:$0.72)",,,,,,,,15.0,12.340424,,,,,0,0,,,Inv: 15.0/12.3 CapLeft: 22.7,,,15.0,12.340424,27.340424,22.659576,50.0,0.0,50.0,0.97,0.030000000000000027,2.6595759999999995,0.47333333333333333,0.67,0.1433333333333333,5.0,0.7166666666666666,0.0036973374664783475,OVERPAY_LIMIT
1765989346.8928678,eth-updown-15m-1765989000,1765989000.0,1765989900.0,,553.1071321964264,,,,,0,0,0.9,0.98,ORDERS_OPEN,,,,,,,,,,,,,,0,5,,,,,,,,,,,,,,,,,,,,,,,,,,,,0.0,0.0,,,,,0,0,,,Inv: 0.0/0.0 CapLeft: 50.0,,,0.0,0.0,0.0,50.0,50.0,0.0,50.0,0.9,0.09999999999999998,0.0,0.0,0.0,0.0,0.0,0.0,0.0,
1765989347.2130332,eth-updown-15m-1765989000,1765989000.0,1765989900.0,,552.7869668006897,,,,,0,0,1.02,0.98,ONE_LEG_INVENTORY,,,,,,,,,,,,,,0,5.0,,,,,,,,,,,,,,,,,,,,"RECONSTRUCT_BLOCKED: OVERPAY_LIMIT (Op:0.1933 > L:0.0038, Cost:$0.97)",,,,,,,,15.0,12.340424,,,,,0,0,,,Inv: 15.0/12.3 CapLeft: 22.7,,,15.0,12.340424,27.340424,22.659576,50.0,0.0,50.0,0.97,0.030000000000000027,2.6595759999999995,0.47333333333333333,0.72,0.19333333333333336,5.0,0.9666666666666668,0.003770488744974136,OVERPAY_LIMIT
1765989347.2130332,eth-updown-15m-1765989000,1765989000.0,1765989900.0,,552.7869668006897,,,,,0,0,1.02,0.98,ONE_LEG_INVENTORY,,,,,,,,,,,,,,0,5.0,,,,,,,,,,,,,,,,,,,,"RECONSTRUCT_BLOCKED: OVERPAY_LIMIT (Op:0.1933 > L:0.0038, Cost:$0.97)",,,,,,,,15.0,12.340424,,,,,0,0,,,Inv: 15.0/12.3 CapLeft: 22.7,,,15.0,12.340424,27.340424,22.659576,50.0,0.0,50.0,0.97,0.030000000000000027,2.6595759999999995,0.47333333333333333,0.72,0.19333333333333336,5.0,0.9666666666666668,0.003770488744974136,OVERPAY_LIMIT
1765989349.1556141,eth-updown-15m-1765989000,1765989000.0,1765989900.0,,550.8443858623505,,,,,0,0,0.99,0.98,ONE_LEG_INVENTORY,,,,,,,,,,,,,,0,5.0,,,,,,,,,,,,,,,,,,,,"RECONSTRUCT_BLOCKED: OVERPAY_LIMIT (Op:0.1833 > L:0.0038, Cost:$0.92)",,,,,,,,15.0,12.340424,,,,,0,0,,,Inv: 15.0/12.3 CapLeft: 22.7,,,15.0,12.340424,27.340424,22.659576,50.0,0.0,50.0,0.97,0.030000000000000027,2.6595759999999995,0.47333333333333333,0.71,0.18333333333333335,5.0,0.9166666666666667,0.003843335530161858,OVERPAY_LIMIT
1765989349.1556141,eth-updown-15m-1765989000,1765989000.0,1765989900.0,,550.8443858623505,,,,,0,0,0.99,0.98,ONE_LEG_INVENTORY,,,,,,,,,,,,,,0,5.0,,,,,,,,,,,,,,,,,,,,"RECONSTRUCT_BLOCKED: OVERPAY_LIMIT (Op:0.1833 > L:0.0038, Cost:$0.92)",,,,,,,,15.0,12.340424,,,,,0,0,,,Inv: 15.0/12.3 CapLeft: 22.7,,,15.0,12.340424,27.340424,22.659576,50.0,0.0,50.0,0.97,0.030000000000000027,2.6595759999999995,0.47333333333333333,0.71,0.18333333333333335,5.0,0.9166666666666667,0.003843335530161858,OVERPAY_LIMIT
1765989349.8961797,eth-updown-15m-1765989000,1765989000.0,1765989900.0,,550.1038203239441,,,,,0.45,0.45,0.9,0.98,ORDERS_OPEN,,,,,,,,,,,,,,5,5,,,,,,,,,,,,,,,,,,,,Leg:BOTH UP:5 DOWN:5,,,,,,,,0.0,0.0,,,,,0,0,,,Inv: 0.0/0.0 CapLeft: 50.0,,,0.0,0.0,0.0,50.0,50.0,0.0,50.0,0.9,0.09999999999999998,0.0,0.0,0.0,0.0,0.0,0.0,0.0,
1765989351.3974257,eth-updown-15m-1765989000,1765989000.0,1765989900.0,,548.6025743484497,,,,,0,0,0.9,0.98,ORDERS_OPEN,,,,,,,,,,,,,,0,5,,,,,,,,,,,,,,,,,,,,,,,,,,,,0.0,0.0,,,,,0,0,,,Inv: 0.0/0.0 CapLeft: 50.0,,,0.0,0.0,0.0,50.0,50.0,0.0,50.0,0.9,0.09999999999999998,0.0,0.0,0.0,0.0,0.0,0.0,0.0,
1765989351.0789928,eth-updown-15m-1765989000,1765989000.0,1765989900.0,,548.9210071563721,,,,,0,0,0.97,0.98,ONE_LEG_INVENTORY,,,,,,,,,,,,,,0,5.0,,,,,,,,,,,,,,,,,,,,"RECONSTRUCT_BLOCKED: OVERPAY_LIMIT (Op:0.1633 > L:0.0039, Cost:$0.82)",,,,,,,,15.0,12.340424,,,,,0,0,,,Inv: 15.0/12.3 CapLeft: 22.7,,,15.0,12.340424,27.340424,22.659576,50.0,0.0,50.0,0.97,0.030000000000000027,2.6595759999999995,0.47333333333333333,0.69,0.16333333333333333,5.0,0.8166666666666667,0.003915462231636047,OVERPAY_LIMIT
1765989351.0789928,eth-updown-15m-1765989000,1765989000.0,1765989900.0,,548.9210071563721,,,,,0,0,0.97,0.98,ONE_LEG_INVENTORY,,,,,,,,,,,,,,0,5.0,,,,,,,,,,,,,,,,,,,,"RECONSTRUCT_BLOCKED: OVERPAY_LIMIT (Op:0.1633 > L:0.0039, Cost:$0.82)",,,,,,,,15.0,12.340424,,,,,0,0,,,Inv: 15.0/12.3 CapLeft: 22.7,,,15.0,12.340424,27.340424,22.659576,50.0,0.0,50.0,0.97,0.030000000000000027,2.6595759999999995,0.47333333333333333,0.69,0.16333333333333333,5.0,0.8166666666666667,0.003915462231636047,OVERPAY_LIMIT
1765989352.898922,eth-updown-15m-1765989000,1765989000.0,1765989900.0,,547.1010780334473,,,,,0,0,0.9,0.98,ORDERS_OPEN,,,,,,,,,,,,,,0,5,,,,,,,,,,,,,,,,,,,,,,,,,,,,0.0,0.0,,,,,0,0,,,Inv: 0.0/0.0 CapLeft: 50.0,,,0.0,0.0,0.0,50.0,50.0,0.0,50.0,0.9,0.09999999999999998,0.0,0.0,0.0,0.0,0.0,0.0,0.0,
1765989353.0142796,eth-updown-15m-1765989000,1765989000.0,1765989900.0,,546.9857203960419,,,,,0,0,0.9500000000000001,0.98,ONE_LEG_INVENTORY,,,,,,,,,,,,,,0,5.0,,,,,,,,,,,,,,,,,,,,"RECONSTRUCT_BLOCKED: OVERPAY_LIMIT (Op:0.1433 > L:0.0040, Cost:$0.72)",,,,,,,,15.0,12.340424,,,,,0,0,,,Inv: 15.0/12.3 CapLeft: 22.7,,,15.0,12.340424,27.340424,22.659576,50.0,0.0,50.0,0.97,0.030000000000000027,2.6595759999999995,0.47333333333333333,0.67,0.1433333333333333,5.0,0.7166666666666666,0.003988035485148429,OVERPAY_LIMIT
1765989353.0142796,eth-updown-15m-1765989000,1765989000.0,1765989900.0,,546.9857203960419,,,,,0,0,0.9500000000000001,0.98,ONE_LEG_INVENTORY,,,,,,,,,,,,,,0,5.0,,,,,,,,,,,,,,,,,,,,"RECONSTRUCT_BLOCKED: OVERPAY_LIMIT (Op:0.1433 > L:0.0040, Cost:$0.72)",,,,,,,,15.0,12.340424,,,,,0,0,,,Inv: 15.0/12.3 CapLeft: 22.7,,,15.0,12.340424,27.340424,22.659576,50.0,0.0,50.0,0.97,0.030000000000000027,2.6595759999999995,0.47333333333333333,0.67,0.1433333333333333,5.0,0.7166666666666666,0.003988035485148429,OVERPAY_LIMIT
1765989354.4003417,eth-updown-15m-1765989000,1765989000.0,1765989900.0,,545.5996582508087,,,,,0,0,0.9,0.98,ORDERS_OPEN,,,,,,,,,,,,,,0,5,,,,,,,,,,,,,,,,,,,,,,,,,,,,0.0,0.0,,,,,0,0,,,Inv: 0.0/0.0 CapLeft: 50.0,,,0.0,0.0,0.0,50.0,50.0,0.0,50.0,0.9,0.09999999999999998,0.0,0.0,0.0,0.0,0.0,0.0,0.0,
1765989354.9748948,eth-updown-15m-1765989000,1765989000.0,1765989900.0,,545.0251052379608,,,,,0,0,0.96,0.98,ONE_LEG_INVENTORY,,,,,,,,,,,,,,0,5.0,,,,,,,,,,,,,,,,,,,,"RECONSTRUCT_BLOCKED: OVERPAY_LIMIT (Op:0.1333 > L:0.0041, Cost:$0.67)",,,,,,,,15.0,12.340424,,,,,0,0,,,Inv: 15.0/12.3 CapLeft: 22.7,,,15.0,12.340424,27.340424,22.659576,50.0,0.0,50.0,0.97,0.030000000000000027,2.6595759999999995,0.47333333333333333,0.66,0.1333333333333333,5.0,0.6666666666666665,0.004061558553576469,OVERPAY_LIMIT
1765989354.9748948,eth-updown-15m-1765989000,1765989000.0,1765989900.0,,545.0251052379608,,,,,0,0,0.96,0.98,ONE_LEG_INVENTORY,,,,,,,,,,,,,,0,5.0,,,,,,,,,,,,,,,,,,,,"RECONSTRUCT_BLOCKED: OVERPAY_LIMIT (Op:0.1333 > L:0.0041, Cost:$0.67)",,,,,,,,15.0,12.340424,,,,,0,0,,,Inv: 15.0/12.3 CapLeft: 22.7,,,15.0,12.340424,27.340424,22.659576,50.0,0.0,50.0,0.97,0.030000000000000027,2.6595759999999995,0.47333333333333333,0.66,0.1333333333333333,5.0,0.6666666666666665,0.004061558553576469,OVERPAY_LIMIT
1765989355.901473,eth-updown-15m-1765989000,1765989000.0,1765989900.0,,544.0985269546509,,,,,0,0,0.9,0.98,ORDERS_OPEN,,,,,,,,,,,,,,0,5,,,,,,,,,,,,,,,,,,,,,,,,,,,,0.0,0.0,,,,,0,0,,,Inv: 0.0/0.0 CapLeft: 50.0,,,0.0,0.0,0.0,50.0,50.0,0.0,50.0,0.9,0.09999999999999998,0.0,0.0,0.0,0.0,0.0,0.0,0.0,
1765989356.9112723,eth-updown-15m-1765989000,1765989000.0,1765989900.0,,543.0887277126312,,,,,0,0,0.96,0.98,ONE_LEG_INVENTORY,,,,,,,,,,,,,,0,5.0,,,,,,,,,,,,,,,,,,,,"RECONSTRUCT_BLOCKED: OVERPAY_LIMIT (Op:0.1333 > L:0.0041, Cost:$0.67)",,,,,,,,15.0,12.340424,,,,,0,0,,,Inv: 15.0/12.3 CapLeft: 22.7,,,15.0,12.340424,27.340424,22.659576,50.0,0.0,50.0,0.97,0.030000000000000027,2.6595759999999995,0.47333333333333333,0.66,0.1333333333333333,5.0,0.6666666666666665,0.004134172710776329,OVERPAY_LIMIT
1765989356.9112723,eth-updown-15m-1765989000,1765989000.0,1765989900.0,,543.0887277126312,,,,,0,0,0.96,0.98,ONE_LEG_INVENTORY,,,,,,,,,,,,,,0,5.0,,,,,,,,,,,,,,,,,,,,"RECONSTRUCT_BLOCKED: OVERPAY_LIMIT (Op:0.1333 > L:0.0041, Cost:$0.67)",,,,,,,,15.0,12.340424,,,,,0,0,,,Inv: 15.0/12.3 CapLeft: 22.7,,,15.0,12.340424,27.340424,22.659576,50.0,0.0,50.0,0.97,0.030000000000000027,2.6595759999999995,0.47333333333333333,0.66,0.1333333333333333,5.0,0.6666666666666665,0.004134172710776329,OVERPAY_LIMIT
1765989357.4030957,eth-updown-15m-1765989000,1765989000.0,1765989900.0,,542.5969042778015,,,,,0,0,0.9,0.98,ORDERS_OPEN,,,,,,,,,,,,,,0,5,,,,,,,,,,,,,,,,,,,,,,,,,,,,0.0,0.0,,,,,0,0,,,Inv: 0.0/0.0 CapLeft: 50.0,,,0.0,0.0,0.0,50.0,50.0,0.0,50.0,0.9,0.09999999999999998,0.0,0.0,0.0,0.0,0.0,0.0,0.0,
1765989358.9049885,eth-updown-15m-1765989000,1765989000.0,1765989900.0,,541.095011472702,,,,,0,0,0.9,0.98,ORDERS_OPEN,,,,,,,,,,,,,,0,5,,,,,,,,,,,,,,,,,,,,,,,,,,,,0.0,0.0,,,,,0,0,,,Inv: 0.0/0.0 CapLeft: 50.0,,,0.0,0.0,0.0,50.0,50.0,0.0,50.0,0.9,0.09999999999999998,0.0,0.0,0.0,0.0,0.0,0.0,0.0,
1765989358.8497396,eth-updown-15m-1765989000,1765989000.0,1765989900.0,,541.1502604484558,,,,,0,0,0.96,0.98,ONE_LEG_INVENTORY,,,,,,,,,,,,,,0,5.0,,,,,,,,,,,,,,,,,,,,"RECONSTRUCT_BLOCKED: OVERPAY_LIMIT (Op:0.1133 > L:0.0042, Cost:$0.57)",,,,,,,,15.0,12.340424,,,,,0,0,,,Inv: 15.0/12.3 CapLeft: 22.7,,,15.0,12.340424,27.340424,22.659576,50.0,0.0,50.0,0.97,0.030000000000000027,2.6595759999999995,0.47333333333333333,0.64,0.11333333333333329,5.0,0.5666666666666664,0.004206865233182907,OVERPAY_LIMIT
1765989358.8497396,eth-updown-15m-1765989000,1765989000.0,1765989900.0,,541.1502604484558,,,,,0,0,0.96,0.98,ONE_LEG_INVENTORY,,,,,,,,,,,,,,0,5.0,,,,,,,,,,,,,,,,,,,,"RECONSTRUCT_BLOCKED: OVERPAY_LIMIT (Op:0.1133 > L:0.0042, Cost:$0.57)",,,,,,,,15.0,12.340424,,,,,0,0,,,Inv: 15.0/12.3 CapLeft: 22.7,,,15.0,12.340424,27.340424,22.659576,50.0,0.0,50.0,0.97,0.030000000000000027,2.6595759999999995,0.47333333333333333,0.64,0.11333333333333329,5.0,0.5666666666666664,0.004206865233182907,OVERPAY_LIMIT
1765989360.406445,eth-updown-15m-1765989000,1765989000.0,1765989900.0,,539.5935549736023,,,,,0,0,0.9,0.98,ORDERS_OPEN,,,,,,,,,,,,,,0,5,,,,,,,,,,,,,,,,,,,,,,,,,,,,0.0,0.0,,,,,0,0,,,Inv: 0.0/0.0 CapLeft: 50.0,,,0.0,0.0,0.0,50.0,50.0,0.0,50.0,0.9,0.09999999999999998,0.0,0.0,0.0,0.0,0.0,0.0,0.0,
1765989360.784362,eth-updown-15m-1765989000,1765989000.0,1765989900.0,,539.215637922287,,,,,0,0,0.97,0.98,ONE_LEG_INVENTORY,,,,,,,,,,,,,,0,5.0,,,,,,,,,,,,,,,,,,,,"RECONSTRUCT_BLOCKED: OVERPAY_LIMIT (Op:0.1333 > L:0.0043, Cost:$0.67)",,,,,,,,15.0,12.340424,,,,,0,0,,,Inv: 15.0/12.3 CapLeft: 22.7,,,15.0,12.340424,27.340424,22.659576,50.0,0.0,50.0,0.97,0.030000000000000027,2.6595759999999995,0.47333333333333333,0.66,0.1333333333333333,5.0,0.6666666666666665,0.004279413577914238,OVERPAY_LIMIT
1765989360.784362,eth-updown-15m-1765989000,1765989000.0,1765989900.0,,539.215637922287,,,,,0,0,0.97,0.98,ONE_LEG_INVENTORY,,,,,,,,,,,,,,0,5.0,,,,,,,,,,,,,,,,,,,,"RECONSTRUCT_BLOCKED: OVERPAY_LIMIT (Op:0.1333 > L:0.0043, Cost:$0.67)",,,,,,,,15.0,12.340424,,,,,0,0,,,Inv: 15.0/12.3 CapLeft: 22.7,,,15.0,12.340424,27.340424,22.659576,50.0,0.0,50.0,0.97,0.030000000000000027,2.6595759999999995,0.47333333333333333,0.66,0.1333333333333333,5.0,0.6666666666666665,0.004279413577914238,OVERPAY_LIMIT
1765989361.9079087,eth-updown-15m-1765989000,1765989000.0,1765989900.0,,538.0920913219452,,,,,0,0,0.9,0.98,ORDERS_OPEN,,,,,,,,,,,,,,0,5,,,,,,,,,,,,,,,,,,,,,,,,,,,,0.0,0.0,,,,,0,0,,,Inv: 0.0/0.0 CapLeft: 50.0,,,0.0,0.0,0.0,50.0,50.0,0.0,50.0,0.9,0.09999999999999998,0.0,0.0,0.0,0.0,0.0,0.0,0.0,
1765989362.731742,eth-updown-15m-1765989000,1765989000.0,1765989900.0,,537.2682580947876,,,,,0,0,0.97,0.98,ONE_LEG_INVENTORY,,,,,,,,,,,,,,0,5.0,,,,,,,,,,,,,,,,,,,,"RECONSTRUCT_BLOCKED: OVERPAY_LIMIT (Op:0.1333 > L:0.0044, Cost:$0.67)",,,,,,,,15.0,12.340424,,,,,0,0,,,Inv: 15.0/12.3 CapLeft: 22.7,,,15.0,12.340424,27.340424,22.659576,50.0,0.0,50.0,0.97,0.030000000000000027,2.6595759999999995,0.47333333333333333,0.66,0.1333333333333333,5.0,0.6666666666666665,0.004352440321445465,OVERPAY_LIMIT
1765989362.731742,eth-updown-15m-1765989000,1765989000.0,1765989900.0,,537.2682580947876,,,,,0,0,0.97,0.98,ONE_LEG_INVENTORY,,,,,,,,,,,,,,0,5.0,,,,,,,,,,,,,,,,,,,,"RECONSTRUCT_BLOCKED: OVERPAY_LIMIT (Op:0.1333 > L:0.0044, Cost:$0.67)",,,,,,,,15.0,12.340424,,,,,0,0,,,Inv: 15.0/12.3 CapLeft: 22.7,,,15.0,12.340424,27.340424,22.659576,50.0,0.0,50.0,0.97,0.030000000000000027,2.6595759999999995,0.47333333333333333,0.66,0.1333333333333333,5.0,0.6666666666666665,0.004352440321445465,OVERPAY_LIMIT
1765989363.4093864,eth-updown-15m-1765989000,1765989000.0,1765989900.0,,536.5906136035919,,,,,0,0,0.9,0.98,ORDERS_OPEN,,,,,,,,,,,,,,0,5,,,,,,,,,,,,,,,,,,,,,,,,,,,,0.0,0.0,,,,,0,0,,,Inv: 0.0/0.0 CapLeft: 50.0,,,0.0,0.0,0.0,50.0,50.0,0.0,50.0,0.9,0.09999999999999998,0.0,0.0,0.0,0.0,0.0,0.0,0.0,
1765989364.6943028,eth-updown-15m-1765989000,1765989000.0,1765989900.0,,535.3056972026825,,,,,0,0,0.98,0.98,ONE_LEG_INVENTORY,,,,,,,,,,,,,,0,5.0,,,,,,,,,,,,,,,,,,,,"RECONSTRUCT_BLOCKED: OVERPAY_LIMIT (Op:0.1133 > L:0.0044, Cost:$0.57)",,,,,,,,15.0,12.340424,,,,,0,0,,,Inv: 15.0/12.3 CapLeft: 22.7,,,15.0,12.340424,27.340424,22.659576,50.0,0.0,50.0,0.97,0.030000000000000027,2.6595759999999995,0.47333333333333333,0.64,0.11333333333333329,5.0,0.5666666666666664,0.004426036354899406,OVERPAY_LIMIT
1765989364.6943028,eth-updown-15m-1765989000,1765989000.0,1765989900.0,,535.3056972026825,,,,,0,0,0.98,0.98,ONE_LEG_INVENTORY,,,,,,,,,,,,,,0,5.0,,,,,,,,,,,,,,,,,,,,"RECONSTRUCT_BLOCKED: OVERPAY_LIMIT (Op:0.1133 > L:0.0044, Cost:$0.57)",,,,,,,,15.0,12.340424,,,,,0,0,,,Inv: 15.0/12.3 CapLeft: 22.7,,,15.0,12.340424,27.340424,22.659576,50.0,0.0,50.0,0.97,0.030000000000000027,2.6595759999999995,0.47333333333333333,0.64,0.11333333333333329,5.0,0.5666666666666664,0.004426036354899406,OVERPAY_LIMIT
1765989366.4121523,eth-updown-15m-1765989000,1765989000.0,1765989900.0,,533.5878477096558,,,,,0.45,0.45,0.9,0.98,ORDERS_OPEN,,,,,,,,,,,,,,5,5,,,,,,,,,,,,,,,,,,,,Leg:BOTH UP:5 DOWN:5,,,,,,,,0.0,0.0,,,,,0,0,,,Inv: 0.0/0.0 CapLeft: 50.0,,,0.0,0.0,0.0,50.0,50.0,0.0,50.0,0.9,0.09999999999999998,0.0,0.0,0.0,0.0,0.0,0.0,0.0,
1765989366.6808953,eth-updown-15m-1765989000,1765989000.0,1765989900.0,,533.3191046714783,,,,,0,0,0.96,0.98,ONE_LEG_INVENTORY,,,,,,,,,,,,,,0,5.0,,,,,,,,,,,,,,,,,,,,"RECONSTRUCT_BLOCKED: OVERPAY_LIMIT (Op:0.1033 > L:0.0045, Cost:$0.52)",,,,,,,,15.0,12.340424,,,,,0,0,,,Inv: 15.0/12.3 CapLeft: 22.7,,,15.0,12.340424,27.340424,22.659576,50.0,0.0,50.0,0.97,0.030000000000000027,2.6595759999999995,0.47333333333333333,0.63,0.10333333333333328,5.0,0.5166666666666664,0.0045005335748195645,OVERPAY_LIMIT
1765989366.6808953,eth-updown-15m-1765989000,1765989000.0,1765989900.0,,533.3191046714783,,,,,0,0,0.96,0.98,ONE_LEG_INVENTORY,,,,,,,,,,,,,,0,5.0,,,,,,,,,,,,,,,,,,,,"RECONSTRUCT_BLOCKED: OVERPAY_LIMIT (Op:0.1033 > L:0.0045, Cost:$0.52)",,,,,,,,15.0,12.340424,,,,,0,0,,,Inv: 15.0/12.3 CapLeft: 22.7,,,15.0,12.340424,27.340424,22.659576,50.0,0.0,50.0,0.97,0.030000000000000027,2.6595759999999995,0.47333333333333333,0.63,0.10333333333333328,5.0,0.5166666666666664,0.0045005335748195645,OVERPAY_LIMIT
1765989367.9133177,eth-updown-15m-1765989000,1765989000.0,1765989900.0,,532.0866823196411,,,,,0,0,0.9,0.98,ORDERS_OPEN,,,,,,,,,,,,,,0,5,,,,,,,,,,,,,,,,,,,,,,,,,,,,0.0,0.0,,,,,0,0,,,Inv: 0.0/0.0 CapLeft: 50.0,,,0.0,0.0,0.0,50.0,50.0,0.0,50.0,0.9,0.09999999999999998,0.0,0.0,0.0,0.0,0.0,0.0,0.0,
1765989368.602307,eth-updown-15m-1765989000,1765989000.0,1765989900.0,,531.3976929187775,,,,,0,0,0.99,0.98,ONE_LEG_INVENTORY,,,,,,,,,,,,,,0,5.0,,,,,,,,,,,,,,,,,,,,"RECONSTRUCT_BLOCKED: OVERPAY_LIMIT (Op:0.0933 > L:0.0046, Cost:$0.47)",,,,,,,,15.0,12.340424,,,,,0,0,,,Inv: 15.0/12.3 CapLeft: 22.7,,,15.0,12.340424,27.340424,22.659576,50.0,0.0,50.0,0.97,0.030000000000000027,2.6595759999999995,0.47333333333333333,0.62,0.09333333333333327,5.0,0.46666666666666634,0.004572586515545845,OVERPAY_LIMIT
1765989368.602307,eth-updown-15m-1765989000,1765989000.0,1765989900.0,,531.3976929187775,,,,,0,0,0.99,0.98,ONE_LEG_INVENTORY,,,,,,,,,,,,,,0,5.0,,,,,,,,,,,,,,,,,,,,"RECONSTRUCT_BLOCKED: OVERPAY_LIMIT (Op:0.0933 > L:0.0046, Cost:$0.47)",,,,,,,,15.0,12.340424,,,,,0,0,,,Inv: 15.0/12.3 CapLeft: 22.7,,,15.0,12.340424,27.340424,22.659576,50.0,0.0,50.0,0.97,0.030000000000000027,2.6595759999999995,0.47333333333333333,0.62,0.09333333333333327,5.0,0.46666666666666634,0.004572586515545845,OVERPAY_LIMIT
1765989369.4149055,eth-updown-15m-1765989000,1765989000.0,1765989900.0,,530.5850944519043,,,,,0,0,0.9,0.98,ORDERS_OPEN,,,,,,,,,,,,,,0,5,,,,,,,,,,,,,,,,,,,,,,,,,,,,0.0,0.0,,,,,0,0,,,Inv: 0.0/0.0 CapLeft: 50.0,,,0.0,0.0,0.0,50.0,50.0,0.0,50.0,0.9,0.09999999999999998,0.0,0.0,0.0,0.0,0.0,0.0,0.0,
1765989370.9165087,eth-updown-15m-1765989000,1765989000.0,1765989900.0,,529.0834913253784,,,,,0,0,0.9,0.98,ORDERS_OPEN,,,,,,,,,,,,,,0,5,,,,,,,,,,,,,,,,,,,,,,,,,,,,0.0,0.0,,,,,0,0,,,Inv: 0.0/0.0 CapLeft: 50.0,,,0.0,0.0,0.0,50.0,50.0,0.0,50.0,0.9,0.09999999999999998,0.0,0.0,0.0,0.0,0.0,0.0,0.0,
1765989370.549304,eth-updown-15m-1765989000,1765989000.0,1765989900.0,,529.4506959915161,,,,,0,0,0.97,0.98,ONE_LEG_INVENTORY,,,,,,,,,,,,,,0,5.0,,,,,,,,,,,,,,,,,,,,"RECONSTRUCT_BLOCKED: OVERPAY_LIMIT (Op:0.1133 > L:0.0046, Cost:$0.57)",,,,,,,,15.0,12.340424,,,,,0,0,,,Inv: 15.0/12.3 CapLeft: 22.7,,,15.0,12.340424,27.340424,22.659576,50.0,0.0,50.0,0.97,0.030000000000000027,2.6595759999999995,0.47333333333333333,0.64,0.11333333333333329,5.0,0.5666666666666664,0.0046455989003181455,OVERPAY_LIMIT
1765989370.549304,eth-updown-15m-1765989000,1765989000.0,1765989900.0,,529.4506959915161,,,,,0,0,0.97,0.98,ONE_LEG_INVENTORY,,,,,,,,,,,,,,0,5.0,,,,,,,,,,,,,,,,,,,,"RECONSTRUCT_BLOCKED: OVERPAY_LIMIT (Op:0.1133 > L:0.0046, Cost:$0.57)",,,,,,,,15.0,12.340424,,,,,0,0,,,Inv: 15.0/12.3 CapLeft: 22.7,,,15.0,12.340424,27.340424,22.659576,50.0,0.0,50.0,0.97,0.030000000000000027,2.6595759999999995,0.47333333333333333,0.64,0.11333333333333329,5.0,0.5666666666666664,0.0046455989003181455,OVERPAY_LIMIT
1765989372.4180999,eth-updown-15m-1765989000,1765989000.0,1765989900.0,,527.5819001197815,,,,,0,0,0.9,0.98,ORDERS_OPEN,,,,,,,,,,,,,,0,5,,,,,,,,,,,,,,,,,,,,,,,,,,,,0.0,0.0,,,,,0,0,,,Inv: 0.0/0.0 CapLeft: 50.0,,,0.0,0.0,0.0,50.0,50.0,0.0,50.0,0.9,0.09999999999999998,0.0,0.0,0.0,0.0,0.0,0.0,0.0,
1765989372.4843934,eth-updown-15m-1765989000,1765989000.0,1765989900.0,,527.5156066417694,,,,,0,0,0.99,0.98,ONE_LEG_INVENTORY,,,,,,,,,,,,,,0,5.0,,,,,,,,,,,,,,,,,,,,"RECONSTRUCT_BLOCKED: OVERPAY_LIMIT (Op:0.1133 > L:0.0047, Cost:$0.57)",,,,,,,,15.0,12.340424,,,,,0,0,,,Inv: 15.0/12.3 CapLeft: 22.7,,,15.0,12.340424,27.340424,22.659576,50.0,0.0,50.0,0.97,0.030000000000000027,2.6595759999999995,0.47333333333333333,0.64,0.11333333333333329,5.0,0.5666666666666664,0.004718164750933647,OVERPAY_LIMIT
1765989372.4843934,eth-updown-15m-1765989000,1765989000.0,1765989900.0,,527.5156066417694,,,,,0,0,0.99,0.98,ONE_LEG_INVENTORY,,,,,,,,,,,,,,0,5.0,,,,,,,,,,,,,,,,,,,,"RECONSTRUCT_BLOCKED: OVERPAY_LIMIT (Op:0.1133 > L:0.0047, Cost:$0.57)",,,,,,,,15.0,12.340424,,,,,0,0,,,Inv: 15.0/12.3 CapLeft: 22.7,,,15.0,12.340424,27.340424,22.659576,50.0,0.0,50.0,0.97,0.030000000000000027,2.6595759999999995,0.47333333333333333,0.64,0.11333333333333329,5.0,0.5666666666666664,0.004718164750933647,OVERPAY_LIMIT
1765989373.9193764,eth-updown-15m-1765989000,1765989000.0,1765989900.0,,526.080623626709,,,,,0,0,0.9,0.98,ORDERS_OPEN,,,,,,,,,,,,,,0,5,,,,,,,,,,,,,,,,,,,,,,,,,,,,0.0,0.0,,,,,0,0,,,Inv: 0.0/0.0 CapLeft: 50.0,,,0.0,0.0,0.0,50.0,50.0,0.0,50.0,0.9,0.09999999999999998,0.0,0.0,0.0,0.0,0.0,0.0,0.0,
1765989374.4368842,eth-updown-15m-1765989000,1765989000.0,1765989900.0,,525.5631158351898,,,,,0,0,0.96,0.98,ONE_LEG_INVENTORY,,,,,,,,,,,,,,0,5.0,,,,,,,,,,,,,,,,,,,,"RECONSTRUCT_BLOCKED: OVERPAY_LIMIT (Op:0.1033 > L:0.0048, Cost:$0.52)",,,,,,,,15.0,12.340424,,,,,0,0,,,Inv: 15.0/12.3 CapLeft: 22.7,,,15.0,12.340424,27.340424,22.659576,50.0,0.0,50.0,0.97,0.030000000000000027,2.6595759999999995,0.47333333333333333,0.63,0.10333333333333328,5.0,0.5166666666666664,0.004791383156180382,OVERPAY_LIMIT
1765989374.4368842,eth-updown-15m-1765989000,1765989000.0,1765989900.0,,525.5631158351898,,,,,0,0,0.96,0.98,ONE_LEG_INVENTORY,,,,,,,,,,,,,,0,5.0,,,,,,,,,,,,,,,,,,,,"RECONSTRUCT_BLOCKED: OVERPAY_LIMIT (Op:0.1033 > L:0.0048, Cost:$0.52)",,,,,,,,15.0,12.340424,,,,,0,0,,,Inv: 15.0/12.3 CapLeft: 22.7,,,15.0,12.340424,27.340424,22.659576,50.0,0.0,50.0,0.97,0.030000000000000027,2.6595759999999995,0.47333333333333333,0.63,0.10333333333333328,5.0,0.5166666666666664,0.004791383156180382,OVERPAY_LIMIT
1765989375.4217308,eth-updown-15m-1765989000,1765989000.0,1765989900.0,,524.5782692432404,,,,,0,0,0.9,0.98,ORDERS_OPEN,,,,,,,,,,,,,,0,5,,,,,,,,,,,,,,,,,,,,,,,,,,,,0.0,0.0,,,,,0,0,,,Inv: 0.0/0.0 CapLeft: 50.0,,,0.0,0.0,0.0,50.0,50.0,0.0,50.0,0.9,0.09999999999999998,0.0,0.0,0.0,0.0,0.0,0.0,0.0,
1765989376.923465,eth-updown-15m-1765989000,1765989000.0,1765989900.0,,523.076534986496,,,,,0,0,0.9,0.98,ORDERS_OPEN,,,,,,,,,,,,,,0,5,,,,,,,,,,,,,,,,,,,,,,,,,,,,0.0,0.0,,,,,0,0,,,Inv: 0.0/0.0 CapLeft: 50.0,,,0.0,0.0,0.0,50.0,50.0,0.0,50.0,0.9,0.09999999999999998,0.0,0.0,0.0,0.0,0.0,0.0,0.0,
1765989376.4503498,eth-updown-15m-1765989000,1765989000.0,1765989900.0,,523.5496501922607,,,,,0,0,0.95,0.98,ONE_LEG_INVENTORY,,,,,,,,,,,,,,0,5.0,,,,,,,,,,,,,,,,,,,,"RECONSTRUCT_BLOCKED: OVERPAY_LIMIT (Op:0.0933 > L:0.0049, Cost:$0.47)",,,,,,,,15.0,12.340424,,,,,0,0,,,Inv: 15.0/12.3 CapLeft: 22.7,,,15.0,12.340424,27.340424,22.659576,50.0,0.0,50.0,0.97,0.030000000000000027,2.6595759999999995,0.47333333333333333,0.62,0.09333333333333327,5.0,0.46666666666666634,0.004866888117790222,OVERPAY_LIMIT
1765989376.4503498,eth-updown-15m-1765989000,1765989000.0,1765989900.0,,523.5496501922607,,,,,0,0,0.95,0.98,ONE_LEG_INVENTORY,,,,,,,,,,,,,,0,5.0,,,,,,,,,,,,,,,,,,,,"RECONSTRUCT_BLOCKED: OVERPAY_LIMIT (Op:0.0933 > L:0.0049, Cost:$0.47)",,,,,,,,15.0,12.340424,,,,,0,0,,,Inv: 15.0/12.3 CapLeft: 22.7,,,15.0,12.340424,27.340424,22.659576,50.0,0.0,50.0,0.97,0.030000000000000027,2.6595759999999995,0.47333333333333333,0.62,0.09333333333333327,5.0,0.46666666666666634,0.004866888117790222,OVERPAY_LIMIT
1765989378.42448,eth-updown-15m-1765989000,1765989000.0,1765989900.0,,521.5755200386047,,,,,0,0,0.9,0.98,ORDERS_OPEN,,,,,,,,,,,,,,0,5,,,,,,,,,,,,,,,,,,,,,,,,,,,,0.0,0.0,,,,,0,0,,,Inv: 0.0/0.0 CapLeft: 50.0,,,0.0,0.0,0.0,50.0,50.0,0.0,50.0,0.9,0.09999999999999998,0.0,0.0,0.0,0.0,0.0,0.0,0.0,
1765989378.5559642,eth-updown-15m-1765989000,1765989000.0,1765989900.0,,521.4440357685089,,,,,0,0,0.98,0.98,ONE_LEG_INVENTORY,,,,,,,,,,,,,,0,5.0,,,,,,,,,,,,,,,,,,,,"RECONSTRUCT_BLOCKED: OVERPAY_LIMIT (Op:0.0833 > L:0.0049, Cost:$0.42)",,,,,,,,15.0,12.340424,,,,,0,0,,,Inv: 15.0/12.3 CapLeft: 22.7,,,15.0,12.340424,27.340424,22.659576,50.0,0.0,50.0,0.97,0.030000000000000027,2.6595759999999995,0.47333333333333333,0.61,0.08333333333333326,5.0,0.4166666666666663,0.0049458486586809155,OVERPAY_LIMIT
1765989378.5559642,eth-updown-15m-1765989000,1765989000.0,1765989900.0,,521.4440357685089,,,,,0,0,0.98,0.98,ONE_LEG_INVENTORY,,,,,,,,,,,,,,0,5.0,,,,,,,,,,,,,,,,,,,,"RECONSTRUCT_BLOCKED: OVERPAY_LIMIT (Op:0.0833 > L:0.0049, Cost:$0.42)",,,,,,,,15.0,12.340424,,,,,0,0,,,Inv: 15.0/12.3 CapLeft: 22.7,,,15.0,12.340424,27.340424,22.659576,50.0,0.0,50.0,0.97,0.030000000000000027,2.6595759999999995,0.47333333333333333,0.61,0.08333333333333326,5.0,0.4166666666666663,0.0049458486586809155,OVERPAY_LIMIT
1765989379.9256244,eth-updown-15m-1765989000,1765989000.0,1765989900.0,,520.074375629425,,,,,0,0,0.9,0.98,ORDERS_OPEN,,,,,,,,,,,,,,0,5,,,,,,,,,,,,,,,,,,,,,,,,,,,,0.0,0.0,,,,,0,0,,,Inv: 0.0/0.0 CapLeft: 50.0,,,0.0,0.0,0.0,50.0,50.0,0.0,50.0,0.9,0.09999999999999998,0.0,0.0,0.0,0.0,0.0,0.0,0.0,
1765989380.5268545,eth-updown-15m-1765989000,1765989000.0,1765989900.0,,519.4731454849243,,,,,0,0,0.98,0.98,ONE_LEG_INVENTORY,,,,,,,,,,,,,,0,5.0,,,,,,,,,,,,,,,,,,,,"RECONSTRUCT_BLOCKED: OVERPAY_LIMIT (Op:0.0533 > L:0.0050, Cost:$0.27)",,,,,,,,15.0,12.340424,,,,,0,0,,,Inv: 15.0/12.3 CapLeft: 22.7,,,15.0,12.340424,27.340424,22.659576,50.0,0.0,50.0,0.97,0.030000000000000027,2.6595759999999995,0.47333333333333333,0.58,0.05333333333333323,5.0,0.26666666666666616,0.0050197570443153375,OVERPAY_LIMIT
1765989380.5268545,eth-updown-15m-1765989000,1765989000.0,1765989900.0,,519.4731454849243,,,,,0,0,0.98,0.98,ONE_LEG_INVENTORY,,,,,,,,,,,,,,0,5.0,,,,,,,,,,,,,,,,,,,,"RECONSTRUCT_BLOCKED: OVERPAY_LIMIT (Op:0.0533 > L:0.0050, Cost:$0.27)",,,,,,,,15.0,12.340424,,,,,0,0,,,Inv: 15.0/12.3 CapLeft: 22.7,,,15.0,12.340424,27.340424,22.659576,50.0,0.0,50.0,0.97,0.030000000000000027,2.6595759999999995,0.47333333333333333,0.58,0.05333333333333323,5.0,0.26666666666666616,0.0050197570443153375,OVERPAY_LIMIT
1765989382.9279552,eth-updown-15m-1765989000,1765989000.0,1765989900.0,,517.0720448493958,,,,,0.45,0.45,0.9,0.98,ORDERS_OPEN,,,,,,,,,,,,,,5,5,,,,,,,,,,,,,,,,,,,,Leg:BOTH UP:5 DOWN:5,,,,,,,,0.0,0.0,,,,,0,0,,,Inv: 0.0/0.0 CapLeft: 50.0,,,0.0,0.0,0.0,50.0,50.0,0.0,50.0,0.9,0.09999999999999998,0.0,0.0,0.0,0.0,0.0,0.0,0.0,
1765989382.455067,eth-updown-15m-1765989000,1765989000.0,1765989900.0,,517.5449330806732,,,,,0,0,0.99,0.98,ONE_LEG_INVENTORY,,,,,,,,,,,,,,0,5.0,,,,,,,,,,,,,,,,,,,,"RECONSTRUCT_BLOCKED: OVERPAY_LIMIT (Op:0.0733 > L:0.0051, Cost:$0.37)",,,,,,,,15.0,12.340424,,,,,0,0,,,Inv: 15.0/12.3 CapLeft: 22.7,,,15.0,12.340424,27.340424,22.659576,50.0,0.0,50.0,0.97,0.030000000000000027,2.6595759999999995,0.47333333333333333,0.6,0.07333333333333325,5.0,0.36666666666666625,0.005092065009474754,OVERPAY_LIMIT
1765989382.455067,eth-updown-15m-1765989000,1765989000.0,1765989900.0,,517.5449330806732,,,,,0,0,0.99,0.98,ONE_LEG_INVENTORY,,,,,,,,,,,,,,0,5.0,,,,,,,,,,,,,,,,,,,,"RECONSTRUCT_BLOCKED: OVERPAY_LIMIT (Op:0.0733 > L:0.0051, Cost:$0.37)",,,,,,,,15.0,12.340424,,,,,0,0,,,Inv: 15.0/12.3 CapLeft: 22.7,,,15.0,12.340424,27.340424,22.659576,50.0,0.0,50.0,0.97,0.030000000000000027,2.6595759999999995,0.47333333333333333,0.6,0.07333333333333325,5.0,0.36666666666666625,0.005092065009474754,OVERPAY_LIMIT
1765989384.4299972,eth-updown-15m-1765989000,1765989000.0,1765989900.0,,515.5700027942657,,,,,0,0,0.9,0.98,ORDERS_OPEN,,,,,,,,,,,,,,0,5,,,,,,,,,,,,,,,,,,,,,,,,,,,,0.0,0.0,,,,,0,0,,,Inv: 0.0/0.0 CapLeft: 50.0,,,0.0,0.0,0.0,50.0,50.0,0.0,50.0,0.9,0.09999999999999998,0.0,0.0,0.0,0.0,0.0,0.0,0.0,
1765989384.4474995,eth-updown-15m-1765989000,1765989000.0,1765989900.0,,515.5525004863739,,,,,0,0,0.98,0.98,ONE_LEG_INVENTORY,,,,,,,,,,,,,,0,5.0,,,,,,,,,,,,,,,,,,,,"RECONSTRUCT_BLOCKED: OVERPAY_LIMIT (Op:0.0733 > L:0.0052, Cost:$0.37)",,,,,,,,15.0,12.340424,,,,,0,0,,,Inv: 15.0/12.3 CapLeft: 22.7,,,15.0,12.340424,27.340424,22.659576,50.0,0.0,50.0,0.97,0.030000000000000027,2.6595759999999995,0.47333333333333333,0.6,0.07333333333333325,5.0,0.36666666666666625,0.005166781231760979,OVERPAY_LIMIT
1765989384.4474995,eth-updown-15m-1765989000,1765989000.0,1765989900.0,,515.5525004863739,,,,,0,0,0.98,0.98,ONE_LEG_INVENTORY,,,,,,,,,,,,,,0,5.0,,,,,,,,,,,,,,,,,,,,"RECONSTRUCT_BLOCKED: OVERPAY_LIMIT (Op:0.0733 > L:0.0052, Cost:$0.37)",,,,,,,,15.0,12.340424,,,,,0,0,,,Inv: 15.0/12.3 CapLeft: 22.7,,,15.0,12.340424,27.340424,22.659576,50.0,0.0,50.0,0.97,0.030000000000000027,2.6595759999999995,0.47333333333333333,0.6,0.07333333333333325,5.0,0.36666666666666625,0.005166781231760979,OVERPAY_LIMIT
1765989385.9310372,eth-updown-15m-1765989000,1765989000.0,1765989900.0,,514.0689628124237,,,,,0,0,0.9,0.98,ORDERS_OPEN,,,,,,,,,,,,,,0,5,,,,,,,,,,,,,,,,,,,,,,,,,,,,0.0,0.0,,,,,0,0,,,Inv: 0.0/0.0 CapLeft: 50.0,,,0.0,0.0,0.0,50.0,50.0,0.0,50.0,0.9,0.09999999999999998,0.0,0.0,0.0,0.0,0.0,0.0,0.0,
1765989386.4226038,eth-updown-15m-1765989000,1765989000.0,1765989900.0,,513.5773961544037,,,,,0,0,0.97,0.98,ONE_LEG_INVENTORY,,,,,,,,,,,,,,0,5.0,,,,,,,,,,,,,,,,,,,,"RECONSTRUCT_BLOCKED: OVERPAY_LIMIT (Op:0.0633 > L:0.0052, Cost:$0.32)",,,,,,,,15.0,12.340424,,,,,0,0,,,Inv: 15.0/12.3 CapLeft: 22.7,,,15.0,12.340424,27.340424,22.659576,50.0,0.0,50.0,0.97,0.030000000000000027,2.6595759999999995,0.47333333333333333,0.59,0.06333333333333324,5.0,0.3166666666666662,0.0052408476442098615,OVERPAY_LIMIT
1765989386.4226038,eth-updown-15m-1765989000,1765989000.0,1765989900.0,,513.5773961544037,,,,,0,0,0.97,0.98,ONE_LEG_INVENTORY,,,,,,,,,,,,,,0,5.0,,,,,,,,,,,,,,,,,,,,"RECONSTRUCT_BLOCKED: OVERPAY_LIMIT (Op:0.0633 > L:0.0052, Cost:$0.32)",,,,,,,,15.0,12.340424,,,,,0,0,,,Inv: 15.0/12.3 CapLeft: 22.7,,,15.0,12.340424,27.340424,22.659576,50.0,0.0,50.0,0.97,0.030000000000000027,2.6595759999999995,0.47333333333333333,0.59,0.06333333333333324,5.0,0.3166666666666662,0.0052408476442098615,OVERPAY_LIMIT
1765989387.4321852,eth-updown-15m-1765989000,1765989000.0,1765989900.0,,512.5678148269653,,,,,0,0,0.9,0.98,ORDERS_OPEN,,,,,,,,,,,,,,0,5,,,,,,,,,,,,,,,,,,,,,,,,,,,,0.0,0.0,,,,,0,0,,,Inv: 0.0/0.0 CapLeft: 50.0,,,0.0,0.0,0.0,50.0,50.0,0.0,50.0,0.9,0.09999999999999998,0.0,0.0,0.0,0.0,0.0,0.0,0.0,
1765989388.3550544,eth-updown-15m-1765989000,1765989000.0,1765989900.0,,511.6449456214905,,,,,0,0,0.99,0.98,ONE_LEG_INVENTORY,,,,,,,,,,,,,,0,5.0,,,,,,,,,,,,,,,,,,,,"RECONSTRUCT_BLOCKED: OVERPAY_LIMIT (Op:0.0433 > L:0.0053, Cost:$0.22)",,,,,,,,15.0,12.340424,,,,,0,0,,,Inv: 15.0/12.3 CapLeft: 22.7,,,15.0,12.340424,27.340424,22.659576,50.0,0.0,50.0,0.97,0.030000000000000027,2.6595759999999995,0.47333333333333333,0.57,0.043333333333333224,5.0,0.21666666666666612,0.005313314539194107,OVERPAY_LIMIT
1765989388.3550544,eth-updown-15m-1765989000,1765989000.0,1765989900.0,,511.6449456214905,,,,,0,0,0.99,0.98,ONE_LEG_INVENTORY,,,,,,,,,,,,,,0,5.0,,,,,,,,,,,,,,,,,,,,"RECONSTRUCT_BLOCKED: OVERPAY_LIMIT (Op:0.0433 > L:0.0053, Cost:$0.22)",,,,,,,,15.0,12.340424,,,,,0,0,,,Inv: 15.0/12.3 CapLeft: 22.7,,,15.0,12.340424,27.340424,22.659576,50.0,0.0,50.0,0.97,0.030000000000000027,2.6595759999999995,0.47333333333333333,0.57,0.043333333333333224,5.0,0.21666666666666612,0.005313314539194107,OVERPAY_LIMIT
1765989388.9334662,eth-updown-15m-1765989000,1765989000.0,1765989900.0,,511.0665338039398,,,,,0,0,0.9,0.98,ORDERS_OPEN,,,,,,,,,,,,,,0,5,,,,,,,,,,,,,,,,,,,,,,,,,,,,0.0,0.0,,,,,0,0,,,Inv: 0.0/0.0 CapLeft: 50.0,,,0.0,0.0,0.0,50.0,50.0,0.0,50.0,0.9,0.09999999999999998,0.0,0.0,0.0,0.0,0.0,0.0,0.0,
1765989390.4352133,eth-updown-15m-1765989000,1765989000.0,1765989900.0,,509.56478667259216,,,,,0,0,0.9,0.98,ORDERS_OPEN,,,,,,,,,,,,,,0,5,,,,,,,,,,,,,,,,,,,,,,,,,,,,0.0,0.0,,,,,0,0,,,Inv: 0.0/0.0 CapLeft: 50.0,,,0.0,0.0,0.0,50.0,50.0,0.0,50.0,0.9,0.09999999999999998,0.0,0.0,0.0,0.0,0.0,0.0,0.0,
1765989390.294892,eth-updown-15m-1765989000,1765989000.0,1765989900.0,,509.7051079273224,,,,,0,0,0.98,0.98,ONE_LEG_INVENTORY,,,,,,,,,,,,,,0,5.0,,,,,,,,,,,,,,,,,,,,"RECONSTRUCT_BLOCKED: OVERPAY_LIMIT (Op:0.0233 > L:0.0054, Cost:$0.12)",,,,,,,,15.0,12.340424,,,,,0,0,,,Inv: 15.0/12.3 CapLeft: 22.7,,,15.0,12.340424,27.340424,22.659576,50.0,0.0,50.0,0.97,0.030000000000000027,2.6595759999999995,0.47333333333333333,0.55,0.023333333333333428,5.0,0.11666666666666714,0.00538605845272541,OVERPAY_LIMIT
1765989390.294892,eth-updown-15m-1765989000,1765989000.0,1765989900.0,,509.7051079273224,,,,,0,0,0.98,0.98,ONE_LEG_INVENTORY,,,,,,,,,,,,,,0,5.0,,,,,,,,,,,,,,,,,,,,"RECONSTRUCT_BLOCKED: OVERPAY_LIMIT (Op:0.0233 > L:0.0054, Cost:$0.12)",,,,,,,,15.0,12.340424,,,,,0,0,,,Inv: 15.0/12.3 CapLeft: 22.7,,,15.0,12.340424,27.340424,22.659576,50.0,0.0,50.0,0.97,0.030000000000000027,2.6595759999999995,0.47333333333333333,0.55,0.023333333333333428,5.0,0.11666666666666714,0.00538605845272541,OVERPAY_LIMIT
1765989391.937186,eth-updown-15m-1765989000,1765989000.0,1765989900.0,,508.0628139972687,,,,,0,0,0.9,0.98,ORDERS_OPEN,,,,,,,,,,,,,,0,5,,,,,,,,,,,,,,,,,,,,,,,,,,,,0.0,0.0,,,,,0,0,,,Inv: 0.0/0.0 CapLeft: 50.0,,,0.0,0.0,0.0,50.0,50.0,0.0,50.0,0.9,0.09999999999999998,0.0,0.0,0.0,0.0,0.0,0.0,0.0,
1765989392.2275445,eth-updown-15m-1765989000,1765989000.0,1765989900.0,,507.7724554538727,,,,,0,0,0.98,0.98,ONE_LEG_INVENTORY,,,,,,,,,,,,,,0,5.0,,,,,,,,,,,,,,,,,,,,"RECONSTRUCT_BLOCKED: OVERPAY_LIMIT (Op:0.0233 > L:0.0055, Cost:$0.12)",,,,,,,,15.0,12.340424,,,,,0,0,,,Inv: 15.0/12.3 CapLeft: 22.7,,,15.0,12.340424,27.340424,22.659576,50.0,0.0,50.0,0.97,0.030000000000000027,2.6595759999999995,0.47333333333333333,0.55,0.023333333333333428,5.0,0.11666666666666714,0.005458532920479774,OVERPAY_LIMIT
1765989392.2275445,eth-updown-15m-1765989000,1765989000.0,1765989900.0,,507.7724554538727,,,,,0,0,0.98,0.98,ONE_LEG_INVENTORY,,,,,,,,,,,,,,0,5.0,,,,,,,,,,,,,,,,,,,,"RECONSTRUCT_BLOCKED: OVERPAY_LIMIT (Op:0.0233 > L:0.0055, Cost:$0.12)",,,,,,,,15.0,12.340424,,,,,0,0,,,Inv: 15.0/12.3 CapLeft: 22.7,,,15.0,12.340424,27.340424,22.659576,50.0,0.0,50.0,0.97,0.030000000000000027,2.6595759999999995,0.47333333333333333,0.55,0.023333333333333428,5.0,0.11666666666666714,0.005458532920479774,OVERPAY_LIMIT
1765989393.43883,eth-updown-15m-1765989000,1765989000.0,1765989900.0,,506.56117010116577,,,,,0,0,0.9,0.98,ORDERS_OPEN,,,,,,,,,,,,,,0,5,,,,,,,,,,,,,,,,,,,,,,,,,,,,0.0,0.0,,,,,0,0,,,Inv: 0.0/0.0 CapLeft: 50.0,,,0.0,0.0,0.0,50.0,50.0,0.0,50.0,0.9,0.09999999999999998,0.0,0.0,0.0,0.0,0.0,0.0,0.0,
1765989394.9408193,eth-updown-15m-1765989000,1765989000.0,1765989900.0,,505.05918073654175,,,,,0,0,0.9,0.98,ORDERS_OPEN,,,,,,,,,,,,,,0,5,,,,,,,,,,,,,,,,,,,,,,,,,,,,0.0,0.0,,,,,0,0,,,Inv: 0.0/0.0 CapLeft: 50.0,,,0.0,0.0,0.0,50.0,50.0,0.0,50.0,0.9,0.09999999999999998,0.0,0.0,0.0,0.0,0.0,0.0,0.0,
1765989394.172089,eth-updown-15m-1765989000,1765989000.0,1765989900.0,,505.82791090011597,,,,,0.45,0.52,0.97,0.98,ORDERS_OPEN,,,,,,,,,,,,,,5.0,5.0,,,,,,,,,,,,,,,,,,,,RECONSTRUCT_CHUNK: 0.0/5.0 (Op:-0.0067 B:$50.00),,,,,,,,15.0,12.340424,,,,,0,0,,,Inv: 15.0/12.3 CapLeft: 22.7,,,15.0,12.340424,27.340424,22.659576,50.0,0.0,50.0,0.97,0.030000000000000027,2.6595759999999995,0.47333333333333333,0.52,-0.006666666666666599,5.0,0.0,0.005531453341245651,OK
1765989396.4423113,eth-updown-15m-1765989000,1765989000.0,1765989900.0,,503.55768871307373,,,,,0,0,0.9,0.98,ORDERS_OPEN,,,,,,,,,,,,,,0,5,,,,,,,,,,,,,,,,,,,,,,,,,,,,0.0,0.0,,,,,0,0,,,Inv: 0.0/0.0 CapLeft: 50.0,,,0.0,0.0,0.0,50.0,50.0,0.0,50.0,0.9,0.09999999999999998,0.0,0.0,0.0,0.0,0.0,0.0,0.0,
1765989396.6026347,eth-updown-15m-1765989000,1765989000.0,1765989900.0,,503.3973653316498,,,,,0,0,0.96,0.98,ONE_LEG_INVENTORY,,,,,,,,,,,,,,0,5.0,,,,,,,,,,,,,,,,,,,,,,,,,,,,15.0,17.340424,,,,,0,0,,,Inv: 15.0/17.3 CapLeft: 17.7,,,15.0,17.340424,32.340424,17.659576,50.0,0.0,50.0,0.97,0.030000000000000027,2.6595759999999995,0.47333333333333333,0.52,-0.006666666666666599,5.0,0.0,0.005531453341245651,OK
1765989398.7633538,eth-updown-15m-1765989000,1765989000.0,1765989900.0,,501.2366461753845,,,,,0,0,0.98,0.98,ONE_LEG_INVENTORY,,,,,,,,,,,,,,0,5.0,,,,,,,,,,,,,,,,,,,,"RECONSTRUCT_BLOCKED: OVERPAY_LIMIT (Op:0.0856 > L:0.0057, Cost:$0.43)",,,,,,,,15.0,17.340424,,,,,0,0,,,Inv: 15.0/17.3 CapLeft: 17.7,,,15.0,17.340424,32.340424,17.659576,50.0,0.0,50.0,0.97,0.030000000000000027,-2.3404239999999987,0.5155828208122246,0.57,0.08558282081222446,5.0,0.4279141040611223,0.005703625768423081,OVERPAY_LIMIT
1765989398.7633538,eth-updown-15m-1765989000,1765989000.0,1765989900.0,,501.2366461753845,,,,,0,0,0.98,0.98,ONE_LEG_INVENTORY,,,,,,,,,,,,,,0,5.0,,,,,,,,,,,,,,,,,,,,"RECONSTRUCT_BLOCKED: OVERPAY_LIMIT (Op:0.0856 > L:0.0057, Cost:$0.43)",,,,,,,,15.0,17.340424,,,,,0,0,,,Inv: 15.0/17.3 CapLeft: 17.7,,,15.0,17.340424,32.340424,17.659576,50.0,0.0,50.0,0.97,0.030000000000000027,-2.3404239999999987,0.5155828208122246,0.57,0.08558282081222446,5.0,0.4279141040611223,0.005703625768423081,OVERPAY_LIMIT
1765989399.4450948,eth-updown-15m-1765989000,1765989000.0,1765989900.0,,500.5549051761627,,,,,0.45,0.45,0.9,0.98,ORDERS_OPEN,,,,,,,,,,,,,,5,5,,,,,,,,,,,,,,,,,,,,Leg:BOTH UP:5 DOWN:5,,,,,,,,0.0,0.0,,,,,0,0,,,Inv: 0.0/0.0 CapLeft: 50.0,,,0.0,0.0,0.0,50.0,50.0,0.0,50.0,0.9,0.09999999999999998,0.0,0.0,0.0,0.0,0.0,0.0,0.0,
1765989400.946489,eth-updown-15m-1765989000,1765989000.0,1765989900.0,,499.05351090431213,,,,,0,0,0.9,0.98,ORDERS_OPEN,,,,,,,,,,,,,,0,5,,,,,,,,,,,,,,,,,,,,,,,,,,,,0.0,0.0,,,,,0,0,,,Inv: 0.0/0.0 CapLeft: 50.0,,,0.0,0.0,0.0,50.0,50.0,0.0,50.0,0.9,0.09999999999999998,0.0,0.0,0.0,0.0,0.0,0.0,0.0,
1765989400.7023954,eth-updown-15m-1765989000,1765989000.0,1765989900.0,,499.29760456085205,,,,,0,0,1.0,0.98,ONE_LEG_INVENTORY,,,,,,,,,,,,,,0,5.0,,,,,,,,,,,,,,,,,,,,"RECONSTRUCT_BLOCKED: OVERPAY_LIMIT (Op:0.0756 > L:0.0058, Cost:$0.38)",,,,,,,,15.0,17.340424,,,,,0,0,,,Inv: 15.0/17.3 CapLeft: 17.7,,,15.0,17.340424,32.340424,17.659576,50.0,0.0,50.0,0.97,0.030000000000000027,-2.3404239999999987,0.5155828208122246,0.56,0.07558282081222467,5.0,0.37791410406112336,0.005776339828968048,OVERPAY_LIMIT
1765989400.7023954,eth-updown-15m-1765989000,1765989000.0,1765989900.0,,499.29760456085205,,,,,0,0,1.0,0.98,ONE_LEG_INVENTORY,,,,,,,,,,,,,,0,5.0,,,,,,,,,,,,,,,,,,,,"RECONSTRUCT_BLOCKED: OVERPAY_LIMIT (Op:0.0756 > L:0.0058, Cost:$0.38)",,,,,,,,15.0,17.340424,,,,,0,0,,,Inv: 15.0/17.3 CapLeft: 17.7,,,15.0,17.340424,32.340424,17.659576,50.0,0.0,50.0,0.97,0.030000000000000027,-2.3404239999999987,0.5155828208122246,0.56,0.07558282081222467,5.0,0.37791410406112336,0.005776339828968048,OVERPAY_LIMIT
1765989402.4476779,eth-updown-15m-1765989000,1765989000.0,1765989900.0,,497.55232214927673,,,,,0,0,0.9,0.98,ORDERS_OPEN,,,,,,,,,,,,,,0,5,,,,,,,,,,,,,,,,,,,,,,,,,,,,0.0,0.0,,,,,0,0,,,Inv: 0.0/0.0 CapLeft: 50.0,,,0.0,0.0,0.0,50.0,50.0,0.0,50.0,0.9,0.09999999999999998,0.0,0.0,0.0,0.0,0.0,0.0,0.0,
1765989402.6801162,eth-updown-15m-1765989000,1765989000.0,1765989900.0,,497.3198838233948,,,,,0,0,0.95,0.98,ONE_LEG_INVENTORY,,,,,,,,,,,,,,0,5.0,,,,,,,,,,,,,,,,,,,,"RECONSTRUCT_BLOCKED: OVERPAY_LIMIT (Op:0.0256 > L:0.0059, Cost:$0.13)",,,,,,,,15.0,17.340424,,,,,0,0,,,Inv: 15.0/17.3 CapLeft: 17.7,,,15.0,17.340424,32.340424,17.659576,50.0,0.0,50.0,0.97,0.030000000000000027,-2.3404239999999987,0.5155828208122246,0.51,0.025582820812224627,5.0,0.12791410406112314,0.005850504356622696,OVERPAY_LIMIT
1765989402.6801162,eth-updown-15m-1765989000,1765989000.0,1765989900.0,,497.3198838233948,,,,,0,0,0.95,0.98,ONE_LEG_INVENTORY,,,,,,,,,,,,,,0,5.0,,,,,,,,,,,,,,,,,,,,"RECONSTRUCT_BLOCKED: OVERPAY_LIMIT (Op:0.0256 > L:0.0059, Cost:$0.13)",,,,,,,,15.0,17.340424,,,,,0,0,,,Inv: 15.0/17.3 CapLeft: 17.7,,,15.0,17.340424,32.340424,17.659576,50.0,0.0,50.0,0.97,0.030000000000000027,-2.3404239999999987,0.5155828208122246,0.51,0.025582820812224627,5.0,0.12791410406112314,0.005850504356622696,OVERPAY_LIMIT
1765989403.9491646,eth-updown-15m-1765989000,1765989000.0,1765989900.0,,496.05083537101746,,,,,0,0,0.9,0.98,ORDERS_OPEN,,,,,,,,,,,,,,0,5,,,,,,,,,,,,,,,,,,,,,,,,,,,,0.0,0.0,,,,,0,0,,,Inv: 0.0/0.0 CapLeft: 50.0,,,0.0,0.0,0.0,50.0,50.0,0.0,50.0,0.9,0.09999999999999998,0.0,0.0,0.0,0.0,0.0,0.0,0.0,
1765989404.7139587,eth-updown-15m-1765989000,1765989000.0,1765989900.0,,495.2860412597656,,,,,0,0,0.95,0.98,ONE_LEG_INVENTORY,,,,,,,,,,,,,,0,5.0,,,,,,,,,,,,,,,,,,,,"RECONSTRUCT_BLOCKED: OVERPAY_LIMIT (Op:0.0356 > L:0.0059, Cost:$0.18)",,,,,,,,15.0,17.340424,,,,,0,0,,,Inv: 15.0/17.3 CapLeft: 17.7,,,15.0,17.340424,32.340424,17.659576,50.0,0.0,50.0,0.97,0.030000000000000027,-2.3404239999999987,0.5155828208122246,0.52,0.035582820812224636,5.0,0.17791410406112318,0.0059267734527587886,OVERPAY_LIMIT
1765989404.7139587,eth-updown-15m-1765989000,1765989000.0,1765989900.0,,495.2860412597656,,,,,0,0,0.95,0.98,ONE_LEG_INVENTORY,,,,,,,,,,,,,,0,5.0,,,,,,,,,,,,,,,,,,,,"RECONSTRUCT_BLOCKED: OVERPAY_LIMIT (Op:0.0356 > L:0.0059, Cost:$0.18)",,,,,,,,15.0,17.340424,,,,,0,0,,,Inv: 15.0/17.3 CapLeft: 17.7,,,15.0,17.340424,32.340424,17.659576,50.0,0.0,50.0,0.97,0.030000000000000027,-2.3404239999999987,0.5155828208122246,0.52,0.035582820812224636,5.0,0.17791410406112318,0.0059267734527587886,OVERPAY_LIMIT
1765989405.450149,eth-updown-15m-1765989000,1765989000.0,1765989900.0,,494.54985094070435,,,,,0,0,0.9,0.98,ORDERS_OPEN,,,,,,,,,,,,,,0,5,,,,,,,,,,,,,,,,,,,,,,,,,,,,0.0,0.0,,,,,0,0,,,Inv: 0.0/0.0 CapLeft: 50.0,,,0.0,0.0,0.0,50.0,50.0,0.0,50.0,0.9,0.09999999999999998,0.0,0.0,0.0,0.0,0.0,0.0,0.0,
1765989406.9513555,eth-updown-15m-1765989000,1765989000.0,1765989900.0,,493.0486445426941,,,,,0,0,0.9,0.98,ORDERS_OPEN,,,,,,,,,,,,,,0,5,,,,,,,,,,,,,,,,,,,,,,,,,,,,0.0,0.0,,,,,0,0,,,Inv: 0.0/0.0 CapLeft: 50.0,,,0.0,0.0,0.0,50.0,50.0,0.0,50.0,0.9,0.09999999999999998,0.0,0.0,0.0,0.0,0.0,0.0,0.0,
1765989406.6427174,eth-updown-15m-1765989000,1765989000.0,1765989900.0,,493.3572826385498,,,,,0,0,0.99,0.98,ONE_LEG_INVENTORY,,,,,,,,,,,,,,0,5.0,,,,,,,,,,,,,,,,,,,,"RECONSTRUCT_BLOCKED: OVERPAY_LIMIT (Op:0.0256 > L:0.0060, Cost:$0.13)",,,,,,,,15.0,17.340424,,,,,0,0,,,Inv: 15.0/17.3 CapLeft: 17.7,,,15.0,17.340424,32.340424,17.659576,50.0,0.0,50.0,0.97,0.030000000000000027,-2.3404239999999987,0.5155828208122246,0.51,0.025582820812224627,5.0,0.12791410406112314,0.005999101901054382,OVERPAY_LIMIT
1765989406.6427174,eth-updown-15m-1765989000,1765989000.0,1765989900.0,,493.3572826385498,,,,,0,0,0.99,0.98,ONE_LEG_INVENTORY,,,,,,,,,,,,,,0,5.0,,,,,,,,,,,,,,,,,,,,"RECONSTRUCT_BLOCKED: OVERPAY_LIMIT (Op:0.0256 > L:0.0060, Cost:$0.13)",,,,,,,,15.0,17.340424,,,,,0,0,,,Inv: 15.0/17.3 CapLeft: 17.7,,,15.0,17.340424,32.340424,17.659576,50.0,0.0,50.0,0.97,0.030000000000000027,-2.3404239999999987,0.5155828208122246,0.51,0.025582820812224627,5.0,0.12791410406112314,0.005999101901054382,OVERPAY_LIMIT
1765989408.4534643,eth-updown-15m-1765989000,1765989000.0,1765989900.0,,491.54653573036194,,,,,0,0,0.9,0.98,ORDERS_OPEN,,,,,,,,,,,,,,0,5,,,,,,,,,,,,,,,,,,,,,,,,,,,,0.0,0.0,,,,,0,0,,,Inv: 0.0/0.0 CapLeft: 50.0,,,0.0,0.0,0.0,50.0,50.0,0.0,50.0,0.9,0.09999999999999998,0.0,0.0,0.0,0.0,0.0,0.0,0.0,
1765989408.596841,eth-updown-15m-1765989000,1765989000.0,1765989900.0,,491.40315890312195,,,,,0,0,0.99,0.98,ONE_LEG_INVENTORY,,,,,,,,,,,,,,0,5.0,,,,,,,,,,,,,,,,,,,,"RECONSTRUCT_BLOCKED: OVERPAY_LIMIT (Op:0.0556 > L:0.0061, Cost:$0.28)",,,,,,,,15.0,17.340424,,,,,0,0,,,Inv: 15.0/17.3 CapLeft: 17.7,,,15.0,17.340424,32.340424,17.659576,50.0,0.0,50.0,0.97,0.030000000000000027,-2.3404239999999987,0.5155828208122246,0.54,0.055582820812224654,5.0,0.27791410406112327,0.006072381541132927,OVERPAY_LIMIT
1765989408.596841,eth-updown-15m-1765989000,1765989000.0,1765989900.0,,491.40315890312195,,,,,0,0,0.99,0.98,ONE_LEG_INVENTORY,,,,,,,,,,,,,,0,5.0,,,,,,,,,,,,,,,,,,,,"RECONSTRUCT_BLOCKED: OVERPAY_LIMIT (Op:0.0556 > L:0.0061, Cost:$0.28)",,,,,,,,15.0,17.340424,,,,,0,0,,,Inv: 15.0/17.3 CapLeft: 17.7,,,15.0,17.340424,32.340424,17.659576,50.0,0.0,50.0,0.97,0.030000000000000027,-2.3404239999999987,0.5155828208122246,0.54,0.055582820812224654,5.0,0.27791410406112327,0.006072381541132927,OVERPAY_LIMIT
1765989409.956237,eth-updown-15m-1765989000,1765989000.0,1765989900.0,,490.043762922287,,,,,0,0,0.9,0.98,ORDERS_OPEN,,,,,,,,,,,,,,0,5,,,,,,,,,,,,,,,,,,,,,,,,,,,,0.0,0.0,,,,,0,0,,,Inv: 0.0/0.0 CapLeft: 50.0,,,0.0,0.0,0.0,50.0,50.0,0.0,50.0,0.9,0.09999999999999998,0.0,0.0,0.0,0.0,0.0,0.0,0.0,
1765989410.5707798,eth-updown-15m-1765989000,1765989000.0,1765989900.0,,489.42922019958496,,,,,0,0,0.99,0.98,ONE_LEG_INVENTORY,,,,,,,,,,,,,,0,5.0,,,,,,,,,,,,,,,,,,,,"RECONSTRUCT_BLOCKED: OVERPAY_LIMIT (Op:0.0556 > L:0.0061, Cost:$0.28)",,,,,,,,15.0,17.340424,,,,,0,0,,,Inv: 15.0/17.3 CapLeft: 17.7,,,15.0,17.340424,32.340424,17.659576,50.0,0.0,50.0,0.97,0.030000000000000027,-2.3404239999999987,0.5155828208122246,0.54,0.055582820812224654,5.0,0.27791410406112327,0.0061464042425155635,OVERPAY_LIMIT
1765989410.5707798,eth-updown-15m-1765989000,1765989000.0,1765989900.0,,489.42922019958496,,,,,0,0,0.99,0.98,ONE_LEG_INVENTORY,,,,,,,,,,,,,,0,5.0,,,,,,,,,,,,,,,,,,,,"RECONSTRUCT_BLOCKED: OVERPAY_LIMIT (Op:0.0556 > L:0.0061, Cost:$0.28)",,,,,,,,15.0,17.340424,,,,,0,0,,,Inv: 15.0/17.3 CapLeft: 17.7,,,15.0,17.340424,32.340424,17.659576,50.0,0.0,50.0,0.97,0.030000000000000027,-2.3404239999999987,0.5155828208122246,0.54,0.055582820812224654,5.0,0.27791410406112327,0.0061464042425155635,OVERPAY_LIMIT
1765989411.4578443,eth-updown-15m-1765989000,1765989000.0,1765989900.0,,488.54215574264526,,,,,0,0,0.9,0.98,ORDERS_OPEN,,,,,,,,,,,,,,0,5,,,,,,,,,,,,,,,,,,,,,,,,,,,,0.0,0.0,,,,,0,0,,,Inv: 0.0/0.0 CapLeft: 50.0,,,0.0,0.0,0.0,50.0,50.0,0.0,50.0,0.9,0.09999999999999998,0.0,0.0,0.0,0.0,0.0,0.0,0.0,
1765989412.5103097,eth-updown-15m-1765989000,1765989000.0,1765989900.0,,487.4896903038025,,,,,0,0,0.97,0.98,ONE_LEG_INVENTORY,,,,,,,,,,,,,,0,5.0,,,,,,,,,,,,,,,,,,,,"RECONSTRUCT_BLOCKED: OVERPAY_LIMIT (Op:0.0556 > L:0.0062, Cost:$0.28)",,,,,,,,15.0,17.340424,,,,,0,0,,,Inv: 15.0/17.3 CapLeft: 17.7,,,15.0,17.340424,32.340424,17.659576,50.0,0.0,50.0,0.97,0.030000000000000027,-2.3404239999999987,0.5155828208122246,0.54,0.055582820812224654,5.0,0.27791410406112327,0.006219136613607406,OVERPAY_LIMIT
1765989412.5103097,eth-updown-15m-1765989000,1765989000.0,1765989900.0,,487.4896903038025,,,,,0,0,0.97,0.98,ONE_LEG_INVENTORY,,,,,,,,,,,,,,0,5.0,,,,,,,,,,,,,,,,,,,,"RECONSTRUCT_BLOCKED: OVERPAY_LIMIT (Op:0.0556 > L:0.0062, Cost:$0.28)",,,,,,,,15.0,17.340424,,,,,0,0,,,Inv: 15.0/17.3 CapLeft: 17.7,,,15.0,17.340424,32.340424,17.659576,50.0,0.0,50.0,0.97,0.030000000000000027,-2.3404239999999987,0.5155828208122246,0.54,0.055582820812224654,5.0,0.27791410406112327,0.006219136613607406,OVERPAY_LIMIT
1765989412.9602597,eth-updown-15m-1765989000,1765989000.0,1765989900.0,,487.0397403240204,,,,,0,0,0.9,0.98,ORDERS_OPEN,,,,,,,,,,,,,,0,5,,,,,,,,,,,,,,,,,,,,,,,,,,,,0.0,0.0,,,,,0,0,,,Inv: 0.0/0.0 CapLeft: 50.0,,,0.0,0.0,0.0,50.0,50.0,0.0,50.0,0.9,0.09999999999999998,0.0,0.0,0.0,0.0,0.0,0.0,0.0,
1765989414.4547734,eth-updown-15m-1765989000,1765989000.0,1765989900.0,,485.5452265739441,,,,,0,0,0.98,0.98,ONE_LEG_INVENTORY,,,,,,,,,,,,,,0,5.0,,,,,,,,,,,,,,,,,,,,"RECONSTRUCT_BLOCKED: OVERPAY_LIMIT (Op:0.0756 > L:0.0063, Cost:$0.38)",,,,,,,,15.0,17.340424,,,,,0,0,,,Inv: 15.0/17.3 CapLeft: 17.7,,,15.0,17.340424,32.340424,17.659576,50.0,0.0,50.0,0.97,0.030000000000000027,-2.3404239999999987,0.5155828208122246,0.56,0.07558282081222467,5.0,0.37791410406112336,0.006292054003477096,OVERPAY_LIMIT
1765989414.4547734,eth-updown-15m-1765989000,1765989000.0,1765989900.0,,485.5452265739441,,,,,0,0,0.98,0.98,ONE_LEG_INVENTORY,,,,,,,,,,,,,,0,5.0,,,,,,,,,,,,,,,,,,,,"RECONSTRUCT_BLOCKED: OVERPAY_LIMIT (Op:0.0756 > L:0.0063, Cost:$0.38)",,,,,,,,15.0,17.340424,,,,,0,0,,,Inv: 15.0/17.3 CapLeft: 17.7,,,15.0,17.340424,32.340424,17.659576,50.0,0.0,50.0,0.97,0.030000000000000027,-2.3404239999999987,0.5155828208122246,0.56,0.07558282081222467,5.0,0.37791410406112336,0.006292054003477096,OVERPAY_LIMIT
1765989415.9639027,eth-updown-15m-1765989000,1765989000.0,1765989900.0,,484.0360972881317,,,,,0.45,0.45,0.9,0.98,ORDERS_OPEN,,,,,,,,,,,,,,5,5,,,,,,,,,,,,,,,,,,,,Leg:BOTH UP:5 DOWN:5,,,,,,,,0.0,0.0,,,,,0,0,,,Inv: 0.0/0.0 CapLeft: 50.0,,,0.0,0.0,0.0,50.0,50.0,0.0,50.0,0.9,0.09999999999999998,0.0,0.0,0.0,0.0,0.0,0.0,0.0,
1765989416.431055,eth-updown-15m-1765989000,1765989000.0,1765989900.0,,483.5689449310303,,,,,0,0,0.9600000000000001,0.98,ONE_LEG_INVENTORY,,,,,,,,,,,,,,0,5.0,,,,,,,,,,,,,,,,,,,,"RECONSTRUCT_BLOCKED: OVERPAY_LIMIT (Op:0.0756 > L:0.0064, Cost:$0.38)",,,,,,,,15.0,17.340424,,,,,0,0,,,Inv: 15.0/17.3 CapLeft: 17.7,,,15.0,17.340424,32.340424,17.659576,50.0,0.0,50.0,0.97,0.030000000000000027,-2.3404239999999987,0.5155828208122246,0.56,0.07558282081222467,5.0,0.37791410406112336,0.0063661645650863645,OVERPAY_LIMIT
1765989416.431055,eth-updown-15m-1765989000,1765989000.0,1765989900.0,,483.5689449310303,,,,,0,0,0.9600000000000001,0.98,ONE_LEG_INVENTORY,,,,,,,,,,,,,,0,5.0,,,,,,,,,,,,,,,,,,,,"RECONSTRUCT_BLOCKED: OVERPAY_LIMIT (Op:0.0756 > L:0.0064, Cost:$0.38)",,,,,,,,15.0,17.340424,,,,,0,0,,,Inv: 15.0/17.3 CapLeft: 17.7,,,15.0,17.340424,32.340424,17.659576,50.0,0.0,50.0,0.97,0.030000000000000027,-2.3404239999999987,0.5155828208122246,0.56,0.07558282081222467,5.0,0.37791410406112336,0.0063661645650863645,OVERPAY_LIMIT
1765989417.4654853,eth-updown-15m-1765989000,1765989000.0,1765989900.0,,482.53451466560364,,,,,0,0,0.9,0.98,ORDERS_OPEN,,,,,,,,,,,,,,0,5,,,,,,,,,,,,,,,,,,,,,,,,,,,,0.0,0.0,,,,,0,0,,,Inv: 0.0/0.0 CapLeft: 50.0,,,0.0,0.0,0.0,50.0,50.0,0.0,50.0,0.9,0.09999999999999998,0.0,0.0,0.0,0.0,0.0,0.0,0.0,
1765989418.3773923,eth-updown-15m-1765989000,1765989000.0,1765989900.0,,481.6226077079773,,,,,0,0,0.98,0.98,ONE_LEG_INVENTORY,,,,,,,,,,,,,,0,5.0,,,,,,,,,,,,,,,,,,,,"RECONSTRUCT_BLOCKED: OVERPAY_LIMIT (Op:0.0956 > L:0.0064, Cost:$0.48)",,,,,,,,15.0,17.340424,,,,,0,0,,,Inv: 15.0/17.3 CapLeft: 17.7,,,15.0,17.340424,32.340424,17.659576,50.0,0.0,50.0,0.97,0.030000000000000027,-2.3404239999999987,0.5155828208122246,0.58,0.09558282081222469,5.0,0.47791410406112345,0.0064391522109508515,OVERPAY_LIMIT
1765989418.3773923,eth-updown-15m-1765989000,1765989000.0,1765989900.0,,481.6226077079773,,,,,0,0,0.98,0.98,ONE_LEG_INVENTORY,,,,,,,,,,,,,,0,5.0,,,,,,,,,,,,,,,,,,,,"RECONSTRUCT_BLOCKED: OVERPAY_LIMIT (Op:0.0956 > L:0.0064, Cost:$0.48)",,,,,,,,15.0,17.340424,,,,,0,0,,,Inv: 15.0/17.3 CapLeft: 17.7,,,15.0,17.340424,32.340424,17.659576,50.0,0.0,50.0,0.97,0.030000000000000027,-2.3404239999999987,0.5155828208122246,0.58,0.09558282081222469,5.0,0.47791410406112345,0.0064391522109508515,OVERPAY_LIMIT
1765989418.9681232,eth-updown-15m-1765989000,1765989000.0,1765989900.0,,481.03187680244446,,,,,0,0,0.9,0.98,ORDERS_OPEN,,,,,,,,,,,,,,0,5,,,,,,,,,,,,,,,,,,,,,,,,,,,,0.0,0.0,,,,,0,0,,,Inv: 0.0/0.0 CapLeft: 50.0,,,0.0,0.0,0.0,50.0,50.0,0.0,50.0,0.9,0.09999999999999998,0.0,0.0,0.0,0.0,0.0,0.0,0.0,
1765989420.4704993,eth-updown-15m-1765989000,1765989000.0,1765989900.0,,479.52950072288513,,,,,0,0,0.9,0.98,ORDERS_OPEN,,,,,,,,,,,,,,0,5,,,,,,,,,,,,,,,,,,,,,,,,,,,,0.0,0.0,,,,,0,0,,,Inv: 0.0/0.0 CapLeft: 50.0,,,0.0,0.0,0.0,50.0,50.0,0.0,50.0,0.9,0.09999999999999998,0.0,0.0,0.0,0.0,0.0,0.0,0.0,
1765989420.3068454,eth-updown-15m-1765989000,1765989000.0,1765989900.0,,479.69315457344055,,,,,0,0,0.97,0.98,ONE_LEG_INVENTORY,,,,,,,,,,,,,,0,5.0,,,,,,,,,,,,,,,,,,,,"RECONSTRUCT_BLOCKED: OVERPAY_LIMIT (Op:0.0856 > L:0.0065, Cost:$0.43)",,,,,,,,15.0,17.340424,,,,,0,0,,,Inv: 15.0/17.3 CapLeft: 17.7,,,15.0,17.340424,32.340424,17.659576,50.0,0.0,50.0,0.97,0.030000000000000027,-2.3404239999999987,0.5155828208122246,0.57,0.08558282081222446,5.0,0.4279141040611223,0.006511506703495979,OVERPAY_LIMIT
1765989420.3068454,eth-updown-15m-1765989000,1765989000.0,1765989900.0,,479.69315457344055,,,,,0,0,0.97,0.98,ONE_LEG_INVENTORY,,,,,,,,,,,,,,0,5.0,,,,,,,,,,,,,,,,,,,,"RECONSTRUCT_BLOCKED: OVERPAY_LIMIT (Op:0.0856 > L:0.0065, Cost:$0.43)",,,,,,,,15.0,17.340424,,,,,0,0,,,Inv: 15.0/17.3 CapLeft: 17.7,,,15.0,17.340424,32.340424,17.659576,50.0,0.0,50.0,0.97,0.030000000000000027,-2.3404239999999987,0.5155828208122246,0.57,0.08558282081222446,5.0,0.4279141040611223,0.006511506703495979,OVERPAY_LIMIT
1765989421.9718764,eth-updown-15m-1765989000,1765989000.0,1765989900.0,,478.02812361717224,,,,,0,0,0.9,0.98,ORDERS_OPEN,,,,,,,,,,,,,,0,5,,,,,,,,,,,,,,,,,,,,,,,,,,,,0.0,0.0,,,,,0,0,,,Inv: 0.0/0.0 CapLeft: 50.0,,,0.0,0.0,0.0,50.0,50.0,0.0,50.0,0.9,0.09999999999999998,0.0,0.0,0.0,0.0,0.0,0.0,0.0,
1765989422.3687491,eth-updown-15m-1765989000,1765989000.0,1765989900.0,,477.6312508583069,,,,,0,0,0.99,0.98,ONE_LEG_INVENTORY,,,,,,,,,,,,,,0,5.0,,,,,,,,,,,,,,,,,,,,"RECONSTRUCT_BLOCKED: OVERPAY_LIMIT (Op:0.1056 > L:0.0066, Cost:$0.53)",,,,,,,,15.0,17.340424,,,,,0,0,,,Inv: 15.0/17.3 CapLeft: 17.7,,,15.0,17.340424,32.340424,17.659576,50.0,0.0,50.0,0.97,0.030000000000000027,-2.3404239999999987,0.5155828208122246,0.59,0.10558282081222448,5.0,0.5279141040611224,0.006588828092813492,OVERPAY_LIMIT
1765989422.3687491,eth-updown-15m-1765989000,1765989000.0,1765989900.0,,477.6312508583069,,,,,0,0,0.99,0.98,ONE_LEG_INVENTORY,,,,,,,,,,,,,,0,5.0,,,,,,,,,,,,,,,,,,,,"RECONSTRUCT_BLOCKED: OVERPAY_LIMIT (Op:0.1056 > L:0.0066, Cost:$0.53)",,,,,,,,15.0,17.340424,,,,,0,0,,,Inv: 15.0/17.3 CapLeft: 17.7,,,15.0,17.340424,32.340424,17.659576,50.0,0.0,50.0,0.97,0.030000000000000027,-2.3404239999999987,0.5155828208122246,0.59,0.10558282081222448,5.0,0.5279141040611224,0.006588828092813492,OVERPAY_LIMIT
1765989423.4731164,eth-updown-15m-1765989000,1765989000.0,1765989900.0,,476.52688360214233,,,,,0,0,0.9,0.98,ORDERS_OPEN,,,,,,,,,,,,,,0,5,,,,,,,,,,,,,,,,,,,,,,,,,,,,0.0,0.0,,,,,0,0,,,Inv: 0.0/0.0 CapLeft: 50.0,,,0.0,0.0,0.0,50.0,50.0,0.0,50.0,0.9,0.09999999999999998,0.0,0.0,0.0,0.0,0.0,0.0,0.0,
1765989424.3315086,eth-updown-15m-1765989000,1765989000.0,1765989900.0,,475.6684913635254,,,,,0,0,0.97,0.98,ONE_LEG_INVENTORY,,,,,,,,,,,,,,0,5.0,,,,,,,,,,,,,,,,,,,,"RECONSTRUCT_BLOCKED: OVERPAY_LIMIT (Op:0.0956 > L:0.0067, Cost:$0.48)",,,,,,,,15.0,17.340424,,,,,0,0,,,Inv: 15.0/17.3 CapLeft: 17.7,,,15.0,17.340424,32.340424,17.659576,50.0,0.0,50.0,0.97,0.030000000000000027,-2.3404239999999987,0.5155828208122246,0.58,0.09558282081222469,5.0,0.47791410406112345,0.006662431573867798,OVERPAY_LIMIT
1765989424.3315086,eth-updown-15m-1765989000,1765989000.0,1765989900.0,,475.6684913635254,,,,,0,0,0.97,0.98,ONE_LEG_INVENTORY,,,,,,,,,,,,,,0,5.0,,,,,,,,,,,,,,,,,,,,"RECONSTRUCT_BLOCKED: OVERPAY_LIMIT (Op:0.0956 > L:0.0067, Cost:$0.48)",,,,,,,,15.0,17.340424,,,,,0,0,,,Inv: 15.0/17.3 CapLeft: 17.7,,,15.0,17.340424,32.340424,17.659576,50.0,0.0,50.0,0.97,0.030000000000000027,-2.3404239999999987,0.5155828208122246,0.58,0.09558282081222469,5.0,0.47791410406112345,0.006662431573867798,OVERPAY_LIMIT
1765989424.97442,eth-updown-15m-1765989000,1765989000.0,1765989900.0,,475.0255799293518,,,,,0,0,0.9,0.98,ORDERS_OPEN,,,,,,,,,,,,,,0,5,,,,,,,,,,,,,,,,,,,,,,,,,,,,0.0,0.0,,,,,0,0,,,Inv: 0.0/0.0 CapLeft: 50.0,,,0.0,0.0,0.0,50.0,50.0,0.0,50.0,0.9,0.09999999999999998,0.0,0.0,0.0,0.0,0.0,0.0,0.0,
1765989426.4756956,eth-updown-15m-1765989000,1765989000.0,1765989900.0,,473.5243043899536,,,,,0,0,0.9,0.98,ORDERS_OPEN,,,,,,,,,,,,,,0,5,,,,,,,,,,,,,,,,,,,,,,,,,,,,0.0,0.0,,,,,0,0,,,Inv: 0.0/0.0 CapLeft: 50.0,,,0.0,0.0,0.0,50.0,50.0,0.0,50.0,0.9,0.09999999999999998,0.0,0.0,0.0,0.0,0.0,0.0,0.0,
1765989426.3367314,eth-updown-15m-1765989000,1765989000.0,1765989900.0,,473.6632685661316,,,,,0,0,0.99,0.98,ONE_LEG_INVENTORY,,,,,,,,,,,,,,0,5.0,,,,,,,,,,,,,,,,,,,,"RECONSTRUCT_BLOCKED: OVERPAY_LIMIT (Op:0.1156 > L:0.0067, Cost:$0.58)",,,,,,,,15.0,17.340424,,,,,0,0,,,Inv: 15.0/17.3 CapLeft: 17.7,,,15.0,17.340424,32.340424,17.659576,50.0,0.0,50.0,0.97,0.030000000000000027,-2.3404239999999987,0.5155828208122246,0.6,0.11558282081222471,5.0,0.5779141040611235,0.006737627428770065,OVERPAY_LIMIT
1765989426.3367314,eth-updown-15m-1765989000,1765989000.0,1765989900.0,,473.6632685661316,,,,,0,0,0.99,0.98,ONE_LEG_INVENTORY,,,,,,,,,,,,,,0,5.0,,,,,,,,,,,,,,,,,,,,"RECONSTRUCT_BLOCKED: OVERPAY_LIMIT (Op:0.1156 > L:0.0067, Cost:$0.58)",,,,,,,,15.0,17.340424,,,,,0,0,,,Inv: 15.0/17.3 CapLeft: 17.7,,,15.0,17.340424,32.340424,17.659576,50.0,0.0,50.0,0.97,0.030000000000000027,-2.3404239999999987,0.5155828208122246,0.6,0.11558282081222471,5.0,0.5779141040611235,0.006737627428770065,OVERPAY_LIMIT
1765989427.9777355,eth-updown-15m-1765989000,1765989000.0,1765989900.0,,472.0222644805908,,,,,0,0,0.9,0.98,ORDERS_OPEN,,,,,,,,,,,,,,0,5,,,,,,,,,,,,,,,,,,,,,,,,,,,,0.0,0.0,,,,,0,0,,,Inv: 0.0/0.0 CapLeft: 50.0,,,0.0,0.0,0.0,50.0,50.0,0.0,50.0,0.9,0.09999999999999998,0.0,0.0,0.0,0.0,0.0,0.0,0.0,
1765989428.3682048,eth-updown-15m-1765989000,1765989000.0,1765989900.0,,471.631795167923,,,,,0,0,0.98,0.98,ONE_LEG_INVENTORY,,,,,,,,,,,,,,0,5.0,,,,,,,,,,,,,,,,,,,,"RECONSTRUCT_BLOCKED: OVERPAY_LIMIT (Op:0.1456 > L:0.0068, Cost:$0.73)",,,,,,,,15.0,17.340424,,,,,0,0,,,Inv: 15.0/17.3 CapLeft: 17.7,,,15.0,17.340424,32.340424,17.659576,50.0,0.0,50.0,0.97,0.030000000000000027,-2.3404239999999987,0.5155828208122246,0.63,0.1455828208122245,5.0,0.7279141040611226,0.006813807681202888,OVERPAY_LIMIT
1765989428.3682048,eth-updown-15m-1765989000,1765989000.0,1765989900.0,,471.631795167923,,,,,0,0,0.98,0.98,ONE_LEG_INVENTORY,,,,,,,,,,,,,,0,5.0,,,,,,,,,,,,,,,,,,,,"RECONSTRUCT_BLOCKED: OVERPAY_LIMIT (Op:0.1456 > L:0.0068, Cost:$0.73)",,,,,,,,15.0,17.340424,,,,,0,0,,,Inv: 15.0/17.3 CapLeft: 17.7,,,15.0,17.340424,32.340424,17.659576,50.0,0.0,50.0,0.97,0.030000000000000027,-2.3404239999999987,0.5155828208122246,0.63,0.1455828208122245,5.0,0.7279141040611226,0.006813807681202888,OVERPAY_LIMIT
1765989429.4794946,eth-updown-15m-1765989000,1765989000.0,1765989900.0,,470.5205054283142,,,,,0,0,0.9,0.98,ORDERS_OPEN,,,,,,,,,,,,,,0,5,,,,,,,,,,,,,,,,,,,,,,,,,,,,0.0,0.0,,,,,0,0,,,Inv: 0.0/0.0 CapLeft: 50.0,,,0.0,0.0,0.0,50.0,50.0,0.0,50.0,0.9,0.09999999999999998,0.0,0.0,0.0,0.0,0.0,0.0,0.0,
1765989430.3239703,eth-updown-15m-1765989000,1765989000.0,1765989900.0,,469.6760296821594,,,,,0,0,0.96,0.98,ONE_LEG_INVENTORY,,,,,,,,,,,,,,0,5.0,,,,,,,,,,,,,,,,,,,,"RECONSTRUCT_BLOCKED: OVERPAY_LIMIT (Op:0.1456 > L:0.0069, Cost:$0.73)",,,,,,,,15.0,17.340424,,,,,0,0,,,Inv: 15.0/17.3 CapLeft: 17.7,,,15.0,17.340424,32.340424,17.659576,50.0,0.0,50.0,0.97,0.030000000000000027,-2.3404239999999987,0.5155828208122246,0.63,0.1455828208122245,5.0,0.7279141040611226,0.006887148886919021,OVERPAY_LIMIT
1765989430.3239703,eth-updown-15m-1765989000,1765989000.0,1765989900.0,,469.6760296821594,,,,,0,0,0.96,0.98,ONE_LEG_INVENTORY,,,,,,,,,,,,,,0,5.0,,,,,,,,,,,,,,,,,,,,"RECONSTRUCT_BLOCKED: OVERPAY_LIMIT (Op:0.1456 > L:0.0069, Cost:$0.73)",,,,,,,,15.0,17.340424,,,,,0,0,,,Inv: 15.0/17.3 CapLeft: 17.7,,,15.0,17.340424,32.340424,17.659576,50.0,0.0,50.0,0.97,0.030000000000000027,-2.3404239999999987,0.5155828208122246,0.63,0.1455828208122245,5.0,0.7279141040611226,0.006887148886919021,OVERPAY_LIMIT
1765989432.483507,eth-updown-15m-1765989000,1765989000.0,1765989900.0,,467.5164930820465,,,,,0.45,0.45,0.9,0.98,ORDERS_OPEN,,,,,,,,,,,,,,5,5,,,,,,,,,,,,,,,,,,,,Leg:BOTH UP:5 DOWN:5,,,,,,,,0.0,0.0,,,,,0,0,,,Inv: 0.0/0.0 CapLeft: 50.0,,,0.0,0.0,0.0,50.0,50.0,0.0,50.0,0.9,0.09999999999999998,0.0,0.0,0.0,0.0,0.0,0.0,0.0,
1765989432.2702744,eth-updown-15m-1765989000,1765989000.0,1765989900.0,,467.72972559928894,,,,,0,0,0.98,0.98,ONE_LEG_INVENTORY,,,,,,,,,,,,,,0,5.0,,,,,,,,,,,,,,,,,,,,"RECONSTRUCT_BLOCKED: OVERPAY_LIMIT (Op:0.1756 > L:0.0070, Cost:$0.88)",,,,,,,,15.0,17.340424,,,,,0,0,,,Inv: 15.0/17.3 CapLeft: 17.7,,,15.0,17.340424,32.340424,17.659576,50.0,0.0,50.0,0.97,0.030000000000000027,-2.3404239999999987,0.5155828208122246,0.66,0.17558282081222476,5.0,0.8779141040611238,0.006960135290026664,OVERPAY_LIMIT
1765989432.2702744,eth-updown-15m-1765989000,1765989000.0,1765989900.0,,467.72972559928894,,,,,0,0,0.98,0.98,ONE_LEG_INVENTORY,,,,,,,,,,,,,,0,5.0,,,,,,,,,,,,,,,,,,,,"RECONSTRUCT_BLOCKED: OVERPAY_LIMIT (Op:0.1756 > L:0.0070, Cost:$0.88)",,,,,,,,15.0,17.340424,,,,,0,0,,,Inv: 15.0/17.3 CapLeft: 17.7,,,15.0,17.340424,32.340424,17.659576,50.0,0.0,50.0,0.97,0.030000000000000027,-2.3404239999999987,0.5155828208122246,0.66,0.17558282081222476,5.0,0.8779141040611238,0.006960135290026664,OVERPAY_LIMIT
1765989433.985357,eth-updown-15m-1765989000,1765989000.0,1765989900.0,,466.0146429538727,,,,,0,0,0.9,0.98,ORDERS_OPEN,,,,,,,,,,,,,,0,5,,,,,,,,,,,,,,,,,,,,,,,,,,,,0.0,0.0,,,,,0,0,,,Inv: 0.0/0.0 CapLeft: 50.0,,,0.0,0.0,0.0,50.0,50.0,0.0,50.0,0.9,0.09999999999999998,0.0,0.0,0.0,0.0,0.0,0.0,0.0,
1765989434.3445628,eth-updown-15m-1765989000,1765989000.0,1765989900.0,,465.65543723106384,,,,,0,0,0.99,0.98,ONE_LEG_INVENTORY,,,,,,,,,,,,,,0,5.0,,,,,,,,,,,,,,,,,,,,"RECONSTRUCT_BLOCKED: OVERPAY_LIMIT (Op:0.2256 > L:0.0070, Cost:$1.13)",,,,,,,,15.0,17.340424,,,,,0,0,,,Inv: 15.0/17.3 CapLeft: 17.7,,,15.0,17.340424,32.340424,17.659576,50.0,0.0,50.0,0.97,0.030000000000000027,-2.3404239999999987,0.5155828208122246,0.71,0.22558282081222458,5.0,1.127914104061123,0.007037921103835105,OVERPAY_LIMIT
1765989434.3445628,eth-updown-15m-1765989000,1765989000.0,1765989900.0,,465.65543723106384,,,,,0,0,0.99,0.98,ONE_LEG_INVENTORY,,,,,,,,,,,,,,0,5.0,,,,,,,,,,,,,,,,,,,,"RECONSTRUCT_BLOCKED: OVERPAY_LIMIT (Op:0.2256 > L:0.0070, Cost:$1.13)",,,,,,,,15.0,17.340424,,,,,0,0,,,Inv: 15.0/17.3 CapLeft: 17.7,,,15.0,17.340424,32.340424,17.659576,50.0,0.0,50.0,0.97,0.030000000000000027,-2.3404239999999987,0.5155828208122246,0.71,0.22558282081222458,5.0,1.127914104061123,0.007037921103835105,OVERPAY_LIMIT
1765989435.4876978,eth-updown-15m-1765989000,1765989000.0,1765989900.0,,464.51230216026306,,,,,0,0,0.9,0.98,ORDERS_OPEN,,,,,,,,,,,,,,0,5,,,,,,,,,,,,,,,,,,,,,,,,,,,,0.0,0.0,,,,,0,0,,,Inv: 0.0/0.0 CapLeft: 50.0,,,0.0,0.0,0.0,50.0,50.0,0.0,50.0,0.9,0.09999999999999998,0.0,0.0,0.0,0.0,0.0,0.0,0.0,
1765989436.322279,eth-updown-15m-1765989000,1765989000.0,1765989900.0,,463.67772102355957,,,,,0,0,0.97,0.98,ONE_LEG_INVENTORY,,,,,,,,,,,,,,0,5.0,,,,,,,,,,,,,,,,,,,,"RECONSTRUCT_BLOCKED: OVERPAY_LIMIT (Op:0.2156 > L:0.0071, Cost:$1.08)",,,,,,,,15.0,17.340424,,,,,0,0,,,Inv: 15.0/17.3 CapLeft: 17.7,,,15.0,17.340424,32.340424,17.659576,50.0,0.0,50.0,0.97,0.030000000000000027,-2.3404239999999987,0.5155828208122246,0.7,0.21558282081222457,5.0,1.0779141040611229,0.007112085461616516,OVERPAY_LIMIT
1765989436.322279,eth-updown-15m-1765989000,1765989000.0,1765989900.0,,463.67772102355957,,,,,0,0,0.97,0.98,ONE_LEG_INVENTORY,,,,,,,,,,,,,,0,5.0,,,,,,,,,,,,,,,,,,,,"RECONSTRUCT_BLOCKED: OVERPAY_LIMIT (Op:0.2156 > L:0.0071, Cost:$1.08)",,,,,,,,15.0,17.340424,,,,,0,0,,,Inv: 15.0/17.3 CapLeft: 17.7,,,15.0,17.340424,32.340424,17.659576,50.0,0.0,50.0,0.97,0.030000000000000027,-2.3404239999999987,0.5155828208122246,0.7,0.21558282081222457,5.0,1.0779141040611229,0.007112085461616516,OVERPAY_LIMIT
1765989436.9891355,eth-updown-15m-1765989000,1765989000.0,1765989900.0,,463.0108644962311,,,,,0,0,0.9,0.98,ORDERS_OPEN,,,,,,,,,,,,,,0,5,,,,,,,,,,,,,,,,,,,,,,,,,,,,0.0,0.0,,,,,0,0,,,Inv: 0.0/0.0 CapLeft: 50.0,,,0.0,0.0,0.0,50.0,50.0,0.0,50.0,0.9,0.09999999999999998,0.0,0.0,0.0,0.0,0.0,0.0,0.0,
1765989438.4904828,eth-updown-15m-1765989000,1765989000.0,1765989900.0,,461.5095171928406,,,,,0,0,0.9,0.98,ORDERS_OPEN,,,,,,,,,,,,,,0,5,,,,,,,,,,,,,,,,,,,,,,,,,,,,0.0,0.0,,,,,0,0,,,Inv: 0.0/0.0 CapLeft: 50.0,,,0.0,0.0,0.0,50.0,50.0,0.0,50.0,0.9,0.09999999999999998,0.0,0.0,0.0,0.0,0.0,0.0,0.0,
1765989438.2806215,eth-updown-15m-1765989000,1765989000.0,1765989900.0,,461.7193784713745,,,,,0,0,0.9600000000000001,0.98,ONE_LEG_INVENTORY,,,,,,,,,,,,,,0,5.0,,,,,,,,,,,,,,,,,,,,"RECONSTRUCT_BLOCKED: OVERPAY_LIMIT (Op:0.1956 > L:0.0072, Cost:$0.98)",,,,,,,,15.0,17.340424,,,,,0,0,,,Inv: 15.0/17.3 CapLeft: 17.7,,,15.0,17.340424,32.340424,17.659576,50.0,0.0,50.0,0.97,0.030000000000000027,-2.3404239999999987,0.5155828208122246,0.68,0.19558282081222478,5.0,0.9779141040611239,0.007185523307323456,OVERPAY_LIMIT
1765989438.2806215,eth-updown-15m-1765989000,1765989000.0,1765989900.0,,461.7193784713745,,,,,0,0,0.9600000000000001,0.98,ONE_LEG_INVENTORY,,,,,,,,,,,,,,0,5.0,,,,,,,,,,,,,,,,,,,,"RECONSTRUCT_BLOCKED: OVERPAY_LIMIT (Op:0.1956 > L:0.0072, Cost:$0.98)",,,,,,,,15.0,17.340424,,,,,0,0,,,Inv: 15.0/17.3 CapLeft: 17.7,,,15.0,17.340424,32.340424,17.659576,50.0,0.0,50.0,0.97,0.030000000000000027,-2.3404239999999987,0.5155828208122246,0.68,0.19558282081222478,5.0,0.9779141040611239,0.007185523307323456,OVERPAY_LIMIT
1765989439.9930506,eth-updown-15m-1765989000,1765989000.0,1765989900.0,,460.00694942474365,,,,,0,0,0.9,0.98,ORDERS_OPEN,,,,,,,,,,,,,,0,5,,,,,,,,,,,,,,,,,,,,,,,,,,,,0.0,0.0,,,,,0,0,,,Inv: 0.0/0.0 CapLeft: 50.0,,,0.0,0.0,0.0,50.0,50.0,0.0,50.0,0.9,0.09999999999999998,0.0,0.0,0.0,0.0,0.0,0.0,0.0,
1765989440.199947,eth-updown-15m-1765989000,1765989000.0,1765989900.0,,459.80005288124084,,,,,0,0,0.96,0.98,ONE_LEG_INVENTORY,,,,,,,,,,,,,,0,5.0,,,,,,,,,,,,,,,,,,,,"RECONSTRUCT_BLOCKED: OVERPAY_LIMIT (Op:0.2256 > L:0.0073, Cost:$1.13)",,,,,,,,15.0,17.340424,,,,,0,0,,,Inv: 15.0/17.3 CapLeft: 17.7,,,15.0,17.340424,32.340424,17.659576,50.0,0.0,50.0,0.97,0.030000000000000027,-2.3404239999999987,0.5155828208122246,0.71,0.22558282081222458,5.0,1.127914104061123,0.0072574980169534675,OVERPAY_LIMIT
1765989440.199947,eth-updown-15m-1765989000,1765989000.0,1765989900.0,,459.80005288124084,,,,,0,0,0.96,0.98,ONE_LEG_INVENTORY,,,,,,,,,,,,,,0,5.0,,,,,,,,,,,,,,,,,,,,"RECONSTRUCT_BLOCKED: OVERPAY_LIMIT (Op:0.2256 > L:0.0073, Cost:$1.13)",,,,,,,,15.0,17.340424,,,,,0,0,,,Inv: 15.0/17.3 CapLeft: 17.7,,,15.0,17.340424,32.340424,17.659576,50.0,0.0,50.0,0.97,0.030000000000000027,-2.3404239999999987,0.5155828208122246,0.71,0.22558282081222458,5.0,1.127914104061123,0.0072574980169534675,OVERPAY_LIMIT
1765989441.4949534,eth-updown-15m-1765989000,1765989000.0,1765989900.0,,458.50504660606384,,,,,0,0,0.9,0.98,ORDERS_OPEN,,,,,,,,,,,,,,0,5,,,,,,,,,,,,,,,,,,,,,,,,,,,,0.0,0.0,,,,,0,0,,,Inv: 0.0/0.0 CapLeft: 50.0,,,0.0,0.0,0.0,50.0,50.0,0.0,50.0,0.9,0.09999999999999998,0.0,0.0,0.0,0.0,0.0,0.0,0.0,
1765989442.1567724,eth-updown-15m-1765989000,1765989000.0,1765989900.0,,457.8432276248932,,,,,0,0,0.97,0.98,ONE_LEG_INVENTORY,,,,,,,,,,,,,,0,5.0,,,,,,,,,,,,,,,,,,,,"RECONSTRUCT_BLOCKED: OVERPAY_LIMIT (Op:0.2056 > L:0.0073, Cost:$1.03)",,,,,,,,15.0,17.340424,,,,,0,0,,,Inv: 15.0/17.3 CapLeft: 17.7,,,15.0,17.340424,32.340424,17.659576,50.0,0.0,50.0,0.97,0.030000000000000027,-2.3404239999999987,0.5155828208122246,0.69,0.20558282081222456,5.0,1.0279141040611228,0.007330878964066505,OVERPAY_LIMIT
1765989442.1567724,eth-updown-15m-1765989000,1765989000.0,1765989900.0,,457.8432276248932,,,,,0,0,0.97,0.98,ONE_LEG_INVENTORY,,,,,,,,,,,,,,0,5.0,,,,,,,,,,,,,,,,,,,,"RECONSTRUCT_BLOCKED: OVERPAY_LIMIT (Op:0.2056 > L:0.0073, Cost:$1.03)",,,,,,,,15.0,17.340424,,,,,0,0,,,Inv: 15.0/17.3 CapLeft: 17.7,,,15.0,17.340424,32.340424,17.659576,50.0,0.0,50.0,0.97,0.030000000000000027,-2.3404239999999987,0.5155828208122246,0.69,0.20558282081222456,5.0,1.0279141040611228,0.007330878964066505,OVERPAY_LIMIT
1765989442.9963155,eth-updown-15m-1765989000,1765989000.0,1765989900.0,,457.00368452072144,,,,,0,0,0.9,0.98,ORDERS_OPEN,,,,,,,,,,,,,,0,5,,,,,,,,,,,,,,,,,,,,,,,,,,,,0.0,0.0,,,,,0,0,,,Inv: 0.0/0.0 CapLeft: 50.0,,,0.0,0.0,0.0,50.0,50.0,0.0,50.0,0.9,0.09999999999999998,0.0,0.0,0.0,0.0,0.0,0.0,0.0,
1765989444.4977517,eth-updown-15m-1765989000,1765989000.0,1765989900.0,,455.5022482872009,,,,,0,0,0.9,0.98,ORDERS_OPEN,,,,,,,,,,,,,,0,5,,,,,,,,,,,,,,,,,,,,,,,,,,,,0.0,0.0,,,,,0,0,,,Inv: 0.0/0.0 CapLeft: 50.0,,,0.0,0.0,0.0,50.0,50.0,0.0,50.0,0.9,0.09999999999999998,0.0,0.0,0.0,0.0,0.0,0.0,0.0,
1765989444.0835717,eth-updown-15m-1765989000,1765989000.0,1765989900.0,,455.9164283275604,,,,,0,0,0.97,0.98,ONE_LEG_INVENTORY,,,,,,,,,,,,,,0,5.0,,,,,,,,,,,,,,,,,,,,"RECONSTRUCT_BLOCKED: OVERPAY_LIMIT (Op:0.2056 > L:0.0074, Cost:$1.03)",,,,,,,,15.0,17.340424,,,,,0,0,,,Inv: 15.0/17.3 CapLeft: 17.7,,,15.0,17.340424,32.340424,17.659576,50.0,0.0,50.0,0.97,0.030000000000000027,-2.3404239999999987,0.5155828208122246,0.69,0.20558282081222456,5.0,1.0279141040611228,0.0074031339377164836,OVERPAY_LIMIT
1765989444.0835717,eth-updown-15m-1765989000,1765989000.0,1765989900.0,,455.9164283275604,,,,,0,0,0.97,0.98,ONE_LEG_INVENTORY,,,,,,,,,,,,,,0,5.0,,,,,,,,,,,,,,,,,,,,"RECONSTRUCT_BLOCKED: OVERPAY_LIMIT (Op:0.2056 > L:0.0074, Cost:$1.03)",,,,,,,,15.0,17.340424,,,,,0,0,,,Inv: 15.0/17.3 CapLeft: 17.7,,,15.0,17.340424,32.340424,17.659576,50.0,0.0,50.0,0.97,0.030000000000000027,-2.3404239999999987,0.5155828208122246,0.69,0.20558282081222456,5.0,1.0279141040611228,0.0074031339377164836,OVERPAY_LIMIT
1765989446.0007927,eth-updown-15m-1765989000,1765989000.0,1765989900.0,,453.9992072582245,,,,,0,0,0.9,0.98,ORDERS_OPEN,,,,,,,,,,,,,,0,5,,,,,,,,,,,,,,,,,,,,,,,,,,,,0.0,0.0,,,,,0,0,,,Inv: 0.0/0.0 CapLeft: 50.0,,,0.0,0.0,0.0,50.0,50.0,0.0,50.0,0.9,0.09999999999999998,0.0,0.0,0.0,0.0,0.0,0.0,0.0,
1765989446.019526,eth-updown-15m-1765989000,1765989000.0,1765989900.0,,453.98047399520874,,,,,0,0,0.96,0.98,ONE_LEG_INVENTORY,,,,,,,,,,,,,,0,5.0,,,,,,,,,,,,,,,,,,,,"RECONSTRUCT_BLOCKED: OVERPAY_LIMIT (Op:0.2256 > L:0.0075, Cost:$1.13)",,,,,,,,15.0,17.340424,,,,,0,0,,,Inv: 15.0/17.3 CapLeft: 17.7,,,15.0,17.340424,32.340424,17.659576,50.0,0.0,50.0,0.97,0.030000000000000027,-2.3404239999999987,0.5155828208122246,0.71,0.22558282081222458,5.0,1.127914104061123,0.0074757322251796715,OVERPAY_LIMIT
1765989446.019526,eth-updown-15m-1765989000,1765989000.0,1765989900.0,,453.98047399520874,,,,,0,0,0.96,0.98,ONE_LEG_INVENTORY,,,,,,,,,,,,,,0,5.0,,,,,,,,,,,,,,,,,,,,"RECONSTRUCT_BLOCKED: OVERPAY_LIMIT (Op:0.2256 > L:0.0075, Cost:$1.13)",,,,,,,,15.0,17.340424,,,,,0,0,,,Inv: 15.0/17.3 CapLeft: 17.7,,,15.0,17.340424,32.340424,17.659576,50.0,0.0,50.0,0.97,0.030000000000000027,-2.3404239999999987,0.5155828208122246,0.71,0.22558282081222458,5.0,1.127914104061123,0.0074757322251796715,OVERPAY_LIMIT
1765989447.9458606,eth-updown-15m-1765989000,1765989000.0,1765989900.0,,452.05413937568665,,,,,0,0,0.97,0.98,ONE_LEG_INVENTORY,,,,,,,,,,,,,,0,5.0,,,,,,,,,,,,,,,,,,,,"RECONSTRUCT_BLOCKED: OVERPAY_LIMIT (Op:0.2756 > L:0.0075, Cost:$1.38)",,,,,,,,15.0,17.340424,,,,,0,0,,,Inv: 15.0/17.3 CapLeft: 17.7,,,15.0,17.340424,32.340424,17.659576,50.0,0.0,50.0,0.97,0.030000000000000027,-2.3404239999999987,0.5155828208122246,0.76,0.2755828208122246,5.0,1.3779141040611231,0.00754796977341175,OVERPAY_LIMIT
1765989447.9458606,eth-updown-15m-1765989000,1765989000.0,1765989900.0,,452.05413937568665,,,,,0,0,0.97,0.98,ONE_LEG_INVENTORY,,,,,,,,,,,,,,0,5.0,,,,,,,,,,,,,,,,,,,,"RECONSTRUCT_BLOCKED: OVERPAY_LIMIT (Op:0.2756 > L:0.0075, Cost:$1.38)",,,,,,,,15.0,17.340424,,,,,0,0,,,Inv: 15.0/17.3 CapLeft: 17.7,,,15.0,17.340424,32.340424,17.659576,50.0,0.0,50.0,0.97,0.030000000000000027,-2.3404239999999987,0.5155828208122246,0.76,0.2755828208122246,5.0,1.3779141040611231,0.00754796977341175,OVERPAY_LIMIT
1765989449.0036786,eth-updown-15m-1765989000,1765989000.0,1765989900.0,,450.99632143974304,,,,,0.45,0.45,0.9,0.98,ORDERS_OPEN,,,,,,,,,,,,,,5,5,,,,,,,,,,,,,,,,,,,,Leg:BOTH UP:5 DOWN:5,,,,,,,,0.0,0.0,,,,,0,0,,,Inv: 0.0/0.0 CapLeft: 50.0,,,0.0,0.0,0.0,50.0,50.0,0.0,50.0,0.9,0.09999999999999998,0.0,0.0,0.0,0.0,0.0,0.0,0.0,
1765989449.9175076,eth-updown-15m-1765989000,1765989000.0,1765989900.0,,450.082492351532,,,,,0,0,0.99,0.98,ONE_LEG_INVENTORY,,,,,,,,,,,,,,0,5.0,,,,,,,,,,,,,,,,,,,,"RECONSTRUCT_BLOCKED: OVERPAY_LIMIT (Op:0.2856 > L:0.0076, Cost:$1.43)",,,,,,,,15.0,17.340424,,,,,0,0,,,Inv: 15.0/17.3 CapLeft: 17.7,,,15.0,17.340424,32.340424,17.659576,50.0,0.0,50.0,0.97,0.030000000000000027,-2.3404239999999987,0.5155828208122246,0.77,0.28558282081222464,5.0,1.4279141040611232,0.00762190653681755,OVERPAY_LIMIT
1765989449.9175076,eth-updown-15m-1765989000,1765989000.0,1765989900.0,,450.082492351532,,,,,0,0,0.99,0.98,ONE_LEG_INVENTORY,,,,,,,,,,,,,,0,5.0,,,,,,,,,,,,,,,,,,,,"RECONSTRUCT_BLOCKED: OVERPAY_LIMIT (Op:0.2856 > L:0.0076, Cost:$1.43)",,,,,,,,15.0,17.340424,,,,,0,0,,,Inv: 15.0/17.3 CapLeft: 17.7,,,15.0,17.340424,32.340424,17.659576,50.0,0.0,50.0,0.97,0.030000000000000027,-2.3404239999999987,0.5155828208122246,0.77,0.28558282081222464,5.0,1.4279141040611232,0.00762190653681755,OVERPAY_LIMIT
1765989450.5057554,eth-updown-15m-1765989000,1765989000.0,1765989900.0,,449.4942445755005,,,,,0,0,0.9,0.98,ORDERS_OPEN,,,,,,,,,,,,,,0,5,,,,,,,,,,,,,,,,,,,,,,,,,,,,0.0,0.0,,,,,0,0,,,Inv: 0.0/0.0 CapLeft: 50.0,,,0.0,0.0,0.0,50.0,50.0,0.0,50.0,0.9,0.09999999999999998,0.0,0.0,0.0,0.0,0.0,0.0,0.0,
1765989452.006971,eth-updown-15m-1765989000,1765989000.0,1765989900.0,,447.99302911758423,,,,,0,0,0.9,0.98,ORDERS_OPEN,,,,,,,,,,,,,,0,5,,,,,,,,,,,,,,,,,,,,,,,,,,,,0.0,0.0,,,,,0,0,,,Inv: 0.0/0.0 CapLeft: 50.0,,,0.0,0.0,0.0,50.0,50.0,0.0,50.0,0.9,0.09999999999999998,0.0,0.0,0.0,0.0,0.0,0.0,0.0,
1765989451.8821154,eth-updown-15m-1765989000,1765989000.0,1765989900.0,,448.1178846359253,,,,,0,0,0.99,0.98,ONE_LEG_INVENTORY,,,,,,,,,,,,,,0,5.0,,,,,,,,,,,,,,,,,,,,"RECONSTRUCT_BLOCKED: OVERPAY_LIMIT (Op:0.2856 > L:0.0077, Cost:$1.43)",,,,,,,,15.0,17.340424,,,,,0,0,,,Inv: 15.0/17.3 CapLeft: 17.7,,,15.0,17.340424,32.340424,17.659576,50.0,0.0,50.0,0.97,0.030000000000000027,-2.3404239999999987,0.5155828208122246,0.77,0.28558282081222464,5.0,1.4279141040611232,0.007695579326152801,OVERPAY_LIMIT
1765989451.8821154,eth-updown-15m-1765989000,1765989000.0,1765989900.0,,448.1178846359253,,,,,0,0,0.99,0.98,ONE_LEG_INVENTORY,,,,,,,,,,,,,,0,5.0,,,,,,,,,,,,,,,,,,,,"RECONSTRUCT_BLOCKED: OVERPAY_LIMIT (Op:0.2856 > L:0.0077, Cost:$1.43)",,,,,,,,15.0,17.340424,,,,,0,0,,,Inv: 15.0/17.3 CapLeft: 17.7,,,15.0,17.340424,32.340424,17.659576,50.0,0.0,50.0,0.97,0.030000000000000027,-2.3404239999999987,0.5155828208122246,0.77,0.28558282081222464,5.0,1.4279141040611232,0.007695579326152801,OVERPAY_LIMIT
1765989453.508419,eth-updown-15m-1765989000,1765989000.0,1765989900.0,,446.49158096313477,,,,,0,0,0.9,0.98,ORDERS_OPEN,,,,,,,,,,,,,,0,5,,,,,,,,,,,,,,,,,,,,,,,,,,,,0.0,0.0,,,,,0,0,,,Inv: 0.0/0.0 CapLeft: 50.0,,,0.0,0.0,0.0,50.0,50.0,0.0,50.0,0.9,0.09999999999999998,0.0,0.0,0.0,0.0,0.0,0.0,0.0,
1765989453.84966,eth-updown-15m-1765989000,1765989000.0,1765989900.0,,446.15034008026123,,,,,0,0,0.96,0.98,ONE_LEG_INVENTORY,,,,,,,,,,,,,,0,5.0,,,,,,,,,,,,,,,,,,,,"RECONSTRUCT_BLOCKED: OVERPAY_LIMIT (Op:0.2556 > L:0.0078, Cost:$1.28)",,,,,,,,15.0,17.340424,,,,,0,0,,,Inv: 15.0/17.3 CapLeft: 17.7,,,15.0,17.340424,32.340424,17.659576,50.0,0.0,50.0,0.97,0.030000000000000027,-2.3404239999999987,0.5155828208122246,0.74,0.2555828208122246,5.0,1.277914104061123,0.007769362246990204,OVERPAY_LIMIT
1765989453.84966,eth-updown-15m-1765989000,1765989000.0,1765989900.0,,446.15034008026123,,,,,0,0,0.96,0.98,ONE_LEG_INVENTORY,,,,,,,,,,,,,,0,5.0,,,,,,,,,,,,,,,,,,,,"RECONSTRUCT_BLOCKED: OVERPAY_LIMIT (Op:0.2556 > L:0.0078, Cost:$1.28)",,,,,,,,15.0,17.340424,,,,,0,0,,,Inv: 15.0/17.3 CapLeft: 17.7,,,15.0,17.340424,32.340424,17.659576,50.0,0.0,50.0,0.97,0.030000000000000027,-2.3404239999999987,0.5155828208122246,0.74,0.2555828208122246,5.0,1.277914104061123,0.007769362246990204,OVERPAY_LIMIT
1765989455.0103645,eth-updown-15m-1765989000,1765989000.0,1765989900.0,,444.9896354675293,,,,,0,0,0.9,0.98,ORDERS_OPEN,,,,,,,,,,,,,,0,5,,,,,,,,,,,,,,,,,,,,,,,,,,,,0.0,0.0,,,,,0,0,,,Inv: 0.0/0.0 CapLeft: 50.0,,,0.0,0.0,0.0,50.0,50.0,0.0,50.0,0.9,0.09999999999999998,0.0,0.0,0.0,0.0,0.0,0.0,0.0,
1765989455.7818203,eth-updown-15m-1765989000,1765989000.0,1765989900.0,,444.2181797027588,,,,,0,0,0.96,0.98,ONE_LEG_INVENTORY,,,,,,,,,,,,,,0,5.0,,,,,,,,,,,,,,,,,,,,"RECONSTRUCT_BLOCKED: OVERPAY_LIMIT (Op:0.2156 > L:0.0078, Cost:$1.08)",,,,,,,,15.0,17.340424,,,,,0,0,,,Inv: 15.0/17.3 CapLeft: 17.7,,,15.0,17.340424,32.340424,17.659576,50.0,0.0,50.0,0.97,0.030000000000000027,-2.3404239999999987,0.5155828208122246,0.7,0.21558282081222457,5.0,1.0779141040611229,0.007841818261146546,OVERPAY_LIMIT
1765989455.7818203,eth-updown-15m-1765989000,1765989000.0,1765989900.0,,444.2181797027588,,,,,0,0,0.96,0.98,ONE_LEG_INVENTORY,,,,,,,,,,,,,,0,5.0,,,,,,,,,,,,,,,,,,,,"RECONSTRUCT_BLOCKED: OVERPAY_LIMIT (Op:0.2156 > L:0.0078, Cost:$1.08)",,,,,,,,15.0,17.340424,,,,,0,0,,,Inv: 15.0/17.3 CapLeft: 17.7,,,15.0,17.340424,32.340424,17.659576,50.0,0.0,50.0,0.97,0.030000000000000027,-2.3404239999999987,0.5155828208122246,0.7,0.21558282081222457,5.0,1.0779141040611229,0.007841818261146546,OVERPAY_LIMIT
1765989456.5123105,eth-updown-15m-1765989000,1765989000.0,1765989900.0,,443.48768949508667,,,,,0,0,0.9,0.98,ORDERS_OPEN,,,,,,,,,,,,,,0,5,,,,,,,,,,,,,,,,,,,,,,,,,,,,0.0,0.0,,,,,0,0,,,Inv: 0.0/0.0 CapLeft: 50.0,,,0.0,0.0,0.0,50.0,50.0,0.0,50.0,0.9,0.09999999999999998,0.0,0.0,0.0,0.0,0.0,0.0,0.0,
1765989458.0138178,eth-updown-15m-1765989000,1765989000.0,1765989900.0,,441.9861822128296,,,,,0,0,0.9,0.98,ORDERS_OPEN,,,,,,,,,,,,,,0,5,,,,,,,,,,,,,,,,,,,,,,,,,,,,0.0,0.0,,,,,0,0,,,Inv: 0.0/0.0 CapLeft: 50.0,,,0.0,0.0,0.0,50.0,50.0,0.0,50.0,0.9,0.09999999999999998,0.0,0.0,0.0,0.0,0.0,0.0,0.0,
1765989457.7174222,eth-updown-15m-1765989000,1765989000.0,1765989900.0,,442.282577753067,,,,,0,0,0.99,0.98,ONE_LEG_INVENTORY,,,,,,,,,,,,,,0,5.0,,,,,,,,,,,,,,,,,,,,"RECONSTRUCT_BLOCKED: OVERPAY_LIMIT (Op:0.1856 > L:0.0079, Cost:$0.93)",,,,,,,,15.0,17.340424,,,,,0,0,,,Inv: 15.0/17.3 CapLeft: 17.7,,,15.0,17.340424,32.340424,17.659576,50.0,0.0,50.0,0.97,0.030000000000000027,-2.3404239999999987,0.5155828208122246,0.67,0.18558282081222455,5.0,0.9279141040611227,0.007914403334259986,OVERPAY_LIMIT
1765989457.7174222,eth-updown-15m-1765989000,1765989000.0,1765989900.0,,442.282577753067,,,,,0,0,0.99,0.98,ONE_LEG_INVENTORY,,,,,,,,,,,,,,0,5.0,,,,,,,,,,,,,,,,,,,,"RECONSTRUCT_BLOCKED: OVERPAY_LIMIT (Op:0.1856 > L:0.0079, Cost:$0.93)",,,,,,,,15.0,17.340424,,,,,0,0,,,Inv: 15.0/17.3 CapLeft: 17.7,,,15.0,17.340424,32.340424,17.659576,50.0,0.0,50.0,0.97,0.030000000000000027,-2.3404239999999987,0.5155828208122246,0.67,0.18558282081222455,5.0,0.9279141040611227,0.007914403334259986,OVERPAY_LIMIT
1765989459.5157323,eth-updown-15m-1765989000,1765989000.0,1765989900.0,,440.4842677116394,,,,,0,0,0.9,0.98,ORDERS_OPEN,,,,,,,,,,,,,,0,5,,,,,,,,,,,,,,,,,,,,,,,,,,,,0.0,0.0,,,,,0,0,,,Inv: 0.0/0.0 CapLeft: 50.0,,,0.0,0.0,0.0,50.0,50.0,0.0,50.0,0.9,0.09999999999999998,0.0,0.0,0.0,0.0,0.0,0.0,0.0,
1765989459.7082913,eth-updown-15m-1765989000,1765989000.0,1765989900.0,,440.29170870780945,,,,,0,0,0.97,0.98,ONE_LEG_INVENTORY,,,,,,,,,,,,,,0,5.0,,,,,,,,,,,,,,,,,,,,"RECONSTRUCT_BLOCKED: OVERPAY_LIMIT (Op:0.1756 > L:0.0080, Cost:$0.88)",,,,,,,,15.0,17.340424,,,,,0,0,,,Inv: 15.0/17.3 CapLeft: 17.7,,,15.0,17.340424,32.340424,17.659576,50.0,0.0,50.0,0.97,0.030000000000000027,-2.3404239999999987,0.5155828208122246,0.66,0.17558282081222476,5.0,0.8779141040611238,0.007989060923457145,OVERPAY_LIMIT
1765989459.7082913,eth-updown-15m-1765989000,1765989000.0,1765989900.0,,440.29170870780945,,,,,0,0,0.97,0.98,ONE_LEG_INVENTORY,,,,,,,,,,,,,,0,5.0,,,,,,,,,,,,,,,,,,,,"RECONSTRUCT_BLOCKED: OVERPAY_LIMIT (Op:0.1756 > L:0.0080, Cost:$0.88)",,,,,,,,15.0,17.340424,,,,,0,0,,,Inv: 15.0/17.3 CapLeft: 17.7,,,15.0,17.340424,32.340424,17.659576,50.0,0.0,50.0,0.97,0.030000000000000027,-2.3404239999999987,0.5155828208122246,0.66,0.17558282081222476,5.0,0.8779141040611238,0.007989060923457145,OVERPAY_LIMIT
1765989461.0167794,eth-updown-15m-1765989000,1765989000.0,1765989900.0,,438.98322057724,,,,,0,0,0.9,0.98,ORDERS_OPEN,,,,,,,,,,,,,,0,5,,,,,,,,,,,,,,,,,,,,,,,,,,,,0.0,0.0,,,,,0,0,,,Inv: 0.0/0.0 CapLeft: 50.0,,,0.0,0.0,0.0,50.0,50.0,0.0,50.0,0.9,0.09999999999999998,0.0,0.0,0.0,0.0,0.0,0.0,0.0,
1765989461.6608229,eth-updown-15m-1765989000,1765989000.0,1765989900.0,,438.33917713165283,,,,,0,0,0.98,0.98,ONE_LEG_INVENTORY,,,,,,,,,,,,,,0,5.0,,,,,,,,,,,,,,,,,,,,"RECONSTRUCT_BLOCKED: OVERPAY_LIMIT (Op:0.1956 > L:0.0081, Cost:$0.98)",,,,,,,,15.0,17.340424,,,,,0,0,,,Inv: 15.0/17.3 CapLeft: 17.7,,,15.0,17.340424,32.340424,17.659576,50.0,0.0,50.0,0.97,0.030000000000000027,-2.3404239999999987,0.5155828208122246,0.68,0.19558282081222478,5.0,0.9779141040611239,0.008062280857563019,OVERPAY_LIMIT
1765989461.6608229,eth-updown-15m-1765989000,1765989000.0,1765989900.0,,438.33917713165283,,,,,0,0,0.98,0.98,ONE_LEG_INVENTORY,,,,,,,,,,,,,,0,5.0,,,,,,,,,,,,,,,,,,,,"RECONSTRUCT_BLOCKED: OVERPAY_LIMIT (Op:0.1956 > L:0.0081, Cost:$0.98)",,,,,,,,15.0,17.340424,,,,,0,0,,,Inv: 15.0/17.3 CapLeft: 17.7,,,15.0,17.340424,32.340424,17.659576,50.0,0.0,50.0,0.97,0.030000000000000027,-2.3404239999999987,0.5155828208122246,0.68,0.19558282081222478,5.0,0.9779141040611239,0.008062280857563019,OVERPAY_LIMIT
1765989462.518445,eth-updown-15m-1765989000,1765989000.0,1765989900.0,,437.4815549850464,,,,,0,0,0.9,0.98,ORDERS_OPEN,,,,,,,,,,,,,,0,5,,,,,,,,,,,,,,,,,,,,,,,,,,,,0.0,0.0,,,,,0,0,,,Inv: 0.0/0.0 CapLeft: 50.0,,,0.0,0.0,0.0,50.0,50.0,0.0,50.0,0.9,0.09999999999999998,0.0,0.0,0.0,0.0,0.0,0.0,0.0,
1765989463.6306689,eth-updown-15m-1765989000,1765989000.0,1765989900.0,,436.3693311214447,,,,,0,0,0.96,0.98,ONE_LEG_INVENTORY,,,,,,,,,,,,,,0,5.0,,,,,,,,,,,,,,,,,,,,"RECONSTRUCT_BLOCKED: OVERPAY_LIMIT (Op:0.1656 > L:0.0081, Cost:$0.83)",,,,,,,,15.0,17.340424,,,,,0,0,,,Inv: 15.0/17.3 CapLeft: 17.7,,,15.0,17.340424,32.340424,17.659576,50.0,0.0,50.0,0.97,0.030000000000000027,-2.3404239999999987,0.5155828208122246,0.65,0.16558282081222453,5.0,0.8279141040611226,0.008136150082945822,OVERPAY_LIMIT
1765989463.6306689,eth-updown-15m-1765989000,1765989000.0,1765989900.0,,436.3693311214447,,,,,0,0,0.96,0.98,ONE_LEG_INVENTORY,,,,,,,,,,,,,,0,5.0,,,,,,,,,,,,,,,,,,,,"RECONSTRUCT_BLOCKED: OVERPAY_LIMIT (Op:0.1656 > L:0.0081, Cost:$0.83)",,,,,,,,15.0,17.340424,,,,,0,0,,,Inv: 15.0/17.3 CapLeft: 17.7,,,15.0,17.340424,32.340424,17.659576,50.0,0.0,50.0,0.97,0.030000000000000027,-2.3404239999999987,0.5155828208122246,0.65,0.16558282081222453,5.0,0.8279141040611226,0.008136150082945822,OVERPAY_LIMIT
1765989465.5212362,eth-updown-15m-1765989000,1765989000.0,1765989900.0,,434.47876381874084,,,,,0.45,0.45,0.9,0.98,ORDERS_OPEN,,,,,,,,,,,,,,5,5,,,,,,,,,,,,,,,,,,,,Leg:BOTH UP:5 DOWN:5,,,,,,,,0.0,0.0,,,,,0,0,,,Inv: 0.0/0.0 CapLeft: 50.0,,,0.0,0.0,0.0,50.0,50.0,0.0,50.0,0.9,0.09999999999999998,0.0,0.0,0.0,0.0,0.0,0.0,0.0,
1765989465.5594797,eth-updown-15m-1765989000,1765989000.0,1765989900.0,,434.44052028656006,,,,,0,0,0.97,0.98,ONE_LEG_INVENTORY,,,,,,,,,,,,,,0,5.0,,,,,,,,,,,,,,,,,,,,"RECONSTRUCT_BLOCKED: OVERPAY_LIMIT (Op:0.1756 > L:0.0082, Cost:$0.88)",,,,,,,,15.0,17.340424,,,,,0,0,,,Inv: 15.0/17.3 CapLeft: 17.7,,,15.0,17.340424,32.340424,17.659576,50.0,0.0,50.0,0.97,0.030000000000000027,-2.3404239999999987,0.5155828208122246,0.66,0.17558282081222476,5.0,0.8779141040611238,0.008208480489253997,OVERPAY_LIMIT
1765989465.5594797,eth-updown-15m-1765989000,1765989000.0,1765989900.0,,434.44052028656006,,,,,0,0,0.97,0.98,ONE_LEG_INVENTORY,,,,,,,,,,,,,,0,5.0,,,,,,,,,,,,,,,,,,,,"RECONSTRUCT_BLOCKED: OVERPAY_LIMIT (Op:0.1756 > L:0.0082, Cost:$0.88)",,,,,,,,15.0,17.340424,,,,,0,0,,,Inv: 15.0/17.3 CapLeft: 17.7,,,15.0,17.340424,32.340424,17.659576,50.0,0.0,50.0,0.97,0.030000000000000027,-2.3404239999999987,0.5155828208122246,0.66,0.17558282081222476,5.0,0.8779141040611238,0.008208480489253997,OVERPAY_LIMIT
1765989467.0230215,eth-updown-15m-1765989000,1765989000.0,1765989900.0,,432.97697854042053,,,,,0,0,0.9,0.98,ORDERS_OPEN,,,,,,,,,,,,,,0,5,,,,,,,,,,,,,,,,,,,,,,,,,,,,0.0,0.0,,,,,0,0,,,Inv: 0.0/0.0 CapLeft: 50.0,,,0.0,0.0,0.0,50.0,50.0,0.0,50.0,0.9,0.09999999999999998,0.0,0.0,0.0,0.0,0.0,0.0,0.0,
1765989467.542804,eth-updown-15m-1765989000,1765989000.0,1765989900.0,,432.45719599723816,,,,,0,0,0.98,0.98,ONE_LEG_INVENTORY,,,,,,,,,,,,,,0,5.0,,,,,,,,,,,,,,,,,,,,"RECONSTRUCT_BLOCKED: OVERPAY_LIMIT (Op:0.2156 > L:0.0083, Cost:$1.08)",,,,,,,,15.0,17.340424,,,,,0,0,,,Inv: 15.0/17.3 CapLeft: 17.7,,,15.0,17.340424,32.340424,17.659576,50.0,0.0,50.0,0.97,0.030000000000000027,-2.3404239999999987,0.5155828208122246,0.7,0.21558282081222457,5.0,1.0779141040611229,0.008282855150103569,OVERPAY_LIMIT
1765989467.542804,eth-updown-15m-1765989000,1765989000.0,1765989900.0,,432.45719599723816,,,,,0,0,0.98,0.98,ONE_LEG_INVENTORY,,,,,,,,,,,,,,0,5.0,,,,,,,,,,,,,,,,,,,,"RECONSTRUCT_BLOCKED: OVERPAY_LIMIT (Op:0.2156 > L:0.0083, Cost:$1.08)",,,,,,,,15.0,17.340424,,,,,0,0,,,Inv: 15.0/17.3 CapLeft: 17.7,,,15.0,17.340424,32.340424,17.659576,50.0,0.0,50.0,0.97,0.030000000000000027,-2.3404239999999987,0.5155828208122246,0.7,0.21558282081222457,5.0,1.0779141040611229,0.008282855150103569,OVERPAY_LIMIT
1765989468.5246894,eth-updown-15m-1765989000,1765989000.0,1765989900.0,,431.47531056404114,,,,,0,0,0.9,0.98,ORDERS_OPEN,,,,,,,,,,,,,,0,5,,,,,,,,,,,,,,,,,,,,,,,,,,,,0.0,0.0,,,,,0,0,,,Inv: 0.0/0.0 CapLeft: 50.0,,,0.0,0.0,0.0,50.0,50.0,0.0,50.0,0.9,0.09999999999999998,0.0,0.0,0.0,0.0,0.0,0.0,0.0,
1765989469.4944456,eth-updown-15m-1765989000,1765989000.0,1765989900.0,,430.50555443763733,,,,,0,0,0.97,0.98,ONE_LEG_INVENTORY,,,,,,,,,,,,,,0,5.0,,,,,,,,,,,,,,,,,,,,"RECONSTRUCT_BLOCKED: OVERPAY_LIMIT (Op:0.1856 > L:0.0084, Cost:$0.93)",,,,,,,,15.0,17.340424,,,,,0,0,,,Inv: 15.0/17.3 CapLeft: 17.7,,,15.0,17.340424,32.340424,17.659576,50.0,0.0,50.0,0.97,0.030000000000000027,-2.3404239999999987,0.5155828208122246,0.67,0.18558282081222455,5.0,0.9279141040611227,0.008356041708588599,OVERPAY_LIMIT
1765989469.4944456,eth-updown-15m-1765989000,1765989000.0,1765989900.0,,430.50555443763733,,,,,0,0,0.97,0.98,ONE_LEG_INVENTORY,,,,,,,,,,,,,,0,5.0,,,,,,,,,,,,,,,,,,,,"RECONSTRUCT_BLOCKED: OVERPAY_LIMIT (Op:0.1856 > L:0.0084, Cost:$0.93)",,,,,,,,15.0,17.340424,,,,,0,0,,,Inv: 15.0/17.3 CapLeft: 17.7,,,15.0,17.340424,32.340424,17.659576,50.0,0.0,50.0,0.97,0.030000000000000027,-2.3404239999999987,0.5155828208122246,0.67,0.18558282081222455,5.0,0.9279141040611227,0.008356041708588599,OVERPAY_LIMIT
1765989470.0266776,eth-updown-15m-1765989000,1765989000.0,1765989900.0,,429.97332239151,,,,,0,0,0.9,0.98,ORDERS_OPEN,,,,,,,,,,,,,,0,5,,,,,,,,,,,,,,,,,,,,,,,,,,,,0.0,0.0,,,,,0,0,,,Inv: 0.0/0.0 CapLeft: 50.0,,,0.0,0.0,0.0,50.0,50.0,0.0,50.0,0.9,0.09999999999999998,0.0,0.0,0.0,0.0,0.0,0.0,0.0,
1765989471.5283585,eth-updown-15m-1765989000,1765989000.0,1765989900.0,,428.47164154052734,,,,,0,0,0.9,0.98,ORDERS_OPEN,,,,,,,,,,,,,,0,5,,,,,,,,,,,,,,,,,,,,,,,,,,,,0.0,0.0,,,,,0,0,,,Inv: 0.0/0.0 CapLeft: 50.0,,,0.0,0.0,0.0,50.0,50.0,0.0,50.0,0.9,0.09999999999999998,0.0,0.0,0.0,0.0,0.0,0.0,0.0,
1765989471.437697,eth-updown-15m-1765989000,1765989000.0,1765989900.0,,428.56230306625366,,,,,0,0,1.0,0.98,ONE_LEG_INVENTORY,,,,,,,,,,,,,,0,5.0,,,,,,,,,,,,,,,,,,,,"RECONSTRUCT_BLOCKED: OVERPAY_LIMIT (Op:0.1456 > L:0.0084, Cost:$0.73)",,,,,,,,15.0,17.340424,,,,,0,0,,,Inv: 15.0/17.3 CapLeft: 17.7,,,15.0,17.340424,32.340424,17.659576,50.0,0.0,50.0,0.97,0.030000000000000027,-2.3404239999999987,0.5155828208122246,0.63,0.1455828208122245,5.0,0.7279141040611226,0.008428913635015488,OVERPAY_LIMIT
1765989471.437697,eth-updown-15m-1765989000,1765989000.0,1765989900.0,,428.56230306625366,,,,,0,0,1.0,0.98,ONE_LEG_INVENTORY,,,,,,,,,,,,,,0,5.0,,,,,,,,,,,,,,,,,,,,"RECONSTRUCT_BLOCKED: OVERPAY_LIMIT (Op:0.1456 > L:0.0084, Cost:$0.73)",,,,,,,,15.0,17.340424,,,,,0,0,,,Inv: 15.0/17.3 CapLeft: 17.7,,,15.0,17.340424,32.340424,17.659576,50.0,0.0,50.0,0.97,0.030000000000000027,-2.3404239999999987,0.5155828208122246,0.63,0.1455828208122245,5.0,0.7279141040611226,0.008428913635015488,OVERPAY_LIMIT
1765989473.030146,eth-updown-15m-1765989000,1765989000.0,1765989900.0,,426.9698541164398,,,,,0,0,0.9,0.98,ORDERS_OPEN,,,,,,,,,,,,,,0,5,,,,,,,,,,,,,,,,,,,,,,,,,,,,0.0,0.0,,,,,0,0,,,Inv: 0.0/0.0 CapLeft: 50.0,,,0.0,0.0,0.0,50.0,50.0,0.0,50.0,0.9,0.09999999999999998,0.0,0.0,0.0,0.0,0.0,0.0,0.0,
1765989473.3963118,eth-updown-15m-1765989000,1765989000.0,1765989900.0,,426.60368824005127,,,,,0,0,1.01,0.98,ONE_LEG_INVENTORY,,,,,,,,,,,,,,0,5.0,,,,,,,,,,,,,,,,,,,,"RECONSTRUCT_BLOCKED: OVERPAY_LIMIT (Op:0.0956 > L:0.0085, Cost:$0.48)",,,,,,,,15.0,17.340424,,,,,0,0,,,Inv: 15.0/17.3 CapLeft: 17.7,,,15.0,17.340424,32.340424,17.659576,50.0,0.0,50.0,0.97,0.030000000000000027,-2.3404239999999987,0.5155828208122246,0.58,0.09558282081222469,5.0,0.47791410406112345,0.008502361690998078,OVERPAY_LIMIT
1765989473.3963118,eth-updown-15m-1765989000,1765989000.0,1765989900.0,,426.60368824005127,,,,,0,0,1.01,0.98,ONE_LEG_INVENTORY,,,,,,,,,,,,,,0,5.0,,,,,,,,,,,,,,,,,,,,"RECONSTRUCT_BLOCKED: OVERPAY_LIMIT (Op:0.0956 > L:0.0085, Cost:$0.48)",,,,,,,,15.0,17.340424,,,,,0,0,,,Inv: 15.0/17.3 CapLeft: 17.7,,,15.0,17.340424,32.340424,17.659576,50.0,0.0,50.0,0.97,0.030000000000000027,-2.3404239999999987,0.5155828208122246,0.58,0.09558282081222469,5.0,0.47791410406112345,0.008502361690998078,OVERPAY_LIMIT
1765989474.5316358,eth-updown-15m-1765989000,1765989000.0,1765989900.0,,425.468364238739,,,,,0,0,0.9,0.98,ORDERS_OPEN,,,,,,,,,,,,,,0,5,,,,,,,,,,,,,,,,,,,,,,,,,,,,0.0,0.0,,,,,0,0,,,Inv: 0.0/0.0 CapLeft: 50.0,,,0.0,0.0,0.0,50.0,50.0,0.0,50.0,0.9,0.09999999999999998,0.0,0.0,0.0,0.0,0.0,0.0,0.0,
1765989475.3248417,eth-updown-15m-1765989000,1765989000.0,1765989900.0,,424.6751582622528,,,,,0,0,0.99,0.98,ONE_LEG_INVENTORY,,,,,,,,,,,,,,0,5.0,,,,,,,,,,,,,,,,,,,,"RECONSTRUCT_BLOCKED: OVERPAY_LIMIT (Op:0.0656 > L:0.0086, Cost:$0.33)",,,,,,,,15.0,17.340424,,,,,0,0,,,Inv: 15.0/17.3 CapLeft: 17.7,,,15.0,17.340424,32.340424,17.659576,50.0,0.0,50.0,0.97,0.030000000000000027,-2.3404239999999987,0.5155828208122246,0.55,0.06558282081222466,5.0,0.3279141040611233,0.00857468156516552,OVERPAY_LIMIT
1765989475.3248417,eth-updown-15m-1765989000,1765989000.0,1765989900.0,,424.6751582622528,,,,,0,0,0.99,0.98,ONE_LEG_INVENTORY,,,,,,,,,,,,,,0,5.0,,,,,,,,,,,,,,,,,,,,"RECONSTRUCT_BLOCKED: OVERPAY_LIMIT (Op:0.0656 > L:0.0086, Cost:$0.33)",,,,,,,,15.0,17.340424,,,,,0,0,,,Inv: 15.0/17.3 CapLeft: 17.7,,,15.0,17.340424,32.340424,17.659576,50.0,0.0,50.0,0.97,0.030000000000000027,-2.3404239999999987,0.5155828208122246,0.55,0.06558282081222466,5.0,0.3279141040611233,0.00857468156516552,OVERPAY_LIMIT
1765989476.033332,eth-updown-15m-1765989000,1765989000.0,1765989900.0,,423.9666678905487,,,,,0,0,0.9,0.98,ORDERS_OPEN,,,,,,,,,,,,,,0,5,,,,,,,,,,,,,,,,,,,,,,,,,,,,0.0,0.0,,,,,0,0,,,Inv: 0.0/0.0 CapLeft: 50.0,,,0.0,0.0,0.0,50.0,50.0,0.0,50.0,0.9,0.09999999999999998,0.0,0.0,0.0,0.0,0.0,0.0,0.0,
1765989477.5347211,eth-updown-15m-1765989000,1765989000.0,1765989900.0,,422.46527886390686,,,,,0,0,0.9,0.98,ORDERS_OPEN,,,,,,,,,,,,,,0,5,,,,,,,,,,,,,,,,,,,,,,,,,,,,0.0,0.0,,,,,0,0,,,Inv: 0.0/0.0 CapLeft: 50.0,,,0.0,0.0,0.0,50.0,50.0,0.0,50.0,0.9,0.09999999999999998,0.0,0.0,0.0,0.0,0.0,0.0,0.0,
1765989477.3204029,eth-updown-15m-1765989000,1765989000.0,1765989900.0,,422.6795971393585,,,,,0,0,0.98,0.98,ONE_LEG_INVENTORY,,,,,,,,,,,,,,0,5.0,,,,,,,,,,,,,,,,,,,,"RECONSTRUCT_BLOCKED: OVERPAY_LIMIT (Op:0.1056 > L:0.0086, Cost:$0.53)",,,,,,,,15.0,17.340424,,,,,0,0,,,Inv: 15.0/17.3 CapLeft: 17.7,,,15.0,17.340424,32.340424,17.659576,50.0,0.0,50.0,0.97,0.030000000000000027,-2.3404239999999987,0.5155828208122246,0.59,0.10558282081222448,5.0,0.5279141040611224,0.008649515107274054,OVERPAY_LIMIT
1765989477.3204029,eth-updown-15m-1765989000,1765989000.0,1765989900.0,,422.6795971393585,,,,,0,0,0.98,0.98,ONE_LEG_INVENTORY,,,,,,,,,,,,,,0,5.0,,,,,,,,,,,,,,,,,,,,"RECONSTRUCT_BLOCKED: OVERPAY_LIMIT (Op:0.1056 > L:0.0086, Cost:$0.53)",,,,,,,,15.0,17.340424,,,,,0,0,,,Inv: 15.0/17.3 CapLeft: 17.7,,,15.0,17.340424,32.340424,17.659576,50.0,0.0,50.0,0.97,0.030000000000000027,-2.3404239999999987,0.5155828208122246,0.59,0.10558282081222448,5.0,0.5279141040611224,0.008649515107274054,OVERPAY_LIMIT
1765989479.0362368,eth-updown-15m-1765989000,1765989000.0,1765989900.0,,420.9637632369995,,,,,0,0,0.9,0.98,ORDERS_OPEN,,,,,,,,,,,,,,0,5,,,,,,,,,,,,,,,,,,,,,,,,,,,,0.0,0.0,,,,,0,0,,,Inv: 0.0/0.0 CapLeft: 50.0,,,0.0,0.0,0.0,50.0,50.0,0.0,50.0,0.9,0.09999999999999998,0.0,0.0,0.0,0.0,0.0,0.0,0.0,
1765989479.2554529,eth-updown-15m-1765989000,1765989000.0,1765989900.0,,420.74454712867737,,,,,0,0,0.99,0.98,ONE_LEG_INVENTORY,,,,,,,,,,,,,,0,5.0,,,,,,,,,,,,,,,,,,,,"RECONSTRUCT_BLOCKED: OVERPAY_LIMIT (Op:0.0956 > L:0.0087, Cost:$0.48)",,,,,,,,15.0,17.340424,,,,,0,0,,,Inv: 15.0/17.3 CapLeft: 17.7,,,15.0,17.340424,32.340424,17.659576,50.0,0.0,50.0,0.97,0.030000000000000027,-2.3404239999999987,0.5155828208122246,0.58,0.09558282081222469,5.0,0.47791410406112345,0.008722079482674599,OVERPAY_LIMIT
1765989479.2554529,eth-updown-15m-1765989000,1765989000.0,1765989900.0,,420.74454712867737,,,,,0,0,0.99,0.98,ONE_LEG_INVENTORY,,,,,,,,,,,,,,0,5.0,,,,,,,,,,,,,,,,,,,,"RECONSTRUCT_BLOCKED: OVERPAY_LIMIT (Op:0.0956 > L:0.0087, Cost:$0.48)",,,,,,,,15.0,17.340424,,,,,0,0,,,Inv: 15.0/17.3 CapLeft: 17.7,,,15.0,17.340424,32.340424,17.659576,50.0,0.0,50.0,0.97,0.030000000000000027,-2.3404239999999987,0.5155828208122246,0.58,0.09558282081222469,5.0,0.47791410406112345,0.008722079482674599,OVERPAY_LIMIT
1765989481.2093015,eth-updown-15m-1765989000,1765989000.0,1765989900.0,,418.7906985282898,,,,,0,0,0.97,0.98,ONE_LEG_INVENTORY,,,,,,,,,,,,,,0,5.0,,,,,,,,,,,,,,,,,,,,"RECONSTRUCT_BLOCKED: OVERPAY_LIMIT (Op:0.1156 > L:0.0088, Cost:$0.58)",,,,,,,,15.0,17.340424,,,,,0,0,,,Inv: 15.0/17.3 CapLeft: 17.7,,,15.0,17.340424,32.340424,17.659576,50.0,0.0,50.0,0.97,0.030000000000000027,-2.3404239999999987,0.5155828208122246,0.6,0.11558282081222471,5.0,0.5779141040611235,0.008795348805189132,OVERPAY_LIMIT
1765989481.2093015,eth-updown-15m-1765989000,1765989000.0,1765989900.0,,418.7906985282898,,,,,0,0,0.97,0.98,ONE_LEG_INVENTORY,,,,,,,,,,,,,,0,5.0,,,,,,,,,,,,,,,,,,,,"RECONSTRUCT_BLOCKED: OVERPAY_LIMIT (Op:0.1156 > L:0.0088, Cost:$0.58)",,,,,,,,15.0,17.340424,,,,,0,0,,,Inv: 15.0/17.3 CapLeft: 17.7,,,15.0,17.340424,32.340424,17.659576,50.0,0.0,50.0,0.97,0.030000000000000027,-2.3404239999999987,0.5155828208122246,0.6,0.11558282081222471,5.0,0.5779141040611235,0.008795348805189132,OVERPAY_LIMIT
1765989482.0387473,eth-updown-15m-1765989000,1765989000.0,1765989900.0,,417.9612526893616,,,,,0.45,0.45,0.9,0.98,ORDERS_OPEN,,,,,,,,,,,,,,5,5,,,,,,,,,,,,,,,,,,,,Leg:BOTH UP:5 DOWN:5,,,,,,,,0.0,0.0,,,,,0,0,,,Inv: 0.0/0.0 CapLeft: 50.0,,,0.0,0.0,0.0,50.0,50.0,0.0,50.0,0.9,0.09999999999999998,0.0,0.0,0.0,0.0,0.0,0.0,0.0,
1765989483.540482,eth-updown-15m-1765989000,1765989000.0,1765989900.0,,416.45951795578003,,,,,0,0,0.9,0.98,ORDERS_OPEN,,,,,,,,,,,,,,0,5,,,,,,,,,,,,,,,,,,,,,,,,,,,,0.0,0.0,,,,,0,0,,,Inv: 0.0/0.0 CapLeft: 50.0,,,0.0,0.0,0.0,50.0,50.0,0.0,50.0,0.9,0.09999999999999998,0.0,0.0,0.0,0.0,0.0,0.0,0.0,
1765989483.1796656,eth-updown-15m-1765989000,1765989000.0,1765989900.0,,416.8203344345093,,,,,0,0,0.99,0.98,ONE_LEG_INVENTORY,,,,,,,,,,,,,,0,5.0,,,,,,,,,,,,,,,,,,,,"RECONSTRUCT_BLOCKED: OVERPAY_LIMIT (Op:0.1256 > L:0.0089, Cost:$0.63)",,,,,,,,15.0,17.340424,,,,,0,0,,,Inv: 15.0/17.3 CapLeft: 17.7,,,15.0,17.340424,32.340424,17.659576,50.0,0.0,50.0,0.97,0.030000000000000027,-2.3404239999999987,0.5155828208122246,0.61,0.1255828208122245,5.0,0.6279141040611225,0.008869237458705902,OVERPAY_LIMIT
1765989483.1796656,eth-updown-15m-1765989000,1765989000.0,1765989900.0,,416.8203344345093,,,,,0,0,0.99,0.98,ONE_LEG_INVENTORY,,,,,,,,,,,,,,0,5.0,,,,,,,,,,,,,,,,,,,,"RECONSTRUCT_BLOCKED: OVERPAY_LIMIT (Op:0.1256 > L:0.0089, Cost:$0.63)",,,,,,,,15.0,17.340424,,,,,0,0,,,Inv: 15.0/17.3 CapLeft: 17.7,,,15.0,17.340424,32.340424,17.659576,50.0,0.0,50.0,0.97,0.030000000000000027,-2.3404239999999987,0.5155828208122246,0.61,0.1255828208122245,5.0,0.6279141040611225,0.008869237458705902,OVERPAY_LIMIT
1765989485.041844,eth-updown-15m-1765989000,1765989000.0,1765989900.0,,414.9581561088562,,,,,0,0,0.9,0.98,ORDERS_OPEN,,,,,,,,,,,,,,0,5,,,,,,,,,,,,,,,,,,,,,,,,,,,,0.0,0.0,,,,,0,0,,,Inv: 0.0/0.0 CapLeft: 50.0,,,0.0,0.0,0.0,50.0,50.0,0.0,50.0,0.9,0.09999999999999998,0.0,0.0,0.0,0.0,0.0,0.0,0.0,
1765989485.1114328,eth-updown-15m-1765989000,1765989000.0,1765989900.0,,414.8885672092438,,,,,0,0,0.99,0.98,ONE_LEG_INVENTORY,,,,,,,,,,,,,,0,5.0,,,,,,,,,,,,,,,,,,,,"RECONSTRUCT_BLOCKED: OVERPAY_LIMIT (Op:0.0656 > L:0.0089, Cost:$0.33)",,,,,,,,15.0,17.340424,,,,,0,0,,,Inv: 15.0/17.3 CapLeft: 17.7,,,15.0,17.340424,32.340424,17.659576,50.0,0.0,50.0,0.97,0.030000000000000027,-2.3404239999999987,0.5155828208122246,0.55,0.06558282081222466,5.0,0.3279141040611233,0.008941678729653357,OVERPAY_LIMIT
1765989485.1114328,eth-updown-15m-1765989000,1765989000.0,1765989900.0,,414.8885672092438,,,,,0,0,0.99,0.98,ONE_LEG_INVENTORY,,,,,,,,,,,,,,0,5.0,,,,,,,,,,,,,,,,,,,,"RECONSTRUCT_BLOCKED: OVERPAY_LIMIT (Op:0.0656 > L:0.0089, Cost:$0.33)",,,,,,,,15.0,17.340424,,,,,0,0,,,Inv: 15.0/17.3 CapLeft: 17.7,,,15.0,17.340424,32.340424,17.659576,50.0,0.0,50.0,0.97,0.030000000000000027,-2.3404239999999987,0.5155828208122246,0.55,0.06558282081222466,5.0,0.3279141040611233,0.008941678729653357,OVERPAY_LIMIT
1765989486.5437016,eth-updown-15m-1765989000,1765989000.0,1765989900.0,,413.45629835128784,,,,,0,0,0.9,0.98,ORDERS_OPEN,,,,,,,,,,,,,,0,5,,,,,,,,,,,,,,,,,,,,,,,,,,,,0.0,0.0,,,,,0,0,,,Inv: 0.0/0.0 CapLeft: 50.0,,,0.0,0.0,0.0,50.0,50.0,0.0,50.0,0.9,0.09999999999999998,0.0,0.0,0.0,0.0,0.0,0.0,0.0,
1765989487.051543,eth-updown-15m-1765989000,1765989000.0,1765989900.0,,412.94845700263977,,,,,0,0,0.98,0.98,ONE_LEG_INVENTORY,,,,,,,,,,,,,,0,5.0,,,,,,,,,,,,,,,,,,,,"RECONSTRUCT_BLOCKED: OVERPAY_LIMIT (Op:0.0656 > L:0.0090, Cost:$0.33)",,,,,,,,15.0,17.340424,,,,,0,0,,,Inv: 15.0/17.3 CapLeft: 17.7,,,15.0,17.340424,32.340424,17.659576,50.0,0.0,50.0,0.97,0.030000000000000027,-2.3404239999999987,0.5155828208122246,0.55,0.06558282081222466,5.0,0.3279141040611233,0.009014432862401008,OVERPAY_LIMIT
1765989487.051543,eth-updown-15m-1765989000,1765989000.0,1765989900.0,,412.94845700263977,,,,,0,0,0.98,0.98,ONE_LEG_INVENTORY,,,,,,,,,,,,,,0,5.0,,,,,,,,,,,,,,,,,,,,"RECONSTRUCT_BLOCKED: OVERPAY_LIMIT (Op:0.0656 > L:0.0090, Cost:$0.33)",,,,,,,,15.0,17.340424,,,,,0,0,,,Inv: 15.0/17.3 CapLeft: 17.7,,,15.0,17.340424,32.340424,17.659576,50.0,0.0,50.0,0.97,0.030000000000000027,-2.3404239999999987,0.5155828208122246,0.55,0.06558282081222466,5.0,0.3279141040611233,0.009014432862401008,OVERPAY_LIMIT
1765989488.0452287,eth-updown-15m-1765989000,1765989000.0,1765989900.0,,411.9547712802887,,,,,0,0,0.9,0.98,ORDERS_OPEN,,,,,,,,,,,,,,0,5,,,,,,,,,,,,,,,,,,,,,,,,,,,,0.0,0.0,,,,,0,0,,,Inv: 0.0/0.0 CapLeft: 50.0,,,0.0,0.0,0.0,50.0,50.0,0.0,50.0,0.9,0.09999999999999998,0.0,0.0,0.0,0.0,0.0,0.0,0.0,
1765989489.015386,eth-updown-15m-1765989000,1765989000.0,1765989900.0,,410.98461389541626,,,,,0,0,0.98,0.98,ONE_LEG_INVENTORY,,,,,,,,,,,,,,0,5.0,,,,,,,,,,,,,,,,,,,,"RECONSTRUCT_BLOCKED: OVERPAY_LIMIT (Op:0.0756 > L:0.0091, Cost:$0.38)",,,,,,,,15.0,17.340424,,,,,0,0,,,Inv: 15.0/17.3 CapLeft: 17.7,,,15.0,17.340424,32.340424,17.659576,50.0,0.0,50.0,0.97,0.030000000000000027,-2.3404239999999987,0.5155828208122246,0.56,0.07558282081222467,5.0,0.37791410406112336,0.009088076978921888,OVERPAY_LIMIT
1765989489.015386,eth-updown-15m-1765989000,1765989000.0,1765989900.0,,410.98461389541626,,,,,0,0,0.98,0.98,ONE_LEG_INVENTORY,,,,,,,,,,,,,,0,5.0,,,,,,,,,,,,,,,,,,,,"RECONSTRUCT_BLOCKED: OVERPAY_LIMIT (Op:0.0756 > L:0.0091, Cost:$0.38)",,,,,,,,15.0,17.340424,,,,,0,0,,,Inv: 15.0/17.3 CapLeft: 17.7,,,15.0,17.340424,32.340424,17.659576,50.0,0.0,50.0,0.97,0.030000000000000027,-2.3404239999999987,0.5155828208122246,0.56,0.07558282081222467,5.0,0.37791410406112336,0.009088076978921888,OVERPAY_LIMIT
1765989489.5467174,eth-updown-15m-1765989000,1765989000.0,1765989900.0,,410.4532825946808,,,,,0,0,0.9,0.98,ORDERS_OPEN,,,,,,,,,,,,,,0,5,,,,,,,,,,,,,,,,,,,,,,,,,,,,0.0,0.0,,,,,0,0,,,Inv: 0.0/0.0 CapLeft: 50.0,,,0.0,0.0,0.0,50.0,50.0,0.0,50.0,0.9,0.09999999999999998,0.0,0.0,0.0,0.0,0.0,0.0,0.0,
1765989491.0483072,eth-updown-15m-1765989000,1765989000.0,1765989900.0,,408.95169281959534,,,,,0,0,0.9,0.98,ORDERS_OPEN,,,,,,,,,,,,,,0,5,,,,,,,,,,,,,,,,,,,,,,,,,,,,0.0,0.0,,,,,0,0,,,Inv: 0.0/0.0 CapLeft: 50.0,,,0.0,0.0,0.0,50.0,50.0,0.0,50.0,0.9,0.09999999999999998,0.0,0.0,0.0,0.0,0.0,0.0,0.0,
1765989490.9516387,eth-updown-15m-1765989000,1765989000.0,1765989900.0,,409.0483613014221,,,,,0,0,0.98,0.98,ONE_LEG_INVENTORY,,,,,,,,,,,,,,0,5.0,,,,,,,,,,,,,,,,,,,,"RECONSTRUCT_BLOCKED: OVERPAY_LIMIT (Op:0.0656 > L:0.0092, Cost:$0.33)",,,,,,,,15.0,17.340424,,,,,0,0,,,Inv: 15.0/17.3 CapLeft: 17.7,,,15.0,17.340424,32.340424,17.659576,50.0,0.0,50.0,0.97,0.030000000000000027,-2.3404239999999987,0.5155828208122246,0.55,0.06558282081222466,5.0,0.3279141040611233,0.00916068645119667,OVERPAY_LIMIT
1765989490.9516387,eth-updown-15m-1765989000,1765989000.0,1765989900.0,,409.0483613014221,,,,,0,0,0.98,0.98,ONE_LEG_INVENTORY,,,,,,,,,,,,,,0,5.0,,,,,,,,,,,,,,,,,,,,"RECONSTRUCT_BLOCKED: OVERPAY_LIMIT (Op:0.0656 > L:0.0092, Cost:$0.33)",,,,,,,,15.0,17.340424,,,,,0,0,,,Inv: 15.0/17.3 CapLeft: 17.7,,,15.0,17.340424,32.340424,17.659576,50.0,0.0,50.0,0.97,0.030000000000000027,-2.3404239999999987,0.5155828208122246,0.55,0.06558282081222466,5.0,0.3279141040611233,0.00916068645119667,OVERPAY_LIMIT
1765989492.5498765,eth-updown-15m-1765989000,1765989000.0,1765989900.0,,407.4501235485077,,,,,0,0,0.9,0.98,ORDERS_OPEN,,,,,,,,,,,,,,0,5,,,,,,,,,,,,,,,,,,,,,,,,,,,,0.0,0.0,,,,,0,0,,,Inv: 0.0/0.0 CapLeft: 50.0,,,0.0,0.0,0.0,50.0,50.0,0.0,50.0,0.9,0.09999999999999998,0.0,0.0,0.0,0.0,0.0,0.0,0.0,
1765989492.8958557,eth-updown-15m-1765989000,1765989000.0,1765989900.0,,407.1041443347931,,,,,0,0,0.98,0.98,ONE_LEG_INVENTORY,,,,,,,,,,,,,,0,5.0,,,,,,,,,,,,,,,,,,,,"RECONSTRUCT_BLOCKED: OVERPAY_LIMIT (Op:0.0556 > L:0.0092, Cost:$0.28)",,,,,,,,15.0,17.340424,,,,,0,0,,,Inv: 15.0/17.3 CapLeft: 17.7,,,15.0,17.340424,32.340424,17.659576,50.0,0.0,50.0,0.97,0.030000000000000027,-2.3404239999999987,0.5155828208122246,0.54,0.055582820812224654,5.0,0.27791410406112327,0.009233594587445259,OVERPAY_LIMIT
1765989492.8958557,eth-updown-15m-1765989000,1765989000.0,1765989900.0,,407.1041443347931,,,,,0,0,0.98,0.98,ONE_LEG_INVENTORY,,,,,,,,,,,,,,0,5.0,,,,,,,,,,,,,,,,,,,,"RECONSTRUCT_BLOCKED: OVERPAY_LIMIT (Op:0.0556 > L:0.0092, Cost:$0.28)",,,,,,,,15.0,17.340424,,,,,0,0,,,Inv: 15.0/17.3 CapLeft: 17.7,,,15.0,17.340424,32.340424,17.659576,50.0,0.0,50.0,0.97,0.030000000000000027,-2.3404239999999987,0.5155828208122246,0.54,0.055582820812224654,5.0,0.27791410406112327,0.009233594587445259,OVERPAY_LIMIT
1765989494.0518162,eth-updown-15m-1765989000,1765989000.0,1765989900.0,,405.9481837749481,,,,,0,0,0.9,0.98,ORDERS_OPEN,,,,,,,,,,,,,,0,5,,,,,,,,,,,,,,,,,,,,,,,,,,,,0.0,0.0,,,,,0,0,,,Inv: 0.0/0.0 CapLeft: 50.0,,,0.0,0.0,0.0,50.0,50.0,0.0,50.0,0.9,0.09999999999999998,0.0,0.0,0.0,0.0,0.0,0.0,0.0,
1765989494.8361115,eth-updown-15m-1765989000,1765989000.0,1765989900.0,,405.16388845443726,,,,,0,0,0.96,0.98,ONE_LEG_INVENTORY,,,,,,,,,,,,,,0,5.0,,,,,,,,,,,,,,,,,,,,"RECONSTRUCT_BLOCKED: OVERPAY_LIMIT (Op:0.0556 > L:0.0093, Cost:$0.28)",,,,,,,,15.0,17.340424,,,,,0,0,,,Inv: 15.0/17.3 CapLeft: 17.7,,,15.0,17.340424,32.340424,17.659576,50.0,0.0,50.0,0.97,0.030000000000000027,-2.3404239999999987,0.5155828208122246,0.54,0.055582820812224654,5.0,0.27791410406112327,0.009306354182958602,OVERPAY_LIMIT
1765989494.8361115,eth-updown-15m-1765989000,1765989000.0,1765989900.0,,405.16388845443726,,,,,0,0,0.96,0.98,ONE_LEG_INVENTORY,,,,,,,,,,,,,,0,5.0,,,,,,,,,,,,,,,,,,,,"RECONSTRUCT_BLOCKED: OVERPAY_LIMIT (Op:0.0556 > L:0.0093, Cost:$0.28)",,,,,,,,15.0,17.340424,,,,,0,0,,,Inv: 15.0/17.3 CapLeft: 17.7,,,15.0,17.340424,32.340424,17.659576,50.0,0.0,50.0,0.97,0.030000000000000027,-2.3404239999999987,0.5155828208122246,0.54,0.055582820812224654,5.0,0.27791410406112327,0.009306354182958602,OVERPAY_LIMIT
1765989495.5532596,eth-updown-15m-1765989000,1765989000.0,1765989900.0,,404.44674038887024,,,,,0,0,0.9,0.98,ORDERS_OPEN,,,,,,,,,,,,,,0,5,,,,,,,,,,,,,,,,,,,,,,,,,,,,0.0,0.0,,,,,0,0,,,Inv: 0.0/0.0 CapLeft: 50.0,,,0.0,0.0,0.0,50.0,50.0,0.0,50.0,0.9,0.09999999999999998,0.0,0.0,0.0,0.0,0.0,0.0,0.0,
1765989496.7832654,eth-updown-15m-1765989000,1765989000.0,1765989900.0,,403.21673464775085,,,,,0,0,0.98,0.98,ONE_LEG_INVENTORY,,,,,,,,,,,,,,0,5.0,,,,,,,,,,,,,,,,,,,,"RECONSTRUCT_BLOCKED: OVERPAY_LIMIT (Op:0.0856 > L:0.0094, Cost:$0.43)",,,,,,,,15.0,17.340424,,,,,0,0,,,Inv: 15.0/17.3 CapLeft: 17.7,,,15.0,17.340424,32.340424,17.659576,50.0,0.0,50.0,0.97,0.030000000000000027,-2.3404239999999987,0.5155828208122246,0.57,0.08558282081222446,5.0,0.4279141040611223,0.009379372450709342,OVERPAY_LIMIT
1765989496.7832654,eth-updown-15m-1765989000,1765989000.0,1765989900.0,,403.21673464775085,,,,,0,0,0.98,0.98,ONE_LEG_INVENTORY,,,,,,,,,,,,,,0,5.0,,,,,,,,,,,,,,,,,,,,"RECONSTRUCT_BLOCKED: OVERPAY_LIMIT (Op:0.0856 > L:0.0094, Cost:$0.43)",,,,,,,,15.0,17.340424,,,,,0,0,,,Inv: 15.0/17.3 CapLeft: 17.7,,,15.0,17.340424,32.340424,17.659576,50.0,0.0,50.0,0.97,0.030000000000000027,-2.3404239999999987,0.5155828208122246,0.57,0.08558282081222446,5.0,0.4279141040611223,0.009379372450709342,OVERPAY_LIMIT
1765989498.556447,eth-updown-15m-1765989000,1765989000.0,1765989900.0,,401.44355297088623,,,,,0.45,0.45,0.9,0.98,ORDERS_OPEN,,,,,,,,,,,,,,5,5,,,,,,,,,,,,,,,,,,,,Leg:BOTH UP:5 DOWN:5,,,,,,,,0.0,0.0,,,,,0,0,,,Inv: 0.0/0.0 CapLeft: 50.0,,,0.0,0.0,0.0,50.0,50.0,0.0,50.0,0.9,0.09999999999999998,0.0,0.0,0.0,0.0,0.0,0.0,0.0,
1765989498.7349184,eth-updown-15m-1765989000,1765989000.0,1765989900.0,,401.2650816440582,,,,,0,0,0.96,0.98,ONE_LEG_INVENTORY,,,,,,,,,,,,,,0,5.0,,,,,,,,,,,,,,,,,,,,"RECONSTRUCT_BLOCKED: OVERPAY_LIMIT (Op:0.0556 > L:0.0095, Cost:$0.28)",,,,,,,,15.0,17.340424,,,,,0,0,,,Inv: 15.0/17.3 CapLeft: 17.7,,,15.0,17.340424,32.340424,17.659576,50.0,0.0,50.0,0.97,0.030000000000000027,-2.3404239999999987,0.5155828208122246,0.54,0.055582820812224654,5.0,0.27791410406112327,0.009452559438347816,OVERPAY_LIMIT
1765989498.7349184,eth-updown-15m-1765989000,1765989000.0,1765989900.0,,401.2650816440582,,,,,0,0,0.96,0.98,ONE_LEG_INVENTORY,,,,,,,,,,,,,,0,5.0,,,,,,,,,,,,,,,,,,,,"RECONSTRUCT_BLOCKED: OVERPAY_LIMIT (Op:0.0556 > L:0.0095, Cost:$0.28)",,,,,,,,15.0,17.340424,,,,,0,0,,,Inv: 15.0/17.3 CapLeft: 17.7,,,15.0,17.340424,32.340424,17.659576,50.0,0.0,50.0,0.97,0.030000000000000027,-2.3404239999999987,0.5155828208122246,0.54,0.055582820812224654,5.0,0.27791410406112327,0.009452559438347816,OVERPAY_LIMIT
1765989500.05784,eth-updown-15m-1765989000,1765989000.0,1765989900.0,,399.94215989112854,,,,,0,0,0.9,0.98,ORDERS_OPEN,,,,,,,,,,,,,,0,5,,,,,,,,,,,,,,,,,,,,,,,,,,,,0.0,0.0,,,,,0,0,,,Inv: 0.0/0.0 CapLeft: 50.0,,,0.0,0.0,0.0,50.0,50.0,0.0,50.0,0.9,0.09999999999999998,0.0,0.0,0.0,0.0,0.0,0.0,0.0,
1765989500.6692789,eth-updown-15m-1765989000,1765989000.0,1765989900.0,,399.33072113990784,,,,,0,0,0.99,0.98,ONE_LEG_INVENTORY,,,,,,,,,,,,,,0,5.0,,,,,,,,,,,,,,,,,,,,"RECONSTRUCT_BLOCKED: OVERPAY_LIMIT (Op:0.0556 > L:0.0095, Cost:$0.28)",,,,,,,,15.0,17.340424,,,,,0,0,,,Inv: 15.0/17.3 CapLeft: 17.7,,,15.0,17.340424,32.340424,17.659576,50.0,0.0,50.0,0.97,0.030000000000000027,-2.3404239999999987,0.5155828208122246,0.54,0.055582820812224654,5.0,0.27791410406112327,0.009525097957253457,OVERPAY_LIMIT
1765989500.6692789,eth-updown-15m-1765989000,1765989000.0,1765989900.0,,399.33072113990784,,,,,0,0,0.99,0.98,ONE_LEG_INVENTORY,,,,,,,,,,,,,,0,5.0,,,,,,,,,,,,,,,,,,,,"RECONSTRUCT_BLOCKED: OVERPAY_LIMIT (Op:0.0556 > L:0.0095, Cost:$0.28)",,,,,,,,15.0,17.340424,,,,,0,0,,,Inv: 15.0/17.3 CapLeft: 17.7,,,15.0,17.340424,32.340424,17.659576,50.0,0.0,50.0,0.97,0.030000000000000027,-2.3404239999999987,0.5155828208122246,0.54,0.055582820812224654,5.0,0.27791410406112327,0.009525097957253457,OVERPAY_LIMIT
1765989501.5591307,eth-updown-15m-1765989000,1765989000.0,1765989900.0,,398.44086933135986,,,,,0,0,0.9,0.98,ORDERS_OPEN,,,,,,,,,,,,,,0,5,,,,,,,,,,,,,,,,,,,,,,,,,,,,0.0,0.0,,,,,0,0,,,Inv: 0.0/0.0 CapLeft: 50.0,,,0.0,0.0,0.0,50.0,50.0,0.0,50.0,0.9,0.09999999999999998,0.0,0.0,0.0,0.0,0.0,0.0,0.0,
1765989503.0609565,eth-updown-15m-1765989000,1765989000.0,1765989900.0,,396.9390435218811,,,,,0,0,0.9,0.98,ORDERS_OPEN,,,,,,,,,,,,,,0,5,,,,,,,,,,,,,,,,,,,,,,,,,,,,0.0,0.0,,,,,0,0,,,Inv: 0.0/0.0 CapLeft: 50.0,,,0.0,0.0,0.0,50.0,50.0,0.0,50.0,0.9,0.09999999999999998,0.0,0.0,0.0,0.0,0.0,0.0,0.0,
1765989502.6270895,eth-updown-15m-1765989000,1765989000.0,1765989900.0,,397.37291049957275,,,,,0.47,0.53,1.0,0.98,ORDERS_OPEN,,,,,,,,,,,,,,5.0,5.0,,,,,,,,,,,,,,,,,,,,RECONSTRUCT_CHUNK: 5.0/0.0 (Op:-0.0144 B:$50.00),,,,,,,,15.0,17.340424,,,,,0,0,,,Inv: 15.0/17.3 CapLeft: 17.7,,,15.0,17.340424,32.340424,17.659576,50.0,0.0,50.0,0.97,0.030000000000000027,-2.3404239999999987,0.5155828208122246,0.47,-0.014417179187775409,5.0,0.0,0.009598515856266022,OK
1765989504.5623975,eth-updown-15m-1765989000,1765989000.0,1765989900.0,,395.437602519989,,,,,0,0,0.9,0.98,ORDERS_OPEN,,,,,,,,,,,,,,0,5,,,,,,,,,,,,,,,,,,,,,,,,,,,,0.0,0.0,,,,,0,0,,,Inv: 0.0/0.0 CapLeft: 50.0,,,0.0,0.0,0.0,50.0,50.0,0.0,50.0,0.9,0.09999999999999998,0.0,0.0,0.0,0.0,0.0,0.0,0.0,
1765989505.0919342,eth-updown-15m-1765989000,1765989000.0,1765989900.0,,394.90806579589844,,,,,0,0,1.01,0.98,ORDERS_OPEN,,,,,,,,,,,,,,0,5.0,,,,,,,,,,,,,,,,,,,,,,,,,,,,15.0,17.340424,,,,,0,0,,,Inv: 15.0/17.3 CapLeft: 17.7,,,15.0,17.340424,32.340424,17.659576,50.0,0.0,50.0,0.97,0.030000000000000027,-2.3404239999999987,0.5155828208122246,0.47,-0.014417179187775409,5.0,0.0,0.009598515856266022,OK
1765989506.0640428,eth-updown-15m-1765989000,1765989000.0,1765989900.0,,393.93595719337463,,,,,0,0,0.9,0.98,ORDERS_OPEN,,,,,,,,,,,,,,0,5,,,,,,,,,,,,,,,,,,,,,,,,,,,,0.0,0.0,,,,,0,0,,,Inv: 0.0/0.0 CapLeft: 50.0,,,0.0,0.0,0.0,50.0,50.0,0.0,50.0,0.9,0.09999999999999998,0.0,0.0,0.0,0.0,0.0,0.0,0.0,
1765989507.565541,eth-updown-15m-1765989000,1765989000.0,1765989900.0,,392.43445897102356,,,,,0,0,0.9,0.98,ORDERS_OPEN,,,,,,,,,,,,,,0,5,,,,,,,,,,,,,,,,,,,,,,,,,,,,0.0,0.0,,,,,0,0,,,Inv: 0.0/0.0 CapLeft: 50.0,,,0.0,0.0,0.0,50.0,50.0,0.0,50.0,0.9,0.09999999999999998,0.0,0.0,0.0,0.0,0.0,0.0,0.0,
1765989507.2496262,eth-updown-15m-1765989000,1765989000.0,1765989900.0,,392.75037384033203,,,,,0,0,0.99,0.98,ONE_LEG_INVENTORY,,,,,,,,,,,,,,0,5.0,,,,,,,,,,,,,,,,,,,,,,,,,,,,20.0,17.340424,,,,,0,0,,,Inv: 20.0/17.3 CapLeft: 12.7,,,20.0,17.340424,37.340424,12.659576000000001,50.0,0.0,50.0,0.97,0.030000000000000027,-2.3404239999999987,0.5155828208122246,0.47,-0.014417179187775409,5.0,0.0,0.009598515856266022,OK
1765989509.066959,eth-updown-15m-1765989000,1765989000.0,1765989900.0,,390.93304109573364,,,,,0,0,0.9,0.98,ORDERS_OPEN,,,,,,,,,,,,,,0,5,,,,,,,,,,,,,,,,,,,,,,,,,,,,0.0,0.0,,,,,0,0,,,Inv: 0.0/0.0 CapLeft: 50.0,,,0.0,0.0,0.0,50.0,50.0,0.0,50.0,0.9,0.09999999999999998,0.0,0.0,0.0,0.0,0.0,0.0,0.0,
1765989509.4469361,eth-updown-15m-1765989000,1765989000.0,1765989900.0,,390.5530638694763,,,,,0,0,0.99,0.98,ONE_LEG_INVENTORY,,,,,,,,,,,,,,0,5.0,,,,,,,,,,,,,,,,,,,,"RECONSTRUCT_BLOCKED: OVERPAY_LIMIT (Op:0.0425 > L:0.0099, Cost:$0.21)",,,,,,,,20.0,17.340424,,,,,0,0,,,Inv: 20.0/17.3 CapLeft: 12.7,,,20.0,17.340424,37.340424,12.659576000000001,50.0,0.0,50.0,0.97,0.030000000000000027,2.6595760000000013,0.4725,0.57,0.04249999999999998,5.0,0.2124999999999999,0.009854260104894638,OVERPAY_LIMIT
1765989509.4469361,eth-updown-15m-1765989000,1765989000.0,1765989900.0,,390.5530638694763,,,,,0,0,0.99,0.98,ONE_LEG_INVENTORY,,,,,,,,,,,,,,0,5.0,,,,,,,,,,,,,,,,,,,,"RECONSTRUCT_BLOCKED: OVERPAY_LIMIT (Op:0.0425 > L:0.0099, Cost:$0.21)",,,,,,,,20.0,17.340424,,,,,0,0,,,Inv: 20.0/17.3 CapLeft: 12.7,,,20.0,17.340424,37.340424,12.659576000000001,50.0,0.0,50.0,0.97,0.030000000000000027,2.6595760000000013,0.4725,0.57,0.04249999999999998,5.0,0.2124999999999999,0.009854260104894638,OVERPAY_LIMIT
1765989510.5685625,eth-updown-15m-1765989000,1765989000.0,1765989900.0,,389.4314374923706,,,,,0,0,0.9,0.98,ORDERS_OPEN,,,,,,,,,,,,,,0,5,,,,,,,,,,,,,,,,,,,,,,,,,,,,0.0,0.0,,,,,0,0,,,Inv: 0.0/0.0 CapLeft: 50.0,,,0.0,0.0,0.0,50.0,50.0,0.0,50.0,0.9,0.09999999999999998,0.0,0.0,0.0,0.0,0.0,0.0,0.0,
1765989511.3697438,eth-updown-15m-1765989000,1765989000.0,1765989900.0,,388.6302561759949,,,,,0,0,0.97,0.98,ONE_LEG_INVENTORY,,,,,,,,,,,,,,0,5.0,,,,,,,,,,,,,,,,,,,,"RECONSTRUCT_BLOCKED: OVERPAY_LIMIT (Op:0.0125 > L:0.0099, Cost:$0.06)",,,,,,,,20.0,17.340424,,,,,0,0,,,Inv: 20.0/17.3 CapLeft: 12.7,,,20.0,17.340424,37.340424,12.659576000000001,50.0,0.0,50.0,0.97,0.030000000000000027,2.6595760000000013,0.4725,0.54,0.012499999999999956,5.0,0.06249999999999978,0.009926365393400192,OVERPAY_LIMIT
1765989511.3697438,eth-updown-15m-1765989000,1765989000.0,1765989900.0,,388.6302561759949,,,,,0,0,0.97,0.98,ONE_LEG_INVENTORY,,,,,,,,,,,,,,0,5.0,,,,,,,,,,,,,,,,,,,,"RECONSTRUCT_BLOCKED: OVERPAY_LIMIT (Op:0.0125 > L:0.0099, Cost:$0.06)",,,,,,,,20.0,17.340424,,,,,0,0,,,Inv: 20.0/17.3 CapLeft: 12.7,,,20.0,17.340424,37.340424,12.659576000000001,50.0,0.0,50.0,0.97,0.030000000000000027,2.6595760000000013,0.4725,0.54,0.012499999999999956,5.0,0.06249999999999978,0.009926365393400192,OVERPAY_LIMIT
1765989512.0699418,eth-updown-15m-1765989000,1765989000.0,1765989900.0,,387.9300582408905,,,,,0,0,0.9,0.98,ORDERS_OPEN,,,,,,,,,,,,,,0,5,,,,,,,,,,,,,,,,,,,,,,,,,,,,0.0,0.0,,,,,0,0,,,Inv: 0.0/0.0 CapLeft: 50.0,,,0.0,0.0,0.0,50.0,50.0,0.0,50.0,0.9,0.09999999999999998,0.0,0.0,0.0,0.0,0.0,0.0,0.0,
1765989513.3553884,eth-updown-15m-1765989000,1765989000.0,1765989900.0,,386.64461159706116,,,,,0,0,0.99,0.98,ONE_LEG_INVENTORY,,,,,,,,,,,,,,0,5.0,,,,,,,,,,,,,,,,,,,,"RECONSTRUCT_BLOCKED: OVERPAY_LIMIT (Op:0.0225 > L:0.0100, Cost:$0.11)",,,,,,,,20.0,17.340424,,,,,0,0,,,Inv: 20.0/17.3 CapLeft: 12.7,,,20.0,17.340424,37.340424,12.659576000000001,50.0,0.0,50.0,0.97,0.030000000000000027,2.6595760000000013,0.4725,0.55,0.022499999999999964,5.0,0.11249999999999982,0.010000827065110206,OVERPAY_LIMIT
1765989513.3553884,eth-updown-15m-1765989000,1765989000.0,1765989900.0,,386.64461159706116,,,,,0,0,0.99,0.98,ONE_LEG_INVENTORY,,,,,,,,,,,,,,0,5.0,,,,,,,,,,,,,,,,,,,,"RECONSTRUCT_BLOCKED: OVERPAY_LIMIT (Op:0.0225 > L:0.0100, Cost:$0.11)",,,,,,,,20.0,17.340424,,,,,0,0,,,Inv: 20.0/17.3 CapLeft: 12.7,,,20.0,17.340424,37.340424,12.659576000000001,50.0,0.0,50.0,0.97,0.030000000000000027,2.6595760000000013,0.4725,0.55,0.022499999999999964,5.0,0.11249999999999982,0.010000827065110206,OVERPAY_LIMIT
1765989515.072455,eth-updown-15m-1765989000,1765989000.0,1765989900.0,,384.9275450706482,,,,,0.45,0.45,0.9,0.98,ORDERS_OPEN,,,,,,,,,,,,,,5,5,,,,,,,,,,,,,,,,,,,,Leg:BOTH UP:5 DOWN:5,,,,,,,,0.0,0.0,,,,,0,0,,,Inv: 0.0/0.0 CapLeft: 50.0,,,0.0,0.0,0.0,50.0,50.0,0.0,50.0,0.9,0.09999999999999998,0.0,0.0,0.0,0.0,0.0,0.0,0.0,
1765989515.2901561,eth-updown-15m-1765989000,1765989000.0,1765989900.0,,384.70984387397766,,,,,0,0,0.99,0.98,ONE_LEG_INVENTORY,,,,,,,,,,,,,,0,5.0,,,,,,,,,,,,,,,,,,,,"RECONSTRUCT_BLOCKED: OVERPAY_LIMIT (Op:0.0225 > L:0.0101, Cost:$0.11)",,,,,,,,20.0,17.340424,,,,,0,0,,,Inv: 20.0/17.3 CapLeft: 12.7,,,20.0,17.340424,37.340424,12.659576000000001,50.0,0.0,50.0,0.97,0.030000000000000027,2.6595760000000013,0.4725,0.55,0.022499999999999964,5.0,0.11249999999999982,0.010073380854725837,OVERPAY_LIMIT
1765989515.2901561,eth-updown-15m-1765989000,1765989000.0,1765989900.0,,384.70984387397766,,,,,0,0,0.99,0.98,ONE_LEG_INVENTORY,,,,,,,,,,,,,,0,5.0,,,,,,,,,,,,,,,,,,,,"RECONSTRUCT_BLOCKED: OVERPAY_LIMIT (Op:0.0225 > L:0.0101, Cost:$0.11)",,,,,,,,20.0,17.340424,,,,,0,0,,,Inv: 20.0/17.3 CapLeft: 12.7,,,20.0,17.340424,37.340424,12.659576000000001,50.0,0.0,50.0,0.97,0.030000000000000027,2.6595760000000013,0.4725,0.55,0.022499999999999964,5.0,0.11249999999999982,0.010073380854725837,OVERPAY_LIMIT
1765989516.574045,eth-updown-15m-1765989000,1765989000.0,1765989900.0,,383.42595505714417,,,,,0,0,0.9,0.98,ORDERS_OPEN,,,,,,,,,,,,,,0,5,,,,,,,,,,,,,,,,,,,,,,,,,,,,0.0,0.0,,,,,0,0,,,Inv: 0.0/0.0 CapLeft: 50.0,,,0.0,0.0,0.0,50.0,50.0,0.0,50.0,0.9,0.09999999999999998,0.0,0.0,0.0,0.0,0.0,0.0,0.0,
1765989518.0758305,eth-updown-15m-1765989000,1765989000.0,1765989900.0,,381.9241695404053,,,,,0,0,0.9,0.98,ORDERS_OPEN,,,,,,,,,,,,,,0,5,,,,,,,,,,,,,,,,,,,,,,,,,,,,0.0,0.0,,,,,0,0,,,Inv: 0.0/0.0 CapLeft: 50.0,,,0.0,0.0,0.0,50.0,50.0,0.0,50.0,0.9,0.09999999999999998,0.0,0.0,0.0,0.0,0.0,0.0,0.0,
1765989517.3791094,eth-updown-15m-1765989000,1765989000.0,1765989900.0,,382.6208906173706,,,,,0.46,0.53,0.99,0.98,ORDERS_OPEN,,,,,,,,,,,,,,5.0,5.0,,,,,,,,,,,,,,,,,,,,RECONSTRUCT_CHUNK: 0.0/5.0 (Op:0.0025 B:$50.00),,,,,,,,20.0,17.340424,,,,,0,0,,,Inv: 20.0/17.3 CapLeft: 12.7,,,20.0,17.340424,37.340424,12.659576000000001,50.0,0.0,50.0,0.97,0.030000000000000027,2.6595760000000013,0.4725,0.53,0.0024999999999999467,5.0,0.012499999999999734,0.010151716601848602,OK
1765989519.5777078,eth-updown-15m-1765989000,1765989000.0,1765989900.0,,380.4222922325134,,,,,0,0,0.9,0.98,ORDERS_OPEN,,,,,,,,,,,,,,0,5,,,,,,,,,,,,,,,,,,,,,,,,,,,,0.0,0.0,,,,,0,0,,,Inv: 0.0/0.0 CapLeft: 50.0,,,0.0,0.0,0.0,50.0,50.0,0.0,50.0,0.9,0.09999999999999998,0.0,0.0,0.0,0.0,0.0,0.0,0.0,
1765989519.7987597,eth-updown-15m-1765989000,1765989000.0,1765989900.0,,380.2012403011322,,,,,0,0,0.99,0.98,ORDERS_OPEN,,,,,,,,,,,,,,0,5.0,,,,,,,,,,,,,,,,,,,,,,,,,,,,20.0,17.340424,,,,,0,0,,,Inv: 20.0/17.3 CapLeft: 12.7,,,20.0,17.340424,37.340424,12.659576000000001,50.0,0.0,50.0,0.97,0.030000000000000027,2.6595760000000013,0.4725,0.53,0.0024999999999999467,5.0,0.012499999999999734,0.010151716601848602,OK
1765989521.0792758,eth-updown-15m-1765989000,1765989000.0,1765989900.0,,378.9207241535187,,,,,0,0,0.9,0.98,ORDERS_OPEN,,,,,,,,,,,,,,0,5,,,,,,,,,,,,,,,,,,,,,,,,,,,,0.0,0.0,,,,,0,0,,,Inv: 0.0/0.0 CapLeft: 50.0,,,0.0,0.0,0.0,50.0,50.0,0.0,50.0,0.9,0.09999999999999998,0.0,0.0,0.0,0.0,0.0,0.0,0.0,
1765989522.580549,eth-updown-15m-1765989000,1765989000.0,1765989900.0,,377.4194509983063,,,,,0,0,0.9,0.98,ORDERS_OPEN,,,,,,,,,,,,,,0,5,,,,,,,,,,,,,,,,,,,,,,,,,,,,0.0,0.0,,,,,0,0,,,Inv: 0.0/0.0 CapLeft: 50.0,,,0.0,0.0,0.0,50.0,50.0,0.0,50.0,0.9,0.09999999999999998,0.0,0.0,0.0,0.0,0.0,0.0,0.0,
1765989521.970968,eth-updown-15m-1765989000,1765989000.0,1765989900.0,,378.0290319919586,,,,,0,0,0.98,0.98,ORDERS_OPEN,,,,,,,,,,,,,,0,5.0,,,,,,,,,,,,,,,,,,,,,,,,,,,,20.0,17.340424,,,,,0,0,,,Inv: 20.0/17.3 CapLeft: 12.7,,,20.0,17.340424,37.340424,12.659576000000001,50.0,0.0,50.0,0.97,0.030000000000000027,2.6595760000000013,0.4725,0.53,0.0024999999999999467,5.0,0.012499999999999734,0.010151716601848602,OK
1765989524.0819764,eth-updown-15m-1765989000,1765989000.0,1765989900.0,,375.9180235862732,,,,,0,0,0.9,0.98,ORDERS_OPEN,,,,,,,,,,,,,,0,5,,,,,,,,,,,,,,,,,,,,,,,,,,,,0.0,0.0,,,,,0,0,,,Inv: 0.0/0.0 CapLeft: 50.0,,,0.0,0.0,0.0,50.0,50.0,0.0,50.0,0.9,0.09999999999999998,0.0,0.0,0.0,0.0,0.0,0.0,0.0,
1765989524.1311164,eth-updown-15m-1765989000,1765989000.0,1765989900.0,,375.86888360977173,,,,,0,0,0.98,0.98,ORDERS_OPEN,,,,,,,,,,,,,,0,5.0,,,,,,,,,,,,,,,,,,,,,,,,,,,,20.0,17.340424,,,,,0,0,,,Inv: 20.0/17.3 CapLeft: 12.7,,,20.0,17.340424,37.340424,12.659576000000001,50.0,0.0,50.0,0.97,0.030000000000000027,2.6595760000000013,0.4725,0.53,0.0024999999999999467,5.0,0.012499999999999734,0.010151716601848602,OK
1765989525.5847192,eth-updown-15m-1765989000,1765989000.0,1765989900.0,,374.4152808189392,,,,,0,0,0.9,0.98,ORDERS_OPEN,,,,,,,,,,,,,,0,5,,,,,,,,,,,,,,,,,,,,,,,,,,,,0.0,0.0,,,,,0,0,,,Inv: 0.0/0.0 CapLeft: 50.0,,,0.0,0.0,0.0,50.0,50.0,0.0,50.0,0.9,0.09999999999999998,0.0,0.0,0.0,0.0,0.0,0.0,0.0,
1765989527.0868592,eth-updown-15m-1765989000,1765989000.0,1765989900.0,,372.9131407737732,,,,,0,0,0.9,0.98,ORDERS_OPEN,,,,,,,,,,,,,,0,5,,,,,,,,,,,,,,,,,,,,,,,,,,,,0.0,0.0,,,,,0,0,,,Inv: 0.0/0.0 CapLeft: 50.0,,,0.0,0.0,0.0,50.0,50.0,0.0,50.0,0.9,0.09999999999999998,0.0,0.0,0.0,0.0,0.0,0.0,0.0,
1765989526.417108,eth-updown-15m-1765989000,1765989000.0,1765989900.0,,373.58289194107056,,,,,0,0,0.97,0.98,ONE_LEG_INVENTORY,,,,,,,,,,,,,,0,5.0,,,,,,,,,,,,,,,,,,,,,,,,,,,,20.0,22.340424,,,,,0,0,,,Inv: 20.0/22.3 CapLeft: 7.7,,,20.0,22.340424,42.340424,7.659576000000001,50.0,0.012499999999999734,49.9875,0.97,0.030000000000000027,2.6595760000000013,0.4725,0.53,0.0024999999999999467,5.0,0.012499999999999734,0.010151716601848602,OK
1765989528.5886838,eth-updown-15m-1765989000,1765989000.0,1765989900.0,,371.41131615638733,,,,,0,0,0.9,0.98,ORDERS_OPEN,,,,,,,,,,,,,,0,5,,,,,,,,,,,,,,,,,,,,,,,,,,,,0.0,0.0,,,,,0,0,,,Inv: 0.0/0.0 CapLeft: 50.0,,,0.0,0.0,0.0,50.0,50.0,0.0,50.0,0.9,0.09999999999999998,0.0,0.0,0.0,0.0,0.0,0.0,0.0,
1765989528.6065943,eth-updown-15m-1765989000,1765989000.0,1765989900.0,,371.39340567588806,,,,,0.46,0.52,0.98,0.98,ORDERS_OPEN,,,,,,,,,,,,,,5.0,5.0,,,,,,,,,,,,,,,,,,,,RECONSTRUCT_CHUNK: 5.0/0.0 (Op:-0.0212 B:$49.99),,,,,,,,20.0,22.340424,,,,,0,0,,,Inv: 20.0/22.3 CapLeft: 7.7,,,20.0,22.340424,42.340424,7.659576000000001,50.0,0.012499999999999734,49.9875,0.97,0.030000000000000027,-2.3404239999999987,0.5188095230421769,0.46,-0.021190476957823057,5.0,0.0,0.010572747287154197,OK
1765989531.5911403,eth-updown-15m-1765989000,1765989000.0,1765989900.0,,368.40885972976685,,,,,0.45,0.45,0.9,0.98,ORDERS_OPEN,,,,,,,,,,,,,,5,5,,,,,,,,,,,,,,,,,,,,Leg:BOTH UP:5 DOWN:5,,,,,,,,0.0,0.0,,,,,0,0,,,Inv: 0.0/0.0 CapLeft: 50.0,,,0.0,0.0,0.0,50.0,50.0,0.0,50.0,0.9,0.09999999999999998,0.0,0.0,0.0,0.0,0.0,0.0,0.0,
1765989531.0133996,eth-updown-15m-1765989000,1765989000.0,1765989900.0,,368.98660039901733,,,,,0,0,0.99,0.98,ORDERS_OPEN,,,,,,,,,,,,,,0,5.0,,,,,,,,,,,,,,,,,,,,,,,,,,,,20.0,22.340424,,,,,0,0,,,Inv: 20.0/22.3 CapLeft: 7.7,,,20.0,22.340424,42.340424,7.659576000000001,50.0,0.012499999999999734,49.9875,0.97,0.030000000000000027,-2.3404239999999987,0.5188095230421769,0.46,-0.021190476957823057,5.0,0.0,0.010572747287154197,OK
1765989533.0928023,eth-updown-15m-1765989000,1765989000.0,1765989900.0,,366.90719771385193,,,,,0,0,0.9,0.98,ORDERS_OPEN,,,,,,,,,,,,,,0,5,,,,,,,,,,,,,,,,,,,,,,,,,,,,0.0,0.0,,,,,0,0,,,Inv: 0.0/0.0 CapLeft: 50.0,,,0.0,0.0,0.0,50.0,50.0,0.0,50.0,0.9,0.09999999999999998,0.0,0.0,0.0,0.0,0.0,0.0,0.0,
1765989533.1608407,eth-updown-15m-1765989000,1765989000.0,1765989900.0,,366.8391592502594,,,,,0,0,0.99,0.98,ORDERS_OPEN,,,,,,,,,,,,,,0,5.0,,,,,,,,,,,,,,,,,,,,,,,,,,,,20.0,22.340424,,,,,0,0,,,Inv: 20.0/22.3 CapLeft: 7.7,,,20.0,22.340424,42.340424,7.659576000000001,50.0,0.012499999999999734,49.9875,0.97,0.030000000000000027,-2.3404239999999987,0.5188095230421769,0.46,-0.021190476957823057,5.0,0.0,0.010572747287154197,OK
1765989534.5945134,eth-updown-15m-1765989000,1765989000.0,1765989900.0,,365.4054865837097,,,,,0,0,0.9,0.98,ORDERS_OPEN,,,,,,,,,,,,,,0,5,,,,,,,,,,,,,,,,,,,,,,,,,,,,0.0,0.0,,,,,0,0,,,Inv: 0.0/0.0 CapLeft: 50.0,,,0.0,0.0,0.0,50.0,50.0,0.0,50.0,0.9,0.09999999999999998,0.0,0.0,0.0,0.0,0.0,0.0,0.0,
1765989535.36853,eth-updown-15m-1765989000,1765989000.0,1765989900.0,,364.6314699649811,,,,,0,0,0.97,0.98,ONE_LEG_INVENTORY,,,,,,,,,,,,,,0,5.0,,,,,,,,,,,,,,,,,,,,,,,,,,,,25.0,22.340424,,,,,0,0,,,Inv: 25.0/22.3 CapLeft: 2.7,,,25.0,22.340424,47.340424,2.6595760000000013,50.0,0.012499999999999734,49.9875,0.97,0.030000000000000027,-2.3404239999999987,0.5188095230421769,0.46,-0.021190476957823057,5.0,0.0,0.010572747287154197,OK
1765989536.0955153,eth-updown-15m-1765989000,1765989000.0,1765989900.0,,363.90448474884033,,,,,0,0,0.9,0.98,ORDERS_OPEN,,,,,,,,,,,,,,0,5,,,,,,,,,,,,,,,,,,,,,,,,,,,,0.0,0.0,,,,,0,0,,,Inv: 0.0/0.0 CapLeft: 50.0,,,0.0,0.0,0.0,50.0,50.0,0.0,50.0,0.9,0.09999999999999998,0.0,0.0,0.0,0.0,0.0,0.0,0.0,
1765989537.5968282,eth-updown-15m-1765989000,1765989000.0,1765989900.0,,362.4031717777252,,,,,0,0,0.9,0.98,ORDERS_OPEN,,,,,,,,,,,,,,0,5,,,,,,,,,,,,,,,,,,,,,,,,,,,,0.0,0.0,,,,,0,0,,,Inv: 0.0/0.0 CapLeft: 50.0,,,0.0,0.0,0.0,50.0,50.0,0.0,50.0,0.9,0.09999999999999998,0.0,0.0,0.0,0.0,0.0,0.0,0.0,
1765989537.5416276,eth-updown-15m-1765989000,1765989000.0,1765989900.0,,362.45837235450745,,,,,0,0,0.98,0.98,ONE_LEG_INVENTORY,,,,,,,,,,,,,,0,5.0,,,,,,,,,,,,,,,,,,,,"RECONSTRUCT_BLOCKED: OVERPAY_LIMIT (Op:0.0300 > L:0.0109, Cost:$0.15)",,,,,,,,25.0,22.340424,,,,,0,0,,,Inv: 25.0/22.3 CapLeft: 2.7,,,25.0,22.340424,47.340424,2.6595760000000013,50.0,0.012499999999999734,49.9875,0.97,0.030000000000000027,2.6595760000000013,0.47,0.56,0.030000000000000027,5.0,0.15000000000000013,0.01090781103670597,OVERPAY_LIMIT
1765989537.5416276,eth-updown-15m-1765989000,1765989000.0,1765989900.0,,362.45837235450745,,,,,0,0,0.98,0.98,ONE_LEG_INVENTORY,,,,,,,,,,,,,,0,5.0,,,,,,,,,,,,,,,,,,,,"RECONSTRUCT_BLOCKED: OVERPAY_LIMIT (Op:0.0300 > L:0.0109, Cost:$0.15)",,,,,,,,25.0,22.340424,,,,,0,0,,,Inv: 25.0/22.3 CapLeft: 2.7,,,25.0,22.340424,47.340424,2.6595760000000013,50.0,0.012499999999999734,49.9875,0.97,0.030000000000000027,2.6595760000000013,0.47,0.56,0.030000000000000027,5.0,0.15000000000000013,0.01090781103670597,OVERPAY_LIMIT
1765989539.0980787,eth-updown-15m-1765989000,1765989000.0,1765989900.0,,360.90192127227783,,,,,0,0,0.9,0.98,ORDERS_OPEN,,,,,,,,,,,,,,0,5,,,,,,,,,,,,,,,,,,,,,,,,,,,,0.0,0.0,,,,,0,0,,,Inv: 0.0/0.0 CapLeft: 50.0,,,0.0,0.0,0.0,50.0,50.0,0.0,50.0,0.9,0.09999999999999998,0.0,0.0,0.0,0.0,0.0,0.0,0.0,
1765989539.4703853,eth-updown-15m-1765989000,1765989000.0,1765989900.0,,360.52961468696594,,,,,0,0,0.98,0.98,ONE_LEG_INVENTORY,,,,,,,,,,,,,,0,5.0,,,,,,,,,,,,,,,,,,,,"RECONSTRUCT_BLOCKED: OVERPAY_LIMIT (Op:0.0200 > L:0.0110, Cost:$0.10)",,,,,,,,25.0,22.340424,,,,,0,0,,,Inv: 25.0/22.3 CapLeft: 2.7,,,25.0,22.340424,47.340424,2.6595760000000013,50.0,0.012499999999999734,49.9875,0.97,0.030000000000000027,2.6595760000000013,0.47,0.55,0.020000000000000018,5.0,0.10000000000000009,0.010980139449238776,OVERPAY_LIMIT
1765989539.4703853,eth-updown-15m-1765989000,1765989000.0,1765989900.0,,360.52961468696594,,,,,0,0,0.98,0.98,ONE_LEG_INVENTORY,,,,,,,,,,,,,,0,5.0,,,,,,,,,,,,,,,,,,,,"RECONSTRUCT_BLOCKED: OVERPAY_LIMIT (Op:0.0200 > L:0.0110, Cost:$0.10)",,,,,,,,25.0,22.340424,,,,,0,0,,,Inv: 25.0/22.3 CapLeft: 2.7,,,25.0,22.340424,47.340424,2.6595760000000013,50.0,0.012499999999999734,49.9875,0.97,0.030000000000000027,2.6595760000000013,0.47,0.55,0.020000000000000018,5.0,0.10000000000000009,0.010980139449238776,OVERPAY_LIMIT
1765989540.603717,eth-updown-15m-1765989000,1765989000.0,1765989900.0,,359.39628291130066,,,,,0,0,0.9,0.98,ORDERS_OPEN,,,,,,,,,,,,,,0,5,,,,,,,,,,,,,,,,,,,,,,,,,,,,0.0,0.0,,,,,0,0,,,Inv: 0.0/0.0 CapLeft: 50.0,,,0.0,0.0,0.0,50.0,50.0,0.0,50.0,0.9,0.09999999999999998,0.0,0.0,0.0,0.0,0.0,0.0,0.0,
1765989541.4313667,eth-updown-15m-1765989000,1765989000.0,1765989900.0,,358.5686333179474,,,,,0,0,1.0,0.98,ONE_LEG_INVENTORY,,,,,,,,,,,,,,0,5.0,,,,,,,,,,,,,,,,,,,,"RECONSTRUCT_BLOCKED: OVERPAY_LIMIT (Op:0.0700 > L:0.0111, Cost:$0.35)",,,,,,,,25.0,22.340424,,,,,0,0,,,Inv: 25.0/22.3 CapLeft: 2.7,,,25.0,22.340424,47.340424,2.6595760000000013,50.0,0.012499999999999734,49.9875,0.97,0.030000000000000027,2.6595760000000013,0.47,0.6,0.06999999999999984,5.0,0.3499999999999992,0.011053676250576972,OVERPAY_LIMIT
1765989541.4313667,eth-updown-15m-1765989000,1765989000.0,1765989900.0,,358.5686333179474,,,,,0,0,1.0,0.98,ONE_LEG_INVENTORY,,,,,,,,,,,,,,0,5.0,,,,,,,,,,,,,,,,,,,,"RECONSTRUCT_BLOCKED: OVERPAY_LIMIT (Op:0.0700 > L:0.0111, Cost:$0.35)",,,,,,,,25.0,22.340424,,,,,0,0,,,Inv: 25.0/22.3 CapLeft: 2.7,,,25.0,22.340424,47.340424,2.6595760000000013,50.0,0.012499999999999734,49.9875,0.97,0.030000000000000027,2.6595760000000013,0.47,0.6,0.06999999999999984,5.0,0.3499999999999992,0.011053676250576972,OVERPAY_LIMIT
1765989542.105251,eth-updown-15m-1765989000,1765989000.0,1765989900.0,,357.8947489261627,,,,,0,0,0.9,0.98,ORDERS_OPEN,,,,,,,,,,,,,,0,5,,,,,,,,,,,,,,,,,,,,,,,,,,,,0.0,0.0,,,,,0,0,,,Inv: 0.0/0.0 CapLeft: 50.0,,,0.0,0.0,0.0,50.0,50.0,0.0,50.0,0.9,0.09999999999999998,0.0,0.0,0.0,0.0,0.0,0.0,0.0,
1765989543.6061747,eth-updown-15m-1765989000,1765989000.0,1765989900.0,,356.3938252925873,,,,,0,0,0.9,0.98,ORDERS_OPEN,,,,,,,,,,,,,,0,5,,,,,,,,,,,,,,,,,,,,,,,,,,,,0.0,0.0,,,,,0,0,,,Inv: 0.0/0.0 CapLeft: 50.0,,,0.0,0.0,0.0,50.0,50.0,0.0,50.0,0.9,0.09999999999999998,0.0,0.0,0.0,0.0,0.0,0.0,0.0,
1765989543.3662424,eth-updown-15m-1765989000,1765989000.0,1765989900.0,,356.63375759124756,,,,,0,0,1.0,0.98,ONE_LEG_INVENTORY,,,,,,,,,,,,,,0,5.0,,,,,,,,,,,,,,,,,,,,"RECONSTRUCT_BLOCKED: OVERPAY_LIMIT (Op:0.1000 > L:0.0111, Cost:$0.50)",,,,,,,,25.0,22.340424,,,,,0,0,,,Inv: 25.0/22.3 CapLeft: 2.7,,,25.0,22.340424,47.340424,2.6595760000000013,50.0,0.012499999999999734,49.9875,0.97,0.030000000000000027,2.6595760000000013,0.47,0.63,0.10000000000000009,5.0,0.5000000000000004,0.011126234090328216,OVERPAY_LIMIT
1765989543.3662424,eth-updown-15m-1765989000,1765989000.0,1765989900.0,,356.63375759124756,,,,,0,0,1.0,0.98,ONE_LEG_INVENTORY,,,,,,,,,,,,,,0,5.0,,,,,,,,,,,,,,,,,,,,"RECONSTRUCT_BLOCKED: OVERPAY_LIMIT (Op:0.1000 > L:0.0111, Cost:$0.50)",,,,,,,,25.0,22.340424,,,,,0,0,,,Inv: 25.0/22.3 CapLeft: 2.7,,,25.0,22.340424,47.340424,2.6595760000000013,50.0,0.012499999999999734,49.9875,0.97,0.030000000000000027,2.6595760000000013,0.47,0.63,0.10000000000000009,5.0,0.5000000000000004,0.011126234090328216,OVERPAY_LIMIT
1765989545.1079645,eth-updown-15m-1765989000,1765989000.0,1765989900.0,,354.89203548431396,,,,,0,0,0.9,0.98,ORDERS_OPEN,,,,,,,,,,,,,,0,5,,,,,,,,,,,,,,,,,,,,,,,,,,,,0.0,0.0,,,,,0,0,,,Inv: 0.0/0.0 CapLeft: 50.0,,,0.0,0.0,0.0,50.0,50.0,0.0,50.0,0.9,0.09999999999999998,0.0,0.0,0.0,0.0,0.0,0.0,0.0,
1765989545.3857212,eth-updown-15m-1765989000,1765989000.0,1765989900.0,,354.61427879333496,,,,,0,0,0.95,0.98,ONE_LEG_INVENTORY,,,,,,,,,,,,,,0,5.0,,,,,,,,,,,,,,,,,,,,"RECONSTRUCT_BLOCKED: OVERPAY_LIMIT (Op:0.0800 > L:0.0112, Cost:$0.40)",,,,,,,,25.0,22.340424,,,,,0,0,,,Inv: 25.0/22.3 CapLeft: 2.7,,,25.0,22.340424,47.340424,2.6595760000000013,50.0,0.012499999999999734,49.9875,0.97,0.030000000000000027,2.6595760000000013,0.47,0.61,0.08000000000000007,5.0,0.40000000000000036,0.011201964545249939,OVERPAY_LIMIT
1765989545.3857212,eth-updown-15m-1765989000,1765989000.0,1765989900.0,,354.61427879333496,,,,,0,0,0.95,0.98,ONE_LEG_INVENTORY,,,,,,,,,,,,,,0,5.0,,,,,,,,,,,,,,,,,,,,"RECONSTRUCT_BLOCKED: OVERPAY_LIMIT (Op:0.0800 > L:0.0112, Cost:$0.40)",,,,,,,,25.0,22.340424,,,,,0,0,,,Inv: 25.0/22.3 CapLeft: 2.7,,,25.0,22.340424,47.340424,2.6595760000000013,50.0,0.012499999999999734,49.9875,0.97,0.030000000000000027,2.6595760000000013,0.47,0.61,0.08000000000000007,5.0,0.40000000000000036,0.011201964545249939,OVERPAY_LIMIT
1765989547.3800805,eth-updown-15m-1765989000,1765989000.0,1765989900.0,,352.6199195384979,,,,,0,0,1.0,0.98,ONE_LEG_INVENTORY,,,,,,,,,,,,,,0,5.0,,,,,,,,,,,,,,,,,,,,"RECONSTRUCT_BLOCKED: OVERPAY_LIMIT (Op:0.1200 > L:0.0113, Cost:$0.60)",,,,,,,,25.0,22.340424,,,,,0,0,,,Inv: 25.0/22.3 CapLeft: 2.7,,,25.0,22.340424,47.340424,2.6595760000000013,50.0,0.012499999999999734,49.9875,0.97,0.030000000000000027,2.6595760000000013,0.47,0.65,0.1200000000000001,5.0,0.6000000000000005,0.011276753017306327,OVERPAY_LIMIT
1765989547.3800805,eth-updown-15m-1765989000,1765989000.0,1765989900.0,,352.6199195384979,,,,,0,0,1.0,0.98,ONE_LEG_INVENTORY,,,,,,,,,,,,,,0,5.0,,,,,,,,,,,,,,,,,,,,"RECONSTRUCT_BLOCKED: OVERPAY_LIMIT (Op:0.1200 > L:0.0113, Cost:$0.60)",,,,,,,,25.0,22.340424,,,,,0,0,,,Inv: 25.0/22.3 CapLeft: 2.7,,,25.0,22.340424,47.340424,2.6595760000000013,50.0,0.012499999999999734,49.9875,0.97,0.030000000000000027,2.6595760000000013,0.47,0.65,0.1200000000000001,5.0,0.6000000000000005,0.011276753017306327,OVERPAY_LIMIT
1765989548.1118574,eth-updown-15m-1765989000,1765989000.0,1765989900.0,,351.8881425857544,,,,,0.45,0.45,0.9,0.98,ORDERS_OPEN,,,,,,,,,,,,,,5,5,,,,,,,,,,,,,,,,,,,,Leg:BOTH UP:5 DOWN:5,,,,,,,,0.0,0.0,,,,,0,0,,,Inv: 0.0/0.0 CapLeft: 50.0,,,0.0,0.0,0.0,50.0,50.0,0.0,50.0,0.9,0.09999999999999998,0.0,0.0,0.0,0.0,0.0,0.0,0.0,
1765989549.6137114,eth-updown-15m-1765989000,1765989000.0,1765989900.0,,350.3862886428833,,,,,0,0,0.9,0.98,ORDERS_OPEN,,,,,,,,,,,,,,0,5,,,,,,,,,,,,,,,,,,,,,,,,,,,,0.0,0.0,,,,,0,0,,,Inv: 0.0/0.0 CapLeft: 50.0,,,0.0,0.0,0.0,50.0,50.0,0.0,50.0,0.9,0.09999999999999998,0.0,0.0,0.0,0.0,0.0,0.0,0.0,
1765989549.3474288,eth-updown-15m-1765989000,1765989000.0,1765989900.0,,350.65257120132446,,,,,0,0,1.0,0.98,ONE_LEG_INVENTORY,,,,,,,,,,,,,,0,5.0,,,,,,,,,,,,,,,,,,,,"RECONSTRUCT_BLOCKED: OVERPAY_LIMIT (Op:0.1400 > L:0.0114, Cost:$0.70)",,,,,,,,25.0,22.340424,,,,,0,0,,,Inv: 25.0/22.3 CapLeft: 2.7,,,25.0,22.340424,47.340424,2.6595760000000013,50.0,0.012499999999999734,49.9875,0.97,0.030000000000000027,2.6595760000000013,0.47,0.67,0.14000000000000012,5.0,0.7000000000000006,0.011350528579950331,OVERPAY_LIMIT
1765989549.3474288,eth-updown-15m-1765989000,1765989000.0,1765989900.0,,350.65257120132446,,,,,0,0,1.0,0.98,ONE_LEG_INVENTORY,,,,,,,,,,,,,,0,5.0,,,,,,,,,,,,,,,,,,,,"RECONSTRUCT_BLOCKED: OVERPAY_LIMIT (Op:0.1400 > L:0.0114, Cost:$0.70)",,,,,,,,25.0,22.340424,,,,,0,0,,,Inv: 25.0/22.3 CapLeft: 2.7,,,25.0,22.340424,47.340424,2.6595760000000013,50.0,0.012499999999999734,49.9875,0.97,0.030000000000000027,2.6595760000000013,0.47,0.67,0.14000000000000012,5.0,0.7000000000000006,0.011350528579950331,OVERPAY_LIMIT
1765989551.1155922,eth-updown-15m-1765989000,1765989000.0,1765989900.0,,348.88440775871277,,,,,0,0,0.9,0.98,ORDERS_OPEN,,,,,,,,,,,,,,0,5,,,,,,,,,,,,,,,,,,,,,,,,,,,,0.0,0.0,,,,,0,0,,,Inv: 0.0/0.0 CapLeft: 50.0,,,0.0,0.0,0.0,50.0,50.0,0.0,50.0,0.9,0.09999999999999998,0.0,0.0,0.0,0.0,0.0,0.0,0.0,
1765989551.2758179,eth-updown-15m-1765989000,1765989000.0,1765989900.0,,348.72418212890625,,,,,0,0,0.99,0.98,ONE_LEG_INVENTORY,,,,,,,,,,,,,,0,5.0,,,,,,,,,,,,,,,,,,,,"RECONSTRUCT_BLOCKED: OVERPAY_LIMIT (Op:0.1300 > L:0.0114, Cost:$0.65)",,,,,,,,25.0,22.340424,,,,,0,0,,,Inv: 25.0/22.3 CapLeft: 2.7,,,25.0,22.340424,47.340424,2.6595760000000013,50.0,0.012499999999999734,49.9875,0.97,0.030000000000000027,2.6595760000000013,0.47,0.66,0.1299999999999999,5.0,0.6499999999999995,0.011422843170166015,OVERPAY_LIMIT
1765989551.2758179,eth-updown-15m-1765989000,1765989000.0,1765989900.0,,348.72418212890625,,,,,0,0,0.99,0.98,ONE_LEG_INVENTORY,,,,,,,,,,,,,,0,5.0,,,,,,,,,,,,,,,,,,,,"RECONSTRUCT_BLOCKED: OVERPAY_LIMIT (Op:0.1300 > L:0.0114, Cost:$0.65)",,,,,,,,25.0,22.340424,,,,,0,0,,,Inv: 25.0/22.3 CapLeft: 2.7,,,25.0,22.340424,47.340424,2.6595760000000013,50.0,0.012499999999999734,49.9875,0.97,0.030000000000000027,2.6595760000000013,0.47,0.66,0.1299999999999999,5.0,0.6499999999999995,0.011422843170166015,OVERPAY_LIMIT
1765989552.6166227,eth-updown-15m-1765989000,1765989000.0,1765989900.0,,347.3833773136139,,,,,0,0,0.9,0.98,ORDERS_OPEN,,,,,,,,,,,,,,0,5,,,,,,,,,,,,,,,,,,,,,,,,,,,,0.0,0.0,,,,,0,0,,,Inv: 0.0/0.0 CapLeft: 50.0,,,0.0,0.0,0.0,50.0,50.0,0.0,50.0,0.9,0.09999999999999998,0.0,0.0,0.0,0.0,0.0,0.0,0.0,
1765989553.2214603,eth-updown-15m-1765989000,1765989000.0,1765989900.0,,346.7785396575928,,,,,0,0,0.98,0.98,ONE_LEG_INVENTORY,,,,,,,,,,,,,,0,5.0,,,,,,,,,,,,,,,,,,,,"RECONSTRUCT_BLOCKED: OVERPAY_LIMIT (Op:0.1500 > L:0.0115, Cost:$0.75)",,,,,,,,25.0,22.340424,,,,,0,0,,,Inv: 25.0/22.3 CapLeft: 2.7,,,25.0,22.340424,47.340424,2.6595760000000013,50.0,0.012499999999999734,49.9875,0.97,0.030000000000000027,2.6595760000000013,0.47,0.68,0.1499999999999999,5.0,0.7499999999999996,0.01149580476284027,OVERPAY_LIMIT
1765989553.2214603,eth-updown-15m-1765989000,1765989000.0,1765989900.0,,346.7785396575928,,,,,0,0,0.98,0.98,ONE_LEG_INVENTORY,,,,,,,,,,,,,,0,5.0,,,,,,,,,,,,,,,,,,,,"RECONSTRUCT_BLOCKED: OVERPAY_LIMIT (Op:0.1500 > L:0.0115, Cost:$0.75)",,,,,,,,25.0,22.340424,,,,,0,0,,,Inv: 25.0/22.3 CapLeft: 2.7,,,25.0,22.340424,47.340424,2.6595760000000013,50.0,0.012499999999999734,49.9875,0.97,0.030000000000000027,2.6595760000000013,0.47,0.68,0.1499999999999999,5.0,0.7499999999999996,0.01149580476284027,OVERPAY_LIMIT
1765989554.117883,eth-updown-15m-1765989000,1765989000.0,1765989900.0,,345.88211703300476,,,,,0,0,0.9,0.98,ORDERS_OPEN,,,,,,,,,,,,,,0,5,,,,,,,,,,,,,,,,,,,,,,,,,,,,0.0,0.0,,,,,0,0,,,Inv: 0.0/0.0 CapLeft: 50.0,,,0.0,0.0,0.0,50.0,50.0,0.0,50.0,0.9,0.09999999999999998,0.0,0.0,0.0,0.0,0.0,0.0,0.0,
1765989555.1483407,eth-updown-15m-1765989000,1765989000.0,1765989900.0,,344.8516592979431,,,,,0,0,0.99,0.98,ONE_LEG_INVENTORY,,,,,,,,,,,,,,0,5.0,,,,,,,,,,,,,,,,,,,,"RECONSTRUCT_BLOCKED: OVERPAY_LIMIT (Op:0.1900 > L:0.0116, Cost:$0.95)",,,,,,,,25.0,22.340424,,,,,0,0,,,Inv: 25.0/22.3 CapLeft: 2.7,,,25.0,22.340424,47.340424,2.6595760000000013,50.0,0.012499999999999734,49.9875,0.97,0.030000000000000027,2.6595760000000013,0.47,0.72,0.18999999999999995,5.0,0.9499999999999997,0.011568062776327132,OVERPAY_LIMIT
1765989555.1483407,eth-updown-15m-1765989000,1765989000.0,1765989900.0,,344.8516592979431,,,,,0,0,0.99,0.98,ONE_LEG_INVENTORY,,,,,,,,,,,,,,0,5.0,,,,,,,,,,,,,,,,,,,,"RECONSTRUCT_BLOCKED: OVERPAY_LIMIT (Op:0.1900 > L:0.0116, Cost:$0.95)",,,,,,,,25.0,22.340424,,,,,0,0,,,Inv: 25.0/22.3 CapLeft: 2.7,,,25.0,22.340424,47.340424,2.6595760000000013,50.0,0.012499999999999734,49.9875,0.97,0.030000000000000027,2.6595760000000013,0.47,0.72,0.18999999999999995,5.0,0.9499999999999997,0.011568062776327132,OVERPAY_LIMIT
1765989555.6195912,eth-updown-15m-1765989000,1765989000.0,1765989900.0,,344.3804087638855,,,,,0,0,0.9,0.98,ORDERS_OPEN,,,,,,,,,,,,,,0,5,,,,,,,,,,,,,,,,,,,,,,,,,,,,0.0,0.0,,,,,0,0,,,Inv: 0.0/0.0 CapLeft: 50.0,,,0.0,0.0,0.0,50.0,50.0,0.0,50.0,0.9,0.09999999999999998,0.0,0.0,0.0,0.0,0.0,0.0,0.0,
1765989557.1217206,eth-updown-15m-1765989000,1765989000.0,1765989900.0,,342.87827944755554,,,,,0,0,0.9,0.98,ORDERS_OPEN,,,,,,,,,,,,,,0,5,,,,,,,,,,,,,,,,,,,,,,,,,,,,0.0,0.0,,,,,0,0,,,Inv: 0.0/0.0 CapLeft: 50.0,,,0.0,0.0,0.0,50.0,50.0,0.0,50.0,0.9,0.09999999999999998,0.0,0.0,0.0,0.0,0.0,0.0,0.0,
1765989557.0702186,eth-updown-15m-1765989000,1765989000.0,1765989900.0,,342.92978143692017,,,,,0,0,0.99,0.98,ONE_LEG_INVENTORY,,,,,,,,,,,,,,0,5.0,,,,,,,,,,,,,,,,,,,,"RECONSTRUCT_BLOCKED: OVERPAY_LIMIT (Op:0.1800 > L:0.0116, Cost:$0.90)",,,,,,,,25.0,22.340424,,,,,0,0,,,Inv: 25.0/22.3 CapLeft: 2.7,,,25.0,22.340424,47.340424,2.6595760000000013,50.0,0.012499999999999734,49.9875,0.97,0.030000000000000027,2.6595760000000013,0.47,0.71,0.17999999999999994,5.0,0.8999999999999997,0.011640133196115492,OVERPAY_LIMIT
1765989557.0702186,eth-updown-15m-1765989000,1765989000.0,1765989900.0,,342.92978143692017,,,,,0,0,0.99,0.98,ONE_LEG_INVENTORY,,,,,,,,,,,,,,0,5.0,,,,,,,,,,,,,,,,,,,,"RECONSTRUCT_BLOCKED: OVERPAY_LIMIT (Op:0.1800 > L:0.0116, Cost:$0.90)",,,,,,,,25.0,22.340424,,,,,0,0,,,Inv: 25.0/22.3 CapLeft: 2.7,,,25.0,22.340424,47.340424,2.6595760000000013,50.0,0.012499999999999734,49.9875,0.97,0.030000000000000027,2.6595760000000013,0.47,0.71,0.17999999999999994,5.0,0.8999999999999997,0.011640133196115492,OVERPAY_LIMIT
1765989558.62349,eth-updown-15m-1765989000,1765989000.0,1765989900.0,,341.37650990486145,,,,,0,0,0.9,0.98,ORDERS_OPEN,,,,,,,,,,,,,,0,5,,,,,,,,,,,,,,,,,,,,,,,,,,,,0.0,0.0,,,,,0,0,,,Inv: 0.0/0.0 CapLeft: 50.0,,,0.0,0.0,0.0,50.0,50.0,0.0,50.0,0.9,0.09999999999999998,0.0,0.0,0.0,0.0,0.0,0.0,0.0,
1765989559.0062625,eth-updown-15m-1765989000,1765989000.0,1765989900.0,,340.99373745918274,,,,,0,0,0.98,0.98,ONE_LEG_INVENTORY,,,,,,,,,,,,,,0,5.0,,,,,,,,,,,,,,,,,,,,"RECONSTRUCT_BLOCKED: OVERPAY_LIMIT (Op:0.2200 > L:0.0117, Cost:$1.10)",,,,,,,,25.0,22.340424,,,,,0,0,,,Inv: 25.0/22.3 CapLeft: 2.7,,,25.0,22.340424,47.340424,2.6595760000000013,50.0,0.012499999999999734,49.9875,0.97,0.030000000000000027,2.6595760000000013,0.47,0.75,0.21999999999999997,5.0,1.0999999999999999,0.011712734845280647,OVERPAY_LIMIT
1765989559.0062625,eth-updown-15m-1765989000,1765989000.0,1765989900.0,,340.99373745918274,,,,,0,0,0.98,0.98,ONE_LEG_INVENTORY,,,,,,,,,,,,,,0,5.0,,,,,,,,,,,,,,,,,,,,"RECONSTRUCT_BLOCKED: OVERPAY_LIMIT (Op:0.2200 > L:0.0117, Cost:$1.10)",,,,,,,,25.0,22.340424,,,,,0,0,,,Inv: 25.0/22.3 CapLeft: 2.7,,,25.0,22.340424,47.340424,2.6595760000000013,50.0,0.012499999999999734,49.9875,0.97,0.030000000000000027,2.6595760000000013,0.47,0.75,0.21999999999999997,5.0,1.0999999999999999,0.011712734845280647,OVERPAY_LIMIT
1765989560.1249793,eth-updown-15m-1765989000,1765989000.0,1765989900.0,,339.8750207424164,,,,,0,0,0.9,0.98,ORDERS_OPEN,,,,,,,,,,,,,,0,5,,,,,,,,,,,,,,,,,,,,,,,,,,,,0.0,0.0,,,,,0,0,,,Inv: 0.0/0.0 CapLeft: 50.0,,,0.0,0.0,0.0,50.0,50.0,0.0,50.0,0.9,0.09999999999999998,0.0,0.0,0.0,0.0,0.0,0.0,0.0,
1765989560.9669583,eth-updown-15m-1765989000,1765989000.0,1765989900.0,,339.03304171562195,,,,,0,0,0.98,0.98,ONE_LEG_INVENTORY,,,,,,,,,,,,,,0,5.0,,,,,,,,,,,,,,,,,,,,"RECONSTRUCT_BLOCKED: OVERPAY_LIMIT (Op:0.2200 > L:0.0118, Cost:$1.10)",,,,,,,,25.0,22.340424,,,,,0,0,,,Inv: 25.0/22.3 CapLeft: 2.7,,,25.0,22.340424,47.340424,2.6595760000000013,50.0,0.012499999999999734,49.9875,0.97,0.030000000000000027,2.6595760000000013,0.47,0.75,0.21999999999999997,5.0,1.0999999999999999,0.011786260935664176,OVERPAY_LIMIT
1765989560.9669583,eth-updown-15m-1765989000,1765989000.0,1765989900.0,,339.03304171562195,,,,,0,0,0.98,0.98,ONE_LEG_INVENTORY,,,,,,,,,,,,,,0,5.0,,,,,,,,,,,,,,,,,,,,"RECONSTRUCT_BLOCKED: OVERPAY_LIMIT (Op:0.2200 > L:0.0118, Cost:$1.10)",,,,,,,,25.0,22.340424,,,,,0,0,,,Inv: 25.0/22.3 CapLeft: 2.7,,,25.0,22.340424,47.340424,2.6595760000000013,50.0,0.012499999999999734,49.9875,0.97,0.030000000000000027,2.6595760000000013,0.47,0.75,0.21999999999999997,5.0,1.0999999999999999,0.011786260935664176,OVERPAY_LIMIT
1765989561.6266024,eth-updown-15m-1765989000,1765989000.0,1765989900.0,,338.37339758872986,,,,,0,0,0.9,0.98,ORDERS_OPEN,,,,,,,,,,,,,,0,5,,,,,,,,,,,,,,,,,,,,,,,,,,,,0.0,0.0,,,,,0,0,,,Inv: 0.0/0.0 CapLeft: 50.0,,,0.0,0.0,0.0,50.0,50.0,0.0,50.0,0.9,0.09999999999999998,0.0,0.0,0.0,0.0,0.0,0.0,0.0,
1765989562.902382,eth-updown-15m-1765989000,1765989000.0,1765989900.0,,337.09761810302734,,,,,0,0,0.97,0.98,ONE_LEG_INVENTORY,,,,,,,,,,,,,,0,5.0,,,,,,,,,,,,,,,,,,,,"RECONSTRUCT_BLOCKED: OVERPAY_LIMIT (Op:0.2000 > L:0.0119, Cost:$1.00)",,,,,,,,25.0,22.340424,,,,,0,0,,,Inv: 25.0/22.3 CapLeft: 2.7,,,25.0,22.340424,47.340424,2.6595760000000013,50.0,0.012499999999999734,49.9875,0.97,0.030000000000000027,2.6595760000000013,0.47,0.73,0.19999999999999996,5.0,0.9999999999999998,0.011858839321136475,OVERPAY_LIMIT
1765989562.902382,eth-updown-15m-1765989000,1765989000.0,1765989900.0,,337.09761810302734,,,,,0,0,0.97,0.98,ONE_LEG_INVENTORY,,,,,,,,,,,,,,0,5.0,,,,,,,,,,,,,,,,,,,,"RECONSTRUCT_BLOCKED: OVERPAY_LIMIT (Op:0.2000 > L:0.0119, Cost:$1.00)",,,,,,,,25.0,22.340424,,,,,0,0,,,Inv: 25.0/22.3 CapLeft: 2.7,,,25.0,22.340424,47.340424,2.6595760000000013,50.0,0.012499999999999734,49.9875,0.97,0.030000000000000027,2.6595760000000013,0.47,0.73,0.19999999999999996,5.0,0.9999999999999998,0.011858839321136475,OVERPAY_LIMIT
1765989564.6288044,eth-updown-15m-1765989000,1765989000.0,1765989900.0,,335.3711955547333,,,,,0.45,0.45,0.9,0.98,ORDERS_OPEN,,,,,,,,,,,,,,5,5,,,,,,,,,,,,,,,,,,,,Leg:BOTH UP:5 DOWN:5,,,,,,,,0.0,0.0,,,,,0,0,,,Inv: 0.0/0.0 CapLeft: 50.0,,,0.0,0.0,0.0,50.0,50.0,0.0,50.0,0.9,0.09999999999999998,0.0,0.0,0.0,0.0,0.0,0.0,0.0,
1765989564.8968184,eth-updown-15m-1765989000,1765989000.0,1765989900.0,,335.1031816005707,,,,,0,0,0.98,0.98,ONE_LEG_INVENTORY,,,,,,,,,,,,,,0,5.0,,,,,,,,,,,,,,,,,,,,"RECONSTRUCT_BLOCKED: OVERPAY_LIMIT (Op:0.2100 > L:0.0119, Cost:$1.05)",,,,,,,,25.0,22.340424,,,,,0,0,,,Inv: 25.0/22.3 CapLeft: 2.7,,,25.0,22.340424,47.340424,2.6595760000000013,50.0,0.012499999999999734,49.9875,0.97,0.030000000000000027,2.6595760000000013,0.47,0.74,0.20999999999999996,5.0,1.0499999999999998,0.0119336306899786,OVERPAY_LIMIT
1765989564.8968184,eth-updown-15m-1765989000,1765989000.0,1765989900.0,,335.1031816005707,,,,,0,0,0.98,0.98,ONE_LEG_INVENTORY,,,,,,,,,,,,,,0,5.0,,,,,,,,,,,,,,,,,,,,"RECONSTRUCT_BLOCKED: OVERPAY_LIMIT (Op:0.2100 > L:0.0119, Cost:$1.05)",,,,,,,,25.0,22.340424,,,,,0,0,,,Inv: 25.0/22.3 CapLeft: 2.7,,,25.0,22.340424,47.340424,2.6595760000000013,50.0,0.012499999999999734,49.9875,0.97,0.030000000000000027,2.6595760000000013,0.47,0.74,0.20999999999999996,5.0,1.0499999999999998,0.0119336306899786,OVERPAY_LIMIT
1765989566.1298451,eth-updown-15m-1765989000,1765989000.0,1765989900.0,,333.8701548576355,,,,,0,0,0.9,0.98,ORDERS_OPEN,,,,,,,,,,,,,,0,5,,,,,,,,,,,,,,,,,,,,,,,,,,,,0.0,0.0,,,,,0,0,,,Inv: 0.0/0.0 CapLeft: 50.0,,,0.0,0.0,0.0,50.0,50.0,0.0,50.0,0.9,0.09999999999999998,0.0,0.0,0.0,0.0,0.0,0.0,0.0,
1765989566.8227062,eth-updown-15m-1765989000,1765989000.0,1765989900.0,,333.1772937774658,,,,,0,0,0.98,0.98,ONE_LEG_INVENTORY,,,,,,,,,,,,,,0,5.0,,,,,,,,,,,,,,,,,,,,"RECONSTRUCT_BLOCKED: OVERPAY_LIMIT (Op:0.2000 > L:0.0120, Cost:$1.00)",,,,,,,,25.0,22.340424,,,,,0,0,,,Inv: 25.0/22.3 CapLeft: 2.7,,,25.0,22.340424,47.340424,2.6595760000000013,50.0,0.012499999999999734,49.9875,0.97,0.030000000000000027,2.6595760000000013,0.47,0.73,0.19999999999999996,5.0,0.9999999999999998,0.01200585148334503,OVERPAY_LIMIT
1765989566.8227062,eth-updown-15m-1765989000,1765989000.0,1765989900.0,,333.1772937774658,,,,,0,0,0.98,0.98,ONE_LEG_INVENTORY,,,,,,,,,,,,,,0,5.0,,,,,,,,,,,,,,,,,,,,"RECONSTRUCT_BLOCKED: OVERPAY_LIMIT (Op:0.2000 > L:0.0120, Cost:$1.00)",,,,,,,,25.0,22.340424,,,,,0,0,,,Inv: 25.0/22.3 CapLeft: 2.7,,,25.0,22.340424,47.340424,2.6595760000000013,50.0,0.012499999999999734,49.9875,0.97,0.030000000000000027,2.6595760000000013,0.47,0.73,0.19999999999999996,5.0,0.9999999999999998,0.01200585148334503,OVERPAY_LIMIT
1765989567.6311054,eth-updown-15m-1765989000,1765989000.0,1765989900.0,,332.36889457702637,,,,,0,0,0.9,0.98,ORDERS_OPEN,,,,,,,,,,,,,,0,5,,,,,,,,,,,,,,,,,,,,,,,,,,,,0.0,0.0,,,,,0,0,,,Inv: 0.0/0.0 CapLeft: 50.0,,,0.0,0.0,0.0,50.0,50.0,0.0,50.0,0.9,0.09999999999999998,0.0,0.0,0.0,0.0,0.0,0.0,0.0,
1765989569.1323013,eth-updown-15m-1765989000,1765989000.0,1765989900.0,,330.8676986694336,,,,,0,0,0.9,0.98,ORDERS_OPEN,,,,,,,,,,,,,,0,5,,,,,,,,,,,,,,,,,,,,,,,,,,,,0.0,0.0,,,,,0,0,,,Inv: 0.0/0.0 CapLeft: 50.0,,,0.0,0.0,0.0,50.0,50.0,0.0,50.0,0.9,0.09999999999999998,0.0,0.0,0.0,0.0,0.0,0.0,0.0,
1765989568.9063063,eth-updown-15m-1765989000,1765989000.0,1765989900.0,,331.09369373321533,,,,,0,0,1.0,0.98,ONE_LEG_INVENTORY,,,,,,,,,,,,,,0,5.0,,,,,,,,,,,,,,,,,,,,"RECONSTRUCT_BLOCKED: OVERPAY_LIMIT (Op:0.2000 > L:0.0121, Cost:$1.00)",,,,,,,,25.0,22.340424,,,,,0,0,,,Inv: 25.0/22.3 CapLeft: 2.7,,,25.0,22.340424,47.340424,2.6595760000000013,50.0,0.012499999999999734,49.9875,0.97,0.030000000000000027,2.6595760000000013,0.47,0.73,0.19999999999999996,5.0,0.9999999999999998,0.012083986485004423,OVERPAY_LIMIT
1765989568.9063063,eth-updown-15m-1765989000,1765989000.0,1765989900.0,,331.09369373321533,,,,,0,0,1.0,0.98,ONE_LEG_INVENTORY,,,,,,,,,,,,,,0,5.0,,,,,,,,,,,,,,,,,,,,"RECONSTRUCT_BLOCKED: OVERPAY_LIMIT (Op:0.2000 > L:0.0121, Cost:$1.00)",,,,,,,,25.0,22.340424,,,,,0,0,,,Inv: 25.0/22.3 CapLeft: 2.7,,,25.0,22.340424,47.340424,2.6595760000000013,50.0,0.012499999999999734,49.9875,0.97,0.030000000000000027,2.6595760000000013,0.47,0.73,0.19999999999999996,5.0,0.9999999999999998,0.012083986485004423,OVERPAY_LIMIT
1765989570.6336076,eth-updown-15m-1765989000,1765989000.0,1765989900.0,,329.3663923740387,,,,,0,0,0.9,0.98,ORDERS_OPEN,,,,,,,,,,,,,,0,5,,,,,,,,,,,,,,,,,,,,,,,,,,,,0.0,0.0,,,,,0,0,,,Inv: 0.0/0.0 CapLeft: 50.0,,,0.0,0.0,0.0,50.0,50.0,0.0,50.0,0.9,0.09999999999999998,0.0,0.0,0.0,0.0,0.0,0.0,0.0,
1765989570.826902,eth-updown-15m-1765989000,1765989000.0,1765989900.0,,329.1730980873108,,,,,0,0,0.99,0.98,ONE_LEG_INVENTORY,,,,,,,,,,,,,,0,5.0,,,,,,,,,,,,,,,,,,,,"RECONSTRUCT_BLOCKED: OVERPAY_LIMIT (Op:0.2500 > L:0.0122, Cost:$1.25)",,,,,,,,25.0,22.340424,,,,,0,0,,,Inv: 25.0/22.3 CapLeft: 2.7,,,25.0,22.340424,47.340424,2.6595760000000013,50.0,0.012499999999999734,49.9875,0.97,0.030000000000000027,2.6595760000000013,0.47,0.78,0.25,5.0,1.25,0.012156008821725845,OVERPAY_LIMIT
1765989570.826902,eth-updown-15m-1765989000,1765989000.0,1765989900.0,,329.1730980873108,,,,,0,0,0.99,0.98,ONE_LEG_INVENTORY,,,,,,,,,,,,,,0,5.0,,,,,,,,,,,,,,,,,,,,"RECONSTRUCT_BLOCKED: OVERPAY_LIMIT (Op:0.2500 > L:0.0122, Cost:$1.25)",,,,,,,,25.0,22.340424,,,,,0,0,,,Inv: 25.0/22.3 CapLeft: 2.7,,,25.0,22.340424,47.340424,2.6595760000000013,50.0,0.012499999999999734,49.9875,0.97,0.030000000000000027,2.6595760000000013,0.47,0.78,0.25,5.0,1.25,0.012156008821725845,OVERPAY_LIMIT
1765989572.1356714,eth-updown-15m-1765989000,1765989000.0,1765989900.0,,327.864328622818,,,,,0,0,0.9,0.98,ORDERS_OPEN,,,,,,,,,,,,,,0,5,,,,,,,,,,,,,,,,,,,,,,,,,,,,0.0,0.0,,,,,0,0,,,Inv: 0.0/0.0 CapLeft: 50.0,,,0.0,0.0,0.0,50.0,50.0,0.0,50.0,0.9,0.09999999999999998,0.0,0.0,0.0,0.0,0.0,0.0,0.0,
1765989572.779968,eth-updown-15m-1765989000,1765989000.0,1765989900.0,,327.22003197669983,,,,,0,0,0.98,0.98,ONE_LEG_INVENTORY,,,,,,,,,,,,,,0,5.0,,,,,,,,,,,,,,,,,,,,"RECONSTRUCT_BLOCKED: OVERPAY_LIMIT (Op:0.2400 > L:0.0122, Cost:$1.20)",,,,,,,,25.0,22.340424,,,,,0,0,,,Inv: 25.0/22.3 CapLeft: 2.7,,,25.0,22.340424,47.340424,2.6595760000000013,50.0,0.012499999999999734,49.9875,0.97,0.030000000000000027,2.6595760000000013,0.47,0.77,0.24,5.0,1.2,0.012229248800873756,OVERPAY_LIMIT
1765989572.779968,eth-updown-15m-1765989000,1765989000.0,1765989900.0,,327.22003197669983,,,,,0,0,0.98,0.98,ONE_LEG_INVENTORY,,,,,,,,,,,,,,0,5.0,,,,,,,,,,,,,,,,,,,,"RECONSTRUCT_BLOCKED: OVERPAY_LIMIT (Op:0.2400 > L:0.0122, Cost:$1.20)",,,,,,,,25.0,22.340424,,,,,0,0,,,Inv: 25.0/22.3 CapLeft: 2.7,,,25.0,22.340424,47.340424,2.6595760000000013,50.0,0.012499999999999734,49.9875,0.97,0.030000000000000027,2.6595760000000013,0.47,0.77,0.24,5.0,1.2,0.012229248800873756,OVERPAY_LIMIT
1765989573.6376004,eth-updown-15m-1765989000,1765989000.0,1765989900.0,,326.3623995780945,,,,,0,0,0.9,0.98,ORDERS_OPEN,,,,,,,,,,,,,,0,5,,,,,,,,,,,,,,,,,,,,,,,,,,,,0.0,0.0,,,,,0,0,,,Inv: 0.0/0.0 CapLeft: 50.0,,,0.0,0.0,0.0,50.0,50.0,0.0,50.0,0.9,0.09999999999999998,0.0,0.0,0.0,0.0,0.0,0.0,0.0,
1765989575.1389787,eth-updown-15m-1765989000,1765989000.0,1765989900.0,,324.8610212802887,,,,,0,0,0.9,0.98,ORDERS_OPEN,,,,,,,,,,,,,,0,5,,,,,,,,,,,,,,,,,,,,,,,,,,,,0.0,0.0,,,,,0,0,,,Inv: 0.0/0.0 CapLeft: 50.0,,,0.0,0.0,0.0,50.0,50.0,0.0,50.0,0.9,0.09999999999999998,0.0,0.0,0.0,0.0,0.0,0.0,0.0,
1765989574.77282,eth-updown-15m-1765989000,1765989000.0,1765989900.0,,325.2271800041199,,,,,0,0,0.96,0.98,ONE_LEG_INVENTORY,,,,,,,,,,,,,,0,5.0,,,,,,,,,,,,,,,,,,,,"RECONSTRUCT_BLOCKED: OVERPAY_LIMIT (Op:0.2300 > L:0.0123, Cost:$1.15)",,,,,,,,25.0,22.340424,,,,,0,0,,,Inv: 25.0/22.3 CapLeft: 2.7,,,25.0,22.340424,47.340424,2.6595760000000013,50.0,0.012499999999999734,49.9875,0.97,0.030000000000000027,2.6595760000000013,0.47,0.76,0.22999999999999998,5.0,1.15,0.012303980749845504,OVERPAY_LIMIT
1765989574.77282,eth-updown-15m-1765989000,1765989000.0,1765989900.0,,325.2271800041199,,,,,0,0,0.96,0.98,ONE_LEG_INVENTORY,,,,,,,,,,,,,,0,5.0,,,,,,,,,,,,,,,,,,,,"RECONSTRUCT_BLOCKED: OVERPAY_LIMIT (Op:0.2300 > L:0.0123, Cost:$1.15)",,,,,,,,25.0,22.340424,,,,,0,0,,,Inv: 25.0/22.3 CapLeft: 2.7,,,25.0,22.340424,47.340424,2.6595760000000013,50.0,0.012499999999999734,49.9875,0.97,0.030000000000000027,2.6595760000000013,0.47,0.76,0.22999999999999998,5.0,1.15,0.012303980749845504,OVERPAY_LIMIT
1765989576.6408334,eth-updown-15m-1765989000,1765989000.0,1765989900.0,,323.35916662216187,,,,,0,0,0.9,0.98,ORDERS_OPEN,,,,,,,,,,,,,,0,5,,,,,,,,,,,,,,,,,,,,,,,,,,,,0.0,0.0,,,,,0,0,,,Inv: 0.0/0.0 CapLeft: 50.0,,,0.0,0.0,0.0,50.0,50.0,0.0,50.0,0.9,0.09999999999999998,0.0,0.0,0.0,0.0,0.0,0.0,0.0,
1765989576.7023451,eth-updown-15m-1765989000,1765989000.0,1765989900.0,,323.29765486717224,,,,,0,0,0.98,0.98,ONE_LEG_INVENTORY,,,,,,,,,,,,,,0,5.0,,,,,,,,,,,,,,,,,,,,"RECONSTRUCT_BLOCKED: OVERPAY_LIMIT (Op:0.2500 > L:0.0124, Cost:$1.25)",,,,,,,,25.0,22.340424,,,,,0,0,,,Inv: 25.0/22.3 CapLeft: 2.7,,,25.0,22.340424,47.340424,2.6595760000000013,50.0,0.012499999999999734,49.9875,0.97,0.030000000000000027,2.6595760000000013,0.47,0.78,0.25,5.0,1.25,0.01237633794248104,OVERPAY_LIMIT
1765989576.7023451,eth-updown-15m-1765989000,1765989000.0,1765989900.0,,323.29765486717224,,,,,0,0,0.98,0.98,ONE_LEG_INVENTORY,,,,,,,,,,,,,,0,5.0,,,,,,,,,,,,,,,,,,,,"RECONSTRUCT_BLOCKED: OVERPAY_LIMIT (Op:0.2500 > L:0.0124, Cost:$1.25)",,,,,,,,25.0,22.340424,,,,,0,0,,,Inv: 25.0/22.3 CapLeft: 2.7,,,25.0,22.340424,47.340424,2.6595760000000013,50.0,0.012499999999999734,49.9875,0.97,0.030000000000000027,2.6595760000000013,0.47,0.78,0.25,5.0,1.25,0.01237633794248104,OVERPAY_LIMIT
1765989578.1431503,eth-updown-15m-1765989000,1765989000.0,1765989900.0,,321.85684967041016,,,,,0,0,0.9,0.98,ORDERS_OPEN,,,,,,,,,,,,,,0,5,,,,,,,,,,,,,,,,,,,,,,,,,,,,0.0,0.0,,,,,0,0,,,Inv: 0.0/0.0 CapLeft: 50.0,,,0.0,0.0,0.0,50.0,50.0,0.0,50.0,0.9,0.09999999999999998,0.0,0.0,0.0,0.0,0.0,0.0,0.0,
1765989578.6248171,eth-updown-15m-1765989000,1765989000.0,1765989900.0,,321.37518286705017,,,,,0,0,0.99,0.98,ONE_LEG_INVENTORY,,,,,,,,,,,,,,0,5.0,,,,,,,,,,,,,,,,,,,,"RECONSTRUCT_BLOCKED: OVERPAY_LIMIT (Op:0.2500 > L:0.0124, Cost:$1.25)",,,,,,,,25.0,22.340424,,,,,0,0,,,Inv: 25.0/22.3 CapLeft: 2.7,,,25.0,22.340424,47.340424,2.6595760000000013,50.0,0.012499999999999734,49.9875,0.97,0.030000000000000027,2.6595760000000013,0.47,0.78,0.25,5.0,1.25,0.012448430642485618,OVERPAY_LIMIT
1765989578.6248171,eth-updown-15m-1765989000,1765989000.0,1765989900.0,,321.37518286705017,,,,,0,0,0.99,0.98,ONE_LEG_INVENTORY,,,,,,,,,,,,,,0,5.0,,,,,,,,,,,,,,,,,,,,"RECONSTRUCT_BLOCKED: OVERPAY_LIMIT (Op:0.2500 > L:0.0124, Cost:$1.25)",,,,,,,,25.0,22.340424,,,,,0,0,,,Inv: 25.0/22.3 CapLeft: 2.7,,,25.0,22.340424,47.340424,2.6595760000000013,50.0,0.012499999999999734,49.9875,0.97,0.030000000000000027,2.6595760000000013,0.47,0.78,0.25,5.0,1.25,0.012448430642485618,OVERPAY_LIMIT
1765989580.5941823,eth-updown-15m-1765989000,1765989000.0,1765989900.0,,319.4058177471161,,,,,0,0,0.96,0.98,ONE_LEG_INVENTORY,,,,,,,,,,,,,,0,5.0,,,,,,,,,,,,,,,,,,,,"RECONSTRUCT_BLOCKED: OVERPAY_LIMIT (Op:0.2300 > L:0.0125, Cost:$1.15)",,,,,,,,25.0,22.340424,,,,,0,0,,,Inv: 25.0/22.3 CapLeft: 2.7,,,25.0,22.340424,47.340424,2.6595760000000013,50.0,0.012499999999999734,49.9875,0.97,0.030000000000000027,2.6595760000000013,0.47,0.76,0.22999999999999998,5.0,1.15,0.012522281834483145,OVERPAY_LIMIT
1765989580.5941823,eth-updown-15m-1765989000,1765989000.0,1765989900.0,,319.4058177471161,,,,,0,0,0.96,0.98,ONE_LEG_INVENTORY,,,,,,,,,,,,,,0,5.0,,,,,,,,,,,,,,,,,,,,"RECONSTRUCT_BLOCKED: OVERPAY_LIMIT (Op:0.2300 > L:0.0125, Cost:$1.15)",,,,,,,,25.0,22.340424,,,,,0,0,,,Inv: 25.0/22.3 CapLeft: 2.7,,,25.0,22.340424,47.340424,2.6595760000000013,50.0,0.012499999999999734,49.9875,0.97,0.030000000000000027,2.6595760000000013,0.47,0.76,0.22999999999999998,5.0,1.15,0.012522281834483145,OVERPAY_LIMIT
1765989581.1484206,eth-updown-15m-1765989000,1765989000.0,1765989900.0,,318.8515794277191,,,,,0.45,0.45,0.9,0.98,ORDERS_OPEN,,,,,,,,,,,,,,5,5,,,,,,,,,,,,,,,,,,,,Leg:BOTH UP:5 DOWN:5,,,,,,,,0.0,0.0,,,,,0,0,,,Inv: 0.0/0.0 CapLeft: 50.0,,,0.0,0.0,0.0,50.0,50.0,0.0,50.0,0.9,0.09999999999999998,0.0,0.0,0.0,0.0,0.0,0.0,0.0,
1765989582.6522667,eth-updown-15m-1765989000,1765989000.0,1765989900.0,,317.34773325920105,,,,,0,0,0.9,0.98,ORDERS_OPEN,,,,,,,,,,,,,,0,5,,,,,,,,,,,,,,,,,,,,,,,,,,,,0.0,0.0,,,,,0,0,,,Inv: 0.0/0.0 CapLeft: 50.0,,,0.0,0.0,0.0,50.0,50.0,0.0,50.0,0.9,0.09999999999999998,0.0,0.0,0.0,0.0,0.0,0.0,0.0,
1765989582.5382469,eth-updown-15m-1765989000,1765989000.0,1765989900.0,,317.4617531299591,,,,,0,0,0.96,0.98,ONE_LEG_INVENTORY,,,,,,,,,,,,,,0,5.0,,,,,,,,,,,,,,,,,,,,"RECONSTRUCT_BLOCKED: OVERPAY_LIMIT (Op:0.2400 > L:0.0126, Cost:$1.20)",,,,,,,,25.0,22.340424,,,,,0,0,,,Inv: 25.0/22.3 CapLeft: 2.7,,,25.0,22.340424,47.340424,2.6595760000000013,50.0,0.012499999999999734,49.9875,0.97,0.030000000000000027,2.6595760000000013,0.47,0.77,0.24,5.0,1.2,0.012595184257626532,OVERPAY_LIMIT
1765989582.5382469,eth-updown-15m-1765989000,1765989000.0,1765989900.0,,317.4617531299591,,,,,0,0,0.96,0.98,ONE_LEG_INVENTORY,,,,,,,,,,,,,,0,5.0,,,,,,,,,,,,,,,,,,,,"RECONSTRUCT_BLOCKED: OVERPAY_LIMIT (Op:0.2400 > L:0.0126, Cost:$1.20)",,,,,,,,25.0,22.340424,,,,,0,0,,,Inv: 25.0/22.3 CapLeft: 2.7,,,25.0,22.340424,47.340424,2.6595760000000013,50.0,0.012499999999999734,49.9875,0.97,0.030000000000000027,2.6595760000000013,0.47,0.77,0.24,5.0,1.2,0.012595184257626532,OVERPAY_LIMIT
1765989584.15489,eth-updown-15m-1765989000,1765989000.0,1765989900.0,,315.8451099395752,,,,,0,0,0.9,0.98,ORDERS_OPEN,,,,,,,,,,,,,,0,5,,,,,,,,,,,,,,,,,,,,,,,,,,,,0.0,0.0,,,,,0,0,,,Inv: 0.0/0.0 CapLeft: 50.0,,,0.0,0.0,0.0,50.0,50.0,0.0,50.0,0.9,0.09999999999999998,0.0,0.0,0.0,0.0,0.0,0.0,0.0,
1765989584.4912214,eth-updown-15m-1765989000,1765989000.0,1765989900.0,,315.5087785720825,,,,,0,0,0.99,0.98,ONE_LEG_INVENTORY,,,,,,,,,,,,,,0,5.0,,,,,,,,,,,,,,,,,,,,"RECONSTRUCT_BLOCKED: OVERPAY_LIMIT (Op:0.2700 > L:0.0127, Cost:$1.35)",,,,,,,,25.0,22.340424,,,,,0,0,,,Inv: 25.0/22.3 CapLeft: 2.7,,,25.0,22.340424,47.340424,2.6595760000000013,50.0,0.012499999999999734,49.9875,0.97,0.030000000000000027,2.6595760000000013,0.47,0.8,0.27,5.0,1.35,0.012668420803546904,OVERPAY_LIMIT
1765989584.4912214,eth-updown-15m-1765989000,1765989000.0,1765989900.0,,315.5087785720825,,,,,0,0,0.99,0.98,ONE_LEG_INVENTORY,,,,,,,,,,,,,,0,5.0,,,,,,,,,,,,,,,,,,,,"RECONSTRUCT_BLOCKED: OVERPAY_LIMIT (Op:0.2700 > L:0.0127, Cost:$1.35)",,,,,,,,25.0,22.340424,,,,,0,0,,,Inv: 25.0/22.3 CapLeft: 2.7,,,25.0,22.340424,47.340424,2.6595760000000013,50.0,0.012499999999999734,49.9875,0.97,0.030000000000000027,2.6595760000000013,0.47,0.8,0.27,5.0,1.35,0.012668420803546904,OVERPAY_LIMIT
1765989585.657393,eth-updown-15m-1765989000,1765989000.0,1765989900.0,,314.3426070213318,,,,,0,0,0.9,0.98,ORDERS_OPEN,,,,,,,,,,,,,,0,5,,,,,,,,,,,,,,,,,,,,,,,,,,,,0.0,0.0,,,,,0,0,,,Inv: 0.0/0.0 CapLeft: 50.0,,,0.0,0.0,0.0,50.0,50.0,0.0,50.0,0.9,0.09999999999999998,0.0,0.0,0.0,0.0,0.0,0.0,0.0,
1765989586.4377832,eth-updown-15m-1765989000,1765989000.0,1765989900.0,,313.562216758728,,,,,0,0,0.96,0.98,ONE_LEG_INVENTORY,,,,,,,,,,,,,,0,5.0,,,,,,,,,,,,,,,,,,,,"RECONSTRUCT_BLOCKED: OVERPAY_LIMIT (Op:0.2300 > L:0.0127, Cost:$1.15)",,,,,,,,25.0,22.340424,,,,,0,0,,,Inv: 25.0/22.3 CapLeft: 2.7,,,25.0,22.340424,47.340424,2.6595760000000013,50.0,0.012499999999999734,49.9875,0.97,0.030000000000000027,2.6595760000000013,0.47,0.76,0.22999999999999998,5.0,1.15,0.012741416871547699,OVERPAY_LIMIT
1765989586.4377832,eth-updown-15m-1765989000,1765989000.0,1765989900.0,,313.562216758728,,,,,0,0,0.96,0.98,ONE_LEG_INVENTORY,,,,,,,,,,,,,,0,5.0,,,,,,,,,,,,,,,,,,,,"RECONSTRUCT_BLOCKED: OVERPAY_LIMIT (Op:0.2300 > L:0.0127, Cost:$1.15)",,,,,,,,25.0,22.340424,,,,,0,0,,,Inv: 25.0/22.3 CapLeft: 2.7,,,25.0,22.340424,47.340424,2.6595760000000013,50.0,0.012499999999999734,49.9875,0.97,0.030000000000000027,2.6595760000000013,0.47,0.76,0.22999999999999998,5.0,1.15,0.012741416871547699,OVERPAY_LIMIT
1765989587.1587505,eth-updown-15m-1765989000,1765989000.0,1765989900.0,,312.8412494659424,,,,,0,0,0.9,0.98,ORDERS_OPEN,,,,,,,,,,,,,,0,5,,,,,,,,,,,,,,,,,,,,,,,,,,,,0.0,0.0,,,,,0,0,,,Inv: 0.0/0.0 CapLeft: 50.0,,,0.0,0.0,0.0,50.0,50.0,0.0,50.0,0.9,0.09999999999999998,0.0,0.0,0.0,0.0,0.0,0.0,0.0,
1765989588.6601548,eth-updown-15m-1765989000,1765989000.0,1765989900.0,,311.3398451805115,,,,,0,0,0.9,0.98,ORDERS_OPEN,,,,,,,,,,,,,,0,5,,,,,,,,,,,,,,,,,,,,,,,,,,,,0.0,0.0,,,,,0,0,,,Inv: 0.0/0.0 CapLeft: 50.0,,,0.0,0.0,0.0,50.0,50.0,0.0,50.0,0.9,0.09999999999999998,0.0,0.0,0.0,0.0,0.0,0.0,0.0,
1765989588.4137983,eth-updown-15m-1765989000,1765989000.0,1765989900.0,,311.58620166778564,,,,,0,0,0.98,0.98,ONE_LEG_INVENTORY,,,,,,,,,,,,,,0,5.0,,,,,,,,,,,,,,,,,,,,"RECONSTRUCT_BLOCKED: OVERPAY_LIMIT (Op:0.2200 > L:0.0128, Cost:$1.10)",,,,,,,,25.0,22.340424,,,,,0,0,,,Inv: 25.0/22.3 CapLeft: 2.7,,,25.0,22.340424,47.340424,2.6595760000000013,50.0,0.012499999999999734,49.9875,0.97,0.030000000000000027,2.6595760000000013,0.47,0.75,0.21999999999999997,5.0,1.0999999999999999,0.012815517437458037,OVERPAY_LIMIT
1765989588.4137983,eth-updown-15m-1765989000,1765989000.0,1765989900.0,,311.58620166778564,,,,,0,0,0.98,0.98,ONE_LEG_INVENTORY,,,,,,,,,,,,,,0,5.0,,,,,,,,,,,,,,,,,,,,"RECONSTRUCT_BLOCKED: OVERPAY_LIMIT (Op:0.2200 > L:0.0128, Cost:$1.10)",,,,,,,,25.0,22.340424,,,,,0,0,,,Inv: 25.0/22.3 CapLeft: 2.7,,,25.0,22.340424,47.340424,2.6595760000000013,50.0,0.012499999999999734,49.9875,0.97,0.030000000000000027,2.6595760000000013,0.47,0.75,0.21999999999999997,5.0,1.0999999999999999,0.012815517437458037,OVERPAY_LIMIT
1765989590.1616702,eth-updown-15m-1765989000,1765989000.0,1765989900.0,,309.8383297920227,,,,,0,0,0.9,0.98,ORDERS_OPEN,,,,,,,,,,,,,,0,5,,,,,,,,,,,,,,,,,,,,,,,,,,,,0.0,0.0,,,,,0,0,,,Inv: 0.0/0.0 CapLeft: 50.0,,,0.0,0.0,0.0,50.0,50.0,0.0,50.0,0.9,0.09999999999999998,0.0,0.0,0.0,0.0,0.0,0.0,0.0,
1765989590.3451326,eth-updown-15m-1765989000,1765989000.0,1765989900.0,,309.6548674106598,,,,,0,0,0.98,0.98,ONE_LEG_INVENTORY,,,,,,,,,,,,,,0,5.0,,,,,,,,,,,,,,,,,,,,"RECONSTRUCT_BLOCKED: OVERPAY_LIMIT (Op:0.2000 > L:0.0129, Cost:$1.00)",,,,,,,,25.0,22.340424,,,,,0,0,,,Inv: 25.0/22.3 CapLeft: 2.7,,,25.0,22.340424,47.340424,2.6595760000000013,50.0,0.012499999999999734,49.9875,0.97,0.030000000000000027,2.6595760000000013,0.47,0.73,0.19999999999999996,5.0,0.9999999999999998,0.012887942472100258,OVERPAY_LIMIT
1765989590.3451326,eth-updown-15m-1765989000,1765989000.0,1765989900.0,,309.6548674106598,,,,,0,0,0.98,0.98,ONE_LEG_INVENTORY,,,,,,,,,,,,,,0,5.0,,,,,,,,,,,,,,,,,,,,"RECONSTRUCT_BLOCKED: OVERPAY_LIMIT (Op:0.2000 > L:0.0129, Cost:$1.00)",,,,,,,,25.0,22.340424,,,,,0,0,,,Inv: 25.0/22.3 CapLeft: 2.7,,,25.0,22.340424,47.340424,2.6595760000000013,50.0,0.012499999999999734,49.9875,0.97,0.030000000000000027,2.6595760000000013,0.47,0.73,0.19999999999999996,5.0,0.9999999999999998,0.012887942472100258,OVERPAY_LIMIT
1765989591.662905,eth-updown-15m-1765989000,1765989000.0,1765989900.0,,308.33709502220154,,,,,0,0,0.9,0.98,ORDERS_OPEN,,,,,,,,,,,,,,0,5,,,,,,,,,,,,,,,,,,,,,,,,,,,,0.0,0.0,,,,,0,0,,,Inv: 0.0/0.0 CapLeft: 50.0,,,0.0,0.0,0.0,50.0,50.0,0.0,50.0,0.9,0.09999999999999998,0.0,0.0,0.0,0.0,0.0,0.0,0.0,
1765989592.2949612,eth-updown-15m-1765989000,1765989000.0,1765989900.0,,307.70503878593445,,,,,0,0,0.97,0.98,ONE_LEG_INVENTORY,,,,,,,,,,,,,,0,5.0,,,,,,,,,,,,,,,,,,,,"RECONSTRUCT_BLOCKED: OVERPAY_LIMIT (Op:0.1800 > L:0.0130, Cost:$0.90)",,,,,,,,25.0,22.340424,,,,,0,0,,,Inv: 25.0/22.3 CapLeft: 2.7,,,25.0,22.340424,47.340424,2.6595760000000013,50.0,0.012499999999999734,49.9875,0.97,0.030000000000000027,2.6595760000000013,0.47,0.71,0.17999999999999994,5.0,0.8999999999999997,0.012961061045527458,OVERPAY_LIMIT
1765989592.2949612,eth-updown-15m-1765989000,1765989000.0,1765989900.0,,307.70503878593445,,,,,0,0,0.97,0.98,ONE_LEG_INVENTORY,,,,,,,,,,,,,,0,5.0,,,,,,,,,,,,,,,,,,,,"RECONSTRUCT_BLOCKED: OVERPAY_LIMIT (Op:0.1800 > L:0.0130, Cost:$0.90)",,,,,,,,25.0,22.340424,,,,,0,0,,,Inv: 25.0/22.3 CapLeft: 2.7,,,25.0,22.340424,47.340424,2.6595760000000013,50.0,0.012499999999999734,49.9875,0.97,0.030000000000000027,2.6595760000000013,0.47,0.71,0.17999999999999994,5.0,0.8999999999999997,0.012961061045527458,OVERPAY_LIMIT
1765989593.1643665,eth-updown-15m-1765989000,1765989000.0,1765989900.0,,306.83563351631165,,,,,0,0,0.9,0.98,ORDERS_OPEN,,,,,,,,,,,,,,0,5,,,,,,,,,,,,,,,,,,,,,,,,,,,,0.0,0.0,,,,,0,0,,,Inv: 0.0/0.0 CapLeft: 50.0,,,0.0,0.0,0.0,50.0,50.0,0.0,50.0,0.9,0.09999999999999998,0.0,0.0,0.0,0.0,0.0,0.0,0.0,
1765989594.6651402,eth-updown-15m-1765989000,1765989000.0,1765989900.0,,305.33485984802246,,,,,0,0,0.9,0.98,ORDERS_OPEN,,,,,,,,,,,,,,0,5,,,,,,,,,,,,,,,,,,,,,,,,,,,,0.0,0.0,,,,,0,0,,,Inv: 0.0/0.0 CapLeft: 50.0,,,0.0,0.0,0.0,50.0,50.0,0.0,50.0,0.9,0.09999999999999998,0.0,0.0,0.0,0.0,0.0,0.0,0.0,
1765989594.2386987,eth-updown-15m-1765989000,1765989000.0,1765989900.0,,305.761301279068,,,,,0,0,0.99,0.98,ONE_LEG_INVENTORY,,,,,,,,,,,,,,0,5.0,,,,,,,,,,,,,,,,,,,,"RECONSTRUCT_BLOCKED: OVERPAY_LIMIT (Op:0.1700 > L:0.0130, Cost:$0.85)",,,,,,,,25.0,22.340424,,,,,0,0,,,Inv: 25.0/22.3 CapLeft: 2.7,,,25.0,22.340424,47.340424,2.6595760000000013,50.0,0.012499999999999734,49.9875,0.97,0.030000000000000027,2.6595760000000013,0.47,0.7,0.16999999999999993,5.0,0.8499999999999996,0.01303395120203495,OVERPAY_LIMIT
1765989594.2386987,eth-updown-15m-1765989000,1765989000.0,1765989900.0,,305.761301279068,,,,,0,0,0.99,0.98,ONE_LEG_INVENTORY,,,,,,,,,,,,,,0,5.0,,,,,,,,,,,,,,,,,,,,"RECONSTRUCT_BLOCKED: OVERPAY_LIMIT (Op:0.1700 > L:0.0130, Cost:$0.85)",,,,,,,,25.0,22.340424,,,,,0,0,,,Inv: 25.0/22.3 CapLeft: 2.7,,,25.0,22.340424,47.340424,2.6595760000000013,50.0,0.012499999999999734,49.9875,0.97,0.030000000000000027,2.6595760000000013,0.47,0.7,0.16999999999999993,5.0,0.8499999999999996,0.01303395120203495,OVERPAY_LIMIT
1765989596.1967611,eth-updown-15m-1765989000,1765989000.0,1765989900.0,,303.8032388687134,,,,,0,0,0.99,0.98,ONE_LEG_INVENTORY,,,,,,,,,,,,,,0,5.0,,,,,,,,,,,,,,,,,,,,"RECONSTRUCT_BLOCKED: OVERPAY_LIMIT (Op:0.1700 > L:0.0131, Cost:$0.85)",,,,,,,,25.0,22.340424,,,,,0,0,,,Inv: 25.0/22.3 CapLeft: 2.7,,,25.0,22.340424,47.340424,2.6595760000000013,50.0,0.012499999999999734,49.9875,0.97,0.030000000000000027,2.6595760000000013,0.47,0.7,0.16999999999999993,5.0,0.8499999999999996,0.013107378542423248,OVERPAY_LIMIT
1765989596.1967611,eth-updown-15m-1765989000,1765989000.0,1765989900.0,,303.8032388687134,,,,,0,0,0.99,0.98,ONE_LEG_INVENTORY,,,,,,,,,,,,,,0,5.0,,,,,,,,,,,,,,,,,,,,"RECONSTRUCT_BLOCKED: OVERPAY_LIMIT (Op:0.1700 > L:0.0131, Cost:$0.85)",,,,,,,,25.0,22.340424,,,,,0,0,,,Inv: 25.0/22.3 CapLeft: 2.7,,,25.0,22.340424,47.340424,2.6595760000000013,50.0,0.012499999999999734,49.9875,0.97,0.030000000000000027,2.6595760000000013,0.47,0.7,0.16999999999999993,5.0,0.8499999999999996,0.013107378542423248,OVERPAY_LIMIT
1765989597.6674705,eth-updown-15m-1765989000,1765989000.0,1765989900.0,,302.3325295448303,,,,,0.45,0.45,0.9,0.98,ORDERS_OPEN,,,,,,,,,,,,,,5,5,,,,,,,,,,,,,,,,,,,,Leg:BOTH UP:5 DOWN:5,,,,,,,,0.0,0.0,,,,,0,0,,,Inv: 0.0/0.0 CapLeft: 50.0,,,0.0,0.0,0.0,50.0,50.0,0.0,50.0,0.9,0.09999999999999998,0.0,0.0,0.0,0.0,0.0,0.0,0.0,
1765989598.1274958,eth-updown-15m-1765989000,1765989000.0,1765989900.0,,301.87250423431396,,,,,0,0,0.99,0.98,ONE_LEG_INVENTORY,,,,,,,,,,,,,,0,5.0,,,,,,,,,,,,,,,,,,,,"RECONSTRUCT_BLOCKED: OVERPAY_LIMIT (Op:0.1900 > L:0.0132, Cost:$0.95)",,,,,,,,25.0,22.340424,,,,,0,0,,,Inv: 25.0/22.3 CapLeft: 2.7,,,25.0,22.340424,47.340424,2.6595760000000013,50.0,0.012499999999999734,49.9875,0.97,0.030000000000000027,2.6595760000000013,0.47,0.72,0.18999999999999995,5.0,0.9499999999999997,0.013179781091213226,OVERPAY_LIMIT
1765989598.1274958,eth-updown-15m-1765989000,1765989000.0,1765989900.0,,301.87250423431396,,,,,0,0,0.99,0.98,ONE_LEG_INVENTORY,,,,,,,,,,,,,,0,5.0,,,,,,,,,,,,,,,,,,,,"RECONSTRUCT_BLOCKED: OVERPAY_LIMIT (Op:0.1900 > L:0.0132, Cost:$0.95)",,,,,,,,25.0,22.340424,,,,,0,0,,,Inv: 25.0/22.3 CapLeft: 2.7,,,25.0,22.340424,47.340424,2.6595760000000013,50.0,0.012499999999999734,49.9875,0.97,0.030000000000000027,2.6595760000000013,0.47,0.72,0.18999999999999995,5.0,0.9499999999999997,0.013179781091213226,OVERPAY_LIMIT
1765989599.1690884,eth-updown-15m-1765989000,1765989000.0,1765989900.0,,300.83091163635254,,,,,0,0,0.9,0.98,ORDERS_OPEN,,,,,,,,,,,,,,0,5,,,,,,,,,,,,,,,,,,,,,,,,,,,,0.0,0.0,,,,,0,0,,,Inv: 0.0/0.0 CapLeft: 50.0,,,0.0,0.0,0.0,50.0,50.0,0.0,50.0,0.9,0.09999999999999998,0.0,0.0,0.0,0.0,0.0,0.0,0.0,
1765989600.0875285,eth-updown-15m-1765989000,1765989000.0,1765989900.0,,299.91247153282166,,,,,0,0,0.98,0.98,ONE_LEG_INVENTORY,,,,,,,,,,,,,,0,5.0,,,,,,,,,,,,,,,,,,,,"RECONSTRUCT_BLOCKED: OVERPAY_LIMIT (Op:0.1700 > L:0.0133, Cost:$0.85)",,,,,,,,25.0,22.340424,,,,,0,0,,,Inv: 25.0/22.3 CapLeft: 2.7,,,25.0,22.340424,47.340424,2.6595760000000013,50.0,0.012499999999999734,49.9875,0.97,0.030000000000000027,2.6595760000000013,0.47,0.7,0.16999999999999993,5.0,0.8499999999999996,0.013253282317519186,OVERPAY_LIMIT
1765989600.0875285,eth-updown-15m-1765989000,1765989000.0,1765989900.0,,299.91247153282166,,,,,0,0,0.98,0.98,ONE_LEG_INVENTORY,,,,,,,,,,,,,,0,5.0,,,,,,,,,,,,,,,,,,,,"RECONSTRUCT_BLOCKED: OVERPAY_LIMIT (Op:0.1700 > L:0.0133, Cost:$0.85)",,,,,,,,25.0,22.340424,,,,,0,0,,,Inv: 25.0/22.3 CapLeft: 2.7,,,25.0,22.340424,47.340424,2.6595760000000013,50.0,0.012499999999999734,49.9875,0.97,0.030000000000000027,2.6595760000000013,0.47,0.7,0.16999999999999993,5.0,0.8499999999999996,0.013253282317519186,OVERPAY_LIMIT
1765989600.6705086,eth-updown-15m-1765989000,1765989000.0,1765989900.0,,299.32949137687683,,,,,0,0,0.9,0.98,ORDERS_OPEN,,,,,,,,,,,,,,0,5,,,,,,,,,,,,,,,,,,,,,,,,,,,,0.0,0.0,,,,,0,0,,,Inv: 0.0/0.0 CapLeft: 50.0,,,0.0,0.0,0.0,50.0,50.0,0.0,50.0,0.9,0.09999999999999998,0.0,0.0,0.0,0.0,0.0,0.0,0.0,
1765989602.1721554,eth-updown-15m-1765989000,1765989000.0,1765989900.0,,297.827844619751,,,,,0,0,0.9,0.98,ORDERS_OPEN,,,,,,,,,,,,,,0,5,,,,,,,,,,,,,,,,,,,,,,,,,,,,0.0,0.0,,,,,0,0,,,Inv: 0.0/0.0 CapLeft: 50.0,,,0.0,0.0,0.0,50.0,50.0,0.0,50.0,0.9,0.09999999999999998,0.0,0.0,0.0,0.0,0.0,0.0,0.0,
1765989602.082125,eth-updown-15m-1765989000,1765989000.0,1765989900.0,,297.9178750514984,,,,,0,0,0.99,0.98,ONE_LEG_INVENTORY,,,,,,,,,,,,,,0,5.0,,,,,,,,,,,,,,,,,,,,"RECONSTRUCT_BLOCKED: OVERPAY_LIMIT (Op:0.1900 > L:0.0133, Cost:$0.95)",,,,,,,,25.0,22.340424,,,,,0,0,,,Inv: 25.0/22.3 CapLeft: 2.7,,,25.0,22.340424,47.340424,2.6595760000000013,50.0,0.012499999999999734,49.9875,0.97,0.030000000000000027,2.6595760000000013,0.47,0.72,0.18999999999999995,5.0,0.9499999999999997,0.013328079685568808,OVERPAY_LIMIT
1765989602.082125,eth-updown-15m-1765989000,1765989000.0,1765989900.0,,297.9178750514984,,,,,0,0,0.99,0.98,ONE_LEG_INVENTORY,,,,,,,,,,,,,,0,5.0,,,,,,,,,,,,,,,,,,,,"RECONSTRUCT_BLOCKED: OVERPAY_LIMIT (Op:0.1900 > L:0.0133, Cost:$0.95)",,,,,,,,25.0,22.340424,,,,,0,0,,,Inv: 25.0/22.3 CapLeft: 2.7,,,25.0,22.340424,47.340424,2.6595760000000013,50.0,0.012499999999999734,49.9875,0.97,0.030000000000000027,2.6595760000000013,0.47,0.72,0.18999999999999995,5.0,0.9499999999999997,0.013328079685568808,OVERPAY_LIMIT
1765989603.6734219,eth-updown-15m-1765989000,1765989000.0,1765989900.0,,296.3265781402588,,,,,0,0,0.9,0.98,ORDERS_OPEN,,,,,,,,,,,,,,0,5,,,,,,,,,,,,,,,,,,,,,,,,,,,,0.0,0.0,,,,,0,0,,,Inv: 0.0/0.0 CapLeft: 50.0,,,0.0,0.0,0.0,50.0,50.0,0.0,50.0,0.9,0.09999999999999998,0.0,0.0,0.0,0.0,0.0,0.0,0.0,
1765989604.0534475,eth-updown-15m-1765989000,1765989000.0,1765989900.0,,295.9465525150299,,,,,0,0,1.0,0.98,ONE_LEG_INVENTORY,,,,,,,,,,,,,,0,5.0,,,,,,,,,,,,,,,,,,,,"RECONSTRUCT_BLOCKED: OVERPAY_LIMIT (Op:0.1400 > L:0.0134, Cost:$0.70)",,,,,,,,25.0,22.340424,,,,,0,0,,,Inv: 25.0/22.3 CapLeft: 2.7,,,25.0,22.340424,47.340424,2.6595760000000013,50.0,0.012499999999999734,49.9875,0.97,0.030000000000000027,2.6595760000000013,0.47,0.67,0.14000000000000012,5.0,0.7000000000000006,0.013402004280686377,OVERPAY_LIMIT
1765989604.0534475,eth-updown-15m-1765989000,1765989000.0,1765989900.0,,295.9465525150299,,,,,0,0,1.0,0.98,ONE_LEG_INVENTORY,,,,,,,,,,,,,,0,5.0,,,,,,,,,,,,,,,,,,,,"RECONSTRUCT_BLOCKED: OVERPAY_LIMIT (Op:0.1400 > L:0.0134, Cost:$0.70)",,,,,,,,25.0,22.340424,,,,,0,0,,,Inv: 25.0/22.3 CapLeft: 2.7,,,25.0,22.340424,47.340424,2.6595760000000013,50.0,0.012499999999999734,49.9875,0.97,0.030000000000000027,2.6595760000000013,0.47,0.67,0.14000000000000012,5.0,0.7000000000000006,0.013402004280686377,OVERPAY_LIMIT
1765989605.175799,eth-updown-15m-1765989000,1765989000.0,1765989900.0,,294.82420110702515,,,,,0,0,0.9,0.98,ORDERS_OPEN,,,,,,,,,,,,,,0,5,,,,,,,,,,,,,,,,,,,,,,,,,,,,0.0,0.0,,,,,0,0,,,Inv: 0.0/0.0 CapLeft: 50.0,,,0.0,0.0,0.0,50.0,50.0,0.0,50.0,0.9,0.09999999999999998,0.0,0.0,0.0,0.0,0.0,0.0,0.0,
1765989606.005533,eth-updown-15m-1765989000,1765989000.0,1765989900.0,,293.9944670200348,,,,,0,0,0.97,0.98,ONE_LEG_INVENTORY,,,,,,,,,,,,,,0,5.0,,,,,,,,,,,,,,,,,,,,"RECONSTRUCT_BLOCKED: OVERPAY_LIMIT (Op:0.1900 > L:0.0135, Cost:$0.95)",,,,,,,,25.0,22.340424,,,,,0,0,,,Inv: 25.0/22.3 CapLeft: 2.7,,,25.0,22.340424,47.340424,2.6595760000000013,50.0,0.012499999999999734,49.9875,0.97,0.030000000000000027,2.6595760000000013,0.47,0.72,0.18999999999999995,5.0,0.9499999999999997,0.013475207486748695,OVERPAY_LIMIT
1765989606.005533,eth-updown-15m-1765989000,1765989000.0,1765989900.0,,293.9944670200348,,,,,0,0,0.97,0.98,ONE_LEG_INVENTORY,,,,,,,,,,,,,,0,5.0,,,,,,,,,,,,,,,,,,,,"RECONSTRUCT_BLOCKED: OVERPAY_LIMIT (Op:0.1900 > L:0.0135, Cost:$0.95)",,,,,,,,25.0,22.340424,,,,,0,0,,,Inv: 25.0/22.3 CapLeft: 2.7,,,25.0,22.340424,47.340424,2.6595760000000013,50.0,0.012499999999999734,49.9875,0.97,0.030000000000000027,2.6595760000000013,0.47,0.72,0.18999999999999995,5.0,0.9499999999999997,0.013475207486748695,OVERPAY_LIMIT
1765989606.6770208,eth-updown-15m-1765989000,1765989000.0,1765989900.0,,293.32297921180725,,,,,0,0,0.9,0.98,ORDERS_OPEN,,,,,,,,,,,,,,0,5,,,,,,,,,,,,,,,,,,,,,,,,,,,,0.0,0.0,,,,,0,0,,,Inv: 0.0/0.0 CapLeft: 50.0,,,0.0,0.0,0.0,50.0,50.0,0.0,50.0,0.9,0.09999999999999998,0.0,0.0,0.0,0.0,0.0,0.0,0.0,
1765989608.1788254,eth-updown-15m-1765989000,1765989000.0,1765989900.0,,291.82117462158203,,,,,0,0,0.9,0.98,ORDERS_OPEN,,,,,,,,,,,,,,0,5,,,,,,,,,,,,,,,,,,,,,,,,,,,,0.0,0.0,,,,,0,0,,,Inv: 0.0/0.0 CapLeft: 50.0,,,0.0,0.0,0.0,50.0,50.0,0.0,50.0,0.9,0.09999999999999998,0.0,0.0,0.0,0.0,0.0,0.0,0.0,
1765989607.9855819,eth-updown-15m-1765989000,1765989000.0,1765989900.0,,292.0144181251526,,,,,0,0,0.98,0.98,ONE_LEG_INVENTORY,,,,,,,,,,,,,,0,5.0,,,,,,,,,,,,,,,,,,,,"RECONSTRUCT_BLOCKED: OVERPAY_LIMIT (Op:0.1700 > L:0.0135, Cost:$0.85)",,,,,,,,25.0,22.340424,,,,,0,0,,,Inv: 25.0/22.3 CapLeft: 2.7,,,25.0,22.340424,47.340424,2.6595760000000013,50.0,0.012499999999999734,49.9875,0.97,0.030000000000000027,2.6595760000000013,0.47,0.7,0.16999999999999993,5.0,0.8499999999999996,0.013549459320306777,OVERPAY_LIMIT
1765989607.9855819,eth-updown-15m-1765989000,1765989000.0,1765989900.0,,292.0144181251526,,,,,0,0,0.98,0.98,ONE_LEG_INVENTORY,,,,,,,,,,,,,,0,5.0,,,,,,,,,,,,,,,,,,,,"RECONSTRUCT_BLOCKED: OVERPAY_LIMIT (Op:0.1700 > L:0.0135, Cost:$0.85)",,,,,,,,25.0,22.340424,,,,,0,0,,,Inv: 25.0/22.3 CapLeft: 2.7,,,25.0,22.340424,47.340424,2.6595760000000013,50.0,0.012499999999999734,49.9875,0.97,0.030000000000000027,2.6595760000000013,0.47,0.7,0.16999999999999993,5.0,0.8499999999999996,0.013549459320306777,OVERPAY_LIMIT
1765989609.6812189,eth-updown-15m-1765989000,1765989000.0,1765989900.0,,290.31878113746643,,,,,0,0,0.9,0.98,ORDERS_OPEN,,,,,,,,,,,,,,0,5,,,,,,,,,,,,,,,,,,,,,,,,,,,,0.0,0.0,,,,,0,0,,,Inv: 0.0/0.0 CapLeft: 50.0,,,0.0,0.0,0.0,50.0,50.0,0.0,50.0,0.9,0.09999999999999998,0.0,0.0,0.0,0.0,0.0,0.0,0.0,
1765989609.90864,eth-updown-15m-1765989000,1765989000.0,1765989900.0,,290.0913600921631,,,,,0,0,0.98,0.98,ONE_LEG_INVENTORY,,,,,,,,,,,,,,0,5.0,,,,,,,,,,,,,,,,,,,,"RECONSTRUCT_BLOCKED: OVERPAY_LIMIT (Op:0.1800 > L:0.0136, Cost:$0.90)",,,,,,,,25.0,22.340424,,,,,0,0,,,Inv: 25.0/22.3 CapLeft: 2.7,,,25.0,22.340424,47.340424,2.6595760000000013,50.0,0.012499999999999734,49.9875,0.97,0.030000000000000027,2.6595760000000013,0.47,0.71,0.17999999999999994,5.0,0.8999999999999997,0.013621573996543884,OVERPAY_LIMIT
1765989609.90864,eth-updown-15m-1765989000,1765989000.0,1765989900.0,,290.0913600921631,,,,,0,0,0.98,0.98,ONE_LEG_INVENTORY,,,,,,,,,,,,,,0,5.0,,,,,,,,,,,,,,,,,,,,"RECONSTRUCT_BLOCKED: OVERPAY_LIMIT (Op:0.1800 > L:0.0136, Cost:$0.90)",,,,,,,,25.0,22.340424,,,,,0,0,,,Inv: 25.0/22.3 CapLeft: 2.7,,,25.0,22.340424,47.340424,2.6595760000000013,50.0,0.012499999999999734,49.9875,0.97,0.030000000000000027,2.6595760000000013,0.47,0.71,0.17999999999999994,5.0,0.8999999999999997,0.013621573996543884,OVERPAY_LIMIT
1765989611.1835287,eth-updown-15m-1765989000,1765989000.0,1765989900.0,,288.8164713382721,,,,,0,0,0.9,0.98,ORDERS_OPEN,,,,,,,,,,,,,,0,5,,,,,,,,,,,,,,,,,,,,,,,,,,,,0.0,0.0,,,,,0,0,,,Inv: 0.0/0.0 CapLeft: 50.0,,,0.0,0.0,0.0,50.0,50.0,0.0,50.0,0.9,0.09999999999999998,0.0,0.0,0.0,0.0,0.0,0.0,0.0,
1765989611.8469903,eth-updown-15m-1765989000,1765989000.0,1765989900.0,,288.15300965309143,,,,,0,0,0.98,0.98,ONE_LEG_INVENTORY,,,,,,,,,,,,,,0,5.0,,,,,,,,,,,,,,,,,,,,"RECONSTRUCT_BLOCKED: OVERPAY_LIMIT (Op:0.2100 > L:0.0137, Cost:$1.05)",,,,,,,,25.0,22.340424,,,,,0,0,,,Inv: 25.0/22.3 CapLeft: 2.7,,,25.0,22.340424,47.340424,2.6595760000000013,50.0,0.012499999999999734,49.9875,0.97,0.030000000000000027,2.6595760000000013,0.47,0.74,0.20999999999999996,5.0,1.0499999999999998,0.01369426213800907,OVERPAY_LIMIT
1765989611.8469903,eth-updown-15m-1765989000,1765989000.0,1765989900.0,,288.15300965309143,,,,,0,0,0.98,0.98,ONE_LEG_INVENTORY,,,,,,,,,,,,,,0,5.0,,,,,,,,,,,,,,,,,,,,"RECONSTRUCT_BLOCKED: OVERPAY_LIMIT (Op:0.2100 > L:0.0137, Cost:$1.05)",,,,,,,,25.0,22.340424,,,,,0,0,,,Inv: 25.0/22.3 CapLeft: 2.7,,,25.0,22.340424,47.340424,2.6595760000000013,50.0,0.012499999999999734,49.9875,0.97,0.030000000000000027,2.6595760000000013,0.47,0.74,0.20999999999999996,5.0,1.0499999999999998,0.01369426213800907,OVERPAY_LIMIT
1765989614.1854131,eth-updown-15m-1765989000,1765989000.0,1765989900.0,,285.8145868778229,,,,,0.45,0.45,0.9,0.98,ORDERS_OPEN,,,,,,,,,,,,,,5,5,,,,,,,,,,,,,,,,,,,,Leg:BOTH UP:5 DOWN:5,,,,,,,,0.0,0.0,,,,,0,0,,,Inv: 0.0/0.0 CapLeft: 50.0,,,0.0,0.0,0.0,50.0,50.0,0.0,50.0,0.9,0.09999999999999998,0.0,0.0,0.0,0.0,0.0,0.0,0.0,
1765989613.8003638,eth-updown-15m-1765989000,1765989000.0,1765989900.0,,286.199636220932,,,,,0,0,0.98,0.98,ONE_LEG_INVENTORY,,,,,,,,,,,,,,0,5.0,,,,,,,,,,,,,,,,,,,,"RECONSTRUCT_BLOCKED: OVERPAY_LIMIT (Op:0.2200 > L:0.0138, Cost:$1.10)",,,,,,,,25.0,22.340424,,,,,0,0,,,Inv: 25.0/22.3 CapLeft: 2.7,,,25.0,22.340424,47.340424,2.6595760000000013,50.0,0.012499999999999734,49.9875,0.97,0.030000000000000027,2.6595760000000013,0.47,0.75,0.21999999999999997,5.0,1.0999999999999999,0.01376751364171505,OVERPAY_LIMIT
1765989613.8003638,eth-updown-15m-1765989000,1765989000.0,1765989900.0,,286.199636220932,,,,,0,0,0.98,0.98,ONE_LEG_INVENTORY,,,,,,,,,,,,,,0,5.0,,,,,,,,,,,,,,,,,,,,"RECONSTRUCT_BLOCKED: OVERPAY_LIMIT (Op:0.2200 > L:0.0138, Cost:$1.10)",,,,,,,,25.0,22.340424,,,,,0,0,,,Inv: 25.0/22.3 CapLeft: 2.7,,,25.0,22.340424,47.340424,2.6595760000000013,50.0,0.012499999999999734,49.9875,0.97,0.030000000000000027,2.6595760000000013,0.47,0.75,0.21999999999999997,5.0,1.0999999999999999,0.01376751364171505,OVERPAY_LIMIT
1765989615.6873314,eth-updown-15m-1765989000,1765989000.0,1765989900.0,,284.3126685619354,,,,,0,0,0.9,0.98,ORDERS_OPEN,,,,,,,,,,,,,,0,5,,,,,,,,,,,,,,,,,,,,,,,,,,,,0.0,0.0,,,,,0,0,,,Inv: 0.0/0.0 CapLeft: 50.0,,,0.0,0.0,0.0,50.0,50.0,0.0,50.0,0.9,0.09999999999999998,0.0,0.0,0.0,0.0,0.0,0.0,0.0,
1765989615.7799819,eth-updown-15m-1765989000,1765989000.0,1765989900.0,,284.22001814842224,,,,,0,0,0.99,0.98,ONE_LEG_INVENTORY,,,,,,,,,,,,,,0,5.0,,,,,,,,,,,,,,,,,,,,"RECONSTRUCT_BLOCKED: OVERPAY_LIMIT (Op:0.2500 > L:0.0138, Cost:$1.25)",,,,,,,,25.0,22.340424,,,,,0,0,,,Inv: 25.0/22.3 CapLeft: 2.7,,,25.0,22.340424,47.340424,2.6595760000000013,50.0,0.012499999999999734,49.9875,0.97,0.030000000000000027,2.6595760000000013,0.47,0.78,0.25,5.0,1.25,0.013841749319434165,OVERPAY_LIMIT
1765989615.7799819,eth-updown-15m-1765989000,1765989000.0,1765989900.0,,284.22001814842224,,,,,0,0,0.99,0.98,ONE_LEG_INVENTORY,,,,,,,,,,,,,,0,5.0,,,,,,,,,,,,,,,,,,,,"RECONSTRUCT_BLOCKED: OVERPAY_LIMIT (Op:0.2500 > L:0.0138, Cost:$1.25)",,,,,,,,25.0,22.340424,,,,,0,0,,,Inv: 25.0/22.3 CapLeft: 2.7,,,25.0,22.340424,47.340424,2.6595760000000013,50.0,0.012499999999999734,49.9875,0.97,0.030000000000000027,2.6595760000000013,0.47,0.78,0.25,5.0,1.25,0.013841749319434165,OVERPAY_LIMIT
1765989617.1887808,eth-updown-15m-1765989000,1765989000.0,1765989900.0,,282.81121921539307,,,,,0,0,0.9,0.98,ORDERS_OPEN,,,,,,,,,,,,,,0,5,,,,,,,,,,,,,,,,,,,,,,,,,,,,0.0,0.0,,,,,0,0,,,Inv: 0.0/0.0 CapLeft: 50.0,,,0.0,0.0,0.0,50.0,50.0,0.0,50.0,0.9,0.09999999999999998,0.0,0.0,0.0,0.0,0.0,0.0,0.0,
1765989617.7049015,eth-updown-15m-1765989000,1765989000.0,1765989900.0,,282.2950985431671,,,,,0,0,0.98,0.98,ONE_LEG_INVENTORY,,,,,,,,,,,,,,0,5.0,,,,,,,,,,,,,,,,,,,,"RECONSTRUCT_BLOCKED: OVERPAY_LIMIT (Op:0.2700 > L:0.0139, Cost:$1.35)",,,,,,,,25.0,22.340424,,,,,0,0,,,Inv: 25.0/22.3 CapLeft: 2.7,,,25.0,22.340424,47.340424,2.6595760000000013,50.0,0.012499999999999734,49.9875,0.97,0.030000000000000027,2.6595760000000013,0.47,0.8,0.27,5.0,1.35,0.013913933804631233,OVERPAY_LIMIT
1765989617.7049015,eth-updown-15m-1765989000,1765989000.0,1765989900.0,,282.2950985431671,,,,,0,0,0.98,0.98,ONE_LEG_INVENTORY,,,,,,,,,,,,,,0,5.0,,,,,,,,,,,,,,,,,,,,"RECONSTRUCT_BLOCKED: OVERPAY_LIMIT (Op:0.2700 > L:0.0139, Cost:$1.35)",,,,,,,,25.0,22.340424,,,,,0,0,,,Inv: 25.0/22.3 CapLeft: 2.7,,,25.0,22.340424,47.340424,2.6595760000000013,50.0,0.012499999999999734,49.9875,0.97,0.030000000000000027,2.6595760000000013,0.47,0.8,0.27,5.0,1.35,0.013913933804631233,OVERPAY_LIMIT
1765989618.6910403,eth-updown-15m-1765989000,1765989000.0,1765989900.0,,281.3089597225189,,,,,0,0,0.9,0.98,ORDERS_OPEN,,,,,,,,,,,,,,0,5,,,,,,,,,,,,,,,,,,,,,,,,,,,,0.0,0.0,,,,,0,0,,,Inv: 0.0/0.0 CapLeft: 50.0,,,0.0,0.0,0.0,50.0,50.0,0.0,50.0,0.9,0.09999999999999998,0.0,0.0,0.0,0.0,0.0,0.0,0.0,
1765989619.6507976,eth-updown-15m-1765989000,1765989000.0,1765989900.0,,280.3492023944855,,,,,0,0,0.98,0.98,ONE_LEG_INVENTORY,,,,,,,,,,,,,,0,5.0,,,,,,,,,,,,,,,,,,,,"RECONSTRUCT_BLOCKED: OVERPAY_LIMIT (Op:0.2600 > L:0.0140, Cost:$1.30)",,,,,,,,25.0,22.340424,,,,,0,0,,,Inv: 25.0/22.3 CapLeft: 2.7,,,25.0,22.340424,47.340424,2.6595760000000013,50.0,0.012499999999999734,49.9875,0.97,0.030000000000000027,2.6595760000000013,0.47,0.79,0.26,5.0,1.3,0.013986904910206793,OVERPAY_LIMIT
1765989619.6507976,eth-updown-15m-1765989000,1765989000.0,1765989900.0,,280.3492023944855,,,,,0,0,0.98,0.98,ONE_LEG_INVENTORY,,,,,,,,,,,,,,0,5.0,,,,,,,,,,,,,,,,,,,,"RECONSTRUCT_BLOCKED: OVERPAY_LIMIT (Op:0.2600 > L:0.0140, Cost:$1.30)",,,,,,,,25.0,22.340424,,,,,0,0,,,Inv: 25.0/22.3 CapLeft: 2.7,,,25.0,22.340424,47.340424,2.6595760000000013,50.0,0.012499999999999734,49.9875,0.97,0.030000000000000027,2.6595760000000013,0.47,0.79,0.26,5.0,1.3,0.013986904910206793,OVERPAY_LIMIT
1765989620.1939275,eth-updown-15m-1765989000,1765989000.0,1765989900.0,,279.806072473526,,,,,0,0,0.9,0.98,ORDERS_OPEN,,,,,,,,,,,,,,0,5,,,,,,,,,,,,,,,,,,,,,,,,,,,,0.0,0.0,,,,,0,0,,,Inv: 0.0/0.0 CapLeft: 50.0,,,0.0,0.0,0.0,50.0,50.0,0.0,50.0,0.9,0.09999999999999998,0.0,0.0,0.0,0.0,0.0,0.0,0.0,
1765989621.6958084,eth-updown-15m-1765989000,1765989000.0,1765989900.0,,278.30419158935547,,,,,0,0,0.9,0.98,ORDERS_OPEN,,,,,,,,,,,,,,0,5,,,,,,,,,,,,,,,,,,,,,,,,,,,,0.0,0.0,,,,,0,0,,,Inv: 0.0/0.0 CapLeft: 50.0,,,0.0,0.0,0.0,50.0,50.0,0.0,50.0,0.9,0.09999999999999998,0.0,0.0,0.0,0.0,0.0,0.0,0.0,
1765989621.5813034,eth-updown-15m-1765989000,1765989000.0,1765989900.0,,278.418696641922,,,,,0,0,0.98,0.98,ONE_LEG_INVENTORY,,,,,,,,,,,,,,0,5.0,,,,,,,,,,,,,,,,,,,,"RECONSTRUCT_BLOCKED: OVERPAY_LIMIT (Op:0.2600 > L:0.0141, Cost:$1.30)",,,,,,,,25.0,22.340424,,,,,0,0,,,Inv: 25.0/22.3 CapLeft: 2.7,,,25.0,22.340424,47.340424,2.6595760000000013,50.0,0.012499999999999734,49.9875,0.97,0.030000000000000027,2.6595760000000013,0.47,0.79,0.26,5.0,1.3,0.014059298875927924,OVERPAY_LIMIT
1765989621.5813034,eth-updown-15m-1765989000,1765989000.0,1765989900.0,,278.418696641922,,,,,0,0,0.98,0.98,ONE_LEG_INVENTORY,,,,,,,,,,,,,,0,5.0,,,,,,,,,,,,,,,,,,,,"RECONSTRUCT_BLOCKED: OVERPAY_LIMIT (Op:0.2600 > L:0.0141, Cost:$1.30)",,,,,,,,25.0,22.340424,,,,,0,0,,,Inv: 25.0/22.3 CapLeft: 2.7,,,25.0,22.340424,47.340424,2.6595760000000013,50.0,0.012499999999999734,49.9875,0.97,0.030000000000000027,2.6595760000000013,0.47,0.79,0.26,5.0,1.3,0.014059298875927924,OVERPAY_LIMIT
1765989623.1984394,eth-updown-15m-1765989000,1765989000.0,1765989900.0,,276.8015606403351,,,,,0,0,0.9,0.98,ORDERS_OPEN,,,,,,,,,,,,,,0,5,,,,,,,,,,,,,,,,,,,,,,,,,,,,0.0,0.0,,,,,0,0,,,Inv: 0.0/0.0 CapLeft: 50.0,,,0.0,0.0,0.0,50.0,50.0,0.0,50.0,0.9,0.09999999999999998,0.0,0.0,0.0,0.0,0.0,0.0,0.0,
1765989623.657398,eth-updown-15m-1765989000,1765989000.0,1765989900.0,,276.3426020145416,,,,,0,0,0.98,0.98,ONE_LEG_INVENTORY,,,,,,,,,,,,,,0,5.0,,,,,,,,,,,,,,,,,,,,"RECONSTRUCT_BLOCKED: OVERPAY_LIMIT (Op:0.2400 > L:0.0141, Cost:$1.20)",,,,,,,,25.0,22.340424,,,,,0,0,,,Inv: 25.0/22.3 CapLeft: 2.7,,,25.0,22.340424,47.340424,2.6595760000000013,50.0,0.012499999999999734,49.9875,0.97,0.030000000000000027,2.6595760000000013,0.47,0.77,0.24,5.0,1.2,0.014137152424454688,OVERPAY_LIMIT
1765989623.657398,eth-updown-15m-1765989000,1765989000.0,1765989900.0,,276.3426020145416,,,,,0,0,0.98,0.98,ONE_LEG_INVENTORY,,,,,,,,,,,,,,0,5.0,,,,,,,,,,,,,,,,,,,,"RECONSTRUCT_BLOCKED: OVERPAY_LIMIT (Op:0.2400 > L:0.0141, Cost:$1.20)",,,,,,,,25.0,22.340424,,,,,0,0,,,Inv: 25.0/22.3 CapLeft: 2.7,,,25.0,22.340424,47.340424,2.6595760000000013,50.0,0.012499999999999734,49.9875,0.97,0.030000000000000027,2.6595760000000013,0.47,0.77,0.24,5.0,1.2,0.014137152424454688,OVERPAY_LIMIT
1765989624.6998038,eth-updown-15m-1765989000,1765989000.0,1765989900.0,,275.3001961708069,,,,,0,0,0.9,0.98,ORDERS_OPEN,,,,,,,,,,,,,,0,5,,,,,,,,,,,,,,,,,,,,,,,,,,,,0.0,0.0,,,,,0,0,,,Inv: 0.0/0.0 CapLeft: 50.0,,,0.0,0.0,0.0,50.0,50.0,0.0,50.0,0.9,0.09999999999999998,0.0,0.0,0.0,0.0,0.0,0.0,0.0,
1765989625.605129,eth-updown-15m-1765989000,1765989000.0,1765989900.0,,274.3948709964752,,,,,0,0,0.99,0.98,ONE_LEG_INVENTORY,,,,,,,,,,,,,,0,5.0,,,,,,,,,,,,,,,,,,,,"RECONSTRUCT_BLOCKED: OVERPAY_LIMIT (Op:0.2300 > L:0.0142, Cost:$1.15)",,,,,,,,25.0,22.340424,,,,,0,0,,,Inv: 25.0/22.3 CapLeft: 2.7,,,25.0,22.340424,47.340424,2.6595760000000013,50.0,0.012499999999999734,49.9875,0.97,0.030000000000000027,2.6595760000000013,0.47,0.76,0.22999999999999998,5.0,1.15,0.014210192337632177,OVERPAY_LIMIT
1765989625.605129,eth-updown-15m-1765989000,1765989000.0,1765989900.0,,274.3948709964752,,,,,0,0,0.99,0.98,ONE_LEG_INVENTORY,,,,,,,,,,,,,,0,5.0,,,,,,,,,,,,,,,,,,,,"RECONSTRUCT_BLOCKED: OVERPAY_LIMIT (Op:0.2300 > L:0.0142, Cost:$1.15)",,,,,,,,25.0,22.340424,,,,,0,0,,,Inv: 25.0/22.3 CapLeft: 2.7,,,25.0,22.340424,47.340424,2.6595760000000013,50.0,0.012499999999999734,49.9875,0.97,0.030000000000000027,2.6595760000000013,0.47,0.76,0.22999999999999998,5.0,1.15,0.014210192337632177,OVERPAY_LIMIT
1765989626.201536,eth-updown-15m-1765989000,1765989000.0,1765989900.0,,273.7984640598297,,,,,0,0,0.9,0.98,ORDERS_OPEN,,,,,,,,,,,,,,0,5,,,,,,,,,,,,,,,,,,,,,,,,,,,,0.0,0.0,,,,,0,0,,,Inv: 0.0/0.0 CapLeft: 50.0,,,0.0,0.0,0.0,50.0,50.0,0.0,50.0,0.9,0.09999999999999998,0.0,0.0,0.0,0.0,0.0,0.0,0.0,
1765989627.7025151,eth-updown-15m-1765989000,1765989000.0,1765989900.0,,272.29748487472534,,,,,0,0,0.9,0.98,ORDERS_OPEN,,,,,,,,,,,,,,0,5,,,,,,,,,,,,,,,,,,,,,,,,,,,,0.0,0.0,,,,,0,0,,,Inv: 0.0/0.0 CapLeft: 50.0,,,0.0,0.0,0.0,50.0,50.0,0.0,50.0,0.9,0.09999999999999998,0.0,0.0,0.0,0.0,0.0,0.0,0.0,
1765989627.5493622,eth-updown-15m-1765989000,1765989000.0,1765989900.0,,272.4506378173828,,,,,0,0,0.97,0.98,ONE_LEG_INVENTORY,,,,,,,,,,,,,,0,5.0,,,,,,,,,,,,,,,,,,,,"RECONSTRUCT_BLOCKED: OVERPAY_LIMIT (Op:0.2000 > L:0.0143, Cost:$1.00)",,,,,,,,25.0,22.340424,,,,,0,0,,,Inv: 25.0/22.3 CapLeft: 2.7,,,25.0,22.340424,47.340424,2.6595760000000013,50.0,0.012499999999999734,49.9875,0.97,0.030000000000000027,2.6595760000000013,0.47,0.73,0.19999999999999996,5.0,0.9999999999999998,0.014283101081848144,OVERPAY_LIMIT
1765989627.5493622,eth-updown-15m-1765989000,1765989000.0,1765989900.0,,272.4506378173828,,,,,0,0,0.97,0.98,ONE_LEG_INVENTORY,,,,,,,,,,,,,,0,5.0,,,,,,,,,,,,,,,,,,,,"RECONSTRUCT_BLOCKED: OVERPAY_LIMIT (Op:0.2000 > L:0.0143, Cost:$1.00)",,,,,,,,25.0,22.340424,,,,,0,0,,,Inv: 25.0/22.3 CapLeft: 2.7,,,25.0,22.340424,47.340424,2.6595760000000013,50.0,0.012499999999999734,49.9875,0.97,0.030000000000000027,2.6595760000000013,0.47,0.73,0.19999999999999996,5.0,0.9999999999999998,0.014283101081848144,OVERPAY_LIMIT
1765989629.6185424,eth-updown-15m-1765989000,1765989000.0,1765989900.0,,270.38145756721497,,,,,0,0,0.98,0.98,ONE_LEG_INVENTORY,,,,,,,,,,,,,,0,5.0,,,,,,,,,,,,,,,,,,,,"RECONSTRUCT_BLOCKED: OVERPAY_LIMIT (Op:0.1900 > L:0.0144, Cost:$0.95)",,,,,,,,25.0,22.340424,,,,,0,0,,,Inv: 25.0/22.3 CapLeft: 2.7,,,25.0,22.340424,47.340424,2.6595760000000013,50.0,0.012499999999999734,49.9875,0.97,0.030000000000000027,2.6595760000000013,0.47,0.72,0.18999999999999995,5.0,0.9499999999999997,0.014360695341229439,OVERPAY_LIMIT
1765989629.6185424,eth-updown-15m-1765989000,1765989000.0,1765989900.0,,270.38145756721497,,,,,0,0,0.98,0.98,ONE_LEG_INVENTORY,,,,,,,,,,,,,,0,5.0,,,,,,,,,,,,,,,,,,,,"RECONSTRUCT_BLOCKED: OVERPAY_LIMIT (Op:0.1900 > L:0.0144, Cost:$0.95)",,,,,,,,25.0,22.340424,,,,,0,0,,,Inv: 25.0/22.3 CapLeft: 2.7,,,25.0,22.340424,47.340424,2.6595760000000013,50.0,0.012499999999999734,49.9875,0.97,0.030000000000000027,2.6595760000000013,0.47,0.72,0.18999999999999995,5.0,0.9499999999999997,0.014360695341229439,OVERPAY_LIMIT
1765989630.7056944,eth-updown-15m-1765989000,1765989000.0,1765989900.0,,269.294305562973,,,,,0.45,0.45,0.9,0.98,ORDERS_OPEN,,,,,,,,,,,,,,5,5,,,,,,,,,,,,,,,,,,,,Leg:BOTH UP:5 DOWN:5,,,,,,,,0.0,0.0,,,,,0,0,,,Inv: 0.0/0.0 CapLeft: 50.0,,,0.0,0.0,0.0,50.0,50.0,0.0,50.0,0.9,0.09999999999999998,0.0,0.0,0.0,0.0,0.0,0.0,0.0,
1765989631.5574026,eth-updown-15m-1765989000,1765989000.0,1765989900.0,,268.4425973892212,,,,,0,0,0.99,0.98,ONE_LEG_INVENTORY,,,,,,,,,,,,,,0,5.0,,,,,,,,,,,,,,,,,,,,"RECONSTRUCT_BLOCKED: OVERPAY_LIMIT (Op:0.2300 > L:0.0144, Cost:$1.15)",,,,,,,,25.0,22.340424,,,,,0,0,,,Inv: 25.0/22.3 CapLeft: 2.7,,,25.0,22.340424,47.340424,2.6595760000000013,50.0,0.012499999999999734,49.9875,0.97,0.030000000000000027,2.6595760000000013,0.47,0.76,0.22999999999999998,5.0,1.15,0.014433402597904205,OVERPAY_LIMIT
1765989631.5574026,eth-updown-15m-1765989000,1765989000.0,1765989900.0,,268.4425973892212,,,,,0,0,0.99,0.98,ONE_LEG_INVENTORY,,,,,,,,,,,,,,0,5.0,,,,,,,,,,,,,,,,,,,,"RECONSTRUCT_BLOCKED: OVERPAY_LIMIT (Op:0.2300 > L:0.0144, Cost:$1.15)",,,,,,,,25.0,22.340424,,,,,0,0,,,Inv: 25.0/22.3 CapLeft: 2.7,,,25.0,22.340424,47.340424,2.6595760000000013,50.0,0.012499999999999734,49.9875,0.97,0.030000000000000027,2.6595760000000013,0.47,0.76,0.22999999999999998,5.0,1.15,0.014433402597904205,OVERPAY_LIMIT
1765989632.2073998,eth-updown-15m-1765989000,1765989000.0,1765989900.0,,267.7926001548767,,,,,0,0,0.9,0.98,ORDERS_OPEN,,,,,,,,,,,,,,0,5,,,,,,,,,,,,,,,,,,,,,,,,,,,,0.0,0.0,,,,,0,0,,,Inv: 0.0/0.0 CapLeft: 50.0,,,0.0,0.0,0.0,50.0,50.0,0.0,50.0,0.9,0.09999999999999998,0.0,0.0,0.0,0.0,0.0,0.0,0.0,
1765989633.7091148,eth-updown-15m-1765989000,1765989000.0,1765989900.0,,266.29088521003723,,,,,0,0,0.9,0.98,ORDERS_OPEN,,,,,,,,,,,,,,0,5,,,,,,,,,,,,,,,,,,,,,,,,,,,,0.0,0.0,,,,,0,0,,,Inv: 0.0/0.0 CapLeft: 50.0,,,0.0,0.0,0.0,50.0,50.0,0.0,50.0,0.9,0.09999999999999998,0.0,0.0,0.0,0.0,0.0,0.0,0.0,
1765989633.4837313,eth-updown-15m-1765989000,1765989000.0,1765989900.0,,266.5162687301636,,,,,0,0,0.97,0.98,ONE_LEG_INVENTORY,,,,,,,,,,,,,,0,5.0,,,,,,,,,,,,,,,,,,,,"RECONSTRUCT_BLOCKED: OVERPAY_LIMIT (Op:0.2400 > L:0.0145, Cost:$1.20)",,,,,,,,25.0,22.340424,,,,,0,0,,,Inv: 25.0/22.3 CapLeft: 2.7,,,25.0,22.340424,47.340424,2.6595760000000013,50.0,0.012499999999999734,49.9875,0.97,0.030000000000000027,2.6595760000000013,0.47,0.77,0.24,5.0,1.2,0.014505639922618866,OVERPAY_LIMIT
1765989633.4837313,eth-updown-15m-1765989000,1765989000.0,1765989900.0,,266.5162687301636,,,,,0,0,0.97,0.98,ONE_LEG_INVENTORY,,,,,,,,,,,,,,0,5.0,,,,,,,,,,,,,,,,,,,,"RECONSTRUCT_BLOCKED: OVERPAY_LIMIT (Op:0.2400 > L:0.0145, Cost:$1.20)",,,,,,,,25.0,22.340424,,,,,0,0,,,Inv: 25.0/22.3 CapLeft: 2.7,,,25.0,22.340424,47.340424,2.6595760000000013,50.0,0.012499999999999734,49.9875,0.97,0.030000000000000027,2.6595760000000013,0.47,0.77,0.24,5.0,1.2,0.014505639922618866,OVERPAY_LIMIT
1765989635.2105284,eth-updown-15m-1765989000,1765989000.0,1765989900.0,,264.78947162628174,,,,,0,0,0.9,0.98,ORDERS_OPEN,,,,,,,,,,,,,,0,5,,,,,,,,,,,,,,,,,,,,,,,,,,,,0.0,0.0,,,,,0,0,,,Inv: 0.0/0.0 CapLeft: 50.0,,,0.0,0.0,0.0,50.0,50.0,0.0,50.0,0.9,0.09999999999999998,0.0,0.0,0.0,0.0,0.0,0.0,0.0,
1765989635.459981,eth-updown-15m-1765989000,1765989000.0,1765989900.0,,264.54001903533936,,,,,0,0,0.98,0.98,ONE_LEG_INVENTORY,,,,,,,,,,,,,,0,5.0,,,,,,,,,,,,,,,,,,,,"RECONSTRUCT_BLOCKED: OVERPAY_LIMIT (Op:0.2200 > L:0.0146, Cost:$1.10)",,,,,,,,25.0,22.340424,,,,,0,0,,,Inv: 25.0/22.3 CapLeft: 2.7,,,25.0,22.340424,47.340424,2.6595760000000013,50.0,0.012499999999999734,49.9875,0.97,0.030000000000000027,2.6595760000000013,0.47,0.75,0.21999999999999997,5.0,1.0999999999999999,0.014579749286174773,OVERPAY_LIMIT
1765989635.459981,eth-updown-15m-1765989000,1765989000.0,1765989900.0,,264.54001903533936,,,,,0,0,0.98,0.98,ONE_LEG_INVENTORY,,,,,,,,,,,,,,0,5.0,,,,,,,,,,,,,,,,,,,,"RECONSTRUCT_BLOCKED: OVERPAY_LIMIT (Op:0.2200 > L:0.0146, Cost:$1.10)",,,,,,,,25.0,22.340424,,,,,0,0,,,Inv: 25.0/22.3 CapLeft: 2.7,,,25.0,22.340424,47.340424,2.6595760000000013,50.0,0.012499999999999734,49.9875,0.97,0.030000000000000027,2.6595760000000013,0.47,0.75,0.21999999999999997,5.0,1.0999999999999999,0.014579749286174773,OVERPAY_LIMIT
1765989636.712525,eth-updown-15m-1765989000,1765989000.0,1765989900.0,,263.28747510910034,,,,,0,0,0.9,0.98,ORDERS_OPEN,,,,,,,,,,,,,,0,5,,,,,,,,,,,,,,,,,,,,,,,,,,,,0.0,0.0,,,,,0,0,,,Inv: 0.0/0.0 CapLeft: 50.0,,,0.0,0.0,0.0,50.0,50.0,0.0,50.0,0.9,0.09999999999999998,0.0,0.0,0.0,0.0,0.0,0.0,0.0,
1765989637.4053402,eth-updown-15m-1765989000,1765989000.0,1765989900.0,,262.59465980529785,,,,,0,0,0.98,0.98,ONE_LEG_INVENTORY,,,,,,,,,,,,,,0,5.0,,,,,,,,,,,,,,,,,,,,"RECONSTRUCT_BLOCKED: OVERPAY_LIMIT (Op:0.2400 > L:0.0147, Cost:$1.20)",,,,,,,,25.0,22.340424,,,,,0,0,,,Inv: 25.0/22.3 CapLeft: 2.7,,,25.0,22.340424,47.340424,2.6595760000000013,50.0,0.012499999999999734,49.9875,0.97,0.030000000000000027,2.6595760000000013,0.47,0.77,0.24,5.0,1.2,0.014652700257301329,OVERPAY_LIMIT
1765989637.4053402,eth-updown-15m-1765989000,1765989000.0,1765989900.0,,262.59465980529785,,,,,0,0,0.98,0.98,ONE_LEG_INVENTORY,,,,,,,,,,,,,,0,5.0,,,,,,,,,,,,,,,,,,,,"RECONSTRUCT_BLOCKED: OVERPAY_LIMIT (Op:0.2400 > L:0.0147, Cost:$1.20)",,,,,,,,25.0,22.340424,,,,,0,0,,,Inv: 25.0/22.3 CapLeft: 2.7,,,25.0,22.340424,47.340424,2.6595760000000013,50.0,0.012499999999999734,49.9875,0.97,0.030000000000000027,2.6595760000000013,0.47,0.77,0.24,5.0,1.2,0.014652700257301329,OVERPAY_LIMIT
1765989638.2140234,eth-updown-15m-1765989000,1765989000.0,1765989900.0,,261.7859766483307,,,,,0,0,0.9,0.98,ORDERS_OPEN,,,,,,,,,,,,,,0,5,,,,,,,,,,,,,,,,,,,,,,,,,,,,0.0,0.0,,,,,0,0,,,Inv: 0.0/0.0 CapLeft: 50.0,,,0.0,0.0,0.0,50.0,50.0,0.0,50.0,0.9,0.09999999999999998,0.0,0.0,0.0,0.0,0.0,0.0,0.0,
1765989639.7153819,eth-updown-15m-1765989000,1765989000.0,1765989900.0,,260.28461813926697,,,,,0,0,0.9,0.98,ORDERS_OPEN,,,,,,,,,,,,,,0,5,,,,,,,,,,,,,,,,,,,,,,,,,,,,0.0,0.0,,,,,0,0,,,Inv: 0.0/0.0 CapLeft: 50.0,,,0.0,0.0,0.0,50.0,50.0,0.0,50.0,0.9,0.09999999999999998,0.0,0.0,0.0,0.0,0.0,0.0,0.0,
1765989639.4454992,eth-updown-15m-1765989000,1765989000.0,1765989900.0,,260.55450081825256,,,,,0,0,0.97,0.98,ONE_LEG_INVENTORY,,,,,,,,,,,,,,0,5.0,,,,,,,,,,,,,,,,,,,,"RECONSTRUCT_BLOCKED: OVERPAY_LIMIT (Op:0.1800 > L:0.0147, Cost:$0.90)",,,,,,,,25.0,22.340424,,,,,0,0,,,Inv: 25.0/22.3 CapLeft: 2.7,,,25.0,22.340424,47.340424,2.6595760000000013,50.0,0.012499999999999734,49.9875,0.97,0.030000000000000027,2.6595760000000013,0.47,0.71,0.17999999999999994,5.0,0.8999999999999997,0.014729206219315527,OVERPAY_LIMIT
1765989639.4454992,eth-updown-15m-1765989000,1765989000.0,1765989900.0,,260.55450081825256,,,,,0,0,0.97,0.98,ONE_LEG_INVENTORY,,,,,,,,,,,,,,0,5.0,,,,,,,,,,,,,,,,,,,,"RECONSTRUCT_BLOCKED: OVERPAY_LIMIT (Op:0.1800 > L:0.0147, Cost:$0.90)",,,,,,,,25.0,22.340424,,,,,0,0,,,Inv: 25.0/22.3 CapLeft: 2.7,,,25.0,22.340424,47.340424,2.6595760000000013,50.0,0.012499999999999734,49.9875,0.97,0.030000000000000027,2.6595760000000013,0.47,0.71,0.17999999999999994,5.0,0.8999999999999997,0.014729206219315527,OVERPAY_LIMIT
1765989641.217115,eth-updown-15m-1765989000,1765989000.0,1765989900.0,,258.7828850746155,,,,,0,0,0.9,0.98,ORDERS_OPEN,,,,,,,,,,,,,,0,5,,,,,,,,,,,,,,,,,,,,,,,,,,,,0.0,0.0,,,,,0,0,,,Inv: 0.0/0.0 CapLeft: 50.0,,,0.0,0.0,0.0,50.0,50.0,0.0,50.0,0.9,0.09999999999999998,0.0,0.0,0.0,0.0,0.0,0.0,0.0,
1765989641.3857746,eth-updown-15m-1765989000,1765989000.0,1765989900.0,,258.61422538757324,,,,,0,0,0.98,0.98,ONE_LEG_INVENTORY,,,,,,,,,,,,,,0,5.0,,,,,,,,,,,,,,,,,,,,"RECONSTRUCT_BLOCKED: OVERPAY_LIMIT (Op:0.1500 > L:0.0148, Cost:$0.75)",,,,,,,,25.0,22.340424,,,,,0,0,,,Inv: 25.0/22.3 CapLeft: 2.7,,,25.0,22.340424,47.340424,2.6595760000000013,50.0,0.012499999999999734,49.9875,0.97,0.030000000000000027,2.6595760000000013,0.47,0.68,0.1499999999999999,5.0,0.7499999999999996,0.014801966547966002,OVERPAY_LIMIT
1765989641.3857746,eth-updown-15m-1765989000,1765989000.0,1765989900.0,,258.61422538757324,,,,,0,0,0.98,0.98,ONE_LEG_INVENTORY,,,,,,,,,,,,,,0,5.0,,,,,,,,,,,,,,,,,,,,"RECONSTRUCT_BLOCKED: OVERPAY_LIMIT (Op:0.1500 > L:0.0148, Cost:$0.75)",,,,,,,,25.0,22.340424,,,,,0,0,,,Inv: 25.0/22.3 CapLeft: 2.7,,,25.0,22.340424,47.340424,2.6595760000000013,50.0,0.012499999999999734,49.9875,0.97,0.030000000000000027,2.6595760000000013,0.47,0.68,0.1499999999999999,5.0,0.7499999999999996,0.014801966547966002,OVERPAY_LIMIT
1765989642.7188442,eth-updown-15m-1765989000,1765989000.0,1765989900.0,,257.28115582466125,,,,,0,0,0.9,0.98,ORDERS_OPEN,,,,,,,,,,,,,,0,5,,,,,,,,,,,,,,,,,,,,,,,,,,,,0.0,0.0,,,,,0,0,,,Inv: 0.0/0.0 CapLeft: 50.0,,,0.0,0.0,0.0,50.0,50.0,0.0,50.0,0.9,0.09999999999999998,0.0,0.0,0.0,0.0,0.0,0.0,0.0,
1765989643.3163395,eth-updown-15m-1765989000,1765989000.0,1765989900.0,,256.68366050720215,,,,,0,0,0.99,0.98,ONE_LEG_INVENTORY,,,,,,,,,,,,,,0,5.0,,,,,,,,,,,,,,,,,,,,"RECONSTRUCT_BLOCKED: OVERPAY_LIMIT (Op:0.1300 > L:0.0149, Cost:$0.65)",,,,,,,,25.0,22.340424,,,,,0,0,,,Inv: 25.0/22.3 CapLeft: 2.7,,,25.0,22.340424,47.340424,2.6595760000000013,50.0,0.012499999999999734,49.9875,0.97,0.030000000000000027,2.6595760000000013,0.47,0.66,0.1299999999999999,5.0,0.6499999999999995,0.014874362730979918,OVERPAY_LIMIT
1765989643.3163395,eth-updown-15m-1765989000,1765989000.0,1765989900.0,,256.68366050720215,,,,,0,0,0.99,0.98,ONE_LEG_INVENTORY,,,,,,,,,,,,,,0,5.0,,,,,,,,,,,,,,,,,,,,"RECONSTRUCT_BLOCKED: OVERPAY_LIMIT (Op:0.1300 > L:0.0149, Cost:$0.65)",,,,,,,,25.0,22.340424,,,,,0,0,,,Inv: 25.0/22.3 CapLeft: 2.7,,,25.0,22.340424,47.340424,2.6595760000000013,50.0,0.012499999999999734,49.9875,0.97,0.030000000000000027,2.6595760000000013,0.47,0.66,0.1299999999999999,5.0,0.6499999999999995,0.014874362730979918,OVERPAY_LIMIT
1765989644.2204666,eth-updown-15m-1765989000,1765989000.0,1765989900.0,,255.77953338623047,,,,,0,0,0.9,0.98,ORDERS_OPEN,,,,,,,,,,,,,,0,5,,,,,,,,,,,,,,,,,,,,,,,,,,,,0.0,0.0,,,,,0,0,,,Inv: 0.0/0.0 CapLeft: 50.0,,,0.0,0.0,0.0,50.0,50.0,0.0,50.0,0.9,0.09999999999999998,0.0,0.0,0.0,0.0,0.0,0.0,0.0,
1765989645.3040838,eth-updown-15m-1765989000,1765989000.0,1765989900.0,,254.69591617584229,,,,,0,0,0.98,0.98,ONE_LEG_INVENTORY,,,,,,,,,,,,,,0,5.0,,,,,,,,,,,,,,,,,,,,"RECONSTRUCT_BLOCKED: OVERPAY_LIMIT (Op:0.1400 > L:0.0149, Cost:$0.70)",,,,,,,,25.0,22.340424,,,,,0,0,,,Inv: 25.0/22.3 CapLeft: 2.7,,,25.0,22.340424,47.340424,2.6595760000000013,50.0,0.012499999999999734,49.9875,0.97,0.030000000000000027,2.6595760000000013,0.47,0.67,0.14000000000000012,5.0,0.7000000000000006,0.014948903143405913,OVERPAY_LIMIT
1765989645.3040838,eth-updown-15m-1765989000,1765989000.0,1765989900.0,,254.69591617584229,,,,,0,0,0.98,0.98,ONE_LEG_INVENTORY,,,,,,,,,,,,,,0,5.0,,,,,,,,,,,,,,,,,,,,"RECONSTRUCT_BLOCKED: OVERPAY_LIMIT (Op:0.1400 > L:0.0149, Cost:$0.70)",,,,,,,,25.0,22.340424,,,,,0,0,,,Inv: 25.0/22.3 CapLeft: 2.7,,,25.0,22.340424,47.340424,2.6595760000000013,50.0,0.012499999999999734,49.9875,0.97,0.030000000000000027,2.6595760000000013,0.47,0.67,0.14000000000000012,5.0,0.7000000000000006,0.014948903143405913,OVERPAY_LIMIT
1765989647.223454,eth-updown-15m-1765989000,1765989000.0,1765989900.0,,252.77654600143433,,,,,0.45,0.45,0.9,0.98,ORDERS_OPEN,,,,,,,,,,,,,,5,5,,,,,,,,,,,,,,,,,,,,Leg:BOTH UP:5 DOWN:5,,,,,,,,0.0,0.0,,,,,0,0,,,Inv: 0.0/0.0 CapLeft: 50.0,,,0.0,0.0,0.0,50.0,50.0,0.0,50.0,0.9,0.09999999999999998,0.0,0.0,0.0,0.0,0.0,0.0,0.0,
1765989647.2317734,eth-updown-15m-1765989000,1765989000.0,1765989900.0,,252.76822662353516,,,,,0,0,0.98,0.98,ONE_LEG_INVENTORY,,,,,,,,,,,,,,0,5.0,,,,,,,,,,,,,,,,,,,,"RECONSTRUCT_BLOCKED: OVERPAY_LIMIT (Op:0.1400 > L:0.0150, Cost:$0.70)",,,,,,,,25.0,22.340424,,,,,0,0,,,Inv: 25.0/22.3 CapLeft: 2.7,,,25.0,22.340424,47.340424,2.6595760000000013,50.0,0.012499999999999734,49.9875,0.97,0.030000000000000027,2.6595760000000013,0.47,0.67,0.14000000000000012,5.0,0.7000000000000006,0.015021191501617431,OVERPAY_LIMIT
1765989647.2317734,eth-updown-15m-1765989000,1765989000.0,1765989900.0,,252.76822662353516,,,,,0,0,0.98,0.98,ONE_LEG_INVENTORY,,,,,,,,,,,,,,0,5.0,,,,,,,,,,,,,,,,,,,,"RECONSTRUCT_BLOCKED: OVERPAY_LIMIT (Op:0.1400 > L:0.0150, Cost:$0.70)",,,,,,,,25.0,22.340424,,,,,0,0,,,Inv: 25.0/22.3 CapLeft: 2.7,,,25.0,22.340424,47.340424,2.6595760000000013,50.0,0.012499999999999734,49.9875,0.97,0.030000000000000027,2.6595760000000013,0.47,0.67,0.14000000000000012,5.0,0.7000000000000006,0.015021191501617431,OVERPAY_LIMIT
1765989648.7245877,eth-updown-15m-1765989000,1765989000.0,1765989900.0,,251.2754123210907,,,,,0,0,0.9,0.98,ORDERS_OPEN,,,,,,,,,,,,,,0,5,,,,,,,,,,,,,,,,,,,,,,,,,,,,0.0,0.0,,,,,0,0,,,Inv: 0.0/0.0 CapLeft: 50.0,,,0.0,0.0,0.0,50.0,50.0,0.0,50.0,0.9,0.09999999999999998,0.0,0.0,0.0,0.0,0.0,0.0,0.0,
1765989649.180298,eth-updown-15m-1765989000,1765989000.0,1765989900.0,,250.81970191001892,,,,,0,0,0.98,0.98,ONE_LEG_INVENTORY,,,,,,,,,,,,,,0,5.0,,,,,,,,,,,,,,,,,,,,"RECONSTRUCT_BLOCKED: OVERPAY_LIMIT (Op:0.1400 > L:0.0151, Cost:$0.70)",,,,,,,,25.0,22.340424,,,,,0,0,,,Inv: 25.0/22.3 CapLeft: 2.7,,,25.0,22.340424,47.340424,2.6595760000000013,50.0,0.012499999999999734,49.9875,0.97,0.030000000000000027,2.6595760000000013,0.47,0.67,0.14000000000000012,5.0,0.7000000000000006,0.015094261178374289,OVERPAY_LIMIT
1765989649.180298,eth-updown-15m-1765989000,1765989000.0,1765989900.0,,250.81970191001892,,,,,0,0,0.98,0.98,ONE_LEG_INVENTORY,,,,,,,,,,,,,,0,5.0,,,,,,,,,,,,,,,,,,,,"RECONSTRUCT_BLOCKED: OVERPAY_LIMIT (Op:0.1400 > L:0.0151, Cost:$0.70)",,,,,,,,25.0,22.340424,,,,,0,0,,,Inv: 25.0/22.3 CapLeft: 2.7,,,25.0,22.340424,47.340424,2.6595760000000013,50.0,0.012499999999999734,49.9875,0.97,0.030000000000000027,2.6595760000000013,0.47,0.67,0.14000000000000012,5.0,0.7000000000000006,0.015094261178374289,OVERPAY_LIMIT
1765989650.2262723,eth-updown-15m-1765989000,1765989000.0,1765989900.0,,249.77372765541077,,,,,0,0,0.9,0.98,ORDERS_OPEN,,,,,,,,,,,,,,0,5,,,,,,,,,,,,,,,,,,,,,,,,,,,,0.0,0.0,,,,,0,0,,,Inv: 0.0/0.0 CapLeft: 50.0,,,0.0,0.0,0.0,50.0,50.0,0.0,50.0,0.9,0.09999999999999998,0.0,0.0,0.0,0.0,0.0,0.0,0.0,
1765989651.1382058,eth-updown-15m-1765989000,1765989000.0,1765989900.0,,248.86179423332214,,,,,0,0,0.98,0.98,ONE_LEG_INVENTORY,,,,,,,,,,,,,,0,5.0,,,,,,,,,,,,,,,,,,,,"RECONSTRUCT_BLOCKED: OVERPAY_LIMIT (Op:0.1600 > L:0.0152, Cost:$0.80)",,,,,,,,25.0,22.340424,,,,,0,0,,,Inv: 25.0/22.3 CapLeft: 2.7,,,25.0,22.340424,47.340424,2.6595760000000013,50.0,0.012499999999999734,49.9875,0.97,0.030000000000000027,2.6595760000000013,0.47,0.69,0.15999999999999992,5.0,0.7999999999999996,0.015167682716250418,OVERPAY_LIMIT
1765989651.1382058,eth-updown-15m-1765989000,1765989000.0,1765989900.0,,248.86179423332214,,,,,0,0,0.98,0.98,ONE_LEG_INVENTORY,,,,,,,,,,,,,,0,5.0,,,,,,,,,,,,,,,,,,,,"RECONSTRUCT_BLOCKED: OVERPAY_LIMIT (Op:0.1600 > L:0.0152, Cost:$0.80)",,,,,,,,25.0,22.340424,,,,,0,0,,,Inv: 25.0/22.3 CapLeft: 2.7,,,25.0,22.340424,47.340424,2.6595760000000013,50.0,0.012499999999999734,49.9875,0.97,0.030000000000000027,2.6595760000000013,0.47,0.69,0.15999999999999992,5.0,0.7999999999999996,0.015167682716250418,OVERPAY_LIMIT
1765989651.728187,eth-updown-15m-1765989000,1765989000.0,1765989900.0,,248.271812915802,,,,,0,0,0.9,0.98,ORDERS_OPEN,,,,,,,,,,,,,,0,5,,,,,,,,,,,,,,,,,,,,,,,,,,,,0.0,0.0,,,,,0,0,,,Inv: 0.0/0.0 CapLeft: 50.0,,,0.0,0.0,0.0,50.0,50.0,0.0,50.0,0.9,0.09999999999999998,0.0,0.0,0.0,0.0,0.0,0.0,0.0,
1765989653.2297673,eth-updown-15m-1765989000,1765989000.0,1765989900.0,,246.77023267745972,,,,,0,0,0.9,0.98,ORDERS_OPEN,,,,,,,,,,,,,,0,5,,,,,,,,,,,,,,,,,,,,,,,,,,,,0.0,0.0,,,,,0,0,,,Inv: 0.0/0.0 CapLeft: 50.0,,,0.0,0.0,0.0,50.0,50.0,0.0,50.0,0.9,0.09999999999999998,0.0,0.0,0.0,0.0,0.0,0.0,0.0,
1765989653.0983121,eth-updown-15m-1765989000,1765989000.0,1765989900.0,,246.9016878604889,,,,,0,0,0.98,0.98,ONE_LEG_INVENTORY,,,,,,,,,,,,,,0,5.0,,,,,,,,,,,,,,,,,,,,"RECONSTRUCT_BLOCKED: OVERPAY_LIMIT (Op:0.1900 > L:0.0152, Cost:$0.95)",,,,,,,,25.0,22.340424,,,,,0,0,,,Inv: 25.0/22.3 CapLeft: 2.7,,,25.0,22.340424,47.340424,2.6595760000000013,50.0,0.012499999999999734,49.9875,0.97,0.030000000000000027,2.6595760000000013,0.47,0.72,0.18999999999999995,5.0,0.9499999999999997,0.015241186705231665,OVERPAY_LIMIT
1765989653.0983121,eth-updown-15m-1765989000,1765989000.0,1765989900.0,,246.9016878604889,,,,,0,0,0.98,0.98,ONE_LEG_INVENTORY,,,,,,,,,,,,,,0,5.0,,,,,,,,,,,,,,,,,,,,"RECONSTRUCT_BLOCKED: OVERPAY_LIMIT (Op:0.1900 > L:0.0152, Cost:$0.95)",,,,,,,,25.0,22.340424,,,,,0,0,,,Inv: 25.0/22.3 CapLeft: 2.7,,,25.0,22.340424,47.340424,2.6595760000000013,50.0,0.012499999999999734,49.9875,0.97,0.030000000000000027,2.6595760000000013,0.47,0.72,0.18999999999999995,5.0,0.9499999999999997,0.015241186705231665,OVERPAY_LIMIT
1765989654.731078,eth-updown-15m-1765989000,1765989000.0,1765989900.0,,245.2689220905304,,,,,0,0,0.9,0.98,ORDERS_OPEN,,,,,,,,,,,,,,0,5,,,,,,,,,,,,,,,,,,,,,,,,,,,,0.0,0.0,,,,,0,0,,,Inv: 0.0/0.0 CapLeft: 50.0,,,0.0,0.0,0.0,50.0,50.0,0.0,50.0,0.9,0.09999999999999998,0.0,0.0,0.0,0.0,0.0,0.0,0.0,
1765989655.0276155,eth-updown-15m-1765989000,1765989000.0,1765989900.0,,244.97238445281982,,,,,0,0,0.98,0.98,ONE_LEG_INVENTORY,,,,,,,,,,,,,,0,5.0,,,,,,,,,,,,,,,,,,,,"RECONSTRUCT_BLOCKED: OVERPAY_LIMIT (Op:0.1900 > L:0.0153, Cost:$0.95)",,,,,,,,25.0,22.340424,,,,,0,0,,,Inv: 25.0/22.3 CapLeft: 2.7,,,25.0,22.340424,47.340424,2.6595760000000013,50.0,0.012499999999999734,49.9875,0.97,0.030000000000000027,2.6595760000000013,0.47,0.72,0.18999999999999995,5.0,0.9499999999999997,0.015313535583019256,OVERPAY_LIMIT
1765989655.0276155,eth-updown-15m-1765989000,1765989000.0,1765989900.0,,244.97238445281982,,,,,0,0,0.98,0.98,ONE_LEG_INVENTORY,,,,,,,,,,,,,,0,5.0,,,,,,,,,,,,,,,,,,,,"RECONSTRUCT_BLOCKED: OVERPAY_LIMIT (Op:0.1900 > L:0.0153, Cost:$0.95)",,,,,,,,25.0,22.340424,,,,,0,0,,,Inv: 25.0/22.3 CapLeft: 2.7,,,25.0,22.340424,47.340424,2.6595760000000013,50.0,0.012499999999999734,49.9875,0.97,0.030000000000000027,2.6595760000000013,0.47,0.72,0.18999999999999995,5.0,0.9499999999999997,0.015313535583019256,OVERPAY_LIMIT
1765989656.23244,eth-updown-15m-1765989000,1765989000.0,1765989900.0,,243.767560005188,,,,,0,0,0.9,0.98,ORDERS_OPEN,,,,,,,,,,,,,,0,5,,,,,,,,,,,,,,,,,,,,,,,,,,,,0.0,0.0,,,,,0,0,,,Inv: 0.0/0.0 CapLeft: 50.0,,,0.0,0.0,0.0,50.0,50.0,0.0,50.0,0.9,0.09999999999999998,0.0,0.0,0.0,0.0,0.0,0.0,0.0,
1765989656.9766147,eth-updown-15m-1765989000,1765989000.0,1765989900.0,,243.02338528633118,,,,,0,0,0.97,0.98,ONE_LEG_INVENTORY,,,,,,,,,,,,,,0,5.0,,,,,,,,,,,,,,,,,,,,"RECONSTRUCT_BLOCKED: OVERPAY_LIMIT (Op:0.1900 > L:0.0154, Cost:$0.95)",,,,,,,,25.0,22.340424,,,,,0,0,,,Inv: 25.0/22.3 CapLeft: 2.7,,,25.0,22.340424,47.340424,2.6595760000000013,50.0,0.012499999999999734,49.9875,0.97,0.030000000000000027,2.6595760000000013,0.47,0.72,0.18999999999999995,5.0,0.9499999999999997,0.015386623051762579,OVERPAY_LIMIT
1765989656.9766147,eth-updown-15m-1765989000,1765989000.0,1765989900.0,,243.02338528633118,,,,,0,0,0.97,0.98,ONE_LEG_INVENTORY,,,,,,,,,,,,,,0,5.0,,,,,,,,,,,,,,,,,,,,"RECONSTRUCT_BLOCKED: OVERPAY_LIMIT (Op:0.1900 > L:0.0154, Cost:$0.95)",,,,,,,,25.0,22.340424,,,,,0,0,,,Inv: 25.0/22.3 CapLeft: 2.7,,,25.0,22.340424,47.340424,2.6595760000000013,50.0,0.012499999999999734,49.9875,0.97,0.030000000000000027,2.6595760000000013,0.47,0.72,0.18999999999999995,5.0,0.9499999999999997,0.015386623051762579,OVERPAY_LIMIT
1765989657.7336094,eth-updown-15m-1765989000,1765989000.0,1765989900.0,,242.2663905620575,,,,,0,0,0.9,0.98,ORDERS_OPEN,,,,,,,,,,,,,,0,5,,,,,,,,,,,,,,,,,,,,,,,,,,,,0.0,0.0,,,,,0,0,,,Inv: 0.0/0.0 CapLeft: 50.0,,,0.0,0.0,0.0,50.0,50.0,0.0,50.0,0.9,0.09999999999999998,0.0,0.0,0.0,0.0,0.0,0.0,0.0,
1765989659.2356513,eth-updown-15m-1765989000,1765989000.0,1765989900.0,,240.76434874534607,,,,,0,0,0.9,0.98,ORDERS_OPEN,,,,,,,,,,,,,,0,5,,,,,,,,,,,,,,,,,,,,,,,,,,,,0.0,0.0,,,,,0,0,,,Inv: 0.0/0.0 CapLeft: 50.0,,,0.0,0.0,0.0,50.0,50.0,0.0,50.0,0.9,0.09999999999999998,0.0,0.0,0.0,0.0,0.0,0.0,0.0,
1765989658.9154615,eth-updown-15m-1765989000,1765989000.0,1765989900.0,,241.08453845977783,,,,,0,0,0.99,0.98,ONE_LEG_INVENTORY,,,,,,,,,,,,,,0,5.0,,,,,,,,,,,,,,,,,,,,"RECONSTRUCT_BLOCKED: OVERPAY_LIMIT (Op:0.2200 > L:0.0155, Cost:$1.10)",,,,,,,,25.0,22.340424,,,,,0,0,,,Inv: 25.0/22.3 CapLeft: 2.7,,,25.0,22.340424,47.340424,2.6595760000000013,50.0,0.012499999999999734,49.9875,0.97,0.030000000000000027,2.6595760000000013,0.47,0.75,0.21999999999999997,5.0,1.0999999999999999,0.01545932980775833,OVERPAY_LIMIT
1765989658.9154615,eth-updown-15m-1765989000,1765989000.0,1765989900.0,,241.08453845977783,,,,,0,0,0.99,0.98,ONE_LEG_INVENTORY,,,,,,,,,,,,,,0,5.0,,,,,,,,,,,,,,,,,,,,"RECONSTRUCT_BLOCKED: OVERPAY_LIMIT (Op:0.2200 > L:0.0155, Cost:$1.10)",,,,,,,,25.0,22.340424,,,,,0,0,,,Inv: 25.0/22.3 CapLeft: 2.7,,,25.0,22.340424,47.340424,2.6595760000000013,50.0,0.012499999999999734,49.9875,0.97,0.030000000000000027,2.6595760000000013,0.47,0.75,0.21999999999999997,5.0,1.0999999999999999,0.01545932980775833,OVERPAY_LIMIT
1765989660.7374785,eth-updown-15m-1765989000,1765989000.0,1765989900.0,,239.26252150535583,,,,,0,0,0.9,0.98,ORDERS_OPEN,,,,,,,,,,,,,,0,5,,,,,,,,,,,,,,,,,,,,,,,,,,,,0.0,0.0,,,,,0,0,,,Inv: 0.0/0.0 CapLeft: 50.0,,,0.0,0.0,0.0,50.0,50.0,0.0,50.0,0.9,0.09999999999999998,0.0,0.0,0.0,0.0,0.0,0.0,0.0,
1765989660.8811023,eth-updown-15m-1765989000,1765989000.0,1765989900.0,,239.1188976764679,,,,,0,0,0.99,0.98,ONE_LEG_INVENTORY,,,,,,,,,,,,,,0,5.0,,,,,,,,,,,,,,,,,,,,"RECONSTRUCT_BLOCKED: OVERPAY_LIMIT (Op:0.2500 > L:0.0155, Cost:$1.25)",,,,,,,,25.0,22.340424,,,,,0,0,,,Inv: 25.0/22.3 CapLeft: 2.7,,,25.0,22.340424,47.340424,2.6595760000000013,50.0,0.012499999999999734,49.9875,0.97,0.030000000000000027,2.6595760000000013,0.47,0.78,0.25,5.0,1.25,0.015533041337132453,OVERPAY_LIMIT
1765989660.8811023,eth-updown-15m-1765989000,1765989000.0,1765989900.0,,239.1188976764679,,,,,0,0,0.99,0.98,ONE_LEG_INVENTORY,,,,,,,,,,,,,,0,5.0,,,,,,,,,,,,,,,,,,,,"RECONSTRUCT_BLOCKED: OVERPAY_LIMIT (Op:0.2500 > L:0.0155, Cost:$1.25)",,,,,,,,25.0,22.340424,,,,,0,0,,,Inv: 25.0/22.3 CapLeft: 2.7,,,25.0,22.340424,47.340424,2.6595760000000013,50.0,0.012499999999999734,49.9875,0.97,0.030000000000000027,2.6595760000000013,0.47,0.78,0.25,5.0,1.25,0.015533041337132453,OVERPAY_LIMIT
1765989662.8458295,eth-updown-15m-1765989000,1765989000.0,1765989900.0,,237.15417051315308,,,,,0,0,0.99,0.98,ONE_LEG_INVENTORY,,,,,,,,,,,,,,0,5.0,,,,,,,,,,,,,,,,,,,,"RECONSTRUCT_BLOCKED: OVERPAY_LIMIT (Op:0.2500 > L:0.0156, Cost:$1.25)",,,,,,,,25.0,22.340424,,,,,0,0,,,Inv: 25.0/22.3 CapLeft: 2.7,,,25.0,22.340424,47.340424,2.6595760000000013,50.0,0.012499999999999734,49.9875,0.97,0.030000000000000027,2.6595760000000013,0.47,0.78,0.25,5.0,1.25,0.01560671860575676,OVERPAY_LIMIT
1765989662.8458295,eth-updown-15m-1765989000,1765989000.0,1765989900.0,,237.15417051315308,,,,,0,0,0.99,0.98,ONE_LEG_INVENTORY,,,,,,,,,,,,,,0,5.0,,,,,,,,,,,,,,,,,,,,"RECONSTRUCT_BLOCKED: OVERPAY_LIMIT (Op:0.2500 > L:0.0156, Cost:$1.25)",,,,,,,,25.0,22.340424,,,,,0,0,,,Inv: 25.0/22.3 CapLeft: 2.7,,,25.0,22.340424,47.340424,2.6595760000000013,50.0,0.012499999999999734,49.9875,0.97,0.030000000000000027,2.6595760000000013,0.47,0.78,0.25,5.0,1.25,0.01560671860575676,OVERPAY_LIMIT
1765989663.7404397,eth-updown-15m-1765989000,1765989000.0,1765989900.0,,236.2595603466034,,,,,0.45,0.45,0.9,0.98,ORDERS_OPEN,,,,,,,,,,,,,,5,5,,,,,,,,,,,,,,,,,,,,Leg:BOTH UP:5 DOWN:5,,,,,,,,0.0,0.0,,,,,0,0,,,Inv: 0.0/0.0 CapLeft: 50.0,,,0.0,0.0,0.0,50.0,50.0,0.0,50.0,0.9,0.09999999999999998,0.0,0.0,0.0,0.0,0.0,0.0,0.0,
1765989664.7975209,eth-updown-15m-1765989000,1765989000.0,1765989900.0,,235.2024791240692,,,,,0,0,0.99,0.98,ONE_LEG_INVENTORY,,,,,,,,,,,,,,0,5.0,,,,,,,,,,,,,,,,,,,,"RECONSTRUCT_BLOCKED: OVERPAY_LIMIT (Op:0.2700 > L:0.0157, Cost:$1.35)",,,,,,,,25.0,22.340424,,,,,0,0,,,Inv: 25.0/22.3 CapLeft: 2.7,,,25.0,22.340424,47.340424,2.6595760000000013,50.0,0.012499999999999734,49.9875,0.97,0.030000000000000027,2.6595760000000013,0.47,0.8,0.27,5.0,1.35,0.015679907032847405,OVERPAY_LIMIT
1765989664.7975209,eth-updown-15m-1765989000,1765989000.0,1765989900.0,,235.2024791240692,,,,,0,0,0.99,0.98,ONE_LEG_INVENTORY,,,,,,,,,,,,,,0,5.0,,,,,,,,,,,,,,,,,,,,"RECONSTRUCT_BLOCKED: OVERPAY_LIMIT (Op:0.2700 > L:0.0157, Cost:$1.35)",,,,,,,,25.0,22.340424,,,,,0,0,,,Inv: 25.0/22.3 CapLeft: 2.7,,,25.0,22.340424,47.340424,2.6595760000000013,50.0,0.012499999999999734,49.9875,0.97,0.030000000000000027,2.6595760000000013,0.47,0.8,0.27,5.0,1.35,0.015679907032847405,OVERPAY_LIMIT
1765989665.2420032,eth-updown-15m-1765989000,1765989000.0,1765989900.0,,234.75799679756165,,,,,0,0,0.9,0.98,ORDERS_OPEN,,,,,,,,,,,,,,0,5,,,,,,,,,,,,,,,,,,,,,,,,,,,,0.0,0.0,,,,,0,0,,,Inv: 0.0/0.0 CapLeft: 50.0,,,0.0,0.0,0.0,50.0,50.0,0.0,50.0,0.9,0.09999999999999998,0.0,0.0,0.0,0.0,0.0,0.0,0.0,
1765989666.743448,eth-updown-15m-1765989000,1765989000.0,1765989900.0,,233.2565519809723,,,,,0,0,0.9,0.98,ORDERS_OPEN,,,,,,,,,,,,,,0,5,,,,,,,,,,,,,,,,,,,,,,,,,,,,0.0,0.0,,,,,0,0,,,Inv: 0.0/0.0 CapLeft: 50.0,,,0.0,0.0,0.0,50.0,50.0,0.0,50.0,0.9,0.09999999999999998,0.0,0.0,0.0,0.0,0.0,0.0,0.0,
1765989666.735926,eth-updown-15m-1765989000,1765989000.0,1765989900.0,,233.26407408714294,,,,,0,0,0.99,0.98,ONE_LEG_INVENTORY,,,,,,,,,,,,,,0,5.0,,,,,,,,,,,,,,,,,,,,"RECONSTRUCT_BLOCKED: OVERPAY_LIMIT (Op:0.2800 > L:0.0158, Cost:$1.40)",,,,,,,,25.0,22.340424,,,,,0,0,,,Inv: 25.0/22.3 CapLeft: 2.7,,,25.0,22.340424,47.340424,2.6595760000000013,50.0,0.012499999999999734,49.9875,0.97,0.030000000000000027,2.6595760000000013,0.47,0.81,0.28,5.0,1.4000000000000001,0.01575259722173214,OVERPAY_LIMIT
1765989666.735926,eth-updown-15m-1765989000,1765989000.0,1765989900.0,,233.26407408714294,,,,,0,0,0.99,0.98,ONE_LEG_INVENTORY,,,,,,,,,,,,,,0,5.0,,,,,,,,,,,,,,,,,,,,"RECONSTRUCT_BLOCKED: OVERPAY_LIMIT (Op:0.2800 > L:0.0158, Cost:$1.40)",,,,,,,,25.0,22.340424,,,,,0,0,,,Inv: 25.0/22.3 CapLeft: 2.7,,,25.0,22.340424,47.340424,2.6595760000000013,50.0,0.012499999999999734,49.9875,0.97,0.030000000000000027,2.6595760000000013,0.47,0.81,0.28,5.0,1.4000000000000001,0.01575259722173214,OVERPAY_LIMIT
1765989668.2450454,eth-updown-15m-1765989000,1765989000.0,1765989900.0,,231.7549545764923,,,,,0,0,0.9,0.98,ORDERS_OPEN,,,,,,,,,,,,,,0,5,,,,,,,,,,,,,,,,,,,,,,,,,,,,0.0,0.0,,,,,0,0,,,Inv: 0.0/0.0 CapLeft: 50.0,,,0.0,0.0,0.0,50.0,50.0,0.0,50.0,0.9,0.09999999999999998,0.0,0.0,0.0,0.0,0.0,0.0,0.0,
1765989668.7030942,eth-updown-15m-1765989000,1765989000.0,1765989900.0,,231.2969057559967,,,,,0,0,0.99,0.98,ONE_LEG_INVENTORY,,,,,,,,,,,,,,0,5.0,,,,,,,,,,,,,,,,,,,,"RECONSTRUCT_BLOCKED: OVERPAY_LIMIT (Op:0.2800 > L:0.0158, Cost:$1.40)",,,,,,,,25.0,22.340424,,,,,0,0,,,Inv: 25.0/22.3 CapLeft: 2.7,,,25.0,22.340424,47.340424,2.6595760000000013,50.0,0.012499999999999734,49.9875,0.97,0.030000000000000027,2.6595760000000013,0.47,0.81,0.28,5.0,1.4000000000000001,0.01582636603415012,OVERPAY_LIMIT
1765989668.7030942,eth-updown-15m-1765989000,1765989000.0,1765989900.0,,231.2969057559967,,,,,0,0,0.99,0.98,ONE_LEG_INVENTORY,,,,,,,,,,,,,,0,5.0,,,,,,,,,,,,,,,,,,,,"RECONSTRUCT_BLOCKED: OVERPAY_LIMIT (Op:0.2800 > L:0.0158, Cost:$1.40)",,,,,,,,25.0,22.340424,,,,,0,0,,,Inv: 25.0/22.3 CapLeft: 2.7,,,25.0,22.340424,47.340424,2.6595760000000013,50.0,0.012499999999999734,49.9875,0.97,0.030000000000000027,2.6595760000000013,0.47,0.81,0.28,5.0,1.4000000000000001,0.01582636603415012,OVERPAY_LIMIT
1765989669.7468188,eth-updown-15m-1765989000,1765989000.0,1765989900.0,,230.25318121910095,,,,,0,0,0.9,0.98,ORDERS_OPEN,,,,,,,,,,,,,,0,5,,,,,,,,,,,,,,,,,,,,,,,,,,,,0.0,0.0,,,,,0,0,,,Inv: 0.0/0.0 CapLeft: 50.0,,,0.0,0.0,0.0,50.0,50.0,0.0,50.0,0.9,0.09999999999999998,0.0,0.0,0.0,0.0,0.0,0.0,0.0,
1765989670.6373086,eth-updown-15m-1765989000,1765989000.0,1765989900.0,,229.3626914024353,,,,,0,0,0.99,0.98,ONE_LEG_INVENTORY,,,,,,,,,,,,,,0,5.0,,,,,,,,,,,,,,,,,,,,"RECONSTRUCT_BLOCKED: OVERPAY_LIMIT (Op:0.2800 > L:0.0159, Cost:$1.40)",,,,,,,,25.0,22.340424,,,,,0,0,,,Inv: 25.0/22.3 CapLeft: 2.7,,,25.0,22.340424,47.340424,2.6595760000000013,50.0,0.012499999999999734,49.9875,0.97,0.030000000000000027,2.6595760000000013,0.47,0.81,0.28,5.0,1.4000000000000001,0.015898899072408677,OVERPAY_LIMIT
1765989670.6373086,eth-updown-15m-1765989000,1765989000.0,1765989900.0,,229.3626914024353,,,,,0,0,0.99,0.98,ONE_LEG_INVENTORY,,,,,,,,,,,,,,0,5.0,,,,,,,,,,,,,,,,,,,,"RECONSTRUCT_BLOCKED: OVERPAY_LIMIT (Op:0.2800 > L:0.0159, Cost:$1.40)",,,,,,,,25.0,22.340424,,,,,0,0,,,Inv: 25.0/22.3 CapLeft: 2.7,,,25.0,22.340424,47.340424,2.6595760000000013,50.0,0.012499999999999734,49.9875,0.97,0.030000000000000027,2.6595760000000013,0.47,0.81,0.28,5.0,1.4000000000000001,0.015898899072408677,OVERPAY_LIMIT
1765989671.2477531,eth-updown-15m-1765989000,1765989000.0,1765989900.0,,228.75224685668945,,,,,0,0,0.9,0.98,ORDERS_OPEN,,,,,,,,,,,,,,0,5,,,,,,,,,,,,,,,,,,,,,,,,,,,,0.0,0.0,,,,,0,0,,,Inv: 0.0/0.0 CapLeft: 50.0,,,0.0,0.0,0.0,50.0,50.0,0.0,50.0,0.9,0.09999999999999998,0.0,0.0,0.0,0.0,0.0,0.0,0.0,
1765989672.749273,eth-updown-15m-1765989000,1765989000.0,1765989900.0,,227.25072693824768,,,,,0,0,0.9,0.98,ORDERS_OPEN,,,,,,,,,,,,,,0,5,,,,,,,,,,,,,,,,,,,,,,,,,,,,0.0,0.0,,,,,0,0,,,Inv: 0.0/0.0 CapLeft: 50.0,,,0.0,0.0,0.0,50.0,50.0,0.0,50.0,0.9,0.09999999999999998,0.0,0.0,0.0,0.0,0.0,0.0,0.0,
1765989672.594303,eth-updown-15m-1765989000,1765989000.0,1765989900.0,,227.40569710731506,,,,,0,0,0.99,0.98,ONE_LEG_INVENTORY,,,,,,,,,,,,,,0,5.0,,,,,,,,,,,,,,,,,,,,"RECONSTRUCT_BLOCKED: OVERPAY_LIMIT (Op:0.2900 > L:0.0160, Cost:$1.45)",,,,,,,,25.0,22.340424,,,,,0,0,,,Inv: 25.0/22.3 CapLeft: 2.7,,,25.0,22.340424,47.340424,2.6595760000000013,50.0,0.012499999999999734,49.9875,0.97,0.030000000000000027,2.6595760000000013,0.47,0.82,0.29000000000000004,5.0,1.4500000000000002,0.015972286358475682,OVERPAY_LIMIT
1765989672.594303,eth-updown-15m-1765989000,1765989000.0,1765989900.0,,227.40569710731506,,,,,0,0,0.99,0.98,ONE_LEG_INVENTORY,,,,,,,,,,,,,,0,5.0,,,,,,,,,,,,,,,,,,,,"RECONSTRUCT_BLOCKED: OVERPAY_LIMIT (Op:0.2900 > L:0.0160, Cost:$1.45)",,,,,,,,25.0,22.340424,,,,,0,0,,,Inv: 25.0/22.3 CapLeft: 2.7,,,25.0,22.340424,47.340424,2.6595760000000013,50.0,0.012499999999999734,49.9875,0.97,0.030000000000000027,2.6595760000000013,0.47,0.82,0.29000000000000004,5.0,1.4500000000000002,0.015972286358475682,OVERPAY_LIMIT
1765989674.2503736,eth-updown-15m-1765989000,1765989000.0,1765989900.0,,225.74962639808655,,,,,0,0,0.9,0.98,ORDERS_OPEN,,,,,,,,,,,,,,0,5,,,,,,,,,,,,,,,,,,,,,,,,,,,,0.0,0.0,,,,,0,0,,,Inv: 0.0/0.0 CapLeft: 50.0,,,0.0,0.0,0.0,50.0,50.0,0.0,50.0,0.9,0.09999999999999998,0.0,0.0,0.0,0.0,0.0,0.0,0.0,
1765989674.5375917,eth-updown-15m-1765989000,1765989000.0,1765989900.0,,225.46240830421448,,,,,0,0,0.99,0.98,ONE_LEG_INVENTORY,,,,,,,,,,,,,,0,5.0,,,,,,,,,,,,,,,,,,,,"RECONSTRUCT_BLOCKED: OVERPAY_LIMIT (Op:0.2800 > L:0.0160, Cost:$1.40)",,,,,,,,25.0,22.340424,,,,,0,0,,,Inv: 25.0/22.3 CapLeft: 2.7,,,25.0,22.340424,47.340424,2.6595760000000013,50.0,0.012499999999999734,49.9875,0.97,0.030000000000000027,2.6595760000000013,0.47,0.81,0.28,5.0,1.4000000000000001,0.016045159688591958,OVERPAY_LIMIT
1765989674.5375917,eth-updown-15m-1765989000,1765989000.0,1765989900.0,,225.46240830421448,,,,,0,0,0.99,0.98,ONE_LEG_INVENTORY,,,,,,,,,,,,,,0,5.0,,,,,,,,,,,,,,,,,,,,"RECONSTRUCT_BLOCKED: OVERPAY_LIMIT (Op:0.2800 > L:0.0160, Cost:$1.40)",,,,,,,,25.0,22.340424,,,,,0,0,,,Inv: 25.0/22.3 CapLeft: 2.7,,,25.0,22.340424,47.340424,2.6595760000000013,50.0,0.012499999999999734,49.9875,0.97,0.030000000000000027,2.6595760000000013,0.47,0.81,0.28,5.0,1.4000000000000001,0.016045159688591958,OVERPAY_LIMIT
1765989675.7515879,eth-updown-15m-1765989000,1765989000.0,1765989900.0,,224.24841213226318,,,,,0,0,0.9,0.98,ORDERS_OPEN,,,,,,,,,,,,,,0,5,,,,,,,,,,,,,,,,,,,,,,,,,,,,0.0,0.0,,,,,0,0,,,Inv: 0.0/0.0 CapLeft: 50.0,,,0.0,0.0,0.0,50.0,50.0,0.0,50.0,0.9,0.09999999999999998,0.0,0.0,0.0,0.0,0.0,0.0,0.0,
1765989676.506482,eth-updown-15m-1765989000,1765989000.0,1765989900.0,,223.49351811408997,,,,,0,0,0.99,0.98,ONE_LEG_INVENTORY,,,,,,,,,,,,,,0,5.0,,,,,,,,,,,,,,,,,,,,"RECONSTRUCT_BLOCKED: OVERPAY_LIMIT (Op:0.2900 > L:0.0161, Cost:$1.45)",,,,,,,,25.0,22.340424,,,,,0,0,,,Inv: 25.0/22.3 CapLeft: 2.7,,,25.0,22.340424,47.340424,2.6595760000000013,50.0,0.012499999999999734,49.9875,0.97,0.030000000000000027,2.6595760000000013,0.47,0.82,0.29000000000000004,5.0,1.4500000000000002,0.016118993070721625,OVERPAY_LIMIT
1765989676.506482,eth-updown-15m-1765989000,1765989000.0,1765989900.0,,223.49351811408997,,,,,0,0,0.99,0.98,ONE_LEG_INVENTORY,,,,,,,,,,,,,,0,5.0,,,,,,,,,,,,,,,,,,,,"RECONSTRUCT_BLOCKED: OVERPAY_LIMIT (Op:0.2900 > L:0.0161, Cost:$1.45)",,,,,,,,25.0,22.340424,,,,,0,0,,,Inv: 25.0/22.3 CapLeft: 2.7,,,25.0,22.340424,47.340424,2.6595760000000013,50.0,0.012499999999999734,49.9875,0.97,0.030000000000000027,2.6595760000000013,0.47,0.82,0.29000000000000004,5.0,1.4500000000000002,0.016118993070721625,OVERPAY_LIMIT
1765989677.2527015,eth-updown-15m-1765989000,1765989000.0,1765989900.0,,222.7472984790802,,,,,0,0,0.9,0.98,ORDERS_OPEN,,,,,,,,,,,,,,0,5,,,,,,,,,,,,,,,,,,,,,,,,,,,,0.0,0.0,,,,,0,0,,,Inv: 0.0/0.0 CapLeft: 50.0,,,0.0,0.0,0.0,50.0,50.0,0.0,50.0,0.9,0.09999999999999998,0.0,0.0,0.0,0.0,0.0,0.0,0.0,
1765989678.4357579,eth-updown-15m-1765989000,1765989000.0,1765989900.0,,221.5642421245575,,,,,0,0,0.98,0.98,ONE_LEG_INVENTORY,,,,,,,,,,,,,,0,5.0,,,,,,,,,,,,,,,,,,,,"RECONSTRUCT_BLOCKED: OVERPAY_LIMIT (Op:0.2600 > L:0.0162, Cost:$1.30)",,,,,,,,25.0,22.340424,,,,,0,0,,,Inv: 25.0/22.3 CapLeft: 2.7,,,25.0,22.340424,47.340424,2.6595760000000013,50.0,0.012499999999999734,49.9875,0.97,0.030000000000000027,2.6595760000000013,0.47,0.79,0.26,5.0,1.3,0.016191340920329093,OVERPAY_LIMIT
1765989678.4357579,eth-updown-15m-1765989000,1765989000.0,1765989900.0,,221.5642421245575,,,,,0,0,0.98,0.98,ONE_LEG_INVENTORY,,,,,,,,,,,,,,0,5.0,,,,,,,,,,,,,,,,,,,,"RECONSTRUCT_BLOCKED: OVERPAY_LIMIT (Op:0.2600 > L:0.0162, Cost:$1.30)",,,,,,,,25.0,22.340424,,,,,0,0,,,Inv: 25.0/22.3 CapLeft: 2.7,,,25.0,22.340424,47.340424,2.6595760000000013,50.0,0.012499999999999734,49.9875,0.97,0.030000000000000027,2.6595760000000013,0.47,0.79,0.26,5.0,1.3,0.016191340920329093,OVERPAY_LIMIT
1765989680.2553723,eth-updown-15m-1765989000,1765989000.0,1765989900.0,,219.7446277141571,,,,,0.45,0.45,0.9,0.98,ORDERS_OPEN,,,,,,,,,,,,,,5,5,,,,,,,,,,,,,,,,,,,,Leg:BOTH UP:5 DOWN:5,,,,,,,,0.0,0.0,,,,,0,0,,,Inv: 0.0/0.0 CapLeft: 50.0,,,0.0,0.0,0.0,50.0,50.0,0.0,50.0,0.9,0.09999999999999998,0.0,0.0,0.0,0.0,0.0,0.0,0.0,
1765989680.3906887,eth-updown-15m-1765989000,1765989000.0,1765989900.0,,219.60931134223938,,,,,0,0,0.98,0.98,ONE_LEG_INVENTORY,,,,,,,,,,,,,,0,5.0,,,,,,,,,,,,,,,,,,,,"RECONSTRUCT_BLOCKED: OVERPAY_LIMIT (Op:0.2600 > L:0.0163, Cost:$1.30)",,,,,,,,25.0,22.340424,,,,,0,0,,,Inv: 25.0/22.3 CapLeft: 2.7,,,25.0,22.340424,47.340424,2.6595760000000013,50.0,0.012499999999999734,49.9875,0.97,0.030000000000000027,2.6595760000000013,0.47,0.79,0.26,5.0,1.3,0.01626465082466602,OVERPAY_LIMIT
1765989680.3906887,eth-updown-15m-1765989000,1765989000.0,1765989900.0,,219.60931134223938,,,,,0,0,0.98,0.98,ONE_LEG_INVENTORY,,,,,,,,,,,,,,0,5.0,,,,,,,,,,,,,,,,,,,,"RECONSTRUCT_BLOCKED: OVERPAY_LIMIT (Op:0.2600 > L:0.0163, Cost:$1.30)",,,,,,,,25.0,22.340424,,,,,0,0,,,Inv: 25.0/22.3 CapLeft: 2.7,,,25.0,22.340424,47.340424,2.6595760000000013,50.0,0.012499999999999734,49.9875,0.97,0.030000000000000027,2.6595760000000013,0.47,0.79,0.26,5.0,1.3,0.01626465082466602,OVERPAY_LIMIT
1765989681.7570863,eth-updown-15m-1765989000,1765989000.0,1765989900.0,,218.24291372299194,,,,,0,0,0.9,0.98,ORDERS_OPEN,,,,,,,,,,,,,,0,5,,,,,,,,,,,,,,,,,,,,,,,,,,,,0.0,0.0,,,,,0,0,,,Inv: 0.0/0.0 CapLeft: 50.0,,,0.0,0.0,0.0,50.0,50.0,0.0,50.0,0.9,0.09999999999999998,0.0,0.0,0.0,0.0,0.0,0.0,0.0,
1765989682.3189754,eth-updown-15m-1765989000,1765989000.0,1765989900.0,,217.6810245513916,,,,,0,0,0.99,0.98,ONE_LEG_INVENTORY,,,,,,,,,,,,,,0,5.0,,,,,,,,,,,,,,,,,,,,"RECONSTRUCT_BLOCKED: OVERPAY_LIMIT (Op:0.2700 > L:0.0163, Cost:$1.35)",,,,,,,,25.0,22.340424,,,,,0,0,,,Inv: 25.0/22.3 CapLeft: 2.7,,,25.0,22.340424,47.340424,2.6595760000000013,50.0,0.012499999999999734,49.9875,0.97,0.030000000000000027,2.6595760000000013,0.47,0.8,0.27,5.0,1.35,0.016336961579322816,OVERPAY_LIMIT
1765989682.3189754,eth-updown-15m-1765989000,1765989000.0,1765989900.0,,217.6810245513916,,,,,0,0,0.99,0.98,ONE_LEG_INVENTORY,,,,,,,,,,,,,,0,5.0,,,,,,,,,,,,,,,,,,,,"RECONSTRUCT_BLOCKED: OVERPAY_LIMIT (Op:0.2700 > L:0.0163, Cost:$1.35)",,,,,,,,25.0,22.340424,,,,,0,0,,,Inv: 25.0/22.3 CapLeft: 2.7,,,25.0,22.340424,47.340424,2.6595760000000013,50.0,0.012499999999999734,49.9875,0.97,0.030000000000000027,2.6595760000000013,0.47,0.8,0.27,5.0,1.35,0.016336961579322816,OVERPAY_LIMIT
1765989683.2588165,eth-updown-15m-1765989000,1765989000.0,1765989900.0,,216.7411835193634,,,,,0,0,0.9,0.98,ORDERS_OPEN,,,,,,,,,,,,,,0,5,,,,,,,,,,,,,,,,,,,,,,,,,,,,0.0,0.0,,,,,0,0,,,Inv: 0.0/0.0 CapLeft: 50.0,,,0.0,0.0,0.0,50.0,50.0,0.0,50.0,0.9,0.09999999999999998,0.0,0.0,0.0,0.0,0.0,0.0,0.0,
1765989684.2584207,eth-updown-15m-1765989000,1765989000.0,1765989900.0,,215.7415792942047,,,,,0,0,0.99,0.98,ONE_LEG_INVENTORY,,,,,,,,,,,,,,0,5.0,,,,,,,,,,,,,,,,,,,,"RECONSTRUCT_BLOCKED: OVERPAY_LIMIT (Op:0.2500 > L:0.0164, Cost:$1.25)",,,,,,,,25.0,22.340424,,,,,0,0,,,Inv: 25.0/22.3 CapLeft: 2.7,,,25.0,22.340424,47.340424,2.6595760000000013,50.0,0.012499999999999734,49.9875,0.97,0.030000000000000027,2.6595760000000013,0.47,0.78,0.25,5.0,1.25,0.016409690776467322,OVERPAY_LIMIT
1765989684.2584207,eth-updown-15m-1765989000,1765989000.0,1765989900.0,,215.7415792942047,,,,,0,0,0.99,0.98,ONE_LEG_INVENTORY,,,,,,,,,,,,,,0,5.0,,,,,,,,,,,,,,,,,,,,"RECONSTRUCT_BLOCKED: OVERPAY_LIMIT (Op:0.2500 > L:0.0164, Cost:$1.25)",,,,,,,,25.0,22.340424,,,,,0,0,,,Inv: 25.0/22.3 CapLeft: 2.7,,,25.0,22.340424,47.340424,2.6595760000000013,50.0,0.012499999999999734,49.9875,0.97,0.030000000000000027,2.6595760000000013,0.47,0.78,0.25,5.0,1.25,0.016409690776467322,OVERPAY_LIMIT
1765989684.7603636,eth-updown-15m-1765989000,1765989000.0,1765989900.0,,215.2396364212036,,,,,0,0,0.9,0.98,ORDERS_OPEN,,,,,,,,,,,,,,0,5,,,,,,,,,,,,,,,,,,,,,,,,,,,,0.0,0.0,,,,,0,0,,,Inv: 0.0/0.0 CapLeft: 50.0,,,0.0,0.0,0.0,50.0,50.0,0.0,50.0,0.9,0.09999999999999998,0.0,0.0,0.0,0.0,0.0,0.0,0.0,
1765989686.2794003,eth-updown-15m-1765989000,1765989000.0,1765989900.0,,213.72059965133667,,,,,0,0,0.9,0.98,ORDERS_OPEN,,,,,,,,,,,,,,0,5,,,,,,,,,,,,,,,,,,,,,,,,,,,,0.0,0.0,,,,,0,0,,,Inv: 0.0/0.0 CapLeft: 50.0,,,0.0,0.0,0.0,50.0,50.0,0.0,50.0,0.9,0.09999999999999998,0.0,0.0,0.0,0.0,0.0,0.0,0.0,
1765989686.1931996,eth-updown-15m-1765989000,1765989000.0,1765989900.0,,213.806800365448,,,,,0,0,1.0,0.98,ONE_LEG_INVENTORY,,,,,,,,,,,,,,0,5.0,,,,,,,,,,,,,,,,,,,,"RECONSTRUCT_BLOCKED: OVERPAY_LIMIT (Op:0.2500 > L:0.0165, Cost:$1.25)",,,,,,,,25.0,22.340424,,,,,0,0,,,Inv: 25.0/22.3 CapLeft: 2.7,,,25.0,22.340424,47.340424,2.6595760000000013,50.0,0.012499999999999734,49.9875,0.97,0.030000000000000027,2.6595760000000013,0.47,0.78,0.25,5.0,1.25,0.016482244986295698,OVERPAY_LIMIT
1765989686.1931996,eth-updown-15m-1765989000,1765989000.0,1765989900.0,,213.806800365448,,,,,0,0,1.0,0.98,ONE_LEG_INVENTORY,,,,,,,,,,,,,,0,5.0,,,,,,,,,,,,,,,,,,,,"RECONSTRUCT_BLOCKED: OVERPAY_LIMIT (Op:0.2500 > L:0.0165, Cost:$1.25)",,,,,,,,25.0,22.340424,,,,,0,0,,,Inv: 25.0/22.3 CapLeft: 2.7,,,25.0,22.340424,47.340424,2.6595760000000013,50.0,0.012499999999999734,49.9875,0.97,0.030000000000000027,2.6595760000000013,0.47,0.78,0.25,5.0,1.25,0.016482244986295698,OVERPAY_LIMIT
1765989687.7805347,eth-updown-15m-1765989000,1765989000.0,1765989900.0,,212.2194652557373,,,,,0,0,0.9,0.98,ORDERS_OPEN,,,,,,,,,,,,,,0,5,,,,,,,,,,,,,,,,,,,,,,,,,,,,0.0,0.0,,,,,0,0,,,Inv: 0.0/0.0 CapLeft: 50.0,,,0.0,0.0,0.0,50.0,50.0,0.0,50.0,0.9,0.09999999999999998,0.0,0.0,0.0,0.0,0.0,0.0,0.0,
1765989688.1437583,eth-updown-15m-1765989000,1765989000.0,1765989900.0,,211.85624170303345,,,,,0,0,0.99,0.98,ONE_LEG_INVENTORY,,,,,,,,,,,,,,0,5.0,,,,,,,,,,,,,,,,,,,,"RECONSTRUCT_BLOCKED: OVERPAY_LIMIT (Op:0.2800 > L:0.0166, Cost:$1.40)",,,,,,,,25.0,22.340424,,,,,0,0,,,Inv: 25.0/22.3 CapLeft: 2.7,,,25.0,22.340424,47.340424,2.6595760000000013,50.0,0.012499999999999734,49.9875,0.97,0.030000000000000027,2.6595760000000013,0.47,0.81,0.28,5.0,1.4000000000000001,0.016555390936136245,OVERPAY_LIMIT
1765989688.1437583,eth-updown-15m-1765989000,1765989000.0,1765989900.0,,211.85624170303345,,,,,0,0,0.99,0.98,ONE_LEG_INVENTORY,,,,,,,,,,,,,,0,5.0,,,,,,,,,,,,,,,,,,,,"RECONSTRUCT_BLOCKED: OVERPAY_LIMIT (Op:0.2800 > L:0.0166, Cost:$1.40)",,,,,,,,25.0,22.340424,,,,,0,0,,,Inv: 25.0/22.3 CapLeft: 2.7,,,25.0,22.340424,47.340424,2.6595760000000013,50.0,0.012499999999999734,49.9875,0.97,0.030000000000000027,2.6595760000000013,0.47,0.81,0.28,5.0,1.4000000000000001,0.016555390936136245,OVERPAY_LIMIT
1765989689.2819388,eth-updown-15m-1765989000,1765989000.0,1765989900.0,,210.71806120872498,,,,,0,0,0.9,0.98,ORDERS_OPEN,,,,,,,,,,,,,,0,5,,,,,,,,,,,,,,,,,,,,,,,,,,,,0.0,0.0,,,,,0,0,,,Inv: 0.0/0.0 CapLeft: 50.0,,,0.0,0.0,0.0,50.0,50.0,0.0,50.0,0.9,0.09999999999999998,0.0,0.0,0.0,0.0,0.0,0.0,0.0,
1765989690.0854502,eth-updown-15m-1765989000,1765989000.0,1765989900.0,,209.91454982757568,,,,,0,0,0.98,0.98,ONE_LEG_INVENTORY,,,,,,,,,,,,,,0,5.0,,,,,,,,,,,,,,,,,,,,"RECONSTRUCT_BLOCKED: OVERPAY_LIMIT (Op:0.2600 > L:0.0166, Cost:$1.30)",,,,,,,,25.0,22.340424,,,,,0,0,,,Inv: 25.0/22.3 CapLeft: 2.7,,,25.0,22.340424,47.340424,2.6595760000000013,50.0,0.012499999999999734,49.9875,0.97,0.030000000000000027,2.6595760000000013,0.47,0.79,0.26,5.0,1.3,0.016628204381465908,OVERPAY_LIMIT
1765989690.0854502,eth-updown-15m-1765989000,1765989000.0,1765989900.0,,209.91454982757568,,,,,0,0,0.98,0.98,ONE_LEG_INVENTORY,,,,,,,,,,,,,,0,5.0,,,,,,,,,,,,,,,,,,,,"RECONSTRUCT_BLOCKED: OVERPAY_LIMIT (Op:0.2600 > L:0.0166, Cost:$1.30)",,,,,,,,25.0,22.340424,,,,,0,0,,,Inv: 25.0/22.3 CapLeft: 2.7,,,25.0,22.340424,47.340424,2.6595760000000013,50.0,0.012499999999999734,49.9875,0.97,0.030000000000000027,2.6595760000000013,0.47,0.79,0.26,5.0,1.3,0.016628204381465908,OVERPAY_LIMIT
1765989690.783382,eth-updown-15m-1765989000,1765989000.0,1765989900.0,,209.21661806106567,,,,,0,0,0.9,0.98,ORDERS_OPEN,,,,,,,,,,,,,,0,5,,,,,,,,,,,,,,,,,,,,,,,,,,,,0.0,0.0,,,,,0,0,,,Inv: 0.0/0.0 CapLeft: 50.0,,,0.0,0.0,0.0,50.0,50.0,0.0,50.0,0.9,0.09999999999999998,0.0,0.0,0.0,0.0,0.0,0.0,0.0,
1765989692.2848465,eth-updown-15m-1765989000,1765989000.0,1765989900.0,,207.71515345573425,,,,,0,0,0.9,0.98,ORDERS_OPEN,,,,,,,,,,,,,,0,5,,,,,,,,,,,,,,,,,,,,,,,,,,,,0.0,0.0,,,,,0,0,,,Inv: 0.0/0.0 CapLeft: 50.0,,,0.0,0.0,0.0,50.0,50.0,0.0,50.0,0.9,0.09999999999999998,0.0,0.0,0.0,0.0,0.0,0.0,0.0,
1765989692.006729,eth-updown-15m-1765989000,1765989000.0,1765989900.0,,207.99327111244202,,,,,0,0,0.99,0.98,ONE_LEG_INVENTORY,,,,,,,,,,,,,,0,5.0,,,,,,,,,,,,,,,,,,,,"RECONSTRUCT_BLOCKED: OVERPAY_LIMIT (Op:0.3000 > L:0.0167, Cost:$1.50)",,,,,,,,25.0,22.340424,,,,,0,0,,,Inv: 25.0/22.3 CapLeft: 2.7,,,25.0,22.340424,47.340424,2.6595760000000013,50.0,0.012499999999999734,49.9875,0.97,0.030000000000000027,2.6595760000000013,0.47,0.83,0.2999999999999998,5.0,1.4999999999999991,0.016700252333283424,OVERPAY_LIMIT
1765989692.006729,eth-updown-15m-1765989000,1765989000.0,1765989900.0,,207.99327111244202,,,,,0,0,0.99,0.98,ONE_LEG_INVENTORY,,,,,,,,,,,,,,0,5.0,,,,,,,,,,,,,,,,,,,,"RECONSTRUCT_BLOCKED: OVERPAY_LIMIT (Op:0.3000 > L:0.0167, Cost:$1.50)",,,,,,,,25.0,22.340424,,,,,0,0,,,Inv: 25.0/22.3 CapLeft: 2.7,,,25.0,22.340424,47.340424,2.6595760000000013,50.0,0.012499999999999734,49.9875,0.97,0.030000000000000027,2.6595760000000013,0.47,0.83,0.2999999999999998,5.0,1.4999999999999991,0.016700252333283424,OVERPAY_LIMIT
1765989693.7864537,eth-updown-15m-1765989000,1765989000.0,1765989900.0,,206.21354627609253,,,,,0,0,0.9,0.98,ORDERS_OPEN,,,,,,,,,,,,,,0,5,,,,,,,,,,,,,,,,,,,,,,,,,,,,0.0,0.0,,,,,0,0,,,Inv: 0.0/0.0 CapLeft: 50.0,,,0.0,0.0,0.0,50.0,50.0,0.0,50.0,0.9,0.09999999999999998,0.0,0.0,0.0,0.0,0.0,0.0,0.0,
1765989693.9682257,eth-updown-15m-1765989000,1765989000.0,1765989900.0,,206.03177428245544,,,,,0,0,0.99,0.98,ONE_LEG_INVENTORY,,,,,,,,,,,,,,0,5.0,,,,,,,,,,,,,,,,,,,,"RECONSTRUCT_BLOCKED: OVERPAY_LIMIT (Op:0.2800 > L:0.0168, Cost:$1.40)",,,,,,,,25.0,22.340424,,,,,0,0,,,Inv: 25.0/22.3 CapLeft: 2.7,,,25.0,22.340424,47.340424,2.6595760000000013,50.0,0.012499999999999734,49.9875,0.97,0.030000000000000027,2.6595760000000013,0.47,0.81,0.28,5.0,1.4000000000000001,0.01677380846440792,OVERPAY_LIMIT
1765989693.9682257,eth-updown-15m-1765989000,1765989000.0,1765989900.0,,206.03177428245544,,,,,0,0,0.99,0.98,ONE_LEG_INVENTORY,,,,,,,,,,,,,,0,5.0,,,,,,,,,,,,,,,,,,,,"RECONSTRUCT_BLOCKED: OVERPAY_LIMIT (Op:0.2800 > L:0.0168, Cost:$1.40)",,,,,,,,25.0,22.340424,,,,,0,0,,,Inv: 25.0/22.3 CapLeft: 2.7,,,25.0,22.340424,47.340424,2.6595760000000013,50.0,0.012499999999999734,49.9875,0.97,0.030000000000000027,2.6595760000000013,0.47,0.81,0.28,5.0,1.4000000000000001,0.01677380846440792,OVERPAY_LIMIT
1765989695.9043744,eth-updown-15m-1765989000,1765989000.0,1765989900.0,,204.0956256389618,,,,,0,0,0.97,0.98,ONE_LEG_INVENTORY,,,,,,,,,,,,,,0,5.0,,,,,,,,,,,,,,,,,,,,"RECONSTRUCT_BLOCKED: OVERPAY_LIMIT (Op:0.2500 > L:0.0168, Cost:$1.25)",,,,,,,,25.0,22.340424,,,,,0,0,,,Inv: 25.0/22.3 CapLeft: 2.7,,,25.0,22.340424,47.340424,2.6595760000000013,50.0,0.012499999999999734,49.9875,0.97,0.030000000000000027,2.6595760000000013,0.47,0.78,0.25,5.0,1.25,0.016846414038538933,OVERPAY_LIMIT
1765989695.9043744,eth-updown-15m-1765989000,1765989000.0,1765989900.0,,204.0956256389618,,,,,0,0,0.97,0.98,ONE_LEG_INVENTORY,,,,,,,,,,,,,,0,5.0,,,,,,,,,,,,,,,,,,,,"RECONSTRUCT_BLOCKED: OVERPAY_LIMIT (Op:0.2500 > L:0.0168, Cost:$1.25)",,,,,,,,25.0,22.340424,,,,,0,0,,,Inv: 25.0/22.3 CapLeft: 2.7,,,25.0,22.340424,47.340424,2.6595760000000013,50.0,0.012499999999999734,49.9875,0.97,0.030000000000000027,2.6595760000000013,0.47,0.78,0.25,5.0,1.25,0.016846414038538933,OVERPAY_LIMIT
1765989696.789254,eth-updown-15m-1765989000,1765989000.0,1765989900.0,,203.21074604988098,,,,,0.45,0.45,0.9,0.98,ORDERS_OPEN,,,,,,,,,,,,,,5,5,,,,,,,,,,,,,,,,,,,,Leg:BOTH UP:5 DOWN:5,,,,,,,,0.0,0.0,,,,,0,0,,,Inv: 0.0/0.0 CapLeft: 50.0,,,0.0,0.0,0.0,50.0,50.0,0.0,50.0,0.9,0.09999999999999998,0.0,0.0,0.0,0.0,0.0,0.0,0.0,
1765989698.29073,eth-updown-15m-1765989000,1765989000.0,1765989900.0,,201.70927000045776,,,,,0,0,0.9,0.98,ORDERS_OPEN,,,,,,,,,,,,,,0,5,,,,,,,,,,,,,,,,,,,,,,,,,,,,0.0,0.0,,,,,0,0,,,Inv: 0.0/0.0 CapLeft: 50.0,,,0.0,0.0,0.0,50.0,50.0,0.0,50.0,0.9,0.09999999999999998,0.0,0.0,0.0,0.0,0.0,0.0,0.0,
1765989697.8839843,eth-updown-15m-1765989000,1765989000.0,1765989900.0,,202.11601567268372,,,,,0,0,0.9700000000000001,0.98,ONE_LEG_INVENTORY,,,,,,,,,,,,,,0,5.0,,,,,,,,,,,,,,,,,,,,"RECONSTRUCT_BLOCKED: OVERPAY_LIMIT (Op:0.2700 > L:0.0169, Cost:$1.35)",,,,,,,,25.0,22.340424,,,,,0,0,,,Inv: 25.0/22.3 CapLeft: 2.7,,,25.0,22.340424,47.340424,2.6595760000000013,50.0,0.012499999999999734,49.9875,0.97,0.030000000000000027,2.6595760000000013,0.47,0.8,0.27,5.0,1.35,0.01692064941227436,OVERPAY_LIMIT
1765989697.8839843,eth-updown-15m-1765989000,1765989000.0,1765989900.0,,202.11601567268372,,,,,0,0,0.9700000000000001,0.98,ONE_LEG_INVENTORY,,,,,,,,,,,,,,0,5.0,,,,,,,,,,,,,,,,,,,,"RECONSTRUCT_BLOCKED: OVERPAY_LIMIT (Op:0.2700 > L:0.0169, Cost:$1.35)",,,,,,,,25.0,22.340424,,,,,0,0,,,Inv: 25.0/22.3 CapLeft: 2.7,,,25.0,22.340424,47.340424,2.6595760000000013,50.0,0.012499999999999734,49.9875,0.97,0.030000000000000027,2.6595760000000013,0.47,0.8,0.27,5.0,1.35,0.01692064941227436,OVERPAY_LIMIT
1765989699.7920098,eth-updown-15m-1765989000,1765989000.0,1765989900.0,,200.20799016952515,,,,,0,0,0.9,0.98,ORDERS_OPEN,,,,,,,,,,,,,,0,5,,,,,,,,,,,,,,,,,,,,,,,,,,,,0.0,0.0,,,,,0,0,,,Inv: 0.0/0.0 CapLeft: 50.0,,,0.0,0.0,0.0,50.0,50.0,0.0,50.0,0.9,0.09999999999999998,0.0,0.0,0.0,0.0,0.0,0.0,0.0,
1765989699.8598638,eth-updown-15m-1765989000,1765989000.0,1765989900.0,,200.14013624191284,,,,,0,0,0.99,0.98,ONE_LEG_INVENTORY,,,,,,,,,,,,,,0,5.0,,,,,,,,,,,,,,,,,,,,"RECONSTRUCT_BLOCKED: OVERPAY_LIMIT (Op:0.3100 > L:0.0170, Cost:$1.55)",,,,,,,,25.0,22.340424,,,,,0,0,,,Inv: 25.0/22.3 CapLeft: 2.7,,,25.0,22.340424,47.340424,2.6595760000000013,50.0,0.012499999999999734,49.9875,0.97,0.030000000000000027,2.6595760000000013,0.47,0.84,0.31000000000000005,5.0,1.5500000000000003,0.016994744890928268,OVERPAY_LIMIT
1765989699.8598638,eth-updown-15m-1765989000,1765989000.0,1765989900.0,,200.14013624191284,,,,,0,0,0.99,0.98,ONE_LEG_INVENTORY,,,,,,,,,,,,,,0,5.0,,,,,,,,,,,,,,,,,,,,"RECONSTRUCT_BLOCKED: OVERPAY_LIMIT (Op:0.3100 > L:0.0170, Cost:$1.55)",,,,,,,,25.0,22.340424,,,,,0,0,,,Inv: 25.0/22.3 CapLeft: 2.7,,,25.0,22.340424,47.340424,2.6595760000000013,50.0,0.012499999999999734,49.9875,0.97,0.030000000000000027,2.6595760000000013,0.47,0.84,0.31000000000000005,5.0,1.5500000000000003,0.016994744890928268,OVERPAY_LIMIT
1765989701.2932463,eth-updown-15m-1765989000,1765989000.0,1765989900.0,,198.70675373077393,,,,,0,0,0.9,0.98,ORDERS_OPEN,,,,,,,,,,,,,,0,5,,,,,,,,,,,,,,,,,,,,,,,,,,,,0.0,0.0,,,,,0,0,,,Inv: 0.0/0.0 CapLeft: 50.0,,,0.0,0.0,0.0,50.0,50.0,0.0,50.0,0.9,0.09999999999999998,0.0,0.0,0.0,0.0,0.0,0.0,0.0,
1765989701.798055,eth-updown-15m-1765989000,1765989000.0,1765989900.0,,198.20194506645203,,,,,0,0,1.0,0.98,ONE_LEG_INVENTORY,,,,,,,,,,,,,,0,5.0,,,,,,,,,,,,,,,,,,,,"RECONSTRUCT_BLOCKED: OVERPAY_LIMIT (Op:0.3300 > L:0.0171, Cost:$1.65)",,,,,,,,25.0,22.340424,,,,,0,0,,,Inv: 25.0/22.3 CapLeft: 2.7,,,25.0,22.340424,47.340424,2.6595760000000013,50.0,0.012499999999999734,49.9875,0.97,0.030000000000000027,2.6595760000000013,0.47,0.86,0.33000000000000007,5.0,1.6500000000000004,0.01706742706000805,OVERPAY_LIMIT
1765989701.798055,eth-updown-15m-1765989000,1765989000.0,1765989900.0,,198.20194506645203,,,,,0,0,1.0,0.98,ONE_LEG_INVENTORY,,,,,,,,,,,,,,0,5.0,,,,,,,,,,,,,,,,,,,,"RECONSTRUCT_BLOCKED: OVERPAY_LIMIT (Op:0.3300 > L:0.0171, Cost:$1.65)",,,,,,,,25.0,22.340424,,,,,0,0,,,Inv: 25.0/22.3 CapLeft: 2.7,,,25.0,22.340424,47.340424,2.6595760000000013,50.0,0.012499999999999734,49.9875,0.97,0.030000000000000027,2.6595760000000013,0.47,0.86,0.33000000000000007,5.0,1.6500000000000004,0.01706742706000805,OVERPAY_LIMIT
1765989702.7947884,eth-updown-15m-1765989000,1765989000.0,1765989900.0,,197.2052116394043,,,,,0,0,0.9,0.98,ORDERS_OPEN,,,,,,,,,,,,,,0,5,,,,,,,,,,,,,,,,,,,,,,,,,,,,0.0,0.0,,,,,0,0,,,Inv: 0.0/0.0 CapLeft: 50.0,,,0.0,0.0,0.0,50.0,50.0,0.0,50.0,0.9,0.09999999999999998,0.0,0.0,0.0,0.0,0.0,0.0,0.0,
1765989703.7450054,eth-updown-15m-1765989000,1765989000.0,1765989900.0,,196.2549946308136,,,,,0,0,0.95,0.98,ONE_LEG_INVENTORY,,,,,,,,,,,,,,0,5.0,,,,,,,,,,,,,,,,,,,,"RECONSTRUCT_BLOCKED: OVERPAY_LIMIT (Op:0.3200 > L:0.0171, Cost:$1.60)",,,,,,,,25.0,22.340424,,,,,0,0,,,Inv: 25.0/22.3 CapLeft: 2.7,,,25.0,22.340424,47.340424,2.6595760000000013,50.0,0.012499999999999734,49.9875,0.97,0.030000000000000027,2.6595760000000013,0.47,0.85,0.31999999999999984,5.0,1.5999999999999992,0.01714043770134449,OVERPAY_LIMIT
1765989703.7450054,eth-updown-15m-1765989000,1765989000.0,1765989900.0,,196.2549946308136,,,,,0,0,0.95,0.98,ONE_LEG_INVENTORY,,,,,,,,,,,,,,0,5.0,,,,,,,,,,,,,,,,,,,,"RECONSTRUCT_BLOCKED: OVERPAY_LIMIT (Op:0.3200 > L:0.0171, Cost:$1.60)",,,,,,,,25.0,22.340424,,,,,0,0,,,Inv: 25.0/22.3 CapLeft: 2.7,,,25.0,22.340424,47.340424,2.6595760000000013,50.0,0.012499999999999734,49.9875,0.97,0.030000000000000027,2.6595760000000013,0.47,0.85,0.31999999999999984,5.0,1.5999999999999992,0.01714043770134449,OVERPAY_LIMIT
1765989704.2970238,eth-updown-15m-1765989000,1765989000.0,1765989900.0,,195.70297622680664,,,,,0,0,0.9,0.98,ORDERS_OPEN,,,,,,,,,,,,,,0,5,,,,,,,,,,,,,,,,,,,,,,,,,,,,0.0,0.0,,,,,0,0,,,Inv: 0.0/0.0 CapLeft: 50.0,,,0.0,0.0,0.0,50.0,50.0,0.0,50.0,0.9,0.09999999999999998,0.0,0.0,0.0,0.0,0.0,0.0,0.0,
1765989705.798078,eth-updown-15m-1765989000,1765989000.0,1765989900.0,,194.20192193984985,,,,,0,0,0.9,0.98,ORDERS_OPEN,,,,,,,,,,,,,,0,5,,,,,,,,,,,,,,,,,,,,,,,,,,,,0.0,0.0,,,,,0,0,,,Inv: 0.0/0.0 CapLeft: 50.0,,,0.0,0.0,0.0,50.0,50.0,0.0,50.0,0.9,0.09999999999999998,0.0,0.0,0.0,0.0,0.0,0.0,0.0,
1765989705.678611,eth-updown-15m-1765989000,1765989000.0,1765989900.0,,194.32138895988464,,,,,0,0,0.94,0.98,ONE_LEG_INVENTORY,,,,,,,,,,,,,,0,5.0,,,,,,,,,,,,,,,,,,,,"RECONSTRUCT_BLOCKED: OVERPAY_LIMIT (Op:0.3300 > L:0.0172, Cost:$1.65)",,,,,,,,25.0,22.340424,,,,,0,0,,,Inv: 25.0/22.3 CapLeft: 2.7,,,25.0,22.340424,47.340424,2.6595760000000013,50.0,0.012499999999999734,49.9875,0.97,0.030000000000000027,2.6595760000000013,0.47,0.86,0.33000000000000007,5.0,1.6500000000000004,0.017212947914004323,OVERPAY_LIMIT
1765989705.678611,eth-updown-15m-1765989000,1765989000.0,1765989900.0,,194.32138895988464,,,,,0,0,0.94,0.98,ONE_LEG_INVENTORY,,,,,,,,,,,,,,0,5.0,,,,,,,,,,,,,,,,,,,,"RECONSTRUCT_BLOCKED: OVERPAY_LIMIT (Op:0.3300 > L:0.0172, Cost:$1.65)",,,,,,,,25.0,22.340424,,,,,0,0,,,Inv: 25.0/22.3 CapLeft: 2.7,,,25.0,22.340424,47.340424,2.6595760000000013,50.0,0.012499999999999734,49.9875,0.97,0.030000000000000027,2.6595760000000013,0.47,0.86,0.33000000000000007,5.0,1.6500000000000004,0.017212947914004323,OVERPAY_LIMIT
1765989707.3001306,eth-updown-15m-1765989000,1765989000.0,1765989900.0,,192.69986939430237,,,,,0,0,0.9,0.98,ORDERS_OPEN,,,,,,,,,,,,,,0,5,,,,,,,,,,,,,,,,,,,,,,,,,,,,0.0,0.0,,,,,0,0,,,Inv: 0.0/0.0 CapLeft: 50.0,,,0.0,0.0,0.0,50.0,50.0,0.0,50.0,0.9,0.09999999999999998,0.0,0.0,0.0,0.0,0.0,0.0,0.0,
1765989707.684011,eth-updown-15m-1765989000,1765989000.0,1765989900.0,,192.31598901748657,,,,,0,0,0.94,0.98,ONE_LEG_INVENTORY,,,,,,,,,,,,,,0,5.0,,,,,,,,,,,,,,,,,,,,"RECONSTRUCT_BLOCKED: OVERPAY_LIMIT (Op:0.3300 > L:0.0173, Cost:$1.65)",,,,,,,,25.0,22.340424,,,,,0,0,,,Inv: 25.0/22.3 CapLeft: 2.7,,,25.0,22.340424,47.340424,2.6595760000000013,50.0,0.012499999999999734,49.9875,0.97,0.030000000000000027,2.6595760000000013,0.47,0.86,0.33000000000000007,5.0,1.6500000000000004,0.017288150411844252,OVERPAY_LIMIT
1765989707.684011,eth-updown-15m-1765989000,1765989000.0,1765989900.0,,192.31598901748657,,,,,0,0,0.94,0.98,ONE_LEG_INVENTORY,,,,,,,,,,,,,,0,5.0,,,,,,,,,,,,,,,,,,,,"RECONSTRUCT_BLOCKED: OVERPAY_LIMIT (Op:0.3300 > L:0.0173, Cost:$1.65)",,,,,,,,25.0,22.340424,,,,,0,0,,,Inv: 25.0/22.3 CapLeft: 2.7,,,25.0,22.340424,47.340424,2.6595760000000013,50.0,0.012499999999999734,49.9875,0.97,0.030000000000000027,2.6595760000000013,0.47,0.86,0.33000000000000007,5.0,1.6500000000000004,0.017288150411844252,OVERPAY_LIMIT
1765989708.8015428,eth-updown-15m-1765989000,1765989000.0,1765989900.0,,191.19845724105835,,,,,0,0,0.9,0.98,ORDERS_OPEN,,,,,,,,,,,,,,0,5,,,,,,,,,,,,,,,,,,,,,,,,,,,,0.0,0.0,,,,,0,0,,,Inv: 0.0/0.0 CapLeft: 50.0,,,0.0,0.0,0.0,50.0,50.0,0.0,50.0,0.9,0.09999999999999998,0.0,0.0,0.0,0.0,0.0,0.0,0.0,
1765989709.6518028,eth-updown-15m-1765989000,1765989000.0,1765989900.0,,190.34819722175598,,,,,0,0,0.94,0.98,ONE_LEG_INVENTORY,,,,,,,,,,,,,,0,5.0,,,,,,,,,,,,,,,,,,,,"RECONSTRUCT_BLOCKED: OVERPAY_LIMIT (Op:0.3300 > L:0.0174, Cost:$1.65)",,,,,,,,25.0,22.340424,,,,,0,0,,,Inv: 25.0/22.3 CapLeft: 2.7,,,25.0,22.340424,47.340424,2.6595760000000013,50.0,0.012499999999999734,49.9875,0.97,0.030000000000000027,2.6595760000000013,0.47,0.86,0.33000000000000007,5.0,1.6500000000000004,0.01736194260418415,OVERPAY_LIMIT
1765989709.6518028,eth-updown-15m-1765989000,1765989000.0,1765989900.0,,190.34819722175598,,,,,0,0,0.94,0.98,ONE_LEG_INVENTORY,,,,,,,,,,,,,,0,5.0,,,,,,,,,,,,,,,,,,,,"RECONSTRUCT_BLOCKED: OVERPAY_LIMIT (Op:0.3300 > L:0.0174, Cost:$1.65)",,,,,,,,25.0,22.340424,,,,,0,0,,,Inv: 25.0/22.3 CapLeft: 2.7,,,25.0,22.340424,47.340424,2.6595760000000013,50.0,0.012499999999999734,49.9875,0.97,0.030000000000000027,2.6595760000000013,0.47,0.86,0.33000000000000007,5.0,1.6500000000000004,0.01736194260418415,OVERPAY_LIMIT
1765989710.3050683,eth-updown-15m-1765989000,1765989000.0,1765989900.0,,189.69493174552917,,,,,0,0,0.9,0.98,ORDERS_OPEN,,,,,,,,,,,,,,0,5,,,,,,,,,,,,,,,,,,,,,,,,,,,,0.0,0.0,,,,,0,0,,,Inv: 0.0/0.0 CapLeft: 50.0,,,0.0,0.0,0.0,50.0,50.0,0.0,50.0,0.9,0.09999999999999998,0.0,0.0,0.0,0.0,0.0,0.0,0.0,
1765989711.6104348,eth-updown-15m-1765989000,1765989000.0,1765989900.0,,188.3895652294159,,,,,0,0,0.95,0.98,ONE_LEG_INVENTORY,,,,,,,,,,,,,,0,5.0,,,,,,,,,,,,,,,,,,,,"RECONSTRUCT_BLOCKED: OVERPAY_LIMIT (Op:0.3400 > L:0.0174, Cost:$1.70)",,,,,,,,25.0,22.340424,,,,,0,0,,,Inv: 25.0/22.3 CapLeft: 2.7,,,25.0,22.340424,47.340424,2.6595760000000013,50.0,0.012499999999999734,49.9875,0.97,0.030000000000000027,2.6595760000000013,0.47,0.87,0.33999999999999986,5.0,1.6999999999999993,0.017435391303896902,OVERPAY_LIMIT
1765989711.6104348,eth-updown-15m-1765989000,1765989000.0,1765989900.0,,188.3895652294159,,,,,0,0,0.95,0.98,ONE_LEG_INVENTORY,,,,,,,,,,,,,,0,5.0,,,,,,,,,,,,,,,,,,,,"RECONSTRUCT_BLOCKED: OVERPAY_LIMIT (Op:0.3400 > L:0.0174, Cost:$1.70)",,,,,,,,25.0,22.340424,,,,,0,0,,,Inv: 25.0/22.3 CapLeft: 2.7,,,25.0,22.340424,47.340424,2.6595760000000013,50.0,0.012499999999999734,49.9875,0.97,0.030000000000000027,2.6595760000000013,0.47,0.87,0.33999999999999986,5.0,1.6999999999999993,0.017435391303896902,OVERPAY_LIMIT
1765989713.307913,eth-updown-15m-1765989000,1765989000.0,1765989900.0,,186.69208693504333,,,,,0.45,0.45,0.9,0.98,ORDERS_OPEN,,,,,,,,,,,,,,5,5,,,,,,,,,,,,,,,,,,,,Leg:BOTH UP:5 DOWN:5,,,,,,,,0.0,0.0,,,,,0,0,,,Inv: 0.0/0.0 CapLeft: 50.0,,,0.0,0.0,0.0,50.0,50.0,0.0,50.0,0.9,0.09999999999999998,0.0,0.0,0.0,0.0,0.0,0.0,0.0,
1765989713.5381463,eth-updown-15m-1765989000,1765989000.0,1765989900.0,,186.4618537425995,,,,,0,0,0.99,0.98,ONE_LEG_INVENTORY,,,,,,,,,,,,,,0,5.0,,,,,,,,,,,,,,,,,,,,"RECONSTRUCT_BLOCKED: OVERPAY_LIMIT (Op:0.3700 > L:0.0175, Cost:$1.85)",,,,,,,,25.0,22.340424,,,,,0,0,,,Inv: 25.0/22.3 CapLeft: 2.7,,,25.0,22.340424,47.340424,2.6595760000000013,50.0,0.012499999999999734,49.9875,0.97,0.030000000000000027,2.6595760000000013,0.47,0.9,0.3700000000000001,5.0,1.8500000000000005,0.017507680484652517,OVERPAY_LIMIT
1765989713.5381463,eth-updown-15m-1765989000,1765989000.0,1765989900.0,,186.4618537425995,,,,,0,0,0.99,0.98,ONE_LEG_INVENTORY,,,,,,,,,,,,,,0,5.0,,,,,,,,,,,,,,,,,,,,"RECONSTRUCT_BLOCKED: OVERPAY_LIMIT (Op:0.3700 > L:0.0175, Cost:$1.85)",,,,,,,,25.0,22.340424,,,,,0,0,,,Inv: 25.0/22.3 CapLeft: 2.7,,,25.0,22.340424,47.340424,2.6595760000000013,50.0,0.012499999999999734,49.9875,0.97,0.030000000000000027,2.6595760000000013,0.47,0.9,0.3700000000000001,5.0,1.8500000000000005,0.017507680484652517,OVERPAY_LIMIT
1765989714.8093688,eth-updown-15m-1765989000,1765989000.0,1765989900.0,,185.19063115119934,,,,,0,0,0.9,0.98,ORDERS_OPEN,,,,,,,,,,,,,,0,5,,,,,,,,,,,,,,,,,,,,,,,,,,,,0.0,0.0,,,,,0,0,,,Inv: 0.0/0.0 CapLeft: 50.0,,,0.0,0.0,0.0,50.0,50.0,0.0,50.0,0.9,0.09999999999999998,0.0,0.0,0.0,0.0,0.0,0.0,0.0,
1765989715.4981463,eth-updown-15m-1765989000,1765989000.0,1765989900.0,,184.50185370445251,,,,,0,0,0.98,0.98,ONE_LEG_INVENTORY,,,,,,,,,,,,,,0,5.0,,,,,,,,,,,,,,,,,,,,"RECONSTRUCT_BLOCKED: OVERPAY_LIMIT (Op:0.3800 > L:0.0176, Cost:$1.90)",,,,,,,,25.0,22.340424,,,,,0,0,,,Inv: 25.0/22.3 CapLeft: 2.7,,,25.0,22.340424,47.340424,2.6595760000000013,50.0,0.012499999999999734,49.9875,0.97,0.030000000000000027,2.6595760000000013,0.47,0.91,0.3799999999999999,5.0,1.8999999999999995,0.01758118048608303,OVERPAY_LIMIT
1765989715.4981463,eth-updown-15m-1765989000,1765989000.0,1765989900.0,,184.50185370445251,,,,,0,0,0.98,0.98,ONE_LEG_INVENTORY,,,,,,,,,,,,,,0,5.0,,,,,,,,,,,,,,,,,,,,"RECONSTRUCT_BLOCKED: OVERPAY_LIMIT (Op:0.3800 > L:0.0176, Cost:$1.90)",,,,,,,,25.0,22.340424,,,,,0,0,,,Inv: 25.0/22.3 CapLeft: 2.7,,,25.0,22.340424,47.340424,2.6595760000000013,50.0,0.012499999999999734,49.9875,0.97,0.030000000000000027,2.6595760000000013,0.47,0.91,0.3799999999999999,5.0,1.8999999999999995,0.01758118048608303,OVERPAY_LIMIT
1765989716.3108714,eth-updown-15m-1765989000,1765989000.0,1765989900.0,,183.68912863731384,,,,,0,0,0.9,0.98,ORDERS_OPEN,,,,,,,,,,,,,,0,5,,,,,,,,,,,,,,,,,,,,,,,,,,,,0.0,0.0,,,,,0,0,,,Inv: 0.0/0.0 CapLeft: 50.0,,,0.0,0.0,0.0,50.0,50.0,0.0,50.0,0.9,0.09999999999999998,0.0,0.0,0.0,0.0,0.0,0.0,0.0,
1765989717.8124046,eth-updown-15m-1765989000,1765989000.0,1765989900.0,,182.18759536743164,,,,,0,0,0.9,0.98,ORDERS_OPEN,,,,,,,,,,,,,,0,5,,,,,,,,,,,,,,,,,,,,,,,,,,,,0.0,0.0,,,,,0,0,,,Inv: 0.0/0.0 CapLeft: 50.0,,,0.0,0.0,0.0,50.0,50.0,0.0,50.0,0.9,0.09999999999999998,0.0,0.0,0.0,0.0,0.0,0.0,0.0,
1765989717.4321785,eth-updown-15m-1765989000,1765989000.0,1765989900.0,,182.56782150268555,,,,,0,0,0.97,0.98,ONE_LEG_INVENTORY,,,,,,,,,,,,,,0,5.0,,,,,,,,,,,,,,,,,,,,"RECONSTRUCT_BLOCKED: OVERPAY_LIMIT (Op:0.3400 > L:0.0177, Cost:$1.70)",,,,,,,,25.0,22.340424,,,,,0,0,,,Inv: 25.0/22.3 CapLeft: 2.7,,,25.0,22.340424,47.340424,2.6595760000000013,50.0,0.012499999999999734,49.9875,0.97,0.030000000000000027,2.6595760000000013,0.47,0.87,0.33999999999999986,5.0,1.6999999999999993,0.01765370669364929,OVERPAY_LIMIT
1765989717.4321785,eth-updown-15m-1765989000,1765989000.0,1765989900.0,,182.56782150268555,,,,,0,0,0.97,0.98,ONE_LEG_INVENTORY,,,,,,,,,,,,,,0,5.0,,,,,,,,,,,,,,,,,,,,"RECONSTRUCT_BLOCKED: OVERPAY_LIMIT (Op:0.3400 > L:0.0177, Cost:$1.70)",,,,,,,,25.0,22.340424,,,,,0,0,,,Inv: 25.0/22.3 CapLeft: 2.7,,,25.0,22.340424,47.340424,2.6595760000000013,50.0,0.012499999999999734,49.9875,0.97,0.030000000000000027,2.6595760000000013,0.47,0.87,0.33999999999999986,5.0,1.6999999999999993,0.01765370669364929,OVERPAY_LIMIT
1765989719.3139632,eth-updown-15m-1765989000,1765989000.0,1765989900.0,,180.68603682518005,,,,,0,0,0.9,0.98,ORDERS_OPEN,,,,,,,,,,,,,,0,5,,,,,,,,,,,,,,,,,,,,,,,,,,,,0.0,0.0,,,,,0,0,,,Inv: 0.0/0.0 CapLeft: 50.0,,,0.0,0.0,0.0,50.0,50.0,0.0,50.0,0.9,0.09999999999999998,0.0,0.0,0.0,0.0,0.0,0.0,0.0,
1765989719.5939484,eth-updown-15m-1765989000,1765989000.0,1765989900.0,,180.4060516357422,,,,,0,0,0.99,0.98,ONE_LEG_INVENTORY,,,,,,,,,,,,,,0,5.0,,,,,,,,,,,,,,,,,,,,"RECONSTRUCT_BLOCKED: OVERPAY_LIMIT (Op:0.3700 > L:0.0177, Cost:$1.85)",,,,,,,,25.0,22.340424,,,,,0,0,,,Inv: 25.0/22.3 CapLeft: 2.7,,,25.0,22.340424,47.340424,2.6595760000000013,50.0,0.012499999999999734,49.9875,0.97,0.030000000000000027,2.6595760000000013,0.47,0.9,0.3700000000000001,5.0,1.8500000000000005,0.01773477306365967,OVERPAY_LIMIT
1765989719.5939484,eth-updown-15m-1765989000,1765989000.0,1765989900.0,,180.4060516357422,,,,,0,0,0.99,0.98,ONE_LEG_INVENTORY,,,,,,,,,,,,,,0,5.0,,,,,,,,,,,,,,,,,,,,"RECONSTRUCT_BLOCKED: OVERPAY_LIMIT (Op:0.3700 > L:0.0177, Cost:$1.85)",,,,,,,,25.0,22.340424,,,,,0,0,,,Inv: 25.0/22.3 CapLeft: 2.7,,,25.0,22.340424,47.340424,2.6595760000000013,50.0,0.012499999999999734,49.9875,0.97,0.030000000000000027,2.6595760000000013,0.47,0.9,0.3700000000000001,5.0,1.8500000000000005,0.01773477306365967,OVERPAY_LIMIT
1765989720.8154066,eth-updown-15m-1765989000,1765989000.0,1765989900.0,,179.18459343910217,,,,,0,0,0.9,0.98,ORDERS_OPEN,,,,,,,,,,,,,,0,5,,,,,,,,,,,,,,,,,,,,,,,,,,,,0.0,0.0,,,,,0,0,,,Inv: 0.0/0.0 CapLeft: 50.0,,,0.0,0.0,0.0,50.0,50.0,0.0,50.0,0.9,0.09999999999999998,0.0,0.0,0.0,0.0,0.0,0.0,0.0,
1765989721.5286853,eth-updown-15m-1765989000,1765989000.0,1765989900.0,,178.4713146686554,,,,,0,0,0.99,0.98,ONE_LEG_INVENTORY,,,,,,,,,,,,,,0,5.0,,,,,,,,,,,,,,,,,,,,"RECONSTRUCT_BLOCKED: OVERPAY_LIMIT (Op:0.3700 > L:0.0178, Cost:$1.85)",,,,,,,,25.0,22.340424,,,,,0,0,,,Inv: 25.0/22.3 CapLeft: 2.7,,,25.0,22.340424,47.340424,2.6595760000000013,50.0,0.012499999999999734,49.9875,0.97,0.030000000000000027,2.6595760000000013,0.47,0.9,0.3700000000000001,5.0,1.8500000000000005,0.017807325699925422,OVERPAY_LIMIT
1765989721.5286853,eth-updown-15m-1765989000,1765989000.0,1765989900.0,,178.4713146686554,,,,,0,0,0.99,0.98,ONE_LEG_INVENTORY,,,,,,,,,,,,,,0,5.0,,,,,,,,,,,,,,,,,,,,"RECONSTRUCT_BLOCKED: OVERPAY_LIMIT (Op:0.3700 > L:0.0178, Cost:$1.85)",,,,,,,,25.0,22.340424,,,,,0,0,,,Inv: 25.0/22.3 CapLeft: 2.7,,,25.0,22.340424,47.340424,2.6595760000000013,50.0,0.012499999999999734,49.9875,0.97,0.030000000000000027,2.6595760000000013,0.47,0.9,0.3700000000000001,5.0,1.8500000000000005,0.017807325699925422,OVERPAY_LIMIT
1765989722.3172987,eth-updown-15m-1765989000,1765989000.0,1765989900.0,,177.68270134925842,,,,,0,0,0.9,0.98,ORDERS_OPEN,,,,,,,,,,,,,,0,5,,,,,,,,,,,,,,,,,,,,,,,,,,,,0.0,0.0,,,,,0,0,,,Inv: 0.0/0.0 CapLeft: 50.0,,,0.0,0.0,0.0,50.0,50.0,0.0,50.0,0.9,0.09999999999999998,0.0,0.0,0.0,0.0,0.0,0.0,0.0,
1765989723.818478,eth-updown-15m-1765989000,1765989000.0,1765989900.0,,176.1815218925476,,,,,0,0,0.9,0.98,ORDERS_OPEN,,,,,,,,,,,,,,0,5,,,,,,,,,,,,,,,,,,,,,,,,,,,,0.0,0.0,,,,,0,0,,,Inv: 0.0/0.0 CapLeft: 50.0,,,0.0,0.0,0.0,50.0,50.0,0.0,50.0,0.9,0.09999999999999998,0.0,0.0,0.0,0.0,0.0,0.0,0.0,
1765989723.4513073,eth-updown-15m-1765989000,1765989000.0,1765989900.0,,176.54869270324707,,,,,0,0,0.97,0.98,ONE_LEG_INVENTORY,,,,,,,,,,,,,,0,5.0,,,,,,,,,,,,,,,,,,,,"RECONSTRUCT_BLOCKED: OVERPAY_LIMIT (Op:0.3800 > L:0.0179, Cost:$1.90)",,,,,,,,25.0,22.340424,,,,,0,0,,,Inv: 25.0/22.3 CapLeft: 2.7,,,25.0,22.340424,47.340424,2.6595760000000013,50.0,0.012499999999999734,49.9875,0.97,0.030000000000000027,2.6595760000000013,0.47,0.91,0.3799999999999999,5.0,1.8999999999999995,0.017879424023628236,OVERPAY_LIMIT
1765989723.4513073,eth-updown-15m-1765989000,1765989000.0,1765989900.0,,176.54869270324707,,,,,0,0,0.97,0.98,ONE_LEG_INVENTORY,,,,,,,,,,,,,,0,5.0,,,,,,,,,,,,,,,,,,,,"RECONSTRUCT_BLOCKED: OVERPAY_LIMIT (Op:0.3800 > L:0.0179, Cost:$1.90)",,,,,,,,25.0,22.340424,,,,,0,0,,,Inv: 25.0/22.3 CapLeft: 2.7,,,25.0,22.340424,47.340424,2.6595760000000013,50.0,0.012499999999999734,49.9875,0.97,0.030000000000000027,2.6595760000000013,0.47,0.91,0.3799999999999999,5.0,1.8999999999999995,0.017879424023628236,OVERPAY_LIMIT
1765989725.3195384,eth-updown-15m-1765989000,1765989000.0,1765989900.0,,174.68046164512634,,,,,0,0,0.9,0.98,ORDERS_OPEN,,,,,,,,,,,,,,0,5,,,,,,,,,,,,,,,,,,,,,,,,,,,,0.0,0.0,,,,,0,0,,,Inv: 0.0/0.0 CapLeft: 50.0,,,0.0,0.0,0.0,50.0,50.0,0.0,50.0,0.9,0.09999999999999998,0.0,0.0,0.0,0.0,0.0,0.0,0.0,
1765989725.392811,eth-updown-15m-1765989000,1765989000.0,1765989900.0,,174.60718894004822,,,,,0,0,0.94,0.98,ONE_LEG_INVENTORY,,,,,,,,,,,,,,0,5.0,,,,,,,,,,,,,,,,,,,,"RECONSTRUCT_BLOCKED: OVERPAY_LIMIT (Op:0.3300 > L:0.0180, Cost:$1.65)",,,,,,,,25.0,22.340424,,,,,0,0,,,Inv: 25.0/22.3 CapLeft: 2.7,,,25.0,22.340424,47.340424,2.6595760000000013,50.0,0.012499999999999734,49.9875,0.97,0.030000000000000027,2.6595760000000013,0.47,0.86,0.33000000000000007,5.0,1.6500000000000004,0.017952230414748194,OVERPAY_LIMIT
1765989725.392811,eth-updown-15m-1765989000,1765989000.0,1765989900.0,,174.60718894004822,,,,,0,0,0.94,0.98,ONE_LEG_INVENTORY,,,,,,,,,,,,,,0,5.0,,,,,,,,,,,,,,,,,,,,"RECONSTRUCT_BLOCKED: OVERPAY_LIMIT (Op:0.3300 > L:0.0180, Cost:$1.65)",,,,,,,,25.0,22.340424,,,,,0,0,,,Inv: 25.0/22.3 CapLeft: 2.7,,,25.0,22.340424,47.340424,2.6595760000000013,50.0,0.012499999999999734,49.9875,0.97,0.030000000000000027,2.6595760000000013,0.47,0.86,0.33000000000000007,5.0,1.6500000000000004,0.017952230414748194,OVERPAY_LIMIT
1765989726.8210106,eth-updown-15m-1765989000,1765989000.0,1765989900.0,,173.1789894104004,,,,,0,0,0.9,0.98,ORDERS_OPEN,,,,,,,,,,,,,,0,5,,,,,,,,,,,,,,,,,,,,,,,,,,,,0.0,0.0,,,,,0,0,,,Inv: 0.0/0.0 CapLeft: 50.0,,,0.0,0.0,0.0,50.0,50.0,0.0,50.0,0.9,0.09999999999999998,0.0,0.0,0.0,0.0,0.0,0.0,0.0,
1765989727.4017978,eth-updown-15m-1765989000,1765989000.0,1765989900.0,,172.59820222854614,,,,,0,0,0.99,0.98,ONE_LEG_INVENTORY,,,,,,,,,,,,,,0,5.0,,,,,,,,,,,,,,,,,,,,"RECONSTRUCT_BLOCKED: OVERPAY_LIMIT (Op:0.2900 > L:0.0180, Cost:$1.45)",,,,,,,,25.0,22.340424,,,,,0,0,,,Inv: 25.0/22.3 CapLeft: 2.7,,,25.0,22.340424,47.340424,2.6595760000000013,50.0,0.012499999999999734,49.9875,0.97,0.030000000000000027,2.6595760000000013,0.47,0.82,0.29000000000000004,5.0,1.4500000000000002,0.018027567416429517,OVERPAY_LIMIT
1765989727.4017978,eth-updown-15m-1765989000,1765989000.0,1765989900.0,,172.59820222854614,,,,,0,0,0.99,0.98,ONE_LEG_INVENTORY,,,,,,,,,,,,,,0,5.0,,,,,,,,,,,,,,,,,,,,"RECONSTRUCT_BLOCKED: OVERPAY_LIMIT (Op:0.2900 > L:0.0180, Cost:$1.45)",,,,,,,,25.0,22.340424,,,,,0,0,,,Inv: 25.0/22.3 CapLeft: 2.7,,,25.0,22.340424,47.340424,2.6595760000000013,50.0,0.012499999999999734,49.9875,0.97,0.030000000000000027,2.6595760000000013,0.47,0.82,0.29000000000000004,5.0,1.4500000000000002,0.018027567416429517,OVERPAY_LIMIT
1765989729.8241525,eth-updown-15m-1765989000,1765989000.0,1765989900.0,,170.175847530365,,,,,0.45,0.45,0.9,0.98,ORDERS_OPEN,,,,,,,,,,,,,,5,5,,,,,,,,,,,,,,,,,,,,Leg:BOTH UP:5 DOWN:5,,,,,,,,0.0,0.0,,,,,0,0,,,Inv: 0.0/0.0 CapLeft: 50.0,,,0.0,0.0,0.0,50.0,50.0,0.0,50.0,0.9,0.09999999999999998,0.0,0.0,0.0,0.0,0.0,0.0,0.0,
1765989729.3726661,eth-updown-15m-1765989000,1765989000.0,1765989900.0,,170.62733387947083,,,,,0,0,0.9700000000000001,0.98,ONE_LEG_INVENTORY,,,,,,,,,,,,,,0,5.0,,,,,,,,,,,,,,,,,,,,"RECONSTRUCT_BLOCKED: OVERPAY_LIMIT (Op:0.2800 > L:0.0181, Cost:$1.40)",,,,,,,,25.0,22.340424,,,,,0,0,,,Inv: 25.0/22.3 CapLeft: 2.7,,,25.0,22.340424,47.340424,2.6595760000000013,50.0,0.012499999999999734,49.9875,0.97,0.030000000000000027,2.6595760000000013,0.47,0.81,0.28,5.0,1.4000000000000001,0.01810147497951984,OVERPAY_LIMIT
1765989729.3726661,eth-updown-15m-1765989000,1765989000.0,1765989900.0,,170.62733387947083,,,,,0,0,0.9700000000000001,0.98,ONE_LEG_INVENTORY,,,,,,,,,,,,,,0,5.0,,,,,,,,,,,,,,,,,,,,"RECONSTRUCT_BLOCKED: OVERPAY_LIMIT (Op:0.2800 > L:0.0181, Cost:$1.40)",,,,,,,,25.0,22.340424,,,,,0,0,,,Inv: 25.0/22.3 CapLeft: 2.7,,,25.0,22.340424,47.340424,2.6595760000000013,50.0,0.012499999999999734,49.9875,0.97,0.030000000000000027,2.6595760000000013,0.47,0.81,0.28,5.0,1.4000000000000001,0.01810147497951984,OVERPAY_LIMIT
1765989731.3260684,eth-updown-15m-1765989000,1765989000.0,1765989900.0,,168.67393159866333,,,,,0,0,0.9,0.98,ORDERS_OPEN,,,,,,,,,,,,,,0,5,,,,,,,,,,,,,,,,,,,,,,,,,,,,0.0,0.0,,,,,0,0,,,Inv: 0.0/0.0 CapLeft: 50.0,,,0.0,0.0,0.0,50.0,50.0,0.0,50.0,0.9,0.09999999999999998,0.0,0.0,0.0,0.0,0.0,0.0,0.0,
1765989731.3511734,eth-updown-15m-1765989000,1765989000.0,1765989900.0,,168.6488265991211,,,,,0,0,0.96,0.98,ONE_LEG_INVENTORY,,,,,,,,,,,,,,0,5.0,,,,,,,,,,,,,,,,,,,,"RECONSTRUCT_BLOCKED: OVERPAY_LIMIT (Op:0.1800 > L:0.0182, Cost:$0.90)",,,,,,,,25.0,22.340424,,,,,0,0,,,Inv: 25.0/22.3 CapLeft: 2.7,,,25.0,22.340424,47.340424,2.6595760000000013,50.0,0.012499999999999734,49.9875,0.97,0.030000000000000027,2.6595760000000013,0.47,0.71,0.17999999999999994,5.0,0.8999999999999997,0.01817566900253296,OVERPAY_LIMIT
1765989731.3511734,eth-updown-15m-1765989000,1765989000.0,1765989900.0,,168.6488265991211,,,,,0,0,0.96,0.98,ONE_LEG_INVENTORY,,,,,,,,,,,,,,0,5.0,,,,,,,,,,,,,,,,,,,,"RECONSTRUCT_BLOCKED: OVERPAY_LIMIT (Op:0.1800 > L:0.0182, Cost:$0.90)",,,,,,,,25.0,22.340424,,,,,0,0,,,Inv: 25.0/22.3 CapLeft: 2.7,,,25.0,22.340424,47.340424,2.6595760000000013,50.0,0.012499999999999734,49.9875,0.97,0.030000000000000027,2.6595760000000013,0.47,0.71,0.17999999999999994,5.0,0.8999999999999997,0.01817566900253296,OVERPAY_LIMIT
1765989732.8322544,eth-updown-15m-1765989000,1765989000.0,1765989900.0,,167.16774559020996,,,,,0,0,0.9,0.98,ORDERS_OPEN,,,,,,,,,,,,,,0,5,,,,,,,,,,,,,,,,,,,,,,,,,,,,0.0,0.0,,,,,0,0,,,Inv: 0.0/0.0 CapLeft: 50.0,,,0.0,0.0,0.0,50.0,50.0,0.0,50.0,0.9,0.09999999999999998,0.0,0.0,0.0,0.0,0.0,0.0,0.0,
1765989733.3052704,eth-updown-15m-1765989000,1765989000.0,1765989900.0,,166.6947295665741,,,,,0,0,0.99,0.98,ONE_LEG_INVENTORY,,,,,,,,,,,,,,0,5.0,,,,,,,,,,,,,,,,,,,,"RECONSTRUCT_BLOCKED: OVERPAY_LIMIT (Op:0.1900 > L:0.0182, Cost:$0.95)",,,,,,,,25.0,22.340424,,,,,0,0,,,Inv: 25.0/22.3 CapLeft: 2.7,,,25.0,22.340424,47.340424,2.6595760000000013,50.0,0.012499999999999734,49.9875,0.97,0.030000000000000027,2.6595760000000013,0.47,0.72,0.18999999999999995,5.0,0.9499999999999997,0.01824894764125347,OVERPAY_LIMIT
1765989733.3052704,eth-updown-15m-1765989000,1765989000.0,1765989900.0,,166.6947295665741,,,,,0,0,0.99,0.98,ONE_LEG_INVENTORY,,,,,,,,,,,,,,0,5.0,,,,,,,,,,,,,,,,,,,,"RECONSTRUCT_BLOCKED: OVERPAY_LIMIT (Op:0.1900 > L:0.0182, Cost:$0.95)",,,,,,,,25.0,22.340424,,,,,0,0,,,Inv: 25.0/22.3 CapLeft: 2.7,,,25.0,22.340424,47.340424,2.6595760000000013,50.0,0.012499999999999734,49.9875,0.97,0.030000000000000027,2.6595760000000013,0.47,0.72,0.18999999999999995,5.0,0.9499999999999997,0.01824894764125347,OVERPAY_LIMIT
1765989734.334131,eth-updown-15m-1765989000,1765989000.0,1765989900.0,,165.66586899757385,,,,,0,0,0.9,0.98,ORDERS_OPEN,,,,,,,,,,,,,,0,5,,,,,,,,,,,,,,,,,,,,,,,,,,,,0.0,0.0,,,,,0,0,,,Inv: 0.0/0.0 CapLeft: 50.0,,,0.0,0.0,0.0,50.0,50.0,0.0,50.0,0.9,0.09999999999999998,0.0,0.0,0.0,0.0,0.0,0.0,0.0,
1765989735.2830923,eth-updown-15m-1765989000,1765989000.0,1765989900.0,,164.71690773963928,,,,,0,0,0.99,0.98,ONE_LEG_INVENTORY,,,,,,,,,,,,,,0,5.0,,,,,,,,,,,,,,,,,,,,"RECONSTRUCT_BLOCKED: OVERPAY_LIMIT (Op:0.2600 > L:0.0183, Cost:$1.30)",,,,,,,,25.0,22.340424,,,,,0,0,,,Inv: 25.0/22.3 CapLeft: 2.7,,,25.0,22.340424,47.340424,2.6595760000000013,50.0,0.012499999999999734,49.9875,0.97,0.030000000000000027,2.6595760000000013,0.47,0.79,0.26,5.0,1.3,0.018323115959763527,OVERPAY_LIMIT
1765989735.2830923,eth-updown-15m-1765989000,1765989000.0,1765989900.0,,164.71690773963928,,,,,0,0,0.99,0.98,ONE_LEG_INVENTORY,,,,,,,,,,,,,,0,5.0,,,,,,,,,,,,,,,,,,,,"RECONSTRUCT_BLOCKED: OVERPAY_LIMIT (Op:0.2600 > L:0.0183, Cost:$1.30)",,,,,,,,25.0,22.340424,,,,,0,0,,,Inv: 25.0/22.3 CapLeft: 2.7,,,25.0,22.340424,47.340424,2.6595760000000013,50.0,0.012499999999999734,49.9875,0.97,0.030000000000000027,2.6595760000000013,0.47,0.79,0.26,5.0,1.3,0.018323115959763527,OVERPAY_LIMIT
1765989735.8354816,eth-updown-15m-1765989000,1765989000.0,1765989900.0,,164.16451835632324,,,,,0,0,0.9,0.98,ORDERS_OPEN,,,,,,,,,,,,,,0,5,,,,,,,,,,,,,,,,,,,,,,,,,,,,0.0,0.0,,,,,0,0,,,Inv: 0.0/0.0 CapLeft: 50.0,,,0.0,0.0,0.0,50.0,50.0,0.0,50.0,0.9,0.09999999999999998,0.0,0.0,0.0,0.0,0.0,0.0,0.0,
1765989737.3370535,eth-updown-15m-1765989000,1765989000.0,1765989900.0,,162.66294646263123,,,,,0,0,0.9,0.98,ORDERS_OPEN,,,,,,,,,,,,,,0,5,,,,,,,,,,,,,,,,,,,,,,,,,,,,0.0,0.0,,,,,0,0,,,Inv: 0.0/0.0 CapLeft: 50.0,,,0.0,0.0,0.0,50.0,50.0,0.0,50.0,0.9,0.09999999999999998,0.0,0.0,0.0,0.0,0.0,0.0,0.0,
1765989737.2206366,eth-updown-15m-1765989000,1765989000.0,1765989900.0,,162.77936339378357,,,,,0,0,0.97,0.98,ONE_LEG_INVENTORY,,,,,,,,,,,,,,0,5.0,,,,,,,,,,,,,,,,,,,,"RECONSTRUCT_BLOCKED: OVERPAY_LIMIT (Op:0.2900 > L:0.0184, Cost:$1.45)",,,,,,,,25.0,22.340424,,,,,0,0,,,Inv: 25.0/22.3 CapLeft: 2.7,,,25.0,22.340424,47.340424,2.6595760000000013,50.0,0.012499999999999734,49.9875,0.97,0.030000000000000027,2.6595760000000013,0.47,0.82,0.29000000000000004,5.0,1.4500000000000002,0.018395773872733112,OVERPAY_LIMIT
1765989737.2206366,eth-updown-15m-1765989000,1765989000.0,1765989900.0,,162.77936339378357,,,,,0,0,0.97,0.98,ONE_LEG_INVENTORY,,,,,,,,,,,,,,0,5.0,,,,,,,,,,,,,,,,,,,,"RECONSTRUCT_BLOCKED: OVERPAY_LIMIT (Op:0.2900 > L:0.0184, Cost:$1.45)",,,,,,,,25.0,22.340424,,,,,0,0,,,Inv: 25.0/22.3 CapLeft: 2.7,,,25.0,22.340424,47.340424,2.6595760000000013,50.0,0.012499999999999734,49.9875,0.97,0.030000000000000027,2.6595760000000013,0.47,0.82,0.29000000000000004,5.0,1.4500000000000002,0.018395773872733112,OVERPAY_LIMIT
1765989738.8390665,eth-updown-15m-1765989000,1765989000.0,1765989900.0,,161.16093349456787,,,,,0,0,0.9,0.98,ORDERS_OPEN,,,,,,,,,,,,,,0,5,,,,,,,,,,,,,,,,,,,,,,,,,,,,0.0,0.0,,,,,0,0,,,Inv: 0.0/0.0 CapLeft: 50.0,,,0.0,0.0,0.0,50.0,50.0,0.0,50.0,0.9,0.09999999999999998,0.0,0.0,0.0,0.0,0.0,0.0,0.0,
1765989739.1830964,eth-updown-15m-1765989000,1765989000.0,1765989900.0,,160.816903591156,,,,,0,0,0.9700000000000001,0.98,ONE_LEG_INVENTORY,,,,,,,,,,,,,,0,5.0,,,,,,,,,,,,,,,,,,,,"RECONSTRUCT_BLOCKED: OVERPAY_LIMIT (Op:0.2800 > L:0.0185, Cost:$1.40)",,,,,,,,25.0,22.340424,,,,,0,0,,,Inv: 25.0/22.3 CapLeft: 2.7,,,25.0,22.340424,47.340424,2.6595760000000013,50.0,0.012499999999999734,49.9875,0.97,0.030000000000000027,2.6595760000000013,0.47,0.81,0.28,5.0,1.4000000000000001,0.018469366115331648,OVERPAY_LIMIT
1765989739.1830964,eth-updown-15m-1765989000,1765989000.0,1765989900.0,,160.816903591156,,,,,0,0,0.9700000000000001,0.98,ONE_LEG_INVENTORY,,,,,,,,,,,,,,0,5.0,,,,,,,,,,,,,,,,,,,,"RECONSTRUCT_BLOCKED: OVERPAY_LIMIT (Op:0.2800 > L:0.0185, Cost:$1.40)",,,,,,,,25.0,22.340424,,,,,0,0,,,Inv: 25.0/22.3 CapLeft: 2.7,,,25.0,22.340424,47.340424,2.6595760000000013,50.0,0.012499999999999734,49.9875,0.97,0.030000000000000027,2.6595760000000013,0.47,0.81,0.28,5.0,1.4000000000000001,0.018469366115331648,OVERPAY_LIMIT
1765989740.341379,eth-updown-15m-1765989000,1765989000.0,1765989900.0,,159.65862107276917,,,,,0,0,0.9,0.98,ORDERS_OPEN,,,,,,,,,,,,,,0,5,,,,,,,,,,,,,,,,,,,,,,,,,,,,0.0,0.0,,,,,0,0,,,Inv: 0.0/0.0 CapLeft: 50.0,,,0.0,0.0,0.0,50.0,50.0,0.0,50.0,0.9,0.09999999999999998,0.0,0.0,0.0,0.0,0.0,0.0,0.0,
1765989741.1405215,eth-updown-15m-1765989000,1765989000.0,1765989900.0,,158.85947847366333,,,,,0,0,0.97,0.98,ONE_LEG_INVENTORY,,,,,,,,,,,,,,0,5.0,,,,,,,,,,,,,,,,,,,,"RECONSTRUCT_BLOCKED: OVERPAY_LIMIT (Op:0.3000 > L:0.0185, Cost:$1.50)",,,,,,,,25.0,22.340424,,,,,0,0,,,Inv: 25.0/22.3 CapLeft: 2.7,,,25.0,22.340424,47.340424,2.6595760000000013,50.0,0.012499999999999734,49.9875,0.97,0.030000000000000027,2.6595760000000013,0.47,0.83,0.2999999999999998,5.0,1.4999999999999991,0.018542769557237625,OVERPAY_LIMIT
1765989741.1405215,eth-updown-15m-1765989000,1765989000.0,1765989900.0,,158.85947847366333,,,,,0,0,0.97,0.98,ONE_LEG_INVENTORY,,,,,,,,,,,,,,0,5.0,,,,,,,,,,,,,,,,,,,,"RECONSTRUCT_BLOCKED: OVERPAY_LIMIT (Op:0.3000 > L:0.0185, Cost:$1.50)",,,,,,,,25.0,22.340424,,,,,0,0,,,Inv: 25.0/22.3 CapLeft: 2.7,,,25.0,22.340424,47.340424,2.6595760000000013,50.0,0.012499999999999734,49.9875,0.97,0.030000000000000027,2.6595760000000013,0.47,0.83,0.2999999999999998,5.0,1.4999999999999991,0.018542769557237625,OVERPAY_LIMIT
1765989741.8426402,eth-updown-15m-1765989000,1765989000.0,1765989900.0,,158.15735983848572,,,,,0,0,0.9,0.98,ORDERS_OPEN,,,,,,,,,,,,,,0,5,,,,,,,,,,,,,,,,,,,,,,,,,,,,0.0,0.0,,,,,0,0,,,Inv: 0.0/0.0 CapLeft: 50.0,,,0.0,0.0,0.0,50.0,50.0,0.0,50.0,0.9,0.09999999999999998,0.0,0.0,0.0,0.0,0.0,0.0,0.0,
1765989743.3442233,eth-updown-15m-1765989000,1765989000.0,1765989900.0,,156.65577673912048,,,,,0,0,0.9,0.98,ORDERS_OPEN,,,,,,,,,,,,,,0,5,,,,,,,,,,,,,,,,,,,,,,,,,,,,0.0,0.0,,,,,0,0,,,Inv: 0.0/0.0 CapLeft: 50.0,,,0.0,0.0,0.0,50.0,50.0,0.0,50.0,0.9,0.09999999999999998,0.0,0.0,0.0,0.0,0.0,0.0,0.0,
1765989743.0711584,eth-updown-15m-1765989000,1765989000.0,1765989900.0,,156.92884159088135,,,,,0,0,0.97,0.98,ONE_LEG_INVENTORY,,,,,,,,,,,,,,0,5.0,,,,,,,,,,,,,,,,,,,,"RECONSTRUCT_BLOCKED: OVERPAY_LIMIT (Op:0.2900 > L:0.0186, Cost:$1.45)",,,,,,,,25.0,22.340424,,,,,0,0,,,Inv: 25.0/22.3 CapLeft: 2.7,,,25.0,22.340424,47.340424,2.6595760000000013,50.0,0.012499999999999734,49.9875,0.97,0.030000000000000027,2.6595760000000013,0.47,0.82,0.29000000000000004,5.0,1.4500000000000002,0.018615168440341945,OVERPAY_LIMIT
1765989743.0711584,eth-updown-15m-1765989000,1765989000.0,1765989900.0,,156.92884159088135,,,,,0,0,0.97,0.98,ONE_LEG_INVENTORY,,,,,,,,,,,,,,0,5.0,,,,,,,,,,,,,,,,,,,,"RECONSTRUCT_BLOCKED: OVERPAY_LIMIT (Op:0.2900 > L:0.0186, Cost:$1.45)",,,,,,,,25.0,22.340424,,,,,0,0,,,Inv: 25.0/22.3 CapLeft: 2.7,,,25.0,22.340424,47.340424,2.6595760000000013,50.0,0.012499999999999734,49.9875,0.97,0.030000000000000027,2.6595760000000013,0.47,0.82,0.29000000000000004,5.0,1.4500000000000002,0.018615168440341945,OVERPAY_LIMIT
1765989745.0330086,eth-updown-15m-1765989000,1765989000.0,1765989900.0,,154.96699142456055,,,,,0,0,0.99,0.98,ONE_LEG_INVENTORY,,,,,,,,,,,,,,0,5.0,,,,,,,,,,,,,,,,,,,,"RECONSTRUCT_BLOCKED: OVERPAY_LIMIT (Op:0.3200 > L:0.0187, Cost:$1.60)",,,,,,,,25.0,22.340424,,,,,0,0,,,Inv: 25.0/22.3 CapLeft: 2.7,,,25.0,22.340424,47.340424,2.6595760000000013,50.0,0.012499999999999734,49.9875,0.97,0.030000000000000027,2.6595760000000013,0.47,0.85,0.31999999999999984,5.0,1.5999999999999992,0.018688737821578975,OVERPAY_LIMIT
1765989745.0330086,eth-updown-15m-1765989000,1765989000.0,1765989900.0,,154.96699142456055,,,,,0,0,0.99,0.98,ONE_LEG_INVENTORY,,,,,,,,,,,,,,0,5.0,,,,,,,,,,,,,,,,,,,,"RECONSTRUCT_BLOCKED: OVERPAY_LIMIT (Op:0.3200 > L:0.0187, Cost:$1.60)",,,,,,,,25.0,22.340424,,,,,0,0,,,Inv: 25.0/22.3 CapLeft: 2.7,,,25.0,22.340424,47.340424,2.6595760000000013,50.0,0.012499999999999734,49.9875,0.97,0.030000000000000027,2.6595760000000013,0.47,0.85,0.31999999999999984,5.0,1.5999999999999992,0.018688737821578975,OVERPAY_LIMIT
1765989746.347369,eth-updown-15m-1765989000,1765989000.0,1765989900.0,,153.65263104438782,,,,,0.45,0.45,0.9,0.98,ORDERS_OPEN,,,,,,,,,,,,,,5,5,,,,,,,,,,,,,,,,,,,,Leg:BOTH UP:5 DOWN:5,,,,,,,,0.0,0.0,,,,,0,0,,,Inv: 0.0/0.0 CapLeft: 50.0,,,0.0,0.0,0.0,50.0,50.0,0.0,50.0,0.9,0.09999999999999998,0.0,0.0,0.0,0.0,0.0,0.0,0.0,
1765989746.983897,eth-updown-15m-1765989000,1765989000.0,1765989900.0,,153.0161030292511,,,,,0,0,0.97,0.98,ONE_LEG_INVENTORY,,,,,,,,,,,,,,0,5.0,,,,,,,,,,,,,,,,,,,,"RECONSTRUCT_BLOCKED: OVERPAY_LIMIT (Op:0.3200 > L:0.0188, Cost:$1.60)",,,,,,,,25.0,22.340424,,,,,0,0,,,Inv: 25.0/22.3 CapLeft: 2.7,,,25.0,22.340424,47.340424,2.6595760000000013,50.0,0.012499999999999734,49.9875,0.97,0.030000000000000027,2.6595760000000013,0.47,0.85,0.31999999999999984,5.0,1.5999999999999992,0.018761896136403083,OVERPAY_LIMIT
1765989746.983897,eth-updown-15m-1765989000,1765989000.0,1765989900.0,,153.0161030292511,,,,,0,0,0.97,0.98,ONE_LEG_INVENTORY,,,,,,,,,,,,,,0,5.0,,,,,,,,,,,,,,,,,,,,"RECONSTRUCT_BLOCKED: OVERPAY_LIMIT (Op:0.3200 > L:0.0188, Cost:$1.60)",,,,,,,,25.0,22.340424,,,,,0,0,,,Inv: 25.0/22.3 CapLeft: 2.7,,,25.0,22.340424,47.340424,2.6595760000000013,50.0,0.012499999999999734,49.9875,0.97,0.030000000000000027,2.6595760000000013,0.47,0.85,0.31999999999999984,5.0,1.5999999999999992,0.018761896136403083,OVERPAY_LIMIT
1765989747.8498805,eth-updown-15m-1765989000,1765989000.0,1765989900.0,,152.15011954307556,,,,,0,0,0.9,0.98,ORDERS_OPEN,,,,,,,,,,,,,,0,5,,,,,,,,,,,,,,,,,,,,,,,,,,,,0.0,0.0,,,,,0,0,,,Inv: 0.0/0.0 CapLeft: 50.0,,,0.0,0.0,0.0,50.0,50.0,0.0,50.0,0.9,0.09999999999999998,0.0,0.0,0.0,0.0,0.0,0.0,0.0,
1765989749.3512607,eth-updown-15m-1765989000,1765989000.0,1765989900.0,,150.64873933792114,,,,,0,0,0.9,0.98,ORDERS_OPEN,,,,,,,,,,,,,,0,5,,,,,,,,,,,,,,,,,,,,,,,,,,,,0.0,0.0,,,,,0,0,,,Inv: 0.0/0.0 CapLeft: 50.0,,,0.0,0.0,0.0,50.0,50.0,0.0,50.0,0.9,0.09999999999999998,0.0,0.0,0.0,0.0,0.0,0.0,0.0,
1765989748.9288886,eth-updown-15m-1765989000,1765989000.0,1765989900.0,,151.07111144065857,,,,,0,0,0.98,0.98,ONE_LEG_INVENTORY,,,,,,,,,,,,,,0,5.0,,,,,,,,,,,,,,,,,,,,"RECONSTRUCT_BLOCKED: OVERPAY_LIMIT (Op:0.3500 > L:0.0188, Cost:$1.75)",,,,,,,,25.0,22.340424,,,,,0,0,,,Inv: 25.0/22.3 CapLeft: 2.7,,,25.0,22.340424,47.340424,2.6595760000000013,50.0,0.012499999999999734,49.9875,0.97,0.030000000000000027,2.6595760000000013,0.47,0.88,0.3500000000000001,5.0,1.7500000000000004,0.018834833320975304,OVERPAY_LIMIT
1765989748.9288886,eth-updown-15m-1765989000,1765989000.0,1765989900.0,,151.07111144065857,,,,,0,0,0.98,0.98,ONE_LEG_INVENTORY,,,,,,,,,,,,,,0,5.0,,,,,,,,,,,,,,,,,,,,"RECONSTRUCT_BLOCKED: OVERPAY_LIMIT (Op:0.3500 > L:0.0188, Cost:$1.75)",,,,,,,,25.0,22.340424,,,,,0,0,,,Inv: 25.0/22.3 CapLeft: 2.7,,,25.0,22.340424,47.340424,2.6595760000000013,50.0,0.012499999999999734,49.9875,0.97,0.030000000000000027,2.6595760000000013,0.47,0.88,0.3500000000000001,5.0,1.7500000000000004,0.018834833320975304,OVERPAY_LIMIT
1765989750.8534951,eth-updown-15m-1765989000,1765989000.0,1765989900.0,,149.1465048789978,,,,,0,0,0.9,0.98,ORDERS_OPEN,,,,,,,,,,,,,,0,5,,,,,,,,,,,,,,,,,,,,,,,,,,,,0.0,0.0,,,,,0,0,,,Inv: 0.0/0.0 CapLeft: 50.0,,,0.0,0.0,0.0,50.0,50.0,0.0,50.0,0.9,0.09999999999999998,0.0,0.0,0.0,0.0,0.0,0.0,0.0,
1765989750.8803487,eth-updown-15m-1765989000,1765989000.0,1765989900.0,,149.11965131759644,,,,,0,0,0.99,0.98,ONE_LEG_INVENTORY,,,,,,,,,,,,,,0,5.0,,,,,,,,,,,,,,,,,,,,"RECONSTRUCT_BLOCKED: OVERPAY_LIMIT (Op:0.3400 > L:0.0189, Cost:$1.70)",,,,,,,,25.0,22.340424,,,,,0,0,,,Inv: 25.0/22.3 CapLeft: 2.7,,,25.0,22.340424,47.340424,2.6595760000000013,50.0,0.012499999999999734,49.9875,0.97,0.030000000000000027,2.6595760000000013,0.47,0.87,0.33999999999999986,5.0,1.6999999999999993,0.018908013075590133,OVERPAY_LIMIT
1765989750.8803487,eth-updown-15m-1765989000,1765989000.0,1765989900.0,,149.11965131759644,,,,,0,0,0.99,0.98,ONE_LEG_INVENTORY,,,,,,,,,,,,,,0,5.0,,,,,,,,,,,,,,,,,,,,"RECONSTRUCT_BLOCKED: OVERPAY_LIMIT (Op:0.3400 > L:0.0189, Cost:$1.70)",,,,,,,,25.0,22.340424,,,,,0,0,,,Inv: 25.0/22.3 CapLeft: 2.7,,,25.0,22.340424,47.340424,2.6595760000000013,50.0,0.012499999999999734,49.9875,0.97,0.030000000000000027,2.6595760000000013,0.47,0.87,0.33999999999999986,5.0,1.6999999999999993,0.018908013075590133,OVERPAY_LIMIT
1765989752.3545144,eth-updown-15m-1765989000,1765989000.0,1765989900.0,,147.64548563957214,,,,,0,0,0.9,0.98,ORDERS_OPEN,,,,,,,,,,,,,,0,5,,,,,,,,,,,,,,,,,,,,,,,,,,,,0.0,0.0,,,,,0,0,,,Inv: 0.0/0.0 CapLeft: 50.0,,,0.0,0.0,0.0,50.0,50.0,0.0,50.0,0.9,0.09999999999999998,0.0,0.0,0.0,0.0,0.0,0.0,0.0,
1765989752.8128738,eth-updown-15m-1765989000,1765989000.0,1765989900.0,,147.18712615966797,,,,,0,0,0.98,0.98,ONE_LEG_INVENTORY,,,,,,,,,,,,,,0,5.0,,,,,,,,,,,,,,,,,,,,"RECONSTRUCT_BLOCKED: OVERPAY_LIMIT (Op:0.3700 > L:0.0190, Cost:$1.85)",,,,,,,,25.0,22.340424,,,,,0,0,,,Inv: 25.0/22.3 CapLeft: 2.7,,,25.0,22.340424,47.340424,2.6595760000000013,50.0,0.012499999999999734,49.9875,0.97,0.030000000000000027,2.6595760000000013,0.47,0.9,0.3700000000000001,5.0,1.8500000000000005,0.01898048276901245,OVERPAY_LIMIT
1765989752.8128738,eth-updown-15m-1765989000,1765989000.0,1765989900.0,,147.18712615966797,,,,,0,0,0.98,0.98,ONE_LEG_INVENTORY,,,,,,,,,,,,,,0,5.0,,,,,,,,,,,,,,,,,,,,"RECONSTRUCT_BLOCKED: OVERPAY_LIMIT (Op:0.3700 > L:0.0190, Cost:$1.85)",,,,,,,,25.0,22.340424,,,,,0,0,,,Inv: 25.0/22.3 CapLeft: 2.7,,,25.0,22.340424,47.340424,2.6595760000000013,50.0,0.012499999999999734,49.9875,0.97,0.030000000000000027,2.6595760000000013,0.47,0.9,0.3700000000000001,5.0,1.8500000000000005,0.01898048276901245,OVERPAY_LIMIT
1765989753.8561635,eth-updown-15m-1765989000,1765989000.0,1765989900.0,,146.1438364982605,,,,,0,0,0.9,0.98,ORDERS_OPEN,,,,,,,,,,,,,,0,5,,,,,,,,,,,,,,,,,,,,,,,,,,,,0.0,0.0,,,,,0,0,,,Inv: 0.0/0.0 CapLeft: 50.0,,,0.0,0.0,0.0,50.0,50.0,0.0,50.0,0.9,0.09999999999999998,0.0,0.0,0.0,0.0,0.0,0.0,0.0,
1765989754.763792,eth-updown-15m-1765989000,1765989000.0,1765989900.0,,145.23620796203613,,,,,0,0,0.96,0.98,ONE_LEG_INVENTORY,,,,,,,,,,,,,,0,5.0,,,,,,,,,,,,,,,,,,,,"RECONSTRUCT_BLOCKED: OVERPAY_LIMIT (Op:0.3400 > L:0.0191, Cost:$1.70)",,,,,,,,25.0,22.340424,,,,,0,0,,,Inv: 25.0/22.3 CapLeft: 2.7,,,25.0,22.340424,47.340424,2.6595760000000013,50.0,0.012499999999999734,49.9875,0.97,0.030000000000000027,2.6595760000000013,0.47,0.87,0.33999999999999986,5.0,1.6999999999999993,0.019053642201423644,OVERPAY_LIMIT
1765989754.763792,eth-updown-15m-1765989000,1765989000.0,1765989900.0,,145.23620796203613,,,,,0,0,0.96,0.98,ONE_LEG_INVENTORY,,,,,,,,,,,,,,0,5.0,,,,,,,,,,,,,,,,,,,,"RECONSTRUCT_BLOCKED: OVERPAY_LIMIT (Op:0.3400 > L:0.0191, Cost:$1.70)",,,,,,,,25.0,22.340424,,,,,0,0,,,Inv: 25.0/22.3 CapLeft: 2.7,,,25.0,22.340424,47.340424,2.6595760000000013,50.0,0.012499999999999734,49.9875,0.97,0.030000000000000027,2.6595760000000013,0.47,0.87,0.33999999999999986,5.0,1.6999999999999993,0.019053642201423644,OVERPAY_LIMIT
1765989755.3573413,eth-updown-15m-1765989000,1765989000.0,1765989900.0,,144.64265871047974,,,,,0,0,0.9,0.98,ORDERS_OPEN,,,,,,,,,,,,,,0,5,,,,,,,,,,,,,,,,,,,,,,,,,,,,0.0,0.0,,,,,0,0,,,Inv: 0.0/0.0 CapLeft: 50.0,,,0.0,0.0,0.0,50.0,50.0,0.0,50.0,0.9,0.09999999999999998,0.0,0.0,0.0,0.0,0.0,0.0,0.0,
1765989756.858847,eth-updown-15m-1765989000,1765989000.0,1765989900.0,,143.1411530971527,,,,,0,0,0.9,0.98,ORDERS_OPEN,,,,,,,,,,,,,,0,5,,,,,,,,,,,,,,,,,,,,,,,,,,,,0.0,0.0,,,,,0,0,,,Inv: 0.0/0.0 CapLeft: 50.0,,,0.0,0.0,0.0,50.0,50.0,0.0,50.0,0.9,0.09999999999999998,0.0,0.0,0.0,0.0,0.0,0.0,0.0,
1765989756.6887105,eth-updown-15m-1765989000,1765989000.0,1765989900.0,,143.3112895488739,,,,,0,0,0.97,0.98,ONE_LEG_INVENTORY,,,,,,,,,,,,,,0,5.0,,,,,,,,,,,,,,,,,,,,"RECONSTRUCT_BLOCKED: OVERPAY_LIMIT (Op:0.3100 > L:0.0191, Cost:$1.55)",,,,,,,,25.0,22.340424,,,,,0,0,,,Inv: 25.0/22.3 CapLeft: 2.7,,,25.0,22.340424,47.340424,2.6595760000000013,50.0,0.012499999999999734,49.9875,0.97,0.030000000000000027,2.6595760000000013,0.47,0.84,0.31000000000000005,5.0,1.5500000000000003,0.019125826641917226,OVERPAY_LIMIT
1765989756.6887105,eth-updown-15m-1765989000,1765989000.0,1765989900.0,,143.3112895488739,,,,,0,0,0.97,0.98,ONE_LEG_INVENTORY,,,,,,,,,,,,,,0,5.0,,,,,,,,,,,,,,,,,,,,"RECONSTRUCT_BLOCKED: OVERPAY_LIMIT (Op:0.3100 > L:0.0191, Cost:$1.55)",,,,,,,,25.0,22.340424,,,,,0,0,,,Inv: 25.0/22.3 CapLeft: 2.7,,,25.0,22.340424,47.340424,2.6595760000000013,50.0,0.012499999999999734,49.9875,0.97,0.030000000000000027,2.6595760000000013,0.47,0.84,0.31000000000000005,5.0,1.5500000000000003,0.019125826641917226,OVERPAY_LIMIT
1765989758.3603485,eth-updown-15m-1765989000,1765989000.0,1765989900.0,,141.63965153694153,,,,,0,0,0.9,0.98,ORDERS_OPEN,,,,,,,,,,,,,,0,5,,,,,,,,,,,,,,,,,,,,,,,,,,,,0.0,0.0,,,,,0,0,,,Inv: 0.0/0.0 CapLeft: 50.0,,,0.0,0.0,0.0,50.0,50.0,0.0,50.0,0.9,0.09999999999999998,0.0,0.0,0.0,0.0,0.0,0.0,0.0,
1765989758.6181295,eth-updown-15m-1765989000,1765989000.0,1765989900.0,,141.38187050819397,,,,,0,0,0.9700000000000001,0.98,ONE_LEG_INVENTORY,,,,,,,,,,,,,,0,5.0,,,,,,,,,,,,,,,,,,,,"RECONSTRUCT_BLOCKED: OVERPAY_LIMIT (Op:0.2800 > L:0.0192, Cost:$1.40)",,,,,,,,25.0,22.340424,,,,,0,0,,,Inv: 25.0/22.3 CapLeft: 2.7,,,25.0,22.340424,47.340424,2.6595760000000013,50.0,0.012499999999999734,49.9875,0.97,0.030000000000000027,2.6595760000000013,0.47,0.81,0.28,5.0,1.4000000000000001,0.019198179855942722,OVERPAY_LIMIT
1765989758.6181295,eth-updown-15m-1765989000,1765989000.0,1765989900.0,,141.38187050819397,,,,,0,0,0.9700000000000001,0.98,ONE_LEG_INVENTORY,,,,,,,,,,,,,,0,5.0,,,,,,,,,,,,,,,,,,,,"RECONSTRUCT_BLOCKED: OVERPAY_LIMIT (Op:0.2800 > L:0.0192, Cost:$1.40)",,,,,,,,25.0,22.340424,,,,,0,0,,,Inv: 25.0/22.3 CapLeft: 2.7,,,25.0,22.340424,47.340424,2.6595760000000013,50.0,0.012499999999999734,49.9875,0.97,0.030000000000000027,2.6595760000000013,0.47,0.81,0.28,5.0,1.4000000000000001,0.019198179855942722,OVERPAY_LIMIT
1765989759.8618617,eth-updown-15m-1765989000,1765989000.0,1765989900.0,,140.13813829421997,,,,,0,0,0.9,0.98,ORDERS_OPEN,,,,,,,,,,,,,,0,5,,,,,,,,,,,,,,,,,,,,,,,,,,,,0.0,0.0,,,,,0,0,,,Inv: 0.0/0.0 CapLeft: 50.0,,,0.0,0.0,0.0,50.0,50.0,0.0,50.0,0.9,0.09999999999999998,0.0,0.0,0.0,0.0,0.0,0.0,0.0,
1765989760.55563,eth-updown-15m-1765989000,1765989000.0,1765989900.0,,139.4443700313568,,,,,0,0,0.9700000000000001,0.98,ONE_LEG_INVENTORY,,,,,,,,,,,,,,0,5.0,,,,,,,,,,,,,,,,,,,,"RECONSTRUCT_BLOCKED: OVERPAY_LIMIT (Op:0.2700 > L:0.0193, Cost:$1.35)",,,,,,,,25.0,22.340424,,,,,0,0,,,Inv: 25.0/22.3 CapLeft: 2.7,,,25.0,22.340424,47.340424,2.6595760000000013,50.0,0.012499999999999734,49.9875,0.97,0.030000000000000027,2.6595760000000013,0.47,0.8,0.27,5.0,1.35,0.019270836123824117,OVERPAY_LIMIT
1765989760.55563,eth-updown-15m-1765989000,1765989000.0,1765989900.0,,139.4443700313568,,,,,0,0,0.9700000000000001,0.98,ONE_LEG_INVENTORY,,,,,,,,,,,,,,0,5.0,,,,,,,,,,,,,,,,,,,,"RECONSTRUCT_BLOCKED: OVERPAY_LIMIT (Op:0.2700 > L:0.0193, Cost:$1.35)",,,,,,,,25.0,22.340424,,,,,0,0,,,Inv: 25.0/22.3 CapLeft: 2.7,,,25.0,22.340424,47.340424,2.6595760000000013,50.0,0.012499999999999734,49.9875,0.97,0.030000000000000027,2.6595760000000013,0.47,0.8,0.27,5.0,1.35,0.019270836123824117,OVERPAY_LIMIT
1765989762.8643506,eth-updown-15m-1765989000,1765989000.0,1765989900.0,,137.13564944267273,,,,,0.45,0.45,0.9,0.98,ORDERS_OPEN,,,,,,,,,,,,,,5,5,,,,,,,,,,,,,,,,,,,,Leg:BOTH UP:5 DOWN:5,,,,,,,,0.0,0.0,,,,,0,0,,,Inv: 0.0/0.0 CapLeft: 50.0,,,0.0,0.0,0.0,50.0,50.0,0.0,50.0,0.9,0.09999999999999998,0.0,0.0,0.0,0.0,0.0,0.0,0.0,
1765989762.4922652,eth-updown-15m-1765989000,1765989000.0,1765989900.0,,137.5077347755432,,,,,0,0,0.97,0.98,ONE_LEG_INVENTORY,,,,,,,,,,,,,,0,5.0,,,,,,,,,,,,,,,,,,,,"RECONSTRUCT_BLOCKED: OVERPAY_LIMIT (Op:0.2600 > L:0.0193, Cost:$1.30)",,,,,,,,25.0,22.340424,,,,,0,0,,,Inv: 25.0/22.3 CapLeft: 2.7,,,25.0,22.340424,47.340424,2.6595760000000013,50.0,0.012499999999999734,49.9875,0.97,0.030000000000000027,2.6595760000000013,0.47,0.79,0.26,5.0,1.3,0.01934345994591713,OVERPAY_LIMIT
1765989762.4922652,eth-updown-15m-1765989000,1765989000.0,1765989900.0,,137.5077347755432,,,,,0,0,0.97,0.98,ONE_LEG_INVENTORY,,,,,,,,,,,,,,0,5.0,,,,,,,,,,,,,,,,,,,,"RECONSTRUCT_BLOCKED: OVERPAY_LIMIT (Op:0.2600 > L:0.0193, Cost:$1.30)",,,,,,,,25.0,22.340424,,,,,0,0,,,Inv: 25.0/22.3 CapLeft: 2.7,,,25.0,22.340424,47.340424,2.6595760000000013,50.0,0.012499999999999734,49.9875,0.97,0.030000000000000027,2.6595760000000013,0.47,0.79,0.26,5.0,1.3,0.01934345994591713,OVERPAY_LIMIT
1765989764.3658643,eth-updown-15m-1765989000,1765989000.0,1765989900.0,,135.634135723114,,,,,0,0,0.9,0.98,ORDERS_OPEN,,,,,,,,,,,,,,0,5,,,,,,,,,,,,,,,,,,,,,,,,,,,,0.0,0.0,,,,,0,0,,,Inv: 0.0/0.0 CapLeft: 50.0,,,0.0,0.0,0.0,50.0,50.0,0.0,50.0,0.9,0.09999999999999998,0.0,0.0,0.0,0.0,0.0,0.0,0.0,
1765989764.4113011,eth-updown-15m-1765989000,1765989000.0,1765989900.0,,135.58869886398315,,,,,0,0,0.98,0.98,ONE_LEG_INVENTORY,,,,,,,,,,,,,,0,5.0,,,,,,,,,,,,,,,,,,,,"RECONSTRUCT_BLOCKED: OVERPAY_LIMIT (Op:0.2600 > L:0.0194, Cost:$1.30)",,,,,,,,25.0,22.340424,,,,,0,0,,,Inv: 25.0/22.3 CapLeft: 2.7,,,25.0,22.340424,47.340424,2.6595760000000013,50.0,0.012499999999999734,49.9875,0.97,0.030000000000000027,2.6595760000000013,0.47,0.79,0.26,5.0,1.3,0.019415423792600632,OVERPAY_LIMIT
1765989764.4113011,eth-updown-15m-1765989000,1765989000.0,1765989900.0,,135.58869886398315,,,,,0,0,0.98,0.98,ONE_LEG_INVENTORY,,,,,,,,,,,,,,0,5.0,,,,,,,,,,,,,,,,,,,,"RECONSTRUCT_BLOCKED: OVERPAY_LIMIT (Op:0.2600 > L:0.0194, Cost:$1.30)",,,,,,,,25.0,22.340424,,,,,0,0,,,Inv: 25.0/22.3 CapLeft: 2.7,,,25.0,22.340424,47.340424,2.6595760000000013,50.0,0.012499999999999734,49.9875,0.97,0.030000000000000027,2.6595760000000013,0.47,0.79,0.26,5.0,1.3,0.019415423792600632,OVERPAY_LIMIT
1765989765.8673422,eth-updown-15m-1765989000,1765989000.0,1765989900.0,,134.13265776634216,,,,,0,0,0.9,0.98,ORDERS_OPEN,,,,,,,,,,,,,,0,5,,,,,,,,,,,,,,,,,,,,,,,,,,,,0.0,0.0,,,,,0,0,,,Inv: 0.0/0.0 CapLeft: 50.0,,,0.0,0.0,0.0,50.0,50.0,0.0,50.0,0.9,0.09999999999999998,0.0,0.0,0.0,0.0,0.0,0.0,0.0,
1765989766.3972912,eth-updown-15m-1765989000,1765989000.0,1765989900.0,,133.60270881652832,,,,,0,0,0.99,0.98,ONE_LEG_INVENTORY,,,,,,,,,,,,,,0,5.0,,,,,,,,,,,,,,,,,,,,"RECONSTRUCT_BLOCKED: OVERPAY_LIMIT (Op:0.2900 > L:0.0195, Cost:$1.45)",,,,,,,,25.0,22.340424,,,,,0,0,,,Inv: 25.0/22.3 CapLeft: 2.7,,,25.0,22.340424,47.340424,2.6595760000000013,50.0,0.012499999999999734,49.9875,0.97,0.030000000000000027,2.6595760000000013,0.47,0.82,0.29000000000000004,5.0,1.4500000000000002,0.01948989841938019,OVERPAY_LIMIT
1765989766.3972912,eth-updown-15m-1765989000,1765989000.0,1765989900.0,,133.60270881652832,,,,,0,0,0.99,0.98,ONE_LEG_INVENTORY,,,,,,,,,,,,,,0,5.0,,,,,,,,,,,,,,,,,,,,"RECONSTRUCT_BLOCKED: OVERPAY_LIMIT (Op:0.2900 > L:0.0195, Cost:$1.45)",,,,,,,,25.0,22.340424,,,,,0,0,,,Inv: 25.0/22.3 CapLeft: 2.7,,,25.0,22.340424,47.340424,2.6595760000000013,50.0,0.012499999999999734,49.9875,0.97,0.030000000000000027,2.6595760000000013,0.47,0.82,0.29000000000000004,5.0,1.4500000000000002,0.01948989841938019,OVERPAY_LIMIT
1765989767.3688426,eth-updown-15m-1765989000,1765989000.0,1765989900.0,,132.63115739822388,,,,,0,0,0.9,0.98,ORDERS_OPEN,,,,,,,,,,,,,,0,5,,,,,,,,,,,,,,,,,,,,,,,,,,,,0.0,0.0,,,,,0,0,,,Inv: 0.0/0.0 CapLeft: 50.0,,,0.0,0.0,0.0,50.0,50.0,0.0,50.0,0.9,0.09999999999999998,0.0,0.0,0.0,0.0,0.0,0.0,0.0,
1765989768.3447118,eth-updown-15m-1765989000,1765989000.0,1765989900.0,,131.6552882194519,,,,,0,0,0.99,0.98,ONE_LEG_INVENTORY,,,,,,,,,,,,,,0,5.0,,,,,,,,,,,,,,,,,,,,"RECONSTRUCT_BLOCKED: OVERPAY_LIMIT (Op:0.2700 > L:0.0196, Cost:$1.35)",,,,,,,,25.0,22.340424,,,,,0,0,,,Inv: 25.0/22.3 CapLeft: 2.7,,,25.0,22.340424,47.340424,2.6595760000000013,50.0,0.012499999999999734,49.9875,0.97,0.030000000000000027,2.6595760000000013,0.47,0.8,0.27,5.0,1.35,0.019562926691770552,OVERPAY_LIMIT
1765989768.3447118,eth-updown-15m-1765989000,1765989000.0,1765989900.0,,131.6552882194519,,,,,0,0,0.99,0.98,ONE_LEG_INVENTORY,,,,,,,,,,,,,,0,5.0,,,,,,,,,,,,,,,,,,,,"RECONSTRUCT_BLOCKED: OVERPAY_LIMIT (Op:0.2700 > L:0.0196, Cost:$1.35)",,,,,,,,25.0,22.340424,,,,,0,0,,,Inv: 25.0/22.3 CapLeft: 2.7,,,25.0,22.340424,47.340424,2.6595760000000013,50.0,0.012499999999999734,49.9875,0.97,0.030000000000000027,2.6595760000000013,0.47,0.8,0.27,5.0,1.35,0.019562926691770552,OVERPAY_LIMIT
1765989768.8700078,eth-updown-15m-1765989000,1765989000.0,1765989900.0,,131.1299922466278,,,,,0,0,0.9,0.98,ORDERS_OPEN,,,,,,,,,,,,,,0,5,,,,,,,,,,,,,,,,,,,,,,,,,,,,0.0,0.0,,,,,0,0,,,Inv: 0.0/0.0 CapLeft: 50.0,,,0.0,0.0,0.0,50.0,50.0,0.0,50.0,0.9,0.09999999999999998,0.0,0.0,0.0,0.0,0.0,0.0,0.0,
1765989770.3719516,eth-updown-15m-1765989000,1765989000.0,1765989900.0,,129.6280484199524,,,,,0,0,0.9,0.98,ORDERS_OPEN,,,,,,,,,,,,,,0,5,,,,,,,,,,,,,,,,,,,,,,,,,,,,0.0,0.0,,,,,0,0,,,Inv: 0.0/0.0 CapLeft: 50.0,,,0.0,0.0,0.0,50.0,50.0,0.0,50.0,0.9,0.09999999999999998,0.0,0.0,0.0,0.0,0.0,0.0,0.0,
1765989770.2771814,eth-updown-15m-1765989000,1765989000.0,1765989900.0,,129.72281861305237,,,,,0,0,0.98,0.98,ONE_LEG_INVENTORY,,,,,,,,,,,,,,0,5.0,,,,,,,,,,,,,,,,,,,,"RECONSTRUCT_BLOCKED: OVERPAY_LIMIT (Op:0.2500 > L:0.0196, Cost:$1.25)",,,,,,,,25.0,22.340424,,,,,0,0,,,Inv: 25.0/22.3 CapLeft: 2.7,,,25.0,22.340424,47.340424,2.6595760000000013,50.0,0.012499999999999734,49.9875,0.97,0.030000000000000027,2.6595760000000013,0.47,0.78,0.25,5.0,1.25,0.019635394302010535,OVERPAY_LIMIT
1765989770.2771814,eth-updown-15m-1765989000,1765989000.0,1765989900.0,,129.72281861305237,,,,,0,0,0.98,0.98,ONE_LEG_INVENTORY,,,,,,,,,,,,,,0,5.0,,,,,,,,,,,,,,,,,,,,"RECONSTRUCT_BLOCKED: OVERPAY_LIMIT (Op:0.2500 > L:0.0196, Cost:$1.25)",,,,,,,,25.0,22.340424,,,,,0,0,,,Inv: 25.0/22.3 CapLeft: 2.7,,,25.0,22.340424,47.340424,2.6595760000000013,50.0,0.012499999999999734,49.9875,0.97,0.030000000000000027,2.6595760000000013,0.47,0.78,0.25,5.0,1.25,0.019635394302010535,OVERPAY_LIMIT
1765989771.8735478,eth-updown-15m-1765989000,1765989000.0,1765989900.0,,128.1264522075653,,,,,0,0,0.9,0.98,ORDERS_OPEN,,,,,,,,,,,,,,0,5,,,,,,,,,,,,,,,,,,,,,,,,,,,,0.0,0.0,,,,,0,0,,,Inv: 0.0/0.0 CapLeft: 50.0,,,0.0,0.0,0.0,50.0,50.0,0.0,50.0,0.9,0.09999999999999998,0.0,0.0,0.0,0.0,0.0,0.0,0.0,
1765989772.2150648,eth-updown-15m-1765989000,1765989000.0,1765989900.0,,127.78493523597717,,,,,0,0,0.97,0.98,ONE_LEG_INVENTORY,,,,,,,,,,,,,,0,5.0,,,,,,,,,,,,,,,,,,,,"RECONSTRUCT_BLOCKED: OVERPAY_LIMIT (Op:0.2300 > L:0.0197, Cost:$1.15)",,,,,,,,25.0,22.340424,,,,,0,0,,,Inv: 25.0/22.3 CapLeft: 2.7,,,25.0,22.340424,47.340424,2.6595760000000013,50.0,0.012499999999999734,49.9875,0.97,0.030000000000000027,2.6595760000000013,0.47,0.76,0.22999999999999998,5.0,1.15,0.019708064928650855,OVERPAY_LIMIT
1765989772.2150648,eth-updown-15m-1765989000,1765989000.0,1765989900.0,,127.78493523597717,,,,,0,0,0.97,0.98,ONE_LEG_INVENTORY,,,,,,,,,,,,,,0,5.0,,,,,,,,,,,,,,,,,,,,"RECONSTRUCT_BLOCKED: OVERPAY_LIMIT (Op:0.2300 > L:0.0197, Cost:$1.15)",,,,,,,,25.0,22.340424,,,,,0,0,,,Inv: 25.0/22.3 CapLeft: 2.7,,,25.0,22.340424,47.340424,2.6595760000000013,50.0,0.012499999999999734,49.9875,0.97,0.030000000000000027,2.6595760000000013,0.47,0.76,0.22999999999999998,5.0,1.15,0.019708064928650855,OVERPAY_LIMIT
1765989773.3747883,eth-updown-15m-1765989000,1765989000.0,1765989900.0,,126.62521171569824,,,,,0,0,0.9,0.98,ORDERS_OPEN,,,,,,,,,,,,,,0,5,,,,,,,,,,,,,,,,,,,,,,,,,,,,0.0,0.0,,,,,0,0,,,Inv: 0.0/0.0 CapLeft: 50.0,,,0.0,0.0,0.0,50.0,50.0,0.0,50.0,0.9,0.09999999999999998,0.0,0.0,0.0,0.0,0.0,0.0,0.0,
1765989774.138113,eth-updown-15m-1765989000,1765989000.0,1765989900.0,,125.86188697814941,,,,,0,0,0.97,0.98,ONE_LEG_INVENTORY,,,,,,,,,,,,,,0,5.0,,,,,,,,,,,,,,,,,,,,"RECONSTRUCT_BLOCKED: OVERPAY_LIMIT (Op:0.2100 > L:0.0198, Cost:$1.05)",,,,,,,,25.0,22.340424,,,,,0,0,,,Inv: 25.0/22.3 CapLeft: 2.7,,,25.0,22.340424,47.340424,2.6595760000000013,50.0,0.012499999999999734,49.9875,0.97,0.030000000000000027,2.6595760000000013,0.47,0.74,0.20999999999999996,5.0,1.0499999999999998,0.019780179238319394,OVERPAY_LIMIT
1765989774.138113,eth-updown-15m-1765989000,1765989000.0,1765989900.0,,125.86188697814941,,,,,0,0,0.97,0.98,ONE_LEG_INVENTORY,,,,,,,,,,,,,,0,5.0,,,,,,,,,,,,,,,,,,,,"RECONSTRUCT_BLOCKED: OVERPAY_LIMIT (Op:0.2100 > L:0.0198, Cost:$1.05)",,,,,,,,25.0,22.340424,,,,,0,0,,,Inv: 25.0/22.3 CapLeft: 2.7,,,25.0,22.340424,47.340424,2.6595760000000013,50.0,0.012499999999999734,49.9875,0.97,0.030000000000000027,2.6595760000000013,0.47,0.74,0.20999999999999996,5.0,1.0499999999999998,0.019780179238319394,OVERPAY_LIMIT
1765989774.8764458,eth-updown-15m-1765989000,1765989000.0,1765989900.0,,125.12355422973633,,,,,0,0,0.9,0.98,ORDERS_OPEN,,,,,,,,,,,,,,0,5,,,,,,,,,,,,,,,,,,,,,,,,,,,,0.0,0.0,,,,,0,0,,,Inv: 0.0/0.0 CapLeft: 50.0,,,0.0,0.0,0.0,50.0,50.0,0.0,50.0,0.9,0.09999999999999998,0.0,0.0,0.0,0.0,0.0,0.0,0.0,
1765989776.3784196,eth-updown-15m-1765989000,1765989000.0,1765989900.0,,123.62158036231995,,,,,0,0,0.9,0.98,ORDERS_OPEN,,,,,,,,,,,,,,0,5,,,,,,,,,,,,,,,,,,,,,,,,,,,,0.0,0.0,,,,,0,0,,,Inv: 0.0/0.0 CapLeft: 50.0,,,0.0,0.0,0.0,50.0,50.0,0.0,50.0,0.9,0.09999999999999998,0.0,0.0,0.0,0.0,0.0,0.0,0.0,
1765989776.0558271,eth-updown-15m-1765989000,1765989000.0,1765989900.0,,123.9441728591919,,,,,0,0,0.97,0.98,ONE_LEG_INVENTORY,,,,,,,,,,,,,,0,5.0,,,,,,,,,,,,,,,,,,,,"RECONSTRUCT_BLOCKED: OVERPAY_LIMIT (Op:0.1600 > L:0.0199, Cost:$0.80)",,,,,,,,25.0,22.340424,,,,,0,0,,,Inv: 25.0/22.3 CapLeft: 2.7,,,25.0,22.340424,47.340424,2.6595760000000013,50.0,0.012499999999999734,49.9875,0.97,0.030000000000000027,2.6595760000000013,0.47,0.69,0.15999999999999992,5.0,0.7999999999999996,0.0198520935177803,OVERPAY_LIMIT
1765989776.0558271,eth-updown-15m-1765989000,1765989000.0,1765989900.0,,123.9441728591919,,,,,0,0,0.97,0.98,ONE_LEG_INVENTORY,,,,,,,,,,,,,,0,5.0,,,,,,,,,,,,,,,,,,,,"RECONSTRUCT_BLOCKED: OVERPAY_LIMIT (Op:0.1600 > L:0.0199, Cost:$0.80)",,,,,,,,25.0,22.340424,,,,,0,0,,,Inv: 25.0/22.3 CapLeft: 2.7,,,25.0,22.340424,47.340424,2.6595760000000013,50.0,0.012499999999999734,49.9875,0.97,0.030000000000000027,2.6595760000000013,0.47,0.69,0.15999999999999992,5.0,0.7999999999999996,0.0198520935177803,OVERPAY_LIMIT
1765989777.9810143,eth-updown-15m-1765989000,1765989000.0,1765989900.0,,122.01898574829102,,,,,0,0,0.99,0.98,ONE_LEG_INVENTORY,,,,,,,,,,,,,,0,5.0,,,,,,,,,,,,,,,,,,,,"RECONSTRUCT_BLOCKED: OVERPAY_LIMIT (Op:0.1400 > L:0.0199, Cost:$0.70)",,,,,,,,25.0,22.340424,,,,,0,0,,,Inv: 25.0/22.3 CapLeft: 2.7,,,25.0,22.340424,47.340424,2.6595760000000013,50.0,0.012499999999999734,49.9875,0.97,0.030000000000000027,2.6595760000000013,0.47,0.67,0.14000000000000012,5.0,0.7000000000000006,0.01992428803443909,OVERPAY_LIMIT
1765989777.9810143,eth-updown-15m-1765989000,1765989000.0,1765989900.0,,122.01898574829102,,,,,0,0,0.99,0.98,ONE_LEG_INVENTORY,,,,,,,,,,,,,,0,5.0,,,,,,,,,,,,,,,,,,,,"RECONSTRUCT_BLOCKED: OVERPAY_LIMIT (Op:0.1400 > L:0.0199, Cost:$0.70)",,,,,,,,25.0,22.340424,,,,,0,0,,,Inv: 25.0/22.3 CapLeft: 2.7,,,25.0,22.340424,47.340424,2.6595760000000013,50.0,0.012499999999999734,49.9875,0.97,0.030000000000000027,2.6595760000000013,0.47,0.67,0.14000000000000012,5.0,0.7000000000000006,0.01992428803443909,OVERPAY_LIMIT
1765989779.3808343,eth-updown-15m-1765989000,1765989000.0,1765989900.0,,120.6191656589508,,,,,0.45,0.45,0.9,0.98,ORDERS_OPEN,,,,,,,,,,,,,,5,5,,,,,,,,,,,,,,,,,,,,Leg:BOTH UP:5 DOWN:5,,,,,,,,0.0,0.0,,,,,0,0,,,Inv: 0.0/0.0 CapLeft: 50.0,,,0.0,0.0,0.0,50.0,50.0,0.0,50.0,0.9,0.09999999999999998,0.0,0.0,0.0,0.0,0.0,0.0,0.0,
1765989779.95818,eth-updown-15m-1765989000,1765989000.0,1765989900.0,,120.04182004928589,,,,,0,0,0.99,0.98,ONE_LEG_INVENTORY,,,,,,,,,,,,,,0,5.0,,,,,,,,,,,,,,,,,,,,"RECONSTRUCT_BLOCKED: OVERPAY_LIMIT (Op:0.1500 > L:0.0200, Cost:$0.75)",,,,,,,,25.0,22.340424,,,,,0,0,,,Inv: 25.0/22.3 CapLeft: 2.7,,,25.0,22.340424,47.340424,2.6595760000000013,50.0,0.012499999999999734,49.9875,0.97,0.030000000000000027,2.6595760000000013,0.47,0.68,0.1499999999999999,5.0,0.7499999999999996,0.01999843174815178,OVERPAY_LIMIT
1765989779.95818,eth-updown-15m-1765989000,1765989000.0,1765989900.0,,120.04182004928589,,,,,0,0,0.99,0.98,ONE_LEG_INVENTORY,,,,,,,,,,,,,,0,5.0,,,,,,,,,,,,,,,,,,,,"RECONSTRUCT_BLOCKED: OVERPAY_LIMIT (Op:0.1500 > L:0.0200, Cost:$0.75)",,,,,,,,25.0,22.340424,,,,,0,0,,,Inv: 25.0/22.3 CapLeft: 2.7,,,25.0,22.340424,47.340424,2.6595760000000013,50.0,0.012499999999999734,49.9875,0.97,0.030000000000000027,2.6595760000000013,0.47,0.68,0.1499999999999999,5.0,0.7499999999999996,0.01999843174815178,OVERPAY_LIMIT
1765989780.8821816,eth-updown-15m-1765989000,1765989000.0,1765989900.0,,119.1178183555603,,,,,0,0,0.9,0.98,ORDERS_OPEN,,,,,,,,,,,,,,0,5,,,,,,,,,,,,,,,,,,,,,,,,,,,,0.0,0.0,,,,,0,0,,,Inv: 0.0/0.0 CapLeft: 50.0,,,0.0,0.0,0.0,50.0,50.0,0.0,50.0,0.9,0.09999999999999998,0.0,0.0,0.0,0.0,0.0,0.0,0.0,
1765989782.3839653,eth-updown-15m-1765989000,1765989000.0,1765989900.0,,117.61603474617004,,,,,0,0,0.9,0.98,ORDERS_OPEN,,,,,,,,,,,,,,0,5,,,,,,,,,,,,,,,,,,,,,,,,,,,,0.0,0.0,,,,,0,0,,,Inv: 0.0/0.0 CapLeft: 50.0,,,0.0,0.0,0.0,50.0,50.0,0.0,50.0,0.9,0.09999999999999998,0.0,0.0,0.0,0.0,0.0,0.0,0.0,
1765989781.9616082,eth-updown-15m-1765989000,1765989000.0,1765989900.0,,118.03839182853699,,,,,0,0,0.99,0.98,ONE_LEG_INVENTORY,,,,,,,,,,,,,,0,5.0,,,,,,,,,,,,,,,,,,,,"RECONSTRUCT_BLOCKED: OVERPAY_LIMIT (Op:0.0600 > L:0.0500, Cost:$0.30)",,,,,,,,25.0,22.340424,,,,,0,0,,,Inv: 25.0/22.3 CapLeft: 2.7,,,25.0,22.340424,47.340424,2.6595760000000013,50.0,0.012499999999999734,49.9875,0.97,0.030000000000000027,2.6595760000000013,0.47,0.59,0.06000000000000005,5.0,0.30000000000000027,0.05,OVERPAY_LIMIT
1765989781.9616082,eth-updown-15m-1765989000,1765989000.0,1765989900.0,,118.03839182853699,,,,,0,0,0.99,0.98,ONE_LEG_INVENTORY,,,,,,,,,,,,,,0,5.0,,,,,,,,,,,,,,,,,,,,"RECONSTRUCT_BLOCKED: OVERPAY_LIMIT (Op:0.0600 > L:0.0500, Cost:$0.30)",,,,,,,,25.0,22.340424,,,,,0,0,,,Inv: 25.0/22.3 CapLeft: 2.7,,,25.0,22.340424,47.340424,2.6595760000000013,50.0,0.012499999999999734,49.9875,0.97,0.030000000000000027,2.6595760000000013,0.47,0.59,0.06000000000000005,5.0,0.30000000000000027,0.05,OVERPAY_LIMIT
1765989783.8852985,eth-updown-15m-1765989000,1765989000.0,1765989900.0,,116.11470150947571,,,,,0,0,0.9,0.98,ORDERS_OPEN,,,,,,,,,,,,,,0,5,,,,,,,,,,,,,,,,,,,,,,,,,,,,0.0,0.0,,,,,0,0,,,Inv: 0.0/0.0 CapLeft: 50.0,,,0.0,0.0,0.0,50.0,50.0,0.0,50.0,0.9,0.09999999999999998,0.0,0.0,0.0,0.0,0.0,0.0,0.0,
1765989783.8919163,eth-updown-15m-1765989000,1765989000.0,1765989900.0,,116.10808372497559,,,,,0,0,0.98,0.98,ONE_LEG_INVENTORY,,,,,,,,,,,,,,0,5.0,,,,,,,,,,,,,,,,,,,,"RECONSTRUCT_BLOCKED: OVERPAY_LIMIT (Op:0.1200 > L:0.0500, Cost:$0.60)",,,,,,,,25.0,22.340424,,,,,0,0,,,Inv: 25.0/22.3 CapLeft: 2.7,,,25.0,22.340424,47.340424,2.6595760000000013,50.0,0.012499999999999734,49.9875,0.97,0.030000000000000027,2.6595760000000013,0.47,0.65,0.1200000000000001,5.0,0.6000000000000005,0.05,OVERPAY_LIMIT
1765989783.8919163,eth-updown-15m-1765989000,1765989000.0,1765989900.0,,116.10808372497559,,,,,0,0,0.98,0.98,ONE_LEG_INVENTORY,,,,,,,,,,,,,,0,5.0,,,,,,,,,,,,,,,,,,,,"RECONSTRUCT_BLOCKED: OVERPAY_LIMIT (Op:0.1200 > L:0.0500, Cost:$0.60)",,,,,,,,25.0,22.340424,,,,,0,0,,,Inv: 25.0/22.3 CapLeft: 2.7,,,25.0,22.340424,47.340424,2.6595760000000013,50.0,0.012499999999999734,49.9875,0.97,0.030000000000000027,2.6595760000000013,0.47,0.65,0.1200000000000001,5.0,0.6000000000000005,0.05,OVERPAY_LIMIT
1765989785.386816,eth-updown-15m-1765989000,1765989000.0,1765989900.0,,114.61318397521973,,,,,0,0,0.9,0.98,ORDERS_OPEN,,,,,,,,,,,,,,0,5,,,,,,,,,,,,,,,,,,,,,,,,,,,,0.0,0.0,,,,,0,0,,,Inv: 0.0/0.0 CapLeft: 50.0,,,0.0,0.0,0.0,50.0,50.0,0.0,50.0,0.9,0.09999999999999998,0.0,0.0,0.0,0.0,0.0,0.0,0.0,
1765989785.886303,eth-updown-15m-1765989000,1765989000.0,1765989900.0,,114.11369705200195,,,,,0,0,0.99,0.98,ONE_LEG_INVENTORY,,,,,,,,,,,,,,0,5.0,,,,,,,,,,,,,,,,,,,,"RECONSTRUCT_BLOCKED: OVERPAY_LIMIT (Op:0.1000 > L:0.0500, Cost:$0.50)",,,,,,,,25.0,22.340424,,,,,0,0,,,Inv: 25.0/22.3 CapLeft: 2.7,,,25.0,22.340424,47.340424,2.6595760000000013,50.0,0.012499999999999734,49.9875,0.97,0.030000000000000027,2.6595760000000013,0.47,0.63,0.10000000000000009,5.0,0.5000000000000004,0.05,OVERPAY_LIMIT
1765989785.886303,eth-updown-15m-1765989000,1765989000.0,1765989900.0,,114.11369705200195,,,,,0,0,0.99,0.98,ONE_LEG_INVENTORY,,,,,,,,,,,,,,0,5.0,,,,,,,,,,,,,,,,,,,,"RECONSTRUCT_BLOCKED: OVERPAY_LIMIT (Op:0.1000 > L:0.0500, Cost:$0.50)",,,,,,,,25.0,22.340424,,,,,0,0,,,Inv: 25.0/22.3 CapLeft: 2.7,,,25.0,22.340424,47.340424,2.6595760000000013,50.0,0.012499999999999734,49.9875,0.97,0.030000000000000027,2.6595760000000013,0.47,0.63,0.10000000000000009,5.0,0.5000000000000004,0.05,OVERPAY_LIMIT
1765989786.888551,eth-updown-15m-1765989000,1765989000.0,1765989900.0,,113.1114490032196,,,,,0,0,0.9,0.98,ORDERS_OPEN,,,,,,,,,,,,,,0,5,,,,,,,,,,,,,,,,,,,,,,,,,,,,0.0,0.0,,,,,0,0,,,Inv: 0.0/0.0 CapLeft: 50.0,,,0.0,0.0,0.0,50.0,50.0,0.0,50.0,0.9,0.09999999999999998,0.0,0.0,0.0,0.0,0.0,0.0,0.0,
1765989787.8174107,eth-updown-15m-1765989000,1765989000.0,1765989900.0,,112.18258929252625,,,,,0,0,0.99,0.98,ONE_LEG_INVENTORY,,,,,,,,,,,,,,0,5.0,,,,,,,,,,,,,,,,,,,,"RECONSTRUCT_BLOCKED: OVERPAY_LIMIT (Op:0.1300 > L:0.0500, Cost:$0.65)",,,,,,,,25.0,22.340424,,,,,0,0,,,Inv: 25.0/22.3 CapLeft: 2.7,,,25.0,22.340424,47.340424,2.6595760000000013,50.0,0.012499999999999734,49.9875,0.97,0.030000000000000027,2.6595760000000013,0.47,0.66,0.1299999999999999,5.0,0.6499999999999995,0.05,OVERPAY_LIMIT
1765989787.8174107,eth-updown-15m-1765989000,1765989000.0,1765989900.0,,112.18258929252625,,,,,0,0,0.99,0.98,ONE_LEG_INVENTORY,,,,,,,,,,,,,,0,5.0,,,,,,,,,,,,,,,,,,,,"RECONSTRUCT_BLOCKED: OVERPAY_LIMIT (Op:0.1300 > L:0.0500, Cost:$0.65)",,,,,,,,25.0,22.340424,,,,,0,0,,,Inv: 25.0/22.3 CapLeft: 2.7,,,25.0,22.340424,47.340424,2.6595760000000013,50.0,0.012499999999999734,49.9875,0.97,0.030000000000000027,2.6595760000000013,0.47,0.66,0.1299999999999999,5.0,0.6499999999999995,0.05,OVERPAY_LIMIT
1765989788.3897088,eth-updown-15m-1765989000,1765989000.0,1765989900.0,,111.61029124259949,,,,,0,0,0.9,0.98,ORDERS_OPEN,,,,,,,,,,,,,,0,5,,,,,,,,,,,,,,,,,,,,,,,,,,,,0.0,0.0,,,,,0,0,,,Inv: 0.0/0.0 CapLeft: 50.0,,,0.0,0.0,0.0,50.0,50.0,0.0,50.0,0.9,0.09999999999999998,0.0,0.0,0.0,0.0,0.0,0.0,0.0,
1765989789.891917,eth-updown-15m-1765989000,1765989000.0,1765989900.0,,110.10808300971985,,,,,0,0,0.9,0.98,ORDERS_OPEN,,,,,,,,,,,,,,0,5,,,,,,,,,,,,,,,,,,,,,,,,,,,,0.0,0.0,,,,,0,0,,,Inv: 0.0/0.0 CapLeft: 50.0,,,0.0,0.0,0.0,50.0,50.0,0.0,50.0,0.9,0.09999999999999998,0.0,0.0,0.0,0.0,0.0,0.0,0.0,
1765989789.7790377,eth-updown-15m-1765989000,1765989000.0,1765989900.0,,110.22096228599548,,,,,0,0,0.99,0.98,ONE_LEG_INVENTORY,,,,,,,,,,,,,,0,5.0,,,,,,,,,,,,,,,,,,,,"RECONSTRUCT_BLOCKED: OVERPAY_LIMIT (Op:0.1500 > L:0.0500, Cost:$0.75)",,,,,,,,25.0,22.340424,,,,,0,0,,,Inv: 25.0/22.3 CapLeft: 2.7,,,25.0,22.340424,47.340424,2.6595760000000013,50.0,0.012499999999999734,49.9875,0.97,0.030000000000000027,2.6595760000000013,0.47,0.68,0.1499999999999999,5.0,0.7499999999999996,0.05,OVERPAY_LIMIT
1765989789.7790377,eth-updown-15m-1765989000,1765989000.0,1765989900.0,,110.22096228599548,,,,,0,0,0.99,0.98,ONE_LEG_INVENTORY,,,,,,,,,,,,,,0,5.0,,,,,,,,,,,,,,,,,,,,"RECONSTRUCT_BLOCKED: OVERPAY_LIMIT (Op:0.1500 > L:0.0500, Cost:$0.75)",,,,,,,,25.0,22.340424,,,,,0,0,,,Inv: 25.0/22.3 CapLeft: 2.7,,,25.0,22.340424,47.340424,2.6595760000000013,50.0,0.012499999999999734,49.9875,0.97,0.030000000000000027,2.6595760000000013,0.47,0.68,0.1499999999999999,5.0,0.7499999999999996,0.05,OVERPAY_LIMIT
1765989791.3933287,eth-updown-15m-1765989000,1765989000.0,1765989900.0,,108.60667133331299,,,,,0,0,0.9,0.98,ORDERS_OPEN,,,,,,,,,,,,,,0,5,,,,,,,,,,,,,,,,,,,,,,,,,,,,0.0,0.0,,,,,0,0,,,Inv: 0.0/0.0 CapLeft: 50.0,,,0.0,0.0,0.0,50.0,50.0,0.0,50.0,0.9,0.09999999999999998,0.0,0.0,0.0,0.0,0.0,0.0,0.0,
1765989791.7409961,eth-updown-15m-1765989000,1765989000.0,1765989900.0,,108.25900387763977,,,,,0,0,0.97,0.98,ONE_LEG_INVENTORY,,,,,,,,,,,,,,0,5.0,,,,,,,,,,,,,,,,,,,,"RECONSTRUCT_BLOCKED: OVERPAY_LIMIT (Op:0.1700 > L:0.0500, Cost:$0.85)",,,,,,,,25.0,22.340424,,,,,0,0,,,Inv: 25.0/22.3 CapLeft: 2.7,,,25.0,22.340424,47.340424,2.6595760000000013,50.0,0.012499999999999734,49.9875,0.97,0.030000000000000027,2.6595760000000013,0.47,0.7,0.16999999999999993,5.0,0.8499999999999996,0.05,OVERPAY_LIMIT
1765989791.7409961,eth-updown-15m-1765989000,1765989000.0,1765989900.0,,108.25900387763977,,,,,0,0,0.97,0.98,ONE_LEG_INVENTORY,,,,,,,,,,,,,,0,5.0,,,,,,,,,,,,,,,,,,,,"RECONSTRUCT_BLOCKED: OVERPAY_LIMIT (Op:0.1700 > L:0.0500, Cost:$0.85)",,,,,,,,25.0,22.340424,,,,,0,0,,,Inv: 25.0/22.3 CapLeft: 2.7,,,25.0,22.340424,47.340424,2.6595760000000013,50.0,0.012499999999999734,49.9875,0.97,0.030000000000000027,2.6595760000000013,0.47,0.7,0.16999999999999993,5.0,0.8499999999999996,0.05,OVERPAY_LIMIT
1765989792.8948786,eth-updown-15m-1765989000,1765989000.0,1765989900.0,,107.10512137413025,,,,,0,0,0.9,0.98,ORDERS_OPEN,,,,,,,,,,,,,,0,5,,,,,,,,,,,,,,,,,,,,,,,,,,,,0.0,0.0,,,,,0,0,,,Inv: 0.0/0.0 CapLeft: 50.0,,,0.0,0.0,0.0,50.0,50.0,0.0,50.0,0.9,0.09999999999999998,0.0,0.0,0.0,0.0,0.0,0.0,0.0,
1765989793.6732106,eth-updown-15m-1765989000,1765989000.0,1765989900.0,,106.32678937911987,,,,,0,0,0.97,0.98,ONE_LEG_INVENTORY,,,,,,,,,,,,,,0,5.0,,,,,,,,,,,,,,,,,,,,"RECONSTRUCT_BLOCKED: OVERPAY_LIMIT (Op:0.2400 > L:0.0500, Cost:$1.20)",,,,,,,,25.0,22.340424,,,,,0,0,,,Inv: 25.0/22.3 CapLeft: 2.7,,,25.0,22.340424,47.340424,2.6595760000000013,50.0,0.012499999999999734,49.9875,0.97,0.030000000000000027,2.6595760000000013,0.47,0.77,0.24,5.0,1.2,0.05,OVERPAY_LIMIT
1765989793.6732106,eth-updown-15m-1765989000,1765989000.0,1765989900.0,,106.32678937911987,,,,,0,0,0.97,0.98,ONE_LEG_INVENTORY,,,,,,,,,,,,,,0,5.0,,,,,,,,,,,,,,,,,,,,"RECONSTRUCT_BLOCKED: OVERPAY_LIMIT (Op:0.2400 > L:0.0500, Cost:$1.20)",,,,,,,,25.0,22.340424,,,,,0,0,,,Inv: 25.0/22.3 CapLeft: 2.7,,,25.0,22.340424,47.340424,2.6595760000000013,50.0,0.012499999999999734,49.9875,0.97,0.030000000000000027,2.6595760000000013,0.47,0.77,0.24,5.0,1.2,0.05,OVERPAY_LIMIT
1765989795.8968115,eth-updown-15m-1765989000,1765989000.0,1765989900.0,,104.10318851470947,,,,,0.45,0.45,0.9,0.98,ORDERS_OPEN,,,,,,,,,,,,,,5,5,,,,,,,,,,,,,,,,,,,,Leg:BOTH UP:5 DOWN:5,,,,,,,,0.0,0.0,,,,,0,0,,,Inv: 0.0/0.0 CapLeft: 50.0,,,0.0,0.0,0.0,50.0,50.0,0.0,50.0,0.9,0.09999999999999998,0.0,0.0,0.0,0.0,0.0,0.0,0.0,
1765989795.6364932,eth-updown-15m-1765989000,1765989000.0,1765989900.0,,104.36350679397583,,,,,0,0,0.98,0.98,ONE_LEG_INVENTORY,,,,,,,,,,,,,,0,5.0,,,,,,,,,,,,,,,,,,,,"RECONSTRUCT_BLOCKED: OVERPAY_LIMIT (Op:0.2700 > L:0.0500, Cost:$1.35)",,,,,,,,25.0,22.340424,,,,,0,0,,,Inv: 25.0/22.3 CapLeft: 2.7,,,25.0,22.340424,47.340424,2.6595760000000013,50.0,0.012499999999999734,49.9875,0.97,0.030000000000000027,2.6595760000000013,0.47,0.8,0.27,5.0,1.35,0.05,OVERPAY_LIMIT
1765989795.6364932,eth-updown-15m-1765989000,1765989000.0,1765989900.0,,104.36350679397583,,,,,0,0,0.98,0.98,ONE_LEG_INVENTORY,,,,,,,,,,,,,,0,5.0,,,,,,,,,,,,,,,,,,,,"RECONSTRUCT_BLOCKED: OVERPAY_LIMIT (Op:0.2700 > L:0.0500, Cost:$1.35)",,,,,,,,25.0,22.340424,,,,,0,0,,,Inv: 25.0/22.3 CapLeft: 2.7,,,25.0,22.340424,47.340424,2.6595760000000013,50.0,0.012499999999999734,49.9875,0.97,0.030000000000000027,2.6595760000000013,0.47,0.8,0.27,5.0,1.35,0.05,OVERPAY_LIMIT
1765989797.3985155,eth-updown-15m-1765989000,1765989000.0,1765989900.0,,102.60148453712463,,,,,0,0,0.9,0.98,ORDERS_OPEN,,,,,,,,,,,,,,0,5,,,,,,,,,,,,,,,,,,,,,,,,,,,,0.0,0.0,,,,,0,0,,,Inv: 0.0/0.0 CapLeft: 50.0,,,0.0,0.0,0.0,50.0,50.0,0.0,50.0,0.9,0.09999999999999998,0.0,0.0,0.0,0.0,0.0,0.0,0.0,
1765989797.5889912,eth-updown-15m-1765989000,1765989000.0,1765989900.0,,102.41100883483887,,,,,0,0,0.97,0.98,ONE_LEG_INVENTORY,,,,,,,,,,,,,,0,5.0,,,,,,,,,,,,,,,,,,,,"RECONSTRUCT_BLOCKED: OVERPAY_LIMIT (Op:0.2900 > L:0.0500, Cost:$1.45)",,,,,,,,25.0,22.340424,,,,,0,0,,,Inv: 25.0/22.3 CapLeft: 2.7,,,25.0,22.340424,47.340424,2.6595760000000013,50.0,0.012499999999999734,49.9875,0.97,0.030000000000000027,2.6595760000000013,0.47,0.82,0.29000000000000004,5.0,1.4500000000000002,0.05,OVERPAY_LIMIT
1765989797.5889912,eth-updown-15m-1765989000,1765989000.0,1765989900.0,,102.41100883483887,,,,,0,0,0.97,0.98,ONE_LEG_INVENTORY,,,,,,,,,,,,,,0,5.0,,,,,,,,,,,,,,,,,,,,"RECONSTRUCT_BLOCKED: OVERPAY_LIMIT (Op:0.2900 > L:0.0500, Cost:$1.45)",,,,,,,,25.0,22.340424,,,,,0,0,,,Inv: 25.0/22.3 CapLeft: 2.7,,,25.0,22.340424,47.340424,2.6595760000000013,50.0,0.012499999999999734,49.9875,0.97,0.030000000000000027,2.6595760000000013,0.47,0.82,0.29000000000000004,5.0,1.4500000000000002,0.05,OVERPAY_LIMIT
1765989798.8998272,eth-updown-15m-1765989000,1765989000.0,1765989900.0,,101.10017275810242,,,,,0,0,0.9,0.98,ORDERS_OPEN,,,,,,,,,,,,,,0,5,,,,,,,,,,,,,,,,,,,,,,,,,,,,0.0,0.0,,,,,0,0,,,Inv: 0.0/0.0 CapLeft: 50.0,,,0.0,0.0,0.0,50.0,50.0,0.0,50.0,0.9,0.09999999999999998,0.0,0.0,0.0,0.0,0.0,0.0,0.0,
1765989799.5183475,eth-updown-15m-1765989000,1765989000.0,1765989900.0,,100.48165249824524,,,,,0,0,0.98,0.98,ONE_LEG_INVENTORY,,,,,,,,,,,,,,0,5.0,,,,,,,,,,,,,,,,,,,,"RECONSTRUCT_BLOCKED: OVERPAY_LIMIT (Op:0.3200 > L:0.0500, Cost:$1.60)",,,,,,,,25.0,22.340424,,,,,0,0,,,Inv: 25.0/22.3 CapLeft: 2.7,,,25.0,22.340424,47.340424,2.6595760000000013,50.0,0.012499999999999734,49.9875,0.97,0.030000000000000027,2.6595760000000013,0.47,0.85,0.31999999999999984,5.0,1.5999999999999992,0.05,OVERPAY_LIMIT
1765989799.5183475,eth-updown-15m-1765989000,1765989000.0,1765989900.0,,100.48165249824524,,,,,0,0,0.98,0.98,ONE_LEG_INVENTORY,,,,,,,,,,,,,,0,5.0,,,,,,,,,,,,,,,,,,,,"RECONSTRUCT_BLOCKED: OVERPAY_LIMIT (Op:0.3200 > L:0.0500, Cost:$1.60)",,,,,,,,25.0,22.340424,,,,,0,0,,,Inv: 25.0/22.3 CapLeft: 2.7,,,25.0,22.340424,47.340424,2.6595760000000013,50.0,0.012499999999999734,49.9875,0.97,0.030000000000000027,2.6595760000000013,0.47,0.85,0.31999999999999984,5.0,1.5999999999999992,0.05,OVERPAY_LIMIT
1765989800.4017718,eth-updown-15m-1765989000,1765989000.0,1765989900.0,,99.59822821617126,,,,,0,0,0.9,0.98,ORDERS_OPEN,,,,,,,,,,,,,,0,5,,,,,,,,,,,,,,,,,,,,,,,,,,,,0.0,0.0,,,,,0,0,,,Inv: 0.0/0.0 CapLeft: 50.0,,,0.0,0.0,0.0,50.0,50.0,0.0,50.0,0.9,0.09999999999999998,0.0,0.0,0.0,0.0,0.0,0.0,0.0,
1765989801.9029415,eth-updown-15m-1765989000,1765989000.0,1765989900.0,,98.09705853462219,,,,,0,0,0.9,0.98,ORDERS_OPEN,,,,,,,,,,,,,,0,5,,,,,,,,,,,,,,,,,,,,,,,,,,,,0.0,0.0,,,,,0,0,,,Inv: 0.0/0.0 CapLeft: 50.0,,,0.0,0.0,0.0,50.0,50.0,0.0,50.0,0.9,0.09999999999999998,0.0,0.0,0.0,0.0,0.0,0.0,0.0,
1765989801.448899,eth-updown-15m-1765989000,1765989000.0,1765989900.0,,98.55110096931458,,,,,0,0,0.97,0.98,ONE_LEG_INVENTORY,,,,,,,,,,,,,,0,5.0,,,,,,,,,,,,,,,,,,,,"RECONSTRUCT_BLOCKED: OVERPAY_LIMIT (Op:0.3100 > L:0.0500, Cost:$1.55)",,,,,,,,25.0,22.340424,,,,,0,0,,,Inv: 25.0/22.3 CapLeft: 2.7,,,25.0,22.340424,47.340424,2.6595760000000013,50.0,0.012499999999999734,49.9875,0.97,0.030000000000000027,2.6595760000000013,0.47,0.84,0.31000000000000005,5.0,1.5500000000000003,0.05,OVERPAY_LIMIT
1765989801.448899,eth-updown-15m-1765989000,1765989000.0,1765989900.0,,98.55110096931458,,,,,0,0,0.97,0.98,ONE_LEG_INVENTORY,,,,,,,,,,,,,,0,5.0,,,,,,,,,,,,,,,,,,,,"RECONSTRUCT_BLOCKED: OVERPAY_LIMIT (Op:0.3100 > L:0.0500, Cost:$1.55)",,,,,,,,25.0,22.340424,,,,,0,0,,,Inv: 25.0/22.3 CapLeft: 2.7,,,25.0,22.340424,47.340424,2.6595760000000013,50.0,0.012499999999999734,49.9875,0.97,0.030000000000000027,2.6595760000000013,0.47,0.84,0.31000000000000005,5.0,1.5500000000000003,0.05,OVERPAY_LIMIT
1765989803.4046106,eth-updown-15m-1765989000,1765989000.0,1765989900.0,,96.5953893661499,,,,,0,0,0.9,0.98,ORDERS_OPEN,,,,,,,,,,,,,,0,5,,,,,,,,,,,,,,,,,,,,,,,,,,,,0.0,0.0,,,,,0,0,,,Inv: 0.0/0.0 CapLeft: 50.0,,,0.0,0.0,0.0,50.0,50.0,0.0,50.0,0.9,0.09999999999999998,0.0,0.0,0.0,0.0,0.0,0.0,0.0,
1765989803.4356723,eth-updown-15m-1765989000,1765989000.0,1765989900.0,,96.56432771682739,,,,,0,0,0.9700000000000001,0.98,ONE_LEG_INVENTORY,,,,,,,,,,,,,,0,5.0,,,,,,,,,,,,,,,,,,,,"RECONSTRUCT_BLOCKED: OVERPAY_LIMIT (Op:0.2800 > L:0.0500, Cost:$1.40)",,,,,,,,25.0,22.340424,,,,,0,0,,,Inv: 25.0/22.3 CapLeft: 2.7,,,25.0,22.340424,47.340424,2.6595760000000013,50.0,0.012499999999999734,49.9875,0.97,0.030000000000000027,2.6595760000000013,0.47,0.81,0.28,5.0,1.4000000000000001,0.05,OVERPAY_LIMIT
1765989803.4356723,eth-updown-15m-1765989000,1765989000.0,1765989900.0,,96.56432771682739,,,,,0,0,0.9700000000000001,0.98,ONE_LEG_INVENTORY,,,,,,,,,,,,,,0,5.0,,,,,,,,,,,,,,,,,,,,"RECONSTRUCT_BLOCKED: OVERPAY_LIMIT (Op:0.2800 > L:0.0500, Cost:$1.40)",,,,,,,,25.0,22.340424,,,,,0,0,,,Inv: 25.0/22.3 CapLeft: 2.7,,,25.0,22.340424,47.340424,2.6595760000000013,50.0,0.012499999999999734,49.9875,0.97,0.030000000000000027,2.6595760000000013,0.47,0.81,0.28,5.0,1.4000000000000001,0.05,OVERPAY_LIMIT
1765989804.9066925,eth-updown-15m-1765989000,1765989000.0,1765989900.0,,95.09330749511719,,,,,0,0,0.9,0.98,ORDERS_OPEN,,,,,,,,,,,,,,0,5,,,,,,,,,,,,,,,,,,,,,,,,,,,,0.0,0.0,,,,,0,0,,,Inv: 0.0/0.0 CapLeft: 50.0,,,0.0,0.0,0.0,50.0,50.0,0.0,50.0,0.9,0.09999999999999998,0.0,0.0,0.0,0.0,0.0,0.0,0.0,
1765989805.4182587,eth-updown-15m-1765989000,1765989000.0,1765989900.0,,94.58174133300781,,,,,0,0,0.98,0.98,ONE_LEG_INVENTORY,,,,,,,,,,,,,,0,5.0,,,,,,,,,,,,,,,,,,,,"RECONSTRUCT_BLOCKED: OVERPAY_LIMIT (Op:0.2400 > L:0.0500, Cost:$1.20)",,,,,,,,25.0,22.340424,,,,,0,0,,,Inv: 25.0/22.3 CapLeft: 2.7,,,25.0,22.340424,47.340424,2.6595760000000013,50.0,0.012499999999999734,49.9875,0.97,0.030000000000000027,2.6595760000000013,0.47,0.77,0.24,5.0,1.2,0.05,OVERPAY_LIMIT
1765989805.4182587,eth-updown-15m-1765989000,1765989000.0,1765989900.0,,94.58174133300781,,,,,0,0,0.98,0.98,ONE_LEG_INVENTORY,,,,,,,,,,,,,,0,5.0,,,,,,,,,,,,,,,,,,,,"RECONSTRUCT_BLOCKED: OVERPAY_LIMIT (Op:0.2400 > L:0.0500, Cost:$1.20)",,,,,,,,25.0,22.340424,,,,,0,0,,,Inv: 25.0/22.3 CapLeft: 2.7,,,25.0,22.340424,47.340424,2.6595760000000013,50.0,0.012499999999999734,49.9875,0.97,0.030000000000000027,2.6595760000000013,0.47,0.77,0.24,5.0,1.2,0.05,OVERPAY_LIMIT
1765989806.4078598,eth-updown-15m-1765989000,1765989000.0,1765989900.0,,93.5921401977539,,,,,0,0,0.9,0.98,ORDERS_OPEN,,,,,,,,,,,,,,0,5,,,,,,,,,,,,,,,,,,,,,,,,,,,,0.0,0.0,,,,,0,0,,,Inv: 0.0/0.0 CapLeft: 50.0,,,0.0,0.0,0.0,50.0,50.0,0.0,50.0,0.9,0.09999999999999998,0.0,0.0,0.0,0.0,0.0,0.0,0.0,
1765989807.399494,eth-updown-15m-1765989000,1765989000.0,1765989900.0,,92.600506067276,,,,,0,0,0.99,0.98,ONE_LEG_INVENTORY,,,,,,,,,,,,,,0,5.0,,,,,,,,,,,,,,,,,,,,"RECONSTRUCT_BLOCKED: OVERPAY_LIMIT (Op:0.2000 > L:0.0500, Cost:$1.00)",,,,,,,,25.0,22.340424,,,,,0,0,,,Inv: 25.0/22.3 CapLeft: 2.7,,,25.0,22.340424,47.340424,2.6595760000000013,50.0,0.012499999999999734,49.9875,0.97,0.030000000000000027,2.6595760000000013,0.47,0.73,0.19999999999999996,5.0,0.9999999999999998,0.05,OVERPAY_LIMIT
1765989807.399494,eth-updown-15m-1765989000,1765989000.0,1765989900.0,,92.600506067276,,,,,0,0,0.99,0.98,ONE_LEG_INVENTORY,,,,,,,,,,,,,,0,5.0,,,,,,,,,,,,,,,,,,,,"RECONSTRUCT_BLOCKED: OVERPAY_LIMIT (Op:0.2000 > L:0.0500, Cost:$1.00)",,,,,,,,25.0,22.340424,,,,,0,0,,,Inv: 25.0/22.3 CapLeft: 2.7,,,25.0,22.340424,47.340424,2.6595760000000013,50.0,0.012499999999999734,49.9875,0.97,0.030000000000000027,2.6595760000000013,0.47,0.73,0.19999999999999996,5.0,0.9999999999999998,0.05,OVERPAY_LIMIT
1765989807.9095726,eth-updown-15m-1765989000,1765989000.0,1765989900.0,,92.09042739868164,,,,,0,0,0.9,0.98,ORDERS_OPEN,,,,,,,,,,,,,,0,5,,,,,,,,,,,,,,,,,,,,,,,,,,,,0.0,0.0,,,,,0,0,,,Inv: 0.0/0.0 CapLeft: 50.0,,,0.0,0.0,0.0,50.0,50.0,0.0,50.0,0.9,0.09999999999999998,0.0,0.0,0.0,0.0,0.0,0.0,0.0,
1765989809.4112043,eth-updown-15m-1765989000,1765989000.0,1765989900.0,,90.58879566192627,,,,,0,0,0.9,0.98,ORDERS_OPEN,,,,,,,,,,,,,,0,5,,,,,,,,,,,,,,,,,,,,,,,,,,,,0.0,0.0,,,,,0,0,,,Inv: 0.0/0.0 CapLeft: 50.0,,,0.0,0.0,0.0,50.0,50.0,0.0,50.0,0.9,0.09999999999999998,0.0,0.0,0.0,0.0,0.0,0.0,0.0,
1765989809.3644664,eth-updown-15m-1765989000,1765989000.0,1765989900.0,,90.63553357124329,,,,,0,0,0.9299999999999999,0.98,ONE_LEG_INVENTORY,,,,,,,,,,,,,,0,5.0,,,,,,,,,,,,,,,,,,,,"RECONSTRUCT_BLOCKED: OVERPAY_LIMIT (Op:0.1100 > L:0.0500, Cost:$0.55)",,,,,,,,25.0,22.340424,,,,,0,0,,,Inv: 25.0/22.3 CapLeft: 2.7,,,25.0,22.340424,47.340424,2.6595760000000013,50.0,0.012499999999999734,49.9875,0.97,0.030000000000000027,2.6595760000000013,0.47,0.64,0.10999999999999988,5.0,0.5499999999999994,0.05,OVERPAY_LIMIT
1765989809.3644664,eth-updown-15m-1765989000,1765989000.0,1765989900.0,,90.63553357124329,,,,,0,0,0.9299999999999999,0.98,ONE_LEG_INVENTORY,,,,,,,,,,,,,,0,5.0,,,,,,,,,,,,,,,,,,,,"RECONSTRUCT_BLOCKED: OVERPAY_LIMIT (Op:0.1100 > L:0.0500, Cost:$0.55)",,,,,,,,25.0,22.340424,,,,,0,0,,,Inv: 25.0/22.3 CapLeft: 2.7,,,25.0,22.340424,47.340424,2.6595760000000013,50.0,0.012499999999999734,49.9875,0.97,0.030000000000000027,2.6595760000000013,0.47,0.64,0.10999999999999988,5.0,0.5499999999999994,0.05,OVERPAY_LIMIT
1765989811.3140023,eth-updown-15m-1765989000,1765989000.0,1765989900.0,,88.68599772453308,,,,,0.43,0.54,0.97,0.98,ORDERS_OPEN,,,,,,,,,,,,,,5.0,5.0,,,,,,,,,,,,,,,,,,,,RECONSTRUCT_CHUNK: 0.0/5.0 (Op:0.0100 B:$49.99),,,,,,,,25.0,22.340424,,,,,0,0,,,Inv: 25.0/22.3 CapLeft: 2.7,,,25.0,22.340424,47.340424,2.6595760000000013,50.0,0.012499999999999734,49.9875,0.97,0.030000000000000027,2.6595760000000013,0.47,0.54,0.010000000000000009,5.0,0.050000000000000044,0.05,OK
1765989812.4133751,eth-updown-15m-1765989000,1765989000.0,1765989900.0,,87.58662486076355,,,,,0.45,0.45,0.9,0.98,ORDERS_OPEN,,,,,,,,,,,,,,5,5,,,,,,,,,,,,,,,,,,,,Leg:BOTH UP:5 DOWN:5,,,,,,,,0.0,0.0,,,,,0,0,,,Inv: 0.0/0.0 CapLeft: 50.0,,,0.0,0.0,0.0,50.0,50.0,0.0,50.0,0.9,0.09999999999999998,0.0,0.0,0.0,0.0,0.0,0.0,0.0,
1765989813.915461,eth-updown-15m-1765989000,1765989000.0,1765989900.0,,86.08453893661499,,,,,0,0,0.9,0.98,ORDERS_OPEN,,,,,,,,,,,,,,0,5,,,,,,,,,,,,,,,,,,,,,,,,,,,,0.0,0.0,,,,,0,0,,,Inv: 0.0/0.0 CapLeft: 50.0,,,0.0,0.0,0.0,50.0,50.0,0.0,50.0,0.9,0.09999999999999998,0.0,0.0,0.0,0.0,0.0,0.0,0.0,
1765989813.6839824,eth-updown-15m-1765989000,1765989000.0,1765989900.0,,86.31601762771606,,,,,0,0,0.98,0.98,ONE_LEG_INVENTORY,,,,,,,,,,,,,,0,5.0,,,,,,,,,,,,,,,,,,,,,,,,,,,,25.0,27.340424,,,,,0,0,,,Inv: 25.0/27.3 CapLeft: -2.3,,,25.0,27.340424,52.340424,-2.3404239999999987,50.0,0.06249999999999978,49.9375,0.97,0.030000000000000027,2.6595760000000013,0.47,0.54,0.010000000000000009,5.0,0.050000000000000044,0.05,OK
1765989815.417041,eth-updown-15m-1765989000,1765989000.0,1765989900.0,,84.58295893669128,,,,,0,0,0.9,0.98,ORDERS_OPEN,,,,,,,,,,,,,,0,5,,,,,,,,,,,,,,,,,,,,,,,,,,,,0.0,0.0,,,,,0,0,,,Inv: 0.0/0.0 CapLeft: 50.0,,,0.0,0.0,0.0,50.0,50.0,0.0,50.0,0.9,0.09999999999999998,0.0,0.0,0.0,0.0,0.0,0.0,0.0,
1765989815.9121633,eth-updown-15m-1765989000,1765989000.0,1765989900.0,,84.08783674240112,,,,,0,0,1.02,0.98,ONE_LEG_INVENTORY,,,,,,,,,,,,,,0,5.0,,,,,,,,,,,,,,,,,,,,CAP_FULL,,,,,,,,25.0,27.340424,,,,,0,0,,,Inv: 25.0/27.3 CapLeft: -2.3,,,25.0,27.340424,52.340424,-2.3404239999999987,50.0,0.06249999999999978,49.9375,0.97,0.030000000000000027,2.6595760000000013,0.47,0.54,0.010000000000000009,5.0,0.050000000000000044,0.05,OK
1765989815.9121633,eth-updown-15m-1765989000,1765989000.0,1765989900.0,,84.08783674240112,,,,,0,0,1.02,0.98,ONE_LEG_INVENTORY,,,,,,,,,,,,,,0,5.0,,,,,,,,,,,,,,,,,,,,CAP_FULL,,,,,,,,25.0,27.340424,,,,,0,0,,,Inv: 25.0/27.3 CapLeft: -2.3,,,25.0,27.340424,52.340424,-2.3404239999999987,50.0,0.06249999999999978,49.9375,0.97,0.030000000000000027,2.6595760000000013,0.47,0.54,0.010000000000000009,5.0,0.050000000000000044,0.05,OK
1765989816.9183357,eth-updown-15m-1765989000,1765989000.0,1765989900.0,,83.08166432380676,,,,,0,0,0.9,0.98,ORDERS_OPEN,,,,,,,,,,,,,,0,5,,,,,,,,,,,,,,,,,,,,,,,,,,,,0.0,0.0,,,,,0,0,,,Inv: 0.0/0.0 CapLeft: 50.0,,,0.0,0.0,0.0,50.0,50.0,0.0,50.0,0.9,0.09999999999999998,0.0,0.0,0.0,0.0,0.0,0.0,0.0,
1765989817.8396778,eth-updown-15m-1765989000,1765989000.0,1765989900.0,,82.16032218933105,,,,,0,0,0.99,0.98,ONE_LEG_INVENTORY,,,,,,,,,,,,,,0,5.0,,,,,,,,,,,,,,,,,,,,CAP_FULL,,,,,,,,25.0,27.340424,,,,,0,0,,,Inv: 25.0/27.3 CapLeft: -2.3,,,25.0,27.340424,52.340424,-2.3404239999999987,50.0,0.06249999999999978,49.9375,0.97,0.030000000000000027,2.6595760000000013,0.47,0.54,0.010000000000000009,5.0,0.050000000000000044,0.05,OK
1765989817.8396778,eth-updown-15m-1765989000,1765989000.0,1765989900.0,,82.16032218933105,,,,,0,0,0.99,0.98,ONE_LEG_INVENTORY,,,,,,,,,,,,,,0,5.0,,,,,,,,,,,,,,,,,,,,CAP_FULL,,,,,,,,25.0,27.340424,,,,,0,0,,,Inv: 25.0/27.3 CapLeft: -2.3,,,25.0,27.340424,52.340424,-2.3404239999999987,50.0,0.06249999999999978,49.9375,0.97,0.030000000000000027,2.6595760000000013,0.47,0.54,0.010000000000000009,5.0,0.050000000000000044,0.05,OK
1765989818.4197786,eth-updown-15m-1765989000,1765989000.0,1765989900.0,,81.58022141456604,,,,,0,0,0.9,0.98,ORDERS_OPEN,,,,,,,,,,,,,,0,5,,,,,,,,,,,,,,,,,,,,,,,,,,,,0.0,0.0,,,,,0,0,,,Inv: 0.0/0.0 CapLeft: 50.0,,,0.0,0.0,0.0,50.0,50.0,0.0,50.0,0.9,0.09999999999999998,0.0,0.0,0.0,0.0,0.0,0.0,0.0,
1765989819.9213657,eth-updown-15m-1765989000,1765989000.0,1765989900.0,,80.07863426208496,,,,,0,0,0.9,0.98,ORDERS_OPEN,,,,,,,,,,,,,,0,5,,,,,,,,,,,,,,,,,,,,,,,,,,,,0.0,0.0,,,,,0,0,,,Inv: 0.0/0.0 CapLeft: 50.0,,,0.0,0.0,0.0,50.0,50.0,0.0,50.0,0.9,0.09999999999999998,0.0,0.0,0.0,0.0,0.0,0.0,0.0,
1765989819.7710528,eth-updown-15m-1765989000,1765989000.0,1765989900.0,,80.22894716262817,,,,,0,0,0.99,0.98,ONE_LEG_INVENTORY,,,,,,,,,,,,,,0,5.0,,,,,,,,,,,,,,,,,,,,CAP_FULL,,,,,,,,25.0,27.340424,,,,,0,0,,,Inv: 25.0/27.3 CapLeft: -2.3,,,25.0,27.340424,52.340424,-2.3404239999999987,50.0,0.06249999999999978,49.9375,0.97,0.030000000000000027,2.6595760000000013,0.47,0.54,0.010000000000000009,5.0,0.050000000000000044,0.05,OK
1765989819.7710528,eth-updown-15m-1765989000,1765989000.0,1765989900.0,,80.22894716262817,,,,,0,0,0.99,0.98,ONE_LEG_INVENTORY,,,,,,,,,,,,,,0,5.0,,,,,,,,,,,,,,,,,,,,CAP_FULL,,,,,,,,25.0,27.340424,,,,,0,0,,,Inv: 25.0/27.3 CapLeft: -2.3,,,25.0,27.340424,52.340424,-2.3404239999999987,50.0,0.06249999999999978,49.9375,0.97,0.030000000000000027,2.6595760000000013,0.47,0.54,0.010000000000000009,5.0,0.050000000000000044,0.05,OK
1765989821.4231086,eth-updown-15m-1765989000,1765989000.0,1765989900.0,,78.57689142227173,,,,,0,0,0.9,0.98,ORDERS_OPEN,,,,,,,,,,,,,,0,5,,,,,,,,,,,,,,,,,,,,,,,,,,,,0.0,0.0,,,,,0,0,,,Inv: 0.0/0.0 CapLeft: 50.0,,,0.0,0.0,0.0,50.0,50.0,0.0,50.0,0.9,0.09999999999999998,0.0,0.0,0.0,0.0,0.0,0.0,0.0,
1765989821.7218735,eth-updown-15m-1765989000,1765989000.0,1765989900.0,,78.27812647819519,,,,,0,0,0.96,0.98,ONE_LEG_INVENTORY,,,,,,,,,,,,,,0,5.0,,,,,,,,,,,,,,,,,,,,CAP_FULL,,,,,,,,25.0,27.340424,,,,,0,0,,,Inv: 25.0/27.3 CapLeft: -2.3,,,25.0,27.340424,52.340424,-2.3404239999999987,50.0,0.06249999999999978,49.9375,0.97,0.030000000000000027,2.6595760000000013,0.47,0.54,0.010000000000000009,5.0,0.050000000000000044,0.05,OK
1765989821.7218735,eth-updown-15m-1765989000,1765989000.0,1765989900.0,,78.27812647819519,,,,,0,0,0.96,0.98,ONE_LEG_INVENTORY,,,,,,,,,,,,,,0,5.0,,,,,,,,,,,,,,,,,,,,CAP_FULL,,,,,,,,25.0,27.340424,,,,,0,0,,,Inv: 25.0/27.3 CapLeft: -2.3,,,25.0,27.340424,52.340424,-2.3404239999999987,50.0,0.06249999999999978,49.9375,0.97,0.030000000000000027,2.6595760000000013,0.47,0.54,0.010000000000000009,5.0,0.050000000000000044,0.05,OK
1765989822.9333668,eth-updown-15m-1765989000,1765989000.0,1765989900.0,,77.0666332244873,,,,,0,0,0.9,0.98,ORDERS_OPEN,,,,,,,,,,,,,,0,5,,,,,,,,,,,,,,,,,,,,,,,,,,,,0.0,0.0,,,,,0,0,,,Inv: 0.0/0.0 CapLeft: 50.0,,,0.0,0.0,0.0,50.0,50.0,0.0,50.0,0.9,0.09999999999999998,0.0,0.0,0.0,0.0,0.0,0.0,0.0,
1765989823.6480446,eth-updown-15m-1765989000,1765989000.0,1765989900.0,,76.35195541381836,,,,,0,0,0.98,0.98,ONE_LEG_INVENTORY,,,,,,,,,,,,,,0,5.0,,,,,,,,,,,,,,,,,,,,CAP_FULL,,,,,,,,25.0,27.340424,,,,,0,0,,,Inv: 25.0/27.3 CapLeft: -2.3,,,25.0,27.340424,52.340424,-2.3404239999999987,50.0,0.06249999999999978,49.9375,0.97,0.030000000000000027,2.6595760000000013,0.47,0.54,0.010000000000000009,5.0,0.050000000000000044,0.05,OK
1765989823.6480446,eth-updown-15m-1765989000,1765989000.0,1765989900.0,,76.35195541381836,,,,,0,0,0.98,0.98,ONE_LEG_INVENTORY,,,,,,,,,,,,,,0,5.0,,,,,,,,,,,,,,,,,,,,CAP_FULL,,,,,,,,25.0,27.340424,,,,,0,0,,,Inv: 25.0/27.3 CapLeft: -2.3,,,25.0,27.340424,52.340424,-2.3404239999999987,50.0,0.06249999999999978,49.9375,0.97,0.030000000000000027,2.6595760000000013,0.47,0.54,0.010000000000000009,5.0,0.050000000000000044,0.05,OK
1765989824.4349923,eth-updown-15m-1765989000,1765989000.0,1765989900.0,,75.56500768661499,,,,,0,0,0.9,0.98,ORDERS_OPEN,,,,,,,,,,,,,,0,5,,,,,,,,,,,,,,,,,,,,,,,,,,,,0.0,0.0,,,,,0,0,,,Inv: 0.0/0.0 CapLeft: 50.0,,,0.0,0.0,0.0,50.0,50.0,0.0,50.0,0.9,0.09999999999999998,0.0,0.0,0.0,0.0,0.0,0.0,0.0,
1765989825.936328,eth-updown-15m-1765989000,1765989000.0,1765989900.0,,74.06367206573486,,,,,0,0,0.9,0.98,ORDERS_OPEN,,,,,,,,,,,,,,0,5,,,,,,,,,,,,,,,,,,,,,,,,,,,,0.0,0.0,,,,,0,0,,,Inv: 0.0/0.0 CapLeft: 50.0,,,0.0,0.0,0.0,50.0,50.0,0.0,50.0,0.9,0.09999999999999998,0.0,0.0,0.0,0.0,0.0,0.0,0.0,
1765989825.5955975,eth-updown-15m-1765989000,1765989000.0,1765989900.0,,74.40440249443054,,,,,0,0,0.97,0.98,ONE_LEG_INVENTORY,,,,,,,,,,,,,,0,5.0,,,,,,,,,,,,,,,,,,,,CAP_FULL,,,,,,,,25.0,27.340424,,,,,0,0,,,Inv: 25.0/27.3 CapLeft: -2.3,,,25.0,27.340424,52.340424,-2.3404239999999987,50.0,0.06249999999999978,49.9375,0.97,0.030000000000000027,2.6595760000000013,0.47,0.54,0.010000000000000009,5.0,0.050000000000000044,0.05,OK
1765989825.5955975,eth-updown-15m-1765989000,1765989000.0,1765989900.0,,74.40440249443054,,,,,0,0,0.97,0.98,ONE_LEG_INVENTORY,,,,,,,,,,,,,,0,5.0,,,,,,,,,,,,,,,,,,,,CAP_FULL,,,,,,,,25.0,27.340424,,,,,0,0,,,Inv: 25.0/27.3 CapLeft: -2.3,,,25.0,27.340424,52.340424,-2.3404239999999987,50.0,0.06249999999999978,49.9375,0.97,0.030000000000000027,2.6595760000000013,0.47,0.54,0.010000000000000009,5.0,0.050000000000000044,0.05,OK
1765989827.5468469,eth-updown-15m-1765989000,1765989000.0,1765989900.0,,72.45315313339233,,,,,0,0,0.98,0.98,ONE_LEG_INVENTORY,,,,,,,,,,,,,,0,5.0,,,,,,,,,,,,,,,,,,,,CAP_FULL,,,,,,,,25.0,27.340424,,,,,0,0,,,Inv: 25.0/27.3 CapLeft: -2.3,,,25.0,27.340424,52.340424,-2.3404239999999987,50.0,0.06249999999999978,49.9375,0.97,0.030000000000000027,2.6595760000000013,0.47,0.54,0.010000000000000009,5.0,0.050000000000000044,0.05,OK
1765989827.5468469,eth-updown-15m-1765989000,1765989000.0,1765989900.0,,72.45315313339233,,,,,0,0,0.98,0.98,ONE_LEG_INVENTORY,,,,,,,,,,,,,,0,5.0,,,,,,,,,,,,,,,,,,,,CAP_FULL,,,,,,,,25.0,27.340424,,,,,0,0,,,Inv: 25.0/27.3 CapLeft: -2.3,,,25.0,27.340424,52.340424,-2.3404239999999987,50.0,0.06249999999999978,49.9375,0.97,0.030000000000000027,2.6595760000000013,0.47,0.54,0.010000000000000009,5.0,0.050000000000000044,0.05,OK
1765989828.9389803,eth-updown-15m-1765989000,1765989000.0,1765989900.0,,71.06101965904236,,,,,0.45,0.45,0.9,0.98,ORDERS_OPEN,,,,,,,,,,,,,,5,5,,,,,,,,,,,,,,,,,,,,Leg:BOTH UP:5 DOWN:5,,,,,,,,0.0,0.0,,,,,0,0,,,Inv: 0.0/0.0 CapLeft: 50.0,,,0.0,0.0,0.0,50.0,50.0,0.0,50.0,0.9,0.09999999999999998,0.0,0.0,0.0,0.0,0.0,0.0,0.0,
1765989829.4695315,eth-updown-15m-1765989000,1765989000.0,1765989900.0,,70.5304684638977,,,,,0,0,0.99,0.98,ONE_LEG_INVENTORY,,,,,,,,,,,,,,0,5.0,,,,,,,,,,,,,,,,,,,,CAP_FULL,,,,,,,,25.0,27.340424,,,,,0,0,,,Inv: 25.0/27.3 CapLeft: -2.3,,,25.0,27.340424,52.340424,-2.3404239999999987,50.0,0.06249999999999978,49.9375,0.97,0.030000000000000027,2.6595760000000013,0.47,0.54,0.010000000000000009,5.0,0.050000000000000044,0.05,OK
1765989829.4695315,eth-updown-15m-1765989000,1765989000.0,1765989900.0,,70.5304684638977,,,,,0,0,0.99,0.98,ONE_LEG_INVENTORY,,,,,,,,,,,,,,0,5.0,,,,,,,,,,,,,,,,,,,,CAP_FULL,,,,,,,,25.0,27.340424,,,,,0,0,,,Inv: 25.0/27.3 CapLeft: -2.3,,,25.0,27.340424,52.340424,-2.3404239999999987,50.0,0.06249999999999978,49.9375,0.97,0.030000000000000027,2.6595760000000013,0.47,0.54,0.010000000000000009,5.0,0.050000000000000044,0.05,OK
1765989830.4402092,eth-updown-15m-1765989000,1765989000.0,1765989900.0,,69.55979084968567,,,,,0,0,0.9,0.98,ORDERS_OPEN,,,,,,,,,,,,,,0,5,,,,,,,,,,,,,,,,,,,,,,,,,,,,0.0,0.0,,,,,0,0,,,Inv: 0.0/0.0 CapLeft: 50.0,,,0.0,0.0,0.0,50.0,50.0,0.0,50.0,0.9,0.09999999999999998,0.0,0.0,0.0,0.0,0.0,0.0,0.0,
1765989831.4568703,eth-updown-15m-1765989000,1765989000.0,1765989900.0,,68.5431296825409,,,,,0,0,0.9800000000000001,0.98,ONE_LEG_INVENTORY,,,,,,,,,,,,,,0,5.0,,,,,,,,,,,,,,,,,,,,CAP_FULL,,,,,,,,25.0,27.340424,,,,,0,0,,,Inv: 25.0/27.3 CapLeft: -2.3,,,25.0,27.340424,52.340424,-2.3404239999999987,50.0,0.06249999999999978,49.9375,0.97,0.030000000000000027,2.6595760000000013,0.47,0.54,0.010000000000000009,5.0,0.050000000000000044,0.05,OK
1765989831.4568703,eth-updown-15m-1765989000,1765989000.0,1765989900.0,,68.5431296825409,,,,,0,0,0.9800000000000001,0.98,ONE_LEG_INVENTORY,,,,,,,,,,,,,,0,5.0,,,,,,,,,,,,,,,,,,,,CAP_FULL,,,,,,,,25.0,27.340424,,,,,0,0,,,Inv: 25.0/27.3 CapLeft: -2.3,,,25.0,27.340424,52.340424,-2.3404239999999987,50.0,0.06249999999999978,49.9375,0.97,0.030000000000000027,2.6595760000000013,0.47,0.54,0.010000000000000009,5.0,0.050000000000000044,0.05,OK
1765989831.9412625,eth-updown-15m-1765989000,1765989000.0,1765989900.0,,68.0587375164032,,,,,0,0,0.9,0.98,ORDERS_OPEN,,,,,,,,,,,,,,0,5,,,,,,,,,,,,,,,,,,,,,,,,,,,,0.0,0.0,,,,,0,0,,,Inv: 0.0/0.0 CapLeft: 50.0,,,0.0,0.0,0.0,50.0,50.0,0.0,50.0,0.9,0.09999999999999998,0.0,0.0,0.0,0.0,0.0,0.0,0.0,
1765989833.4423106,eth-updown-15m-1765989000,1765989000.0,1765989900.0,,66.55768942832947,,,,,0,0,0.9,0.98,ORDERS_OPEN,,,,,,,,,,,,,,0,5,,,,,,,,,,,,,,,,,,,,,,,,,,,,0.0,0.0,,,,,0,0,,,Inv: 0.0/0.0 CapLeft: 50.0,,,0.0,0.0,0.0,50.0,50.0,0.0,50.0,0.9,0.09999999999999998,0.0,0.0,0.0,0.0,0.0,0.0,0.0,
1765989833.4062376,eth-updown-15m-1765989000,1765989000.0,1765989900.0,,66.59376239776611,,,,,0,0,0.99,0.98,ONE_LEG_INVENTORY,,,,,,,,,,,,,,0,5.0,,,,,,,,,,,,,,,,,,,,CAP_FULL,,,,,,,,25.0,27.340424,,,,,0,0,,,Inv: 25.0/27.3 CapLeft: -2.3,,,25.0,27.340424,52.340424,-2.3404239999999987,50.0,0.06249999999999978,49.9375,0.97,0.030000000000000027,2.6595760000000013,0.47,0.54,0.010000000000000009,5.0,0.050000000000000044,0.05,OK
1765989833.4062376,eth-updown-15m-1765989000,1765989000.0,1765989900.0,,66.59376239776611,,,,,0,0,0.99,0.98,ONE_LEG_INVENTORY,,,,,,,,,,,,,,0,5.0,,,,,,,,,,,,,,,,,,,,CAP_FULL,,,,,,,,25.0,27.340424,,,,,0,0,,,Inv: 25.0/27.3 CapLeft: -2.3,,,25.0,27.340424,52.340424,-2.3404239999999987,50.0,0.06249999999999978,49.9375,0.97,0.030000000000000027,2.6595760000000013,0.47,0.54,0.010000000000000009,5.0,0.050000000000000044,0.05,OK
1765989834.9443436,eth-updown-15m-1765989000,1765989000.0,1765989900.0,,65.05565643310547,,,,,0,0,0.9,0.98,ORDERS_OPEN,,,,,,,,,,,,,,0,5,,,,,,,,,,,,,,,,,,,,,,,,,,,,0.0,0.0,,,,,0,0,,,Inv: 0.0/0.0 CapLeft: 50.0,,,0.0,0.0,0.0,50.0,50.0,0.0,50.0,0.9,0.09999999999999998,0.0,0.0,0.0,0.0,0.0,0.0,0.0,
1765989835.3450909,eth-updown-15m-1765989000,1765989000.0,1765989900.0,,64.65490913391113,,,,,0,0,0.99,0.98,ONE_LEG_INVENTORY,,,,,,,,,,,,,,0,5.0,,,,,,,,,,,,,,,,,,,,CAP_FULL,,,,,,,,25.0,27.340424,,,,,0,0,,,Inv: 25.0/27.3 CapLeft: -2.3,,,25.0,27.340424,52.340424,-2.3404239999999987,50.0,0.06249999999999978,49.9375,0.97,0.030000000000000027,2.6595760000000013,0.47,0.54,0.010000000000000009,5.0,0.050000000000000044,0.05,OK
1765989835.3450909,eth-updown-15m-1765989000,1765989000.0,1765989900.0,,64.65490913391113,,,,,0,0,0.99,0.98,ONE_LEG_INVENTORY,,,,,,,,,,,,,,0,5.0,,,,,,,,,,,,,,,,,,,,CAP_FULL,,,,,,,,25.0,27.340424,,,,,0,0,,,Inv: 25.0/27.3 CapLeft: -2.3,,,25.0,27.340424,52.340424,-2.3404239999999987,50.0,0.06249999999999978,49.9375,0.97,0.030000000000000027,2.6595760000000013,0.47,0.54,0.010000000000000009,5.0,0.050000000000000044,0.05,OK
1765989836.445747,eth-updown-15m-1765989000,1765989000.0,1765989900.0,,63.55425310134888,,,,,0,0,0.9,0.98,ORDERS_OPEN,,,,,,,,,,,,,,0,5,,,,,,,,,,,,,,,,,,,,,,,,,,,,0.0,0.0,,,,,0,0,,,Inv: 0.0/0.0 CapLeft: 50.0,,,0.0,0.0,0.0,50.0,50.0,0.0,50.0,0.9,0.09999999999999998,0.0,0.0,0.0,0.0,0.0,0.0,0.0,
1765989837.264121,eth-updown-15m-1765989000,1765989000.0,1765989900.0,,62.73587894439697,,,,,0,0,0.96,0.98,ONE_LEG_INVENTORY,,,,,,,,,,,,,,0,5.0,,,,,,,,,,,,,,,,,,,,CAP_FULL,,,,,,,,25.0,27.340424,,,,,0,0,,,Inv: 25.0/27.3 CapLeft: -2.3,,,25.0,27.340424,52.340424,-2.3404239999999987,50.0,0.06249999999999978,49.9375,0.97,0.030000000000000027,2.6595760000000013,0.47,0.54,0.010000000000000009,5.0,0.050000000000000044,0.05,OK
1765989837.264121,eth-updown-15m-1765989000,1765989000.0,1765989900.0,,62.73587894439697,,,,,0,0,0.96,0.98,ONE_LEG_INVENTORY,,,,,,,,,,,,,,0,5.0,,,,,,,,,,,,,,,,,,,,CAP_FULL,,,,,,,,25.0,27.340424,,,,,0,0,,,Inv: 25.0/27.3 CapLeft: -2.3,,,25.0,27.340424,52.340424,-2.3404239999999987,50.0,0.06249999999999978,49.9375,0.97,0.030000000000000027,2.6595760000000013,0.47,0.54,0.010000000000000009,5.0,0.050000000000000044,0.05,OK
1765989837.9476037,eth-updown-15m-1765989000,1765989000.0,1765989900.0,,62.052396297454834,,,,,0,0,0.9,0.98,ORDERS_OPEN,,,,,,,,,,,,,,0,5,,,,,,,,,,,,,,,,,,,,,,,,,,,,0.0,0.0,,,,,0,0,,,Inv: 0.0/0.0 CapLeft: 50.0,,,0.0,0.0,0.0,50.0,50.0,0.0,50.0,0.9,0.09999999999999998,0.0,0.0,0.0,0.0,0.0,0.0,0.0,
1765989839.4490385,eth-updown-15m-1765989000,1765989000.0,1765989900.0,,60.5509614944458,,,,,0,0,0.9,0.98,ORDERS_OPEN,,,,,,,,,,,,,,0,5,,,,,,,,,,,,,,,,,,,,,,,,,,,,0.0,0.0,,,,,0,0,,,Inv: 0.0/0.0 CapLeft: 50.0,,,0.0,0.0,0.0,50.0,50.0,0.0,50.0,0.9,0.09999999999999998,0.0,0.0,0.0,0.0,0.0,0.0,0.0,
1765989839.223423,eth-updown-15m-1765989000,1765989000.0,1765989900.0,,60.77657699584961,,,,,0,0,0.98,0.98,ONE_LEG_INVENTORY,,,,,,,,,,,,,,0,5.0,,,,,,,,,,,,,,,,,,,,CAP_FULL,,,,,,,,25.0,27.340424,,,,,0,0,,,Inv: 25.0/27.3 CapLeft: -2.3,,,25.0,27.340424,52.340424,-2.3404239999999987,50.0,0.06249999999999978,49.9375,0.97,0.030000000000000027,2.6595760000000013,0.47,0.54,0.010000000000000009,5.0,0.050000000000000044,0.05,OK
1765989839.223423,eth-updown-15m-1765989000,1765989000.0,1765989900.0,,60.77657699584961,,,,,0,0,0.98,0.98,ONE_LEG_INVENTORY,,,,,,,,,,,,,,0,5.0,,,,,,,,,,,,,,,,,,,,CAP_FULL,,,,,,,,25.0,27.340424,,,,,0,0,,,Inv: 25.0/27.3 CapLeft: -2.3,,,25.0,27.340424,52.340424,-2.3404239999999987,50.0,0.06249999999999978,49.9375,0.97,0.030000000000000027,2.6595760000000013,0.47,0.54,0.010000000000000009,5.0,0.050000000000000044,0.05,OK
1765989840.9504988,eth-updown-15m-1765989000,1765989000.0,1765989900.0,,59.049501180648804,,,,,0,0,0.9,0.98,ORDERS_OPEN,,,,,,,,,,,,,,0,5,,,,,,,,,,,,,,,,,,,,,,,,,,,,0.0,0.0,,,,,0,0,,,Inv: 0.0/0.0 CapLeft: 50.0,,,0.0,0.0,0.0,50.0,50.0,0.0,50.0,0.9,0.09999999999999998,0.0,0.0,0.0,0.0,0.0,0.0,0.0,
1765989841.1722481,eth-updown-15m-1765989000,1765989000.0,1765989900.0,,58.827751874923706,,,,,0,0,0.98,0.98,ONE_LEG_INVENTORY,,,,,,,,,,,,,,0,5.0,,,,,,,,,,,,,,,,,,,,CAP_FULL,,,,,,,,25.0,27.340424,,,,,0,0,,,Inv: 25.0/27.3 CapLeft: -2.3,,,25.0,27.340424,52.340424,-2.3404239999999987,50.0,0.06249999999999978,49.9375,0.97,0.030000000000000027,2.6595760000000013,0.47,0.54,0.010000000000000009,5.0,0.050000000000000044,0.05,OK
1765989841.1722481,eth-updown-15m-1765989000,1765989000.0,1765989900.0,,58.827751874923706,,,,,0,0,0.98,0.98,ONE_LEG_INVENTORY,,,,,,,,,,,,,,0,5.0,,,,,,,,,,,,,,,,,,,,CAP_FULL,,,,,,,,25.0,27.340424,,,,,0,0,,,Inv: 25.0/27.3 CapLeft: -2.3,,,25.0,27.340424,52.340424,-2.3404239999999987,50.0,0.06249999999999978,49.9375,0.97,0.030000000000000027,2.6595760000000013,0.47,0.54,0.010000000000000009,5.0,0.050000000000000044,0.05,OK
1765989842.451999,eth-updown-15m-1765989000,1765989000.0,1765989900.0,,57.5480010509491,,,,,0,0,0.9,0.98,ORDERS_OPEN,,,,,,,,,,,,,,0,5,,,,,,,,,,,,,,,,,,,,,,,,,,,,0.0,0.0,,,,,0,0,,,Inv: 0.0/0.0 CapLeft: 50.0,,,0.0,0.0,0.0,50.0,50.0,0.0,50.0,0.9,0.09999999999999998,0.0,0.0,0.0,0.0,0.0,0.0,0.0,
1765989843.1417613,eth-updown-15m-1765989000,1765989000.0,1765989900.0,,56.858238697052,,,,,0,0,0.98,0.98,ONE_LEG_INVENTORY,,,,,,,,,,,,,,0,5.0,,,,,,,,,,,,,,,,,,,,CAP_FULL,,,,,,,,25.0,27.340424,,,,,0,0,,,Inv: 25.0/27.3 CapLeft: -2.3,,,25.0,27.340424,52.340424,-2.3404239999999987,50.0,0.06249999999999978,49.9375,0.97,0.030000000000000027,2.6595760000000013,0.47,0.54,0.010000000000000009,5.0,0.050000000000000044,0.05,OK
1765989843.1417613,eth-updown-15m-1765989000,1765989000.0,1765989900.0,,56.858238697052,,,,,0,0,0.98,0.98,ONE_LEG_INVENTORY,,,,,,,,,,,,,,0,5.0,,,,,,,,,,,,,,,,,,,,CAP_FULL,,,,,,,,25.0,27.340424,,,,,0,0,,,Inv: 25.0/27.3 CapLeft: -2.3,,,25.0,27.340424,52.340424,-2.3404239999999987,50.0,0.06249999999999978,49.9375,0.97,0.030000000000000027,2.6595760000000013,0.47,0.54,0.010000000000000009,5.0,0.050000000000000044,0.05,OK
1765989845.4553244,eth-updown-15m-1765989000,1765989000.0,1765989900.0,,54.54467558860779,,,,,0.45,0.45,0.9,0.98,ORDERS_OPEN,,,,,,,,,,,,,,5,5,,,,,,,,,,,,,,,,,,,,Leg:BOTH UP:5 DOWN:5,,,,,,,,0.0,0.0,,,,,0,0,,,Inv: 0.0/0.0 CapLeft: 50.0,,,0.0,0.0,0.0,50.0,50.0,0.0,50.0,0.9,0.09999999999999998,0.0,0.0,0.0,0.0,0.0,0.0,0.0,
1765989845.0796125,eth-updown-15m-1765989000,1765989000.0,1765989900.0,,54.920387506484985,,,,,0,0,0.95,0.98,ONE_LEG_INVENTORY,,,,,,,,,,,,,,0,5.0,,,,,,,,,,,,,,,,,,,,CAP_FULL,,,,,,,,25.0,27.340424,,,,,0,0,,,Inv: 25.0/27.3 CapLeft: -2.3,,,25.0,27.340424,52.340424,-2.3404239999999987,50.0,0.06249999999999978,49.9375,0.97,0.030000000000000027,2.6595760000000013,0.47,0.54,0.010000000000000009,5.0,0.050000000000000044,0.05,OK
1765989845.0796125,eth-updown-15m-1765989000,1765989000.0,1765989900.0,,54.920387506484985,,,,,0,0,0.95,0.98,ONE_LEG_INVENTORY,,,,,,,,,,,,,,0,5.0,,,,,,,,,,,,,,,,,,,,CAP_FULL,,,,,,,,25.0,27.340424,,,,,0,0,,,Inv: 25.0/27.3 CapLeft: -2.3,,,25.0,27.340424,52.340424,-2.3404239999999987,50.0,0.06249999999999978,49.9375,0.97,0.030000000000000027,2.6595760000000013,0.47,0.54,0.010000000000000009,5.0,0.050000000000000044,0.05,OK
1765989846.9568686,eth-updown-15m-1765989000,1765989000.0,1765989900.0,,53.04313135147095,,,,,0,0,0.9,0.98,ORDERS_OPEN,,,,,,,,,,,,,,0,5,,,,,,,,,,,,,,,,,,,,,,,,,,,,0.0,0.0,,,,,0,0,,,Inv: 0.0/0.0 CapLeft: 50.0,,,0.0,0.0,0.0,50.0,50.0,0.0,50.0,0.9,0.09999999999999998,0.0,0.0,0.0,0.0,0.0,0.0,0.0,
1765989847.023856,eth-updown-15m-1765989000,1765989000.0,1765989900.0,,52.97614407539368,,,,,0,0,0.96,0.98,ONE_LEG_INVENTORY,,,,,,,,,,,,,,0,5.0,,,,,,,,,,,,,,,,,,,,CAP_FULL,,,,,,,,25.0,27.340424,,,,,0,0,,,Inv: 25.0/27.3 CapLeft: -2.3,,,25.0,27.340424,52.340424,-2.3404239999999987,50.0,0.06249999999999978,49.9375,0.97,0.030000000000000027,2.6595760000000013,0.47,0.54,0.010000000000000009,5.0,0.050000000000000044,0.05,OK
1765989847.023856,eth-updown-15m-1765989000,1765989000.0,1765989900.0,,52.97614407539368,,,,,0,0,0.96,0.98,ONE_LEG_INVENTORY,,,,,,,,,,,,,,0,5.0,,,,,,,,,,,,,,,,,,,,CAP_FULL,,,,,,,,25.0,27.340424,,,,,0,0,,,Inv: 25.0/27.3 CapLeft: -2.3,,,25.0,27.340424,52.340424,-2.3404239999999987,50.0,0.06249999999999978,49.9375,0.97,0.030000000000000027,2.6595760000000013,0.47,0.54,0.010000000000000009,5.0,0.050000000000000044,0.05,OK
1765989848.4581292,eth-updown-15m-1765989000,1765989000.0,1765989900.0,,51.54187083244324,,,,,0,0,0.9,0.98,ORDERS_OPEN,,,,,,,,,,,,,,0,5,,,,,,,,,,,,,,,,,,,,,,,,,,,,0.0,0.0,,,,,0,0,,,Inv: 0.0/0.0 CapLeft: 50.0,,,0.0,0.0,0.0,50.0,50.0,0.0,50.0,0.9,0.09999999999999998,0.0,0.0,0.0,0.0,0.0,0.0,0.0,
1765989848.9915938,eth-updown-15m-1765989000,1765989000.0,1765989900.0,,51.00840616226196,,,,,0,0,0.95,0.98,ONE_LEG_INVENTORY,,,,,,,,,,,,,,0,5.0,,,,,,,,,,,,,,,,,,,,CAP_FULL,,,,,,,,25.0,27.340424,,,,,0,0,,,Inv: 25.0/27.3 CapLeft: -2.3,,,25.0,27.340424,52.340424,-2.3404239999999987,50.0,0.06249999999999978,49.9375,0.97,0.030000000000000027,2.6595760000000013,0.47,0.54,0.010000000000000009,5.0,0.050000000000000044,0.05,OK
1765989848.9915938,eth-updown-15m-1765989000,1765989000.0,1765989900.0,,51.00840616226196,,,,,0,0,0.95,0.98,ONE_LEG_INVENTORY,,,,,,,,,,,,,,0,5.0,,,,,,,,,,,,,,,,,,,,CAP_FULL,,,,,,,,25.0,27.340424,,,,,0,0,,,Inv: 25.0/27.3 CapLeft: -2.3,,,25.0,27.340424,52.340424,-2.3404239999999987,50.0,0.06249999999999978,49.9375,0.97,0.030000000000000027,2.6595760000000013,0.47,0.54,0.010000000000000009,5.0,0.050000000000000044,0.05,OK
1765989849.9599361,eth-updown-15m-1765989000,1765989000.0,1765989900.0,,50.04006385803223,,,,,0,0,0.9,0.98,ORDERS_OPEN,,,,,,,,,,,,,,0,5,,,,,,,,,,,,,,,,,,,,,,,,,,,,0.0,0.0,,,,,0,0,,,Inv: 0.0/0.0 CapLeft: 50.0,,,0.0,0.0,0.0,50.0,50.0,0.0,50.0,0.9,0.09999999999999998,0.0,0.0,0.0,0.0,0.0,0.0,0.0,
1765989850.9077783,eth-updown-15m-1765989000,1765989000.0,1765989900.0,,49.09222173690796,,,,,0,0,0.95,0.98,ONE_LEG_INVENTORY,,,,,,,,,,,,,,0,5.0,,,,,,,,,,,,,,,,,,,,CAP_FULL,,,,,,,,25.0,27.340424,,,,,0,0,,,Inv: 25.0/27.3 CapLeft: -2.3,,,25.0,27.340424,52.340424,-2.3404239999999987,50.0,0.06249999999999978,49.9375,0.97,0.030000000000000027,2.6595760000000013,0.47,0.54,0.010000000000000009,5.0,0.050000000000000044,0.05,OK
1765989850.9077783,eth-updown-15m-1765989000,1765989000.0,1765989900.0,,49.09222173690796,,,,,0,0,0.95,0.98,ONE_LEG_INVENTORY,,,,,,,,,,,,,,0,5.0,,,,,,,,,,,,,,,,,,,,CAP_FULL,,,,,,,,25.0,27.340424,,,,,0,0,,,Inv: 25.0/27.3 CapLeft: -2.3,,,25.0,27.340424,52.340424,-2.3404239999999987,50.0,0.06249999999999978,49.9375,0.97,0.030000000000000027,2.6595760000000013,0.47,0.54,0.010000000000000009,5.0,0.050000000000000044,0.05,OK
1765989851.461496,eth-updown-15m-1765989000,1765989000.0,1765989900.0,,48.538503885269165,,,,,0,0,0.9,0.98,ORDERS_OPEN,,,,,,,,,,,,,,0,5,,,,,,,,,,,,,,,,,,,,,,,,,,,,0.0,0.0,,,,,0,0,,,Inv: 0.0/0.0 CapLeft: 50.0,,,0.0,0.0,0.0,50.0,50.0,0.0,50.0,0.9,0.09999999999999998,0.0,0.0,0.0,0.0,0.0,0.0,0.0,
1765989852.9636958,eth-updown-15m-1765989000,1765989000.0,1765989900.0,,47.036304235458374,,,,,0,0,0.9,0.98,ORDERS_OPEN,,,,,,,,,,,,,,0,5,,,,,,,,,,,,,,,,,,,,,,,,,,,,0.0,0.0,,,,,0,0,,,Inv: 0.0/0.0 CapLeft: 50.0,,,0.0,0.0,0.0,50.0,50.0,0.0,50.0,0.9,0.09999999999999998,0.0,0.0,0.0,0.0,0.0,0.0,0.0,
1765989852.8471897,eth-updown-15m-1765989000,1765989000.0,1765989900.0,,47.1528103351593,,,,,0,0,0.99,0.98,ONE_LEG_INVENTORY,,,,,,,,,,,,,,0,5.0,,,,,,,,,,,,,,,,,,,,CAP_FULL,,,,,,,,25.0,27.340424,,,,,0,0,,,Inv: 25.0/27.3 CapLeft: -2.3,,,25.0,27.340424,52.340424,-2.3404239999999987,50.0,0.06249999999999978,49.9375,0.97,0.030000000000000027,2.6595760000000013,0.47,0.54,0.010000000000000009,5.0,0.050000000000000044,0.05,OK
1765989852.8471897,eth-updown-15m-1765989000,1765989000.0,1765989900.0,,47.1528103351593,,,,,0,0,0.99,0.98,ONE_LEG_INVENTORY,,,,,,,,,,,,,,0,5.0,,,,,,,,,,,,,,,,,,,,CAP_FULL,,,,,,,,25.0,27.340424,,,,,0,0,,,Inv: 25.0/27.3 CapLeft: -2.3,,,25.0,27.340424,52.340424,-2.3404239999999987,50.0,0.06249999999999978,49.9375,0.97,0.030000000000000027,2.6595760000000013,0.47,0.54,0.010000000000000009,5.0,0.050000000000000044,0.05,OK
1765989854.464933,eth-updown-15m-1765989000,1765989000.0,1765989900.0,,45.535067081451416,,,,,0,0,0.9,0.98,ORDERS_OPEN,,,,,,,,,,,,,,0,5,,,,,,,,,,,,,,,,,,,,,,,,,,,,0.0,0.0,,,,,0,0,,,Inv: 0.0/0.0 CapLeft: 50.0,,,0.0,0.0,0.0,50.0,50.0,0.0,50.0,0.9,0.09999999999999998,0.0,0.0,0.0,0.0,0.0,0.0,0.0,
1765989854.7788255,eth-updown-15m-1765989000,1765989000.0,1765989900.0,,45.221174478530884,,,,,0,0,0.97,0.98,ONE_LEG_INVENTORY,,,,,,,,,,,,,,0,5.0,,,,,,,,,,,,,,,,,,,,CAP_FULL,,,,,,,,25.0,27.340424,,,,,0,0,,,Inv: 25.0/27.3 CapLeft: -2.3,,,25.0,27.340424,52.340424,-2.3404239999999987,50.0,0.06249999999999978,49.9375,0.97,0.030000000000000027,2.6595760000000013,0.47,0.54,0.010000000000000009,5.0,0.050000000000000044,0.05,OK
1765989854.7788255,eth-updown-15m-1765989000,1765989000.0,1765989900.0,,45.221174478530884,,,,,0,0,0.97,0.98,ONE_LEG_INVENTORY,,,,,,,,,,,,,,0,5.0,,,,,,,,,,,,,,,,,,,,CAP_FULL,,,,,,,,25.0,27.340424,,,,,0,0,,,Inv: 25.0/27.3 CapLeft: -2.3,,,25.0,27.340424,52.340424,-2.3404239999999987,50.0,0.06249999999999978,49.9375,0.97,0.030000000000000027,2.6595760000000013,0.47,0.54,0.010000000000000009,5.0,0.050000000000000044,0.05,OK
1765989855.9660606,eth-updown-15m-1765989000,1765989000.0,1765989900.0,,44.033939361572266,,,,,0,0,0.9,0.98,ORDERS_OPEN,,,,,,,,,,,,,,0,5,,,,,,,,,,,,,,,,,,,,,,,,,,,,0.0,0.0,,,,,0,0,,,Inv: 0.0/0.0 CapLeft: 50.0,,,0.0,0.0,0.0,50.0,50.0,0.0,50.0,0.9,0.09999999999999998,0.0,0.0,0.0,0.0,0.0,0.0,0.0,
1765989856.7385252,eth-updown-15m-1765989000,1765989000.0,1765989900.0,,43.26147484779358,,,,,0,0,0.9800000000000001,0.98,ONE_LEG_INVENTORY,,,,,,,,,,,,,,0,5.0,,,,,,,,,,,,,,,,,,,,CAP_FULL,,,,,,,,25.0,27.340424,,,,,0,0,,,Inv: 25.0/27.3 CapLeft: -2.3,,,25.0,27.340424,52.340424,-2.3404239999999987,50.0,0.06249999999999978,49.9375,0.97,0.030000000000000027,2.6595760000000013,0.47,0.54,0.010000000000000009,5.0,0.050000000000000044,0.05,OK
1765989856.7385252,eth-updown-15m-1765989000,1765989000.0,1765989900.0,,43.26147484779358,,,,,0,0,0.9800000000000001,0.98,ONE_LEG_INVENTORY,,,,,,,,,,,,,,0,5.0,,,,,,,,,,,,,,,,,,,,CAP_FULL,,,,,,,,25.0,27.340424,,,,,0,0,,,Inv: 25.0/27.3 CapLeft: -2.3,,,25.0,27.340424,52.340424,-2.3404239999999987,50.0,0.06249999999999978,49.9375,0.97,0.030000000000000027,2.6595760000000013,0.47,0.54,0.010000000000000009,5.0,0.050000000000000044,0.05,OK
1765989857.4672155,eth-updown-15m-1765989000,1765989000.0,1765989900.0,,42.5327844619751,,,,,0,0,0.9,0.98,ORDERS_OPEN,,,,,,,,,,,,,,0,5,,,,,,,,,,,,,,,,,,,,,,,,,,,,0.0,0.0,,,,,0,0,,,Inv: 0.0/0.0 CapLeft: 50.0,,,0.0,0.0,0.0,50.0,50.0,0.0,50.0,0.9,0.09999999999999998,0.0,0.0,0.0,0.0,0.0,0.0,0.0,
1765989858.9683678,eth-updown-15m-1765989000,1765989000.0,1765989900.0,,41.0316321849823,,,,,0,0,0.9,0.98,ORDERS_OPEN,,,,,,,,,,,,,,0,5,,,,,,,,,,,,,,,,,,,,,,,,,,,,0.0,0.0,,,,,0,0,,,Inv: 0.0/0.0 CapLeft: 50.0,,,0.0,0.0,0.0,50.0,50.0,0.0,50.0,0.9,0.09999999999999998,0.0,0.0,0.0,0.0,0.0,0.0,0.0,
1765989858.7294886,eth-updown-15m-1765989000,1765989000.0,1765989900.0,,41.27051138877869,,,,,0,0,0.96,0.98,ONE_LEG_INVENTORY,,,,,,,,,,,,,,0,5.0,,,,,,,,,,,,,,,,,,,,CAP_FULL,,,,,,,,25.0,27.340424,,,,,0,0,,,Inv: 25.0/27.3 CapLeft: -2.3,,,25.0,27.340424,52.340424,-2.3404239999999987,50.0,0.06249999999999978,49.9375,0.97,0.030000000000000027,2.6595760000000013,0.47,0.54,0.010000000000000009,5.0,0.050000000000000044,0.05,OK
1765989858.7294886,eth-updown-15m-1765989000,1765989000.0,1765989900.0,,41.27051138877869,,,,,0,0,0.96,0.98,ONE_LEG_INVENTORY,,,,,,,,,,,,,,0,5.0,,,,,,,,,,,,,,,,,,,,CAP_FULL,,,,,,,,25.0,27.340424,,,,,0,0,,,Inv: 25.0/27.3 CapLeft: -2.3,,,25.0,27.340424,52.340424,-2.3404239999999987,50.0,0.06249999999999978,49.9375,0.97,0.030000000000000027,2.6595760000000013,0.47,0.54,0.010000000000000009,5.0,0.050000000000000044,0.05,OK
1765989860.663473,eth-updown-15m-1765989000,1765989000.0,1765989900.0,,39.33652710914612,,,,,0,0,0.9500000000000001,0.98,ONE_LEG_INVENTORY,,,,,,,,,,,,,,0,5.0,,,,,,,,,,,,,,,,,,,,CAP_FULL,,,,,,,,25.0,27.340424,,,,,0,0,,,Inv: 25.0/27.3 CapLeft: -2.3,,,25.0,27.340424,52.340424,-2.3404239999999987,50.0,0.06249999999999978,49.9375,0.97,0.030000000000000027,2.6595760000000013,0.47,0.54,0.010000000000000009,5.0,0.050000000000000044,0.05,OK
1765989860.663473,eth-updown-15m-1765989000,1765989000.0,1765989900.0,,39.33652710914612,,,,,0,0,0.9500000000000001,0.98,ONE_LEG_INVENTORY,,,,,,,,,,,,,,0,5.0,,,,,,,,,,,,,,,,,,,,CAP_FULL,,,,,,,,25.0,27.340424,,,,,0,0,,,Inv: 25.0/27.3 CapLeft: -2.3,,,25.0,27.340424,52.340424,-2.3404239999999987,50.0,0.06249999999999978,49.9375,0.97,0.030000000000000027,2.6595760000000013,0.47,0.54,0.010000000000000009,5.0,0.050000000000000044,0.05,OK
1765989861.970503,eth-updown-15m-1765989000,1765989000.0,1765989900.0,,38.029496908187866,,,,,0.45,0.45,0.9,0.98,ORDERS_OPEN,,,,,,,,,,,,,,5,5,,,,,,,,,,,,,,,,,,,,Leg:BOTH UP:5 DOWN:5,,,,,,,,0.0,0.0,,,,,0,0,,,Inv: 0.0/0.0 CapLeft: 50.0,,,0.0,0.0,0.0,50.0,50.0,0.0,50.0,0.9,0.09999999999999998,0.0,0.0,0.0,0.0,0.0,0.0,0.0,
1765989862.6027157,eth-updown-15m-1765989000,1765989000.0,1765989900.0,,37.397284269332886,,,,,0,0,0.96,0.98,ONE_LEG_INVENTORY,,,,,,,,,,,,,,0,5.0,,,,,,,,,,,,,,,,,,,,CAP_FULL,,,,,,,,25.0,27.340424,,,,,0,0,,,Inv: 25.0/27.3 CapLeft: -2.3,,,25.0,27.340424,52.340424,-2.3404239999999987,50.0,0.06249999999999978,49.9375,0.97,0.030000000000000027,2.6595760000000013,0.47,0.54,0.010000000000000009,5.0,0.050000000000000044,0.05,OK
1765989862.6027157,eth-updown-15m-1765989000,1765989000.0,1765989900.0,,37.397284269332886,,,,,0,0,0.96,0.98,ONE_LEG_INVENTORY,,,,,,,,,,,,,,0,5.0,,,,,,,,,,,,,,,,,,,,CAP_FULL,,,,,,,,25.0,27.340424,,,,,0,0,,,Inv: 25.0/27.3 CapLeft: -2.3,,,25.0,27.340424,52.340424,-2.3404239999999987,50.0,0.06249999999999978,49.9375,0.97,0.030000000000000027,2.6595760000000013,0.47,0.54,0.010000000000000009,5.0,0.050000000000000044,0.05,OK
1765989863.4723995,eth-updown-15m-1765989000,1765989000.0,1765989900.0,,36.52760052680969,,,,,0,0,0.9,0.98,ORDERS_OPEN,,,,,,,,,,,,,,0,5,,,,,,,,,,,,,,,,,,,,,,,,,,,,0.0,0.0,,,,,0,0,,,Inv: 0.0/0.0 CapLeft: 50.0,,,0.0,0.0,0.0,50.0,50.0,0.0,50.0,0.9,0.09999999999999998,0.0,0.0,0.0,0.0,0.0,0.0,0.0,
1765989864.973492,eth-updown-15m-1765989000,1765989000.0,1765989900.0,,35.02650809288025,,,,,0,0,0.9,0.98,ORDERS_OPEN,,,,,,,,,,,,,,0,5,,,,,,,,,,,,,,,,,,,,,,,,,,,,0.0,0.0,,,,,0,0,,,Inv: 0.0/0.0 CapLeft: 50.0,,,0.0,0.0,0.0,50.0,50.0,0.0,50.0,0.9,0.09999999999999998,0.0,0.0,0.0,0.0,0.0,0.0,0.0,
1765989864.5615795,eth-updown-15m-1765989000,1765989000.0,1765989900.0,,35.43842053413391,,,,,0,0,0.98,0.98,ONE_LEG_INVENTORY,,,,,,,,,,,,,,0,5.0,,,,,,,,,,,,,,,,,,,,CAP_FULL,,,,,,,,25.0,27.340424,,,,,0,0,,,Inv: 25.0/27.3 CapLeft: -2.3,,,25.0,27.340424,52.340424,-2.3404239999999987,50.0,0.06249999999999978,49.9375,0.97,0.030000000000000027,2.6595760000000013,0.47,0.54,0.010000000000000009,5.0,0.050000000000000044,0.05,OK
1765989864.5615795,eth-updown-15m-1765989000,1765989000.0,1765989900.0,,35.43842053413391,,,,,0,0,0.98,0.98,ONE_LEG_INVENTORY,,,,,,,,,,,,,,0,5.0,,,,,,,,,,,,,,,,,,,,CAP_FULL,,,,,,,,25.0,27.340424,,,,,0,0,,,Inv: 25.0/27.3 CapLeft: -2.3,,,25.0,27.340424,52.340424,-2.3404239999999987,50.0,0.06249999999999978,49.9375,0.97,0.030000000000000027,2.6595760000000013,0.47,0.54,0.010000000000000009,5.0,0.050000000000000044,0.05,OK
1765989866.4750884,eth-updown-15m-1765989000,1765989000.0,1765989900.0,,33.524911642074585,,,,,0,0,0.9,0.98,ORDERS_OPEN,,,,,,,,,,,,,,0,5,,,,,,,,,,,,,,,,,,,,,,,,,,,,0.0,0.0,,,,,0,0,,,Inv: 0.0/0.0 CapLeft: 50.0,,,0.0,0.0,0.0,50.0,50.0,0.0,50.0,0.9,0.09999999999999998,0.0,0.0,0.0,0.0,0.0,0.0,0.0,
1765989866.5464983,eth-updown-15m-1765989000,1765989000.0,1765989900.0,,33.45350170135498,,,,,0,0,0.99,0.98,ONE_LEG_INVENTORY,,,,,,,,,,,,,,0,5.0,,,,,,,,,,,,,,,,,,,,CAP_FULL,,,,,,,,25.0,27.340424,,,,,0,0,,,Inv: 25.0/27.3 CapLeft: -2.3,,,25.0,27.340424,52.340424,-2.3404239999999987,50.0,0.06249999999999978,49.9375,0.97,0.030000000000000027,2.6595760000000013,0.47,0.54,0.010000000000000009,5.0,0.050000000000000044,0.05,OK
1765989866.5464983,eth-updown-15m-1765989000,1765989000.0,1765989900.0,,33.45350170135498,,,,,0,0,0.99,0.98,ONE_LEG_INVENTORY,,,,,,,,,,,,,,0,5.0,,,,,,,,,,,,,,,,,,,,CAP_FULL,,,,,,,,25.0,27.340424,,,,,0,0,,,Inv: 25.0/27.3 CapLeft: -2.3,,,25.0,27.340424,52.340424,-2.3404239999999987,50.0,0.06249999999999978,49.9375,0.97,0.030000000000000027,2.6595760000000013,0.47,0.54,0.010000000000000009,5.0,0.050000000000000044,0.05,OK
1765989867.9768336,eth-updown-15m-1765989000,1765989000.0,1765989900.0,,32.02316641807556,,,,,0,0,0.9,0.98,ORDERS_OPEN,,,,,,,,,,,,,,0,5,,,,,,,,,,,,,,,,,,,,,,,,,,,,0.0,0.0,,,,,0,0,,,Inv: 0.0/0.0 CapLeft: 50.0,,,0.0,0.0,0.0,50.0,50.0,0.0,50.0,0.9,0.09999999999999998,0.0,0.0,0.0,0.0,0.0,0.0,0.0,
1765989868.5077956,eth-updown-15m-1765989000,1765989000.0,1765989900.0,,31.492204427719116,,,,,0,0,0.99,0.98,ONE_LEG_INVENTORY,,,,,,,,,,,,,,0,5.0,,,,,,,,,,,,,,,,,,,,CAP_FULL,,,,,,,,25.0,27.340424,,,,,0,0,,,Inv: 25.0/27.3 CapLeft: -2.3,,,25.0,27.340424,52.340424,-2.3404239999999987,50.0,0.06249999999999978,49.9375,0.97,0.030000000000000027,2.6595760000000013,0.47,0.54,0.010000000000000009,5.0,0.050000000000000044,0.05,OK
1765989868.5077956,eth-updown-15m-1765989000,1765989000.0,1765989900.0,,31.492204427719116,,,,,0,0,0.99,0.98,ONE_LEG_INVENTORY,,,,,,,,,,,,,,0,5.0,,,,,,,,,,,,,,,,,,,,CAP_FULL,,,,,,,,25.0,27.340424,,,,,0,0,,,Inv: 25.0/27.3 CapLeft: -2.3,,,25.0,27.340424,52.340424,-2.3404239999999987,50.0,0.06249999999999978,49.9375,0.97,0.030000000000000027,2.6595760000000013,0.47,0.54,0.010000000000000009,5.0,0.050000000000000044,0.05,OK
1765989869.4790258,eth-updown-15m-1765989000,1765989000.0,1765989900.0,,30.520974159240723,,,,,0,0,0.9,0.98,ORDERS_OPEN,,,,,,,,,,,,,,0,5,,,,,,,,,,,,,,,,,,,,,,,,,,,,0.0,0.0,,,,,0,0,,,Inv: 0.0/0.0 CapLeft: 50.0,,,0.0,0.0,0.0,50.0,50.0,0.0,50.0,0.9,0.09999999999999998,0.0,0.0,0.0,0.0,0.0,0.0,0.0,
1765989870.9803512,eth-updown-15m-1765989000,1765989000.0,1765989900.0,,29.019648790359497,,,,,0,0,0.9,0.98,ORDERS_OPEN,,,,,,,,,,,,,,0,5,,,,,,,,,,,,,,,,,,,,,,,,,,,,0.0,0.0,,,,,0,0,,,Inv: 0.0/0.0 CapLeft: 50.0,,,0.0,0.0,0.0,50.0,50.0,0.0,50.0,0.9,0.09999999999999998,0.0,0.0,0.0,0.0,0.0,0.0,0.0,
1765989870.455372,eth-updown-15m-1765989000,1765989000.0,1765989900.0,,29.544627904891968,,,,,0,0,0.96,0.98,ONE_LEG_INVENTORY,,,,,,,,,,,,,,0,5.0,,,,,,,,,,,,,,,,,,,,CAP_FULL,,,,,,,,25.0,27.340424,,,,,0,0,,,Inv: 25.0/27.3 CapLeft: -2.3,,,25.0,27.340424,52.340424,-2.3404239999999987,50.0,0.06249999999999978,49.9375,0.97,0.030000000000000027,2.6595760000000013,0.47,0.54,0.010000000000000009,5.0,0.050000000000000044,0.05,OK
1765989870.455372,eth-updown-15m-1765989000,1765989000.0,1765989900.0,,29.544627904891968,,,,,0,0,0.96,0.98,ONE_LEG_INVENTORY,,,,,,,,,,,,,,0,5.0,,,,,,,,,,,,,,,,,,,,CAP_FULL,,,,,,,,25.0,27.340424,,,,,0,0,,,Inv: 25.0/27.3 CapLeft: -2.3,,,25.0,27.340424,52.340424,-2.3404239999999987,50.0,0.06249999999999978,49.9375,0.97,0.030000000000000027,2.6595760000000013,0.47,0.54,0.010000000000000009,5.0,0.050000000000000044,0.05,OK
1765989872.4820569,eth-updown-15m-1765989000,1765989000.0,1765989900.0,,27.517943143844604,,,,,0,0,0.9,0.98,ORDERS_OPEN,,,,,,,,,,,,,,0,5,,,,,,,,,,,,,,,,,,,,,,,,,,,,0.0,0.0,,,,,0,0,,,Inv: 0.0/0.0 CapLeft: 50.0,,,0.0,0.0,0.0,50.0,50.0,0.0,50.0,0.9,0.09999999999999998,0.0,0.0,0.0,0.0,0.0,0.0,0.0,
1765989872.5261157,eth-updown-15m-1765989000,1765989000.0,1765989900.0,,27.473884344100952,,,,,0,0,1.0,0.98,ONE_LEG_INVENTORY,,,,,,,,,,,,,,0,5.0,,,,,,,,,,,,,,,,,,,,CAP_FULL,,,,,,,,25.0,27.340424,,,,,0,0,,,Inv: 25.0/27.3 CapLeft: -2.3,,,25.0,27.340424,52.340424,-2.3404239999999987,50.0,0.06249999999999978,49.9375,0.97,0.030000000000000027,2.6595760000000013,0.47,0.54,0.010000000000000009,5.0,0.050000000000000044,0.05,OK
1765989872.5261157,eth-updown-15m-1765989000,1765989000.0,1765989900.0,,27.473884344100952,,,,,0,0,1.0,0.98,ONE_LEG_INVENTORY,,,,,,,,,,,,,,0,5.0,,,,,,,,,,,,,,,,,,,,CAP_FULL,,,,,,,,25.0,27.340424,,,,,0,0,,,Inv: 25.0/27.3 CapLeft: -2.3,,,25.0,27.340424,52.340424,-2.3404239999999987,50.0,0.06249999999999978,49.9375,0.97,0.030000000000000027,2.6595760000000013,0.47,0.54,0.010000000000000009,5.0,0.050000000000000044,0.05,OK
1765989873.983513,eth-updown-15m-1765989000,1765989000.0,1765989900.0,,26.016486883163452,,,,,0,0,0.9,0.98,ORDERS_OPEN,,,,,,,,,,,,,,0,5,,,,,,,,,,,,,,,,,,,,,,,,,,,,0.0,0.0,,,,,0,0,,,Inv: 0.0/0.0 CapLeft: 50.0,,,0.0,0.0,0.0,50.0,50.0,0.0,50.0,0.9,0.09999999999999998,0.0,0.0,0.0,0.0,0.0,0.0,0.0,
1765989874.6905394,eth-updown-15m-1765989000,1765989000.0,1765989900.0,,25.309460639953613,,,,,0,0,0.95,0.98,ONE_LEG_INVENTORY,,,,,,,,,,,,,,0,5.0,,,,,,,,,,,,,,,,,,,,CAP_FULL,,,,,,,,25.0,27.340424,,,,,0,0,,,Inv: 25.0/27.3 CapLeft: -2.3,,,25.0,27.340424,52.340424,-2.3404239999999987,50.0,0.06249999999999978,49.9375,0.97,0.030000000000000027,2.6595760000000013,0.47,0.54,0.010000000000000009,5.0,0.050000000000000044,0.05,OK
1765989874.6905394,eth-updown-15m-1765989000,1765989000.0,1765989900.0,,25.309460639953613,,,,,0,0,0.95,0.98,ONE_LEG_INVENTORY,,,,,,,,,,,,,,0,5.0,,,,,,,,,,,,,,,,,,,,CAP_FULL,,,,,,,,25.0,27.340424,,,,,0,0,,,Inv: 25.0/27.3 CapLeft: -2.3,,,25.0,27.340424,52.340424,-2.3404239999999987,50.0,0.06249999999999978,49.9375,0.97,0.030000000000000027,2.6595760000000013,0.47,0.54,0.010000000000000009,5.0,0.050000000000000044,0.05,OK
1765989875.4853454,eth-updown-15m-1765989000,1765989000.0,1765989900.0,,24.514654636383057,,,,,0,0,0.9,0.98,ORDERS_OPEN,,,,,,,,,,,,,,0,5,,,,,,,,,,,,,,,,,,,,,,,,,,,,0.0,0.0,,,,,0,0,,,Inv: 0.0/0.0 CapLeft: 50.0,,,0.0,0.0,0.0,50.0,50.0,0.0,50.0,0.9,0.09999999999999998,0.0,0.0,0.0,0.0,0.0,0.0,0.0,
1765989876.6533914,eth-updown-15m-1765989000,1765989000.0,1765989900.0,,23.346608638763428,,,,,0,0,0.9400000000000001,0.98,ONE_LEG_INVENTORY,,,,,,,,,,,,,,0,5.0,,,,,,,,,,,,,,,,,,,,CAP_FULL,,,,,,,,25.0,27.340424,,,,,0,0,,,Inv: 25.0/27.3 CapLeft: -2.3,,,25.0,27.340424,52.340424,-2.3404239999999987,50.0,0.06249999999999978,49.9375,0.97,0.030000000000000027,2.6595760000000013,0.47,0.54,0.010000000000000009,5.0,0.050000000000000044,0.05,OK
1765989876.6533914,eth-updown-15m-1765989000,1765989000.0,1765989900.0,,23.346608638763428,,,,,0,0,0.9400000000000001,0.98,ONE_LEG_INVENTORY,,,,,,,,,,,,,,0,5.0,,,,,,,,,,,,,,,,,,,,CAP_FULL,,,,,,,,25.0,27.340424,,,,,0,0,,,Inv: 25.0/27.3 CapLeft: -2.3,,,25.0,27.340424,52.340424,-2.3404239999999987,50.0,0.06249999999999978,49.9375,0.97,0.030000000000000027,2.6595760000000013,0.47,0.54,0.010000000000000009,5.0,0.050000000000000044,0.05,OK
1765989878.4879434,eth-updown-15m-1765989000,1765989000.0,1765989900.0,,21.512056589126587,,,,,0.45,0.45,0.9,0.98,ORDERS_OPEN,,,,,,,,,,,,,,5,5,,,,,,,,,,,,,,,,,,,,Leg:BOTH UP:5 DOWN:5,,,,,,,,0.0,0.0,,,,,0,0,,,Inv: 0.0/0.0 CapLeft: 50.0,,,0.0,0.0,0.0,50.0,50.0,0.0,50.0,0.9,0.09999999999999998,0.0,0.0,0.0,0.0,0.0,0.0,0.0,
1765989878.5908935,eth-updown-15m-1765989000,1765989000.0,1765989900.0,,21.409106492996216,,,,,0,0,0.96,0.98,ONE_LEG_INVENTORY,,,,,,,,,,,,,,0,5.0,,,,,,,,,,,,,,,,,,,,CAP_FULL,,,,,,,,25.0,27.340424,,,,,0,0,,,Inv: 25.0/27.3 CapLeft: -2.3,,,25.0,27.340424,52.340424,-2.3404239999999987,50.0,0.06249999999999978,49.9375,0.97,0.030000000000000027,2.6595760000000013,0.47,0.54,0.010000000000000009,5.0,0.050000000000000044,0.05,OK
1765989878.5908935,eth-updown-15m-1765989000,1765989000.0,1765989900.0,,21.409106492996216,,,,,0,0,0.96,0.98,ONE_LEG_INVENTORY,,,,,,,,,,,,,,0,5.0,,,,,,,,,,,,,,,,,,,,CAP_FULL,,,,,,,,25.0,27.340424,,,,,0,0,,,Inv: 25.0/27.3 CapLeft: -2.3,,,25.0,27.340424,52.340424,-2.3404239999999987,50.0,0.06249999999999978,49.9375,0.97,0.030000000000000027,2.6595760000000013,0.47,0.54,0.010000000000000009,5.0,0.050000000000000044,0.05,OK
1765989879.9897726,eth-updown-15m-1765989000,1765989000.0,1765989900.0,,20.01022744178772,,,,,0,0,0.9,0.98,ORDERS_OPEN,,,,,,,,,,,,,,0,5,,,,,,,,,,,,,,,,,,,,,,,,,,,,0.0,0.0,,,,,0,0,,,Inv: 0.0/0.0 CapLeft: 50.0,,,0.0,0.0,0.0,50.0,50.0,0.0,50.0,0.9,0.09999999999999998,0.0,0.0,0.0,0.0,0.0,0.0,0.0,
1765989880.510283,eth-updown-15m-1765989000,1765989000.0,1765989900.0,,19.48971700668335,,,,,0,0,1.08,0.98,ONE_LEG_INVENTORY,,,,,,,,,,,,,,0,5.0,,,,,,,,,,,,,,,,,,,,CAP_FULL,,,,,,,,25.0,27.340424,,,,,0,0,,,Inv: 25.0/27.3 CapLeft: -2.3,,,25.0,27.340424,52.340424,-2.3404239999999987,50.0,0.06249999999999978,49.9375,0.97,0.030000000000000027,2.6595760000000013,0.47,0.54,0.010000000000000009,5.0,0.050000000000000044,0.05,OK
1765989880.510283,eth-updown-15m-1765989000,1765989000.0,1765989900.0,,19.48971700668335,,,,,0,0,1.08,0.98,ONE_LEG_INVENTORY,,,,,,,,,,,,,,0,5.0,,,,,,,,,,,,,,,,,,,,CAP_FULL,,,,,,,,25.0,27.340424,,,,,0,0,,,Inv: 25.0/27.3 CapLeft: -2.3,,,25.0,27.340424,52.340424,-2.3404239999999987,50.0,0.06249999999999978,49.9375,0.97,0.030000000000000027,2.6595760000000013,0.47,0.54,0.010000000000000009,5.0,0.050000000000000044,0.05,OK
1765989881.490956,eth-updown-15m-1765989000,1765989000.0,1765989900.0,,18.50904393196106,,,,,0,0,0.9,0.98,ORDERS_OPEN,,,,,,,,,,,,,,0,5,,,,,,,,,,,,,,,,,,,,,,,,,,,,0.0,0.0,,,,,0,0,,,Inv: 0.0/0.0 CapLeft: 50.0,,,0.0,0.0,0.0,50.0,50.0,0.0,50.0,0.9,0.09999999999999998,0.0,0.0,0.0,0.0,0.0,0.0,0.0,
1765989882.4494665,eth-updown-15m-1765989000,1765989000.0,1765989900.0,,17.550533533096313,,,,,0,0,0.97,0.98,ONE_LEG_INVENTORY,,,,,,,,,,,,,,0,5.0,,,,,,,,,,,,,,,,,,,,CAP_FULL,,,,,,,,25.0,27.340424,,,,,0,0,,,Inv: 25.0/27.3 CapLeft: -2.3,,,25.0,27.340424,52.340424,-2.3404239999999987,50.0,0.06249999999999978,49.9375,0.97,0.030000000000000027,2.6595760000000013,0.47,0.54,0.010000000000000009,5.0,0.050000000000000044,0.05,OK
1765989882.4494665,eth-updown-15m-1765989000,1765989000.0,1765989900.0,,17.550533533096313,,,,,0,0,0.97,0.98,ONE_LEG_INVENTORY,,,,,,,,,,,,,,0,5.0,,,,,,,,,,,,,,,,,,,,CAP_FULL,,,,,,,,25.0,27.340424,,,,,0,0,,,Inv: 25.0/27.3 CapLeft: -2.3,,,25.0,27.340424,52.340424,-2.3404239999999987,50.0,0.06249999999999978,49.9375,0.97,0.030000000000000027,2.6595760000000013,0.47,0.54,0.010000000000000009,5.0,0.050000000000000044,0.05,OK
1765989882.9925294,eth-updown-15m-1765989000,1765989000.0,1765989900.0,,17.00747060775757,,,,,0,0,0.9,0.98,ORDERS_OPEN,,,,,,,,,,,,,,0,5,,,,,,,,,,,,,,,,,,,,,,,,,,,,0.0,0.0,,,,,0,0,,,Inv: 0.0/0.0 CapLeft: 50.0,,,0.0,0.0,0.0,50.0,50.0,0.0,50.0,0.9,0.09999999999999998,0.0,0.0,0.0,0.0,0.0,0.0,0.0,
1765989884.4942055,eth-updown-15m-1765989000,1765989000.0,1765989900.0,,15.505794525146484,,,,,0,0,0.9,0.98,ORDERS_OPEN,,,,,,,,,,,,,,0,5,,,,,,,,,,,,,,,,,,,,,,,,,,,,0.0,0.0,,,,,0,0,,,Inv: 0.0/0.0 CapLeft: 50.0,,,0.0,0.0,0.0,50.0,50.0,0.0,50.0,0.9,0.09999999999999998,0.0,0.0,0.0,0.0,0.0,0.0,0.0,
1765989884.4188275,eth-updown-15m-1765989000,1765989000.0,1765989900.0,,15.581172466278076,,,,,0,0,0.98,0.98,ONE_LEG_INVENTORY,,,,,,,,,,,,,,0,5.0,,,,,,,,,,,,,,,,,,,,CAP_FULL,,,,,,,,25.0,27.340424,,,,,0,0,,,Inv: 25.0/27.3 CapLeft: -2.3,,,25.0,27.340424,52.340424,-2.3404239999999987,50.0,0.06249999999999978,49.9375,0.97,0.030000000000000027,2.6595760000000013,0.47,0.54,0.010000000000000009,5.0,0.050000000000000044,0.05,OK
1765989884.4188275,eth-updown-15m-1765989000,1765989000.0,1765989900.0,,15.581172466278076,,,,,0,0,0.98,0.98,ONE_LEG_INVENTORY,,,,,,,,,,,,,,0,5.0,,,,,,,,,,,,,,,,,,,,CAP_FULL,,,,,,,,25.0,27.340424,,,,,0,0,,,Inv: 25.0/27.3 CapLeft: -2.3,,,25.0,27.340424,52.340424,-2.3404239999999987,50.0,0.06249999999999978,49.9375,0.97,0.030000000000000027,2.6595760000000013,0.47,0.54,0.010000000000000009,5.0,0.050000000000000044,0.05,OK
1765989885.9961033,eth-updown-15m-1765989000,1765989000.0,1765989900.0,,14.003896713256836,,,,,0,0,0.9,0.98,ORDERS_OPEN,,,,,,,,,,,,,,0,5,,,,,,,,,,,,,,,,,,,,,,,,,,,,0.0,0.0,,,,,0,0,,,Inv: 0.0/0.0 CapLeft: 50.0,,,0.0,0.0,0.0,50.0,50.0,0.0,50.0,0.9,0.09999999999999998,0.0,0.0,0.0,0.0,0.0,0.0,0.0,
1765989886.4150674,eth-updown-15m-1765989000,1765989000.0,1765989900.0,,13.584932565689087,,,,,0,0,0.95,0.98,ONE_LEG_INVENTORY,,,,,,,,,,,,,,0,5.0,,,,,,,,,,,,,,,,,,,,CAP_FULL,,,,,,,,25.0,27.340424,,,,,0,0,,,Inv: 25.0/27.3 CapLeft: -2.3,,,25.0,27.340424,52.340424,-2.3404239999999987,50.0,0.06249999999999978,49.9375,0.97,0.030000000000000027,2.6595760000000013,0.47,0.54,0.010000000000000009,5.0,0.050000000000000044,0.05,OK
1765989886.4150674,eth-updown-15m-1765989000,1765989000.0,1765989900.0,,13.584932565689087,,,,,0,0,0.95,0.98,ONE_LEG_INVENTORY,,,,,,,,,,,,,,0,5.0,,,,,,,,,,,,,,,,,,,,CAP_FULL,,,,,,,,25.0,27.340424,,,,,0,0,,,Inv: 25.0/27.3 CapLeft: -2.3,,,25.0,27.340424,52.340424,-2.3404239999999987,50.0,0.06249999999999978,49.9375,0.97,0.030000000000000027,2.6595760000000013,0.47,0.54,0.010000000000000009,5.0,0.050000000000000044,0.05,OK
1765989887.498237,eth-updown-15m-1765989000,1765989000.0,1765989900.0,,12.501763105392456,,,,,0,0,0.9,0.98,ORDERS_OPEN,,,,,,,,,,,,,,0,5,,,,,,,,,,,,,,,,,,,,,,,,,,,,0.0,0.0,,,,,0,0,,,Inv: 0.0/0.0 CapLeft: 50.0,,,0.0,0.0,0.0,50.0,50.0,0.0,50.0,0.9,0.09999999999999998,0.0,0.0,0.0,0.0,0.0,0.0,0.0,
1765989888.401746,eth-updown-15m-1765989000,1765989000.0,1765989900.0,,11.598253965377808,,,,,0,0,1.0,0.98,ONE_LEG_INVENTORY,,,,,,,,,,,,,,0,5.0,,,,,,,,,,,,,,,,,,,,CAP_FULL,,,,,,,,25.0,27.340424,,,,,0,0,,,Inv: 25.0/27.3 CapLeft: -2.3,,,25.0,27.340424,52.340424,-2.3404239999999987,50.0,0.06249999999999978,49.9375,0.97,0.030000000000000027,2.6595760000000013,0.47,0.54,0.010000000000000009,5.0,0.050000000000000044,0.05,OK
1765989888.401746,eth-updown-15m-1765989000,1765989000.0,1765989900.0,,11.598253965377808,,,,,0,0,1.0,0.98,ONE_LEG_INVENTORY,,,,,,,,,,,,,,0,5.0,,,,,,,,,,,,,,,,,,,,CAP_FULL,,,,,,,,25.0,27.340424,,,,,0,0,,,Inv: 25.0/27.3 CapLeft: -2.3,,,25.0,27.340424,52.340424,-2.3404239999999987,50.0,0.06249999999999978,49.9375,0.97,0.030000000000000027,2.6595760000000013,0.47,0.54,0.010000000000000009,5.0,0.050000000000000044,0.05,OK
1765989889.0001101,eth-updown-15m-1765989000,1765989000.0,1765989900.0,,10.999889850616455,,,,,0,0,0.9,0.98,ORDERS_OPEN,,,,,,,,,,,,,,0,5,,,,,,,,,,,,,,,,,,,,,,,,,,,,0.0,0.0,,,,,0,0,,,Inv: 0.0/0.0 CapLeft: 50.0,,,0.0,0.0,0.0,50.0,50.0,0.0,50.0,0.9,0.09999999999999998,0.0,0.0,0.0,0.0,0.0,0.0,0.0,
1765989890.5021987,eth-updown-15m-1765989000,1765989000.0,1765989900.0,,9.497801303863525,,,,,0,0,0.9,0.98,ORDERS_OPEN,,,,,,,,,,,,,,0,5,,,,,,,,,,,,,,,,,,,,,,,,,,,,0.0,0.0,,,,,0,0,,,Inv: 0.0/0.0 CapLeft: 50.0,,,0.0,0.0,0.0,50.0,50.0,0.0,50.0,0.9,0.09999999999999998,0.0,0.0,0.0,0.0,0.0,0.0,0.0,
1765989890.3384917,eth-updown-15m-1765989000,1765989000.0,1765989900.0,,9.661508321762085,,,,,0,0,0.93,0.98,ONE_LEG_INVENTORY,,,,,,,,,,,,,,0,5.0,,,,,,,,,,,,,,,,,,,,CAP_FULL,,,,,,,,25.0,27.340424,,,,,0,0,,,Inv: 25.0/27.3 CapLeft: -2.3,,,25.0,27.340424,52.340424,-2.3404239999999987,50.0,0.06249999999999978,49.9375,0.97,0.030000000000000027,2.6595760000000013,0.47,0.54,0.010000000000000009,5.0,0.050000000000000044,0.05,OK
1765989890.3384917,eth-updown-15m-1765989000,1765989000.0,1765989900.0,,9.661508321762085,,,,,0,0,0.93,0.98,ONE_LEG_INVENTORY,,,,,,,,,,,,,,0,5.0,,,,,,,,,,,,,,,,,,,,CAP_FULL,,,,,,,,25.0,27.340424,,,,,0,0,,,Inv: 25.0/27.3 CapLeft: -2.3,,,25.0,27.340424,52.340424,-2.3404239999999987,50.0,0.06249999999999978,49.9375,0.97,0.030000000000000027,2.6595760000000013,0.47,0.54,0.010000000000000009,5.0,0.050000000000000044,0.05,OK
1765989892.0044112,eth-updown-15m-1765989000,1765989000.0,1765989900.0,,7.995588779449463,,,,,0,0,0.9,0.98,ORDERS_OPEN,,,,,,,,,,,,,,0,5,,,,,,,,,,,,,,,,,,,,,,,,,,,,0.0,0.0,,,,,0,0,,,Inv: 0.0/0.0 CapLeft: 50.0,,,0.0,0.0,0.0,50.0,50.0,0.0,50.0,0.9,0.09999999999999998,0.0,0.0,0.0,0.0,0.0,0.0,0.0,
1765989892.290261,eth-updown-15m-1765989000,1765989000.0,1765989900.0,,7.7097389698028564,,,,,0,0,0.96,0.98,ONE_LEG_INVENTORY,,,,,,,,,,,,,,0,5.0,,,,,,,,,,,,,,,,,,,,CAP_FULL,,,,,,,,25.0,27.340424,,,,,0,0,,,Inv: 25.0/27.3 CapLeft: -2.3,,,25.0,27.340424,52.340424,-2.3404239999999987,50.0,0.06249999999999978,49.9375,0.97,0.030000000000000027,2.6595760000000013,0.47,0.54,0.010000000000000009,5.0,0.050000000000000044,0.05,OK
1765989892.290261,eth-updown-15m-1765989000,1765989000.0,1765989900.0,,7.7097389698028564,,,,,0,0,0.96,0.98,ONE_LEG_INVENTORY,,,,,,,,,,,,,,0,5.0,,,,,,,,,,,,,,,,,,,,CAP_FULL,,,,,,,,25.0,27.340424,,,,,0,0,,,Inv: 25.0/27.3 CapLeft: -2.3,,,25.0,27.340424,52.340424,-2.3404239999999987,50.0,0.06249999999999978,49.9375,0.97,0.030000000000000027,2.6595760000000013,0.47,0.54,0.010000000000000009,5.0,0.050000000000000044,0.05,OK
1765989894.2096057,eth-updown-15m-1765989000,1765989000.0,1765989900.0,,5.790394306182861,,,,,0,0,0.92,0.98,ONE_LEG_INVENTORY,,,,,,,,,,,,,,0,5.0,,,,,,,,,,,,,,,,,,,,CAP_FULL,,,,,,,,25.0,27.340424,,,,,0,0,,,Inv: 25.0/27.3 CapLeft: -2.3,,,25.0,27.340424,52.340424,-2.3404239999999987,50.0,0.06249999999999978,49.9375,0.97,0.030000000000000027,2.6595760000000013,0.47,0.54,0.010000000000000009,5.0,0.050000000000000044,0.05,OK
1765989894.2096057,eth-updown-15m-1765989000,1765989000.0,1765989900.0,,5.790394306182861,,,,,0,0,0.92,0.98,ONE_LEG_INVENTORY,,,,,,,,,,,,,,0,5.0,,,,,,,,,,,,,,,,,,,,CAP_FULL,,,,,,,,25.0,27.340424,,,,,0,0,,,Inv: 25.0/27.3 CapLeft: -2.3,,,25.0,27.340424,52.340424,-2.3404239999999987,50.0,0.06249999999999978,49.9375,0.97,0.030000000000000027,2.6595760000000013,0.47,0.54,0.010000000000000009,5.0,0.050000000000000044,0.05,OK
1765989895.0072384,eth-updown-15m-1765989000,1765989000.0,1765989900.0,,4.992761611938477,,,,,0.45,0.45,0.9,0.98,ORDERS_OPEN,,,,,,,,,,,,,,5,5,,,,,,,,,,,,,,,,,,,,Leg:BOTH UP:5 DOWN:5,,,,,,,,0.0,0.0,,,,,0,0,,,Inv: 0.0/0.0 CapLeft: 50.0,,,0.0,0.0,0.0,50.0,50.0,0.0,50.0,0.9,0.09999999999999998,0.0,0.0,0.0,0.0,0.0,0.0,0.0,
1765989896.508851,eth-updown-15m-1765989000,1765989000.0,1765989900.0,,3.4911489486694336,,,,,0,0,0.9,0.98,ORDERS_OPEN,,,,,,,,,,,,,,0,5,,,,,,,,,,,,,,,,,,,,,,,,,,,,0.0,0.0,,,,,0,0,,,Inv: 0.0/0.0 CapLeft: 50.0,,,0.0,0.0,0.0,50.0,50.0,0.0,50.0,0.9,0.09999999999999998,0.0,0.0,0.0,0.0,0.0,0.0,0.0,
1765989896.1458955,eth-updown-15m-1765989000,1765989000.0,1765989900.0,,3.854104518890381,,,,,0,0,0.72,0.98,ONE_LEG_INVENTORY,,,,,,,,,,,,,,0,5.0,,,,,,,,,,,,,,,,,,,,CAP_FULL,,,,,,,,25.0,27.340424,,,,,0,0,,,Inv: 25.0/27.3 CapLeft: -2.3,,,25.0,27.340424,52.340424,-2.3404239999999987,50.0,0.06249999999999978,49.9375,0.97,0.030000000000000027,2.6595760000000013,0.47,0.54,0.010000000000000009,5.0,0.050000000000000044,0.05,OK
1765989896.1458955,eth-updown-15m-1765989000,1765989000.0,1765989900.0,,3.854104518890381,,,,,0,0,0.72,0.98,ONE_LEG_INVENTORY,,,,,,,,,,,,,,0,5.0,,,,,,,,,,,,,,,,,,,,CAP_FULL,,,,,,,,25.0,27.340424,,,,,0,0,,,Inv: 25.0/27.3 CapLeft: -2.3,,,25.0,27.340424,52.340424,-2.3404239999999987,50.0,0.06249999999999978,49.9375,0.97,0.030000000000000027,2.6595760000000013,0.47,0.54,0.010000000000000009,5.0,0.050000000000000044,0.05,OK
1765989898.0103319,eth-updown-15m-1765989000,1765989000.0,1765989900.0,,1.9896681308746338,,,,,0,0,0.9,0.98,ORDERS_OPEN,,,,,,,,,,,,,,0,5,,,,,,,,,,,,,,,,,,,,,,,,,,,,0.0,0.0,,,,,0,0,,,Inv: 0.0/0.0 CapLeft: 50.0,,,0.0,0.0,0.0,50.0,50.0,0.0,50.0,0.9,0.09999999999999998,0.0,0.0,0.0,0.0,0.0,0.0,0.0,
1765989898.1121676,eth-updown-15m-1765989000,1765989000.0,1765989900.0,,1.8878324031829834,,,,,0,0,0.86,0.98,ONE_LEG_INVENTORY,,,,,,,,,,,,,,0,5.0,,,,,,,,,,,,,,,,,,,,CAP_FULL,,,,,,,,25.0,27.340424,,,,,0,0,,,Inv: 25.0/27.3 CapLeft: -2.3,,,25.0,27.340424,52.340424,-2.3404239999999987,50.0,0.06249999999999978,49.9375,0.97,0.030000000000000027,2.6595760000000013,0.47,0.54,0.010000000000000009,5.0,0.050000000000000044,0.05,OK
1765989898.1121676,eth-updown-15m-1765989000,1765989000.0,1765989900.0,,1.8878324031829834,,,,,0,0,0.86,0.98,ONE_LEG_INVENTORY,,,,,,,,,,,,,,0,5.0,,,,,,,,,,,,,,,,,,,,CAP_FULL,,,,,,,,25.0,27.340424,,,,,0,0,,,Inv: 25.0/27.3 CapLeft: -2.3,,,25.0,27.340424,52.340424,-2.3404239999999987,50.0,0.06249999999999978,49.9375,0.97,0.030000000000000027,2.6595760000000013,0.47,0.54,0.010000000000000009,5.0,0.050000000000000044,0.05,OK
1765989899.5113726,eth-updown-15m-1765989000,1765989000.0,1765989900.0,,0.48862743377685547,,,,,0,0,0.9,0.98,ORDERS_OPEN,,,,,,,,,,,,,,0,5,,,,,,,,,,,,,,,,,,,,,,,,,,,,0.0,0.0,,,,,0,0,,,Inv: 0.0/0.0 CapLeft: 50.0,,,0.0,0.0,0.0,50.0,50.0,0.0,50.0,0.9,0.09999999999999998,0.0,0.0,0.0,0.0,0.0,0.0,0.0,
