timestamp,slug,market_start_ts,market_end_ts,now_ts,time_remaining,up_bid,up_ask,down_bid,down_ask,up_px,down_px,sum_px,max_sum_price,decision,blocked_maker,order_age,up_filled,down_filled,has_traded,intended_price_up,rounded_price_up,intended_price_down,rounded_price_down,cancel_reason,unwind_method,unwind_price,unwind_result,optimal_size,actual_size,near_resolution_blocked,force_flatten,entry_cutoff_sec,force_flatten_sec,size_chosen,size_max_usd,size_max_final,usd_per_market_cap,test_mode,used_test_preset,test_preset_candidate,min_leg_price,max_leg_price,min_profit_per_share,profit_both,price_bounds_ok,profit_ok,skip_reason,blocked_price_bounds,blocked_low_profit,taker_path_attempted,up_ask_at_send,down_ask_at_send,up_bid_at_send,down_bid_at_send,filled_up_shares,filled_down_shares,target_size_shares,size_locked_blocked,overbuy_attempted,filled_first_price,remaining_up,remaining_down,entry_id,reprice_attempt_count,reprice_reason,time_in_one_leg_state,last_reprice_ts,inv_up,inv_down,total_inventory,cap_remaining,reconstruction_budget,reconstruction_spent,remaining_edge,entry_sum_target,initial_edge_per_share,imbalance_shares,avg_other_price,px_missing_now,overpay_per_share,reconstruct_chunk_shares,reconstruct_cost_est_usd,reconstruct_overpay_limit,reconstruct_block_reason
1765986302.0050488,eth-updown-15m-1765986300,1765986300.0,1765987200.0,,897.994951248169,,,,,0.45,0.45,0.9,0.98,ORDERS_OPEN,,,,,,,,,,,,,,5,5,,,,,,,,,,,,,,,,,,,,Leg:BOTH UP:5 DOWN:5,,,,,,,,0.0,0.0,,,,,0,0,,,Inv: 0.0/0.0 CapLeft: 50.0,,,0.0,0.0,0.0,50.0,50.0,0.0,50.0,0.9,0.09999999999999998,0.0,0.0,0.0,0.0,0.0,0.0,0.0,
1765986302.739153,eth-updown-15m-1765986300,1765986300.0,1765987200.0,,897.2608470916748,,,,,0,0,0.99,0.98,IDLE,,,,,,,,,,,,,,0,0.0,,,,,,,,,,,,,,,,,,,,Spread high 0.99 > 0.98,,,,,,,,0.0,0.0,,,,,0,0,,,Inv: 0.0/0.0 CapLeft: 50.0,,,0.0,0.0,0.0,50.0,50.0,0.0,50.0,0.0,0.0,0.0,0.0,0.0,0.0,0.0,0.0,0.0,
1765986303.5075605,eth-updown-15m-1765986300,1765986300.0,1765987200.0,,896.4924395084381,,,,,0,0,0.9,0.98,ORDERS_OPEN,,,,,,,,,,,,,,0,5,,,,,,,,,,,,,,,,,,,,,,,,,,,,0.0,0.0,,,,,0,0,,,Inv: 0.0/0.0 CapLeft: 50.0,,,0.0,0.0,0.0,50.0,50.0,0.0,50.0,0.9,0.09999999999999998,0.0,0.0,0.0,0.0,0.0,0.0,0.0,
1765986305.0095146,eth-updown-15m-1765986300,1765986300.0,1765987200.0,,894.9904854297638,,,,,0,0,0.9,0.98,ORDERS_OPEN,,,,,,,,,,,,,,0,5,,,,,,,,,,,,,,,,,,,,,,,,,,,,0.0,0.0,,,,,0,0,,,Inv: 0.0/0.0 CapLeft: 50.0,,,0.0,0.0,0.0,50.0,50.0,0.0,50.0,0.9,0.09999999999999998,0.0,0.0,0.0,0.0,0.0,0.0,0.0,
1765986304.6984174,eth-updown-15m-1765986300,1765986300.0,1765987200.0,,895.3015825748444,,,,,0,0,1.03,0.98,IDLE,,,,,,,,,,,,,,0,0.0,,,,,,,,,,,,,,,,,,,,Spread high 1.03 > 0.98,,,,,,,,0.0,0.0,,,,,0,0,,,Inv: 0.0/0.0 CapLeft: 50.0,,,0.0,0.0,0.0,50.0,50.0,0.0,50.0,0.0,0.0,0.0,0.0,0.0,0.0,0.0,0.0,0.0,
1765986306.511867,eth-updown-15m-1765986300,1765986300.0,1765987200.0,,893.4881329536438,,,,,0,0,0.9,0.98,ORDERS_OPEN,,,,,,,,,,,,,,0,5,,,,,,,,,,,,,,,,,,,,,,,,,,,,0.0,0.0,,,,,0,0,,,Inv: 0.0/0.0 CapLeft: 50.0,,,0.0,0.0,0.0,50.0,50.0,0.0,50.0,0.9,0.09999999999999998,0.0,0.0,0.0,0.0,0.0,0.0,0.0,
1765986308.0130847,eth-updown-15m-1765986300,1765986300.0,1765987200.0,,891.9869153499603,,,,,0,0,0.9,0.98,ORDERS_OPEN,,,,,,,,,,,,,,0,5,,,,,,,,,,,,,,,,,,,,,,,,,,,,0.0,0.0,,,,,0,0,,,Inv: 0.0/0.0 CapLeft: 50.0,,,0.0,0.0,0.0,50.0,50.0,0.0,50.0,0.9,0.09999999999999998,0.0,0.0,0.0,0.0,0.0,0.0,0.0,
1765986309.5151548,eth-updown-15m-1765986300,1765986300.0,1765987200.0,,890.484845161438,,,,,0,0,0.9,0.98,ORDERS_OPEN,,,,,,,,,,,,,,0,5,,,,,,,,,,,,,,,,,,,,,,,,,,,,0.0,0.0,,,,,0,0,,,Inv: 0.0/0.0 CapLeft: 50.0,,,0.0,0.0,0.0,50.0,50.0,0.0,50.0,0.9,0.09999999999999998,0.0,0.0,0.0,0.0,0.0,0.0,0.0,
1765986306.671705,eth-updown-15m-1765986300,1765986300.0,1765987200.0,,893.3282949924469,,,,,0.4,0.58,0.98,0.98,ORDERS_OPEN,,,,,,,,,,,,,,5,5,,,,,,,,,,,,,,,,,,,,Leg:BOTH UP:5 DOWN:5,,,,,,,,5.0,0.0,,,,,0,0,,,Inv: 5.0/0.0 CapLeft: 45.0,,,5.0,0.0,5.0,45.0,50.0,0.0,50.0,0.98,0.020000000000000018,0.0,0.0,0.0,0.0,0.0,0.0,0.0,
1765986311.0178692,eth-updown-15m-1765986300,1765986300.0,1765987200.0,,888.9821307659149,,,,,0,0,0.9,0.98,ORDERS_OPEN,,,,,,,,,,,,,,0,5,,,,,,,,,,,,,,,,,,,,,,,,,,,,0.0,0.0,,,,,0,0,,,Inv: 0.0/0.0 CapLeft: 50.0,,,0.0,0.0,0.0,50.0,50.0,0.0,50.0,0.9,0.09999999999999998,0.0,0.0,0.0,0.0,0.0,0.0,0.0,
1765986311.119203,eth-updown-15m-1765986300,1765986300.0,1765987200.0,,888.8807969093323,,,,,0,0,1.0,0.98,ORDERS_OPEN,,,,,,,,,,,,,,0,5,,,,,,,,,,,,,,,,,,,,,,,,,,,,5.0,0.0,,,,,0,0,,,Inv: 5.0/0.0 CapLeft: 45.0,,,5.0,0.0,5.0,45.0,50.0,0.0,50.0,0.98,0.020000000000000018,0.0,0.0,0.0,0.0,0.0,0.0,0.0,
1765986312.555816,eth-updown-15m-1765986300,1765986300.0,1765987200.0,,887.4441840648651,,,,,0,0,0.9,0.98,ORDERS_OPEN,,,,,,,,,,,,,,0,5,,,,,,,,,,,,,,,,,,,,,,,,,,,,0.0,0.0,,,,,0,0,,,Inv: 0.0/0.0 CapLeft: 50.0,,,0.0,0.0,0.0,50.0,50.0,0.0,50.0,0.9,0.09999999999999998,0.0,0.0,0.0,0.0,0.0,0.0,0.0,
1765986314.0626318,eth-updown-15m-1765986300,1765986300.0,1765987200.0,,885.9373681545258,,,,,0,0,0.9,0.98,ORDERS_OPEN,,,,,,,,,,,,,,0,5,,,,,,,,,,,,,,,,,,,,,,,,,,,,0.0,0.0,,,,,0,0,,,Inv: 0.0/0.0 CapLeft: 50.0,,,0.0,0.0,0.0,50.0,50.0,0.0,50.0,0.9,0.09999999999999998,0.0,0.0,0.0,0.0,0.0,0.0,0.0,
1765986313.2886503,eth-updown-15m-1765986300,1765986300.0,1765987200.0,,886.7113497257233,,,,,0,0,0.99,0.98,ORDERS_OPEN,,,,,,,,,,,,,,0,5,,,,,,,,,,,,,,,,,,,,,,,,,,,,5.0,0.0,,,,,0,0,,,Inv: 5.0/0.0 CapLeft: 45.0,,,5.0,0.0,5.0,45.0,50.0,0.0,50.0,0.98,0.020000000000000018,0.0,0.0,0.0,0.0,0.0,0.0,0.0,
1765986315.5643845,eth-updown-15m-1765986300,1765986300.0,1765987200.0,,884.4356155395508,,,,,0,0,0.9,0.98,ORDERS_OPEN,,,,,,,,,,,,,,0,5,,,,,,,,,,,,,,,,,,,,,,,,,,,,0.0,0.0,,,,,0,0,,,Inv: 0.0/0.0 CapLeft: 50.0,,,0.0,0.0,0.0,50.0,50.0,0.0,50.0,0.9,0.09999999999999998,0.0,0.0,0.0,0.0,0.0,0.0,0.0,
1765986315.580651,eth-updown-15m-1765986300,1765986300.0,1765987200.0,,884.4193489551544,,,,,0,0,0.98,0.98,ORDERS_OPEN,,,,,,,,,,,,,,0,5,,,,,,,,,,,,,,,,,,,,,,,,,,,,5.0,0.0,,,,,0,0,,,Inv: 5.0/0.0 CapLeft: 45.0,,,5.0,0.0,5.0,45.0,50.0,0.0,50.0,0.98,0.020000000000000018,0.0,0.0,0.0,0.0,0.0,0.0,0.0,
1765986317.8447905,eth-updown-15m-1765986300,1765986300.0,1765987200.0,,882.1552095413208,,,,,0,0,0.99,0.98,ORDERS_OPEN,,,,,,,,,,,,,,0,5,,,,,,,,,,,,,,,,,,,,,,,,,,,,5.0,0.0,,,,,0,0,,,Inv: 5.0/0.0 CapLeft: 45.0,,,5.0,0.0,5.0,45.0,50.0,0.0,50.0,0.98,0.020000000000000018,0.0,0.0,0.0,0.0,0.0,0.0,0.0,
1765986318.5675373,eth-updown-15m-1765986300,1765986300.0,1765987200.0,,881.4324626922607,,,,,0.45,0.45,0.9,0.98,ORDERS_OPEN,,,,,,,,,,,,,,5,5,,,,,,,,,,,,,,,,,,,,Leg:BOTH UP:5 DOWN:5,,,,,,,,0.0,0.0,,,,,0,0,,,Inv: 0.0/0.0 CapLeft: 50.0,,,0.0,0.0,0.0,50.0,50.0,0.0,50.0,0.9,0.09999999999999998,0.0,0.0,0.0,0.0,0.0,0.0,0.0,
1765986320.0696044,eth-updown-15m-1765986300,1765986300.0,1765987200.0,,879.9303956031799,,,,,0,0,0.9,0.98,ORDERS_OPEN,,,,,,,,,,,,,,0,5,,,,,,,,,,,,,,,,,,,,,,,,,,,,0.0,0.0,,,,,0,0,,,Inv: 0.0/0.0 CapLeft: 50.0,,,0.0,0.0,0.0,50.0,50.0,0.0,50.0,0.9,0.09999999999999998,0.0,0.0,0.0,0.0,0.0,0.0,0.0,
1765986320.030259,eth-updown-15m-1765986300,1765986300.0,1765987200.0,,879.9697411060333,,,,,0,0,0.99,0.98,ORDERS_OPEN,,,,,,,,,,,,,,0,5,,,,,,,,,,,,,,,,,,,,,,,,,,,,5.0,0.0,,,,,0,0,,,Inv: 5.0/0.0 CapLeft: 45.0,,,5.0,0.0,5.0,45.0,50.0,0.0,50.0,0.98,0.020000000000000018,0.0,0.0,0.0,0.0,0.0,0.0,0.0,
1765986321.5716212,eth-updown-15m-1765986300,1765986300.0,1765987200.0,,878.4283788204193,,,,,0,0,0.9,0.98,ORDERS_OPEN,,,,,,,,,,,,,,0,5,,,,,,,,,,,,,,,,,,,,,,,,,,,,0.0,0.0,,,,,0,0,,,Inv: 0.0/0.0 CapLeft: 50.0,,,0.0,0.0,0.0,50.0,50.0,0.0,50.0,0.9,0.09999999999999998,0.0,0.0,0.0,0.0,0.0,0.0,0.0,
1765986322.198196,eth-updown-15m-1765986300,1765986300.0,1765987200.0,,877.8018040657043,,,,,0,0,0.97,0.98,ORDERS_OPEN,,,,,,,,,,,,,,0,5,,,,,,,,,,,,,,,,,,,,,,,,,,,,5.0,0.0,,,,,0,0,,,Inv: 5.0/0.0 CapLeft: 45.0,,,5.0,0.0,5.0,45.0,50.0,0.0,50.0,0.98,0.020000000000000018,0.0,0.0,0.0,0.0,0.0,0.0,0.0,
1765986323.080092,eth-updown-15m-1765986300,1765986300.0,1765987200.0,,876.9199080467224,,,,,0,0,0.9,0.98,ORDERS_OPEN,,,,,,,,,,,,,,0,5,,,,,,,,,,,,,,,,,,,,,,,,,,,,0.0,0.0,,,,,0,0,,,Inv: 0.0/0.0 CapLeft: 50.0,,,0.0,0.0,0.0,50.0,50.0,0.0,50.0,0.9,0.09999999999999998,0.0,0.0,0.0,0.0,0.0,0.0,0.0,
1765986324.581711,eth-updown-15m-1765986300,1765986300.0,1765987200.0,,875.4182889461517,,,,,0,0,0.9,0.98,ORDERS_OPEN,,,,,,,,,,,,,,0,5,,,,,,,,,,,,,,,,,,,,,,,,,,,,0.0,0.0,,,,,0,0,,,Inv: 0.0/0.0 CapLeft: 50.0,,,0.0,0.0,0.0,50.0,50.0,0.0,50.0,0.9,0.09999999999999998,0.0,0.0,0.0,0.0,0.0,0.0,0.0,
1765986324.43674,eth-updown-15m-1765986300,1765986300.0,1765987200.0,,875.5632600784302,,,,,0,0,0.96,0.98,ONE_LEG_INVENTORY,,,,,,,,,,,,,,0,5,,,,,,,,,,,,,,,,,,,,,,,,,,,,5.0,0.0,,,,,0,0,,,Inv: 5.0/0.0 CapLeft: 45.0,,,5.0,0.0,5.0,45.0,50.0,0.0,50.0,0.98,0.020000000000000018,0.0,0.0,0.0,0.0,0.0,0.0,0.0,
1765986326.0837622,eth-updown-15m-1765986300,1765986300.0,1765987200.0,,873.9162378311157,,,,,0,0,0.9,0.98,ORDERS_OPEN,,,,,,,,,,,,,,0,5,,,,,,,,,,,,,,,,,,,,,,,,,,,,0.0,0.0,,,,,0,0,,,Inv: 0.0/0.0 CapLeft: 50.0,,,0.0,0.0,0.0,50.0,50.0,0.0,50.0,0.9,0.09999999999999998,0.0,0.0,0.0,0.0,0.0,0.0,0.0,
1765986326.9106183,eth-updown-15m-1765986300,1765986300.0,1765987200.0,,873.0893816947937,,,,,0,0,0.97,0.98,ONE_LEG_INVENTORY,,,,,,,,,,,,,,0,5,,,,,,,,,,,,,,,,,,,,"RECONSTRUCT_BLOCKED: OVERPAY_LIMIT (Op:0.1000 > L:0.0020, Cost:$0.50)",,,,,,,,5.0,0.0,,,,,0,0,,,Inv: 5.0/0.0 CapLeft: 45.0,,,5.0,0.0,5.0,45.0,50.0,0.0,50.0,0.98,0.020000000000000018,5.0,0.4,0.7,0.10000000000000009,5.0,0.5000000000000004,0.002,OVERPAY_LIMIT
1765986326.9106183,eth-updown-15m-1765986300,1765986300.0,1765987200.0,,873.0893816947937,,,,,0,0,0.97,0.98,ONE_LEG_INVENTORY,,,,,,,,,,,,,,0,5,,,,,,,,,,,,,,,,,,,,"RECONSTRUCT_BLOCKED: OVERPAY_LIMIT (Op:0.1000 > L:0.0020, Cost:$0.50)",,,,,,,,5.0,0.0,,,,,0,0,,,Inv: 5.0/0.0 CapLeft: 45.0,,,5.0,0.0,5.0,45.0,50.0,0.0,50.0,0.98,0.020000000000000018,5.0,0.4,0.7,0.10000000000000009,5.0,0.5000000000000004,0.002,OVERPAY_LIMIT
1765986327.5856967,eth-updown-15m-1765986300,1765986300.0,1765987200.0,,872.4143033027649,,,,,0,0,0.9,0.98,ORDERS_OPEN,,,,,,,,,,,,,,0,5,,,,,,,,,,,,,,,,,,,,,,,,,,,,0.0,0.0,,,,,0,0,,,Inv: 0.0/0.0 CapLeft: 50.0,,,0.0,0.0,0.0,50.0,50.0,0.0,50.0,0.9,0.09999999999999998,0.0,0.0,0.0,0.0,0.0,0.0,0.0,
1765986329.087786,eth-updown-15m-1765986300,1765986300.0,1765987200.0,,870.9122140407562,,,,,0,0,0.9,0.98,ORDERS_OPEN,,,,,,,,,,,,,,0,5,,,,,,,,,,,,,,,,,,,,,,,,,,,,0.0,0.0,,,,,0,0,,,Inv: 0.0/0.0 CapLeft: 50.0,,,0.0,0.0,0.0,50.0,50.0,0.0,50.0,0.9,0.09999999999999998,0.0,0.0,0.0,0.0,0.0,0.0,0.0,
1765986328.8569849,eth-updown-15m-1765986300,1765986300.0,1765987200.0,,871.1430151462555,,,,,0,0,1.0,0.98,ONE_LEG_INVENTORY,,,,,,,,,,,,,,0,5,,,,,,,,,,,,,,,,,,,,"RECONSTRUCT_BLOCKED: OVERPAY_LIMIT (Op:0.1000 > L:0.0020, Cost:$0.50)",,,,,,,,5.0,0.0,,,,,0,0,,,Inv: 5.0/0.0 CapLeft: 45.0,,,5.0,0.0,5.0,45.0,50.0,0.0,50.0,0.98,0.020000000000000018,5.0,0.4,0.7,0.10000000000000009,5.0,0.5000000000000004,0.002,OVERPAY_LIMIT
1765986328.8569849,eth-updown-15m-1765986300,1765986300.0,1765987200.0,,871.1430151462555,,,,,0,0,1.0,0.98,ONE_LEG_INVENTORY,,,,,,,,,,,,,,0,5,,,,,,,,,,,,,,,,,,,,"RECONSTRUCT_BLOCKED: OVERPAY_LIMIT (Op:0.1000 > L:0.0020, Cost:$0.50)",,,,,,,,5.0,0.0,,,,,0,0,,,Inv: 5.0/0.0 CapLeft: 45.0,,,5.0,0.0,5.0,45.0,50.0,0.0,50.0,0.98,0.020000000000000018,5.0,0.4,0.7,0.10000000000000009,5.0,0.5000000000000004,0.002,OVERPAY_LIMIT
1765986330.5906343,eth-updown-15m-1765986300,1765986300.0,1765987200.0,,869.4093656539917,,,,,0,0,0.9,0.98,ORDERS_OPEN,,,,,,,,,,,,,,0,5,,,,,,,,,,,,,,,,,,,,,,,,,,,,0.0,0.0,,,,,0,0,,,Inv: 0.0/0.0 CapLeft: 50.0,,,0.0,0.0,0.0,50.0,50.0,0.0,50.0,0.9,0.09999999999999998,0.0,0.0,0.0,0.0,0.0,0.0,0.0,
1765986330.7934198,eth-updown-15m-1765986300,1765986300.0,1765987200.0,,869.2065801620483,,,,,0,0,0.96,0.98,ONE_LEG_INVENTORY,,,,,,,,,,,,,,0,5,,,,,,,,,,,,,,,,,,,,"RECONSTRUCT_BLOCKED: OVERPAY_LIMIT (Op:0.0700 > L:0.0020, Cost:$0.35)",,,,,,,,5.0,0.0,,,,,0,0,,,Inv: 5.0/0.0 CapLeft: 45.0,,,5.0,0.0,5.0,45.0,50.0,0.0,50.0,0.98,0.020000000000000018,5.0,0.4,0.67,0.07000000000000006,5.0,0.3500000000000003,0.002,OVERPAY_LIMIT
1765986330.7934198,eth-updown-15m-1765986300,1765986300.0,1765987200.0,,869.2065801620483,,,,,0,0,0.96,0.98,ONE_LEG_INVENTORY,,,,,,,,,,,,,,0,5,,,,,,,,,,,,,,,,,,,,"RECONSTRUCT_BLOCKED: OVERPAY_LIMIT (Op:0.0700 > L:0.0020, Cost:$0.35)",,,,,,,,5.0,0.0,,,,,0,0,,,Inv: 5.0/0.0 CapLeft: 45.0,,,5.0,0.0,5.0,45.0,50.0,0.0,50.0,0.98,0.020000000000000018,5.0,0.4,0.67,0.07000000000000006,5.0,0.3500000000000003,0.002,OVERPAY_LIMIT
1765986332.09856,eth-updown-15m-1765986300,1765986300.0,1765987200.0,,867.9014399051666,,,,,0,0,0.9,0.98,ORDERS_OPEN,,,,,,,,,,,,,,0,5,,,,,,,,,,,,,,,,,,,,,,,,,,,,0.0,0.0,,,,,0,0,,,Inv: 0.0/0.0 CapLeft: 50.0,,,0.0,0.0,0.0,50.0,50.0,0.0,50.0,0.9,0.09999999999999998,0.0,0.0,0.0,0.0,0.0,0.0,0.0,
1765986332.7968924,eth-updown-15m-1765986300,1765986300.0,1765987200.0,,867.2031075954437,,,,,0,0,0.97,0.98,ONE_LEG_INVENTORY,,,,,,,,,,,,,,0,5,,,,,,,,,,,,,,,,,,,,"RECONSTRUCT_BLOCKED: OVERPAY_LIMIT (Op:0.0700 > L:0.0020, Cost:$0.35)",,,,,,,,5.0,0.0,,,,,0,0,,,Inv: 5.0/0.0 CapLeft: 45.0,,,5.0,0.0,5.0,45.0,50.0,0.0,50.0,0.98,0.020000000000000018,5.0,0.4,0.67,0.07000000000000006,5.0,0.3500000000000003,0.002,OVERPAY_LIMIT
1765986332.7968924,eth-updown-15m-1765986300,1765986300.0,1765987200.0,,867.2031075954437,,,,,0,0,0.97,0.98,ONE_LEG_INVENTORY,,,,,,,,,,,,,,0,5,,,,,,,,,,,,,,,,,,,,"RECONSTRUCT_BLOCKED: OVERPAY_LIMIT (Op:0.0700 > L:0.0020, Cost:$0.35)",,,,,,,,5.0,0.0,,,,,0,0,,,Inv: 5.0/0.0 CapLeft: 45.0,,,5.0,0.0,5.0,45.0,50.0,0.0,50.0,0.98,0.020000000000000018,5.0,0.4,0.67,0.07000000000000006,5.0,0.3500000000000003,0.002,OVERPAY_LIMIT
1765986335.1045208,eth-updown-15m-1765986300,1765986300.0,1765987200.0,,864.8954792022705,,,,,0.45,0.45,0.9,0.98,ORDERS_OPEN,,,,,,,,,,,,,,5,5,,,,,,,,,,,,,,,,,,,,Leg:BOTH UP:5 DOWN:5,,,,,,,,0.0,0.0,,,,,0,0,,,Inv: 0.0/0.0 CapLeft: 50.0,,,0.0,0.0,0.0,50.0,50.0,0.0,50.0,0.9,0.09999999999999998,0.0,0.0,0.0,0.0,0.0,0.0,0.0,
1765986334.7360363,eth-updown-15m-1765986300,1765986300.0,1765987200.0,,865.2639636993408,,,,,0,0,0.98,0.98,ONE_LEG_INVENTORY,,,,,,,,,,,,,,0,5,,,,,,,,,,,,,,,,,,,,"RECONSTRUCT_BLOCKED: OVERPAY_LIMIT (Op:0.0900 > L:0.0020, Cost:$0.45)",,,,,,,,5.0,0.0,,,,,0,0,,,Inv: 5.0/0.0 CapLeft: 45.0,,,5.0,0.0,5.0,45.0,50.0,0.0,50.0,0.98,0.020000000000000018,5.0,0.4,0.69,0.08999999999999986,5.0,0.4499999999999993,0.002,OVERPAY_LIMIT
1765986334.7360363,eth-updown-15m-1765986300,1765986300.0,1765987200.0,,865.2639636993408,,,,,0,0,0.98,0.98,ONE_LEG_INVENTORY,,,,,,,,,,,,,,0,5,,,,,,,,,,,,,,,,,,,,"RECONSTRUCT_BLOCKED: OVERPAY_LIMIT (Op:0.0900 > L:0.0020, Cost:$0.45)",,,,,,,,5.0,0.0,,,,,0,0,,,Inv: 5.0/0.0 CapLeft: 45.0,,,5.0,0.0,5.0,45.0,50.0,0.0,50.0,0.98,0.020000000000000018,5.0,0.4,0.69,0.08999999999999986,5.0,0.4499999999999993,0.002,OVERPAY_LIMIT
1765986336.6058085,eth-updown-15m-1765986300,1765986300.0,1765987200.0,,863.3941915035248,,,,,0,0,0.9,0.98,ORDERS_OPEN,,,,,,,,,,,,,,0,5,,,,,,,,,,,,,,,,,,,,,,,,,,,,0.0,0.0,,,,,0,0,,,Inv: 0.0/0.0 CapLeft: 50.0,,,0.0,0.0,0.0,50.0,50.0,0.0,50.0,0.9,0.09999999999999998,0.0,0.0,0.0,0.0,0.0,0.0,0.0,
1765986336.7207267,eth-updown-15m-1765986300,1765986300.0,1765987200.0,,863.2792732715607,,,,,0,0,0.96,0.98,ONE_LEG_INVENTORY,,,,,,,,,,,,,,0,5,,,,,,,,,,,,,,,,,,,,"RECONSTRUCT_BLOCKED: OVERPAY_LIMIT (Op:0.0700 > L:0.0020, Cost:$0.35)",,,,,,,,5.0,0.0,,,,,0,0,,,Inv: 5.0/0.0 CapLeft: 45.0,,,5.0,0.0,5.0,45.0,50.0,0.0,50.0,0.98,0.020000000000000018,5.0,0.4,0.67,0.07000000000000006,5.0,0.3500000000000003,0.002,OVERPAY_LIMIT
1765986336.7207267,eth-updown-15m-1765986300,1765986300.0,1765987200.0,,863.2792732715607,,,,,0,0,0.96,0.98,ONE_LEG_INVENTORY,,,,,,,,,,,,,,0,5,,,,,,,,,,,,,,,,,,,,"RECONSTRUCT_BLOCKED: OVERPAY_LIMIT (Op:0.0700 > L:0.0020, Cost:$0.35)",,,,,,,,5.0,0.0,,,,,0,0,,,Inv: 5.0/0.0 CapLeft: 45.0,,,5.0,0.0,5.0,45.0,50.0,0.0,50.0,0.98,0.020000000000000018,5.0,0.4,0.67,0.07000000000000006,5.0,0.3500000000000003,0.002,OVERPAY_LIMIT
1765986338.1076229,eth-updown-15m-1765986300,1765986300.0,1765987200.0,,861.8923771381378,,,,,0,0,0.9,0.98,ORDERS_OPEN,,,,,,,,,,,,,,0,5,,,,,,,,,,,,,,,,,,,,,,,,,,,,0.0,0.0,,,,,0,0,,,Inv: 0.0/0.0 CapLeft: 50.0,,,0.0,0.0,0.0,50.0,50.0,0.0,50.0,0.9,0.09999999999999998,0.0,0.0,0.0,0.0,0.0,0.0,0.0,
1765986338.662194,eth-updown-15m-1765986300,1765986300.0,1765987200.0,,861.3378059864044,,,,,0,0,0.99,0.98,ONE_LEG_INVENTORY,,,,,,,,,,,,,,0,5,,,,,,,,,,,,,,,,,,,,"RECONSTRUCT_BLOCKED: OVERPAY_LIMIT (Op:0.0600 > L:0.0020, Cost:$0.30)",,,,,,,,5.0,0.0,,,,,0,0,,,Inv: 5.0/0.0 CapLeft: 45.0,,,5.0,0.0,5.0,45.0,50.0,0.0,50.0,0.98,0.020000000000000018,5.0,0.4,0.66,0.06000000000000005,5.0,0.30000000000000027,0.002,OVERPAY_LIMIT
1765986338.662194,eth-updown-15m-1765986300,1765986300.0,1765987200.0,,861.3378059864044,,,,,0,0,0.99,0.98,ONE_LEG_INVENTORY,,,,,,,,,,,,,,0,5,,,,,,,,,,,,,,,,,,,,"RECONSTRUCT_BLOCKED: OVERPAY_LIMIT (Op:0.0600 > L:0.0020, Cost:$0.30)",,,,,,,,5.0,0.0,,,,,0,0,,,Inv: 5.0/0.0 CapLeft: 45.0,,,5.0,0.0,5.0,45.0,50.0,0.0,50.0,0.98,0.020000000000000018,5.0,0.4,0.66,0.06000000000000005,5.0,0.30000000000000027,0.002,OVERPAY_LIMIT
1765986339.60966,eth-updown-15m-1765986300,1765986300.0,1765987200.0,,860.390340089798,,,,,0,0,0.9,0.98,ORDERS_OPEN,,,,,,,,,,,,,,0,5,,,,,,,,,,,,,,,,,,,,,,,,,,,,0.0,0.0,,,,,0,0,,,Inv: 0.0/0.0 CapLeft: 50.0,,,0.0,0.0,0.0,50.0,50.0,0.0,50.0,0.9,0.09999999999999998,0.0,0.0,0.0,0.0,0.0,0.0,0.0,
1765986341.1113405,eth-updown-15m-1765986300,1765986300.0,1765987200.0,,858.8886594772339,,,,,0,0,0.9,0.98,ORDERS_OPEN,,,,,,,,,,,,,,0,5,,,,,,,,,,,,,,,,,,,,,,,,,,,,0.0,0.0,,,,,0,0,,,Inv: 0.0/0.0 CapLeft: 50.0,,,0.0,0.0,0.0,50.0,50.0,0.0,50.0,0.9,0.09999999999999998,0.0,0.0,0.0,0.0,0.0,0.0,0.0,
1765986340.6275935,eth-updown-15m-1765986300,1765986300.0,1765987200.0,,859.3724064826965,,,,,0,0,0.99,0.98,ONE_LEG_INVENTORY,,,,,,,,,,,,,,0,5,,,,,,,,,,,,,,,,,,,,"RECONSTRUCT_BLOCKED: OVERPAY_LIMIT (Op:0.0300 > L:0.0020, Cost:$0.15)",,,,,,,,5.0,0.0,,,,,0,0,,,Inv: 5.0/0.0 CapLeft: 45.0,,,5.0,0.0,5.0,45.0,50.0,0.0,50.0,0.98,0.020000000000000018,5.0,0.4,0.63,0.030000000000000027,5.0,0.15000000000000013,0.002,OVERPAY_LIMIT
1765986340.6275935,eth-updown-15m-1765986300,1765986300.0,1765987200.0,,859.3724064826965,,,,,0,0,0.99,0.98,ONE_LEG_INVENTORY,,,,,,,,,,,,,,0,5,,,,,,,,,,,,,,,,,,,,"RECONSTRUCT_BLOCKED: OVERPAY_LIMIT (Op:0.0300 > L:0.0020, Cost:$0.15)",,,,,,,,5.0,0.0,,,,,0,0,,,Inv: 5.0/0.0 CapLeft: 45.0,,,5.0,0.0,5.0,45.0,50.0,0.0,50.0,0.98,0.020000000000000018,5.0,0.4,0.63,0.030000000000000027,5.0,0.15000000000000013,0.002,OVERPAY_LIMIT
1765986342.6131792,eth-updown-15m-1765986300,1765986300.0,1765987200.0,,857.3868207931519,,,,,0,0,0.9,0.98,ORDERS_OPEN,,,,,,,,,,,,,,0,5,,,,,,,,,,,,,,,,,,,,,,,,,,,,0.0,0.0,,,,,0,0,,,Inv: 0.0/0.0 CapLeft: 50.0,,,0.0,0.0,0.0,50.0,50.0,0.0,50.0,0.9,0.09999999999999998,0.0,0.0,0.0,0.0,0.0,0.0,0.0,
1765986342.6475966,eth-updown-15m-1765986300,1765986300.0,1765987200.0,,857.3524034023285,,,,,0.37,0.6,0.97,0.98,ORDERS_OPEN,,,,,,,,,,,,,,5.0,5.0,,,,,,,,,,,,,,,,,,,,RECONSTRUCT_CHUNK: 0.0/5.0 (Op:0.0000 B:$50.00),,,,,,,,5.0,0.0,,,,,0,0,,,Inv: 5.0/0.0 CapLeft: 45.0,,,5.0,0.0,5.0,45.0,50.0,0.0,50.0,0.98,0.020000000000000018,5.0,0.4,0.6,0.0,5.0,0.0,0.002,OK
1765986344.1152086,eth-updown-15m-1765986300,1765986300.0,1765987200.0,,855.8847913742065,,,,,0,0,0.9,0.98,ORDERS_OPEN,,,,,,,,,,,,,,0,5,,,,,,,,,,,,,,,,,,,,,,,,,,,,0.0,0.0,,,,,0,0,,,Inv: 0.0/0.0 CapLeft: 50.0,,,0.0,0.0,0.0,50.0,50.0,0.0,50.0,0.9,0.09999999999999998,0.0,0.0,0.0,0.0,0.0,0.0,0.0,
1765986345.6176515,eth-updown-15m-1765986300,1765986300.0,1765987200.0,,854.3823485374451,,,,,0,0,0.9,0.98,ORDERS_OPEN,,,,,,,,,,,,,,0,5,,,,,,,,,,,,,,,,,,,,,,,,,,,,0.0,0.0,,,,,0,0,,,Inv: 0.0/0.0 CapLeft: 50.0,,,0.0,0.0,0.0,50.0,50.0,0.0,50.0,0.9,0.09999999999999998,0.0,0.0,0.0,0.0,0.0,0.0,0.0,
1765986345.0853338,eth-updown-15m-1765986300,1765986300.0,1765987200.0,,854.9146661758423,,,,,0,0,0.96,0.98,ORDERS_OPEN,,,,,,,,,,,,,,0,5.0,,,,,,,,,,,,,,,,,,,,,,,,,,,,5.0,0.0,,,,,0,0,,,Inv: 5.0/0.0 CapLeft: 45.0,,,5.0,0.0,5.0,45.0,50.0,0.0,50.0,0.98,0.020000000000000018,5.0,0.4,0.6,0.0,5.0,0.0,0.002,OK
1765986347.119016,eth-updown-15m-1765986300,1765986300.0,1765987200.0,,852.8809840679169,,,,,0,0,0.9,0.98,ORDERS_OPEN,,,,,,,,,,,,,,0,5,,,,,,,,,,,,,,,,,,,,,,,,,,,,0.0,0.0,,,,,0,0,,,Inv: 0.0/0.0 CapLeft: 50.0,,,0.0,0.0,0.0,50.0,50.0,0.0,50.0,0.9,0.09999999999999998,0.0,0.0,0.0,0.0,0.0,0.0,0.0,
1765986347.3051696,eth-updown-15m-1765986300,1765986300.0,1765987200.0,,852.694830417633,,,,,0,0,0.99,0.98,ORDERS_OPEN,,,,,,,,,,,,,,0,5.0,,,,,,,,,,,,,,,,,,,,,,,,,,,,5.0,0.0,,,,,0,0,,,Inv: 5.0/0.0 CapLeft: 45.0,,,5.0,0.0,5.0,45.0,50.0,0.0,50.0,0.98,0.020000000000000018,5.0,0.4,0.6,0.0,5.0,0.0,0.002,OK
1765986348.6203954,eth-updown-15m-1765986300,1765986300.0,1765987200.0,,851.3796045780182,,,,,0,0,0.9,0.98,ORDERS_OPEN,,,,,,,,,,,,,,0,5,,,,,,,,,,,,,,,,,,,,,,,,,,,,0.0,0.0,,,,,0,0,,,Inv: 0.0/0.0 CapLeft: 50.0,,,0.0,0.0,0.0,50.0,50.0,0.0,50.0,0.9,0.09999999999999998,0.0,0.0,0.0,0.0,0.0,0.0,0.0,
1765986349.4677951,eth-updown-15m-1765986300,1765986300.0,1765987200.0,,850.5322048664093,,,,,0,0,0.98,0.98,ORDERS_OPEN,,,,,,,,,,,,,,0,5.0,,,,,,,,,,,,,,,,,,,,,,,,,,,,5.0,0.0,,,,,0,0,,,Inv: 5.0/0.0 CapLeft: 45.0,,,5.0,0.0,5.0,45.0,50.0,0.0,50.0,0.98,0.020000000000000018,5.0,0.4,0.6,0.0,5.0,0.0,0.002,OK
1765986351.6233597,eth-updown-15m-1765986300,1765986300.0,1765987200.0,,848.3766403198242,,,,,0.45,0.45,0.9,0.98,ORDERS_OPEN,,,,,,,,,,,,,,5,5,,,,,,,,,,,,,,,,,,,,Leg:BOTH UP:5 DOWN:5,,,,,,,,0.0,0.0,,,,,0,0,,,Inv: 0.0/0.0 CapLeft: 50.0,,,0.0,0.0,0.0,50.0,50.0,0.0,50.0,0.9,0.09999999999999998,0.0,0.0,0.0,0.0,0.0,0.0,0.0,
1765986351.645525,eth-updown-15m-1765986300,1765986300.0,1765987200.0,,848.3544750213623,,,,,0,0,0.96,0.98,ORDERS_OPEN,,,,,,,,,,,,,,0,5.0,,,,,,,,,,,,,,,,,,,,,,,,,,,,5.0,0.0,,,,,0,0,,,Inv: 5.0/0.0 CapLeft: 45.0,,,5.0,0.0,5.0,45.0,50.0,0.0,50.0,0.98,0.020000000000000018,5.0,0.4,0.6,0.0,5.0,0.0,0.002,OK
1765986353.125717,eth-updown-15m-1765986300,1765986300.0,1765987200.0,,846.8742830753326,,,,,0,0,0.9,0.98,ORDERS_OPEN,,,,,,,,,,,,,,0,5,,,,,,,,,,,,,,,,,,,,,,,,,,,,0.0,0.0,,,,,0,0,,,Inv: 0.0/0.0 CapLeft: 50.0,,,0.0,0.0,0.0,50.0,50.0,0.0,50.0,0.9,0.09999999999999998,0.0,0.0,0.0,0.0,0.0,0.0,0.0,
1765986353.8541813,eth-updown-15m-1765986300,1765986300.0,1765987200.0,,846.1458187103271,,,,,0,0,0.99,0.98,IDLE,,,,,,,,,,,,,,0,5.0,,,,,,,,,,,,,,,,,,,,,,,,,,,,5.0,5.0,,,,,0,0,,,Inv: 5.0/5.0 CapLeft: 40.0,,,5.0,5.0,10.0,40.0,50.0,0.0,50.0,0.98,0.020000000000000018,5.0,0.4,0.6,0.0,5.0,0.0,0.002,OK
1765986354.6272912,eth-updown-15m-1765986300,1765986300.0,1765987200.0,,845.3727087974548,,,,,0,0,0.9,0.98,ORDERS_OPEN,,,,,,,,,,,,,,0,5,,,,,,,,,,,,,,,,,,,,,,,,,,,,0.0,0.0,,,,,0,0,,,Inv: 0.0/0.0 CapLeft: 50.0,,,0.0,0.0,0.0,50.0,50.0,0.0,50.0,0.9,0.09999999999999998,0.0,0.0,0.0,0.0,0.0,0.0,0.0,
1765986356.1284778,eth-updown-15m-1765986300,1765986300.0,1765987200.0,,843.8715221881866,,,,,0,0,0.9,0.98,ORDERS_OPEN,,,,,,,,,,,,,,0,5,,,,,,,,,,,,,,,,,,,,,,,,,,,,0.0,0.0,,,,,0,0,,,Inv: 0.0/0.0 CapLeft: 50.0,,,0.0,0.0,0.0,50.0,50.0,0.0,50.0,0.9,0.09999999999999998,0.0,0.0,0.0,0.0,0.0,0.0,0.0,
1765986356.0356598,eth-updown-15m-1765986300,1765986300.0,1765987200.0,,843.9643402099609,,,,,0,0,0.99,0.98,IDLE,,,,,,,,,,,,,,0,5.0,,,,,,,,,,,,,,,,,,,,Spread high 0.99 > 0.98,,,,,,,,5.0,5.0,,,,,0,0,,,Inv: 5.0/5.0 CapLeft: 40.0,,,5.0,5.0,10.0,40.0,50.0,0.0,50.0,0.98,0.020000000000000018,5.0,0.4,0.6,0.0,5.0,0.0,0.002,OK
1765986357.630227,eth-updown-15m-1765986300,1765986300.0,1765987200.0,,842.3697729110718,,,,,0,0,0.9,0.98,ORDERS_OPEN,,,,,,,,,,,,,,0,5,,,,,,,,,,,,,,,,,,,,,,,,,,,,0.0,0.0,,,,,0,0,,,Inv: 0.0/0.0 CapLeft: 50.0,,,0.0,0.0,0.0,50.0,50.0,0.0,50.0,0.9,0.09999999999999998,0.0,0.0,0.0,0.0,0.0,0.0,0.0,
1765986359.1319826,eth-updown-15m-1765986300,1765986300.0,1765987200.0,,840.8680174350739,,,,,0,0,0.9,0.98,ORDERS_OPEN,,,,,,,,,,,,,,0,5,,,,,,,,,,,,,,,,,,,,,,,,,,,,0.0,0.0,,,,,0,0,,,Inv: 0.0/0.0 CapLeft: 50.0,,,0.0,0.0,0.0,50.0,50.0,0.0,50.0,0.9,0.09999999999999998,0.0,0.0,0.0,0.0,0.0,0.0,0.0,
1765986358.0067258,eth-updown-15m-1765986300,1765986300.0,1765987200.0,,841.9932742118835,,,,,0.43,0.55,0.98,0.98,ORDERS_OPEN,,,,,,,,,,,,,,5,5,,,,,,,,,,,,,,,,,,,,Leg:BOTH UP:5 DOWN:5,,,,,,,,5.0,5.0,,,,,0,0,,,Inv: 5.0/5.0 CapLeft: 40.0,,,5.0,5.0,10.0,40.0,50.0,0.0,50.0,0.98,0.020000000000000018,5.0,0.4,0.6,0.0,5.0,0.0,0.002,OK
1765986360.6350868,eth-updown-15m-1765986300,1765986300.0,1765987200.0,,839.364913225174,,,,,0,0,0.9,0.98,ORDERS_OPEN,,,,,,,,,,,,,,0,5,,,,,,,,,,,,,,,,,,,,,,,,,,,,0.0,0.0,,,,,0,0,,,Inv: 0.0/0.0 CapLeft: 50.0,,,0.0,0.0,0.0,50.0,50.0,0.0,50.0,0.9,0.09999999999999998,0.0,0.0,0.0,0.0,0.0,0.0,0.0,
1765986360.892118,eth-updown-15m-1765986300,1765986300.0,1765987200.0,,839.1078820228577,,,,,0,0,0.96,0.98,IDLE,,,,,,,,,,,,,,0,5,,,,,,,,,,,,,,,,,,,,,,,,,,,,10.0,10.0,,,,,0,0,,,Inv: 10.0/10.0 CapLeft: 30.0,,,10.0,10.0,20.0,30.0,50.0,0.0,50.0,0.98,0.020000000000000018,5.0,0.4,0.6,0.0,5.0,0.0,0.002,OK
1765986362.1372244,eth-updown-15m-1765986300,1765986300.0,1765987200.0,,837.8627755641937,,,,,0,0,0.9,0.98,ORDERS_OPEN,,,,,,,,,,,,,,0,5,,,,,,,,,,,,,,,,,,,,,,,,,,,,0.0,0.0,,,,,0,0,,,Inv: 0.0/0.0 CapLeft: 50.0,,,0.0,0.0,0.0,50.0,50.0,0.0,50.0,0.9,0.09999999999999998,0.0,0.0,0.0,0.0,0.0,0.0,0.0,
1765986363.639704,eth-updown-15m-1765986300,1765986300.0,1765987200.0,,836.3602960109711,,,,,0,0,0.9,0.98,ORDERS_OPEN,,,,,,,,,,,,,,0,5,,,,,,,,,,,,,,,,,,,,,,,,,,,,0.0,0.0,,,,,0,0,,,Inv: 0.0/0.0 CapLeft: 50.0,,,0.0,0.0,0.0,50.0,50.0,0.0,50.0,0.9,0.09999999999999998,0.0,0.0,0.0,0.0,0.0,0.0,0.0,
1765986363.3909965,eth-updown-15m-1765986300,1765986300.0,1765987200.0,,836.6090035438538,,,,,0.38,0.58,0.96,0.98,ORDERS_OPEN,,,,,,,,,,,,,,5,5,,,,,,,,,,,,,,,,,,,,Leg:BOTH UP:5 DOWN:5,,,,,,,,10.0,10.0,,,,,0,0,,,Inv: 10.0/10.0 CapLeft: 30.0,,,10.0,10.0,20.0,30.0,50.0,0.0,50.0,0.96,0.040000000000000036,5.0,0.4,0.6,0.0,5.0,0.0,0.002,OK
1765986365.1552832,eth-updown-15m-1765986300,1765986300.0,1765987200.0,,834.8447167873383,,,,,0,0,0.9,0.98,ORDERS_OPEN,,,,,,,,,,,,,,0,5,,,,,,,,,,,,,,,,,,,,,,,,,,,,0.0,0.0,,,,,0,0,,,Inv: 0.0/0.0 CapLeft: 50.0,,,0.0,0.0,0.0,50.0,50.0,0.0,50.0,0.9,0.09999999999999998,0.0,0.0,0.0,0.0,0.0,0.0,0.0,
1765986366.3550792,eth-updown-15m-1765986300,1765986300.0,1765987200.0,,833.6449208259583,,,,,0,0,0.98,0.98,ORDERS_OPEN,,,,,,,,,,,,,,0,5,,,,,,,,,,,,,,,,,,,,,,,,,,,,15.0,10.0,,,,,0,0,,,Inv: 15.0/10.0 CapLeft: 25.0,,,15.0,10.0,25.0,25.0,50.0,0.0,50.0,0.96,0.040000000000000036,5.0,0.4,0.6,0.0,5.0,0.0,0.002,OK
1765986368.1590264,eth-updown-15m-1765986300,1765986300.0,1765987200.0,,831.8409736156464,,,,,0.45,0.45,0.9,0.98,ORDERS_OPEN,,,,,,,,,,,,,,5,5,,,,,,,,,,,,,,,,,,,,Leg:BOTH UP:5 DOWN:5,,,,,,,,0.0,0.0,,,,,0,0,,,Inv: 0.0/0.0 CapLeft: 50.0,,,0.0,0.0,0.0,50.0,50.0,0.0,50.0,0.9,0.09999999999999998,0.0,0.0,0.0,0.0,0.0,0.0,0.0,
1765986368.7452939,eth-updown-15m-1765986300,1765986300.0,1765987200.0,,831.2547061443329,,,,,0,0,0.99,0.98,ORDERS_OPEN,,,,,,,,,,,,,,0,5,,,,,,,,,,,,,,,,,,,,,,,,,,,,15.0,10.0,,,,,0,0,,,Inv: 15.0/10.0 CapLeft: 25.0,,,15.0,10.0,25.0,25.0,50.0,0.0,50.0,0.96,0.040000000000000036,5.0,0.4,0.6,0.0,5.0,0.0,0.002,OK
1765986369.6613033,eth-updown-15m-1765986300,1765986300.0,1765987200.0,,830.3386967182159,,,,,0,0,0.9,0.98,ORDERS_OPEN,,,,,,,,,,,,,,0,5,,,,,,,,,,,,,,,,,,,,,,,,,,,,0.0,0.0,,,,,0,0,,,Inv: 0.0/0.0 CapLeft: 50.0,,,0.0,0.0,0.0,50.0,50.0,0.0,50.0,0.9,0.09999999999999998,0.0,0.0,0.0,0.0,0.0,0.0,0.0,
1765986371.1628869,eth-updown-15m-1765986300,1765986300.0,1765987200.0,,828.8371131420135,,,,,0,0,0.9,0.98,ORDERS_OPEN,,,,,,,,,,,,,,0,5,,,,,,,,,,,,,,,,,,,,,,,,,,,,0.0,0.0,,,,,0,0,,,Inv: 0.0/0.0 CapLeft: 50.0,,,0.0,0.0,0.0,50.0,50.0,0.0,50.0,0.9,0.09999999999999998,0.0,0.0,0.0,0.0,0.0,0.0,0.0,
1765986370.9394886,eth-updown-15m-1765986300,1765986300.0,1765987200.0,,829.0605113506317,,,,,0,0,0.96,0.98,IDLE,,,,,,,,,,,,,,0,5,,,,,,,,,,,,,,,,,,,,,,,,,,,,15.0,15.0,,,,,0,0,,,Inv: 15.0/15.0 CapLeft: 20.0,,,15.0,15.0,30.0,20.0,50.0,0.0,50.0,0.96,0.040000000000000036,5.0,0.4,0.6,0.0,5.0,0.0,0.002,OK
1765986372.6653512,eth-updown-15m-1765986300,1765986300.0,1765987200.0,,827.33464884758,,,,,0,0,0.9,0.98,ORDERS_OPEN,,,,,,,,,,,,,,0,5,,,,,,,,,,,,,,,,,,,,,,,,,,,,0.0,0.0,,,,,0,0,,,Inv: 0.0/0.0 CapLeft: 50.0,,,0.0,0.0,0.0,50.0,50.0,0.0,50.0,0.9,0.09999999999999998,0.0,0.0,0.0,0.0,0.0,0.0,0.0,
1765986373.092611,eth-updown-15m-1765986300,1765986300.0,1765987200.0,,826.9073889255524,,,,,0,0,0.99,0.98,IDLE,,,,,,,,,,,,,,0,5,,,,,,,,,,,,,,,,,,,,Spread high 0.99 > 0.98,,,,,,,,15.0,15.0,,,,,0,0,,,Inv: 15.0/15.0 CapLeft: 20.0,,,15.0,15.0,30.0,20.0,50.0,0.0,50.0,0.96,0.040000000000000036,5.0,0.4,0.6,0.0,5.0,0.0,0.002,OK
1765986374.1692743,eth-updown-15m-1765986300,1765986300.0,1765987200.0,,825.8307256698608,,,,,0,0,0.9,0.98,ORDERS_OPEN,,,,,,,,,,,,,,0,5,,,,,,,,,,,,,,,,,,,,,,,,,,,,0.0,0.0,,,,,0,0,,,Inv: 0.0/0.0 CapLeft: 50.0,,,0.0,0.0,0.0,50.0,50.0,0.0,50.0,0.9,0.09999999999999998,0.0,0.0,0.0,0.0,0.0,0.0,0.0,
1765986375.670603,eth-updown-15m-1765986300,1765986300.0,1765987200.0,,824.3293969631195,,,,,0,0,0.9,0.98,ORDERS_OPEN,,,,,,,,,,,,,,0,5,,,,,,,,,,,,,,,,,,,,,,,,,,,,0.0,0.0,,,,,0,0,,,Inv: 0.0/0.0 CapLeft: 50.0,,,0.0,0.0,0.0,50.0,50.0,0.0,50.0,0.9,0.09999999999999998,0.0,0.0,0.0,0.0,0.0,0.0,0.0,
1765986375.0469043,eth-updown-15m-1765986300,1765986300.0,1765987200.0,,824.9530956745148,,,,,0.4,0.58,0.98,0.98,ORDERS_OPEN,,,,,,,,,,,,,,5,5,,,,,,,,,,,,,,,,,,,,Leg:BOTH UP:5 DOWN:5,,,,,,,,15.0,15.0,,,,,0,0,,,Inv: 15.0/15.0 CapLeft: 20.0,,,15.0,15.0,30.0,20.0,50.0,0.0,50.0,0.98,0.020000000000000018,5.0,0.4,0.6,0.0,5.0,0.0,0.002,OK
1765986377.1733556,eth-updown-15m-1765986300,1765986300.0,1765987200.0,,822.8266444206238,,,,,0,0,0.9,0.98,ORDERS_OPEN,,,,,,,,,,,,,,0,5,,,,,,,,,,,,,,,,,,,,,,,,,,,,0.0,0.0,,,,,0,0,,,Inv: 0.0/0.0 CapLeft: 50.0,,,0.0,0.0,0.0,50.0,50.0,0.0,50.0,0.9,0.09999999999999998,0.0,0.0,0.0,0.0,0.0,0.0,0.0,
1765986378.6751895,eth-updown-15m-1765986300,1765986300.0,1765987200.0,,821.3248105049133,,,,,0,0,0.9,0.98,ORDERS_OPEN,,,,,,,,,,,,,,0,5,,,,,,,,,,,,,,,,,,,,,,,,,,,,0.0,0.0,,,,,0,0,,,Inv: 0.0/0.0 CapLeft: 50.0,,,0.0,0.0,0.0,50.0,50.0,0.0,50.0,0.9,0.09999999999999998,0.0,0.0,0.0,0.0,0.0,0.0,0.0,
1765986377.9401314,eth-updown-15m-1765986300,1765986300.0,1765987200.0,,822.0598685741425,,,,,0,0,0.98,0.98,ORDERS_OPEN,,,,,,,,,,,,,,0,5,,,,,,,,,,,,,,,,,,,,,,,,,,,,15.0,20.0,,,,,0,0,,,Inv: 15.0/20.0 CapLeft: 15.0,,,15.0,20.0,35.0,15.0,50.0,0.0,50.0,0.98,0.020000000000000018,5.0,0.4,0.6,0.0,5.0,0.0,0.002,OK
1765986380.1769035,eth-updown-15m-1765986300,1765986300.0,1765987200.0,,819.8230965137482,,,,,0,0,0.9,0.98,ORDERS_OPEN,,,,,,,,,,,,,,0,5,,,,,,,,,,,,,,,,,,,,,,,,,,,,0.0,0.0,,,,,0,0,,,Inv: 0.0/0.0 CapLeft: 50.0,,,0.0,0.0,0.0,50.0,50.0,0.0,50.0,0.9,0.09999999999999998,0.0,0.0,0.0,0.0,0.0,0.0,0.0,
1765986380.3098245,eth-updown-15m-1765986300,1765986300.0,1765987200.0,,819.6901755332947,,,,,0,0,0.99,0.98,ORDERS_OPEN,,,,,,,,,,,,,,0,5,,,,,,,,,,,,,,,,,,,,,,,,,,,,15.0,20.0,,,,,0,0,,,Inv: 15.0/20.0 CapLeft: 15.0,,,15.0,20.0,35.0,15.0,50.0,0.0,50.0,0.98,0.020000000000000018,5.0,0.4,0.6,0.0,5.0,0.0,0.002,OK
1765986381.6791606,eth-updown-15m-1765986300,1765986300.0,1765987200.0,,818.3208394050598,,,,,0,0,0.9,0.98,ORDERS_OPEN,,,,,,,,,,,,,,0,5,,,,,,,,,,,,,,,,,,,,,,,,,,,,0.0,0.0,,,,,0,0,,,Inv: 0.0/0.0 CapLeft: 50.0,,,0.0,0.0,0.0,50.0,50.0,0.0,50.0,0.9,0.09999999999999998,0.0,0.0,0.0,0.0,0.0,0.0,0.0,
1765986382.4642005,eth-updown-15m-1765986300,1765986300.0,1765987200.0,,817.5357995033264,,,,,0,0,0.98,0.98,ORDERS_OPEN,,,,,,,,,,,,,,0,5,,,,,,,,,,,,,,,,,,,,,,,,,,,,15.0,20.0,,,,,0,0,,,Inv: 15.0/20.0 CapLeft: 15.0,,,15.0,20.0,35.0,15.0,50.0,0.0,50.0,0.98,0.020000000000000018,5.0,0.4,0.6,0.0,5.0,0.0,0.002,OK
1765986384.6812377,eth-updown-15m-1765986300,1765986300.0,1765987200.0,,815.3187623023987,,,,,0.45,0.45,0.9,0.98,ORDERS_OPEN,,,,,,,,,,,,,,5,5,,,,,,,,,,,,,,,,,,,,Leg:BOTH UP:5 DOWN:5,,,,,,,,0.0,0.0,,,,,0,0,,,Inv: 0.0/0.0 CapLeft: 50.0,,,0.0,0.0,0.0,50.0,50.0,0.0,50.0,0.9,0.09999999999999998,0.0,0.0,0.0,0.0,0.0,0.0,0.0,
1765986384.6070614,eth-updown-15m-1765986300,1765986300.0,1765987200.0,,815.3929386138916,,,,,0,0,0.97,0.98,ORDERS_OPEN,,,,,,,,,,,,,,0,5,,,,,,,,,,,,,,,,,,,,,,,,,,,,15.0,20.0,,,,,0,0,,,Inv: 15.0/20.0 CapLeft: 15.0,,,15.0,20.0,35.0,15.0,50.0,0.0,50.0,0.98,0.020000000000000018,5.0,0.4,0.6,0.0,5.0,0.0,0.002,OK
1765986386.1826355,eth-updown-15m-1765986300,1765986300.0,1765987200.0,,813.8173644542694,,,,,0,0,0.9,0.98,ORDERS_OPEN,,,,,,,,,,,,,,0,5,,,,,,,,,,,,,,,,,,,,,,,,,,,,0.0,0.0,,,,,0,0,,,Inv: 0.0/0.0 CapLeft: 50.0,,,0.0,0.0,0.0,50.0,50.0,0.0,50.0,0.9,0.09999999999999998,0.0,0.0,0.0,0.0,0.0,0.0,0.0,
1765986386.7473438,eth-updown-15m-1765986300,1765986300.0,1765987200.0,,813.2526562213898,,,,,0,0,0.99,0.98,ORDERS_OPEN,,,,,,,,,,,,,,0,5,,,,,,,,,,,,,,,,,,,,,,,,,,,,15.0,20.0,,,,,0,0,,,Inv: 15.0/20.0 CapLeft: 15.0,,,15.0,20.0,35.0,15.0,50.0,0.0,50.0,0.98,0.020000000000000018,5.0,0.4,0.6,0.0,5.0,0.0,0.002,OK
1765986387.684109,eth-updown-15m-1765986300,1765986300.0,1765987200.0,,812.3158910274506,,,,,0,0,0.9,0.98,ORDERS_OPEN,,,,,,,,,,,,,,0,5,,,,,,,,,,,,,,,,,,,,,,,,,,,,0.0,0.0,,,,,0,0,,,Inv: 0.0/0.0 CapLeft: 50.0,,,0.0,0.0,0.0,50.0,50.0,0.0,50.0,0.9,0.09999999999999998,0.0,0.0,0.0,0.0,0.0,0.0,0.0,
1765986389.186347,eth-updown-15m-1765986300,1765986300.0,1765987200.0,,810.8136529922485,,,,,0,0,0.9,0.98,ORDERS_OPEN,,,,,,,,,,,,,,0,5,,,,,,,,,,,,,,,,,,,,,,,,,,,,0.0,0.0,,,,,0,0,,,Inv: 0.0/0.0 CapLeft: 50.0,,,0.0,0.0,0.0,50.0,50.0,0.0,50.0,0.9,0.09999999999999998,0.0,0.0,0.0,0.0,0.0,0.0,0.0,
1765986388.937545,eth-updown-15m-1765986300,1765986300.0,1765987200.0,,811.0624549388885,,,,,0,0,0.98,0.98,IDLE,,,,,,,,,,,,,,0,5,,,,,,,,,,,,,,,,,,,,,,,,,,,,20.0,20.0,,,,,0,0,,,Inv: 20.0/20.0 CapLeft: 10.0,,,20.0,20.0,40.0,10.0,50.0,0.0,50.0,0.98,0.020000000000000018,5.0,0.4,0.6,0.0,5.0,0.0,0.002,OK
1765986390.6872385,eth-updown-15m-1765986300,1765986300.0,1765987200.0,,809.3127615451813,,,,,0,0,0.9,0.98,ORDERS_OPEN,,,,,,,,,,,,,,0,5,,,,,,,,,,,,,,,,,,,,,,,,,,,,0.0,0.0,,,,,0,0,,,Inv: 0.0/0.0 CapLeft: 50.0,,,0.0,0.0,0.0,50.0,50.0,0.0,50.0,0.9,0.09999999999999998,0.0,0.0,0.0,0.0,0.0,0.0,0.0,
1765986392.1913953,eth-updown-15m-1765986300,1765986300.0,1765987200.0,,807.8086047172546,,,,,0,0,0.9,0.98,ORDERS_OPEN,,,,,,,,,,,,,,0,5,,,,,,,,,,,,,,,,,,,,,,,,,,,,0.0,0.0,,,,,0,0,,,Inv: 0.0/0.0 CapLeft: 50.0,,,0.0,0.0,0.0,50.0,50.0,0.0,50.0,0.9,0.09999999999999998,0.0,0.0,0.0,0.0,0.0,0.0,0.0,
1765986391.0905235,eth-updown-15m-1765986300,1765986300.0,1765987200.0,,808.909476518631,,,,,0.35,0.62,0.97,0.98,ORDERS_OPEN,,,,,,,,,,,,,,5,5,,,,,,,,,,,,,,,,,,,,Leg:BOTH UP:5 DOWN:5,,,,,,,,20.0,20.0,,,,,0,0,,,Inv: 20.0/20.0 CapLeft: 10.0,,,20.0,20.0,40.0,10.0,50.0,0.0,50.0,0.97,0.030000000000000027,5.0,0.4,0.6,0.0,5.0,0.0,0.002,OK
1765986393.6941044,eth-updown-15m-1765986300,1765986300.0,1765987200.0,,806.3058955669403,,,,,0,0,0.9,0.98,ORDERS_OPEN,,,,,,,,,,,,,,0,5,,,,,,,,,,,,,,,,,,,,,,,,,,,,0.0,0.0,,,,,0,0,,,Inv: 0.0/0.0 CapLeft: 50.0,,,0.0,0.0,0.0,50.0,50.0,0.0,50.0,0.9,0.09999999999999998,0.0,0.0,0.0,0.0,0.0,0.0,0.0,
1765986393.9574926,eth-updown-15m-1765986300,1765986300.0,1765987200.0,,806.0425074100494,,,,,0,0,0.98,0.98,ORDERS_OPEN,,,,,,,,,,,,,,0,5,,,,,,,,,,,,,,,,,,,,,,,,,,,,20.0,25.0,,,,,0,0,,,Inv: 20.0/25.0 CapLeft: 5.0,,,20.0,25.0,45.0,5.0,50.0,0.0,50.0,0.97,0.030000000000000027,5.0,0.4,0.6,0.0,5.0,0.0,0.002,OK
1765986395.1958468,eth-updown-15m-1765986300,1765986300.0,1765987200.0,,804.8041532039642,,,,,0,0,0.9,0.98,ORDERS_OPEN,,,,,,,,,,,,,,0,5,,,,,,,,,,,,,,,,,,,,,,,,,,,,0.0,0.0,,,,,0,0,,,Inv: 0.0/0.0 CapLeft: 50.0,,,0.0,0.0,0.0,50.0,50.0,0.0,50.0,0.9,0.09999999999999998,0.0,0.0,0.0,0.0,0.0,0.0,0.0,
1765986396.697854,eth-updown-15m-1765986300,1765986300.0,1765987200.0,,803.3021459579468,,,,,0,0,0.9,0.98,ORDERS_OPEN,,,,,,,,,,,,,,0,5,,,,,,,,,,,,,,,,,,,,,,,,,,,,0.0,0.0,,,,,0,0,,,Inv: 0.0/0.0 CapLeft: 50.0,,,0.0,0.0,0.0,50.0,50.0,0.0,50.0,0.9,0.09999999999999998,0.0,0.0,0.0,0.0,0.0,0.0,0.0,
1765986396.3094413,eth-updown-15m-1765986300,1765986300.0,1765987200.0,,803.6905586719513,,,,,0,0,0.97,0.98,ORDERS_OPEN,,,,,,,,,,,,,,0,5,,,,,,,,,,,,,,,,,,,,,,,,,,,,20.0,25.0,,,,,0,0,,,Inv: 20.0/25.0 CapLeft: 5.0,,,20.0,25.0,45.0,5.0,50.0,0.0,50.0,0.97,0.030000000000000027,5.0,0.4,0.6,0.0,5.0,0.0,0.002,OK
1765986398.1992168,eth-updown-15m-1765986300,1765986300.0,1765987200.0,,801.8007831573486,,,,,0,0,0.9,0.98,ORDERS_OPEN,,,,,,,,,,,,,,0,5,,,,,,,,,,,,,,,,,,,,,,,,,,,,0.0,0.0,,,,,0,0,,,Inv: 0.0/0.0 CapLeft: 50.0,,,0.0,0.0,0.0,50.0,50.0,0.0,50.0,0.9,0.09999999999999998,0.0,0.0,0.0,0.0,0.0,0.0,0.0,
1765986398.466215,eth-updown-15m-1765986300,1765986300.0,1765987200.0,,801.5337851047516,,,,,0,0,1.0,0.98,IDLE,,,,,,,,,,,,,,0,5,,,,,,,,,,,,,,,,,,,,,,,,,,,,25.0,25.0,,,,,0,0,,,Inv: 25.0/25.0 CapLeft: 0.0,,,25.0,25.0,50.0,0.0,50.0,0.0,50.0,0.97,0.030000000000000027,5.0,0.4,0.6,0.0,5.0,0.0,0.002,OK
1765986400.6542873,eth-updown-15m-1765986300,1765986300.0,1765987200.0,,799.3457126617432,,,,,0,0,0.99,0.98,IDLE,,,,,,,,,,,,,,0,5,,,,,,,,,,,,,,,,,,,,CAP_FULL,,,,,,,,25.0,25.0,,,,,0,0,,,Inv: 25.0/25.0 CapLeft: 0.0,,,25.0,25.0,50.0,0.0,50.0,0.0,50.0,0.97,0.030000000000000027,5.0,0.4,0.6,0.0,5.0,0.0,0.002,OK
1765986401.202515,eth-updown-15m-1765986300,1765986300.0,1765987200.0,,798.7974851131439,,,,,0.45,0.45,0.9,0.98,ORDERS_OPEN,,,,,,,,,,,,,,5,5,,,,,,,,,,,,,,,,,,,,Leg:BOTH UP:5 DOWN:5,,,,,,,,0.0,0.0,,,,,0,0,,,Inv: 0.0/0.0 CapLeft: 50.0,,,0.0,0.0,0.0,50.0,50.0,0.0,50.0,0.9,0.09999999999999998,0.0,0.0,0.0,0.0,0.0,0.0,0.0,
1765986402.7048166,eth-updown-15m-1765986300,1765986300.0,1765987200.0,,797.2951834201813,,,,,0,0,0.9,0.98,ORDERS_OPEN,,,,,,,,,,,,,,0,5,,,,,,,,,,,,,,,,,,,,,,,,,,,,0.0,0.0,,,,,0,0,,,Inv: 0.0/0.0 CapLeft: 50.0,,,0.0,0.0,0.0,50.0,50.0,0.0,50.0,0.9,0.09999999999999998,0.0,0.0,0.0,0.0,0.0,0.0,0.0,
1765986402.5893316,eth-updown-15m-1765986300,1765986300.0,1765987200.0,,797.4106683731079,,,,,0,0,0.96,0.98,IDLE,,,,,,,,,,,,,,0,5,,,,,,,,,,,,,,,,,,,,CAP_FULL,,,,,,,,25.0,25.0,,,,,0,0,,,Inv: 25.0/25.0 CapLeft: 0.0,,,25.0,25.0,50.0,0.0,50.0,0.0,50.0,0.97,0.030000000000000027,5.0,0.4,0.6,0.0,5.0,0.0,0.002,OK
1765986404.2065022,eth-updown-15m-1765986300,1765986300.0,1765987200.0,,795.793497800827,,,,,0,0,0.9,0.98,ORDERS_OPEN,,,,,,,,,,,,,,0,5,,,,,,,,,,,,,,,,,,,,,,,,,,,,0.0,0.0,,,,,0,0,,,Inv: 0.0/0.0 CapLeft: 50.0,,,0.0,0.0,0.0,50.0,50.0,0.0,50.0,0.9,0.09999999999999998,0.0,0.0,0.0,0.0,0.0,0.0,0.0,
1765986404.5282273,eth-updown-15m-1765986300,1765986300.0,1765987200.0,,795.4717726707458,,,,,0,0,0.99,0.98,IDLE,,,,,,,,,,,,,,0,5,,,,,,,,,,,,,,,,,,,,CAP_FULL,,,,,,,,25.0,25.0,,,,,0,0,,,Inv: 25.0/25.0 CapLeft: 0.0,,,25.0,25.0,50.0,0.0,50.0,0.0,50.0,0.97,0.030000000000000027,5.0,0.4,0.6,0.0,5.0,0.0,0.002,OK
1765986405.7084637,eth-updown-15m-1765986300,1765986300.0,1765987200.0,,794.2915363311768,,,,,0,0,0.9,0.98,ORDERS_OPEN,,,,,,,,,,,,,,0,5,,,,,,,,,,,,,,,,,,,,,,,,,,,,0.0,0.0,,,,,0,0,,,Inv: 0.0/0.0 CapLeft: 50.0,,,0.0,0.0,0.0,50.0,50.0,0.0,50.0,0.9,0.09999999999999998,0.0,0.0,0.0,0.0,0.0,0.0,0.0,
1765986406.4846616,eth-updown-15m-1765986300,1765986300.0,1765987200.0,,793.5153384208679,,,,,0,0,0.97,0.98,IDLE,,,,,,,,,,,,,,0,5,,,,,,,,,,,,,,,,,,,,CAP_FULL,,,,,,,,25.0,25.0,,,,,0,0,,,Inv: 25.0/25.0 CapLeft: 0.0,,,25.0,25.0,50.0,0.0,50.0,0.0,50.0,0.97,0.030000000000000027,5.0,0.4,0.6,0.0,5.0,0.0,0.002,OK
1765986407.2096598,eth-updown-15m-1765986300,1765986300.0,1765987200.0,,792.7903401851654,,,,,0,0,0.9,0.98,ORDERS_OPEN,,,,,,,,,,,,,,0,5,,,,,,,,,,,,,,,,,,,,,,,,,,,,0.0,0.0,,,,,0,0,,,Inv: 0.0/0.0 CapLeft: 50.0,,,0.0,0.0,0.0,50.0,50.0,0.0,50.0,0.9,0.09999999999999998,0.0,0.0,0.0,0.0,0.0,0.0,0.0,
1765986408.712523,eth-updown-15m-1765986300,1765986300.0,1765987200.0,,791.287477016449,,,,,0,0,0.9,0.98,ORDERS_OPEN,,,,,,,,,,,,,,0,5,,,,,,,,,,,,,,,,,,,,,,,,,,,,0.0,0.0,,,,,0,0,,,Inv: 0.0/0.0 CapLeft: 50.0,,,0.0,0.0,0.0,50.0,50.0,0.0,50.0,0.9,0.09999999999999998,0.0,0.0,0.0,0.0,0.0,0.0,0.0,
1765986408.4771893,eth-updown-15m-1765986300,1765986300.0,1765987200.0,,791.5228106975555,,,,,0,0,0.97,0.98,IDLE,,,,,,,,,,,,,,0,5,,,,,,,,,,,,,,,,,,,,CAP_FULL,,,,,,,,25.0,25.0,,,,,0,0,,,Inv: 25.0/25.0 CapLeft: 0.0,,,25.0,25.0,50.0,0.0,50.0,0.0,50.0,0.97,0.030000000000000027,5.0,0.4,0.6,0.0,5.0,0.0,0.002,OK
1765986410.2139904,eth-updown-15m-1765986300,1765986300.0,1765987200.0,,789.7860095500946,,,,,0,0,0.9,0.98,ORDERS_OPEN,,,,,,,,,,,,,,0,5,,,,,,,,,,,,,,,,,,,,,,,,,,,,0.0,0.0,,,,,0,0,,,Inv: 0.0/0.0 CapLeft: 50.0,,,0.0,0.0,0.0,50.0,50.0,0.0,50.0,0.9,0.09999999999999998,0.0,0.0,0.0,0.0,0.0,0.0,0.0,
1765986410.418863,eth-updown-15m-1765986300,1765986300.0,1765987200.0,,789.5811369419098,,,,,0,0,0.99,0.98,IDLE,,,,,,,,,,,,,,0,5,,,,,,,,,,,,,,,,,,,,CAP_FULL,,,,,,,,25.0,25.0,,,,,0,0,,,Inv: 25.0/25.0 CapLeft: 0.0,,,25.0,25.0,50.0,0.0,50.0,0.0,50.0,0.97,0.030000000000000027,5.0,0.4,0.6,0.0,5.0,0.0,0.002,OK
1765986411.7151668,eth-updown-15m-1765986300,1765986300.0,1765987200.0,,788.2848331928253,,,,,0,0,0.9,0.98,ORDERS_OPEN,,,,,,,,,,,,,,0,5,,,,,,,,,,,,,,,,,,,,,,,,,,,,0.0,0.0,,,,,0,0,,,Inv: 0.0/0.0 CapLeft: 50.0,,,0.0,0.0,0.0,50.0,50.0,0.0,50.0,0.9,0.09999999999999998,0.0,0.0,0.0,0.0,0.0,0.0,0.0,
1765986412.3819323,eth-updown-15m-1765986300,1765986300.0,1765987200.0,,787.618067741394,,,,,0,0,0.97,0.98,IDLE,,,,,,,,,,,,,,0,5,,,,,,,,,,,,,,,,,,,,CAP_FULL,,,,,,,,25.0,25.0,,,,,0,0,,,Inv: 25.0/25.0 CapLeft: 0.0,,,25.0,25.0,50.0,0.0,50.0,0.0,50.0,0.97,0.030000000000000027,5.0,0.4,0.6,0.0,5.0,0.0,0.002,OK
1765986413.2166264,eth-updown-15m-1765986300,1765986300.0,1765987200.0,,786.7833735942841,,,,,0,0,0.9,0.98,ORDERS_OPEN,,,,,,,,,,,,,,0,5,,,,,,,,,,,,,,,,,,,,,,,,,,,,0.0,0.0,,,,,0,0,,,Inv: 0.0/0.0 CapLeft: 50.0,,,0.0,0.0,0.0,50.0,50.0,0.0,50.0,0.9,0.09999999999999998,0.0,0.0,0.0,0.0,0.0,0.0,0.0,
1765986414.7183611,eth-updown-15m-1765986300,1765986300.0,1765987200.0,,785.2816388607025,,,,,0,0,0.9,0.98,ORDERS_OPEN,,,,,,,,,,,,,,0,5,,,,,,,,,,,,,,,,,,,,,,,,,,,,0.0,0.0,,,,,0,0,,,Inv: 0.0/0.0 CapLeft: 50.0,,,0.0,0.0,0.0,50.0,50.0,0.0,50.0,0.9,0.09999999999999998,0.0,0.0,0.0,0.0,0.0,0.0,0.0,
1765986414.3348982,eth-updown-15m-1765986300,1765986300.0,1765987200.0,,785.6651017665863,,,,,0,0,0.97,0.98,IDLE,,,,,,,,,,,,,,0,5,,,,,,,,,,,,,,,,,,,,CAP_FULL,,,,,,,,25.0,25.0,,,,,0,0,,,Inv: 25.0/25.0 CapLeft: 0.0,,,25.0,25.0,50.0,0.0,50.0,0.0,50.0,0.97,0.030000000000000027,5.0,0.4,0.6,0.0,5.0,0.0,0.002,OK
1765986416.3202696,eth-updown-15m-1765986300,1765986300.0,1765987200.0,,783.6797304153442,,,,,0,0,0.98,0.98,IDLE,,,,,,,,,,,,,,0,5,,,,,,,,,,,,,,,,,,,,CAP_FULL,,,,,,,,25.0,25.0,,,,,0,0,,,Inv: 25.0/25.0 CapLeft: 0.0,,,25.0,25.0,50.0,0.0,50.0,0.0,50.0,0.97,0.030000000000000027,5.0,0.4,0.6,0.0,5.0,0.0,0.002,OK
1765986417.721321,eth-updown-15m-1765986300,1765986300.0,1765987200.0,,782.278678894043,,,,,0.45,0.45,0.9,0.98,ORDERS_OPEN,,,,,,,,,,,,,,5,5,,,,,,,,,,,,,,,,,,,,Leg:BOTH UP:5 DOWN:5,,,,,,,,0.0,0.0,,,,,0,0,,,Inv: 0.0/0.0 CapLeft: 50.0,,,0.0,0.0,0.0,50.0,50.0,0.0,50.0,0.9,0.09999999999999998,0.0,0.0,0.0,0.0,0.0,0.0,0.0,
1765986418.257838,eth-updown-15m-1765986300,1765986300.0,1765987200.0,,781.742161989212,,,,,0,0,0.96,0.98,IDLE,,,,,,,,,,,,,,0,5,,,,,,,,,,,,,,,,,,,,CAP_FULL,,,,,,,,25.0,25.0,,,,,0,0,,,Inv: 25.0/25.0 CapLeft: 0.0,,,25.0,25.0,50.0,0.0,50.0,0.0,50.0,0.97,0.030000000000000027,5.0,0.4,0.6,0.0,5.0,0.0,0.002,OK
1765986419.2228885,eth-updown-15m-1765986300,1765986300.0,1765987200.0,,780.777111530304,,,,,0,0,0.9,0.98,ORDERS_OPEN,,,,,,,,,,,,,,0,5,,,,,,,,,,,,,,,,,,,,,,,,,,,,0.0,0.0,,,,,0,0,,,Inv: 0.0/0.0 CapLeft: 50.0,,,0.0,0.0,0.0,50.0,50.0,0.0,50.0,0.9,0.09999999999999998,0.0,0.0,0.0,0.0,0.0,0.0,0.0,
1765986420.2244983,eth-updown-15m-1765986300,1765986300.0,1765987200.0,,779.7755017280579,,,,,0,0,0.97,0.98,IDLE,,,,,,,,,,,,,,0,5,,,,,,,,,,,,,,,,,,,,CAP_FULL,,,,,,,,25.0,25.0,,,,,0,0,,,Inv: 25.0/25.0 CapLeft: 0.0,,,25.0,25.0,50.0,0.0,50.0,0.0,50.0,0.97,0.030000000000000027,5.0,0.4,0.6,0.0,5.0,0.0,0.002,OK
1765986420.7247117,eth-updown-15m-1765986300,1765986300.0,1765987200.0,,779.2752883434296,,,,,0,0,0.9,0.98,ORDERS_OPEN,,,,,,,,,,,,,,0,5,,,,,,,,,,,,,,,,,,,,,,,,,,,,0.0,0.0,,,,,0,0,,,Inv: 0.0/0.0 CapLeft: 50.0,,,0.0,0.0,0.0,50.0,50.0,0.0,50.0,0.9,0.09999999999999998,0.0,0.0,0.0,0.0,0.0,0.0,0.0,
1765986422.226516,eth-updown-15m-1765986300,1765986300.0,1765987200.0,,777.7734839916229,,,,,0,0,0.9,0.98,ORDERS_OPEN,,,,,,,,,,,,,,0,5,,,,,,,,,,,,,,,,,,,,,,,,,,,,0.0,0.0,,,,,0,0,,,Inv: 0.0/0.0 CapLeft: 50.0,,,0.0,0.0,0.0,50.0,50.0,0.0,50.0,0.9,0.09999999999999998,0.0,0.0,0.0,0.0,0.0,0.0,0.0,
1765986422.1786442,eth-updown-15m-1765986300,1765986300.0,1765987200.0,,777.8213558197021,,,,,0,0,0.95,0.98,IDLE,,,,,,,,,,,,,,0,5,,,,,,,,,,,,,,,,,,,,CAP_FULL,,,,,,,,25.0,25.0,,,,,0,0,,,Inv: 25.0/25.0 CapLeft: 0.0,,,25.0,25.0,50.0,0.0,50.0,0.0,50.0,0.97,0.030000000000000027,5.0,0.4,0.6,0.0,5.0,0.0,0.002,OK
1765986423.727897,eth-updown-15m-1765986300,1765986300.0,1765987200.0,,776.2721030712128,,,,,0,0,0.9,0.98,ORDERS_OPEN,,,,,,,,,,,,,,0,5,,,,,,,,,,,,,,,,,,,,,,,,,,,,0.0,0.0,,,,,0,0,,,Inv: 0.0/0.0 CapLeft: 50.0,,,0.0,0.0,0.0,50.0,50.0,0.0,50.0,0.9,0.09999999999999998,0.0,0.0,0.0,0.0,0.0,0.0,0.0,
1765986424.2643437,eth-updown-15m-1765986300,1765986300.0,1765987200.0,,775.7356562614441,,,,,0,0,0.9500000000000001,0.98,IDLE,,,,,,,,,,,,,,0,5,,,,,,,,,,,,,,,,,,,,CAP_FULL,,,,,,,,25.0,25.0,,,,,0,0,,,Inv: 25.0/25.0 CapLeft: 0.0,,,25.0,25.0,50.0,0.0,50.0,0.0,50.0,0.97,0.030000000000000027,5.0,0.4,0.6,0.0,5.0,0.0,0.002,OK
1765986425.2295814,eth-updown-15m-1765986300,1765986300.0,1765987200.0,,774.7704186439514,,,,,0,0,0.9,0.98,ORDERS_OPEN,,,,,,,,,,,,,,0,5,,,,,,,,,,,,,,,,,,,,,,,,,,,,0.0,0.0,,,,,0,0,,,Inv: 0.0/0.0 CapLeft: 50.0,,,0.0,0.0,0.0,50.0,50.0,0.0,50.0,0.9,0.09999999999999998,0.0,0.0,0.0,0.0,0.0,0.0,0.0,
1765986426.2432306,eth-updown-15m-1765986300,1765986300.0,1765987200.0,,773.7567694187164,,,,,0,0,0.98,0.98,IDLE,,,,,,,,,,,,,,0,5,,,,,,,,,,,,,,,,,,,,CAP_FULL,,,,,,,,25.0,25.0,,,,,0,0,,,Inv: 25.0/25.0 CapLeft: 0.0,,,25.0,25.0,50.0,0.0,50.0,0.0,50.0,0.97,0.030000000000000027,5.0,0.4,0.6,0.0,5.0,0.0,0.002,OK
1765986426.7314177,eth-updown-15m-1765986300,1765986300.0,1765987200.0,,773.2685823440552,,,,,0,0,0.9,0.98,ORDERS_OPEN,,,,,,,,,,,,,,0,5,,,,,,,,,,,,,,,,,,,,,,,,,,,,0.0,0.0,,,,,0,0,,,Inv: 0.0/0.0 CapLeft: 50.0,,,0.0,0.0,0.0,50.0,50.0,0.0,50.0,0.9,0.09999999999999998,0.0,0.0,0.0,0.0,0.0,0.0,0.0,
1765986428.2340016,eth-updown-15m-1765986300,1765986300.0,1765987200.0,,771.7659983634949,,,,,0,0,0.9,0.98,ORDERS_OPEN,,,,,,,,,,,,,,0,5,,,,,,,,,,,,,,,,,,,,,,,,,,,,0.0,0.0,,,,,0,0,,,Inv: 0.0/0.0 CapLeft: 50.0,,,0.0,0.0,0.0,50.0,50.0,0.0,50.0,0.9,0.09999999999999998,0.0,0.0,0.0,0.0,0.0,0.0,0.0,
1765986428.2133777,eth-updown-15m-1765986300,1765986300.0,1765987200.0,,771.7866222858429,,,,,0,0,0.98,0.98,IDLE,,,,,,,,,,,,,,0,5,,,,,,,,,,,,,,,,,,,,CAP_FULL,,,,,,,,25.0,25.0,,,,,0,0,,,Inv: 25.0/25.0 CapLeft: 0.0,,,25.0,25.0,50.0,0.0,50.0,0.0,50.0,0.97,0.030000000000000027,5.0,0.4,0.6,0.0,5.0,0.0,0.002,OK
1765986429.7386787,eth-updown-15m-1765986300,1765986300.0,1765987200.0,,770.2613213062286,,,,,0,0,0.9,0.98,ORDERS_OPEN,,,,,,,,,,,,,,0,5,,,,,,,,,,,,,,,,,,,,,,,,,,,,0.0,0.0,,,,,0,0,,,Inv: 0.0/0.0 CapLeft: 50.0,,,0.0,0.0,0.0,50.0,50.0,0.0,50.0,0.9,0.09999999999999998,0.0,0.0,0.0,0.0,0.0,0.0,0.0,
1765986430.1693978,eth-updown-15m-1765986300,1765986300.0,1765987200.0,,769.8306021690369,,,,,0,0,0.98,0.98,IDLE,,,,,,,,,,,,,,0,5,,,,,,,,,,,,,,,,,,,,CAP_FULL,,,,,,,,25.0,25.0,,,,,0,0,,,Inv: 25.0/25.0 CapLeft: 0.0,,,25.0,25.0,50.0,0.0,50.0,0.0,50.0,0.97,0.030000000000000027,5.0,0.4,0.6,0.0,5.0,0.0,0.002,OK
1765986431.2410345,eth-updown-15m-1765986300,1765986300.0,1765987200.0,,768.7589654922485,,,,,0,0,0.9,0.98,ORDERS_OPEN,,,,,,,,,,,,,,0,5,,,,,,,,,,,,,,,,,,,,,,,,,,,,0.0,0.0,,,,,0,0,,,Inv: 0.0/0.0 CapLeft: 50.0,,,0.0,0.0,0.0,50.0,50.0,0.0,50.0,0.9,0.09999999999999998,0.0,0.0,0.0,0.0,0.0,0.0,0.0,
1765986432.1124816,eth-updown-15m-1765986300,1765986300.0,1765987200.0,,767.8875184059143,,,,,0,0,0.99,0.98,IDLE,,,,,,,,,,,,,,0,5,,,,,,,,,,,,,,,,,,,,CAP_FULL,,,,,,,,25.0,25.0,,,,,0,0,,,Inv: 25.0/25.0 CapLeft: 0.0,,,25.0,25.0,50.0,0.0,50.0,0.0,50.0,0.97,0.030000000000000027,5.0,0.4,0.6,0.0,5.0,0.0,0.002,OK
1765986434.2459328,eth-updown-15m-1765986300,1765986300.0,1765987200.0,,765.7540671825409,,,,,0.45,0.45,0.9,0.98,ORDERS_OPEN,,,,,,,,,,,,,,5,5,,,,,,,,,,,,,,,,,,,,Leg:BOTH UP:5 DOWN:5,,,,,,,,0.0,0.0,,,,,0,0,,,Inv: 0.0/0.0 CapLeft: 50.0,,,0.0,0.0,0.0,50.0,50.0,0.0,50.0,0.9,0.09999999999999998,0.0,0.0,0.0,0.0,0.0,0.0,0.0,
1765986434.080706,eth-updown-15m-1765986300,1765986300.0,1765987200.0,,765.9192941188812,,,,,0,0,0.98,0.98,IDLE,,,,,,,,,,,,,,0,5,,,,,,,,,,,,,,,,,,,,CAP_FULL,,,,,,,,25.0,25.0,,,,,0,0,,,Inv: 25.0/25.0 CapLeft: 0.0,,,25.0,25.0,50.0,0.0,50.0,0.0,50.0,0.97,0.030000000000000027,5.0,0.4,0.6,0.0,5.0,0.0,0.002,OK
1765986435.7479415,eth-updown-15m-1765986300,1765986300.0,1765987200.0,,764.252058506012,,,,,0,0,0.9,0.98,ORDERS_OPEN,,,,,,,,,,,,,,0,5,,,,,,,,,,,,,,,,,,,,,,,,,,,,0.0,0.0,,,,,0,0,,,Inv: 0.0/0.0 CapLeft: 50.0,,,0.0,0.0,0.0,50.0,50.0,0.0,50.0,0.9,0.09999999999999998,0.0,0.0,0.0,0.0,0.0,0.0,0.0,
1765986436.0391846,eth-updown-15m-1765986300,1765986300.0,1765987200.0,,763.9608154296875,,,,,0,0,0.99,0.98,IDLE,,,,,,,,,,,,,,0,5,,,,,,,,,,,,,,,,,,,,CAP_FULL,,,,,,,,25.0,25.0,,,,,0,0,,,Inv: 25.0/25.0 CapLeft: 0.0,,,25.0,25.0,50.0,0.0,50.0,0.0,50.0,0.97,0.030000000000000027,5.0,0.4,0.6,0.0,5.0,0.0,0.002,OK
1765986437.2498147,eth-updown-15m-1765986300,1765986300.0,1765987200.0,,762.750185251236,,,,,0,0,0.9,0.98,ORDERS_OPEN,,,,,,,,,,,,,,0,5,,,,,,,,,,,,,,,,,,,,,,,,,,,,0.0,0.0,,,,,0,0,,,Inv: 0.0/0.0 CapLeft: 50.0,,,0.0,0.0,0.0,50.0,50.0,0.0,50.0,0.9,0.09999999999999998,0.0,0.0,0.0,0.0,0.0,0.0,0.0,
1765986437.9746213,eth-updown-15m-1765986300,1765986300.0,1765987200.0,,762.025378704071,,,,,0,0,0.97,0.98,IDLE,,,,,,,,,,,,,,0,5,,,,,,,,,,,,,,,,,,,,CAP_FULL,,,,,,,,25.0,25.0,,,,,0,0,,,Inv: 25.0/25.0 CapLeft: 0.0,,,25.0,25.0,50.0,0.0,50.0,0.0,50.0,0.97,0.030000000000000027,5.0,0.4,0.6,0.0,5.0,0.0,0.002,OK
1765986438.7519557,eth-updown-15m-1765986300,1765986300.0,1765987200.0,,761.2480442523956,,,,,0,0,0.9,0.98,ORDERS_OPEN,,,,,,,,,,,,,,0,5,,,,,,,,,,,,,,,,,,,,,,,,,,,,0.0,0.0,,,,,0,0,,,Inv: 0.0/0.0 CapLeft: 50.0,,,0.0,0.0,0.0,50.0,50.0,0.0,50.0,0.9,0.09999999999999998,0.0,0.0,0.0,0.0,0.0,0.0,0.0,
1765986440.253941,eth-updown-15m-1765986300,1765986300.0,1765987200.0,,759.7460589408875,,,,,0,0,0.9,0.98,ORDERS_OPEN,,,,,,,,,,,,,,0,5,,,,,,,,,,,,,,,,,,,,,,,,,,,,0.0,0.0,,,,,0,0,,,Inv: 0.0/0.0 CapLeft: 50.0,,,0.0,0.0,0.0,50.0,50.0,0.0,50.0,0.9,0.09999999999999998,0.0,0.0,0.0,0.0,0.0,0.0,0.0,
1765986439.941576,eth-updown-15m-1765986300,1765986300.0,1765987200.0,,760.0584239959717,,,,,0,0,0.98,0.98,IDLE,,,,,,,,,,,,,,0,5,,,,,,,,,,,,,,,,,,,,CAP_FULL,,,,,,,,25.0,25.0,,,,,0,0,,,Inv: 25.0/25.0 CapLeft: 0.0,,,25.0,25.0,50.0,0.0,50.0,0.0,50.0,0.97,0.030000000000000027,5.0,0.4,0.6,0.0,5.0,0.0,0.002,OK
1765986441.755959,eth-updown-15m-1765986300,1765986300.0,1765987200.0,,758.2440409660339,,,,,0,0,0.9,0.98,ORDERS_OPEN,,,,,,,,,,,,,,0,5,,,,,,,,,,,,,,,,,,,,,,,,,,,,0.0,0.0,,,,,0,0,,,Inv: 0.0/0.0 CapLeft: 50.0,,,0.0,0.0,0.0,50.0,50.0,0.0,50.0,0.9,0.09999999999999998,0.0,0.0,0.0,0.0,0.0,0.0,0.0,
1765986441.891222,eth-updown-15m-1765986300,1765986300.0,1765987200.0,,758.1087779998779,,,,,0,0,0.97,0.98,IDLE,,,,,,,,,,,,,,0,5,,,,,,,,,,,,,,,,,,,,CAP_FULL,,,,,,,,25.0,25.0,,,,,0,0,,,Inv: 25.0/25.0 CapLeft: 0.0,,,25.0,25.0,50.0,0.0,50.0,0.0,50.0,0.97,0.030000000000000027,5.0,0.4,0.6,0.0,5.0,0.0,0.002,OK
1765986443.2578692,eth-updown-15m-1765986300,1765986300.0,1765987200.0,,756.7421307563782,,,,,0,0,0.9,0.98,ORDERS_OPEN,,,,,,,,,,,,,,0,5,,,,,,,,,,,,,,,,,,,,,,,,,,,,0.0,0.0,,,,,0,0,,,Inv: 0.0/0.0 CapLeft: 50.0,,,0.0,0.0,0.0,50.0,50.0,0.0,50.0,0.9,0.09999999999999998,0.0,0.0,0.0,0.0,0.0,0.0,0.0,
1765986443.829532,eth-updown-15m-1765986300,1765986300.0,1765987200.0,,756.1704680919647,,,,,0,0,0.96,0.98,IDLE,,,,,,,,,,,,,,0,5,,,,,,,,,,,,,,,,,,,,CAP_FULL,,,,,,,,25.0,25.0,,,,,0,0,,,Inv: 25.0/25.0 CapLeft: 0.0,,,25.0,25.0,50.0,0.0,50.0,0.0,50.0,0.97,0.030000000000000027,5.0,0.4,0.6,0.0,5.0,0.0,0.002,OK
1765986444.7592175,eth-updown-15m-1765986300,1765986300.0,1765987200.0,,755.2407824993134,,,,,0,0,0.9,0.98,ORDERS_OPEN,,,,,,,,,,,,,,0,5,,,,,,,,,,,,,,,,,,,,,,,,,,,,0.0,0.0,,,,,0,0,,,Inv: 0.0/0.0 CapLeft: 50.0,,,0.0,0.0,0.0,50.0,50.0,0.0,50.0,0.9,0.09999999999999998,0.0,0.0,0.0,0.0,0.0,0.0,0.0,
1765986445.7583532,eth-updown-15m-1765986300,1765986300.0,1765987200.0,,754.2416467666626,,,,,0,0,0.98,0.98,IDLE,,,,,,,,,,,,,,0,5,,,,,,,,,,,,,,,,,,,,CAP_FULL,,,,,,,,25.0,25.0,,,,,0,0,,,Inv: 25.0/25.0 CapLeft: 0.0,,,25.0,25.0,50.0,0.0,50.0,0.0,50.0,0.97,0.030000000000000027,5.0,0.4,0.6,0.0,5.0,0.0,0.002,OK
1765986446.2613597,eth-updown-15m-1765986300,1765986300.0,1765987200.0,,753.7386403083801,,,,,0,0,0.9,0.98,ORDERS_OPEN,,,,,,,,,,,,,,0,5,,,,,,,,,,,,,,,,,,,,,,,,,,,,0.0,0.0,,,,,0,0,,,Inv: 0.0/0.0 CapLeft: 50.0,,,0.0,0.0,0.0,50.0,50.0,0.0,50.0,0.9,0.09999999999999998,0.0,0.0,0.0,0.0,0.0,0.0,0.0,
1765986447.7629242,eth-updown-15m-1765986300,1765986300.0,1765987200.0,,752.2370758056641,,,,,0,0,0.9,0.98,ORDERS_OPEN,,,,,,,,,,,,,,0,5,,,,,,,,,,,,,,,,,,,,,,,,,,,,0.0,0.0,,,,,0,0,,,Inv: 0.0/0.0 CapLeft: 50.0,,,0.0,0.0,0.0,50.0,50.0,0.0,50.0,0.9,0.09999999999999998,0.0,0.0,0.0,0.0,0.0,0.0,0.0,
1765986447.7148263,eth-updown-15m-1765986300,1765986300.0,1765987200.0,,752.2851736545563,,,,,0,0,0.95,0.98,IDLE,,,,,,,,,,,,,,0,5,,,,,,,,,,,,,,,,,,,,CAP_FULL,,,,,,,,25.0,25.0,,,,,0,0,,,Inv: 25.0/25.0 CapLeft: 0.0,,,25.0,25.0,50.0,0.0,50.0,0.0,50.0,0.97,0.030000000000000027,5.0,0.4,0.6,0.0,5.0,0.0,0.002,OK
1765986449.6941664,eth-updown-15m-1765986300,1765986300.0,1765987200.0,,750.3058335781097,,,,,0,0,0.98,0.98,IDLE,,,,,,,,,,,,,,0,5,,,,,,,,,,,,,,,,,,,,CAP_FULL,,,,,,,,25.0,25.0,,,,,0,0,,,Inv: 25.0/25.0 CapLeft: 0.0,,,25.0,25.0,50.0,0.0,50.0,0.0,50.0,0.97,0.030000000000000027,5.0,0.4,0.6,0.0,5.0,0.0,0.002,OK
1765986450.765696,eth-updown-15m-1765986300,1765986300.0,1765987200.0,,749.2343039512634,,,,,0.45,0.45,0.9,0.98,ORDERS_OPEN,,,,,,,,,,,,,,5,5,,,,,,,,,,,,,,,,,,,,Leg:BOTH UP:5 DOWN:5,,,,,,,,0.0,0.0,,,,,0,0,,,Inv: 0.0/0.0 CapLeft: 50.0,,,0.0,0.0,0.0,50.0,50.0,0.0,50.0,0.9,0.09999999999999998,0.0,0.0,0.0,0.0,0.0,0.0,0.0,
1765986451.6416738,eth-updown-15m-1765986300,1765986300.0,1765987200.0,,748.3583261966705,,,,,0,0,0.97,0.98,IDLE,,,,,,,,,,,,,,0,5,,,,,,,,,,,,,,,,,,,,CAP_FULL,,,,,,,,25.0,25.0,,,,,0,0,,,Inv: 25.0/25.0 CapLeft: 0.0,,,25.0,25.0,50.0,0.0,50.0,0.0,50.0,0.97,0.030000000000000027,5.0,0.4,0.6,0.0,5.0,0.0,0.002,OK
1765986452.2679498,eth-updown-15m-1765986300,1765986300.0,1765987200.0,,747.7320501804352,,,,,0,0,0.9,0.98,ORDERS_OPEN,,,,,,,,,,,,,,0,5,,,,,,,,,,,,,,,,,,,,,,,,,,,,0.0,0.0,,,,,0,0,,,Inv: 0.0/0.0 CapLeft: 50.0,,,0.0,0.0,0.0,50.0,50.0,0.0,50.0,0.9,0.09999999999999998,0.0,0.0,0.0,0.0,0.0,0.0,0.0,
1765986453.7694538,eth-updown-15m-1765986300,1765986300.0,1765987200.0,,746.2305462360382,,,,,0,0,0.9,0.98,ORDERS_OPEN,,,,,,,,,,,,,,0,5,,,,,,,,,,,,,,,,,,,,,,,,,,,,0.0,0.0,,,,,0,0,,,Inv: 0.0/0.0 CapLeft: 50.0,,,0.0,0.0,0.0,50.0,50.0,0.0,50.0,0.9,0.09999999999999998,0.0,0.0,0.0,0.0,0.0,0.0,0.0,
1765986453.5774996,eth-updown-15m-1765986300,1765986300.0,1765987200.0,,746.422500371933,,,,,0,0,0.98,0.98,IDLE,,,,,,,,,,,,,,0,5,,,,,,,,,,,,,,,,,,,,CAP_FULL,,,,,,,,25.0,25.0,,,,,0,0,,,Inv: 25.0/25.0 CapLeft: 0.0,,,25.0,25.0,50.0,0.0,50.0,0.0,50.0,0.97,0.030000000000000027,5.0,0.4,0.6,0.0,5.0,0.0,0.002,OK
1765986455.2711658,eth-updown-15m-1765986300,1765986300.0,1765987200.0,,744.7288341522217,,,,,0,0,0.9,0.98,ORDERS_OPEN,,,,,,,,,,,,,,0,5,,,,,,,,,,,,,,,,,,,,,,,,,,,,0.0,0.0,,,,,0,0,,,Inv: 0.0/0.0 CapLeft: 50.0,,,0.0,0.0,0.0,50.0,50.0,0.0,50.0,0.9,0.09999999999999998,0.0,0.0,0.0,0.0,0.0,0.0,0.0,
1765986455.5128758,eth-updown-15m-1765986300,1765986300.0,1765987200.0,,744.4871242046356,,,,,0,0,0.95,0.98,IDLE,,,,,,,,,,,,,,0,5,,,,,,,,,,,,,,,,,,,,CAP_FULL,,,,,,,,25.0,25.0,,,,,0,0,,,Inv: 25.0/25.0 CapLeft: 0.0,,,25.0,25.0,50.0,0.0,50.0,0.0,50.0,0.97,0.030000000000000027,5.0,0.4,0.6,0.0,5.0,0.0,0.002,OK
1765986456.774783,eth-updown-15m-1765986300,1765986300.0,1765987200.0,,743.2252171039581,,,,,0,0,0.9,0.98,ORDERS_OPEN,,,,,,,,,,,,,,0,5,,,,,,,,,,,,,,,,,,,,,,,,,,,,0.0,0.0,,,,,0,0,,,Inv: 0.0/0.0 CapLeft: 50.0,,,0.0,0.0,0.0,50.0,50.0,0.0,50.0,0.9,0.09999999999999998,0.0,0.0,0.0,0.0,0.0,0.0,0.0,
1765986457.4391737,eth-updown-15m-1765986300,1765986300.0,1765987200.0,,742.5608263015747,,,,,0,0,0.97,0.98,IDLE,,,,,,,,,,,,,,0,5,,,,,,,,,,,,,,,,,,,,CAP_FULL,,,,,,,,25.0,25.0,,,,,0,0,,,Inv: 25.0/25.0 CapLeft: 0.0,,,25.0,25.0,50.0,0.0,50.0,0.0,50.0,0.97,0.030000000000000027,5.0,0.4,0.6,0.0,5.0,0.0,0.002,OK
1765986458.2764661,eth-updown-15m-1765986300,1765986300.0,1765987200.0,,741.7235338687897,,,,,0,0,0.9,0.98,ORDERS_OPEN,,,,,,,,,,,,,,0,5,,,,,,,,,,,,,,,,,,,,,,,,,,,,0.0,0.0,,,,,0,0,,,Inv: 0.0/0.0 CapLeft: 50.0,,,0.0,0.0,0.0,50.0,50.0,0.0,50.0,0.9,0.09999999999999998,0.0,0.0,0.0,0.0,0.0,0.0,0.0,
1765986459.7783809,eth-updown-15m-1765986300,1765986300.0,1765987200.0,,740.2216191291809,,,,,0,0,0.9,0.98,ORDERS_OPEN,,,,,,,,,,,,,,0,5,,,,,,,,,,,,,,,,,,,,,,,,,,,,0.0,0.0,,,,,0,0,,,Inv: 0.0/0.0 CapLeft: 50.0,,,0.0,0.0,0.0,50.0,50.0,0.0,50.0,0.9,0.09999999999999998,0.0,0.0,0.0,0.0,0.0,0.0,0.0,
1765986459.3824286,eth-updown-15m-1765986300,1765986300.0,1765987200.0,,740.6175713539124,,,,,0,0,0.98,0.98,IDLE,,,,,,,,,,,,,,0,5,,,,,,,,,,,,,,,,,,,,CAP_FULL,,,,,,,,25.0,25.0,,,,,0,0,,,Inv: 25.0/25.0 CapLeft: 0.0,,,25.0,25.0,50.0,0.0,50.0,0.0,50.0,0.97,0.030000000000000027,5.0,0.4,0.6,0.0,5.0,0.0,0.002,OK
1765986461.2801628,eth-updown-15m-1765986300,1765986300.0,1765987200.0,,738.7198371887207,,,,,0,0,0.9,0.98,ORDERS_OPEN,,,,,,,,,,,,,,0,5,,,,,,,,,,,,,,,,,,,,,,,,,,,,0.0,0.0,,,,,0,0,,,Inv: 0.0/0.0 CapLeft: 50.0,,,0.0,0.0,0.0,50.0,50.0,0.0,50.0,0.9,0.09999999999999998,0.0,0.0,0.0,0.0,0.0,0.0,0.0,
1765986461.3247635,eth-updown-15m-1765986300,1765986300.0,1765987200.0,,738.6752364635468,,,,,0,0,0.96,0.98,IDLE,,,,,,,,,,,,,,0,5,,,,,,,,,,,,,,,,,,,,CAP_FULL,,,,,,,,25.0,25.0,,,,,0,0,,,Inv: 25.0/25.0 CapLeft: 0.0,,,25.0,25.0,50.0,0.0,50.0,0.0,50.0,0.97,0.030000000000000027,5.0,0.4,0.6,0.0,5.0,0.0,0.002,OK
1765986462.7819917,eth-updown-15m-1765986300,1765986300.0,1765987200.0,,737.2180082798004,,,,,0,0,0.9,0.98,ORDERS_OPEN,,,,,,,,,,,,,,0,5,,,,,,,,,,,,,,,,,,,,,,,,,,,,0.0,0.0,,,,,0,0,,,Inv: 0.0/0.0 CapLeft: 50.0,,,0.0,0.0,0.0,50.0,50.0,0.0,50.0,0.9,0.09999999999999998,0.0,0.0,0.0,0.0,0.0,0.0,0.0,
1765986463.2910101,eth-updown-15m-1765986300,1765986300.0,1765987200.0,,736.7089898586273,,,,,0,0,0.96,0.98,IDLE,,,,,,,,,,,,,,0,5,,,,,,,,,,,,,,,,,,,,CAP_FULL,,,,,,,,25.0,25.0,,,,,0,0,,,Inv: 25.0/25.0 CapLeft: 0.0,,,25.0,25.0,50.0,0.0,50.0,0.0,50.0,0.97,0.030000000000000027,5.0,0.4,0.6,0.0,5.0,0.0,0.002,OK
1765986464.2839475,eth-updown-15m-1765986300,1765986300.0,1765987200.0,,735.716052532196,,,,,0,0,0.9,0.98,ORDERS_OPEN,,,,,,,,,,,,,,0,5,,,,,,,,,,,,,,,,,,,,,,,,,,,,0.0,0.0,,,,,0,0,,,Inv: 0.0/0.0 CapLeft: 50.0,,,0.0,0.0,0.0,50.0,50.0,0.0,50.0,0.9,0.09999999999999998,0.0,0.0,0.0,0.0,0.0,0.0,0.0,
1765986465.22518,eth-updown-15m-1765986300,1765986300.0,1765987200.0,,734.7748200893402,,,,,0,0,0.97,0.98,IDLE,,,,,,,,,,,,,,0,5,,,,,,,,,,,,,,,,,,,,CAP_FULL,,,,,,,,25.0,25.0,,,,,0,0,,,Inv: 25.0/25.0 CapLeft: 0.0,,,25.0,25.0,50.0,0.0,50.0,0.0,50.0,0.97,0.030000000000000027,5.0,0.4,0.6,0.0,5.0,0.0,0.002,OK
1765986467.2882528,eth-updown-15m-1765986300,1765986300.0,1765987200.0,,732.7117471694946,,,,,0.45,0.45,0.9,0.98,ORDERS_OPEN,,,,,,,,,,,,,,5,5,,,,,,,,,,,,,,,,,,,,Leg:BOTH UP:5 DOWN:5,,,,,,,,0.0,0.0,,,,,0,0,,,Inv: 0.0/0.0 CapLeft: 50.0,,,0.0,0.0,0.0,50.0,50.0,0.0,50.0,0.9,0.09999999999999998,0.0,0.0,0.0,0.0,0.0,0.0,0.0,
1765986467.1826923,eth-updown-15m-1765986300,1765986300.0,1765987200.0,,732.8173077106476,,,,,0,0,1.0,0.98,IDLE,,,,,,,,,,,,,,0,5,,,,,,,,,,,,,,,,,,,,CAP_FULL,,,,,,,,25.0,25.0,,,,,0,0,,,Inv: 25.0/25.0 CapLeft: 0.0,,,25.0,25.0,50.0,0.0,50.0,0.0,50.0,0.97,0.030000000000000027,5.0,0.4,0.6,0.0,5.0,0.0,0.002,OK
1765986468.7901719,eth-updown-15m-1765986300,1765986300.0,1765987200.0,,731.2098281383514,,,,,0,0,0.9,0.98,ORDERS_OPEN,,,,,,,,,,,,,,0,5,,,,,,,,,,,,,,,,,,,,,,,,,,,,0.0,0.0,,,,,0,0,,,Inv: 0.0/0.0 CapLeft: 50.0,,,0.0,0.0,0.0,50.0,50.0,0.0,50.0,0.9,0.09999999999999998,0.0,0.0,0.0,0.0,0.0,0.0,0.0,
1765986469.1374495,eth-updown-15m-1765986300,1765986300.0,1765987200.0,,730.862550497055,,,,,0,0,0.99,0.98,IDLE,,,,,,,,,,,,,,0,5,,,,,,,,,,,,,,,,,,,,CAP_FULL,,,,,,,,25.0,25.0,,,,,0,0,,,Inv: 25.0/25.0 CapLeft: 0.0,,,25.0,25.0,50.0,0.0,50.0,0.0,50.0,0.97,0.030000000000000027,5.0,0.4,0.6,0.0,5.0,0.0,0.002,OK
1765986470.2918994,eth-updown-15m-1765986300,1765986300.0,1765987200.0,,729.7081005573273,,,,,0,0,0.9,0.98,ORDERS_OPEN,,,,,,,,,,,,,,0,5,,,,,,,,,,,,,,,,,,,,,,,,,,,,0.0,0.0,,,,,0,0,,,Inv: 0.0/0.0 CapLeft: 50.0,,,0.0,0.0,0.0,50.0,50.0,0.0,50.0,0.9,0.09999999999999998,0.0,0.0,0.0,0.0,0.0,0.0,0.0,
1765986471.085493,eth-updown-15m-1765986300,1765986300.0,1765987200.0,,728.9145069122314,,,,,0,0,0.97,0.98,IDLE,,,,,,,,,,,,,,0,5,,,,,,,,,,,,,,,,,,,,CAP_FULL,,,,,,,,25.0,25.0,,,,,0,0,,,Inv: 25.0/25.0 CapLeft: 0.0,,,25.0,25.0,50.0,0.0,50.0,0.0,50.0,0.97,0.030000000000000027,5.0,0.4,0.6,0.0,5.0,0.0,0.002,OK
1765986471.7941146,eth-updown-15m-1765986300,1765986300.0,1765987200.0,,728.2058854103088,,,,,0,0,0.9,0.98,ORDERS_OPEN,,,,,,,,,,,,,,0,5,,,,,,,,,,,,,,,,,,,,,,,,,,,,0.0,0.0,,,,,0,0,,,Inv: 0.0/0.0 CapLeft: 50.0,,,0.0,0.0,0.0,50.0,50.0,0.0,50.0,0.9,0.09999999999999998,0.0,0.0,0.0,0.0,0.0,0.0,0.0,
1765986473.2973847,eth-updown-15m-1765986300,1765986300.0,1765987200.0,,726.7026152610779,,,,,0,0,0.9,0.98,ORDERS_OPEN,,,,,,,,,,,,,,0,5,,,,,,,,,,,,,,,,,,,,,,,,,,,,0.0,0.0,,,,,0,0,,,Inv: 0.0/0.0 CapLeft: 50.0,,,0.0,0.0,0.0,50.0,50.0,0.0,50.0,0.9,0.09999999999999998,0.0,0.0,0.0,0.0,0.0,0.0,0.0,
1765986473.0211136,eth-updown-15m-1765986300,1765986300.0,1765987200.0,,726.9788863658905,,,,,0,0,0.98,0.98,IDLE,,,,,,,,,,,,,,0,5,,,,,,,,,,,,,,,,,,,,CAP_FULL,,,,,,,,25.0,25.0,,,,,0,0,,,Inv: 25.0/25.0 CapLeft: 0.0,,,25.0,25.0,50.0,0.0,50.0,0.0,50.0,0.97,0.030000000000000027,5.0,0.4,0.6,0.0,5.0,0.0,0.002,OK
1765986474.7985618,eth-updown-15m-1765986300,1765986300.0,1765987200.0,,725.2014381885529,,,,,0,0,0.9,0.98,ORDERS_OPEN,,,,,,,,,,,,,,0,5,,,,,,,,,,,,,,,,,,,,,,,,,,,,0.0,0.0,,,,,0,0,,,Inv: 0.0/0.0 CapLeft: 50.0,,,0.0,0.0,0.0,50.0,50.0,0.0,50.0,0.9,0.09999999999999998,0.0,0.0,0.0,0.0,0.0,0.0,0.0,
1765986474.9765701,eth-updown-15m-1765986300,1765986300.0,1765987200.0,,725.0234298706055,,,,,0,0,0.99,0.98,IDLE,,,,,,,,,,,,,,0,5,,,,,,,,,,,,,,,,,,,,CAP_FULL,,,,,,,,25.0,25.0,,,,,0,0,,,Inv: 25.0/25.0 CapLeft: 0.0,,,25.0,25.0,50.0,0.0,50.0,0.0,50.0,0.97,0.030000000000000027,5.0,0.4,0.6,0.0,5.0,0.0,0.002,OK
1765986476.3001254,eth-updown-15m-1765986300,1765986300.0,1765987200.0,,723.6998746395111,,,,,0,0,0.9,0.98,ORDERS_OPEN,,,,,,,,,,,,,,0,5,,,,,,,,,,,,,,,,,,,,,,,,,,,,0.0,0.0,,,,,0,0,,,Inv: 0.0/0.0 CapLeft: 50.0,,,0.0,0.0,0.0,50.0,50.0,0.0,50.0,0.9,0.09999999999999998,0.0,0.0,0.0,0.0,0.0,0.0,0.0,
1765986477.030486,eth-updown-15m-1765986300,1765986300.0,1765987200.0,,722.9695138931274,,,,,0,0,0.99,0.98,IDLE,,,,,,,,,,,,,,0,5,,,,,,,,,,,,,,,,,,,,CAP_FULL,,,,,,,,25.0,25.0,,,,,0,0,,,Inv: 25.0/25.0 CapLeft: 0.0,,,25.0,25.0,50.0,0.0,50.0,0.0,50.0,0.97,0.030000000000000027,5.0,0.4,0.6,0.0,5.0,0.0,0.002,OK
1765986477.8021219,eth-updown-15m-1765986300,1765986300.0,1765987200.0,,722.1978781223297,,,,,0,0,0.9,0.98,ORDERS_OPEN,,,,,,,,,,,,,,0,5,,,,,,,,,,,,,,,,,,,,,,,,,,,,0.0,0.0,,,,,0,0,,,Inv: 0.0/0.0 CapLeft: 50.0,,,0.0,0.0,0.0,50.0,50.0,0.0,50.0,0.9,0.09999999999999998,0.0,0.0,0.0,0.0,0.0,0.0,0.0,
1765986479.3035252,eth-updown-15m-1765986300,1765986300.0,1765987200.0,,720.6964747905731,,,,,0,0,0.9,0.98,ORDERS_OPEN,,,,,,,,,,,,,,0,5,,,,,,,,,,,,,,,,,,,,,,,,,,,,0.0,0.0,,,,,0,0,,,Inv: 0.0/0.0 CapLeft: 50.0,,,0.0,0.0,0.0,50.0,50.0,0.0,50.0,0.9,0.09999999999999998,0.0,0.0,0.0,0.0,0.0,0.0,0.0,
1765986479.091104,eth-updown-15m-1765986300,1765986300.0,1765987200.0,,720.9088959693909,,,,,0,0,0.97,0.98,IDLE,,,,,,,,,,,,,,0,5,,,,,,,,,,,,,,,,,,,,CAP_FULL,,,,,,,,25.0,25.0,,,,,0,0,,,Inv: 25.0/25.0 CapLeft: 0.0,,,25.0,25.0,50.0,0.0,50.0,0.0,50.0,0.97,0.030000000000000027,5.0,0.4,0.6,0.0,5.0,0.0,0.002,OK
1765986480.8055499,eth-updown-15m-1765986300,1765986300.0,1765987200.0,,719.1944501399994,,,,,0,0,0.9,0.98,ORDERS_OPEN,,,,,,,,,,,,,,0,5,,,,,,,,,,,,,,,,,,,,,,,,,,,,0.0,0.0,,,,,0,0,,,Inv: 0.0/0.0 CapLeft: 50.0,,,0.0,0.0,0.0,50.0,50.0,0.0,50.0,0.9,0.09999999999999998,0.0,0.0,0.0,0.0,0.0,0.0,0.0,
1765986481.053649,eth-updown-15m-1765986300,1765986300.0,1765987200.0,,718.9463510513306,,,,,0,0,0.98,0.98,IDLE,,,,,,,,,,,,,,0,5,,,,,,,,,,,,,,,,,,,,CAP_FULL,,,,,,,,25.0,25.0,,,,,0,0,,,Inv: 25.0/25.0 CapLeft: 0.0,,,25.0,25.0,50.0,0.0,50.0,0.0,50.0,0.97,0.030000000000000027,5.0,0.4,0.6,0.0,5.0,0.0,0.002,OK
1765986483.0737293,eth-updown-15m-1765986300,1765986300.0,1765987200.0,,716.9262707233429,,,,,0,0,0.98,0.98,IDLE,,,,,,,,,,,,,,0,5,,,,,,,,,,,,,,,,,,,,CAP_FULL,,,,,,,,25.0,25.0,,,,,0,0,,,Inv: 25.0/25.0 CapLeft: 0.0,,,25.0,25.0,50.0,0.0,50.0,0.0,50.0,0.97,0.030000000000000027,5.0,0.4,0.6,0.0,5.0,0.0,0.002,OK
1765986483.8081899,eth-updown-15m-1765986300,1765986300.0,1765987200.0,,716.191810131073,,,,,0.45,0.45,0.9,0.98,ORDERS_OPEN,,,,,,,,,,,,,,5,5,,,,,,,,,,,,,,,,,,,,Leg:BOTH UP:5 DOWN:5,,,,,,,,0.0,0.0,,,,,0,0,,,Inv: 0.0/0.0 CapLeft: 50.0,,,0.0,0.0,0.0,50.0,50.0,0.0,50.0,0.9,0.09999999999999998,0.0,0.0,0.0,0.0,0.0,0.0,0.0,
1765986485.3094394,eth-updown-15m-1765986300,1765986300.0,1765987200.0,,714.6905605792999,,,,,0,0,0.9,0.98,ORDERS_OPEN,,,,,,,,,,,,,,0,5,,,,,,,,,,,,,,,,,,,,,,,,,,,,0.0,0.0,,,,,0,0,,,Inv: 0.0/0.0 CapLeft: 50.0,,,0.0,0.0,0.0,50.0,50.0,0.0,50.0,0.9,0.09999999999999998,0.0,0.0,0.0,0.0,0.0,0.0,0.0,
1765986485.0347672,eth-updown-15m-1765986300,1765986300.0,1765987200.0,,714.9652328491211,,,,,0,0,0.98,0.98,IDLE,,,,,,,,,,,,,,0,5,,,,,,,,,,,,,,,,,,,,CAP_FULL,,,,,,,,25.0,25.0,,,,,0,0,,,Inv: 25.0/25.0 CapLeft: 0.0,,,25.0,25.0,50.0,0.0,50.0,0.0,50.0,0.97,0.030000000000000027,5.0,0.4,0.6,0.0,5.0,0.0,0.002,OK
1765986486.8107738,eth-updown-15m-1765986300,1765986300.0,1765987200.0,,713.1892261505127,,,,,0,0,0.9,0.98,ORDERS_OPEN,,,,,,,,,,,,,,0,5,,,,,,,,,,,,,,,,,,,,,,,,,,,,0.0,0.0,,,,,0,0,,,Inv: 0.0/0.0 CapLeft: 50.0,,,0.0,0.0,0.0,50.0,50.0,0.0,50.0,0.9,0.09999999999999998,0.0,0.0,0.0,0.0,0.0,0.0,0.0,
1765986486.9714315,eth-updown-15m-1765986300,1765986300.0,1765987200.0,,713.0285685062408,,,,,0,0,0.97,0.98,IDLE,,,,,,,,,,,,,,0,5,,,,,,,,,,,,,,,,,,,,CAP_FULL,,,,,,,,25.0,25.0,,,,,0,0,,,Inv: 25.0/25.0 CapLeft: 0.0,,,25.0,25.0,50.0,0.0,50.0,0.0,50.0,0.97,0.030000000000000027,5.0,0.4,0.6,0.0,5.0,0.0,0.002,OK
1765986488.3127213,eth-updown-15m-1765986300,1765986300.0,1765987200.0,,711.6872787475586,,,,,0,0,0.9,0.98,ORDERS_OPEN,,,,,,,,,,,,,,0,5,,,,,,,,,,,,,,,,,,,,,,,,,,,,0.0,0.0,,,,,0,0,,,Inv: 0.0/0.0 CapLeft: 50.0,,,0.0,0.0,0.0,50.0,50.0,0.0,50.0,0.9,0.09999999999999998,0.0,0.0,0.0,0.0,0.0,0.0,0.0,
1765986488.9102619,eth-updown-15m-1765986300,1765986300.0,1765987200.0,,711.0897381305695,,,,,0,0,0.97,0.98,IDLE,,,,,,,,,,,,,,0,5,,,,,,,,,,,,,,,,,,,,CAP_FULL,,,,,,,,25.0,25.0,,,,,0,0,,,Inv: 25.0/25.0 CapLeft: 0.0,,,25.0,25.0,50.0,0.0,50.0,0.0,50.0,0.97,0.030000000000000027,5.0,0.4,0.6,0.0,5.0,0.0,0.002,OK
1765986489.8147495,eth-updown-15m-1765986300,1765986300.0,1765987200.0,,710.1852505207062,,,,,0,0,0.9,0.98,ORDERS_OPEN,,,,,,,,,,,,,,0,5,,,,,,,,,,,,,,,,,,,,,,,,,,,,0.0,0.0,,,,,0,0,,,Inv: 0.0/0.0 CapLeft: 50.0,,,0.0,0.0,0.0,50.0,50.0,0.0,50.0,0.9,0.09999999999999998,0.0,0.0,0.0,0.0,0.0,0.0,0.0,
1765986491.3169034,eth-updown-15m-1765986300,1765986300.0,1765987200.0,,708.6830966472626,,,,,0,0,0.9,0.98,ORDERS_OPEN,,,,,,,,,,,,,,0,5,,,,,,,,,,,,,,,,,,,,,,,,,,,,0.0,0.0,,,,,0,0,,,Inv: 0.0/0.0 CapLeft: 50.0,,,0.0,0.0,0.0,50.0,50.0,0.0,50.0,0.9,0.09999999999999998,0.0,0.0,0.0,0.0,0.0,0.0,0.0,
1765986490.8775396,eth-updown-15m-1765986300,1765986300.0,1765987200.0,,709.1224603652954,,,,,0,0,0.99,0.98,IDLE,,,,,,,,,,,,,,0,5,,,,,,,,,,,,,,,,,,,,CAP_FULL,,,,,,,,25.0,25.0,,,,,0,0,,,Inv: 25.0/25.0 CapLeft: 0.0,,,25.0,25.0,50.0,0.0,50.0,0.0,50.0,0.97,0.030000000000000027,5.0,0.4,0.6,0.0,5.0,0.0,0.002,OK
1765986492.8192515,eth-updown-15m-1765986300,1765986300.0,1765987200.0,,707.180748462677,,,,,0,0,0.9,0.98,ORDERS_OPEN,,,,,,,,,,,,,,0,5,,,,,,,,,,,,,,,,,,,,,,,,,,,,0.0,0.0,,,,,0,0,,,Inv: 0.0/0.0 CapLeft: 50.0,,,0.0,0.0,0.0,50.0,50.0,0.0,50.0,0.9,0.09999999999999998,0.0,0.0,0.0,0.0,0.0,0.0,0.0,
1765986492.8202562,eth-updown-15m-1765986300,1765986300.0,1765987200.0,,707.1797437667847,,,,,0,0,0.99,0.98,IDLE,,,,,,,,,,,,,,0,5,,,,,,,,,,,,,,,,,,,,CAP_FULL,,,,,,,,25.0,25.0,,,,,0,0,,,Inv: 25.0/25.0 CapLeft: 0.0,,,25.0,25.0,50.0,0.0,50.0,0.0,50.0,0.97,0.030000000000000027,5.0,0.4,0.6,0.0,5.0,0.0,0.002,OK
1765986494.3210866,eth-updown-15m-1765986300,1765986300.0,1765987200.0,,705.6789133548737,,,,,0,0,0.9,0.98,ORDERS_OPEN,,,,,,,,,,,,,,0,5,,,,,,,,,,,,,,,,,,,,,,,,,,,,0.0,0.0,,,,,0,0,,,Inv: 0.0/0.0 CapLeft: 50.0,,,0.0,0.0,0.0,50.0,50.0,0.0,50.0,0.9,0.09999999999999998,0.0,0.0,0.0,0.0,0.0,0.0,0.0,
1765986494.7793424,eth-updown-15m-1765986300,1765986300.0,1765987200.0,,705.2206575870514,,,,,0,0,0.97,0.98,IDLE,,,,,,,,,,,,,,0,5,,,,,,,,,,,,,,,,,,,,CAP_FULL,,,,,,,,25.0,25.0,,,,,0,0,,,Inv: 25.0/25.0 CapLeft: 0.0,,,25.0,25.0,50.0,0.0,50.0,0.0,50.0,0.97,0.030000000000000027,5.0,0.4,0.6,0.0,5.0,0.0,0.002,OK
1765986495.8234944,eth-updown-15m-1765986300,1765986300.0,1765987200.0,,704.1765055656433,,,,,0,0,0.9,0.98,ORDERS_OPEN,,,,,,,,,,,,,,0,5,,,,,,,,,,,,,,,,,,,,,,,,,,,,0.0,0.0,,,,,0,0,,,Inv: 0.0/0.0 CapLeft: 50.0,,,0.0,0.0,0.0,50.0,50.0,0.0,50.0,0.9,0.09999999999999998,0.0,0.0,0.0,0.0,0.0,0.0,0.0,
1765986496.7374465,eth-updown-15m-1765986300,1765986300.0,1765987200.0,,703.2625534534454,,,,,0,0,0.97,0.98,IDLE,,,,,,,,,,,,,,0,5,,,,,,,,,,,,,,,,,,,,CAP_FULL,,,,,,,,25.0,25.0,,,,,0,0,,,Inv: 25.0/25.0 CapLeft: 0.0,,,25.0,25.0,50.0,0.0,50.0,0.0,50.0,0.97,0.030000000000000027,5.0,0.4,0.6,0.0,5.0,0.0,0.002,OK
1765986497.32662,eth-updown-15m-1765986300,1765986300.0,1765987200.0,,702.6733798980713,,,,,0,0,0.9,0.98,ORDERS_OPEN,,,,,,,,,,,,,,0,5,,,,,,,,,,,,,,,,,,,,,,,,,,,,0.0,0.0,,,,,0,0,,,Inv: 0.0/0.0 CapLeft: 50.0,,,0.0,0.0,0.0,50.0,50.0,0.0,50.0,0.9,0.09999999999999998,0.0,0.0,0.0,0.0,0.0,0.0,0.0,
1765986498.727445,eth-updown-15m-1765986300,1765986300.0,1765987200.0,,701.2725551128387,,,,,0,0,0.97,0.98,IDLE,,,,,,,,,,,,,,0,5,,,,,,,,,,,,,,,,,,,,CAP_FULL,,,,,,,,25.0,25.0,,,,,0,0,,,Inv: 25.0/25.0 CapLeft: 0.0,,,25.0,25.0,50.0,0.0,50.0,0.0,50.0,0.97,0.030000000000000027,5.0,0.4,0.6,0.0,5.0,0.0,0.002,OK
1765986500.3293583,eth-updown-15m-1765986300,1765986300.0,1765987200.0,,699.6706416606903,,,,,0.45,0.45,0.9,0.98,ORDERS_OPEN,,,,,,,,,,,,,,5,5,,,,,,,,,,,,,,,,,,,,Leg:BOTH UP:5 DOWN:5,,,,,,,,0.0,0.0,,,,,0,0,,,Inv: 0.0/0.0 CapLeft: 50.0,,,0.0,0.0,0.0,50.0,50.0,0.0,50.0,0.9,0.09999999999999998,0.0,0.0,0.0,0.0,0.0,0.0,0.0,
1765986500.7338204,eth-updown-15m-1765986300,1765986300.0,1765987200.0,,699.266179561615,,,,,0,0,0.97,0.98,IDLE,,,,,,,,,,,,,,0,5,,,,,,,,,,,,,,,,,,,,CAP_FULL,,,,,,,,25.0,25.0,,,,,0,0,,,Inv: 25.0/25.0 CapLeft: 0.0,,,25.0,25.0,50.0,0.0,50.0,0.0,50.0,0.97,0.030000000000000027,5.0,0.4,0.6,0.0,5.0,0.0,0.002,OK
1765986501.830954,eth-updown-15m-1765986300,1765986300.0,1765987200.0,,698.1690459251404,,,,,0,0,0.9,0.98,ORDERS_OPEN,,,,,,,,,,,,,,0,5,,,,,,,,,,,,,,,,,,,,,,,,,,,,0.0,0.0,,,,,0,0,,,Inv: 0.0/0.0 CapLeft: 50.0,,,0.0,0.0,0.0,50.0,50.0,0.0,50.0,0.9,0.09999999999999998,0.0,0.0,0.0,0.0,0.0,0.0,0.0,
1765986502.6809764,eth-updown-15m-1765986300,1765986300.0,1765987200.0,,697.3190236091614,,,,,0,0,0.97,0.98,IDLE,,,,,,,,,,,,,,0,5,,,,,,,,,,,,,,,,,,,,CAP_FULL,,,,,,,,25.0,25.0,,,,,0,0,,,Inv: 25.0/25.0 CapLeft: 0.0,,,25.0,25.0,50.0,0.0,50.0,0.0,50.0,0.97,0.030000000000000027,5.0,0.4,0.6,0.0,5.0,0.0,0.002,OK
1765986503.3326223,eth-updown-15m-1765986300,1765986300.0,1765987200.0,,696.6673777103424,,,,,0,0,0.9,0.98,ORDERS_OPEN,,,,,,,,,,,,,,0,5,,,,,,,,,,,,,,,,,,,,,,,,,,,,0.0,0.0,,,,,0,0,,,Inv: 0.0/0.0 CapLeft: 50.0,,,0.0,0.0,0.0,50.0,50.0,0.0,50.0,0.9,0.09999999999999998,0.0,0.0,0.0,0.0,0.0,0.0,0.0,
1765986504.8346732,eth-updown-15m-1765986300,1765986300.0,1765987200.0,,695.165326833725,,,,,0,0,0.9,0.98,ORDERS_OPEN,,,,,,,,,,,,,,0,5,,,,,,,,,,,,,,,,,,,,,,,,,,,,0.0,0.0,,,,,0,0,,,Inv: 0.0/0.0 CapLeft: 50.0,,,0.0,0.0,0.0,50.0,50.0,0.0,50.0,0.9,0.09999999999999998,0.0,0.0,0.0,0.0,0.0,0.0,0.0,
1765986504.6775658,eth-updown-15m-1765986300,1765986300.0,1765987200.0,,695.3224341869354,,,,,0,0,0.97,0.98,IDLE,,,,,,,,,,,,,,0,5,,,,,,,,,,,,,,,,,,,,CAP_FULL,,,,,,,,25.0,25.0,,,,,0,0,,,Inv: 25.0/25.0 CapLeft: 0.0,,,25.0,25.0,50.0,0.0,50.0,0.0,50.0,0.97,0.030000000000000027,5.0,0.4,0.6,0.0,5.0,0.0,0.002,OK
1765986506.3367755,eth-updown-15m-1765986300,1765986300.0,1765987200.0,,693.6632244586945,,,,,0,0,0.9,0.98,ORDERS_OPEN,,,,,,,,,,,,,,0,5,,,,,,,,,,,,,,,,,,,,,,,,,,,,0.0,0.0,,,,,0,0,,,Inv: 0.0/0.0 CapLeft: 50.0,,,0.0,0.0,0.0,50.0,50.0,0.0,50.0,0.9,0.09999999999999998,0.0,0.0,0.0,0.0,0.0,0.0,0.0,
1765986506.6407144,eth-updown-15m-1765986300,1765986300.0,1765987200.0,,693.3592855930328,,,,,0,0,0.98,0.98,IDLE,,,,,,,,,,,,,,0,5,,,,,,,,,,,,,,,,,,,,CAP_FULL,,,,,,,,25.0,25.0,,,,,0,0,,,Inv: 25.0/25.0 CapLeft: 0.0,,,25.0,25.0,50.0,0.0,50.0,0.0,50.0,0.97,0.030000000000000027,5.0,0.4,0.6,0.0,5.0,0.0,0.002,OK
1765986507.8383865,eth-updown-15m-1765986300,1765986300.0,1765987200.0,,692.1616134643555,,,,,0,0,0.9,0.98,ORDERS_OPEN,,,,,,,,,,,,,,0,5,,,,,,,,,,,,,,,,,,,,,,,,,,,,0.0,0.0,,,,,0,0,,,Inv: 0.0/0.0 CapLeft: 50.0,,,0.0,0.0,0.0,50.0,50.0,0.0,50.0,0.9,0.09999999999999998,0.0,0.0,0.0,0.0,0.0,0.0,0.0,
1765986508.6649773,eth-updown-15m-1765986300,1765986300.0,1765987200.0,,691.335022687912,,,,,0,0,0.98,0.98,IDLE,,,,,,,,,,,,,,0,5,,,,,,,,,,,,,,,,,,,,CAP_FULL,,,,,,,,25.0,25.0,,,,,0,0,,,Inv: 25.0/25.0 CapLeft: 0.0,,,25.0,25.0,50.0,0.0,50.0,0.0,50.0,0.97,0.030000000000000027,5.0,0.4,0.6,0.0,5.0,0.0,0.002,OK
1765986509.34008,eth-updown-15m-1765986300,1765986300.0,1765987200.0,,690.6599199771881,,,,,0,0,0.9,0.98,ORDERS_OPEN,,,,,,,,,,,,,,0,5,,,,,,,,,,,,,,,,,,,,,,,,,,,,0.0,0.0,,,,,0,0,,,Inv: 0.0/0.0 CapLeft: 50.0,,,0.0,0.0,0.0,50.0,50.0,0.0,50.0,0.9,0.09999999999999998,0.0,0.0,0.0,0.0,0.0,0.0,0.0,
1765986510.8417594,eth-updown-15m-1765986300,1765986300.0,1765987200.0,,689.1582405567169,,,,,0,0,0.9,0.98,ORDERS_OPEN,,,,,,,,,,,,,,0,5,,,,,,,,,,,,,,,,,,,,,,,,,,,,0.0,0.0,,,,,0,0,,,Inv: 0.0/0.0 CapLeft: 50.0,,,0.0,0.0,0.0,50.0,50.0,0.0,50.0,0.9,0.09999999999999998,0.0,0.0,0.0,0.0,0.0,0.0,0.0,
1765986510.6058037,eth-updown-15m-1765986300,1765986300.0,1765987200.0,,689.3941962718964,,,,,0,0,0.98,0.98,IDLE,,,,,,,,,,,,,,0,5,,,,,,,,,,,,,,,,,,,,CAP_FULL,,,,,,,,25.0,25.0,,,,,0,0,,,Inv: 25.0/25.0 CapLeft: 0.0,,,25.0,25.0,50.0,0.0,50.0,0.0,50.0,0.97,0.030000000000000027,5.0,0.4,0.6,0.0,5.0,0.0,0.002,OK
1765986512.3433354,eth-updown-15m-1765986300,1765986300.0,1765987200.0,,687.6566646099091,,,,,0,0,0.9,0.98,ORDERS_OPEN,,,,,,,,,,,,,,0,5,,,,,,,,,,,,,,,,,,,,,,,,,,,,0.0,0.0,,,,,0,0,,,Inv: 0.0/0.0 CapLeft: 50.0,,,0.0,0.0,0.0,50.0,50.0,0.0,50.0,0.9,0.09999999999999998,0.0,0.0,0.0,0.0,0.0,0.0,0.0,
1765986512.5836258,eth-updown-15m-1765986300,1765986300.0,1765987200.0,,687.416374206543,,,,,0,0,0.96,0.98,IDLE,,,,,,,,,,,,,,0,5,,,,,,,,,,,,,,,,,,,,CAP_FULL,,,,,,,,25.0,25.0,,,,,0,0,,,Inv: 25.0/25.0 CapLeft: 0.0,,,25.0,25.0,50.0,0.0,50.0,0.0,50.0,0.97,0.030000000000000027,5.0,0.4,0.6,0.0,5.0,0.0,0.002,OK
1765986513.8446867,eth-updown-15m-1765986300,1765986300.0,1765987200.0,,686.1553132534027,,,,,0,0,0.9,0.98,ORDERS_OPEN,,,,,,,,,,,,,,0,5,,,,,,,,,,,,,,,,,,,,,,,,,,,,0.0,0.0,,,,,0,0,,,Inv: 0.0/0.0 CapLeft: 50.0,,,0.0,0.0,0.0,50.0,50.0,0.0,50.0,0.9,0.09999999999999998,0.0,0.0,0.0,0.0,0.0,0.0,0.0,
1765986514.5737984,eth-updown-15m-1765986300,1765986300.0,1765987200.0,,685.426201581955,,,,,0,0,0.97,0.98,IDLE,,,,,,,,,,,,,,0,5,,,,,,,,,,,,,,,,,,,,CAP_FULL,,,,,,,,25.0,25.0,,,,,0,0,,,Inv: 25.0/25.0 CapLeft: 0.0,,,25.0,25.0,50.0,0.0,50.0,0.0,50.0,0.97,0.030000000000000027,5.0,0.4,0.6,0.0,5.0,0.0,0.002,OK
1765986516.8475614,eth-updown-15m-1765986300,1765986300.0,1765987200.0,,683.1524386405945,,,,,0.45,0.45,0.9,0.98,ORDERS_OPEN,,,,,,,,,,,,,,5,5,,,,,,,,,,,,,,,,,,,,Leg:BOTH UP:5 DOWN:5,,,,,,,,0.0,0.0,,,,,0,0,,,Inv: 0.0/0.0 CapLeft: 50.0,,,0.0,0.0,0.0,50.0,50.0,0.0,50.0,0.9,0.09999999999999998,0.0,0.0,0.0,0.0,0.0,0.0,0.0,
1765986516.5592155,eth-updown-15m-1765986300,1765986300.0,1765987200.0,,683.4407844543457,,,,,0,0,0.99,0.98,IDLE,,,,,,,,,,,,,,0,5,,,,,,,,,,,,,,,,,,,,CAP_FULL,,,,,,,,25.0,25.0,,,,,0,0,,,Inv: 25.0/25.0 CapLeft: 0.0,,,25.0,25.0,50.0,0.0,50.0,0.0,50.0,0.97,0.030000000000000027,5.0,0.4,0.6,0.0,5.0,0.0,0.002,OK
1765986518.3498085,eth-updown-15m-1765986300,1765986300.0,1765987200.0,,681.6501915454865,,,,,0,0,0.9,0.98,ORDERS_OPEN,,,,,,,,,,,,,,0,5,,,,,,,,,,,,,,,,,,,,,,,,,,,,0.0,0.0,,,,,0,0,,,Inv: 0.0/0.0 CapLeft: 50.0,,,0.0,0.0,0.0,50.0,50.0,0.0,50.0,0.9,0.09999999999999998,0.0,0.0,0.0,0.0,0.0,0.0,0.0,
1765986518.4937844,eth-updown-15m-1765986300,1765986300.0,1765987200.0,,681.5062155723572,,,,,0,0,0.97,0.98,IDLE,,,,,,,,,,,,,,0,5,,,,,,,,,,,,,,,,,,,,CAP_FULL,,,,,,,,25.0,25.0,,,,,0,0,,,Inv: 25.0/25.0 CapLeft: 0.0,,,25.0,25.0,50.0,0.0,50.0,0.0,50.0,0.97,0.030000000000000027,5.0,0.4,0.6,0.0,5.0,0.0,0.002,OK
1765986519.8516114,eth-updown-15m-1765986300,1765986300.0,1765987200.0,,680.1483886241913,,,,,0,0,0.9,0.98,ORDERS_OPEN,,,,,,,,,,,,,,0,5,,,,,,,,,,,,,,,,,,,,,,,,,,,,0.0,0.0,,,,,0,0,,,Inv: 0.0/0.0 CapLeft: 50.0,,,0.0,0.0,0.0,50.0,50.0,0.0,50.0,0.9,0.09999999999999998,0.0,0.0,0.0,0.0,0.0,0.0,0.0,
1765986520.4494195,eth-updown-15m-1765986300,1765986300.0,1765987200.0,,679.5505805015564,,,,,0,0,0.97,0.98,IDLE,,,,,,,,,,,,,,0,5,,,,,,,,,,,,,,,,,,,,CAP_FULL,,,,,,,,25.0,25.0,,,,,0,0,,,Inv: 25.0/25.0 CapLeft: 0.0,,,25.0,25.0,50.0,0.0,50.0,0.0,50.0,0.97,0.030000000000000027,5.0,0.4,0.6,0.0,5.0,0.0,0.002,OK
1765986521.3533564,eth-updown-15m-1765986300,1765986300.0,1765987200.0,,678.6466436386108,,,,,0,0,0.9,0.98,ORDERS_OPEN,,,,,,,,,,,,,,0,5,,,,,,,,,,,,,,,,,,,,,,,,,,,,0.0,0.0,,,,,0,0,,,Inv: 0.0/0.0 CapLeft: 50.0,,,0.0,0.0,0.0,50.0,50.0,0.0,50.0,0.9,0.09999999999999998,0.0,0.0,0.0,0.0,0.0,0.0,0.0,
1765986522.8553076,eth-updown-15m-1765986300,1765986300.0,1765987200.0,,677.1446924209595,,,,,0,0,0.9,0.98,ORDERS_OPEN,,,,,,,,,,,,,,0,5,,,,,,,,,,,,,,,,,,,,,,,,,,,,0.0,0.0,,,,,0,0,,,Inv: 0.0/0.0 CapLeft: 50.0,,,0.0,0.0,0.0,50.0,50.0,0.0,50.0,0.9,0.09999999999999998,0.0,0.0,0.0,0.0,0.0,0.0,0.0,
1765986522.4289796,eth-updown-15m-1765986300,1765986300.0,1765987200.0,,677.5710203647614,,,,,0,0,0.98,0.98,IDLE,,,,,,,,,,,,,,0,5,,,,,,,,,,,,,,,,,,,,CAP_FULL,,,,,,,,25.0,25.0,,,,,0,0,,,Inv: 25.0/25.0 CapLeft: 0.0,,,25.0,25.0,50.0,0.0,50.0,0.0,50.0,0.97,0.030000000000000027,5.0,0.4,0.6,0.0,5.0,0.0,0.002,OK
1765986524.3571613,eth-updown-15m-1765986300,1765986300.0,1765987200.0,,675.642838716507,,,,,0,0,0.9,0.98,ORDERS_OPEN,,,,,,,,,,,,,,0,5,,,,,,,,,,,,,,,,,,,,,,,,,,,,0.0,0.0,,,,,0,0,,,Inv: 0.0/0.0 CapLeft: 50.0,,,0.0,0.0,0.0,50.0,50.0,0.0,50.0,0.9,0.09999999999999998,0.0,0.0,0.0,0.0,0.0,0.0,0.0,
1765986524.382787,eth-updown-15m-1765986300,1765986300.0,1765987200.0,,675.617213010788,,,,,0,0,0.97,0.98,IDLE,,,,,,,,,,,,,,0,5,,,,,,,,,,,,,,,,,,,,CAP_FULL,,,,,,,,25.0,25.0,,,,,0,0,,,Inv: 25.0/25.0 CapLeft: 0.0,,,25.0,25.0,50.0,0.0,50.0,0.0,50.0,0.97,0.030000000000000027,5.0,0.4,0.6,0.0,5.0,0.0,0.002,OK
1765986525.858463,eth-updown-15m-1765986300,1765986300.0,1765987200.0,,674.1415369510651,,,,,0,0,0.9,0.98,ORDERS_OPEN,,,,,,,,,,,,,,0,5,,,,,,,,,,,,,,,,,,,,,,,,,,,,0.0,0.0,,,,,0,0,,,Inv: 0.0/0.0 CapLeft: 50.0,,,0.0,0.0,0.0,50.0,50.0,0.0,50.0,0.9,0.09999999999999998,0.0,0.0,0.0,0.0,0.0,0.0,0.0,
1765986526.316218,eth-updown-15m-1765986300,1765986300.0,1765987200.0,,673.6837821006775,,,,,0,0,0.95,0.98,IDLE,,,,,,,,,,,,,,0,5,,,,,,,,,,,,,,,,,,,,CAP_FULL,,,,,,,,25.0,25.0,,,,,0,0,,,Inv: 25.0/25.0 CapLeft: 0.0,,,25.0,25.0,50.0,0.0,50.0,0.0,50.0,0.97,0.030000000000000027,5.0,0.4,0.6,0.0,5.0,0.0,0.002,OK
1765986527.3605409,eth-updown-15m-1765986300,1765986300.0,1765987200.0,,672.6394591331482,,,,,0,0,0.9,0.98,ORDERS_OPEN,,,,,,,,,,,,,,0,5,,,,,,,,,,,,,,,,,,,,,,,,,,,,0.0,0.0,,,,,0,0,,,Inv: 0.0/0.0 CapLeft: 50.0,,,0.0,0.0,0.0,50.0,50.0,0.0,50.0,0.9,0.09999999999999998,0.0,0.0,0.0,0.0,0.0,0.0,0.0,
1765986528.2708416,eth-updown-15m-1765986300,1765986300.0,1765987200.0,,671.7291584014893,,,,,0,0,0.96,0.98,IDLE,,,,,,,,,,,,,,0,5,,,,,,,,,,,,,,,,,,,,CAP_FULL,,,,,,,,25.0,25.0,,,,,0,0,,,Inv: 25.0/25.0 CapLeft: 0.0,,,25.0,25.0,50.0,0.0,50.0,0.0,50.0,0.97,0.030000000000000027,5.0,0.4,0.6,0.0,5.0,0.0,0.002,OK
1765986528.8621025,eth-updown-15m-1765986300,1765986300.0,1765987200.0,,671.1378974914551,,,,,0,0,0.9,0.98,ORDERS_OPEN,,,,,,,,,,,,,,0,5,,,,,,,,,,,,,,,,,,,,,,,,,,,,0.0,0.0,,,,,0,0,,,Inv: 0.0/0.0 CapLeft: 50.0,,,0.0,0.0,0.0,50.0,50.0,0.0,50.0,0.9,0.09999999999999998,0.0,0.0,0.0,0.0,0.0,0.0,0.0,
1765986530.3639226,eth-updown-15m-1765986300,1765986300.0,1765987200.0,,669.6360774040222,,,,,0,0,0.9,0.98,ORDERS_OPEN,,,,,,,,,,,,,,0,5,,,,,,,,,,,,,,,,,,,,,,,,,,,,0.0,0.0,,,,,0,0,,,Inv: 0.0/0.0 CapLeft: 50.0,,,0.0,0.0,0.0,50.0,50.0,0.0,50.0,0.9,0.09999999999999998,0.0,0.0,0.0,0.0,0.0,0.0,0.0,
1765986530.218143,eth-updown-15m-1765986300,1765986300.0,1765987200.0,,669.7818570137024,,,,,0,0,0.99,0.98,IDLE,,,,,,,,,,,,,,0,5,,,,,,,,,,,,,,,,,,,,CAP_FULL,,,,,,,,25.0,25.0,,,,,0,0,,,Inv: 25.0/25.0 CapLeft: 0.0,,,25.0,25.0,50.0,0.0,50.0,0.0,50.0,0.97,0.030000000000000027,5.0,0.4,0.6,0.0,5.0,0.0,0.002,OK
1765986532.1849973,eth-updown-15m-1765986300,1765986300.0,1765987200.0,,667.8150026798248,,,,,0,0,0.99,0.98,IDLE,,,,,,,,,,,,,,0,5,,,,,,,,,,,,,,,,,,,,CAP_FULL,,,,,,,,25.0,25.0,,,,,0,0,,,Inv: 25.0/25.0 CapLeft: 0.0,,,25.0,25.0,50.0,0.0,50.0,0.0,50.0,0.97,0.030000000000000027,5.0,0.4,0.6,0.0,5.0,0.0,0.002,OK
1765986533.3692818,eth-updown-15m-1765986300,1765986300.0,1765987200.0,,666.6307182312012,,,,,0.45,0.45,0.9,0.98,ORDERS_OPEN,,,,,,,,,,,,,,5,5,,,,,,,,,,,,,,,,,,,,Leg:BOTH UP:5 DOWN:5,,,,,,,,0.0,0.0,,,,,0,0,,,Inv: 0.0/0.0 CapLeft: 50.0,,,0.0,0.0,0.0,50.0,50.0,0.0,50.0,0.9,0.09999999999999998,0.0,0.0,0.0,0.0,0.0,0.0,0.0,
1765986534.3907642,eth-updown-15m-1765986300,1765986300.0,1765987200.0,,665.6092357635498,,,,,0,0,0.97,0.98,IDLE,,,,,,,,,,,,,,0,5,,,,,,,,,,,,,,,,,,,,CAP_FULL,,,,,,,,25.0,25.0,,,,,0,0,,,Inv: 25.0/25.0 CapLeft: 0.0,,,25.0,25.0,50.0,0.0,50.0,0.0,50.0,0.97,0.030000000000000027,5.0,0.4,0.6,0.0,5.0,0.0,0.002,OK
1765986534.8708372,eth-updown-15m-1765986300,1765986300.0,1765987200.0,,665.1291627883911,,,,,0,0,0.9,0.98,ORDERS_OPEN,,,,,,,,,,,,,,0,5,,,,,,,,,,,,,,,,,,,,,,,,,,,,0.0,0.0,,,,,0,0,,,Inv: 0.0/0.0 CapLeft: 50.0,,,0.0,0.0,0.0,50.0,50.0,0.0,50.0,0.9,0.09999999999999998,0.0,0.0,0.0,0.0,0.0,0.0,0.0,
1765986536.373107,eth-updown-15m-1765986300,1765986300.0,1765987200.0,,663.6268930435181,,,,,0,0,0.9,0.98,ORDERS_OPEN,,,,,,,,,,,,,,0,5,,,,,,,,,,,,,,,,,,,,,,,,,,,,0.0,0.0,,,,,0,0,,,Inv: 0.0/0.0 CapLeft: 50.0,,,0.0,0.0,0.0,50.0,50.0,0.0,50.0,0.9,0.09999999999999998,0.0,0.0,0.0,0.0,0.0,0.0,0.0,
1765986536.3515167,eth-updown-15m-1765986300,1765986300.0,1765987200.0,,663.6484832763672,,,,,0,0,0.97,0.98,IDLE,,,,,,,,,,,,,,0,5,,,,,,,,,,,,,,,,,,,,CAP_FULL,,,,,,,,25.0,25.0,,,,,0,0,,,Inv: 25.0/25.0 CapLeft: 0.0,,,25.0,25.0,50.0,0.0,50.0,0.0,50.0,0.97,0.030000000000000027,5.0,0.4,0.6,0.0,5.0,0.0,0.002,OK
1765986537.874399,eth-updown-15m-1765986300,1765986300.0,1765987200.0,,662.1256010532379,,,,,0,0,0.9,0.98,ORDERS_OPEN,,,,,,,,,,,,,,0,5,,,,,,,,,,,,,,,,,,,,,,,,,,,,0.0,0.0,,,,,0,0,,,Inv: 0.0/0.0 CapLeft: 50.0,,,0.0,0.0,0.0,50.0,50.0,0.0,50.0,0.9,0.09999999999999998,0.0,0.0,0.0,0.0,0.0,0.0,0.0,
1765986538.3353093,eth-updown-15m-1765986300,1765986300.0,1765987200.0,,661.6646907329559,,,,,0,0,0.98,0.98,IDLE,,,,,,,,,,,,,,0,5,,,,,,,,,,,,,,,,,,,,CAP_FULL,,,,,,,,25.0,25.0,,,,,0,0,,,Inv: 25.0/25.0 CapLeft: 0.0,,,25.0,25.0,50.0,0.0,50.0,0.0,50.0,0.97,0.030000000000000027,5.0,0.4,0.6,0.0,5.0,0.0,0.002,OK
1765986539.3762164,eth-updown-15m-1765986300,1765986300.0,1765987200.0,,660.6237835884094,,,,,0,0,0.9,0.98,ORDERS_OPEN,,,,,,,,,,,,,,0,5,,,,,,,,,,,,,,,,,,,,,,,,,,,,0.0,0.0,,,,,0,0,,,Inv: 0.0/0.0 CapLeft: 50.0,,,0.0,0.0,0.0,50.0,50.0,0.0,50.0,0.9,0.09999999999999998,0.0,0.0,0.0,0.0,0.0,0.0,0.0,
1765986540.2958708,eth-updown-15m-1765986300,1765986300.0,1765987200.0,,659.7041292190552,,,,,0,0,0.96,0.98,IDLE,,,,,,,,,,,,,,0,5,,,,,,,,,,,,,,,,,,,,CAP_FULL,,,,,,,,25.0,25.0,,,,,0,0,,,Inv: 25.0/25.0 CapLeft: 0.0,,,25.0,25.0,50.0,0.0,50.0,0.0,50.0,0.97,0.030000000000000027,5.0,0.4,0.6,0.0,5.0,0.0,0.002,OK
1765986540.877776,eth-updown-15m-1765986300,1765986300.0,1765987200.0,,659.1222240924835,,,,,0,0,0.9,0.98,ORDERS_OPEN,,,,,,,,,,,,,,0,5,,,,,,,,,,,,,,,,,,,,,,,,,,,,0.0,0.0,,,,,0,0,,,Inv: 0.0/0.0 CapLeft: 50.0,,,0.0,0.0,0.0,50.0,50.0,0.0,50.0,0.9,0.09999999999999998,0.0,0.0,0.0,0.0,0.0,0.0,0.0,
1765986542.3797383,eth-updown-15m-1765986300,1765986300.0,1765987200.0,,657.6202616691589,,,,,0,0,0.9,0.98,ORDERS_OPEN,,,,,,,,,,,,,,0,5,,,,,,,,,,,,,,,,,,,,,,,,,,,,0.0,0.0,,,,,0,0,,,Inv: 0.0/0.0 CapLeft: 50.0,,,0.0,0.0,0.0,50.0,50.0,0.0,50.0,0.9,0.09999999999999998,0.0,0.0,0.0,0.0,0.0,0.0,0.0,
1765986542.2177417,eth-updown-15m-1765986300,1765986300.0,1765987200.0,,657.782258272171,,,,,0,0,0.97,0.98,IDLE,,,,,,,,,,,,,,0,5,,,,,,,,,,,,,,,,,,,,CAP_FULL,,,,,,,,25.0,25.0,,,,,0,0,,,Inv: 25.0/25.0 CapLeft: 0.0,,,25.0,25.0,50.0,0.0,50.0,0.0,50.0,0.97,0.030000000000000027,5.0,0.4,0.6,0.0,5.0,0.0,0.002,OK
1765986543.8841898,eth-updown-15m-1765986300,1765986300.0,1765987200.0,,656.1158101558685,,,,,0,0,0.9,0.98,ORDERS_OPEN,,,,,,,,,,,,,,0,5,,,,,,,,,,,,,,,,,,,,,,,,,,,,0.0,0.0,,,,,0,0,,,Inv: 0.0/0.0 CapLeft: 50.0,,,0.0,0.0,0.0,50.0,50.0,0.0,50.0,0.9,0.09999999999999998,0.0,0.0,0.0,0.0,0.0,0.0,0.0,
1765986544.1599185,eth-updown-15m-1765986300,1765986300.0,1765987200.0,,655.8400814533234,,,,,0,0,0.98,0.98,IDLE,,,,,,,,,,,,,,0,5,,,,,,,,,,,,,,,,,,,,CAP_FULL,,,,,,,,25.0,25.0,,,,,0,0,,,Inv: 25.0/25.0 CapLeft: 0.0,,,25.0,25.0,50.0,0.0,50.0,0.0,50.0,0.97,0.030000000000000027,5.0,0.4,0.6,0.0,5.0,0.0,0.002,OK
1765986545.393351,eth-updown-15m-1765986300,1765986300.0,1765987200.0,,654.6066489219666,,,,,0,0,0.9,0.98,ORDERS_OPEN,,,,,,,,,,,,,,0,5,,,,,,,,,,,,,,,,,,,,,,,,,,,,0.0,0.0,,,,,0,0,,,Inv: 0.0/0.0 CapLeft: 50.0,,,0.0,0.0,0.0,50.0,50.0,0.0,50.0,0.9,0.09999999999999998,0.0,0.0,0.0,0.0,0.0,0.0,0.0,
1765986546.234944,eth-updown-15m-1765986300,1765986300.0,1765987200.0,,653.7650558948517,,,,,0,0,0.96,0.98,IDLE,,,,,,,,,,,,,,0,5,,,,,,,,,,,,,,,,,,,,CAP_FULL,,,,,,,,25.0,25.0,,,,,0,0,,,Inv: 25.0/25.0 CapLeft: 0.0,,,25.0,25.0,50.0,0.0,50.0,0.0,50.0,0.97,0.030000000000000027,5.0,0.4,0.6,0.0,5.0,0.0,0.002,OK
1765986546.8949776,eth-updown-15m-1765986300,1765986300.0,1765987200.0,,653.1050224304199,,,,,0,0,0.9,0.98,ORDERS_OPEN,,,,,,,,,,,,,,0,5,,,,,,,,,,,,,,,,,,,,,,,,,,,,0.0,0.0,,,,,0,0,,,Inv: 0.0/0.0 CapLeft: 50.0,,,0.0,0.0,0.0,50.0,50.0,0.0,50.0,0.9,0.09999999999999998,0.0,0.0,0.0,0.0,0.0,0.0,0.0,
1765986548.2086241,eth-updown-15m-1765986300,1765986300.0,1765987200.0,,651.791375875473,,,,,0,0,0.96,0.98,IDLE,,,,,,,,,,,,,,0,5,,,,,,,,,,,,,,,,,,,,CAP_FULL,,,,,,,,25.0,25.0,,,,,0,0,,,Inv: 25.0/25.0 CapLeft: 0.0,,,25.0,25.0,50.0,0.0,50.0,0.0,50.0,0.97,0.030000000000000027,5.0,0.4,0.6,0.0,5.0,0.0,0.002,OK
1765986549.8974123,eth-updown-15m-1765986300,1765986300.0,1765987200.0,,650.1025876998901,,,,,0.45,0.45,0.9,0.98,ORDERS_OPEN,,,,,,,,,,,,,,5,5,,,,,,,,,,,,,,,,,,,,Leg:BOTH UP:5 DOWN:5,,,,,,,,0.0,0.0,,,,,0,0,,,Inv: 0.0/0.0 CapLeft: 50.0,,,0.0,0.0,0.0,50.0,50.0,0.0,50.0,0.9,0.09999999999999998,0.0,0.0,0.0,0.0,0.0,0.0,0.0,
1765986550.1702366,eth-updown-15m-1765986300,1765986300.0,1765987200.0,,649.8297634124756,,,,,0,0,0.98,0.98,IDLE,,,,,,,,,,,,,,0,5,,,,,,,,,,,,,,,,,,,,CAP_FULL,,,,,,,,25.0,25.0,,,,,0,0,,,Inv: 25.0/25.0 CapLeft: 0.0,,,25.0,25.0,50.0,0.0,50.0,0.0,50.0,0.97,0.030000000000000027,5.0,0.4,0.6,0.0,5.0,0.0,0.002,OK
1765986551.3994136,eth-updown-15m-1765986300,1765986300.0,1765987200.0,,648.6005864143372,,,,,0,0,0.9,0.98,ORDERS_OPEN,,,,,,,,,,,,,,0,5,,,,,,,,,,,,,,,,,,,,,,,,,,,,0.0,0.0,,,,,0,0,,,Inv: 0.0/0.0 CapLeft: 50.0,,,0.0,0.0,0.0,50.0,50.0,0.0,50.0,0.9,0.09999999999999998,0.0,0.0,0.0,0.0,0.0,0.0,0.0,
1765986552.1367552,eth-updown-15m-1765986300,1765986300.0,1765987200.0,,647.8632447719574,,,,,0,0,0.97,0.98,IDLE,,,,,,,,,,,,,,0,5,,,,,,,,,,,,,,,,,,,,CAP_FULL,,,,,,,,25.0,25.0,,,,,0,0,,,Inv: 25.0/25.0 CapLeft: 0.0,,,25.0,25.0,50.0,0.0,50.0,0.0,50.0,0.97,0.030000000000000027,5.0,0.4,0.6,0.0,5.0,0.0,0.002,OK
1765986552.9009764,eth-updown-15m-1765986300,1765986300.0,1765987200.0,,647.0990235805511,,,,,0,0,0.9,0.98,ORDERS_OPEN,,,,,,,,,,,,,,0,5,,,,,,,,,,,,,,,,,,,,,,,,,,,,0.0,0.0,,,,,0,0,,,Inv: 0.0/0.0 CapLeft: 50.0,,,0.0,0.0,0.0,50.0,50.0,0.0,50.0,0.9,0.09999999999999998,0.0,0.0,0.0,0.0,0.0,0.0,0.0,
1765986554.4024975,eth-updown-15m-1765986300,1765986300.0,1765987200.0,,645.5975024700165,,,,,0,0,0.9,0.98,ORDERS_OPEN,,,,,,,,,,,,,,0,5,,,,,,,,,,,,,,,,,,,,,,,,,,,,0.0,0.0,,,,,0,0,,,Inv: 0.0/0.0 CapLeft: 50.0,,,0.0,0.0,0.0,50.0,50.0,0.0,50.0,0.9,0.09999999999999998,0.0,0.0,0.0,0.0,0.0,0.0,0.0,
1765986554.0861015,eth-updown-15m-1765986300,1765986300.0,1765987200.0,,645.9138984680176,,,,,0,0,0.98,0.98,IDLE,,,,,,,,,,,,,,0,5,,,,,,,,,,,,,,,,,,,,CAP_FULL,,,,,,,,25.0,25.0,,,,,0,0,,,Inv: 25.0/25.0 CapLeft: 0.0,,,25.0,25.0,50.0,0.0,50.0,0.0,50.0,0.97,0.030000000000000027,5.0,0.4,0.6,0.0,5.0,0.0,0.002,OK
1765986555.9038515,eth-updown-15m-1765986300,1765986300.0,1765987200.0,,644.0961484909058,,,,,0,0,0.9,0.98,ORDERS_OPEN,,,,,,,,,,,,,,0,5,,,,,,,,,,,,,,,,,,,,,,,,,,,,0.0,0.0,,,,,0,0,,,Inv: 0.0/0.0 CapLeft: 50.0,,,0.0,0.0,0.0,50.0,50.0,0.0,50.0,0.9,0.09999999999999998,0.0,0.0,0.0,0.0,0.0,0.0,0.0,
1765986556.0770528,eth-updown-15m-1765986300,1765986300.0,1765987200.0,,643.9229471683502,,,,,0,0,0.97,0.98,IDLE,,,,,,,,,,,,,,0,5,,,,,,,,,,,,,,,,,,,,CAP_FULL,,,,,,,,25.0,25.0,,,,,0,0,,,Inv: 25.0/25.0 CapLeft: 0.0,,,25.0,25.0,50.0,0.0,50.0,0.0,50.0,0.97,0.030000000000000027,5.0,0.4,0.6,0.0,5.0,0.0,0.002,OK
1765986557.4062092,eth-updown-15m-1765986300,1765986300.0,1765987200.0,,642.593790769577,,,,,0,0,0.9,0.98,ORDERS_OPEN,,,,,,,,,,,,,,0,5,,,,,,,,,,,,,,,,,,,,,,,,,,,,0.0,0.0,,,,,0,0,,,Inv: 0.0/0.0 CapLeft: 50.0,,,0.0,0.0,0.0,50.0,50.0,0.0,50.0,0.9,0.09999999999999998,0.0,0.0,0.0,0.0,0.0,0.0,0.0,
1765986558.080739,eth-updown-15m-1765986300,1765986300.0,1765987200.0,,641.9192609786987,,,,,0,0,0.97,0.98,IDLE,,,,,,,,,,,,,,0,5,,,,,,,,,,,,,,,,,,,,CAP_FULL,,,,,,,,25.0,25.0,,,,,0,0,,,Inv: 25.0/25.0 CapLeft: 0.0,,,25.0,25.0,50.0,0.0,50.0,0.0,50.0,0.97,0.030000000000000027,5.0,0.4,0.6,0.0,5.0,0.0,0.002,OK
1765986558.9079797,eth-updown-15m-1765986300,1765986300.0,1765987200.0,,641.0920202732086,,,,,0,0,0.9,0.98,ORDERS_OPEN,,,,,,,,,,,,,,0,5,,,,,,,,,,,,,,,,,,,,,,,,,,,,0.0,0.0,,,,,0,0,,,Inv: 0.0/0.0 CapLeft: 50.0,,,0.0,0.0,0.0,50.0,50.0,0.0,50.0,0.9,0.09999999999999998,0.0,0.0,0.0,0.0,0.0,0.0,0.0,
1765986560.410222,eth-updown-15m-1765986300,1765986300.0,1765987200.0,,639.5897779464722,,,,,0,0,0.9,0.98,ORDERS_OPEN,,,,,,,,,,,,,,0,5,,,,,,,,,,,,,,,,,,,,,,,,,,,,0.0,0.0,,,,,0,0,,,Inv: 0.0/0.0 CapLeft: 50.0,,,0.0,0.0,0.0,50.0,50.0,0.0,50.0,0.9,0.09999999999999998,0.0,0.0,0.0,0.0,0.0,0.0,0.0,
1765986560.0236495,eth-updown-15m-1765986300,1765986300.0,1765987200.0,,639.9763505458832,,,,,0,0,0.99,0.98,IDLE,,,,,,,,,,,,,,0,5,,,,,,,,,,,,,,,,,,,,CAP_FULL,,,,,,,,25.0,25.0,,,,,0,0,,,Inv: 25.0/25.0 CapLeft: 0.0,,,25.0,25.0,50.0,0.0,50.0,0.0,50.0,0.97,0.030000000000000027,5.0,0.4,0.6,0.0,5.0,0.0,0.002,OK
1765986561.9128249,eth-updown-15m-1765986300,1765986300.0,1765987200.0,,638.0871751308441,,,,,0,0,0.9,0.98,ORDERS_OPEN,,,,,,,,,,,,,,0,5,,,,,,,,,,,,,,,,,,,,,,,,,,,,0.0,0.0,,,,,0,0,,,Inv: 0.0/0.0 CapLeft: 50.0,,,0.0,0.0,0.0,50.0,50.0,0.0,50.0,0.9,0.09999999999999998,0.0,0.0,0.0,0.0,0.0,0.0,0.0,
1765986561.976207,eth-updown-15m-1765986300,1765986300.0,1765987200.0,,638.0237929821014,,,,,0,0,0.99,0.98,IDLE,,,,,,,,,,,,,,0,5,,,,,,,,,,,,,,,,,,,,CAP_FULL,,,,,,,,25.0,25.0,,,,,0,0,,,Inv: 25.0/25.0 CapLeft: 0.0,,,25.0,25.0,50.0,0.0,50.0,0.0,50.0,0.97,0.030000000000000027,5.0,0.4,0.6,0.0,5.0,0.0,0.002,OK
1765986563.41457,eth-updown-15m-1765986300,1765986300.0,1765987200.0,,636.5854299068451,,,,,0,0,0.9,0.98,ORDERS_OPEN,,,,,,,,,,,,,,0,5,,,,,,,,,,,,,,,,,,,,,,,,,,,,0.0,0.0,,,,,0,0,,,Inv: 0.0/0.0 CapLeft: 50.0,,,0.0,0.0,0.0,50.0,50.0,0.0,50.0,0.9,0.09999999999999998,0.0,0.0,0.0,0.0,0.0,0.0,0.0,
1765986563.984604,eth-updown-15m-1765986300,1765986300.0,1765987200.0,,636.0153961181641,,,,,0,0,0.99,0.98,IDLE,,,,,,,,,,,,,,0,5,,,,,,,,,,,,,,,,,,,,CAP_FULL,,,,,,,,25.0,25.0,,,,,0,0,,,Inv: 25.0/25.0 CapLeft: 0.0,,,25.0,25.0,50.0,0.0,50.0,0.0,50.0,0.97,0.030000000000000027,5.0,0.4,0.6,0.0,5.0,0.0,0.002,OK
1765986565.958656,eth-updown-15m-1765986300,1765986300.0,1765987200.0,,634.0413439273834,,,,,0,0,0.99,0.98,IDLE,,,,,,,,,,,,,,0,5,,,,,,,,,,,,,,,,,,,,CAP_FULL,,,,,,,,25.0,25.0,,,,,0,0,,,Inv: 25.0/25.0 CapLeft: 0.0,,,25.0,25.0,50.0,0.0,50.0,0.0,50.0,0.97,0.030000000000000027,5.0,0.4,0.6,0.0,5.0,0.0,0.002,OK
1765986566.4173934,eth-updown-15m-1765986300,1765986300.0,1765987200.0,,633.5826065540314,,,,,0.45,0.45,0.9,0.98,ORDERS_OPEN,,,,,,,,,,,,,,5,5,,,,,,,,,,,,,,,,,,,,Leg:BOTH UP:5 DOWN:5,,,,,,,,0.0,0.0,,,,,0,0,,,Inv: 0.0/0.0 CapLeft: 50.0,,,0.0,0.0,0.0,50.0,50.0,0.0,50.0,0.9,0.09999999999999998,0.0,0.0,0.0,0.0,0.0,0.0,0.0,
1765986567.9208803,eth-updown-15m-1765986300,1765986300.0,1765987200.0,,632.079119682312,,,,,0,0,0.9,0.98,ORDERS_OPEN,,,,,,,,,,,,,,0,5,,,,,,,,,,,,,,,,,,,,,,,,,,,,0.0,0.0,,,,,0,0,,,Inv: 0.0/0.0 CapLeft: 50.0,,,0.0,0.0,0.0,50.0,50.0,0.0,50.0,0.9,0.09999999999999998,0.0,0.0,0.0,0.0,0.0,0.0,0.0,
1765986567.9088082,eth-updown-15m-1765986300,1765986300.0,1765987200.0,,632.0911917686462,,,,,0,0,0.99,0.98,IDLE,,,,,,,,,,,,,,0,5,,,,,,,,,,,,,,,,,,,,CAP_FULL,,,,,,,,25.0,25.0,,,,,0,0,,,Inv: 25.0/25.0 CapLeft: 0.0,,,25.0,25.0,50.0,0.0,50.0,0.0,50.0,0.97,0.030000000000000027,5.0,0.4,0.6,0.0,5.0,0.0,0.002,OK
1765986569.4229336,eth-updown-15m-1765986300,1765986300.0,1765987200.0,,630.5770664215088,,,,,0,0,0.9,0.98,ORDERS_OPEN,,,,,,,,,,,,,,0,5,,,,,,,,,,,,,,,,,,,,,,,,,,,,0.0,0.0,,,,,0,0,,,Inv: 0.0/0.0 CapLeft: 50.0,,,0.0,0.0,0.0,50.0,50.0,0.0,50.0,0.9,0.09999999999999998,0.0,0.0,0.0,0.0,0.0,0.0,0.0,
1765986569.8467326,eth-updown-15m-1765986300,1765986300.0,1765987200.0,,630.1532673835754,,,,,0,0,0.99,0.98,IDLE,,,,,,,,,,,,,,0,5,,,,,,,,,,,,,,,,,,,,CAP_FULL,,,,,,,,25.0,25.0,,,,,0,0,,,Inv: 25.0/25.0 CapLeft: 0.0,,,25.0,25.0,50.0,0.0,50.0,0.0,50.0,0.97,0.030000000000000027,5.0,0.4,0.6,0.0,5.0,0.0,0.002,OK
1765986570.9240704,eth-updown-15m-1765986300,1765986300.0,1765987200.0,,629.0759296417236,,,,,0,0,0.9,0.98,ORDERS_OPEN,,,,,,,,,,,,,,0,5,,,,,,,,,,,,,,,,,,,,,,,,,,,,0.0,0.0,,,,,0,0,,,Inv: 0.0/0.0 CapLeft: 50.0,,,0.0,0.0,0.0,50.0,50.0,0.0,50.0,0.9,0.09999999999999998,0.0,0.0,0.0,0.0,0.0,0.0,0.0,
1765986571.7929666,eth-updown-15m-1765986300,1765986300.0,1765987200.0,,628.2070333957672,,,,,0,0,0.99,0.98,IDLE,,,,,,,,,,,,,,0,5,,,,,,,,,,,,,,,,,,,,CAP_FULL,,,,,,,,25.0,25.0,,,,,0,0,,,Inv: 25.0/25.0 CapLeft: 0.0,,,25.0,25.0,50.0,0.0,50.0,0.0,50.0,0.97,0.030000000000000027,5.0,0.4,0.6,0.0,5.0,0.0,0.002,OK
1765986572.425899,eth-updown-15m-1765986300,1765986300.0,1765987200.0,,627.5741009712219,,,,,0,0,0.9,0.98,ORDERS_OPEN,,,,,,,,,,,,,,0,5,,,,,,,,,,,,,,,,,,,,,,,,,,,,0.0,0.0,,,,,0,0,,,Inv: 0.0/0.0 CapLeft: 50.0,,,0.0,0.0,0.0,50.0,50.0,0.0,50.0,0.9,0.09999999999999998,0.0,0.0,0.0,0.0,0.0,0.0,0.0,
1765986573.9273534,eth-updown-15m-1765986300,1765986300.0,1765987200.0,,626.0726466178894,,,,,0,0,0.9,0.98,ORDERS_OPEN,,,,,,,,,,,,,,0,5,,,,,,,,,,,,,,,,,,,,,,,,,,,,0.0,0.0,,,,,0,0,,,Inv: 0.0/0.0 CapLeft: 50.0,,,0.0,0.0,0.0,50.0,50.0,0.0,50.0,0.9,0.09999999999999998,0.0,0.0,0.0,0.0,0.0,0.0,0.0,
1765986573.7331085,eth-updown-15m-1765986300,1765986300.0,1765987200.0,,626.2668914794922,,,,,0,0,0.98,0.98,IDLE,,,,,,,,,,,,,,0,5,,,,,,,,,,,,,,,,,,,,CAP_FULL,,,,,,,,25.0,25.0,,,,,0,0,,,Inv: 25.0/25.0 CapLeft: 0.0,,,25.0,25.0,50.0,0.0,50.0,0.0,50.0,0.97,0.030000000000000027,5.0,0.4,0.6,0.0,5.0,0.0,0.002,OK
1765986575.4293883,eth-updown-15m-1765986300,1765986300.0,1765987200.0,,624.5706117153168,,,,,0,0,0.9,0.98,ORDERS_OPEN,,,,,,,,,,,,,,0,5,,,,,,,,,,,,,,,,,,,,,,,,,,,,0.0,0.0,,,,,0,0,,,Inv: 0.0/0.0 CapLeft: 50.0,,,0.0,0.0,0.0,50.0,50.0,0.0,50.0,0.9,0.09999999999999998,0.0,0.0,0.0,0.0,0.0,0.0,0.0,
1765986575.740669,eth-updown-15m-1765986300,1765986300.0,1765987200.0,,624.2593309879303,,,,,0,0,0.99,0.98,IDLE,,,,,,,,,,,,,,0,5,,,,,,,,,,,,,,,,,,,,CAP_FULL,,,,,,,,25.0,25.0,,,,,0,0,,,Inv: 25.0/25.0 CapLeft: 0.0,,,25.0,25.0,50.0,0.0,50.0,0.0,50.0,0.97,0.030000000000000027,5.0,0.4,0.6,0.0,5.0,0.0,0.002,OK
1765986576.9307177,eth-updown-15m-1765986300,1765986300.0,1765987200.0,,623.0692822933197,,,,,0,0,0.9,0.98,ORDERS_OPEN,,,,,,,,,,,,,,0,5,,,,,,,,,,,,,,,,,,,,,,,,,,,,0.0,0.0,,,,,0,0,,,Inv: 0.0/0.0 CapLeft: 50.0,,,0.0,0.0,0.0,50.0,50.0,0.0,50.0,0.9,0.09999999999999998,0.0,0.0,0.0,0.0,0.0,0.0,0.0,
1765986577.6829827,eth-updown-15m-1765986300,1765986300.0,1765987200.0,,622.3170173168182,,,,,0,0,0.99,0.98,IDLE,,,,,,,,,,,,,,0,5,,,,,,,,,,,,,,,,,,,,CAP_FULL,,,,,,,,25.0,25.0,,,,,0,0,,,Inv: 25.0/25.0 CapLeft: 0.0,,,25.0,25.0,50.0,0.0,50.0,0.0,50.0,0.97,0.030000000000000027,5.0,0.4,0.6,0.0,5.0,0.0,0.002,OK
1765986578.4330034,eth-updown-15m-1765986300,1765986300.0,1765987200.0,,621.5669965744019,,,,,0,0,0.9,0.98,ORDERS_OPEN,,,,,,,,,,,,,,0,5,,,,,,,,,,,,,,,,,,,,,,,,,,,,0.0,0.0,,,,,0,0,,,Inv: 0.0/0.0 CapLeft: 50.0,,,0.0,0.0,0.0,50.0,50.0,0.0,50.0,0.9,0.09999999999999998,0.0,0.0,0.0,0.0,0.0,0.0,0.0,
1765986579.934841,eth-updown-15m-1765986300,1765986300.0,1765987200.0,,620.0651590824127,,,,,0,0,0.9,0.98,ORDERS_OPEN,,,,,,,,,,,,,,0,5,,,,,,,,,,,,,,,,,,,,,,,,,,,,0.0,0.0,,,,,0,0,,,Inv: 0.0/0.0 CapLeft: 50.0,,,0.0,0.0,0.0,50.0,50.0,0.0,50.0,0.9,0.09999999999999998,0.0,0.0,0.0,0.0,0.0,0.0,0.0,
1765986579.64177,eth-updown-15m-1765986300,1765986300.0,1765987200.0,,620.3582301139832,,,,,0,0,0.99,0.98,IDLE,,,,,,,,,,,,,,0,5,,,,,,,,,,,,,,,,,,,,CAP_FULL,,,,,,,,25.0,25.0,,,,,0,0,,,Inv: 25.0/25.0 CapLeft: 0.0,,,25.0,25.0,50.0,0.0,50.0,0.0,50.0,0.97,0.030000000000000027,5.0,0.4,0.6,0.0,5.0,0.0,0.002,OK
1765986581.5891747,eth-updown-15m-1765986300,1765986300.0,1765987200.0,,618.410825252533,,,,,0,0,0.99,0.98,IDLE,,,,,,,,,,,,,,0,5,,,,,,,,,,,,,,,,,,,,CAP_FULL,,,,,,,,25.0,25.0,,,,,0,0,,,Inv: 25.0/25.0 CapLeft: 0.0,,,25.0,25.0,50.0,0.0,50.0,0.0,50.0,0.97,0.030000000000000027,5.0,0.4,0.6,0.0,5.0,0.0,0.002,OK
1765986582.937431,eth-updown-15m-1765986300,1765986300.0,1765987200.0,,617.0625689029694,,,,,0.45,0.45,0.9,0.98,ORDERS_OPEN,,,,,,,,,,,,,,5,5,,,,,,,,,,,,,,,,,,,,Leg:BOTH UP:5 DOWN:5,,,,,,,,0.0,0.0,,,,,0,0,,,Inv: 0.0/0.0 CapLeft: 50.0,,,0.0,0.0,0.0,50.0,50.0,0.0,50.0,0.9,0.09999999999999998,0.0,0.0,0.0,0.0,0.0,0.0,0.0,
1765986583.5568123,eth-updown-15m-1765986300,1765986300.0,1765987200.0,,616.443187713623,,,,,0,0,0.97,0.98,IDLE,,,,,,,,,,,,,,0,5,,,,,,,,,,,,,,,,,,,,CAP_FULL,,,,,,,,25.0,25.0,,,,,0,0,,,Inv: 25.0/25.0 CapLeft: 0.0,,,25.0,25.0,50.0,0.0,50.0,0.0,50.0,0.97,0.030000000000000027,5.0,0.4,0.6,0.0,5.0,0.0,0.002,OK
1765986584.4395044,eth-updown-15m-1765986300,1765986300.0,1765987200.0,,615.5604956150055,,,,,0,0,0.9,0.98,ORDERS_OPEN,,,,,,,,,,,,,,0,5,,,,,,,,,,,,,,,,,,,,,,,,,,,,0.0,0.0,,,,,0,0,,,Inv: 0.0/0.0 CapLeft: 50.0,,,0.0,0.0,0.0,50.0,50.0,0.0,50.0,0.9,0.09999999999999998,0.0,0.0,0.0,0.0,0.0,0.0,0.0,
1765986585.9407656,eth-updown-15m-1765986300,1765986300.0,1765987200.0,,614.059234380722,,,,,0,0,0.9,0.98,ORDERS_OPEN,,,,,,,,,,,,,,0,5,,,,,,,,,,,,,,,,,,,,,,,,,,,,0.0,0.0,,,,,0,0,,,Inv: 0.0/0.0 CapLeft: 50.0,,,0.0,0.0,0.0,50.0,50.0,0.0,50.0,0.9,0.09999999999999998,0.0,0.0,0.0,0.0,0.0,0.0,0.0,
1765986585.5094101,eth-updown-15m-1765986300,1765986300.0,1765987200.0,,614.4905898571014,,,,,0,0,0.99,0.98,IDLE,,,,,,,,,,,,,,0,5,,,,,,,,,,,,,,,,,,,,CAP_FULL,,,,,,,,25.0,25.0,,,,,0,0,,,Inv: 25.0/25.0 CapLeft: 0.0,,,25.0,25.0,50.0,0.0,50.0,0.0,50.0,0.97,0.030000000000000027,5.0,0.4,0.6,0.0,5.0,0.0,0.002,OK
1765986587.4423118,eth-updown-15m-1765986300,1765986300.0,1765987200.0,,612.5576882362366,,,,,0,0,0.9,0.98,ORDERS_OPEN,,,,,,,,,,,,,,0,5,,,,,,,,,,,,,,,,,,,,,,,,,,,,0.0,0.0,,,,,0,0,,,Inv: 0.0/0.0 CapLeft: 50.0,,,0.0,0.0,0.0,50.0,50.0,0.0,50.0,0.9,0.09999999999999998,0.0,0.0,0.0,0.0,0.0,0.0,0.0,
1765986587.459094,eth-updown-15m-1765986300,1765986300.0,1765987200.0,,612.5409059524536,,,,,0,0,1.0,0.98,IDLE,,,,,,,,,,,,,,0,5,,,,,,,,,,,,,,,,,,,,CAP_FULL,,,,,,,,25.0,25.0,,,,,0,0,,,Inv: 25.0/25.0 CapLeft: 0.0,,,25.0,25.0,50.0,0.0,50.0,0.0,50.0,0.97,0.030000000000000027,5.0,0.4,0.6,0.0,5.0,0.0,0.002,OK
1765986588.9486167,eth-updown-15m-1765986300,1765986300.0,1765987200.0,,611.0513832569122,,,,,0,0,0.9,0.98,ORDERS_OPEN,,,,,,,,,,,,,,0,5,,,,,,,,,,,,,,,,,,,,,,,,,,,,0.0,0.0,,,,,0,0,,,Inv: 0.0/0.0 CapLeft: 50.0,,,0.0,0.0,0.0,50.0,50.0,0.0,50.0,0.9,0.09999999999999998,0.0,0.0,0.0,0.0,0.0,0.0,0.0,
1765986589.4078457,eth-updown-15m-1765986300,1765986300.0,1765987200.0,,610.5921542644501,,,,,0,0,0.98,0.98,IDLE,,,,,,,,,,,,,,0,5,,,,,,,,,,,,,,,,,,,,CAP_FULL,,,,,,,,25.0,25.0,,,,,0,0,,,Inv: 25.0/25.0 CapLeft: 0.0,,,25.0,25.0,50.0,0.0,50.0,0.0,50.0,0.97,0.030000000000000027,5.0,0.4,0.6,0.0,5.0,0.0,0.002,OK
1765986590.4509156,eth-updown-15m-1765986300,1765986300.0,1765987200.0,,609.5490844249725,,,,,0,0,0.9,0.98,ORDERS_OPEN,,,,,,,,,,,,,,0,5,,,,,,,,,,,,,,,,,,,,,,,,,,,,0.0,0.0,,,,,0,0,,,Inv: 0.0/0.0 CapLeft: 50.0,,,0.0,0.0,0.0,50.0,50.0,0.0,50.0,0.9,0.09999999999999998,0.0,0.0,0.0,0.0,0.0,0.0,0.0,
1765986591.3334866,eth-updown-15m-1765986300,1765986300.0,1765987200.0,,608.6665134429932,,,,,0,0,0.99,0.98,IDLE,,,,,,,,,,,,,,0,5,,,,,,,,,,,,,,,,,,,,CAP_FULL,,,,,,,,25.0,25.0,,,,,0,0,,,Inv: 25.0/25.0 CapLeft: 0.0,,,25.0,25.0,50.0,0.0,50.0,0.0,50.0,0.97,0.030000000000000027,5.0,0.4,0.6,0.0,5.0,0.0,0.002,OK
1765986591.952859,eth-updown-15m-1765986300,1765986300.0,1765987200.0,,608.0471410751343,,,,,0,0,0.9,0.98,ORDERS_OPEN,,,,,,,,,,,,,,0,5,,,,,,,,,,,,,,,,,,,,,,,,,,,,0.0,0.0,,,,,0,0,,,Inv: 0.0/0.0 CapLeft: 50.0,,,0.0,0.0,0.0,50.0,50.0,0.0,50.0,0.9,0.09999999999999998,0.0,0.0,0.0,0.0,0.0,0.0,0.0,
1765986593.4546251,eth-updown-15m-1765986300,1765986300.0,1765987200.0,,606.5453748703003,,,,,0,0,0.9,0.98,ORDERS_OPEN,,,,,,,,,,,,,,0,5,,,,,,,,,,,,,,,,,,,,,,,,,,,,0.0,0.0,,,,,0,0,,,Inv: 0.0/0.0 CapLeft: 50.0,,,0.0,0.0,0.0,50.0,50.0,0.0,50.0,0.9,0.09999999999999998,0.0,0.0,0.0,0.0,0.0,0.0,0.0,
1765986593.2680016,eth-updown-15m-1765986300,1765986300.0,1765987200.0,,606.7319984436035,,,,,0,0,0.98,0.98,IDLE,,,,,,,,,,,,,,0,5,,,,,,,,,,,,,,,,,,,,CAP_FULL,,,,,,,,25.0,25.0,,,,,0,0,,,Inv: 25.0/25.0 CapLeft: 0.0,,,25.0,25.0,50.0,0.0,50.0,0.0,50.0,0.97,0.030000000000000027,5.0,0.4,0.6,0.0,5.0,0.0,0.002,OK
1765986594.9562707,eth-updown-15m-1765986300,1765986300.0,1765987200.0,,605.0437293052673,,,,,0,0,0.9,0.98,ORDERS_OPEN,,,,,,,,,,,,,,0,5,,,,,,,,,,,,,,,,,,,,,,,,,,,,0.0,0.0,,,,,0,0,,,Inv: 0.0/0.0 CapLeft: 50.0,,,0.0,0.0,0.0,50.0,50.0,0.0,50.0,0.9,0.09999999999999998,0.0,0.0,0.0,0.0,0.0,0.0,0.0,
1765986595.2162774,eth-updown-15m-1765986300,1765986300.0,1765987200.0,,604.7837226390839,,,,,0,0,0.98,0.98,IDLE,,,,,,,,,,,,,,0,5,,,,,,,,,,,,,,,,,,,,CAP_FULL,,,,,,,,25.0,25.0,,,,,0,0,,,Inv: 25.0/25.0 CapLeft: 0.0,,,25.0,25.0,50.0,0.0,50.0,0.0,50.0,0.97,0.030000000000000027,5.0,0.4,0.6,0.0,5.0,0.0,0.002,OK
1765986596.458142,eth-updown-15m-1765986300,1765986300.0,1765987200.0,,603.54185795784,,,,,0,0,0.9,0.98,ORDERS_OPEN,,,,,,,,,,,,,,0,5,,,,,,,,,,,,,,,,,,,,,,,,,,,,0.0,0.0,,,,,0,0,,,Inv: 0.0/0.0 CapLeft: 50.0,,,0.0,0.0,0.0,50.0,50.0,0.0,50.0,0.9,0.09999999999999998,0.0,0.0,0.0,0.0,0.0,0.0,0.0,
1765986597.1898196,eth-updown-15m-1765986300,1765986300.0,1765987200.0,,602.8101804256439,,,,,0,0,0.97,0.98,IDLE,,,,,,,,,,,,,,0,5,,,,,,,,,,,,,,,,,,,,CAP_FULL,,,,,,,,25.0,25.0,,,,,0,0,,,Inv: 25.0/25.0 CapLeft: 0.0,,,25.0,25.0,50.0,0.0,50.0,0.0,50.0,0.97,0.030000000000000027,5.0,0.4,0.6,0.0,5.0,0.0,0.002,OK
1765986599.4614966,eth-updown-15m-1765986300,1765986300.0,1765987200.0,,600.538503408432,,,,,0.45,0.45,0.9,0.98,ORDERS_OPEN,,,,,,,,,,,,,,5,5,,,,,,,,,,,,,,,,,,,,Leg:BOTH UP:5 DOWN:5,,,,,,,,0.0,0.0,,,,,0,0,,,Inv: 0.0/0.0 CapLeft: 50.0,,,0.0,0.0,0.0,50.0,50.0,0.0,50.0,0.9,0.09999999999999998,0.0,0.0,0.0,0.0,0.0,0.0,0.0,
1765986599.1274078,eth-updown-15m-1765986300,1765986300.0,1765987200.0,,600.8725922107697,,,,,0,0,0.97,0.98,IDLE,,,,,,,,,,,,,,0,5,,,,,,,,,,,,,,,,,,,,CAP_FULL,,,,,,,,25.0,25.0,,,,,0,0,,,Inv: 25.0/25.0 CapLeft: 0.0,,,25.0,25.0,50.0,0.0,50.0,0.0,50.0,0.97,0.030000000000000027,5.0,0.4,0.6,0.0,5.0,0.0,0.002,OK
1765986600.9629486,eth-updown-15m-1765986300,1765986300.0,1765987200.0,,599.0370514392853,,,,,0,0,0.9,0.98,ORDERS_OPEN,,,,,,,,,,,,,,0,5,,,,,,,,,,,,,,,,,,,,,,,,,,,,0.0,0.0,,,,,0,0,,,Inv: 0.0/0.0 CapLeft: 50.0,,,0.0,0.0,0.0,50.0,50.0,0.0,50.0,0.9,0.09999999999999998,0.0,0.0,0.0,0.0,0.0,0.0,0.0,
1765986601.0876117,eth-updown-15m-1765986300,1765986300.0,1765987200.0,,598.9123883247375,,,,,0,0,0.96,0.98,IDLE,,,,,,,,,,,,,,0,5,,,,,,,,,,,,,,,,,,,,CAP_FULL,,,,,,,,25.0,25.0,,,,,0,0,,,Inv: 25.0/25.0 CapLeft: 0.0,,,25.0,25.0,50.0,0.0,50.0,0.0,50.0,0.97,0.030000000000000027,5.0,0.4,0.6,0.0,5.0,0.0,0.002,OK
1765986602.4648287,eth-updown-15m-1765986300,1765986300.0,1765987200.0,,597.5351712703705,,,,,0,0,0.9,0.98,ORDERS_OPEN,,,,,,,,,,,,,,0,5,,,,,,,,,,,,,,,,,,,,,,,,,,,,0.0,0.0,,,,,0,0,,,Inv: 0.0/0.0 CapLeft: 50.0,,,0.0,0.0,0.0,50.0,50.0,0.0,50.0,0.9,0.09999999999999998,0.0,0.0,0.0,0.0,0.0,0.0,0.0,
1765986603.0235085,eth-updown-15m-1765986300,1765986300.0,1765987200.0,,596.9764914512634,,,,,0,0,0.99,0.98,IDLE,,,,,,,,,,,,,,0,5,,,,,,,,,,,,,,,,,,,,CAP_FULL,,,,,,,,25.0,25.0,,,,,0,0,,,Inv: 25.0/25.0 CapLeft: 0.0,,,25.0,25.0,50.0,0.0,50.0,0.0,50.0,0.97,0.030000000000000027,5.0,0.4,0.6,0.0,5.0,0.0,0.002,OK
1765986603.966661,eth-updown-15m-1765986300,1765986300.0,1765987200.0,,596.0333390235901,,,,,0,0,0.9,0.98,ORDERS_OPEN,,,,,,,,,,,,,,0,5,,,,,,,,,,,,,,,,,,,,,,,,,,,,0.0,0.0,,,,,0,0,,,Inv: 0.0/0.0 CapLeft: 50.0,,,0.0,0.0,0.0,50.0,50.0,0.0,50.0,0.9,0.09999999999999998,0.0,0.0,0.0,0.0,0.0,0.0,0.0,
1765986605.4686522,eth-updown-15m-1765986300,1765986300.0,1765987200.0,,594.5313477516174,,,,,0,0,0.9,0.98,ORDERS_OPEN,,,,,,,,,,,,,,0,5,,,,,,,,,,,,,,,,,,,,,,,,,,,,0.0,0.0,,,,,0,0,,,Inv: 0.0/0.0 CapLeft: 50.0,,,0.0,0.0,0.0,50.0,50.0,0.0,50.0,0.9,0.09999999999999998,0.0,0.0,0.0,0.0,0.0,0.0,0.0,
1765986605.0778668,eth-updown-15m-1765986300,1765986300.0,1765987200.0,,594.9221332073212,,,,,0,0,0.99,0.98,IDLE,,,,,,,,,,,,,,0,5,,,,,,,,,,,,,,,,,,,,CAP_FULL,,,,,,,,25.0,25.0,,,,,0,0,,,Inv: 25.0/25.0 CapLeft: 0.0,,,25.0,25.0,50.0,0.0,50.0,0.0,50.0,0.97,0.030000000000000027,5.0,0.4,0.6,0.0,5.0,0.0,0.002,OK
1765986606.9705434,eth-updown-15m-1765986300,1765986300.0,1765987200.0,,593.029456615448,,,,,0,0,0.9,0.98,ORDERS_OPEN,,,,,,,,,,,,,,0,5,,,,,,,,,,,,,,,,,,,,,,,,,,,,0.0,0.0,,,,,0,0,,,Inv: 0.0/0.0 CapLeft: 50.0,,,0.0,0.0,0.0,50.0,50.0,0.0,50.0,0.9,0.09999999999999998,0.0,0.0,0.0,0.0,0.0,0.0,0.0,
1765986607.0279748,eth-updown-15m-1765986300,1765986300.0,1765987200.0,,592.9720251560211,,,,,0,0,0.97,0.98,IDLE,,,,,,,,,,,,,,0,5,,,,,,,,,,,,,,,,,,,,CAP_FULL,,,,,,,,25.0,25.0,,,,,0,0,,,Inv: 25.0/25.0 CapLeft: 0.0,,,25.0,25.0,50.0,0.0,50.0,0.0,50.0,0.97,0.030000000000000027,5.0,0.4,0.6,0.0,5.0,0.0,0.002,OK
1765986608.4725387,eth-updown-15m-1765986300,1765986300.0,1765987200.0,,591.5274612903595,,,,,0,0,0.9,0.98,ORDERS_OPEN,,,,,,,,,,,,,,0,5,,,,,,,,,,,,,,,,,,,,,,,,,,,,0.0,0.0,,,,,0,0,,,Inv: 0.0/0.0 CapLeft: 50.0,,,0.0,0.0,0.0,50.0,50.0,0.0,50.0,0.9,0.09999999999999998,0.0,0.0,0.0,0.0,0.0,0.0,0.0,
1765986609.0212612,eth-updown-15m-1765986300,1765986300.0,1765987200.0,,590.97873878479,,,,,0,0,0.97,0.98,IDLE,,,,,,,,,,,,,,0,5,,,,,,,,,,,,,,,,,,,,CAP_FULL,,,,,,,,25.0,25.0,,,,,0,0,,,Inv: 25.0/25.0 CapLeft: 0.0,,,25.0,25.0,50.0,0.0,50.0,0.0,50.0,0.97,0.030000000000000027,5.0,0.4,0.6,0.0,5.0,0.0,0.002,OK
1765986609.9735608,eth-updown-15m-1765986300,1765986300.0,1765987200.0,,590.0264391899109,,,,,0,0,0.9,0.98,ORDERS_OPEN,,,,,,,,,,,,,,0,5,,,,,,,,,,,,,,,,,,,,,,,,,,,,0.0,0.0,,,,,0,0,,,Inv: 0.0/0.0 CapLeft: 50.0,,,0.0,0.0,0.0,50.0,50.0,0.0,50.0,0.9,0.09999999999999998,0.0,0.0,0.0,0.0,0.0,0.0,0.0,
1765986611.4753203,eth-updown-15m-1765986300,1765986300.0,1765987200.0,,588.5246796607971,,,,,0,0,0.9,0.98,ORDERS_OPEN,,,,,,,,,,,,,,0,5,,,,,,,,,,,,,,,,,,,,,,,,,,,,0.0,0.0,,,,,0,0,,,Inv: 0.0/0.0 CapLeft: 50.0,,,0.0,0.0,0.0,50.0,50.0,0.0,50.0,0.9,0.09999999999999998,0.0,0.0,0.0,0.0,0.0,0.0,0.0,
1765986611.0521278,eth-updown-15m-1765986300,1765986300.0,1765987200.0,,588.9478721618652,,,,,0,0,0.97,0.98,IDLE,,,,,,,,,,,,,,0,5,,,,,,,,,,,,,,,,,,,,CAP_FULL,,,,,,,,25.0,25.0,,,,,0,0,,,Inv: 25.0/25.0 CapLeft: 0.0,,,25.0,25.0,50.0,0.0,50.0,0.0,50.0,0.97,0.030000000000000027,5.0,0.4,0.6,0.0,5.0,0.0,0.002,OK
1765986612.9775147,eth-updown-15m-1765986300,1765986300.0,1765987200.0,,587.0224852561951,,,,,0,0,0.9,0.98,ORDERS_OPEN,,,,,,,,,,,,,,0,5,,,,,,,,,,,,,,,,,,,,,,,,,,,,0.0,0.0,,,,,0,0,,,Inv: 0.0/0.0 CapLeft: 50.0,,,0.0,0.0,0.0,50.0,50.0,0.0,50.0,0.9,0.09999999999999998,0.0,0.0,0.0,0.0,0.0,0.0,0.0,
1765986613.0296285,eth-updown-15m-1765986300,1765986300.0,1765987200.0,,586.9703714847565,,,,,0,0,0.98,0.98,IDLE,,,,,,,,,,,,,,0,5,,,,,,,,,,,,,,,,,,,,CAP_FULL,,,,,,,,25.0,25.0,,,,,0,0,,,Inv: 25.0/25.0 CapLeft: 0.0,,,25.0,25.0,50.0,0.0,50.0,0.0,50.0,0.97,0.030000000000000027,5.0,0.4,0.6,0.0,5.0,0.0,0.002,OK
1765986614.995075,eth-updown-15m-1765986300,1765986300.0,1765987200.0,,585.0049250125885,,,,,0,0,0.98,0.98,IDLE,,,,,,,,,,,,,,0,5,,,,,,,,,,,,,,,,,,,,CAP_FULL,,,,,,,,25.0,25.0,,,,,0,0,,,Inv: 25.0/25.0 CapLeft: 0.0,,,25.0,25.0,50.0,0.0,50.0,0.0,50.0,0.97,0.030000000000000027,5.0,0.4,0.6,0.0,5.0,0.0,0.002,OK
1765986615.9817793,eth-updown-15m-1765986300,1765986300.0,1765987200.0,,584.0182206630707,,,,,0.45,0.45,0.9,0.98,ORDERS_OPEN,,,,,,,,,,,,,,5,5,,,,,,,,,,,,,,,,,,,,Leg:BOTH UP:5 DOWN:5,,,,,,,,0.0,0.0,,,,,0,0,,,Inv: 0.0/0.0 CapLeft: 50.0,,,0.0,0.0,0.0,50.0,50.0,0.0,50.0,0.9,0.09999999999999998,0.0,0.0,0.0,0.0,0.0,0.0,0.0,
1765986616.9798522,eth-updown-15m-1765986300,1765986300.0,1765987200.0,,583.0201478004456,,,,,0,0,0.98,0.98,IDLE,,,,,,,,,,,,,,0,5,,,,,,,,,,,,,,,,,,,,CAP_FULL,,,,,,,,25.0,25.0,,,,,0,0,,,Inv: 25.0/25.0 CapLeft: 0.0,,,25.0,25.0,50.0,0.0,50.0,0.0,50.0,0.97,0.030000000000000027,5.0,0.4,0.6,0.0,5.0,0.0,0.002,OK
1765986617.4836626,eth-updown-15m-1765986300,1765986300.0,1765987200.0,,582.5163373947144,,,,,0,0,0.9,0.98,ORDERS_OPEN,,,,,,,,,,,,,,0,5,,,,,,,,,,,,,,,,,,,,,,,,,,,,0.0,0.0,,,,,0,0,,,Inv: 0.0/0.0 CapLeft: 50.0,,,0.0,0.0,0.0,50.0,50.0,0.0,50.0,0.9,0.09999999999999998,0.0,0.0,0.0,0.0,0.0,0.0,0.0,
1765986618.9851532,eth-updown-15m-1765986300,1765986300.0,1765987200.0,,581.0148468017578,,,,,0,0,0.9,0.98,ORDERS_OPEN,,,,,,,,,,,,,,0,5,,,,,,,,,,,,,,,,,,,,,,,,,,,,0.0,0.0,,,,,0,0,,,Inv: 0.0/0.0 CapLeft: 50.0,,,0.0,0.0,0.0,50.0,50.0,0.0,50.0,0.9,0.09999999999999998,0.0,0.0,0.0,0.0,0.0,0.0,0.0,
1765986618.9176154,eth-updown-15m-1765986300,1765986300.0,1765987200.0,,581.0823845863342,,,,,0,0,0.97,0.98,IDLE,,,,,,,,,,,,,,0,5,,,,,,,,,,,,,,,,,,,,CAP_FULL,,,,,,,,25.0,25.0,,,,,0,0,,,Inv: 25.0/25.0 CapLeft: 0.0,,,25.0,25.0,50.0,0.0,50.0,0.0,50.0,0.97,0.030000000000000027,5.0,0.4,0.6,0.0,5.0,0.0,0.002,OK
1765986620.4871166,eth-updown-15m-1765986300,1765986300.0,1765987200.0,,579.5128834247589,,,,,0,0,0.9,0.98,ORDERS_OPEN,,,,,,,,,,,,,,0,5,,,,,,,,,,,,,,,,,,,,,,,,,,,,0.0,0.0,,,,,0,0,,,Inv: 0.0/0.0 CapLeft: 50.0,,,0.0,0.0,0.0,50.0,50.0,0.0,50.0,0.9,0.09999999999999998,0.0,0.0,0.0,0.0,0.0,0.0,0.0,
1765986620.868305,eth-updown-15m-1765986300,1765986300.0,1765987200.0,,579.1316950321198,,,,,0,0,0.97,0.98,IDLE,,,,,,,,,,,,,,0,5,,,,,,,,,,,,,,,,,,,,CAP_FULL,,,,,,,,25.0,25.0,,,,,0,0,,,Inv: 25.0/25.0 CapLeft: 0.0,,,25.0,25.0,50.0,0.0,50.0,0.0,50.0,0.97,0.030000000000000027,5.0,0.4,0.6,0.0,5.0,0.0,0.002,OK
1765986621.988923,eth-updown-15m-1765986300,1765986300.0,1765987200.0,,578.0110769271851,,,,,0,0,0.9,0.98,ORDERS_OPEN,,,,,,,,,,,,,,0,5,,,,,,,,,,,,,,,,,,,,,,,,,,,,0.0,0.0,,,,,0,0,,,Inv: 0.0/0.0 CapLeft: 50.0,,,0.0,0.0,0.0,50.0,50.0,0.0,50.0,0.9,0.09999999999999998,0.0,0.0,0.0,0.0,0.0,0.0,0.0,
1765986622.8138702,eth-updown-15m-1765986300,1765986300.0,1765987200.0,,577.1861298084259,,,,,0,0,0.98,0.98,IDLE,,,,,,,,,,,,,,0,5,,,,,,,,,,,,,,,,,,,,CAP_FULL,,,,,,,,25.0,25.0,,,,,0,0,,,Inv: 25.0/25.0 CapLeft: 0.0,,,25.0,25.0,50.0,0.0,50.0,0.0,50.0,0.97,0.030000000000000027,5.0,0.4,0.6,0.0,5.0,0.0,0.002,OK
1765986623.4922001,eth-updown-15m-1765986300,1765986300.0,1765987200.0,,576.5077998638153,,,,,0,0,0.9,0.98,ORDERS_OPEN,,,,,,,,,,,,,,0,5,,,,,,,,,,,,,,,,,,,,,,,,,,,,0.0,0.0,,,,,0,0,,,Inv: 0.0/0.0 CapLeft: 50.0,,,0.0,0.0,0.0,50.0,50.0,0.0,50.0,0.9,0.09999999999999998,0.0,0.0,0.0,0.0,0.0,0.0,0.0,
1765986624.9939291,eth-updown-15m-1765986300,1765986300.0,1765987200.0,,575.0060708522797,,,,,0,0,0.9,0.98,ORDERS_OPEN,,,,,,,,,,,,,,0,5,,,,,,,,,,,,,,,,,,,,,,,,,,,,0.0,0.0,,,,,0,0,,,Inv: 0.0/0.0 CapLeft: 50.0,,,0.0,0.0,0.0,50.0,50.0,0.0,50.0,0.9,0.09999999999999998,0.0,0.0,0.0,0.0,0.0,0.0,0.0,
1765986624.7501924,eth-updown-15m-1765986300,1765986300.0,1765987200.0,,575.2498075962067,,,,,0,0,0.98,0.98,IDLE,,,,,,,,,,,,,,0,5,,,,,,,,,,,,,,,,,,,,CAP_FULL,,,,,,,,25.0,25.0,,,,,0,0,,,Inv: 25.0/25.0 CapLeft: 0.0,,,25.0,25.0,50.0,0.0,50.0,0.0,50.0,0.97,0.030000000000000027,5.0,0.4,0.6,0.0,5.0,0.0,0.002,OK
1765986626.4952297,eth-updown-15m-1765986300,1765986300.0,1765987200.0,,573.5047702789307,,,,,0,0,0.9,0.98,ORDERS_OPEN,,,,,,,,,,,,,,0,5,,,,,,,,,,,,,,,,,,,,,,,,,,,,0.0,0.0,,,,,0,0,,,Inv: 0.0/0.0 CapLeft: 50.0,,,0.0,0.0,0.0,50.0,50.0,0.0,50.0,0.9,0.09999999999999998,0.0,0.0,0.0,0.0,0.0,0.0,0.0,
1765986626.768746,eth-updown-15m-1765986300,1765986300.0,1765987200.0,,573.2312541007996,,,,,0,0,0.99,0.98,IDLE,,,,,,,,,,,,,,0,5,,,,,,,,,,,,,,,,,,,,CAP_FULL,,,,,,,,25.0,25.0,,,,,0,0,,,Inv: 25.0/25.0 CapLeft: 0.0,,,25.0,25.0,50.0,0.0,50.0,0.0,50.0,0.97,0.030000000000000027,5.0,0.4,0.6,0.0,5.0,0.0,0.002,OK
1765986627.9967813,eth-updown-15m-1765986300,1765986300.0,1765987200.0,,572.0032186508179,,,,,0,0,0.9,0.98,ORDERS_OPEN,,,,,,,,,,,,,,0,5,,,,,,,,,,,,,,,,,,,,,,,,,,,,0.0,0.0,,,,,0,0,,,Inv: 0.0/0.0 CapLeft: 50.0,,,0.0,0.0,0.0,50.0,50.0,0.0,50.0,0.9,0.09999999999999998,0.0,0.0,0.0,0.0,0.0,0.0,0.0,
1765986628.7113876,eth-updown-15m-1765986300,1765986300.0,1765987200.0,,571.2886123657227,,,,,0,0,0.97,0.98,IDLE,,,,,,,,,,,,,,0,5,,,,,,,,,,,,,,,,,,,,CAP_FULL,,,,,,,,25.0,25.0,,,,,0,0,,,Inv: 25.0/25.0 CapLeft: 0.0,,,25.0,25.0,50.0,0.0,50.0,0.0,50.0,0.97,0.030000000000000027,5.0,0.4,0.6,0.0,5.0,0.0,0.002,OK
1765986629.4989054,eth-updown-15m-1765986300,1765986300.0,1765987200.0,,570.5010945796967,,,,,0,0,0.9,0.98,ORDERS_OPEN,,,,,,,,,,,,,,0,5,,,,,,,,,,,,,,,,,,,,,,,,,,,,0.0,0.0,,,,,0,0,,,Inv: 0.0/0.0 CapLeft: 50.0,,,0.0,0.0,0.0,50.0,50.0,0.0,50.0,0.9,0.09999999999999998,0.0,0.0,0.0,0.0,0.0,0.0,0.0,
1765986630.6702802,eth-updown-15m-1765986300,1765986300.0,1765987200.0,,569.3297197818756,,,,,0,0,0.99,0.98,IDLE,,,,,,,,,,,,,,0,5,,,,,,,,,,,,,,,,,,,,CAP_FULL,,,,,,,,25.0,25.0,,,,,0,0,,,Inv: 25.0/25.0 CapLeft: 0.0,,,25.0,25.0,50.0,0.0,50.0,0.0,50.0,0.97,0.030000000000000027,5.0,0.4,0.6,0.0,5.0,0.0,0.002,OK
1765986632.502276,eth-updown-15m-1765986300,1765986300.0,1765987200.0,,567.4977240562439,,,,,0.45,0.45,0.9,0.98,ORDERS_OPEN,,,,,,,,,,,,,,5,5,,,,,,,,,,,,,,,,,,,,Leg:BOTH UP:5 DOWN:5,,,,,,,,0.0,0.0,,,,,0,0,,,Inv: 0.0/0.0 CapLeft: 50.0,,,0.0,0.0,0.0,50.0,50.0,0.0,50.0,0.9,0.09999999999999998,0.0,0.0,0.0,0.0,0.0,0.0,0.0,
1765986632.6305795,eth-updown-15m-1765986300,1765986300.0,1765987200.0,,567.3694205284119,,,,,0,0,0.98,0.98,IDLE,,,,,,,,,,,,,,0,5,,,,,,,,,,,,,,,,,,,,CAP_FULL,,,,,,,,25.0,25.0,,,,,0,0,,,Inv: 25.0/25.0 CapLeft: 0.0,,,25.0,25.0,50.0,0.0,50.0,0.0,50.0,0.97,0.030000000000000027,5.0,0.4,0.6,0.0,5.0,0.0,0.002,OK
1765986634.0046995,eth-updown-15m-1765986300,1765986300.0,1765987200.0,,565.9953005313873,,,,,0,0,0.9,0.98,ORDERS_OPEN,,,,,,,,,,,,,,0,5,,,,,,,,,,,,,,,,,,,,,,,,,,,,0.0,0.0,,,,,0,0,,,Inv: 0.0/0.0 CapLeft: 50.0,,,0.0,0.0,0.0,50.0,50.0,0.0,50.0,0.9,0.09999999999999998,0.0,0.0,0.0,0.0,0.0,0.0,0.0,
1765986634.579871,eth-updown-15m-1765986300,1765986300.0,1765987200.0,,565.4201290607452,,,,,0,0,0.99,0.98,IDLE,,,,,,,,,,,,,,0,5,,,,,,,,,,,,,,,,,,,,CAP_FULL,,,,,,,,25.0,25.0,,,,,0,0,,,Inv: 25.0/25.0 CapLeft: 0.0,,,25.0,25.0,50.0,0.0,50.0,0.0,50.0,0.97,0.030000000000000027,5.0,0.4,0.6,0.0,5.0,0.0,0.002,OK
1765986635.5063043,eth-updown-15m-1765986300,1765986300.0,1765987200.0,,564.4936957359314,,,,,0,0,0.9,0.98,ORDERS_OPEN,,,,,,,,,,,,,,0,5,,,,,,,,,,,,,,,,,,,,,,,,,,,,0.0,0.0,,,,,0,0,,,Inv: 0.0/0.0 CapLeft: 50.0,,,0.0,0.0,0.0,50.0,50.0,0.0,50.0,0.9,0.09999999999999998,0.0,0.0,0.0,0.0,0.0,0.0,0.0,
1765986637.0083818,eth-updown-15m-1765986300,1765986300.0,1765987200.0,,562.9916181564331,,,,,0,0,0.9,0.98,ORDERS_OPEN,,,,,,,,,,,,,,0,5,,,,,,,,,,,,,,,,,,,,,,,,,,,,0.0,0.0,,,,,0,0,,,Inv: 0.0/0.0 CapLeft: 50.0,,,0.0,0.0,0.0,50.0,50.0,0.0,50.0,0.9,0.09999999999999998,0.0,0.0,0.0,0.0,0.0,0.0,0.0,
1765986636.6545,eth-updown-15m-1765986300,1765986300.0,1765987200.0,,563.3454999923706,,,,,0,0,0.99,0.98,IDLE,,,,,,,,,,,,,,0,5,,,,,,,,,,,,,,,,,,,,CAP_FULL,,,,,,,,25.0,25.0,,,,,0,0,,,Inv: 25.0/25.0 CapLeft: 0.0,,,25.0,25.0,50.0,0.0,50.0,0.0,50.0,0.97,0.030000000000000027,5.0,0.4,0.6,0.0,5.0,0.0,0.002,OK
1765986638.50992,eth-updown-15m-1765986300,1765986300.0,1765987200.0,,561.4900801181793,,,,,0,0,0.9,0.98,ORDERS_OPEN,,,,,,,,,,,,,,0,5,,,,,,,,,,,,,,,,,,,,,,,,,,,,0.0,0.0,,,,,0,0,,,Inv: 0.0/0.0 CapLeft: 50.0,,,0.0,0.0,0.0,50.0,50.0,0.0,50.0,0.9,0.09999999999999998,0.0,0.0,0.0,0.0,0.0,0.0,0.0,
1765986638.6505353,eth-updown-15m-1765986300,1765986300.0,1765987200.0,,561.3494646549225,,,,,0,0,0.99,0.98,IDLE,,,,,,,,,,,,,,0,5,,,,,,,,,,,,,,,,,,,,CAP_FULL,,,,,,,,25.0,25.0,,,,,0,0,,,Inv: 25.0/25.0 CapLeft: 0.0,,,25.0,25.0,50.0,0.0,50.0,0.0,50.0,0.97,0.030000000000000027,5.0,0.4,0.6,0.0,5.0,0.0,0.002,OK
1765986640.0115004,eth-updown-15m-1765986300,1765986300.0,1765987200.0,,559.9884996414185,,,,,0,0,0.9,0.98,ORDERS_OPEN,,,,,,,,,,,,,,0,5,,,,,,,,,,,,,,,,,,,,,,,,,,,,0.0,0.0,,,,,0,0,,,Inv: 0.0/0.0 CapLeft: 50.0,,,0.0,0.0,0.0,50.0,50.0,0.0,50.0,0.9,0.09999999999999998,0.0,0.0,0.0,0.0,0.0,0.0,0.0,
1765986640.6151605,eth-updown-15m-1765986300,1765986300.0,1765987200.0,,559.3848395347595,,,,,0,0,0.98,0.98,IDLE,,,,,,,,,,,,,,0,5,,,,,,,,,,,,,,,,,,,,CAP_FULL,,,,,,,,25.0,25.0,,,,,0,0,,,Inv: 25.0/25.0 CapLeft: 0.0,,,25.0,25.0,50.0,0.0,50.0,0.0,50.0,0.97,0.030000000000000027,5.0,0.4,0.6,0.0,5.0,0.0,0.002,OK
1765986641.5138981,eth-updown-15m-1765986300,1765986300.0,1765987200.0,,558.4861018657684,,,,,0,0,0.9,0.98,ORDERS_OPEN,,,,,,,,,,,,,,0,5,,,,,,,,,,,,,,,,,,,,,,,,,,,,0.0,0.0,,,,,0,0,,,Inv: 0.0/0.0 CapLeft: 50.0,,,0.0,0.0,0.0,50.0,50.0,0.0,50.0,0.9,0.09999999999999998,0.0,0.0,0.0,0.0,0.0,0.0,0.0,
1765986643.0169914,eth-updown-15m-1765986300,1765986300.0,1765987200.0,,556.9830086231232,,,,,0,0,0.9,0.98,ORDERS_OPEN,,,,,,,,,,,,,,0,5,,,,,,,,,,,,,,,,,,,,,,,,,,,,0.0,0.0,,,,,0,0,,,Inv: 0.0/0.0 CapLeft: 50.0,,,0.0,0.0,0.0,50.0,50.0,0.0,50.0,0.9,0.09999999999999998,0.0,0.0,0.0,0.0,0.0,0.0,0.0,
1765986642.5882137,eth-updown-15m-1765986300,1765986300.0,1765987200.0,,557.4117863178253,,,,,0,0,0.98,0.98,IDLE,,,,,,,,,,,,,,0,5,,,,,,,,,,,,,,,,,,,,CAP_FULL,,,,,,,,25.0,25.0,,,,,0,0,,,Inv: 25.0/25.0 CapLeft: 0.0,,,25.0,25.0,50.0,0.0,50.0,0.0,50.0,0.97,0.030000000000000027,5.0,0.4,0.6,0.0,5.0,0.0,0.002,OK
1765986644.5191038,eth-updown-15m-1765986300,1765986300.0,1765987200.0,,555.4808962345123,,,,,0,0,0.9,0.98,ORDERS_OPEN,,,,,,,,,,,,,,0,5,,,,,,,,,,,,,,,,,,,,,,,,,,,,0.0,0.0,,,,,0,0,,,Inv: 0.0/0.0 CapLeft: 50.0,,,0.0,0.0,0.0,50.0,50.0,0.0,50.0,0.9,0.09999999999999998,0.0,0.0,0.0,0.0,0.0,0.0,0.0,
1765986644.5348299,eth-updown-15m-1765986300,1765986300.0,1765987200.0,,555.4651701450348,,,,,0,0,0.99,0.98,IDLE,,,,,,,,,,,,,,0,5,,,,,,,,,,,,,,,,,,,,CAP_FULL,,,,,,,,25.0,25.0,,,,,0,0,,,Inv: 25.0/25.0 CapLeft: 0.0,,,25.0,25.0,50.0,0.0,50.0,0.0,50.0,0.97,0.030000000000000027,5.0,0.4,0.6,0.0,5.0,0.0,0.002,OK
1765986646.0207248,eth-updown-15m-1765986300,1765986300.0,1765987200.0,,553.979275226593,,,,,0,0,0.9,0.98,ORDERS_OPEN,,,,,,,,,,,,,,0,5,,,,,,,,,,,,,,,,,,,,,,,,,,,,0.0,0.0,,,,,0,0,,,Inv: 0.0/0.0 CapLeft: 50.0,,,0.0,0.0,0.0,50.0,50.0,0.0,50.0,0.9,0.09999999999999998,0.0,0.0,0.0,0.0,0.0,0.0,0.0,
1765986646.6148822,eth-updown-15m-1765986300,1765986300.0,1765987200.0,,553.3851177692413,,,,,0,0,0.98,0.98,IDLE,,,,,,,,,,,,,,0,5,,,,,,,,,,,,,,,,,,,,CAP_FULL,,,,,,,,25.0,25.0,,,,,0,0,,,Inv: 25.0/25.0 CapLeft: 0.0,,,25.0,25.0,50.0,0.0,50.0,0.0,50.0,0.97,0.030000000000000027,5.0,0.4,0.6,0.0,5.0,0.0,0.002,OK
1765986649.0234919,eth-updown-15m-1765986300,1765986300.0,1765987200.0,,550.976508140564,,,,,0.45,0.45,0.9,0.98,ORDERS_OPEN,,,,,,,,,,,,,,5,5,,,,,,,,,,,,,,,,,,,,Leg:BOTH UP:5 DOWN:5,,,,,,,,0.0,0.0,,,,,0,0,,,Inv: 0.0/0.0 CapLeft: 50.0,,,0.0,0.0,0.0,50.0,50.0,0.0,50.0,0.9,0.09999999999999998,0.0,0.0,0.0,0.0,0.0,0.0,0.0,
1765986648.6162417,eth-updown-15m-1765986300,1765986300.0,1765987200.0,,551.3837583065033,,,,,0,0,0.97,0.98,IDLE,,,,,,,,,,,,,,0,5,,,,,,,,,,,,,,,,,,,,CAP_FULL,,,,,,,,25.0,25.0,,,,,0,0,,,Inv: 25.0/25.0 CapLeft: 0.0,,,25.0,25.0,50.0,0.0,50.0,0.0,50.0,0.97,0.030000000000000027,5.0,0.4,0.6,0.0,5.0,0.0,0.002,OK
1765986650.5251832,eth-updown-15m-1765986300,1765986300.0,1765987200.0,,549.4748167991638,,,,,0,0,0.9,0.98,ORDERS_OPEN,,,,,,,,,,,,,,0,5,,,,,,,,,,,,,,,,,,,,,,,,,,,,0.0,0.0,,,,,0,0,,,Inv: 0.0/0.0 CapLeft: 50.0,,,0.0,0.0,0.0,50.0,50.0,0.0,50.0,0.9,0.09999999999999998,0.0,0.0,0.0,0.0,0.0,0.0,0.0,
1765986650.5885727,eth-updown-15m-1765986300,1765986300.0,1765987200.0,,549.4114272594452,,,,,0,0,0.97,0.98,IDLE,,,,,,,,,,,,,,0,5,,,,,,,,,,,,,,,,,,,,CAP_FULL,,,,,,,,25.0,25.0,,,,,0,0,,,Inv: 25.0/25.0 CapLeft: 0.0,,,25.0,25.0,50.0,0.0,50.0,0.0,50.0,0.97,0.030000000000000027,5.0,0.4,0.6,0.0,5.0,0.0,0.002,OK
1765986652.0273595,eth-updown-15m-1765986300,1765986300.0,1765987200.0,,547.9726405143738,,,,,0,0,0.9,0.98,ORDERS_OPEN,,,,,,,,,,,,,,0,5,,,,,,,,,,,,,,,,,,,,,,,,,,,,0.0,0.0,,,,,0,0,,,Inv: 0.0/0.0 CapLeft: 50.0,,,0.0,0.0,0.0,50.0,50.0,0.0,50.0,0.9,0.09999999999999998,0.0,0.0,0.0,0.0,0.0,0.0,0.0,
1765986652.5499444,eth-updown-15m-1765986300,1765986300.0,1765987200.0,,547.4500555992126,,,,,0,0,0.97,0.98,IDLE,,,,,,,,,,,,,,0,5,,,,,,,,,,,,,,,,,,,,CAP_FULL,,,,,,,,25.0,25.0,,,,,0,0,,,Inv: 25.0/25.0 CapLeft: 0.0,,,25.0,25.0,50.0,0.0,50.0,0.0,50.0,0.97,0.030000000000000027,5.0,0.4,0.6,0.0,5.0,0.0,0.002,OK
1765986653.5290737,eth-updown-15m-1765986300,1765986300.0,1765987200.0,,546.47092628479,,,,,0,0,0.9,0.98,ORDERS_OPEN,,,,,,,,,,,,,,0,5,,,,,,,,,,,,,,,,,,,,,,,,,,,,0.0,0.0,,,,,0,0,,,Inv: 0.0/0.0 CapLeft: 50.0,,,0.0,0.0,0.0,50.0,50.0,0.0,50.0,0.9,0.09999999999999998,0.0,0.0,0.0,0.0,0.0,0.0,0.0,
1765986654.487574,eth-updown-15m-1765986300,1765986300.0,1765987200.0,,545.5124258995056,,,,,0,0,0.98,0.98,IDLE,,,,,,,,,,,,,,0,5,,,,,,,,,,,,,,,,,,,,CAP_FULL,,,,,,,,25.0,25.0,,,,,0,0,,,Inv: 25.0/25.0 CapLeft: 0.0,,,25.0,25.0,50.0,0.0,50.0,0.0,50.0,0.97,0.030000000000000027,5.0,0.4,0.6,0.0,5.0,0.0,0.002,OK
1765986655.0310452,eth-updown-15m-1765986300,1765986300.0,1765987200.0,,544.9689548015594,,,,,0,0,0.9,0.98,ORDERS_OPEN,,,,,,,,,,,,,,0,5,,,,,,,,,,,,,,,,,,,,,,,,,,,,0.0,0.0,,,,,0,0,,,Inv: 0.0/0.0 CapLeft: 50.0,,,0.0,0.0,0.0,50.0,50.0,0.0,50.0,0.9,0.09999999999999998,0.0,0.0,0.0,0.0,0.0,0.0,0.0,
1765986656.5322602,eth-updown-15m-1765986300,1765986300.0,1765987200.0,,543.4677398204803,,,,,0,0,0.9,0.98,ORDERS_OPEN,,,,,,,,,,,,,,0,5,,,,,,,,,,,,,,,,,,,,,,,,,,,,0.0,0.0,,,,,0,0,,,Inv: 0.0/0.0 CapLeft: 50.0,,,0.0,0.0,0.0,50.0,50.0,0.0,50.0,0.9,0.09999999999999998,0.0,0.0,0.0,0.0,0.0,0.0,0.0,
1765986656.4133499,eth-updown-15m-1765986300,1765986300.0,1765987200.0,,543.5866501331329,,,,,0,0,0.97,0.98,IDLE,,,,,,,,,,,,,,0,5,,,,,,,,,,,,,,,,,,,,CAP_FULL,,,,,,,,25.0,25.0,,,,,0,0,,,Inv: 25.0/25.0 CapLeft: 0.0,,,25.0,25.0,50.0,0.0,50.0,0.0,50.0,0.97,0.030000000000000027,5.0,0.4,0.6,0.0,5.0,0.0,0.002,OK
1765986658.0342185,eth-updown-15m-1765986300,1765986300.0,1765987200.0,,541.9657814502716,,,,,0,0,0.9,0.98,ORDERS_OPEN,,,,,,,,,,,,,,0,5,,,,,,,,,,,,,,,,,,,,,,,,,,,,0.0,0.0,,,,,0,0,,,Inv: 0.0/0.0 CapLeft: 50.0,,,0.0,0.0,0.0,50.0,50.0,0.0,50.0,0.9,0.09999999999999998,0.0,0.0,0.0,0.0,0.0,0.0,0.0,
1765986658.3672369,eth-updown-15m-1765986300,1765986300.0,1765987200.0,,541.6327631473541,,,,,0,0,0.99,0.98,IDLE,,,,,,,,,,,,,,0,5,,,,,,,,,,,,,,,,,,,,CAP_FULL,,,,,,,,25.0,25.0,,,,,0,0,,,Inv: 25.0/25.0 CapLeft: 0.0,,,25.0,25.0,50.0,0.0,50.0,0.0,50.0,0.97,0.030000000000000027,5.0,0.4,0.6,0.0,5.0,0.0,0.002,OK
1765986659.5374386,eth-updown-15m-1765986300,1765986300.0,1765987200.0,,540.4625613689423,,,,,0,0,0.9,0.98,ORDERS_OPEN,,,,,,,,,,,,,,0,5,,,,,,,,,,,,,,,,,,,,,,,,,,,,0.0,0.0,,,,,0,0,,,Inv: 0.0/0.0 CapLeft: 50.0,,,0.0,0.0,0.0,50.0,50.0,0.0,50.0,0.9,0.09999999999999998,0.0,0.0,0.0,0.0,0.0,0.0,0.0,
1765986660.3380735,eth-updown-15m-1765986300,1765986300.0,1765987200.0,,539.6619265079498,,,,,0,0,0.99,0.98,IDLE,,,,,,,,,,,,,,0,5,,,,,,,,,,,,,,,,,,,,CAP_FULL,,,,,,,,25.0,25.0,,,,,0,0,,,Inv: 25.0/25.0 CapLeft: 0.0,,,25.0,25.0,50.0,0.0,50.0,0.0,50.0,0.97,0.030000000000000027,5.0,0.4,0.6,0.0,5.0,0.0,0.002,OK
1765986661.0387044,eth-updown-15m-1765986300,1765986300.0,1765987200.0,,538.9612956047058,,,,,0,0,0.9,0.98,ORDERS_OPEN,,,,,,,,,,,,,,0,5,,,,,,,,,,,,,,,,,,,,,,,,,,,,0.0,0.0,,,,,0,0,,,Inv: 0.0/0.0 CapLeft: 50.0,,,0.0,0.0,0.0,50.0,50.0,0.0,50.0,0.9,0.09999999999999998,0.0,0.0,0.0,0.0,0.0,0.0,0.0,
1765986662.540593,eth-updown-15m-1765986300,1765986300.0,1765987200.0,,537.4594070911407,,,,,0,0,0.9,0.98,ORDERS_OPEN,,,,,,,,,,,,,,0,5,,,,,,,,,,,,,,,,,,,,,,,,,,,,0.0,0.0,,,,,0,0,,,Inv: 0.0/0.0 CapLeft: 50.0,,,0.0,0.0,0.0,50.0,50.0,0.0,50.0,0.9,0.09999999999999998,0.0,0.0,0.0,0.0,0.0,0.0,0.0,
1765986662.2725172,eth-updown-15m-1765986300,1765986300.0,1765987200.0,,537.7274827957153,,,,,0,0,1.0,0.98,IDLE,,,,,,,,,,,,,,0,5,,,,,,,,,,,,,,,,,,,,CAP_FULL,,,,,,,,25.0,25.0,,,,,0,0,,,Inv: 25.0/25.0 CapLeft: 0.0,,,25.0,25.0,50.0,0.0,50.0,0.0,50.0,0.97,0.030000000000000027,5.0,0.4,0.6,0.0,5.0,0.0,0.002,OK
1765986664.2247505,eth-updown-15m-1765986300,1765986300.0,1765987200.0,,535.7752494812012,,,,,0,0,0.97,0.98,IDLE,,,,,,,,,,,,,,0,5,,,,,,,,,,,,,,,,,,,,CAP_FULL,,,,,,,,25.0,25.0,,,,,0,0,,,Inv: 25.0/25.0 CapLeft: 0.0,,,25.0,25.0,50.0,0.0,50.0,0.0,50.0,0.97,0.030000000000000027,5.0,0.4,0.6,0.0,5.0,0.0,0.002,OK
1765986665.544024,eth-updown-15m-1765986300,1765986300.0,1765987200.0,,534.4559760093689,,,,,0.45,0.45,0.9,0.98,ORDERS_OPEN,,,,,,,,,,,,,,5,5,,,,,,,,,,,,,,,,,,,,Leg:BOTH UP:5 DOWN:5,,,,,,,,0.0,0.0,,,,,0,0,,,Inv: 0.0/0.0 CapLeft: 50.0,,,0.0,0.0,0.0,50.0,50.0,0.0,50.0,0.9,0.09999999999999998,0.0,0.0,0.0,0.0,0.0,0.0,0.0,
1765986666.1998396,eth-updown-15m-1765986300,1765986300.0,1765987200.0,,533.80016040802,,,,,0,0,0.99,0.98,IDLE,,,,,,,,,,,,,,0,5,,,,,,,,,,,,,,,,,,,,CAP_FULL,,,,,,,,25.0,25.0,,,,,0,0,,,Inv: 25.0/25.0 CapLeft: 0.0,,,25.0,25.0,50.0,0.0,50.0,0.0,50.0,0.97,0.030000000000000027,5.0,0.4,0.6,0.0,5.0,0.0,0.002,OK
1765986667.045377,eth-updown-15m-1765986300,1765986300.0,1765987200.0,,532.9546229839325,,,,,0,0,0.9,0.98,ORDERS_OPEN,,,,,,,,,,,,,,0,5,,,,,,,,,,,,,,,,,,,,,,,,,,,,0.0,0.0,,,,,0,0,,,Inv: 0.0/0.0 CapLeft: 50.0,,,0.0,0.0,0.0,50.0,50.0,0.0,50.0,0.9,0.09999999999999998,0.0,0.0,0.0,0.0,0.0,0.0,0.0,
1765986668.5513017,eth-updown-15m-1765986300,1765986300.0,1765987200.0,,531.4486982822418,,,,,0,0,0.9,0.98,ORDERS_OPEN,,,,,,,,,,,,,,0,5,,,,,,,,,,,,,,,,,,,,,,,,,,,,0.0,0.0,,,,,0,0,,,Inv: 0.0/0.0 CapLeft: 50.0,,,0.0,0.0,0.0,50.0,50.0,0.0,50.0,0.9,0.09999999999999998,0.0,0.0,0.0,0.0,0.0,0.0,0.0,
1765986668.1328797,eth-updown-15m-1765986300,1765986300.0,1765987200.0,,531.8671202659607,,,,,0,0,0.99,0.98,IDLE,,,,,,,,,,,,,,0,5,,,,,,,,,,,,,,,,,,,,CAP_FULL,,,,,,,,25.0,25.0,,,,,0,0,,,Inv: 25.0/25.0 CapLeft: 0.0,,,25.0,25.0,50.0,0.0,50.0,0.0,50.0,0.97,0.030000000000000027,5.0,0.4,0.6,0.0,5.0,0.0,0.002,OK
1765986670.0536675,eth-updown-15m-1765986300,1765986300.0,1765987200.0,,529.9463324546814,,,,,0,0,0.9,0.98,ORDERS_OPEN,,,,,,,,,,,,,,0,5,,,,,,,,,,,,,,,,,,,,,,,,,,,,0.0,0.0,,,,,0,0,,,Inv: 0.0/0.0 CapLeft: 50.0,,,0.0,0.0,0.0,50.0,50.0,0.0,50.0,0.9,0.09999999999999998,0.0,0.0,0.0,0.0,0.0,0.0,0.0,
1765986670.0894253,eth-updown-15m-1765986300,1765986300.0,1765987200.0,,529.9105746746063,,,,,0,0,0.99,0.98,IDLE,,,,,,,,,,,,,,0,5,,,,,,,,,,,,,,,,,,,,CAP_FULL,,,,,,,,25.0,25.0,,,,,0,0,,,Inv: 25.0/25.0 CapLeft: 0.0,,,25.0,25.0,50.0,0.0,50.0,0.0,50.0,0.97,0.030000000000000027,5.0,0.4,0.6,0.0,5.0,0.0,0.002,OK
1765986671.555267,eth-updown-15m-1765986300,1765986300.0,1765987200.0,,528.4447329044342,,,,,0,0,0.9,0.98,ORDERS_OPEN,,,,,,,,,,,,,,0,5,,,,,,,,,,,,,,,,,,,,,,,,,,,,0.0,0.0,,,,,0,0,,,Inv: 0.0/0.0 CapLeft: 50.0,,,0.0,0.0,0.0,50.0,50.0,0.0,50.0,0.9,0.09999999999999998,0.0,0.0,0.0,0.0,0.0,0.0,0.0,
1765986672.0885935,eth-updown-15m-1765986300,1765986300.0,1765987200.0,,527.9114065170288,,,,,0,0,0.99,0.98,IDLE,,,,,,,,,,,,,,0,5,,,,,,,,,,,,,,,,,,,,CAP_FULL,,,,,,,,25.0,25.0,,,,,0,0,,,Inv: 25.0/25.0 CapLeft: 0.0,,,25.0,25.0,50.0,0.0,50.0,0.0,50.0,0.97,0.030000000000000027,5.0,0.4,0.6,0.0,5.0,0.0,0.002,OK
1765986673.0578375,eth-updown-15m-1765986300,1765986300.0,1765987200.0,,526.9421625137329,,,,,0,0,0.9,0.98,ORDERS_OPEN,,,,,,,,,,,,,,0,5,,,,,,,,,,,,,,,,,,,,,,,,,,,,0.0,0.0,,,,,0,0,,,Inv: 0.0/0.0 CapLeft: 50.0,,,0.0,0.0,0.0,50.0,50.0,0.0,50.0,0.9,0.09999999999999998,0.0,0.0,0.0,0.0,0.0,0.0,0.0,
1765986674.0696304,eth-updown-15m-1765986300,1765986300.0,1765987200.0,,525.9303696155548,,,,,0,0,0.98,0.98,IDLE,,,,,,,,,,,,,,0,5,,,,,,,,,,,,,,,,,,,,CAP_FULL,,,,,,,,25.0,25.0,,,,,0,0,,,Inv: 25.0/25.0 CapLeft: 0.0,,,25.0,25.0,50.0,0.0,50.0,0.0,50.0,0.97,0.030000000000000027,5.0,0.4,0.6,0.0,5.0,0.0,0.002,OK
1765986674.5591576,eth-updown-15m-1765986300,1765986300.0,1765987200.0,,525.4408423900604,,,,,0,0,0.9,0.98,ORDERS_OPEN,,,,,,,,,,,,,,0,5,,,,,,,,,,,,,,,,,,,,,,,,,,,,0.0,0.0,,,,,0,0,,,Inv: 0.0/0.0 CapLeft: 50.0,,,0.0,0.0,0.0,50.0,50.0,0.0,50.0,0.9,0.09999999999999998,0.0,0.0,0.0,0.0,0.0,0.0,0.0,
1765986676.0614102,eth-updown-15m-1765986300,1765986300.0,1765987200.0,,523.9385898113251,,,,,0,0,0.9,0.98,ORDERS_OPEN,,,,,,,,,,,,,,0,5,,,,,,,,,,,,,,,,,,,,,,,,,,,,0.0,0.0,,,,,0,0,,,Inv: 0.0/0.0 CapLeft: 50.0,,,0.0,0.0,0.0,50.0,50.0,0.0,50.0,0.9,0.09999999999999998,0.0,0.0,0.0,0.0,0.0,0.0,0.0,
1765986676.045606,eth-updown-15m-1765986300,1765986300.0,1765987200.0,,523.9543941020966,,,,,0,0,0.97,0.98,IDLE,,,,,,,,,,,,,,0,5,,,,,,,,,,,,,,,,,,,,CAP_FULL,,,,,,,,25.0,25.0,,,,,0,0,,,Inv: 25.0/25.0 CapLeft: 0.0,,,25.0,25.0,50.0,0.0,50.0,0.0,50.0,0.97,0.030000000000000027,5.0,0.4,0.6,0.0,5.0,0.0,0.002,OK
1765986677.5630124,eth-updown-15m-1765986300,1765986300.0,1765987200.0,,522.4369876384735,,,,,0,0,0.9,0.98,ORDERS_OPEN,,,,,,,,,,,,,,0,5,,,,,,,,,,,,,,,,,,,,,,,,,,,,0.0,0.0,,,,,0,0,,,Inv: 0.0/0.0 CapLeft: 50.0,,,0.0,0.0,0.0,50.0,50.0,0.0,50.0,0.9,0.09999999999999998,0.0,0.0,0.0,0.0,0.0,0.0,0.0,
1765986678.008122,eth-updown-15m-1765986300,1765986300.0,1765987200.0,,521.9918780326843,,,,,0,0,0.98,0.98,IDLE,,,,,,,,,,,,,,0,5,,,,,,,,,,,,,,,,,,,,CAP_FULL,,,,,,,,25.0,25.0,,,,,0,0,,,Inv: 25.0/25.0 CapLeft: 0.0,,,25.0,25.0,50.0,0.0,50.0,0.0,50.0,0.97,0.030000000000000027,5.0,0.4,0.6,0.0,5.0,0.0,0.002,OK
1765986679.0651798,eth-updown-15m-1765986300,1765986300.0,1765987200.0,,520.9348201751709,,,,,0,0,0.9,0.98,ORDERS_OPEN,,,,,,,,,,,,,,0,5,,,,,,,,,,,,,,,,,,,,,,,,,,,,0.0,0.0,,,,,0,0,,,Inv: 0.0/0.0 CapLeft: 50.0,,,0.0,0.0,0.0,50.0,50.0,0.0,50.0,0.9,0.09999999999999998,0.0,0.0,0.0,0.0,0.0,0.0,0.0,
1765986679.9532242,eth-updown-15m-1765986300,1765986300.0,1765987200.0,,520.0467758178711,,,,,0,0,0.99,0.98,IDLE,,,,,,,,,,,,,,0,5,,,,,,,,,,,,,,,,,,,,CAP_FULL,,,,,,,,25.0,25.0,,,,,0,0,,,Inv: 25.0/25.0 CapLeft: 0.0,,,25.0,25.0,50.0,0.0,50.0,0.0,50.0,0.97,0.030000000000000027,5.0,0.4,0.6,0.0,5.0,0.0,0.002,OK
1765986682.069172,eth-updown-15m-1765986300,1765986300.0,1765987200.0,,517.9308280944824,,,,,0.45,0.45,0.9,0.98,ORDERS_OPEN,,,,,,,,,,,,,,5,5,,,,,,,,,,,,,,,,,,,,Leg:BOTH UP:5 DOWN:5,,,,,,,,0.0,0.0,,,,,0,0,,,Inv: 0.0/0.0 CapLeft: 50.0,,,0.0,0.0,0.0,50.0,50.0,0.0,50.0,0.9,0.09999999999999998,0.0,0.0,0.0,0.0,0.0,0.0,0.0,
1765986681.9195826,eth-updown-15m-1765986300,1765986300.0,1765987200.0,,518.0804173946381,,,,,0,0,0.98,0.98,IDLE,,,,,,,,,,,,,,0,5,,,,,,,,,,,,,,,,,,,,CAP_FULL,,,,,,,,25.0,25.0,,,,,0,0,,,Inv: 25.0/25.0 CapLeft: 0.0,,,25.0,25.0,50.0,0.0,50.0,0.0,50.0,0.97,0.030000000000000027,5.0,0.4,0.6,0.0,5.0,0.0,0.002,OK
1765986683.5726573,eth-updown-15m-1765986300,1765986300.0,1765987200.0,,516.4273426532745,,,,,0,0,0.9,0.98,ORDERS_OPEN,,,,,,,,,,,,,,0,5,,,,,,,,,,,,,,,,,,,,,,,,,,,,0.0,0.0,,,,,0,0,,,Inv: 0.0/0.0 CapLeft: 50.0,,,0.0,0.0,0.0,50.0,50.0,0.0,50.0,0.9,0.09999999999999998,0.0,0.0,0.0,0.0,0.0,0.0,0.0,
1765986683.8894684,eth-updown-15m-1765986300,1765986300.0,1765987200.0,,516.1105315685272,,,,,0,0,0.98,0.98,IDLE,,,,,,,,,,,,,,0,5,,,,,,,,,,,,,,,,,,,,CAP_FULL,,,,,,,,25.0,25.0,,,,,0,0,,,Inv: 25.0/25.0 CapLeft: 0.0,,,25.0,25.0,50.0,0.0,50.0,0.0,50.0,0.97,0.030000000000000027,5.0,0.4,0.6,0.0,5.0,0.0,0.002,OK
1765986685.0748355,eth-updown-15m-1765986300,1765986300.0,1765987200.0,,514.9251644611359,,,,,0,0,0.9,0.98,ORDERS_OPEN,,,,,,,,,,,,,,0,5,,,,,,,,,,,,,,,,,,,,,,,,,,,,0.0,0.0,,,,,0,0,,,Inv: 0.0/0.0 CapLeft: 50.0,,,0.0,0.0,0.0,50.0,50.0,0.0,50.0,0.9,0.09999999999999998,0.0,0.0,0.0,0.0,0.0,0.0,0.0,
1765986685.8619816,eth-updown-15m-1765986300,1765986300.0,1765987200.0,,514.1380183696747,,,,,0,0,0.99,0.98,IDLE,,,,,,,,,,,,,,0,5,,,,,,,,,,,,,,,,,,,,CAP_FULL,,,,,,,,25.0,25.0,,,,,0,0,,,Inv: 25.0/25.0 CapLeft: 0.0,,,25.0,25.0,50.0,0.0,50.0,0.0,50.0,0.97,0.030000000000000027,5.0,0.4,0.6,0.0,5.0,0.0,0.002,OK
1765986686.5767937,eth-updown-15m-1765986300,1765986300.0,1765987200.0,,513.4232063293457,,,,,0,0,0.9,0.98,ORDERS_OPEN,,,,,,,,,,,,,,0,5,,,,,,,,,,,,,,,,,,,,,,,,,,,,0.0,0.0,,,,,0,0,,,Inv: 0.0/0.0 CapLeft: 50.0,,,0.0,0.0,0.0,50.0,50.0,0.0,50.0,0.9,0.09999999999999998,0.0,0.0,0.0,0.0,0.0,0.0,0.0,
1765986688.0786996,eth-updown-15m-1765986300,1765986300.0,1765987200.0,,511.92130041122437,,,,,0,0,0.9,0.98,ORDERS_OPEN,,,,,,,,,,,,,,0,5,,,,,,,,,,,,,,,,,,,,,,,,,,,,0.0,0.0,,,,,0,0,,,Inv: 0.0/0.0 CapLeft: 50.0,,,0.0,0.0,0.0,50.0,50.0,0.0,50.0,0.9,0.09999999999999998,0.0,0.0,0.0,0.0,0.0,0.0,0.0,
1765986687.8169014,eth-updown-15m-1765986300,1765986300.0,1765987200.0,,512.1830985546112,,,,,0,0,0.96,0.98,IDLE,,,,,,,,,,,,,,0,5,,,,,,,,,,,,,,,,,,,,CAP_FULL,,,,,,,,25.0,25.0,,,,,0,0,,,Inv: 25.0/25.0 CapLeft: 0.0,,,25.0,25.0,50.0,0.0,50.0,0.0,50.0,0.97,0.030000000000000027,5.0,0.4,0.6,0.0,5.0,0.0,0.002,OK
1765986689.5808563,eth-updown-15m-1765986300,1765986300.0,1765987200.0,,510.4191436767578,,,,,0,0,0.9,0.98,ORDERS_OPEN,,,,,,,,,,,,,,0,5,,,,,,,,,,,,,,,,,,,,,,,,,,,,0.0,0.0,,,,,0,0,,,Inv: 0.0/0.0 CapLeft: 50.0,,,0.0,0.0,0.0,50.0,50.0,0.0,50.0,0.9,0.09999999999999998,0.0,0.0,0.0,0.0,0.0,0.0,0.0,
1765986689.7789142,eth-updown-15m-1765986300,1765986300.0,1765987200.0,,510.22108578681946,,,,,0,0,0.96,0.98,IDLE,,,,,,,,,,,,,,0,5,,,,,,,,,,,,,,,,,,,,CAP_FULL,,,,,,,,25.0,25.0,,,,,0,0,,,Inv: 25.0/25.0 CapLeft: 0.0,,,25.0,25.0,50.0,0.0,50.0,0.0,50.0,0.97,0.030000000000000027,5.0,0.4,0.6,0.0,5.0,0.0,0.002,OK
1765986691.0821824,eth-updown-15m-1765986300,1765986300.0,1765987200.0,,508.91781759262085,,,,,0,0,0.9,0.98,ORDERS_OPEN,,,,,,,,,,,,,,0,5,,,,,,,,,,,,,,,,,,,,,,,,,,,,0.0,0.0,,,,,0,0,,,Inv: 0.0/0.0 CapLeft: 50.0,,,0.0,0.0,0.0,50.0,50.0,0.0,50.0,0.9,0.09999999999999998,0.0,0.0,0.0,0.0,0.0,0.0,0.0,
1765986691.723652,eth-updown-15m-1765986300,1765986300.0,1765987200.0,,508.2763481140137,,,,,0,0,0.96,0.98,IDLE,,,,,,,,,,,,,,0,5,,,,,,,,,,,,,,,,,,,,CAP_FULL,,,,,,,,25.0,25.0,,,,,0,0,,,Inv: 25.0/25.0 CapLeft: 0.0,,,25.0,25.0,50.0,0.0,50.0,0.0,50.0,0.97,0.030000000000000027,5.0,0.4,0.6,0.0,5.0,0.0,0.002,OK
1765986692.5845299,eth-updown-15m-1765986300,1765986300.0,1765987200.0,,507.415470123291,,,,,0,0,0.9,0.98,ORDERS_OPEN,,,,,,,,,,,,,,0,5,,,,,,,,,,,,,,,,,,,,,,,,,,,,0.0,0.0,,,,,0,0,,,Inv: 0.0/0.0 CapLeft: 50.0,,,0.0,0.0,0.0,50.0,50.0,0.0,50.0,0.9,0.09999999999999998,0.0,0.0,0.0,0.0,0.0,0.0,0.0,
1765986694.0861742,eth-updown-15m-1765986300,1765986300.0,1765987200.0,,505.91382575035095,,,,,0,0,0.9,0.98,ORDERS_OPEN,,,,,,,,,,,,,,0,5,,,,,,,,,,,,,,,,,,,,,,,,,,,,0.0,0.0,,,,,0,0,,,Inv: 0.0/0.0 CapLeft: 50.0,,,0.0,0.0,0.0,50.0,50.0,0.0,50.0,0.9,0.09999999999999998,0.0,0.0,0.0,0.0,0.0,0.0,0.0,
1765986693.660095,eth-updown-15m-1765986300,1765986300.0,1765987200.0,,506.33990502357483,,,,,0,0,0.99,0.98,IDLE,,,,,,,,,,,,,,0,5,,,,,,,,,,,,,,,,,,,,CAP_FULL,,,,,,,,25.0,25.0,,,,,0,0,,,Inv: 25.0/25.0 CapLeft: 0.0,,,25.0,25.0,50.0,0.0,50.0,0.0,50.0,0.97,0.030000000000000027,5.0,0.4,0.6,0.0,5.0,0.0,0.002,OK
1765986695.5894814,eth-updown-15m-1765986300,1765986300.0,1765987200.0,,504.41051864624023,,,,,0,0,0.9,0.98,ORDERS_OPEN,,,,,,,,,,,,,,0,5,,,,,,,,,,,,,,,,,,,,,,,,,,,,0.0,0.0,,,,,0,0,,,Inv: 0.0/0.0 CapLeft: 50.0,,,0.0,0.0,0.0,50.0,50.0,0.0,50.0,0.9,0.09999999999999998,0.0,0.0,0.0,0.0,0.0,0.0,0.0,
1765986695.630233,eth-updown-15m-1765986300,1765986300.0,1765987200.0,,504.3697669506073,,,,,0,0,0.99,0.98,IDLE,,,,,,,,,,,,,,0,5,,,,,,,,,,,,,,,,,,,,CAP_FULL,,,,,,,,25.0,25.0,,,,,0,0,,,Inv: 25.0/25.0 CapLeft: 0.0,,,25.0,25.0,50.0,0.0,50.0,0.0,50.0,0.97,0.030000000000000027,5.0,0.4,0.6,0.0,5.0,0.0,0.002,OK
1765986697.6232684,eth-updown-15m-1765986300,1765986300.0,1765987200.0,,502.37673163414,,,,,0,0,0.99,0.98,IDLE,,,,,,,,,,,,,,0,5,,,,,,,,,,,,,,,,,,,,CAP_FULL,,,,,,,,25.0,25.0,,,,,0,0,,,Inv: 25.0/25.0 CapLeft: 0.0,,,25.0,25.0,50.0,0.0,50.0,0.0,50.0,0.97,0.030000000000000027,5.0,0.4,0.6,0.0,5.0,0.0,0.002,OK
1765986698.600381,eth-updown-15m-1765986300,1765986300.0,1765987200.0,,501.399619102478,,,,,0.45,0.45,0.9,0.98,ORDERS_OPEN,,,,,,,,,,,,,,5,5,,,,,,,,,,,,,,,,,,,,Leg:BOTH UP:5 DOWN:5,,,,,,,,0.0,0.0,,,,,0,0,,,Inv: 0.0/0.0 CapLeft: 50.0,,,0.0,0.0,0.0,50.0,50.0,0.0,50.0,0.9,0.09999999999999998,0.0,0.0,0.0,0.0,0.0,0.0,0.0,
1765986699.5634594,eth-updown-15m-1765986300,1765986300.0,1765987200.0,,500.4365406036377,,,,,0,0,0.98,0.98,IDLE,,,,,,,,,,,,,,0,5,,,,,,,,,,,,,,,,,,,,CAP_FULL,,,,,,,,25.0,25.0,,,,,0,0,,,Inv: 25.0/25.0 CapLeft: 0.0,,,25.0,25.0,50.0,0.0,50.0,0.0,50.0,0.97,0.030000000000000027,5.0,0.4,0.6,0.0,5.0,0.0,0.002,OK
1765986700.1032624,eth-updown-15m-1765986300,1765986300.0,1765987200.0,,499.896737575531,,,,,0,0,0.9,0.98,ORDERS_OPEN,,,,,,,,,,,,,,0,5,,,,,,,,,,,,,,,,,,,,,,,,,,,,0.0,0.0,,,,,0,0,,,Inv: 0.0/0.0 CapLeft: 50.0,,,0.0,0.0,0.0,50.0,50.0,0.0,50.0,0.9,0.09999999999999998,0.0,0.0,0.0,0.0,0.0,0.0,0.0,
1765986701.6077857,eth-updown-15m-1765986300,1765986300.0,1765987200.0,,498.3922142982483,,,,,0,0,0.9,0.98,ORDERS_OPEN,,,,,,,,,,,,,,0,5,,,,,,,,,,,,,,,,,,,,,,,,,,,,0.0,0.0,,,,,0,0,,,Inv: 0.0/0.0 CapLeft: 50.0,,,0.0,0.0,0.0,50.0,50.0,0.0,50.0,0.9,0.09999999999999998,0.0,0.0,0.0,0.0,0.0,0.0,0.0,
1765986701.5187743,eth-updown-15m-1765986300,1765986300.0,1765987200.0,,498.48122572898865,,,,,0,0,0.99,0.98,IDLE,,,,,,,,,,,,,,0,5,,,,,,,,,,,,,,,,,,,,CAP_FULL,,,,,,,,25.0,25.0,,,,,0,0,,,Inv: 25.0/25.0 CapLeft: 0.0,,,25.0,25.0,50.0,0.0,50.0,0.0,50.0,0.97,0.030000000000000027,5.0,0.4,0.6,0.0,5.0,0.0,0.002,OK
1765986703.1112835,eth-updown-15m-1765986300,1765986300.0,1765987200.0,,496.8887164592743,,,,,0,0,0.9,0.98,ORDERS_OPEN,,,,,,,,,,,,,,0,5,,,,,,,,,,,,,,,,,,,,,,,,,,,,0.0,0.0,,,,,0,0,,,Inv: 0.0/0.0 CapLeft: 50.0,,,0.0,0.0,0.0,50.0,50.0,0.0,50.0,0.9,0.09999999999999998,0.0,0.0,0.0,0.0,0.0,0.0,0.0,
1765986703.4761083,eth-updown-15m-1765986300,1765986300.0,1765987200.0,,496.5238916873932,,,,,0,0,0.99,0.98,IDLE,,,,,,,,,,,,,,0,5,,,,,,,,,,,,,,,,,,,,CAP_FULL,,,,,,,,25.0,25.0,,,,,0,0,,,Inv: 25.0/25.0 CapLeft: 0.0,,,25.0,25.0,50.0,0.0,50.0,0.0,50.0,0.97,0.030000000000000027,5.0,0.4,0.6,0.0,5.0,0.0,0.002,OK
1765986704.6126175,eth-updown-15m-1765986300,1765986300.0,1765987200.0,,495.3873825073242,,,,,0,0,0.9,0.98,ORDERS_OPEN,,,,,,,,,,,,,,0,5,,,,,,,,,,,,,,,,,,,,,,,,,,,,0.0,0.0,,,,,0,0,,,Inv: 0.0/0.0 CapLeft: 50.0,,,0.0,0.0,0.0,50.0,50.0,0.0,50.0,0.9,0.09999999999999998,0.0,0.0,0.0,0.0,0.0,0.0,0.0,
1765986705.4356637,eth-updown-15m-1765986300,1765986300.0,1765987200.0,,494.56433629989624,,,,,0,0,0.98,0.98,IDLE,,,,,,,,,,,,,,0,5,,,,,,,,,,,,,,,,,,,,CAP_FULL,,,,,,,,25.0,25.0,,,,,0,0,,,Inv: 25.0/25.0 CapLeft: 0.0,,,25.0,25.0,50.0,0.0,50.0,0.0,50.0,0.97,0.030000000000000027,5.0,0.4,0.6,0.0,5.0,0.0,0.002,OK
1765986706.1141655,eth-updown-15m-1765986300,1765986300.0,1765987200.0,,493.8858344554901,,,,,0,0,0.9,0.98,ORDERS_OPEN,,,,,,,,,,,,,,0,5,,,,,,,,,,,,,,,,,,,,,,,,,,,,0.0,0.0,,,,,0,0,,,Inv: 0.0/0.0 CapLeft: 50.0,,,0.0,0.0,0.0,50.0,50.0,0.0,50.0,0.9,0.09999999999999998,0.0,0.0,0.0,0.0,0.0,0.0,0.0,
1765986707.6173723,eth-updown-15m-1765986300,1765986300.0,1765987200.0,,492.3826277256012,,,,,0,0,0.9,0.98,ORDERS_OPEN,,,,,,,,,,,,,,0,5,,,,,,,,,,,,,,,,,,,,,,,,,,,,0.0,0.0,,,,,0,0,,,Inv: 0.0/0.0 CapLeft: 50.0,,,0.0,0.0,0.0,50.0,50.0,0.0,50.0,0.9,0.09999999999999998,0.0,0.0,0.0,0.0,0.0,0.0,0.0,
1765986707.39686,eth-updown-15m-1765986300,1765986300.0,1765987200.0,,492.6031401157379,,,,,0,0,0.98,0.98,IDLE,,,,,,,,,,,,,,0,5,,,,,,,,,,,,,,,,,,,,CAP_FULL,,,,,,,,25.0,25.0,,,,,0,0,,,Inv: 25.0/25.0 CapLeft: 0.0,,,25.0,25.0,50.0,0.0,50.0,0.0,50.0,0.97,0.030000000000000027,5.0,0.4,0.6,0.0,5.0,0.0,0.002,OK
1765986709.1186628,eth-updown-15m-1765986300,1765986300.0,1765987200.0,,490.8813371658325,,,,,0,0,0.9,0.98,ORDERS_OPEN,,,,,,,,,,,,,,0,5,,,,,,,,,,,,,,,,,,,,,,,,,,,,0.0,0.0,,,,,0,0,,,Inv: 0.0/0.0 CapLeft: 50.0,,,0.0,0.0,0.0,50.0,50.0,0.0,50.0,0.9,0.09999999999999998,0.0,0.0,0.0,0.0,0.0,0.0,0.0,
1765986709.411374,eth-updown-15m-1765986300,1765986300.0,1765987200.0,,490.58862590789795,,,,,0,0,0.99,0.98,IDLE,,,,,,,,,,,,,,0,5,,,,,,,,,,,,,,,,,,,,CAP_FULL,,,,,,,,25.0,25.0,,,,,0,0,,,Inv: 25.0/25.0 CapLeft: 0.0,,,25.0,25.0,50.0,0.0,50.0,0.0,50.0,0.97,0.030000000000000027,5.0,0.4,0.6,0.0,5.0,0.0,0.002,OK
1765986710.6199675,eth-updown-15m-1765986300,1765986300.0,1765987200.0,,489.3800325393677,,,,,0,0,0.9,0.98,ORDERS_OPEN,,,,,,,,,,,,,,0,5,,,,,,,,,,,,,,,,,,,,,,,,,,,,0.0,0.0,,,,,0,0,,,Inv: 0.0/0.0 CapLeft: 50.0,,,0.0,0.0,0.0,50.0,50.0,0.0,50.0,0.9,0.09999999999999998,0.0,0.0,0.0,0.0,0.0,0.0,0.0,
1765986711.3810422,eth-updown-15m-1765986300,1765986300.0,1765987200.0,,488.61895775794983,,,,,0,0,0.99,0.98,IDLE,,,,,,,,,,,,,,0,5,,,,,,,,,,,,,,,,,,,,CAP_FULL,,,,,,,,25.0,25.0,,,,,0,0,,,Inv: 25.0/25.0 CapLeft: 0.0,,,25.0,25.0,50.0,0.0,50.0,0.0,50.0,0.97,0.030000000000000027,5.0,0.4,0.6,0.0,5.0,0.0,0.002,OK
1765986712.1217737,eth-updown-15m-1765986300,1765986300.0,1765987200.0,,487.8782262802124,,,,,0,0,0.9,0.98,ORDERS_OPEN,,,,,,,,,,,,,,0,5,,,,,,,,,,,,,,,,,,,,,,,,,,,,0.0,0.0,,,,,0,0,,,Inv: 0.0/0.0 CapLeft: 50.0,,,0.0,0.0,0.0,50.0,50.0,0.0,50.0,0.9,0.09999999999999998,0.0,0.0,0.0,0.0,0.0,0.0,0.0,
1765986713.320907,eth-updown-15m-1765986300,1765986300.0,1765987200.0,,486.6790928840637,,,,,0,0,0.99,0.98,IDLE,,,,,,,,,,,,,,0,5,,,,,,,,,,,,,,,,,,,,CAP_FULL,,,,,,,,25.0,25.0,,,,,0,0,,,Inv: 25.0/25.0 CapLeft: 0.0,,,25.0,25.0,50.0,0.0,50.0,0.0,50.0,0.97,0.030000000000000027,5.0,0.4,0.6,0.0,5.0,0.0,0.002,OK
1765986715.1330433,eth-updown-15m-1765986300,1765986300.0,1765987200.0,,484.86695671081543,,,,,0.45,0.45,0.9,0.98,ORDERS_OPEN,,,,,,,,,,,,,,5,5,,,,,,,,,,,,,,,,,,,,Leg:BOTH UP:5 DOWN:5,,,,,,,,0.0,0.0,,,,,0,0,,,Inv: 0.0/0.0 CapLeft: 50.0,,,0.0,0.0,0.0,50.0,50.0,0.0,50.0,0.9,0.09999999999999998,0.0,0.0,0.0,0.0,0.0,0.0,0.0,
1765986715.332426,eth-updown-15m-1765986300,1765986300.0,1765987200.0,,484.667573928833,,,,,0,0,0.99,0.98,IDLE,,,,,,,,,,,,,,0,5,,,,,,,,,,,,,,,,,,,,CAP_FULL,,,,,,,,25.0,25.0,,,,,0,0,,,Inv: 25.0/25.0 CapLeft: 0.0,,,25.0,25.0,50.0,0.0,50.0,0.0,50.0,0.97,0.030000000000000027,5.0,0.4,0.6,0.0,5.0,0.0,0.002,OK
1765986716.6346421,eth-updown-15m-1765986300,1765986300.0,1765987200.0,,483.365357875824,,,,,0,0,0.9,0.98,ORDERS_OPEN,,,,,,,,,,,,,,0,5,,,,,,,,,,,,,,,,,,,,,,,,,,,,0.0,0.0,,,,,0,0,,,Inv: 0.0/0.0 CapLeft: 50.0,,,0.0,0.0,0.0,50.0,50.0,0.0,50.0,0.9,0.09999999999999998,0.0,0.0,0.0,0.0,0.0,0.0,0.0,
1765986717.2725942,eth-updown-15m-1765986300,1765986300.0,1765987200.0,,482.7274057865143,,,,,0,0,0.98,0.98,IDLE,,,,,,,,,,,,,,0,5,,,,,,,,,,,,,,,,,,,,CAP_FULL,,,,,,,,25.0,25.0,,,,,0,0,,,Inv: 25.0/25.0 CapLeft: 0.0,,,25.0,25.0,50.0,0.0,50.0,0.0,50.0,0.97,0.030000000000000027,5.0,0.4,0.6,0.0,5.0,0.0,0.002,OK
1765986718.1361296,eth-updown-15m-1765986300,1765986300.0,1765987200.0,,481.86387038230896,,,,,0,0,0.9,0.98,ORDERS_OPEN,,,,,,,,,,,,,,0,5,,,,,,,,,,,,,,,,,,,,,,,,,,,,0.0,0.0,,,,,0,0,,,Inv: 0.0/0.0 CapLeft: 50.0,,,0.0,0.0,0.0,50.0,50.0,0.0,50.0,0.9,0.09999999999999998,0.0,0.0,0.0,0.0,0.0,0.0,0.0,
1765986719.640322,eth-updown-15m-1765986300,1765986300.0,1765987200.0,,480.35967803001404,,,,,0,0,0.9,0.98,ORDERS_OPEN,,,,,,,,,,,,,,0,5,,,,,,,,,,,,,,,,,,,,,,,,,,,,0.0,0.0,,,,,0,0,,,Inv: 0.0/0.0 CapLeft: 50.0,,,0.0,0.0,0.0,50.0,50.0,0.0,50.0,0.9,0.09999999999999998,0.0,0.0,0.0,0.0,0.0,0.0,0.0,
1765986719.2259989,eth-updown-15m-1765986300,1765986300.0,1765987200.0,,480.774001121521,,,,,0,0,0.99,0.98,IDLE,,,,,,,,,,,,,,0,5,,,,,,,,,,,,,,,,,,,,CAP_FULL,,,,,,,,25.0,25.0,,,,,0,0,,,Inv: 25.0/25.0 CapLeft: 0.0,,,25.0,25.0,50.0,0.0,50.0,0.0,50.0,0.97,0.030000000000000027,5.0,0.4,0.6,0.0,5.0,0.0,0.002,OK
1765986721.1430311,eth-updown-15m-1765986300,1765986300.0,1765987200.0,,478.8569688796997,,,,,0,0,0.9,0.98,ORDERS_OPEN,,,,,,,,,,,,,,0,5,,,,,,,,,,,,,,,,,,,,,,,,,,,,0.0,0.0,,,,,0,0,,,Inv: 0.0/0.0 CapLeft: 50.0,,,0.0,0.0,0.0,50.0,50.0,0.0,50.0,0.9,0.09999999999999998,0.0,0.0,0.0,0.0,0.0,0.0,0.0,
1765986721.178391,eth-updown-15m-1765986300,1765986300.0,1765987200.0,,478.82160902023315,,,,,0,0,0.99,0.98,IDLE,,,,,,,,,,,,,,0,5,,,,,,,,,,,,,,,,,,,,CAP_FULL,,,,,,,,25.0,25.0,,,,,0,0,,,Inv: 25.0/25.0 CapLeft: 0.0,,,25.0,25.0,50.0,0.0,50.0,0.0,50.0,0.97,0.030000000000000027,5.0,0.4,0.6,0.0,5.0,0.0,0.002,OK
1765986722.6447263,eth-updown-15m-1765986300,1765986300.0,1765987200.0,,477.3552737236023,,,,,0,0,0.9,0.98,ORDERS_OPEN,,,,,,,,,,,,,,0,5,,,,,,,,,,,,,,,,,,,,,,,,,,,,0.0,0.0,,,,,0,0,,,Inv: 0.0/0.0 CapLeft: 50.0,,,0.0,0.0,0.0,50.0,50.0,0.0,50.0,0.9,0.09999999999999998,0.0,0.0,0.0,0.0,0.0,0.0,0.0,
1765986723.1581774,eth-updown-15m-1765986300,1765986300.0,1765987200.0,,476.84182262420654,,,,,0,0,0.99,0.98,IDLE,,,,,,,,,,,,,,0,5,,,,,,,,,,,,,,,,,,,,CAP_FULL,,,,,,,,25.0,25.0,,,,,0,0,,,Inv: 25.0/25.0 CapLeft: 0.0,,,25.0,25.0,50.0,0.0,50.0,0.0,50.0,0.97,0.030000000000000027,5.0,0.4,0.6,0.0,5.0,0.0,0.002,OK
1765986724.146984,eth-updown-15m-1765986300,1765986300.0,1765987200.0,,475.8530158996582,,,,,0,0,0.9,0.98,ORDERS_OPEN,,,,,,,,,,,,,,0,5,,,,,,,,,,,,,,,,,,,,,,,,,,,,0.0,0.0,,,,,0,0,,,Inv: 0.0/0.0 CapLeft: 50.0,,,0.0,0.0,0.0,50.0,50.0,0.0,50.0,0.9,0.09999999999999998,0.0,0.0,0.0,0.0,0.0,0.0,0.0,
1765986725.1327007,eth-updown-15m-1765986300,1765986300.0,1765987200.0,,474.8672993183136,,,,,0,0,0.9800000000000001,0.98,IDLE,,,,,,,,,,,,,,0,5,,,,,,,,,,,,,,,,,,,,CAP_FULL,,,,,,,,25.0,25.0,,,,,0,0,,,Inv: 25.0/25.0 CapLeft: 0.0,,,25.0,25.0,50.0,0.0,50.0,0.0,50.0,0.97,0.030000000000000027,5.0,0.4,0.6,0.0,5.0,0.0,0.002,OK
1765986725.6498325,eth-updown-15m-1765986300,1765986300.0,1765987200.0,,474.3501675128937,,,,,0,0,0.9,0.98,ORDERS_OPEN,,,,,,,,,,,,,,0,5,,,,,,,,,,,,,,,,,,,,,,,,,,,,0.0,0.0,,,,,0,0,,,Inv: 0.0/0.0 CapLeft: 50.0,,,0.0,0.0,0.0,50.0,50.0,0.0,50.0,0.9,0.09999999999999998,0.0,0.0,0.0,0.0,0.0,0.0,0.0,
1765986727.1525762,eth-updown-15m-1765986300,1765986300.0,1765987200.0,,472.8474237918854,,,,,0,0,0.9,0.98,ORDERS_OPEN,,,,,,,,,,,,,,0,5,,,,,,,,,,,,,,,,,,,,,,,,,,,,0.0,0.0,,,,,0,0,,,Inv: 0.0/0.0 CapLeft: 50.0,,,0.0,0.0,0.0,50.0,50.0,0.0,50.0,0.9,0.09999999999999998,0.0,0.0,0.0,0.0,0.0,0.0,0.0,
1765986727.1366847,eth-updown-15m-1765986300,1765986300.0,1765987200.0,,472.8633153438568,,,,,0,0,0.9800000000000001,0.98,IDLE,,,,,,,,,,,,,,0,5,,,,,,,,,,,,,,,,,,,,CAP_FULL,,,,,,,,25.0,25.0,,,,,0,0,,,Inv: 25.0/25.0 CapLeft: 0.0,,,25.0,25.0,50.0,0.0,50.0,0.0,50.0,0.97,0.030000000000000027,5.0,0.4,0.6,0.0,5.0,0.0,0.002,OK
1765986728.6545622,eth-updown-15m-1765986300,1765986300.0,1765987200.0,,471.34543776512146,,,,,0,0,0.9,0.98,ORDERS_OPEN,,,,,,,,,,,,,,0,5,,,,,,,,,,,,,,,,,,,,,,,,,,,,0.0,0.0,,,,,0,0,,,Inv: 0.0/0.0 CapLeft: 50.0,,,0.0,0.0,0.0,50.0,50.0,0.0,50.0,0.9,0.09999999999999998,0.0,0.0,0.0,0.0,0.0,0.0,0.0,
1765986729.084688,eth-updown-15m-1765986300,1765986300.0,1765987200.0,,470.91531205177307,,,,,0,0,0.97,0.98,IDLE,,,,,,,,,,,,,,0,5,,,,,,,,,,,,,,,,,,,,CAP_FULL,,,,,,,,25.0,25.0,,,,,0,0,,,Inv: 25.0/25.0 CapLeft: 0.0,,,25.0,25.0,50.0,0.0,50.0,0.0,50.0,0.97,0.030000000000000027,5.0,0.4,0.6,0.0,5.0,0.0,0.002,OK
1765986731.6573448,eth-updown-15m-1765986300,1765986300.0,1765987200.0,,468.34265518188477,,,,,0.45,0.45,0.9,0.98,ORDERS_OPEN,,,,,,,,,,,,,,5,5,,,,,,,,,,,,,,,,,,,,Leg:BOTH UP:5 DOWN:5,,,,,,,,0.0,0.0,,,,,0,0,,,Inv: 0.0/0.0 CapLeft: 50.0,,,0.0,0.0,0.0,50.0,50.0,0.0,50.0,0.9,0.09999999999999998,0.0,0.0,0.0,0.0,0.0,0.0,0.0,
1765986731.467234,eth-updown-15m-1765986300,1765986300.0,1765987200.0,,468.5327661037445,,,,,0,0,0.99,0.98,IDLE,,,,,,,,,,,,,,0,5,,,,,,,,,,,,,,,,,,,,CAP_FULL,,,,,,,,25.0,25.0,,,,,0,0,,,Inv: 25.0/25.0 CapLeft: 0.0,,,25.0,25.0,50.0,0.0,50.0,0.0,50.0,0.97,0.030000000000000027,5.0,0.4,0.6,0.0,5.0,0.0,0.002,OK
1765986733.159032,eth-updown-15m-1765986300,1765986300.0,1765987200.0,,466.84096789360046,,,,,0,0,0.9,0.98,ORDERS_OPEN,,,,,,,,,,,,,,0,5,,,,,,,,,,,,,,,,,,,,,,,,,,,,0.0,0.0,,,,,0,0,,,Inv: 0.0/0.0 CapLeft: 50.0,,,0.0,0.0,0.0,50.0,50.0,0.0,50.0,0.9,0.09999999999999998,0.0,0.0,0.0,0.0,0.0,0.0,0.0,
1765986733.4262998,eth-updown-15m-1765986300,1765986300.0,1765987200.0,,466.57370018959045,,,,,0,0,0.99,0.98,IDLE,,,,,,,,,,,,,,0,5,,,,,,,,,,,,,,,,,,,,CAP_FULL,,,,,,,,25.0,25.0,,,,,0,0,,,Inv: 25.0/25.0 CapLeft: 0.0,,,25.0,25.0,50.0,0.0,50.0,0.0,50.0,0.97,0.030000000000000027,5.0,0.4,0.6,0.0,5.0,0.0,0.002,OK
1765986734.6608763,eth-updown-15m-1765986300,1765986300.0,1765987200.0,,465.3391237258911,,,,,0,0,0.9,0.98,ORDERS_OPEN,,,,,,,,,,,,,,0,5,,,,,,,,,,,,,,,,,,,,,,,,,,,,0.0,0.0,,,,,0,0,,,Inv: 0.0/0.0 CapLeft: 50.0,,,0.0,0.0,0.0,50.0,50.0,0.0,50.0,0.9,0.09999999999999998,0.0,0.0,0.0,0.0,0.0,0.0,0.0,
1765986735.400854,eth-updown-15m-1765986300,1765986300.0,1765987200.0,,464.5991458892822,,,,,0,0,0.9600000000000001,0.98,IDLE,,,,,,,,,,,,,,0,5,,,,,,,,,,,,,,,,,,,,CAP_FULL,,,,,,,,25.0,25.0,,,,,0,0,,,Inv: 25.0/25.0 CapLeft: 0.0,,,25.0,25.0,50.0,0.0,50.0,0.0,50.0,0.97,0.030000000000000027,5.0,0.4,0.6,0.0,5.0,0.0,0.002,OK
1765986736.1632042,eth-updown-15m-1765986300,1765986300.0,1765987200.0,,463.83679580688477,,,,,0,0,0.9,0.98,ORDERS_OPEN,,,,,,,,,,,,,,0,5,,,,,,,,,,,,,,,,,,,,,,,,,,,,0.0,0.0,,,,,0,0,,,Inv: 0.0/0.0 CapLeft: 50.0,,,0.0,0.0,0.0,50.0,50.0,0.0,50.0,0.9,0.09999999999999998,0.0,0.0,0.0,0.0,0.0,0.0,0.0,
1765986737.6655993,eth-updown-15m-1765986300,1765986300.0,1765987200.0,,462.3344006538391,,,,,0,0,0.9,0.98,ORDERS_OPEN,,,,,,,,,,,,,,0,5,,,,,,,,,,,,,,,,,,,,,,,,,,,,0.0,0.0,,,,,0,0,,,Inv: 0.0/0.0 CapLeft: 50.0,,,0.0,0.0,0.0,50.0,50.0,0.0,50.0,0.9,0.09999999999999998,0.0,0.0,0.0,0.0,0.0,0.0,0.0,
1765986737.3504107,eth-updown-15m-1765986300,1765986300.0,1765987200.0,,462.64958930015564,,,,,0,0,0.9600000000000001,0.98,IDLE,,,,,,,,,,,,,,0,5,,,,,,,,,,,,,,,,,,,,CAP_FULL,,,,,,,,25.0,25.0,,,,,0,0,,,Inv: 25.0/25.0 CapLeft: 0.0,,,25.0,25.0,50.0,0.0,50.0,0.0,50.0,0.97,0.030000000000000027,5.0,0.4,0.6,0.0,5.0,0.0,0.002,OK
1765986739.167374,eth-updown-15m-1765986300,1765986300.0,1765987200.0,,460.83262610435486,,,,,0,0,0.9,0.98,ORDERS_OPEN,,,,,,,,,,,,,,0,5,,,,,,,,,,,,,,,,,,,,,,,,,,,,0.0,0.0,,,,,0,0,,,Inv: 0.0/0.0 CapLeft: 50.0,,,0.0,0.0,0.0,50.0,50.0,0.0,50.0,0.9,0.09999999999999998,0.0,0.0,0.0,0.0,0.0,0.0,0.0,
1765986739.3401444,eth-updown-15m-1765986300,1765986300.0,1765987200.0,,460.65985560417175,,,,,0,0,0.98,0.98,IDLE,,,,,,,,,,,,,,0,5,,,,,,,,,,,,,,,,,,,,CAP_FULL,,,,,,,,25.0,25.0,,,,,0,0,,,Inv: 25.0/25.0 CapLeft: 0.0,,,25.0,25.0,50.0,0.0,50.0,0.0,50.0,0.97,0.030000000000000027,5.0,0.4,0.6,0.0,5.0,0.0,0.002,OK
1765986740.6694202,eth-updown-15m-1765986300,1765986300.0,1765987200.0,,459.33057975769043,,,,,0,0,0.9,0.98,ORDERS_OPEN,,,,,,,,,,,,,,0,5,,,,,,,,,,,,,,,,,,,,,,,,,,,,0.0,0.0,,,,,0,0,,,Inv: 0.0/0.0 CapLeft: 50.0,,,0.0,0.0,0.0,50.0,50.0,0.0,50.0,0.9,0.09999999999999998,0.0,0.0,0.0,0.0,0.0,0.0,0.0,
1765986741.3539622,eth-updown-15m-1765986300,1765986300.0,1765987200.0,,458.64603781700134,,,,,0,0,0.98,0.98,IDLE,,,,,,,,,,,,,,0,5,,,,,,,,,,,,,,,,,,,,CAP_FULL,,,,,,,,25.0,25.0,,,,,0,0,,,Inv: 25.0/25.0 CapLeft: 0.0,,,25.0,25.0,50.0,0.0,50.0,0.0,50.0,0.97,0.030000000000000027,5.0,0.4,0.6,0.0,5.0,0.0,0.002,OK
1765986742.171301,eth-updown-15m-1765986300,1765986300.0,1765987200.0,,457.8286991119385,,,,,0,0,0.9,0.98,ORDERS_OPEN,,,,,,,,,,,,,,0,5,,,,,,,,,,,,,,,,,,,,,,,,,,,,0.0,0.0,,,,,0,0,,,Inv: 0.0/0.0 CapLeft: 50.0,,,0.0,0.0,0.0,50.0,50.0,0.0,50.0,0.9,0.09999999999999998,0.0,0.0,0.0,0.0,0.0,0.0,0.0,
1765986743.6735003,eth-updown-15m-1765986300,1765986300.0,1765987200.0,,456.32649970054626,,,,,0,0,0.9,0.98,ORDERS_OPEN,,,,,,,,,,,,,,0,5,,,,,,,,,,,,,,,,,,,,,,,,,,,,0.0,0.0,,,,,0,0,,,Inv: 0.0/0.0 CapLeft: 50.0,,,0.0,0.0,0.0,50.0,50.0,0.0,50.0,0.9,0.09999999999999998,0.0,0.0,0.0,0.0,0.0,0.0,0.0,
1765986743.3577213,eth-updown-15m-1765986300,1765986300.0,1765987200.0,,456.64227867126465,,,,,0,0,0.99,0.98,IDLE,,,,,,,,,,,,,,0,5,,,,,,,,,,,,,,,,,,,,CAP_FULL,,,,,,,,25.0,25.0,,,,,0,0,,,Inv: 25.0/25.0 CapLeft: 0.0,,,25.0,25.0,50.0,0.0,50.0,0.0,50.0,0.97,0.030000000000000027,5.0,0.4,0.6,0.0,5.0,0.0,0.002,OK
1765986745.2015598,eth-updown-15m-1765986300,1765986300.0,1765987200.0,,454.7984402179718,,,,,0,0,0.9,0.98,ORDERS_OPEN,,,,,,,,,,,,,,0,5,,,,,,,,,,,,,,,,,,,,,,,,,,,,0.0,0.0,,,,,0,0,,,Inv: 0.0/0.0 CapLeft: 50.0,,,0.0,0.0,0.0,50.0,50.0,0.0,50.0,0.9,0.09999999999999998,0.0,0.0,0.0,0.0,0.0,0.0,0.0,
1765986745.3210688,eth-updown-15m-1765986300,1765986300.0,1765987200.0,,454.6789312362671,,,,,0,0,0.99,0.98,IDLE,,,,,,,,,,,,,,0,5,,,,,,,,,,,,,,,,,,,,CAP_FULL,,,,,,,,25.0,25.0,,,,,0,0,,,Inv: 25.0/25.0 CapLeft: 0.0,,,25.0,25.0,50.0,0.0,50.0,0.0,50.0,0.97,0.030000000000000027,5.0,0.4,0.6,0.0,5.0,0.0,0.002,OK
1765986747.2789223,eth-updown-15m-1765986300,1765986300.0,1765987200.0,,452.72107768058777,,,,,0,0,0.96,0.98,IDLE,,,,,,,,,,,,,,0,5,,,,,,,,,,,,,,,,,,,,CAP_FULL,,,,,,,,25.0,25.0,,,,,0,0,,,Inv: 25.0/25.0 CapLeft: 0.0,,,25.0,25.0,50.0,0.0,50.0,0.0,50.0,0.97,0.030000000000000027,5.0,0.4,0.6,0.0,5.0,0.0,0.002,OK
1765986748.2057405,eth-updown-15m-1765986300,1765986300.0,1765987200.0,,451.79425954818726,,,,,0.45,0.45,0.9,0.98,ORDERS_OPEN,,,,,,,,,,,,,,5,5,,,,,,,,,,,,,,,,,,,,Leg:BOTH UP:5 DOWN:5,,,,,,,,0.0,0.0,,,,,0,0,,,Inv: 0.0/0.0 CapLeft: 50.0,,,0.0,0.0,0.0,50.0,50.0,0.0,50.0,0.9,0.09999999999999998,0.0,0.0,0.0,0.0,0.0,0.0,0.0,
1765986749.7072878,eth-updown-15m-1765986300,1765986300.0,1765987200.0,,450.2927122116089,,,,,0,0,0.9,0.98,ORDERS_OPEN,,,,,,,,,,,,,,0,5,,,,,,,,,,,,,,,,,,,,,,,,,,,,0.0,0.0,,,,,0,0,,,Inv: 0.0/0.0 CapLeft: 50.0,,,0.0,0.0,0.0,50.0,50.0,0.0,50.0,0.9,0.09999999999999998,0.0,0.0,0.0,0.0,0.0,0.0,0.0,
1765986749.2819295,eth-updown-15m-1765986300,1765986300.0,1765987200.0,,450.71807050704956,,,,,0,0,0.99,0.98,IDLE,,,,,,,,,,,,,,0,5,,,,,,,,,,,,,,,,,,,,CAP_FULL,,,,,,,,25.0,25.0,,,,,0,0,,,Inv: 25.0/25.0 CapLeft: 0.0,,,25.0,25.0,50.0,0.0,50.0,0.0,50.0,0.97,0.030000000000000027,5.0,0.4,0.6,0.0,5.0,0.0,0.002,OK
1765986751.2163968,eth-updown-15m-1765986300,1765986300.0,1765987200.0,,448.78360319137573,,,,,0,0,0.9,0.98,ORDERS_OPEN,,,,,,,,,,,,,,0,5,,,,,,,,,,,,,,,,,,,,,,,,,,,,0.0,0.0,,,,,0,0,,,Inv: 0.0/0.0 CapLeft: 50.0,,,0.0,0.0,0.0,50.0,50.0,0.0,50.0,0.9,0.09999999999999998,0.0,0.0,0.0,0.0,0.0,0.0,0.0,
1765986751.2312176,eth-updown-15m-1765986300,1765986300.0,1765987200.0,,448.76878237724304,,,,,0,0,0.96,0.98,IDLE,,,,,,,,,,,,,,0,5,,,,,,,,,,,,,,,,,,,,CAP_FULL,,,,,,,,25.0,25.0,,,,,0,0,,,Inv: 25.0/25.0 CapLeft: 0.0,,,25.0,25.0,50.0,0.0,50.0,0.0,50.0,0.97,0.030000000000000027,5.0,0.4,0.6,0.0,5.0,0.0,0.002,OK
1765986752.7175493,eth-updown-15m-1765986300,1765986300.0,1765987200.0,,447.28245067596436,,,,,0,0,0.9,0.98,ORDERS_OPEN,,,,,,,,,,,,,,0,5,,,,,,,,,,,,,,,,,,,,,,,,,,,,0.0,0.0,,,,,0,0,,,Inv: 0.0/0.0 CapLeft: 50.0,,,0.0,0.0,0.0,50.0,50.0,0.0,50.0,0.9,0.09999999999999998,0.0,0.0,0.0,0.0,0.0,0.0,0.0,
1765986753.196864,eth-updown-15m-1765986300,1765986300.0,1765987200.0,,446.8031361103058,,,,,0,0,0.96,0.98,IDLE,,,,,,,,,,,,,,0,5,,,,,,,,,,,,,,,,,,,,CAP_FULL,,,,,,,,25.0,25.0,,,,,0,0,,,Inv: 25.0/25.0 CapLeft: 0.0,,,25.0,25.0,50.0,0.0,50.0,0.0,50.0,0.97,0.030000000000000027,5.0,0.4,0.6,0.0,5.0,0.0,0.002,OK
1765986754.2189946,eth-updown-15m-1765986300,1765986300.0,1765987200.0,,445.78100538253784,,,,,0,0,0.9,0.98,ORDERS_OPEN,,,,,,,,,,,,,,0,5,,,,,,,,,,,,,,,,,,,,,,,,,,,,0.0,0.0,,,,,0,0,,,Inv: 0.0/0.0 CapLeft: 50.0,,,0.0,0.0,0.0,50.0,50.0,0.0,50.0,0.9,0.09999999999999998,0.0,0.0,0.0,0.0,0.0,0.0,0.0,
1765986755.135707,eth-updown-15m-1765986300,1765986300.0,1765987200.0,,444.8642930984497,,,,,0,0,0.96,0.98,IDLE,,,,,,,,,,,,,,0,5,,,,,,,,,,,,,,,,,,,,CAP_FULL,,,,,,,,25.0,25.0,,,,,0,0,,,Inv: 25.0/25.0 CapLeft: 0.0,,,25.0,25.0,50.0,0.0,50.0,0.0,50.0,0.97,0.030000000000000027,5.0,0.4,0.6,0.0,5.0,0.0,0.002,OK
1765986755.719972,eth-updown-15m-1765986300,1765986300.0,1765987200.0,,444.2800281047821,,,,,0,0,0.9,0.98,ORDERS_OPEN,,,,,,,,,,,,,,0,5,,,,,,,,,,,,,,,,,,,,,,,,,,,,0.0,0.0,,,,,0,0,,,Inv: 0.0/0.0 CapLeft: 50.0,,,0.0,0.0,0.0,50.0,50.0,0.0,50.0,0.9,0.09999999999999998,0.0,0.0,0.0,0.0,0.0,0.0,0.0,
1765986757.2213078,eth-updown-15m-1765986300,1765986300.0,1765987200.0,,442.7786922454834,,,,,0,0,0.9,0.98,ORDERS_OPEN,,,,,,,,,,,,,,0,5,,,,,,,,,,,,,,,,,,,,,,,,,,,,0.0,0.0,,,,,0,0,,,Inv: 0.0/0.0 CapLeft: 50.0,,,0.0,0.0,0.0,50.0,50.0,0.0,50.0,0.9,0.09999999999999998,0.0,0.0,0.0,0.0,0.0,0.0,0.0,
1765986757.0810957,eth-updown-15m-1765986300,1765986300.0,1765987200.0,,442.9189043045044,,,,,0,0,0.97,0.98,IDLE,,,,,,,,,,,,,,0,5,,,,,,,,,,,,,,,,,,,,CAP_FULL,,,,,,,,25.0,25.0,,,,,0,0,,,Inv: 25.0/25.0 CapLeft: 0.0,,,25.0,25.0,50.0,0.0,50.0,0.0,50.0,0.97,0.030000000000000027,5.0,0.4,0.6,0.0,5.0,0.0,0.002,OK
1765986758.7228575,eth-updown-15m-1765986300,1765986300.0,1765987200.0,,441.27714252471924,,,,,0,0,0.9,0.98,ORDERS_OPEN,,,,,,,,,,,,,,0,5,,,,,,,,,,,,,,,,,,,,,,,,,,,,0.0,0.0,,,,,0,0,,,Inv: 0.0/0.0 CapLeft: 50.0,,,0.0,0.0,0.0,50.0,50.0,0.0,50.0,0.9,0.09999999999999998,0.0,0.0,0.0,0.0,0.0,0.0,0.0,
1765986759.028899,eth-updown-15m-1765986300,1765986300.0,1765987200.0,,440.9711010456085,,,,,0,0,0.97,0.98,IDLE,,,,,,,,,,,,,,0,5,,,,,,,,,,,,,,,,,,,,CAP_FULL,,,,,,,,25.0,25.0,,,,,0,0,,,Inv: 25.0/25.0 CapLeft: 0.0,,,25.0,25.0,50.0,0.0,50.0,0.0,50.0,0.97,0.030000000000000027,5.0,0.4,0.6,0.0,5.0,0.0,0.002,OK
1765986760.2244067,eth-updown-15m-1765986300,1765986300.0,1765987200.0,,439.77559328079224,,,,,0,0,0.9,0.98,ORDERS_OPEN,,,,,,,,,,,,,,0,5,,,,,,,,,,,,,,,,,,,,,,,,,,,,0.0,0.0,,,,,0,0,,,Inv: 0.0/0.0 CapLeft: 50.0,,,0.0,0.0,0.0,50.0,50.0,0.0,50.0,0.9,0.09999999999999998,0.0,0.0,0.0,0.0,0.0,0.0,0.0,
1765986761.1429706,eth-updown-15m-1765986300,1765986300.0,1765987200.0,,438.8570294380188,,,,,0,0,0.99,0.98,IDLE,,,,,,,,,,,,,,0,5,,,,,,,,,,,,,,,,,,,,CAP_FULL,,,,,,,,25.0,25.0,,,,,0,0,,,Inv: 25.0/25.0 CapLeft: 0.0,,,25.0,25.0,50.0,0.0,50.0,0.0,50.0,0.97,0.030000000000000027,5.0,0.4,0.6,0.0,5.0,0.0,0.002,OK
1765986761.72588,eth-updown-15m-1765986300,1765986300.0,1765987200.0,,438.27412009239197,,,,,0,0,0.9,0.98,ORDERS_OPEN,,,,,,,,,,,,,,0,5,,,,,,,,,,,,,,,,,,,,,,,,,,,,0.0,0.0,,,,,0,0,,,Inv: 0.0/0.0 CapLeft: 50.0,,,0.0,0.0,0.0,50.0,50.0,0.0,50.0,0.9,0.09999999999999998,0.0,0.0,0.0,0.0,0.0,0.0,0.0,
1765986763.095894,eth-updown-15m-1765986300,1765986300.0,1765987200.0,,436.90410590171814,,,,,0,0,0.99,0.98,IDLE,,,,,,,,,,,,,,0,5,,,,,,,,,,,,,,,,,,,,CAP_FULL,,,,,,,,25.0,25.0,,,,,0,0,,,Inv: 25.0/25.0 CapLeft: 0.0,,,25.0,25.0,50.0,0.0,50.0,0.0,50.0,0.97,0.030000000000000027,5.0,0.4,0.6,0.0,5.0,0.0,0.002,OK
1765986764.7280462,eth-updown-15m-1765986300,1765986300.0,1765987200.0,,435.27195382118225,,,,,0.45,0.45,0.9,0.98,ORDERS_OPEN,,,,,,,,,,,,,,5,5,,,,,,,,,,,,,,,,,,,,Leg:BOTH UP:5 DOWN:5,,,,,,,,0.0,0.0,,,,,0,0,,,Inv: 0.0/0.0 CapLeft: 50.0,,,0.0,0.0,0.0,50.0,50.0,0.0,50.0,0.9,0.09999999999999998,0.0,0.0,0.0,0.0,0.0,0.0,0.0,
1765986765.0431628,eth-updown-15m-1765986300,1765986300.0,1765987200.0,,434.9568371772766,,,,,0,0,0.98,0.98,IDLE,,,,,,,,,,,,,,0,5,,,,,,,,,,,,,,,,,,,,CAP_FULL,,,,,,,,25.0,25.0,,,,,0,0,,,Inv: 25.0/25.0 CapLeft: 0.0,,,25.0,25.0,50.0,0.0,50.0,0.0,50.0,0.97,0.030000000000000027,5.0,0.4,0.6,0.0,5.0,0.0,0.002,OK
1765986766.229895,eth-updown-15m-1765986300,1765986300.0,1765987200.0,,433.7701048851013,,,,,0,0,0.9,0.98,ORDERS_OPEN,,,,,,,,,,,,,,0,5,,,,,,,,,,,,,,,,,,,,,,,,,,,,0.0,0.0,,,,,0,0,,,Inv: 0.0/0.0 CapLeft: 50.0,,,0.0,0.0,0.0,50.0,50.0,0.0,50.0,0.9,0.09999999999999998,0.0,0.0,0.0,0.0,0.0,0.0,0.0,
1765986766.9856687,eth-updown-15m-1765986300,1765986300.0,1765987200.0,,433.0143313407898,,,,,0,0,0.97,0.98,IDLE,,,,,,,,,,,,,,0,5,,,,,,,,,,,,,,,,,,,,CAP_FULL,,,,,,,,25.0,25.0,,,,,0,0,,,Inv: 25.0/25.0 CapLeft: 0.0,,,25.0,25.0,50.0,0.0,50.0,0.0,50.0,0.97,0.030000000000000027,5.0,0.4,0.6,0.0,5.0,0.0,0.002,OK
1765986767.7316868,eth-updown-15m-1765986300,1765986300.0,1765987200.0,,432.26831316947937,,,,,0,0,0.9,0.98,ORDERS_OPEN,,,,,,,,,,,,,,0,5,,,,,,,,,,,,,,,,,,,,,,,,,,,,0.0,0.0,,,,,0,0,,,Inv: 0.0/0.0 CapLeft: 50.0,,,0.0,0.0,0.0,50.0,50.0,0.0,50.0,0.9,0.09999999999999998,0.0,0.0,0.0,0.0,0.0,0.0,0.0,
1765986769.2332804,eth-updown-15m-1765986300,1765986300.0,1765987200.0,,430.76671957969666,,,,,0,0,0.9,0.98,ORDERS_OPEN,,,,,,,,,,,,,,0,5,,,,,,,,,,,,,,,,,,,,,,,,,,,,0.0,0.0,,,,,0,0,,,Inv: 0.0/0.0 CapLeft: 50.0,,,0.0,0.0,0.0,50.0,50.0,0.0,50.0,0.9,0.09999999999999998,0.0,0.0,0.0,0.0,0.0,0.0,0.0,
1765986769.1740427,eth-updown-15m-1765986300,1765986300.0,1765987200.0,,430.8259572982788,,,,,0,0,0.98,0.98,IDLE,,,,,,,,,,,,,,0,5,,,,,,,,,,,,,,,,,,,,CAP_FULL,,,,,,,,25.0,25.0,,,,,0,0,,,Inv: 25.0/25.0 CapLeft: 0.0,,,25.0,25.0,50.0,0.0,50.0,0.0,50.0,0.97,0.030000000000000027,5.0,0.4,0.6,0.0,5.0,0.0,0.002,OK
1765986770.7351213,eth-updown-15m-1765986300,1765986300.0,1765987200.0,,429.2648787498474,,,,,0,0,0.9,0.98,ORDERS_OPEN,,,,,,,,,,,,,,0,5,,,,,,,,,,,,,,,,,,,,,,,,,,,,0.0,0.0,,,,,0,0,,,Inv: 0.0/0.0 CapLeft: 50.0,,,0.0,0.0,0.0,50.0,50.0,0.0,50.0,0.9,0.09999999999999998,0.0,0.0,0.0,0.0,0.0,0.0,0.0,
1765986771.1153798,eth-updown-15m-1765986300,1765986300.0,1765987200.0,,428.88462018966675,,,,,0,0,0.97,0.98,IDLE,,,,,,,,,,,,,,0,5,,,,,,,,,,,,,,,,,,,,CAP_FULL,,,,,,,,25.0,25.0,,,,,0,0,,,Inv: 25.0/25.0 CapLeft: 0.0,,,25.0,25.0,50.0,0.0,50.0,0.0,50.0,0.97,0.030000000000000027,5.0,0.4,0.6,0.0,5.0,0.0,0.002,OK
1765986772.2369998,eth-updown-15m-1765986300,1765986300.0,1765987200.0,,427.76300024986267,,,,,0,0,0.9,0.98,ORDERS_OPEN,,,,,,,,,,,,,,0,5,,,,,,,,,,,,,,,,,,,,,,,,,,,,0.0,0.0,,,,,0,0,,,Inv: 0.0/0.0 CapLeft: 50.0,,,0.0,0.0,0.0,50.0,50.0,0.0,50.0,0.9,0.09999999999999998,0.0,0.0,0.0,0.0,0.0,0.0,0.0,
1765986773.0737402,eth-updown-15m-1765986300,1765986300.0,1765987200.0,,426.92625975608826,,,,,0,0,0.97,0.98,IDLE,,,,,,,,,,,,,,0,5,,,,,,,,,,,,,,,,,,,,CAP_FULL,,,,,,,,25.0,25.0,,,,,0,0,,,Inv: 25.0/25.0 CapLeft: 0.0,,,25.0,25.0,50.0,0.0,50.0,0.0,50.0,0.97,0.030000000000000027,5.0,0.4,0.6,0.0,5.0,0.0,0.002,OK
1765986773.7387288,eth-updown-15m-1765986300,1765986300.0,1765987200.0,,426.261271238327,,,,,0,0,0.9,0.98,ORDERS_OPEN,,,,,,,,,,,,,,0,5,,,,,,,,,,,,,,,,,,,,,,,,,,,,0.0,0.0,,,,,0,0,,,Inv: 0.0/0.0 CapLeft: 50.0,,,0.0,0.0,0.0,50.0,50.0,0.0,50.0,0.9,0.09999999999999998,0.0,0.0,0.0,0.0,0.0,0.0,0.0,
1765986775.2398324,eth-updown-15m-1765986300,1765986300.0,1765987200.0,,424.76016759872437,,,,,0,0,0.9,0.98,ORDERS_OPEN,,,,,,,,,,,,,,0,5,,,,,,,,,,,,,,,,,,,,,,,,,,,,0.0,0.0,,,,,0,0,,,Inv: 0.0/0.0 CapLeft: 50.0,,,0.0,0.0,0.0,50.0,50.0,0.0,50.0,0.9,0.09999999999999998,0.0,0.0,0.0,0.0,0.0,0.0,0.0,
1765986775.0598717,eth-updown-15m-1765986300,1765986300.0,1765987200.0,,424.940128326416,,,,,0,0,0.98,0.98,IDLE,,,,,,,,,,,,,,0,5,,,,,,,,,,,,,,,,,,,,CAP_FULL,,,,,,,,25.0,25.0,,,,,0,0,,,Inv: 25.0/25.0 CapLeft: 0.0,,,25.0,25.0,50.0,0.0,50.0,0.0,50.0,0.97,0.030000000000000027,5.0,0.4,0.6,0.0,5.0,0.0,0.002,OK
1765986776.7417078,eth-updown-15m-1765986300,1765986300.0,1765987200.0,,423.25829219818115,,,,,0,0,0.9,0.98,ORDERS_OPEN,,,,,,,,,,,,,,0,5,,,,,,,,,,,,,,,,,,,,,,,,,,,,0.0,0.0,,,,,0,0,,,Inv: 0.0/0.0 CapLeft: 50.0,,,0.0,0.0,0.0,50.0,50.0,0.0,50.0,0.9,0.09999999999999998,0.0,0.0,0.0,0.0,0.0,0.0,0.0,
1765986776.9961307,eth-updown-15m-1765986300,1765986300.0,1765987200.0,,423.00386929512024,,,,,0,0,0.98,0.98,IDLE,,,,,,,,,,,,,,0,5,,,,,,,,,,,,,,,,,,,,CAP_FULL,,,,,,,,25.0,25.0,,,,,0,0,,,Inv: 25.0/25.0 CapLeft: 0.0,,,25.0,25.0,50.0,0.0,50.0,0.0,50.0,0.97,0.030000000000000027,5.0,0.4,0.6,0.0,5.0,0.0,0.002,OK
1765986778.243233,eth-updown-15m-1765986300,1765986300.0,1765987200.0,,421.75676703453064,,,,,0,0,0.9,0.98,ORDERS_OPEN,,,,,,,,,,,,,,0,5,,,,,,,,,,,,,,,,,,,,,,,,,,,,0.0,0.0,,,,,0,0,,,Inv: 0.0/0.0 CapLeft: 50.0,,,0.0,0.0,0.0,50.0,50.0,0.0,50.0,0.9,0.09999999999999998,0.0,0.0,0.0,0.0,0.0,0.0,0.0,
1765986778.9499156,eth-updown-15m-1765986300,1765986300.0,1765987200.0,,421.0500843524933,,,,,0,0,0.97,0.98,IDLE,,,,,,,,,,,,,,0,5,,,,,,,,,,,,,,,,,,,,CAP_FULL,,,,,,,,25.0,25.0,,,,,0,0,,,Inv: 25.0/25.0 CapLeft: 0.0,,,25.0,25.0,50.0,0.0,50.0,0.0,50.0,0.97,0.030000000000000027,5.0,0.4,0.6,0.0,5.0,0.0,0.002,OK
1765986781.2462373,eth-updown-15m-1765986300,1765986300.0,1765987200.0,,418.7537627220154,,,,,0.45,0.45,0.9,0.98,ORDERS_OPEN,,,,,,,,,,,,,,5,5,,,,,,,,,,,,,,,,,,,,Leg:BOTH UP:5 DOWN:5,,,,,,,,0.0,0.0,,,,,0,0,,,Inv: 0.0/0.0 CapLeft: 50.0,,,0.0,0.0,0.0,50.0,50.0,0.0,50.0,0.9,0.09999999999999998,0.0,0.0,0.0,0.0,0.0,0.0,0.0,
1765986780.9851294,eth-updown-15m-1765986300,1765986300.0,1765987200.0,,419.0148706436157,,,,,0,0,0.98,0.98,IDLE,,,,,,,,,,,,,,0,5,,,,,,,,,,,,,,,,,,,,CAP_FULL,,,,,,,,25.0,25.0,,,,,0,0,,,Inv: 25.0/25.0 CapLeft: 0.0,,,25.0,25.0,50.0,0.0,50.0,0.0,50.0,0.97,0.030000000000000027,5.0,0.4,0.6,0.0,5.0,0.0,0.002,OK
1765986782.747709,eth-updown-15m-1765986300,1765986300.0,1765987200.0,,417.2522909641266,,,,,0,0,0.9,0.98,ORDERS_OPEN,,,,,,,,,,,,,,0,5,,,,,,,,,,,,,,,,,,,,,,,,,,,,0.0,0.0,,,,,0,0,,,Inv: 0.0/0.0 CapLeft: 50.0,,,0.0,0.0,0.0,50.0,50.0,0.0,50.0,0.9,0.09999999999999998,0.0,0.0,0.0,0.0,0.0,0.0,0.0,
1765986782.9546244,eth-updown-15m-1765986300,1765986300.0,1765987200.0,,417.04537558555603,,,,,0,0,0.98,0.98,IDLE,,,,,,,,,,,,,,0,5,,,,,,,,,,,,,,,,,,,,CAP_FULL,,,,,,,,25.0,25.0,,,,,0,0,,,Inv: 25.0/25.0 CapLeft: 0.0,,,25.0,25.0,50.0,0.0,50.0,0.0,50.0,0.97,0.030000000000000027,5.0,0.4,0.6,0.0,5.0,0.0,0.002,OK
1765986784.2493093,eth-updown-15m-1765986300,1765986300.0,1765987200.0,,415.75069069862366,,,,,0,0,0.9,0.98,ORDERS_OPEN,,,,,,,,,,,,,,0,5,,,,,,,,,,,,,,,,,,,,,,,,,,,,0.0,0.0,,,,,0,0,,,Inv: 0.0/0.0 CapLeft: 50.0,,,0.0,0.0,0.0,50.0,50.0,0.0,50.0,0.9,0.09999999999999998,0.0,0.0,0.0,0.0,0.0,0.0,0.0,
1765986784.910851,eth-updown-15m-1765986300,1765986300.0,1765987200.0,,415.0891489982605,,,,,0,0,0.96,0.98,IDLE,,,,,,,,,,,,,,0,5,,,,,,,,,,,,,,,,,,,,CAP_FULL,,,,,,,,25.0,25.0,,,,,0,0,,,Inv: 25.0/25.0 CapLeft: 0.0,,,25.0,25.0,50.0,0.0,50.0,0.0,50.0,0.97,0.030000000000000027,5.0,0.4,0.6,0.0,5.0,0.0,0.002,OK
1765986785.7505567,eth-updown-15m-1765986300,1765986300.0,1765987200.0,,414.2494432926178,,,,,0,0,0.9,0.98,ORDERS_OPEN,,,,,,,,,,,,,,0,5,,,,,,,,,,,,,,,,,,,,,,,,,,,,0.0,0.0,,,,,0,0,,,Inv: 0.0/0.0 CapLeft: 50.0,,,0.0,0.0,0.0,50.0,50.0,0.0,50.0,0.9,0.09999999999999998,0.0,0.0,0.0,0.0,0.0,0.0,0.0,
1765986787.2522452,eth-updown-15m-1765986300,1765986300.0,1765987200.0,,412.7477548122406,,,,,0,0,0.9,0.98,ORDERS_OPEN,,,,,,,,,,,,,,0,5,,,,,,,,,,,,,,,,,,,,,,,,,,,,0.0,0.0,,,,,0,0,,,Inv: 0.0/0.0 CapLeft: 50.0,,,0.0,0.0,0.0,50.0,50.0,0.0,50.0,0.9,0.09999999999999998,0.0,0.0,0.0,0.0,0.0,0.0,0.0,
1765986786.8373394,eth-updown-15m-1765986300,1765986300.0,1765987200.0,,413.1626605987549,,,,,0,0,0.97,0.98,IDLE,,,,,,,,,,,,,,0,5,,,,,,,,,,,,,,,,,,,,CAP_FULL,,,,,,,,25.0,25.0,,,,,0,0,,,Inv: 25.0/25.0 CapLeft: 0.0,,,25.0,25.0,50.0,0.0,50.0,0.0,50.0,0.97,0.030000000000000027,5.0,0.4,0.6,0.0,5.0,0.0,0.002,OK
1765986788.7539978,eth-updown-15m-1765986300,1765986300.0,1765987200.0,,411.2460021972656,,,,,0,0,0.9,0.98,ORDERS_OPEN,,,,,,,,,,,,,,0,5,,,,,,,,,,,,,,,,,,,,,,,,,,,,0.0,0.0,,,,,0,0,,,Inv: 0.0/0.0 CapLeft: 50.0,,,0.0,0.0,0.0,50.0,50.0,0.0,50.0,0.9,0.09999999999999998,0.0,0.0,0.0,0.0,0.0,0.0,0.0,
1765986788.7825117,eth-updown-15m-1765986300,1765986300.0,1765987200.0,,411.2174882888794,,,,,0,0,0.99,0.98,IDLE,,,,,,,,,,,,,,0,5,,,,,,,,,,,,,,,,,,,,CAP_FULL,,,,,,,,25.0,25.0,,,,,0,0,,,Inv: 25.0/25.0 CapLeft: 0.0,,,25.0,25.0,50.0,0.0,50.0,0.0,50.0,0.97,0.030000000000000027,5.0,0.4,0.6,0.0,5.0,0.0,0.002,OK
1765986790.2559092,eth-updown-15m-1765986300,1765986300.0,1765987200.0,,409.74409079551697,,,,,0,0,0.9,0.98,ORDERS_OPEN,,,,,,,,,,,,,,0,5,,,,,,,,,,,,,,,,,,,,,,,,,,,,0.0,0.0,,,,,0,0,,,Inv: 0.0/0.0 CapLeft: 50.0,,,0.0,0.0,0.0,50.0,50.0,0.0,50.0,0.9,0.09999999999999998,0.0,0.0,0.0,0.0,0.0,0.0,0.0,
1765986790.7384377,eth-updown-15m-1765986300,1765986300.0,1765987200.0,,409.2615623474121,,,,,0,0,0.99,0.98,IDLE,,,,,,,,,,,,,,0,5,,,,,,,,,,,,,,,,,,,,CAP_FULL,,,,,,,,25.0,25.0,,,,,0,0,,,Inv: 25.0/25.0 CapLeft: 0.0,,,25.0,25.0,50.0,0.0,50.0,0.0,50.0,0.97,0.030000000000000027,5.0,0.4,0.6,0.0,5.0,0.0,0.002,OK
1765986791.7578514,eth-updown-15m-1765986300,1765986300.0,1765987200.0,,408.2421486377716,,,,,0,0,0.9,0.98,ORDERS_OPEN,,,,,,,,,,,,,,0,5,,,,,,,,,,,,,,,,,,,,,,,,,,,,0.0,0.0,,,,,0,0,,,Inv: 0.0/0.0 CapLeft: 50.0,,,0.0,0.0,0.0,50.0,50.0,0.0,50.0,0.9,0.09999999999999998,0.0,0.0,0.0,0.0,0.0,0.0,0.0,
1765986792.6765637,eth-updown-15m-1765986300,1765986300.0,1765987200.0,,407.3234362602234,,,,,0,0,0.97,0.98,IDLE,,,,,,,,,,,,,,0,5,,,,,,,,,,,,,,,,,,,,CAP_FULL,,,,,,,,25.0,25.0,,,,,0,0,,,Inv: 25.0/25.0 CapLeft: 0.0,,,25.0,25.0,50.0,0.0,50.0,0.0,50.0,0.97,0.030000000000000027,5.0,0.4,0.6,0.0,5.0,0.0,0.002,OK
1765986793.2605734,eth-updown-15m-1765986300,1765986300.0,1765987200.0,,406.739426612854,,,,,0,0,0.9,0.98,ORDERS_OPEN,,,,,,,,,,,,,,0,5,,,,,,,,,,,,,,,,,,,,,,,,,,,,0.0,0.0,,,,,0,0,,,Inv: 0.0/0.0 CapLeft: 50.0,,,0.0,0.0,0.0,50.0,50.0,0.0,50.0,0.9,0.09999999999999998,0.0,0.0,0.0,0.0,0.0,0.0,0.0,
1765986794.7626584,eth-updown-15m-1765986300,1765986300.0,1765987200.0,,405.23734164237976,,,,,0,0,0.9,0.98,ORDERS_OPEN,,,,,,,,,,,,,,0,5,,,,,,,,,,,,,,,,,,,,,,,,,,,,0.0,0.0,,,,,0,0,,,Inv: 0.0/0.0 CapLeft: 50.0,,,0.0,0.0,0.0,50.0,50.0,0.0,50.0,0.9,0.09999999999999998,0.0,0.0,0.0,0.0,0.0,0.0,0.0,
1765986794.6427014,eth-updown-15m-1765986300,1765986300.0,1765987200.0,,405.3572986125946,,,,,0,0,0.97,0.98,IDLE,,,,,,,,,,,,,,0,5,,,,,,,,,,,,,,,,,,,,CAP_FULL,,,,,,,,25.0,25.0,,,,,0,0,,,Inv: 25.0/25.0 CapLeft: 0.0,,,25.0,25.0,50.0,0.0,50.0,0.0,50.0,0.97,0.030000000000000027,5.0,0.4,0.6,0.0,5.0,0.0,0.002,OK
1765986796.615917,eth-updown-15m-1765986300,1765986300.0,1765987200.0,,403.38408303260803,,,,,0,0,0.99,0.98,IDLE,,,,,,,,,,,,,,0,5,,,,,,,,,,,,,,,,,,,,CAP_FULL,,,,,,,,25.0,25.0,,,,,0,0,,,Inv: 25.0/25.0 CapLeft: 0.0,,,25.0,25.0,50.0,0.0,50.0,0.0,50.0,0.97,0.030000000000000027,5.0,0.4,0.6,0.0,5.0,0.0,0.002,OK
1765986797.7667701,eth-updown-15m-1765986300,1765986300.0,1765987200.0,,402.2332298755646,,,,,0.45,0.45,0.9,0.98,ORDERS_OPEN,,,,,,,,,,,,,,5,5,,,,,,,,,,,,,,,,,,,,Leg:BOTH UP:5 DOWN:5,,,,,,,,0.0,0.0,,,,,0,0,,,Inv: 0.0/0.0 CapLeft: 50.0,,,0.0,0.0,0.0,50.0,50.0,0.0,50.0,0.9,0.09999999999999998,0.0,0.0,0.0,0.0,0.0,0.0,0.0,
1765986798.5664573,eth-updown-15m-1765986300,1765986300.0,1765987200.0,,401.4335427284241,,,,,0,0,0.97,0.98,IDLE,,,,,,,,,,,,,,0,5,,,,,,,,,,,,,,,,,,,,CAP_FULL,,,,,,,,25.0,25.0,,,,,0,0,,,Inv: 25.0/25.0 CapLeft: 0.0,,,25.0,25.0,50.0,0.0,50.0,0.0,50.0,0.97,0.030000000000000027,5.0,0.4,0.6,0.0,5.0,0.0,0.002,OK
1765986799.2683656,eth-updown-15m-1765986300,1765986300.0,1765987200.0,,400.7316343784332,,,,,0,0,0.9,0.98,ORDERS_OPEN,,,,,,,,,,,,,,0,5,,,,,,,,,,,,,,,,,,,,,,,,,,,,0.0,0.0,,,,,0,0,,,Inv: 0.0/0.0 CapLeft: 50.0,,,0.0,0.0,0.0,50.0,50.0,0.0,50.0,0.9,0.09999999999999998,0.0,0.0,0.0,0.0,0.0,0.0,0.0,
1765986800.7700596,eth-updown-15m-1765986300,1765986300.0,1765987200.0,,399.2299404144287,,,,,0,0,0.9,0.98,ORDERS_OPEN,,,,,,,,,,,,,,0,5,,,,,,,,,,,,,,,,,,,,,,,,,,,,0.0,0.0,,,,,0,0,,,Inv: 0.0/0.0 CapLeft: 50.0,,,0.0,0.0,0.0,50.0,50.0,0.0,50.0,0.9,0.09999999999999998,0.0,0.0,0.0,0.0,0.0,0.0,0.0,
1765986800.5038788,eth-updown-15m-1765986300,1765986300.0,1765987200.0,,399.4961211681366,,,,,0,0,0.97,0.98,IDLE,,,,,,,,,,,,,,0,5,,,,,,,,,,,,,,,,,,,,CAP_FULL,,,,,,,,25.0,25.0,,,,,0,0,,,Inv: 25.0/25.0 CapLeft: 0.0,,,25.0,25.0,50.0,0.0,50.0,0.0,50.0,0.97,0.030000000000000027,5.0,0.4,0.6,0.0,5.0,0.0,0.002,OK
1765986802.2716959,eth-updown-15m-1765986300,1765986300.0,1765987200.0,,397.72830414772034,,,,,0,0,0.9,0.98,ORDERS_OPEN,,,,,,,,,,,,,,0,5,,,,,,,,,,,,,,,,,,,,,,,,,,,,0.0,0.0,,,,,0,0,,,Inv: 0.0/0.0 CapLeft: 50.0,,,0.0,0.0,0.0,50.0,50.0,0.0,50.0,0.9,0.09999999999999998,0.0,0.0,0.0,0.0,0.0,0.0,0.0,
1765986802.454142,eth-updown-15m-1765986300,1765986300.0,1765987200.0,,397.54585790634155,,,,,0,0,0.99,0.98,IDLE,,,,,,,,,,,,,,0,5,,,,,,,,,,,,,,,,,,,,CAP_FULL,,,,,,,,25.0,25.0,,,,,0,0,,,Inv: 25.0/25.0 CapLeft: 0.0,,,25.0,25.0,50.0,0.0,50.0,0.0,50.0,0.97,0.030000000000000027,5.0,0.4,0.6,0.0,5.0,0.0,0.002,OK
1765986803.7733073,eth-updown-15m-1765986300,1765986300.0,1765987200.0,,396.2266926765442,,,,,0,0,0.9,0.98,ORDERS_OPEN,,,,,,,,,,,,,,0,5,,,,,,,,,,,,,,,,,,,,,,,,,,,,0.0,0.0,,,,,0,0,,,Inv: 0.0/0.0 CapLeft: 50.0,,,0.0,0.0,0.0,50.0,50.0,0.0,50.0,0.9,0.09999999999999998,0.0,0.0,0.0,0.0,0.0,0.0,0.0,
1765986804.4407022,eth-updown-15m-1765986300,1765986300.0,1765987200.0,,395.5592978000641,,,,,0,0,0.99,0.98,IDLE,,,,,,,,,,,,,,0,5,,,,,,,,,,,,,,,,,,,,CAP_FULL,,,,,,,,25.0,25.0,,,,,0,0,,,Inv: 25.0/25.0 CapLeft: 0.0,,,25.0,25.0,50.0,0.0,50.0,0.0,50.0,0.97,0.030000000000000027,5.0,0.4,0.6,0.0,5.0,0.0,0.002,OK
1765986805.2750916,eth-updown-15m-1765986300,1765986300.0,1765987200.0,,394.7249083518982,,,,,0,0,0.9,0.98,ORDERS_OPEN,,,,,,,,,,,,,,0,5,,,,,,,,,,,,,,,,,,,,,,,,,,,,0.0,0.0,,,,,0,0,,,Inv: 0.0/0.0 CapLeft: 50.0,,,0.0,0.0,0.0,50.0,50.0,0.0,50.0,0.9,0.09999999999999998,0.0,0.0,0.0,0.0,0.0,0.0,0.0,
1765986806.776677,eth-updown-15m-1765986300,1765986300.0,1765987200.0,,393.22332310676575,,,,,0,0,0.9,0.98,ORDERS_OPEN,,,,,,,,,,,,,,0,5,,,,,,,,,,,,,,,,,,,,,,,,,,,,0.0,0.0,,,,,0,0,,,Inv: 0.0/0.0 CapLeft: 50.0,,,0.0,0.0,0.0,50.0,50.0,0.0,50.0,0.9,0.09999999999999998,0.0,0.0,0.0,0.0,0.0,0.0,0.0,
1765986806.432773,eth-updown-15m-1765986300,1765986300.0,1765987200.0,,393.56722688674927,,,,,0,0,0.99,0.98,IDLE,,,,,,,,,,,,,,0,5,,,,,,,,,,,,,,,,,,,,CAP_FULL,,,,,,,,25.0,25.0,,,,,0,0,,,Inv: 25.0/25.0 CapLeft: 0.0,,,25.0,25.0,50.0,0.0,50.0,0.0,50.0,0.97,0.030000000000000027,5.0,0.4,0.6,0.0,5.0,0.0,0.002,OK
1765986808.283061,eth-updown-15m-1765986300,1765986300.0,1765987200.0,,391.71693897247314,,,,,0,0,0.9,0.98,ORDERS_OPEN,,,,,,,,,,,,,,0,5,,,,,,,,,,,,,,,,,,,,,,,,,,,,0.0,0.0,,,,,0,0,,,Inv: 0.0/0.0 CapLeft: 50.0,,,0.0,0.0,0.0,50.0,50.0,0.0,50.0,0.9,0.09999999999999998,0.0,0.0,0.0,0.0,0.0,0.0,0.0,
1765986808.3866894,eth-updown-15m-1765986300,1765986300.0,1765987200.0,,391.61331057548523,,,,,0,0,0.99,0.98,IDLE,,,,,,,,,,,,,,0,5,,,,,,,,,,,,,,,,,,,,CAP_FULL,,,,,,,,25.0,25.0,,,,,0,0,,,Inv: 25.0/25.0 CapLeft: 0.0,,,25.0,25.0,50.0,0.0,50.0,0.0,50.0,0.97,0.030000000000000027,5.0,0.4,0.6,0.0,5.0,0.0,0.002,OK
1765986809.7852407,eth-updown-15m-1765986300,1765986300.0,1765987200.0,,390.214759349823,,,,,0,0,0.9,0.98,ORDERS_OPEN,,,,,,,,,,,,,,0,5,,,,,,,,,,,,,,,,,,,,,,,,,,,,0.0,0.0,,,,,0,0,,,Inv: 0.0/0.0 CapLeft: 50.0,,,0.0,0.0,0.0,50.0,50.0,0.0,50.0,0.9,0.09999999999999998,0.0,0.0,0.0,0.0,0.0,0.0,0.0,
1765986810.4366076,eth-updown-15m-1765986300,1765986300.0,1765987200.0,,389.5633924007416,,,,,0,0,0.99,0.98,IDLE,,,,,,,,,,,,,,0,5,,,,,,,,,,,,,,,,,,,,CAP_FULL,,,,,,,,25.0,25.0,,,,,0,0,,,Inv: 25.0/25.0 CapLeft: 0.0,,,25.0,25.0,50.0,0.0,50.0,0.0,50.0,0.97,0.030000000000000027,5.0,0.4,0.6,0.0,5.0,0.0,0.002,OK
1765986811.2866328,eth-updown-15m-1765986300,1765986300.0,1765987200.0,,388.7133672237396,,,,,0,0,0.9,0.98,ORDERS_OPEN,,,,,,,,,,,,,,0,5,,,,,,,,,,,,,,,,,,,,,,,,,,,,0.0,0.0,,,,,0,0,,,Inv: 0.0/0.0 CapLeft: 50.0,,,0.0,0.0,0.0,50.0,50.0,0.0,50.0,0.9,0.09999999999999998,0.0,0.0,0.0,0.0,0.0,0.0,0.0,
1765986812.4517968,eth-updown-15m-1765986300,1765986300.0,1765987200.0,,387.5482032299042,,,,,0,0,0.99,0.98,IDLE,,,,,,,,,,,,,,0,5,,,,,,,,,,,,,,,,,,,,CAP_FULL,,,,,,,,25.0,25.0,,,,,0,0,,,Inv: 25.0/25.0 CapLeft: 0.0,,,25.0,25.0,50.0,0.0,50.0,0.0,50.0,0.97,0.030000000000000027,5.0,0.4,0.6,0.0,5.0,0.0,0.002,OK
1765986814.289733,eth-updown-15m-1765986300,1765986300.0,1765987200.0,,385.71026706695557,,,,,0.45,0.45,0.9,0.98,ORDERS_OPEN,,,,,,,,,,,,,,5,5,,,,,,,,,,,,,,,,,,,,Leg:BOTH UP:5 DOWN:5,,,,,,,,0.0,0.0,,,,,0,0,,,Inv: 0.0/0.0 CapLeft: 50.0,,,0.0,0.0,0.0,50.0,50.0,0.0,50.0,0.9,0.09999999999999998,0.0,0.0,0.0,0.0,0.0,0.0,0.0,
1765986814.4598224,eth-updown-15m-1765986300,1765986300.0,1765987200.0,,385.54017758369446,,,,,0,0,0.99,0.98,IDLE,,,,,,,,,,,,,,0,5,,,,,,,,,,,,,,,,,,,,CAP_FULL,,,,,,,,25.0,25.0,,,,,0,0,,,Inv: 25.0/25.0 CapLeft: 0.0,,,25.0,25.0,50.0,0.0,50.0,0.0,50.0,0.97,0.030000000000000027,5.0,0.4,0.6,0.0,5.0,0.0,0.002,OK
1765986815.7915244,eth-updown-15m-1765986300,1765986300.0,1765987200.0,,384.2084755897522,,,,,0,0,0.9,0.98,ORDERS_OPEN,,,,,,,,,,,,,,0,5,,,,,,,,,,,,,,,,,,,,,,,,,,,,0.0,0.0,,,,,0,0,,,Inv: 0.0/0.0 CapLeft: 50.0,,,0.0,0.0,0.0,50.0,50.0,0.0,50.0,0.9,0.09999999999999998,0.0,0.0,0.0,0.0,0.0,0.0,0.0,
1765986816.538883,eth-updown-15m-1765986300,1765986300.0,1765987200.0,,383.46111702919006,,,,,0,0,0.99,0.98,IDLE,,,,,,,,,,,,,,0,5,,,,,,,,,,,,,,,,,,,,CAP_FULL,,,,,,,,25.0,25.0,,,,,0,0,,,Inv: 25.0/25.0 CapLeft: 0.0,,,25.0,25.0,50.0,0.0,50.0,0.0,50.0,0.97,0.030000000000000027,5.0,0.4,0.6,0.0,5.0,0.0,0.002,OK
1765986817.292961,eth-updown-15m-1765986300,1765986300.0,1765987200.0,,382.7070391178131,,,,,0,0,0.9,0.98,ORDERS_OPEN,,,,,,,,,,,,,,0,5,,,,,,,,,,,,,,,,,,,,,,,,,,,,0.0,0.0,,,,,0,0,,,Inv: 0.0/0.0 CapLeft: 50.0,,,0.0,0.0,0.0,50.0,50.0,0.0,50.0,0.9,0.09999999999999998,0.0,0.0,0.0,0.0,0.0,0.0,0.0,
1765986818.7947874,eth-updown-15m-1765986300,1765986300.0,1765987200.0,,381.2052125930786,,,,,0,0,0.9,0.98,ORDERS_OPEN,,,,,,,,,,,,,,0,5,,,,,,,,,,,,,,,,,,,,,,,,,,,,0.0,0.0,,,,,0,0,,,Inv: 0.0/0.0 CapLeft: 50.0,,,0.0,0.0,0.0,50.0,50.0,0.0,50.0,0.9,0.09999999999999998,0.0,0.0,0.0,0.0,0.0,0.0,0.0,
1765986818.4661312,eth-updown-15m-1765986300,1765986300.0,1765987200.0,,381.53386878967285,,,,,0,0,0.99,0.98,IDLE,,,,,,,,,,,,,,0,5,,,,,,,,,,,,,,,,,,,,CAP_FULL,,,,,,,,25.0,25.0,,,,,0,0,,,Inv: 25.0/25.0 CapLeft: 0.0,,,25.0,25.0,50.0,0.0,50.0,0.0,50.0,0.97,0.030000000000000027,5.0,0.4,0.6,0.0,5.0,0.0,0.002,OK
1765986820.2964234,eth-updown-15m-1765986300,1765986300.0,1765987200.0,,379.7035765647888,,,,,0,0,0.9,0.98,ORDERS_OPEN,,,,,,,,,,,,,,0,5,,,,,,,,,,,,,,,,,,,,,,,,,,,,0.0,0.0,,,,,0,0,,,Inv: 0.0/0.0 CapLeft: 50.0,,,0.0,0.0,0.0,50.0,50.0,0.0,50.0,0.9,0.09999999999999998,0.0,0.0,0.0,0.0,0.0,0.0,0.0,
1765986820.4379778,eth-updown-15m-1765986300,1765986300.0,1765987200.0,,379.5620222091675,,,,,0,0,0.99,0.98,IDLE,,,,,,,,,,,,,,0,5,,,,,,,,,,,,,,,,,,,,CAP_FULL,,,,,,,,25.0,25.0,,,,,0,0,,,Inv: 25.0/25.0 CapLeft: 0.0,,,25.0,25.0,50.0,0.0,50.0,0.0,50.0,0.97,0.030000000000000027,5.0,0.4,0.6,0.0,5.0,0.0,0.002,OK
1765986821.798349,eth-updown-15m-1765986300,1765986300.0,1765987200.0,,378.201651096344,,,,,0,0,0.9,0.98,ORDERS_OPEN,,,,,,,,,,,,,,0,5,,,,,,,,,,,,,,,,,,,,,,,,,,,,0.0,0.0,,,,,0,0,,,Inv: 0.0/0.0 CapLeft: 50.0,,,0.0,0.0,0.0,50.0,50.0,0.0,50.0,0.9,0.09999999999999998,0.0,0.0,0.0,0.0,0.0,0.0,0.0,
1765986822.4060812,eth-updown-15m-1765986300,1765986300.0,1765987200.0,,377.593918800354,,,,,0,0,0.99,0.98,IDLE,,,,,,,,,,,,,,0,5,,,,,,,,,,,,,,,,,,,,CAP_FULL,,,,,,,,25.0,25.0,,,,,0,0,,,Inv: 25.0/25.0 CapLeft: 0.0,,,25.0,25.0,50.0,0.0,50.0,0.0,50.0,0.97,0.030000000000000027,5.0,0.4,0.6,0.0,5.0,0.0,0.002,OK
1765986823.2996707,eth-updown-15m-1765986300,1765986300.0,1765987200.0,,376.70032930374146,,,,,0,0,0.9,0.98,ORDERS_OPEN,,,,,,,,,,,,,,0,5,,,,,,,,,,,,,,,,,,,,,,,,,,,,0.0,0.0,,,,,0,0,,,Inv: 0.0/0.0 CapLeft: 50.0,,,0.0,0.0,0.0,50.0,50.0,0.0,50.0,0.9,0.09999999999999998,0.0,0.0,0.0,0.0,0.0,0.0,0.0,
1765986824.8012407,eth-updown-15m-1765986300,1765986300.0,1765987200.0,,375.19875931739807,,,,,0,0,0.9,0.98,ORDERS_OPEN,,,,,,,,,,,,,,0,5,,,,,,,,,,,,,,,,,,,,,,,,,,,,0.0,0.0,,,,,0,0,,,Inv: 0.0/0.0 CapLeft: 50.0,,,0.0,0.0,0.0,50.0,50.0,0.0,50.0,0.9,0.09999999999999998,0.0,0.0,0.0,0.0,0.0,0.0,0.0,
1765986824.3797145,eth-updown-15m-1765986300,1765986300.0,1765987200.0,,375.62028551101685,,,,,0,0,0.99,0.98,IDLE,,,,,,,,,,,,,,0,5,,,,,,,,,,,,,,,,,,,,CAP_FULL,,,,,,,,25.0,25.0,,,,,0,0,,,Inv: 25.0/25.0 CapLeft: 0.0,,,25.0,25.0,50.0,0.0,50.0,0.0,50.0,0.97,0.030000000000000027,5.0,0.4,0.6,0.0,5.0,0.0,0.002,OK
1765986826.302473,eth-updown-15m-1765986300,1765986300.0,1765987200.0,,373.6975269317627,,,,,0,0,0.9,0.98,ORDERS_OPEN,,,,,,,,,,,,,,0,5,,,,,,,,,,,,,,,,,,,,,,,,,,,,0.0,0.0,,,,,0,0,,,Inv: 0.0/0.0 CapLeft: 50.0,,,0.0,0.0,0.0,50.0,50.0,0.0,50.0,0.9,0.09999999999999998,0.0,0.0,0.0,0.0,0.0,0.0,0.0,
1765986826.336399,eth-updown-15m-1765986300,1765986300.0,1765987200.0,,373.66360092163086,,,,,0,0,0.99,0.98,IDLE,,,,,,,,,,,,,,0,5,,,,,,,,,,,,,,,,,,,,CAP_FULL,,,,,,,,25.0,25.0,,,,,0,0,,,Inv: 25.0/25.0 CapLeft: 0.0,,,25.0,25.0,50.0,0.0,50.0,0.0,50.0,0.97,0.030000000000000027,5.0,0.4,0.6,0.0,5.0,0.0,0.002,OK
1765986827.8039765,eth-updown-15m-1765986300,1765986300.0,1765987200.0,,372.1960234642029,,,,,0,0,0.9,0.98,ORDERS_OPEN,,,,,,,,,,,,,,0,5,,,,,,,,,,,,,,,,,,,,,,,,,,,,0.0,0.0,,,,,0,0,,,Inv: 0.0/0.0 CapLeft: 50.0,,,0.0,0.0,0.0,50.0,50.0,0.0,50.0,0.9,0.09999999999999998,0.0,0.0,0.0,0.0,0.0,0.0,0.0,
1765986828.2754474,eth-updown-15m-1765986300,1765986300.0,1765987200.0,,371.7245526313782,,,,,0,0,0.99,0.98,IDLE,,,,,,,,,,,,,,0,5,,,,,,,,,,,,,,,,,,,,CAP_FULL,,,,,,,,25.0,25.0,,,,,0,0,,,Inv: 25.0/25.0 CapLeft: 0.0,,,25.0,25.0,50.0,0.0,50.0,0.0,50.0,0.97,0.030000000000000027,5.0,0.4,0.6,0.0,5.0,0.0,0.002,OK
1765986830.8073268,eth-updown-15m-1765986300,1765986300.0,1765987200.0,,369.19267320632935,,,,,0.45,0.45,0.9,0.98,ORDERS_OPEN,,,,,,,,,,,,,,5,5,,,,,,,,,,,,,,,,,,,,Leg:BOTH UP:5 DOWN:5,,,,,,,,0.0,0.0,,,,,0,0,,,Inv: 0.0/0.0 CapLeft: 50.0,,,0.0,0.0,0.0,50.0,50.0,0.0,50.0,0.9,0.09999999999999998,0.0,0.0,0.0,0.0,0.0,0.0,0.0,
1765986830.3778026,eth-updown-15m-1765986300,1765986300.0,1765987200.0,,369.62219738960266,,,,,0,0,0.99,0.98,IDLE,,,,,,,,,,,,,,0,5,,,,,,,,,,,,,,,,,,,,CAP_FULL,,,,,,,,25.0,25.0,,,,,0,0,,,Inv: 25.0/25.0 CapLeft: 0.0,,,25.0,25.0,50.0,0.0,50.0,0.0,50.0,0.97,0.030000000000000027,5.0,0.4,0.6,0.0,5.0,0.0,0.002,OK
1765986832.3092237,eth-updown-15m-1765986300,1765986300.0,1765987200.0,,367.690776348114,,,,,0,0,0.9,0.98,ORDERS_OPEN,,,,,,,,,,,,,,0,5,,,,,,,,,,,,,,,,,,,,,,,,,,,,0.0,0.0,,,,,0,0,,,Inv: 0.0/0.0 CapLeft: 50.0,,,0.0,0.0,0.0,50.0,50.0,0.0,50.0,0.9,0.09999999999999998,0.0,0.0,0.0,0.0,0.0,0.0,0.0,
1765986832.3363886,eth-updown-15m-1765986300,1765986300.0,1765987200.0,,367.66361141204834,,,,,0,0,0.99,0.98,IDLE,,,,,,,,,,,,,,0,5,,,,,,,,,,,,,,,,,,,,CAP_FULL,,,,,,,,25.0,25.0,,,,,0,0,,,Inv: 25.0/25.0 CapLeft: 0.0,,,25.0,25.0,50.0,0.0,50.0,0.0,50.0,0.97,0.030000000000000027,5.0,0.4,0.6,0.0,5.0,0.0,0.002,OK
1765986833.8109024,eth-updown-15m-1765986300,1765986300.0,1765987200.0,,366.18909764289856,,,,,0,0,0.9,0.98,ORDERS_OPEN,,,,,,,,,,,,,,0,5,,,,,,,,,,,,,,,,,,,,,,,,,,,,0.0,0.0,,,,,0,0,,,Inv: 0.0/0.0 CapLeft: 50.0,,,0.0,0.0,0.0,50.0,50.0,0.0,50.0,0.9,0.09999999999999998,0.0,0.0,0.0,0.0,0.0,0.0,0.0,
1765986834.3574178,eth-updown-15m-1765986300,1765986300.0,1765987200.0,,365.64258217811584,,,,,0,0,0.99,0.98,IDLE,,,,,,,,,,,,,,0,5,,,,,,,,,,,,,,,,,,,,CAP_FULL,,,,,,,,25.0,25.0,,,,,0,0,,,Inv: 25.0/25.0 CapLeft: 0.0,,,25.0,25.0,50.0,0.0,50.0,0.0,50.0,0.97,0.030000000000000027,5.0,0.4,0.6,0.0,5.0,0.0,0.002,OK
1765986835.312417,eth-updown-15m-1765986300,1765986300.0,1765987200.0,,364.6875829696655,,,,,0,0,0.9,0.98,ORDERS_OPEN,,,,,,,,,,,,,,0,5,,,,,,,,,,,,,,,,,,,,,,,,,,,,0.0,0.0,,,,,0,0,,,Inv: 0.0/0.0 CapLeft: 50.0,,,0.0,0.0,0.0,50.0,50.0,0.0,50.0,0.9,0.09999999999999998,0.0,0.0,0.0,0.0,0.0,0.0,0.0,
1765986836.814652,eth-updown-15m-1765986300,1765986300.0,1765987200.0,,363.18534803390503,,,,,0,0,0.9,0.98,ORDERS_OPEN,,,,,,,,,,,,,,0,5,,,,,,,,,,,,,,,,,,,,,,,,,,,,0.0,0.0,,,,,0,0,,,Inv: 0.0/0.0 CapLeft: 50.0,,,0.0,0.0,0.0,50.0,50.0,0.0,50.0,0.9,0.09999999999999998,0.0,0.0,0.0,0.0,0.0,0.0,0.0,
1765986836.3559911,eth-updown-15m-1765986300,1765986300.0,1765987200.0,,363.6440088748932,,,,,0,0,0.99,0.98,IDLE,,,,,,,,,,,,,,0,5,,,,,,,,,,,,,,,,,,,,CAP_FULL,,,,,,,,25.0,25.0,,,,,0,0,,,Inv: 25.0/25.0 CapLeft: 0.0,,,25.0,25.0,50.0,0.0,50.0,0.0,50.0,0.97,0.030000000000000027,5.0,0.4,0.6,0.0,5.0,0.0,0.002,OK
1765986838.3166697,eth-updown-15m-1765986300,1765986300.0,1765987200.0,,361.6833302974701,,,,,0,0,0.9,0.98,ORDERS_OPEN,,,,,,,,,,,,,,0,5,,,,,,,,,,,,,,,,,,,,,,,,,,,,0.0,0.0,,,,,0,0,,,Inv: 0.0/0.0 CapLeft: 50.0,,,0.0,0.0,0.0,50.0,50.0,0.0,50.0,0.9,0.09999999999999998,0.0,0.0,0.0,0.0,0.0,0.0,0.0,
1765986838.318691,eth-updown-15m-1765986300,1765986300.0,1765987200.0,,361.68130898475647,,,,,0,0,0.99,0.98,IDLE,,,,,,,,,,,,,,0,5,,,,,,,,,,,,,,,,,,,,CAP_FULL,,,,,,,,25.0,25.0,,,,,0,0,,,Inv: 25.0/25.0 CapLeft: 0.0,,,25.0,25.0,50.0,0.0,50.0,0.0,50.0,0.97,0.030000000000000027,5.0,0.4,0.6,0.0,5.0,0.0,0.002,OK
1765986839.817534,eth-updown-15m-1765986300,1765986300.0,1765987200.0,,360.18246603012085,,,,,0,0,0.9,0.98,ORDERS_OPEN,,,,,,,,,,,,,,0,5,,,,,,,,,,,,,,,,,,,,,,,,,,,,0.0,0.0,,,,,0,0,,,Inv: 0.0/0.0 CapLeft: 50.0,,,0.0,0.0,0.0,50.0,50.0,0.0,50.0,0.9,0.09999999999999998,0.0,0.0,0.0,0.0,0.0,0.0,0.0,
1765986840.316753,eth-updown-15m-1765986300,1765986300.0,1765987200.0,,359.683247089386,,,,,0,0,0.99,0.98,IDLE,,,,,,,,,,,,,,0,5,,,,,,,,,,,,,,,,,,,,CAP_FULL,,,,,,,,25.0,25.0,,,,,0,0,,,Inv: 25.0/25.0 CapLeft: 0.0,,,25.0,25.0,50.0,0.0,50.0,0.0,50.0,0.97,0.030000000000000027,5.0,0.4,0.6,0.0,5.0,0.0,0.002,OK
1765986841.319157,eth-updown-15m-1765986300,1765986300.0,1765987200.0,,358.6808431148529,,,,,0,0,0.9,0.98,ORDERS_OPEN,,,,,,,,,,,,,,0,5,,,,,,,,,,,,,,,,,,,,,,,,,,,,0.0,0.0,,,,,0,0,,,Inv: 0.0/0.0 CapLeft: 50.0,,,0.0,0.0,0.0,50.0,50.0,0.0,50.0,0.9,0.09999999999999998,0.0,0.0,0.0,0.0,0.0,0.0,0.0,
1765986842.8205202,eth-updown-15m-1765986300,1765986300.0,1765987200.0,,357.1794798374176,,,,,0,0,0.9,0.98,ORDERS_OPEN,,,,,,,,,,,,,,0,5,,,,,,,,,,,,,,,,,,,,,,,,,,,,0.0,0.0,,,,,0,0,,,Inv: 0.0/0.0 CapLeft: 50.0,,,0.0,0.0,0.0,50.0,50.0,0.0,50.0,0.9,0.09999999999999998,0.0,0.0,0.0,0.0,0.0,0.0,0.0,
1765986842.280337,eth-updown-15m-1765986300,1765986300.0,1765987200.0,,357.7196629047394,,,,,0,0,0.99,0.98,IDLE,,,,,,,,,,,,,,0,5,,,,,,,,,,,,,,,,,,,,CAP_FULL,,,,,,,,25.0,25.0,,,,,0,0,,,Inv: 25.0/25.0 CapLeft: 0.0,,,25.0,25.0,50.0,0.0,50.0,0.0,50.0,0.97,0.030000000000000027,5.0,0.4,0.6,0.0,5.0,0.0,0.002,OK
1765986844.3220067,eth-updown-15m-1765986300,1765986300.0,1765987200.0,,355.6779932975769,,,,,0,0,0.9,0.98,ORDERS_OPEN,,,,,,,,,,,,,,0,5,,,,,,,,,,,,,,,,,,,,,,,,,,,,0.0,0.0,,,,,0,0,,,Inv: 0.0/0.0 CapLeft: 50.0,,,0.0,0.0,0.0,50.0,50.0,0.0,50.0,0.9,0.09999999999999998,0.0,0.0,0.0,0.0,0.0,0.0,0.0,
1765986844.3320878,eth-updown-15m-1765986300,1765986300.0,1765987200.0,,355.66791224479675,,,,,0,0,0.99,0.98,IDLE,,,,,,,,,,,,,,0,5,,,,,,,,,,,,,,,,,,,,CAP_FULL,,,,,,,,25.0,25.0,,,,,0,0,,,Inv: 25.0/25.0 CapLeft: 0.0,,,25.0,25.0,50.0,0.0,50.0,0.0,50.0,0.97,0.030000000000000027,5.0,0.4,0.6,0.0,5.0,0.0,0.002,OK
1765986846.309654,eth-updown-15m-1765986300,1765986300.0,1765987200.0,,353.69034600257874,,,,,0,0,0.99,0.98,IDLE,,,,,,,,,,,,,,0,5,,,,,,,,,,,,,,,,,,,,CAP_FULL,,,,,,,,25.0,25.0,,,,,0,0,,,Inv: 25.0/25.0 CapLeft: 0.0,,,25.0,25.0,50.0,0.0,50.0,0.0,50.0,0.97,0.030000000000000027,5.0,0.4,0.6,0.0,5.0,0.0,0.002,OK
1765986847.3262076,eth-updown-15m-1765986300,1765986300.0,1765987200.0,,352.67379236221313,,,,,0.45,0.45,0.9,0.98,ORDERS_OPEN,,,,,,,,,,,,,,5,5,,,,,,,,,,,,,,,,,,,,Leg:BOTH UP:5 DOWN:5,,,,,,,,0.0,0.0,,,,,0,0,,,Inv: 0.0/0.0 CapLeft: 50.0,,,0.0,0.0,0.0,50.0,50.0,0.0,50.0,0.9,0.09999999999999998,0.0,0.0,0.0,0.0,0.0,0.0,0.0,
1765986848.2547474,eth-updown-15m-1765986300,1765986300.0,1765987200.0,,351.74525260925293,,,,,0,0,0.99,0.98,IDLE,,,,,,,,,,,,,,0,5,,,,,,,,,,,,,,,,,,,,CAP_FULL,,,,,,,,25.0,25.0,,,,,0,0,,,Inv: 25.0/25.0 CapLeft: 0.0,,,25.0,25.0,50.0,0.0,50.0,0.0,50.0,0.97,0.030000000000000027,5.0,0.4,0.6,0.0,5.0,0.0,0.002,OK
1765986848.827776,eth-updown-15m-1765986300,1765986300.0,1765987200.0,,351.1722240447998,,,,,0,0,0.9,0.98,ORDERS_OPEN,,,,,,,,,,,,,,0,5,,,,,,,,,,,,,,,,,,,,,,,,,,,,0.0,0.0,,,,,0,0,,,Inv: 0.0/0.0 CapLeft: 50.0,,,0.0,0.0,0.0,50.0,50.0,0.0,50.0,0.9,0.09999999999999998,0.0,0.0,0.0,0.0,0.0,0.0,0.0,
1765986850.329924,eth-updown-15m-1765986300,1765986300.0,1765987200.0,,349.6700758934021,,,,,0,0,0.9,0.98,ORDERS_OPEN,,,,,,,,,,,,,,0,5,,,,,,,,,,,,,,,,,,,,,,,,,,,,0.0,0.0,,,,,0,0,,,Inv: 0.0/0.0 CapLeft: 50.0,,,0.0,0.0,0.0,50.0,50.0,0.0,50.0,0.9,0.09999999999999998,0.0,0.0,0.0,0.0,0.0,0.0,0.0,
1765986850.2255812,eth-updown-15m-1765986300,1765986300.0,1765987200.0,,349.7744188308716,,,,,0,0,0.99,0.98,IDLE,,,,,,,,,,,,,,0,5,,,,,,,,,,,,,,,,,,,,CAP_FULL,,,,,,,,25.0,25.0,,,,,0,0,,,Inv: 25.0/25.0 CapLeft: 0.0,,,25.0,25.0,50.0,0.0,50.0,0.0,50.0,0.97,0.030000000000000027,5.0,0.4,0.6,0.0,5.0,0.0,0.002,OK
1765986851.8320704,eth-updown-15m-1765986300,1765986300.0,1765987200.0,,348.167929649353,,,,,0,0,0.9,0.98,ORDERS_OPEN,,,,,,,,,,,,,,0,5,,,,,,,,,,,,,,,,,,,,,,,,,,,,0.0,0.0,,,,,0,0,,,Inv: 0.0/0.0 CapLeft: 50.0,,,0.0,0.0,0.0,50.0,50.0,0.0,50.0,0.9,0.09999999999999998,0.0,0.0,0.0,0.0,0.0,0.0,0.0,
1765986852.219265,eth-updown-15m-1765986300,1765986300.0,1765987200.0,,347.78073501586914,,,,,0,0,0.99,0.98,IDLE,,,,,,,,,,,,,,0,5,,,,,,,,,,,,,,,,,,,,CAP_FULL,,,,,,,,25.0,25.0,,,,,0,0,,,Inv: 25.0/25.0 CapLeft: 0.0,,,25.0,25.0,50.0,0.0,50.0,0.0,50.0,0.97,0.030000000000000027,5.0,0.4,0.6,0.0,5.0,0.0,0.002,OK
1765986853.3340747,eth-updown-15m-1765986300,1765986300.0,1765987200.0,,346.6659252643585,,,,,0,0,0.9,0.98,ORDERS_OPEN,,,,,,,,,,,,,,0,5,,,,,,,,,,,,,,,,,,,,,,,,,,,,0.0,0.0,,,,,0,0,,,Inv: 0.0/0.0 CapLeft: 50.0,,,0.0,0.0,0.0,50.0,50.0,0.0,50.0,0.9,0.09999999999999998,0.0,0.0,0.0,0.0,0.0,0.0,0.0,
1765986854.8360248,eth-updown-15m-1765986300,1765986300.0,1765987200.0,,345.16397523880005,,,,,0,0,0.9,0.98,ORDERS_OPEN,,,,,,,,,,,,,,0,5,,,,,,,,,,,,,,,,,,,,,,,,,,,,0.0,0.0,,,,,0,0,,,Inv: 0.0/0.0 CapLeft: 50.0,,,0.0,0.0,0.0,50.0,50.0,0.0,50.0,0.9,0.09999999999999998,0.0,0.0,0.0,0.0,0.0,0.0,0.0,
1765986854.5200815,eth-updown-15m-1765986300,1765986300.0,1765987200.0,,345.47991847991943,,,,,0,0,0.99,0.98,IDLE,,,,,,,,,,,,,,0,5,,,,,,,,,,,,,,,,,,,,CAP_FULL,,,,,,,,25.0,25.0,,,,,0,0,,,Inv: 25.0/25.0 CapLeft: 0.0,,,25.0,25.0,50.0,0.0,50.0,0.0,50.0,0.97,0.030000000000000027,5.0,0.4,0.6,0.0,5.0,0.0,0.002,OK
1765986856.3377361,eth-updown-15m-1765986300,1765986300.0,1765987200.0,,343.66226387023926,,,,,0,0,0.9,0.98,ORDERS_OPEN,,,,,,,,,,,,,,0,5,,,,,,,,,,,,,,,,,,,,,,,,,,,,0.0,0.0,,,,,0,0,,,Inv: 0.0/0.0 CapLeft: 50.0,,,0.0,0.0,0.0,50.0,50.0,0.0,50.0,0.9,0.09999999999999998,0.0,0.0,0.0,0.0,0.0,0.0,0.0,
1765986856.4593468,eth-updown-15m-1765986300,1765986300.0,1765987200.0,,343.54065322875977,,,,,0,0,0.99,0.98,IDLE,,,,,,,,,,,,,,0,5,,,,,,,,,,,,,,,,,,,,CAP_FULL,,,,,,,,25.0,25.0,,,,,0,0,,,Inv: 25.0/25.0 CapLeft: 0.0,,,25.0,25.0,50.0,0.0,50.0,0.0,50.0,0.97,0.030000000000000027,5.0,0.4,0.6,0.0,5.0,0.0,0.002,OK
1765986857.8394966,eth-updown-15m-1765986300,1765986300.0,1765987200.0,,342.1605033874512,,,,,0,0,0.9,0.98,ORDERS_OPEN,,,,,,,,,,,,,,0,5,,,,,,,,,,,,,,,,,,,,,,,,,,,,0.0,0.0,,,,,0,0,,,Inv: 0.0/0.0 CapLeft: 50.0,,,0.0,0.0,0.0,50.0,50.0,0.0,50.0,0.9,0.09999999999999998,0.0,0.0,0.0,0.0,0.0,0.0,0.0,
1765986858.3828523,eth-updown-15m-1765986300,1765986300.0,1765987200.0,,341.6171476840973,,,,,0,0,0.99,0.98,IDLE,,,,,,,,,,,,,,0,5,,,,,,,,,,,,,,,,,,,,CAP_FULL,,,,,,,,25.0,25.0,,,,,0,0,,,Inv: 25.0/25.0 CapLeft: 0.0,,,25.0,25.0,50.0,0.0,50.0,0.0,50.0,0.97,0.030000000000000027,5.0,0.4,0.6,0.0,5.0,0.0,0.002,OK
1765986859.3411953,eth-updown-15m-1765986300,1765986300.0,1765987200.0,,340.6588046550751,,,,,0,0,0.9,0.98,ORDERS_OPEN,,,,,,,,,,,,,,0,5,,,,,,,,,,,,,,,,,,,,,,,,,,,,0.0,0.0,,,,,0,0,,,Inv: 0.0/0.0 CapLeft: 50.0,,,0.0,0.0,0.0,50.0,50.0,0.0,50.0,0.9,0.09999999999999998,0.0,0.0,0.0,0.0,0.0,0.0,0.0,
1765986860.3340478,eth-updown-15m-1765986300,1765986300.0,1765987200.0,,339.66595220565796,,,,,0,0,0.99,0.98,IDLE,,,,,,,,,,,,,,0,5,,,,,,,,,,,,,,,,,,,,CAP_FULL,,,,,,,,25.0,25.0,,,,,0,0,,,Inv: 25.0/25.0 CapLeft: 0.0,,,25.0,25.0,50.0,0.0,50.0,0.0,50.0,0.97,0.030000000000000027,5.0,0.4,0.6,0.0,5.0,0.0,0.002,OK
1765986860.8431325,eth-updown-15m-1765986300,1765986300.0,1765987200.0,,339.1568675041199,,,,,0,0,0.9,0.98,ORDERS_OPEN,,,,,,,,,,,,,,0,5,,,,,,,,,,,,,,,,,,,,,,,,,,,,0.0,0.0,,,,,0,0,,,Inv: 0.0/0.0 CapLeft: 50.0,,,0.0,0.0,0.0,50.0,50.0,0.0,50.0,0.9,0.09999999999999998,0.0,0.0,0.0,0.0,0.0,0.0,0.0,
1765986862.2783382,eth-updown-15m-1765986300,1765986300.0,1765987200.0,,337.72166180610657,,,,,0,0,0.99,0.98,IDLE,,,,,,,,,,,,,,0,5,,,,,,,,,,,,,,,,,,,,CAP_FULL,,,,,,,,25.0,25.0,,,,,0,0,,,Inv: 25.0/25.0 CapLeft: 0.0,,,25.0,25.0,50.0,0.0,50.0,0.0,50.0,0.97,0.030000000000000027,5.0,0.4,0.6,0.0,5.0,0.0,0.002,OK
1765986863.845919,eth-updown-15m-1765986300,1765986300.0,1765987200.0,,336.1540811061859,,,,,0.45,0.45,0.9,0.98,ORDERS_OPEN,,,,,,,,,,,,,,5,5,,,,,,,,,,,,,,,,,,,,Leg:BOTH UP:5 DOWN:5,,,,,,,,0.0,0.0,,,,,0,0,,,Inv: 0.0/0.0 CapLeft: 50.0,,,0.0,0.0,0.0,50.0,50.0,0.0,50.0,0.9,0.09999999999999998,0.0,0.0,0.0,0.0,0.0,0.0,0.0,
1765986864.2383559,eth-updown-15m-1765986300,1765986300.0,1765987200.0,,335.76164412498474,,,,,0,0,0.99,0.98,IDLE,,,,,,,,,,,,,,0,5,,,,,,,,,,,,,,,,,,,,CAP_FULL,,,,,,,,25.0,25.0,,,,,0,0,,,Inv: 25.0/25.0 CapLeft: 0.0,,,25.0,25.0,50.0,0.0,50.0,0.0,50.0,0.97,0.030000000000000027,5.0,0.4,0.6,0.0,5.0,0.0,0.002,OK
1765986865.3482063,eth-updown-15m-1765986300,1765986300.0,1765987200.0,,334.651793718338,,,,,0,0,0.9,0.98,ORDERS_OPEN,,,,,,,,,,,,,,0,5,,,,,,,,,,,,,,,,,,,,,,,,,,,,0.0,0.0,,,,,0,0,,,Inv: 0.0/0.0 CapLeft: 50.0,,,0.0,0.0,0.0,50.0,50.0,0.0,50.0,0.9,0.09999999999999998,0.0,0.0,0.0,0.0,0.0,0.0,0.0,
1765986866.2329383,eth-updown-15m-1765986300,1765986300.0,1765987200.0,,333.76706171035767,,,,,0,0,0.99,0.98,IDLE,,,,,,,,,,,,,,0,5,,,,,,,,,,,,,,,,,,,,CAP_FULL,,,,,,,,25.0,25.0,,,,,0,0,,,Inv: 25.0/25.0 CapLeft: 0.0,,,25.0,25.0,50.0,0.0,50.0,0.0,50.0,0.97,0.030000000000000027,5.0,0.4,0.6,0.0,5.0,0.0,0.002,OK
1765986866.8503313,eth-updown-15m-1765986300,1765986300.0,1765987200.0,,333.1496686935425,,,,,0,0,0.9,0.98,ORDERS_OPEN,,,,,,,,,,,,,,0,5,,,,,,,,,,,,,,,,,,,,,,,,,,,,0.0,0.0,,,,,0,0,,,Inv: 0.0/0.0 CapLeft: 50.0,,,0.0,0.0,0.0,50.0,50.0,0.0,50.0,0.9,0.09999999999999998,0.0,0.0,0.0,0.0,0.0,0.0,0.0,
1765986868.3539584,eth-updown-15m-1765986300,1765986300.0,1765987200.0,,331.6460416316986,,,,,0,0,0.9,0.98,ORDERS_OPEN,,,,,,,,,,,,,,0,5,,,,,,,,,,,,,,,,,,,,,,,,,,,,0.0,0.0,,,,,0,0,,,Inv: 0.0/0.0 CapLeft: 50.0,,,0.0,0.0,0.0,50.0,50.0,0.0,50.0,0.9,0.09999999999999998,0.0,0.0,0.0,0.0,0.0,0.0,0.0,
1765986868.1766114,eth-updown-15m-1765986300,1765986300.0,1765987200.0,,331.82338857650757,,,,,0,0,0.99,0.98,IDLE,,,,,,,,,,,,,,0,5,,,,,,,,,,,,,,,,,,,,CAP_FULL,,,,,,,,25.0,25.0,,,,,0,0,,,Inv: 25.0/25.0 CapLeft: 0.0,,,25.0,25.0,50.0,0.0,50.0,0.0,50.0,0.97,0.030000000000000027,5.0,0.4,0.6,0.0,5.0,0.0,0.002,OK
1765986869.8558366,eth-updown-15m-1765986300,1765986300.0,1765987200.0,,330.14416337013245,,,,,0,0,0.9,0.98,ORDERS_OPEN,,,,,,,,,,,,,,0,5,,,,,,,,,,,,,,,,,,,,,,,,,,,,0.0,0.0,,,,,0,0,,,Inv: 0.0/0.0 CapLeft: 50.0,,,0.0,0.0,0.0,50.0,50.0,0.0,50.0,0.9,0.09999999999999998,0.0,0.0,0.0,0.0,0.0,0.0,0.0,
1765986870.1779044,eth-updown-15m-1765986300,1765986300.0,1765987200.0,,329.8220956325531,,,,,0,0,0.99,0.98,IDLE,,,,,,,,,,,,,,0,5,,,,,,,,,,,,,,,,,,,,CAP_FULL,,,,,,,,25.0,25.0,,,,,0,0,,,Inv: 25.0/25.0 CapLeft: 0.0,,,25.0,25.0,50.0,0.0,50.0,0.0,50.0,0.97,0.030000000000000027,5.0,0.4,0.6,0.0,5.0,0.0,0.002,OK
1765986871.357362,eth-updown-15m-1765986300,1765986300.0,1765987200.0,,328.64263796806335,,,,,0,0,0.9,0.98,ORDERS_OPEN,,,,,,,,,,,,,,0,5,,,,,,,,,,,,,,,,,,,,,,,,,,,,0.0,0.0,,,,,0,0,,,Inv: 0.0/0.0 CapLeft: 50.0,,,0.0,0.0,0.0,50.0,50.0,0.0,50.0,0.9,0.09999999999999998,0.0,0.0,0.0,0.0,0.0,0.0,0.0,
1765986872.1512256,eth-updown-15m-1765986300,1765986300.0,1765987200.0,,327.848774433136,,,,,0,0,0.99,0.98,IDLE,,,,,,,,,,,,,,0,5,,,,,,,,,,,,,,,,,,,,CAP_FULL,,,,,,,,25.0,25.0,,,,,0,0,,,Inv: 25.0/25.0 CapLeft: 0.0,,,25.0,25.0,50.0,0.0,50.0,0.0,50.0,0.97,0.030000000000000027,5.0,0.4,0.6,0.0,5.0,0.0,0.002,OK
1765986872.8606894,eth-updown-15m-1765986300,1765986300.0,1765987200.0,,327.1393105983734,,,,,0,0,0.9,0.98,ORDERS_OPEN,,,,,,,,,,,,,,0,5,,,,,,,,,,,,,,,,,,,,,,,,,,,,0.0,0.0,,,,,0,0,,,Inv: 0.0/0.0 CapLeft: 50.0,,,0.0,0.0,0.0,50.0,50.0,0.0,50.0,0.9,0.09999999999999998,0.0,0.0,0.0,0.0,0.0,0.0,0.0,
1765986874.3631294,eth-updown-15m-1765986300,1765986300.0,1765987200.0,,325.6368706226349,,,,,0,0,0.9,0.98,ORDERS_OPEN,,,,,,,,,,,,,,0,5,,,,,,,,,,,,,,,,,,,,,,,,,,,,0.0,0.0,,,,,0,0,,,Inv: 0.0/0.0 CapLeft: 50.0,,,0.0,0.0,0.0,50.0,50.0,0.0,50.0,0.9,0.09999999999999998,0.0,0.0,0.0,0.0,0.0,0.0,0.0,
1765986874.0939794,eth-updown-15m-1765986300,1765986300.0,1765987200.0,,325.9060206413269,,,,,0,0,0.99,0.98,IDLE,,,,,,,,,,,,,,0,5,,,,,,,,,,,,,,,,,,,,CAP_FULL,,,,,,,,25.0,25.0,,,,,0,0,,,Inv: 25.0/25.0 CapLeft: 0.0,,,25.0,25.0,50.0,0.0,50.0,0.0,50.0,0.97,0.030000000000000027,5.0,0.4,0.6,0.0,5.0,0.0,0.002,OK
1765986875.8648598,eth-updown-15m-1765986300,1765986300.0,1765987200.0,,324.13514018058777,,,,,0,0,0.9,0.98,ORDERS_OPEN,,,,,,,,,,,,,,0,5,,,,,,,,,,,,,,,,,,,,,,,,,,,,0.0,0.0,,,,,0,0,,,Inv: 0.0/0.0 CapLeft: 50.0,,,0.0,0.0,0.0,50.0,50.0,0.0,50.0,0.9,0.09999999999999998,0.0,0.0,0.0,0.0,0.0,0.0,0.0,
1765986876.0535245,eth-updown-15m-1765986300,1765986300.0,1765987200.0,,323.94647550582886,,,,,0,0,0.99,0.98,IDLE,,,,,,,,,,,,,,0,5,,,,,,,,,,,,,,,,,,,,CAP_FULL,,,,,,,,25.0,25.0,,,,,0,0,,,Inv: 25.0/25.0 CapLeft: 0.0,,,25.0,25.0,50.0,0.0,50.0,0.0,50.0,0.97,0.030000000000000027,5.0,0.4,0.6,0.0,5.0,0.0,0.002,OK
1765986877.3668714,eth-updown-15m-1765986300,1765986300.0,1765987200.0,,322.6331286430359,,,,,0,0,0.9,0.98,ORDERS_OPEN,,,,,,,,,,,,,,0,5,,,,,,,,,,,,,,,,,,,,,,,,,,,,0.0,0.0,,,,,0,0,,,Inv: 0.0/0.0 CapLeft: 50.0,,,0.0,0.0,0.0,50.0,50.0,0.0,50.0,0.9,0.09999999999999998,0.0,0.0,0.0,0.0,0.0,0.0,0.0,
1765986877.9883902,eth-updown-15m-1765986300,1765986300.0,1765987200.0,,322.01160979270935,,,,,0,0,0.99,0.98,IDLE,,,,,,,,,,,,,,0,5,,,,,,,,,,,,,,,,,,,,CAP_FULL,,,,,,,,25.0,25.0,,,,,0,0,,,Inv: 25.0/25.0 CapLeft: 0.0,,,25.0,25.0,50.0,0.0,50.0,0.0,50.0,0.97,0.030000000000000027,5.0,0.4,0.6,0.0,5.0,0.0,0.002,OK
1765986880.3696551,eth-updown-15m-1765986300,1765986300.0,1765987200.0,,319.6303448677063,,,,,0.45,0.45,0.9,0.98,ORDERS_OPEN,,,,,,,,,,,,,,5,5,,,,,,,,,,,,,,,,,,,,Leg:BOTH UP:5 DOWN:5,,,,,,,,0.0,0.0,,,,,0,0,,,Inv: 0.0/0.0 CapLeft: 50.0,,,0.0,0.0,0.0,50.0,50.0,0.0,50.0,0.9,0.09999999999999998,0.0,0.0,0.0,0.0,0.0,0.0,0.0,
1765986879.938806,eth-updown-15m-1765986300,1765986300.0,1765987200.0,,320.0611939430237,,,,,0,0,0.99,0.98,IDLE,,,,,,,,,,,,,,0,5,,,,,,,,,,,,,,,,,,,,CAP_FULL,,,,,,,,25.0,25.0,,,,,0,0,,,Inv: 25.0/25.0 CapLeft: 0.0,,,25.0,25.0,50.0,0.0,50.0,0.0,50.0,0.97,0.030000000000000027,5.0,0.4,0.6,0.0,5.0,0.0,0.002,OK
1765986881.8720286,eth-updown-15m-1765986300,1765986300.0,1765987200.0,,318.12797141075134,,,,,0,0,0.9,0.98,ORDERS_OPEN,,,,,,,,,,,,,,0,5,,,,,,,,,,,,,,,,,,,,,,,,,,,,0.0,0.0,,,,,0,0,,,Inv: 0.0/0.0 CapLeft: 50.0,,,0.0,0.0,0.0,50.0,50.0,0.0,50.0,0.9,0.09999999999999998,0.0,0.0,0.0,0.0,0.0,0.0,0.0,
1765986881.9219859,eth-updown-15m-1765986300,1765986300.0,1765987200.0,,318.0780141353607,,,,,0,0,0.99,0.98,IDLE,,,,,,,,,,,,,,0,5,,,,,,,,,,,,,,,,,,,,CAP_FULL,,,,,,,,25.0,25.0,,,,,0,0,,,Inv: 25.0/25.0 CapLeft: 0.0,,,25.0,25.0,50.0,0.0,50.0,0.0,50.0,0.97,0.030000000000000027,5.0,0.4,0.6,0.0,5.0,0.0,0.002,OK
1765986883.3738165,eth-updown-15m-1765986300,1765986300.0,1765987200.0,,316.62618350982666,,,,,0,0,0.9,0.98,ORDERS_OPEN,,,,,,,,,,,,,,0,5,,,,,,,,,,,,,,,,,,,,,,,,,,,,0.0,0.0,,,,,0,0,,,Inv: 0.0/0.0 CapLeft: 50.0,,,0.0,0.0,0.0,50.0,50.0,0.0,50.0,0.9,0.09999999999999998,0.0,0.0,0.0,0.0,0.0,0.0,0.0,
1765986883.8738217,eth-updown-15m-1765986300,1765986300.0,1765987200.0,,316.1261782646179,,,,,0,0,0.99,0.98,IDLE,,,,,,,,,,,,,,0,5,,,,,,,,,,,,,,,,,,,,CAP_FULL,,,,,,,,25.0,25.0,,,,,0,0,,,Inv: 25.0/25.0 CapLeft: 0.0,,,25.0,25.0,50.0,0.0,50.0,0.0,50.0,0.97,0.030000000000000027,5.0,0.4,0.6,0.0,5.0,0.0,0.002,OK
1765986884.8752985,eth-updown-15m-1765986300,1765986300.0,1765987200.0,,315.12470149993896,,,,,0,0,0.9,0.98,ORDERS_OPEN,,,,,,,,,,,,,,0,5,,,,,,,,,,,,,,,,,,,,,,,,,,,,0.0,0.0,,,,,0,0,,,Inv: 0.0/0.0 CapLeft: 50.0,,,0.0,0.0,0.0,50.0,50.0,0.0,50.0,0.9,0.09999999999999998,0.0,0.0,0.0,0.0,0.0,0.0,0.0,
1765986885.8245196,eth-updown-15m-1765986300,1765986300.0,1765987200.0,,314.1754803657532,,,,,0,0,0.99,0.98,IDLE,,,,,,,,,,,,,,0,5,,,,,,,,,,,,,,,,,,,,CAP_FULL,,,,,,,,25.0,25.0,,,,,0,0,,,Inv: 25.0/25.0 CapLeft: 0.0,,,25.0,25.0,50.0,0.0,50.0,0.0,50.0,0.97,0.030000000000000027,5.0,0.4,0.6,0.0,5.0,0.0,0.002,OK
1765986886.3773363,eth-updown-15m-1765986300,1765986300.0,1765987200.0,,313.6226637363434,,,,,0,0,0.9,0.98,ORDERS_OPEN,,,,,,,,,,,,,,0,5,,,,,,,,,,,,,,,,,,,,,,,,,,,,0.0,0.0,,,,,0,0,,,Inv: 0.0/0.0 CapLeft: 50.0,,,0.0,0.0,0.0,50.0,50.0,0.0,50.0,0.9,0.09999999999999998,0.0,0.0,0.0,0.0,0.0,0.0,0.0,
1765986887.8790767,eth-updown-15m-1765986300,1765986300.0,1765987200.0,,312.12092328071594,,,,,0,0,0.9,0.98,ORDERS_OPEN,,,,,,,,,,,,,,0,5,,,,,,,,,,,,,,,,,,,,,,,,,,,,0.0,0.0,,,,,0,0,,,Inv: 0.0/0.0 CapLeft: 50.0,,,0.0,0.0,0.0,50.0,50.0,0.0,50.0,0.9,0.09999999999999998,0.0,0.0,0.0,0.0,0.0,0.0,0.0,
1765986887.787307,eth-updown-15m-1765986300,1765986300.0,1765987200.0,,312.2126929759979,,,,,0,0,0.99,0.98,IDLE,,,,,,,,,,,,,,0,5,,,,,,,,,,,,,,,,,,,,CAP_FULL,,,,,,,,25.0,25.0,,,,,0,0,,,Inv: 25.0/25.0 CapLeft: 0.0,,,25.0,25.0,50.0,0.0,50.0,0.0,50.0,0.97,0.030000000000000027,5.0,0.4,0.6,0.0,5.0,0.0,0.002,OK
1765986889.380863,eth-updown-15m-1765986300,1765986300.0,1765987200.0,,310.6191370487213,,,,,0,0,0.9,0.98,ORDERS_OPEN,,,,,,,,,,,,,,0,5,,,,,,,,,,,,,,,,,,,,,,,,,,,,0.0,0.0,,,,,0,0,,,Inv: 0.0/0.0 CapLeft: 50.0,,,0.0,0.0,0.0,50.0,50.0,0.0,50.0,0.9,0.09999999999999998,0.0,0.0,0.0,0.0,0.0,0.0,0.0,
1765986889.7892027,eth-updown-15m-1765986300,1765986300.0,1765987200.0,,310.2107973098755,,,,,0,0,0.99,0.98,IDLE,,,,,,,,,,,,,,0,5,,,,,,,,,,,,,,,,,,,,CAP_FULL,,,,,,,,25.0,25.0,,,,,0,0,,,Inv: 25.0/25.0 CapLeft: 0.0,,,25.0,25.0,50.0,0.0,50.0,0.0,50.0,0.97,0.030000000000000027,5.0,0.4,0.6,0.0,5.0,0.0,0.002,OK
1765986890.882908,eth-updown-15m-1765986300,1765986300.0,1765987200.0,,309.1170918941498,,,,,0,0,0.9,0.98,ORDERS_OPEN,,,,,,,,,,,,,,0,5,,,,,,,,,,,,,,,,,,,,,,,,,,,,0.0,0.0,,,,,0,0,,,Inv: 0.0/0.0 CapLeft: 50.0,,,0.0,0.0,0.0,50.0,50.0,0.0,50.0,0.9,0.09999999999999998,0.0,0.0,0.0,0.0,0.0,0.0,0.0,
1765986891.8135164,eth-updown-15m-1765986300,1765986300.0,1765987200.0,,308.1864836215973,,,,,0,0,0.99,0.98,IDLE,,,,,,,,,,,,,,0,5,,,,,,,,,,,,,,,,,,,,CAP_FULL,,,,,,,,25.0,25.0,,,,,0,0,,,Inv: 25.0/25.0 CapLeft: 0.0,,,25.0,25.0,50.0,0.0,50.0,0.0,50.0,0.97,0.030000000000000027,5.0,0.4,0.6,0.0,5.0,0.0,0.002,OK
1765986892.3850179,eth-updown-15m-1765986300,1765986300.0,1765987200.0,,307.6149821281433,,,,,0,0,0.9,0.98,ORDERS_OPEN,,,,,,,,,,,,,,0,5,,,,,,,,,,,,,,,,,,,,,,,,,,,,0.0,0.0,,,,,0,0,,,Inv: 0.0/0.0 CapLeft: 50.0,,,0.0,0.0,0.0,50.0,50.0,0.0,50.0,0.9,0.09999999999999998,0.0,0.0,0.0,0.0,0.0,0.0,0.0,
1765986893.8875196,eth-updown-15m-1765986300,1765986300.0,1765987200.0,,306.1124804019928,,,,,0,0,0.9,0.98,ORDERS_OPEN,,,,,,,,,,,,,,0,5,,,,,,,,,,,,,,,,,,,,,,,,,,,,0.0,0.0,,,,,0,0,,,Inv: 0.0/0.0 CapLeft: 50.0,,,0.0,0.0,0.0,50.0,50.0,0.0,50.0,0.9,0.09999999999999998,0.0,0.0,0.0,0.0,0.0,0.0,0.0,
1765986893.8541665,eth-updown-15m-1765986300,1765986300.0,1765987200.0,,306.14583349227905,,,,,0,0,0.99,0.98,IDLE,,,,,,,,,,,,,,0,5,,,,,,,,,,,,,,,,,,,,CAP_FULL,,,,,,,,25.0,25.0,,,,,0,0,,,Inv: 25.0/25.0 CapLeft: 0.0,,,25.0,25.0,50.0,0.0,50.0,0.0,50.0,0.97,0.030000000000000027,5.0,0.4,0.6,0.0,5.0,0.0,0.002,OK
1765986895.8004599,eth-updown-15m-1765986300,1765986300.0,1765987200.0,,304.19954013824463,,,,,0,0,0.99,0.98,IDLE,,,,,,,,,,,,,,0,5,,,,,,,,,,,,,,,,,,,,CAP_FULL,,,,,,,,25.0,25.0,,,,,0,0,,,Inv: 25.0/25.0 CapLeft: 0.0,,,25.0,25.0,50.0,0.0,50.0,0.0,50.0,0.97,0.030000000000000027,5.0,0.4,0.6,0.0,5.0,0.0,0.002,OK
1765986896.890983,eth-updown-15m-1765986300,1765986300.0,1765987200.0,,303.1090168952942,,,,,0.45,0.45,0.9,0.98,ORDERS_OPEN,,,,,,,,,,,,,,5,5,,,,,,,,,,,,,,,,,,,,Leg:BOTH UP:5 DOWN:5,,,,,,,,0.0,0.0,,,,,0,0,,,Inv: 0.0/0.0 CapLeft: 50.0,,,0.0,0.0,0.0,50.0,50.0,0.0,50.0,0.9,0.09999999999999998,0.0,0.0,0.0,0.0,0.0,0.0,0.0,
1765986897.7572577,eth-updown-15m-1765986300,1765986300.0,1765987200.0,,302.24274230003357,,,,,0,0,0.99,0.98,IDLE,,,,,,,,,,,,,,0,5,,,,,,,,,,,,,,,,,,,,CAP_FULL,,,,,,,,25.0,25.0,,,,,0,0,,,Inv: 25.0/25.0 CapLeft: 0.0,,,25.0,25.0,50.0,0.0,50.0,0.0,50.0,0.97,0.030000000000000027,5.0,0.4,0.6,0.0,5.0,0.0,0.002,OK
1765986898.3927667,eth-updown-15m-1765986300,1765986300.0,1765987200.0,,301.60723328590393,,,,,0,0,0.9,0.98,ORDERS_OPEN,,,,,,,,,,,,,,0,5,,,,,,,,,,,,,,,,,,,,,,,,,,,,0.0,0.0,,,,,0,0,,,Inv: 0.0/0.0 CapLeft: 50.0,,,0.0,0.0,0.0,50.0,50.0,0.0,50.0,0.9,0.09999999999999998,0.0,0.0,0.0,0.0,0.0,0.0,0.0,
1765986899.8978496,eth-updown-15m-1765986300,1765986300.0,1765987200.0,,300.10215044021606,,,,,0,0,0.9,0.98,ORDERS_OPEN,,,,,,,,,,,,,,0,5,,,,,,,,,,,,,,,,,,,,,,,,,,,,0.0,0.0,,,,,0,0,,,Inv: 0.0/0.0 CapLeft: 50.0,,,0.0,0.0,0.0,50.0,50.0,0.0,50.0,0.9,0.09999999999999998,0.0,0.0,0.0,0.0,0.0,0.0,0.0,
1765986899.7072992,eth-updown-15m-1765986300,1765986300.0,1765987200.0,,300.2927007675171,,,,,0,0,0.99,0.98,IDLE,,,,,,,,,,,,,,0,5,,,,,,,,,,,,,,,,,,,,CAP_FULL,,,,,,,,25.0,25.0,,,,,0,0,,,Inv: 25.0/25.0 CapLeft: 0.0,,,25.0,25.0,50.0,0.0,50.0,0.0,50.0,0.97,0.030000000000000027,5.0,0.4,0.6,0.0,5.0,0.0,0.002,OK
1765986901.399881,eth-updown-15m-1765986300,1765986300.0,1765987200.0,,298.6001191139221,,,,,0,0,0.9,0.98,ORDERS_OPEN,,,,,,,,,,,,,,0,5,,,,,,,,,,,,,,,,,,,,,,,,,,,,0.0,0.0,,,,,0,0,,,Inv: 0.0/0.0 CapLeft: 50.0,,,0.0,0.0,0.0,50.0,50.0,0.0,50.0,0.9,0.09999999999999998,0.0,0.0,0.0,0.0,0.0,0.0,0.0,
1765986901.675392,eth-updown-15m-1765986300,1765986300.0,1765987200.0,,298.3246080875397,,,,,0,0,0.99,0.98,IDLE,,,,,,,,,,,,,,0,5,,,,,,,,,,,,,,,,,,,,CAP_FULL,,,,,,,,25.0,25.0,,,,,0,0,,,Inv: 25.0/25.0 CapLeft: 0.0,,,25.0,25.0,50.0,0.0,50.0,0.0,50.0,0.97,0.030000000000000027,5.0,0.4,0.6,0.0,5.0,0.0,0.002,OK
1765986902.9019065,eth-updown-15m-1765986300,1765986300.0,1765987200.0,,297.0980935096741,,,,,0,0,0.9,0.98,ORDERS_OPEN,,,,,,,,,,,,,,0,5,,,,,,,,,,,,,,,,,,,,,,,,,,,,0.0,0.0,,,,,0,0,,,Inv: 0.0/0.0 CapLeft: 50.0,,,0.0,0.0,0.0,50.0,50.0,0.0,50.0,0.9,0.09999999999999998,0.0,0.0,0.0,0.0,0.0,0.0,0.0,
1765986903.7256765,eth-updown-15m-1765986300,1765986300.0,1765987200.0,,296.27432346343994,,,,,0,0,0.99,0.98,IDLE,,,,,,,,,,,,,,0,5,,,,,,,,,,,,,,,,,,,,CAP_FULL,,,,,,,,25.0,25.0,,,,,0,0,,,Inv: 25.0/25.0 CapLeft: 0.0,,,25.0,25.0,50.0,0.0,50.0,0.0,50.0,0.97,0.030000000000000027,5.0,0.4,0.6,0.0,5.0,0.0,0.002,OK
1765986904.4064746,eth-updown-15m-1765986300,1765986300.0,1765987200.0,,295.5935254096985,,,,,0,0,0.9,0.98,ORDERS_OPEN,,,,,,,,,,,,,,0,5,,,,,,,,,,,,,,,,,,,,,,,,,,,,0.0,0.0,,,,,0,0,,,Inv: 0.0/0.0 CapLeft: 50.0,,,0.0,0.0,0.0,50.0,50.0,0.0,50.0,0.9,0.09999999999999998,0.0,0.0,0.0,0.0,0.0,0.0,0.0,
1765986905.908574,eth-updown-15m-1765986300,1765986300.0,1765987200.0,,294.0914258956909,,,,,0,0,0.9,0.98,ORDERS_OPEN,,,,,,,,,,,,,,0,5,,,,,,,,,,,,,,,,,,,,,,,,,,,,0.0,0.0,,,,,0,0,,,Inv: 0.0/0.0 CapLeft: 50.0,,,0.0,0.0,0.0,50.0,50.0,0.0,50.0,0.9,0.09999999999999998,0.0,0.0,0.0,0.0,0.0,0.0,0.0,
1765986905.6572824,eth-updown-15m-1765986300,1765986300.0,1765987200.0,,294.3427176475525,,,,,0,0,0.99,0.98,IDLE,,,,,,,,,,,,,,0,5,,,,,,,,,,,,,,,,,,,,CAP_FULL,,,,,,,,25.0,25.0,,,,,0,0,,,Inv: 25.0/25.0 CapLeft: 0.0,,,25.0,25.0,50.0,0.0,50.0,0.0,50.0,0.97,0.030000000000000027,5.0,0.4,0.6,0.0,5.0,0.0,0.002,OK
1765986907.4106717,eth-updown-15m-1765986300,1765986300.0,1765987200.0,,292.589328289032,,,,,0,0,0.9,0.98,ORDERS_OPEN,,,,,,,,,,,,,,0,5,,,,,,,,,,,,,,,,,,,,,,,,,,,,0.0,0.0,,,,,0,0,,,Inv: 0.0/0.0 CapLeft: 50.0,,,0.0,0.0,0.0,50.0,50.0,0.0,50.0,0.9,0.09999999999999998,0.0,0.0,0.0,0.0,0.0,0.0,0.0,
1765986907.5884216,eth-updown-15m-1765986300,1765986300.0,1765987200.0,,292.41157841682434,,,,,0,0,0.99,0.98,IDLE,,,,,,,,,,,,,,0,5,,,,,,,,,,,,,,,,,,,,CAP_FULL,,,,,,,,25.0,25.0,,,,,0,0,,,Inv: 25.0/25.0 CapLeft: 0.0,,,25.0,25.0,50.0,0.0,50.0,0.0,50.0,0.97,0.030000000000000027,5.0,0.4,0.6,0.0,5.0,0.0,0.002,OK
1765986908.9130883,eth-updown-15m-1765986300,1765986300.0,1765987200.0,,291.0869116783142,,,,,0,0,0.9,0.98,ORDERS_OPEN,,,,,,,,,,,,,,0,5,,,,,,,,,,,,,,,,,,,,,,,,,,,,0.0,0.0,,,,,0,0,,,Inv: 0.0/0.0 CapLeft: 50.0,,,0.0,0.0,0.0,50.0,50.0,0.0,50.0,0.9,0.09999999999999998,0.0,0.0,0.0,0.0,0.0,0.0,0.0,
1765986909.5663805,eth-updown-15m-1765986300,1765986300.0,1765987200.0,,290.43361949920654,,,,,0,0,0.99,0.98,IDLE,,,,,,,,,,,,,,0,5,,,,,,,,,,,,,,,,,,,,CAP_FULL,,,,,,,,25.0,25.0,,,,,0,0,,,Inv: 25.0/25.0 CapLeft: 0.0,,,25.0,25.0,50.0,0.0,50.0,0.0,50.0,0.97,0.030000000000000027,5.0,0.4,0.6,0.0,5.0,0.0,0.002,OK
1765986910.4150357,eth-updown-15m-1765986300,1765986300.0,1765987200.0,,289.5849642753601,,,,,0,0,0.9,0.98,ORDERS_OPEN,,,,,,,,,,,,,,0,5,,,,,,,,,,,,,,,,,,,,,,,,,,,,0.0,0.0,,,,,0,0,,,Inv: 0.0/0.0 CapLeft: 50.0,,,0.0,0.0,0.0,50.0,50.0,0.0,50.0,0.9,0.09999999999999998,0.0,0.0,0.0,0.0,0.0,0.0,0.0,
1765986911.523021,eth-updown-15m-1765986300,1765986300.0,1765987200.0,,288.4769790172577,,,,,0,0,0.98,0.98,IDLE,,,,,,,,,,,,,,0,5,,,,,,,,,,,,,,,,,,,,CAP_FULL,,,,,,,,25.0,25.0,,,,,0,0,,,Inv: 25.0/25.0 CapLeft: 0.0,,,25.0,25.0,50.0,0.0,50.0,0.0,50.0,0.97,0.030000000000000027,5.0,0.4,0.6,0.0,5.0,0.0,0.002,OK
1765986913.4181495,eth-updown-15m-1765986300,1765986300.0,1765987200.0,,286.58185052871704,,,,,0.45,0.45,0.9,0.98,ORDERS_OPEN,,,,,,,,,,,,,,5,5,,,,,,,,,,,,,,,,,,,,Leg:BOTH UP:5 DOWN:5,,,,,,,,0.0,0.0,,,,,0,0,,,Inv: 0.0/0.0 CapLeft: 50.0,,,0.0,0.0,0.0,50.0,50.0,0.0,50.0,0.9,0.09999999999999998,0.0,0.0,0.0,0.0,0.0,0.0,0.0,
1765986913.5127342,eth-updown-15m-1765986300,1765986300.0,1765987200.0,,286.4872658252716,,,,,0,0,0.99,0.98,IDLE,,,,,,,,,,,,,,0,5,,,,,,,,,,,,,,,,,,,,CAP_FULL,,,,,,,,25.0,25.0,,,,,0,0,,,Inv: 25.0/25.0 CapLeft: 0.0,,,25.0,25.0,50.0,0.0,50.0,0.0,50.0,0.97,0.030000000000000027,5.0,0.4,0.6,0.0,5.0,0.0,0.002,OK
1765986914.924498,eth-updown-15m-1765986300,1765986300.0,1765987200.0,,285.0755019187927,,,,,0,0,0.9,0.98,ORDERS_OPEN,,,,,,,,,,,,,,0,5,,,,,,,,,,,,,,,,,,,,,,,,,,,,0.0,0.0,,,,,0,0,,,Inv: 0.0/0.0 CapLeft: 50.0,,,0.0,0.0,0.0,50.0,50.0,0.0,50.0,0.9,0.09999999999999998,0.0,0.0,0.0,0.0,0.0,0.0,0.0,
1765986915.4871712,eth-updown-15m-1765986300,1765986300.0,1765987200.0,,284.5128288269043,,,,,0,0,0.99,0.98,IDLE,,,,,,,,,,,,,,0,5,,,,,,,,,,,,,,,,,,,,CAP_FULL,,,,,,,,25.0,25.0,,,,,0,0,,,Inv: 25.0/25.0 CapLeft: 0.0,,,25.0,25.0,50.0,0.0,50.0,0.0,50.0,0.97,0.030000000000000027,5.0,0.4,0.6,0.0,5.0,0.0,0.002,OK
1765986916.4404511,eth-updown-15m-1765986300,1765986300.0,1765987200.0,,283.5595488548279,,,,,0,0,0.9,0.98,ORDERS_OPEN,,,,,,,,,,,,,,0,5,,,,,,,,,,,,,,,,,,,,,,,,,,,,0.0,0.0,,,,,0,0,,,Inv: 0.0/0.0 CapLeft: 50.0,,,0.0,0.0,0.0,50.0,50.0,0.0,50.0,0.9,0.09999999999999998,0.0,0.0,0.0,0.0,0.0,0.0,0.0,
1765986917.450457,eth-updown-15m-1765986300,1765986300.0,1765987200.0,,282.54954290390015,,,,,0,0,0.99,0.98,IDLE,,,,,,,,,,,,,,0,5,,,,,,,,,,,,,,,,,,,,CAP_FULL,,,,,,,,25.0,25.0,,,,,0,0,,,Inv: 25.0/25.0 CapLeft: 0.0,,,25.0,25.0,50.0,0.0,50.0,0.0,50.0,0.97,0.030000000000000027,5.0,0.4,0.6,0.0,5.0,0.0,0.002,OK
1765986917.9422505,eth-updown-15m-1765986300,1765986300.0,1765987200.0,,282.0577495098114,,,,,0,0,0.9,0.98,ORDERS_OPEN,,,,,,,,,,,,,,0,5,,,,,,,,,,,,,,,,,,,,,,,,,,,,0.0,0.0,,,,,0,0,,,Inv: 0.0/0.0 CapLeft: 50.0,,,0.0,0.0,0.0,50.0,50.0,0.0,50.0,0.9,0.09999999999999998,0.0,0.0,0.0,0.0,0.0,0.0,0.0,
1765986919.4438548,eth-updown-15m-1765986300,1765986300.0,1765987200.0,,280.5561451911926,,,,,0,0,0.9,0.98,ORDERS_OPEN,,,,,,,,,,,,,,0,5,,,,,,,,,,,,,,,,,,,,,,,,,,,,0.0,0.0,,,,,0,0,,,Inv: 0.0/0.0 CapLeft: 50.0,,,0.0,0.0,0.0,50.0,50.0,0.0,50.0,0.9,0.09999999999999998,0.0,0.0,0.0,0.0,0.0,0.0,0.0,
1765986919.4304855,eth-updown-15m-1765986300,1765986300.0,1765987200.0,,280.56951451301575,,,,,0,0,0.99,0.98,IDLE,,,,,,,,,,,,,,0,5,,,,,,,,,,,,,,,,,,,,CAP_FULL,,,,,,,,25.0,25.0,,,,,0,0,,,Inv: 25.0/25.0 CapLeft: 0.0,,,25.0,25.0,50.0,0.0,50.0,0.0,50.0,0.97,0.030000000000000027,5.0,0.4,0.6,0.0,5.0,0.0,0.002,OK
1765986920.946638,eth-updown-15m-1765986300,1765986300.0,1765987200.0,,279.0533618927002,,,,,0,0,0.9,0.98,ORDERS_OPEN,,,,,,,,,,,,,,0,5,,,,,,,,,,,,,,,,,,,,,,,,,,,,0.0,0.0,,,,,0,0,,,Inv: 0.0/0.0 CapLeft: 50.0,,,0.0,0.0,0.0,50.0,50.0,0.0,50.0,0.9,0.09999999999999998,0.0,0.0,0.0,0.0,0.0,0.0,0.0,
1765986921.421742,eth-updown-15m-1765986300,1765986300.0,1765987200.0,,278.57825803756714,,,,,0,0,0.99,0.98,IDLE,,,,,,,,,,,,,,0,5,,,,,,,,,,,,,,,,,,,,CAP_FULL,,,,,,,,25.0,25.0,,,,,0,0,,,Inv: 25.0/25.0 CapLeft: 0.0,,,25.0,25.0,50.0,0.0,50.0,0.0,50.0,0.97,0.030000000000000027,5.0,0.4,0.6,0.0,5.0,0.0,0.002,OK
1765986922.4535534,eth-updown-15m-1765986300,1765986300.0,1765987200.0,,277.54644656181335,,,,,0,0,0.9,0.98,ORDERS_OPEN,,,,,,,,,,,,,,0,5,,,,,,,,,,,,,,,,,,,,,,,,,,,,0.0,0.0,,,,,0,0,,,Inv: 0.0/0.0 CapLeft: 50.0,,,0.0,0.0,0.0,50.0,50.0,0.0,50.0,0.9,0.09999999999999998,0.0,0.0,0.0,0.0,0.0,0.0,0.0,
1765986923.421177,eth-updown-15m-1765986300,1765986300.0,1765987200.0,,276.5788230895996,,,,,0,0,0.99,0.98,IDLE,,,,,,,,,,,,,,0,5,,,,,,,,,,,,,,,,,,,,CAP_FULL,,,,,,,,25.0,25.0,,,,,0,0,,,Inv: 25.0/25.0 CapLeft: 0.0,,,25.0,25.0,50.0,0.0,50.0,0.0,50.0,0.97,0.030000000000000027,5.0,0.4,0.6,0.0,5.0,0.0,0.002,OK
1765986923.956647,eth-updown-15m-1765986300,1765986300.0,1765987200.0,,276.0433530807495,,,,,0,0,0.9,0.98,ORDERS_OPEN,,,,,,,,,,,,,,0,5,,,,,,,,,,,,,,,,,,,,,,,,,,,,0.0,0.0,,,,,0,0,,,Inv: 0.0/0.0 CapLeft: 50.0,,,0.0,0.0,0.0,50.0,50.0,0.0,50.0,0.9,0.09999999999999998,0.0,0.0,0.0,0.0,0.0,0.0,0.0,
1765986925.458485,eth-updown-15m-1765986300,1765986300.0,1765987200.0,,274.5415151119232,,,,,0,0,0.9,0.98,ORDERS_OPEN,,,,,,,,,,,,,,0,5,,,,,,,,,,,,,,,,,,,,,,,,,,,,0.0,0.0,,,,,0,0,,,Inv: 0.0/0.0 CapLeft: 50.0,,,0.0,0.0,0.0,50.0,50.0,0.0,50.0,0.9,0.09999999999999998,0.0,0.0,0.0,0.0,0.0,0.0,0.0,
1765986925.3757272,eth-updown-15m-1765986300,1765986300.0,1765987200.0,,274.62427282333374,,,,,0,0,0.99,0.98,IDLE,,,,,,,,,,,,,,0,5,,,,,,,,,,,,,,,,,,,,CAP_FULL,,,,,,,,25.0,25.0,,,,,0,0,,,Inv: 25.0/25.0 CapLeft: 0.0,,,25.0,25.0,50.0,0.0,50.0,0.0,50.0,0.97,0.030000000000000027,5.0,0.4,0.6,0.0,5.0,0.0,0.002,OK
1765986926.9605834,eth-updown-15m-1765986300,1765986300.0,1765987200.0,,273.03941655158997,,,,,0,0,0.9,0.98,ORDERS_OPEN,,,,,,,,,,,,,,0,5,,,,,,,,,,,,,,,,,,,,,,,,,,,,0.0,0.0,,,,,0,0,,,Inv: 0.0/0.0 CapLeft: 50.0,,,0.0,0.0,0.0,50.0,50.0,0.0,50.0,0.9,0.09999999999999998,0.0,0.0,0.0,0.0,0.0,0.0,0.0,
1765986927.3537834,eth-updown-15m-1765986300,1765986300.0,1765987200.0,,272.64621663093567,,,,,0,0,0.99,0.98,IDLE,,,,,,,,,,,,,,0,5,,,,,,,,,,,,,,,,,,,,CAP_FULL,,,,,,,,25.0,25.0,,,,,0,0,,,Inv: 25.0/25.0 CapLeft: 0.0,,,25.0,25.0,50.0,0.0,50.0,0.0,50.0,0.97,0.030000000000000027,5.0,0.4,0.6,0.0,5.0,0.0,0.002,OK
1765986929.2980938,eth-updown-15m-1765986300,1765986300.0,1765987200.0,,270.70190620422363,,,,,0,0,0.99,0.98,IDLE,,,,,,,,,,,,,,0,5,,,,,,,,,,,,,,,,,,,,CAP_FULL,,,,,,,,25.0,25.0,,,,,0,0,,,Inv: 25.0/25.0 CapLeft: 0.0,,,25.0,25.0,50.0,0.0,50.0,0.0,50.0,0.97,0.030000000000000027,5.0,0.4,0.6,0.0,5.0,0.0,0.002,OK
1765986929.9634411,eth-updown-15m-1765986300,1765986300.0,1765987200.0,,270.03655886650085,,,,,0.45,0.45,0.9,0.98,ORDERS_OPEN,,,,,,,,,,,,,,5,5,,,,,,,,,,,,,,,,,,,,Leg:BOTH UP:5 DOWN:5,,,,,,,,0.0,0.0,,,,,0,0,,,Inv: 0.0/0.0 CapLeft: 50.0,,,0.0,0.0,0.0,50.0,50.0,0.0,50.0,0.9,0.09999999999999998,0.0,0.0,0.0,0.0,0.0,0.0,0.0,
1765986931.4652312,eth-updown-15m-1765986300,1765986300.0,1765987200.0,,268.53476881980896,,,,,0,0,0.9,0.98,ORDERS_OPEN,,,,,,,,,,,,,,0,5,,,,,,,,,,,,,,,,,,,,,,,,,,,,0.0,0.0,,,,,0,0,,,Inv: 0.0/0.0 CapLeft: 50.0,,,0.0,0.0,0.0,50.0,50.0,0.0,50.0,0.9,0.09999999999999998,0.0,0.0,0.0,0.0,0.0,0.0,0.0,
1765986931.2872765,eth-updown-15m-1765986300,1765986300.0,1765987200.0,,268.71272349357605,,,,,0,0,0.99,0.98,IDLE,,,,,,,,,,,,,,0,5,,,,,,,,,,,,,,,,,,,,CAP_FULL,,,,,,,,25.0,25.0,,,,,0,0,,,Inv: 25.0/25.0 CapLeft: 0.0,,,25.0,25.0,50.0,0.0,50.0,0.0,50.0,0.97,0.030000000000000027,5.0,0.4,0.6,0.0,5.0,0.0,0.002,OK
1765986932.9671803,eth-updown-15m-1765986300,1765986300.0,1765987200.0,,267.0328197479248,,,,,0,0,0.9,0.98,ORDERS_OPEN,,,,,,,,,,,,,,0,5,,,,,,,,,,,,,,,,,,,,,,,,,,,,0.0,0.0,,,,,0,0,,,Inv: 0.0/0.0 CapLeft: 50.0,,,0.0,0.0,0.0,50.0,50.0,0.0,50.0,0.9,0.09999999999999998,0.0,0.0,0.0,0.0,0.0,0.0,0.0,
1765986933.218363,eth-updown-15m-1765986300,1765986300.0,1765987200.0,,266.7816369533539,,,,,0,0,0.99,0.98,IDLE,,,,,,,,,,,,,,0,5,,,,,,,,,,,,,,,,,,,,CAP_FULL,,,,,,,,25.0,25.0,,,,,0,0,,,Inv: 25.0/25.0 CapLeft: 0.0,,,25.0,25.0,50.0,0.0,50.0,0.0,50.0,0.97,0.030000000000000027,5.0,0.4,0.6,0.0,5.0,0.0,0.002,OK
1765986934.4686573,eth-updown-15m-1765986300,1765986300.0,1765987200.0,,265.53134274482727,,,,,0,0,0.9,0.98,ORDERS_OPEN,,,,,,,,,,,,,,0,5,,,,,,,,,,,,,,,,,,,,,,,,,,,,0.0,0.0,,,,,0,0,,,Inv: 0.0/0.0 CapLeft: 50.0,,,0.0,0.0,0.0,50.0,50.0,0.0,50.0,0.9,0.09999999999999998,0.0,0.0,0.0,0.0,0.0,0.0,0.0,
1765986935.215342,eth-updown-15m-1765986300,1765986300.0,1765987200.0,,264.7846579551697,,,,,0,0,0.99,0.98,IDLE,,,,,,,,,,,,,,0,5,,,,,,,,,,,,,,,,,,,,CAP_FULL,,,,,,,,25.0,25.0,,,,,0,0,,,Inv: 25.0/25.0 CapLeft: 0.0,,,25.0,25.0,50.0,0.0,50.0,0.0,50.0,0.97,0.030000000000000027,5.0,0.4,0.6,0.0,5.0,0.0,0.002,OK
1765986935.9710302,eth-updown-15m-1765986300,1765986300.0,1765987200.0,,264.0289697647095,,,,,0,0,0.9,0.98,ORDERS_OPEN,,,,,,,,,,,,,,0,5,,,,,,,,,,,,,,,,,,,,,,,,,,,,0.0,0.0,,,,,0,0,,,Inv: 0.0/0.0 CapLeft: 50.0,,,0.0,0.0,0.0,50.0,50.0,0.0,50.0,0.9,0.09999999999999998,0.0,0.0,0.0,0.0,0.0,0.0,0.0,
1765986937.4733477,eth-updown-15m-1765986300,1765986300.0,1765987200.0,,262.5266523361206,,,,,0,0,0.9,0.98,ORDERS_OPEN,,,,,,,,,,,,,,0,5,,,,,,,,,,,,,,,,,,,,,,,,,,,,0.0,0.0,,,,,0,0,,,Inv: 0.0/0.0 CapLeft: 50.0,,,0.0,0.0,0.0,50.0,50.0,0.0,50.0,0.9,0.09999999999999998,0.0,0.0,0.0,0.0,0.0,0.0,0.0,
1765986937.1597886,eth-updown-15m-1765986300,1765986300.0,1765987200.0,,262.840211391449,,,,,0,0,0.99,0.98,IDLE,,,,,,,,,,,,,,0,5,,,,,,,,,,,,,,,,,,,,CAP_FULL,,,,,,,,25.0,25.0,,,,,0,0,,,Inv: 25.0/25.0 CapLeft: 0.0,,,25.0,25.0,50.0,0.0,50.0,0.0,50.0,0.97,0.030000000000000027,5.0,0.4,0.6,0.0,5.0,0.0,0.002,OK
1765986938.9755943,eth-updown-15m-1765986300,1765986300.0,1765987200.0,,261.02440571784973,,,,,0,0,0.9,0.98,ORDERS_OPEN,,,,,,,,,,,,,,0,5,,,,,,,,,,,,,,,,,,,,,,,,,,,,0.0,0.0,,,,,0,0,,,Inv: 0.0/0.0 CapLeft: 50.0,,,0.0,0.0,0.0,50.0,50.0,0.0,50.0,0.9,0.09999999999999998,0.0,0.0,0.0,0.0,0.0,0.0,0.0,
1765986939.0939727,eth-updown-15m-1765986300,1765986300.0,1765987200.0,,260.9060273170471,,,,,0,0,0.99,0.98,IDLE,,,,,,,,,,,,,,0,5,,,,,,,,,,,,,,,,,,,,CAP_FULL,,,,,,,,25.0,25.0,,,,,0,0,,,Inv: 25.0/25.0 CapLeft: 0.0,,,25.0,25.0,50.0,0.0,50.0,0.0,50.0,0.97,0.030000000000000027,5.0,0.4,0.6,0.0,5.0,0.0,0.002,OK
1765986940.4779322,eth-updown-15m-1765986300,1765986300.0,1765987200.0,,259.52206778526306,,,,,0,0,0.9,0.98,ORDERS_OPEN,,,,,,,,,,,,,,0,5,,,,,,,,,,,,,,,,,,,,,,,,,,,,0.0,0.0,,,,,0,0,,,Inv: 0.0/0.0 CapLeft: 50.0,,,0.0,0.0,0.0,50.0,50.0,0.0,50.0,0.9,0.09999999999999998,0.0,0.0,0.0,0.0,0.0,0.0,0.0,
1765986941.0998378,eth-updown-15m-1765986300,1765986300.0,1765987200.0,,258.9001622200012,,,,,0,0,0.99,0.98,IDLE,,,,,,,,,,,,,,0,5,,,,,,,,,,,,,,,,,,,,CAP_FULL,,,,,,,,25.0,25.0,,,,,0,0,,,Inv: 25.0/25.0 CapLeft: 0.0,,,25.0,25.0,50.0,0.0,50.0,0.0,50.0,0.97,0.030000000000000027,5.0,0.4,0.6,0.0,5.0,0.0,0.002,OK
1765986941.9794724,eth-updown-15m-1765986300,1765986300.0,1765987200.0,,258.02052760124207,,,,,0,0,0.9,0.98,ORDERS_OPEN,,,,,,,,,,,,,,0,5,,,,,,,,,,,,,,,,,,,,,,,,,,,,0.0,0.0,,,,,0,0,,,Inv: 0.0/0.0 CapLeft: 50.0,,,0.0,0.0,0.0,50.0,50.0,0.0,50.0,0.9,0.09999999999999998,0.0,0.0,0.0,0.0,0.0,0.0,0.0,
1765986943.4809353,eth-updown-15m-1765986300,1765986300.0,1765987200.0,,256.5190646648407,,,,,0,0,0.9,0.98,ORDERS_OPEN,,,,,,,,,,,,,,0,5,,,,,,,,,,,,,,,,,,,,,,,,,,,,0.0,0.0,,,,,0,0,,,Inv: 0.0/0.0 CapLeft: 50.0,,,0.0,0.0,0.0,50.0,50.0,0.0,50.0,0.9,0.09999999999999998,0.0,0.0,0.0,0.0,0.0,0.0,0.0,
1765986943.0565197,eth-updown-15m-1765986300,1765986300.0,1765987200.0,,256.9434802532196,,,,,0,0,0.99,0.98,IDLE,,,,,,,,,,,,,,0,5,,,,,,,,,,,,,,,,,,,,CAP_FULL,,,,,,,,25.0,25.0,,,,,0,0,,,Inv: 25.0/25.0 CapLeft: 0.0,,,25.0,25.0,50.0,0.0,50.0,0.0,50.0,0.97,0.030000000000000027,5.0,0.4,0.6,0.0,5.0,0.0,0.002,OK
1765986945.0124655,eth-updown-15m-1765986300,1765986300.0,1765987200.0,,254.98753452301025,,,,,0,0,0.99,0.98,IDLE,,,,,,,,,,,,,,0,5,,,,,,,,,,,,,,,,,,,,CAP_FULL,,,,,,,,25.0,25.0,,,,,0,0,,,Inv: 25.0/25.0 CapLeft: 0.0,,,25.0,25.0,50.0,0.0,50.0,0.0,50.0,0.97,0.030000000000000027,5.0,0.4,0.6,0.0,5.0,0.0,0.002,OK
1765986946.4836457,eth-updown-15m-1765986300,1765986300.0,1765987200.0,,253.51635432243347,,,,,0.45,0.45,0.9,0.98,ORDERS_OPEN,,,,,,,,,,,,,,5,5,,,,,,,,,,,,,,,,,,,,Leg:BOTH UP:5 DOWN:5,,,,,,,,0.0,0.0,,,,,0,0,,,Inv: 0.0/0.0 CapLeft: 50.0,,,0.0,0.0,0.0,50.0,50.0,0.0,50.0,0.9,0.09999999999999998,0.0,0.0,0.0,0.0,0.0,0.0,0.0,
1765986946.9846058,eth-updown-15m-1765986300,1765986300.0,1765987200.0,,253.01539421081543,,,,,0,0,0.99,0.98,IDLE,,,,,,,,,,,,,,0,5,,,,,,,,,,,,,,,,,,,,CAP_FULL,,,,,,,,25.0,25.0,,,,,0,0,,,Inv: 25.0/25.0 CapLeft: 0.0,,,25.0,25.0,50.0,0.0,50.0,0.0,50.0,0.97,0.030000000000000027,5.0,0.4,0.6,0.0,5.0,0.0,0.002,OK
1765986947.9850283,eth-updown-15m-1765986300,1765986300.0,1765987200.0,,252.01497173309326,,,,,0,0,0.9,0.98,ORDERS_OPEN,,,,,,,,,,,,,,0,5,,,,,,,,,,,,,,,,,,,,,,,,,,,,0.0,0.0,,,,,0,0,,,Inv: 0.0/0.0 CapLeft: 50.0,,,0.0,0.0,0.0,50.0,50.0,0.0,50.0,0.9,0.09999999999999998,0.0,0.0,0.0,0.0,0.0,0.0,0.0,
1765986948.928142,eth-updown-15m-1765986300,1765986300.0,1765987200.0,,251.07185792922974,,,,,0,0,0.99,0.98,IDLE,,,,,,,,,,,,,,0,5,,,,,,,,,,,,,,,,,,,,CAP_FULL,,,,,,,,25.0,25.0,,,,,0,0,,,Inv: 25.0/25.0 CapLeft: 0.0,,,25.0,25.0,50.0,0.0,50.0,0.0,50.0,0.97,0.030000000000000027,5.0,0.4,0.6,0.0,5.0,0.0,0.002,OK
1765986949.4871407,eth-updown-15m-1765986300,1765986300.0,1765987200.0,,250.51285934448242,,,,,0,0,0.9,0.98,ORDERS_OPEN,,,,,,,,,,,,,,0,5,,,,,,,,,,,,,,,,,,,,,,,,,,,,0.0,0.0,,,,,0,0,,,Inv: 0.0/0.0 CapLeft: 50.0,,,0.0,0.0,0.0,50.0,50.0,0.0,50.0,0.9,0.09999999999999998,0.0,0.0,0.0,0.0,0.0,0.0,0.0,
1765986950.9891336,eth-updown-15m-1765986300,1765986300.0,1765987200.0,,249.0108664035797,,,,,0,0,0.9,0.98,ORDERS_OPEN,,,,,,,,,,,,,,0,5,,,,,,,,,,,,,,,,,,,,,,,,,,,,0.0,0.0,,,,,0,0,,,Inv: 0.0/0.0 CapLeft: 50.0,,,0.0,0.0,0.0,50.0,50.0,0.0,50.0,0.9,0.09999999999999998,0.0,0.0,0.0,0.0,0.0,0.0,0.0,
1765986950.913855,eth-updown-15m-1765986300,1765986300.0,1765987200.0,,249.08614492416382,,,,,0,0,0.99,0.98,IDLE,,,,,,,,,,,,,,0,5,,,,,,,,,,,,,,,,,,,,CAP_FULL,,,,,,,,25.0,25.0,,,,,0,0,,,Inv: 25.0/25.0 CapLeft: 0.0,,,25.0,25.0,50.0,0.0,50.0,0.0,50.0,0.97,0.030000000000000027,5.0,0.4,0.6,0.0,5.0,0.0,0.002,OK
1765986952.4912155,eth-updown-15m-1765986300,1765986300.0,1765987200.0,,247.508784532547,,,,,0,0,0.9,0.98,ORDERS_OPEN,,,,,,,,,,,,,,0,5,,,,,,,,,,,,,,,,,,,,,,,,,,,,0.0,0.0,,,,,0,0,,,Inv: 0.0/0.0 CapLeft: 50.0,,,0.0,0.0,0.0,50.0,50.0,0.0,50.0,0.9,0.09999999999999998,0.0,0.0,0.0,0.0,0.0,0.0,0.0,
1765986952.901848,eth-updown-15m-1765986300,1765986300.0,1765987200.0,,247.09815192222595,,,,,0,0,0.99,0.98,IDLE,,,,,,,,,,,,,,0,5,,,,,,,,,,,,,,,,,,,,CAP_FULL,,,,,,,,25.0,25.0,,,,,0,0,,,Inv: 25.0/25.0 CapLeft: 0.0,,,25.0,25.0,50.0,0.0,50.0,0.0,50.0,0.97,0.030000000000000027,5.0,0.4,0.6,0.0,5.0,0.0,0.002,OK
1765986953.9928138,eth-updown-15m-1765986300,1765986300.0,1765987200.0,,246.0071861743927,,,,,0,0,0.9,0.98,ORDERS_OPEN,,,,,,,,,,,,,,0,5,,,,,,,,,,,,,,,,,,,,,,,,,,,,0.0,0.0,,,,,0,0,,,Inv: 0.0/0.0 CapLeft: 50.0,,,0.0,0.0,0.0,50.0,50.0,0.0,50.0,0.9,0.09999999999999998,0.0,0.0,0.0,0.0,0.0,0.0,0.0,
1765986954.8398418,eth-updown-15m-1765986300,1765986300.0,1765987200.0,,245.16015815734863,,,,,0,0,0.99,0.98,IDLE,,,,,,,,,,,,,,0,5,,,,,,,,,,,,,,,,,,,,CAP_FULL,,,,,,,,25.0,25.0,,,,,0,0,,,Inv: 25.0/25.0 CapLeft: 0.0,,,25.0,25.0,50.0,0.0,50.0,0.0,50.0,0.97,0.030000000000000027,5.0,0.4,0.6,0.0,5.0,0.0,0.002,OK
1765986955.4945853,eth-updown-15m-1765986300,1765986300.0,1765987200.0,,244.50541472434998,,,,,0,0,0.9,0.98,ORDERS_OPEN,,,,,,,,,,,,,,0,5,,,,,,,,,,,,,,,,,,,,,,,,,,,,0.0,0.0,,,,,0,0,,,Inv: 0.0/0.0 CapLeft: 50.0,,,0.0,0.0,0.0,50.0,50.0,0.0,50.0,0.9,0.09999999999999998,0.0,0.0,0.0,0.0,0.0,0.0,0.0,
1765986956.996844,eth-updown-15m-1765986300,1765986300.0,1765987200.0,,243.00315594673157,,,,,0,0,0.9,0.98,ORDERS_OPEN,,,,,,,,,,,,,,0,5,,,,,,,,,,,,,,,,,,,,,,,,,,,,0.0,0.0,,,,,0,0,,,Inv: 0.0/0.0 CapLeft: 50.0,,,0.0,0.0,0.0,50.0,50.0,0.0,50.0,0.9,0.09999999999999998,0.0,0.0,0.0,0.0,0.0,0.0,0.0,
1765986956.7674146,eth-updown-15m-1765986300,1765986300.0,1765987200.0,,243.23258543014526,,,,,0,0,0.99,0.98,IDLE,,,,,,,,,,,,,,0,5,,,,,,,,,,,,,,,,,,,,CAP_FULL,,,,,,,,25.0,25.0,,,,,0,0,,,Inv: 25.0/25.0 CapLeft: 0.0,,,25.0,25.0,50.0,0.0,50.0,0.0,50.0,0.97,0.030000000000000027,5.0,0.4,0.6,0.0,5.0,0.0,0.002,OK
1765986958.4983716,eth-updown-15m-1765986300,1765986300.0,1765987200.0,,241.50162839889526,,,,,0,0,0.9,0.98,ORDERS_OPEN,,,,,,,,,,,,,,0,5,,,,,,,,,,,,,,,,,,,,,,,,,,,,0.0,0.0,,,,,0,0,,,Inv: 0.0/0.0 CapLeft: 50.0,,,0.0,0.0,0.0,50.0,50.0,0.0,50.0,0.9,0.09999999999999998,0.0,0.0,0.0,0.0,0.0,0.0,0.0,
1765986958.7007809,eth-updown-15m-1765986300,1765986300.0,1765987200.0,,241.29921913146973,,,,,0,0,0.99,0.98,IDLE,,,,,,,,,,,,,,0,5,,,,,,,,,,,,,,,,,,,,CAP_FULL,,,,,,,,25.0,25.0,,,,,0,0,,,Inv: 25.0/25.0 CapLeft: 0.0,,,25.0,25.0,50.0,0.0,50.0,0.0,50.0,0.97,0.030000000000000027,5.0,0.4,0.6,0.0,5.0,0.0,0.002,OK
1765986960.000124,eth-updown-15m-1765986300,1765986300.0,1765987200.0,,239.99987602233887,,,,,0,0,0.9,0.98,ORDERS_OPEN,,,,,,,,,,,,,,0,5,,,,,,,,,,,,,,,,,,,,,,,,,,,,0.0,0.0,,,,,0,0,,,Inv: 0.0/0.0 CapLeft: 50.0,,,0.0,0.0,0.0,50.0,50.0,0.0,50.0,0.9,0.09999999999999998,0.0,0.0,0.0,0.0,0.0,0.0,0.0,
1765986960.622849,eth-updown-15m-1765986300,1765986300.0,1765987200.0,,239.37715101242065,,,,,0,0,0.99,0.98,IDLE,,,,,,,,,,,,,,0,5,,,,,,,,,,,,,,,,,,,,CAP_FULL,,,,,,,,25.0,25.0,,,,,0,0,,,Inv: 25.0/25.0 CapLeft: 0.0,,,25.0,25.0,50.0,0.0,50.0,0.0,50.0,0.97,0.030000000000000027,5.0,0.4,0.6,0.0,5.0,0.0,0.002,OK
1765986963.0027752,eth-updown-15m-1765986300,1765986300.0,1765987200.0,,236.99722480773926,,,,,0.45,0.45,0.9,0.98,ORDERS_OPEN,,,,,,,,,,,,,,5,5,,,,,,,,,,,,,,,,,,,,Leg:BOTH UP:5 DOWN:5,,,,,,,,0.0,0.0,,,,,0,0,,,Inv: 0.0/0.0 CapLeft: 50.0,,,0.0,0.0,0.0,50.0,50.0,0.0,50.0,0.9,0.09999999999999998,0.0,0.0,0.0,0.0,0.0,0.0,0.0,
1765986962.5965657,eth-updown-15m-1765986300,1765986300.0,1765987200.0,,237.4034342765808,,,,,0,0,0.99,0.98,IDLE,,,,,,,,,,,,,,0,5,,,,,,,,,,,,,,,,,,,,CAP_FULL,,,,,,,,25.0,25.0,,,,,0,0,,,Inv: 25.0/25.0 CapLeft: 0.0,,,25.0,25.0,50.0,0.0,50.0,0.0,50.0,0.97,0.030000000000000027,5.0,0.4,0.6,0.0,5.0,0.0,0.002,OK
1765986964.5042386,eth-updown-15m-1765986300,1765986300.0,1765987200.0,,235.49576139450073,,,,,0,0,0.9,0.98,ORDERS_OPEN,,,,,,,,,,,,,,0,5,,,,,,,,,,,,,,,,,,,,,,,,,,,,0.0,0.0,,,,,0,0,,,Inv: 0.0/0.0 CapLeft: 50.0,,,0.0,0.0,0.0,50.0,50.0,0.0,50.0,0.9,0.09999999999999998,0.0,0.0,0.0,0.0,0.0,0.0,0.0,
1765986964.5470383,eth-updown-15m-1765986300,1765986300.0,1765987200.0,,235.45296168327332,,,,,0,0,0.99,0.98,IDLE,,,,,,,,,,,,,,0,5,,,,,,,,,,,,,,,,,,,,CAP_FULL,,,,,,,,25.0,25.0,,,,,0,0,,,Inv: 25.0/25.0 CapLeft: 0.0,,,25.0,25.0,50.0,0.0,50.0,0.0,50.0,0.97,0.030000000000000027,5.0,0.4,0.6,0.0,5.0,0.0,0.002,OK
1765986966.0206933,eth-updown-15m-1765986300,1765986300.0,1765987200.0,,233.97930669784546,,,,,0,0,0.9,0.98,ORDERS_OPEN,,,,,,,,,,,,,,0,5,,,,,,,,,,,,,,,,,,,,,,,,,,,,0.0,0.0,,,,,0,0,,,Inv: 0.0/0.0 CapLeft: 50.0,,,0.0,0.0,0.0,50.0,50.0,0.0,50.0,0.9,0.09999999999999998,0.0,0.0,0.0,0.0,0.0,0.0,0.0,
1765986966.579542,eth-updown-15m-1765986300,1765986300.0,1765987200.0,,233.4204580783844,,,,,0,0,0.99,0.98,IDLE,,,,,,,,,,,,,,0,5,,,,,,,,,,,,,,,,,,,,CAP_FULL,,,,,,,,25.0,25.0,,,,,0,0,,,Inv: 25.0/25.0 CapLeft: 0.0,,,25.0,25.0,50.0,0.0,50.0,0.0,50.0,0.97,0.030000000000000027,5.0,0.4,0.6,0.0,5.0,0.0,0.002,OK
1765986967.5479553,eth-updown-15m-1765986300,1765986300.0,1765987200.0,,232.4520447254181,,,,,0,0,0.9,0.98,ORDERS_OPEN,,,,,,,,,,,,,,0,5,,,,,,,,,,,,,,,,,,,,,,,,,,,,0.0,0.0,,,,,0,0,,,Inv: 0.0/0.0 CapLeft: 50.0,,,0.0,0.0,0.0,50.0,50.0,0.0,50.0,0.9,0.09999999999999998,0.0,0.0,0.0,0.0,0.0,0.0,0.0,
1765986969.0651758,eth-updown-15m-1765986300,1765986300.0,1765987200.0,,230.93482422828674,,,,,0,0,0.9,0.98,ORDERS_OPEN,,,,,,,,,,,,,,0,5,,,,,,,,,,,,,,,,,,,,,,,,,,,,0.0,0.0,,,,,0,0,,,Inv: 0.0/0.0 CapLeft: 50.0,,,0.0,0.0,0.0,50.0,50.0,0.0,50.0,0.9,0.09999999999999998,0.0,0.0,0.0,0.0,0.0,0.0,0.0,
1765986968.5492258,eth-updown-15m-1765986300,1765986300.0,1765987200.0,,231.45077419281006,,,,,0,0,0.99,0.98,IDLE,,,,,,,,,,,,,,0,5,,,,,,,,,,,,,,,,,,,,CAP_FULL,,,,,,,,25.0,25.0,,,,,0,0,,,Inv: 25.0/25.0 CapLeft: 0.0,,,25.0,25.0,50.0,0.0,50.0,0.0,50.0,0.97,0.030000000000000027,5.0,0.4,0.6,0.0,5.0,0.0,0.002,OK
1765986970.5698733,eth-updown-15m-1765986300,1765986300.0,1765987200.0,,229.4301266670227,,,,,0,0,0.9,0.98,ORDERS_OPEN,,,,,,,,,,,,,,0,5,,,,,,,,,,,,,,,,,,,,,,,,,,,,0.0,0.0,,,,,0,0,,,Inv: 0.0/0.0 CapLeft: 50.0,,,0.0,0.0,0.0,50.0,50.0,0.0,50.0,0.9,0.09999999999999998,0.0,0.0,0.0,0.0,0.0,0.0,0.0,
1765986970.5734165,eth-updown-15m-1765986300,1765986300.0,1765987200.0,,229.42658352851868,,,,,0,0,0.99,0.98,IDLE,,,,,,,,,,,,,,0,5,,,,,,,,,,,,,,,,,,,,CAP_FULL,,,,,,,,25.0,25.0,,,,,0,0,,,Inv: 25.0/25.0 CapLeft: 0.0,,,25.0,25.0,50.0,0.0,50.0,0.0,50.0,0.97,0.030000000000000027,5.0,0.4,0.6,0.0,5.0,0.0,0.002,OK
1765986972.072071,eth-updown-15m-1765986300,1765986300.0,1765987200.0,,227.92792892456055,,,,,0,0,0.9,0.98,ORDERS_OPEN,,,,,,,,,,,,,,0,5,,,,,,,,,,,,,,,,,,,,,,,,,,,,0.0,0.0,,,,,0,0,,,Inv: 0.0/0.0 CapLeft: 50.0,,,0.0,0.0,0.0,50.0,50.0,0.0,50.0,0.9,0.09999999999999998,0.0,0.0,0.0,0.0,0.0,0.0,0.0,
1765986972.5363138,eth-updown-15m-1765986300,1765986300.0,1765987200.0,,227.46368622779846,,,,,0,0,0.99,0.98,IDLE,,,,,,,,,,,,,,0,5,,,,,,,,,,,,,,,,,,,,CAP_FULL,,,,,,,,25.0,25.0,,,,,0,0,,,Inv: 25.0/25.0 CapLeft: 0.0,,,25.0,25.0,50.0,0.0,50.0,0.0,50.0,0.97,0.030000000000000027,5.0,0.4,0.6,0.0,5.0,0.0,0.002,OK
1765986973.5854423,eth-updown-15m-1765986300,1765986300.0,1765987200.0,,226.4145576953888,,,,,0,0,0.9,0.98,ORDERS_OPEN,,,,,,,,,,,,,,0,5,,,,,,,,,,,,,,,,,,,,,,,,,,,,0.0,0.0,,,,,0,0,,,Inv: 0.0/0.0 CapLeft: 50.0,,,0.0,0.0,0.0,50.0,50.0,0.0,50.0,0.9,0.09999999999999998,0.0,0.0,0.0,0.0,0.0,0.0,0.0,
1765986974.4584408,eth-updown-15m-1765986300,1765986300.0,1765987200.0,,225.54155921936035,,,,,0,0,0.99,0.98,IDLE,,,,,,,,,,,,,,0,5,,,,,,,,,,,,,,,,,,,,CAP_FULL,,,,,,,,25.0,25.0,,,,,0,0,,,Inv: 25.0/25.0 CapLeft: 0.0,,,25.0,25.0,50.0,0.0,50.0,0.0,50.0,0.97,0.030000000000000027,5.0,0.4,0.6,0.0,5.0,0.0,0.002,OK
1765986975.0870667,eth-updown-15m-1765986300,1765986300.0,1765987200.0,,224.91293334960938,,,,,0,0,0.9,0.98,ORDERS_OPEN,,,,,,,,,,,,,,0,5,,,,,,,,,,,,,,,,,,,,,,,,,,,,0.0,0.0,,,,,0,0,,,Inv: 0.0/0.0 CapLeft: 50.0,,,0.0,0.0,0.0,50.0,50.0,0.0,50.0,0.9,0.09999999999999998,0.0,0.0,0.0,0.0,0.0,0.0,0.0,
1765986976.589066,eth-updown-15m-1765986300,1765986300.0,1765987200.0,,223.41093397140503,,,,,0,0,0.9,0.98,ORDERS_OPEN,,,,,,,,,,,,,,0,5,,,,,,,,,,,,,,,,,,,,,,,,,,,,0.0,0.0,,,,,0,0,,,Inv: 0.0/0.0 CapLeft: 50.0,,,0.0,0.0,0.0,50.0,50.0,0.0,50.0,0.9,0.09999999999999998,0.0,0.0,0.0,0.0,0.0,0.0,0.0,
1765986976.4693434,eth-updown-15m-1765986300,1765986300.0,1765987200.0,,223.53065657615662,,,,,0,0,0.99,0.98,IDLE,,,,,,,,,,,,,,0,5,,,,,,,,,,,,,,,,,,,,CAP_FULL,,,,,,,,25.0,25.0,,,,,0,0,,,Inv: 25.0/25.0 CapLeft: 0.0,,,25.0,25.0,50.0,0.0,50.0,0.0,50.0,0.97,0.030000000000000027,5.0,0.4,0.6,0.0,5.0,0.0,0.002,OK
1765986978.4936833,eth-updown-15m-1765986300,1765986300.0,1765987200.0,,221.50631666183472,,,,,0,0,0.99,0.98,IDLE,,,,,,,,,,,,,,0,5,,,,,,,,,,,,,,,,,,,,CAP_FULL,,,,,,,,25.0,25.0,,,,,0,0,,,Inv: 25.0/25.0 CapLeft: 0.0,,,25.0,25.0,50.0,0.0,50.0,0.0,50.0,0.97,0.030000000000000027,5.0,0.4,0.6,0.0,5.0,0.0,0.002,OK
1765986979.5916018,eth-updown-15m-1765986300,1765986300.0,1765987200.0,,220.4083981513977,,,,,0.45,0.45,0.9,0.98,ORDERS_OPEN,,,,,,,,,,,,,,5,5,,,,,,,,,,,,,,,,,,,,Leg:BOTH UP:5 DOWN:5,,,,,,,,0.0,0.0,,,,,0,0,,,Inv: 0.0/0.0 CapLeft: 50.0,,,0.0,0.0,0.0,50.0,50.0,0.0,50.0,0.9,0.09999999999999998,0.0,0.0,0.0,0.0,0.0,0.0,0.0,
1765986980.4406846,eth-updown-15m-1765986300,1765986300.0,1765987200.0,,219.55931544303894,,,,,0,0,0.99,0.98,IDLE,,,,,,,,,,,,,,0,5,,,,,,,,,,,,,,,,,,,,CAP_FULL,,,,,,,,25.0,25.0,,,,,0,0,,,Inv: 25.0/25.0 CapLeft: 0.0,,,25.0,25.0,50.0,0.0,50.0,0.0,50.0,0.97,0.030000000000000027,5.0,0.4,0.6,0.0,5.0,0.0,0.002,OK
1765986981.09324,eth-updown-15m-1765986300,1765986300.0,1765987200.0,,218.9067599773407,,,,,0,0,0.9,0.98,ORDERS_OPEN,,,,,,,,,,,,,,0,5,,,,,,,,,,,,,,,,,,,,,,,,,,,,0.0,0.0,,,,,0,0,,,Inv: 0.0/0.0 CapLeft: 50.0,,,0.0,0.0,0.0,50.0,50.0,0.0,50.0,0.9,0.09999999999999998,0.0,0.0,0.0,0.0,0.0,0.0,0.0,
1765986982.595237,eth-updown-15m-1765986300,1765986300.0,1765987200.0,,217.40476298332214,,,,,0,0,0.9,0.98,ORDERS_OPEN,,,,,,,,,,,,,,0,5,,,,,,,,,,,,,,,,,,,,,,,,,,,,0.0,0.0,,,,,0,0,,,Inv: 0.0/0.0 CapLeft: 50.0,,,0.0,0.0,0.0,50.0,50.0,0.0,50.0,0.9,0.09999999999999998,0.0,0.0,0.0,0.0,0.0,0.0,0.0,
1765986982.380654,eth-updown-15m-1765986300,1765986300.0,1765987200.0,,217.6193459033966,,,,,0,0,0.99,0.98,IDLE,,,,,,,,,,,,,,0,5,,,,,,,,,,,,,,,,,,,,CAP_FULL,,,,,,,,25.0,25.0,,,,,0,0,,,Inv: 25.0/25.0 CapLeft: 0.0,,,25.0,25.0,50.0,0.0,50.0,0.0,50.0,0.97,0.030000000000000027,5.0,0.4,0.6,0.0,5.0,0.0,0.002,OK
1765986984.0968394,eth-updown-15m-1765986300,1765986300.0,1765987200.0,,215.903160572052,,,,,0,0,0.9,0.98,ORDERS_OPEN,,,,,,,,,,,,,,0,5,,,,,,,,,,,,,,,,,,,,,,,,,,,,0.0,0.0,,,,,0,0,,,Inv: 0.0/0.0 CapLeft: 50.0,,,0.0,0.0,0.0,50.0,50.0,0.0,50.0,0.9,0.09999999999999998,0.0,0.0,0.0,0.0,0.0,0.0,0.0,
1765986984.3255913,eth-updown-15m-1765986300,1765986300.0,1765987200.0,,215.6744086742401,,,,,0,0,0.99,0.98,IDLE,,,,,,,,,,,,,,0,5,,,,,,,,,,,,,,,,,,,,CAP_FULL,,,,,,,,25.0,25.0,,,,,0,0,,,Inv: 25.0/25.0 CapLeft: 0.0,,,25.0,25.0,50.0,0.0,50.0,0.0,50.0,0.97,0.030000000000000027,5.0,0.4,0.6,0.0,5.0,0.0,0.002,OK
1765986985.598396,eth-updown-15m-1765986300,1765986300.0,1765987200.0,,214.40160393714905,,,,,0,0,0.9,0.98,ORDERS_OPEN,,,,,,,,,,,,,,0,5,,,,,,,,,,,,,,,,,,,,,,,,,,,,0.0,0.0,,,,,0,0,,,Inv: 0.0/0.0 CapLeft: 50.0,,,0.0,0.0,0.0,50.0,50.0,0.0,50.0,0.9,0.09999999999999998,0.0,0.0,0.0,0.0,0.0,0.0,0.0,
1765986986.2808406,eth-updown-15m-1765986300,1765986300.0,1765987200.0,,213.71915936470032,,,,,0,0,0.99,0.98,IDLE,,,,,,,,,,,,,,0,5,,,,,,,,,,,,,,,,,,,,CAP_FULL,,,,,,,,25.0,25.0,,,,,0,0,,,Inv: 25.0/25.0 CapLeft: 0.0,,,25.0,25.0,50.0,0.0,50.0,0.0,50.0,0.97,0.030000000000000027,5.0,0.4,0.6,0.0,5.0,0.0,0.002,OK
1765986987.100449,eth-updown-15m-1765986300,1765986300.0,1765987200.0,,212.8995509147644,,,,,0,0,0.9,0.98,ORDERS_OPEN,,,,,,,,,,,,,,0,5,,,,,,,,,,,,,,,,,,,,,,,,,,,,0.0,0.0,,,,,0,0,,,Inv: 0.0/0.0 CapLeft: 50.0,,,0.0,0.0,0.0,50.0,50.0,0.0,50.0,0.9,0.09999999999999998,0.0,0.0,0.0,0.0,0.0,0.0,0.0,
1765986988.6022894,eth-updown-15m-1765986300,1765986300.0,1765987200.0,,211.39771056175232,,,,,0,0,0.9,0.98,ORDERS_OPEN,,,,,,,,,,,,,,0,5,,,,,,,,,,,,,,,,,,,,,,,,,,,,0.0,0.0,,,,,0,0,,,Inv: 0.0/0.0 CapLeft: 50.0,,,0.0,0.0,0.0,50.0,50.0,0.0,50.0,0.9,0.09999999999999998,0.0,0.0,0.0,0.0,0.0,0.0,0.0,
1765986988.2163055,eth-updown-15m-1765986300,1765986300.0,1765987200.0,,211.78369450569153,,,,,0,0,0.99,0.98,IDLE,,,,,,,,,,,,,,0,5,,,,,,,,,,,,,,,,,,,,CAP_FULL,,,,,,,,25.0,25.0,,,,,0,0,,,Inv: 25.0/25.0 CapLeft: 0.0,,,25.0,25.0,50.0,0.0,50.0,0.0,50.0,0.97,0.030000000000000027,5.0,0.4,0.6,0.0,5.0,0.0,0.002,OK
1765986990.1038105,eth-updown-15m-1765986300,1765986300.0,1765987200.0,,209.89618945121765,,,,,0,0,0.9,0.98,ORDERS_OPEN,,,,,,,,,,,,,,0,5,,,,,,,,,,,,,,,,,,,,,,,,,,,,0.0,0.0,,,,,0,0,,,Inv: 0.0/0.0 CapLeft: 50.0,,,0.0,0.0,0.0,50.0,50.0,0.0,50.0,0.9,0.09999999999999998,0.0,0.0,0.0,0.0,0.0,0.0,0.0,
1765986990.1917703,eth-updown-15m-1765986300,1765986300.0,1765987200.0,,209.8082296848297,,,,,0,0,0.99,0.98,IDLE,,,,,,,,,,,,,,0,5,,,,,,,,,,,,,,,,,,,,CAP_FULL,,,,,,,,25.0,25.0,,,,,0,0,,,Inv: 25.0/25.0 CapLeft: 0.0,,,25.0,25.0,50.0,0.0,50.0,0.0,50.0,0.97,0.030000000000000027,5.0,0.4,0.6,0.0,5.0,0.0,0.002,OK
1765986991.6059625,eth-updown-15m-1765986300,1765986300.0,1765987200.0,,208.39403748512268,,,,,0,0,0.9,0.98,ORDERS_OPEN,,,,,,,,,,,,,,0,5,,,,,,,,,,,,,,,,,,,,,,,,,,,,0.0,0.0,,,,,0,0,,,Inv: 0.0/0.0 CapLeft: 50.0,,,0.0,0.0,0.0,50.0,50.0,0.0,50.0,0.9,0.09999999999999998,0.0,0.0,0.0,0.0,0.0,0.0,0.0,
1765986992.1280065,eth-updown-15m-1765986300,1765986300.0,1765987200.0,,207.87199354171753,,,,,0,0,0.99,0.98,IDLE,,,,,,,,,,,,,,0,5,,,,,,,,,,,,,,,,,,,,CAP_FULL,,,,,,,,25.0,25.0,,,,,0,0,,,Inv: 25.0/25.0 CapLeft: 0.0,,,25.0,25.0,50.0,0.0,50.0,0.0,50.0,0.97,0.030000000000000027,5.0,0.4,0.6,0.0,5.0,0.0,0.002,OK
1765986993.1072936,eth-updown-15m-1765986300,1765986300.0,1765987200.0,,206.89270639419556,,,,,0,0,0.9,0.98,ORDERS_OPEN,,,,,,,,,,,,,,0,5,,,,,,,,,,,,,,,,,,,,,,,,,,,,0.0,0.0,,,,,0,0,,,Inv: 0.0/0.0 CapLeft: 50.0,,,0.0,0.0,0.0,50.0,50.0,0.0,50.0,0.9,0.09999999999999998,0.0,0.0,0.0,0.0,0.0,0.0,0.0,
1765986994.1680372,eth-updown-15m-1765986300,1765986300.0,1765987200.0,,205.8319628238678,,,,,0,0,0.99,0.98,IDLE,,,,,,,,,,,,,,0,5,,,,,,,,,,,,,,,,,,,,CAP_FULL,,,,,,,,25.0,25.0,,,,,0,0,,,Inv: 25.0/25.0 CapLeft: 0.0,,,25.0,25.0,50.0,0.0,50.0,0.0,50.0,0.97,0.030000000000000027,5.0,0.4,0.6,0.0,5.0,0.0,0.002,OK
1765986996.1099005,eth-updown-15m-1765986300,1765986300.0,1765987200.0,,203.89009952545166,,,,,0.45,0.45,0.9,0.98,ORDERS_OPEN,,,,,,,,,,,,,,5,5,,,,,,,,,,,,,,,,,,,,Leg:BOTH UP:5 DOWN:5,,,,,,,,0.0,0.0,,,,,0,0,,,Inv: 0.0/0.0 CapLeft: 50.0,,,0.0,0.0,0.0,50.0,50.0,0.0,50.0,0.9,0.09999999999999998,0.0,0.0,0.0,0.0,0.0,0.0,0.0,
1765986996.1262457,eth-updown-15m-1765986300,1765986300.0,1765987200.0,,203.8737542629242,,,,,0,0,0.99,0.98,IDLE,,,,,,,,,,,,,,0,5,,,,,,,,,,,,,,,,,,,,CAP_FULL,,,,,,,,25.0,25.0,,,,,0,0,,,Inv: 25.0/25.0 CapLeft: 0.0,,,25.0,25.0,50.0,0.0,50.0,0.0,50.0,0.97,0.030000000000000027,5.0,0.4,0.6,0.0,5.0,0.0,0.002,OK
1765986997.6112952,eth-updown-15m-1765986300,1765986300.0,1765987200.0,,202.38870477676392,,,,,0,0,0.9,0.98,ORDERS_OPEN,,,,,,,,,,,,,,0,5,,,,,,,,,,,,,,,,,,,,,,,,,,,,0.0,0.0,,,,,0,0,,,Inv: 0.0/0.0 CapLeft: 50.0,,,0.0,0.0,0.0,50.0,50.0,0.0,50.0,0.9,0.09999999999999998,0.0,0.0,0.0,0.0,0.0,0.0,0.0,
1765986998.1546435,eth-updown-15m-1765986300,1765986300.0,1765987200.0,,201.845356464386,,,,,0,0,0.99,0.98,IDLE,,,,,,,,,,,,,,0,5,,,,,,,,,,,,,,,,,,,,CAP_FULL,,,,,,,,25.0,25.0,,,,,0,0,,,Inv: 25.0/25.0 CapLeft: 0.0,,,25.0,25.0,50.0,0.0,50.0,0.0,50.0,0.97,0.030000000000000027,5.0,0.4,0.6,0.0,5.0,0.0,0.002,OK
1765986999.1127212,eth-updown-15m-1765986300,1765986300.0,1765987200.0,,200.8872787952423,,,,,0,0,0.9,0.98,ORDERS_OPEN,,,,,,,,,,,,,,0,5,,,,,,,,,,,,,,,,,,,,,,,,,,,,0.0,0.0,,,,,0,0,,,Inv: 0.0/0.0 CapLeft: 50.0,,,0.0,0.0,0.0,50.0,50.0,0.0,50.0,0.9,0.09999999999999998,0.0,0.0,0.0,0.0,0.0,0.0,0.0,
1765987000.1327178,eth-updown-15m-1765986300,1765986300.0,1765987200.0,,199.8672821521759,,,,,0,0,0.99,0.98,IDLE,,,,,,,,,,,,,,0,5,,,,,,,,,,,,,,,,,,,,CAP_FULL,,,,,,,,25.0,25.0,,,,,0,0,,,Inv: 25.0/25.0 CapLeft: 0.0,,,25.0,25.0,50.0,0.0,50.0,0.0,50.0,0.97,0.030000000000000027,5.0,0.4,0.6,0.0,5.0,0.0,0.002,OK
1765987000.6144605,eth-updown-15m-1765986300,1765986300.0,1765987200.0,,199.38553953170776,,,,,0,0,0.9,0.98,ORDERS_OPEN,,,,,,,,,,,,,,0,5,,,,,,,,,,,,,,,,,,,,,,,,,,,,0.0,0.0,,,,,0,0,,,Inv: 0.0/0.0 CapLeft: 50.0,,,0.0,0.0,0.0,50.0,50.0,0.0,50.0,0.9,0.09999999999999998,0.0,0.0,0.0,0.0,0.0,0.0,0.0,
1765987002.11578,eth-updown-15m-1765986300,1765986300.0,1765987200.0,,197.88421988487244,,,,,0,0,0.9,0.98,ORDERS_OPEN,,,,,,,,,,,,,,0,5,,,,,,,,,,,,,,,,,,,,,,,,,,,,0.0,0.0,,,,,0,0,,,Inv: 0.0/0.0 CapLeft: 50.0,,,0.0,0.0,0.0,50.0,50.0,0.0,50.0,0.9,0.09999999999999998,0.0,0.0,0.0,0.0,0.0,0.0,0.0,
1765987002.105876,eth-updown-15m-1765986300,1765986300.0,1765987200.0,,197.8941240310669,,,,,0,0,0.99,0.98,IDLE,,,,,,,,,,,,,,0,5,,,,,,,,,,,,,,,,,,,,CAP_FULL,,,,,,,,25.0,25.0,,,,,0,0,,,Inv: 25.0/25.0 CapLeft: 0.0,,,25.0,25.0,50.0,0.0,50.0,0.0,50.0,0.97,0.030000000000000027,5.0,0.4,0.6,0.0,5.0,0.0,0.002,OK
1765987003.6174078,eth-updown-15m-1765986300,1765986300.0,1765987200.0,,196.3825922012329,,,,,0,0,0.9,0.98,ORDERS_OPEN,,,,,,,,,,,,,,0,5,,,,,,,,,,,,,,,,,,,,,,,,,,,,0.0,0.0,,,,,0,0,,,Inv: 0.0/0.0 CapLeft: 50.0,,,0.0,0.0,0.0,50.0,50.0,0.0,50.0,0.9,0.09999999999999998,0.0,0.0,0.0,0.0,0.0,0.0,0.0,
1765987004.0275977,eth-updown-15m-1765986300,1765986300.0,1765987200.0,,195.97240233421326,,,,,0,0,0.99,0.98,IDLE,,,,,,,,,,,,,,0,5,,,,,,,,,,,,,,,,,,,,CAP_FULL,,,,,,,,25.0,25.0,,,,,0,0,,,Inv: 25.0/25.0 CapLeft: 0.0,,,25.0,25.0,50.0,0.0,50.0,0.0,50.0,0.97,0.030000000000000027,5.0,0.4,0.6,0.0,5.0,0.0,0.002,OK
1765987005.11951,eth-updown-15m-1765986300,1765986300.0,1765987200.0,,194.88049006462097,,,,,0,0,0.9,0.98,ORDERS_OPEN,,,,,,,,,,,,,,0,5,,,,,,,,,,,,,,,,,,,,,,,,,,,,0.0,0.0,,,,,0,0,,,Inv: 0.0/0.0 CapLeft: 50.0,,,0.0,0.0,0.0,50.0,50.0,0.0,50.0,0.9,0.09999999999999998,0.0,0.0,0.0,0.0,0.0,0.0,0.0,
1765987005.969043,eth-updown-15m-1765986300,1765986300.0,1765987200.0,,194.03095698356628,,,,,0,0,0.99,0.98,IDLE,,,,,,,,,,,,,,0,5,,,,,,,,,,,,,,,,,,,,CAP_FULL,,,,,,,,25.0,25.0,,,,,0,0,,,Inv: 25.0/25.0 CapLeft: 0.0,,,25.0,25.0,50.0,0.0,50.0,0.0,50.0,0.97,0.030000000000000027,5.0,0.4,0.6,0.0,5.0,0.0,0.002,OK
1765987006.6208909,eth-updown-15m-1765986300,1765986300.0,1765987200.0,,193.37910914421082,,,,,0,0,0.9,0.98,ORDERS_OPEN,,,,,,,,,,,,,,0,5,,,,,,,,,,,,,,,,,,,,,,,,,,,,0.0,0.0,,,,,0,0,,,Inv: 0.0/0.0 CapLeft: 50.0,,,0.0,0.0,0.0,50.0,50.0,0.0,50.0,0.9,0.09999999999999998,0.0,0.0,0.0,0.0,0.0,0.0,0.0,
1765987008.1220503,eth-updown-15m-1765986300,1765986300.0,1765987200.0,,191.87794971466064,,,,,0,0,0.9,0.98,ORDERS_OPEN,,,,,,,,,,,,,,0,5,,,,,,,,,,,,,,,,,,,,,,,,,,,,0.0,0.0,,,,,0,0,,,Inv: 0.0/0.0 CapLeft: 50.0,,,0.0,0.0,0.0,50.0,50.0,0.0,50.0,0.9,0.09999999999999998,0.0,0.0,0.0,0.0,0.0,0.0,0.0,
1765987007.969514,eth-updown-15m-1765986300,1765986300.0,1765987200.0,,192.03048610687256,,,,,0,0,0.99,0.98,IDLE,,,,,,,,,,,,,,0,5,,,,,,,,,,,,,,,,,,,,CAP_FULL,,,,,,,,25.0,25.0,,,,,0,0,,,Inv: 25.0/25.0 CapLeft: 0.0,,,25.0,25.0,50.0,0.0,50.0,0.0,50.0,0.97,0.030000000000000027,5.0,0.4,0.6,0.0,5.0,0.0,0.002,OK
1765987009.6234887,eth-updown-15m-1765986300,1765986300.0,1765987200.0,,190.37651133537292,,,,,0,0,0.9,0.98,ORDERS_OPEN,,,,,,,,,,,,,,0,5,,,,,,,,,,,,,,,,,,,,,,,,,,,,0.0,0.0,,,,,0,0,,,Inv: 0.0/0.0 CapLeft: 50.0,,,0.0,0.0,0.0,50.0,50.0,0.0,50.0,0.9,0.09999999999999998,0.0,0.0,0.0,0.0,0.0,0.0,0.0,
1765987009.899872,eth-updown-15m-1765986300,1765986300.0,1765987200.0,,190.10012793540955,,,,,0,0,0.99,0.98,IDLE,,,,,,,,,,,,,,0,5,,,,,,,,,,,,,,,,,,,,CAP_FULL,,,,,,,,25.0,25.0,,,,,0,0,,,Inv: 25.0/25.0 CapLeft: 0.0,,,25.0,25.0,50.0,0.0,50.0,0.0,50.0,0.97,0.030000000000000027,5.0,0.4,0.6,0.0,5.0,0.0,0.002,OK
1765987011.846319,eth-updown-15m-1765986300,1765986300.0,1765987200.0,,188.15368103981018,,,,,0,0,0.99,0.98,IDLE,,,,,,,,,,,,,,0,5,,,,,,,,,,,,,,,,,,,,CAP_FULL,,,,,,,,25.0,25.0,,,,,0,0,,,Inv: 25.0/25.0 CapLeft: 0.0,,,25.0,25.0,50.0,0.0,50.0,0.0,50.0,0.97,0.030000000000000027,5.0,0.4,0.6,0.0,5.0,0.0,0.002,OK
1765987012.6261477,eth-updown-15m-1765986300,1765986300.0,1765987200.0,,187.3738522529602,,,,,0.45,0.45,0.9,0.98,ORDERS_OPEN,,,,,,,,,,,,,,5,5,,,,,,,,,,,,,,,,,,,,Leg:BOTH UP:5 DOWN:5,,,,,,,,0.0,0.0,,,,,0,0,,,Inv: 0.0/0.0 CapLeft: 50.0,,,0.0,0.0,0.0,50.0,50.0,0.0,50.0,0.9,0.09999999999999998,0.0,0.0,0.0,0.0,0.0,0.0,0.0,
1765987014.1324637,eth-updown-15m-1765986300,1765986300.0,1765987200.0,,185.86753630638123,,,,,0,0,0.9,0.98,ORDERS_OPEN,,,,,,,,,,,,,,0,5,,,,,,,,,,,,,,,,,,,,,,,,,,,,0.0,0.0,,,,,0,0,,,Inv: 0.0/0.0 CapLeft: 50.0,,,0.0,0.0,0.0,50.0,50.0,0.0,50.0,0.9,0.09999999999999998,0.0,0.0,0.0,0.0,0.0,0.0,0.0,
1765987013.7952476,eth-updown-15m-1765986300,1765986300.0,1765987200.0,,186.20475244522095,,,,,0,0,0.99,0.98,IDLE,,,,,,,,,,,,,,0,5,,,,,,,,,,,,,,,,,,,,CAP_FULL,,,,,,,,25.0,25.0,,,,,0,0,,,Inv: 25.0/25.0 CapLeft: 0.0,,,25.0,25.0,50.0,0.0,50.0,0.0,50.0,0.97,0.030000000000000027,5.0,0.4,0.6,0.0,5.0,0.0,0.002,OK
1765987015.6342177,eth-updown-15m-1765986300,1765986300.0,1765987200.0,,184.36578226089478,,,,,0,0,0.9,0.98,ORDERS_OPEN,,,,,,,,,,,,,,0,5,,,,,,,,,,,,,,,,,,,,,,,,,,,,0.0,0.0,,,,,0,0,,,Inv: 0.0/0.0 CapLeft: 50.0,,,0.0,0.0,0.0,50.0,50.0,0.0,50.0,0.9,0.09999999999999998,0.0,0.0,0.0,0.0,0.0,0.0,0.0,
1765987015.7577472,eth-updown-15m-1765986300,1765986300.0,1765987200.0,,184.24225282669067,,,,,0,0,0.99,0.98,IDLE,,,,,,,,,,,,,,0,5,,,,,,,,,,,,,,,,,,,,CAP_FULL,,,,,,,,25.0,25.0,,,,,0,0,,,Inv: 25.0/25.0 CapLeft: 0.0,,,25.0,25.0,50.0,0.0,50.0,0.0,50.0,0.97,0.030000000000000027,5.0,0.4,0.6,0.0,5.0,0.0,0.002,OK
1765987017.1373906,eth-updown-15m-1765986300,1765986300.0,1765987200.0,,182.8626093864441,,,,,0,0,0.9,0.98,ORDERS_OPEN,,,,,,,,,,,,,,0,5,,,,,,,,,,,,,,,,,,,,,,,,,,,,0.0,0.0,,,,,0,0,,,Inv: 0.0/0.0 CapLeft: 50.0,,,0.0,0.0,0.0,50.0,50.0,0.0,50.0,0.9,0.09999999999999998,0.0,0.0,0.0,0.0,0.0,0.0,0.0,
1765987017.7213306,eth-updown-15m-1765986300,1765986300.0,1765987200.0,,182.2786693572998,,,,,0,0,0.99,0.98,IDLE,,,,,,,,,,,,,,0,5,,,,,,,,,,,,,,,,,,,,CAP_FULL,,,,,,,,25.0,25.0,,,,,0,0,,,Inv: 25.0/25.0 CapLeft: 0.0,,,25.0,25.0,50.0,0.0,50.0,0.0,50.0,0.97,0.030000000000000027,5.0,0.4,0.6,0.0,5.0,0.0,0.002,OK
1765987018.638885,eth-updown-15m-1765986300,1765986300.0,1765987200.0,,181.36111497879028,,,,,0,0,0.9,0.98,ORDERS_OPEN,,,,,,,,,,,,,,0,5,,,,,,,,,,,,,,,,,,,,,,,,,,,,0.0,0.0,,,,,0,0,,,Inv: 0.0/0.0 CapLeft: 50.0,,,0.0,0.0,0.0,50.0,50.0,0.0,50.0,0.9,0.09999999999999998,0.0,0.0,0.0,0.0,0.0,0.0,0.0,
1765987020.14138,eth-updown-15m-1765986300,1765986300.0,1765987200.0,,179.85861992835999,,,,,0,0,0.9,0.98,ORDERS_OPEN,,,,,,,,,,,,,,0,5,,,,,,,,,,,,,,,,,,,,,,,,,,,,0.0,0.0,,,,,0,0,,,Inv: 0.0/0.0 CapLeft: 50.0,,,0.0,0.0,0.0,50.0,50.0,0.0,50.0,0.9,0.09999999999999998,0.0,0.0,0.0,0.0,0.0,0.0,0.0,
1765987019.746503,eth-updown-15m-1765986300,1765986300.0,1765987200.0,,180.25349688529968,,,,,0,0,0.99,0.98,IDLE,,,,,,,,,,,,,,0,5,,,,,,,,,,,,,,,,,,,,CAP_FULL,,,,,,,,25.0,25.0,,,,,0,0,,,Inv: 25.0/25.0 CapLeft: 0.0,,,25.0,25.0,50.0,0.0,50.0,0.0,50.0,0.97,0.030000000000000027,5.0,0.4,0.6,0.0,5.0,0.0,0.002,OK
1765987021.6432433,eth-updown-15m-1765986300,1765986300.0,1765987200.0,,178.3567566871643,,,,,0,0,0.9,0.98,ORDERS_OPEN,,,,,,,,,,,,,,0,5,,,,,,,,,,,,,,,,,,,,,,,,,,,,0.0,0.0,,,,,0,0,,,Inv: 0.0/0.0 CapLeft: 50.0,,,0.0,0.0,0.0,50.0,50.0,0.0,50.0,0.9,0.09999999999999998,0.0,0.0,0.0,0.0,0.0,0.0,0.0,
1765987021.7788405,eth-updown-15m-1765986300,1765986300.0,1765987200.0,,178.2211594581604,,,,,0,0,0.99,0.98,IDLE,,,,,,,,,,,,,,0,5,,,,,,,,,,,,,,,,,,,,CAP_FULL,,,,,,,,25.0,25.0,,,,,0,0,,,Inv: 25.0/25.0 CapLeft: 0.0,,,25.0,25.0,50.0,0.0,50.0,0.0,50.0,0.97,0.030000000000000027,5.0,0.4,0.6,0.0,5.0,0.0,0.002,OK
1765987023.1448548,eth-updown-15m-1765986300,1765986300.0,1765987200.0,,176.85514521598816,,,,,0,0,0.9,0.98,ORDERS_OPEN,,,,,,,,,,,,,,0,5,,,,,,,,,,,,,,,,,,,,,,,,,,,,0.0,0.0,,,,,0,0,,,Inv: 0.0/0.0 CapLeft: 50.0,,,0.0,0.0,0.0,50.0,50.0,0.0,50.0,0.9,0.09999999999999998,0.0,0.0,0.0,0.0,0.0,0.0,0.0,
1765987023.752913,eth-updown-15m-1765986300,1765986300.0,1765987200.0,,176.24708700180054,,,,,0,0,0.99,0.98,IDLE,,,,,,,,,,,,,,0,5,,,,,,,,,,,,,,,,,,,,CAP_FULL,,,,,,,,25.0,25.0,,,,,0,0,,,Inv: 25.0/25.0 CapLeft: 0.0,,,25.0,25.0,50.0,0.0,50.0,0.0,50.0,0.97,0.030000000000000027,5.0,0.4,0.6,0.0,5.0,0.0,0.002,OK
1765987024.6473079,eth-updown-15m-1765986300,1765986300.0,1765987200.0,,175.35269212722778,,,,,0,0,0.9,0.98,ORDERS_OPEN,,,,,,,,,,,,,,0,5,,,,,,,,,,,,,,,,,,,,,,,,,,,,0.0,0.0,,,,,0,0,,,Inv: 0.0/0.0 CapLeft: 50.0,,,0.0,0.0,0.0,50.0,50.0,0.0,50.0,0.9,0.09999999999999998,0.0,0.0,0.0,0.0,0.0,0.0,0.0,
1765987026.1485531,eth-updown-15m-1765986300,1765986300.0,1765987200.0,,173.85144686698914,,,,,0,0,0.9,0.98,ORDERS_OPEN,,,,,,,,,,,,,,0,5,,,,,,,,,,,,,,,,,,,,,,,,,,,,0.0,0.0,,,,,0,0,,,Inv: 0.0/0.0 CapLeft: 50.0,,,0.0,0.0,0.0,50.0,50.0,0.0,50.0,0.9,0.09999999999999998,0.0,0.0,0.0,0.0,0.0,0.0,0.0,
1765987025.6923747,eth-updown-15m-1765986300,1765986300.0,1765987200.0,,174.3076252937317,,,,,0,0,0.99,0.98,IDLE,,,,,,,,,,,,,,0,5,,,,,,,,,,,,,,,,,,,,CAP_FULL,,,,,,,,25.0,25.0,,,,,0,0,,,Inv: 25.0/25.0 CapLeft: 0.0,,,25.0,25.0,50.0,0.0,50.0,0.0,50.0,0.97,0.030000000000000027,5.0,0.4,0.6,0.0,5.0,0.0,0.002,OK
1765987027.6735375,eth-updown-15m-1765986300,1765986300.0,1765987200.0,,172.32646250724792,,,,,0,0,0.99,0.98,IDLE,,,,,,,,,,,,,,0,5,,,,,,,,,,,,,,,,,,,,CAP_FULL,,,,,,,,25.0,25.0,,,,,0,0,,,Inv: 25.0/25.0 CapLeft: 0.0,,,25.0,25.0,50.0,0.0,50.0,0.0,50.0,0.97,0.030000000000000027,5.0,0.4,0.6,0.0,5.0,0.0,0.002,OK
1765987029.15087,eth-updown-15m-1765986300,1765986300.0,1765987200.0,,170.84912991523743,,,,,0.45,0.45,0.9,0.98,ORDERS_OPEN,,,,,,,,,,,,,,5,5,,,,,,,,,,,,,,,,,,,,Leg:BOTH UP:5 DOWN:5,,,,,,,,0.0,0.0,,,,,0,0,,,Inv: 0.0/0.0 CapLeft: 50.0,,,0.0,0.0,0.0,50.0,50.0,0.0,50.0,0.9,0.09999999999999998,0.0,0.0,0.0,0.0,0.0,0.0,0.0,
1765987029.6479292,eth-updown-15m-1765986300,1765986300.0,1765987200.0,,170.35207080841064,,,,,0,0,0.99,0.98,IDLE,,,,,,,,,,,,,,0,5,,,,,,,,,,,,,,,,,,,,CAP_FULL,,,,,,,,25.0,25.0,,,,,0,0,,,Inv: 25.0/25.0 CapLeft: 0.0,,,25.0,25.0,50.0,0.0,50.0,0.0,50.0,0.97,0.030000000000000027,5.0,0.4,0.6,0.0,5.0,0.0,0.002,OK
1765987030.652288,eth-updown-15m-1765986300,1765986300.0,1765987200.0,,169.3477120399475,,,,,0,0,0.9,0.98,ORDERS_OPEN,,,,,,,,,,,,,,0,5,,,,,,,,,,,,,,,,,,,,,,,,,,,,0.0,0.0,,,,,0,0,,,Inv: 0.0/0.0 CapLeft: 50.0,,,0.0,0.0,0.0,50.0,50.0,0.0,50.0,0.9,0.09999999999999998,0.0,0.0,0.0,0.0,0.0,0.0,0.0,
1765987031.5866494,eth-updown-15m-1765986300,1765986300.0,1765987200.0,,168.4133505821228,,,,,0,0,0.99,0.98,IDLE,,,,,,,,,,,,,,0,5,,,,,,,,,,,,,,,,,,,,CAP_FULL,,,,,,,,25.0,25.0,,,,,0,0,,,Inv: 25.0/25.0 CapLeft: 0.0,,,25.0,25.0,50.0,0.0,50.0,0.0,50.0,0.97,0.030000000000000027,5.0,0.4,0.6,0.0,5.0,0.0,0.002,OK
1765987032.1537755,eth-updown-15m-1765986300,1765986300.0,1765987200.0,,167.8462245464325,,,,,0,0,0.9,0.98,ORDERS_OPEN,,,,,,,,,,,,,,0,5,,,,,,,,,,,,,,,,,,,,,,,,,,,,0.0,0.0,,,,,0,0,,,Inv: 0.0/0.0 CapLeft: 50.0,,,0.0,0.0,0.0,50.0,50.0,0.0,50.0,0.9,0.09999999999999998,0.0,0.0,0.0,0.0,0.0,0.0,0.0,
1765987033.6555855,eth-updown-15m-1765986300,1765986300.0,1765987200.0,,166.34441447257996,,,,,0,0,0.9,0.98,ORDERS_OPEN,,,,,,,,,,,,,,0,5,,,,,,,,,,,,,,,,,,,,,,,,,,,,0.0,0.0,,,,,0,0,,,Inv: 0.0/0.0 CapLeft: 50.0,,,0.0,0.0,0.0,50.0,50.0,0.0,50.0,0.9,0.09999999999999998,0.0,0.0,0.0,0.0,0.0,0.0,0.0,
1765987033.5293515,eth-updown-15m-1765986300,1765986300.0,1765987200.0,,166.47064852714539,,,,,0,0,0.99,0.98,IDLE,,,,,,,,,,,,,,0,5,,,,,,,,,,,,,,,,,,,,CAP_FULL,,,,,,,,25.0,25.0,,,,,0,0,,,Inv: 25.0/25.0 CapLeft: 0.0,,,25.0,25.0,50.0,0.0,50.0,0.0,50.0,0.97,0.030000000000000027,5.0,0.4,0.6,0.0,5.0,0.0,0.002,OK
1765987035.1578822,eth-updown-15m-1765986300,1765986300.0,1765987200.0,,164.84211778640747,,,,,0,0,0.9,0.98,ORDERS_OPEN,,,,,,,,,,,,,,0,5,,,,,,,,,,,,,,,,,,,,,,,,,,,,0.0,0.0,,,,,0,0,,,Inv: 0.0/0.0 CapLeft: 50.0,,,0.0,0.0,0.0,50.0,50.0,0.0,50.0,0.9,0.09999999999999998,0.0,0.0,0.0,0.0,0.0,0.0,0.0,
1765987035.5809848,eth-updown-15m-1765986300,1765986300.0,1765987200.0,,164.41901516914368,,,,,0,0,0.99,0.98,IDLE,,,,,,,,,,,,,,0,5,,,,,,,,,,,,,,,,,,,,CAP_FULL,,,,,,,,25.0,25.0,,,,,0,0,,,Inv: 25.0/25.0 CapLeft: 0.0,,,25.0,25.0,50.0,0.0,50.0,0.0,50.0,0.97,0.030000000000000027,5.0,0.4,0.6,0.0,5.0,0.0,0.002,OK
1765987036.6594536,eth-updown-15m-1765986300,1765986300.0,1765987200.0,,163.3405463695526,,,,,0,0,0.9,0.98,ORDERS_OPEN,,,,,,,,,,,,,,0,5,,,,,,,,,,,,,,,,,,,,,,,,,,,,0.0,0.0,,,,,0,0,,,Inv: 0.0/0.0 CapLeft: 50.0,,,0.0,0.0,0.0,50.0,50.0,0.0,50.0,0.9,0.09999999999999998,0.0,0.0,0.0,0.0,0.0,0.0,0.0,
1765987037.533637,eth-updown-15m-1765986300,1765986300.0,1765987200.0,,162.46636295318604,,,,,0,0,0.99,0.98,IDLE,,,,,,,,,,,,,,0,5,,,,,,,,,,,,,,,,,,,,CAP_FULL,,,,,,,,25.0,25.0,,,,,0,0,,,Inv: 25.0/25.0 CapLeft: 0.0,,,25.0,25.0,50.0,0.0,50.0,0.0,50.0,0.97,0.030000000000000027,5.0,0.4,0.6,0.0,5.0,0.0,0.002,OK
1765987038.1618183,eth-updown-15m-1765986300,1765986300.0,1765987200.0,,161.83818173408508,,,,,0,0,0.9,0.98,ORDERS_OPEN,,,,,,,,,,,,,,0,5,,,,,,,,,,,,,,,,,,,,,,,,,,,,0.0,0.0,,,,,0,0,,,Inv: 0.0/0.0 CapLeft: 50.0,,,0.0,0.0,0.0,50.0,50.0,0.0,50.0,0.9,0.09999999999999998,0.0,0.0,0.0,0.0,0.0,0.0,0.0,
1765987039.6638432,eth-updown-15m-1765986300,1765986300.0,1765987200.0,,160.33615684509277,,,,,0,0,0.9,0.98,ORDERS_OPEN,,,,,,,,,,,,,,0,5,,,,,,,,,,,,,,,,,,,,,,,,,,,,0.0,0.0,,,,,0,0,,,Inv: 0.0/0.0 CapLeft: 50.0,,,0.0,0.0,0.0,50.0,50.0,0.0,50.0,0.9,0.09999999999999998,0.0,0.0,0.0,0.0,0.0,0.0,0.0,
1765987039.4729745,eth-updown-15m-1765986300,1765986300.0,1765987200.0,,160.5270254611969,,,,,0,0,0.99,0.98,IDLE,,,,,,,,,,,,,,0,5,,,,,,,,,,,,,,,,,,,,CAP_FULL,,,,,,,,25.0,25.0,,,,,0,0,,,Inv: 25.0/25.0 CapLeft: 0.0,,,25.0,25.0,50.0,0.0,50.0,0.0,50.0,0.97,0.030000000000000027,5.0,0.4,0.6,0.0,5.0,0.0,0.002,OK
1765987041.1658335,eth-updown-15m-1765986300,1765986300.0,1765987200.0,,158.83416652679443,,,,,0,0,0.9,0.98,ORDERS_OPEN,,,,,,,,,,,,,,0,5,,,,,,,,,,,,,,,,,,,,,,,,,,,,0.0,0.0,,,,,0,0,,,Inv: 0.0/0.0 CapLeft: 50.0,,,0.0,0.0,0.0,50.0,50.0,0.0,50.0,0.9,0.09999999999999998,0.0,0.0,0.0,0.0,0.0,0.0,0.0,
1765987041.4247384,eth-updown-15m-1765986300,1765986300.0,1765987200.0,,158.575261592865,,,,,0,0,0.99,0.98,IDLE,,,,,,,,,,,,,,0,5,,,,,,,,,,,,,,,,,,,,CAP_FULL,,,,,,,,25.0,25.0,,,,,0,0,,,Inv: 25.0/25.0 CapLeft: 0.0,,,25.0,25.0,50.0,0.0,50.0,0.0,50.0,0.97,0.030000000000000027,5.0,0.4,0.6,0.0,5.0,0.0,0.002,OK
1765987042.6681697,eth-updown-15m-1765986300,1765986300.0,1765987200.0,,157.33183026313782,,,,,0,0,0.9,0.98,ORDERS_OPEN,,,,,,,,,,,,,,0,5,,,,,,,,,,,,,,,,,,,,,,,,,,,,0.0,0.0,,,,,0,0,,,Inv: 0.0/0.0 CapLeft: 50.0,,,0.0,0.0,0.0,50.0,50.0,0.0,50.0,0.9,0.09999999999999998,0.0,0.0,0.0,0.0,0.0,0.0,0.0,
1765987043.4313192,eth-updown-15m-1765986300,1765986300.0,1765987200.0,,156.56868076324463,,,,,0,0,0.99,0.98,IDLE,,,,,,,,,,,,,,0,5,,,,,,,,,,,,,,,,,,,,CAP_FULL,,,,,,,,25.0,25.0,,,,,0,0,,,Inv: 25.0/25.0 CapLeft: 0.0,,,25.0,25.0,50.0,0.0,50.0,0.0,50.0,0.97,0.030000000000000027,5.0,0.4,0.6,0.0,5.0,0.0,0.002,OK
1765987045.6713355,eth-updown-15m-1765986300,1765986300.0,1765987200.0,,154.3286645412445,,,,,0.45,0.45,0.9,0.98,ORDERS_OPEN,,,,,,,,,,,,,,5,5,,,,,,,,,,,,,,,,,,,,Leg:BOTH UP:5 DOWN:5,,,,,,,,0.0,0.0,,,,,0,0,,,Inv: 0.0/0.0 CapLeft: 50.0,,,0.0,0.0,0.0,50.0,50.0,0.0,50.0,0.9,0.09999999999999998,0.0,0.0,0.0,0.0,0.0,0.0,0.0,
1765987045.4720883,eth-updown-15m-1765986300,1765986300.0,1765987200.0,,154.52791166305542,,,,,0,0,0.99,0.98,IDLE,,,,,,,,,,,,,,0,5,,,,,,,,,,,,,,,,,,,,CAP_FULL,,,,,,,,25.0,25.0,,,,,0,0,,,Inv: 25.0/25.0 CapLeft: 0.0,,,25.0,25.0,50.0,0.0,50.0,0.0,50.0,0.97,0.030000000000000027,5.0,0.4,0.6,0.0,5.0,0.0,0.002,OK
1765987047.173568,eth-updown-15m-1765986300,1765986300.0,1765987200.0,,152.8264319896698,,,,,0,0,0.9,0.98,ORDERS_OPEN,,,,,,,,,,,,,,0,5,,,,,,,,,,,,,,,,,,,,,,,,,,,,0.0,0.0,,,,,0,0,,,Inv: 0.0/0.0 CapLeft: 50.0,,,0.0,0.0,0.0,50.0,50.0,0.0,50.0,0.9,0.09999999999999998,0.0,0.0,0.0,0.0,0.0,0.0,0.0,
1765987047.404159,eth-updown-15m-1765986300,1765986300.0,1765987200.0,,152.59584093093872,,,,,0,0,0.99,0.98,IDLE,,,,,,,,,,,,,,0,5,,,,,,,,,,,,,,,,,,,,CAP_FULL,,,,,,,,25.0,25.0,,,,,0,0,,,Inv: 25.0/25.0 CapLeft: 0.0,,,25.0,25.0,50.0,0.0,50.0,0.0,50.0,0.97,0.030000000000000027,5.0,0.4,0.6,0.0,5.0,0.0,0.002,OK
1765987048.6753874,eth-updown-15m-1765986300,1765986300.0,1765987200.0,,151.32461261749268,,,,,0,0,0.9,0.98,ORDERS_OPEN,,,,,,,,,,,,,,0,5,,,,,,,,,,,,,,,,,,,,,,,,,,,,0.0,0.0,,,,,0,0,,,Inv: 0.0/0.0 CapLeft: 50.0,,,0.0,0.0,0.0,50.0,50.0,0.0,50.0,0.9,0.09999999999999998,0.0,0.0,0.0,0.0,0.0,0.0,0.0,
1765987049.3589792,eth-updown-15m-1765986300,1765986300.0,1765987200.0,,150.6410207748413,,,,,0,0,0.99,0.98,IDLE,,,,,,,,,,,,,,0,5,,,,,,,,,,,,,,,,,,,,CAP_FULL,,,,,,,,25.0,25.0,,,,,0,0,,,Inv: 25.0/25.0 CapLeft: 0.0,,,25.0,25.0,50.0,0.0,50.0,0.0,50.0,0.97,0.030000000000000027,5.0,0.4,0.6,0.0,5.0,0.0,0.002,OK
1765987050.177048,eth-updown-15m-1765986300,1765986300.0,1765987200.0,,149.82295203208923,,,,,0,0,0.9,0.98,ORDERS_OPEN,,,,,,,,,,,,,,0,5,,,,,,,,,,,,,,,,,,,,,,,,,,,,0.0,0.0,,,,,0,0,,,Inv: 0.0/0.0 CapLeft: 50.0,,,0.0,0.0,0.0,50.0,50.0,0.0,50.0,0.9,0.09999999999999998,0.0,0.0,0.0,0.0,0.0,0.0,0.0,
1765987051.6788063,eth-updown-15m-1765986300,1765986300.0,1765987200.0,,148.32119369506836,,,,,0,0,0.9,0.98,ORDERS_OPEN,,,,,,,,,,,,,,0,5,,,,,,,,,,,,,,,,,,,,,,,,,,,,0.0,0.0,,,,,0,0,,,Inv: 0.0/0.0 CapLeft: 50.0,,,0.0,0.0,0.0,50.0,50.0,0.0,50.0,0.9,0.09999999999999998,0.0,0.0,0.0,0.0,0.0,0.0,0.0,
1765987051.3114028,eth-updown-15m-1765986300,1765986300.0,1765987200.0,,148.68859720230103,,,,,0,0,0.99,0.98,IDLE,,,,,,,,,,,,,,0,5,,,,,,,,,,,,,,,,,,,,CAP_FULL,,,,,,,,25.0,25.0,,,,,0,0,,,Inv: 25.0/25.0 CapLeft: 0.0,,,25.0,25.0,50.0,0.0,50.0,0.0,50.0,0.97,0.030000000000000027,5.0,0.4,0.6,0.0,5.0,0.0,0.002,OK
1765987053.1808758,eth-updown-15m-1765986300,1765986300.0,1765987200.0,,146.81912422180176,,,,,0,0,0.9,0.98,ORDERS_OPEN,,,,,,,,,,,,,,0,5,,,,,,,,,,,,,,,,,,,,,,,,,,,,0.0,0.0,,,,,0,0,,,Inv: 0.0/0.0 CapLeft: 50.0,,,0.0,0.0,0.0,50.0,50.0,0.0,50.0,0.9,0.09999999999999998,0.0,0.0,0.0,0.0,0.0,0.0,0.0,
1765987053.252671,eth-updown-15m-1765986300,1765986300.0,1765987200.0,,146.74732899665833,,,,,0,0,0.99,0.98,IDLE,,,,,,,,,,,,,,0,5,,,,,,,,,,,,,,,,,,,,CAP_FULL,,,,,,,,25.0,25.0,,,,,0,0,,,Inv: 25.0/25.0 CapLeft: 0.0,,,25.0,25.0,50.0,0.0,50.0,0.0,50.0,0.97,0.030000000000000027,5.0,0.4,0.6,0.0,5.0,0.0,0.002,OK
1765987054.6826172,eth-updown-15m-1765986300,1765986300.0,1765987200.0,,145.3173828125,,,,,0,0,0.9,0.98,ORDERS_OPEN,,,,,,,,,,,,,,0,5,,,,,,,,,,,,,,,,,,,,,,,,,,,,0.0,0.0,,,,,0,0,,,Inv: 0.0/0.0 CapLeft: 50.0,,,0.0,0.0,0.0,50.0,50.0,0.0,50.0,0.9,0.09999999999999998,0.0,0.0,0.0,0.0,0.0,0.0,0.0,
1765987055.2019527,eth-updown-15m-1765986300,1765986300.0,1765987200.0,,144.79804730415344,,,,,0,0,0.99,0.98,IDLE,,,,,,,,,,,,,,0,5,,,,,,,,,,,,,,,,,,,,CAP_FULL,,,,,,,,25.0,25.0,,,,,0,0,,,Inv: 25.0/25.0 CapLeft: 0.0,,,25.0,25.0,50.0,0.0,50.0,0.0,50.0,0.97,0.030000000000000027,5.0,0.4,0.6,0.0,5.0,0.0,0.002,OK
1765987056.1844819,eth-updown-15m-1765986300,1765986300.0,1765987200.0,,143.81551814079285,,,,,0,0,0.9,0.98,ORDERS_OPEN,,,,,,,,,,,,,,0,5,,,,,,,,,,,,,,,,,,,,,,,,,,,,0.0,0.0,,,,,0,0,,,Inv: 0.0/0.0 CapLeft: 50.0,,,0.0,0.0,0.0,50.0,50.0,0.0,50.0,0.9,0.09999999999999998,0.0,0.0,0.0,0.0,0.0,0.0,0.0,
1765987057.1659176,eth-updown-15m-1765986300,1765986300.0,1765987200.0,,142.834082365036,,,,,0,0,0.99,0.98,IDLE,,,,,,,,,,,,,,0,5,,,,,,,,,,,,,,,,,,,,CAP_FULL,,,,,,,,25.0,25.0,,,,,0,0,,,Inv: 25.0/25.0 CapLeft: 0.0,,,25.0,25.0,50.0,0.0,50.0,0.0,50.0,0.97,0.030000000000000027,5.0,0.4,0.6,0.0,5.0,0.0,0.002,OK
1765987057.6865098,eth-updown-15m-1765986300,1765986300.0,1765987200.0,,142.313490152359,,,,,0,0,0.9,0.98,ORDERS_OPEN,,,,,,,,,,,,,,0,5,,,,,,,,,,,,,,,,,,,,,,,,,,,,0.0,0.0,,,,,0,0,,,Inv: 0.0/0.0 CapLeft: 50.0,,,0.0,0.0,0.0,50.0,50.0,0.0,50.0,0.9,0.09999999999999998,0.0,0.0,0.0,0.0,0.0,0.0,0.0,
1765987059.1912267,eth-updown-15m-1765986300,1765986300.0,1765987200.0,,140.80877327919006,,,,,0,0,0.9,0.98,ORDERS_OPEN,,,,,,,,,,,,,,0,5,,,,,,,,,,,,,,,,,,,,,,,,,,,,0.0,0.0,,,,,0,0,,,Inv: 0.0/0.0 CapLeft: 50.0,,,0.0,0.0,0.0,50.0,50.0,0.0,50.0,0.9,0.09999999999999998,0.0,0.0,0.0,0.0,0.0,0.0,0.0,
1765987059.1282995,eth-updown-15m-1765986300,1765986300.0,1765987200.0,,140.8717005252838,,,,,0,0,0.99,0.98,IDLE,,,,,,,,,,,,,,0,5,,,,,,,,,,,,,,,,,,,,CAP_FULL,,,,,,,,25.0,25.0,,,,,0,0,,,Inv: 25.0/25.0 CapLeft: 0.0,,,25.0,25.0,50.0,0.0,50.0,0.0,50.0,0.97,0.030000000000000027,5.0,0.4,0.6,0.0,5.0,0.0,0.002,OK
1765987061.1527505,eth-updown-15m-1765986300,1765986300.0,1765987200.0,,138.84724950790405,,,,,0,0,0.99,0.98,IDLE,,,,,,,,,,,,,,0,5,,,,,,,,,,,,,,,,,,,,CAP_FULL,,,,,,,,25.0,25.0,,,,,0,0,,,Inv: 25.0/25.0 CapLeft: 0.0,,,25.0,25.0,50.0,0.0,50.0,0.0,50.0,0.97,0.030000000000000027,5.0,0.4,0.6,0.0,5.0,0.0,0.002,OK
1765987062.1942267,eth-updown-15m-1765986300,1765986300.0,1765987200.0,,137.80577325820923,,,,,0.45,0.45,0.9,0.98,ORDERS_OPEN,,,,,,,,,,,,,,5,5,,,,,,,,,,,,,,,,,,,,Leg:BOTH UP:5 DOWN:5,,,,,,,,0.0,0.0,,,,,0,0,,,Inv: 0.0/0.0 CapLeft: 50.0,,,0.0,0.0,0.0,50.0,50.0,0.0,50.0,0.9,0.09999999999999998,0.0,0.0,0.0,0.0,0.0,0.0,0.0,
1765987063.1069975,eth-updown-15m-1765986300,1765986300.0,1765987200.0,,136.8930025100708,,,,,0,0,0.99,0.98,IDLE,,,,,,,,,,,,,,0,5,,,,,,,,,,,,,,,,,,,,CAP_FULL,,,,,,,,25.0,25.0,,,,,0,0,,,Inv: 25.0/25.0 CapLeft: 0.0,,,25.0,25.0,50.0,0.0,50.0,0.0,50.0,0.97,0.030000000000000027,5.0,0.4,0.6,0.0,5.0,0.0,0.002,OK
1765987063.6958306,eth-updown-15m-1765986300,1765986300.0,1765987200.0,,136.3041694164276,,,,,0,0,0.9,0.98,ORDERS_OPEN,,,,,,,,,,,,,,0,5,,,,,,,,,,,,,,,,,,,,,,,,,,,,0.0,0.0,,,,,0,0,,,Inv: 0.0/0.0 CapLeft: 50.0,,,0.0,0.0,0.0,50.0,50.0,0.0,50.0,0.9,0.09999999999999998,0.0,0.0,0.0,0.0,0.0,0.0,0.0,
1765987065.197429,eth-updown-15m-1765986300,1765986300.0,1765987200.0,,134.80257105827332,,,,,0,0,0.9,0.98,ORDERS_OPEN,,,,,,,,,,,,,,0,5,,,,,,,,,,,,,,,,,,,,,,,,,,,,0.0,0.0,,,,,0,0,,,Inv: 0.0/0.0 CapLeft: 50.0,,,0.0,0.0,0.0,50.0,50.0,0.0,50.0,0.9,0.09999999999999998,0.0,0.0,0.0,0.0,0.0,0.0,0.0,
1765987065.1309776,eth-updown-15m-1765986300,1765986300.0,1765987200.0,,134.86902236938477,,,,,0,0,0.99,0.98,IDLE,,,,,,,,,,,,,,0,5,,,,,,,,,,,,,,,,,,,,CAP_FULL,,,,,,,,25.0,25.0,,,,,0,0,,,Inv: 25.0/25.0 CapLeft: 0.0,,,25.0,25.0,50.0,0.0,50.0,0.0,50.0,0.97,0.030000000000000027,5.0,0.4,0.6,0.0,5.0,0.0,0.002,OK
1765987066.6994512,eth-updown-15m-1765986300,1765986300.0,1765987200.0,,133.30054879188538,,,,,0,0,0.9,0.98,ORDERS_OPEN,,,,,,,,,,,,,,0,5,,,,,,,,,,,,,,,,,,,,,,,,,,,,0.0,0.0,,,,,0,0,,,Inv: 0.0/0.0 CapLeft: 50.0,,,0.0,0.0,0.0,50.0,50.0,0.0,50.0,0.9,0.09999999999999998,0.0,0.0,0.0,0.0,0.0,0.0,0.0,
1765987067.1017401,eth-updown-15m-1765986300,1765986300.0,1765987200.0,,132.89825987815857,,,,,0,0,0.99,0.98,IDLE,,,,,,,,,,,,,,0,5,,,,,,,,,,,,,,,,,,,,CAP_FULL,,,,,,,,25.0,25.0,,,,,0,0,,,Inv: 25.0/25.0 CapLeft: 0.0,,,25.0,25.0,50.0,0.0,50.0,0.0,50.0,0.97,0.030000000000000027,5.0,0.4,0.6,0.0,5.0,0.0,0.002,OK
1765987068.2008815,eth-updown-15m-1765986300,1765986300.0,1765987200.0,,131.79911851882935,,,,,0,0,0.9,0.98,ORDERS_OPEN,,,,,,,,,,,,,,0,5,,,,,,,,,,,,,,,,,,,,,,,,,,,,0.0,0.0,,,,,0,0,,,Inv: 0.0/0.0 CapLeft: 50.0,,,0.0,0.0,0.0,50.0,50.0,0.0,50.0,0.9,0.09999999999999998,0.0,0.0,0.0,0.0,0.0,0.0,0.0,
1765987069.044421,eth-updown-15m-1765986300,1765986300.0,1765987200.0,,130.9555790424347,,,,,0,0,0.99,0.98,IDLE,,,,,,,,,,,,,,0,5,,,,,,,,,,,,,,,,,,,,CAP_FULL,,,,,,,,25.0,25.0,,,,,0,0,,,Inv: 25.0/25.0 CapLeft: 0.0,,,25.0,25.0,50.0,0.0,50.0,0.0,50.0,0.97,0.030000000000000027,5.0,0.4,0.6,0.0,5.0,0.0,0.002,OK
1765987069.703068,eth-updown-15m-1765986300,1765986300.0,1765987200.0,,130.2969319820404,,,,,0,0,0.9,0.98,ORDERS_OPEN,,,,,,,,,,,,,,0,5,,,,,,,,,,,,,,,,,,,,,,,,,,,,0.0,0.0,,,,,0,0,,,Inv: 0.0/0.0 CapLeft: 50.0,,,0.0,0.0,0.0,50.0,50.0,0.0,50.0,0.9,0.09999999999999998,0.0,0.0,0.0,0.0,0.0,0.0,0.0,
1765987071.2051978,eth-updown-15m-1765986300,1765986300.0,1765987200.0,,128.7948021888733,,,,,0,0,0.9,0.98,ORDERS_OPEN,,,,,,,,,,,,,,0,5,,,,,,,,,,,,,,,,,,,,,,,,,,,,0.0,0.0,,,,,0,0,,,Inv: 0.0/0.0 CapLeft: 50.0,,,0.0,0.0,0.0,50.0,50.0,0.0,50.0,0.9,0.09999999999999998,0.0,0.0,0.0,0.0,0.0,0.0,0.0,
1765987070.9916964,eth-updown-15m-1765986300,1765986300.0,1765987200.0,,129.00830364227295,,,,,0,0,0.99,0.98,IDLE,,,,,,,,,,,,,,0,5,,,,,,,,,,,,,,,,,,,,CAP_FULL,,,,,,,,25.0,25.0,,,,,0,0,,,Inv: 25.0/25.0 CapLeft: 0.0,,,25.0,25.0,50.0,0.0,50.0,0.0,50.0,0.97,0.030000000000000027,5.0,0.4,0.6,0.0,5.0,0.0,0.002,OK
1765987072.708102,eth-updown-15m-1765986300,1765986300.0,1765987200.0,,127.29189801216125,,,,,0,0,0.9,0.98,ORDERS_OPEN,,,,,,,,,,,,,,0,5,,,,,,,,,,,,,,,,,,,,,,,,,,,,0.0,0.0,,,,,0,0,,,Inv: 0.0/0.0 CapLeft: 50.0,,,0.0,0.0,0.0,50.0,50.0,0.0,50.0,0.9,0.09999999999999998,0.0,0.0,0.0,0.0,0.0,0.0,0.0,
1765987072.9518528,eth-updown-15m-1765986300,1765986300.0,1765987200.0,,127.04814720153809,,,,,0,0,0.99,0.98,IDLE,,,,,,,,,,,,,,0,5,,,,,,,,,,,,,,,,,,,,CAP_FULL,,,,,,,,25.0,25.0,,,,,0,0,,,Inv: 25.0/25.0 CapLeft: 0.0,,,25.0,25.0,50.0,0.0,50.0,0.0,50.0,0.97,0.030000000000000027,5.0,0.4,0.6,0.0,5.0,0.0,0.002,OK
1765987074.2094018,eth-updown-15m-1765986300,1765986300.0,1765987200.0,,125.790598154068,,,,,0,0,0.9,0.98,ORDERS_OPEN,,,,,,,,,,,,,,0,5,,,,,,,,,,,,,,,,,,,,,,,,,,,,0.0,0.0,,,,,0,0,,,Inv: 0.0/0.0 CapLeft: 50.0,,,0.0,0.0,0.0,50.0,50.0,0.0,50.0,0.9,0.09999999999999998,0.0,0.0,0.0,0.0,0.0,0.0,0.0,
1765987074.9305468,eth-updown-15m-1765986300,1765986300.0,1765987200.0,,125.06945323944092,,,,,0,0,0.99,0.98,IDLE,,,,,,,,,,,,,,0,5,,,,,,,,,,,,,,,,,,,,CAP_FULL,,,,,,,,25.0,25.0,,,,,0,0,,,Inv: 25.0/25.0 CapLeft: 0.0,,,25.0,25.0,50.0,0.0,50.0,0.0,50.0,0.97,0.030000000000000027,5.0,0.4,0.6,0.0,5.0,0.0,0.002,OK
1765987075.7104497,eth-updown-15m-1765986300,1765986300.0,1765987200.0,,124.28955030441284,,,,,0,0,0.9,0.98,ORDERS_OPEN,,,,,,,,,,,,,,0,5,,,,,,,,,,,,,,,,,,,,,,,,,,,,0.0,0.0,,,,,0,0,,,Inv: 0.0/0.0 CapLeft: 50.0,,,0.0,0.0,0.0,50.0,50.0,0.0,50.0,0.9,0.09999999999999998,0.0,0.0,0.0,0.0,0.0,0.0,0.0,
1765987076.8867073,eth-updown-15m-1765986300,1765986300.0,1765987200.0,,123.1132926940918,,,,,0,0,0.99,0.98,IDLE,,,,,,,,,,,,,,0,5,,,,,,,,,,,,,,,,,,,,CAP_FULL,,,,,,,,25.0,25.0,,,,,0,0,,,Inv: 25.0/25.0 CapLeft: 0.0,,,25.0,25.0,50.0,0.0,50.0,0.0,50.0,0.97,0.030000000000000027,5.0,0.4,0.6,0.0,5.0,0.0,0.002,OK
1765987078.712965,eth-updown-15m-1765986300,1765986300.0,1765987200.0,,121.28703498840332,,,,,0.45,0.45,0.9,0.98,ORDERS_OPEN,,,,,,,,,,,,,,5,5,,,,,,,,,,,,,,,,,,,,Leg:BOTH UP:5 DOWN:5,,,,,,,,0.0,0.0,,,,,0,0,,,Inv: 0.0/0.0 CapLeft: 50.0,,,0.0,0.0,0.0,50.0,50.0,0.0,50.0,0.9,0.09999999999999998,0.0,0.0,0.0,0.0,0.0,0.0,0.0,
1765987078.8380523,eth-updown-15m-1765986300,1765986300.0,1765987200.0,,121.16194772720337,,,,,0,0,0.99,0.98,IDLE,,,,,,,,,,,,,,0,5,,,,,,,,,,,,,,,,,,,,CAP_FULL,,,,,,,,25.0,25.0,,,,,0,0,,,Inv: 25.0/25.0 CapLeft: 0.0,,,25.0,25.0,50.0,0.0,50.0,0.0,50.0,0.97,0.030000000000000027,5.0,0.4,0.6,0.0,5.0,0.0,0.002,OK
1765987080.2144873,eth-updown-15m-1765986300,1765986300.0,1765987200.0,,119.78551268577576,,,,,0,0,0.9,0.98,ORDERS_OPEN,,,,,,,,,,,,,,0,5,,,,,,,,,,,,,,,,,,,,,,,,,,,,0.0,0.0,,,,,0,0,,,Inv: 0.0/0.0 CapLeft: 50.0,,,0.0,0.0,0.0,50.0,50.0,0.0,50.0,0.9,0.09999999999999998,0.0,0.0,0.0,0.0,0.0,0.0,0.0,
1765987080.7974582,eth-updown-15m-1765986300,1765986300.0,1765987200.0,,119.20254182815552,,,,,0,0,0.99,0.98,IDLE,,,,,,,,,,,,,,0,5,,,,,,,,,,,,,,,,,,,,CAP_FULL,,,,,,,,25.0,25.0,,,,,0,0,,,Inv: 25.0/25.0 CapLeft: 0.0,,,25.0,25.0,50.0,0.0,50.0,0.0,50.0,0.97,0.030000000000000027,5.0,0.4,0.6,0.0,5.0,0.0,0.002,OK
1765987081.7162645,eth-updown-15m-1765986300,1765986300.0,1765987200.0,,118.28373551368713,,,,,0,0,0.9,0.98,ORDERS_OPEN,,,,,,,,,,,,,,0,5,,,,,,,,,,,,,,,,,,,,,,,,,,,,0.0,0.0,,,,,0,0,,,Inv: 0.0/0.0 CapLeft: 50.0,,,0.0,0.0,0.0,50.0,50.0,0.0,50.0,0.9,0.09999999999999998,0.0,0.0,0.0,0.0,0.0,0.0,0.0,
1765987083.2180784,eth-updown-15m-1765986300,1765986300.0,1765987200.0,,116.78192162513733,,,,,0,0,0.9,0.98,ORDERS_OPEN,,,,,,,,,,,,,,0,5,,,,,,,,,,,,,,,,,,,,,,,,,,,,0.0,0.0,,,,,0,0,,,Inv: 0.0/0.0 CapLeft: 50.0,,,0.0,0.0,0.0,50.0,50.0,0.0,50.0,0.9,0.09999999999999998,0.0,0.0,0.0,0.0,0.0,0.0,0.0,
1765987082.7975984,eth-updown-15m-1765986300,1765986300.0,1765987200.0,,117.202401638031,,,,,0,0,0.99,0.98,IDLE,,,,,,,,,,,,,,0,5,,,,,,,,,,,,,,,,,,,,CAP_FULL,,,,,,,,25.0,25.0,,,,,0,0,,,Inv: 25.0/25.0 CapLeft: 0.0,,,25.0,25.0,50.0,0.0,50.0,0.0,50.0,0.97,0.030000000000000027,5.0,0.4,0.6,0.0,5.0,0.0,0.002,OK
1765987084.7194233,eth-updown-15m-1765986300,1765986300.0,1765987200.0,,115.28057670593262,,,,,0,0,0.9,0.98,ORDERS_OPEN,,,,,,,,,,,,,,0,5,,,,,,,,,,,,,,,,,,,,,,,,,,,,0.0,0.0,,,,,0,0,,,Inv: 0.0/0.0 CapLeft: 50.0,,,0.0,0.0,0.0,50.0,50.0,0.0,50.0,0.9,0.09999999999999998,0.0,0.0,0.0,0.0,0.0,0.0,0.0,
1765987084.758507,eth-updown-15m-1765986300,1765986300.0,1765987200.0,,115.24149298667908,,,,,0,0,0.99,0.98,IDLE,,,,,,,,,,,,,,0,5,,,,,,,,,,,,,,,,,,,,CAP_FULL,,,,,,,,25.0,25.0,,,,,0,0,,,Inv: 25.0/25.0 CapLeft: 0.0,,,25.0,25.0,50.0,0.0,50.0,0.0,50.0,0.97,0.030000000000000027,5.0,0.4,0.6,0.0,5.0,0.0,0.002,OK
1765987086.221028,eth-updown-15m-1765986300,1765986300.0,1765987200.0,,113.77897191047668,,,,,0,0,0.9,0.98,ORDERS_OPEN,,,,,,,,,,,,,,0,5,,,,,,,,,,,,,,,,,,,,,,,,,,,,0.0,0.0,,,,,0,0,,,Inv: 0.0/0.0 CapLeft: 50.0,,,0.0,0.0,0.0,50.0,50.0,0.0,50.0,0.9,0.09999999999999998,0.0,0.0,0.0,0.0,0.0,0.0,0.0,
1765987086.7416413,eth-updown-15m-1765986300,1765986300.0,1765987200.0,,113.25835871696472,,,,,0,0,0.99,0.98,IDLE,,,,,,,,,,,,,,0,5,,,,,,,,,,,,,,,,,,,,CAP_FULL,,,,,,,,25.0,25.0,,,,,0,0,,,Inv: 25.0/25.0 CapLeft: 0.0,,,25.0,25.0,50.0,0.0,50.0,0.0,50.0,0.97,0.030000000000000027,5.0,0.4,0.6,0.0,5.0,0.0,0.002,OK
1765987087.722663,eth-updown-15m-1765986300,1765986300.0,1765987200.0,,112.27733707427979,,,,,0,0,0.9,0.98,ORDERS_OPEN,,,,,,,,,,,,,,0,5,,,,,,,,,,,,,,,,,,,,,,,,,,,,0.0,0.0,,,,,0,0,,,Inv: 0.0/0.0 CapLeft: 50.0,,,0.0,0.0,0.0,50.0,50.0,0.0,50.0,0.9,0.09999999999999998,0.0,0.0,0.0,0.0,0.0,0.0,0.0,
1765987089.2248883,eth-updown-15m-1765986300,1765986300.0,1765987200.0,,110.77511167526245,,,,,0,0,0.9,0.98,ORDERS_OPEN,,,,,,,,,,,,,,0,5,,,,,,,,,,,,,,,,,,,,,,,,,,,,0.0,0.0,,,,,0,0,,,Inv: 0.0/0.0 CapLeft: 50.0,,,0.0,0.0,0.0,50.0,50.0,0.0,50.0,0.9,0.09999999999999998,0.0,0.0,0.0,0.0,0.0,0.0,0.0,
1765987088.7848814,eth-updown-15m-1765986300,1765986300.0,1765987200.0,,111.2151186466217,,,,,0,0,0.99,0.98,IDLE,,,,,,,,,,,,,,0,5,,,,,,,,,,,,,,,,,,,,CAP_FULL,,,,,,,,25.0,25.0,,,,,0,0,,,Inv: 25.0/25.0 CapLeft: 0.0,,,25.0,25.0,50.0,0.0,50.0,0.0,50.0,0.97,0.030000000000000027,5.0,0.4,0.6,0.0,5.0,0.0,0.002,OK
1765987090.7265568,eth-updown-15m-1765986300,1765986300.0,1765987200.0,,109.2734432220459,,,,,0,0,0.9,0.98,ORDERS_OPEN,,,,,,,,,,,,,,0,5,,,,,,,,,,,,,,,,,,,,,,,,,,,,0.0,0.0,,,,,0,0,,,Inv: 0.0/0.0 CapLeft: 50.0,,,0.0,0.0,0.0,50.0,50.0,0.0,50.0,0.9,0.09999999999999998,0.0,0.0,0.0,0.0,0.0,0.0,0.0,
1765987090.7978399,eth-updown-15m-1765986300,1765986300.0,1765987200.0,,109.20216012001038,,,,,0,0,0.99,0.98,IDLE,,,,,,,,,,,,,,0,5,,,,,,,,,,,,,,,,,,,,CAP_FULL,,,,,,,,25.0,25.0,,,,,0,0,,,Inv: 25.0/25.0 CapLeft: 0.0,,,25.0,25.0,50.0,0.0,50.0,0.0,50.0,0.97,0.030000000000000027,5.0,0.4,0.6,0.0,5.0,0.0,0.002,OK
1765987092.2292516,eth-updown-15m-1765986300,1765986300.0,1765987200.0,,107.77074837684631,,,,,0,0,0.9,0.98,ORDERS_OPEN,,,,,,,,,,,,,,0,5,,,,,,,,,,,,,,,,,,,,,,,,,,,,0.0,0.0,,,,,0,0,,,Inv: 0.0/0.0 CapLeft: 50.0,,,0.0,0.0,0.0,50.0,50.0,0.0,50.0,0.9,0.09999999999999998,0.0,0.0,0.0,0.0,0.0,0.0,0.0,
1765987092.7641728,eth-updown-15m-1765986300,1765986300.0,1765987200.0,,107.23582720756531,,,,,0,0,0.99,0.98,IDLE,,,,,,,,,,,,,,0,5,,,,,,,,,,,,,,,,,,,,CAP_FULL,,,,,,,,25.0,25.0,,,,,0,0,,,Inv: 25.0/25.0 CapLeft: 0.0,,,25.0,25.0,50.0,0.0,50.0,0.0,50.0,0.97,0.030000000000000027,5.0,0.4,0.6,0.0,5.0,0.0,0.002,OK
1765987094.687999,eth-updown-15m-1765986300,1765986300.0,1765987200.0,,105.31200098991394,,,,,0,0,0.99,0.98,IDLE,,,,,,,,,,,,,,0,5,,,,,,,,,,,,,,,,,,,,CAP_FULL,,,,,,,,25.0,25.0,,,,,0,0,,,Inv: 25.0/25.0 CapLeft: 0.0,,,25.0,25.0,50.0,0.0,50.0,0.0,50.0,0.97,0.030000000000000027,5.0,0.4,0.6,0.0,5.0,0.0,0.002,OK
1765987095.232933,eth-updown-15m-1765986300,1765986300.0,1765987200.0,,104.7670669555664,,,,,0.45,0.45,0.9,0.98,ORDERS_OPEN,,,,,,,,,,,,,,5,5,,,,,,,,,,,,,,,,,,,,Leg:BOTH UP:5 DOWN:5,,,,,,,,0.0,0.0,,,,,0,0,,,Inv: 0.0/0.0 CapLeft: 50.0,,,0.0,0.0,0.0,50.0,50.0,0.0,50.0,0.9,0.09999999999999998,0.0,0.0,0.0,0.0,0.0,0.0,0.0,
1765987096.7353268,eth-updown-15m-1765986300,1765986300.0,1765987200.0,,103.26467323303223,,,,,0,0,0.9,0.98,ORDERS_OPEN,,,,,,,,,,,,,,0,5,,,,,,,,,,,,,,,,,,,,,,,,,,,,0.0,0.0,,,,,0,0,,,Inv: 0.0/0.0 CapLeft: 50.0,,,0.0,0.0,0.0,50.0,50.0,0.0,50.0,0.9,0.09999999999999998,0.0,0.0,0.0,0.0,0.0,0.0,0.0,
1765987096.6499794,eth-updown-15m-1765986300,1765986300.0,1765987200.0,,103.35002064704895,,,,,0,0,0.99,0.98,IDLE,,,,,,,,,,,,,,0,5,,,,,,,,,,,,,,,,,,,,CAP_FULL,,,,,,,,25.0,25.0,,,,,0,0,,,Inv: 25.0/25.0 CapLeft: 0.0,,,25.0,25.0,50.0,0.0,50.0,0.0,50.0,0.97,0.030000000000000027,5.0,0.4,0.6,0.0,5.0,0.0,0.002,OK
1765987098.2371845,eth-updown-15m-1765986300,1765986300.0,1765987200.0,,101.76281547546387,,,,,0,0,0.9,0.98,ORDERS_OPEN,,,,,,,,,,,,,,0,5,,,,,,,,,,,,,,,,,,,,,,,,,,,,0.0,0.0,,,,,0,0,,,Inv: 0.0/0.0 CapLeft: 50.0,,,0.0,0.0,0.0,50.0,50.0,0.0,50.0,0.9,0.09999999999999998,0.0,0.0,0.0,0.0,0.0,0.0,0.0,
1765987098.652115,eth-updown-15m-1765986300,1765986300.0,1765987200.0,,101.34788489341736,,,,,0,0,0.99,0.98,IDLE,,,,,,,,,,,,,,0,5,,,,,,,,,,,,,,,,,,,,CAP_FULL,,,,,,,,25.0,25.0,,,,,0,0,,,Inv: 25.0/25.0 CapLeft: 0.0,,,25.0,25.0,50.0,0.0,50.0,0.0,50.0,0.97,0.030000000000000027,5.0,0.4,0.6,0.0,5.0,0.0,0.002,OK
1765987099.738507,eth-updown-15m-1765986300,1765986300.0,1765987200.0,,100.26149296760559,,,,,0,0,0.9,0.98,ORDERS_OPEN,,,,,,,,,,,,,,0,5,,,,,,,,,,,,,,,,,,,,,,,,,,,,0.0,0.0,,,,,0,0,,,Inv: 0.0/0.0 CapLeft: 50.0,,,0.0,0.0,0.0,50.0,50.0,0.0,50.0,0.9,0.09999999999999998,0.0,0.0,0.0,0.0,0.0,0.0,0.0,
1765987100.6365101,eth-updown-15m-1765986300,1765986300.0,1765987200.0,,99.36348986625671,,,,,0,0,0.99,0.98,IDLE,,,,,,,,,,,,,,0,5,,,,,,,,,,,,,,,,,,,,CAP_FULL,,,,,,,,25.0,25.0,,,,,0,0,,,Inv: 25.0/25.0 CapLeft: 0.0,,,25.0,25.0,50.0,0.0,50.0,0.0,50.0,0.97,0.030000000000000027,5.0,0.4,0.6,0.0,5.0,0.0,0.002,OK
1765987101.2403903,eth-updown-15m-1765986300,1765986300.0,1765987200.0,,98.75960969924927,,,,,0,0,0.9,0.98,ORDERS_OPEN,,,,,,,,,,,,,,0,5,,,,,,,,,,,,,,,,,,,,,,,,,,,,0.0,0.0,,,,,0,0,,,Inv: 0.0/0.0 CapLeft: 50.0,,,0.0,0.0,0.0,50.0,50.0,0.0,50.0,0.9,0.09999999999999998,0.0,0.0,0.0,0.0,0.0,0.0,0.0,
1765987102.7422328,eth-updown-15m-1765986300,1765986300.0,1765987200.0,,97.25776720046997,,,,,0,0,0.9,0.98,ORDERS_OPEN,,,,,,,,,,,,,,0,5,,,,,,,,,,,,,,,,,,,,,,,,,,,,0.0,0.0,,,,,0,0,,,Inv: 0.0/0.0 CapLeft: 50.0,,,0.0,0.0,0.0,50.0,50.0,0.0,50.0,0.9,0.09999999999999998,0.0,0.0,0.0,0.0,0.0,0.0,0.0,
1765987102.5963259,eth-updown-15m-1765986300,1765986300.0,1765987200.0,,97.40367412567139,,,,,0,0,0.99,0.98,IDLE,,,,,,,,,,,,,,0,5,,,,,,,,,,,,,,,,,,,,CAP_FULL,,,,,,,,25.0,25.0,,,,,0,0,,,Inv: 25.0/25.0 CapLeft: 0.0,,,25.0,25.0,50.0,0.0,50.0,0.0,50.0,0.97,0.030000000000000027,5.0,0.4,0.6,0.0,5.0,0.0,0.002,OK
1765987104.2433848,eth-updown-15m-1765986300,1765986300.0,1765987200.0,,95.75661516189575,,,,,0,0,0.9,0.98,ORDERS_OPEN,,,,,,,,,,,,,,0,5,,,,,,,,,,,,,,,,,,,,,,,,,,,,0.0,0.0,,,,,0,0,,,Inv: 0.0/0.0 CapLeft: 50.0,,,0.0,0.0,0.0,50.0,50.0,0.0,50.0,0.9,0.09999999999999998,0.0,0.0,0.0,0.0,0.0,0.0,0.0,
1765987104.5640574,eth-updown-15m-1765986300,1765986300.0,1765987200.0,,95.43594264984131,,,,,0,0,0.99,0.98,IDLE,,,,,,,,,,,,,,0,5,,,,,,,,,,,,,,,,,,,,CAP_FULL,,,,,,,,25.0,25.0,,,,,0,0,,,Inv: 25.0/25.0 CapLeft: 0.0,,,25.0,25.0,50.0,0.0,50.0,0.0,50.0,0.97,0.030000000000000027,5.0,0.4,0.6,0.0,5.0,0.0,0.002,OK
1765987105.7449186,eth-updown-15m-1765986300,1765986300.0,1765987200.0,,94.25508141517639,,,,,0,0,0.9,0.98,ORDERS_OPEN,,,,,,,,,,,,,,0,5,,,,,,,,,,,,,,,,,,,,,,,,,,,,0.0,0.0,,,,,0,0,,,Inv: 0.0/0.0 CapLeft: 50.0,,,0.0,0.0,0.0,50.0,50.0,0.0,50.0,0.9,0.09999999999999998,0.0,0.0,0.0,0.0,0.0,0.0,0.0,
1765987106.5529068,eth-updown-15m-1765986300,1765986300.0,1765987200.0,,93.44709324836731,,,,,0,0,0.99,0.98,IDLE,,,,,,,,,,,,,,0,5,,,,,,,,,,,,,,,,,,,,CAP_FULL,,,,,,,,25.0,25.0,,,,,0,0,,,Inv: 25.0/25.0 CapLeft: 0.0,,,25.0,25.0,50.0,0.0,50.0,0.0,50.0,0.97,0.030000000000000027,5.0,0.4,0.6,0.0,5.0,0.0,0.002,OK
1765987107.247439,eth-updown-15m-1765986300,1765986300.0,1765987200.0,,92.75256109237671,,,,,0,0,0.9,0.98,ORDERS_OPEN,,,,,,,,,,,,,,0,5,,,,,,,,,,,,,,,,,,,,,,,,,,,,0.0,0.0,,,,,0,0,,,Inv: 0.0/0.0 CapLeft: 50.0,,,0.0,0.0,0.0,50.0,50.0,0.0,50.0,0.9,0.09999999999999998,0.0,0.0,0.0,0.0,0.0,0.0,0.0,
1765987108.7483182,eth-updown-15m-1765986300,1765986300.0,1765987200.0,,91.25168180465698,,,,,0,0,0.9,0.98,ORDERS_OPEN,,,,,,,,,,,,,,0,5,,,,,,,,,,,,,,,,,,,,,,,,,,,,0.0,0.0,,,,,0,0,,,Inv: 0.0/0.0 CapLeft: 50.0,,,0.0,0.0,0.0,50.0,50.0,0.0,50.0,0.9,0.09999999999999998,0.0,0.0,0.0,0.0,0.0,0.0,0.0,
1765987108.508796,eth-updown-15m-1765986300,1765986300.0,1765987200.0,,91.4912040233612,,,,,0,0,0.99,0.98,IDLE,,,,,,,,,,,,,,0,5,,,,,,,,,,,,,,,,,,,,CAP_FULL,,,,,,,,25.0,25.0,,,,,0,0,,,Inv: 25.0/25.0 CapLeft: 0.0,,,25.0,25.0,50.0,0.0,50.0,0.0,50.0,0.97,0.030000000000000027,5.0,0.4,0.6,0.0,5.0,0.0,0.002,OK
1765987110.4513009,eth-updown-15m-1765986300,1765986300.0,1765987200.0,,89.5486991405487,,,,,0,0,0.99,0.98,IDLE,,,,,,,,,,,,,,0,5,,,,,,,,,,,,,,,,,,,,CAP_FULL,,,,,,,,25.0,25.0,,,,,0,0,,,Inv: 25.0/25.0 CapLeft: 0.0,,,25.0,25.0,50.0,0.0,50.0,0.0,50.0,0.97,0.030000000000000027,5.0,0.4,0.6,0.0,5.0,0.0,0.002,OK
1765987111.7514794,eth-updown-15m-1765986300,1765986300.0,1765987200.0,,88.24852061271667,,,,,0.45,0.45,0.9,0.98,ORDERS_OPEN,,,,,,,,,,,,,,5,5,,,,,,,,,,,,,,,,,,,,Leg:BOTH UP:5 DOWN:5,,,,,,,,0.0,0.0,,,,,0,0,,,Inv: 0.0/0.0 CapLeft: 50.0,,,0.0,0.0,0.0,50.0,50.0,0.0,50.0,0.9,0.09999999999999998,0.0,0.0,0.0,0.0,0.0,0.0,0.0,
1765987112.3838034,eth-updown-15m-1765986300,1765986300.0,1765987200.0,,87.61619663238525,,,,,0,0,0.99,0.98,IDLE,,,,,,,,,,,,,,0,5,,,,,,,,,,,,,,,,,,,,CAP_FULL,,,,,,,,25.0,25.0,,,,,0,0,,,Inv: 25.0/25.0 CapLeft: 0.0,,,25.0,25.0,50.0,0.0,50.0,0.0,50.0,0.97,0.030000000000000027,5.0,0.4,0.6,0.0,5.0,0.0,0.002,OK
1765987113.253005,eth-updown-15m-1765986300,1765986300.0,1765987200.0,,86.746994972229,,,,,0,0,0.9,0.98,ORDERS_OPEN,,,,,,,,,,,,,,0,5,,,,,,,,,,,,,,,,,,,,,,,,,,,,0.0,0.0,,,,,0,0,,,Inv: 0.0/0.0 CapLeft: 50.0,,,0.0,0.0,0.0,50.0,50.0,0.0,50.0,0.9,0.09999999999999998,0.0,0.0,0.0,0.0,0.0,0.0,0.0,
1765987114.7544,eth-updown-15m-1765986300,1765986300.0,1765987200.0,,85.24559998512268,,,,,0,0,0.9,0.98,ORDERS_OPEN,,,,,,,,,,,,,,0,5,,,,,,,,,,,,,,,,,,,,,,,,,,,,0.0,0.0,,,,,0,0,,,Inv: 0.0/0.0 CapLeft: 50.0,,,0.0,0.0,0.0,50.0,50.0,0.0,50.0,0.9,0.09999999999999998,0.0,0.0,0.0,0.0,0.0,0.0,0.0,
1765987114.327755,eth-updown-15m-1765986300,1765986300.0,1765987200.0,,85.67224502563477,,,,,0,0,0.99,0.98,IDLE,,,,,,,,,,,,,,0,5,,,,,,,,,,,,,,,,,,,,CAP_FULL,,,,,,,,25.0,25.0,,,,,0,0,,,Inv: 25.0/25.0 CapLeft: 0.0,,,25.0,25.0,50.0,0.0,50.0,0.0,50.0,0.97,0.030000000000000027,5.0,0.4,0.6,0.0,5.0,0.0,0.002,OK
1765987116.256408,eth-updown-15m-1765986300,1765986300.0,1765987200.0,,83.74359202384949,,,,,0,0,0.9,0.98,ORDERS_OPEN,,,,,,,,,,,,,,0,5,,,,,,,,,,,,,,,,,,,,,,,,,,,,0.0,0.0,,,,,0,0,,,Inv: 0.0/0.0 CapLeft: 50.0,,,0.0,0.0,0.0,50.0,50.0,0.0,50.0,0.9,0.09999999999999998,0.0,0.0,0.0,0.0,0.0,0.0,0.0,
1765987116.2776663,eth-updown-15m-1765986300,1765986300.0,1765987200.0,,83.72233366966248,,,,,0,0,0.99,0.98,IDLE,,,,,,,,,,,,,,0,5,,,,,,,,,,,,,,,,,,,,CAP_FULL,,,,,,,,25.0,25.0,,,,,0,0,,,Inv: 25.0/25.0 CapLeft: 0.0,,,25.0,25.0,50.0,0.0,50.0,0.0,50.0,0.97,0.030000000000000027,5.0,0.4,0.6,0.0,5.0,0.0,0.002,OK
1765987117.7582898,eth-updown-15m-1765986300,1765986300.0,1765987200.0,,82.24171018600464,,,,,0,0,0.9,0.98,ORDERS_OPEN,,,,,,,,,,,,,,0,5,,,,,,,,,,,,,,,,,,,,,,,,,,,,0.0,0.0,,,,,0,0,,,Inv: 0.0/0.0 CapLeft: 50.0,,,0.0,0.0,0.0,50.0,50.0,0.0,50.0,0.9,0.09999999999999998,0.0,0.0,0.0,0.0,0.0,0.0,0.0,
1765987118.2091274,eth-updown-15m-1765986300,1765986300.0,1765987200.0,,81.79087257385254,,,,,0,0,0.99,0.98,IDLE,,,,,,,,,,,,,,0,5,,,,,,,,,,,,,,,,,,,,CAP_FULL,,,,,,,,25.0,25.0,,,,,0,0,,,Inv: 25.0/25.0 CapLeft: 0.0,,,25.0,25.0,50.0,0.0,50.0,0.0,50.0,0.97,0.030000000000000027,5.0,0.4,0.6,0.0,5.0,0.0,0.002,OK
1765987119.2602868,eth-updown-15m-1765986300,1765986300.0,1765987200.0,,80.73971319198608,,,,,0,0,0.9,0.98,ORDERS_OPEN,,,,,,,,,,,,,,0,5,,,,,,,,,,,,,,,,,,,,,,,,,,,,0.0,0.0,,,,,0,0,,,Inv: 0.0/0.0 CapLeft: 50.0,,,0.0,0.0,0.0,50.0,50.0,0.0,50.0,0.9,0.09999999999999998,0.0,0.0,0.0,0.0,0.0,0.0,0.0,
1765987120.1630635,eth-updown-15m-1765986300,1765986300.0,1765987200.0,,79.83693647384644,,,,,0,0,0.99,0.98,IDLE,,,,,,,,,,,,,,0,5,,,,,,,,,,,,,,,,,,,,CAP_FULL,,,,,,,,25.0,25.0,,,,,0,0,,,Inv: 25.0/25.0 CapLeft: 0.0,,,25.0,25.0,50.0,0.0,50.0,0.0,50.0,0.97,0.030000000000000027,5.0,0.4,0.6,0.0,5.0,0.0,0.002,OK
1765987120.7614374,eth-updown-15m-1765986300,1765986300.0,1765987200.0,,79.23856258392334,,,,,0,0,0.9,0.98,ORDERS_OPEN,,,,,,,,,,,,,,0,5,,,,,,,,,,,,,,,,,,,,,,,,,,,,0.0,0.0,,,,,0,0,,,Inv: 0.0/0.0 CapLeft: 50.0,,,0.0,0.0,0.0,50.0,50.0,0.0,50.0,0.9,0.09999999999999998,0.0,0.0,0.0,0.0,0.0,0.0,0.0,
1765987122.263849,eth-updown-15m-1765986300,1765986300.0,1765987200.0,,77.73615097999573,,,,,0,0,0.9,0.98,ORDERS_OPEN,,,,,,,,,,,,,,0,5,,,,,,,,,,,,,,,,,,,,,,,,,,,,0.0,0.0,,,,,0,0,,,Inv: 0.0/0.0 CapLeft: 50.0,,,0.0,0.0,0.0,50.0,50.0,0.0,50.0,0.9,0.09999999999999998,0.0,0.0,0.0,0.0,0.0,0.0,0.0,
1765987122.098703,eth-updown-15m-1765986300,1765986300.0,1765987200.0,,77.90129709243774,,,,,0,0,0.99,0.98,IDLE,,,,,,,,,,,,,,0,5,,,,,,,,,,,,,,,,,,,,CAP_FULL,,,,,,,,25.0,25.0,,,,,0,0,,,Inv: 25.0/25.0 CapLeft: 0.0,,,25.0,25.0,50.0,0.0,50.0,0.0,50.0,0.97,0.030000000000000027,5.0,0.4,0.6,0.0,5.0,0.0,0.002,OK
1765987123.7655675,eth-updown-15m-1765986300,1765986300.0,1765987200.0,,76.23443245887756,,,,,0,0,0.9,0.98,ORDERS_OPEN,,,,,,,,,,,,,,0,5,,,,,,,,,,,,,,,,,,,,,,,,,,,,0.0,0.0,,,,,0,0,,,Inv: 0.0/0.0 CapLeft: 50.0,,,0.0,0.0,0.0,50.0,50.0,0.0,50.0,0.9,0.09999999999999998,0.0,0.0,0.0,0.0,0.0,0.0,0.0,
1765987124.0958219,eth-updown-15m-1765986300,1765986300.0,1765987200.0,,75.90417814254761,,,,,0,0,0.99,0.98,IDLE,,,,,,,,,,,,,,0,5,,,,,,,,,,,,,,,,,,,,CAP_FULL,,,,,,,,25.0,25.0,,,,,0,0,,,Inv: 25.0/25.0 CapLeft: 0.0,,,25.0,25.0,50.0,0.0,50.0,0.0,50.0,0.97,0.030000000000000027,5.0,0.4,0.6,0.0,5.0,0.0,0.002,OK
1765987125.2671506,eth-updown-15m-1765986300,1765986300.0,1765987200.0,,74.73284935951233,,,,,0,0,0.9,0.98,ORDERS_OPEN,,,,,,,,,,,,,,0,5,,,,,,,,,,,,,,,,,,,,,,,,,,,,0.0,0.0,,,,,0,0,,,Inv: 0.0/0.0 CapLeft: 50.0,,,0.0,0.0,0.0,50.0,50.0,0.0,50.0,0.9,0.09999999999999998,0.0,0.0,0.0,0.0,0.0,0.0,0.0,
1765987126.0297165,eth-updown-15m-1765986300,1765986300.0,1765987200.0,,73.97028350830078,,,,,0,0,0.99,0.98,IDLE,,,,,,,,,,,,,,0,5,,,,,,,,,,,,,,,,,,,,CAP_FULL,,,,,,,,25.0,25.0,,,,,0,0,,,Inv: 25.0/25.0 CapLeft: 0.0,,,25.0,25.0,50.0,0.0,50.0,0.0,50.0,0.97,0.030000000000000027,5.0,0.4,0.6,0.0,5.0,0.0,0.002,OK
1765987128.270475,eth-updown-15m-1765986300,1765986300.0,1765987200.0,,71.72952508926392,,,,,0.45,0.45,0.9,0.98,ORDERS_OPEN,,,,,,,,,,,,,,5,5,,,,,,,,,,,,,,,,,,,,Leg:BOTH UP:5 DOWN:5,,,,,,,,0.0,0.0,,,,,0,0,,,Inv: 0.0/0.0 CapLeft: 50.0,,,0.0,0.0,0.0,50.0,50.0,0.0,50.0,0.9,0.09999999999999998,0.0,0.0,0.0,0.0,0.0,0.0,0.0,
1765987127.9630058,eth-updown-15m-1765986300,1765986300.0,1765987200.0,,72.0369942188263,,,,,0,0,0.99,0.98,IDLE,,,,,,,,,,,,,,0,5,,,,,,,,,,,,,,,,,,,,CAP_FULL,,,,,,,,25.0,25.0,,,,,0,0,,,Inv: 25.0/25.0 CapLeft: 0.0,,,25.0,25.0,50.0,0.0,50.0,0.0,50.0,0.97,0.030000000000000027,5.0,0.4,0.6,0.0,5.0,0.0,0.002,OK
1765987129.7723987,eth-updown-15m-1765986300,1765986300.0,1765987200.0,,70.22760128974915,,,,,0,0,0.9,0.98,ORDERS_OPEN,,,,,,,,,,,,,,0,5,,,,,,,,,,,,,,,,,,,,,,,,,,,,0.0,0.0,,,,,0,0,,,Inv: 0.0/0.0 CapLeft: 50.0,,,0.0,0.0,0.0,50.0,50.0,0.0,50.0,0.9,0.09999999999999998,0.0,0.0,0.0,0.0,0.0,0.0,0.0,
1765987129.910749,eth-updown-15m-1765986300,1765986300.0,1765987200.0,,70.08925104141235,,,,,0,0,0.99,0.98,IDLE,,,,,,,,,,,,,,0,5,,,,,,,,,,,,,,,,,,,,CAP_FULL,,,,,,,,25.0,25.0,,,,,0,0,,,Inv: 25.0/25.0 CapLeft: 0.0,,,25.0,25.0,50.0,0.0,50.0,0.0,50.0,0.97,0.030000000000000027,5.0,0.4,0.6,0.0,5.0,0.0,0.002,OK
1765987131.2739947,eth-updown-15m-1765986300,1765986300.0,1765987200.0,,68.72600531578064,,,,,0,0,0.9,0.98,ORDERS_OPEN,,,,,,,,,,,,,,0,5,,,,,,,,,,,,,,,,,,,,,,,,,,,,0.0,0.0,,,,,0,0,,,Inv: 0.0/0.0 CapLeft: 50.0,,,0.0,0.0,0.0,50.0,50.0,0.0,50.0,0.9,0.09999999999999998,0.0,0.0,0.0,0.0,0.0,0.0,0.0,
1765987131.839036,eth-updown-15m-1765986300,1765986300.0,1765987200.0,,68.160964012146,,,,,0,0,0.99,0.98,IDLE,,,,,,,,,,,,,,0,5,,,,,,,,,,,,,,,,,,,,CAP_FULL,,,,,,,,25.0,25.0,,,,,0,0,,,Inv: 25.0/25.0 CapLeft: 0.0,,,25.0,25.0,50.0,0.0,50.0,0.0,50.0,0.97,0.030000000000000027,5.0,0.4,0.6,0.0,5.0,0.0,0.002,OK
1765987132.7755337,eth-updown-15m-1765986300,1765986300.0,1765987200.0,,67.22446632385254,,,,,0,0,0.9,0.98,ORDERS_OPEN,,,,,,,,,,,,,,0,5,,,,,,,,,,,,,,,,,,,,,,,,,,,,0.0,0.0,,,,,0,0,,,Inv: 0.0/0.0 CapLeft: 50.0,,,0.0,0.0,0.0,50.0,50.0,0.0,50.0,0.9,0.09999999999999998,0.0,0.0,0.0,0.0,0.0,0.0,0.0,
1765987133.777102,eth-updown-15m-1765986300,1765986300.0,1765987200.0,,66.22289800643921,,,,,0,0,0.99,0.98,IDLE,,,,,,,,,,,,,,0,5,,,,,,,,,,,,,,,,,,,,CAP_FULL,,,,,,,,25.0,25.0,,,,,0,0,,,Inv: 25.0/25.0 CapLeft: 0.0,,,25.0,25.0,50.0,0.0,50.0,0.0,50.0,0.97,0.030000000000000027,5.0,0.4,0.6,0.0,5.0,0.0,0.002,OK
1765987134.2770202,eth-updown-15m-1765986300,1765986300.0,1765987200.0,,65.72297978401184,,,,,0,0,0.9,0.98,ORDERS_OPEN,,,,,,,,,,,,,,0,5,,,,,,,,,,,,,,,,,,,,,,,,,,,,0.0,0.0,,,,,0,0,,,Inv: 0.0/0.0 CapLeft: 50.0,,,0.0,0.0,0.0,50.0,50.0,0.0,50.0,0.9,0.09999999999999998,0.0,0.0,0.0,0.0,0.0,0.0,0.0,
1765987135.7782295,eth-updown-15m-1765986300,1765986300.0,1765987200.0,,64.22177052497864,,,,,0,0,0.9,0.98,ORDERS_OPEN,,,,,,,,,,,,,,0,5,,,,,,,,,,,,,,,,,,,,,,,,,,,,0.0,0.0,,,,,0,0,,,Inv: 0.0/0.0 CapLeft: 50.0,,,0.0,0.0,0.0,50.0,50.0,0.0,50.0,0.9,0.09999999999999998,0.0,0.0,0.0,0.0,0.0,0.0,0.0,
1765987135.770154,eth-updown-15m-1765986300,1765986300.0,1765987200.0,,64.22984600067139,,,,,0,0,0.99,0.98,IDLE,,,,,,,,,,,,,,0,5,,,,,,,,,,,,,,,,,,,,CAP_FULL,,,,,,,,25.0,25.0,,,,,0,0,,,Inv: 25.0/25.0 CapLeft: 0.0,,,25.0,25.0,50.0,0.0,50.0,0.0,50.0,0.97,0.030000000000000027,5.0,0.4,0.6,0.0,5.0,0.0,0.002,OK
1765987137.2792401,eth-updown-15m-1765986300,1765986300.0,1765987200.0,,62.720759868621826,,,,,0,0,0.9,0.98,ORDERS_OPEN,,,,,,,,,,,,,,0,5,,,,,,,,,,,,,,,,,,,,,,,,,,,,0.0,0.0,,,,,0,0,,,Inv: 0.0/0.0 CapLeft: 50.0,,,0.0,0.0,0.0,50.0,50.0,0.0,50.0,0.9,0.09999999999999998,0.0,0.0,0.0,0.0,0.0,0.0,0.0,
1765987137.7639287,eth-updown-15m-1765986300,1765986300.0,1765987200.0,,62.23607134819031,,,,,0,0,0.99,0.98,IDLE,,,,,,,,,,,,,,0,5,,,,,,,,,,,,,,,,,,,,CAP_FULL,,,,,,,,25.0,25.0,,,,,0,0,,,Inv: 25.0/25.0 CapLeft: 0.0,,,25.0,25.0,50.0,0.0,50.0,0.0,50.0,0.97,0.030000000000000027,5.0,0.4,0.6,0.0,5.0,0.0,0.002,OK
1765987138.7807806,eth-updown-15m-1765986300,1765986300.0,1765987200.0,,61.21921944618225,,,,,0,0,0.9,0.98,ORDERS_OPEN,,,,,,,,,,,,,,0,5,,,,,,,,,,,,,,,,,,,,,,,,,,,,0.0,0.0,,,,,0,0,,,Inv: 0.0/0.0 CapLeft: 50.0,,,0.0,0.0,0.0,50.0,50.0,0.0,50.0,0.9,0.09999999999999998,0.0,0.0,0.0,0.0,0.0,0.0,0.0,
1765987139.694727,eth-updown-15m-1765986300,1765986300.0,1765987200.0,,60.30527305603027,,,,,0,0,0.99,0.98,IDLE,,,,,,,,,,,,,,0,5,,,,,,,,,,,,,,,,,,,,CAP_FULL,,,,,,,,25.0,25.0,,,,,0,0,,,Inv: 25.0/25.0 CapLeft: 0.0,,,25.0,25.0,50.0,0.0,50.0,0.0,50.0,0.97,0.030000000000000027,5.0,0.4,0.6,0.0,5.0,0.0,0.002,OK
1765987140.2822149,eth-updown-15m-1765986300,1765986300.0,1765987200.0,,59.717785120010376,,,,,0,0,0.9,0.98,ORDERS_OPEN,,,,,,,,,,,,,,0,5,,,,,,,,,,,,,,,,,,,,,,,,,,,,0.0,0.0,,,,,0,0,,,Inv: 0.0/0.0 CapLeft: 50.0,,,0.0,0.0,0.0,50.0,50.0,0.0,50.0,0.9,0.09999999999999998,0.0,0.0,0.0,0.0,0.0,0.0,0.0,
1765987141.7835555,eth-updown-15m-1765986300,1765986300.0,1765987200.0,,58.21644449234009,,,,,0,0,0.9,0.98,ORDERS_OPEN,,,,,,,,,,,,,,0,5,,,,,,,,,,,,,,,,,,,,,,,,,,,,0.0,0.0,,,,,0,0,,,Inv: 0.0/0.0 CapLeft: 50.0,,,0.0,0.0,0.0,50.0,50.0,0.0,50.0,0.9,0.09999999999999998,0.0,0.0,0.0,0.0,0.0,0.0,0.0,
1765987141.66538,eth-updown-15m-1765986300,1765986300.0,1765987200.0,,58.334619998931885,,,,,0,0,0.99,0.98,IDLE,,,,,,,,,,,,,,0,5,,,,,,,,,,,,,,,,,,,,CAP_FULL,,,,,,,,25.0,25.0,,,,,0,0,,,Inv: 25.0/25.0 CapLeft: 0.0,,,25.0,25.0,50.0,0.0,50.0,0.0,50.0,0.97,0.030000000000000027,5.0,0.4,0.6,0.0,5.0,0.0,0.002,OK
1765987143.733899,eth-updown-15m-1765986300,1765986300.0,1765987200.0,,56.26610088348389,,,,,0,0,0.99,0.98,IDLE,,,,,,,,,,,,,,0,5,,,,,,,,,,,,,,,,,,,,CAP_FULL,,,,,,,,25.0,25.0,,,,,0,0,,,Inv: 25.0/25.0 CapLeft: 0.0,,,25.0,25.0,50.0,0.0,50.0,0.0,50.0,0.97,0.030000000000000027,5.0,0.4,0.6,0.0,5.0,0.0,0.002,OK
1765987144.78588,eth-updown-15m-1765986300,1765986300.0,1765987200.0,,55.21411991119385,,,,,0.45,0.45,0.9,0.98,ORDERS_OPEN,,,,,,,,,,,,,,5,5,,,,,,,,,,,,,,,,,,,,Leg:BOTH UP:5 DOWN:5,,,,,,,,0.0,0.0,,,,,0,0,,,Inv: 0.0/0.0 CapLeft: 50.0,,,0.0,0.0,0.0,50.0,50.0,0.0,50.0,0.9,0.09999999999999998,0.0,0.0,0.0,0.0,0.0,0.0,0.0,
1765987145.6877575,eth-updown-15m-1765986300,1765986300.0,1765987200.0,,54.31224250793457,,,,,0,0,0.99,0.98,IDLE,,,,,,,,,,,,,,0,5,,,,,,,,,,,,,,,,,,,,CAP_FULL,,,,,,,,25.0,25.0,,,,,0,0,,,Inv: 25.0/25.0 CapLeft: 0.0,,,25.0,25.0,50.0,0.0,50.0,0.0,50.0,0.97,0.030000000000000027,5.0,0.4,0.6,0.0,5.0,0.0,0.002,OK
1765987146.28775,eth-updown-15m-1765986300,1765986300.0,1765987200.0,,53.712249994277954,,,,,0,0,0.9,0.98,ORDERS_OPEN,,,,,,,,,,,,,,0,5,,,,,,,,,,,,,,,,,,,,,,,,,,,,0.0,0.0,,,,,0,0,,,Inv: 0.0/0.0 CapLeft: 50.0,,,0.0,0.0,0.0,50.0,50.0,0.0,50.0,0.9,0.09999999999999998,0.0,0.0,0.0,0.0,0.0,0.0,0.0,
1765987147.7892087,eth-updown-15m-1765986300,1765986300.0,1765987200.0,,52.21079134941101,,,,,0,0,0.9,0.98,ORDERS_OPEN,,,,,,,,,,,,,,0,5,,,,,,,,,,,,,,,,,,,,,,,,,,,,0.0,0.0,,,,,0,0,,,Inv: 0.0/0.0 CapLeft: 50.0,,,0.0,0.0,0.0,50.0,50.0,0.0,50.0,0.9,0.09999999999999998,0.0,0.0,0.0,0.0,0.0,0.0,0.0,
1765987147.6984003,eth-updown-15m-1765986300,1765986300.0,1765987200.0,,52.301599740982056,,,,,0,0,0.99,0.98,IDLE,,,,,,,,,,,,,,0,5,,,,,,,,,,,,,,,,,,,,CAP_FULL,,,,,,,,25.0,25.0,,,,,0,0,,,Inv: 25.0/25.0 CapLeft: 0.0,,,25.0,25.0,50.0,0.0,50.0,0.0,50.0,0.97,0.030000000000000027,5.0,0.4,0.6,0.0,5.0,0.0,0.002,OK
1765987149.2906578,eth-updown-15m-1765986300,1765986300.0,1765987200.0,,50.70934224128723,,,,,0,0,0.9,0.98,ORDERS_OPEN,,,,,,,,,,,,,,0,5,,,,,,,,,,,,,,,,,,,,,,,,,,,,0.0,0.0,,,,,0,0,,,Inv: 0.0/0.0 CapLeft: 50.0,,,0.0,0.0,0.0,50.0,50.0,0.0,50.0,0.9,0.09999999999999998,0.0,0.0,0.0,0.0,0.0,0.0,0.0,
1765987149.6277316,eth-updown-15m-1765986300,1765986300.0,1765987200.0,,50.37226843833923,,,,,0,0,0.99,0.98,IDLE,,,,,,,,,,,,,,0,5,,,,,,,,,,,,,,,,,,,,CAP_FULL,,,,,,,,25.0,25.0,,,,,0,0,,,Inv: 25.0/25.0 CapLeft: 0.0,,,25.0,25.0,50.0,0.0,50.0,0.0,50.0,0.97,0.030000000000000027,5.0,0.4,0.6,0.0,5.0,0.0,0.002,OK
1765987150.7922125,eth-updown-15m-1765986300,1765986300.0,1765987200.0,,49.20778751373291,,,,,0,0,0.9,0.98,ORDERS_OPEN,,,,,,,,,,,,,,0,5,,,,,,,,,,,,,,,,,,,,,,,,,,,,0.0,0.0,,,,,0,0,,,Inv: 0.0/0.0 CapLeft: 50.0,,,0.0,0.0,0.0,50.0,50.0,0.0,50.0,0.9,0.09999999999999998,0.0,0.0,0.0,0.0,0.0,0.0,0.0,
1765987151.5914412,eth-updown-15m-1765986300,1765986300.0,1765987200.0,,48.40855884552002,,,,,0,0,0.99,0.98,IDLE,,,,,,,,,,,,,,0,5,,,,,,,,,,,,,,,,,,,,CAP_FULL,,,,,,,,25.0,25.0,,,,,0,0,,,Inv: 25.0/25.0 CapLeft: 0.0,,,25.0,25.0,50.0,0.0,50.0,0.0,50.0,0.97,0.030000000000000027,5.0,0.4,0.6,0.0,5.0,0.0,0.002,OK
1765987152.293728,eth-updown-15m-1765986300,1765986300.0,1765987200.0,,47.70627188682556,,,,,0,0,0.9,0.98,ORDERS_OPEN,,,,,,,,,,,,,,0,5,,,,,,,,,,,,,,,,,,,,,,,,,,,,0.0,0.0,,,,,0,0,,,Inv: 0.0/0.0 CapLeft: 50.0,,,0.0,0.0,0.0,50.0,50.0,0.0,50.0,0.9,0.09999999999999998,0.0,0.0,0.0,0.0,0.0,0.0,0.0,
1765987153.7952335,eth-updown-15m-1765986300,1765986300.0,1765987200.0,,46.204766511917114,,,,,0,0,0.9,0.98,ORDERS_OPEN,,,,,,,,,,,,,,0,5,,,,,,,,,,,,,,,,,,,,,,,,,,,,0.0,0.0,,,,,0,0,,,Inv: 0.0/0.0 CapLeft: 50.0,,,0.0,0.0,0.0,50.0,50.0,0.0,50.0,0.9,0.09999999999999998,0.0,0.0,0.0,0.0,0.0,0.0,0.0,
1765987153.6102304,eth-updown-15m-1765986300,1765986300.0,1765987200.0,,46.389769554138184,,,,,0,0,0.99,0.98,IDLE,,,,,,,,,,,,,,0,5,,,,,,,,,,,,,,,,,,,,CAP_FULL,,,,,,,,25.0,25.0,,,,,0,0,,,Inv: 25.0/25.0 CapLeft: 0.0,,,25.0,25.0,50.0,0.0,50.0,0.0,50.0,0.97,0.030000000000000027,5.0,0.4,0.6,0.0,5.0,0.0,0.002,OK
1765987155.297161,eth-updown-15m-1765986300,1765986300.0,1765987200.0,,44.70283889770508,,,,,0,0,0.9,0.98,ORDERS_OPEN,,,,,,,,,,,,,,0,5,,,,,,,,,,,,,,,,,,,,,,,,,,,,0.0,0.0,,,,,0,0,,,Inv: 0.0/0.0 CapLeft: 50.0,,,0.0,0.0,0.0,50.0,50.0,0.0,50.0,0.9,0.09999999999999998,0.0,0.0,0.0,0.0,0.0,0.0,0.0,
1765987155.6183178,eth-updown-15m-1765986300,1765986300.0,1765987200.0,,44.38168215751648,,,,,0,0,0.99,0.98,IDLE,,,,,,,,,,,,,,0,5,,,,,,,,,,,,,,,,,,,,CAP_FULL,,,,,,,,25.0,25.0,,,,,0,0,,,Inv: 25.0/25.0 CapLeft: 0.0,,,25.0,25.0,50.0,0.0,50.0,0.0,50.0,0.97,0.030000000000000027,5.0,0.4,0.6,0.0,5.0,0.0,0.002,OK
1765987156.7983685,eth-updown-15m-1765986300,1765986300.0,1765987200.0,,43.20163154602051,,,,,0,0,0.9,0.98,ORDERS_OPEN,,,,,,,,,,,,,,0,5,,,,,,,,,,,,,,,,,,,,,,,,,,,,0.0,0.0,,,,,0,0,,,Inv: 0.0/0.0 CapLeft: 50.0,,,0.0,0.0,0.0,50.0,50.0,0.0,50.0,0.9,0.09999999999999998,0.0,0.0,0.0,0.0,0.0,0.0,0.0,
1765987157.593904,eth-updown-15m-1765986300,1765986300.0,1765987200.0,,42.4060959815979,,,,,0,0,0.99,0.98,IDLE,,,,,,,,,,,,,,0,5,,,,,,,,,,,,,,,,,,,,CAP_FULL,,,,,,,,25.0,25.0,,,,,0,0,,,Inv: 25.0/25.0 CapLeft: 0.0,,,25.0,25.0,50.0,0.0,50.0,0.0,50.0,0.97,0.030000000000000027,5.0,0.4,0.6,0.0,5.0,0.0,0.002,OK
1765987158.3002868,eth-updown-15m-1765986300,1765986300.0,1765987200.0,,41.69971323013306,,,,,0,0,0.9,0.98,ORDERS_OPEN,,,,,,,,,,,,,,0,5,,,,,,,,,,,,,,,,,,,,,,,,,,,,0.0,0.0,,,,,0,0,,,Inv: 0.0/0.0 CapLeft: 50.0,,,0.0,0.0,0.0,50.0,50.0,0.0,50.0,0.9,0.09999999999999998,0.0,0.0,0.0,0.0,0.0,0.0,0.0,
1765987159.5414205,eth-updown-15m-1765986300,1765986300.0,1765987200.0,,40.458579540252686,,,,,0,0,0.99,0.98,IDLE,,,,,,,,,,,,,,0,5,,,,,,,,,,,,,,,,,,,,CAP_FULL,,,,,,,,25.0,25.0,,,,,0,0,,,Inv: 25.0/25.0 CapLeft: 0.0,,,25.0,25.0,50.0,0.0,50.0,0.0,50.0,0.97,0.030000000000000027,5.0,0.4,0.6,0.0,5.0,0.0,0.002,OK
1765987161.3032002,eth-updown-15m-1765986300,1765986300.0,1765987200.0,,38.696799755096436,,,,,0.45,0.45,0.9,0.98,ORDERS_OPEN,,,,,,,,,,,,,,5,5,,,,,,,,,,,,,,,,,,,,Leg:BOTH UP:5 DOWN:5,,,,,,,,0.0,0.0,,,,,0,0,,,Inv: 0.0/0.0 CapLeft: 50.0,,,0.0,0.0,0.0,50.0,50.0,0.0,50.0,0.9,0.09999999999999998,0.0,0.0,0.0,0.0,0.0,0.0,0.0,
1765987161.5001411,eth-updown-15m-1765986300,1765986300.0,1765987200.0,,38.49985885620117,,,,,0,0,0.99,0.98,IDLE,,,,,,,,,,,,,,0,5,,,,,,,,,,,,,,,,,,,,CAP_FULL,,,,,,,,25.0,25.0,,,,,0,0,,,Inv: 25.0/25.0 CapLeft: 0.0,,,25.0,25.0,50.0,0.0,50.0,0.0,50.0,0.97,0.030000000000000027,5.0,0.4,0.6,0.0,5.0,0.0,0.002,OK
1765987162.804623,eth-updown-15m-1765986300,1765986300.0,1765987200.0,,37.19537711143494,,,,,0,0,0.9,0.98,ORDERS_OPEN,,,,,,,,,,,,,,0,5,,,,,,,,,,,,,,,,,,,,,,,,,,,,0.0,0.0,,,,,0,0,,,Inv: 0.0/0.0 CapLeft: 50.0,,,0.0,0.0,0.0,50.0,50.0,0.0,50.0,0.9,0.09999999999999998,0.0,0.0,0.0,0.0,0.0,0.0,0.0,
1765987163.4849539,eth-updown-15m-1765986300,1765986300.0,1765987200.0,,36.51504611968994,,,,,0,0,0.99,0.98,IDLE,,,,,,,,,,,,,,0,5,,,,,,,,,,,,,,,,,,,,CAP_FULL,,,,,,,,25.0,25.0,,,,,0,0,,,Inv: 25.0/25.0 CapLeft: 0.0,,,25.0,25.0,50.0,0.0,50.0,0.0,50.0,0.97,0.030000000000000027,5.0,0.4,0.6,0.0,5.0,0.0,0.002,OK
1765987164.3065407,eth-updown-15m-1765986300,1765986300.0,1765987200.0,,35.693459272384644,,,,,0,0,0.9,0.98,ORDERS_OPEN,,,,,,,,,,,,,,0,5,,,,,,,,,,,,,,,,,,,,,,,,,,,,0.0,0.0,,,,,0,0,,,Inv: 0.0/0.0 CapLeft: 50.0,,,0.0,0.0,0.0,50.0,50.0,0.0,50.0,0.9,0.09999999999999998,0.0,0.0,0.0,0.0,0.0,0.0,0.0,
1765987165.808392,eth-updown-15m-1765986300,1765986300.0,1765987200.0,,34.19160795211792,,,,,0,0,0.9,0.98,ORDERS_OPEN,,,,,,,,,,,,,,0,5,,,,,,,,,,,,,,,,,,,,,,,,,,,,0.0,0.0,,,,,0,0,,,Inv: 0.0/0.0 CapLeft: 50.0,,,0.0,0.0,0.0,50.0,50.0,0.0,50.0,0.9,0.09999999999999998,0.0,0.0,0.0,0.0,0.0,0.0,0.0,
1765987165.5682952,eth-updown-15m-1765986300,1765986300.0,1765987200.0,,34.43170475959778,,,,,0,0,0.99,0.98,IDLE,,,,,,,,,,,,,,0,5,,,,,,,,,,,,,,,,,,,,CAP_FULL,,,,,,,,25.0,25.0,,,,,0,0,,,Inv: 25.0/25.0 CapLeft: 0.0,,,25.0,25.0,50.0,0.0,50.0,0.0,50.0,0.97,0.030000000000000027,5.0,0.4,0.6,0.0,5.0,0.0,0.002,OK
1765987167.3113465,eth-updown-15m-1765986300,1765986300.0,1765987200.0,,32.68865346908569,,,,,0,0,0.9,0.98,ORDERS_OPEN,,,,,,,,,,,,,,0,5,,,,,,,,,,,,,,,,,,,,,,,,,,,,0.0,0.0,,,,,0,0,,,Inv: 0.0/0.0 CapLeft: 50.0,,,0.0,0.0,0.0,50.0,50.0,0.0,50.0,0.9,0.09999999999999998,0.0,0.0,0.0,0.0,0.0,0.0,0.0,
1765987167.5214205,eth-updown-15m-1765986300,1765986300.0,1765987200.0,,32.4785795211792,,,,,0,0,0.99,0.98,IDLE,,,,,,,,,,,,,,0,5,,,,,,,,,,,,,,,,,,,,CAP_FULL,,,,,,,,25.0,25.0,,,,,0,0,,,Inv: 25.0/25.0 CapLeft: 0.0,,,25.0,25.0,50.0,0.0,50.0,0.0,50.0,0.97,0.030000000000000027,5.0,0.4,0.6,0.0,5.0,0.0,0.002,OK
1765987168.8137753,eth-updown-15m-1765986300,1765986300.0,1765987200.0,,31.186224699020386,,,,,0,0,0.9,0.98,ORDERS_OPEN,,,,,,,,,,,,,,0,5,,,,,,,,,,,,,,,,,,,,,,,,,,,,0.0,0.0,,,,,0,0,,,Inv: 0.0/0.0 CapLeft: 50.0,,,0.0,0.0,0.0,50.0,50.0,0.0,50.0,0.9,0.09999999999999998,0.0,0.0,0.0,0.0,0.0,0.0,0.0,
1765987169.4692197,eth-updown-15m-1765986300,1765986300.0,1765987200.0,,30.53078031539917,,,,,0,0,0.99,0.98,IDLE,,,,,,,,,,,,,,0,5,,,,,,,,,,,,,,,,,,,,CAP_FULL,,,,,,,,25.0,25.0,,,,,0,0,,,Inv: 25.0/25.0 CapLeft: 0.0,,,25.0,25.0,50.0,0.0,50.0,0.0,50.0,0.97,0.030000000000000027,5.0,0.4,0.6,0.0,5.0,0.0,0.002,OK
1765987170.3156376,eth-updown-15m-1765986300,1765986300.0,1765987200.0,,29.684362411499023,,,,,0,0,0.9,0.98,ORDERS_OPEN,,,,,,,,,,,,,,0,5,,,,,,,,,,,,,,,,,,,,,,,,,,,,0.0,0.0,,,,,0,0,,,Inv: 0.0/0.0 CapLeft: 50.0,,,0.0,0.0,0.0,50.0,50.0,0.0,50.0,0.9,0.09999999999999998,0.0,0.0,0.0,0.0,0.0,0.0,0.0,
1765987171.817441,eth-updown-15m-1765986300,1765986300.0,1765987200.0,,28.1825590133667,,,,,0,0,0.9,0.98,ORDERS_OPEN,,,,,,,,,,,,,,0,5,,,,,,,,,,,,,,,,,,,,,,,,,,,,0.0,0.0,,,,,0,0,,,Inv: 0.0/0.0 CapLeft: 50.0,,,0.0,0.0,0.0,50.0,50.0,0.0,50.0,0.9,0.09999999999999998,0.0,0.0,0.0,0.0,0.0,0.0,0.0,
1765987171.4353824,eth-updown-15m-1765986300,1765986300.0,1765987200.0,,28.56461763381958,,,,,0,0,0.99,0.98,IDLE,,,,,,,,,,,,,,0,5,,,,,,,,,,,,,,,,,,,,CAP_FULL,,,,,,,,25.0,25.0,,,,,0,0,,,Inv: 25.0/25.0 CapLeft: 0.0,,,25.0,25.0,50.0,0.0,50.0,0.0,50.0,0.97,0.030000000000000027,5.0,0.4,0.6,0.0,5.0,0.0,0.002,OK
1765987173.3190868,eth-updown-15m-1765986300,1765986300.0,1765987200.0,,26.68091320991516,,,,,0,0,0.9,0.98,ORDERS_OPEN,,,,,,,,,,,,,,0,5,,,,,,,,,,,,,,,,,,,,,,,,,,,,0.0,0.0,,,,,0,0,,,Inv: 0.0/0.0 CapLeft: 50.0,,,0.0,0.0,0.0,50.0,50.0,0.0,50.0,0.9,0.09999999999999998,0.0,0.0,0.0,0.0,0.0,0.0,0.0,
1765987173.3867745,eth-updown-15m-1765986300,1765986300.0,1765987200.0,,26.61322546005249,,,,,0,0,0.99,0.98,IDLE,,,,,,,,,,,,,,0,5,,,,,,,,,,,,,,,,,,,,CAP_FULL,,,,,,,,25.0,25.0,,,,,0,0,,,Inv: 25.0/25.0 CapLeft: 0.0,,,25.0,25.0,50.0,0.0,50.0,0.0,50.0,0.97,0.030000000000000027,5.0,0.4,0.6,0.0,5.0,0.0,0.002,OK
1765987174.8209438,eth-updown-15m-1765986300,1765986300.0,1765987200.0,,25.17905616760254,,,,,0,0,0.9,0.98,ORDERS_OPEN,,,,,,,,,,,,,,0,5,,,,,,,,,,,,,,,,,,,,,,,,,,,,0.0,0.0,,,,,0,0,,,Inv: 0.0/0.0 CapLeft: 50.0,,,0.0,0.0,0.0,50.0,50.0,0.0,50.0,0.9,0.09999999999999998,0.0,0.0,0.0,0.0,0.0,0.0,0.0,
1765987175.3334715,eth-updown-15m-1765986300,1765986300.0,1765987200.0,,24.666528463363647,,,,,0,0,0.99,0.98,IDLE,,,,,,,,,,,,,,0,5,,,,,,,,,,,,,,,,,,,,CAP_FULL,,,,,,,,25.0,25.0,,,,,0,0,,,Inv: 25.0/25.0 CapLeft: 0.0,,,25.0,25.0,50.0,0.0,50.0,0.0,50.0,0.97,0.030000000000000027,5.0,0.4,0.6,0.0,5.0,0.0,0.002,OK
1765987177.8236506,eth-updown-15m-1765986300,1765986300.0,1765987200.0,,22.176349401474,,,,,0.45,0.45,0.9,0.98,ORDERS_OPEN,,,,,,,,,,,,,,5,5,,,,,,,,,,,,,,,,,,,,Leg:BOTH UP:5 DOWN:5,,,,,,,,0.0,0.0,,,,,0,0,,,Inv: 0.0/0.0 CapLeft: 50.0,,,0.0,0.0,0.0,50.0,50.0,0.0,50.0,0.9,0.09999999999999998,0.0,0.0,0.0,0.0,0.0,0.0,0.0,
1765987177.4066541,eth-updown-15m-1765986300,1765986300.0,1765987200.0,,22.593345880508423,,,,,0,0,0.99,0.98,IDLE,,,,,,,,,,,,,,0,5,,,,,,,,,,,,,,,,,,,,CAP_FULL,,,,,,,,25.0,25.0,,,,,0,0,,,Inv: 25.0/25.0 CapLeft: 0.0,,,25.0,25.0,50.0,0.0,50.0,0.0,50.0,0.97,0.030000000000000027,5.0,0.4,0.6,0.0,5.0,0.0,0.002,OK
1765987179.326828,eth-updown-15m-1765986300,1765986300.0,1765987200.0,,20.673171997070312,,,,,0,0,0.9,0.98,ORDERS_OPEN,,,,,,,,,,,,,,0,5,,,,,,,,,,,,,,,,,,,,,,,,,,,,0.0,0.0,,,,,0,0,,,Inv: 0.0/0.0 CapLeft: 50.0,,,0.0,0.0,0.0,50.0,50.0,0.0,50.0,0.9,0.09999999999999998,0.0,0.0,0.0,0.0,0.0,0.0,0.0,
1765987179.369612,eth-updown-15m-1765986300,1765986300.0,1765987200.0,,20.630388021469116,,,,,0,0,0.99,0.98,IDLE,,,,,,,,,,,,,,0,5,,,,,,,,,,,,,,,,,,,,CAP_FULL,,,,,,,,25.0,25.0,,,,,0,0,,,Inv: 25.0/25.0 CapLeft: 0.0,,,25.0,25.0,50.0,0.0,50.0,0.0,50.0,0.97,0.030000000000000027,5.0,0.4,0.6,0.0,5.0,0.0,0.002,OK
1765987180.8283937,eth-updown-15m-1765986300,1765986300.0,1765987200.0,,19.171606302261353,,,,,0,0,0.9,0.98,ORDERS_OPEN,,,,,,,,,,,,,,0,5,,,,,,,,,,,,,,,,,,,,,,,,,,,,0.0,0.0,,,,,0,0,,,Inv: 0.0/0.0 CapLeft: 50.0,,,0.0,0.0,0.0,50.0,50.0,0.0,50.0,0.9,0.09999999999999998,0.0,0.0,0.0,0.0,0.0,0.0,0.0,
1765987181.3318582,eth-updown-15m-1765986300,1765986300.0,1765987200.0,,18.668141841888428,,,,,0,0,0.99,0.98,IDLE,,,,,,,,,,,,,,0,5,,,,,,,,,,,,,,,,,,,,CAP_FULL,,,,,,,,25.0,25.0,,,,,0,0,,,Inv: 25.0/25.0 CapLeft: 0.0,,,25.0,25.0,50.0,0.0,50.0,0.0,50.0,0.97,0.030000000000000027,5.0,0.4,0.6,0.0,5.0,0.0,0.002,OK
1765987182.3297274,eth-updown-15m-1765986300,1765986300.0,1765987200.0,,17.67027258872986,,,,,0,0,0.9,0.98,ORDERS_OPEN,,,,,,,,,,,,,,0,5,,,,,,,,,,,,,,,,,,,,,,,,,,,,0.0,0.0,,,,,0,0,,,Inv: 0.0/0.0 CapLeft: 50.0,,,0.0,0.0,0.0,50.0,50.0,0.0,50.0,0.9,0.09999999999999998,0.0,0.0,0.0,0.0,0.0,0.0,0.0,
1765987183.2931888,eth-updown-15m-1765986300,1765986300.0,1765987200.0,,16.70681118965149,,,,,0,0,0.99,0.98,IDLE,,,,,,,,,,,,,,0,5,,,,,,,,,,,,,,,,,,,,CAP_FULL,,,,,,,,25.0,25.0,,,,,0,0,,,Inv: 25.0/25.0 CapLeft: 0.0,,,25.0,25.0,50.0,0.0,50.0,0.0,50.0,0.97,0.030000000000000027,5.0,0.4,0.6,0.0,5.0,0.0,0.002,OK
1765987183.8316536,eth-updown-15m-1765986300,1765986300.0,1765987200.0,,16.168346405029297,,,,,0,0,0.9,0.98,ORDERS_OPEN,,,,,,,,,,,,,,0,5,,,,,,,,,,,,,,,,,,,,,,,,,,,,0.0,0.0,,,,,0,0,,,Inv: 0.0/0.0 CapLeft: 50.0,,,0.0,0.0,0.0,50.0,50.0,0.0,50.0,0.9,0.09999999999999998,0.0,0.0,0.0,0.0,0.0,0.0,0.0,
1765987185.3329363,eth-updown-15m-1765986300,1765986300.0,1765987200.0,,14.66706371307373,,,,,0,0,0.9,0.98,ORDERS_OPEN,,,,,,,,,,,,,,0,5,,,,,,,,,,,,,,,,,,,,,,,,,,,,0.0,0.0,,,,,0,0,,,Inv: 0.0/0.0 CapLeft: 50.0,,,0.0,0.0,0.0,50.0,50.0,0.0,50.0,0.9,0.09999999999999998,0.0,0.0,0.0,0.0,0.0,0.0,0.0,
1765987185.2808914,eth-updown-15m-1765986300,1765986300.0,1765987200.0,,14.719108581542969,,,,,0,0,0.99,0.98,IDLE,,,,,,,,,,,,,,0,5,,,,,,,,,,,,,,,,,,,,CAP_FULL,,,,,,,,25.0,25.0,,,,,0,0,,,Inv: 25.0/25.0 CapLeft: 0.0,,,25.0,25.0,50.0,0.0,50.0,0.0,50.0,0.97,0.030000000000000027,5.0,0.4,0.6,0.0,5.0,0.0,0.002,OK
1765987186.8350918,eth-updown-15m-1765986300,1765986300.0,1765987200.0,,13.164908170700073,,,,,0,0,0.9,0.98,ORDERS_OPEN,,,,,,,,,,,,,,0,5,,,,,,,,,,,,,,,,,,,,,,,,,,,,0.0,0.0,,,,,0,0,,,Inv: 0.0/0.0 CapLeft: 50.0,,,0.0,0.0,0.0,50.0,50.0,0.0,50.0,0.9,0.09999999999999998,0.0,0.0,0.0,0.0,0.0,0.0,0.0,
1765987187.225649,eth-updown-15m-1765986300,1765986300.0,1765987200.0,,12.774350881576538,,,,,0,0,0.99,0.98,IDLE,,,,,,,,,,,,,,0,5,,,,,,,,,,,,,,,,,,,,CAP_FULL,,,,,,,,25.0,25.0,,,,,0,0,,,Inv: 25.0/25.0 CapLeft: 0.0,,,25.0,25.0,50.0,0.0,50.0,0.0,50.0,0.97,0.030000000000000027,5.0,0.4,0.6,0.0,5.0,0.0,0.002,OK
1765987188.3370175,eth-updown-15m-1765986300,1765986300.0,1765987200.0,,11.66298246383667,,,,,0,0,0.9,0.98,ORDERS_OPEN,,,,,,,,,,,,,,0,5,,,,,,,,,,,,,,,,,,,,,,,,,,,,0.0,0.0,,,,,0,0,,,Inv: 0.0/0.0 CapLeft: 50.0,,,0.0,0.0,0.0,50.0,50.0,0.0,50.0,0.9,0.09999999999999998,0.0,0.0,0.0,0.0,0.0,0.0,0.0,
1765987189.1689413,eth-updown-15m-1765986300,1765986300.0,1765987200.0,,10.831058740615845,,,,,0,0,0.99,0.98,IDLE,,,,,,,,,,,,,,0,5,,,,,,,,,,,,,,,,,,,,CAP_FULL,,,,,,,,25.0,25.0,,,,,0,0,,,Inv: 25.0/25.0 CapLeft: 0.0,,,25.0,25.0,50.0,0.0,50.0,0.0,50.0,0.97,0.030000000000000027,5.0,0.4,0.6,0.0,5.0,0.0,0.002,OK
1765987189.838618,eth-updown-15m-1765986300,1765986300.0,1765987200.0,,10.161381959915161,,,,,0,0,0.9,0.98,ORDERS_OPEN,,,,,,,,,,,,,,0,5,,,,,,,,,,,,,,,,,,,,,,,,,,,,0.0,0.0,,,,,0,0,,,Inv: 0.0/0.0 CapLeft: 50.0,,,0.0,0.0,0.0,50.0,50.0,0.0,50.0,0.9,0.09999999999999998,0.0,0.0,0.0,0.0,0.0,0.0,0.0,
1765987191.340165,eth-updown-15m-1765986300,1765986300.0,1765987200.0,,8.65983510017395,,,,,0,0,0.9,0.98,ORDERS_OPEN,,,,,,,,,,,,,,0,5,,,,,,,,,,,,,,,,,,,,,,,,,,,,0.0,0.0,,,,,0,0,,,Inv: 0.0/0.0 CapLeft: 50.0,,,0.0,0.0,0.0,50.0,50.0,0.0,50.0,0.9,0.09999999999999998,0.0,0.0,0.0,0.0,0.0,0.0,0.0,
1765987191.1034124,eth-updown-15m-1765986300,1765986300.0,1765987200.0,,8.896587610244751,,,,,0,0,0.99,0.98,IDLE,,,,,,,,,,,,,,0,5,,,,,,,,,,,,,,,,,,,,CAP_FULL,,,,,,,,25.0,25.0,,,,,0,0,,,Inv: 25.0/25.0 CapLeft: 0.0,,,25.0,25.0,50.0,0.0,50.0,0.0,50.0,0.97,0.030000000000000027,5.0,0.4,0.6,0.0,5.0,0.0,0.002,OK
1765987193.0198543,eth-updown-15m-1765986300,1765986300.0,1765987200.0,,6.980145692825317,,,,,0,0,0.99,0.98,IDLE,,,,,,,,,,,,,,0,5,,,,,,,,,,,,,,,,,,,,CAP_FULL,,,,,,,,25.0,25.0,,,,,0,0,,,Inv: 25.0/25.0 CapLeft: 0.0,,,25.0,25.0,50.0,0.0,50.0,0.0,50.0,0.97,0.030000000000000027,5.0,0.4,0.6,0.0,5.0,0.0,0.002,OK
1765987194.35553,eth-updown-15m-1765986300,1765986300.0,1765987200.0,,5.644469976425171,,,,,0.45,0.45,0.9,0.98,ORDERS_OPEN,,,,,,,,,,,,,,5,5,,,,,,,,,,,,,,,,,,,,Leg:BOTH UP:5 DOWN:5,,,,,,,,0.0,0.0,,,,,0,0,,,Inv: 0.0/0.0 CapLeft: 50.0,,,0.0,0.0,0.0,50.0,50.0,0.0,50.0,0.9,0.09999999999999998,0.0,0.0,0.0,0.0,0.0,0.0,0.0,
1765987194.9651146,eth-updown-15m-1765986300,1765986300.0,1765987200.0,,5.034885406494141,,,,,0,0,0.99,0.98,IDLE,,,,,,,,,,,,,,0,5,,,,,,,,,,,,,,,,,,,,CAP_FULL,,,,,,,,25.0,25.0,,,,,0,0,,,Inv: 25.0/25.0 CapLeft: 0.0,,,25.0,25.0,50.0,0.0,50.0,0.0,50.0,0.97,0.030000000000000027,5.0,0.4,0.6,0.0,5.0,0.0,0.002,OK
1765987195.8578384,eth-updown-15m-1765986300,1765986300.0,1765987200.0,,4.14216160774231,,,,,0,0,0.9,0.98,ORDERS_OPEN,,,,,,,,,,,,,,0,5,,,,,,,,,,,,,,,,,,,,,,,,,,,,0.0,0.0,,,,,0,0,,,Inv: 0.0/0.0 CapLeft: 50.0,,,0.0,0.0,0.0,50.0,50.0,0.0,50.0,0.9,0.09999999999999998,0.0,0.0,0.0,0.0,0.0,0.0,0.0,
1765987196.9097512,eth-updown-15m-1765986300,1765986300.0,1765987200.0,,3.0902488231658936,,,,,0,0,0.99,0.98,IDLE,,,,,,,,,,,,,,0,5,,,,,,,,,,,,,,,,,,,,CAP_FULL,,,,,,,,25.0,25.0,,,,,0,0,,,Inv: 25.0/25.0 CapLeft: 0.0,,,25.0,25.0,50.0,0.0,50.0,0.0,50.0,0.97,0.030000000000000027,5.0,0.4,0.6,0.0,5.0,0.0,0.002,OK
1765987197.359398,eth-updown-15m-1765986300,1765986300.0,1765987200.0,,2.6406021118164062,,,,,0,0,0.9,0.98,ORDERS_OPEN,,,,,,,,,,,,,,0,5,,,,,,,,,,,,,,,,,,,,,,,,,,,,0.0,0.0,,,,,0,0,,,Inv: 0.0/0.0 CapLeft: 50.0,,,0.0,0.0,0.0,50.0,50.0,0.0,50.0,0.9,0.09999999999999998,0.0,0.0,0.0,0.0,0.0,0.0,0.0,
1765987198.8612347,eth-updown-15m-1765986300,1765986300.0,1765987200.0,,1.1387653350830078,,,,,0,0,0.9,0.98,ORDERS_OPEN,,,,,,,,,,,,,,0,5,,,,,,,,,,,,,,,,,,,,,,,,,,,,0.0,0.0,,,,,0,0,,,Inv: 0.0/0.0 CapLeft: 50.0,,,0.0,0.0,0.0,50.0,50.0,0.0,50.0,0.9,0.09999999999999998,0.0,0.0,0.0,0.0,0.0,0.0,0.0,
1765987198.8339767,eth-updown-15m-1765986300,1765986300.0,1765987200.0,,1.1660232543945312,,,,,0,0,0.99,0.98,IDLE,,,,,,,,,,,,,,0,5,,,,,,,,,,,,,,,,,,,,CAP_FULL,,,,,,,,25.0,25.0,,,,,0,0,,,Inv: 25.0/25.0 CapLeft: 0.0,,,25.0,25.0,50.0,0.0,50.0,0.0,50.0,0.97,0.030000000000000027,5.0,0.4,0.6,0.0,5.0,0.0,0.002,OK
