timestamp,slug,market_start_ts,market_end_ts,now_ts,time_remaining,up_bid,up_ask,down_bid,down_ask,up_px,down_px,sum_px,max_sum_price,decision,blocked_maker,order_age,up_filled,down_filled,has_traded,intended_price_up,rounded_price_up,intended_price_down,rounded_price_down,cancel_reason,unwind_method,unwind_price,unwind_result,optimal_size,actual_size,near_resolution_blocked,force_flatten,entry_cutoff_sec,force_flatten_sec,size_chosen,size_max_usd,size_max_final,usd_per_market_cap,test_mode,used_test_preset,test_preset_candidate,min_leg_price,max_leg_price,min_profit_per_share,profit_both,price_bounds_ok,profit_ok,skip_reason,blocked_price_bounds,blocked_low_profit,taker_path_attempted,up_ask_at_send,down_ask_at_send,up_bid_at_send,down_bid_at_send,filled_up_shares,filled_down_shares,target_size_shares,size_locked_blocked,overbuy_attempted,filled_first_price,remaining_up,remaining_down,entry_id,reprice_attempt_count,reprice_reason,time_in_one_leg_state,last_reprice_ts,inv_up,inv_down,total_inventory,cap_remaining,reconstruction_budget,reconstruction_spent,remaining_edge,entry_sum_target,initial_edge_per_share,imbalance_shares,avg_other_price,px_missing_now,overpay_per_share,reconstruct_chunk_shares,reconstruct_cost_est_usd,reconstruct_overpay_limit,reconstruct_block_reason
1765987202.2632089,eth-updown-15m-1765987200,1765987200.0,1765988100.0,,897.7367911338806,,,,,0.45,0.45,0.9,0.98,ORDERS_OPEN,,,,,,,,,,,,,,5,5,,,,,,,,,,,,,,,,,,,,Leg:BOTH UP:5 DOWN:5,,,,,,,,0.0,0.0,,,,,0,0,,,Inv: 0.0/0.0 CapLeft: 50.0,,,0.0,0.0,0.0,50.0,50.0,0.0,50.0,0.9,0.09999999999999998,0.0,0.0,0.0,0.0,0.0,0.0,0.0,
1765987202.6005177,eth-updown-15m-1765987200,1765987200.0,1765988100.0,,897.3994822502136,,,,,0,0,1.01,0.98,IDLE,,,,,,,,,,,,,,0,0.0,,,,,,,,,,,,,,,,,,,,Spread high 1.01 > 0.98,,,,,,,,0.0,0.0,,,,,0,0,,,Inv: 0.0/0.0 CapLeft: 50.0,,,0.0,0.0,0.0,50.0,50.0,0.0,50.0,0.0,0.0,0.0,0.0,0.0,0.0,0.0,0.0,0.0,
1765987203.7652624,eth-updown-15m-1765987200,1765987200.0,1765988100.0,,896.2347376346588,,,,,0,0,0.9,0.98,ORDERS_OPEN,,,,,,,,,,,,,,0,5,,,,,,,,,,,,,,,,,,,,,,,,,,,,0.0,0.0,,,,,0,0,,,Inv: 0.0/0.0 CapLeft: 50.0,,,0.0,0.0,0.0,50.0,50.0,0.0,50.0,0.9,0.09999999999999998,0.0,0.0,0.0,0.0,0.0,0.0,0.0,
1765987205.2670076,eth-updown-15m-1765987200,1765987200.0,1765988100.0,,894.7329924106598,,,,,0,0,0.9,0.98,ORDERS_OPEN,,,,,,,,,,,,,,0,5,,,,,,,,,,,,,,,,,,,,,,,,,,,,0.0,0.0,,,,,0,0,,,Inv: 0.0/0.0 CapLeft: 50.0,,,0.0,0.0,0.0,50.0,50.0,0.0,50.0,0.9,0.09999999999999998,0.0,0.0,0.0,0.0,0.0,0.0,0.0,
1765987206.768952,eth-updown-15m-1765987200,1765987200.0,1765988100.0,,893.2310481071472,,,,,0,0,0.9,0.98,ORDERS_OPEN,,,,,,,,,,,,,,0,5,,,,,,,,,,,,,,,,,,,,,,,,,,,,0.0,0.0,,,,,0,0,,,Inv: 0.0/0.0 CapLeft: 50.0,,,0.0,0.0,0.0,50.0,50.0,0.0,50.0,0.9,0.09999999999999998,0.0,0.0,0.0,0.0,0.0,0.0,0.0,
1765987204.792257,eth-updown-15m-1765987200,1765987200.0,1765988100.0,,895.2077429294586,,,,,0.51,0.47,0.98,0.98,ORDERS_OPEN,,,,,,,,,,,,,,5,5,,,,,,,,,,,,,,,,,,,,Leg:BOTH UP:5 DOWN:5,,,,,,,,5.0,0.0,,,,,0,0,,,Inv: 5.0/0.0 CapLeft: 45.0,,,5.0,0.0,5.0,45.0,50.0,0.0,50.0,0.98,0.020000000000000018,0.0,0.0,0.0,0.0,0.0,0.0,0.0,
1765987208.2703106,eth-updown-15m-1765987200,1765987200.0,1765988100.0,,891.7296893596649,,,,,0,0,0.9,0.98,ORDERS_OPEN,,,,,,,,,,,,,,0,5,,,,,,,,,,,,,,,,,,,,,,,,,,,,0.0,0.0,,,,,0,0,,,Inv: 0.0/0.0 CapLeft: 50.0,,,0.0,0.0,0.0,50.0,50.0,0.0,50.0,0.9,0.09999999999999998,0.0,0.0,0.0,0.0,0.0,0.0,0.0,
1765987209.7731142,eth-updown-15m-1765987200,1765987200.0,1765988100.0,,890.2268857955933,,,,,0,0,0.9,0.98,ORDERS_OPEN,,,,,,,,,,,,,,0,5,,,,,,,,,,,,,,,,,,,,,,,,,,,,0.0,0.0,,,,,0,0,,,Inv: 0.0/0.0 CapLeft: 50.0,,,0.0,0.0,0.0,50.0,50.0,0.0,50.0,0.9,0.09999999999999998,0.0,0.0,0.0,0.0,0.0,0.0,0.0,
1765987209.7061834,eth-updown-15m-1765987200,1765987200.0,1765988100.0,,890.2938165664673,,,,,0,0,0.99,0.98,ORDERS_OPEN,,,,,,,,,,,,,,0,5,,,,,,,,,,,,,,,,,,,,,,,,,,,,5.0,0.0,,,,,0,0,,,Inv: 5.0/0.0 CapLeft: 45.0,,,5.0,0.0,5.0,45.0,50.0,0.0,50.0,0.98,0.020000000000000018,0.0,0.0,0.0,0.0,0.0,0.0,0.0,
1765987211.2748656,eth-updown-15m-1765987200,1765987200.0,1765988100.0,,888.7251343727112,,,,,0,0,0.9,0.98,ORDERS_OPEN,,,,,,,,,,,,,,0,5,,,,,,,,,,,,,,,,,,,,,,,,,,,,0.0,0.0,,,,,0,0,,,Inv: 0.0/0.0 CapLeft: 50.0,,,0.0,0.0,0.0,50.0,50.0,0.0,50.0,0.9,0.09999999999999998,0.0,0.0,0.0,0.0,0.0,0.0,0.0,
1765987211.8687744,eth-updown-15m-1765987200,1765987200.0,1765988100.0,,888.1312255859375,,,,,0,0,0.99,0.98,ORDERS_OPEN,,,,,,,,,,,,,,0,5,,,,,,,,,,,,,,,,,,,,,,,,,,,,5.0,0.0,,,,,0,0,,,Inv: 5.0/0.0 CapLeft: 45.0,,,5.0,0.0,5.0,45.0,50.0,0.0,50.0,0.98,0.020000000000000018,0.0,0.0,0.0,0.0,0.0,0.0,0.0,
1765987212.7781188,eth-updown-15m-1765987200,1765987200.0,1765988100.0,,887.2218811511993,,,,,0,0,0.9,0.98,ORDERS_OPEN,,,,,,,,,,,,,,0,5,,,,,,,,,,,,,,,,,,,,,,,,,,,,0.0,0.0,,,,,0,0,,,Inv: 0.0/0.0 CapLeft: 50.0,,,0.0,0.0,0.0,50.0,50.0,0.0,50.0,0.9,0.09999999999999998,0.0,0.0,0.0,0.0,0.0,0.0,0.0,
1765987214.280984,eth-updown-15m-1765987200,1765987200.0,1765988100.0,,885.7190160751343,,,,,0,0,0.9,0.98,ORDERS_OPEN,,,,,,,,,,,,,,0,5,,,,,,,,,,,,,,,,,,,,,,,,,,,,0.0,0.0,,,,,0,0,,,Inv: 0.0/0.0 CapLeft: 50.0,,,0.0,0.0,0.0,50.0,50.0,0.0,50.0,0.9,0.09999999999999998,0.0,0.0,0.0,0.0,0.0,0.0,0.0,
1765987214.163689,eth-updown-15m-1765987200,1765987200.0,1765988100.0,,885.8363111019135,,,,,0,0,0.99,0.98,ORDERS_OPEN,,,,,,,,,,,,,,0,5,,,,,,,,,,,,,,,,,,,,,,,,,,,,5.0,0.0,,,,,0,0,,,Inv: 5.0/0.0 CapLeft: 45.0,,,5.0,0.0,5.0,45.0,50.0,0.0,50.0,0.98,0.020000000000000018,0.0,0.0,0.0,0.0,0.0,0.0,0.0,
1765987215.7836719,eth-updown-15m-1765987200,1765987200.0,1765988100.0,,884.2163281440735,,,,,0,0,0.9,0.98,ORDERS_OPEN,,,,,,,,,,,,,,0,5,,,,,,,,,,,,,,,,,,,,,,,,,,,,0.0,0.0,,,,,0,0,,,Inv: 0.0/0.0 CapLeft: 50.0,,,0.0,0.0,0.0,50.0,50.0,0.0,50.0,0.9,0.09999999999999998,0.0,0.0,0.0,0.0,0.0,0.0,0.0,
1765987216.344858,eth-updown-15m-1765987200,1765987200.0,1765988100.0,,883.6551420688629,,,,,0,0,0.99,0.98,ORDERS_OPEN,,,,,,,,,,,,,,0,5,,,,,,,,,,,,,,,,,,,,,,,,,,,,5.0,0.0,,,,,0,0,,,Inv: 5.0/0.0 CapLeft: 45.0,,,5.0,0.0,5.0,45.0,50.0,0.0,50.0,0.98,0.020000000000000018,0.0,0.0,0.0,0.0,0.0,0.0,0.0,
1765987218.799705,eth-updown-15m-1765987200,1765987200.0,1765988100.0,,881.2002949714661,,,,,0.45,0.45,0.9,0.98,ORDERS_OPEN,,,,,,,,,,,,,,5,5,,,,,,,,,,,,,,,,,,,,Leg:BOTH UP:5 DOWN:5,,,,,,,,0.0,0.0,,,,,0,0,,,Inv: 0.0/0.0 CapLeft: 50.0,,,0.0,0.0,0.0,50.0,50.0,0.0,50.0,0.9,0.09999999999999998,0.0,0.0,0.0,0.0,0.0,0.0,0.0,
1765987218.557573,eth-updown-15m-1765987200,1765987200.0,1765988100.0,,881.4424269199371,,,,,0,0,0.99,0.98,ORDERS_OPEN,,,,,,,,,,,,,,0,5,,,,,,,,,,,,,,,,,,,,,,,,,,,,5.0,0.0,,,,,0,0,,,Inv: 5.0/0.0 CapLeft: 45.0,,,5.0,0.0,5.0,45.0,50.0,0.0,50.0,0.98,0.020000000000000018,0.0,0.0,0.0,0.0,0.0,0.0,0.0,
1765987220.3048208,eth-updown-15m-1765987200,1765987200.0,1765988100.0,,879.6951792240143,,,,,0,0,0.9,0.98,ORDERS_OPEN,,,,,,,,,,,,,,0,5,,,,,,,,,,,,,,,,,,,,,,,,,,,,0.0,0.0,,,,,0,0,,,Inv: 0.0/0.0 CapLeft: 50.0,,,0.0,0.0,0.0,50.0,50.0,0.0,50.0,0.9,0.09999999999999998,0.0,0.0,0.0,0.0,0.0,0.0,0.0,
1765987220.718764,eth-updown-15m-1765987200,1765987200.0,1765988100.0,,879.2812359333038,,,,,0,0,0.99,0.98,ORDERS_OPEN,,,,,,,,,,,,,,0,5,,,,,,,,,,,,,,,,,,,,,,,,,,,,5.0,0.0,,,,,0,0,,,Inv: 5.0/0.0 CapLeft: 45.0,,,5.0,0.0,5.0,45.0,50.0,0.0,50.0,0.98,0.020000000000000018,0.0,0.0,0.0,0.0,0.0,0.0,0.0,
1765987221.8079126,eth-updown-15m-1765987200,1765987200.0,1765988100.0,,878.1920874118805,,,,,0,0,0.9,0.98,ORDERS_OPEN,,,,,,,,,,,,,,0,5,,,,,,,,,,,,,,,,,,,,,,,,,,,,0.0,0.0,,,,,0,0,,,Inv: 0.0/0.0 CapLeft: 50.0,,,0.0,0.0,0.0,50.0,50.0,0.0,50.0,0.9,0.09999999999999998,0.0,0.0,0.0,0.0,0.0,0.0,0.0,
1765987223.3110554,eth-updown-15m-1765987200,1765987200.0,1765988100.0,,876.6889445781708,,,,,0,0,0.9,0.98,ORDERS_OPEN,,,,,,,,,,,,,,0,5,,,,,,,,,,,,,,,,,,,,,,,,,,,,0.0,0.0,,,,,0,0,,,Inv: 0.0/0.0 CapLeft: 50.0,,,0.0,0.0,0.0,50.0,50.0,0.0,50.0,0.9,0.09999999999999998,0.0,0.0,0.0,0.0,0.0,0.0,0.0,
1765987222.8871834,eth-updown-15m-1765987200,1765987200.0,1765988100.0,,877.1128165721893,,,,,0,0,1.0,0.98,ONE_LEG_INVENTORY,,,,,,,,,,,,,,0,5,,,,,,,,,,,,,,,,,,,,,,,,,,,,5.0,0.0,,,,,0,0,,,Inv: 5.0/0.0 CapLeft: 45.0,,,5.0,0.0,5.0,45.0,50.0,0.0,50.0,0.98,0.020000000000000018,0.0,0.0,0.0,0.0,0.0,0.0,0.0,
1765987224.8438473,eth-updown-15m-1765987200,1765987200.0,1765988100.0,,875.1561527252197,,,,,0,0,0.9,0.98,ORDERS_OPEN,,,,,,,,,,,,,,0,5,,,,,,,,,,,,,,,,,,,,,,,,,,,,0.0,0.0,,,,,0,0,,,Inv: 0.0/0.0 CapLeft: 50.0,,,0.0,0.0,0.0,50.0,50.0,0.0,50.0,0.9,0.09999999999999998,0.0,0.0,0.0,0.0,0.0,0.0,0.0,
1765987225.2123709,eth-updown-15m-1765987200,1765987200.0,1765988100.0,,874.7876291275024,,,,,0,0,0.99,0.98,ONE_LEG_INVENTORY,,,,,,,,,,,,,,0,5,,,,,,,,,,,,,,,,,,,,"RECONSTRUCT_BLOCKED: OVERPAY_LIMIT (Op:0.0100 > L:0.0020, Cost:$0.05)",,,,,,,,5.0,0.0,,,,,0,0,,,Inv: 5.0/0.0 CapLeft: 45.0,,,5.0,0.0,5.0,45.0,50.0,0.0,50.0,0.98,0.020000000000000018,5.0,0.51,0.5,0.010000000000000009,5.0,0.050000000000000044,0.002,OVERPAY_LIMIT
1765987225.2123709,eth-updown-15m-1765987200,1765987200.0,1765988100.0,,874.7876291275024,,,,,0,0,0.99,0.98,ONE_LEG_INVENTORY,,,,,,,,,,,,,,0,5,,,,,,,,,,,,,,,,,,,,"RECONSTRUCT_BLOCKED: OVERPAY_LIMIT (Op:0.0100 > L:0.0020, Cost:$0.05)",,,,,,,,5.0,0.0,,,,,0,0,,,Inv: 5.0/0.0 CapLeft: 45.0,,,5.0,0.0,5.0,45.0,50.0,0.0,50.0,0.98,0.020000000000000018,5.0,0.51,0.5,0.010000000000000009,5.0,0.050000000000000044,0.002,OVERPAY_LIMIT
1765987226.4297957,eth-updown-15m-1765987200,1765987200.0,1765988100.0,,873.5702042579651,,,,,0,0,0.9,0.98,ORDERS_OPEN,,,,,,,,,,,,,,0,5,,,,,,,,,,,,,,,,,,,,,,,,,,,,0.0,0.0,,,,,0,0,,,Inv: 0.0/0.0 CapLeft: 50.0,,,0.0,0.0,0.0,50.0,50.0,0.0,50.0,0.9,0.09999999999999998,0.0,0.0,0.0,0.0,0.0,0.0,0.0,
1765987227.9339035,eth-updown-15m-1765987200,1765987200.0,1765988100.0,,872.0660965442657,,,,,0,0,0.9,0.98,ORDERS_OPEN,,,,,,,,,,,,,,0,5,,,,,,,,,,,,,,,,,,,,,,,,,,,,0.0,0.0,,,,,0,0,,,Inv: 0.0/0.0 CapLeft: 50.0,,,0.0,0.0,0.0,50.0,50.0,0.0,50.0,0.9,0.09999999999999998,0.0,0.0,0.0,0.0,0.0,0.0,0.0,
1765987227.201236,eth-updown-15m-1765987200,1765987200.0,1765988100.0,,872.7987639904022,,,,,0.5,0.48,0.98,0.98,ORDERS_OPEN,,,,,,,,,,,,,,5.0,5.0,,,,,,,,,,,,,,,,,,,,RECONSTRUCT_CHUNK: 0.0/5.0 (Op:-0.0100 B:$50.00),,,,,,,,5.0,0.0,,,,,0,0,,,Inv: 5.0/0.0 CapLeft: 45.0,,,5.0,0.0,5.0,45.0,50.0,0.0,50.0,0.98,0.020000000000000018,5.0,0.51,0.48,-0.010000000000000009,5.0,0.0,0.002,OK
1765987229.456418,eth-updown-15m-1765987200,1765987200.0,1765988100.0,,870.5435819625854,,,,,0,0,0.9,0.98,ORDERS_OPEN,,,,,,,,,,,,,,0,5,,,,,,,,,,,,,,,,,,,,,,,,,,,,0.0,0.0,,,,,0,0,,,Inv: 0.0/0.0 CapLeft: 50.0,,,0.0,0.0,0.0,50.0,50.0,0.0,50.0,0.9,0.09999999999999998,0.0,0.0,0.0,0.0,0.0,0.0,0.0,
1765987229.6424906,eth-updown-15m-1765987200,1765987200.0,1765988100.0,,870.3575093746185,,,,,0,0,0.99,0.98,ORDERS_OPEN,,,,,,,,,,,,,,0,5.0,,,,,,,,,,,,,,,,,,,,,,,,,,,,5.0,0.0,,,,,0,0,,,Inv: 5.0/0.0 CapLeft: 45.0,,,5.0,0.0,5.0,45.0,50.0,0.0,50.0,0.98,0.020000000000000018,5.0,0.51,0.48,-0.010000000000000009,5.0,0.0,0.002,OK
1765987230.9690914,eth-updown-15m-1765987200,1765987200.0,1765988100.0,,869.0309085845947,,,,,0,0,0.9,0.98,ORDERS_OPEN,,,,,,,,,,,,,,0,5,,,,,,,,,,,,,,,,,,,,,,,,,,,,0.0,0.0,,,,,0,0,,,Inv: 0.0/0.0 CapLeft: 50.0,,,0.0,0.0,0.0,50.0,50.0,0.0,50.0,0.9,0.09999999999999998,0.0,0.0,0.0,0.0,0.0,0.0,0.0,
1765987232.481432,eth-updown-15m-1765987200,1765987200.0,1765988100.0,,867.5185680389404,,,,,0,0,0.9,0.98,ORDERS_OPEN,,,,,,,,,,,,,,0,5,,,,,,,,,,,,,,,,,,,,,,,,,,,,0.0,0.0,,,,,0,0,,,Inv: 0.0/0.0 CapLeft: 50.0,,,0.0,0.0,0.0,50.0,50.0,0.0,50.0,0.9,0.09999999999999998,0.0,0.0,0.0,0.0,0.0,0.0,0.0,
1765987231.9608731,eth-updown-15m-1765987200,1765987200.0,1765988100.0,,868.0391268730164,,,,,0,0,0.97,0.98,ORDERS_OPEN,,,,,,,,,,,,,,0,5.0,,,,,,,,,,,,,,,,,,,,,,,,,,,,5.0,0.0,,,,,0,0,,,Inv: 5.0/0.0 CapLeft: 45.0,,,5.0,0.0,5.0,45.0,50.0,0.0,50.0,0.98,0.020000000000000018,5.0,0.51,0.48,-0.010000000000000009,5.0,0.0,0.002,OK
1765987234.1823432,eth-updown-15m-1765987200,1765987200.0,1765988100.0,,865.8176567554474,,,,,0,0,0.99,0.98,ORDERS_OPEN,,,,,,,,,,,,,,0,5.0,,,,,,,,,,,,,,,,,,,,,,,,,,,,5.0,0.0,,,,,0,0,,,Inv: 5.0/0.0 CapLeft: 45.0,,,5.0,0.0,5.0,45.0,50.0,0.0,50.0,0.98,0.020000000000000018,5.0,0.51,0.48,-0.010000000000000009,5.0,0.0,0.002,OK
1765987235.4969573,eth-updown-15m-1765987200,1765987200.0,1765988100.0,,864.5030426979065,,,,,0.45,0.45,0.9,0.98,ORDERS_OPEN,,,,,,,,,,,,,,5,5,,,,,,,,,,,,,,,,,,,,Leg:BOTH UP:5 DOWN:5,,,,,,,,0.0,0.0,,,,,0,0,,,Inv: 0.0/0.0 CapLeft: 50.0,,,0.0,0.0,0.0,50.0,50.0,0.0,50.0,0.9,0.09999999999999998,0.0,0.0,0.0,0.0,0.0,0.0,0.0,
1765987236.9993675,eth-updown-15m-1765987200,1765987200.0,1765988100.0,,863.0006325244904,,,,,0,0,0.9,0.98,ORDERS_OPEN,,,,,,,,,,,,,,0,5,,,,,,,,,,,,,,,,,,,,,,,,,,,,0.0,0.0,,,,,0,0,,,Inv: 0.0/0.0 CapLeft: 50.0,,,0.0,0.0,0.0,50.0,50.0,0.0,50.0,0.9,0.09999999999999998,0.0,0.0,0.0,0.0,0.0,0.0,0.0,
1765987236.4151611,eth-updown-15m-1765987200,1765987200.0,1765988100.0,,863.5848388671875,,,,,0,0,0.99,0.98,ORDERS_OPEN,,,,,,,,,,,,,,0,5.0,,,,,,,,,,,,,,,,,,,,,,,,,,,,5.0,0.0,,,,,0,0,,,Inv: 5.0/0.0 CapLeft: 45.0,,,5.0,0.0,5.0,45.0,50.0,0.0,50.0,0.98,0.020000000000000018,5.0,0.51,0.48,-0.010000000000000009,5.0,0.0,0.002,OK
1765987238.5017595,eth-updown-15m-1765987200,1765987200.0,1765988100.0,,861.4982404708862,,,,,0,0,0.9,0.98,ORDERS_OPEN,,,,,,,,,,,,,,0,5,,,,,,,,,,,,,,,,,,,,,,,,,,,,0.0,0.0,,,,,0,0,,,Inv: 0.0/0.0 CapLeft: 50.0,,,0.0,0.0,0.0,50.0,50.0,0.0,50.0,0.9,0.09999999999999998,0.0,0.0,0.0,0.0,0.0,0.0,0.0,
1765987238.6632717,eth-updown-15m-1765987200,1765987200.0,1765988100.0,,861.3367283344269,,,,,0,0,0.99,0.98,ORDERS_OPEN,,,,,,,,,,,,,,0,5.0,,,,,,,,,,,,,,,,,,,,,,,,,,,,5.0,0.0,,,,,0,0,,,Inv: 5.0/0.0 CapLeft: 45.0,,,5.0,0.0,5.0,45.0,50.0,0.0,50.0,0.98,0.020000000000000018,5.0,0.51,0.48,-0.010000000000000009,5.0,0.0,0.002,OK
1765987240.0114667,eth-updown-15m-1765987200,1765987200.0,1765988100.0,,859.9885332584381,,,,,0,0,0.9,0.98,ORDERS_OPEN,,,,,,,,,,,,,,0,5,,,,,,,,,,,,,,,,,,,,,,,,,,,,0.0,0.0,,,,,0,0,,,Inv: 0.0/0.0 CapLeft: 50.0,,,0.0,0.0,0.0,50.0,50.0,0.0,50.0,0.9,0.09999999999999998,0.0,0.0,0.0,0.0,0.0,0.0,0.0,
1765987241.5404246,eth-updown-15m-1765987200,1765987200.0,1765988100.0,,858.4595754146576,,,,,0,0,0.9,0.98,ORDERS_OPEN,,,,,,,,,,,,,,0,5,,,,,,,,,,,,,,,,,,,,,,,,,,,,0.0,0.0,,,,,0,0,,,Inv: 0.0/0.0 CapLeft: 50.0,,,0.0,0.0,0.0,50.0,50.0,0.0,50.0,0.9,0.09999999999999998,0.0,0.0,0.0,0.0,0.0,0.0,0.0,
1765987240.9091122,eth-updown-15m-1765987200,1765987200.0,1765988100.0,,859.0908877849579,,,,,0,0,0.99,0.98,IDLE,,,,,,,,,,,,,,0,5.0,,,,,,,,,,,,,,,,,,,,,,,,,,,,5.0,5.0,,,,,0,0,,,Inv: 5.0/5.0 CapLeft: 40.0,,,5.0,5.0,10.0,40.0,50.0,0.0,50.0,0.98,0.020000000000000018,5.0,0.51,0.48,-0.010000000000000009,5.0,0.0,0.002,OK
1765987243.0649984,eth-updown-15m-1765987200,1765987200.0,1765988100.0,,856.9350016117096,,,,,0,0,0.9,0.98,ORDERS_OPEN,,,,,,,,,,,,,,0,5,,,,,,,,,,,,,,,,,,,,,,,,,,,,0.0,0.0,,,,,0,0,,,Inv: 0.0/0.0 CapLeft: 50.0,,,0.0,0.0,0.0,50.0,50.0,0.0,50.0,0.9,0.09999999999999998,0.0,0.0,0.0,0.0,0.0,0.0,0.0,
1765987243.2528448,eth-updown-15m-1765987200,1765987200.0,1765988100.0,,856.7471551895142,,,,,0,0,0.99,0.98,IDLE,,,,,,,,,,,,,,0,5.0,,,,,,,,,,,,,,,,,,,,Spread high 0.99 > 0.98,,,,,,,,5.0,5.0,,,,,0,0,,,Inv: 5.0/5.0 CapLeft: 40.0,,,5.0,5.0,10.0,40.0,50.0,0.0,50.0,0.98,0.020000000000000018,5.0,0.51,0.48,-0.010000000000000009,5.0,0.0,0.002,OK
1765987244.5668027,eth-updown-15m-1765987200,1765987200.0,1765988100.0,,855.433197259903,,,,,0,0,0.9,0.98,ORDERS_OPEN,,,,,,,,,,,,,,0,5,,,,,,,,,,,,,,,,,,,,,,,,,,,,0.0,0.0,,,,,0,0,,,Inv: 0.0/0.0 CapLeft: 50.0,,,0.0,0.0,0.0,50.0,50.0,0.0,50.0,0.9,0.09999999999999998,0.0,0.0,0.0,0.0,0.0,0.0,0.0,
1765987246.0926547,eth-updown-15m-1765987200,1765987200.0,1765988100.0,,853.9073452949524,,,,,0,0,0.9,0.98,ORDERS_OPEN,,,,,,,,,,,,,,0,5,,,,,,,,,,,,,,,,,,,,,,,,,,,,0.0,0.0,,,,,0,0,,,Inv: 0.0/0.0 CapLeft: 50.0,,,0.0,0.0,0.0,50.0,50.0,0.0,50.0,0.9,0.09999999999999998,0.0,0.0,0.0,0.0,0.0,0.0,0.0,
1765987245.2096694,eth-updown-15m-1765987200,1765987200.0,1765988100.0,,854.7903306484222,,,,,0.52,0.44,0.96,0.98,ORDERS_OPEN,,,,,,,,,,,,,,5,5,,,,,,,,,,,,,,,,,,,,Leg:BOTH UP:5 DOWN:5,,,,,,,,5.0,5.0,,,,,0,0,,,Inv: 5.0/5.0 CapLeft: 40.0,,,5.0,5.0,10.0,40.0,50.0,0.0,50.0,0.96,0.040000000000000036,5.0,0.51,0.48,-0.010000000000000009,5.0,0.0,0.002,OK
1765987247.6285582,eth-updown-15m-1765987200,1765987200.0,1765988100.0,,852.3714418411255,,,,,0,0,0.9,0.98,ORDERS_OPEN,,,,,,,,,,,,,,0,5,,,,,,,,,,,,,,,,,,,,,,,,,,,,0.0,0.0,,,,,0,0,,,Inv: 0.0/0.0 CapLeft: 50.0,,,0.0,0.0,0.0,50.0,50.0,0.0,50.0,0.9,0.09999999999999998,0.0,0.0,0.0,0.0,0.0,0.0,0.0,
1765987249.1378117,eth-updown-15m-1765987200,1765987200.0,1765988100.0,,850.8621883392334,,,,,0,0,0.9,0.98,ORDERS_OPEN,,,,,,,,,,,,,,0,5,,,,,,,,,,,,,,,,,,,,,,,,,,,,0.0,0.0,,,,,0,0,,,Inv: 0.0/0.0 CapLeft: 50.0,,,0.0,0.0,0.0,50.0,50.0,0.0,50.0,0.9,0.09999999999999998,0.0,0.0,0.0,0.0,0.0,0.0,0.0,
1765987248.191235,eth-updown-15m-1765987200,1765987200.0,1765988100.0,,851.8087649345398,,,,,0,0,0.98,0.98,ORDERS_OPEN,,,,,,,,,,,,,,0,5,,,,,,,,,,,,,,,,,,,,,,,,,,,,5.0,5.0,,,,,0,0,,,Inv: 5.0/5.0 CapLeft: 40.0,,,5.0,5.0,10.0,40.0,50.0,0.0,50.0,0.96,0.040000000000000036,5.0,0.51,0.48,-0.010000000000000009,5.0,0.0,0.002,OK
1765987250.673029,eth-updown-15m-1765987200,1765987200.0,1765988100.0,,849.3269710540771,,,,,0,0,0.98,0.98,ORDERS_OPEN,,,,,,,,,,,,,,0,5,,,,,,,,,,,,,,,,,,,,,,,,,,,,5.0,5.0,,,,,0,0,,,Inv: 5.0/5.0 CapLeft: 40.0,,,5.0,5.0,10.0,40.0,50.0,0.0,50.0,0.96,0.040000000000000036,5.0,0.51,0.48,-0.010000000000000009,5.0,0.0,0.002,OK
1765987252.1474962,eth-updown-15m-1765987200,1765987200.0,1765988100.0,,847.8525037765503,,,,,0.45,0.45,0.9,0.98,ORDERS_OPEN,,,,,,,,,,,,,,5,5,,,,,,,,,,,,,,,,,,,,Leg:BOTH UP:5 DOWN:5,,,,,,,,0.0,0.0,,,,,0,0,,,Inv: 0.0/0.0 CapLeft: 50.0,,,0.0,0.0,0.0,50.0,50.0,0.0,50.0,0.9,0.09999999999999998,0.0,0.0,0.0,0.0,0.0,0.0,0.0,
1765987253.6492748,eth-updown-15m-1765987200,1765987200.0,1765988100.0,,846.3507251739502,,,,,0,0,0.9,0.98,ORDERS_OPEN,,,,,,,,,,,,,,0,5,,,,,,,,,,,,,,,,,,,,,,,,,,,,0.0,0.0,,,,,0,0,,,Inv: 0.0/0.0 CapLeft: 50.0,,,0.0,0.0,0.0,50.0,50.0,0.0,50.0,0.9,0.09999999999999998,0.0,0.0,0.0,0.0,0.0,0.0,0.0,
1765987253.111518,eth-updown-15m-1765987200,1765987200.0,1765988100.0,,846.888482093811,,,,,0,0,0.99,0.98,ORDERS_OPEN,,,,,,,,,,,,,,0,5,,,,,,,,,,,,,,,,,,,,,,,,,,,,5.0,5.0,,,,,0,0,,,Inv: 5.0/5.0 CapLeft: 40.0,,,5.0,5.0,10.0,40.0,50.0,0.0,50.0,0.96,0.040000000000000036,5.0,0.51,0.48,-0.010000000000000009,5.0,0.0,0.002,OK
1765987255.2011409,eth-updown-15m-1765987200,1765987200.0,1765988100.0,,844.7988591194153,,,,,0,0,0.9,0.98,ORDERS_OPEN,,,,,,,,,,,,,,0,5,,,,,,,,,,,,,,,,,,,,,,,,,,,,0.0,0.0,,,,,0,0,,,Inv: 0.0/0.0 CapLeft: 50.0,,,0.0,0.0,0.0,50.0,50.0,0.0,50.0,0.9,0.09999999999999998,0.0,0.0,0.0,0.0,0.0,0.0,0.0,
1765987255.7007134,eth-updown-15m-1765987200,1765987200.0,1765988100.0,,844.2992866039276,,,,,0,0,0.99,0.98,ORDERS_OPEN,,,,,,,,,,,,,,0,5,,,,,,,,,,,,,,,,,,,,,,,,,,,,5.0,10.0,,,,,0,0,,,Inv: 5.0/10.0 CapLeft: 35.0,,,5.0,10.0,15.0,35.0,50.0,0.0,50.0,0.96,0.040000000000000036,5.0,0.51,0.48,-0.010000000000000009,5.0,0.0,0.002,OK
1765987256.7026784,eth-updown-15m-1765987200,1765987200.0,1765988100.0,,843.2973215579987,,,,,0,0,0.9,0.98,ORDERS_OPEN,,,,,,,,,,,,,,0,5,,,,,,,,,,,,,,,,,,,,,,,,,,,,0.0,0.0,,,,,0,0,,,Inv: 0.0/0.0 CapLeft: 50.0,,,0.0,0.0,0.0,50.0,50.0,0.0,50.0,0.9,0.09999999999999998,0.0,0.0,0.0,0.0,0.0,0.0,0.0,
1765987258.207248,eth-updown-15m-1765987200,1765987200.0,1765988100.0,,841.7927520275116,,,,,0,0,0.9,0.98,ORDERS_OPEN,,,,,,,,,,,,,,0,5,,,,,,,,,,,,,,,,,,,,,,,,,,,,0.0,0.0,,,,,0,0,,,Inv: 0.0/0.0 CapLeft: 50.0,,,0.0,0.0,0.0,50.0,50.0,0.0,50.0,0.9,0.09999999999999998,0.0,0.0,0.0,0.0,0.0,0.0,0.0,
1765987258.0668612,eth-updown-15m-1765987200,1765987200.0,1765988100.0,,841.9331388473511,,,,,0,0,0.98,0.98,ORDERS_OPEN,,,,,,,,,,,,,,0,5,,,,,,,,,,,,,,,,,,,,,,,,,,,,5.0,10.0,,,,,0,0,,,Inv: 5.0/10.0 CapLeft: 35.0,,,5.0,10.0,15.0,35.0,50.0,0.0,50.0,0.96,0.040000000000000036,5.0,0.51,0.48,-0.010000000000000009,5.0,0.0,0.002,OK
1765987259.7098558,eth-updown-15m-1765987200,1765987200.0,1765988100.0,,840.2901442050934,,,,,0,0,0.9,0.98,ORDERS_OPEN,,,,,,,,,,,,,,0,5,,,,,,,,,,,,,,,,,,,,,,,,,,,,0.0,0.0,,,,,0,0,,,Inv: 0.0/0.0 CapLeft: 50.0,,,0.0,0.0,0.0,50.0,50.0,0.0,50.0,0.9,0.09999999999999998,0.0,0.0,0.0,0.0,0.0,0.0,0.0,
1765987260.363461,eth-updown-15m-1765987200,1765987200.0,1765988100.0,,839.6365389823914,,,,,0,0,0.99,0.98,ORDERS_OPEN,,,,,,,,,,,,,,0,5,,,,,,,,,,,,,,,,,,,,,,,,,,,,5.0,10.0,,,,,0,0,,,Inv: 5.0/10.0 CapLeft: 35.0,,,5.0,10.0,15.0,35.0,50.0,0.0,50.0,0.96,0.040000000000000036,5.0,0.51,0.48,-0.010000000000000009,5.0,0.0,0.002,OK
1765987261.2155852,eth-updown-15m-1765987200,1765987200.0,1765988100.0,,838.784414768219,,,,,0,0,0.9,0.98,ORDERS_OPEN,,,,,,,,,,,,,,0,5,,,,,,,,,,,,,,,,,,,,,,,,,,,,0.0,0.0,,,,,0,0,,,Inv: 0.0/0.0 CapLeft: 50.0,,,0.0,0.0,0.0,50.0,50.0,0.0,50.0,0.9,0.09999999999999998,0.0,0.0,0.0,0.0,0.0,0.0,0.0,
1765987262.7219422,eth-updown-15m-1765987200,1765987200.0,1765988100.0,,837.2780578136444,,,,,0,0,0.9,0.98,ORDERS_OPEN,,,,,,,,,,,,,,0,5,,,,,,,,,,,,,,,,,,,,,,,,,,,,0.0,0.0,,,,,0,0,,,Inv: 0.0/0.0 CapLeft: 50.0,,,0.0,0.0,0.0,50.0,50.0,0.0,50.0,0.9,0.09999999999999998,0.0,0.0,0.0,0.0,0.0,0.0,0.0,
1765987264.224014,eth-updown-15m-1765987200,1765987200.0,1765988100.0,,835.775985956192,,,,,0,0,0.9,0.98,ORDERS_OPEN,,,,,,,,,,,,,,0,5,,,,,,,,,,,,,,,,,,,,,,,,,,,,0.0,0.0,,,,,0,0,,,Inv: 0.0/0.0 CapLeft: 50.0,,,0.0,0.0,0.0,50.0,50.0,0.0,50.0,0.9,0.09999999999999998,0.0,0.0,0.0,0.0,0.0,0.0,0.0,
1765987262.6395211,eth-updown-15m-1765987200,1765987200.0,1765988100.0,,837.3604788780212,,,,,0,0,0.98,0.98,ONE_LEG_INVENTORY,,,,,,,,,,,,,,0,5,,,,,,,,,,,,,,,,,,,,,,,,,,,,5.0,10.0,,,,,0,0,,,Inv: 5.0/10.0 CapLeft: 35.0,,,5.0,10.0,15.0,35.0,50.0,0.0,50.0,0.96,0.040000000000000036,5.0,0.51,0.48,-0.010000000000000009,5.0,0.0,0.002,OK
1765987265.7259028,eth-updown-15m-1765987200,1765987200.0,1765988100.0,,834.2740972042084,,,,,0,0,0.9,0.98,ORDERS_OPEN,,,,,,,,,,,,,,0,5,,,,,,,,,,,,,,,,,,,,,,,,,,,,0.0,0.0,,,,,0,0,,,Inv: 0.0/0.0 CapLeft: 50.0,,,0.0,0.0,0.0,50.0,50.0,0.0,50.0,0.9,0.09999999999999998,0.0,0.0,0.0,0.0,0.0,0.0,0.0,
1765987266.2567763,eth-updown-15m-1765987200,1765987200.0,1765988100.0,,833.7432236671448,,,,,0,0,0.97,0.98,ONE_LEG_INVENTORY,,,,,,,,,,,,,,0,5,,,,,,,,,,,,,,,,,,,,"RECONSTRUCT_BLOCKED: OVERPAY_LIMIT (Op:0.0600 > L:0.0020, Cost:$0.30)",,,,,,,,5.0,10.0,,,,,0,0,,,Inv: 5.0/10.0 CapLeft: 35.0,,,5.0,10.0,15.0,35.0,50.0,0.0,50.0,0.96,0.040000000000000036,-5.0,0.45999999999999996,0.6,0.06000000000000005,5.0,0.30000000000000027,0.002,OVERPAY_LIMIT
1765987266.2567763,eth-updown-15m-1765987200,1765987200.0,1765988100.0,,833.7432236671448,,,,,0,0,0.97,0.98,ONE_LEG_INVENTORY,,,,,,,,,,,,,,0,5,,,,,,,,,,,,,,,,,,,,"RECONSTRUCT_BLOCKED: OVERPAY_LIMIT (Op:0.0600 > L:0.0020, Cost:$0.30)",,,,,,,,5.0,10.0,,,,,0,0,,,Inv: 5.0/10.0 CapLeft: 35.0,,,5.0,10.0,15.0,35.0,50.0,0.0,50.0,0.96,0.040000000000000036,-5.0,0.45999999999999996,0.6,0.06000000000000005,5.0,0.30000000000000027,0.002,OVERPAY_LIMIT
1765987268.7303524,eth-updown-15m-1765987200,1765987200.0,1765988100.0,,831.2696475982666,,,,,0.45,0.45,0.9,0.98,ORDERS_OPEN,,,,,,,,,,,,,,5,5,,,,,,,,,,,,,,,,,,,,Leg:BOTH UP:5 DOWN:5,,,,,,,,0.0,0.0,,,,,0,0,,,Inv: 0.0/0.0 CapLeft: 50.0,,,0.0,0.0,0.0,50.0,50.0,0.0,50.0,0.9,0.09999999999999998,0.0,0.0,0.0,0.0,0.0,0.0,0.0,
1765987268.3296585,eth-updown-15m-1765987200,1765987200.0,1765988100.0,,831.6703414916992,,,,,0,0,0.99,0.98,ONE_LEG_INVENTORY,,,,,,,,,,,,,,0,5,,,,,,,,,,,,,,,,,,,,"RECONSTRUCT_BLOCKED: OVERPAY_LIMIT (Op:0.0700 > L:0.0020, Cost:$0.35)",,,,,,,,5.0,10.0,,,,,0,0,,,Inv: 5.0/10.0 CapLeft: 35.0,,,5.0,10.0,15.0,35.0,50.0,0.0,50.0,0.96,0.040000000000000036,-5.0,0.45999999999999996,0.61,0.06999999999999984,5.0,0.3499999999999992,0.002,OVERPAY_LIMIT
1765987268.3296585,eth-updown-15m-1765987200,1765987200.0,1765988100.0,,831.6703414916992,,,,,0,0,0.99,0.98,ONE_LEG_INVENTORY,,,,,,,,,,,,,,0,5,,,,,,,,,,,,,,,,,,,,"RECONSTRUCT_BLOCKED: OVERPAY_LIMIT (Op:0.0700 > L:0.0020, Cost:$0.35)",,,,,,,,5.0,10.0,,,,,0,0,,,Inv: 5.0/10.0 CapLeft: 35.0,,,5.0,10.0,15.0,35.0,50.0,0.0,50.0,0.96,0.040000000000000036,-5.0,0.45999999999999996,0.61,0.06999999999999984,5.0,0.3499999999999992,0.002,OVERPAY_LIMIT
1765987270.234241,eth-updown-15m-1765987200,1765987200.0,1765988100.0,,829.7657589912415,,,,,0,0,0.9,0.98,ORDERS_OPEN,,,,,,,,,,,,,,0,5,,,,,,,,,,,,,,,,,,,,,,,,,,,,0.0,0.0,,,,,0,0,,,Inv: 0.0/0.0 CapLeft: 50.0,,,0.0,0.0,0.0,50.0,50.0,0.0,50.0,0.9,0.09999999999999998,0.0,0.0,0.0,0.0,0.0,0.0,0.0,
1765987270.286284,eth-updown-15m-1765987200,1765987200.0,1765988100.0,,829.7137160301208,,,,,0,0,0.98,0.98,ONE_LEG_INVENTORY,,,,,,,,,,,,,,0,5,,,,,,,,,,,,,,,,,,,,"RECONSTRUCT_BLOCKED: OVERPAY_LIMIT (Op:0.1000 > L:0.0020, Cost:$0.50)",,,,,,,,5.0,10.0,,,,,0,0,,,Inv: 5.0/10.0 CapLeft: 35.0,,,5.0,10.0,15.0,35.0,50.0,0.0,50.0,0.96,0.040000000000000036,-5.0,0.45999999999999996,0.64,0.10000000000000009,5.0,0.5000000000000004,0.002,OVERPAY_LIMIT
1765987270.286284,eth-updown-15m-1765987200,1765987200.0,1765988100.0,,829.7137160301208,,,,,0,0,0.98,0.98,ONE_LEG_INVENTORY,,,,,,,,,,,,,,0,5,,,,,,,,,,,,,,,,,,,,"RECONSTRUCT_BLOCKED: OVERPAY_LIMIT (Op:0.1000 > L:0.0020, Cost:$0.50)",,,,,,,,5.0,10.0,,,,,0,0,,,Inv: 5.0/10.0 CapLeft: 35.0,,,5.0,10.0,15.0,35.0,50.0,0.0,50.0,0.96,0.040000000000000036,-5.0,0.45999999999999996,0.64,0.10000000000000009,5.0,0.5000000000000004,0.002,OVERPAY_LIMIT
1765987271.7371073,eth-updown-15m-1765987200,1765987200.0,1765988100.0,,828.2628927230835,,,,,0,0,0.9,0.98,ORDERS_OPEN,,,,,,,,,,,,,,0,5,,,,,,,,,,,,,,,,,,,,,,,,,,,,0.0,0.0,,,,,0,0,,,Inv: 0.0/0.0 CapLeft: 50.0,,,0.0,0.0,0.0,50.0,50.0,0.0,50.0,0.9,0.09999999999999998,0.0,0.0,0.0,0.0,0.0,0.0,0.0,
1765987272.2535765,eth-updown-15m-1765987200,1765987200.0,1765988100.0,,827.7464234828949,,,,,0,0,0.98,0.98,ONE_LEG_INVENTORY,,,,,,,,,,,,,,0,5,,,,,,,,,,,,,,,,,,,,"RECONSTRUCT_BLOCKED: OVERPAY_LIMIT (Op:0.1000 > L:0.0020, Cost:$0.50)",,,,,,,,5.0,10.0,,,,,0,0,,,Inv: 5.0/10.0 CapLeft: 35.0,,,5.0,10.0,15.0,35.0,50.0,0.0,50.0,0.96,0.040000000000000036,-5.0,0.45999999999999996,0.64,0.10000000000000009,5.0,0.5000000000000004,0.002,OVERPAY_LIMIT
1765987272.2535765,eth-updown-15m-1765987200,1765987200.0,1765988100.0,,827.7464234828949,,,,,0,0,0.98,0.98,ONE_LEG_INVENTORY,,,,,,,,,,,,,,0,5,,,,,,,,,,,,,,,,,,,,"RECONSTRUCT_BLOCKED: OVERPAY_LIMIT (Op:0.1000 > L:0.0020, Cost:$0.50)",,,,,,,,5.0,10.0,,,,,0,0,,,Inv: 5.0/10.0 CapLeft: 35.0,,,5.0,10.0,15.0,35.0,50.0,0.0,50.0,0.96,0.040000000000000036,-5.0,0.45999999999999996,0.64,0.10000000000000009,5.0,0.5000000000000004,0.002,OVERPAY_LIMIT
1765987273.2396405,eth-updown-15m-1765987200,1765987200.0,1765988100.0,,826.7603595256805,,,,,0,0,0.9,0.98,ORDERS_OPEN,,,,,,,,,,,,,,0,5,,,,,,,,,,,,,,,,,,,,,,,,,,,,0.0,0.0,,,,,0,0,,,Inv: 0.0/0.0 CapLeft: 50.0,,,0.0,0.0,0.0,50.0,50.0,0.0,50.0,0.9,0.09999999999999998,0.0,0.0,0.0,0.0,0.0,0.0,0.0,
1765987274.7954655,eth-updown-15m-1765987200,1765987200.0,1765988100.0,,825.2045345306396,,,,,0,0,0.9,0.98,ORDERS_OPEN,,,,,,,,,,,,,,0,5,,,,,,,,,,,,,,,,,,,,,,,,,,,,0.0,0.0,,,,,0,0,,,Inv: 0.0/0.0 CapLeft: 50.0,,,0.0,0.0,0.0,50.0,50.0,0.0,50.0,0.9,0.09999999999999998,0.0,0.0,0.0,0.0,0.0,0.0,0.0,
1765987274.3324344,eth-updown-15m-1765987200,1765987200.0,1765988100.0,,825.6675655841827,,,,,0,0,0.99,0.98,ONE_LEG_INVENTORY,,,,,,,,,,,,,,0,5,,,,,,,,,,,,,,,,,,,,"RECONSTRUCT_BLOCKED: OVERPAY_LIMIT (Op:0.1300 > L:0.0020, Cost:$0.65)",,,,,,,,5.0,10.0,,,,,0,0,,,Inv: 5.0/10.0 CapLeft: 35.0,,,5.0,10.0,15.0,35.0,50.0,0.0,50.0,0.96,0.040000000000000036,-5.0,0.45999999999999996,0.67,0.1299999999999999,5.0,0.6499999999999995,0.002,OVERPAY_LIMIT
1765987274.3324344,eth-updown-15m-1765987200,1765987200.0,1765988100.0,,825.6675655841827,,,,,0,0,0.99,0.98,ONE_LEG_INVENTORY,,,,,,,,,,,,,,0,5,,,,,,,,,,,,,,,,,,,,"RECONSTRUCT_BLOCKED: OVERPAY_LIMIT (Op:0.1300 > L:0.0020, Cost:$0.65)",,,,,,,,5.0,10.0,,,,,0,0,,,Inv: 5.0/10.0 CapLeft: 35.0,,,5.0,10.0,15.0,35.0,50.0,0.0,50.0,0.96,0.040000000000000036,-5.0,0.45999999999999996,0.67,0.1299999999999999,5.0,0.6499999999999995,0.002,OVERPAY_LIMIT
1765987276.2975335,eth-updown-15m-1765987200,1765987200.0,1765988100.0,,823.7024664878845,,,,,0,0,0.9,0.98,ORDERS_OPEN,,,,,,,,,,,,,,0,5,,,,,,,,,,,,,,,,,,,,,,,,,,,,0.0,0.0,,,,,0,0,,,Inv: 0.0/0.0 CapLeft: 50.0,,,0.0,0.0,0.0,50.0,50.0,0.0,50.0,0.9,0.09999999999999998,0.0,0.0,0.0,0.0,0.0,0.0,0.0,
1765987276.3184333,eth-updown-15m-1765987200,1765987200.0,1765988100.0,,823.6815667152405,,,,,0,0,0.99,0.98,ONE_LEG_INVENTORY,,,,,,,,,,,,,,0,5,,,,,,,,,,,,,,,,,,,,"RECONSTRUCT_BLOCKED: OVERPAY_LIMIT (Op:0.1200 > L:0.0020, Cost:$0.60)",,,,,,,,5.0,10.0,,,,,0,0,,,Inv: 5.0/10.0 CapLeft: 35.0,,,5.0,10.0,15.0,35.0,50.0,0.0,50.0,0.96,0.040000000000000036,-5.0,0.45999999999999996,0.66,0.1200000000000001,5.0,0.6000000000000005,0.002,OVERPAY_LIMIT
1765987276.3184333,eth-updown-15m-1765987200,1765987200.0,1765988100.0,,823.6815667152405,,,,,0,0,0.99,0.98,ONE_LEG_INVENTORY,,,,,,,,,,,,,,0,5,,,,,,,,,,,,,,,,,,,,"RECONSTRUCT_BLOCKED: OVERPAY_LIMIT (Op:0.1200 > L:0.0020, Cost:$0.60)",,,,,,,,5.0,10.0,,,,,0,0,,,Inv: 5.0/10.0 CapLeft: 35.0,,,5.0,10.0,15.0,35.0,50.0,0.0,50.0,0.96,0.040000000000000036,-5.0,0.45999999999999996,0.66,0.1200000000000001,5.0,0.6000000000000005,0.002,OVERPAY_LIMIT
1765987277.8022323,eth-updown-15m-1765987200,1765987200.0,1765988100.0,,822.1977677345276,,,,,0,0,0.9,0.98,ORDERS_OPEN,,,,,,,,,,,,,,0,5,,,,,,,,,,,,,,,,,,,,,,,,,,,,0.0,0.0,,,,,0,0,,,Inv: 0.0/0.0 CapLeft: 50.0,,,0.0,0.0,0.0,50.0,50.0,0.0,50.0,0.9,0.09999999999999998,0.0,0.0,0.0,0.0,0.0,0.0,0.0,
1765987278.3388715,eth-updown-15m-1765987200,1765987200.0,1765988100.0,,821.6611285209656,,,,,0,0,0.98,0.98,ONE_LEG_INVENTORY,,,,,,,,,,,,,,0,5,,,,,,,,,,,,,,,,,,,,"RECONSTRUCT_BLOCKED: OVERPAY_LIMIT (Op:0.1000 > L:0.0020, Cost:$0.50)",,,,,,,,5.0,10.0,,,,,0,0,,,Inv: 5.0/10.0 CapLeft: 35.0,,,5.0,10.0,15.0,35.0,50.0,0.0,50.0,0.96,0.040000000000000036,-5.0,0.45999999999999996,0.64,0.10000000000000009,5.0,0.5000000000000004,0.002,OVERPAY_LIMIT
1765987278.3388715,eth-updown-15m-1765987200,1765987200.0,1765988100.0,,821.6611285209656,,,,,0,0,0.98,0.98,ONE_LEG_INVENTORY,,,,,,,,,,,,,,0,5,,,,,,,,,,,,,,,,,,,,"RECONSTRUCT_BLOCKED: OVERPAY_LIMIT (Op:0.1000 > L:0.0020, Cost:$0.50)",,,,,,,,5.0,10.0,,,,,0,0,,,Inv: 5.0/10.0 CapLeft: 35.0,,,5.0,10.0,15.0,35.0,50.0,0.0,50.0,0.96,0.040000000000000036,-5.0,0.45999999999999996,0.64,0.10000000000000009,5.0,0.5000000000000004,0.002,OVERPAY_LIMIT
1765987279.3045945,eth-updown-15m-1765987200,1765987200.0,1765988100.0,,820.6954054832458,,,,,0,0,0.9,0.98,ORDERS_OPEN,,,,,,,,,,,,,,0,5,,,,,,,,,,,,,,,,,,,,,,,,,,,,0.0,0.0,,,,,0,0,,,Inv: 0.0/0.0 CapLeft: 50.0,,,0.0,0.0,0.0,50.0,50.0,0.0,50.0,0.9,0.09999999999999998,0.0,0.0,0.0,0.0,0.0,0.0,0.0,
1765987280.2720592,eth-updown-15m-1765987200,1765987200.0,1765988100.0,,819.7279407978058,,,,,0,0,0.99,0.98,ONE_LEG_INVENTORY,,,,,,,,,,,,,,0,5,,,,,,,,,,,,,,,,,,,,"RECONSTRUCT_BLOCKED: OVERPAY_LIMIT (Op:0.1100 > L:0.0020, Cost:$0.55)",,,,,,,,5.0,10.0,,,,,0,0,,,Inv: 5.0/10.0 CapLeft: 35.0,,,5.0,10.0,15.0,35.0,50.0,0.0,50.0,0.96,0.040000000000000036,-5.0,0.45999999999999996,0.65,0.10999999999999988,5.0,0.5499999999999994,0.002,OVERPAY_LIMIT
1765987280.2720592,eth-updown-15m-1765987200,1765987200.0,1765988100.0,,819.7279407978058,,,,,0,0,0.99,0.98,ONE_LEG_INVENTORY,,,,,,,,,,,,,,0,5,,,,,,,,,,,,,,,,,,,,"RECONSTRUCT_BLOCKED: OVERPAY_LIMIT (Op:0.1100 > L:0.0020, Cost:$0.55)",,,,,,,,5.0,10.0,,,,,0,0,,,Inv: 5.0/10.0 CapLeft: 35.0,,,5.0,10.0,15.0,35.0,50.0,0.0,50.0,0.96,0.040000000000000036,-5.0,0.45999999999999996,0.65,0.10999999999999988,5.0,0.5499999999999994,0.002,OVERPAY_LIMIT
1765987280.8073585,eth-updown-15m-1765987200,1765987200.0,1765988100.0,,819.1926414966583,,,,,0,0,0.9,0.98,ORDERS_OPEN,,,,,,,,,,,,,,0,5,,,,,,,,,,,,,,,,,,,,,,,,,,,,0.0,0.0,,,,,0,0,,,Inv: 0.0/0.0 CapLeft: 50.0,,,0.0,0.0,0.0,50.0,50.0,0.0,50.0,0.9,0.09999999999999998,0.0,0.0,0.0,0.0,0.0,0.0,0.0,
1765987282.3093374,eth-updown-15m-1765987200,1765987200.0,1765988100.0,,817.6906626224518,,,,,0,0,0.9,0.98,ORDERS_OPEN,,,,,,,,,,,,,,0,5,,,,,,,,,,,,,,,,,,,,,,,,,,,,0.0,0.0,,,,,0,0,,,Inv: 0.0/0.0 CapLeft: 50.0,,,0.0,0.0,0.0,50.0,50.0,0.0,50.0,0.9,0.09999999999999998,0.0,0.0,0.0,0.0,0.0,0.0,0.0,
1765987282.2017148,eth-updown-15m-1765987200,1765987200.0,1765988100.0,,817.7982852458954,,,,,0,0,0.99,0.98,ONE_LEG_INVENTORY,,,,,,,,,,,,,,0,5,,,,,,,,,,,,,,,,,,,,"RECONSTRUCT_BLOCKED: OVERPAY_LIMIT (Op:0.1100 > L:0.0020, Cost:$0.55)",,,,,,,,5.0,10.0,,,,,0,0,,,Inv: 5.0/10.0 CapLeft: 35.0,,,5.0,10.0,15.0,35.0,50.0,0.0,50.0,0.96,0.040000000000000036,-5.0,0.45999999999999996,0.65,0.10999999999999988,5.0,0.5499999999999994,0.002,OVERPAY_LIMIT
1765987282.2017148,eth-updown-15m-1765987200,1765987200.0,1765988100.0,,817.7982852458954,,,,,0,0,0.99,0.98,ONE_LEG_INVENTORY,,,,,,,,,,,,,,0,5,,,,,,,,,,,,,,,,,,,,"RECONSTRUCT_BLOCKED: OVERPAY_LIMIT (Op:0.1100 > L:0.0020, Cost:$0.55)",,,,,,,,5.0,10.0,,,,,0,0,,,Inv: 5.0/10.0 CapLeft: 35.0,,,5.0,10.0,15.0,35.0,50.0,0.0,50.0,0.96,0.040000000000000036,-5.0,0.45999999999999996,0.65,0.10999999999999988,5.0,0.5499999999999994,0.002,OVERPAY_LIMIT
1765987284.1568224,eth-updown-15m-1765987200,1765987200.0,1765988100.0,,815.8431775569916,,,,,0,0,0.99,0.98,ONE_LEG_INVENTORY,,,,,,,,,,,,,,0,5,,,,,,,,,,,,,,,,,,,,"RECONSTRUCT_BLOCKED: OVERPAY_LIMIT (Op:0.0800 > L:0.0020, Cost:$0.40)",,,,,,,,5.0,10.0,,,,,0,0,,,Inv: 5.0/10.0 CapLeft: 35.0,,,5.0,10.0,15.0,35.0,50.0,0.0,50.0,0.96,0.040000000000000036,-5.0,0.45999999999999996,0.62,0.08000000000000007,5.0,0.40000000000000036,0.002,OVERPAY_LIMIT
1765987284.1568224,eth-updown-15m-1765987200,1765987200.0,1765988100.0,,815.8431775569916,,,,,0,0,0.99,0.98,ONE_LEG_INVENTORY,,,,,,,,,,,,,,0,5,,,,,,,,,,,,,,,,,,,,"RECONSTRUCT_BLOCKED: OVERPAY_LIMIT (Op:0.0800 > L:0.0020, Cost:$0.40)",,,,,,,,5.0,10.0,,,,,0,0,,,Inv: 5.0/10.0 CapLeft: 35.0,,,5.0,10.0,15.0,35.0,50.0,0.0,50.0,0.96,0.040000000000000036,-5.0,0.45999999999999996,0.62,0.08000000000000007,5.0,0.40000000000000036,0.002,OVERPAY_LIMIT
1765987285.3126464,eth-updown-15m-1765987200,1765987200.0,1765988100.0,,814.6873536109924,,,,,0.45,0.45,0.9,0.98,ORDERS_OPEN,,,,,,,,,,,,,,5,5,,,,,,,,,,,,,,,,,,,,Leg:BOTH UP:5 DOWN:5,,,,,,,,0.0,0.0,,,,,0,0,,,Inv: 0.0/0.0 CapLeft: 50.0,,,0.0,0.0,0.0,50.0,50.0,0.0,50.0,0.9,0.09999999999999998,0.0,0.0,0.0,0.0,0.0,0.0,0.0,
1765987286.2093124,eth-updown-15m-1765987200,1765987200.0,1765988100.0,,813.7906875610352,,,,,0,0,0.97,0.98,ONE_LEG_INVENTORY,,,,,,,,,,,,,,0,5,,,,,,,,,,,,,,,,,,,,"RECONSTRUCT_BLOCKED: OVERPAY_LIMIT (Op:0.0500 > L:0.0020, Cost:$0.25)",,,,,,,,5.0,10.0,,,,,0,0,,,Inv: 5.0/10.0 CapLeft: 35.0,,,5.0,10.0,15.0,35.0,50.0,0.0,50.0,0.96,0.040000000000000036,-5.0,0.45999999999999996,0.59,0.04999999999999982,5.0,0.2499999999999991,0.002,OVERPAY_LIMIT
1765987286.2093124,eth-updown-15m-1765987200,1765987200.0,1765988100.0,,813.7906875610352,,,,,0,0,0.97,0.98,ONE_LEG_INVENTORY,,,,,,,,,,,,,,0,5,,,,,,,,,,,,,,,,,,,,"RECONSTRUCT_BLOCKED: OVERPAY_LIMIT (Op:0.0500 > L:0.0020, Cost:$0.25)",,,,,,,,5.0,10.0,,,,,0,0,,,Inv: 5.0/10.0 CapLeft: 35.0,,,5.0,10.0,15.0,35.0,50.0,0.0,50.0,0.96,0.040000000000000036,-5.0,0.45999999999999996,0.59,0.04999999999999982,5.0,0.2499999999999991,0.002,OVERPAY_LIMIT
1765987286.8149097,eth-updown-15m-1765987200,1765987200.0,1765988100.0,,813.185090303421,,,,,0,0,0.9,0.98,ORDERS_OPEN,,,,,,,,,,,,,,0,5,,,,,,,,,,,,,,,,,,,,,,,,,,,,0.0,0.0,,,,,0,0,,,Inv: 0.0/0.0 CapLeft: 50.0,,,0.0,0.0,0.0,50.0,50.0,0.0,50.0,0.9,0.09999999999999998,0.0,0.0,0.0,0.0,0.0,0.0,0.0,
1765987288.318846,eth-updown-15m-1765987200,1765987200.0,1765988100.0,,811.68115401268,,,,,0,0,0.9,0.98,ORDERS_OPEN,,,,,,,,,,,,,,0,5,,,,,,,,,,,,,,,,,,,,,,,,,,,,0.0,0.0,,,,,0,0,,,Inv: 0.0/0.0 CapLeft: 50.0,,,0.0,0.0,0.0,50.0,50.0,0.0,50.0,0.9,0.09999999999999998,0.0,0.0,0.0,0.0,0.0,0.0,0.0,
1765987288.1704082,eth-updown-15m-1765987200,1765987200.0,1765988100.0,,811.8295917510986,,,,,0,0,0.99,0.98,ONE_LEG_INVENTORY,,,,,,,,,,,,,,0,5,,,,,,,,,,,,,,,,,,,,"RECONSTRUCT_BLOCKED: OVERPAY_LIMIT (Op:0.0600 > L:0.0020, Cost:$0.30)",,,,,,,,5.0,10.0,,,,,0,0,,,Inv: 5.0/10.0 CapLeft: 35.0,,,5.0,10.0,15.0,35.0,50.0,0.0,50.0,0.96,0.040000000000000036,-5.0,0.45999999999999996,0.6,0.06000000000000005,5.0,0.30000000000000027,0.002,OVERPAY_LIMIT
1765987288.1704082,eth-updown-15m-1765987200,1765987200.0,1765988100.0,,811.8295917510986,,,,,0,0,0.99,0.98,ONE_LEG_INVENTORY,,,,,,,,,,,,,,0,5,,,,,,,,,,,,,,,,,,,,"RECONSTRUCT_BLOCKED: OVERPAY_LIMIT (Op:0.0600 > L:0.0020, Cost:$0.30)",,,,,,,,5.0,10.0,,,,,0,0,,,Inv: 5.0/10.0 CapLeft: 35.0,,,5.0,10.0,15.0,35.0,50.0,0.0,50.0,0.96,0.040000000000000036,-5.0,0.45999999999999996,0.6,0.06000000000000005,5.0,0.30000000000000027,0.002,OVERPAY_LIMIT
1765987289.8209903,eth-updown-15m-1765987200,1765987200.0,1765988100.0,,810.1790096759796,,,,,0,0,0.9,0.98,ORDERS_OPEN,,,,,,,,,,,,,,0,5,,,,,,,,,,,,,,,,,,,,,,,,,,,,0.0,0.0,,,,,0,0,,,Inv: 0.0/0.0 CapLeft: 50.0,,,0.0,0.0,0.0,50.0,50.0,0.0,50.0,0.9,0.09999999999999998,0.0,0.0,0.0,0.0,0.0,0.0,0.0,
1765987290.1800177,eth-updown-15m-1765987200,1765987200.0,1765988100.0,,809.819982290268,,,,,0,0,0.99,0.98,ONE_LEG_INVENTORY,,,,,,,,,,,,,,0,5,,,,,,,,,,,,,,,,,,,,"RECONSTRUCT_BLOCKED: OVERPAY_LIMIT (Op:0.0600 > L:0.0020, Cost:$0.30)",,,,,,,,5.0,10.0,,,,,0,0,,,Inv: 5.0/10.0 CapLeft: 35.0,,,5.0,10.0,15.0,35.0,50.0,0.0,50.0,0.96,0.040000000000000036,-5.0,0.45999999999999996,0.6,0.06000000000000005,5.0,0.30000000000000027,0.002,OVERPAY_LIMIT
1765987290.1800177,eth-updown-15m-1765987200,1765987200.0,1765988100.0,,809.819982290268,,,,,0,0,0.99,0.98,ONE_LEG_INVENTORY,,,,,,,,,,,,,,0,5,,,,,,,,,,,,,,,,,,,,"RECONSTRUCT_BLOCKED: OVERPAY_LIMIT (Op:0.0600 > L:0.0020, Cost:$0.30)",,,,,,,,5.0,10.0,,,,,0,0,,,Inv: 5.0/10.0 CapLeft: 35.0,,,5.0,10.0,15.0,35.0,50.0,0.0,50.0,0.96,0.040000000000000036,-5.0,0.45999999999999996,0.6,0.06000000000000005,5.0,0.30000000000000027,0.002,OVERPAY_LIMIT
1765987291.3224988,eth-updown-15m-1765987200,1765987200.0,1765988100.0,,808.6775012016296,,,,,0,0,0.9,0.98,ORDERS_OPEN,,,,,,,,,,,,,,0,5,,,,,,,,,,,,,,,,,,,,,,,,,,,,0.0,0.0,,,,,0,0,,,Inv: 0.0/0.0 CapLeft: 50.0,,,0.0,0.0,0.0,50.0,50.0,0.0,50.0,0.9,0.09999999999999998,0.0,0.0,0.0,0.0,0.0,0.0,0.0,
1765987292.359512,eth-updown-15m-1765987200,1765987200.0,1765988100.0,,807.640487909317,,,,,0,0,0.97,0.98,ONE_LEG_INVENTORY,,,,,,,,,,,,,,0,5,,,,,,,,,,,,,,,,,,,,"RECONSTRUCT_BLOCKED: OVERPAY_LIMIT (Op:0.0500 > L:0.0020, Cost:$0.25)",,,,,,,,5.0,10.0,,,,,0,0,,,Inv: 5.0/10.0 CapLeft: 35.0,,,5.0,10.0,15.0,35.0,50.0,0.0,50.0,0.96,0.040000000000000036,-5.0,0.45999999999999996,0.59,0.04999999999999982,5.0,0.2499999999999991,0.002,OVERPAY_LIMIT
1765987292.359512,eth-updown-15m-1765987200,1765987200.0,1765988100.0,,807.640487909317,,,,,0,0,0.97,0.98,ONE_LEG_INVENTORY,,,,,,,,,,,,,,0,5,,,,,,,,,,,,,,,,,,,,"RECONSTRUCT_BLOCKED: OVERPAY_LIMIT (Op:0.0500 > L:0.0020, Cost:$0.25)",,,,,,,,5.0,10.0,,,,,0,0,,,Inv: 5.0/10.0 CapLeft: 35.0,,,5.0,10.0,15.0,35.0,50.0,0.0,50.0,0.96,0.040000000000000036,-5.0,0.45999999999999996,0.59,0.04999999999999982,5.0,0.2499999999999991,0.002,OVERPAY_LIMIT
1765987292.8251092,eth-updown-15m-1765987200,1765987200.0,1765988100.0,,807.174890756607,,,,,0,0,0.9,0.98,ORDERS_OPEN,,,,,,,,,,,,,,0,5,,,,,,,,,,,,,,,,,,,,,,,,,,,,0.0,0.0,,,,,0,0,,,Inv: 0.0/0.0 CapLeft: 50.0,,,0.0,0.0,0.0,50.0,50.0,0.0,50.0,0.9,0.09999999999999998,0.0,0.0,0.0,0.0,0.0,0.0,0.0,
1765987294.3296132,eth-updown-15m-1765987200,1765987200.0,1765988100.0,,805.6703867912292,,,,,0,0,0.9,0.98,ORDERS_OPEN,,,,,,,,,,,,,,0,5,,,,,,,,,,,,,,,,,,,,,,,,,,,,0.0,0.0,,,,,0,0,,,Inv: 0.0/0.0 CapLeft: 50.0,,,0.0,0.0,0.0,50.0,50.0,0.0,50.0,0.9,0.09999999999999998,0.0,0.0,0.0,0.0,0.0,0.0,0.0,
1765987294.3269675,eth-updown-15m-1765987200,1765987200.0,1765988100.0,,805.6730325222015,,,,,0,0,0.99,0.98,ONE_LEG_INVENTORY,,,,,,,,,,,,,,0,5,,,,,,,,,,,,,,,,,,,,"RECONSTRUCT_BLOCKED: OVERPAY_LIMIT (Op:0.0900 > L:0.0020, Cost:$0.45)",,,,,,,,5.0,10.0,,,,,0,0,,,Inv: 5.0/10.0 CapLeft: 35.0,,,5.0,10.0,15.0,35.0,50.0,0.0,50.0,0.96,0.040000000000000036,-5.0,0.45999999999999996,0.63,0.08999999999999986,5.0,0.4499999999999993,0.002,OVERPAY_LIMIT
1765987294.3269675,eth-updown-15m-1765987200,1765987200.0,1765988100.0,,805.6730325222015,,,,,0,0,0.99,0.98,ONE_LEG_INVENTORY,,,,,,,,,,,,,,0,5,,,,,,,,,,,,,,,,,,,,"RECONSTRUCT_BLOCKED: OVERPAY_LIMIT (Op:0.0900 > L:0.0020, Cost:$0.45)",,,,,,,,5.0,10.0,,,,,0,0,,,Inv: 5.0/10.0 CapLeft: 35.0,,,5.0,10.0,15.0,35.0,50.0,0.0,50.0,0.96,0.040000000000000036,-5.0,0.45999999999999996,0.63,0.08999999999999986,5.0,0.4499999999999993,0.002,OVERPAY_LIMIT
1765987295.8335178,eth-updown-15m-1765987200,1765987200.0,1765988100.0,,804.1664822101593,,,,,0,0,0.9,0.98,ORDERS_OPEN,,,,,,,,,,,,,,0,5,,,,,,,,,,,,,,,,,,,,,,,,,,,,0.0,0.0,,,,,0,0,,,Inv: 0.0/0.0 CapLeft: 50.0,,,0.0,0.0,0.0,50.0,50.0,0.0,50.0,0.9,0.09999999999999998,0.0,0.0,0.0,0.0,0.0,0.0,0.0,
1765987296.2886002,eth-updown-15m-1765987200,1765987200.0,1765988100.0,,803.7113997936249,,,,,0,0,0.98,0.98,ONE_LEG_INVENTORY,,,,,,,,,,,,,,0,5,,,,,,,,,,,,,,,,,,,,"RECONSTRUCT_BLOCKED: OVERPAY_LIMIT (Op:0.0900 > L:0.0020, Cost:$0.45)",,,,,,,,5.0,10.0,,,,,0,0,,,Inv: 5.0/10.0 CapLeft: 35.0,,,5.0,10.0,15.0,35.0,50.0,0.0,50.0,0.96,0.040000000000000036,-5.0,0.45999999999999996,0.63,0.08999999999999986,5.0,0.4499999999999993,0.002,OVERPAY_LIMIT
1765987296.2886002,eth-updown-15m-1765987200,1765987200.0,1765988100.0,,803.7113997936249,,,,,0,0,0.98,0.98,ONE_LEG_INVENTORY,,,,,,,,,,,,,,0,5,,,,,,,,,,,,,,,,,,,,"RECONSTRUCT_BLOCKED: OVERPAY_LIMIT (Op:0.0900 > L:0.0020, Cost:$0.45)",,,,,,,,5.0,10.0,,,,,0,0,,,Inv: 5.0/10.0 CapLeft: 35.0,,,5.0,10.0,15.0,35.0,50.0,0.0,50.0,0.96,0.040000000000000036,-5.0,0.45999999999999996,0.63,0.08999999999999986,5.0,0.4499999999999993,0.002,OVERPAY_LIMIT
1765987297.4054277,eth-updown-15m-1765987200,1765987200.0,1765988100.0,,802.5945723056793,,,,,0,0,0.9,0.98,ORDERS_OPEN,,,,,,,,,,,,,,0,5,,,,,,,,,,,,,,,,,,,,,,,,,,,,0.0,0.0,,,,,0,0,,,Inv: 0.0/0.0 CapLeft: 50.0,,,0.0,0.0,0.0,50.0,50.0,0.0,50.0,0.9,0.09999999999999998,0.0,0.0,0.0,0.0,0.0,0.0,0.0,
1765987298.3143349,eth-updown-15m-1765987200,1765987200.0,1765988100.0,,801.6856651306152,,,,,0,0,0.99,0.98,ONE_LEG_INVENTORY,,,,,,,,,,,,,,0,5,,,,,,,,,,,,,,,,,,,,"RECONSTRUCT_BLOCKED: OVERPAY_LIMIT (Op:0.1000 > L:0.0020, Cost:$0.50)",,,,,,,,5.0,10.0,,,,,0,0,,,Inv: 5.0/10.0 CapLeft: 35.0,,,5.0,10.0,15.0,35.0,50.0,0.0,50.0,0.96,0.040000000000000036,-5.0,0.45999999999999996,0.64,0.10000000000000009,5.0,0.5000000000000004,0.002,OVERPAY_LIMIT
1765987298.3143349,eth-updown-15m-1765987200,1765987200.0,1765988100.0,,801.6856651306152,,,,,0,0,0.99,0.98,ONE_LEG_INVENTORY,,,,,,,,,,,,,,0,5,,,,,,,,,,,,,,,,,,,,"RECONSTRUCT_BLOCKED: OVERPAY_LIMIT (Op:0.1000 > L:0.0020, Cost:$0.50)",,,,,,,,5.0,10.0,,,,,0,0,,,Inv: 5.0/10.0 CapLeft: 35.0,,,5.0,10.0,15.0,35.0,50.0,0.0,50.0,0.96,0.040000000000000036,-5.0,0.45999999999999996,0.64,0.10000000000000009,5.0,0.5000000000000004,0.002,OVERPAY_LIMIT
1765987298.910214,eth-updown-15m-1765987200,1765987200.0,1765988100.0,,801.0897860527039,,,,,0,0,0.9,0.98,ORDERS_OPEN,,,,,,,,,,,,,,0,5,,,,,,,,,,,,,,,,,,,,,,,,,,,,0.0,0.0,,,,,0,0,,,Inv: 0.0/0.0 CapLeft: 50.0,,,0.0,0.0,0.0,50.0,50.0,0.0,50.0,0.9,0.09999999999999998,0.0,0.0,0.0,0.0,0.0,0.0,0.0,
1765987300.2771785,eth-updown-15m-1765987200,1765987200.0,1765988100.0,,799.7228214740753,,,,,0,0,0.98,0.98,ONE_LEG_INVENTORY,,,,,,,,,,,,,,0,5,,,,,,,,,,,,,,,,,,,,"RECONSTRUCT_BLOCKED: OVERPAY_LIMIT (Op:0.0800 > L:0.0020, Cost:$0.40)",,,,,,,,5.0,10.0,,,,,0,0,,,Inv: 5.0/10.0 CapLeft: 35.0,,,5.0,10.0,15.0,35.0,50.0,0.0,50.0,0.96,0.040000000000000036,-5.0,0.45999999999999996,0.62,0.08000000000000007,5.0,0.40000000000000036,0.002,OVERPAY_LIMIT
1765987300.2771785,eth-updown-15m-1765987200,1765987200.0,1765988100.0,,799.7228214740753,,,,,0,0,0.98,0.98,ONE_LEG_INVENTORY,,,,,,,,,,,,,,0,5,,,,,,,,,,,,,,,,,,,,"RECONSTRUCT_BLOCKED: OVERPAY_LIMIT (Op:0.0800 > L:0.0020, Cost:$0.40)",,,,,,,,5.0,10.0,,,,,0,0,,,Inv: 5.0/10.0 CapLeft: 35.0,,,5.0,10.0,15.0,35.0,50.0,0.0,50.0,0.96,0.040000000000000036,-5.0,0.45999999999999996,0.62,0.08000000000000007,5.0,0.40000000000000036,0.002,OVERPAY_LIMIT
1765987301.9279387,eth-updown-15m-1765987200,1765987200.0,1765988100.0,,798.0720613002777,,,,,0.45,0.45,0.9,0.98,ORDERS_OPEN,,,,,,,,,,,,,,5,5,,,,,,,,,,,,,,,,,,,,Leg:BOTH UP:5 DOWN:5,,,,,,,,0.0,0.0,,,,,0,0,,,Inv: 0.0/0.0 CapLeft: 50.0,,,0.0,0.0,0.0,50.0,50.0,0.0,50.0,0.9,0.09999999999999998,0.0,0.0,0.0,0.0,0.0,0.0,0.0,
1765987302.226831,eth-updown-15m-1765987200,1765987200.0,1765988100.0,,797.7731690406799,,,,,0,0,0.99,0.98,ONE_LEG_INVENTORY,,,,,,,,,,,,,,0,5,,,,,,,,,,,,,,,,,,,,"RECONSTRUCT_BLOCKED: OVERPAY_LIMIT (Op:0.0800 > L:0.0020, Cost:$0.40)",,,,,,,,5.0,10.0,,,,,0,0,,,Inv: 5.0/10.0 CapLeft: 35.0,,,5.0,10.0,15.0,35.0,50.0,0.0,50.0,0.96,0.040000000000000036,-5.0,0.45999999999999996,0.62,0.08000000000000007,5.0,0.40000000000000036,0.002,OVERPAY_LIMIT
1765987302.226831,eth-updown-15m-1765987200,1765987200.0,1765988100.0,,797.7731690406799,,,,,0,0,0.99,0.98,ONE_LEG_INVENTORY,,,,,,,,,,,,,,0,5,,,,,,,,,,,,,,,,,,,,"RECONSTRUCT_BLOCKED: OVERPAY_LIMIT (Op:0.0800 > L:0.0020, Cost:$0.40)",,,,,,,,5.0,10.0,,,,,0,0,,,Inv: 5.0/10.0 CapLeft: 35.0,,,5.0,10.0,15.0,35.0,50.0,0.0,50.0,0.96,0.040000000000000036,-5.0,0.45999999999999996,0.62,0.08000000000000007,5.0,0.40000000000000036,0.002,OVERPAY_LIMIT
1765987303.4314327,eth-updown-15m-1765987200,1765987200.0,1765988100.0,,796.568567276001,,,,,0,0,0.9,0.98,ORDERS_OPEN,,,,,,,,,,,,,,0,5,,,,,,,,,,,,,,,,,,,,,,,,,,,,0.0,0.0,,,,,0,0,,,Inv: 0.0/0.0 CapLeft: 50.0,,,0.0,0.0,0.0,50.0,50.0,0.0,50.0,0.9,0.09999999999999998,0.0,0.0,0.0,0.0,0.0,0.0,0.0,
1765987304.1971242,eth-updown-15m-1765987200,1765987200.0,1765988100.0,,795.8028757572174,,,,,0,0,0.99,0.98,ONE_LEG_INVENTORY,,,,,,,,,,,,,,0,5,,,,,,,,,,,,,,,,,,,,"RECONSTRUCT_BLOCKED: OVERPAY_LIMIT (Op:0.0800 > L:0.0020, Cost:$0.40)",,,,,,,,5.0,10.0,,,,,0,0,,,Inv: 5.0/10.0 CapLeft: 35.0,,,5.0,10.0,15.0,35.0,50.0,0.0,50.0,0.96,0.040000000000000036,-5.0,0.45999999999999996,0.62,0.08000000000000007,5.0,0.40000000000000036,0.002,OVERPAY_LIMIT
1765987304.1971242,eth-updown-15m-1765987200,1765987200.0,1765988100.0,,795.8028757572174,,,,,0,0,0.99,0.98,ONE_LEG_INVENTORY,,,,,,,,,,,,,,0,5,,,,,,,,,,,,,,,,,,,,"RECONSTRUCT_BLOCKED: OVERPAY_LIMIT (Op:0.0800 > L:0.0020, Cost:$0.40)",,,,,,,,5.0,10.0,,,,,0,0,,,Inv: 5.0/10.0 CapLeft: 35.0,,,5.0,10.0,15.0,35.0,50.0,0.0,50.0,0.96,0.040000000000000036,-5.0,0.45999999999999996,0.62,0.08000000000000007,5.0,0.40000000000000036,0.002,OVERPAY_LIMIT
1765987304.93685,eth-updown-15m-1765987200,1765987200.0,1765988100.0,,795.0631499290466,,,,,0,0,0.9,0.98,ORDERS_OPEN,,,,,,,,,,,,,,0,5,,,,,,,,,,,,,,,,,,,,,,,,,,,,0.0,0.0,,,,,0,0,,,Inv: 0.0/0.0 CapLeft: 50.0,,,0.0,0.0,0.0,50.0,50.0,0.0,50.0,0.9,0.09999999999999998,0.0,0.0,0.0,0.0,0.0,0.0,0.0,
1765987306.4649158,eth-updown-15m-1765987200,1765987200.0,1765988100.0,,793.5350842475891,,,,,0,0,0.9,0.98,ORDERS_OPEN,,,,,,,,,,,,,,0,5,,,,,,,,,,,,,,,,,,,,,,,,,,,,0.0,0.0,,,,,0,0,,,Inv: 0.0/0.0 CapLeft: 50.0,,,0.0,0.0,0.0,50.0,50.0,0.0,50.0,0.9,0.09999999999999998,0.0,0.0,0.0,0.0,0.0,0.0,0.0,
1765987306.2154548,eth-updown-15m-1765987200,1765987200.0,1765988100.0,,793.7845451831818,,,,,0,0,0.99,0.98,ONE_LEG_INVENTORY,,,,,,,,,,,,,,0,5,,,,,,,,,,,,,,,,,,,,"RECONSTRUCT_BLOCKED: OVERPAY_LIMIT (Op:0.0800 > L:0.0020, Cost:$0.40)",,,,,,,,5.0,10.0,,,,,0,0,,,Inv: 5.0/10.0 CapLeft: 35.0,,,5.0,10.0,15.0,35.0,50.0,0.0,50.0,0.96,0.040000000000000036,-5.0,0.45999999999999996,0.62,0.08000000000000007,5.0,0.40000000000000036,0.002,OVERPAY_LIMIT
1765987306.2154548,eth-updown-15m-1765987200,1765987200.0,1765988100.0,,793.7845451831818,,,,,0,0,0.99,0.98,ONE_LEG_INVENTORY,,,,,,,,,,,,,,0,5,,,,,,,,,,,,,,,,,,,,"RECONSTRUCT_BLOCKED: OVERPAY_LIMIT (Op:0.0800 > L:0.0020, Cost:$0.40)",,,,,,,,5.0,10.0,,,,,0,0,,,Inv: 5.0/10.0 CapLeft: 35.0,,,5.0,10.0,15.0,35.0,50.0,0.0,50.0,0.96,0.040000000000000036,-5.0,0.45999999999999996,0.62,0.08000000000000007,5.0,0.40000000000000036,0.002,OVERPAY_LIMIT
1765987308.0371103,eth-updown-15m-1765987200,1765987200.0,1765988100.0,,791.9628896713257,,,,,0,0,0.9,0.98,ORDERS_OPEN,,,,,,,,,,,,,,0,5,,,,,,,,,,,,,,,,,,,,,,,,,,,,0.0,0.0,,,,,0,0,,,Inv: 0.0/0.0 CapLeft: 50.0,,,0.0,0.0,0.0,50.0,50.0,0.0,50.0,0.9,0.09999999999999998,0.0,0.0,0.0,0.0,0.0,0.0,0.0,
1765987308.2238328,eth-updown-15m-1765987200,1765987200.0,1765988100.0,,791.7761671543121,,,,,0,0,0.98,0.98,ONE_LEG_INVENTORY,,,,,,,,,,,,,,0,5,,,,,,,,,,,,,,,,,,,,"RECONSTRUCT_BLOCKED: OVERPAY_LIMIT (Op:0.0700 > L:0.0020, Cost:$0.35)",,,,,,,,5.0,10.0,,,,,0,0,,,Inv: 5.0/10.0 CapLeft: 35.0,,,5.0,10.0,15.0,35.0,50.0,0.0,50.0,0.96,0.040000000000000036,-5.0,0.45999999999999996,0.61,0.06999999999999984,5.0,0.3499999999999992,0.002,OVERPAY_LIMIT
1765987308.2238328,eth-updown-15m-1765987200,1765987200.0,1765988100.0,,791.7761671543121,,,,,0,0,0.98,0.98,ONE_LEG_INVENTORY,,,,,,,,,,,,,,0,5,,,,,,,,,,,,,,,,,,,,"RECONSTRUCT_BLOCKED: OVERPAY_LIMIT (Op:0.0700 > L:0.0020, Cost:$0.35)",,,,,,,,5.0,10.0,,,,,0,0,,,Inv: 5.0/10.0 CapLeft: 35.0,,,5.0,10.0,15.0,35.0,50.0,0.0,50.0,0.96,0.040000000000000036,-5.0,0.45999999999999996,0.61,0.06999999999999984,5.0,0.3499999999999992,0.002,OVERPAY_LIMIT
1765987309.5422025,eth-updown-15m-1765987200,1765987200.0,1765988100.0,,790.4577975273132,,,,,0,0,0.9,0.98,ORDERS_OPEN,,,,,,,,,,,,,,0,5,,,,,,,,,,,,,,,,,,,,,,,,,,,,0.0,0.0,,,,,0,0,,,Inv: 0.0/0.0 CapLeft: 50.0,,,0.0,0.0,0.0,50.0,50.0,0.0,50.0,0.9,0.09999999999999998,0.0,0.0,0.0,0.0,0.0,0.0,0.0,
1765987310.1595078,eth-updown-15m-1765987200,1765987200.0,1765988100.0,,789.8404922485352,,,,,0,0,0.98,0.98,ONE_LEG_INVENTORY,,,,,,,,,,,,,,0,5,,,,,,,,,,,,,,,,,,,,"RECONSTRUCT_BLOCKED: OVERPAY_LIMIT (Op:0.0600 > L:0.0020, Cost:$0.30)",,,,,,,,5.0,10.0,,,,,0,0,,,Inv: 5.0/10.0 CapLeft: 35.0,,,5.0,10.0,15.0,35.0,50.0,0.0,50.0,0.96,0.040000000000000036,-5.0,0.45999999999999996,0.6,0.06000000000000005,5.0,0.30000000000000027,0.002,OVERPAY_LIMIT
1765987310.1595078,eth-updown-15m-1765987200,1765987200.0,1765988100.0,,789.8404922485352,,,,,0,0,0.98,0.98,ONE_LEG_INVENTORY,,,,,,,,,,,,,,0,5,,,,,,,,,,,,,,,,,,,,"RECONSTRUCT_BLOCKED: OVERPAY_LIMIT (Op:0.0600 > L:0.0020, Cost:$0.30)",,,,,,,,5.0,10.0,,,,,0,0,,,Inv: 5.0/10.0 CapLeft: 35.0,,,5.0,10.0,15.0,35.0,50.0,0.0,50.0,0.96,0.040000000000000036,-5.0,0.45999999999999996,0.6,0.06000000000000005,5.0,0.30000000000000027,0.002,OVERPAY_LIMIT
1765987311.0445724,eth-updown-15m-1765987200,1765987200.0,1765988100.0,,788.955427646637,,,,,0,0,0.9,0.98,ORDERS_OPEN,,,,,,,,,,,,,,0,5,,,,,,,,,,,,,,,,,,,,,,,,,,,,0.0,0.0,,,,,0,0,,,Inv: 0.0/0.0 CapLeft: 50.0,,,0.0,0.0,0.0,50.0,50.0,0.0,50.0,0.9,0.09999999999999998,0.0,0.0,0.0,0.0,0.0,0.0,0.0,
1765987312.5479805,eth-updown-15m-1765987200,1765987200.0,1765988100.0,,787.4520194530487,,,,,0,0,0.9,0.98,ORDERS_OPEN,,,,,,,,,,,,,,0,5,,,,,,,,,,,,,,,,,,,,,,,,,,,,0.0,0.0,,,,,0,0,,,Inv: 0.0/0.0 CapLeft: 50.0,,,0.0,0.0,0.0,50.0,50.0,0.0,50.0,0.9,0.09999999999999998,0.0,0.0,0.0,0.0,0.0,0.0,0.0,
1765987312.213761,eth-updown-15m-1765987200,1765987200.0,1765988100.0,,787.7862389087677,,,,,0,0,0.99,0.98,ONE_LEG_INVENTORY,,,,,,,,,,,,,,0,5,,,,,,,,,,,,,,,,,,,,"RECONSTRUCT_BLOCKED: OVERPAY_LIMIT (Op:0.0700 > L:0.0020, Cost:$0.35)",,,,,,,,5.0,10.0,,,,,0,0,,,Inv: 5.0/10.0 CapLeft: 35.0,,,5.0,10.0,15.0,35.0,50.0,0.0,50.0,0.96,0.040000000000000036,-5.0,0.45999999999999996,0.61,0.06999999999999984,5.0,0.3499999999999992,0.002,OVERPAY_LIMIT
1765987312.213761,eth-updown-15m-1765987200,1765987200.0,1765988100.0,,787.7862389087677,,,,,0,0,0.99,0.98,ONE_LEG_INVENTORY,,,,,,,,,,,,,,0,5,,,,,,,,,,,,,,,,,,,,"RECONSTRUCT_BLOCKED: OVERPAY_LIMIT (Op:0.0700 > L:0.0020, Cost:$0.35)",,,,,,,,5.0,10.0,,,,,0,0,,,Inv: 5.0/10.0 CapLeft: 35.0,,,5.0,10.0,15.0,35.0,50.0,0.0,50.0,0.96,0.040000000000000036,-5.0,0.45999999999999996,0.61,0.06999999999999984,5.0,0.3499999999999992,0.002,OVERPAY_LIMIT
1765987314.0501032,eth-updown-15m-1765987200,1765987200.0,1765988100.0,,785.949896812439,,,,,0,0,0.9,0.98,ORDERS_OPEN,,,,,,,,,,,,,,0,5,,,,,,,,,,,,,,,,,,,,,,,,,,,,0.0,0.0,,,,,0,0,,,Inv: 0.0/0.0 CapLeft: 50.0,,,0.0,0.0,0.0,50.0,50.0,0.0,50.0,0.9,0.09999999999999998,0.0,0.0,0.0,0.0,0.0,0.0,0.0,
1765987314.2803652,eth-updown-15m-1765987200,1765987200.0,1765988100.0,,785.719634771347,,,,,0,0,0.99,0.98,ONE_LEG_INVENTORY,,,,,,,,,,,,,,0,5,,,,,,,,,,,,,,,,,,,,"RECONSTRUCT_BLOCKED: OVERPAY_LIMIT (Op:0.0700 > L:0.0020, Cost:$0.35)",,,,,,,,5.0,10.0,,,,,0,0,,,Inv: 5.0/10.0 CapLeft: 35.0,,,5.0,10.0,15.0,35.0,50.0,0.0,50.0,0.96,0.040000000000000036,-5.0,0.45999999999999996,0.61,0.06999999999999984,5.0,0.3499999999999992,0.002,OVERPAY_LIMIT
1765987314.2803652,eth-updown-15m-1765987200,1765987200.0,1765988100.0,,785.719634771347,,,,,0,0,0.99,0.98,ONE_LEG_INVENTORY,,,,,,,,,,,,,,0,5,,,,,,,,,,,,,,,,,,,,"RECONSTRUCT_BLOCKED: OVERPAY_LIMIT (Op:0.0700 > L:0.0020, Cost:$0.35)",,,,,,,,5.0,10.0,,,,,0,0,,,Inv: 5.0/10.0 CapLeft: 35.0,,,5.0,10.0,15.0,35.0,50.0,0.0,50.0,0.96,0.040000000000000036,-5.0,0.45999999999999996,0.61,0.06999999999999984,5.0,0.3499999999999992,0.002,OVERPAY_LIMIT
1765987315.5736413,eth-updown-15m-1765987200,1765987200.0,1765988100.0,,784.4263586997986,,,,,0,0,0.9,0.98,ORDERS_OPEN,,,,,,,,,,,,,,0,5,,,,,,,,,,,,,,,,,,,,,,,,,,,,0.0,0.0,,,,,0,0,,,Inv: 0.0/0.0 CapLeft: 50.0,,,0.0,0.0,0.0,50.0,50.0,0.0,50.0,0.9,0.09999999999999998,0.0,0.0,0.0,0.0,0.0,0.0,0.0,
1765987316.24678,eth-updown-15m-1765987200,1765987200.0,1765988100.0,,783.7532200813293,,,,,0,0,0.99,0.98,ONE_LEG_INVENTORY,,,,,,,,,,,,,,0,5,,,,,,,,,,,,,,,,,,,,"RECONSTRUCT_BLOCKED: OVERPAY_LIMIT (Op:0.0600 > L:0.0020, Cost:$0.30)",,,,,,,,5.0,10.0,,,,,0,0,,,Inv: 5.0/10.0 CapLeft: 35.0,,,5.0,10.0,15.0,35.0,50.0,0.0,50.0,0.96,0.040000000000000036,-5.0,0.45999999999999996,0.6,0.06000000000000005,5.0,0.30000000000000027,0.002,OVERPAY_LIMIT
1765987316.24678,eth-updown-15m-1765987200,1765987200.0,1765988100.0,,783.7532200813293,,,,,0,0,0.99,0.98,ONE_LEG_INVENTORY,,,,,,,,,,,,,,0,5,,,,,,,,,,,,,,,,,,,,"RECONSTRUCT_BLOCKED: OVERPAY_LIMIT (Op:0.0600 > L:0.0020, Cost:$0.30)",,,,,,,,5.0,10.0,,,,,0,0,,,Inv: 5.0/10.0 CapLeft: 35.0,,,5.0,10.0,15.0,35.0,50.0,0.0,50.0,0.96,0.040000000000000036,-5.0,0.45999999999999996,0.6,0.06000000000000005,5.0,0.30000000000000027,0.002,OVERPAY_LIMIT
1765987318.579173,eth-updown-15m-1765987200,1765987200.0,1765988100.0,,781.4208269119263,,,,,0.45,0.45,0.9,0.98,ORDERS_OPEN,,,,,,,,,,,,,,5,5,,,,,,,,,,,,,,,,,,,,Leg:BOTH UP:5 DOWN:5,,,,,,,,0.0,0.0,,,,,0,0,,,Inv: 0.0/0.0 CapLeft: 50.0,,,0.0,0.0,0.0,50.0,50.0,0.0,50.0,0.9,0.09999999999999998,0.0,0.0,0.0,0.0,0.0,0.0,0.0,
1765987318.250035,eth-updown-15m-1765987200,1765987200.0,1765988100.0,,781.7499649524689,,,,,0,0,0.99,0.98,ONE_LEG_INVENTORY,,,,,,,,,,,,,,0,5,,,,,,,,,,,,,,,,,,,,"RECONSTRUCT_BLOCKED: OVERPAY_LIMIT (Op:0.0700 > L:0.0020, Cost:$0.35)",,,,,,,,5.0,10.0,,,,,0,0,,,Inv: 5.0/10.0 CapLeft: 35.0,,,5.0,10.0,15.0,35.0,50.0,0.0,50.0,0.96,0.040000000000000036,-5.0,0.45999999999999996,0.61,0.06999999999999984,5.0,0.3499999999999992,0.002,OVERPAY_LIMIT
1765987318.250035,eth-updown-15m-1765987200,1765987200.0,1765988100.0,,781.7499649524689,,,,,0,0,0.99,0.98,ONE_LEG_INVENTORY,,,,,,,,,,,,,,0,5,,,,,,,,,,,,,,,,,,,,"RECONSTRUCT_BLOCKED: OVERPAY_LIMIT (Op:0.0700 > L:0.0020, Cost:$0.35)",,,,,,,,5.0,10.0,,,,,0,0,,,Inv: 5.0/10.0 CapLeft: 35.0,,,5.0,10.0,15.0,35.0,50.0,0.0,50.0,0.96,0.040000000000000036,-5.0,0.45999999999999996,0.61,0.06999999999999984,5.0,0.3499999999999992,0.002,OVERPAY_LIMIT
1765987320.0872686,eth-updown-15m-1765987200,1765987200.0,1765988100.0,,779.9127314090729,,,,,0,0,0.9,0.98,ORDERS_OPEN,,,,,,,,,,,,,,0,5,,,,,,,,,,,,,,,,,,,,,,,,,,,,0.0,0.0,,,,,0,0,,,Inv: 0.0/0.0 CapLeft: 50.0,,,0.0,0.0,0.0,50.0,50.0,0.0,50.0,0.9,0.09999999999999998,0.0,0.0,0.0,0.0,0.0,0.0,0.0,
1765987320.2144725,eth-updown-15m-1765987200,1765987200.0,1765988100.0,,779.7855274677277,,,,,0,0,1.0,0.98,ONE_LEG_INVENTORY,,,,,,,,,,,,,,0,5,,,,,,,,,,,,,,,,,,,,"RECONSTRUCT_BLOCKED: OVERPAY_LIMIT (Op:0.0700 > L:0.0020, Cost:$0.35)",,,,,,,,5.0,10.0,,,,,0,0,,,Inv: 5.0/10.0 CapLeft: 35.0,,,5.0,10.0,15.0,35.0,50.0,0.0,50.0,0.96,0.040000000000000036,-5.0,0.45999999999999996,0.61,0.06999999999999984,5.0,0.3499999999999992,0.002,OVERPAY_LIMIT
1765987320.2144725,eth-updown-15m-1765987200,1765987200.0,1765988100.0,,779.7855274677277,,,,,0,0,1.0,0.98,ONE_LEG_INVENTORY,,,,,,,,,,,,,,0,5,,,,,,,,,,,,,,,,,,,,"RECONSTRUCT_BLOCKED: OVERPAY_LIMIT (Op:0.0700 > L:0.0020, Cost:$0.35)",,,,,,,,5.0,10.0,,,,,0,0,,,Inv: 5.0/10.0 CapLeft: 35.0,,,5.0,10.0,15.0,35.0,50.0,0.0,50.0,0.96,0.040000000000000036,-5.0,0.45999999999999996,0.61,0.06999999999999984,5.0,0.3499999999999992,0.002,OVERPAY_LIMIT
1765987321.589935,eth-updown-15m-1765987200,1765987200.0,1765988100.0,,778.4100649356842,,,,,0,0,0.9,0.98,ORDERS_OPEN,,,,,,,,,,,,,,0,5,,,,,,,,,,,,,,,,,,,,,,,,,,,,0.0,0.0,,,,,0,0,,,Inv: 0.0/0.0 CapLeft: 50.0,,,0.0,0.0,0.0,50.0,50.0,0.0,50.0,0.9,0.09999999999999998,0.0,0.0,0.0,0.0,0.0,0.0,0.0,
1765987322.1736834,eth-updown-15m-1765987200,1765987200.0,1765988100.0,,777.8263165950775,,,,,0,0,0.99,0.98,ONE_LEG_INVENTORY,,,,,,,,,,,,,,0,5,,,,,,,,,,,,,,,,,,,,"RECONSTRUCT_BLOCKED: OVERPAY_LIMIT (Op:0.0400 > L:0.0020, Cost:$0.20)",,,,,,,,5.0,10.0,,,,,0,0,,,Inv: 5.0/10.0 CapLeft: 35.0,,,5.0,10.0,15.0,35.0,50.0,0.0,50.0,0.96,0.040000000000000036,-5.0,0.45999999999999996,0.58,0.040000000000000036,5.0,0.20000000000000018,0.002,OVERPAY_LIMIT
1765987322.1736834,eth-updown-15m-1765987200,1765987200.0,1765988100.0,,777.8263165950775,,,,,0,0,0.99,0.98,ONE_LEG_INVENTORY,,,,,,,,,,,,,,0,5,,,,,,,,,,,,,,,,,,,,"RECONSTRUCT_BLOCKED: OVERPAY_LIMIT (Op:0.0400 > L:0.0020, Cost:$0.20)",,,,,,,,5.0,10.0,,,,,0,0,,,Inv: 5.0/10.0 CapLeft: 35.0,,,5.0,10.0,15.0,35.0,50.0,0.0,50.0,0.96,0.040000000000000036,-5.0,0.45999999999999996,0.58,0.040000000000000036,5.0,0.20000000000000018,0.002,OVERPAY_LIMIT
1765987323.0922732,eth-updown-15m-1765987200,1765987200.0,1765988100.0,,776.907726764679,,,,,0,0,0.9,0.98,ORDERS_OPEN,,,,,,,,,,,,,,0,5,,,,,,,,,,,,,,,,,,,,,,,,,,,,0.0,0.0,,,,,0,0,,,Inv: 0.0/0.0 CapLeft: 50.0,,,0.0,0.0,0.0,50.0,50.0,0.0,50.0,0.9,0.09999999999999998,0.0,0.0,0.0,0.0,0.0,0.0,0.0,
1765987324.594081,eth-updown-15m-1765987200,1765987200.0,1765988100.0,,775.4059190750122,,,,,0,0,0.9,0.98,ORDERS_OPEN,,,,,,,,,,,,,,0,5,,,,,,,,,,,,,,,,,,,,,,,,,,,,0.0,0.0,,,,,0,0,,,Inv: 0.0/0.0 CapLeft: 50.0,,,0.0,0.0,0.0,50.0,50.0,0.0,50.0,0.9,0.09999999999999998,0.0,0.0,0.0,0.0,0.0,0.0,0.0,
1765987324.1604297,eth-updown-15m-1765987200,1765987200.0,1765988100.0,,775.8395702838898,,,,,0,0,0.97,0.98,ONE_LEG_INVENTORY,,,,,,,,,,,,,,0,5,,,,,,,,,,,,,,,,,,,,"RECONSTRUCT_BLOCKED: OVERPAY_LIMIT (Op:0.0300 > L:0.0020, Cost:$0.15)",,,,,,,,5.0,10.0,,,,,0,0,,,Inv: 5.0/10.0 CapLeft: 35.0,,,5.0,10.0,15.0,35.0,50.0,0.0,50.0,0.96,0.040000000000000036,-5.0,0.45999999999999996,0.57,0.029999999999999805,5.0,0.14999999999999902,0.002,OVERPAY_LIMIT
1765987324.1604297,eth-updown-15m-1765987200,1765987200.0,1765988100.0,,775.8395702838898,,,,,0,0,0.97,0.98,ONE_LEG_INVENTORY,,,,,,,,,,,,,,0,5,,,,,,,,,,,,,,,,,,,,"RECONSTRUCT_BLOCKED: OVERPAY_LIMIT (Op:0.0300 > L:0.0020, Cost:$0.15)",,,,,,,,5.0,10.0,,,,,0,0,,,Inv: 5.0/10.0 CapLeft: 35.0,,,5.0,10.0,15.0,35.0,50.0,0.0,50.0,0.96,0.040000000000000036,-5.0,0.45999999999999996,0.57,0.029999999999999805,5.0,0.14999999999999902,0.002,OVERPAY_LIMIT
1765987326.097222,eth-updown-15m-1765987200,1765987200.0,1765988100.0,,773.9027779102325,,,,,0,0,0.9,0.98,ORDERS_OPEN,,,,,,,,,,,,,,0,5,,,,,,,,,,,,,,,,,,,,,,,,,,,,0.0,0.0,,,,,0,0,,,Inv: 0.0/0.0 CapLeft: 50.0,,,0.0,0.0,0.0,50.0,50.0,0.0,50.0,0.9,0.09999999999999998,0.0,0.0,0.0,0.0,0.0,0.0,0.0,
1765987326.1168313,eth-updown-15m-1765987200,1765987200.0,1765988100.0,,773.8831686973572,,,,,0,0,0.98,0.98,ONE_LEG_INVENTORY,,,,,,,,,,,,,,0,5,,,,,,,,,,,,,,,,,,,,"RECONSTRUCT_BLOCKED: OVERPAY_LIMIT (Op:0.0400 > L:0.0020, Cost:$0.20)",,,,,,,,5.0,10.0,,,,,0,0,,,Inv: 5.0/10.0 CapLeft: 35.0,,,5.0,10.0,15.0,35.0,50.0,0.0,50.0,0.96,0.040000000000000036,-5.0,0.45999999999999996,0.58,0.040000000000000036,5.0,0.20000000000000018,0.002,OVERPAY_LIMIT
1765987326.1168313,eth-updown-15m-1765987200,1765987200.0,1765988100.0,,773.8831686973572,,,,,0,0,0.98,0.98,ONE_LEG_INVENTORY,,,,,,,,,,,,,,0,5,,,,,,,,,,,,,,,,,,,,"RECONSTRUCT_BLOCKED: OVERPAY_LIMIT (Op:0.0400 > L:0.0020, Cost:$0.20)",,,,,,,,5.0,10.0,,,,,0,0,,,Inv: 5.0/10.0 CapLeft: 35.0,,,5.0,10.0,15.0,35.0,50.0,0.0,50.0,0.96,0.040000000000000036,-5.0,0.45999999999999996,0.58,0.040000000000000036,5.0,0.20000000000000018,0.002,OVERPAY_LIMIT
1765987327.600014,eth-updown-15m-1765987200,1765987200.0,1765988100.0,,772.3999860286713,,,,,0,0,0.9,0.98,ORDERS_OPEN,,,,,,,,,,,,,,0,5,,,,,,,,,,,,,,,,,,,,,,,,,,,,0.0,0.0,,,,,0,0,,,Inv: 0.0/0.0 CapLeft: 50.0,,,0.0,0.0,0.0,50.0,50.0,0.0,50.0,0.9,0.09999999999999998,0.0,0.0,0.0,0.0,0.0,0.0,0.0,
1765987328.0860555,eth-updown-15m-1765987200,1765987200.0,1765988100.0,,771.9139444828033,,,,,0,0,0.97,0.98,ONE_LEG_INVENTORY,,,,,,,,,,,,,,0,5,,,,,,,,,,,,,,,,,,,,"RECONSTRUCT_BLOCKED: OVERPAY_LIMIT (Op:0.0300 > L:0.0020, Cost:$0.15)",,,,,,,,5.0,10.0,,,,,0,0,,,Inv: 5.0/10.0 CapLeft: 35.0,,,5.0,10.0,15.0,35.0,50.0,0.0,50.0,0.96,0.040000000000000036,-5.0,0.45999999999999996,0.57,0.029999999999999805,5.0,0.14999999999999902,0.002,OVERPAY_LIMIT
1765987328.0860555,eth-updown-15m-1765987200,1765987200.0,1765988100.0,,771.9139444828033,,,,,0,0,0.97,0.98,ONE_LEG_INVENTORY,,,,,,,,,,,,,,0,5,,,,,,,,,,,,,,,,,,,,"RECONSTRUCT_BLOCKED: OVERPAY_LIMIT (Op:0.0300 > L:0.0020, Cost:$0.15)",,,,,,,,5.0,10.0,,,,,0,0,,,Inv: 5.0/10.0 CapLeft: 35.0,,,5.0,10.0,15.0,35.0,50.0,0.0,50.0,0.96,0.040000000000000036,-5.0,0.45999999999999996,0.57,0.029999999999999805,5.0,0.14999999999999902,0.002,OVERPAY_LIMIT
1765987329.102079,eth-updown-15m-1765987200,1765987200.0,1765988100.0,,770.8979210853577,,,,,0,0,0.9,0.98,ORDERS_OPEN,,,,,,,,,,,,,,0,5,,,,,,,,,,,,,,,,,,,,,,,,,,,,0.0,0.0,,,,,0,0,,,Inv: 0.0/0.0 CapLeft: 50.0,,,0.0,0.0,0.0,50.0,50.0,0.0,50.0,0.9,0.09999999999999998,0.0,0.0,0.0,0.0,0.0,0.0,0.0,
1765987330.0447211,eth-updown-15m-1765987200,1765987200.0,1765988100.0,,769.9552788734436,,,,,0,0,0.98,0.98,ONE_LEG_INVENTORY,,,,,,,,,,,,,,0,5,,,,,,,,,,,,,,,,,,,,"RECONSTRUCT_BLOCKED: OVERPAY_LIMIT (Op:0.0600 > L:0.0020, Cost:$0.30)",,,,,,,,5.0,10.0,,,,,0,0,,,Inv: 5.0/10.0 CapLeft: 35.0,,,5.0,10.0,15.0,35.0,50.0,0.0,50.0,0.96,0.040000000000000036,-5.0,0.45999999999999996,0.6,0.06000000000000005,5.0,0.30000000000000027,0.002,OVERPAY_LIMIT
1765987330.0447211,eth-updown-15m-1765987200,1765987200.0,1765988100.0,,769.9552788734436,,,,,0,0,0.98,0.98,ONE_LEG_INVENTORY,,,,,,,,,,,,,,0,5,,,,,,,,,,,,,,,,,,,,"RECONSTRUCT_BLOCKED: OVERPAY_LIMIT (Op:0.0600 > L:0.0020, Cost:$0.30)",,,,,,,,5.0,10.0,,,,,0,0,,,Inv: 5.0/10.0 CapLeft: 35.0,,,5.0,10.0,15.0,35.0,50.0,0.0,50.0,0.96,0.040000000000000036,-5.0,0.45999999999999996,0.6,0.06000000000000005,5.0,0.30000000000000027,0.002,OVERPAY_LIMIT
1765987330.6061587,eth-updown-15m-1765987200,1765987200.0,1765988100.0,,769.3938412666321,,,,,0,0,0.9,0.98,ORDERS_OPEN,,,,,,,,,,,,,,0,5,,,,,,,,,,,,,,,,,,,,,,,,,,,,0.0,0.0,,,,,0,0,,,Inv: 0.0/0.0 CapLeft: 50.0,,,0.0,0.0,0.0,50.0,50.0,0.0,50.0,0.9,0.09999999999999998,0.0,0.0,0.0,0.0,0.0,0.0,0.0,
1765987332.1088433,eth-updown-15m-1765987200,1765987200.0,1765988100.0,,767.8911566734314,,,,,0,0,0.9,0.98,ORDERS_OPEN,,,,,,,,,,,,,,0,5,,,,,,,,,,,,,,,,,,,,,,,,,,,,0.0,0.0,,,,,0,0,,,Inv: 0.0/0.0 CapLeft: 50.0,,,0.0,0.0,0.0,50.0,50.0,0.0,50.0,0.9,0.09999999999999998,0.0,0.0,0.0,0.0,0.0,0.0,0.0,
1765987332.0052617,eth-updown-15m-1765987200,1765987200.0,1765988100.0,,767.9947383403778,,,,,0,0,0.98,0.98,ONE_LEG_INVENTORY,,,,,,,,,,,,,,0,5,,,,,,,,,,,,,,,,,,,,"RECONSTRUCT_BLOCKED: OVERPAY_LIMIT (Op:0.1000 > L:0.0020, Cost:$0.50)",,,,,,,,5.0,10.0,,,,,0,0,,,Inv: 5.0/10.0 CapLeft: 35.0,,,5.0,10.0,15.0,35.0,50.0,0.0,50.0,0.96,0.040000000000000036,-5.0,0.45999999999999996,0.64,0.10000000000000009,5.0,0.5000000000000004,0.002,OVERPAY_LIMIT
1765987332.0052617,eth-updown-15m-1765987200,1765987200.0,1765988100.0,,767.9947383403778,,,,,0,0,0.98,0.98,ONE_LEG_INVENTORY,,,,,,,,,,,,,,0,5,,,,,,,,,,,,,,,,,,,,"RECONSTRUCT_BLOCKED: OVERPAY_LIMIT (Op:0.1000 > L:0.0020, Cost:$0.50)",,,,,,,,5.0,10.0,,,,,0,0,,,Inv: 5.0/10.0 CapLeft: 35.0,,,5.0,10.0,15.0,35.0,50.0,0.0,50.0,0.96,0.040000000000000036,-5.0,0.45999999999999996,0.64,0.10000000000000009,5.0,0.5000000000000004,0.002,OVERPAY_LIMIT
1765987334.059854,eth-updown-15m-1765987200,1765987200.0,1765988100.0,,765.9401459693909,,,,,0,0,0.99,0.98,ONE_LEG_INVENTORY,,,,,,,,,,,,,,0,5,,,,,,,,,,,,,,,,,,,,"RECONSTRUCT_BLOCKED: OVERPAY_LIMIT (Op:0.1200 > L:0.0020, Cost:$0.60)",,,,,,,,5.0,10.0,,,,,0,0,,,Inv: 5.0/10.0 CapLeft: 35.0,,,5.0,10.0,15.0,35.0,50.0,0.0,50.0,0.96,0.040000000000000036,-5.0,0.45999999999999996,0.66,0.1200000000000001,5.0,0.6000000000000005,0.002,OVERPAY_LIMIT
1765987334.059854,eth-updown-15m-1765987200,1765987200.0,1765988100.0,,765.9401459693909,,,,,0,0,0.99,0.98,ONE_LEG_INVENTORY,,,,,,,,,,,,,,0,5,,,,,,,,,,,,,,,,,,,,"RECONSTRUCT_BLOCKED: OVERPAY_LIMIT (Op:0.1200 > L:0.0020, Cost:$0.60)",,,,,,,,5.0,10.0,,,,,0,0,,,Inv: 5.0/10.0 CapLeft: 35.0,,,5.0,10.0,15.0,35.0,50.0,0.0,50.0,0.96,0.040000000000000036,-5.0,0.45999999999999996,0.66,0.1200000000000001,5.0,0.6000000000000005,0.002,OVERPAY_LIMIT
1765987335.114379,eth-updown-15m-1765987200,1765987200.0,1765988100.0,,764.8856210708618,,,,,0.45,0.45,0.9,0.98,ORDERS_OPEN,,,,,,,,,,,,,,5,5,,,,,,,,,,,,,,,,,,,,Leg:BOTH UP:5 DOWN:5,,,,,,,,0.0,0.0,,,,,0,0,,,Inv: 0.0/0.0 CapLeft: 50.0,,,0.0,0.0,0.0,50.0,50.0,0.0,50.0,0.9,0.09999999999999998,0.0,0.0,0.0,0.0,0.0,0.0,0.0,
1765987336.0044556,eth-updown-15m-1765987200,1765987200.0,1765988100.0,,763.9955444335938,,,,,0,0,0.97,0.98,ONE_LEG_INVENTORY,,,,,,,,,,,,,,0,5,,,,,,,,,,,,,,,,,,,,"RECONSTRUCT_BLOCKED: OVERPAY_LIMIT (Op:0.1300 > L:0.0020, Cost:$0.65)",,,,,,,,5.0,10.0,,,,,0,0,,,Inv: 5.0/10.0 CapLeft: 35.0,,,5.0,10.0,15.0,35.0,50.0,0.0,50.0,0.96,0.040000000000000036,-5.0,0.45999999999999996,0.67,0.1299999999999999,5.0,0.6499999999999995,0.002,OVERPAY_LIMIT
1765987336.0044556,eth-updown-15m-1765987200,1765987200.0,1765988100.0,,763.9955444335938,,,,,0,0,0.97,0.98,ONE_LEG_INVENTORY,,,,,,,,,,,,,,0,5,,,,,,,,,,,,,,,,,,,,"RECONSTRUCT_BLOCKED: OVERPAY_LIMIT (Op:0.1300 > L:0.0020, Cost:$0.65)",,,,,,,,5.0,10.0,,,,,0,0,,,Inv: 5.0/10.0 CapLeft: 35.0,,,5.0,10.0,15.0,35.0,50.0,0.0,50.0,0.96,0.040000000000000036,-5.0,0.45999999999999996,0.67,0.1299999999999999,5.0,0.6499999999999995,0.002,OVERPAY_LIMIT
1765987336.6182091,eth-updown-15m-1765987200,1765987200.0,1765988100.0,,763.3817908763885,,,,,0,0,0.9,0.98,ORDERS_OPEN,,,,,,,,,,,,,,0,5,,,,,,,,,,,,,,,,,,,,,,,,,,,,0.0,0.0,,,,,0,0,,,Inv: 0.0/0.0 CapLeft: 50.0,,,0.0,0.0,0.0,50.0,50.0,0.0,50.0,0.9,0.09999999999999998,0.0,0.0,0.0,0.0,0.0,0.0,0.0,
1765987338.132398,eth-updown-15m-1765987200,1765987200.0,1765988100.0,,761.8676021099091,,,,,0,0,0.9,0.98,ORDERS_OPEN,,,,,,,,,,,,,,0,5,,,,,,,,,,,,,,,,,,,,,,,,,,,,0.0,0.0,,,,,0,0,,,Inv: 0.0/0.0 CapLeft: 50.0,,,0.0,0.0,0.0,50.0,50.0,0.0,50.0,0.9,0.09999999999999998,0.0,0.0,0.0,0.0,0.0,0.0,0.0,
1765987337.9925225,eth-updown-15m-1765987200,1765987200.0,1765988100.0,,762.0074775218964,,,,,0,0,0.99,0.98,ONE_LEG_INVENTORY,,,,,,,,,,,,,,0,5,,,,,,,,,,,,,,,,,,,,"RECONSTRUCT_BLOCKED: OVERPAY_LIMIT (Op:0.1300 > L:0.0020, Cost:$0.65)",,,,,,,,5.0,10.0,,,,,0,0,,,Inv: 5.0/10.0 CapLeft: 35.0,,,5.0,10.0,15.0,35.0,50.0,0.0,50.0,0.96,0.040000000000000036,-5.0,0.45999999999999996,0.67,0.1299999999999999,5.0,0.6499999999999995,0.002,OVERPAY_LIMIT
1765987337.9925225,eth-updown-15m-1765987200,1765987200.0,1765988100.0,,762.0074775218964,,,,,0,0,0.99,0.98,ONE_LEG_INVENTORY,,,,,,,,,,,,,,0,5,,,,,,,,,,,,,,,,,,,,"RECONSTRUCT_BLOCKED: OVERPAY_LIMIT (Op:0.1300 > L:0.0020, Cost:$0.65)",,,,,,,,5.0,10.0,,,,,0,0,,,Inv: 5.0/10.0 CapLeft: 35.0,,,5.0,10.0,15.0,35.0,50.0,0.0,50.0,0.96,0.040000000000000036,-5.0,0.45999999999999996,0.67,0.1299999999999999,5.0,0.6499999999999995,0.002,OVERPAY_LIMIT
1765987339.6366472,eth-updown-15m-1765987200,1765987200.0,1765988100.0,,760.3633527755737,,,,,0,0,0.9,0.98,ORDERS_OPEN,,,,,,,,,,,,,,0,5,,,,,,,,,,,,,,,,,,,,,,,,,,,,0.0,0.0,,,,,0,0,,,Inv: 0.0/0.0 CapLeft: 50.0,,,0.0,0.0,0.0,50.0,50.0,0.0,50.0,0.9,0.09999999999999998,0.0,0.0,0.0,0.0,0.0,0.0,0.0,
1765987339.9208663,eth-updown-15m-1765987200,1765987200.0,1765988100.0,,760.0791337490082,,,,,0,0,0.99,0.98,ONE_LEG_INVENTORY,,,,,,,,,,,,,,0,5,,,,,,,,,,,,,,,,,,,,"RECONSTRUCT_BLOCKED: OVERPAY_LIMIT (Op:0.1400 > L:0.0020, Cost:$0.70)",,,,,,,,5.0,10.0,,,,,0,0,,,Inv: 5.0/10.0 CapLeft: 35.0,,,5.0,10.0,15.0,35.0,50.0,0.0,50.0,0.96,0.040000000000000036,-5.0,0.45999999999999996,0.68,0.14000000000000012,5.0,0.7000000000000006,0.002,OVERPAY_LIMIT
1765987339.9208663,eth-updown-15m-1765987200,1765987200.0,1765988100.0,,760.0791337490082,,,,,0,0,0.99,0.98,ONE_LEG_INVENTORY,,,,,,,,,,,,,,0,5,,,,,,,,,,,,,,,,,,,,"RECONSTRUCT_BLOCKED: OVERPAY_LIMIT (Op:0.1400 > L:0.0020, Cost:$0.70)",,,,,,,,5.0,10.0,,,,,0,0,,,Inv: 5.0/10.0 CapLeft: 35.0,,,5.0,10.0,15.0,35.0,50.0,0.0,50.0,0.96,0.040000000000000036,-5.0,0.45999999999999996,0.68,0.14000000000000012,5.0,0.7000000000000006,0.002,OVERPAY_LIMIT
1765987341.1571965,eth-updown-15m-1765987200,1765987200.0,1765988100.0,,758.842803478241,,,,,0,0,0.9,0.98,ORDERS_OPEN,,,,,,,,,,,,,,0,5,,,,,,,,,,,,,,,,,,,,,,,,,,,,0.0,0.0,,,,,0,0,,,Inv: 0.0/0.0 CapLeft: 50.0,,,0.0,0.0,0.0,50.0,50.0,0.0,50.0,0.9,0.09999999999999998,0.0,0.0,0.0,0.0,0.0,0.0,0.0,
1765987341.8839169,eth-updown-15m-1765987200,1765987200.0,1765988100.0,,758.1160831451416,,,,,0,0,0.98,0.98,ONE_LEG_INVENTORY,,,,,,,,,,,,,,0,5,,,,,,,,,,,,,,,,,,,,"RECONSTRUCT_BLOCKED: OVERPAY_LIMIT (Op:0.1400 > L:0.0020, Cost:$0.70)",,,,,,,,5.0,10.0,,,,,0,0,,,Inv: 5.0/10.0 CapLeft: 35.0,,,5.0,10.0,15.0,35.0,50.0,0.0,50.0,0.96,0.040000000000000036,-5.0,0.45999999999999996,0.68,0.14000000000000012,5.0,0.7000000000000006,0.002,OVERPAY_LIMIT
1765987341.8839169,eth-updown-15m-1765987200,1765987200.0,1765988100.0,,758.1160831451416,,,,,0,0,0.98,0.98,ONE_LEG_INVENTORY,,,,,,,,,,,,,,0,5,,,,,,,,,,,,,,,,,,,,"RECONSTRUCT_BLOCKED: OVERPAY_LIMIT (Op:0.1400 > L:0.0020, Cost:$0.70)",,,,,,,,5.0,10.0,,,,,0,0,,,Inv: 5.0/10.0 CapLeft: 35.0,,,5.0,10.0,15.0,35.0,50.0,0.0,50.0,0.96,0.040000000000000036,-5.0,0.45999999999999996,0.68,0.14000000000000012,5.0,0.7000000000000006,0.002,OVERPAY_LIMIT
1765987342.6692078,eth-updown-15m-1765987200,1765987200.0,1765988100.0,,757.3307921886444,,,,,0,0,0.9,0.98,ORDERS_OPEN,,,,,,,,,,,,,,0,5,,,,,,,,,,,,,,,,,,,,,,,,,,,,0.0,0.0,,,,,0,0,,,Inv: 0.0/0.0 CapLeft: 50.0,,,0.0,0.0,0.0,50.0,50.0,0.0,50.0,0.9,0.09999999999999998,0.0,0.0,0.0,0.0,0.0,0.0,0.0,
1765987344.1836448,eth-updown-15m-1765987200,1765987200.0,1765988100.0,,755.8163552284241,,,,,0,0,0.9,0.98,ORDERS_OPEN,,,,,,,,,,,,,,0,5,,,,,,,,,,,,,,,,,,,,,,,,,,,,0.0,0.0,,,,,0,0,,,Inv: 0.0/0.0 CapLeft: 50.0,,,0.0,0.0,0.0,50.0,50.0,0.0,50.0,0.9,0.09999999999999998,0.0,0.0,0.0,0.0,0.0,0.0,0.0,
1765987343.827383,eth-updown-15m-1765987200,1765987200.0,1765988100.0,,756.1726169586182,,,,,0,0,0.98,0.98,ONE_LEG_INVENTORY,,,,,,,,,,,,,,0,5,,,,,,,,,,,,,,,,,,,,"RECONSTRUCT_BLOCKED: OVERPAY_LIMIT (Op:0.1500 > L:0.0020, Cost:$0.75)",,,,,,,,5.0,10.0,,,,,0,0,,,Inv: 5.0/10.0 CapLeft: 35.0,,,5.0,10.0,15.0,35.0,50.0,0.0,50.0,0.96,0.040000000000000036,-5.0,0.45999999999999996,0.69,0.1499999999999999,5.0,0.7499999999999996,0.002,OVERPAY_LIMIT
1765987343.827383,eth-updown-15m-1765987200,1765987200.0,1765988100.0,,756.1726169586182,,,,,0,0,0.98,0.98,ONE_LEG_INVENTORY,,,,,,,,,,,,,,0,5,,,,,,,,,,,,,,,,,,,,"RECONSTRUCT_BLOCKED: OVERPAY_LIMIT (Op:0.1500 > L:0.0020, Cost:$0.75)",,,,,,,,5.0,10.0,,,,,0,0,,,Inv: 5.0/10.0 CapLeft: 35.0,,,5.0,10.0,15.0,35.0,50.0,0.0,50.0,0.96,0.040000000000000036,-5.0,0.45999999999999996,0.69,0.1499999999999999,5.0,0.7499999999999996,0.002,OVERPAY_LIMIT
1765987345.6954246,eth-updown-15m-1765987200,1765987200.0,1765988100.0,,754.3045754432678,,,,,0,0,0.9,0.98,ORDERS_OPEN,,,,,,,,,,,,,,0,5,,,,,,,,,,,,,,,,,,,,,,,,,,,,0.0,0.0,,,,,0,0,,,Inv: 0.0/0.0 CapLeft: 50.0,,,0.0,0.0,0.0,50.0,50.0,0.0,50.0,0.9,0.09999999999999998,0.0,0.0,0.0,0.0,0.0,0.0,0.0,
1765987345.806394,eth-updown-15m-1765987200,1765987200.0,1765988100.0,,754.1936058998108,,,,,0,0,0.99,0.98,ONE_LEG_INVENTORY,,,,,,,,,,,,,,0,5,,,,,,,,,,,,,,,,,,,,"RECONSTRUCT_BLOCKED: OVERPAY_LIMIT (Op:0.1700 > L:0.0020, Cost:$0.85)",,,,,,,,5.0,10.0,,,,,0,0,,,Inv: 5.0/10.0 CapLeft: 35.0,,,5.0,10.0,15.0,35.0,50.0,0.0,50.0,0.96,0.040000000000000036,-5.0,0.45999999999999996,0.71,0.16999999999999993,5.0,0.8499999999999996,0.002,OVERPAY_LIMIT
1765987345.806394,eth-updown-15m-1765987200,1765987200.0,1765988100.0,,754.1936058998108,,,,,0,0,0.99,0.98,ONE_LEG_INVENTORY,,,,,,,,,,,,,,0,5,,,,,,,,,,,,,,,,,,,,"RECONSTRUCT_BLOCKED: OVERPAY_LIMIT (Op:0.1700 > L:0.0020, Cost:$0.85)",,,,,,,,5.0,10.0,,,,,0,0,,,Inv: 5.0/10.0 CapLeft: 35.0,,,5.0,10.0,15.0,35.0,50.0,0.0,50.0,0.96,0.040000000000000036,-5.0,0.45999999999999996,0.71,0.16999999999999993,5.0,0.8499999999999996,0.002,OVERPAY_LIMIT
1765987347.1972787,eth-updown-15m-1765987200,1765987200.0,1765988100.0,,752.8027212619781,,,,,0,0,0.9,0.98,ORDERS_OPEN,,,,,,,,,,,,,,0,5,,,,,,,,,,,,,,,,,,,,,,,,,,,,0.0,0.0,,,,,0,0,,,Inv: 0.0/0.0 CapLeft: 50.0,,,0.0,0.0,0.0,50.0,50.0,0.0,50.0,0.9,0.09999999999999998,0.0,0.0,0.0,0.0,0.0,0.0,0.0,
1765987347.7707472,eth-updown-15m-1765987200,1765987200.0,1765988100.0,,752.2292528152466,,,,,0,0,0.98,0.98,ONE_LEG_INVENTORY,,,,,,,,,,,,,,0,5,,,,,,,,,,,,,,,,,,,,"RECONSTRUCT_BLOCKED: OVERPAY_LIMIT (Op:0.1800 > L:0.0020, Cost:$0.90)",,,,,,,,5.0,10.0,,,,,0,0,,,Inv: 5.0/10.0 CapLeft: 35.0,,,5.0,10.0,15.0,35.0,50.0,0.0,50.0,0.96,0.040000000000000036,-5.0,0.45999999999999996,0.72,0.17999999999999994,5.0,0.8999999999999997,0.002,OVERPAY_LIMIT
1765987347.7707472,eth-updown-15m-1765987200,1765987200.0,1765988100.0,,752.2292528152466,,,,,0,0,0.98,0.98,ONE_LEG_INVENTORY,,,,,,,,,,,,,,0,5,,,,,,,,,,,,,,,,,,,,"RECONSTRUCT_BLOCKED: OVERPAY_LIMIT (Op:0.1800 > L:0.0020, Cost:$0.90)",,,,,,,,5.0,10.0,,,,,0,0,,,Inv: 5.0/10.0 CapLeft: 35.0,,,5.0,10.0,15.0,35.0,50.0,0.0,50.0,0.96,0.040000000000000036,-5.0,0.45999999999999996,0.72,0.17999999999999994,5.0,0.8999999999999997,0.002,OVERPAY_LIMIT
1765987348.700508,eth-updown-15m-1765987200,1765987200.0,1765988100.0,,751.2994918823242,,,,,0,0,0.9,0.98,ORDERS_OPEN,,,,,,,,,,,,,,0,5,,,,,,,,,,,,,,,,,,,,,,,,,,,,0.0,0.0,,,,,0,0,,,Inv: 0.0/0.0 CapLeft: 50.0,,,0.0,0.0,0.0,50.0,50.0,0.0,50.0,0.9,0.09999999999999998,0.0,0.0,0.0,0.0,0.0,0.0,0.0,
1765987349.7088785,eth-updown-15m-1765987200,1765987200.0,1765988100.0,,750.2911214828491,,,,,0,0,0.99,0.98,ONE_LEG_INVENTORY,,,,,,,,,,,,,,0,5,,,,,,,,,,,,,,,,,,,,"RECONSTRUCT_BLOCKED: OVERPAY_LIMIT (Op:0.2100 > L:0.0020, Cost:$1.05)",,,,,,,,5.0,10.0,,,,,0,0,,,Inv: 5.0/10.0 CapLeft: 35.0,,,5.0,10.0,15.0,35.0,50.0,0.0,50.0,0.96,0.040000000000000036,-5.0,0.45999999999999996,0.75,0.20999999999999996,5.0,1.0499999999999998,0.002,OVERPAY_LIMIT
1765987349.7088785,eth-updown-15m-1765987200,1765987200.0,1765988100.0,,750.2911214828491,,,,,0,0,0.99,0.98,ONE_LEG_INVENTORY,,,,,,,,,,,,,,0,5,,,,,,,,,,,,,,,,,,,,"RECONSTRUCT_BLOCKED: OVERPAY_LIMIT (Op:0.2100 > L:0.0020, Cost:$1.05)",,,,,,,,5.0,10.0,,,,,0,0,,,Inv: 5.0/10.0 CapLeft: 35.0,,,5.0,10.0,15.0,35.0,50.0,0.0,50.0,0.96,0.040000000000000036,-5.0,0.45999999999999996,0.75,0.20999999999999996,5.0,1.0499999999999998,0.002,OVERPAY_LIMIT
1765987351.722431,eth-updown-15m-1765987200,1765987200.0,1765988100.0,,748.2775690555573,,,,,0.45,0.45,0.9,0.98,ORDERS_OPEN,,,,,,,,,,,,,,5,5,,,,,,,,,,,,,,,,,,,,Leg:BOTH UP:5 DOWN:5,,,,,,,,0.0,0.0,,,,,0,0,,,Inv: 0.0/0.0 CapLeft: 50.0,,,0.0,0.0,0.0,50.0,50.0,0.0,50.0,0.9,0.09999999999999998,0.0,0.0,0.0,0.0,0.0,0.0,0.0,
1765987351.7239408,eth-updown-15m-1765987200,1765987200.0,1765988100.0,,748.2760591506958,,,,,0,0,0.99,0.98,ONE_LEG_INVENTORY,,,,,,,,,,,,,,0,5,,,,,,,,,,,,,,,,,,,,"RECONSTRUCT_BLOCKED: OVERPAY_LIMIT (Op:0.2100 > L:0.0020, Cost:$1.05)",,,,,,,,5.0,10.0,,,,,0,0,,,Inv: 5.0/10.0 CapLeft: 35.0,,,5.0,10.0,15.0,35.0,50.0,0.0,50.0,0.96,0.040000000000000036,-5.0,0.45999999999999996,0.75,0.20999999999999996,5.0,1.0499999999999998,0.002,OVERPAY_LIMIT
1765987351.7239408,eth-updown-15m-1765987200,1765987200.0,1765988100.0,,748.2760591506958,,,,,0,0,0.99,0.98,ONE_LEG_INVENTORY,,,,,,,,,,,,,,0,5,,,,,,,,,,,,,,,,,,,,"RECONSTRUCT_BLOCKED: OVERPAY_LIMIT (Op:0.2100 > L:0.0020, Cost:$1.05)",,,,,,,,5.0,10.0,,,,,0,0,,,Inv: 5.0/10.0 CapLeft: 35.0,,,5.0,10.0,15.0,35.0,50.0,0.0,50.0,0.96,0.040000000000000036,-5.0,0.45999999999999996,0.75,0.20999999999999996,5.0,1.0499999999999998,0.002,OVERPAY_LIMIT
1765987353.224752,eth-updown-15m-1765987200,1765987200.0,1765988100.0,,746.7752480506897,,,,,0,0,0.9,0.98,ORDERS_OPEN,,,,,,,,,,,,,,0,5,,,,,,,,,,,,,,,,,,,,,,,,,,,,0.0,0.0,,,,,0,0,,,Inv: 0.0/0.0 CapLeft: 50.0,,,0.0,0.0,0.0,50.0,50.0,0.0,50.0,0.9,0.09999999999999998,0.0,0.0,0.0,0.0,0.0,0.0,0.0,
1765987353.6909788,eth-updown-15m-1765987200,1765987200.0,1765988100.0,,746.3090212345123,,,,,0,0,0.98,0.98,ONE_LEG_INVENTORY,,,,,,,,,,,,,,0,5,,,,,,,,,,,,,,,,,,,,"RECONSTRUCT_BLOCKED: OVERPAY_LIMIT (Op:0.2300 > L:0.0020, Cost:$1.15)",,,,,,,,5.0,10.0,,,,,0,0,,,Inv: 5.0/10.0 CapLeft: 35.0,,,5.0,10.0,15.0,35.0,50.0,0.0,50.0,0.96,0.040000000000000036,-5.0,0.45999999999999996,0.77,0.22999999999999998,5.0,1.15,0.002,OVERPAY_LIMIT
1765987353.6909788,eth-updown-15m-1765987200,1765987200.0,1765988100.0,,746.3090212345123,,,,,0,0,0.98,0.98,ONE_LEG_INVENTORY,,,,,,,,,,,,,,0,5,,,,,,,,,,,,,,,,,,,,"RECONSTRUCT_BLOCKED: OVERPAY_LIMIT (Op:0.2300 > L:0.0020, Cost:$1.15)",,,,,,,,5.0,10.0,,,,,0,0,,,Inv: 5.0/10.0 CapLeft: 35.0,,,5.0,10.0,15.0,35.0,50.0,0.0,50.0,0.96,0.040000000000000036,-5.0,0.45999999999999996,0.77,0.22999999999999998,5.0,1.15,0.002,OVERPAY_LIMIT
1765987354.72829,eth-updown-15m-1765987200,1765987200.0,1765988100.0,,745.2717099189758,,,,,0,0,0.9,0.98,ORDERS_OPEN,,,,,,,,,,,,,,0,5,,,,,,,,,,,,,,,,,,,,,,,,,,,,0.0,0.0,,,,,0,0,,,Inv: 0.0/0.0 CapLeft: 50.0,,,0.0,0.0,0.0,50.0,50.0,0.0,50.0,0.9,0.09999999999999998,0.0,0.0,0.0,0.0,0.0,0.0,0.0,
1765987355.7172484,eth-updown-15m-1765987200,1765987200.0,1765988100.0,,744.2827515602112,,,,,0,0,0.99,0.98,ONE_LEG_INVENTORY,,,,,,,,,,,,,,0,5,,,,,,,,,,,,,,,,,,,,"RECONSTRUCT_BLOCKED: OVERPAY_LIMIT (Op:0.2500 > L:0.0020, Cost:$1.25)",,,,,,,,5.0,10.0,,,,,0,0,,,Inv: 5.0/10.0 CapLeft: 35.0,,,5.0,10.0,15.0,35.0,50.0,0.0,50.0,0.96,0.040000000000000036,-5.0,0.45999999999999996,0.79,0.25,5.0,1.25,0.002,OVERPAY_LIMIT
1765987355.7172484,eth-updown-15m-1765987200,1765987200.0,1765988100.0,,744.2827515602112,,,,,0,0,0.99,0.98,ONE_LEG_INVENTORY,,,,,,,,,,,,,,0,5,,,,,,,,,,,,,,,,,,,,"RECONSTRUCT_BLOCKED: OVERPAY_LIMIT (Op:0.2500 > L:0.0020, Cost:$1.25)",,,,,,,,5.0,10.0,,,,,0,0,,,Inv: 5.0/10.0 CapLeft: 35.0,,,5.0,10.0,15.0,35.0,50.0,0.0,50.0,0.96,0.040000000000000036,-5.0,0.45999999999999996,0.79,0.25,5.0,1.25,0.002,OVERPAY_LIMIT
1765987356.2410724,eth-updown-15m-1765987200,1765987200.0,1765988100.0,,743.7589275836945,,,,,0,0,0.9,0.98,ORDERS_OPEN,,,,,,,,,,,,,,0,5,,,,,,,,,,,,,,,,,,,,,,,,,,,,0.0,0.0,,,,,0,0,,,Inv: 0.0/0.0 CapLeft: 50.0,,,0.0,0.0,0.0,50.0,50.0,0.0,50.0,0.9,0.09999999999999998,0.0,0.0,0.0,0.0,0.0,0.0,0.0,
1765987357.7446263,eth-updown-15m-1765987200,1765987200.0,1765988100.0,,742.2553737163544,,,,,0,0,0.9,0.98,ORDERS_OPEN,,,,,,,,,,,,,,0,5,,,,,,,,,,,,,,,,,,,,,,,,,,,,0.0,0.0,,,,,0,0,,,Inv: 0.0/0.0 CapLeft: 50.0,,,0.0,0.0,0.0,50.0,50.0,0.0,50.0,0.9,0.09999999999999998,0.0,0.0,0.0,0.0,0.0,0.0,0.0,
1765987357.6536345,eth-updown-15m-1765987200,1765987200.0,1765988100.0,,742.3463654518127,,,,,0,0,0.99,0.98,ONE_LEG_INVENTORY,,,,,,,,,,,,,,0,5,,,,,,,,,,,,,,,,,,,,"RECONSTRUCT_BLOCKED: OVERPAY_LIMIT (Op:0.2100 > L:0.0020, Cost:$1.05)",,,,,,,,5.0,10.0,,,,,0,0,,,Inv: 5.0/10.0 CapLeft: 35.0,,,5.0,10.0,15.0,35.0,50.0,0.0,50.0,0.96,0.040000000000000036,-5.0,0.45999999999999996,0.75,0.20999999999999996,5.0,1.0499999999999998,0.002,OVERPAY_LIMIT
1765987357.6536345,eth-updown-15m-1765987200,1765987200.0,1765988100.0,,742.3463654518127,,,,,0,0,0.99,0.98,ONE_LEG_INVENTORY,,,,,,,,,,,,,,0,5,,,,,,,,,,,,,,,,,,,,"RECONSTRUCT_BLOCKED: OVERPAY_LIMIT (Op:0.2100 > L:0.0020, Cost:$1.05)",,,,,,,,5.0,10.0,,,,,0,0,,,Inv: 5.0/10.0 CapLeft: 35.0,,,5.0,10.0,15.0,35.0,50.0,0.0,50.0,0.96,0.040000000000000036,-5.0,0.45999999999999996,0.75,0.20999999999999996,5.0,1.0499999999999998,0.002,OVERPAY_LIMIT
1765987359.2477458,eth-updown-15m-1765987200,1765987200.0,1765988100.0,,740.7522542476654,,,,,0,0,0.9,0.98,ORDERS_OPEN,,,,,,,,,,,,,,0,5,,,,,,,,,,,,,,,,,,,,,,,,,,,,0.0,0.0,,,,,0,0,,,Inv: 0.0/0.0 CapLeft: 50.0,,,0.0,0.0,0.0,50.0,50.0,0.0,50.0,0.9,0.09999999999999998,0.0,0.0,0.0,0.0,0.0,0.0,0.0,
1765987359.653673,eth-updown-15m-1765987200,1765987200.0,1765988100.0,,740.3463270664215,,,,,0,0,0.99,0.98,ONE_LEG_INVENTORY,,,,,,,,,,,,,,0,5,,,,,,,,,,,,,,,,,,,,"RECONSTRUCT_BLOCKED: OVERPAY_LIMIT (Op:0.2000 > L:0.0020, Cost:$1.00)",,,,,,,,5.0,10.0,,,,,0,0,,,Inv: 5.0/10.0 CapLeft: 35.0,,,5.0,10.0,15.0,35.0,50.0,0.0,50.0,0.96,0.040000000000000036,-5.0,0.45999999999999996,0.74,0.19999999999999996,5.0,0.9999999999999998,0.002,OVERPAY_LIMIT
1765987359.653673,eth-updown-15m-1765987200,1765987200.0,1765988100.0,,740.3463270664215,,,,,0,0,0.99,0.98,ONE_LEG_INVENTORY,,,,,,,,,,,,,,0,5,,,,,,,,,,,,,,,,,,,,"RECONSTRUCT_BLOCKED: OVERPAY_LIMIT (Op:0.2000 > L:0.0020, Cost:$1.00)",,,,,,,,5.0,10.0,,,,,0,0,,,Inv: 5.0/10.0 CapLeft: 35.0,,,5.0,10.0,15.0,35.0,50.0,0.0,50.0,0.96,0.040000000000000036,-5.0,0.45999999999999996,0.74,0.19999999999999996,5.0,0.9999999999999998,0.002,OVERPAY_LIMIT
1765987360.750094,eth-updown-15m-1765987200,1765987200.0,1765988100.0,,739.2499060630798,,,,,0,0,0.9,0.98,ORDERS_OPEN,,,,,,,,,,,,,,0,5,,,,,,,,,,,,,,,,,,,,,,,,,,,,0.0,0.0,,,,,0,0,,,Inv: 0.0/0.0 CapLeft: 50.0,,,0.0,0.0,0.0,50.0,50.0,0.0,50.0,0.9,0.09999999999999998,0.0,0.0,0.0,0.0,0.0,0.0,0.0,
1765987361.636836,eth-updown-15m-1765987200,1765987200.0,1765988100.0,,738.3631639480591,,,,,0,0,0.97,0.98,ONE_LEG_INVENTORY,,,,,,,,,,,,,,0,5,,,,,,,,,,,,,,,,,,,,"RECONSTRUCT_BLOCKED: OVERPAY_LIMIT (Op:0.1700 > L:0.0020, Cost:$0.85)",,,,,,,,5.0,10.0,,,,,0,0,,,Inv: 5.0/10.0 CapLeft: 35.0,,,5.0,10.0,15.0,35.0,50.0,0.0,50.0,0.96,0.040000000000000036,-5.0,0.45999999999999996,0.71,0.16999999999999993,5.0,0.8499999999999996,0.002,OVERPAY_LIMIT
1765987361.636836,eth-updown-15m-1765987200,1765987200.0,1765988100.0,,738.3631639480591,,,,,0,0,0.97,0.98,ONE_LEG_INVENTORY,,,,,,,,,,,,,,0,5,,,,,,,,,,,,,,,,,,,,"RECONSTRUCT_BLOCKED: OVERPAY_LIMIT (Op:0.1700 > L:0.0020, Cost:$0.85)",,,,,,,,5.0,10.0,,,,,0,0,,,Inv: 5.0/10.0 CapLeft: 35.0,,,5.0,10.0,15.0,35.0,50.0,0.0,50.0,0.96,0.040000000000000036,-5.0,0.45999999999999996,0.71,0.16999999999999993,5.0,0.8499999999999996,0.002,OVERPAY_LIMIT
1765987362.2641263,eth-updown-15m-1765987200,1765987200.0,1765988100.0,,737.7358736991882,,,,,0,0,0.9,0.98,ORDERS_OPEN,,,,,,,,,,,,,,0,5,,,,,,,,,,,,,,,,,,,,,,,,,,,,0.0,0.0,,,,,0,0,,,Inv: 0.0/0.0 CapLeft: 50.0,,,0.0,0.0,0.0,50.0,50.0,0.0,50.0,0.9,0.09999999999999998,0.0,0.0,0.0,0.0,0.0,0.0,0.0,
1765987363.7679658,eth-updown-15m-1765987200,1765987200.0,1765988100.0,,736.2320342063904,,,,,0,0,0.9,0.98,ORDERS_OPEN,,,,,,,,,,,,,,0,5,,,,,,,,,,,,,,,,,,,,,,,,,,,,0.0,0.0,,,,,0,0,,,Inv: 0.0/0.0 CapLeft: 50.0,,,0.0,0.0,0.0,50.0,50.0,0.0,50.0,0.9,0.09999999999999998,0.0,0.0,0.0,0.0,0.0,0.0,0.0,
1765987363.6037638,eth-updown-15m-1765987200,1765987200.0,1765988100.0,,736.3962361812592,,,,,0,0,0.99,0.98,ONE_LEG_INVENTORY,,,,,,,,,,,,,,0,5,,,,,,,,,,,,,,,,,,,,"RECONSTRUCT_BLOCKED: OVERPAY_LIMIT (Op:0.2000 > L:0.0020, Cost:$1.00)",,,,,,,,5.0,10.0,,,,,0,0,,,Inv: 5.0/10.0 CapLeft: 35.0,,,5.0,10.0,15.0,35.0,50.0,0.0,50.0,0.96,0.040000000000000036,-5.0,0.45999999999999996,0.74,0.19999999999999996,5.0,0.9999999999999998,0.002,OVERPAY_LIMIT
1765987363.6037638,eth-updown-15m-1765987200,1765987200.0,1765988100.0,,736.3962361812592,,,,,0,0,0.99,0.98,ONE_LEG_INVENTORY,,,,,,,,,,,,,,0,5,,,,,,,,,,,,,,,,,,,,"RECONSTRUCT_BLOCKED: OVERPAY_LIMIT (Op:0.2000 > L:0.0020, Cost:$1.00)",,,,,,,,5.0,10.0,,,,,0,0,,,Inv: 5.0/10.0 CapLeft: 35.0,,,5.0,10.0,15.0,35.0,50.0,0.0,50.0,0.96,0.040000000000000036,-5.0,0.45999999999999996,0.74,0.19999999999999996,5.0,0.9999999999999998,0.002,OVERPAY_LIMIT
1765987365.2700338,eth-updown-15m-1765987200,1765987200.0,1765988100.0,,734.7299661636353,,,,,0,0,0.9,0.98,ORDERS_OPEN,,,,,,,,,,,,,,0,5,,,,,,,,,,,,,,,,,,,,,,,,,,,,0.0,0.0,,,,,0,0,,,Inv: 0.0/0.0 CapLeft: 50.0,,,0.0,0.0,0.0,50.0,50.0,0.0,50.0,0.9,0.09999999999999998,0.0,0.0,0.0,0.0,0.0,0.0,0.0,
1765987365.5619466,eth-updown-15m-1765987200,1765987200.0,1765988100.0,,734.4380533695221,,,,,0,0,0.99,0.98,ONE_LEG_INVENTORY,,,,,,,,,,,,,,0,5,,,,,,,,,,,,,,,,,,,,"RECONSTRUCT_BLOCKED: OVERPAY_LIMIT (Op:0.1800 > L:0.0020, Cost:$0.90)",,,,,,,,5.0,10.0,,,,,0,0,,,Inv: 5.0/10.0 CapLeft: 35.0,,,5.0,10.0,15.0,35.0,50.0,0.0,50.0,0.96,0.040000000000000036,-5.0,0.45999999999999996,0.72,0.17999999999999994,5.0,0.8999999999999997,0.002,OVERPAY_LIMIT
1765987365.5619466,eth-updown-15m-1765987200,1765987200.0,1765988100.0,,734.4380533695221,,,,,0,0,0.99,0.98,ONE_LEG_INVENTORY,,,,,,,,,,,,,,0,5,,,,,,,,,,,,,,,,,,,,"RECONSTRUCT_BLOCKED: OVERPAY_LIMIT (Op:0.1800 > L:0.0020, Cost:$0.90)",,,,,,,,5.0,10.0,,,,,0,0,,,Inv: 5.0/10.0 CapLeft: 35.0,,,5.0,10.0,15.0,35.0,50.0,0.0,50.0,0.96,0.040000000000000036,-5.0,0.45999999999999996,0.72,0.17999999999999994,5.0,0.8999999999999997,0.002,OVERPAY_LIMIT
1765987367.5387459,eth-updown-15m-1765987200,1765987200.0,1765988100.0,,732.461254119873,,,,,0,0,1.0,0.98,ONE_LEG_INVENTORY,,,,,,,,,,,,,,0,5,,,,,,,,,,,,,,,,,,,,"RECONSTRUCT_BLOCKED: OVERPAY_LIMIT (Op:0.1700 > L:0.0020, Cost:$0.85)",,,,,,,,5.0,10.0,,,,,0,0,,,Inv: 5.0/10.0 CapLeft: 35.0,,,5.0,10.0,15.0,35.0,50.0,0.0,50.0,0.96,0.040000000000000036,-5.0,0.45999999999999996,0.71,0.16999999999999993,5.0,0.8499999999999996,0.002,OVERPAY_LIMIT
1765987367.5387459,eth-updown-15m-1765987200,1765987200.0,1765988100.0,,732.461254119873,,,,,0,0,1.0,0.98,ONE_LEG_INVENTORY,,,,,,,,,,,,,,0,5,,,,,,,,,,,,,,,,,,,,"RECONSTRUCT_BLOCKED: OVERPAY_LIMIT (Op:0.1700 > L:0.0020, Cost:$0.85)",,,,,,,,5.0,10.0,,,,,0,0,,,Inv: 5.0/10.0 CapLeft: 35.0,,,5.0,10.0,15.0,35.0,50.0,0.0,50.0,0.96,0.040000000000000036,-5.0,0.45999999999999996,0.71,0.16999999999999993,5.0,0.8499999999999996,0.002,OVERPAY_LIMIT
1765987368.273739,eth-updown-15m-1765987200,1765987200.0,1765988100.0,,731.7262609004974,,,,,0.45,0.45,0.9,0.98,ORDERS_OPEN,,,,,,,,,,,,,,5,5,,,,,,,,,,,,,,,,,,,,Leg:BOTH UP:5 DOWN:5,,,,,,,,0.0,0.0,,,,,0,0,,,Inv: 0.0/0.0 CapLeft: 50.0,,,0.0,0.0,0.0,50.0,50.0,0.0,50.0,0.9,0.09999999999999998,0.0,0.0,0.0,0.0,0.0,0.0,0.0,
1765987369.776088,eth-updown-15m-1765987200,1765987200.0,1765988100.0,,730.2239120006561,,,,,0,0,0.9,0.98,ORDERS_OPEN,,,,,,,,,,,,,,0,5,,,,,,,,,,,,,,,,,,,,,,,,,,,,0.0,0.0,,,,,0,0,,,Inv: 0.0/0.0 CapLeft: 50.0,,,0.0,0.0,0.0,50.0,50.0,0.0,50.0,0.9,0.09999999999999998,0.0,0.0,0.0,0.0,0.0,0.0,0.0,
1765987369.4902835,eth-updown-15m-1765987200,1765987200.0,1765988100.0,,730.5097165107727,,,,,0,0,0.98,0.98,ONE_LEG_INVENTORY,,,,,,,,,,,,,,0,5,,,,,,,,,,,,,,,,,,,,"RECONSTRUCT_BLOCKED: OVERPAY_LIMIT (Op:0.1600 > L:0.0020, Cost:$0.80)",,,,,,,,5.0,10.0,,,,,0,0,,,Inv: 5.0/10.0 CapLeft: 35.0,,,5.0,10.0,15.0,35.0,50.0,0.0,50.0,0.96,0.040000000000000036,-5.0,0.45999999999999996,0.7,0.15999999999999992,5.0,0.7999999999999996,0.002,OVERPAY_LIMIT
1765987369.4902835,eth-updown-15m-1765987200,1765987200.0,1765988100.0,,730.5097165107727,,,,,0,0,0.98,0.98,ONE_LEG_INVENTORY,,,,,,,,,,,,,,0,5,,,,,,,,,,,,,,,,,,,,"RECONSTRUCT_BLOCKED: OVERPAY_LIMIT (Op:0.1600 > L:0.0020, Cost:$0.80)",,,,,,,,5.0,10.0,,,,,0,0,,,Inv: 5.0/10.0 CapLeft: 35.0,,,5.0,10.0,15.0,35.0,50.0,0.0,50.0,0.96,0.040000000000000036,-5.0,0.45999999999999996,0.7,0.15999999999999992,5.0,0.7999999999999996,0.002,OVERPAY_LIMIT
1765987371.2776465,eth-updown-15m-1765987200,1765987200.0,1765988100.0,,728.7223534584045,,,,,0,0,0.9,0.98,ORDERS_OPEN,,,,,,,,,,,,,,0,5,,,,,,,,,,,,,,,,,,,,,,,,,,,,0.0,0.0,,,,,0,0,,,Inv: 0.0/0.0 CapLeft: 50.0,,,0.0,0.0,0.0,50.0,50.0,0.0,50.0,0.9,0.09999999999999998,0.0,0.0,0.0,0.0,0.0,0.0,0.0,
1765987371.4418058,eth-updown-15m-1765987200,1765987200.0,1765988100.0,,728.5581941604614,,,,,0,0,0.98,0.98,ONE_LEG_INVENTORY,,,,,,,,,,,,,,0,5,,,,,,,,,,,,,,,,,,,,"RECONSTRUCT_BLOCKED: OVERPAY_LIMIT (Op:0.1600 > L:0.0020, Cost:$0.80)",,,,,,,,5.0,10.0,,,,,0,0,,,Inv: 5.0/10.0 CapLeft: 35.0,,,5.0,10.0,15.0,35.0,50.0,0.0,50.0,0.96,0.040000000000000036,-5.0,0.45999999999999996,0.7,0.15999999999999992,5.0,0.7999999999999996,0.002,OVERPAY_LIMIT
1765987371.4418058,eth-updown-15m-1765987200,1765987200.0,1765988100.0,,728.5581941604614,,,,,0,0,0.98,0.98,ONE_LEG_INVENTORY,,,,,,,,,,,,,,0,5,,,,,,,,,,,,,,,,,,,,"RECONSTRUCT_BLOCKED: OVERPAY_LIMIT (Op:0.1600 > L:0.0020, Cost:$0.80)",,,,,,,,5.0,10.0,,,,,0,0,,,Inv: 5.0/10.0 CapLeft: 35.0,,,5.0,10.0,15.0,35.0,50.0,0.0,50.0,0.96,0.040000000000000036,-5.0,0.45999999999999996,0.7,0.15999999999999992,5.0,0.7999999999999996,0.002,OVERPAY_LIMIT
1765987372.7804182,eth-updown-15m-1765987200,1765987200.0,1765988100.0,,727.2195818424225,,,,,0,0,0.9,0.98,ORDERS_OPEN,,,,,,,,,,,,,,0,5,,,,,,,,,,,,,,,,,,,,,,,,,,,,0.0,0.0,,,,,0,0,,,Inv: 0.0/0.0 CapLeft: 50.0,,,0.0,0.0,0.0,50.0,50.0,0.0,50.0,0.9,0.09999999999999998,0.0,0.0,0.0,0.0,0.0,0.0,0.0,
1765987373.4465435,eth-updown-15m-1765987200,1765987200.0,1765988100.0,,726.5534565448761,,,,,0,0,0.99,0.98,ONE_LEG_INVENTORY,,,,,,,,,,,,,,0,5,,,,,,,,,,,,,,,,,,,,"RECONSTRUCT_BLOCKED: OVERPAY_LIMIT (Op:0.1500 > L:0.0020, Cost:$0.75)",,,,,,,,5.0,10.0,,,,,0,0,,,Inv: 5.0/10.0 CapLeft: 35.0,,,5.0,10.0,15.0,35.0,50.0,0.0,50.0,0.96,0.040000000000000036,-5.0,0.45999999999999996,0.69,0.1499999999999999,5.0,0.7499999999999996,0.002,OVERPAY_LIMIT
1765987373.4465435,eth-updown-15m-1765987200,1765987200.0,1765988100.0,,726.5534565448761,,,,,0,0,0.99,0.98,ONE_LEG_INVENTORY,,,,,,,,,,,,,,0,5,,,,,,,,,,,,,,,,,,,,"RECONSTRUCT_BLOCKED: OVERPAY_LIMIT (Op:0.1500 > L:0.0020, Cost:$0.75)",,,,,,,,5.0,10.0,,,,,0,0,,,Inv: 5.0/10.0 CapLeft: 35.0,,,5.0,10.0,15.0,35.0,50.0,0.0,50.0,0.96,0.040000000000000036,-5.0,0.45999999999999996,0.69,0.1499999999999999,5.0,0.7499999999999996,0.002,OVERPAY_LIMIT
1765987374.2827837,eth-updown-15m-1765987200,1765987200.0,1765988100.0,,725.7172162532806,,,,,0,0,0.9,0.98,ORDERS_OPEN,,,,,,,,,,,,,,0,5,,,,,,,,,,,,,,,,,,,,,,,,,,,,0.0,0.0,,,,,0,0,,,Inv: 0.0/0.0 CapLeft: 50.0,,,0.0,0.0,0.0,50.0,50.0,0.0,50.0,0.9,0.09999999999999998,0.0,0.0,0.0,0.0,0.0,0.0,0.0,
1765987375.785726,eth-updown-15m-1765987200,1765987200.0,1765988100.0,,724.214273929596,,,,,0,0,0.9,0.98,ORDERS_OPEN,,,,,,,,,,,,,,0,5,,,,,,,,,,,,,,,,,,,,,,,,,,,,0.0,0.0,,,,,0,0,,,Inv: 0.0/0.0 CapLeft: 50.0,,,0.0,0.0,0.0,50.0,50.0,0.0,50.0,0.9,0.09999999999999998,0.0,0.0,0.0,0.0,0.0,0.0,0.0,
1765987375.3906753,eth-updown-15m-1765987200,1765987200.0,1765988100.0,,724.6093246936798,,,,,0,0,0.99,0.98,ONE_LEG_INVENTORY,,,,,,,,,,,,,,0,5,,,,,,,,,,,,,,,,,,,,"RECONSTRUCT_BLOCKED: OVERPAY_LIMIT (Op:0.1500 > L:0.0020, Cost:$0.75)",,,,,,,,5.0,10.0,,,,,0,0,,,Inv: 5.0/10.0 CapLeft: 35.0,,,5.0,10.0,15.0,35.0,50.0,0.0,50.0,0.96,0.040000000000000036,-5.0,0.45999999999999996,0.69,0.1499999999999999,5.0,0.7499999999999996,0.002,OVERPAY_LIMIT
1765987375.3906753,eth-updown-15m-1765987200,1765987200.0,1765988100.0,,724.6093246936798,,,,,0,0,0.99,0.98,ONE_LEG_INVENTORY,,,,,,,,,,,,,,0,5,,,,,,,,,,,,,,,,,,,,"RECONSTRUCT_BLOCKED: OVERPAY_LIMIT (Op:0.1500 > L:0.0020, Cost:$0.75)",,,,,,,,5.0,10.0,,,,,0,0,,,Inv: 5.0/10.0 CapLeft: 35.0,,,5.0,10.0,15.0,35.0,50.0,0.0,50.0,0.96,0.040000000000000036,-5.0,0.45999999999999996,0.69,0.1499999999999999,5.0,0.7499999999999996,0.002,OVERPAY_LIMIT
1765987377.2885618,eth-updown-15m-1765987200,1765987200.0,1765988100.0,,722.7114381790161,,,,,0,0,0.9,0.98,ORDERS_OPEN,,,,,,,,,,,,,,0,5,,,,,,,,,,,,,,,,,,,,,,,,,,,,0.0,0.0,,,,,0,0,,,Inv: 0.0/0.0 CapLeft: 50.0,,,0.0,0.0,0.0,50.0,50.0,0.0,50.0,0.9,0.09999999999999998,0.0,0.0,0.0,0.0,0.0,0.0,0.0,
1765987377.3374462,eth-updown-15m-1765987200,1765987200.0,1765988100.0,,722.6625537872314,,,,,0,0,0.99,0.98,ONE_LEG_INVENTORY,,,,,,,,,,,,,,0,5,,,,,,,,,,,,,,,,,,,,"RECONSTRUCT_BLOCKED: OVERPAY_LIMIT (Op:0.1500 > L:0.0020, Cost:$0.75)",,,,,,,,5.0,10.0,,,,,0,0,,,Inv: 5.0/10.0 CapLeft: 35.0,,,5.0,10.0,15.0,35.0,50.0,0.0,50.0,0.96,0.040000000000000036,-5.0,0.45999999999999996,0.69,0.1499999999999999,5.0,0.7499999999999996,0.002,OVERPAY_LIMIT
1765987377.3374462,eth-updown-15m-1765987200,1765987200.0,1765988100.0,,722.6625537872314,,,,,0,0,0.99,0.98,ONE_LEG_INVENTORY,,,,,,,,,,,,,,0,5,,,,,,,,,,,,,,,,,,,,"RECONSTRUCT_BLOCKED: OVERPAY_LIMIT (Op:0.1500 > L:0.0020, Cost:$0.75)",,,,,,,,5.0,10.0,,,,,0,0,,,Inv: 5.0/10.0 CapLeft: 35.0,,,5.0,10.0,15.0,35.0,50.0,0.0,50.0,0.96,0.040000000000000036,-5.0,0.45999999999999996,0.69,0.1499999999999999,5.0,0.7499999999999996,0.002,OVERPAY_LIMIT
1765987378.791365,eth-updown-15m-1765987200,1765987200.0,1765988100.0,,721.2086350917816,,,,,0,0,0.9,0.98,ORDERS_OPEN,,,,,,,,,,,,,,0,5,,,,,,,,,,,,,,,,,,,,,,,,,,,,0.0,0.0,,,,,0,0,,,Inv: 0.0/0.0 CapLeft: 50.0,,,0.0,0.0,0.0,50.0,50.0,0.0,50.0,0.9,0.09999999999999998,0.0,0.0,0.0,0.0,0.0,0.0,0.0,
1765987379.3558843,eth-updown-15m-1765987200,1765987200.0,1765988100.0,,720.6441156864166,,,,,0,0,0.98,0.98,ONE_LEG_INVENTORY,,,,,,,,,,,,,,0,5,,,,,,,,,,,,,,,,,,,,"RECONSTRUCT_BLOCKED: OVERPAY_LIMIT (Op:0.1300 > L:0.0020, Cost:$0.65)",,,,,,,,5.0,10.0,,,,,0,0,,,Inv: 5.0/10.0 CapLeft: 35.0,,,5.0,10.0,15.0,35.0,50.0,0.0,50.0,0.96,0.040000000000000036,-5.0,0.45999999999999996,0.67,0.1299999999999999,5.0,0.6499999999999995,0.002,OVERPAY_LIMIT
1765987379.3558843,eth-updown-15m-1765987200,1765987200.0,1765988100.0,,720.6441156864166,,,,,0,0,0.98,0.98,ONE_LEG_INVENTORY,,,,,,,,,,,,,,0,5,,,,,,,,,,,,,,,,,,,,"RECONSTRUCT_BLOCKED: OVERPAY_LIMIT (Op:0.1300 > L:0.0020, Cost:$0.65)",,,,,,,,5.0,10.0,,,,,0,0,,,Inv: 5.0/10.0 CapLeft: 35.0,,,5.0,10.0,15.0,35.0,50.0,0.0,50.0,0.96,0.040000000000000036,-5.0,0.45999999999999996,0.67,0.1299999999999999,5.0,0.6499999999999995,0.002,OVERPAY_LIMIT
1765987380.2933185,eth-updown-15m-1765987200,1765987200.0,1765988100.0,,719.7066814899445,,,,,0,0,0.9,0.98,ORDERS_OPEN,,,,,,,,,,,,,,0,5,,,,,,,,,,,,,,,,,,,,,,,,,,,,0.0,0.0,,,,,0,0,,,Inv: 0.0/0.0 CapLeft: 50.0,,,0.0,0.0,0.0,50.0,50.0,0.0,50.0,0.9,0.09999999999999998,0.0,0.0,0.0,0.0,0.0,0.0,0.0,
1765987381.3185284,eth-updown-15m-1765987200,1765987200.0,1765988100.0,,718.6814715862274,,,,,0,0,0.98,0.98,ONE_LEG_INVENTORY,,,,,,,,,,,,,,0,5,,,,,,,,,,,,,,,,,,,,"RECONSTRUCT_BLOCKED: OVERPAY_LIMIT (Op:0.1400 > L:0.0020, Cost:$0.70)",,,,,,,,5.0,10.0,,,,,0,0,,,Inv: 5.0/10.0 CapLeft: 35.0,,,5.0,10.0,15.0,35.0,50.0,0.0,50.0,0.96,0.040000000000000036,-5.0,0.45999999999999996,0.68,0.14000000000000012,5.0,0.7000000000000006,0.002,OVERPAY_LIMIT
1765987381.3185284,eth-updown-15m-1765987200,1765987200.0,1765988100.0,,718.6814715862274,,,,,0,0,0.98,0.98,ONE_LEG_INVENTORY,,,,,,,,,,,,,,0,5,,,,,,,,,,,,,,,,,,,,"RECONSTRUCT_BLOCKED: OVERPAY_LIMIT (Op:0.1400 > L:0.0020, Cost:$0.70)",,,,,,,,5.0,10.0,,,,,0,0,,,Inv: 5.0/10.0 CapLeft: 35.0,,,5.0,10.0,15.0,35.0,50.0,0.0,50.0,0.96,0.040000000000000036,-5.0,0.45999999999999996,0.68,0.14000000000000012,5.0,0.7000000000000006,0.002,OVERPAY_LIMIT
1765987381.7953067,eth-updown-15m-1765987200,1765987200.0,1765988100.0,,718.2046933174133,,,,,0,0,0.9,0.98,ORDERS_OPEN,,,,,,,,,,,,,,0,5,,,,,,,,,,,,,,,,,,,,,,,,,,,,0.0,0.0,,,,,0,0,,,Inv: 0.0/0.0 CapLeft: 50.0,,,0.0,0.0,0.0,50.0,50.0,0.0,50.0,0.9,0.09999999999999998,0.0,0.0,0.0,0.0,0.0,0.0,0.0,
1765987383.2937763,eth-updown-15m-1765987200,1765987200.0,1765988100.0,,716.7062237262726,,,,,0,0,1.0,0.98,ONE_LEG_INVENTORY,,,,,,,,,,,,,,0,5,,,,,,,,,,,,,,,,,,,,"RECONSTRUCT_BLOCKED: OVERPAY_LIMIT (Op:0.1300 > L:0.0020, Cost:$0.65)",,,,,,,,5.0,10.0,,,,,0,0,,,Inv: 5.0/10.0 CapLeft: 35.0,,,5.0,10.0,15.0,35.0,50.0,0.0,50.0,0.96,0.040000000000000036,-5.0,0.45999999999999996,0.67,0.1299999999999999,5.0,0.6499999999999995,0.002,OVERPAY_LIMIT
1765987383.2937763,eth-updown-15m-1765987200,1765987200.0,1765988100.0,,716.7062237262726,,,,,0,0,1.0,0.98,ONE_LEG_INVENTORY,,,,,,,,,,,,,,0,5,,,,,,,,,,,,,,,,,,,,"RECONSTRUCT_BLOCKED: OVERPAY_LIMIT (Op:0.1300 > L:0.0020, Cost:$0.65)",,,,,,,,5.0,10.0,,,,,0,0,,,Inv: 5.0/10.0 CapLeft: 35.0,,,5.0,10.0,15.0,35.0,50.0,0.0,50.0,0.96,0.040000000000000036,-5.0,0.45999999999999996,0.67,0.1299999999999999,5.0,0.6499999999999995,0.002,OVERPAY_LIMIT
1765987384.8014827,eth-updown-15m-1765987200,1765987200.0,1765988100.0,,715.1985173225403,,,,,0.45,0.45,0.9,0.98,ORDERS_OPEN,,,,,,,,,,,,,,5,5,,,,,,,,,,,,,,,,,,,,Leg:BOTH UP:5 DOWN:5,,,,,,,,0.0,0.0,,,,,0,0,,,Inv: 0.0/0.0 CapLeft: 50.0,,,0.0,0.0,0.0,50.0,50.0,0.0,50.0,0.9,0.09999999999999998,0.0,0.0,0.0,0.0,0.0,0.0,0.0,
1765987385.2623525,eth-updown-15m-1765987200,1765987200.0,1765988100.0,,714.7376475334167,,,,,0,0,0.99,0.98,ONE_LEG_INVENTORY,,,,,,,,,,,,,,0,5,,,,,,,,,,,,,,,,,,,,"RECONSTRUCT_BLOCKED: OVERPAY_LIMIT (Op:0.1200 > L:0.0020, Cost:$0.60)",,,,,,,,5.0,10.0,,,,,0,0,,,Inv: 5.0/10.0 CapLeft: 35.0,,,5.0,10.0,15.0,35.0,50.0,0.0,50.0,0.96,0.040000000000000036,-5.0,0.45999999999999996,0.66,0.1200000000000001,5.0,0.6000000000000005,0.002,OVERPAY_LIMIT
1765987385.2623525,eth-updown-15m-1765987200,1765987200.0,1765988100.0,,714.7376475334167,,,,,0,0,0.99,0.98,ONE_LEG_INVENTORY,,,,,,,,,,,,,,0,5,,,,,,,,,,,,,,,,,,,,"RECONSTRUCT_BLOCKED: OVERPAY_LIMIT (Op:0.1200 > L:0.0020, Cost:$0.60)",,,,,,,,5.0,10.0,,,,,0,0,,,Inv: 5.0/10.0 CapLeft: 35.0,,,5.0,10.0,15.0,35.0,50.0,0.0,50.0,0.96,0.040000000000000036,-5.0,0.45999999999999996,0.66,0.1200000000000001,5.0,0.6000000000000005,0.002,OVERPAY_LIMIT
1765987386.3039403,eth-updown-15m-1765987200,1765987200.0,1765988100.0,,713.6960597038269,,,,,0,0,0.9,0.98,ORDERS_OPEN,,,,,,,,,,,,,,0,5,,,,,,,,,,,,,,,,,,,,,,,,,,,,0.0,0.0,,,,,0,0,,,Inv: 0.0/0.0 CapLeft: 50.0,,,0.0,0.0,0.0,50.0,50.0,0.0,50.0,0.9,0.09999999999999998,0.0,0.0,0.0,0.0,0.0,0.0,0.0,
1765987387.2147753,eth-updown-15m-1765987200,1765987200.0,1765988100.0,,712.7852246761322,,,,,0,0,0.97,0.98,ONE_LEG_INVENTORY,,,,,,,,,,,,,,0,5,,,,,,,,,,,,,,,,,,,,"RECONSTRUCT_BLOCKED: OVERPAY_LIMIT (Op:0.1400 > L:0.0020, Cost:$0.70)",,,,,,,,5.0,10.0,,,,,0,0,,,Inv: 5.0/10.0 CapLeft: 35.0,,,5.0,10.0,15.0,35.0,50.0,0.0,50.0,0.96,0.040000000000000036,-5.0,0.45999999999999996,0.68,0.14000000000000012,5.0,0.7000000000000006,0.002,OVERPAY_LIMIT
1765987387.2147753,eth-updown-15m-1765987200,1765987200.0,1765988100.0,,712.7852246761322,,,,,0,0,0.97,0.98,ONE_LEG_INVENTORY,,,,,,,,,,,,,,0,5,,,,,,,,,,,,,,,,,,,,"RECONSTRUCT_BLOCKED: OVERPAY_LIMIT (Op:0.1400 > L:0.0020, Cost:$0.70)",,,,,,,,5.0,10.0,,,,,0,0,,,Inv: 5.0/10.0 CapLeft: 35.0,,,5.0,10.0,15.0,35.0,50.0,0.0,50.0,0.96,0.040000000000000036,-5.0,0.45999999999999996,0.68,0.14000000000000012,5.0,0.7000000000000006,0.002,OVERPAY_LIMIT
1765987387.8062565,eth-updown-15m-1765987200,1765987200.0,1765988100.0,,712.1937434673309,,,,,0,0,0.9,0.98,ORDERS_OPEN,,,,,,,,,,,,,,0,5,,,,,,,,,,,,,,,,,,,,,,,,,,,,0.0,0.0,,,,,0,0,,,Inv: 0.0/0.0 CapLeft: 50.0,,,0.0,0.0,0.0,50.0,50.0,0.0,50.0,0.9,0.09999999999999998,0.0,0.0,0.0,0.0,0.0,0.0,0.0,
1765987389.3087733,eth-updown-15m-1765987200,1765987200.0,1765988100.0,,710.6912267208099,,,,,0,0,0.9,0.98,ORDERS_OPEN,,,,,,,,,,,,,,0,5,,,,,,,,,,,,,,,,,,,,,,,,,,,,0.0,0.0,,,,,0,0,,,Inv: 0.0/0.0 CapLeft: 50.0,,,0.0,0.0,0.0,50.0,50.0,0.0,50.0,0.9,0.09999999999999998,0.0,0.0,0.0,0.0,0.0,0.0,0.0,
1765987389.299416,eth-updown-15m-1765987200,1765987200.0,1765988100.0,,710.7005839347839,,,,,0,0,0.98,0.98,ONE_LEG_INVENTORY,,,,,,,,,,,,,,0,5,,,,,,,,,,,,,,,,,,,,"RECONSTRUCT_BLOCKED: OVERPAY_LIMIT (Op:0.1600 > L:0.0020, Cost:$0.80)",,,,,,,,5.0,10.0,,,,,0,0,,,Inv: 5.0/10.0 CapLeft: 35.0,,,5.0,10.0,15.0,35.0,50.0,0.0,50.0,0.96,0.040000000000000036,-5.0,0.45999999999999996,0.7,0.15999999999999992,5.0,0.7999999999999996,0.002,OVERPAY_LIMIT
1765987389.299416,eth-updown-15m-1765987200,1765987200.0,1765988100.0,,710.7005839347839,,,,,0,0,0.98,0.98,ONE_LEG_INVENTORY,,,,,,,,,,,,,,0,5,,,,,,,,,,,,,,,,,,,,"RECONSTRUCT_BLOCKED: OVERPAY_LIMIT (Op:0.1600 > L:0.0020, Cost:$0.80)",,,,,,,,5.0,10.0,,,,,0,0,,,Inv: 5.0/10.0 CapLeft: 35.0,,,5.0,10.0,15.0,35.0,50.0,0.0,50.0,0.96,0.040000000000000036,-5.0,0.45999999999999996,0.7,0.15999999999999992,5.0,0.7999999999999996,0.002,OVERPAY_LIMIT
1765987390.8109736,eth-updown-15m-1765987200,1765987200.0,1765988100.0,,709.1890263557434,,,,,0,0,0.9,0.98,ORDERS_OPEN,,,,,,,,,,,,,,0,5,,,,,,,,,,,,,,,,,,,,,,,,,,,,0.0,0.0,,,,,0,0,,,Inv: 0.0/0.0 CapLeft: 50.0,,,0.0,0.0,0.0,50.0,50.0,0.0,50.0,0.9,0.09999999999999998,0.0,0.0,0.0,0.0,0.0,0.0,0.0,
1765987391.258222,eth-updown-15m-1765987200,1765987200.0,1765988100.0,,708.7417778968811,,,,,0,0,0.98,0.98,ONE_LEG_INVENTORY,,,,,,,,,,,,,,0,5,,,,,,,,,,,,,,,,,,,,"RECONSTRUCT_BLOCKED: OVERPAY_LIMIT (Op:0.1600 > L:0.0020, Cost:$0.80)",,,,,,,,5.0,10.0,,,,,0,0,,,Inv: 5.0/10.0 CapLeft: 35.0,,,5.0,10.0,15.0,35.0,50.0,0.0,50.0,0.96,0.040000000000000036,-5.0,0.45999999999999996,0.7,0.15999999999999992,5.0,0.7999999999999996,0.002,OVERPAY_LIMIT
1765987391.258222,eth-updown-15m-1765987200,1765987200.0,1765988100.0,,708.7417778968811,,,,,0,0,0.98,0.98,ONE_LEG_INVENTORY,,,,,,,,,,,,,,0,5,,,,,,,,,,,,,,,,,,,,"RECONSTRUCT_BLOCKED: OVERPAY_LIMIT (Op:0.1600 > L:0.0020, Cost:$0.80)",,,,,,,,5.0,10.0,,,,,0,0,,,Inv: 5.0/10.0 CapLeft: 35.0,,,5.0,10.0,15.0,35.0,50.0,0.0,50.0,0.96,0.040000000000000036,-5.0,0.45999999999999996,0.7,0.15999999999999992,5.0,0.7999999999999996,0.002,OVERPAY_LIMIT
1765987392.3125873,eth-updown-15m-1765987200,1765987200.0,1765988100.0,,707.6874127388,,,,,0,0,0.9,0.98,ORDERS_OPEN,,,,,,,,,,,,,,0,5,,,,,,,,,,,,,,,,,,,,,,,,,,,,0.0,0.0,,,,,0,0,,,Inv: 0.0/0.0 CapLeft: 50.0,,,0.0,0.0,0.0,50.0,50.0,0.0,50.0,0.9,0.09999999999999998,0.0,0.0,0.0,0.0,0.0,0.0,0.0,
1765987393.204607,eth-updown-15m-1765987200,1765987200.0,1765988100.0,,706.7953929901123,,,,,0,0,0.98,0.98,ONE_LEG_INVENTORY,,,,,,,,,,,,,,0,5,,,,,,,,,,,,,,,,,,,,"RECONSTRUCT_BLOCKED: OVERPAY_LIMIT (Op:0.1800 > L:0.0020, Cost:$0.90)",,,,,,,,5.0,10.0,,,,,0,0,,,Inv: 5.0/10.0 CapLeft: 35.0,,,5.0,10.0,15.0,35.0,50.0,0.0,50.0,0.96,0.040000000000000036,-5.0,0.45999999999999996,0.72,0.17999999999999994,5.0,0.8999999999999997,0.002,OVERPAY_LIMIT
1765987393.204607,eth-updown-15m-1765987200,1765987200.0,1765988100.0,,706.7953929901123,,,,,0,0,0.98,0.98,ONE_LEG_INVENTORY,,,,,,,,,,,,,,0,5,,,,,,,,,,,,,,,,,,,,"RECONSTRUCT_BLOCKED: OVERPAY_LIMIT (Op:0.1800 > L:0.0020, Cost:$0.90)",,,,,,,,5.0,10.0,,,,,0,0,,,Inv: 5.0/10.0 CapLeft: 35.0,,,5.0,10.0,15.0,35.0,50.0,0.0,50.0,0.96,0.040000000000000036,-5.0,0.45999999999999996,0.72,0.17999999999999994,5.0,0.8999999999999997,0.002,OVERPAY_LIMIT
1765987393.8142781,eth-updown-15m-1765987200,1765987200.0,1765988100.0,,706.1857218742371,,,,,0,0,0.9,0.98,ORDERS_OPEN,,,,,,,,,,,,,,0,5,,,,,,,,,,,,,,,,,,,,,,,,,,,,0.0,0.0,,,,,0,0,,,Inv: 0.0/0.0 CapLeft: 50.0,,,0.0,0.0,0.0,50.0,50.0,0.0,50.0,0.9,0.09999999999999998,0.0,0.0,0.0,0.0,0.0,0.0,0.0,
1765987395.316406,eth-updown-15m-1765987200,1765987200.0,1765988100.0,,704.6835939884186,,,,,0,0,0.9,0.98,ORDERS_OPEN,,,,,,,,,,,,,,0,5,,,,,,,,,,,,,,,,,,,,,,,,,,,,0.0,0.0,,,,,0,0,,,Inv: 0.0/0.0 CapLeft: 50.0,,,0.0,0.0,0.0,50.0,50.0,0.0,50.0,0.9,0.09999999999999998,0.0,0.0,0.0,0.0,0.0,0.0,0.0,
1765987395.1613588,eth-updown-15m-1765987200,1765987200.0,1765988100.0,,704.838641166687,,,,,0,0,0.98,0.98,ONE_LEG_INVENTORY,,,,,,,,,,,,,,0,5,,,,,,,,,,,,,,,,,,,,"RECONSTRUCT_BLOCKED: OVERPAY_LIMIT (Op:0.2000 > L:0.0020, Cost:$1.00)",,,,,,,,5.0,10.0,,,,,0,0,,,Inv: 5.0/10.0 CapLeft: 35.0,,,5.0,10.0,15.0,35.0,50.0,0.0,50.0,0.96,0.040000000000000036,-5.0,0.45999999999999996,0.74,0.19999999999999996,5.0,0.9999999999999998,0.002,OVERPAY_LIMIT
1765987395.1613588,eth-updown-15m-1765987200,1765987200.0,1765988100.0,,704.838641166687,,,,,0,0,0.98,0.98,ONE_LEG_INVENTORY,,,,,,,,,,,,,,0,5,,,,,,,,,,,,,,,,,,,,"RECONSTRUCT_BLOCKED: OVERPAY_LIMIT (Op:0.2000 > L:0.0020, Cost:$1.00)",,,,,,,,5.0,10.0,,,,,0,0,,,Inv: 5.0/10.0 CapLeft: 35.0,,,5.0,10.0,15.0,35.0,50.0,0.0,50.0,0.96,0.040000000000000036,-5.0,0.45999999999999996,0.74,0.19999999999999996,5.0,0.9999999999999998,0.002,OVERPAY_LIMIT
1765987396.8185325,eth-updown-15m-1765987200,1765987200.0,1765988100.0,,703.1814675331116,,,,,0,0,0.9,0.98,ORDERS_OPEN,,,,,,,,,,,,,,0,5,,,,,,,,,,,,,,,,,,,,,,,,,,,,0.0,0.0,,,,,0,0,,,Inv: 0.0/0.0 CapLeft: 50.0,,,0.0,0.0,0.0,50.0,50.0,0.0,50.0,0.9,0.09999999999999998,0.0,0.0,0.0,0.0,0.0,0.0,0.0,
1765987397.1513693,eth-updown-15m-1765987200,1765987200.0,1765988100.0,,702.8486306667328,,,,,0,0,0.97,0.98,ONE_LEG_INVENTORY,,,,,,,,,,,,,,0,5,,,,,,,,,,,,,,,,,,,,"RECONSTRUCT_BLOCKED: OVERPAY_LIMIT (Op:0.2000 > L:0.0020, Cost:$1.00)",,,,,,,,5.0,10.0,,,,,0,0,,,Inv: 5.0/10.0 CapLeft: 35.0,,,5.0,10.0,15.0,35.0,50.0,0.0,50.0,0.96,0.040000000000000036,-5.0,0.45999999999999996,0.74,0.19999999999999996,5.0,0.9999999999999998,0.002,OVERPAY_LIMIT
1765987397.1513693,eth-updown-15m-1765987200,1765987200.0,1765988100.0,,702.8486306667328,,,,,0,0,0.97,0.98,ONE_LEG_INVENTORY,,,,,,,,,,,,,,0,5,,,,,,,,,,,,,,,,,,,,"RECONSTRUCT_BLOCKED: OVERPAY_LIMIT (Op:0.2000 > L:0.0020, Cost:$1.00)",,,,,,,,5.0,10.0,,,,,0,0,,,Inv: 5.0/10.0 CapLeft: 35.0,,,5.0,10.0,15.0,35.0,50.0,0.0,50.0,0.96,0.040000000000000036,-5.0,0.45999999999999996,0.74,0.19999999999999996,5.0,0.9999999999999998,0.002,OVERPAY_LIMIT
1765987398.3203995,eth-updown-15m-1765987200,1765987200.0,1765988100.0,,701.6796004772186,,,,,0,0,0.9,0.98,ORDERS_OPEN,,,,,,,,,,,,,,0,5,,,,,,,,,,,,,,,,,,,,,,,,,,,,0.0,0.0,,,,,0,0,,,Inv: 0.0/0.0 CapLeft: 50.0,,,0.0,0.0,0.0,50.0,50.0,0.0,50.0,0.9,0.09999999999999998,0.0,0.0,0.0,0.0,0.0,0.0,0.0,
1765987399.105523,eth-updown-15m-1765987200,1765987200.0,1765988100.0,,700.894476890564,,,,,0,0,0.99,0.98,ONE_LEG_INVENTORY,,,,,,,,,,,,,,0,5,,,,,,,,,,,,,,,,,,,,"RECONSTRUCT_BLOCKED: OVERPAY_LIMIT (Op:0.2200 > L:0.0020, Cost:$1.10)",,,,,,,,5.0,10.0,,,,,0,0,,,Inv: 5.0/10.0 CapLeft: 35.0,,,5.0,10.0,15.0,35.0,50.0,0.0,50.0,0.96,0.040000000000000036,-5.0,0.45999999999999996,0.76,0.21999999999999997,5.0,1.0999999999999999,0.002,OVERPAY_LIMIT
1765987399.105523,eth-updown-15m-1765987200,1765987200.0,1765988100.0,,700.894476890564,,,,,0,0,0.99,0.98,ONE_LEG_INVENTORY,,,,,,,,,,,,,,0,5,,,,,,,,,,,,,,,,,,,,"RECONSTRUCT_BLOCKED: OVERPAY_LIMIT (Op:0.2200 > L:0.0020, Cost:$1.10)",,,,,,,,5.0,10.0,,,,,0,0,,,Inv: 5.0/10.0 CapLeft: 35.0,,,5.0,10.0,15.0,35.0,50.0,0.0,50.0,0.96,0.040000000000000036,-5.0,0.45999999999999996,0.76,0.21999999999999997,5.0,1.0999999999999999,0.002,OVERPAY_LIMIT
1765987401.3242383,eth-updown-15m-1765987200,1765987200.0,1765988100.0,,698.6757616996765,,,,,0.45,0.45,0.9,0.98,ORDERS_OPEN,,,,,,,,,,,,,,5,5,,,,,,,,,,,,,,,,,,,,Leg:BOTH UP:5 DOWN:5,,,,,,,,0.0,0.0,,,,,0,0,,,Inv: 0.0/0.0 CapLeft: 50.0,,,0.0,0.0,0.0,50.0,50.0,0.0,50.0,0.9,0.09999999999999998,0.0,0.0,0.0,0.0,0.0,0.0,0.0,
1765987401.0419667,eth-updown-15m-1765987200,1765987200.0,1765988100.0,,698.958033323288,,,,,0,0,0.97,0.98,ONE_LEG_INVENTORY,,,,,,,,,,,,,,0,5,,,,,,,,,,,,,,,,,,,,"RECONSTRUCT_BLOCKED: OVERPAY_LIMIT (Op:0.2300 > L:0.0020, Cost:$1.15)",,,,,,,,5.0,10.0,,,,,0,0,,,Inv: 5.0/10.0 CapLeft: 35.0,,,5.0,10.0,15.0,35.0,50.0,0.0,50.0,0.96,0.040000000000000036,-5.0,0.45999999999999996,0.77,0.22999999999999998,5.0,1.15,0.002,OVERPAY_LIMIT
1765987401.0419667,eth-updown-15m-1765987200,1765987200.0,1765988100.0,,698.958033323288,,,,,0,0,0.97,0.98,ONE_LEG_INVENTORY,,,,,,,,,,,,,,0,5,,,,,,,,,,,,,,,,,,,,"RECONSTRUCT_BLOCKED: OVERPAY_LIMIT (Op:0.2300 > L:0.0020, Cost:$1.15)",,,,,,,,5.0,10.0,,,,,0,0,,,Inv: 5.0/10.0 CapLeft: 35.0,,,5.0,10.0,15.0,35.0,50.0,0.0,50.0,0.96,0.040000000000000036,-5.0,0.45999999999999996,0.77,0.22999999999999998,5.0,1.15,0.002,OVERPAY_LIMIT
1765987402.826307,eth-updown-15m-1765987200,1765987200.0,1765988100.0,,697.1736929416656,,,,,0,0,0.9,0.98,ORDERS_OPEN,,,,,,,,,,,,,,0,5,,,,,,,,,,,,,,,,,,,,,,,,,,,,0.0,0.0,,,,,0,0,,,Inv: 0.0/0.0 CapLeft: 50.0,,,0.0,0.0,0.0,50.0,50.0,0.0,50.0,0.9,0.09999999999999998,0.0,0.0,0.0,0.0,0.0,0.0,0.0,
1765987403.0015092,eth-updown-15m-1765987200,1765987200.0,1765988100.0,,696.9984908103943,,,,,0,0,0.99,0.98,ONE_LEG_INVENTORY,,,,,,,,,,,,,,0,5,,,,,,,,,,,,,,,,,,,,"RECONSTRUCT_BLOCKED: OVERPAY_LIMIT (Op:0.2400 > L:0.0020, Cost:$1.20)",,,,,,,,5.0,10.0,,,,,0,0,,,Inv: 5.0/10.0 CapLeft: 35.0,,,5.0,10.0,15.0,35.0,50.0,0.0,50.0,0.96,0.040000000000000036,-5.0,0.45999999999999996,0.78,0.24,5.0,1.2,0.002,OVERPAY_LIMIT
1765987403.0015092,eth-updown-15m-1765987200,1765987200.0,1765988100.0,,696.9984908103943,,,,,0,0,0.99,0.98,ONE_LEG_INVENTORY,,,,,,,,,,,,,,0,5,,,,,,,,,,,,,,,,,,,,"RECONSTRUCT_BLOCKED: OVERPAY_LIMIT (Op:0.2400 > L:0.0020, Cost:$1.20)",,,,,,,,5.0,10.0,,,,,0,0,,,Inv: 5.0/10.0 CapLeft: 35.0,,,5.0,10.0,15.0,35.0,50.0,0.0,50.0,0.96,0.040000000000000036,-5.0,0.45999999999999996,0.78,0.24,5.0,1.2,0.002,OVERPAY_LIMIT
1765987404.3301406,eth-updown-15m-1765987200,1765987200.0,1765988100.0,,695.6698594093323,,,,,0,0,0.9,0.98,ORDERS_OPEN,,,,,,,,,,,,,,0,5,,,,,,,,,,,,,,,,,,,,,,,,,,,,0.0,0.0,,,,,0,0,,,Inv: 0.0/0.0 CapLeft: 50.0,,,0.0,0.0,0.0,50.0,50.0,0.0,50.0,0.9,0.09999999999999998,0.0,0.0,0.0,0.0,0.0,0.0,0.0,
1765987404.9994552,eth-updown-15m-1765987200,1765987200.0,1765988100.0,,695.0005447864532,,,,,0,0,0.98,0.98,ONE_LEG_INVENTORY,,,,,,,,,,,,,,0,5,,,,,,,,,,,,,,,,,,,,"RECONSTRUCT_BLOCKED: OVERPAY_LIMIT (Op:0.2300 > L:0.0020, Cost:$1.15)",,,,,,,,5.0,10.0,,,,,0,0,,,Inv: 5.0/10.0 CapLeft: 35.0,,,5.0,10.0,15.0,35.0,50.0,0.0,50.0,0.96,0.040000000000000036,-5.0,0.45999999999999996,0.77,0.22999999999999998,5.0,1.15,0.002,OVERPAY_LIMIT
1765987404.9994552,eth-updown-15m-1765987200,1765987200.0,1765988100.0,,695.0005447864532,,,,,0,0,0.98,0.98,ONE_LEG_INVENTORY,,,,,,,,,,,,,,0,5,,,,,,,,,,,,,,,,,,,,"RECONSTRUCT_BLOCKED: OVERPAY_LIMIT (Op:0.2300 > L:0.0020, Cost:$1.15)",,,,,,,,5.0,10.0,,,,,0,0,,,Inv: 5.0/10.0 CapLeft: 35.0,,,5.0,10.0,15.0,35.0,50.0,0.0,50.0,0.96,0.040000000000000036,-5.0,0.45999999999999996,0.77,0.22999999999999998,5.0,1.15,0.002,OVERPAY_LIMIT
1765987405.8331678,eth-updown-15m-1765987200,1765987200.0,1765988100.0,,694.1668322086334,,,,,0,0,0.9,0.98,ORDERS_OPEN,,,,,,,,,,,,,,0,5,,,,,,,,,,,,,,,,,,,,,,,,,,,,0.0,0.0,,,,,0,0,,,Inv: 0.0/0.0 CapLeft: 50.0,,,0.0,0.0,0.0,50.0,50.0,0.0,50.0,0.9,0.09999999999999998,0.0,0.0,0.0,0.0,0.0,0.0,0.0,
1765987407.3356156,eth-updown-15m-1765987200,1765987200.0,1765988100.0,,692.6643843650818,,,,,0,0,0.9,0.98,ORDERS_OPEN,,,,,,,,,,,,,,0,5,,,,,,,,,,,,,,,,,,,,,,,,,,,,0.0,0.0,,,,,0,0,,,Inv: 0.0/0.0 CapLeft: 50.0,,,0.0,0.0,0.0,50.0,50.0,0.0,50.0,0.9,0.09999999999999998,0.0,0.0,0.0,0.0,0.0,0.0,0.0,
1765987407.124279,eth-updown-15m-1765987200,1765987200.0,1765988100.0,,692.8757209777832,,,,,0,0,0.99,0.98,ONE_LEG_INVENTORY,,,,,,,,,,,,,,0,5,,,,,,,,,,,,,,,,,,,,"RECONSTRUCT_BLOCKED: OVERPAY_LIMIT (Op:0.2200 > L:0.0020, Cost:$1.10)",,,,,,,,5.0,10.0,,,,,0,0,,,Inv: 5.0/10.0 CapLeft: 35.0,,,5.0,10.0,15.0,35.0,50.0,0.0,50.0,0.96,0.040000000000000036,-5.0,0.45999999999999996,0.76,0.21999999999999997,5.0,1.0999999999999999,0.002,OVERPAY_LIMIT
1765987407.124279,eth-updown-15m-1765987200,1765987200.0,1765988100.0,,692.8757209777832,,,,,0,0,0.99,0.98,ONE_LEG_INVENTORY,,,,,,,,,,,,,,0,5,,,,,,,,,,,,,,,,,,,,"RECONSTRUCT_BLOCKED: OVERPAY_LIMIT (Op:0.2200 > L:0.0020, Cost:$1.10)",,,,,,,,5.0,10.0,,,,,0,0,,,Inv: 5.0/10.0 CapLeft: 35.0,,,5.0,10.0,15.0,35.0,50.0,0.0,50.0,0.96,0.040000000000000036,-5.0,0.45999999999999996,0.76,0.21999999999999997,5.0,1.0999999999999999,0.002,OVERPAY_LIMIT
1765987408.8375309,eth-updown-15m-1765987200,1765987200.0,1765988100.0,,691.1624691486359,,,,,0,0,0.9,0.98,ORDERS_OPEN,,,,,,,,,,,,,,0,5,,,,,,,,,,,,,,,,,,,,,,,,,,,,0.0,0.0,,,,,0,0,,,Inv: 0.0/0.0 CapLeft: 50.0,,,0.0,0.0,0.0,50.0,50.0,0.0,50.0,0.9,0.09999999999999998,0.0,0.0,0.0,0.0,0.0,0.0,0.0,
1765987409.0648072,eth-updown-15m-1765987200,1765987200.0,1765988100.0,,690.93519282341,,,,,0,0,0.97,0.98,ONE_LEG_INVENTORY,,,,,,,,,,,,,,0,5,,,,,,,,,,,,,,,,,,,,"RECONSTRUCT_BLOCKED: OVERPAY_LIMIT (Op:0.2000 > L:0.0020, Cost:$1.00)",,,,,,,,5.0,10.0,,,,,0,0,,,Inv: 5.0/10.0 CapLeft: 35.0,,,5.0,10.0,15.0,35.0,50.0,0.0,50.0,0.96,0.040000000000000036,-5.0,0.45999999999999996,0.74,0.19999999999999996,5.0,0.9999999999999998,0.002,OVERPAY_LIMIT
1765987409.0648072,eth-updown-15m-1765987200,1765987200.0,1765988100.0,,690.93519282341,,,,,0,0,0.97,0.98,ONE_LEG_INVENTORY,,,,,,,,,,,,,,0,5,,,,,,,,,,,,,,,,,,,,"RECONSTRUCT_BLOCKED: OVERPAY_LIMIT (Op:0.2000 > L:0.0020, Cost:$1.00)",,,,,,,,5.0,10.0,,,,,0,0,,,Inv: 5.0/10.0 CapLeft: 35.0,,,5.0,10.0,15.0,35.0,50.0,0.0,50.0,0.96,0.040000000000000036,-5.0,0.45999999999999996,0.74,0.19999999999999996,5.0,0.9999999999999998,0.002,OVERPAY_LIMIT
1765987410.3396878,eth-updown-15m-1765987200,1765987200.0,1765988100.0,,689.6603121757507,,,,,0,0,0.9,0.98,ORDERS_OPEN,,,,,,,,,,,,,,0,5,,,,,,,,,,,,,,,,,,,,,,,,,,,,0.0,0.0,,,,,0,0,,,Inv: 0.0/0.0 CapLeft: 50.0,,,0.0,0.0,0.0,50.0,50.0,0.0,50.0,0.9,0.09999999999999998,0.0,0.0,0.0,0.0,0.0,0.0,0.0,
1765987411.0066946,eth-updown-15m-1765987200,1765987200.0,1765988100.0,,688.9933054447174,,,,,0,0,0.99,0.98,ONE_LEG_INVENTORY,,,,,,,,,,,,,,0,5,,,,,,,,,,,,,,,,,,,,"RECONSTRUCT_BLOCKED: OVERPAY_LIMIT (Op:0.2200 > L:0.0020, Cost:$1.10)",,,,,,,,5.0,10.0,,,,,0,0,,,Inv: 5.0/10.0 CapLeft: 35.0,,,5.0,10.0,15.0,35.0,50.0,0.0,50.0,0.96,0.040000000000000036,-5.0,0.45999999999999996,0.76,0.21999999999999997,5.0,1.0999999999999999,0.002,OVERPAY_LIMIT
1765987411.0066946,eth-updown-15m-1765987200,1765987200.0,1765988100.0,,688.9933054447174,,,,,0,0,0.99,0.98,ONE_LEG_INVENTORY,,,,,,,,,,,,,,0,5,,,,,,,,,,,,,,,,,,,,"RECONSTRUCT_BLOCKED: OVERPAY_LIMIT (Op:0.2200 > L:0.0020, Cost:$1.10)",,,,,,,,5.0,10.0,,,,,0,0,,,Inv: 5.0/10.0 CapLeft: 35.0,,,5.0,10.0,15.0,35.0,50.0,0.0,50.0,0.96,0.040000000000000036,-5.0,0.45999999999999996,0.76,0.21999999999999997,5.0,1.0999999999999999,0.002,OVERPAY_LIMIT
1765987411.8417826,eth-updown-15m-1765987200,1765987200.0,1765988100.0,,688.1582174301147,,,,,0,0,0.9,0.98,ORDERS_OPEN,,,,,,,,,,,,,,0,5,,,,,,,,,,,,,,,,,,,,,,,,,,,,0.0,0.0,,,,,0,0,,,Inv: 0.0/0.0 CapLeft: 50.0,,,0.0,0.0,0.0,50.0,50.0,0.0,50.0,0.9,0.09999999999999998,0.0,0.0,0.0,0.0,0.0,0.0,0.0,
1765987413.3435123,eth-updown-15m-1765987200,1765987200.0,1765988100.0,,686.6564877033234,,,,,0,0,0.9,0.98,ORDERS_OPEN,,,,,,,,,,,,,,0,5,,,,,,,,,,,,,,,,,,,,,,,,,,,,0.0,0.0,,,,,0,0,,,Inv: 0.0/0.0 CapLeft: 50.0,,,0.0,0.0,0.0,50.0,50.0,0.0,50.0,0.9,0.09999999999999998,0.0,0.0,0.0,0.0,0.0,0.0,0.0,
1765987412.973755,eth-updown-15m-1765987200,1765987200.0,1765988100.0,,687.0262451171875,,,,,0,0,0.99,0.98,ONE_LEG_INVENTORY,,,,,,,,,,,,,,0,5,,,,,,,,,,,,,,,,,,,,"RECONSTRUCT_BLOCKED: OVERPAY_LIMIT (Op:0.2500 > L:0.0020, Cost:$1.25)",,,,,,,,5.0,10.0,,,,,0,0,,,Inv: 5.0/10.0 CapLeft: 35.0,,,5.0,10.0,15.0,35.0,50.0,0.0,50.0,0.96,0.040000000000000036,-5.0,0.45999999999999996,0.79,0.25,5.0,1.25,0.002,OVERPAY_LIMIT
1765987412.973755,eth-updown-15m-1765987200,1765987200.0,1765988100.0,,687.0262451171875,,,,,0,0,0.99,0.98,ONE_LEG_INVENTORY,,,,,,,,,,,,,,0,5,,,,,,,,,,,,,,,,,,,,"RECONSTRUCT_BLOCKED: OVERPAY_LIMIT (Op:0.2500 > L:0.0020, Cost:$1.25)",,,,,,,,5.0,10.0,,,,,0,0,,,Inv: 5.0/10.0 CapLeft: 35.0,,,5.0,10.0,15.0,35.0,50.0,0.0,50.0,0.96,0.040000000000000036,-5.0,0.45999999999999996,0.79,0.25,5.0,1.25,0.002,OVERPAY_LIMIT
1765987414.8454733,eth-updown-15m-1765987200,1765987200.0,1765988100.0,,685.1545267105103,,,,,0,0,0.9,0.98,ORDERS_OPEN,,,,,,,,,,,,,,0,5,,,,,,,,,,,,,,,,,,,,,,,,,,,,0.0,0.0,,,,,0,0,,,Inv: 0.0/0.0 CapLeft: 50.0,,,0.0,0.0,0.0,50.0,50.0,0.0,50.0,0.9,0.09999999999999998,0.0,0.0,0.0,0.0,0.0,0.0,0.0,
1765987414.9277353,eth-updown-15m-1765987200,1765987200.0,1765988100.0,,685.0722646713257,,,,,0,0,0.99,0.98,ONE_LEG_INVENTORY,,,,,,,,,,,,,,0,5,,,,,,,,,,,,,,,,,,,,"RECONSTRUCT_BLOCKED: OVERPAY_LIMIT (Op:0.2600 > L:0.0020, Cost:$1.30)",,,,,,,,5.0,10.0,,,,,0,0,,,Inv: 5.0/10.0 CapLeft: 35.0,,,5.0,10.0,15.0,35.0,50.0,0.0,50.0,0.96,0.040000000000000036,-5.0,0.45999999999999996,0.8,0.26,5.0,1.3,0.002,OVERPAY_LIMIT
1765987414.9277353,eth-updown-15m-1765987200,1765987200.0,1765988100.0,,685.0722646713257,,,,,0,0,0.99,0.98,ONE_LEG_INVENTORY,,,,,,,,,,,,,,0,5,,,,,,,,,,,,,,,,,,,,"RECONSTRUCT_BLOCKED: OVERPAY_LIMIT (Op:0.2600 > L:0.0020, Cost:$1.30)",,,,,,,,5.0,10.0,,,,,0,0,,,Inv: 5.0/10.0 CapLeft: 35.0,,,5.0,10.0,15.0,35.0,50.0,0.0,50.0,0.96,0.040000000000000036,-5.0,0.45999999999999996,0.8,0.26,5.0,1.3,0.002,OVERPAY_LIMIT
1765987416.867372,eth-updown-15m-1765987200,1765987200.0,1765988100.0,,683.1326279640198,,,,,0,0,0.97,0.98,ONE_LEG_INVENTORY,,,,,,,,,,,,,,0,5,,,,,,,,,,,,,,,,,,,,"RECONSTRUCT_BLOCKED: OVERPAY_LIMIT (Op:0.2400 > L:0.0020, Cost:$1.20)",,,,,,,,5.0,10.0,,,,,0,0,,,Inv: 5.0/10.0 CapLeft: 35.0,,,5.0,10.0,15.0,35.0,50.0,0.0,50.0,0.96,0.040000000000000036,-5.0,0.45999999999999996,0.78,0.24,5.0,1.2,0.002,OVERPAY_LIMIT
1765987416.867372,eth-updown-15m-1765987200,1765987200.0,1765988100.0,,683.1326279640198,,,,,0,0,0.97,0.98,ONE_LEG_INVENTORY,,,,,,,,,,,,,,0,5,,,,,,,,,,,,,,,,,,,,"RECONSTRUCT_BLOCKED: OVERPAY_LIMIT (Op:0.2400 > L:0.0020, Cost:$1.20)",,,,,,,,5.0,10.0,,,,,0,0,,,Inv: 5.0/10.0 CapLeft: 35.0,,,5.0,10.0,15.0,35.0,50.0,0.0,50.0,0.96,0.040000000000000036,-5.0,0.45999999999999996,0.78,0.24,5.0,1.2,0.002,OVERPAY_LIMIT
1765987417.8487725,eth-updown-15m-1765987200,1765987200.0,1765988100.0,,682.1512274742126,,,,,0.45,0.45,0.9,0.98,ORDERS_OPEN,,,,,,,,,,,,,,5,5,,,,,,,,,,,,,,,,,,,,Leg:BOTH UP:5 DOWN:5,,,,,,,,0.0,0.0,,,,,0,0,,,Inv: 0.0/0.0 CapLeft: 50.0,,,0.0,0.0,0.0,50.0,50.0,0.0,50.0,0.9,0.09999999999999998,0.0,0.0,0.0,0.0,0.0,0.0,0.0,
1765987418.8315969,eth-updown-15m-1765987200,1765987200.0,1765988100.0,,681.1684031486511,,,,,0,0,0.99,0.98,ONE_LEG_INVENTORY,,,,,,,,,,,,,,0,5,,,,,,,,,,,,,,,,,,,,"RECONSTRUCT_BLOCKED: OVERPAY_LIMIT (Op:0.2600 > L:0.0020, Cost:$1.30)",,,,,,,,5.0,10.0,,,,,0,0,,,Inv: 5.0/10.0 CapLeft: 35.0,,,5.0,10.0,15.0,35.0,50.0,0.0,50.0,0.96,0.040000000000000036,-5.0,0.45999999999999996,0.8,0.26,5.0,1.3,0.002,OVERPAY_LIMIT
1765987418.8315969,eth-updown-15m-1765987200,1765987200.0,1765988100.0,,681.1684031486511,,,,,0,0,0.99,0.98,ONE_LEG_INVENTORY,,,,,,,,,,,,,,0,5,,,,,,,,,,,,,,,,,,,,"RECONSTRUCT_BLOCKED: OVERPAY_LIMIT (Op:0.2600 > L:0.0020, Cost:$1.30)",,,,,,,,5.0,10.0,,,,,0,0,,,Inv: 5.0/10.0 CapLeft: 35.0,,,5.0,10.0,15.0,35.0,50.0,0.0,50.0,0.96,0.040000000000000036,-5.0,0.45999999999999996,0.8,0.26,5.0,1.3,0.002,OVERPAY_LIMIT
1765987419.3515334,eth-updown-15m-1765987200,1765987200.0,1765988100.0,,680.6484665870667,,,,,0,0,0.9,0.98,ORDERS_OPEN,,,,,,,,,,,,,,0,5,,,,,,,,,,,,,,,,,,,,,,,,,,,,0.0,0.0,,,,,0,0,,,Inv: 0.0/0.0 CapLeft: 50.0,,,0.0,0.0,0.0,50.0,50.0,0.0,50.0,0.9,0.09999999999999998,0.0,0.0,0.0,0.0,0.0,0.0,0.0,
1765987420.8546703,eth-updown-15m-1765987200,1765987200.0,1765988100.0,,679.1453297138214,,,,,0,0,0.9,0.98,ORDERS_OPEN,,,,,,,,,,,,,,0,5,,,,,,,,,,,,,,,,,,,,,,,,,,,,0.0,0.0,,,,,0,0,,,Inv: 0.0/0.0 CapLeft: 50.0,,,0.0,0.0,0.0,50.0,50.0,0.0,50.0,0.9,0.09999999999999998,0.0,0.0,0.0,0.0,0.0,0.0,0.0,
1765987420.8414743,eth-updown-15m-1765987200,1765987200.0,1765988100.0,,679.1585257053375,,,,,0,0,0.99,0.98,ONE_LEG_INVENTORY,,,,,,,,,,,,,,0,5,,,,,,,,,,,,,,,,,,,,"RECONSTRUCT_BLOCKED: OVERPAY_LIMIT (Op:0.2600 > L:0.0020, Cost:$1.30)",,,,,,,,5.0,10.0,,,,,0,0,,,Inv: 5.0/10.0 CapLeft: 35.0,,,5.0,10.0,15.0,35.0,50.0,0.0,50.0,0.96,0.040000000000000036,-5.0,0.45999999999999996,0.8,0.26,5.0,1.3,0.002,OVERPAY_LIMIT
1765987420.8414743,eth-updown-15m-1765987200,1765987200.0,1765988100.0,,679.1585257053375,,,,,0,0,0.99,0.98,ONE_LEG_INVENTORY,,,,,,,,,,,,,,0,5,,,,,,,,,,,,,,,,,,,,"RECONSTRUCT_BLOCKED: OVERPAY_LIMIT (Op:0.2600 > L:0.0020, Cost:$1.30)",,,,,,,,5.0,10.0,,,,,0,0,,,Inv: 5.0/10.0 CapLeft: 35.0,,,5.0,10.0,15.0,35.0,50.0,0.0,50.0,0.96,0.040000000000000036,-5.0,0.45999999999999996,0.8,0.26,5.0,1.3,0.002,OVERPAY_LIMIT
1765987422.3608735,eth-updown-15m-1765987200,1765987200.0,1765988100.0,,677.6391265392303,,,,,0,0,0.9,0.98,ORDERS_OPEN,,,,,,,,,,,,,,0,5,,,,,,,,,,,,,,,,,,,,,,,,,,,,0.0,0.0,,,,,0,0,,,Inv: 0.0/0.0 CapLeft: 50.0,,,0.0,0.0,0.0,50.0,50.0,0.0,50.0,0.9,0.09999999999999998,0.0,0.0,0.0,0.0,0.0,0.0,0.0,
1765987422.861436,eth-updown-15m-1765987200,1765987200.0,1765988100.0,,677.1385641098022,,,,,0,0,0.99,0.98,ONE_LEG_INVENTORY,,,,,,,,,,,,,,0,5,,,,,,,,,,,,,,,,,,,,"RECONSTRUCT_BLOCKED: OVERPAY_LIMIT (Op:0.2700 > L:0.0020, Cost:$1.35)",,,,,,,,5.0,10.0,,,,,0,0,,,Inv: 5.0/10.0 CapLeft: 35.0,,,5.0,10.0,15.0,35.0,50.0,0.0,50.0,0.96,0.040000000000000036,-5.0,0.45999999999999996,0.81,0.27,5.0,1.35,0.002,OVERPAY_LIMIT
1765987422.861436,eth-updown-15m-1765987200,1765987200.0,1765988100.0,,677.1385641098022,,,,,0,0,0.99,0.98,ONE_LEG_INVENTORY,,,,,,,,,,,,,,0,5,,,,,,,,,,,,,,,,,,,,"RECONSTRUCT_BLOCKED: OVERPAY_LIMIT (Op:0.2700 > L:0.0020, Cost:$1.35)",,,,,,,,5.0,10.0,,,,,0,0,,,Inv: 5.0/10.0 CapLeft: 35.0,,,5.0,10.0,15.0,35.0,50.0,0.0,50.0,0.96,0.040000000000000036,-5.0,0.45999999999999996,0.81,0.27,5.0,1.35,0.002,OVERPAY_LIMIT
1765987423.8628006,eth-updown-15m-1765987200,1765987200.0,1765988100.0,,676.1371994018555,,,,,0,0,0.9,0.98,ORDERS_OPEN,,,,,,,,,,,,,,0,5,,,,,,,,,,,,,,,,,,,,,,,,,,,,0.0,0.0,,,,,0,0,,,Inv: 0.0/0.0 CapLeft: 50.0,,,0.0,0.0,0.0,50.0,50.0,0.0,50.0,0.9,0.09999999999999998,0.0,0.0,0.0,0.0,0.0,0.0,0.0,
1765987425.3643699,eth-updown-15m-1765987200,1765987200.0,1765988100.0,,674.6356301307678,,,,,0,0,0.9,0.98,ORDERS_OPEN,,,,,,,,,,,,,,0,5,,,,,,,,,,,,,,,,,,,,,,,,,,,,0.0,0.0,,,,,0,0,,,Inv: 0.0/0.0 CapLeft: 50.0,,,0.0,0.0,0.0,50.0,50.0,0.0,50.0,0.9,0.09999999999999998,0.0,0.0,0.0,0.0,0.0,0.0,0.0,
1765987424.865018,eth-updown-15m-1765987200,1765987200.0,1765988100.0,,675.1349821090698,,,,,0,0,0.99,0.98,ONE_LEG_INVENTORY,,,,,,,,,,,,,,0,5,,,,,,,,,,,,,,,,,,,,"RECONSTRUCT_BLOCKED: OVERPAY_LIMIT (Op:0.2800 > L:0.0020, Cost:$1.40)",,,,,,,,5.0,10.0,,,,,0,0,,,Inv: 5.0/10.0 CapLeft: 35.0,,,5.0,10.0,15.0,35.0,50.0,0.0,50.0,0.96,0.040000000000000036,-5.0,0.45999999999999996,0.82,0.2799999999999998,5.0,1.399999999999999,0.002,OVERPAY_LIMIT
1765987424.865018,eth-updown-15m-1765987200,1765987200.0,1765988100.0,,675.1349821090698,,,,,0,0,0.99,0.98,ONE_LEG_INVENTORY,,,,,,,,,,,,,,0,5,,,,,,,,,,,,,,,,,,,,"RECONSTRUCT_BLOCKED: OVERPAY_LIMIT (Op:0.2800 > L:0.0020, Cost:$1.40)",,,,,,,,5.0,10.0,,,,,0,0,,,Inv: 5.0/10.0 CapLeft: 35.0,,,5.0,10.0,15.0,35.0,50.0,0.0,50.0,0.96,0.040000000000000036,-5.0,0.45999999999999996,0.82,0.2799999999999998,5.0,1.399999999999999,0.002,OVERPAY_LIMIT
1765987426.8661263,eth-updown-15m-1765987200,1765987200.0,1765988100.0,,673.1338737010956,,,,,0,0,0.9,0.98,ORDERS_OPEN,,,,,,,,,,,,,,0,5,,,,,,,,,,,,,,,,,,,,,,,,,,,,0.0,0.0,,,,,0,0,,,Inv: 0.0/0.0 CapLeft: 50.0,,,0.0,0.0,0.0,50.0,50.0,0.0,50.0,0.9,0.09999999999999998,0.0,0.0,0.0,0.0,0.0,0.0,0.0,
1765987426.8702688,eth-updown-15m-1765987200,1765987200.0,1765988100.0,,673.1297311782837,,,,,0,0,1.0,0.98,ONE_LEG_INVENTORY,,,,,,,,,,,,,,0,5,,,,,,,,,,,,,,,,,,,,"RECONSTRUCT_BLOCKED: OVERPAY_LIMIT (Op:0.3000 > L:0.0020, Cost:$1.50)",,,,,,,,5.0,10.0,,,,,0,0,,,Inv: 5.0/10.0 CapLeft: 35.0,,,5.0,10.0,15.0,35.0,50.0,0.0,50.0,0.96,0.040000000000000036,-5.0,0.45999999999999996,0.84,0.2999999999999998,5.0,1.4999999999999991,0.002,OVERPAY_LIMIT
1765987426.8702688,eth-updown-15m-1765987200,1765987200.0,1765988100.0,,673.1297311782837,,,,,0,0,1.0,0.98,ONE_LEG_INVENTORY,,,,,,,,,,,,,,0,5,,,,,,,,,,,,,,,,,,,,"RECONSTRUCT_BLOCKED: OVERPAY_LIMIT (Op:0.3000 > L:0.0020, Cost:$1.50)",,,,,,,,5.0,10.0,,,,,0,0,,,Inv: 5.0/10.0 CapLeft: 35.0,,,5.0,10.0,15.0,35.0,50.0,0.0,50.0,0.96,0.040000000000000036,-5.0,0.45999999999999996,0.84,0.2999999999999998,5.0,1.4999999999999991,0.002,OVERPAY_LIMIT
1765987428.3684573,eth-updown-15m-1765987200,1765987200.0,1765988100.0,,671.6315426826477,,,,,0,0,0.9,0.98,ORDERS_OPEN,,,,,,,,,,,,,,0,5,,,,,,,,,,,,,,,,,,,,,,,,,,,,0.0,0.0,,,,,0,0,,,Inv: 0.0/0.0 CapLeft: 50.0,,,0.0,0.0,0.0,50.0,50.0,0.0,50.0,0.9,0.09999999999999998,0.0,0.0,0.0,0.0,0.0,0.0,0.0,
1765987428.8218596,eth-updown-15m-1765987200,1765987200.0,1765988100.0,,671.1781404018402,,,,,0,0,0.99,0.98,ONE_LEG_INVENTORY,,,,,,,,,,,,,,0,5,,,,,,,,,,,,,,,,,,,,"RECONSTRUCT_BLOCKED: OVERPAY_LIMIT (Op:0.3000 > L:0.0020, Cost:$1.50)",,,,,,,,5.0,10.0,,,,,0,0,,,Inv: 5.0/10.0 CapLeft: 35.0,,,5.0,10.0,15.0,35.0,50.0,0.0,50.0,0.96,0.040000000000000036,-5.0,0.45999999999999996,0.84,0.2999999999999998,5.0,1.4999999999999991,0.002,OVERPAY_LIMIT
1765987428.8218596,eth-updown-15m-1765987200,1765987200.0,1765988100.0,,671.1781404018402,,,,,0,0,0.99,0.98,ONE_LEG_INVENTORY,,,,,,,,,,,,,,0,5,,,,,,,,,,,,,,,,,,,,"RECONSTRUCT_BLOCKED: OVERPAY_LIMIT (Op:0.3000 > L:0.0020, Cost:$1.50)",,,,,,,,5.0,10.0,,,,,0,0,,,Inv: 5.0/10.0 CapLeft: 35.0,,,5.0,10.0,15.0,35.0,50.0,0.0,50.0,0.96,0.040000000000000036,-5.0,0.45999999999999996,0.84,0.2999999999999998,5.0,1.4999999999999991,0.002,OVERPAY_LIMIT
1765987429.8706725,eth-updown-15m-1765987200,1765987200.0,1765988100.0,,670.1293275356293,,,,,0,0,0.9,0.98,ORDERS_OPEN,,,,,,,,,,,,,,0,5,,,,,,,,,,,,,,,,,,,,,,,,,,,,0.0,0.0,,,,,0,0,,,Inv: 0.0/0.0 CapLeft: 50.0,,,0.0,0.0,0.0,50.0,50.0,0.0,50.0,0.9,0.09999999999999998,0.0,0.0,0.0,0.0,0.0,0.0,0.0,
1765987430.9030352,eth-updown-15m-1765987200,1765987200.0,1765988100.0,,669.0969648361206,,,,,0,0,0.99,0.98,ONE_LEG_INVENTORY,,,,,,,,,,,,,,0,5,,,,,,,,,,,,,,,,,,,,"RECONSTRUCT_BLOCKED: OVERPAY_LIMIT (Op:0.3000 > L:0.0020, Cost:$1.50)",,,,,,,,5.0,10.0,,,,,0,0,,,Inv: 5.0/10.0 CapLeft: 35.0,,,5.0,10.0,15.0,35.0,50.0,0.0,50.0,0.96,0.040000000000000036,-5.0,0.45999999999999996,0.84,0.2999999999999998,5.0,1.4999999999999991,0.002,OVERPAY_LIMIT
1765987430.9030352,eth-updown-15m-1765987200,1765987200.0,1765988100.0,,669.0969648361206,,,,,0,0,0.99,0.98,ONE_LEG_INVENTORY,,,,,,,,,,,,,,0,5,,,,,,,,,,,,,,,,,,,,"RECONSTRUCT_BLOCKED: OVERPAY_LIMIT (Op:0.3000 > L:0.0020, Cost:$1.50)",,,,,,,,5.0,10.0,,,,,0,0,,,Inv: 5.0/10.0 CapLeft: 35.0,,,5.0,10.0,15.0,35.0,50.0,0.0,50.0,0.96,0.040000000000000036,-5.0,0.45999999999999996,0.84,0.2999999999999998,5.0,1.4999999999999991,0.002,OVERPAY_LIMIT
1765987431.3737764,eth-updown-15m-1765987200,1765987200.0,1765988100.0,,668.626223564148,,,,,0,0,0.9,0.98,ORDERS_OPEN,,,,,,,,,,,,,,0,5,,,,,,,,,,,,,,,,,,,,,,,,,,,,0.0,0.0,,,,,0,0,,,Inv: 0.0/0.0 CapLeft: 50.0,,,0.0,0.0,0.0,50.0,50.0,0.0,50.0,0.9,0.09999999999999998,0.0,0.0,0.0,0.0,0.0,0.0,0.0,
1765987432.8667908,eth-updown-15m-1765987200,1765987200.0,1765988100.0,,667.1332092285156,,,,,0,0,0.98,0.98,ONE_LEG_INVENTORY,,,,,,,,,,,,,,0,5,,,,,,,,,,,,,,,,,,,,"RECONSTRUCT_BLOCKED: OVERPAY_LIMIT (Op:0.3000 > L:0.0020, Cost:$1.50)",,,,,,,,5.0,10.0,,,,,0,0,,,Inv: 5.0/10.0 CapLeft: 35.0,,,5.0,10.0,15.0,35.0,50.0,0.0,50.0,0.96,0.040000000000000036,-5.0,0.45999999999999996,0.84,0.2999999999999998,5.0,1.4999999999999991,0.002,OVERPAY_LIMIT
1765987432.8667908,eth-updown-15m-1765987200,1765987200.0,1765988100.0,,667.1332092285156,,,,,0,0,0.98,0.98,ONE_LEG_INVENTORY,,,,,,,,,,,,,,0,5,,,,,,,,,,,,,,,,,,,,"RECONSTRUCT_BLOCKED: OVERPAY_LIMIT (Op:0.3000 > L:0.0020, Cost:$1.50)",,,,,,,,5.0,10.0,,,,,0,0,,,Inv: 5.0/10.0 CapLeft: 35.0,,,5.0,10.0,15.0,35.0,50.0,0.0,50.0,0.96,0.040000000000000036,-5.0,0.45999999999999996,0.84,0.2999999999999998,5.0,1.4999999999999991,0.002,OVERPAY_LIMIT
1765987434.377316,eth-updown-15m-1765987200,1765987200.0,1765988100.0,,665.6226840019226,,,,,0.45,0.45,0.9,0.98,ORDERS_OPEN,,,,,,,,,,,,,,5,5,,,,,,,,,,,,,,,,,,,,Leg:BOTH UP:5 DOWN:5,,,,,,,,0.0,0.0,,,,,0,0,,,Inv: 0.0/0.0 CapLeft: 50.0,,,0.0,0.0,0.0,50.0,50.0,0.0,50.0,0.9,0.09999999999999998,0.0,0.0,0.0,0.0,0.0,0.0,0.0,
1765987434.8043275,eth-updown-15m-1765987200,1765987200.0,1765988100.0,,665.1956725120544,,,,,0,0,0.99,0.98,ONE_LEG_INVENTORY,,,,,,,,,,,,,,0,5,,,,,,,,,,,,,,,,,,,,"RECONSTRUCT_BLOCKED: OVERPAY_LIMIT (Op:0.3100 > L:0.0020, Cost:$1.55)",,,,,,,,5.0,10.0,,,,,0,0,,,Inv: 5.0/10.0 CapLeft: 35.0,,,5.0,10.0,15.0,35.0,50.0,0.0,50.0,0.96,0.040000000000000036,-5.0,0.45999999999999996,0.85,0.31000000000000005,5.0,1.5500000000000003,0.002,OVERPAY_LIMIT
1765987434.8043275,eth-updown-15m-1765987200,1765987200.0,1765988100.0,,665.1956725120544,,,,,0,0,0.99,0.98,ONE_LEG_INVENTORY,,,,,,,,,,,,,,0,5,,,,,,,,,,,,,,,,,,,,"RECONSTRUCT_BLOCKED: OVERPAY_LIMIT (Op:0.3100 > L:0.0020, Cost:$1.55)",,,,,,,,5.0,10.0,,,,,0,0,,,Inv: 5.0/10.0 CapLeft: 35.0,,,5.0,10.0,15.0,35.0,50.0,0.0,50.0,0.96,0.040000000000000036,-5.0,0.45999999999999996,0.85,0.31000000000000005,5.0,1.5500000000000003,0.002,OVERPAY_LIMIT
1765987435.8796148,eth-updown-15m-1765987200,1765987200.0,1765988100.0,,664.1203851699829,,,,,0,0,0.9,0.98,ORDERS_OPEN,,,,,,,,,,,,,,0,5,,,,,,,,,,,,,,,,,,,,,,,,,,,,0.0,0.0,,,,,0,0,,,Inv: 0.0/0.0 CapLeft: 50.0,,,0.0,0.0,0.0,50.0,50.0,0.0,50.0,0.9,0.09999999999999998,0.0,0.0,0.0,0.0,0.0,0.0,0.0,
1765987436.7867155,eth-updown-15m-1765987200,1765987200.0,1765988100.0,,663.2132844924927,,,,,0,0,0.99,0.98,ONE_LEG_INVENTORY,,,,,,,,,,,,,,0,5,,,,,,,,,,,,,,,,,,,,"RECONSTRUCT_BLOCKED: OVERPAY_LIMIT (Op:0.3000 > L:0.0020, Cost:$1.50)",,,,,,,,5.0,10.0,,,,,0,0,,,Inv: 5.0/10.0 CapLeft: 35.0,,,5.0,10.0,15.0,35.0,50.0,0.0,50.0,0.96,0.040000000000000036,-5.0,0.45999999999999996,0.84,0.2999999999999998,5.0,1.4999999999999991,0.002,OVERPAY_LIMIT
1765987436.7867155,eth-updown-15m-1765987200,1765987200.0,1765988100.0,,663.2132844924927,,,,,0,0,0.99,0.98,ONE_LEG_INVENTORY,,,,,,,,,,,,,,0,5,,,,,,,,,,,,,,,,,,,,"RECONSTRUCT_BLOCKED: OVERPAY_LIMIT (Op:0.3000 > L:0.0020, Cost:$1.50)",,,,,,,,5.0,10.0,,,,,0,0,,,Inv: 5.0/10.0 CapLeft: 35.0,,,5.0,10.0,15.0,35.0,50.0,0.0,50.0,0.96,0.040000000000000036,-5.0,0.45999999999999996,0.84,0.2999999999999998,5.0,1.4999999999999991,0.002,OVERPAY_LIMIT
1765987437.3814135,eth-updown-15m-1765987200,1765987200.0,1765988100.0,,662.6185865402222,,,,,0,0,0.9,0.98,ORDERS_OPEN,,,,,,,,,,,,,,0,5,,,,,,,,,,,,,,,,,,,,,,,,,,,,0.0,0.0,,,,,0,0,,,Inv: 0.0/0.0 CapLeft: 50.0,,,0.0,0.0,0.0,50.0,50.0,0.0,50.0,0.9,0.09999999999999998,0.0,0.0,0.0,0.0,0.0,0.0,0.0,
1765987438.8839147,eth-updown-15m-1765987200,1765987200.0,1765988100.0,,661.1160852909088,,,,,0,0,0.9,0.98,ORDERS_OPEN,,,,,,,,,,,,,,0,5,,,,,,,,,,,,,,,,,,,,,,,,,,,,0.0,0.0,,,,,0,0,,,Inv: 0.0/0.0 CapLeft: 50.0,,,0.0,0.0,0.0,50.0,50.0,0.0,50.0,0.9,0.09999999999999998,0.0,0.0,0.0,0.0,0.0,0.0,0.0,
1765987438.7178247,eth-updown-15m-1765987200,1765987200.0,1765988100.0,,661.2821753025055,,,,,0,0,0.99,0.98,ONE_LEG_INVENTORY,,,,,,,,,,,,,,0,5,,,,,,,,,,,,,,,,,,,,"RECONSTRUCT_BLOCKED: OVERPAY_LIMIT (Op:0.3000 > L:0.0020, Cost:$1.50)",,,,,,,,5.0,10.0,,,,,0,0,,,Inv: 5.0/10.0 CapLeft: 35.0,,,5.0,10.0,15.0,35.0,50.0,0.0,50.0,0.96,0.040000000000000036,-5.0,0.45999999999999996,0.84,0.2999999999999998,5.0,1.4999999999999991,0.002,OVERPAY_LIMIT
1765987438.7178247,eth-updown-15m-1765987200,1765987200.0,1765988100.0,,661.2821753025055,,,,,0,0,0.99,0.98,ONE_LEG_INVENTORY,,,,,,,,,,,,,,0,5,,,,,,,,,,,,,,,,,,,,"RECONSTRUCT_BLOCKED: OVERPAY_LIMIT (Op:0.3000 > L:0.0020, Cost:$1.50)",,,,,,,,5.0,10.0,,,,,0,0,,,Inv: 5.0/10.0 CapLeft: 35.0,,,5.0,10.0,15.0,35.0,50.0,0.0,50.0,0.96,0.040000000000000036,-5.0,0.45999999999999996,0.84,0.2999999999999998,5.0,1.4999999999999991,0.002,OVERPAY_LIMIT
1765987440.385952,eth-updown-15m-1765987200,1765987200.0,1765988100.0,,659.6140480041504,,,,,0,0,0.9,0.98,ORDERS_OPEN,,,,,,,,,,,,,,0,5,,,,,,,,,,,,,,,,,,,,,,,,,,,,0.0,0.0,,,,,0,0,,,Inv: 0.0/0.0 CapLeft: 50.0,,,0.0,0.0,0.0,50.0,50.0,0.0,50.0,0.9,0.09999999999999998,0.0,0.0,0.0,0.0,0.0,0.0,0.0,
1765987440.666059,eth-updown-15m-1765987200,1765987200.0,1765988100.0,,659.3339409828186,,,,,0,0,0.99,0.98,ONE_LEG_INVENTORY,,,,,,,,,,,,,,0,5,,,,,,,,,,,,,,,,,,,,"RECONSTRUCT_BLOCKED: OVERPAY_LIMIT (Op:0.3000 > L:0.0020, Cost:$1.50)",,,,,,,,5.0,10.0,,,,,0,0,,,Inv: 5.0/10.0 CapLeft: 35.0,,,5.0,10.0,15.0,35.0,50.0,0.0,50.0,0.96,0.040000000000000036,-5.0,0.45999999999999996,0.84,0.2999999999999998,5.0,1.4999999999999991,0.002,OVERPAY_LIMIT
1765987440.666059,eth-updown-15m-1765987200,1765987200.0,1765988100.0,,659.3339409828186,,,,,0,0,0.99,0.98,ONE_LEG_INVENTORY,,,,,,,,,,,,,,0,5,,,,,,,,,,,,,,,,,,,,"RECONSTRUCT_BLOCKED: OVERPAY_LIMIT (Op:0.3000 > L:0.0020, Cost:$1.50)",,,,,,,,5.0,10.0,,,,,0,0,,,Inv: 5.0/10.0 CapLeft: 35.0,,,5.0,10.0,15.0,35.0,50.0,0.0,50.0,0.96,0.040000000000000036,-5.0,0.45999999999999996,0.84,0.2999999999999998,5.0,1.4999999999999991,0.002,OVERPAY_LIMIT
1765987441.890078,eth-updown-15m-1765987200,1765987200.0,1765988100.0,,658.1099219322205,,,,,0,0,0.9,0.98,ORDERS_OPEN,,,,,,,,,,,,,,0,5,,,,,,,,,,,,,,,,,,,,,,,,,,,,0.0,0.0,,,,,0,0,,,Inv: 0.0/0.0 CapLeft: 50.0,,,0.0,0.0,0.0,50.0,50.0,0.0,50.0,0.9,0.09999999999999998,0.0,0.0,0.0,0.0,0.0,0.0,0.0,
1765987442.619913,eth-updown-15m-1765987200,1765987200.0,1765988100.0,,657.3800868988037,,,,,0,0,1.0,0.98,ONE_LEG_INVENTORY,,,,,,,,,,,,,,0,5,,,,,,,,,,,,,,,,,,,,"RECONSTRUCT_BLOCKED: OVERPAY_LIMIT (Op:0.2800 > L:0.0020, Cost:$1.40)",,,,,,,,5.0,10.0,,,,,0,0,,,Inv: 5.0/10.0 CapLeft: 35.0,,,5.0,10.0,15.0,35.0,50.0,0.0,50.0,0.96,0.040000000000000036,-5.0,0.45999999999999996,0.82,0.2799999999999998,5.0,1.399999999999999,0.002,OVERPAY_LIMIT
1765987442.619913,eth-updown-15m-1765987200,1765987200.0,1765988100.0,,657.3800868988037,,,,,0,0,1.0,0.98,ONE_LEG_INVENTORY,,,,,,,,,,,,,,0,5,,,,,,,,,,,,,,,,,,,,"RECONSTRUCT_BLOCKED: OVERPAY_LIMIT (Op:0.2800 > L:0.0020, Cost:$1.40)",,,,,,,,5.0,10.0,,,,,0,0,,,Inv: 5.0/10.0 CapLeft: 35.0,,,5.0,10.0,15.0,35.0,50.0,0.0,50.0,0.96,0.040000000000000036,-5.0,0.45999999999999996,0.82,0.2799999999999998,5.0,1.399999999999999,0.002,OVERPAY_LIMIT
1765987443.393855,eth-updown-15m-1765987200,1765987200.0,1765988100.0,,656.6061449050903,,,,,0,0,0.9,0.98,ORDERS_OPEN,,,,,,,,,,,,,,0,5,,,,,,,,,,,,,,,,,,,,,,,,,,,,0.0,0.0,,,,,0,0,,,Inv: 0.0/0.0 CapLeft: 50.0,,,0.0,0.0,0.0,50.0,50.0,0.0,50.0,0.9,0.09999999999999998,0.0,0.0,0.0,0.0,0.0,0.0,0.0,
1765987444.895364,eth-updown-15m-1765987200,1765987200.0,1765988100.0,,655.1046359539032,,,,,0,0,0.9,0.98,ORDERS_OPEN,,,,,,,,,,,,,,0,5,,,,,,,,,,,,,,,,,,,,,,,,,,,,0.0,0.0,,,,,0,0,,,Inv: 0.0/0.0 CapLeft: 50.0,,,0.0,0.0,0.0,50.0,50.0,0.0,50.0,0.9,0.09999999999999998,0.0,0.0,0.0,0.0,0.0,0.0,0.0,
1765987444.605671,eth-updown-15m-1765987200,1765987200.0,1765988100.0,,655.3943290710449,,,,,0,0,0.99,0.98,ONE_LEG_INVENTORY,,,,,,,,,,,,,,0,5,,,,,,,,,,,,,,,,,,,,"RECONSTRUCT_BLOCKED: OVERPAY_LIMIT (Op:0.2500 > L:0.0020, Cost:$1.25)",,,,,,,,5.0,10.0,,,,,0,0,,,Inv: 5.0/10.0 CapLeft: 35.0,,,5.0,10.0,15.0,35.0,50.0,0.0,50.0,0.96,0.040000000000000036,-5.0,0.45999999999999996,0.79,0.25,5.0,1.25,0.002,OVERPAY_LIMIT
1765987444.605671,eth-updown-15m-1765987200,1765987200.0,1765988100.0,,655.3943290710449,,,,,0,0,0.99,0.98,ONE_LEG_INVENTORY,,,,,,,,,,,,,,0,5,,,,,,,,,,,,,,,,,,,,"RECONSTRUCT_BLOCKED: OVERPAY_LIMIT (Op:0.2500 > L:0.0020, Cost:$1.25)",,,,,,,,5.0,10.0,,,,,0,0,,,Inv: 5.0/10.0 CapLeft: 35.0,,,5.0,10.0,15.0,35.0,50.0,0.0,50.0,0.96,0.040000000000000036,-5.0,0.45999999999999996,0.79,0.25,5.0,1.25,0.002,OVERPAY_LIMIT
1765987446.4019763,eth-updown-15m-1765987200,1765987200.0,1765988100.0,,653.5980236530304,,,,,0,0,0.9,0.98,ORDERS_OPEN,,,,,,,,,,,,,,0,5,,,,,,,,,,,,,,,,,,,,,,,,,,,,0.0,0.0,,,,,0,0,,,Inv: 0.0/0.0 CapLeft: 50.0,,,0.0,0.0,0.0,50.0,50.0,0.0,50.0,0.9,0.09999999999999998,0.0,0.0,0.0,0.0,0.0,0.0,0.0,
1765987446.5651162,eth-updown-15m-1765987200,1765987200.0,1765988100.0,,653.4348838329315,,,,,0,0,0.99,0.98,ONE_LEG_INVENTORY,,,,,,,,,,,,,,0,5,,,,,,,,,,,,,,,,,,,,"RECONSTRUCT_BLOCKED: OVERPAY_LIMIT (Op:0.2600 > L:0.0020, Cost:$1.30)",,,,,,,,5.0,10.0,,,,,0,0,,,Inv: 5.0/10.0 CapLeft: 35.0,,,5.0,10.0,15.0,35.0,50.0,0.0,50.0,0.96,0.040000000000000036,-5.0,0.45999999999999996,0.8,0.26,5.0,1.3,0.002,OVERPAY_LIMIT
1765987446.5651162,eth-updown-15m-1765987200,1765987200.0,1765988100.0,,653.4348838329315,,,,,0,0,0.99,0.98,ONE_LEG_INVENTORY,,,,,,,,,,,,,,0,5,,,,,,,,,,,,,,,,,,,,"RECONSTRUCT_BLOCKED: OVERPAY_LIMIT (Op:0.2600 > L:0.0020, Cost:$1.30)",,,,,,,,5.0,10.0,,,,,0,0,,,Inv: 5.0/10.0 CapLeft: 35.0,,,5.0,10.0,15.0,35.0,50.0,0.0,50.0,0.96,0.040000000000000036,-5.0,0.45999999999999996,0.8,0.26,5.0,1.3,0.002,OVERPAY_LIMIT
1765987447.9085493,eth-updown-15m-1765987200,1765987200.0,1765988100.0,,652.0914506912231,,,,,0,0,0.9,0.98,ORDERS_OPEN,,,,,,,,,,,,,,0,5,,,,,,,,,,,,,,,,,,,,,,,,,,,,0.0,0.0,,,,,0,0,,,Inv: 0.0/0.0 CapLeft: 50.0,,,0.0,0.0,0.0,50.0,50.0,0.0,50.0,0.9,0.09999999999999998,0.0,0.0,0.0,0.0,0.0,0.0,0.0,
1765987448.5270083,eth-updown-15m-1765987200,1765987200.0,1765988100.0,,651.4729917049408,,,,,0,0,0.9800000000000001,0.98,ONE_LEG_INVENTORY,,,,,,,,,,,,,,0,5,,,,,,,,,,,,,,,,,,,,"RECONSTRUCT_BLOCKED: OVERPAY_LIMIT (Op:0.2700 > L:0.0020, Cost:$1.35)",,,,,,,,5.0,10.0,,,,,0,0,,,Inv: 5.0/10.0 CapLeft: 35.0,,,5.0,10.0,15.0,35.0,50.0,0.0,50.0,0.96,0.040000000000000036,-5.0,0.45999999999999996,0.81,0.27,5.0,1.35,0.002,OVERPAY_LIMIT
1765987448.5270083,eth-updown-15m-1765987200,1765987200.0,1765988100.0,,651.4729917049408,,,,,0,0,0.9800000000000001,0.98,ONE_LEG_INVENTORY,,,,,,,,,,,,,,0,5,,,,,,,,,,,,,,,,,,,,"RECONSTRUCT_BLOCKED: OVERPAY_LIMIT (Op:0.2700 > L:0.0020, Cost:$1.35)",,,,,,,,5.0,10.0,,,,,0,0,,,Inv: 5.0/10.0 CapLeft: 35.0,,,5.0,10.0,15.0,35.0,50.0,0.0,50.0,0.96,0.040000000000000036,-5.0,0.45999999999999996,0.81,0.27,5.0,1.35,0.002,OVERPAY_LIMIT
1765987450.4795344,eth-updown-15m-1765987200,1765987200.0,1765988100.0,,649.5204656124115,,,,,0,0,0.99,0.98,ONE_LEG_INVENTORY,,,,,,,,,,,,,,0,5,,,,,,,,,,,,,,,,,,,,"RECONSTRUCT_BLOCKED: OVERPAY_LIMIT (Op:0.2700 > L:0.0020, Cost:$1.35)",,,,,,,,5.0,10.0,,,,,0,0,,,Inv: 5.0/10.0 CapLeft: 35.0,,,5.0,10.0,15.0,35.0,50.0,0.0,50.0,0.96,0.040000000000000036,-5.0,0.45999999999999996,0.81,0.27,5.0,1.35,0.002,OVERPAY_LIMIT
1765987450.9133992,eth-updown-15m-1765987200,1765987200.0,1765988100.0,,649.0866007804871,,,,,0.45,0.45,0.9,0.98,ORDERS_OPEN,,,,,,,,,,,,,,5,5,,,,,,,,,,,,,,,,,,,,Leg:BOTH UP:5 DOWN:5,,,,,,,,0.0,0.0,,,,,0,0,,,Inv: 0.0/0.0 CapLeft: 50.0,,,0.0,0.0,0.0,50.0,50.0,0.0,50.0,0.9,0.09999999999999998,0.0,0.0,0.0,0.0,0.0,0.0,0.0,
1765987450.4795344,eth-updown-15m-1765987200,1765987200.0,1765988100.0,,649.5204656124115,,,,,0,0,0.99,0.98,ONE_LEG_INVENTORY,,,,,,,,,,,,,,0,5,,,,,,,,,,,,,,,,,,,,"RECONSTRUCT_BLOCKED: OVERPAY_LIMIT (Op:0.2700 > L:0.0020, Cost:$1.35)",,,,,,,,5.0,10.0,,,,,0,0,,,Inv: 5.0/10.0 CapLeft: 35.0,,,5.0,10.0,15.0,35.0,50.0,0.0,50.0,0.96,0.040000000000000036,-5.0,0.45999999999999996,0.81,0.27,5.0,1.35,0.002,OVERPAY_LIMIT
1765987452.4163244,eth-updown-15m-1765987200,1765987200.0,1765988100.0,,647.5836756229401,,,,,0,0,0.9,0.98,ORDERS_OPEN,,,,,,,,,,,,,,0,5,,,,,,,,,,,,,,,,,,,,,,,,,,,,0.0,0.0,,,,,0,0,,,Inv: 0.0/0.0 CapLeft: 50.0,,,0.0,0.0,0.0,50.0,50.0,0.0,50.0,0.9,0.09999999999999998,0.0,0.0,0.0,0.0,0.0,0.0,0.0,
1765987452.4153135,eth-updown-15m-1765987200,1765987200.0,1765988100.0,,647.5846865177155,,,,,0,0,0.99,0.98,ONE_LEG_INVENTORY,,,,,,,,,,,,,,0,5,,,,,,,,,,,,,,,,,,,,"RECONSTRUCT_BLOCKED: OVERPAY_LIMIT (Op:0.2600 > L:0.0020, Cost:$1.30)",,,,,,,,5.0,10.0,,,,,0,0,,,Inv: 5.0/10.0 CapLeft: 35.0,,,5.0,10.0,15.0,35.0,50.0,0.0,50.0,0.96,0.040000000000000036,-5.0,0.45999999999999996,0.8,0.26,5.0,1.3,0.002,OVERPAY_LIMIT
1765987452.4153135,eth-updown-15m-1765987200,1765987200.0,1765988100.0,,647.5846865177155,,,,,0,0,0.99,0.98,ONE_LEG_INVENTORY,,,,,,,,,,,,,,0,5,,,,,,,,,,,,,,,,,,,,"RECONSTRUCT_BLOCKED: OVERPAY_LIMIT (Op:0.2600 > L:0.0020, Cost:$1.30)",,,,,,,,5.0,10.0,,,,,0,0,,,Inv: 5.0/10.0 CapLeft: 35.0,,,5.0,10.0,15.0,35.0,50.0,0.0,50.0,0.96,0.040000000000000036,-5.0,0.45999999999999996,0.8,0.26,5.0,1.3,0.002,OVERPAY_LIMIT
1765987453.9178898,eth-updown-15m-1765987200,1765987200.0,1765988100.0,,646.0821101665497,,,,,0,0,0.9,0.98,ORDERS_OPEN,,,,,,,,,,,,,,0,5,,,,,,,,,,,,,,,,,,,,,,,,,,,,0.0,0.0,,,,,0,0,,,Inv: 0.0/0.0 CapLeft: 50.0,,,0.0,0.0,0.0,50.0,50.0,0.0,50.0,0.9,0.09999999999999998,0.0,0.0,0.0,0.0,0.0,0.0,0.0,
1765987454.376645,eth-updown-15m-1765987200,1765987200.0,1765988100.0,,645.6233549118042,,,,,0,0,0.99,0.98,ONE_LEG_INVENTORY,,,,,,,,,,,,,,0,5,,,,,,,,,,,,,,,,,,,,"RECONSTRUCT_BLOCKED: OVERPAY_LIMIT (Op:0.2600 > L:0.0020, Cost:$1.30)",,,,,,,,5.0,10.0,,,,,0,0,,,Inv: 5.0/10.0 CapLeft: 35.0,,,5.0,10.0,15.0,35.0,50.0,0.0,50.0,0.96,0.040000000000000036,-5.0,0.45999999999999996,0.8,0.26,5.0,1.3,0.002,OVERPAY_LIMIT
1765987454.376645,eth-updown-15m-1765987200,1765987200.0,1765988100.0,,645.6233549118042,,,,,0,0,0.99,0.98,ONE_LEG_INVENTORY,,,,,,,,,,,,,,0,5,,,,,,,,,,,,,,,,,,,,"RECONSTRUCT_BLOCKED: OVERPAY_LIMIT (Op:0.2600 > L:0.0020, Cost:$1.30)",,,,,,,,5.0,10.0,,,,,0,0,,,Inv: 5.0/10.0 CapLeft: 35.0,,,5.0,10.0,15.0,35.0,50.0,0.0,50.0,0.96,0.040000000000000036,-5.0,0.45999999999999996,0.8,0.26,5.0,1.3,0.002,OVERPAY_LIMIT
1765987455.421939,eth-updown-15m-1765987200,1765987200.0,1765988100.0,,644.5780611038208,,,,,0,0,0.9,0.98,ORDERS_OPEN,,,,,,,,,,,,,,0,5,,,,,,,,,,,,,,,,,,,,,,,,,,,,0.0,0.0,,,,,0,0,,,Inv: 0.0/0.0 CapLeft: 50.0,,,0.0,0.0,0.0,50.0,50.0,0.0,50.0,0.9,0.09999999999999998,0.0,0.0,0.0,0.0,0.0,0.0,0.0,
1765987456.3598034,eth-updown-15m-1765987200,1765987200.0,1765988100.0,,643.6401965618134,,,,,0,0,0.98,0.98,ONE_LEG_INVENTORY,,,,,,,,,,,,,,0,5,,,,,,,,,,,,,,,,,,,,"RECONSTRUCT_BLOCKED: OVERPAY_LIMIT (Op:0.2500 > L:0.0020, Cost:$1.25)",,,,,,,,5.0,10.0,,,,,0,0,,,Inv: 5.0/10.0 CapLeft: 35.0,,,5.0,10.0,15.0,35.0,50.0,0.0,50.0,0.96,0.040000000000000036,-5.0,0.45999999999999996,0.79,0.25,5.0,1.25,0.002,OVERPAY_LIMIT
1765987456.3598034,eth-updown-15m-1765987200,1765987200.0,1765988100.0,,643.6401965618134,,,,,0,0,0.98,0.98,ONE_LEG_INVENTORY,,,,,,,,,,,,,,0,5,,,,,,,,,,,,,,,,,,,,"RECONSTRUCT_BLOCKED: OVERPAY_LIMIT (Op:0.2500 > L:0.0020, Cost:$1.25)",,,,,,,,5.0,10.0,,,,,0,0,,,Inv: 5.0/10.0 CapLeft: 35.0,,,5.0,10.0,15.0,35.0,50.0,0.0,50.0,0.96,0.040000000000000036,-5.0,0.45999999999999996,0.79,0.25,5.0,1.25,0.002,OVERPAY_LIMIT
1765987456.9240315,eth-updown-15m-1765987200,1765987200.0,1765988100.0,,643.075968503952,,,,,0,0,0.9,0.98,ORDERS_OPEN,,,,,,,,,,,,,,0,5,,,,,,,,,,,,,,,,,,,,,,,,,,,,0.0,0.0,,,,,0,0,,,Inv: 0.0/0.0 CapLeft: 50.0,,,0.0,0.0,0.0,50.0,50.0,0.0,50.0,0.9,0.09999999999999998,0.0,0.0,0.0,0.0,0.0,0.0,0.0,
1765987458.427578,eth-updown-15m-1765987200,1765987200.0,1765988100.0,,641.5724220275879,,,,,0,0,0.9,0.98,ORDERS_OPEN,,,,,,,,,,,,,,0,5,,,,,,,,,,,,,,,,,,,,,,,,,,,,0.0,0.0,,,,,0,0,,,Inv: 0.0/0.0 CapLeft: 50.0,,,0.0,0.0,0.0,50.0,50.0,0.0,50.0,0.9,0.09999999999999998,0.0,0.0,0.0,0.0,0.0,0.0,0.0,
1765987458.343213,eth-updown-15m-1765987200,1765987200.0,1765988100.0,,641.6567869186401,,,,,0,0,0.98,0.98,ONE_LEG_INVENTORY,,,,,,,,,,,,,,0,5,,,,,,,,,,,,,,,,,,,,"RECONSTRUCT_BLOCKED: OVERPAY_LIMIT (Op:0.2500 > L:0.0020, Cost:$1.25)",,,,,,,,5.0,10.0,,,,,0,0,,,Inv: 5.0/10.0 CapLeft: 35.0,,,5.0,10.0,15.0,35.0,50.0,0.0,50.0,0.96,0.040000000000000036,-5.0,0.45999999999999996,0.79,0.25,5.0,1.25,0.002,OVERPAY_LIMIT
1765987458.343213,eth-updown-15m-1765987200,1765987200.0,1765988100.0,,641.6567869186401,,,,,0,0,0.98,0.98,ONE_LEG_INVENTORY,,,,,,,,,,,,,,0,5,,,,,,,,,,,,,,,,,,,,"RECONSTRUCT_BLOCKED: OVERPAY_LIMIT (Op:0.2500 > L:0.0020, Cost:$1.25)",,,,,,,,5.0,10.0,,,,,0,0,,,Inv: 5.0/10.0 CapLeft: 35.0,,,5.0,10.0,15.0,35.0,50.0,0.0,50.0,0.96,0.040000000000000036,-5.0,0.45999999999999996,0.79,0.25,5.0,1.25,0.002,OVERPAY_LIMIT
1765987459.9295692,eth-updown-15m-1765987200,1765987200.0,1765988100.0,,640.0704307556152,,,,,0,0,0.9,0.98,ORDERS_OPEN,,,,,,,,,,,,,,0,5,,,,,,,,,,,,,,,,,,,,,,,,,,,,0.0,0.0,,,,,0,0,,,Inv: 0.0/0.0 CapLeft: 50.0,,,0.0,0.0,0.0,50.0,50.0,0.0,50.0,0.9,0.09999999999999998,0.0,0.0,0.0,0.0,0.0,0.0,0.0,
1765987460.289811,eth-updown-15m-1765987200,1765987200.0,1765988100.0,,639.7101891040802,,,,,0,0,0.98,0.98,ONE_LEG_INVENTORY,,,,,,,,,,,,,,0,5,,,,,,,,,,,,,,,,,,,,"RECONSTRUCT_BLOCKED: OVERPAY_LIMIT (Op:0.2600 > L:0.0020, Cost:$1.30)",,,,,,,,5.0,10.0,,,,,0,0,,,Inv: 5.0/10.0 CapLeft: 35.0,,,5.0,10.0,15.0,35.0,50.0,0.0,50.0,0.96,0.040000000000000036,-5.0,0.45999999999999996,0.8,0.26,5.0,1.3,0.002,OVERPAY_LIMIT
1765987460.289811,eth-updown-15m-1765987200,1765987200.0,1765988100.0,,639.7101891040802,,,,,0,0,0.98,0.98,ONE_LEG_INVENTORY,,,,,,,,,,,,,,0,5,,,,,,,,,,,,,,,,,,,,"RECONSTRUCT_BLOCKED: OVERPAY_LIMIT (Op:0.2600 > L:0.0020, Cost:$1.30)",,,,,,,,5.0,10.0,,,,,0,0,,,Inv: 5.0/10.0 CapLeft: 35.0,,,5.0,10.0,15.0,35.0,50.0,0.0,50.0,0.96,0.040000000000000036,-5.0,0.45999999999999996,0.8,0.26,5.0,1.3,0.002,OVERPAY_LIMIT
1765987461.4312901,eth-updown-15m-1765987200,1765987200.0,1765988100.0,,638.5687098503113,,,,,0,0,0.9,0.98,ORDERS_OPEN,,,,,,,,,,,,,,0,5,,,,,,,,,,,,,,,,,,,,,,,,,,,,0.0,0.0,,,,,0,0,,,Inv: 0.0/0.0 CapLeft: 50.0,,,0.0,0.0,0.0,50.0,50.0,0.0,50.0,0.9,0.09999999999999998,0.0,0.0,0.0,0.0,0.0,0.0,0.0,
1765987462.2466557,eth-updown-15m-1765987200,1765987200.0,1765988100.0,,637.7533442974091,,,,,0,0,0.98,0.98,ONE_LEG_INVENTORY,,,,,,,,,,,,,,0,5,,,,,,,,,,,,,,,,,,,,"RECONSTRUCT_BLOCKED: OVERPAY_LIMIT (Op:0.2600 > L:0.0020, Cost:$1.30)",,,,,,,,5.0,10.0,,,,,0,0,,,Inv: 5.0/10.0 CapLeft: 35.0,,,5.0,10.0,15.0,35.0,50.0,0.0,50.0,0.96,0.040000000000000036,-5.0,0.45999999999999996,0.8,0.26,5.0,1.3,0.002,OVERPAY_LIMIT
1765987462.2466557,eth-updown-15m-1765987200,1765987200.0,1765988100.0,,637.7533442974091,,,,,0,0,0.98,0.98,ONE_LEG_INVENTORY,,,,,,,,,,,,,,0,5,,,,,,,,,,,,,,,,,,,,"RECONSTRUCT_BLOCKED: OVERPAY_LIMIT (Op:0.2600 > L:0.0020, Cost:$1.30)",,,,,,,,5.0,10.0,,,,,0,0,,,Inv: 5.0/10.0 CapLeft: 35.0,,,5.0,10.0,15.0,35.0,50.0,0.0,50.0,0.96,0.040000000000000036,-5.0,0.45999999999999996,0.8,0.26,5.0,1.3,0.002,OVERPAY_LIMIT
1765987462.9329734,eth-updown-15m-1765987200,1765987200.0,1765988100.0,,637.0670266151428,,,,,0,0,0.9,0.98,ORDERS_OPEN,,,,,,,,,,,,,,0,5,,,,,,,,,,,,,,,,,,,,,,,,,,,,0.0,0.0,,,,,0,0,,,Inv: 0.0/0.0 CapLeft: 50.0,,,0.0,0.0,0.0,50.0,50.0,0.0,50.0,0.9,0.09999999999999998,0.0,0.0,0.0,0.0,0.0,0.0,0.0,
1765987464.4456496,eth-updown-15m-1765987200,1765987200.0,1765988100.0,,635.5543503761292,,,,,0,0,0.9,0.98,ORDERS_OPEN,,,,,,,,,,,,,,0,5,,,,,,,,,,,,,,,,,,,,,,,,,,,,0.0,0.0,,,,,0,0,,,Inv: 0.0/0.0 CapLeft: 50.0,,,0.0,0.0,0.0,50.0,50.0,0.0,50.0,0.9,0.09999999999999998,0.0,0.0,0.0,0.0,0.0,0.0,0.0,
1765987464.2493923,eth-updown-15m-1765987200,1765987200.0,1765988100.0,,635.7506077289581,,,,,0,0,0.98,0.98,ONE_LEG_INVENTORY,,,,,,,,,,,,,,0,5,,,,,,,,,,,,,,,,,,,,"RECONSTRUCT_BLOCKED: OVERPAY_LIMIT (Op:0.2600 > L:0.0020, Cost:$1.30)",,,,,,,,5.0,10.0,,,,,0,0,,,Inv: 5.0/10.0 CapLeft: 35.0,,,5.0,10.0,15.0,35.0,50.0,0.0,50.0,0.96,0.040000000000000036,-5.0,0.45999999999999996,0.8,0.26,5.0,1.3,0.002,OVERPAY_LIMIT
1765987464.2493923,eth-updown-15m-1765987200,1765987200.0,1765988100.0,,635.7506077289581,,,,,0,0,0.98,0.98,ONE_LEG_INVENTORY,,,,,,,,,,,,,,0,5,,,,,,,,,,,,,,,,,,,,"RECONSTRUCT_BLOCKED: OVERPAY_LIMIT (Op:0.2600 > L:0.0020, Cost:$1.30)",,,,,,,,5.0,10.0,,,,,0,0,,,Inv: 5.0/10.0 CapLeft: 35.0,,,5.0,10.0,15.0,35.0,50.0,0.0,50.0,0.96,0.040000000000000036,-5.0,0.45999999999999996,0.8,0.26,5.0,1.3,0.002,OVERPAY_LIMIT
1765987466.2252107,eth-updown-15m-1765987200,1765987200.0,1765988100.0,,633.7747893333435,,,,,0,0,0.98,0.98,ONE_LEG_INVENTORY,,,,,,,,,,,,,,0,5,,,,,,,,,,,,,,,,,,,,"RECONSTRUCT_BLOCKED: OVERPAY_LIMIT (Op:0.2300 > L:0.0020, Cost:$1.15)",,,,,,,,5.0,10.0,,,,,0,0,,,Inv: 5.0/10.0 CapLeft: 35.0,,,5.0,10.0,15.0,35.0,50.0,0.0,50.0,0.96,0.040000000000000036,-5.0,0.45999999999999996,0.77,0.22999999999999998,5.0,1.15,0.002,OVERPAY_LIMIT
1765987466.2252107,eth-updown-15m-1765987200,1765987200.0,1765988100.0,,633.7747893333435,,,,,0,0,0.98,0.98,ONE_LEG_INVENTORY,,,,,,,,,,,,,,0,5,,,,,,,,,,,,,,,,,,,,"RECONSTRUCT_BLOCKED: OVERPAY_LIMIT (Op:0.2300 > L:0.0020, Cost:$1.15)",,,,,,,,5.0,10.0,,,,,0,0,,,Inv: 5.0/10.0 CapLeft: 35.0,,,5.0,10.0,15.0,35.0,50.0,0.0,50.0,0.96,0.040000000000000036,-5.0,0.45999999999999996,0.77,0.22999999999999998,5.0,1.15,0.002,OVERPAY_LIMIT
1765987467.4664114,eth-updown-15m-1765987200,1765987200.0,1765988100.0,,632.5335886478424,,,,,0.45,0.45,0.9,0.98,ORDERS_OPEN,,,,,,,,,,,,,,5,5,,,,,,,,,,,,,,,,,,,,Leg:BOTH UP:5 DOWN:5,,,,,,,,0.0,0.0,,,,,0,0,,,Inv: 0.0/0.0 CapLeft: 50.0,,,0.0,0.0,0.0,50.0,50.0,0.0,50.0,0.9,0.09999999999999998,0.0,0.0,0.0,0.0,0.0,0.0,0.0,
1765987468.1650631,eth-updown-15m-1765987200,1765987200.0,1765988100.0,,631.8349368572235,,,,,0,0,0.99,0.98,ONE_LEG_INVENTORY,,,,,,,,,,,,,,0,5,,,,,,,,,,,,,,,,,,,,"RECONSTRUCT_BLOCKED: OVERPAY_LIMIT (Op:0.2300 > L:0.0020, Cost:$1.15)",,,,,,,,5.0,10.0,,,,,0,0,,,Inv: 5.0/10.0 CapLeft: 35.0,,,5.0,10.0,15.0,35.0,50.0,0.0,50.0,0.96,0.040000000000000036,-5.0,0.45999999999999996,0.77,0.22999999999999998,5.0,1.15,0.002,OVERPAY_LIMIT
1765987468.1650631,eth-updown-15m-1765987200,1765987200.0,1765988100.0,,631.8349368572235,,,,,0,0,0.99,0.98,ONE_LEG_INVENTORY,,,,,,,,,,,,,,0,5,,,,,,,,,,,,,,,,,,,,"RECONSTRUCT_BLOCKED: OVERPAY_LIMIT (Op:0.2300 > L:0.0020, Cost:$1.15)",,,,,,,,5.0,10.0,,,,,0,0,,,Inv: 5.0/10.0 CapLeft: 35.0,,,5.0,10.0,15.0,35.0,50.0,0.0,50.0,0.96,0.040000000000000036,-5.0,0.45999999999999996,0.77,0.22999999999999998,5.0,1.15,0.002,OVERPAY_LIMIT
1765987468.9683464,eth-updown-15m-1765987200,1765987200.0,1765988100.0,,631.0316536426544,,,,,0,0,0.9,0.98,ORDERS_OPEN,,,,,,,,,,,,,,0,5,,,,,,,,,,,,,,,,,,,,,,,,,,,,0.0,0.0,,,,,0,0,,,Inv: 0.0/0.0 CapLeft: 50.0,,,0.0,0.0,0.0,50.0,50.0,0.0,50.0,0.9,0.09999999999999998,0.0,0.0,0.0,0.0,0.0,0.0,0.0,
1765987470.470728,eth-updown-15m-1765987200,1765987200.0,1765988100.0,,629.5292720794678,,,,,0,0,0.9,0.98,ORDERS_OPEN,,,,,,,,,,,,,,0,5,,,,,,,,,,,,,,,,,,,,,,,,,,,,0.0,0.0,,,,,0,0,,,Inv: 0.0/0.0 CapLeft: 50.0,,,0.0,0.0,0.0,50.0,50.0,0.0,50.0,0.9,0.09999999999999998,0.0,0.0,0.0,0.0,0.0,0.0,0.0,
1765987470.165474,eth-updown-15m-1765987200,1765987200.0,1765988100.0,,629.8345260620117,,,,,0,0,0.98,0.98,ONE_LEG_INVENTORY,,,,,,,,,,,,,,0,5,,,,,,,,,,,,,,,,,,,,"RECONSTRUCT_BLOCKED: OVERPAY_LIMIT (Op:0.2400 > L:0.0020, Cost:$1.20)",,,,,,,,5.0,10.0,,,,,0,0,,,Inv: 5.0/10.0 CapLeft: 35.0,,,5.0,10.0,15.0,35.0,50.0,0.0,50.0,0.96,0.040000000000000036,-5.0,0.45999999999999996,0.78,0.24,5.0,1.2,0.002,OVERPAY_LIMIT
1765987470.165474,eth-updown-15m-1765987200,1765987200.0,1765988100.0,,629.8345260620117,,,,,0,0,0.98,0.98,ONE_LEG_INVENTORY,,,,,,,,,,,,,,0,5,,,,,,,,,,,,,,,,,,,,"RECONSTRUCT_BLOCKED: OVERPAY_LIMIT (Op:0.2400 > L:0.0020, Cost:$1.20)",,,,,,,,5.0,10.0,,,,,0,0,,,Inv: 5.0/10.0 CapLeft: 35.0,,,5.0,10.0,15.0,35.0,50.0,0.0,50.0,0.96,0.040000000000000036,-5.0,0.45999999999999996,0.78,0.24,5.0,1.2,0.002,OVERPAY_LIMIT
1765987471.9729507,eth-updown-15m-1765987200,1765987200.0,1765988100.0,,628.0270493030548,,,,,0,0,0.9,0.98,ORDERS_OPEN,,,,,,,,,,,,,,0,5,,,,,,,,,,,,,,,,,,,,,,,,,,,,0.0,0.0,,,,,0,0,,,Inv: 0.0/0.0 CapLeft: 50.0,,,0.0,0.0,0.0,50.0,50.0,0.0,50.0,0.9,0.09999999999999998,0.0,0.0,0.0,0.0,0.0,0.0,0.0,
1765987472.104844,eth-updown-15m-1765987200,1765987200.0,1765988100.0,,627.8951559066772,,,,,0,0,0.97,0.98,ONE_LEG_INVENTORY,,,,,,,,,,,,,,0,5,,,,,,,,,,,,,,,,,,,,"RECONSTRUCT_BLOCKED: OVERPAY_LIMIT (Op:0.2300 > L:0.0020, Cost:$1.15)",,,,,,,,5.0,10.0,,,,,0,0,,,Inv: 5.0/10.0 CapLeft: 35.0,,,5.0,10.0,15.0,35.0,50.0,0.0,50.0,0.96,0.040000000000000036,-5.0,0.45999999999999996,0.77,0.22999999999999998,5.0,1.15,0.002,OVERPAY_LIMIT
1765987472.104844,eth-updown-15m-1765987200,1765987200.0,1765988100.0,,627.8951559066772,,,,,0,0,0.97,0.98,ONE_LEG_INVENTORY,,,,,,,,,,,,,,0,5,,,,,,,,,,,,,,,,,,,,"RECONSTRUCT_BLOCKED: OVERPAY_LIMIT (Op:0.2300 > L:0.0020, Cost:$1.15)",,,,,,,,5.0,10.0,,,,,0,0,,,Inv: 5.0/10.0 CapLeft: 35.0,,,5.0,10.0,15.0,35.0,50.0,0.0,50.0,0.96,0.040000000000000036,-5.0,0.45999999999999996,0.77,0.22999999999999998,5.0,1.15,0.002,OVERPAY_LIMIT
1765987473.474601,eth-updown-15m-1765987200,1765987200.0,1765988100.0,,626.5253989696503,,,,,0,0,0.9,0.98,ORDERS_OPEN,,,,,,,,,,,,,,0,5,,,,,,,,,,,,,,,,,,,,,,,,,,,,0.0,0.0,,,,,0,0,,,Inv: 0.0/0.0 CapLeft: 50.0,,,0.0,0.0,0.0,50.0,50.0,0.0,50.0,0.9,0.09999999999999998,0.0,0.0,0.0,0.0,0.0,0.0,0.0,
1765987474.0662546,eth-updown-15m-1765987200,1765987200.0,1765988100.0,,625.9337453842163,,,,,0,0,0.99,0.98,ONE_LEG_INVENTORY,,,,,,,,,,,,,,0,5,,,,,,,,,,,,,,,,,,,,"RECONSTRUCT_BLOCKED: OVERPAY_LIMIT (Op:0.2500 > L:0.0020, Cost:$1.25)",,,,,,,,5.0,10.0,,,,,0,0,,,Inv: 5.0/10.0 CapLeft: 35.0,,,5.0,10.0,15.0,35.0,50.0,0.0,50.0,0.96,0.040000000000000036,-5.0,0.45999999999999996,0.79,0.25,5.0,1.25,0.002,OVERPAY_LIMIT
1765987474.0662546,eth-updown-15m-1765987200,1765987200.0,1765988100.0,,625.9337453842163,,,,,0,0,0.99,0.98,ONE_LEG_INVENTORY,,,,,,,,,,,,,,0,5,,,,,,,,,,,,,,,,,,,,"RECONSTRUCT_BLOCKED: OVERPAY_LIMIT (Op:0.2500 > L:0.0020, Cost:$1.25)",,,,,,,,5.0,10.0,,,,,0,0,,,Inv: 5.0/10.0 CapLeft: 35.0,,,5.0,10.0,15.0,35.0,50.0,0.0,50.0,0.96,0.040000000000000036,-5.0,0.45999999999999996,0.79,0.25,5.0,1.25,0.002,OVERPAY_LIMIT
1765987474.9761884,eth-updown-15m-1765987200,1765987200.0,1765988100.0,,625.0238115787506,,,,,0,0,0.9,0.98,ORDERS_OPEN,,,,,,,,,,,,,,0,5,,,,,,,,,,,,,,,,,,,,,,,,,,,,0.0,0.0,,,,,0,0,,,Inv: 0.0/0.0 CapLeft: 50.0,,,0.0,0.0,0.0,50.0,50.0,0.0,50.0,0.9,0.09999999999999998,0.0,0.0,0.0,0.0,0.0,0.0,0.0,
1765987476.0246289,eth-updown-15m-1765987200,1765987200.0,1765988100.0,,623.9753711223602,,,,,0,0,0.98,0.98,ONE_LEG_INVENTORY,,,,,,,,,,,,,,0,5,,,,,,,,,,,,,,,,,,,,"RECONSTRUCT_BLOCKED: OVERPAY_LIMIT (Op:0.2500 > L:0.0020, Cost:$1.25)",,,,,,,,5.0,10.0,,,,,0,0,,,Inv: 5.0/10.0 CapLeft: 35.0,,,5.0,10.0,15.0,35.0,50.0,0.0,50.0,0.96,0.040000000000000036,-5.0,0.45999999999999996,0.79,0.25,5.0,1.25,0.002,OVERPAY_LIMIT
1765987476.0246289,eth-updown-15m-1765987200,1765987200.0,1765988100.0,,623.9753711223602,,,,,0,0,0.98,0.98,ONE_LEG_INVENTORY,,,,,,,,,,,,,,0,5,,,,,,,,,,,,,,,,,,,,"RECONSTRUCT_BLOCKED: OVERPAY_LIMIT (Op:0.2500 > L:0.0020, Cost:$1.25)",,,,,,,,5.0,10.0,,,,,0,0,,,Inv: 5.0/10.0 CapLeft: 35.0,,,5.0,10.0,15.0,35.0,50.0,0.0,50.0,0.96,0.040000000000000036,-5.0,0.45999999999999996,0.79,0.25,5.0,1.25,0.002,OVERPAY_LIMIT
1765987476.4776566,eth-updown-15m-1765987200,1765987200.0,1765988100.0,,623.5223433971405,,,,,0,0,0.9,0.98,ORDERS_OPEN,,,,,,,,,,,,,,0,5,,,,,,,,,,,,,,,,,,,,,,,,,,,,0.0,0.0,,,,,0,0,,,Inv: 0.0/0.0 CapLeft: 50.0,,,0.0,0.0,0.0,50.0,50.0,0.0,50.0,0.9,0.09999999999999998,0.0,0.0,0.0,0.0,0.0,0.0,0.0,
1765987477.979268,eth-updown-15m-1765987200,1765987200.0,1765988100.0,,622.0207319259644,,,,,0,0,0.9,0.98,ORDERS_OPEN,,,,,,,,,,,,,,0,5,,,,,,,,,,,,,,,,,,,,,,,,,,,,0.0,0.0,,,,,0,0,,,Inv: 0.0/0.0 CapLeft: 50.0,,,0.0,0.0,0.0,50.0,50.0,0.0,50.0,0.9,0.09999999999999998,0.0,0.0,0.0,0.0,0.0,0.0,0.0,
1765987477.9654315,eth-updown-15m-1765987200,1765987200.0,1765988100.0,,622.0345685482025,,,,,0,0,0.99,0.98,ONE_LEG_INVENTORY,,,,,,,,,,,,,,0,5,,,,,,,,,,,,,,,,,,,,"RECONSTRUCT_BLOCKED: OVERPAY_LIMIT (Op:0.2600 > L:0.0020, Cost:$1.30)",,,,,,,,5.0,10.0,,,,,0,0,,,Inv: 5.0/10.0 CapLeft: 35.0,,,5.0,10.0,15.0,35.0,50.0,0.0,50.0,0.96,0.040000000000000036,-5.0,0.45999999999999996,0.8,0.26,5.0,1.3,0.002,OVERPAY_LIMIT
1765987477.9654315,eth-updown-15m-1765987200,1765987200.0,1765988100.0,,622.0345685482025,,,,,0,0,0.99,0.98,ONE_LEG_INVENTORY,,,,,,,,,,,,,,0,5,,,,,,,,,,,,,,,,,,,,"RECONSTRUCT_BLOCKED: OVERPAY_LIMIT (Op:0.2600 > L:0.0020, Cost:$1.30)",,,,,,,,5.0,10.0,,,,,0,0,,,Inv: 5.0/10.0 CapLeft: 35.0,,,5.0,10.0,15.0,35.0,50.0,0.0,50.0,0.96,0.040000000000000036,-5.0,0.45999999999999996,0.8,0.26,5.0,1.3,0.002,OVERPAY_LIMIT
1765987479.4810243,eth-updown-15m-1765987200,1765987200.0,1765988100.0,,620.5189757347107,,,,,0,0,0.9,0.98,ORDERS_OPEN,,,,,,,,,,,,,,0,5,,,,,,,,,,,,,,,,,,,,,,,,,,,,0.0,0.0,,,,,0,0,,,Inv: 0.0/0.0 CapLeft: 50.0,,,0.0,0.0,0.0,50.0,50.0,0.0,50.0,0.9,0.09999999999999998,0.0,0.0,0.0,0.0,0.0,0.0,0.0,
1765987479.9552019,eth-updown-15m-1765987200,1765987200.0,1765988100.0,,620.0447981357574,,,,,0,0,0.99,0.98,ONE_LEG_INVENTORY,,,,,,,,,,,,,,0,5,,,,,,,,,,,,,,,,,,,,"RECONSTRUCT_BLOCKED: OVERPAY_LIMIT (Op:0.2800 > L:0.0020, Cost:$1.40)",,,,,,,,5.0,10.0,,,,,0,0,,,Inv: 5.0/10.0 CapLeft: 35.0,,,5.0,10.0,15.0,35.0,50.0,0.0,50.0,0.96,0.040000000000000036,-5.0,0.45999999999999996,0.82,0.2799999999999998,5.0,1.399999999999999,0.002,OVERPAY_LIMIT
1765987479.9552019,eth-updown-15m-1765987200,1765987200.0,1765988100.0,,620.0447981357574,,,,,0,0,0.99,0.98,ONE_LEG_INVENTORY,,,,,,,,,,,,,,0,5,,,,,,,,,,,,,,,,,,,,"RECONSTRUCT_BLOCKED: OVERPAY_LIMIT (Op:0.2800 > L:0.0020, Cost:$1.40)",,,,,,,,5.0,10.0,,,,,0,0,,,Inv: 5.0/10.0 CapLeft: 35.0,,,5.0,10.0,15.0,35.0,50.0,0.0,50.0,0.96,0.040000000000000036,-5.0,0.45999999999999996,0.82,0.2799999999999998,5.0,1.399999999999999,0.002,OVERPAY_LIMIT
1765987480.9829135,eth-updown-15m-1765987200,1765987200.0,1765988100.0,,619.0170865058899,,,,,0,0,0.9,0.98,ORDERS_OPEN,,,,,,,,,,,,,,0,5,,,,,,,,,,,,,,,,,,,,,,,,,,,,0.0,0.0,,,,,0,0,,,Inv: 0.0/0.0 CapLeft: 50.0,,,0.0,0.0,0.0,50.0,50.0,0.0,50.0,0.9,0.09999999999999998,0.0,0.0,0.0,0.0,0.0,0.0,0.0,
1765987481.9035397,eth-updown-15m-1765987200,1765987200.0,1765988100.0,,618.0964603424072,,,,,0,0,0.99,0.98,ONE_LEG_INVENTORY,,,,,,,,,,,,,,0,5,,,,,,,,,,,,,,,,,,,,"RECONSTRUCT_BLOCKED: OVERPAY_LIMIT (Op:0.3000 > L:0.0020, Cost:$1.50)",,,,,,,,5.0,10.0,,,,,0,0,,,Inv: 5.0/10.0 CapLeft: 35.0,,,5.0,10.0,15.0,35.0,50.0,0.0,50.0,0.96,0.040000000000000036,-5.0,0.45999999999999996,0.84,0.2999999999999998,5.0,1.4999999999999991,0.002,OVERPAY_LIMIT
1765987481.9035397,eth-updown-15m-1765987200,1765987200.0,1765988100.0,,618.0964603424072,,,,,0,0,0.99,0.98,ONE_LEG_INVENTORY,,,,,,,,,,,,,,0,5,,,,,,,,,,,,,,,,,,,,"RECONSTRUCT_BLOCKED: OVERPAY_LIMIT (Op:0.3000 > L:0.0020, Cost:$1.50)",,,,,,,,5.0,10.0,,,,,0,0,,,Inv: 5.0/10.0 CapLeft: 35.0,,,5.0,10.0,15.0,35.0,50.0,0.0,50.0,0.96,0.040000000000000036,-5.0,0.45999999999999996,0.84,0.2999999999999998,5.0,1.4999999999999991,0.002,OVERPAY_LIMIT
1765987483.9869761,eth-updown-15m-1765987200,1765987200.0,1765988100.0,,616.013023853302,,,,,0.45,0.45,0.9,0.98,ORDERS_OPEN,,,,,,,,,,,,,,5,5,,,,,,,,,,,,,,,,,,,,Leg:BOTH UP:5 DOWN:5,,,,,,,,0.0,0.0,,,,,0,0,,,Inv: 0.0/0.0 CapLeft: 50.0,,,0.0,0.0,0.0,50.0,50.0,0.0,50.0,0.9,0.09999999999999998,0.0,0.0,0.0,0.0,0.0,0.0,0.0,
1765987483.9083576,eth-updown-15m-1765987200,1765987200.0,1765988100.0,,616.0916423797607,,,,,0,0,0.99,0.98,ONE_LEG_INVENTORY,,,,,,,,,,,,,,0,5,,,,,,,,,,,,,,,,,,,,"RECONSTRUCT_BLOCKED: OVERPAY_LIMIT (Op:0.2900 > L:0.0020, Cost:$1.45)",,,,,,,,5.0,10.0,,,,,0,0,,,Inv: 5.0/10.0 CapLeft: 35.0,,,5.0,10.0,15.0,35.0,50.0,0.0,50.0,0.96,0.040000000000000036,-5.0,0.45999999999999996,0.83,0.29000000000000004,5.0,1.4500000000000002,0.002,OVERPAY_LIMIT
1765987483.9083576,eth-updown-15m-1765987200,1765987200.0,1765988100.0,,616.0916423797607,,,,,0,0,0.99,0.98,ONE_LEG_INVENTORY,,,,,,,,,,,,,,0,5,,,,,,,,,,,,,,,,,,,,"RECONSTRUCT_BLOCKED: OVERPAY_LIMIT (Op:0.2900 > L:0.0020, Cost:$1.45)",,,,,,,,5.0,10.0,,,,,0,0,,,Inv: 5.0/10.0 CapLeft: 35.0,,,5.0,10.0,15.0,35.0,50.0,0.0,50.0,0.96,0.040000000000000036,-5.0,0.45999999999999996,0.83,0.29000000000000004,5.0,1.4500000000000002,0.002,OVERPAY_LIMIT
1765987485.4888072,eth-updown-15m-1765987200,1765987200.0,1765988100.0,,614.5111927986145,,,,,0,0,0.9,0.98,ORDERS_OPEN,,,,,,,,,,,,,,0,5,,,,,,,,,,,,,,,,,,,,,,,,,,,,0.0,0.0,,,,,0,0,,,Inv: 0.0/0.0 CapLeft: 50.0,,,0.0,0.0,0.0,50.0,50.0,0.0,50.0,0.9,0.09999999999999998,0.0,0.0,0.0,0.0,0.0,0.0,0.0,
1765987485.8705251,eth-updown-15m-1765987200,1765987200.0,1765988100.0,,614.1294748783112,,,,,0,0,0.98,0.98,ONE_LEG_INVENTORY,,,,,,,,,,,,,,0,5,,,,,,,,,,,,,,,,,,,,"RECONSTRUCT_BLOCKED: OVERPAY_LIMIT (Op:0.2800 > L:0.0020, Cost:$1.40)",,,,,,,,5.0,10.0,,,,,0,0,,,Inv: 5.0/10.0 CapLeft: 35.0,,,5.0,10.0,15.0,35.0,50.0,0.0,50.0,0.96,0.040000000000000036,-5.0,0.45999999999999996,0.82,0.2799999999999998,5.0,1.399999999999999,0.002,OVERPAY_LIMIT
1765987485.8705251,eth-updown-15m-1765987200,1765987200.0,1765988100.0,,614.1294748783112,,,,,0,0,0.98,0.98,ONE_LEG_INVENTORY,,,,,,,,,,,,,,0,5,,,,,,,,,,,,,,,,,,,,"RECONSTRUCT_BLOCKED: OVERPAY_LIMIT (Op:0.2800 > L:0.0020, Cost:$1.40)",,,,,,,,5.0,10.0,,,,,0,0,,,Inv: 5.0/10.0 CapLeft: 35.0,,,5.0,10.0,15.0,35.0,50.0,0.0,50.0,0.96,0.040000000000000036,-5.0,0.45999999999999996,0.82,0.2799999999999998,5.0,1.399999999999999,0.002,OVERPAY_LIMIT
1765987486.9905088,eth-updown-15m-1765987200,1765987200.0,1765988100.0,,613.0094912052155,,,,,0,0,0.9,0.98,ORDERS_OPEN,,,,,,,,,,,,,,0,5,,,,,,,,,,,,,,,,,,,,,,,,,,,,0.0,0.0,,,,,0,0,,,Inv: 0.0/0.0 CapLeft: 50.0,,,0.0,0.0,0.0,50.0,50.0,0.0,50.0,0.9,0.09999999999999998,0.0,0.0,0.0,0.0,0.0,0.0,0.0,
1765987487.8295593,eth-updown-15m-1765987200,1765987200.0,1765988100.0,,612.1704406738281,,,,,0,0,0.99,0.98,ONE_LEG_INVENTORY,,,,,,,,,,,,,,0,5,,,,,,,,,,,,,,,,,,,,"RECONSTRUCT_BLOCKED: OVERPAY_LIMIT (Op:0.3000 > L:0.0020, Cost:$1.50)",,,,,,,,5.0,10.0,,,,,0,0,,,Inv: 5.0/10.0 CapLeft: 35.0,,,5.0,10.0,15.0,35.0,50.0,0.0,50.0,0.96,0.040000000000000036,-5.0,0.45999999999999996,0.84,0.2999999999999998,5.0,1.4999999999999991,0.002,OVERPAY_LIMIT
1765987487.8295593,eth-updown-15m-1765987200,1765987200.0,1765988100.0,,612.1704406738281,,,,,0,0,0.99,0.98,ONE_LEG_INVENTORY,,,,,,,,,,,,,,0,5,,,,,,,,,,,,,,,,,,,,"RECONSTRUCT_BLOCKED: OVERPAY_LIMIT (Op:0.3000 > L:0.0020, Cost:$1.50)",,,,,,,,5.0,10.0,,,,,0,0,,,Inv: 5.0/10.0 CapLeft: 35.0,,,5.0,10.0,15.0,35.0,50.0,0.0,50.0,0.96,0.040000000000000036,-5.0,0.45999999999999996,0.84,0.2999999999999998,5.0,1.4999999999999991,0.002,OVERPAY_LIMIT
1765987488.4917834,eth-updown-15m-1765987200,1765987200.0,1765988100.0,,611.5082166194916,,,,,0,0,0.9,0.98,ORDERS_OPEN,,,,,,,,,,,,,,0,5,,,,,,,,,,,,,,,,,,,,,,,,,,,,0.0,0.0,,,,,0,0,,,Inv: 0.0/0.0 CapLeft: 50.0,,,0.0,0.0,0.0,50.0,50.0,0.0,50.0,0.9,0.09999999999999998,0.0,0.0,0.0,0.0,0.0,0.0,0.0,
1765987489.9936693,eth-updown-15m-1765987200,1765987200.0,1765988100.0,,610.0063307285309,,,,,0,0,0.9,0.98,ORDERS_OPEN,,,,,,,,,,,,,,0,5,,,,,,,,,,,,,,,,,,,,,,,,,,,,0.0,0.0,,,,,0,0,,,Inv: 0.0/0.0 CapLeft: 50.0,,,0.0,0.0,0.0,50.0,50.0,0.0,50.0,0.9,0.09999999999999998,0.0,0.0,0.0,0.0,0.0,0.0,0.0,
1765987489.782721,eth-updown-15m-1765987200,1765987200.0,1765988100.0,,610.217278957367,,,,,0,0,0.99,0.98,ONE_LEG_INVENTORY,,,,,,,,,,,,,,0,5,,,,,,,,,,,,,,,,,,,,"RECONSTRUCT_BLOCKED: OVERPAY_LIMIT (Op:0.2600 > L:0.0020, Cost:$1.30)",,,,,,,,5.0,10.0,,,,,0,0,,,Inv: 5.0/10.0 CapLeft: 35.0,,,5.0,10.0,15.0,35.0,50.0,0.0,50.0,0.96,0.040000000000000036,-5.0,0.45999999999999996,0.8,0.26,5.0,1.3,0.002,OVERPAY_LIMIT
1765987489.782721,eth-updown-15m-1765987200,1765987200.0,1765988100.0,,610.217278957367,,,,,0,0,0.99,0.98,ONE_LEG_INVENTORY,,,,,,,,,,,,,,0,5,,,,,,,,,,,,,,,,,,,,"RECONSTRUCT_BLOCKED: OVERPAY_LIMIT (Op:0.2600 > L:0.0020, Cost:$1.30)",,,,,,,,5.0,10.0,,,,,0,0,,,Inv: 5.0/10.0 CapLeft: 35.0,,,5.0,10.0,15.0,35.0,50.0,0.0,50.0,0.96,0.040000000000000036,-5.0,0.45999999999999996,0.8,0.26,5.0,1.3,0.002,OVERPAY_LIMIT
1765987491.4957914,eth-updown-15m-1765987200,1765987200.0,1765988100.0,,608.5042085647583,,,,,0,0,0.9,0.98,ORDERS_OPEN,,,,,,,,,,,,,,0,5,,,,,,,,,,,,,,,,,,,,,,,,,,,,0.0,0.0,,,,,0,0,,,Inv: 0.0/0.0 CapLeft: 50.0,,,0.0,0.0,0.0,50.0,50.0,0.0,50.0,0.9,0.09999999999999998,0.0,0.0,0.0,0.0,0.0,0.0,0.0,
1765987491.718057,eth-updown-15m-1765987200,1765987200.0,1765988100.0,,608.2819430828094,,,,,0,0,0.99,0.98,ONE_LEG_INVENTORY,,,,,,,,,,,,,,0,5,,,,,,,,,,,,,,,,,,,,"RECONSTRUCT_BLOCKED: OVERPAY_LIMIT (Op:0.2500 > L:0.0020, Cost:$1.25)",,,,,,,,5.0,10.0,,,,,0,0,,,Inv: 5.0/10.0 CapLeft: 35.0,,,5.0,10.0,15.0,35.0,50.0,0.0,50.0,0.96,0.040000000000000036,-5.0,0.45999999999999996,0.79,0.25,5.0,1.25,0.002,OVERPAY_LIMIT
1765987491.718057,eth-updown-15m-1765987200,1765987200.0,1765988100.0,,608.2819430828094,,,,,0,0,0.99,0.98,ONE_LEG_INVENTORY,,,,,,,,,,,,,,0,5,,,,,,,,,,,,,,,,,,,,"RECONSTRUCT_BLOCKED: OVERPAY_LIMIT (Op:0.2500 > L:0.0020, Cost:$1.25)",,,,,,,,5.0,10.0,,,,,0,0,,,Inv: 5.0/10.0 CapLeft: 35.0,,,5.0,10.0,15.0,35.0,50.0,0.0,50.0,0.96,0.040000000000000036,-5.0,0.45999999999999996,0.79,0.25,5.0,1.25,0.002,OVERPAY_LIMIT
1765987492.9979997,eth-updown-15m-1765987200,1765987200.0,1765988100.0,,607.0020003318787,,,,,0,0,0.9,0.98,ORDERS_OPEN,,,,,,,,,,,,,,0,5,,,,,,,,,,,,,,,,,,,,,,,,,,,,0.0,0.0,,,,,0,0,,,Inv: 0.0/0.0 CapLeft: 50.0,,,0.0,0.0,0.0,50.0,50.0,0.0,50.0,0.9,0.09999999999999998,0.0,0.0,0.0,0.0,0.0,0.0,0.0,
1765987493.66097,eth-updown-15m-1765987200,1765987200.0,1765988100.0,,606.3390300273895,,,,,0,0,0.99,0.98,ONE_LEG_INVENTORY,,,,,,,,,,,,,,0,5,,,,,,,,,,,,,,,,,,,,"RECONSTRUCT_BLOCKED: OVERPAY_LIMIT (Op:0.2700 > L:0.0020, Cost:$1.35)",,,,,,,,5.0,10.0,,,,,0,0,,,Inv: 5.0/10.0 CapLeft: 35.0,,,5.0,10.0,15.0,35.0,50.0,0.0,50.0,0.96,0.040000000000000036,-5.0,0.45999999999999996,0.81,0.27,5.0,1.35,0.002,OVERPAY_LIMIT
1765987493.66097,eth-updown-15m-1765987200,1765987200.0,1765988100.0,,606.3390300273895,,,,,0,0,0.99,0.98,ONE_LEG_INVENTORY,,,,,,,,,,,,,,0,5,,,,,,,,,,,,,,,,,,,,"RECONSTRUCT_BLOCKED: OVERPAY_LIMIT (Op:0.2700 > L:0.0020, Cost:$1.35)",,,,,,,,5.0,10.0,,,,,0,0,,,Inv: 5.0/10.0 CapLeft: 35.0,,,5.0,10.0,15.0,35.0,50.0,0.0,50.0,0.96,0.040000000000000036,-5.0,0.45999999999999996,0.81,0.27,5.0,1.35,0.002,OVERPAY_LIMIT
1765987494.5001981,eth-updown-15m-1765987200,1765987200.0,1765988100.0,,605.4998018741608,,,,,0,0,0.9,0.98,ORDERS_OPEN,,,,,,,,,,,,,,0,5,,,,,,,,,,,,,,,,,,,,,,,,,,,,0.0,0.0,,,,,0,0,,,Inv: 0.0/0.0 CapLeft: 50.0,,,0.0,0.0,0.0,50.0,50.0,0.0,50.0,0.9,0.09999999999999998,0.0,0.0,0.0,0.0,0.0,0.0,0.0,
1765987496.002785,eth-updown-15m-1765987200,1765987200.0,1765988100.0,,603.9972150325775,,,,,0,0,0.9,0.98,ORDERS_OPEN,,,,,,,,,,,,,,0,5,,,,,,,,,,,,,,,,,,,,,,,,,,,,0.0,0.0,,,,,0,0,,,Inv: 0.0/0.0 CapLeft: 50.0,,,0.0,0.0,0.0,50.0,50.0,0.0,50.0,0.9,0.09999999999999998,0.0,0.0,0.0,0.0,0.0,0.0,0.0,
1765987495.6300223,eth-updown-15m-1765987200,1765987200.0,1765988100.0,,604.3699777126312,,,,,0,0,0.98,0.98,ONE_LEG_INVENTORY,,,,,,,,,,,,,,0,5,,,,,,,,,,,,,,,,,,,,"RECONSTRUCT_BLOCKED: OVERPAY_LIMIT (Op:0.2800 > L:0.0020, Cost:$1.40)",,,,,,,,5.0,10.0,,,,,0,0,,,Inv: 5.0/10.0 CapLeft: 35.0,,,5.0,10.0,15.0,35.0,50.0,0.0,50.0,0.96,0.040000000000000036,-5.0,0.45999999999999996,0.82,0.2799999999999998,5.0,1.399999999999999,0.002,OVERPAY_LIMIT
1765987495.6300223,eth-updown-15m-1765987200,1765987200.0,1765988100.0,,604.3699777126312,,,,,0,0,0.98,0.98,ONE_LEG_INVENTORY,,,,,,,,,,,,,,0,5,,,,,,,,,,,,,,,,,,,,"RECONSTRUCT_BLOCKED: OVERPAY_LIMIT (Op:0.2800 > L:0.0020, Cost:$1.40)",,,,,,,,5.0,10.0,,,,,0,0,,,Inv: 5.0/10.0 CapLeft: 35.0,,,5.0,10.0,15.0,35.0,50.0,0.0,50.0,0.96,0.040000000000000036,-5.0,0.45999999999999996,0.82,0.2799999999999998,5.0,1.399999999999999,0.002,OVERPAY_LIMIT
1765987497.5050852,eth-updown-15m-1765987200,1765987200.0,1765988100.0,,602.4949147701263,,,,,0,0,0.9,0.98,ORDERS_OPEN,,,,,,,,,,,,,,0,5,,,,,,,,,,,,,,,,,,,,,,,,,,,,0.0,0.0,,,,,0,0,,,Inv: 0.0/0.0 CapLeft: 50.0,,,0.0,0.0,0.0,50.0,50.0,0.0,50.0,0.9,0.09999999999999998,0.0,0.0,0.0,0.0,0.0,0.0,0.0,
1765987497.5641534,eth-updown-15m-1765987200,1765987200.0,1765988100.0,,602.4358465671539,,,,,0,0,0.9600000000000001,0.98,ONE_LEG_INVENTORY,,,,,,,,,,,,,,0,5,,,,,,,,,,,,,,,,,,,,"RECONSTRUCT_BLOCKED: OVERPAY_LIMIT (Op:0.2700 > L:0.0020, Cost:$1.35)",,,,,,,,5.0,10.0,,,,,0,0,,,Inv: 5.0/10.0 CapLeft: 35.0,,,5.0,10.0,15.0,35.0,50.0,0.0,50.0,0.96,0.040000000000000036,-5.0,0.45999999999999996,0.81,0.27,5.0,1.35,0.002,OVERPAY_LIMIT
1765987497.5641534,eth-updown-15m-1765987200,1765987200.0,1765988100.0,,602.4358465671539,,,,,0,0,0.9600000000000001,0.98,ONE_LEG_INVENTORY,,,,,,,,,,,,,,0,5,,,,,,,,,,,,,,,,,,,,"RECONSTRUCT_BLOCKED: OVERPAY_LIMIT (Op:0.2700 > L:0.0020, Cost:$1.35)",,,,,,,,5.0,10.0,,,,,0,0,,,Inv: 5.0/10.0 CapLeft: 35.0,,,5.0,10.0,15.0,35.0,50.0,0.0,50.0,0.96,0.040000000000000036,-5.0,0.45999999999999996,0.81,0.27,5.0,1.35,0.002,OVERPAY_LIMIT
1765987499.4992545,eth-updown-15m-1765987200,1765987200.0,1765988100.0,,600.5007455348969,,,,,0,0,0.99,0.98,ONE_LEG_INVENTORY,,,,,,,,,,,,,,0,5,,,,,,,,,,,,,,,,,,,,"RECONSTRUCT_BLOCKED: OVERPAY_LIMIT (Op:0.3000 > L:0.0020, Cost:$1.50)",,,,,,,,5.0,10.0,,,,,0,0,,,Inv: 5.0/10.0 CapLeft: 35.0,,,5.0,10.0,15.0,35.0,50.0,0.0,50.0,0.96,0.040000000000000036,-5.0,0.45999999999999996,0.84,0.2999999999999998,5.0,1.4999999999999991,0.002,OVERPAY_LIMIT
1765987499.4992545,eth-updown-15m-1765987200,1765987200.0,1765988100.0,,600.5007455348969,,,,,0,0,0.99,0.98,ONE_LEG_INVENTORY,,,,,,,,,,,,,,0,5,,,,,,,,,,,,,,,,,,,,"RECONSTRUCT_BLOCKED: OVERPAY_LIMIT (Op:0.3000 > L:0.0020, Cost:$1.50)",,,,,,,,5.0,10.0,,,,,0,0,,,Inv: 5.0/10.0 CapLeft: 35.0,,,5.0,10.0,15.0,35.0,50.0,0.0,50.0,0.96,0.040000000000000036,-5.0,0.45999999999999996,0.84,0.2999999999999998,5.0,1.4999999999999991,0.002,OVERPAY_LIMIT
1765987500.508391,eth-updown-15m-1765987200,1765987200.0,1765988100.0,,599.4916090965271,,,,,0.45,0.45,0.9,0.98,ORDERS_OPEN,,,,,,,,,,,,,,5,5,,,,,,,,,,,,,,,,,,,,Leg:BOTH UP:5 DOWN:5,,,,,,,,0.0,0.0,,,,,0,0,,,Inv: 0.0/0.0 CapLeft: 50.0,,,0.0,0.0,0.0,50.0,50.0,0.0,50.0,0.9,0.09999999999999998,0.0,0.0,0.0,0.0,0.0,0.0,0.0,
1765987501.443984,eth-updown-15m-1765987200,1765987200.0,1765988100.0,,598.5560159683228,,,,,0,0,0.99,0.98,ONE_LEG_INVENTORY,,,,,,,,,,,,,,0,5,,,,,,,,,,,,,,,,,,,,"RECONSTRUCT_BLOCKED: OVERPAY_LIMIT (Op:0.3000 > L:0.0021, Cost:$1.50)",,,,,,,,5.0,10.0,,,,,0,0,,,Inv: 5.0/10.0 CapLeft: 35.0,,,5.0,10.0,15.0,35.0,50.0,0.0,50.0,0.96,0.040000000000000036,-5.0,0.45999999999999996,0.84,0.2999999999999998,5.0,1.4999999999999991,0.0020541494011878966,OVERPAY_LIMIT
1765987501.443984,eth-updown-15m-1765987200,1765987200.0,1765988100.0,,598.5560159683228,,,,,0,0,0.99,0.98,ONE_LEG_INVENTORY,,,,,,,,,,,,,,0,5,,,,,,,,,,,,,,,,,,,,"RECONSTRUCT_BLOCKED: OVERPAY_LIMIT (Op:0.3000 > L:0.0021, Cost:$1.50)",,,,,,,,5.0,10.0,,,,,0,0,,,Inv: 5.0/10.0 CapLeft: 35.0,,,5.0,10.0,15.0,35.0,50.0,0.0,50.0,0.96,0.040000000000000036,-5.0,0.45999999999999996,0.84,0.2999999999999998,5.0,1.4999999999999991,0.0020541494011878966,OVERPAY_LIMIT
1765987502.0113208,eth-updown-15m-1765987200,1765987200.0,1765988100.0,,597.9886791706085,,,,,0,0,0.9,0.98,ORDERS_OPEN,,,,,,,,,,,,,,0,5,,,,,,,,,,,,,,,,,,,,,,,,,,,,0.0,0.0,,,,,0,0,,,Inv: 0.0/0.0 CapLeft: 50.0,,,0.0,0.0,0.0,50.0,50.0,0.0,50.0,0.9,0.09999999999999998,0.0,0.0,0.0,0.0,0.0,0.0,0.0,
1765987503.513059,eth-updown-15m-1765987200,1765987200.0,1765988100.0,,596.4869410991669,,,,,0,0,0.9,0.98,ORDERS_OPEN,,,,,,,,,,,,,,0,5,,,,,,,,,,,,,,,,,,,,,,,,,,,,0.0,0.0,,,,,0,0,,,Inv: 0.0/0.0 CapLeft: 50.0,,,0.0,0.0,0.0,50.0,50.0,0.0,50.0,0.9,0.09999999999999998,0.0,0.0,0.0,0.0,0.0,0.0,0.0,
1765987503.4385335,eth-updown-15m-1765987200,1765987200.0,1765988100.0,,596.5614664554596,,,,,0,0,0.98,0.98,ONE_LEG_INVENTORY,,,,,,,,,,,,,,0,5,,,,,,,,,,,,,,,,,,,,"RECONSTRUCT_BLOCKED: OVERPAY_LIMIT (Op:0.3000 > L:0.0021, Cost:$1.50)",,,,,,,,5.0,10.0,,,,,0,0,,,Inv: 5.0/10.0 CapLeft: 35.0,,,5.0,10.0,15.0,35.0,50.0,0.0,50.0,0.96,0.040000000000000036,-5.0,0.45999999999999996,0.84,0.2999999999999998,5.0,1.4999999999999991,0.0021289450079202653,OVERPAY_LIMIT
1765987503.4385335,eth-updown-15m-1765987200,1765987200.0,1765988100.0,,596.5614664554596,,,,,0,0,0.98,0.98,ONE_LEG_INVENTORY,,,,,,,,,,,,,,0,5,,,,,,,,,,,,,,,,,,,,"RECONSTRUCT_BLOCKED: OVERPAY_LIMIT (Op:0.3000 > L:0.0021, Cost:$1.50)",,,,,,,,5.0,10.0,,,,,0,0,,,Inv: 5.0/10.0 CapLeft: 35.0,,,5.0,10.0,15.0,35.0,50.0,0.0,50.0,0.96,0.040000000000000036,-5.0,0.45999999999999996,0.84,0.2999999999999998,5.0,1.4999999999999991,0.0021289450079202653,OVERPAY_LIMIT
1765987505.0482526,eth-updown-15m-1765987200,1765987200.0,1765988100.0,,594.95174741745,,,,,0,0,0.9,0.98,ORDERS_OPEN,,,,,,,,,,,,,,0,5,,,,,,,,,,,,,,,,,,,,,,,,,,,,0.0,0.0,,,,,0,0,,,Inv: 0.0/0.0 CapLeft: 50.0,,,0.0,0.0,0.0,50.0,50.0,0.0,50.0,0.9,0.09999999999999998,0.0,0.0,0.0,0.0,0.0,0.0,0.0,
1765987505.423746,eth-updown-15m-1765987200,1765987200.0,1765988100.0,,594.5762538909912,,,,,0,0,0.98,0.98,ONE_LEG_INVENTORY,,,,,,,,,,,,,,0,5,,,,,,,,,,,,,,,,,,,,"RECONSTRUCT_BLOCKED: OVERPAY_LIMIT (Op:0.2800 > L:0.0022, Cost:$1.40)",,,,,,,,5.0,10.0,,,,,0,0,,,Inv: 5.0/10.0 CapLeft: 35.0,,,5.0,10.0,15.0,35.0,50.0,0.0,50.0,0.96,0.040000000000000036,-5.0,0.45999999999999996,0.82,0.2799999999999998,5.0,1.399999999999999,0.0022033904790878297,OVERPAY_LIMIT
1765987505.423746,eth-updown-15m-1765987200,1765987200.0,1765988100.0,,594.5762538909912,,,,,0,0,0.98,0.98,ONE_LEG_INVENTORY,,,,,,,,,,,,,,0,5,,,,,,,,,,,,,,,,,,,,"RECONSTRUCT_BLOCKED: OVERPAY_LIMIT (Op:0.2800 > L:0.0022, Cost:$1.40)",,,,,,,,5.0,10.0,,,,,0,0,,,Inv: 5.0/10.0 CapLeft: 35.0,,,5.0,10.0,15.0,35.0,50.0,0.0,50.0,0.96,0.040000000000000036,-5.0,0.45999999999999996,0.82,0.2799999999999998,5.0,1.399999999999999,0.0022033904790878297,OVERPAY_LIMIT
1765987506.5511086,eth-updown-15m-1765987200,1765987200.0,1765988100.0,,593.4488914012909,,,,,0,0,0.9,0.98,ORDERS_OPEN,,,,,,,,,,,,,,0,5,,,,,,,,,,,,,,,,,,,,,,,,,,,,0.0,0.0,,,,,0,0,,,Inv: 0.0/0.0 CapLeft: 50.0,,,0.0,0.0,0.0,50.0,50.0,0.0,50.0,0.9,0.09999999999999998,0.0,0.0,0.0,0.0,0.0,0.0,0.0,
1765987507.4189765,eth-updown-15m-1765987200,1765987200.0,1765988100.0,,592.5810234546661,,,,,0,0,0.99,0.98,ONE_LEG_INVENTORY,,,,,,,,,,,,,,0,5,,,,,,,,,,,,,,,,,,,,"RECONSTRUCT_BLOCKED: OVERPAY_LIMIT (Op:0.2700 > L:0.0023, Cost:$1.35)",,,,,,,,5.0,10.0,,,,,0,0,,,Inv: 5.0/10.0 CapLeft: 35.0,,,5.0,10.0,15.0,35.0,50.0,0.0,50.0,0.96,0.040000000000000036,-5.0,0.45999999999999996,0.81,0.27,5.0,1.35,0.00227821162045002,OVERPAY_LIMIT
1765987507.4189765,eth-updown-15m-1765987200,1765987200.0,1765988100.0,,592.5810234546661,,,,,0,0,0.99,0.98,ONE_LEG_INVENTORY,,,,,,,,,,,,,,0,5,,,,,,,,,,,,,,,,,,,,"RECONSTRUCT_BLOCKED: OVERPAY_LIMIT (Op:0.2700 > L:0.0023, Cost:$1.35)",,,,,,,,5.0,10.0,,,,,0,0,,,Inv: 5.0/10.0 CapLeft: 35.0,,,5.0,10.0,15.0,35.0,50.0,0.0,50.0,0.96,0.040000000000000036,-5.0,0.45999999999999996,0.81,0.27,5.0,1.35,0.00227821162045002,OVERPAY_LIMIT
1765987508.053153,eth-updown-15m-1765987200,1765987200.0,1765988100.0,,591.9468469619751,,,,,0,0,0.9,0.98,ORDERS_OPEN,,,,,,,,,,,,,,0,5,,,,,,,,,,,,,,,,,,,,,,,,,,,,0.0,0.0,,,,,0,0,,,Inv: 0.0/0.0 CapLeft: 50.0,,,0.0,0.0,0.0,50.0,50.0,0.0,50.0,0.9,0.09999999999999998,0.0,0.0,0.0,0.0,0.0,0.0,0.0,
1765987509.555574,eth-updown-15m-1765987200,1765987200.0,1765988100.0,,590.4444260597229,,,,,0,0,0.9,0.98,ORDERS_OPEN,,,,,,,,,,,,,,0,5,,,,,,,,,,,,,,,,,,,,,,,,,,,,0.0,0.0,,,,,0,0,,,Inv: 0.0/0.0 CapLeft: 50.0,,,0.0,0.0,0.0,50.0,50.0,0.0,50.0,0.9,0.09999999999999998,0.0,0.0,0.0,0.0,0.0,0.0,0.0,
1765987509.4002106,eth-updown-15m-1765987200,1765987200.0,1765988100.0,,590.5997893810272,,,,,0,0,0.98,0.98,ONE_LEG_INVENTORY,,,,,,,,,,,,,,0,5,,,,,,,,,,,,,,,,,,,,"RECONSTRUCT_BLOCKED: OVERPAY_LIMIT (Op:0.2400 > L:0.0024, Cost:$1.20)",,,,,,,,5.0,10.0,,,,,0,0,,,Inv: 5.0/10.0 CapLeft: 35.0,,,5.0,10.0,15.0,35.0,50.0,0.0,50.0,0.96,0.040000000000000036,-5.0,0.45999999999999996,0.78,0.24,5.0,1.2,0.0023525078982114794,OVERPAY_LIMIT
1765987509.4002106,eth-updown-15m-1765987200,1765987200.0,1765988100.0,,590.5997893810272,,,,,0,0,0.98,0.98,ONE_LEG_INVENTORY,,,,,,,,,,,,,,0,5,,,,,,,,,,,,,,,,,,,,"RECONSTRUCT_BLOCKED: OVERPAY_LIMIT (Op:0.2400 > L:0.0024, Cost:$1.20)",,,,,,,,5.0,10.0,,,,,0,0,,,Inv: 5.0/10.0 CapLeft: 35.0,,,5.0,10.0,15.0,35.0,50.0,0.0,50.0,0.96,0.040000000000000036,-5.0,0.45999999999999996,0.78,0.24,5.0,1.2,0.0023525078982114794,OVERPAY_LIMIT
1765987511.0579138,eth-updown-15m-1765987200,1765987200.0,1765988100.0,,588.9420862197876,,,,,0,0,0.9,0.98,ORDERS_OPEN,,,,,,,,,,,,,,0,5,,,,,,,,,,,,,,,,,,,,,,,,,,,,0.0,0.0,,,,,0,0,,,Inv: 0.0/0.0 CapLeft: 50.0,,,0.0,0.0,0.0,50.0,50.0,0.0,50.0,0.9,0.09999999999999998,0.0,0.0,0.0,0.0,0.0,0.0,0.0,
1765987511.3596551,eth-updown-15m-1765987200,1765987200.0,1765988100.0,,588.6403448581696,,,,,0,0,0.98,0.98,ONE_LEG_INVENTORY,,,,,,,,,,,,,,0,5,,,,,,,,,,,,,,,,,,,,"RECONSTRUCT_BLOCKED: OVERPAY_LIMIT (Op:0.2300 > L:0.0024, Cost:$1.15)",,,,,,,,5.0,10.0,,,,,0,0,,,Inv: 5.0/10.0 CapLeft: 35.0,,,5.0,10.0,15.0,35.0,50.0,0.0,50.0,0.96,0.040000000000000036,-5.0,0.45999999999999996,0.77,0.22999999999999998,5.0,1.15,0.0024259870678186414,OVERPAY_LIMIT
1765987511.3596551,eth-updown-15m-1765987200,1765987200.0,1765988100.0,,588.6403448581696,,,,,0,0,0.98,0.98,ONE_LEG_INVENTORY,,,,,,,,,,,,,,0,5,,,,,,,,,,,,,,,,,,,,"RECONSTRUCT_BLOCKED: OVERPAY_LIMIT (Op:0.2300 > L:0.0024, Cost:$1.15)",,,,,,,,5.0,10.0,,,,,0,0,,,Inv: 5.0/10.0 CapLeft: 35.0,,,5.0,10.0,15.0,35.0,50.0,0.0,50.0,0.96,0.040000000000000036,-5.0,0.45999999999999996,0.77,0.22999999999999998,5.0,1.15,0.0024259870678186414,OVERPAY_LIMIT
1765987512.5649917,eth-updown-15m-1765987200,1765987200.0,1765988100.0,,587.4350082874298,,,,,0,0,0.9,0.98,ORDERS_OPEN,,,,,,,,,,,,,,0,5,,,,,,,,,,,,,,,,,,,,,,,,,,,,0.0,0.0,,,,,0,0,,,Inv: 0.0/0.0 CapLeft: 50.0,,,0.0,0.0,0.0,50.0,50.0,0.0,50.0,0.9,0.09999999999999998,0.0,0.0,0.0,0.0,0.0,0.0,0.0,
1765987513.2937856,eth-updown-15m-1765987200,1765987200.0,1765988100.0,,586.706214427948,,,,,0,0,0.98,0.98,ONE_LEG_INVENTORY,,,,,,,,,,,,,,0,5,,,,,,,,,,,,,,,,,,,,"RECONSTRUCT_BLOCKED: OVERPAY_LIMIT (Op:0.2400 > L:0.0025, Cost:$1.20)",,,,,,,,5.0,10.0,,,,,0,0,,,Inv: 5.0/10.0 CapLeft: 35.0,,,5.0,10.0,15.0,35.0,50.0,0.0,50.0,0.96,0.040000000000000036,-5.0,0.45999999999999996,0.78,0.24,5.0,1.2,0.00249851695895195,OVERPAY_LIMIT
1765987513.2937856,eth-updown-15m-1765987200,1765987200.0,1765988100.0,,586.706214427948,,,,,0,0,0.98,0.98,ONE_LEG_INVENTORY,,,,,,,,,,,,,,0,5,,,,,,,,,,,,,,,,,,,,"RECONSTRUCT_BLOCKED: OVERPAY_LIMIT (Op:0.2400 > L:0.0025, Cost:$1.20)",,,,,,,,5.0,10.0,,,,,0,0,,,Inv: 5.0/10.0 CapLeft: 35.0,,,5.0,10.0,15.0,35.0,50.0,0.0,50.0,0.96,0.040000000000000036,-5.0,0.45999999999999996,0.78,0.24,5.0,1.2,0.00249851695895195,OVERPAY_LIMIT
1765987514.0676908,eth-updown-15m-1765987200,1765987200.0,1765988100.0,,585.9323091506958,,,,,0,0,0.9,0.98,ORDERS_OPEN,,,,,,,,,,,,,,0,5,,,,,,,,,,,,,,,,,,,,,,,,,,,,0.0,0.0,,,,,0,0,,,Inv: 0.0/0.0 CapLeft: 50.0,,,0.0,0.0,0.0,50.0,50.0,0.0,50.0,0.9,0.09999999999999998,0.0,0.0,0.0,0.0,0.0,0.0,0.0,
1765987515.2483203,eth-updown-15m-1765987200,1765987200.0,1765988100.0,,584.7516796588898,,,,,0,0,0.98,0.98,ONE_LEG_INVENTORY,,,,,,,,,,,,,,0,5,,,,,,,,,,,,,,,,,,,,"RECONSTRUCT_BLOCKED: OVERPAY_LIMIT (Op:0.2400 > L:0.0026, Cost:$1.20)",,,,,,,,5.0,10.0,,,,,0,0,,,Inv: 5.0/10.0 CapLeft: 35.0,,,5.0,10.0,15.0,35.0,50.0,0.0,50.0,0.96,0.040000000000000036,-5.0,0.45999999999999996,0.78,0.24,5.0,1.2,0.0025718120127916338,OVERPAY_LIMIT
1765987515.2483203,eth-updown-15m-1765987200,1765987200.0,1765988100.0,,584.7516796588898,,,,,0,0,0.98,0.98,ONE_LEG_INVENTORY,,,,,,,,,,,,,,0,5,,,,,,,,,,,,,,,,,,,,"RECONSTRUCT_BLOCKED: OVERPAY_LIMIT (Op:0.2400 > L:0.0026, Cost:$1.20)",,,,,,,,5.0,10.0,,,,,0,0,,,Inv: 5.0/10.0 CapLeft: 35.0,,,5.0,10.0,15.0,35.0,50.0,0.0,50.0,0.96,0.040000000000000036,-5.0,0.45999999999999996,0.78,0.24,5.0,1.2,0.0025718120127916338,OVERPAY_LIMIT
1765987517.0783832,eth-updown-15m-1765987200,1765987200.0,1765988100.0,,582.9216167926788,,,,,0.45,0.45,0.9,0.98,ORDERS_OPEN,,,,,,,,,,,,,,5,5,,,,,,,,,,,,,,,,,,,,Leg:BOTH UP:5 DOWN:5,,,,,,,,0.0,0.0,,,,,0,0,,,Inv: 0.0/0.0 CapLeft: 50.0,,,0.0,0.0,0.0,50.0,50.0,0.0,50.0,0.9,0.09999999999999998,0.0,0.0,0.0,0.0,0.0,0.0,0.0,
1765987517.2388258,eth-updown-15m-1765987200,1765987200.0,1765988100.0,,582.7611742019653,,,,,0,0,0.99,0.98,ONE_LEG_INVENTORY,,,,,,,,,,,,,,0,5,,,,,,,,,,,,,,,,,,,,"RECONSTRUCT_BLOCKED: OVERPAY_LIMIT (Op:0.2300 > L:0.0026, Cost:$1.15)",,,,,,,,5.0,10.0,,,,,0,0,,,Inv: 5.0/10.0 CapLeft: 35.0,,,5.0,10.0,15.0,35.0,50.0,0.0,50.0,0.96,0.040000000000000036,-5.0,0.45999999999999996,0.77,0.22999999999999998,5.0,1.15,0.0026464559674263,OVERPAY_LIMIT
1765987517.2388258,eth-updown-15m-1765987200,1765987200.0,1765988100.0,,582.7611742019653,,,,,0,0,0.99,0.98,ONE_LEG_INVENTORY,,,,,,,,,,,,,,0,5,,,,,,,,,,,,,,,,,,,,"RECONSTRUCT_BLOCKED: OVERPAY_LIMIT (Op:0.2300 > L:0.0026, Cost:$1.15)",,,,,,,,5.0,10.0,,,,,0,0,,,Inv: 5.0/10.0 CapLeft: 35.0,,,5.0,10.0,15.0,35.0,50.0,0.0,50.0,0.96,0.040000000000000036,-5.0,0.45999999999999996,0.77,0.22999999999999998,5.0,1.15,0.0026464559674263,OVERPAY_LIMIT
1765987518.5810127,eth-updown-15m-1765987200,1765987200.0,1765988100.0,,581.4189872741699,,,,,0,0,0.9,0.98,ORDERS_OPEN,,,,,,,,,,,,,,0,5,,,,,,,,,,,,,,,,,,,,,,,,,,,,0.0,0.0,,,,,0,0,,,Inv: 0.0/0.0 CapLeft: 50.0,,,0.0,0.0,0.0,50.0,50.0,0.0,50.0,0.9,0.09999999999999998,0.0,0.0,0.0,0.0,0.0,0.0,0.0,
1765987519.2325501,eth-updown-15m-1765987200,1765987200.0,1765988100.0,,580.7674498558044,,,,,0,0,0.98,0.98,ONE_LEG_INVENTORY,,,,,,,,,,,,,,0,5,,,,,,,,,,,,,,,,,,,,"RECONSTRUCT_BLOCKED: OVERPAY_LIMIT (Op:0.2200 > L:0.0027, Cost:$1.10)",,,,,,,,5.0,10.0,,,,,0,0,,,Inv: 5.0/10.0 CapLeft: 35.0,,,5.0,10.0,15.0,35.0,50.0,0.0,50.0,0.96,0.040000000000000036,-5.0,0.45999999999999996,0.76,0.21999999999999997,5.0,1.0999999999999999,0.0027212206304073334,OVERPAY_LIMIT
1765987519.2325501,eth-updown-15m-1765987200,1765987200.0,1765988100.0,,580.7674498558044,,,,,0,0,0.98,0.98,ONE_LEG_INVENTORY,,,,,,,,,,,,,,0,5,,,,,,,,,,,,,,,,,,,,"RECONSTRUCT_BLOCKED: OVERPAY_LIMIT (Op:0.2200 > L:0.0027, Cost:$1.10)",,,,,,,,5.0,10.0,,,,,0,0,,,Inv: 5.0/10.0 CapLeft: 35.0,,,5.0,10.0,15.0,35.0,50.0,0.0,50.0,0.96,0.040000000000000036,-5.0,0.45999999999999996,0.76,0.21999999999999997,5.0,1.0999999999999999,0.0027212206304073334,OVERPAY_LIMIT
1765987520.0979319,eth-updown-15m-1765987200,1765987200.0,1765988100.0,,579.9020681381226,,,,,0,0,0.9,0.98,ORDERS_OPEN,,,,,,,,,,,,,,0,5,,,,,,,,,,,,,,,,,,,,,,,,,,,,0.0,0.0,,,,,0,0,,,Inv: 0.0/0.0 CapLeft: 50.0,,,0.0,0.0,0.0,50.0,50.0,0.0,50.0,0.9,0.09999999999999998,0.0,0.0,0.0,0.0,0.0,0.0,0.0,
1765987521.6228855,eth-updown-15m-1765987200,1765987200.0,1765988100.0,,578.377114534378,,,,,0,0,0.9,0.98,ORDERS_OPEN,,,,,,,,,,,,,,0,5,,,,,,,,,,,,,,,,,,,,,,,,,,,,0.0,0.0,,,,,0,0,,,Inv: 0.0/0.0 CapLeft: 50.0,,,0.0,0.0,0.0,50.0,50.0,0.0,50.0,0.9,0.09999999999999998,0.0,0.0,0.0,0.0,0.0,0.0,0.0,
1765987521.2198417,eth-updown-15m-1765987200,1765987200.0,1765988100.0,,578.7801582813263,,,,,0,0,0.97,0.98,ONE_LEG_INVENTORY,,,,,,,,,,,,,,0,5,,,,,,,,,,,,,,,,,,,,"RECONSTRUCT_BLOCKED: OVERPAY_LIMIT (Op:0.2100 > L:0.0028, Cost:$1.05)",,,,,,,,5.0,10.0,,,,,0,0,,,Inv: 5.0/10.0 CapLeft: 35.0,,,5.0,10.0,15.0,35.0,50.0,0.0,50.0,0.96,0.040000000000000036,-5.0,0.45999999999999996,0.75,0.20999999999999996,5.0,1.0499999999999998,0.002795744064450264,OVERPAY_LIMIT
1765987521.2198417,eth-updown-15m-1765987200,1765987200.0,1765988100.0,,578.7801582813263,,,,,0,0,0.97,0.98,ONE_LEG_INVENTORY,,,,,,,,,,,,,,0,5,,,,,,,,,,,,,,,,,,,,"RECONSTRUCT_BLOCKED: OVERPAY_LIMIT (Op:0.2100 > L:0.0028, Cost:$1.05)",,,,,,,,5.0,10.0,,,,,0,0,,,Inv: 5.0/10.0 CapLeft: 35.0,,,5.0,10.0,15.0,35.0,50.0,0.0,50.0,0.96,0.040000000000000036,-5.0,0.45999999999999996,0.75,0.20999999999999996,5.0,1.0499999999999998,0.002795744064450264,OVERPAY_LIMIT
1765987523.1330495,eth-updown-15m-1765987200,1765987200.0,1765988100.0,,576.8669505119324,,,,,0,0,0.9,0.98,ORDERS_OPEN,,,,,,,,,,,,,,0,5,,,,,,,,,,,,,,,,,,,,,,,,,,,,0.0,0.0,,,,,0,0,,,Inv: 0.0/0.0 CapLeft: 50.0,,,0.0,0.0,0.0,50.0,50.0,0.0,50.0,0.9,0.09999999999999998,0.0,0.0,0.0,0.0,0.0,0.0,0.0,
1765987523.1702776,eth-updown-15m-1765987200,1765987200.0,1765988100.0,,576.82972240448,,,,,0,0,0.99,0.98,ONE_LEG_INVENTORY,,,,,,,,,,,,,,0,5,,,,,,,,,,,,,,,,,,,,"RECONSTRUCT_BLOCKED: OVERPAY_LIMIT (Op:0.2200 > L:0.0029, Cost:$1.10)",,,,,,,,5.0,10.0,,,,,0,0,,,Inv: 5.0/10.0 CapLeft: 35.0,,,5.0,10.0,15.0,35.0,50.0,0.0,50.0,0.96,0.040000000000000036,-5.0,0.45999999999999996,0.76,0.21999999999999997,5.0,1.0999999999999999,0.0028688854098320006,OVERPAY_LIMIT
1765987523.1702776,eth-updown-15m-1765987200,1765987200.0,1765988100.0,,576.82972240448,,,,,0,0,0.99,0.98,ONE_LEG_INVENTORY,,,,,,,,,,,,,,0,5,,,,,,,,,,,,,,,,,,,,"RECONSTRUCT_BLOCKED: OVERPAY_LIMIT (Op:0.2200 > L:0.0029, Cost:$1.10)",,,,,,,,5.0,10.0,,,,,0,0,,,Inv: 5.0/10.0 CapLeft: 35.0,,,5.0,10.0,15.0,35.0,50.0,0.0,50.0,0.96,0.040000000000000036,-5.0,0.45999999999999996,0.76,0.21999999999999997,5.0,1.0999999999999999,0.0028688854098320006,OVERPAY_LIMIT
1765987524.6720548,eth-updown-15m-1765987200,1765987200.0,1765988100.0,,575.3279452323914,,,,,0,0,0.9,0.98,ORDERS_OPEN,,,,,,,,,,,,,,0,5,,,,,,,,,,,,,,,,,,,,,,,,,,,,0.0,0.0,,,,,0,0,,,Inv: 0.0/0.0 CapLeft: 50.0,,,0.0,0.0,0.0,50.0,50.0,0.0,50.0,0.9,0.09999999999999998,0.0,0.0,0.0,0.0,0.0,0.0,0.0,
1765987525.1498964,eth-updown-15m-1765987200,1765987200.0,1765988100.0,,574.8501036167145,,,,,0,0,0.98,0.98,ONE_LEG_INVENTORY,,,,,,,,,,,,,,0,5,,,,,,,,,,,,,,,,,,,,"RECONSTRUCT_BLOCKED: OVERPAY_LIMIT (Op:0.2300 > L:0.0029, Cost:$1.15)",,,,,,,,5.0,10.0,,,,,0,0,,,Inv: 5.0/10.0 CapLeft: 35.0,,,5.0,10.0,15.0,35.0,50.0,0.0,50.0,0.96,0.040000000000000036,-5.0,0.45999999999999996,0.77,0.22999999999999998,5.0,1.15,0.002943121114373207,OVERPAY_LIMIT
1765987525.1498964,eth-updown-15m-1765987200,1765987200.0,1765988100.0,,574.8501036167145,,,,,0,0,0.98,0.98,ONE_LEG_INVENTORY,,,,,,,,,,,,,,0,5,,,,,,,,,,,,,,,,,,,,"RECONSTRUCT_BLOCKED: OVERPAY_LIMIT (Op:0.2300 > L:0.0029, Cost:$1.15)",,,,,,,,5.0,10.0,,,,,0,0,,,Inv: 5.0/10.0 CapLeft: 35.0,,,5.0,10.0,15.0,35.0,50.0,0.0,50.0,0.96,0.040000000000000036,-5.0,0.45999999999999996,0.77,0.22999999999999998,5.0,1.15,0.002943121114373207,OVERPAY_LIMIT
1765987526.1738503,eth-updown-15m-1765987200,1765987200.0,1765988100.0,,573.8261497020721,,,,,0,0,0.9,0.98,ORDERS_OPEN,,,,,,,,,,,,,,0,5,,,,,,,,,,,,,,,,,,,,,,,,,,,,0.0,0.0,,,,,0,0,,,Inv: 0.0/0.0 CapLeft: 50.0,,,0.0,0.0,0.0,50.0,50.0,0.0,50.0,0.9,0.09999999999999998,0.0,0.0,0.0,0.0,0.0,0.0,0.0,
1765987527.0778837,eth-updown-15m-1765987200,1765987200.0,1765988100.0,,572.922116279602,,,,,0,0,0.96,0.98,ONE_LEG_INVENTORY,,,,,,,,,,,,,,0,5,,,,,,,,,,,,,,,,,,,,"RECONSTRUCT_BLOCKED: OVERPAY_LIMIT (Op:0.2100 > L:0.0030, Cost:$1.05)",,,,,,,,5.0,10.0,,,,,0,0,,,Inv: 5.0/10.0 CapLeft: 35.0,,,5.0,10.0,15.0,35.0,50.0,0.0,50.0,0.96,0.040000000000000036,-5.0,0.45999999999999996,0.75,0.20999999999999996,5.0,1.0499999999999998,0.003015420639514923,OVERPAY_LIMIT
1765987527.0778837,eth-updown-15m-1765987200,1765987200.0,1765988100.0,,572.922116279602,,,,,0,0,0.96,0.98,ONE_LEG_INVENTORY,,,,,,,,,,,,,,0,5,,,,,,,,,,,,,,,,,,,,"RECONSTRUCT_BLOCKED: OVERPAY_LIMIT (Op:0.2100 > L:0.0030, Cost:$1.05)",,,,,,,,5.0,10.0,,,,,0,0,,,Inv: 5.0/10.0 CapLeft: 35.0,,,5.0,10.0,15.0,35.0,50.0,0.0,50.0,0.96,0.040000000000000036,-5.0,0.45999999999999996,0.75,0.20999999999999996,5.0,1.0499999999999998,0.003015420639514923,OVERPAY_LIMIT
1765987527.6761959,eth-updown-15m-1765987200,1765987200.0,1765988100.0,,572.3238041400909,,,,,0,0,0.9,0.98,ORDERS_OPEN,,,,,,,,,,,,,,0,5,,,,,,,,,,,,,,,,,,,,,,,,,,,,0.0,0.0,,,,,0,0,,,Inv: 0.0/0.0 CapLeft: 50.0,,,0.0,0.0,0.0,50.0,50.0,0.0,50.0,0.9,0.09999999999999998,0.0,0.0,0.0,0.0,0.0,0.0,0.0,
1765987529.1790924,eth-updown-15m-1765987200,1765987200.0,1765988100.0,,570.8209075927734,,,,,0,0,0.9,0.98,ORDERS_OPEN,,,,,,,,,,,,,,0,5,,,,,,,,,,,,,,,,,,,,,,,,,,,,0.0,0.0,,,,,0,0,,,Inv: 0.0/0.0 CapLeft: 50.0,,,0.0,0.0,0.0,50.0,50.0,0.0,50.0,0.9,0.09999999999999998,0.0,0.0,0.0,0.0,0.0,0.0,0.0,
1765987529.0106952,eth-updown-15m-1765987200,1765987200.0,1765988100.0,,570.9893047809601,,,,,0,0,0.98,0.98,ONE_LEG_INVENTORY,,,,,,,,,,,,,,0,5,,,,,,,,,,,,,,,,,,,,"RECONSTRUCT_BLOCKED: OVERPAY_LIMIT (Op:0.2200 > L:0.0031, Cost:$1.10)",,,,,,,,5.0,10.0,,,,,0,0,,,Inv: 5.0/10.0 CapLeft: 35.0,,,5.0,10.0,15.0,35.0,50.0,0.0,50.0,0.96,0.040000000000000036,-5.0,0.45999999999999996,0.76,0.21999999999999997,5.0,1.0999999999999999,0.003087901070713997,OVERPAY_LIMIT
1765987529.0106952,eth-updown-15m-1765987200,1765987200.0,1765988100.0,,570.9893047809601,,,,,0,0,0.98,0.98,ONE_LEG_INVENTORY,,,,,,,,,,,,,,0,5,,,,,,,,,,,,,,,,,,,,"RECONSTRUCT_BLOCKED: OVERPAY_LIMIT (Op:0.2200 > L:0.0031, Cost:$1.10)",,,,,,,,5.0,10.0,,,,,0,0,,,Inv: 5.0/10.0 CapLeft: 35.0,,,5.0,10.0,15.0,35.0,50.0,0.0,50.0,0.96,0.040000000000000036,-5.0,0.45999999999999996,0.76,0.21999999999999997,5.0,1.0999999999999999,0.003087901070713997,OVERPAY_LIMIT
1765987530.6826518,eth-updown-15m-1765987200,1765987200.0,1765988100.0,,569.317348241806,,,,,0,0,0.9,0.98,ORDERS_OPEN,,,,,,,,,,,,,,0,5,,,,,,,,,,,,,,,,,,,,,,,,,,,,0.0,0.0,,,,,0,0,,,Inv: 0.0/0.0 CapLeft: 50.0,,,0.0,0.0,0.0,50.0,50.0,0.0,50.0,0.9,0.09999999999999998,0.0,0.0,0.0,0.0,0.0,0.0,0.0,
1765987530.9817302,eth-updown-15m-1765987200,1765987200.0,1765988100.0,,569.018269777298,,,,,0,0,1.0,0.98,ONE_LEG_INVENTORY,,,,,,,,,,,,,,0,5,,,,,,,,,,,,,,,,,,,,"RECONSTRUCT_BLOCKED: OVERPAY_LIMIT (Op:0.2300 > L:0.0032, Cost:$1.15)",,,,,,,,5.0,10.0,,,,,0,0,,,Inv: 5.0/10.0 CapLeft: 35.0,,,5.0,10.0,15.0,35.0,50.0,0.0,50.0,0.96,0.040000000000000036,-5.0,0.45999999999999996,0.77,0.22999999999999998,5.0,1.15,0.003161814883351326,OVERPAY_LIMIT
1765987530.9817302,eth-updown-15m-1765987200,1765987200.0,1765988100.0,,569.018269777298,,,,,0,0,1.0,0.98,ONE_LEG_INVENTORY,,,,,,,,,,,,,,0,5,,,,,,,,,,,,,,,,,,,,"RECONSTRUCT_BLOCKED: OVERPAY_LIMIT (Op:0.2300 > L:0.0032, Cost:$1.15)",,,,,,,,5.0,10.0,,,,,0,0,,,Inv: 5.0/10.0 CapLeft: 35.0,,,5.0,10.0,15.0,35.0,50.0,0.0,50.0,0.96,0.040000000000000036,-5.0,0.45999999999999996,0.77,0.22999999999999998,5.0,1.15,0.003161814883351326,OVERPAY_LIMIT
1765987532.9395912,eth-updown-15m-1765987200,1765987200.0,1765988100.0,,567.0604088306427,,,,,0,0,0.98,0.98,ONE_LEG_INVENTORY,,,,,,,,,,,,,,0,5,,,,,,,,,,,,,,,,,,,,"RECONSTRUCT_BLOCKED: OVERPAY_LIMIT (Op:0.2200 > L:0.0032, Cost:$1.10)",,,,,,,,5.0,10.0,,,,,0,0,,,Inv: 5.0/10.0 CapLeft: 35.0,,,5.0,10.0,15.0,35.0,50.0,0.0,50.0,0.96,0.040000000000000036,-5.0,0.45999999999999996,0.76,0.21999999999999997,5.0,1.0999999999999999,0.0032352346688508987,OVERPAY_LIMIT
1765987532.9395912,eth-updown-15m-1765987200,1765987200.0,1765988100.0,,567.0604088306427,,,,,0,0,0.98,0.98,ONE_LEG_INVENTORY,,,,,,,,,,,,,,0,5,,,,,,,,,,,,,,,,,,,,"RECONSTRUCT_BLOCKED: OVERPAY_LIMIT (Op:0.2200 > L:0.0032, Cost:$1.10)",,,,,,,,5.0,10.0,,,,,0,0,,,Inv: 5.0/10.0 CapLeft: 35.0,,,5.0,10.0,15.0,35.0,50.0,0.0,50.0,0.96,0.040000000000000036,-5.0,0.45999999999999996,0.76,0.21999999999999997,5.0,1.0999999999999999,0.0032352346688508987,OVERPAY_LIMIT
1765987533.6855843,eth-updown-15m-1765987200,1765987200.0,1765988100.0,,566.3144156932831,,,,,0.45,0.45,0.9,0.98,ORDERS_OPEN,,,,,,,,,,,,,,5,5,,,,,,,,,,,,,,,,,,,,Leg:BOTH UP:5 DOWN:5,,,,,,,,0.0,0.0,,,,,0,0,,,Inv: 0.0/0.0 CapLeft: 50.0,,,0.0,0.0,0.0,50.0,50.0,0.0,50.0,0.9,0.09999999999999998,0.0,0.0,0.0,0.0,0.0,0.0,0.0,
1765987535.1876423,eth-updown-15m-1765987200,1765987200.0,1765988100.0,,564.8123576641083,,,,,0,0,0.9,0.98,ORDERS_OPEN,,,,,,,,,,,,,,0,5,,,,,,,,,,,,,,,,,,,,,,,,,,,,0.0,0.0,,,,,0,0,,,Inv: 0.0/0.0 CapLeft: 50.0,,,0.0,0.0,0.0,50.0,50.0,0.0,50.0,0.9,0.09999999999999998,0.0,0.0,0.0,0.0,0.0,0.0,0.0,
1765987534.8603342,eth-updown-15m-1765987200,1765987200.0,1765988100.0,,565.1396658420563,,,,,0,0,0.99,0.98,ONE_LEG_INVENTORY,,,,,,,,,,,,,,0,5,,,,,,,,,,,,,,,,,,,,"RECONSTRUCT_BLOCKED: OVERPAY_LIMIT (Op:0.2300 > L:0.0033, Cost:$1.15)",,,,,,,,5.0,10.0,,,,,0,0,,,Inv: 5.0/10.0 CapLeft: 35.0,,,5.0,10.0,15.0,35.0,50.0,0.0,50.0,0.96,0.040000000000000036,-5.0,0.45999999999999996,0.77,0.22999999999999998,5.0,1.15,0.00330726253092289,OVERPAY_LIMIT
1765987534.8603342,eth-updown-15m-1765987200,1765987200.0,1765988100.0,,565.1396658420563,,,,,0,0,0.99,0.98,ONE_LEG_INVENTORY,,,,,,,,,,,,,,0,5,,,,,,,,,,,,,,,,,,,,"RECONSTRUCT_BLOCKED: OVERPAY_LIMIT (Op:0.2300 > L:0.0033, Cost:$1.15)",,,,,,,,5.0,10.0,,,,,0,0,,,Inv: 5.0/10.0 CapLeft: 35.0,,,5.0,10.0,15.0,35.0,50.0,0.0,50.0,0.96,0.040000000000000036,-5.0,0.45999999999999996,0.77,0.22999999999999998,5.0,1.15,0.00330726253092289,OVERPAY_LIMIT
1765987536.693061,eth-updown-15m-1765987200,1765987200.0,1765988100.0,,563.3069388866425,,,,,0,0,0.9,0.98,ORDERS_OPEN,,,,,,,,,,,,,,0,5,,,,,,,,,,,,,,,,,,,,,,,,,,,,0.0,0.0,,,,,0,0,,,Inv: 0.0/0.0 CapLeft: 50.0,,,0.0,0.0,0.0,50.0,50.0,0.0,50.0,0.9,0.09999999999999998,0.0,0.0,0.0,0.0,0.0,0.0,0.0,
1765987536.7903209,eth-updown-15m-1765987200,1765987200.0,1765988100.0,,563.2096791267395,,,,,0,0,0.98,0.98,ONE_LEG_INVENTORY,,,,,,,,,,,,,,0,5,,,,,,,,,,,,,,,,,,,,"RECONSTRUCT_BLOCKED: OVERPAY_LIMIT (Op:0.2000 > L:0.0034, Cost:$1.00)",,,,,,,,5.0,10.0,,,,,0,0,,,Inv: 5.0/10.0 CapLeft: 35.0,,,5.0,10.0,15.0,35.0,50.0,0.0,50.0,0.96,0.040000000000000036,-5.0,0.45999999999999996,0.74,0.19999999999999996,5.0,0.9999999999999998,0.003379637032747269,OVERPAY_LIMIT
1765987536.7903209,eth-updown-15m-1765987200,1765987200.0,1765988100.0,,563.2096791267395,,,,,0,0,0.98,0.98,ONE_LEG_INVENTORY,,,,,,,,,,,,,,0,5,,,,,,,,,,,,,,,,,,,,"RECONSTRUCT_BLOCKED: OVERPAY_LIMIT (Op:0.2000 > L:0.0034, Cost:$1.00)",,,,,,,,5.0,10.0,,,,,0,0,,,Inv: 5.0/10.0 CapLeft: 35.0,,,5.0,10.0,15.0,35.0,50.0,0.0,50.0,0.96,0.040000000000000036,-5.0,0.45999999999999996,0.74,0.19999999999999996,5.0,0.9999999999999998,0.003379637032747269,OVERPAY_LIMIT
1765987538.1952755,eth-updown-15m-1765987200,1765987200.0,1765988100.0,,561.8047244548798,,,,,0,0,0.9,0.98,ORDERS_OPEN,,,,,,,,,,,,,,0,5,,,,,,,,,,,,,,,,,,,,,,,,,,,,0.0,0.0,,,,,0,0,,,Inv: 0.0/0.0 CapLeft: 50.0,,,0.0,0.0,0.0,50.0,50.0,0.0,50.0,0.9,0.09999999999999998,0.0,0.0,0.0,0.0,0.0,0.0,0.0,
1765987538.7417595,eth-updown-15m-1765987200,1765987200.0,1765988100.0,,561.2582404613495,,,,,0,0,0.98,0.98,ONE_LEG_INVENTORY,,,,,,,,,,,,,,0,5,,,,,,,,,,,,,,,,,,,,"RECONSTRUCT_BLOCKED: OVERPAY_LIMIT (Op:0.1600 > L:0.0035, Cost:$0.80)",,,,,,,,5.0,10.0,,,,,0,0,,,Inv: 5.0/10.0 CapLeft: 35.0,,,5.0,10.0,15.0,35.0,50.0,0.0,50.0,0.96,0.040000000000000036,-5.0,0.45999999999999996,0.7,0.15999999999999992,5.0,0.7999999999999996,0.0034528159826993942,OVERPAY_LIMIT
1765987538.7417595,eth-updown-15m-1765987200,1765987200.0,1765988100.0,,561.2582404613495,,,,,0,0,0.98,0.98,ONE_LEG_INVENTORY,,,,,,,,,,,,,,0,5,,,,,,,,,,,,,,,,,,,,"RECONSTRUCT_BLOCKED: OVERPAY_LIMIT (Op:0.1600 > L:0.0035, Cost:$0.80)",,,,,,,,5.0,10.0,,,,,0,0,,,Inv: 5.0/10.0 CapLeft: 35.0,,,5.0,10.0,15.0,35.0,50.0,0.0,50.0,0.96,0.040000000000000036,-5.0,0.45999999999999996,0.7,0.15999999999999992,5.0,0.7999999999999996,0.0034528159826993942,OVERPAY_LIMIT
1765987539.6968148,eth-updown-15m-1765987200,1765987200.0,1765988100.0,,560.3031852245331,,,,,0,0,0.9,0.98,ORDERS_OPEN,,,,,,,,,,,,,,0,5,,,,,,,,,,,,,,,,,,,,,,,,,,,,0.0,0.0,,,,,0,0,,,Inv: 0.0/0.0 CapLeft: 50.0,,,0.0,0.0,0.0,50.0,50.0,0.0,50.0,0.9,0.09999999999999998,0.0,0.0,0.0,0.0,0.0,0.0,0.0,
1765987540.6718764,eth-updown-15m-1765987200,1765987200.0,1765988100.0,,559.3281235694885,,,,,0,0,0.99,0.98,ONE_LEG_INVENTORY,,,,,,,,,,,,,,0,5,,,,,,,,,,,,,,,,,,,,"RECONSTRUCT_BLOCKED: OVERPAY_LIMIT (Op:0.1600 > L:0.0035, Cost:$0.80)",,,,,,,,5.0,10.0,,,,,0,0,,,Inv: 5.0/10.0 CapLeft: 35.0,,,5.0,10.0,15.0,35.0,50.0,0.0,50.0,0.96,0.040000000000000036,-5.0,0.45999999999999996,0.7,0.15999999999999992,5.0,0.7999999999999996,0.00352519536614418,OVERPAY_LIMIT
1765987540.6718764,eth-updown-15m-1765987200,1765987200.0,1765988100.0,,559.3281235694885,,,,,0,0,0.99,0.98,ONE_LEG_INVENTORY,,,,,,,,,,,,,,0,5,,,,,,,,,,,,,,,,,,,,"RECONSTRUCT_BLOCKED: OVERPAY_LIMIT (Op:0.1600 > L:0.0035, Cost:$0.80)",,,,,,,,5.0,10.0,,,,,0,0,,,Inv: 5.0/10.0 CapLeft: 35.0,,,5.0,10.0,15.0,35.0,50.0,0.0,50.0,0.96,0.040000000000000036,-5.0,0.45999999999999996,0.7,0.15999999999999992,5.0,0.7999999999999996,0.00352519536614418,OVERPAY_LIMIT
1765987541.1992292,eth-updown-15m-1765987200,1765987200.0,1765988100.0,,558.8007707595825,,,,,0,0,0.9,0.98,ORDERS_OPEN,,,,,,,,,,,,,,0,5,,,,,,,,,,,,,,,,,,,,,,,,,,,,0.0,0.0,,,,,0,0,,,Inv: 0.0/0.0 CapLeft: 50.0,,,0.0,0.0,0.0,50.0,50.0,0.0,50.0,0.9,0.09999999999999998,0.0,0.0,0.0,0.0,0.0,0.0,0.0,
1765987542.7019105,eth-updown-15m-1765987200,1765987200.0,1765988100.0,,557.298089504242,,,,,0,0,0.9,0.98,ORDERS_OPEN,,,,,,,,,,,,,,0,5,,,,,,,,,,,,,,,,,,,,,,,,,,,,0.0,0.0,,,,,0,0,,,Inv: 0.0/0.0 CapLeft: 50.0,,,0.0,0.0,0.0,50.0,50.0,0.0,50.0,0.9,0.09999999999999998,0.0,0.0,0.0,0.0,0.0,0.0,0.0,
1765987542.608605,eth-updown-15m-1765987200,1765987200.0,1765988100.0,,557.3913950920105,,,,,0,0,0.97,0.98,ONE_LEG_INVENTORY,,,,,,,,,,,,,,0,5,,,,,,,,,,,,,,,,,,,,"RECONSTRUCT_BLOCKED: OVERPAY_LIMIT (Op:0.1600 > L:0.0036, Cost:$0.80)",,,,,,,,5.0,10.0,,,,,0,0,,,Inv: 5.0/10.0 CapLeft: 35.0,,,5.0,10.0,15.0,35.0,50.0,0.0,50.0,0.96,0.040000000000000036,-5.0,0.45999999999999996,0.7,0.15999999999999992,5.0,0.7999999999999996,0.0035978226840496065,OVERPAY_LIMIT
1765987542.608605,eth-updown-15m-1765987200,1765987200.0,1765988100.0,,557.3913950920105,,,,,0,0,0.97,0.98,ONE_LEG_INVENTORY,,,,,,,,,,,,,,0,5,,,,,,,,,,,,,,,,,,,,"RECONSTRUCT_BLOCKED: OVERPAY_LIMIT (Op:0.1600 > L:0.0036, Cost:$0.80)",,,,,,,,5.0,10.0,,,,,0,0,,,Inv: 5.0/10.0 CapLeft: 35.0,,,5.0,10.0,15.0,35.0,50.0,0.0,50.0,0.96,0.040000000000000036,-5.0,0.45999999999999996,0.7,0.15999999999999992,5.0,0.7999999999999996,0.0035978226840496065,OVERPAY_LIMIT
1765987544.2034032,eth-updown-15m-1765987200,1765987200.0,1765988100.0,,555.7965967655182,,,,,0,0,0.9,0.98,ORDERS_OPEN,,,,,,,,,,,,,,0,5,,,,,,,,,,,,,,,,,,,,,,,,,,,,0.0,0.0,,,,,0,0,,,Inv: 0.0/0.0 CapLeft: 50.0,,,0.0,0.0,0.0,50.0,50.0,0.0,50.0,0.9,0.09999999999999998,0.0,0.0,0.0,0.0,0.0,0.0,0.0,
1765987544.5473263,eth-updown-15m-1765987200,1765987200.0,1765988100.0,,555.4526736736298,,,,,0,0,1.0,0.98,ONE_LEG_INVENTORY,,,,,,,,,,,,,,0,5,,,,,,,,,,,,,,,,,,,,"RECONSTRUCT_BLOCKED: OVERPAY_LIMIT (Op:0.1300 > L:0.0037, Cost:$0.65)",,,,,,,,5.0,10.0,,,,,0,0,,,Inv: 5.0/10.0 CapLeft: 35.0,,,5.0,10.0,15.0,35.0,50.0,0.0,50.0,0.96,0.040000000000000036,-5.0,0.45999999999999996,0.67,0.1299999999999999,5.0,0.6499999999999995,0.003670524737238884,OVERPAY_LIMIT
1765987544.5473263,eth-updown-15m-1765987200,1765987200.0,1765988100.0,,555.4526736736298,,,,,0,0,1.0,0.98,ONE_LEG_INVENTORY,,,,,,,,,,,,,,0,5,,,,,,,,,,,,,,,,,,,,"RECONSTRUCT_BLOCKED: OVERPAY_LIMIT (Op:0.1300 > L:0.0037, Cost:$0.65)",,,,,,,,5.0,10.0,,,,,0,0,,,Inv: 5.0/10.0 CapLeft: 35.0,,,5.0,10.0,15.0,35.0,50.0,0.0,50.0,0.96,0.040000000000000036,-5.0,0.45999999999999996,0.67,0.1299999999999999,5.0,0.6499999999999995,0.003670524737238884,OVERPAY_LIMIT
1765987545.7055721,eth-updown-15m-1765987200,1765987200.0,1765988100.0,,554.2944278717041,,,,,0,0,0.9,0.98,ORDERS_OPEN,,,,,,,,,,,,,,0,5,,,,,,,,,,,,,,,,,,,,,,,,,,,,0.0,0.0,,,,,0,0,,,Inv: 0.0/0.0 CapLeft: 50.0,,,0.0,0.0,0.0,50.0,50.0,0.0,50.0,0.9,0.09999999999999998,0.0,0.0,0.0,0.0,0.0,0.0,0.0,
1765987546.4792306,eth-updown-15m-1765987200,1765987200.0,1765988100.0,,553.5207693576813,,,,,0,0,1.0,0.98,ONE_LEG_INVENTORY,,,,,,,,,,,,,,0,5,,,,,,,,,,,,,,,,,,,,"RECONSTRUCT_BLOCKED: OVERPAY_LIMIT (Op:0.1100 > L:0.0037, Cost:$0.55)",,,,,,,,5.0,10.0,,,,,0,0,,,Inv: 5.0/10.0 CapLeft: 35.0,,,5.0,10.0,15.0,35.0,50.0,0.0,50.0,0.96,0.040000000000000036,-5.0,0.45999999999999996,0.65,0.10999999999999988,5.0,0.5499999999999994,0.0037429711490869523,OVERPAY_LIMIT
1765987546.4792306,eth-updown-15m-1765987200,1765987200.0,1765988100.0,,553.5207693576813,,,,,0,0,1.0,0.98,ONE_LEG_INVENTORY,,,,,,,,,,,,,,0,5,,,,,,,,,,,,,,,,,,,,"RECONSTRUCT_BLOCKED: OVERPAY_LIMIT (Op:0.1100 > L:0.0037, Cost:$0.55)",,,,,,,,5.0,10.0,,,,,0,0,,,Inv: 5.0/10.0 CapLeft: 35.0,,,5.0,10.0,15.0,35.0,50.0,0.0,50.0,0.96,0.040000000000000036,-5.0,0.45999999999999996,0.65,0.10999999999999988,5.0,0.5499999999999994,0.0037429711490869523,OVERPAY_LIMIT
1765987547.2073991,eth-updown-15m-1765987200,1765987200.0,1765988100.0,,552.7926008701324,,,,,0,0,0.9,0.98,ORDERS_OPEN,,,,,,,,,,,,,,0,5,,,,,,,,,,,,,,,,,,,,,,,,,,,,0.0,0.0,,,,,0,0,,,Inv: 0.0/0.0 CapLeft: 50.0,,,0.0,0.0,0.0,50.0,50.0,0.0,50.0,0.9,0.09999999999999998,0.0,0.0,0.0,0.0,0.0,0.0,0.0,
1765987548.4111774,eth-updown-15m-1765987200,1765987200.0,1765988100.0,,551.5888226032257,,,,,0,0,0.99,0.98,ONE_LEG_INVENTORY,,,,,,,,,,,,,,0,5,,,,,,,,,,,,,,,,,,,,"RECONSTRUCT_BLOCKED: OVERPAY_LIMIT (Op:0.0900 > L:0.0038, Cost:$0.45)",,,,,,,,5.0,10.0,,,,,0,0,,,Inv: 5.0/10.0 CapLeft: 35.0,,,5.0,10.0,15.0,35.0,50.0,0.0,50.0,0.96,0.040000000000000036,-5.0,0.45999999999999996,0.63,0.08999999999999986,5.0,0.4499999999999993,0.003815419152379036,OVERPAY_LIMIT
1765987548.4111774,eth-updown-15m-1765987200,1765987200.0,1765988100.0,,551.5888226032257,,,,,0,0,0.99,0.98,ONE_LEG_INVENTORY,,,,,,,,,,,,,,0,5,,,,,,,,,,,,,,,,,,,,"RECONSTRUCT_BLOCKED: OVERPAY_LIMIT (Op:0.0900 > L:0.0038, Cost:$0.45)",,,,,,,,5.0,10.0,,,,,0,0,,,Inv: 5.0/10.0 CapLeft: 35.0,,,5.0,10.0,15.0,35.0,50.0,0.0,50.0,0.96,0.040000000000000036,-5.0,0.45999999999999996,0.63,0.08999999999999986,5.0,0.4499999999999993,0.003815419152379036,OVERPAY_LIMIT
1765987550.2098205,eth-updown-15m-1765987200,1765987200.0,1765988100.0,,549.7901794910431,,,,,0.45,0.45,0.9,0.98,ORDERS_OPEN,,,,,,,,,,,,,,5,5,,,,,,,,,,,,,,,,,,,,Leg:BOTH UP:5 DOWN:5,,,,,,,,0.0,0.0,,,,,0,0,,,Inv: 0.0/0.0 CapLeft: 50.0,,,0.0,0.0,0.0,50.0,50.0,0.0,50.0,0.9,0.09999999999999998,0.0,0.0,0.0,0.0,0.0,0.0,0.0,
1765987550.3935254,eth-updown-15m-1765987200,1765987200.0,1765988100.0,,549.6064746379852,,,,,0,0,0.99,0.98,ONE_LEG_INVENTORY,,,,,,,,,,,,,,0,5,,,,,,,,,,,,,,,,,,,,"RECONSTRUCT_BLOCKED: OVERPAY_LIMIT (Op:0.0900 > L:0.0039, Cost:$0.45)",,,,,,,,5.0,10.0,,,,,0,0,,,Inv: 5.0/10.0 CapLeft: 35.0,,,5.0,10.0,15.0,35.0,50.0,0.0,50.0,0.96,0.040000000000000036,-5.0,0.45999999999999996,0.63,0.08999999999999986,5.0,0.4499999999999993,0.0038897572010755535,OVERPAY_LIMIT
1765987550.3935254,eth-updown-15m-1765987200,1765987200.0,1765988100.0,,549.6064746379852,,,,,0,0,0.99,0.98,ONE_LEG_INVENTORY,,,,,,,,,,,,,,0,5,,,,,,,,,,,,,,,,,,,,"RECONSTRUCT_BLOCKED: OVERPAY_LIMIT (Op:0.0900 > L:0.0039, Cost:$0.45)",,,,,,,,5.0,10.0,,,,,0,0,,,Inv: 5.0/10.0 CapLeft: 35.0,,,5.0,10.0,15.0,35.0,50.0,0.0,50.0,0.96,0.040000000000000036,-5.0,0.45999999999999996,0.63,0.08999999999999986,5.0,0.4499999999999993,0.0038897572010755535,OVERPAY_LIMIT
1765987551.7111602,eth-updown-15m-1765987200,1765987200.0,1765988100.0,,548.2888398170471,,,,,0,0,0.9,0.98,ORDERS_OPEN,,,,,,,,,,,,,,0,5,,,,,,,,,,,,,,,,,,,,,,,,,,,,0.0,0.0,,,,,0,0,,,Inv: 0.0/0.0 CapLeft: 50.0,,,0.0,0.0,0.0,50.0,50.0,0.0,50.0,0.9,0.09999999999999998,0.0,0.0,0.0,0.0,0.0,0.0,0.0,
1765987552.3654172,eth-updown-15m-1765987200,1765987200.0,1765988100.0,,547.6345827579498,,,,,0,0,0.98,0.98,ONE_LEG_INVENTORY,,,,,,,,,,,,,,0,5,,,,,,,,,,,,,,,,,,,,"RECONSTRUCT_BLOCKED: OVERPAY_LIMIT (Op:0.0800 > L:0.0040, Cost:$0.40)",,,,,,,,5.0,10.0,,,,,0,0,,,Inv: 5.0/10.0 CapLeft: 35.0,,,5.0,10.0,15.0,35.0,50.0,0.0,50.0,0.96,0.040000000000000036,-5.0,0.45999999999999996,0.62,0.08000000000000007,5.0,0.40000000000000036,0.0039637031465768816,OVERPAY_LIMIT
1765987552.3654172,eth-updown-15m-1765987200,1765987200.0,1765988100.0,,547.6345827579498,,,,,0,0,0.98,0.98,ONE_LEG_INVENTORY,,,,,,,,,,,,,,0,5,,,,,,,,,,,,,,,,,,,,"RECONSTRUCT_BLOCKED: OVERPAY_LIMIT (Op:0.0800 > L:0.0040, Cost:$0.40)",,,,,,,,5.0,10.0,,,,,0,0,,,Inv: 5.0/10.0 CapLeft: 35.0,,,5.0,10.0,15.0,35.0,50.0,0.0,50.0,0.96,0.040000000000000036,-5.0,0.45999999999999996,0.62,0.08000000000000007,5.0,0.40000000000000036,0.0039637031465768816,OVERPAY_LIMIT
1765987553.2126207,eth-updown-15m-1765987200,1765987200.0,1765988100.0,,546.7873792648315,,,,,0,0,0.9,0.98,ORDERS_OPEN,,,,,,,,,,,,,,0,5,,,,,,,,,,,,,,,,,,,,,,,,,,,,0.0,0.0,,,,,0,0,,,Inv: 0.0/0.0 CapLeft: 50.0,,,0.0,0.0,0.0,50.0,50.0,0.0,50.0,0.9,0.09999999999999998,0.0,0.0,0.0,0.0,0.0,0.0,0.0,
1765987554.71439,eth-updown-15m-1765987200,1765987200.0,1765988100.0,,545.285609960556,,,,,0,0,0.9,0.98,ORDERS_OPEN,,,,,,,,,,,,,,0,5,,,,,,,,,,,,,,,,,,,,,,,,,,,,0.0,0.0,,,,,0,0,,,Inv: 0.0/0.0 CapLeft: 50.0,,,0.0,0.0,0.0,50.0,50.0,0.0,50.0,0.9,0.09999999999999998,0.0,0.0,0.0,0.0,0.0,0.0,0.0,
1765987554.2968085,eth-updown-15m-1765987200,1765987200.0,1765988100.0,,545.7031915187836,,,,,0,0,0.97,0.98,ONE_LEG_INVENTORY,,,,,,,,,,,,,,0,5,,,,,,,,,,,,,,,,,,,,"RECONSTRUCT_BLOCKED: OVERPAY_LIMIT (Op:0.0900 > L:0.0040, Cost:$0.45)",,,,,,,,5.0,10.0,,,,,0,0,,,Inv: 5.0/10.0 CapLeft: 35.0,,,5.0,10.0,15.0,35.0,50.0,0.0,50.0,0.96,0.040000000000000036,-5.0,0.45999999999999996,0.63,0.08999999999999986,5.0,0.4499999999999993,0.0040361303180456165,OVERPAY_LIMIT
1765987554.2968085,eth-updown-15m-1765987200,1765987200.0,1765988100.0,,545.7031915187836,,,,,0,0,0.97,0.98,ONE_LEG_INVENTORY,,,,,,,,,,,,,,0,5,,,,,,,,,,,,,,,,,,,,"RECONSTRUCT_BLOCKED: OVERPAY_LIMIT (Op:0.0900 > L:0.0040, Cost:$0.45)",,,,,,,,5.0,10.0,,,,,0,0,,,Inv: 5.0/10.0 CapLeft: 35.0,,,5.0,10.0,15.0,35.0,50.0,0.0,50.0,0.96,0.040000000000000036,-5.0,0.45999999999999996,0.63,0.08999999999999986,5.0,0.4499999999999993,0.0040361303180456165,OVERPAY_LIMIT
1765987556.2164965,eth-updown-15m-1765987200,1765987200.0,1765988100.0,,543.7835035324097,,,,,0,0,0.9,0.98,ORDERS_OPEN,,,,,,,,,,,,,,0,5,,,,,,,,,,,,,,,,,,,,,,,,,,,,0.0,0.0,,,,,0,0,,,Inv: 0.0/0.0 CapLeft: 50.0,,,0.0,0.0,0.0,50.0,50.0,0.0,50.0,0.9,0.09999999999999998,0.0,0.0,0.0,0.0,0.0,0.0,0.0,
1765987556.318167,eth-updown-15m-1765987200,1765987200.0,1765988100.0,,543.6818330287933,,,,,0,0,0.97,0.98,ONE_LEG_INVENTORY,,,,,,,,,,,,,,0,5,,,,,,,,,,,,,,,,,,,,"RECONSTRUCT_BLOCKED: OVERPAY_LIMIT (Op:0.0800 > L:0.0041, Cost:$0.40)",,,,,,,,5.0,10.0,,,,,0,0,,,Inv: 5.0/10.0 CapLeft: 35.0,,,5.0,10.0,15.0,35.0,50.0,0.0,50.0,0.96,0.040000000000000036,-5.0,0.45999999999999996,0.62,0.08000000000000007,5.0,0.40000000000000036,0.004111931261420249,OVERPAY_LIMIT
1765987556.318167,eth-updown-15m-1765987200,1765987200.0,1765988100.0,,543.6818330287933,,,,,0,0,0.97,0.98,ONE_LEG_INVENTORY,,,,,,,,,,,,,,0,5,,,,,,,,,,,,,,,,,,,,"RECONSTRUCT_BLOCKED: OVERPAY_LIMIT (Op:0.0800 > L:0.0041, Cost:$0.40)",,,,,,,,5.0,10.0,,,,,0,0,,,Inv: 5.0/10.0 CapLeft: 35.0,,,5.0,10.0,15.0,35.0,50.0,0.0,50.0,0.96,0.040000000000000036,-5.0,0.45999999999999996,0.62,0.08000000000000007,5.0,0.40000000000000036,0.004111931261420249,OVERPAY_LIMIT
1765987557.7192378,eth-updown-15m-1765987200,1765987200.0,1765988100.0,,542.2807621955872,,,,,0,0,0.9,0.98,ORDERS_OPEN,,,,,,,,,,,,,,0,5,,,,,,,,,,,,,,,,,,,,,,,,,,,,0.0,0.0,,,,,0,0,,,Inv: 0.0/0.0 CapLeft: 50.0,,,0.0,0.0,0.0,50.0,50.0,0.0,50.0,0.9,0.09999999999999998,0.0,0.0,0.0,0.0,0.0,0.0,0.0,
1765987558.2603064,eth-updown-15m-1765987200,1765987200.0,1765988100.0,,541.7396936416626,,,,,0,0,0.98,0.98,ONE_LEG_INVENTORY,,,,,,,,,,,,,,0,5,,,,,,,,,,,,,,,,,,,,"RECONSTRUCT_BLOCKED: OVERPAY_LIMIT (Op:0.0900 > L:0.0042, Cost:$0.45)",,,,,,,,5.0,10.0,,,,,0,0,,,Inv: 5.0/10.0 CapLeft: 35.0,,,5.0,10.0,15.0,35.0,50.0,0.0,50.0,0.96,0.040000000000000036,-5.0,0.45999999999999996,0.63,0.08999999999999986,5.0,0.4499999999999993,0.004184761488437652,OVERPAY_LIMIT
1765987558.2603064,eth-updown-15m-1765987200,1765987200.0,1765988100.0,,541.7396936416626,,,,,0,0,0.98,0.98,ONE_LEG_INVENTORY,,,,,,,,,,,,,,0,5,,,,,,,,,,,,,,,,,,,,"RECONSTRUCT_BLOCKED: OVERPAY_LIMIT (Op:0.0900 > L:0.0042, Cost:$0.45)",,,,,,,,5.0,10.0,,,,,0,0,,,Inv: 5.0/10.0 CapLeft: 35.0,,,5.0,10.0,15.0,35.0,50.0,0.0,50.0,0.96,0.040000000000000036,-5.0,0.45999999999999996,0.63,0.08999999999999986,5.0,0.4499999999999993,0.004184761488437652,OVERPAY_LIMIT
1765987559.221372,eth-updown-15m-1765987200,1765987200.0,1765988100.0,,540.7786281108856,,,,,0,0,0.9,0.98,ORDERS_OPEN,,,,,,,,,,,,,,0,5,,,,,,,,,,,,,,,,,,,,,,,,,,,,0.0,0.0,,,,,0,0,,,Inv: 0.0/0.0 CapLeft: 50.0,,,0.0,0.0,0.0,50.0,50.0,0.0,50.0,0.9,0.09999999999999998,0.0,0.0,0.0,0.0,0.0,0.0,0.0,
1765987560.2206116,eth-updown-15m-1765987200,1765987200.0,1765988100.0,,539.7793884277344,,,,,0,0,0.99,0.98,ONE_LEG_INVENTORY,,,,,,,,,,,,,,0,5,,,,,,,,,,,,,,,,,,,,"RECONSTRUCT_BLOCKED: OVERPAY_LIMIT (Op:0.0800 > L:0.0043, Cost:$0.40)",,,,,,,,5.0,10.0,,,,,0,0,,,Inv: 5.0/10.0 CapLeft: 35.0,,,5.0,10.0,15.0,35.0,50.0,0.0,50.0,0.96,0.040000000000000036,-5.0,0.45999999999999996,0.62,0.08000000000000007,5.0,0.40000000000000036,0.00425827293395996,OVERPAY_LIMIT
1765987560.2206116,eth-updown-15m-1765987200,1765987200.0,1765988100.0,,539.7793884277344,,,,,0,0,0.99,0.98,ONE_LEG_INVENTORY,,,,,,,,,,,,,,0,5,,,,,,,,,,,,,,,,,,,,"RECONSTRUCT_BLOCKED: OVERPAY_LIMIT (Op:0.0800 > L:0.0043, Cost:$0.40)",,,,,,,,5.0,10.0,,,,,0,0,,,Inv: 5.0/10.0 CapLeft: 35.0,,,5.0,10.0,15.0,35.0,50.0,0.0,50.0,0.96,0.040000000000000036,-5.0,0.45999999999999996,0.62,0.08000000000000007,5.0,0.40000000000000036,0.00425827293395996,OVERPAY_LIMIT
1765987560.7241256,eth-updown-15m-1765987200,1765987200.0,1765988100.0,,539.275874376297,,,,,0,0,0.9,0.98,ORDERS_OPEN,,,,,,,,,,,,,,0,5,,,,,,,,,,,,,,,,,,,,,,,,,,,,0.0,0.0,,,,,0,0,,,Inv: 0.0/0.0 CapLeft: 50.0,,,0.0,0.0,0.0,50.0,50.0,0.0,50.0,0.9,0.09999999999999998,0.0,0.0,0.0,0.0,0.0,0.0,0.0,
1765987562.2256367,eth-updown-15m-1765987200,1765987200.0,1765988100.0,,537.7743632793427,,,,,0,0,0.9,0.98,ORDERS_OPEN,,,,,,,,,,,,,,0,5,,,,,,,,,,,,,,,,,,,,,,,,,,,,0.0,0.0,,,,,0,0,,,Inv: 0.0/0.0 CapLeft: 50.0,,,0.0,0.0,0.0,50.0,50.0,0.0,50.0,0.9,0.09999999999999998,0.0,0.0,0.0,0.0,0.0,0.0,0.0,
1765987562.159207,eth-updown-15m-1765987200,1765987200.0,1765988100.0,,537.8407928943634,,,,,0,0,0.99,0.98,ONE_LEG_INVENTORY,,,,,,,,,,,,,,0,5,,,,,,,,,,,,,,,,,,,,"RECONSTRUCT_BLOCKED: OVERPAY_LIMIT (Op:0.0700 > L:0.0043, Cost:$0.35)",,,,,,,,5.0,10.0,,,,,0,0,,,Inv: 5.0/10.0 CapLeft: 35.0,,,5.0,10.0,15.0,35.0,50.0,0.0,50.0,0.96,0.040000000000000036,-5.0,0.45999999999999996,0.61,0.06999999999999984,5.0,0.3499999999999992,0.004330970266461372,OVERPAY_LIMIT
1765987562.159207,eth-updown-15m-1765987200,1765987200.0,1765988100.0,,537.8407928943634,,,,,0,0,0.99,0.98,ONE_LEG_INVENTORY,,,,,,,,,,,,,,0,5,,,,,,,,,,,,,,,,,,,,"RECONSTRUCT_BLOCKED: OVERPAY_LIMIT (Op:0.0700 > L:0.0043, Cost:$0.35)",,,,,,,,5.0,10.0,,,,,0,0,,,Inv: 5.0/10.0 CapLeft: 35.0,,,5.0,10.0,15.0,35.0,50.0,0.0,50.0,0.96,0.040000000000000036,-5.0,0.45999999999999996,0.61,0.06999999999999984,5.0,0.3499999999999992,0.004330970266461372,OVERPAY_LIMIT
1765987563.7278426,eth-updown-15m-1765987200,1765987200.0,1765988100.0,,536.2721574306488,,,,,0,0,0.9,0.98,ORDERS_OPEN,,,,,,,,,,,,,,0,5,,,,,,,,,,,,,,,,,,,,,,,,,,,,0.0,0.0,,,,,0,0,,,Inv: 0.0/0.0 CapLeft: 50.0,,,0.0,0.0,0.0,50.0,50.0,0.0,50.0,0.9,0.09999999999999998,0.0,0.0,0.0,0.0,0.0,0.0,0.0,
1765987564.1176295,eth-updown-15m-1765987200,1765987200.0,1765988100.0,,535.8823704719543,,,,,0,0,0.98,0.98,ONE_LEG_INVENTORY,,,,,,,,,,,,,,0,5,,,,,,,,,,,,,,,,,,,,"RECONSTRUCT_BLOCKED: OVERPAY_LIMIT (Op:0.0800 > L:0.0044, Cost:$0.40)",,,,,,,,5.0,10.0,,,,,0,0,,,Inv: 5.0/10.0 CapLeft: 35.0,,,5.0,10.0,15.0,35.0,50.0,0.0,50.0,0.96,0.040000000000000036,-5.0,0.45999999999999996,0.62,0.08000000000000007,5.0,0.40000000000000036,0.004404411107301711,OVERPAY_LIMIT
1765987564.1176295,eth-updown-15m-1765987200,1765987200.0,1765988100.0,,535.8823704719543,,,,,0,0,0.98,0.98,ONE_LEG_INVENTORY,,,,,,,,,,,,,,0,5,,,,,,,,,,,,,,,,,,,,"RECONSTRUCT_BLOCKED: OVERPAY_LIMIT (Op:0.0800 > L:0.0044, Cost:$0.40)",,,,,,,,5.0,10.0,,,,,0,0,,,Inv: 5.0/10.0 CapLeft: 35.0,,,5.0,10.0,15.0,35.0,50.0,0.0,50.0,0.96,0.040000000000000036,-5.0,0.45999999999999996,0.62,0.08000000000000007,5.0,0.40000000000000036,0.004404411107301711,OVERPAY_LIMIT
1765987566.0603876,eth-updown-15m-1765987200,1765987200.0,1765988100.0,,533.9396123886108,,,,,0,0,0.99,0.98,ONE_LEG_INVENTORY,,,,,,,,,,,,,,0,5,,,,,,,,,,,,,,,,,,,,"RECONSTRUCT_BLOCKED: OVERPAY_LIMIT (Op:0.0800 > L:0.0045, Cost:$0.40)",,,,,,,,5.0,10.0,,,,,0,0,,,Inv: 5.0/10.0 CapLeft: 35.0,,,5.0,10.0,15.0,35.0,50.0,0.0,50.0,0.96,0.040000000000000036,-5.0,0.45999999999999996,0.62,0.08000000000000007,5.0,0.40000000000000036,0.004477264535427093,OVERPAY_LIMIT
1765987566.0603876,eth-updown-15m-1765987200,1765987200.0,1765988100.0,,533.9396123886108,,,,,0,0,0.99,0.98,ONE_LEG_INVENTORY,,,,,,,,,,,,,,0,5,,,,,,,,,,,,,,,,,,,,"RECONSTRUCT_BLOCKED: OVERPAY_LIMIT (Op:0.0800 > L:0.0045, Cost:$0.40)",,,,,,,,5.0,10.0,,,,,0,0,,,Inv: 5.0/10.0 CapLeft: 35.0,,,5.0,10.0,15.0,35.0,50.0,0.0,50.0,0.96,0.040000000000000036,-5.0,0.45999999999999996,0.62,0.08000000000000007,5.0,0.40000000000000036,0.004477264535427093,OVERPAY_LIMIT
1765987566.730596,eth-updown-15m-1765987200,1765987200.0,1765988100.0,,533.2694039344788,,,,,0.45,0.45,0.9,0.98,ORDERS_OPEN,,,,,,,,,,,,,,5,5,,,,,,,,,,,,,,,,,,,,Leg:BOTH UP:5 DOWN:5,,,,,,,,0.0,0.0,,,,,0,0,,,Inv: 0.0/0.0 CapLeft: 50.0,,,0.0,0.0,0.0,50.0,50.0,0.0,50.0,0.9,0.09999999999999998,0.0,0.0,0.0,0.0,0.0,0.0,0.0,
1765987568.232454,eth-updown-15m-1765987200,1765987200.0,1765988100.0,,531.7675459384918,,,,,0,0,0.9,0.98,ORDERS_OPEN,,,,,,,,,,,,,,0,5,,,,,,,,,,,,,,,,,,,,,,,,,,,,0.0,0.0,,,,,0,0,,,Inv: 0.0/0.0 CapLeft: 50.0,,,0.0,0.0,0.0,50.0,50.0,0.0,50.0,0.9,0.09999999999999998,0.0,0.0,0.0,0.0,0.0,0.0,0.0,
1765987568.022756,eth-updown-15m-1765987200,1765987200.0,1765988100.0,,531.9772439002991,,,,,0,0,0.98,0.98,ONE_LEG_INVENTORY,,,,,,,,,,,,,,0,5,,,,,,,,,,,,,,,,,,,,"RECONSTRUCT_BLOCKED: OVERPAY_LIMIT (Op:0.0800 > L:0.0046, Cost:$0.40)",,,,,,,,5.0,10.0,,,,,0,0,,,Inv: 5.0/10.0 CapLeft: 35.0,,,5.0,10.0,15.0,35.0,50.0,0.0,50.0,0.96,0.040000000000000036,-5.0,0.45999999999999996,0.62,0.08000000000000007,5.0,0.40000000000000036,0.0045508533537387845,OVERPAY_LIMIT
1765987568.022756,eth-updown-15m-1765987200,1765987200.0,1765988100.0,,531.9772439002991,,,,,0,0,0.98,0.98,ONE_LEG_INVENTORY,,,,,,,,,,,,,,0,5,,,,,,,,,,,,,,,,,,,,"RECONSTRUCT_BLOCKED: OVERPAY_LIMIT (Op:0.0800 > L:0.0046, Cost:$0.40)",,,,,,,,5.0,10.0,,,,,0,0,,,Inv: 5.0/10.0 CapLeft: 35.0,,,5.0,10.0,15.0,35.0,50.0,0.0,50.0,0.96,0.040000000000000036,-5.0,0.45999999999999996,0.62,0.08000000000000007,5.0,0.40000000000000036,0.0045508533537387845,OVERPAY_LIMIT
1765987569.7338595,eth-updown-15m-1765987200,1765987200.0,1765988100.0,,530.266140460968,,,,,0,0,0.9,0.98,ORDERS_OPEN,,,,,,,,,,,,,,0,5,,,,,,,,,,,,,,,,,,,,,,,,,,,,0.0,0.0,,,,,0,0,,,Inv: 0.0/0.0 CapLeft: 50.0,,,0.0,0.0,0.0,50.0,50.0,0.0,50.0,0.9,0.09999999999999998,0.0,0.0,0.0,0.0,0.0,0.0,0.0,
1765987569.9947495,eth-updown-15m-1765987200,1765987200.0,1765988100.0,,530.005250453949,,,,,0,0,1.0,0.98,ONE_LEG_INVENTORY,,,,,,,,,,,,,,0,5,,,,,,,,,,,,,,,,,,,,"RECONSTRUCT_BLOCKED: OVERPAY_LIMIT (Op:0.1000 > L:0.0046, Cost:$0.50)",,,,,,,,5.0,10.0,,,,,0,0,,,Inv: 5.0/10.0 CapLeft: 35.0,,,5.0,10.0,15.0,35.0,50.0,0.0,50.0,0.96,0.040000000000000036,-5.0,0.45999999999999996,0.64,0.10000000000000009,5.0,0.5000000000000004,0.004624803107976913,OVERPAY_LIMIT
1765987569.9947495,eth-updown-15m-1765987200,1765987200.0,1765988100.0,,530.005250453949,,,,,0,0,1.0,0.98,ONE_LEG_INVENTORY,,,,,,,,,,,,,,0,5,,,,,,,,,,,,,,,,,,,,"RECONSTRUCT_BLOCKED: OVERPAY_LIMIT (Op:0.1000 > L:0.0046, Cost:$0.50)",,,,,,,,5.0,10.0,,,,,0,0,,,Inv: 5.0/10.0 CapLeft: 35.0,,,5.0,10.0,15.0,35.0,50.0,0.0,50.0,0.96,0.040000000000000036,-5.0,0.45999999999999996,0.64,0.10000000000000009,5.0,0.5000000000000004,0.004624803107976913,OVERPAY_LIMIT
1765987571.2357495,eth-updown-15m-1765987200,1765987200.0,1765988100.0,,528.7642505168915,,,,,0,0,0.9,0.98,ORDERS_OPEN,,,,,,,,,,,,,,0,5,,,,,,,,,,,,,,,,,,,,,,,,,,,,0.0,0.0,,,,,0,0,,,Inv: 0.0/0.0 CapLeft: 50.0,,,0.0,0.0,0.0,50.0,50.0,0.0,50.0,0.9,0.09999999999999998,0.0,0.0,0.0,0.0,0.0,0.0,0.0,
1765987571.97838,eth-updown-15m-1765987200,1765987200.0,1765988100.0,,528.0216200351715,,,,,0,0,0.97,0.98,ONE_LEG_INVENTORY,,,,,,,,,,,,,,0,5,,,,,,,,,,,,,,,,,,,,"RECONSTRUCT_BLOCKED: OVERPAY_LIMIT (Op:0.0900 > L:0.0047, Cost:$0.45)",,,,,,,,5.0,10.0,,,,,0,0,,,Inv: 5.0/10.0 CapLeft: 35.0,,,5.0,10.0,15.0,35.0,50.0,0.0,50.0,0.96,0.040000000000000036,-5.0,0.45999999999999996,0.63,0.08999999999999986,5.0,0.4499999999999993,0.004699189248681068,OVERPAY_LIMIT
1765987571.97838,eth-updown-15m-1765987200,1765987200.0,1765988100.0,,528.0216200351715,,,,,0,0,0.97,0.98,ONE_LEG_INVENTORY,,,,,,,,,,,,,,0,5,,,,,,,,,,,,,,,,,,,,"RECONSTRUCT_BLOCKED: OVERPAY_LIMIT (Op:0.0900 > L:0.0047, Cost:$0.45)",,,,,,,,5.0,10.0,,,,,0,0,,,Inv: 5.0/10.0 CapLeft: 35.0,,,5.0,10.0,15.0,35.0,50.0,0.0,50.0,0.96,0.040000000000000036,-5.0,0.45999999999999996,0.63,0.08999999999999986,5.0,0.4499999999999993,0.004699189248681068,OVERPAY_LIMIT
1765987572.737216,eth-updown-15m-1765987200,1765987200.0,1765988100.0,,527.2627840042114,,,,,0,0,0.9,0.98,ORDERS_OPEN,,,,,,,,,,,,,,0,5,,,,,,,,,,,,,,,,,,,,,,,,,,,,0.0,0.0,,,,,0,0,,,Inv: 0.0/0.0 CapLeft: 50.0,,,0.0,0.0,0.0,50.0,50.0,0.0,50.0,0.9,0.09999999999999998,0.0,0.0,0.0,0.0,0.0,0.0,0.0,
1765987574.2392287,eth-updown-15m-1765987200,1765987200.0,1765988100.0,,525.7607712745667,,,,,0,0,0.9,0.98,ORDERS_OPEN,,,,,,,,,,,,,,0,5,,,,,,,,,,,,,,,,,,,,,,,,,,,,0.0,0.0,,,,,0,0,,,Inv: 0.0/0.0 CapLeft: 50.0,,,0.0,0.0,0.0,50.0,50.0,0.0,50.0,0.9,0.09999999999999998,0.0,0.0,0.0,0.0,0.0,0.0,0.0,
1765987573.9338229,eth-updown-15m-1765987200,1765987200.0,1765988100.0,,526.0661771297455,,,,,0,0,0.98,0.98,ONE_LEG_INVENTORY,,,,,,,,,,,,,,0,5,,,,,,,,,,,,,,,,,,,,"RECONSTRUCT_BLOCKED: OVERPAY_LIMIT (Op:0.1000 > L:0.0048, Cost:$0.50)",,,,,,,,5.0,10.0,,,,,0,0,,,Inv: 5.0/10.0 CapLeft: 35.0,,,5.0,10.0,15.0,35.0,50.0,0.0,50.0,0.96,0.040000000000000036,-5.0,0.45999999999999996,0.64,0.10000000000000009,5.0,0.5000000000000004,0.004772518357634544,OVERPAY_LIMIT
1765987573.9338229,eth-updown-15m-1765987200,1765987200.0,1765988100.0,,526.0661771297455,,,,,0,0,0.98,0.98,ONE_LEG_INVENTORY,,,,,,,,,,,,,,0,5,,,,,,,,,,,,,,,,,,,,"RECONSTRUCT_BLOCKED: OVERPAY_LIMIT (Op:0.1000 > L:0.0048, Cost:$0.50)",,,,,,,,5.0,10.0,,,,,0,0,,,Inv: 5.0/10.0 CapLeft: 35.0,,,5.0,10.0,15.0,35.0,50.0,0.0,50.0,0.96,0.040000000000000036,-5.0,0.45999999999999996,0.64,0.10000000000000009,5.0,0.5000000000000004,0.004772518357634544,OVERPAY_LIMIT
1765987575.7403307,eth-updown-15m-1765987200,1765987200.0,1765988100.0,,524.259669303894,,,,,0,0,0.9,0.98,ORDERS_OPEN,,,,,,,,,,,,,,0,5,,,,,,,,,,,,,,,,,,,,,,,,,,,,0.0,0.0,,,,,0,0,,,Inv: 0.0/0.0 CapLeft: 50.0,,,0.0,0.0,0.0,50.0,50.0,0.0,50.0,0.9,0.09999999999999998,0.0,0.0,0.0,0.0,0.0,0.0,0.0,
1765987575.8907678,eth-updown-15m-1765987200,1765987200.0,1765988100.0,,524.1092321872711,,,,,0,0,0.96,0.98,ONE_LEG_INVENTORY,,,,,,,,,,,,,,0,5,,,,,,,,,,,,,,,,,,,,"RECONSTRUCT_BLOCKED: OVERPAY_LIMIT (Op:0.0700 > L:0.0048, Cost:$0.35)",,,,,,,,5.0,10.0,,,,,0,0,,,Inv: 5.0/10.0 CapLeft: 35.0,,,5.0,10.0,15.0,35.0,50.0,0.0,50.0,0.96,0.040000000000000036,-5.0,0.45999999999999996,0.61,0.06999999999999984,5.0,0.3499999999999992,0.0048459037929773335,OVERPAY_LIMIT
1765987575.8907678,eth-updown-15m-1765987200,1765987200.0,1765988100.0,,524.1092321872711,,,,,0,0,0.96,0.98,ONE_LEG_INVENTORY,,,,,,,,,,,,,,0,5,,,,,,,,,,,,,,,,,,,,"RECONSTRUCT_BLOCKED: OVERPAY_LIMIT (Op:0.0700 > L:0.0048, Cost:$0.35)",,,,,,,,5.0,10.0,,,,,0,0,,,Inv: 5.0/10.0 CapLeft: 35.0,,,5.0,10.0,15.0,35.0,50.0,0.0,50.0,0.96,0.040000000000000036,-5.0,0.45999999999999996,0.61,0.06999999999999984,5.0,0.3499999999999992,0.0048459037929773335,OVERPAY_LIMIT
1765987577.241751,eth-updown-15m-1765987200,1765987200.0,1765988100.0,,522.7582490444183,,,,,0,0,0.9,0.98,ORDERS_OPEN,,,,,,,,,,,,,,0,5,,,,,,,,,,,,,,,,,,,,,,,,,,,,0.0,0.0,,,,,0,0,,,Inv: 0.0/0.0 CapLeft: 50.0,,,0.0,0.0,0.0,50.0,50.0,0.0,50.0,0.9,0.09999999999999998,0.0,0.0,0.0,0.0,0.0,0.0,0.0,
1765987577.8200302,eth-updown-15m-1765987200,1765987200.0,1765988100.0,,522.1799697875977,,,,,0,0,0.99,0.98,ONE_LEG_INVENTORY,,,,,,,,,,,,,,0,5,,,,,,,,,,,,,,,,,,,,"RECONSTRUCT_BLOCKED: OVERPAY_LIMIT (Op:0.0600 > L:0.0049, Cost:$0.30)",,,,,,,,5.0,10.0,,,,,0,0,,,Inv: 5.0/10.0 CapLeft: 35.0,,,5.0,10.0,15.0,35.0,50.0,0.0,50.0,0.96,0.040000000000000036,-5.0,0.45999999999999996,0.6,0.06000000000000005,5.0,0.30000000000000027,0.004918251132965087,OVERPAY_LIMIT
1765987577.8200302,eth-updown-15m-1765987200,1765987200.0,1765988100.0,,522.1799697875977,,,,,0,0,0.99,0.98,ONE_LEG_INVENTORY,,,,,,,,,,,,,,0,5,,,,,,,,,,,,,,,,,,,,"RECONSTRUCT_BLOCKED: OVERPAY_LIMIT (Op:0.0600 > L:0.0049, Cost:$0.30)",,,,,,,,5.0,10.0,,,,,0,0,,,Inv: 5.0/10.0 CapLeft: 35.0,,,5.0,10.0,15.0,35.0,50.0,0.0,50.0,0.96,0.040000000000000036,-5.0,0.45999999999999996,0.6,0.06000000000000005,5.0,0.30000000000000027,0.004918251132965087,OVERPAY_LIMIT
1765987578.7437732,eth-updown-15m-1765987200,1765987200.0,1765988100.0,,521.2562267780304,,,,,0,0,0.9,0.98,ORDERS_OPEN,,,,,,,,,,,,,,0,5,,,,,,,,,,,,,,,,,,,,,,,,,,,,0.0,0.0,,,,,0,0,,,Inv: 0.0/0.0 CapLeft: 50.0,,,0.0,0.0,0.0,50.0,50.0,0.0,50.0,0.9,0.09999999999999998,0.0,0.0,0.0,0.0,0.0,0.0,0.0,
1765987579.7700946,eth-updown-15m-1765987200,1765987200.0,1765988100.0,,520.2299053668976,,,,,0,0,0.94,0.98,ONE_LEG_INVENTORY,,,,,,,,,,,,,,0,5,,,,,,,,,,,,,,,,,,,,"RECONSTRUCT_BLOCKED: OVERPAY_LIMIT (Op:0.0900 > L:0.0050, Cost:$0.45)",,,,,,,,5.0,10.0,,,,,0,0,,,Inv: 5.0/10.0 CapLeft: 35.0,,,5.0,10.0,15.0,35.0,50.0,0.0,50.0,0.96,0.040000000000000036,-5.0,0.45999999999999996,0.63,0.08999999999999986,5.0,0.4499999999999993,0.00499137854874134,OVERPAY_LIMIT
1765987579.7700946,eth-updown-15m-1765987200,1765987200.0,1765988100.0,,520.2299053668976,,,,,0,0,0.94,0.98,ONE_LEG_INVENTORY,,,,,,,,,,,,,,0,5,,,,,,,,,,,,,,,,,,,,"RECONSTRUCT_BLOCKED: OVERPAY_LIMIT (Op:0.0900 > L:0.0050, Cost:$0.45)",,,,,,,,5.0,10.0,,,,,0,0,,,Inv: 5.0/10.0 CapLeft: 35.0,,,5.0,10.0,15.0,35.0,50.0,0.0,50.0,0.96,0.040000000000000036,-5.0,0.45999999999999996,0.63,0.08999999999999986,5.0,0.4499999999999993,0.00499137854874134,OVERPAY_LIMIT
1765987580.245455,eth-updown-15m-1765987200,1765987200.0,1765988100.0,,519.7545449733734,,,,,0,0,0.9,0.98,ORDERS_OPEN,,,,,,,,,,,,,,0,5,,,,,,,,,,,,,,,,,,,,,,,,,,,,0.0,0.0,,,,,0,0,,,Inv: 0.0/0.0 CapLeft: 50.0,,,0.0,0.0,0.0,50.0,50.0,0.0,50.0,0.9,0.09999999999999998,0.0,0.0,0.0,0.0,0.0,0.0,0.0,
1765987581.7355466,eth-updown-15m-1765987200,1765987200.0,1765988100.0,,518.2644534111023,,,,,0,0,0.99,0.98,ONE_LEG_INVENTORY,,,,,,,,,,,,,,0,5,,,,,,,,,,,,,,,,,,,,"RECONSTRUCT_BLOCKED: OVERPAY_LIMIT (Op:0.1200 > L:0.0051, Cost:$0.60)",,,,,,,,5.0,10.0,,,,,0,0,,,Inv: 5.0/10.0 CapLeft: 35.0,,,5.0,10.0,15.0,35.0,50.0,0.0,50.0,0.96,0.040000000000000036,-5.0,0.45999999999999996,0.66,0.1200000000000001,5.0,0.6000000000000005,0.005065082997083664,OVERPAY_LIMIT
1765987581.7355466,eth-updown-15m-1765987200,1765987200.0,1765988100.0,,518.2644534111023,,,,,0,0,0.99,0.98,ONE_LEG_INVENTORY,,,,,,,,,,,,,,0,5,,,,,,,,,,,,,,,,,,,,"RECONSTRUCT_BLOCKED: OVERPAY_LIMIT (Op:0.1200 > L:0.0051, Cost:$0.60)",,,,,,,,5.0,10.0,,,,,0,0,,,Inv: 5.0/10.0 CapLeft: 35.0,,,5.0,10.0,15.0,35.0,50.0,0.0,50.0,0.96,0.040000000000000036,-5.0,0.45999999999999996,0.66,0.1200000000000001,5.0,0.6000000000000005,0.005065082997083664,OVERPAY_LIMIT
1765987583.2482889,eth-updown-15m-1765987200,1765987200.0,1765988100.0,,516.7517111301422,,,,,0.45,0.45,0.9,0.98,ORDERS_OPEN,,,,,,,,,,,,,,5,5,,,,,,,,,,,,,,,,,,,,Leg:BOTH UP:5 DOWN:5,,,,,,,,0.0,0.0,,,,,0,0,,,Inv: 0.0/0.0 CapLeft: 50.0,,,0.0,0.0,0.0,50.0,50.0,0.0,50.0,0.9,0.09999999999999998,0.0,0.0,0.0,0.0,0.0,0.0,0.0,
1765987583.6757128,eth-updown-15m-1765987200,1765987200.0,1765988100.0,,516.3242871761322,,,,,0,0,0.98,0.98,ONE_LEG_INVENTORY,,,,,,,,,,,,,,0,5,,,,,,,,,,,,,,,,,,,,"RECONSTRUCT_BLOCKED: OVERPAY_LIMIT (Op:0.1300 > L:0.0051, Cost:$0.65)",,,,,,,,5.0,10.0,,,,,0,0,,,Inv: 5.0/10.0 CapLeft: 35.0,,,5.0,10.0,15.0,35.0,50.0,0.0,50.0,0.96,0.040000000000000036,-5.0,0.45999999999999996,0.67,0.1299999999999999,5.0,0.6499999999999995,0.005137839230895043,OVERPAY_LIMIT
1765987583.6757128,eth-updown-15m-1765987200,1765987200.0,1765988100.0,,516.3242871761322,,,,,0,0,0.98,0.98,ONE_LEG_INVENTORY,,,,,,,,,,,,,,0,5,,,,,,,,,,,,,,,,,,,,"RECONSTRUCT_BLOCKED: OVERPAY_LIMIT (Op:0.1300 > L:0.0051, Cost:$0.65)",,,,,,,,5.0,10.0,,,,,0,0,,,Inv: 5.0/10.0 CapLeft: 35.0,,,5.0,10.0,15.0,35.0,50.0,0.0,50.0,0.96,0.040000000000000036,-5.0,0.45999999999999996,0.67,0.1299999999999999,5.0,0.6499999999999995,0.005137839230895043,OVERPAY_LIMIT
1765987584.749941,eth-updown-15m-1765987200,1765987200.0,1765988100.0,,515.250058889389,,,,,0,0,0.9,0.98,ORDERS_OPEN,,,,,,,,,,,,,,0,5,,,,,,,,,,,,,,,,,,,,,,,,,,,,0.0,0.0,,,,,0,0,,,Inv: 0.0/0.0 CapLeft: 50.0,,,0.0,0.0,0.0,50.0,50.0,0.0,50.0,0.9,0.09999999999999998,0.0,0.0,0.0,0.0,0.0,0.0,0.0,
1765987585.6166613,eth-updown-15m-1765987200,1765987200.0,1765988100.0,,514.3833386898041,,,,,0,0,0.9600000000000001,0.98,ONE_LEG_INVENTORY,,,,,,,,,,,,,,0,5,,,,,,,,,,,,,,,,,,,,"RECONSTRUCT_BLOCKED: OVERPAY_LIMIT (Op:0.1400 > L:0.0052, Cost:$0.70)",,,,,,,,5.0,10.0,,,,,0,0,,,Inv: 5.0/10.0 CapLeft: 35.0,,,5.0,10.0,15.0,35.0,50.0,0.0,50.0,0.96,0.040000000000000036,-5.0,0.45999999999999996,0.68,0.14000000000000012,5.0,0.7000000000000006,0.005210624799132347,OVERPAY_LIMIT
1765987585.6166613,eth-updown-15m-1765987200,1765987200.0,1765988100.0,,514.3833386898041,,,,,0,0,0.9600000000000001,0.98,ONE_LEG_INVENTORY,,,,,,,,,,,,,,0,5,,,,,,,,,,,,,,,,,,,,"RECONSTRUCT_BLOCKED: OVERPAY_LIMIT (Op:0.1400 > L:0.0052, Cost:$0.70)",,,,,,,,5.0,10.0,,,,,0,0,,,Inv: 5.0/10.0 CapLeft: 35.0,,,5.0,10.0,15.0,35.0,50.0,0.0,50.0,0.96,0.040000000000000036,-5.0,0.45999999999999996,0.68,0.14000000000000012,5.0,0.7000000000000006,0.005210624799132347,OVERPAY_LIMIT
1765987586.2525587,eth-updown-15m-1765987200,1765987200.0,1765988100.0,,513.7474412918091,,,,,0,0,0.9,0.98,ORDERS_OPEN,,,,,,,,,,,,,,0,5,,,,,,,,,,,,,,,,,,,,,,,,,,,,0.0,0.0,,,,,0,0,,,Inv: 0.0/0.0 CapLeft: 50.0,,,0.0,0.0,0.0,50.0,50.0,0.0,50.0,0.9,0.09999999999999998,0.0,0.0,0.0,0.0,0.0,0.0,0.0,
1765987587.75434,eth-updown-15m-1765987200,1765987200.0,1765988100.0,,512.2456600666046,,,,,0,0,0.9,0.98,ORDERS_OPEN,,,,,,,,,,,,,,0,5,,,,,,,,,,,,,,,,,,,,,,,,,,,,0.0,0.0,,,,,0,0,,,Inv: 0.0/0.0 CapLeft: 50.0,,,0.0,0.0,0.0,50.0,50.0,0.0,50.0,0.9,0.09999999999999998,0.0,0.0,0.0,0.0,0.0,0.0,0.0,
1765987587.5587926,eth-updown-15m-1765987200,1765987200.0,1765988100.0,,512.441207408905,,,,,0,0,0.99,0.98,ONE_LEG_INVENTORY,,,,,,,,,,,,,,0,5,,,,,,,,,,,,,,,,,,,,"RECONSTRUCT_BLOCKED: OVERPAY_LIMIT (Op:0.1400 > L:0.0053, Cost:$0.70)",,,,,,,,5.0,10.0,,,,,0,0,,,Inv: 5.0/10.0 CapLeft: 35.0,,,5.0,10.0,15.0,35.0,50.0,0.0,50.0,0.96,0.040000000000000036,-5.0,0.45999999999999996,0.68,0.14000000000000012,5.0,0.7000000000000006,0.005283454722166061,OVERPAY_LIMIT
1765987587.5587926,eth-updown-15m-1765987200,1765987200.0,1765988100.0,,512.441207408905,,,,,0,0,0.99,0.98,ONE_LEG_INVENTORY,,,,,,,,,,,,,,0,5,,,,,,,,,,,,,,,,,,,,"RECONSTRUCT_BLOCKED: OVERPAY_LIMIT (Op:0.1400 > L:0.0053, Cost:$0.70)",,,,,,,,5.0,10.0,,,,,0,0,,,Inv: 5.0/10.0 CapLeft: 35.0,,,5.0,10.0,15.0,35.0,50.0,0.0,50.0,0.96,0.040000000000000036,-5.0,0.45999999999999996,0.68,0.14000000000000012,5.0,0.7000000000000006,0.005283454722166061,OVERPAY_LIMIT
1765987589.2582684,eth-updown-15m-1765987200,1765987200.0,1765988100.0,,510.74173164367676,,,,,0,0,0.9,0.98,ORDERS_OPEN,,,,,,,,,,,,,,0,5,,,,,,,,,,,,,,,,,,,,,,,,,,,,0.0,0.0,,,,,0,0,,,Inv: 0.0/0.0 CapLeft: 50.0,,,0.0,0.0,0.0,50.0,50.0,0.0,50.0,0.9,0.09999999999999998,0.0,0.0,0.0,0.0,0.0,0.0,0.0,
1765987589.5307698,eth-updown-15m-1765987200,1765987200.0,1765988100.0,,510.4692301750183,,,,,0,0,0.96,0.98,ONE_LEG_INVENTORY,,,,,,,,,,,,,,0,5,,,,,,,,,,,,,,,,,,,,"RECONSTRUCT_BLOCKED: OVERPAY_LIMIT (Op:0.1800 > L:0.0054, Cost:$0.90)",,,,,,,,5.0,10.0,,,,,0,0,,,Inv: 5.0/10.0 CapLeft: 35.0,,,5.0,10.0,15.0,35.0,50.0,0.0,50.0,0.96,0.040000000000000036,-5.0,0.45999999999999996,0.72,0.17999999999999994,5.0,0.8999999999999997,0.005357403868436813,OVERPAY_LIMIT
1765987589.5307698,eth-updown-15m-1765987200,1765987200.0,1765988100.0,,510.4692301750183,,,,,0,0,0.96,0.98,ONE_LEG_INVENTORY,,,,,,,,,,,,,,0,5,,,,,,,,,,,,,,,,,,,,"RECONSTRUCT_BLOCKED: OVERPAY_LIMIT (Op:0.1800 > L:0.0054, Cost:$0.90)",,,,,,,,5.0,10.0,,,,,0,0,,,Inv: 5.0/10.0 CapLeft: 35.0,,,5.0,10.0,15.0,35.0,50.0,0.0,50.0,0.96,0.040000000000000036,-5.0,0.45999999999999996,0.72,0.17999999999999994,5.0,0.8999999999999997,0.005357403868436813,OVERPAY_LIMIT
1765987590.7600574,eth-updown-15m-1765987200,1765987200.0,1765988100.0,,509.2399425506592,,,,,0,0,0.9,0.98,ORDERS_OPEN,,,,,,,,,,,,,,0,5,,,,,,,,,,,,,,,,,,,,,,,,,,,,0.0,0.0,,,,,0,0,,,Inv: 0.0/0.0 CapLeft: 50.0,,,0.0,0.0,0.0,50.0,50.0,0.0,50.0,0.9,0.09999999999999998,0.0,0.0,0.0,0.0,0.0,0.0,0.0,
1765987591.478418,eth-updown-15m-1765987200,1765987200.0,1765988100.0,,508.52158188819885,,,,,0,0,0.98,0.98,ONE_LEG_INVENTORY,,,,,,,,,,,,,,0,5,,,,,,,,,,,,,,,,,,,,"RECONSTRUCT_BLOCKED: OVERPAY_LIMIT (Op:0.1800 > L:0.0054, Cost:$0.90)",,,,,,,,5.0,10.0,,,,,0,0,,,Inv: 5.0/10.0 CapLeft: 35.0,,,5.0,10.0,15.0,35.0,50.0,0.0,50.0,0.96,0.040000000000000036,-5.0,0.45999999999999996,0.72,0.17999999999999994,5.0,0.8999999999999997,0.005430440679192542,OVERPAY_LIMIT
1765987591.478418,eth-updown-15m-1765987200,1765987200.0,1765988100.0,,508.52158188819885,,,,,0,0,0.98,0.98,ONE_LEG_INVENTORY,,,,,,,,,,,,,,0,5,,,,,,,,,,,,,,,,,,,,"RECONSTRUCT_BLOCKED: OVERPAY_LIMIT (Op:0.1800 > L:0.0054, Cost:$0.90)",,,,,,,,5.0,10.0,,,,,0,0,,,Inv: 5.0/10.0 CapLeft: 35.0,,,5.0,10.0,15.0,35.0,50.0,0.0,50.0,0.96,0.040000000000000036,-5.0,0.45999999999999996,0.72,0.17999999999999994,5.0,0.8999999999999997,0.005430440679192542,OVERPAY_LIMIT
1765987592.262165,eth-updown-15m-1765987200,1765987200.0,1765988100.0,,507.7378349304199,,,,,0,0,0.9,0.98,ORDERS_OPEN,,,,,,,,,,,,,,0,5,,,,,,,,,,,,,,,,,,,,,,,,,,,,0.0,0.0,,,,,0,0,,,Inv: 0.0/0.0 CapLeft: 50.0,,,0.0,0.0,0.0,50.0,50.0,0.0,50.0,0.9,0.09999999999999998,0.0,0.0,0.0,0.0,0.0,0.0,0.0,
1765987593.7643182,eth-updown-15m-1765987200,1765987200.0,1765988100.0,,506.23568177223206,,,,,0,0,0.9,0.98,ORDERS_OPEN,,,,,,,,,,,,,,0,5,,,,,,,,,,,,,,,,,,,,,,,,,,,,0.0,0.0,,,,,0,0,,,Inv: 0.0/0.0 CapLeft: 50.0,,,0.0,0.0,0.0,50.0,50.0,0.0,50.0,0.9,0.09999999999999998,0.0,0.0,0.0,0.0,0.0,0.0,0.0,
1765987593.4673598,eth-updown-15m-1765987200,1765987200.0,1765988100.0,,506.53264021873474,,,,,0,0,0.99,0.98,ONE_LEG_INVENTORY,,,,,,,,,,,,,,0,5,,,,,,,,,,,,,,,,,,,,"RECONSTRUCT_BLOCKED: OVERPAY_LIMIT (Op:0.1900 > L:0.0055, Cost:$0.95)",,,,,,,,5.0,10.0,,,,,0,0,,,Inv: 5.0/10.0 CapLeft: 35.0,,,5.0,10.0,15.0,35.0,50.0,0.0,50.0,0.96,0.040000000000000036,-5.0,0.45999999999999996,0.73,0.18999999999999995,5.0,0.9499999999999997,0.0055050259917974464,OVERPAY_LIMIT
1765987593.4673598,eth-updown-15m-1765987200,1765987200.0,1765988100.0,,506.53264021873474,,,,,0,0,0.99,0.98,ONE_LEG_INVENTORY,,,,,,,,,,,,,,0,5,,,,,,,,,,,,,,,,,,,,"RECONSTRUCT_BLOCKED: OVERPAY_LIMIT (Op:0.1900 > L:0.0055, Cost:$0.95)",,,,,,,,5.0,10.0,,,,,0,0,,,Inv: 5.0/10.0 CapLeft: 35.0,,,5.0,10.0,15.0,35.0,50.0,0.0,50.0,0.96,0.040000000000000036,-5.0,0.45999999999999996,0.73,0.18999999999999995,5.0,0.9499999999999997,0.0055050259917974464,OVERPAY_LIMIT
1765987595.2662418,eth-updown-15m-1765987200,1765987200.0,1765988100.0,,504.73375821113586,,,,,0,0,0.9,0.98,ORDERS_OPEN,,,,,,,,,,,,,,0,5,,,,,,,,,,,,,,,,,,,,,,,,,,,,0.0,0.0,,,,,0,0,,,Inv: 0.0/0.0 CapLeft: 50.0,,,0.0,0.0,0.0,50.0,50.0,0.0,50.0,0.9,0.09999999999999998,0.0,0.0,0.0,0.0,0.0,0.0,0.0,
1765987595.4016955,eth-updown-15m-1765987200,1765987200.0,1765988100.0,,504.5983045101166,,,,,0,0,0.9600000000000001,0.98,ONE_LEG_INVENTORY,,,,,,,,,,,,,,0,5,,,,,,,,,,,,,,,,,,,,"RECONSTRUCT_BLOCKED: OVERPAY_LIMIT (Op:0.1400 > L:0.0056, Cost:$0.70)",,,,,,,,5.0,10.0,,,,,0,0,,,Inv: 5.0/10.0 CapLeft: 35.0,,,5.0,10.0,15.0,35.0,50.0,0.0,50.0,0.96,0.040000000000000036,-5.0,0.45999999999999996,0.68,0.14000000000000012,5.0,0.7000000000000006,0.005577563580870628,OVERPAY_LIMIT
1765987595.4016955,eth-updown-15m-1765987200,1765987200.0,1765988100.0,,504.5983045101166,,,,,0,0,0.9600000000000001,0.98,ONE_LEG_INVENTORY,,,,,,,,,,,,,,0,5,,,,,,,,,,,,,,,,,,,,"RECONSTRUCT_BLOCKED: OVERPAY_LIMIT (Op:0.1400 > L:0.0056, Cost:$0.70)",,,,,,,,5.0,10.0,,,,,0,0,,,Inv: 5.0/10.0 CapLeft: 35.0,,,5.0,10.0,15.0,35.0,50.0,0.0,50.0,0.96,0.040000000000000036,-5.0,0.45999999999999996,0.68,0.14000000000000012,5.0,0.7000000000000006,0.005577563580870628,OVERPAY_LIMIT
1765987596.7781303,eth-updown-15m-1765987200,1765987200.0,1765988100.0,,503.22186970710754,,,,,0,0,0.9,0.98,ORDERS_OPEN,,,,,,,,,,,,,,0,5,,,,,,,,,,,,,,,,,,,,,,,,,,,,0.0,0.0,,,,,0,0,,,Inv: 0.0/0.0 CapLeft: 50.0,,,0.0,0.0,0.0,50.0,50.0,0.0,50.0,0.9,0.09999999999999998,0.0,0.0,0.0,0.0,0.0,0.0,0.0,
1765987597.3367665,eth-updown-15m-1765987200,1765987200.0,1765988100.0,,502.66323351860046,,,,,0,0,0.9600000000000001,0.98,ONE_LEG_INVENTORY,,,,,,,,,,,,,,0,5,,,,,,,,,,,,,,,,,,,,"RECONSTRUCT_BLOCKED: OVERPAY_LIMIT (Op:0.1400 > L:0.0057, Cost:$0.70)",,,,,,,,5.0,10.0,,,,,0,0,,,Inv: 5.0/10.0 CapLeft: 35.0,,,5.0,10.0,15.0,35.0,50.0,0.0,50.0,0.96,0.040000000000000036,-5.0,0.45999999999999996,0.68,0.14000000000000012,5.0,0.7000000000000006,0.005650128743052482,OVERPAY_LIMIT
1765987597.3367665,eth-updown-15m-1765987200,1765987200.0,1765988100.0,,502.66323351860046,,,,,0,0,0.9600000000000001,0.98,ONE_LEG_INVENTORY,,,,,,,,,,,,,,0,5,,,,,,,,,,,,,,,,,,,,"RECONSTRUCT_BLOCKED: OVERPAY_LIMIT (Op:0.1400 > L:0.0057, Cost:$0.70)",,,,,,,,5.0,10.0,,,,,0,0,,,Inv: 5.0/10.0 CapLeft: 35.0,,,5.0,10.0,15.0,35.0,50.0,0.0,50.0,0.96,0.040000000000000036,-5.0,0.45999999999999996,0.68,0.14000000000000012,5.0,0.7000000000000006,0.005650128743052482,OVERPAY_LIMIT
1765987599.286777,eth-updown-15m-1765987200,1765987200.0,1765988100.0,,500.71322298049927,,,,,0,0,0.99,0.98,ONE_LEG_INVENTORY,,,,,,,,,,,,,,0,5,,,,,,,,,,,,,,,,,,,,"RECONSTRUCT_BLOCKED: OVERPAY_LIMIT (Op:0.1900 > L:0.0057, Cost:$0.95)",,,,,,,,5.0,10.0,,,,,0,0,,,Inv: 5.0/10.0 CapLeft: 35.0,,,5.0,10.0,15.0,35.0,50.0,0.0,50.0,0.96,0.040000000000000036,-5.0,0.45999999999999996,0.73,0.18999999999999995,5.0,0.9499999999999997,0.005723254138231278,OVERPAY_LIMIT
1765987599.286777,eth-updown-15m-1765987200,1765987200.0,1765988100.0,,500.71322298049927,,,,,0,0,0.99,0.98,ONE_LEG_INVENTORY,,,,,,,,,,,,,,0,5,,,,,,,,,,,,,,,,,,,,"RECONSTRUCT_BLOCKED: OVERPAY_LIMIT (Op:0.1900 > L:0.0057, Cost:$0.95)",,,,,,,,5.0,10.0,,,,,0,0,,,Inv: 5.0/10.0 CapLeft: 35.0,,,5.0,10.0,15.0,35.0,50.0,0.0,50.0,0.96,0.040000000000000036,-5.0,0.45999999999999996,0.73,0.18999999999999995,5.0,0.9499999999999997,0.005723254138231278,OVERPAY_LIMIT
1765987599.7818053,eth-updown-15m-1765987200,1765987200.0,1765988100.0,,500.2181947231293,,,,,0.45,0.45,0.9,0.98,ORDERS_OPEN,,,,,,,,,,,,,,5,5,,,,,,,,,,,,,,,,,,,,Leg:BOTH UP:5 DOWN:5,,,,,,,,0.0,0.0,,,,,0,0,,,Inv: 0.0/0.0 CapLeft: 50.0,,,0.0,0.0,0.0,50.0,50.0,0.0,50.0,0.9,0.09999999999999998,0.0,0.0,0.0,0.0,0.0,0.0,0.0,
1765987601.2879672,eth-updown-15m-1765987200,1765987200.0,1765988100.0,,498.7120327949524,,,,,0,0,0.9,0.98,ORDERS_OPEN,,,,,,,,,,,,,,0,5,,,,,,,,,,,,,,,,,,,,,,,,,,,,0.0,0.0,,,,,0,0,,,Inv: 0.0/0.0 CapLeft: 50.0,,,0.0,0.0,0.0,50.0,50.0,0.0,50.0,0.9,0.09999999999999998,0.0,0.0,0.0,0.0,0.0,0.0,0.0,
1765987601.253403,eth-updown-15m-1765987200,1765987200.0,1765988100.0,,498.7465970516205,,,,,0,0,0.98,0.98,ONE_LEG_INVENTORY,,,,,,,,,,,,,,0,5,,,,,,,,,,,,,,,,,,,,"RECONSTRUCT_BLOCKED: OVERPAY_LIMIT (Op:0.1800 > L:0.0058, Cost:$0.90)",,,,,,,,5.0,10.0,,,,,0,0,,,Inv: 5.0/10.0 CapLeft: 35.0,,,5.0,10.0,15.0,35.0,50.0,0.0,50.0,0.96,0.040000000000000036,-5.0,0.45999999999999996,0.72,0.17999999999999994,5.0,0.8999999999999997,0.005797002610564232,OVERPAY_LIMIT
1765987601.253403,eth-updown-15m-1765987200,1765987200.0,1765988100.0,,498.7465970516205,,,,,0,0,0.98,0.98,ONE_LEG_INVENTORY,,,,,,,,,,,,,,0,5,,,,,,,,,,,,,,,,,,,,"RECONSTRUCT_BLOCKED: OVERPAY_LIMIT (Op:0.1800 > L:0.0058, Cost:$0.90)",,,,,,,,5.0,10.0,,,,,0,0,,,Inv: 5.0/10.0 CapLeft: 35.0,,,5.0,10.0,15.0,35.0,50.0,0.0,50.0,0.96,0.040000000000000036,-5.0,0.45999999999999996,0.72,0.17999999999999994,5.0,0.8999999999999997,0.005797002610564232,OVERPAY_LIMIT
1765987602.7903082,eth-updown-15m-1765987200,1765987200.0,1765988100.0,,497.2096917629242,,,,,0,0,0.9,0.98,ORDERS_OPEN,,,,,,,,,,,,,,0,5,,,,,,,,,,,,,,,,,,,,,,,,,,,,0.0,0.0,,,,,0,0,,,Inv: 0.0/0.0 CapLeft: 50.0,,,0.0,0.0,0.0,50.0,50.0,0.0,50.0,0.9,0.09999999999999998,0.0,0.0,0.0,0.0,0.0,0.0,0.0,
1765987603.3679109,eth-updown-15m-1765987200,1765987200.0,1765988100.0,,496.632089138031,,,,,0,0,0.99,0.98,ONE_LEG_INVENTORY,,,,,,,,,,,,,,0,5,,,,,,,,,,,,,,,,,,,,"RECONSTRUCT_BLOCKED: OVERPAY_LIMIT (Op:0.1700 > L:0.0059, Cost:$0.85)",,,,,,,,5.0,10.0,,,,,0,0,,,Inv: 5.0/10.0 CapLeft: 35.0,,,5.0,10.0,15.0,35.0,50.0,0.0,50.0,0.96,0.040000000000000036,-5.0,0.45999999999999996,0.71,0.16999999999999993,5.0,0.8499999999999996,0.005876296657323837,OVERPAY_LIMIT
1765987603.3679109,eth-updown-15m-1765987200,1765987200.0,1765988100.0,,496.632089138031,,,,,0,0,0.99,0.98,ONE_LEG_INVENTORY,,,,,,,,,,,,,,0,5,,,,,,,,,,,,,,,,,,,,"RECONSTRUCT_BLOCKED: OVERPAY_LIMIT (Op:0.1700 > L:0.0059, Cost:$0.85)",,,,,,,,5.0,10.0,,,,,0,0,,,Inv: 5.0/10.0 CapLeft: 35.0,,,5.0,10.0,15.0,35.0,50.0,0.0,50.0,0.96,0.040000000000000036,-5.0,0.45999999999999996,0.71,0.16999999999999993,5.0,0.8499999999999996,0.005876296657323837,OVERPAY_LIMIT
1765987604.2964933,eth-updown-15m-1765987200,1765987200.0,1765988100.0,,495.70350670814514,,,,,0,0,0.9,0.98,ORDERS_OPEN,,,,,,,,,,,,,,0,5,,,,,,,,,,,,,,,,,,,,,,,,,,,,0.0,0.0,,,,,0,0,,,Inv: 0.0/0.0 CapLeft: 50.0,,,0.0,0.0,0.0,50.0,50.0,0.0,50.0,0.9,0.09999999999999998,0.0,0.0,0.0,0.0,0.0,0.0,0.0,
1765987605.7993793,eth-updown-15m-1765987200,1765987200.0,1765988100.0,,494.2006206512451,,,,,0,0,0.9,0.98,ORDERS_OPEN,,,,,,,,,,,,,,0,5,,,,,,,,,,,,,,,,,,,,,,,,,,,,0.0,0.0,,,,,0,0,,,Inv: 0.0/0.0 CapLeft: 50.0,,,0.0,0.0,0.0,50.0,50.0,0.0,50.0,0.9,0.09999999999999998,0.0,0.0,0.0,0.0,0.0,0.0,0.0,
1765987605.3102553,eth-updown-15m-1765987200,1765987200.0,1765988100.0,,494.68974471092224,,,,,0,0,0.99,0.98,ONE_LEG_INVENTORY,,,,,,,,,,,,,,0,5,,,,,,,,,,,,,,,,,,,,"RECONSTRUCT_BLOCKED: OVERPAY_LIMIT (Op:0.1700 > L:0.0059, Cost:$0.85)",,,,,,,,5.0,10.0,,,,,0,0,,,Inv: 5.0/10.0 CapLeft: 35.0,,,5.0,10.0,15.0,35.0,50.0,0.0,50.0,0.96,0.040000000000000036,-5.0,0.45999999999999996,0.71,0.16999999999999993,5.0,0.8499999999999996,0.005949134573340416,OVERPAY_LIMIT
1765987605.3102553,eth-updown-15m-1765987200,1765987200.0,1765988100.0,,494.68974471092224,,,,,0,0,0.99,0.98,ONE_LEG_INVENTORY,,,,,,,,,,,,,,0,5,,,,,,,,,,,,,,,,,,,,"RECONSTRUCT_BLOCKED: OVERPAY_LIMIT (Op:0.1700 > L:0.0059, Cost:$0.85)",,,,,,,,5.0,10.0,,,,,0,0,,,Inv: 5.0/10.0 CapLeft: 35.0,,,5.0,10.0,15.0,35.0,50.0,0.0,50.0,0.96,0.040000000000000036,-5.0,0.45999999999999996,0.71,0.16999999999999993,5.0,0.8499999999999996,0.005949134573340416,OVERPAY_LIMIT
1765987607.301865,eth-updown-15m-1765987200,1765987200.0,1765988100.0,,492.6981348991394,,,,,0,0,0.9,0.98,ORDERS_OPEN,,,,,,,,,,,,,,0,5,,,,,,,,,,,,,,,,,,,,,,,,,,,,0.0,0.0,,,,,0,0,,,Inv: 0.0/0.0 CapLeft: 50.0,,,0.0,0.0,0.0,50.0,50.0,0.0,50.0,0.9,0.09999999999999998,0.0,0.0,0.0,0.0,0.0,0.0,0.0,
1765987607.3078604,eth-updown-15m-1765987200,1765987200.0,1765988100.0,,492.6921396255493,,,,,0,0,0.99,0.98,ONE_LEG_INVENTORY,,,,,,,,,,,,,,0,5,,,,,,,,,,,,,,,,,,,,"RECONSTRUCT_BLOCKED: OVERPAY_LIMIT (Op:0.1700 > L:0.0060, Cost:$0.85)",,,,,,,,5.0,10.0,,,,,0,0,,,Inv: 5.0/10.0 CapLeft: 35.0,,,5.0,10.0,15.0,35.0,50.0,0.0,50.0,0.96,0.040000000000000036,-5.0,0.45999999999999996,0.71,0.16999999999999993,5.0,0.8499999999999996,0.0060240447640419,OVERPAY_LIMIT
1765987607.3078604,eth-updown-15m-1765987200,1765987200.0,1765988100.0,,492.6921396255493,,,,,0,0,0.99,0.98,ONE_LEG_INVENTORY,,,,,,,,,,,,,,0,5,,,,,,,,,,,,,,,,,,,,"RECONSTRUCT_BLOCKED: OVERPAY_LIMIT (Op:0.1700 > L:0.0060, Cost:$0.85)",,,,,,,,5.0,10.0,,,,,0,0,,,Inv: 5.0/10.0 CapLeft: 35.0,,,5.0,10.0,15.0,35.0,50.0,0.0,50.0,0.96,0.040000000000000036,-5.0,0.45999999999999996,0.71,0.16999999999999993,5.0,0.8499999999999996,0.0060240447640419,OVERPAY_LIMIT
1765987608.803499,eth-updown-15m-1765987200,1765987200.0,1765988100.0,,491.1965010166168,,,,,0,0,0.9,0.98,ORDERS_OPEN,,,,,,,,,,,,,,0,5,,,,,,,,,,,,,,,,,,,,,,,,,,,,0.0,0.0,,,,,0,0,,,Inv: 0.0/0.0 CapLeft: 50.0,,,0.0,0.0,0.0,50.0,50.0,0.0,50.0,0.9,0.09999999999999998,0.0,0.0,0.0,0.0,0.0,0.0,0.0,
1765987610.3108926,eth-updown-15m-1765987200,1765987200.0,1765988100.0,,489.6891074180603,,,,,0,0,0.9,0.98,ORDERS_OPEN,,,,,,,,,,,,,,0,5,,,,,,,,,,,,,,,,,,,,,,,,,,,,0.0,0.0,,,,,0,0,,,Inv: 0.0/0.0 CapLeft: 50.0,,,0.0,0.0,0.0,50.0,50.0,0.0,50.0,0.9,0.09999999999999998,0.0,0.0,0.0,0.0,0.0,0.0,0.0,
1765987609.845826,eth-updown-15m-1765987200,1765987200.0,1765988100.0,,490.15417408943176,,,,,0,0,0.98,0.98,ONE_LEG_INVENTORY,,,,,,,,,,,,,,0,5,,,,,,,,,,,,,,,,,,,,"RECONSTRUCT_BLOCKED: OVERPAY_LIMIT (Op:0.1800 > L:0.0061, Cost:$0.90)",,,,,,,,5.0,10.0,,,,,0,0,,,Inv: 5.0/10.0 CapLeft: 35.0,,,5.0,10.0,15.0,35.0,50.0,0.0,50.0,0.96,0.040000000000000036,-5.0,0.45999999999999996,0.72,0.17999999999999994,5.0,0.8999999999999997,0.006119218471646309,OVERPAY_LIMIT
1765987609.845826,eth-updown-15m-1765987200,1765987200.0,1765988100.0,,490.15417408943176,,,,,0,0,0.98,0.98,ONE_LEG_INVENTORY,,,,,,,,,,,,,,0,5,,,,,,,,,,,,,,,,,,,,"RECONSTRUCT_BLOCKED: OVERPAY_LIMIT (Op:0.1800 > L:0.0061, Cost:$0.90)",,,,,,,,5.0,10.0,,,,,0,0,,,Inv: 5.0/10.0 CapLeft: 35.0,,,5.0,10.0,15.0,35.0,50.0,0.0,50.0,0.96,0.040000000000000036,-5.0,0.45999999999999996,0.72,0.17999999999999994,5.0,0.8999999999999997,0.006119218471646309,OVERPAY_LIMIT
1765987611.8133817,eth-updown-15m-1765987200,1765987200.0,1765988100.0,,488.1866183280945,,,,,0,0,0.9,0.98,ORDERS_OPEN,,,,,,,,,,,,,,0,5,,,,,,,,,,,,,,,,,,,,,,,,,,,,0.0,0.0,,,,,0,0,,,Inv: 0.0/0.0 CapLeft: 50.0,,,0.0,0.0,0.0,50.0,50.0,0.0,50.0,0.9,0.09999999999999998,0.0,0.0,0.0,0.0,0.0,0.0,0.0,
1765987612.048446,eth-updown-15m-1765987200,1765987200.0,1765988100.0,,487.9515540599823,,,,,0,0,0.96,0.98,ONE_LEG_INVENTORY,,,,,,,,,,,,,,0,5,,,,,,,,,,,,,,,,,,,,"RECONSTRUCT_BLOCKED: OVERPAY_LIMIT (Op:0.2100 > L:0.0062, Cost:$1.05)",,,,,,,,5.0,10.0,,,,,0,0,,,Inv: 5.0/10.0 CapLeft: 35.0,,,5.0,10.0,15.0,35.0,50.0,0.0,50.0,0.96,0.040000000000000036,-5.0,0.45999999999999996,0.75,0.20999999999999996,5.0,1.0499999999999998,0.006201816722750664,OVERPAY_LIMIT
1765987612.048446,eth-updown-15m-1765987200,1765987200.0,1765988100.0,,487.9515540599823,,,,,0,0,0.96,0.98,ONE_LEG_INVENTORY,,,,,,,,,,,,,,0,5,,,,,,,,,,,,,,,,,,,,"RECONSTRUCT_BLOCKED: OVERPAY_LIMIT (Op:0.2100 > L:0.0062, Cost:$1.05)",,,,,,,,5.0,10.0,,,,,0,0,,,Inv: 5.0/10.0 CapLeft: 35.0,,,5.0,10.0,15.0,35.0,50.0,0.0,50.0,0.96,0.040000000000000036,-5.0,0.45999999999999996,0.75,0.20999999999999996,5.0,1.0499999999999998,0.006201816722750664,OVERPAY_LIMIT
1765987613.3162704,eth-updown-15m-1765987200,1765987200.0,1765988100.0,,486.6837296485901,,,,,0,0,0.9,0.98,ORDERS_OPEN,,,,,,,,,,,,,,0,5,,,,,,,,,,,,,,,,,,,,,,,,,,,,0.0,0.0,,,,,0,0,,,Inv: 0.0/0.0 CapLeft: 50.0,,,0.0,0.0,0.0,50.0,50.0,0.0,50.0,0.9,0.09999999999999998,0.0,0.0,0.0,0.0,0.0,0.0,0.0,
1765987614.016257,eth-updown-15m-1765987200,1765987200.0,1765988100.0,,485.9837429523468,,,,,0,0,0.96,0.98,ONE_LEG_INVENTORY,,,,,,,,,,,,,,0,5,,,,,,,,,,,,,,,,,,,,"RECONSTRUCT_BLOCKED: OVERPAY_LIMIT (Op:0.2300 > L:0.0063, Cost:$1.15)",,,,,,,,5.0,10.0,,,,,0,0,,,Inv: 5.0/10.0 CapLeft: 35.0,,,5.0,10.0,15.0,35.0,50.0,0.0,50.0,0.96,0.040000000000000036,-5.0,0.45999999999999996,0.77,0.22999999999999998,5.0,1.15,0.006275609639286995,OVERPAY_LIMIT
1765987614.016257,eth-updown-15m-1765987200,1765987200.0,1765988100.0,,485.9837429523468,,,,,0,0,0.96,0.98,ONE_LEG_INVENTORY,,,,,,,,,,,,,,0,5,,,,,,,,,,,,,,,,,,,,"RECONSTRUCT_BLOCKED: OVERPAY_LIMIT (Op:0.2300 > L:0.0063, Cost:$1.15)",,,,,,,,5.0,10.0,,,,,0,0,,,Inv: 5.0/10.0 CapLeft: 35.0,,,5.0,10.0,15.0,35.0,50.0,0.0,50.0,0.96,0.040000000000000036,-5.0,0.45999999999999996,0.77,0.22999999999999998,5.0,1.15,0.006275609639286995,OVERPAY_LIMIT
1765987616.3193226,eth-updown-15m-1765987200,1765987200.0,1765988100.0,,483.68067741394043,,,,,0.45,0.45,0.9,0.98,ORDERS_OPEN,,,,,,,,,,,,,,5,5,,,,,,,,,,,,,,,,,,,,Leg:BOTH UP:5 DOWN:5,,,,,,,,0.0,0.0,,,,,0,0,,,Inv: 0.0/0.0 CapLeft: 50.0,,,0.0,0.0,0.0,50.0,50.0,0.0,50.0,0.9,0.09999999999999998,0.0,0.0,0.0,0.0,0.0,0.0,0.0,
1765987615.9664016,eth-updown-15m-1765987200,1765987200.0,1765988100.0,,484.03359842300415,,,,,0,0,0.96,0.98,ONE_LEG_INVENTORY,,,,,,,,,,,,,,0,5,,,,,,,,,,,,,,,,,,,,"RECONSTRUCT_BLOCKED: OVERPAY_LIMIT (Op:0.2300 > L:0.0063, Cost:$1.15)",,,,,,,,5.0,10.0,,,,,0,0,,,Inv: 5.0/10.0 CapLeft: 35.0,,,5.0,10.0,15.0,35.0,50.0,0.0,50.0,0.96,0.040000000000000036,-5.0,0.45999999999999996,0.77,0.22999999999999998,5.0,1.15,0.006348740059137344,OVERPAY_LIMIT
1765987615.9664016,eth-updown-15m-1765987200,1765987200.0,1765988100.0,,484.03359842300415,,,,,0,0,0.96,0.98,ONE_LEG_INVENTORY,,,,,,,,,,,,,,0,5,,,,,,,,,,,,,,,,,,,,"RECONSTRUCT_BLOCKED: OVERPAY_LIMIT (Op:0.2300 > L:0.0063, Cost:$1.15)",,,,,,,,5.0,10.0,,,,,0,0,,,Inv: 5.0/10.0 CapLeft: 35.0,,,5.0,10.0,15.0,35.0,50.0,0.0,50.0,0.96,0.040000000000000036,-5.0,0.45999999999999996,0.77,0.22999999999999998,5.0,1.15,0.006348740059137344,OVERPAY_LIMIT
1765987617.8208094,eth-updown-15m-1765987200,1765987200.0,1765988100.0,,482.17919063568115,,,,,0,0,0.9,0.98,ORDERS_OPEN,,,,,,,,,,,,,,0,5,,,,,,,,,,,,,,,,,,,,,,,,,,,,0.0,0.0,,,,,0,0,,,Inv: 0.0/0.0 CapLeft: 50.0,,,0.0,0.0,0.0,50.0,50.0,0.0,50.0,0.9,0.09999999999999998,0.0,0.0,0.0,0.0,0.0,0.0,0.0,
1765987617.9608073,eth-updown-15m-1765987200,1765987200.0,1765988100.0,,482.0391926765442,,,,,0,0,0.96,0.98,ONE_LEG_INVENTORY,,,,,,,,,,,,,,0,5,,,,,,,,,,,,,,,,,,,,"RECONSTRUCT_BLOCKED: OVERPAY_LIMIT (Op:0.2400 > L:0.0064, Cost:$1.20)",,,,,,,,5.0,10.0,,,,,0,0,,,Inv: 5.0/10.0 CapLeft: 35.0,,,5.0,10.0,15.0,35.0,50.0,0.0,50.0,0.96,0.040000000000000036,-5.0,0.45999999999999996,0.78,0.24,5.0,1.2,0.006423530274629593,OVERPAY_LIMIT
1765987617.9608073,eth-updown-15m-1765987200,1765987200.0,1765988100.0,,482.0391926765442,,,,,0,0,0.96,0.98,ONE_LEG_INVENTORY,,,,,,,,,,,,,,0,5,,,,,,,,,,,,,,,,,,,,"RECONSTRUCT_BLOCKED: OVERPAY_LIMIT (Op:0.2400 > L:0.0064, Cost:$1.20)",,,,,,,,5.0,10.0,,,,,0,0,,,Inv: 5.0/10.0 CapLeft: 35.0,,,5.0,10.0,15.0,35.0,50.0,0.0,50.0,0.96,0.040000000000000036,-5.0,0.45999999999999996,0.78,0.24,5.0,1.2,0.006423530274629593,OVERPAY_LIMIT
1765987619.321978,eth-updown-15m-1765987200,1765987200.0,1765988100.0,,480.6780219078064,,,,,0,0,0.9,0.98,ORDERS_OPEN,,,,,,,,,,,,,,0,5,,,,,,,,,,,,,,,,,,,,,,,,,,,,0.0,0.0,,,,,0,0,,,Inv: 0.0/0.0 CapLeft: 50.0,,,0.0,0.0,0.0,50.0,50.0,0.0,50.0,0.9,0.09999999999999998,0.0,0.0,0.0,0.0,0.0,0.0,0.0,
1765987619.9247391,eth-updown-15m-1765987200,1765987200.0,1765988100.0,,480.07526087760925,,,,,0,0,0.99,0.98,ONE_LEG_INVENTORY,,,,,,,,,,,,,,0,5,,,,,,,,,,,,,,,,,,,,"RECONSTRUCT_BLOCKED: OVERPAY_LIMIT (Op:0.2900 > L:0.0065, Cost:$1.45)",,,,,,,,5.0,10.0,,,,,0,0,,,Inv: 5.0/10.0 CapLeft: 35.0,,,5.0,10.0,15.0,35.0,50.0,0.0,50.0,0.96,0.040000000000000036,-5.0,0.45999999999999996,0.83,0.29000000000000004,5.0,1.4500000000000002,0.006497177717089653,OVERPAY_LIMIT
1765987619.9247391,eth-updown-15m-1765987200,1765987200.0,1765988100.0,,480.07526087760925,,,,,0,0,0.99,0.98,ONE_LEG_INVENTORY,,,,,,,,,,,,,,0,5,,,,,,,,,,,,,,,,,,,,"RECONSTRUCT_BLOCKED: OVERPAY_LIMIT (Op:0.2900 > L:0.0065, Cost:$1.45)",,,,,,,,5.0,10.0,,,,,0,0,,,Inv: 5.0/10.0 CapLeft: 35.0,,,5.0,10.0,15.0,35.0,50.0,0.0,50.0,0.96,0.040000000000000036,-5.0,0.45999999999999996,0.83,0.29000000000000004,5.0,1.4500000000000002,0.006497177717089653,OVERPAY_LIMIT
1765987620.8245175,eth-updown-15m-1765987200,1765987200.0,1765988100.0,,479.1754825115204,,,,,0,0,0.9,0.98,ORDERS_OPEN,,,,,,,,,,,,,,0,5,,,,,,,,,,,,,,,,,,,,,,,,,,,,0.0,0.0,,,,,0,0,,,Inv: 0.0/0.0 CapLeft: 50.0,,,0.0,0.0,0.0,50.0,50.0,0.0,50.0,0.9,0.09999999999999998,0.0,0.0,0.0,0.0,0.0,0.0,0.0,
1765987622.3271832,eth-updown-15m-1765987200,1765987200.0,1765988100.0,,477.67281675338745,,,,,0,0,0.9,0.98,ORDERS_OPEN,,,,,,,,,,,,,,0,5,,,,,,,,,,,,,,,,,,,,,,,,,,,,0.0,0.0,,,,,0,0,,,Inv: 0.0/0.0 CapLeft: 50.0,,,0.0,0.0,0.0,50.0,50.0,0.0,50.0,0.9,0.09999999999999998,0.0,0.0,0.0,0.0,0.0,0.0,0.0,
1765987621.912299,eth-updown-15m-1765987200,1765987200.0,1765988100.0,,478.0877010822296,,,,,0,0,0.99,0.98,ONE_LEG_INVENTORY,,,,,,,,,,,,,,0,5,,,,,,,,,,,,,,,,,,,,"RECONSTRUCT_BLOCKED: OVERPAY_LIMIT (Op:0.2900 > L:0.0066, Cost:$1.45)",,,,,,,,5.0,10.0,,,,,0,0,,,Inv: 5.0/10.0 CapLeft: 35.0,,,5.0,10.0,15.0,35.0,50.0,0.0,50.0,0.96,0.040000000000000036,-5.0,0.45999999999999996,0.83,0.29000000000000004,5.0,1.4500000000000002,0.006571711209416389,OVERPAY_LIMIT
1765987621.912299,eth-updown-15m-1765987200,1765987200.0,1765988100.0,,478.0877010822296,,,,,0,0,0.99,0.98,ONE_LEG_INVENTORY,,,,,,,,,,,,,,0,5,,,,,,,,,,,,,,,,,,,,"RECONSTRUCT_BLOCKED: OVERPAY_LIMIT (Op:0.2900 > L:0.0066, Cost:$1.45)",,,,,,,,5.0,10.0,,,,,0,0,,,Inv: 5.0/10.0 CapLeft: 35.0,,,5.0,10.0,15.0,35.0,50.0,0.0,50.0,0.96,0.040000000000000036,-5.0,0.45999999999999996,0.83,0.29000000000000004,5.0,1.4500000000000002,0.006571711209416389,OVERPAY_LIMIT
1765987623.8283215,eth-updown-15m-1765987200,1765987200.0,1765988100.0,,476.1716785430908,,,,,0,0,0.9,0.98,ORDERS_OPEN,,,,,,,,,,,,,,0,5,,,,,,,,,,,,,,,,,,,,,,,,,,,,0.0,0.0,,,,,0,0,,,Inv: 0.0/0.0 CapLeft: 50.0,,,0.0,0.0,0.0,50.0,50.0,0.0,50.0,0.9,0.09999999999999998,0.0,0.0,0.0,0.0,0.0,0.0,0.0,
1765987623.9316168,eth-updown-15m-1765987200,1765987200.0,1765988100.0,,476.0683832168579,,,,,0,0,0.97,0.98,ONE_LEG_INVENTORY,,,,,,,,,,,,,,0,5,,,,,,,,,,,,,,,,,,,,"RECONSTRUCT_BLOCKED: OVERPAY_LIMIT (Op:0.2400 > L:0.0066, Cost:$1.20)",,,,,,,,5.0,10.0,,,,,0,0,,,Inv: 5.0/10.0 CapLeft: 35.0,,,5.0,10.0,15.0,35.0,50.0,0.0,50.0,0.96,0.040000000000000036,-5.0,0.45999999999999996,0.78,0.24,5.0,1.2,0.006647435629367828,OVERPAY_LIMIT
1765987623.9316168,eth-updown-15m-1765987200,1765987200.0,1765988100.0,,476.0683832168579,,,,,0,0,0.97,0.98,ONE_LEG_INVENTORY,,,,,,,,,,,,,,0,5,,,,,,,,,,,,,,,,,,,,"RECONSTRUCT_BLOCKED: OVERPAY_LIMIT (Op:0.2400 > L:0.0066, Cost:$1.20)",,,,,,,,5.0,10.0,,,,,0,0,,,Inv: 5.0/10.0 CapLeft: 35.0,,,5.0,10.0,15.0,35.0,50.0,0.0,50.0,0.96,0.040000000000000036,-5.0,0.45999999999999996,0.78,0.24,5.0,1.2,0.006647435629367828,OVERPAY_LIMIT
1765987625.3306048,eth-updown-15m-1765987200,1765987200.0,1765988100.0,,474.66939520835876,,,,,0,0,0.9,0.98,ORDERS_OPEN,,,,,,,,,,,,,,0,5,,,,,,,,,,,,,,,,,,,,,,,,,,,,0.0,0.0,,,,,0,0,,,Inv: 0.0/0.0 CapLeft: 50.0,,,0.0,0.0,0.0,50.0,50.0,0.0,50.0,0.9,0.09999999999999998,0.0,0.0,0.0,0.0,0.0,0.0,0.0,
1765987625.888572,eth-updown-15m-1765987200,1765987200.0,1765988100.0,,474.11142802238464,,,,,0,0,0.97,0.98,ONE_LEG_INVENTORY,,,,,,,,,,,,,,0,5,,,,,,,,,,,,,,,,,,,,"RECONSTRUCT_BLOCKED: OVERPAY_LIMIT (Op:0.2300 > L:0.0067, Cost:$1.15)",,,,,,,,5.0,10.0,,,,,0,0,,,Inv: 5.0/10.0 CapLeft: 35.0,,,5.0,10.0,15.0,35.0,50.0,0.0,50.0,0.96,0.040000000000000036,-5.0,0.45999999999999996,0.77,0.22999999999999998,5.0,1.15,0.006720821449160575,OVERPAY_LIMIT
1765987625.888572,eth-updown-15m-1765987200,1765987200.0,1765988100.0,,474.11142802238464,,,,,0,0,0.97,0.98,ONE_LEG_INVENTORY,,,,,,,,,,,,,,0,5,,,,,,,,,,,,,,,,,,,,"RECONSTRUCT_BLOCKED: OVERPAY_LIMIT (Op:0.2300 > L:0.0067, Cost:$1.15)",,,,,,,,5.0,10.0,,,,,0,0,,,Inv: 5.0/10.0 CapLeft: 35.0,,,5.0,10.0,15.0,35.0,50.0,0.0,50.0,0.96,0.040000000000000036,-5.0,0.45999999999999996,0.77,0.22999999999999998,5.0,1.15,0.006720821449160575,OVERPAY_LIMIT
1765987626.832315,eth-updown-15m-1765987200,1765987200.0,1765988100.0,,473.16768503189087,,,,,0,0,0.9,0.98,ORDERS_OPEN,,,,,,,,,,,,,,0,5,,,,,,,,,,,,,,,,,,,,,,,,,,,,0.0,0.0,,,,,0,0,,,Inv: 0.0/0.0 CapLeft: 50.0,,,0.0,0.0,0.0,50.0,50.0,0.0,50.0,0.9,0.09999999999999998,0.0,0.0,0.0,0.0,0.0,0.0,0.0,
1765987628.333898,eth-updown-15m-1765987200,1765987200.0,1765988100.0,,471.66610193252563,,,,,0,0,0.9,0.98,ORDERS_OPEN,,,,,,,,,,,,,,0,5,,,,,,,,,,,,,,,,,,,,,,,,,,,,0.0,0.0,,,,,0,0,,,Inv: 0.0/0.0 CapLeft: 50.0,,,0.0,0.0,0.0,50.0,50.0,0.0,50.0,0.9,0.09999999999999998,0.0,0.0,0.0,0.0,0.0,0.0,0.0,
1765987627.9542055,eth-updown-15m-1765987200,1765987200.0,1765988100.0,,472.0457944869995,,,,,0,0,0.96,0.98,ONE_LEG_INVENTORY,,,,,,,,,,,,,,0,5,,,,,,,,,,,,,,,,,,,,"RECONSTRUCT_BLOCKED: OVERPAY_LIMIT (Op:0.2400 > L:0.0068, Cost:$1.20)",,,,,,,,5.0,10.0,,,,,0,0,,,Inv: 5.0/10.0 CapLeft: 35.0,,,5.0,10.0,15.0,35.0,50.0,0.0,50.0,0.96,0.040000000000000036,-5.0,0.45999999999999996,0.78,0.24,5.0,1.2,0.006798282706737518,OVERPAY_LIMIT
1765987627.9542055,eth-updown-15m-1765987200,1765987200.0,1765988100.0,,472.0457944869995,,,,,0,0,0.96,0.98,ONE_LEG_INVENTORY,,,,,,,,,,,,,,0,5,,,,,,,,,,,,,,,,,,,,"RECONSTRUCT_BLOCKED: OVERPAY_LIMIT (Op:0.2400 > L:0.0068, Cost:$1.20)",,,,,,,,5.0,10.0,,,,,0,0,,,Inv: 5.0/10.0 CapLeft: 35.0,,,5.0,10.0,15.0,35.0,50.0,0.0,50.0,0.96,0.040000000000000036,-5.0,0.45999999999999996,0.78,0.24,5.0,1.2,0.006798282706737518,OVERPAY_LIMIT
1765987629.8360868,eth-updown-15m-1765987200,1765987200.0,1765988100.0,,470.1639132499695,,,,,0,0,0.9,0.98,ORDERS_OPEN,,,,,,,,,,,,,,0,5,,,,,,,,,,,,,,,,,,,,,,,,,,,,0.0,0.0,,,,,0,0,,,Inv: 0.0/0.0 CapLeft: 50.0,,,0.0,0.0,0.0,50.0,50.0,0.0,50.0,0.9,0.09999999999999998,0.0,0.0,0.0,0.0,0.0,0.0,0.0,
1765987629.9143178,eth-updown-15m-1765987200,1765987200.0,1765988100.0,,470.0856821537018,,,,,0,0,0.98,0.98,ONE_LEG_INVENTORY,,,,,,,,,,,,,,0,5,,,,,,,,,,,,,,,,,,,,"RECONSTRUCT_BLOCKED: OVERPAY_LIMIT (Op:0.2900 > L:0.0069, Cost:$1.45)",,,,,,,,5.0,10.0,,,,,0,0,,,Inv: 5.0/10.0 CapLeft: 35.0,,,5.0,10.0,15.0,35.0,50.0,0.0,50.0,0.96,0.040000000000000036,-5.0,0.45999999999999996,0.83,0.29000000000000004,5.0,1.4500000000000002,0.006871786919236182,OVERPAY_LIMIT
1765987629.9143178,eth-updown-15m-1765987200,1765987200.0,1765988100.0,,470.0856821537018,,,,,0,0,0.98,0.98,ONE_LEG_INVENTORY,,,,,,,,,,,,,,0,5,,,,,,,,,,,,,,,,,,,,"RECONSTRUCT_BLOCKED: OVERPAY_LIMIT (Op:0.2900 > L:0.0069, Cost:$1.45)",,,,,,,,5.0,10.0,,,,,0,0,,,Inv: 5.0/10.0 CapLeft: 35.0,,,5.0,10.0,15.0,35.0,50.0,0.0,50.0,0.96,0.040000000000000036,-5.0,0.45999999999999996,0.83,0.29000000000000004,5.0,1.4500000000000002,0.006871786919236182,OVERPAY_LIMIT
1765987631.8881738,eth-updown-15m-1765987200,1765987200.0,1765988100.0,,468.11182618141174,,,,,0,0,0.99,0.98,ONE_LEG_INVENTORY,,,,,,,,,,,,,,0,5,,,,,,,,,,,,,,,,,,,,"RECONSTRUCT_BLOCKED: OVERPAY_LIMIT (Op:0.3000 > L:0.0069, Cost:$1.50)",,,,,,,,5.0,10.0,,,,,0,0,,,Inv: 5.0/10.0 CapLeft: 35.0,,,5.0,10.0,15.0,35.0,50.0,0.0,50.0,0.96,0.040000000000000036,-5.0,0.45999999999999996,0.84,0.2999999999999998,5.0,1.4999999999999991,0.00694580651819706,OVERPAY_LIMIT
1765987631.8881738,eth-updown-15m-1765987200,1765987200.0,1765988100.0,,468.11182618141174,,,,,0,0,0.99,0.98,ONE_LEG_INVENTORY,,,,,,,,,,,,,,0,5,,,,,,,,,,,,,,,,,,,,"RECONSTRUCT_BLOCKED: OVERPAY_LIMIT (Op:0.3000 > L:0.0069, Cost:$1.50)",,,,,,,,5.0,10.0,,,,,0,0,,,Inv: 5.0/10.0 CapLeft: 35.0,,,5.0,10.0,15.0,35.0,50.0,0.0,50.0,0.96,0.040000000000000036,-5.0,0.45999999999999996,0.84,0.2999999999999998,5.0,1.4999999999999991,0.00694580651819706,OVERPAY_LIMIT
1765987632.839251,eth-updown-15m-1765987200,1765987200.0,1765988100.0,,467.16074895858765,,,,,0.45,0.45,0.9,0.98,ORDERS_OPEN,,,,,,,,,,,,,,5,5,,,,,,,,,,,,,,,,,,,,Leg:BOTH UP:5 DOWN:5,,,,,,,,0.0,0.0,,,,,0,0,,,Inv: 0.0/0.0 CapLeft: 50.0,,,0.0,0.0,0.0,50.0,50.0,0.0,50.0,0.9,0.09999999999999998,0.0,0.0,0.0,0.0,0.0,0.0,0.0,
1765987634.3408716,eth-updown-15m-1765987200,1765987200.0,1765988100.0,,465.6591284275055,,,,,0,0,0.9,0.98,ORDERS_OPEN,,,,,,,,,,,,,,0,5,,,,,,,,,,,,,,,,,,,,,,,,,,,,0.0,0.0,,,,,0,0,,,Inv: 0.0/0.0 CapLeft: 50.0,,,0.0,0.0,0.0,50.0,50.0,0.0,50.0,0.9,0.09999999999999998,0.0,0.0,0.0,0.0,0.0,0.0,0.0,
1765987633.9575875,eth-updown-15m-1765987200,1765987200.0,1765988100.0,,466.04241251945496,,,,,0,0,1.0,0.98,ONE_LEG_INVENTORY,,,,,,,,,,,,,,0,5,,,,,,,,,,,,,,,,,,,,"RECONSTRUCT_BLOCKED: OVERPAY_LIMIT (Op:0.2900 > L:0.0070, Cost:$1.45)",,,,,,,,5.0,10.0,,,,,0,0,,,Inv: 5.0/10.0 CapLeft: 35.0,,,5.0,10.0,15.0,35.0,50.0,0.0,50.0,0.96,0.040000000000000036,-5.0,0.45999999999999996,0.83,0.29000000000000004,5.0,1.4500000000000002,0.007023409530520439,OVERPAY_LIMIT
1765987633.9575875,eth-updown-15m-1765987200,1765987200.0,1765988100.0,,466.04241251945496,,,,,0,0,1.0,0.98,ONE_LEG_INVENTORY,,,,,,,,,,,,,,0,5,,,,,,,,,,,,,,,,,,,,"RECONSTRUCT_BLOCKED: OVERPAY_LIMIT (Op:0.2900 > L:0.0070, Cost:$1.45)",,,,,,,,5.0,10.0,,,,,0,0,,,Inv: 5.0/10.0 CapLeft: 35.0,,,5.0,10.0,15.0,35.0,50.0,0.0,50.0,0.96,0.040000000000000036,-5.0,0.45999999999999996,0.83,0.29000000000000004,5.0,1.4500000000000002,0.007023409530520439,OVERPAY_LIMIT
1765987635.842479,eth-updown-15m-1765987200,1765987200.0,1765988100.0,,464.1575210094452,,,,,0,0,0.9,0.98,ORDERS_OPEN,,,,,,,,,,,,,,0,5,,,,,,,,,,,,,,,,,,,,,,,,,,,,0.0,0.0,,,,,0,0,,,Inv: 0.0/0.0 CapLeft: 50.0,,,0.0,0.0,0.0,50.0,50.0,0.0,50.0,0.9,0.09999999999999998,0.0,0.0,0.0,0.0,0.0,0.0,0.0,
1765987635.9021337,eth-updown-15m-1765987200,1765987200.0,1765988100.0,,464.0978662967682,,,,,0,0,0.99,0.98,ONE_LEG_INVENTORY,,,,,,,,,,,,,,0,5,,,,,,,,,,,,,,,,,,,,"RECONSTRUCT_BLOCKED: OVERPAY_LIMIT (Op:0.2500 > L:0.0071, Cost:$1.25)",,,,,,,,5.0,10.0,,,,,0,0,,,Inv: 5.0/10.0 CapLeft: 35.0,,,5.0,10.0,15.0,35.0,50.0,0.0,50.0,0.96,0.040000000000000036,-5.0,0.45999999999999996,0.79,0.25,5.0,1.25,0.007096330013871193,OVERPAY_LIMIT
1765987635.9021337,eth-updown-15m-1765987200,1765987200.0,1765988100.0,,464.0978662967682,,,,,0,0,0.99,0.98,ONE_LEG_INVENTORY,,,,,,,,,,,,,,0,5,,,,,,,,,,,,,,,,,,,,"RECONSTRUCT_BLOCKED: OVERPAY_LIMIT (Op:0.2500 > L:0.0071, Cost:$1.25)",,,,,,,,5.0,10.0,,,,,0,0,,,Inv: 5.0/10.0 CapLeft: 35.0,,,5.0,10.0,15.0,35.0,50.0,0.0,50.0,0.96,0.040000000000000036,-5.0,0.45999999999999996,0.79,0.25,5.0,1.25,0.007096330013871193,OVERPAY_LIMIT
1765987637.3444881,eth-updown-15m-1765987200,1765987200.0,1765988100.0,,462.6555118560791,,,,,0,0,0.9,0.98,ORDERS_OPEN,,,,,,,,,,,,,,0,5,,,,,,,,,,,,,,,,,,,,,,,,,,,,0.0,0.0,,,,,0,0,,,Inv: 0.0/0.0 CapLeft: 50.0,,,0.0,0.0,0.0,50.0,50.0,0.0,50.0,0.9,0.09999999999999998,0.0,0.0,0.0,0.0,0.0,0.0,0.0,
1765987637.899982,eth-updown-15m-1765987200,1765987200.0,1765988100.0,,462.1000180244446,,,,,0,0,1.0,0.98,ONE_LEG_INVENTORY,,,,,,,,,,,,,,0,5,,,,,,,,,,,,,,,,,,,,"RECONSTRUCT_BLOCKED: OVERPAY_LIMIT (Op:0.2700 > L:0.0072, Cost:$1.35)",,,,,,,,5.0,10.0,,,,,0,0,,,Inv: 5.0/10.0 CapLeft: 35.0,,,5.0,10.0,15.0,35.0,50.0,0.0,50.0,0.96,0.040000000000000036,-5.0,0.45999999999999996,0.81,0.27,5.0,1.35,0.007171249324083328,OVERPAY_LIMIT
1765987637.899982,eth-updown-15m-1765987200,1765987200.0,1765988100.0,,462.1000180244446,,,,,0,0,1.0,0.98,ONE_LEG_INVENTORY,,,,,,,,,,,,,,0,5,,,,,,,,,,,,,,,,,,,,"RECONSTRUCT_BLOCKED: OVERPAY_LIMIT (Op:0.2700 > L:0.0072, Cost:$1.35)",,,,,,,,5.0,10.0,,,,,0,0,,,Inv: 5.0/10.0 CapLeft: 35.0,,,5.0,10.0,15.0,35.0,50.0,0.0,50.0,0.96,0.040000000000000036,-5.0,0.45999999999999996,0.81,0.27,5.0,1.35,0.007171249324083328,OVERPAY_LIMIT
1765987638.8467577,eth-updown-15m-1765987200,1765987200.0,1765988100.0,,461.15324234962463,,,,,0,0,0.9,0.98,ORDERS_OPEN,,,,,,,,,,,,,,0,5,,,,,,,,,,,,,,,,,,,,,,,,,,,,0.0,0.0,,,,,0,0,,,Inv: 0.0/0.0 CapLeft: 50.0,,,0.0,0.0,0.0,50.0,50.0,0.0,50.0,0.9,0.09999999999999998,0.0,0.0,0.0,0.0,0.0,0.0,0.0,
1765987639.8367355,eth-updown-15m-1765987200,1765987200.0,1765988100.0,,460.16326451301575,,,,,0,0,0.98,0.98,ONE_LEG_INVENTORY,,,,,,,,,,,,,,0,5,,,,,,,,,,,,,,,,,,,,"RECONSTRUCT_BLOCKED: OVERPAY_LIMIT (Op:0.2500 > L:0.0072, Cost:$1.25)",,,,,,,,5.0,10.0,,,,,0,0,,,Inv: 5.0/10.0 CapLeft: 35.0,,,5.0,10.0,15.0,35.0,50.0,0.0,50.0,0.96,0.040000000000000036,-5.0,0.45999999999999996,0.79,0.25,5.0,1.25,0.007243877580761909,OVERPAY_LIMIT
1765987639.8367355,eth-updown-15m-1765987200,1765987200.0,1765988100.0,,460.16326451301575,,,,,0,0,0.98,0.98,ONE_LEG_INVENTORY,,,,,,,,,,,,,,0,5,,,,,,,,,,,,,,,,,,,,"RECONSTRUCT_BLOCKED: OVERPAY_LIMIT (Op:0.2500 > L:0.0072, Cost:$1.25)",,,,,,,,5.0,10.0,,,,,0,0,,,Inv: 5.0/10.0 CapLeft: 35.0,,,5.0,10.0,15.0,35.0,50.0,0.0,50.0,0.96,0.040000000000000036,-5.0,0.45999999999999996,0.79,0.25,5.0,1.25,0.007243877580761909,OVERPAY_LIMIT
1765987640.3494058,eth-updown-15m-1765987200,1765987200.0,1765988100.0,,459.65059423446655,,,,,0,0,0.9,0.98,ORDERS_OPEN,,,,,,,,,,,,,,0,5,,,,,,,,,,,,,,,,,,,,,,,,,,,,0.0,0.0,,,,,0,0,,,Inv: 0.0/0.0 CapLeft: 50.0,,,0.0,0.0,0.0,50.0,50.0,0.0,50.0,0.9,0.09999999999999998,0.0,0.0,0.0,0.0,0.0,0.0,0.0,
1765987641.8512988,eth-updown-15m-1765987200,1765987200.0,1765988100.0,,458.1487011909485,,,,,0,0,0.9,0.98,ORDERS_OPEN,,,,,,,,,,,,,,0,5,,,,,,,,,,,,,,,,,,,,,,,,,,,,0.0,0.0,,,,,0,0,,,Inv: 0.0/0.0 CapLeft: 50.0,,,0.0,0.0,0.0,50.0,50.0,0.0,50.0,0.9,0.09999999999999998,0.0,0.0,0.0,0.0,0.0,0.0,0.0,
1765987641.7980282,eth-updown-15m-1765987200,1765987200.0,1765988100.0,,458.2019717693329,,,,,0,0,0.98,0.98,ONE_LEG_INVENTORY,,,,,,,,,,,,,,0,5,,,,,,,,,,,,,,,,,,,,"RECONSTRUCT_BLOCKED: OVERPAY_LIMIT (Op:0.2500 > L:0.0073, Cost:$1.25)",,,,,,,,5.0,10.0,,,,,0,0,,,Inv: 5.0/10.0 CapLeft: 35.0,,,5.0,10.0,15.0,35.0,50.0,0.0,50.0,0.96,0.040000000000000036,-5.0,0.45999999999999996,0.79,0.25,5.0,1.25,0.007317426058650016,OVERPAY_LIMIT
1765987641.7980282,eth-updown-15m-1765987200,1765987200.0,1765988100.0,,458.2019717693329,,,,,0,0,0.98,0.98,ONE_LEG_INVENTORY,,,,,,,,,,,,,,0,5,,,,,,,,,,,,,,,,,,,,"RECONSTRUCT_BLOCKED: OVERPAY_LIMIT (Op:0.2500 > L:0.0073, Cost:$1.25)",,,,,,,,5.0,10.0,,,,,0,0,,,Inv: 5.0/10.0 CapLeft: 35.0,,,5.0,10.0,15.0,35.0,50.0,0.0,50.0,0.96,0.040000000000000036,-5.0,0.45999999999999996,0.79,0.25,5.0,1.25,0.007317426058650016,OVERPAY_LIMIT
1765987643.3536756,eth-updown-15m-1765987200,1765987200.0,1765988100.0,,456.6463243961334,,,,,0,0,0.9,0.98,ORDERS_OPEN,,,,,,,,,,,,,,0,5,,,,,,,,,,,,,,,,,,,,,,,,,,,,0.0,0.0,,,,,0,0,,,Inv: 0.0/0.0 CapLeft: 50.0,,,0.0,0.0,0.0,50.0,50.0,0.0,50.0,0.9,0.09999999999999998,0.0,0.0,0.0,0.0,0.0,0.0,0.0,
1765987643.7397819,eth-updown-15m-1765987200,1765987200.0,1765988100.0,,456.26021814346313,,,,,0,0,0.98,0.98,ONE_LEG_INVENTORY,,,,,,,,,,,,,,0,5,,,,,,,,,,,,,,,,,,,,"RECONSTRUCT_BLOCKED: OVERPAY_LIMIT (Op:0.2400 > L:0.0074, Cost:$1.20)",,,,,,,,5.0,10.0,,,,,0,0,,,Inv: 5.0/10.0 CapLeft: 35.0,,,5.0,10.0,15.0,35.0,50.0,0.0,50.0,0.96,0.040000000000000036,-5.0,0.45999999999999996,0.78,0.24,5.0,1.2,0.007390241819620132,OVERPAY_LIMIT
1765987643.7397819,eth-updown-15m-1765987200,1765987200.0,1765988100.0,,456.26021814346313,,,,,0,0,0.98,0.98,ONE_LEG_INVENTORY,,,,,,,,,,,,,,0,5,,,,,,,,,,,,,,,,,,,,"RECONSTRUCT_BLOCKED: OVERPAY_LIMIT (Op:0.2400 > L:0.0074, Cost:$1.20)",,,,,,,,5.0,10.0,,,,,0,0,,,Inv: 5.0/10.0 CapLeft: 35.0,,,5.0,10.0,15.0,35.0,50.0,0.0,50.0,0.96,0.040000000000000036,-5.0,0.45999999999999996,0.78,0.24,5.0,1.2,0.007390241819620132,OVERPAY_LIMIT
1765987644.8549914,eth-updown-15m-1765987200,1765987200.0,1765988100.0,,455.14500856399536,,,,,0,0,0.9,0.98,ORDERS_OPEN,,,,,,,,,,,,,,0,5,,,,,,,,,,,,,,,,,,,,,,,,,,,,0.0,0.0,,,,,0,0,,,Inv: 0.0/0.0 CapLeft: 50.0,,,0.0,0.0,0.0,50.0,50.0,0.0,50.0,0.9,0.09999999999999998,0.0,0.0,0.0,0.0,0.0,0.0,0.0,
1765987645.766212,eth-updown-15m-1765987200,1765987200.0,1765988100.0,,454.23378801345825,,,,,0,0,0.97,0.98,ONE_LEG_INVENTORY,,,,,,,,,,,,,,0,5,,,,,,,,,,,,,,,,,,,,"RECONSTRUCT_BLOCKED: OVERPAY_LIMIT (Op:0.2400 > L:0.0075, Cost:$1.20)",,,,,,,,5.0,10.0,,,,,0,0,,,Inv: 5.0/10.0 CapLeft: 35.0,,,5.0,10.0,15.0,35.0,50.0,0.0,50.0,0.96,0.040000000000000036,-5.0,0.45999999999999996,0.78,0.24,5.0,1.2,0.0074662329494953154,OVERPAY_LIMIT
1765987645.766212,eth-updown-15m-1765987200,1765987200.0,1765988100.0,,454.23378801345825,,,,,0,0,0.97,0.98,ONE_LEG_INVENTORY,,,,,,,,,,,,,,0,5,,,,,,,,,,,,,,,,,,,,"RECONSTRUCT_BLOCKED: OVERPAY_LIMIT (Op:0.2400 > L:0.0075, Cost:$1.20)",,,,,,,,5.0,10.0,,,,,0,0,,,Inv: 5.0/10.0 CapLeft: 35.0,,,5.0,10.0,15.0,35.0,50.0,0.0,50.0,0.96,0.040000000000000036,-5.0,0.45999999999999996,0.78,0.24,5.0,1.2,0.0074662329494953154,OVERPAY_LIMIT
1765987646.356711,eth-updown-15m-1765987200,1765987200.0,1765988100.0,,453.6432890892029,,,,,0,0,0.9,0.98,ORDERS_OPEN,,,,,,,,,,,,,,0,5,,,,,,,,,,,,,,,,,,,,,,,,,,,,0.0,0.0,,,,,0,0,,,Inv: 0.0/0.0 CapLeft: 50.0,,,0.0,0.0,0.0,50.0,50.0,0.0,50.0,0.9,0.09999999999999998,0.0,0.0,0.0,0.0,0.0,0.0,0.0,
1765987647.7094703,eth-updown-15m-1765987200,1765987200.0,1765988100.0,,452.2905297279358,,,,,0,0,0.98,0.98,ONE_LEG_INVENTORY,,,,,,,,,,,,,,0,5,,,,,,,,,,,,,,,,,,,,"RECONSTRUCT_BLOCKED: OVERPAY_LIMIT (Op:0.2600 > L:0.0075, Cost:$1.30)",,,,,,,,5.0,10.0,,,,,0,0,,,Inv: 5.0/10.0 CapLeft: 35.0,,,5.0,10.0,15.0,35.0,50.0,0.0,50.0,0.96,0.040000000000000036,-5.0,0.45999999999999996,0.8,0.26,5.0,1.3,0.007539105135202407,OVERPAY_LIMIT
1765987647.7094703,eth-updown-15m-1765987200,1765987200.0,1765988100.0,,452.2905297279358,,,,,0,0,0.98,0.98,ONE_LEG_INVENTORY,,,,,,,,,,,,,,0,5,,,,,,,,,,,,,,,,,,,,"RECONSTRUCT_BLOCKED: OVERPAY_LIMIT (Op:0.2600 > L:0.0075, Cost:$1.30)",,,,,,,,5.0,10.0,,,,,0,0,,,Inv: 5.0/10.0 CapLeft: 35.0,,,5.0,10.0,15.0,35.0,50.0,0.0,50.0,0.96,0.040000000000000036,-5.0,0.45999999999999996,0.8,0.26,5.0,1.3,0.007539105135202407,OVERPAY_LIMIT
1765987649.3591344,eth-updown-15m-1765987200,1765987200.0,1765988100.0,,450.6408655643463,,,,,0.45,0.45,0.9,0.98,ORDERS_OPEN,,,,,,,,,,,,,,5,5,,,,,,,,,,,,,,,,,,,,Leg:BOTH UP:5 DOWN:5,,,,,,,,0.0,0.0,,,,,0,0,,,Inv: 0.0/0.0 CapLeft: 50.0,,,0.0,0.0,0.0,50.0,50.0,0.0,50.0,0.9,0.09999999999999998,0.0,0.0,0.0,0.0,0.0,0.0,0.0,
1765987649.6720438,eth-updown-15m-1765987200,1765987200.0,1765988100.0,,450.327956199646,,,,,0,0,0.97,0.98,ONE_LEG_INVENTORY,,,,,,,,,,,,,,0,5,,,,,,,,,,,,,,,,,,,,"RECONSTRUCT_BLOCKED: OVERPAY_LIMIT (Op:0.2300 > L:0.0076, Cost:$1.15)",,,,,,,,5.0,10.0,,,,,0,0,,,Inv: 5.0/10.0 CapLeft: 35.0,,,5.0,10.0,15.0,35.0,50.0,0.0,50.0,0.96,0.040000000000000036,-5.0,0.45999999999999996,0.77,0.22999999999999998,5.0,1.15,0.007612701642513275,OVERPAY_LIMIT
1765987649.6720438,eth-updown-15m-1765987200,1765987200.0,1765988100.0,,450.327956199646,,,,,0,0,0.97,0.98,ONE_LEG_INVENTORY,,,,,,,,,,,,,,0,5,,,,,,,,,,,,,,,,,,,,"RECONSTRUCT_BLOCKED: OVERPAY_LIMIT (Op:0.2300 > L:0.0076, Cost:$1.15)",,,,,,,,5.0,10.0,,,,,0,0,,,Inv: 5.0/10.0 CapLeft: 35.0,,,5.0,10.0,15.0,35.0,50.0,0.0,50.0,0.96,0.040000000000000036,-5.0,0.45999999999999996,0.77,0.22999999999999998,5.0,1.15,0.007612701642513275,OVERPAY_LIMIT
1765987650.860842,eth-updown-15m-1765987200,1765987200.0,1765988100.0,,449.1391580104828,,,,,0,0,0.9,0.98,ORDERS_OPEN,,,,,,,,,,,,,,0,5,,,,,,,,,,,,,,,,,,,,,,,,,,,,0.0,0.0,,,,,0,0,,,Inv: 0.0/0.0 CapLeft: 50.0,,,0.0,0.0,0.0,50.0,50.0,0.0,50.0,0.9,0.09999999999999998,0.0,0.0,0.0,0.0,0.0,0.0,0.0,
1765987651.6097078,eth-updown-15m-1765987200,1765987200.0,1765988100.0,,448.3902921676636,,,,,0,0,0.98,0.98,ONE_LEG_INVENTORY,,,,,,,,,,,,,,0,5,,,,,,,,,,,,,,,,,,,,"RECONSTRUCT_BLOCKED: OVERPAY_LIMIT (Op:0.2200 > L:0.0077, Cost:$1.10)",,,,,,,,5.0,10.0,,,,,0,0,,,Inv: 5.0/10.0 CapLeft: 35.0,,,5.0,10.0,15.0,35.0,50.0,0.0,50.0,0.96,0.040000000000000036,-5.0,0.45999999999999996,0.76,0.21999999999999997,5.0,1.0999999999999999,0.007685364043712615,OVERPAY_LIMIT
1765987651.6097078,eth-updown-15m-1765987200,1765987200.0,1765988100.0,,448.3902921676636,,,,,0,0,0.98,0.98,ONE_LEG_INVENTORY,,,,,,,,,,,,,,0,5,,,,,,,,,,,,,,,,,,,,"RECONSTRUCT_BLOCKED: OVERPAY_LIMIT (Op:0.2200 > L:0.0077, Cost:$1.10)",,,,,,,,5.0,10.0,,,,,0,0,,,Inv: 5.0/10.0 CapLeft: 35.0,,,5.0,10.0,15.0,35.0,50.0,0.0,50.0,0.96,0.040000000000000036,-5.0,0.45999999999999996,0.76,0.21999999999999997,5.0,1.0999999999999999,0.007685364043712615,OVERPAY_LIMIT
1765987652.3628502,eth-updown-15m-1765987200,1765987200.0,1765988100.0,,447.637149810791,,,,,0,0,0.9,0.98,ORDERS_OPEN,,,,,,,,,,,,,,0,5,,,,,,,,,,,,,,,,,,,,,,,,,,,,0.0,0.0,,,,,0,0,,,Inv: 0.0/0.0 CapLeft: 50.0,,,0.0,0.0,0.0,50.0,50.0,0.0,50.0,0.9,0.09999999999999998,0.0,0.0,0.0,0.0,0.0,0.0,0.0,
1765987653.8651643,eth-updown-15m-1765987200,1765987200.0,1765988100.0,,446.13483572006226,,,,,0,0,0.9,0.98,ORDERS_OPEN,,,,,,,,,,,,,,0,5,,,,,,,,,,,,,,,,,,,,,,,,,,,,0.0,0.0,,,,,0,0,,,Inv: 0.0/0.0 CapLeft: 50.0,,,0.0,0.0,0.0,50.0,50.0,0.0,50.0,0.9,0.09999999999999998,0.0,0.0,0.0,0.0,0.0,0.0,0.0,
1765987653.5693316,eth-updown-15m-1765987200,1765987200.0,1765988100.0,,446.4306683540344,,,,,0,0,0.99,0.98,ONE_LEG_INVENTORY,,,,,,,,,,,,,,0,5,,,,,,,,,,,,,,,,,,,,"RECONSTRUCT_BLOCKED: OVERPAY_LIMIT (Op:0.2100 > L:0.0078, Cost:$1.05)",,,,,,,,5.0,10.0,,,,,0,0,,,Inv: 5.0/10.0 CapLeft: 35.0,,,5.0,10.0,15.0,35.0,50.0,0.0,50.0,0.96,0.040000000000000036,-5.0,0.45999999999999996,0.75,0.20999999999999996,5.0,1.0499999999999998,0.007758849936723709,OVERPAY_LIMIT
1765987653.5693316,eth-updown-15m-1765987200,1765987200.0,1765988100.0,,446.4306683540344,,,,,0,0,0.99,0.98,ONE_LEG_INVENTORY,,,,,,,,,,,,,,0,5,,,,,,,,,,,,,,,,,,,,"RECONSTRUCT_BLOCKED: OVERPAY_LIMIT (Op:0.2100 > L:0.0078, Cost:$1.05)",,,,,,,,5.0,10.0,,,,,0,0,,,Inv: 5.0/10.0 CapLeft: 35.0,,,5.0,10.0,15.0,35.0,50.0,0.0,50.0,0.96,0.040000000000000036,-5.0,0.45999999999999996,0.75,0.20999999999999996,5.0,1.0499999999999998,0.007758849936723709,OVERPAY_LIMIT
1765987655.3677685,eth-updown-15m-1765987200,1765987200.0,1765988100.0,,444.63223147392273,,,,,0,0,0.9,0.98,ORDERS_OPEN,,,,,,,,,,,,,,0,5,,,,,,,,,,,,,,,,,,,,,,,,,,,,0.0,0.0,,,,,0,0,,,Inv: 0.0/0.0 CapLeft: 50.0,,,0.0,0.0,0.0,50.0,50.0,0.0,50.0,0.9,0.09999999999999998,0.0,0.0,0.0,0.0,0.0,0.0,0.0,
1765987655.5840325,eth-updown-15m-1765987200,1765987200.0,1765988100.0,,444.415967464447,,,,,0,0,0.99,0.98,ONE_LEG_INVENTORY,,,,,,,,,,,,,,0,5,,,,,,,,,,,,,,,,,,,,"RECONSTRUCT_BLOCKED: OVERPAY_LIMIT (Op:0.2100 > L:0.0078, Cost:$1.05)",,,,,,,,5.0,10.0,,,,,0,0,,,Inv: 5.0/10.0 CapLeft: 35.0,,,5.0,10.0,15.0,35.0,50.0,0.0,50.0,0.96,0.040000000000000036,-5.0,0.45999999999999996,0.75,0.20999999999999996,5.0,1.0499999999999998,0.007834401220083236,OVERPAY_LIMIT
1765987655.5840325,eth-updown-15m-1765987200,1765987200.0,1765988100.0,,444.415967464447,,,,,0,0,0.99,0.98,ONE_LEG_INVENTORY,,,,,,,,,,,,,,0,5,,,,,,,,,,,,,,,,,,,,"RECONSTRUCT_BLOCKED: OVERPAY_LIMIT (Op:0.2100 > L:0.0078, Cost:$1.05)",,,,,,,,5.0,10.0,,,,,0,0,,,Inv: 5.0/10.0 CapLeft: 35.0,,,5.0,10.0,15.0,35.0,50.0,0.0,50.0,0.96,0.040000000000000036,-5.0,0.45999999999999996,0.75,0.20999999999999996,5.0,1.0499999999999998,0.007834401220083236,OVERPAY_LIMIT
1765987656.869471,eth-updown-15m-1765987200,1765987200.0,1765988100.0,,443.13052892684937,,,,,0,0,0.9,0.98,ORDERS_OPEN,,,,,,,,,,,,,,0,5,,,,,,,,,,,,,,,,,,,,,,,,,,,,0.0,0.0,,,,,0,0,,,Inv: 0.0/0.0 CapLeft: 50.0,,,0.0,0.0,0.0,50.0,50.0,0.0,50.0,0.9,0.09999999999999998,0.0,0.0,0.0,0.0,0.0,0.0,0.0,
1765987657.5295196,eth-updown-15m-1765987200,1765987200.0,1765988100.0,,442.4704804420471,,,,,0,0,0.96,0.98,ONE_LEG_INVENTORY,,,,,,,,,,,,,,0,5,,,,,,,,,,,,,,,,,,,,"RECONSTRUCT_BLOCKED: OVERPAY_LIMIT (Op:0.2100 > L:0.0079, Cost:$1.05)",,,,,,,,5.0,10.0,,,,,0,0,,,Inv: 5.0/10.0 CapLeft: 35.0,,,5.0,10.0,15.0,35.0,50.0,0.0,50.0,0.96,0.040000000000000036,-5.0,0.45999999999999996,0.75,0.20999999999999996,5.0,1.0499999999999998,0.007907356983423233,OVERPAY_LIMIT
1765987657.5295196,eth-updown-15m-1765987200,1765987200.0,1765988100.0,,442.4704804420471,,,,,0,0,0.96,0.98,ONE_LEG_INVENTORY,,,,,,,,,,,,,,0,5,,,,,,,,,,,,,,,,,,,,"RECONSTRUCT_BLOCKED: OVERPAY_LIMIT (Op:0.2100 > L:0.0079, Cost:$1.05)",,,,,,,,5.0,10.0,,,,,0,0,,,Inv: 5.0/10.0 CapLeft: 35.0,,,5.0,10.0,15.0,35.0,50.0,0.0,50.0,0.96,0.040000000000000036,-5.0,0.45999999999999996,0.75,0.20999999999999996,5.0,1.0499999999999998,0.007907356983423233,OVERPAY_LIMIT
1765987658.371698,eth-updown-15m-1765987200,1765987200.0,1765988100.0,,441.62830209732056,,,,,0,0,0.9,0.98,ORDERS_OPEN,,,,,,,,,,,,,,0,5,,,,,,,,,,,,,,,,,,,,,,,,,,,,0.0,0.0,,,,,0,0,,,Inv: 0.0/0.0 CapLeft: 50.0,,,0.0,0.0,0.0,50.0,50.0,0.0,50.0,0.9,0.09999999999999998,0.0,0.0,0.0,0.0,0.0,0.0,0.0,
1765987659.8731105,eth-updown-15m-1765987200,1765987200.0,1765988100.0,,440.1268894672394,,,,,0,0,0.9,0.98,ORDERS_OPEN,,,,,,,,,,,,,,0,5,,,,,,,,,,,,,,,,,,,,,,,,,,,,0.0,0.0,,,,,0,0,,,Inv: 0.0/0.0 CapLeft: 50.0,,,0.0,0.0,0.0,50.0,50.0,0.0,50.0,0.9,0.09999999999999998,0.0,0.0,0.0,0.0,0.0,0.0,0.0,
1765987659.499859,eth-updown-15m-1765987200,1765987200.0,1765988100.0,,440.50014090538025,,,,,0,0,0.96,0.98,ONE_LEG_INVENTORY,,,,,,,,,,,,,,0,5,,,,,,,,,,,,,,,,,,,,"RECONSTRUCT_BLOCKED: OVERPAY_LIMIT (Op:0.2100 > L:0.0080, Cost:$1.05)",,,,,,,,5.0,10.0,,,,,0,0,,,Inv: 5.0/10.0 CapLeft: 35.0,,,5.0,10.0,15.0,35.0,50.0,0.0,50.0,0.96,0.040000000000000036,-5.0,0.45999999999999996,0.75,0.20999999999999996,5.0,1.0499999999999998,0.00798124471604824,OVERPAY_LIMIT
1765987659.499859,eth-updown-15m-1765987200,1765987200.0,1765988100.0,,440.50014090538025,,,,,0,0,0.96,0.98,ONE_LEG_INVENTORY,,,,,,,,,,,,,,0,5,,,,,,,,,,,,,,,,,,,,"RECONSTRUCT_BLOCKED: OVERPAY_LIMIT (Op:0.2100 > L:0.0080, Cost:$1.05)",,,,,,,,5.0,10.0,,,,,0,0,,,Inv: 5.0/10.0 CapLeft: 35.0,,,5.0,10.0,15.0,35.0,50.0,0.0,50.0,0.96,0.040000000000000036,-5.0,0.45999999999999996,0.75,0.20999999999999996,5.0,1.0499999999999998,0.00798124471604824,OVERPAY_LIMIT
1765987661.374485,eth-updown-15m-1765987200,1765987200.0,1765988100.0,,438.62551498413086,,,,,0,0,0.9,0.98,ORDERS_OPEN,,,,,,,,,,,,,,0,5,,,,,,,,,,,,,,,,,,,,,,,,,,,,0.0,0.0,,,,,0,0,,,Inv: 0.0/0.0 CapLeft: 50.0,,,0.0,0.0,0.0,50.0,50.0,0.0,50.0,0.9,0.09999999999999998,0.0,0.0,0.0,0.0,0.0,0.0,0.0,
1765987661.4609199,eth-updown-15m-1765987200,1765987200.0,1765988100.0,,438.53908014297485,,,,,0,0,0.96,0.98,ONE_LEG_INVENTORY,,,,,,,,,,,,,,0,5,,,,,,,,,,,,,,,,,,,,"RECONSTRUCT_BLOCKED: OVERPAY_LIMIT (Op:0.1900 > L:0.0081, Cost:$0.95)",,,,,,,,5.0,10.0,,,,,0,0,,,Inv: 5.0/10.0 CapLeft: 35.0,,,5.0,10.0,15.0,35.0,50.0,0.0,50.0,0.96,0.040000000000000036,-5.0,0.45999999999999996,0.73,0.18999999999999995,5.0,0.9499999999999997,0.008054784494638444,OVERPAY_LIMIT
1765987661.4609199,eth-updown-15m-1765987200,1765987200.0,1765988100.0,,438.53908014297485,,,,,0,0,0.96,0.98,ONE_LEG_INVENTORY,,,,,,,,,,,,,,0,5,,,,,,,,,,,,,,,,,,,,"RECONSTRUCT_BLOCKED: OVERPAY_LIMIT (Op:0.1900 > L:0.0081, Cost:$0.95)",,,,,,,,5.0,10.0,,,,,0,0,,,Inv: 5.0/10.0 CapLeft: 35.0,,,5.0,10.0,15.0,35.0,50.0,0.0,50.0,0.96,0.040000000000000036,-5.0,0.45999999999999996,0.73,0.18999999999999995,5.0,0.9499999999999997,0.008054784494638444,OVERPAY_LIMIT
1765987662.8763154,eth-updown-15m-1765987200,1765987200.0,1765988100.0,,437.1236846446991,,,,,0,0,0.9,0.98,ORDERS_OPEN,,,,,,,,,,,,,,0,5,,,,,,,,,,,,,,,,,,,,,,,,,,,,0.0,0.0,,,,,0,0,,,Inv: 0.0/0.0 CapLeft: 50.0,,,0.0,0.0,0.0,50.0,50.0,0.0,50.0,0.9,0.09999999999999998,0.0,0.0,0.0,0.0,0.0,0.0,0.0,
1765987663.3904963,eth-updown-15m-1765987200,1765987200.0,1765988100.0,,436.6095037460327,,,,,0,0,0.98,0.98,ONE_LEG_INVENTORY,,,,,,,,,,,,,,0,5,,,,,,,,,,,,,,,,,,,,"RECONSTRUCT_BLOCKED: OVERPAY_LIMIT (Op:0.1900 > L:0.0081, Cost:$0.95)",,,,,,,,5.0,10.0,,,,,0,0,,,Inv: 5.0/10.0 CapLeft: 35.0,,,5.0,10.0,15.0,35.0,50.0,0.0,50.0,0.96,0.040000000000000036,-5.0,0.45999999999999996,0.73,0.18999999999999995,5.0,0.9499999999999997,0.008127143609523772,OVERPAY_LIMIT
1765987663.3904963,eth-updown-15m-1765987200,1765987200.0,1765988100.0,,436.6095037460327,,,,,0,0,0.98,0.98,ONE_LEG_INVENTORY,,,,,,,,,,,,,,0,5,,,,,,,,,,,,,,,,,,,,"RECONSTRUCT_BLOCKED: OVERPAY_LIMIT (Op:0.1900 > L:0.0081, Cost:$0.95)",,,,,,,,5.0,10.0,,,,,0,0,,,Inv: 5.0/10.0 CapLeft: 35.0,,,5.0,10.0,15.0,35.0,50.0,0.0,50.0,0.96,0.040000000000000036,-5.0,0.45999999999999996,0.73,0.18999999999999995,5.0,0.9499999999999997,0.008127143609523772,OVERPAY_LIMIT
1765987665.3704104,eth-updown-15m-1765987200,1765987200.0,1765988100.0,,434.6295895576477,,,,,0,0,0.99,0.98,ONE_LEG_INVENTORY,,,,,,,,,,,,,,0,5,,,,,,,,,,,,,,,,,,,,"RECONSTRUCT_BLOCKED: OVERPAY_LIMIT (Op:0.2100 > L:0.0082, Cost:$1.05)",,,,,,,,5.0,10.0,,,,,0,0,,,Inv: 5.0/10.0 CapLeft: 35.0,,,5.0,10.0,15.0,35.0,50.0,0.0,50.0,0.96,0.040000000000000036,-5.0,0.45999999999999996,0.75,0.20999999999999996,5.0,1.0499999999999998,0.008201390391588211,OVERPAY_LIMIT
1765987665.3704104,eth-updown-15m-1765987200,1765987200.0,1765988100.0,,434.6295895576477,,,,,0,0,0.99,0.98,ONE_LEG_INVENTORY,,,,,,,,,,,,,,0,5,,,,,,,,,,,,,,,,,,,,"RECONSTRUCT_BLOCKED: OVERPAY_LIMIT (Op:0.2100 > L:0.0082, Cost:$1.05)",,,,,,,,5.0,10.0,,,,,0,0,,,Inv: 5.0/10.0 CapLeft: 35.0,,,5.0,10.0,15.0,35.0,50.0,0.0,50.0,0.96,0.040000000000000036,-5.0,0.45999999999999996,0.75,0.20999999999999996,5.0,1.0499999999999998,0.008201390391588211,OVERPAY_LIMIT
1765987665.8786323,eth-updown-15m-1765987200,1765987200.0,1765988100.0,,434.1213676929474,,,,,0.45,0.45,0.9,0.98,ORDERS_OPEN,,,,,,,,,,,,,,5,5,,,,,,,,,,,,,,,,,,,,Leg:BOTH UP:5 DOWN:5,,,,,,,,0.0,0.0,,,,,0,0,,,Inv: 0.0/0.0 CapLeft: 50.0,,,0.0,0.0,0.0,50.0,50.0,0.0,50.0,0.9,0.09999999999999998,0.0,0.0,0.0,0.0,0.0,0.0,0.0,
1765987667.3820212,eth-updown-15m-1765987200,1765987200.0,1765988100.0,,432.61797881126404,,,,,0,0,0.9,0.98,ORDERS_OPEN,,,,,,,,,,,,,,0,5,,,,,,,,,,,,,,,,,,,,,,,,,,,,0.0,0.0,,,,,0,0,,,Inv: 0.0/0.0 CapLeft: 50.0,,,0.0,0.0,0.0,50.0,50.0,0.0,50.0,0.9,0.09999999999999998,0.0,0.0,0.0,0.0,0.0,0.0,0.0,
1765987667.318901,eth-updown-15m-1765987200,1765987200.0,1765988100.0,,432.6810989379883,,,,,0,0,0.98,0.98,ONE_LEG_INVENTORY,,,,,,,,,,,,,,0,5,,,,,,,,,,,,,,,,,,,,"RECONSTRUCT_BLOCKED: OVERPAY_LIMIT (Op:0.1900 > L:0.0083, Cost:$0.95)",,,,,,,,5.0,10.0,,,,,0,0,,,Inv: 5.0/10.0 CapLeft: 35.0,,,5.0,10.0,15.0,35.0,50.0,0.0,50.0,0.96,0.040000000000000036,-5.0,0.45999999999999996,0.73,0.18999999999999995,5.0,0.9499999999999997,0.00827445878982544,OVERPAY_LIMIT
1765987667.318901,eth-updown-15m-1765987200,1765987200.0,1765988100.0,,432.6810989379883,,,,,0,0,0.98,0.98,ONE_LEG_INVENTORY,,,,,,,,,,,,,,0,5,,,,,,,,,,,,,,,,,,,,"RECONSTRUCT_BLOCKED: OVERPAY_LIMIT (Op:0.1900 > L:0.0083, Cost:$0.95)",,,,,,,,5.0,10.0,,,,,0,0,,,Inv: 5.0/10.0 CapLeft: 35.0,,,5.0,10.0,15.0,35.0,50.0,0.0,50.0,0.96,0.040000000000000036,-5.0,0.45999999999999996,0.73,0.18999999999999995,5.0,0.9499999999999997,0.00827445878982544,OVERPAY_LIMIT
1765987668.8842797,eth-updown-15m-1765987200,1765987200.0,1765988100.0,,431.1157202720642,,,,,0,0,0.9,0.98,ORDERS_OPEN,,,,,,,,,,,,,,0,5,,,,,,,,,,,,,,,,,,,,,,,,,,,,0.0,0.0,,,,,0,0,,,Inv: 0.0/0.0 CapLeft: 50.0,,,0.0,0.0,0.0,50.0,50.0,0.0,50.0,0.9,0.09999999999999998,0.0,0.0,0.0,0.0,0.0,0.0,0.0,
1765987669.2543786,eth-updown-15m-1765987200,1765987200.0,1765988100.0,,430.7456214427948,,,,,0,0,0.99,0.98,ONE_LEG_INVENTORY,,,,,,,,,,,,,,0,5,,,,,,,,,,,,,,,,,,,,"RECONSTRUCT_BLOCKED: OVERPAY_LIMIT (Op:0.2000 > L:0.0083, Cost:$1.00)",,,,,,,,5.0,10.0,,,,,0,0,,,Inv: 5.0/10.0 CapLeft: 35.0,,,5.0,10.0,15.0,35.0,50.0,0.0,50.0,0.96,0.040000000000000036,-5.0,0.45999999999999996,0.74,0.19999999999999996,5.0,0.9999999999999998,0.008347039195895195,OVERPAY_LIMIT
1765987669.2543786,eth-updown-15m-1765987200,1765987200.0,1765988100.0,,430.7456214427948,,,,,0,0,0.99,0.98,ONE_LEG_INVENTORY,,,,,,,,,,,,,,0,5,,,,,,,,,,,,,,,,,,,,"RECONSTRUCT_BLOCKED: OVERPAY_LIMIT (Op:0.2000 > L:0.0083, Cost:$1.00)",,,,,,,,5.0,10.0,,,,,0,0,,,Inv: 5.0/10.0 CapLeft: 35.0,,,5.0,10.0,15.0,35.0,50.0,0.0,50.0,0.96,0.040000000000000036,-5.0,0.45999999999999996,0.74,0.19999999999999996,5.0,0.9999999999999998,0.008347039195895195,OVERPAY_LIMIT
1765987670.3864322,eth-updown-15m-1765987200,1765987200.0,1765988100.0,,429.6135678291321,,,,,0,0,0.9,0.98,ORDERS_OPEN,,,,,,,,,,,,,,0,5,,,,,,,,,,,,,,,,,,,,,,,,,,,,0.0,0.0,,,,,0,0,,,Inv: 0.0/0.0 CapLeft: 50.0,,,0.0,0.0,0.0,50.0,50.0,0.0,50.0,0.9,0.09999999999999998,0.0,0.0,0.0,0.0,0.0,0.0,0.0,
1765987671.217663,eth-updown-15m-1765987200,1765987200.0,1765988100.0,,428.7823369503021,,,,,0,0,0.97,0.98,ONE_LEG_INVENTORY,,,,,,,,,,,,,,0,5,,,,,,,,,,,,,,,,,,,,"RECONSTRUCT_BLOCKED: OVERPAY_LIMIT (Op:0.2000 > L:0.0084, Cost:$1.00)",,,,,,,,5.0,10.0,,,,,0,0,,,Inv: 5.0/10.0 CapLeft: 35.0,,,5.0,10.0,15.0,35.0,50.0,0.0,50.0,0.96,0.040000000000000036,-5.0,0.45999999999999996,0.74,0.19999999999999996,5.0,0.9999999999999998,0.00842066236436367,OVERPAY_LIMIT
1765987671.217663,eth-updown-15m-1765987200,1765987200.0,1765988100.0,,428.7823369503021,,,,,0,0,0.97,0.98,ONE_LEG_INVENTORY,,,,,,,,,,,,,,0,5,,,,,,,,,,,,,,,,,,,,"RECONSTRUCT_BLOCKED: OVERPAY_LIMIT (Op:0.2000 > L:0.0084, Cost:$1.00)",,,,,,,,5.0,10.0,,,,,0,0,,,Inv: 5.0/10.0 CapLeft: 35.0,,,5.0,10.0,15.0,35.0,50.0,0.0,50.0,0.96,0.040000000000000036,-5.0,0.45999999999999996,0.74,0.19999999999999996,5.0,0.9999999999999998,0.00842066236436367,OVERPAY_LIMIT
1765987671.888463,eth-updown-15m-1765987200,1765987200.0,1765988100.0,,428.1115369796753,,,,,0,0,0.9,0.98,ORDERS_OPEN,,,,,,,,,,,,,,0,5,,,,,,,,,,,,,,,,,,,,,,,,,,,,0.0,0.0,,,,,0,0,,,Inv: 0.0/0.0 CapLeft: 50.0,,,0.0,0.0,0.0,50.0,50.0,0.0,50.0,0.9,0.09999999999999998,0.0,0.0,0.0,0.0,0.0,0.0,0.0,
1765987673.3902526,eth-updown-15m-1765987200,1765987200.0,1765988100.0,,426.60974740982056,,,,,0,0,0.9,0.98,ORDERS_OPEN,,,,,,,,,,,,,,0,5,,,,,,,,,,,,,,,,,,,,,,,,,,,,0.0,0.0,,,,,0,0,,,Inv: 0.0/0.0 CapLeft: 50.0,,,0.0,0.0,0.0,50.0,50.0,0.0,50.0,0.9,0.09999999999999998,0.0,0.0,0.0,0.0,0.0,0.0,0.0,
1765987673.1603336,eth-updown-15m-1765987200,1765987200.0,1765988100.0,,426.83966636657715,,,,,0,0,0.97,0.98,ONE_LEG_INVENTORY,,,,,,,,,,,,,,0,5,,,,,,,,,,,,,,,,,,,,"RECONSTRUCT_BLOCKED: OVERPAY_LIMIT (Op:0.2300 > L:0.0085, Cost:$1.15)",,,,,,,,5.0,10.0,,,,,0,0,,,Inv: 5.0/10.0 CapLeft: 35.0,,,5.0,10.0,15.0,35.0,50.0,0.0,50.0,0.96,0.040000000000000036,-5.0,0.45999999999999996,0.77,0.22999999999999998,5.0,1.15,0.008493512511253357,OVERPAY_LIMIT
1765987673.1603336,eth-updown-15m-1765987200,1765987200.0,1765988100.0,,426.83966636657715,,,,,0,0,0.97,0.98,ONE_LEG_INVENTORY,,,,,,,,,,,,,,0,5,,,,,,,,,,,,,,,,,,,,"RECONSTRUCT_BLOCKED: OVERPAY_LIMIT (Op:0.2300 > L:0.0085, Cost:$1.15)",,,,,,,,5.0,10.0,,,,,0,0,,,Inv: 5.0/10.0 CapLeft: 35.0,,,5.0,10.0,15.0,35.0,50.0,0.0,50.0,0.96,0.040000000000000036,-5.0,0.45999999999999996,0.77,0.22999999999999998,5.0,1.15,0.008493512511253357,OVERPAY_LIMIT
1765987674.8942034,eth-updown-15m-1765987200,1765987200.0,1765988100.0,,425.10579657554626,,,,,0,0,0.9,0.98,ORDERS_OPEN,,,,,,,,,,,,,,0,5,,,,,,,,,,,,,,,,,,,,,,,,,,,,0.0,0.0,,,,,0,0,,,Inv: 0.0/0.0 CapLeft: 50.0,,,0.0,0.0,0.0,50.0,50.0,0.0,50.0,0.9,0.09999999999999998,0.0,0.0,0.0,0.0,0.0,0.0,0.0,
1765987675.1017413,eth-updown-15m-1765987200,1765987200.0,1765988100.0,,424.8982586860657,,,,,0,0,0.99,0.98,ONE_LEG_INVENTORY,,,,,,,,,,,,,,0,5,,,,,,,,,,,,,,,,,,,,"RECONSTRUCT_BLOCKED: OVERPAY_LIMIT (Op:0.2400 > L:0.0086, Cost:$1.20)",,,,,,,,5.0,10.0,,,,,0,0,,,Inv: 5.0/10.0 CapLeft: 35.0,,,5.0,10.0,15.0,35.0,50.0,0.0,50.0,0.96,0.040000000000000036,-5.0,0.45999999999999996,0.78,0.24,5.0,1.2,0.008566315299272537,OVERPAY_LIMIT
1765987675.1017413,eth-updown-15m-1765987200,1765987200.0,1765988100.0,,424.8982586860657,,,,,0,0,0.99,0.98,ONE_LEG_INVENTORY,,,,,,,,,,,,,,0,5,,,,,,,,,,,,,,,,,,,,"RECONSTRUCT_BLOCKED: OVERPAY_LIMIT (Op:0.2400 > L:0.0086, Cost:$1.20)",,,,,,,,5.0,10.0,,,,,0,0,,,Inv: 5.0/10.0 CapLeft: 35.0,,,5.0,10.0,15.0,35.0,50.0,0.0,50.0,0.96,0.040000000000000036,-5.0,0.45999999999999996,0.78,0.24,5.0,1.2,0.008566315299272537,OVERPAY_LIMIT
1765987676.3958833,eth-updown-15m-1765987200,1765987200.0,1765988100.0,,423.6041166782379,,,,,0,0,0.9,0.98,ORDERS_OPEN,,,,,,,,,,,,,,0,5,,,,,,,,,,,,,,,,,,,,,,,,,,,,0.0,0.0,,,,,0,0,,,Inv: 0.0/0.0 CapLeft: 50.0,,,0.0,0.0,0.0,50.0,50.0,0.0,50.0,0.9,0.09999999999999998,0.0,0.0,0.0,0.0,0.0,0.0,0.0,
1765987677.0818095,eth-updown-15m-1765987200,1765987200.0,1765988100.0,,422.91819047927856,,,,,0,0,0.99,0.98,ONE_LEG_INVENTORY,,,,,,,,,,,,,,0,5,,,,,,,,,,,,,,,,,,,,"RECONSTRUCT_BLOCKED: OVERPAY_LIMIT (Op:0.2200 > L:0.0086, Cost:$1.10)",,,,,,,,5.0,10.0,,,,,0,0,,,Inv: 5.0/10.0 CapLeft: 35.0,,,5.0,10.0,15.0,35.0,50.0,0.0,50.0,0.96,0.040000000000000036,-5.0,0.45999999999999996,0.76,0.21999999999999997,5.0,1.0999999999999999,0.008640567857027054,OVERPAY_LIMIT
1765987677.0818095,eth-updown-15m-1765987200,1765987200.0,1765988100.0,,422.91819047927856,,,,,0,0,0.99,0.98,ONE_LEG_INVENTORY,,,,,,,,,,,,,,0,5,,,,,,,,,,,,,,,,,,,,"RECONSTRUCT_BLOCKED: OVERPAY_LIMIT (Op:0.2200 > L:0.0086, Cost:$1.10)",,,,,,,,5.0,10.0,,,,,0,0,,,Inv: 5.0/10.0 CapLeft: 35.0,,,5.0,10.0,15.0,35.0,50.0,0.0,50.0,0.96,0.040000000000000036,-5.0,0.45999999999999996,0.76,0.21999999999999997,5.0,1.0999999999999999,0.008640567857027054,OVERPAY_LIMIT
1765987677.8969061,eth-updown-15m-1765987200,1765987200.0,1765988100.0,,422.10309386253357,,,,,0,0,0.9,0.98,ORDERS_OPEN,,,,,,,,,,,,,,0,5,,,,,,,,,,,,,,,,,,,,,,,,,,,,0.0,0.0,,,,,0,0,,,Inv: 0.0/0.0 CapLeft: 50.0,,,0.0,0.0,0.0,50.0,50.0,0.0,50.0,0.9,0.09999999999999998,0.0,0.0,0.0,0.0,0.0,0.0,0.0,
1765987679.398907,eth-updown-15m-1765987200,1765987200.0,1765988100.0,,420.60109305381775,,,,,0,0,0.9,0.98,ORDERS_OPEN,,,,,,,,,,,,,,0,5,,,,,,,,,,,,,,,,,,,,,,,,,,,,0.0,0.0,,,,,0,0,,,Inv: 0.0/0.0 CapLeft: 50.0,,,0.0,0.0,0.0,50.0,50.0,0.0,50.0,0.9,0.09999999999999998,0.0,0.0,0.0,0.0,0.0,0.0,0.0,
1765987679.046097,eth-updown-15m-1765987200,1765987200.0,1765988100.0,,420.9539029598236,,,,,0,0,0.96,0.98,ONE_LEG_INVENTORY,,,,,,,,,,,,,,0,5,,,,,,,,,,,,,,,,,,,,"RECONSTRUCT_BLOCKED: OVERPAY_LIMIT (Op:0.2400 > L:0.0087, Cost:$1.20)",,,,,,,,5.0,10.0,,,,,0,0,,,Inv: 5.0/10.0 CapLeft: 35.0,,,5.0,10.0,15.0,35.0,50.0,0.0,50.0,0.96,0.040000000000000036,-5.0,0.45999999999999996,0.78,0.24,5.0,1.2,0.008714228639006614,OVERPAY_LIMIT
1765987679.046097,eth-updown-15m-1765987200,1765987200.0,1765988100.0,,420.9539029598236,,,,,0,0,0.96,0.98,ONE_LEG_INVENTORY,,,,,,,,,,,,,,0,5,,,,,,,,,,,,,,,,,,,,"RECONSTRUCT_BLOCKED: OVERPAY_LIMIT (Op:0.2400 > L:0.0087, Cost:$1.20)",,,,,,,,5.0,10.0,,,,,0,0,,,Inv: 5.0/10.0 CapLeft: 35.0,,,5.0,10.0,15.0,35.0,50.0,0.0,50.0,0.96,0.040000000000000036,-5.0,0.45999999999999996,0.78,0.24,5.0,1.2,0.008714228639006614,OVERPAY_LIMIT
1765987681.0582159,eth-updown-15m-1765987200,1765987200.0,1765988100.0,,418.9417841434479,,,,,0,0,0.98,0.98,ONE_LEG_INVENTORY,,,,,,,,,,,,,,0,5,,,,,,,,,,,,,,,,,,,,"RECONSTRUCT_BLOCKED: OVERPAY_LIMIT (Op:0.2500 > L:0.0088, Cost:$1.25)",,,,,,,,5.0,10.0,,,,,0,0,,,Inv: 5.0/10.0 CapLeft: 35.0,,,5.0,10.0,15.0,35.0,50.0,0.0,50.0,0.96,0.040000000000000036,-5.0,0.45999999999999996,0.79,0.25,5.0,1.25,0.008789683094620703,OVERPAY_LIMIT
1765987681.0582159,eth-updown-15m-1765987200,1765987200.0,1765988100.0,,418.9417841434479,,,,,0,0,0.98,0.98,ONE_LEG_INVENTORY,,,,,,,,,,,,,,0,5,,,,,,,,,,,,,,,,,,,,"RECONSTRUCT_BLOCKED: OVERPAY_LIMIT (Op:0.2500 > L:0.0088, Cost:$1.25)",,,,,,,,5.0,10.0,,,,,0,0,,,Inv: 5.0/10.0 CapLeft: 35.0,,,5.0,10.0,15.0,35.0,50.0,0.0,50.0,0.96,0.040000000000000036,-5.0,0.45999999999999996,0.79,0.25,5.0,1.25,0.008789683094620703,OVERPAY_LIMIT
1765987682.4019032,eth-updown-15m-1765987200,1765987200.0,1765988100.0,,417.5980968475342,,,,,0.45,0.45,0.9,0.98,ORDERS_OPEN,,,,,,,,,,,,,,5,5,,,,,,,,,,,,,,,,,,,,Leg:BOTH UP:5 DOWN:5,,,,,,,,0.0,0.0,,,,,0,0,,,Inv: 0.0/0.0 CapLeft: 50.0,,,0.0,0.0,0.0,50.0,50.0,0.0,50.0,0.9,0.09999999999999998,0.0,0.0,0.0,0.0,0.0,0.0,0.0,
1765987683.0034916,eth-updown-15m-1765987200,1765987200.0,1765988100.0,,416.99650835990906,,,,,0,0,0.98,0.98,ONE_LEG_INVENTORY,,,,,,,,,,,,,,0,5,,,,,,,,,,,,,,,,,,,,"RECONSTRUCT_BLOCKED: OVERPAY_LIMIT (Op:0.2600 > L:0.0089, Cost:$1.30)",,,,,,,,5.0,10.0,,,,,0,0,,,Inv: 5.0/10.0 CapLeft: 35.0,,,5.0,10.0,15.0,35.0,50.0,0.0,50.0,0.96,0.040000000000000036,-5.0,0.45999999999999996,0.8,0.26,5.0,1.3,0.00886263093650341,OVERPAY_LIMIT
1765987683.0034916,eth-updown-15m-1765987200,1765987200.0,1765988100.0,,416.99650835990906,,,,,0,0,0.98,0.98,ONE_LEG_INVENTORY,,,,,,,,,,,,,,0,5,,,,,,,,,,,,,,,,,,,,"RECONSTRUCT_BLOCKED: OVERPAY_LIMIT (Op:0.2600 > L:0.0089, Cost:$1.30)",,,,,,,,5.0,10.0,,,,,0,0,,,Inv: 5.0/10.0 CapLeft: 35.0,,,5.0,10.0,15.0,35.0,50.0,0.0,50.0,0.96,0.040000000000000036,-5.0,0.45999999999999996,0.8,0.26,5.0,1.3,0.00886263093650341,OVERPAY_LIMIT
1765987683.9037368,eth-updown-15m-1765987200,1765987200.0,1765988100.0,,416.0962631702423,,,,,0,0,0.9,0.98,ORDERS_OPEN,,,,,,,,,,,,,,0,5,,,,,,,,,,,,,,,,,,,,,,,,,,,,0.0,0.0,,,,,0,0,,,Inv: 0.0/0.0 CapLeft: 50.0,,,0.0,0.0,0.0,50.0,50.0,0.0,50.0,0.9,0.09999999999999998,0.0,0.0,0.0,0.0,0.0,0.0,0.0,
1765987684.9378405,eth-updown-15m-1765987200,1765987200.0,1765988100.0,,415.06215953826904,,,,,0,0,0.98,0.98,ONE_LEG_INVENTORY,,,,,,,,,,,,,,0,5,,,,,,,,,,,,,,,,,,,,"RECONSTRUCT_BLOCKED: OVERPAY_LIMIT (Op:0.2600 > L:0.0089, Cost:$1.30)",,,,,,,,5.0,10.0,,,,,0,0,,,Inv: 5.0/10.0 CapLeft: 35.0,,,5.0,10.0,15.0,35.0,50.0,0.0,50.0,0.96,0.040000000000000036,-5.0,0.45999999999999996,0.8,0.26,5.0,1.3,0.00893516901731491,OVERPAY_LIMIT
1765987684.9378405,eth-updown-15m-1765987200,1765987200.0,1765988100.0,,415.06215953826904,,,,,0,0,0.98,0.98,ONE_LEG_INVENTORY,,,,,,,,,,,,,,0,5,,,,,,,,,,,,,,,,,,,,"RECONSTRUCT_BLOCKED: OVERPAY_LIMIT (Op:0.2600 > L:0.0089, Cost:$1.30)",,,,,,,,5.0,10.0,,,,,0,0,,,Inv: 5.0/10.0 CapLeft: 35.0,,,5.0,10.0,15.0,35.0,50.0,0.0,50.0,0.96,0.040000000000000036,-5.0,0.45999999999999996,0.8,0.26,5.0,1.3,0.00893516901731491,OVERPAY_LIMIT
1765987685.406135,eth-updown-15m-1765987200,1765987200.0,1765988100.0,,414.5938649177551,,,,,0,0,0.9,0.98,ORDERS_OPEN,,,,,,,,,,,,,,0,5,,,,,,,,,,,,,,,,,,,,,,,,,,,,0.0,0.0,,,,,0,0,,,Inv: 0.0/0.0 CapLeft: 50.0,,,0.0,0.0,0.0,50.0,50.0,0.0,50.0,0.9,0.09999999999999998,0.0,0.0,0.0,0.0,0.0,0.0,0.0,
1765987686.9081697,eth-updown-15m-1765987200,1765987200.0,1765988100.0,,413.0918302536011,,,,,0,0,0.9,0.98,ORDERS_OPEN,,,,,,,,,,,,,,0,5,,,,,,,,,,,,,,,,,,,,,,,,,,,,0.0,0.0,,,,,0,0,,,Inv: 0.0/0.0 CapLeft: 50.0,,,0.0,0.0,0.0,50.0,50.0,0.0,50.0,0.9,0.09999999999999998,0.0,0.0,0.0,0.0,0.0,0.0,0.0,
1765987686.8908322,eth-updown-15m-1765987200,1765987200.0,1765988100.0,,413.10916781425476,,,,,0,0,0.99,0.98,ONE_LEG_INVENTORY,,,,,,,,,,,,,,0,5,,,,,,,,,,,,,,,,,,,,"RECONSTRUCT_BLOCKED: OVERPAY_LIMIT (Op:0.2600 > L:0.0090, Cost:$1.30)",,,,,,,,5.0,10.0,,,,,0,0,,,Inv: 5.0/10.0 CapLeft: 35.0,,,5.0,10.0,15.0,35.0,50.0,0.0,50.0,0.96,0.040000000000000036,-5.0,0.45999999999999996,0.8,0.26,5.0,1.3,0.009008406206965445,OVERPAY_LIMIT
1765987686.8908322,eth-updown-15m-1765987200,1765987200.0,1765988100.0,,413.10916781425476,,,,,0,0,0.99,0.98,ONE_LEG_INVENTORY,,,,,,,,,,,,,,0,5,,,,,,,,,,,,,,,,,,,,"RECONSTRUCT_BLOCKED: OVERPAY_LIMIT (Op:0.2600 > L:0.0090, Cost:$1.30)",,,,,,,,5.0,10.0,,,,,0,0,,,Inv: 5.0/10.0 CapLeft: 35.0,,,5.0,10.0,15.0,35.0,50.0,0.0,50.0,0.96,0.040000000000000036,-5.0,0.45999999999999996,0.8,0.26,5.0,1.3,0.009008406206965445,OVERPAY_LIMIT
1765987688.4096363,eth-updown-15m-1765987200,1765987200.0,1765988100.0,,411.590363740921,,,,,0,0,0.9,0.98,ORDERS_OPEN,,,,,,,,,,,,,,0,5,,,,,,,,,,,,,,,,,,,,,,,,,,,,0.0,0.0,,,,,0,0,,,Inv: 0.0/0.0 CapLeft: 50.0,,,0.0,0.0,0.0,50.0,50.0,0.0,50.0,0.9,0.09999999999999998,0.0,0.0,0.0,0.0,0.0,0.0,0.0,
1765987688.8490813,eth-updown-15m-1765987200,1765987200.0,1765988100.0,,411.1509187221527,,,,,0,0,0.96,0.98,ONE_LEG_INVENTORY,,,,,,,,,,,,,,0,5,,,,,,,,,,,,,,,,,,,,"RECONSTRUCT_BLOCKED: OVERPAY_LIMIT (Op:0.2300 > L:0.0091, Cost:$1.15)",,,,,,,,5.0,10.0,,,,,0,0,,,Inv: 5.0/10.0 CapLeft: 35.0,,,5.0,10.0,15.0,35.0,50.0,0.0,50.0,0.96,0.040000000000000036,-5.0,0.45999999999999996,0.77,0.22999999999999998,5.0,1.15,0.009081840547919273,OVERPAY_LIMIT
1765987688.8490813,eth-updown-15m-1765987200,1765987200.0,1765988100.0,,411.1509187221527,,,,,0,0,0.96,0.98,ONE_LEG_INVENTORY,,,,,,,,,,,,,,0,5,,,,,,,,,,,,,,,,,,,,"RECONSTRUCT_BLOCKED: OVERPAY_LIMIT (Op:0.2300 > L:0.0091, Cost:$1.15)",,,,,,,,5.0,10.0,,,,,0,0,,,Inv: 5.0/10.0 CapLeft: 35.0,,,5.0,10.0,15.0,35.0,50.0,0.0,50.0,0.96,0.040000000000000036,-5.0,0.45999999999999996,0.77,0.22999999999999998,5.0,1.15,0.009081840547919273,OVERPAY_LIMIT
1765987689.9115167,eth-updown-15m-1765987200,1765987200.0,1765988100.0,,410.08848333358765,,,,,0,0,0.9,0.98,ORDERS_OPEN,,,,,,,,,,,,,,0,5,,,,,,,,,,,,,,,,,,,,,,,,,,,,0.0,0.0,,,,,0,0,,,Inv: 0.0/0.0 CapLeft: 50.0,,,0.0,0.0,0.0,50.0,50.0,0.0,50.0,0.9,0.09999999999999998,0.0,0.0,0.0,0.0,0.0,0.0,0.0,
1765987690.7823188,eth-updown-15m-1765987200,1765987200.0,1765988100.0,,409.2176811695099,,,,,0,0,0.98,0.98,ONE_LEG_INVENTORY,,,,,,,,,,,,,,0,5,,,,,,,,,,,,,,,,,,,,"RECONSTRUCT_BLOCKED: OVERPAY_LIMIT (Op:0.2200 > L:0.0092, Cost:$1.10)",,,,,,,,5.0,10.0,,,,,0,0,,,Inv: 5.0/10.0 CapLeft: 35.0,,,5.0,10.0,15.0,35.0,50.0,0.0,50.0,0.96,0.040000000000000036,-5.0,0.45999999999999996,0.76,0.21999999999999997,5.0,1.0999999999999999,0.009154336956143379,OVERPAY_LIMIT
1765987690.7823188,eth-updown-15m-1765987200,1765987200.0,1765988100.0,,409.2176811695099,,,,,0,0,0.98,0.98,ONE_LEG_INVENTORY,,,,,,,,,,,,,,0,5,,,,,,,,,,,,,,,,,,,,"RECONSTRUCT_BLOCKED: OVERPAY_LIMIT (Op:0.2200 > L:0.0092, Cost:$1.10)",,,,,,,,5.0,10.0,,,,,0,0,,,Inv: 5.0/10.0 CapLeft: 35.0,,,5.0,10.0,15.0,35.0,50.0,0.0,50.0,0.96,0.040000000000000036,-5.0,0.45999999999999996,0.76,0.21999999999999997,5.0,1.0999999999999999,0.009154336956143379,OVERPAY_LIMIT
1765987691.4127738,eth-updown-15m-1765987200,1765987200.0,1765988100.0,,408.58722615242004,,,,,0,0,0.9,0.98,ORDERS_OPEN,,,,,,,,,,,,,,0,5,,,,,,,,,,,,,,,,,,,,,,,,,,,,0.0,0.0,,,,,0,0,,,Inv: 0.0/0.0 CapLeft: 50.0,,,0.0,0.0,0.0,50.0,50.0,0.0,50.0,0.9,0.09999999999999998,0.0,0.0,0.0,0.0,0.0,0.0,0.0,
1765987692.9144328,eth-updown-15m-1765987200,1765987200.0,1765988100.0,,407.08556723594666,,,,,0,0,0.9,0.98,ORDERS_OPEN,,,,,,,,,,,,,,0,5,,,,,,,,,,,,,,,,,,,,,,,,,,,,0.0,0.0,,,,,0,0,,,Inv: 0.0/0.0 CapLeft: 50.0,,,0.0,0.0,0.0,50.0,50.0,0.0,50.0,0.9,0.09999999999999998,0.0,0.0,0.0,0.0,0.0,0.0,0.0,
1765987692.7206435,eth-updown-15m-1765987200,1765987200.0,1765988100.0,,407.2793564796448,,,,,0,0,0.99,0.98,ONE_LEG_INVENTORY,,,,,,,,,,,,,,0,5,,,,,,,,,,,,,,,,,,,,"RECONSTRUCT_BLOCKED: OVERPAY_LIMIT (Op:0.2100 > L:0.0092, Cost:$1.05)",,,,,,,,5.0,10.0,,,,,0,0,,,Inv: 5.0/10.0 CapLeft: 35.0,,,5.0,10.0,15.0,35.0,50.0,0.0,50.0,0.96,0.040000000000000036,-5.0,0.45999999999999996,0.75,0.20999999999999996,5.0,1.0499999999999998,0.00922702413201332,OVERPAY_LIMIT
1765987692.7206435,eth-updown-15m-1765987200,1765987200.0,1765988100.0,,407.2793564796448,,,,,0,0,0.99,0.98,ONE_LEG_INVENTORY,,,,,,,,,,,,,,0,5,,,,,,,,,,,,,,,,,,,,"RECONSTRUCT_BLOCKED: OVERPAY_LIMIT (Op:0.2100 > L:0.0092, Cost:$1.05)",,,,,,,,5.0,10.0,,,,,0,0,,,Inv: 5.0/10.0 CapLeft: 35.0,,,5.0,10.0,15.0,35.0,50.0,0.0,50.0,0.96,0.040000000000000036,-5.0,0.45999999999999996,0.75,0.20999999999999996,5.0,1.0499999999999998,0.00922702413201332,OVERPAY_LIMIT
1765987694.4163733,eth-updown-15m-1765987200,1765987200.0,1765988100.0,,405.58362674713135,,,,,0,0,0.9,0.98,ORDERS_OPEN,,,,,,,,,,,,,,0,5,,,,,,,,,,,,,,,,,,,,,,,,,,,,0.0,0.0,,,,,0,0,,,Inv: 0.0/0.0 CapLeft: 50.0,,,0.0,0.0,0.0,50.0,50.0,0.0,50.0,0.9,0.09999999999999998,0.0,0.0,0.0,0.0,0.0,0.0,0.0,
1765987694.6642241,eth-updown-15m-1765987200,1765987200.0,1765988100.0,,405.33577585220337,,,,,0,0,0.98,0.98,ONE_LEG_INVENTORY,,,,,,,,,,,,,,0,5,,,,,,,,,,,,,,,,,,,,"RECONSTRUCT_BLOCKED: OVERPAY_LIMIT (Op:0.2000 > L:0.0093, Cost:$1.00)",,,,,,,,5.0,10.0,,,,,0,0,,,Inv: 5.0/10.0 CapLeft: 35.0,,,5.0,10.0,15.0,35.0,50.0,0.0,50.0,0.96,0.040000000000000036,-5.0,0.45999999999999996,0.74,0.19999999999999996,5.0,0.9999999999999998,0.009299908405542373,OVERPAY_LIMIT
1765987694.6642241,eth-updown-15m-1765987200,1765987200.0,1765988100.0,,405.33577585220337,,,,,0,0,0.98,0.98,ONE_LEG_INVENTORY,,,,,,,,,,,,,,0,5,,,,,,,,,,,,,,,,,,,,"RECONSTRUCT_BLOCKED: OVERPAY_LIMIT (Op:0.2000 > L:0.0093, Cost:$1.00)",,,,,,,,5.0,10.0,,,,,0,0,,,Inv: 5.0/10.0 CapLeft: 35.0,,,5.0,10.0,15.0,35.0,50.0,0.0,50.0,0.96,0.040000000000000036,-5.0,0.45999999999999996,0.74,0.19999999999999996,5.0,0.9999999999999998,0.009299908405542373,OVERPAY_LIMIT
1765987695.9183755,eth-updown-15m-1765987200,1765987200.0,1765988100.0,,404.08162450790405,,,,,0,0,0.9,0.98,ORDERS_OPEN,,,,,,,,,,,,,,0,5,,,,,,,,,,,,,,,,,,,,,,,,,,,,0.0,0.0,,,,,0,0,,,Inv: 0.0/0.0 CapLeft: 50.0,,,0.0,0.0,0.0,50.0,50.0,0.0,50.0,0.9,0.09999999999999998,0.0,0.0,0.0,0.0,0.0,0.0,0.0,
1765987696.5874996,eth-updown-15m-1765987200,1765987200.0,1765988100.0,,403.4125003814697,,,,,0,0,0.98,0.98,ONE_LEG_INVENTORY,,,,,,,,,,,,,,0,5,,,,,,,,,,,,,,,,,,,,"RECONSTRUCT_BLOCKED: OVERPAY_LIMIT (Op:0.2000 > L:0.0094, Cost:$1.00)",,,,,,,,5.0,10.0,,,,,0,0,,,Inv: 5.0/10.0 CapLeft: 35.0,,,5.0,10.0,15.0,35.0,50.0,0.0,50.0,0.96,0.040000000000000036,-5.0,0.45999999999999996,0.74,0.19999999999999996,5.0,0.9999999999999998,0.009372031235694885,OVERPAY_LIMIT
1765987696.5874996,eth-updown-15m-1765987200,1765987200.0,1765988100.0,,403.4125003814697,,,,,0,0,0.98,0.98,ONE_LEG_INVENTORY,,,,,,,,,,,,,,0,5,,,,,,,,,,,,,,,,,,,,"RECONSTRUCT_BLOCKED: OVERPAY_LIMIT (Op:0.2000 > L:0.0094, Cost:$1.00)",,,,,,,,5.0,10.0,,,,,0,0,,,Inv: 5.0/10.0 CapLeft: 35.0,,,5.0,10.0,15.0,35.0,50.0,0.0,50.0,0.96,0.040000000000000036,-5.0,0.45999999999999996,0.74,0.19999999999999996,5.0,0.9999999999999998,0.009372031235694885,OVERPAY_LIMIT
1765987698.9217656,eth-updown-15m-1765987200,1765987200.0,1765988100.0,,401.0782344341278,,,,,0.45,0.45,0.9,0.98,ORDERS_OPEN,,,,,,,,,,,,,,5,5,,,,,,,,,,,,,,,,,,,,Leg:BOTH UP:5 DOWN:5,,,,,,,,0.0,0.0,,,,,0,0,,,Inv: 0.0/0.0 CapLeft: 50.0,,,0.0,0.0,0.0,50.0,50.0,0.0,50.0,0.9,0.09999999999999998,0.0,0.0,0.0,0.0,0.0,0.0,0.0,
1765987698.5246215,eth-updown-15m-1765987200,1765987200.0,1765988100.0,,401.4753785133362,,,,,0,0,0.97,0.98,ONE_LEG_INVENTORY,,,,,,,,,,,,,,0,5,,,,,,,,,,,,,,,,,,,,"RECONSTRUCT_BLOCKED: OVERPAY_LIMIT (Op:0.1600 > L:0.0094, Cost:$0.80)",,,,,,,,5.0,10.0,,,,,0,0,,,Inv: 5.0/10.0 CapLeft: 35.0,,,5.0,10.0,15.0,35.0,50.0,0.0,50.0,0.96,0.040000000000000036,-5.0,0.45999999999999996,0.7,0.15999999999999992,5.0,0.7999999999999996,0.009444673305749891,OVERPAY_LIMIT
1765987698.5246215,eth-updown-15m-1765987200,1765987200.0,1765988100.0,,401.4753785133362,,,,,0,0,0.97,0.98,ONE_LEG_INVENTORY,,,,,,,,,,,,,,0,5,,,,,,,,,,,,,,,,,,,,"RECONSTRUCT_BLOCKED: OVERPAY_LIMIT (Op:0.1600 > L:0.0094, Cost:$0.80)",,,,,,,,5.0,10.0,,,,,0,0,,,Inv: 5.0/10.0 CapLeft: 35.0,,,5.0,10.0,15.0,35.0,50.0,0.0,50.0,0.96,0.040000000000000036,-5.0,0.45999999999999996,0.7,0.15999999999999992,5.0,0.7999999999999996,0.009444673305749891,OVERPAY_LIMIT
1765987700.424161,eth-updown-15m-1765987200,1765987200.0,1765988100.0,,399.5758390426636,,,,,0,0,0.9,0.98,ORDERS_OPEN,,,,,,,,,,,,,,0,5,,,,,,,,,,,,,,,,,,,,,,,,,,,,0.0,0.0,,,,,0,0,,,Inv: 0.0/0.0 CapLeft: 50.0,,,0.0,0.0,0.0,50.0,50.0,0.0,50.0,0.9,0.09999999999999998,0.0,0.0,0.0,0.0,0.0,0.0,0.0,
1765987700.484185,eth-updown-15m-1765987200,1765987200.0,1765988100.0,,399.51581501960754,,,,,0,0,0.99,0.98,ONE_LEG_INVENTORY,,,,,,,,,,,,,,0,5,,,,,,,,,,,,,,,,,,,,"RECONSTRUCT_BLOCKED: OVERPAY_LIMIT (Op:0.1600 > L:0.0095, Cost:$0.80)",,,,,,,,5.0,10.0,,,,,0,0,,,Inv: 5.0/10.0 CapLeft: 35.0,,,5.0,10.0,15.0,35.0,50.0,0.0,50.0,0.96,0.040000000000000036,-5.0,0.45999999999999996,0.7,0.15999999999999992,5.0,0.7999999999999996,0.009518156936764718,OVERPAY_LIMIT
1765987700.484185,eth-updown-15m-1765987200,1765987200.0,1765988100.0,,399.51581501960754,,,,,0,0,0.99,0.98,ONE_LEG_INVENTORY,,,,,,,,,,,,,,0,5,,,,,,,,,,,,,,,,,,,,"RECONSTRUCT_BLOCKED: OVERPAY_LIMIT (Op:0.1600 > L:0.0095, Cost:$0.80)",,,,,,,,5.0,10.0,,,,,0,0,,,Inv: 5.0/10.0 CapLeft: 35.0,,,5.0,10.0,15.0,35.0,50.0,0.0,50.0,0.96,0.040000000000000036,-5.0,0.45999999999999996,0.7,0.15999999999999992,5.0,0.7999999999999996,0.009518156936764718,OVERPAY_LIMIT
1765987701.9258695,eth-updown-15m-1765987200,1765987200.0,1765988100.0,,398.07413053512573,,,,,0,0,0.9,0.98,ORDERS_OPEN,,,,,,,,,,,,,,0,5,,,,,,,,,,,,,,,,,,,,,,,,,,,,0.0,0.0,,,,,0,0,,,Inv: 0.0/0.0 CapLeft: 50.0,,,0.0,0.0,0.0,50.0,50.0,0.0,50.0,0.9,0.09999999999999998,0.0,0.0,0.0,0.0,0.0,0.0,0.0,
1765987702.4406645,eth-updown-15m-1765987200,1765987200.0,1765988100.0,,397.5593354701996,,,,,0,0,0.98,0.98,ONE_LEG_INVENTORY,,,,,,,,,,,,,,0,5,,,,,,,,,,,,,,,,,,,,"RECONSTRUCT_BLOCKED: OVERPAY_LIMIT (Op:0.1100 > L:0.0096, Cost:$0.55)",,,,,,,,5.0,10.0,,,,,0,0,,,Inv: 5.0/10.0 CapLeft: 35.0,,,5.0,10.0,15.0,35.0,50.0,0.0,50.0,0.96,0.040000000000000036,-5.0,0.45999999999999996,0.65,0.10999999999999988,5.0,0.5499999999999994,0.009591524919867516,OVERPAY_LIMIT
1765987702.4406645,eth-updown-15m-1765987200,1765987200.0,1765988100.0,,397.5593354701996,,,,,0,0,0.98,0.98,ONE_LEG_INVENTORY,,,,,,,,,,,,,,0,5,,,,,,,,,,,,,,,,,,,,"RECONSTRUCT_BLOCKED: OVERPAY_LIMIT (Op:0.1100 > L:0.0096, Cost:$0.55)",,,,,,,,5.0,10.0,,,,,0,0,,,Inv: 5.0/10.0 CapLeft: 35.0,,,5.0,10.0,15.0,35.0,50.0,0.0,50.0,0.96,0.040000000000000036,-5.0,0.45999999999999996,0.65,0.10999999999999988,5.0,0.5499999999999994,0.009591524919867516,OVERPAY_LIMIT
1765987703.4275296,eth-updown-15m-1765987200,1765987200.0,1765988100.0,,396.57247042655945,,,,,0,0,0.9,0.98,ORDERS_OPEN,,,,,,,,,,,,,,0,5,,,,,,,,,,,,,,,,,,,,,,,,,,,,0.0,0.0,,,,,0,0,,,Inv: 0.0/0.0 CapLeft: 50.0,,,0.0,0.0,0.0,50.0,50.0,0.0,50.0,0.9,0.09999999999999998,0.0,0.0,0.0,0.0,0.0,0.0,0.0,
1765987704.400905,eth-updown-15m-1765987200,1765987200.0,1765988100.0,,395.5990951061249,,,,,0,0,0.98,0.98,ONE_LEG_INVENTORY,,,,,,,,,,,,,,0,5,,,,,,,,,,,,,,,,,,,,"RECONSTRUCT_BLOCKED: OVERPAY_LIMIT (Op:0.1500 > L:0.0097, Cost:$0.75)",,,,,,,,5.0,10.0,,,,,0,0,,,Inv: 5.0/10.0 CapLeft: 35.0,,,5.0,10.0,15.0,35.0,50.0,0.0,50.0,0.96,0.040000000000000036,-5.0,0.45999999999999996,0.69,0.1499999999999999,5.0,0.7499999999999996,0.009665033933520317,OVERPAY_LIMIT
1765987704.400905,eth-updown-15m-1765987200,1765987200.0,1765988100.0,,395.5990951061249,,,,,0,0,0.98,0.98,ONE_LEG_INVENTORY,,,,,,,,,,,,,,0,5,,,,,,,,,,,,,,,,,,,,"RECONSTRUCT_BLOCKED: OVERPAY_LIMIT (Op:0.1500 > L:0.0097, Cost:$0.75)",,,,,,,,5.0,10.0,,,,,0,0,,,Inv: 5.0/10.0 CapLeft: 35.0,,,5.0,10.0,15.0,35.0,50.0,0.0,50.0,0.96,0.040000000000000036,-5.0,0.45999999999999996,0.69,0.1499999999999999,5.0,0.7499999999999996,0.009665033933520317,OVERPAY_LIMIT
1765987704.9289625,eth-updown-15m-1765987200,1765987200.0,1765988100.0,,395.07103753089905,,,,,0,0,0.9,0.98,ORDERS_OPEN,,,,,,,,,,,,,,0,5,,,,,,,,,,,,,,,,,,,,,,,,,,,,0.0,0.0,,,,,0,0,,,Inv: 0.0/0.0 CapLeft: 50.0,,,0.0,0.0,0.0,50.0,50.0,0.0,50.0,0.9,0.09999999999999998,0.0,0.0,0.0,0.0,0.0,0.0,0.0,
1765987706.430774,eth-updown-15m-1765987200,1765987200.0,1765988100.0,,393.56922602653503,,,,,0,0,0.9,0.98,ORDERS_OPEN,,,,,,,,,,,,,,0,5,,,,,,,,,,,,,,,,,,,,,,,,,,,,0.0,0.0,,,,,0,0,,,Inv: 0.0/0.0 CapLeft: 50.0,,,0.0,0.0,0.0,50.0,50.0,0.0,50.0,0.9,0.09999999999999998,0.0,0.0,0.0,0.0,0.0,0.0,0.0,
1765987706.3435018,eth-updown-15m-1765987200,1765987200.0,1765988100.0,,393.65649819374084,,,,,0,0,0.97,0.98,ONE_LEG_INVENTORY,,,,,,,,,,,,,,0,5,,,,,,,,,,,,,,,,,,,,"RECONSTRUCT_BLOCKED: OVERPAY_LIMIT (Op:0.1400 > L:0.0097, Cost:$0.70)",,,,,,,,5.0,10.0,,,,,0,0,,,Inv: 5.0/10.0 CapLeft: 35.0,,,5.0,10.0,15.0,35.0,50.0,0.0,50.0,0.96,0.040000000000000036,-5.0,0.45999999999999996,0.68,0.14000000000000012,5.0,0.7000000000000006,0.009737881317734717,OVERPAY_LIMIT
1765987706.3435018,eth-updown-15m-1765987200,1765987200.0,1765988100.0,,393.65649819374084,,,,,0,0,0.97,0.98,ONE_LEG_INVENTORY,,,,,,,,,,,,,,0,5,,,,,,,,,,,,,,,,,,,,"RECONSTRUCT_BLOCKED: OVERPAY_LIMIT (Op:0.1400 > L:0.0097, Cost:$0.70)",,,,,,,,5.0,10.0,,,,,0,0,,,Inv: 5.0/10.0 CapLeft: 35.0,,,5.0,10.0,15.0,35.0,50.0,0.0,50.0,0.96,0.040000000000000036,-5.0,0.45999999999999996,0.68,0.14000000000000012,5.0,0.7000000000000006,0.009737881317734717,OVERPAY_LIMIT
1765987707.9326994,eth-updown-15m-1765987200,1765987200.0,1765988100.0,,392.0673005580902,,,,,0,0,0.9,0.98,ORDERS_OPEN,,,,,,,,,,,,,,0,5,,,,,,,,,,,,,,,,,,,,,,,,,,,,0.0,0.0,,,,,0,0,,,Inv: 0.0/0.0 CapLeft: 50.0,,,0.0,0.0,0.0,50.0,50.0,0.0,50.0,0.9,0.09999999999999998,0.0,0.0,0.0,0.0,0.0,0.0,0.0,
1765987708.3089297,eth-updown-15m-1765987200,1765987200.0,1765988100.0,,391.69107031822205,,,,,0,0,0.98,0.98,ONE_LEG_INVENTORY,,,,,,,,,,,,,,0,5,,,,,,,,,,,,,,,,,,,,"RECONSTRUCT_BLOCKED: OVERPAY_LIMIT (Op:0.1900 > L:0.0098, Cost:$0.95)",,,,,,,,5.0,10.0,,,,,0,0,,,Inv: 5.0/10.0 CapLeft: 35.0,,,5.0,10.0,15.0,35.0,50.0,0.0,50.0,0.96,0.040000000000000036,-5.0,0.45999999999999996,0.73,0.18999999999999995,5.0,0.9499999999999997,0.009811584863066672,OVERPAY_LIMIT
1765987708.3089297,eth-updown-15m-1765987200,1765987200.0,1765988100.0,,391.69107031822205,,,,,0,0,0.98,0.98,ONE_LEG_INVENTORY,,,,,,,,,,,,,,0,5,,,,,,,,,,,,,,,,,,,,"RECONSTRUCT_BLOCKED: OVERPAY_LIMIT (Op:0.1900 > L:0.0098, Cost:$0.95)",,,,,,,,5.0,10.0,,,,,0,0,,,Inv: 5.0/10.0 CapLeft: 35.0,,,5.0,10.0,15.0,35.0,50.0,0.0,50.0,0.96,0.040000000000000036,-5.0,0.45999999999999996,0.73,0.18999999999999995,5.0,0.9499999999999997,0.009811584863066672,OVERPAY_LIMIT
1765987709.4348774,eth-updown-15m-1765987200,1765987200.0,1765988100.0,,390.5651226043701,,,,,0,0,0.9,0.98,ORDERS_OPEN,,,,,,,,,,,,,,0,5,,,,,,,,,,,,,,,,,,,,,,,,,,,,0.0,0.0,,,,,0,0,,,Inv: 0.0/0.0 CapLeft: 50.0,,,0.0,0.0,0.0,50.0,50.0,0.0,50.0,0.9,0.09999999999999998,0.0,0.0,0.0,0.0,0.0,0.0,0.0,
1765987710.2517998,eth-updown-15m-1765987200,1765987200.0,1765988100.0,,389.74820017814636,,,,,0,0,0.98,0.98,ONE_LEG_INVENTORY,,,,,,,,,,,,,,0,5,,,,,,,,,,,,,,,,,,,,"RECONSTRUCT_BLOCKED: OVERPAY_LIMIT (Op:0.2200 > L:0.0099, Cost:$1.10)",,,,,,,,5.0,10.0,,,,,0,0,,,Inv: 5.0/10.0 CapLeft: 35.0,,,5.0,10.0,15.0,35.0,50.0,0.0,50.0,0.96,0.040000000000000036,-5.0,0.45999999999999996,0.76,0.21999999999999997,5.0,1.0999999999999999,0.00988444249331951,OVERPAY_LIMIT
1765987710.2517998,eth-updown-15m-1765987200,1765987200.0,1765988100.0,,389.74820017814636,,,,,0,0,0.98,0.98,ONE_LEG_INVENTORY,,,,,,,,,,,,,,0,5,,,,,,,,,,,,,,,,,,,,"RECONSTRUCT_BLOCKED: OVERPAY_LIMIT (Op:0.2200 > L:0.0099, Cost:$1.10)",,,,,,,,5.0,10.0,,,,,0,0,,,Inv: 5.0/10.0 CapLeft: 35.0,,,5.0,10.0,15.0,35.0,50.0,0.0,50.0,0.96,0.040000000000000036,-5.0,0.45999999999999996,0.76,0.21999999999999997,5.0,1.0999999999999999,0.00988444249331951,OVERPAY_LIMIT
1765987710.9377742,eth-updown-15m-1765987200,1765987200.0,1765988100.0,,389.06222581863403,,,,,0,0,0.9,0.98,ORDERS_OPEN,,,,,,,,,,,,,,0,5,,,,,,,,,,,,,,,,,,,,,,,,,,,,0.0,0.0,,,,,0,0,,,Inv: 0.0/0.0 CapLeft: 50.0,,,0.0,0.0,0.0,50.0,50.0,0.0,50.0,0.9,0.09999999999999998,0.0,0.0,0.0,0.0,0.0,0.0,0.0,
1765987712.4414146,eth-updown-15m-1765987200,1765987200.0,1765988100.0,,387.55858540534973,,,,,0,0,0.9,0.98,ORDERS_OPEN,,,,,,,,,,,,,,0,5,,,,,,,,,,,,,,,,,,,,,,,,,,,,0.0,0.0,,,,,0,0,,,Inv: 0.0/0.0 CapLeft: 50.0,,,0.0,0.0,0.0,50.0,50.0,0.0,50.0,0.9,0.09999999999999998,0.0,0.0,0.0,0.0,0.0,0.0,0.0,
1765987712.215509,eth-updown-15m-1765987200,1765987200.0,1765988100.0,,387.7844910621643,,,,,0,0,0.99,0.98,ONE_LEG_INVENTORY,,,,,,,,,,,,,,0,5,,,,,,,,,,,,,,,,,,,,"RECONSTRUCT_BLOCKED: OVERPAY_LIMIT (Op:0.2300 > L:0.0100, Cost:$1.15)",,,,,,,,5.0,10.0,,,,,0,0,,,Inv: 5.0/10.0 CapLeft: 35.0,,,5.0,10.0,15.0,35.0,50.0,0.0,50.0,0.96,0.040000000000000036,-5.0,0.45999999999999996,0.77,0.22999999999999998,5.0,1.15,0.009958081585168838,OVERPAY_LIMIT
1765987712.215509,eth-updown-15m-1765987200,1765987200.0,1765988100.0,,387.7844910621643,,,,,0,0,0.99,0.98,ONE_LEG_INVENTORY,,,,,,,,,,,,,,0,5,,,,,,,,,,,,,,,,,,,,"RECONSTRUCT_BLOCKED: OVERPAY_LIMIT (Op:0.2300 > L:0.0100, Cost:$1.15)",,,,,,,,5.0,10.0,,,,,0,0,,,Inv: 5.0/10.0 CapLeft: 35.0,,,5.0,10.0,15.0,35.0,50.0,0.0,50.0,0.96,0.040000000000000036,-5.0,0.45999999999999996,0.77,0.22999999999999998,5.0,1.15,0.009958081585168838,OVERPAY_LIMIT
1765987714.1753259,eth-updown-15m-1765987200,1765987200.0,1765988100.0,,385.8246741294861,,,,,0,0,0.98,0.98,ONE_LEG_INVENTORY,,,,,,,,,,,,,,0,5,,,,,,,,,,,,,,,,,,,,"RECONSTRUCT_BLOCKED: OVERPAY_LIMIT (Op:0.2100 > L:0.0100, Cost:$1.05)",,,,,,,,5.0,10.0,,,,,0,0,,,Inv: 5.0/10.0 CapLeft: 35.0,,,5.0,10.0,15.0,35.0,50.0,0.0,50.0,0.96,0.040000000000000036,-5.0,0.45999999999999996,0.75,0.20999999999999996,5.0,1.0499999999999998,0.010031574720144272,OVERPAY_LIMIT
1765987714.1753259,eth-updown-15m-1765987200,1765987200.0,1765988100.0,,385.8246741294861,,,,,0,0,0.98,0.98,ONE_LEG_INVENTORY,,,,,,,,,,,,,,0,5,,,,,,,,,,,,,,,,,,,,"RECONSTRUCT_BLOCKED: OVERPAY_LIMIT (Op:0.2100 > L:0.0100, Cost:$1.05)",,,,,,,,5.0,10.0,,,,,0,0,,,Inv: 5.0/10.0 CapLeft: 35.0,,,5.0,10.0,15.0,35.0,50.0,0.0,50.0,0.96,0.040000000000000036,-5.0,0.45999999999999996,0.75,0.20999999999999996,5.0,1.0499999999999998,0.010031574720144272,OVERPAY_LIMIT
1765987715.44662,eth-updown-15m-1765987200,1765987200.0,1765988100.0,,384.5533800125122,,,,,0.45,0.45,0.9,0.98,ORDERS_OPEN,,,,,,,,,,,,,,5,5,,,,,,,,,,,,,,,,,,,,Leg:BOTH UP:5 DOWN:5,,,,,,,,0.0,0.0,,,,,0,0,,,Inv: 0.0/0.0 CapLeft: 50.0,,,0.0,0.0,0.0,50.0,50.0,0.0,50.0,0.9,0.09999999999999998,0.0,0.0,0.0,0.0,0.0,0.0,0.0,
1765987716.1548147,eth-updown-15m-1765987200,1765987200.0,1765988100.0,,383.8451852798462,,,,,0,0,0.97,0.98,ONE_LEG_INVENTORY,,,,,,,,,,,,,,0,5,,,,,,,,,,,,,,,,,,,,"RECONSTRUCT_BLOCKED: OVERPAY_LIMIT (Op:0.2200 > L:0.0101, Cost:$1.10)",,,,,,,,5.0,10.0,,,,,0,0,,,Inv: 5.0/10.0 CapLeft: 35.0,,,5.0,10.0,15.0,35.0,50.0,0.0,50.0,0.96,0.040000000000000036,-5.0,0.45999999999999996,0.76,0.21999999999999997,5.0,1.0999999999999999,0.010105805552005766,OVERPAY_LIMIT
1765987716.1548147,eth-updown-15m-1765987200,1765987200.0,1765988100.0,,383.8451852798462,,,,,0,0,0.97,0.98,ONE_LEG_INVENTORY,,,,,,,,,,,,,,0,5,,,,,,,,,,,,,,,,,,,,"RECONSTRUCT_BLOCKED: OVERPAY_LIMIT (Op:0.2200 > L:0.0101, Cost:$1.10)",,,,,,,,5.0,10.0,,,,,0,0,,,Inv: 5.0/10.0 CapLeft: 35.0,,,5.0,10.0,15.0,35.0,50.0,0.0,50.0,0.96,0.040000000000000036,-5.0,0.45999999999999996,0.76,0.21999999999999997,5.0,1.0999999999999999,0.010105805552005766,OVERPAY_LIMIT
1765987716.94831,eth-updown-15m-1765987200,1765987200.0,1765988100.0,,383.05169010162354,,,,,0,0,0.9,0.98,ORDERS_OPEN,,,,,,,,,,,,,,0,5,,,,,,,,,,,,,,,,,,,,,,,,,,,,0.0,0.0,,,,,0,0,,,Inv: 0.0/0.0 CapLeft: 50.0,,,0.0,0.0,0.0,50.0,50.0,0.0,50.0,0.9,0.09999999999999998,0.0,0.0,0.0,0.0,0.0,0.0,0.0,
1765987718.4502017,eth-updown-15m-1765987200,1765987200.0,1765988100.0,,381.54979825019836,,,,,0,0,0.9,0.98,ORDERS_OPEN,,,,,,,,,,,,,,0,5,,,,,,,,,,,,,,,,,,,,,,,,,,,,0.0,0.0,,,,,0,0,,,Inv: 0.0/0.0 CapLeft: 50.0,,,0.0,0.0,0.0,50.0,50.0,0.0,50.0,0.9,0.09999999999999998,0.0,0.0,0.0,0.0,0.0,0.0,0.0,
1765987718.110376,eth-updown-15m-1765987200,1765987200.0,1765988100.0,,381.88962411880493,,,,,0,0,0.99,0.98,ONE_LEG_INVENTORY,,,,,,,,,,,,,,0,5,,,,,,,,,,,,,,,,,,,,"RECONSTRUCT_BLOCKED: OVERPAY_LIMIT (Op:0.2500 > L:0.0102, Cost:$1.25)",,,,,,,,5.0,10.0,,,,,0,0,,,Inv: 5.0/10.0 CapLeft: 35.0,,,5.0,10.0,15.0,35.0,50.0,0.0,50.0,0.96,0.040000000000000036,-5.0,0.45999999999999996,0.79,0.25,5.0,1.25,0.010179139095544814,OVERPAY_LIMIT
1765987718.110376,eth-updown-15m-1765987200,1765987200.0,1765988100.0,,381.88962411880493,,,,,0,0,0.99,0.98,ONE_LEG_INVENTORY,,,,,,,,,,,,,,0,5,,,,,,,,,,,,,,,,,,,,"RECONSTRUCT_BLOCKED: OVERPAY_LIMIT (Op:0.2500 > L:0.0102, Cost:$1.25)",,,,,,,,5.0,10.0,,,,,0,0,,,Inv: 5.0/10.0 CapLeft: 35.0,,,5.0,10.0,15.0,35.0,50.0,0.0,50.0,0.96,0.040000000000000036,-5.0,0.45999999999999996,0.79,0.25,5.0,1.25,0.010179139095544814,OVERPAY_LIMIT
1765987719.952037,eth-updown-15m-1765987200,1765987200.0,1765988100.0,,380.04796290397644,,,,,0,0,0.9,0.98,ORDERS_OPEN,,,,,,,,,,,,,,0,5,,,,,,,,,,,,,,,,,,,,,,,,,,,,0.0,0.0,,,,,0,0,,,Inv: 0.0/0.0 CapLeft: 50.0,,,0.0,0.0,0.0,50.0,50.0,0.0,50.0,0.9,0.09999999999999998,0.0,0.0,0.0,0.0,0.0,0.0,0.0,
1765987720.0897195,eth-updown-15m-1765987200,1765987200.0,1765988100.0,,379.9102804660797,,,,,0,0,0.98,0.98,ONE_LEG_INVENTORY,,,,,,,,,,,,,,0,5,,,,,,,,,,,,,,,,,,,,"RECONSTRUCT_BLOCKED: OVERPAY_LIMIT (Op:0.2500 > L:0.0103, Cost:$1.25)",,,,,,,,5.0,10.0,,,,,0,0,,,Inv: 5.0/10.0 CapLeft: 35.0,,,5.0,10.0,15.0,35.0,50.0,0.0,50.0,0.96,0.040000000000000036,-5.0,0.45999999999999996,0.79,0.25,5.0,1.25,0.01025336448252201,OVERPAY_LIMIT
1765987720.0897195,eth-updown-15m-1765987200,1765987200.0,1765988100.0,,379.9102804660797,,,,,0,0,0.98,0.98,ONE_LEG_INVENTORY,,,,,,,,,,,,,,0,5,,,,,,,,,,,,,,,,,,,,"RECONSTRUCT_BLOCKED: OVERPAY_LIMIT (Op:0.2500 > L:0.0103, Cost:$1.25)",,,,,,,,5.0,10.0,,,,,0,0,,,Inv: 5.0/10.0 CapLeft: 35.0,,,5.0,10.0,15.0,35.0,50.0,0.0,50.0,0.96,0.040000000000000036,-5.0,0.45999999999999996,0.79,0.25,5.0,1.25,0.01025336448252201,OVERPAY_LIMIT
1765987721.4541538,eth-updown-15m-1765987200,1765987200.0,1765988100.0,,378.5458462238312,,,,,0,0,0.9,0.98,ORDERS_OPEN,,,,,,,,,,,,,,0,5,,,,,,,,,,,,,,,,,,,,,,,,,,,,0.0,0.0,,,,,0,0,,,Inv: 0.0/0.0 CapLeft: 50.0,,,0.0,0.0,0.0,50.0,50.0,0.0,50.0,0.9,0.09999999999999998,0.0,0.0,0.0,0.0,0.0,0.0,0.0,
1765987722.04639,eth-updown-15m-1765987200,1765987200.0,1765988100.0,,377.9536099433899,,,,,0,0,0.98,0.98,ONE_LEG_INVENTORY,,,,,,,,,,,,,,0,5,,,,,,,,,,,,,,,,,,,,"RECONSTRUCT_BLOCKED: OVERPAY_LIMIT (Op:0.2600 > L:0.0103, Cost:$1.30)",,,,,,,,5.0,10.0,,,,,0,0,,,Inv: 5.0/10.0 CapLeft: 35.0,,,5.0,10.0,15.0,35.0,50.0,0.0,50.0,0.96,0.040000000000000036,-5.0,0.45999999999999996,0.8,0.26,5.0,1.3,0.010326739627122878,OVERPAY_LIMIT
1765987722.04639,eth-updown-15m-1765987200,1765987200.0,1765988100.0,,377.9536099433899,,,,,0,0,0.98,0.98,ONE_LEG_INVENTORY,,,,,,,,,,,,,,0,5,,,,,,,,,,,,,,,,,,,,"RECONSTRUCT_BLOCKED: OVERPAY_LIMIT (Op:0.2600 > L:0.0103, Cost:$1.30)",,,,,,,,5.0,10.0,,,,,0,0,,,Inv: 5.0/10.0 CapLeft: 35.0,,,5.0,10.0,15.0,35.0,50.0,0.0,50.0,0.96,0.040000000000000036,-5.0,0.45999999999999996,0.8,0.26,5.0,1.3,0.010326739627122878,OVERPAY_LIMIT
1765987722.9562516,eth-updown-15m-1765987200,1765987200.0,1765988100.0,,377.04374837875366,,,,,0,0,0.9,0.98,ORDERS_OPEN,,,,,,,,,,,,,,0,5,,,,,,,,,,,,,,,,,,,,,,,,,,,,0.0,0.0,,,,,0,0,,,Inv: 0.0/0.0 CapLeft: 50.0,,,0.0,0.0,0.0,50.0,50.0,0.0,50.0,0.9,0.09999999999999998,0.0,0.0,0.0,0.0,0.0,0.0,0.0,
1765987724.460174,eth-updown-15m-1765987200,1765987200.0,1765988100.0,,375.5398259162903,,,,,0,0,0.9,0.98,ORDERS_OPEN,,,,,,,,,,,,,,0,5,,,,,,,,,,,,,,,,,,,,,,,,,,,,0.0,0.0,,,,,0,0,,,Inv: 0.0/0.0 CapLeft: 50.0,,,0.0,0.0,0.0,50.0,50.0,0.0,50.0,0.9,0.09999999999999998,0.0,0.0,0.0,0.0,0.0,0.0,0.0,
1765987724.0037246,eth-updown-15m-1765987200,1765987200.0,1765988100.0,,375.9962754249573,,,,,0,0,0.98,0.98,ONE_LEG_INVENTORY,,,,,,,,,,,,,,0,5,,,,,,,,,,,,,,,,,,,,"RECONSTRUCT_BLOCKED: OVERPAY_LIMIT (Op:0.2600 > L:0.0104, Cost:$1.30)",,,,,,,,5.0,10.0,,,,,0,0,,,Inv: 5.0/10.0 CapLeft: 35.0,,,5.0,10.0,15.0,35.0,50.0,0.0,50.0,0.96,0.040000000000000036,-5.0,0.45999999999999996,0.8,0.26,5.0,1.3,0.010400139671564102,OVERPAY_LIMIT
1765987724.0037246,eth-updown-15m-1765987200,1765987200.0,1765988100.0,,375.9962754249573,,,,,0,0,0.98,0.98,ONE_LEG_INVENTORY,,,,,,,,,,,,,,0,5,,,,,,,,,,,,,,,,,,,,"RECONSTRUCT_BLOCKED: OVERPAY_LIMIT (Op:0.2600 > L:0.0104, Cost:$1.30)",,,,,,,,5.0,10.0,,,,,0,0,,,Inv: 5.0/10.0 CapLeft: 35.0,,,5.0,10.0,15.0,35.0,50.0,0.0,50.0,0.96,0.040000000000000036,-5.0,0.45999999999999996,0.8,0.26,5.0,1.3,0.010400139671564102,OVERPAY_LIMIT
1765987725.9613574,eth-updown-15m-1765987200,1765987200.0,1765988100.0,,374.0386426448822,,,,,0,0,0.9,0.98,ORDERS_OPEN,,,,,,,,,,,,,,0,5,,,,,,,,,,,,,,,,,,,,,,,,,,,,0.0,0.0,,,,,0,0,,,Inv: 0.0/0.0 CapLeft: 50.0,,,0.0,0.0,0.0,50.0,50.0,0.0,50.0,0.9,0.09999999999999998,0.0,0.0,0.0,0.0,0.0,0.0,0.0,
1765987725.9789402,eth-updown-15m-1765987200,1765987200.0,1765988100.0,,374.0210597515106,,,,,0,0,0.99,0.98,ONE_LEG_INVENTORY,,,,,,,,,,,,,,0,5,,,,,,,,,,,,,,,,,,,,"RECONSTRUCT_BLOCKED: OVERPAY_LIMIT (Op:0.2700 > L:0.0105, Cost:$1.35)",,,,,,,,5.0,10.0,,,,,0,0,,,Inv: 5.0/10.0 CapLeft: 35.0,,,5.0,10.0,15.0,35.0,50.0,0.0,50.0,0.96,0.040000000000000036,-5.0,0.45999999999999996,0.81,0.27,5.0,1.35,0.010474210259318351,OVERPAY_LIMIT
1765987725.9789402,eth-updown-15m-1765987200,1765987200.0,1765988100.0,,374.0210597515106,,,,,0,0,0.99,0.98,ONE_LEG_INVENTORY,,,,,,,,,,,,,,0,5,,,,,,,,,,,,,,,,,,,,"RECONSTRUCT_BLOCKED: OVERPAY_LIMIT (Op:0.2700 > L:0.0105, Cost:$1.35)",,,,,,,,5.0,10.0,,,,,0,0,,,Inv: 5.0/10.0 CapLeft: 35.0,,,5.0,10.0,15.0,35.0,50.0,0.0,50.0,0.96,0.040000000000000036,-5.0,0.45999999999999996,0.81,0.27,5.0,1.35,0.010474210259318351,OVERPAY_LIMIT
1765987727.4631393,eth-updown-15m-1765987200,1765987200.0,1765988100.0,,372.536860704422,,,,,0,0,0.9,0.98,ORDERS_OPEN,,,,,,,,,,,,,,0,5,,,,,,,,,,,,,,,,,,,,,,,,,,,,0.0,0.0,,,,,0,0,,,Inv: 0.0/0.0 CapLeft: 50.0,,,0.0,0.0,0.0,50.0,50.0,0.0,50.0,0.9,0.09999999999999998,0.0,0.0,0.0,0.0,0.0,0.0,0.0,
1765987727.9162073,eth-updown-15m-1765987200,1765987200.0,1765988100.0,,372.0837926864624,,,,,0,0,0.99,0.98,ONE_LEG_INVENTORY,,,,,,,,,,,,,,0,5,,,,,,,,,,,,,,,,,,,,"RECONSTRUCT_BLOCKED: OVERPAY_LIMIT (Op:0.2700 > L:0.0105, Cost:$1.35)",,,,,,,,5.0,10.0,,,,,0,0,,,Inv: 5.0/10.0 CapLeft: 35.0,,,5.0,10.0,15.0,35.0,50.0,0.0,50.0,0.96,0.040000000000000036,-5.0,0.45999999999999996,0.81,0.27,5.0,1.35,0.01054685777425766,OVERPAY_LIMIT
1765987727.9162073,eth-updown-15m-1765987200,1765987200.0,1765988100.0,,372.0837926864624,,,,,0,0,0.99,0.98,ONE_LEG_INVENTORY,,,,,,,,,,,,,,0,5,,,,,,,,,,,,,,,,,,,,"RECONSTRUCT_BLOCKED: OVERPAY_LIMIT (Op:0.2700 > L:0.0105, Cost:$1.35)",,,,,,,,5.0,10.0,,,,,0,0,,,Inv: 5.0/10.0 CapLeft: 35.0,,,5.0,10.0,15.0,35.0,50.0,0.0,50.0,0.96,0.040000000000000036,-5.0,0.45999999999999996,0.81,0.27,5.0,1.35,0.01054685777425766,OVERPAY_LIMIT
1765987728.964971,eth-updown-15m-1765987200,1765987200.0,1765988100.0,,371.03502893447876,,,,,0,0,0.9,0.98,ORDERS_OPEN,,,,,,,,,,,,,,0,5,,,,,,,,,,,,,,,,,,,,,,,,,,,,0.0,0.0,,,,,0,0,,,Inv: 0.0/0.0 CapLeft: 50.0,,,0.0,0.0,0.0,50.0,50.0,0.0,50.0,0.9,0.09999999999999998,0.0,0.0,0.0,0.0,0.0,0.0,0.0,
1765987729.8638673,eth-updown-15m-1765987200,1765987200.0,1765988100.0,,370.13613271713257,,,,,0,0,0.99,0.98,ONE_LEG_INVENTORY,,,,,,,,,,,,,,0,5,,,,,,,,,,,,,,,,,,,,"RECONSTRUCT_BLOCKED: OVERPAY_LIMIT (Op:0.2600 > L:0.0106, Cost:$1.30)",,,,,,,,5.0,10.0,,,,,0,0,,,Inv: 5.0/10.0 CapLeft: 35.0,,,5.0,10.0,15.0,35.0,50.0,0.0,50.0,0.96,0.040000000000000036,-5.0,0.45999999999999996,0.8,0.26,5.0,1.3,0.010619895023107529,OVERPAY_LIMIT
1765987729.8638673,eth-updown-15m-1765987200,1765987200.0,1765988100.0,,370.13613271713257,,,,,0,0,0.99,0.98,ONE_LEG_INVENTORY,,,,,,,,,,,,,,0,5,,,,,,,,,,,,,,,,,,,,"RECONSTRUCT_BLOCKED: OVERPAY_LIMIT (Op:0.2600 > L:0.0106, Cost:$1.30)",,,,,,,,5.0,10.0,,,,,0,0,,,Inv: 5.0/10.0 CapLeft: 35.0,,,5.0,10.0,15.0,35.0,50.0,0.0,50.0,0.96,0.040000000000000036,-5.0,0.45999999999999996,0.8,0.26,5.0,1.3,0.010619895023107529,OVERPAY_LIMIT
1765987731.9688275,eth-updown-15m-1765987200,1765987200.0,1765988100.0,,368.0311725139618,,,,,0.45,0.45,0.9,0.98,ORDERS_OPEN,,,,,,,,,,,,,,5,5,,,,,,,,,,,,,,,,,,,,Leg:BOTH UP:5 DOWN:5,,,,,,,,0.0,0.0,,,,,0,0,,,Inv: 0.0/0.0 CapLeft: 50.0,,,0.0,0.0,0.0,50.0,50.0,0.0,50.0,0.9,0.09999999999999998,0.0,0.0,0.0,0.0,0.0,0.0,0.0,
1765987731.9021223,eth-updown-15m-1765987200,1765987200.0,1765988100.0,,368.09787774086,,,,,0,0,0.98,0.98,ONE_LEG_INVENTORY,,,,,,,,,,,,,,0,5,,,,,,,,,,,,,,,,,,,,"RECONSTRUCT_BLOCKED: OVERPAY_LIMIT (Op:0.2500 > L:0.0107, Cost:$1.25)",,,,,,,,5.0,10.0,,,,,0,0,,,Inv: 5.0/10.0 CapLeft: 35.0,,,5.0,10.0,15.0,35.0,50.0,0.0,50.0,0.96,0.040000000000000036,-5.0,0.45999999999999996,0.79,0.25,5.0,1.25,0.010696329584717749,OVERPAY_LIMIT
1765987731.9021223,eth-updown-15m-1765987200,1765987200.0,1765988100.0,,368.09787774086,,,,,0,0,0.98,0.98,ONE_LEG_INVENTORY,,,,,,,,,,,,,,0,5,,,,,,,,,,,,,,,,,,,,"RECONSTRUCT_BLOCKED: OVERPAY_LIMIT (Op:0.2500 > L:0.0107, Cost:$1.25)",,,,,,,,5.0,10.0,,,,,0,0,,,Inv: 5.0/10.0 CapLeft: 35.0,,,5.0,10.0,15.0,35.0,50.0,0.0,50.0,0.96,0.040000000000000036,-5.0,0.45999999999999996,0.79,0.25,5.0,1.25,0.010696329584717749,OVERPAY_LIMIT
1765987733.4713624,eth-updown-15m-1765987200,1765987200.0,1765988100.0,,366.5286376476288,,,,,0,0,0.9,0.98,ORDERS_OPEN,,,,,,,,,,,,,,0,5,,,,,,,,,,,,,,,,,,,,,,,,,,,,0.0,0.0,,,,,0,0,,,Inv: 0.0/0.0 CapLeft: 50.0,,,0.0,0.0,0.0,50.0,50.0,0.0,50.0,0.9,0.09999999999999998,0.0,0.0,0.0,0.0,0.0,0.0,0.0,
1765987733.8736598,eth-updown-15m-1765987200,1765987200.0,1765988100.0,,366.12634015083313,,,,,0,0,1.0,0.98,ONE_LEG_INVENTORY,,,,,,,,,,,,,,0,5,,,,,,,,,,,,,,,,,,,,"RECONSTRUCT_BLOCKED: OVERPAY_LIMIT (Op:0.2500 > L:0.0108, Cost:$1.25)",,,,,,,,5.0,10.0,,,,,0,0,,,Inv: 5.0/10.0 CapLeft: 35.0,,,5.0,10.0,15.0,35.0,50.0,0.0,50.0,0.96,0.040000000000000036,-5.0,0.45999999999999996,0.79,0.25,5.0,1.25,0.010770262244343756,OVERPAY_LIMIT
1765987733.8736598,eth-updown-15m-1765987200,1765987200.0,1765988100.0,,366.12634015083313,,,,,0,0,1.0,0.98,ONE_LEG_INVENTORY,,,,,,,,,,,,,,0,5,,,,,,,,,,,,,,,,,,,,"RECONSTRUCT_BLOCKED: OVERPAY_LIMIT (Op:0.2500 > L:0.0108, Cost:$1.25)",,,,,,,,5.0,10.0,,,,,0,0,,,Inv: 5.0/10.0 CapLeft: 35.0,,,5.0,10.0,15.0,35.0,50.0,0.0,50.0,0.96,0.040000000000000036,-5.0,0.45999999999999996,0.79,0.25,5.0,1.25,0.010770262244343756,OVERPAY_LIMIT
1765987734.9745474,eth-updown-15m-1765987200,1765987200.0,1765988100.0,,365.02545261383057,,,,,0,0,0.9,0.98,ORDERS_OPEN,,,,,,,,,,,,,,0,5,,,,,,,,,,,,,,,,,,,,,,,,,,,,0.0,0.0,,,,,0,0,,,Inv: 0.0/0.0 CapLeft: 50.0,,,0.0,0.0,0.0,50.0,50.0,0.0,50.0,0.9,0.09999999999999998,0.0,0.0,0.0,0.0,0.0,0.0,0.0,
1765987735.8351748,eth-updown-15m-1765987200,1765987200.0,1765988100.0,,364.16482520103455,,,,,0,0,0.99,0.98,ONE_LEG_INVENTORY,,,,,,,,,,,,,,0,5,,,,,,,,,,,,,,,,,,,,"RECONSTRUCT_BLOCKED: OVERPAY_LIMIT (Op:0.2600 > L:0.0108, Cost:$1.30)",,,,,,,,5.0,10.0,,,,,0,0,,,Inv: 5.0/10.0 CapLeft: 35.0,,,5.0,10.0,15.0,35.0,50.0,0.0,50.0,0.96,0.040000000000000036,-5.0,0.45999999999999996,0.8,0.26,5.0,1.3,0.010843819054961203,OVERPAY_LIMIT
1765987735.8351748,eth-updown-15m-1765987200,1765987200.0,1765988100.0,,364.16482520103455,,,,,0,0,0.99,0.98,ONE_LEG_INVENTORY,,,,,,,,,,,,,,0,5,,,,,,,,,,,,,,,,,,,,"RECONSTRUCT_BLOCKED: OVERPAY_LIMIT (Op:0.2600 > L:0.0108, Cost:$1.30)",,,,,,,,5.0,10.0,,,,,0,0,,,Inv: 5.0/10.0 CapLeft: 35.0,,,5.0,10.0,15.0,35.0,50.0,0.0,50.0,0.96,0.040000000000000036,-5.0,0.45999999999999996,0.8,0.26,5.0,1.3,0.010843819054961203,OVERPAY_LIMIT
1765987736.4770236,eth-updown-15m-1765987200,1765987200.0,1765988100.0,,363.522976398468,,,,,0,0,0.9,0.98,ORDERS_OPEN,,,,,,,,,,,,,,0,5,,,,,,,,,,,,,,,,,,,,,,,,,,,,0.0,0.0,,,,,0,0,,,Inv: 0.0/0.0 CapLeft: 50.0,,,0.0,0.0,0.0,50.0,50.0,0.0,50.0,0.9,0.09999999999999998,0.0,0.0,0.0,0.0,0.0,0.0,0.0,
1765987737.9788938,eth-updown-15m-1765987200,1765987200.0,1765988100.0,,362.02110624313354,,,,,0,0,0.9,0.98,ORDERS_OPEN,,,,,,,,,,,,,,0,5,,,,,,,,,,,,,,,,,,,,,,,,,,,,0.0,0.0,,,,,0,0,,,Inv: 0.0/0.0 CapLeft: 50.0,,,0.0,0.0,0.0,50.0,50.0,0.0,50.0,0.9,0.09999999999999998,0.0,0.0,0.0,0.0,0.0,0.0,0.0,
1765987737.7810478,eth-updown-15m-1765987200,1765987200.0,1765988100.0,,362.2189521789551,,,,,0,0,0.99,0.98,ONE_LEG_INVENTORY,,,,,,,,,,,,,,0,5,,,,,,,,,,,,,,,,,,,,"RECONSTRUCT_BLOCKED: OVERPAY_LIMIT (Op:0.2600 > L:0.0109, Cost:$1.30)",,,,,,,,5.0,10.0,,,,,0,0,,,Inv: 5.0/10.0 CapLeft: 35.0,,,5.0,10.0,15.0,35.0,50.0,0.0,50.0,0.96,0.040000000000000036,-5.0,0.45999999999999996,0.8,0.26,5.0,1.3,0.010916789293289184,OVERPAY_LIMIT
1765987737.7810478,eth-updown-15m-1765987200,1765987200.0,1765988100.0,,362.2189521789551,,,,,0,0,0.99,0.98,ONE_LEG_INVENTORY,,,,,,,,,,,,,,0,5,,,,,,,,,,,,,,,,,,,,"RECONSTRUCT_BLOCKED: OVERPAY_LIMIT (Op:0.2600 > L:0.0109, Cost:$1.30)",,,,,,,,5.0,10.0,,,,,0,0,,,Inv: 5.0/10.0 CapLeft: 35.0,,,5.0,10.0,15.0,35.0,50.0,0.0,50.0,0.96,0.040000000000000036,-5.0,0.45999999999999996,0.8,0.26,5.0,1.3,0.010916789293289184,OVERPAY_LIMIT
1765987739.4802678,eth-updown-15m-1765987200,1765987200.0,1765988100.0,,360.5197322368622,,,,,0,0,0.9,0.98,ORDERS_OPEN,,,,,,,,,,,,,,0,5,,,,,,,,,,,,,,,,,,,,,,,,,,,,0.0,0.0,,,,,0,0,,,Inv: 0.0/0.0 CapLeft: 50.0,,,0.0,0.0,0.0,50.0,50.0,0.0,50.0,0.9,0.09999999999999998,0.0,0.0,0.0,0.0,0.0,0.0,0.0,
1765987739.7048264,eth-updown-15m-1765987200,1765987200.0,1765988100.0,,360.29517364501953,,,,,0,0,0.99,0.98,ONE_LEG_INVENTORY,,,,,,,,,,,,,,0,5,,,,,,,,,,,,,,,,,,,,"RECONSTRUCT_BLOCKED: OVERPAY_LIMIT (Op:0.2600 > L:0.0110, Cost:$1.30)",,,,,,,,5.0,10.0,,,,,0,0,,,Inv: 5.0/10.0 CapLeft: 35.0,,,5.0,10.0,15.0,35.0,50.0,0.0,50.0,0.96,0.040000000000000036,-5.0,0.45999999999999996,0.8,0.26,5.0,1.3,0.010988930988311767,OVERPAY_LIMIT
1765987739.7048264,eth-updown-15m-1765987200,1765987200.0,1765988100.0,,360.29517364501953,,,,,0,0,0.99,0.98,ONE_LEG_INVENTORY,,,,,,,,,,,,,,0,5,,,,,,,,,,,,,,,,,,,,"RECONSTRUCT_BLOCKED: OVERPAY_LIMIT (Op:0.2600 > L:0.0110, Cost:$1.30)",,,,,,,,5.0,10.0,,,,,0,0,,,Inv: 5.0/10.0 CapLeft: 35.0,,,5.0,10.0,15.0,35.0,50.0,0.0,50.0,0.96,0.040000000000000036,-5.0,0.45999999999999996,0.8,0.26,5.0,1.3,0.010988930988311767,OVERPAY_LIMIT
1765987740.983982,eth-updown-15m-1765987200,1765987200.0,1765988100.0,,359.01601791381836,,,,,0,0,0.9,0.98,ORDERS_OPEN,,,,,,,,,,,,,,0,5,,,,,,,,,,,,,,,,,,,,,,,,,,,,0.0,0.0,,,,,0,0,,,Inv: 0.0/0.0 CapLeft: 50.0,,,0.0,0.0,0.0,50.0,50.0,0.0,50.0,0.9,0.09999999999999998,0.0,0.0,0.0,0.0,0.0,0.0,0.0,
1765987741.6765132,eth-updown-15m-1765987200,1765987200.0,1765988100.0,,358.32348680496216,,,,,0,0,0.9700000000000001,0.98,ONE_LEG_INVENTORY,,,,,,,,,,,,,,0,5,,,,,,,,,,,,,,,,,,,,"RECONSTRUCT_BLOCKED: OVERPAY_LIMIT (Op:0.2600 > L:0.0111, Cost:$1.30)",,,,,,,,5.0,10.0,,,,,0,0,,,Inv: 5.0/10.0 CapLeft: 35.0,,,5.0,10.0,15.0,35.0,50.0,0.0,50.0,0.96,0.040000000000000036,-5.0,0.45999999999999996,0.8,0.26,5.0,1.3,0.011062869244813919,OVERPAY_LIMIT
1765987741.6765132,eth-updown-15m-1765987200,1765987200.0,1765988100.0,,358.32348680496216,,,,,0,0,0.9700000000000001,0.98,ONE_LEG_INVENTORY,,,,,,,,,,,,,,0,5,,,,,,,,,,,,,,,,,,,,"RECONSTRUCT_BLOCKED: OVERPAY_LIMIT (Op:0.2600 > L:0.0111, Cost:$1.30)",,,,,,,,5.0,10.0,,,,,0,0,,,Inv: 5.0/10.0 CapLeft: 35.0,,,5.0,10.0,15.0,35.0,50.0,0.0,50.0,0.96,0.040000000000000036,-5.0,0.45999999999999996,0.8,0.26,5.0,1.3,0.011062869244813919,OVERPAY_LIMIT
1765987742.4854875,eth-updown-15m-1765987200,1765987200.0,1765988100.0,,357.5145125389099,,,,,0,0,0.9,0.98,ORDERS_OPEN,,,,,,,,,,,,,,0,5,,,,,,,,,,,,,,,,,,,,,,,,,,,,0.0,0.0,,,,,0,0,,,Inv: 0.0/0.0 CapLeft: 50.0,,,0.0,0.0,0.0,50.0,50.0,0.0,50.0,0.9,0.09999999999999998,0.0,0.0,0.0,0.0,0.0,0.0,0.0,
1765987743.987721,eth-updown-15m-1765987200,1765987200.0,1765988100.0,,356.0122790336609,,,,,0,0,0.9,0.98,ORDERS_OPEN,,,,,,,,,,,,,,0,5,,,,,,,,,,,,,,,,,,,,,,,,,,,,0.0,0.0,,,,,0,0,,,Inv: 0.0/0.0 CapLeft: 50.0,,,0.0,0.0,0.0,50.0,50.0,0.0,50.0,0.9,0.09999999999999998,0.0,0.0,0.0,0.0,0.0,0.0,0.0,
1765987743.6157355,eth-updown-15m-1765987200,1765987200.0,1765988100.0,,356.38426446914673,,,,,0,0,0.99,0.98,ONE_LEG_INVENTORY,,,,,,,,,,,,,,0,5,,,,,,,,,,,,,,,,,,,,"RECONSTRUCT_BLOCKED: OVERPAY_LIMIT (Op:0.2800 > L:0.0111, Cost:$1.40)",,,,,,,,5.0,10.0,,,,,0,0,,,Inv: 5.0/10.0 CapLeft: 35.0,,,5.0,10.0,15.0,35.0,50.0,0.0,50.0,0.96,0.040000000000000036,-5.0,0.45999999999999996,0.82,0.2799999999999998,5.0,1.399999999999999,0.011135590082406997,OVERPAY_LIMIT
1765987743.6157355,eth-updown-15m-1765987200,1765987200.0,1765988100.0,,356.38426446914673,,,,,0,0,0.99,0.98,ONE_LEG_INVENTORY,,,,,,,,,,,,,,0,5,,,,,,,,,,,,,,,,,,,,"RECONSTRUCT_BLOCKED: OVERPAY_LIMIT (Op:0.2800 > L:0.0111, Cost:$1.40)",,,,,,,,5.0,10.0,,,,,0,0,,,Inv: 5.0/10.0 CapLeft: 35.0,,,5.0,10.0,15.0,35.0,50.0,0.0,50.0,0.96,0.040000000000000036,-5.0,0.45999999999999996,0.82,0.2799999999999998,5.0,1.399999999999999,0.011135590082406997,OVERPAY_LIMIT
1765987745.4891381,eth-updown-15m-1765987200,1765987200.0,1765988100.0,,354.5108618736267,,,,,0,0,0.9,0.98,ORDERS_OPEN,,,,,,,,,,,,,,0,5,,,,,,,,,,,,,,,,,,,,,,,,,,,,0.0,0.0,,,,,0,0,,,Inv: 0.0/0.0 CapLeft: 50.0,,,0.0,0.0,0.0,50.0,50.0,0.0,50.0,0.9,0.09999999999999998,0.0,0.0,0.0,0.0,0.0,0.0,0.0,
1765987745.553625,eth-updown-15m-1765987200,1765987200.0,1765988100.0,,354.4463748931885,,,,,0,0,0.99,0.98,ONE_LEG_INVENTORY,,,,,,,,,,,,,,0,5,,,,,,,,,,,,,,,,,,,,"RECONSTRUCT_BLOCKED: OVERPAY_LIMIT (Op:0.2600 > L:0.0112, Cost:$1.30)",,,,,,,,5.0,10.0,,,,,0,0,,,Inv: 5.0/10.0 CapLeft: 35.0,,,5.0,10.0,15.0,35.0,50.0,0.0,50.0,0.96,0.040000000000000036,-5.0,0.45999999999999996,0.8,0.26,5.0,1.3,0.011208260941505432,OVERPAY_LIMIT
1765987745.553625,eth-updown-15m-1765987200,1765987200.0,1765988100.0,,354.4463748931885,,,,,0,0,0.99,0.98,ONE_LEG_INVENTORY,,,,,,,,,,,,,,0,5,,,,,,,,,,,,,,,,,,,,"RECONSTRUCT_BLOCKED: OVERPAY_LIMIT (Op:0.2600 > L:0.0112, Cost:$1.30)",,,,,,,,5.0,10.0,,,,,0,0,,,Inv: 5.0/10.0 CapLeft: 35.0,,,5.0,10.0,15.0,35.0,50.0,0.0,50.0,0.96,0.040000000000000036,-5.0,0.45999999999999996,0.8,0.26,5.0,1.3,0.011208260941505432,OVERPAY_LIMIT
1765987747.5237517,eth-updown-15m-1765987200,1765987200.0,1765988100.0,,352.47624826431274,,,,,0,0,0.99,0.98,ONE_LEG_INVENTORY,,,,,,,,,,,,,,0,5,,,,,,,,,,,,,,,,,,,,"RECONSTRUCT_BLOCKED: OVERPAY_LIMIT (Op:0.2700 > L:0.0113, Cost:$1.35)",,,,,,,,5.0,10.0,,,,,0,0,,,Inv: 5.0/10.0 CapLeft: 35.0,,,5.0,10.0,15.0,35.0,50.0,0.0,50.0,0.96,0.040000000000000036,-5.0,0.45999999999999996,0.81,0.27,5.0,1.35,0.01128214069008827,OVERPAY_LIMIT
1765987747.5237517,eth-updown-15m-1765987200,1765987200.0,1765988100.0,,352.47624826431274,,,,,0,0,0.99,0.98,ONE_LEG_INVENTORY,,,,,,,,,,,,,,0,5,,,,,,,,,,,,,,,,,,,,"RECONSTRUCT_BLOCKED: OVERPAY_LIMIT (Op:0.2700 > L:0.0113, Cost:$1.35)",,,,,,,,5.0,10.0,,,,,0,0,,,Inv: 5.0/10.0 CapLeft: 35.0,,,5.0,10.0,15.0,35.0,50.0,0.0,50.0,0.96,0.040000000000000036,-5.0,0.45999999999999996,0.81,0.27,5.0,1.35,0.01128214069008827,OVERPAY_LIMIT
1765987748.4910944,eth-updown-15m-1765987200,1765987200.0,1765988100.0,,351.5089056491852,,,,,0.45,0.45,0.9,0.98,ORDERS_OPEN,,,,,,,,,,,,,,5,5,,,,,,,,,,,,,,,,,,,,Leg:BOTH UP:5 DOWN:5,,,,,,,,0.0,0.0,,,,,0,0,,,Inv: 0.0/0.0 CapLeft: 50.0,,,0.0,0.0,0.0,50.0,50.0,0.0,50.0,0.9,0.09999999999999998,0.0,0.0,0.0,0.0,0.0,0.0,0.0,
1765987749.4922643,eth-updown-15m-1765987200,1765987200.0,1765988100.0,,350.50773572921753,,,,,0,0,0.98,0.98,ONE_LEG_INVENTORY,,,,,,,,,,,,,,0,5,,,,,,,,,,,,,,,,,,,,"RECONSTRUCT_BLOCKED: OVERPAY_LIMIT (Op:0.2400 > L:0.0114, Cost:$1.20)",,,,,,,,5.0,10.0,,,,,0,0,,,Inv: 5.0/10.0 CapLeft: 35.0,,,5.0,10.0,15.0,35.0,50.0,0.0,50.0,0.96,0.040000000000000036,-5.0,0.45999999999999996,0.78,0.24,5.0,1.2,0.011355959910154341,OVERPAY_LIMIT
1765987749.4922643,eth-updown-15m-1765987200,1765987200.0,1765988100.0,,350.50773572921753,,,,,0,0,0.98,0.98,ONE_LEG_INVENTORY,,,,,,,,,,,,,,0,5,,,,,,,,,,,,,,,,,,,,"RECONSTRUCT_BLOCKED: OVERPAY_LIMIT (Op:0.2400 > L:0.0114, Cost:$1.20)",,,,,,,,5.0,10.0,,,,,0,0,,,Inv: 5.0/10.0 CapLeft: 35.0,,,5.0,10.0,15.0,35.0,50.0,0.0,50.0,0.96,0.040000000000000036,-5.0,0.45999999999999996,0.78,0.24,5.0,1.2,0.011355959910154341,OVERPAY_LIMIT
1765987749.9935842,eth-updown-15m-1765987200,1765987200.0,1765988100.0,,350.0064158439636,,,,,0,0,0.9,0.98,ORDERS_OPEN,,,,,,,,,,,,,,0,5,,,,,,,,,,,,,,,,,,,,,,,,,,,,0.0,0.0,,,,,0,0,,,Inv: 0.0/0.0 CapLeft: 50.0,,,0.0,0.0,0.0,50.0,50.0,0.0,50.0,0.9,0.09999999999999998,0.0,0.0,0.0,0.0,0.0,0.0,0.0,
1765987751.494734,eth-updown-15m-1765987200,1765987200.0,1765988100.0,,348.5052659511566,,,,,0,0,0.9,0.98,ORDERS_OPEN,,,,,,,,,,,,,,0,5,,,,,,,,,,,,,,,,,,,,,,,,,,,,0.0,0.0,,,,,0,0,,,Inv: 0.0/0.0 CapLeft: 50.0,,,0.0,0.0,0.0,50.0,50.0,0.0,50.0,0.9,0.09999999999999998,0.0,0.0,0.0,0.0,0.0,0.0,0.0,
1765987751.445731,eth-updown-15m-1765987200,1765987200.0,1765988100.0,,348.5542690753937,,,,,0,0,0.99,0.98,ONE_LEG_INVENTORY,,,,,,,,,,,,,,0,5,,,,,,,,,,,,,,,,,,,,"RECONSTRUCT_BLOCKED: OVERPAY_LIMIT (Op:0.2300 > L:0.0114, Cost:$1.15)",,,,,,,,5.0,10.0,,,,,0,0,,,Inv: 5.0/10.0 CapLeft: 35.0,,,5.0,10.0,15.0,35.0,50.0,0.0,50.0,0.96,0.040000000000000036,-5.0,0.45999999999999996,0.77,0.22999999999999998,5.0,1.15,0.011429214909672736,OVERPAY_LIMIT
1765987751.445731,eth-updown-15m-1765987200,1765987200.0,1765988100.0,,348.5542690753937,,,,,0,0,0.99,0.98,ONE_LEG_INVENTORY,,,,,,,,,,,,,,0,5,,,,,,,,,,,,,,,,,,,,"RECONSTRUCT_BLOCKED: OVERPAY_LIMIT (Op:0.2300 > L:0.0114, Cost:$1.15)",,,,,,,,5.0,10.0,,,,,0,0,,,Inv: 5.0/10.0 CapLeft: 35.0,,,5.0,10.0,15.0,35.0,50.0,0.0,50.0,0.96,0.040000000000000036,-5.0,0.45999999999999996,0.77,0.22999999999999998,5.0,1.15,0.011429214909672736,OVERPAY_LIMIT
1765987752.9968681,eth-updown-15m-1765987200,1765987200.0,1765988100.0,,347.0031318664551,,,,,0,0,0.9,0.98,ORDERS_OPEN,,,,,,,,,,,,,,0,5,,,,,,,,,,,,,,,,,,,,,,,,,,,,0.0,0.0,,,,,0,0,,,Inv: 0.0/0.0 CapLeft: 50.0,,,0.0,0.0,0.0,50.0,50.0,0.0,50.0,0.9,0.09999999999999998,0.0,0.0,0.0,0.0,0.0,0.0,0.0,
1765987753.3790731,eth-updown-15m-1765987200,1765987200.0,1765988100.0,,346.62092685699463,,,,,0,0,0.98,0.98,ONE_LEG_INVENTORY,,,,,,,,,,,,,,0,5,,,,,,,,,,,,,,,,,,,,"RECONSTRUCT_BLOCKED: OVERPAY_LIMIT (Op:0.2200 > L:0.0115, Cost:$1.10)",,,,,,,,5.0,10.0,,,,,0,0,,,Inv: 5.0/10.0 CapLeft: 35.0,,,5.0,10.0,15.0,35.0,50.0,0.0,50.0,0.96,0.040000000000000036,-5.0,0.45999999999999996,0.76,0.21999999999999997,5.0,1.0999999999999999,0.011501715242862701,OVERPAY_LIMIT
1765987753.3790731,eth-updown-15m-1765987200,1765987200.0,1765988100.0,,346.62092685699463,,,,,0,0,0.98,0.98,ONE_LEG_INVENTORY,,,,,,,,,,,,,,0,5,,,,,,,,,,,,,,,,,,,,"RECONSTRUCT_BLOCKED: OVERPAY_LIMIT (Op:0.2200 > L:0.0115, Cost:$1.10)",,,,,,,,5.0,10.0,,,,,0,0,,,Inv: 5.0/10.0 CapLeft: 35.0,,,5.0,10.0,15.0,35.0,50.0,0.0,50.0,0.96,0.040000000000000036,-5.0,0.45999999999999996,0.76,0.21999999999999997,5.0,1.0999999999999999,0.011501715242862701,OVERPAY_LIMIT
1765987754.4988766,eth-updown-15m-1765987200,1765987200.0,1765988100.0,,345.5011234283447,,,,,0,0,0.9,0.98,ORDERS_OPEN,,,,,,,,,,,,,,0,5,,,,,,,,,,,,,,,,,,,,,,,,,,,,0.0,0.0,,,,,0,0,,,Inv: 0.0/0.0 CapLeft: 50.0,,,0.0,0.0,0.0,50.0,50.0,0.0,50.0,0.9,0.09999999999999998,0.0,0.0,0.0,0.0,0.0,0.0,0.0,
1765987755.3481708,eth-updown-15m-1765987200,1765987200.0,1765988100.0,,344.6518292427063,,,,,0,0,0.98,0.98,ONE_LEG_INVENTORY,,,,,,,,,,,,,,0,5,,,,,,,,,,,,,,,,,,,,"RECONSTRUCT_BLOCKED: OVERPAY_LIMIT (Op:0.2200 > L:0.0116, Cost:$1.10)",,,,,,,,5.0,10.0,,,,,0,0,,,Inv: 5.0/10.0 CapLeft: 35.0,,,5.0,10.0,15.0,35.0,50.0,0.0,50.0,0.96,0.040000000000000036,-5.0,0.45999999999999996,0.76,0.21999999999999997,5.0,1.0999999999999999,0.011575556403398513,OVERPAY_LIMIT
1765987755.3481708,eth-updown-15m-1765987200,1765987200.0,1765988100.0,,344.6518292427063,,,,,0,0,0.98,0.98,ONE_LEG_INVENTORY,,,,,,,,,,,,,,0,5,,,,,,,,,,,,,,,,,,,,"RECONSTRUCT_BLOCKED: OVERPAY_LIMIT (Op:0.2200 > L:0.0116, Cost:$1.10)",,,,,,,,5.0,10.0,,,,,0,0,,,Inv: 5.0/10.0 CapLeft: 35.0,,,5.0,10.0,15.0,35.0,50.0,0.0,50.0,0.96,0.040000000000000036,-5.0,0.45999999999999996,0.76,0.21999999999999997,5.0,1.0999999999999999,0.011575556403398513,OVERPAY_LIMIT
1765987756.0005214,eth-updown-15m-1765987200,1765987200.0,1765988100.0,,343.9994785785675,,,,,0,0,0.9,0.98,ORDERS_OPEN,,,,,,,,,,,,,,0,5,,,,,,,,,,,,,,,,,,,,,,,,,,,,0.0,0.0,,,,,0,0,,,Inv: 0.0/0.0 CapLeft: 50.0,,,0.0,0.0,0.0,50.0,50.0,0.0,50.0,0.9,0.09999999999999998,0.0,0.0,0.0,0.0,0.0,0.0,0.0,
1765987757.5049956,eth-updown-15m-1765987200,1765987200.0,1765988100.0,,342.4950044155121,,,,,0,0,0.9,0.98,ORDERS_OPEN,,,,,,,,,,,,,,0,5,,,,,,,,,,,,,,,,,,,,,,,,,,,,0.0,0.0,,,,,0,0,,,Inv: 0.0/0.0 CapLeft: 50.0,,,0.0,0.0,0.0,50.0,50.0,0.0,50.0,0.9,0.09999999999999998,0.0,0.0,0.0,0.0,0.0,0.0,0.0,
1765987757.3126304,eth-updown-15m-1765987200,1765987200.0,1765988100.0,,342.68736958503723,,,,,0,0,0.99,0.98,ONE_LEG_INVENTORY,,,,,,,,,,,,,,0,5,,,,,,,,,,,,,,,,,,,,"RECONSTRUCT_BLOCKED: OVERPAY_LIMIT (Op:0.2100 > L:0.0116, Cost:$1.05)",,,,,,,,5.0,10.0,,,,,0,0,,,Inv: 5.0/10.0 CapLeft: 35.0,,,5.0,10.0,15.0,35.0,50.0,0.0,50.0,0.96,0.040000000000000036,-5.0,0.45999999999999996,0.75,0.20999999999999996,5.0,1.0499999999999998,0.011649223640561103,OVERPAY_LIMIT
1765987757.3126304,eth-updown-15m-1765987200,1765987200.0,1765988100.0,,342.68736958503723,,,,,0,0,0.99,0.98,ONE_LEG_INVENTORY,,,,,,,,,,,,,,0,5,,,,,,,,,,,,,,,,,,,,"RECONSTRUCT_BLOCKED: OVERPAY_LIMIT (Op:0.2100 > L:0.0116, Cost:$1.05)",,,,,,,,5.0,10.0,,,,,0,0,,,Inv: 5.0/10.0 CapLeft: 35.0,,,5.0,10.0,15.0,35.0,50.0,0.0,50.0,0.96,0.040000000000000036,-5.0,0.45999999999999996,0.75,0.20999999999999996,5.0,1.0499999999999998,0.011649223640561103,OVERPAY_LIMIT
1765987759.0070436,eth-updown-15m-1765987200,1765987200.0,1765988100.0,,340.9929563999176,,,,,0,0,0.9,0.98,ORDERS_OPEN,,,,,,,,,,,,,,0,5,,,,,,,,,,,,,,,,,,,,,,,,,,,,0.0,0.0,,,,,0,0,,,Inv: 0.0/0.0 CapLeft: 50.0,,,0.0,0.0,0.0,50.0,50.0,0.0,50.0,0.9,0.09999999999999998,0.0,0.0,0.0,0.0,0.0,0.0,0.0,
1765987759.2775903,eth-updown-15m-1765987200,1765987200.0,1765988100.0,,340.7224097251892,,,,,0,0,0.99,0.98,ONE_LEG_INVENTORY,,,,,,,,,,,,,,0,5,,,,,,,,,,,,,,,,,,,,"RECONSTRUCT_BLOCKED: OVERPAY_LIMIT (Op:0.2100 > L:0.0117, Cost:$1.05)",,,,,,,,5.0,10.0,,,,,0,0,,,Inv: 5.0/10.0 CapLeft: 35.0,,,5.0,10.0,15.0,35.0,50.0,0.0,50.0,0.96,0.040000000000000036,-5.0,0.45999999999999996,0.75,0.20999999999999996,5.0,1.0499999999999998,0.011722909635305404,OVERPAY_LIMIT
1765987759.2775903,eth-updown-15m-1765987200,1765987200.0,1765988100.0,,340.7224097251892,,,,,0,0,0.99,0.98,ONE_LEG_INVENTORY,,,,,,,,,,,,,,0,5,,,,,,,,,,,,,,,,,,,,"RECONSTRUCT_BLOCKED: OVERPAY_LIMIT (Op:0.2100 > L:0.0117, Cost:$1.05)",,,,,,,,5.0,10.0,,,,,0,0,,,Inv: 5.0/10.0 CapLeft: 35.0,,,5.0,10.0,15.0,35.0,50.0,0.0,50.0,0.96,0.040000000000000036,-5.0,0.45999999999999996,0.75,0.20999999999999996,5.0,1.0499999999999998,0.011722909635305404,OVERPAY_LIMIT
1765987760.5089223,eth-updown-15m-1765987200,1765987200.0,1765988100.0,,339.4910776615143,,,,,0,0,0.9,0.98,ORDERS_OPEN,,,,,,,,,,,,,,0,5,,,,,,,,,,,,,,,,,,,,,,,,,,,,0.0,0.0,,,,,0,0,,,Inv: 0.0/0.0 CapLeft: 50.0,,,0.0,0.0,0.0,50.0,50.0,0.0,50.0,0.9,0.09999999999999998,0.0,0.0,0.0,0.0,0.0,0.0,0.0,
1765987761.2240078,eth-updown-15m-1765987200,1765987200.0,1765988100.0,,338.7759921550751,,,,,0,0,0.98,0.98,ONE_LEG_INVENTORY,,,,,,,,,,,,,,0,5,,,,,,,,,,,,,,,,,,,,"RECONSTRUCT_BLOCKED: OVERPAY_LIMIT (Op:0.2000 > L:0.0118, Cost:$1.00)",,,,,,,,5.0,10.0,,,,,0,0,,,Inv: 5.0/10.0 CapLeft: 35.0,,,5.0,10.0,15.0,35.0,50.0,0.0,50.0,0.96,0.040000000000000036,-5.0,0.45999999999999996,0.74,0.19999999999999996,5.0,0.9999999999999998,0.011795900294184683,OVERPAY_LIMIT
1765987761.2240078,eth-updown-15m-1765987200,1765987200.0,1765988100.0,,338.7759921550751,,,,,0,0,0.98,0.98,ONE_LEG_INVENTORY,,,,,,,,,,,,,,0,5,,,,,,,,,,,,,,,,,,,,"RECONSTRUCT_BLOCKED: OVERPAY_LIMIT (Op:0.2000 > L:0.0118, Cost:$1.00)",,,,,,,,5.0,10.0,,,,,0,0,,,Inv: 5.0/10.0 CapLeft: 35.0,,,5.0,10.0,15.0,35.0,50.0,0.0,50.0,0.96,0.040000000000000036,-5.0,0.45999999999999996,0.74,0.19999999999999996,5.0,0.9999999999999998,0.011795900294184683,OVERPAY_LIMIT
1765987762.0103576,eth-updown-15m-1765987200,1765987200.0,1765988100.0,,337.9896423816681,,,,,0,0,0.9,0.98,ORDERS_OPEN,,,,,,,,,,,,,,0,5,,,,,,,,,,,,,,,,,,,,,,,,,,,,0.0,0.0,,,,,0,0,,,Inv: 0.0/0.0 CapLeft: 50.0,,,0.0,0.0,0.0,50.0,50.0,0.0,50.0,0.9,0.09999999999999998,0.0,0.0,0.0,0.0,0.0,0.0,0.0,
1765987763.1920378,eth-updown-15m-1765987200,1765987200.0,1765988100.0,,336.80796217918396,,,,,0,0,0.99,0.98,ONE_LEG_INVENTORY,,,,,,,,,,,,,,0,5,,,,,,,,,,,,,,,,,,,,"RECONSTRUCT_BLOCKED: OVERPAY_LIMIT (Op:0.2000 > L:0.0119, Cost:$1.00)",,,,,,,,5.0,10.0,,,,,0,0,,,Inv: 5.0/10.0 CapLeft: 35.0,,,5.0,10.0,15.0,35.0,50.0,0.0,50.0,0.96,0.040000000000000036,-5.0,0.45999999999999996,0.74,0.19999999999999996,5.0,0.9999999999999998,0.011869701418280601,OVERPAY_LIMIT
1765987763.1920378,eth-updown-15m-1765987200,1765987200.0,1765988100.0,,336.80796217918396,,,,,0,0,0.99,0.98,ONE_LEG_INVENTORY,,,,,,,,,,,,,,0,5,,,,,,,,,,,,,,,,,,,,"RECONSTRUCT_BLOCKED: OVERPAY_LIMIT (Op:0.2000 > L:0.0119, Cost:$1.00)",,,,,,,,5.0,10.0,,,,,0,0,,,Inv: 5.0/10.0 CapLeft: 35.0,,,5.0,10.0,15.0,35.0,50.0,0.0,50.0,0.96,0.040000000000000036,-5.0,0.45999999999999996,0.74,0.19999999999999996,5.0,0.9999999999999998,0.011869701418280601,OVERPAY_LIMIT
1765987765.0125692,eth-updown-15m-1765987200,1765987200.0,1765988100.0,,334.98743081092834,,,,,0.45,0.45,0.9,0.98,ORDERS_OPEN,,,,,,,,,,,,,,5,5,,,,,,,,,,,,,,,,,,,,Leg:BOTH UP:5 DOWN:5,,,,,,,,0.0,0.0,,,,,0,0,,,Inv: 0.0/0.0 CapLeft: 50.0,,,0.0,0.0,0.0,50.0,50.0,0.0,50.0,0.9,0.09999999999999998,0.0,0.0,0.0,0.0,0.0,0.0,0.0,
1765987765.1722167,eth-updown-15m-1765987200,1765987200.0,1765988100.0,,334.82778334617615,,,,,0,0,0.98,0.98,ONE_LEG_INVENTORY,,,,,,,,,,,,,,0,5,,,,,,,,,,,,,,,,,,,,"RECONSTRUCT_BLOCKED: OVERPAY_LIMIT (Op:0.2000 > L:0.0119, Cost:$1.00)",,,,,,,,5.0,10.0,,,,,0,0,,,Inv: 5.0/10.0 CapLeft: 35.0,,,5.0,10.0,15.0,35.0,50.0,0.0,50.0,0.96,0.040000000000000036,-5.0,0.45999999999999996,0.74,0.19999999999999996,5.0,0.9999999999999998,0.011943958124518393,OVERPAY_LIMIT
1765987765.1722167,eth-updown-15m-1765987200,1765987200.0,1765988100.0,,334.82778334617615,,,,,0,0,0.98,0.98,ONE_LEG_INVENTORY,,,,,,,,,,,,,,0,5,,,,,,,,,,,,,,,,,,,,"RECONSTRUCT_BLOCKED: OVERPAY_LIMIT (Op:0.2000 > L:0.0119, Cost:$1.00)",,,,,,,,5.0,10.0,,,,,0,0,,,Inv: 5.0/10.0 CapLeft: 35.0,,,5.0,10.0,15.0,35.0,50.0,0.0,50.0,0.96,0.040000000000000036,-5.0,0.45999999999999996,0.74,0.19999999999999996,5.0,0.9999999999999998,0.011943958124518393,OVERPAY_LIMIT
1765987766.5147984,eth-updown-15m-1765987200,1765987200.0,1765988100.0,,333.48520159721375,,,,,0,0,0.9,0.98,ORDERS_OPEN,,,,,,,,,,,,,,0,5,,,,,,,,,,,,,,,,,,,,,,,,,,,,0.0,0.0,,,,,0,0,,,Inv: 0.0/0.0 CapLeft: 50.0,,,0.0,0.0,0.0,50.0,50.0,0.0,50.0,0.9,0.09999999999999998,0.0,0.0,0.0,0.0,0.0,0.0,0.0,
1765987767.1189585,eth-updown-15m-1765987200,1765987200.0,1765988100.0,,332.88104152679443,,,,,0,0,0.98,0.98,ONE_LEG_INVENTORY,,,,,,,,,,,,,,0,5,,,,,,,,,,,,,,,,,,,,"RECONSTRUCT_BLOCKED: OVERPAY_LIMIT (Op:0.1900 > L:0.0120, Cost:$0.95)",,,,,,,,5.0,10.0,,,,,0,0,,,Inv: 5.0/10.0 CapLeft: 35.0,,,5.0,10.0,15.0,35.0,50.0,0.0,50.0,0.96,0.040000000000000036,-5.0,0.45999999999999996,0.73,0.18999999999999995,5.0,0.9499999999999997,0.012016960942745208,OVERPAY_LIMIT
1765987767.1189585,eth-updown-15m-1765987200,1765987200.0,1765988100.0,,332.88104152679443,,,,,0,0,0.98,0.98,ONE_LEG_INVENTORY,,,,,,,,,,,,,,0,5,,,,,,,,,,,,,,,,,,,,"RECONSTRUCT_BLOCKED: OVERPAY_LIMIT (Op:0.1900 > L:0.0120, Cost:$0.95)",,,,,,,,5.0,10.0,,,,,0,0,,,Inv: 5.0/10.0 CapLeft: 35.0,,,5.0,10.0,15.0,35.0,50.0,0.0,50.0,0.96,0.040000000000000036,-5.0,0.45999999999999996,0.73,0.18999999999999995,5.0,0.9499999999999997,0.012016960942745208,OVERPAY_LIMIT
1765987768.0176117,eth-updown-15m-1765987200,1765987200.0,1765988100.0,,331.98238825798035,,,,,0,0,0.9,0.98,ORDERS_OPEN,,,,,,,,,,,,,,0,5,,,,,,,,,,,,,,,,,,,,,,,,,,,,0.0,0.0,,,,,0,0,,,Inv: 0.0/0.0 CapLeft: 50.0,,,0.0,0.0,0.0,50.0,50.0,0.0,50.0,0.9,0.09999999999999998,0.0,0.0,0.0,0.0,0.0,0.0,0.0,
1765987769.5187619,eth-updown-15m-1765987200,1765987200.0,1765988100.0,,330.48123812675476,,,,,0,0,0.9,0.98,ORDERS_OPEN,,,,,,,,,,,,,,0,5,,,,,,,,,,,,,,,,,,,,,,,,,,,,0.0,0.0,,,,,0,0,,,Inv: 0.0/0.0 CapLeft: 50.0,,,0.0,0.0,0.0,50.0,50.0,0.0,50.0,0.9,0.09999999999999998,0.0,0.0,0.0,0.0,0.0,0.0,0.0,
1765987769.094757,eth-updown-15m-1765987200,1765987200.0,1765988100.0,,330.9052429199219,,,,,0,0,0.98,0.98,ONE_LEG_INVENTORY,,,,,,,,,,,,,,0,5,,,,,,,,,,,,,,,,,,,,"RECONSTRUCT_BLOCKED: OVERPAY_LIMIT (Op:0.1800 > L:0.0121, Cost:$0.90)",,,,,,,,5.0,10.0,,,,,0,0,,,Inv: 5.0/10.0 CapLeft: 35.0,,,5.0,10.0,15.0,35.0,50.0,0.0,50.0,0.96,0.040000000000000036,-5.0,0.45999999999999996,0.72,0.17999999999999994,5.0,0.8999999999999997,0.01209105339050293,OVERPAY_LIMIT
1765987769.094757,eth-updown-15m-1765987200,1765987200.0,1765988100.0,,330.9052429199219,,,,,0,0,0.98,0.98,ONE_LEG_INVENTORY,,,,,,,,,,,,,,0,5,,,,,,,,,,,,,,,,,,,,"RECONSTRUCT_BLOCKED: OVERPAY_LIMIT (Op:0.1800 > L:0.0121, Cost:$0.90)",,,,,,,,5.0,10.0,,,,,0,0,,,Inv: 5.0/10.0 CapLeft: 35.0,,,5.0,10.0,15.0,35.0,50.0,0.0,50.0,0.96,0.040000000000000036,-5.0,0.45999999999999996,0.72,0.17999999999999994,5.0,0.8999999999999997,0.01209105339050293,OVERPAY_LIMIT
1765987771.04423,eth-updown-15m-1765987200,1765987200.0,1765988100.0,,328.95577001571655,,,,,0,0,0.9,0.98,ORDERS_OPEN,,,,,,,,,,,,,,0,5,,,,,,,,,,,,,,,,,,,,,,,,,,,,0.0,0.0,,,,,0,0,,,Inv: 0.0/0.0 CapLeft: 50.0,,,0.0,0.0,0.0,50.0,50.0,0.0,50.0,0.9,0.09999999999999998,0.0,0.0,0.0,0.0,0.0,0.0,0.0,
1765987771.04423,eth-updown-15m-1765987200,1765987200.0,1765988100.0,,328.95577001571655,,,,,0,0,0.98,0.98,ONE_LEG_INVENTORY,,,,,,,,,,,,,,0,5,,,,,,,,,,,,,,,,,,,,"RECONSTRUCT_BLOCKED: OVERPAY_LIMIT (Op:0.2100 > L:0.0122, Cost:$1.05)",,,,,,,,5.0,10.0,,,,,0,0,,,Inv: 5.0/10.0 CapLeft: 35.0,,,5.0,10.0,15.0,35.0,50.0,0.0,50.0,0.96,0.040000000000000036,-5.0,0.45999999999999996,0.75,0.20999999999999996,5.0,1.0499999999999998,0.012164158624410629,OVERPAY_LIMIT
1765987771.04423,eth-updown-15m-1765987200,1765987200.0,1765988100.0,,328.95577001571655,,,,,0,0,0.98,0.98,ONE_LEG_INVENTORY,,,,,,,,,,,,,,0,5,,,,,,,,,,,,,,,,,,,,"RECONSTRUCT_BLOCKED: OVERPAY_LIMIT (Op:0.2100 > L:0.0122, Cost:$1.05)",,,,,,,,5.0,10.0,,,,,0,0,,,Inv: 5.0/10.0 CapLeft: 35.0,,,5.0,10.0,15.0,35.0,50.0,0.0,50.0,0.96,0.040000000000000036,-5.0,0.45999999999999996,0.75,0.20999999999999996,5.0,1.0499999999999998,0.012164158624410629,OVERPAY_LIMIT
1765987772.546746,eth-updown-15m-1765987200,1765987200.0,1765988100.0,,327.4532539844513,,,,,0,0,0.9,0.98,ORDERS_OPEN,,,,,,,,,,,,,,0,5,,,,,,,,,,,,,,,,,,,,,,,,,,,,0.0,0.0,,,,,0,0,,,Inv: 0.0/0.0 CapLeft: 50.0,,,0.0,0.0,0.0,50.0,50.0,0.0,50.0,0.9,0.09999999999999998,0.0,0.0,0.0,0.0,0.0,0.0,0.0,
1765987773.013191,eth-updown-15m-1765987200,1765987200.0,1765988100.0,,326.98680901527405,,,,,0,0,0.98,0.98,ONE_LEG_INVENTORY,,,,,,,,,,,,,,0,5,,,,,,,,,,,,,,,,,,,,"RECONSTRUCT_BLOCKED: OVERPAY_LIMIT (Op:0.2100 > L:0.0122, Cost:$1.05)",,,,,,,,5.0,10.0,,,,,0,0,,,Inv: 5.0/10.0 CapLeft: 35.0,,,5.0,10.0,15.0,35.0,50.0,0.0,50.0,0.96,0.040000000000000036,-5.0,0.45999999999999996,0.75,0.20999999999999996,5.0,1.0499999999999998,0.012237994661927222,OVERPAY_LIMIT
1765987773.013191,eth-updown-15m-1765987200,1765987200.0,1765988100.0,,326.98680901527405,,,,,0,0,0.98,0.98,ONE_LEG_INVENTORY,,,,,,,,,,,,,,0,5,,,,,,,,,,,,,,,,,,,,"RECONSTRUCT_BLOCKED: OVERPAY_LIMIT (Op:0.2100 > L:0.0122, Cost:$1.05)",,,,,,,,5.0,10.0,,,,,0,0,,,Inv: 5.0/10.0 CapLeft: 35.0,,,5.0,10.0,15.0,35.0,50.0,0.0,50.0,0.96,0.040000000000000036,-5.0,0.45999999999999996,0.75,0.20999999999999996,5.0,1.0499999999999998,0.012237994661927222,OVERPAY_LIMIT
1765987774.0488117,eth-updown-15m-1765987200,1765987200.0,1765988100.0,,325.95118832588196,,,,,0,0,0.9,0.98,ORDERS_OPEN,,,,,,,,,,,,,,0,5,,,,,,,,,,,,,,,,,,,,,,,,,,,,0.0,0.0,,,,,0,0,,,Inv: 0.0/0.0 CapLeft: 50.0,,,0.0,0.0,0.0,50.0,50.0,0.0,50.0,0.9,0.09999999999999998,0.0,0.0,0.0,0.0,0.0,0.0,0.0,
1765987774.9807,eth-updown-15m-1765987200,1765987200.0,1765988100.0,,325.01929998397827,,,,,0,0,0.99,0.98,ONE_LEG_INVENTORY,,,,,,,,,,,,,,0,5,,,,,,,,,,,,,,,,,,,,"RECONSTRUCT_BLOCKED: OVERPAY_LIMIT (Op:0.2000 > L:0.0123, Cost:$1.00)",,,,,,,,5.0,10.0,,,,,0,0,,,Inv: 5.0/10.0 CapLeft: 35.0,,,5.0,10.0,15.0,35.0,50.0,0.0,50.0,0.96,0.040000000000000036,-5.0,0.45999999999999996,0.74,0.19999999999999996,5.0,0.9999999999999998,0.012311776250600814,OVERPAY_LIMIT
1765987774.9807,eth-updown-15m-1765987200,1765987200.0,1765988100.0,,325.01929998397827,,,,,0,0,0.99,0.98,ONE_LEG_INVENTORY,,,,,,,,,,,,,,0,5,,,,,,,,,,,,,,,,,,,,"RECONSTRUCT_BLOCKED: OVERPAY_LIMIT (Op:0.2000 > L:0.0123, Cost:$1.00)",,,,,,,,5.0,10.0,,,,,0,0,,,Inv: 5.0/10.0 CapLeft: 35.0,,,5.0,10.0,15.0,35.0,50.0,0.0,50.0,0.96,0.040000000000000036,-5.0,0.45999999999999996,0.74,0.19999999999999996,5.0,0.9999999999999998,0.012311776250600814,OVERPAY_LIMIT
1765987775.5655372,eth-updown-15m-1765987200,1765987200.0,1765988100.0,,324.4344627857208,,,,,0,0,0.9,0.98,ORDERS_OPEN,,,,,,,,,,,,,,0,5,,,,,,,,,,,,,,,,,,,,,,,,,,,,0.0,0.0,,,,,0,0,,,Inv: 0.0/0.0 CapLeft: 50.0,,,0.0,0.0,0.0,50.0,50.0,0.0,50.0,0.9,0.09999999999999998,0.0,0.0,0.0,0.0,0.0,0.0,0.0,
1765987777.0689733,eth-updown-15m-1765987200,1765987200.0,1765988100.0,,322.9310266971588,,,,,0,0,0.9,0.98,ORDERS_OPEN,,,,,,,,,,,,,,0,5,,,,,,,,,,,,,,,,,,,,,,,,,,,,0.0,0.0,,,,,0,0,,,Inv: 0.0/0.0 CapLeft: 50.0,,,0.0,0.0,0.0,50.0,50.0,0.0,50.0,0.9,0.09999999999999998,0.0,0.0,0.0,0.0,0.0,0.0,0.0,
1765987776.920454,eth-updown-15m-1765987200,1765987200.0,1765988100.0,,323.07954597473145,,,,,0,0,0.98,0.98,ONE_LEG_INVENTORY,,,,,,,,,,,,,,0,5,,,,,,,,,,,,,,,,,,,,"RECONSTRUCT_BLOCKED: OVERPAY_LIMIT (Op:0.1900 > L:0.0124, Cost:$0.95)",,,,,,,,5.0,10.0,,,,,0,0,,,Inv: 5.0/10.0 CapLeft: 35.0,,,5.0,10.0,15.0,35.0,50.0,0.0,50.0,0.96,0.040000000000000036,-5.0,0.45999999999999996,0.73,0.18999999999999995,5.0,0.9499999999999997,0.01238451702594757,OVERPAY_LIMIT
1765987776.920454,eth-updown-15m-1765987200,1765987200.0,1765988100.0,,323.07954597473145,,,,,0,0,0.98,0.98,ONE_LEG_INVENTORY,,,,,,,,,,,,,,0,5,,,,,,,,,,,,,,,,,,,,"RECONSTRUCT_BLOCKED: OVERPAY_LIMIT (Op:0.1900 > L:0.0124, Cost:$0.95)",,,,,,,,5.0,10.0,,,,,0,0,,,Inv: 5.0/10.0 CapLeft: 35.0,,,5.0,10.0,15.0,35.0,50.0,0.0,50.0,0.96,0.040000000000000036,-5.0,0.45999999999999996,0.73,0.18999999999999995,5.0,0.9499999999999997,0.01238451702594757,OVERPAY_LIMIT
1765987778.5704694,eth-updown-15m-1765987200,1765987200.0,1765988100.0,,321.42953062057495,,,,,0,0,0.9,0.98,ORDERS_OPEN,,,,,,,,,,,,,,0,5,,,,,,,,,,,,,,,,,,,,,,,,,,,,0.0,0.0,,,,,0,0,,,Inv: 0.0/0.0 CapLeft: 50.0,,,0.0,0.0,0.0,50.0,50.0,0.0,50.0,0.9,0.09999999999999998,0.0,0.0,0.0,0.0,0.0,0.0,0.0,
1765987778.8949592,eth-updown-15m-1765987200,1765987200.0,1765988100.0,,321.1050407886505,,,,,0,0,0.98,0.98,ONE_LEG_INVENTORY,,,,,,,,,,,,,,0,5,,,,,,,,,,,,,,,,,,,,"RECONSTRUCT_BLOCKED: OVERPAY_LIMIT (Op:0.2000 > L:0.0125, Cost:$1.00)",,,,,,,,5.0,10.0,,,,,0,0,,,Inv: 5.0/10.0 CapLeft: 35.0,,,5.0,10.0,15.0,35.0,50.0,0.0,50.0,0.96,0.040000000000000036,-5.0,0.45999999999999996,0.74,0.19999999999999996,5.0,0.9999999999999998,0.012458560970425605,OVERPAY_LIMIT
1765987778.8949592,eth-updown-15m-1765987200,1765987200.0,1765988100.0,,321.1050407886505,,,,,0,0,0.98,0.98,ONE_LEG_INVENTORY,,,,,,,,,,,,,,0,5,,,,,,,,,,,,,,,,,,,,"RECONSTRUCT_BLOCKED: OVERPAY_LIMIT (Op:0.2000 > L:0.0125, Cost:$1.00)",,,,,,,,5.0,10.0,,,,,0,0,,,Inv: 5.0/10.0 CapLeft: 35.0,,,5.0,10.0,15.0,35.0,50.0,0.0,50.0,0.96,0.040000000000000036,-5.0,0.45999999999999996,0.74,0.19999999999999996,5.0,0.9999999999999998,0.012458560970425605,OVERPAY_LIMIT
1765987780.8515465,eth-updown-15m-1765987200,1765987200.0,1765988100.0,,319.1484534740448,,,,,0,0,0.98,0.98,ONE_LEG_INVENTORY,,,,,,,,,,,,,,0,5,,,,,,,,,,,,,,,,,,,,"RECONSTRUCT_BLOCKED: OVERPAY_LIMIT (Op:0.2100 > L:0.0125, Cost:$1.05)",,,,,,,,5.0,10.0,,,,,0,0,,,Inv: 5.0/10.0 CapLeft: 35.0,,,5.0,10.0,15.0,35.0,50.0,0.0,50.0,0.96,0.040000000000000036,-5.0,0.45999999999999996,0.75,0.20999999999999996,5.0,1.0499999999999998,0.012531932994723318,OVERPAY_LIMIT
1765987780.8515465,eth-updown-15m-1765987200,1765987200.0,1765988100.0,,319.1484534740448,,,,,0,0,0.98,0.98,ONE_LEG_INVENTORY,,,,,,,,,,,,,,0,5,,,,,,,,,,,,,,,,,,,,"RECONSTRUCT_BLOCKED: OVERPAY_LIMIT (Op:0.2100 > L:0.0125, Cost:$1.05)",,,,,,,,5.0,10.0,,,,,0,0,,,Inv: 5.0/10.0 CapLeft: 35.0,,,5.0,10.0,15.0,35.0,50.0,0.0,50.0,0.96,0.040000000000000036,-5.0,0.45999999999999996,0.75,0.20999999999999996,5.0,1.0499999999999998,0.012531932994723318,OVERPAY_LIMIT
1765987781.5739746,eth-updown-15m-1765987200,1765987200.0,1765988100.0,,318.426025390625,,,,,0.45,0.45,0.9,0.98,ORDERS_OPEN,,,,,,,,,,,,,,5,5,,,,,,,,,,,,,,,,,,,,Leg:BOTH UP:5 DOWN:5,,,,,,,,0.0,0.0,,,,,0,0,,,Inv: 0.0/0.0 CapLeft: 50.0,,,0.0,0.0,0.0,50.0,50.0,0.0,50.0,0.9,0.09999999999999998,0.0,0.0,0.0,0.0,0.0,0.0,0.0,
1765987783.07989,eth-updown-15m-1765987200,1765987200.0,1765988100.0,,316.9201099872589,,,,,0,0,0.9,0.98,ORDERS_OPEN,,,,,,,,,,,,,,0,5,,,,,,,,,,,,,,,,,,,,,,,,,,,,0.0,0.0,,,,,0,0,,,Inv: 0.0/0.0 CapLeft: 50.0,,,0.0,0.0,0.0,50.0,50.0,0.0,50.0,0.9,0.09999999999999998,0.0,0.0,0.0,0.0,0.0,0.0,0.0,
1765987782.797544,eth-updown-15m-1765987200,1765987200.0,1765988100.0,,317.20245599746704,,,,,0,0,0.98,0.98,ONE_LEG_INVENTORY,,,,,,,,,,,,,,0,5,,,,,,,,,,,,,,,,,,,,"RECONSTRUCT_BLOCKED: OVERPAY_LIMIT (Op:0.2100 > L:0.0126, Cost:$1.05)",,,,,,,,5.0,10.0,,,,,0,0,,,Inv: 5.0/10.0 CapLeft: 35.0,,,5.0,10.0,15.0,35.0,50.0,0.0,50.0,0.96,0.040000000000000036,-5.0,0.45999999999999996,0.75,0.20999999999999996,5.0,1.0499999999999998,0.012604907900094985,OVERPAY_LIMIT
1765987782.797544,eth-updown-15m-1765987200,1765987200.0,1765988100.0,,317.20245599746704,,,,,0,0,0.98,0.98,ONE_LEG_INVENTORY,,,,,,,,,,,,,,0,5,,,,,,,,,,,,,,,,,,,,"RECONSTRUCT_BLOCKED: OVERPAY_LIMIT (Op:0.2100 > L:0.0126, Cost:$1.05)",,,,,,,,5.0,10.0,,,,,0,0,,,Inv: 5.0/10.0 CapLeft: 35.0,,,5.0,10.0,15.0,35.0,50.0,0.0,50.0,0.96,0.040000000000000036,-5.0,0.45999999999999996,0.75,0.20999999999999996,5.0,1.0499999999999998,0.012604907900094985,OVERPAY_LIMIT
1765987784.5818124,eth-updown-15m-1765987200,1765987200.0,1765988100.0,,315.4181876182556,,,,,0,0,0.9,0.98,ORDERS_OPEN,,,,,,,,,,,,,,0,5,,,,,,,,,,,,,,,,,,,,,,,,,,,,0.0,0.0,,,,,0,0,,,Inv: 0.0/0.0 CapLeft: 50.0,,,0.0,0.0,0.0,50.0,50.0,0.0,50.0,0.9,0.09999999999999998,0.0,0.0,0.0,0.0,0.0,0.0,0.0,
1765987784.7372847,eth-updown-15m-1765987200,1765987200.0,1765988100.0,,315.26271533966064,,,,,0,0,0.98,0.98,ONE_LEG_INVENTORY,,,,,,,,,,,,,,0,5,,,,,,,,,,,,,,,,,,,,"RECONSTRUCT_BLOCKED: OVERPAY_LIMIT (Op:0.2100 > L:0.0127, Cost:$1.05)",,,,,,,,5.0,10.0,,,,,0,0,,,Inv: 5.0/10.0 CapLeft: 35.0,,,5.0,10.0,15.0,35.0,50.0,0.0,50.0,0.96,0.040000000000000036,-5.0,0.45999999999999996,0.75,0.20999999999999996,5.0,1.0499999999999998,0.012677648174762725,OVERPAY_LIMIT
1765987784.7372847,eth-updown-15m-1765987200,1765987200.0,1765988100.0,,315.26271533966064,,,,,0,0,0.98,0.98,ONE_LEG_INVENTORY,,,,,,,,,,,,,,0,5,,,,,,,,,,,,,,,,,,,,"RECONSTRUCT_BLOCKED: OVERPAY_LIMIT (Op:0.2100 > L:0.0127, Cost:$1.05)",,,,,,,,5.0,10.0,,,,,0,0,,,Inv: 5.0/10.0 CapLeft: 35.0,,,5.0,10.0,15.0,35.0,50.0,0.0,50.0,0.96,0.040000000000000036,-5.0,0.45999999999999996,0.75,0.20999999999999996,5.0,1.0499999999999998,0.012677648174762725,OVERPAY_LIMIT
1765987786.083429,eth-updown-15m-1765987200,1765987200.0,1765988100.0,,313.9165709018707,,,,,0,0,0.9,0.98,ORDERS_OPEN,,,,,,,,,,,,,,0,5,,,,,,,,,,,,,,,,,,,,,,,,,,,,0.0,0.0,,,,,0,0,,,Inv: 0.0/0.0 CapLeft: 50.0,,,0.0,0.0,0.0,50.0,50.0,0.0,50.0,0.9,0.09999999999999998,0.0,0.0,0.0,0.0,0.0,0.0,0.0,
1765987786.6941516,eth-updown-15m-1765987200,1765987200.0,1765988100.0,,313.30584836006165,,,,,0,0,0.98,0.98,ONE_LEG_INVENTORY,,,,,,,,,,,,,,0,5,,,,,,,,,,,,,,,,,,,,"RECONSTRUCT_BLOCKED: OVERPAY_LIMIT (Op:0.2200 > L:0.0128, Cost:$1.10)",,,,,,,,5.0,10.0,,,,,0,0,,,Inv: 5.0/10.0 CapLeft: 35.0,,,5.0,10.0,15.0,35.0,50.0,0.0,50.0,0.96,0.040000000000000036,-5.0,0.45999999999999996,0.76,0.21999999999999997,5.0,1.0999999999999999,0.012751030686497687,OVERPAY_LIMIT
1765987786.6941516,eth-updown-15m-1765987200,1765987200.0,1765988100.0,,313.30584836006165,,,,,0,0,0.98,0.98,ONE_LEG_INVENTORY,,,,,,,,,,,,,,0,5,,,,,,,,,,,,,,,,,,,,"RECONSTRUCT_BLOCKED: OVERPAY_LIMIT (Op:0.2200 > L:0.0128, Cost:$1.10)",,,,,,,,5.0,10.0,,,,,0,0,,,Inv: 5.0/10.0 CapLeft: 35.0,,,5.0,10.0,15.0,35.0,50.0,0.0,50.0,0.96,0.040000000000000036,-5.0,0.45999999999999996,0.76,0.21999999999999997,5.0,1.0999999999999999,0.012751030686497687,OVERPAY_LIMIT
1765987787.58473,eth-updown-15m-1765987200,1765987200.0,1765988100.0,,312.41527009010315,,,,,0,0,0.9,0.98,ORDERS_OPEN,,,,,,,,,,,,,,0,5,,,,,,,,,,,,,,,,,,,,,,,,,,,,0.0,0.0,,,,,0,0,,,Inv: 0.0/0.0 CapLeft: 50.0,,,0.0,0.0,0.0,50.0,50.0,0.0,50.0,0.9,0.09999999999999998,0.0,0.0,0.0,0.0,0.0,0.0,0.0,
1765987789.086475,eth-updown-15m-1765987200,1765987200.0,1765988100.0,,310.9135251045227,,,,,0,0,0.9,0.98,ORDERS_OPEN,,,,,,,,,,,,,,0,5,,,,,,,,,,,,,,,,,,,,,,,,,,,,0.0,0.0,,,,,0,0,,,Inv: 0.0/0.0 CapLeft: 50.0,,,0.0,0.0,0.0,50.0,50.0,0.0,50.0,0.9,0.09999999999999998,0.0,0.0,0.0,0.0,0.0,0.0,0.0,
1765987788.6645412,eth-updown-15m-1765987200,1765987200.0,1765988100.0,,311.33545875549316,,,,,0,0,0.98,0.98,ONE_LEG_INVENTORY,,,,,,,,,,,,,,0,5,,,,,,,,,,,,,,,,,,,,"RECONSTRUCT_BLOCKED: OVERPAY_LIMIT (Op:0.2200 > L:0.0128, Cost:$1.10)",,,,,,,,5.0,10.0,,,,,0,0,,,Inv: 5.0/10.0 CapLeft: 35.0,,,5.0,10.0,15.0,35.0,50.0,0.0,50.0,0.96,0.040000000000000036,-5.0,0.45999999999999996,0.76,0.21999999999999997,5.0,1.0999999999999999,0.012824920296669005,OVERPAY_LIMIT
1765987788.6645412,eth-updown-15m-1765987200,1765987200.0,1765988100.0,,311.33545875549316,,,,,0,0,0.98,0.98,ONE_LEG_INVENTORY,,,,,,,,,,,,,,0,5,,,,,,,,,,,,,,,,,,,,"RECONSTRUCT_BLOCKED: OVERPAY_LIMIT (Op:0.2200 > L:0.0128, Cost:$1.10)",,,,,,,,5.0,10.0,,,,,0,0,,,Inv: 5.0/10.0 CapLeft: 35.0,,,5.0,10.0,15.0,35.0,50.0,0.0,50.0,0.96,0.040000000000000036,-5.0,0.45999999999999996,0.76,0.21999999999999997,5.0,1.0999999999999999,0.012824920296669005,OVERPAY_LIMIT
1765987790.5885253,eth-updown-15m-1765987200,1765987200.0,1765988100.0,,309.41147470474243,,,,,0,0,0.9,0.98,ORDERS_OPEN,,,,,,,,,,,,,,0,5,,,,,,,,,,,,,,,,,,,,,,,,,,,,0.0,0.0,,,,,0,0,,,Inv: 0.0/0.0 CapLeft: 50.0,,,0.0,0.0,0.0,50.0,50.0,0.0,50.0,0.9,0.09999999999999998,0.0,0.0,0.0,0.0,0.0,0.0,0.0,
1765987790.6198916,eth-updown-15m-1765987200,1765987200.0,1765988100.0,,309.38010835647583,,,,,0,0,0.98,0.98,ONE_LEG_INVENTORY,,,,,,,,,,,,,,0,5,,,,,,,,,,,,,,,,,,,,"RECONSTRUCT_BLOCKED: OVERPAY_LIMIT (Op:0.2200 > L:0.0129, Cost:$1.10)",,,,,,,,5.0,10.0,,,,,0,0,,,Inv: 5.0/10.0 CapLeft: 35.0,,,5.0,10.0,15.0,35.0,50.0,0.0,50.0,0.96,0.040000000000000036,-5.0,0.45999999999999996,0.76,0.21999999999999997,5.0,1.0999999999999999,0.012898245936632155,OVERPAY_LIMIT
1765987790.6198916,eth-updown-15m-1765987200,1765987200.0,1765988100.0,,309.38010835647583,,,,,0,0,0.98,0.98,ONE_LEG_INVENTORY,,,,,,,,,,,,,,0,5,,,,,,,,,,,,,,,,,,,,"RECONSTRUCT_BLOCKED: OVERPAY_LIMIT (Op:0.2200 > L:0.0129, Cost:$1.10)",,,,,,,,5.0,10.0,,,,,0,0,,,Inv: 5.0/10.0 CapLeft: 35.0,,,5.0,10.0,15.0,35.0,50.0,0.0,50.0,0.96,0.040000000000000036,-5.0,0.45999999999999996,0.76,0.21999999999999997,5.0,1.0999999999999999,0.012898245936632155,OVERPAY_LIMIT
1765987792.1058714,eth-updown-15m-1765987200,1765987200.0,1765988100.0,,307.8941285610199,,,,,0,0,0.9,0.98,ORDERS_OPEN,,,,,,,,,,,,,,0,5,,,,,,,,,,,,,,,,,,,,,,,,,,,,0.0,0.0,,,,,0,0,,,Inv: 0.0/0.0 CapLeft: 50.0,,,0.0,0.0,0.0,50.0,50.0,0.0,50.0,0.9,0.09999999999999998,0.0,0.0,0.0,0.0,0.0,0.0,0.0,
1765987792.5583036,eth-updown-15m-1765987200,1765987200.0,1765988100.0,,307.44169640541077,,,,,0,0,0.98,0.98,ONE_LEG_INVENTORY,,,,,,,,,,,,,,0,5,,,,,,,,,,,,,,,,,,,,"RECONSTRUCT_BLOCKED: OVERPAY_LIMIT (Op:0.2300 > L:0.0130, Cost:$1.15)",,,,,,,,5.0,10.0,,,,,0,0,,,Inv: 5.0/10.0 CapLeft: 35.0,,,5.0,10.0,15.0,35.0,50.0,0.0,50.0,0.96,0.040000000000000036,-5.0,0.45999999999999996,0.77,0.22999999999999998,5.0,1.15,0.012970936384797096,OVERPAY_LIMIT
1765987792.5583036,eth-updown-15m-1765987200,1765987200.0,1765988100.0,,307.44169640541077,,,,,0,0,0.98,0.98,ONE_LEG_INVENTORY,,,,,,,,,,,,,,0,5,,,,,,,,,,,,,,,,,,,,"RECONSTRUCT_BLOCKED: OVERPAY_LIMIT (Op:0.2300 > L:0.0130, Cost:$1.15)",,,,,,,,5.0,10.0,,,,,0,0,,,Inv: 5.0/10.0 CapLeft: 35.0,,,5.0,10.0,15.0,35.0,50.0,0.0,50.0,0.96,0.040000000000000036,-5.0,0.45999999999999996,0.77,0.22999999999999998,5.0,1.15,0.012970936384797096,OVERPAY_LIMIT
1765987793.6081636,eth-updown-15m-1765987200,1765987200.0,1765988100.0,,306.3918364048004,,,,,0,0,0.9,0.98,ORDERS_OPEN,,,,,,,,,,,,,,0,5,,,,,,,,,,,,,,,,,,,,,,,,,,,,0.0,0.0,,,,,0,0,,,Inv: 0.0/0.0 CapLeft: 50.0,,,0.0,0.0,0.0,50.0,50.0,0.0,50.0,0.9,0.09999999999999998,0.0,0.0,0.0,0.0,0.0,0.0,0.0,
1765987794.4753191,eth-updown-15m-1765987200,1765987200.0,1765988100.0,,305.52468085289,,,,,0,0,0.97,0.98,ONE_LEG_INVENTORY,,,,,,,,,,,,,,0,5,,,,,,,,,,,,,,,,,,,,"RECONSTRUCT_BLOCKED: OVERPAY_LIMIT (Op:0.2200 > L:0.0130, Cost:$1.10)",,,,,,,,5.0,10.0,,,,,0,0,,,Inv: 5.0/10.0 CapLeft: 35.0,,,5.0,10.0,15.0,35.0,50.0,0.0,50.0,0.96,0.040000000000000036,-5.0,0.45999999999999996,0.76,0.21999999999999997,5.0,1.0999999999999999,0.013042824468016623,OVERPAY_LIMIT
1765987794.4753191,eth-updown-15m-1765987200,1765987200.0,1765988100.0,,305.52468085289,,,,,0,0,0.97,0.98,ONE_LEG_INVENTORY,,,,,,,,,,,,,,0,5,,,,,,,,,,,,,,,,,,,,"RECONSTRUCT_BLOCKED: OVERPAY_LIMIT (Op:0.2200 > L:0.0130, Cost:$1.10)",,,,,,,,5.0,10.0,,,,,0,0,,,Inv: 5.0/10.0 CapLeft: 35.0,,,5.0,10.0,15.0,35.0,50.0,0.0,50.0,0.96,0.040000000000000036,-5.0,0.45999999999999996,0.76,0.21999999999999997,5.0,1.0999999999999999,0.013042824468016623,OVERPAY_LIMIT
1765987795.109549,eth-updown-15m-1765987200,1765987200.0,1765988100.0,,304.89045095443726,,,,,0,0,0.9,0.98,ORDERS_OPEN,,,,,,,,,,,,,,0,5,,,,,,,,,,,,,,,,,,,,,,,,,,,,0.0,0.0,,,,,0,0,,,Inv: 0.0/0.0 CapLeft: 50.0,,,0.0,0.0,0.0,50.0,50.0,0.0,50.0,0.9,0.09999999999999998,0.0,0.0,0.0,0.0,0.0,0.0,0.0,
1765987796.3943315,eth-updown-15m-1765987200,1765987200.0,1765988100.0,,303.6056685447693,,,,,0,0,0.99,0.98,ONE_LEG_INVENTORY,,,,,,,,,,,,,,0,5,,,,,,,,,,,,,,,,,,,,"RECONSTRUCT_BLOCKED: OVERPAY_LIMIT (Op:0.2500 > L:0.0131, Cost:$1.25)",,,,,,,,5.0,10.0,,,,,0,0,,,Inv: 5.0/10.0 CapLeft: 35.0,,,5.0,10.0,15.0,35.0,50.0,0.0,50.0,0.96,0.040000000000000036,-5.0,0.45999999999999996,0.79,0.25,5.0,1.25,0.01311478742957115,OVERPAY_LIMIT
1765987796.3943315,eth-updown-15m-1765987200,1765987200.0,1765988100.0,,303.6056685447693,,,,,0,0,0.99,0.98,ONE_LEG_INVENTORY,,,,,,,,,,,,,,0,5,,,,,,,,,,,,,,,,,,,,"RECONSTRUCT_BLOCKED: OVERPAY_LIMIT (Op:0.2500 > L:0.0131, Cost:$1.25)",,,,,,,,5.0,10.0,,,,,0,0,,,Inv: 5.0/10.0 CapLeft: 35.0,,,5.0,10.0,15.0,35.0,50.0,0.0,50.0,0.96,0.040000000000000036,-5.0,0.45999999999999996,0.79,0.25,5.0,1.25,0.01311478742957115,OVERPAY_LIMIT
1765987798.1115193,eth-updown-15m-1765987200,1765987200.0,1765988100.0,,301.88848066329956,,,,,0.45,0.45,0.9,0.98,ORDERS_OPEN,,,,,,,,,,,,,,5,5,,,,,,,,,,,,,,,,,,,,Leg:BOTH UP:5 DOWN:5,,,,,,,,0.0,0.0,,,,,0,0,,,Inv: 0.0/0.0 CapLeft: 50.0,,,0.0,0.0,0.0,50.0,50.0,0.0,50.0,0.9,0.09999999999999998,0.0,0.0,0.0,0.0,0.0,0.0,0.0,
1765987798.3480053,eth-updown-15m-1765987200,1765987200.0,1765988100.0,,301.6519947052002,,,,,0,0,0.98,0.98,ONE_LEG_INVENTORY,,,,,,,,,,,,,,0,5,,,,,,,,,,,,,,,,,,,,"RECONSTRUCT_BLOCKED: OVERPAY_LIMIT (Op:0.2500 > L:0.0132, Cost:$1.25)",,,,,,,,5.0,10.0,,,,,0,0,,,Inv: 5.0/10.0 CapLeft: 35.0,,,5.0,10.0,15.0,35.0,50.0,0.0,50.0,0.96,0.040000000000000036,-5.0,0.45999999999999996,0.79,0.25,5.0,1.25,0.013188050198554992,OVERPAY_LIMIT
1765987798.3480053,eth-updown-15m-1765987200,1765987200.0,1765988100.0,,301.6519947052002,,,,,0,0,0.98,0.98,ONE_LEG_INVENTORY,,,,,,,,,,,,,,0,5,,,,,,,,,,,,,,,,,,,,"RECONSTRUCT_BLOCKED: OVERPAY_LIMIT (Op:0.2500 > L:0.0132, Cost:$1.25)",,,,,,,,5.0,10.0,,,,,0,0,,,Inv: 5.0/10.0 CapLeft: 35.0,,,5.0,10.0,15.0,35.0,50.0,0.0,50.0,0.96,0.040000000000000036,-5.0,0.45999999999999996,0.79,0.25,5.0,1.25,0.013188050198554992,OVERPAY_LIMIT
1765987799.6134765,eth-updown-15m-1765987200,1765987200.0,1765988100.0,,300.3865234851837,,,,,0,0,0.9,0.98,ORDERS_OPEN,,,,,,,,,,,,,,0,5,,,,,,,,,,,,,,,,,,,,,,,,,,,,0.0,0.0,,,,,0,0,,,Inv: 0.0/0.0 CapLeft: 50.0,,,0.0,0.0,0.0,50.0,50.0,0.0,50.0,0.9,0.09999999999999998,0.0,0.0,0.0,0.0,0.0,0.0,0.0,
1765987800.2780235,eth-updown-15m-1765987200,1765987200.0,1765988100.0,,299.721976518631,,,,,0,0,0.99,0.98,ONE_LEG_INVENTORY,,,,,,,,,,,,,,0,5,,,,,,,,,,,,,,,,,,,,"RECONSTRUCT_BLOCKED: OVERPAY_LIMIT (Op:0.2700 > L:0.0133, Cost:$1.35)",,,,,,,,5.0,10.0,,,,,0,0,,,Inv: 5.0/10.0 CapLeft: 35.0,,,5.0,10.0,15.0,35.0,50.0,0.0,50.0,0.96,0.040000000000000036,-5.0,0.45999999999999996,0.81,0.27,5.0,1.35,0.013260425880551338,OVERPAY_LIMIT
1765987800.2780235,eth-updown-15m-1765987200,1765987200.0,1765988100.0,,299.721976518631,,,,,0,0,0.99,0.98,ONE_LEG_INVENTORY,,,,,,,,,,,,,,0,5,,,,,,,,,,,,,,,,,,,,"RECONSTRUCT_BLOCKED: OVERPAY_LIMIT (Op:0.2700 > L:0.0133, Cost:$1.35)",,,,,,,,5.0,10.0,,,,,0,0,,,Inv: 5.0/10.0 CapLeft: 35.0,,,5.0,10.0,15.0,35.0,50.0,0.0,50.0,0.96,0.040000000000000036,-5.0,0.45999999999999996,0.81,0.27,5.0,1.35,0.013260425880551338,OVERPAY_LIMIT
1765987801.114839,eth-updown-15m-1765987200,1765987200.0,1765988100.0,,298.88516092300415,,,,,0,0,0.9,0.98,ORDERS_OPEN,,,,,,,,,,,,,,0,5,,,,,,,,,,,,,,,,,,,,,,,,,,,,0.0,0.0,,,,,0,0,,,Inv: 0.0/0.0 CapLeft: 50.0,,,0.0,0.0,0.0,50.0,50.0,0.0,50.0,0.9,0.09999999999999998,0.0,0.0,0.0,0.0,0.0,0.0,0.0,
1765987802.617394,eth-updown-15m-1765987200,1765987200.0,1765988100.0,,297.3826060295105,,,,,0,0,0.9,0.98,ORDERS_OPEN,,,,,,,,,,,,,,0,5,,,,,,,,,,,,,,,,,,,,,,,,,,,,0.0,0.0,,,,,0,0,,,Inv: 0.0/0.0 CapLeft: 50.0,,,0.0,0.0,0.0,50.0,50.0,0.0,50.0,0.9,0.09999999999999998,0.0,0.0,0.0,0.0,0.0,0.0,0.0,
1765987802.2277894,eth-updown-15m-1765987200,1765987200.0,1765988100.0,,297.77221059799194,,,,,0,0,0.99,0.98,ONE_LEG_INVENTORY,,,,,,,,,,,,,,0,5,,,,,,,,,,,,,,,,,,,,"RECONSTRUCT_BLOCKED: OVERPAY_LIMIT (Op:0.2800 > L:0.0133, Cost:$1.40)",,,,,,,,5.0,10.0,,,,,0,0,,,Inv: 5.0/10.0 CapLeft: 35.0,,,5.0,10.0,15.0,35.0,50.0,0.0,50.0,0.96,0.040000000000000036,-5.0,0.45999999999999996,0.82,0.2799999999999998,5.0,1.399999999999999,0.013333542102575301,OVERPAY_LIMIT
1765987802.2277894,eth-updown-15m-1765987200,1765987200.0,1765988100.0,,297.77221059799194,,,,,0,0,0.99,0.98,ONE_LEG_INVENTORY,,,,,,,,,,,,,,0,5,,,,,,,,,,,,,,,,,,,,"RECONSTRUCT_BLOCKED: OVERPAY_LIMIT (Op:0.2800 > L:0.0133, Cost:$1.40)",,,,,,,,5.0,10.0,,,,,0,0,,,Inv: 5.0/10.0 CapLeft: 35.0,,,5.0,10.0,15.0,35.0,50.0,0.0,50.0,0.96,0.040000000000000036,-5.0,0.45999999999999996,0.82,0.2799999999999998,5.0,1.399999999999999,0.013333542102575301,OVERPAY_LIMIT
1765987804.1189194,eth-updown-15m-1765987200,1765987200.0,1765988100.0,,295.8810806274414,,,,,0,0,0.9,0.98,ORDERS_OPEN,,,,,,,,,,,,,,0,5,,,,,,,,,,,,,,,,,,,,,,,,,,,,0.0,0.0,,,,,0,0,,,Inv: 0.0/0.0 CapLeft: 50.0,,,0.0,0.0,0.0,50.0,50.0,0.0,50.0,0.9,0.09999999999999998,0.0,0.0,0.0,0.0,0.0,0.0,0.0,
1765987804.1783495,eth-updown-15m-1765987200,1765987200.0,1765988100.0,,295.8216505050659,,,,,0,0,0.98,0.98,ONE_LEG_INVENTORY,,,,,,,,,,,,,,0,5,,,,,,,,,,,,,,,,,,,,"RECONSTRUCT_BLOCKED: OVERPAY_LIMIT (Op:0.2400 > L:0.0134, Cost:$1.20)",,,,,,,,5.0,10.0,,,,,0,0,,,Inv: 5.0/10.0 CapLeft: 35.0,,,5.0,10.0,15.0,35.0,50.0,0.0,50.0,0.96,0.040000000000000036,-5.0,0.45999999999999996,0.78,0.24,5.0,1.2,0.013406688106060027,OVERPAY_LIMIT
1765987804.1783495,eth-updown-15m-1765987200,1765987200.0,1765988100.0,,295.8216505050659,,,,,0,0,0.98,0.98,ONE_LEG_INVENTORY,,,,,,,,,,,,,,0,5,,,,,,,,,,,,,,,,,,,,"RECONSTRUCT_BLOCKED: OVERPAY_LIMIT (Op:0.2400 > L:0.0134, Cost:$1.20)",,,,,,,,5.0,10.0,,,,,0,0,,,Inv: 5.0/10.0 CapLeft: 35.0,,,5.0,10.0,15.0,35.0,50.0,0.0,50.0,0.96,0.040000000000000036,-5.0,0.45999999999999996,0.78,0.24,5.0,1.2,0.013406688106060027,OVERPAY_LIMIT
1765987805.6208127,eth-updown-15m-1765987200,1765987200.0,1765988100.0,,294.37918734550476,,,,,0,0,0.9,0.98,ORDERS_OPEN,,,,,,,,,,,,,,0,5,,,,,,,,,,,,,,,,,,,,,,,,,,,,0.0,0.0,,,,,0,0,,,Inv: 0.0/0.0 CapLeft: 50.0,,,0.0,0.0,0.0,50.0,50.0,0.0,50.0,0.9,0.09999999999999998,0.0,0.0,0.0,0.0,0.0,0.0,0.0,
1765987806.1366901,eth-updown-15m-1765987200,1765987200.0,1765988100.0,,293.8633098602295,,,,,0,0,0.98,0.98,ONE_LEG_INVENTORY,,,,,,,,,,,,,,0,5,,,,,,,,,,,,,,,,,,,,"RECONSTRUCT_BLOCKED: OVERPAY_LIMIT (Op:0.3000 > L:0.0135, Cost:$1.50)",,,,,,,,5.0,10.0,,,,,0,0,,,Inv: 5.0/10.0 CapLeft: 35.0,,,5.0,10.0,15.0,35.0,50.0,0.0,50.0,0.96,0.040000000000000036,-5.0,0.45999999999999996,0.84,0.2999999999999998,5.0,1.4999999999999991,0.013480125880241393,OVERPAY_LIMIT
1765987806.1366901,eth-updown-15m-1765987200,1765987200.0,1765988100.0,,293.8633098602295,,,,,0,0,0.98,0.98,ONE_LEG_INVENTORY,,,,,,,,,,,,,,0,5,,,,,,,,,,,,,,,,,,,,"RECONSTRUCT_BLOCKED: OVERPAY_LIMIT (Op:0.3000 > L:0.0135, Cost:$1.50)",,,,,,,,5.0,10.0,,,,,0,0,,,Inv: 5.0/10.0 CapLeft: 35.0,,,5.0,10.0,15.0,35.0,50.0,0.0,50.0,0.96,0.040000000000000036,-5.0,0.45999999999999996,0.84,0.2999999999999998,5.0,1.4999999999999991,0.013480125880241393,OVERPAY_LIMIT
1765987807.1375446,eth-updown-15m-1765987200,1765987200.0,1765988100.0,,292.862455368042,,,,,0,0,0.9,0.98,ORDERS_OPEN,,,,,,,,,,,,,,0,5,,,,,,,,,,,,,,,,,,,,,,,,,,,,0.0,0.0,,,,,0,0,,,Inv: 0.0/0.0 CapLeft: 50.0,,,0.0,0.0,0.0,50.0,50.0,0.0,50.0,0.9,0.09999999999999998,0.0,0.0,0.0,0.0,0.0,0.0,0.0,
1765987808.6387172,eth-updown-15m-1765987200,1765987200.0,1765988100.0,,291.36128282546997,,,,,0,0,0.9,0.98,ORDERS_OPEN,,,,,,,,,,,,,,0,5,,,,,,,,,,,,,,,,,,,,,,,,,,,,0.0,0.0,,,,,0,0,,,Inv: 0.0/0.0 CapLeft: 50.0,,,0.0,0.0,0.0,50.0,50.0,0.0,50.0,0.9,0.09999999999999998,0.0,0.0,0.0,0.0,0.0,0.0,0.0,
1765987808.149904,eth-updown-15m-1765987200,1765987200.0,1765988100.0,,291.85009598731995,,,,,0,0,0.97,0.98,ONE_LEG_INVENTORY,,,,,,,,,,,,,,0,5,,,,,,,,,,,,,,,,,,,,"RECONSTRUCT_BLOCKED: OVERPAY_LIMIT (Op:0.3100 > L:0.0136, Cost:$1.55)",,,,,,,,5.0,10.0,,,,,0,0,,,Inv: 5.0/10.0 CapLeft: 35.0,,,5.0,10.0,15.0,35.0,50.0,0.0,50.0,0.96,0.040000000000000036,-5.0,0.45999999999999996,0.85,0.31000000000000005,5.0,1.5500000000000003,0.0135556214004755,OVERPAY_LIMIT
1765987808.149904,eth-updown-15m-1765987200,1765987200.0,1765988100.0,,291.85009598731995,,,,,0,0,0.97,0.98,ONE_LEG_INVENTORY,,,,,,,,,,,,,,0,5,,,,,,,,,,,,,,,,,,,,"RECONSTRUCT_BLOCKED: OVERPAY_LIMIT (Op:0.3100 > L:0.0136, Cost:$1.55)",,,,,,,,5.0,10.0,,,,,0,0,,,Inv: 5.0/10.0 CapLeft: 35.0,,,5.0,10.0,15.0,35.0,50.0,0.0,50.0,0.96,0.040000000000000036,-5.0,0.45999999999999996,0.85,0.31000000000000005,5.0,1.5500000000000003,0.0135556214004755,OVERPAY_LIMIT
1765987810.1401894,eth-updown-15m-1765987200,1765987200.0,1765988100.0,,289.859810590744,,,,,0,0,0.9,0.98,ORDERS_OPEN,,,,,,,,,,,,,,0,5,,,,,,,,,,,,,,,,,,,,,,,,,,,,0.0,0.0,,,,,0,0,,,Inv: 0.0/0.0 CapLeft: 50.0,,,0.0,0.0,0.0,50.0,50.0,0.0,50.0,0.9,0.09999999999999998,0.0,0.0,0.0,0.0,0.0,0.0,0.0,
1765987810.1588116,eth-updown-15m-1765987200,1765987200.0,1765988100.0,,289.84118843078613,,,,,0,0,0.97,0.98,ONE_LEG_INVENTORY,,,,,,,,,,,,,,0,5,,,,,,,,,,,,,,,,,,,,"RECONSTRUCT_BLOCKED: OVERPAY_LIMIT (Op:0.3100 > L:0.0136, Cost:$1.55)",,,,,,,,5.0,10.0,,,,,0,0,,,Inv: 5.0/10.0 CapLeft: 35.0,,,5.0,10.0,15.0,35.0,50.0,0.0,50.0,0.96,0.040000000000000036,-5.0,0.45999999999999996,0.85,0.31000000000000005,5.0,1.5500000000000003,0.013630955433845519,OVERPAY_LIMIT
1765987810.1588116,eth-updown-15m-1765987200,1765987200.0,1765988100.0,,289.84118843078613,,,,,0,0,0.97,0.98,ONE_LEG_INVENTORY,,,,,,,,,,,,,,0,5,,,,,,,,,,,,,,,,,,,,"RECONSTRUCT_BLOCKED: OVERPAY_LIMIT (Op:0.3100 > L:0.0136, Cost:$1.55)",,,,,,,,5.0,10.0,,,,,0,0,,,Inv: 5.0/10.0 CapLeft: 35.0,,,5.0,10.0,15.0,35.0,50.0,0.0,50.0,0.96,0.040000000000000036,-5.0,0.45999999999999996,0.85,0.31000000000000005,5.0,1.5500000000000003,0.013630955433845519,OVERPAY_LIMIT
1765987811.6421902,eth-updown-15m-1765987200,1765987200.0,1765988100.0,,288.3578097820282,,,,,0,0,0.9,0.98,ORDERS_OPEN,,,,,,,,,,,,,,0,5,,,,,,,,,,,,,,,,,,,,,,,,,,,,0.0,0.0,,,,,0,0,,,Inv: 0.0/0.0 CapLeft: 50.0,,,0.0,0.0,0.0,50.0,50.0,0.0,50.0,0.9,0.09999999999999998,0.0,0.0,0.0,0.0,0.0,0.0,0.0,
1765987812.1024938,eth-updown-15m-1765987200,1765987200.0,1765988100.0,,287.89750623703003,,,,,0,0,0.98,0.98,ONE_LEG_INVENTORY,,,,,,,,,,,,,,0,5,,,,,,,,,,,,,,,,,,,,"RECONSTRUCT_BLOCKED: OVERPAY_LIMIT (Op:0.3100 > L:0.0137, Cost:$1.55)",,,,,,,,5.0,10.0,,,,,0,0,,,Inv: 5.0/10.0 CapLeft: 35.0,,,5.0,10.0,15.0,35.0,50.0,0.0,50.0,0.96,0.040000000000000036,-5.0,0.45999999999999996,0.85,0.31000000000000005,5.0,1.5500000000000003,0.013703843516111373,OVERPAY_LIMIT
1765987812.1024938,eth-updown-15m-1765987200,1765987200.0,1765988100.0,,287.89750623703003,,,,,0,0,0.98,0.98,ONE_LEG_INVENTORY,,,,,,,,,,,,,,0,5,,,,,,,,,,,,,,,,,,,,"RECONSTRUCT_BLOCKED: OVERPAY_LIMIT (Op:0.3100 > L:0.0137, Cost:$1.55)",,,,,,,,5.0,10.0,,,,,0,0,,,Inv: 5.0/10.0 CapLeft: 35.0,,,5.0,10.0,15.0,35.0,50.0,0.0,50.0,0.96,0.040000000000000036,-5.0,0.45999999999999996,0.85,0.31000000000000005,5.0,1.5500000000000003,0.013703843516111373,OVERPAY_LIMIT
1765987814.0592813,eth-updown-15m-1765987200,1765987200.0,1765988100.0,,285.94071865081787,,,,,0,0,0.98,0.98,ONE_LEG_INVENTORY,,,,,,,,,,,,,,0,5,,,,,,,,,,,,,,,,,,,,"RECONSTRUCT_BLOCKED: OVERPAY_LIMIT (Op:0.3200 > L:0.0138, Cost:$1.60)",,,,,,,,5.0,10.0,,,,,0,0,,,Inv: 5.0/10.0 CapLeft: 35.0,,,5.0,10.0,15.0,35.0,50.0,0.0,50.0,0.96,0.040000000000000036,-5.0,0.45999999999999996,0.86,0.31999999999999984,5.0,1.5999999999999992,0.013777223050594329,OVERPAY_LIMIT
1765987814.0592813,eth-updown-15m-1765987200,1765987200.0,1765988100.0,,285.94071865081787,,,,,0,0,0.98,0.98,ONE_LEG_INVENTORY,,,,,,,,,,,,,,0,5,,,,,,,,,,,,,,,,,,,,"RECONSTRUCT_BLOCKED: OVERPAY_LIMIT (Op:0.3200 > L:0.0138, Cost:$1.60)",,,,,,,,5.0,10.0,,,,,0,0,,,Inv: 5.0/10.0 CapLeft: 35.0,,,5.0,10.0,15.0,35.0,50.0,0.0,50.0,0.96,0.040000000000000036,-5.0,0.45999999999999996,0.86,0.31999999999999984,5.0,1.5999999999999992,0.013777223050594329,OVERPAY_LIMIT
1765987814.6446893,eth-updown-15m-1765987200,1765987200.0,1765988100.0,,285.35531067848206,,,,,0.45,0.45,0.9,0.98,ORDERS_OPEN,,,,,,,,,,,,,,5,5,,,,,,,,,,,,,,,,,,,,Leg:BOTH UP:5 DOWN:5,,,,,,,,0.0,0.0,,,,,0,0,,,Inv: 0.0/0.0 CapLeft: 50.0,,,0.0,0.0,0.0,50.0,50.0,0.0,50.0,0.9,0.09999999999999998,0.0,0.0,0.0,0.0,0.0,0.0,0.0,
1765987816.1465487,eth-updown-15m-1765987200,1765987200.0,1765988100.0,,283.85345125198364,,,,,0,0,0.9,0.98,ORDERS_OPEN,,,,,,,,,,,,,,0,5,,,,,,,,,,,,,,,,,,,,,,,,,,,,0.0,0.0,,,,,0,0,,,Inv: 0.0/0.0 CapLeft: 50.0,,,0.0,0.0,0.0,50.0,50.0,0.0,50.0,0.9,0.09999999999999998,0.0,0.0,0.0,0.0,0.0,0.0,0.0,
1765987816.0431664,eth-updown-15m-1765987200,1765987200.0,1765988100.0,,283.9568336009979,,,,,0,0,0.99,0.98,ONE_LEG_INVENTORY,,,,,,,,,,,,,,0,5,,,,,,,,,,,,,,,,,,,,"RECONSTRUCT_BLOCKED: OVERPAY_LIMIT (Op:0.3200 > L:0.0139, Cost:$1.60)",,,,,,,,5.0,10.0,,,,,0,0,,,Inv: 5.0/10.0 CapLeft: 35.0,,,5.0,10.0,15.0,35.0,50.0,0.0,50.0,0.96,0.040000000000000036,-5.0,0.45999999999999996,0.86,0.31999999999999984,5.0,1.5999999999999992,0.013851618739962577,OVERPAY_LIMIT
1765987816.0431664,eth-updown-15m-1765987200,1765987200.0,1765988100.0,,283.9568336009979,,,,,0,0,0.99,0.98,ONE_LEG_INVENTORY,,,,,,,,,,,,,,0,5,,,,,,,,,,,,,,,,,,,,"RECONSTRUCT_BLOCKED: OVERPAY_LIMIT (Op:0.3200 > L:0.0139, Cost:$1.60)",,,,,,,,5.0,10.0,,,,,0,0,,,Inv: 5.0/10.0 CapLeft: 35.0,,,5.0,10.0,15.0,35.0,50.0,0.0,50.0,0.96,0.040000000000000036,-5.0,0.45999999999999996,0.86,0.31999999999999984,5.0,1.5999999999999992,0.013851618739962577,OVERPAY_LIMIT
1765987817.6483774,eth-updown-15m-1765987200,1765987200.0,1765988100.0,,282.35162258148193,,,,,0,0,0.9,0.98,ORDERS_OPEN,,,,,,,,,,,,,,0,5,,,,,,,,,,,,,,,,,,,,,,,,,,,,0.0,0.0,,,,,0,0,,,Inv: 0.0/0.0 CapLeft: 50.0,,,0.0,0.0,0.0,50.0,50.0,0.0,50.0,0.9,0.09999999999999998,0.0,0.0,0.0,0.0,0.0,0.0,0.0,
1765987817.978599,eth-updown-15m-1765987200,1765987200.0,1765988100.0,,282.0214009284973,,,,,0,0,0.99,0.98,ONE_LEG_INVENTORY,,,,,,,,,,,,,,0,5,,,,,,,,,,,,,,,,,,,,"RECONSTRUCT_BLOCKED: OVERPAY_LIMIT (Op:0.3200 > L:0.0139, Cost:$1.60)",,,,,,,,5.0,10.0,,,,,0,0,,,Inv: 5.0/10.0 CapLeft: 35.0,,,5.0,10.0,15.0,35.0,50.0,0.0,50.0,0.96,0.040000000000000036,-5.0,0.45999999999999996,0.86,0.31999999999999984,5.0,1.5999999999999992,0.01392419746518135,OVERPAY_LIMIT
1765987817.978599,eth-updown-15m-1765987200,1765987200.0,1765988100.0,,282.0214009284973,,,,,0,0,0.99,0.98,ONE_LEG_INVENTORY,,,,,,,,,,,,,,0,5,,,,,,,,,,,,,,,,,,,,"RECONSTRUCT_BLOCKED: OVERPAY_LIMIT (Op:0.3200 > L:0.0139, Cost:$1.60)",,,,,,,,5.0,10.0,,,,,0,0,,,Inv: 5.0/10.0 CapLeft: 35.0,,,5.0,10.0,15.0,35.0,50.0,0.0,50.0,0.96,0.040000000000000036,-5.0,0.45999999999999996,0.86,0.31999999999999984,5.0,1.5999999999999992,0.01392419746518135,OVERPAY_LIMIT
1765987819.1497056,eth-updown-15m-1765987200,1765987200.0,1765988100.0,,280.85029435157776,,,,,0,0,0.9,0.98,ORDERS_OPEN,,,,,,,,,,,,,,0,5,,,,,,,,,,,,,,,,,,,,,,,,,,,,0.0,0.0,,,,,0,0,,,Inv: 0.0/0.0 CapLeft: 50.0,,,0.0,0.0,0.0,50.0,50.0,0.0,50.0,0.9,0.09999999999999998,0.0,0.0,0.0,0.0,0.0,0.0,0.0,
1765987819.9391987,eth-updown-15m-1765987200,1765987200.0,1765988100.0,,280.0608012676239,,,,,0,0,0.99,0.98,ONE_LEG_INVENTORY,,,,,,,,,,,,,,0,5,,,,,,,,,,,,,,,,,,,,"RECONSTRUCT_BLOCKED: OVERPAY_LIMIT (Op:0.2800 > L:0.0140, Cost:$1.40)",,,,,,,,5.0,10.0,,,,,0,0,,,Inv: 5.0/10.0 CapLeft: 35.0,,,5.0,10.0,15.0,35.0,50.0,0.0,50.0,0.96,0.040000000000000036,-5.0,0.45999999999999996,0.82,0.2799999999999998,5.0,1.399999999999999,0.013997719952464103,OVERPAY_LIMIT
1765987819.9391987,eth-updown-15m-1765987200,1765987200.0,1765988100.0,,280.0608012676239,,,,,0,0,0.99,0.98,ONE_LEG_INVENTORY,,,,,,,,,,,,,,0,5,,,,,,,,,,,,,,,,,,,,"RECONSTRUCT_BLOCKED: OVERPAY_LIMIT (Op:0.2800 > L:0.0140, Cost:$1.40)",,,,,,,,5.0,10.0,,,,,0,0,,,Inv: 5.0/10.0 CapLeft: 35.0,,,5.0,10.0,15.0,35.0,50.0,0.0,50.0,0.96,0.040000000000000036,-5.0,0.45999999999999996,0.82,0.2799999999999998,5.0,1.399999999999999,0.013997719952464103,OVERPAY_LIMIT
1765987820.6509795,eth-updown-15m-1765987200,1765987200.0,1765988100.0,,279.3490204811096,,,,,0,0,0.9,0.98,ORDERS_OPEN,,,,,,,,,,,,,,0,5,,,,,,,,,,,,,,,,,,,,,,,,,,,,0.0,0.0,,,,,0,0,,,Inv: 0.0/0.0 CapLeft: 50.0,,,0.0,0.0,0.0,50.0,50.0,0.0,50.0,0.9,0.09999999999999998,0.0,0.0,0.0,0.0,0.0,0.0,0.0,
1765987822.1529717,eth-updown-15m-1765987200,1765987200.0,1765988100.0,,277.84702825546265,,,,,0,0,0.9,0.98,ORDERS_OPEN,,,,,,,,,,,,,,0,5,,,,,,,,,,,,,,,,,,,,,,,,,,,,0.0,0.0,,,,,0,0,,,Inv: 0.0/0.0 CapLeft: 50.0,,,0.0,0.0,0.0,50.0,50.0,0.0,50.0,0.9,0.09999999999999998,0.0,0.0,0.0,0.0,0.0,0.0,0.0,
1765987821.9020119,eth-updown-15m-1765987200,1765987200.0,1765988100.0,,278.0979881286621,,,,,0,0,0.97,0.98,ONE_LEG_INVENTORY,,,,,,,,,,,,,,0,5,,,,,,,,,,,,,,,,,,,,"RECONSTRUCT_BLOCKED: OVERPAY_LIMIT (Op:0.3000 > L:0.0141, Cost:$1.50)",,,,,,,,5.0,10.0,,,,,0,0,,,Inv: 5.0/10.0 CapLeft: 35.0,,,5.0,10.0,15.0,35.0,50.0,0.0,50.0,0.96,0.040000000000000036,-5.0,0.45999999999999996,0.84,0.2999999999999998,5.0,1.4999999999999991,0.01407132544517517,OVERPAY_LIMIT
1765987821.9020119,eth-updown-15m-1765987200,1765987200.0,1765988100.0,,278.0979881286621,,,,,0,0,0.97,0.98,ONE_LEG_INVENTORY,,,,,,,,,,,,,,0,5,,,,,,,,,,,,,,,,,,,,"RECONSTRUCT_BLOCKED: OVERPAY_LIMIT (Op:0.3000 > L:0.0141, Cost:$1.50)",,,,,,,,5.0,10.0,,,,,0,0,,,Inv: 5.0/10.0 CapLeft: 35.0,,,5.0,10.0,15.0,35.0,50.0,0.0,50.0,0.96,0.040000000000000036,-5.0,0.45999999999999996,0.84,0.2999999999999998,5.0,1.4999999999999991,0.01407132544517517,OVERPAY_LIMIT
1765987823.6553152,eth-updown-15m-1765987200,1765987200.0,1765988100.0,,276.34468483924866,,,,,0,0,0.9,0.98,ORDERS_OPEN,,,,,,,,,,,,,,0,5,,,,,,,,,,,,,,,,,,,,,,,,,,,,0.0,0.0,,,,,0,0,,,Inv: 0.0/0.0 CapLeft: 50.0,,,0.0,0.0,0.0,50.0,50.0,0.0,50.0,0.9,0.09999999999999998,0.0,0.0,0.0,0.0,0.0,0.0,0.0,
1765987823.9004793,eth-updown-15m-1765987200,1765987200.0,1765988100.0,,276.0995206832886,,,,,0,0,0.97,0.98,ONE_LEG_INVENTORY,,,,,,,,,,,,,,0,5,,,,,,,,,,,,,,,,,,,,"RECONSTRUCT_BLOCKED: OVERPAY_LIMIT (Op:0.3000 > L:0.0141, Cost:$1.50)",,,,,,,,5.0,10.0,,,,,0,0,,,Inv: 5.0/10.0 CapLeft: 35.0,,,5.0,10.0,15.0,35.0,50.0,0.0,50.0,0.96,0.040000000000000036,-5.0,0.45999999999999996,0.84,0.2999999999999998,5.0,1.4999999999999991,0.014146267974376677,OVERPAY_LIMIT
1765987823.9004793,eth-updown-15m-1765987200,1765987200.0,1765988100.0,,276.0995206832886,,,,,0,0,0.97,0.98,ONE_LEG_INVENTORY,,,,,,,,,,,,,,0,5,,,,,,,,,,,,,,,,,,,,"RECONSTRUCT_BLOCKED: OVERPAY_LIMIT (Op:0.3000 > L:0.0141, Cost:$1.50)",,,,,,,,5.0,10.0,,,,,0,0,,,Inv: 5.0/10.0 CapLeft: 35.0,,,5.0,10.0,15.0,35.0,50.0,0.0,50.0,0.96,0.040000000000000036,-5.0,0.45999999999999996,0.84,0.2999999999999998,5.0,1.4999999999999991,0.014146267974376677,OVERPAY_LIMIT
1765987825.1567643,eth-updown-15m-1765987200,1765987200.0,1765988100.0,,274.8432357311249,,,,,0,0,0.9,0.98,ORDERS_OPEN,,,,,,,,,,,,,,0,5,,,,,,,,,,,,,,,,,,,,,,,,,,,,0.0,0.0,,,,,0,0,,,Inv: 0.0/0.0 CapLeft: 50.0,,,0.0,0.0,0.0,50.0,50.0,0.0,50.0,0.9,0.09999999999999998,0.0,0.0,0.0,0.0,0.0,0.0,0.0,
1765987825.8314378,eth-updown-15m-1765987200,1765987200.0,1765988100.0,,274.1685621738434,,,,,0,0,0.97,0.98,ONE_LEG_INVENTORY,,,,,,,,,,,,,,0,5,,,,,,,,,,,,,,,,,,,,"RECONSTRUCT_BLOCKED: OVERPAY_LIMIT (Op:0.3200 > L:0.0142, Cost:$1.60)",,,,,,,,5.0,10.0,,,,,0,0,,,Inv: 5.0/10.0 CapLeft: 35.0,,,5.0,10.0,15.0,35.0,50.0,0.0,50.0,0.96,0.040000000000000036,-5.0,0.45999999999999996,0.86,0.31999999999999984,5.0,1.5999999999999992,0.014218678918480871,OVERPAY_LIMIT
1765987825.8314378,eth-updown-15m-1765987200,1765987200.0,1765988100.0,,274.1685621738434,,,,,0,0,0.97,0.98,ONE_LEG_INVENTORY,,,,,,,,,,,,,,0,5,,,,,,,,,,,,,,,,,,,,"RECONSTRUCT_BLOCKED: OVERPAY_LIMIT (Op:0.3200 > L:0.0142, Cost:$1.60)",,,,,,,,5.0,10.0,,,,,0,0,,,Inv: 5.0/10.0 CapLeft: 35.0,,,5.0,10.0,15.0,35.0,50.0,0.0,50.0,0.96,0.040000000000000036,-5.0,0.45999999999999996,0.86,0.31999999999999984,5.0,1.5999999999999992,0.014218678918480871,OVERPAY_LIMIT
1765987826.658025,eth-updown-15m-1765987200,1765987200.0,1765988100.0,,273.3419749736786,,,,,0,0,0.9,0.98,ORDERS_OPEN,,,,,,,,,,,,,,0,5,,,,,,,,,,,,,,,,,,,,,,,,,,,,0.0,0.0,,,,,0,0,,,Inv: 0.0/0.0 CapLeft: 50.0,,,0.0,0.0,0.0,50.0,50.0,0.0,50.0,0.9,0.09999999999999998,0.0,0.0,0.0,0.0,0.0,0.0,0.0,
1765987828.1595387,eth-updown-15m-1765987200,1765987200.0,1765988100.0,,271.8404612541199,,,,,0,0,0.9,0.98,ORDERS_OPEN,,,,,,,,,,,,,,0,5,,,,,,,,,,,,,,,,,,,,,,,,,,,,0.0,0.0,,,,,0,0,,,Inv: 0.0/0.0 CapLeft: 50.0,,,0.0,0.0,0.0,50.0,50.0,0.0,50.0,0.9,0.09999999999999998,0.0,0.0,0.0,0.0,0.0,0.0,0.0,
1765987827.7738588,eth-updown-15m-1765987200,1765987200.0,1765988100.0,,272.2261412143707,,,,,0,0,0.97,0.98,ONE_LEG_INVENTORY,,,,,,,,,,,,,,0,5,,,,,,,,,,,,,,,,,,,,"RECONSTRUCT_BLOCKED: OVERPAY_LIMIT (Op:0.3300 > L:0.0143, Cost:$1.65)",,,,,,,,5.0,10.0,,,,,0,0,,,Inv: 5.0/10.0 CapLeft: 35.0,,,5.0,10.0,15.0,35.0,50.0,0.0,50.0,0.96,0.040000000000000036,-5.0,0.45999999999999996,0.87,0.33000000000000007,5.0,1.6500000000000004,0.014291519704461096,OVERPAY_LIMIT
1765987827.7738588,eth-updown-15m-1765987200,1765987200.0,1765988100.0,,272.2261412143707,,,,,0,0,0.97,0.98,ONE_LEG_INVENTORY,,,,,,,,,,,,,,0,5,,,,,,,,,,,,,,,,,,,,"RECONSTRUCT_BLOCKED: OVERPAY_LIMIT (Op:0.3300 > L:0.0143, Cost:$1.65)",,,,,,,,5.0,10.0,,,,,0,0,,,Inv: 5.0/10.0 CapLeft: 35.0,,,5.0,10.0,15.0,35.0,50.0,0.0,50.0,0.96,0.040000000000000036,-5.0,0.45999999999999996,0.87,0.33000000000000007,5.0,1.6500000000000004,0.014291519704461096,OVERPAY_LIMIT
1765987829.7110715,eth-updown-15m-1765987200,1765987200.0,1765988100.0,,270.28892850875854,,,,,0,0,0.98,0.98,ONE_LEG_INVENTORY,,,,,,,,,,,,,,0,5,,,,,,,,,,,,,,,,,,,,"RECONSTRUCT_BLOCKED: OVERPAY_LIMIT (Op:0.3500 > L:0.0144, Cost:$1.75)",,,,,,,,5.0,10.0,,,,,0,0,,,Inv: 5.0/10.0 CapLeft: 35.0,,,5.0,10.0,15.0,35.0,50.0,0.0,50.0,0.96,0.040000000000000036,-5.0,0.45999999999999996,0.89,0.3500000000000001,5.0,1.7500000000000004,0.014364165180921554,OVERPAY_LIMIT
1765987829.7110715,eth-updown-15m-1765987200,1765987200.0,1765988100.0,,270.28892850875854,,,,,0,0,0.98,0.98,ONE_LEG_INVENTORY,,,,,,,,,,,,,,0,5,,,,,,,,,,,,,,,,,,,,"RECONSTRUCT_BLOCKED: OVERPAY_LIMIT (Op:0.3500 > L:0.0144, Cost:$1.75)",,,,,,,,5.0,10.0,,,,,0,0,,,Inv: 5.0/10.0 CapLeft: 35.0,,,5.0,10.0,15.0,35.0,50.0,0.0,50.0,0.96,0.040000000000000036,-5.0,0.45999999999999996,0.89,0.3500000000000001,5.0,1.7500000000000004,0.014364165180921554,OVERPAY_LIMIT
1765987831.1628969,eth-updown-15m-1765987200,1765987200.0,1765988100.0,,268.8371031284332,,,,,0.45,0.45,0.9,0.98,ORDERS_OPEN,,,,,,,,,,,,,,5,5,,,,,,,,,,,,,,,,,,,,Leg:BOTH UP:5 DOWN:5,,,,,,,,0.0,0.0,,,,,0,0,,,Inv: 0.0/0.0 CapLeft: 50.0,,,0.0,0.0,0.0,50.0,50.0,0.0,50.0,0.9,0.09999999999999998,0.0,0.0,0.0,0.0,0.0,0.0,0.0,
1765987831.658814,eth-updown-15m-1765987200,1765987200.0,1765988100.0,,268.34118604660034,,,,,0,0,0.98,0.98,ONE_LEG_INVENTORY,,,,,,,,,,,,,,0,5,,,,,,,,,,,,,,,,,,,,"RECONSTRUCT_BLOCKED: OVERPAY_LIMIT (Op:0.3400 > L:0.0144, Cost:$1.70)",,,,,,,,5.0,10.0,,,,,0,0,,,Inv: 5.0/10.0 CapLeft: 35.0,,,5.0,10.0,15.0,35.0,50.0,0.0,50.0,0.96,0.040000000000000036,-5.0,0.45999999999999996,0.88,0.33999999999999986,5.0,1.6999999999999993,0.014437205523252486,OVERPAY_LIMIT
1765987831.658814,eth-updown-15m-1765987200,1765987200.0,1765988100.0,,268.34118604660034,,,,,0,0,0.98,0.98,ONE_LEG_INVENTORY,,,,,,,,,,,,,,0,5,,,,,,,,,,,,,,,,,,,,"RECONSTRUCT_BLOCKED: OVERPAY_LIMIT (Op:0.3400 > L:0.0144, Cost:$1.70)",,,,,,,,5.0,10.0,,,,,0,0,,,Inv: 5.0/10.0 CapLeft: 35.0,,,5.0,10.0,15.0,35.0,50.0,0.0,50.0,0.96,0.040000000000000036,-5.0,0.45999999999999996,0.88,0.33999999999999986,5.0,1.6999999999999993,0.014437205523252486,OVERPAY_LIMIT
1765987832.6678207,eth-updown-15m-1765987200,1765987200.0,1765988100.0,,267.3321793079376,,,,,0,0,0.9,0.98,ORDERS_OPEN,,,,,,,,,,,,,,0,5,,,,,,,,,,,,,,,,,,,,,,,,,,,,0.0,0.0,,,,,0,0,,,Inv: 0.0/0.0 CapLeft: 50.0,,,0.0,0.0,0.0,50.0,50.0,0.0,50.0,0.9,0.09999999999999998,0.0,0.0,0.0,0.0,0.0,0.0,0.0,
1765987834.1701207,eth-updown-15m-1765987200,1765987200.0,1765988100.0,,265.82987928390503,,,,,0,0,0.9,0.98,ORDERS_OPEN,,,,,,,,,,,,,,0,5,,,,,,,,,,,,,,,,,,,,,,,,,,,,0.0,0.0,,,,,0,0,,,Inv: 0.0/0.0 CapLeft: 50.0,,,0.0,0.0,0.0,50.0,50.0,0.0,50.0,0.9,0.09999999999999998,0.0,0.0,0.0,0.0,0.0,0.0,0.0,
1765987833.6823351,eth-updown-15m-1765987200,1765987200.0,1765988100.0,,266.3176648616791,,,,,0,0,0.98,0.98,ONE_LEG_INVENTORY,,,,,,,,,,,,,,0,5,,,,,,,,,,,,,,,,,,,,"RECONSTRUCT_BLOCKED: OVERPAY_LIMIT (Op:0.3500 > L:0.0145, Cost:$1.75)",,,,,,,,5.0,10.0,,,,,0,0,,,Inv: 5.0/10.0 CapLeft: 35.0,,,5.0,10.0,15.0,35.0,50.0,0.0,50.0,0.96,0.040000000000000036,-5.0,0.45999999999999996,0.89,0.3500000000000001,5.0,1.7500000000000004,0.014513087567687034,OVERPAY_LIMIT
1765987833.6823351,eth-updown-15m-1765987200,1765987200.0,1765988100.0,,266.3176648616791,,,,,0,0,0.98,0.98,ONE_LEG_INVENTORY,,,,,,,,,,,,,,0,5,,,,,,,,,,,,,,,,,,,,"RECONSTRUCT_BLOCKED: OVERPAY_LIMIT (Op:0.3500 > L:0.0145, Cost:$1.75)",,,,,,,,5.0,10.0,,,,,0,0,,,Inv: 5.0/10.0 CapLeft: 35.0,,,5.0,10.0,15.0,35.0,50.0,0.0,50.0,0.96,0.040000000000000036,-5.0,0.45999999999999996,0.89,0.3500000000000001,5.0,1.7500000000000004,0.014513087567687034,OVERPAY_LIMIT
1765987835.6717424,eth-updown-15m-1765987200,1765987200.0,1765988100.0,,264.32825756073,,,,,0,0,0.9,0.98,ORDERS_OPEN,,,,,,,,,,,,,,0,5,,,,,,,,,,,,,,,,,,,,,,,,,,,,0.0,0.0,,,,,0,0,,,Inv: 0.0/0.0 CapLeft: 50.0,,,0.0,0.0,0.0,50.0,50.0,0.0,50.0,0.9,0.09999999999999998,0.0,0.0,0.0,0.0,0.0,0.0,0.0,
1765987835.6816103,eth-updown-15m-1765987200,1765987200.0,1765988100.0,,264.31838965415955,,,,,0,0,0.98,0.98,ONE_LEG_INVENTORY,,,,,,,,,,,,,,0,5,,,,,,,,,,,,,,,,,,,,"RECONSTRUCT_BLOCKED: OVERPAY_LIMIT (Op:0.3400 > L:0.0146, Cost:$1.70)",,,,,,,,5.0,10.0,,,,,0,0,,,Inv: 5.0/10.0 CapLeft: 35.0,,,5.0,10.0,15.0,35.0,50.0,0.0,50.0,0.96,0.040000000000000036,-5.0,0.45999999999999996,0.88,0.33999999999999986,5.0,1.6999999999999993,0.014588060387969016,OVERPAY_LIMIT
1765987835.6816103,eth-updown-15m-1765987200,1765987200.0,1765988100.0,,264.31838965415955,,,,,0,0,0.98,0.98,ONE_LEG_INVENTORY,,,,,,,,,,,,,,0,5,,,,,,,,,,,,,,,,,,,,"RECONSTRUCT_BLOCKED: OVERPAY_LIMIT (Op:0.3400 > L:0.0146, Cost:$1.70)",,,,,,,,5.0,10.0,,,,,0,0,,,Inv: 5.0/10.0 CapLeft: 35.0,,,5.0,10.0,15.0,35.0,50.0,0.0,50.0,0.96,0.040000000000000036,-5.0,0.45999999999999996,0.88,0.33999999999999986,5.0,1.6999999999999993,0.014588060387969016,OVERPAY_LIMIT
1765987837.174084,eth-updown-15m-1765987200,1765987200.0,1765988100.0,,262.8259160518646,,,,,0,0,0.9,0.98,ORDERS_OPEN,,,,,,,,,,,,,,0,5,,,,,,,,,,,,,,,,,,,,,,,,,,,,0.0,0.0,,,,,0,0,,,Inv: 0.0/0.0 CapLeft: 50.0,,,0.0,0.0,0.0,50.0,50.0,0.0,50.0,0.9,0.09999999999999998,0.0,0.0,0.0,0.0,0.0,0.0,0.0,
1765987837.6414006,eth-updown-15m-1765987200,1765987200.0,1765988100.0,,262.3585994243622,,,,,0,0,0.98,0.98,ONE_LEG_INVENTORY,,,,,,,,,,,,,,0,5,,,,,,,,,,,,,,,,,,,,"RECONSTRUCT_BLOCKED: OVERPAY_LIMIT (Op:0.3500 > L:0.0147, Cost:$1.75)",,,,,,,,5.0,10.0,,,,,0,0,,,Inv: 5.0/10.0 CapLeft: 35.0,,,5.0,10.0,15.0,35.0,50.0,0.0,50.0,0.96,0.040000000000000036,-5.0,0.45999999999999996,0.89,0.3500000000000001,5.0,1.7500000000000004,0.014661552521586418,OVERPAY_LIMIT
1765987837.6414006,eth-updown-15m-1765987200,1765987200.0,1765988100.0,,262.3585994243622,,,,,0,0,0.98,0.98,ONE_LEG_INVENTORY,,,,,,,,,,,,,,0,5,,,,,,,,,,,,,,,,,,,,"RECONSTRUCT_BLOCKED: OVERPAY_LIMIT (Op:0.3500 > L:0.0147, Cost:$1.75)",,,,,,,,5.0,10.0,,,,,0,0,,,Inv: 5.0/10.0 CapLeft: 35.0,,,5.0,10.0,15.0,35.0,50.0,0.0,50.0,0.96,0.040000000000000036,-5.0,0.45999999999999996,0.89,0.3500000000000001,5.0,1.7500000000000004,0.014661552521586418,OVERPAY_LIMIT
1765987838.676127,eth-updown-15m-1765987200,1765987200.0,1765988100.0,,261.3238730430603,,,,,0,0,0.9,0.98,ORDERS_OPEN,,,,,,,,,,,,,,0,5,,,,,,,,,,,,,,,,,,,,,,,,,,,,0.0,0.0,,,,,0,0,,,Inv: 0.0/0.0 CapLeft: 50.0,,,0.0,0.0,0.0,50.0,50.0,0.0,50.0,0.9,0.09999999999999998,0.0,0.0,0.0,0.0,0.0,0.0,0.0,
1765987839.5809846,eth-updown-15m-1765987200,1765987200.0,1765988100.0,,260.41901540756226,,,,,0,0,0.98,0.98,ONE_LEG_INVENTORY,,,,,,,,,,,,,,0,5,,,,,,,,,,,,,,,,,,,,"RECONSTRUCT_BLOCKED: OVERPAY_LIMIT (Op:0.3400 > L:0.0147, Cost:$1.70)",,,,,,,,5.0,10.0,,,,,0,0,,,Inv: 5.0/10.0 CapLeft: 35.0,,,5.0,10.0,15.0,35.0,50.0,0.0,50.0,0.96,0.040000000000000036,-5.0,0.45999999999999996,0.88,0.33999999999999986,5.0,1.6999999999999993,0.014734286922216414,OVERPAY_LIMIT
1765987839.5809846,eth-updown-15m-1765987200,1765987200.0,1765988100.0,,260.41901540756226,,,,,0,0,0.98,0.98,ONE_LEG_INVENTORY,,,,,,,,,,,,,,0,5,,,,,,,,,,,,,,,,,,,,"RECONSTRUCT_BLOCKED: OVERPAY_LIMIT (Op:0.3400 > L:0.0147, Cost:$1.70)",,,,,,,,5.0,10.0,,,,,0,0,,,Inv: 5.0/10.0 CapLeft: 35.0,,,5.0,10.0,15.0,35.0,50.0,0.0,50.0,0.96,0.040000000000000036,-5.0,0.45999999999999996,0.88,0.33999999999999986,5.0,1.6999999999999993,0.014734286922216414,OVERPAY_LIMIT
1765987840.177539,eth-updown-15m-1765987200,1765987200.0,1765988100.0,,259.8224608898163,,,,,0,0,0.9,0.98,ORDERS_OPEN,,,,,,,,,,,,,,0,5,,,,,,,,,,,,,,,,,,,,,,,,,,,,0.0,0.0,,,,,0,0,,,Inv: 0.0/0.0 CapLeft: 50.0,,,0.0,0.0,0.0,50.0,50.0,0.0,50.0,0.9,0.09999999999999998,0.0,0.0,0.0,0.0,0.0,0.0,0.0,
1765987841.6794655,eth-updown-15m-1765987200,1765987200.0,1765988100.0,,258.32053446769714,,,,,0,0,0.9,0.98,ORDERS_OPEN,,,,,,,,,,,,,,0,5,,,,,,,,,,,,,,,,,,,,,,,,,,,,0.0,0.0,,,,,0,0,,,Inv: 0.0/0.0 CapLeft: 50.0,,,0.0,0.0,0.0,50.0,50.0,0.0,50.0,0.9,0.09999999999999998,0.0,0.0,0.0,0.0,0.0,0.0,0.0,
1765987841.525061,eth-updown-15m-1765987200,1765987200.0,1765988100.0,,258.4749391078949,,,,,0,0,0.98,0.98,ONE_LEG_INVENTORY,,,,,,,,,,,,,,0,5,,,,,,,,,,,,,,,,,,,,"RECONSTRUCT_BLOCKED: OVERPAY_LIMIT (Op:0.3500 > L:0.0148, Cost:$1.75)",,,,,,,,5.0,10.0,,,,,0,0,,,Inv: 5.0/10.0 CapLeft: 35.0,,,5.0,10.0,15.0,35.0,50.0,0.0,50.0,0.96,0.040000000000000036,-5.0,0.45999999999999996,0.89,0.3500000000000001,5.0,1.7500000000000004,0.01480718978345394,OVERPAY_LIMIT
1765987841.525061,eth-updown-15m-1765987200,1765987200.0,1765988100.0,,258.4749391078949,,,,,0,0,0.98,0.98,ONE_LEG_INVENTORY,,,,,,,,,,,,,,0,5,,,,,,,,,,,,,,,,,,,,"RECONSTRUCT_BLOCKED: OVERPAY_LIMIT (Op:0.3500 > L:0.0148, Cost:$1.75)",,,,,,,,5.0,10.0,,,,,0,0,,,Inv: 5.0/10.0 CapLeft: 35.0,,,5.0,10.0,15.0,35.0,50.0,0.0,50.0,0.96,0.040000000000000036,-5.0,0.45999999999999996,0.89,0.3500000000000001,5.0,1.7500000000000004,0.01480718978345394,OVERPAY_LIMIT
1765987843.1813037,eth-updown-15m-1765987200,1765987200.0,1765988100.0,,256.81869626045227,,,,,0,0,0.9,0.98,ORDERS_OPEN,,,,,,,,,,,,,,0,5,,,,,,,,,,,,,,,,,,,,,,,,,,,,0.0,0.0,,,,,0,0,,,Inv: 0.0/0.0 CapLeft: 50.0,,,0.0,0.0,0.0,50.0,50.0,0.0,50.0,0.9,0.09999999999999998,0.0,0.0,0.0,0.0,0.0,0.0,0.0,
1765987843.4645798,eth-updown-15m-1765987200,1765987200.0,1765988100.0,,256.53542017936707,,,,,0,0,0.98,0.98,ONE_LEG_INVENTORY,,,,,,,,,,,,,,0,5,,,,,,,,,,,,,,,,,,,,"RECONSTRUCT_BLOCKED: OVERPAY_LIMIT (Op:0.3400 > L:0.0149, Cost:$1.70)",,,,,,,,5.0,10.0,,,,,0,0,,,Inv: 5.0/10.0 CapLeft: 35.0,,,5.0,10.0,15.0,35.0,50.0,0.0,50.0,0.96,0.040000000000000036,-5.0,0.45999999999999996,0.88,0.33999999999999986,5.0,1.6999999999999993,0.014879921743273733,OVERPAY_LIMIT
1765987843.4645798,eth-updown-15m-1765987200,1765987200.0,1765988100.0,,256.53542017936707,,,,,0,0,0.98,0.98,ONE_LEG_INVENTORY,,,,,,,,,,,,,,0,5,,,,,,,,,,,,,,,,,,,,"RECONSTRUCT_BLOCKED: OVERPAY_LIMIT (Op:0.3400 > L:0.0149, Cost:$1.70)",,,,,,,,5.0,10.0,,,,,0,0,,,Inv: 5.0/10.0 CapLeft: 35.0,,,5.0,10.0,15.0,35.0,50.0,0.0,50.0,0.96,0.040000000000000036,-5.0,0.45999999999999996,0.88,0.33999999999999986,5.0,1.6999999999999993,0.014879921743273733,OVERPAY_LIMIT
1765987844.68299,eth-updown-15m-1765987200,1765987200.0,1765988100.0,,255.31700992584229,,,,,0,0,0.9,0.98,ORDERS_OPEN,,,,,,,,,,,,,,0,5,,,,,,,,,,,,,,,,,,,,,,,,,,,,0.0,0.0,,,,,0,0,,,Inv: 0.0/0.0 CapLeft: 50.0,,,0.0,0.0,0.0,50.0,50.0,0.0,50.0,0.9,0.09999999999999998,0.0,0.0,0.0,0.0,0.0,0.0,0.0,
1765987845.4372864,eth-updown-15m-1765987200,1765987200.0,1765988100.0,,254.56271362304688,,,,,0,0,0.98,0.98,ONE_LEG_INVENTORY,,,,,,,,,,,,,,0,5,,,,,,,,,,,,,,,,,,,,"RECONSTRUCT_BLOCKED: OVERPAY_LIMIT (Op:0.3400 > L:0.0150, Cost:$1.70)",,,,,,,,5.0,10.0,,,,,0,0,,,Inv: 5.0/10.0 CapLeft: 35.0,,,5.0,10.0,15.0,35.0,50.0,0.0,50.0,0.96,0.040000000000000036,-5.0,0.45999999999999996,0.88,0.33999999999999986,5.0,1.6999999999999993,0.014953898239135741,OVERPAY_LIMIT
1765987845.4372864,eth-updown-15m-1765987200,1765987200.0,1765988100.0,,254.56271362304688,,,,,0,0,0.98,0.98,ONE_LEG_INVENTORY,,,,,,,,,,,,,,0,5,,,,,,,,,,,,,,,,,,,,"RECONSTRUCT_BLOCKED: OVERPAY_LIMIT (Op:0.3400 > L:0.0150, Cost:$1.70)",,,,,,,,5.0,10.0,,,,,0,0,,,Inv: 5.0/10.0 CapLeft: 35.0,,,5.0,10.0,15.0,35.0,50.0,0.0,50.0,0.96,0.040000000000000036,-5.0,0.45999999999999996,0.88,0.33999999999999986,5.0,1.6999999999999993,0.014953898239135741,OVERPAY_LIMIT
1765987847.685812,eth-updown-15m-1765987200,1765987200.0,1765988100.0,,252.31418800354004,,,,,0.45,0.45,0.9,0.98,ORDERS_OPEN,,,,,,,,,,,,,,5,5,,,,,,,,,,,,,,,,,,,,Leg:BOTH UP:5 DOWN:5,,,,,,,,0.0,0.0,,,,,0,0,,,Inv: 0.0/0.0 CapLeft: 50.0,,,0.0,0.0,0.0,50.0,50.0,0.0,50.0,0.9,0.09999999999999998,0.0,0.0,0.0,0.0,0.0,0.0,0.0,
1765987847.3699496,eth-updown-15m-1765987200,1765987200.0,1765988100.0,,252.6300504207611,,,,,0,0,0.98,0.98,ONE_LEG_INVENTORY,,,,,,,,,,,,,,0,5,,,,,,,,,,,,,,,,,,,,"RECONSTRUCT_BLOCKED: OVERPAY_LIMIT (Op:0.3200 > L:0.0150, Cost:$1.60)",,,,,,,,5.0,10.0,,,,,0,0,,,Inv: 5.0/10.0 CapLeft: 35.0,,,5.0,10.0,15.0,35.0,50.0,0.0,50.0,0.96,0.040000000000000036,-5.0,0.45999999999999996,0.86,0.31999999999999984,5.0,1.5999999999999992,0.015026373109221457,OVERPAY_LIMIT
1765987847.3699496,eth-updown-15m-1765987200,1765987200.0,1765988100.0,,252.6300504207611,,,,,0,0,0.98,0.98,ONE_LEG_INVENTORY,,,,,,,,,,,,,,0,5,,,,,,,,,,,,,,,,,,,,"RECONSTRUCT_BLOCKED: OVERPAY_LIMIT (Op:0.3200 > L:0.0150, Cost:$1.60)",,,,,,,,5.0,10.0,,,,,0,0,,,Inv: 5.0/10.0 CapLeft: 35.0,,,5.0,10.0,15.0,35.0,50.0,0.0,50.0,0.96,0.040000000000000036,-5.0,0.45999999999999996,0.86,0.31999999999999984,5.0,1.5999999999999992,0.015026373109221457,OVERPAY_LIMIT
1765987849.1873472,eth-updown-15m-1765987200,1765987200.0,1765988100.0,,250.8126528263092,,,,,0,0,0.9,0.98,ORDERS_OPEN,,,,,,,,,,,,,,0,5,,,,,,,,,,,,,,,,,,,,,,,,,,,,0.0,0.0,,,,,0,0,,,Inv: 0.0/0.0 CapLeft: 50.0,,,0.0,0.0,0.0,50.0,50.0,0.0,50.0,0.9,0.09999999999999998,0.0,0.0,0.0,0.0,0.0,0.0,0.0,
1765987849.3225951,eth-updown-15m-1765987200,1765987200.0,1765988100.0,,250.67740488052368,,,,,0,0,0.99,0.98,ONE_LEG_INVENTORY,,,,,,,,,,,,,,0,5,,,,,,,,,,,,,,,,,,,,"RECONSTRUCT_BLOCKED: OVERPAY_LIMIT (Op:0.3200 > L:0.0151, Cost:$1.60)",,,,,,,,5.0,10.0,,,,,0,0,,,Inv: 5.0/10.0 CapLeft: 35.0,,,5.0,10.0,15.0,35.0,50.0,0.0,50.0,0.96,0.040000000000000036,-5.0,0.45999999999999996,0.86,0.31999999999999984,5.0,1.5999999999999992,0.015099597316980361,OVERPAY_LIMIT
1765987849.3225951,eth-updown-15m-1765987200,1765987200.0,1765988100.0,,250.67740488052368,,,,,0,0,0.99,0.98,ONE_LEG_INVENTORY,,,,,,,,,,,,,,0,5,,,,,,,,,,,,,,,,,,,,"RECONSTRUCT_BLOCKED: OVERPAY_LIMIT (Op:0.3200 > L:0.0151, Cost:$1.60)",,,,,,,,5.0,10.0,,,,,0,0,,,Inv: 5.0/10.0 CapLeft: 35.0,,,5.0,10.0,15.0,35.0,50.0,0.0,50.0,0.96,0.040000000000000036,-5.0,0.45999999999999996,0.86,0.31999999999999984,5.0,1.5999999999999992,0.015099597316980361,OVERPAY_LIMIT
1765987850.689217,eth-updown-15m-1765987200,1765987200.0,1765988100.0,,249.3107829093933,,,,,0,0,0.9,0.98,ORDERS_OPEN,,,,,,,,,,,,,,0,5,,,,,,,,,,,,,,,,,,,,,,,,,,,,0.0,0.0,,,,,0,0,,,Inv: 0.0/0.0 CapLeft: 50.0,,,0.0,0.0,0.0,50.0,50.0,0.0,50.0,0.9,0.09999999999999998,0.0,0.0,0.0,0.0,0.0,0.0,0.0,
1765987851.4040706,eth-updown-15m-1765987200,1765987200.0,1765988100.0,,248.59592938423157,,,,,0,0,0.99,0.98,ONE_LEG_INVENTORY,,,,,,,,,,,,,,0,5,,,,,,,,,,,,,,,,,,,,"RECONSTRUCT_BLOCKED: OVERPAY_LIMIT (Op:0.3200 > L:0.0152, Cost:$1.60)",,,,,,,,5.0,10.0,,,,,0,0,,,Inv: 5.0/10.0 CapLeft: 35.0,,,5.0,10.0,15.0,35.0,50.0,0.0,50.0,0.96,0.040000000000000036,-5.0,0.45999999999999996,0.86,0.31999999999999984,5.0,1.5999999999999992,0.015177652648091315,OVERPAY_LIMIT
1765987851.4040706,eth-updown-15m-1765987200,1765987200.0,1765988100.0,,248.59592938423157,,,,,0,0,0.99,0.98,ONE_LEG_INVENTORY,,,,,,,,,,,,,,0,5,,,,,,,,,,,,,,,,,,,,"RECONSTRUCT_BLOCKED: OVERPAY_LIMIT (Op:0.3200 > L:0.0152, Cost:$1.60)",,,,,,,,5.0,10.0,,,,,0,0,,,Inv: 5.0/10.0 CapLeft: 35.0,,,5.0,10.0,15.0,35.0,50.0,0.0,50.0,0.96,0.040000000000000036,-5.0,0.45999999999999996,0.86,0.31999999999999984,5.0,1.5999999999999992,0.015177652648091315,OVERPAY_LIMIT
1765987852.190447,eth-updown-15m-1765987200,1765987200.0,1765988100.0,,247.80955290794373,,,,,0,0,0.9,0.98,ORDERS_OPEN,,,,,,,,,,,,,,0,5,,,,,,,,,,,,,,,,,,,,,,,,,,,,0.0,0.0,,,,,0,0,,,Inv: 0.0/0.0 CapLeft: 50.0,,,0.0,0.0,0.0,50.0,50.0,0.0,50.0,0.9,0.09999999999999998,0.0,0.0,0.0,0.0,0.0,0.0,0.0,
1765987853.6917577,eth-updown-15m-1765987200,1765987200.0,1765988100.0,,246.3082423210144,,,,,0,0,0.9,0.98,ORDERS_OPEN,,,,,,,,,,,,,,0,5,,,,,,,,,,,,,,,,,,,,,,,,,,,,0.0,0.0,,,,,0,0,,,Inv: 0.0/0.0 CapLeft: 50.0,,,0.0,0.0,0.0,50.0,50.0,0.0,50.0,0.9,0.09999999999999998,0.0,0.0,0.0,0.0,0.0,0.0,0.0,
1765987853.3592114,eth-updown-15m-1765987200,1765987200.0,1765988100.0,,246.64078855514526,,,,,0,0,0.99,0.98,ONE_LEG_INVENTORY,,,,,,,,,,,,,,0,5,,,,,,,,,,,,,,,,,,,,"RECONSTRUCT_BLOCKED: OVERPAY_LIMIT (Op:0.3200 > L:0.0153, Cost:$1.60)",,,,,,,,5.0,10.0,,,,,0,0,,,Inv: 5.0/10.0 CapLeft: 35.0,,,5.0,10.0,15.0,35.0,50.0,0.0,50.0,0.96,0.040000000000000036,-5.0,0.45999999999999996,0.86,0.31999999999999984,5.0,1.5999999999999992,0.015250970429182052,OVERPAY_LIMIT
1765987853.3592114,eth-updown-15m-1765987200,1765987200.0,1765988100.0,,246.64078855514526,,,,,0,0,0.99,0.98,ONE_LEG_INVENTORY,,,,,,,,,,,,,,0,5,,,,,,,,,,,,,,,,,,,,"RECONSTRUCT_BLOCKED: OVERPAY_LIMIT (Op:0.3200 > L:0.0153, Cost:$1.60)",,,,,,,,5.0,10.0,,,,,0,0,,,Inv: 5.0/10.0 CapLeft: 35.0,,,5.0,10.0,15.0,35.0,50.0,0.0,50.0,0.96,0.040000000000000036,-5.0,0.45999999999999996,0.86,0.31999999999999984,5.0,1.5999999999999992,0.015250970429182052,OVERPAY_LIMIT
1765987855.1936698,eth-updown-15m-1765987200,1765987200.0,1765988100.0,,244.80633020401,,,,,0,0,0.9,0.98,ORDERS_OPEN,,,,,,,,,,,,,,0,5,,,,,,,,,,,,,,,,,,,,,,,,,,,,0.0,0.0,,,,,0,0,,,Inv: 0.0/0.0 CapLeft: 50.0,,,0.0,0.0,0.0,50.0,50.0,0.0,50.0,0.9,0.09999999999999998,0.0,0.0,0.0,0.0,0.0,0.0,0.0,
1765987855.3075564,eth-updown-15m-1765987200,1765987200.0,1765988100.0,,244.69244360923767,,,,,0,0,0.98,0.98,ONE_LEG_INVENTORY,,,,,,,,,,,,,,0,5,,,,,,,,,,,,,,,,,,,,"RECONSTRUCT_BLOCKED: OVERPAY_LIMIT (Op:0.2800 > L:0.0153, Cost:$1.40)",,,,,,,,5.0,10.0,,,,,0,0,,,Inv: 5.0/10.0 CapLeft: 35.0,,,5.0,10.0,15.0,35.0,50.0,0.0,50.0,0.96,0.040000000000000036,-5.0,0.45999999999999996,0.82,0.2799999999999998,5.0,1.399999999999999,0.015324033364653586,OVERPAY_LIMIT
1765987855.3075564,eth-updown-15m-1765987200,1765987200.0,1765988100.0,,244.69244360923767,,,,,0,0,0.98,0.98,ONE_LEG_INVENTORY,,,,,,,,,,,,,,0,5,,,,,,,,,,,,,,,,,,,,"RECONSTRUCT_BLOCKED: OVERPAY_LIMIT (Op:0.2800 > L:0.0153, Cost:$1.40)",,,,,,,,5.0,10.0,,,,,0,0,,,Inv: 5.0/10.0 CapLeft: 35.0,,,5.0,10.0,15.0,35.0,50.0,0.0,50.0,0.96,0.040000000000000036,-5.0,0.45999999999999996,0.82,0.2799999999999998,5.0,1.399999999999999,0.015324033364653586,OVERPAY_LIMIT
1765987856.6954148,eth-updown-15m-1765987200,1765987200.0,1765988100.0,,243.30458521842957,,,,,0,0,0.9,0.98,ORDERS_OPEN,,,,,,,,,,,,,,0,5,,,,,,,,,,,,,,,,,,,,,,,,,,,,0.0,0.0,,,,,0,0,,,Inv: 0.0/0.0 CapLeft: 50.0,,,0.0,0.0,0.0,50.0,50.0,0.0,50.0,0.9,0.09999999999999998,0.0,0.0,0.0,0.0,0.0,0.0,0.0,
1765987857.2831764,eth-updown-15m-1765987200,1765987200.0,1765988100.0,,242.71682357788086,,,,,0,0,1.0,0.98,ONE_LEG_INVENTORY,,,,,,,,,,,,,,0,5,,,,,,,,,,,,,,,,,,,,"RECONSTRUCT_BLOCKED: OVERPAY_LIMIT (Op:0.2700 > L:0.0154, Cost:$1.35)",,,,,,,,5.0,10.0,,,,,0,0,,,Inv: 5.0/10.0 CapLeft: 35.0,,,5.0,10.0,15.0,35.0,50.0,0.0,50.0,0.96,0.040000000000000036,-5.0,0.45999999999999996,0.81,0.27,5.0,1.35,0.015398119115829466,OVERPAY_LIMIT
1765987857.2831764,eth-updown-15m-1765987200,1765987200.0,1765988100.0,,242.71682357788086,,,,,0,0,1.0,0.98,ONE_LEG_INVENTORY,,,,,,,,,,,,,,0,5,,,,,,,,,,,,,,,,,,,,"RECONSTRUCT_BLOCKED: OVERPAY_LIMIT (Op:0.2700 > L:0.0154, Cost:$1.35)",,,,,,,,5.0,10.0,,,,,0,0,,,Inv: 5.0/10.0 CapLeft: 35.0,,,5.0,10.0,15.0,35.0,50.0,0.0,50.0,0.96,0.040000000000000036,-5.0,0.45999999999999996,0.81,0.27,5.0,1.35,0.015398119115829466,OVERPAY_LIMIT
1765987858.1973555,eth-updown-15m-1765987200,1765987200.0,1765988100.0,,241.80264449119568,,,,,0,0,0.9,0.98,ORDERS_OPEN,,,,,,,,,,,,,,0,5,,,,,,,,,,,,,,,,,,,,,,,,,,,,0.0,0.0,,,,,0,0,,,Inv: 0.0/0.0 CapLeft: 50.0,,,0.0,0.0,0.0,50.0,50.0,0.0,50.0,0.9,0.09999999999999998,0.0,0.0,0.0,0.0,0.0,0.0,0.0,
1765987859.2376819,eth-updown-15m-1765987200,1765987200.0,1765988100.0,,240.76231813430786,,,,,0,0,0.98,0.98,ONE_LEG_INVENTORY,,,,,,,,,,,,,,0,5,,,,,,,,,,,,,,,,,,,,"RECONSTRUCT_BLOCKED: OVERPAY_LIMIT (Op:0.2500 > L:0.0155, Cost:$1.25)",,,,,,,,5.0,10.0,,,,,0,0,,,Inv: 5.0/10.0 CapLeft: 35.0,,,5.0,10.0,15.0,35.0,50.0,0.0,50.0,0.96,0.040000000000000036,-5.0,0.45999999999999996,0.79,0.25,5.0,1.25,0.015471413069963453,OVERPAY_LIMIT
1765987859.2376819,eth-updown-15m-1765987200,1765987200.0,1765988100.0,,240.76231813430786,,,,,0,0,0.98,0.98,ONE_LEG_INVENTORY,,,,,,,,,,,,,,0,5,,,,,,,,,,,,,,,,,,,,"RECONSTRUCT_BLOCKED: OVERPAY_LIMIT (Op:0.2500 > L:0.0155, Cost:$1.25)",,,,,,,,5.0,10.0,,,,,0,0,,,Inv: 5.0/10.0 CapLeft: 35.0,,,5.0,10.0,15.0,35.0,50.0,0.0,50.0,0.96,0.040000000000000036,-5.0,0.45999999999999996,0.79,0.25,5.0,1.25,0.015471413069963453,OVERPAY_LIMIT
1765987859.6996577,eth-updown-15m-1765987200,1765987200.0,1765988100.0,,240.30034232139587,,,,,0,0,0.9,0.98,ORDERS_OPEN,,,,,,,,,,,,,,0,5,,,,,,,,,,,,,,,,,,,,,,,,,,,,0.0,0.0,,,,,0,0,,,Inv: 0.0/0.0 CapLeft: 50.0,,,0.0,0.0,0.0,50.0,50.0,0.0,50.0,0.9,0.09999999999999998,0.0,0.0,0.0,0.0,0.0,0.0,0.0,
1765987861.207793,eth-updown-15m-1765987200,1765987200.0,1765988100.0,,238.79220700263977,,,,,0,0,0.9,0.98,ORDERS_OPEN,,,,,,,,,,,,,,0,5,,,,,,,,,,,,,,,,,,,,,,,,,,,,0.0,0.0,,,,,0,0,,,Inv: 0.0/0.0 CapLeft: 50.0,,,0.0,0.0,0.0,50.0,50.0,0.0,50.0,0.9,0.09999999999999998,0.0,0.0,0.0,0.0,0.0,0.0,0.0,
1765987861.1685147,eth-updown-15m-1765987200,1765987200.0,1765988100.0,,238.83148527145386,,,,,0,0,0.99,0.98,ONE_LEG_INVENTORY,,,,,,,,,,,,,,0,5,,,,,,,,,,,,,,,,,,,,"RECONSTRUCT_BLOCKED: OVERPAY_LIMIT (Op:0.2500 > L:0.0155, Cost:$1.25)",,,,,,,,5.0,10.0,,,,,0,0,,,Inv: 5.0/10.0 CapLeft: 35.0,,,5.0,10.0,15.0,35.0,50.0,0.0,50.0,0.96,0.040000000000000036,-5.0,0.45999999999999996,0.79,0.25,5.0,1.25,0.01554381930232048,OVERPAY_LIMIT
1765987861.1685147,eth-updown-15m-1765987200,1765987200.0,1765988100.0,,238.83148527145386,,,,,0,0,0.99,0.98,ONE_LEG_INVENTORY,,,,,,,,,,,,,,0,5,,,,,,,,,,,,,,,,,,,,"RECONSTRUCT_BLOCKED: OVERPAY_LIMIT (Op:0.2500 > L:0.0155, Cost:$1.25)",,,,,,,,5.0,10.0,,,,,0,0,,,Inv: 5.0/10.0 CapLeft: 35.0,,,5.0,10.0,15.0,35.0,50.0,0.0,50.0,0.96,0.040000000000000036,-5.0,0.45999999999999996,0.79,0.25,5.0,1.25,0.01554381930232048,OVERPAY_LIMIT
1765987863.2109597,eth-updown-15m-1765987200,1765987200.0,1765988100.0,,236.78904032707214,,,,,0,0,0.98,0.98,ONE_LEG_INVENTORY,,,,,,,,,,,,,,0,5,,,,,,,,,,,,,,,,,,,,"RECONSTRUCT_BLOCKED: OVERPAY_LIMIT (Op:0.2500 > L:0.0156, Cost:$1.25)",,,,,,,,5.0,10.0,,,,,0,0,,,Inv: 5.0/10.0 CapLeft: 35.0,,,5.0,10.0,15.0,35.0,50.0,0.0,50.0,0.96,0.040000000000000036,-5.0,0.45999999999999996,0.79,0.25,5.0,1.25,0.015620410987734793,OVERPAY_LIMIT
1765987863.2109597,eth-updown-15m-1765987200,1765987200.0,1765988100.0,,236.78904032707214,,,,,0,0,0.98,0.98,ONE_LEG_INVENTORY,,,,,,,,,,,,,,0,5,,,,,,,,,,,,,,,,,,,,"RECONSTRUCT_BLOCKED: OVERPAY_LIMIT (Op:0.2500 > L:0.0156, Cost:$1.25)",,,,,,,,5.0,10.0,,,,,0,0,,,Inv: 5.0/10.0 CapLeft: 35.0,,,5.0,10.0,15.0,35.0,50.0,0.0,50.0,0.96,0.040000000000000036,-5.0,0.45999999999999996,0.79,0.25,5.0,1.25,0.015620410987734793,OVERPAY_LIMIT
1765987864.2240906,eth-updown-15m-1765987200,1765987200.0,1765988100.0,,235.77590942382812,,,,,0.45,0.45,0.9,0.98,ORDERS_OPEN,,,,,,,,,,,,,,5,5,,,,,,,,,,,,,,,,,,,,Leg:BOTH UP:5 DOWN:5,,,,,,,,0.0,0.0,,,,,0,0,,,Inv: 0.0/0.0 CapLeft: 50.0,,,0.0,0.0,0.0,50.0,50.0,0.0,50.0,0.9,0.09999999999999998,0.0,0.0,0.0,0.0,0.0,0.0,0.0,
1765987865.169792,eth-updown-15m-1765987200,1765987200.0,1765988100.0,,234.8302080631256,,,,,0,0,0.97,0.98,ONE_LEG_INVENTORY,,,,,,,,,,,,,,0,5,,,,,,,,,,,,,,,,,,,,"RECONSTRUCT_BLOCKED: OVERPAY_LIMIT (Op:0.2300 > L:0.0157, Cost:$1.15)",,,,,,,,5.0,10.0,,,,,0,0,,,Inv: 5.0/10.0 CapLeft: 35.0,,,5.0,10.0,15.0,35.0,50.0,0.0,50.0,0.96,0.040000000000000036,-5.0,0.45999999999999996,0.77,0.22999999999999998,5.0,1.15,0.01569386719763279,OVERPAY_LIMIT
1765987865.169792,eth-updown-15m-1765987200,1765987200.0,1765988100.0,,234.8302080631256,,,,,0,0,0.97,0.98,ONE_LEG_INVENTORY,,,,,,,,,,,,,,0,5,,,,,,,,,,,,,,,,,,,,"RECONSTRUCT_BLOCKED: OVERPAY_LIMIT (Op:0.2300 > L:0.0157, Cost:$1.15)",,,,,,,,5.0,10.0,,,,,0,0,,,Inv: 5.0/10.0 CapLeft: 35.0,,,5.0,10.0,15.0,35.0,50.0,0.0,50.0,0.96,0.040000000000000036,-5.0,0.45999999999999996,0.77,0.22999999999999998,5.0,1.15,0.01569386719763279,OVERPAY_LIMIT
1765987865.7261982,eth-updown-15m-1765987200,1765987200.0,1765988100.0,,234.27380180358887,,,,,0,0,0.9,0.98,ORDERS_OPEN,,,,,,,,,,,,,,0,5,,,,,,,,,,,,,,,,,,,,,,,,,,,,0.0,0.0,,,,,0,0,,,Inv: 0.0/0.0 CapLeft: 50.0,,,0.0,0.0,0.0,50.0,50.0,0.0,50.0,0.9,0.09999999999999998,0.0,0.0,0.0,0.0,0.0,0.0,0.0,
1765987867.2349527,eth-updown-15m-1765987200,1765987200.0,1765988100.0,,232.76504731178284,,,,,0,0,0.9,0.98,ORDERS_OPEN,,,,,,,,,,,,,,0,5,,,,,,,,,,,,,,,,,,,,,,,,,,,,0.0,0.0,,,,,0,0,,,Inv: 0.0/0.0 CapLeft: 50.0,,,0.0,0.0,0.0,50.0,50.0,0.0,50.0,0.9,0.09999999999999998,0.0,0.0,0.0,0.0,0.0,0.0,0.0,
1765987867.1268811,eth-updown-15m-1765987200,1765987200.0,1765988100.0,,232.8731188774109,,,,,0,0,0.9800000000000001,0.98,ONE_LEG_INVENTORY,,,,,,,,,,,,,,0,5,,,,,,,,,,,,,,,,,,,,"RECONSTRUCT_BLOCKED: OVERPAY_LIMIT (Op:0.2700 > L:0.0158, Cost:$1.35)",,,,,,,,5.0,10.0,,,,,0,0,,,Inv: 5.0/10.0 CapLeft: 35.0,,,5.0,10.0,15.0,35.0,50.0,0.0,50.0,0.96,0.040000000000000036,-5.0,0.45999999999999996,0.81,0.27,5.0,1.35,0.01576725804209709,OVERPAY_LIMIT
1765987867.1268811,eth-updown-15m-1765987200,1765987200.0,1765988100.0,,232.8731188774109,,,,,0,0,0.9800000000000001,0.98,ONE_LEG_INVENTORY,,,,,,,,,,,,,,0,5,,,,,,,,,,,,,,,,,,,,"RECONSTRUCT_BLOCKED: OVERPAY_LIMIT (Op:0.2700 > L:0.0158, Cost:$1.35)",,,,,,,,5.0,10.0,,,,,0,0,,,Inv: 5.0/10.0 CapLeft: 35.0,,,5.0,10.0,15.0,35.0,50.0,0.0,50.0,0.96,0.040000000000000036,-5.0,0.45999999999999996,0.81,0.27,5.0,1.35,0.01576725804209709,OVERPAY_LIMIT
1765987868.7418091,eth-updown-15m-1765987200,1765987200.0,1765988100.0,,231.25819087028503,,,,,0,0,0.9,0.98,ORDERS_OPEN,,,,,,,,,,,,,,0,5,,,,,,,,,,,,,,,,,,,,,,,,,,,,0.0,0.0,,,,,0,0,,,Inv: 0.0/0.0 CapLeft: 50.0,,,0.0,0.0,0.0,50.0,50.0,0.0,50.0,0.9,0.09999999999999998,0.0,0.0,0.0,0.0,0.0,0.0,0.0,
1765987869.058555,eth-updown-15m-1765987200,1765987200.0,1765988100.0,,230.9414451122284,,,,,0,0,0.98,0.98,ONE_LEG_INVENTORY,,,,,,,,,,,,,,0,5,,,,,,,,,,,,,,,,,,,,"RECONSTRUCT_BLOCKED: OVERPAY_LIMIT (Op:0.2600 > L:0.0158, Cost:$1.30)",,,,,,,,5.0,10.0,,,,,0,0,,,Inv: 5.0/10.0 CapLeft: 35.0,,,5.0,10.0,15.0,35.0,50.0,0.0,50.0,0.96,0.040000000000000036,-5.0,0.45999999999999996,0.8,0.26,5.0,1.3,0.015839695808291435,OVERPAY_LIMIT
1765987869.058555,eth-updown-15m-1765987200,1765987200.0,1765988100.0,,230.9414451122284,,,,,0,0,0.98,0.98,ONE_LEG_INVENTORY,,,,,,,,,,,,,,0,5,,,,,,,,,,,,,,,,,,,,"RECONSTRUCT_BLOCKED: OVERPAY_LIMIT (Op:0.2600 > L:0.0158, Cost:$1.30)",,,,,,,,5.0,10.0,,,,,0,0,,,Inv: 5.0/10.0 CapLeft: 35.0,,,5.0,10.0,15.0,35.0,50.0,0.0,50.0,0.96,0.040000000000000036,-5.0,0.45999999999999996,0.8,0.26,5.0,1.3,0.015839695808291435,OVERPAY_LIMIT
1765987870.2433321,eth-updown-15m-1765987200,1765987200.0,1765988100.0,,229.75666785240173,,,,,0,0,0.9,0.98,ORDERS_OPEN,,,,,,,,,,,,,,0,5,,,,,,,,,,,,,,,,,,,,,,,,,,,,0.0,0.0,,,,,0,0,,,Inv: 0.0/0.0 CapLeft: 50.0,,,0.0,0.0,0.0,50.0,50.0,0.0,50.0,0.9,0.09999999999999998,0.0,0.0,0.0,0.0,0.0,0.0,0.0,
1765987871.0236452,eth-updown-15m-1765987200,1765987200.0,1765988100.0,,228.9763548374176,,,,,0,0,0.97,0.98,ONE_LEG_INVENTORY,,,,,,,,,,,,,,0,5,,,,,,,,,,,,,,,,,,,,"RECONSTRUCT_BLOCKED: OVERPAY_LIMIT (Op:0.2300 > L:0.0159, Cost:$1.15)",,,,,,,,5.0,10.0,,,,,0,0,,,Inv: 5.0/10.0 CapLeft: 35.0,,,5.0,10.0,15.0,35.0,50.0,0.0,50.0,0.96,0.040000000000000036,-5.0,0.45999999999999996,0.77,0.22999999999999998,5.0,1.15,0.01591338669359684,OVERPAY_LIMIT
1765987871.0236452,eth-updown-15m-1765987200,1765987200.0,1765988100.0,,228.9763548374176,,,,,0,0,0.97,0.98,ONE_LEG_INVENTORY,,,,,,,,,,,,,,0,5,,,,,,,,,,,,,,,,,,,,"RECONSTRUCT_BLOCKED: OVERPAY_LIMIT (Op:0.2300 > L:0.0159, Cost:$1.15)",,,,,,,,5.0,10.0,,,,,0,0,,,Inv: 5.0/10.0 CapLeft: 35.0,,,5.0,10.0,15.0,35.0,50.0,0.0,50.0,0.96,0.040000000000000036,-5.0,0.45999999999999996,0.77,0.22999999999999998,5.0,1.15,0.01591338669359684,OVERPAY_LIMIT
1765987871.7474573,eth-updown-15m-1765987200,1765987200.0,1765988100.0,,228.25254273414612,,,,,0,0,0.9,0.98,ORDERS_OPEN,,,,,,,,,,,,,,0,5,,,,,,,,,,,,,,,,,,,,,,,,,,,,0.0,0.0,,,,,0,0,,,Inv: 0.0/0.0 CapLeft: 50.0,,,0.0,0.0,0.0,50.0,50.0,0.0,50.0,0.9,0.09999999999999998,0.0,0.0,0.0,0.0,0.0,0.0,0.0,
1765987873.250422,eth-updown-15m-1765987200,1765987200.0,1765988100.0,,226.749577999115,,,,,0,0,0.9,0.98,ORDERS_OPEN,,,,,,,,,,,,,,0,5,,,,,,,,,,,,,,,,,,,,,,,,,,,,0.0,0.0,,,,,0,0,,,Inv: 0.0/0.0 CapLeft: 50.0,,,0.0,0.0,0.0,50.0,50.0,0.0,50.0,0.9,0.09999999999999998,0.0,0.0,0.0,0.0,0.0,0.0,0.0,
1765987872.9509258,eth-updown-15m-1765987200,1765987200.0,1765988100.0,,227.04907417297363,,,,,0,0,0.99,0.98,ONE_LEG_INVENTORY,,,,,,,,,,,,,,0,5,,,,,,,,,,,,,,,,,,,,"RECONSTRUCT_BLOCKED: OVERPAY_LIMIT (Op:0.2600 > L:0.0160, Cost:$1.30)",,,,,,,,5.0,10.0,,,,,0,0,,,Inv: 5.0/10.0 CapLeft: 35.0,,,5.0,10.0,15.0,35.0,50.0,0.0,50.0,0.96,0.040000000000000036,-5.0,0.45999999999999996,0.8,0.26,5.0,1.3,0.015985659718513488,OVERPAY_LIMIT
1765987872.9509258,eth-updown-15m-1765987200,1765987200.0,1765988100.0,,227.04907417297363,,,,,0,0,0.99,0.98,ONE_LEG_INVENTORY,,,,,,,,,,,,,,0,5,,,,,,,,,,,,,,,,,,,,"RECONSTRUCT_BLOCKED: OVERPAY_LIMIT (Op:0.2600 > L:0.0160, Cost:$1.30)",,,,,,,,5.0,10.0,,,,,0,0,,,Inv: 5.0/10.0 CapLeft: 35.0,,,5.0,10.0,15.0,35.0,50.0,0.0,50.0,0.96,0.040000000000000036,-5.0,0.45999999999999996,0.8,0.26,5.0,1.3,0.015985659718513488,OVERPAY_LIMIT
1765987874.7520156,eth-updown-15m-1765987200,1765987200.0,1765988100.0,,225.24798440933228,,,,,0,0,0.9,0.98,ORDERS_OPEN,,,,,,,,,,,,,,0,5,,,,,,,,,,,,,,,,,,,,,,,,,,,,0.0,0.0,,,,,0,0,,,Inv: 0.0/0.0 CapLeft: 50.0,,,0.0,0.0,0.0,50.0,50.0,0.0,50.0,0.9,0.09999999999999998,0.0,0.0,0.0,0.0,0.0,0.0,0.0,
1765987874.9020727,eth-updown-15m-1765987200,1765987200.0,1765988100.0,,225.09792733192444,,,,,0,0,0.99,0.98,ONE_LEG_INVENTORY,,,,,,,,,,,,,,0,5,,,,,,,,,,,,,,,,,,,,"RECONSTRUCT_BLOCKED: OVERPAY_LIMIT (Op:0.2900 > L:0.0161, Cost:$1.45)",,,,,,,,5.0,10.0,,,,,0,0,,,Inv: 5.0/10.0 CapLeft: 35.0,,,5.0,10.0,15.0,35.0,50.0,0.0,50.0,0.96,0.040000000000000036,-5.0,0.45999999999999996,0.83,0.29000000000000004,5.0,1.4500000000000002,0.016058827725052835,OVERPAY_LIMIT
1765987874.9020727,eth-updown-15m-1765987200,1765987200.0,1765988100.0,,225.09792733192444,,,,,0,0,0.99,0.98,ONE_LEG_INVENTORY,,,,,,,,,,,,,,0,5,,,,,,,,,,,,,,,,,,,,"RECONSTRUCT_BLOCKED: OVERPAY_LIMIT (Op:0.2900 > L:0.0161, Cost:$1.45)",,,,,,,,5.0,10.0,,,,,0,0,,,Inv: 5.0/10.0 CapLeft: 35.0,,,5.0,10.0,15.0,35.0,50.0,0.0,50.0,0.96,0.040000000000000036,-5.0,0.45999999999999996,0.83,0.29000000000000004,5.0,1.4500000000000002,0.016058827725052835,OVERPAY_LIMIT
1765987876.2529902,eth-updown-15m-1765987200,1765987200.0,1765988100.0,,223.7470097541809,,,,,0,0,0.9,0.98,ORDERS_OPEN,,,,,,,,,,,,,,0,5,,,,,,,,,,,,,,,,,,,,,,,,,,,,0.0,0.0,,,,,0,0,,,Inv: 0.0/0.0 CapLeft: 50.0,,,0.0,0.0,0.0,50.0,50.0,0.0,50.0,0.9,0.09999999999999998,0.0,0.0,0.0,0.0,0.0,0.0,0.0,
1765987876.834992,eth-updown-15m-1765987200,1765987200.0,1765988100.0,,223.16500806808472,,,,,0,0,0.98,0.98,ONE_LEG_INVENTORY,,,,,,,,,,,,,,0,5,,,,,,,,,,,,,,,,,,,,"RECONSTRUCT_BLOCKED: OVERPAY_LIMIT (Op:0.2800 > L:0.0161, Cost:$1.40)",,,,,,,,5.0,10.0,,,,,0,0,,,Inv: 5.0/10.0 CapLeft: 35.0,,,5.0,10.0,15.0,35.0,50.0,0.0,50.0,0.96,0.040000000000000036,-5.0,0.45999999999999996,0.82,0.2799999999999998,5.0,1.399999999999999,0.01613131219744682,OVERPAY_LIMIT
1765987876.834992,eth-updown-15m-1765987200,1765987200.0,1765988100.0,,223.16500806808472,,,,,0,0,0.98,0.98,ONE_LEG_INVENTORY,,,,,,,,,,,,,,0,5,,,,,,,,,,,,,,,,,,,,"RECONSTRUCT_BLOCKED: OVERPAY_LIMIT (Op:0.2800 > L:0.0161, Cost:$1.40)",,,,,,,,5.0,10.0,,,,,0,0,,,Inv: 5.0/10.0 CapLeft: 35.0,,,5.0,10.0,15.0,35.0,50.0,0.0,50.0,0.96,0.040000000000000036,-5.0,0.45999999999999996,0.82,0.2799999999999998,5.0,1.399999999999999,0.01613131219744682,OVERPAY_LIMIT
1765987877.7549264,eth-updown-15m-1765987200,1765987200.0,1765988100.0,,222.24507355690002,,,,,0,0,0.9,0.98,ORDERS_OPEN,,,,,,,,,,,,,,0,5,,,,,,,,,,,,,,,,,,,,,,,,,,,,0.0,0.0,,,,,0,0,,,Inv: 0.0/0.0 CapLeft: 50.0,,,0.0,0.0,0.0,50.0,50.0,0.0,50.0,0.9,0.09999999999999998,0.0,0.0,0.0,0.0,0.0,0.0,0.0,
1765987878.7966392,eth-updown-15m-1765987200,1765987200.0,1765988100.0,,221.20336079597473,,,,,0,0,0.97,0.98,ONE_LEG_INVENTORY,,,,,,,,,,,,,,0,5,,,,,,,,,,,,,,,,,,,,"RECONSTRUCT_BLOCKED: OVERPAY_LIMIT (Op:0.2800 > L:0.0162, Cost:$1.40)",,,,,,,,5.0,10.0,,,,,0,0,,,Inv: 5.0/10.0 CapLeft: 35.0,,,5.0,10.0,15.0,35.0,50.0,0.0,50.0,0.96,0.040000000000000036,-5.0,0.45999999999999996,0.82,0.2799999999999998,5.0,1.399999999999999,0.016204873970150947,OVERPAY_LIMIT
1765987878.7966392,eth-updown-15m-1765987200,1765987200.0,1765988100.0,,221.20336079597473,,,,,0,0,0.97,0.98,ONE_LEG_INVENTORY,,,,,,,,,,,,,,0,5,,,,,,,,,,,,,,,,,,,,"RECONSTRUCT_BLOCKED: OVERPAY_LIMIT (Op:0.2800 > L:0.0162, Cost:$1.40)",,,,,,,,5.0,10.0,,,,,0,0,,,Inv: 5.0/10.0 CapLeft: 35.0,,,5.0,10.0,15.0,35.0,50.0,0.0,50.0,0.96,0.040000000000000036,-5.0,0.45999999999999996,0.82,0.2799999999999998,5.0,1.399999999999999,0.016204873970150947,OVERPAY_LIMIT
1765987880.7573774,eth-updown-15m-1765987200,1765987200.0,1765988100.0,,219.24262261390686,,,,,0.45,0.45,0.9,0.98,ORDERS_OPEN,,,,,,,,,,,,,,5,5,,,,,,,,,,,,,,,,,,,,Leg:BOTH UP:5 DOWN:5,,,,,,,,0.0,0.0,,,,,0,0,,,Inv: 0.0/0.0 CapLeft: 50.0,,,0.0,0.0,0.0,50.0,50.0,0.0,50.0,0.9,0.09999999999999998,0.0,0.0,0.0,0.0,0.0,0.0,0.0,
1765987880.7494714,eth-updown-15m-1765987200,1765987200.0,1765988100.0,,219.25052857398987,,,,,0,0,0.98,0.98,ONE_LEG_INVENTORY,,,,,,,,,,,,,,0,5,,,,,,,,,,,,,,,,,,,,"RECONSTRUCT_BLOCKED: OVERPAY_LIMIT (Op:0.2800 > L:0.0163, Cost:$1.40)",,,,,,,,5.0,10.0,,,,,0,0,,,Inv: 5.0/10.0 CapLeft: 35.0,,,5.0,10.0,15.0,35.0,50.0,0.0,50.0,0.96,0.040000000000000036,-5.0,0.45999999999999996,0.82,0.2799999999999998,5.0,1.399999999999999,0.016278105178475378,OVERPAY_LIMIT
1765987880.7494714,eth-updown-15m-1765987200,1765987200.0,1765988100.0,,219.25052857398987,,,,,0,0,0.98,0.98,ONE_LEG_INVENTORY,,,,,,,,,,,,,,0,5,,,,,,,,,,,,,,,,,,,,"RECONSTRUCT_BLOCKED: OVERPAY_LIMIT (Op:0.2800 > L:0.0163, Cost:$1.40)",,,,,,,,5.0,10.0,,,,,0,0,,,Inv: 5.0/10.0 CapLeft: 35.0,,,5.0,10.0,15.0,35.0,50.0,0.0,50.0,0.96,0.040000000000000036,-5.0,0.45999999999999996,0.82,0.2799999999999998,5.0,1.399999999999999,0.016278105178475378,OVERPAY_LIMIT
1765987882.259441,eth-updown-15m-1765987200,1765987200.0,1765988100.0,,217.74055910110474,,,,,0,0,0.9,0.98,ORDERS_OPEN,,,,,,,,,,,,,,0,5,,,,,,,,,,,,,,,,,,,,,,,,,,,,0.0,0.0,,,,,0,0,,,Inv: 0.0/0.0 CapLeft: 50.0,,,0.0,0.0,0.0,50.0,50.0,0.0,50.0,0.9,0.09999999999999998,0.0,0.0,0.0,0.0,0.0,0.0,0.0,
1765987882.6884003,eth-updown-15m-1765987200,1765987200.0,1765988100.0,,217.3115997314453,,,,,0,0,0.97,0.98,ONE_LEG_INVENTORY,,,,,,,,,,,,,,0,5,,,,,,,,,,,,,,,,,,,,"RECONSTRUCT_BLOCKED: OVERPAY_LIMIT (Op:0.2800 > L:0.0164, Cost:$1.40)",,,,,,,,5.0,10.0,,,,,0,0,,,Inv: 5.0/10.0 CapLeft: 35.0,,,5.0,10.0,15.0,35.0,50.0,0.0,50.0,0.96,0.040000000000000036,-5.0,0.45999999999999996,0.82,0.2799999999999998,5.0,1.399999999999999,0.0163508150100708,OVERPAY_LIMIT
1765987882.6884003,eth-updown-15m-1765987200,1765987200.0,1765988100.0,,217.3115997314453,,,,,0,0,0.97,0.98,ONE_LEG_INVENTORY,,,,,,,,,,,,,,0,5,,,,,,,,,,,,,,,,,,,,"RECONSTRUCT_BLOCKED: OVERPAY_LIMIT (Op:0.2800 > L:0.0164, Cost:$1.40)",,,,,,,,5.0,10.0,,,,,0,0,,,Inv: 5.0/10.0 CapLeft: 35.0,,,5.0,10.0,15.0,35.0,50.0,0.0,50.0,0.96,0.040000000000000036,-5.0,0.45999999999999996,0.82,0.2799999999999998,5.0,1.399999999999999,0.0163508150100708,OVERPAY_LIMIT
1765987883.761451,eth-updown-15m-1765987200,1765987200.0,1765988100.0,,216.23854899406433,,,,,0,0,0.9,0.98,ORDERS_OPEN,,,,,,,,,,,,,,0,5,,,,,,,,,,,,,,,,,,,,,,,,,,,,0.0,0.0,,,,,0,0,,,Inv: 0.0/0.0 CapLeft: 50.0,,,0.0,0.0,0.0,50.0,50.0,0.0,50.0,0.9,0.09999999999999998,0.0,0.0,0.0,0.0,0.0,0.0,0.0,
1765987884.644276,eth-updown-15m-1765987200,1765987200.0,1765988100.0,,215.35572409629822,,,,,0,0,0.97,0.98,ONE_LEG_INVENTORY,,,,,,,,,,,,,,0,5,,,,,,,,,,,,,,,,,,,,"RECONSTRUCT_BLOCKED: OVERPAY_LIMIT (Op:0.2900 > L:0.0164, Cost:$1.45)",,,,,,,,5.0,10.0,,,,,0,0,,,Inv: 5.0/10.0 CapLeft: 35.0,,,5.0,10.0,15.0,35.0,50.0,0.0,50.0,0.96,0.040000000000000036,-5.0,0.45999999999999996,0.83,0.29000000000000004,5.0,1.4500000000000002,0.016424160346388814,OVERPAY_LIMIT
1765987884.644276,eth-updown-15m-1765987200,1765987200.0,1765988100.0,,215.35572409629822,,,,,0,0,0.97,0.98,ONE_LEG_INVENTORY,,,,,,,,,,,,,,0,5,,,,,,,,,,,,,,,,,,,,"RECONSTRUCT_BLOCKED: OVERPAY_LIMIT (Op:0.2900 > L:0.0164, Cost:$1.45)",,,,,,,,5.0,10.0,,,,,0,0,,,Inv: 5.0/10.0 CapLeft: 35.0,,,5.0,10.0,15.0,35.0,50.0,0.0,50.0,0.96,0.040000000000000036,-5.0,0.45999999999999996,0.83,0.29000000000000004,5.0,1.4500000000000002,0.016424160346388814,OVERPAY_LIMIT
1765987885.2630098,eth-updown-15m-1765987200,1765987200.0,1765988100.0,,214.73699021339417,,,,,0,0,0.9,0.98,ORDERS_OPEN,,,,,,,,,,,,,,0,5,,,,,,,,,,,,,,,,,,,,,,,,,,,,0.0,0.0,,,,,0,0,,,Inv: 0.0/0.0 CapLeft: 50.0,,,0.0,0.0,0.0,50.0,50.0,0.0,50.0,0.9,0.09999999999999998,0.0,0.0,0.0,0.0,0.0,0.0,0.0,
1765987886.7644355,eth-updown-15m-1765987200,1765987200.0,1765988100.0,,213.23556447029114,,,,,0,0,0.9,0.98,ORDERS_OPEN,,,,,,,,,,,,,,0,5,,,,,,,,,,,,,,,,,,,,,,,,,,,,0.0,0.0,,,,,0,0,,,Inv: 0.0/0.0 CapLeft: 50.0,,,0.0,0.0,0.0,50.0,50.0,0.0,50.0,0.9,0.09999999999999998,0.0,0.0,0.0,0.0,0.0,0.0,0.0,
1765987886.5793223,eth-updown-15m-1765987200,1765987200.0,1765988100.0,,213.42067766189575,,,,,0,0,0.99,0.98,ONE_LEG_INVENTORY,,,,,,,,,,,,,,0,5,,,,,,,,,,,,,,,,,,,,"RECONSTRUCT_BLOCKED: OVERPAY_LIMIT (Op:0.2800 > L:0.0165, Cost:$1.40)",,,,,,,,5.0,10.0,,,,,0,0,,,Inv: 5.0/10.0 CapLeft: 35.0,,,5.0,10.0,15.0,35.0,50.0,0.0,50.0,0.96,0.040000000000000036,-5.0,0.45999999999999996,0.82,0.2799999999999998,5.0,1.399999999999999,0.01649672458767891,OVERPAY_LIMIT
1765987886.5793223,eth-updown-15m-1765987200,1765987200.0,1765988100.0,,213.42067766189575,,,,,0,0,0.99,0.98,ONE_LEG_INVENTORY,,,,,,,,,,,,,,0,5,,,,,,,,,,,,,,,,,,,,"RECONSTRUCT_BLOCKED: OVERPAY_LIMIT (Op:0.2800 > L:0.0165, Cost:$1.40)",,,,,,,,5.0,10.0,,,,,0,0,,,Inv: 5.0/10.0 CapLeft: 35.0,,,5.0,10.0,15.0,35.0,50.0,0.0,50.0,0.96,0.040000000000000036,-5.0,0.45999999999999996,0.82,0.2799999999999998,5.0,1.399999999999999,0.01649672458767891,OVERPAY_LIMIT
1765987888.267273,eth-updown-15m-1765987200,1765987200.0,1765988100.0,,211.73272705078125,,,,,0,0,0.9,0.98,ORDERS_OPEN,,,,,,,,,,,,,,0,5,,,,,,,,,,,,,,,,,,,,,,,,,,,,0.0,0.0,,,,,0,0,,,Inv: 0.0/0.0 CapLeft: 50.0,,,0.0,0.0,0.0,50.0,50.0,0.0,50.0,0.9,0.09999999999999998,0.0,0.0,0.0,0.0,0.0,0.0,0.0,
1765987888.5152726,eth-updown-15m-1765987200,1765987200.0,1765988100.0,,211.4847273826599,,,,,0,0,0.98,0.98,ONE_LEG_INVENTORY,,,,,,,,,,,,,,0,5,,,,,,,,,,,,,,,,,,,,"RECONSTRUCT_BLOCKED: OVERPAY_LIMIT (Op:0.2900 > L:0.0166, Cost:$1.45)",,,,,,,,5.0,10.0,,,,,0,0,,,Inv: 5.0/10.0 CapLeft: 35.0,,,5.0,10.0,15.0,35.0,50.0,0.0,50.0,0.96,0.040000000000000036,-5.0,0.45999999999999996,0.83,0.29000000000000004,5.0,1.4500000000000002,0.016569322723150252,OVERPAY_LIMIT
1765987888.5152726,eth-updown-15m-1765987200,1765987200.0,1765988100.0,,211.4847273826599,,,,,0,0,0.98,0.98,ONE_LEG_INVENTORY,,,,,,,,,,,,,,0,5,,,,,,,,,,,,,,,,,,,,"RECONSTRUCT_BLOCKED: OVERPAY_LIMIT (Op:0.2900 > L:0.0166, Cost:$1.45)",,,,,,,,5.0,10.0,,,,,0,0,,,Inv: 5.0/10.0 CapLeft: 35.0,,,5.0,10.0,15.0,35.0,50.0,0.0,50.0,0.96,0.040000000000000036,-5.0,0.45999999999999996,0.83,0.29000000000000004,5.0,1.4500000000000002,0.016569322723150252,OVERPAY_LIMIT
1765987889.7694454,eth-updown-15m-1765987200,1765987200.0,1765988100.0,,210.23055458068848,,,,,0,0,0.9,0.98,ORDERS_OPEN,,,,,,,,,,,,,,0,5,,,,,,,,,,,,,,,,,,,,,,,,,,,,0.0,0.0,,,,,0,0,,,Inv: 0.0/0.0 CapLeft: 50.0,,,0.0,0.0,0.0,50.0,50.0,0.0,50.0,0.9,0.09999999999999998,0.0,0.0,0.0,0.0,0.0,0.0,0.0,
1765987890.4839811,eth-updown-15m-1765987200,1765987200.0,1765988100.0,,209.51601886749268,,,,,0,0,0.97,0.98,ONE_LEG_INVENTORY,,,,,,,,,,,,,,0,5,,,,,,,,,,,,,,,,,,,,"RECONSTRUCT_BLOCKED: OVERPAY_LIMIT (Op:0.2900 > L:0.0166, Cost:$1.45)",,,,,,,,5.0,10.0,,,,,0,0,,,Inv: 5.0/10.0 CapLeft: 35.0,,,5.0,10.0,15.0,35.0,50.0,0.0,50.0,0.96,0.040000000000000036,-5.0,0.45999999999999996,0.83,0.29000000000000004,5.0,1.4500000000000002,0.016643149292469024,OVERPAY_LIMIT
1765987890.4839811,eth-updown-15m-1765987200,1765987200.0,1765988100.0,,209.51601886749268,,,,,0,0,0.97,0.98,ONE_LEG_INVENTORY,,,,,,,,,,,,,,0,5,,,,,,,,,,,,,,,,,,,,"RECONSTRUCT_BLOCKED: OVERPAY_LIMIT (Op:0.2900 > L:0.0166, Cost:$1.45)",,,,,,,,5.0,10.0,,,,,0,0,,,Inv: 5.0/10.0 CapLeft: 35.0,,,5.0,10.0,15.0,35.0,50.0,0.0,50.0,0.96,0.040000000000000036,-5.0,0.45999999999999996,0.83,0.29000000000000004,5.0,1.4500000000000002,0.016643149292469024,OVERPAY_LIMIT
1765987891.2709844,eth-updown-15m-1765987200,1765987200.0,1765988100.0,,208.72901558876038,,,,,0,0,0.9,0.98,ORDERS_OPEN,,,,,,,,,,,,,,0,5,,,,,,,,,,,,,,,,,,,,,,,,,,,,0.0,0.0,,,,,0,0,,,Inv: 0.0/0.0 CapLeft: 50.0,,,0.0,0.0,0.0,50.0,50.0,0.0,50.0,0.9,0.09999999999999998,0.0,0.0,0.0,0.0,0.0,0.0,0.0,
1765987892.773291,eth-updown-15m-1765987200,1765987200.0,1765988100.0,,207.22670888900757,,,,,0,0,0.9,0.98,ORDERS_OPEN,,,,,,,,,,,,,,0,5,,,,,,,,,,,,,,,,,,,,,,,,,,,,0.0,0.0,,,,,0,0,,,Inv: 0.0/0.0 CapLeft: 50.0,,,0.0,0.0,0.0,50.0,50.0,0.0,50.0,0.9,0.09999999999999998,0.0,0.0,0.0,0.0,0.0,0.0,0.0,
1765987892.4573677,eth-updown-15m-1765987200,1765987200.0,1765988100.0,,207.5426323413849,,,,,0,0,0.98,0.98,ONE_LEG_INVENTORY,,,,,,,,,,,,,,0,5,,,,,,,,,,,,,,,,,,,,"RECONSTRUCT_BLOCKED: OVERPAY_LIMIT (Op:0.2900 > L:0.0167, Cost:$1.45)",,,,,,,,5.0,10.0,,,,,0,0,,,Inv: 5.0/10.0 CapLeft: 35.0,,,5.0,10.0,15.0,35.0,50.0,0.0,50.0,0.96,0.040000000000000036,-5.0,0.45999999999999996,0.83,0.29000000000000004,5.0,1.4500000000000002,0.016717151287198063,OVERPAY_LIMIT
1765987892.4573677,eth-updown-15m-1765987200,1765987200.0,1765988100.0,,207.5426323413849,,,,,0,0,0.98,0.98,ONE_LEG_INVENTORY,,,,,,,,,,,,,,0,5,,,,,,,,,,,,,,,,,,,,"RECONSTRUCT_BLOCKED: OVERPAY_LIMIT (Op:0.2900 > L:0.0167, Cost:$1.45)",,,,,,,,5.0,10.0,,,,,0,0,,,Inv: 5.0/10.0 CapLeft: 35.0,,,5.0,10.0,15.0,35.0,50.0,0.0,50.0,0.96,0.040000000000000036,-5.0,0.45999999999999996,0.83,0.29000000000000004,5.0,1.4500000000000002,0.016717151287198063,OVERPAY_LIMIT
1765987894.2756526,eth-updown-15m-1765987200,1765987200.0,1765988100.0,,205.72434735298157,,,,,0,0,0.9,0.98,ORDERS_OPEN,,,,,,,,,,,,,,0,5,,,,,,,,,,,,,,,,,,,,,,,,,,,,0.0,0.0,,,,,0,0,,,Inv: 0.0/0.0 CapLeft: 50.0,,,0.0,0.0,0.0,50.0,50.0,0.0,50.0,0.9,0.09999999999999998,0.0,0.0,0.0,0.0,0.0,0.0,0.0,
1765987894.401185,eth-updown-15m-1765987200,1765987200.0,1765988100.0,,205.59881496429443,,,,,0,0,0.99,0.98,ONE_LEG_INVENTORY,,,,,,,,,,,,,,0,5,,,,,,,,,,,,,,,,,,,,"RECONSTRUCT_BLOCKED: OVERPAY_LIMIT (Op:0.2600 > L:0.0168, Cost:$1.30)",,,,,,,,5.0,10.0,,,,,0,0,,,Inv: 5.0/10.0 CapLeft: 35.0,,,5.0,10.0,15.0,35.0,50.0,0.0,50.0,0.96,0.040000000000000036,-5.0,0.45999999999999996,0.8,0.26,5.0,1.3,0.016790044438838955,OVERPAY_LIMIT
1765987894.401185,eth-updown-15m-1765987200,1765987200.0,1765988100.0,,205.59881496429443,,,,,0,0,0.99,0.98,ONE_LEG_INVENTORY,,,,,,,,,,,,,,0,5,,,,,,,,,,,,,,,,,,,,"RECONSTRUCT_BLOCKED: OVERPAY_LIMIT (Op:0.2600 > L:0.0168, Cost:$1.30)",,,,,,,,5.0,10.0,,,,,0,0,,,Inv: 5.0/10.0 CapLeft: 35.0,,,5.0,10.0,15.0,35.0,50.0,0.0,50.0,0.96,0.040000000000000036,-5.0,0.45999999999999996,0.8,0.26,5.0,1.3,0.016790044438838955,OVERPAY_LIMIT
1765987896.3594594,eth-updown-15m-1765987200,1765987200.0,1765988100.0,,203.640540599823,,,,,0,0,0.97,0.98,ONE_LEG_INVENTORY,,,,,,,,,,,,,,0,5,,,,,,,,,,,,,,,,,,,,"RECONSTRUCT_BLOCKED: OVERPAY_LIMIT (Op:0.2200 > L:0.0169, Cost:$1.10)",,,,,,,,5.0,10.0,,,,,0,0,,,Inv: 5.0/10.0 CapLeft: 35.0,,,5.0,10.0,15.0,35.0,50.0,0.0,50.0,0.96,0.040000000000000036,-5.0,0.45999999999999996,0.76,0.21999999999999997,5.0,1.0999999999999999,0.016863479727506635,OVERPAY_LIMIT
1765987896.3594594,eth-updown-15m-1765987200,1765987200.0,1765988100.0,,203.640540599823,,,,,0,0,0.97,0.98,ONE_LEG_INVENTORY,,,,,,,,,,,,,,0,5,,,,,,,,,,,,,,,,,,,,"RECONSTRUCT_BLOCKED: OVERPAY_LIMIT (Op:0.2200 > L:0.0169, Cost:$1.10)",,,,,,,,5.0,10.0,,,,,0,0,,,Inv: 5.0/10.0 CapLeft: 35.0,,,5.0,10.0,15.0,35.0,50.0,0.0,50.0,0.96,0.040000000000000036,-5.0,0.45999999999999996,0.76,0.21999999999999997,5.0,1.0999999999999999,0.016863479727506635,OVERPAY_LIMIT
1765987897.2784328,eth-updown-15m-1765987200,1765987200.0,1765988100.0,,202.72156715393066,,,,,0.45,0.45,0.9,0.98,ORDERS_OPEN,,,,,,,,,,,,,,5,5,,,,,,,,,,,,,,,,,,,,Leg:BOTH UP:5 DOWN:5,,,,,,,,0.0,0.0,,,,,0,0,,,Inv: 0.0/0.0 CapLeft: 50.0,,,0.0,0.0,0.0,50.0,50.0,0.0,50.0,0.9,0.09999999999999998,0.0,0.0,0.0,0.0,0.0,0.0,0.0,
1765987898.2891717,eth-updown-15m-1765987200,1765987200.0,1765988100.0,,201.71082830429077,,,,,0,0,0.95,0.98,ONE_LEG_INVENTORY,,,,,,,,,,,,,,0,5,,,,,,,,,,,,,,,,,,,,"RECONSTRUCT_BLOCKED: OVERPAY_LIMIT (Op:0.2100 > L:0.0169, Cost:$1.05)",,,,,,,,5.0,10.0,,,,,0,0,,,Inv: 5.0/10.0 CapLeft: 35.0,,,5.0,10.0,15.0,35.0,50.0,0.0,50.0,0.96,0.040000000000000036,-5.0,0.45999999999999996,0.75,0.20999999999999996,5.0,1.0499999999999998,0.016935843938589094,OVERPAY_LIMIT
1765987898.2891717,eth-updown-15m-1765987200,1765987200.0,1765988100.0,,201.71082830429077,,,,,0,0,0.95,0.98,ONE_LEG_INVENTORY,,,,,,,,,,,,,,0,5,,,,,,,,,,,,,,,,,,,,"RECONSTRUCT_BLOCKED: OVERPAY_LIMIT (Op:0.2100 > L:0.0169, Cost:$1.05)",,,,,,,,5.0,10.0,,,,,0,0,,,Inv: 5.0/10.0 CapLeft: 35.0,,,5.0,10.0,15.0,35.0,50.0,0.0,50.0,0.96,0.040000000000000036,-5.0,0.45999999999999996,0.75,0.20999999999999996,5.0,1.0499999999999998,0.016935843938589094,OVERPAY_LIMIT
1765987898.7815716,eth-updown-15m-1765987200,1765987200.0,1765988100.0,,201.2184283733368,,,,,0,0,0.9,0.98,ORDERS_OPEN,,,,,,,,,,,,,,0,5,,,,,,,,,,,,,,,,,,,,,,,,,,,,0.0,0.0,,,,,0,0,,,Inv: 0.0/0.0 CapLeft: 50.0,,,0.0,0.0,0.0,50.0,50.0,0.0,50.0,0.9,0.09999999999999998,0.0,0.0,0.0,0.0,0.0,0.0,0.0,
1765987900.2830665,eth-updown-15m-1765987200,1765987200.0,1765988100.0,,199.71693348884583,,,,,0,0,0.9,0.98,ORDERS_OPEN,,,,,,,,,,,,,,0,5,,,,,,,,,,,,,,,,,,,,,,,,,,,,0.0,0.0,,,,,0,0,,,Inv: 0.0/0.0 CapLeft: 50.0,,,0.0,0.0,0.0,50.0,50.0,0.0,50.0,0.9,0.09999999999999998,0.0,0.0,0.0,0.0,0.0,0.0,0.0,
1765987900.252577,eth-updown-15m-1765987200,1765987200.0,1765988100.0,,199.7474229335785,,,,,0,0,0.97,0.98,ONE_LEG_INVENTORY,,,,,,,,,,,,,,0,5,,,,,,,,,,,,,,,,,,,,"RECONSTRUCT_BLOCKED: OVERPAY_LIMIT (Op:0.2500 > L:0.0170, Cost:$1.25)",,,,,,,,5.0,10.0,,,,,0,0,,,Inv: 5.0/10.0 CapLeft: 35.0,,,5.0,10.0,15.0,35.0,50.0,0.0,50.0,0.96,0.040000000000000036,-5.0,0.45999999999999996,0.79,0.25,5.0,1.25,0.017009471639990805,OVERPAY_LIMIT
1765987900.252577,eth-updown-15m-1765987200,1765987200.0,1765988100.0,,199.7474229335785,,,,,0,0,0.97,0.98,ONE_LEG_INVENTORY,,,,,,,,,,,,,,0,5,,,,,,,,,,,,,,,,,,,,"RECONSTRUCT_BLOCKED: OVERPAY_LIMIT (Op:0.2500 > L:0.0170, Cost:$1.25)",,,,,,,,5.0,10.0,,,,,0,0,,,Inv: 5.0/10.0 CapLeft: 35.0,,,5.0,10.0,15.0,35.0,50.0,0.0,50.0,0.96,0.040000000000000036,-5.0,0.45999999999999996,0.79,0.25,5.0,1.25,0.017009471639990805,OVERPAY_LIMIT
1765987901.784769,eth-updown-15m-1765987200,1765987200.0,1765988100.0,,198.21523094177246,,,,,0,0,0.9,0.98,ORDERS_OPEN,,,,,,,,,,,,,,0,5,,,,,,,,,,,,,,,,,,,,,,,,,,,,0.0,0.0,,,,,0,0,,,Inv: 0.0/0.0 CapLeft: 50.0,,,0.0,0.0,0.0,50.0,50.0,0.0,50.0,0.9,0.09999999999999998,0.0,0.0,0.0,0.0,0.0,0.0,0.0,
1765987902.2469592,eth-updown-15m-1765987200,1765987200.0,1765988100.0,,197.75304079055786,,,,,0,0,0.99,0.98,ONE_LEG_INVENTORY,,,,,,,,,,,,,,0,5,,,,,,,,,,,,,,,,,,,,"RECONSTRUCT_BLOCKED: OVERPAY_LIMIT (Op:0.2400 > L:0.0171, Cost:$1.20)",,,,,,,,5.0,10.0,,,,,0,0,,,Inv: 5.0/10.0 CapLeft: 35.0,,,5.0,10.0,15.0,35.0,50.0,0.0,50.0,0.96,0.040000000000000036,-5.0,0.45999999999999996,0.78,0.24,5.0,1.2,0.01708426097035408,OVERPAY_LIMIT
1765987902.2469592,eth-updown-15m-1765987200,1765987200.0,1765988100.0,,197.75304079055786,,,,,0,0,0.99,0.98,ONE_LEG_INVENTORY,,,,,,,,,,,,,,0,5,,,,,,,,,,,,,,,,,,,,"RECONSTRUCT_BLOCKED: OVERPAY_LIMIT (Op:0.2400 > L:0.0171, Cost:$1.20)",,,,,,,,5.0,10.0,,,,,0,0,,,Inv: 5.0/10.0 CapLeft: 35.0,,,5.0,10.0,15.0,35.0,50.0,0.0,50.0,0.96,0.040000000000000036,-5.0,0.45999999999999996,0.78,0.24,5.0,1.2,0.01708426097035408,OVERPAY_LIMIT
1765987903.2863703,eth-updown-15m-1765987200,1765987200.0,1765988100.0,,196.71362972259521,,,,,0,0,0.9,0.98,ORDERS_OPEN,,,,,,,,,,,,,,0,5,,,,,,,,,,,,,,,,,,,,,,,,,,,,0.0,0.0,,,,,0,0,,,Inv: 0.0/0.0 CapLeft: 50.0,,,0.0,0.0,0.0,50.0,50.0,0.0,50.0,0.9,0.09999999999999998,0.0,0.0,0.0,0.0,0.0,0.0,0.0,
1765987904.179331,eth-updown-15m-1765987200,1765987200.0,1765988100.0,,195.82066893577576,,,,,0,0,0.97,0.98,ONE_LEG_INVENTORY,,,,,,,,,,,,,,0,5,,,,,,,,,,,,,,,,,,,,"RECONSTRUCT_BLOCKED: OVERPAY_LIMIT (Op:0.2100 > L:0.0172, Cost:$1.05)",,,,,,,,5.0,10.0,,,,,0,0,,,Inv: 5.0/10.0 CapLeft: 35.0,,,5.0,10.0,15.0,35.0,50.0,0.0,50.0,0.96,0.040000000000000036,-5.0,0.45999999999999996,0.75,0.20999999999999996,5.0,1.0499999999999998,0.017156724914908408,OVERPAY_LIMIT
1765987904.179331,eth-updown-15m-1765987200,1765987200.0,1765988100.0,,195.82066893577576,,,,,0,0,0.97,0.98,ONE_LEG_INVENTORY,,,,,,,,,,,,,,0,5,,,,,,,,,,,,,,,,,,,,"RECONSTRUCT_BLOCKED: OVERPAY_LIMIT (Op:0.2100 > L:0.0172, Cost:$1.05)",,,,,,,,5.0,10.0,,,,,0,0,,,Inv: 5.0/10.0 CapLeft: 35.0,,,5.0,10.0,15.0,35.0,50.0,0.0,50.0,0.96,0.040000000000000036,-5.0,0.45999999999999996,0.75,0.20999999999999996,5.0,1.0499999999999998,0.017156724914908408,OVERPAY_LIMIT
1765987904.7877307,eth-updown-15m-1765987200,1765987200.0,1765988100.0,,195.21226930618286,,,,,0,0,0.9,0.98,ORDERS_OPEN,,,,,,,,,,,,,,0,5,,,,,,,,,,,,,,,,,,,,,,,,,,,,0.0,0.0,,,,,0,0,,,Inv: 0.0/0.0 CapLeft: 50.0,,,0.0,0.0,0.0,50.0,50.0,0.0,50.0,0.9,0.09999999999999998,0.0,0.0,0.0,0.0,0.0,0.0,0.0,
1765987906.2886827,eth-updown-15m-1765987200,1765987200.0,1765988100.0,,193.7113173007965,,,,,0,0,0.9,0.98,ORDERS_OPEN,,,,,,,,,,,,,,0,5,,,,,,,,,,,,,,,,,,,,,,,,,,,,0.0,0.0,,,,,0,0,,,Inv: 0.0/0.0 CapLeft: 50.0,,,0.0,0.0,0.0,50.0,50.0,0.0,50.0,0.9,0.09999999999999998,0.0,0.0,0.0,0.0,0.0,0.0,0.0,
1765987906.1005888,eth-updown-15m-1765987200,1765987200.0,1765988100.0,,193.89941120147705,,,,,0,0,0.99,0.98,ONE_LEG_INVENTORY,,,,,,,,,,,,,,0,5,,,,,,,,,,,,,,,,,,,,"RECONSTRUCT_BLOCKED: OVERPAY_LIMIT (Op:0.2300 > L:0.0172, Cost:$1.15)",,,,,,,,5.0,10.0,,,,,0,0,,,Inv: 5.0/10.0 CapLeft: 35.0,,,5.0,10.0,15.0,35.0,50.0,0.0,50.0,0.96,0.040000000000000036,-5.0,0.45999999999999996,0.77,0.22999999999999998,5.0,1.15,0.01722877207994461,OVERPAY_LIMIT
1765987906.1005888,eth-updown-15m-1765987200,1765987200.0,1765988100.0,,193.89941120147705,,,,,0,0,0.99,0.98,ONE_LEG_INVENTORY,,,,,,,,,,,,,,0,5,,,,,,,,,,,,,,,,,,,,"RECONSTRUCT_BLOCKED: OVERPAY_LIMIT (Op:0.2300 > L:0.0172, Cost:$1.15)",,,,,,,,5.0,10.0,,,,,0,0,,,Inv: 5.0/10.0 CapLeft: 35.0,,,5.0,10.0,15.0,35.0,50.0,0.0,50.0,0.96,0.040000000000000036,-5.0,0.45999999999999996,0.77,0.22999999999999998,5.0,1.15,0.01722877207994461,OVERPAY_LIMIT
1765987907.7904828,eth-updown-15m-1765987200,1765987200.0,1765988100.0,,192.2095172405243,,,,,0,0,0.9,0.98,ORDERS_OPEN,,,,,,,,,,,,,,0,5,,,,,,,,,,,,,,,,,,,,,,,,,,,,0.0,0.0,,,,,0,0,,,Inv: 0.0/0.0 CapLeft: 50.0,,,0.0,0.0,0.0,50.0,50.0,0.0,50.0,0.9,0.09999999999999998,0.0,0.0,0.0,0.0,0.0,0.0,0.0,
1765987908.0714214,eth-updown-15m-1765987200,1765987200.0,1765988100.0,,191.9285786151886,,,,,0,0,0.99,0.98,ONE_LEG_INVENTORY,,,,,,,,,,,,,,0,5,,,,,,,,,,,,,,,,,,,,"RECONSTRUCT_BLOCKED: OVERPAY_LIMIT (Op:0.2300 > L:0.0173, Cost:$1.15)",,,,,,,,5.0,10.0,,,,,0,0,,,Inv: 5.0/10.0 CapLeft: 35.0,,,5.0,10.0,15.0,35.0,50.0,0.0,50.0,0.96,0.040000000000000036,-5.0,0.45999999999999996,0.77,0.22999999999999998,5.0,1.15,0.017302678301930427,OVERPAY_LIMIT
1765987908.0714214,eth-updown-15m-1765987200,1765987200.0,1765988100.0,,191.9285786151886,,,,,0,0,0.99,0.98,ONE_LEG_INVENTORY,,,,,,,,,,,,,,0,5,,,,,,,,,,,,,,,,,,,,"RECONSTRUCT_BLOCKED: OVERPAY_LIMIT (Op:0.2300 > L:0.0173, Cost:$1.15)",,,,,,,,5.0,10.0,,,,,0,0,,,Inv: 5.0/10.0 CapLeft: 35.0,,,5.0,10.0,15.0,35.0,50.0,0.0,50.0,0.96,0.040000000000000036,-5.0,0.45999999999999996,0.77,0.22999999999999998,5.0,1.15,0.017302678301930427,OVERPAY_LIMIT
1765987909.291545,eth-updown-15m-1765987200,1765987200.0,1765988100.0,,190.7084550857544,,,,,0,0,0.9,0.98,ORDERS_OPEN,,,,,,,,,,,,,,0,5,,,,,,,,,,,,,,,,,,,,,,,,,,,,0.0,0.0,,,,,0,0,,,Inv: 0.0/0.0 CapLeft: 50.0,,,0.0,0.0,0.0,50.0,50.0,0.0,50.0,0.9,0.09999999999999998,0.0,0.0,0.0,0.0,0.0,0.0,0.0,
1765987909.9959104,eth-updown-15m-1765987200,1765987200.0,1765988100.0,,190.00408959388733,,,,,0,0,0.98,0.98,ONE_LEG_INVENTORY,,,,,,,,,,,,,,0,5,,,,,,,,,,,,,,,,,,,,"RECONSTRUCT_BLOCKED: OVERPAY_LIMIT (Op:0.2000 > L:0.0174, Cost:$1.00)",,,,,,,,5.0,10.0,,,,,0,0,,,Inv: 5.0/10.0 CapLeft: 35.0,,,5.0,10.0,15.0,35.0,50.0,0.0,50.0,0.96,0.040000000000000036,-5.0,0.45999999999999996,0.74,0.19999999999999996,5.0,0.9999999999999998,0.017374846640229223,OVERPAY_LIMIT
1765987909.9959104,eth-updown-15m-1765987200,1765987200.0,1765988100.0,,190.00408959388733,,,,,0,0,0.98,0.98,ONE_LEG_INVENTORY,,,,,,,,,,,,,,0,5,,,,,,,,,,,,,,,,,,,,"RECONSTRUCT_BLOCKED: OVERPAY_LIMIT (Op:0.2000 > L:0.0174, Cost:$1.00)",,,,,,,,5.0,10.0,,,,,0,0,,,Inv: 5.0/10.0 CapLeft: 35.0,,,5.0,10.0,15.0,35.0,50.0,0.0,50.0,0.96,0.040000000000000036,-5.0,0.45999999999999996,0.74,0.19999999999999996,5.0,0.9999999999999998,0.017374846640229223,OVERPAY_LIMIT
1765987910.792516,eth-updown-15m-1765987200,1765987200.0,1765988100.0,,189.2074840068817,,,,,0,0,0.9,0.98,ORDERS_OPEN,,,,,,,,,,,,,,0,5,,,,,,,,,,,,,,,,,,,,,,,,,,,,0.0,0.0,,,,,0,0,,,Inv: 0.0/0.0 CapLeft: 50.0,,,0.0,0.0,0.0,50.0,50.0,0.0,50.0,0.9,0.09999999999999998,0.0,0.0,0.0,0.0,0.0,0.0,0.0,
1765987911.924212,eth-updown-15m-1765987200,1765987200.0,1765988100.0,,188.07578802108765,,,,,0,0,0.99,0.98,ONE_LEG_INVENTORY,,,,,,,,,,,,,,0,5,,,,,,,,,,,,,,,,,,,,"RECONSTRUCT_BLOCKED: OVERPAY_LIMIT (Op:0.1600 > L:0.0174, Cost:$0.80)",,,,,,,,5.0,10.0,,,,,0,0,,,Inv: 5.0/10.0 CapLeft: 35.0,,,5.0,10.0,15.0,35.0,50.0,0.0,50.0,0.96,0.040000000000000036,-5.0,0.45999999999999996,0.7,0.15999999999999992,5.0,0.7999999999999996,0.017447157949209213,OVERPAY_LIMIT
1765987911.924212,eth-updown-15m-1765987200,1765987200.0,1765988100.0,,188.07578802108765,,,,,0,0,0.99,0.98,ONE_LEG_INVENTORY,,,,,,,,,,,,,,0,5,,,,,,,,,,,,,,,,,,,,"RECONSTRUCT_BLOCKED: OVERPAY_LIMIT (Op:0.1600 > L:0.0174, Cost:$0.80)",,,,,,,,5.0,10.0,,,,,0,0,,,Inv: 5.0/10.0 CapLeft: 35.0,,,5.0,10.0,15.0,35.0,50.0,0.0,50.0,0.96,0.040000000000000036,-5.0,0.45999999999999996,0.7,0.15999999999999992,5.0,0.7999999999999996,0.017447157949209213,OVERPAY_LIMIT
1765987913.795537,eth-updown-15m-1765987200,1765987200.0,1765988100.0,,186.20446300506592,,,,,0.45,0.45,0.9,0.98,ORDERS_OPEN,,,,,,,,,,,,,,5,5,,,,,,,,,,,,,,,,,,,,Leg:BOTH UP:5 DOWN:5,,,,,,,,0.0,0.0,,,,,0,0,,,Inv: 0.0/0.0 CapLeft: 50.0,,,0.0,0.0,0.0,50.0,50.0,0.0,50.0,0.9,0.09999999999999998,0.0,0.0,0.0,0.0,0.0,0.0,0.0,
1765987913.8601863,eth-updown-15m-1765987200,1765987200.0,1765988100.0,,186.13981366157532,,,,,0,0,1.0,0.98,ONE_LEG_INVENTORY,,,,,,,,,,,,,,0,5,,,,,,,,,,,,,,,,,,,,"RECONSTRUCT_BLOCKED: OVERPAY_LIMIT (Op:0.1400 > L:0.0175, Cost:$0.70)",,,,,,,,5.0,10.0,,,,,0,0,,,Inv: 5.0/10.0 CapLeft: 35.0,,,5.0,10.0,15.0,35.0,50.0,0.0,50.0,0.96,0.040000000000000036,-5.0,0.45999999999999996,0.68,0.14000000000000012,5.0,0.7000000000000006,0.017519756987690926,OVERPAY_LIMIT
1765987913.8601863,eth-updown-15m-1765987200,1765987200.0,1765988100.0,,186.13981366157532,,,,,0,0,1.0,0.98,ONE_LEG_INVENTORY,,,,,,,,,,,,,,0,5,,,,,,,,,,,,,,,,,,,,"RECONSTRUCT_BLOCKED: OVERPAY_LIMIT (Op:0.1400 > L:0.0175, Cost:$0.70)",,,,,,,,5.0,10.0,,,,,0,0,,,Inv: 5.0/10.0 CapLeft: 35.0,,,5.0,10.0,15.0,35.0,50.0,0.0,50.0,0.96,0.040000000000000036,-5.0,0.45999999999999996,0.68,0.14000000000000012,5.0,0.7000000000000006,0.017519756987690926,OVERPAY_LIMIT
1765987915.2973578,eth-updown-15m-1765987200,1765987200.0,1765988100.0,,184.70264220237732,,,,,0,0,0.9,0.98,ORDERS_OPEN,,,,,,,,,,,,,,0,5,,,,,,,,,,,,,,,,,,,,,,,,,,,,0.0,0.0,,,,,0,0,,,Inv: 0.0/0.0 CapLeft: 50.0,,,0.0,0.0,0.0,50.0,50.0,0.0,50.0,0.9,0.09999999999999998,0.0,0.0,0.0,0.0,0.0,0.0,0.0,
1765987915.7916493,eth-updown-15m-1765987200,1765987200.0,1765988100.0,,184.20835065841675,,,,,0,0,0.98,0.98,ONE_LEG_INVENTORY,,,,,,,,,,,,,,0,5,,,,,,,,,,,,,,,,,,,,"RECONSTRUCT_BLOCKED: OVERPAY_LIMIT (Op:0.0600 > L:0.0176, Cost:$0.30)",,,,,,,,5.0,10.0,,,,,0,0,,,Inv: 5.0/10.0 CapLeft: 35.0,,,5.0,10.0,15.0,35.0,50.0,0.0,50.0,0.96,0.040000000000000036,-5.0,0.45999999999999996,0.6,0.06000000000000005,5.0,0.30000000000000027,0.01759218685030937,OVERPAY_LIMIT
1765987915.7916493,eth-updown-15m-1765987200,1765987200.0,1765988100.0,,184.20835065841675,,,,,0,0,0.98,0.98,ONE_LEG_INVENTORY,,,,,,,,,,,,,,0,5,,,,,,,,,,,,,,,,,,,,"RECONSTRUCT_BLOCKED: OVERPAY_LIMIT (Op:0.0600 > L:0.0176, Cost:$0.30)",,,,,,,,5.0,10.0,,,,,0,0,,,Inv: 5.0/10.0 CapLeft: 35.0,,,5.0,10.0,15.0,35.0,50.0,0.0,50.0,0.96,0.040000000000000036,-5.0,0.45999999999999996,0.6,0.06000000000000005,5.0,0.30000000000000027,0.01759218685030937,OVERPAY_LIMIT
1765987916.7992938,eth-updown-15m-1765987200,1765987200.0,1765988100.0,,183.20070624351501,,,,,0,0,0.9,0.98,ORDERS_OPEN,,,,,,,,,,,,,,0,5,,,,,,,,,,,,,,,,,,,,,,,,,,,,0.0,0.0,,,,,0,0,,,Inv: 0.0/0.0 CapLeft: 50.0,,,0.0,0.0,0.0,50.0,50.0,0.0,50.0,0.9,0.09999999999999998,0.0,0.0,0.0,0.0,0.0,0.0,0.0,
1765987917.737234,eth-updown-15m-1765987200,1765987200.0,1765988100.0,,182.2627658843994,,,,,0,0,0.96,0.98,ONE_LEG_INVENTORY,,,,,,,,,,,,,,0,5,,,,,,,,,,,,,,,,,,,,"RECONSTRUCT_BLOCKED: OVERPAY_LIMIT (Op:0.0500 > L:0.0177, Cost:$0.25)",,,,,,,,5.0,10.0,,,,,0,0,,,Inv: 5.0/10.0 CapLeft: 35.0,,,5.0,10.0,15.0,35.0,50.0,0.0,50.0,0.96,0.040000000000000036,-5.0,0.45999999999999996,0.59,0.04999999999999982,5.0,0.2499999999999991,0.01766514627933502,OVERPAY_LIMIT
1765987917.737234,eth-updown-15m-1765987200,1765987200.0,1765988100.0,,182.2627658843994,,,,,0,0,0.96,0.98,ONE_LEG_INVENTORY,,,,,,,,,,,,,,0,5,,,,,,,,,,,,,,,,,,,,"RECONSTRUCT_BLOCKED: OVERPAY_LIMIT (Op:0.0500 > L:0.0177, Cost:$0.25)",,,,,,,,5.0,10.0,,,,,0,0,,,Inv: 5.0/10.0 CapLeft: 35.0,,,5.0,10.0,15.0,35.0,50.0,0.0,50.0,0.96,0.040000000000000036,-5.0,0.45999999999999996,0.59,0.04999999999999982,5.0,0.2499999999999991,0.01766514627933502,OVERPAY_LIMIT
1765987918.3008797,eth-updown-15m-1765987200,1765987200.0,1765988100.0,,181.69912028312683,,,,,0,0,0.9,0.98,ORDERS_OPEN,,,,,,,,,,,,,,0,5,,,,,,,,,,,,,,,,,,,,,,,,,,,,0.0,0.0,,,,,0,0,,,Inv: 0.0/0.0 CapLeft: 50.0,,,0.0,0.0,0.0,50.0,50.0,0.0,50.0,0.9,0.09999999999999998,0.0,0.0,0.0,0.0,0.0,0.0,0.0,
1765987919.8021004,eth-updown-15m-1765987200,1765987200.0,1765988100.0,,180.19789958000183,,,,,0,0,0.9,0.98,ORDERS_OPEN,,,,,,,,,,,,,,0,5,,,,,,,,,,,,,,,,,,,,,,,,,,,,0.0,0.0,,,,,0,0,,,Inv: 0.0/0.0 CapLeft: 50.0,,,0.0,0.0,0.0,50.0,50.0,0.0,50.0,0.9,0.09999999999999998,0.0,0.0,0.0,0.0,0.0,0.0,0.0,
1765987919.6648011,eth-updown-15m-1765987200,1765987200.0,1765988100.0,,180.33519887924194,,,,,0,0,0.99,0.98,ONE_LEG_INVENTORY,,,,,,,,,,,,,,0,5,,,,,,,,,,,,,,,,,,,,"RECONSTRUCT_BLOCKED: OVERPAY_LIMIT (Op:0.0500 > L:0.0177, Cost:$0.25)",,,,,,,,5.0,10.0,,,,,0,0,,,Inv: 5.0/10.0 CapLeft: 35.0,,,5.0,10.0,15.0,35.0,50.0,0.0,50.0,0.96,0.040000000000000036,-5.0,0.45999999999999996,0.59,0.04999999999999982,5.0,0.2499999999999991,0.017737430042028428,OVERPAY_LIMIT
1765987919.6648011,eth-updown-15m-1765987200,1765987200.0,1765988100.0,,180.33519887924194,,,,,0,0,0.99,0.98,ONE_LEG_INVENTORY,,,,,,,,,,,,,,0,5,,,,,,,,,,,,,,,,,,,,"RECONSTRUCT_BLOCKED: OVERPAY_LIMIT (Op:0.0500 > L:0.0177, Cost:$0.25)",,,,,,,,5.0,10.0,,,,,0,0,,,Inv: 5.0/10.0 CapLeft: 35.0,,,5.0,10.0,15.0,35.0,50.0,0.0,50.0,0.96,0.040000000000000036,-5.0,0.45999999999999996,0.59,0.04999999999999982,5.0,0.2499999999999991,0.017737430042028428,OVERPAY_LIMIT
1765987921.3034046,eth-updown-15m-1765987200,1765987200.0,1765988100.0,,178.69659543037415,,,,,0,0,0.9,0.98,ORDERS_OPEN,,,,,,,,,,,,,,0,5,,,,,,,,,,,,,,,,,,,,,,,,,,,,0.0,0.0,,,,,0,0,,,Inv: 0.0/0.0 CapLeft: 50.0,,,0.0,0.0,0.0,50.0,50.0,0.0,50.0,0.9,0.09999999999999998,0.0,0.0,0.0,0.0,0.0,0.0,0.0,
1765987921.6422086,eth-updown-15m-1765987200,1765987200.0,1765988100.0,,178.3577914237976,,,,,0,0,0.99,0.98,ONE_LEG_INVENTORY,,,,,,,,,,,,,,0,5,,,,,,,,,,,,,,,,,,,,"RECONSTRUCT_BLOCKED: OVERPAY_LIMIT (Op:0.0300 > L:0.0178, Cost:$0.15)",,,,,,,,5.0,10.0,,,,,0,0,,,Inv: 5.0/10.0 CapLeft: 35.0,,,5.0,10.0,15.0,35.0,50.0,0.0,50.0,0.96,0.040000000000000036,-5.0,0.45999999999999996,0.57,0.029999999999999805,5.0,0.14999999999999902,0.017811582821607587,OVERPAY_LIMIT
1765987921.6422086,eth-updown-15m-1765987200,1765987200.0,1765988100.0,,178.3577914237976,,,,,0,0,0.99,0.98,ONE_LEG_INVENTORY,,,,,,,,,,,,,,0,5,,,,,,,,,,,,,,,,,,,,"RECONSTRUCT_BLOCKED: OVERPAY_LIMIT (Op:0.0300 > L:0.0178, Cost:$0.15)",,,,,,,,5.0,10.0,,,,,0,0,,,Inv: 5.0/10.0 CapLeft: 35.0,,,5.0,10.0,15.0,35.0,50.0,0.0,50.0,0.96,0.040000000000000036,-5.0,0.45999999999999996,0.57,0.029999999999999805,5.0,0.14999999999999902,0.017811582821607587,OVERPAY_LIMIT
1765987922.8047276,eth-updown-15m-1765987200,1765987200.0,1765988100.0,,177.1952724456787,,,,,0,0,0.9,0.98,ORDERS_OPEN,,,,,,,,,,,,,,0,5,,,,,,,,,,,,,,,,,,,,,,,,,,,,0.0,0.0,,,,,0,0,,,Inv: 0.0/0.0 CapLeft: 50.0,,,0.0,0.0,0.0,50.0,50.0,0.0,50.0,0.9,0.09999999999999998,0.0,0.0,0.0,0.0,0.0,0.0,0.0,
1765987923.5797117,eth-updown-15m-1765987200,1765987200.0,1765988100.0,,176.42028832435608,,,,,0,0,0.99,0.98,ONE_LEG_INVENTORY,,,,,,,,,,,,,,0,5,,,,,,,,,,,,,,,,,,,,"RECONSTRUCT_BLOCKED: OVERPAY_LIMIT (Op:0.0700 > L:0.0179, Cost:$0.35)",,,,,,,,5.0,10.0,,,,,0,0,,,Inv: 5.0/10.0 CapLeft: 35.0,,,5.0,10.0,15.0,35.0,50.0,0.0,50.0,0.96,0.040000000000000036,-5.0,0.45999999999999996,0.61,0.06999999999999984,5.0,0.3499999999999992,0.017884239187836645,OVERPAY_LIMIT
1765987923.5797117,eth-updown-15m-1765987200,1765987200.0,1765988100.0,,176.42028832435608,,,,,0,0,0.99,0.98,ONE_LEG_INVENTORY,,,,,,,,,,,,,,0,5,,,,,,,,,,,,,,,,,,,,"RECONSTRUCT_BLOCKED: OVERPAY_LIMIT (Op:0.0700 > L:0.0179, Cost:$0.35)",,,,,,,,5.0,10.0,,,,,0,0,,,Inv: 5.0/10.0 CapLeft: 35.0,,,5.0,10.0,15.0,35.0,50.0,0.0,50.0,0.96,0.040000000000000036,-5.0,0.45999999999999996,0.61,0.06999999999999984,5.0,0.3499999999999992,0.017884239187836645,OVERPAY_LIMIT
1765987924.3066683,eth-updown-15m-1765987200,1765987200.0,1765988100.0,,175.69333171844482,,,,,0,0,0.9,0.98,ORDERS_OPEN,,,,,,,,,,,,,,0,5,,,,,,,,,,,,,,,,,,,,,,,,,,,,0.0,0.0,,,,,0,0,,,Inv: 0.0/0.0 CapLeft: 50.0,,,0.0,0.0,0.0,50.0,50.0,0.0,50.0,0.9,0.09999999999999998,0.0,0.0,0.0,0.0,0.0,0.0,0.0,
1765987925.8077855,eth-updown-15m-1765987200,1765987200.0,1765988100.0,,174.19221448898315,,,,,0,0,0.9,0.98,ORDERS_OPEN,,,,,,,,,,,,,,0,5,,,,,,,,,,,,,,,,,,,,,,,,,,,,0.0,0.0,,,,,0,0,,,Inv: 0.0/0.0 CapLeft: 50.0,,,0.0,0.0,0.0,50.0,50.0,0.0,50.0,0.9,0.09999999999999998,0.0,0.0,0.0,0.0,0.0,0.0,0.0,
1765987925.5795357,eth-updown-15m-1765987200,1765987200.0,1765988100.0,,174.42046427726746,,,,,0,0,0.97,0.98,ONE_LEG_INVENTORY,,,,,,,,,,,,,,0,5,,,,,,,,,,,,,,,,,,,,"RECONSTRUCT_BLOCKED: OVERPAY_LIMIT (Op:0.1200 > L:0.0180, Cost:$0.60)",,,,,,,,5.0,10.0,,,,,0,0,,,Inv: 5.0/10.0 CapLeft: 35.0,,,5.0,10.0,15.0,35.0,50.0,0.0,50.0,0.96,0.040000000000000036,-5.0,0.45999999999999996,0.66,0.1200000000000001,5.0,0.6000000000000005,0.01795923258960247,OVERPAY_LIMIT
1765987925.5795357,eth-updown-15m-1765987200,1765987200.0,1765988100.0,,174.42046427726746,,,,,0,0,0.97,0.98,ONE_LEG_INVENTORY,,,,,,,,,,,,,,0,5,,,,,,,,,,,,,,,,,,,,"RECONSTRUCT_BLOCKED: OVERPAY_LIMIT (Op:0.1200 > L:0.0180, Cost:$0.60)",,,,,,,,5.0,10.0,,,,,0,0,,,Inv: 5.0/10.0 CapLeft: 35.0,,,5.0,10.0,15.0,35.0,50.0,0.0,50.0,0.96,0.040000000000000036,-5.0,0.45999999999999996,0.66,0.1200000000000001,5.0,0.6000000000000005,0.01795923258960247,OVERPAY_LIMIT
1765987927.3096378,eth-updown-15m-1765987200,1765987200.0,1765988100.0,,172.69036221504211,,,,,0,0,0.9,0.98,ORDERS_OPEN,,,,,,,,,,,,,,0,5,,,,,,,,,,,,,,,,,,,,,,,,,,,,0.0,0.0,,,,,0,0,,,Inv: 0.0/0.0 CapLeft: 50.0,,,0.0,0.0,0.0,50.0,50.0,0.0,50.0,0.9,0.09999999999999998,0.0,0.0,0.0,0.0,0.0,0.0,0.0,
1765987927.5169737,eth-updown-15m-1765987200,1765987200.0,1765988100.0,,172.48302626609802,,,,,0,0,0.96,0.98,ONE_LEG_INVENTORY,,,,,,,,,,,,,,0,5,,,,,,,,,,,,,,,,,,,,"RECONSTRUCT_BLOCKED: OVERPAY_LIMIT (Op:0.1200 > L:0.0180, Cost:$0.60)",,,,,,,,5.0,10.0,,,,,0,0,,,Inv: 5.0/10.0 CapLeft: 35.0,,,5.0,10.0,15.0,35.0,50.0,0.0,50.0,0.96,0.040000000000000036,-5.0,0.45999999999999996,0.66,0.1200000000000001,5.0,0.6000000000000005,0.01803188651502132,OVERPAY_LIMIT
1765987927.5169737,eth-updown-15m-1765987200,1765987200.0,1765988100.0,,172.48302626609802,,,,,0,0,0.96,0.98,ONE_LEG_INVENTORY,,,,,,,,,,,,,,0,5,,,,,,,,,,,,,,,,,,,,"RECONSTRUCT_BLOCKED: OVERPAY_LIMIT (Op:0.1200 > L:0.0180, Cost:$0.60)",,,,,,,,5.0,10.0,,,,,0,0,,,Inv: 5.0/10.0 CapLeft: 35.0,,,5.0,10.0,15.0,35.0,50.0,0.0,50.0,0.96,0.040000000000000036,-5.0,0.45999999999999996,0.66,0.1200000000000001,5.0,0.6000000000000005,0.01803188651502132,OVERPAY_LIMIT
1765987929.4572797,eth-updown-15m-1765987200,1765987200.0,1765988100.0,,170.54272031784058,,,,,0,0,0.97,0.98,ONE_LEG_INVENTORY,,,,,,,,,,,,,,0,5,,,,,,,,,,,,,,,,,,,,"RECONSTRUCT_BLOCKED: OVERPAY_LIMIT (Op:0.0700 > L:0.0181, Cost:$0.35)",,,,,,,,5.0,10.0,,,,,0,0,,,Inv: 5.0/10.0 CapLeft: 35.0,,,5.0,10.0,15.0,35.0,50.0,0.0,50.0,0.96,0.040000000000000036,-5.0,0.45999999999999996,0.61,0.06999999999999984,5.0,0.3499999999999992,0.01810464798808098,OVERPAY_LIMIT
1765987929.4572797,eth-updown-15m-1765987200,1765987200.0,1765988100.0,,170.54272031784058,,,,,0,0,0.97,0.98,ONE_LEG_INVENTORY,,,,,,,,,,,,,,0,5,,,,,,,,,,,,,,,,,,,,"RECONSTRUCT_BLOCKED: OVERPAY_LIMIT (Op:0.0700 > L:0.0181, Cost:$0.35)",,,,,,,,5.0,10.0,,,,,0,0,,,Inv: 5.0/10.0 CapLeft: 35.0,,,5.0,10.0,15.0,35.0,50.0,0.0,50.0,0.96,0.040000000000000036,-5.0,0.45999999999999996,0.61,0.06999999999999984,5.0,0.3499999999999992,0.01810464798808098,OVERPAY_LIMIT
1765987930.312282,eth-updown-15m-1765987200,1765987200.0,1765988100.0,,169.6877179145813,,,,,0.45,0.45,0.9,0.98,ORDERS_OPEN,,,,,,,,,,,,,,5,5,,,,,,,,,,,,,,,,,,,,Leg:BOTH UP:5 DOWN:5,,,,,,,,0.0,0.0,,,,,0,0,,,Inv: 0.0/0.0 CapLeft: 50.0,,,0.0,0.0,0.0,50.0,50.0,0.0,50.0,0.9,0.09999999999999998,0.0,0.0,0.0,0.0,0.0,0.0,0.0,
1765987931.8141913,eth-updown-15m-1765987200,1765987200.0,1765988100.0,,168.18580865859985,,,,,0,0,0.9,0.98,ORDERS_OPEN,,,,,,,,,,,,,,0,5,,,,,,,,,,,,,,,,,,,,,,,,,,,,0.0,0.0,,,,,0,0,,,Inv: 0.0/0.0 CapLeft: 50.0,,,0.0,0.0,0.0,50.0,50.0,0.0,50.0,0.9,0.09999999999999998,0.0,0.0,0.0,0.0,0.0,0.0,0.0,
1765987931.4119844,eth-updown-15m-1765987200,1765987200.0,1765988100.0,,168.58801555633545,,,,,0,0,0.9600000000000001,0.98,ONE_LEG_INVENTORY,,,,,,,,,,,,,,0,5,,,,,,,,,,,,,,,,,,,,"RECONSTRUCT_BLOCKED: OVERPAY_LIMIT (Op:0.1400 > L:0.0182, Cost:$0.70)",,,,,,,,5.0,10.0,,,,,0,0,,,Inv: 5.0/10.0 CapLeft: 35.0,,,5.0,10.0,15.0,35.0,50.0,0.0,50.0,0.96,0.040000000000000036,-5.0,0.45999999999999996,0.68,0.14000000000000012,5.0,0.7000000000000006,0.018177949416637418,OVERPAY_LIMIT
1765987931.4119844,eth-updown-15m-1765987200,1765987200.0,1765988100.0,,168.58801555633545,,,,,0,0,0.9600000000000001,0.98,ONE_LEG_INVENTORY,,,,,,,,,,,,,,0,5,,,,,,,,,,,,,,,,,,,,"RECONSTRUCT_BLOCKED: OVERPAY_LIMIT (Op:0.1400 > L:0.0182, Cost:$0.70)",,,,,,,,5.0,10.0,,,,,0,0,,,Inv: 5.0/10.0 CapLeft: 35.0,,,5.0,10.0,15.0,35.0,50.0,0.0,50.0,0.96,0.040000000000000036,-5.0,0.45999999999999996,0.68,0.14000000000000012,5.0,0.7000000000000006,0.018177949416637418,OVERPAY_LIMIT
1765987933.3155928,eth-updown-15m-1765987200,1765987200.0,1765988100.0,,166.6844072341919,,,,,0,0,0.9,0.98,ORDERS_OPEN,,,,,,,,,,,,,,0,5,,,,,,,,,,,,,,,,,,,,,,,,,,,,0.0,0.0,,,,,0,0,,,Inv: 0.0/0.0 CapLeft: 50.0,,,0.0,0.0,0.0,50.0,50.0,0.0,50.0,0.9,0.09999999999999998,0.0,0.0,0.0,0.0,0.0,0.0,0.0,
1765987933.3748639,eth-updown-15m-1765987200,1765987200.0,1765988100.0,,166.62513613700867,,,,,0,0,0.97,0.98,ONE_LEG_INVENTORY,,,,,,,,,,,,,,0,5,,,,,,,,,,,,,,,,,,,,"RECONSTRUCT_BLOCKED: OVERPAY_LIMIT (Op:0.0800 > L:0.0183, Cost:$0.40)",,,,,,,,5.0,10.0,,,,,0,0,,,Inv: 5.0/10.0 CapLeft: 35.0,,,5.0,10.0,15.0,35.0,50.0,0.0,50.0,0.96,0.040000000000000036,-5.0,0.45999999999999996,0.62,0.08000000000000007,5.0,0.40000000000000036,0.018251557394862172,OVERPAY_LIMIT
1765987933.3748639,eth-updown-15m-1765987200,1765987200.0,1765988100.0,,166.62513613700867,,,,,0,0,0.97,0.98,ONE_LEG_INVENTORY,,,,,,,,,,,,,,0,5,,,,,,,,,,,,,,,,,,,,"RECONSTRUCT_BLOCKED: OVERPAY_LIMIT (Op:0.0800 > L:0.0183, Cost:$0.40)",,,,,,,,5.0,10.0,,,,,0,0,,,Inv: 5.0/10.0 CapLeft: 35.0,,,5.0,10.0,15.0,35.0,50.0,0.0,50.0,0.96,0.040000000000000036,-5.0,0.45999999999999996,0.62,0.08000000000000007,5.0,0.40000000000000036,0.018251557394862172,OVERPAY_LIMIT
1765987934.8168068,eth-updown-15m-1765987200,1765987200.0,1765988100.0,,165.1831932067871,,,,,0,0,0.9,0.98,ORDERS_OPEN,,,,,,,,,,,,,,0,5,,,,,,,,,,,,,,,,,,,,,,,,,,,,0.0,0.0,,,,,0,0,,,Inv: 0.0/0.0 CapLeft: 50.0,,,0.0,0.0,0.0,50.0,50.0,0.0,50.0,0.9,0.09999999999999998,0.0,0.0,0.0,0.0,0.0,0.0,0.0,
1765987935.309793,eth-updown-15m-1765987200,1765987200.0,1765988100.0,,164.69020700454712,,,,,0,0,0.99,0.98,ONE_LEG_INVENTORY,,,,,,,,,,,,,,0,5,,,,,,,,,,,,,,,,,,,,"RECONSTRUCT_BLOCKED: OVERPAY_LIMIT (Op:0.0800 > L:0.0183, Cost:$0.40)",,,,,,,,5.0,10.0,,,,,0,0,,,Inv: 5.0/10.0 CapLeft: 35.0,,,5.0,10.0,15.0,35.0,50.0,0.0,50.0,0.96,0.040000000000000036,-5.0,0.45999999999999996,0.62,0.08000000000000007,5.0,0.40000000000000036,0.018324117237329483,OVERPAY_LIMIT
1765987935.309793,eth-updown-15m-1765987200,1765987200.0,1765988100.0,,164.69020700454712,,,,,0,0,0.99,0.98,ONE_LEG_INVENTORY,,,,,,,,,,,,,,0,5,,,,,,,,,,,,,,,,,,,,"RECONSTRUCT_BLOCKED: OVERPAY_LIMIT (Op:0.0800 > L:0.0183, Cost:$0.40)",,,,,,,,5.0,10.0,,,,,0,0,,,Inv: 5.0/10.0 CapLeft: 35.0,,,5.0,10.0,15.0,35.0,50.0,0.0,50.0,0.96,0.040000000000000036,-5.0,0.45999999999999996,0.62,0.08000000000000007,5.0,0.40000000000000036,0.018324117237329483,OVERPAY_LIMIT
1765987936.3179114,eth-updown-15m-1765987200,1765987200.0,1765988100.0,,163.68208861351013,,,,,0,0,0.9,0.98,ORDERS_OPEN,,,,,,,,,,,,,,0,5,,,,,,,,,,,,,,,,,,,,,,,,,,,,0.0,0.0,,,,,0,0,,,Inv: 0.0/0.0 CapLeft: 50.0,,,0.0,0.0,0.0,50.0,50.0,0.0,50.0,0.9,0.09999999999999998,0.0,0.0,0.0,0.0,0.0,0.0,0.0,
1765987937.8194509,eth-updown-15m-1765987200,1765987200.0,1765988100.0,,162.18054914474487,,,,,0,0,0.9,0.98,ORDERS_OPEN,,,,,,,,,,,,,,0,5,,,,,,,,,,,,,,,,,,,,,,,,,,,,0.0,0.0,,,,,0,0,,,Inv: 0.0/0.0 CapLeft: 50.0,,,0.0,0.0,0.0,50.0,50.0,0.0,50.0,0.9,0.09999999999999998,0.0,0.0,0.0,0.0,0.0,0.0,0.0,
1765987937.3200521,eth-updown-15m-1765987200,1765987200.0,1765988100.0,,162.67994785308838,,,,,0.49,0.52,1.01,0.98,IDLE,,,,,,,,,,,,,,5.0,5.0,,,,,,,,,,,,,,,,,,,,RECONSTRUCT_CHUNK: 5.0/0.0 (Op:-0.0500 B:$50.00),,,,,,,,10.0,10.0,,,,,0,0,,,Inv: 10.0/10.0 CapLeft: 30.0,,,10.0,10.0,20.0,30.0,50.0,0.0,50.0,0.96,0.040000000000000036,-5.0,0.45999999999999996,0.49,-0.050000000000000044,5.0,0.0,0.018399501955509184,OK
1765987939.3206885,eth-updown-15m-1765987200,1765987200.0,1765988100.0,,160.67931151390076,,,,,0,0,0.9,0.98,ORDERS_OPEN,,,,,,,,,,,,,,0,5,,,,,,,,,,,,,,,,,,,,,,,,,,,,0.0,0.0,,,,,0,0,,,Inv: 0.0/0.0 CapLeft: 50.0,,,0.0,0.0,0.0,50.0,50.0,0.0,50.0,0.9,0.09999999999999998,0.0,0.0,0.0,0.0,0.0,0.0,0.0,
1765987940.8223019,eth-updown-15m-1765987200,1765987200.0,1765988100.0,,159.17769813537598,,,,,0,0,0.9,0.98,ORDERS_OPEN,,,,,,,,,,,,,,0,5,,,,,,,,,,,,,,,,,,,,,,,,,,,,0.0,0.0,,,,,0,0,,,Inv: 0.0/0.0 CapLeft: 50.0,,,0.0,0.0,0.0,50.0,50.0,0.0,50.0,0.9,0.09999999999999998,0.0,0.0,0.0,0.0,0.0,0.0,0.0,
1765987942.3236775,eth-updown-15m-1765987200,1765987200.0,1765988100.0,,157.67632246017456,,,,,0,0,0.9,0.98,ORDERS_OPEN,,,,,,,,,,,,,,0,5,,,,,,,,,,,,,,,,,,,,,,,,,,,,0.0,0.0,,,,,0,0,,,Inv: 0.0/0.0 CapLeft: 50.0,,,0.0,0.0,0.0,50.0,50.0,0.0,50.0,0.9,0.09999999999999998,0.0,0.0,0.0,0.0,0.0,0.0,0.0,
1765987940.2504644,eth-updown-15m-1765987200,1765987200.0,1765988100.0,,159.7495355606079,,,,,0.34,0.62,0.96,0.98,ORDERS_OPEN,,,,,,,,,,,,,,5,5,,,,,,,,,,,,,,,,,,,,Leg:BOTH UP:5 DOWN:5,,,,,,,,15.0,10.0,,,,,0,0,,,Inv: 15.0/10.0 CapLeft: 25.0,,,15.0,10.0,25.0,25.0,50.0,0.0,50.0,0.96,0.040000000000000036,-5.0,0.45999999999999996,0.49,-0.050000000000000044,5.0,0.0,0.018399501955509184,OK
1765987943.825193,eth-updown-15m-1765987200,1765987200.0,1765988100.0,,156.1748070716858,,,,,0,0,0.9,0.98,ORDERS_OPEN,,,,,,,,,,,,,,0,5,,,,,,,,,,,,,,,,,,,,,,,,,,,,0.0,0.0,,,,,0,0,,,Inv: 0.0/0.0 CapLeft: 50.0,,,0.0,0.0,0.0,50.0,50.0,0.0,50.0,0.9,0.09999999999999998,0.0,0.0,0.0,0.0,0.0,0.0,0.0,
1765987944.151582,eth-updown-15m-1765987200,1765987200.0,1765988100.0,,155.84841799736023,,,,,0,0,0.99,0.98,IDLE,,,,,,,,,,,,,,0,5,,,,,,,,,,,,,,,,,,,,,,,,,,,,15.0,15.0,,,,,0,0,,,Inv: 15.0/15.0 CapLeft: 20.0,,,15.0,15.0,30.0,20.0,50.0,0.0,50.0,0.96,0.040000000000000036,-5.0,0.45999999999999996,0.49,-0.050000000000000044,5.0,0.0,0.018399501955509184,OK
1765987946.29189,eth-updown-15m-1765987200,1765987200.0,1765988100.0,,153.70811009407043,,,,,0,0,1.03,0.98,IDLE,,,,,,,,,,,,,,0,5,,,,,,,,,,,,,,,,,,,,Spread high 1.03 > 0.98,,,,,,,,15.0,15.0,,,,,0,0,,,Inv: 15.0/15.0 CapLeft: 20.0,,,15.0,15.0,30.0,20.0,50.0,0.0,50.0,0.96,0.040000000000000036,-5.0,0.45999999999999996,0.49,-0.050000000000000044,5.0,0.0,0.018399501955509184,OK
1765987946.8277202,eth-updown-15m-1765987200,1765987200.0,1765988100.0,,153.17227983474731,,,,,0.45,0.45,0.9,0.98,ORDERS_OPEN,,,,,,,,,,,,,,5,5,,,,,,,,,,,,,,,,,,,,Leg:BOTH UP:5 DOWN:5,,,,,,,,0.0,0.0,,,,,0,0,,,Inv: 0.0/0.0 CapLeft: 50.0,,,0.0,0.0,0.0,50.0,50.0,0.0,50.0,0.9,0.09999999999999998,0.0,0.0,0.0,0.0,0.0,0.0,0.0,
1765987948.3293216,eth-updown-15m-1765987200,1765987200.0,1765988100.0,,151.6706783771515,,,,,0,0,0.9,0.98,ORDERS_OPEN,,,,,,,,,,,,,,0,5,,,,,,,,,,,,,,,,,,,,,,,,,,,,0.0,0.0,,,,,0,0,,,Inv: 0.0/0.0 CapLeft: 50.0,,,0.0,0.0,0.0,50.0,50.0,0.0,50.0,0.9,0.09999999999999998,0.0,0.0,0.0,0.0,0.0,0.0,0.0,
1765987948.2243974,eth-updown-15m-1765987200,1765987200.0,1765988100.0,,151.77560257911682,,,,,0.38,0.59,0.97,0.98,ORDERS_OPEN,,,,,,,,,,,,,,5,5,,,,,,,,,,,,,,,,,,,,Leg:BOTH UP:5 DOWN:5,,,,,,,,20.0,15.0,,,,,0,0,,,Inv: 20.0/15.0 CapLeft: 15.0,,,20.0,15.0,35.0,15.0,50.0,0.0,50.0,0.97,0.030000000000000027,-5.0,0.45999999999999996,0.49,-0.050000000000000044,5.0,0.0,0.018399501955509184,OK
1765987949.830757,eth-updown-15m-1765987200,1765987200.0,1765988100.0,,150.1692430973053,,,,,0,0,0.9,0.98,ORDERS_OPEN,,,,,,,,,,,,,,0,5,,,,,,,,,,,,,,,,,,,,,,,,,,,,0.0,0.0,,,,,0,0,,,Inv: 0.0/0.0 CapLeft: 50.0,,,0.0,0.0,0.0,50.0,50.0,0.0,50.0,0.9,0.09999999999999998,0.0,0.0,0.0,0.0,0.0,0.0,0.0,
1765987951.3330061,eth-updown-15m-1765987200,1765987200.0,1765988100.0,,148.66699385643005,,,,,0,0,0.9,0.98,ORDERS_OPEN,,,,,,,,,,,,,,0,5,,,,,,,,,,,,,,,,,,,,,,,,,,,,0.0,0.0,,,,,0,0,,,Inv: 0.0/0.0 CapLeft: 50.0,,,0.0,0.0,0.0,50.0,50.0,0.0,50.0,0.9,0.09999999999999998,0.0,0.0,0.0,0.0,0.0,0.0,0.0,
1765987951.0382087,eth-updown-15m-1765987200,1765987200.0,1765988100.0,,148.96179127693176,,,,,0,0,0.98,0.98,IDLE,,,,,,,,,,,,,,0,5,,,,,,,,,,,,,,,,,,,,,,,,,,,,20.0,20.0,,,,,0,0,,,Inv: 20.0/20.0 CapLeft: 10.0,,,20.0,20.0,40.0,10.0,50.0,0.0,50.0,0.97,0.030000000000000027,-5.0,0.45999999999999996,0.49,-0.050000000000000044,5.0,0.0,0.018399501955509184,OK
1765987952.8343308,eth-updown-15m-1765987200,1765987200.0,1765988100.0,,147.16566920280457,,,,,0,0,0.9,0.98,ORDERS_OPEN,,,,,,,,,,,,,,0,5,,,,,,,,,,,,,,,,,,,,,,,,,,,,0.0,0.0,,,,,0,0,,,Inv: 0.0/0.0 CapLeft: 50.0,,,0.0,0.0,0.0,50.0,50.0,0.0,50.0,0.9,0.09999999999999998,0.0,0.0,0.0,0.0,0.0,0.0,0.0,
1765987954.3360326,eth-updown-15m-1765987200,1765987200.0,1765988100.0,,145.66396737098694,,,,,0,0,0.9,0.98,ORDERS_OPEN,,,,,,,,,,,,,,0,5,,,,,,,,,,,,,,,,,,,,,,,,,,,,0.0,0.0,,,,,0,0,,,Inv: 0.0/0.0 CapLeft: 50.0,,,0.0,0.0,0.0,50.0,50.0,0.0,50.0,0.9,0.09999999999999998,0.0,0.0,0.0,0.0,0.0,0.0,0.0,
1765987953.1999557,eth-updown-15m-1765987200,1765987200.0,1765988100.0,,146.800044298172,,,,,0.36,0.6,0.96,0.98,ORDERS_OPEN,,,,,,,,,,,,,,5,5,,,,,,,,,,,,,,,,,,,,Leg:BOTH UP:5 DOWN:5,,,,,,,,20.0,25.0,,,,,0,0,,,Inv: 20.0/25.0 CapLeft: 5.0,,,20.0,25.0,45.0,5.0,50.0,0.0,50.0,0.96,0.040000000000000036,-5.0,0.45999999999999996,0.49,-0.050000000000000044,5.0,0.0,0.018399501955509184,OK
1765987955.8376315,eth-updown-15m-1765987200,1765987200.0,1765988100.0,,144.16236853599548,,,,,0,0,0.9,0.98,ORDERS_OPEN,,,,,,,,,,,,,,0,5,,,,,,,,,,,,,,,,,,,,,,,,,,,,0.0,0.0,,,,,0,0,,,Inv: 0.0/0.0 CapLeft: 50.0,,,0.0,0.0,0.0,50.0,50.0,0.0,50.0,0.9,0.09999999999999998,0.0,0.0,0.0,0.0,0.0,0.0,0.0,
1765987957.3397274,eth-updown-15m-1765987200,1765987200.0,1765988100.0,,142.6602725982666,,,,,0,0,0.9,0.98,ORDERS_OPEN,,,,,,,,,,,,,,0,5,,,,,,,,,,,,,,,,,,,,,,,,,,,,0.0,0.0,,,,,0,0,,,Inv: 0.0/0.0 CapLeft: 50.0,,,0.0,0.0,0.0,50.0,50.0,0.0,50.0,0.9,0.09999999999999998,0.0,0.0,0.0,0.0,0.0,0.0,0.0,
1765987956.9630406,eth-updown-15m-1765987200,1765987200.0,1765988100.0,,143.03695940971375,,,,,0,0,0.97,0.98,ORDERS_OPEN,,,,,,,,,,,,,,0,5,,,,,,,,,,,,,,,,,,,,,,,,,,,,20.0,25.0,,,,,0,0,,,Inv: 20.0/25.0 CapLeft: 5.0,,,20.0,25.0,45.0,5.0,50.0,0.0,50.0,0.96,0.040000000000000036,-5.0,0.45999999999999996,0.49,-0.050000000000000044,5.0,0.0,0.018399501955509184,OK
1765987958.8413446,eth-updown-15m-1765987200,1765987200.0,1765988100.0,,141.15865540504456,,,,,0,0,0.9,0.98,ORDERS_OPEN,,,,,,,,,,,,,,0,5,,,,,,,,,,,,,,,,,,,,,,,,,,,,0.0,0.0,,,,,0,0,,,Inv: 0.0/0.0 CapLeft: 50.0,,,0.0,0.0,0.0,50.0,50.0,0.0,50.0,0.9,0.09999999999999998,0.0,0.0,0.0,0.0,0.0,0.0,0.0,
1765987959.157404,eth-updown-15m-1765987200,1765987200.0,1765988100.0,,140.84259605407715,,,,,0,0,0.96,0.98,ORDERS_OPEN,,,,,,,,,,,,,,0,5,,,,,,,,,,,,,,,,,,,,,,,,,,,,20.0,25.0,,,,,0,0,,,Inv: 20.0/25.0 CapLeft: 5.0,,,20.0,25.0,45.0,5.0,50.0,0.0,50.0,0.96,0.040000000000000036,-5.0,0.45999999999999996,0.49,-0.050000000000000044,5.0,0.0,0.018399501955509184,OK
1765987960.3429139,eth-updown-15m-1765987200,1765987200.0,1765988100.0,,139.6570861339569,,,,,0,0,0.9,0.98,ORDERS_OPEN,,,,,,,,,,,,,,0,5,,,,,,,,,,,,,,,,,,,,,,,,,,,,0.0,0.0,,,,,0,0,,,Inv: 0.0/0.0 CapLeft: 50.0,,,0.0,0.0,0.0,50.0,50.0,0.0,50.0,0.9,0.09999999999999998,0.0,0.0,0.0,0.0,0.0,0.0,0.0,
1765987961.3342266,eth-updown-15m-1765987200,1765987200.0,1765988100.0,,138.66577339172363,,,,,0,0,0.98,0.98,ORDERS_OPEN,,,,,,,,,,,,,,0,5,,,,,,,,,,,,,,,,,,,,,,,,,,,,20.0,25.0,,,,,0,0,,,Inv: 20.0/25.0 CapLeft: 5.0,,,20.0,25.0,45.0,5.0,50.0,0.0,50.0,0.96,0.040000000000000036,-5.0,0.45999999999999996,0.49,-0.050000000000000044,5.0,0.0,0.018399501955509184,OK
1765987963.345495,eth-updown-15m-1765987200,1765987200.0,1765988100.0,,136.65450501441956,,,,,0.45,0.45,0.9,0.98,ORDERS_OPEN,,,,,,,,,,,,,,5,5,,,,,,,,,,,,,,,,,,,,Leg:BOTH UP:5 DOWN:5,,,,,,,,0.0,0.0,,,,,0,0,,,Inv: 0.0/0.0 CapLeft: 50.0,,,0.0,0.0,0.0,50.0,50.0,0.0,50.0,0.9,0.09999999999999998,0.0,0.0,0.0,0.0,0.0,0.0,0.0,
1765987963.489637,eth-updown-15m-1765987200,1765987200.0,1765988100.0,,136.51036310195923,,,,,0,0,0.97,0.98,ORDERS_OPEN,,,,,,,,,,,,,,0,5,,,,,,,,,,,,,,,,,,,,,,,,,,,,20.0,25.0,,,,,0,0,,,Inv: 20.0/25.0 CapLeft: 5.0,,,20.0,25.0,45.0,5.0,50.0,0.0,50.0,0.96,0.040000000000000036,-5.0,0.45999999999999996,0.49,-0.050000000000000044,5.0,0.0,0.018399501955509184,OK
1765987964.8477118,eth-updown-15m-1765987200,1765987200.0,1765988100.0,,135.15228819847107,,,,,0,0,0.9,0.98,ORDERS_OPEN,,,,,,,,,,,,,,0,5,,,,,,,,,,,,,,,,,,,,,,,,,,,,0.0,0.0,,,,,0,0,,,Inv: 0.0/0.0 CapLeft: 50.0,,,0.0,0.0,0.0,50.0,50.0,0.0,50.0,0.9,0.09999999999999998,0.0,0.0,0.0,0.0,0.0,0.0,0.0,
1765987965.6758895,eth-updown-15m-1765987200,1765987200.0,1765988100.0,,134.3241105079651,,,,,0,0,1.0,0.98,ORDERS_OPEN,,,,,,,,,,,,,,0,5,,,,,,,,,,,,,,,,,,,,,,,,,,,,20.0,25.0,,,,,0,0,,,Inv: 20.0/25.0 CapLeft: 5.0,,,20.0,25.0,45.0,5.0,50.0,0.0,50.0,0.96,0.040000000000000036,-5.0,0.45999999999999996,0.49,-0.050000000000000044,5.0,0.0,0.018399501955509184,OK
1765987966.3492393,eth-updown-15m-1765987200,1765987200.0,1765988100.0,,133.65076065063477,,,,,0,0,0.9,0.98,ORDERS_OPEN,,,,,,,,,,,,,,0,5,,,,,,,,,,,,,,,,,,,,,,,,,,,,0.0,0.0,,,,,0,0,,,Inv: 0.0/0.0 CapLeft: 50.0,,,0.0,0.0,0.0,50.0,50.0,0.0,50.0,0.9,0.09999999999999998,0.0,0.0,0.0,0.0,0.0,0.0,0.0,
1765987967.8504193,eth-updown-15m-1765987200,1765987200.0,1765988100.0,,132.1495807170868,,,,,0,0,0.9,0.98,ORDERS_OPEN,,,,,,,,,,,,,,0,5,,,,,,,,,,,,,,,,,,,,,,,,,,,,0.0,0.0,,,,,0,0,,,Inv: 0.0/0.0 CapLeft: 50.0,,,0.0,0.0,0.0,50.0,50.0,0.0,50.0,0.9,0.09999999999999998,0.0,0.0,0.0,0.0,0.0,0.0,0.0,
1765987967.8267505,eth-updown-15m-1765987200,1765987200.0,1765988100.0,,132.17324948310852,,,,,0,0,0.96,0.98,ORDERS_OPEN,,,,,,,,,,,,,,0,5,,,,,,,,,,,,,,,,,,,,,,,,,,,,20.0,25.0,,,,,0,0,,,Inv: 20.0/25.0 CapLeft: 5.0,,,20.0,25.0,45.0,5.0,50.0,0.0,50.0,0.96,0.040000000000000036,-5.0,0.45999999999999996,0.49,-0.050000000000000044,5.0,0.0,0.018399501955509184,OK
1765987969.351546,eth-updown-15m-1765987200,1765987200.0,1765988100.0,,130.64845395088196,,,,,0,0,0.9,0.98,ORDERS_OPEN,,,,,,,,,,,,,,0,5,,,,,,,,,,,,,,,,,,,,,,,,,,,,0.0,0.0,,,,,0,0,,,Inv: 0.0/0.0 CapLeft: 50.0,,,0.0,0.0,0.0,50.0,50.0,0.0,50.0,0.9,0.09999999999999998,0.0,0.0,0.0,0.0,0.0,0.0,0.0,
1765987969.9925787,eth-updown-15m-1765987200,1765987200.0,1765988100.0,,130.0074212551117,,,,,0,0,0.96,0.98,ONE_LEG_INVENTORY,,,,,,,,,,,,,,0,5,,,,,,,,,,,,,,,,,,,,,,,,,,,,20.0,25.0,,,,,0,0,,,Inv: 20.0/25.0 CapLeft: 5.0,,,20.0,25.0,45.0,5.0,50.0,0.0,50.0,0.96,0.040000000000000036,-5.0,0.45999999999999996,0.49,-0.050000000000000044,5.0,0.0,0.018399501955509184,OK
1765987970.852424,eth-updown-15m-1765987200,1765987200.0,1765988100.0,,129.1475760936737,,,,,0,0,0.9,0.98,ORDERS_OPEN,,,,,,,,,,,,,,0,5,,,,,,,,,,,,,,,,,,,,,,,,,,,,0.0,0.0,,,,,0,0,,,Inv: 0.0/0.0 CapLeft: 50.0,,,0.0,0.0,0.0,50.0,50.0,0.0,50.0,0.9,0.09999999999999998,0.0,0.0,0.0,0.0,0.0,0.0,0.0,
1765987972.3535957,eth-updown-15m-1765987200,1765987200.0,1765988100.0,,127.64640426635742,,,,,0,0,0.9,0.98,ORDERS_OPEN,,,,,,,,,,,,,,0,5,,,,,,,,,,,,,,,,,,,,,,,,,,,,0.0,0.0,,,,,0,0,,,Inv: 0.0/0.0 CapLeft: 50.0,,,0.0,0.0,0.0,50.0,50.0,0.0,50.0,0.9,0.09999999999999998,0.0,0.0,0.0,0.0,0.0,0.0,0.0,
1765987972.1454682,eth-updown-15m-1765987200,1765987200.0,1765988100.0,,127.85453176498413,,,,,0,0,0.98,0.98,ONE_LEG_INVENTORY,,,,,,,,,,,,,,0,5,,,,,,,,,,,,,,,,,,,,"RECONSTRUCT_BLOCKED: OVERPAY_LIMIT (Op:0.0360 > L:0.0197, Cost:$0.18)",,,,,,,,20.0,25.0,,,,,0,0,,,Inv: 20.0/25.0 CapLeft: 5.0,,,20.0,25.0,45.0,5.0,50.0,0.0,50.0,0.96,0.040000000000000036,-5.0,0.5459999999999999,0.49,0.03600000000000003,5.0,0.18000000000000016,0.019705455058813097,OVERPAY_LIMIT
1765987972.1454682,eth-updown-15m-1765987200,1765987200.0,1765988100.0,,127.85453176498413,,,,,0,0,0.98,0.98,ONE_LEG_INVENTORY,,,,,,,,,,,,,,0,5,,,,,,,,,,,,,,,,,,,,"RECONSTRUCT_BLOCKED: OVERPAY_LIMIT (Op:0.0360 > L:0.0197, Cost:$0.18)",,,,,,,,20.0,25.0,,,,,0,0,,,Inv: 20.0/25.0 CapLeft: 5.0,,,20.0,25.0,45.0,5.0,50.0,0.0,50.0,0.96,0.040000000000000036,-5.0,0.5459999999999999,0.49,0.03600000000000003,5.0,0.18000000000000016,0.019705455058813097,OVERPAY_LIMIT
1765987973.8552012,eth-updown-15m-1765987200,1765987200.0,1765988100.0,,126.14479875564575,,,,,0,0,0.9,0.98,ORDERS_OPEN,,,,,,,,,,,,,,0,5,,,,,,,,,,,,,,,,,,,,,,,,,,,,0.0,0.0,,,,,0,0,,,Inv: 0.0/0.0 CapLeft: 50.0,,,0.0,0.0,0.0,50.0,50.0,0.0,50.0,0.9,0.09999999999999998,0.0,0.0,0.0,0.0,0.0,0.0,0.0,
1765987974.1176932,eth-updown-15m-1765987200,1765987200.0,1765988100.0,,125.88230681419373,,,,,0.46,0.49,0.95,0.98,ORDERS_OPEN,,,,,,,,,,,,,,5.0,5.0,,,,,,,,,,,,,,,,,,,,RECONSTRUCT_CHUNK: 5.0/0.0 (Op:0.0060 B:$50.00),,,,,,,,20.0,25.0,,,,,0,0,,,Inv: 20.0/25.0 CapLeft: 5.0,,,20.0,25.0,45.0,5.0,50.0,0.0,50.0,0.96,0.040000000000000036,-5.0,0.5459999999999999,0.46,0.006000000000000005,5.0,0.030000000000000027,0.019779413494467733,OK
1765987975.3569717,eth-updown-15m-1765987200,1765987200.0,1765988100.0,,124.64302825927734,,,,,0,0,0.9,0.98,ORDERS_OPEN,,,,,,,,,,,,,,0,5,,,,,,,,,,,,,,,,,,,,,,,,,,,,0.0,0.0,,,,,0,0,,,Inv: 0.0/0.0 CapLeft: 50.0,,,0.0,0.0,0.0,50.0,50.0,0.0,50.0,0.9,0.09999999999999998,0.0,0.0,0.0,0.0,0.0,0.0,0.0,
1765987976.8587368,eth-updown-15m-1765987200,1765987200.0,1765988100.0,,123.14126324653625,,,,,0,0,0.9,0.98,ORDERS_OPEN,,,,,,,,,,,,,,0,5,,,,,,,,,,,,,,,,,,,,,,,,,,,,0.0,0.0,,,,,0,0,,,Inv: 0.0/0.0 CapLeft: 50.0,,,0.0,0.0,0.0,50.0,50.0,0.0,50.0,0.9,0.09999999999999998,0.0,0.0,0.0,0.0,0.0,0.0,0.0,
1765987976.642974,eth-updown-15m-1765987200,1765987200.0,1765988100.0,,123.35702610015869,,,,,0,0,0.99,0.98,ORDERS_OPEN,,,,,,,,,,,,,,0,5.0,,,,,,,,,,,,,,,,,,,,,,,,,,,,20.0,25.0,,,,,0,0,,,Inv: 20.0/25.0 CapLeft: 5.0,,,20.0,25.0,45.0,5.0,50.0,0.0,50.0,0.96,0.040000000000000036,-5.0,0.5459999999999999,0.46,0.006000000000000005,5.0,0.030000000000000027,0.019779413494467733,OK
1765987978.9930165,eth-updown-15m-1765987200,1765987200.0,1765988100.0,,121.00698351860046,,,,,0,0,0.97,0.98,IDLE,,,,,,,,,,,,,,0,5.0,,,,,,,,,,,,,,,,,,,,,,,,,,,,25.0,25.0,,,,,0,0,,,Inv: 25.0/25.0 CapLeft: 0.0,,,25.0,25.0,50.0,0.0,50.0,0.030000000000000027,49.97,0.96,0.040000000000000036,-5.0,0.5459999999999999,0.46,0.006000000000000005,5.0,0.030000000000000027,0.019779413494467733,OK
1765987979.8608868,eth-updown-15m-1765987200,1765987200.0,1765988100.0,,120.13911318778992,,,,,0.45,0.45,0.9,0.98,ORDERS_OPEN,,,,,,,,,,,,,,5,5,,,,,,,,,,,,,,,,,,,,Leg:BOTH UP:5 DOWN:5,,,,,,,,0.0,0.0,,,,,0,0,,,Inv: 0.0/0.0 CapLeft: 50.0,,,0.0,0.0,0.0,50.0,50.0,0.0,50.0,0.9,0.09999999999999998,0.0,0.0,0.0,0.0,0.0,0.0,0.0,
1765987981.3621879,eth-updown-15m-1765987200,1765987200.0,1765988100.0,,118.63781213760376,,,,,0,0,0.9,0.98,ORDERS_OPEN,,,,,,,,,,,,,,0,5,,,,,,,,,,,,,,,,,,,,,,,,,,,,0.0,0.0,,,,,0,0,,,Inv: 0.0/0.0 CapLeft: 50.0,,,0.0,0.0,0.0,50.0,50.0,0.0,50.0,0.9,0.09999999999999998,0.0,0.0,0.0,0.0,0.0,0.0,0.0,
1765987981.202393,eth-updown-15m-1765987200,1765987200.0,1765988100.0,,118.79760694503784,,,,,0,0,0.96,0.98,IDLE,,,,,,,,,,,,,,0,5.0,,,,,,,,,,,,,,,,,,,,CAP_FULL,,,,,,,,25.0,25.0,,,,,0,0,,,Inv: 25.0/25.0 CapLeft: 0.0,,,25.0,25.0,50.0,0.0,50.0,0.030000000000000027,49.97,0.96,0.040000000000000036,-5.0,0.5459999999999999,0.46,0.006000000000000005,5.0,0.030000000000000027,0.019779413494467733,OK
1765987982.8636425,eth-updown-15m-1765987200,1765987200.0,1765988100.0,,117.13635754585266,,,,,0,0,0.9,0.98,ORDERS_OPEN,,,,,,,,,,,,,,0,5,,,,,,,,,,,,,,,,,,,,,,,,,,,,0.0,0.0,,,,,0,0,,,Inv: 0.0/0.0 CapLeft: 50.0,,,0.0,0.0,0.0,50.0,50.0,0.0,50.0,0.9,0.09999999999999998,0.0,0.0,0.0,0.0,0.0,0.0,0.0,
1765987983.1787317,eth-updown-15m-1765987200,1765987200.0,1765988100.0,,116.82126832008362,,,,,0,0,0.97,0.98,IDLE,,,,,,,,,,,,,,0,5.0,,,,,,,,,,,,,,,,,,,,CAP_FULL,,,,,,,,25.0,25.0,,,,,0,0,,,Inv: 25.0/25.0 CapLeft: 0.0,,,25.0,25.0,50.0,0.0,50.0,0.030000000000000027,49.97,0.96,0.040000000000000036,-5.0,0.5459999999999999,0.46,0.006000000000000005,5.0,0.030000000000000027,0.019779413494467733,OK
1765987984.3648343,eth-updown-15m-1765987200,1765987200.0,1765988100.0,,115.63516569137573,,,,,0,0,0.9,0.98,ORDERS_OPEN,,,,,,,,,,,,,,0,5,,,,,,,,,,,,,,,,,,,,,,,,,,,,0.0,0.0,,,,,0,0,,,Inv: 0.0/0.0 CapLeft: 50.0,,,0.0,0.0,0.0,50.0,50.0,0.0,50.0,0.9,0.09999999999999998,0.0,0.0,0.0,0.0,0.0,0.0,0.0,
1765987985.1544564,eth-updown-15m-1765987200,1765987200.0,1765988100.0,,114.84554362297058,,,,,0,0,0.98,0.98,IDLE,,,,,,,,,,,,,,0,5.0,,,,,,,,,,,,,,,,,,,,CAP_FULL,,,,,,,,25.0,25.0,,,,,0,0,,,Inv: 25.0/25.0 CapLeft: 0.0,,,25.0,25.0,50.0,0.0,50.0,0.030000000000000027,49.97,0.96,0.040000000000000036,-5.0,0.5459999999999999,0.46,0.006000000000000005,5.0,0.030000000000000027,0.019779413494467733,OK
1765987985.8667586,eth-updown-15m-1765987200,1765987200.0,1765988100.0,,114.1332414150238,,,,,0,0,0.9,0.98,ORDERS_OPEN,,,,,,,,,,,,,,0,5,,,,,,,,,,,,,,,,,,,,,,,,,,,,0.0,0.0,,,,,0,0,,,Inv: 0.0/0.0 CapLeft: 50.0,,,0.0,0.0,0.0,50.0,50.0,0.0,50.0,0.9,0.09999999999999998,0.0,0.0,0.0,0.0,0.0,0.0,0.0,
1765987987.3677254,eth-updown-15m-1765987200,1765987200.0,1765988100.0,,112.63227462768555,,,,,0,0,0.9,0.98,ORDERS_OPEN,,,,,,,,,,,,,,0,5,,,,,,,,,,,,,,,,,,,,,,,,,,,,0.0,0.0,,,,,0,0,,,Inv: 0.0/0.0 CapLeft: 50.0,,,0.0,0.0,0.0,50.0,50.0,0.0,50.0,0.9,0.09999999999999998,0.0,0.0,0.0,0.0,0.0,0.0,0.0,
1765987987.1233838,eth-updown-15m-1765987200,1765987200.0,1765988100.0,,112.87661623954773,,,,,0,0,0.98,0.98,IDLE,,,,,,,,,,,,,,0,5.0,,,,,,,,,,,,,,,,,,,,CAP_FULL,,,,,,,,25.0,25.0,,,,,0,0,,,Inv: 25.0/25.0 CapLeft: 0.0,,,25.0,25.0,50.0,0.0,50.0,0.030000000000000027,49.97,0.96,0.040000000000000036,-5.0,0.5459999999999999,0.46,0.006000000000000005,5.0,0.030000000000000027,0.019779413494467733,OK
1765987988.868781,eth-updown-15m-1765987200,1765987200.0,1765988100.0,,111.13121891021729,,,,,0,0,0.9,0.98,ORDERS_OPEN,,,,,,,,,,,,,,0,5,,,,,,,,,,,,,,,,,,,,,,,,,,,,0.0,0.0,,,,,0,0,,,Inv: 0.0/0.0 CapLeft: 50.0,,,0.0,0.0,0.0,50.0,50.0,0.0,50.0,0.9,0.09999999999999998,0.0,0.0,0.0,0.0,0.0,0.0,0.0,
1765987989.0680754,eth-updown-15m-1765987200,1765987200.0,1765988100.0,,110.93192458152771,,,,,0,0,0.95,0.98,IDLE,,,,,,,,,,,,,,0,5.0,,,,,,,,,,,,,,,,,,,,CAP_FULL,,,,,,,,25.0,25.0,,,,,0,0,,,Inv: 25.0/25.0 CapLeft: 0.0,,,25.0,25.0,50.0,0.0,50.0,0.030000000000000027,49.97,0.96,0.040000000000000036,-5.0,0.5459999999999999,0.46,0.006000000000000005,5.0,0.030000000000000027,0.019779413494467733,OK
1765987990.369963,eth-updown-15m-1765987200,1765987200.0,1765988100.0,,109.63003706932068,,,,,0,0,0.9,0.98,ORDERS_OPEN,,,,,,,,,,,,,,0,5,,,,,,,,,,,,,,,,,,,,,,,,,,,,0.0,0.0,,,,,0,0,,,Inv: 0.0/0.0 CapLeft: 50.0,,,0.0,0.0,0.0,50.0,50.0,0.0,50.0,0.9,0.09999999999999998,0.0,0.0,0.0,0.0,0.0,0.0,0.0,
1765987991.0195858,eth-updown-15m-1765987200,1765987200.0,1765988100.0,,108.98041415214539,,,,,0,0,0.99,0.98,IDLE,,,,,,,,,,,,,,0,5.0,,,,,,,,,,,,,,,,,,,,CAP_FULL,,,,,,,,25.0,25.0,,,,,0,0,,,Inv: 25.0/25.0 CapLeft: 0.0,,,25.0,25.0,50.0,0.0,50.0,0.030000000000000027,49.97,0.96,0.040000000000000036,-5.0,0.5459999999999999,0.46,0.006000000000000005,5.0,0.030000000000000027,0.019779413494467733,OK
1765987991.8714776,eth-updown-15m-1765987200,1765987200.0,1765988100.0,,108.12852239608765,,,,,0,0,0.9,0.98,ORDERS_OPEN,,,,,,,,,,,,,,0,5,,,,,,,,,,,,,,,,,,,,,,,,,,,,0.0,0.0,,,,,0,0,,,Inv: 0.0/0.0 CapLeft: 50.0,,,0.0,0.0,0.0,50.0,50.0,0.0,50.0,0.9,0.09999999999999998,0.0,0.0,0.0,0.0,0.0,0.0,0.0,
1765987993.372868,eth-updown-15m-1765987200,1765987200.0,1765988100.0,,106.62713193893433,,,,,0,0,0.9,0.98,ORDERS_OPEN,,,,,,,,,,,,,,0,5,,,,,,,,,,,,,,,,,,,,,,,,,,,,0.0,0.0,,,,,0,0,,,Inv: 0.0/0.0 CapLeft: 50.0,,,0.0,0.0,0.0,50.0,50.0,0.0,50.0,0.9,0.09999999999999998,0.0,0.0,0.0,0.0,0.0,0.0,0.0,
1765987992.9805608,eth-updown-15m-1765987200,1765987200.0,1765988100.0,,107.01943922042847,,,,,0,0,0.97,0.98,IDLE,,,,,,,,,,,,,,0,5.0,,,,,,,,,,,,,,,,,,,,CAP_FULL,,,,,,,,25.0,25.0,,,,,0,0,,,Inv: 25.0/25.0 CapLeft: 0.0,,,25.0,25.0,50.0,0.0,50.0,0.030000000000000027,49.97,0.96,0.040000000000000036,-5.0,0.5459999999999999,0.46,0.006000000000000005,5.0,0.030000000000000027,0.019779413494467733,OK
1765987994.9185505,eth-updown-15m-1765987200,1765987200.0,1765988100.0,,105.08144950866699,,,,,0,0,1.0,0.98,IDLE,,,,,,,,,,,,,,0,5.0,,,,,,,,,,,,,,,,,,,,CAP_FULL,,,,,,,,25.0,25.0,,,,,0,0,,,Inv: 25.0/25.0 CapLeft: 0.0,,,25.0,25.0,50.0,0.0,50.0,0.030000000000000027,49.97,0.96,0.040000000000000036,-5.0,0.5459999999999999,0.46,0.006000000000000005,5.0,0.030000000000000027,0.019779413494467733,OK
1765987996.3756776,eth-updown-15m-1765987200,1765987200.0,1765988100.0,,103.6243224143982,,,,,0.45,0.45,0.9,0.98,ORDERS_OPEN,,,,,,,,,,,,,,5,5,,,,,,,,,,,,,,,,,,,,Leg:BOTH UP:5 DOWN:5,,,,,,,,0.0,0.0,,,,,0,0,,,Inv: 0.0/0.0 CapLeft: 50.0,,,0.0,0.0,0.0,50.0,50.0,0.0,50.0,0.9,0.09999999999999998,0.0,0.0,0.0,0.0,0.0,0.0,0.0,
1765987996.9063637,eth-updown-15m-1765987200,1765987200.0,1765988100.0,,103.09363627433777,,,,,0,0,1.0,0.98,IDLE,,,,,,,,,,,,,,0,5.0,,,,,,,,,,,,,,,,,,,,CAP_FULL,,,,,,,,25.0,25.0,,,,,0,0,,,Inv: 25.0/25.0 CapLeft: 0.0,,,25.0,25.0,50.0,0.0,50.0,0.030000000000000027,49.97,0.96,0.040000000000000036,-5.0,0.5459999999999999,0.46,0.006000000000000005,5.0,0.030000000000000027,0.019779413494467733,OK
1765987997.8774486,eth-updown-15m-1765987200,1765987200.0,1765988100.0,,102.12255144119263,,,,,0,0,0.9,0.98,ORDERS_OPEN,,,,,,,,,,,,,,0,5,,,,,,,,,,,,,,,,,,,,,,,,,,,,0.0,0.0,,,,,0,0,,,Inv: 0.0/0.0 CapLeft: 50.0,,,0.0,0.0,0.0,50.0,50.0,0.0,50.0,0.9,0.09999999999999998,0.0,0.0,0.0,0.0,0.0,0.0,0.0,
1765987998.8739889,eth-updown-15m-1765987200,1765987200.0,1765988100.0,,101.12601113319397,,,,,0,0,0.96,0.98,IDLE,,,,,,,,,,,,,,0,5.0,,,,,,,,,,,,,,,,,,,,CAP_FULL,,,,,,,,25.0,25.0,,,,,0,0,,,Inv: 25.0/25.0 CapLeft: 0.0,,,25.0,25.0,50.0,0.0,50.0,0.030000000000000027,49.97,0.96,0.040000000000000036,-5.0,0.5459999999999999,0.46,0.006000000000000005,5.0,0.030000000000000027,0.019779413494467733,OK
1765987999.3790865,eth-updown-15m-1765987200,1765987200.0,1765988100.0,,100.6209135055542,,,,,0,0,0.9,0.98,ORDERS_OPEN,,,,,,,,,,,,,,0,5,,,,,,,,,,,,,,,,,,,,,,,,,,,,0.0,0.0,,,,,0,0,,,Inv: 0.0/0.0 CapLeft: 50.0,,,0.0,0.0,0.0,50.0,50.0,0.0,50.0,0.9,0.09999999999999998,0.0,0.0,0.0,0.0,0.0,0.0,0.0,
1765988000.881806,eth-updown-15m-1765987200,1765987200.0,1765988100.0,,99.11819410324097,,,,,0,0,0.9,0.98,ORDERS_OPEN,,,,,,,,,,,,,,0,5,,,,,,,,,,,,,,,,,,,,,,,,,,,,0.0,0.0,,,,,0,0,,,Inv: 0.0/0.0 CapLeft: 50.0,,,0.0,0.0,0.0,50.0,50.0,0.0,50.0,0.9,0.09999999999999998,0.0,0.0,0.0,0.0,0.0,0.0,0.0,
1765988000.8541372,eth-updown-15m-1765987200,1765987200.0,1765988100.0,,99.14586281776428,,,,,0,0,0.96,0.98,IDLE,,,,,,,,,,,,,,0,5.0,,,,,,,,,,,,,,,,,,,,CAP_FULL,,,,,,,,25.0,25.0,,,,,0,0,,,Inv: 25.0/25.0 CapLeft: 0.0,,,25.0,25.0,50.0,0.0,50.0,0.030000000000000027,49.97,0.96,0.040000000000000036,-5.0,0.5459999999999999,0.46,0.006000000000000005,5.0,0.030000000000000027,0.019779413494467733,OK
1765988002.3836553,eth-updown-15m-1765987200,1765987200.0,1765988100.0,,97.61634469032288,,,,,0,0,0.9,0.98,ORDERS_OPEN,,,,,,,,,,,,,,0,5,,,,,,,,,,,,,,,,,,,,,,,,,,,,0.0,0.0,,,,,0,0,,,Inv: 0.0/0.0 CapLeft: 50.0,,,0.0,0.0,0.0,50.0,50.0,0.0,50.0,0.9,0.09999999999999998,0.0,0.0,0.0,0.0,0.0,0.0,0.0,
1765988003.8849583,eth-updown-15m-1765987200,1765987200.0,1765988100.0,,96.11504173278809,,,,,0,0,0.9,0.98,ORDERS_OPEN,,,,,,,,,,,,,,0,5,,,,,,,,,,,,,,,,,,,,,,,,,,,,0.0,0.0,,,,,0,0,,,Inv: 0.0/0.0 CapLeft: 50.0,,,0.0,0.0,0.0,50.0,50.0,0.0,50.0,0.9,0.09999999999999998,0.0,0.0,0.0,0.0,0.0,0.0,0.0,
1765988005.3864677,eth-updown-15m-1765987200,1765987200.0,1765988100.0,,94.6135323047638,,,,,0,0,0.9,0.98,ORDERS_OPEN,,,,,,,,,,,,,,0,5,,,,,,,,,,,,,,,,,,,,,,,,,,,,0.0,0.0,,,,,0,0,,,Inv: 0.0/0.0 CapLeft: 50.0,,,0.0,0.0,0.0,50.0,50.0,0.0,50.0,0.9,0.09999999999999998,0.0,0.0,0.0,0.0,0.0,0.0,0.0,
1765988006.8879387,eth-updown-15m-1765987200,1765987200.0,1765988100.0,,93.11206126213074,,,,,0,0,0.9,0.98,ORDERS_OPEN,,,,,,,,,,,,,,0,5,,,,,,,,,,,,,,,,,,,,,,,,,,,,0.0,0.0,,,,,0,0,,,Inv: 0.0/0.0 CapLeft: 50.0,,,0.0,0.0,0.0,50.0,50.0,0.0,50.0,0.9,0.09999999999999998,0.0,0.0,0.0,0.0,0.0,0.0,0.0,
1765988002.8446865,eth-updown-15m-1765987200,1765987200.0,1765988100.0,,97.15531349182129,,,,,0,0,0.8,0.98,IDLE,,,,,,,,,,,,,,0,5.0,,,,,,,,,,,,,,,,,,,,CAP_FULL,,,,,,,,25.0,25.0,,,,,0,0,,,Inv: 25.0/25.0 CapLeft: 0.0,,,25.0,25.0,50.0,0.0,50.0,0.030000000000000027,49.97,0.96,0.040000000000000036,-5.0,0.5459999999999999,0.46,0.006000000000000005,5.0,0.030000000000000027,0.019779413494467733,OK
1765988008.3895144,eth-updown-15m-1765987200,1765987200.0,1765988100.0,,91.61048555374146,,,,,0,0,0.9,0.98,ORDERS_OPEN,,,,,,,,,,,,,,0,5,,,,,,,,,,,,,,,,,,,,,,,,,,,,0.0,0.0,,,,,0,0,,,Inv: 0.0/0.0 CapLeft: 50.0,,,0.0,0.0,0.0,50.0,50.0,0.0,50.0,0.9,0.09999999999999998,0.0,0.0,0.0,0.0,0.0,0.0,0.0,
1765988009.8907716,eth-updown-15m-1765987200,1765987200.0,1765988100.0,,90.10922837257385,,,,,0,0,0.9,0.98,ORDERS_OPEN,,,,,,,,,,,,,,0,5,,,,,,,,,,,,,,,,,,,,,,,,,,,,0.0,0.0,,,,,0,0,,,Inv: 0.0/0.0 CapLeft: 50.0,,,0.0,0.0,0.0,50.0,50.0,0.0,50.0,0.9,0.09999999999999998,0.0,0.0,0.0,0.0,0.0,0.0,0.0,
1765988009.7887347,eth-updown-15m-1765987200,1765987200.0,1765988100.0,,90.21126532554626,,,,,0,0,0.98,0.98,IDLE,,,,,,,,,,,,,,0,5.0,,,,,,,,,,,,,,,,,,,,CAP_FULL,,,,,,,,25.0,25.0,,,,,0,0,,,Inv: 25.0/25.0 CapLeft: 0.0,,,25.0,25.0,50.0,0.0,50.0,0.030000000000000027,49.97,0.96,0.040000000000000036,-5.0,0.5459999999999999,0.46,0.006000000000000005,5.0,0.030000000000000027,0.019779413494467733,OK
1765988011.7354858,eth-updown-15m-1765987200,1765987200.0,1765988100.0,,88.26451420783997,,,,,0,0,0.9500000000000001,0.98,IDLE,,,,,,,,,,,,,,0,5.0,,,,,,,,,,,,,,,,,,,,CAP_FULL,,,,,,,,25.0,25.0,,,,,0,0,,,Inv: 25.0/25.0 CapLeft: 0.0,,,25.0,25.0,50.0,0.0,50.0,0.030000000000000027,49.97,0.96,0.040000000000000036,-5.0,0.5459999999999999,0.46,0.006000000000000005,5.0,0.030000000000000027,0.019779413494467733,OK
1765988012.893741,eth-updown-15m-1765987200,1765987200.0,1765988100.0,,87.10625910758972,,,,,0.45,0.45,0.9,0.98,ORDERS_OPEN,,,,,,,,,,,,,,5,5,,,,,,,,,,,,,,,,,,,,Leg:BOTH UP:5 DOWN:5,,,,,,,,0.0,0.0,,,,,0,0,,,Inv: 0.0/0.0 CapLeft: 50.0,,,0.0,0.0,0.0,50.0,50.0,0.0,50.0,0.9,0.09999999999999998,0.0,0.0,0.0,0.0,0.0,0.0,0.0,
1765988013.6868427,eth-updown-15m-1765987200,1765987200.0,1765988100.0,,86.31315732002258,,,,,0,0,0.9500000000000001,0.98,IDLE,,,,,,,,,,,,,,0,5.0,,,,,,,,,,,,,,,,,,,,CAP_FULL,,,,,,,,25.0,25.0,,,,,0,0,,,Inv: 25.0/25.0 CapLeft: 0.0,,,25.0,25.0,50.0,0.0,50.0,0.030000000000000027,49.97,0.96,0.040000000000000036,-5.0,0.5459999999999999,0.46,0.006000000000000005,5.0,0.030000000000000027,0.019779413494467733,OK
1765988014.3952856,eth-updown-15m-1765987200,1765987200.0,1765988100.0,,85.60471439361572,,,,,0,0,0.9,0.98,ORDERS_OPEN,,,,,,,,,,,,,,0,5,,,,,,,,,,,,,,,,,,,,,,,,,,,,0.0,0.0,,,,,0,0,,,Inv: 0.0/0.0 CapLeft: 50.0,,,0.0,0.0,0.0,50.0,50.0,0.0,50.0,0.9,0.09999999999999998,0.0,0.0,0.0,0.0,0.0,0.0,0.0,
1765988015.896777,eth-updown-15m-1765987200,1765987200.0,1765988100.0,,84.10322308540344,,,,,0,0,0.9,0.98,ORDERS_OPEN,,,,,,,,,,,,,,0,5,,,,,,,,,,,,,,,,,,,,,,,,,,,,0.0,0.0,,,,,0,0,,,Inv: 0.0/0.0 CapLeft: 50.0,,,0.0,0.0,0.0,50.0,50.0,0.0,50.0,0.9,0.09999999999999998,0.0,0.0,0.0,0.0,0.0,0.0,0.0,
1765988017.3984842,eth-updown-15m-1765987200,1765987200.0,1765988100.0,,82.6015157699585,,,,,0,0,0.9,0.98,ORDERS_OPEN,,,,,,,,,,,,,,0,5,,,,,,,,,,,,,,,,,,,,,,,,,,,,0.0,0.0,,,,,0,0,,,Inv: 0.0/0.0 CapLeft: 50.0,,,0.0,0.0,0.0,50.0,50.0,0.0,50.0,0.9,0.09999999999999998,0.0,0.0,0.0,0.0,0.0,0.0,0.0,
1765988018.899837,eth-updown-15m-1765987200,1765987200.0,1765988100.0,,81.10016298294067,,,,,0,0,0.9,0.98,ORDERS_OPEN,,,,,,,,,,,,,,0,5,,,,,,,,,,,,,,,,,,,,,,,,,,,,0.0,0.0,,,,,0,0,,,Inv: 0.0/0.0 CapLeft: 50.0,,,0.0,0.0,0.0,50.0,50.0,0.0,50.0,0.9,0.09999999999999998,0.0,0.0,0.0,0.0,0.0,0.0,0.0,
1765988020.4013913,eth-updown-15m-1765987200,1765987200.0,1765988100.0,,79.59860873222351,,,,,0,0,0.9,0.98,ORDERS_OPEN,,,,,,,,,,,,,,0,5,,,,,,,,,,,,,,,,,,,,,,,,,,,,0.0,0.0,,,,,0,0,,,Inv: 0.0/0.0 CapLeft: 50.0,,,0.0,0.0,0.0,50.0,50.0,0.0,50.0,0.9,0.09999999999999998,0.0,0.0,0.0,0.0,0.0,0.0,0.0,
1765988015.620605,eth-updown-15m-1765987200,1765987200.0,1765988100.0,,84.37939500808716,,,,,0,0,0.15,0.98,IDLE,,,,,,,,,,,,,,0,5.0,,,,,,,,,,,,,,,,,,,,CAP_FULL,,,,,,,,25.0,25.0,,,,,0,0,,,Inv: 25.0/25.0 CapLeft: 0.0,,,25.0,25.0,50.0,0.0,50.0,0.030000000000000027,49.97,0.96,0.040000000000000036,-5.0,0.5459999999999999,0.46,0.006000000000000005,5.0,0.030000000000000027,0.019779413494467733,OK
1765988021.9030902,eth-updown-15m-1765987200,1765987200.0,1765988100.0,,78.09690976142883,,,,,0,0,0.9,0.98,ORDERS_OPEN,,,,,,,,,,,,,,0,5,,,,,,,,,,,,,,,,,,,,,,,,,,,,0.0,0.0,,,,,0,0,,,Inv: 0.0/0.0 CapLeft: 50.0,,,0.0,0.0,0.0,50.0,50.0,0.0,50.0,0.9,0.09999999999999998,0.0,0.0,0.0,0.0,0.0,0.0,0.0,
1765988022.340495,eth-updown-15m-1765987200,1765987200.0,1765988100.0,,77.6595048904419,,,,,0,0,0.97,0.98,IDLE,,,,,,,,,,,,,,0,5.0,,,,,,,,,,,,,,,,,,,,CAP_FULL,,,,,,,,25.0,25.0,,,,,0,0,,,Inv: 25.0/25.0 CapLeft: 0.0,,,25.0,25.0,50.0,0.0,50.0,0.030000000000000027,49.97,0.96,0.040000000000000036,-5.0,0.5459999999999999,0.46,0.006000000000000005,5.0,0.030000000000000027,0.019779413494467733,OK
1765988023.4046218,eth-updown-15m-1765987200,1765987200.0,1765988100.0,,76.59537816047668,,,,,0,0,0.9,0.98,ORDERS_OPEN,,,,,,,,,,,,,,0,5,,,,,,,,,,,,,,,,,,,,,,,,,,,,0.0,0.0,,,,,0,0,,,Inv: 0.0/0.0 CapLeft: 50.0,,,0.0,0.0,0.0,50.0,50.0,0.0,50.0,0.9,0.09999999999999998,0.0,0.0,0.0,0.0,0.0,0.0,0.0,
1765988024.9064963,eth-updown-15m-1765987200,1765987200.0,1765988100.0,,75.09350371360779,,,,,0,0,0.9,0.98,ORDERS_OPEN,,,,,,,,,,,,,,0,5,,,,,,,,,,,,,,,,,,,,,,,,,,,,0.0,0.0,,,,,0,0,,,Inv: 0.0/0.0 CapLeft: 50.0,,,0.0,0.0,0.0,50.0,50.0,0.0,50.0,0.9,0.09999999999999998,0.0,0.0,0.0,0.0,0.0,0.0,0.0,
1765988024.5169542,eth-updown-15m-1765987200,1765987200.0,1765988100.0,,75.48304581642151,,,,,0,0,0.98,0.98,IDLE,,,,,,,,,,,,,,0,5.0,,,,,,,,,,,,,,,,,,,,CAP_FULL,,,,,,,,25.0,25.0,,,,,0,0,,,Inv: 25.0/25.0 CapLeft: 0.0,,,25.0,25.0,50.0,0.0,50.0,0.030000000000000027,49.97,0.96,0.040000000000000036,-5.0,0.5459999999999999,0.46,0.006000000000000005,5.0,0.030000000000000027,0.019779413494467733,OK
1765988026.4090269,eth-updown-15m-1765987200,1765987200.0,1765988100.0,,73.5909731388092,,,,,0,0,0.9,0.98,ORDERS_OPEN,,,,,,,,,,,,,,0,5,,,,,,,,,,,,,,,,,,,,,,,,,,,,0.0,0.0,,,,,0,0,,,Inv: 0.0/0.0 CapLeft: 50.0,,,0.0,0.0,0.0,50.0,50.0,0.0,50.0,0.9,0.09999999999999998,0.0,0.0,0.0,0.0,0.0,0.0,0.0,
1765988026.4632778,eth-updown-15m-1765987200,1765987200.0,1765988100.0,,73.53672218322754,,,,,0,0,0.97,0.98,IDLE,,,,,,,,,,,,,,0,5.0,,,,,,,,,,,,,,,,,,,,CAP_FULL,,,,,,,,25.0,25.0,,,,,0,0,,,Inv: 25.0/25.0 CapLeft: 0.0,,,25.0,25.0,50.0,0.0,50.0,0.030000000000000027,49.97,0.96,0.040000000000000036,-5.0,0.5459999999999999,0.46,0.006000000000000005,5.0,0.030000000000000027,0.019779413494467733,OK
1765988028.3967772,eth-updown-15m-1765987200,1765987200.0,1765988100.0,,71.60322284698486,,,,,0,0,0.94,0.98,IDLE,,,,,,,,,,,,,,0,5.0,,,,,,,,,,,,,,,,,,,,CAP_FULL,,,,,,,,25.0,25.0,,,,,0,0,,,Inv: 25.0/25.0 CapLeft: 0.0,,,25.0,25.0,50.0,0.0,50.0,0.030000000000000027,49.97,0.96,0.040000000000000036,-5.0,0.5459999999999999,0.46,0.006000000000000005,5.0,0.030000000000000027,0.019779413494467733,OK
1765988029.411825,eth-updown-15m-1765987200,1765987200.0,1765988100.0,,70.58817505836487,,,,,0.45,0.45,0.9,0.98,ORDERS_OPEN,,,,,,,,,,,,,,5,5,,,,,,,,,,,,,,,,,,,,Leg:BOTH UP:5 DOWN:5,,,,,,,,0.0,0.0,,,,,0,0,,,Inv: 0.0/0.0 CapLeft: 50.0,,,0.0,0.0,0.0,50.0,50.0,0.0,50.0,0.9,0.09999999999999998,0.0,0.0,0.0,0.0,0.0,0.0,0.0,
1765988030.3333623,eth-updown-15m-1765987200,1765987200.0,1765988100.0,,69.66663765907288,,,,,0,0,0.99,0.98,IDLE,,,,,,,,,,,,,,0,5.0,,,,,,,,,,,,,,,,,,,,CAP_FULL,,,,,,,,25.0,25.0,,,,,0,0,,,Inv: 25.0/25.0 CapLeft: 0.0,,,25.0,25.0,50.0,0.0,50.0,0.030000000000000027,49.97,0.96,0.040000000000000036,-5.0,0.5459999999999999,0.46,0.006000000000000005,5.0,0.030000000000000027,0.019779413494467733,OK
1765988030.9138522,eth-updown-15m-1765987200,1765987200.0,1765988100.0,,69.08614778518677,,,,,0,0,0.9,0.98,ORDERS_OPEN,,,,,,,,,,,,,,0,5,,,,,,,,,,,,,,,,,,,,,,,,,,,,0.0,0.0,,,,,0,0,,,Inv: 0.0/0.0 CapLeft: 50.0,,,0.0,0.0,0.0,50.0,50.0,0.0,50.0,0.9,0.09999999999999998,0.0,0.0,0.0,0.0,0.0,0.0,0.0,
1765988032.4163198,eth-updown-15m-1765987200,1765987200.0,1765988100.0,,67.58368015289307,,,,,0,0,0.9,0.98,ORDERS_OPEN,,,,,,,,,,,,,,0,5,,,,,,,,,,,,,,,,,,,,,,,,,,,,0.0,0.0,,,,,0,0,,,Inv: 0.0/0.0 CapLeft: 50.0,,,0.0,0.0,0.0,50.0,50.0,0.0,50.0,0.9,0.09999999999999998,0.0,0.0,0.0,0.0,0.0,0.0,0.0,
1765988032.312251,eth-updown-15m-1765987200,1765987200.0,1765988100.0,,67.68774890899658,,,,,0,0,0.99,0.98,IDLE,,,,,,,,,,,,,,0,5.0,,,,,,,,,,,,,,,,,,,,CAP_FULL,,,,,,,,25.0,25.0,,,,,0,0,,,Inv: 25.0/25.0 CapLeft: 0.0,,,25.0,25.0,50.0,0.0,50.0,0.030000000000000027,49.97,0.96,0.040000000000000036,-5.0,0.5459999999999999,0.46,0.006000000000000005,5.0,0.030000000000000027,0.019779413494467733,OK
1765988033.9178634,eth-updown-15m-1765987200,1765987200.0,1765988100.0,,66.08213663101196,,,,,0,0,0.9,0.98,ORDERS_OPEN,,,,,,,,,,,,,,0,5,,,,,,,,,,,,,,,,,,,,,,,,,,,,0.0,0.0,,,,,0,0,,,Inv: 0.0/0.0 CapLeft: 50.0,,,0.0,0.0,0.0,50.0,50.0,0.0,50.0,0.9,0.09999999999999998,0.0,0.0,0.0,0.0,0.0,0.0,0.0,
1765988034.2488997,eth-updown-15m-1765987200,1765987200.0,1765988100.0,,65.75110030174255,,,,,0,0,0.96,0.98,IDLE,,,,,,,,,,,,,,0,5.0,,,,,,,,,,,,,,,,,,,,CAP_FULL,,,,,,,,25.0,25.0,,,,,0,0,,,Inv: 25.0/25.0 CapLeft: 0.0,,,25.0,25.0,50.0,0.0,50.0,0.030000000000000027,49.97,0.96,0.040000000000000036,-5.0,0.5459999999999999,0.46,0.006000000000000005,5.0,0.030000000000000027,0.019779413494467733,OK
1765988035.4195328,eth-updown-15m-1765987200,1765987200.0,1765988100.0,,64.5804672241211,,,,,0,0,0.9,0.98,ORDERS_OPEN,,,,,,,,,,,,,,0,5,,,,,,,,,,,,,,,,,,,,,,,,,,,,0.0,0.0,,,,,0,0,,,Inv: 0.0/0.0 CapLeft: 50.0,,,0.0,0.0,0.0,50.0,50.0,0.0,50.0,0.9,0.09999999999999998,0.0,0.0,0.0,0.0,0.0,0.0,0.0,
1765988036.2267678,eth-updown-15m-1765987200,1765987200.0,1765988100.0,,63.773232221603394,,,,,0,0,0.9500000000000001,0.98,IDLE,,,,,,,,,,,,,,0,5.0,,,,,,,,,,,,,,,,,,,,CAP_FULL,,,,,,,,25.0,25.0,,,,,0,0,,,Inv: 25.0/25.0 CapLeft: 0.0,,,25.0,25.0,50.0,0.0,50.0,0.030000000000000027,49.97,0.96,0.040000000000000036,-5.0,0.5459999999999999,0.46,0.006000000000000005,5.0,0.030000000000000027,0.019779413494467733,OK
1765988036.9214234,eth-updown-15m-1765987200,1765987200.0,1765988100.0,,63.07857656478882,,,,,0,0,0.9,0.98,ORDERS_OPEN,,,,,,,,,,,,,,0,5,,,,,,,,,,,,,,,,,,,,,,,,,,,,0.0,0.0,,,,,0,0,,,Inv: 0.0/0.0 CapLeft: 50.0,,,0.0,0.0,0.0,50.0,50.0,0.0,50.0,0.9,0.09999999999999998,0.0,0.0,0.0,0.0,0.0,0.0,0.0,
1765988038.4239998,eth-updown-15m-1765987200,1765987200.0,1765988100.0,,61.57600021362305,,,,,0,0,0.9,0.98,ORDERS_OPEN,,,,,,,,,,,,,,0,5,,,,,,,,,,,,,,,,,,,,,,,,,,,,0.0,0.0,,,,,0,0,,,Inv: 0.0/0.0 CapLeft: 50.0,,,0.0,0.0,0.0,50.0,50.0,0.0,50.0,0.9,0.09999999999999998,0.0,0.0,0.0,0.0,0.0,0.0,0.0,
1765988038.2052548,eth-updown-15m-1765987200,1765987200.0,1765988100.0,,61.794745206832886,,,,,0,0,0.96,0.98,IDLE,,,,,,,,,,,,,,0,5.0,,,,,,,,,,,,,,,,,,,,CAP_FULL,,,,,,,,25.0,25.0,,,,,0,0,,,Inv: 25.0/25.0 CapLeft: 0.0,,,25.0,25.0,50.0,0.0,50.0,0.030000000000000027,49.97,0.96,0.040000000000000036,-5.0,0.5459999999999999,0.46,0.006000000000000005,5.0,0.030000000000000027,0.019779413494467733,OK
1765988039.9258919,eth-updown-15m-1765987200,1765987200.0,1765988100.0,,60.0741081237793,,,,,0,0,0.9,0.98,ORDERS_OPEN,,,,,,,,,,,,,,0,5,,,,,,,,,,,,,,,,,,,,,,,,,,,,0.0,0.0,,,,,0,0,,,Inv: 0.0/0.0 CapLeft: 50.0,,,0.0,0.0,0.0,50.0,50.0,0.0,50.0,0.9,0.09999999999999998,0.0,0.0,0.0,0.0,0.0,0.0,0.0,
1765988040.18583,eth-updown-15m-1765987200,1765987200.0,1765988100.0,,59.81416988372803,,,,,0,0,1.03,0.98,IDLE,,,,,,,,,,,,,,0,5.0,,,,,,,,,,,,,,,,,,,,CAP_FULL,,,,,,,,25.0,25.0,,,,,0,0,,,Inv: 25.0/25.0 CapLeft: 0.0,,,25.0,25.0,50.0,0.0,50.0,0.030000000000000027,49.97,0.96,0.040000000000000036,-5.0,0.5459999999999999,0.46,0.006000000000000005,5.0,0.030000000000000027,0.019779413494467733,OK
1765988041.4276907,eth-updown-15m-1765987200,1765987200.0,1765988100.0,,58.572309255599976,,,,,0,0,0.9,0.98,ORDERS_OPEN,,,,,,,,,,,,,,0,5,,,,,,,,,,,,,,,,,,,,,,,,,,,,0.0,0.0,,,,,0,0,,,Inv: 0.0/0.0 CapLeft: 50.0,,,0.0,0.0,0.0,50.0,50.0,0.0,50.0,0.9,0.09999999999999998,0.0,0.0,0.0,0.0,0.0,0.0,0.0,
1765988042.1300147,eth-updown-15m-1765987200,1765987200.0,1765988100.0,,57.86998534202576,,,,,0,0,0.98,0.98,IDLE,,,,,,,,,,,,,,0,5.0,,,,,,,,,,,,,,,,,,,,CAP_FULL,,,,,,,,25.0,25.0,,,,,0,0,,,Inv: 25.0/25.0 CapLeft: 0.0,,,25.0,25.0,50.0,0.0,50.0,0.030000000000000027,49.97,0.96,0.040000000000000036,-5.0,0.5459999999999999,0.46,0.006000000000000005,5.0,0.030000000000000027,0.019779413494467733,OK
1765988042.9290605,eth-updown-15m-1765987200,1765987200.0,1765988100.0,,57.07093954086304,,,,,0,0,0.9,0.98,ORDERS_OPEN,,,,,,,,,,,,,,0,5,,,,,,,,,,,,,,,,,,,,,,,,,,,,0.0,0.0,,,,,0,0,,,Inv: 0.0/0.0 CapLeft: 50.0,,,0.0,0.0,0.0,50.0,50.0,0.0,50.0,0.9,0.09999999999999998,0.0,0.0,0.0,0.0,0.0,0.0,0.0,
1765988044.1046267,eth-updown-15m-1765987200,1765987200.0,1765988100.0,,55.89537334442139,,,,,0,0,0.99,0.98,IDLE,,,,,,,,,,,,,,0,5.0,,,,,,,,,,,,,,,,,,,,CAP_FULL,,,,,,,,25.0,25.0,,,,,0,0,,,Inv: 25.0/25.0 CapLeft: 0.0,,,25.0,25.0,50.0,0.0,50.0,0.030000000000000027,49.97,0.96,0.040000000000000036,-5.0,0.5459999999999999,0.46,0.006000000000000005,5.0,0.030000000000000027,0.019779413494467733,OK
1765988045.9317234,eth-updown-15m-1765987200,1765987200.0,1765988100.0,,54.06827664375305,,,,,0.45,0.45,0.9,0.98,ORDERS_OPEN,,,,,,,,,,,,,,5,5,,,,,,,,,,,,,,,,,,,,Leg:BOTH UP:5 DOWN:5,,,,,,,,0.0,0.0,,,,,0,0,,,Inv: 0.0/0.0 CapLeft: 50.0,,,0.0,0.0,0.0,50.0,50.0,0.0,50.0,0.9,0.09999999999999998,0.0,0.0,0.0,0.0,0.0,0.0,0.0,
1765988046.0704153,eth-updown-15m-1765987200,1765987200.0,1765988100.0,,53.92958474159241,,,,,0,0,0.99,0.98,IDLE,,,,,,,,,,,,,,0,5.0,,,,,,,,,,,,,,,,,,,,CAP_FULL,,,,,,,,25.0,25.0,,,,,0,0,,,Inv: 25.0/25.0 CapLeft: 0.0,,,25.0,25.0,50.0,0.0,50.0,0.030000000000000027,49.97,0.96,0.040000000000000036,-5.0,0.5459999999999999,0.46,0.006000000000000005,5.0,0.030000000000000027,0.019779413494467733,OK
1765988047.4332125,eth-updown-15m-1765987200,1765987200.0,1765988100.0,,52.56678748130798,,,,,0,0,0.9,0.98,ORDERS_OPEN,,,,,,,,,,,,,,0,5,,,,,,,,,,,,,,,,,,,,,,,,,,,,0.0,0.0,,,,,0,0,,,Inv: 0.0/0.0 CapLeft: 50.0,,,0.0,0.0,0.0,50.0,50.0,0.0,50.0,0.9,0.09999999999999998,0.0,0.0,0.0,0.0,0.0,0.0,0.0,
1765988048.064435,eth-updown-15m-1765987200,1765987200.0,1765988100.0,,51.93556499481201,,,,,0,0,0.9800000000000001,0.98,IDLE,,,,,,,,,,,,,,0,5.0,,,,,,,,,,,,,,,,,,,,CAP_FULL,,,,,,,,25.0,25.0,,,,,0,0,,,Inv: 25.0/25.0 CapLeft: 0.0,,,25.0,25.0,50.0,0.0,50.0,0.030000000000000027,49.97,0.96,0.040000000000000036,-5.0,0.5459999999999999,0.46,0.006000000000000005,5.0,0.030000000000000027,0.019779413494467733,OK
1765988048.9349205,eth-updown-15m-1765987200,1765987200.0,1765988100.0,,51.0650794506073,,,,,0,0,0.9,0.98,ORDERS_OPEN,,,,,,,,,,,,,,0,5,,,,,,,,,,,,,,,,,,,,,,,,,,,,0.0,0.0,,,,,0,0,,,Inv: 0.0/0.0 CapLeft: 50.0,,,0.0,0.0,0.0,50.0,50.0,0.0,50.0,0.9,0.09999999999999998,0.0,0.0,0.0,0.0,0.0,0.0,0.0,
1765988050.4358845,eth-updown-15m-1765987200,1765987200.0,1765988100.0,,49.56411552429199,,,,,0,0,0.9,0.98,ORDERS_OPEN,,,,,,,,,,,,,,0,5,,,,,,,,,,,,,,,,,,,,,,,,,,,,0.0,0.0,,,,,0,0,,,Inv: 0.0/0.0 CapLeft: 50.0,,,0.0,0.0,0.0,50.0,50.0,0.0,50.0,0.9,0.09999999999999998,0.0,0.0,0.0,0.0,0.0,0.0,0.0,
1765988050.0334935,eth-updown-15m-1765987200,1765987200.0,1765988100.0,,49.966506481170654,,,,,0,0,0.98,0.98,IDLE,,,,,,,,,,,,,,0,5.0,,,,,,,,,,,,,,,,,,,,CAP_FULL,,,,,,,,25.0,25.0,,,,,0,0,,,Inv: 25.0/25.0 CapLeft: 0.0,,,25.0,25.0,50.0,0.0,50.0,0.030000000000000027,49.97,0.96,0.040000000000000036,-5.0,0.5459999999999999,0.46,0.006000000000000005,5.0,0.030000000000000027,0.019779413494467733,OK
1765988051.9371862,eth-updown-15m-1765987200,1765987200.0,1765988100.0,,48.0628137588501,,,,,0,0,0.9,0.98,ORDERS_OPEN,,,,,,,,,,,,,,0,5,,,,,,,,,,,,,,,,,,,,,,,,,,,,0.0,0.0,,,,,0,0,,,Inv: 0.0/0.0 CapLeft: 50.0,,,0.0,0.0,0.0,50.0,50.0,0.0,50.0,0.9,0.09999999999999998,0.0,0.0,0.0,0.0,0.0,0.0,0.0,
1765988052.0025156,eth-updown-15m-1765987200,1765987200.0,1765988100.0,,47.9974844455719,,,,,0,0,0.99,0.98,IDLE,,,,,,,,,,,,,,0,5.0,,,,,,,,,,,,,,,,,,,,CAP_FULL,,,,,,,,25.0,25.0,,,,,0,0,,,Inv: 25.0/25.0 CapLeft: 0.0,,,25.0,25.0,50.0,0.0,50.0,0.030000000000000027,49.97,0.96,0.040000000000000036,-5.0,0.5459999999999999,0.46,0.006000000000000005,5.0,0.030000000000000027,0.019779413494467733,OK
1765988053.4387171,eth-updown-15m-1765987200,1765987200.0,1765988100.0,,46.56128287315369,,,,,0,0,0.9,0.98,ORDERS_OPEN,,,,,,,,,,,,,,0,5,,,,,,,,,,,,,,,,,,,,,,,,,,,,0.0,0.0,,,,,0,0,,,Inv: 0.0/0.0 CapLeft: 50.0,,,0.0,0.0,0.0,50.0,50.0,0.0,50.0,0.9,0.09999999999999998,0.0,0.0,0.0,0.0,0.0,0.0,0.0,
1765988053.927731,eth-updown-15m-1765987200,1765987200.0,1765988100.0,,46.07226896286011,,,,,0,0,0.99,0.98,IDLE,,,,,,,,,,,,,,0,5.0,,,,,,,,,,,,,,,,,,,,CAP_FULL,,,,,,,,25.0,25.0,,,,,0,0,,,Inv: 25.0/25.0 CapLeft: 0.0,,,25.0,25.0,50.0,0.0,50.0,0.030000000000000027,49.97,0.96,0.040000000000000036,-5.0,0.5459999999999999,0.46,0.006000000000000005,5.0,0.030000000000000027,0.019779413494467733,OK
1765988054.9401395,eth-updown-15m-1765987200,1765987200.0,1765988100.0,,45.05986046791077,,,,,0,0,0.9,0.98,ORDERS_OPEN,,,,,,,,,,,,,,0,5,,,,,,,,,,,,,,,,,,,,,,,,,,,,0.0,0.0,,,,,0,0,,,Inv: 0.0/0.0 CapLeft: 50.0,,,0.0,0.0,0.0,50.0,50.0,0.0,50.0,0.9,0.09999999999999998,0.0,0.0,0.0,0.0,0.0,0.0,0.0,
1765988055.8861003,eth-updown-15m-1765987200,1765987200.0,1765988100.0,,44.11389970779419,,,,,0,0,0.99,0.98,IDLE,,,,,,,,,,,,,,0,5.0,,,,,,,,,,,,,,,,,,,,CAP_FULL,,,,,,,,25.0,25.0,,,,,0,0,,,Inv: 25.0/25.0 CapLeft: 0.0,,,25.0,25.0,50.0,0.0,50.0,0.030000000000000027,49.97,0.96,0.040000000000000036,-5.0,0.5459999999999999,0.46,0.006000000000000005,5.0,0.030000000000000027,0.019779413494467733,OK
1765988056.4413207,eth-updown-15m-1765987200,1765987200.0,1765988100.0,,43.5586793422699,,,,,0,0,0.9,0.98,ORDERS_OPEN,,,,,,,,,,,,,,0,5,,,,,,,,,,,,,,,,,,,,,,,,,,,,0.0,0.0,,,,,0,0,,,Inv: 0.0/0.0 CapLeft: 50.0,,,0.0,0.0,0.0,50.0,50.0,0.0,50.0,0.9,0.09999999999999998,0.0,0.0,0.0,0.0,0.0,0.0,0.0,
1765988057.942776,eth-updown-15m-1765987200,1765987200.0,1765988100.0,,42.05722403526306,,,,,0,0,0.9,0.98,ORDERS_OPEN,,,,,,,,,,,,,,0,5,,,,,,,,,,,,,,,,,,,,,,,,,,,,0.0,0.0,,,,,0,0,,,Inv: 0.0/0.0 CapLeft: 50.0,,,0.0,0.0,0.0,50.0,50.0,0.0,50.0,0.9,0.09999999999999998,0.0,0.0,0.0,0.0,0.0,0.0,0.0,
1765988057.8395996,eth-updown-15m-1765987200,1765987200.0,1765988100.0,,42.160400390625,,,,,0,0,0.99,0.98,IDLE,,,,,,,,,,,,,,0,5.0,,,,,,,,,,,,,,,,,,,,CAP_FULL,,,,,,,,25.0,25.0,,,,,0,0,,,Inv: 25.0/25.0 CapLeft: 0.0,,,25.0,25.0,50.0,0.0,50.0,0.030000000000000027,49.97,0.96,0.040000000000000036,-5.0,0.5459999999999999,0.46,0.006000000000000005,5.0,0.030000000000000027,0.019779413494467733,OK
1765988059.443859,eth-updown-15m-1765987200,1765987200.0,1765988100.0,,40.5561408996582,,,,,0,0,0.9,0.98,ORDERS_OPEN,,,,,,,,,,,,,,0,5,,,,,,,,,,,,,,,,,,,,,,,,,,,,0.0,0.0,,,,,0,0,,,Inv: 0.0/0.0 CapLeft: 50.0,,,0.0,0.0,0.0,50.0,50.0,0.0,50.0,0.9,0.09999999999999998,0.0,0.0,0.0,0.0,0.0,0.0,0.0,
1765988059.8030157,eth-updown-15m-1765987200,1765987200.0,1765988100.0,,40.19698429107666,,,,,0,0,0.99,0.98,IDLE,,,,,,,,,,,,,,0,5.0,,,,,,,,,,,,,,,,,,,,CAP_FULL,,,,,,,,25.0,25.0,,,,,0,0,,,Inv: 25.0/25.0 CapLeft: 0.0,,,25.0,25.0,50.0,0.0,50.0,0.030000000000000027,49.97,0.96,0.040000000000000036,-5.0,0.5459999999999999,0.46,0.006000000000000005,5.0,0.030000000000000027,0.019779413494467733,OK
1765988061.7698998,eth-updown-15m-1765987200,1765987200.0,1765988100.0,,38.23010015487671,,,,,0,0,0.99,0.98,IDLE,,,,,,,,,,,,,,0,5.0,,,,,,,,,,,,,,,,,,,,CAP_FULL,,,,,,,,25.0,25.0,,,,,0,0,,,Inv: 25.0/25.0 CapLeft: 0.0,,,25.0,25.0,50.0,0.0,50.0,0.030000000000000027,49.97,0.96,0.040000000000000036,-5.0,0.5459999999999999,0.46,0.006000000000000005,5.0,0.030000000000000027,0.019779413494467733,OK
1765988062.4467554,eth-updown-15m-1765987200,1765987200.0,1765988100.0,,37.55324459075928,,,,,0.45,0.45,0.9,0.98,ORDERS_OPEN,,,,,,,,,,,,,,5,5,,,,,,,,,,,,,,,,,,,,Leg:BOTH UP:5 DOWN:5,,,,,,,,0.0,0.0,,,,,0,0,,,Inv: 0.0/0.0 CapLeft: 50.0,,,0.0,0.0,0.0,50.0,50.0,0.0,50.0,0.9,0.09999999999999998,0.0,0.0,0.0,0.0,0.0,0.0,0.0,
1765988063.948359,eth-updown-15m-1765987200,1765987200.0,1765988100.0,,36.05164098739624,,,,,0,0,0.9,0.98,ORDERS_OPEN,,,,,,,,,,,,,,0,5,,,,,,,,,,,,,,,,,,,,,,,,,,,,0.0,0.0,,,,,0,0,,,Inv: 0.0/0.0 CapLeft: 50.0,,,0.0,0.0,0.0,50.0,50.0,0.0,50.0,0.9,0.09999999999999998,0.0,0.0,0.0,0.0,0.0,0.0,0.0,
1765988063.734404,eth-updown-15m-1765987200,1765987200.0,1765988100.0,,36.26559591293335,,,,,0,0,0.99,0.98,IDLE,,,,,,,,,,,,,,0,5.0,,,,,,,,,,,,,,,,,,,,CAP_FULL,,,,,,,,25.0,25.0,,,,,0,0,,,Inv: 25.0/25.0 CapLeft: 0.0,,,25.0,25.0,50.0,0.0,50.0,0.030000000000000027,49.97,0.96,0.040000000000000036,-5.0,0.5459999999999999,0.46,0.006000000000000005,5.0,0.030000000000000027,0.019779413494467733,OK
1765988065.44985,eth-updown-15m-1765987200,1765987200.0,1765988100.0,,34.55014991760254,,,,,0,0,0.9,0.98,ORDERS_OPEN,,,,,,,,,,,,,,0,5,,,,,,,,,,,,,,,,,,,,,,,,,,,,0.0,0.0,,,,,0,0,,,Inv: 0.0/0.0 CapLeft: 50.0,,,0.0,0.0,0.0,50.0,50.0,0.0,50.0,0.9,0.09999999999999998,0.0,0.0,0.0,0.0,0.0,0.0,0.0,
1765988065.7346158,eth-updown-15m-1765987200,1765987200.0,1765988100.0,,34.26538419723511,,,,,0,0,0.99,0.98,IDLE,,,,,,,,,,,,,,0,5.0,,,,,,,,,,,,,,,,,,,,CAP_FULL,,,,,,,,25.0,25.0,,,,,0,0,,,Inv: 25.0/25.0 CapLeft: 0.0,,,25.0,25.0,50.0,0.0,50.0,0.030000000000000027,49.97,0.96,0.040000000000000036,-5.0,0.5459999999999999,0.46,0.006000000000000005,5.0,0.030000000000000027,0.019779413494467733,OK
1765988066.9528375,eth-updown-15m-1765987200,1765987200.0,1765988100.0,,33.0471625328064,,,,,0,0,0.9,0.98,ORDERS_OPEN,,,,,,,,,,,,,,0,5,,,,,,,,,,,,,,,,,,,,,,,,,,,,0.0,0.0,,,,,0,0,,,Inv: 0.0/0.0 CapLeft: 50.0,,,0.0,0.0,0.0,50.0,50.0,0.0,50.0,0.9,0.09999999999999998,0.0,0.0,0.0,0.0,0.0,0.0,0.0,
1765988067.6698468,eth-updown-15m-1765987200,1765987200.0,1765988100.0,,32.33015322685242,,,,,0,0,0.99,0.98,IDLE,,,,,,,,,,,,,,0,5.0,,,,,,,,,,,,,,,,,,,,CAP_FULL,,,,,,,,25.0,25.0,,,,,0,0,,,Inv: 25.0/25.0 CapLeft: 0.0,,,25.0,25.0,50.0,0.0,50.0,0.030000000000000027,49.97,0.96,0.040000000000000036,-5.0,0.5459999999999999,0.46,0.006000000000000005,5.0,0.030000000000000027,0.019779413494467733,OK
1765988068.4542572,eth-updown-15m-1765987200,1765987200.0,1765988100.0,,31.545742750167847,,,,,0,0,0.9,0.98,ORDERS_OPEN,,,,,,,,,,,,,,0,5,,,,,,,,,,,,,,,,,,,,,,,,,,,,0.0,0.0,,,,,0,0,,,Inv: 0.0/0.0 CapLeft: 50.0,,,0.0,0.0,0.0,50.0,50.0,0.0,50.0,0.9,0.09999999999999998,0.0,0.0,0.0,0.0,0.0,0.0,0.0,
1765988069.9562423,eth-updown-15m-1765987200,1765987200.0,1765988100.0,,30.043757677078247,,,,,0,0,0.9,0.98,ORDERS_OPEN,,,,,,,,,,,,,,0,5,,,,,,,,,,,,,,,,,,,,,,,,,,,,0.0,0.0,,,,,0,0,,,Inv: 0.0/0.0 CapLeft: 50.0,,,0.0,0.0,0.0,50.0,50.0,0.0,50.0,0.9,0.09999999999999998,0.0,0.0,0.0,0.0,0.0,0.0,0.0,
1765988069.6160572,eth-updown-15m-1765987200,1765987200.0,1765988100.0,,30.38394284248352,,,,,0,0,0.98,0.98,IDLE,,,,,,,,,,,,,,0,5.0,,,,,,,,,,,,,,,,,,,,CAP_FULL,,,,,,,,25.0,25.0,,,,,0,0,,,Inv: 25.0/25.0 CapLeft: 0.0,,,25.0,25.0,50.0,0.0,50.0,0.030000000000000027,49.97,0.96,0.040000000000000036,-5.0,0.5459999999999999,0.46,0.006000000000000005,5.0,0.030000000000000027,0.019779413494467733,OK
1765988071.457747,eth-updown-15m-1765987200,1765987200.0,1765988100.0,,28.542253017425537,,,,,0,0,0.9,0.98,ORDERS_OPEN,,,,,,,,,,,,,,0,5,,,,,,,,,,,,,,,,,,,,,,,,,,,,0.0,0.0,,,,,0,0,,,Inv: 0.0/0.0 CapLeft: 50.0,,,0.0,0.0,0.0,50.0,50.0,0.0,50.0,0.9,0.09999999999999998,0.0,0.0,0.0,0.0,0.0,0.0,0.0,
1765988071.6092286,eth-updown-15m-1765987200,1765987200.0,1765988100.0,,28.39077138900757,,,,,0,0,0.98,0.98,IDLE,,,,,,,,,,,,,,0,5.0,,,,,,,,,,,,,,,,,,,,CAP_FULL,,,,,,,,25.0,25.0,,,,,0,0,,,Inv: 25.0/25.0 CapLeft: 0.0,,,25.0,25.0,50.0,0.0,50.0,0.030000000000000027,49.97,0.96,0.040000000000000036,-5.0,0.5459999999999999,0.46,0.006000000000000005,5.0,0.030000000000000027,0.019779413494467733,OK
1765988072.961094,eth-updown-15m-1765987200,1765987200.0,1765988100.0,,27.03890609741211,,,,,0,0,0.9,0.98,ORDERS_OPEN,,,,,,,,,,,,,,0,5,,,,,,,,,,,,,,,,,,,,,,,,,,,,0.0,0.0,,,,,0,0,,,Inv: 0.0/0.0 CapLeft: 50.0,,,0.0,0.0,0.0,50.0,50.0,0.0,50.0,0.9,0.09999999999999998,0.0,0.0,0.0,0.0,0.0,0.0,0.0,
1765988073.5348163,eth-updown-15m-1765987200,1765987200.0,1765988100.0,,26.4651837348938,,,,,0,0,0.99,0.98,IDLE,,,,,,,,,,,,,,0,5.0,,,,,,,,,,,,,,,,,,,,CAP_FULL,,,,,,,,25.0,25.0,,,,,0,0,,,Inv: 25.0/25.0 CapLeft: 0.0,,,25.0,25.0,50.0,0.0,50.0,0.030000000000000027,49.97,0.96,0.040000000000000036,-5.0,0.5459999999999999,0.46,0.006000000000000005,5.0,0.030000000000000027,0.019779413494467733,OK
1765988074.4640815,eth-updown-15m-1765987200,1765987200.0,1765988100.0,,25.535918474197388,,,,,0,0,0.9,0.98,ORDERS_OPEN,,,,,,,,,,,,,,0,5,,,,,,,,,,,,,,,,,,,,,,,,,,,,0.0,0.0,,,,,0,0,,,Inv: 0.0/0.0 CapLeft: 50.0,,,0.0,0.0,0.0,50.0,50.0,0.0,50.0,0.9,0.09999999999999998,0.0,0.0,0.0,0.0,0.0,0.0,0.0,
1765988075.4900815,eth-updown-15m-1765987200,1765987200.0,1765988100.0,,24.509918451309204,,,,,0,0,0.99,0.98,IDLE,,,,,,,,,,,,,,0,5.0,,,,,,,,,,,,,,,,,,,,CAP_FULL,,,,,,,,25.0,25.0,,,,,0,0,,,Inv: 25.0/25.0 CapLeft: 0.0,,,25.0,25.0,50.0,0.0,50.0,0.030000000000000027,49.97,0.96,0.040000000000000036,-5.0,0.5459999999999999,0.46,0.006000000000000005,5.0,0.030000000000000027,0.019779413494467733,OK
1765988075.9650047,eth-updown-15m-1765987200,1765987200.0,1765988100.0,,24.034995317459106,,,,,0,0,0.9,0.98,ORDERS_OPEN,,,,,,,,,,,,,,0,5,,,,,,,,,,,,,,,,,,,,,,,,,,,,0.0,0.0,,,,,0,0,,,Inv: 0.0/0.0 CapLeft: 50.0,,,0.0,0.0,0.0,50.0,50.0,0.0,50.0,0.9,0.09999999999999998,0.0,0.0,0.0,0.0,0.0,0.0,0.0,
1765988077.4212132,eth-updown-15m-1765987200,1765987200.0,1765988100.0,,22.578786849975586,,,,,0,0,0.99,0.98,IDLE,,,,,,,,,,,,,,0,5.0,,,,,,,,,,,,,,,,,,,,CAP_FULL,,,,,,,,25.0,25.0,,,,,0,0,,,Inv: 25.0/25.0 CapLeft: 0.0,,,25.0,25.0,50.0,0.0,50.0,0.030000000000000027,49.97,0.96,0.040000000000000036,-5.0,0.5459999999999999,0.46,0.006000000000000005,5.0,0.030000000000000027,0.019779413494467733,OK
1765988078.967327,eth-updown-15m-1765987200,1765987200.0,1765988100.0,,21.032672882080078,,,,,0.45,0.45,0.9,0.98,ORDERS_OPEN,,,,,,,,,,,,,,5,5,,,,,,,,,,,,,,,,,,,,Leg:BOTH UP:5 DOWN:5,,,,,,,,0.0,0.0,,,,,0,0,,,Inv: 0.0/0.0 CapLeft: 50.0,,,0.0,0.0,0.0,50.0,50.0,0.0,50.0,0.9,0.09999999999999998,0.0,0.0,0.0,0.0,0.0,0.0,0.0,
1765988079.3705325,eth-updown-15m-1765987200,1765987200.0,1765988100.0,,20.629467487335205,,,,,0,0,0.99,0.98,IDLE,,,,,,,,,,,,,,0,5.0,,,,,,,,,,,,,,,,,,,,CAP_FULL,,,,,,,,25.0,25.0,,,,,0,0,,,Inv: 25.0/25.0 CapLeft: 0.0,,,25.0,25.0,50.0,0.0,50.0,0.030000000000000027,49.97,0.96,0.040000000000000036,-5.0,0.5459999999999999,0.46,0.006000000000000005,5.0,0.030000000000000027,0.019779413494467733,OK
1765988080.4690187,eth-updown-15m-1765987200,1765987200.0,1765988100.0,,19.530981302261353,,,,,0,0,0.9,0.98,ORDERS_OPEN,,,,,,,,,,,,,,0,5,,,,,,,,,,,,,,,,,,,,,,,,,,,,0.0,0.0,,,,,0,0,,,Inv: 0.0/0.0 CapLeft: 50.0,,,0.0,0.0,0.0,50.0,50.0,0.0,50.0,0.9,0.09999999999999998,0.0,0.0,0.0,0.0,0.0,0.0,0.0,
1765988081.292202,eth-updown-15m-1765987200,1765987200.0,1765988100.0,,18.70779800415039,,,,,0,0,0.99,0.98,IDLE,,,,,,,,,,,,,,0,5.0,,,,,,,,,,,,,,,,,,,,CAP_FULL,,,,,,,,25.0,25.0,,,,,0,0,,,Inv: 25.0/25.0 CapLeft: 0.0,,,25.0,25.0,50.0,0.0,50.0,0.030000000000000027,49.97,0.96,0.040000000000000036,-5.0,0.5459999999999999,0.46,0.006000000000000005,5.0,0.030000000000000027,0.019779413494467733,OK
1765988081.9707446,eth-updown-15m-1765987200,1765987200.0,1765988100.0,,18.029255390167236,,,,,0,0,0.9,0.98,ORDERS_OPEN,,,,,,,,,,,,,,0,5,,,,,,,,,,,,,,,,,,,,,,,,,,,,0.0,0.0,,,,,0,0,,,Inv: 0.0/0.0 CapLeft: 50.0,,,0.0,0.0,0.0,50.0,50.0,0.0,50.0,0.9,0.09999999999999998,0.0,0.0,0.0,0.0,0.0,0.0,0.0,
1765988083.4722538,eth-updown-15m-1765987200,1765987200.0,1765988100.0,,16.527746200561523,,,,,0,0,0.9,0.98,ORDERS_OPEN,,,,,,,,,,,,,,0,5,,,,,,,,,,,,,,,,,,,,,,,,,,,,0.0,0.0,,,,,0,0,,,Inv: 0.0/0.0 CapLeft: 50.0,,,0.0,0.0,0.0,50.0,50.0,0.0,50.0,0.9,0.09999999999999998,0.0,0.0,0.0,0.0,0.0,0.0,0.0,
1765988083.2211163,eth-updown-15m-1765987200,1765987200.0,1765988100.0,,16.778883695602417,,,,,0,0,0.99,0.98,IDLE,,,,,,,,,,,,,,0,5.0,,,,,,,,,,,,,,,,,,,,CAP_FULL,,,,,,,,25.0,25.0,,,,,0,0,,,Inv: 25.0/25.0 CapLeft: 0.0,,,25.0,25.0,50.0,0.0,50.0,0.030000000000000027,49.97,0.96,0.040000000000000036,-5.0,0.5459999999999999,0.46,0.006000000000000005,5.0,0.030000000000000027,0.019779413494467733,OK
1765988084.9739516,eth-updown-15m-1765987200,1765987200.0,1765988100.0,,15.026048421859741,,,,,0,0,0.9,0.98,ORDERS_OPEN,,,,,,,,,,,,,,0,5,,,,,,,,,,,,,,,,,,,,,,,,,,,,0.0,0.0,,,,,0,0,,,Inv: 0.0/0.0 CapLeft: 50.0,,,0.0,0.0,0.0,50.0,50.0,0.0,50.0,0.9,0.09999999999999998,0.0,0.0,0.0,0.0,0.0,0.0,0.0,
1765988085.1569586,eth-updown-15m-1765987200,1765987200.0,1765988100.0,,14.84304141998291,,,,,0,0,0.99,0.98,IDLE,,,,,,,,,,,,,,0,5.0,,,,,,,,,,,,,,,,,,,,CAP_FULL,,,,,,,,25.0,25.0,,,,,0,0,,,Inv: 25.0/25.0 CapLeft: 0.0,,,25.0,25.0,50.0,0.0,50.0,0.030000000000000027,49.97,0.96,0.040000000000000036,-5.0,0.5459999999999999,0.46,0.006000000000000005,5.0,0.030000000000000027,0.019779413494467733,OK
1765988086.4758642,eth-updown-15m-1765987200,1765987200.0,1765988100.0,,13.524135828018188,,,,,0,0,0.9,0.98,ORDERS_OPEN,,,,,,,,,,,,,,0,5,,,,,,,,,,,,,,,,,,,,,,,,,,,,0.0,0.0,,,,,0,0,,,Inv: 0.0/0.0 CapLeft: 50.0,,,0.0,0.0,0.0,50.0,50.0,0.0,50.0,0.9,0.09999999999999998,0.0,0.0,0.0,0.0,0.0,0.0,0.0,
1765988087.143623,eth-updown-15m-1765987200,1765987200.0,1765988100.0,,12.856376886367798,,,,,0,0,0.99,0.98,IDLE,,,,,,,,,,,,,,0,5.0,,,,,,,,,,,,,,,,,,,,CAP_FULL,,,,,,,,25.0,25.0,,,,,0,0,,,Inv: 25.0/25.0 CapLeft: 0.0,,,25.0,25.0,50.0,0.0,50.0,0.030000000000000027,49.97,0.96,0.040000000000000036,-5.0,0.5459999999999999,0.46,0.006000000000000005,5.0,0.030000000000000027,0.019779413494467733,OK
1765988087.9775293,eth-updown-15m-1765987200,1765987200.0,1765988100.0,,12.022470712661743,,,,,0,0,0.9,0.98,ORDERS_OPEN,,,,,,,,,,,,,,0,5,,,,,,,,,,,,,,,,,,,,,,,,,,,,0.0,0.0,,,,,0,0,,,Inv: 0.0/0.0 CapLeft: 50.0,,,0.0,0.0,0.0,50.0,50.0,0.0,50.0,0.9,0.09999999999999998,0.0,0.0,0.0,0.0,0.0,0.0,0.0,
1765988089.481714,eth-updown-15m-1765987200,1765987200.0,1765988100.0,,10.518285989761353,,,,,0,0,0.9,0.98,ORDERS_OPEN,,,,,,,,,,,,,,0,5,,,,,,,,,,,,,,,,,,,,,,,,,,,,0.0,0.0,,,,,0,0,,,Inv: 0.0/0.0 CapLeft: 50.0,,,0.0,0.0,0.0,50.0,50.0,0.0,50.0,0.9,0.09999999999999998,0.0,0.0,0.0,0.0,0.0,0.0,0.0,
1765988089.0890381,eth-updown-15m-1765987200,1765987200.0,1765988100.0,,10.910961866378784,,,,,0,0,0.99,0.98,IDLE,,,,,,,,,,,,,,0,5.0,,,,,,,,,,,,,,,,,,,,CAP_FULL,,,,,,,,25.0,25.0,,,,,0,0,,,Inv: 25.0/25.0 CapLeft: 0.0,,,25.0,25.0,50.0,0.0,50.0,0.030000000000000027,49.97,0.96,0.040000000000000036,-5.0,0.5459999999999999,0.46,0.006000000000000005,5.0,0.030000000000000027,0.019779413494467733,OK
1765988090.9838135,eth-updown-15m-1765987200,1765987200.0,1765988100.0,,9.016186475753784,,,,,0,0,0.9,0.98,ORDERS_OPEN,,,,,,,,,,,,,,0,5,,,,,,,,,,,,,,,,,,,,,,,,,,,,0.0,0.0,,,,,0,0,,,Inv: 0.0/0.0 CapLeft: 50.0,,,0.0,0.0,0.0,50.0,50.0,0.0,50.0,0.9,0.09999999999999998,0.0,0.0,0.0,0.0,0.0,0.0,0.0,
1765988091.037093,eth-updown-15m-1765987200,1765987200.0,1765988100.0,,8.962907075881958,,,,,0,0,0.99,0.98,IDLE,,,,,,,,,,,,,,0,5.0,,,,,,,,,,,,,,,,,,,,CAP_FULL,,,,,,,,25.0,25.0,,,,,0,0,,,Inv: 25.0/25.0 CapLeft: 0.0,,,25.0,25.0,50.0,0.0,50.0,0.030000000000000027,49.97,0.96,0.040000000000000036,-5.0,0.5459999999999999,0.46,0.006000000000000005,5.0,0.030000000000000027,0.019779413494467733,OK
1765988092.4855924,eth-updown-15m-1765987200,1765987200.0,1765988100.0,,7.514407634735107,,,,,0,0,0.9,0.98,ORDERS_OPEN,,,,,,,,,,,,,,0,5,,,,,,,,,,,,,,,,,,,,,,,,,,,,0.0,0.0,,,,,0,0,,,Inv: 0.0/0.0 CapLeft: 50.0,,,0.0,0.0,0.0,50.0,50.0,0.0,50.0,0.9,0.09999999999999998,0.0,0.0,0.0,0.0,0.0,0.0,0.0,
1765988093.002311,eth-updown-15m-1765987200,1765987200.0,1765988100.0,,6.9976890087127686,,,,,0,0,0.99,0.98,IDLE,,,,,,,,,,,,,,0,5.0,,,,,,,,,,,,,,,,,,,,CAP_FULL,,,,,,,,25.0,25.0,,,,,0,0,,,Inv: 25.0/25.0 CapLeft: 0.0,,,25.0,25.0,50.0,0.0,50.0,0.030000000000000027,49.97,0.96,0.040000000000000036,-5.0,0.5459999999999999,0.46,0.006000000000000005,5.0,0.030000000000000027,0.019779413494467733,OK
1765988094.9368947,eth-updown-15m-1765987200,1765987200.0,1765988100.0,,5.063105344772339,,,,,0,0,0.99,0.98,IDLE,,,,,,,,,,,,,,0,5.0,,,,,,,,,,,,,,,,,,,,CAP_FULL,,,,,,,,25.0,25.0,,,,,0,0,,,Inv: 25.0/25.0 CapLeft: 0.0,,,25.0,25.0,50.0,0.0,50.0,0.030000000000000027,49.97,0.96,0.040000000000000036,-5.0,0.5459999999999999,0.46,0.006000000000000005,5.0,0.030000000000000027,0.019779413494467733,OK
1765988095.488166,eth-updown-15m-1765987200,1765987200.0,1765988100.0,,4.511833906173706,,,,,0.45,0.45,0.9,0.98,ORDERS_OPEN,,,,,,,,,,,,,,5,5,,,,,,,,,,,,,,,,,,,,Leg:BOTH UP:5 DOWN:5,,,,,,,,0.0,0.0,,,,,0,0,,,Inv: 0.0/0.0 CapLeft: 50.0,,,0.0,0.0,0.0,50.0,50.0,0.0,50.0,0.9,0.09999999999999998,0.0,0.0,0.0,0.0,0.0,0.0,0.0,
1765988096.9897523,eth-updown-15m-1765987200,1765987200.0,1765988100.0,,3.0102477073669434,,,,,0,0,0.9,0.98,ORDERS_OPEN,,,,,,,,,,,,,,0,5,,,,,,,,,,,,,,,,,,,,,,,,,,,,0.0,0.0,,,,,0,0,,,Inv: 0.0/0.0 CapLeft: 50.0,,,0.0,0.0,0.0,50.0,50.0,0.0,50.0,0.9,0.09999999999999998,0.0,0.0,0.0,0.0,0.0,0.0,0.0,
1765988096.906656,eth-updown-15m-1765987200,1765987200.0,1765988100.0,,3.09334397315979,,,,,0,0,0.99,0.98,IDLE,,,,,,,,,,,,,,0,5.0,,,,,,,,,,,,,,,,,,,,CAP_FULL,,,,,,,,25.0,25.0,,,,,0,0,,,Inv: 25.0/25.0 CapLeft: 0.0,,,25.0,25.0,50.0,0.0,50.0,0.030000000000000027,49.97,0.96,0.040000000000000036,-5.0,0.5459999999999999,0.46,0.006000000000000005,5.0,0.030000000000000027,0.019779413494467733,OK
1765988098.4916406,eth-updown-15m-1765987200,1765987200.0,1765988100.0,,1.508359432220459,,,,,0,0,0.9,0.98,ORDERS_OPEN,,,,,,,,,,,,,,0,5,,,,,,,,,,,,,,,,,,,,,,,,,,,,0.0,0.0,,,,,0,0,,,Inv: 0.0/0.0 CapLeft: 50.0,,,0.0,0.0,0.0,50.0,50.0,0.0,50.0,0.9,0.09999999999999998,0.0,0.0,0.0,0.0,0.0,0.0,0.0,
1765988098.8721273,eth-updown-15m-1765987200,1765987200.0,1765988100.0,,1.1278727054595947,,,,,0,0,0.99,0.98,IDLE,,,,,,,,,,,,,,0,5.0,,,,,,,,,,,,,,,,,,,,CAP_FULL,,,,,,,,25.0,25.0,,,,,0,0,,,Inv: 25.0/25.0 CapLeft: 0.0,,,25.0,25.0,50.0,0.0,50.0,0.030000000000000027,49.97,0.96,0.040000000000000036,-5.0,0.5459999999999999,0.46,0.006000000000000005,5.0,0.030000000000000027,0.019779413494467733,OK
1765988099.9928916,eth-updown-15m-1765987200,1765987200.0,1765988100.0,,0.007108449935913086,,,,,0,0,0.9,0.98,ORDERS_OPEN,,,,,,,,,,,,,,0,5,,,,,,,,,,,,,,,,,,,,,,,,,,,,0.0,0.0,,,,,0,0,,,Inv: 0.0/0.0 CapLeft: 50.0,,,0.0,0.0,0.0,50.0,50.0,0.0,50.0,0.9,0.09999999999999998,0.0,0.0,0.0,0.0,0.0,0.0,0.0,
