timestamp,slug,market_start_ts,market_end_ts,now_ts,time_remaining,up_bid,up_ask,down_bid,down_ask,up_px,down_px,sum_px,max_sum_price,decision,blocked_maker,order_age,up_filled,down_filled,has_traded,intended_price_up,rounded_price_up,intended_price_down,rounded_price_down,cancel_reason,unwind_method,unwind_price,unwind_result,optimal_size,actual_size,near_resolution_blocked,force_flatten,entry_cutoff_sec,force_flatten_sec,size_chosen,size_max_usd,size_max_final,usd_per_market_cap,test_mode,used_test_preset,test_preset_candidate,min_leg_price,max_leg_price,min_profit_per_share,profit_both,price_bounds_ok,profit_ok,skip_reason,blocked_price_bounds,blocked_low_profit,taker_path_attempted,up_ask_at_send,down_ask_at_send,up_bid_at_send,down_bid_at_send,filled_up_shares,filled_down_shares,target_size_shares,size_locked_blocked,overbuy_attempted,filled_first_price,remaining_up,remaining_down,entry_id,reprice_attempt_count,reprice_reason,time_in_one_leg_state,last_reprice_ts,reconstruction_budget,reconstruction_spent,remaining_edge,entry_sum_target,initial_edge_per_share,imbalance_shares,avg_other_price,px_missing_now,overpay_per_share,reconstruct_chunk_shares,reconstruct_cost_est_usd,reconstruct_overpay_limit,reconstruct_block_reason
1765984503.7991624,btc-updown-15m-1765984500,1765984500.0,1765985400.0,,896.2008376121521,,,,,0.44,0.52,0.96,0.98,ORDERS_OPEN,,,,,,,,,,,,,,5,5,,,,,,,,,,,,,,,,,,,,Leg:BOTH UP:5 DOWN:5,,,,,,,,0.0,0.0,,,,,0,0,,,Inv: 0.0/0.0 CapLeft: 50.0,,,0.0,0.0,0.0,50.0,50.0,0.0,50.0,0.96,0.040000000000000036,0.0,0.0,0.0,0.0,0.0,0.0,0.0,
1765984508.149561,btc-updown-15m-1765984500,1765984500.0,1765985400.0,,891.8504390716553,,,,,0,0,0.98,0.98,ORDERS_OPEN,,,,,,,,,,,,,,0,5,,,,,,,,,,,,,,,,,,,,,,,,,,,,0.0,5.0,,,,,0,0,,,Inv: 0.0/5.0 CapLeft: 45.0,,,0.0,5.0,5.0,45.0,50.0,0.0,50.0,0.96,0.040000000000000036,0.0,0.0,0.0,0.0,0.0,0.0,0.0,
1765984510.5620606,btc-updown-15m-1765984500,1765984500.0,1765985400.0,,889.4379394054413,,,,,0,0,0.99,0.98,ORDERS_OPEN,,,,,,,,,,,,,,0,5,,,,,,,,,,,,,,,,,,,,,,,,,,,,0.0,5.0,,,,,0,0,,,Inv: 0.0/5.0 CapLeft: 45.0,,,0.0,5.0,5.0,45.0,50.0,0.0,50.0,0.96,0.040000000000000036,0.0,0.0,0.0,0.0,0.0,0.0,0.0,
1765984512.7565546,btc-updown-15m-1765984500,1765984500.0,1765985400.0,,887.2434453964233,,,,,0,0,0.99,0.98,ORDERS_OPEN,,,,,,,,,,,,,,0,5,,,,,,,,,,,,,,,,,,,,,,,,,,,,0.0,5.0,,,,,0,0,,,Inv: 0.0/5.0 CapLeft: 45.0,,,0.0,5.0,5.0,45.0,50.0,0.0,50.0,0.96,0.040000000000000036,0.0,0.0,0.0,0.0,0.0,0.0,0.0,
1765984514.994135,btc-updown-15m-1765984500,1765984500.0,1765985400.0,,885.0058650970459,,,,,0,0,0.99,0.98,ORDERS_OPEN,,,,,,,,,,,,,,0,5,,,,,,,,,,,,,,,,,,,,,,,,,,,,0.0,5.0,,,,,0,0,,,Inv: 0.0/5.0 CapLeft: 45.0,,,0.0,5.0,5.0,45.0,50.0,0.0,50.0,0.96,0.040000000000000036,0.0,0.0,0.0,0.0,0.0,0.0,0.0,
1765984517.165521,btc-updown-15m-1765984500,1765984500.0,1765985400.0,,882.8344790935516,,,,,0,0,0.99,0.98,ORDERS_OPEN,,,,,,,,,,,,,,0,5,,,,,,,,,,,,,,,,,,,,,,,,,,,,0.0,5.0,,,,,0,0,,,Inv: 0.0/5.0 CapLeft: 45.0,,,0.0,5.0,5.0,45.0,50.0,0.0,50.0,0.96,0.040000000000000036,0.0,0.0,0.0,0.0,0.0,0.0,0.0,
1765984519.3798656,btc-updown-15m-1765984500,1765984500.0,1765985400.0,,880.6201343536377,,,,,0,0,0.98,0.98,ORDERS_OPEN,,,,,,,,,,,,,,0,5,,,,,,,,,,,,,,,,,,,,,,,,,,,,0.0,5.0,,,,,0,0,,,Inv: 0.0/5.0 CapLeft: 45.0,,,0.0,5.0,5.0,45.0,50.0,0.0,50.0,0.96,0.040000000000000036,0.0,0.0,0.0,0.0,0.0,0.0,0.0,
1765984521.5793066,btc-updown-15m-1765984500,1765984500.0,1765985400.0,,878.420693397522,,,,,0,0,0.99,0.98,ONE_LEG_INVENTORY,,,,,,,,,,,,,,0,5,,,,,,,,,,,,,,,,,,,,,,,,,,,,0.0,5.0,,,,,0,0,,,Inv: 0.0/5.0 CapLeft: 45.0,,,0.0,5.0,5.0,45.0,50.0,0.0,50.0,0.96,0.040000000000000036,0.0,0.0,0.0,0.0,0.0,0.0,0.0,
1765984523.7761283,btc-updown-15m-1765984500,1765984500.0,1765985400.0,,876.2238717079163,,,,,0.46,0.53,0.99,0.98,ORDERS_OPEN,,,,,,,,,,,,,,5.0,5.0,,,,,,,,,,,,,,,,,,,,RECONSTRUCT_CHUNK: 5.0/0.0 (Op:-0.0200 B:$50.00),,,,,,,,0.0,5.0,,,,,0,0,,,Inv: 0.0/5.0 CapLeft: 45.0,,,0.0,5.0,5.0,45.0,50.0,0.0,50.0,0.96,0.040000000000000036,-5.0,0.52,0.46,-0.020000000000000018,5.0,0.0,0.002,OK
1765984526.3004496,btc-updown-15m-1765984500,1765984500.0,1765985400.0,,873.6995503902435,,,,,0,0,0.99,0.98,ORDERS_OPEN,,,,,,,,,,,,,,0,5.0,,,,,,,,,,,,,,,,,,,,,,,,,,,,0.0,5.0,,,,,0,0,,,Inv: 0.0/5.0 CapLeft: 45.0,,,0.0,5.0,5.0,45.0,50.0,0.0,50.0,0.96,0.040000000000000036,-5.0,0.52,0.46,-0.020000000000000018,5.0,0.0,0.002,OK
1765984528.45677,btc-updown-15m-1765984500,1765984500.0,1765985400.0,,871.5432300567627,,,,,0,0,0.99,0.98,ORDERS_OPEN,,,,,,,,,,,,,,0,5.0,,,,,,,,,,,,,,,,,,,,,,,,,,,,0.0,5.0,,,,,0,0,,,Inv: 0.0/5.0 CapLeft: 45.0,,,0.0,5.0,5.0,45.0,50.0,0.0,50.0,0.96,0.040000000000000036,-5.0,0.52,0.46,-0.020000000000000018,5.0,0.0,0.002,OK
1765984530.6590824,btc-updown-15m-1765984500,1765984500.0,1765985400.0,,869.3409175872803,,,,,0,0,0.99,0.98,ORDERS_OPEN,,,,,,,,,,,,,,0,5.0,,,,,,,,,,,,,,,,,,,,,,,,,,,,0.0,5.0,,,,,0,0,,,Inv: 0.0/5.0 CapLeft: 45.0,,,0.0,5.0,5.0,45.0,50.0,0.0,50.0,0.96,0.040000000000000036,-5.0,0.52,0.46,-0.020000000000000018,5.0,0.0,0.002,OK
1765984532.8144157,btc-updown-15m-1765984500,1765984500.0,1765985400.0,,867.1855843067169,,,,,0,0,0.98,0.98,ORDERS_OPEN,,,,,,,,,,,,,,0,5.0,,,,,,,,,,,,,,,,,,,,,,,,,,,,0.0,5.0,,,,,0,0,,,Inv: 0.0/5.0 CapLeft: 45.0,,,0.0,5.0,5.0,45.0,50.0,0.0,50.0,0.96,0.040000000000000036,-5.0,0.52,0.46,-0.020000000000000018,5.0,0.0,0.002,OK
1765984535.001872,btc-updown-15m-1765984500,1765984500.0,1765985400.0,,864.9981279373169,,,,,0,0,1.0,0.98,ORDERS_OPEN,,,,,,,,,,,,,,0,5.0,,,,,,,,,,,,,,,,,,,,,,,,,,,,0.0,5.0,,,,,0,0,,,Inv: 0.0/5.0 CapLeft: 45.0,,,0.0,5.0,5.0,45.0,50.0,0.0,50.0,0.96,0.040000000000000036,-5.0,0.52,0.46,-0.020000000000000018,5.0,0.0,0.002,OK
1765984537.1684859,btc-updown-15m-1765984500,1765984500.0,1765985400.0,,862.8315141201019,,,,,0,0,0.99,0.98,ORDERS_OPEN,,,,,,,,,,,,,,0,5.0,,,,,,,,,,,,,,,,,,,,,,,,,,,,0.0,5.0,,,,,0,0,,,Inv: 0.0/5.0 CapLeft: 45.0,,,0.0,5.0,5.0,45.0,50.0,0.0,50.0,0.96,0.040000000000000036,-5.0,0.52,0.46,-0.020000000000000018,5.0,0.0,0.002,OK
1765984539.4035273,btc-updown-15m-1765984500,1765984500.0,1765985400.0,,860.5964727401733,,,,,0,0,0.99,0.98,ONE_LEG_INVENTORY,,,,,,,,,,,,,,0,5.0,,,,,,,,,,,,,,,,,,,,,,,,,,,,0.0,5.0,,,,,0,0,,,Inv: 0.0/5.0 CapLeft: 45.0,,,0.0,5.0,5.0,45.0,50.0,0.0,50.0,0.96,0.040000000000000036,-5.0,0.52,0.46,-0.020000000000000018,5.0,0.0,0.002,OK
1765984541.6157465,btc-updown-15m-1765984500,1765984500.0,1765985400.0,,858.3842535018921,,,,,0,0,0.98,0.98,ONE_LEG_INVENTORY,,,,,,,,,,,,,,0,5.0,,,,,,,,,,,,,,,,,,,,"RECONSTRUCT_BLOCKED: OVERPAY_LIMIT (Op:0.0500 > L:0.0020, Cost:$0.25)",,,,,,,,0.0,5.0,,,,,0,0,,,Inv: 0.0/5.0 CapLeft: 45.0,,,0.0,5.0,5.0,45.0,50.0,0.0,50.0,0.96,0.040000000000000036,-5.0,0.52,0.53,0.050000000000000044,5.0,0.2500000000000002,0.002,OVERPAY_LIMIT
1765984541.6157465,btc-updown-15m-1765984500,1765984500.0,1765985400.0,,858.3842535018921,,,,,0,0,0.98,0.98,ONE_LEG_INVENTORY,,,,,,,,,,,,,,0,5.0,,,,,,,,,,,,,,,,,,,,"RECONSTRUCT_BLOCKED: OVERPAY_LIMIT (Op:0.0500 > L:0.0020, Cost:$0.25)",,,,,,,,0.0,5.0,,,,,0,0,,,Inv: 0.0/5.0 CapLeft: 45.0,,,0.0,5.0,5.0,45.0,50.0,0.0,50.0,0.96,0.040000000000000036,-5.0,0.52,0.53,0.050000000000000044,5.0,0.2500000000000002,0.002,OVERPAY_LIMIT
1765984543.5482903,btc-updown-15m-1765984500,1765984500.0,1765985400.0,,856.4517097473145,,,,,0,0,0.99,0.98,ONE_LEG_INVENTORY,,,,,,,,,,,,,,0,5.0,,,,,,,,,,,,,,,,,,,,"RECONSTRUCT_BLOCKED: OVERPAY_LIMIT (Op:0.0400 > L:0.0020, Cost:$0.20)",,,,,,,,0.0,5.0,,,,,0,0,,,Inv: 0.0/5.0 CapLeft: 45.0,,,0.0,5.0,5.0,45.0,50.0,0.0,50.0,0.96,0.040000000000000036,-5.0,0.52,0.52,0.040000000000000036,5.0,0.20000000000000018,0.002,OVERPAY_LIMIT
1765984543.5482903,btc-updown-15m-1765984500,1765984500.0,1765985400.0,,856.4517097473145,,,,,0,0,0.99,0.98,ONE_LEG_INVENTORY,,,,,,,,,,,,,,0,5.0,,,,,,,,,,,,,,,,,,,,"RECONSTRUCT_BLOCKED: OVERPAY_LIMIT (Op:0.0400 > L:0.0020, Cost:$0.20)",,,,,,,,0.0,5.0,,,,,0,0,,,Inv: 0.0/5.0 CapLeft: 45.0,,,0.0,5.0,5.0,45.0,50.0,0.0,50.0,0.96,0.040000000000000036,-5.0,0.52,0.52,0.040000000000000036,5.0,0.20000000000000018,0.002,OVERPAY_LIMIT
1765984545.482365,btc-updown-15m-1765984500,1765984500.0,1765985400.0,,854.5176351070404,,,,,0,0,0.99,0.98,ONE_LEG_INVENTORY,,,,,,,,,,,,,,0,5.0,,,,,,,,,,,,,,,,,,,,"RECONSTRUCT_BLOCKED: OVERPAY_LIMIT (Op:0.0400 > L:0.0020, Cost:$0.20)",,,,,,,,0.0,5.0,,,,,0,0,,,Inv: 0.0/5.0 CapLeft: 45.0,,,0.0,5.0,5.0,45.0,50.0,0.0,50.0,0.96,0.040000000000000036,-5.0,0.52,0.52,0.040000000000000036,5.0,0.20000000000000018,0.002,OVERPAY_LIMIT
1765984545.482365,btc-updown-15m-1765984500,1765984500.0,1765985400.0,,854.5176351070404,,,,,0,0,0.99,0.98,ONE_LEG_INVENTORY,,,,,,,,,,,,,,0,5.0,,,,,,,,,,,,,,,,,,,,"RECONSTRUCT_BLOCKED: OVERPAY_LIMIT (Op:0.0400 > L:0.0020, Cost:$0.20)",,,,,,,,0.0,5.0,,,,,0,0,,,Inv: 0.0/5.0 CapLeft: 45.0,,,0.0,5.0,5.0,45.0,50.0,0.0,50.0,0.96,0.040000000000000036,-5.0,0.52,0.52,0.040000000000000036,5.0,0.20000000000000018,0.002,OVERPAY_LIMIT
1765984547.4491365,btc-updown-15m-1765984500,1765984500.0,1765985400.0,,852.5508635044098,,,,,0,0,1.0,0.98,ONE_LEG_INVENTORY,,,,,,,,,,,,,,0,5.0,,,,,,,,,,,,,,,,,,,,"RECONSTRUCT_BLOCKED: OVERPAY_LIMIT (Op:0.0300 > L:0.0020, Cost:$0.15)",,,,,,,,0.0,5.0,,,,,0,0,,,Inv: 0.0/5.0 CapLeft: 45.0,,,0.0,5.0,5.0,45.0,50.0,0.0,50.0,0.96,0.040000000000000036,-5.0,0.52,0.51,0.030000000000000027,5.0,0.15000000000000013,0.002,OVERPAY_LIMIT
1765984547.4491365,btc-updown-15m-1765984500,1765984500.0,1765985400.0,,852.5508635044098,,,,,0,0,1.0,0.98,ONE_LEG_INVENTORY,,,,,,,,,,,,,,0,5.0,,,,,,,,,,,,,,,,,,,,"RECONSTRUCT_BLOCKED: OVERPAY_LIMIT (Op:0.0300 > L:0.0020, Cost:$0.15)",,,,,,,,0.0,5.0,,,,,0,0,,,Inv: 0.0/5.0 CapLeft: 45.0,,,0.0,5.0,5.0,45.0,50.0,0.0,50.0,0.96,0.040000000000000036,-5.0,0.52,0.51,0.030000000000000027,5.0,0.15000000000000013,0.002,OVERPAY_LIMIT
1765984549.398268,btc-updown-15m-1765984500,1765984500.0,1765985400.0,,850.6017320156097,,,,,0,0,0.99,0.98,ONE_LEG_INVENTORY,,,,,,,,,,,,,,0,5.0,,,,,,,,,,,,,,,,,,,,"RECONSTRUCT_BLOCKED: OVERPAY_LIMIT (Op:0.0400 > L:0.0020, Cost:$0.20)",,,,,,,,0.0,5.0,,,,,0,0,,,Inv: 0.0/5.0 CapLeft: 45.0,,,0.0,5.0,5.0,45.0,50.0,0.0,50.0,0.96,0.040000000000000036,-5.0,0.52,0.52,0.040000000000000036,5.0,0.20000000000000018,0.002,OVERPAY_LIMIT
1765984549.398268,btc-updown-15m-1765984500,1765984500.0,1765985400.0,,850.6017320156097,,,,,0,0,0.99,0.98,ONE_LEG_INVENTORY,,,,,,,,,,,,,,0,5.0,,,,,,,,,,,,,,,,,,,,"RECONSTRUCT_BLOCKED: OVERPAY_LIMIT (Op:0.0400 > L:0.0020, Cost:$0.20)",,,,,,,,0.0,5.0,,,,,0,0,,,Inv: 0.0/5.0 CapLeft: 45.0,,,0.0,5.0,5.0,45.0,50.0,0.0,50.0,0.96,0.040000000000000036,-5.0,0.52,0.52,0.040000000000000036,5.0,0.20000000000000018,0.002,OVERPAY_LIMIT
1765984551.3866017,btc-updown-15m-1765984500,1765984500.0,1765985400.0,,848.6133983135223,,,,,0,0,0.99,0.98,ONE_LEG_INVENTORY,,,,,,,,,,,,,,0,5.0,,,,,,,,,,,,,,,,,,,,"RECONSTRUCT_BLOCKED: OVERPAY_LIMIT (Op:0.0400 > L:0.0020, Cost:$0.20)",,,,,,,,0.0,5.0,,,,,0,0,,,Inv: 0.0/5.0 CapLeft: 45.0,,,0.0,5.0,5.0,45.0,50.0,0.0,50.0,0.96,0.040000000000000036,-5.0,0.52,0.52,0.040000000000000036,5.0,0.20000000000000018,0.002,OVERPAY_LIMIT
1765984551.3866017,btc-updown-15m-1765984500,1765984500.0,1765985400.0,,848.6133983135223,,,,,0,0,0.99,0.98,ONE_LEG_INVENTORY,,,,,,,,,,,,,,0,5.0,,,,,,,,,,,,,,,,,,,,"RECONSTRUCT_BLOCKED: OVERPAY_LIMIT (Op:0.0400 > L:0.0020, Cost:$0.20)",,,,,,,,0.0,5.0,,,,,0,0,,,Inv: 0.0/5.0 CapLeft: 45.0,,,0.0,5.0,5.0,45.0,50.0,0.0,50.0,0.96,0.040000000000000036,-5.0,0.52,0.52,0.040000000000000036,5.0,0.20000000000000018,0.002,OVERPAY_LIMIT
1765984553.3251922,btc-updown-15m-1765984500,1765984500.0,1765985400.0,,846.6748077869415,,,,,0,0,1.0,0.98,ONE_LEG_INVENTORY,,,,,,,,,,,,,,0,5.0,,,,,,,,,,,,,,,,,,,,"RECONSTRUCT_BLOCKED: OVERPAY_LIMIT (Op:0.0500 > L:0.0020, Cost:$0.25)",,,,,,,,0.0,5.0,,,,,0,0,,,Inv: 0.0/5.0 CapLeft: 45.0,,,0.0,5.0,5.0,45.0,50.0,0.0,50.0,0.96,0.040000000000000036,-5.0,0.52,0.53,0.050000000000000044,5.0,0.2500000000000002,0.002,OVERPAY_LIMIT
1765984553.3251922,btc-updown-15m-1765984500,1765984500.0,1765985400.0,,846.6748077869415,,,,,0,0,1.0,0.98,ONE_LEG_INVENTORY,,,,,,,,,,,,,,0,5.0,,,,,,,,,,,,,,,,,,,,"RECONSTRUCT_BLOCKED: OVERPAY_LIMIT (Op:0.0500 > L:0.0020, Cost:$0.25)",,,,,,,,0.0,5.0,,,,,0,0,,,Inv: 0.0/5.0 CapLeft: 45.0,,,0.0,5.0,5.0,45.0,50.0,0.0,50.0,0.96,0.040000000000000036,-5.0,0.52,0.53,0.050000000000000044,5.0,0.2500000000000002,0.002,OVERPAY_LIMIT
1765984555.2958584,btc-updown-15m-1765984500,1765984500.0,1765985400.0,,844.7041416168213,,,,,0,0,0.99,0.98,ONE_LEG_INVENTORY,,,,,,,,,,,,,,0,5.0,,,,,,,,,,,,,,,,,,,,"RECONSTRUCT_BLOCKED: OVERPAY_LIMIT (Op:0.0500 > L:0.0020, Cost:$0.25)",,,,,,,,0.0,5.0,,,,,0,0,,,Inv: 0.0/5.0 CapLeft: 45.0,,,0.0,5.0,5.0,45.0,50.0,0.0,50.0,0.96,0.040000000000000036,-5.0,0.52,0.53,0.050000000000000044,5.0,0.2500000000000002,0.002,OVERPAY_LIMIT
1765984555.2958584,btc-updown-15m-1765984500,1765984500.0,1765985400.0,,844.7041416168213,,,,,0,0,0.99,0.98,ONE_LEG_INVENTORY,,,,,,,,,,,,,,0,5.0,,,,,,,,,,,,,,,,,,,,"RECONSTRUCT_BLOCKED: OVERPAY_LIMIT (Op:0.0500 > L:0.0020, Cost:$0.25)",,,,,,,,0.0,5.0,,,,,0,0,,,Inv: 0.0/5.0 CapLeft: 45.0,,,0.0,5.0,5.0,45.0,50.0,0.0,50.0,0.96,0.040000000000000036,-5.0,0.52,0.53,0.050000000000000044,5.0,0.2500000000000002,0.002,OVERPAY_LIMIT
1765984557.414062,btc-updown-15m-1765984500,1765984500.0,1765985400.0,,842.5859379768372,,,,,0,0,0.98,0.98,ONE_LEG_INVENTORY,,,,,,,,,,,,,,0,5.0,,,,,,,,,,,,,,,,,,,,"RECONSTRUCT_BLOCKED: OVERPAY_LIMIT (Op:0.0300 > L:0.0020, Cost:$0.15)",,,,,,,,0.0,5.0,,,,,0,0,,,Inv: 0.0/5.0 CapLeft: 45.0,,,0.0,5.0,5.0,45.0,50.0,0.0,50.0,0.96,0.040000000000000036,-5.0,0.52,0.51,0.030000000000000027,5.0,0.15000000000000013,0.002,OVERPAY_LIMIT
1765984557.414062,btc-updown-15m-1765984500,1765984500.0,1765985400.0,,842.5859379768372,,,,,0,0,0.98,0.98,ONE_LEG_INVENTORY,,,,,,,,,,,,,,0,5.0,,,,,,,,,,,,,,,,,,,,"RECONSTRUCT_BLOCKED: OVERPAY_LIMIT (Op:0.0300 > L:0.0020, Cost:$0.15)",,,,,,,,0.0,5.0,,,,,0,0,,,Inv: 0.0/5.0 CapLeft: 45.0,,,0.0,5.0,5.0,45.0,50.0,0.0,50.0,0.96,0.040000000000000036,-5.0,0.52,0.51,0.030000000000000027,5.0,0.15000000000000013,0.002,OVERPAY_LIMIT
1765984559.3569856,btc-updown-15m-1765984500,1765984500.0,1765985400.0,,840.6430144309998,,,,,0,0,1.0,0.98,ONE_LEG_INVENTORY,,,,,,,,,,,,,,0,5.0,,,,,,,,,,,,,,,,,,,,"RECONSTRUCT_BLOCKED: OVERPAY_LIMIT (Op:0.0600 > L:0.0020, Cost:$0.30)",,,,,,,,0.0,5.0,,,,,0,0,,,Inv: 0.0/5.0 CapLeft: 45.0,,,0.0,5.0,5.0,45.0,50.0,0.0,50.0,0.96,0.040000000000000036,-5.0,0.52,0.54,0.06000000000000005,5.0,0.30000000000000027,0.002,OVERPAY_LIMIT
1765984559.3569856,btc-updown-15m-1765984500,1765984500.0,1765985400.0,,840.6430144309998,,,,,0,0,1.0,0.98,ONE_LEG_INVENTORY,,,,,,,,,,,,,,0,5.0,,,,,,,,,,,,,,,,,,,,"RECONSTRUCT_BLOCKED: OVERPAY_LIMIT (Op:0.0600 > L:0.0020, Cost:$0.30)",,,,,,,,0.0,5.0,,,,,0,0,,,Inv: 0.0/5.0 CapLeft: 45.0,,,0.0,5.0,5.0,45.0,50.0,0.0,50.0,0.96,0.040000000000000036,-5.0,0.52,0.54,0.06000000000000005,5.0,0.30000000000000027,0.002,OVERPAY_LIMIT
1765984561.3207362,btc-updown-15m-1765984500,1765984500.0,1765985400.0,,838.6792638301849,,,,,0,0,0.99,0.98,ONE_LEG_INVENTORY,,,,,,,,,,,,,,0,5.0,,,,,,,,,,,,,,,,,,,,"RECONSTRUCT_BLOCKED: OVERPAY_LIMIT (Op:0.0600 > L:0.0020, Cost:$0.30)",,,,,,,,0.0,5.0,,,,,0,0,,,Inv: 0.0/5.0 CapLeft: 45.0,,,0.0,5.0,5.0,45.0,50.0,0.0,50.0,0.96,0.040000000000000036,-5.0,0.52,0.54,0.06000000000000005,5.0,0.30000000000000027,0.002,OVERPAY_LIMIT
1765984561.3207362,btc-updown-15m-1765984500,1765984500.0,1765985400.0,,838.6792638301849,,,,,0,0,0.99,0.98,ONE_LEG_INVENTORY,,,,,,,,,,,,,,0,5.0,,,,,,,,,,,,,,,,,,,,"RECONSTRUCT_BLOCKED: OVERPAY_LIMIT (Op:0.0600 > L:0.0020, Cost:$0.30)",,,,,,,,0.0,5.0,,,,,0,0,,,Inv: 0.0/5.0 CapLeft: 45.0,,,0.0,5.0,5.0,45.0,50.0,0.0,50.0,0.96,0.040000000000000036,-5.0,0.52,0.54,0.06000000000000005,5.0,0.30000000000000027,0.002,OVERPAY_LIMIT
1765984563.3927848,btc-updown-15m-1765984500,1765984500.0,1765985400.0,,836.6072151660919,,,,,0,0,0.99,0.98,ONE_LEG_INVENTORY,,,,,,,,,,,,,,0,5.0,,,,,,,,,,,,,,,,,,,,"RECONSTRUCT_BLOCKED: OVERPAY_LIMIT (Op:0.0400 > L:0.0020, Cost:$0.20)",,,,,,,,0.0,5.0,,,,,0,0,,,Inv: 0.0/5.0 CapLeft: 45.0,,,0.0,5.0,5.0,45.0,50.0,0.0,50.0,0.96,0.040000000000000036,-5.0,0.52,0.52,0.040000000000000036,5.0,0.20000000000000018,0.002,OVERPAY_LIMIT
1765984563.3927848,btc-updown-15m-1765984500,1765984500.0,1765985400.0,,836.6072151660919,,,,,0,0,0.99,0.98,ONE_LEG_INVENTORY,,,,,,,,,,,,,,0,5.0,,,,,,,,,,,,,,,,,,,,"RECONSTRUCT_BLOCKED: OVERPAY_LIMIT (Op:0.0400 > L:0.0020, Cost:$0.20)",,,,,,,,0.0,5.0,,,,,0,0,,,Inv: 0.0/5.0 CapLeft: 45.0,,,0.0,5.0,5.0,45.0,50.0,0.0,50.0,0.96,0.040000000000000036,-5.0,0.52,0.52,0.040000000000000036,5.0,0.20000000000000018,0.002,OVERPAY_LIMIT
1765984565.3493319,btc-updown-15m-1765984500,1765984500.0,1765985400.0,,834.6506681442261,,,,,0,0,0.99,0.98,ONE_LEG_INVENTORY,,,,,,,,,,,,,,0,5.0,,,,,,,,,,,,,,,,,,,,"RECONSTRUCT_BLOCKED: OVERPAY_LIMIT (Op:0.0500 > L:0.0020, Cost:$0.25)",,,,,,,,0.0,5.0,,,,,0,0,,,Inv: 0.0/5.0 CapLeft: 45.0,,,0.0,5.0,5.0,45.0,50.0,0.0,50.0,0.96,0.040000000000000036,-5.0,0.52,0.53,0.050000000000000044,5.0,0.2500000000000002,0.002,OVERPAY_LIMIT
1765984565.3493319,btc-updown-15m-1765984500,1765984500.0,1765985400.0,,834.6506681442261,,,,,0,0,0.99,0.98,ONE_LEG_INVENTORY,,,,,,,,,,,,,,0,5.0,,,,,,,,,,,,,,,,,,,,"RECONSTRUCT_BLOCKED: OVERPAY_LIMIT (Op:0.0500 > L:0.0020, Cost:$0.25)",,,,,,,,0.0,5.0,,,,,0,0,,,Inv: 0.0/5.0 CapLeft: 45.0,,,0.0,5.0,5.0,45.0,50.0,0.0,50.0,0.96,0.040000000000000036,-5.0,0.52,0.53,0.050000000000000044,5.0,0.2500000000000002,0.002,OVERPAY_LIMIT
1765984567.3210497,btc-updown-15m-1765984500,1765984500.0,1765985400.0,,832.6789503097534,,,,,0,0,0.99,0.98,ONE_LEG_INVENTORY,,,,,,,,,,,,,,0,5.0,,,,,,,,,,,,,,,,,,,,"RECONSTRUCT_BLOCKED: OVERPAY_LIMIT (Op:0.0300 > L:0.0020, Cost:$0.15)",,,,,,,,0.0,5.0,,,,,0,0,,,Inv: 0.0/5.0 CapLeft: 45.0,,,0.0,5.0,5.0,45.0,50.0,0.0,50.0,0.96,0.040000000000000036,-5.0,0.52,0.51,0.030000000000000027,5.0,0.15000000000000013,0.002,OVERPAY_LIMIT
1765984567.3210497,btc-updown-15m-1765984500,1765984500.0,1765985400.0,,832.6789503097534,,,,,0,0,0.99,0.98,ONE_LEG_INVENTORY,,,,,,,,,,,,,,0,5.0,,,,,,,,,,,,,,,,,,,,"RECONSTRUCT_BLOCKED: OVERPAY_LIMIT (Op:0.0300 > L:0.0020, Cost:$0.15)",,,,,,,,0.0,5.0,,,,,0,0,,,Inv: 0.0/5.0 CapLeft: 45.0,,,0.0,5.0,5.0,45.0,50.0,0.0,50.0,0.96,0.040000000000000036,-5.0,0.52,0.51,0.030000000000000027,5.0,0.15000000000000013,0.002,OVERPAY_LIMIT
1765984569.3088531,btc-updown-15m-1765984500,1765984500.0,1765985400.0,,830.6911468505859,,,,,0,0,1.0,0.98,ONE_LEG_INVENTORY,,,,,,,,,,,,,,0,5.0,,,,,,,,,,,,,,,,,,,,"RECONSTRUCT_BLOCKED: OVERPAY_LIMIT (Op:0.0300 > L:0.0020, Cost:$0.15)",,,,,,,,0.0,5.0,,,,,0,0,,,Inv: 0.0/5.0 CapLeft: 45.0,,,0.0,5.0,5.0,45.0,50.0,0.0,50.0,0.96,0.040000000000000036,-5.0,0.52,0.51,0.030000000000000027,5.0,0.15000000000000013,0.002,OVERPAY_LIMIT
1765984569.3088531,btc-updown-15m-1765984500,1765984500.0,1765985400.0,,830.6911468505859,,,,,0,0,1.0,0.98,ONE_LEG_INVENTORY,,,,,,,,,,,,,,0,5.0,,,,,,,,,,,,,,,,,,,,"RECONSTRUCT_BLOCKED: OVERPAY_LIMIT (Op:0.0300 > L:0.0020, Cost:$0.15)",,,,,,,,0.0,5.0,,,,,0,0,,,Inv: 0.0/5.0 CapLeft: 45.0,,,0.0,5.0,5.0,45.0,50.0,0.0,50.0,0.96,0.040000000000000036,-5.0,0.52,0.51,0.030000000000000027,5.0,0.15000000000000013,0.002,OVERPAY_LIMIT
1765984571.2737274,btc-updown-15m-1765984500,1765984500.0,1765985400.0,,828.7262725830078,,,,,0,0,0.97,0.98,ONE_LEG_INVENTORY,,,,,,,,,,,,,,0,5.0,,,,,,,,,,,,,,,,,,,,"RECONSTRUCT_BLOCKED: OVERPAY_LIMIT (Op:0.0200 > L:0.0020, Cost:$0.10)",,,,,,,,0.0,5.0,,,,,0,0,,,Inv: 0.0/5.0 CapLeft: 45.0,,,0.0,5.0,5.0,45.0,50.0,0.0,50.0,0.96,0.040000000000000036,-5.0,0.52,0.5,0.020000000000000018,5.0,0.10000000000000009,0.002,OVERPAY_LIMIT
1765984571.2737274,btc-updown-15m-1765984500,1765984500.0,1765985400.0,,828.7262725830078,,,,,0,0,0.97,0.98,ONE_LEG_INVENTORY,,,,,,,,,,,,,,0,5.0,,,,,,,,,,,,,,,,,,,,"RECONSTRUCT_BLOCKED: OVERPAY_LIMIT (Op:0.0200 > L:0.0020, Cost:$0.10)",,,,,,,,0.0,5.0,,,,,0,0,,,Inv: 0.0/5.0 CapLeft: 45.0,,,0.0,5.0,5.0,45.0,50.0,0.0,50.0,0.96,0.040000000000000036,-5.0,0.52,0.5,0.020000000000000018,5.0,0.10000000000000009,0.002,OVERPAY_LIMIT
1765984573.2213871,btc-updown-15m-1765984500,1765984500.0,1765985400.0,,826.7786128520966,,,,,0,0,0.99,0.98,ONE_LEG_INVENTORY,,,,,,,,,,,,,,0,5.0,,,,,,,,,,,,,,,,,,,,"RECONSTRUCT_BLOCKED: OVERPAY_LIMIT (Op:0.0500 > L:0.0020, Cost:$0.25)",,,,,,,,0.0,5.0,,,,,0,0,,,Inv: 0.0/5.0 CapLeft: 45.0,,,0.0,5.0,5.0,45.0,50.0,0.0,50.0,0.96,0.040000000000000036,-5.0,0.52,0.53,0.050000000000000044,5.0,0.2500000000000002,0.002,OVERPAY_LIMIT
1765984573.2213871,btc-updown-15m-1765984500,1765984500.0,1765985400.0,,826.7786128520966,,,,,0,0,0.99,0.98,ONE_LEG_INVENTORY,,,,,,,,,,,,,,0,5.0,,,,,,,,,,,,,,,,,,,,"RECONSTRUCT_BLOCKED: OVERPAY_LIMIT (Op:0.0500 > L:0.0020, Cost:$0.25)",,,,,,,,0.0,5.0,,,,,0,0,,,Inv: 0.0/5.0 CapLeft: 45.0,,,0.0,5.0,5.0,45.0,50.0,0.0,50.0,0.96,0.040000000000000036,-5.0,0.52,0.53,0.050000000000000044,5.0,0.2500000000000002,0.002,OVERPAY_LIMIT
1765984575.177969,btc-updown-15m-1765984500,1765984500.0,1765985400.0,,824.8220310211182,,,,,0,0,0.99,0.98,ONE_LEG_INVENTORY,,,,,,,,,,,,,,0,5.0,,,,,,,,,,,,,,,,,,,,"RECONSTRUCT_BLOCKED: OVERPAY_LIMIT (Op:0.0200 > L:0.0020, Cost:$0.10)",,,,,,,,0.0,5.0,,,,,0,0,,,Inv: 0.0/5.0 CapLeft: 45.0,,,0.0,5.0,5.0,45.0,50.0,0.0,50.0,0.96,0.040000000000000036,-5.0,0.52,0.5,0.020000000000000018,5.0,0.10000000000000009,0.002,OVERPAY_LIMIT
1765984575.177969,btc-updown-15m-1765984500,1765984500.0,1765985400.0,,824.8220310211182,,,,,0,0,0.99,0.98,ONE_LEG_INVENTORY,,,,,,,,,,,,,,0,5.0,,,,,,,,,,,,,,,,,,,,"RECONSTRUCT_BLOCKED: OVERPAY_LIMIT (Op:0.0200 > L:0.0020, Cost:$0.10)",,,,,,,,0.0,5.0,,,,,0,0,,,Inv: 0.0/5.0 CapLeft: 45.0,,,0.0,5.0,5.0,45.0,50.0,0.0,50.0,0.96,0.040000000000000036,-5.0,0.52,0.5,0.020000000000000018,5.0,0.10000000000000009,0.002,OVERPAY_LIMIT
1765984577.1170783,btc-updown-15m-1765984500,1765984500.0,1765985400.0,,822.8829216957092,,,,,0,0,1.0,0.98,ONE_LEG_INVENTORY,,,,,,,,,,,,,,0,5.0,,,,,,,,,,,,,,,,,,,,"RECONSTRUCT_BLOCKED: OVERPAY_LIMIT (Op:0.0100 > L:0.0020, Cost:$0.05)",,,,,,,,0.0,5.0,,,,,0,0,,,Inv: 0.0/5.0 CapLeft: 45.0,,,0.0,5.0,5.0,45.0,50.0,0.0,50.0,0.96,0.040000000000000036,-5.0,0.52,0.49,0.010000000000000009,5.0,0.050000000000000044,0.002,OVERPAY_LIMIT
1765984577.1170783,btc-updown-15m-1765984500,1765984500.0,1765985400.0,,822.8829216957092,,,,,0,0,1.0,0.98,ONE_LEG_INVENTORY,,,,,,,,,,,,,,0,5.0,,,,,,,,,,,,,,,,,,,,"RECONSTRUCT_BLOCKED: OVERPAY_LIMIT (Op:0.0100 > L:0.0020, Cost:$0.05)",,,,,,,,0.0,5.0,,,,,0,0,,,Inv: 0.0/5.0 CapLeft: 45.0,,,0.0,5.0,5.0,45.0,50.0,0.0,50.0,0.96,0.040000000000000036,-5.0,0.52,0.49,0.010000000000000009,5.0,0.050000000000000044,0.002,OVERPAY_LIMIT
1765984582.997231,btc-updown-15m-1765984500,1765984500.0,1765985400.0,,817.0027689933777,,,,,0,0,0.99,0.98,IDLE,,,,,,,,,,,,,,0,5.0,,,,,,,,,,,,,,,,,,,,Spread high 0.99 > 0.98,,,,,,,,5.0,5.0,,,,,0,0,,,Inv: 5.0/5.0 CapLeft: 40.0,,,5.0,5.0,10.0,40.0,50.0,0.0,50.0,0.96,0.040000000000000036,-5.0,0.52,0.47,-0.010000000000000009,5.0,0.0,0.002,OK
1765984584.9901278,btc-updown-15m-1765984500,1765984500.0,1765985400.0,,815.0098721981049,,,,,0,0,0.99,0.98,IDLE,,,,,,,,,,,,,,0,5.0,,,,,,,,,,,,,,,,,,,,Spread high 0.99 > 0.98,,,,,,,,5.0,5.0,,,,,0,0,,,Inv: 5.0/5.0 CapLeft: 40.0,,,5.0,5.0,10.0,40.0,50.0,0.0,50.0,0.96,0.040000000000000036,-5.0,0.52,0.47,-0.010000000000000009,5.0,0.0,0.002,OK
1765984587.0702064,btc-updown-15m-1765984500,1765984500.0,1765985400.0,,812.9297935962677,,,,,0,0,0.99,0.98,IDLE,,,,,,,,,,,,,,0,5.0,,,,,,,,,,,,,,,,,,,,Spread high 0.99 > 0.98,,,,,,,,5.0,5.0,,,,,0,0,,,Inv: 5.0/5.0 CapLeft: 40.0,,,5.0,5.0,10.0,40.0,50.0,0.0,50.0,0.96,0.040000000000000036,-5.0,0.52,0.47,-0.010000000000000009,5.0,0.0,0.002,OK
1765984589.0131187,btc-updown-15m-1765984500,1765984500.0,1765985400.0,,810.9868812561035,,,,,0.43,0.55,0.98,0.98,ORDERS_OPEN,,,,,,,,,,,,,,5,5,,,,,,,,,,,,,,,,,,,,Leg:BOTH UP:5 DOWN:5,,,,,,,,5.0,10.0,,,,,0,0,,,Inv: 5.0/10.0 CapLeft: 35.0,,,5.0,10.0,15.0,35.0,50.0,0.0,50.0,0.98,0.020000000000000018,-5.0,0.52,0.47,-0.010000000000000009,5.0,0.0,0.002,OK
1765984593.1349742,btc-updown-15m-1765984500,1765984500.0,1765985400.0,,806.8650257587433,,,,,0,0,0.99,0.98,IDLE,,,,,,,,,,,,,,0,5,,,,,,,,,,,,,,,,,,,,,,,,,,,,10.0,10.0,,,,,0,0,,,Inv: 10.0/10.0 CapLeft: 30.0,,,10.0,10.0,20.0,30.0,50.0,0.0,50.0,0.98,0.020000000000000018,-5.0,0.52,0.47,-0.010000000000000009,5.0,0.0,0.002,OK
1765984595.3210793,btc-updown-15m-1765984500,1765984500.0,1765985400.0,,804.6789207458496,,,,,0,0,0.99,0.98,IDLE,,,,,,,,,,,,,,0,5,,,,,,,,,,,,,,,,,,,,Spread high 0.99 > 0.98,,,,,,,,10.0,10.0,,,,,0,0,,,Inv: 10.0/10.0 CapLeft: 30.0,,,10.0,10.0,20.0,30.0,50.0,0.0,50.0,0.98,0.020000000000000018,-5.0,0.52,0.47,-0.010000000000000009,5.0,0.0,0.002,OK
1765984597.261929,btc-updown-15m-1765984500,1765984500.0,1765985400.0,,802.7380709648132,,,,,0,0,0.99,0.98,IDLE,,,,,,,,,,,,,,0,5,,,,,,,,,,,,,,,,,,,,Spread high 0.99 > 0.98,,,,,,,,10.0,10.0,,,,,0,0,,,Inv: 10.0/10.0 CapLeft: 30.0,,,10.0,10.0,20.0,30.0,50.0,0.0,50.0,0.98,0.020000000000000018,-5.0,0.52,0.47,-0.010000000000000009,5.0,0.0,0.002,OK
1765984599.2004085,btc-updown-15m-1765984500,1765984500.0,1765985400.0,,800.7995915412903,,,,,0.42,0.56,0.98,0.98,ORDERS_OPEN,,,,,,,,,,,,,,5,5,,,,,,,,,,,,,,,,,,,,Leg:BOTH UP:5 DOWN:5,,,,,,,,10.0,10.0,,,,,0,0,,,Inv: 10.0/10.0 CapLeft: 30.0,,,10.0,10.0,20.0,30.0,50.0,0.0,50.0,0.98,0.020000000000000018,-5.0,0.52,0.47,-0.010000000000000009,5.0,0.0,0.002,OK
1765984602.136771,btc-updown-15m-1765984500,1765984500.0,1765985400.0,,797.8632290363312,,,,,0,0,1.0,0.98,ORDERS_OPEN,,,,,,,,,,,,,,0,5,,,,,,,,,,,,,,,,,,,,,,,,,,,,15.0,10.0,,,,,0,0,,,Inv: 15.0/10.0 CapLeft: 25.0,,,15.0,10.0,25.0,25.0,50.0,0.0,50.0,0.98,0.020000000000000018,-5.0,0.52,0.47,-0.010000000000000009,5.0,0.0,0.002,OK
1765984604.630251,btc-updown-15m-1765984500,1765984500.0,1765985400.0,,795.3697490692139,,,,,0,0,1.0,0.98,IDLE,,,,,,,,,,,,,,0,5,,,,,,,,,,,,,,,,,,,,,,,,,,,,15.0,15.0,,,,,0,0,,,Inv: 15.0/15.0 CapLeft: 20.0,,,15.0,15.0,30.0,20.0,50.0,0.0,50.0,0.98,0.020000000000000018,-5.0,0.52,0.47,-0.010000000000000009,5.0,0.0,0.002,OK
1765984606.8193157,btc-updown-15m-1765984500,1765984500.0,1765985400.0,,793.1806843280792,,,,,0,0,0.99,0.98,IDLE,,,,,,,,,,,,,,0,5,,,,,,,,,,,,,,,,,,,,Spread high 0.99 > 0.98,,,,,,,,15.0,15.0,,,,,0,0,,,Inv: 15.0/15.0 CapLeft: 20.0,,,15.0,15.0,30.0,20.0,50.0,0.0,50.0,0.98,0.020000000000000018,-5.0,0.52,0.47,-0.010000000000000009,5.0,0.0,0.002,OK
1765984608.7895148,btc-updown-15m-1765984500,1765984500.0,1765985400.0,,791.2104852199554,,,,,0,0,0.99,0.98,IDLE,,,,,,,,,,,,,,0,5,,,,,,,,,,,,,,,,,,,,Spread high 0.99 > 0.98,,,,,,,,15.0,15.0,,,,,0,0,,,Inv: 15.0/15.0 CapLeft: 20.0,,,15.0,15.0,30.0,20.0,50.0,0.0,50.0,0.98,0.020000000000000018,-5.0,0.52,0.47,-0.010000000000000009,5.0,0.0,0.002,OK
1765984610.7674441,btc-updown-15m-1765984500,1765984500.0,1765985400.0,,789.2325558662415,,,,,0,0,0.99,0.98,IDLE,,,,,,,,,,,,,,0,5,,,,,,,,,,,,,,,,,,,,Spread high 0.99 > 0.98,,,,,,,,15.0,15.0,,,,,0,0,,,Inv: 15.0/15.0 CapLeft: 20.0,,,15.0,15.0,30.0,20.0,50.0,0.0,50.0,0.98,0.020000000000000018,-5.0,0.52,0.47,-0.010000000000000009,5.0,0.0,0.002,OK
1765984612.7344687,btc-updown-15m-1765984500,1765984500.0,1765985400.0,,787.2655313014984,,,,,0,0,0.99,0.98,IDLE,,,,,,,,,,,,,,0,5,,,,,,,,,,,,,,,,,,,,Spread high 0.99 > 0.98,,,,,,,,15.0,15.0,,,,,0,0,,,Inv: 15.0/15.0 CapLeft: 20.0,,,15.0,15.0,30.0,20.0,50.0,0.0,50.0,0.98,0.020000000000000018,-5.0,0.52,0.47,-0.010000000000000009,5.0,0.0,0.002,OK
1765984614.7204106,btc-updown-15m-1765984500,1765984500.0,1765985400.0,,785.2795894145966,,,,,0,0,0.99,0.98,IDLE,,,,,,,,,,,,,,0,5,,,,,,,,,,,,,,,,,,,,Spread high 0.99 > 0.98,,,,,,,,15.0,15.0,,,,,0,0,,,Inv: 15.0/15.0 CapLeft: 20.0,,,15.0,15.0,30.0,20.0,50.0,0.0,50.0,0.98,0.020000000000000018,-5.0,0.52,0.47,-0.010000000000000009,5.0,0.0,0.002,OK
1765984616.6962445,btc-updown-15m-1765984500,1765984500.0,1765985400.0,,783.3037555217743,,,,,0.41,0.57,0.98,0.98,ORDERS_OPEN,,,,,,,,,,,,,,5,5,,,,,,,,,,,,,,,,,,,,Leg:BOTH UP:5 DOWN:5,,,,,,,,15.0,15.0,,,,,0,0,,,Inv: 15.0/15.0 CapLeft: 20.0,,,15.0,15.0,30.0,20.0,50.0,0.0,50.0,0.98,0.020000000000000018,-5.0,0.52,0.47,-0.010000000000000009,5.0,0.0,0.002,OK
1765984619.6729057,btc-updown-15m-1765984500,1765984500.0,1765985400.0,,780.3270943164825,,,,,0,0,0.99,0.98,IDLE,,,,,,,,,,,,,,0,5,,,,,,,,,,,,,,,,,,,,,,,,,,,,20.0,20.0,,,,,0,0,,,Inv: 20.0/20.0 CapLeft: 10.0,,,20.0,20.0,40.0,10.0,50.0,0.0,50.0,0.98,0.020000000000000018,-5.0,0.52,0.47,-0.010000000000000009,5.0,0.0,0.002,OK
1765984622.2452884,btc-updown-15m-1765984500,1765984500.0,1765985400.0,,777.7547116279602,,,,,0,0,1.0,0.98,IDLE,,,,,,,,,,,,,,0,5,,,,,,,,,,,,,,,,,,,,Spread high 1.00 > 0.98,,,,,,,,20.0,20.0,,,,,0,0,,,Inv: 20.0/20.0 CapLeft: 10.0,,,20.0,20.0,40.0,10.0,50.0,0.0,50.0,0.98,0.020000000000000018,-5.0,0.52,0.47,-0.010000000000000009,5.0,0.0,0.002,OK
1765984624.213783,btc-updown-15m-1765984500,1765984500.0,1765985400.0,,775.7862169742584,,,,,0,0,0.99,0.98,IDLE,,,,,,,,,,,,,,0,5,,,,,,,,,,,,,,,,,,,,Spread high 0.99 > 0.98,,,,,,,,20.0,20.0,,,,,0,0,,,Inv: 20.0/20.0 CapLeft: 10.0,,,20.0,20.0,40.0,10.0,50.0,0.0,50.0,0.98,0.020000000000000018,-5.0,0.52,0.47,-0.010000000000000009,5.0,0.0,0.002,OK
1765984626.1689582,btc-updown-15m-1765984500,1765984500.0,1765985400.0,,773.8310418128967,,,,,0,0,0.99,0.98,IDLE,,,,,,,,,,,,,,0,5,,,,,,,,,,,,,,,,,,,,Spread high 0.99 > 0.98,,,,,,,,20.0,20.0,,,,,0,0,,,Inv: 20.0/20.0 CapLeft: 10.0,,,20.0,20.0,40.0,10.0,50.0,0.0,50.0,0.98,0.020000000000000018,-5.0,0.52,0.47,-0.010000000000000009,5.0,0.0,0.002,OK
1765984628.1231165,btc-updown-15m-1765984500,1765984500.0,1765985400.0,,771.8768835067749,,,,,0,0,0.99,0.98,IDLE,,,,,,,,,,,,,,0,5,,,,,,,,,,,,,,,,,,,,Spread high 0.99 > 0.98,,,,,,,,20.0,20.0,,,,,0,0,,,Inv: 20.0/20.0 CapLeft: 10.0,,,20.0,20.0,40.0,10.0,50.0,0.0,50.0,0.98,0.020000000000000018,-5.0,0.52,0.47,-0.010000000000000009,5.0,0.0,0.002,OK
1765984630.0987256,btc-updown-15m-1765984500,1765984500.0,1765985400.0,,769.9012744426727,,,,,0,0,1.0,0.98,IDLE,,,,,,,,,,,,,,0,5,,,,,,,,,,,,,,,,,,,,Spread high 1.00 > 0.98,,,,,,,,20.0,20.0,,,,,0,0,,,Inv: 20.0/20.0 CapLeft: 10.0,,,20.0,20.0,40.0,10.0,50.0,0.0,50.0,0.98,0.020000000000000018,-5.0,0.52,0.47,-0.010000000000000009,5.0,0.0,0.002,OK
1765984632.0441937,btc-updown-15m-1765984500,1765984500.0,1765985400.0,,767.9558062553406,,,,,0,0,0.99,0.98,IDLE,,,,,,,,,,,,,,0,5,,,,,,,,,,,,,,,,,,,,Spread high 0.99 > 0.98,,,,,,,,20.0,20.0,,,,,0,0,,,Inv: 20.0/20.0 CapLeft: 10.0,,,20.0,20.0,40.0,10.0,50.0,0.0,50.0,0.98,0.020000000000000018,-5.0,0.52,0.47,-0.010000000000000009,5.0,0.0,0.002,OK
1765984633.9913013,btc-updown-15m-1765984500,1765984500.0,1765985400.0,,766.0086987018585,,,,,0.48,0.5,0.98,0.98,ORDERS_OPEN,,,,,,,,,,,,,,5,5,,,,,,,,,,,,,,,,,,,,Leg:BOTH UP:5 DOWN:5,,,,,,,,20.0,20.0,,,,,0,0,,,Inv: 20.0/20.0 CapLeft: 10.0,,,20.0,20.0,40.0,10.0,50.0,0.0,50.0,0.98,0.020000000000000018,-5.0,0.52,0.47,-0.010000000000000009,5.0,0.0,0.002,OK
1765984636.8737123,btc-updown-15m-1765984500,1765984500.0,1765985400.0,,763.1262876987457,,,,,0,0,0.98,0.98,IDLE,,,,,,,,,,,,,,0,5,,,,,,,,,,,,,,,,,,,,,,,,,,,,25.0,25.0,,,,,0,0,,,Inv: 25.0/25.0 CapLeft: 0.0,,,25.0,25.0,50.0,0.0,50.0,0.0,50.0,0.98,0.020000000000000018,-5.0,0.52,0.47,-0.010000000000000009,5.0,0.0,0.002,OK
1765984639.247101,btc-updown-15m-1765984500,1765984500.0,1765985400.0,,760.7528989315033,,,,,0,0,0.98,0.98,IDLE,,,,,,,,,,,,,,0,5,,,,,,,,,,,,,,,,,,,,CAP_FULL,,,,,,,,25.0,25.0,,,,,0,0,,,Inv: 25.0/25.0 CapLeft: 0.0,,,25.0,25.0,50.0,0.0,50.0,0.0,50.0,0.98,0.020000000000000018,-5.0,0.52,0.47,-0.010000000000000009,5.0,0.0,0.002,OK
1765984641.2330155,btc-updown-15m-1765984500,1765984500.0,1765985400.0,,758.766984462738,,,,,0,0,0.98,0.98,IDLE,,,,,,,,,,,,,,0,5,,,,,,,,,,,,,,,,,,,,CAP_FULL,,,,,,,,25.0,25.0,,,,,0,0,,,Inv: 25.0/25.0 CapLeft: 0.0,,,25.0,25.0,50.0,0.0,50.0,0.0,50.0,0.98,0.020000000000000018,-5.0,0.52,0.47,-0.010000000000000009,5.0,0.0,0.002,OK
1765984643.1836042,btc-updown-15m-1765984500,1765984500.0,1765985400.0,,756.8163957595825,,,,,0,0,0.99,0.98,IDLE,,,,,,,,,,,,,,0,5,,,,,,,,,,,,,,,,,,,,CAP_FULL,,,,,,,,25.0,25.0,,,,,0,0,,,Inv: 25.0/25.0 CapLeft: 0.0,,,25.0,25.0,50.0,0.0,50.0,0.0,50.0,0.98,0.020000000000000018,-5.0,0.52,0.47,-0.010000000000000009,5.0,0.0,0.002,OK
1765984645.235774,btc-updown-15m-1765984500,1765984500.0,1765985400.0,,754.7642259597778,,,,,0,0,0.98,0.98,IDLE,,,,,,,,,,,,,,0,5,,,,,,,,,,,,,,,,,,,,CAP_FULL,,,,,,,,25.0,25.0,,,,,0,0,,,Inv: 25.0/25.0 CapLeft: 0.0,,,25.0,25.0,50.0,0.0,50.0,0.0,50.0,0.98,0.020000000000000018,-5.0,0.52,0.47,-0.010000000000000009,5.0,0.0,0.002,OK
1765984647.230567,btc-updown-15m-1765984500,1765984500.0,1765985400.0,,752.7694330215454,,,,,0,0,0.99,0.98,IDLE,,,,,,,,,,,,,,0,5,,,,,,,,,,,,,,,,,,,,CAP_FULL,,,,,,,,25.0,25.0,,,,,0,0,,,Inv: 25.0/25.0 CapLeft: 0.0,,,25.0,25.0,50.0,0.0,50.0,0.0,50.0,0.98,0.020000000000000018,-5.0,0.52,0.47,-0.010000000000000009,5.0,0.0,0.002,OK
1765984649.18109,btc-updown-15m-1765984500,1765984500.0,1765985400.0,,750.8189098834991,,,,,0,0,0.96,0.98,IDLE,,,,,,,,,,,,,,0,5,,,,,,,,,,,,,,,,,,,,CAP_FULL,,,,,,,,25.0,25.0,,,,,0,0,,,Inv: 25.0/25.0 CapLeft: 0.0,,,25.0,25.0,50.0,0.0,50.0,0.0,50.0,0.98,0.020000000000000018,-5.0,0.52,0.47,-0.010000000000000009,5.0,0.0,0.002,OK
1765984651.1395833,btc-updown-15m-1765984500,1765984500.0,1765985400.0,,748.8604166507721,,,,,0,0,0.99,0.98,IDLE,,,,,,,,,,,,,,0,5,,,,,,,,,,,,,,,,,,,,CAP_FULL,,,,,,,,25.0,25.0,,,,,0,0,,,Inv: 25.0/25.0 CapLeft: 0.0,,,25.0,25.0,50.0,0.0,50.0,0.0,50.0,0.98,0.020000000000000018,-5.0,0.52,0.47,-0.010000000000000009,5.0,0.0,0.002,OK
1765984653.0706885,btc-updown-15m-1765984500,1765984500.0,1765985400.0,,746.9293115139008,,,,,0,0,1.0,0.98,IDLE,,,,,,,,,,,,,,0,5,,,,,,,,,,,,,,,,,,,,CAP_FULL,,,,,,,,25.0,25.0,,,,,0,0,,,Inv: 25.0/25.0 CapLeft: 0.0,,,25.0,25.0,50.0,0.0,50.0,0.0,50.0,0.98,0.020000000000000018,-5.0,0.52,0.47,-0.010000000000000009,5.0,0.0,0.002,OK
1765984655.1215835,btc-updown-15m-1765984500,1765984500.0,1765985400.0,,744.8784165382385,,,,,0,0,0.98,0.98,IDLE,,,,,,,,,,,,,,0,5,,,,,,,,,,,,,,,,,,,,CAP_FULL,,,,,,,,25.0,25.0,,,,,0,0,,,Inv: 25.0/25.0 CapLeft: 0.0,,,25.0,25.0,50.0,0.0,50.0,0.0,50.0,0.98,0.020000000000000018,-5.0,0.52,0.47,-0.010000000000000009,5.0,0.0,0.002,OK
1765984657.0687137,btc-updown-15m-1765984500,1765984500.0,1765985400.0,,742.9312863349915,,,,,0,0,0.99,0.98,IDLE,,,,,,,,,,,,,,0,5,,,,,,,,,,,,,,,,,,,,CAP_FULL,,,,,,,,25.0,25.0,,,,,0,0,,,Inv: 25.0/25.0 CapLeft: 0.0,,,25.0,25.0,50.0,0.0,50.0,0.0,50.0,0.98,0.020000000000000018,-5.0,0.52,0.47,-0.010000000000000009,5.0,0.0,0.002,OK
1765984659.0214345,btc-updown-15m-1765984500,1765984500.0,1765985400.0,,740.978565454483,,,,,0,0,0.98,0.98,IDLE,,,,,,,,,,,,,,0,5,,,,,,,,,,,,,,,,,,,,CAP_FULL,,,,,,,,25.0,25.0,,,,,0,0,,,Inv: 25.0/25.0 CapLeft: 0.0,,,25.0,25.0,50.0,0.0,50.0,0.0,50.0,0.98,0.020000000000000018,-5.0,0.52,0.47,-0.010000000000000009,5.0,0.0,0.002,OK
1765984660.965024,btc-updown-15m-1765984500,1765984500.0,1765985400.0,,739.0349760055542,,,,,0,0,0.99,0.98,IDLE,,,,,,,,,,,,,,0,5,,,,,,,,,,,,,,,,,,,,CAP_FULL,,,,,,,,25.0,25.0,,,,,0,0,,,Inv: 25.0/25.0 CapLeft: 0.0,,,25.0,25.0,50.0,0.0,50.0,0.0,50.0,0.98,0.020000000000000018,-5.0,0.52,0.47,-0.010000000000000009,5.0,0.0,0.002,OK
1765984662.925255,btc-updown-15m-1765984500,1765984500.0,1765985400.0,,737.0747449398041,,,,,0,0,0.98,0.98,IDLE,,,,,,,,,,,,,,0,5,,,,,,,,,,,,,,,,,,,,CAP_FULL,,,,,,,,25.0,25.0,,,,,0,0,,,Inv: 25.0/25.0 CapLeft: 0.0,,,25.0,25.0,50.0,0.0,50.0,0.0,50.0,0.98,0.020000000000000018,-5.0,0.52,0.47,-0.010000000000000009,5.0,0.0,0.002,OK
1765984664.8826015,btc-updown-15m-1765984500,1765984500.0,1765985400.0,,735.1173985004425,,,,,0,0,0.98,0.98,IDLE,,,,,,,,,,,,,,0,5,,,,,,,,,,,,,,,,,,,,CAP_FULL,,,,,,,,25.0,25.0,,,,,0,0,,,Inv: 25.0/25.0 CapLeft: 0.0,,,25.0,25.0,50.0,0.0,50.0,0.0,50.0,0.98,0.020000000000000018,-5.0,0.52,0.47,-0.010000000000000009,5.0,0.0,0.002,OK
1765984666.8442369,btc-updown-15m-1765984500,1765984500.0,1765985400.0,,733.1557631492615,,,,,0,0,0.99,0.98,IDLE,,,,,,,,,,,,,,0,5,,,,,,,,,,,,,,,,,,,,CAP_FULL,,,,,,,,25.0,25.0,,,,,0,0,,,Inv: 25.0/25.0 CapLeft: 0.0,,,25.0,25.0,50.0,0.0,50.0,0.0,50.0,0.98,0.020000000000000018,-5.0,0.52,0.47,-0.010000000000000009,5.0,0.0,0.002,OK
1765984668.7825615,btc-updown-15m-1765984500,1765984500.0,1765985400.0,,731.2174384593964,,,,,0,0,0.99,0.98,IDLE,,,,,,,,,,,,,,0,5,,,,,,,,,,,,,,,,,,,,CAP_FULL,,,,,,,,25.0,25.0,,,,,0,0,,,Inv: 25.0/25.0 CapLeft: 0.0,,,25.0,25.0,50.0,0.0,50.0,0.0,50.0,0.98,0.020000000000000018,-5.0,0.52,0.47,-0.010000000000000009,5.0,0.0,0.002,OK
1765984670.750549,btc-updown-15m-1765984500,1765984500.0,1765985400.0,,729.2494509220123,,,,,0,0,1.0,0.98,IDLE,,,,,,,,,,,,,,0,5,,,,,,,,,,,,,,,,,,,,CAP_FULL,,,,,,,,25.0,25.0,,,,,0,0,,,Inv: 25.0/25.0 CapLeft: 0.0,,,25.0,25.0,50.0,0.0,50.0,0.0,50.0,0.98,0.020000000000000018,-5.0,0.52,0.47,-0.010000000000000009,5.0,0.0,0.002,OK
1765984672.6997967,btc-updown-15m-1765984500,1765984500.0,1765985400.0,,727.3002033233643,,,,,0,0,0.99,0.98,IDLE,,,,,,,,,,,,,,0,5,,,,,,,,,,,,,,,,,,,,CAP_FULL,,,,,,,,25.0,25.0,,,,,0,0,,,Inv: 25.0/25.0 CapLeft: 0.0,,,25.0,25.0,50.0,0.0,50.0,0.0,50.0,0.98,0.020000000000000018,-5.0,0.52,0.47,-0.010000000000000009,5.0,0.0,0.002,OK
1765984674.7010674,btc-updown-15m-1765984500,1765984500.0,1765985400.0,,725.2989325523376,,,,,0,0,0.98,0.98,IDLE,,,,,,,,,,,,,,0,5,,,,,,,,,,,,,,,,,,,,CAP_FULL,,,,,,,,25.0,25.0,,,,,0,0,,,Inv: 25.0/25.0 CapLeft: 0.0,,,25.0,25.0,50.0,0.0,50.0,0.0,50.0,0.98,0.020000000000000018,-5.0,0.52,0.47,-0.010000000000000009,5.0,0.0,0.002,OK
1765984676.6704938,btc-updown-15m-1765984500,1765984500.0,1765985400.0,,723.3295061588287,,,,,0,0,0.99,0.98,IDLE,,,,,,,,,,,,,,0,5,,,,,,,,,,,,,,,,,,,,CAP_FULL,,,,,,,,25.0,25.0,,,,,0,0,,,Inv: 25.0/25.0 CapLeft: 0.0,,,25.0,25.0,50.0,0.0,50.0,0.0,50.0,0.98,0.020000000000000018,-5.0,0.52,0.47,-0.010000000000000009,5.0,0.0,0.002,OK
1765984678.6525815,btc-updown-15m-1765984500,1765984500.0,1765985400.0,,721.3474185466766,,,,,0,0,0.98,0.98,IDLE,,,,,,,,,,,,,,0,5,,,,,,,,,,,,,,,,,,,,CAP_FULL,,,,,,,,25.0,25.0,,,,,0,0,,,Inv: 25.0/25.0 CapLeft: 0.0,,,25.0,25.0,50.0,0.0,50.0,0.0,50.0,0.98,0.020000000000000018,-5.0,0.52,0.47,-0.010000000000000009,5.0,0.0,0.002,OK
1765984680.6406527,btc-updown-15m-1765984500,1765984500.0,1765985400.0,,719.3593473434448,,,,,0,0,0.99,0.98,IDLE,,,,,,,,,,,,,,0,5,,,,,,,,,,,,,,,,,,,,CAP_FULL,,,,,,,,25.0,25.0,,,,,0,0,,,Inv: 25.0/25.0 CapLeft: 0.0,,,25.0,25.0,50.0,0.0,50.0,0.0,50.0,0.98,0.020000000000000018,-5.0,0.52,0.47,-0.010000000000000009,5.0,0.0,0.002,OK
1765984682.675929,btc-updown-15m-1765984500,1765984500.0,1765985400.0,,717.324070930481,,,,,0,0,0.98,0.98,IDLE,,,,,,,,,,,,,,0,5,,,,,,,,,,,,,,,,,,,,CAP_FULL,,,,,,,,25.0,25.0,,,,,0,0,,,Inv: 25.0/25.0 CapLeft: 0.0,,,25.0,25.0,50.0,0.0,50.0,0.0,50.0,0.98,0.020000000000000018,-5.0,0.52,0.47,-0.010000000000000009,5.0,0.0,0.002,OK
1765984684.627841,btc-updown-15m-1765984500,1765984500.0,1765985400.0,,715.3721590042114,,,,,0,0,0.99,0.98,IDLE,,,,,,,,,,,,,,0,5,,,,,,,,,,,,,,,,,,,,CAP_FULL,,,,,,,,25.0,25.0,,,,,0,0,,,Inv: 25.0/25.0 CapLeft: 0.0,,,25.0,25.0,50.0,0.0,50.0,0.0,50.0,0.98,0.020000000000000018,-5.0,0.52,0.47,-0.010000000000000009,5.0,0.0,0.002,OK
1765984686.6156044,btc-updown-15m-1765984500,1765984500.0,1765985400.0,,713.3843955993652,,,,,0,0,0.98,0.98,IDLE,,,,,,,,,,,,,,0,5,,,,,,,,,,,,,,,,,,,,CAP_FULL,,,,,,,,25.0,25.0,,,,,0,0,,,Inv: 25.0/25.0 CapLeft: 0.0,,,25.0,25.0,50.0,0.0,50.0,0.0,50.0,0.98,0.020000000000000018,-5.0,0.52,0.47,-0.010000000000000009,5.0,0.0,0.002,OK
1765984688.5689428,btc-updown-15m-1765984500,1765984500.0,1765985400.0,,711.4310572147369,,,,,0,0,1.0,0.98,IDLE,,,,,,,,,,,,,,0,5,,,,,,,,,,,,,,,,,,,,CAP_FULL,,,,,,,,25.0,25.0,,,,,0,0,,,Inv: 25.0/25.0 CapLeft: 0.0,,,25.0,25.0,50.0,0.0,50.0,0.0,50.0,0.98,0.020000000000000018,-5.0,0.52,0.47,-0.010000000000000009,5.0,0.0,0.002,OK
1765984690.5086856,btc-updown-15m-1765984500,1765984500.0,1765985400.0,,709.4913144111633,,,,,0,0,0.99,0.98,IDLE,,,,,,,,,,,,,,0,5,,,,,,,,,,,,,,,,,,,,CAP_FULL,,,,,,,,25.0,25.0,,,,,0,0,,,Inv: 25.0/25.0 CapLeft: 0.0,,,25.0,25.0,50.0,0.0,50.0,0.0,50.0,0.98,0.020000000000000018,-5.0,0.52,0.47,-0.010000000000000009,5.0,0.0,0.002,OK
1765984692.4714963,btc-updown-15m-1765984500,1765984500.0,1765985400.0,,707.5285036563873,,,,,0,0,0.99,0.98,IDLE,,,,,,,,,,,,,,0,5,,,,,,,,,,,,,,,,,,,,CAP_FULL,,,,,,,,25.0,25.0,,,,,0,0,,,Inv: 25.0/25.0 CapLeft: 0.0,,,25.0,25.0,50.0,0.0,50.0,0.0,50.0,0.98,0.020000000000000018,-5.0,0.52,0.47,-0.010000000000000009,5.0,0.0,0.002,OK
1765984694.4255588,btc-updown-15m-1765984500,1765984500.0,1765985400.0,,705.5744411945343,,,,,0,0,0.99,0.98,IDLE,,,,,,,,,,,,,,0,5,,,,,,,,,,,,,,,,,,,,CAP_FULL,,,,,,,,25.0,25.0,,,,,0,0,,,Inv: 25.0/25.0 CapLeft: 0.0,,,25.0,25.0,50.0,0.0,50.0,0.0,50.0,0.98,0.020000000000000018,-5.0,0.52,0.47,-0.010000000000000009,5.0,0.0,0.002,OK
1765984696.3653421,btc-updown-15m-1765984500,1765984500.0,1765985400.0,,703.6346578598022,,,,,0,0,0.99,0.98,IDLE,,,,,,,,,,,,,,0,5,,,,,,,,,,,,,,,,,,,,CAP_FULL,,,,,,,,25.0,25.0,,,,,0,0,,,Inv: 25.0/25.0 CapLeft: 0.0,,,25.0,25.0,50.0,0.0,50.0,0.0,50.0,0.98,0.020000000000000018,-5.0,0.52,0.47,-0.010000000000000009,5.0,0.0,0.002,OK
1765984698.3199925,btc-updown-15m-1765984500,1765984500.0,1765985400.0,,701.6800074577332,,,,,0,0,1.01,0.98,IDLE,,,,,,,,,,,,,,0,5,,,,,,,,,,,,,,,,,,,,CAP_FULL,,,,,,,,25.0,25.0,,,,,0,0,,,Inv: 25.0/25.0 CapLeft: 0.0,,,25.0,25.0,50.0,0.0,50.0,0.0,50.0,0.98,0.020000000000000018,-5.0,0.52,0.47,-0.010000000000000009,5.0,0.0,0.002,OK
1765984700.2484722,btc-updown-15m-1765984500,1765984500.0,1765985400.0,,699.7515277862549,,,,,0,0,0.99,0.98,IDLE,,,,,,,,,,,,,,0,5,,,,,,,,,,,,,,,,,,,,CAP_FULL,,,,,,,,25.0,25.0,,,,,0,0,,,Inv: 25.0/25.0 CapLeft: 0.0,,,25.0,25.0,50.0,0.0,50.0,0.0,50.0,0.98,0.020000000000000018,-5.0,0.52,0.47,-0.010000000000000009,5.0,0.0,0.002,OK
1765984702.189223,btc-updown-15m-1765984500,1765984500.0,1765985400.0,,697.8107769489288,,,,,0,0,0.99,0.98,IDLE,,,,,,,,,,,,,,0,5,,,,,,,,,,,,,,,,,,,,CAP_FULL,,,,,,,,25.0,25.0,,,,,0,0,,,Inv: 25.0/25.0 CapLeft: 0.0,,,25.0,25.0,50.0,0.0,50.0,0.0,50.0,0.98,0.020000000000000018,-5.0,0.52,0.47,-0.010000000000000009,5.0,0.0,0.002,OK
1765984704.1662295,btc-updown-15m-1765984500,1765984500.0,1765985400.0,,695.8337705135345,,,,,0,0,0.99,0.98,IDLE,,,,,,,,,,,,,,0,5,,,,,,,,,,,,,,,,,,,,CAP_FULL,,,,,,,,25.0,25.0,,,,,0,0,,,Inv: 25.0/25.0 CapLeft: 0.0,,,25.0,25.0,50.0,0.0,50.0,0.0,50.0,0.98,0.020000000000000018,-5.0,0.52,0.47,-0.010000000000000009,5.0,0.0,0.002,OK
1765984706.1087542,btc-updown-15m-1765984500,1765984500.0,1765985400.0,,693.89124584198,,,,,0,0,0.99,0.98,IDLE,,,,,,,,,,,,,,0,5,,,,,,,,,,,,,,,,,,,,CAP_FULL,,,,,,,,25.0,25.0,,,,,0,0,,,Inv: 25.0/25.0 CapLeft: 0.0,,,25.0,25.0,50.0,0.0,50.0,0.0,50.0,0.98,0.020000000000000018,-5.0,0.52,0.47,-0.010000000000000009,5.0,0.0,0.002,OK
1765984708.0411975,btc-updown-15m-1765984500,1765984500.0,1765985400.0,,691.9588024616241,,,,,0,0,0.99,0.98,IDLE,,,,,,,,,,,,,,0,5,,,,,,,,,,,,,,,,,,,,CAP_FULL,,,,,,,,25.0,25.0,,,,,0,0,,,Inv: 25.0/25.0 CapLeft: 0.0,,,25.0,25.0,50.0,0.0,50.0,0.0,50.0,0.98,0.020000000000000018,-5.0,0.52,0.47,-0.010000000000000009,5.0,0.0,0.002,OK
1765984709.9753554,btc-updown-15m-1765984500,1765984500.0,1765985400.0,,690.024644613266,,,,,0,0,0.99,0.98,IDLE,,,,,,,,,,,,,,0,5,,,,,,,,,,,,,,,,,,,,CAP_FULL,,,,,,,,25.0,25.0,,,,,0,0,,,Inv: 25.0/25.0 CapLeft: 0.0,,,25.0,25.0,50.0,0.0,50.0,0.0,50.0,0.98,0.020000000000000018,-5.0,0.52,0.47,-0.010000000000000009,5.0,0.0,0.002,OK
1765984711.9084127,btc-updown-15m-1765984500,1765984500.0,1765985400.0,,688.091587305069,,,,,0,0,0.99,0.98,IDLE,,,,,,,,,,,,,,0,5,,,,,,,,,,,,,,,,,,,,CAP_FULL,,,,,,,,25.0,25.0,,,,,0,0,,,Inv: 25.0/25.0 CapLeft: 0.0,,,25.0,25.0,50.0,0.0,50.0,0.0,50.0,0.98,0.020000000000000018,-5.0,0.52,0.47,-0.010000000000000009,5.0,0.0,0.002,OK
1765984713.845939,btc-updown-15m-1765984500,1765984500.0,1765985400.0,,686.1540610790253,,,,,0,0,0.99,0.98,IDLE,,,,,,,,,,,,,,0,5,,,,,,,,,,,,,,,,,,,,CAP_FULL,,,,,,,,25.0,25.0,,,,,0,0,,,Inv: 25.0/25.0 CapLeft: 0.0,,,25.0,25.0,50.0,0.0,50.0,0.0,50.0,0.98,0.020000000000000018,-5.0,0.52,0.47,-0.010000000000000009,5.0,0.0,0.002,OK
1765984715.8411293,btc-updown-15m-1765984500,1765984500.0,1765985400.0,,684.1588706970215,,,,,0,0,1.0,0.98,IDLE,,,,,,,,,,,,,,0,5,,,,,,,,,,,,,,,,,,,,CAP_FULL,,,,,,,,25.0,25.0,,,,,0,0,,,Inv: 25.0/25.0 CapLeft: 0.0,,,25.0,25.0,50.0,0.0,50.0,0.0,50.0,0.98,0.020000000000000018,-5.0,0.52,0.47,-0.010000000000000009,5.0,0.0,0.002,OK
1765984717.7875166,btc-updown-15m-1765984500,1765984500.0,1765985400.0,,682.2124834060669,,,,,0,0,0.99,0.98,IDLE,,,,,,,,,,,,,,0,5,,,,,,,,,,,,,,,,,,,,CAP_FULL,,,,,,,,25.0,25.0,,,,,0,0,,,Inv: 25.0/25.0 CapLeft: 0.0,,,25.0,25.0,50.0,0.0,50.0,0.0,50.0,0.98,0.020000000000000018,-5.0,0.52,0.47,-0.010000000000000009,5.0,0.0,0.002,OK
1765984719.7395205,btc-updown-15m-1765984500,1765984500.0,1765985400.0,,680.2604794502258,,,,,0,0,0.98,0.98,IDLE,,,,,,,,,,,,,,0,5,,,,,,,,,,,,,,,,,,,,CAP_FULL,,,,,,,,25.0,25.0,,,,,0,0,,,Inv: 25.0/25.0 CapLeft: 0.0,,,25.0,25.0,50.0,0.0,50.0,0.0,50.0,0.98,0.020000000000000018,-5.0,0.52,0.47,-0.010000000000000009,5.0,0.0,0.002,OK
1765984721.6717637,btc-updown-15m-1765984500,1765984500.0,1765985400.0,,678.3282363414764,,,,,0,0,0.99,0.98,IDLE,,,,,,,,,,,,,,0,5,,,,,,,,,,,,,,,,,,,,CAP_FULL,,,,,,,,25.0,25.0,,,,,0,0,,,Inv: 25.0/25.0 CapLeft: 0.0,,,25.0,25.0,50.0,0.0,50.0,0.0,50.0,0.98,0.020000000000000018,-5.0,0.52,0.47,-0.010000000000000009,5.0,0.0,0.002,OK
1765984723.6034622,btc-updown-15m-1765984500,1765984500.0,1765985400.0,,676.3965377807617,,,,,0,0,0.99,0.98,IDLE,,,,,,,,,,,,,,0,5,,,,,,,,,,,,,,,,,,,,CAP_FULL,,,,,,,,25.0,25.0,,,,,0,0,,,Inv: 25.0/25.0 CapLeft: 0.0,,,25.0,25.0,50.0,0.0,50.0,0.0,50.0,0.98,0.020000000000000018,-5.0,0.52,0.47,-0.010000000000000009,5.0,0.0,0.002,OK
1765984725.5372496,btc-updown-15m-1765984500,1765984500.0,1765985400.0,,674.4627504348755,,,,,0,0,0.97,0.98,IDLE,,,,,,,,,,,,,,0,5,,,,,,,,,,,,,,,,,,,,CAP_FULL,,,,,,,,25.0,25.0,,,,,0,0,,,Inv: 25.0/25.0 CapLeft: 0.0,,,25.0,25.0,50.0,0.0,50.0,0.0,50.0,0.98,0.020000000000000018,-5.0,0.52,0.47,-0.010000000000000009,5.0,0.0,0.002,OK
1765984727.4766572,btc-updown-15m-1765984500,1765984500.0,1765985400.0,,672.5233428478241,,,,,0,0,0.99,0.98,IDLE,,,,,,,,,,,,,,0,5,,,,,,,,,,,,,,,,,,,,CAP_FULL,,,,,,,,25.0,25.0,,,,,0,0,,,Inv: 25.0/25.0 CapLeft: 0.0,,,25.0,25.0,50.0,0.0,50.0,0.0,50.0,0.98,0.020000000000000018,-5.0,0.52,0.47,-0.010000000000000009,5.0,0.0,0.002,OK
1765984729.415612,btc-updown-15m-1765984500,1765984500.0,1765985400.0,,670.5843880176544,,,,,0,0,1.0,0.98,IDLE,,,,,,,,,,,,,,0,5,,,,,,,,,,,,,,,,,,,,CAP_FULL,,,,,,,,25.0,25.0,,,,,0,0,,,Inv: 25.0/25.0 CapLeft: 0.0,,,25.0,25.0,50.0,0.0,50.0,0.0,50.0,0.98,0.020000000000000018,-5.0,0.52,0.47,-0.010000000000000009,5.0,0.0,0.002,OK
1765984731.411695,btc-updown-15m-1765984500,1765984500.0,1765985400.0,,668.5883049964905,,,,,0,0,0.99,0.98,IDLE,,,,,,,,,,,,,,0,5,,,,,,,,,,,,,,,,,,,,CAP_FULL,,,,,,,,25.0,25.0,,,,,0,0,,,Inv: 25.0/25.0 CapLeft: 0.0,,,25.0,25.0,50.0,0.0,50.0,0.0,50.0,0.98,0.020000000000000018,-5.0,0.52,0.47,-0.010000000000000009,5.0,0.0,0.002,OK
1765984733.364938,btc-updown-15m-1765984500,1765984500.0,1765985400.0,,666.6350619792938,,,,,0,0,0.98,0.98,IDLE,,,,,,,,,,,,,,0,5,,,,,,,,,,,,,,,,,,,,CAP_FULL,,,,,,,,25.0,25.0,,,,,0,0,,,Inv: 25.0/25.0 CapLeft: 0.0,,,25.0,25.0,50.0,0.0,50.0,0.0,50.0,0.98,0.020000000000000018,-5.0,0.52,0.47,-0.010000000000000009,5.0,0.0,0.002,OK
1765984735.4085069,btc-updown-15m-1765984500,1765984500.0,1765985400.0,,664.5914931297302,,,,,0,0,0.99,0.98,IDLE,,,,,,,,,,,,,,0,5,,,,,,,,,,,,,,,,,,,,CAP_FULL,,,,,,,,25.0,25.0,,,,,0,0,,,Inv: 25.0/25.0 CapLeft: 0.0,,,25.0,25.0,50.0,0.0,50.0,0.0,50.0,0.98,0.020000000000000018,-5.0,0.52,0.47,-0.010000000000000009,5.0,0.0,0.002,OK
1765984737.3433044,btc-updown-15m-1765984500,1765984500.0,1765985400.0,,662.6566956043243,,,,,0,0,0.99,0.98,IDLE,,,,,,,,,,,,,,0,5,,,,,,,,,,,,,,,,,,,,CAP_FULL,,,,,,,,25.0,25.0,,,,,0,0,,,Inv: 25.0/25.0 CapLeft: 0.0,,,25.0,25.0,50.0,0.0,50.0,0.0,50.0,0.98,0.020000000000000018,-5.0,0.52,0.47,-0.010000000000000009,5.0,0.0,0.002,OK
1765984739.3040926,btc-updown-15m-1765984500,1765984500.0,1765985400.0,,660.6959073543549,,,,,0,0,0.99,0.98,IDLE,,,,,,,,,,,,,,0,5,,,,,,,,,,,,,,,,,,,,CAP_FULL,,,,,,,,25.0,25.0,,,,,0,0,,,Inv: 25.0/25.0 CapLeft: 0.0,,,25.0,25.0,50.0,0.0,50.0,0.0,50.0,0.98,0.020000000000000018,-5.0,0.52,0.47,-0.010000000000000009,5.0,0.0,0.002,OK
1765984741.2393827,btc-updown-15m-1765984500,1765984500.0,1765985400.0,,658.7606172561646,,,,,0,0,0.99,0.98,IDLE,,,,,,,,,,,,,,0,5,,,,,,,,,,,,,,,,,,,,CAP_FULL,,,,,,,,25.0,25.0,,,,,0,0,,,Inv: 25.0/25.0 CapLeft: 0.0,,,25.0,25.0,50.0,0.0,50.0,0.0,50.0,0.98,0.020000000000000018,-5.0,0.52,0.47,-0.010000000000000009,5.0,0.0,0.002,OK
1765984743.1826217,btc-updown-15m-1765984500,1765984500.0,1765985400.0,,656.817378282547,,,,,0,0,0.99,0.98,IDLE,,,,,,,,,,,,,,0,5,,,,,,,,,,,,,,,,,,,,CAP_FULL,,,,,,,,25.0,25.0,,,,,0,0,,,Inv: 25.0/25.0 CapLeft: 0.0,,,25.0,25.0,50.0,0.0,50.0,0.0,50.0,0.98,0.020000000000000018,-5.0,0.52,0.47,-0.010000000000000009,5.0,0.0,0.002,OK
1765984745.156071,btc-updown-15m-1765984500,1765984500.0,1765985400.0,,654.8439290523529,,,,,0,0,0.97,0.98,IDLE,,,,,,,,,,,,,,0,5,,,,,,,,,,,,,,,,,,,,CAP_FULL,,,,,,,,25.0,25.0,,,,,0,0,,,Inv: 25.0/25.0 CapLeft: 0.0,,,25.0,25.0,50.0,0.0,50.0,0.0,50.0,0.98,0.020000000000000018,-5.0,0.52,0.47,-0.010000000000000009,5.0,0.0,0.002,OK
1765984747.1523137,btc-updown-15m-1765984500,1765984500.0,1765985400.0,,652.847686290741,,,,,0,0,0.99,0.98,IDLE,,,,,,,,,,,,,,0,5,,,,,,,,,,,,,,,,,,,,CAP_FULL,,,,,,,,25.0,25.0,,,,,0,0,,,Inv: 25.0/25.0 CapLeft: 0.0,,,25.0,25.0,50.0,0.0,50.0,0.0,50.0,0.98,0.020000000000000018,-5.0,0.52,0.47,-0.010000000000000009,5.0,0.0,0.002,OK
1765984749.1282387,btc-updown-15m-1765984500,1765984500.0,1765985400.0,,650.8717613220215,,,,,0,0,1.01,0.98,IDLE,,,,,,,,,,,,,,0,5,,,,,,,,,,,,,,,,,,,,CAP_FULL,,,,,,,,25.0,25.0,,,,,0,0,,,Inv: 25.0/25.0 CapLeft: 0.0,,,25.0,25.0,50.0,0.0,50.0,0.0,50.0,0.98,0.020000000000000018,-5.0,0.52,0.47,-0.010000000000000009,5.0,0.0,0.002,OK
1765984751.0715013,btc-updown-15m-1765984500,1765984500.0,1765985400.0,,648.9284987449646,,,,,0,0,0.99,0.98,IDLE,,,,,,,,,,,,,,0,5,,,,,,,,,,,,,,,,,,,,CAP_FULL,,,,,,,,25.0,25.0,,,,,0,0,,,Inv: 25.0/25.0 CapLeft: 0.0,,,25.0,25.0,50.0,0.0,50.0,0.0,50.0,0.98,0.020000000000000018,-5.0,0.52,0.47,-0.010000000000000009,5.0,0.0,0.002,OK
1765984753.0428376,btc-updown-15m-1765984500,1765984500.0,1765985400.0,,646.9571623802185,,,,,0,0,0.99,0.98,IDLE,,,,,,,,,,,,,,0,5,,,,,,,,,,,,,,,,,,,,CAP_FULL,,,,,,,,25.0,25.0,,,,,0,0,,,Inv: 25.0/25.0 CapLeft: 0.0,,,25.0,25.0,50.0,0.0,50.0,0.0,50.0,0.98,0.020000000000000018,-5.0,0.52,0.47,-0.010000000000000009,5.0,0.0,0.002,OK
1765984754.9736223,btc-updown-15m-1765984500,1765984500.0,1765985400.0,,645.0263776779175,,,,,0,0,1.0,0.98,IDLE,,,,,,,,,,,,,,0,5,,,,,,,,,,,,,,,,,,,,CAP_FULL,,,,,,,,25.0,25.0,,,,,0,0,,,Inv: 25.0/25.0 CapLeft: 0.0,,,25.0,25.0,50.0,0.0,50.0,0.0,50.0,0.98,0.020000000000000018,-5.0,0.52,0.47,-0.010000000000000009,5.0,0.0,0.002,OK
1765984756.9643073,btc-updown-15m-1765984500,1765984500.0,1765985400.0,,643.035692691803,,,,,0,0,0.99,0.98,IDLE,,,,,,,,,,,,,,0,5,,,,,,,,,,,,,,,,,,,,CAP_FULL,,,,,,,,25.0,25.0,,,,,0,0,,,Inv: 25.0/25.0 CapLeft: 0.0,,,25.0,25.0,50.0,0.0,50.0,0.0,50.0,0.98,0.020000000000000018,-5.0,0.52,0.47,-0.010000000000000009,5.0,0.0,0.002,OK
1765984758.9030015,btc-updown-15m-1765984500,1765984500.0,1765985400.0,,641.0969984531403,,,,,0,0,0.98,0.98,IDLE,,,,,,,,,,,,,,0,5,,,,,,,,,,,,,,,,,,,,CAP_FULL,,,,,,,,25.0,25.0,,,,,0,0,,,Inv: 25.0/25.0 CapLeft: 0.0,,,25.0,25.0,50.0,0.0,50.0,0.0,50.0,0.98,0.020000000000000018,-5.0,0.52,0.47,-0.010000000000000009,5.0,0.0,0.002,OK
1765984760.8761349,btc-updown-15m-1765984500,1765984500.0,1765985400.0,,639.1238651275635,,,,,0,0,0.99,0.98,IDLE,,,,,,,,,,,,,,0,5,,,,,,,,,,,,,,,,,,,,CAP_FULL,,,,,,,,25.0,25.0,,,,,0,0,,,Inv: 25.0/25.0 CapLeft: 0.0,,,25.0,25.0,50.0,0.0,50.0,0.0,50.0,0.98,0.020000000000000018,-5.0,0.52,0.47,-0.010000000000000009,5.0,0.0,0.002,OK
1765984762.8733509,btc-updown-15m-1765984500,1765984500.0,1765985400.0,,637.1266491413116,,,,,0,0,0.99,0.98,IDLE,,,,,,,,,,,,,,0,5,,,,,,,,,,,,,,,,,,,,CAP_FULL,,,,,,,,25.0,25.0,,,,,0,0,,,Inv: 25.0/25.0 CapLeft: 0.0,,,25.0,25.0,50.0,0.0,50.0,0.0,50.0,0.98,0.020000000000000018,-5.0,0.52,0.47,-0.010000000000000009,5.0,0.0,0.002,OK
1765984764.8216302,btc-updown-15m-1765984500,1765984500.0,1765985400.0,,635.1783697605133,,,,,0,0,0.99,0.98,IDLE,,,,,,,,,,,,,,0,5,,,,,,,,,,,,,,,,,,,,CAP_FULL,,,,,,,,25.0,25.0,,,,,0,0,,,Inv: 25.0/25.0 CapLeft: 0.0,,,25.0,25.0,50.0,0.0,50.0,0.0,50.0,0.98,0.020000000000000018,-5.0,0.52,0.47,-0.010000000000000009,5.0,0.0,0.002,OK
1765984766.776624,btc-updown-15m-1765984500,1765984500.0,1765985400.0,,633.2233760356903,,,,,0,0,0.99,0.98,IDLE,,,,,,,,,,,,,,0,5,,,,,,,,,,,,,,,,,,,,CAP_FULL,,,,,,,,25.0,25.0,,,,,0,0,,,Inv: 25.0/25.0 CapLeft: 0.0,,,25.0,25.0,50.0,0.0,50.0,0.0,50.0,0.98,0.020000000000000018,-5.0,0.52,0.47,-0.010000000000000009,5.0,0.0,0.002,OK
1765984768.72778,btc-updown-15m-1765984500,1765984500.0,1765985400.0,,631.2722198963165,,,,,0,0,0.99,0.98,IDLE,,,,,,,,,,,,,,0,5,,,,,,,,,,,,,,,,,,,,CAP_FULL,,,,,,,,25.0,25.0,,,,,0,0,,,Inv: 25.0/25.0 CapLeft: 0.0,,,25.0,25.0,50.0,0.0,50.0,0.0,50.0,0.98,0.020000000000000018,-5.0,0.52,0.47,-0.010000000000000009,5.0,0.0,0.002,OK
1765984770.6556013,btc-updown-15m-1765984500,1765984500.0,1765985400.0,,629.3443987369537,,,,,0,0,0.99,0.98,IDLE,,,,,,,,,,,,,,0,5,,,,,,,,,,,,,,,,,,,,CAP_FULL,,,,,,,,25.0,25.0,,,,,0,0,,,Inv: 25.0/25.0 CapLeft: 0.0,,,25.0,25.0,50.0,0.0,50.0,0.0,50.0,0.98,0.020000000000000018,-5.0,0.52,0.47,-0.010000000000000009,5.0,0.0,0.002,OK
1765984772.6386366,btc-updown-15m-1765984500,1765984500.0,1765985400.0,,627.3613634109497,,,,,0,0,0.98,0.98,IDLE,,,,,,,,,,,,,,0,5,,,,,,,,,,,,,,,,,,,,CAP_FULL,,,,,,,,25.0,25.0,,,,,0,0,,,Inv: 25.0/25.0 CapLeft: 0.0,,,25.0,25.0,50.0,0.0,50.0,0.0,50.0,0.98,0.020000000000000018,-5.0,0.52,0.47,-0.010000000000000009,5.0,0.0,0.002,OK
1765984774.6309803,btc-updown-15m-1765984500,1765984500.0,1765985400.0,,625.3690197467804,,,,,0,0,0.98,0.98,IDLE,,,,,,,,,,,,,,0,5,,,,,,,,,,,,,,,,,,,,CAP_FULL,,,,,,,,25.0,25.0,,,,,0,0,,,Inv: 25.0/25.0 CapLeft: 0.0,,,25.0,25.0,50.0,0.0,50.0,0.0,50.0,0.98,0.020000000000000018,-5.0,0.52,0.47,-0.010000000000000009,5.0,0.0,0.002,OK
1765984776.5691438,btc-updown-15m-1765984500,1765984500.0,1765985400.0,,623.4308562278748,,,,,0,0,0.98,0.98,IDLE,,,,,,,,,,,,,,0,5,,,,,,,,,,,,,,,,,,,,CAP_FULL,,,,,,,,25.0,25.0,,,,,0,0,,,Inv: 25.0/25.0 CapLeft: 0.0,,,25.0,25.0,50.0,0.0,50.0,0.0,50.0,0.98,0.020000000000000018,-5.0,0.52,0.47,-0.010000000000000009,5.0,0.0,0.002,OK
1765984778.5103667,btc-updown-15m-1765984500,1765984500.0,1765985400.0,,621.4896333217621,,,,,0,0,0.99,0.98,IDLE,,,,,,,,,,,,,,0,5,,,,,,,,,,,,,,,,,,,,CAP_FULL,,,,,,,,25.0,25.0,,,,,0,0,,,Inv: 25.0/25.0 CapLeft: 0.0,,,25.0,25.0,50.0,0.0,50.0,0.0,50.0,0.98,0.020000000000000018,-5.0,0.52,0.47,-0.010000000000000009,5.0,0.0,0.002,OK
1765984780.4619005,btc-updown-15m-1765984500,1765984500.0,1765985400.0,,619.538099527359,,,,,0,0,0.99,0.98,IDLE,,,,,,,,,,,,,,0,5,,,,,,,,,,,,,,,,,,,,CAP_FULL,,,,,,,,25.0,25.0,,,,,0,0,,,Inv: 25.0/25.0 CapLeft: 0.0,,,25.0,25.0,50.0,0.0,50.0,0.0,50.0,0.98,0.020000000000000018,-5.0,0.52,0.47,-0.010000000000000009,5.0,0.0,0.002,OK
1765984782.429586,btc-updown-15m-1765984500,1765984500.0,1765985400.0,,617.5704140663147,,,,,0,0,0.99,0.98,IDLE,,,,,,,,,,,,,,0,5,,,,,,,,,,,,,,,,,,,,CAP_FULL,,,,,,,,25.0,25.0,,,,,0,0,,,Inv: 25.0/25.0 CapLeft: 0.0,,,25.0,25.0,50.0,0.0,50.0,0.0,50.0,0.98,0.020000000000000018,-5.0,0.52,0.47,-0.010000000000000009,5.0,0.0,0.002,OK
1765984784.3857348,btc-updown-15m-1765984500,1765984500.0,1765985400.0,,615.614265203476,,,,,0,0,0.99,0.98,IDLE,,,,,,,,,,,,,,0,5,,,,,,,,,,,,,,,,,,,,CAP_FULL,,,,,,,,25.0,25.0,,,,,0,0,,,Inv: 25.0/25.0 CapLeft: 0.0,,,25.0,25.0,50.0,0.0,50.0,0.0,50.0,0.98,0.020000000000000018,-5.0,0.52,0.47,-0.010000000000000009,5.0,0.0,0.002,OK
1765984786.60034,btc-updown-15m-1765984500,1765984500.0,1765985400.0,,613.3996601104736,,,,,0,0,0.99,0.98,IDLE,,,,,,,,,,,,,,0,5,,,,,,,,,,,,,,,,,,,,CAP_FULL,,,,,,,,25.0,25.0,,,,,0,0,,,Inv: 25.0/25.0 CapLeft: 0.0,,,25.0,25.0,50.0,0.0,50.0,0.0,50.0,0.98,0.020000000000000018,-5.0,0.52,0.47,-0.010000000000000009,5.0,0.0,0.002,OK
1765984788.5494933,btc-updown-15m-1765984500,1765984500.0,1765985400.0,,611.4505066871643,,,,,0,0,0.99,0.98,IDLE,,,,,,,,,,,,,,0,5,,,,,,,,,,,,,,,,,,,,CAP_FULL,,,,,,,,25.0,25.0,,,,,0,0,,,Inv: 25.0/25.0 CapLeft: 0.0,,,25.0,25.0,50.0,0.0,50.0,0.0,50.0,0.98,0.020000000000000018,-5.0,0.52,0.47,-0.010000000000000009,5.0,0.0,0.002,OK
1765984790.4792802,btc-updown-15m-1765984500,1765984500.0,1765985400.0,,609.5207197666168,,,,,0,0,0.99,0.98,IDLE,,,,,,,,,,,,,,0,5,,,,,,,,,,,,,,,,,,,,CAP_FULL,,,,,,,,25.0,25.0,,,,,0,0,,,Inv: 25.0/25.0 CapLeft: 0.0,,,25.0,25.0,50.0,0.0,50.0,0.0,50.0,0.98,0.020000000000000018,-5.0,0.52,0.47,-0.010000000000000009,5.0,0.0,0.002,OK
1765984792.4226544,btc-updown-15m-1765984500,1765984500.0,1765985400.0,,607.5773456096649,,,,,0,0,0.99,0.98,IDLE,,,,,,,,,,,,,,0,5,,,,,,,,,,,,,,,,,,,,CAP_FULL,,,,,,,,25.0,25.0,,,,,0,0,,,Inv: 25.0/25.0 CapLeft: 0.0,,,25.0,25.0,50.0,0.0,50.0,0.0,50.0,0.98,0.020000000000000018,-5.0,0.52,0.47,-0.010000000000000009,5.0,0.0,0.002,OK
1765984794.4232228,btc-updown-15m-1765984500,1765984500.0,1765985400.0,,605.5767772197723,,,,,0,0,0.99,0.98,IDLE,,,,,,,,,,,,,,0,5,,,,,,,,,,,,,,,,,,,,CAP_FULL,,,,,,,,25.0,25.0,,,,,0,0,,,Inv: 25.0/25.0 CapLeft: 0.0,,,25.0,25.0,50.0,0.0,50.0,0.0,50.0,0.98,0.020000000000000018,-5.0,0.52,0.47,-0.010000000000000009,5.0,0.0,0.002,OK
1765984796.3715298,btc-updown-15m-1765984500,1765984500.0,1765985400.0,,603.6284701824188,,,,,0,0,0.99,0.98,IDLE,,,,,,,,,,,,,,0,5,,,,,,,,,,,,,,,,,,,,CAP_FULL,,,,,,,,25.0,25.0,,,,,0,0,,,Inv: 25.0/25.0 CapLeft: 0.0,,,25.0,25.0,50.0,0.0,50.0,0.0,50.0,0.98,0.020000000000000018,-5.0,0.52,0.47,-0.010000000000000009,5.0,0.0,0.002,OK
1765984798.3295457,btc-updown-15m-1765984500,1765984500.0,1765985400.0,,601.6704542636871,,,,,0,0,0.99,0.98,IDLE,,,,,,,,,,,,,,0,5,,,,,,,,,,,,,,,,,,,,CAP_FULL,,,,,,,,25.0,25.0,,,,,0,0,,,Inv: 25.0/25.0 CapLeft: 0.0,,,25.0,25.0,50.0,0.0,50.0,0.0,50.0,0.98,0.020000000000000018,-5.0,0.52,0.47,-0.010000000000000009,5.0,0.0,0.002,OK
1765984800.2675242,btc-updown-15m-1765984500,1765984500.0,1765985400.0,,599.7324757575989,,,,,0,0,0.99,0.98,IDLE,,,,,,,,,,,,,,0,5,,,,,,,,,,,,,,,,,,,,CAP_FULL,,,,,,,,25.0,25.0,,,,,0,0,,,Inv: 25.0/25.0 CapLeft: 0.0,,,25.0,25.0,50.0,0.0,50.0,0.0,50.0,0.98,0.020000000000000018,-5.0,0.52,0.47,-0.010000000000000009,5.0,0.0,0.002,OK
1765984802.203425,btc-updown-15m-1765984500,1765984500.0,1765985400.0,,597.7965750694275,,,,,0,0,0.98,0.98,IDLE,,,,,,,,,,,,,,0,5,,,,,,,,,,,,,,,,,,,,CAP_FULL,,,,,,,,25.0,25.0,,,,,0,0,,,Inv: 25.0/25.0 CapLeft: 0.0,,,25.0,25.0,50.0,0.0,50.0,0.0,50.0,0.98,0.020000000000000018,-5.0,0.52,0.47,-0.010000000000000009,5.0,0.0,0.002,OK
1765984804.190147,btc-updown-15m-1765984500,1765984500.0,1765985400.0,,595.8098530769348,,,,,0,0,0.98,0.98,IDLE,,,,,,,,,,,,,,0,5,,,,,,,,,,,,,,,,,,,,CAP_FULL,,,,,,,,25.0,25.0,,,,,0,0,,,Inv: 25.0/25.0 CapLeft: 0.0,,,25.0,25.0,50.0,0.0,50.0,0.0,50.0,0.98,0.020000000000000018,-5.0,0.52,0.47,-0.010000000000000009,5.0,0.0,0.002,OK
1765984806.135501,btc-updown-15m-1765984500,1765984500.0,1765985400.0,,593.864499092102,,,,,0,0,0.98,0.98,IDLE,,,,,,,,,,,,,,0,5,,,,,,,,,,,,,,,,,,,,CAP_FULL,,,,,,,,25.0,25.0,,,,,0,0,,,Inv: 25.0/25.0 CapLeft: 0.0,,,25.0,25.0,50.0,0.0,50.0,0.0,50.0,0.98,0.020000000000000018,-5.0,0.52,0.47,-0.010000000000000009,5.0,0.0,0.002,OK
1765984808.0998514,btc-updown-15m-1765984500,1765984500.0,1765985400.0,,591.9001486301422,,,,,0,0,0.97,0.98,IDLE,,,,,,,,,,,,,,0,5,,,,,,,,,,,,,,,,,,,,CAP_FULL,,,,,,,,25.0,25.0,,,,,0,0,,,Inv: 25.0/25.0 CapLeft: 0.0,,,25.0,25.0,50.0,0.0,50.0,0.0,50.0,0.98,0.020000000000000018,-5.0,0.52,0.47,-0.010000000000000009,5.0,0.0,0.002,OK
1765984810.0887465,btc-updown-15m-1765984500,1765984500.0,1765985400.0,,589.911253452301,,,,,0,0,0.98,0.98,IDLE,,,,,,,,,,,,,,0,5,,,,,,,,,,,,,,,,,,,,CAP_FULL,,,,,,,,25.0,25.0,,,,,0,0,,,Inv: 25.0/25.0 CapLeft: 0.0,,,25.0,25.0,50.0,0.0,50.0,0.0,50.0,0.98,0.020000000000000018,-5.0,0.52,0.47,-0.010000000000000009,5.0,0.0,0.002,OK
1765984812.209156,btc-updown-15m-1765984500,1765984500.0,1765985400.0,,587.790843963623,,,,,0,0,0.99,0.98,IDLE,,,,,,,,,,,,,,0,5,,,,,,,,,,,,,,,,,,,,CAP_FULL,,,,,,,,25.0,25.0,,,,,0,0,,,Inv: 25.0/25.0 CapLeft: 0.0,,,25.0,25.0,50.0,0.0,50.0,0.0,50.0,0.98,0.020000000000000018,-5.0,0.52,0.47,-0.010000000000000009,5.0,0.0,0.002,OK
1765984814.1492894,btc-updown-15m-1765984500,1765984500.0,1765985400.0,,585.8507106304169,,,,,0,0,0.99,0.98,IDLE,,,,,,,,,,,,,,0,5,,,,,,,,,,,,,,,,,,,,CAP_FULL,,,,,,,,25.0,25.0,,,,,0,0,,,Inv: 25.0/25.0 CapLeft: 0.0,,,25.0,25.0,50.0,0.0,50.0,0.0,50.0,0.98,0.020000000000000018,-5.0,0.52,0.47,-0.010000000000000009,5.0,0.0,0.002,OK
1765984816.0911016,btc-updown-15m-1765984500,1765984500.0,1765985400.0,,583.9088983535767,,,,,0,0,0.99,0.98,IDLE,,,,,,,,,,,,,,0,5,,,,,,,,,,,,,,,,,,,,CAP_FULL,,,,,,,,25.0,25.0,,,,,0,0,,,Inv: 25.0/25.0 CapLeft: 0.0,,,25.0,25.0,50.0,0.0,50.0,0.0,50.0,0.98,0.020000000000000018,-5.0,0.52,0.47,-0.010000000000000009,5.0,0.0,0.002,OK
1765984818.0223894,btc-updown-15m-1765984500,1765984500.0,1765985400.0,,581.9776105880737,,,,,0,0,0.99,0.98,IDLE,,,,,,,,,,,,,,0,5,,,,,,,,,,,,,,,,,,,,CAP_FULL,,,,,,,,25.0,25.0,,,,,0,0,,,Inv: 25.0/25.0 CapLeft: 0.0,,,25.0,25.0,50.0,0.0,50.0,0.0,50.0,0.98,0.020000000000000018,-5.0,0.52,0.47,-0.010000000000000009,5.0,0.0,0.002,OK
1765984820.0195277,btc-updown-15m-1765984500,1765984500.0,1765985400.0,,579.9804723262787,,,,,0,0,0.99,0.98,IDLE,,,,,,,,,,,,,,0,5,,,,,,,,,,,,,,,,,,,,CAP_FULL,,,,,,,,25.0,25.0,,,,,0,0,,,Inv: 25.0/25.0 CapLeft: 0.0,,,25.0,25.0,50.0,0.0,50.0,0.0,50.0,0.98,0.020000000000000018,-5.0,0.52,0.47,-0.010000000000000009,5.0,0.0,0.002,OK
1765984821.9669237,btc-updown-15m-1765984500,1765984500.0,1765985400.0,,578.0330762863159,,,,,0,0,0.99,0.98,IDLE,,,,,,,,,,,,,,0,5,,,,,,,,,,,,,,,,,,,,CAP_FULL,,,,,,,,25.0,25.0,,,,,0,0,,,Inv: 25.0/25.0 CapLeft: 0.0,,,25.0,25.0,50.0,0.0,50.0,0.0,50.0,0.98,0.020000000000000018,-5.0,0.52,0.47,-0.010000000000000009,5.0,0.0,0.002,OK
1765984823.9563913,btc-updown-15m-1765984500,1765984500.0,1765985400.0,,576.0436086654663,,,,,0,0,0.99,0.98,IDLE,,,,,,,,,,,,,,0,5,,,,,,,,,,,,,,,,,,,,CAP_FULL,,,,,,,,25.0,25.0,,,,,0,0,,,Inv: 25.0/25.0 CapLeft: 0.0,,,25.0,25.0,50.0,0.0,50.0,0.0,50.0,0.98,0.020000000000000018,-5.0,0.52,0.47,-0.010000000000000009,5.0,0.0,0.002,OK
1765984826.0219343,btc-updown-15m-1765984500,1765984500.0,1765985400.0,,573.9780657291412,,,,,0,0,0.98,0.98,IDLE,,,,,,,,,,,,,,0,5,,,,,,,,,,,,,,,,,,,,CAP_FULL,,,,,,,,25.0,25.0,,,,,0,0,,,Inv: 25.0/25.0 CapLeft: 0.0,,,25.0,25.0,50.0,0.0,50.0,0.0,50.0,0.98,0.020000000000000018,-5.0,0.52,0.47,-0.010000000000000009,5.0,0.0,0.002,OK
1765984828.0085306,btc-updown-15m-1765984500,1765984500.0,1765985400.0,,571.9914693832397,,,,,0,0,0.99,0.98,IDLE,,,,,,,,,,,,,,0,5,,,,,,,,,,,,,,,,,,,,CAP_FULL,,,,,,,,25.0,25.0,,,,,0,0,,,Inv: 25.0/25.0 CapLeft: 0.0,,,25.0,25.0,50.0,0.0,50.0,0.0,50.0,0.98,0.020000000000000018,-5.0,0.52,0.47,-0.010000000000000009,5.0,0.0,0.002,OK
1765984830.0046558,btc-updown-15m-1765984500,1765984500.0,1765985400.0,,569.9953441619873,,,,,0,0,0.99,0.98,IDLE,,,,,,,,,,,,,,0,5,,,,,,,,,,,,,,,,,,,,CAP_FULL,,,,,,,,25.0,25.0,,,,,0,0,,,Inv: 25.0/25.0 CapLeft: 0.0,,,25.0,25.0,50.0,0.0,50.0,0.0,50.0,0.98,0.020000000000000018,-5.0,0.52,0.47,-0.010000000000000009,5.0,0.0,0.002,OK
1765984831.9418442,btc-updown-15m-1765984500,1765984500.0,1765985400.0,,568.0581557750702,,,,,0,0,0.99,0.98,IDLE,,,,,,,,,,,,,,0,5,,,,,,,,,,,,,,,,,,,,CAP_FULL,,,,,,,,25.0,25.0,,,,,0,0,,,Inv: 25.0/25.0 CapLeft: 0.0,,,25.0,25.0,50.0,0.0,50.0,0.0,50.0,0.98,0.020000000000000018,-5.0,0.52,0.47,-0.010000000000000009,5.0,0.0,0.002,OK
1765984833.8913815,btc-updown-15m-1765984500,1765984500.0,1765985400.0,,566.1086184978485,,,,,0,0,0.99,0.98,IDLE,,,,,,,,,,,,,,0,5,,,,,,,,,,,,,,,,,,,,CAP_FULL,,,,,,,,25.0,25.0,,,,,0,0,,,Inv: 25.0/25.0 CapLeft: 0.0,,,25.0,25.0,50.0,0.0,50.0,0.0,50.0,0.98,0.020000000000000018,-5.0,0.52,0.47,-0.010000000000000009,5.0,0.0,0.002,OK
1765984835.8193924,btc-updown-15m-1765984500,1765984500.0,1765985400.0,,564.1806075572968,,,,,0,0,0.99,0.98,IDLE,,,,,,,,,,,,,,0,5,,,,,,,,,,,,,,,,,,,,CAP_FULL,,,,,,,,25.0,25.0,,,,,0,0,,,Inv: 25.0/25.0 CapLeft: 0.0,,,25.0,25.0,50.0,0.0,50.0,0.0,50.0,0.98,0.020000000000000018,-5.0,0.52,0.47,-0.010000000000000009,5.0,0.0,0.002,OK
1765984837.7628787,btc-updown-15m-1765984500,1765984500.0,1765985400.0,,562.2371213436127,,,,,0,0,0.99,0.98,IDLE,,,,,,,,,,,,,,0,5,,,,,,,,,,,,,,,,,,,,CAP_FULL,,,,,,,,25.0,25.0,,,,,0,0,,,Inv: 25.0/25.0 CapLeft: 0.0,,,25.0,25.0,50.0,0.0,50.0,0.0,50.0,0.98,0.020000000000000018,-5.0,0.52,0.47,-0.010000000000000009,5.0,0.0,0.002,OK
1765984839.6996272,btc-updown-15m-1765984500,1765984500.0,1765985400.0,,560.300372838974,,,,,0,0,0.99,0.98,IDLE,,,,,,,,,,,,,,0,5,,,,,,,,,,,,,,,,,,,,CAP_FULL,,,,,,,,25.0,25.0,,,,,0,0,,,Inv: 25.0/25.0 CapLeft: 0.0,,,25.0,25.0,50.0,0.0,50.0,0.0,50.0,0.98,0.020000000000000018,-5.0,0.52,0.47,-0.010000000000000009,5.0,0.0,0.002,OK
1765984841.633358,btc-updown-15m-1765984500,1765984500.0,1765985400.0,,558.366641998291,,,,,0,0,0.99,0.98,IDLE,,,,,,,,,,,,,,0,5,,,,,,,,,,,,,,,,,,,,CAP_FULL,,,,,,,,25.0,25.0,,,,,0,0,,,Inv: 25.0/25.0 CapLeft: 0.0,,,25.0,25.0,50.0,0.0,50.0,0.0,50.0,0.98,0.020000000000000018,-5.0,0.52,0.47,-0.010000000000000009,5.0,0.0,0.002,OK
1765984843.6047084,btc-updown-15m-1765984500,1765984500.0,1765985400.0,,556.3952915668488,,,,,0,0,0.99,0.98,IDLE,,,,,,,,,,,,,,0,5,,,,,,,,,,,,,,,,,,,,CAP_FULL,,,,,,,,25.0,25.0,,,,,0,0,,,Inv: 25.0/25.0 CapLeft: 0.0,,,25.0,25.0,50.0,0.0,50.0,0.0,50.0,0.98,0.020000000000000018,-5.0,0.52,0.47,-0.010000000000000009,5.0,0.0,0.002,OK
1765984845.5281503,btc-updown-15m-1765984500,1765984500.0,1765985400.0,,554.4718496799469,,,,,0,0,0.99,0.98,IDLE,,,,,,,,,,,,,,0,5,,,,,,,,,,,,,,,,,,,,CAP_FULL,,,,,,,,25.0,25.0,,,,,0,0,,,Inv: 25.0/25.0 CapLeft: 0.0,,,25.0,25.0,50.0,0.0,50.0,0.0,50.0,0.98,0.020000000000000018,-5.0,0.52,0.47,-0.010000000000000009,5.0,0.0,0.002,OK
1765984847.4860868,btc-updown-15m-1765984500,1765984500.0,1765985400.0,,552.513913154602,,,,,0,0,0.99,0.98,IDLE,,,,,,,,,,,,,,0,5,,,,,,,,,,,,,,,,,,,,CAP_FULL,,,,,,,,25.0,25.0,,,,,0,0,,,Inv: 25.0/25.0 CapLeft: 0.0,,,25.0,25.0,50.0,0.0,50.0,0.0,50.0,0.98,0.020000000000000018,-5.0,0.52,0.47,-0.010000000000000009,5.0,0.0,0.002,OK
1765984849.4507463,btc-updown-15m-1765984500,1765984500.0,1765985400.0,,550.5492537021637,,,,,0,0,0.99,0.98,IDLE,,,,,,,,,,,,,,0,5,,,,,,,,,,,,,,,,,,,,CAP_FULL,,,,,,,,25.0,25.0,,,,,0,0,,,Inv: 25.0/25.0 CapLeft: 0.0,,,25.0,25.0,50.0,0.0,50.0,0.0,50.0,0.98,0.020000000000000018,-5.0,0.52,0.47,-0.010000000000000009,5.0,0.0,0.002,OK
1765984851.3937416,btc-updown-15m-1765984500,1765984500.0,1765985400.0,,548.606258392334,,,,,0,0,0.99,0.98,IDLE,,,,,,,,,,,,,,0,5,,,,,,,,,,,,,,,,,,,,CAP_FULL,,,,,,,,25.0,25.0,,,,,0,0,,,Inv: 25.0/25.0 CapLeft: 0.0,,,25.0,25.0,50.0,0.0,50.0,0.0,50.0,0.98,0.020000000000000018,-5.0,0.52,0.47,-0.010000000000000009,5.0,0.0,0.002,OK
1765984853.3224666,btc-updown-15m-1765984500,1765984500.0,1765985400.0,,546.6775333881378,,,,,0,0,0.99,0.98,IDLE,,,,,,,,,,,,,,0,5,,,,,,,,,,,,,,,,,,,,CAP_FULL,,,,,,,,25.0,25.0,,,,,0,0,,,Inv: 25.0/25.0 CapLeft: 0.0,,,25.0,25.0,50.0,0.0,50.0,0.0,50.0,0.98,0.020000000000000018,-5.0,0.52,0.47,-0.010000000000000009,5.0,0.0,0.002,OK
1765984855.2818077,btc-updown-15m-1765984500,1765984500.0,1765985400.0,,544.7181923389435,,,,,0,0,0.99,0.98,IDLE,,,,,,,,,,,,,,0,5,,,,,,,,,,,,,,,,,,,,CAP_FULL,,,,,,,,25.0,25.0,,,,,0,0,,,Inv: 25.0/25.0 CapLeft: 0.0,,,25.0,25.0,50.0,0.0,50.0,0.0,50.0,0.98,0.020000000000000018,-5.0,0.52,0.47,-0.010000000000000009,5.0,0.0,0.002,OK
1765984857.2477136,btc-updown-15m-1765984500,1765984500.0,1765985400.0,,542.7522864341736,,,,,0,0,0.98,0.98,IDLE,,,,,,,,,,,,,,0,5,,,,,,,,,,,,,,,,,,,,CAP_FULL,,,,,,,,25.0,25.0,,,,,0,0,,,Inv: 25.0/25.0 CapLeft: 0.0,,,25.0,25.0,50.0,0.0,50.0,0.0,50.0,0.98,0.020000000000000018,-5.0,0.52,0.47,-0.010000000000000009,5.0,0.0,0.002,OK
1765984859.20897,btc-updown-15m-1765984500,1765984500.0,1765985400.0,,540.7910299301147,,,,,0,0,1.0,0.98,IDLE,,,,,,,,,,,,,,0,5,,,,,,,,,,,,,,,,,,,,CAP_FULL,,,,,,,,25.0,25.0,,,,,0,0,,,Inv: 25.0/25.0 CapLeft: 0.0,,,25.0,25.0,50.0,0.0,50.0,0.0,50.0,0.98,0.020000000000000018,-5.0,0.52,0.47,-0.010000000000000009,5.0,0.0,0.002,OK
1765984861.1982749,btc-updown-15m-1765984500,1765984500.0,1765985400.0,,538.8017251491547,,,,,0,0,0.99,0.98,IDLE,,,,,,,,,,,,,,0,5,,,,,,,,,,,,,,,,,,,,CAP_FULL,,,,,,,,25.0,25.0,,,,,0,0,,,Inv: 25.0/25.0 CapLeft: 0.0,,,25.0,25.0,50.0,0.0,50.0,0.0,50.0,0.98,0.020000000000000018,-5.0,0.52,0.47,-0.010000000000000009,5.0,0.0,0.002,OK
1765984863.1635041,btc-updown-15m-1765984500,1765984500.0,1765985400.0,,536.8364958763123,,,,,0,0,0.97,0.98,IDLE,,,,,,,,,,,,,,0,5,,,,,,,,,,,,,,,,,,,,CAP_FULL,,,,,,,,25.0,25.0,,,,,0,0,,,Inv: 25.0/25.0 CapLeft: 0.0,,,25.0,25.0,50.0,0.0,50.0,0.0,50.0,0.98,0.020000000000000018,-5.0,0.52,0.47,-0.010000000000000009,5.0,0.0,0.002,OK
1765984865.1030753,btc-updown-15m-1765984500,1765984500.0,1765985400.0,,534.8969247341156,,,,,0,0,1.0,0.98,IDLE,,,,,,,,,,,,,,0,5,,,,,,,,,,,,,,,,,,,,CAP_FULL,,,,,,,,25.0,25.0,,,,,0,0,,,Inv: 25.0/25.0 CapLeft: 0.0,,,25.0,25.0,50.0,0.0,50.0,0.0,50.0,0.98,0.020000000000000018,-5.0,0.52,0.47,-0.010000000000000009,5.0,0.0,0.002,OK
1765984867.0646298,btc-updown-15m-1765984500,1765984500.0,1765985400.0,,532.9353702068329,,,,,0,0,0.99,0.98,IDLE,,,,,,,,,,,,,,0,5,,,,,,,,,,,,,,,,,,,,CAP_FULL,,,,,,,,25.0,25.0,,,,,0,0,,,Inv: 25.0/25.0 CapLeft: 0.0,,,25.0,25.0,50.0,0.0,50.0,0.0,50.0,0.98,0.020000000000000018,-5.0,0.52,0.47,-0.010000000000000009,5.0,0.0,0.002,OK
1765984869.0397663,btc-updown-15m-1765984500,1765984500.0,1765985400.0,,530.9602336883545,,,,,0,0,0.98,0.98,IDLE,,,,,,,,,,,,,,0,5,,,,,,,,,,,,,,,,,,,,CAP_FULL,,,,,,,,25.0,25.0,,,,,0,0,,,Inv: 25.0/25.0 CapLeft: 0.0,,,25.0,25.0,50.0,0.0,50.0,0.0,50.0,0.98,0.020000000000000018,-5.0,0.52,0.47,-0.010000000000000009,5.0,0.0,0.002,OK
1765984871.0068595,btc-updown-15m-1765984500,1765984500.0,1765985400.0,,528.9931404590607,,,,,0,0,0.99,0.98,IDLE,,,,,,,,,,,,,,0,5,,,,,,,,,,,,,,,,,,,,CAP_FULL,,,,,,,,25.0,25.0,,,,,0,0,,,Inv: 25.0/25.0 CapLeft: 0.0,,,25.0,25.0,50.0,0.0,50.0,0.0,50.0,0.98,0.020000000000000018,-5.0,0.52,0.47,-0.010000000000000009,5.0,0.0,0.002,OK
1765984872.951385,btc-updown-15m-1765984500,1765984500.0,1765985400.0,,527.0486149787903,,,,,0,0,0.99,0.98,IDLE,,,,,,,,,,,,,,0,5,,,,,,,,,,,,,,,,,,,,CAP_FULL,,,,,,,,25.0,25.0,,,,,0,0,,,Inv: 25.0/25.0 CapLeft: 0.0,,,25.0,25.0,50.0,0.0,50.0,0.0,50.0,0.98,0.020000000000000018,-5.0,0.52,0.47,-0.010000000000000009,5.0,0.0,0.002,OK
1765984874.9247038,btc-updown-15m-1765984500,1765984500.0,1765985400.0,,525.075296163559,,,,,0,0,0.99,0.98,IDLE,,,,,,,,,,,,,,0,5,,,,,,,,,,,,,,,,,,,,CAP_FULL,,,,,,,,25.0,25.0,,,,,0,0,,,Inv: 25.0/25.0 CapLeft: 0.0,,,25.0,25.0,50.0,0.0,50.0,0.0,50.0,0.98,0.020000000000000018,-5.0,0.52,0.47,-0.010000000000000009,5.0,0.0,0.002,OK
1765984876.8608236,btc-updown-15m-1765984500,1765984500.0,1765985400.0,,523.1391763687134,,,,,0,0,0.98,0.98,IDLE,,,,,,,,,,,,,,0,5,,,,,,,,,,,,,,,,,,,,CAP_FULL,,,,,,,,25.0,25.0,,,,,0,0,,,Inv: 25.0/25.0 CapLeft: 0.0,,,25.0,25.0,50.0,0.0,50.0,0.0,50.0,0.98,0.020000000000000018,-5.0,0.52,0.47,-0.010000000000000009,5.0,0.0,0.002,OK
1765984878.8391669,btc-updown-15m-1765984500,1765984500.0,1765985400.0,,521.1608331203461,,,,,0,0,0.99,0.98,IDLE,,,,,,,,,,,,,,0,5,,,,,,,,,,,,,,,,,,,,CAP_FULL,,,,,,,,25.0,25.0,,,,,0,0,,,Inv: 25.0/25.0 CapLeft: 0.0,,,25.0,25.0,50.0,0.0,50.0,0.0,50.0,0.98,0.020000000000000018,-5.0,0.52,0.47,-0.010000000000000009,5.0,0.0,0.002,OK
1765984880.7784605,btc-updown-15m-1765984500,1765984500.0,1765985400.0,,519.2215394973755,,,,,0,0,0.99,0.98,IDLE,,,,,,,,,,,,,,0,5,,,,,,,,,,,,,,,,,,,,CAP_FULL,,,,,,,,25.0,25.0,,,,,0,0,,,Inv: 25.0/25.0 CapLeft: 0.0,,,25.0,25.0,50.0,0.0,50.0,0.0,50.0,0.98,0.020000000000000018,-5.0,0.52,0.47,-0.010000000000000009,5.0,0.0,0.002,OK
1765984882.7771826,btc-updown-15m-1765984500,1765984500.0,1765985400.0,,517.2228174209595,,,,,0,0,0.99,0.98,IDLE,,,,,,,,,,,,,,0,5,,,,,,,,,,,,,,,,,,,,CAP_FULL,,,,,,,,25.0,25.0,,,,,0,0,,,Inv: 25.0/25.0 CapLeft: 0.0,,,25.0,25.0,50.0,0.0,50.0,0.0,50.0,0.98,0.020000000000000018,-5.0,0.52,0.47,-0.010000000000000009,5.0,0.0,0.002,OK
1765984884.7208064,btc-updown-15m-1765984500,1765984500.0,1765985400.0,,515.2791936397552,,,,,0,0,0.99,0.98,IDLE,,,,,,,,,,,,,,0,5,,,,,,,,,,,,,,,,,,,,CAP_FULL,,,,,,,,25.0,25.0,,,,,0,0,,,Inv: 25.0/25.0 CapLeft: 0.0,,,25.0,25.0,50.0,0.0,50.0,0.0,50.0,0.98,0.020000000000000018,-5.0,0.52,0.47,-0.010000000000000009,5.0,0.0,0.002,OK
1765984886.642625,btc-updown-15m-1765984500,1765984500.0,1765985400.0,,513.3573749065399,,,,,0,0,0.99,0.98,IDLE,,,,,,,,,,,,,,0,5,,,,,,,,,,,,,,,,,,,,CAP_FULL,,,,,,,,25.0,25.0,,,,,0,0,,,Inv: 25.0/25.0 CapLeft: 0.0,,,25.0,25.0,50.0,0.0,50.0,0.0,50.0,0.98,0.020000000000000018,-5.0,0.52,0.47,-0.010000000000000009,5.0,0.0,0.002,OK
1765984888.5862987,btc-updown-15m-1765984500,1765984500.0,1765985400.0,,511.41370129585266,,,,,0,0,0.98,0.98,IDLE,,,,,,,,,,,,,,0,5,,,,,,,,,,,,,,,,,,,,CAP_FULL,,,,,,,,25.0,25.0,,,,,0,0,,,Inv: 25.0/25.0 CapLeft: 0.0,,,25.0,25.0,50.0,0.0,50.0,0.0,50.0,0.98,0.020000000000000018,-5.0,0.52,0.47,-0.010000000000000009,5.0,0.0,0.002,OK
1765984890.5465674,btc-updown-15m-1765984500,1765984500.0,1765985400.0,,509.45343255996704,,,,,0,0,1.0,0.98,IDLE,,,,,,,,,,,,,,0,5,,,,,,,,,,,,,,,,,,,,CAP_FULL,,,,,,,,25.0,25.0,,,,,0,0,,,Inv: 25.0/25.0 CapLeft: 0.0,,,25.0,25.0,50.0,0.0,50.0,0.0,50.0,0.98,0.020000000000000018,-5.0,0.52,0.47,-0.010000000000000009,5.0,0.0,0.002,OK
1765984892.484544,btc-updown-15m-1765984500,1765984500.0,1765985400.0,,507.5154559612274,,,,,0,0,0.98,0.98,IDLE,,,,,,,,,,,,,,0,5,,,,,,,,,,,,,,,,,,,,CAP_FULL,,,,,,,,25.0,25.0,,,,,0,0,,,Inv: 25.0/25.0 CapLeft: 0.0,,,25.0,25.0,50.0,0.0,50.0,0.0,50.0,0.98,0.020000000000000018,-5.0,0.52,0.47,-0.010000000000000009,5.0,0.0,0.002,OK
1765984894.423006,btc-updown-15m-1765984500,1765984500.0,1765985400.0,,505.57699394226074,,,,,0,0,0.99,0.98,IDLE,,,,,,,,,,,,,,0,5,,,,,,,,,,,,,,,,,,,,CAP_FULL,,,,,,,,25.0,25.0,,,,,0,0,,,Inv: 25.0/25.0 CapLeft: 0.0,,,25.0,25.0,50.0,0.0,50.0,0.0,50.0,0.98,0.020000000000000018,-5.0,0.52,0.47,-0.010000000000000009,5.0,0.0,0.002,OK
1765984896.3553286,btc-updown-15m-1765984500,1765984500.0,1765985400.0,,503.6446714401245,,,,,0,0,0.99,0.98,IDLE,,,,,,,,,,,,,,0,5,,,,,,,,,,,,,,,,,,,,CAP_FULL,,,,,,,,25.0,25.0,,,,,0,0,,,Inv: 25.0/25.0 CapLeft: 0.0,,,25.0,25.0,50.0,0.0,50.0,0.0,50.0,0.98,0.020000000000000018,-5.0,0.52,0.47,-0.010000000000000009,5.0,0.0,0.002,OK
1765984898.306765,btc-updown-15m-1765984500,1765984500.0,1765985400.0,,501.6932349205017,,,,,0,0,1.02,0.98,IDLE,,,,,,,,,,,,,,0,5,,,,,,,,,,,,,,,,,,,,CAP_FULL,,,,,,,,25.0,25.0,,,,,0,0,,,Inv: 25.0/25.0 CapLeft: 0.0,,,25.0,25.0,50.0,0.0,50.0,0.0,50.0,0.98,0.020000000000000018,-5.0,0.52,0.47,-0.010000000000000009,5.0,0.0,0.002,OK
1765984900.2366853,btc-updown-15m-1765984500,1765984500.0,1765985400.0,,499.7633147239685,,,,,0,0,0.99,0.98,IDLE,,,,,,,,,,,,,,0,5,,,,,,,,,,,,,,,,,,,,CAP_FULL,,,,,,,,25.0,25.0,,,,,0,0,,,Inv: 25.0/25.0 CapLeft: 0.0,,,25.0,25.0,50.0,0.0,50.0,0.0,50.0,0.98,0.020000000000000018,-5.0,0.52,0.47,-0.010000000000000009,5.0,0.0,0.002,OK
1765984902.186423,btc-updown-15m-1765984500,1765984500.0,1765985400.0,,497.8135769367218,,,,,0,0,0.97,0.98,IDLE,,,,,,,,,,,,,,0,5,,,,,,,,,,,,,,,,,,,,CAP_FULL,,,,,,,,25.0,25.0,,,,,0,0,,,Inv: 25.0/25.0 CapLeft: 0.0,,,25.0,25.0,50.0,0.0,50.0,0.0,50.0,0.98,0.020000000000000018,-5.0,0.52,0.47,-0.010000000000000009,5.0,0.0,0.002,OK
1765984904.1657872,btc-updown-15m-1765984500,1765984500.0,1765985400.0,,495.8342127799988,,,,,0,0,0.99,0.98,IDLE,,,,,,,,,,,,,,0,5,,,,,,,,,,,,,,,,,,,,CAP_FULL,,,,,,,,25.0,25.0,,,,,0,0,,,Inv: 25.0/25.0 CapLeft: 0.0,,,25.0,25.0,50.0,0.0,50.0,0.0,50.0,0.98,0.020000000000000018,-5.0,0.52,0.47,-0.010000000000000009,5.0,0.0,0.002,OK
1765984906.107612,btc-updown-15m-1765984500,1765984500.0,1765985400.0,,493.89238810539246,,,,,0,0,0.99,0.98,IDLE,,,,,,,,,,,,,,0,5,,,,,,,,,,,,,,,,,,,,CAP_FULL,,,,,,,,25.0,25.0,,,,,0,0,,,Inv: 25.0/25.0 CapLeft: 0.0,,,25.0,25.0,50.0,0.0,50.0,0.0,50.0,0.98,0.020000000000000018,-5.0,0.52,0.47,-0.010000000000000009,5.0,0.0,0.002,OK
1765984908.084264,btc-updown-15m-1765984500,1765984500.0,1765985400.0,,491.9157359600067,,,,,0,0,0.99,0.98,IDLE,,,,,,,,,,,,,,0,5,,,,,,,,,,,,,,,,,,,,CAP_FULL,,,,,,,,25.0,25.0,,,,,0,0,,,Inv: 25.0/25.0 CapLeft: 0.0,,,25.0,25.0,50.0,0.0,50.0,0.0,50.0,0.98,0.020000000000000018,-5.0,0.52,0.47,-0.010000000000000009,5.0,0.0,0.002,OK
1765984910.056565,btc-updown-15m-1765984500,1765984500.0,1765985400.0,,489.9434349536896,,,,,0,0,0.99,0.98,IDLE,,,,,,,,,,,,,,0,5,,,,,,,,,,,,,,,,,,,,CAP_FULL,,,,,,,,25.0,25.0,,,,,0,0,,,Inv: 25.0/25.0 CapLeft: 0.0,,,25.0,25.0,50.0,0.0,50.0,0.0,50.0,0.98,0.020000000000000018,-5.0,0.52,0.47,-0.010000000000000009,5.0,0.0,0.002,OK
1765984911.9919217,btc-updown-15m-1765984500,1765984500.0,1765985400.0,,488.0080783367157,,,,,0,0,0.99,0.98,IDLE,,,,,,,,,,,,,,0,5,,,,,,,,,,,,,,,,,,,,CAP_FULL,,,,,,,,25.0,25.0,,,,,0,0,,,Inv: 25.0/25.0 CapLeft: 0.0,,,25.0,25.0,50.0,0.0,50.0,0.0,50.0,0.98,0.020000000000000018,-5.0,0.52,0.47,-0.010000000000000009,5.0,0.0,0.002,OK
1765984914.025137,btc-updown-15m-1765984500,1765984500.0,1765985400.0,,485.97486305236816,,,,,0,0,0.98,0.98,IDLE,,,,,,,,,,,,,,0,5,,,,,,,,,,,,,,,,,,,,CAP_FULL,,,,,,,,25.0,25.0,,,,,0,0,,,Inv: 25.0/25.0 CapLeft: 0.0,,,25.0,25.0,50.0,0.0,50.0,0.0,50.0,0.98,0.020000000000000018,-5.0,0.52,0.47,-0.010000000000000009,5.0,0.0,0.002,OK
1765984915.9692442,btc-updown-15m-1765984500,1765984500.0,1765985400.0,,484.0307557582855,,,,,0,0,0.98,0.98,IDLE,,,,,,,,,,,,,,0,5,,,,,,,,,,,,,,,,,,,,CAP_FULL,,,,,,,,25.0,25.0,,,,,0,0,,,Inv: 25.0/25.0 CapLeft: 0.0,,,25.0,25.0,50.0,0.0,50.0,0.0,50.0,0.98,0.020000000000000018,-5.0,0.52,0.47,-0.010000000000000009,5.0,0.0,0.002,OK
1765984917.914257,btc-updown-15m-1765984500,1765984500.0,1765985400.0,,482.08574295043945,,,,,0,0,0.99,0.98,IDLE,,,,,,,,,,,,,,0,5,,,,,,,,,,,,,,,,,,,,CAP_FULL,,,,,,,,25.0,25.0,,,,,0,0,,,Inv: 25.0/25.0 CapLeft: 0.0,,,25.0,25.0,50.0,0.0,50.0,0.0,50.0,0.98,0.020000000000000018,-5.0,0.52,0.47,-0.010000000000000009,5.0,0.0,0.002,OK
1765984920.0094497,btc-updown-15m-1765984500,1765984500.0,1765985400.0,,479.9905502796173,,,,,0,0,0.99,0.98,IDLE,,,,,,,,,,,,,,0,5,,,,,,,,,,,,,,,,,,,,CAP_FULL,,,,,,,,25.0,25.0,,,,,0,0,,,Inv: 25.0/25.0 CapLeft: 0.0,,,25.0,25.0,50.0,0.0,50.0,0.0,50.0,0.98,0.020000000000000018,-5.0,0.52,0.47,-0.010000000000000009,5.0,0.0,0.002,OK
1765984921.9634478,btc-updown-15m-1765984500,1765984500.0,1765985400.0,,478.03655219078064,,,,,0,0,0.99,0.98,IDLE,,,,,,,,,,,,,,0,5,,,,,,,,,,,,,,,,,,,,CAP_FULL,,,,,,,,25.0,25.0,,,,,0,0,,,Inv: 25.0/25.0 CapLeft: 0.0,,,25.0,25.0,50.0,0.0,50.0,0.0,50.0,0.98,0.020000000000000018,-5.0,0.52,0.47,-0.010000000000000009,5.0,0.0,0.002,OK
1765984923.9202065,btc-updown-15m-1765984500,1765984500.0,1765985400.0,,476.07979345321655,,,,,0,0,0.9700000000000001,0.98,IDLE,,,,,,,,,,,,,,0,5,,,,,,,,,,,,,,,,,,,,CAP_FULL,,,,,,,,25.0,25.0,,,,,0,0,,,Inv: 25.0/25.0 CapLeft: 0.0,,,25.0,25.0,50.0,0.0,50.0,0.0,50.0,0.98,0.020000000000000018,-5.0,0.52,0.47,-0.010000000000000009,5.0,0.0,0.002,OK
1765984925.8825002,btc-updown-15m-1765984500,1765984500.0,1765985400.0,,474.1174998283386,,,,,0,0,0.98,0.98,IDLE,,,,,,,,,,,,,,0,5,,,,,,,,,,,,,,,,,,,,CAP_FULL,,,,,,,,25.0,25.0,,,,,0,0,,,Inv: 25.0/25.0 CapLeft: 0.0,,,25.0,25.0,50.0,0.0,50.0,0.0,50.0,0.98,0.020000000000000018,-5.0,0.52,0.47,-0.010000000000000009,5.0,0.0,0.002,OK
1765984927.8256164,btc-updown-15m-1765984500,1765984500.0,1765985400.0,,472.1743836402893,,,,,0,0,0.98,0.98,IDLE,,,,,,,,,,,,,,0,5,,,,,,,,,,,,,,,,,,,,CAP_FULL,,,,,,,,25.0,25.0,,,,,0,0,,,Inv: 25.0/25.0 CapLeft: 0.0,,,25.0,25.0,50.0,0.0,50.0,0.0,50.0,0.98,0.020000000000000018,-5.0,0.52,0.47,-0.010000000000000009,5.0,0.0,0.002,OK
1765984929.7512605,btc-updown-15m-1765984500,1765984500.0,1765985400.0,,470.2487394809723,,,,,0,0,1.0,0.98,IDLE,,,,,,,,,,,,,,0,5,,,,,,,,,,,,,,,,,,,,CAP_FULL,,,,,,,,25.0,25.0,,,,,0,0,,,Inv: 25.0/25.0 CapLeft: 0.0,,,25.0,25.0,50.0,0.0,50.0,0.0,50.0,0.98,0.020000000000000018,-5.0,0.52,0.47,-0.010000000000000009,5.0,0.0,0.002,OK
1765984931.7227192,btc-updown-15m-1765984500,1765984500.0,1765985400.0,,468.2772808074951,,,,,0,0,1.0,0.98,IDLE,,,,,,,,,,,,,,0,5,,,,,,,,,,,,,,,,,,,,CAP_FULL,,,,,,,,25.0,25.0,,,,,0,0,,,Inv: 25.0/25.0 CapLeft: 0.0,,,25.0,25.0,50.0,0.0,50.0,0.0,50.0,0.98,0.020000000000000018,-5.0,0.52,0.47,-0.010000000000000009,5.0,0.0,0.002,OK
1765984933.6666887,btc-updown-15m-1765984500,1765984500.0,1765985400.0,,466.3333113193512,,,,,0,0,0.99,0.98,IDLE,,,,,,,,,,,,,,0,5,,,,,,,,,,,,,,,,,,,,CAP_FULL,,,,,,,,25.0,25.0,,,,,0,0,,,Inv: 25.0/25.0 CapLeft: 0.0,,,25.0,25.0,50.0,0.0,50.0,0.0,50.0,0.98,0.020000000000000018,-5.0,0.52,0.47,-0.010000000000000009,5.0,0.0,0.002,OK
1765984935.6471205,btc-updown-15m-1765984500,1765984500.0,1765985400.0,,464.35287952423096,,,,,0,0,0.99,0.98,IDLE,,,,,,,,,,,,,,0,5,,,,,,,,,,,,,,,,,,,,CAP_FULL,,,,,,,,25.0,25.0,,,,,0,0,,,Inv: 25.0/25.0 CapLeft: 0.0,,,25.0,25.0,50.0,0.0,50.0,0.0,50.0,0.98,0.020000000000000018,-5.0,0.52,0.47,-0.010000000000000009,5.0,0.0,0.002,OK
1765984937.5801134,btc-updown-15m-1765984500,1765984500.0,1765985400.0,,462.4198865890503,,,,,0,0,0.98,0.98,IDLE,,,,,,,,,,,,,,0,5,,,,,,,,,,,,,,,,,,,,CAP_FULL,,,,,,,,25.0,25.0,,,,,0,0,,,Inv: 25.0/25.0 CapLeft: 0.0,,,25.0,25.0,50.0,0.0,50.0,0.0,50.0,0.98,0.020000000000000018,-5.0,0.52,0.47,-0.010000000000000009,5.0,0.0,0.002,OK
1765984939.5238812,btc-updown-15m-1765984500,1765984500.0,1765985400.0,,460.4761188030243,,,,,0,0,0.99,0.98,IDLE,,,,,,,,,,,,,,0,5,,,,,,,,,,,,,,,,,,,,CAP_FULL,,,,,,,,25.0,25.0,,,,,0,0,,,Inv: 25.0/25.0 CapLeft: 0.0,,,25.0,25.0,50.0,0.0,50.0,0.0,50.0,0.98,0.020000000000000018,-5.0,0.52,0.47,-0.010000000000000009,5.0,0.0,0.002,OK
1765984941.4933405,btc-updown-15m-1765984500,1765984500.0,1765985400.0,,458.50665950775146,,,,,0,0,0.97,0.98,IDLE,,,,,,,,,,,,,,0,5,,,,,,,,,,,,,,,,,,,,CAP_FULL,,,,,,,,25.0,25.0,,,,,0,0,,,Inv: 25.0/25.0 CapLeft: 0.0,,,25.0,25.0,50.0,0.0,50.0,0.0,50.0,0.98,0.020000000000000018,-5.0,0.52,0.47,-0.010000000000000009,5.0,0.0,0.002,OK
1765984943.4458013,btc-updown-15m-1765984500,1765984500.0,1765985400.0,,456.55419874191284,,,,,0,0,0.99,0.98,IDLE,,,,,,,,,,,,,,0,5,,,,,,,,,,,,,,,,,,,,CAP_FULL,,,,,,,,25.0,25.0,,,,,0,0,,,Inv: 25.0/25.0 CapLeft: 0.0,,,25.0,25.0,50.0,0.0,50.0,0.0,50.0,0.98,0.020000000000000018,-5.0,0.52,0.47,-0.010000000000000009,5.0,0.0,0.002,OK
1765984945.424414,btc-updown-15m-1765984500,1765984500.0,1765985400.0,,454.57558608055115,,,,,0,0,0.98,0.98,IDLE,,,,,,,,,,,,,,0,5,,,,,,,,,,,,,,,,,,,,CAP_FULL,,,,,,,,25.0,25.0,,,,,0,0,,,Inv: 25.0/25.0 CapLeft: 0.0,,,25.0,25.0,50.0,0.0,50.0,0.0,50.0,0.98,0.020000000000000018,-5.0,0.52,0.47,-0.010000000000000009,5.0,0.0,0.002,OK
1765984947.3770056,btc-updown-15m-1765984500,1765984500.0,1765985400.0,,452.6229944229126,,,,,0,0,0.99,0.98,IDLE,,,,,,,,,,,,,,0,5,,,,,,,,,,,,,,,,,,,,CAP_FULL,,,,,,,,25.0,25.0,,,,,0,0,,,Inv: 25.0/25.0 CapLeft: 0.0,,,25.0,25.0,50.0,0.0,50.0,0.0,50.0,0.98,0.020000000000000018,-5.0,0.52,0.47,-0.010000000000000009,5.0,0.0,0.002,OK
1765984949.3176334,btc-updown-15m-1765984500,1765984500.0,1765985400.0,,450.68236660957336,,,,,0,0,0.99,0.98,IDLE,,,,,,,,,,,,,,0,5,,,,,,,,,,,,,,,,,,,,CAP_FULL,,,,,,,,25.0,25.0,,,,,0,0,,,Inv: 25.0/25.0 CapLeft: 0.0,,,25.0,25.0,50.0,0.0,50.0,0.0,50.0,0.98,0.020000000000000018,-5.0,0.52,0.47,-0.010000000000000009,5.0,0.0,0.002,OK
1765984951.2750866,btc-updown-15m-1765984500,1765984500.0,1765985400.0,,448.72491335868835,,,,,0,0,0.99,0.98,IDLE,,,,,,,,,,,,,,0,5,,,,,,,,,,,,,,,,,,,,CAP_FULL,,,,,,,,25.0,25.0,,,,,0,0,,,Inv: 25.0/25.0 CapLeft: 0.0,,,25.0,25.0,50.0,0.0,50.0,0.0,50.0,0.98,0.020000000000000018,-5.0,0.52,0.47,-0.010000000000000009,5.0,0.0,0.002,OK
1765984953.2287686,btc-updown-15m-1765984500,1765984500.0,1765985400.0,,446.7712314128876,,,,,0,0,0.98,0.98,IDLE,,,,,,,,,,,,,,0,5,,,,,,,,,,,,,,,,,,,,CAP_FULL,,,,,,,,25.0,25.0,,,,,0,0,,,Inv: 25.0/25.0 CapLeft: 0.0,,,25.0,25.0,50.0,0.0,50.0,0.0,50.0,0.98,0.020000000000000018,-5.0,0.52,0.47,-0.010000000000000009,5.0,0.0,0.002,OK
1765984955.2089248,btc-updown-15m-1765984500,1765984500.0,1765985400.0,,444.7910752296448,,,,,0,0,0.99,0.98,IDLE,,,,,,,,,,,,,,0,5,,,,,,,,,,,,,,,,,,,,CAP_FULL,,,,,,,,25.0,25.0,,,,,0,0,,,Inv: 25.0/25.0 CapLeft: 0.0,,,25.0,25.0,50.0,0.0,50.0,0.0,50.0,0.98,0.020000000000000018,-5.0,0.52,0.47,-0.010000000000000009,5.0,0.0,0.002,OK
1765984957.218822,btc-updown-15m-1765984500,1765984500.0,1765985400.0,,442.7811779975891,,,,,0,0,1.0,0.98,IDLE,,,,,,,,,,,,,,0,5,,,,,,,,,,,,,,,,,,,,CAP_FULL,,,,,,,,25.0,25.0,,,,,0,0,,,Inv: 25.0/25.0 CapLeft: 0.0,,,25.0,25.0,50.0,0.0,50.0,0.0,50.0,0.98,0.020000000000000018,-5.0,0.52,0.47,-0.010000000000000009,5.0,0.0,0.002,OK
1765984959.1452687,btc-updown-15m-1765984500,1765984500.0,1765985400.0,,440.85473132133484,,,,,0,0,0.99,0.98,IDLE,,,,,,,,,,,,,,0,5,,,,,,,,,,,,,,,,,,,,CAP_FULL,,,,,,,,25.0,25.0,,,,,0,0,,,Inv: 25.0/25.0 CapLeft: 0.0,,,25.0,25.0,50.0,0.0,50.0,0.0,50.0,0.98,0.020000000000000018,-5.0,0.52,0.47,-0.010000000000000009,5.0,0.0,0.002,OK
1765984961.0871127,btc-updown-15m-1765984500,1765984500.0,1765985400.0,,438.9128873348236,,,,,0,0,0.99,0.98,IDLE,,,,,,,,,,,,,,0,5,,,,,,,,,,,,,,,,,,,,CAP_FULL,,,,,,,,25.0,25.0,,,,,0,0,,,Inv: 25.0/25.0 CapLeft: 0.0,,,25.0,25.0,50.0,0.0,50.0,0.0,50.0,0.98,0.020000000000000018,-5.0,0.52,0.47,-0.010000000000000009,5.0,0.0,0.002,OK
1765984963.020089,btc-updown-15m-1765984500,1765984500.0,1765985400.0,,436.9799110889435,,,,,0,0,0.99,0.98,IDLE,,,,,,,,,,,,,,0,5,,,,,,,,,,,,,,,,,,,,CAP_FULL,,,,,,,,25.0,25.0,,,,,0,0,,,Inv: 25.0/25.0 CapLeft: 0.0,,,25.0,25.0,50.0,0.0,50.0,0.0,50.0,0.98,0.020000000000000018,-5.0,0.52,0.47,-0.010000000000000009,5.0,0.0,0.002,OK
1765984964.94894,btc-updown-15m-1765984500,1765984500.0,1765985400.0,,435.05105996131897,,,,,0,0,0.99,0.98,IDLE,,,,,,,,,,,,,,0,5,,,,,,,,,,,,,,,,,,,,CAP_FULL,,,,,,,,25.0,25.0,,,,,0,0,,,Inv: 25.0/25.0 CapLeft: 0.0,,,25.0,25.0,50.0,0.0,50.0,0.0,50.0,0.98,0.020000000000000018,-5.0,0.52,0.47,-0.010000000000000009,5.0,0.0,0.002,OK
1765984966.9051507,btc-updown-15m-1765984500,1765984500.0,1765985400.0,,433.09484934806824,,,,,0,0,0.98,0.98,IDLE,,,,,,,,,,,,,,0,5,,,,,,,,,,,,,,,,,,,,CAP_FULL,,,,,,,,25.0,25.0,,,,,0,0,,,Inv: 25.0/25.0 CapLeft: 0.0,,,25.0,25.0,50.0,0.0,50.0,0.0,50.0,0.98,0.020000000000000018,-5.0,0.52,0.47,-0.010000000000000009,5.0,0.0,0.002,OK
1765984968.8585684,btc-updown-15m-1765984500,1765984500.0,1765985400.0,,431.1414315700531,,,,,0,0,0.98,0.98,IDLE,,,,,,,,,,,,,,0,5,,,,,,,,,,,,,,,,,,,,CAP_FULL,,,,,,,,25.0,25.0,,,,,0,0,,,Inv: 25.0/25.0 CapLeft: 0.0,,,25.0,25.0,50.0,0.0,50.0,0.0,50.0,0.98,0.020000000000000018,-5.0,0.52,0.47,-0.010000000000000009,5.0,0.0,0.002,OK
1765984970.795477,btc-updown-15m-1765984500,1765984500.0,1765985400.0,,429.20452308654785,,,,,0,0,0.99,0.98,IDLE,,,,,,,,,,,,,,0,5,,,,,,,,,,,,,,,,,,,,CAP_FULL,,,,,,,,25.0,25.0,,,,,0,0,,,Inv: 25.0/25.0 CapLeft: 0.0,,,25.0,25.0,50.0,0.0,50.0,0.0,50.0,0.98,0.020000000000000018,-5.0,0.52,0.47,-0.010000000000000009,5.0,0.0,0.002,OK
1765984972.7747273,btc-updown-15m-1765984500,1765984500.0,1765985400.0,,427.22527265548706,,,,,0,0,0.99,0.98,IDLE,,,,,,,,,,,,,,0,5,,,,,,,,,,,,,,,,,,,,CAP_FULL,,,,,,,,25.0,25.0,,,,,0,0,,,Inv: 25.0/25.0 CapLeft: 0.0,,,25.0,25.0,50.0,0.0,50.0,0.0,50.0,0.98,0.020000000000000018,-5.0,0.52,0.47,-0.010000000000000009,5.0,0.0,0.002,OK
1765984974.7090867,btc-updown-15m-1765984500,1765984500.0,1765985400.0,,425.29091334342957,,,,,0,0,0.99,0.98,IDLE,,,,,,,,,,,,,,0,5,,,,,,,,,,,,,,,,,,,,CAP_FULL,,,,,,,,25.0,25.0,,,,,0,0,,,Inv: 25.0/25.0 CapLeft: 0.0,,,25.0,25.0,50.0,0.0,50.0,0.0,50.0,0.98,0.020000000000000018,-5.0,0.52,0.47,-0.010000000000000009,5.0,0.0,0.002,OK
1765984976.6402526,btc-updown-15m-1765984500,1765984500.0,1765985400.0,,423.35974740982056,,,,,0,0,0.98,0.98,IDLE,,,,,,,,,,,,,,0,5,,,,,,,,,,,,,,,,,,,,CAP_FULL,,,,,,,,25.0,25.0,,,,,0,0,,,Inv: 25.0/25.0 CapLeft: 0.0,,,25.0,25.0,50.0,0.0,50.0,0.0,50.0,0.98,0.020000000000000018,-5.0,0.52,0.47,-0.010000000000000009,5.0,0.0,0.002,OK
1765984978.5844834,btc-updown-15m-1765984500,1765984500.0,1765985400.0,,421.41551661491394,,,,,0,0,0.98,0.98,IDLE,,,,,,,,,,,,,,0,5,,,,,,,,,,,,,,,,,,,,CAP_FULL,,,,,,,,25.0,25.0,,,,,0,0,,,Inv: 25.0/25.0 CapLeft: 0.0,,,25.0,25.0,50.0,0.0,50.0,0.0,50.0,0.98,0.020000000000000018,-5.0,0.52,0.47,-0.010000000000000009,5.0,0.0,0.002,OK
1765984980.5492482,btc-updown-15m-1765984500,1765984500.0,1765985400.0,,419.4507517814636,,,,,0,0,0.99,0.98,IDLE,,,,,,,,,,,,,,0,5,,,,,,,,,,,,,,,,,,,,CAP_FULL,,,,,,,,25.0,25.0,,,,,0,0,,,Inv: 25.0/25.0 CapLeft: 0.0,,,25.0,25.0,50.0,0.0,50.0,0.0,50.0,0.98,0.020000000000000018,-5.0,0.52,0.47,-0.010000000000000009,5.0,0.0,0.002,OK
1765984982.5057087,btc-updown-15m-1765984500,1765984500.0,1765985400.0,,417.494291305542,,,,,0,0,1.0,0.98,IDLE,,,,,,,,,,,,,,0,5,,,,,,,,,,,,,,,,,,,,CAP_FULL,,,,,,,,25.0,25.0,,,,,0,0,,,Inv: 25.0/25.0 CapLeft: 0.0,,,25.0,25.0,50.0,0.0,50.0,0.0,50.0,0.98,0.020000000000000018,-5.0,0.52,0.47,-0.010000000000000009,5.0,0.0,0.002,OK
1765984984.4575222,btc-updown-15m-1765984500,1765984500.0,1765985400.0,,415.54247784614563,,,,,0,0,0.98,0.98,IDLE,,,,,,,,,,,,,,0,5,,,,,,,,,,,,,,,,,,,,CAP_FULL,,,,,,,,25.0,25.0,,,,,0,0,,,Inv: 25.0/25.0 CapLeft: 0.0,,,25.0,25.0,50.0,0.0,50.0,0.0,50.0,0.98,0.020000000000000018,-5.0,0.52,0.47,-0.010000000000000009,5.0,0.0,0.002,OK
1765984986.50089,btc-updown-15m-1765984500,1765984500.0,1765985400.0,,413.4991099834442,,,,,0,0,0.97,0.98,IDLE,,,,,,,,,,,,,,0,5,,,,,,,,,,,,,,,,,,,,CAP_FULL,,,,,,,,25.0,25.0,,,,,0,0,,,Inv: 25.0/25.0 CapLeft: 0.0,,,25.0,25.0,50.0,0.0,50.0,0.0,50.0,0.98,0.020000000000000018,-5.0,0.52,0.47,-0.010000000000000009,5.0,0.0,0.002,OK
1765984988.4369013,btc-updown-15m-1765984500,1765984500.0,1765985400.0,,411.5630986690521,,,,,0,0,0.99,0.98,IDLE,,,,,,,,,,,,,,0,5,,,,,,,,,,,,,,,,,,,,CAP_FULL,,,,,,,,25.0,25.0,,,,,0,0,,,Inv: 25.0/25.0 CapLeft: 0.0,,,25.0,25.0,50.0,0.0,50.0,0.0,50.0,0.98,0.020000000000000018,-5.0,0.52,0.47,-0.010000000000000009,5.0,0.0,0.002,OK
1765984990.3709369,btc-updown-15m-1765984500,1765984500.0,1765985400.0,,409.62906312942505,,,,,0,0,0.99,0.98,IDLE,,,,,,,,,,,,,,0,5,,,,,,,,,,,,,,,,,,,,CAP_FULL,,,,,,,,25.0,25.0,,,,,0,0,,,Inv: 25.0/25.0 CapLeft: 0.0,,,25.0,25.0,50.0,0.0,50.0,0.0,50.0,0.98,0.020000000000000018,-5.0,0.52,0.47,-0.010000000000000009,5.0,0.0,0.002,OK
1765984992.2963657,btc-updown-15m-1765984500,1765984500.0,1765985400.0,,407.70363426208496,,,,,0,0,0.98,0.98,IDLE,,,,,,,,,,,,,,0,5,,,,,,,,,,,,,,,,,,,,CAP_FULL,,,,,,,,25.0,25.0,,,,,0,0,,,Inv: 25.0/25.0 CapLeft: 0.0,,,25.0,25.0,50.0,0.0,50.0,0.0,50.0,0.98,0.020000000000000018,-5.0,0.52,0.47,-0.010000000000000009,5.0,0.0,0.002,OK
1765984994.258462,btc-updown-15m-1765984500,1765984500.0,1765985400.0,,405.7415380477905,,,,,0,0,1.0,0.98,IDLE,,,,,,,,,,,,,,0,5,,,,,,,,,,,,,,,,,,,,CAP_FULL,,,,,,,,25.0,25.0,,,,,0,0,,,Inv: 25.0/25.0 CapLeft: 0.0,,,25.0,25.0,50.0,0.0,50.0,0.0,50.0,0.98,0.020000000000000018,-5.0,0.52,0.47,-0.010000000000000009,5.0,0.0,0.002,OK
1765984996.2362182,btc-updown-15m-1765984500,1765984500.0,1765985400.0,,403.76378178596497,,,,,0,0,0.99,0.98,IDLE,,,,,,,,,,,,,,0,5,,,,,,,,,,,,,,,,,,,,CAP_FULL,,,,,,,,25.0,25.0,,,,,0,0,,,Inv: 25.0/25.0 CapLeft: 0.0,,,25.0,25.0,50.0,0.0,50.0,0.0,50.0,0.98,0.020000000000000018,-5.0,0.52,0.47,-0.010000000000000009,5.0,0.0,0.002,OK
1765984998.1717894,btc-updown-15m-1765984500,1765984500.0,1765985400.0,,401.8282105922699,,,,,0,0,0.99,0.98,IDLE,,,,,,,,,,,,,,0,5,,,,,,,,,,,,,,,,,,,,CAP_FULL,,,,,,,,25.0,25.0,,,,,0,0,,,Inv: 25.0/25.0 CapLeft: 0.0,,,25.0,25.0,50.0,0.0,50.0,0.0,50.0,0.98,0.020000000000000018,-5.0,0.52,0.47,-0.010000000000000009,5.0,0.0,0.002,OK
1765985000.132669,btc-updown-15m-1765984500,1765984500.0,1765985400.0,,399.8673310279846,,,,,0,0,0.99,0.98,IDLE,,,,,,,,,,,,,,0,5,,,,,,,,,,,,,,,,,,,,CAP_FULL,,,,,,,,25.0,25.0,,,,,0,0,,,Inv: 25.0/25.0 CapLeft: 0.0,,,25.0,25.0,50.0,0.0,50.0,0.0,50.0,0.98,0.020000000000000018,-5.0,0.52,0.47,-0.010000000000000009,5.0,0.0,0.002,OK
1765985002.0941098,btc-updown-15m-1765984500,1765984500.0,1765985400.0,,397.90589022636414,,,,,0,0,0.99,0.98,IDLE,,,,,,,,,,,,,,0,5,,,,,,,,,,,,,,,,,,,,CAP_FULL,,,,,,,,25.0,25.0,,,,,0,0,,,Inv: 25.0/25.0 CapLeft: 0.0,,,25.0,25.0,50.0,0.0,50.0,0.0,50.0,0.98,0.020000000000000018,-5.0,0.52,0.47,-0.010000000000000009,5.0,0.0,0.002,OK
1765985004.0265017,btc-updown-15m-1765984500,1765984500.0,1765985400.0,,395.9734983444214,,,,,0,0,0.99,0.98,IDLE,,,,,,,,,,,,,,0,5,,,,,,,,,,,,,,,,,,,,CAP_FULL,,,,,,,,25.0,25.0,,,,,0,0,,,Inv: 25.0/25.0 CapLeft: 0.0,,,25.0,25.0,50.0,0.0,50.0,0.0,50.0,0.98,0.020000000000000018,-5.0,0.52,0.47,-0.010000000000000009,5.0,0.0,0.002,OK
1765985005.9683938,btc-updown-15m-1765984500,1765984500.0,1765985400.0,,394.0316061973572,,,,,0,0,0.99,0.98,IDLE,,,,,,,,,,,,,,0,5,,,,,,,,,,,,,,,,,,,,CAP_FULL,,,,,,,,25.0,25.0,,,,,0,0,,,Inv: 25.0/25.0 CapLeft: 0.0,,,25.0,25.0,50.0,0.0,50.0,0.0,50.0,0.98,0.020000000000000018,-5.0,0.52,0.47,-0.010000000000000009,5.0,0.0,0.002,OK
1765985007.9216864,btc-updown-15m-1765984500,1765984500.0,1765985400.0,,392.07831358909607,,,,,0,0,0.99,0.98,IDLE,,,,,,,,,,,,,,0,5,,,,,,,,,,,,,,,,,,,,CAP_FULL,,,,,,,,25.0,25.0,,,,,0,0,,,Inv: 25.0/25.0 CapLeft: 0.0,,,25.0,25.0,50.0,0.0,50.0,0.0,50.0,0.98,0.020000000000000018,-5.0,0.52,0.47,-0.010000000000000009,5.0,0.0,0.002,OK
1765985009.8577898,btc-updown-15m-1765984500,1765984500.0,1765985400.0,,390.14221024513245,,,,,0,0,1.0,0.98,IDLE,,,,,,,,,,,,,,0,5,,,,,,,,,,,,,,,,,,,,CAP_FULL,,,,,,,,25.0,25.0,,,,,0,0,,,Inv: 25.0/25.0 CapLeft: 0.0,,,25.0,25.0,50.0,0.0,50.0,0.0,50.0,0.98,0.020000000000000018,-5.0,0.52,0.47,-0.010000000000000009,5.0,0.0,0.002,OK
1765985011.7859416,btc-updown-15m-1765984500,1765984500.0,1765985400.0,,388.21405839920044,,,,,0,0,0.98,0.98,IDLE,,,,,,,,,,,,,,0,5,,,,,,,,,,,,,,,,,,,,CAP_FULL,,,,,,,,25.0,25.0,,,,,0,0,,,Inv: 25.0/25.0 CapLeft: 0.0,,,25.0,25.0,50.0,0.0,50.0,0.0,50.0,0.98,0.020000000000000018,-5.0,0.52,0.47,-0.010000000000000009,5.0,0.0,0.002,OK
1765985013.8194256,btc-updown-15m-1765984500,1765984500.0,1765985400.0,,386.18057441711426,,,,,0,0,0.99,0.98,IDLE,,,,,,,,,,,,,,0,5,,,,,,,,,,,,,,,,,,,,CAP_FULL,,,,,,,,25.0,25.0,,,,,0,0,,,Inv: 25.0/25.0 CapLeft: 0.0,,,25.0,25.0,50.0,0.0,50.0,0.0,50.0,0.98,0.020000000000000018,-5.0,0.52,0.47,-0.010000000000000009,5.0,0.0,0.002,OK
1765985015.7653465,btc-updown-15m-1765984500,1765984500.0,1765985400.0,,384.2346534729004,,,,,0,0,0.99,0.98,IDLE,,,,,,,,,,,,,,0,5,,,,,,,,,,,,,,,,,,,,CAP_FULL,,,,,,,,25.0,25.0,,,,,0,0,,,Inv: 25.0/25.0 CapLeft: 0.0,,,25.0,25.0,50.0,0.0,50.0,0.0,50.0,0.98,0.020000000000000018,-5.0,0.52,0.47,-0.010000000000000009,5.0,0.0,0.002,OK
1765985017.7042718,btc-updown-15m-1765984500,1765984500.0,1765985400.0,,382.2957282066345,,,,,0,0,0.99,0.98,IDLE,,,,,,,,,,,,,,0,5,,,,,,,,,,,,,,,,,,,,CAP_FULL,,,,,,,,25.0,25.0,,,,,0,0,,,Inv: 25.0/25.0 CapLeft: 0.0,,,25.0,25.0,50.0,0.0,50.0,0.0,50.0,0.98,0.020000000000000018,-5.0,0.52,0.47,-0.010000000000000009,5.0,0.0,0.002,OK
1765985019.6512845,btc-updown-15m-1765984500,1765984500.0,1765985400.0,,380.34871554374695,,,,,0,0,0.99,0.98,IDLE,,,,,,,,,,,,,,0,5,,,,,,,,,,,,,,,,,,,,CAP_FULL,,,,,,,,25.0,25.0,,,,,0,0,,,Inv: 25.0/25.0 CapLeft: 0.0,,,25.0,25.0,50.0,0.0,50.0,0.0,50.0,0.98,0.020000000000000018,-5.0,0.52,0.47,-0.010000000000000009,5.0,0.0,0.002,OK
1765985021.6254792,btc-updown-15m-1765984500,1765984500.0,1765985400.0,,378.374520778656,,,,,0,0,0.98,0.98,IDLE,,,,,,,,,,,,,,0,5,,,,,,,,,,,,,,,,,,,,CAP_FULL,,,,,,,,25.0,25.0,,,,,0,0,,,Inv: 25.0/25.0 CapLeft: 0.0,,,25.0,25.0,50.0,0.0,50.0,0.0,50.0,0.98,0.020000000000000018,-5.0,0.52,0.47,-0.010000000000000009,5.0,0.0,0.002,OK
1765985023.571243,btc-updown-15m-1765984500,1765984500.0,1765985400.0,,376.42875695228577,,,,,0,0,0.98,0.98,IDLE,,,,,,,,,,,,,,0,5,,,,,,,,,,,,,,,,,,,,CAP_FULL,,,,,,,,25.0,25.0,,,,,0,0,,,Inv: 25.0/25.0 CapLeft: 0.0,,,25.0,25.0,50.0,0.0,50.0,0.0,50.0,0.98,0.020000000000000018,-5.0,0.52,0.47,-0.010000000000000009,5.0,0.0,0.002,OK
1765985025.5343192,btc-updown-15m-1765984500,1765984500.0,1765985400.0,,374.4656808376312,,,,,0,0,0.99,0.98,IDLE,,,,,,,,,,,,,,0,5,,,,,,,,,,,,,,,,,,,,CAP_FULL,,,,,,,,25.0,25.0,,,,,0,0,,,Inv: 25.0/25.0 CapLeft: 0.0,,,25.0,25.0,50.0,0.0,50.0,0.0,50.0,0.98,0.020000000000000018,-5.0,0.52,0.47,-0.010000000000000009,5.0,0.0,0.002,OK
1765985027.517275,btc-updown-15m-1765984500,1765984500.0,1765985400.0,,372.48272490501404,,,,,0,0,0.98,0.98,IDLE,,,,,,,,,,,,,,0,5,,,,,,,,,,,,,,,,,,,,CAP_FULL,,,,,,,,25.0,25.0,,,,,0,0,,,Inv: 25.0/25.0 CapLeft: 0.0,,,25.0,25.0,50.0,0.0,50.0,0.0,50.0,0.98,0.020000000000000018,-5.0,0.52,0.47,-0.010000000000000009,5.0,0.0,0.002,OK
1765985029.4534876,btc-updown-15m-1765984500,1765984500.0,1765985400.0,,370.5465123653412,,,,,0,0,0.99,0.98,IDLE,,,,,,,,,,,,,,0,5,,,,,,,,,,,,,,,,,,,,CAP_FULL,,,,,,,,25.0,25.0,,,,,0,0,,,Inv: 25.0/25.0 CapLeft: 0.0,,,25.0,25.0,50.0,0.0,50.0,0.0,50.0,0.98,0.020000000000000018,-5.0,0.52,0.47,-0.010000000000000009,5.0,0.0,0.002,OK
1765985031.4064007,btc-updown-15m-1765984500,1765984500.0,1765985400.0,,368.593599319458,,,,,0,0,0.99,0.98,IDLE,,,,,,,,,,,,,,0,5,,,,,,,,,,,,,,,,,,,,CAP_FULL,,,,,,,,25.0,25.0,,,,,0,0,,,Inv: 25.0/25.0 CapLeft: 0.0,,,25.0,25.0,50.0,0.0,50.0,0.0,50.0,0.98,0.020000000000000018,-5.0,0.52,0.47,-0.010000000000000009,5.0,0.0,0.002,OK
1765985033.348943,btc-updown-15m-1765984500,1765984500.0,1765985400.0,,366.6510570049286,,,,,0,0,0.99,0.98,IDLE,,,,,,,,,,,,,,0,5,,,,,,,,,,,,,,,,,,,,CAP_FULL,,,,,,,,25.0,25.0,,,,,0,0,,,Inv: 25.0/25.0 CapLeft: 0.0,,,25.0,25.0,50.0,0.0,50.0,0.0,50.0,0.98,0.020000000000000018,-5.0,0.52,0.47,-0.010000000000000009,5.0,0.0,0.002,OK
1765985035.2811072,btc-updown-15m-1765984500,1765984500.0,1765985400.0,,364.7188928127289,,,,,0,0,0.99,0.98,IDLE,,,,,,,,,,,,,,0,5,,,,,,,,,,,,,,,,,,,,CAP_FULL,,,,,,,,25.0,25.0,,,,,0,0,,,Inv: 25.0/25.0 CapLeft: 0.0,,,25.0,25.0,50.0,0.0,50.0,0.0,50.0,0.98,0.020000000000000018,-5.0,0.52,0.47,-0.010000000000000009,5.0,0.0,0.002,OK
1765985037.260898,btc-updown-15m-1765984500,1765984500.0,1765985400.0,,362.73910188674927,,,,,0,0,0.99,0.98,IDLE,,,,,,,,,,,,,,0,5,,,,,,,,,,,,,,,,,,,,CAP_FULL,,,,,,,,25.0,25.0,,,,,0,0,,,Inv: 25.0/25.0 CapLeft: 0.0,,,25.0,25.0,50.0,0.0,50.0,0.0,50.0,0.98,0.020000000000000018,-5.0,0.52,0.47,-0.010000000000000009,5.0,0.0,0.002,OK
1765985039.19814,btc-updown-15m-1765984500,1765984500.0,1765985400.0,,360.80186009407043,,,,,0,0,0.99,0.98,IDLE,,,,,,,,,,,,,,0,5,,,,,,,,,,,,,,,,,,,,CAP_FULL,,,,,,,,25.0,25.0,,,,,0,0,,,Inv: 25.0/25.0 CapLeft: 0.0,,,25.0,25.0,50.0,0.0,50.0,0.0,50.0,0.98,0.020000000000000018,-5.0,0.52,0.47,-0.010000000000000009,5.0,0.0,0.002,OK
1765985041.1224065,btc-updown-15m-1765984500,1765984500.0,1765985400.0,,358.87759351730347,,,,,0,0,0.97,0.98,IDLE,,,,,,,,,,,,,,0,5,,,,,,,,,,,,,,,,,,,,CAP_FULL,,,,,,,,25.0,25.0,,,,,0,0,,,Inv: 25.0/25.0 CapLeft: 0.0,,,25.0,25.0,50.0,0.0,50.0,0.0,50.0,0.98,0.020000000000000018,-5.0,0.52,0.47,-0.010000000000000009,5.0,0.0,0.002,OK
1765985043.0756187,btc-updown-15m-1765984500,1765984500.0,1765985400.0,,356.9243812561035,,,,,0,0,0.98,0.98,IDLE,,,,,,,,,,,,,,0,5,,,,,,,,,,,,,,,,,,,,CAP_FULL,,,,,,,,25.0,25.0,,,,,0,0,,,Inv: 25.0/25.0 CapLeft: 0.0,,,25.0,25.0,50.0,0.0,50.0,0.0,50.0,0.98,0.020000000000000018,-5.0,0.52,0.47,-0.010000000000000009,5.0,0.0,0.002,OK
1765985045.0296588,btc-updown-15m-1765984500,1765984500.0,1765985400.0,,354.9703412055969,,,,,0,0,0.99,0.98,IDLE,,,,,,,,,,,,,,0,5,,,,,,,,,,,,,,,,,,,,CAP_FULL,,,,,,,,25.0,25.0,,,,,0,0,,,Inv: 25.0/25.0 CapLeft: 0.0,,,25.0,25.0,50.0,0.0,50.0,0.0,50.0,0.98,0.020000000000000018,-5.0,0.52,0.47,-0.010000000000000009,5.0,0.0,0.002,OK
1765985047.0175939,btc-updown-15m-1765984500,1765984500.0,1765985400.0,,352.9824061393738,,,,,0,0,0.9800000000000001,0.98,IDLE,,,,,,,,,,,,,,0,5,,,,,,,,,,,,,,,,,,,,CAP_FULL,,,,,,,,25.0,25.0,,,,,0,0,,,Inv: 25.0/25.0 CapLeft: 0.0,,,25.0,25.0,50.0,0.0,50.0,0.0,50.0,0.98,0.020000000000000018,-5.0,0.52,0.47,-0.010000000000000009,5.0,0.0,0.002,OK
1765985048.9887478,btc-updown-15m-1765984500,1765984500.0,1765985400.0,,351.0112521648407,,,,,0,0,0.97,0.98,IDLE,,,,,,,,,,,,,,0,5,,,,,,,,,,,,,,,,,,,,CAP_FULL,,,,,,,,25.0,25.0,,,,,0,0,,,Inv: 25.0/25.0 CapLeft: 0.0,,,25.0,25.0,50.0,0.0,50.0,0.0,50.0,0.98,0.020000000000000018,-5.0,0.52,0.47,-0.010000000000000009,5.0,0.0,0.002,OK
1765985050.9584022,btc-updown-15m-1765984500,1765984500.0,1765985400.0,,349.04159784317017,,,,,0,0,0.9800000000000001,0.98,IDLE,,,,,,,,,,,,,,0,5,,,,,,,,,,,,,,,,,,,,CAP_FULL,,,,,,,,25.0,25.0,,,,,0,0,,,Inv: 25.0/25.0 CapLeft: 0.0,,,25.0,25.0,50.0,0.0,50.0,0.0,50.0,0.98,0.020000000000000018,-5.0,0.52,0.47,-0.010000000000000009,5.0,0.0,0.002,OK
1765985052.8937163,btc-updown-15m-1765984500,1765984500.0,1765985400.0,,347.10628366470337,,,,,0,0,0.97,0.98,IDLE,,,,,,,,,,,,,,0,5,,,,,,,,,,,,,,,,,,,,CAP_FULL,,,,,,,,25.0,25.0,,,,,0,0,,,Inv: 25.0/25.0 CapLeft: 0.0,,,25.0,25.0,50.0,0.0,50.0,0.0,50.0,0.98,0.020000000000000018,-5.0,0.52,0.47,-0.010000000000000009,5.0,0.0,0.002,OK
1765985054.879291,btc-updown-15m-1765984500,1765984500.0,1765985400.0,,345.12070894241333,,,,,0,0,1.01,0.98,IDLE,,,,,,,,,,,,,,0,5,,,,,,,,,,,,,,,,,,,,CAP_FULL,,,,,,,,25.0,25.0,,,,,0,0,,,Inv: 25.0/25.0 CapLeft: 0.0,,,25.0,25.0,50.0,0.0,50.0,0.0,50.0,0.98,0.020000000000000018,-5.0,0.52,0.47,-0.010000000000000009,5.0,0.0,0.002,OK
1765985056.8187037,btc-updown-15m-1765984500,1765984500.0,1765985400.0,,343.1812963485718,,,,,0,0,0.98,0.98,IDLE,,,,,,,,,,,,,,0,5,,,,,,,,,,,,,,,,,,,,CAP_FULL,,,,,,,,25.0,25.0,,,,,0,0,,,Inv: 25.0/25.0 CapLeft: 0.0,,,25.0,25.0,50.0,0.0,50.0,0.0,50.0,0.98,0.020000000000000018,-5.0,0.52,0.47,-0.010000000000000009,5.0,0.0,0.002,OK
1765985058.8021996,btc-updown-15m-1765984500,1765984500.0,1765985400.0,,341.1978003978729,,,,,0,0,0.99,0.98,IDLE,,,,,,,,,,,,,,0,5,,,,,,,,,,,,,,,,,,,,CAP_FULL,,,,,,,,25.0,25.0,,,,,0,0,,,Inv: 25.0/25.0 CapLeft: 0.0,,,25.0,25.0,50.0,0.0,50.0,0.0,50.0,0.98,0.020000000000000018,-5.0,0.52,0.47,-0.010000000000000009,5.0,0.0,0.002,OK
1765985060.7372642,btc-updown-15m-1765984500,1765984500.0,1765985400.0,,339.26273584365845,,,,,0,0,1.0,0.98,IDLE,,,,,,,,,,,,,,0,5,,,,,,,,,,,,,,,,,,,,CAP_FULL,,,,,,,,25.0,25.0,,,,,0,0,,,Inv: 25.0/25.0 CapLeft: 0.0,,,25.0,25.0,50.0,0.0,50.0,0.0,50.0,0.98,0.020000000000000018,-5.0,0.52,0.47,-0.010000000000000009,5.0,0.0,0.002,OK
1765985062.7340975,btc-updown-15m-1765984500,1765984500.0,1765985400.0,,337.2659025192261,,,,,0,0,0.99,0.98,IDLE,,,,,,,,,,,,,,0,5,,,,,,,,,,,,,,,,,,,,CAP_FULL,,,,,,,,25.0,25.0,,,,,0,0,,,Inv: 25.0/25.0 CapLeft: 0.0,,,25.0,25.0,50.0,0.0,50.0,0.0,50.0,0.98,0.020000000000000018,-5.0,0.52,0.47,-0.010000000000000009,5.0,0.0,0.002,OK
1765985064.6993644,btc-updown-15m-1765984500,1765984500.0,1765985400.0,,335.30063557624817,,,,,0,0,0.99,0.98,IDLE,,,,,,,,,,,,,,0,5,,,,,,,,,,,,,,,,,,,,CAP_FULL,,,,,,,,25.0,25.0,,,,,0,0,,,Inv: 25.0/25.0 CapLeft: 0.0,,,25.0,25.0,50.0,0.0,50.0,0.0,50.0,0.98,0.020000000000000018,-5.0,0.52,0.47,-0.010000000000000009,5.0,0.0,0.002,OK
1765985066.6578474,btc-updown-15m-1765984500,1765984500.0,1765985400.0,,333.34215259552,,,,,0,0,0.99,0.98,IDLE,,,,,,,,,,,,,,0,5,,,,,,,,,,,,,,,,,,,,CAP_FULL,,,,,,,,25.0,25.0,,,,,0,0,,,Inv: 25.0/25.0 CapLeft: 0.0,,,25.0,25.0,50.0,0.0,50.0,0.0,50.0,0.98,0.020000000000000018,-5.0,0.52,0.47,-0.010000000000000009,5.0,0.0,0.002,OK
1765985068.5904994,btc-updown-15m-1765984500,1765984500.0,1765985400.0,,331.40950059890747,,,,,0,0,0.99,0.98,IDLE,,,,,,,,,,,,,,0,5,,,,,,,,,,,,,,,,,,,,CAP_FULL,,,,,,,,25.0,25.0,,,,,0,0,,,Inv: 25.0/25.0 CapLeft: 0.0,,,25.0,25.0,50.0,0.0,50.0,0.0,50.0,0.98,0.020000000000000018,-5.0,0.52,0.47,-0.010000000000000009,5.0,0.0,0.002,OK
1765985070.5689154,btc-updown-15m-1765984500,1765984500.0,1765985400.0,,329.43108463287354,,,,,0,0,0.99,0.98,IDLE,,,,,,,,,,,,,,0,5,,,,,,,,,,,,,,,,,,,,CAP_FULL,,,,,,,,25.0,25.0,,,,,0,0,,,Inv: 25.0/25.0 CapLeft: 0.0,,,25.0,25.0,50.0,0.0,50.0,0.0,50.0,0.98,0.020000000000000018,-5.0,0.52,0.47,-0.010000000000000009,5.0,0.0,0.002,OK
1765985072.5113828,btc-updown-15m-1765984500,1765984500.0,1765985400.0,,327.48861718177795,,,,,0,0,0.98,0.98,IDLE,,,,,,,,,,,,,,0,5,,,,,,,,,,,,,,,,,,,,CAP_FULL,,,,,,,,25.0,25.0,,,,,0,0,,,Inv: 25.0/25.0 CapLeft: 0.0,,,25.0,25.0,50.0,0.0,50.0,0.0,50.0,0.98,0.020000000000000018,-5.0,0.52,0.47,-0.010000000000000009,5.0,0.0,0.002,OK
1765985074.454477,btc-updown-15m-1765984500,1765984500.0,1765985400.0,,325.5455229282379,,,,,0,0,0.98,0.98,IDLE,,,,,,,,,,,,,,0,5,,,,,,,,,,,,,,,,,,,,CAP_FULL,,,,,,,,25.0,25.0,,,,,0,0,,,Inv: 25.0/25.0 CapLeft: 0.0,,,25.0,25.0,50.0,0.0,50.0,0.0,50.0,0.98,0.020000000000000018,-5.0,0.52,0.47,-0.010000000000000009,5.0,0.0,0.002,OK
1765985076.4002585,btc-updown-15m-1765984500,1765984500.0,1765985400.0,,323.5997414588928,,,,,0,0,0.98,0.98,IDLE,,,,,,,,,,,,,,0,5,,,,,,,,,,,,,,,,,,,,CAP_FULL,,,,,,,,25.0,25.0,,,,,0,0,,,Inv: 25.0/25.0 CapLeft: 0.0,,,25.0,25.0,50.0,0.0,50.0,0.0,50.0,0.98,0.020000000000000018,-5.0,0.52,0.47,-0.010000000000000009,5.0,0.0,0.002,OK
1765985078.3319366,btc-updown-15m-1765984500,1765984500.0,1765985400.0,,321.6680634021759,,,,,0,0,0.99,0.98,IDLE,,,,,,,,,,,,,,0,5,,,,,,,,,,,,,,,,,,,,CAP_FULL,,,,,,,,25.0,25.0,,,,,0,0,,,Inv: 25.0/25.0 CapLeft: 0.0,,,25.0,25.0,50.0,0.0,50.0,0.0,50.0,0.98,0.020000000000000018,-5.0,0.52,0.47,-0.010000000000000009,5.0,0.0,0.002,OK
1765985080.256258,btc-updown-15m-1765984500,1765984500.0,1765985400.0,,319.74374198913574,,,,,0,0,0.99,0.98,IDLE,,,,,,,,,,,,,,0,5,,,,,,,,,,,,,,,,,,,,CAP_FULL,,,,,,,,25.0,25.0,,,,,0,0,,,Inv: 25.0/25.0 CapLeft: 0.0,,,25.0,25.0,50.0,0.0,50.0,0.0,50.0,0.98,0.020000000000000018,-5.0,0.52,0.47,-0.010000000000000009,5.0,0.0,0.002,OK
1765985082.2251234,btc-updown-15m-1765984500,1765984500.0,1765985400.0,,317.77487659454346,,,,,0,0,0.99,0.98,IDLE,,,,,,,,,,,,,,0,5,,,,,,,,,,,,,,,,,,,,CAP_FULL,,,,,,,,25.0,25.0,,,,,0,0,,,Inv: 25.0/25.0 CapLeft: 0.0,,,25.0,25.0,50.0,0.0,50.0,0.0,50.0,0.98,0.020000000000000018,-5.0,0.52,0.47,-0.010000000000000009,5.0,0.0,0.002,OK
1765985084.1537578,btc-updown-15m-1765984500,1765984500.0,1765985400.0,,315.84624218940735,,,,,0,0,0.99,0.98,IDLE,,,,,,,,,,,,,,0,5,,,,,,,,,,,,,,,,,,,,CAP_FULL,,,,,,,,25.0,25.0,,,,,0,0,,,Inv: 25.0/25.0 CapLeft: 0.0,,,25.0,25.0,50.0,0.0,50.0,0.0,50.0,0.98,0.020000000000000018,-5.0,0.52,0.47,-0.010000000000000009,5.0,0.0,0.002,OK
1765985086.0947428,btc-updown-15m-1765984500,1765984500.0,1765985400.0,,313.9052572250366,,,,,0,0,0.99,0.98,IDLE,,,,,,,,,,,,,,0,5,,,,,,,,,,,,,,,,,,,,CAP_FULL,,,,,,,,25.0,25.0,,,,,0,0,,,Inv: 25.0/25.0 CapLeft: 0.0,,,25.0,25.0,50.0,0.0,50.0,0.0,50.0,0.98,0.020000000000000018,-5.0,0.52,0.47,-0.010000000000000009,5.0,0.0,0.002,OK
1765985088.0432374,btc-updown-15m-1765984500,1765984500.0,1765985400.0,,311.95676255226135,,,,,0,0,1.0,0.98,IDLE,,,,,,,,,,,,,,0,5,,,,,,,,,,,,,,,,,,,,CAP_FULL,,,,,,,,25.0,25.0,,,,,0,0,,,Inv: 25.0/25.0 CapLeft: 0.0,,,25.0,25.0,50.0,0.0,50.0,0.0,50.0,0.98,0.020000000000000018,-5.0,0.52,0.47,-0.010000000000000009,5.0,0.0,0.002,OK
1765985089.978029,btc-updown-15m-1765984500,1765984500.0,1765985400.0,,310.02197098731995,,,,,0,0,1.0,0.98,IDLE,,,,,,,,,,,,,,0,5,,,,,,,,,,,,,,,,,,,,CAP_FULL,,,,,,,,25.0,25.0,,,,,0,0,,,Inv: 25.0/25.0 CapLeft: 0.0,,,25.0,25.0,50.0,0.0,50.0,0.0,50.0,0.98,0.020000000000000018,-5.0,0.52,0.47,-0.010000000000000009,5.0,0.0,0.002,OK
1765985091.9748478,btc-updown-15m-1765984500,1765984500.0,1765985400.0,,308.0251522064209,,,,,0,0,0.99,0.98,IDLE,,,,,,,,,,,,,,0,5,,,,,,,,,,,,,,,,,,,,CAP_FULL,,,,,,,,25.0,25.0,,,,,0,0,,,Inv: 25.0/25.0 CapLeft: 0.0,,,25.0,25.0,50.0,0.0,50.0,0.0,50.0,0.98,0.020000000000000018,-5.0,0.52,0.47,-0.010000000000000009,5.0,0.0,0.002,OK
1765985093.9642355,btc-updown-15m-1765984500,1765984500.0,1765985400.0,,306.0357644557953,,,,,0,0,0.99,0.98,IDLE,,,,,,,,,,,,,,0,5,,,,,,,,,,,,,,,,,,,,CAP_FULL,,,,,,,,25.0,25.0,,,,,0,0,,,Inv: 25.0/25.0 CapLeft: 0.0,,,25.0,25.0,50.0,0.0,50.0,0.0,50.0,0.98,0.020000000000000018,-5.0,0.52,0.47,-0.010000000000000009,5.0,0.0,0.002,OK
1765985095.9397929,btc-updown-15m-1765984500,1765984500.0,1765985400.0,,304.0602071285248,,,,,0,0,0.99,0.98,IDLE,,,,,,,,,,,,,,0,5,,,,,,,,,,,,,,,,,,,,CAP_FULL,,,,,,,,25.0,25.0,,,,,0,0,,,Inv: 25.0/25.0 CapLeft: 0.0,,,25.0,25.0,50.0,0.0,50.0,0.0,50.0,0.98,0.020000000000000018,-5.0,0.52,0.47,-0.010000000000000009,5.0,0.0,0.002,OK
1765985097.8700516,btc-updown-15m-1765984500,1765984500.0,1765985400.0,,302.12994837760925,,,,,0,0,0.99,0.98,IDLE,,,,,,,,,,,,,,0,5,,,,,,,,,,,,,,,,,,,,CAP_FULL,,,,,,,,25.0,25.0,,,,,0,0,,,Inv: 25.0/25.0 CapLeft: 0.0,,,25.0,25.0,50.0,0.0,50.0,0.0,50.0,0.98,0.020000000000000018,-5.0,0.52,0.47,-0.010000000000000009,5.0,0.0,0.002,OK
1765985099.8361044,btc-updown-15m-1765984500,1765984500.0,1765985400.0,,300.16389560699463,,,,,0,0,0.99,0.98,IDLE,,,,,,,,,,,,,,0,5,,,,,,,,,,,,,,,,,,,,CAP_FULL,,,,,,,,25.0,25.0,,,,,0,0,,,Inv: 25.0/25.0 CapLeft: 0.0,,,25.0,25.0,50.0,0.0,50.0,0.0,50.0,0.98,0.020000000000000018,-5.0,0.52,0.47,-0.010000000000000009,5.0,0.0,0.002,OK
1765985101.7871752,btc-updown-15m-1765984500,1765984500.0,1765985400.0,,298.21282482147217,,,,,0,0,0.99,0.98,IDLE,,,,,,,,,,,,,,0,5,,,,,,,,,,,,,,,,,,,,CAP_FULL,,,,,,,,25.0,25.0,,,,,0,0,,,Inv: 25.0/25.0 CapLeft: 0.0,,,25.0,25.0,50.0,0.0,50.0,0.0,50.0,0.98,0.020000000000000018,-5.0,0.52,0.47,-0.010000000000000009,5.0,0.0,0.002,OK
1765985103.7306306,btc-updown-15m-1765984500,1765984500.0,1765985400.0,,296.2693693637848,,,,,0,0,0.99,0.98,IDLE,,,,,,,,,,,,,,0,5,,,,,,,,,,,,,,,,,,,,CAP_FULL,,,,,,,,25.0,25.0,,,,,0,0,,,Inv: 25.0/25.0 CapLeft: 0.0,,,25.0,25.0,50.0,0.0,50.0,0.0,50.0,0.98,0.020000000000000018,-5.0,0.52,0.47,-0.010000000000000009,5.0,0.0,0.002,OK
1765985105.6647098,btc-updown-15m-1765984500,1765984500.0,1765985400.0,,294.33529019355774,,,,,0,0,0.98,0.98,IDLE,,,,,,,,,,,,,,0,5,,,,,,,,,,,,,,,,,,,,CAP_FULL,,,,,,,,25.0,25.0,,,,,0,0,,,Inv: 25.0/25.0 CapLeft: 0.0,,,25.0,25.0,50.0,0.0,50.0,0.0,50.0,0.98,0.020000000000000018,-5.0,0.52,0.47,-0.010000000000000009,5.0,0.0,0.002,OK
1765985107.6173315,btc-updown-15m-1765984500,1765984500.0,1765985400.0,,292.3826684951782,,,,,0,0,0.99,0.98,IDLE,,,,,,,,,,,,,,0,5,,,,,,,,,,,,,,,,,,,,CAP_FULL,,,,,,,,25.0,25.0,,,,,0,0,,,Inv: 25.0/25.0 CapLeft: 0.0,,,25.0,25.0,50.0,0.0,50.0,0.0,50.0,0.98,0.020000000000000018,-5.0,0.52,0.47,-0.010000000000000009,5.0,0.0,0.002,OK
1765985109.5458012,btc-updown-15m-1765984500,1765984500.0,1765985400.0,,290.4541988372803,,,,,0,0,0.99,0.98,IDLE,,,,,,,,,,,,,,0,5,,,,,,,,,,,,,,,,,,,,CAP_FULL,,,,,,,,25.0,25.0,,,,,0,0,,,Inv: 25.0/25.0 CapLeft: 0.0,,,25.0,25.0,50.0,0.0,50.0,0.0,50.0,0.98,0.020000000000000018,-5.0,0.52,0.47,-0.010000000000000009,5.0,0.0,0.002,OK
1765985111.5173337,btc-updown-15m-1765984500,1765984500.0,1765985400.0,,288.4826662540436,,,,,0,0,0.99,0.98,IDLE,,,,,,,,,,,,,,0,5,,,,,,,,,,,,,,,,,,,,CAP_FULL,,,,,,,,25.0,25.0,,,,,0,0,,,Inv: 25.0/25.0 CapLeft: 0.0,,,25.0,25.0,50.0,0.0,50.0,0.0,50.0,0.98,0.020000000000000018,-5.0,0.52,0.47,-0.010000000000000009,5.0,0.0,0.002,OK
1765985113.4450996,btc-updown-15m-1765984500,1765984500.0,1765985400.0,,286.55490040779114,,,,,0,0,0.99,0.98,IDLE,,,,,,,,,,,,,,0,5,,,,,,,,,,,,,,,,,,,,CAP_FULL,,,,,,,,25.0,25.0,,,,,0,0,,,Inv: 25.0/25.0 CapLeft: 0.0,,,25.0,25.0,50.0,0.0,50.0,0.0,50.0,0.98,0.020000000000000018,-5.0,0.52,0.47,-0.010000000000000009,5.0,0.0,0.002,OK
1765985115.3911731,btc-updown-15m-1765984500,1765984500.0,1765985400.0,,284.60882687568665,,,,,0,0,0.99,0.98,IDLE,,,,,,,,,,,,,,0,5,,,,,,,,,,,,,,,,,,,,CAP_FULL,,,,,,,,25.0,25.0,,,,,0,0,,,Inv: 25.0/25.0 CapLeft: 0.0,,,25.0,25.0,50.0,0.0,50.0,0.0,50.0,0.98,0.020000000000000018,-5.0,0.52,0.47,-0.010000000000000009,5.0,0.0,0.002,OK
1765985117.3381107,btc-updown-15m-1765984500,1765984500.0,1765985400.0,,282.6618893146515,,,,,0,0,0.99,0.98,IDLE,,,,,,,,,,,,,,0,5,,,,,,,,,,,,,,,,,,,,CAP_FULL,,,,,,,,25.0,25.0,,,,,0,0,,,Inv: 25.0/25.0 CapLeft: 0.0,,,25.0,25.0,50.0,0.0,50.0,0.0,50.0,0.98,0.020000000000000018,-5.0,0.52,0.47,-0.010000000000000009,5.0,0.0,0.002,OK
1765985119.340189,btc-updown-15m-1765984500,1765984500.0,1765985400.0,,280.65981101989746,,,,,0,0,0.99,0.98,IDLE,,,,,,,,,,,,,,0,5,,,,,,,,,,,,,,,,,,,,CAP_FULL,,,,,,,,25.0,25.0,,,,,0,0,,,Inv: 25.0/25.0 CapLeft: 0.0,,,25.0,25.0,50.0,0.0,50.0,0.0,50.0,0.98,0.020000000000000018,-5.0,0.52,0.47,-0.010000000000000009,5.0,0.0,0.002,OK
1765985121.344154,btc-updown-15m-1765984500,1765984500.0,1765985400.0,,278.655846118927,,,,,0,0,0.99,0.98,IDLE,,,,,,,,,,,,,,0,5,,,,,,,,,,,,,,,,,,,,CAP_FULL,,,,,,,,25.0,25.0,,,,,0,0,,,Inv: 25.0/25.0 CapLeft: 0.0,,,25.0,25.0,50.0,0.0,50.0,0.0,50.0,0.98,0.020000000000000018,-5.0,0.52,0.47,-0.010000000000000009,5.0,0.0,0.002,OK
1765985123.31866,btc-updown-15m-1765984500,1765984500.0,1765985400.0,,276.68133997917175,,,,,0,0,0.99,0.98,IDLE,,,,,,,,,,,,,,0,5,,,,,,,,,,,,,,,,,,,,CAP_FULL,,,,,,,,25.0,25.0,,,,,0,0,,,Inv: 25.0/25.0 CapLeft: 0.0,,,25.0,25.0,50.0,0.0,50.0,0.0,50.0,0.98,0.020000000000000018,-5.0,0.52,0.47,-0.010000000000000009,5.0,0.0,0.002,OK
1765985125.253223,btc-updown-15m-1765984500,1765984500.0,1765985400.0,,274.7467770576477,,,,,0,0,0.99,0.98,IDLE,,,,,,,,,,,,,,0,5,,,,,,,,,,,,,,,,,,,,CAP_FULL,,,,,,,,25.0,25.0,,,,,0,0,,,Inv: 25.0/25.0 CapLeft: 0.0,,,25.0,25.0,50.0,0.0,50.0,0.0,50.0,0.98,0.020000000000000018,-5.0,0.52,0.47,-0.010000000000000009,5.0,0.0,0.002,OK
1765985127.211712,btc-updown-15m-1765984500,1765984500.0,1765985400.0,,272.7882881164551,,,,,0,0,0.98,0.98,IDLE,,,,,,,,,,,,,,0,5,,,,,,,,,,,,,,,,,,,,CAP_FULL,,,,,,,,25.0,25.0,,,,,0,0,,,Inv: 25.0/25.0 CapLeft: 0.0,,,25.0,25.0,50.0,0.0,50.0,0.0,50.0,0.98,0.020000000000000018,-5.0,0.52,0.47,-0.010000000000000009,5.0,0.0,0.002,OK
1765985129.1332335,btc-updown-15m-1765984500,1765984500.0,1765985400.0,,270.8667664527893,,,,,0,0,0.99,0.98,IDLE,,,,,,,,,,,,,,0,5,,,,,,,,,,,,,,,,,,,,CAP_FULL,,,,,,,,25.0,25.0,,,,,0,0,,,Inv: 25.0/25.0 CapLeft: 0.0,,,25.0,25.0,50.0,0.0,50.0,0.0,50.0,0.98,0.020000000000000018,-5.0,0.52,0.47,-0.010000000000000009,5.0,0.0,0.002,OK
1765985131.0919466,btc-updown-15m-1765984500,1765984500.0,1765985400.0,,268.9080533981323,,,,,0,0,0.99,0.98,IDLE,,,,,,,,,,,,,,0,5,,,,,,,,,,,,,,,,,,,,CAP_FULL,,,,,,,,25.0,25.0,,,,,0,0,,,Inv: 25.0/25.0 CapLeft: 0.0,,,25.0,25.0,50.0,0.0,50.0,0.0,50.0,0.98,0.020000000000000018,-5.0,0.52,0.47,-0.010000000000000009,5.0,0.0,0.002,OK
1765985133.0276096,btc-updown-15m-1765984500,1765984500.0,1765985400.0,,266.9723904132843,,,,,0,0,0.99,0.98,IDLE,,,,,,,,,,,,,,0,5,,,,,,,,,,,,,,,,,,,,CAP_FULL,,,,,,,,25.0,25.0,,,,,0,0,,,Inv: 25.0/25.0 CapLeft: 0.0,,,25.0,25.0,50.0,0.0,50.0,0.0,50.0,0.98,0.020000000000000018,-5.0,0.52,0.47,-0.010000000000000009,5.0,0.0,0.002,OK
1765985134.9875154,btc-updown-15m-1765984500,1765984500.0,1765985400.0,,265.0124845504761,,,,,0,0,0.99,0.98,IDLE,,,,,,,,,,,,,,0,5,,,,,,,,,,,,,,,,,,,,CAP_FULL,,,,,,,,25.0,25.0,,,,,0,0,,,Inv: 25.0/25.0 CapLeft: 0.0,,,25.0,25.0,50.0,0.0,50.0,0.0,50.0,0.98,0.020000000000000018,-5.0,0.52,0.47,-0.010000000000000009,5.0,0.0,0.002,OK
1765985136.9333348,btc-updown-15m-1765984500,1765984500.0,1765985400.0,,263.0666651725769,,,,,0,0,0.99,0.98,IDLE,,,,,,,,,,,,,,0,5,,,,,,,,,,,,,,,,,,,,CAP_FULL,,,,,,,,25.0,25.0,,,,,0,0,,,Inv: 25.0/25.0 CapLeft: 0.0,,,25.0,25.0,50.0,0.0,50.0,0.0,50.0,0.98,0.020000000000000018,-5.0,0.52,0.47,-0.010000000000000009,5.0,0.0,0.002,OK
1765985138.8617718,btc-updown-15m-1765984500,1765984500.0,1765985400.0,,261.1382281780243,,,,,0,0,0.98,0.98,IDLE,,,,,,,,,,,,,,0,5,,,,,,,,,,,,,,,,,,,,CAP_FULL,,,,,,,,25.0,25.0,,,,,0,0,,,Inv: 25.0/25.0 CapLeft: 0.0,,,25.0,25.0,50.0,0.0,50.0,0.0,50.0,0.98,0.020000000000000018,-5.0,0.52,0.47,-0.010000000000000009,5.0,0.0,0.002,OK
1765985140.8161788,btc-updown-15m-1765984500,1765984500.0,1765985400.0,,259.18382120132446,,,,,0,0,0.99,0.98,IDLE,,,,,,,,,,,,,,0,5,,,,,,,,,,,,,,,,,,,,CAP_FULL,,,,,,,,25.0,25.0,,,,,0,0,,,Inv: 25.0/25.0 CapLeft: 0.0,,,25.0,25.0,50.0,0.0,50.0,0.0,50.0,0.98,0.020000000000000018,-5.0,0.52,0.47,-0.010000000000000009,5.0,0.0,0.002,OK
1765985142.7393706,btc-updown-15m-1765984500,1765984500.0,1765985400.0,,257.2606294155121,,,,,0,0,0.98,0.98,IDLE,,,,,,,,,,,,,,0,5,,,,,,,,,,,,,,,,,,,,CAP_FULL,,,,,,,,25.0,25.0,,,,,0,0,,,Inv: 25.0/25.0 CapLeft: 0.0,,,25.0,25.0,50.0,0.0,50.0,0.0,50.0,0.98,0.020000000000000018,-5.0,0.52,0.47,-0.010000000000000009,5.0,0.0,0.002,OK
1765985144.690246,btc-updown-15m-1765984500,1765984500.0,1765985400.0,,255.3097538948059,,,,,0,0,0.99,0.98,IDLE,,,,,,,,,,,,,,0,5,,,,,,,,,,,,,,,,,,,,CAP_FULL,,,,,,,,25.0,25.0,,,,,0,0,,,Inv: 25.0/25.0 CapLeft: 0.0,,,25.0,25.0,50.0,0.0,50.0,0.0,50.0,0.98,0.020000000000000018,-5.0,0.52,0.47,-0.010000000000000009,5.0,0.0,0.002,OK
1765985146.667174,btc-updown-15m-1765984500,1765984500.0,1765985400.0,,253.33282589912415,,,,,0,0,0.99,0.98,IDLE,,,,,,,,,,,,,,0,5,,,,,,,,,,,,,,,,,,,,CAP_FULL,,,,,,,,25.0,25.0,,,,,0,0,,,Inv: 25.0/25.0 CapLeft: 0.0,,,25.0,25.0,50.0,0.0,50.0,0.0,50.0,0.98,0.020000000000000018,-5.0,0.52,0.47,-0.010000000000000009,5.0,0.0,0.002,OK
1765985148.6163492,btc-updown-15m-1765984500,1765984500.0,1765985400.0,,251.38365077972412,,,,,0,0,0.99,0.98,IDLE,,,,,,,,,,,,,,0,5,,,,,,,,,,,,,,,,,,,,CAP_FULL,,,,,,,,25.0,25.0,,,,,0,0,,,Inv: 25.0/25.0 CapLeft: 0.0,,,25.0,25.0,50.0,0.0,50.0,0.0,50.0,0.98,0.020000000000000018,-5.0,0.52,0.47,-0.010000000000000009,5.0,0.0,0.002,OK
1765985150.5673068,btc-updown-15m-1765984500,1765984500.0,1765985400.0,,249.43269324302673,,,,,0,0,0.99,0.98,IDLE,,,,,,,,,,,,,,0,5,,,,,,,,,,,,,,,,,,,,CAP_FULL,,,,,,,,25.0,25.0,,,,,0,0,,,Inv: 25.0/25.0 CapLeft: 0.0,,,25.0,25.0,50.0,0.0,50.0,0.0,50.0,0.98,0.020000000000000018,-5.0,0.52,0.47,-0.010000000000000009,5.0,0.0,0.002,OK
1765985152.4952347,btc-updown-15m-1765984500,1765984500.0,1765985400.0,,247.5047652721405,,,,,0,0,0.99,0.98,IDLE,,,,,,,,,,,,,,0,5,,,,,,,,,,,,,,,,,,,,CAP_FULL,,,,,,,,25.0,25.0,,,,,0,0,,,Inv: 25.0/25.0 CapLeft: 0.0,,,25.0,25.0,50.0,0.0,50.0,0.0,50.0,0.98,0.020000000000000018,-5.0,0.52,0.47,-0.010000000000000009,5.0,0.0,0.002,OK
1765985154.4889953,btc-updown-15m-1765984500,1765984500.0,1765985400.0,,245.5110046863556,,,,,0,0,0.99,0.98,IDLE,,,,,,,,,,,,,,0,5,,,,,,,,,,,,,,,,,,,,CAP_FULL,,,,,,,,25.0,25.0,,,,,0,0,,,Inv: 25.0/25.0 CapLeft: 0.0,,,25.0,25.0,50.0,0.0,50.0,0.0,50.0,0.98,0.020000000000000018,-5.0,0.52,0.47,-0.010000000000000009,5.0,0.0,0.002,OK
1765985156.450349,btc-updown-15m-1765984500,1765984500.0,1765985400.0,,243.54965090751648,,,,,0,0,0.99,0.98,IDLE,,,,,,,,,,,,,,0,5,,,,,,,,,,,,,,,,,,,,CAP_FULL,,,,,,,,25.0,25.0,,,,,0,0,,,Inv: 25.0/25.0 CapLeft: 0.0,,,25.0,25.0,50.0,0.0,50.0,0.0,50.0,0.98,0.020000000000000018,-5.0,0.52,0.47,-0.010000000000000009,5.0,0.0,0.002,OK
1765985158.4905078,btc-updown-15m-1765984500,1765984500.0,1765985400.0,,241.50949215888977,,,,,0,0,0.99,0.98,IDLE,,,,,,,,,,,,,,0,5,,,,,,,,,,,,,,,,,,,,CAP_FULL,,,,,,,,25.0,25.0,,,,,0,0,,,Inv: 25.0/25.0 CapLeft: 0.0,,,25.0,25.0,50.0,0.0,50.0,0.0,50.0,0.98,0.020000000000000018,-5.0,0.52,0.47,-0.010000000000000009,5.0,0.0,0.002,OK
1765985160.438706,btc-updown-15m-1765984500,1765984500.0,1765985400.0,,239.5612940788269,,,,,0,0,0.99,0.98,IDLE,,,,,,,,,,,,,,0,5,,,,,,,,,,,,,,,,,,,,CAP_FULL,,,,,,,,25.0,25.0,,,,,0,0,,,Inv: 25.0/25.0 CapLeft: 0.0,,,25.0,25.0,50.0,0.0,50.0,0.0,50.0,0.98,0.020000000000000018,-5.0,0.52,0.47,-0.010000000000000009,5.0,0.0,0.002,OK
1765985162.3748212,btc-updown-15m-1765984500,1765984500.0,1765985400.0,,237.62517881393433,,,,,0,0,0.99,0.98,IDLE,,,,,,,,,,,,,,0,5,,,,,,,,,,,,,,,,,,,,CAP_FULL,,,,,,,,25.0,25.0,,,,,0,0,,,Inv: 25.0/25.0 CapLeft: 0.0,,,25.0,25.0,50.0,0.0,50.0,0.0,50.0,0.98,0.020000000000000018,-5.0,0.52,0.47,-0.010000000000000009,5.0,0.0,0.002,OK
1765985164.3148775,btc-updown-15m-1765984500,1765984500.0,1765985400.0,,235.6851224899292,,,,,0,0,0.99,0.98,IDLE,,,,,,,,,,,,,,0,5,,,,,,,,,,,,,,,,,,,,CAP_FULL,,,,,,,,25.0,25.0,,,,,0,0,,,Inv: 25.0/25.0 CapLeft: 0.0,,,25.0,25.0,50.0,0.0,50.0,0.0,50.0,0.98,0.020000000000000018,-5.0,0.52,0.47,-0.010000000000000009,5.0,0.0,0.002,OK
1765985166.2482026,btc-updown-15m-1765984500,1765984500.0,1765985400.0,,233.75179743766785,,,,,0,0,0.99,0.98,IDLE,,,,,,,,,,,,,,0,5,,,,,,,,,,,,,,,,,,,,CAP_FULL,,,,,,,,25.0,25.0,,,,,0,0,,,Inv: 25.0/25.0 CapLeft: 0.0,,,25.0,25.0,50.0,0.0,50.0,0.0,50.0,0.98,0.020000000000000018,-5.0,0.52,0.47,-0.010000000000000009,5.0,0.0,0.002,OK
1765985168.208772,btc-updown-15m-1765984500,1765984500.0,1765985400.0,,231.79122805595398,,,,,0,0,0.99,0.98,IDLE,,,,,,,,,,,,,,0,5,,,,,,,,,,,,,,,,,,,,CAP_FULL,,,,,,,,25.0,25.0,,,,,0,0,,,Inv: 25.0/25.0 CapLeft: 0.0,,,25.0,25.0,50.0,0.0,50.0,0.0,50.0,0.98,0.020000000000000018,-5.0,0.52,0.47,-0.010000000000000009,5.0,0.0,0.002,OK
1765985170.1897357,btc-updown-15m-1765984500,1765984500.0,1765985400.0,,229.81026434898376,,,,,0,0,0.99,0.98,IDLE,,,,,,,,,,,,,,0,5,,,,,,,,,,,,,,,,,,,,CAP_FULL,,,,,,,,25.0,25.0,,,,,0,0,,,Inv: 25.0/25.0 CapLeft: 0.0,,,25.0,25.0,50.0,0.0,50.0,0.0,50.0,0.98,0.020000000000000018,-5.0,0.52,0.47,-0.010000000000000009,5.0,0.0,0.002,OK
1765985172.2163973,btc-updown-15m-1765984500,1765984500.0,1765985400.0,,227.78360271453857,,,,,0,0,0.99,0.98,IDLE,,,,,,,,,,,,,,0,5,,,,,,,,,,,,,,,,,,,,CAP_FULL,,,,,,,,25.0,25.0,,,,,0,0,,,Inv: 25.0/25.0 CapLeft: 0.0,,,25.0,25.0,50.0,0.0,50.0,0.0,50.0,0.98,0.020000000000000018,-5.0,0.52,0.47,-0.010000000000000009,5.0,0.0,0.002,OK
1765985174.1745293,btc-updown-15m-1765984500,1765984500.0,1765985400.0,,225.82547068595886,,,,,0,0,0.99,0.98,IDLE,,,,,,,,,,,,,,0,5,,,,,,,,,,,,,,,,,,,,CAP_FULL,,,,,,,,25.0,25.0,,,,,0,0,,,Inv: 25.0/25.0 CapLeft: 0.0,,,25.0,25.0,50.0,0.0,50.0,0.0,50.0,0.98,0.020000000000000018,-5.0,0.52,0.47,-0.010000000000000009,5.0,0.0,0.002,OK
1765985176.118395,btc-updown-15m-1765984500,1765984500.0,1765985400.0,,223.88160490989685,,,,,0,0,0.99,0.98,IDLE,,,,,,,,,,,,,,0,5,,,,,,,,,,,,,,,,,,,,CAP_FULL,,,,,,,,25.0,25.0,,,,,0,0,,,Inv: 25.0/25.0 CapLeft: 0.0,,,25.0,25.0,50.0,0.0,50.0,0.0,50.0,0.98,0.020000000000000018,-5.0,0.52,0.47,-0.010000000000000009,5.0,0.0,0.002,OK
1765985178.1066315,btc-updown-15m-1765984500,1765984500.0,1765985400.0,,221.89336848258972,,,,,0,0,1.0,0.98,IDLE,,,,,,,,,,,,,,0,5,,,,,,,,,,,,,,,,,,,,CAP_FULL,,,,,,,,25.0,25.0,,,,,0,0,,,Inv: 25.0/25.0 CapLeft: 0.0,,,25.0,25.0,50.0,0.0,50.0,0.0,50.0,0.98,0.020000000000000018,-5.0,0.52,0.47,-0.010000000000000009,5.0,0.0,0.002,OK
1765985180.114253,btc-updown-15m-1765984500,1765984500.0,1765985400.0,,219.88574695587158,,,,,0,0,0.99,0.98,IDLE,,,,,,,,,,,,,,0,5,,,,,,,,,,,,,,,,,,,,CAP_FULL,,,,,,,,25.0,25.0,,,,,0,0,,,Inv: 25.0/25.0 CapLeft: 0.0,,,25.0,25.0,50.0,0.0,50.0,0.0,50.0,0.98,0.020000000000000018,-5.0,0.52,0.47,-0.010000000000000009,5.0,0.0,0.002,OK
1765985182.0736465,btc-updown-15m-1765984500,1765984500.0,1765985400.0,,217.92635345458984,,,,,0,0,0.99,0.98,IDLE,,,,,,,,,,,,,,0,5,,,,,,,,,,,,,,,,,,,,CAP_FULL,,,,,,,,25.0,25.0,,,,,0,0,,,Inv: 25.0/25.0 CapLeft: 0.0,,,25.0,25.0,50.0,0.0,50.0,0.0,50.0,0.98,0.020000000000000018,-5.0,0.52,0.47,-0.010000000000000009,5.0,0.0,0.002,OK
1765985184.035626,btc-updown-15m-1765984500,1765984500.0,1765985400.0,,215.96437406539917,,,,,0,0,0.99,0.98,IDLE,,,,,,,,,,,,,,0,5,,,,,,,,,,,,,,,,,,,,CAP_FULL,,,,,,,,25.0,25.0,,,,,0,0,,,Inv: 25.0/25.0 CapLeft: 0.0,,,25.0,25.0,50.0,0.0,50.0,0.0,50.0,0.98,0.020000000000000018,-5.0,0.52,0.47,-0.010000000000000009,5.0,0.0,0.002,OK
1765985185.9846075,btc-updown-15m-1765984500,1765984500.0,1765985400.0,,214.01539254188538,,,,,0,0,0.99,0.98,IDLE,,,,,,,,,,,,,,0,5,,,,,,,,,,,,,,,,,,,,CAP_FULL,,,,,,,,25.0,25.0,,,,,0,0,,,Inv: 25.0/25.0 CapLeft: 0.0,,,25.0,25.0,50.0,0.0,50.0,0.0,50.0,0.98,0.020000000000000018,-5.0,0.52,0.47,-0.010000000000000009,5.0,0.0,0.002,OK
1765985187.9204586,btc-updown-15m-1765984500,1765984500.0,1765985400.0,,212.07954144477844,,,,,0,0,0.99,0.98,IDLE,,,,,,,,,,,,,,0,5,,,,,,,,,,,,,,,,,,,,CAP_FULL,,,,,,,,25.0,25.0,,,,,0,0,,,Inv: 25.0/25.0 CapLeft: 0.0,,,25.0,25.0,50.0,0.0,50.0,0.0,50.0,0.98,0.020000000000000018,-5.0,0.52,0.47,-0.010000000000000009,5.0,0.0,0.002,OK
1765985189.874655,btc-updown-15m-1765984500,1765984500.0,1765985400.0,,210.12534499168396,,,,,0,0,0.99,0.98,IDLE,,,,,,,,,,,,,,0,5,,,,,,,,,,,,,,,,,,,,CAP_FULL,,,,,,,,25.0,25.0,,,,,0,0,,,Inv: 25.0/25.0 CapLeft: 0.0,,,25.0,25.0,50.0,0.0,50.0,0.0,50.0,0.98,0.020000000000000018,-5.0,0.52,0.47,-0.010000000000000009,5.0,0.0,0.002,OK
1765985191.8113663,btc-updown-15m-1765984500,1765984500.0,1765985400.0,,208.18863368034363,,,,,0,0,0.99,0.98,IDLE,,,,,,,,,,,,,,0,5,,,,,,,,,,,,,,,,,,,,CAP_FULL,,,,,,,,25.0,25.0,,,,,0,0,,,Inv: 25.0/25.0 CapLeft: 0.0,,,25.0,25.0,50.0,0.0,50.0,0.0,50.0,0.98,0.020000000000000018,-5.0,0.52,0.47,-0.010000000000000009,5.0,0.0,0.002,OK
1765985193.7627923,btc-updown-15m-1765984500,1765984500.0,1765985400.0,,206.2372076511383,,,,,0,0,0.98,0.98,IDLE,,,,,,,,,,,,,,0,5,,,,,,,,,,,,,,,,,,,,CAP_FULL,,,,,,,,25.0,25.0,,,,,0,0,,,Inv: 25.0/25.0 CapLeft: 0.0,,,25.0,25.0,50.0,0.0,50.0,0.0,50.0,0.98,0.020000000000000018,-5.0,0.52,0.47,-0.010000000000000009,5.0,0.0,0.002,OK
1765985195.7129047,btc-updown-15m-1765984500,1765984500.0,1765985400.0,,204.28709530830383,,,,,0,0,0.99,0.98,IDLE,,,,,,,,,,,,,,0,5,,,,,,,,,,,,,,,,,,,,CAP_FULL,,,,,,,,25.0,25.0,,,,,0,0,,,Inv: 25.0/25.0 CapLeft: 0.0,,,25.0,25.0,50.0,0.0,50.0,0.0,50.0,0.98,0.020000000000000018,-5.0,0.52,0.47,-0.010000000000000009,5.0,0.0,0.002,OK
1765985197.669476,btc-updown-15m-1765984500,1765984500.0,1765985400.0,,202.33052396774292,,,,,0,0,0.99,0.98,IDLE,,,,,,,,,,,,,,0,5,,,,,,,,,,,,,,,,,,,,CAP_FULL,,,,,,,,25.0,25.0,,,,,0,0,,,Inv: 25.0/25.0 CapLeft: 0.0,,,25.0,25.0,50.0,0.0,50.0,0.0,50.0,0.98,0.020000000000000018,-5.0,0.52,0.47,-0.010000000000000009,5.0,0.0,0.002,OK
1765985199.617149,btc-updown-15m-1765984500,1765984500.0,1765985400.0,,200.38285088539124,,,,,0,0,0.99,0.98,IDLE,,,,,,,,,,,,,,0,5,,,,,,,,,,,,,,,,,,,,CAP_FULL,,,,,,,,25.0,25.0,,,,,0,0,,,Inv: 25.0/25.0 CapLeft: 0.0,,,25.0,25.0,50.0,0.0,50.0,0.0,50.0,0.98,0.020000000000000018,-5.0,0.52,0.47,-0.010000000000000009,5.0,0.0,0.002,OK
1765985201.5524228,btc-updown-15m-1765984500,1765984500.0,1765985400.0,,198.44757723808289,,,,,0,0,0.99,0.98,IDLE,,,,,,,,,,,,,,0,5,,,,,,,,,,,,,,,,,,,,CAP_FULL,,,,,,,,25.0,25.0,,,,,0,0,,,Inv: 25.0/25.0 CapLeft: 0.0,,,25.0,25.0,50.0,0.0,50.0,0.0,50.0,0.98,0.020000000000000018,-5.0,0.52,0.47,-0.010000000000000009,5.0,0.0,0.002,OK
1765985203.4932282,btc-updown-15m-1765984500,1765984500.0,1765985400.0,,196.50677180290222,,,,,0,0,0.99,0.98,IDLE,,,,,,,,,,,,,,0,5,,,,,,,,,,,,,,,,,,,,CAP_FULL,,,,,,,,25.0,25.0,,,,,0,0,,,Inv: 25.0/25.0 CapLeft: 0.0,,,25.0,25.0,50.0,0.0,50.0,0.0,50.0,0.98,0.020000000000000018,-5.0,0.52,0.47,-0.010000000000000009,5.0,0.0,0.002,OK
1765985205.4308891,btc-updown-15m-1765984500,1765984500.0,1765985400.0,,194.56911087036133,,,,,0,0,0.99,0.98,IDLE,,,,,,,,,,,,,,0,5,,,,,,,,,,,,,,,,,,,,CAP_FULL,,,,,,,,25.0,25.0,,,,,0,0,,,Inv: 25.0/25.0 CapLeft: 0.0,,,25.0,25.0,50.0,0.0,50.0,0.0,50.0,0.98,0.020000000000000018,-5.0,0.52,0.47,-0.010000000000000009,5.0,0.0,0.002,OK
1765985207.3678656,btc-updown-15m-1765984500,1765984500.0,1765985400.0,,192.63213443756104,,,,,0,0,0.99,0.98,IDLE,,,,,,,,,,,,,,0,5,,,,,,,,,,,,,,,,,,,,CAP_FULL,,,,,,,,25.0,25.0,,,,,0,0,,,Inv: 25.0/25.0 CapLeft: 0.0,,,25.0,25.0,50.0,0.0,50.0,0.0,50.0,0.98,0.020000000000000018,-5.0,0.52,0.47,-0.010000000000000009,5.0,0.0,0.002,OK
1765985209.3403735,btc-updown-15m-1765984500,1765984500.0,1765985400.0,,190.65962648391724,,,,,0,0,0.99,0.98,IDLE,,,,,,,,,,,,,,0,5,,,,,,,,,,,,,,,,,,,,CAP_FULL,,,,,,,,25.0,25.0,,,,,0,0,,,Inv: 25.0/25.0 CapLeft: 0.0,,,25.0,25.0,50.0,0.0,50.0,0.0,50.0,0.98,0.020000000000000018,-5.0,0.52,0.47,-0.010000000000000009,5.0,0.0,0.002,OK
1765985211.4846568,btc-updown-15m-1765984500,1765984500.0,1765985400.0,,188.5153431892395,,,,,0,0,0.99,0.98,IDLE,,,,,,,,,,,,,,0,5,,,,,,,,,,,,,,,,,,,,CAP_FULL,,,,,,,,25.0,25.0,,,,,0,0,,,Inv: 25.0/25.0 CapLeft: 0.0,,,25.0,25.0,50.0,0.0,50.0,0.0,50.0,0.98,0.020000000000000018,-5.0,0.52,0.47,-0.010000000000000009,5.0,0.0,0.002,OK
1765985213.455765,btc-updown-15m-1765984500,1765984500.0,1765985400.0,,186.5442349910736,,,,,0,0,0.99,0.98,IDLE,,,,,,,,,,,,,,0,5,,,,,,,,,,,,,,,,,,,,CAP_FULL,,,,,,,,25.0,25.0,,,,,0,0,,,Inv: 25.0/25.0 CapLeft: 0.0,,,25.0,25.0,50.0,0.0,50.0,0.0,50.0,0.98,0.020000000000000018,-5.0,0.52,0.47,-0.010000000000000009,5.0,0.0,0.002,OK
1765985215.4103146,btc-updown-15m-1765984500,1765984500.0,1765985400.0,,184.58968544006348,,,,,0,0,0.99,0.98,IDLE,,,,,,,,,,,,,,0,5,,,,,,,,,,,,,,,,,,,,CAP_FULL,,,,,,,,25.0,25.0,,,,,0,0,,,Inv: 25.0/25.0 CapLeft: 0.0,,,25.0,25.0,50.0,0.0,50.0,0.0,50.0,0.98,0.020000000000000018,-5.0,0.52,0.47,-0.010000000000000009,5.0,0.0,0.002,OK
1765985217.368287,btc-updown-15m-1765984500,1765984500.0,1765985400.0,,182.63171291351318,,,,,0,0,0.99,0.98,IDLE,,,,,,,,,,,,,,0,5,,,,,,,,,,,,,,,,,,,,CAP_FULL,,,,,,,,25.0,25.0,,,,,0,0,,,Inv: 25.0/25.0 CapLeft: 0.0,,,25.0,25.0,50.0,0.0,50.0,0.0,50.0,0.98,0.020000000000000018,-5.0,0.52,0.47,-0.010000000000000009,5.0,0.0,0.002,OK
1765985219.3110116,btc-updown-15m-1765984500,1765984500.0,1765985400.0,,180.68898844718933,,,,,0,0,0.99,0.98,IDLE,,,,,,,,,,,,,,0,5,,,,,,,,,,,,,,,,,,,,CAP_FULL,,,,,,,,25.0,25.0,,,,,0,0,,,Inv: 25.0/25.0 CapLeft: 0.0,,,25.0,25.0,50.0,0.0,50.0,0.0,50.0,0.98,0.020000000000000018,-5.0,0.52,0.47,-0.010000000000000009,5.0,0.0,0.002,OK
1765985221.4252849,btc-updown-15m-1765984500,1765984500.0,1765985400.0,,178.5747151374817,,,,,0,0,0.99,0.98,IDLE,,,,,,,,,,,,,,0,5,,,,,,,,,,,,,,,,,,,,CAP_FULL,,,,,,,,25.0,25.0,,,,,0,0,,,Inv: 25.0/25.0 CapLeft: 0.0,,,25.0,25.0,50.0,0.0,50.0,0.0,50.0,0.98,0.020000000000000018,-5.0,0.52,0.47,-0.010000000000000009,5.0,0.0,0.002,OK
1765985223.406218,btc-updown-15m-1765984500,1765984500.0,1765985400.0,,176.5937819480896,,,,,0,0,0.99,0.98,IDLE,,,,,,,,,,,,,,0,5,,,,,,,,,,,,,,,,,,,,CAP_FULL,,,,,,,,25.0,25.0,,,,,0,0,,,Inv: 25.0/25.0 CapLeft: 0.0,,,25.0,25.0,50.0,0.0,50.0,0.0,50.0,0.98,0.020000000000000018,-5.0,0.52,0.47,-0.010000000000000009,5.0,0.0,0.002,OK
1765985225.3888347,btc-updown-15m-1765984500,1765984500.0,1765985400.0,,174.61116528511047,,,,,0,0,0.99,0.98,IDLE,,,,,,,,,,,,,,0,5,,,,,,,,,,,,,,,,,,,,CAP_FULL,,,,,,,,25.0,25.0,,,,,0,0,,,Inv: 25.0/25.0 CapLeft: 0.0,,,25.0,25.0,50.0,0.0,50.0,0.0,50.0,0.98,0.020000000000000018,-5.0,0.52,0.47,-0.010000000000000009,5.0,0.0,0.002,OK
1765985227.335381,btc-updown-15m-1765984500,1765984500.0,1765985400.0,,172.66461896896362,,,,,0,0,0.99,0.98,IDLE,,,,,,,,,,,,,,0,5,,,,,,,,,,,,,,,,,,,,CAP_FULL,,,,,,,,25.0,25.0,,,,,0,0,,,Inv: 25.0/25.0 CapLeft: 0.0,,,25.0,25.0,50.0,0.0,50.0,0.0,50.0,0.98,0.020000000000000018,-5.0,0.52,0.47,-0.010000000000000009,5.0,0.0,0.002,OK
1765985229.6480265,btc-updown-15m-1765984500,1765984500.0,1765985400.0,,170.35197353363037,,,,,0,0,0.99,0.98,IDLE,,,,,,,,,,,,,,0,5,,,,,,,,,,,,,,,,,,,,CAP_FULL,,,,,,,,25.0,25.0,,,,,0,0,,,Inv: 25.0/25.0 CapLeft: 0.0,,,25.0,25.0,50.0,0.0,50.0,0.0,50.0,0.98,0.020000000000000018,-5.0,0.52,0.47,-0.010000000000000009,5.0,0.0,0.002,OK
1765985231.6082356,btc-updown-15m-1765984500,1765984500.0,1765985400.0,,168.39176440238953,,,,,0,0,0.99,0.98,IDLE,,,,,,,,,,,,,,0,5,,,,,,,,,,,,,,,,,,,,CAP_FULL,,,,,,,,25.0,25.0,,,,,0,0,,,Inv: 25.0/25.0 CapLeft: 0.0,,,25.0,25.0,50.0,0.0,50.0,0.0,50.0,0.98,0.020000000000000018,-5.0,0.52,0.47,-0.010000000000000009,5.0,0.0,0.002,OK
1765985233.5548368,btc-updown-15m-1765984500,1765984500.0,1765985400.0,,166.44516324996948,,,,,0,0,0.99,0.98,IDLE,,,,,,,,,,,,,,0,5,,,,,,,,,,,,,,,,,,,,CAP_FULL,,,,,,,,25.0,25.0,,,,,0,0,,,Inv: 25.0/25.0 CapLeft: 0.0,,,25.0,25.0,50.0,0.0,50.0,0.0,50.0,0.98,0.020000000000000018,-5.0,0.52,0.47,-0.010000000000000009,5.0,0.0,0.002,OK
1765985235.5116854,btc-updown-15m-1765984500,1765984500.0,1765985400.0,,164.48831462860107,,,,,0,0,0.99,0.98,IDLE,,,,,,,,,,,,,,0,5,,,,,,,,,,,,,,,,,,,,CAP_FULL,,,,,,,,25.0,25.0,,,,,0,0,,,Inv: 25.0/25.0 CapLeft: 0.0,,,25.0,25.0,50.0,0.0,50.0,0.0,50.0,0.98,0.020000000000000018,-5.0,0.52,0.47,-0.010000000000000009,5.0,0.0,0.002,OK
1765985237.4545565,btc-updown-15m-1765984500,1765984500.0,1765985400.0,,162.54544353485107,,,,,0,0,0.99,0.98,IDLE,,,,,,,,,,,,,,0,5,,,,,,,,,,,,,,,,,,,,CAP_FULL,,,,,,,,25.0,25.0,,,,,0,0,,,Inv: 25.0/25.0 CapLeft: 0.0,,,25.0,25.0,50.0,0.0,50.0,0.0,50.0,0.98,0.020000000000000018,-5.0,0.52,0.47,-0.010000000000000009,5.0,0.0,0.002,OK
1765985239.4623482,btc-updown-15m-1765984500,1765984500.0,1765985400.0,,160.53765177726746,,,,,0,0,0.99,0.98,IDLE,,,,,,,,,,,,,,0,5,,,,,,,,,,,,,,,,,,,,CAP_FULL,,,,,,,,25.0,25.0,,,,,0,0,,,Inv: 25.0/25.0 CapLeft: 0.0,,,25.0,25.0,50.0,0.0,50.0,0.0,50.0,0.98,0.020000000000000018,-5.0,0.52,0.47,-0.010000000000000009,5.0,0.0,0.002,OK
1765985241.3959615,btc-updown-15m-1765984500,1765984500.0,1765985400.0,,158.60403847694397,,,,,0,0,0.99,0.98,IDLE,,,,,,,,,,,,,,0,5,,,,,,,,,,,,,,,,,,,,CAP_FULL,,,,,,,,25.0,25.0,,,,,0,0,,,Inv: 25.0/25.0 CapLeft: 0.0,,,25.0,25.0,50.0,0.0,50.0,0.0,50.0,0.98,0.020000000000000018,-5.0,0.52,0.47,-0.010000000000000009,5.0,0.0,0.002,OK
1765985243.376868,btc-updown-15m-1765984500,1765984500.0,1765985400.0,,156.62313199043274,,,,,0,0,0.99,0.98,IDLE,,,,,,,,,,,,,,0,5,,,,,,,,,,,,,,,,,,,,CAP_FULL,,,,,,,,25.0,25.0,,,,,0,0,,,Inv: 25.0/25.0 CapLeft: 0.0,,,25.0,25.0,50.0,0.0,50.0,0.0,50.0,0.98,0.020000000000000018,-5.0,0.52,0.47,-0.010000000000000009,5.0,0.0,0.002,OK
1765985245.343408,btc-updown-15m-1765984500,1765984500.0,1765985400.0,,154.65659189224243,,,,,0,0,0.99,0.98,IDLE,,,,,,,,,,,,,,0,5,,,,,,,,,,,,,,,,,,,,CAP_FULL,,,,,,,,25.0,25.0,,,,,0,0,,,Inv: 25.0/25.0 CapLeft: 0.0,,,25.0,25.0,50.0,0.0,50.0,0.0,50.0,0.98,0.020000000000000018,-5.0,0.52,0.47,-0.010000000000000009,5.0,0.0,0.002,OK
1765985247.321022,btc-updown-15m-1765984500,1765984500.0,1765985400.0,,152.6789779663086,,,,,0,0,0.99,0.98,IDLE,,,,,,,,,,,,,,0,5,,,,,,,,,,,,,,,,,,,,CAP_FULL,,,,,,,,25.0,25.0,,,,,0,0,,,Inv: 25.0/25.0 CapLeft: 0.0,,,25.0,25.0,50.0,0.0,50.0,0.0,50.0,0.98,0.020000000000000018,-5.0,0.52,0.47,-0.010000000000000009,5.0,0.0,0.002,OK
1765985249.3395183,btc-updown-15m-1765984500,1765984500.0,1765985400.0,,150.66048169136047,,,,,0,0,0.99,0.98,IDLE,,,,,,,,,,,,,,0,5,,,,,,,,,,,,,,,,,,,,CAP_FULL,,,,,,,,25.0,25.0,,,,,0,0,,,Inv: 25.0/25.0 CapLeft: 0.0,,,25.0,25.0,50.0,0.0,50.0,0.0,50.0,0.98,0.020000000000000018,-5.0,0.52,0.47,-0.010000000000000009,5.0,0.0,0.002,OK
1765985251.299607,btc-updown-15m-1765984500,1765984500.0,1765985400.0,,148.70039296150208,,,,,0,0,0.99,0.98,IDLE,,,,,,,,,,,,,,0,5,,,,,,,,,,,,,,,,,,,,CAP_FULL,,,,,,,,25.0,25.0,,,,,0,0,,,Inv: 25.0/25.0 CapLeft: 0.0,,,25.0,25.0,50.0,0.0,50.0,0.0,50.0,0.98,0.020000000000000018,-5.0,0.52,0.47,-0.010000000000000009,5.0,0.0,0.002,OK
1765985253.305135,btc-updown-15m-1765984500,1765984500.0,1765985400.0,,146.69486498832703,,,,,0,0,0.99,0.98,IDLE,,,,,,,,,,,,,,0,5,,,,,,,,,,,,,,,,,,,,CAP_FULL,,,,,,,,25.0,25.0,,,,,0,0,,,Inv: 25.0/25.0 CapLeft: 0.0,,,25.0,25.0,50.0,0.0,50.0,0.0,50.0,0.98,0.020000000000000018,-5.0,0.52,0.47,-0.010000000000000009,5.0,0.0,0.002,OK
1765985255.3366976,btc-updown-15m-1765984500,1765984500.0,1765985400.0,,144.66330242156982,,,,,0,0,0.99,0.98,IDLE,,,,,,,,,,,,,,0,5,,,,,,,,,,,,,,,,,,,,CAP_FULL,,,,,,,,25.0,25.0,,,,,0,0,,,Inv: 25.0/25.0 CapLeft: 0.0,,,25.0,25.0,50.0,0.0,50.0,0.0,50.0,0.98,0.020000000000000018,-5.0,0.52,0.47,-0.010000000000000009,5.0,0.0,0.002,OK
1765985257.264564,btc-updown-15m-1765984500,1765984500.0,1765985400.0,,142.735435962677,,,,,0,0,0.99,0.98,IDLE,,,,,,,,,,,,,,0,5,,,,,,,,,,,,,,,,,,,,CAP_FULL,,,,,,,,25.0,25.0,,,,,0,0,,,Inv: 25.0/25.0 CapLeft: 0.0,,,25.0,25.0,50.0,0.0,50.0,0.0,50.0,0.98,0.020000000000000018,-5.0,0.52,0.47,-0.010000000000000009,5.0,0.0,0.002,OK
1765985259.2159889,btc-updown-15m-1765984500,1765984500.0,1765985400.0,,140.78401112556458,,,,,0,0,0.99,0.98,IDLE,,,,,,,,,,,,,,0,5,,,,,,,,,,,,,,,,,,,,CAP_FULL,,,,,,,,25.0,25.0,,,,,0,0,,,Inv: 25.0/25.0 CapLeft: 0.0,,,25.0,25.0,50.0,0.0,50.0,0.0,50.0,0.98,0.020000000000000018,-5.0,0.52,0.47,-0.010000000000000009,5.0,0.0,0.002,OK
1765985261.241107,btc-updown-15m-1765984500,1765984500.0,1765985400.0,,138.7588930130005,,,,,0,0,0.99,0.98,IDLE,,,,,,,,,,,,,,0,5,,,,,,,,,,,,,,,,,,,,CAP_FULL,,,,,,,,25.0,25.0,,,,,0,0,,,Inv: 25.0/25.0 CapLeft: 0.0,,,25.0,25.0,50.0,0.0,50.0,0.0,50.0,0.98,0.020000000000000018,-5.0,0.52,0.47,-0.010000000000000009,5.0,0.0,0.002,OK
1765985263.2223794,btc-updown-15m-1765984500,1765984500.0,1765985400.0,,136.77762055397034,,,,,0,0,0.99,0.98,IDLE,,,,,,,,,,,,,,0,5,,,,,,,,,,,,,,,,,,,,CAP_FULL,,,,,,,,25.0,25.0,,,,,0,0,,,Inv: 25.0/25.0 CapLeft: 0.0,,,25.0,25.0,50.0,0.0,50.0,0.0,50.0,0.98,0.020000000000000018,-5.0,0.52,0.47,-0.010000000000000009,5.0,0.0,0.002,OK
1765985265.164531,btc-updown-15m-1765984500,1765984500.0,1765985400.0,,134.83546900749207,,,,,0,0,0.99,0.98,IDLE,,,,,,,,,,,,,,0,5,,,,,,,,,,,,,,,,,,,,CAP_FULL,,,,,,,,25.0,25.0,,,,,0,0,,,Inv: 25.0/25.0 CapLeft: 0.0,,,25.0,25.0,50.0,0.0,50.0,0.0,50.0,0.98,0.020000000000000018,-5.0,0.52,0.47,-0.010000000000000009,5.0,0.0,0.002,OK
1765985267.0899572,btc-updown-15m-1765984500,1765984500.0,1765985400.0,,132.91004276275635,,,,,0,0,0.99,0.98,IDLE,,,,,,,,,,,,,,0,5,,,,,,,,,,,,,,,,,,,,CAP_FULL,,,,,,,,25.0,25.0,,,,,0,0,,,Inv: 25.0/25.0 CapLeft: 0.0,,,25.0,25.0,50.0,0.0,50.0,0.0,50.0,0.98,0.020000000000000018,-5.0,0.52,0.47,-0.010000000000000009,5.0,0.0,0.002,OK
1765985269.0104883,btc-updown-15m-1765984500,1765984500.0,1765985400.0,,130.98951172828674,,,,,0,0,0.99,0.98,IDLE,,,,,,,,,,,,,,0,5,,,,,,,,,,,,,,,,,,,,CAP_FULL,,,,,,,,25.0,25.0,,,,,0,0,,,Inv: 25.0/25.0 CapLeft: 0.0,,,25.0,25.0,50.0,0.0,50.0,0.0,50.0,0.98,0.020000000000000018,-5.0,0.52,0.47,-0.010000000000000009,5.0,0.0,0.002,OK
1765985270.959451,btc-updown-15m-1765984500,1765984500.0,1765985400.0,,129.0405490398407,,,,,0,0,0.99,0.98,IDLE,,,,,,,,,,,,,,0,5,,,,,,,,,,,,,,,,,,,,CAP_FULL,,,,,,,,25.0,25.0,,,,,0,0,,,Inv: 25.0/25.0 CapLeft: 0.0,,,25.0,25.0,50.0,0.0,50.0,0.0,50.0,0.98,0.020000000000000018,-5.0,0.52,0.47,-0.010000000000000009,5.0,0.0,0.002,OK
1765985272.9031856,btc-updown-15m-1765984500,1765984500.0,1765985400.0,,127.09681439399719,,,,,0,0,0.99,0.98,IDLE,,,,,,,,,,,,,,0,5,,,,,,,,,,,,,,,,,,,,CAP_FULL,,,,,,,,25.0,25.0,,,,,0,0,,,Inv: 25.0/25.0 CapLeft: 0.0,,,25.0,25.0,50.0,0.0,50.0,0.0,50.0,0.98,0.020000000000000018,-5.0,0.52,0.47,-0.010000000000000009,5.0,0.0,0.002,OK
1765985274.8701248,btc-updown-15m-1765984500,1765984500.0,1765985400.0,,125.12987518310547,,,,,0,0,0.99,0.98,IDLE,,,,,,,,,,,,,,0,5,,,,,,,,,,,,,,,,,,,,CAP_FULL,,,,,,,,25.0,25.0,,,,,0,0,,,Inv: 25.0/25.0 CapLeft: 0.0,,,25.0,25.0,50.0,0.0,50.0,0.0,50.0,0.98,0.020000000000000018,-5.0,0.52,0.47,-0.010000000000000009,5.0,0.0,0.002,OK
1765985276.8411803,btc-updown-15m-1765984500,1765984500.0,1765985400.0,,123.15881967544556,,,,,0,0,0.99,0.98,IDLE,,,,,,,,,,,,,,0,5,,,,,,,,,,,,,,,,,,,,CAP_FULL,,,,,,,,25.0,25.0,,,,,0,0,,,Inv: 25.0/25.0 CapLeft: 0.0,,,25.0,25.0,50.0,0.0,50.0,0.0,50.0,0.98,0.020000000000000018,-5.0,0.52,0.47,-0.010000000000000009,5.0,0.0,0.002,OK
1765985278.7621508,btc-updown-15m-1765984500,1765984500.0,1765985400.0,,121.23784923553467,,,,,0,0,0.99,0.98,IDLE,,,,,,,,,,,,,,0,5,,,,,,,,,,,,,,,,,,,,CAP_FULL,,,,,,,,25.0,25.0,,,,,0,0,,,Inv: 25.0/25.0 CapLeft: 0.0,,,25.0,25.0,50.0,0.0,50.0,0.0,50.0,0.98,0.020000000000000018,-5.0,0.52,0.47,-0.010000000000000009,5.0,0.0,0.002,OK
1765985280.7286625,btc-updown-15m-1765984500,1765984500.0,1765985400.0,,119.27133750915527,,,,,0,0,0.99,0.98,IDLE,,,,,,,,,,,,,,0,5,,,,,,,,,,,,,,,,,,,,CAP_FULL,,,,,,,,25.0,25.0,,,,,0,0,,,Inv: 25.0/25.0 CapLeft: 0.0,,,25.0,25.0,50.0,0.0,50.0,0.0,50.0,0.98,0.020000000000000018,-5.0,0.52,0.47,-0.010000000000000009,5.0,0.0,0.002,OK
1765985282.7191868,btc-updown-15m-1765984500,1765984500.0,1765985400.0,,117.28081321716309,,,,,0,0,0.99,0.98,IDLE,,,,,,,,,,,,,,0,5,,,,,,,,,,,,,,,,,,,,CAP_FULL,,,,,,,,25.0,25.0,,,,,0,0,,,Inv: 25.0/25.0 CapLeft: 0.0,,,25.0,25.0,50.0,0.0,50.0,0.0,50.0,0.98,0.020000000000000018,-5.0,0.52,0.47,-0.010000000000000009,5.0,0.0,0.002,OK
1765985284.708708,btc-updown-15m-1765984500,1765984500.0,1765985400.0,,115.29129195213318,,,,,0,0,0.99,0.98,IDLE,,,,,,,,,,,,,,0,5,,,,,,,,,,,,,,,,,,,,CAP_FULL,,,,,,,,25.0,25.0,,,,,0,0,,,Inv: 25.0/25.0 CapLeft: 0.0,,,25.0,25.0,50.0,0.0,50.0,0.0,50.0,0.98,0.020000000000000018,-5.0,0.52,0.47,-0.010000000000000009,5.0,0.0,0.002,OK
1765985286.6498585,btc-updown-15m-1765984500,1765984500.0,1765985400.0,,113.35014152526855,,,,,0,0,0.99,0.98,IDLE,,,,,,,,,,,,,,0,5,,,,,,,,,,,,,,,,,,,,CAP_FULL,,,,,,,,25.0,25.0,,,,,0,0,,,Inv: 25.0/25.0 CapLeft: 0.0,,,25.0,25.0,50.0,0.0,50.0,0.0,50.0,0.98,0.020000000000000018,-5.0,0.52,0.47,-0.010000000000000009,5.0,0.0,0.002,OK
1765985288.6234758,btc-updown-15m-1765984500,1765984500.0,1765985400.0,,111.3765242099762,,,,,0,0,0.99,0.98,IDLE,,,,,,,,,,,,,,0,5,,,,,,,,,,,,,,,,,,,,CAP_FULL,,,,,,,,25.0,25.0,,,,,0,0,,,Inv: 25.0/25.0 CapLeft: 0.0,,,25.0,25.0,50.0,0.0,50.0,0.0,50.0,0.98,0.020000000000000018,-5.0,0.52,0.47,-0.010000000000000009,5.0,0.0,0.002,OK
1765985290.575164,btc-updown-15m-1765984500,1765984500.0,1765985400.0,,109.42483592033386,,,,,0,0,0.99,0.98,IDLE,,,,,,,,,,,,,,0,5,,,,,,,,,,,,,,,,,,,,CAP_FULL,,,,,,,,25.0,25.0,,,,,0,0,,,Inv: 25.0/25.0 CapLeft: 0.0,,,25.0,25.0,50.0,0.0,50.0,0.0,50.0,0.98,0.020000000000000018,-5.0,0.52,0.47,-0.010000000000000009,5.0,0.0,0.002,OK
1765985292.5625272,btc-updown-15m-1765984500,1765984500.0,1765985400.0,,107.43747282028198,,,,,0,0,0.99,0.98,IDLE,,,,,,,,,,,,,,0,5,,,,,,,,,,,,,,,,,,,,CAP_FULL,,,,,,,,25.0,25.0,,,,,0,0,,,Inv: 25.0/25.0 CapLeft: 0.0,,,25.0,25.0,50.0,0.0,50.0,0.0,50.0,0.98,0.020000000000000018,-5.0,0.52,0.47,-0.010000000000000009,5.0,0.0,0.002,OK
1765985294.5344183,btc-updown-15m-1765984500,1765984500.0,1765985400.0,,105.46558165550232,,,,,0,0,0.99,0.98,IDLE,,,,,,,,,,,,,,0,5,,,,,,,,,,,,,,,,,,,,CAP_FULL,,,,,,,,25.0,25.0,,,,,0,0,,,Inv: 25.0/25.0 CapLeft: 0.0,,,25.0,25.0,50.0,0.0,50.0,0.0,50.0,0.98,0.020000000000000018,-5.0,0.52,0.47,-0.010000000000000009,5.0,0.0,0.002,OK
1765985296.4678433,btc-updown-15m-1765984500,1765984500.0,1765985400.0,,103.53215670585632,,,,,0,0,0.99,0.98,IDLE,,,,,,,,,,,,,,0,5,,,,,,,,,,,,,,,,,,,,CAP_FULL,,,,,,,,25.0,25.0,,,,,0,0,,,Inv: 25.0/25.0 CapLeft: 0.0,,,25.0,25.0,50.0,0.0,50.0,0.0,50.0,0.98,0.020000000000000018,-5.0,0.52,0.47,-0.010000000000000009,5.0,0.0,0.002,OK
1765985298.4133475,btc-updown-15m-1765984500,1765984500.0,1765985400.0,,101.58665251731873,,,,,0,0,0.99,0.98,IDLE,,,,,,,,,,,,,,0,5,,,,,,,,,,,,,,,,,,,,CAP_FULL,,,,,,,,25.0,25.0,,,,,0,0,,,Inv: 25.0/25.0 CapLeft: 0.0,,,25.0,25.0,50.0,0.0,50.0,0.0,50.0,0.98,0.020000000000000018,-5.0,0.52,0.47,-0.010000000000000009,5.0,0.0,0.002,OK
1765985300.3537104,btc-updown-15m-1765984500,1765984500.0,1765985400.0,,99.64628958702087,,,,,0,0,0.99,0.98,IDLE,,,,,,,,,,,,,,0,5,,,,,,,,,,,,,,,,,,,,CAP_FULL,,,,,,,,25.0,25.0,,,,,0,0,,,Inv: 25.0/25.0 CapLeft: 0.0,,,25.0,25.0,50.0,0.0,50.0,0.0,50.0,0.98,0.020000000000000018,-5.0,0.52,0.47,-0.010000000000000009,5.0,0.0,0.002,OK
1765985302.3743403,btc-updown-15m-1765984500,1765984500.0,1765985400.0,,97.62565970420837,,,,,0,0,0.99,0.98,IDLE,,,,,,,,,,,,,,0,5,,,,,,,,,,,,,,,,,,,,CAP_FULL,,,,,,,,25.0,25.0,,,,,0,0,,,Inv: 25.0/25.0 CapLeft: 0.0,,,25.0,25.0,50.0,0.0,50.0,0.0,50.0,0.98,0.020000000000000018,-5.0,0.52,0.47,-0.010000000000000009,5.0,0.0,0.002,OK
1765985304.341784,btc-updown-15m-1765984500,1765984500.0,1765985400.0,,95.65821599960327,,,,,0,0,0.99,0.98,IDLE,,,,,,,,,,,,,,0,5,,,,,,,,,,,,,,,,,,,,CAP_FULL,,,,,,,,25.0,25.0,,,,,0,0,,,Inv: 25.0/25.0 CapLeft: 0.0,,,25.0,25.0,50.0,0.0,50.0,0.0,50.0,0.98,0.020000000000000018,-5.0,0.52,0.47,-0.010000000000000009,5.0,0.0,0.002,OK
1765985306.3085902,btc-updown-15m-1765984500,1765984500.0,1765985400.0,,93.69140982627869,,,,,0,0,0.99,0.98,IDLE,,,,,,,,,,,,,,0,5,,,,,,,,,,,,,,,,,,,,CAP_FULL,,,,,,,,25.0,25.0,,,,,0,0,,,Inv: 25.0/25.0 CapLeft: 0.0,,,25.0,25.0,50.0,0.0,50.0,0.0,50.0,0.98,0.020000000000000018,-5.0,0.52,0.47,-0.010000000000000009,5.0,0.0,0.002,OK
1765985308.2560081,btc-updown-15m-1765984500,1765984500.0,1765985400.0,,91.74399185180664,,,,,0,0,0.99,0.98,IDLE,,,,,,,,,,,,,,0,5,,,,,,,,,,,,,,,,,,,,CAP_FULL,,,,,,,,25.0,25.0,,,,,0,0,,,Inv: 25.0/25.0 CapLeft: 0.0,,,25.0,25.0,50.0,0.0,50.0,0.0,50.0,0.98,0.020000000000000018,-5.0,0.52,0.47,-0.010000000000000009,5.0,0.0,0.002,OK
1765985310.1818316,btc-updown-15m-1765984500,1765984500.0,1765985400.0,,89.81816840171814,,,,,0,0,0.99,0.98,IDLE,,,,,,,,,,,,,,0,5,,,,,,,,,,,,,,,,,,,,CAP_FULL,,,,,,,,25.0,25.0,,,,,0,0,,,Inv: 25.0/25.0 CapLeft: 0.0,,,25.0,25.0,50.0,0.0,50.0,0.0,50.0,0.98,0.020000000000000018,-5.0,0.52,0.47,-0.010000000000000009,5.0,0.0,0.002,OK
1765985312.157962,btc-updown-15m-1765984500,1765984500.0,1765985400.0,,87.84203791618347,,,,,0,0,0.99,0.98,IDLE,,,,,,,,,,,,,,0,5,,,,,,,,,,,,,,,,,,,,CAP_FULL,,,,,,,,25.0,25.0,,,,,0,0,,,Inv: 25.0/25.0 CapLeft: 0.0,,,25.0,25.0,50.0,0.0,50.0,0.0,50.0,0.98,0.020000000000000018,-5.0,0.52,0.47,-0.010000000000000009,5.0,0.0,0.002,OK
1765985314.0864115,btc-updown-15m-1765984500,1765984500.0,1765985400.0,,85.91358852386475,,,,,0,0,0.99,0.98,IDLE,,,,,,,,,,,,,,0,5,,,,,,,,,,,,,,,,,,,,CAP_FULL,,,,,,,,25.0,25.0,,,,,0,0,,,Inv: 25.0/25.0 CapLeft: 0.0,,,25.0,25.0,50.0,0.0,50.0,0.0,50.0,0.98,0.020000000000000018,-5.0,0.52,0.47,-0.010000000000000009,5.0,0.0,0.002,OK
1765985316.0499504,btc-updown-15m-1765984500,1765984500.0,1765985400.0,,83.95004963874817,,,,,0,0,0.99,0.98,IDLE,,,,,,,,,,,,,,0,5,,,,,,,,,,,,,,,,,,,,CAP_FULL,,,,,,,,25.0,25.0,,,,,0,0,,,Inv: 25.0/25.0 CapLeft: 0.0,,,25.0,25.0,50.0,0.0,50.0,0.0,50.0,0.98,0.020000000000000018,-5.0,0.52,0.47,-0.010000000000000009,5.0,0.0,0.002,OK
1765985318.0143712,btc-updown-15m-1765984500,1765984500.0,1765985400.0,,81.9856288433075,,,,,0,0,0.99,0.98,IDLE,,,,,,,,,,,,,,0,5,,,,,,,,,,,,,,,,,,,,CAP_FULL,,,,,,,,25.0,25.0,,,,,0,0,,,Inv: 25.0/25.0 CapLeft: 0.0,,,25.0,25.0,50.0,0.0,50.0,0.0,50.0,0.98,0.020000000000000018,-5.0,0.52,0.47,-0.010000000000000009,5.0,0.0,0.002,OK
1765985319.9623928,btc-updown-15m-1765984500,1765984500.0,1765985400.0,,80.03760719299316,,,,,0,0,0.99,0.98,IDLE,,,,,,,,,,,,,,0,5,,,,,,,,,,,,,,,,,,,,CAP_FULL,,,,,,,,25.0,25.0,,,,,0,0,,,Inv: 25.0/25.0 CapLeft: 0.0,,,25.0,25.0,50.0,0.0,50.0,0.0,50.0,0.98,0.020000000000000018,-5.0,0.52,0.47,-0.010000000000000009,5.0,0.0,0.002,OK
1765985321.8936696,btc-updown-15m-1765984500,1765984500.0,1765985400.0,,78.10633039474487,,,,,0,0,0.99,0.98,IDLE,,,,,,,,,,,,,,0,5,,,,,,,,,,,,,,,,,,,,CAP_FULL,,,,,,,,25.0,25.0,,,,,0,0,,,Inv: 25.0/25.0 CapLeft: 0.0,,,25.0,25.0,50.0,0.0,50.0,0.0,50.0,0.98,0.020000000000000018,-5.0,0.52,0.47,-0.010000000000000009,5.0,0.0,0.002,OK
1765985323.837603,btc-updown-15m-1765984500,1765984500.0,1765985400.0,,76.1623969078064,,,,,0,0,0.99,0.98,IDLE,,,,,,,,,,,,,,0,5,,,,,,,,,,,,,,,,,,,,CAP_FULL,,,,,,,,25.0,25.0,,,,,0,0,,,Inv: 25.0/25.0 CapLeft: 0.0,,,25.0,25.0,50.0,0.0,50.0,0.0,50.0,0.98,0.020000000000000018,-5.0,0.52,0.47,-0.010000000000000009,5.0,0.0,0.002,OK
1765985326.0956357,btc-updown-15m-1765984500,1765984500.0,1765985400.0,,73.90436434745789,,,,,0,0,0.99,0.98,IDLE,,,,,,,,,,,,,,0,5,,,,,,,,,,,,,,,,,,,,CAP_FULL,,,,,,,,25.0,25.0,,,,,0,0,,,Inv: 25.0/25.0 CapLeft: 0.0,,,25.0,25.0,50.0,0.0,50.0,0.0,50.0,0.98,0.020000000000000018,-5.0,0.52,0.47,-0.010000000000000009,5.0,0.0,0.002,OK
1765985328.2206225,btc-updown-15m-1765984500,1765984500.0,1765985400.0,,71.77937746047974,,,,,0,0,0.99,0.98,IDLE,,,,,,,,,,,,,,0,5,,,,,,,,,,,,,,,,,,,,CAP_FULL,,,,,,,,25.0,25.0,,,,,0,0,,,Inv: 25.0/25.0 CapLeft: 0.0,,,25.0,25.0,50.0,0.0,50.0,0.0,50.0,0.98,0.020000000000000018,-5.0,0.52,0.47,-0.010000000000000009,5.0,0.0,0.002,OK
1765985330.2003167,btc-updown-15m-1765984500,1765984500.0,1765985400.0,,69.79968333244324,,,,,0,0,0.99,0.98,IDLE,,,,,,,,,,,,,,0,5,,,,,,,,,,,,,,,,,,,,CAP_FULL,,,,,,,,25.0,25.0,,,,,0,0,,,Inv: 25.0/25.0 CapLeft: 0.0,,,25.0,25.0,50.0,0.0,50.0,0.0,50.0,0.98,0.020000000000000018,-5.0,0.52,0.47,-0.010000000000000009,5.0,0.0,0.002,OK
1765985332.1844847,btc-updown-15m-1765984500,1765984500.0,1765985400.0,,67.8155152797699,,,,,0,0,0.99,0.98,IDLE,,,,,,,,,,,,,,0,5,,,,,,,,,,,,,,,,,,,,CAP_FULL,,,,,,,,25.0,25.0,,,,,0,0,,,Inv: 25.0/25.0 CapLeft: 0.0,,,25.0,25.0,50.0,0.0,50.0,0.0,50.0,0.98,0.020000000000000018,-5.0,0.52,0.47,-0.010000000000000009,5.0,0.0,0.002,OK
1765985334.180566,btc-updown-15m-1765984500,1765984500.0,1765985400.0,,65.81943392753601,,,,,0,0,0.99,0.98,IDLE,,,,,,,,,,,,,,0,5,,,,,,,,,,,,,,,,,,,,CAP_FULL,,,,,,,,25.0,25.0,,,,,0,0,,,Inv: 25.0/25.0 CapLeft: 0.0,,,25.0,25.0,50.0,0.0,50.0,0.0,50.0,0.98,0.020000000000000018,-5.0,0.52,0.47,-0.010000000000000009,5.0,0.0,0.002,OK
1765985336.1293924,btc-updown-15m-1765984500,1765984500.0,1765985400.0,,63.87060761451721,,,,,0,0,0.99,0.98,IDLE,,,,,,,,,,,,,,0,5,,,,,,,,,,,,,,,,,,,,CAP_FULL,,,,,,,,25.0,25.0,,,,,0,0,,,Inv: 25.0/25.0 CapLeft: 0.0,,,25.0,25.0,50.0,0.0,50.0,0.0,50.0,0.98,0.020000000000000018,-5.0,0.52,0.47,-0.010000000000000009,5.0,0.0,0.002,OK
1765985338.07514,btc-updown-15m-1765984500,1765984500.0,1765985400.0,,61.92486000061035,,,,,0,0,0.99,0.98,IDLE,,,,,,,,,,,,,,0,5,,,,,,,,,,,,,,,,,,,,CAP_FULL,,,,,,,,25.0,25.0,,,,,0,0,,,Inv: 25.0/25.0 CapLeft: 0.0,,,25.0,25.0,50.0,0.0,50.0,0.0,50.0,0.98,0.020000000000000018,-5.0,0.52,0.47,-0.010000000000000009,5.0,0.0,0.002,OK
1765985340.020301,btc-updown-15m-1765984500,1765984500.0,1765985400.0,,59.97969889640808,,,,,0,0,0.99,0.98,IDLE,,,,,,,,,,,,,,0,5,,,,,,,,,,,,,,,,,,,,CAP_FULL,,,,,,,,25.0,25.0,,,,,0,0,,,Inv: 25.0/25.0 CapLeft: 0.0,,,25.0,25.0,50.0,0.0,50.0,0.0,50.0,0.98,0.020000000000000018,-5.0,0.52,0.47,-0.010000000000000009,5.0,0.0,0.002,OK
1765985341.988154,btc-updown-15m-1765984500,1765984500.0,1765985400.0,,58.01184606552124,,,,,0,0,0.99,0.98,IDLE,,,,,,,,,,,,,,0,5,,,,,,,,,,,,,,,,,,,,CAP_FULL,,,,,,,,25.0,25.0,,,,,0,0,,,Inv: 25.0/25.0 CapLeft: 0.0,,,25.0,25.0,50.0,0.0,50.0,0.0,50.0,0.98,0.020000000000000018,-5.0,0.52,0.47,-0.010000000000000009,5.0,0.0,0.002,OK
1765985343.9646354,btc-updown-15m-1765984500,1765984500.0,1765985400.0,,56.035364627838135,,,,,0,0,0.99,0.98,IDLE,,,,,,,,,,,,,,0,5,,,,,,,,,,,,,,,,,,,,CAP_FULL,,,,,,,,25.0,25.0,,,,,0,0,,,Inv: 25.0/25.0 CapLeft: 0.0,,,25.0,25.0,50.0,0.0,50.0,0.0,50.0,0.98,0.020000000000000018,-5.0,0.52,0.47,-0.010000000000000009,5.0,0.0,0.002,OK
1765985345.932686,btc-updown-15m-1765984500,1765984500.0,1765985400.0,,54.06731390953064,,,,,0,0,0.99,0.98,IDLE,,,,,,,,,,,,,,0,5,,,,,,,,,,,,,,,,,,,,CAP_FULL,,,,,,,,25.0,25.0,,,,,0,0,,,Inv: 25.0/25.0 CapLeft: 0.0,,,25.0,25.0,50.0,0.0,50.0,0.0,50.0,0.98,0.020000000000000018,-5.0,0.52,0.47,-0.010000000000000009,5.0,0.0,0.002,OK
1765985347.8943899,btc-updown-15m-1765984500,1765984500.0,1765985400.0,,52.10561013221741,,,,,0,0,0.99,0.98,IDLE,,,,,,,,,,,,,,0,5,,,,,,,,,,,,,,,,,,,,CAP_FULL,,,,,,,,25.0,25.0,,,,,0,0,,,Inv: 25.0/25.0 CapLeft: 0.0,,,25.0,25.0,50.0,0.0,50.0,0.0,50.0,0.98,0.020000000000000018,-5.0,0.52,0.47,-0.010000000000000009,5.0,0.0,0.002,OK
1765985349.8599157,btc-updown-15m-1765984500,1765984500.0,1765985400.0,,50.1400842666626,,,,,0,0,0.99,0.98,IDLE,,,,,,,,,,,,,,0,5,,,,,,,,,,,,,,,,,,,,CAP_FULL,,,,,,,,25.0,25.0,,,,,0,0,,,Inv: 25.0/25.0 CapLeft: 0.0,,,25.0,25.0,50.0,0.0,50.0,0.0,50.0,0.98,0.020000000000000018,-5.0,0.52,0.47,-0.010000000000000009,5.0,0.0,0.002,OK
1765985351.8225286,btc-updown-15m-1765984500,1765984500.0,1765985400.0,,48.17747139930725,,,,,0,0,0.99,0.98,IDLE,,,,,,,,,,,,,,0,5,,,,,,,,,,,,,,,,,,,,CAP_FULL,,,,,,,,25.0,25.0,,,,,0,0,,,Inv: 25.0/25.0 CapLeft: 0.0,,,25.0,25.0,50.0,0.0,50.0,0.0,50.0,0.98,0.020000000000000018,-5.0,0.52,0.47,-0.010000000000000009,5.0,0.0,0.002,OK
1765985353.777432,btc-updown-15m-1765984500,1765984500.0,1765985400.0,,46.22256803512573,,,,,0,0,0.99,0.98,IDLE,,,,,,,,,,,,,,0,5,,,,,,,,,,,,,,,,,,,,CAP_FULL,,,,,,,,25.0,25.0,,,,,0,0,,,Inv: 25.0/25.0 CapLeft: 0.0,,,25.0,25.0,50.0,0.0,50.0,0.0,50.0,0.98,0.020000000000000018,-5.0,0.52,0.47,-0.010000000000000009,5.0,0.0,0.002,OK
1765985355.7404304,btc-updown-15m-1765984500,1765984500.0,1765985400.0,,44.25956964492798,,,,,0,0,0.99,0.98,IDLE,,,,,,,,,,,,,,0,5,,,,,,,,,,,,,,,,,,,,CAP_FULL,,,,,,,,25.0,25.0,,,,,0,0,,,Inv: 25.0/25.0 CapLeft: 0.0,,,25.0,25.0,50.0,0.0,50.0,0.0,50.0,0.98,0.020000000000000018,-5.0,0.52,0.47,-0.010000000000000009,5.0,0.0,0.002,OK
1765985357.6696873,btc-updown-15m-1765984500,1765984500.0,1765985400.0,,42.330312728881836,,,,,0,0,0.99,0.98,IDLE,,,,,,,,,,,,,,0,5,,,,,,,,,,,,,,,,,,,,CAP_FULL,,,,,,,,25.0,25.0,,,,,0,0,,,Inv: 25.0/25.0 CapLeft: 0.0,,,25.0,25.0,50.0,0.0,50.0,0.0,50.0,0.98,0.020000000000000018,-5.0,0.52,0.47,-0.010000000000000009,5.0,0.0,0.002,OK
1765985359.6021152,btc-updown-15m-1765984500,1765984500.0,1765985400.0,,40.39788484573364,,,,,0,0,0.99,0.98,IDLE,,,,,,,,,,,,,,0,5,,,,,,,,,,,,,,,,,,,,CAP_FULL,,,,,,,,25.0,25.0,,,,,0,0,,,Inv: 25.0/25.0 CapLeft: 0.0,,,25.0,25.0,50.0,0.0,50.0,0.0,50.0,0.98,0.020000000000000018,-5.0,0.52,0.47,-0.010000000000000009,5.0,0.0,0.002,OK
1765985361.54177,btc-updown-15m-1765984500,1765984500.0,1765985400.0,,38.45823001861572,,,,,0,0,0.99,0.98,IDLE,,,,,,,,,,,,,,0,5,,,,,,,,,,,,,,,,,,,,CAP_FULL,,,,,,,,25.0,25.0,,,,,0,0,,,Inv: 25.0/25.0 CapLeft: 0.0,,,25.0,25.0,50.0,0.0,50.0,0.0,50.0,0.98,0.020000000000000018,-5.0,0.52,0.47,-0.010000000000000009,5.0,0.0,0.002,OK
1765985363.4961042,btc-updown-15m-1765984500,1765984500.0,1765985400.0,,36.50389575958252,,,,,0,0,0.99,0.98,IDLE,,,,,,,,,,,,,,0,5,,,,,,,,,,,,,,,,,,,,CAP_FULL,,,,,,,,25.0,25.0,,,,,0,0,,,Inv: 25.0/25.0 CapLeft: 0.0,,,25.0,25.0,50.0,0.0,50.0,0.0,50.0,0.98,0.020000000000000018,-5.0,0.52,0.47,-0.010000000000000009,5.0,0.0,0.002,OK
1765985365.4399307,btc-updown-15m-1765984500,1765984500.0,1765985400.0,,34.56006932258606,,,,,0,0,0.99,0.98,IDLE,,,,,,,,,,,,,,0,5,,,,,,,,,,,,,,,,,,,,CAP_FULL,,,,,,,,25.0,25.0,,,,,0,0,,,Inv: 25.0/25.0 CapLeft: 0.0,,,25.0,25.0,50.0,0.0,50.0,0.0,50.0,0.98,0.020000000000000018,-5.0,0.52,0.47,-0.010000000000000009,5.0,0.0,0.002,OK
1765985367.3888204,btc-updown-15m-1765984500,1765984500.0,1765985400.0,,32.61117959022522,,,,,0,0,0.99,0.98,IDLE,,,,,,,,,,,,,,0,5,,,,,,,,,,,,,,,,,,,,CAP_FULL,,,,,,,,25.0,25.0,,,,,0,0,,,Inv: 25.0/25.0 CapLeft: 0.0,,,25.0,25.0,50.0,0.0,50.0,0.0,50.0,0.98,0.020000000000000018,-5.0,0.52,0.47,-0.010000000000000009,5.0,0.0,0.002,OK
1765985369.3381882,btc-updown-15m-1765984500,1765984500.0,1765985400.0,,30.66181182861328,,,,,0,0,0.99,0.98,IDLE,,,,,,,,,,,,,,0,5,,,,,,,,,,,,,,,,,,,,CAP_FULL,,,,,,,,25.0,25.0,,,,,0,0,,,Inv: 25.0/25.0 CapLeft: 0.0,,,25.0,25.0,50.0,0.0,50.0,0.0,50.0,0.98,0.020000000000000018,-5.0,0.52,0.47,-0.010000000000000009,5.0,0.0,0.002,OK
1765985371.3135478,btc-updown-15m-1765984500,1765984500.0,1765985400.0,,28.68645215034485,,,,,0,0,0.99,0.98,IDLE,,,,,,,,,,,,,,0,5,,,,,,,,,,,,,,,,,,,,CAP_FULL,,,,,,,,25.0,25.0,,,,,0,0,,,Inv: 25.0/25.0 CapLeft: 0.0,,,25.0,25.0,50.0,0.0,50.0,0.0,50.0,0.98,0.020000000000000018,-5.0,0.52,0.47,-0.010000000000000009,5.0,0.0,0.002,OK
1765985373.261372,btc-updown-15m-1765984500,1765984500.0,1765985400.0,,26.738627910614014,,,,,0,0,0.99,0.98,IDLE,,,,,,,,,,,,,,0,5,,,,,,,,,,,,,,,,,,,,CAP_FULL,,,,,,,,25.0,25.0,,,,,0,0,,,Inv: 25.0/25.0 CapLeft: 0.0,,,25.0,25.0,50.0,0.0,50.0,0.0,50.0,0.98,0.020000000000000018,-5.0,0.52,0.47,-0.010000000000000009,5.0,0.0,0.002,OK
1765985375.2673843,btc-updown-15m-1765984500,1765984500.0,1765985400.0,,24.73261570930481,,,,,0,0,0.99,0.98,IDLE,,,,,,,,,,,,,,0,5,,,,,,,,,,,,,,,,,,,,CAP_FULL,,,,,,,,25.0,25.0,,,,,0,0,,,Inv: 25.0/25.0 CapLeft: 0.0,,,25.0,25.0,50.0,0.0,50.0,0.0,50.0,0.98,0.020000000000000018,-5.0,0.52,0.47,-0.010000000000000009,5.0,0.0,0.002,OK
1765985377.211315,btc-updown-15m-1765984500,1765984500.0,1765985400.0,,22.788685083389282,,,,,0,0,0.99,0.98,IDLE,,,,,,,,,,,,,,0,5,,,,,,,,,,,,,,,,,,,,CAP_FULL,,,,,,,,25.0,25.0,,,,,0,0,,,Inv: 25.0/25.0 CapLeft: 0.0,,,25.0,25.0,50.0,0.0,50.0,0.0,50.0,0.98,0.020000000000000018,-5.0,0.52,0.47,-0.010000000000000009,5.0,0.0,0.002,OK
1765985379.1383514,btc-updown-15m-1765984500,1765984500.0,1765985400.0,,20.861648559570312,,,,,0,0,0.99,0.98,IDLE,,,,,,,,,,,,,,0,5,,,,,,,,,,,,,,,,,,,,CAP_FULL,,,,,,,,25.0,25.0,,,,,0,0,,,Inv: 25.0/25.0 CapLeft: 0.0,,,25.0,25.0,50.0,0.0,50.0,0.0,50.0,0.98,0.020000000000000018,-5.0,0.52,0.47,-0.010000000000000009,5.0,0.0,0.002,OK
1765985381.0797884,btc-updown-15m-1765984500,1765984500.0,1765985400.0,,18.92021155357361,,,,,0,0,0.99,0.98,IDLE,,,,,,,,,,,,,,0,5,,,,,,,,,,,,,,,,,,,,CAP_FULL,,,,,,,,25.0,25.0,,,,,0,0,,,Inv: 25.0/25.0 CapLeft: 0.0,,,25.0,25.0,50.0,0.0,50.0,0.0,50.0,0.98,0.020000000000000018,-5.0,0.52,0.47,-0.010000000000000009,5.0,0.0,0.002,OK
1765985383.0233946,btc-updown-15m-1765984500,1765984500.0,1765985400.0,,16.97660541534424,,,,,0,0,0.99,0.98,IDLE,,,,,,,,,,,,,,0,5,,,,,,,,,,,,,,,,,,,,CAP_FULL,,,,,,,,25.0,25.0,,,,,0,0,,,Inv: 25.0/25.0 CapLeft: 0.0,,,25.0,25.0,50.0,0.0,50.0,0.0,50.0,0.98,0.020000000000000018,-5.0,0.52,0.47,-0.010000000000000009,5.0,0.0,0.002,OK
1765985384.979687,btc-updown-15m-1765984500,1765984500.0,1765985400.0,,15.020313024520874,,,,,0,0,0.99,0.98,IDLE,,,,,,,,,,,,,,0,5,,,,,,,,,,,,,,,,,,,,CAP_FULL,,,,,,,,25.0,25.0,,,,,0,0,,,Inv: 25.0/25.0 CapLeft: 0.0,,,25.0,25.0,50.0,0.0,50.0,0.0,50.0,0.98,0.020000000000000018,-5.0,0.52,0.47,-0.010000000000000009,5.0,0.0,0.002,OK
1765985386.94057,btc-updown-15m-1765984500,1765984500.0,1765985400.0,,13.05942988395691,,,,,0,0,0.99,0.98,IDLE,,,,,,,,,,,,,,0,5,,,,,,,,,,,,,,,,,,,,CAP_FULL,,,,,,,,25.0,25.0,,,,,0,0,,,Inv: 25.0/25.0 CapLeft: 0.0,,,25.0,25.0,50.0,0.0,50.0,0.0,50.0,0.98,0.020000000000000018,-5.0,0.52,0.47,-0.010000000000000009,5.0,0.0,0.002,OK
1765985388.898987,btc-updown-15m-1765984500,1765984500.0,1765985400.0,,11.101012945175171,,,,,0,0,0.99,0.98,IDLE,,,,,,,,,,,,,,0,5,,,,,,,,,,,,,,,,,,,,CAP_FULL,,,,,,,,25.0,25.0,,,,,0,0,,,Inv: 25.0/25.0 CapLeft: 0.0,,,25.0,25.0,50.0,0.0,50.0,0.0,50.0,0.98,0.020000000000000018,-5.0,0.52,0.47,-0.010000000000000009,5.0,0.0,0.002,OK
1765985390.8684688,btc-updown-15m-1765984500,1765984500.0,1765985400.0,,9.131531238555908,,,,,0,0,0.99,0.98,IDLE,,,,,,,,,,,,,,0,5,,,,,,,,,,,,,,,,,,,,CAP_FULL,,,,,,,,25.0,25.0,,,,,0,0,,,Inv: 25.0/25.0 CapLeft: 0.0,,,25.0,25.0,50.0,0.0,50.0,0.0,50.0,0.98,0.020000000000000018,-5.0,0.52,0.47,-0.010000000000000009,5.0,0.0,0.002,OK
1765985392.816548,btc-updown-15m-1765984500,1765984500.0,1765985400.0,,7.183451890945435,,,,,0,0,0.99,0.98,IDLE,,,,,,,,,,,,,,0,5,,,,,,,,,,,,,,,,,,,,CAP_FULL,,,,,,,,25.0,25.0,,,,,0,0,,,Inv: 25.0/25.0 CapLeft: 0.0,,,25.0,25.0,50.0,0.0,50.0,0.0,50.0,0.98,0.020000000000000018,-5.0,0.52,0.47,-0.010000000000000009,5.0,0.0,0.002,OK
1765985394.7960603,btc-updown-15m-1765984500,1765984500.0,1765985400.0,,5.20393967628479,,,,,0,0,0.99,0.98,IDLE,,,,,,,,,,,,,,0,5,,,,,,,,,,,,,,,,,,,,CAP_FULL,,,,,,,,25.0,25.0,,,,,0,0,,,Inv: 25.0/25.0 CapLeft: 0.0,,,25.0,25.0,50.0,0.0,50.0,0.0,50.0,0.98,0.020000000000000018,-5.0,0.52,0.47,-0.010000000000000009,5.0,0.0,0.002,OK
1765985396.7411833,btc-updown-15m-1765984500,1765984500.0,1765985400.0,,3.258816719055176,,,,,0,0,0.99,0.98,IDLE,,,,,,,,,,,,,,0,5,,,,,,,,,,,,,,,,,,,,CAP_FULL,,,,,,,,25.0,25.0,,,,,0,0,,,Inv: 25.0/25.0 CapLeft: 0.0,,,25.0,25.0,50.0,0.0,50.0,0.0,50.0,0.98,0.020000000000000018,-5.0,0.52,0.47,-0.010000000000000009,5.0,0.0,0.002,OK
1765985398.7132945,btc-updown-15m-1765984500,1765984500.0,1765985400.0,,1.286705493927002,,,,,0,0,0.99,0.98,IDLE,,,,,,,,,,,,,,0,5,,,,,,,,,,,,,,,,,,,,CAP_FULL,,,,,,,,25.0,25.0,,,,,0,0,,,Inv: 25.0/25.0 CapLeft: 0.0,,,25.0,25.0,50.0,0.0,50.0,0.0,50.0,0.98,0.020000000000000018,-5.0,0.52,0.47,-0.010000000000000009,5.0,0.0,0.002,OK
