timestamp,slug,market_start_ts,market_end_ts,now_ts,time_remaining,up_bid,up_ask,down_bid,down_ask,up_px,down_px,sum_px,max_sum_price,decision,blocked_maker,order_age,up_filled,down_filled,has_traded,intended_price_up,rounded_price_up,intended_price_down,rounded_price_down,cancel_reason,unwind_method,unwind_price,unwind_result,optimal_size,actual_size,near_resolution_blocked,force_flatten,entry_cutoff_sec,force_flatten_sec,size_chosen,size_max_usd,size_max_final,usd_per_market_cap,test_mode,used_test_preset,test_preset_candidate,min_leg_price,max_leg_price,min_profit_per_share,profit_both,price_bounds_ok,profit_ok,skip_reason,blocked_price_bounds,blocked_low_profit,taker_path_attempted,up_ask_at_send,down_ask_at_send,up_bid_at_send,down_bid_at_send,filled_up_shares,filled_down_shares,target_size_shares,size_locked_blocked,overbuy_attempted,filled_first_price,remaining_up,remaining_down,entry_id,reprice_attempt_count,reprice_reason,time_in_one_leg_state,last_reprice_ts
1765930502.3565047,btc-updown-15m-1765930500,1765930500.0,1765931400.0,,897.6434953212738,,,,,0.55,0.43,0.98,0.98,ORDERS_OPEN,,,,,,,,,,,,,,5,5,,,,,,,,,,,,,,,,,,,,Leg:BOTH UP:5 DOWN:5,,,,,,,,0.0,5.0,,,,,0,0,,,Inv: 0.0/5.0 CapLeft: 15.0,,,0.0,5.0,5.0,15.0
1765930506.9637663,btc-updown-15m-1765930500,1765930500.0,1765931400.0,,893.036233663559,,,,,0,0,0.99,0.98,ORDERS_OPEN,,,,,,,,,,,,,,0,5,,,,,,,,,,,,,,,,,,,,,,,,,,,,0.0,5.0,,,,,0,0,,,Inv: 0.0/5.0 CapLeft: 15.0,,,0.0,5.0,5.0,15.0
1765930509.0786326,btc-updown-15m-1765930500,1765930500.0,1765931400.0,,890.9213674068451,,,,,0,0,0.99,0.98,ORDERS_OPEN,,,,,,,,,,,,,,0,5,,,,,,,,,,,,,,,,,,,,,,,,,,,,0.0,5.0,,,,,0,0,,,Inv: 0.0/5.0 CapLeft: 15.0,,,0.0,5.0,5.0,15.0
1765930511.1849368,btc-updown-15m-1765930500,1765930500.0,1765931400.0,,888.8150632381439,,,,,0,0,0.99,0.98,IDLE,,,,,,,,,,,,,,0,5,,,,,,,,,,,,,,,,,,,,,,,,,,,,5.0,5.0,,,,,0,0,,,Inv: 5.0/5.0 CapLeft: 10.0,,,5.0,5.0,10.0,10.0
1765930513.3218389,btc-updown-15m-1765930500,1765930500.0,1765931400.0,,886.6781611442566,,,,,0.55,0.43,0.98,0.98,ORDERS_OPEN,,,,,,,,,,,,,,5,5,,,,,,,,,,,,,,,,,,,,Leg:BOTH UP:5 DOWN:5,,,,,,,,5.0,5.0,,,,,0,0,,,Inv: 5.0/5.0 CapLeft: 10.0,,,5.0,5.0,10.0,10.0
1765930516.0909848,btc-updown-15m-1765930500,1765930500.0,1765931400.0,,883.9090151786804,,,,,0,0,0.99,0.98,IDLE,,,,,,,,,,,,,,0,5,,,,,,,,,,,,,,,,,,,,,,,,,,,,10.0,10.0,,,,,0,0,,,Inv: 10.0/10.0 CapLeft: 0.0,,,10.0,10.0,20.0,0.0
1765930518.4287329,btc-updown-15m-1765930500,1765930500.0,1765931400.0,,881.5712671279907,,,,,0,0,0.99,0.98,IDLE,,,,,,,,,,,,,,0,5,,,,,,,,,,,,,,,,,,,,CAP_FULL,,,,,,,,10.0,10.0,,,,,0,0,,,Inv: 10.0/10.0 CapLeft: 0.0,,,10.0,10.0,20.0,0.0
1765930520.363439,btc-updown-15m-1765930500,1765930500.0,1765931400.0,,879.6365609169006,,,,,0,0,0.99,0.98,IDLE,,,,,,,,,,,,,,0,5,,,,,,,,,,,,,,,,,,,,CAP_FULL,,,,,,,,10.0,10.0,,,,,0,0,,,Inv: 10.0/10.0 CapLeft: 0.0,,,10.0,10.0,20.0,0.0
1765930522.2677753,btc-updown-15m-1765930500,1765930500.0,1765931400.0,,877.7322247028351,,,,,0,0,1.0,0.98,IDLE,,,,,,,,,,,,,,0,5,,,,,,,,,,,,,,,,,,,,CAP_FULL,,,,,,,,10.0,10.0,,,,,0,0,,,Inv: 10.0/10.0 CapLeft: 0.0,,,10.0,10.0,20.0,0.0
1765930524.1685746,btc-updown-15m-1765930500,1765930500.0,1765931400.0,,875.8314254283905,,,,,0,0,0.99,0.98,IDLE,,,,,,,,,,,,,,0,5,,,,,,,,,,,,,,,,,,,,CAP_FULL,,,,,,,,10.0,10.0,,,,,0,0,,,Inv: 10.0/10.0 CapLeft: 0.0,,,10.0,10.0,20.0,0.0
1765930526.0993493,btc-updown-15m-1765930500,1765930500.0,1765931400.0,,873.9006507396698,,,,,0,0,0.99,0.98,IDLE,,,,,,,,,,,,,,0,5,,,,,,,,,,,,,,,,,,,,CAP_FULL,,,,,,,,10.0,10.0,,,,,0,0,,,Inv: 10.0/10.0 CapLeft: 0.0,,,10.0,10.0,20.0,0.0
1765930528.0138655,btc-updown-15m-1765930500,1765930500.0,1765931400.0,,871.9861345291138,,,,,0,0,0.99,0.98,IDLE,,,,,,,,,,,,,,0,5,,,,,,,,,,,,,,,,,,,,CAP_FULL,,,,,,,,10.0,10.0,,,,,0,0,,,Inv: 10.0/10.0 CapLeft: 0.0,,,10.0,10.0,20.0,0.0
1765930529.952275,btc-updown-15m-1765930500,1765930500.0,1765931400.0,,870.0477249622345,,,,,0,0,0.99,0.98,IDLE,,,,,,,,,,,,,,0,5,,,,,,,,,,,,,,,,,,,,CAP_FULL,,,,,,,,10.0,10.0,,,,,0,0,,,Inv: 10.0/10.0 CapLeft: 0.0,,,10.0,10.0,20.0,0.0
1765930531.8550296,btc-updown-15m-1765930500,1765930500.0,1765931400.0,,868.1449704170227,,,,,0,0,0.99,0.98,IDLE,,,,,,,,,,,,,,0,5,,,,,,,,,,,,,,,,,,,,CAP_FULL,,,,,,,,10.0,10.0,,,,,0,0,,,Inv: 10.0/10.0 CapLeft: 0.0,,,10.0,10.0,20.0,0.0
1765930533.795247,btc-updown-15m-1765930500,1765930500.0,1765931400.0,,866.2047529220581,,,,,0,0,0.98,0.98,IDLE,,,,,,,,,,,,,,0,5,,,,,,,,,,,,,,,,,,,,CAP_FULL,,,,,,,,10.0,10.0,,,,,0,0,,,Inv: 10.0/10.0 CapLeft: 0.0,,,10.0,10.0,20.0,0.0
1765930535.741881,btc-updown-15m-1765930500,1765930500.0,1765931400.0,,864.2581191062927,,,,,0,0,0.98,0.98,IDLE,,,,,,,,,,,,,,0,5,,,,,,,,,,,,,,,,,,,,CAP_FULL,,,,,,,,10.0,10.0,,,,,0,0,,,Inv: 10.0/10.0 CapLeft: 0.0,,,10.0,10.0,20.0,0.0
1765930537.7173686,btc-updown-15m-1765930500,1765930500.0,1765931400.0,,862.2826313972473,,,,,0,0,0.99,0.98,IDLE,,,,,,,,,,,,,,0,5,,,,,,,,,,,,,,,,,,,,CAP_FULL,,,,,,,,10.0,10.0,,,,,0,0,,,Inv: 10.0/10.0 CapLeft: 0.0,,,10.0,10.0,20.0,0.0
1765930539.6654522,btc-updown-15m-1765930500,1765930500.0,1765931400.0,,860.3345477581024,,,,,0,0,0.99,0.98,IDLE,,,,,,,,,,,,,,0,5,,,,,,,,,,,,,,,,,,,,CAP_FULL,,,,,,,,10.0,10.0,,,,,0,0,,,Inv: 10.0/10.0 CapLeft: 0.0,,,10.0,10.0,20.0,0.0
1765930541.5704622,btc-updown-15m-1765930500,1765930500.0,1765931400.0,,858.4295377731323,,,,,0,0,0.99,0.98,IDLE,,,,,,,,,,,,,,0,5,,,,,,,,,,,,,,,,,,,,CAP_FULL,,,,,,,,10.0,10.0,,,,,0,0,,,Inv: 10.0/10.0 CapLeft: 0.0,,,10.0,10.0,20.0,0.0
1765930543.4719832,btc-updown-15m-1765930500,1765930500.0,1765931400.0,,856.5280168056488,,,,,0,0,0.99,0.98,IDLE,,,,,,,,,,,,,,0,5,,,,,,,,,,,,,,,,,,,,CAP_FULL,,,,,,,,10.0,10.0,,,,,0,0,,,Inv: 10.0/10.0 CapLeft: 0.0,,,10.0,10.0,20.0,0.0
1765930545.4047265,btc-updown-15m-1765930500,1765930500.0,1765931400.0,,854.5952734947205,,,,,0,0,0.99,0.98,IDLE,,,,,,,,,,,,,,0,5,,,,,,,,,,,,,,,,,,,,CAP_FULL,,,,,,,,10.0,10.0,,,,,0,0,,,Inv: 10.0/10.0 CapLeft: 0.0,,,10.0,10.0,20.0,0.0
1765930547.3266652,btc-updown-15m-1765930500,1765930500.0,1765931400.0,,852.6733348369598,,,,,0,0,0.99,0.98,IDLE,,,,,,,,,,,,,,0,5,,,,,,,,,,,,,,,,,,,,CAP_FULL,,,,,,,,10.0,10.0,,,,,0,0,,,Inv: 10.0/10.0 CapLeft: 0.0,,,10.0,10.0,20.0,0.0
1765930549.2371259,btc-updown-15m-1765930500,1765930500.0,1765931400.0,,850.7628741264343,,,,,0,0,0.98,0.98,IDLE,,,,,,,,,,,,,,0,5,,,,,,,,,,,,,,,,,,,,CAP_FULL,,,,,,,,10.0,10.0,,,,,0,0,,,Inv: 10.0/10.0 CapLeft: 0.0,,,10.0,10.0,20.0,0.0
1765930551.1632128,btc-updown-15m-1765930500,1765930500.0,1765931400.0,,848.8367872238159,,,,,0,0,0.99,0.98,IDLE,,,,,,,,,,,,,,0,5,,,,,,,,,,,,,,,,,,,,CAP_FULL,,,,,,,,10.0,10.0,,,,,0,0,,,Inv: 10.0/10.0 CapLeft: 0.0,,,10.0,10.0,20.0,0.0
1765930553.0951118,btc-updown-15m-1765930500,1765930500.0,1765931400.0,,846.9048881530762,,,,,0,0,0.99,0.98,IDLE,,,,,,,,,,,,,,0,5,,,,,,,,,,,,,,,,,,,,CAP_FULL,,,,,,,,10.0,10.0,,,,,0,0,,,Inv: 10.0/10.0 CapLeft: 0.0,,,10.0,10.0,20.0,0.0
1765930555.0063343,btc-updown-15m-1765930500,1765930500.0,1765931400.0,,844.9936656951904,,,,,0,0,0.99,0.98,IDLE,,,,,,,,,,,,,,0,5,,,,,,,,,,,,,,,,,,,,CAP_FULL,,,,,,,,10.0,10.0,,,,,0,0,,,Inv: 10.0/10.0 CapLeft: 0.0,,,10.0,10.0,20.0,0.0
1765930557.0069034,btc-updown-15m-1765930500,1765930500.0,1765931400.0,,842.9930965900421,,,,,0,0,0.99,0.98,IDLE,,,,,,,,,,,,,,0,5,,,,,,,,,,,,,,,,,,,,CAP_FULL,,,,,,,,10.0,10.0,,,,,0,0,,,Inv: 10.0/10.0 CapLeft: 0.0,,,10.0,10.0,20.0,0.0
1765930558.9191785,btc-updown-15m-1765930500,1765930500.0,1765931400.0,,841.0808215141296,,,,,0,0,0.99,0.98,IDLE,,,,,,,,,,,,,,0,5,,,,,,,,,,,,,,,,,,,,CAP_FULL,,,,,,,,10.0,10.0,,,,,0,0,,,Inv: 10.0/10.0 CapLeft: 0.0,,,10.0,10.0,20.0,0.0
1765930560.8239753,btc-updown-15m-1765930500,1765930500.0,1765931400.0,,839.1760246753693,,,,,0,0,0.99,0.98,IDLE,,,,,,,,,,,,,,0,5,,,,,,,,,,,,,,,,,,,,CAP_FULL,,,,,,,,10.0,10.0,,,,,0,0,,,Inv: 10.0/10.0 CapLeft: 0.0,,,10.0,10.0,20.0,0.0
1765930562.744686,btc-updown-15m-1765930500,1765930500.0,1765931400.0,,837.2553141117096,,,,,0,0,0.99,0.98,IDLE,,,,,,,,,,,,,,0,5,,,,,,,,,,,,,,,,,,,,CAP_FULL,,,,,,,,10.0,10.0,,,,,0,0,,,Inv: 10.0/10.0 CapLeft: 0.0,,,10.0,10.0,20.0,0.0
1765930564.6760018,btc-updown-15m-1765930500,1765930500.0,1765931400.0,,835.3239982128143,,,,,0,0,0.99,0.98,IDLE,,,,,,,,,,,,,,0,5,,,,,,,,,,,,,,,,,,,,CAP_FULL,,,,,,,,10.0,10.0,,,,,0,0,,,Inv: 10.0/10.0 CapLeft: 0.0,,,10.0,10.0,20.0,0.0
1765930566.6153147,btc-updown-15m-1765930500,1765930500.0,1765931400.0,,833.3846852779388,,,,,0,0,0.99,0.98,IDLE,,,,,,,,,,,,,,0,5,,,,,,,,,,,,,,,,,,,,CAP_FULL,,,,,,,,10.0,10.0,,,,,0,0,,,Inv: 10.0/10.0 CapLeft: 0.0,,,10.0,10.0,20.0,0.0
1765930568.5517828,btc-updown-15m-1765930500,1765930500.0,1765931400.0,,831.4482171535492,,,,,0,0,0.98,0.98,IDLE,,,,,,,,,,,,,,0,5,,,,,,,,,,,,,,,,,,,,CAP_FULL,,,,,,,,10.0,10.0,,,,,0,0,,,Inv: 10.0/10.0 CapLeft: 0.0,,,10.0,10.0,20.0,0.0
1765930570.4861538,btc-updown-15m-1765930500,1765930500.0,1765931400.0,,829.5138461589813,,,,,0,0,0.98,0.98,IDLE,,,,,,,,,,,,,,0,5,,,,,,,,,,,,,,,,,,,,CAP_FULL,,,,,,,,10.0,10.0,,,,,0,0,,,Inv: 10.0/10.0 CapLeft: 0.0,,,10.0,10.0,20.0,0.0
1765930572.4472778,btc-updown-15m-1765930500,1765930500.0,1765931400.0,,827.5527222156525,,,,,0,0,0.99,0.98,IDLE,,,,,,,,,,,,,,0,5,,,,,,,,,,,,,,,,,,,,CAP_FULL,,,,,,,,10.0,10.0,,,,,0,0,,,Inv: 10.0/10.0 CapLeft: 0.0,,,10.0,10.0,20.0,0.0
1765930574.366827,btc-updown-15m-1765930500,1765930500.0,1765931400.0,,825.6331729888916,,,,,0,0,0.99,0.98,IDLE,,,,,,,,,,,,,,0,5,,,,,,,,,,,,,,,,,,,,CAP_FULL,,,,,,,,10.0,10.0,,,,,0,0,,,Inv: 10.0/10.0 CapLeft: 0.0,,,10.0,10.0,20.0,0.0
1765930576.2937355,btc-updown-15m-1765930500,1765930500.0,1765931400.0,,823.7062644958496,,,,,0,0,0.99,0.98,IDLE,,,,,,,,,,,,,,0,5,,,,,,,,,,,,,,,,,,,,CAP_FULL,,,,,,,,10.0,10.0,,,,,0,0,,,Inv: 10.0/10.0 CapLeft: 0.0,,,10.0,10.0,20.0,0.0
1765930578.2097135,btc-updown-15m-1765930500,1765930500.0,1765931400.0,,821.7902865409851,,,,,0,0,0.99,0.98,IDLE,,,,,,,,,,,,,,0,5,,,,,,,,,,,,,,,,,,,,CAP_FULL,,,,,,,,10.0,10.0,,,,,0,0,,,Inv: 10.0/10.0 CapLeft: 0.0,,,10.0,10.0,20.0,0.0
1765930580.1326966,btc-updown-15m-1765930500,1765930500.0,1765931400.0,,819.8673033714294,,,,,0,0,0.99,0.98,IDLE,,,,,,,,,,,,,,0,5,,,,,,,,,,,,,,,,,,,,CAP_FULL,,,,,,,,10.0,10.0,,,,,0,0,,,Inv: 10.0/10.0 CapLeft: 0.0,,,10.0,10.0,20.0,0.0
1765930582.058705,btc-updown-15m-1765930500,1765930500.0,1765931400.0,,817.9412949085236,,,,,0,0,0.99,0.98,IDLE,,,,,,,,,,,,,,0,5,,,,,,,,,,,,,,,,,,,,CAP_FULL,,,,,,,,10.0,10.0,,,,,0,0,,,Inv: 10.0/10.0 CapLeft: 0.0,,,10.0,10.0,20.0,0.0
1765930583.9817207,btc-updown-15m-1765930500,1765930500.0,1765931400.0,,816.0182793140411,,,,,0,0,1.0,0.98,IDLE,,,,,,,,,,,,,,0,5,,,,,,,,,,,,,,,,,,,,CAP_FULL,,,,,,,,10.0,10.0,,,,,0,0,,,Inv: 10.0/10.0 CapLeft: 0.0,,,10.0,10.0,20.0,0.0
1765930585.9190152,btc-updown-15m-1765930500,1765930500.0,1765931400.0,,814.0809848308563,,,,,0,0,0.98,0.98,IDLE,,,,,,,,,,,,,,0,5,,,,,,,,,,,,,,,,,,,,CAP_FULL,,,,,,,,10.0,10.0,,,,,0,0,,,Inv: 10.0/10.0 CapLeft: 0.0,,,10.0,10.0,20.0,0.0
1765930587.8441498,btc-updown-15m-1765930500,1765930500.0,1765931400.0,,812.1558501720428,,,,,0,0,0.99,0.98,IDLE,,,,,,,,,,,,,,0,5,,,,,,,,,,,,,,,,,,,,CAP_FULL,,,,,,,,10.0,10.0,,,,,0,0,,,Inv: 10.0/10.0 CapLeft: 0.0,,,10.0,10.0,20.0,0.0
1765930589.737579,btc-updown-15m-1765930500,1765930500.0,1765931400.0,,810.2624208927155,,,,,0,0,0.99,0.98,IDLE,,,,,,,,,,,,,,0,5,,,,,,,,,,,,,,,,,,,,CAP_FULL,,,,,,,,10.0,10.0,,,,,0,0,,,Inv: 10.0/10.0 CapLeft: 0.0,,,10.0,10.0,20.0,0.0
1765930591.6683087,btc-updown-15m-1765930500,1765930500.0,1765931400.0,,808.3316912651062,,,,,0,0,0.99,0.98,IDLE,,,,,,,,,,,,,,0,5,,,,,,,,,,,,,,,,,,,,CAP_FULL,,,,,,,,10.0,10.0,,,,,0,0,,,Inv: 10.0/10.0 CapLeft: 0.0,,,10.0,10.0,20.0,0.0
1765930593.5888758,btc-updown-15m-1765930500,1765930500.0,1765931400.0,,806.4111242294312,,,,,0,0,0.99,0.98,IDLE,,,,,,,,,,,,,,0,5,,,,,,,,,,,,,,,,,,,,CAP_FULL,,,,,,,,10.0,10.0,,,,,0,0,,,Inv: 10.0/10.0 CapLeft: 0.0,,,10.0,10.0,20.0,0.0
1765930595.5254683,btc-updown-15m-1765930500,1765930500.0,1765931400.0,,804.4745316505432,,,,,0,0,0.96,0.98,IDLE,,,,,,,,,,,,,,0,5,,,,,,,,,,,,,,,,,,,,CAP_FULL,,,,,,,,10.0,10.0,,,,,0,0,,,Inv: 10.0/10.0 CapLeft: 0.0,,,10.0,10.0,20.0,0.0
1765930597.4512727,btc-updown-15m-1765930500,1765930500.0,1765931400.0,,802.548727273941,,,,,0,0,0.99,0.98,IDLE,,,,,,,,,,,,,,0,5,,,,,,,,,,,,,,,,,,,,CAP_FULL,,,,,,,,10.0,10.0,,,,,0,0,,,Inv: 10.0/10.0 CapLeft: 0.0,,,10.0,10.0,20.0,0.0
1765930599.3568816,btc-updown-15m-1765930500,1765930500.0,1765931400.0,,800.6431183815002,,,,,0,0,0.99,0.98,IDLE,,,,,,,,,,,,,,0,5,,,,,,,,,,,,,,,,,,,,CAP_FULL,,,,,,,,10.0,10.0,,,,,0,0,,,Inv: 10.0/10.0 CapLeft: 0.0,,,10.0,10.0,20.0,0.0
1765930601.281635,btc-updown-15m-1765930500,1765930500.0,1765931400.0,,798.7183649539948,,,,,0,0,0.99,0.98,IDLE,,,,,,,,,,,,,,0,5,,,,,,,,,,,,,,,,,,,,CAP_FULL,,,,,,,,10.0,10.0,,,,,0,0,,,Inv: 10.0/10.0 CapLeft: 0.0,,,10.0,10.0,20.0,0.0
1765930603.180945,btc-updown-15m-1765930500,1765930500.0,1765931400.0,,796.8190550804138,,,,,0,0,0.99,0.98,IDLE,,,,,,,,,,,,,,0,5,,,,,,,,,,,,,,,,,,,,CAP_FULL,,,,,,,,10.0,10.0,,,,,0,0,,,Inv: 10.0/10.0 CapLeft: 0.0,,,10.0,10.0,20.0,0.0
1765930605.1250727,btc-updown-15m-1765930500,1765930500.0,1765931400.0,,794.8749272823334,,,,,0,0,0.99,0.98,IDLE,,,,,,,,,,,,,,0,5,,,,,,,,,,,,,,,,,,,,CAP_FULL,,,,,,,,10.0,10.0,,,,,0,0,,,Inv: 10.0/10.0 CapLeft: 0.0,,,10.0,10.0,20.0,0.0
1765930607.0539262,btc-updown-15m-1765930500,1765930500.0,1765931400.0,,792.9460737705231,,,,,0,0,0.98,0.98,IDLE,,,,,,,,,,,,,,0,5,,,,,,,,,,,,,,,,,,,,CAP_FULL,,,,,,,,10.0,10.0,,,,,0,0,,,Inv: 10.0/10.0 CapLeft: 0.0,,,10.0,10.0,20.0,0.0
1765930608.9496255,btc-updown-15m-1765930500,1765930500.0,1765931400.0,,791.050374507904,,,,,0,0,0.99,0.98,IDLE,,,,,,,,,,,,,,0,5,,,,,,,,,,,,,,,,,,,,CAP_FULL,,,,,,,,10.0,10.0,,,,,0,0,,,Inv: 10.0/10.0 CapLeft: 0.0,,,10.0,10.0,20.0,0.0
1765930610.8465326,btc-updown-15m-1765930500,1765930500.0,1765931400.0,,789.1534674167633,,,,,0,0,0.98,0.98,IDLE,,,,,,,,,,,,,,0,5,,,,,,,,,,,,,,,,,,,,CAP_FULL,,,,,,,,10.0,10.0,,,,,0,0,,,Inv: 10.0/10.0 CapLeft: 0.0,,,10.0,10.0,20.0,0.0
1765930612.744293,btc-updown-15m-1765930500,1765930500.0,1765931400.0,,787.255707025528,,,,,0,0,0.99,0.98,IDLE,,,,,,,,,,,,,,0,5,,,,,,,,,,,,,,,,,,,,CAP_FULL,,,,,,,,10.0,10.0,,,,,0,0,,,Inv: 10.0/10.0 CapLeft: 0.0,,,10.0,10.0,20.0,0.0
1765930614.643345,btc-updown-15m-1765930500,1765930500.0,1765931400.0,,785.356654882431,,,,,0,0,0.99,0.98,IDLE,,,,,,,,,,,,,,0,5,,,,,,,,,,,,,,,,,,,,CAP_FULL,,,,,,,,10.0,10.0,,,,,0,0,,,Inv: 10.0/10.0 CapLeft: 0.0,,,10.0,10.0,20.0,0.0
1765930616.5509553,btc-updown-15m-1765930500,1765930500.0,1765931400.0,,783.4490447044373,,,,,0,0,0.99,0.98,IDLE,,,,,,,,,,,,,,0,5,,,,,,,,,,,,,,,,,,,,CAP_FULL,,,,,,,,10.0,10.0,,,,,0,0,,,Inv: 10.0/10.0 CapLeft: 0.0,,,10.0,10.0,20.0,0.0
1765930618.544764,btc-updown-15m-1765930500,1765930500.0,1765931400.0,,781.4552359580994,,,,,0,0,0.98,0.98,IDLE,,,,,,,,,,,,,,0,5,,,,,,,,,,,,,,,,,,,,CAP_FULL,,,,,,,,10.0,10.0,,,,,0,0,,,Inv: 10.0/10.0 CapLeft: 0.0,,,10.0,10.0,20.0,0.0
1765930620.4971805,btc-updown-15m-1765930500,1765930500.0,1765931400.0,,779.5028195381165,,,,,0,0,0.99,0.98,IDLE,,,,,,,,,,,,,,0,5,,,,,,,,,,,,,,,,,,,,CAP_FULL,,,,,,,,10.0,10.0,,,,,0,0,,,Inv: 10.0/10.0 CapLeft: 0.0,,,10.0,10.0,20.0,0.0
1765930622.4132683,btc-updown-15m-1765930500,1765930500.0,1765931400.0,,777.586731672287,,,,,0,0,0.99,0.98,IDLE,,,,,,,,,,,,,,0,5,,,,,,,,,,,,,,,,,,,,CAP_FULL,,,,,,,,10.0,10.0,,,,,0,0,,,Inv: 10.0/10.0 CapLeft: 0.0,,,10.0,10.0,20.0,0.0
1765930624.3442864,btc-updown-15m-1765930500,1765930500.0,1765931400.0,,775.655713558197,,,,,0,0,0.99,0.98,IDLE,,,,,,,,,,,,,,0,5,,,,,,,,,,,,,,,,,,,,CAP_FULL,,,,,,,,10.0,10.0,,,,,0,0,,,Inv: 10.0/10.0 CapLeft: 0.0,,,10.0,10.0,20.0,0.0
1765930626.2586386,btc-updown-15m-1765930500,1765930500.0,1765931400.0,,773.7413613796234,,,,,0,0,0.98,0.98,IDLE,,,,,,,,,,,,,,0,5,,,,,,,,,,,,,,,,,,,,CAP_FULL,,,,,,,,10.0,10.0,,,,,0,0,,,Inv: 10.0/10.0 CapLeft: 0.0,,,10.0,10.0,20.0,0.0
1765930628.1983302,btc-updown-15m-1765930500,1765930500.0,1765931400.0,,771.8016698360443,,,,,0,0,1.0,0.98,IDLE,,,,,,,,,,,,,,0,5,,,,,,,,,,,,,,,,,,,,CAP_FULL,,,,,,,,10.0,10.0,,,,,0,0,,,Inv: 10.0/10.0 CapLeft: 0.0,,,10.0,10.0,20.0,0.0
1765930630.0933044,btc-updown-15m-1765930500,1765930500.0,1765931400.0,,769.9066956043243,,,,,0,0,0.99,0.98,IDLE,,,,,,,,,,,,,,0,5,,,,,,,,,,,,,,,,,,,,CAP_FULL,,,,,,,,10.0,10.0,,,,,0,0,,,Inv: 10.0/10.0 CapLeft: 0.0,,,10.0,10.0,20.0,0.0
1765930631.98785,btc-updown-15m-1765930500,1765930500.0,1765931400.0,,768.0121500492096,,,,,0,0,0.98,0.98,IDLE,,,,,,,,,,,,,,0,5,,,,,,,,,,,,,,,,,,,,CAP_FULL,,,,,,,,10.0,10.0,,,,,0,0,,,Inv: 10.0/10.0 CapLeft: 0.0,,,10.0,10.0,20.0,0.0
1765930633.9493937,btc-updown-15m-1765930500,1765930500.0,1765931400.0,,766.0506062507629,,,,,0,0,0.99,0.98,IDLE,,,,,,,,,,,,,,0,5,,,,,,,,,,,,,,,,,,,,CAP_FULL,,,,,,,,10.0,10.0,,,,,0,0,,,Inv: 10.0/10.0 CapLeft: 0.0,,,10.0,10.0,20.0,0.0
1765930635.9029973,btc-updown-15m-1765930500,1765930500.0,1765931400.0,,764.0970027446747,,,,,0,0,0.96,0.98,IDLE,,,,,,,,,,,,,,0,5,,,,,,,,,,,,,,,,,,,,CAP_FULL,,,,,,,,10.0,10.0,,,,,0,0,,,Inv: 10.0/10.0 CapLeft: 0.0,,,10.0,10.0,20.0,0.0
1765930637.804481,btc-updown-15m-1765930500,1765930500.0,1765931400.0,,762.1955189704895,,,,,0,0,0.98,0.98,IDLE,,,,,,,,,,,,,,0,5,,,,,,,,,,,,,,,,,,,,CAP_FULL,,,,,,,,10.0,10.0,,,,,0,0,,,Inv: 10.0/10.0 CapLeft: 0.0,,,10.0,10.0,20.0,0.0
1765930639.7057884,btc-updown-15m-1765930500,1765930500.0,1765931400.0,,760.2942116260529,,,,,0,0,0.99,0.98,IDLE,,,,,,,,,,,,,,0,5,,,,,,,,,,,,,,,,,,,,CAP_FULL,,,,,,,,10.0,10.0,,,,,0,0,,,Inv: 10.0/10.0 CapLeft: 0.0,,,10.0,10.0,20.0,0.0
1765930641.6131718,btc-updown-15m-1765930500,1765930500.0,1765931400.0,,758.3868281841278,,,,,0,0,0.98,0.98,IDLE,,,,,,,,,,,,,,0,5,,,,,,,,,,,,,,,,,,,,CAP_FULL,,,,,,,,10.0,10.0,,,,,0,0,,,Inv: 10.0/10.0 CapLeft: 0.0,,,10.0,10.0,20.0,0.0
1765930643.5457098,btc-updown-15m-1765930500,1765930500.0,1765931400.0,,756.4542901515961,,,,,0,0,0.99,0.98,IDLE,,,,,,,,,,,,,,0,5,,,,,,,,,,,,,,,,,,,,CAP_FULL,,,,,,,,10.0,10.0,,,,,0,0,,,Inv: 10.0/10.0 CapLeft: 0.0,,,10.0,10.0,20.0,0.0
1765930645.4829295,btc-updown-15m-1765930500,1765930500.0,1765931400.0,,754.5170705318451,,,,,0,0,0.98,0.98,IDLE,,,,,,,,,,,,,,0,5,,,,,,,,,,,,,,,,,,,,CAP_FULL,,,,,,,,10.0,10.0,,,,,0,0,,,Inv: 10.0/10.0 CapLeft: 0.0,,,10.0,10.0,20.0,0.0
1765930647.398411,btc-updown-15m-1765930500,1765930500.0,1765931400.0,,752.6015889644623,,,,,0,0,0.98,0.98,IDLE,,,,,,,,,,,,,,0,5,,,,,,,,,,,,,,,,,,,,CAP_FULL,,,,,,,,10.0,10.0,,,,,0,0,,,Inv: 10.0/10.0 CapLeft: 0.0,,,10.0,10.0,20.0,0.0
1765930649.3016016,btc-updown-15m-1765930500,1765930500.0,1765931400.0,,750.6983983516693,,,,,0,0,0.98,0.98,IDLE,,,,,,,,,,,,,,0,5,,,,,,,,,,,,,,,,,,,,CAP_FULL,,,,,,,,10.0,10.0,,,,,0,0,,,Inv: 10.0/10.0 CapLeft: 0.0,,,10.0,10.0,20.0,0.0
1765930651.2274935,btc-updown-15m-1765930500,1765930500.0,1765931400.0,,748.7725064754486,,,,,0,0,0.99,0.98,IDLE,,,,,,,,,,,,,,0,5,,,,,,,,,,,,,,,,,,,,CAP_FULL,,,,,,,,10.0,10.0,,,,,0,0,,,Inv: 10.0/10.0 CapLeft: 0.0,,,10.0,10.0,20.0,0.0
1765930653.1343818,btc-updown-15m-1765930500,1765930500.0,1765931400.0,,746.8656182289124,,,,,0,0,0.98,0.98,IDLE,,,,,,,,,,,,,,0,5,,,,,,,,,,,,,,,,,,,,CAP_FULL,,,,,,,,10.0,10.0,,,,,0,0,,,Inv: 10.0/10.0 CapLeft: 0.0,,,10.0,10.0,20.0,0.0
1765930655.0744693,btc-updown-15m-1765930500,1765930500.0,1765931400.0,,744.9255306720734,,,,,0,0,0.98,0.98,IDLE,,,,,,,,,,,,,,0,5,,,,,,,,,,,,,,,,,,,,CAP_FULL,,,,,,,,10.0,10.0,,,,,0,0,,,Inv: 10.0/10.0 CapLeft: 0.0,,,10.0,10.0,20.0,0.0
1765930657.0258565,btc-updown-15m-1765930500,1765930500.0,1765931400.0,,742.9741435050964,,,,,0,0,0.98,0.98,IDLE,,,,,,,,,,,,,,0,5,,,,,,,,,,,,,,,,,,,,CAP_FULL,,,,,,,,10.0,10.0,,,,,0,0,,,Inv: 10.0/10.0 CapLeft: 0.0,,,10.0,10.0,20.0,0.0
1765930658.9670157,btc-updown-15m-1765930500,1765930500.0,1765931400.0,,741.0329842567444,,,,,0,0,0.99,0.98,IDLE,,,,,,,,,,,,,,0,5,,,,,,,,,,,,,,,,,,,,CAP_FULL,,,,,,,,10.0,10.0,,,,,0,0,,,Inv: 10.0/10.0 CapLeft: 0.0,,,10.0,10.0,20.0,0.0
1765930660.869675,btc-updown-15m-1765930500,1765930500.0,1765931400.0,,739.1303250789642,,,,,0,0,0.99,0.98,IDLE,,,,,,,,,,,,,,0,5,,,,,,,,,,,,,,,,,,,,CAP_FULL,,,,,,,,10.0,10.0,,,,,0,0,,,Inv: 10.0/10.0 CapLeft: 0.0,,,10.0,10.0,20.0,0.0
1765930662.7829812,btc-updown-15m-1765930500,1765930500.0,1765931400.0,,737.2170188426971,,,,,0,0,0.99,0.98,IDLE,,,,,,,,,,,,,,0,5,,,,,,,,,,,,,,,,,,,,CAP_FULL,,,,,,,,10.0,10.0,,,,,0,0,,,Inv: 10.0/10.0 CapLeft: 0.0,,,10.0,10.0,20.0,0.0
1765930664.7495463,btc-updown-15m-1765930500,1765930500.0,1765931400.0,,735.250453710556,,,,,0,0,0.99,0.98,IDLE,,,,,,,,,,,,,,0,5,,,,,,,,,,,,,,,,,,,,CAP_FULL,,,,,,,,10.0,10.0,,,,,0,0,,,Inv: 10.0/10.0 CapLeft: 0.0,,,10.0,10.0,20.0,0.0
1765930666.6735601,btc-updown-15m-1765930500,1765930500.0,1765931400.0,,733.3264398574829,,,,,0,0,0.99,0.98,IDLE,,,,,,,,,,,,,,0,5,,,,,,,,,,,,,,,,,,,,CAP_FULL,,,,,,,,10.0,10.0,,,,,0,0,,,Inv: 10.0/10.0 CapLeft: 0.0,,,10.0,10.0,20.0,0.0
1765930668.5791347,btc-updown-15m-1765930500,1765930500.0,1765931400.0,,731.4208652973175,,,,,0,0,0.99,0.98,IDLE,,,,,,,,,,,,,,0,5,,,,,,,,,,,,,,,,,,,,CAP_FULL,,,,,,,,10.0,10.0,,,,,0,0,,,Inv: 10.0/10.0 CapLeft: 0.0,,,10.0,10.0,20.0,0.0
1765930670.5396378,btc-updown-15m-1765930500,1765930500.0,1765931400.0,,729.4603621959686,,,,,0,0,0.99,0.98,IDLE,,,,,,,,,,,,,,0,5,,,,,,,,,,,,,,,,,,,,CAP_FULL,,,,,,,,10.0,10.0,,,,,0,0,,,Inv: 10.0/10.0 CapLeft: 0.0,,,10.0,10.0,20.0,0.0
1765930672.4593284,btc-updown-15m-1765930500,1765930500.0,1765931400.0,,727.5406715869904,,,,,0,0,1.0,0.98,IDLE,,,,,,,,,,,,,,0,5,,,,,,,,,,,,,,,,,,,,CAP_FULL,,,,,,,,10.0,10.0,,,,,0,0,,,Inv: 10.0/10.0 CapLeft: 0.0,,,10.0,10.0,20.0,0.0
1765930674.3750997,btc-updown-15m-1765930500,1765930500.0,1765931400.0,,725.6249003410339,,,,,0,0,0.97,0.98,IDLE,,,,,,,,,,,,,,0,5,,,,,,,,,,,,,,,,,,,,CAP_FULL,,,,,,,,10.0,10.0,,,,,0,0,,,Inv: 10.0/10.0 CapLeft: 0.0,,,10.0,10.0,20.0,0.0
1765930676.3211641,btc-updown-15m-1765930500,1765930500.0,1765931400.0,,723.6788358688354,,,,,0,0,0.98,0.98,IDLE,,,,,,,,,,,,,,0,5,,,,,,,,,,,,,,,,,,,,CAP_FULL,,,,,,,,10.0,10.0,,,,,0,0,,,Inv: 10.0/10.0 CapLeft: 0.0,,,10.0,10.0,20.0,0.0
1765930678.2679305,btc-updown-15m-1765930500,1765930500.0,1765931400.0,,721.7320694923401,,,,,0,0,0.98,0.98,IDLE,,,,,,,,,,,,,,0,5,,,,,,,,,,,,,,,,,,,,CAP_FULL,,,,,,,,10.0,10.0,,,,,0,0,,,Inv: 10.0/10.0 CapLeft: 0.0,,,10.0,10.0,20.0,0.0
1765930680.1773858,btc-updown-15m-1765930500,1765930500.0,1765931400.0,,719.8226141929626,,,,,0,0,0.99,0.98,IDLE,,,,,,,,,,,,,,0,5,,,,,,,,,,,,,,,,,,,,CAP_FULL,,,,,,,,10.0,10.0,,,,,0,0,,,Inv: 10.0/10.0 CapLeft: 0.0,,,10.0,10.0,20.0,0.0
1765930682.1438413,btc-updown-15m-1765930500,1765930500.0,1765931400.0,,717.8561587333679,,,,,0,0,0.99,0.98,IDLE,,,,,,,,,,,,,,0,5,,,,,,,,,,,,,,,,,,,,CAP_FULL,,,,,,,,10.0,10.0,,,,,0,0,,,Inv: 10.0/10.0 CapLeft: 0.0,,,10.0,10.0,20.0,0.0
1765930684.1275063,btc-updown-15m-1765930500,1765930500.0,1765931400.0,,715.8724937438965,,,,,0,0,0.97,0.98,IDLE,,,,,,,,,,,,,,0,5,,,,,,,,,,,,,,,,,,,,CAP_FULL,,,,,,,,10.0,10.0,,,,,0,0,,,Inv: 10.0/10.0 CapLeft: 0.0,,,10.0,10.0,20.0,0.0
1765930686.0456953,btc-updown-15m-1765930500,1765930500.0,1765931400.0,,713.9543046951294,,,,,0,0,0.99,0.98,IDLE,,,,,,,,,,,,,,0,5,,,,,,,,,,,,,,,,,,,,CAP_FULL,,,,,,,,10.0,10.0,,,,,0,0,,,Inv: 10.0/10.0 CapLeft: 0.0,,,10.0,10.0,20.0,0.0
1765930688.054854,btc-updown-15m-1765930500,1765930500.0,1765931400.0,,711.9451460838318,,,,,0,0,0.99,0.98,IDLE,,,,,,,,,,,,,,0,5,,,,,,,,,,,,,,,,,,,,CAP_FULL,,,,,,,,10.0,10.0,,,,,0,0,,,Inv: 10.0/10.0 CapLeft: 0.0,,,10.0,10.0,20.0,0.0
1765930690.0091393,btc-updown-15m-1765930500,1765930500.0,1765931400.0,,709.9908607006073,,,,,0,0,0.98,0.98,IDLE,,,,,,,,,,,,,,0,5,,,,,,,,,,,,,,,,,,,,CAP_FULL,,,,,,,,10.0,10.0,,,,,0,0,,,Inv: 10.0/10.0 CapLeft: 0.0,,,10.0,10.0,20.0,0.0
1765930691.9143791,btc-updown-15m-1765930500,1765930500.0,1765931400.0,,708.085620880127,,,,,0,0,0.99,0.98,IDLE,,,,,,,,,,,,,,0,5,,,,,,,,,,,,,,,,,,,,CAP_FULL,,,,,,,,10.0,10.0,,,,,0,0,,,Inv: 10.0/10.0 CapLeft: 0.0,,,10.0,10.0,20.0,0.0
1765930693.8265405,btc-updown-15m-1765930500,1765930500.0,1765931400.0,,706.1734595298767,,,,,0,0,0.99,0.98,IDLE,,,,,,,,,,,,,,0,5,,,,,,,,,,,,,,,,,,,,CAP_FULL,,,,,,,,10.0,10.0,,,,,0,0,,,Inv: 10.0/10.0 CapLeft: 0.0,,,10.0,10.0,20.0,0.0
1765930695.7230926,btc-updown-15m-1765930500,1765930500.0,1765931400.0,,704.2769074440002,,,,,0,0,0.99,0.98,IDLE,,,,,,,,,,,,,,0,5,,,,,,,,,,,,,,,,,,,,CAP_FULL,,,,,,,,10.0,10.0,,,,,0,0,,,Inv: 10.0/10.0 CapLeft: 0.0,,,10.0,10.0,20.0,0.0
1765930697.6492577,btc-updown-15m-1765930500,1765930500.0,1765931400.0,,702.3507423400879,,,,,0,0,0.99,0.98,IDLE,,,,,,,,,,,,,,0,5,,,,,,,,,,,,,,,,,,,,CAP_FULL,,,,,,,,10.0,10.0,,,,,0,0,,,Inv: 10.0/10.0 CapLeft: 0.0,,,10.0,10.0,20.0,0.0
1765930699.5478983,btc-updown-15m-1765930500,1765930500.0,1765931400.0,,700.4521017074585,,,,,0,0,0.99,0.98,IDLE,,,,,,,,,,,,,,0,5,,,,,,,,,,,,,,,,,,,,CAP_FULL,,,,,,,,10.0,10.0,,,,,0,0,,,Inv: 10.0/10.0 CapLeft: 0.0,,,10.0,10.0,20.0,0.0
1765930701.4520845,btc-updown-15m-1765930500,1765930500.0,1765931400.0,,698.5479154586792,,,,,0,0,0.99,0.98,IDLE,,,,,,,,,,,,,,0,5,,,,,,,,,,,,,,,,,,,,CAP_FULL,,,,,,,,10.0,10.0,,,,,0,0,,,Inv: 10.0/10.0 CapLeft: 0.0,,,10.0,10.0,20.0,0.0
1765930703.349984,btc-updown-15m-1765930500,1765930500.0,1765931400.0,,696.6500160694122,,,,,0,0,0.99,0.98,IDLE,,,,,,,,,,,,,,0,5,,,,,,,,,,,,,,,,,,,,CAP_FULL,,,,,,,,10.0,10.0,,,,,0,0,,,Inv: 10.0/10.0 CapLeft: 0.0,,,10.0,10.0,20.0,0.0
1765930705.2979035,btc-updown-15m-1765930500,1765930500.0,1765931400.0,,694.7020964622498,,,,,0,0,0.99,0.98,IDLE,,,,,,,,,,,,,,0,5,,,,,,,,,,,,,,,,,,,,CAP_FULL,,,,,,,,10.0,10.0,,,,,0,0,,,Inv: 10.0/10.0 CapLeft: 0.0,,,10.0,10.0,20.0,0.0
1765930707.212954,btc-updown-15m-1765930500,1765930500.0,1765931400.0,,692.787045955658,,,,,0,0,0.99,0.98,IDLE,,,,,,,,,,,,,,0,5,,,,,,,,,,,,,,,,,,,,CAP_FULL,,,,,,,,10.0,10.0,,,,,0,0,,,Inv: 10.0/10.0 CapLeft: 0.0,,,10.0,10.0,20.0,0.0
1765930709.1300876,btc-updown-15m-1765930500,1765930500.0,1765931400.0,,690.8699123859406,,,,,0,0,0.99,0.98,IDLE,,,,,,,,,,,,,,0,5,,,,,,,,,,,,,,,,,,,,CAP_FULL,,,,,,,,10.0,10.0,,,,,0,0,,,Inv: 10.0/10.0 CapLeft: 0.0,,,10.0,10.0,20.0,0.0
1765930711.0278344,btc-updown-15m-1765930500,1765930500.0,1765931400.0,,688.9721655845642,,,,,0,0,0.99,0.98,IDLE,,,,,,,,,,,,,,0,5,,,,,,,,,,,,,,,,,,,,CAP_FULL,,,,,,,,10.0,10.0,,,,,0,0,,,Inv: 10.0/10.0 CapLeft: 0.0,,,10.0,10.0,20.0,0.0
1765930712.944488,btc-updown-15m-1765930500,1765930500.0,1765931400.0,,687.0555119514465,,,,,0,0,0.99,0.98,IDLE,,,,,,,,,,,,,,0,5,,,,,,,,,,,,,,,,,,,,CAP_FULL,,,,,,,,10.0,10.0,,,,,0,0,,,Inv: 10.0/10.0 CapLeft: 0.0,,,10.0,10.0,20.0,0.0
1765930714.9110942,btc-updown-15m-1765930500,1765930500.0,1765931400.0,,685.0889058113098,,,,,0,0,0.98,0.98,IDLE,,,,,,,,,,,,,,0,5,,,,,,,,,,,,,,,,,,,,CAP_FULL,,,,,,,,10.0,10.0,,,,,0,0,,,Inv: 10.0/10.0 CapLeft: 0.0,,,10.0,10.0,20.0,0.0
1765930716.8361745,btc-updown-15m-1765930500,1765930500.0,1765931400.0,,683.1638255119324,,,,,0,0,0.99,0.98,IDLE,,,,,,,,,,,,,,0,5,,,,,,,,,,,,,,,,,,,,CAP_FULL,,,,,,,,10.0,10.0,,,,,0,0,,,Inv: 10.0/10.0 CapLeft: 0.0,,,10.0,10.0,20.0,0.0
1765930718.7597291,btc-updown-15m-1765930500,1765930500.0,1765931400.0,,681.2402708530426,,,,,0,0,0.99,0.98,IDLE,,,,,,,,,,,,,,0,5,,,,,,,,,,,,,,,,,,,,CAP_FULL,,,,,,,,10.0,10.0,,,,,0,0,,,Inv: 10.0/10.0 CapLeft: 0.0,,,10.0,10.0,20.0,0.0
1765930720.687573,btc-updown-15m-1765930500,1765930500.0,1765931400.0,,679.3124270439148,,,,,0,0,1.0,0.98,IDLE,,,,,,,,,,,,,,0,5,,,,,,,,,,,,,,,,,,,,CAP_FULL,,,,,,,,10.0,10.0,,,,,0,0,,,Inv: 10.0/10.0 CapLeft: 0.0,,,10.0,10.0,20.0,0.0
1765930722.6080678,btc-updown-15m-1765930500,1765930500.0,1765931400.0,,677.3919322490692,,,,,0,0,0.99,0.98,IDLE,,,,,,,,,,,,,,0,5,,,,,,,,,,,,,,,,,,,,CAP_FULL,,,,,,,,10.0,10.0,,,,,0,0,,,Inv: 10.0/10.0 CapLeft: 0.0,,,10.0,10.0,20.0,0.0
1765930724.5327737,btc-updown-15m-1765930500,1765930500.0,1765931400.0,,675.467226266861,,,,,0,0,0.98,0.98,IDLE,,,,,,,,,,,,,,0,5,,,,,,,,,,,,,,,,,,,,CAP_FULL,,,,,,,,10.0,10.0,,,,,0,0,,,Inv: 10.0/10.0 CapLeft: 0.0,,,10.0,10.0,20.0,0.0
1765930726.4425926,btc-updown-15m-1765930500,1765930500.0,1765931400.0,,673.5574073791504,,,,,0,0,0.98,0.98,IDLE,,,,,,,,,,,,,,0,5,,,,,,,,,,,,,,,,,,,,CAP_FULL,,,,,,,,10.0,10.0,,,,,0,0,,,Inv: 10.0/10.0 CapLeft: 0.0,,,10.0,10.0,20.0,0.0
1765930728.339127,btc-updown-15m-1765930500,1765930500.0,1765931400.0,,671.6608729362488,,,,,0,0,0.98,0.98,IDLE,,,,,,,,,,,,,,0,5,,,,,,,,,,,,,,,,,,,,CAP_FULL,,,,,,,,10.0,10.0,,,,,0,0,,,Inv: 10.0/10.0 CapLeft: 0.0,,,10.0,10.0,20.0,0.0
1765930730.3458226,btc-updown-15m-1765930500,1765930500.0,1765931400.0,,669.6541774272919,,,,,0,0,0.99,0.98,IDLE,,,,,,,,,,,,,,0,5,,,,,,,,,,,,,,,,,,,,CAP_FULL,,,,,,,,10.0,10.0,,,,,0,0,,,Inv: 10.0/10.0 CapLeft: 0.0,,,10.0,10.0,20.0,0.0
1765930732.334651,btc-updown-15m-1765930500,1765930500.0,1765931400.0,,667.6653490066528,,,,,0,0,0.99,0.98,IDLE,,,,,,,,,,,,,,0,5,,,,,,,,,,,,,,,,,,,,CAP_FULL,,,,,,,,10.0,10.0,,,,,0,0,,,Inv: 10.0/10.0 CapLeft: 0.0,,,10.0,10.0,20.0,0.0
1765930734.2559404,btc-updown-15m-1765930500,1765930500.0,1765931400.0,,665.7440595626831,,,,,0,0,0.99,0.98,IDLE,,,,,,,,,,,,,,0,5,,,,,,,,,,,,,,,,,,,,CAP_FULL,,,,,,,,10.0,10.0,,,,,0,0,,,Inv: 10.0/10.0 CapLeft: 0.0,,,10.0,10.0,20.0,0.0
1765930736.1710882,btc-updown-15m-1765930500,1765930500.0,1765931400.0,,663.828911781311,,,,,0,0,0.99,0.98,IDLE,,,,,,,,,,,,,,0,5,,,,,,,,,,,,,,,,,,,,CAP_FULL,,,,,,,,10.0,10.0,,,,,0,0,,,Inv: 10.0/10.0 CapLeft: 0.0,,,10.0,10.0,20.0,0.0
1765930738.0764866,btc-updown-15m-1765930500,1765930500.0,1765931400.0,,661.9235134124756,,,,,0,0,0.97,0.98,IDLE,,,,,,,,,,,,,,0,5,,,,,,,,,,,,,,,,,,,,CAP_FULL,,,,,,,,10.0,10.0,,,,,0,0,,,Inv: 10.0/10.0 CapLeft: 0.0,,,10.0,10.0,20.0,0.0
1765930739.965074,btc-updown-15m-1765930500,1765930500.0,1765931400.0,,660.0349259376526,,,,,0,0,0.99,0.98,IDLE,,,,,,,,,,,,,,0,5,,,,,,,,,,,,,,,,,,,,CAP_FULL,,,,,,,,10.0,10.0,,,,,0,0,,,Inv: 10.0/10.0 CapLeft: 0.0,,,10.0,10.0,20.0,0.0
1765930741.871597,btc-updown-15m-1765930500,1765930500.0,1765931400.0,,658.1284029483795,,,,,0,0,0.98,0.98,IDLE,,,,,,,,,,,,,,0,5,,,,,,,,,,,,,,,,,,,,CAP_FULL,,,,,,,,10.0,10.0,,,,,0,0,,,Inv: 10.0/10.0 CapLeft: 0.0,,,10.0,10.0,20.0,0.0
1765930743.795957,btc-updown-15m-1765930500,1765930500.0,1765931400.0,,656.2040429115295,,,,,0,0,0.99,0.98,IDLE,,,,,,,,,,,,,,0,5,,,,,,,,,,,,,,,,,,,,CAP_FULL,,,,,,,,10.0,10.0,,,,,0,0,,,Inv: 10.0/10.0 CapLeft: 0.0,,,10.0,10.0,20.0,0.0
1765930745.6939487,btc-updown-15m-1765930500,1765930500.0,1765931400.0,,654.3060512542725,,,,,0,0,0.98,0.98,IDLE,,,,,,,,,,,,,,0,5,,,,,,,,,,,,,,,,,,,,CAP_FULL,,,,,,,,10.0,10.0,,,,,0,0,,,Inv: 10.0/10.0 CapLeft: 0.0,,,10.0,10.0,20.0,0.0
1765930747.6263897,btc-updown-15m-1765930500,1765930500.0,1765931400.0,,652.3736102581024,,,,,0,0,0.99,0.98,IDLE,,,,,,,,,,,,,,0,5,,,,,,,,,,,,,,,,,,,,CAP_FULL,,,,,,,,10.0,10.0,,,,,0,0,,,Inv: 10.0/10.0 CapLeft: 0.0,,,10.0,10.0,20.0,0.0
1765930749.5505402,btc-updown-15m-1765930500,1765930500.0,1765931400.0,,650.4494597911835,,,,,0,0,0.99,0.98,IDLE,,,,,,,,,,,,,,0,5,,,,,,,,,,,,,,,,,,,,CAP_FULL,,,,,,,,10.0,10.0,,,,,0,0,,,Inv: 10.0/10.0 CapLeft: 0.0,,,10.0,10.0,20.0,0.0
1765930751.4913907,btc-updown-15m-1765930500,1765930500.0,1765931400.0,,648.5086092948914,,,,,0,0,0.99,0.98,IDLE,,,,,,,,,,,,,,0,5,,,,,,,,,,,,,,,,,,,,CAP_FULL,,,,,,,,10.0,10.0,,,,,0,0,,,Inv: 10.0/10.0 CapLeft: 0.0,,,10.0,10.0,20.0,0.0
1765930753.415034,btc-updown-15m-1765930500,1765930500.0,1765931400.0,,646.5849659442902,,,,,0,0,0.99,0.98,IDLE,,,,,,,,,,,,,,0,5,,,,,,,,,,,,,,,,,,,,CAP_FULL,,,,,,,,10.0,10.0,,,,,0,0,,,Inv: 10.0/10.0 CapLeft: 0.0,,,10.0,10.0,20.0,0.0
1765930755.3466628,btc-updown-15m-1765930500,1765930500.0,1765931400.0,,644.6533372402191,,,,,0,0,0.98,0.98,IDLE,,,,,,,,,,,,,,0,5,,,,,,,,,,,,,,,,,,,,CAP_FULL,,,,,,,,10.0,10.0,,,,,0,0,,,Inv: 10.0/10.0 CapLeft: 0.0,,,10.0,10.0,20.0,0.0
1765930757.3326519,btc-updown-15m-1765930500,1765930500.0,1765931400.0,,642.6673481464386,,,,,0,0,0.99,0.98,IDLE,,,,,,,,,,,,,,0,5,,,,,,,,,,,,,,,,,,,,CAP_FULL,,,,,,,,10.0,10.0,,,,,0,0,,,Inv: 10.0/10.0 CapLeft: 0.0,,,10.0,10.0,20.0,0.0
1765930759.2477589,btc-updown-15m-1765930500,1765930500.0,1765931400.0,,640.7522411346436,,,,,0,0,0.98,0.98,IDLE,,,,,,,,,,,,,,0,5,,,,,,,,,,,,,,,,,,,,CAP_FULL,,,,,,,,10.0,10.0,,,,,0,0,,,Inv: 10.0/10.0 CapLeft: 0.0,,,10.0,10.0,20.0,0.0
1765930761.1790519,btc-updown-15m-1765930500,1765930500.0,1765931400.0,,638.8209481239319,,,,,0,0,0.99,0.98,IDLE,,,,,,,,,,,,,,0,5,,,,,,,,,,,,,,,,,,,,CAP_FULL,,,,,,,,10.0,10.0,,,,,0,0,,,Inv: 10.0/10.0 CapLeft: 0.0,,,10.0,10.0,20.0,0.0
1765930763.1103792,btc-updown-15m-1765930500,1765930500.0,1765931400.0,,636.8896207809448,,,,,0,0,0.99,0.98,IDLE,,,,,,,,,,,,,,0,5,,,,,,,,,,,,,,,,,,,,CAP_FULL,,,,,,,,10.0,10.0,,,,,0,0,,,Inv: 10.0/10.0 CapLeft: 0.0,,,10.0,10.0,20.0,0.0
1765930765.0942154,btc-updown-15m-1765930500,1765930500.0,1765931400.0,,634.9057846069336,,,,,0,0,0.99,0.98,IDLE,,,,,,,,,,,,,,0,5,,,,,,,,,,,,,,,,,,,,CAP_FULL,,,,,,,,10.0,10.0,,,,,0,0,,,Inv: 10.0/10.0 CapLeft: 0.0,,,10.0,10.0,20.0,0.0
1765930766.9948149,btc-updown-15m-1765930500,1765930500.0,1765931400.0,,633.0051851272583,,,,,0,0,0.98,0.98,IDLE,,,,,,,,,,,,,,0,5,,,,,,,,,,,,,,,,,,,,CAP_FULL,,,,,,,,10.0,10.0,,,,,0,0,,,Inv: 10.0/10.0 CapLeft: 0.0,,,10.0,10.0,20.0,0.0
1765930768.9117432,btc-updown-15m-1765930500,1765930500.0,1765931400.0,,631.0882568359375,,,,,0,0,0.99,0.98,IDLE,,,,,,,,,,,,,,0,5,,,,,,,,,,,,,,,,,,,,CAP_FULL,,,,,,,,10.0,10.0,,,,,0,0,,,Inv: 10.0/10.0 CapLeft: 0.0,,,10.0,10.0,20.0,0.0
1765930770.815905,btc-updown-15m-1765930500,1765930500.0,1765931400.0,,629.1840949058533,,,,,0,0,0.99,0.98,IDLE,,,,,,,,,,,,,,0,5,,,,,,,,,,,,,,,,,,,,CAP_FULL,,,,,,,,10.0,10.0,,,,,0,0,,,Inv: 10.0/10.0 CapLeft: 0.0,,,10.0,10.0,20.0,0.0
1765930772.7498543,btc-updown-15m-1765930500,1765930500.0,1765931400.0,,627.2501456737518,,,,,0,0,0.98,0.98,IDLE,,,,,,,,,,,,,,0,5,,,,,,,,,,,,,,,,,,,,CAP_FULL,,,,,,,,10.0,10.0,,,,,0,0,,,Inv: 10.0/10.0 CapLeft: 0.0,,,10.0,10.0,20.0,0.0
1765930774.6576135,btc-updown-15m-1765930500,1765930500.0,1765931400.0,,625.3423864841461,,,,,0,0,0.98,0.98,IDLE,,,,,,,,,,,,,,0,5,,,,,,,,,,,,,,,,,,,,CAP_FULL,,,,,,,,10.0,10.0,,,,,0,0,,,Inv: 10.0/10.0 CapLeft: 0.0,,,10.0,10.0,20.0,0.0
1765930776.57883,btc-updown-15m-1765930500,1765930500.0,1765931400.0,,623.4211699962616,,,,,0,0,0.99,0.98,IDLE,,,,,,,,,,,,,,0,5,,,,,,,,,,,,,,,,,,,,CAP_FULL,,,,,,,,10.0,10.0,,,,,0,0,,,Inv: 10.0/10.0 CapLeft: 0.0,,,10.0,10.0,20.0,0.0
1765930778.497565,btc-updown-15m-1765930500,1765930500.0,1765931400.0,,621.5024349689484,,,,,0,0,0.99,0.98,IDLE,,,,,,,,,,,,,,0,5,,,,,,,,,,,,,,,,,,,,CAP_FULL,,,,,,,,10.0,10.0,,,,,0,0,,,Inv: 10.0/10.0 CapLeft: 0.0,,,10.0,10.0,20.0,0.0
1765930780.4041457,btc-updown-15m-1765930500,1765930500.0,1765931400.0,,619.5958542823792,,,,,0,0,0.99,0.98,IDLE,,,,,,,,,,,,,,0,5,,,,,,,,,,,,,,,,,,,,CAP_FULL,,,,,,,,10.0,10.0,,,,,0,0,,,Inv: 10.0/10.0 CapLeft: 0.0,,,10.0,10.0,20.0,0.0
1765930782.348531,btc-updown-15m-1765930500,1765930500.0,1765931400.0,,617.6514689922333,,,,,0,0,0.99,0.98,IDLE,,,,,,,,,,,,,,0,5,,,,,,,,,,,,,,,,,,,,CAP_FULL,,,,,,,,10.0,10.0,,,,,0,0,,,Inv: 10.0/10.0 CapLeft: 0.0,,,10.0,10.0,20.0,0.0
1765930784.2500548,btc-updown-15m-1765930500,1765930500.0,1765931400.0,,615.7499451637268,,,,,0,0,0.99,0.98,IDLE,,,,,,,,,,,,,,0,5,,,,,,,,,,,,,,,,,,,,CAP_FULL,,,,,,,,10.0,10.0,,,,,0,0,,,Inv: 10.0/10.0 CapLeft: 0.0,,,10.0,10.0,20.0,0.0
1765930786.1729717,btc-updown-15m-1765930500,1765930500.0,1765931400.0,,613.8270282745361,,,,,0,0,0.99,0.98,IDLE,,,,,,,,,,,,,,0,5,,,,,,,,,,,,,,,,,,,,CAP_FULL,,,,,,,,10.0,10.0,,,,,0,0,,,Inv: 10.0/10.0 CapLeft: 0.0,,,10.0,10.0,20.0,0.0
1765930788.1038005,btc-updown-15m-1765930500,1765930500.0,1765931400.0,,611.896199464798,,,,,0,0,0.98,0.98,IDLE,,,,,,,,,,,,,,0,5,,,,,,,,,,,,,,,,,,,,CAP_FULL,,,,,,,,10.0,10.0,,,,,0,0,,,Inv: 10.0/10.0 CapLeft: 0.0,,,10.0,10.0,20.0,0.0
1765930790.002548,btc-updown-15m-1765930500,1765930500.0,1765931400.0,,609.9974520206451,,,,,0,0,0.99,0.98,IDLE,,,,,,,,,,,,,,0,5,,,,,,,,,,,,,,,,,,,,CAP_FULL,,,,,,,,10.0,10.0,,,,,0,0,,,Inv: 10.0/10.0 CapLeft: 0.0,,,10.0,10.0,20.0,0.0
1765930791.9255943,btc-updown-15m-1765930500,1765930500.0,1765931400.0,,608.074405670166,,,,,0,0,0.99,0.98,IDLE,,,,,,,,,,,,,,0,5,,,,,,,,,,,,,,,,,,,,CAP_FULL,,,,,,,,10.0,10.0,,,,,0,0,,,Inv: 10.0/10.0 CapLeft: 0.0,,,10.0,10.0,20.0,0.0
1765930793.843801,btc-updown-15m-1765930500,1765930500.0,1765931400.0,,606.1561989784241,,,,,0,0,0.99,0.98,IDLE,,,,,,,,,,,,,,0,5,,,,,,,,,,,,,,,,,,,,CAP_FULL,,,,,,,,10.0,10.0,,,,,0,0,,,Inv: 10.0/10.0 CapLeft: 0.0,,,10.0,10.0,20.0,0.0
1765930795.782035,btc-updown-15m-1765930500,1765930500.0,1765931400.0,,604.217964887619,,,,,0,0,0.99,0.98,IDLE,,,,,,,,,,,,,,0,5,,,,,,,,,,,,,,,,,,,,CAP_FULL,,,,,,,,10.0,10.0,,,,,0,0,,,Inv: 10.0/10.0 CapLeft: 0.0,,,10.0,10.0,20.0,0.0
1765930797.7011986,btc-updown-15m-1765930500,1765930500.0,1765931400.0,,602.2988014221191,,,,,0,0,0.99,0.98,IDLE,,,,,,,,,,,,,,0,5,,,,,,,,,,,,,,,,,,,,CAP_FULL,,,,,,,,10.0,10.0,,,,,0,0,,,Inv: 10.0/10.0 CapLeft: 0.0,,,10.0,10.0,20.0,0.0
1765930799.6079435,btc-updown-15m-1765930500,1765930500.0,1765931400.0,,600.3920564651489,,,,,0,0,0.99,0.98,IDLE,,,,,,,,,,,,,,0,5,,,,,,,,,,,,,,,,,,,,CAP_FULL,,,,,,,,10.0,10.0,,,,,0,0,,,Inv: 10.0/10.0 CapLeft: 0.0,,,10.0,10.0,20.0,0.0
1765930801.5447786,btc-updown-15m-1765930500,1765930500.0,1765931400.0,,598.455221414566,,,,,0,0,0.99,0.98,IDLE,,,,,,,,,,,,,,0,5,,,,,,,,,,,,,,,,,,,,CAP_FULL,,,,,,,,10.0,10.0,,,,,0,0,,,Inv: 10.0/10.0 CapLeft: 0.0,,,10.0,10.0,20.0,0.0
1765930803.472262,btc-updown-15m-1765930500,1765930500.0,1765931400.0,,596.5277380943298,,,,,0,0,0.98,0.98,IDLE,,,,,,,,,,,,,,0,5,,,,,,,,,,,,,,,,,,,,CAP_FULL,,,,,,,,10.0,10.0,,,,,0,0,,,Inv: 10.0/10.0 CapLeft: 0.0,,,10.0,10.0,20.0,0.0
1765930805.4134128,btc-updown-15m-1765930500,1765930500.0,1765931400.0,,594.586587190628,,,,,0,0,1.0,0.98,IDLE,,,,,,,,,,,,,,0,5,,,,,,,,,,,,,,,,,,,,CAP_FULL,,,,,,,,10.0,10.0,,,,,0,0,,,Inv: 10.0/10.0 CapLeft: 0.0,,,10.0,10.0,20.0,0.0
1765930807.3162036,btc-updown-15m-1765930500,1765930500.0,1765931400.0,,592.6837964057922,,,,,0,0,0.99,0.98,IDLE,,,,,,,,,,,,,,0,5,,,,,,,,,,,,,,,,,,,,CAP_FULL,,,,,,,,10.0,10.0,,,,,0,0,,,Inv: 10.0/10.0 CapLeft: 0.0,,,10.0,10.0,20.0,0.0
1765930809.236008,btc-updown-15m-1765930500,1765930500.0,1765931400.0,,590.7639920711517,,,,,0,0,0.99,0.98,IDLE,,,,,,,,,,,,,,0,5,,,,,,,,,,,,,,,,,,,,CAP_FULL,,,,,,,,10.0,10.0,,,,,0,0,,,Inv: 10.0/10.0 CapLeft: 0.0,,,10.0,10.0,20.0,0.0
1765930811.1310158,btc-updown-15m-1765930500,1765930500.0,1765931400.0,,588.8689842224121,,,,,0,0,1.0,0.98,IDLE,,,,,,,,,,,,,,0,5,,,,,,,,,,,,,,,,,,,,CAP_FULL,,,,,,,,10.0,10.0,,,,,0,0,,,Inv: 10.0/10.0 CapLeft: 0.0,,,10.0,10.0,20.0,0.0
1765930813.0516732,btc-updown-15m-1765930500,1765930500.0,1765931400.0,,586.9483268260956,,,,,0,0,0.99,0.98,IDLE,,,,,,,,,,,,,,0,5,,,,,,,,,,,,,,,,,,,,CAP_FULL,,,,,,,,10.0,10.0,,,,,0,0,,,Inv: 10.0/10.0 CapLeft: 0.0,,,10.0,10.0,20.0,0.0
1765930814.996382,btc-updown-15m-1765930500,1765930500.0,1765931400.0,,585.0036180019379,,,,,0,0,0.99,0.98,IDLE,,,,,,,,,,,,,,0,5,,,,,,,,,,,,,,,,,,,,CAP_FULL,,,,,,,,10.0,10.0,,,,,0,0,,,Inv: 10.0/10.0 CapLeft: 0.0,,,10.0,10.0,20.0,0.0
1765930816.9044726,btc-updown-15m-1765930500,1765930500.0,1765931400.0,,583.0955274105072,,,,,0,0,1.0,0.98,IDLE,,,,,,,,,,,,,,0,5,,,,,,,,,,,,,,,,,,,,CAP_FULL,,,,,,,,10.0,10.0,,,,,0,0,,,Inv: 10.0/10.0 CapLeft: 0.0,,,10.0,10.0,20.0,0.0
1765930818.8138304,btc-updown-15m-1765930500,1765930500.0,1765931400.0,,581.1861696243286,,,,,0,0,0.98,0.98,IDLE,,,,,,,,,,,,,,0,5,,,,,,,,,,,,,,,,,,,,CAP_FULL,,,,,,,,10.0,10.0,,,,,0,0,,,Inv: 10.0/10.0 CapLeft: 0.0,,,10.0,10.0,20.0,0.0
1765930820.7131286,btc-updown-15m-1765930500,1765930500.0,1765931400.0,,579.286871433258,,,,,0,0,0.98,0.98,IDLE,,,,,,,,,,,,,,0,5,,,,,,,,,,,,,,,,,,,,CAP_FULL,,,,,,,,10.0,10.0,,,,,0,0,,,Inv: 10.0/10.0 CapLeft: 0.0,,,10.0,10.0,20.0,0.0
1765930822.6757805,btc-updown-15m-1765930500,1765930500.0,1765931400.0,,577.3242194652557,,,,,0,0,0.99,0.98,IDLE,,,,,,,,,,,,,,0,5,,,,,,,,,,,,,,,,,,,,CAP_FULL,,,,,,,,10.0,10.0,,,,,0,0,,,Inv: 10.0/10.0 CapLeft: 0.0,,,10.0,10.0,20.0,0.0
1765930824.6167736,btc-updown-15m-1765930500,1765930500.0,1765931400.0,,575.3832263946533,,,,,0,0,0.98,0.98,IDLE,,,,,,,,,,,,,,0,5,,,,,,,,,,,,,,,,,,,,CAP_FULL,,,,,,,,10.0,10.0,,,,,0,0,,,Inv: 10.0/10.0 CapLeft: 0.0,,,10.0,10.0,20.0,0.0
1765930826.525459,btc-updown-15m-1765930500,1765930500.0,1765931400.0,,573.4745409488678,,,,,0,0,0.99,0.98,IDLE,,,,,,,,,,,,,,0,5,,,,,,,,,,,,,,,,,,,,CAP_FULL,,,,,,,,10.0,10.0,,,,,0,0,,,Inv: 10.0/10.0 CapLeft: 0.0,,,10.0,10.0,20.0,0.0
1765930828.4283597,btc-updown-15m-1765930500,1765930500.0,1765931400.0,,571.571640253067,,,,,0,0,0.98,0.98,IDLE,,,,,,,,,,,,,,0,5,,,,,,,,,,,,,,,,,,,,CAP_FULL,,,,,,,,10.0,10.0,,,,,0,0,,,Inv: 10.0/10.0 CapLeft: 0.0,,,10.0,10.0,20.0,0.0
1765930830.3509917,btc-updown-15m-1765930500,1765930500.0,1765931400.0,,569.6490082740784,,,,,0,0,0.99,0.98,IDLE,,,,,,,,,,,,,,0,5,,,,,,,,,,,,,,,,,,,,CAP_FULL,,,,,,,,10.0,10.0,,,,,0,0,,,Inv: 10.0/10.0 CapLeft: 0.0,,,10.0,10.0,20.0,0.0
1765930832.263188,btc-updown-15m-1765930500,1765930500.0,1765931400.0,,567.7368121147156,,,,,0,0,0.98,0.98,IDLE,,,,,,,,,,,,,,0,5,,,,,,,,,,,,,,,,,,,,CAP_FULL,,,,,,,,10.0,10.0,,,,,0,0,,,Inv: 10.0/10.0 CapLeft: 0.0,,,10.0,10.0,20.0,0.0
1765930834.1596954,btc-updown-15m-1765930500,1765930500.0,1765931400.0,,565.8403046131134,,,,,0,0,0.98,0.98,IDLE,,,,,,,,,,,,,,0,5,,,,,,,,,,,,,,,,,,,,CAP_FULL,,,,,,,,10.0,10.0,,,,,0,0,,,Inv: 10.0/10.0 CapLeft: 0.0,,,10.0,10.0,20.0,0.0
1765930836.0675912,btc-updown-15m-1765930500,1765930500.0,1765931400.0,,563.9324088096619,,,,,0,0,0.98,0.98,IDLE,,,,,,,,,,,,,,0,5,,,,,,,,,,,,,,,,,,,,CAP_FULL,,,,,,,,10.0,10.0,,,,,0,0,,,Inv: 10.0/10.0 CapLeft: 0.0,,,10.0,10.0,20.0,0.0
1765930838.006745,btc-updown-15m-1765930500,1765930500.0,1765931400.0,,561.9932548999786,,,,,0,0,0.98,0.98,IDLE,,,,,,,,,,,,,,0,5,,,,,,,,,,,,,,,,,,,,CAP_FULL,,,,,,,,10.0,10.0,,,,,0,0,,,Inv: 10.0/10.0 CapLeft: 0.0,,,10.0,10.0,20.0,0.0
1765930839.9019556,btc-updown-15m-1765930500,1765930500.0,1765931400.0,,560.0980443954468,,,,,0,0,1.0,0.98,IDLE,,,,,,,,,,,,,,0,5,,,,,,,,,,,,,,,,,,,,CAP_FULL,,,,,,,,10.0,10.0,,,,,0,0,,,Inv: 10.0/10.0 CapLeft: 0.0,,,10.0,10.0,20.0,0.0
1765930841.8262043,btc-updown-15m-1765930500,1765930500.0,1765931400.0,,558.1737957000732,,,,,0,0,0.99,0.98,IDLE,,,,,,,,,,,,,,0,5,,,,,,,,,,,,,,,,,,,,CAP_FULL,,,,,,,,10.0,10.0,,,,,0,0,,,Inv: 10.0/10.0 CapLeft: 0.0,,,10.0,10.0,20.0,0.0
1765930843.7213812,btc-updown-15m-1765930500,1765930500.0,1765931400.0,,556.278618812561,,,,,0,0,0.98,0.98,IDLE,,,,,,,,,,,,,,0,5,,,,,,,,,,,,,,,,,,,,CAP_FULL,,,,,,,,10.0,10.0,,,,,0,0,,,Inv: 10.0/10.0 CapLeft: 0.0,,,10.0,10.0,20.0,0.0
1765930845.622895,btc-updown-15m-1765930500,1765930500.0,1765931400.0,,554.3771049976349,,,,,0,0,0.99,0.98,IDLE,,,,,,,,,,,,,,0,5,,,,,,,,,,,,,,,,,,,,CAP_FULL,,,,,,,,10.0,10.0,,,,,0,0,,,Inv: 10.0/10.0 CapLeft: 0.0,,,10.0,10.0,20.0,0.0
1765930847.5285802,btc-updown-15m-1765930500,1765930500.0,1765931400.0,,552.4714198112488,,,,,0,0,0.99,0.98,IDLE,,,,,,,,,,,,,,0,5,,,,,,,,,,,,,,,,,,,,CAP_FULL,,,,,,,,10.0,10.0,,,,,0,0,,,Inv: 10.0/10.0 CapLeft: 0.0,,,10.0,10.0,20.0,0.0
1765930849.482221,btc-updown-15m-1765930500,1765930500.0,1765931400.0,,550.5177791118622,,,,,0,0,0.98,0.98,IDLE,,,,,,,,,,,,,,0,5,,,,,,,,,,,,,,,,,,,,CAP_FULL,,,,,,,,10.0,10.0,,,,,0,0,,,Inv: 10.0/10.0 CapLeft: 0.0,,,10.0,10.0,20.0,0.0
1765930851.4104707,btc-updown-15m-1765930500,1765930500.0,1765931400.0,,548.5895292758942,,,,,0,0,0.99,0.98,IDLE,,,,,,,,,,,,,,0,5,,,,,,,,,,,,,,,,,,,,CAP_FULL,,,,,,,,10.0,10.0,,,,,0,0,,,Inv: 10.0/10.0 CapLeft: 0.0,,,10.0,10.0,20.0,0.0
1765930853.3227177,btc-updown-15m-1765930500,1765930500.0,1765931400.0,,546.677282333374,,,,,0,0,0.99,0.98,IDLE,,,,,,,,,,,,,,0,5,,,,,,,,,,,,,,,,,,,,CAP_FULL,,,,,,,,10.0,10.0,,,,,0,0,,,Inv: 10.0/10.0 CapLeft: 0.0,,,10.0,10.0,20.0,0.0
1765930855.222092,btc-updown-15m-1765930500,1765930500.0,1765931400.0,,544.7779080867767,,,,,0,0,0.99,0.98,IDLE,,,,,,,,,,,,,,0,5,,,,,,,,,,,,,,,,,,,,CAP_FULL,,,,,,,,10.0,10.0,,,,,0,0,,,Inv: 10.0/10.0 CapLeft: 0.0,,,10.0,10.0,20.0,0.0
1765930857.1502974,btc-updown-15m-1765930500,1765930500.0,1765931400.0,,542.8497025966644,,,,,0,0,0.98,0.98,IDLE,,,,,,,,,,,,,,0,5,,,,,,,,,,,,,,,,,,,,CAP_FULL,,,,,,,,10.0,10.0,,,,,0,0,,,Inv: 10.0/10.0 CapLeft: 0.0,,,10.0,10.0,20.0,0.0
1765930859.0531569,btc-updown-15m-1765930500,1765930500.0,1765931400.0,,540.9468431472778,,,,,0,0,0.99,0.98,IDLE,,,,,,,,,,,,,,0,5,,,,,,,,,,,,,,,,,,,,CAP_FULL,,,,,,,,10.0,10.0,,,,,0,0,,,Inv: 10.0/10.0 CapLeft: 0.0,,,10.0,10.0,20.0,0.0
1765930860.9668336,btc-updown-15m-1765930500,1765930500.0,1765931400.0,,539.0331664085388,,,,,0,0,0.99,0.98,IDLE,,,,,,,,,,,,,,0,5,,,,,,,,,,,,,,,,,,,,CAP_FULL,,,,,,,,10.0,10.0,,,,,0,0,,,Inv: 10.0/10.0 CapLeft: 0.0,,,10.0,10.0,20.0,0.0
1765930862.9072042,btc-updown-15m-1765930500,1765930500.0,1765931400.0,,537.0927958488464,,,,,0,0,0.99,0.98,IDLE,,,,,,,,,,,,,,0,5,,,,,,,,,,,,,,,,,,,,CAP_FULL,,,,,,,,10.0,10.0,,,,,0,0,,,Inv: 10.0/10.0 CapLeft: 0.0,,,10.0,10.0,20.0,0.0
1765930864.8512661,btc-updown-15m-1765930500,1765930500.0,1765931400.0,,535.1487338542938,,,,,0,0,0.98,0.98,IDLE,,,,,,,,,,,,,,0,5,,,,,,,,,,,,,,,,,,,,CAP_FULL,,,,,,,,10.0,10.0,,,,,0,0,,,Inv: 10.0/10.0 CapLeft: 0.0,,,10.0,10.0,20.0,0.0
1765930866.8137074,btc-updown-15m-1765930500,1765930500.0,1765931400.0,,533.1862926483154,,,,,0,0,0.98,0.98,IDLE,,,,,,,,,,,,,,0,5,,,,,,,,,,,,,,,,,,,,CAP_FULL,,,,,,,,10.0,10.0,,,,,0,0,,,Inv: 10.0/10.0 CapLeft: 0.0,,,10.0,10.0,20.0,0.0
1765930868.7562463,btc-updown-15m-1765930500,1765930500.0,1765931400.0,,531.2437536716461,,,,,0,0,0.99,0.98,IDLE,,,,,,,,,,,,,,0,5,,,,,,,,,,,,,,,,,,,,CAP_FULL,,,,,,,,10.0,10.0,,,,,0,0,,,Inv: 10.0/10.0 CapLeft: 0.0,,,10.0,10.0,20.0,0.0
1765930870.6816165,btc-updown-15m-1765930500,1765930500.0,1765931400.0,,529.3183834552765,,,,,0,0,0.99,0.98,IDLE,,,,,,,,,,,,,,0,5,,,,,,,,,,,,,,,,,,,,CAP_FULL,,,,,,,,10.0,10.0,,,,,0,0,,,Inv: 10.0/10.0 CapLeft: 0.0,,,10.0,10.0,20.0,0.0
1765930872.5864244,btc-updown-15m-1765930500,1765930500.0,1765931400.0,,527.4135756492615,,,,,0,0,0.99,0.98,IDLE,,,,,,,,,,,,,,0,5,,,,,,,,,,,,,,,,,,,,CAP_FULL,,,,,,,,10.0,10.0,,,,,0,0,,,Inv: 10.0/10.0 CapLeft: 0.0,,,10.0,10.0,20.0,0.0
1765930874.5182784,btc-updown-15m-1765930500,1765930500.0,1765931400.0,,525.4817216396332,,,,,0,0,0.99,0.98,IDLE,,,,,,,,,,,,,,0,5,,,,,,,,,,,,,,,,,,,,CAP_FULL,,,,,,,,10.0,10.0,,,,,0,0,,,Inv: 10.0/10.0 CapLeft: 0.0,,,10.0,10.0,20.0,0.0
1765930876.4455476,btc-updown-15m-1765930500,1765930500.0,1765931400.0,,523.554452419281,,,,,0,0,0.98,0.98,IDLE,,,,,,,,,,,,,,0,5,,,,,,,,,,,,,,,,,,,,CAP_FULL,,,,,,,,10.0,10.0,,,,,0,0,,,Inv: 10.0/10.0 CapLeft: 0.0,,,10.0,10.0,20.0,0.0
1765930878.349111,btc-updown-15m-1765930500,1765930500.0,1765931400.0,,521.6508889198303,,,,,0,0,0.99,0.98,IDLE,,,,,,,,,,,,,,0,5,,,,,,,,,,,,,,,,,,,,CAP_FULL,,,,,,,,10.0,10.0,,,,,0,0,,,Inv: 10.0/10.0 CapLeft: 0.0,,,10.0,10.0,20.0,0.0
1765930880.2879877,btc-updown-15m-1765930500,1765930500.0,1765931400.0,,519.7120122909546,,,,,0,0,0.99,0.98,IDLE,,,,,,,,,,,,,,0,5,,,,,,,,,,,,,,,,,,,,CAP_FULL,,,,,,,,10.0,10.0,,,,,0,0,,,Inv: 10.0/10.0 CapLeft: 0.0,,,10.0,10.0,20.0,0.0
1765930882.1912844,btc-updown-15m-1765930500,1765930500.0,1765931400.0,,517.8087155818939,,,,,0,0,0.99,0.98,IDLE,,,,,,,,,,,,,,0,5,,,,,,,,,,,,,,,,,,,,CAP_FULL,,,,,,,,10.0,10.0,,,,,0,0,,,Inv: 10.0/10.0 CapLeft: 0.0,,,10.0,10.0,20.0,0.0
1765930884.1355855,btc-updown-15m-1765930500,1765930500.0,1765931400.0,,515.8644144535065,,,,,0,0,0.99,0.98,IDLE,,,,,,,,,,,,,,0,5,,,,,,,,,,,,,,,,,,,,CAP_FULL,,,,,,,,10.0,10.0,,,,,0,0,,,Inv: 10.0/10.0 CapLeft: 0.0,,,10.0,10.0,20.0,0.0
1765930886.067382,btc-updown-15m-1765930500,1765930500.0,1765931400.0,,513.9326179027557,,,,,0,0,0.98,0.98,IDLE,,,,,,,,,,,,,,0,5,,,,,,,,,,,,,,,,,,,,CAP_FULL,,,,,,,,10.0,10.0,,,,,0,0,,,Inv: 10.0/10.0 CapLeft: 0.0,,,10.0,10.0,20.0,0.0
1765930888.0132356,btc-updown-15m-1765930500,1765930500.0,1765931400.0,,511.98676443099976,,,,,0,0,0.99,0.98,IDLE,,,,,,,,,,,,,,0,5,,,,,,,,,,,,,,,,,,,,CAP_FULL,,,,,,,,10.0,10.0,,,,,0,0,,,Inv: 10.0/10.0 CapLeft: 0.0,,,10.0,10.0,20.0,0.0
1765930889.9143634,btc-updown-15m-1765930500,1765930500.0,1765931400.0,,510.0856366157532,,,,,0,0,0.99,0.98,IDLE,,,,,,,,,,,,,,0,5,,,,,,,,,,,,,,,,,,,,CAP_FULL,,,,,,,,10.0,10.0,,,,,0,0,,,Inv: 10.0/10.0 CapLeft: 0.0,,,10.0,10.0,20.0,0.0
1765930891.8351908,btc-updown-15m-1765930500,1765930500.0,1765931400.0,,508.16480922698975,,,,,0,0,0.99,0.98,IDLE,,,,,,,,,,,,,,0,5,,,,,,,,,,,,,,,,,,,,CAP_FULL,,,,,,,,10.0,10.0,,,,,0,0,,,Inv: 10.0/10.0 CapLeft: 0.0,,,10.0,10.0,20.0,0.0
1765930893.7383928,btc-updown-15m-1765930500,1765930500.0,1765931400.0,,506.261607170105,,,,,0,0,0.99,0.98,IDLE,,,,,,,,,,,,,,0,5,,,,,,,,,,,,,,,,,,,,CAP_FULL,,,,,,,,10.0,10.0,,,,,0,0,,,Inv: 10.0/10.0 CapLeft: 0.0,,,10.0,10.0,20.0,0.0
1765930895.6676326,btc-updown-15m-1765930500,1765930500.0,1765931400.0,,504.33236742019653,,,,,0,0,0.99,0.98,IDLE,,,,,,,,,,,,,,0,5,,,,,,,,,,,,,,,,,,,,CAP_FULL,,,,,,,,10.0,10.0,,,,,0,0,,,Inv: 10.0/10.0 CapLeft: 0.0,,,10.0,10.0,20.0,0.0
1765930897.56076,btc-updown-15m-1765930500,1765930500.0,1765931400.0,,502.4392399787903,,,,,0,0,0.98,0.98,IDLE,,,,,,,,,,,,,,0,5,,,,,,,,,,,,,,,,,,,,CAP_FULL,,,,,,,,10.0,10.0,,,,,0,0,,,Inv: 10.0/10.0 CapLeft: 0.0,,,10.0,10.0,20.0,0.0
1765930899.4713845,btc-updown-15m-1765930500,1765930500.0,1765931400.0,,500.5286154747009,,,,,0,0,0.99,0.98,IDLE,,,,,,,,,,,,,,0,5,,,,,,,,,,,,,,,,,,,,CAP_FULL,,,,,,,,10.0,10.0,,,,,0,0,,,Inv: 10.0/10.0 CapLeft: 0.0,,,10.0,10.0,20.0,0.0
1765930901.3675222,btc-updown-15m-1765930500,1765930500.0,1765931400.0,,498.63247776031494,,,,,0,0,0.99,0.98,IDLE,,,,,,,,,,,,,,0,5,,,,,,,,,,,,,,,,,,,,CAP_FULL,,,,,,,,10.0,10.0,,,,,0,0,,,Inv: 10.0/10.0 CapLeft: 0.0,,,10.0,10.0,20.0,0.0
1765930903.3076487,btc-updown-15m-1765930500,1765930500.0,1765931400.0,,496.69235134124756,,,,,0,0,1.0,0.98,IDLE,,,,,,,,,,,,,,0,5,,,,,,,,,,,,,,,,,,,,CAP_FULL,,,,,,,,10.0,10.0,,,,,0,0,,,Inv: 10.0/10.0 CapLeft: 0.0,,,10.0,10.0,20.0,0.0
1765930905.2072477,btc-updown-15m-1765930500,1765930500.0,1765931400.0,,494.7927522659302,,,,,0,0,0.99,0.98,IDLE,,,,,,,,,,,,,,0,5,,,,,,,,,,,,,,,,,,,,CAP_FULL,,,,,,,,10.0,10.0,,,,,0,0,,,Inv: 10.0/10.0 CapLeft: 0.0,,,10.0,10.0,20.0,0.0
1765930907.1070964,btc-updown-15m-1765930500,1765930500.0,1765931400.0,,492.8929035663605,,,,,0,0,1.0,0.98,IDLE,,,,,,,,,,,,,,0,5,,,,,,,,,,,,,,,,,,,,CAP_FULL,,,,,,,,10.0,10.0,,,,,0,0,,,Inv: 10.0/10.0 CapLeft: 0.0,,,10.0,10.0,20.0,0.0
1765930909.0444937,btc-updown-15m-1765930500,1765930500.0,1765931400.0,,490.95550632476807,,,,,0,0,0.99,0.98,IDLE,,,,,,,,,,,,,,0,5,,,,,,,,,,,,,,,,,,,,CAP_FULL,,,,,,,,10.0,10.0,,,,,0,0,,,Inv: 10.0/10.0 CapLeft: 0.0,,,10.0,10.0,20.0,0.0
1765930910.9486768,btc-updown-15m-1765930500,1765930500.0,1765931400.0,,489.0513231754303,,,,,0,0,0.98,0.98,IDLE,,,,,,,,,,,,,,0,5,,,,,,,,,,,,,,,,,,,,CAP_FULL,,,,,,,,10.0,10.0,,,,,0,0,,,Inv: 10.0/10.0 CapLeft: 0.0,,,10.0,10.0,20.0,0.0
1765930912.87,btc-updown-15m-1765930500,1765930500.0,1765931400.0,,487.1300001144409,,,,,0,0,0.99,0.98,IDLE,,,,,,,,,,,,,,0,5,,,,,,,,,,,,,,,,,,,,CAP_FULL,,,,,,,,10.0,10.0,,,,,0,0,,,Inv: 10.0/10.0 CapLeft: 0.0,,,10.0,10.0,20.0,0.0
1765930914.8009999,btc-updown-15m-1765930500,1765930500.0,1765931400.0,,485.19900012016296,,,,,0,0,0.99,0.98,IDLE,,,,,,,,,,,,,,0,5,,,,,,,,,,,,,,,,,,,,CAP_FULL,,,,,,,,10.0,10.0,,,,,0,0,,,Inv: 10.0/10.0 CapLeft: 0.0,,,10.0,10.0,20.0,0.0
1765930916.7129607,btc-updown-15m-1765930500,1765930500.0,1765931400.0,,483.28703927993774,,,,,0,0,0.99,0.98,IDLE,,,,,,,,,,,,,,0,5,,,,,,,,,,,,,,,,,,,,CAP_FULL,,,,,,,,10.0,10.0,,,,,0,0,,,Inv: 10.0/10.0 CapLeft: 0.0,,,10.0,10.0,20.0,0.0
1765930918.6230352,btc-updown-15m-1765930500,1765930500.0,1765931400.0,,481.3769648075104,,,,,0,0,0.99,0.98,IDLE,,,,,,,,,,,,,,0,5,,,,,,,,,,,,,,,,,,,,CAP_FULL,,,,,,,,10.0,10.0,,,,,0,0,,,Inv: 10.0/10.0 CapLeft: 0.0,,,10.0,10.0,20.0,0.0
1765930920.5202956,btc-updown-15m-1765930500,1765930500.0,1765931400.0,,479.4797043800354,,,,,0,0,0.99,0.98,IDLE,,,,,,,,,,,,,,0,5,,,,,,,,,,,,,,,,,,,,CAP_FULL,,,,,,,,10.0,10.0,,,,,0,0,,,Inv: 10.0/10.0 CapLeft: 0.0,,,10.0,10.0,20.0,0.0
1765930922.4278846,btc-updown-15m-1765930500,1765930500.0,1765931400.0,,477.57211542129517,,,,,0,0,1.0,0.98,IDLE,,,,,,,,,,,,,,0,5,,,,,,,,,,,,,,,,,,,,CAP_FULL,,,,,,,,10.0,10.0,,,,,0,0,,,Inv: 10.0/10.0 CapLeft: 0.0,,,10.0,10.0,20.0,0.0
1765930924.3618045,btc-updown-15m-1765930500,1765930500.0,1765931400.0,,475.63819551467896,,,,,0,0,1.0,0.98,IDLE,,,,,,,,,,,,,,0,5,,,,,,,,,,,,,,,,,,,,CAP_FULL,,,,,,,,10.0,10.0,,,,,0,0,,,Inv: 10.0/10.0 CapLeft: 0.0,,,10.0,10.0,20.0,0.0
1765930926.265862,btc-updown-15m-1765930500,1765930500.0,1765931400.0,,473.7341380119324,,,,,0,0,0.98,0.98,IDLE,,,,,,,,,,,,,,0,5,,,,,,,,,,,,,,,,,,,,CAP_FULL,,,,,,,,10.0,10.0,,,,,0,0,,,Inv: 10.0/10.0 CapLeft: 0.0,,,10.0,10.0,20.0,0.0
1765930928.1797535,btc-updown-15m-1765930500,1765930500.0,1765931400.0,,471.8202464580536,,,,,0,0,0.98,0.98,IDLE,,,,,,,,,,,,,,0,5,,,,,,,,,,,,,,,,,,,,CAP_FULL,,,,,,,,10.0,10.0,,,,,0,0,,,Inv: 10.0/10.0 CapLeft: 0.0,,,10.0,10.0,20.0,0.0
1765930930.0989723,btc-updown-15m-1765930500,1765930500.0,1765931400.0,,469.90102767944336,,,,,0,0,0.98,0.98,IDLE,,,,,,,,,,,,,,0,5,,,,,,,,,,,,,,,,,,,,CAP_FULL,,,,,,,,10.0,10.0,,,,,0,0,,,Inv: 10.0/10.0 CapLeft: 0.0,,,10.0,10.0,20.0,0.0
1765930932.0138228,btc-updown-15m-1765930500,1765930500.0,1765931400.0,,467.98617720603943,,,,,0,0,0.98,0.98,IDLE,,,,,,,,,,,,,,0,5,,,,,,,,,,,,,,,,,,,,CAP_FULL,,,,,,,,10.0,10.0,,,,,0,0,,,Inv: 10.0/10.0 CapLeft: 0.0,,,10.0,10.0,20.0,0.0
1765930933.9133675,btc-updown-15m-1765930500,1765930500.0,1765931400.0,,466.0866324901581,,,,,0,0,0.99,0.98,IDLE,,,,,,,,,,,,,,0,5,,,,,,,,,,,,,,,,,,,,CAP_FULL,,,,,,,,10.0,10.0,,,,,0,0,,,Inv: 10.0/10.0 CapLeft: 0.0,,,10.0,10.0,20.0,0.0
1765930935.8591142,btc-updown-15m-1765930500,1765930500.0,1765931400.0,,464.14088582992554,,,,,0,0,0.9199999999999999,0.98,IDLE,,,,,,,,,,,,,,0,5,,,,,,,,,,,,,,,,,,,,CAP_FULL,,,,,,,,10.0,10.0,,,,,0,0,,,Inv: 10.0/10.0 CapLeft: 0.0,,,10.0,10.0,20.0,0.0
1765930937.8285794,btc-updown-15m-1765930500,1765930500.0,1765931400.0,,462.17142057418823,,,,,0,0,0.99,0.98,IDLE,,,,,,,,,,,,,,0,5,,,,,,,,,,,,,,,,,,,,CAP_FULL,,,,,,,,10.0,10.0,,,,,0,0,,,Inv: 10.0/10.0 CapLeft: 0.0,,,10.0,10.0,20.0,0.0
1765930939.7232826,btc-updown-15m-1765930500,1765930500.0,1765931400.0,,460.2767174243927,,,,,0,0,0.99,0.98,IDLE,,,,,,,,,,,,,,0,5,,,,,,,,,,,,,,,,,,,,CAP_FULL,,,,,,,,10.0,10.0,,,,,0,0,,,Inv: 10.0/10.0 CapLeft: 0.0,,,10.0,10.0,20.0,0.0
1765930941.6251404,btc-updown-15m-1765930500,1765930500.0,1765931400.0,,458.3748595714569,,,,,0,0,0.98,0.98,IDLE,,,,,,,,,,,,,,0,5,,,,,,,,,,,,,,,,,,,,CAP_FULL,,,,,,,,10.0,10.0,,,,,0,0,,,Inv: 10.0/10.0 CapLeft: 0.0,,,10.0,10.0,20.0,0.0
1765930943.5428596,btc-updown-15m-1765930500,1765930500.0,1765931400.0,,456.45714044570923,,,,,0,0,0.98,0.98,IDLE,,,,,,,,,,,,,,0,5,,,,,,,,,,,,,,,,,,,,CAP_FULL,,,,,,,,10.0,10.0,,,,,0,0,,,Inv: 10.0/10.0 CapLeft: 0.0,,,10.0,10.0,20.0,0.0
1765930945.4549017,btc-updown-15m-1765930500,1765930500.0,1765931400.0,,454.54509830474854,,,,,0,0,0.99,0.98,IDLE,,,,,,,,,,,,,,0,5,,,,,,,,,,,,,,,,,,,,CAP_FULL,,,,,,,,10.0,10.0,,,,,0,0,,,Inv: 10.0/10.0 CapLeft: 0.0,,,10.0,10.0,20.0,0.0
1765930947.3582435,btc-updown-15m-1765930500,1765930500.0,1765931400.0,,452.6417565345764,,,,,0,0,0.98,0.98,IDLE,,,,,,,,,,,,,,0,5,,,,,,,,,,,,,,,,,,,,CAP_FULL,,,,,,,,10.0,10.0,,,,,0,0,,,Inv: 10.0/10.0 CapLeft: 0.0,,,10.0,10.0,20.0,0.0
1765930949.2689064,btc-updown-15m-1765930500,1765930500.0,1765931400.0,,450.7310936450958,,,,,0,0,0.99,0.98,IDLE,,,,,,,,,,,,,,0,5,,,,,,,,,,,,,,,,,,,,CAP_FULL,,,,,,,,10.0,10.0,,,,,0,0,,,Inv: 10.0/10.0 CapLeft: 0.0,,,10.0,10.0,20.0,0.0
1765930951.1704912,btc-updown-15m-1765930500,1765930500.0,1765931400.0,,448.8295087814331,,,,,0,0,0.98,0.98,IDLE,,,,,,,,,,,,,,0,5,,,,,,,,,,,,,,,,,,,,CAP_FULL,,,,,,,,10.0,10.0,,,,,0,0,,,Inv: 10.0/10.0 CapLeft: 0.0,,,10.0,10.0,20.0,0.0
1765930953.1163785,btc-updown-15m-1765930500,1765930500.0,1765931400.0,,446.8836214542389,,,,,0,0,0.99,0.98,IDLE,,,,,,,,,,,,,,0,5,,,,,,,,,,,,,,,,,,,,CAP_FULL,,,,,,,,10.0,10.0,,,,,0,0,,,Inv: 10.0/10.0 CapLeft: 0.0,,,10.0,10.0,20.0,0.0
1765930955.0096152,btc-updown-15m-1765930500,1765930500.0,1765931400.0,,444.9903848171234,,,,,0,0,0.98,0.98,IDLE,,,,,,,,,,,,,,0,5,,,,,,,,,,,,,,,,,,,,CAP_FULL,,,,,,,,10.0,10.0,,,,,0,0,,,Inv: 10.0/10.0 CapLeft: 0.0,,,10.0,10.0,20.0,0.0
1765930956.9040294,btc-updown-15m-1765930500,1765930500.0,1765931400.0,,443.09597063064575,,,,,0,0,0.99,0.98,IDLE,,,,,,,,,,,,,,0,5,,,,,,,,,,,,,,,,,,,,CAP_FULL,,,,,,,,10.0,10.0,,,,,0,0,,,Inv: 10.0/10.0 CapLeft: 0.0,,,10.0,10.0,20.0,0.0
1765930958.8112485,btc-updown-15m-1765930500,1765930500.0,1765931400.0,,441.1887514591217,,,,,0,0,0.98,0.98,IDLE,,,,,,,,,,,,,,0,5,,,,,,,,,,,,,,,,,,,,CAP_FULL,,,,,,,,10.0,10.0,,,,,0,0,,,Inv: 10.0/10.0 CapLeft: 0.0,,,10.0,10.0,20.0,0.0
1765930960.9337175,btc-updown-15m-1765930500,1765930500.0,1765931400.0,,439.06628251075745,,,,,0,0,0.98,0.98,IDLE,,,,,,,,,,,,,,0,5,,,,,,,,,,,,,,,,,,,,CAP_FULL,,,,,,,,10.0,10.0,,,,,0,0,,,Inv: 10.0/10.0 CapLeft: 0.0,,,10.0,10.0,20.0,0.0
1765930962.8553178,btc-updown-15m-1765930500,1765930500.0,1765931400.0,,437.14468216896057,,,,,0,0,0.99,0.98,IDLE,,,,,,,,,,,,,,0,5,,,,,,,,,,,,,,,,,,,,CAP_FULL,,,,,,,,10.0,10.0,,,,,0,0,,,Inv: 10.0/10.0 CapLeft: 0.0,,,10.0,10.0,20.0,0.0
1765930964.7532868,btc-updown-15m-1765930500,1765930500.0,1765931400.0,,435.2467131614685,,,,,0,0,0.99,0.98,IDLE,,,,,,,,,,,,,,0,5,,,,,,,,,,,,,,,,,,,,CAP_FULL,,,,,,,,10.0,10.0,,,,,0,0,,,Inv: 10.0/10.0 CapLeft: 0.0,,,10.0,10.0,20.0,0.0
1765930966.6707425,btc-updown-15m-1765930500,1765930500.0,1765931400.0,,433.32925748825073,,,,,0,0,0.98,0.98,IDLE,,,,,,,,,,,,,,0,5,,,,,,,,,,,,,,,,,,,,CAP_FULL,,,,,,,,10.0,10.0,,,,,0,0,,,Inv: 10.0/10.0 CapLeft: 0.0,,,10.0,10.0,20.0,0.0
1765930968.569422,btc-updown-15m-1765930500,1765930500.0,1765931400.0,,431.43057799339294,,,,,0,0,0.97,0.98,IDLE,,,,,,,,,,,,,,0,5,,,,,,,,,,,,,,,,,,,,CAP_FULL,,,,,,,,10.0,10.0,,,,,0,0,,,Inv: 10.0/10.0 CapLeft: 0.0,,,10.0,10.0,20.0,0.0
1765930970.5096774,btc-updown-15m-1765930500,1765930500.0,1765931400.0,,429.49032258987427,,,,,0,0,0.98,0.98,IDLE,,,,,,,,,,,,,,0,5,,,,,,,,,,,,,,,,,,,,CAP_FULL,,,,,,,,10.0,10.0,,,,,0,0,,,Inv: 10.0/10.0 CapLeft: 0.0,,,10.0,10.0,20.0,0.0
1765930972.4066968,btc-updown-15m-1765930500,1765930500.0,1765931400.0,,427.59330320358276,,,,,0,0,0.99,0.98,IDLE,,,,,,,,,,,,,,0,5,,,,,,,,,,,,,,,,,,,,CAP_FULL,,,,,,,,10.0,10.0,,,,,0,0,,,Inv: 10.0/10.0 CapLeft: 0.0,,,10.0,10.0,20.0,0.0
1765930974.3244445,btc-updown-15m-1765930500,1765930500.0,1765931400.0,,425.6755554676056,,,,,0,0,0.99,0.98,IDLE,,,,,,,,,,,,,,0,5,,,,,,,,,,,,,,,,,,,,CAP_FULL,,,,,,,,10.0,10.0,,,,,0,0,,,Inv: 10.0/10.0 CapLeft: 0.0,,,10.0,10.0,20.0,0.0
1765930976.2615793,btc-updown-15m-1765930500,1765930500.0,1765931400.0,,423.7384207248688,,,,,0,0,0.99,0.98,IDLE,,,,,,,,,,,,,,0,5,,,,,,,,,,,,,,,,,,,,CAP_FULL,,,,,,,,10.0,10.0,,,,,0,0,,,Inv: 10.0/10.0 CapLeft: 0.0,,,10.0,10.0,20.0,0.0
1765930978.1765428,btc-updown-15m-1765930500,1765930500.0,1765931400.0,,421.82345724105835,,,,,0,0,0.99,0.98,IDLE,,,,,,,,,,,,,,0,5,,,,,,,,,,,,,,,,,,,,CAP_FULL,,,,,,,,10.0,10.0,,,,,0,0,,,Inv: 10.0/10.0 CapLeft: 0.0,,,10.0,10.0,20.0,0.0
1765930980.0930383,btc-updown-15m-1765930500,1765930500.0,1765931400.0,,419.9069616794586,,,,,0,0,0.99,0.98,IDLE,,,,,,,,,,,,,,0,5,,,,,,,,,,,,,,,,,,,,CAP_FULL,,,,,,,,10.0,10.0,,,,,0,0,,,Inv: 10.0/10.0 CapLeft: 0.0,,,10.0,10.0,20.0,0.0
1765930982.013045,btc-updown-15m-1765930500,1765930500.0,1765931400.0,,417.98695492744446,,,,,0,0,0.98,0.98,IDLE,,,,,,,,,,,,,,0,5,,,,,,,,,,,,,,,,,,,,CAP_FULL,,,,,,,,10.0,10.0,,,,,0,0,,,Inv: 10.0/10.0 CapLeft: 0.0,,,10.0,10.0,20.0,0.0
1765930983.9617977,btc-updown-15m-1765930500,1765930500.0,1765931400.0,,416.0382022857666,,,,,0,0,0.99,0.98,IDLE,,,,,,,,,,,,,,0,5,,,,,,,,,,,,,,,,,,,,CAP_FULL,,,,,,,,10.0,10.0,,,,,0,0,,,Inv: 10.0/10.0 CapLeft: 0.0,,,10.0,10.0,20.0,0.0
1765930985.882301,btc-updown-15m-1765930500,1765930500.0,1765931400.0,,414.1176989078522,,,,,0,0,0.98,0.98,IDLE,,,,,,,,,,,,,,0,5,,,,,,,,,,,,,,,,,,,,CAP_FULL,,,,,,,,10.0,10.0,,,,,0,0,,,Inv: 10.0/10.0 CapLeft: 0.0,,,10.0,10.0,20.0,0.0
1765930987.8179412,btc-updown-15m-1765930500,1765930500.0,1765931400.0,,412.18205881118774,,,,,0,0,0.98,0.98,IDLE,,,,,,,,,,,,,,0,5,,,,,,,,,,,,,,,,,,,,CAP_FULL,,,,,,,,10.0,10.0,,,,,0,0,,,Inv: 10.0/10.0 CapLeft: 0.0,,,10.0,10.0,20.0,0.0
1765930989.7113676,btc-updown-15m-1765930500,1765930500.0,1765931400.0,,410.2886323928833,,,,,0,0,0.99,0.98,IDLE,,,,,,,,,,,,,,0,5,,,,,,,,,,,,,,,,,,,,CAP_FULL,,,,,,,,10.0,10.0,,,,,0,0,,,Inv: 10.0/10.0 CapLeft: 0.0,,,10.0,10.0,20.0,0.0
1765930991.6204612,btc-updown-15m-1765930500,1765930500.0,1765931400.0,,408.37953877449036,,,,,0,0,0.99,0.98,IDLE,,,,,,,,,,,,,,0,5,,,,,,,,,,,,,,,,,,,,CAP_FULL,,,,,,,,10.0,10.0,,,,,0,0,,,Inv: 10.0/10.0 CapLeft: 0.0,,,10.0,10.0,20.0,0.0
1765930993.5311944,btc-updown-15m-1765930500,1765930500.0,1765931400.0,,406.46880555152893,,,,,0,0,0.99,0.98,IDLE,,,,,,,,,,,,,,0,5,,,,,,,,,,,,,,,,,,,,CAP_FULL,,,,,,,,10.0,10.0,,,,,0,0,,,Inv: 10.0/10.0 CapLeft: 0.0,,,10.0,10.0,20.0,0.0
1765930995.461492,btc-updown-15m-1765930500,1765930500.0,1765931400.0,,404.538507938385,,,,,0,0,0.99,0.98,IDLE,,,,,,,,,,,,,,0,5,,,,,,,,,,,,,,,,,,,,CAP_FULL,,,,,,,,10.0,10.0,,,,,0,0,,,Inv: 10.0/10.0 CapLeft: 0.0,,,10.0,10.0,20.0,0.0
1765930997.3723428,btc-updown-15m-1765930500,1765930500.0,1765931400.0,,402.6276571750641,,,,,0,0,0.98,0.98,IDLE,,,,,,,,,,,,,,0,5,,,,,,,,,,,,,,,,,,,,CAP_FULL,,,,,,,,10.0,10.0,,,,,0,0,,,Inv: 10.0/10.0 CapLeft: 0.0,,,10.0,10.0,20.0,0.0
1765930999.273352,btc-updown-15m-1765930500,1765930500.0,1765931400.0,,400.7266480922699,,,,,0,0,0.99,0.98,IDLE,,,,,,,,,,,,,,0,5,,,,,,,,,,,,,,,,,,,,CAP_FULL,,,,,,,,10.0,10.0,,,,,0,0,,,Inv: 10.0/10.0 CapLeft: 0.0,,,10.0,10.0,20.0,0.0
1765931001.2208579,btc-updown-15m-1765930500,1765930500.0,1765931400.0,,398.77914214134216,,,,,0,0,0.98,0.98,IDLE,,,,,,,,,,,,,,0,5,,,,,,,,,,,,,,,,,,,,CAP_FULL,,,,,,,,10.0,10.0,,,,,0,0,,,Inv: 10.0/10.0 CapLeft: 0.0,,,10.0,10.0,20.0,0.0
1765931003.1304364,btc-updown-15m-1765930500,1765930500.0,1765931400.0,,396.8695635795593,,,,,0,0,0.98,0.98,IDLE,,,,,,,,,,,,,,0,5,,,,,,,,,,,,,,,,,,,,CAP_FULL,,,,,,,,10.0,10.0,,,,,0,0,,,Inv: 10.0/10.0 CapLeft: 0.0,,,10.0,10.0,20.0,0.0
1765931005.0446475,btc-updown-15m-1765930500,1765930500.0,1765931400.0,,394.95535254478455,,,,,0,0,0.99,0.98,IDLE,,,,,,,,,,,,,,0,5,,,,,,,,,,,,,,,,,,,,CAP_FULL,,,,,,,,10.0,10.0,,,,,0,0,,,Inv: 10.0/10.0 CapLeft: 0.0,,,10.0,10.0,20.0,0.0
1765931006.999897,btc-updown-15m-1765930500,1765930500.0,1765931400.0,,393.0001029968262,,,,,0,0,0.99,0.98,IDLE,,,,,,,,,,,,,,0,5,,,,,,,,,,,,,,,,,,,,CAP_FULL,,,,,,,,10.0,10.0,,,,,0,0,,,Inv: 10.0/10.0 CapLeft: 0.0,,,10.0,10.0,20.0,0.0
1765931008.9201007,btc-updown-15m-1765930500,1765930500.0,1765931400.0,,391.0798993110657,,,,,0,0,0.99,0.98,IDLE,,,,,,,,,,,,,,0,5,,,,,,,,,,,,,,,,,,,,CAP_FULL,,,,,,,,10.0,10.0,,,,,0,0,,,Inv: 10.0/10.0 CapLeft: 0.0,,,10.0,10.0,20.0,0.0
1765931010.8518405,btc-updown-15m-1765930500,1765930500.0,1765931400.0,,389.14815950393677,,,,,0,0,0.99,0.98,IDLE,,,,,,,,,,,,,,0,5,,,,,,,,,,,,,,,,,,,,CAP_FULL,,,,,,,,10.0,10.0,,,,,0,0,,,Inv: 10.0/10.0 CapLeft: 0.0,,,10.0,10.0,20.0,0.0
1765931012.7655778,btc-updown-15m-1765930500,1765930500.0,1765931400.0,,387.23442220687866,,,,,0,0,0.99,0.98,IDLE,,,,,,,,,,,,,,0,5,,,,,,,,,,,,,,,,,,,,CAP_FULL,,,,,,,,10.0,10.0,,,,,0,0,,,Inv: 10.0/10.0 CapLeft: 0.0,,,10.0,10.0,20.0,0.0
1765931014.7039196,btc-updown-15m-1765930500,1765930500.0,1765931400.0,,385.29608035087585,,,,,0,0,0.99,0.98,IDLE,,,,,,,,,,,,,,0,5,,,,,,,,,,,,,,,,,,,,CAP_FULL,,,,,,,,10.0,10.0,,,,,0,0,,,Inv: 10.0/10.0 CapLeft: 0.0,,,10.0,10.0,20.0,0.0
1765931016.6392407,btc-updown-15m-1765930500,1765930500.0,1765931400.0,,383.36075925827026,,,,,0,0,0.98,0.98,IDLE,,,,,,,,,,,,,,0,5,,,,,,,,,,,,,,,,,,,,CAP_FULL,,,,,,,,10.0,10.0,,,,,0,0,,,Inv: 10.0/10.0 CapLeft: 0.0,,,10.0,10.0,20.0,0.0
1765931018.5856977,btc-updown-15m-1765930500,1765930500.0,1765931400.0,,381.4143023490906,,,,,0,0,0.99,0.98,IDLE,,,,,,,,,,,,,,0,5,,,,,,,,,,,,,,,,,,,,CAP_FULL,,,,,,,,10.0,10.0,,,,,0,0,,,Inv: 10.0/10.0 CapLeft: 0.0,,,10.0,10.0,20.0,0.0
1765931020.5244935,btc-updown-15m-1765930500,1765930500.0,1765931400.0,,379.47550654411316,,,,,0,0,0.99,0.98,IDLE,,,,,,,,,,,,,,0,5,,,,,,,,,,,,,,,,,,,,CAP_FULL,,,,,,,,10.0,10.0,,,,,0,0,,,Inv: 10.0/10.0 CapLeft: 0.0,,,10.0,10.0,20.0,0.0
1765931022.459606,btc-updown-15m-1765930500,1765930500.0,1765931400.0,,377.5403940677643,,,,,0,0,0.98,0.98,IDLE,,,,,,,,,,,,,,0,5,,,,,,,,,,,,,,,,,,,,CAP_FULL,,,,,,,,10.0,10.0,,,,,0,0,,,Inv: 10.0/10.0 CapLeft: 0.0,,,10.0,10.0,20.0,0.0
1765931024.3818574,btc-updown-15m-1765930500,1765930500.0,1765931400.0,,375.6181426048279,,,,,0,0,0.99,0.98,IDLE,,,,,,,,,,,,,,0,5,,,,,,,,,,,,,,,,,,,,CAP_FULL,,,,,,,,10.0,10.0,,,,,0,0,,,Inv: 10.0/10.0 CapLeft: 0.0,,,10.0,10.0,20.0,0.0
1765931026.2933033,btc-updown-15m-1765930500,1765930500.0,1765931400.0,,373.7066967487335,,,,,0,0,0.99,0.98,IDLE,,,,,,,,,,,,,,0,5,,,,,,,,,,,,,,,,,,,,CAP_FULL,,,,,,,,10.0,10.0,,,,,0,0,,,Inv: 10.0/10.0 CapLeft: 0.0,,,10.0,10.0,20.0,0.0
1765931028.1952388,btc-updown-15m-1765930500,1765930500.0,1765931400.0,,371.80476117134094,,,,,0,0,0.99,0.98,IDLE,,,,,,,,,,,,,,0,5,,,,,,,,,,,,,,,,,,,,CAP_FULL,,,,,,,,10.0,10.0,,,,,0,0,,,Inv: 10.0/10.0 CapLeft: 0.0,,,10.0,10.0,20.0,0.0
1765931030.1499174,btc-updown-15m-1765930500,1765930500.0,1765931400.0,,369.8500826358795,,,,,0,0,0.99,0.98,IDLE,,,,,,,,,,,,,,0,5,,,,,,,,,,,,,,,,,,,,CAP_FULL,,,,,,,,10.0,10.0,,,,,0,0,,,Inv: 10.0/10.0 CapLeft: 0.0,,,10.0,10.0,20.0,0.0
1765931032.0624878,btc-updown-15m-1765930500,1765930500.0,1765931400.0,,367.93751215934753,,,,,0,0,0.99,0.98,IDLE,,,,,,,,,,,,,,0,5,,,,,,,,,,,,,,,,,,,,CAP_FULL,,,,,,,,10.0,10.0,,,,,0,0,,,Inv: 10.0/10.0 CapLeft: 0.0,,,10.0,10.0,20.0,0.0
1765931033.968979,btc-updown-15m-1765930500,1765930500.0,1765931400.0,,366.03102111816406,,,,,0,0,0.99,0.98,IDLE,,,,,,,,,,,,,,0,5,,,,,,,,,,,,,,,,,,,,CAP_FULL,,,,,,,,10.0,10.0,,,,,0,0,,,Inv: 10.0/10.0 CapLeft: 0.0,,,10.0,10.0,20.0,0.0
1765931035.9003484,btc-updown-15m-1765930500,1765930500.0,1765931400.0,,364.0996515750885,,,,,0,0,0.99,0.98,IDLE,,,,,,,,,,,,,,0,5,,,,,,,,,,,,,,,,,,,,CAP_FULL,,,,,,,,10.0,10.0,,,,,0,0,,,Inv: 10.0/10.0 CapLeft: 0.0,,,10.0,10.0,20.0,0.0
1765931037.8077874,btc-updown-15m-1765930500,1765930500.0,1765931400.0,,362.1922125816345,,,,,0,0,0.99,0.98,IDLE,,,,,,,,,,,,,,0,5,,,,,,,,,,,,,,,,,,,,CAP_FULL,,,,,,,,10.0,10.0,,,,,0,0,,,Inv: 10.0/10.0 CapLeft: 0.0,,,10.0,10.0,20.0,0.0
1765931039.7305212,btc-updown-15m-1765930500,1765930500.0,1765931400.0,,360.2694787979126,,,,,0,0,0.99,0.98,IDLE,,,,,,,,,,,,,,0,5,,,,,,,,,,,,,,,,,,,,CAP_FULL,,,,,,,,10.0,10.0,,,,,0,0,,,Inv: 10.0/10.0 CapLeft: 0.0,,,10.0,10.0,20.0,0.0
1765931041.65855,btc-updown-15m-1765930500,1765930500.0,1765931400.0,,358.3414499759674,,,,,0,0,0.98,0.98,IDLE,,,,,,,,,,,,,,0,5,,,,,,,,,,,,,,,,,,,,CAP_FULL,,,,,,,,10.0,10.0,,,,,0,0,,,Inv: 10.0/10.0 CapLeft: 0.0,,,10.0,10.0,20.0,0.0
1765931043.5780413,btc-updown-15m-1765930500,1765930500.0,1765931400.0,,356.42195868492126,,,,,0,0,0.99,0.98,IDLE,,,,,,,,,,,,,,0,5,,,,,,,,,,,,,,,,,,,,CAP_FULL,,,,,,,,10.0,10.0,,,,,0,0,,,Inv: 10.0/10.0 CapLeft: 0.0,,,10.0,10.0,20.0,0.0
1765931045.4821668,btc-updown-15m-1765930500,1765930500.0,1765931400.0,,354.51783323287964,,,,,0,0,0.99,0.98,IDLE,,,,,,,,,,,,,,0,5,,,,,,,,,,,,,,,,,,,,CAP_FULL,,,,,,,,10.0,10.0,,,,,0,0,,,Inv: 10.0/10.0 CapLeft: 0.0,,,10.0,10.0,20.0,0.0
1765931047.3923166,btc-updown-15m-1765930500,1765930500.0,1765931400.0,,352.6076834201813,,,,,0,0,0.99,0.98,IDLE,,,,,,,,,,,,,,0,5,,,,,,,,,,,,,,,,,,,,CAP_FULL,,,,,,,,10.0,10.0,,,,,0,0,,,Inv: 10.0/10.0 CapLeft: 0.0,,,10.0,10.0,20.0,0.0
1765931049.3284318,btc-updown-15m-1765930500,1765930500.0,1765931400.0,,350.6715681552887,,,,,0,0,0.98,0.98,IDLE,,,,,,,,,,,,,,0,5,,,,,,,,,,,,,,,,,,,,CAP_FULL,,,,,,,,10.0,10.0,,,,,0,0,,,Inv: 10.0/10.0 CapLeft: 0.0,,,10.0,10.0,20.0,0.0
1765931051.267826,btc-updown-15m-1765930500,1765930500.0,1765931400.0,,348.73217391967773,,,,,0,0,0.99,0.98,IDLE,,,,,,,,,,,,,,0,5,,,,,,,,,,,,,,,,,,,,CAP_FULL,,,,,,,,10.0,10.0,,,,,0,0,,,Inv: 10.0/10.0 CapLeft: 0.0,,,10.0,10.0,20.0,0.0
1765931053.2082148,btc-updown-15m-1765930500,1765930500.0,1765931400.0,,346.79178524017334,,,,,0,0,0.98,0.98,IDLE,,,,,,,,,,,,,,0,5,,,,,,,,,,,,,,,,,,,,CAP_FULL,,,,,,,,10.0,10.0,,,,,0,0,,,Inv: 10.0/10.0 CapLeft: 0.0,,,10.0,10.0,20.0,0.0
1765931055.1426013,btc-updown-15m-1765930500,1765930500.0,1765931400.0,,344.8573987483978,,,,,0,0,0.99,0.98,IDLE,,,,,,,,,,,,,,0,5,,,,,,,,,,,,,,,,,,,,CAP_FULL,,,,,,,,10.0,10.0,,,,,0,0,,,Inv: 10.0/10.0 CapLeft: 0.0,,,10.0,10.0,20.0,0.0
1765931057.0571654,btc-updown-15m-1765930500,1765930500.0,1765931400.0,,342.9428346157074,,,,,0,0,0.99,0.98,IDLE,,,,,,,,,,,,,,0,5,,,,,,,,,,,,,,,,,,,,CAP_FULL,,,,,,,,10.0,10.0,,,,,0,0,,,Inv: 10.0/10.0 CapLeft: 0.0,,,10.0,10.0,20.0,0.0
1765931058.9823234,btc-updown-15m-1765930500,1765930500.0,1765931400.0,,341.01767659187317,,,,,0,0,0.99,0.98,IDLE,,,,,,,,,,,,,,0,5,,,,,,,,,,,,,,,,,,,,CAP_FULL,,,,,,,,10.0,10.0,,,,,0,0,,,Inv: 10.0/10.0 CapLeft: 0.0,,,10.0,10.0,20.0,0.0
1765931060.934593,btc-updown-15m-1765930500,1765930500.0,1765931400.0,,339.065407037735,,,,,0,0,0.97,0.98,IDLE,,,,,,,,,,,,,,0,5,,,,,,,,,,,,,,,,,,,,CAP_FULL,,,,,,,,10.0,10.0,,,,,0,0,,,Inv: 10.0/10.0 CapLeft: 0.0,,,10.0,10.0,20.0,0.0
1765931062.8381968,btc-updown-15m-1765930500,1765930500.0,1765931400.0,,337.16180324554443,,,,,0,0,0.99,0.98,IDLE,,,,,,,,,,,,,,0,5,,,,,,,,,,,,,,,,,,,,CAP_FULL,,,,,,,,10.0,10.0,,,,,0,0,,,Inv: 10.0/10.0 CapLeft: 0.0,,,10.0,10.0,20.0,0.0
1765931064.7659142,btc-updown-15m-1765930500,1765930500.0,1765931400.0,,335.23408579826355,,,,,0,0,0.99,0.98,IDLE,,,,,,,,,,,,,,0,5,,,,,,,,,,,,,,,,,,,,CAP_FULL,,,,,,,,10.0,10.0,,,,,0,0,,,Inv: 10.0/10.0 CapLeft: 0.0,,,10.0,10.0,20.0,0.0
1765931066.6654434,btc-updown-15m-1765930500,1765930500.0,1765931400.0,,333.33455657958984,,,,,0,0,0.98,0.98,IDLE,,,,,,,,,,,,,,0,5,,,,,,,,,,,,,,,,,,,,CAP_FULL,,,,,,,,10.0,10.0,,,,,0,0,,,Inv: 10.0/10.0 CapLeft: 0.0,,,10.0,10.0,20.0,0.0
1765931068.5852015,btc-updown-15m-1765930500,1765930500.0,1765931400.0,,331.4147984981537,,,,,0,0,0.99,0.98,IDLE,,,,,,,,,,,,,,0,5,,,,,,,,,,,,,,,,,,,,CAP_FULL,,,,,,,,10.0,10.0,,,,,0,0,,,Inv: 10.0/10.0 CapLeft: 0.0,,,10.0,10.0,20.0,0.0
1765931070.5102704,btc-updown-15m-1765930500,1765930500.0,1765931400.0,,329.48972964286804,,,,,0,0,0.99,0.98,IDLE,,,,,,,,,,,,,,0,5,,,,,,,,,,,,,,,,,,,,CAP_FULL,,,,,,,,10.0,10.0,,,,,0,0,,,Inv: 10.0/10.0 CapLeft: 0.0,,,10.0,10.0,20.0,0.0
1765931072.4278753,btc-updown-15m-1765930500,1765930500.0,1765931400.0,,327.57212471961975,,,,,0,0,0.99,0.98,IDLE,,,,,,,,,,,,,,0,5,,,,,,,,,,,,,,,,,,,,CAP_FULL,,,,,,,,10.0,10.0,,,,,0,0,,,Inv: 10.0/10.0 CapLeft: 0.0,,,10.0,10.0,20.0,0.0
1765931074.346498,btc-updown-15m-1765930500,1765930500.0,1765931400.0,,325.6535019874573,,,,,0,0,0.98,0.98,IDLE,,,,,,,,,,,,,,0,5,,,,,,,,,,,,,,,,,,,,CAP_FULL,,,,,,,,10.0,10.0,,,,,0,0,,,Inv: 10.0/10.0 CapLeft: 0.0,,,10.0,10.0,20.0,0.0
1765931076.270851,btc-updown-15m-1765930500,1765930500.0,1765931400.0,,323.7291491031647,,,,,0,0,0.98,0.98,IDLE,,,,,,,,,,,,,,0,5,,,,,,,,,,,,,,,,,,,,CAP_FULL,,,,,,,,10.0,10.0,,,,,0,0,,,Inv: 10.0/10.0 CapLeft: 0.0,,,10.0,10.0,20.0,0.0
1765931078.1769545,btc-updown-15m-1765930500,1765930500.0,1765931400.0,,321.82304549217224,,,,,0,0,0.99,0.98,IDLE,,,,,,,,,,,,,,0,5,,,,,,,,,,,,,,,,,,,,CAP_FULL,,,,,,,,10.0,10.0,,,,,0,0,,,Inv: 10.0/10.0 CapLeft: 0.0,,,10.0,10.0,20.0,0.0
1765931080.0862315,btc-updown-15m-1765930500,1765930500.0,1765931400.0,,319.91376852989197,,,,,0,0,0.97,0.98,IDLE,,,,,,,,,,,,,,0,5,,,,,,,,,,,,,,,,,,,,CAP_FULL,,,,,,,,10.0,10.0,,,,,0,0,,,Inv: 10.0/10.0 CapLeft: 0.0,,,10.0,10.0,20.0,0.0
1765931081.9996998,btc-updown-15m-1765930500,1765930500.0,1765931400.0,,318.0003001689911,,,,,0,0,0.99,0.98,IDLE,,,,,,,,,,,,,,0,5,,,,,,,,,,,,,,,,,,,,CAP_FULL,,,,,,,,10.0,10.0,,,,,0,0,,,Inv: 10.0/10.0 CapLeft: 0.0,,,10.0,10.0,20.0,0.0
1765931083.9107897,btc-updown-15m-1765930500,1765930500.0,1765931400.0,,316.0892102718353,,,,,0,0,0.99,0.98,IDLE,,,,,,,,,,,,,,0,5,,,,,,,,,,,,,,,,,,,,CAP_FULL,,,,,,,,10.0,10.0,,,,,0,0,,,Inv: 10.0/10.0 CapLeft: 0.0,,,10.0,10.0,20.0,0.0
1765931085.8333967,btc-updown-15m-1765930500,1765930500.0,1765931400.0,,314.1666033267975,,,,,0,0,0.99,0.98,IDLE,,,,,,,,,,,,,,0,5,,,,,,,,,,,,,,,,,,,,CAP_FULL,,,,,,,,10.0,10.0,,,,,0,0,,,Inv: 10.0/10.0 CapLeft: 0.0,,,10.0,10.0,20.0,0.0
1765931087.7494562,btc-updown-15m-1765930500,1765930500.0,1765931400.0,,312.25054383277893,,,,,0,0,0.99,0.98,IDLE,,,,,,,,,,,,,,0,5,,,,,,,,,,,,,,,,,,,,CAP_FULL,,,,,,,,10.0,10.0,,,,,0,0,,,Inv: 10.0/10.0 CapLeft: 0.0,,,10.0,10.0,20.0,0.0
1765931089.6838167,btc-updown-15m-1765930500,1765930500.0,1765931400.0,,310.31618332862854,,,,,0,0,0.99,0.98,IDLE,,,,,,,,,,,,,,0,5,,,,,,,,,,,,,,,,,,,,CAP_FULL,,,,,,,,10.0,10.0,,,,,0,0,,,Inv: 10.0/10.0 CapLeft: 0.0,,,10.0,10.0,20.0,0.0
1765931091.596227,btc-updown-15m-1765930500,1765930500.0,1765931400.0,,308.4037730693817,,,,,0,0,0.99,0.98,IDLE,,,,,,,,,,,,,,0,5,,,,,,,,,,,,,,,,,,,,CAP_FULL,,,,,,,,10.0,10.0,,,,,0,0,,,Inv: 10.0/10.0 CapLeft: 0.0,,,10.0,10.0,20.0,0.0
1765931093.5414727,btc-updown-15m-1765930500,1765930500.0,1765931400.0,,306.45852732658386,,,,,0,0,0.98,0.98,IDLE,,,,,,,,,,,,,,0,5,,,,,,,,,,,,,,,,,,,,CAP_FULL,,,,,,,,10.0,10.0,,,,,0,0,,,Inv: 10.0/10.0 CapLeft: 0.0,,,10.0,10.0,20.0,0.0
1765931095.4466758,btc-updown-15m-1765930500,1765930500.0,1765931400.0,,304.5533242225647,,,,,0,0,0.99,0.98,IDLE,,,,,,,,,,,,,,0,5,,,,,,,,,,,,,,,,,,,,CAP_FULL,,,,,,,,10.0,10.0,,,,,0,0,,,Inv: 10.0/10.0 CapLeft: 0.0,,,10.0,10.0,20.0,0.0
1765931097.3697927,btc-updown-15m-1765930500,1765930500.0,1765931400.0,,302.63020730018616,,,,,0,0,0.98,0.98,IDLE,,,,,,,,,,,,,,0,5,,,,,,,,,,,,,,,,,,,,CAP_FULL,,,,,,,,10.0,10.0,,,,,0,0,,,Inv: 10.0/10.0 CapLeft: 0.0,,,10.0,10.0,20.0,0.0
1765931099.2875996,btc-updown-15m-1765930500,1765930500.0,1765931400.0,,300.71240043640137,,,,,0,0,0.99,0.98,IDLE,,,,,,,,,,,,,,0,5,,,,,,,,,,,,,,,,,,,,CAP_FULL,,,,,,,,10.0,10.0,,,,,0,0,,,Inv: 10.0/10.0 CapLeft: 0.0,,,10.0,10.0,20.0,0.0
1765931101.190262,btc-updown-15m-1765930500,1765930500.0,1765931400.0,,298.8097379207611,,,,,0,0,0.99,0.98,IDLE,,,,,,,,,,,,,,0,5,,,,,,,,,,,,,,,,,,,,CAP_FULL,,,,,,,,10.0,10.0,,,,,0,0,,,Inv: 10.0/10.0 CapLeft: 0.0,,,10.0,10.0,20.0,0.0
1765931103.1292243,btc-updown-15m-1765930500,1765930500.0,1765931400.0,,296.8707756996155,,,,,0,0,0.99,0.98,IDLE,,,,,,,,,,,,,,0,5,,,,,,,,,,,,,,,,,,,,CAP_FULL,,,,,,,,10.0,10.0,,,,,0,0,,,Inv: 10.0/10.0 CapLeft: 0.0,,,10.0,10.0,20.0,0.0
1765931105.0617445,btc-updown-15m-1765930500,1765930500.0,1765931400.0,,294.9382555484772,,,,,0,0,0.99,0.98,IDLE,,,,,,,,,,,,,,0,5,,,,,,,,,,,,,,,,,,,,CAP_FULL,,,,,,,,10.0,10.0,,,,,0,0,,,Inv: 10.0/10.0 CapLeft: 0.0,,,10.0,10.0,20.0,0.0
1765931106.961768,btc-updown-15m-1765930500,1765930500.0,1765931400.0,,293.038232088089,,,,,0,0,0.9600000000000001,0.98,IDLE,,,,,,,,,,,,,,0,5,,,,,,,,,,,,,,,,,,,,CAP_FULL,,,,,,,,10.0,10.0,,,,,0,0,,,Inv: 10.0/10.0 CapLeft: 0.0,,,10.0,10.0,20.0,0.0
1765931108.888338,btc-updown-15m-1765930500,1765930500.0,1765931400.0,,291.11166191101074,,,,,0,0,0.99,0.98,IDLE,,,,,,,,,,,,,,0,5,,,,,,,,,,,,,,,,,,,,CAP_FULL,,,,,,,,10.0,10.0,,,,,0,0,,,Inv: 10.0/10.0 CapLeft: 0.0,,,10.0,10.0,20.0,0.0
1765931110.7855363,btc-updown-15m-1765930500,1765930500.0,1765931400.0,,289.2144637107849,,,,,0,0,0.98,0.98,IDLE,,,,,,,,,,,,,,0,5,,,,,,,,,,,,,,,,,,,,CAP_FULL,,,,,,,,10.0,10.0,,,,,0,0,,,Inv: 10.0/10.0 CapLeft: 0.0,,,10.0,10.0,20.0,0.0
1765931112.712366,btc-updown-15m-1765930500,1765930500.0,1765931400.0,,287.287633895874,,,,,0,0,0.98,0.98,IDLE,,,,,,,,,,,,,,0,5,,,,,,,,,,,,,,,,,,,,CAP_FULL,,,,,,,,10.0,10.0,,,,,0,0,,,Inv: 10.0/10.0 CapLeft: 0.0,,,10.0,10.0,20.0,0.0
1765931114.6265993,btc-updown-15m-1765930500,1765930500.0,1765931400.0,,285.3734006881714,,,,,0,0,0.98,0.98,IDLE,,,,,,,,,,,,,,0,5,,,,,,,,,,,,,,,,,,,,CAP_FULL,,,,,,,,10.0,10.0,,,,,0,0,,,Inv: 10.0/10.0 CapLeft: 0.0,,,10.0,10.0,20.0,0.0
1765931116.5326114,btc-updown-15m-1765930500,1765930500.0,1765931400.0,,283.46738862991333,,,,,0,0,0.99,0.98,IDLE,,,,,,,,,,,,,,0,5,,,,,,,,,,,,,,,,,,,,CAP_FULL,,,,,,,,10.0,10.0,,,,,0,0,,,Inv: 10.0/10.0 CapLeft: 0.0,,,10.0,10.0,20.0,0.0
1765931118.4532804,btc-updown-15m-1765930500,1765930500.0,1765931400.0,,281.5467195510864,,,,,0,0,0.98,0.98,IDLE,,,,,,,,,,,,,,0,5,,,,,,,,,,,,,,,,,,,,CAP_FULL,,,,,,,,10.0,10.0,,,,,0,0,,,Inv: 10.0/10.0 CapLeft: 0.0,,,10.0,10.0,20.0,0.0
1765931120.3604467,btc-updown-15m-1765930500,1765930500.0,1765931400.0,,279.63955330848694,,,,,0,0,0.99,0.98,IDLE,,,,,,,,,,,,,,0,5,,,,,,,,,,,,,,,,,,,,CAP_FULL,,,,,,,,10.0,10.0,,,,,0,0,,,Inv: 10.0/10.0 CapLeft: 0.0,,,10.0,10.0,20.0,0.0
1765931122.2698877,btc-updown-15m-1765930500,1765930500.0,1765931400.0,,277.73011231422424,,,,,0,0,0.99,0.98,IDLE,,,,,,,,,,,,,,0,5,,,,,,,,,,,,,,,,,,,,CAP_FULL,,,,,,,,10.0,10.0,,,,,0,0,,,Inv: 10.0/10.0 CapLeft: 0.0,,,10.0,10.0,20.0,0.0
1765931124.2004263,btc-updown-15m-1765930500,1765930500.0,1765931400.0,,275.79957365989685,,,,,0,0,0.99,0.98,IDLE,,,,,,,,,,,,,,0,5,,,,,,,,,,,,,,,,,,,,CAP_FULL,,,,,,,,10.0,10.0,,,,,0,0,,,Inv: 10.0/10.0 CapLeft: 0.0,,,10.0,10.0,20.0,0.0
1765931126.1097455,btc-updown-15m-1765930500,1765930500.0,1765931400.0,,273.8902544975281,,,,,0,0,0.98,0.98,IDLE,,,,,,,,,,,,,,0,5,,,,,,,,,,,,,,,,,,,,CAP_FULL,,,,,,,,10.0,10.0,,,,,0,0,,,Inv: 10.0/10.0 CapLeft: 0.0,,,10.0,10.0,20.0,0.0
1765931128.0397592,btc-updown-15m-1765930500,1765930500.0,1765931400.0,,271.96024084091187,,,,,0,0,0.98,0.98,IDLE,,,,,,,,,,,,,,0,5,,,,,,,,,,,,,,,,,,,,CAP_FULL,,,,,,,,10.0,10.0,,,,,0,0,,,Inv: 10.0/10.0 CapLeft: 0.0,,,10.0,10.0,20.0,0.0
1765931129.9633586,btc-updown-15m-1765930500,1765930500.0,1765931400.0,,270.0366413593292,,,,,0,0,0.99,0.98,IDLE,,,,,,,,,,,,,,0,5,,,,,,,,,,,,,,,,,,,,CAP_FULL,,,,,,,,10.0,10.0,,,,,0,0,,,Inv: 10.0/10.0 CapLeft: 0.0,,,10.0,10.0,20.0,0.0
1765931131.8870811,btc-updown-15m-1765930500,1765930500.0,1765931400.0,,268.11291885375977,,,,,0,0,0.99,0.98,IDLE,,,,,,,,,,,,,,0,5,,,,,,,,,,,,,,,,,,,,CAP_FULL,,,,,,,,10.0,10.0,,,,,0,0,,,Inv: 10.0/10.0 CapLeft: 0.0,,,10.0,10.0,20.0,0.0
1765931133.8320742,btc-updown-15m-1765930500,1765930500.0,1765931400.0,,266.16792583465576,,,,,0,0,0.99,0.98,IDLE,,,,,,,,,,,,,,0,5,,,,,,,,,,,,,,,,,,,,CAP_FULL,,,,,,,,10.0,10.0,,,,,0,0,,,Inv: 10.0/10.0 CapLeft: 0.0,,,10.0,10.0,20.0,0.0
1765931135.781172,btc-updown-15m-1765930500,1765930500.0,1765931400.0,,264.21882796287537,,,,,0,0,1.0,0.98,IDLE,,,,,,,,,,,,,,0,5,,,,,,,,,,,,,,,,,,,,CAP_FULL,,,,,,,,10.0,10.0,,,,,0,0,,,Inv: 10.0/10.0 CapLeft: 0.0,,,10.0,10.0,20.0,0.0
1765931137.6888304,btc-updown-15m-1765930500,1765930500.0,1765931400.0,,262.3111696243286,,,,,0,0,0.99,0.98,IDLE,,,,,,,,,,,,,,0,5,,,,,,,,,,,,,,,,,,,,CAP_FULL,,,,,,,,10.0,10.0,,,,,0,0,,,Inv: 10.0/10.0 CapLeft: 0.0,,,10.0,10.0,20.0,0.0
1765931139.6248772,btc-updown-15m-1765930500,1765930500.0,1765931400.0,,260.37512278556824,,,,,0,0,0.98,0.98,IDLE,,,,,,,,,,,,,,0,5,,,,,,,,,,,,,,,,,,,,CAP_FULL,,,,,,,,10.0,10.0,,,,,0,0,,,Inv: 10.0/10.0 CapLeft: 0.0,,,10.0,10.0,20.0,0.0
1765931141.5264707,btc-updown-15m-1765930500,1765930500.0,1765931400.0,,258.47352933883667,,,,,0,0,0.99,0.98,IDLE,,,,,,,,,,,,,,0,5,,,,,,,,,,,,,,,,,,,,CAP_FULL,,,,,,,,10.0,10.0,,,,,0,0,,,Inv: 10.0/10.0 CapLeft: 0.0,,,10.0,10.0,20.0,0.0
1765931143.4375706,btc-updown-15m-1765930500,1765930500.0,1765931400.0,,256.5624294281006,,,,,0,0,0.99,0.98,IDLE,,,,,,,,,,,,,,0,5,,,,,,,,,,,,,,,,,,,,CAP_FULL,,,,,,,,10.0,10.0,,,,,0,0,,,Inv: 10.0/10.0 CapLeft: 0.0,,,10.0,10.0,20.0,0.0
1765931145.3843484,btc-updown-15m-1765930500,1765930500.0,1765931400.0,,254.61565160751343,,,,,0,0,0.99,0.98,IDLE,,,,,,,,,,,,,,0,5,,,,,,,,,,,,,,,,,,,,CAP_FULL,,,,,,,,10.0,10.0,,,,,0,0,,,Inv: 10.0/10.0 CapLeft: 0.0,,,10.0,10.0,20.0,0.0
1765931147.2913055,btc-updown-15m-1765930500,1765930500.0,1765931400.0,,252.7086944580078,,,,,0,0,0.99,0.98,IDLE,,,,,,,,,,,,,,0,5,,,,,,,,,,,,,,,,,,,,CAP_FULL,,,,,,,,10.0,10.0,,,,,0,0,,,Inv: 10.0/10.0 CapLeft: 0.0,,,10.0,10.0,20.0,0.0
1765931149.2317472,btc-updown-15m-1765930500,1765930500.0,1765931400.0,,250.76825284957886,,,,,0,0,0.99,0.98,IDLE,,,,,,,,,,,,,,0,5,,,,,,,,,,,,,,,,,,,,CAP_FULL,,,,,,,,10.0,10.0,,,,,0,0,,,Inv: 10.0/10.0 CapLeft: 0.0,,,10.0,10.0,20.0,0.0
1765931151.1494696,btc-updown-15m-1765930500,1765930500.0,1765931400.0,,248.85053038597107,,,,,0,0,0.98,0.98,IDLE,,,,,,,,,,,,,,0,5,,,,,,,,,,,,,,,,,,,,CAP_FULL,,,,,,,,10.0,10.0,,,,,0,0,,,Inv: 10.0/10.0 CapLeft: 0.0,,,10.0,10.0,20.0,0.0
1765931153.0624535,btc-updown-15m-1765930500,1765930500.0,1765931400.0,,246.93754649162292,,,,,0,0,0.97,0.98,IDLE,,,,,,,,,,,,,,0,5,,,,,,,,,,,,,,,,,,,,CAP_FULL,,,,,,,,10.0,10.0,,,,,0,0,,,Inv: 10.0/10.0 CapLeft: 0.0,,,10.0,10.0,20.0,0.0
1765931154.9917767,btc-updown-15m-1765930500,1765930500.0,1765931400.0,,245.0082232952118,,,,,0,0,0.99,0.98,IDLE,,,,,,,,,,,,,,0,5,,,,,,,,,,,,,,,,,,,,CAP_FULL,,,,,,,,10.0,10.0,,,,,0,0,,,Inv: 10.0/10.0 CapLeft: 0.0,,,10.0,10.0,20.0,0.0
1765931156.9208093,btc-updown-15m-1765930500,1765930500.0,1765931400.0,,243.07919073104858,,,,,0,0,0.98,0.98,IDLE,,,,,,,,,,,,,,0,5,,,,,,,,,,,,,,,,,,,,CAP_FULL,,,,,,,,10.0,10.0,,,,,0,0,,,Inv: 10.0/10.0 CapLeft: 0.0,,,10.0,10.0,20.0,0.0
1765931158.8257897,btc-updown-15m-1765930500,1765930500.0,1765931400.0,,241.1742103099823,,,,,0,0,0.99,0.98,IDLE,,,,,,,,,,,,,,0,5,,,,,,,,,,,,,,,,,,,,CAP_FULL,,,,,,,,10.0,10.0,,,,,0,0,,,Inv: 10.0/10.0 CapLeft: 0.0,,,10.0,10.0,20.0,0.0
1765931160.7579455,btc-updown-15m-1765930500,1765930500.0,1765931400.0,,239.24205446243286,,,,,0,0,0.97,0.98,IDLE,,,,,,,,,,,,,,0,5,,,,,,,,,,,,,,,,,,,,CAP_FULL,,,,,,,,10.0,10.0,,,,,0,0,,,Inv: 10.0/10.0 CapLeft: 0.0,,,10.0,10.0,20.0,0.0
1765931162.7008064,btc-updown-15m-1765930500,1765930500.0,1765931400.0,,237.29919362068176,,,,,0,0,0.99,0.98,IDLE,,,,,,,,,,,,,,0,5,,,,,,,,,,,,,,,,,,,,CAP_FULL,,,,,,,,10.0,10.0,,,,,0,0,,,Inv: 10.0/10.0 CapLeft: 0.0,,,10.0,10.0,20.0,0.0
1765931164.6339788,btc-updown-15m-1765930500,1765930500.0,1765931400.0,,235.36602115631104,,,,,0,0,0.98,0.98,IDLE,,,,,,,,,,,,,,0,5,,,,,,,,,,,,,,,,,,,,CAP_FULL,,,,,,,,10.0,10.0,,,,,0,0,,,Inv: 10.0/10.0 CapLeft: 0.0,,,10.0,10.0,20.0,0.0
1765931166.5595918,btc-updown-15m-1765930500,1765930500.0,1765931400.0,,233.44040822982788,,,,,0,0,0.99,0.98,IDLE,,,,,,,,,,,,,,0,5,,,,,,,,,,,,,,,,,,,,CAP_FULL,,,,,,,,10.0,10.0,,,,,0,0,,,Inv: 10.0/10.0 CapLeft: 0.0,,,10.0,10.0,20.0,0.0
1765931168.4929008,btc-updown-15m-1765930500,1765930500.0,1765931400.0,,231.50709915161133,,,,,0,0,0.9700000000000001,0.98,IDLE,,,,,,,,,,,,,,0,5,,,,,,,,,,,,,,,,,,,,CAP_FULL,,,,,,,,10.0,10.0,,,,,0,0,,,Inv: 10.0/10.0 CapLeft: 0.0,,,10.0,10.0,20.0,0.0
1765931170.423554,btc-updown-15m-1765930500,1765930500.0,1765931400.0,,229.57644605636597,,,,,0,0,0.99,0.98,IDLE,,,,,,,,,,,,,,0,5,,,,,,,,,,,,,,,,,,,,CAP_FULL,,,,,,,,10.0,10.0,,,,,0,0,,,Inv: 10.0/10.0 CapLeft: 0.0,,,10.0,10.0,20.0,0.0
1765931172.3328345,btc-updown-15m-1765930500,1765930500.0,1765931400.0,,227.667165517807,,,,,0,0,0.99,0.98,IDLE,,,,,,,,,,,,,,0,5,,,,,,,,,,,,,,,,,,,,CAP_FULL,,,,,,,,10.0,10.0,,,,,0,0,,,Inv: 10.0/10.0 CapLeft: 0.0,,,10.0,10.0,20.0,0.0
1765931174.2429526,btc-updown-15m-1765930500,1765930500.0,1765931400.0,,225.75704741477966,,,,,0,0,0.99,0.98,IDLE,,,,,,,,,,,,,,0,5,,,,,,,,,,,,,,,,,,,,CAP_FULL,,,,,,,,10.0,10.0,,,,,0,0,,,Inv: 10.0/10.0 CapLeft: 0.0,,,10.0,10.0,20.0,0.0
1765931176.147328,btc-updown-15m-1765930500,1765930500.0,1765931400.0,,223.85267210006714,,,,,0,0,0.98,0.98,IDLE,,,,,,,,,,,,,,0,5,,,,,,,,,,,,,,,,,,,,CAP_FULL,,,,,,,,10.0,10.0,,,,,0,0,,,Inv: 10.0/10.0 CapLeft: 0.0,,,10.0,10.0,20.0,0.0
1765931178.0546389,btc-updown-15m-1765930500,1765930500.0,1765931400.0,,221.94536113739014,,,,,0,0,0.99,0.98,IDLE,,,,,,,,,,,,,,0,5,,,,,,,,,,,,,,,,,,,,CAP_FULL,,,,,,,,10.0,10.0,,,,,0,0,,,Inv: 10.0/10.0 CapLeft: 0.0,,,10.0,10.0,20.0,0.0
1765931179.974012,btc-updown-15m-1765930500,1765930500.0,1765931400.0,,220.02598810195923,,,,,0,0,0.99,0.98,IDLE,,,,,,,,,,,,,,0,5,,,,,,,,,,,,,,,,,,,,CAP_FULL,,,,,,,,10.0,10.0,,,,,0,0,,,Inv: 10.0/10.0 CapLeft: 0.0,,,10.0,10.0,20.0,0.0
1765931181.87536,btc-updown-15m-1765930500,1765930500.0,1765931400.0,,218.12463998794556,,,,,0,0,0.99,0.98,IDLE,,,,,,,,,,,,,,0,5,,,,,,,,,,,,,,,,,,,,CAP_FULL,,,,,,,,10.0,10.0,,,,,0,0,,,Inv: 10.0/10.0 CapLeft: 0.0,,,10.0,10.0,20.0,0.0
1765931183.8472683,btc-updown-15m-1765930500,1765930500.0,1765931400.0,,216.1527316570282,,,,,0,0,0.98,0.98,IDLE,,,,,,,,,,,,,,0,5,,,,,,,,,,,,,,,,,,,,CAP_FULL,,,,,,,,10.0,10.0,,,,,0,0,,,Inv: 10.0/10.0 CapLeft: 0.0,,,10.0,10.0,20.0,0.0
1765931185.8319771,btc-updown-15m-1765930500,1765930500.0,1765931400.0,,214.16802287101746,,,,,0,0,0.98,0.98,IDLE,,,,,,,,,,,,,,0,5,,,,,,,,,,,,,,,,,,,,CAP_FULL,,,,,,,,10.0,10.0,,,,,0,0,,,Inv: 10.0/10.0 CapLeft: 0.0,,,10.0,10.0,20.0,0.0
1765931187.8233175,btc-updown-15m-1765930500,1765930500.0,1765931400.0,,212.176682472229,,,,,0,0,1.0,0.98,IDLE,,,,,,,,,,,,,,0,5,,,,,,,,,,,,,,,,,,,,CAP_FULL,,,,,,,,10.0,10.0,,,,,0,0,,,Inv: 10.0/10.0 CapLeft: 0.0,,,10.0,10.0,20.0,0.0
1765931189.7421045,btc-updown-15m-1765930500,1765930500.0,1765931400.0,,210.25789546966553,,,,,0,0,0.98,0.98,IDLE,,,,,,,,,,,,,,0,5,,,,,,,,,,,,,,,,,,,,CAP_FULL,,,,,,,,10.0,10.0,,,,,0,0,,,Inv: 10.0/10.0 CapLeft: 0.0,,,10.0,10.0,20.0,0.0
1765931191.6553807,btc-updown-15m-1765930500,1765930500.0,1765931400.0,,208.3446192741394,,,,,0,0,0.97,0.98,IDLE,,,,,,,,,,,,,,0,5,,,,,,,,,,,,,,,,,,,,CAP_FULL,,,,,,,,10.0,10.0,,,,,0,0,,,Inv: 10.0/10.0 CapLeft: 0.0,,,10.0,10.0,20.0,0.0
1765931193.5861158,btc-updown-15m-1765930500,1765930500.0,1765931400.0,,206.41388416290283,,,,,0,0,0.98,0.98,IDLE,,,,,,,,,,,,,,0,5,,,,,,,,,,,,,,,,,,,,CAP_FULL,,,,,,,,10.0,10.0,,,,,0,0,,,Inv: 10.0/10.0 CapLeft: 0.0,,,10.0,10.0,20.0,0.0
1765931195.522436,btc-updown-15m-1765930500,1765930500.0,1765931400.0,,204.4775640964508,,,,,0,0,0.99,0.98,IDLE,,,,,,,,,,,,,,0,5,,,,,,,,,,,,,,,,,,,,CAP_FULL,,,,,,,,10.0,10.0,,,,,0,0,,,Inv: 10.0/10.0 CapLeft: 0.0,,,10.0,10.0,20.0,0.0
1765931197.4126081,btc-updown-15m-1765930500,1765930500.0,1765931400.0,,202.58739185333252,,,,,0,0,0.99,0.98,IDLE,,,,,,,,,,,,,,0,5,,,,,,,,,,,,,,,,,,,,CAP_FULL,,,,,,,,10.0,10.0,,,,,0,0,,,Inv: 10.0/10.0 CapLeft: 0.0,,,10.0,10.0,20.0,0.0
1765931199.3396149,btc-updown-15m-1765930500,1765930500.0,1765931400.0,,200.66038513183594,,,,,0,0,0.98,0.98,IDLE,,,,,,,,,,,,,,0,5,,,,,,,,,,,,,,,,,,,,CAP_FULL,,,,,,,,10.0,10.0,,,,,0,0,,,Inv: 10.0/10.0 CapLeft: 0.0,,,10.0,10.0,20.0,0.0
1765931201.2406793,btc-updown-15m-1765930500,1765930500.0,1765931400.0,,198.7593207359314,,,,,0,0,0.98,0.98,IDLE,,,,,,,,,,,,,,0,5,,,,,,,,,,,,,,,,,,,,CAP_FULL,,,,,,,,10.0,10.0,,,,,0,0,,,Inv: 10.0/10.0 CapLeft: 0.0,,,10.0,10.0,20.0,0.0
1765931203.1648781,btc-updown-15m-1765930500,1765930500.0,1765931400.0,,196.8351218700409,,,,,0,0,0.99,0.98,IDLE,,,,,,,,,,,,,,0,5,,,,,,,,,,,,,,,,,,,,CAP_FULL,,,,,,,,10.0,10.0,,,,,0,0,,,Inv: 10.0/10.0 CapLeft: 0.0,,,10.0,10.0,20.0,0.0
1765931205.0629213,btc-updown-15m-1765930500,1765930500.0,1765931400.0,,194.93707871437073,,,,,0,0,0.99,0.98,IDLE,,,,,,,,,,,,,,0,5,,,,,,,,,,,,,,,,,,,,CAP_FULL,,,,,,,,10.0,10.0,,,,,0,0,,,Inv: 10.0/10.0 CapLeft: 0.0,,,10.0,10.0,20.0,0.0
1765931206.980037,btc-updown-15m-1765930500,1765930500.0,1765931400.0,,193.01996302604675,,,,,0,0,0.99,0.98,IDLE,,,,,,,,,,,,,,0,5,,,,,,,,,,,,,,,,,,,,CAP_FULL,,,,,,,,10.0,10.0,,,,,0,0,,,Inv: 10.0/10.0 CapLeft: 0.0,,,10.0,10.0,20.0,0.0
1765931208.8806725,btc-updown-15m-1765930500,1765930500.0,1765931400.0,,191.11932754516602,,,,,0,0,0.99,0.98,IDLE,,,,,,,,,,,,,,0,5,,,,,,,,,,,,,,,,,,,,CAP_FULL,,,,,,,,10.0,10.0,,,,,0,0,,,Inv: 10.0/10.0 CapLeft: 0.0,,,10.0,10.0,20.0,0.0
1765931210.8070626,btc-updown-15m-1765930500,1765930500.0,1765931400.0,,189.192937374115,,,,,0,0,1.0,0.98,IDLE,,,,,,,,,,,,,,0,5,,,,,,,,,,,,,,,,,,,,CAP_FULL,,,,,,,,10.0,10.0,,,,,0,0,,,Inv: 10.0/10.0 CapLeft: 0.0,,,10.0,10.0,20.0,0.0
1765931212.740514,btc-updown-15m-1765930500,1765930500.0,1765931400.0,,187.2594859600067,,,,,0,0,1.0,0.98,IDLE,,,,,,,,,,,,,,0,5,,,,,,,,,,,,,,,,,,,,CAP_FULL,,,,,,,,10.0,10.0,,,,,0,0,,,Inv: 10.0/10.0 CapLeft: 0.0,,,10.0,10.0,20.0,0.0
1765931214.646572,btc-updown-15m-1765930500,1765930500.0,1765931400.0,,185.3534278869629,,,,,0,0,0.99,0.98,IDLE,,,,,,,,,,,,,,0,5,,,,,,,,,,,,,,,,,,,,CAP_FULL,,,,,,,,10.0,10.0,,,,,0,0,,,Inv: 10.0/10.0 CapLeft: 0.0,,,10.0,10.0,20.0,0.0
1765931216.5903368,btc-updown-15m-1765930500,1765930500.0,1765931400.0,,183.40966320037842,,,,,0,0,0.99,0.98,IDLE,,,,,,,,,,,,,,0,5,,,,,,,,,,,,,,,,,,,,CAP_FULL,,,,,,,,10.0,10.0,,,,,0,0,,,Inv: 10.0/10.0 CapLeft: 0.0,,,10.0,10.0,20.0,0.0
1765931218.4999332,btc-updown-15m-1765930500,1765930500.0,1765931400.0,,181.50006675720215,,,,,0,0,1.01,0.98,IDLE,,,,,,,,,,,,,,0,5,,,,,,,,,,,,,,,,,,,,CAP_FULL,,,,,,,,10.0,10.0,,,,,0,0,,,Inv: 10.0/10.0 CapLeft: 0.0,,,10.0,10.0,20.0,0.0
1765931220.3990326,btc-updown-15m-1765930500,1765930500.0,1765931400.0,,179.60096740722656,,,,,0,0,1.0,0.98,IDLE,,,,,,,,,,,,,,0,5,,,,,,,,,,,,,,,,,,,,CAP_FULL,,,,,,,,10.0,10.0,,,,,0,0,,,Inv: 10.0/10.0 CapLeft: 0.0,,,10.0,10.0,20.0,0.0
1765931222.3725963,btc-updown-15m-1765930500,1765930500.0,1765931400.0,,177.6274037361145,,,,,0,0,0.99,0.98,IDLE,,,,,,,,,,,,,,0,5,,,,,,,,,,,,,,,,,,,,CAP_FULL,,,,,,,,10.0,10.0,,,,,0,0,,,Inv: 10.0/10.0 CapLeft: 0.0,,,10.0,10.0,20.0,0.0
1765931224.2880812,btc-updown-15m-1765930500,1765930500.0,1765931400.0,,175.71191883087158,,,,,0,0,0.99,0.98,IDLE,,,,,,,,,,,,,,0,5,,,,,,,,,,,,,,,,,,,,CAP_FULL,,,,,,,,10.0,10.0,,,,,0,0,,,Inv: 10.0/10.0 CapLeft: 0.0,,,10.0,10.0,20.0,0.0
1765931226.212722,btc-updown-15m-1765930500,1765930500.0,1765931400.0,,173.78727793693542,,,,,0,0,0.98,0.98,IDLE,,,,,,,,,,,,,,0,5,,,,,,,,,,,,,,,,,,,,CAP_FULL,,,,,,,,10.0,10.0,,,,,0,0,,,Inv: 10.0/10.0 CapLeft: 0.0,,,10.0,10.0,20.0,0.0
1765931228.177686,btc-updown-15m-1765930500,1765930500.0,1765931400.0,,171.82231402397156,,,,,0,0,0.99,0.98,IDLE,,,,,,,,,,,,,,0,5,,,,,,,,,,,,,,,,,,,,CAP_FULL,,,,,,,,10.0,10.0,,,,,0,0,,,Inv: 10.0/10.0 CapLeft: 0.0,,,10.0,10.0,20.0,0.0
1765931230.0787492,btc-updown-15m-1765930500,1765930500.0,1765931400.0,,169.9212508201599,,,,,0,0,0.98,0.98,IDLE,,,,,,,,,,,,,,0,5,,,,,,,,,,,,,,,,,,,,CAP_FULL,,,,,,,,10.0,10.0,,,,,0,0,,,Inv: 10.0/10.0 CapLeft: 0.0,,,10.0,10.0,20.0,0.0
1765931231.998535,btc-updown-15m-1765930500,1765930500.0,1765931400.0,,168.00146508216858,,,,,0,0,1.02,0.98,IDLE,,,,,,,,,,,,,,0,5,,,,,,,,,,,,,,,,,,,,CAP_FULL,,,,,,,,10.0,10.0,,,,,0,0,,,Inv: 10.0/10.0 CapLeft: 0.0,,,10.0,10.0,20.0,0.0
1765931233.945652,btc-updown-15m-1765930500,1765930500.0,1765931400.0,,166.05434799194336,,,,,0,0,0.99,0.98,IDLE,,,,,,,,,,,,,,0,5,,,,,,,,,,,,,,,,,,,,CAP_FULL,,,,,,,,10.0,10.0,,,,,0,0,,,Inv: 10.0/10.0 CapLeft: 0.0,,,10.0,10.0,20.0,0.0
1765931235.8774993,btc-updown-15m-1765930500,1765930500.0,1765931400.0,,164.12250065803528,,,,,0,0,0.99,0.98,IDLE,,,,,,,,,,,,,,0,5,,,,,,,,,,,,,,,,,,,,CAP_FULL,,,,,,,,10.0,10.0,,,,,0,0,,,Inv: 10.0/10.0 CapLeft: 0.0,,,10.0,10.0,20.0,0.0
1765931237.837094,btc-updown-15m-1765930500,1765930500.0,1765931400.0,,162.16290593147278,,,,,0,0,0.98,0.98,IDLE,,,,,,,,,,,,,,0,5,,,,,,,,,,,,,,,,,,,,CAP_FULL,,,,,,,,10.0,10.0,,,,,0,0,,,Inv: 10.0/10.0 CapLeft: 0.0,,,10.0,10.0,20.0,0.0
1765931239.7598143,btc-updown-15m-1765930500,1765930500.0,1765931400.0,,160.24018573760986,,,,,0,0,0.98,0.98,IDLE,,,,,,,,,,,,,,0,5,,,,,,,,,,,,,,,,,,,,CAP_FULL,,,,,,,,10.0,10.0,,,,,0,0,,,Inv: 10.0/10.0 CapLeft: 0.0,,,10.0,10.0,20.0,0.0
1765931241.6672406,btc-updown-15m-1765930500,1765930500.0,1765931400.0,,158.33275938034058,,,,,0,0,0.97,0.98,IDLE,,,,,,,,,,,,,,0,5,,,,,,,,,,,,,,,,,,,,CAP_FULL,,,,,,,,10.0,10.0,,,,,0,0,,,Inv: 10.0/10.0 CapLeft: 0.0,,,10.0,10.0,20.0,0.0
1765931243.5908382,btc-updown-15m-1765930500,1765930500.0,1765931400.0,,156.40916180610657,,,,,0,0,1.01,0.98,IDLE,,,,,,,,,,,,,,0,5,,,,,,,,,,,,,,,,,,,,CAP_FULL,,,,,,,,10.0,10.0,,,,,0,0,,,Inv: 10.0/10.0 CapLeft: 0.0,,,10.0,10.0,20.0,0.0
1765931245.5301623,btc-updown-15m-1765930500,1765930500.0,1765931400.0,,154.46983766555786,,,,,0,0,0.98,0.98,IDLE,,,,,,,,,,,,,,0,5,,,,,,,,,,,,,,,,,,,,CAP_FULL,,,,,,,,10.0,10.0,,,,,0,0,,,Inv: 10.0/10.0 CapLeft: 0.0,,,10.0,10.0,20.0,0.0
1765931247.4328184,btc-updown-15m-1765930500,1765930500.0,1765931400.0,,152.56718158721924,,,,,0,0,0.98,0.98,IDLE,,,,,,,,,,,,,,0,5,,,,,,,,,,,,,,,,,,,,CAP_FULL,,,,,,,,10.0,10.0,,,,,0,0,,,Inv: 10.0/10.0 CapLeft: 0.0,,,10.0,10.0,20.0,0.0
1765931249.333596,btc-updown-15m-1765930500,1765930500.0,1765931400.0,,150.66640400886536,,,,,0,0,0.99,0.98,IDLE,,,,,,,,,,,,,,0,5,,,,,,,,,,,,,,,,,,,,CAP_FULL,,,,,,,,10.0,10.0,,,,,0,0,,,Inv: 10.0/10.0 CapLeft: 0.0,,,10.0,10.0,20.0,0.0
1765931251.2667742,btc-updown-15m-1765930500,1765930500.0,1765931400.0,,148.73322582244873,,,,,0,0,0.99,0.98,IDLE,,,,,,,,,,,,,,0,5,,,,,,,,,,,,,,,,,,,,CAP_FULL,,,,,,,,10.0,10.0,,,,,0,0,,,Inv: 10.0/10.0 CapLeft: 0.0,,,10.0,10.0,20.0,0.0
1765931253.1846192,btc-updown-15m-1765930500,1765930500.0,1765931400.0,,146.81538081169128,,,,,0,0,1.0,0.98,IDLE,,,,,,,,,,,,,,0,5,,,,,,,,,,,,,,,,,,,,CAP_FULL,,,,,,,,10.0,10.0,,,,,0,0,,,Inv: 10.0/10.0 CapLeft: 0.0,,,10.0,10.0,20.0,0.0
1765931255.0873587,btc-updown-15m-1765930500,1765930500.0,1765931400.0,,144.91264128684998,,,,,0,0,0.99,0.98,IDLE,,,,,,,,,,,,,,0,5,,,,,,,,,,,,,,,,,,,,CAP_FULL,,,,,,,,10.0,10.0,,,,,0,0,,,Inv: 10.0/10.0 CapLeft: 0.0,,,10.0,10.0,20.0,0.0
1765931256.989074,btc-updown-15m-1765930500,1765930500.0,1765931400.0,,143.0109260082245,,,,,0,0,0.97,0.98,IDLE,,,,,,,,,,,,,,0,5,,,,,,,,,,,,,,,,,,,,CAP_FULL,,,,,,,,10.0,10.0,,,,,0,0,,,Inv: 10.0/10.0 CapLeft: 0.0,,,10.0,10.0,20.0,0.0
1765931258.9017742,btc-updown-15m-1765930500,1765930500.0,1765931400.0,,141.09822583198547,,,,,0,0,0.99,0.98,IDLE,,,,,,,,,,,,,,0,5,,,,,,,,,,,,,,,,,,,,CAP_FULL,,,,,,,,10.0,10.0,,,,,0,0,,,Inv: 10.0/10.0 CapLeft: 0.0,,,10.0,10.0,20.0,0.0
1765931260.8289716,btc-updown-15m-1765930500,1765930500.0,1765931400.0,,139.1710283756256,,,,,0,0,0.99,0.98,IDLE,,,,,,,,,,,,,,0,5,,,,,,,,,,,,,,,,,,,,CAP_FULL,,,,,,,,10.0,10.0,,,,,0,0,,,Inv: 10.0/10.0 CapLeft: 0.0,,,10.0,10.0,20.0,0.0
1765931262.7278345,btc-updown-15m-1765930500,1765930500.0,1765931400.0,,137.2721655368805,,,,,0,0,0.99,0.98,IDLE,,,,,,,,,,,,,,0,5,,,,,,,,,,,,,,,,,,,,CAP_FULL,,,,,,,,10.0,10.0,,,,,0,0,,,Inv: 10.0/10.0 CapLeft: 0.0,,,10.0,10.0,20.0,0.0
1765931264.6591156,btc-updown-15m-1765930500,1765930500.0,1765931400.0,,135.34088444709778,,,,,0,0,0.99,0.98,IDLE,,,,,,,,,,,,,,0,5,,,,,,,,,,,,,,,,,,,,CAP_FULL,,,,,,,,10.0,10.0,,,,,0,0,,,Inv: 10.0/10.0 CapLeft: 0.0,,,10.0,10.0,20.0,0.0
1765931266.5569718,btc-updown-15m-1765930500,1765930500.0,1765931400.0,,133.44302821159363,,,,,0,0,0.99,0.98,IDLE,,,,,,,,,,,,,,0,5,,,,,,,,,,,,,,,,,,,,CAP_FULL,,,,,,,,10.0,10.0,,,,,0,0,,,Inv: 10.0/10.0 CapLeft: 0.0,,,10.0,10.0,20.0,0.0
1765931268.4648602,btc-updown-15m-1765930500,1765930500.0,1765931400.0,,131.53513979911804,,,,,0,0,0.99,0.98,IDLE,,,,,,,,,,,,,,0,5,,,,,,,,,,,,,,,,,,,,CAP_FULL,,,,,,,,10.0,10.0,,,,,0,0,,,Inv: 10.0/10.0 CapLeft: 0.0,,,10.0,10.0,20.0,0.0
1765931270.3730724,btc-updown-15m-1765930500,1765930500.0,1765931400.0,,129.62692761421204,,,,,0,0,0.99,0.98,IDLE,,,,,,,,,,,,,,0,5,,,,,,,,,,,,,,,,,,,,CAP_FULL,,,,,,,,10.0,10.0,,,,,0,0,,,Inv: 10.0/10.0 CapLeft: 0.0,,,10.0,10.0,20.0,0.0
1765931272.2694995,btc-updown-15m-1765930500,1765930500.0,1765931400.0,,127.73050045967102,,,,,0,0,0.98,0.98,IDLE,,,,,,,,,,,,,,0,5,,,,,,,,,,,,,,,,,,,,CAP_FULL,,,,,,,,10.0,10.0,,,,,0,0,,,Inv: 10.0/10.0 CapLeft: 0.0,,,10.0,10.0,20.0,0.0
1765931274.1756248,btc-updown-15m-1765930500,1765930500.0,1765931400.0,,125.82437515258789,,,,,0,0,0.99,0.98,IDLE,,,,,,,,,,,,,,0,5,,,,,,,,,,,,,,,,,,,,CAP_FULL,,,,,,,,10.0,10.0,,,,,0,0,,,Inv: 10.0/10.0 CapLeft: 0.0,,,10.0,10.0,20.0,0.0
1765931276.1130624,btc-updown-15m-1765930500,1765930500.0,1765931400.0,,123.88693761825562,,,,,0,0,0.98,0.98,IDLE,,,,,,,,,,,,,,0,5,,,,,,,,,,,,,,,,,,,,CAP_FULL,,,,,,,,10.0,10.0,,,,,0,0,,,Inv: 10.0/10.0 CapLeft: 0.0,,,10.0,10.0,20.0,0.0
1765931278.0326807,btc-updown-15m-1765930500,1765930500.0,1765931400.0,,121.96731925010681,,,,,0,0,0.98,0.98,IDLE,,,,,,,,,,,,,,0,5,,,,,,,,,,,,,,,,,,,,CAP_FULL,,,,,,,,10.0,10.0,,,,,0,0,,,Inv: 10.0/10.0 CapLeft: 0.0,,,10.0,10.0,20.0,0.0
1765931279.965347,btc-updown-15m-1765930500,1765930500.0,1765931400.0,,120.03465294837952,,,,,0,0,0.99,0.98,IDLE,,,,,,,,,,,,,,0,5,,,,,,,,,,,,,,,,,,,,CAP_FULL,,,,,,,,10.0,10.0,,,,,0,0,,,Inv: 10.0/10.0 CapLeft: 0.0,,,10.0,10.0,20.0,0.0
1765931281.889222,btc-updown-15m-1765930500,1765930500.0,1765931400.0,,118.11077809333801,,,,,0,0,0.99,0.98,IDLE,,,,,,,,,,,,,,0,5,,,,,,,,,,,,,,,,,,,,CAP_FULL,,,,,,,,10.0,10.0,,,,,0,0,,,Inv: 10.0/10.0 CapLeft: 0.0,,,10.0,10.0,20.0,0.0
1765931283.8289618,btc-updown-15m-1765930500,1765930500.0,1765931400.0,,116.17103815078735,,,,,0,0,0.97,0.98,IDLE,,,,,,,,,,,,,,0,5,,,,,,,,,,,,,,,,,,,,CAP_FULL,,,,,,,,10.0,10.0,,,,,0,0,,,Inv: 10.0/10.0 CapLeft: 0.0,,,10.0,10.0,20.0,0.0
1765931285.7264123,btc-updown-15m-1765930500,1765930500.0,1765931400.0,,114.27358770370483,,,,,0,0,0.96,0.98,IDLE,,,,,,,,,,,,,,0,5,,,,,,,,,,,,,,,,,,,,CAP_FULL,,,,,,,,10.0,10.0,,,,,0,0,,,Inv: 10.0/10.0 CapLeft: 0.0,,,10.0,10.0,20.0,0.0
1765931287.6236205,btc-updown-15m-1765930500,1765930500.0,1765931400.0,,112.37637948989868,,,,,0,0,0.99,0.98,IDLE,,,,,,,,,,,,,,0,5,,,,,,,,,,,,,,,,,,,,CAP_FULL,,,,,,,,10.0,10.0,,,,,0,0,,,Inv: 10.0/10.0 CapLeft: 0.0,,,10.0,10.0,20.0,0.0
1765931289.5236063,btc-updown-15m-1765930500,1765930500.0,1765931400.0,,110.476393699646,,,,,0,0,0.99,0.98,IDLE,,,,,,,,,,,,,,0,5,,,,,,,,,,,,,,,,,,,,CAP_FULL,,,,,,,,10.0,10.0,,,,,0,0,,,Inv: 10.0/10.0 CapLeft: 0.0,,,10.0,10.0,20.0,0.0
1765931291.4232068,btc-updown-15m-1765930500,1765930500.0,1765931400.0,,108.57679319381714,,,,,0,0,0.99,0.98,IDLE,,,,,,,,,,,,,,0,5,,,,,,,,,,,,,,,,,,,,CAP_FULL,,,,,,,,10.0,10.0,,,,,0,0,,,Inv: 10.0/10.0 CapLeft: 0.0,,,10.0,10.0,20.0,0.0
1765931293.3782449,btc-updown-15m-1765930500,1765930500.0,1765931400.0,,106.62175512313843,,,,,0,0,0.99,0.98,IDLE,,,,,,,,,,,,,,0,5,,,,,,,,,,,,,,,,,,,,CAP_FULL,,,,,,,,10.0,10.0,,,,,0,0,,,Inv: 10.0/10.0 CapLeft: 0.0,,,10.0,10.0,20.0,0.0
1765931295.3125498,btc-updown-15m-1765930500,1765930500.0,1765931400.0,,104.68745017051697,,,,,0,0,0.99,0.98,IDLE,,,,,,,,,,,,,,0,5,,,,,,,,,,,,,,,,,,,,CAP_FULL,,,,,,,,10.0,10.0,,,,,0,0,,,Inv: 10.0/10.0 CapLeft: 0.0,,,10.0,10.0,20.0,0.0
1765931297.2098467,btc-updown-15m-1765930500,1765930500.0,1765931400.0,,102.79015326499939,,,,,0,0,1.0,0.98,IDLE,,,,,,,,,,,,,,0,5,,,,,,,,,,,,,,,,,,,,CAP_FULL,,,,,,,,10.0,10.0,,,,,0,0,,,Inv: 10.0/10.0 CapLeft: 0.0,,,10.0,10.0,20.0,0.0
1765931299.1582236,btc-updown-15m-1765930500,1765930500.0,1765931400.0,,100.8417763710022,,,,,0,0,0.96,0.98,IDLE,,,,,,,,,,,,,,0,5,,,,,,,,,,,,,,,,,,,,CAP_FULL,,,,,,,,10.0,10.0,,,,,0,0,,,Inv: 10.0/10.0 CapLeft: 0.0,,,10.0,10.0,20.0,0.0
1765931301.084596,btc-updown-15m-1765930500,1765930500.0,1765931400.0,,98.9154040813446,,,,,0,0,0.97,0.98,IDLE,,,,,,,,,,,,,,0,5,,,,,,,,,,,,,,,,,,,,CAP_FULL,,,,,,,,10.0,10.0,,,,,0,0,,,Inv: 10.0/10.0 CapLeft: 0.0,,,10.0,10.0,20.0,0.0
1765931302.9882197,btc-updown-15m-1765930500,1765930500.0,1765931400.0,,97.01178026199341,,,,,0,0,0.99,0.98,IDLE,,,,,,,,,,,,,,0,5,,,,,,,,,,,,,,,,,,,,CAP_FULL,,,,,,,,10.0,10.0,,,,,0,0,,,Inv: 10.0/10.0 CapLeft: 0.0,,,10.0,10.0,20.0,0.0
1765931304.8810396,btc-updown-15m-1765930500,1765930500.0,1765931400.0,,95.1189603805542,,,,,0,0,0.99,0.98,IDLE,,,,,,,,,,,,,,0,5,,,,,,,,,,,,,,,,,,,,CAP_FULL,,,,,,,,10.0,10.0,,,,,0,0,,,Inv: 10.0/10.0 CapLeft: 0.0,,,10.0,10.0,20.0,0.0
1765931306.797662,btc-updown-15m-1765930500,1765930500.0,1765931400.0,,93.20233798027039,,,,,0,0,0.98,0.98,IDLE,,,,,,,,,,,,,,0,5,,,,,,,,,,,,,,,,,,,,CAP_FULL,,,,,,,,10.0,10.0,,,,,0,0,,,Inv: 10.0/10.0 CapLeft: 0.0,,,10.0,10.0,20.0,0.0
1765931308.7273395,btc-updown-15m-1765930500,1765930500.0,1765931400.0,,91.27266049385071,,,,,0,0,0.99,0.98,IDLE,,,,,,,,,,,,,,0,5,,,,,,,,,,,,,,,,,,,,CAP_FULL,,,,,,,,10.0,10.0,,,,,0,0,,,Inv: 10.0/10.0 CapLeft: 0.0,,,10.0,10.0,20.0,0.0
1765931310.6591866,btc-updown-15m-1765930500,1765930500.0,1765931400.0,,89.3408133983612,,,,,0,0,0.99,0.98,IDLE,,,,,,,,,,,,,,0,5,,,,,,,,,,,,,,,,,,,,CAP_FULL,,,,,,,,10.0,10.0,,,,,0,0,,,Inv: 10.0/10.0 CapLeft: 0.0,,,10.0,10.0,20.0,0.0
1765931312.6017275,btc-updown-15m-1765930500,1765930500.0,1765931400.0,,87.39827251434326,,,,,0,0,0.99,0.98,IDLE,,,,,,,,,,,,,,0,5,,,,,,,,,,,,,,,,,,,,CAP_FULL,,,,,,,,10.0,10.0,,,,,0,0,,,Inv: 10.0/10.0 CapLeft: 0.0,,,10.0,10.0,20.0,0.0
1765931314.5183465,btc-updown-15m-1765930500,1765930500.0,1765931400.0,,85.48165345191956,,,,,0,0,0.99,0.98,IDLE,,,,,,,,,,,,,,0,5,,,,,,,,,,,,,,,,,,,,CAP_FULL,,,,,,,,10.0,10.0,,,,,0,0,,,Inv: 10.0/10.0 CapLeft: 0.0,,,10.0,10.0,20.0,0.0
1765931316.4654849,btc-updown-15m-1765930500,1765930500.0,1765931400.0,,83.5345151424408,,,,,0,0,0.97,0.98,IDLE,,,,,,,,,,,,,,0,5,,,,,,,,,,,,,,,,,,,,CAP_FULL,,,,,,,,10.0,10.0,,,,,0,0,,,Inv: 10.0/10.0 CapLeft: 0.0,,,10.0,10.0,20.0,0.0
1765931318.396709,btc-updown-15m-1765930500,1765930500.0,1765931400.0,,81.60329103469849,,,,,0,0,0.97,0.98,IDLE,,,,,,,,,,,,,,0,5,,,,,,,,,,,,,,,,,,,,CAP_FULL,,,,,,,,10.0,10.0,,,,,0,0,,,Inv: 10.0/10.0 CapLeft: 0.0,,,10.0,10.0,20.0,0.0
1765931320.3364966,btc-updown-15m-1765930500,1765930500.0,1765931400.0,,79.663503408432,,,,,0,0,0.99,0.98,IDLE,,,,,,,,,,,,,,0,5,,,,,,,,,,,,,,,,,,,,CAP_FULL,,,,,,,,10.0,10.0,,,,,0,0,,,Inv: 10.0/10.0 CapLeft: 0.0,,,10.0,10.0,20.0,0.0
1765931322.2514849,btc-updown-15m-1765930500,1765930500.0,1765931400.0,,77.74851512908936,,,,,0,0,0.99,0.98,IDLE,,,,,,,,,,,,,,0,5,,,,,,,,,,,,,,,,,,,,CAP_FULL,,,,,,,,10.0,10.0,,,,,0,0,,,Inv: 10.0/10.0 CapLeft: 0.0,,,10.0,10.0,20.0,0.0
1765931324.1841083,btc-updown-15m-1765930500,1765930500.0,1765931400.0,,75.8158917427063,,,,,0,0,1.0,0.98,IDLE,,,,,,,,,,,,,,0,5,,,,,,,,,,,,,,,,,,,,CAP_FULL,,,,,,,,10.0,10.0,,,,,0,0,,,Inv: 10.0/10.0 CapLeft: 0.0,,,10.0,10.0,20.0,0.0
1765931326.0894048,btc-updown-15m-1765930500,1765930500.0,1765931400.0,,73.91059517860413,,,,,0,0,0.99,0.98,IDLE,,,,,,,,,,,,,,0,5,,,,,,,,,,,,,,,,,,,,CAP_FULL,,,,,,,,10.0,10.0,,,,,0,0,,,Inv: 10.0/10.0 CapLeft: 0.0,,,10.0,10.0,20.0,0.0
1765931327.9866042,btc-updown-15m-1765930500,1765930500.0,1765931400.0,,72.0133957862854,,,,,0,0,0.99,0.98,IDLE,,,,,,,,,,,,,,0,5,,,,,,,,,,,,,,,,,,,,CAP_FULL,,,,,,,,10.0,10.0,,,,,0,0,,,Inv: 10.0/10.0 CapLeft: 0.0,,,10.0,10.0,20.0,0.0
1765931329.924949,btc-updown-15m-1765930500,1765930500.0,1765931400.0,,70.07505106925964,,,,,0,0,0.99,0.98,IDLE,,,,,,,,,,,,,,0,5,,,,,,,,,,,,,,,,,,,,CAP_FULL,,,,,,,,10.0,10.0,,,,,0,0,,,Inv: 10.0/10.0 CapLeft: 0.0,,,10.0,10.0,20.0,0.0
1765931331.8738394,btc-updown-15m-1765930500,1765930500.0,1765931400.0,,68.12616062164307,,,,,0,0,0.99,0.98,IDLE,,,,,,,,,,,,,,0,5,,,,,,,,,,,,,,,,,,,,CAP_FULL,,,,,,,,10.0,10.0,,,,,0,0,,,Inv: 10.0/10.0 CapLeft: 0.0,,,10.0,10.0,20.0,0.0
1765931333.7760847,btc-updown-15m-1765930500,1765930500.0,1765931400.0,,66.22391533851624,,,,,0,0,0.99,0.98,IDLE,,,,,,,,,,,,,,0,5,,,,,,,,,,,,,,,,,,,,CAP_FULL,,,,,,,,10.0,10.0,,,,,0,0,,,Inv: 10.0/10.0 CapLeft: 0.0,,,10.0,10.0,20.0,0.0
1765931335.6861303,btc-updown-15m-1765930500,1765930500.0,1765931400.0,,64.31386971473694,,,,,0,0,0.99,0.98,IDLE,,,,,,,,,,,,,,0,5,,,,,,,,,,,,,,,,,,,,CAP_FULL,,,,,,,,10.0,10.0,,,,,0,0,,,Inv: 10.0/10.0 CapLeft: 0.0,,,10.0,10.0,20.0,0.0
1765931337.5990844,btc-updown-15m-1765930500,1765930500.0,1765931400.0,,62.40091562271118,,,,,0,0,0.98,0.98,IDLE,,,,,,,,,,,,,,0,5,,,,,,,,,,,,,,,,,,,,CAP_FULL,,,,,,,,10.0,10.0,,,,,0,0,,,Inv: 10.0/10.0 CapLeft: 0.0,,,10.0,10.0,20.0,0.0
1765931339.5039988,btc-updown-15m-1765930500,1765930500.0,1765931400.0,,60.49600124359131,,,,,0,0,0.99,0.98,IDLE,,,,,,,,,,,,,,0,5,,,,,,,,,,,,,,,,,,,,CAP_FULL,,,,,,,,10.0,10.0,,,,,0,0,,,Inv: 10.0/10.0 CapLeft: 0.0,,,10.0,10.0,20.0,0.0
1765931341.4149632,btc-updown-15m-1765930500,1765930500.0,1765931400.0,,58.585036754608154,,,,,0,0,1.01,0.98,IDLE,,,,,,,,,,,,,,0,5,,,,,,,,,,,,,,,,,,,,CAP_FULL,,,,,,,,10.0,10.0,,,,,0,0,,,Inv: 10.0/10.0 CapLeft: 0.0,,,10.0,10.0,20.0,0.0
1765931343.3416436,btc-updown-15m-1765930500,1765930500.0,1765931400.0,,56.65835642814636,,,,,0,0,1.0,0.98,IDLE,,,,,,,,,,,,,,0,5,,,,,,,,,,,,,,,,,,,,CAP_FULL,,,,,,,,10.0,10.0,,,,,0,0,,,Inv: 10.0/10.0 CapLeft: 0.0,,,10.0,10.0,20.0,0.0
1765931345.2422287,btc-updown-15m-1765930500,1765930500.0,1765931400.0,,54.757771253585815,,,,,0,0,0.99,0.98,IDLE,,,,,,,,,,,,,,0,5,,,,,,,,,,,,,,,,,,,,CAP_FULL,,,,,,,,10.0,10.0,,,,,0,0,,,Inv: 10.0/10.0 CapLeft: 0.0,,,10.0,10.0,20.0,0.0
1765931347.1391034,btc-updown-15m-1765930500,1765930500.0,1765931400.0,,52.860896587371826,,,,,0,0,0.98,0.98,IDLE,,,,,,,,,,,,,,0,5,,,,,,,,,,,,,,,,,,,,CAP_FULL,,,,,,,,10.0,10.0,,,,,0,0,,,Inv: 10.0/10.0 CapLeft: 0.0,,,10.0,10.0,20.0,0.0
1765931349.115741,btc-updown-15m-1765930500,1765930500.0,1765931400.0,,50.88425898551941,,,,,0,0,0.99,0.98,IDLE,,,,,,,,,,,,,,0,5,,,,,,,,,,,,,,,,,,,,CAP_FULL,,,,,,,,10.0,10.0,,,,,0,0,,,Inv: 10.0/10.0 CapLeft: 0.0,,,10.0,10.0,20.0,0.0
1765931351.023042,btc-updown-15m-1765930500,1765930500.0,1765931400.0,,48.97695803642273,,,,,0,0,0.9600000000000001,0.98,IDLE,,,,,,,,,,,,,,0,5,,,,,,,,,,,,,,,,,,,,CAP_FULL,,,,,,,,10.0,10.0,,,,,0,0,,,Inv: 10.0/10.0 CapLeft: 0.0,,,10.0,10.0,20.0,0.0
1765931352.9767172,btc-updown-15m-1765930500,1765930500.0,1765931400.0,,47.02328276634216,,,,,0,0,0.95,0.98,IDLE,,,,,,,,,,,,,,0,5,,,,,,,,,,,,,,,,,,,,CAP_FULL,,,,,,,,10.0,10.0,,,,,0,0,,,Inv: 10.0/10.0 CapLeft: 0.0,,,10.0,10.0,20.0,0.0
1765931354.8855734,btc-updown-15m-1765930500,1765930500.0,1765931400.0,,45.114426612854004,,,,,0,0,0.98,0.98,IDLE,,,,,,,,,,,,,,0,5,,,,,,,,,,,,,,,,,,,,CAP_FULL,,,,,,,,10.0,10.0,,,,,0,0,,,Inv: 10.0/10.0 CapLeft: 0.0,,,10.0,10.0,20.0,0.0
1765931356.837851,btc-updown-15m-1765930500,1765930500.0,1765931400.0,,43.16214895248413,,,,,0,0,0.97,0.98,IDLE,,,,,,,,,,,,,,0,5,,,,,,,,,,,,,,,,,,,,CAP_FULL,,,,,,,,10.0,10.0,,,,,0,0,,,Inv: 10.0/10.0 CapLeft: 0.0,,,10.0,10.0,20.0,0.0
1765931358.815841,btc-updown-15m-1765930500,1765930500.0,1765931400.0,,41.18415904045105,,,,,0,0,0.98,0.98,IDLE,,,,,,,,,,,,,,0,5,,,,,,,,,,,,,,,,,,,,CAP_FULL,,,,,,,,10.0,10.0,,,,,0,0,,,Inv: 10.0/10.0 CapLeft: 0.0,,,10.0,10.0,20.0,0.0
1765931360.728169,btc-updown-15m-1765930500,1765930500.0,1765931400.0,,39.271831035614014,,,,,0,0,0.98,0.98,IDLE,,,,,,,,,,,,,,0,5,,,,,,,,,,,,,,,,,,,,CAP_FULL,,,,,,,,10.0,10.0,,,,,0,0,,,Inv: 10.0/10.0 CapLeft: 0.0,,,10.0,10.0,20.0,0.0
1765931362.7154458,btc-updown-15m-1765930500,1765930500.0,1765931400.0,,37.28455424308777,,,,,0,0,1.01,0.98,IDLE,,,,,,,,,,,,,,0,5,,,,,,,,,,,,,,,,,,,,CAP_FULL,,,,,,,,10.0,10.0,,,,,0,0,,,Inv: 10.0/10.0 CapLeft: 0.0,,,10.0,10.0,20.0,0.0
1765931364.6868303,btc-updown-15m-1765930500,1765930500.0,1765931400.0,,35.313169717788696,,,,,0,0,0.99,0.98,IDLE,,,,,,,,,,,,,,0,5,,,,,,,,,,,,,,,,,,,,CAP_FULL,,,,,,,,10.0,10.0,,,,,0,0,,,Inv: 10.0/10.0 CapLeft: 0.0,,,10.0,10.0,20.0,0.0
1765931366.6297305,btc-updown-15m-1765930500,1765930500.0,1765931400.0,,33.370269536972046,,,,,0,0,0.98,0.98,IDLE,,,,,,,,,,,,,,0,5,,,,,,,,,,,,,,,,,,,,CAP_FULL,,,,,,,,10.0,10.0,,,,,0,0,,,Inv: 10.0/10.0 CapLeft: 0.0,,,10.0,10.0,20.0,0.0
1765931368.546213,btc-updown-15m-1765930500,1765930500.0,1765931400.0,,31.453787088394165,,,,,0,0,1.0,0.98,IDLE,,,,,,,,,,,,,,0,5,,,,,,,,,,,,,,,,,,,,CAP_FULL,,,,,,,,10.0,10.0,,,,,0,0,,,Inv: 10.0/10.0 CapLeft: 0.0,,,10.0,10.0,20.0,0.0
1765931370.4826066,btc-updown-15m-1765930500,1765930500.0,1765931400.0,,29.517393350601196,,,,,0,0,0.98,0.98,IDLE,,,,,,,,,,,,,,0,5,,,,,,,,,,,,,,,,,,,,CAP_FULL,,,,,,,,10.0,10.0,,,,,0,0,,,Inv: 10.0/10.0 CapLeft: 0.0,,,10.0,10.0,20.0,0.0
1765931372.4006956,btc-updown-15m-1765930500,1765930500.0,1765931400.0,,27.59930443763733,,,,,0,0,0.99,0.98,IDLE,,,,,,,,,,,,,,0,5,,,,,,,,,,,,,,,,,,,,CAP_FULL,,,,,,,,10.0,10.0,,,,,0,0,,,Inv: 10.0/10.0 CapLeft: 0.0,,,10.0,10.0,20.0,0.0
1765931374.3056142,btc-updown-15m-1765930500,1765930500.0,1765931400.0,,25.694385766983032,,,,,0,0,0.99,0.98,IDLE,,,,,,,,,,,,,,0,5,,,,,,,,,,,,,,,,,,,,CAP_FULL,,,,,,,,10.0,10.0,,,,,0,0,,,Inv: 10.0/10.0 CapLeft: 0.0,,,10.0,10.0,20.0,0.0
1765931376.2976618,btc-updown-15m-1765930500,1765930500.0,1765931400.0,,23.702338218688965,,,,,0,0,1.01,0.98,IDLE,,,,,,,,,,,,,,0,5,,,,,,,,,,,,,,,,,,,,CAP_FULL,,,,,,,,10.0,10.0,,,,,0,0,,,Inv: 10.0/10.0 CapLeft: 0.0,,,10.0,10.0,20.0,0.0
1765931378.2288313,btc-updown-15m-1765930500,1765930500.0,1765931400.0,,21.77116870880127,,,,,0,0,0.99,0.98,IDLE,,,,,,,,,,,,,,0,5,,,,,,,,,,,,,,,,,,,,CAP_FULL,,,,,,,,10.0,10.0,,,,,0,0,,,Inv: 10.0/10.0 CapLeft: 0.0,,,10.0,10.0,20.0,0.0
1765931380.1410296,btc-updown-15m-1765930500,1765930500.0,1765931400.0,,19.858970403671265,,,,,0,0,0.99,0.98,IDLE,,,,,,,,,,,,,,0,5,,,,,,,,,,,,,,,,,,,,CAP_FULL,,,,,,,,10.0,10.0,,,,,0,0,,,Inv: 10.0/10.0 CapLeft: 0.0,,,10.0,10.0,20.0,0.0
1765931382.0506196,btc-updown-15m-1765930500,1765930500.0,1765931400.0,,17.94938039779663,,,,,0,0,0.98,0.98,IDLE,,,,,,,,,,,,,,0,5,,,,,,,,,,,,,,,,,,,,CAP_FULL,,,,,,,,10.0,10.0,,,,,0,0,,,Inv: 10.0/10.0 CapLeft: 0.0,,,10.0,10.0,20.0,0.0
1765931383.9503345,btc-updown-15m-1765930500,1765930500.0,1765931400.0,,16.049665451049805,,,,,0,0,0.9700000000000001,0.98,IDLE,,,,,,,,,,,,,,0,5,,,,,,,,,,,,,,,,,,,,CAP_FULL,,,,,,,,10.0,10.0,,,,,0,0,,,Inv: 10.0/10.0 CapLeft: 0.0,,,10.0,10.0,20.0,0.0
1765931385.9038076,btc-updown-15m-1765930500,1765930500.0,1765931400.0,,14.096192359924316,,,,,0,0,0.99,0.98,IDLE,,,,,,,,,,,,,,0,5,,,,,,,,,,,,,,,,,,,,CAP_FULL,,,,,,,,10.0,10.0,,,,,0,0,,,Inv: 10.0/10.0 CapLeft: 0.0,,,10.0,10.0,20.0,0.0
1765931387.8014731,btc-updown-15m-1765930500,1765930500.0,1765931400.0,,12.198526859283447,,,,,0,0,0.99,0.98,IDLE,,,,,,,,,,,,,,0,5,,,,,,,,,,,,,,,,,,,,CAP_FULL,,,,,,,,10.0,10.0,,,,,0,0,,,Inv: 10.0/10.0 CapLeft: 0.0,,,10.0,10.0,20.0,0.0
1765931389.7384157,btc-updown-15m-1765930500,1765930500.0,1765931400.0,,10.261584281921387,,,,,0,0,0.99,0.98,IDLE,,,,,,,,,,,,,,0,5,,,,,,,,,,,,,,,,,,,,CAP_FULL,,,,,,,,10.0,10.0,,,,,0,0,,,Inv: 10.0/10.0 CapLeft: 0.0,,,10.0,10.0,20.0,0.0
1765931391.6883972,btc-updown-15m-1765930500,1765930500.0,1765931400.0,,8.31160283088684,,,,,0,0,0.99,0.98,IDLE,,,,,,,,,,,,,,0,5,,,,,,,,,,,,,,,,,,,,CAP_FULL,,,,,,,,10.0,10.0,,,,,0,0,,,Inv: 10.0/10.0 CapLeft: 0.0,,,10.0,10.0,20.0,0.0
1765931393.6405847,btc-updown-15m-1765930500,1765930500.0,1765931400.0,,6.359415292739868,,,,,0,0,0.99,0.98,IDLE,,,,,,,,,,,,,,0,5,,,,,,,,,,,,,,,,,,,,CAP_FULL,,,,,,,,10.0,10.0,,,,,0,0,,,Inv: 10.0/10.0 CapLeft: 0.0,,,10.0,10.0,20.0,0.0
1765931395.5702233,btc-updown-15m-1765930500,1765930500.0,1765931400.0,,4.429776668548584,,,,,0,0,0.99,0.98,IDLE,,,,,,,,,,,,,,0,5,,,,,,,,,,,,,,,,,,,,CAP_FULL,,,,,,,,10.0,10.0,,,,,0,0,,,Inv: 10.0/10.0 CapLeft: 0.0,,,10.0,10.0,20.0,0.0
1765931397.4774566,btc-updown-15m-1765930500,1765930500.0,1765931400.0,,2.522543430328369,,,,,0,0,0.99,0.98,IDLE,,,,,,,,,,,,,,0,5,,,,,,,,,,,,,,,,,,,,CAP_FULL,,,,,,,,10.0,10.0,,,,,0,0,,,Inv: 10.0/10.0 CapLeft: 0.0,,,10.0,10.0,20.0,0.0
1765931399.4076025,btc-updown-15m-1765930500,1765930500.0,1765931400.0,,0.5923974514007568,,,,,0,0,0.99,0.98,IDLE,,,,,,,,,,,,,,0,5,,,,,,,,,,,,,,,,,,,,CAP_FULL,,,,,,,,10.0,10.0,,,,,0,0,,,Inv: 10.0/10.0 CapLeft: 0.0,,,10.0,10.0,20.0,0.0
